# Tiempo de Origen: 2020-06-03T07:35:22.000000Z
# Tasa de muestreo: 200.0 muestras/seg
# Numero total de muestras: 32200
# Estacion: A09F Componente: HNN
# Latitud: -23.826 Longitud: -67.442
# Unidades: m/seg/seg
 0.00022688541387744232
 0.0003178899481113273
-0.00032148244031959816
-0.0004638251657230197
 0.0014286202129111802
 0.0005792352908065568
-0.001061196841468548
-4.134652336007516e-06
-0.0009958614028193757
 0.00021987692286651317
 0.00029688062152222194
-0.0008045193409906282
 0.0007332382029947571
 0.00019887208140062507
-0.0003214932046152197
-0.0006481802651321922
 0.0010902559221413477
-0.00011381683461192393
-0.0013038887557870193
 0.0006398930199673636
 0.0012745966691563027
 0.0013072643884808888
-0.0012432220563798335
-0.000370504202360844
 0.0003505379328939129
-0.0010402126315692817
 0.00025719723498968117
 0.0001801917422847299
-0.00014182837303938767
 0.00028519621507222537
-0.0003961786800933953
-0.0005595226588641644
-0.00012083070777063609
-0.0013015687385601882
 0.0009525648925118313
 0.0010669041527095469
-0.000230507507898714
 0.0016759387063136622
-0.001086893744817019
 0.00047186505253571376
 0.001097234811339165
-0.0007672106901877584
 0.0005558673749312404
-0.0011615693530241944
 6.350286304723785e-05
 0.0005978671905921273
-0.001061232722454064
-0.0007625491271428531
-0.0007368818256073828
-0.0006248760380061502
 0.0006912016093238438
 0.0011812299575376106
-0.00013484948384157036
 0.0014309097313002783
 5.882694760811491e-05
-0.0013202562538731644
 0.002165950908083969
-0.0011989174729110652
-0.0011942514247429425
 0.001864930252077901
-0.00010685498888224343
 9.615622997760642e-05
-0.0016749503676943833
-0.00026553381650956664
 0.0008848672764779075
-0.0013459334226796904
-0.000155863295553893
-0.0001371964118075386
 0.00010081689599789057
 0.0003738322927489546
 0.0007891895178787633
 0.0006771819362281772
-0.0006318970873618879
 0.00038549606763221833
 0.0010225331894175294
 0.0003154900956918172
 0.00032482308905268376
 0.00021281550740204214
-0.001252606180145055
-0.0007369096333711411
-0.00017221016207347173
-0.0007299110096313233
-0.00038455796239267315
-0.0006132391738619125
 0.000180140611880375
 0.0005511618576791166
 0.00022914174235499907
 0.0002921446054323651
 0.00021980605792015773
 0.00024313988685931154
-0.0002795588717529607
 0.0005791581466877416
 0.001484544617055994
 0.00017546559346592883
-0.00020022439157485472
-0.0012502879569675218
-0.0006599202871096499
 0.0006491569424311172
-0.0007672618205921133
-3.688579495186861e-05
 1.6783177740065103e-05
-0.0005735862861670493
 7.045125340737757e-05
 0.0006211498891268707
-0.001278297701345743
 0.00018712219215211157
 0.002102902296750031
-0.0013086355361724422
 0.0012605168954099577
 0.0010131679031697427
-0.0007952742560442538
 0.0005791402061949835
-0.001329641274663007
 0.00030145517317731185
 4.2438817955292585e-05
-0.0010379598911902654
 0.0005441336321262424
-5.323624956993234e-05
-0.0001582434134314581
-0.0006786086994473028
-0.0006716091786828082
 0.0009641542143503101
 0.0006234663182551059
-0.00021425124086754677
 0.0011088268242515076
 0.00016376952569563397
-0.00017225142520677084
 0.0001310991152971841
-0.0014906652362070005
 0.0005744571145587796
-0.0002002566844617748
 2.754534398075048e-06
 0.0010084803264103215
-0.0013553283107405334
 0.00019643006882313907
 4.475345303422973e-05
-0.0002539319363262238
 0.00016842570659275635
 0.0001217553576406405
 0.00010542015244136005
-0.00014892925758797082
 0.001384161341204726
 0.0001520869132949354
-0.0005969586871655275
-0.0004056148312875374
-0.0001536006879038765
 9.607998288341246e-05
-0.0003986171045723408
 0.0010738032067146297
-0.00035894986448331556
-0.0005992984389343592
 0.0002314169083499351
 2.373695024798783e-05
 0.0005114318258654382
-0.0014860216136547977
 0.001353813639106971
 0.0013608131598714102
-0.0019807204951599044
 0.0003480842589961286
-1.9375274845634394e-06
 0.00030841343080845185
-6.961002682864814e-05
-0.0010053334349989784
 0.0007961065123766042
-0.0007043172641161277
-0.00022128933369142123
 0.00017306663807098444
 6.80594742095697e-05
 0.00016373095363625412
-0.000858330940599894
 0.001554478827025474
 0.0003084035635374516
-0.0007766620908007393
-0.00044064293394768805
-8.362252372717816e-05
 0.0020328362241588405
-0.0005083163303163385
-8.595868739746937e-05
 0.0005440780165987258
-0.001586383360914767
 0.00042506912013440257
 0.0006094125582232768
-0.0007486693898906549
-0.0010870238133894872
-0.0003263126439963515
 0.0009034265172677691
-0.0002329755341906603
 0.00043206325875105867
 0.0004483966699010411
-0.0010333593258206597
 0.0010317630249450649
 0.0008194161216504847
-0.0004733285937649767
 0.0005650658145965326
 0.0007494092526853513
 0.0004390565003430935
-0.0014137216382019702
-0.0002446527644436314
 0.0003060458712758618
-0.0018547506499904665
 0.0002593746252991802
 0.00041104944703879154
-0.00025865808514502486
-0.00011165020859810193
-0.00026099335179069483
 0.0008474052344620286
-6.646632835227706e-06
-0.00106837756120981
 0.0013957686035358519
 0.001171754337259412
-0.00047334474020843675
 0.0010667462763733204
-0.0010543812107546846
 0.00012635502598556947
-6.265715134534666e-05
-0.0007767006628601747
 0.0015847727076450102
-0.0017194253858442976
-0.0004266824644781342
 0.0005977111083051989
-0.0009447151749222282
-0.00035901445025721124
-0.0001396689232227022
 0.0008590564510004284
-0.00025634434709065346
 0.0006793772670304343
 0.0017271055657774315
-0.00024934662037545685
-0.00024234709961101775
-0.0005853684683024829
 0.0006490376381543816
 0.00028734848869188534
-0.001794109964297852
 0.00040868726965404
-0.00030535624186084354
-0.0008700575072078665
 0.0003806829074236018
-0.000293691569952903
-0.00019101967273715825
-1.134317984102795e-05
-9.301561773872313e-05
 0.0010177164411103723
 0.0009617122017727686
-5.568274727069111e-05
 0.0007376970384716519
-0.00029836569134278346
 0.00038534088236996666
 0.000954707298860491
-0.0010777482296053797
 0.0005580151634276831
 1.1981678851691324e-05
-0.0014044370841715392
-0.0002680368267624078
-0.0012667639950348364
-0.0012574310016739698
 1.6644138921273477e-05
 7.731352940232306e-05
 0.0002289883511419899
 0.0013163856840273103
 0.0009780312605285335
-2.069590774389507e-05
-3.003069515400414e-05
-0.00027737968739427465
 0.0011343703363869695
 0.0012137075076390502
-2.7700810656172692e-05
 9.633853861101827e-06
-0.0007487456369848489
-0.000599404287841554
-0.0005200671165895843
-0.00107076754635832
 7.496660143641032e-05
-0.000496735081699673
-0.00045239999939328257
 0.0008683445931294553
-0.00014671688331763244
 0.0007213340255086131
 0.0005649904645269599
-0.0003800668340288582
 0.00013562971274505564
 0.0004319798354597837
 0.0018623976400120035
 0.00025230065148978964
-0.0014768034394475604
-0.00034740359982748936
-0.0005597505031220695
-0.00043607735253897717
 0.0004319735562873239
-0.00017006327060165027
-0.0006320917417081962
-9.055455501172371e-06
 0.0002662934138462636
-0.00024473798178414885
-0.0006297618572104202
 0.00024062252421225283
 0.00044596721566847464
 0.00014261488111533271
 0.0009686632832068276
 0.0008823239001163885
 0.00013094482705955368
-0.00055276354070255
-0.0011524668949950967
-0.0003334189106927177
-5.5736568748909754e-05
-0.0007627796624746774
 0.0008006460800708548
 0.00015660674644718542
-0.0007907840247051157
 0.001136663442874719
-0.00020275072446823694
-0.0004010967921845854
-0.00011874750504808906
 0.0006116285205921557
 0.0016780246001101284
-9.308199756191682e-05
 0.00025927146746584917
-0.00018175575027334911
-0.0005061093381938941
-0.0009798051722823553
 2.5858937662270876e-06
 0.0006209552347805625
-0.0010731467672112083
 0.00037127187291929875
-0.0005667850078474035
 0.00015659060000366987
 0.0011739837549978316
-0.00011642748782125789
-0.0005574547055604562
-0.00032644181554414287
 0.000658282723100756
 0.0004669370731735234
 0.0006769487098224336
-0.0015001821196184983
 9.124529408349735e-05
 0.0003875954167982809
-0.0015468542626199122
 0.0008309534160599319
-0.00036845239550059583
 0.0008892884369199883
-5.343538903945788e-05
-0.0006764734692957797
 0.0017643379694860517
-0.0012201743783000762
 0.0003222501108781084
 0.0007072721922550818
-0.000702146152979144
 0.001141296301131245
 7.956537275671804e-05
-0.00100083333638884
-0.0009985007608170893
 0.00017523505813410445
-0.0005738105423263584
-0.0002751269470152584
-9.111968053310271e-06
-0.00018879025499868307
 0.001040948906265382
-0.0012271873544341116
 0.0014259700906177897
 5.622077952199822e-05
-0.0006788239853602884
 0.002142343486630449
-0.0008771709501012581
 0.0019533304122749118
-0.0004104782248758876
-0.0013088660715042666
 0.000889264217254826
-0.0015912180497147377
-0.00029380818315577484
-0.0002634739364275607
 0.001246281936401361
-0.0004034840862592315
-0.001278537206923891
 0.00026155380965786623
-0.0003591507980020836
 0.0001542122761754583
-0.0006741713925617066
 0.0012789442735781087
 0.00101526097316329
-9.313940713867597e-05
 0.000882251241120735
 0.00035255206471934697
-7.680779003799154e-05
-0.0010311989789792975
-0.0005761727197111655
-0.0001701493849668445
 0.0005042232983604733
-0.0001818185419980023
-0.0011898796006559187
 0.000765569538080324
-0.0003451643148180139
-0.0009215329431468966
 0.0004808831902488597
 0.0006022228682356912
 0.001064249545292939
-0.0003335014369593714
 0.000492546965132179
 0.0010852481075863674
-0.0009798760372287108
-9.315734763143402e-05
 0.000308199041920143
-0.00044551350373311926
-0.00015616379880745157
 8.184950899803312e-05
-0.00026583880488628697
-0.000354511660573098
-0.001021885720160487
-0.0002098381536471683
 0.00038986340659608043
-0.00033818094049703484
 0.0011622410419464546
 0.00010984400395736005
 0.00012151046991459857
 0.0005672028387972983
-0.0006438703357450892
 0.0007702131606325269
-9.317259705027281e-05
-0.0002798513017847615
 0.00047152597722277534
-0.0002845200410268034
-0.00017951467121463116
-0.0006275423067429453
-0.00011417923256545892
-0.0001655165267103187
-0.0005318726213655589
 0.00038518121198449773
 0.0007468685673977515
 0.000422514979477262
-0.00042220299743461753
 4.915757000822918e-05
 4.820693652485275e-06
-0.0003055320586897725
 9.815780345812097e-05
 8.182259825889604e-05
 0.0008728689114048671
-6.052102416920224e-05
-0.00041520975584252717
 0.0004901767145256697
-0.0008725721787809504
-0.0009495776714859572
-0.0007138978362769
 0.0005881789754748623
 0.001031537871761079
-0.0008702431913077957
 0.0012788841729274303
-0.00016553626125231924
-0.00123193413481959
 0.0011038710371255034
 7.247525250386744e-05
 0.0014608905503213365
 0.0004224943479105847
-0.0003032165265861586
 0.0008098490048592533
-0.0019553169188678
-0.0005879028744176229
 0.0007025065743522241
-0.00118527365313853
-0.0006089068188589453
 0.00029881312410567906
 0.0013185397516961572
-0.000270555983458709
-0.0012646162065383937
 0.0013465387317788124
 6.079443415241137e-05
-0.00013521816096756512
 0.0013045335339701425
-0.0007839253368086552
-0.00015622210540888748
 0.00048548196156916745
-0.0003475686523607413
 0.00041314251703233884
-0.001171286272929839
 5.1452470545221285e-05
 0.0011271824404486264
-0.001999671735716302
 0.00047614179201121987
 0.0006464843945218623
-0.0008959418887056203
 0.0009661683461757442
-0.0009029441005439787
 0.000403799656400472
 0.0005461405877545955
-8.856485548358606e-05
 0.0011575086139551383
-0.0009986209621185016
 0.0014608582574344164
 1.877129585103887e-05
-0.002424375409576518
 0.00039445858981784765
 4.677027593363858e-05
 0.0005601333501110695
-0.001224974083139152
-0.0009752934123518631
 0.001640528471158087
-6.0573948622799634e-05
 4.909836638217202e-05
 0.0005041246256503595
 0.00028011035937380857
 0.0005064563041974335
 0.00046911984563080544
-7.691363894518632e-05
-0.001180647074054464
-0.0001515865560784424
 7.942633393792642e-05
-0.0003172649044702047
 0.00012842746441243946
-0.0008469649778962141
-0.00020059396572547072
 0.0010384790859241377
-0.00020526270496745713
-0.0008936380179222492
 0.0009078019294533335
 0.000788793930013687
 0.0005134432666170086
 0.00024975996620213436
-0.0008936425030454664
 0.0004294355620736434
-0.0004222828326272965
 3.974384443000689e-05
 0.0014164917792656717
-0.001189998007908033
-0.0014513478357265353
 0.0021118639219109836
-0.0003126150027455421
-0.0016683634782631018
 0.0012111408086369346
-0.0016963669434688633
 0.00095912397417941
 0.00036875451027224004
-0.0008516525546556353
 0.0020675207663828354
-0.0005506363837727291
 0.0014304809535236052
-0.001885384502947618
-7.694413778286391e-05
 0.002450205787064841
-0.0027324377465050564
 0.0004504179779236117
-7.461425328508797e-05
 0.001523813578206079
-0.001344025139761451
-0.0030894635388733493
 0.002870224575239555
-0.0009053349827171653
-0.0007396593253992667
-0.00024029708680006756
 0.0010104433278314562
 0.0019951678664764105
-0.001038347405833584
 0.0005810816790248197
 8.638459156906642e-05
-0.0005879898858074384
-0.0004083133929113636
 0.0014607972597590613
 2.104377077205566e-05
-0.0018970716004714783
-0.00017263624877622563
 0.0003127251542448528
 0.0017548103217789324
-0.0023684366530374867
-0.0007933435475100947
 0.0016124658023262683
-0.0006463365679878486
 0.0018481447405106488
 0.00034305401882522846
 0.0003173849232405157
-0.0017220710230145264
-6.530637661406047e-05
 0.0032785589569643836
-0.0011597068183624715
-0.0018737503298772995
-0.0009776977498945905
 0.0017267960922775494
-0.0002053201145442718
-0.0014187267616830312
-0.00010964953214220863
-0.0022891138341796236
 0.0011830924921993335
 0.001201759375945688
 0.0005203844807800673
 0.001120086041023316
-0.00015632436621754175
 0.0013114289998766848
 0.0003967068450736466
 0.0006743891870174545
-0.0011340529721964865
-0.002377794763088137
 0.001519103575830738
-8.399299490241541e-05
-0.0017407594353521239
-0.00032200899378176384
-0.0009030445673033904
 0.0003523627925208772
 0.0006533798604283492
 0.00018435097153268742
 0.0007467169702340404
-6.0665445135776874e-05
 0.0014514239002895168
 0.00019134780122326278
-0.0004200229160511437
 0.0002823514384325265
-0.00019134439565587913
 0.0012787424430347194
-0.0010944000845016233
-0.0004153604559816171
 3.266538549739906e-05
-0.0009193923308475349
-0.0016661044587116813
-0.0015050957465865267
 0.0033858619183874117
-0.0007817210357600191
-0.0022751443944636907
 0.002632147578684907
 0.0011177229666139432
-0.00097073590416491
-0.0006930535622210465
 0.0020534427866857885
 0.0010570490910096764
-0.00015869102872551055
 0.000609020558456741
-8.402169969079498e-05
-0.0011317517924870901
-0.002473499432426418
-0.00032203859559476467
 0.0001656562800225747
-0.0005577211218777967
 0.0001399862874132407
 0.0010733744289379565
 0.0007886898751557347
-0.0003010427243752556
 2.5642542092363385e-05
-0.0003337131347738165
 0.0008353557389846333
 0.0007256816299304747
 0.0021794341604464695
 0.0013743852176729687
-0.0033275629610439728
-0.0012064372679652102
-2.8034503821328105e-05
-0.0003430542013563853
-0.001024429096522006
-0.0005904040906211661
 0.0011410316788632024
-0.000618407555826983
 0.0012180344804942345
-0.00021005164551091138
-0.000998766280109753
 0.0007000008730254637
 3.26268134379637e-05
 0.002069747493047336
 0.0005693237165546039
 0.0006346600522284529
 0.00019129936189282715
-0.0015984750165501382
 0.0005483188750887158
-0.000982440045156907
-0.001864493583610627
 0.0009986763951148614
 0.0007699951836456775
-0.0011107846260559606
-0.0005927546066856748
 0.0004246385483084869
 0.0002706284599231501
 1.3945577297447276e-05
 0.0005809785211915441
 0.0008003240482260532
 0.0005063056040583436
 0.0005623080493466492
 0.0001236143042038229
-0.0016334914578899906
-0.0008051095832020683
 0.0012716801305456271
-0.00016573988584506205
-0.0005087612545365272
 0.0007256448519203373
-0.0005764337538806119
-0.0012414743408716844
-0.000518098733020611
 6.993546424088892e-05
 0.0007349742571826079
-5.840732260897763e-05
 0.00012126917028715267
 0.00029161177279779515
 0.0010313216888234722
 0.0015983546327176246
-0.000779454840011462
-0.0007351197577050717
 0.000571623999239379
-0.00023342494353401078
-0.00018675638863119293
-0.00025676146354708385
-0.000702455626479026
 0.00047361366506853964
-0.0012624908436579263
-0.00032910270213321047
 0.0007629615759449093
-0.0018738633549815753
 0.0017033492382341198
 0.0023590541407904064
-0.00013542896175733343
 0.0002915956263542796
-0.0001540985365776626
-0.0012064955745666461
-0.0013721730259338427
 0.001385990685954852
 0.0011409751663110645
-0.0008914803621548062
-0.0003057796374897337
 0.00038259388141576034
-0.0005647968897364297
-0.0015355223868524503
-0.00021011084913696854
 0.001262309462150002
 0.0009519567098076887
-0.0009708256066286447
 0.0005645984647604241
 0.0005785984033140346
-0.0013651851664896464
 0.0005972643900357677
-0.0004527991753568994
-0.00010977960071462123
 0.0024290376871149433
 0.0002005704605537173
-0.0003734646951787379
-0.0009941693028387433
-0.0016475425268479005
 0.0008819408705962317
-0.001255520924706488
-0.00017979095480297191
 0.0010802833502140397
-0.0005974843436030164
 0.001633314561505228
-0.0006768242059290164
 7.922001827131986e-05
 0.001329960432902788
-0.0009031737388511818
 0.00020755831999791363
 0.00031489716240651333
 0.0002752272312434578
-0.0005438225471082192
 0.00022388904007403232
-0.0005601586493321209
-0.001299870359407096
 0.0010266009221525096
-0.0009685190447712988
 0.00045256486939537766
 0.0017359739003761088
-0.0007981782363100098
-0.0005111620039807141
-0.0006978407087152583
 3.720226211778588e-05
 0.0007839125959325788
-0.00025448360647822854
 0.0002822141936630329
 0.0012692722049043592
-0.00032915742063610587
-0.00027548844794411664
 0.000984585857072895
-0.0003711626184447203
-0.0008845274866715047
-0.0003408292687411274
-1.1810529677080961e-05
-1.8811844490873586e-05
-0.0005111754593502549
-0.0011855499367268152
 0.0007885669827804032
 0.001147920865597285
-0.0005391807186053144
 0.0008352337436339785
-0.0003175026159991101
 0.00029153283462968194
 0.001010241497288067
-0.00023350029360358349
 0.00010018539065315135
-0.0020349429320530854
 0.0009892366558221788
 0.0018876227084012598
-0.001939273246675699
 0.00029619260362534483
-0.00014950155930665288
-0.0008985471597671157
 0.0002635212962022182
-0.0006091983518661248
 0.001728940292675396
-0.00036185205069977355
-0.0017922716493012358
 0.002239968100207268
-0.00031285181724982625
-0.0005485334465081815
 0.00013517312720456864
-0.0009872280886756846
 0.0011105628784393584
 8.150056641409442e-05
 0.00033118123720138337
 0.0002168401829544253
-9.50755591838659e-06
 0.0005248567716264474
-0.0017526133794585896
-0.000287193485960735
 0.0007185323060515669
-0.0007212211829354942
 0.00015849708887266667
 0.0008445371351817887
-4.451682106110244e-05
-0.0007328921340158945
 0.00037317297964045704
 0.0008608678552577964
 0.000949538916895365
-0.0005788865307537749
-0.0009592434609872469
 0.0008235287056173046
-0.0013045991992998163
 7.681568072859246e-05
 0.0005085072140330049
-0.0016569562524261228
 0.0004408347146889202
 0.0003148262974601579
 0.0009121943851070347
 0.0005038357837170993
-0.00043188762445328654
 0.0005248352430351488
-0.00018220785069061884
 0.00038249162060710606
-0.0006979070885383964
-0.00017521012397542224
 0.0006368374425378964
-0.0012859448738983814
 0.0006461695388740862
 0.0002238101019059191
-0.0016966387419339868
 0.0001608045477545783
 0.0008468445940636449
 0.0005784943484560823
-0.00051357172367128
-0.0011529441121022055
 0.0012131962035957233
 0.0009985158277047712
-0.0009032652353642145
 0.00029147183695432677
 0.0007815001851681491
 0.00011179265298433272
-4.221743540094858e-05
 4.451119501869272e-06
-0.0003105685780331324
-0.0005835857688334944
-7.722311244512392e-05
-7.489053687337321e-05
 0.0003381332156601191
-0.0004879169804807293
-0.0009289441982199276
 0.000979835488588876
 4.411208041849024e-05
-0.0007026000474456562
 0.00013278224503143754
 0.0006018093398778568
 0.0009518293323091398
-0.000527593190816189
 0.0005294689983163514
 0.001297180585498492
-0.0012113033526274797
-0.0009662896270328791
 2.776880199745202e-05
-0.00039225716237434316
-0.0006022705930725514
 0.00030078240469927353
 0.0005574634932756783
 9.096536103314623e-06
 0.0006344662949067659
 0.00012110142667992596
-0.0004879358179981086
 7.443018070324436e-05
 0.0007791380077833976
 6.757681359104151e-06
-0.0002545921464593426
 0.0005947909815959829
-0.0003596002073454341
-0.0006699529596876919
 0.00048278160589609875
 0.0005994543386901863
-0.0008029635887549236
-0.00010525617946388621
 0.0006577884625255659
-0.000637289725486323
-0.0012719951687245046
 0.00018875777958060613
 0.00046177317633167014
-0.001549681098766853
 0.0002704266293797608
 0.0013671578526506245
-0.00021260399211880943
 0.0002774243560949574
 0.000886459806723805
-4.226318365746495e-05
-0.0005159590177459261
 0.0003357575829057713
 0.000417428226754224
-0.0002896148669715992
-0.0005812998385428814
 3.473602987502655e-05
 0.0008887861031230404
-0.0006699744882789904
-0.0016780355469369068
 0.0008397804875253101
 0.0008351126453078894
-0.00017528188594639893
-2.5940536803104042e-05
-0.000329292871356357
 0.0004570864965968702
 0.0003847479490846628
-0.00039463279512863547
 4.405915596489285e-05
 0.00039407914839623137
 0.0003217406008840795
-0.00014262134281889383
-0.0006093167591182391
 0.0008117671550485484
-0.00038530518391566293
-0.0008403332372330929
 0.0006297536014575056
-0.00013095936198481706
 0.0008817668478165452
 0.0002703961305420832
-0.0007003293665738819
-6.329224478862638e-05
-0.0003573106889562805
 0.00011404987848651071
-0.000513655146962555
-0.00023130585982600316
 0.0006647467201567059
-0.0007003356457463417
 0.0004804005909939124
 9.070977037495265e-05
-0.0006396680493145346
 0.0006414075090698246
-0.0008636832126156513
 0.0005620676467438246
 0.0009074206939824747
-0.0008076825613766436
 0.0008490820850238223
 8.370217638875577e-05
-0.00015431292546597142
 0.00033338195015142347
-0.0009990317994024167
 0.0009190817777918747
-0.00010998053423344478
-0.0009570319837415853
 0.0003333774650282617
 0.00016069959587194926
 0.0002820392738587252
-0.0012113840848448354
-0.00012632022455583147
 4.40223779547555e-05
 5.802231650836598e-05
 0.0008047326503232144
 0.00022603054939795975
 0.0006577220827023722
-0.0008847042005250549
-0.0010737163778559156
 0.0008420637267419484
 0.0005410448647851784
-0.0009290437679546626
-0.0003806786048315969
 0.0008583944468180116
 0.00044070195504258836
 0.00039169813349410054
-0.0007003679386333173
-0.00015433624810656799
 0.0006297096472502872
-0.001223068491294832
 0.0014067542277932943
 0.0009587265922650356
-0.0007190411015521314
-3.066758264658187e-05
-0.0007237098407941178
 0.0003706879098803739
-0.0003760242179837725
-0.00021268203326224588
 0.0005970320606547008
 0.0002656780549449844
-0.0001940169435651895
-0.0010737370094225929
-0.00108073832423633
 0.0008537095611325096
 0.001026385636239524
-0.00039236659938007845
 0.0004290148575186725
 0.0003333415840427456
 0.0008630389663948912
-0.00023602752352158696
-0.0007680601725194025
 0.0006693580498219331
-0.0006630556997318515
-0.00012402442699427363
 0.0004336746265143354
-3.068731718858242e-05
-0.0005043831512769881
-0.0008707392459322838
-3.535695345524559e-05
-9.602813798559318e-05
-0.0001660332129014841
 4.397842374753713e-05
 0.001031036434988808
-0.0002150388284992144
 0.00044533301924981616
 0.0008606902443796249
-0.00102942345570739
 0.0001699805618038397
-0.0007167399218426795
 0.0007626808072334068
 0.0006903422597211994
-7.737112151029457e-05
 0.0005106630757512054
-0.0014541217474198231
-0.00011470937412616511
-0.0006257407697565776
-0.00036672620858374527
 0.0012923719104130371
-0.0007960869603657605
-0.00025705568762812714
 0.0012153646236588433
-0.0006654151860427393
 0.0007066658036001816
 0.0013460363979818646
-0.0014774663406545985
 0.0002866380451790329
-0.00018005737112025688
-0.0005137448494263452
 0.001931733534548341
-0.0015171398599160835
-0.0009337726078473829
 0.0006389870250835816
-0.0010924505384500849
 0.00042897269736075216
 0.0002679621911862995
 0.0005876470398648581
-7.3893692350002205e-06
-0.0002780730874389348
 0.00031229458241888164
-0.0002524066829281413
 0.00030529237058046776
-0.0006164302020116863
 0.0010123327732323162
 0.0006109745896314966
-0.00034575007190623674
 0.0006086393229858267
-0.0021681939637231418
 0.0005666350222018335
 0.0004009575708346369
-0.0007681130969729999
 0.0017660372456638207
-0.0012464767732788262
 0.0002539452091646077
-0.0005581041513979534
-0.00029908959022512116
 0.0006482993868777709
-0.001274482929558507
 0.0023307313348137626
-0.0007611207524056418
-0.0003154283835229421
 0.002041378041789499
-0.0014098288252712976
-0.0009151335318648424
-0.0007984607990708104
 0.000627290060288721
 0.0009096393474252173
-0.0005767835934892274
-0.00010308955345006421
 0.00020726140484295108
 0.0002865985760949763
-0.001169489221066633
 0.0007136222671820791
 0.0018103534904528873
-0.0013491693020613038
-0.0003574443456272336
 0.00041960113194050574
-0.0003621130848692755
 0.0004382671186621834
-0.00010776636591380839
 1.8240257265655924e-05
-0.001015488999952352
-0.0005021259257748101
 0.0022443704231319694
-0.0004227896515474616
-0.0004064562403974237
 0.0006716072021024089
-0.0008684856085286463
 0.0003052502104224919
 0.00010223719751339955
-0.0002641188971418962
-3.777295231827127e-05
 2.5229910759150265e-05
 0.00025857627337189104
 0.00022824023259437887
-0.0004368003543966936
-0.0003737974913192166
 0.0004825860545251137
-0.0006771507228970353
 0.0006832629037640259
 0.0008046025817508018
-0.0010248408308305978
-2.7807306436922197e-06
-2.3782881035661063e-05
 6.5513656924975905e-06
-0.00030146791405338824
 0.0015886439919843842
 0.0004685762487005585
-0.0018998993336430958
 0.0009142677205585814
 0.0005129095369577619
-0.0007401661443194318
-0.0010178502803124823
 0.0003308959833667191
-8.446303581244319e-05
-0.0005814935958645684
 0.0009445965851389571
-0.00017313768554849673
-0.0005768293417457437
-6.813321276100126e-05
 0.0016446347759524471
-0.0003271504650076973
-0.00162689559821233
 0.0016282977767039242
-5.133937782064724e-06
-0.0010061945786509208
 0.0011896022375117998
 0.0005222281779244109
-0.0010225315778994437
-0.00016848150465142986
 0.0012759371354790772
-0.0007845200641432015
-0.0008498581938663485
 0.0008629097948470998
-0.0005255072970197228
-0.0009268654806205978
 0.00031220757102906616
 0.0006715614538458925
-0.0005605129740638981
 0.0004685475439121234
 0.0006972269613321203
-0.000551181774752274
-0.00016382622077898423
 0.0003215351822420942
 0.0009842405025874967
-0.00024083350753323352
 0.00037286888828835796
-7.98256924327001e-05
-0.001794928947791763
 0.0009795690722715356
 0.00013485109535976703
-0.0021869550350563927
 0.0004965375537483441
 0.0016072696125974395
-0.0002711767245077712
-0.0004881905729950953
 0.0007485490060580857
 0.0005222012671852738
-0.001794937918038142
 0.0005221994731359758
 0.002577987933516268
-0.00200728661538202
-0.00028518473628308394
 0.0013879142182919302
-0.0007332132688360748
-0.0005138677418016213
-0.00047886654988066324
 0.0009212161109187211
-0.0012115787391911437
-0.00026185628949187967
 0.0008768774405137347
-0.0006118789729971374
 0.0011055559609090548
-0.0008568953896656017
-0.00038553482222281055
 0.0010332156193475495
 0.0002258332039777322
 5.3155334821475275e-05
 0.0001744950128082512
 0.0006971919773712809
-0.00106224725731896
-0.00021753107445637854
 0.0003775035405941818
-0.00011486007426525502
-5.419068378414993e-05
-0.0009712463111835601
 0.0013015551006594905
-0.00016620005948403405
-0.0020236451432218416
 0.0012455490672726444
 0.0010238682735924653
-0.0011765972818122417
 0.0006225091929670246
 0.001628234984979271
-0.0012419372055845757
-0.0008125791448765352
 0.001350549054936978
 0.00018847880491834612
-0.0013702817864836847
 0.00016047533971264016
 0.00026781418212112884
-0.000926924684246655
 0.0005664968804076631
 0.0012222017829639498
-0.00014054711034272582
-0.0010179337036037572
 0.0005944949634656416
-0.00022455481488609097
-0.0017436463721497986
 0.000662162977686509
 0.0017845623995175197
-0.0009502683804567535
-0.0013329587832865974
 0.0015395450858243787
 3.91213093316467e-05
-0.0014169664878299626
 0.001268859573571146
 0.0014018666145397818
-0.001570978370264542
-0.0003902421335242323
 0.002591934947616281
-0.0012372944800570496
-0.0017973288002113286
 0.002290914291610213
-0.00043458259797857224
-0.001115957493144193
 0.0007624870499117198
 1.3441449451256915e-05
-0.0015569865049326892
-0.0011182945538391054
 0.0019432205955781101
-0.00018024036414632238
-0.0003062487813750847
 0.0017028702270777685
-0.0005395978350616892
-0.0010832978470413646
 0.0011615018936452226
 0.0011475001610423696
-0.0017553406458707954
 0.0002887804515276371
 0.001091494127655468
-0.0011346396263093306
-0.0003039242790250918
 0.00030044422641095636
 0.0005081223904636056
-0.001274651570190355
-0.0011649792551854388
 0.001621186127859775
-0.00017558866837241727
-0.0008126275842069708
 0.0021602156065481104
 0.00030510399540661925
-0.0015336733075602682
 0.00044044361194700565
 0.0007087920635053258
-0.0003132698307308779
 3.441668910408868e-05
 0.0007951278584972243
-0.00019426541938971642
-0.0008639729515735328
 8.341602552941474e-05
 0.0001557527789923796
-0.0012699998744164498
-0.00018960295932018978
 0.0014648282144839042
-0.000882646114492347
-0.001132328579328934
 0.0013551523113804476
 0.0004754322455230442
-0.0003412840602323164
 3.907107595196857e-05
 0.0003564224520340997
-9.627212868701385e-05
-0.0008359838387619889
 0.000981790416788253
 0.0003844205350920227
-0.0010856680976478739
 0.0004497559737411949
 0.0006060977406736057
-0.0010810038435290492
 0.0001604026807169867
 0.0012711347395660821
-0.0007846555148634526
 0.000263072783883489
 0.0006550952830495782
-0.0010436736641348254
 0.0006340922356329326
-0.00015228892636953706
-0.0007496588080657118
 0.000755430119570466
-0.000663322116049192
 0.00017439364902421817
-0.0003599724725699138
-0.00038797504075105405
 0.0011147804142887519
-0.0009106746963879475
 0.0002117247254430077
 0.0008487618472282632
-0.0005606564980058515
 1.7095006955014647e-06
 2.27098570381723e-05
-0.0003716479087735314
-7.627080763905614e-06
-3.562964894504583e-05
 0.0006410765069785884
 0.001306115299920363
-0.001762402061335211
-0.000731008070762873
 0.002528852249346125
-0.0011580353499484608
-0.0013703822532430965
 0.0012291053220922499
 0.00010203716101925275
-0.0008056845759946141
-0.0009386934110125478
 0.001744799177792189
 0.0011124272071503793
-0.002548792193584115
 0.0009094132972166102
 0.0017051265555553252
-0.0010647063133645274
-9.631608289423221e-05
-0.0003950014722546302
-2.8647171648632508e-05
-0.00046734091679151435
 0.0008160681141892168
 0.0014531052359745278
-0.0017110845017324627
-0.0005536829909558727
 0.0006853900606937913
 0.00034003521940589865
-8.465769015875146e-05
 0.00015335561764673322
-0.0002340017303758546
 7.401575532073323e-05
 0.0006293813362329703
-0.0004766855714726237
-0.0008523755565133517
-0.00025500746886647496
 0.0019057872583506663
-0.001531418773131954
-0.0011323958561767489
 0.002143798772106853
-0.0006843709117222985
-0.0003670195356401673
-0.000525696569218248
 0.00045202755163759045
 0.0006223701541482329
-0.001321413415655448
 0.00041702277161809187
 0.0008043783255914372
-0.00013367855517526506
-1.0005404592172695e-05
 0.0013107391879305097
 0.00016500324608659245
-0.001263082879918609
 0.0007297018203596406
 4.832692519401993e-05
-0.0010554065099152576
 9.966152826490493e-05
-0.0005560451683406242
-0.00020369170331285824
 0.00035634082279206725
-0.0008780670777140398
 0.000995710520149129
 0.000510347323078808
-0.001067081049094254
 0.0005686823439388644
 0.00028866473534944204
 0.0003610014888123514
 0.0004520060230462919
 2.7313113481697293e-05
-0.0001850337898129384
 0.00012065022328733299
-0.00022703809059687607
-0.0009387481295153877
 0.00028632408655593355
-0.00012203451483400185
-0.00022937515129178854
 0.0006060071411851942
-2.403135686024349e-05
-0.0007357413957787551
-0.0005327301769189607
 0.0006223378612612573
-1.936799976604009e-05
 0.00019997752726841345
 0.0013130430587138253
 9.496946638232195e-05
-0.0007544154557221905
-0.0010274326465225525
 0.0012640365460914738
 0.0003423139734993752
-0.0016994754453519278
 0.0009093460203687953
-0.0006377472080513757
-5.437995598261969e-05
 0.0014413750812680148
-0.0003577331875604939
 0.00022330059191189022
-0.0008944336787756191
 0.00014862767477863414
 0.0008323342484913843
-0.0015221404982739828
-4.0386296601524485e-05
 0.00033996883958270496
-0.00011505921373472505
 0.0010213410436744619
 7.161679992584435e-05
-0.0002620706783801885
 0.00019528905348437098
-0.0009667811965342055
 0.00046597008061438627
 0.00014861691048301262
-0.00040908393707489443
 0.0019780576319904375
-0.0013354743518843581
 0.0003376246026907115
 0.00167237003079157
-0.0020588535478340275
 0.0006456402943380568
-0.0011114654677557567
-0.0009364559200523703
 0.0013760145259290035
-0.001209474007877298
 0.0002979483923551962
-0.00039276039319591227
-0.00036475961906407006
 0.001343341424456579
-0.0006891141040092363
 0.000400616701472456
 0.0007389693309219902
-0.00026909172773598167
 0.0016793569932111452
 0.0004472825653014101
-0.000684452540964331
 0.0003166063058552271
-0.0017088488048215278
-0.0003204335070040032
 0.0005429504566294985
-0.0007731289847496825
 0.0005196139366165364
 0.00011592228041923391
-0.0003087706291453052
-0.0009481430175762307
-6.84247457681808e-05
 0.00043793791062024523
 0.00027926087704222
 0.0010633067723990752
-0.0003227768468713754
 0.00044726821290719254
 0.0005522735827193648
-0.0007428046052925241
 0.0004005960699057787
 1.3238721883190863e-05
-0.0010414917887021646
-7.639077443388764e-07
 0.00022091509188654213
 0.0004332602011318798
 0.0002955844209211467
-0.0014568543959798674
-0.00017344536499913632
 0.0004962603731354376
-0.0004954663773479306
 0.0007132715305488424
 0.0005709288051454209
 0.0005149245658078172
 0.00023957390241113874
 0.0002489068957720053
 0.0006292620319561792
-0.0017042114614418402
-0.000684484833851251
 0.0006665949024242668
-0.00024579377978239947
-0.00012212062919919608
-0.00015479014257308021
 0.00013222608975621553
-0.0006728228530172298
-0.00022946395673090203
 0.0011332831425264756
-2.8787107492100894e-05
-0.0006518251877484227
 0.0011029453076997209
 0.0003445658168537147
-0.0004044797836067482
 0.00037256569396093564
-0.0013052019998561204
-0.00015946785206150116
 0.0007085830567647999
 0.00035156085249504754
 0.00035389342806674273
-0.0009481851777342065
 0.00030022176430088976
-0.00012447114526370484
-0.0011792016558491158
 0.00034455505255809316
 0.0005639005795925467
 0.0003468867311051671
 0.00020454400570174558
 0.0005172284365911883
 0.00030954847848924105
-0.0005095012998623805
-3.814073241958926e-05
 0.0006268980605221852
-0.00024348811494978584
-0.0009668655168501017
 0.0008579091564892005
-0.0003321627646858949
-0.0008408606877198799
-0.00030882983277136233
-0.0005328440990478578
 0.000584888377590298
-0.0001944923666230003
 0.0008905714936660036
 0.00018352839994018044
 4.3519147133186387e-05
 0.0006198859814127711
-0.00043951147436538385
 4.818340125201104e-05
-0.00036717561792709574
 5.9848970184628314e-05
-0.00010349500858619631
-0.00024583773398961783
-0.0004908532536334054
-1.4825740997925774e-05
 0.0007178837572386909
-0.00039051662306327506
 0.00016018201265621812
-7.316614400582067e-05
 0.0006268747378815887
 0.00025351822543723257
-0.0007055399086969283
 0.0009232230665470742
 0.0002791837329234048
 2.250085029770199e-05
-0.0012469091391540954
 0.000463525376962981
 0.0008742156569001014
-0.0015129277062145285
 0.001051557780175183
-1.4840093392087805e-05
-0.000955230446755162
-0.00014784982543469827
-7.55130719717334e-05
-0.00018985412621863595
-0.0010859085002506985
 0.0003888452836326439
 0.0015975831915294725
 0.0012032254257176578
-0.0010999129239274708
-0.0008432318353510104
 0.0016139139116055357
-0.00094590642364073
-0.0002598663773316079
 0.00213427560952284
-0.000672892820938964
-0.0014546070377486897
-0.0010765853741608322
 0.0003538324303914431
 0.0004961733617455666
-0.0009389131820486951
-0.0004465513612385563
-9.186442361447389e-05
 0.0016209035650989745
 0.000904526580987719
-0.0011979331253693104
 0.00012047799455694452
 0.0002768197614893553
-0.0005538973798441815
 0.0007458459593110978
 0.00028615096080092384
 6.913711231359976e-05
 0.0011005311028859932
-8.720734569273025e-05
-0.00035089064610754894
-0.001090602356182524
-0.0009622622604066322
 0.00037481664029065387
 0.0001414684836287261
 0.0001274667510257621
 7.379598428458589e-05
 0.0001391323199584349
-0.0007452546910917124
-8.254937074636537e-05
 0.00020913380677567428
-9.421852777746764e-05
 0.0013525335849493558
 0.00013445999261785246
 0.00026280008839374425
 0.000547482848126668
-0.001386966831291525
-0.000336905059948156
 0.0006968224032206649
-0.0006005892573875959
-8.876971442917103e-07
 0.00015545406978811904
-0.0005562559691303925
 0.0007971572397414972
 5.2778584473778256e-05
-0.0008806113511002356
-0.0003205788249952546
 0.0008438231035703958
 0.0007248151041307493
-0.0008129442339039894
 0.0007014785841177318
-4.523354374635913e-05
-0.0012773079716561497
 0.0007901478517060023
 0.0006734733248626723
-0.00044659441842115344
-0.000588937143824575
 0.00012043762844826666
 0.0010701600781476417
-5.9241555521727385e-05
-0.00034625958190032113
-0.00031592533517205146
-0.0008526249293625554
 0.0005754594025932369
-0.0003532635877879775
 0.0008064713955849845
 0.0008064704985603632
-0.0010136390236355486
 0.0005357858833317519
-0.0011046462489433528
-0.00025292964829176645
-1.4916340486281765e-05
-0.0002132624082026302
 0.0008881357602609774
-0.0006729583037374809
 0.000778460754182142
 0.0006524523369533242
-0.0002809375986206897
-0.0001525975028447979
-0.00017826659842951065
 0.0006734500022220757
 0.00043076795517466016
 5.2744497537560164e-05
-0.0001339342071969285
-7.326481671593443e-05
-0.0005679619041716877
-0.0005609623834071931
-0.00046529090398056416
-0.0006986390606425474
 0.00024874991646045563
 0.0011681372224069397
 0.0008297827989081075
-0.00031361967033943783
 0.0007597768269676508
-0.0005609695596043296
-0.0009319925994523137
 0.0006524343964605661
-0.0007126479694424814
 0.0011401283750533397
 0.00012506689860625197
-0.0004933042364572704
 0.00017173455648444858
-0.0011303440493165007
 8.072733117664432e-05
-0.0014990345135927896
 0.0002650698722408418
 0.0009371090829717321
-0.0005166452415935052
 0.0010677817543193746
-0.0006449880284433163
 0.0011797866448960415
 0.0007107577560003242
-0.0011490208003338553
 0.0009511036393775041
-9.195950822599164e-05
 0.0007177545856908996
 0.00020438971746411516
-0.0013263692027813967
-0.0006333287386832143
 0.0002580568961068064
 0.0001553832048417636
-0.0008666786893943845
-0.00047232271763197886
-0.0004979918132166916
 0.0004307293831152803
 0.0003607243081993894
 0.0007970827866966013
 0.00032105348001182366
-0.0004489933738160423
 0.000874084691303012
 0.0003840545490399472
 0.0018984773670616684
-0.000701012002322976
-0.0022667730115141227
 0.0008134099186741239
-0.0002249862837366834
-0.0007476850423489556
-0.00018531904364760265
 9.469677089257722e-05
-0.0012283830882757751
-0.00019465562510700973
 0.0011494236933794477
-7.798378933765449e-05
 8.069145019112822e-05
-0.00013632239829619586
 0.0014131025086711047
 0.0005053807716571823
-0.0008853697928060122
 0.0017654541796495171
 0.00021836095122929056
-0.0012843962978597578
 0.00038636918411893983
-0.0008947081683146618
-0.0009507124076522655
 6.901421993826817e-05
-2.199210834491483e-05
 5.0344645117994524e-05
-0.000978717666907325
-0.00039301694224219696
 0.0009417284858586616
-2.4330066064504052e-05
-0.00014567153810052247
 0.001410753786655894
 0.0012917457872161364
-7.999345988440876e-06
-0.00016667637956646608
-3.3341948449949754e-06
-0.000586703240962938
-0.0005260338504818884
 9.233549053244694e-05
-0.00010367710458758506
-0.0005493712675195273
-0.0003463600486596774
-0.0006847144721584542
-0.00047470283550948844
 0.0007597032709473761
 0.0007247002849771755
 0.00010399567731717019
 0.0006010244433201084
 0.00024633571164672796
 3.865575354483619e-05
 0.0005193502113731152
-0.0005377137718086678
 0.00021599697979529653
-0.00017836078601646266
-0.0007803976129053813
 0.000699023116170705
-0.0003603743396075054
-0.0009484103309181924
-1.0213538152448187e-06
 0.00023232500879744045
 0.00014598562570700135
-0.0008784097411255187
 0.00022065495474171692
 0.0011237079525134863
 5.264313375352714e-05
 0.0004750007766724518
-2.202978337972894e-05
 0.00025098561337133507
-0.00042338886400522524
-0.00029038182303653404
 0.0007480125853249198
-0.0007687454993423604
-0.0005260652463441873
 0.0009183533937862642
-0.00013637711679909126
-0.001440789195196468
-0.0001387123834447057
 3.6285479093622897e-06
 0.0005193250946832761
 0.0006056626837244727
 0.0002719752054183844
 0.0006266621430425223
-0.000747754113246013
-0.00024605840205044194
 0.0013383685938624934
-0.0002997300658162394
-0.001086111227818709
 0.0005333178570397501
 8.2956748915064e-05
-0.0004887449342210193
-0.00036273831104155496
-2.9052626784764612e-05
-0.00046307942673484703
-0.0005284175564579385
 0.0010933450009968926
 0.0010163395082919413
-0.00040474619992403316
-0.00016906636471503145
 0.0006406477292019153
-6.872883712022437e-05
-0.0005167564726485385
 0.00022295344337719403
 0.0005753069084049045
-0.00047709012958407904
 0.0001272783758519136
 0.0005659703269454974
-0.0009974572096492773
-0.0005377640051884014
-0.00040242349162333824
-0.00012474114967953032
 0.0008389821355980209
-0.000376757984137166
 0.00042128874679792094
 0.0004679573017007388
-0.0006124414074448192
 0.0004212860557240017
-3.1408524997056375e-05
-0.00030209224320099093
 0.00013426623529616544
 0.0008786430965146419
 0.0004492832417573034
-0.0008901309255857082
-0.0003160975639024399
 0.0003116056674973833
-0.00038843700843926854
-0.0002834316386271518
 0.0001762615658337796
-0.0005821179250121711
 0.00048194468190937423
 0.0006616211748055045
-0.0003441064112560399
 0.0003419336350531377
-0.00036277598607631356
-0.00025077019847502546
 0.0005029405531289943
 0.00014591834885918642
 0.0005566086287962513
 8.241671623887559e-06
-0.00011543327300855832
 6.891016508031589e-05
-0.000911149222421137
-0.00024611042947936257
 0.00017624721343956207
-3.376621725864615e-05
 0.00011790860448096518
-0.0004001232089385631
 0.00032325239891256574
-0.0006381392078179116
-0.0005634689817585747
 0.0008506145146189859
 0.000178573509838853
 0.0010652921994361297
-0.00016444875587734442
-9.444547501075151e-05
 0.0005822606809128827
-0.0007338187604662982
 0.0007362680782242448
-0.0006031460891186557
-0.0005588110068122099
 0.0004865838193383598
-0.0012635215249662823
 0.0007409305382938269
-3.845020591952686e-05
-0.0011468505862214928
 0.0008716023126168482
-0.0005004804710753152
 0.00012722276032439694
 0.001359295394184945
-0.0001574626904823906
-9.445982740496905e-05
 0.0001808890419424669
 7.821535067742413e-05
 8.988181663466266e-05
 0.00019488718644677938
 6.65452966216451e-05
-0.00021113883937140532
-1.2794565704354888e-05
-0.0011608639801446996
-6.41327568738359e-05
-0.00017380686592799455
-0.0010815286029419169
 0.0007595803785720445
 0.00030688579785098646
 0.0011236003095569935
 0.0005588990442100261
-0.0008715205543914362
 0.0008925838314421952
 0.00016220601175265248
-0.0010045311834586679
-0.0002554873770474475
 0.00042121877887618675
 0.001256601071353225
-0.0009088623951059027
-0.0017255787008612633
 0.0007035653749388193
-0.0005775119774947823
-0.0007291885932836917
 0.001076918299284635
 0.0005728873214433383
 0.0006708922734663947
 0.00024386589130542813
-0.000570516941853505
 0.0005518824799774502
-0.0002718342435669707
-0.0003791748800248129
 0.0007922274663300088
-0.0004958503038927087
 0.00029052906406040746
 0.0003115294204031893
-0.000803871377687948
-0.0002135037078300761
-0.00021817155004749678
 5.717731929993919e-05
 0.000131847545359276
 0.00016218179208743466
 0.000131845751309978
 0.0003931937850791267
-0.0008948839851436463
-0.0004561920340500625
 0.0009602249349239811
-0.0007245431766822463
-0.0006172043342737576
 0.0002111775404141647
 0.0017069325776649102
-4.0839294043415464e-05
-0.0009368936680754225
 0.0011328956278831015
-0.00030919133370022056
-0.00038152988121248343
 0.0006358632737816783
 0.0002368385627772307
-0.0008692283449284188
 0.00028583969325174374
 0.0008388718015676089
-0.0002111917638250027
-0.0006918880157025797
-0.0007992286521604219
 0.00021116408504462392
-0.00020419493413448286
 0.00046551080400003553
 0.0011818859940620485
-0.0005052155901404953
-0.0010092465679818474
-0.0005798885072737514
 0.00013181973759551768
-0.00033487567870388313
-0.0006732301022026044
 0.0019892612332347848
 9.448058795491487e-05
-0.0007199022452040182
 0.0005705072035658287
-0.0012192671748771367
 0.0017069065639503944
 0.00062417438220852
-0.00019720886873952903
 0.000386158383329116
-0.0012239386051930978
 0.001823575708645886
-0.0009602579958521429
-0.0013592827068567015
 0.00033481750108577124
-0.001415287843218871
 0.0008925156575697035
-0.00037222738668929445
-4.5542120221619964e-05
 0.000932182000634163
-0.0011189413086026834
 0.0005354898652014106
 0.0004911529888456667
 0.00015746551053963387
 0.0014758766304659443
-0.00031623122057339303
-0.0005005764527115653
 0.000824835085003861
-0.001009275272770227
-0.000785262800542974
 0.00019012784771638147
 0.00029746669012492566
 0.0005494808335086421
-0.0007922668064307414
-5.887438477514273e-06
-9.456029416432532e-05
-0.0005075858407470046
 0.00016678684258020215
 0.00010611565804985457
 0.0002321222812294299
 8.277913803683701e-05
 0.00018311756265626533
 8.044387139122255e-05
 0.0007221479383692775
-0.0007666084751415947
-0.0004609244620413233
 0.0006731423227714917
-0.0006989404609207273
 0.00047012841283772255
-0.00027191676983362445
-0.0006802753712235599
 0.000589132824178884
-0.00012024374214325562
 0.00010610220268031378
 0.00018777284652871096
 0.00023910834662432823
 0.0009718178448609449
 0.000381448380953775
-0.0004866043219217131
-7.82475145810202e-05
-0.00020192245921341057
-0.0009533015322703009
 0.00032777402611405826
-0.00013658791758885958
 4.7755520499959125e-05
-0.00020192694433662783
-0.0005426148404317765
 0.002052205789710826
-0.0008389676542204794
-0.0014013354469710748
 0.00042110575377191095
 0.0001130864740259141
 0.0007477901232148532
 7.808259103109227e-05
 0.0013754924575900551
 0.0002437573513243141
-0.0017793642867560133
 0.0004631019813341464
-0.00046095406385437965
-0.0007666398710038935
 0.0012214778840815566
 5.940763406298011e-05
 5.7073264441986904e-05
-0.0007736438768915499
-0.0005589652950498403
 0.0008271165301712569
-0.0006429721025685842
 0.00024841353222143647
 0.0007804443871698985
 0.00029974813529232147
-0.0002252840959162672
-0.0006359761699026301
 0.0005774286831868314
-0.0011260072091903162
-0.0010863390720766142
 0.0011257920522606546
 7.806195946441497e-05
-0.0004166351279913383
 0.0006404270611411467
 0.000348742089569809
-0.0001016190185548771
-0.0003116324492530853
-4.5617470291192674e-05
 0.0018841634698849585
-0.0009696744125042844
-0.0005543171873744757
 0.002556200886566551
-0.0014807076021839949
-0.0006079897481650054
-0.0003956446389196677
-0.0009346777057065436
 0.0019588274167718356
-0.0008273397603226762
-0.000199636528922853
 0.0006917491058671676
-0.0017187289832111818
 0.00033239253197636653
 0.0007290819763351997
-0.0004633234174362122
 0.00024138440964388552
 0.0009647600174950144
 1.2702301150024908e-05
-0.0006360039776663884
 0.00048406197156813935
-1.30122550212608e-06
-0.0005099991485361111
 0.0001760408977729555
 0.0005447286709753252
-4.564079293173373e-05
-0.0006080085856823847
-0.0006243437908816651
-0.0006593467768518657
-0.00035832970894433824
-9.231472998244561e-05
 0.0010347516370412535
 0.00042571439236321895
-0.0006826859879388025
 0.0010837518704912008
 0.0005890547830354476
-0.0007900284184458872
 0.00041170907166176995
 0.0006893914136055779
-0.0003886738229435527
-0.00021599774783659376
 0.00012468835420925695
-3.6535356158773347e-06
-0.0002790041990125558
-0.00045634901336161215
 0.00020868977958016233
-0.0002883407804719629
-0.0003676797457733416
 0.0004723694918964405
 0.0006380451492143391
-0.0007900409767908068
-0.0014527480911855073
 0.0005587043898637178
 0.0013614180659915487
-0.000619701065354139
-0.0014620855696695356
 0.002042789373058629
 0.0019097805380407507
-0.0009183891457884563
-0.00010634157927513765
-4.800566139040452e-05
-0.0005520366392317566
-0.0008390546656102948
 0.00037201671488285015
 0.0011677299732215096
-0.0013290866019226022
-0.0008320578359197195
 0.0005236888455485977
-9.934923470777957e-05
 7.099336780286292e-05
 0.00018066568280777906
 0.0004560145521551595
-2.701517231873396e-05
-5.501774049981867e-05
 0.00021799765625118983
 3.365242411301761e-05
 2.898458189565245e-05
-0.000246366081501026
 0.0004490078551935839
 0.0004093379240306394
-7.83587456360535e-05
 0.0005190093420109343
-0.00010636221084181496
-0.0008670751742841376
-0.00045171794915432883
-0.0008834112765080948
-0.0009137473172855515
 0.00046766756274285726
 0.0006333432200607003
 0.0004980009124464502
 0.0007010121313063
 0.00022498282462152241
 7.097273623618561e-05
-4.8035263203460854e-05
 0.0002646491676859264
 0.00023898007210115813
 0.000311316825564123
-0.00016471248112071013
-0.0011027693618874124
-3.63732823694396e-05
-0.0002533871308568192
-0.0006570787870540107
 0.0007150022025888547
 3.362730742317854e-05
-0.00027205849972633533
 0.0005679907379434468
-0.00015071971876423618
-0.00015305408838522938
-2.4713992609282087e-05
 5.929012383548704e-05
 0.00021329841817147033
 0.00013629292546657457
-9.23882860026648e-05
 3.828528236959894e-05
 0.00034630276806624227
 5.9284741687704035e-05
 0.00024829512496926665
-0.00043774671538915344
-0.00017406520902357725
 0.0004979740017073131
-0.0006197602689801962
-0.0006010933852337863
 0.0005866432692956391
-4.806217394259793e-05
-0.0005660939873621262
-4.806396799184043e-05
 0.00014094641528972218
 0.0007709831192859173
 0.0006636424828280751
-0.0001810754940836934
-0.0004890947738296347
 0.00023894777921423804
 0.0003742882927792457
-0.0009161229500398993
-7.840718496648913e-05
 0.0007196395459685978
-0.0007061131074401761
 0.00023427545187365562
 0.0005236251567993233
-0.0004984367374368248
 0.0002062710896432174
-2.2410121825966467e-05
-4.341227221793531e-05
 0.0003486102269480984
-0.0006104479071860069
 0.00025760300164029415
 0.0005749543777224253
-0.0008484648030899766
-0.0002650975510212761
-0.0005987850293272534
 0.0001945947564149786
 0.0013659971027698004
 0.00012225531187814997
 0.0005679476807608497
-0.0006127903500287579
-0.0007691339110103557
 0.0014126620695741332
-0.0008601411363182154
-0.000920812320848563
-0.00010876475433524435
-0.0003421129109972276
 0.0014266584200291477
-1.0761596361485992e-05
-0.00036545032803486643
-0.0002557780130300058
-0.0010538265380142797
 0.0008106171694634012
 0.00024124895892368992
-0.00034212008719436415
 0.0008526169851241772
-0.00048679718221872337
 0.0001782416107229956
 0.00032991643246266245
-0.0006664772632133942
 0.0010392903077108273
 0.00014323593367887577
-0.00010411305856133923
 0.0001735692833824687
-0.0007271520358423378
 0.0005305887965783018
-0.0007621559188371596
-0.0011285120134924553
 7.55589492115738e-05
-3.411515984258484e-05
 0.0007825993518634777
-0.00020212698083077463
 0.0003345708193104868
 0.0005632502367304282
-0.0007248275334923449
 0.000362569799393031
 0.0009156019077088962
 0.00022255964956141572
-0.0006874955600488786
 6.15482463623418e-05
 0.00035323142388438145
-0.00010879704722221994
-0.0003444786764805752
-0.000729502551906791
 8.73473733398189e-07
-0.0005008240315114709
 0.0004185632744350132
 0.0006869117259933333
-0.0005264949211455372
 7.087316650145059e-05
-0.0007295088310792508
 0.0006169039600035231
 0.0008782519937727273
-0.0010281960144889468
 0.0003858874818886693
 0.0007475748373018676
 0.0006098990570912455
-0.00024181933760969443
-0.0005801737611084712
 0.000413884667921971
-0.001445893888412264
-0.00032816141177399727
 0.0010369191600796968
-0.00038650002073264966
-0.0002884950687095933
 6.152492372174523e-05
-2.4814459368693864e-05
-0.0001928253833322069
 0.0006285560735665441
 0.00010819078755064382
 0.00028553380785040217
 0.0004232077940118373
-3.41537319020202e-05
 0.00040453821919156363
 1.0180453379804444e-05
-7.849240230706211e-05
-0.0011425568032779054
-0.00035151049013198987
 0.0003671981725263951
-0.0009395473784673536
-0.0002698416403328352
 0.00041853187857271434
 0.00019451761229616338
 0.0005235363513602098
 2.1838846115285193e-05
 7.084087361453051e-05
 0.0001618454078484155
-0.00019284332382496494
 0.00021551348351572797
-0.0003305200010603193
 0.00013150667599703958
 8.950327223766763e-05
-0.0002908536579958043
 0.00033218262821121947
 0.00045585577879436734
-0.00011584590434171593
-0.00016951667108300317
 0.0004745208684914237
-0.0005218728271846329
-0.0011519113252300706
 2.4157966317439605e-05
 0.0014382414626951112
-7.384967677948051e-05
-0.0010422417012990737
 0.000551519184999294
 0.0002458333778497801
 0.00032983749429454923
 0.00022016338524039059
-0.0009582411729527895
 0.000119822269547043
 0.0005515138028514555
-0.0008089016178588482
 0.00023882668088820447
 0.0007381889194874036
-0.00034454326225447085
-0.00010419648185261421
-6.686181733528418e-05
 0.0005748422496427152
-0.0001182000085047652
-0.0005382259728766159
 0.0004324977301900512
-0.0005918976366424689
-0.00010886970621781789
 0.0004721640732544552
-0.0002488798560495442
-0.00017654310258657935
 0.00023181370475416907
-0.00038422395771309237
 0.0002504796914758467
 0.0006145005194854725
-0.0014016207008057946
 0.0003321485412750014
 0.0008268438346815121
 9.879948758839685e-05
 0.0003741483569357773
-0.0008509256531848419
 0.0009225126230342773
-3.6545511099828065e-05
-0.0009489341933064388
 0.0006704948915520204
-0.00026522851661830993
-0.00030956539297405383
-0.00047290937174482295
 0.0008431682755851155
-0.00024889779654230226
-0.0010376124311410884
 0.0010835132619376742
-0.0001135590770264816
 5.445005288773341e-05
 0.0002854629429040467
 0.00031813066222868835
-0.00012056308291419349
-0.0002932409520704504
 0.00048147105290086145
 0.0002107873346968714
-8.559986386824647e-06
-0.0004355863685477912
 0.0004487988484531136
-0.000498591922699132
-0.0010399584620823799
 0.0006331404924926898
-0.00018824275845541472
-0.0004635934218520932
 0.0009854921634711578
-0.00024191531924588894
-0.0011193019125069203
 0.000957487801240775
 0.000843146746993817
-0.000813619693455947
 3.809690719575043e-05
 0.0006634666659991462
-0.00026525632438206825
-0.0002909254199668365
 0.00016643431189772295
 0.00046045096201613456
 0.0002317697505468952
-0.0005499444662628306
-0.0006012817604076348
 0.0001757637171599935
-0.00021392710345896626
-0.0003492694110732719
 0.00029476812850115497
-0.0005266151224469495
 0.00012442283491659323
 0.000644786326883251
 9.175242451808785e-05
 0.00014775486980644903
 0.0005981141838818926
 0.001032139189782677
-0.0007903038050096067
-0.00018126835438075917
 0.00017341858324337878
-0.001282669213918286
-4.826310746136597e-05
 0.0005001020556617553
-0.00018127283950392092
-0.0004916255918462342
 0.0001500784751318207
-0.00033995166713124414
-1.7933345856369076e-05
 0.0005701008514050754
 2.173389423271166e-05
 0.0005024283520610462
-0.00044729589168762685
 0.0003134152777055088
 0.0005350942773363343
-0.00021395132312418408
 0.00078244057850263
-0.0008953271153144815
-5.99448228374988e-05
 0.00030874295036487087
-0.0004193013967281889
 0.0007264327510664859
-0.0015183687836693438
-0.00034229949212183364
 0.0013914697499589623
-0.0010773451540287415
 3.051761067518477e-06
 0.0012817938468555057
-0.001252358289830613
 0.00021539507626355814
 0.001902494866416915
-0.0004169777914028172
-0.000858005009142071
 0.0003157308098091227
 0.0009411005686125185
-0.0010236842545584546
-0.0007693366385784217
 0.0008150903573344581
-0.0001346338864141039
-0.001000353116693331
-0.0004846565699194172
 0.0017578096981707425
-0.00044032238463764806
-0.0008790161297804189
 0.0009994284132754938
-0.0008323484719022223
 0.00039272374416909894
 0.0007217424832331454
 0.001090430256435515
-0.0011123687715656194
-0.0014180545787151333
 0.002294499425090246
-0.0007273484842378886
-0.0007623514702081446
 0.00027137599296062076
 0.00036238052719456126
-0.000599011079535916
-0.0007880232568667767
 0.0017904630651011666
-0.00031433011385223475
-0.0005360109075324138
 0.00016402997435499556
 0.0005327177475573652
-0.00031433370195083077
-0.0008300320427739871
 0.0007450610627534049
-0.0005476836526620565
 0.0006493868922528012
 0.0003156994139468239
-0.00027933699515303445
-3.1989796962117456e-05
-0.0009373780613796123
 0.0004977066883654069
-0.0005056874250998211
 0.0008897282905068193
 0.0004113655112256698
-0.0007763729373529982
 0.0005770402715188361
-0.0006737019371618747
 0.0007847175385468641
 0.0006120396693905517
-0.00020234316376838146
-8.100348578160554e-05
-0.000566366682851871
 3.5668349987805215e-05
-0.00022568147783064152
-0.00023734973783712254
 0.0004183551647191086
-0.00042636281219271543
-0.0008347214135826508
 0.000385683857295982
 0.00020600557035055367
-0.0001160145449735639
-1.6752847759038403e-06
 0.0008523747884720545
 0.0005443555087261687
-0.0004450377691607721
 0.0004323470300509613
-0.00022802661174731176
-0.00036103544676524546
 0.0001173255384666616
-0.0005383811581389231
 0.00041134129156045196
 9.632159402539475e-05
-0.00023036546649152223
 0.0006236846067564916
-0.000893073477910844
-0.0004287133282571687
-0.0001020280617895497
-0.0005757238958779554
 0.0012607181404432621
-0.00030037592355519616
 2.3975870316050862e-05
 0.0008523577450039732
-0.000295711669436316
 0.0013517190865786066
-0.0007624079827602825
-0.0005337285653403412
 0.0003296553982931605
-0.0015137888498664154
 0.0008523514658315134
-4.8369853393182005e-05
-0.000792748508661012
 0.0008406814117757344
-0.00016037922909306612
 0.00015230520179632112
 0.00040431934518003754
-0.00026538818700377886
-1.7066806382581845e-06
 0.00011029910696302991
 0.0005116554965146625
 0.0003296437369729177
-0.0004380696442586318
 0.0005256536410189749
-0.0004637396368679658
-0.0010354413200041046
 0.0008313358600699483
-0.0008160966899942723
 5.895463662114464e-05
 0.0005396490944493681
-0.0007204270046168859
 0.0009690062581328429
-0.0010727831607185712
 6.361709669067128e-05
 0.0009153336973423132
-0.0010004482013048488
 0.0005933126849935189
 5.1946145610271e-05
 0.0004089665558307809
 7.994602271743645e-05
-0.0001697364421191505
 0.00041829775514234946
-0.0006200984472685134
 0.000362292618780069
 0.00032728963280986845
-0.0002934149748500814
-0.000897785274335483
-0.00023741342658639697
 0.000534965105788543
-5.540435811857147e-05
 0.0003646198122039812
-7.174046034247317e-05
 0.00016627284746301152
 0.0003296150321844826
 0.0002129405053411526
-0.0004124310475114856
-0.0004474340334817972
 0.0005279566147776693
-0.00013475049961697572
 0.00020826907502524694
-4.141338981134002e-05
-0.0007484564835371077
-0.0005664465180446054
-0.0001557562381075961
 0.0006632917461948384
 0.000621288342435522
 0.00018259459729269567
 5.249782943639314e-06
 0.00019892711141800135
 0.00016159065285142882
 0.00014292197505577642
-0.00010442701718443859
-0.0006014575772365638
-0.00012076311940834028
-7.176109190915048e-05
-0.0002701071596254989
 0.00030159272946134186
 0.0003785964281169951
-0.0003984508434999312
-0.0003284475626333383
 0.00015691384038762912
-0.00021644267205672696
-0.00018377495273214084
 0.0002852521421142784
 0.0005349328129015674
 0.0001965783894027906
 0.0007542774429113996
 0.00026191382805196284
-0.0002911200743131448
-0.00034712431365074847
-0.0008091527847572944
 0.0004719227736270093
-0.0003587943677065275
-0.00015578314884667765
 0.0004439184113966266
-0.0011451773237582397
-0.0007834899683449859
 0.0007285993770802524
 0.0008032696031395892
-0.00023979354446396206
 4.0222270076273325e-05
 0.0005815870154101677
 0.00032957107797726426
 0.0002362312770977093
 0.0001545588391999586
 0.0001055550176514708
 3.321647013926343e-05
-0.0007298299658994312
-0.00025380245326395157
-0.00021413431615019407
-0.0002631381376986819
 3.7878930208845585e-05
-0.0003681461985847734
-0.0002561404109834853
 0.0001172143074116283
 0.000901260202768428
-0.0003891510400506615
 0.0005139019577212189
 0.0007519152655265926
-8.346882099968811e-05
 0.00036922396567212745
-0.0008885186607977547
 0.0008475840538793578
 0.00018254346688834078
-0.0010541979062141382
-0.00010914240170761813
 0.0004485566518009909
-0.00019548268182267847
-0.0011802090145169308
 0.000429886179956096
-0.0007065158715023889
-7.414569490982181e-05
 0.00045088474224952435
 0.00014519893510001047
 0.0010809205492210983
-0.00043817100804266484
 0.0005138849142530821
 0.00031787231913310565
 0.00040887685336704616
 0.00026420065536719717
-0.0006878570609777368
 0.0005885515522138784
-0.0010938830867960325
-0.0005058488895345326
 0.000518544683248745
-0.00020249924605525438
-0.00033317460847687164
-0.0006948637579393124
 0.0010552397923160872
 2.1510535097968297e-05
-0.0007228681201697507
 0.0005558739656182365
 0.0003831960964619241
-0.0002235076756197385
 6.817550190230115e-05
 0.0010972360198783226
-0.0005945325095170206
 0.00037152424835690256
 0.00010317400274933997
-0.0009632238708179308
 0.0006025353443239734
-0.0012689105749921215
 0.00010783735984354337
-0.0001255107968184399
-0.0003425246453058195
 0.0009688860568314306
-0.0006458778768836382
 0.0006748667156390442
 2.8257108589113678e-06
 9.849719028559578e-05
 0.0004601845456987941
 9.849539623629777e-05
 0.0002665045261505683
-5.318211657723282e-05
 0.0001358282667043853
-0.000984239476579496
 0.0004391779101836635
-0.00010218862919963989
-0.0011405848316103917
-2.751930016492432e-05
 0.000539513643729117
 0.00030149854187438985
-0.0012105925976001464
 0.0007098544521904615
 0.0007821912056534264
-0.000333209592437711
 0.0005161735356176145
-0.000253873318210307
 0.0010435365483487113
 0.00011248008537106946
-0.0004405538169940937
 0.0005301698860726289
-0.0022233286746725645
-0.0007275736374218744
 0.0011765391041941298
-0.00020721104247989341
 0.0001801445114934519
 0.0010458619477233255
-0.00019787984316832485
-0.001084600326814844
 0.0004204886008213893
 0.0008545136067221182
-0.0001745487053031458
-0.00016521571194227924
 0.000798507573335272
 0.0003131443762650066
 7.746274700665134e-05
-0.0006902506342248427
-0.0008582615581883557
 3.779102179440885e-05
-0.0003472328536318625
 0.0006351582124166644
-0.0003052321409464098
-0.0016026438015546152
 0.0005674848160479029
 0.0006141533709507763
-7.188846940764382e-05
 0.0006934896451782357
 0.000457808015919825
 8.911844866821284e-05
-0.0002819045911797713
 0.0010901763984630941
-0.00023290346070520274
-0.001485979141982341
 0.0011158419059493219
 0.0005254724420422074
-0.0014719809974780285
-0.000804608731939882
 0.0013515190500844598
-0.0005012590884606039
-0.0008279461489775208
 0.0009734937983981173
 0.0002431159787085746
-0.0002492476361508622
-0.0004615945394454424
 0.0011905031617622241
 0.0005441303555421828
-0.0005386018261996917
-0.00039626089484556815
-6.724215578157722e-05
 0.0005837958015819655
-0.00096329742683815
-8.12456824337282e-05
 0.0008871445480366225
-0.0009609666453156973
-0.0002095893663081605
 0.0005557887482776636
-0.00036826729691080695
 0.0006631266936615865
-0.0010356422535228726
-0.0003216005360572316
 0.002651242654697794
-0.000902637006603535
-0.0007952981641949908
 0.001316493638498284
-0.00012325985048866617
-0.00031460550041595425
-0.0006296251979510115
-9.759434300249392e-05
 0.0005371093061863896
-0.0010169843400228973
-0.00015593384898576756
 0.000271090739125901
-0.0011873305306320803
 0.0003387596503715007
 0.00011707885669137719
 0.0006397758212543514
 0.000593105472302291
-0.00033095057288623497
 0.0010994672316659848
-0.00010227205249091487
 0.0007191094044078916
-0.0006506399066878998
-0.0010846667066380378
 0.001022458150862493
-0.0007579823371949845
 4.706481152916275e-05
-0.0005059690908359449
-0.0001956181325429296
 0.000334079249809216
-0.0008536591987695075
 0.0005650912428008525
 0.00044374977076483413
 0.00021040161410279534
-2.5280015155504376e-05
-1.828049439100976e-05
 0.00011939349177031433
 0.0002897360942809568
 0.00011239127993195597
-0.0008186651830456304
 0.0007284262513252426
 0.0007610939706498288
-0.0007906662029630862
-0.0004896491350555587
 0.00025939467135566163
-0.00040097897044261144
-0.0009143438386693958
 0.0006910844106108316
-0.00014196620331907717
-0.0009446816734961505
 0.0002710566521896829
 0.0004997360696096798
 0.0015661321491276525
 0.00034805855679614917
-0.0005199941460794499
-0.00022597749596098282
-0.0003496524405934287
 0.0011251013432898582
-0.0004453266110940324
-0.0007603463086290341
 0.00024537948338326787
-0.0006623422536306545
-1.8304714056227578e-05
-0.000580672506806823
 0.00025004284047741576
 0.001365441844519255
 3.536156756184239e-05
 0.00019403680709051407
-0.0001956540135284457
 7.969485581899027e-05
-0.00031699638258908536
-0.0009096993190926272
 0.0005277189032487639
 0.0003130385273578118
 0.00018236316493619453
 0.0006327224790116381
-0.0004406758123447485
-0.0015047402133155918
 0.0006023846441848835
 7.968588557261125e-05
-0.0006110228999785527
 0.00044370581655756025
-0.00047101633824542244
 0.0005207086181886478
-0.0008863762544491505
 0.0005300407145248376
 0.0015801024858682067
-0.0005153568026997069
 0.0004997028796980829
 1.667315522413393e-05
 0.0011507399400370044
-1.99641959613972e-06
-0.0014394164359867734
 0.0003200210046541696
-0.00044535890398095246
-0.000744044293341406
 0.00028268275203824356
 0.00023367893048981125
-0.000676376279120483
 0.0002616788075969767
 0.00016133858892830588
-0.0002750216836181485
 0.000518358102124139
-0.0001233477589031584
-0.00022835492276457314
-5.801232025404168e-05
 0.0010900553001370605
 0.0006350272468196305
-0.0010310730840155657
 0.0003060058166816648
 8.432502300159683e-05
-0.0011570832952936816
 0.00021966463954198323
 0.0005906858853407249
-0.00044304337187733855
-0.00021669742705371364
-0.000186363180325555
 0.0004623413044416158
 0.0003363328872128535
-0.0007277315137581009
 0.0009407004956242249
 0.0002966611620005555
-0.001229430813052268
 0.0005766760795160586
 0.0007843542435687079
-0.0003403804449079173
-0.0002073734039392816
-0.0003193809855898122
-0.00045939023839686177
-0.0003193827796391102
-0.0004780598132171354
 0.0003876576230127382
 3.2968891339357764e-05
-0.00033338720331593796
 0.0003689871511678433
 0.00026631345990280053
 0.00113903131392179
 9.830163891461074e-05
 6.563212554078213e-05
 0.0007026692473260931
-0.0007650859128174314
 0.00017996959168914417
-0.00044073501597080567
-0.001110442548154622
 1.1956873676333135e-05
 0.00011929571608487732
-1.3713118933056379e-05
-5.5716522692372816e-05
 3.528801154156769e-05
-0.0003497358638847037
 0.0004763125382067912
 2.832315220135939e-07
 0.0002056279229782354
 0.0012486892765324886
-0.0006064223346090025
-0.00044074667729110395
 0.00056731258731757
 0.00026629372536074447
-0.00020273516353491727
-0.0003964142860585218
 0.0003339617395816674
-0.00018173660124148894
 0.00016594991859353314
 0.0004739674042901765
-0.0012154676525087948
-0.0006437677634219541
 0.0002406174535789507
 0.00021728183059049888
 5.3937851819785276e-05
 0.00011694071489720681
 0.0001776101053783119
-3.473679791632378e-05
 4.2266900739384994e-05
 0.0007679759811868858
 0.0014120135207612572
-0.0010801361091901662
-0.0003917625902846167
 0.0003572812161265482
-0.0012411484094138059
 0.0003199438605353544
 0.00024760531302314703
-0.00022142357587257022
-0.0006787851017863722
-0.0004361048487881991
 0.0009989799009567646
-0.0002610961981094895
 0.0003269379991520105
 0.0010433131892140235
-0.0011734866743653982
-0.0006507897098023685
 0.0007632937865752476
 0.0006326184241536859
-0.0002587690046855773
-0.00039411131229982743
 0.00044360445277358274
-0.00013276417555529996
 6.0913152919062075e-05
 0.00012158254340011165
-0.0005411245709945889
-0.0002564418112616651
 2.3574003278514777e-05
 0.0008846244943156445
 0.00019624918136085245
-0.001250504725415269
 0.00017757960654063432
 0.0002009134354796771
-0.00045012631593310815
 0.0010479621939140094
 0.00034791951797730203
-0.0004034595550795328
 0.00017524075179642384
-0.0003287902260448172
 2.3563238982837742e-05
-0.0003824618898107257
-0.0003894632046244628
 0.0010526219629096167
-0.0006904829636059095
-0.000760488038521745
 0.001388639325713481
-0.00020045640944144072
-0.0006018145930422603
 0.0007959345951607522
 0.0006139228356189519
-8.611984031769992e-05
-0.0006228194345082039
 0.0005345820762683862
-0.00023779825015585176
-0.0005201493313417016
 0.00044824089912864906
-0.0008281695081122642
 0.0002382265714057641
-0.0003498094199049784
-0.0006601621722472917
 0.0007095853447992573
 0.00035489661312587684
 0.0005812425579494462
-0.000305477925697073
 7.20650519231425e-06
 0.0003758942783946839
-0.0004174873013969016
 0.00032222261462883095
 0.00039222589549536835
-0.0004828272251692356
-0.0001001386163886897
 0.00040622403999973633
 0.0001658754655486372
-0.00048049734067145966
-0.0006111727030930214
-4.180628660249708e-05
-5.580801920535006e-05
-3.947460805542313e-05
-0.00032649263443396137
 0.00033621268591144116
 0.0002218716316644831
-0.00011181584664154975
 0.0008635748016179168
 9.119447519362334e-05
 0.0002568701325115219
 0.0003782098104982978
-0.00020982618081238913
-0.0006998563230755095
-0.00050384552200472
 0.0009102379743728961
-0.00034983812469341347
-0.0008375347943600508
 0.0003922043669040698
-0.00011416008353354323
-0.00031483962384631914
 0.0009545685715561802
 0.0003245300735107426
-0.0007232000192856081
 0.00029886008090129756
 0.00019151944444351088
 0.0003081921772375429
-0.0005761948338126044
-0.0003451819437962911
 0.0012789140862549675
-0.0006438682301813659
-0.0010242251604148378
 0.00046452945904673637
 0.0007468787461832882
-0.0005411990240394848
-0.00096122498841128
 0.0007095404935674177
 9.816977629290013e-05
-0.0002098495034529857
 0.00029651315293538483
-0.0005552052417655551
-8.384467432276388e-05
 0.001082890726839314
 0.0009288806384540327
-0.00044786909043093015
-0.0003498641384078738
 0.00027083867520283356
-0.0005038751238177763
-0.00025652792562685933
 0.00045518031924240976
-0.0004455409999823412
-0.0010452443542749434
-0.0002425306781471681
 0.00024283072487391033
 0.0005975176624979928
 8.881973946395227e-05
-2.7854787379322232e-05
 0.0005368446839184027
 5.381495944445369e-05
 0.0005858458143929712
 0.0006791838212232837
-0.000289208203296365
 0.00018915278193554208
-0.0003825489012005412
-0.0008469108449035145
 0.0008355220000570429
-0.000562228982195212
-0.0007045717075986335
 0.001099201712373321
-0.0009939241035982205
-0.00025188071497611597
 0.0008635182890657234
-1.153483159893609e-05
 0.0006441700709573506
-0.0015376277036763808
-0.0006579094318682754
 0.0012975397068679673
-0.0005412375960988647
 0.00023580788146881915
 0.0006324973258276523
 0.0008005064557419228
 1.1791821143081194e-05
-0.0014302951404403519
 0.0001471314376834676
 0.0006698284022464418
-0.0006509179843255386
-0.0005435791419169944
 0.0015378775170234449
 0.0001844625141022571
-0.0012226223585355411
 0.00017045988447472737
-6.522174478362786e-05
 0.0008098295818317336
 0.0005951492059407815
-0.0008306034474679924
-0.00048291692763302585
-0.0004479157357120678
 0.00033613015964478743
 0.00046213678282430726
-0.00039424855706937656
 0.00021712036615578745
-0.0005949289944067182
-0.00040358513852878364
 0.0011785083847877242
-0.00045959027489100857
-0.00015623973438710914
 0.00012844302534581464
-0.0006462707736747952
 0.0009358227496417126
 0.0003827888472765495
 6.543567714517584e-05
 7.943561569878632e-05
-6.990752749375106e-05
 0.0008728145044164526
-0.00017491558837984256
-0.0007186156003594624
-0.00032659310119337315
-0.0004245998472657275
 5.376113796623505e-05
-0.0005996120860429777
 0.00023577020643406055
 0.0006581278493529852
-0.0004712737843163284
 0.0007841335755078838
-0.000517945030293121
-3.725057246478647e-05
 0.0013161626364070478
-0.0013673317464469315
-0.0007186272616797607
 0.0017268511222949257
-1.1586859027912233e-05
-0.00044094671378525074
 0.001614841746595097
-0.0007863024520977646
-0.0001959347822399482
-0.0007909711913398065
-0.0019553749139546994
 0.0018505179937055583
-0.00021927309630220826
 0.00018908371103848465
 0.0005064350871206158
-0.0008143112994513646
 0.0008751219632983642
-0.0015166883450089541
 0.0006907758341355708
 0.0012554753054332957
-0.0016800341178290212
 0.001603160928243641
 0.00023107814455147757
-0.0016823702814993124
 0.0013138076352193773
 5.139806355680676e-05
-0.0003546270652368122
-4.6070728054181664e-06
-0.001463028342563455
 0.0006090944259914965
 0.00016340026305955435
-0.00031262904362527877
 0.0007210984195434866
-0.00013295344775376972
 0.001327799500551341
-0.0004153054259642408
-0.0009683393283293484
 0.000870436180588241
-0.000653322321868266
 0.0004644101547699453
 0.0005694155245821175
-0.0005319844379307326
-0.0008120020465202105
-0.000926343100767113
 0.0003453985672317583
 0.00041306837550192377
 0.0004947390193503765
-0.0002286383825499949
 0.00042706652000623624
 4.670958977276429e-05
-7.463188226330963e-05
 0.000977763361676487
-0.0010966946735241345
 0.0005577365002799595
-0.00027298064105357733
-0.0007280086943710629
 0.0007817471784579144
-0.00031731931145856374
 2.8033735780030877e-05
-0.0014210536435924626
 0.0010547598841350592
 0.0009497527202735889
-0.0008913580552896705
 0.0003477149963599935
 2.6682475728900812e-08
 0.0008750780090911459
-0.0008283578832861127
 0.00028704112075572663
 0.0002660389703637578
-0.0003266639661397286
 0.0008074028186730864
-0.0011737163126725458
 0.0011270867703269682
-0.00020532697922687193
-0.0013767311196309362
 0.00015169253396901672
-0.0002566660674210297
 0.0009054023885483042
-0.00013066034126607562
-0.0003266729363861076
-0.0005833558190118104
 0.0010664084095995396
 0.0011947485053754314
-0.0004853526610380521
-0.00014466655899214587
-0.0011993970695775569
 0.0011970783898732074
 0.0002450206735282734
-0.001285738246717294
 0.00014234608523860937
-0.0003780192007773464
-5.6000879502415835e-05
 0.0002053471542667329
 0.00031968641446439294
-0.0012857436288651325
 0.0001493411208798867
 0.0015307560009082954
-0.00010500918617412092
 0.0005600296067676536
 0.0002683446351963714
-0.0001353470210008756
-7.467763051982601e-05
-0.00023568813669416766
-0.0005553747794220243
-0.00039203259470049767
 0.00023567063669932553
-0.0003126963204730382
-0.00023335914922101297
 0.0006300248144124887
 0.0005646866846893972
-0.0008890676398758957
-0.0007117246195761373
 0.0009310391912460969
 0.0005226805898561615
-0.0003290378048447784
-0.0001283600585813005
 0.000326666200686887
 0.00035233350222230175
 5.5981585458275696e-05
 0.00013765222930672838
-7.702814658427926e-05
-0.00040371520710119624
 0.00038033068825560346
-0.0005063897953908603
-0.0016637931002167483
 0.0016217354184523414
 0.000534336291517723
-0.0021608254543181715
 0.0010827005576161675
 0.00046666289514896153
-0.00010037184279437783
 0.0005810012583219448
 6.296944490247203e-05
 0.0006346693339893128
-0.0014024531396693019
 6.963411515570339e-06
 0.0010616921280517388
-0.000576406531626994
 0.0005623271983785094
-0.0007514187704042996
-0.0006580807635739871
 0.0007303345342434819
-0.0005764110167502112
 0.00033830934400352897
-4.9048004019058844e-05
-0.0009567697410329812
 0.0012296931847442516
-9.381660954654869e-06
-0.0004527423512902806
 0.0014840390066749864
-0.0007164265487297206
-0.0008120998222056475
 0.0004619753183895403
 0.0001212874222943916
 0.0004199710176056026
-0.0004410812674808806
 0.00015161987497336327
-0.0002964077605549509
-0.0002310714248811574
 0.0010196689897503108
-0.0008377760939874968
-0.0005087573549234503
 0.00023095256110222673
 0.0003196236227397953
 4.193948674674486e-05
-0.0006347684632262429
 0.0012110074634804624
 0.0003009522538702236
-0.0009171213384612797
 0.0007559776161137344
-0.0003664235997664633
-0.0007047780232652401
 0.0007419740894615834
-0.000473766030273548
-0.00023341924987169138
 8.626559880681173e-05
-0.0008191226656107387
-2.107593467565172e-05
 0.0006626306390370984
 0.0011736602406182128
 0.000632293701234965
-0.0005671121103255627
-0.0008401293011259248
-4.208257019083783e-05
 0.0008259683386354078
 0.00012592566269875594
-0.000359437534371565
 0.000487612121087333
-0.0001984297192710316
-0.0014515054005482253
 0.00024259480739424744
 0.0006439511969458245
-0.00085413910695048
 0.0006602837110711302
 0.00109430871697197
-0.0013581718788410746
-0.0003034431623049616
 0.001005634067235861
-0.000336113572703467
 0.00041059676111143695
 0.00022391805637689277
-0.00012143678491099985
 0.0007256128705478981
-0.0009008184261490304
-9.57712774248276e-05
 0.001446653211753357
-0.0012181733903296466
-0.0015705286494067106
 3.9566545066316294e-05
-7.710798177701372e-05
 0.000340582715949167
 0.0007302717425188843
 0.0005132578940315602
-0.000767819458402097
-0.0001751183159479086
 0.0016099873232531259
-0.0005764773965733494
-0.00032679672578606045
 0.0009356110518272676
-0.0006324834299602511
 0.0002822369307934336
-0.00011445430761464204
-0.0006021509772812794
-0.00029880043677738
-0.0011038493795508808
 0.0008539332317817339
-0.00027780187448395166
-0.0012485273715999723
 0.0014746342513431432
-0.0006861622699231851
 0.00013288571437924945
 0.0016146399160516522
-0.00020546960614420406
 0.0011759452738842047
-0.000732836206973897
-2.3461434700999817e-05
 0.0004922351120728585
-0.0009708531028778666
 0.001122270919044377
-0.001003523513276372
-0.0013885473887025879
 0.00017954529903563277
 0.0008165824208209438
 0.0003125514429797027
-0.001299879018138994
 0.00022154421767184296
 0.0002938809711347523
-0.0007841842654143227
 0.001227268215634847
 0.0012202669008210543
-0.0006418451281094972
 0.0005458915264198727
-0.00043883480627432414
 0.0007185667045022659
 5.3526117511248916e-05
-0.002338284190796125
 0.0010079146153786356
-0.00039917025725910715
 0.0003592074395375455
 0.0003125370905854852
-0.0012742251719730646
 0.001206255300947201
-0.0005671847693212162
-0.00048318065287639156
 0.0004595413790338121
 0.00044787311902727556
 0.00014918772966687754
 0.00065788385865162
 0.0008025582626021155
-0.0011575596153761691
-0.00016816813153847088
-0.0007935396843911646
 0.0003988639153309492
 0.0010849039616401268
-0.0014819167913951992
 0.00030085537520935235
 0.00027285280702826764
-0.00028251456793321195
-0.0005858669024863539
-0.0007678786620281541
 0.0004525266088504787
-4.450395120164652e-05
 0.0020486200707205415
-0.000539201935682132
-0.0008728894139881094
 0.001826937482991231
-0.001078236796518306
 0.000576194377285788
-0.000606877126100136
-0.0006838826188050873
 0.001005550643944586
-0.001353591048013525
 0.00042218070080196624
 0.00026350366722394103
-0.001523937238622708
-7.018470810671307e-05
 0.001474573253667788
 0.0004921803935699631
-7.018739918063233e-05
 5.8152696595259457e-05
 0.0002984994769970606
 2.0815341004010168e-05
-0.0007422310950346844
 0.0013298916735202115
-0.0005182195198321637
-0.0010339178606552646
 0.001061539633863351
-0.0007189008541941821
-3.286080788500456e-05
-0.00033387966984183004
-0.00021020651925868217
 0.00026582099337685294
-0.0014306144812112342
 0.0009541936152577257
 0.001054532039877154
-0.0009825904337814606
 0.0007698465890703665
 0.0007721791646420617
-0.0004995642974060521
 0.00017014144072846626
 0.00034515098843179715
 0.0004991592827678359
-0.00025922020807817026
-0.0011716088902848365
 0.0003988172700498116
 2.7794230201827475e-05
-0.0008752605616192399
-0.0004832380624532062
-9.821598107623286e-05
 0.00025180401135516117
 5.112447104238527e-05
 0.0016892213366718756
-0.0002055593086079388
-0.001878660057232251
 0.0010801822979444875
 0.0006158203542415697
 0.00021679564323706657
 0.0006718219025051986
-0.0005719198883863963
-0.000676927052247811
-0.00037590998434028355
-0.00020790085442606854
 0.0004898065548649133
 8.844837126409377e-05
-0.000770270441225962
-0.0004249173939873674
 3.944275566636346e-05
 0.0008374894866013394
 0.00033579198135647026
-0.0008076104878911305
 3.477222237507904e-05
 0.000830485480713683
 0.00014444364035531843
 0.0002587829005529785
 0.0012248396584268462
-0.00032458704258964133
-0.001264977395952771
 0.00014443915523215667
-0.00025225208317603
-0.0012556461966412025
-0.0009429617657517597
 0.0011291610028030807
 0.0010031525855743184
-0.0010293029428914968
 0.0005341227996540354
 0.0007628022170739213
-0.0008566286618337804
-0.0002872622453433116
 0.001654186057814644
 0.00111748646362414
-0.001087646036973311
-9.125413534649685e-05
 0.00010709013832055359
-0.0006676236607000008
-0.00017292836729349004
-0.00023826649701658154
-0.0003689418594381433
-0.0004436138795467226
 0.00043143744706863885
 0.0005621110154409026
-0.0003059416874345855
 0.0005037724064823612
 0.0004034321878136349
-0.000499622604007488
-5.393023512478834e-05
 0.0007767851121594505
 0.0007464490713819383
-0.0008916495882967945
-0.000774976855502707
 0.00038942507306288787
-0.00035262010960845913
 5.106975253954538e-05
 0.00026341486178482754
-0.0005556349165668495
-0.00017061283518987613
 0.000695104601040053
 0.000422087410239691
-0.001568365611491429
-0.00024762101896874666
 0.00155848587359958
-0.0002872918471563679
-5.394548454362713e-05
 0.000942446417083076
 3.239120747283719e-05
-0.0008029928790534435
 0.00013972915285681564
 0.0004360792755715437
-0.0008496650220548019
 0.00010005742764451764
-3.061793477704411e-05
-0.0009640078703510024
 0.0004080731192919185
 0.0001117212025278369
 0.0001560562848342828
-2.8727614737045215e-07
-0.0007423324588187175
 0.0017871509386253592
 0.0005224078943663613
-0.0016010530653580157
 0.0005924102782083329
 0.0007160834287914253
-0.00042498556785980357
-0.0007866747173222444
 0.0004990677862548032
 8.137529447932446e-05
-0.0006816711415593701
 0.0008700872380043023
-0.0006816729356086682
-0.0007026750860006925
 0.0006437377050821369
-0.0003269877920338282
-0.00016597907990872907
 0.0003007145423413182
 2.069693375184034e-05
 0.00010703452279303693
 0.000403384645507876
 0.0004897222345490171
 0.00025404060529066186
-0.000364330529772916
-9.831555081096788e-05
-0.0004856728988336112
-4.698094774002737e-05
 0.0009750791524468783
-0.0005720140759732928
-0.0010200417115016625
 3.235353243807859e-05
 0.00027270031283993523
-0.00027333317173611205
 0.0001956939231103072
 0.0007113904698842211
 7.668502664603949e-05
 0.0003123648618550967
 0.00012801962971698
-2.1323513475557387e-05
 8.601532893293129e-05
-0.001001383798001687
 0.0001326829868111834
 0.0009050615191860678
-0.0006280308736558715
-0.0003083460249773129
-0.0003736841547004044
 3.0005707447489094e-05
 0.00032635583016232816
-0.00033168433903962846
 0.0006343724188342947
-0.00019634472249924206
-0.00026168285222233356
 0.0009143864393252321
-0.00027801895444623526
-0.00019634831059778257
 0.0005060260438859987
 6.966577133948881e-05
-0.000838055965674378
-7.967826887766982e-05
 0.0011827295087357137
-0.0005183729110451729
-0.00047170435614229955
-0.00010768352813267379
-0.0004693726775952256
-0.00031769785585555876
 1.5987828401176074e-05
 0.0012247257362979491
-7.501939690668369e-05
-0.00018002656076809842
 0.0004990130677519633
-0.00031303629281065337
-0.0003503727513772814
 0.00014432254202928485
 0.000513010315231599
 0.00039866926098464095
 0.00039633489136364775
-0.0006327274206616162
-0.0009827492071423083
-0.0003480455579533692
 0.0002633233652718503
 4.1642571591726796e-05
-6.103111967337149e-05
 0.0007743511728037222
-0.0008940826306279015
-0.0008590814387069434
 0.0015817300000749435
 0.0007440124409522908
-0.00032938585040409585
-5.170350846028793e-05
-0.00020804706944194118
 0.0006086674422641214
-0.0005977387870855777
-0.00112043754569785
 0.000774341305532722
 0.0003099793618297486
 0.0006203303201227639
-0.0006864152308709293
-0.0006537475115463987
 0.0009796824088903477
-0.0010597735373645834
 0.0001116288089901829
 0.0007439989855826945
-0.0004624072437669491
-0.00010772030614281114
-0.00033406804501573406
 0.0005223155008287073
 0.0005689840557315251
-0.00042507616734815956
 9.99542698111866e-05
 0.000797661679102224
-0.00035974162572360857
-0.0013024654516831102
 0.00039863517404842286
 0.0002889610649942642
-0.0006584297061579258
 0.0005503082017387917
-6.339598813204228e-05
 6.961105283664892e-05
 0.00027262227169644326
-1.672922727846693e-05
-9.840166517616211e-05
-0.0011694664839361768
 0.00062497304565029
 0.001049664161165642
 0.0004476273342766679
-5.173669837188477e-05
-0.0009454575998075199
 2.9933048451891153e-05
-0.0009501263390495618
 0.0003076144933710223
 0.001271337778648629
-0.0006864466267332281
 4.260364768582381e-06
-0.00012641499765292386
 2.5259824086687477e-05
 0.00023293798813928124
-0.00045310385221913885
 0.00022826924889729483
-0.00041110313953363065
 8.359215387282459e-05
 0.0014113371641846784
-0.0003434351253127632
-0.00038543852907213516
 0.0004312759826339274
-0.0006724574524752946
 0.0002655976342421651
 0.0003659360588615379
-0.000511450534399438
-0.00037144307564168644
-0.0006421267938456765
 0.00042660275826872374
 0.00030292781363627785
-0.0005627914166428938
 0.00046860257392949967
 0.0006319447586510263
 0.00013724767119527304
-0.00032478079991132836
 1.3571829538150393e-05
 0.00017924748685604897
-0.0003481182169490227
-2.143295048134819e-05
 0.00033325398714278975
 0.00041025768579849853
-0.0008918209200025617
-0.00010077460685659068
 0.0009096181303484552
-0.0008358202687634986
-0.0002221178729419071
-7.277652379866772e-05
 0.0005852618513540464
 0.000984284768309196
-0.0014005251222090065
 0.0002959085583297827
 0.0012782996243783096
-0.0011298449921036124
-0.0010575082386406476
 0.0010519500914562552
 0.0012549613103160495
-0.0008124963070954005
-0.00037613782859818867
 0.000904937729786115
 5.788628027797449e-05
-0.001461205276985733
-6.112261618640424e-05
 0.000848930799374592
-0.001111187078603637
 0.00013955333602788667
 0.0006949189169400682
 0.0004032339453687861
-0.00036914638105545183
-0.0010271865502574085
 0.0013692889091934113
-0.00014746917547386884
-9.380020278193513e-05
 0.000925926424808543
-0.0016735629445759903
 1.1203372980939097e-05
 0.0007905823231449949
-0.0005324975360233575
 0.00019787848961688725
 5.5535764213521244e-05
-9.802365509625766e-06
-0.00012180994716015636
 0.0002468778260422133
 0.00046622335307661134
-0.0005301703425994453
 0.000300545004684849
 0.0004032169019006493
-8.914671295878751e-05
-1.2143014303078736e-05
-0.0008335262652511277
 8.119409550255696e-05
 0.0002702044787841751
-0.0005931812788985691
-0.0004251721489844096
 9.519134298224818e-05
 0.0003985418834861476
-0.0006351873737318603
 0.00045454343174983203
 0.0012292554367211994
-0.00022216541524766598
 0.00014418888535827623
 0.00030286412488700343
-0.0005021848178863864
-0.0007798689538794368
 0.0009492333430085043
 0.0009305646652129074
-0.0019396075253509393
 0.0003448612494739156
 0.0012642485554203997
-0.0017902679702569424
-0.0002921794604099359
 4.170662304847639e-06
 0.00010450908692427596
 0.0004125265726209748
-0.000600201431229741
 0.001866278206112293
 0.0007672117161958147
-0.0013492488257395574
 0.00020717649901685897
 0.0014065805165281442
-1.9172136880574175e-05
-0.0014962611874095866
-1.217351314075632e-05
-0.0007308839698483838
-0.0003528623062605818
 0.0004265166439035295
-0.0005302080176342039
-0.00019418886078104158
-0.00033419811358814666
 0.0015885824087988887
 0.0007368640140980043
-0.0007938949061476186
 0.00037750744020720317
 0.0004918467004048632
 0.0005921851250243471
-0.0006352223576927551
 0.00035183565354857116
-0.00020119824881653647
-0.0008545714728257492
-0.00035520923422649453
-0.0007542339452309421
 0.0014298955079498632
-0.000838240752749686
-0.0007425692733230016
 0.0011125405437691915
-0.0006025627115898713
-4.486365808126225e-05
 0.00024915299203714936
 0.00018848180750674626
 0.000267818978758827
 0.0001231427807590335
 1.8013087230150937e-06
 0.0006925083002248811
-0.00016854398486154665
 0.00014880739122064002
 0.000606167123085144
-0.001309614775562018
 6.462871767920486e-06
-0.0002315522300867512
-0.0006609120848441452
 0.0006621659802749091
-0.0005069046875327277
-0.00026655790713098204
 0.000734500939688576
-6.121411269938148e-05
 0.00033547533165945165
 7.412550384100491e-05
-0.00036223476870544946
 0.0009748441319918921
-1.2215673298732188e-05
-0.00032490189823736193
 0.00023979757306036298
-0.0005769187326949976
-6.588913111388317e-05
 0.00013012166995690633
 0.00033546636141312813
-0.000532586341462471
-0.00031090734183158997
 0.00039846743044125166
-0.000700599059475282
 0.0009234969705759766
-0.00040658330638143614
-0.0007216030039164933
 0.0011801762651031389
-0.0002245751349382319
-0.00029224673725769534
-0.0003715857025590741
 0.001075166410167805
 0.0003331212274964579
-0.001087964480719572
 0.00097949134264258
-0.00017324501699050865
-0.0010062956309204174
-0.0006702764740673106
 0.000587464358353329
 0.0015395202806490205
-0.0007472837608215599
-0.00020358554289118258
 0.00013010014136560777
-0.000856959663924961
 0.00035411171656812845
 9.976230653879758e-05
 0.00040777979223549643
 0.0003914445870361605
-0.000898966655782929
 5.5422739109189934e-05
 0.0003984423137514126
 7.875567102361147e-05
-4.025232841603499e-05
-0.0003902741148966715
 1.8082692443965875e-05
 3.441610359400382e-05
-0.00038094291558510296
 0.00043343812352458766
 0.0008814639650036038
-0.00022693641529836217
-0.0006049598729354622
 0.0007274520825690245
-5.65956068370177e-05
-0.0017646984444069647
 0.0008884590006448811
 0.0005291033237787568
-0.0009876547608885788
 0.0002490848181647132
 0.0004590964548136234
 0.0004964311193310089
-0.00034128643979169926
 0.0009724577349418673
-1.9269015541445444e-05
-0.0015196927920341219
 0.0004357563467021208
 0.00010673581358877637
-0.0003762939108851171
-1.2273082875491337e-05
 0.0007204364153610698
 0.0003914158822477809
-0.0007939890937345151
-0.00027362560176785733
 0.0004894190402215393
 2.9724041711365334e-05
-0.0005583119495993216
 0.0004964167669367914
 0.00028173639104578374
-0.0006236518733717111
-3.095073091746725e-05
 9.738936485836902e-05
 0.0002373968236161761
 6.23854818635472e-05
 0.00045674145362595286
 0.0004684079195831914
-0.0007986685972721785
-0.00039964568031697345
-3.795832490371964e-05
-8.46286738558355e-05
 0.000655081242169897
-3.79610159776389e-05
-0.0016993944016200913
-0.0003249799393807984
 0.0015627984940605466
-4.263154926892332e-05
-0.0008196788208859052
 0.0005477352235642718
 0.0011357694208257163
-0.0007450103888758663
-0.00027831676662581906
 0.0017564704403870701
-0.0005046654025233077
-0.0008056842644801332
 6.23666443461679e-05
 0.00034938287667540813
-9.397781366016211e-05
-0.0015804007545746068
 0.0005033893769621489
 0.00027937511068565346
-0.0007496872013396105
 0.000617726843110511
 0.0002583711662443866
-0.0004930079068124482
-1.2313448984169195e-05
 0.0009000734391731435
-0.0004300068377843247
-0.0004533424607726655
 0.0015557765476801322
 9.968875051852288e-05
-0.0007100271374476663
 0.0003703697776485937
-7.653679988561812e-06
 0.0004427056340868818
-0.001043717306827563
-0.000896709430280751
 0.0007343870175596234
-0.0005793589512231856
 0.00023502208788650503
-0.0004346854442973669
-1.4661273974758693e-05
 0.001287415537776948
-0.0003483496493054683
-0.00018734093718031364
-0.00032968366258367965
 0.0007927157592472756
 0.0010493968478236804
-0.001207072049894009
 0.0013527464913029585
 0.0012547397452306042
-0.0025814901002318424
-0.0006750438860194108
 0.0007483735007436376
 9.500027673448042e-05
-0.0004743679338052309
-0.0001336818317593247
 0.0013317380617384744
-0.001158078095616577
-0.0006003790421079125
 0.0007226990230110864
-0.0010064050679262082
 0.0007483654275219354
-0.0002783634119069567
 0.0003353389839145793
 0.0006386895244184787
-0.00019902803470417396
 0.0013760650708231625
-0.0013891008529038906
 0.00034466838917690534
 0.001126380811937333
-0.001144088921358588
-0.00026437064955048273
 0.00036566605444571243
 0.00023499069202415068
-0.0015314489604551507
-6.369559436092409e-05
 0.00159073557944317
-0.0008384102904061552
-0.0008407446600271484
 0.0006246752334707062
-0.00028304650354321614
 0.00026765213217627704
 0.0008906884183833563
 0.0002373151943741436
-0.0003273860709728238
-0.0002713836256845181
 0.0006060011735272708
 8.330241491494306e-05
-0.0011231038144347005
-0.00015238011136803342
 0.0006596674551452297
-0.00019205093955565467
 0.00028397657307988045
 0.00014163384767651443
 0.00012529864247717848
-0.0008314260190604994
-0.00047673908143636146
 0.0006969967375147768
-0.0009597697029349317
 0.0005803213136468255
 0.000304970650250147
 0.00017429528782858528
 0.0005546504240128147
-0.0007380942914026467
 0.0005126461232288215
 0.00016029086415181304
 0.001247688197037189
-0.0008874401256691589
-0.001176791624644069
 0.0021274046747959963
-0.00010339602436154616
-0.0013378039248677087
-0.0009504483708943634
 0.00027929079036975724
-0.0004510870293197855
 0.00017894967467640965
 0.0005056349411440841
-0.001344809724804663
 0.00047763147593826716
 0.0007553138178820751
 0.0006829752703699232
 0.0005616337983337938
-0.0006587732665940815
-0.0005561013693782813
-0.00014541108944116088
 0.0005709641006207411
 0.0009956552161360932
-0.0002107510132135504
-0.0006937807376874994
-0.0007707862303924506
-0.0005677750115326008
 0.0010936565800605536
 0.0002186034593959496
-0.0008127923252257419
 0.0006456271504829969
-0.0004371050312589331
-0.0012141523028758594
 0.0018333620109631243
 0.00028860225513926974
-0.0007987968717953486
 0.0006502887135279023
-5.208743500506596e-05
 0.0006036174675511652
-0.0008991397815379387
 0.0002279265854858159
-0.0005327863779566178
-0.0012888323962061965
 0.0016116731440612986
-0.00032744348054958294
 0.000468269777789021
 4.591034082085388e-05
-0.0005257913423152849
-0.0001477696787274274
-0.0009341508407298971
 0.0016093333922924669
 3.190502011940488e-05
-0.001706532961203433
 0.001144969654540251
 0.0015696607700555476
-0.0004487939228320914
 0.00018590972635684766
 4.5900473549853604e-05
-0.0013121814745641336
-0.00031578957293731946
 0.0007109374724423301
 0.00045892153500937116
-0.0010741708578326237
-0.0009598315976349081
 0.0008649430757044496
-0.00023412341421208405
 0.0001042292152373947
 0.0007692680081792247
-0.000952835664968954
 0.0008929402617376958
 0.0003912427564927712
-0.00037413715214229537
 0.0008112660297907026
-0.0005934853702506682
 6.2161899926360675e-06
 0.0005382470449411536
-4.512200117684495e-05
-0.0006401584102767033
-0.000224801185146839
 0.0004799066419332032
-0.0009621803196501189
 5.9879780536786775e-05
-6.846210928845853e-05
-0.00018046969093898912
 0.001046935997728815
-0.00032514678596334834
 0.0006665781704706109
 4.587356281071653e-05
-0.00022247668279684607
 0.000150878035598212
-0.0004231571201342432
 0.0001252080429888225
-0.0007451781324830375
 0.0005965677134069924
 0.0005242291658947851
-0.00025281810572219676
-4.7473414265974956e-05
-0.0008268541584793287
 7.386536669617971e-05
-0.00014781542698388828
 0.0009209141251304009
 0.0013386048228566372
-0.0011488778619019868
-0.0002784934804794248
-0.0007825244583206659
 2.4856162999853382e-05
 0.0013526011733117072
-0.0013355601547350715
-0.00035083561609017266
 0.0004238763888811947
 0.00027920019088134573
 0.0005172134986868304
-0.0006308559157535143
 3.184940459183272e-05
-0.000280836820346797
-0.00028083771737141827
 0.001070242018904155
 0.0006105470203939256
-0.0002785069358489656
-0.000558524544438388
 0.0004472012475738585
 0.00015084933080983243
-0.0003648490100133239
-4.983110652750922e-05
-0.00031118093434601146
-0.00013850485923899702
 5.05055240426211e-05
 0.0007015434814061083
-0.0004348585700523766
-0.000427859049287882
 0.0008532165090964772
-0.0008222177121242624
-0.00028785338457937293
 0.0013432430632610015
 0.00034918284018126133
-0.00019685064439473043
-0.000257521828925078
 0.0005311910116244656
 0.00012749935542727409
-0.0015502683383898375
-0.00019918860211426415
 0.0014085731197623352
-0.00015252094423612306
-0.0016552781933251715
 0.00035850776032037013
 0.000846202635937765
-0.00169028297334467
-0.0002831998947561698
 0.0015275739430049007
 0.0006175187333946619
 0.0005591810214606863
 6.215046140850555e-05
-0.00010352698995863552
-0.0004395479408610403
 1.4774828289154662e-06
 0.0009862020214738143
-0.00017586822854476214
-0.0007639042198554491
-0.0005235574394537035
-9.886632393835137e-05
 3.414071703033983e-05
-0.0007009040478519468
-0.00037888572657707176
-0.00043488996591467544
 9.24739438410982e-05
 0.0018332436037109545
 0.00015080896470115457
-0.0005842358001810766
 0.0005474975120353109
-0.0001408778009194256
 0.0005451622453896965
 0.0009651864157123047
-0.0003508930256669873
-0.00031589183374597374
-0.0010206014548753695
-0.000591243394167329
 0.0012918680940813276
 0.0003024748161943869
-0.0008595954338241341
-0.0011769486039556187
 0.00021380016645827782
 0.0007341636584249356
-0.00019922627714907826
 0.00015779413307143164
 0.00011345725671568774
-0.00022256369418666155
 0.0005451478929954789
 0.001254522665268376
-0.00048624878865077825
-0.0007896011232039757
 0.00015312090870622797
-0.00036491090471330034
-0.0002715728978830434
-0.00032291019202784765
-8.022993902967457e-05
 0.00031879297792558603
-0.00027390995857795586
-0.00012690208203103293
 0.0007458157719879566
 0.0001834479792373056
-0.00025524576590552073
 0.0002884524520248566
-0.0011979704888895881
 0.0006104698762751104
 0.0014691868947158682
-0.0010206292626391278
 0.0004517910486477872
-0.0012329770629583847
 0.0002954465906415127
 0.0015391865874839206
-0.0011933107198939807
-0.0005749413788796454
-0.0010136351240224717
 0.0016721909373785815
 0.0007644692003647147
-0.000203922824154823
 0.0007714678241046435
-0.0010183065543384329
-5.224979646445416e-05
-0.00027393059014457766
 0.0005824529556997526
 0.0014528373371224257
-0.001853694228963254
-0.0021080436389926405
 0.002145876007171421
 0.00035610162872840023
-0.0013380003732632595
 0.00011108521205988042
 0.0014644984209318257
 9.941605502877815e-05
-0.0029410996350703877
 0.0026849018977611605
 0.0007224505471865594
-0.002231726656846733
 0.0012941495392487234
-0.0002902792507133989
 0.0002697532753915821
-0.0005656308111347541
-0.0003812873730458799
 0.0006524400901228855
-1.2600496868131472e-05
-0.0006379720497208807
-0.00042095999528274364
 0.0009044515424326827
-0.0014616905673145997
 0.0006244330368185835
 0.002171524471189512
-0.000808320931403983
-0.00029029091203369717
 0.0008461093453754898
 0.00012739888866791782
-0.00010361579539774901
 0.0009371120855601323
-0.000861996183268321
-0.0008969991692386325
 0.0003024048482726527
-0.0006449859228795374
-0.0006333194569222989
-0.0005633161760557615
 0.0005940853347208286
-0.0003953079431661122
-0.0006543242983882425
 0.00204783607118747
 0.0008134281706813629
-0.000588989756763636
 0.0005800791169947028
 0.001077107882997641
-0.0007266673310236116
-0.001186362329533841
 0.0008390909870936158
 0.0001367148385606476
-0.0011023600071383144
-9.61838674706783e-07
 0.0004890665095390601
-0.0008923501645385912
-0.0008153464658829379
-0.0002553139397779569
 1.303451178036319e-05
-0.0001363086314121742
-1.7302426021770234e-05
 0.0006687376202873518
 0.0012544383449524799
 0.0011680989618619853
-0.0006940130670685662
 0.0002953784167690765
 0.0001670365269438867
 0.0003420460746472731
 0.00106308820990203
-0.0019960952609681115
-0.00037199923091690845
 0.0005357207120477159
-0.0016857460967243387
 0.0004050444526015329
-0.0009250358243559353
-0.0008923681050313492
 0.0010257454721629422
-0.00022266326392145208
 0.001870460758000847
 0.00012035541369614933
 8.76859003222652e-05
 0.0005917150841143193
-0.0010697183015281886
 0.0013197567401335153
-0.00021800259790116794
-0.00033001017955169853
-9.199687174626936e-05
-0.000829375109224928
 0.0008857263520848924
-0.0010790584710861362
-0.0005446941435413022
 0.00041436219654356066
-0.0009507201693594869
 0.001226408866032258
 0.0007293783059800218
-0.00047702792336962174
 0.0004516932729623502
 0.0006337032384547969
-0.0004303611625161019
-0.0009950624278630693
 0.0003163482742741808
 0.0005730293628505301
 0.0003023456446465955
-0.0003766957779226532
-0.00038136362014007386
 0.00046568603531882413
-0.00015735204493749766
-0.0010954089257042554
 8.766078363242613e-05
 0.0009487112746695558
-0.0007943936518459704
 0.0004516798175927539
 0.0013874014317138417
-0.0019424648603355577
 0.00043067587315148703
 0.0006336870920113369
-0.0008620697392885956
 0.0014293994533254306
-0.0016951212502431812
 1.7646738470211698e-05
 0.0008670298665255372
-0.00106041939510354
 0.0013803920436783468
-0.0003533789924516917
 0.0002439890951952961
 8.531206161721538e-05
-0.0018234694192408307
 0.0008786909503349372
 0.0005450034720288488
 0.0009113577726348465
-0.00022971122401632682
-0.0007874120715741784
 0.0018820796816522711
-0.0015014564801137387
-0.0008084160160155007
 0.0001763085226293981
-0.0009880951999855503
 0.0009300183772087411
 0.0003466493310907426
 0.0004586551186920307
-0.0003627281322560183
-0.0007780871514350696
 0.0003023097636610794
 0.00043298333203339867
 0.0008903430638979581
 0.0006639953250250352
-0.0006777523149142373
-0.0004700741508616435
 0.0010373482493709063
-0.001958831461397137
-0.0018281578930248732
 0.0020547396103158255
-0.0005284154508942152
-0.0007104272104359599
 0.0019053946730739901
-0.0003044047727162047
-0.0008387708943103922
 0.00015762100731642192
 0.00026962679491771
 0.000801657649866172
-0.000614761113157114
 0.0007643202942749228
 0.0014153582516384655
-0.001776833157224933
-0.001135129090246878
 0.0005006343027862403
 0.0004912995153760202
 1.0603263498498716e-05
-8.740348257380015e-05
-0.00042342443347620495
 1.2934045020951412e-05
 0.0012100045899358647
-0.0012798115674191313
-0.0010954681293303126
 0.00047495803100433553
-0.0007944519584474063
 0.0017116967130329508
 0.0015460192616658097
-0.0005074375201673531
 0.001118991982480222
-0.0007757886627995925
-0.0019238580772399372
 0.0012379963938213834
-0.00022275834853302534
-0.00036510107393644686
 0.0012356602301510922
-0.0011048136810360432
 0.0005612848557498551
-0.0015108397068542834
-0.0002204302580844364
 0.002304386194166841
-0.0028385883052646776
 0.00014592224847226332
 0.0012589877799176752
 0.0021597073050931836
-0.00015509840753386017
-0.0029972689269412434
 0.001980027224098513
-0.0027989255502987587
 9.924651737230894e-05
 0.0028387424484899726
-0.0007968087536843749
 0.0019403537048369723
-0.001543521778573087
-0.0008948172938059717
 0.001006961975213716
-0.0003977894248276548
-0.0004957961709000092
-0.00020877993857071342
 0.0018866775559479576
 0.0002649132044438285
-0.0012635122432054224
-0.0009951637916471023
 3.15632537325472e-05
 0.0007176033000416693
-0.0007804870038546352
 0.0008132738824437324
 0.0015973197778005321
-0.0013685247892146757
-0.0006264814005925712
 0.0008949418352182659
-0.00047714094847395305
-0.0012471878023017635
 0.00022756598158157892
 0.0008622696307704625
 0.0003419043447545622
 0.0005355816732289242
-0.000715160535451842
-0.00012712633819039754
 0.0006732538653410058
-0.0002601360702329525
-6.879221435501792e-05
 4.088010064995373e-05
-5.2459700229601225e-05
-0.00012246477514543663
-4.7794549086155325e-05
-0.00016446907592948534
-0.0003558147258567179
-0.00017847170555701508
 0.0002625537181329407
 0.00029988838265027074
-0.00016680703364901905
-7.813597201150602e-05
 0.0003255538901364985
 0.0005682341431346716
-0.00015747673136212725
-0.0010208624890448714
-0.0002274827033025284
 0.0007082389108185039
 4.086485123111494e-05
 0.0005308931994448818
 0.0011795976842120526
-0.0010465360697528014
-0.0002391554484322267
 0.00018786913967944185
-0.00022515640690329297
 0.0006288936663447209
-0.0014385639510667292
 4.319025060578463e-05
-0.00011081983777955218
-0.00010382031701505756
 0.00180962631498649
-0.001536574285237624
-0.000904204108645057
 0.0013965989743544571
 0.0012542562489510911
 0.0006452190042729455
-0.0018515975708711663
-0.0003371747528495006
 0.0007432221622467039
-0.0015692500777839125
 0.0005378747797166183
 9.91810345737365e-05
-0.00051218968270067
 0.00044686665738413733
-0.0010162215575665878
 0.0020172919206941087
 0.00028585435716044216
-0.0016835974112032748
 0.0016089315252548753
 0.00014817678290052205
 8.517212577380251e-05
-0.0005565337352534949
-0.0010862329116549385
 0.0010442266718093673
-0.0003511908378465711
-0.0003278570089074728
 0.0007852085225379946
 0.0007665398447423977
-0.00027185635766840965
-0.0013942575735486629
 0.0005751924007658116
-0.0004445360208739646
-0.001398927209815326
 0.0014595758237174183
 0.000892541085774079
-0.0004655408623398527
-0.0014596010854195929
 0.00025550037589022745
 0.0024746319180166676
-0.0003768724917762589
-0.0010442465513636479
 6.881898008181953e-05
 0.0007781937523546612
 0.000409504185103049
-0.00023220167592424845
-0.0002835389700691082
-0.0009252448310964612
-0.000894910584368247
 0.00047950387787104587
 0.0015575673203708784
-0.0012939370894219926
-0.0007782405426480787
 0.0017185742384467906
-3.5294347014436234e-06
 0.00024148429089315693
-0.0006382357749642464
-0.0009485885273065597
 0.0011702036931758308
-0.0001692104741671252
 0.0010768629952716546
-0.0002485503364931252
-0.0013289490456385722
 0.0007875097022474464
-0.0011166048334179113
 0.0016322249880852957
 0.0007921739563662711
-0.001982325857746381
 0.000481820306999281
-8.209835263728316e-06
-0.0006265809703273062
 0.0004234808010160629
 0.0001761318087758479
-0.0004795748878296813
 0.00030913795271986233
-0.0004119059765841371
-0.0004982453596745762
 4.078591306305723e-05
-4.555347002743737e-05
 0.0009251702330392297
-0.00016689583908813255
-0.0008552711520429246
 0.0007734918232010779
-0.00034190897489005945
-0.0003325759815291929
 0.0018118844375132892
-0.001629988539162075
-0.0008086070822632685
 0.0021502352729135255
-0.00018557169308086596
-5.723159730491867e-05
-0.0009089499920058586
-0.0008576144919102968
 0.00174887350121411
 0.0007594802233271691
-0.0017933396941299251
-7.823823282016029e-05
 0.00030678384855681307
-0.0006359399774026886
 0.0012868405449843467
 0.0003791188079704799
-0.0005006012578868679
-0.000796953174651005
 0.0013708419703552521
 0.0019052062979001416
-0.0018423515889001707
-0.001478330760890545
 0.0005797911720861193
-0.0003699330716624427
-0.0011889828500141753
 0.0014081712527247991
-0.0002742633862850563
-0.0018026888339343072
 0.0013428313289524096
 0.0010161442684354927
-7.125485849912572e-05
-0.0001062578444693818
 0.0002764307643112196
 0.0013731619875820833
 0.00035576703853862357
-0.0011003207586229857
-0.0007993036907154583
 1.7410820990548803e-05
 1.0756157913238695e-06
-0.0007643042928437427
-0.00018093704077504214
 0.00014341475309620488
 0.002199203213476497
-1.2623419282098425e-06
-0.003025443723852772
 0.0009741274093065799
-0.0009299871263587223
 0.00020174618585772075
 0.0013031443543212728
-0.0003419547231465758
 0.0025842190156810108
-0.0014970254524006577
-0.000551969947894082
 0.001181799294186714
-0.001753710129075603
 0.0009111146789581026
-7.827859892883815e-05
-0.00041896649502393135
 0.00042574968783853917
-0.000596312206397609
 0.0008504399063292145
-0.0015530377649599636
-0.0007199889450793528
 0.0010837844748926573
-0.0004889769520876053
 0.002192182164120704
-0.0007293264235633812
-0.001198355312459043
 0.0008877682916740848
-0.0009486755386963752
 0.001996165980902187
-0.0012753634962379135
-0.0017607266933082344
 0.002850214260100903
-0.000374645765111703
-2.2292300083992522e-05
 0.0018841539141284391
-0.0009253479889297367
-0.002059416567791794
-0.0011890321863692321
 0.0013357842658821562
 0.00227850629779236
-0.002432775771310125
-0.000650003604705518
 0.0013567819311509632
-0.0012123722944807347
 0.0009390885423508077
 1.5032497162337233e-05
 0.0003930541607501947
 2.6698066094898998e-05
 0.000533060722483325
 0.0015201187337246513
-0.0017677450515901083
-0.00018565152827360043
-0.0004936708080194863
 9.202991664558624e-05
-0.0001273174044381653
-0.0005940128207374551
 0.001711457207454803
-0.0005123430739136792
-0.00021832642379526757
-0.00035133525881320127
-0.00037000393660879816
 0.0003883737601878545
-0.0002649994638213027
-0.0002813346690205276
-0.00023933305931045368
 0.0008807328899241296
-6.899135382448796e-05
 0.0003837014328473276
 3.134617377026361e-05
-5.0326264127376064e-05
 0.0007453869942112834
 0.00010134766058755851
 0.0009133952271008772
-0.0008390435898001369
-0.0006570336243076347
-0.0004656897684297001
-0.0008437132260668001
 0.0011280702208440463
 0.00020868112084826418
-0.0004516925209500089
-0.0005987021915461188
-0.0003793566645117208
 0.0013100765982379525
 0.0005843657237412647
-0.00040036060895293213
-0.0005403698617600372
-0.0006010410462903293
 0.000934383025098684
 0.0001806704794454217
-0.00014835005366781173
 0.00011999839789045286
-0.0008600609896109446
 0.0007453672596692273
 0.0001573312683585404
 0.0005003508430008186
 0.0008340365272574979
-0.0017981214584762983
 8.032308457966986e-05
-7.368700380561144e-05
-0.0011657530759330292
 0.00037900488584152736
-0.0011960900137351071
-6.902364671146355e-05
 0.0012563878910040183
 0.0009156999949088696
 0.001401061397929837
-0.00032337574781465817
-0.0007154000410300454
-0.000538057020730287
 0.000878359948243701
 0.0009786983728631293
-0.0003257137055341919
 0.0001829824234504951
-0.00024404395871047146
-0.00026737958169881226
-0.0018891439332029414
-0.00024171317718801877
 0.0005399992455724645
-0.001844810644945738
 0.0007850120741423883
 0.001279707367548899
 0.0001223040627230665
-0.0006617436266829757
-0.00031405710684800914
 0.0015853886895752511
-0.0005870751946729369
 0.000679999528133135
 0.002462771694737742
-0.0013104543906226063
-0.0004167352832362692
-0.00010405085234688194
-0.0009254341032949309
 0.00016663017478318887
-0.001497136683455691
 0.0007546634750199566
-0.0010047757596701734
-0.001823825538021906
 0.003321480639956742
-0.0008181006430342253
-0.0006664258212945584
 0.0018933927199023537
-0.0003444083970443601
 0.0007803244973830226
-0.000402747006002957
 0.000967000511043592
 0.00032529465001629454
-0.002456205581885418
 0.00021328617134103167
 0.0002809559796112526
 0.0003696270412488212
-1.0729888984706282e-05
-0.0007364407634814496
 0.0008643205406060894
-0.0005590986402063125
-0.0002954171338407918
 0.0003579542961191229
-0.0010257958505549003
 0.0005796323987252716
 0.0006893047137302433
-0.0001437459001996655
-0.000547437556396968
 0.00048395643417542544
 0.0014640140276276359
-0.0015251652653512915
 0.001746362417739511
 0.0007196335783106189
-0.003011590000315034
 0.0009109765371639322
-0.0003560999796914377
-0.00029309711661396065
-0.0010864786964055462
 0.0007336290317410121
 0.0014850063107486045
-0.0025519021780019413
 0.0019586994537631464
 0.0003812710815900844
-0.0001694293481786513
 0.0019773645434602583
 0.0005376110544731971
 3.244932879065132e-06
-0.0025752431831381206
 0.000686950609567194
-0.0017351948424930153
-0.0017468631024994963
 0.0017743461484032719
-0.002197225107648859
 0.00192368660052189
 0.0017253405328055416
 0.00032058913276411527
 0.0006962773237556008
-0.0019732162235201467
 0.0002272475378352623
-0.001539192114644039
 0.0004512591130378385
 0.0021150241772274203
-0.0008438199719986716
-0.00015777992568954957
-0.0009954974848122022
 0.0015806553645593135
 0.0014173113857886
-0.0014808624759317657
 0.0010252861955485915
-0.0005171400876788912
-6.444730100707563e-05
 0.000175899479394781
-0.0018938916106130965
-0.0002347934916162031
-0.0027736125734950656
 0.0011069514572492056
 0.002717046651722177
-0.0006408213114837413
 0.0030133958774123393
-0.0014388707334927475
-0.0002768022775234136
 0.0010252745342282932
-0.0018098955673900297
 0.0014172961363697612
-0.002967299769240428
 0.0014149608697241467
 0.0007265855567692991
-0.002348932222275446
 0.0029877187086058687
-0.0018775725518572761
 0.0009272606119588578
 0.0010766019611021527
-0.0009185180058217113
 0.0022596707734141575
-0.0009651892517984484
-0.0015345574623382152
-0.00016947689048446568
 0.0010462614352014787
-0.000386491635996411
-0.0009885284628853852
 0.0011419311205788651
-0.001366552817547162
-0.0007201818053763631
 0.002000646344970325
 0.00038588241125531164
 0.00014320036420789606
-0.001742246390686486
 0.00014553204275497
 0.00260734473490426
-0.0016115746163634093
-0.0001904907021967328
 0.0003065380638061499
-0.00040750544770867814
 0.00019452958513094254
-0.0009932088634477254
 0.0014709373012979365
 0.000469876660429136
-0.0012755617386828177
-0.0005521861308316889
-0.0008508715201920869
 7.845498248615357e-06
 0.0018092854456242535
 0.0005048733672269323
-0.0021762875430307305
 0.0008455585722481063
 0.0015572668171173754
-0.00028384395844582855
 0.0005702061148021298
 0.000910892216848036
-0.0009535532846788874
-0.001875275857270986
 0.00257465548698832
-0.00080888067477769
-0.004775784985637022
 0.0017206018256417654
 0.0012702407175170793
-0.0007108784138285529
 0.0010718937527760541
 0.0008758811576560777
 0.0007078702336925646
-0.00174461036212048
-0.0004915364748926399
 0.0027216543932888637
 0.00014316627727167797
-0.0014505964030760432
 0.0006728627625990913
 0.00032750792131125417
-0.000769225096008852
 7.082414166087458e-05
-1.5515241429564508e-05
-0.0017936222568906701
-0.0012755922375204953
 0.0027729818201626677
 0.0006985237849621573
-0.0014599392637078545
-0.00016719634234169112
-0.0008112356759653605
 0.0014078958661611352
 0.0003088293762446015
-0.00032120912180083616
 0.0006518480538622029
-0.0001275326903511509
 0.0016435721132715964
-8.786545026207015e-05
-0.0010305892762215163
 7.080889224203579e-05
-0.0006362342014837319
-0.0012079358846198152
-0.0005335632012926084
 0.0007965152816156174
-1.0867133754199898e-05
-6.220442789905967e-05
-0.00016021117397141404
 0.00040682176992273833
 2.8798312285582828e-05
-0.00043789710401376247
 0.0008198437284068771
-5.987633745052623e-05
 0.0005024896612508822
-0.0006829153147314693
-0.00034222921268561857
 0.0010998559548485165
-0.0008882635942862871
-1.3212267670870137e-05
 0.0006121574911325811
 0.0006261574296861916
-6.455135586502792e-05
-0.00036090327262905397
 0.0008571685256532069
-0.000883602928266003
-0.00058258586035842
 0.00013378932970359303
-0.0011309537145554605
 0.0005421452400196092
 0.0004908079458747494
-0.0016023178700967367
 0.0006728170143425749
 0.0018908888126248913
-0.00017190185959381488
-0.00010423205132364943
 7.733184885228006e-07
 0.00042779790660024686
-0.0003329150568421313
-0.00043325527551085763
 0.0008944897348009961
-0.001142632738857563
-0.0015883269017895607
 0.0023085714371293142
 0.0013028438510677698
-0.0028787399386578927
 0.00039745468962559816
-0.00024191769880532732
 0.00034611649845617265
 0.0019888803092783514
-0.0016210026943359046
 0.00020843892419619703
-0.0018403509124442774
 0.0007568031902946415
 0.0026865841304707927
-0.0026103995603213304
 0.0011348230598332565
 0.0012421619022418007
-0.0014016634464738553
 0.00043477858984730666
 0.0004721132543646367
-0.0006689557422865366
-0.0017750226499921307
 0.0010274770412275758
 0.0017228509779222412
-0.0009816446582991412
-8.792555091280407e-05
 0.0003601002905662676
-0.0019220368057115134
-0.0008766419795608327
 0.003330608214675679
 8.24134634992979e-05
-0.002363066714524631
 0.0015244977340087562
 0.0003390927580264602
-0.0007786415126609936
 0.0002200838615621925
-0.00019060821242422588
 0.0014521555983980083
-0.0010446609767461035
-0.001859043809905092
 0.0020051859126645755
-0.0005546344225816346
-0.00011127552629536241
 0.0007567753825308832
-0.000601306565582993
-0.00037262714816305165
-0.001355020008260932
 0.0019725110171429083
 0.0004954219666139514
-0.0024867569085759156
 0.0006097603297869347
 0.0015594827794862542
 0.0008757744117242616
-0.0001532879003011134
-0.0005429787209200732
-0.0004753089126498522
-0.0004216399399579185
 0.0003834072087662288
 0.0007100924752339033
-0.00032130330938773266
-0.0013456986762203638
 0.00010105343650651522
 0.0010484424136095183
 0.0009691034483081395
-0.00040297933538402386
-0.0018870688037020966
 0.0012841195577446007
 0.0009574324972277393
-0.0011893631884604128
 0.0004090646430307543
 7.304369212829398e-05
-0.000907015695373159
-0.0010960278727040196
 0.0010857681078804138
 0.0013774512854024534
-0.0009186866464535592
-0.0005126633117091828
 0.00042072482981547754
 0.0012071041977686492
-0.000876687727817349
-0.0013480500893094938
 0.0012491040134294806
-0.0005313364746280524
 0.0003273805438127608
 0.0010717574050311818
-0.0012337144172103187
-0.00042166685069700005
-0.0007856894727559238
 0.0007240664000729979
 0.0009690801256675985
-8.331691232144056e-05
 0.0008407373388177319
-0.0011357148473351009
-1.0981952907773707e-05
 0.0003460384573126807
-0.0013107279831370278
 0.0009690738464951387
 0.0012980925855590741
-0.0005150165188476108
-0.0007040286961785269
 0.0003460330751648977
 0.0006890526498071203
-0.0002770059021161009
-0.0009047109275651666
-0.0002513394976053074
-0.0003003433191537397
-0.0002396739286726346
 0.0014194241903242033
 0.00015934809125789373
-0.0011637317679104586
-6.000012685047906e-05
 0.0006097056112840393
 0.0013797506710626073
 0.0005256988037653509
 0.0001080063119898722
-0.0012570760539132309
-0.0006177054595315479
 0.0007683763656896603
-0.0020924619344888096
 0.00011733571725214276
-0.0006503776639792958
-0.001037735012001939
 0.002723821916327307
 0.000679699024879632
-0.0006480477794814643
-3.434538365992834e-05
 3.565789720666457e-05
-0.00048237391621286374
 0.0018650986187140894
 0.0006143564100333232
-0.0006667209424002785
 0.0008103663140794359
-0.0013224285360304844
 5.898634399792435e-05
 6.831933735879092e-05
-0.0004590463664462807
-0.0010027463784259005
-0.0012897644048044388
 0.0020050980042501387
-1.6893256556405056e-06
-0.0014904457391664572
 0.0013563899313844274
 8.231299673988612e-05
-0.0005453920287091796
 0.0008360228513192292
 0.0009246939129567977
 0.0014660586582907476
-0.00016037263840612548
-0.0009140851840593323
-0.0009537551152223323
-0.0008184146016573246
 0.0004603274841306626
-0.0006270716428040113
-0.0002700512325835014
-0.001156771716229965
-0.0010587667642069087
 0.0013867116197676665
 0.00012896899329783995
 0.0005839952525660275
-0.0002793905051168277
 0.0004346512123488133
 0.00190240457844304
-0.0001417183130046351
 0.0010716865400848263
-0.0005757460099793943
-0.0005174100920947167
 7.995799555221561e-05
-0.0005197453587403866
 0.0017600564708917799
-0.0010681132129373716
-0.002113509833137295
-0.0004544117141404569
 0.0007473257759672003
 0.0007099893174005723
-0.001602482922630044
-0.00023740235077623906
 0.00018495529214263007
 0.00014295188838331363
 0.0008359923524815516
 2.6276464515362363e-05
 0.00010794710836375954
-0.0006107633483438679
 0.001286348975483076
 0.000800985778412755
 0.0002456184034512754
 0.001038998189193563
-0.0030282454433098183
 0.0004346269926835955
 0.0012863435933352374
-0.0014298194058679492
 0.0012373388747621283
-0.0006807764964814056
-0.0002397510727914498
-9.507666884095434e-05
-0.0007997862899704056
 0.0015920222242877258
-0.0002724232772392532
-6.474511318671494e-05
 6.59284551856043e-05
-0.0011288104111821795
 0.0008289722001504352
 0.0003972788727966692
 4.259014112334425e-05
 0.00014759551093551648
-0.0003144329601710849
 0.0004742798803784587
 0.00045327772998648985
-0.00105647993689173
-0.00040544197952818717
-0.0003167709178906186
-0.001355167120301426
 0.0005652799294891819
 0.0013749940234061286
 0.0004206028344648227
-0.001980541364228039
-0.00016510058127422456
 0.002271043912314974
 0.00020591976749989582
-0.0010028199344461752
-0.0007134702295205075
 0.0008779571841815437
-0.00016510596342206307
 0.0003505905833518508
 0.0011766389854434012
-0.0005828002492467288
-0.0009188212001491891
-0.00011844099661773022
 0.0005979341934442828
-7.177333873958913e-05
 0.00038558639312497034
-0.0006294750833220619
 9.623399712538339e-05
 0.00048125607850235674
-0.0010495028417431551
 0.0002969099493396188
-0.0009701665675157511
-1.8110645220059673e-05
 0.0009362787496720038
 0.0004369147170234511
 0.0013469681325844474
 0.0001708970469876392
-0.0007298242722371118
-0.0011941862159400851
 0.0005022474645987596
 0.00085460092962647
-0.0006178211757097984
-0.00011845893711048827
-0.00020013137500818345
-0.0007251636062168276
-4.121470962126228e-06
 0.0002898951791562854
 8.454869365082107e-05
-0.00017446766157130922
-0.0001884693941741622
 0.0014379601084734683
-0.0003354799617949489
-0.0006504996593300061
 0.0011322725072746564
-0.0011521980615994964
-4.379947534682849e-05
 0.0008079171253048134
 5.887152484435054e-05
 0.0003808898461191701
-0.001056530170271408
-0.0003424884528058225
 0.0005092281478458749
 0.0008079117431569749
-0.0007345145400704522
-0.0012642137164718403
 0.0012396014824121449
-0.0007951875186500978
-3.91432944497061e-05
 0.0015896196807942964
-0.0009958688530121163
-0.0005081739773946659
 0.0002152016304564075
 0.0011999261691013063
 0.0008569048004097857
-0.0012735565771037072
 0.00011485872071381742
-3.215094988234801e-05
-0.0006038526330184313
 0.0004555430287104256
-0.0005735192833148939
 0.00047420901543210325
 0.00027819642031212677
-0.0016165842249677431
 0.0008452284671815469
 0.0009082313302590239
-0.0015162475943975018
-0.00022817161822408227
 0.001017901851214642
 0.000642211866173914
 0.0001871838128564285
-2.516309043815168e-05
 0.0008895572703155885
-0.001124230477379251
-0.0013342439080775148
 0.0017226042961469568
 6.11709105045044e-05
-0.0008302165183348142
-0.0003565224782956511
 0.00018717573963472622
-0.0001161765949184157
-0.0015045936867852383
 0.0008568796837199466
 0.0008942143482373321
-0.0011545754884031423
 0.0008452096296641676
 0.00199327725005527
 0.0003481781725873656
-0.0004195352086440729
-0.0010099046725511873
 0.00029683908439326334
-0.0003191985780739426
-0.0012945910203826516
 0.0015452442323791171
-0.0009399049797831904
-0.0018686279701644049
 0.0008615340705678265
 0.00058851687976752
 0.0002548294014614316
-0.00028653713792181623
 0.0005535120997479659
 0.00041116937434454437
-0.0002818728838029916
 0.0009385323870756412
 0.0013422222492236457
-0.001215264613426248
-0.0013599408114260414
 0.0009035267100315214
-0.0009165828121643904
-0.0003635507038485253
 0.0005278349309414954
-0.00011387093008580207
-0.0008582495853535765
-0.0002678819154957601
 0.0019255814280705885
-0.00045922846244766946
-0.0012829451859920904
 0.000635168391202201
 0.0018392393539061747
-0.0001862157567705247
-0.0006109086663351193
 0.0017435642863810052
-0.0013762894719948626
-0.0019829932440765807
 0.0006444960024152291
 0.0016082192876927803
-9.288313208805077e-05
-0.002209343674023312
 0.001146189022536992
-0.00011155360393294567
-0.0023540216660724034
 0.0014542047141843373
 0.0013935335296539342
-3.6886068947528106e-05
-0.0008069329227753941
 0.0011088471818225254
 0.0018602244608300622
-0.0017169899264349309
-0.0008442720724158859
 0.0006771511633948957
 2.1444466789311e-05
-0.0009072785235919034
 0.0005651417876950116
 0.0009758320676321319
-0.0024170379845193657
-0.0008932812761122122
 0.0014961937655494362
 0.0008148188703838155
-0.00020024260606321675
 7.043931809141979e-05
 0.0013678491846503826
-0.0006879410697791521
 0.00017777636645072148
 0.0014261833084858178
-0.001541994731125762
-0.0002585857001450309
 8.21004019008198e-05
-0.0005059355894098672
 0.00013576847756818777
-0.00106363733399234
 0.0010224862701407322
-0.0005479416842431584
-0.0016890106808943317
 0.0020235433229109923
-0.00012791930796984818
-0.00016758923913284818
 0.0010084800524147175
-0.00033560106012103796
 0.000905805464124998
-0.00013725768347849776
-0.00032160291561667
 0.00036210365809608014
-0.0005502850241105306
 0.0003527679736612943
-0.00010459355225250766
-0.0011849922613980102
 0.00010308371477546485
 9.743913895854384e-06
-0.0010286522885148974
-0.0001419335989176207
 0.0008731260834801136
 0.0006281105638362705
-0.00037295007703253
 0.0008544556116352187
 0.0007471149751773765
-0.0009399866090251674
 0.0008614533383504708
 0.00014974329943190368
-0.0006903077322871209
 0.0007657782708252459
 8.206990306319772e-05
-0.0005619694305605272
-0.0012410108531297759
-0.00017694824620817506
-9.061065716703398e-05
-0.0014276913519135626
 0.0005230908416299362
 0.0010574551691747702
 0.0007121003278868776
 8.906224763055581e-05
-0.0002562925936573368
 0.0008731072459627343
-0.0006786529276501807
 0.0004904159461082136
 0.0017574906689142855
-0.0010590116519329507
-0.0007113251320979841
 0.0005370818099371677
-0.00041730937900419374
-0.0013086968078434569
-0.0007043283024074087
 7.038370256390314e-05
-0.0002843050291094773
-0.0001722992415081892
 0.00020105547688692438
 0.0003130612644882125
 0.00010304783378994875
 0.0005067376959379533
 0.0014541266730408453
 0.0006140756413218207
-0.0002656444245355827
-1.596375374823822e-05
 0.0007960838127650249
 0.0004460620262843884
-0.0017217349127711112
-0.0004756614433323869
 0.0005720668554146102
-0.0018547455418382874
-0.0009843611604157254
 0.0010317582658262436
-0.000249319086607358
-0.0006483437976118056
 0.0007657396987658105
 0.001405110293147438
 0.000166035447448587
-0.0009283640972752027
 0.001307101753025841
 0.0017854627382578037
-0.0010473738907640917
-1.597990019175377e-05
 0.0014984429178299674
-0.002050769798278562
-0.0012900586288855376
 0.0007843976122657859
-0.0008256993762564835
-0.0003473383910245764
-0.0012760613814058464
 0.000856731674654776
 0.00043203876509023686
-0.0020204418307228633
 0.001727114262028151
 0.0008707289221345227
-0.0003216764716369447
 0.0012510831612940754
 0.0016337717700746768
-0.000867711750262179
-0.0012247339545319869
 0.0017574431266085266
-0.0005456952230366019
-0.0018874428629759299
-0.0003263505930267696
 0.0008800538422736315
-0.0010287276385844146
-0.0012177398159153308
 0.0010317268699639448
-0.00012800990745820418
-2.0032842787398586e-06
 0.0002056748797738539
 0.001883440779541723
 0.0008543784675164035
-0.0017357770114826976
 0.0006420306671971465
 0.0011297255428145414
-0.00027269238463051293
-0.0005527099932199353
 0.0001940003405949131
-0.0008607301699904424
-0.001234086682434854
-8.835253464017923e-05
-0.00026569734898918007
 0.0008520351276489757
-0.0005527162723923951
-0.0004593782655620826
 0.0019697658102379445
-0.0003823754639310506
-0.0005620537508764234
 0.0012533870320774465
 0.0008076928691454488
-0.0008374062083223999
 0.0007003513356630409
 0.002091100106076882
-0.003404228755407024
-0.0015981218628386418
 0.0014797275947531774
-0.0007417392140189327
-0.000247043920612422
-0.0007184062821044557
 0.001213708130668012
-0.0006367365352806797
-0.001159435293892952
 0.0027281291546404907
 0.00040165607903158707
 0.0001099711074602494
 0.000637335017216023
-0.00048039925347148626
 0.0003876516553547593
-0.0007347495605254384
-0.00021205259596246417
 0.0001869703209927409
-0.0016891425435160423
 0.00093601323037934
-6.710595580161627e-06
-0.0014044615778324165
 2.362275412343129e-05
-0.0002447274914841868
 0.0014633735520365176
-0.0007230911677899576
 0.0005649848083835174
 0.0017340536821419117
-0.0017078192945334525
 0.0003223009672868038
 0.001057343938119737
 0.00015895609149135792
-7.905901036336926e-05
-7.43929621952466e-05
-0.00026807208471890664
-0.0011081231164379313
-0.00047108599465262024
-7.673002289021458e-05
 0.00019395190126447748
-0.0003987510352389534
-0.0003894180418780868
 0.0012696800771186956
 0.00025695207326803526
-5.106720647785057e-05
 0.0006139715864638684
-0.00010940581543650296
 0.0004949626899996007
 0.0003549534371924956
 0.00013327264351242762
-0.00025641817710658765
-0.000303088526058648
-0.001224811098650802
-0.0006997806614914559
 0.0009593174575054375
-0.00038476365503031795
 0.00045528558263946417
-0.0013018201794542938
-0.0002074224287798021
 0.001384004984922138
-0.001150147151763925
 0.0012999981774034497
 0.0006419580082014931
-0.0003404348518963318
 0.00043894409826777947
 0.0004856126531705973
 0.0004366088316221095
-0.00142316972471207
-0.00026343474133916356
 0.00046694128430102566
-0.0002681034805812055
-8.609351508870322e-05
-0.0004291148837802794
-0.0001397651788545562
-0.00030077568502895335
-0.0007184681768044321
 0.00018925176616013673
 0.0004319320191583653
 0.0005532716971451412
 0.0006792783203246611
-0.0003684517724716341
 0.0007236125056064857
 0.001031629991303129
-0.0009424887222533873
 0.00010990652168635373
 0.0008356156021338546
-0.0011408365840190338
-0.0008771550776534576
 1.6564029732879515e-05
-0.0004501313865664103
-0.0009051594398838958
-0.001266848589346392
 0.0012206323013629894
 0.0013116368355968744
-0.00014211748896830745
 0.00026157237317964155
-0.00025179249504714285
 0.0008519391460127812
-0.00011178593331401254
 0.001124953645739224
 0.0020606752598603117
-0.0017032169351145487
-0.00042914179451936096
 0.00023589699842241352
-0.0007628301698500151
 0.00015655713609646904
-0.0011501884148972241
-0.0006718274296653726
-0.00031014007425211876
-0.00042914807369182073
 0.0008425935943069951
-7.67955056887315e-05
-0.00014446710800813944
 0.00045756792483153674
 0.000770252355720924
 0.00028022221345785914
 0.0011062706155494095
 0.0003292233439324277
-0.0007278406392493553
 0.0005602353369241198
-0.0006998407621421343
 0.0006209038303805481
-0.001362548773561456
-0.0009798601647808547
 0.0007305743513361662
-0.0008631883290114439
 0.0010105892688517248
-0.0016869059495805416
 0.0003712159833961226
 0.0014399455355105228
-0.0009681990809713992
 0.001430609851075737
 0.00038988017606855774
 0.0006652290454159937
-0.0002028236574595499
-0.001098878031491557
 0.0008215690182991064
-0.00060185016251324
-0.0008678669355244861
 9.118940456032121e-05
-7.915499199956377e-05
 2.118343261980904e-05
-0.0005085157437815235
-0.000499182750420657
 0.0004108706651403393
 0.0005508781238980354
-4.8825230394511365e-05
 0.00038053283031352914
 0.0009919017535386931
 0.0005275398098357753
-9.549827042054648e-05
-0.0004665213102685306
-0.00015383687937919888
-0.0006742021653950436
-0.00021217548833774025
 0.0004948658113387294
-0.0006345358223306397
-0.00048052752799460086
-0.000615869835608962
-0.0002238473364428173
 0.00033385171706579175
-0.000419860828587415
 2.3498067698801695e-05
 0.0010128895515365
 0.0013069062016549116
 0.0005018572588814663
 0.00023350701327390366
-0.0002448557660073014
-0.0007815553601977498
 7.1574803517382435e-06
 0.0007211991978173793
 2.4887411097518353e-06
-0.0010732430228430623
 2.815514562054533e-05
-0.00021452690142687025
-0.0011152482206516212
-0.00015852535316324134
 0.00025683187196662294
 0.0001261565095451167
 0.0001798254822369949
 0.0009942065213466855
 0.0009708708983583447
 0.0001401537570247524
-0.0006835629665196685
-0.000620560103442247
-7.919535810824163e-05
-0.00012819917965672945
 0.0008331906330244498
 0.0002591554772919946
-0.0007932415606970999
-0.000492224492789517
 5.147372514086035e-05
 2.347115695972013e-05
-0.0010079246276619713
 0.0003384881634208581
 0.000900854162122211
-0.00041989222444976937
 0.0007771783204651439
 0.000942853977782987
-0.00039656018955991357
-0.0002985552375369127
 0.000511158856380034
 2.8129131906085014e-05
-0.0008562578791440623
 0.0007188352263833298
 9.458660061190116e-06
-0.0012132818774630572
-0.0005902455912560334
-0.00018422225651171242
-0.00010255161266325974
-0.0008702649938947538
 0.0014025364179482414
 0.0009848439261728181
-0.0004689103983924747
 0.00045747732534312524
 0.00012845679222989181
 0.0004598090038902547
-0.00024490061723919654
-0.0003382404181187515
 0.00032913184741945045
 8.644980037192385e-05
-0.0005809242592154651
-0.00013056494514002148
 7.477974631620032e-05
-5.122867091261751e-05
-0.0004082508751823699
-0.0007022693193500795
 0.0017362086468354354
-0.0001935740873899583
-0.001607659377816817
 0.0009171570744345159
 0.0005321331990082445
-6.290321009161381e-05
-0.0007466115778536064
 0.00041312340551930005
 0.0009078186989258108
-0.0005109335366937917
 0.0005974650495588762
-0.0003405918312078815
-0.0013696541432331455
 1.8761154584379103e-05
-0.00021458700207760417
 0.0003104434350817975
 0.0005507902154835986
-0.0003779327748976713
 0.0001820997512073097
 0.00023576872389929893
 0.001369835508712114
 0.00038510917601786154
-0.0018596923587179126
 0.0004411107242816015
 0.0011084829898196924
-5.8254205391572444e-05
-0.0006229554707385954
-3.258780088072344e-05
 1.1747281425666944e-05
-0.0014303396801576551
-4.192438234013052e-05
 0.0009964700260213233
-0.00020760273073194835
-0.0012086633716007489
 0.000555441014232827
 0.0014724948475829391
-0.0005249585919372968
-0.0001819390172950186
 0.0003780935088099069
-4.893287335100416e-05
-0.0005809655223487642
-0.00016327482462263898
 0.0019485169780706357
-0.0008423171442165089
-0.0015726949639059962
 0.0012811411244339488
-0.0011176696016624854
-0.0007209801573036523
 0.00021940840201017942
 0.0005880961752125491
 0.00028941078585209556
-0.0003709628559461775
 0.0018878377203185859
-0.000319628252875237
-0.0006579826763740138
 0.00012606321898278594
-3.028034199886731e-05
 0.00015172962349363495
-0.0007629925313093477
 0.0014654729012025247
-6.29525464466707e-05
-0.0017173855143000072
 0.00037807198021860833
-3.0286621171327077e-05
-0.0008913389062577548
-0.00017729718879216927
 0.0012087846364289834
 2.1046187850315423e-05
-0.000597324947213207
 0.001003436356874221
 0.0010244367132169474
-0.00043865150173377776
-0.000907680390629495
 0.0009684306798301012
 0.0003733942707302429
-0.0008493462667940044
-0.0005343283633083007
 0.0003453899084998602
 4.903799173583412e-05
-0.0018200744549839443
 0.00035005416261868483
 7.703697181837832e-05
-0.0002939860680296058
 0.0010990961749806072
-1.3971150514102693e-05
 0.0018481390843672063
-0.0008656904422396638
-0.0006346775522233505
 0.0013674410384403868
-0.001675408124255151
 0.0008797434717490726
 0.0003850463842932639
-0.00013065195652983697
 8.63600979081891e-05
-0.0013160578295368097
-0.00010031950385092081
-5.5984421544474916e-05
 0.0003267041872361265
-0.00037800543389326924
 0.00027536599606664547
 0.00023336259230727352
-0.0004363449398765429
 0.0010360753714104276
 2.8014312752455695e-05
-0.0006440266920276772
 3.734640908875653e-05
 0.0001400183063045568
-0.00033367752778395987
 0.0006673813190355982
 0.0006463791686436293
-0.0012227332780760936
-0.0004456878005084097
-0.00023334269126301654
 0.00012134424636106589
 0.0003220219926245438
-8.633660876544713e-05
 0.0006160377457183341
 0.0001820109457681962
-3.7336375315499826e-05
 0.0005226961507894812
 0.0005996998494451344
-0.0005763712361516737
-0.0009660620567706335
 0.00042935365883600696
 0.00048768957672062907
-0.0004433668862569573
-0.0003220272082701259
-0.00041536700914973634
-0.0004970394470474315
-0.0001936889065435321
 0.0005506879546749444
 0.0003943443936932356
-0.0005997158293863936
 0.00030333716838543134
 0.0013884010286743798
-0.00014002441897476015
-0.0012647591074513853
 0.0008096971336999381
 0.00041533936788817893
-0.0005367183484568105
 0.0006836869224218778
-0.000641726409342902
-0.00044104866307942414
-3.502532833504768e-05
-0.0009077449764033907
 0.0006370129853711659
-0.00020770499154060262
-4.202933422270405e-05
 0.0004316647058164036
-0.0004573892504264876
 0.00036165873387594694
 0.00016097919356317103
 0.00022631552923702003
 0.00027998450192895374
 0.00046899488521057187
 0.00021231200258481353
 4.8968023814099926e-05
-0.0005507353304785023
 0.00032431599613685913
 0.0001726393803479498
-0.001313783560566495
 0.00027997732573187273
-0.00023105406989853972
-0.00012838217268273944
-0.0006114118971566884
-0.00048773874657354055
 0.001057019215201016
-0.00036173302041864197
 0.0005366530321604945
 0.0010546830515307248
 5.595588325829626e-05
-0.00027539812245136464
-0.0004154073752584142
 0.0009846752855409702
 2.5617151406864824e-05
-0.00028006865574270456
 0.00039897097277735716
-0.0013674686797019442
-0.00017273160738340287
 0.00043163689805264527
-0.0003220756476005615
 0.0001119493583002229
-0.0007747711253462963
 0.0002426220296478654
 0.0003686286528273852
 0.0001329470235690855
 0.0009076590285403419
-0.0005344279330430357
 0.0002449510171210756
 0.0005273003042575719
 0.00022628144230080194
-0.0003524206586244527
-0.0009451235951278836
 8.860386804082632e-05
-0.0005227668492336357
 0.0008913166471440359
 0.00030328065583323793
-0.001255479935568793
 6.927842044590626e-06
-8.407848623864789e-05
-0.0002007530130819224
 0.0004012820197578093
 0.00018193469867405776
 1.1590302114117268e-05
 0.0007909692522782286
-0.0005134428261190926
 4.6589699985832844e-05
 0.0009263079717939382
-0.00023342880562821078
 0.00045027776808453934
-0.0005601167631698045
-0.0006231214202965241
-0.0006557909336703527
 0.00025192900929421613
 0.0009356355830069663
-0.0009498111718873048
-0.00012609624239212636
 0.0003896003043816765
 0.00038726593476068327
-0.00043645078878373766
 0.0001352491003031031
 0.00047826867494532577
-3.509619328140312e-05
 0.0003312581073245946
-0.0002871130277390388
 0.0003522575666426442
-0.0005601311155639666
-0.0009544888813757257
 0.0004899297587547258
 0.0004385924646099215
-0.00037345689595269516
 0.00014457312341759065
 2.2303980141691326e-06
-0.0008494879966867153
 0.0006322662049856875
 0.001171297477723321
-0.0007794865098694204
-0.00012611507990956117
 0.0006135948361161714
 0.00010022996788938698
 0.0002799064607855173
-0.0007538227964325461
 0.0004992510907953496
-2.8114613009666556e-05
-0.0007934945216448441
 0.0003429057357643983
-0.0006628218502971461
-0.00025213157036008127
-0.0004318098573055096
-0.00013312626199429856
 0.000655586578555245
 0.0005085769079590796
 0.0008259282840412108
-0.000658161184276862
 0.0002962282106151459
 0.00012121686886251704
-0.000672164710929013
 0.001637972262455989
-0.0002918104717694603
-0.0005648276625697668
 0.00022155170538346036
-0.0005484951484444611
 0.0002822201988398332
-0.00036415260738020816
-0.00026848112795352375
-0.0005461652639466297
-0.00014247540179862517
 0.0007045742536602728
 0.00029854912486659835
 0.0006882381514363711
-0.0006115069817682617
-3.747362008499344e-05
-0.00012147953057911609
-0.0003361599064701237
 0.0012365997264609518
-0.00050650520005463
-1.425436662594315e-07
 6.856977098235184e-06
-0.00021949076177457671
 0.0005132187364619845
-0.0009872050400307475
-0.0006978553351050243
 0.0004548792304787108
 0.0004642122238395774
-2.483192459712402e-06
-0.0003641723419222642
-0.0006815255120536379
 0.0008072291074079363
 0.0006975549983537777
-0.000270837026165871
 0.0005902134648713142
-8.41610125052461e-05
 0.00021218911020948195
-5.8494607994397096e-05
-0.0006791992156543469
 0.0002121864191356182
-0.0007935411669259818
 3.717418035836806e-05
 0.000522535583379391
-0.00024284432525578659
 0.001045231650917744
-0.00010050429092622881
-0.0009755574115908883
 0.00020984577034210972
 0.0007488770430797431
 3.250005896854313e-05
-0.0005158668982038761
 4.883257309384881e-05
 9.083418280392275e-05
-0.00017751606280369536
-7.9511110780639e-05
 0.0001888373407776811
-0.00042019990390035344
-0.00048553803362350045
 0.0003941802381846049
 0.00024950404018486694
 1.8489356119200107e-05
 0.0002355014105573372
 0.00020749884237619698
-4.218362246033447e-05
-0.0007002237916623466
 0.0001514928089893508
 0.0009028700879969431
-0.0008472352563077545
-0.0001378604840348574
 0.001185217581084197
-0.0002825375790592721
-0.0006442267285218239
-0.0002848728457049421
 0.00030316135155650237
 0.00010714875643647037
-0.0007725713094208775
 0.00018181808547118594
 0.00033582637980722474
-0.0003828840769004582
 0.000165481086222663
-0.00011920346755950328
-0.00023821146699920526
 0.0007861821057840723
 0.0006648406337479984
 0.0004524937304533627
-0.00046922884213873584
-0.00044589501319963754
 0.0003428178273499616
-0.00034089054041214206
-0.0009382604221083168
 0.0007558397858341004
 0.001178197428753025
-0.0016826408714253338
 0.0001794693634559752
 0.00015380026787126244
-0.00023589055274775284
 0.0013158678268159196
-0.0015729721445189582
 0.0008701727668593007
 0.0007908338015579774
-0.001180951439402167
 0.0009471746714657114
-0.000893936104097548
-0.00015889313326455934
 0.00023079589330521344
 0.00018879248954578598
 0.0010241747820228242
-0.0009009410070098256
-0.0009359439929800817
-0.0005275871856393888
-2.8224947040078607e-05
 0.0002704586482710769
 0.000226121771915333
-0.00016356904870368227
 0.0002891237379681333
 0.00019578393708852282
-0.0005159261018299333
 0.0013508510782441197
 0.0008538205181919389
-0.0012626400237433777
-0.00034091924520052164
 0.0008701521352926789
 0.0009611566695265639
-0.00030125290213606215
-0.0019860210137422896
 0.0004501234798469089
 0.0006578016438994472
-0.0007236150301782041
-0.00016358250407322306
-0.0009569640838648086
 0.0007488034870594684
 0.0007184674462820118
-0.0005416086527842423
 0.0002051016810305506
 0.0004991183311490177
 0.00034744171536010837
-0.0005159440423226913
 0.0009424754333859919
 0.0009331406459758829
-0.0010456450127733774
-0.00039460705540983465
 7.675351203295655e-05
-0.00035727328791712587
-0.001122653196552248
 0.0003100980805963993
 0.0006227825114857866
-0.0011226558876261672
 0.0002774267731732172
 0.0008537936074528019
-0.000182269122361578
-0.00016593571121165107
 0.0005131039173084107
 0.0007627845880956996
 1.840593282792513e-05
-0.0009826547080408754
 0.00018874763831394636
 0.0013508160942832803
-0.0012813418914505714
-0.0010899980355725813
 0.00034041976897969395
-0.0003572894343606414
 0.000860782363921675
-0.0004739648582285372
 0.00012573670201476705
 0.0009167830151606826
-0.001381688389291702
 0.0010497891591047526
 0.0005620924894380042
-0.0008543262735852264
 0.0008607751877245939
-0.0004996402329857652
 5.8058820522843835e-05
 0.0006460930177842883
-0.0013746951476996672
-0.0001519564042247179
 0.0003660736151455679
 0.00038707397148829426
 3.0051767218486347e-05
-0.0014470372833104705
 0.0010217758266279353
 0.00018405826750528265
-0.0012113592421506558
 0.0003684008085694801
 0.0003754003293339747
 0.0008490943693730824
-0.0006886649686615454
 0.0005947440623191858
 0.0011034401913039282
-0.0008986801934091071
 0.0007207488914494076
-0.0006490004196463839
 0.00013271200311404385
 0.0005317349200692489
-0.0009080185689177567
-0.00016597518029570768
-0.001230039581266551
 0.00041739117474842713
 0.00013737356615900476
-0.0004156603362061584
 0.0006484022707154424
-0.00010531027493776435
 0.0005270599016547473
 0.0002773774368181603
 0.0005107237994309011
 0.00024937397161245434
-0.0004436682865351371
-4.4645369579876526e-05
-0.0009266989080336518
 0.00012336286330966173
 0.0008817405601064254
-0.00035733428559248104
-0.0005253452095559941
-0.000518345688791555
 6.968850846994501e-05
 0.000422041973497711
 0.00017235950866106853
 0.0004943778299359991
 6.681160269306208e-06
-0.00028967075649477536
 0.00038003498163974303
-0.0004600160500792816
 1.134451736350961e-05
 0.0005993787146249541
-0.00028267482382882125
 0.0006413794273104068
-0.0003130117616309547
-0.0008193762120686232
 0.00021901819629294161
-0.00043668850031264306
 0.0004686979700555538
-0.0002686802674230493
-0.0007633773548788025
 0.000937723270852675
-0.00034568755417729857
 0.0002003441363494507
 0.0003333511773181419
 0.00011867080142707875
 0.0008373794640854637
-0.0007960522504005252
 0.00024000868536461217
-0.0003270260525787272
-0.00043203321644019743
 0.001595753572783687
-0.00032236179845990254
-0.0006047128796456969
-0.0002663602501962181
-0.0006187155092732821
 0.00048501613178669745
 0.00022366630396830622
 0.00020966457136534222
-0.00027803209830129516
-0.0005207141453487663
-0.0001613602625318844
 0.0002049940380740578
 0.0005783487564691714
-0.0003620415968939028
 0.00020032440180739464
 0.00041733645624553173
-0.0007073982322310934
-0.0006093932802080371
 0.0005293404497975218
 0.00010931448542567113
-0.00028504328038603255
 0.0005386716491090904
 7.66431780025445e-05
 5.33075550142037e-05
 0.00040799449263834164
 8.969781633783036e-06
 9.997431586772354e-05
-0.0003340524840823589
-0.0003713889426489869
 0.00022597914499800087
-0.0008567530367438736
 1.963981696828654e-06
 0.0006810036102168904
-0.00013804616813478665
-0.00026638805795997644
-0.0005044031598147036
 0.0006623322413473187
-0.0003760639610634331
-0.00043440167299746424
 0.001801064177303635
-9.138299537980732e-05
-2.3713187109586364e-05
 0.000386977092827423
-0.0008450973350823121
 0.0002656347237667833
-0.0003247347401403311
 7.662164941124594e-05
-0.000252398883702043
-0.0006374227591282589
 0.000790661572827589
 0.00010228625987279694
-0.0006490928131840379
 0.00013962002736550572
 0.0003823002803636788
-0.0006140934153123778
-3.772658103279314e-05
 0.0002236214527364111
 9.761303550759326e-05
-9.839955961238323e-05
-0.0001964063056847376
 5.794131029535077e-05
 0.0004709650628287876
 0.00042196124128029977
-0.0007097738649854413
 0.0005176318236823629
 0.0005456325978142051
-0.0011694706575449132
-0.0005604352069160656
 0.0008583152346543499
 0.00021660937362699695
-0.0012628131494983874
 0.00013726951130105247
 0.0008303099753992904
-0.0008217895198577296
-0.00025475657596363277
 0.0007649700516269564
 0.0006016260728561318
-1.4411589611074138e-05
 3.692391048454313e-05
 0.00021660040338067343
-0.00012642096531090274
 0.000578286861769195
-0.0004041059983285744
-0.0006071190112377223
-0.00022676387505349282
-0.0001940961557289067
 0.0007252911502175219
-0.0010061464133161446
-0.0001240946689116118
 0.0009166332120462695
-0.0009921482688118322
 0.0005432758025772366
 0.0006016117204619698
-0.0007564702276520174
 0.00019091874945093013
 0.0008792922683564797
 0.0006016081323634292
-0.000677135747473856
-0.00024777768676581546
 0.0009702941115165009
-0.000350452275055535
-0.0009034861774206426
 0.0008326165372565253
-4.943700119719452e-05
-0.0011135014021681489
-0.000310787726040318
-7.97748360240047e-05
 0.0003869187862259871
-0.00045313224549303754
 0.00019090529408138934
 0.000820941998077529
-0.00026412365626071743
 0.0004359172256266919
 0.00037757951369271625
-0.0002011225872325384
-0.0008381615030670919
 0.0002632366653965157
 0.0009959461636330769
-0.0004904767772813678
 0.0005269163777127939
-0.00023379658572952877
-0.000574484481824733
 0.00019322710535746301
-0.0008195008984931973
 0.0006995888647212123
 0.0003215654070841123
-0.0008965081852474466
-0.00027580537163673924
-0.00013813138547535964
 0.0003845655790876146
 0.0004592358051469514
 0.0003985646206166038
-0.00035281445244028653
-0.0004228195273560664
 0.0002608870463566837
-3.779834300376983e-05
 0.0001255438417177568
 0.00016287850623508682
 0.000400891814040516
-0.0003434868412272585
-0.00018014465650573186
 0.0005828999854837202
-0.0006235062438659789
-0.0004974996206864035
-2.804327279892771e-06
 0.001110261204165519
-5.88094636421177e-05
-0.0011322077549985043
 0.0009142468149962446
-0.0001824862023238616
-0.0009175309672060927
 0.000750901042176233
 0.0010332503293127293
-0.0005208433168965576
-0.0005698471384449899
 0.00017452972277343104
-7.515274206315592e-05
 0.000151193202760469
-0.00023616414526211882
 0.0003052006000717755
 0.0006365528117321939
-0.0004811814589552599
-0.00013582841171666526
 2.0513355215689977e-05
-0.0005535218005167652
-0.0005651900605233018
-0.0006095269368790457
 0.0003821980195550245
 0.0007952217720885169
 0.0006668798822632716
-0.00013583558791374628
-0.0005885301686348043
 0.001068234477765606
 9.284203545689707e-05
-0.0009082186054119035
-2.6166861007370645e-05
 0.0003541882751768033
-0.00037618954451268394
-0.0002501829213331641
 0.0005291960288308917
-0.0003388566740446519
 8.350096887432823e-05
-0.000439197789737944
 0.0002305079483965744
 0.0009935525903860265
-0.0010109012669233253
-0.00034352900138523434
 0.0008978775228608016
 0.00023050346327341265
-0.0003785337814046774
 1.115524516498434e-05
-0.0002128590211114556
 0.0002585015463313356
-5.8851623800093567e-05
-0.0007985633338751241
 0.001448569879407835
-0.00029686851970411876
-0.0013282643043257547
 0.0009772057238665033
-0.0002502017588505434
-0.00020820014914046947
-0.00022686882693606636
 0.00018615492559737046
 0.00048483852090847046
-1.2192039143654743e-05
 0.0009795329172904155
-0.0006072293452680788
-0.0004905566124741023
 0.0004638327824179611
 0.00020014948200314242
-0.0004275555434459788
-8.453596880370062e-05
 0.0003798241808499747
-0.00041589087153792725
 0.00035182071564421324
-0.0008825871848618938
 0.0004521582432390203
 0.0009818556255911104
-0.0012349442379882003
 0.00027481163484072146
-0.00028055574012081363
-0.0004882356982226499
-0.00039489769139233744
-5.421158934643122e-05
 0.0014252091397295996
-0.000457904142568355
 0.0003588103691377076
 0.0006598274370451795
-0.0005652465730754397
 0.0005758206295264912
-0.00018489233391583149
 0.000244465726792209
 0.0002958012268877708
-0.00028756781923017227
 0.00011378857032134926
-0.0008826051253546519
-0.0003039048184786952
 0.0005828138711185815
-0.0011952931443426351
-0.0008942760764351076
 0.001299187267131241
-0.0004019151526495901
 0.00011844833931701215
 0.0013785226443340237
-0.0008592784726126346
 0.00024678664104366144
 0.0010284990638040892
 0.00030278818930734586
-0.0002502457130578173
-0.0011766352308426598
 0.0005431331756599045
 0.0008488171887601204
-0.0009292898267009853
-0.0004089263347343275
 0.00039378734139344784
-0.0002432515744411612
-0.0007449490796860303
-0.0001382471016535547
 0.00048012223936066967
 9.276489133808186e-05
 0.00023510582269226088
 7.876226171060763e-05
 0.0001394316521916572
 0.0002631048027748051
-0.00014992074380787423
 0.0004707820698027221
 0.00017209668044232407
-0.00011958829112895808
-0.0005069456391515459
-5.6586325076157795e-05
-2.8585550944315585e-05
-0.0010973168971079583
 0.0005757820574670558
 0.00043110585946731783
-0.00017793138521077223
 0.0005641120034112768
-0.0004206143292828646
-0.00023860436379036232
 0.00028642607336898385
 0.00016741807392928187
 0.0005034372307824442
-0.0007216367793382306
 2.5073554476562343e-05
 0.0010634679628381272
-0.0007939771208997359
 0.0002700854860219204
 0.0002140812466842612
-0.00020827819028390593
-1.9267807002287807e-05
-0.000439293771374194
 0.0009911240331780813
-0.0004929654351399915
-0.0004486303528335456
-8.227605222760337e-05
-5.194180549933369e-05
 0.0004614212686781527
-0.000919995405399554
 0.0006924332616698448
 0.00030507591364720144
-0.0006609826382759643
 0.0004590833109585635
 7.405943553234762e-05
-3.328120092543907e-05
-0.000597982466272462
-0.0008523318763017929
 0.000524416058533872
 0.0014298025289020688
 0.0004380757784187561
-0.0006213216773593988
-0.00039730920513214585
-0.0004019770473495665
-0.00011029386982752687
-0.00020596714330345378
 0.0005757452794569184
 0.00102377112093599
-0.0006259949017246025
 0.00015571752103588077
 8.33789735236179e-05
-0.0002736432307461345
-0.00032964747008368267
-0.0006189989690587039
 0.0010774347114801408
 0.00021871589899014054
-0.0007100070913911294
 0.00040072496745796604
-2.863488729937247e-05
-0.0008943541175785441
 0.00010903820183733037
 0.0010984296856750286
 0.0004427229890694995
-0.0003273238647583665
 0.0001697049012445162
-0.00021531897418169965
-0.0006563461919208979
-0.00013831617255066764
-0.0001476509599607767
 0.00015803305313949467
-0.00019665567853394128
 1.8022903307768345e-05
 0.0007203972577915496
-0.00011031988354198718
-0.0004626751426190512
 0.0002910356089849131
-0.0001803267525071206
 0.0002746995067610114
 0.00015102456212862103
-5.432192337684327e-05
 0.000830063293624006
-0.00020599943619042937
 7.634985094612246e-05
-0.0009830476048320325
 4.134596795124512e-05
 0.0005780437680924511
-0.001673758184432439
 0.00107740510966714
 0.0005780410770185318
-0.0007263710013787894
-0.0001196690233463138
-0.0008687146238068322
 0.0008627211456775918
 0.0004963650510223516
-0.0004883612816719007
 0.0008043816396943182
 0.00051736361331578
-7.767279578407837e-05
 0.000645702812066995
-0.00018968127445928573
-0.0007170469782643019
-9.867763725002199e-05
-0.0008267219843431373
 0.00025834187594586666
 0.0004916882385586074
-4.501135563195202e-05
-0.0003156950738358866
-0.0012864205709518517
 0.0003890118562195344
 0.000344674979863846
-0.00010568612826084012
 0.0012337262450328734
 0.00028633547388057234
-0.0005000456881218418
 0.0001696600500126766
 0.0002023277693372072
-0.0006517240979600492
-0.0002970371603359112
 0.0005453455499301874
 1.3312900932427318e-05
 1.331200390780607e-05
-0.0005630566244210211
-0.0006283947541441681
 0.00026065740804948057
-0.0004883881924109823
 0.00032832631929502476
 0.0008976927357854936
 0.00013231282715042703
 0.0008976909417362511
-0.00011503706211446474
-0.0007264077793889268
-0.00016170830809120185
-0.0005887346902521684
 0.0011193663532684806
 9.730445903233242e-05
-0.0006050716895006358
 0.00048699258857737293
-0.000672744188844776
 0.0003376485483602698
-0.0006820798732795619
-0.000847757324646703
-0.00033439425046921656
 0.00022563827563581995
 0.0012056958690879194
-4.971328478553527e-05
 0.000783335535095131
-0.00046273972839294686
-0.00014305487971438824
 0.0004939822420709228
 3.66207161570653e-05
 5.295412730704774e-05
-0.0003134019673481925
 0.0006829899342786216
-0.0007194279931664882
 0.00039130406568260723
 0.00028396342922482054
-0.0010694515736964227
 0.00012528549862217409
-4.5058897937710896e-05
 0.0006713162921242466
-0.00039274810884665223
-0.0008991125592843208
 0.0006036428957555406
 0.00045429975256294775
 0.00012761269204608627
-0.0003087475805003681
 0.0008813225466254293
 3.193762452086135e-05
-0.0011978033307925573
 0.0002442818367415778
-0.00028308386706349387
 0.0006573046922503378
-0.00014774425052305196
-0.0016084989928774607
 0.0003749518170152455
 0.0009933211580295809
 0.0004076186393152659
 0.00021860646198434974
-1.9408639870377442e-05
-0.0007754546581199562
-0.0005001057887725757
 0.00030027441475882766
 0.0008626404134602361
 0.00014859690194535258
-0.0002924303157939012
 0.0006922942228510531
-0.0005864496569861766
-0.0004954451227522916
 0.0003842731490558138
-0.0004907799716087902
 0.00015325756796563672
 0.00022092737623580216
-0.0003157722179547018
-0.00010809405390210802
 0.0003399317875769081
-0.0005421217508768672
 5.9913281962864495e-05
 0.00035626340467764805
-0.0006354633458057202
 0.0006246109592112914
-0.0002784438326098315
 0.0011006375748221497
 0.00033292419359071124
-0.0010368251175050802
 0.0009022897130565033
-0.0010834963634818728
-0.0004581266046784216
 0.0006246037830142104
 0.00019524392825681636
-0.0006424736308658363
-0.0004324619942168706
 0.0013503101723877364
 0.00022557548391116677
-0.0011488407723773686
-0.0004067973837552641
 0.0014646467415114772
-0.0003227941643351162
-0.0006891502589903564
 0.0011449583047344336
-7.311528759712527e-05
-0.00021545801300049128
-0.0004628070052407063
-0.000544479443138457
 3.8887808930299084e-05
 0.00010889108979683648
 4.121948747737303e-05
-7.784334071114785e-06
-0.00024346596332947001
 0.0005989167469366841
 0.000276896631612511
-0.000672827612136051
 0.0011286123352395316
-0.0004301482561625547
 0.000248891372357507
 0.001093607555220033
-0.0006961668232229878
 0.00043789996158982714
-0.0006448322201520473
-0.00019447290607660372
 0.00028388807915524783
-0.000962187184332719
-0.00036248562408941476
 0.0002768849702922127
-0.0009341882042501748
-0.0004301590204581762
 0.0015066223375071464
-0.0005678356976934751
 0.00011820434861564699
 0.0016606288377938316
 0.0002325427117886858
-0.00041849703962409945
 0.00014620243167362545
 0.0011402608607040121
-0.0011722113793266598
-0.0010532051739362003
 0.0004658845892782093
-0.000861862215082887
-0.00017815564137013684
-0.000234159880707685
 0.0008929064863159586
 0.0003632073099145705
-0.0015315733353652439
 0.0007902310010016733
 0.00032120211210595606
 0.000283865653539328
 0.0006012170296215147
-0.000497849460295019
 0.00017418975043587137
 0.0003048633188081351
 0.0002815276958197943
-0.00035317774741844277
 0.0004892049628477113
-0.00013616659000492692
-0.0007778724510322799
 0.0005242043607194269
-0.0007055365945939918
-0.000626199423341911
-0.0015619228315122968
-0.0007662095731735818
 0.0025029846373208486
 0.00027451741075962266
-0.00043719262815888893
 0.0010818971350555762
 0.00033518500719142974
 1.4975288853968927e-06
-0.0003181891138423487
 0.0004751906718999388
-0.00018284949730201783
-0.0011162394328759762
 0.0014015766015862408
 0.0003701808169645493
-0.0018279512658437858
-0.0005818777964050059
 1.7823763838298312e-05
 0.0002605040168364714
-0.0001221863859933725
 0.0007155293790800377
 0.0008952058719761125
-0.0007498932054917362
-6.385315918261414e-05
 0.0004845120039405071
-0.0002528662335381515
-0.001146587134973731
 0.0005638473811432898
 0.0015695731731555362
-0.000227201623076545
-0.0009739137509406359
 9.014885598090938e-05
 2.0143781065073973e-05
-0.0008852444833524209
 0.0007575193274698133
 0.00037249545204354195
-0.00043722043592264725
-0.0007685744416322526
 0.0007621826845639612
 0.0010258641909295374
-0.0014639519664254586
 0.0003864909054739907
 0.000694508391170634
 7.613725610705613e-05
 0.0001274727562026734
-0.00016887916056146368
 0.0003351500232305904
-0.0010509335960398047
-0.0012189445200033178
 0.0009091815908645051
 0.00023480711348800032
-0.0003648962408046019
 0.00030014255213711705
-0.00013855119300565377
 0.00048448509320137
-0.00011755173368754868
 0.00017646491643080742
 7.845817035850855e-05
-0.0002972318146822195
 0.0009045056754253822
 0.00016946091054315104
 0.0006944913477025527
-0.0005609178061710129
-0.0014056357830827815
 0.0006081501705628156
-0.00035557490876403364
-0.0005259193053239741
 3.1779748184690426e-05
-0.00041391441474725177
 0.0002767925767545587
 0.0004681364326325488
 0.00017411798846489468
 0.0005451392342636363
-3.822981185436225e-05
-4.9898071860843274e-05
 0.0004121286051964601
 2.9438202366505184e-05
 0.00045179584528548533
-0.0004769271450957291
-0.00038825608345816054
-7.790512516520076e-05
-0.0011653042520998191
-6.157261103983958e-05
 0.0007784766266299425
 0.0005124598536187519
-0.0007639505536221058
-0.0010066326006696324
 0.0006851341346764683
 7.142994480563436e-05
 0.00035144575934581423
 0.001266166120099499
-6.39141568579693e-05
-0.0008386279558785237
-0.00014092054658754183
 0.001361834908452264
-0.0002739302786300968
-0.0011699846526621038
-0.00011058899093324692
 0.00023243058370903125
 0.0002697652482263613
-0.0008619698580393798
 0.0006711207407532616
 0.00012275378358089784
-0.0005166186048499721
 0.0007527895905524162
-0.00028794008445470753
 0.00011574977769324146
 2.7076922006374904e-05
 0.0005147717976238253
 0.0005871085510867902
 7.374368286000577e-05
-3.126348100146448e-05
-0.0017557006267460151
-0.0006122999515477123
 0.0009557927361905638
 0.00018107893716995394
-0.00018527715748528628
-9.427262325140129e-05
-0.0006403061078273931
 0.00015774062310769388
-0.00039529327925741375
 0.000437755540623197
 0.0018705068177718442
-0.0006403105929505548
 0.00047275493849485706
 9.239800826138511e-05
-4.7611244545608944e-05
 0.0004797526652101092
-0.0013286894940038874
-0.0005446435986470877
-5.9282195626009226e-05
 0.00017873111217936444
 0.0003187385709371715
 0.00016706195514826216
-0.0008176643775459347
-0.0008176652745706114
 0.0009604399468413072
 0.0003630700651450769
-0.001291362902708315
 0.0005380787158237865
 0.0010187731736520655
 0.00010171754625265539
-0.0001246301926201565
 0.0003770655185754701
 0.0007060842576395165
-0.0009086796760755522
-0.0005399919028731825
-0.00016663718447806897
 0.00016471502718229392
 3.403966476078768e-05
 0.0004937328692217191
-0.0004839930456833619
-0.0002996496075945432
 0.0007574125815379418
 0.00019271131619097437
 0.0008040802394161384
-0.0005166661471557865
 0.00012737139241864037
-0.0010767013643346868
 0.00028837920751906276
 0.0012591029105857854
-0.0017090751290257944
 6.436314719332481e-05
 7.602961315056334e-05
 0.00018570192815547948
-0.0005796779804795871
-0.0006870186169374293
 0.0010187489539868477
-0.0007383568081069103
 0.0006337241815359551
 0.0015017750903622562
 0.0003490387307291676
-0.0006356876019650848
-0.0012260570658721437
 0.0013617631464812874
 0.00015769038972801575
-0.0012937304622409052
-3.365615722389359e-05
 8.068310297376646e-05
-0.0004396821830421893
 9.701561709907214e-05
 0.0013314217235559922
-0.0010230530232093749
-0.0006356974692360851
 0.0008670579858037764
-0.0005260260512557902
-1.4996449674675727e-05
 0.0002510185292872724
 0.0007947167472176497
 0.0003816912006349149
-0.000705707926299759
 0.00032801953686906193
-3.133613999706242e-05
-0.000561035316398506
 0.0006150339751490597
 0.0009533866045985939
-0.0005890396786288887
-0.0011537409439758561
-0.00013634778898169442
-5.67422060943068e-06
-0.00015735083639839553
 0.00010633066996718066
-1.7344274665209714e-05
 7.366025956867528e-05
 0.0007760346140524566
 0.0001086605544650121
 0.00013666132859690983
 0.00046568006766084524
-0.0004863776486840887
 7.365487742089227e-05
-0.0005283819494681374
-0.0005283828464927587
 0.0005076780892724342
-0.00023903403859165673
 0.0008646976024682673
-0.00047938351006743263
-0.0007944032076024898
 0.00025099161854813534
-0.0011444258911077476
 0.0010630382880368328
 0.000596342871737543
 2.9308133794092583e-05
 0.0006336766392301962
-0.0008737475550515961
 0.00025798575716479144
 0.0003606576543805917
-0.00032538418597777286
 0.0006453395170888387
-0.00046306086321312723
-0.0007967483415191601
 0.0009183531197906603
-0.0005097330062144856
-0.000136378287819372
 0.00026497810173220504
-0.0002203850953381159
 0.0002089729653699246
-0.0007384178057822655
 0.0008390087723414985
 0.00011329789784469968
-0.00029972764873797964
 0.0005356546437390586
-0.00032539764134736915
 0.0004936503429550654
-0.00032073249020386774
 0.00040731006284000504
 0.0001249589816541552
-0.0010581125217317688
 0.0007689956242039608
-0.00030206919455610937
-0.0003277382901408221
 0.0001529561676874569
-8.97258793600697e-05
 0.00043297108520296
-0.0007664347263575677
-0.0003067415218966363
 0.0004889717364419677
 0.000899662016379088
-0.0005470918903970334
-0.0006310978008911561
 0.00205706173310638
-0.0003487494107792255
-0.0011024619564324323
 0.00011094289665702917
-0.0005400968547557561
-3.373419836733005e-05
-9.907232809047706e-05
 0.0005799673004295292
 0.0002742814932800153
-0.0010184632221354462
 0.0004282888905913773
 0.0009113168210160283
-0.00044443165450153144
-0.00027408905199094447
-0.00019241840814249178
 0.00031861119343867816
 5.924968499992911e-06
 1.992490705354788e-05
 0.00036761142688856996
-0.0003394316668371977
 0.00040961213957402265
-0.0008341296513176277
-0.0001247548790447306
 0.0012589934735799946
-0.00022042904954533427
-0.0005797847264114586
-2.6752618095593483e-05
 4.7917607963687825e-05
-0.0006217899242201286
 0.0007736257913865674
 0.0009789704828427337
-0.0002694382532416606
-0.0004841186291326127
-0.00012476474631573087
 0.00031859414997054136
-0.0006124623130071005
-0.00022744023163007165
 0.00018558352090330965
 9.924413781287056e-05
-0.0001761065255838079
 5.257289183618896e-05
 0.000141243953473702
-0.000834148488835007
 0.0007829471234271357
 0.00049359562445217
-0.00039312485919434925
 0.0004702591044391524
 0.00018324107806055867
-0.000446797419984879
-0.0004374644266240124
 0.0004982571874971309
 0.00015290234620918275
-0.0002484558373916923
-0.000486470939246364
-0.00018778734393526397
 4.789249127384876e-05
-0.00037680041829074584
 0.00027190406647642495
 0.0005215847372637139
 0.0004562466075406224
 0.00016922858116208417
 3.5511297948875864e-06
 0.00031623556068433034
-0.00016212721859687473
-0.00026246743726554556
 0.0005565805470368335
-0.0002718031217003314
-0.0008085027158908353
 0.00029289545257271676
-0.00036981166182192826
-0.0005074874420325504
 0.00023455594658955414
 3.154293368040628e-05
 9.921274195057173e-05
 0.00025788798147935443
 0.00041656322100808163
-0.00048415809821666933
 4.32058115391043e-05
 0.0005729031938911389
-0.00011780559165996962
 9.22060449889961e-05
 0.00023921392153591903
 5.9535634590490716e-05
-0.0009578593144529135
 0.00042822251076823914
 0.0003068810387321652
-0.0010605347997672543
 0.0005588942850912049
 0.00026020889573080686
 2.219379387602416e-05
-0.0003838313349175393
-0.00035116361559295317
 0.0010815876615556386
-0.0005915130870686736
-0.00013181988260774213
 0.000472548622828306
-0.0002554957242648648
 0.00038154139752044625
-0.0007291924553778917
 0.0007385609107162794
 0.0005542156785781627
-0.0013662331652617432
 0.0007875611441662267
 0.0006218836927990856
-0.0010442166380361106
-0.0003721774273052203
 0.000586878912779587
 0.00044686965997253747
-0.000971882575647065
 0.000498204263043478
 0.0010115673372209644
-0.0006218643772650245
-0.0001831724261714407
-0.00017383943281062963
 0.0007245466197685069
-0.0006008667119961619
-0.0009905575326152327
 0.0008248832503386372
 0.0002811832383590174
-0.0007222108751061551
 6.416849284701653e-05
 0.0011118967915940137
-0.0007595491277220257
-0.00026252036171919846
 0.0009182158750211111
-0.00045620038126742424
-0.0005402062917614914
 0.0002461730761916803
 0.0005425231989064638
-0.000521541202064435
-0.0011959156794409953
 0.0011585572732751293
 0.000584522117542674
-0.001065243905117974
 0.0007758650763959873
 0.00035583911202413665
-0.00014819186581710442
 4.781893525357406e-05
-0.0002998693786306905
 0.000519178605671744
-0.0001551958717048718
-0.0006405590687751372
-6.18587618991806e-05
-0.00022753621326626616
 0.0005425088465122463
-0.0005192220818622806
 0.0009625321198102332
 0.0011562094482845398
-0.002682353869774279
 0.0009438616479652828
 0.0005168352658043718
-0.0007082387443163585
 0.0014642233458826426
-0.001436283988434095
 0.0006638404512772644
 0.00016680989122513923
-0.00040489179191094404
 0.0011515335328454168
-0.00218066623180041
 0.0005051598296007542
 0.000712837993653348
-0.0006359100640751514
 0.0003791496183226384
-0.0004889030845528497
 0.00033481184494227323
-0.0006195793439990882
 0.00047948535186814745
 0.0003534769346393851
-0.0006219155076693794
 0.0005424864208963265
-0.00033490017236470493
-0.0003279006516002103
 0.0006684912500265483
 0.0009951765164942228
-0.00031390250709584233
-0.0007969322315698468
-8.289051410420578e-05
 0.00020412571822508996
-0.00037224291010379273
 8.044987656802283e-05
 0.0009671685661652996
-0.0003139087862683021
-0.00029290842992563126
 0.0008971616972001661
-0.0002649085528184103
-0.00128230350186187
 0.0003791280897313398
-0.00012023594291715733
-0.00027424603130249414
 0.001083834122762195
 9.677431747162624e-05
-0.0007409432416510264
-5.4903195341904354e-05
 9.443815380133502e-05
-0.0009112894322602094
 0.0004024547424733571
 0.0013171751032270973
-4.3240317483206336e-05
-0.0002812554193379335
-7.591072788176723e-05
-0.0008086220201676264
-0.00025092296665901737
 0.0001387660599106999
-0.0001342511308896066
 0.0003791119432878798
 0.0001784324029751594
 0.0005984565732977121
-0.0002719296021742035
-0.0002952652251625443
 0.00029976938988796054
-2.6917670628900936e-05
 0.0004001069174828231
-0.000388607717116074
 0.0005587812599868736
-3.1588203920185354e-05
-0.0010979860774874561
 0.00037910117899220275
 4.7747173282597366e-05
-0.0001856009833793859
-0.0006476294544859873
 0.0005797762341817614
 0.000612443953506403
-0.0008319764806733465
 0.000610108686860733
 2.907311333910645e-05
-0.00018094031735910177
-0.00019494204996201026
 0.00021808170257148207
 0.00037675694210020927
-0.0006826405136778901
 0.0006054354624955294
 3.140030676307415e-05
-1.7603514785413665e-05
 0.00021340937523084413
-0.0002672868766466774
 0.0004934242927464583
-0.0011400074217395861
 5.939659577169909e-05
 0.0009531157031580917
-0.001781715076816126
 0.00046541813646672203
 0.0007080983894649506
-0.0006966530105764202
 0.0006544267256990421
 0.00012706102189408153
 0.00025773459026634526
-9.695414140703518e-05
-0.00022296255863585301
 0.0008200987949184002
 0.00019706071466207842
-0.0019030655190986345
 7.105140040863933e-05
 0.0014174641914914687
-0.0013010322803081453
 0.0002157240103098923
 0.000845760714306032
-2.462546116582809e-05
-0.0011610275126243685
-0.00023697326148508502
 0.0020544959311289412
-0.001231034381589391
-0.00033731527420310936
 0.0010954360029455379
-0.00021130954804815527
-6.896861669408727e-05
-0.0009416882647623193
 0.000988092675413832
 0.000477061279783364
-0.000916022757276147
 0.0002110436097475521
 0.0010440924296282739
-0.00011331087519761418
-0.0016954061925633646
 0.000556393965912283
 4.302909768549856e-05
-0.00043300020899933456
 0.0003487122137611487
 2.202515324423171e-05
 0.00030437444038072803
-0.00021365737303874477
 0.0009717458088943087
-8.298470169115779e-05
-0.0008973675348500909
 0.0003393720442032011
 0.00010602388754121783
 0.0001830275861968711
-0.0009113719585268631
 0.0009344039681798422
 0.00048404286005510055
-0.0023721284949305144
 0.0008223945924800136
 0.0009203995445030144
-0.0003630112805269592
-5.73272674266323e-05
 0.0004653696971363419
 0.0007407185664837224
-0.0009533834355079374
-0.0008507115382921371
-0.00013666982082655155
 0.0012074094976598504
-0.0008343799211914527
-0.00042602311385070424
 0.0014710892099761286
-0.0011424009949866365
 5.700302252464873e-05
-0.0006827086875503818
 0.0005236957477500193
 0.0012680726089684957
-0.001312748979645062
 0.001380077499545107
 7.566542114778585e-05
-0.0011657428971474926
 0.0005400246737767844
-0.00015535105696712348
-0.0002510243304430504
-0.00023935786448575636
-0.0002860282134379277
 0.0003463419631546394
 0.00028800425122066375
-0.000519378164149209
-0.0004190397395297252
-0.00026736491779011384
 0.0004046742929407765
 0.0009367051478892385
 0.0008596996551843428
 0.0003720029855176499
-0.0006313911279475781
-0.0004540481076478198
-0.00014369714935474898
 0.0006403487460019952
 0.0010347047177644564
-0.0003537123741023107
-0.00032337812737404104
-0.00019037108640546085
-0.00048438953057311496
-0.0009767531454325518
-0.0016674619309837158
 0.0013357164035242008
 0.0005750034400818227
-0.0007970793436103407
 0.0014710551230399105
-0.0005590669328295328
 0.0006683387558382159
 0.000985690131920347
-0.0014714574090854415
 0.0002109754358751159
-0.0007900852049936846
 0.00036964977837922186
 0.0015387186521376717
-0.0010351025186867702
-0.00023238884255899483
-0.0005217403415339605
-0.0011797805107358617
-3.711219188351489e-06
 0.00026697070496634057
 0.00041631205410963545
 0.0008013341354866088
 0.0007009939168178825
 0.0005749854995890646
-4.5719108070829684e-05
-0.000615087318610652
 0.0004489752883110043
 0.0009156689105610516
 1.728106393267259e-05
-0.001053783754827342
 0.0007079871584099173
-0.0003864123863138169
-0.002185520655142381
 0.0006986505769505102
-0.0007247686038618917
-0.0010304544110114056
-0.00018573822814893504
 0.00030195664746845985
 0.0014710255212269097
-0.0004774249937695152
 0.001170005762245463
 0.00047929697669429894
-0.000503095883403526
 0.00099965957163628
-7.607219231647866e-05
 0.0010836627910564833
 0.00034628455357782473
-0.0001810811502271914
 0.0001292698080658794
-0.0017188413852865514
-0.0010304678663810019
-0.00010174667004902993
-4.3410752164296795e-05
 0.0009413137864805465
 0.0002646058365076698
-0.0009347999750528579
 1.7255947242778014e-05
-2.0080511323794514e-05
-0.0003094320102987047
 0.00023193273503530065
-0.00037010409185372906
 0.0008082986722902086
 0.0019353650393139077
 0.0003626036123335896
-0.00039577587851236107
-0.0010724838284852933
-0.0004214458711217506
 0.0003532661338495613
-0.0008811417666565458
 0.0004512701888479964
 0.0008012901812793349
-4.8094740825177507e-05
-0.0009044800807188613
-0.00024410823296988626
 0.0013613200163103967
-0.001742199433890812
 0.0008712889770227661
 0.0013939859415856848
-0.001266173715304575
 0.0024067112543624813
-0.0016978679396829066
-0.000832150503453033
 0.002406708563288562
-0.0020572254105982735
 0.0006542688493628712
-1.4378472426579414e-06
-0.00038412825007250184
 0.0018186689838792791
-0.001840216944258788
 0.00011289872188108285
 0.00041858273498140974
-0.00048213858424339673
 0.0006005918034492352
-0.0007971591788030752
 0.001337967349853919
 9.655903155864065e-05
-0.0008951677189246721
 0.0008899379202763069
-0.0008041640817154083
-0.0009325059715405426
 0.0005002453056081047
 0.0003135666008735605
-6.120041854240643e-06
 0.0005142434501124171
 0.0002785618208540064
 0.00036023246470245907
-0.0006618294295336891
 0.00043956873892991855
 0.0016109710852846848
-0.001854236617354399
-0.0003678154704891967
 0.0013169508470677327
-0.0008835147083369743
-0.0002511445317444627
-0.000300148353292895
-0.00046349233206371965
-0.00030948403772768085
-0.0006338376256482259
 0.002016986346807248
 0.0003298847626047041
-0.0015858971360424579
 0.0013752786917306525
 2.886410659858063e-05
 1.7195846592099606e-05
-0.0003398263576776528
-0.0007178498153148083
 0.0017462963494308537
-0.0007201850819604227
-0.0007178525063887276
 0.0015969514121890738
-0.0005311764927281026
-0.0012405530590501868
 0.000763899004209867
-0.00016015704097865902
-0.001324560763593552
-0.0005381813956404358
 0.0011022489425854265
 0.0008805681489053585
-0.0007481966203878865
 0.0011069131967042511
 0.00036020106884016023
-0.0007388654210763179
 0.0002995289872851359
 0.0012772531081409744
 0.0006472146100955367
-0.0020456136631439303
 0.00042553291939079196
 0.00010117933147024694
-0.002092285806145344
 0.00036485994081114637
 0.0005655376870746243
-7.383470135630121e-05
-0.0010212254725085468
-0.00044252516563259015
 5.917054556309198e-05
-0.00040519139813982585
 0.0017859384728300953
 0.0005865326612695676
-0.0005778710613453808
 0.0005865308672202696
 0.0003648500735401461
 0.0007638729904954067
-0.00039819725952316976
-0.0006828818133053915
 0.0006471966696027787
-0.0004938723270483947
-0.0004215355735854853
 0.0004651831160117359
-0.0002465269229067757
-0.0006058825997728445
-0.00023486135397415842
 0.0012258915943309523
 0.0009785426020907373
-0.00022553015466258985
 0.000707857986862126
 0.0007031901446447608
 0.00017815791343606113
 0.00019682479718241552
-0.00016486435228008078
 0.00047683971469797415
 0.00023415766765050305
-0.0008392406237058836
 0.0001384834971499549
-0.0005592257061903805
-0.0014506131350296436
 0.0014102233710995282
-0.0003375485006087975
-0.0016326266886206864
 0.0011652060574063872
 0.00048616463483708294
 0.0005164988815652971
-0.0005475655194056017
-0.00027688359525090966
 0.0008151806828272101
-0.0006945769840510096
-0.00018354738246989521
-4.58733963084601e-05
-0.0002628872447958952
 5.446413128629146e-05
 0.00016646991888757956
-0.000755252653704519
 0.00017813548782014132
 0.0005724914595826025
-0.001371292110221023
 0.0004838177068711147
 0.0011908590065476399
-0.00038890283822173854
 0.0001781301056723028
 0.0010345136515166886
 0.0008548353645713158
-0.0003609047551638156
-0.000743595157993715
 0.0008688335090756838
 0.000609817153853609
-0.0011776237519930954
-5.055738496934081e-05
 0.001323857077269952
 0.00047213868256901215
-0.0008626085395812
-0.0004332504788731595
 0.0004978041900552399
 4.744308193049829e-05
-0.0005779284709221955
 0.0007824851557388657
 0.0008501549640090311
-0.001810004692881284
 0.0002947866920228748
 0.0014195195864502574
-0.00027224894294514135
-0.0007529451948226629
-0.0005546009211555569
 0.0011184980334194572
-0.0011403043368945487
-0.0007576157281139473
 0.0018115367034685081
-0.00023958660576833823
-0.0005289381047433039
 0.0008361424671105011
 0.001006485069621088
 0.00034377795522644305
 4.975951105878895e-05
 0.00046978368138134163
 5.909160739497876e-05
-0.0010189736291541518
-5.2916871280173083e-05
 0.0009388080851537861
-0.0009209704711803934
-0.0006362877114474697
 0.0013611639340235238
-0.0002325987463241419
-0.0007482970871472983
 0.0017415172761584552
-0.0008509716754370178
-0.0021343825004669914
 0.001610840119687651
 0.0005047732119820569
 0.00017341920627234053
 0.00016641789145860342
-0.0006806335580495371
-8.594347318702233e-06
-0.0010959934742533206
 0.0007101134183150615
-0.0004706246124745461
-0.0007716434744313161
 0.0004184266526944813
-0.0011660021372676965
-3.660229764762546e-05
-0.00135034826643049
 0.001060128028598617
 0.0007334409680816445
-0.001436689443570227
 0.0022851984506206957
 0.00032741404523883855
-4.5942467205573045e-05
-0.00010428017913954868
 0.0003577464979177547
 0.002583878457833255
-0.0005196409923679535
-0.00018362183551479117
 0.001249129441633856
 0.0003344072868308179
 0.000938775792266866
 0.0013377987092221266
 0.0011441195866984666
 0.0006097534651043346
-0.000624654435401828
 0.0004254073359415411
 0.0013051256077496465
 0.0007310904520171913
 0.0009527694516480723
 0.0008080932536482233
 0.0015921391490050785
 0.0001243839888616094
 0.0009597662813385921
 0.000847758699688006
-0.002008412655297609
 0.000983098316228448
 2.170670949791509e-05
-0.0014530488684346698
 0.00012437770968914963
-0.0020527531197518933
-0.0014903871210505404
 0.00025504948401211536
-0.001117033299680048
-0.0006900087115683795
-0.000339988719137041
-0.0004613301911730594
 0.0001757069306121961
-0.0023677790964594103
-0.00016498186250757385
 0.0014777819483146604
-0.0013643885710927783
-1.6414718353452429e-06
-0.0008463594487471138
 0.0005467227942630992
 0.0003693779799140984
-0.0018544223014543282
 0.0010880857455478066
 0.00036237487105106325
 0.00011969282400359216
 0.0005093818505733649
 0.001298094691122853
 0.002023803771570354
 0.0006190523715289831
 0.0019841329433827326
 0.0015734408693963697
 0.0018464562661474337
 0.0018044528623881173
 0.0012187503436736913
 0.0020798008347108765
 0.0007963900096809029
 0.0016341057747542576
 0.0014030910906886462
 0.0006400446546499516
 0.0008127207297569661
-8.80005894678404e-05
-0.0006270336562547163
 0.0005233674367327579
 0.0010647321820667077
-0.0017751048647443035
 0.00012434093167901228
 0.000852383484722774
-0.0009443913115093072
 0.00037168633582063126
-0.000487032476669369
 0.00018267326146509388
-0.0002116845043466098
-0.0014460924048527724
-0.0002373544969559993
-0.0004847034891962143
-0.0007110512280690817
 0.00035534485144894656
 0.0012700652122026312
-0.0002630271806393081
-0.00048470797431937607
 0.001137054583135455
 0.0005700198451920602
 0.0005326833866254876
 0.0010973828579232126
 0.0007006916195150814
 0.0013680638850532278
 0.0005933500860326735
 0.0009830391126023352
 0.0029734903402842128
 4.264786221463979e-05
 0.0011953824277984304
 0.0013633915577126454
-0.0006970656419096333
 0.0017320784338903938
-0.00020003777293142733
 0.0007940206560990148
 0.0010740364706391947
-0.0006153985861598321
 0.0013890534771002772
-0.0004847259148121341
-0.00036105276422898624
 0.0008686863970351344
 3.563578310522564e-05
 0.0012933766155258097
 0.0005746661588181268
-4.6038448841767554e-05
 0.0007123392479549406
-0.00046373183764186754
-0.00034239215965514713
 0.00029231148953379194
 0.0004159846401169953
 0.00020130426422593217
 0.00024797281912880553
 0.0009853492625581661
 0.0012536977141164862
 0.0014987114397110313
 0.000978346153695131
 0.0011300209754347978
 0.001984071048682756
 0.002336424513710522
 0.001214023297830269
 0.0017367202623932432
 0.0016107118451644808
 0.0011743515726180265
 0.0027867802396874253
 0.0011650158881832406
 0.001678378962360727
 0.0018463880922749976
 0.001414694764921287
 0.0029337845281356967
 0.0014730297857813435
-1.5726627729473197e-05
 0.0011440083556434333
 0.0017880458952178602
 0.0007379823298251931
 0.0014450236295016627
 0.0007753160973179019
 0.0008336520152025795
 0.0003622896537105458
-0.0006481048775437981
 0.0019140471362495415
 0.0006119685304485922
-0.00012074276183732247
 0.0003482843330090968
-0.0006084403285285811
-1.1072240881704332e-05
-0.0007134483894147281
-6.47439046475573e-05
-0.0007577861627950377
-0.0009677995934933015
 0.0005349558615465044
-0.00027709349901605673
 0.0006399603343339999
-0.00034476599836019695
-0.0015231705565533216
-0.0010004735919903474
-0.0009001351673709745
-0.0008347988316971255
-0.0005851181609097811
-0.00019542913434011933
-0.0007951324886327216
 0.0006119505899558342
 0.0006002823299493532
-0.0005267858311236995
 0.0008592959940975087
 0.00116498000719778
-0.00012309776302499298
 0.0016246723146340347
 0.0011696442613166047
-0.001355173984984026
 0.0008942927008952495
 0.0013259842341997174
 0.0008289536741475367
 0.0008872895920322144
 0.0006096054560391639
 0.0011439697835840534
 0.0011136337428064857
 0.0008686182231626982
 0.001363313516569209
 0.0020213518917218676
 0.0007402745392882104
 0.0009362853403589444
 0.0008849480462141401
 0.0005862626568536866
 0.0012793031209519246
-0.0006644804488517009
-0.0008838277699353969
-0.0005548090308714615
-0.0008418270572499997
-0.00044280414029479465
-0.0013015229527848504
-0.0017565510061022804
-0.0013108586372195807
-0.001261856609720391
-0.0022769180861674787
-0.0015535424783163498
-0.00127352666377617
-0.001513875238227269
-0.001196523862145138
-0.0018428966683651793
-0.0007811675340399504
-0.0006714952190350343
-0.002512605994598238
-0.001910570961758562
-0.0009071786423426875
-0.0015675522841409606
-0.0007298365190675504
-0.0018755724609115232
-0.0013575424415412929
-0.00017913967739735526
-0.0019829148914185524
-0.0009585213186353303
-0.0016725648301502138
-0.001315544419929704
-0.00037515586061592776
-0.002561620580442403
-0.001404219069665813
-0.0005245007978577076
-0.0014462233704498617
-0.0006295088587437991
-0.0011125385832176926
-0.0010308679393692954
-0.0009982002200447093
-0.0005781760497221011
 0.0007169003442404898
-0.0010495393082388116
-3.2146153244649867e-05
-0.0007951925892834
-0.0014719005392563322
 0.00043687914755247137
-0.0009188693279650884
 0.00015686064193837224
-0.0013668978605180793
-0.001523241421499677
-0.0002514997535008612
-0.0011288863467618926
-0.0004171781018926235
-0.002899993841458559
-0.0016095843926887121
-0.0014322413723889538
-0.0031636789359226203
-0.0025243083415409373
-0.003975729193509858
-0.0032710213664297605
-0.00359537495435025
-0.004363088335581744
-0.0042184139316312486
-0.004381757910402018
-0.005044465024796663
-0.005240477619916695
-0.005203142955399365
-0.004902125887491782
-0.004181083752237136
-0.006598562259104546
-0.00475278633239784
-0.0035207136985373477
-0.004990802331277189
-0.0033667063012259857
-0.0031636950823660803
-0.0029256817745607067
-0.004659452810690745
-0.002774007849845661
-0.0013365896275043254
-0.003056359828056132
-0.00010918483586119798
-0.0013879287156984277
-0.0013972635031085923
 0.0006935270462173349
 0.0012022231752020773
 0.0018835962763184555
 0.0011392176210507365
 0.002049271036611733
 0.001482236298668338
 0.0017762529487867496
 0.001587240771455889
 0.0016525771071296824
 0.0016105737033703105
-0.00040788098951727303
 0.0008171912265541037
-3.9194113339524606e-05
-4.152848296057332e-05
 0.00012414717435732525
-0.0014602816156048526
-1.8621398961693458e-06
-0.000839579699018822
 9.147496990952186e-05
-8.86524875920447e-06
-0.0025686855840054146
-0.00033788667889711466
-0.0010285954644482231
-0.0015606281134460387
-0.0006319069171140668
-0.001201275127653778
-0.0012152768602566866
-0.0022536730626674384
-0.0002188858556544937
-0.0005362390257859229
-0.0018336506863941837
 0.0006001603345986428
-0.0003798990529028101
-0.0017146462750530778
-0.0007229213186190075
-0.00019322393626686196
-0.000412571257350558
-0.000970272104908465
-0.0016026440755502747
-0.0006785898244110466
-0.0004452434617984169
-0.0013739664521796313
-0.00028656911929425544
-0.000529251166341782
-0.002057676613990922
-0.0004895839262526458
 0.0014425304865198774
-0.0005059200284765475
 0.00018712043562169045
 0.0014541951584278179
 0.00031779310696933294
 0.0011765101254100907
 0.001797212939020798
 0.0028192730392077037
 0.0014075212213771615
 0.0016665357825499383
 0.004366362679529334
 0.0019325498644872097
 0.001174170373641259
 0.002821601129656237
 0.0015708589209754709
 0.0008358141560931842
 0.0016525286677992468
 0.0013678441140170805
-0.00030525663460728714
-0.0005642729898293619
 0.0007518046575005766
-0.00013958277133863106
-0.0014159931785795443
 0.00014509909136961596
-0.0008372937687282089
-0.003376112850607127
-0.0013436591161905542
-0.0002935973448471296
-0.0015303387179497197
-0.0016843488063349454
-0.0011173158624408486
 3.0751757950253644e-05
 0.0002687650657556273
-0.000456945808741116
-0.00044294587018750553
 0.0002664289020853361
 0.00019409035457312873
 0.0001310856974464647
 0.0002897609369751919
 0.00017541988272823383
 0.00021275454724556386
 0.0008941276483619975
 0.0014704944826415267
 0.0008474564023852049
 0.0016851721674586706
 0.0029429129998792547
 0.0016548352296564817
 0.0030315831644921465
 0.004011640757944357
 0.0023665416804764527
 0.002697893892136871
 0.002375873776812698
 0.0028729025428155808
 0.0021985280654390205
 0.0011858000615883602
 0.0017271648069223655
 0.0014634815065074913
 0.0016338241090181338
 0.0007937730772991092
 0.0002734077912831534
-2.2944125480872657e-05
 0.0001637327852043735
-0.00022595803541458626
-0.00026562796657764176
-0.00018395732272918908
-0.00044764062314400777
 0.0006257558741630809
-0.00027729891765804204
 0.0007610954907034673
 0.000268731875844086
 0.0011577840380376792
 0.0017691529612628432
-0.0004546473201055834
 0.0017364825508643378
-6.96261357532868e-05
 0.00036906581534029703
 0.0011181096217515174
 0.0011904463752144268
 0.002744538227374471
 0.00020105220030286475
 0.001582467080331218
 0.0018088130251548429
 0.0017434748954317514
 0.0023898459076024947
 0.0029825470500567386
 0.0035332456857762318
 0.0011857713567999806
 0.0040396074451399255
 0.003850595267809065
 0.002018818382631349
 0.003568243289598594
 0.0026045182102718
 0.0037759205566265663
 0.002119154116176858
 0.002116819746555809
 0.002779525066901267
 0.000877744003832337
 0.002109816637692774
 0.0010504191819146746
 0.001484444187815459
 0.0005300529988741531
 0.00018236468498983305
 0.0015381113664581503
-0.00041733956632733493
 0.0008357343209004497
 0.0008357334238758285
-0.001838427068592663
-0.001087049789585126
-0.0007136950711900125
-0.0014137377471266088
-0.001210726528266759
-0.003432193337038869
-0.0032175147551971595
-0.00252914123629161
-0.0050422921196104364
-0.005014291345478594
-0.0033295250279216093
-0.0035722070749690804
-0.004904620824522921
-0.004519598743145947
-0.004484597551224989
-0.003793890559723123
-0.0038802299428135623
-0.004619941652888537
-0.003208191629107293
-0.0034765418747149113
-0.0029421775471700218
-0.0024404818359743397
-0.0019527869603570003
-0.0019621217477671093
-0.0020577950212430363
 0.0004670214310082965
-0.0002376881901210992
 0.0008403752523787333
 0.0017107596338014064
 0.0007890370612092523
 0.002259123899899851
 0.001960438510539453
 0.002980165138129931
 0.0023431262222953775
 0.0026278089820283013
 0.004580924648168172
 0.0028984900091583166
 0.003913549691556106
 0.00436390900563155
 0.003491189357563207
 0.0043335720678294165
 0.0037595369120969058
 0.0034211824885981845
 0.002151772499146387
 0.0023127812112714863
 0.002539127156095111
 6.0978361721919505e-05
-0.0005177237392032796
-0.0010567568059901555
-0.0005690619303727606
-0.0012061008462073697
-0.0022701652471782685
-0.001140765407558142
-0.0018921444806150878
-0.002673858697424758
-0.0025175169304923473
-0.0010520970369945482
-0.0020088216985322815
-0.0021464974787429036
-7.204123759163572e-05
-0.001187442035682773
-0.0007207484134327258
-0.0004920689960127289
 0.000772672254196971
 0.0016897260875470832
 0.0009663486856467118
 0.002968467276310449
 0.002424767264330774
 0.002695449188485466
 0.003582167878082687
 0.0031551414959217206
 0.0032368121397701732
 0.0026861117100014376
 0.0024854321696886617
 0.0015683765422892515
 0.0021960797736890747
 0.0002966321832165164
-0.0006017556634118626
 0.00015428856078847364
-0.0015841494205343087
-0.000776768799213734
-0.0019971758641417203
-0.001735827830372516
-0.0017801647067282045
-0.0029002324500121412
-0.00212085349984803
-0.0020415163285959492
-0.0012691377962210648
-0.002935238127056261
-0.0027322269081964112
-0.002806898928304935
-0.0023285379430730835
-0.002596888188680646
-0.004094978492577006
-0.002830237242367306
-0.004841691517465774
-0.004202320923084091
-0.003166259987318898
-0.0037729637594006715
-0.0031755956717537392
-0.00289091291202076
-0.002293544824373883
-0.0012784851419760934
-0.0003614313086259813
-0.0004711054176801399
-0.0005411104925960308
-5.574908957495239e-05
 0.0021867171785152073
 0.001568346043451574
 0.00175502295413682
 0.0034001202375554263
 0.002639407274113048
 0.002116708515500776
 0.002550733521401616
 0.004543518221679865
 0.0038901449976706526
 0.004027818983832032
 0.005623913342726827
 0.005348562679330093
 0.0048585325370670285
 0.003813135916867161
 0.004209825361225994
 0.003656791458860831
 0.0025787262223117002
 0.0038084653835758764
 0.0027910704345324167
 0.0019720206561807396
 0.002399045244292408
 0.0025880556275740263
 0.002798067264222992
 0.0024527124229350994
 0.0035914461529406583
 0.004247151055496945
 0.004352156425309117
 0.0043731567816518435
 0.005497889676079171
 0.006090590818533359
 0.006123258537857945
 0.006473278530289339
 0.006067253401495665
 0.006720624831455635
 0.006834964091653295
 0.007068310454265925
 0.006223592477354156
 0.0051805293297506605
 0.00449448748939224
 0.004018458182707407
 0.004144464805886927
 0.0031784062539637614
 0.0028260509948866974
 0.002100340120389954
 0.0016616463752471278
 0.0007235894944804255
-0.0005154853512184809
-0.0009051761718374962
-0.002475604126221387
-0.0028396267482803106
-0.003843020861745483
-0.005614127459417473
-0.005490454308834325
-0.006183496566981861
-0.006155495792850019
-0.006094826402368914
-0.005891815183509119
-0.005063433308821197
-0.005471791910211188
-0.0032246586969282842
-0.0027696324376600967
-0.003296998141465113
-0.0008911887916288053
-0.0006065060318958815
-0.00037082619668682426
 0.00015653771306894937
 0.0008822467935163947
 0.0012789362378752278
 0.00033621241191578166
 0.001372273347680919
 0.0019673079627314793
 0.0014889451834502743
 0.001885634627809163
 0.0016242847999906607
 0.001801627820290419
 0.001766624834320163
 0.0017922921358556887
 0.0020349723888538063
 0.0003852063661932137
 0.0011879200423210445
 0.001460935439072053
 0.0004388735448359049
 0.0010105734339227457
 0.0006535512296529378
 0.0010805758177646618
-0.00038251239718606334
 0.0005578761621277684
 0.0008028898877223134
-0.0014232438662424851
-0.0002588419376768347
-0.0025059769450090363
-0.0018176034261035423
-0.0028980021352489893
-0.004571102883873357
-0.0028770026759309397
-0.004657443163988473
-0.0024266442588801174
-0.0037193889742956343
-0.0032923643861839658
-0.00027985216129056134
-0.0012365768228282392
-0.0007488819472108998
-8.150968167275341e-05
 0.0016685938685826462
 0.0007165361522376568
 0.001425910924510554
 0.002503974367010442
 0.0018972705949287239
 0.0010875547069624791
 6.5492812726331e-05
 0.0007211977152826177
-0.0008142281501557491
-0.00025886256924351203
-0.0011875855596247265
-0.0022796516317521442
-0.00210697555664513
-0.004174433174056524
-0.0025970065959327604
-0.004258439981575268
-0.005005152109439415
-0.0032573820317803315
-0.005035489047241548
-0.004340115110546883
-0.0035164001810517043
-0.003535068858847301
-0.005210503080068096
-0.003574739687034978
-0.0010429228169944738
-0.0030170415305510456
-0.0023823378813621066
-0.0010242577272974174
-0.00036155240695201485
-0.0004035558107113868
 0.0005158314952350973
 0.001584561047349442
 0.0010758631243154015
 0.0004901606056010865
 0.0015915587740646941
 0.002989307962267651
 0.0016872293564667018
 0.0023802698205649397
 0.0027489575937673094
 0.0026976202996224496
 0.003948360714253918
 0.004531727966322674
 0.0050870935472348555
 0.003939024132794511
 0.004849077548355507
 0.005712461511989064
 0.003962356167684311
 0.003922686236521367
 0.003567997504847986
 0.002366258220691031
 0.001978900872668443
 0.002223914598262988
 0.001575208319446575
-0.00037324219554984994
-0.00027057029833404966
 0.0021725746130442647
 0.00015178644756025372
-0.00045725079711783634
 0.0029076157898279553
 0.0014305267392989984
 0.0009218288162649024
 0.001579867191417561
 0.0028586092772055482
 0.0027186000243984987
 0.001442189617157641
 0.00329263248905709
 0.002972945846329289
 0.0031059528872979247
 0.004683379465421689
 0.005873449592547486
 0.005934118983028536
 0.006335475372580113
 0.007422872705465489
 0.008020240793112421
 0.007033180987821852
 0.005560758882485639
 0.006358805613420726
 0.004312349249376568
 0.0030219380065574786
 0.0016965246747928098
-0.0004432705931062819
-0.0006836191675573255
-0.005082215908745746
-0.005525576599081317
-0.0042911704926245076
-0.006538305499956654
-0.006818323108546076
-0.006584976745933446
-0.004440516326890909
-0.004673864483552892
-0.0037544771776064634
-3.4922756011912526e-05
 0.0004411047566236226
 0.002282213738137584
 0.00346528344747421
 0.0037569666249962497
 0.00596443080414083
 0.005833755441719268
 0.006214110577903498
 0.0074391827939748745
 0.00803421740902549
 0.010335020492024949
 0.010911387326304534
 0.011574092646649992
 0.012267133110748174
 0.012901836759937113
 0.013615878477402754
 0.0135225386765232
 0.013881892559340026
 0.012582147426135448
 0.011840102243464101
 0.01127306750552065
 0.010822706397395965
 0.007653849714496341
 0.0055723912615066595
 0.007404166352635078
 0.004279645649066521
 0.0025995444826530933
 0.0039062882395974885
 0.0027092159006333327
 0.0008214356731426342
 0.0006837598929319566
 0.0005764192564741144
-0.002097741235994377
-0.0027464475148107903
-0.00353282867681326
-0.004855908535981612
-0.006862695865887336
-0.008759809983763578
-0.008052768684087053
-0.00999888572648705
-0.010106226362944837
-0.009805209295037365
-0.010705930614262116
-0.010213568793451921
-0.011592651994933256
-0.010831940825540176
-0.010892612010070524
-0.012642717354375166
-0.011823669370072787
-0.012957737948934844
-0.01365078020708238
-0.012302033943403234
-0.013265759022730084
-0.012652056626908492
-0.0112193053497599
-0.010829616323190183
-0.008311800288727966
-0.007835772776092376
-0.006440357060485791
-0.0040695497995950625
-0.0048395966534229284
-0.0036191913825442956
-0.0036751956218818993
-0.0037452006967977347
-0.0031104970476087956
-0.003780204579792612
-0.0016707462496957093
-0.0009753723130010439
-0.0008540326350143235
 0.0011340851200711821
 0.001330095921141916
 0.00250383174009311
 0.0036308981071167534
 0.0031758700537993234
 0.005350665616594696
 0.005444003623424953
 0.004869968467692443
 0.004792962974987547
 0.0037498998273839956
 0.004113920655393566
 0.0019227889903743467
 0.0008143886100723807
 0.0011130722053834807
 3.267349623803373e-05
 0.00019134873576676092
-0.0005110274127662628
-0.0019507809017532685
-0.00019134346111238099
-2.5667803794482413e-05
-0.001645098682702295
-0.00017967878920444047
-0.00048069765116121044
-0.0015960984492523478
-0.0019181185645765209
-0.0025108215010799517
-0.0024874876721408534
-0.003591221107250131
-0.004582947857733444
-0.004571281391776205
-0.005770687203336788
-0.007688802574580322
-0.008031823943271843
-0.0077051386768041685
-0.008668863756131073
-0.009186895569550546
-0.007943155572708194
-0.007637471559607922
-0.008477522591326947
-0.00824184275611789
-0.007621139942507238
-0.007341124127967058
-0.008188175577475199
-0.008771544623593197
-0.007392463216161216
-0.006972439045838608
-0.0067857621351533615
-0.00534134349502291
-0.005210669926650646
-0.005072995940489211
-0.0035585731224675454
-0.002762859864128886
-0.0011620985600414024
-0.0007117392459659588
-6.070128860241608e-05
 0.0021444294179457923
 0.001033695565047399
 0.000966023962727991
 0.0021654279802392207
 0.0026111203491219204
 0.0010476928125271456
 0.0007373400601847768
 0.0029681389652931323
 0.00013296886367486493
-0.0003197257170461931
 0.0014560460317692425
 0.0015400501482140672
 0.001974075154114907
 0.00016096604970811113
 0.0015610487105074955
 0.0016263850461813445
-0.0012717888155390766
-0.0018248227179041843
-0.0011807851783297574
-0.0009707735416807362
-0.0036402670889565947
-0.0009054381030316194
 0.0010570114534937947
-0.0008214348836114715
 0.0013160251176419502
 0.002163074773100848
 0.004102189603662487
 0.002828112669017946
 0.0016683758915957414
 0.005250255430004291
 0.004109186433353007
 0.0032691354016339824
 0.0046295490282950436
 0.0036144875518480113
 0.0017897110844593556
 0.0017150390643507762
 0.002002055296680072
 0.0011946728813101992
 0.001787374023764443
 0.001547025449313344
 0.00047596063055327376
 0.001701032846624706
 0.0021350578525254904
 0.0011713327731986967
 0.0012763381430108134
 0.001969378607109107
 0.0032877897270354173
 0.0031524474194211116
 0.003103443597872624
 0.004963220360157561
 0.004883881394856293
 0.005098559976697947
 0.004806875005126665
 0.005315571134111408
 0.004785871957709964
 0.0032971155441991473
 0.006890662445589502
 0.005121889320513884
 0.005103220642718231
 0.0069093275352866135
 0.003633131112953769
 0.006302622866180219
 0.005063548020481312
 0.004580518296007419
 0.006069272915468993
 0.0023123811382831927
 0.004883867042462076
 0.003971478360255465
 0.0016940082091703723
 0.003894471970525837
 0.0022027034411304935
 0.0025363891253872284
 0.0033367693289186873
 0.002242369784194953
 0.0018550124361723097
 0.002370708982946168
 0.003906133054335237
 0.0028210673999969904
 0.0007069403306580457
 0.0012389711856065633
 0.0003662515375382758
-0.00132318351926064
-0.00012844644694215424
-0.00018678415887612987
-0.0012158464709013939
 0.00041058303174618116
 0.0017383280420579794
 0.001257631790180458
 0.0002705719848898891
 0.0010779526062104083
 0.0031710766281327074
 0.0021956841858239984
 0.002473366527767751
 0.0025410363360379717
 0.0008049318273115613
 0.0013672978260128588
 0.0016426466953602947
 0.0014349667372584585
 0.0010942788411633098
 0.0023566866187766378
 0.0024313568448359746
 0.0029867224257482117
 0.0043098004908672105
 0.004036783300066904
 0.0056678797479072784
 0.004468473936346751
 0.004890831579265675
 0.006232577425155705
 0.0029610479480156604
 0.0032620650159231324
 0.0038034297612571377
 0.0007932492149108628
-0.0007025076163891253
-0.0012952105528926117
-0.002226267015870198
-0.0037383581553447898
-0.0036660214018818804
-0.003056985951253033
-0.004907430617201725
-0.006342517160995986
-0.006069501764244978
-0.0058384888742286645
-0.006643537817002054
-0.0057358178740374854
-0.004018382940131349
-0.0036356943313507473
-0.003192335435064475
-0.002398955649322132
-0.002251947772775209
-0.002450293840491613
-0.0008028630844766904
-0.0004901786535872477
-0.0007911975155440176
 0.0006298863986226588
 0.00043854074869542625
 0.0006952218372718866
 0.001644944286971206
 0.0009752367547873897
 6.984849036989482e-05
-0.00031984233024906494
-0.00011916458398564256
 3.484371035039624e-05
-0.0009522160949401726
-0.0013699085867156513
-0.0007165371567557921
-0.0022239613510375844
-0.0021866266865202544
-0.00048319258819234934
-0.0018576088444808847
-0.0032483594089440238
-0.0029753440121930153
-0.003318365380884536
-0.006148868537310059
-0.007390276855605338
-0.00667390166554338
-0.0085220128588957
-0.008874368117972709
-0.007222270416765042
-0.00830966954369966
-0.008881371226835744
-0.008750697658463424
-0.009014380958878299
-0.009789094757898908
-0.01119384615794028
-0.009131057279770927
-0.009597752696070216
-0.010370133022494399
-0.00850802278761309
-0.008022661384592067
-0.006914262798339343
-0.007565302549752129
-0.006277226573578709
-0.005677525013335405
-0.007392628268694468
-0.006223559394936018
-0.00609988624435287
-0.00639390468852058
-0.0062888993187084075
-0.005292507417081649
-0.004965822150613974
-0.005530523415960942
-0.0029403697310111943
-0.0026510200260855266
-0.002989374449584248
-0.002051319362866788
-0.003374399222035196
-0.004606473649944931
-0.0062072367480817126
-0.006181569446546242
-0.006956283245566852
-0.009110079349044065
-0.008566381131113687
-0.009399431745043707
-0.009392432224279157
-0.008820732335192316
-0.009364432347171991
-0.00825836723351564
-0.009565112784509333
-0.008970078169458773
-0.00731098005046199
-0.008643393800015775
-0.008050692657561587
-0.008314375957976461
-0.0074859940832885385
-0.006386929387421303
-0.0063705959762713205
-0.0032717452653121537
-0.003043065847892157
-0.0016966530568093274
 0.001784887159955062
 0.0016425444345516405
 0.0036936659497392443
 0.004755395084064418
 0.006069139258797984
 0.008409611375935877
 0.007847243583185282
 0.009546010736320387
 0.009625347907572468
 0.008647621992667442
 0.00931032731301279
 0.009156317224627508
 0.010565733775812436
 0.011594794293788457
 0.011342778356355443
 0.012264499134898299
 0.012952872653803849
 0.012763860476472932
 0.01230649895055913
 0.011424445412105355
 0.009770012444252019
 0.008411930496138031
 0.007392202074498255
 0.006862502898096867
 0.006262799543804265
 0.004755375349522417
 0.0058941090795280315
 0.006503144530156768
 0.007282523480320879
 0.009149300660394932
 0.009391980913393161
 0.010911070676607515
 0.012073139132576849
 0.013503556937129124
 0.014658624975309231
 0.015160320686504913
 0.015655015979911424
 0.01496897413955306
 0.01455594859297027
 0.013650560328552774
 0.013447547315643682
 0.011928455758379919
 0.009534311977476229
 0.010474700536790116
 0.009244959581476697
 0.0068928183073076466
 0.0069161521362468
 0.005546402825151009
 0.0036959581592022617
 0.002711231826508065
 0.0013741511317614807
 0.0005060984288859371
-0.0009686571490466478
-0.0022707357548476526
-0.0023244065215888288
-0.0034234730115053624
-0.002525086958926226
-0.0024270820069031696
-0.003124791210243505
-0.0026720984235716894
-0.002373414828260534
-0.0021260676300695613
-0.0031201278531493015
-0.0008146578249570435
-0.0002149562647136838
-0.0008309939271809452
 8.605990616916692e-05
 0.0003987443370586097
 0.0008747718496941448
-0.0010013410148147495
 0.0003170701051116165
 0.0014488034173280595
 0.00018172690047263407
 0.0008164305496615731
 0.0011407823435328757
 0.0020251675605336694
 0.0019551624856178895
 0.0020811691087974094
 0.0031475651883154376
 0.0023541836085237966
 0.0021231689244581853
 0.0027625395188398683
 0.0034975824896728014
 0.004482307028317756
 0.004241958453866712
 0.005709711819960939
 0.005383024759443966
 0.0021138287549002377
 0.001644799866004576
-0.00037832177207580697
-0.0021190932259949613
-0.0033675019620793556
-0.005567967517484063
-0.005516632017388501
-0.005273951764390272
-0.005035938456584843
-0.006111670220537657
-0.005966995816587106
-0.005516636502511663
-0.005735983823595359
-0.005017275160937085
-0.0057686542339939195
-0.0055446417617666666
-0.004216896751454924
-0.0035961939378442165
-0.00390654669018653
-0.003852877717494596
-0.002926489993758996
-0.0024644633167016927
-0.0038715481893394355
-0.004226236921012871
-0.0037385420453954765
-0.0054979812800856065
-0.006461706359412456
-0.006489708927593596
-0.00546764882740669
-0.007070745398139788
-0.007395098986060389
-0.00464393569196081
-0.005103630690470984
-0.004559932472540662
-0.003983565638261022
-0.0036078774472695363
-0.0039999017404849235
-0.004608938985163014
-0.004020904787901569
-0.005458324804292147
-0.006664731033641902
-0.006968083368195044
-0.009439231744779064
-0.012953442371942014
-0.013114452878116412
-0.015298584125346515
-0.01814308811735027
-0.016483989998353488
-0.01652132645692006
-0.018152424698809677
-0.017930745699178907
-0.016500327894626632
-0.016199310826719104
-0.015552939814548306
-0.013749166394576351
-0.01198506200874272
-0.010456638355142767
-0.009742596637677181
-0.0061653840444614305
-0.004179599761972297
-0.00376657600943886
 0.0005853494857728236
 0.000811695430596393
 0.0021627751668719664
 0.004463578249871425
 0.002760142357494222
 0.004258230867341339
 0.004185892319829132
 0.0052639557623289646
 0.005821654815837574
 0.005399295378869351
 0.006491359656947415
 0.004934932538141756
 0.00547396381087939
 0.0044075659373120635
 0.004281557520083301
 0.0034391730157679046
 0.002641124490783575
 0.005359619168533891
 0.004883589861849114
 0.004785583115776759
 0.0025827840877756247
 0.003002808258098233
 0.002914135402411422
-0.0007960869228468836
-8.904562317041398e-05
-0.0031272278406731524
-0.004048950413265251
-0.003516919558316789
-0.006037070859424676
-0.005164353005405631
-0.006212083098201926
-0.005374367333128571
-0.0017714865413526737
-0.0008731004887735372
 0.0006249880210734693
 0.0032384764319870474
 0.0021044078531249344
 0.003170803932642907
 0.006299989787354965
 0.004776231284898513
 0.0074667242914924215
 0.008542454261395827
 0.009461841567342366
 0.01183964924602221
 0.009214491678077474
 0.010686911989364445
 0.011141938248632632
 0.01019221400488407
 0.010581903031453732
 0.010703242709440508
 0.011902646726951793
 0.011288942537080904
 0.011498954173729925
 0.011645962050276792
 0.009916857959339553
 0.008605445463153005
 0.009102474229155944
 0.010196871979830435
 0.01019920455540213
 0.009902852638638049
 0.008467766094843843
 0.008535435903114008
 0.008460763883005429
 0.007088681099313265
 0.008673108095226145
 0.007896060823609108
 0.007322025667876653
 0.008236746028630393
 0.008108404138805203
 0.009478151655851752
 0.008691770493849282
 0.009151463698310214
 0.01103457518655887
 0.012170975443968057
 0.012889684106626442
 0.012266646026370065
 0.012180306643279626
 0.009877168293634497
 0.008479417311382242
 0.00872209756438036
 0.006136609030574058
 0.003980479454500474
 0.0029654179780533862
 0.0023143782266405455
 0.0008746247376535954
-0.0024155725202574807
-0.004378023870832193
-0.005257743936689541
-0.006620492829996216
-0.007588884854515865
-0.008265592804488742
-0.007941241010617495
-0.008421937262495072
-0.009677346416368582
-0.008344934460863984
-0.008382270919430557
-0.008678622836194694
-0.006375486280598752
-0.004933401113064673
-0.005831788959693107
-0.006664839573623016
-0.005376763597449541
-0.005703450657966402
-0.006555169052667342
-0.008335609540724875
-0.009437009503237725
-0.009005317969933313
-0.009873370672808857
-0.008711302216839523
-0.009448680454318126
-0.009159330749392514
-0.007969260622266716
-0.007609906739449834
-0.004037361091426883
-0.004009360317295041
-0.003122641627697764
-0.000982848153848026
-0.0009175118181742326
 0.0007252519926480017
 0.0010846058754648835
 0.00184765051745428
 0.0013809551011549903
 0.0014556253272143271
 0.003607086164045925
 0.002057659463029382
 0.00045222941969985664
 0.0007509130150110122
 0.0009142551997324833
 0.00018154390744662408
-0.00015447704345578073
 0.0002632136542704
-0.0006165064115870034
-0.00033182365185402407
 0.000799909660362419
 0.0003052125729066102
-0.0014215580454343124
-0.0021566028103165436
-0.0017972489274997172
-0.0032836718684142174
-0.004793429535292382
-0.005089781452056408
-0.004501747254795019
-0.0039580490368646415
-0.004077057036304288
-0.0027049760466614226
-0.0024692962114523653
-0.002135610527195575
 0.0003168682745681717
 0.0018219572022043495
 0.0027856804874819563
 0.0039104133819092834
 0.006124877978842924
 0.0073196150511614655
 0.006624239320417613
 0.007562294407135017
 0.007116600244203075
 0.0057585182960891435
 0.006339552075561472
 0.006213543658332654
 0.005613840304040052
 0.0033760391870933937
 0.002848673483288322
 0.004127415569076309
 0.0016866023362451799
 0.0009375567357846615
 0.0011942378243610663
-6.817174730155973e-05
 0.0001371729441547176
-3.0837979808850946e-05
 0.00016050587606913913
 2.5163568454833474e-05
-0.0003225247454293756
 0.001096225696140929
 0.0017845992150464784
 0.002363299521922435
 0.0028836630138890373
 0.0019176044619658161
 0.002197620276505996
 0.004055063566194506
 0.004430751757186047
 0.004206737490909551
 0.003770377218363097
 0.0031683403914741226
 0.00289999014586656
 0.0018009236559500819
 0.002087939888279322
 0.0011335486993380162
 0.0005875152147620244
 0.001247887062511055
 7.648292210693519e-05
 0.001450897384346228
 0.0011895475565277813
 0.0009235307835165352
 0.0021042670202568448
 0.002129934321792315
 0.004400402261038994
 0.0045007406856583665
 0.0051354443348473056
 0.005952158846553368
 0.005935823641354088
 0.006085164990497383
 0.003338666847541305
 0.005382787944939682
 0.004342058269932558
 0.0008045129168058884
 0.0016095600655300912
-0.0015522961995805273
-0.0026583631072861214
-0.004135452157815078
-0.005612541208344091
-0.005547204872670242
-0.007962349906941335
-0.00586222546722992
-0.005775887878188779
-0.007948351762437023
-0.00789001584455229
-0.007357984989603827
-0.0064292637932718555
-0.0074839943038572665
-0.005449207096844266
-0.003449421978777012
-0.00424047008597217
-0.002791384500648919
-0.0007285956224795664
-0.0010576161555927999
-0.001064617470406537
 0.0005594785596446661
 0.0009328332780397242
 0.002699271136469783
 0.002323581151429055
 0.0025172584799033615
 0.0035859880320177062
 0.001418191092962262
 0.002017892653205511
-0.00014990428584993332
-0.0019980154792023086
-0.0017226666098548726
-0.002600053203115904
-0.0026817256410135992
-0.0034214373510885743
-0.0006796079473745387
-0.0013866510411003063
-0.00121164149339692
 0.0021718928743198473
 0.00020010763335964743
 0.0012921719114377672
 0.0016165237053090697
 0.002055215656402598
 0.00331062301622681
 0.0017401950618429196
 0.0029886020038780714
 0.0018918689865579097
 0.0009328108524238043
 0.000678461442394529
-0.0011673162783615298
-0.0013189928941503837
-0.0020050347345088038
-0.002912756471522726
-0.0028707548618125966
-0.0028847565944154496
-0.0035031277294790275
-0.0029827642375124253
-0.003951156262032018
-0.0035054638931493187
-0.002749419668949038
-0.004014162713208036
-0.0016643567056846553
-0.0026117474768368454
-0.0025510780863558513
-0.0019233748549560281
-0.0029967731463124148
-0.0012373357056715273
-0.002826431440826449
-0.002275732805106956
-0.0037248201844794493
-0.004884556961901654
-0.0034004692876328235
-0.003997839169328998
-0.0009339905473154664
-0.000679642931335378
 0.001915177698807169
 0.004874020053983963
 0.006169096447946554
 0.00949896094594671
 0.008899257591654108
 0.010257337745718742
 0.00948495741929456
 0.00954562680977561
 0.00901359416077785
 0.005711729539884913
 0.0066241164280422815
 0.004479654214950501
 0.002841555555271713
 0.0013411317787790367
-0.00012428990876806045
-0.0012513580698410576
-0.0025441027852565745
-0.004296541602157589
-0.006151653213299024
-0.0008500043713633998
-0.0023760963464162232
-0.005810968905302416
-0.004478556949797929
-0.005435281611335607
-0.004046866313518083
-0.00802077104216653
-0.009794211112435003
-0.009017165634867264
-0.012470705974524487
-0.012293362954224785
-0.014864850652452855
-0.015688567375997275
-0.014295485132987062
-0.015959251991225887
-0.013483438463498365
-0.010263247177527746
-0.006779373488166984
-0.004441234843625463
-0.003573183934799218
 0.0006434001498227815
 0.0034645676218135746
 0.005576359424506849
 0.007471138275737421
 0.009377584489949797
 0.011748391750840526
 0.011942069079314888
 0.0135358299656132
 0.0155659502274334
 0.01541894055683729
 0.015885634179087338
 0.017997425981780557
 0.01815143427611654
 0.019187495211881733
 0.018818805644630066
 0.0168236856777062
 0.016648674335953573
 0.013692163659323908
 0.013190466154078928
 0.010870993496259196
 0.00781181002538911
 0.007620464375461766
 0.0054339996556353465
 0.005746684086524734
 0.005856356401529594
 0.00549700072466347
 0.007041758686438027
 0.008299499518858666
 0.009167550427684856
 0.011277008757781759
 0.012005051310825632
 0.011778703571952764
 0.013013109678409629
 0.01203071681831186
 0.012292064852081008
 0.012548745940657413
 0.011024987438201017
 0.010728635521436936
 0.009568898744014731
 0.008500167397851088
 0.006526048684294572
 0.005438649557360009
 0.00521696876367983
 0.0029184973592274455
 0.0009280443374963254
-0.00018968993319118388
-0.0003740351653293006
-0.0015967757028535479
-0.003617563868337559
-0.0044016115577436565
-0.004693296529314939
-0.00574802703990035
-0.0068890960365515785
-0.008184174224563412
-0.010720659833845902
-0.01210207650792361
-0.01360716722960903
-0.014965249177722961
-0.016096984283988702
-0.019256507076502893
-0.019816541396657117
-0.020210899162468876
-0.0223600283207534
-0.022012341800918378
-0.022542040977319766
-0.023645774412428988
-0.023242084550281095
-0.021949341628914876
-0.021190963932118112
-0.021361308328678053
-0.020250576269828957
-0.020301913563973817
-0.018901830903174432
-0.017109724846184338
-0.017079390599456068
-0.014881260310696975
-0.014367897236519545
-0.013231496979110302
-0.01105203447112224
-0.010839689361876903
-0.009234261112596676
-0.007925183883055797
-0.007010463522302057
-0.0051903557941555545
-0.005288362540227853
-0.006116746208965018
-0.005801728305479259
-0.006487770145837679
-0.007502831622284711
-0.00881657759106752
-0.008972921152049229
-0.00901959150100129
-0.010559684311632345
-0.009563292410005586
-0.008844583747347201
-0.00821221357075469
-0.006637120465227242
-0.006980141833918818
-0.005972082569310144
-0.003829955622864034
-0.002656219803912896
-0.0006634351036346464
 0.001464691007233232
 0.003004782023814989
 0.0038354973710992835
 0.004827222327533354
 0.006581992822981497
 0.006560990672589473
 0.00582361243511087
 0.005643934148165497
 0.005949618161265713
 0.005256575903118232
 0.005352247382544917
 0.007496707801587399
 0.007457037870424399
 0.008612105908604561
 0.010950244553146082
 0.01166661974320804
 0.012310657282782467
 0.012602340460304506
 0.012434329536340993
 0.01162694712097112
 0.010884901938299774
 0.009130129648802388
 0.007814050207423151
 0.005723257864047981
 0.0030747655701395815
 0.004526184628059149
 0.0032964436727457302
 0.0027014072636459274
 0.003644129295556131
 0.0015113344454462108
 0.0014903322950541864
-0.00040444835022557246
 0.00011824861433734624
 0.0010096342491273669
-0.001566520394293447
-4.276368588623791e-05
 0.0019756892129520476
 0.002724733019363268
 0.005172544875934326
 0.008164055847460272
 0.008798759496649211
 0.01071453960124713
 0.01202595030338438
 0.013041009985782115
 0.014562433221592896
 0.013190350437900733
 0.015614827568508016
 0.016655555449465897
 0.016496878415887872
 0.01742793308481627
 0.016576214690115276
 0.01648287488923572
 0.014613762442516054
 0.014457418881534345
 0.014746768586460013
 0.014487752231237938
 0.014375744649587352
 0.013923050068866294
 0.014777100142114363
 0.014483081697946654
 0.012896319435388104
 0.011071542967999504
 0.009937474389137446
 0.007678672018823329
 0.005704553305266813
 0.004901837835089795
 0.004260131974062498
 0.0036230930582278886
 0.003919443180942672
 0.004145789125766242
 0.003130727649319154
 0.004738489371195809
 0.004318463406823958
 0.0030957228692997107
 0.004939165323409989
 0.006418586052486075
 0.007130294297355344
 0.006441918984400552
 0.0065819264431583036
 0.008152352603492952
 0.007148958490027724
 0.0051118360163691645
 0.00614556347953793
 0.005611197357943798
 0.003975432170861437
 0.003777086103145033
 0.003644077268127155
 0.002477340072915779
-0.001176878910029544
-0.0022269424754221556
-0.0032326700614837
-0.005405133945731999
-0.007085235112145427
-0.008209969800622052
-0.008494654354404274
-0.009512049303447678
-0.011726515694430617
-0.013289943231025392
-0.011028809182164256
-0.012757913273101551
-0.014207000652474044
-0.01383831287927173
-0.01392465226236217
-0.012328557903467374
-0.012655244963984291
-0.008991693884702778
-0.0077409534700712546
-0.008272986119069015
-0.004427424177270378
-0.002084618587536169
-0.0005608618791289599
 0.0017586089846414743
 0.004519106169126597
 0.005870185905402114
 0.00728893634697253
 0.007566618688916282
 0.008747354925656592
 0.010819477694211488
 0.008336661954645552
 0.009748411978426852
 0.012620915847537828
 0.01109015692729226
 0.009792745266684
 0.010525454764920616
 0.011213828283826166
 0.009559395315972774
 0.009151036714582783
 0.00799363340975695
 0.005993846497640398
 0.0043767490913289575
 0.003168009389382942
 0.003196010163514784
 0.0004658463287332548
-0.0025910036695404592
-0.002607338874739684
-0.0039584204050645555
-0.00657657755522012
-0.007997663263436094
-0.009845774456788414
-0.012916625290640471
-0.015686458159560268
-0.016839194519193357
-0.0190116584034416
-0.02061008802898201
-0.022159514729998553
-0.02225518800347448
-0.02111645427346892
-0.02226919063310201
-0.021944838839230763
-0.02118179419724131
-0.021664823921715204
-0.022509541898627028
-0.021361474278235926
-0.02131013877814042
-0.020939117532341678
-0.02013873732881022
-0.020376752430664946
-0.01900000449582928
-0.019814387328988214
-0.018066617251329187
-0.017133229109804526
-0.016862547185649834
-0.01441940227427152
-0.013217664784163918
-0.0095961162116171
-0.008289372454672594
-0.006497266397682555
-0.004259467074785084
-0.002549032558668063
 0.0007318290148082829
 0.0021645802919568746
 0.005877134295762254
 0.0064978371093729614
 0.006880525718153507
 0.00890131208958822
 0.0066378427740814705
 0.006577171589551123
 0.00528909381932835
 0.002556596511950504
 0.0001414514776794662
-0.003204749122544648
-0.0030134052666666578
-0.0041334730099504835
-0.005881244881658754
-0.004775179768002458
-0.005440220354993475
-0.0057715743607031356
-0.00546589034760292
-0.005234877457586551
-0.0048475219036132056
-0.005832248236307458
-0.004686514088512728
-0.00446250161628553
-0.006441287275034735
-0.005160211716650431
-0.004609513080930938
-0.006527628452174472
-0.006508961568428173
-0.006214944918309762
-0.005027208263780336
-0.003505785027969499
-0.003566456212499902
-0.0012259840953620094
 0.0021785515257221055
 0.003947322856748425
 0.005730095023353088
 0.008124237010207536
 0.009136963220008953
 0.00982300326631802
 0.011384095536267236
 0.010399369203573039
 0.009421643288667902
 0.009727327301768174
 0.00859792566809886
 0.009183626392763933
 0.009708656829923279
 0.008971278592444676
 0.008112559779954676
 0.00774620368529938
 0.008334237882560824
 0.006705473113267579
 0.006714806106628446
 0.0058374195133674145
 0.004824691509516754
 0.005510731555825876
 0.004516671332746192
 0.007134826688852458
 0.006868809915841267
 0.006252772253374006
 0.008502238939253337
 0.007743859448407386
 0.009528965087608365
 0.009832315628112265
 0.00967363859453424
 0.01148907937748811
 0.010527687770757577
 0.010896375543959946
 0.012261456115813751
 0.012777152662587665
 0.012788819128544848
 0.013276514004162243
 0.013929885434122158
 0.012630140300917525
 0.011311727386941972
 0.010471676355222947
 0.010842697601021634
 0.009717962912545008
 0.007963190623047622
 0.009356272866057891
 0.008096196766991637
 0.007223477118923349
 0.008021523849858436
 0.006985461120043945
 0.007636499077407544
 0.007440486482287512
 0.006726442970772684
 0.006189743376582124
 0.005055674797720011
 0.00430896266985592
 0.0030862221323316175
 0.0023395100044675265
 0.001389785760718909
 0.0010700991179911634
 0.0009394237555695462
-0.00044199291850810507
-0.00026231642561197477
 0.001322110570300905
 0.0006034001135932776
 6.203357421002975e-05
 0.0018121371244654294
 0.002689521923677163
 0.0037185824416531843
 0.003914593242723918
 0.004917985562139793
 0.007295793240819637
 0.005583023458056946
 0.004213274146961099
 0.004145602544641636
 0.0027968544869132472
 0.0017631252296951838
-0.0001456562511628623
-0.0023251205532002217
-0.004800935874976986
-0.00700373490297812
-0.009026856541058448
-0.011385998233016559
-0.011824691978159385
-0.012023038045875789
-0.013133771898774127
-0.013934153896354828
-0.015061222057427825
-0.01576359820596085
-0.015667926726534165
-0.01549525065142715
-0.016995674427919882
-0.01774238655578403
-0.016713326037807952
-0.018258085793631806
-0.017161354570360943
-0.014925888720059899
-0.01590828158015778
-0.014986560801614923
-0.013334463100407146
-0.012909771984891849
-0.012653090896315444
-0.010991659304722234
-0.01042695983342451
-0.010195946943408196
-0.007846140935884871
-0.006511395507783901
-0.005027307833515071
-0.004770626744938666
-0.003008855831701407
-0.0007197201116837526
-0.0010580745351825294
 0.0024748020787020986
 0.003132840453854757
 0.002435131250514533
 0.0049366129768020905
 0.003867881630638448
 0.004098894520654817
 0.004420912841929636
 0.002540133032228109
 0.0011820510841141774
-0.0013824361963247767
-0.002579508535288988
-0.00311387465688312
-0.00496198585023544
-0.006310733907963939
-0.007864827554173226
-0.009358250912876787
-0.010452650457600576
-0.012723120190896497
-0.014739241411187709
-0.015803305812158552
-0.017940767607461272
-0.018787819056969413
-0.01792443509333591
-0.017177724759521062
-0.015105601990966167
-0.013397500947445462
-0.01029865023648624
-0.0057973824951066955
-0.004156952156880833
-0.002868876180707358
-0.0011887768083432282
 0.00015063556495048536
 0.0008040069949104001
-0.0001643850296091931
-4.071187902604523e-05
-0.0001807211318330948
-0.00205916746893825
-0.0016881462231395639
-0.00036273468542413756
-0.001816489009989375
-0.002299518734463324
 0.0001622939576859661
 0.0006966582852308556
 0.0008833351959161018
 0.0031374688269880657
 0.004591221357504061
 0.003984517585422398
 0.004091856427830887
 0.00651633355843817
 0.0045188801189179895
 0.0017303794692271612
 0.002645099829980846
 0.0010023342251093692
-0.001244800782222777
-0.002122187375483864
-0.0031139141259671765
-0.005097366729909181
-0.006219767945789378
-0.005270045496090059
-0.005748408275371264
-0.007500847092272278
-0.00763152245469384
-0.006838142668951552
-0.007232500434763256
-0.00754985360489463
-0.007113495126397529
-0.0053167221242146345
-0.004742688762531422
-0.0032189320541242683
 0.001623022686325859
 0.0015530176114100236
 0.003291453798683508
 0.008712109743034213
 0.008992125557574393
 0.010322204040482619
 0.014174766400070371
 0.016148883319577645
 0.016419565243732337
 0.017663305240574634
 0.020505473965932774
 0.021686210202673084
 0.02191255614749671
 0.0244280387093625
 0.02696918946978849
 0.02761556048195929
 0.029223322203835833
 0.03145878805413693
 0.03063273785799614
 0.02817325684439398
 0.028415937097392152
 0.02616880209005995
 0.021854210362340976
 0.0197260824574238
 0.016060196111496616
 0.012819001778109351
 0.010877551680902042
 0.010403855846813637
 0.009388794370366604
 0.008203389394384308
 0.010291846471113808
 0.010518192415937377
 0.011344240818028928
 0.014111738420303055
 0.01519913575318843
 0.01651054645532568
 0.017264257206929645
 0.01732492659741064
 0.01701457384506838
 0.0158991730469773
 0.014972783529192402
 0.013689372704162428
 0.011964935558417877
 0.011495906669522216
 0.01097554138350626
 0.009745800428192897
 0.008756407150305956
 0.008322380350355818
 0.007956024255700578
 0.005811562042608853
 0.005141854510425037
 0.004353139875826195
 0.001195950555908376
-0.00020646737153662276
-0.0006428276440831326
-0.0022692589407800057
-0.005109095987591017
-0.005816139081316785
-0.006336504367332685
-0.008861322613633316
-0.010709433806985635
-0.01171982833823998
-0.01245487310312221
-0.01561906284082909
-0.015815075435949177
-0.01442899361072797
-0.017597850293627648
-0.017488177978622732
-0.014926025964829448
-0.014996031039745283
-0.01659912761047838
-0.015850083804067217
-0.014650679786555931
-0.017037823149670506
-0.016778808588497673
-0.014522341484829282
-0.014853695490538943
-0.015250386728947019
-0.013196931741163154
-0.012541226838606867
-0.013453615520813478
-0.01238021902350639
-0.011243818766097202
-0.011206484101579817
-0.013514289396417689
-0.014237666798318116
-0.014118660592927712
-0.01796889127396839
-0.019021288311957485
-0.019646659864810123
-0.022360489391416993
-0.021611445585005773
-0.023800243777428676
-0.02513265752698246
-0.021840128590524255
-0.022330158732787375
-0.02269184788224987
-0.020435380778581425
-0.01918230689135353
-0.018657276454194238
-0.01770288705930212
-0.015061396977232078
-0.011159831693120514
-0.010018764490518528
-0.008135653002269871
-0.0046821144566619455
-0.004399765169525394
-0.002850340262558093
-0.001725607368130766
-0.0001855163515490088
 0.0006101969067897062
-0.0010512364788527462
 0.0040100646856564
 0.006735559781195888
 0.005158131409022881
 0.008912687919563012
 0.010658124524625612
 0.01141650222142232
 0.01292392462165487
 0.012963592758768572
 0.014627357822958154
 0.013528291333041675
 0.014683359371221893
 0.017768209246602773
 0.014043986085766291
 0.013362611190600615
 0.014781361632170975
 0.01199752792767289
 0.011446827497904155
 0.01182251568889564
 0.010814454630237669
 0.009738722866284966
 0.010133078838047427
 0.012034858107067059
 0.010854120076277507
 0.009909062777721633
 0.012009187217432993
 0.010343086886597797
 0.008882332144243443
 0.01038042065409056
 0.00995572774452591
 0.00831996255744355
 0.00710655591030479
 0.007703923997951667
 0.005526793168510735
 0.004570068506973002
 0.005438119415799303
 0.0019169083708471812
 0.0009951857982550827
-0.00015521708878163398
-0.0009555990863623354
-0.0016113057829678645
-0.002850380628666771
 0.0006054913895375824
-0.001909992966377616
-0.004290135911703075
-0.0029880590999513124
-0.00553854554481209
-0.0068616254039804425
-0.008320046673738424
-0.00830838020778124
-0.009237103198162455
-0.009612793183203183
-0.006369267171268789
-0.007428664627046999
-0.006875632518731134
-0.0036227726164112517
-0.0028270593580726477
-0.0017163272992235523
-0.00019023711821997136
 0.0013428534805727255
 0.0006988141469490006
 0.000717481030695355
 0.0028526075593523492
 0.0017535410694358156
 0.0010511649209028473
 0.001984553062427563
 0.0020942253774324793
 0.0021595617131062728
 0.0024862469795738917
 0.00405667313990854
 0.0028502669105588407
 0.0012448368672293708
 0.0019682124750804997
 0.000607797054370196
-0.0009859656259775251
-0.0011819782210975016
-0.0008856280983826625
-0.0028970823734811857
-0.004227162650438654
-0.0023020486554552466
-0.003198103029487309
-0.0029110867971580134
-0.0009743054391926909
-0.00136866320500445
 0.0010418130900246014
 0.0027825827498945133
 0.0036109646245824356
 0.005519744311391128
 0.005062382785477326
 0.007703872867547368
 0.008121563565273604
 0.005295727354040769
 0.007351515814421061
 0.005827757311964665
 0.0034289465858681756
 0.0059467626203303925
 0.006700473371934357
 0.007598859424513493
 0.009530973837285961
 0.011449087414480252
 0.014193250290790715
 0.01444993137936712
 0.01615103200509871
 0.01887419362804177
 0.0176024501659936
 0.017383102844909903
 0.018010806076309727
 0.01793846752879752
 0.017663116865400785
 0.016286367136515878
 0.017432101284310608
 0.017854458927229477
 0.013397525371131758
 0.014746271634810904
 0.017175415710610986
 0.010590355146620656
 0.008637237686431543
 0.008436558146118767
 0.004728669293456833
 0.0016368172062374842
-0.0009160027112196101
 0.0008060991678793261
-0.0013453634630016253
-0.0036811704289959613
-0.00256343795235775
-0.005085922726062009
-0.003576166853233087
-0.002213419753975654
-0.004285544316579848
-0.003079139881279447
-0.0044348883567970065
-0.0059889820030062935
-0.004266880123907413
-0.005428950373925989
-0.006791699267232665
-0.007328398861423224
-0.007799761222915258
-0.007158057155937203
-0.008828824431965143
-0.010709604241666781
-0.010417921064144742
-0.011113296794888594
-0.0115333227592605
-0.010793612843234768
-0.011456319957629413
-0.010380589987725897
-0.009220855004353046
-0.00838313923927958
-0.005638976362969117
-0.0066913734009582115
-0.005463967712290463
-0.00254246091865562
-0.004787262453391394
-0.003272839635369784
 0.0003207072660206256
-0.0005590127998367778
-0.00011565390355050553
 0.0024674993636101816
 0.0029061913147037655
 0.0031138694787563037
 0.0035618953202353754
 0.0029341902947863097
 0.0015691079288832621
 0.00048170880194858823
 0.0002506941178830324
-0.0010257162893578253
-0.002246123354285756
-0.0021177832585098644
-0.0013127361097856616
-0.0011913964317988857
-0.0017444303341640488
-0.0007783735762900701
-0.0007830414185074352
-0.002166791565181514
-0.002271798729042984
-0.0029858422405578122
-0.004297254736744305
-0.004479266496286105
-0.004696280344773429
-0.004740617221129173
-0.0051209741513627005
-0.005702009724884272
-0.00581168383393843
-0.008000482026361277
-0.008462510497467879
-0.008756528941635533
-0.01292411189578302
-0.013913505173670015
-0.01340714251728159
-0.014998571725032883
-0.01501023998503942
-0.014382536753639596
-0.013957845638124244
-0.013803837343788261
-0.01305479353737704
-0.010182289668266065
-0.010091285134032124
-0.009547586916101802
-0.006462737040720812
-0.005169994119354593
-0.0030768700974322938
-0.0029065274949217623
-0.001317433553816083
 0.002080101649478916
 0.0012727192341090432
 0.0020474312390804106
 0.002406785121897237
 6.16442655174132e-05
 0.0005866747026767594
 0.0002996566762981656
-0.0015484545170541542
-0.0014317817842601221
-0.0018984772005594674
-0.002577518623128716
-0.0024305107465818487
-0.0014737878790934134
-0.0015157912828527298
-0.0022205009039821255
-0.0006850768325931123
-5.737360119328905e-05
 0.0006986706230070472
 0.0007943421024336761
-0.0003607277297957845
 0.0009576833901305815
-0.0007737541734030851
-0.0017934825950429167
-0.0001623861472025978
-0.002556529928106288
-0.0020081647649832224
-0.0017631510393886218
-0.003389582336085495
-0.001205452882904634
-0.0021878457430025144
-0.0024165269544716983
-0.0008717689926971417
-0.001004777827715131
 0.0008830006057263251
 0.0008689988731234721
 0.0015480385016434783
 0.0035291558389398126
 0.002497760054318121
 0.0016833772211592435
 0.00010828232158249795
-0.001448144797223161
-0.003335925024713804
-0.006847802179280438
-0.007211824801339306
-0.00856757327685681
-0.01168976050782905
-0.01239913707415119
-0.013815555837174476
-0.014863285929970715
-0.016566721822347974
-0.01702875029345452
-0.01453193551235965
-0.014083909670880579
-0.013015180118766234
-0.010219680845335533
-0.007155832223321945
-0.004920366373020957
-0.0036486247050220855
-0.002747905179846577
-0.0011261426223916904
 0.0006356282908455135
 0.0006262935034354045
 0.0021290489584752104
 0.0018700326032531356
 0.0016110162480310608
 0.003379787579057436
 0.0037414749344706344
 0.005148558013059135
 0.005269897691045966
 0.005986272881107979
 0.006723649324537284
 0.006324624613532781
 0.007610367117109884
 0.007104002666672216
 0.007524026836994768
 0.007598697063054105
 0.007349014598217518
 0.009281129010990041
 0.008994110984611448
 0.009414135154934056
 0.00935113049780728
 0.010069839160465666
 0.010636872104359762
 0.009257788902878483
 0.010576200022804794
 0.00979681927859144
 0.010181841359968413
 0.009953160148499174
 0.008585744309999754
 0.010482856633826698
 0.011241234330623406
 0.011563252651898226
 0.011749929562583528
 0.012272626527146502
 0.011537581762264215
 0.011070886345964925
 0.009633466329574292
 0.009383783864737705
 0.009285777118665406
 0.0054892163073412825
 0.0063385994353965525
 0.0043201447425089134
 0.002091677515947743
 0.0026377092064744923
-0.00014612449802359206
-0.00040047390805292293
-0.0026406084975960087
-0.0035203285634533565
-0.003693006432609669
-0.005170095483138626
-0.001975572395728098
-0.0020665787240113365
-0.0004938190910803164
 0.0031207290636773855
 0.0031930658171403503
 0.006364254178587103
 0.0071926360532750255
 0.008140025030377973
 0.011353215898559421
 0.01012580841584243
 0.010450160209713677
 0.011476887255093327
 0.010671838312319881
 0.011124531098991697
 0.009285753796024865
 0.008340696497468936
 0.0097174444323046
 0.007780661280290091
 0.0077666595476871825
 0.007337299692929844
 0.004427458468227674
 0.0047914792962373
 0.0018373020922038963
 0.0006752318421853754
 0.00030187532974096376
-0.00389837624075573
-0.002309282299650106
-0.00421573030791178
-0.006623874924393702
-0.005562145790068529
-0.007652938133443643
-0.005475809098051954
-0.005317133858523226
-0.006327528389777515
-0.004117730738036562
-0.004885444119268001
-0.003933388196972365
-0.00409206523055039
-0.005244801590183423
-0.003345355793760163
-0.005072126412101086
-0.004736107255247979
-0.003518035456965718
-0.0060568545388445805
-0.005641497313714716
-0.0063158717910912765
-0.007258595617050778
-0.0071255885760821425
-0.0074266074380389124
-0.0067312335013443025
-0.006805905521452882
-0.006789572110302899
-0.0069552495616700405
-0.005970525023025142
-0.006544560178757597
-0.007316940505181835
-0.0066402343492582006
-0.008058986584877859
-0.007358945702990449
-0.009050714232385793
-0.009895432209297617
-0.008476681767727201
-0.010324792961079576
-0.009288732025314439
-0.009274732086760828
-0.009564083585735739
-0.009158060250991473
-0.010329464391395538
-0.011251186963987636
-0.013360647088133781
-0.015558779170942172
-0.01651550383247985
-0.01840328405997055
-0.020974771758198674
-0.021278124092751816
-0.02191516300858637
-0.020335402957866233
-0.019971382129856663
-0.019476686836450152
-0.015586788915320338
-0.016041816968637823
-0.014168039370774654
-0.011729561404589084
-0.010758837701522361
-0.007708989915087061
-0.0073379686692883195
-0.003921765685222345
-0.0013339454728689137
-0.0014716212530795914
 0.0012795420410199876
 0.0009085190011720035
 0.001753235184034474
 0.0031649852078157736
 0.0034380006045668376
 0.005629130475536759
 0.005519456366482545
 0.006658190096488159
 0.008520300331369413
 0.009689369205127862
 0.011822162261188485
 0.011810494001182004
 0.011320463858918939
 0.012197848658130672
 0.012557202540947554
 0.012599204150657628
 0.013331913648894245
 0.014827668686144935
 0.01519168951415456
 0.015483372691676545
 0.01684845326353035
 0.017324480776165885
 0.0183955438008766
 0.01866389225243492
 0.01846087923952583
 0.01939893432624329
 0.019144584916213903
 0.019793289400981073
 0.020203979680918194
 0.01891590191069542
 0.018654552082876974
 0.017896172592031023
 0.01612273252176255
 0.01568637224921615
 0.01480898565595512
 0.012811532216434884
 0.011374112200044195
 0.010132703881748972
 0.01137177693339858
 0.010135035560296046
 0.008991633091048445
 0.010982084318730323
 0.008639276934946871
 0.010814072497742133
 0.012421834219618788
 0.009647334405506247
 0.010384710848935552
 0.007675548267521426
 0.006520478435291965
 0.007299857385456077
 0.0050037194536000085
 0.004434351243060297
 0.004100663764754264
 0.0028055855767423754
 0.004021323902428264
 0.004567355592955014
 0.002716910927006322
 0.0046490253397787895
 0.00571775489189319
 0.006844821258916889
 0.008585590918786745
 0.00898461383574195
 0.0107767198927321
 0.009885332463892782
 0.01206712844447727
 0.013901237008202116
 0.013590884255859859
 0.014498604198824427
 0.014948963512899816
 0.01526398141638563
 0.013548878161026512
 0.013824227030373948
 0.013849894331909418
 0.011630760995733735
 0.009885322596621782
 0.012071785522399014
 0.01205545031719979
 0.009341620790592864
 0.009619303132536672
 0.008419897320976144
 0.00819121610950696
 0.006119091546902711
 0.0056267279320433294
 0.007752520570314836
 0.005199700652857686
 0.0051646976668874855
 0.007096812079660009
 0.006058415877249146
 0.005790065631641583
 0.005255699510047507
 0.006065413603964398
 0.006758454068062636
 0.004569655875639789
 0.005561380832073859
 0.004067957473370243
 0.002425191868498766
 0.0029665566138327715
-0.00033764147965659186
-0.0004263143353434029
-0.0014390423391941187
-0.0036208401138277946
-0.00366051004499085
-0.006145659257153102
-0.007788424862024579
-0.008742816050965885
-0.008399796476323718
-0.009022834556579984
-0.01079394115425203
-0.009956225389178675
-0.00906017280919591
-0.006869042938225933
-0.007424410313187468
-0.00931685748587091
-0.0069250489716127794
-0.008028782406722057
-0.00956654174475674
-0.008509479555624255
-0.010644607878330492
-0.013015416933270518
-0.015465564056487191
-0.014756189284214294
-0.01443650443553579
-0.017388348166972767
-0.016916987599529976
-0.0178153754461583
-0.01771970396673167
-0.018016055883495752
-0.019803496789342345
-0.01894944671609433
-0.021159246161884582
-0.022844014273490754
-0.023553390839812893
-0.023726068708969206
-0.02331071148383934
-0.026386229262884087
-0.025301165402595083
-0.022522000437339096
-0.023313048544534254
-0.022795018525164024
-0.02194563539710881
-0.020372875764177734
-0.020580555722279625
-0.021936304197797185
-0.02157228336978756
-0.022255991737549607
-0.02263634866778308
-0.021457945903639197
-0.018804788458587296
-0.017878400734851696
-0.016935678702941548
-0.015330250453661265
-0.013783159019290336
-0.012432079283014819
-0.00979992309133032
-0.005658010129792224
-0.006024366224447464
-0.0031705301361074634
-0.0010914069497634515
-0.0013947592843165935
 0.00011733006110870026
 0.00041601365641985577
 0.0005583545877739793
-0.00037503534779997905
 0.002194117083782421
 0.00258613958294851
 0.002901157486434325
 0.004520586571292784
 0.004550920818020998
 0.005316298932606822
 0.005785326027453241
 0.009150192614398978
 0.008160799336512037
 0.0073860855374914824
 0.010239921625831427
 0.0103449269956436
 0.011215311377066273
 0.011068301706470107
 0.012629393976419212
 0.011990021587988287
 0.010242249716280016
 0.013838130090266687
 0.01138798296705007
 0.008744157618334414
 0.0084338048659921
 0.005166942334044744
 0.004275554905205481
 0.0012257053247208827
-0.0007694146422030368
-0.002185833405226323
-0.005462029827559112
-0.003987276043675769
-0.005569371361041631
-0.006250746256207251
-0.00449830923335548
-0.007471154218159803
-0.0053686963058520165
-0.003548588577705458
-0.002871882421781824
-0.001210450830188614
-0.0018474897460231676
 0.0014473726630314099
 0.0006563245558361408
 0.0009363403703763207
 0.004539221162152218
 0.0022267489221215464
 0.0034074851588618005
 0.002723776791099808
 0.002266415265186006
 0.004746895738106216
 0.0028147795312844504
 0.004501879321437752
 0.004872900567236438
 0.004788894656742371
 0.0061143061944578525
 0.0055776066002673486
 0.005764283510952539
 0.005246251697533011
 0.004809891424986612
 0.005047904732791986
 0.006235641387321411
 0.00809075120441366
 0.009635509166188105
 0.008802458552258197
 0.011574623099725179
 0.01206931839313169
 0.01101692135514265
 0.015140166535909771
 0.01360474067047146
 0.01526150531687187
 0.016397905574281058
 0.014918483051155729
 0.016920601641819466
 0.011471942232263
 0.010008854017312274
 0.011161588582896065
 0.007852723544213958
 0.00779205235968361
 0.006102617302884694
 0.005136558750961473
 0.003724806933130931
 0.0003272699357866893
 0.0022967199101011637
 0.0014776701317494312
-0.0006247895746075982
 0.001753018104072246
 0.001288656160369328
 0.003864809009740844
 0.005337229321027814
 0.002614065904035512
 0.003482116812861702
 0.004730523754896854
 0.005682579677192545
 0.006991656906733368
 0.00931346124310023
 0.009488470790803616
 0.00820272649317727
 0.007995046535075379
 0.008030047726996337
 0.007341672414041545
 0.005913586288036399
 0.003759790184559131
 0.003857795136582187
 0.0067489667864641945
 0.004252150211320027
 0.003563774898365235
 0.003353761467667027
 0.0026560522643266915
 0.0050385268881992795
 0.0024367040462183742
 0.0027073859703730663
 0.001645655041998484
-0.003394646663192613
-0.004603386365138629
-0.005991803457005451
-0.006360493024257063
-0.007989257793550308
-0.008458286682446026
-0.006323160153789031
-0.007163211185508056
-0.005422441525638144
-0.004787737876449261
-0.007737248135289809
-0.00596380985907069
-0.006194824543136301
-0.007517904402304654
-0.00635583594633532
-0.007821257633882417
-0.008066273153526315
-0.0095410287314589
-0.010110396941998612
-0.0093403518822201
-0.010115065681240654
-0.009282016861359987
-0.010152403036831903
-0.01054442733004729
-0.011148797629532636
-0.012537214721399403
-0.01116746720435291
-0.012805565864031643
-0.013995637785206683
-0.012336539666209845
-0.012712229651250628
-0.010773114820688934
-0.011505826112974793
-0.01214053155621303
-0.01047909996461982
-0.011643503687234769
-0.009240027809994888
-0.010161750382586987
-0.01188852100092791
-0.01054210820984508
-0.012756574600828074
-0.012786910641605531
-0.013409948721861853
-0.01572008748929621
-0.01574575658488092
-0.015659418995839725
-0.015057383962999993
-0.015517078961510222
-0.015888102001358206
-0.0152090623728382
-0.015066721441484077
-0.013197610788813652
-0.009664734174928968
-0.0063395366221215554
-0.0029653361447903315
 0.0008055546739244024
 0.0040677484666297725
 0.007136264033836048
 0.010830150256870452
 0.013917333604847815
 0.01626713961237114
 0.017618219348646713
 0.0180732456079149
 0.020063696835596723
 0.020801073279026028
 0.019713674152091465
 0.019706672837277672
 0.019069633921443063
 0.018584270724372798
 0.01836258993069273
 0.018728944231298728
 0.018061570171711228
 0.01581443516437908
 0.0166848195458017
 0.016920499381010756
 0.017340523551333364
 0.016425801396530382
 0.013718972287712627
 0.014559021525382354
 0.01322660777582857
 0.011387830472861737
 0.008746338596742398
 0.006935562964932029
 0.006655545356342607
 0.004746763875484561
 0.005442137812179171
 0.004893770855006807
 0.004191394706473783
 0.004282399240707668
 0.0034610159897596193
 0.004485409562542897
 0.004917101095847309
 0.00361502249004636
 0.002718968116014353
 0.0011975430861542735
 0.0008521882448663254
-9.053558109312076e-05
-0.0010682614959981462
 0.0004788299383726713
-0.001684300055490029
-0.0011429353101560236
 0.0011742020810180942
 0.0018205730931888375
 0.0013072082249620531
-0.0006039067284923094
 0.0019512448675118588
-0.0009119269052629275
-0.0034764141857018815
-0.0024403532499366887
-0.005345527529446226
-0.006453927909748192
-0.00869639597188765
-0.009830464550749762
-0.011319220964260579
-0.012978320877306715
-0.011734580880464363
-0.012329617289564165
-0.01184192241394677
-0.011305224613805509
-0.010738191669911468
-0.00971379809712819
-0.010871201401954023
-0.010306501930656298
-0.00975113634974406
-0.01086420367523877
-0.008234380956150644
-0.008829417365250503
-0.010329841141743235
-0.008591404954469695
-0.009186441363569553
-0.007030313581545211
-0.007319665080520121
-0.006850637985673702
-0.005284878770531853
-0.006206601343123952
-0.00486952244242661
-0.006530955828069118
-0.006799306073676681
-0.008187723165543448
-0.00952247038769366
-0.00880376172503533
-0.010696208897718773
-0.010224848330275982
-0.011354249963945351
-0.01289900971976915
-0.012906011034582887
-0.012434650467140151
-0.012219971885298386
-0.012614329651110145
-0.01050253784841687
-0.010602878067085597
-0.010222522930901312
-0.009219130611485438
-0.010385867806696758
-0.008325412401123722
-0.008194738832751403
-0.008712770646170931
-0.005413241291923665
-0.006619647521273309
-0.00757403871021467
-0.006768991561490523
-0.007553039250896565
-0.005406245359257711
-0.005562588920239364
-0.004703871901798606
-0.002699419838538497
-0.003880157869328049
-0.002711088995569655
-0.001934043518001971
-0.002480077002577963
-0.0016913641620284192
-0.0006809714248233734
 7.973974456970678e-05
 2.140203263573115e-05
 0.00034108688131423426
 0.0019698498565582367
 0.0006607708329681161
 0.0010481263869414614
 0.003813290516619272
 0.003969632283551683
 0.004884352644305423
 0.0056520642314875635
 0.008106876505847738
 0.007733519993403382
 0.007047478153044906
 0.00950229042740508
 0.009131267387557096
 0.008732242676552648
 0.00972630110558298
 0.010743694260577197
 0.008753241238846077
 0.009733298832298232
 0.011191718308006915
 0.011182383520596806
 0.012493794222734056
 0.012437789983396397
 0.015065279229888207
 0.016022002097376642
 0.01486459879255081
 0.01654936511010774
 0.01745241810787962
 0.01597999600254335
 0.01763909412154019
 0.018343801948620342
 0.01798677974435059
 0.018899166632507902
 0.018962169495585324
 0.020177907821271268
 0.01877548989382616
 0.018383465600610827
 0.0182877923271349
 0.017116388186730835
 0.016920375591610803
 0.015249608315582863
 0.014773579008898086
 0.013548504998777355
 0.012419103365108042
 0.013728180594648864
 0.013420161314902979
 0.014554228099715738
 0.015643958905197486
 0.014400217114305836
 0.016491007663631707
 0.015921639453091996
 0.014092196040510652
 0.014218202663690171
 0.012111076012140343
 0.01162804628766645
 0.009677262300073708
 0.008223507975508415
 0.008060163996737646
 0.004048923706547192
 0.0021168074997253705
 0.0015474392891856592
-1.132130221637162e-05
-0.002552473856691606
-0.0032245148614717944
-0.0021021154396408392
-0.005133297239354462
-0.006006016887422749
-0.00627203366043394
-0.009046533474546536
-0.010570291977002932
-0.011207330892837541
-0.011004319673977692
-0.012647085278849168
-0.01230873264939969
-0.011158331556412271
-0.011711365458777379
-0.010826980241776474
-0.010740642652735333
-0.009695247826584708
-0.010812982097272161
-0.011690368690533248
-0.010973993500471235
-0.01416151796414189
-0.014245523874635957
-0.015328256056377831
-0.01884246668354078
-0.01803741953481658
-0.01800708528808842
-0.017752737672108332
-0.016600003106524486
-0.01583695846453509
-0.012406754644890827
-0.012670437945305646
-0.012350753096627143
-0.009674260925611522
-0.010504978066945114
-0.009307907522030145
-0.010070953958068951
-0.01011529083442464
-0.010220297998286054
-0.01200307195893996
-0.009888946683650368
-0.009566928362375438
-0.008339522673707689
-0.005954714577238784
-0.005341012181417193
-0.004241947485549957
-0.0034018982478802307
-0.0024451753803917953
-0.00150712029367428
-0.0019808161277626857
-0.0015257898684945537
-0.0005947351995662098
-0.0013041117658883494
-0.0012901118273347945
-0.0012317759094500613
-0.0015024596276539959
-0.0033832394373555785
-0.004202289215707311
-0.004076282592527736
-0.004477640776128611
-0.003418245114399754
-0.005030675575518395
-0.004265297460932516
-0.005075013348898705
-0.00511468328006176
-0.0016751455700320106
-0.002841882765243331
-0.0018361569732310845
-0.002260849882795679
-0.0007767622085267933
 0.00017529371376884262
-0.0017078195685290565
 0.0009710060750829363
 0.0009593378150764553
 0.002221745592689728
 0.004536549511267529
 0.005719619220604211
 0.006704343759249054
 0.006151309856883946
 0.008720462288466402
 0.009842861710297413
 0.00960484660844263
 0.010689910468731634
 0.010827584454893013
 0.012360675053685655
 0.01236767457445015
 0.013002378223639088
 0.01399643665266953
 0.012512347184351402
 0.013812090523506737
 0.015305512088161055
 0.015655532080592394
 0.016595920639906225
 0.017335630555932013
 0.018112676033499697
 0.018388024902847078
 0.017881660452409465
 0.017972664986643405
 0.018238679965605242
 0.017314623920416772
 0.016738255292087945
 0.01574886201420095
 0.01489247667430732
 0.01589586899372325
 0.015030149763444078
 0.01482713675053493
 0.014971811154485481
 0.013532057665498476
 0.014402442046921093
 0.013508721145485458
 0.012316315751714046
 0.01158593793202456
 0.011016569721484792
 0.011592936555764377
 0.011721276651540269
 0.012444652259391342
 0.011662938042581672
 0.011807612446532167
 0.011746941262001875
 0.010078507458570196
 0.008937438461919023
 0.008545414168703691
 0.008508077710137008
 0.007852371013531478
 0.009238452838752631
 0.009369126407124895
 0.009681810838014282
 0.010388852137690807
 0.009082106586697059
 0.012040948941873852
 0.012274295304486538
 0.011207897430919322
 0.011324570163713299
 0.009796144716064104
 0.00979381034644311
 0.006655288807296322
 0.006109255322720275
 0.006746292444505586
 0.006424272329181413
 0.006032248035966026
 0.006578279726492775
 0.009693464745626601
 0.007236317204620812
 0.006967966959013194
 0.00877874079677432
 0.007936356292458924
 0.00690262703524086
 0.0062025843593042085
 0.00520385719103178
 0.001171615647473978
 0.0012206176749731679
-0.00028680651930867995
-0.0029609670117771714
-0.002554943677032906
-0.0057167999421434135
-0.005525456086265423
-0.006535850617519767
-0.008911326617652482
-0.009819048354666349
-0.011762831924469974
-0.01122846759692514
-0.014432326368770398
-0.015708736776011256
-0.015316714276845222
-0.015484725200808735
-0.013342598254362625
-0.01609843028770419
-0.015351719953889398
-0.012199199373213565
-0.015573401644594087
-0.015363390007945177
-0.013279599876408366
-0.01716249917379825
-0.016658469990006253
-0.014885031713787134
-0.016194110737377254
-0.015183718000172208
-0.017587195671461442
-0.016737812543406172
-0.01512071693114403
-0.01740752097261461
-0.0170505005623941
-0.01801655911431732
-0.019271968268190776
-0.01874227088583874
-0.017769213710175646
-0.019096960514536687
-0.01971533164960032
-0.019673330039890247
-0.02038270660621233
-0.018977957000220202
-0.01963599716942216
-0.02087973896031381
-0.020681394686646704
-0.02097074618562167
-0.020380378515763797
-0.01910163642997581
-0.020450384487704254
-0.01858594078022663
-0.015389084220219729
-0.016254803450498845
-0.01373232047084394
-0.012700926480271546
-0.012154894789744797
-0.008850698490304676
-0.006666569037123926
-0.0032176974367086886
-0.0009588968604438697
 0.001253234263893399
 0.0028493286227881387
 0.0036543757715123415
 0.004272745112526621
 0.0047487726251621565
 0.006158189176347029
 0.004669432762836212
 0.007016905297763165
 0.008171973335943328
 0.00525279822085567
 0.00834931545921841
 0.009628057545006397
 0.009348039936416974
 0.010001411366376889
 0.009413375375066146
 0.010008409990116762
 0.008652661514599203
 0.008844005370477137
 0.011035135241447114
 0.008141628324919492
 0.00846131317359805
 0.013086254962585364
 0.010111076505184724
 0.01020908145720778
 0.012626558170025892
 0.011121467448340472
 0.012750230423584419
 0.012358206130369032
 0.013114250354569368
 0.012631220630095474
 0.011406146619974855
 0.013377930066885646
 0.011305805504281508
 0.010771439382687376
 0.009691040673541818
 0.007152221591662955
 0.0076842524466114726
 0.006932873373554638
 0.006452177121677061
 0.0043917199220547265
 0.0031946475830905707
 0.004935417242960427
 0.002527272626478505
 0.00037814346819398104
 0.001621883465036389
 0.0011971905554717388
-0.0009636059657945895
-0.0006205863911523668
-4.888650206552603e-05
-0.0012832944025716886
-0.0011596212519884852
-0.0007349301364731886
 2.1114087727092112e-05
-0.000639259554071181
-0.0007932696424564067
 0.00032446283418174904
-0.001869002303433842
-0.0027487223692912455
-0.001876004515272256
-0.0034861015037945253
-0.004732176767282492
-0.0040741383921298335
-0.003971466494914089
-0.004398492877075055
-0.004384492938521445
-0.003311096441214356
-0.0037474567137608106
-0.002412711285659841
 2.4319545619544414e-06
-0.002779068277339758
-0.0006952781458029467
-0.0003219234274078331
-0.0029727491939126605
-0.0019716903470931024
-0.0028747451389142253
-0.0016193377790899577
-0.0018643532987338562
-0.0013696580053273455
-0.0005412761306394231
-0.0019483610032772214
-0.002944754698953278
-0.0030497618628146927
-0.0026974083977869823
-0.004701862255096334
-0.003980820119841577
-0.004578190001537807
-0.004970214294753195
-0.004377513152299006
-0.0072733535414229444
-0.007138013027857992
-0.008367753983171355
-0.009903179848609667
-0.009053796720554397
-0.010705896215811417
-0.011125922180183212
-0.010638227304565817
-0.011081587994901443
-0.00900713175375012
-0.006638657965455763
-0.008272089679941752
-0.006148630514266673
-0.002954107426856145
-0.004295855066795473
-0.002912106714170748
-0.002489749071251768
-0.0006463066171414344
-0.00012594312517477668
-0.001400020059819318
 0.0023055335261969456
 0.0009241168521192944
 0.0008914473387454103
 0.0032762554352143702
 0.001813167220263645
 0.0027465553617883054
 0.0025318749858973533
 0.003714944695234035
 0.005509384224820502
 0.004531658309915421
 0.00493534817206337
 0.006144086079960143
 0.005950406957436483
 0.005553715719028407
 0.007222147728410733
 0.005689055335568793
 0.007093804941560922
 0.009065588388471768
 0.007168474270595582
 0.010199654276259962
 0.01034666215280683
 0.012211105860284566
 0.01381186716437205
 0.010615008810315851
 0.013807198425130007
 0.014217888705067128
 0.012416446963642191
 0.01445590111584788
 0.013650852173074435
 0.01331483122217203
 0.011833075226450274
 0.009632609671045567
 0.011800404816051824
 0.009112243488005045
 0.00676010221383605
 0.008811223729023598
 0.007051784494333413
 0.007590815767071046
 0.007765825314774433
 0.0064614132363771115
 0.007191789262017301
 0.005777703971590387
 0.006652755298205804
 0.006309733929514227
 0.005287672035278079
 0.006627084408571793
 0.0027768537275311145
 0.0021934846814130604
 0.003521229691724914
 0.0007537302954014335
 0.001789791231166571
 0.00203947190195386
 0.001656781499124016
 0.004060257376364007
 0.004158262328387008
 0.005495341229084294
 0.00649406660330748
 0.006344723460114943
 0.009037549939305167
 0.008353841571543119
 0.007866144901876426
 0.007348113088456898
 0.006853416001001145
 0.007604793280008737
 0.004148919467755141
 0.0057520142444389966
 0.005054305041098717
 0.0017477734750129814
 0.003248195457456471
 0.0018014415506803494
 0.0022868029537013723
 0.00022867922667541007
-0.0023078063826070805
-0.0014444224189735788
-0.0048629606696852234
-0.005789350187470066
-0.0055350025714899775
-0.008045819982212377
-0.007880144324894534
-0.007226772894934619
-0.009732923360464218
-0.009919602065198763
-0.008370177158231462
-0.010540307569883334
-0.011308020951114828
-0.01095333401349069
-0.010930000184551592
-0.01124735335468302
-0.011296357176231508
-0.009198566209116465
-0.0099546122273661
-0.00923590356470777
-0.0055910202661971775
-0.003388223032245341
-0.002464168781106113
-0.002083813644921939
 0.0013230554487586033
 0.0034978510115539208
 0.0033041718890302607
 0.00787077686310833
 0.008762162497898351
 0.006484692346813314
 0.010640606143929587
 0.011524991360930492
 0.01114463443069702
 0.011688332648627342
 0.011074628458756508
 0.011900676860848058
 0.011200634184911462
 0.011300972609530835
 0.010656933275907166
 0.012143354422772368
 0.012617048462811475
 0.010897278262259669
 0.013753447823196041
 0.012792056216465564
 0.011846998917909746
 0.013326419646985832
 0.011354634406025688
 0.011860997062414058
 0.0103045699436084
 0.00826278052475704
 0.008801811797494619
 0.0037615100923035216
 0.0022144168638833506
 0.0025807711644893483
-0.002193514664715235
-0.003780276927273729
-0.004727667698425919
-0.007161480513468044
-0.00775418344997153
-0.00828154915377649
-0.009296610630223523
-0.009826309806624967
-0.009980319895010248
-0.009296613321297442
-0.009877648894819124
-0.010778370214043875
-0.009002598465228329
-0.010416683755655298
-0.012971837145708764
-0.0124141380922001
-0.01349220332874923
-0.013569208821454237
-0.013562209300689743
-0.015554995795017235
-0.015214309692971384
-0.016101030176617903
-0.017326104186738522
-0.017372774535690638
-0.01864218452514238
-0.01821282646443434
-0.017685462554678566
-0.015092975397132447
-0.013422209915153693
-0.014962302725784749
-0.012827176197127754
-0.011805116096940904
-0.011898455897820459
-0.010904397468790017
-0.011450430953366064
-0.010750390071478655
-0.008545259364930446
-0.0066038110617724355
-0.005528081091868975
-0.005175727626841209
-0.0048700436137409375
-0.0021025460114668104
 0.0015190025610800628
 0.001054640617377145
 0.0015213342396271368
 0.0034277804538395684
 0.003950477418402543
 0.006458959562479327
 0.006605967439026139
 0.007355011245437415
 0.009541474171214592
 0.011564594015245677
 0.014087076994900638
 0.013454705024258828
 0.015456823614922566
 0.0159281841823653
 0.016992246789286958
 0.020186769876697486
 0.019507728454128126
 0.020422448814881866
 0.019878748802902246
 0.02123216201177419
 0.022076878194636662
 0.01888235331317689
 0.02064879117160695
 0.020315103693300862
 0.018504328061490494
 0.018765676095259698
 0.017134577853370025
 0.015797497158623497
 0.013046332070474675
 0.012000935450274752
 0.00993114436026693
 0.006566275979271896
 0.005217527921543452
 0.0033344146392454976
 0.0030987330099871424
-2.4529676176943127e-06
-0.0029799648976147064
-0.004762738858268667
-0.005549120020271081
-0.004233042372941143
-0.004688070426258628
-0.00361000698375874
-0.004590066371260193
-0.0031176460599732225
-0.0010291889832437229
-0.0034186658189546693
-0.0030569784635414154
-0.0036520148726413293
-0.004401060473101792
-0.004835087273051875
-0.004907425820564026
-0.004130380342996398
-0.006634197335929626
-0.0077822667503699705
-0.007105560594446336
-0.008297965988217748
-0.008531314144879731
-0.007642261982686138
-0.009553376936140556
-0.010164747653415018
-0.010120412571108517
-0.012969583508305071
-0.01275257145386699
-0.013228600760551767
-0.013639292834538186
-0.011217149176527219
-0.011847187674572657
-0.01150650157252675
-0.012582233336479565
-0.013958983065364472
-0.013583294874372986
-0.015692754998519187
-0.015270397355600263
-0.015230729218486505
-0.01667048270747351
-0.01740786094495217
-0.017960894847317277
-0.01842992373621294
-0.019428650904485423
-0.01985801075924276
-0.01750587127912301
-0.01550841963365207
-0.01641847484326231
-0.013671978494355475
-0.011819202149859653
-0.011667527328120042
-0.010594130830812953
-0.008692351561793266
-0.007649290208239012
-0.0073972760648553515
-0.005026468803964623
-0.005532833254402236
-0.005733512794715012
-0.00717559975629839
-0.00617220743688246
-0.0045061089000965615
-0.006557232209333352
-0.0047651261523432575
-0.004011415400739293
-0.004156091598739087
-0.003946079962090121
-0.0028983516633430684
-0.0025133295819661505
-0.002940355964127117
-0.001444600926876427
-0.0006372203055559078
 9.150706614891035e-06
-0.0007398948938455718
-0.00014252680619858404
 0.0002424952751783338
-0.0011249205633210857
 0.0005411779734648681
 0.0008188603154086205
 0.0011268778011053193
 0.00380336997212094
 0.004330733881876714
 0.0061531750826195886
 0.007338578264552642
 0.007688598256984036
 0.010400092516945236
 0.010904121700737235
 0.012670559559167294
 0.012924907175147327
 0.010390755038461208
 0.011135131899679684
 0.010467757840092295
 0.008509973434710327
 0.006589524590870421
 0.006911542912145352
 0.008033942333976307
 0.005544126176621256
 0.005163769246387784
 0.004993424849827899
 0.004349385516204174
 0.003859355373941109
 0.0017802303935478547
 0.0025339411451517635
 0.0026389465149639357
 0.0015095448812946222
 0.0019319025242135468
 0.0010428485679706556
-0.0004949107700640276
-0.0008636003373156398
-0.0008706016521294324
-0.001374632629970729
-0.0011902891918818548
-0.0015753130673080706
-0.0015263110398088808
-0.0004412471795199324
-0.0017549931483027414
-0.0006442610894537015
 0.0013835256997701273
 0.0008328252700013916
 0.002139569026945898
 0.002769605730941982
 0.0021489011232820876
 0.002942280909024375
 0.003560650250038655
 0.002449916397140317
 0.003308633415581075
 0.0041696839066182045
 0.00317562368353852
 0.003920000544756996
 0.00371232058665516
 0.0042770200579528295
 0.0045500354547038935
 0.004391358421125868
 0.005828776643467204
 0.005691100863256526
 0.00572610205517754
 0.004855715879705624
 0.0046550363393928484
 0.003649308753331304
 0.0009051440829715984
 0.0021512175524103228
 0.0023472283534810567
 0.0017521919443811984
 0.0013578341785694947
 0.0012551604873043964
 0.002368226018749864
 0.0005294487157830319
 0.0005014461476018917
 0.0006554544419378749
-0.00047161371913506667
-0.0004319455820213647
-0.00047394898578073663
 0.001565505166424952
 0.0017941845838449488
 0.0011781469213776874
 0.0035069516755337204
 0.003520951614087331
 0.00507504346624732
 0.008047886657002346
 0.007354844398854865
 0.009419966749620645
 0.0107430448147397
 0.011543425018271103
 0.013125518541587666
 0.012826833152227157
 0.014926957591938572
 0.01408924003281592
 0.01364587934248035
 0.015003959496544983
 0.012406803599756822
 0.010339345982345371
 0.009202943930886887
 0.007350165792341767
 0.004795012402288357
 0.002627215463232857
 0.0019551744584526687
 0.00048041888052002824
-0.002324416077345348
-0.0025717650695856187
-0.004293868742733797
-0.006013638943285549
-0.005887632320106084
-0.009665525350659177
-0.009586188179407151
-0.01009955304763388
-0.012134342048696123
-0.011119282366298333
-0.013126069696204057
-0.013662769290394616
-0.015074521108225103
-0.016371932768833364
-0.014995184833997699
-0.01732865832739572
-0.019769471560226903
-0.02001448707987069
-0.020642192105319812
-0.021393571178376647
-0.022364296675492612
-0.021829932347947723
-0.020838207391513708
-0.02132357058858403
-0.019148775025788656
-0.015718571206144505
-0.014570503585753403
-0.01389613090242614
-0.011894012311762403
-0.00906584442198255
-0.009093846990163634
-0.008601485169353495
-0.006982056084495036
-0.008706493230239587
-0.007500088794939186
-0.004856265240272828
-0.004718591254111393
-0.004592584630931873
-0.004221563385133131
-0.0013630603516004425
-0.0005463458398943799
-0.0011343818312050669
 0.0007463961844471623
 0.0007860643215609198
 0.00031936890526163
-0.0004763461471263275
 0.0007393921785595059
 0.0019061275797215838
-0.00038300993434531305
 0.0007930593572021971
 0.0007370551178645934
-0.0007283665696825037
-0.00016366709838477878
-0.0005206893026545312
-0.0006443642472869771
-0.0015310847309334963
-0.0001846719398507224
 0.0004686994901091923
-0.0005206937877776929
 0.0008327194210941413
 0.0004570294360534133
-0.0001566747538174207
-0.000698041293200613
 0.0004803614709432136
-0.00017534522566231558
-0.0048562921510119095
-0.0034282078190560616
-0.0042799262137570016
-0.007731133080817798
-0.007229437369622171
-0.009334230548575628
-0.011163673961156972
-0.011950055123159387
-0.012738769757758284
-0.013170463085111994
-0.014393203622636241
-0.015487603167359976
-0.015307926674463901
-0.014920571120490556
-0.015405934317560821
-0.015097916831864233
-0.014318537881700122
-0.014052522902738174
-0.013847178211281952
-0.012218415236038005
-0.010031952310260772
-0.008778878423032932
-0.006548079517924632
-0.003024536794425492
-0.0020328118379914217
-0.0009430810325097294
 0.0019037546380411552
 0.002186103925177707
 0.001934087987744748
 0.0028114727869564815
 0.0032384973750682056
 0.0008863561008992105
 0.0008560200601216983
 0.0008770204164644246
-0.003754923584361358
-0.003278896071725823
-0.00319022501008831
-0.006034729002092065
-0.006142069638549852
-0.0072458030736591295
-0.008515213063110871
-0.010283986188186489
-0.011203375288182216
-0.011791411279493014
-0.015377959557143495
-0.015226284735403828
-0.014239226724162557
-0.017076730298377196
-0.016904054223270182
-0.016759379819319742
-0.016997394921174414
-0.016638041038357587
-0.017100069509464133
-0.015594980581827955
-0.015100285288421444
-0.015517977780196868
-0.014549587549726628
-0.014633593460220695
-0.016369697968947106
-0.015083955465370003
-0.014661597822451078
-0.015328971882038467
-0.014019894652497644
-0.013424860037447084
-0.0120247773766477
-0.013529868098333175
-0.012762156511150924
-0.011208064658990935
-0.01278315955856757
-0.010181338510635907
-0.009280618985460454
-0.009999329442168081
-0.008972602396788432
-0.008316897494232145
-0.007887539433524104
-0.008286564144528552
-0.007481516995804405
-0.006398786608111828
-0.0071058297018375405
-0.006394121456968327
-0.004959036707223363
-0.0062704492034098
-0.006237781484085214
-0.004989374542050062
-0.00495437335012916
-0.00336994635421628
-0.0027609109035874324
-0.000814795655236733
 0.0017403559407674907
 0.0012059898191733587
 0.00352079373775116
 0.005609250814480604
 0.005536912266968452
 0.0069463288181533245
 0.008155066726050042
 0.009216795860375326
 0.010521206144723405
 0.012301644838731696
 0.014107751731299967
 0.014868462900693102
 0.01534682388592501
 0.016100534637528918
 0.01716926418964332
 0.017612623085929646
 0.01775029707209097
 0.017540283641392762
 0.01698024932123854
 0.016518220850131993
 0.016170532536247673
 0.0168145700758221
 0.01570383622292376
 0.015538158771556565
 0.01622653229046206
 0.014649103918289053
 0.015190468663623058
 0.015001456486292142
 0.013218682525638292
 0.01351969959354582
 0.01272865148635055
 0.011141889223792056
 0.010677527280089139
 0.007062977331282139
 0.005613889951909645
 0.005238199966868862
 0.0024123637556361377
 0.004713166838635596
 0.003824112882392705
 0.003527760965628679
 0.0051565239408726815
 0.004113460793269075
 0.006465600273388827
 0.006442264650400487
 0.007254312216913694
 0.007550662339628533
 0.0109925335222546
 0.010857191214640294
 0.005448200839222206
 0.012492953710648791
 0.01161556711738776
 0.00794734729886415
 0.011207207618973147
 0.011216540612334014
 0.013099652100582615
 0.010073137246061736
 0.013148653231057239
 0.01758691721233474
 0.012385605897993812
 0.013484670593861048
 0.014343387612301861
 0.013956030264279218
 0.01368067960088254
 0.009429091633265607
 0.011750895969632524
 0.013048305836191432
 0.00870804590991231
 0.009902782982230851
 0.01028313811841508
 0.0072472893735086585
 0.011519876800443696
 0.013549997062263841
 0.010409142050520681
 0.011685550663712296
 0.010908503392095314
 0.010920169858052498
 0.010297131777796231
 0.008806041891688987
 0.008197004647010897
 0.00591953449592586
 0.008033659771215507
 0.005305829409030405
 0.005917198332255569
 0.007641633683950877
 0.0040854205500532315
 0.005793521593573825
 0.0041577564064915196
 0.007377947692462139
 0.007160933843974759
 0.0036653909975827847
 0.005466830944958423
 0.0009095580672165982
-4.7166594321135236e-05
-0.001188235590972364
-0.003834394412284392
-0.005724508112371407
-0.00801364562643836
-0.008419670755231978
-0.006457221198706564
-0.007133929148679552
-0.014059676711740299
-0.010718144850758282
-0.010062439948202051
-0.012493919290647693
-0.010342458453816095
-0.012783271686647224
-0.011597868504714226
-0.014930068269360053
-0.017100198681011924
-0.015394431110087647
-0.017338214679891273
-0.016071139957085145
-0.016682510674359607
-0.015924132977562955
-0.01631849074337466
-0.020735755265334055
-0.018306611189534083
-0.018441953497148333
-0.020983106051623568
-0.019102328035971228
-0.02141013333080921
-0.020959774016733768
-0.019506021486217773
-0.02418463493897105
-0.024277974739850605
-0.025127359661955118
-0.02470733549163262
-0.021783495225401406
-0.02651111160267844
-0.02375994830857886
-0.023745948370025305
-0.02676779627935344
-0.022945569063518467
-0.028142213432666652
-0.027169156257003613
-0.0251437029403761
-0.025624399192253677
-0.020476759541678657
-0.023465938834657585
-0.024284988613009262
-0.022450880049284472
-0.02239254413139974
-0.020374091232561398
-0.020045072493497407
-0.01757859285615543
-0.01625784826363269
-0.01657753490636049
-0.015338461854710883
-0.015814491161395716
-0.01483910051313625
-0.012083270273843927
-0.010522178003894822
-0.009740465581134339
-0.007409327354381989
-0.004865843121359681
-0.004077130280810082
-0.0035567667888434795
-0.0013936385890300218
 0.0022885802710225223
 0.004475043196799755
 0.00804525537222639
 0.010752082686994846
 0.010878089310174366
 0.010376391804929497
 0.010203713935773184
 0.012147495711527567
 0.011806807815432419
 0.009947029259098239
 0.009984363923615514
 0.011018091386784334
 0.011312108036902746
 0.010066032773414668
 0.007604218287216136
 0.008602943661439322
 0.00965767237797549
 0.009060302496279204
 0.012012144433666883
 0.012408833878025771
 0.011932804571340938
 0.012394831248398241
 0.013692241114957204
 0.014935981111799501
 0.01388591754640689
 0.014879975975437332
 0.016240389602098393
 0.017936823282637127
 0.017344120346133696
 0.01592770158311041
 0.0157760249673215
 0.015008311586090006
 0.015923031946843746
 0.01616104525464923
 0.017110767704348495
 0.01785514456556697
 0.017701134477181746
 0.017869143607095905
 0.017178434821544797
 0.016788744000925837
 0.015136644505668873
 0.014471603918677745
 0.014868293363036633
 0.013155523580273942
 0.012273470041820111
 0.01151509055097416
 0.011911779995332994
 0.012322470275270059
 0.01053502936942341
 0.011307407901798405
 0.011347076038912107
 0.010922383129347513
 0.010570027870270504
 0.007895867377801957
 0.0059450833902091604
 0.003725950054033478
 0.002598881892960536
 0.0026128818315141467
 0.001198796541087177
 0.00042408274206662266
 0.0010797876446229093
 0.0019641728616237586
 0.0026968823598603753
 0.0029302287224730605
 0.002367860929722465
 0.004565991218481502
 0.007184146574587824
 0.006353429433254287
 0.006747785405016693
 0.006570440590667692
 0.00627875561909641
 0.006206417071584203
 0.005637048861044436
 0.006150411935221922
 0.00569305040930812
 0.0057980557791202925
 0.006008067415769258
 0.0070487952967271394
 0.006542430846289471
 0.005546037150613414
 0.007011457044111269
 0.006626433168685053
 0.005977726889868529
 0.0057163770620501375
 0.0057070422746400284
 0.005644037617513253
 0.003907933108786843
 0.004339624642091311
 0.00611306291831043
 0.005576363324119871
 0.004614971717389449
 0.005392017194957133
 0.005182003764258869
 0.0027598583121986597
 0.0013014370424406785
-0.0004416678840748478
-0.0014310611619617886
-0.003190500396651974
-0.005026944227022434
-0.0032231708070504794
-0.0037552034560482395
-0.004665258665658478
-0.00291048817021039
-0.0019490983575291554
-0.0011697194073650996
 0.0002863665957472672
 0.0014391011613310578
 0.0023024851249645595
 0.0018311227634725258
 0.001098411471186611
 0.0012850883818718573
 0.000921065759812989
 0.0010260711296251612
 0.00011368244741849498
 0.0004707028576390049
 0.0018031148131436026
 0.000256021584723376
-0.00012433534551009595
-8.466720839639397e-05
-0.0011417311915781214
-0.0016900981487505407
-0.0015640915255710208
-0.0011417338826520407
-0.002723829200017902
-0.003101852657655002
-0.0031578568969925502
-0.004193919626806986
-0.00291051059582631
-0.003052853321229676
-0.003468212340408783
-0.003493881435993551
-0.0015080971535044174
-0.000556041231208726
-0.003715564023722917
-0.003395879175044414
-0.003535888427851408
-0.0027938450392293035
-0.0023341518347684276
-0.0035942279338346816
-0.0025371657447021967
-0.005524011565084752
-0.00629639189150899
-0.005967373152444944
-0.008851546178587022
-0.008963553760237664
-0.010449976701152108
-0.010344971331339936
-0.00903122715660637
-0.010926007801886184
-0.0113110316773124
-0.010797668603134913
-0.011574715874751895
-0.012354096618965249
-0.010489652911487513
-0.010449984774373866
-0.010996018258949858
-0.010662332574693067
-0.011782400317977004
-0.012008748056849816
-0.013579176011233707
-0.012018083741284546
-0.011465051632968737
-0.012806799272908065
-0.012223432020839309
-0.012062423308714265
-0.01070901009984232
-0.012284104999418954
-0.012907143079675276
-0.013119489982969912
-0.014421568588770861
-0.013170828174139393
-0.0131054918384656
-0.013831202712962343
-0.015067944086064822
-0.0136958630964219
-0.011031038288388195
-0.011033372658009188
-0.007526164242684652
-0.005470375782304415
-0.005937071198603705
-0.0026562096251273593
-0.0012537934917315474
-0.002947895493723318
-0.0046116623519621425
-0.0033142524854031796
-0.0022968593304090734
-0.0027145518221844966
-0.003962960558268891
-0.004044632996166642
-0.003188249450322256
-0.006431777256305837
-0.004651338562297602
-0.0012724711397736344
-0.0025372141840326323
-0.0025232142454789663
 0.0004216272741195404
 0.0017213706132748752
 0.0014063509157398735
 0.0034271372871745864
 0.0058329466370108385
 0.007571382824284378
 0.006621658580535816
 0.009778846106404282
 0.013412062041933015
 0.01152894875963506
 0.012273325620853537
 0.014457455074034342
 0.014807475066465736
 0.014618462889134876
 0.016135219179752858
 0.015505180681707476
 0.014765468971632445
 0.01621455455695564
 0.01462079187660803
 0.014611457089197921
 0.014361774624361334
 0.013787739468628823
 0.01492413972603801
 0.014191428433752151
 0.014499445919448795
 0.013045691594883557
 0.010908229799580893
 0.010460202164052579
 0.009482476249147498
 0.00843241268375483
 0.007317011885663749
 0.007282008899693493
 0.006808313065605087
 0.005170214405926354
 0.0038354671837761423
 0.003163426178995954
 0.003807463718570381
 0.0036114511234504043
 0.004164483231766214
 0.0063626135205253065
 0.006819973252389866
 0.00799370907134106
 0.008973766664793159
 0.008957431459593934
 0.009995825867955443
 0.009400789458855585
 0.008922426679574436
 0.011468244385193116
 0.010072826875537177
 0.008325055003828907
 0.008845418495795565
 0.008007700936672912
 0.00901576020128153
 0.007501335589210567
 0.009403114858230255
 0.011461236791206864
 0.010516179492651045
 0.013353681272816442
 0.013353680375791821
 0.013773704546114374
 0.013699032526005794
 0.014030384737666157
 0.015698816747048483
 0.013659360800793496
 0.013666360321557991
 0.012086598476788613
 0.010068143783900974
 0.009501109045957634
 0.006481594609225871
 0.006087236843414112
 0.0048831640866608406
 0.002414349182673192
 0.0019056512596390962
 0.0004192283187246515
-0.001963248099197179
-0.002497614220791311
-0.0028313016990973994
-0.004618742604943993
-0.0028639721094958492
-0.0038650327503647053
-0.0050924402330816965
-0.004432068385332666
-0.008314967682722607
-0.006919551967115967
-0.006781877980954587
-0.008074622696370048
-0.0058718254624182675
-0.006765546363853903
-0.007894947997523216
-0.009089686863891
-0.007463257361243425
-0.008942679884368754
-0.011511834110000507
-0.01051777568097012
-0.012449891887791886
-0.012379888606925293
-0.014295670505572455
-0.015558080077235137
-0.01434000827895282
-0.017945224337374333
-0.01784488591275496
-0.015859101630265826
-0.017541536269275626
-0.017343191995608576
-0.015749431109310208
-0.01645180725784323
-0.016540480113529987
-0.014263011756494304
-0.014769376206931917
-0.015719100450680534
-0.01477637841877033
-0.015861444073108577
-0.016120460428330652
-0.01638414372874547
-0.017254529904217386
-0.016227802858837737
-0.01573777451062397
-0.014440364644065062
-0.012524584539467143
-0.011880546999892716
-0.012414913121486792
-0.011458190253998413
-0.009747755737881336
-0.010090777106572857
-0.010013773407917204
-0.009957770962628898
-0.009948437969267976
-0.010550474796157006
-0.010044112139768635
-0.010844494137349281
-0.014452043668367165
-0.01564211558954226
-0.01635849257365346
-0.01766757159724358
-0.020617081856084185
-0.020185390322779717
-0.020703422136199245
-0.02368793448398543
-0.021832824666893236
-0.022096507967308054
-0.022311188343199062
-0.021716153728148502
-0.019884378637020028
-0.01921467289888551
-0.020435079963813385
-0.01870597766692539
-0.018330289475933903
-0.018346624681133128
-0.017917266620425143
-0.015950150118706985
-0.015352782031060053
-0.01472507879966023
-0.011885243546898516
-0.011780238177086289
-0.010216812434540756
-0.006611598170168598
-0.004966500886749992
-0.004469472120747109
-0.0014429590602755282
 0.0012031979669872572
 0.00037714777084646434
 0.000745835544048834
 0.001728226610097361
 0.004696402855659698
 0.006486175440053421
 0.005716128586225555
 0.008730974283715331
 0.010163725560863923
 0.010740092395143563
 0.012389856623754858
 0.013701267325892053
 0.015274026958823073
 0.015353364130075098
 0.016688109558176012
 0.01637075638804464
 0.015500370212572778
 0.015822388533847598
 0.01519235003580216
 0.01726213933176074
 0.01759582501601742
 0.016508425889082856
 0.01770549643399777
 0.01940893053232562
 0.021385380924429265
 0.02120336916488752
 0.02088601599475609
 0.02236310325123575
 0.023273156666796746
 0.023224152845248314
 0.025851642091740068
 0.025863308557697307
 0.02273645438153238
 0.024306880541867026
 0.02476190680113516
 0.02472457034256853
 0.024164536022414307
 0.0244305510013762
 0.027156046096915687
 0.02559028508772454
 0.02665434769464614
 0.027998427013132543
 0.02751539728865865
 0.02899948496292748
 0.02853978996441725
 0.029991209022336873
 0.03087326076674135
 0.02958284952392226
 0.029055483820117245
 0.027660066310461306
 0.026497996060442786
 0.02615497469175121
 0.024850562613353888
 0.023238132152235247
 0.023357138357625595
 0.0225940919215869
 0.02082298532391491
 0.019887261915744525
 0.019156884096054982
 0.018760192857646907
 0.017234100882594083
 0.015584334859933435
 0.015801346914371572
 0.014641610136949368
 0.013213524010944278
 0.01328352729181076
 0.01249014571201923
 0.0115497553586561
 0.010467023176914225
 0.010441354081329457
 0.010483355691039586
 0.008768252435680524
 0.009330618434381821
 0.00939595477005567
 0.007491840234390368
 0.007225823461379122
 0.005333376288695679
 0.00433931606561605
 0.0031212424732844357
 0.0001810661048293749
 0.00047274928235141456
-0.0015783740268853763
-0.003484822035147106
-0.0026681075234410434
-0.0035338267537201595
-0.003365817623806
-0.003433489226125408
-0.0031348056308142525
-0.002528103652781777
-0.004805573803866869
-0.00654167831259328
-0.007818088719834138
-0.01018423082958142
-0.011602983065201078
-0.01312207462246473
-0.014043797195056829
-0.013742780127149357
-0.014461490583856984
-0.015378546211256339
-0.014456825432713538
-0.014475494110509135
-0.01668529355629933
-0.015994586564797464
-0.016113594564237166
-0.01806904549702265
-0.01884375929604326
-0.02073387299613033
-0.020306848408018663
-0.021699932445078174
-0.02488278996355614
-0.024588773313437673
-0.024500102251800104
-0.023744058027599768
-0.023947071040508916
-0.024502438415470396
-0.022600659146450763
-0.021982289805436483
-0.02226697435921865
-0.022054629249973312
-0.02026018972038679
-0.01951814633176474
-0.019406140544163453
-0.016209283984156553
-0.013794140743934757
-0.013003094430788842
-0.011673015947880616
-0.008263813381603757
-0.007045741583321552
-0.006257028742771953
-0.003736879235713364
-0.0040402315702665614
-0.004322582651452356
-0.005302642038953809
-0.004597934211873711
-0.0032655222563691133
-0.0050412957992339025
-0.004233915177913328
-0.0025608162233383136
-0.004637607731135196
-0.006992082477900563
-0.006679398047011231
-0.00743544406526081
-0.010396621687083218
-0.010657971514901665
-0.010711642281642952
-0.011652032635006027
-0.010711644075692195
-0.01213973020169734
-0.012520087131930868
-0.012359078419805714
-0.013572485066944473
-0.012585427055703202
-0.01165670585937123
-0.01029629223271017
-0.010587977204281507
-0.009176227180500263
-0.007699139924020548
-0.009913606315003487
-0.008168169709940887
-0.007276784075150866
-0.00709010716446562
-0.005757695208961133
-0.006735421123866159
-0.0061357195636228545
-0.005461346880295592
-0.00414060228777291
-0.0024278342990594615
-0.0012470980623191519
 0.0005403410494781435
 0.0012263810957873211
 0.003529517651383207
 0.004556244696762801
 0.0022671071826959044
 0.004038211986318652
 0.0050509381961200694
 0.0041222152057387995
 0.006563026644520742
 0.006091664283028708
 0.006754369603374055
 0.009762214883074716
 0.009895221924043351
 0.0109266159146158
 0.012305697322047782
 0.013922792934309869
 0.01551422034801192
 0.01583857214188311
 0.01745100080895251
 0.018967757099570548
 0.018043701054382022
 0.017647009815973946
 0.02015082501485793
 0.019462449701903195
 0.01872740493702091
 0.022803980665860535
 0.02169791375815494
 0.02182392038133446
 0.02506977986586517
 0.02358802387014347
 0.025307792276646035
 0.027594594524067262
 0.029027345801215854
 0.03214486429294605
 0.032275537861318315
 0.035341719955928275
 0.036790805541251526
 0.03327426144149226
 0.03655745648756492
 0.03712682290405539
 0.03516903849867348
 0.037320499335505075
 0.0360370885104751
 0.0355797269845613
 0.03278655938967767
 0.0307004339914953
 0.030448418054062343
 0.024887751959879967
 0.02297197006123275
 0.022789958301691005
 0.020927846272760453
 0.01876238280630127
 0.01704961302353858
 0.017786989466967995
 0.015460516391359092
 0.015367176590479481
 0.018020334035531382
 0.016363567595081674
 0.016375234061038857
 0.01816967359062538
 0.01796432710511986
 0.016557242232482117
 0.016601577314788563
 0.01786165161980552
 0.017399623148698973
 0.017152274156458758
 0.015693852886700776
 0.01346538566013955
 0.012842347579883229
 0.011059573619229324
 0.0098765021158434
 0.008212735257604575
 0.006163945420964101
 0.006677308495141587
 0.00415015677624464
 0.003888806948426138
 0.0041804901259481775
-0.00014576896475265722
-0.0002601100189996153
-7.343310831442462e-05
 0.00040492787691753795
-0.0015575234736571186
-0.002098890013040422
 0.0019496840446427965
 0.0010909652321527408
 0.003090750350220106
 0.005440556357743431
 0.008135716309530028
 0.008957097766428834
 0.008742417390537827
 0.013010337872280064
 0.010739868138984199
 0.009801811258217441
 0.010849539556964438
 0.010315173435370306
 0.010123827785443074
 0.008229047140163204
 0.008607068803751061
 0.007531337039798303
 0.004808173622805945
 0.004220137631495202
 0.003634435112780887
 0.002383692904100121
 0.002348689918129865
 0.0019473317345289898
 0.005715889080647407
 0.007839348246322486
 0.006574605202063488
 0.010091147507773512
 0.0093841044140478
 0.01217960368747839
 0.012590293967415511
 0.009351433106624618
 0.012975315151767808
 0.009160086559672709
 0.008702725033758907
 0.009675782209422001
 0.006873280724152886
 0.008707389287877731
 0.006560593602189635
 0.007160295162432884
 0.007692326017381401
 0.0030697159069411617
 0.002642689524780195
 0.0027196932234358484
 0.0018866426095059396
 0.0021783257870279793
 0.0031980524146184575
 0.003720749379181487
 0.0034593995513630404
 0.004241111974123468
 0.0027920245947509748
-4.781245206003648e-05
-0.0016065730434620673
-0.0018889241246479171
-0.002871316984745742
-0.005881497531092017
-0.007113571959001808
-0.006819555308883396
-0.007127574588629337
-0.008249975804509535
-0.00782761816159061
-0.006576877746959142
-0.008408654632136858
-0.007029573224704877
-0.004311078546954505
-0.006754225252382062
-0.006324867191673966
-0.004126736902914929
-0.0034406968566057516
-0.000883211788005156
 0.0004025307155718916
 0.0012565807888199054
 0.0032610328520800147
 0.0035317147762346512
 0.003692723488359806
 0.003447707968715963
 0.002166630616282361
 0.004103411974247573
 0.003961069248844151
 0.002446644636773243
 0.0036460486542844728
 0.0015832579820658221
 0.0012239023051996978
 0.0037137166685054512
 0.005487154944724515
 0.006296869038641462
 0.00784396047301239
 0.011197159696976267
 0.011722190134135613
 0.012193550701578404
 0.012930927145007765
 0.01332995006196297
 0.012340556784076029
 0.013157271295782091
 0.01568908816582254
 0.011890193881902045
 0.011101479247303203
 0.011598508013306141
 0.009652390970906088
 0.009535716444062758
 0.009913738107650671
 0.011222815337191439
 0.009134356466412641
 0.011577501377790955
 0.014001978508398183
 0.01157983305633803
 0.011736174823270384
 0.01123914426321826
 0.013742959462102189
 0.012130529000983603
 0.01073044454613492
 0.01236154099397524
 0.009300024050508782
 0.00808428393077365
 0.007351572638487791
 0.006086829594228738
 0.0032913285267487935
 0.003176987472501891
 0.002378938947517506
 0.00015513866614907945
-0.0014642922127586777
-0.004971502422132457
-0.00557820619421423
-0.007879011071262987
-0.008432044973628094
-0.008705062164428456
-0.01017748426976467
-0.010690849137991454
-0.013091993336684316
-0.012891315590420838
-0.014004382915915548
-0.01685588732570842
-0.016389193703458427
-0.016375193764904816
-0.015747490533504993
-0.01527846343865863
-0.01658287551705595
-0.017091573440089936
-0.017499932041479926
-0.016232857318673855
-0.017814952636039605
-0.01942038267936913
-0.020101757574534806
-0.020673459257670945
-0.020496116237371187
-0.02379564738566775
-0.022712916997975174
-0.02071313187990781
-0.019847414443677935
-0.01638454200768452
-0.014800115011771586
-0.014090740239498745
-0.012741993975819543
-0.011470252307820727
-0.010385188447531724
-0.011313911437912938
-0.012340640277341941
-0.01096855928769902
-0.011243909951095699
-0.012935678480491042
-0.015087141111371938
-0.015493166240165501
-0.014877130371747538
-0.01783130757578094
-0.01778697249347444
-0.015941196566767735
-0.018874372517433735
-0.019338734461136653
-0.02067814862847961
-0.023244969381514935
-0.020990835750442915
-0.022059567096606558
-0.020533476915602977
-0.019677093369758647
-0.020666486647645588
-0.018200007010303554
-0.021249856590788152
-0.01880204473421715
-0.017469632778712607
-0.021280194425614907
-0.02048214769467993
-0.020111126448881134
-0.020456481290169026
-0.024960084298194296
-0.027204885832930126
-0.0271208817164853
-0.0283226210006422
-0.02812194325437878
-0.026661190306073668
-0.02415504163459331
-0.024054703209973938
-0.02268495569292739
-0.021903243270166906
-0.019660777002076746
-0.01625390790839626
-0.014879493446156966
-0.01176430842702314
-0.009486840069987401
-0.007018026960048995
-0.007568727389817731
-0.00683135094638837
-0.003461817414249946
-0.004381206514245672
-0.0026451037995685045
-0.0015810411926469037
-0.0019147286709529365
-7.128621684260317e-05
-0.0021107421630975343
-0.0016090464519019076
-0.0016930523623959748
-0.002743115927788642
 0.001935495730915282
 0.0014127969723030653
 0.0021058374364013033
 0.004506979841044811
 0.003372911262182754
 0.006226747350522754
 0.007351480244950137
 0.00735147934792546
 0.011026697790188889
 0.010426994435896286
 0.0098342914993928
 0.014405563418663614
 0.012954142566694749
 0.013768523605804439
 0.014277219734789126
 0.014501232207016379
 0.020176236664371794
 0.01610665955927193
 0.017348066083517966
 0.019277847023694117
 0.016197662299456628
 0.01764441441218345
 0.01645200901841204
 0.016741358723337707
 0.013147810027898055
 0.011992740195668594
 0.012874791940073127
 0.009617263298511203
 0.005932709171813044
 0.0028431905571900673
 0.003907253164111724
 0.00200780557363911
-0.0005846833779563076
-0.0012030545130198855
-0.0012567252797611728
-0.0032728465000523843
-0.0045772585784497055
-0.0037348758681835514
-0.00487594486483478
-0.005228300123911789
-0.006978405468216431
-0.007851125116284774
-0.008257150245078337
-0.01236639638431647
-0.01604161662062914
-0.014989221376689454
-0.015441915957410457
-0.017607379423869585
-0.01609995702363709
-0.014594868096000857
-0.012954437757774995
-0.011706030815739898
-0.01101299035164166
-0.009097210247043741
-0.008404169782945503
-0.008611849741047395
-0.008231494604863165
-0.008009815605232284
-0.009997935154367088
-0.011218342219294963
-0.007923479810240386
-0.008224498672197211
-0.010357293522307132
-0.00773913816620081
-0.006882754620356424
-0.007592131186678619
-0.006567737613895341
-0.006304056107529765
-0.004992645405392515
-0.003473555642178161
-0.004364943071017369
-0.0020828077687888857
-9.002306851069175e-05
-0.0012007569214090297
 0.0017767532145387954
 0.004142893530236724
 0.004061221092339029
 0.005286293308410406
 0.006056338368188974
 0.008522818005530952
 0.00973155591342778
 0.010258919823183499
 0.012664729173019806
 0.013206093918353756
 0.013906134800241166
 0.014582840956164855
 0.01486285677070498
 0.01344177106248895
 0.011733668224919003
 0.013833792664630362
 0.0108142782278986
 0.007393406504590638
 0.00946552927314559
 0.007281398025915431
 0.007155389608686613
 0.008438798639667344
 0.008291788969071179
 0.007286061383009634
 0.006376006173399396
 0.008403792962623224
 0.004810244267183572
 0.0038138505715075155
 0.0053376072799147245
 0.004091532016426647
 0.002493102390886237
 0.0016413839961853527
 0.004436883269616054
 0.0018653955713879289
 0.00041164124682269154
 0.0026377732067382476
 0.0017300514697243252
 0.0010183414308058136
-0.0004914162360723506
-0.0003864108662602339
-0.002012842162957107
-0.005597056968011216
-0.005118695982779309
-0.005961080487094761
-0.0068011315188137855
-0.006339104841756482
-0.006161761821456779
-0.004920355297210799
-0.005454721418804875
-0.004196980586384291
-0.004992695638772249
-0.007253831481682682
-0.004990363960225119
-0.004831688720696448
-0.004677680426360409
-0.0032075935876698103
-0.002740899965419763
-0.0029229117249615633
-0.004033645577859901
-0.002267207719429898
-0.0023115445957856418
-0.005641410887835041
-0.00452367841119683
-0.003494617893220864
-0.00541506673706077
-0.006539801425537339
-0.0060521065499199445
-0.005769757262783448
-0.00721651116955957
-0.006378795404486104
-0.005464075043732419
-0.007074172032254689
-0.008590930116922024
-0.008597931431735761
-0.008173240316220465
-0.009120631087372655
-0.009816006818116563
-0.010033020666603942
-0.009944349604966374
-0.010427379329440323
-0.01168512195591015
-0.013211213930963028
-0.014573962824269704
-0.015472350670898083
-0.01612105694971455
-0.016982109234800924
-0.018314522984354764
-0.01689810601538072
-0.017329799342734487
-0.017416138725824926
-0.01460430514421962
-0.014723313143659378
-0.013376900352576548
-0.011969817273988048
-0.00942633304096574
-0.007839572572456432
-0.008460277180116382
-0.00437670103348764
-0.0030582899135613295
-0.003044289975007719
 0.00020856992731210777
 0.0007125991111041063
 0.0010626191035355004
 0.002661046935026612
 0.0031814104269932697
 0.0025467049837550326
 0.001841995362625637
 0.00360143280326658
 0.004847506272705249
 0.004933843861746445
 0.005022514923384014
 0.007101638109728081
 0.008840074297001566
 0.007551996526778848
 0.0086580616404352
 0.007941684656323889
 0.007467988822235483
 0.008674393257535884
 0.007318644782018269
 0.007229971926331458
 0.006961621680723895
 0.005734214198006904
 0.00569687773944022
 0.006434254182869581
 0.005491530356910135
 0.004586142092492584
 0.004952496393098582
 0.005447191686505148
 0.0048288205514415705
 0.00391176492404216
 0.004737813326133711
 0.004145110389630224
 0.004056437533943413
 0.004905820661998683
 0.006861269800734926
 0.007075948382576691
 0.006056219960936804
 0.009708103677236513
 0.010804834900507376
 0.010552818963074362
 0.012666944238364064
 0.015072753588200372
 0.01650083792015622
 0.017147208932327018
 0.01820193764886313
 0.019163327461544366
 0.01918899476307978
 0.017366551768287553
 0.018451615628576556
 0.01660117096262781
 0.01393634436054475
 0.013730997875039286
 0.011145509341232984
 0.011308851525954455
 0.008174996932000411
 0.006305884485280688
 0.007019926202746274
 0.00404708121794195
 0.003872069876189377
 0.003167360255059981
 0.0020332916761978126
 0.0010508988161000432
 0.0013752506099712902
 0.002595655880849923
 0.0018932797323168993
 0.00463510913603099
 0.007582284128225925
 0.009936757080941994
 0.011644858124462643
 0.01402733274833523
 0.017758554532911586
 0.018850618810989705
 0.021478108057481515
 0.023148873539460157
 0.023470891860735088
 0.023069533677134213
 0.02212914332377114
 0.02281051642488746
 0.019739665591035516
 0.016020109375391722
 0.015572081739863353
 0.014872039063926756
 0.014309671271176161
 0.013854643217858731
 0.012923586754881033
 0.013537289150702625
 0.013042592063246872
 0.012288879517593554
 0.012284211675376189
 0.010468769098373132
 0.010398764023457296
 0.011511829554902708
 0.011376487247288403
 0.010802452091555947
 0.011103469159463475
 0.011542161110557003
 0.011801175671729836
 0.013089251647903255
 0.013460272893701997
 0.013677284948140134
 0.01421398274828134
 0.013597945085814134
 0.011749833892461814
 0.009792049487079901
 0.0071132220494186105
 0.003848692990067626
 0.002378604357327785
-0.00025355362840601137
-0.0034877475440041605
-0.0038237684949065653
-0.00465215216364373
-0.005142182305906795
-0.003949778706184626
-0.004295133547472518
-0.0024096885866274342
-0.0005405779339570649
-0.0008065947069682555
 0.0002621348451461447
-0.0006315860562895459
-0.0015113061221468937
-0.001900996942765909
-0.0026850446321719512
-0.004129465066351756
-0.00605924780057715
-0.0054688801307193335
-0.007407996755330271
-0.009603795365542234
-0.009678467385650813
-0.011827596543935337
-0.012667647575654362
-0.013860052969425773
-0.014758440816054152
-0.015005789808294423
-0.016300867996306256
-0.015472486121618334
-0.016970576425514694
-0.017637950485102083
-0.016678894145017276
-0.017486276560387093
-0.01708958711602826
-0.01746294362847267
-0.01677223663697075
-0.016002191577192237
-0.014854123956801135
-0.013484376439754586
-0.012623325948717457
-0.008129058625127028
-0.007489688030745345
-0.008388075877373669
-0.005611244384714054
-0.005734919329346444
-0.005254224871518165
-0.004603186914154678
-0.005998604423810561
-0.004764198317353696
-0.0032101064651936517
-0.003592796868023551
-0.002962760164027356
-0.001800691708058022
-0.0018426951118174495
-0.0008323023746124036
-0.0004146116768861674
 0.00022009197230277167
 0.002329550302399619
 0.002861581157348081
 0.004901035309553825
 0.006583468154514327
 0.006770145065199573
 0.006781811531156812
 0.006716473401433776
 0.00936263042869645
 0.00907327892972154
 0.0064761230329333785
 0.005885753569026264
 0.004924361962295787
 0.0023318730107003693
 0.00087578521353876
 0.001412483013679966
-0.000869654082597815
-0.0028041037620159526
-0.004351196990436179
-0.0057512814452848615
-0.00708836214003139
-0.010959594074439527
-0.01281237221298459
-0.015428195890543728
-0.018065020821470268
-0.01953044250901742
-0.022195269111100424
-0.02390337194867037
-0.025483133793439805
-0.026493528324694093
-0.027991618628590453
-0.029930735253201335
-0.031293484146508066
-0.034256995240926846
-0.035867092229449116
-0.03650179767268735
-0.03936963639065483
-0.040972732961387925
-0.04138809198056703
-0.04122708326844193
-0.03986200269658813
-0.037383855696264234
-0.0354074053041607
-0.03257690394178442
-0.028955355369237545
-0.028168976001284374
-0.02304467107667313
-0.019668137126745477
-0.018097710966410774
-0.014347821401063499
-0.012651387720524654
-0.007951774808453327
-0.006976384160193916
-0.003637185771808271
-0.0013223818532304699
-0.0017914107421261316
 0.0022244946992077685
 0.0010414231958218445
 0.005085330308312264
 0.00746080451439568
 0.007066446748583921
 0.010419645972547853
 0.010258635466373456
 0.01411353129855758
 0.0140435262236418
 0.014855573790155063
 0.018829476724754268
 0.01776541232378337
 0.019009152320625777
 0.019342838004882568
 0.019571517422302454
 0.019373171354586105
 0.019207493903218964
 0.020217886640423954
 0.019718522607775457
 0.02028088860647681
 0.02083392071479262
 0.020563236996588685
 0.020586570825527784
 0.022294671869048488
 0.022201332068168877
 0.02127960949557678
 0.01982352169841517
 0.019562171870596667
 0.019706846274547163
 0.017835400355231124
 0.01845376969624546
 0.017044351351011233
 0.018348761635359367
 0.01828809045082902
 0.017163355762352395
 0.019713840413163874
 0.018775783532397117
 0.02002652394702864
 0.020166531405786392
 0.020966911609317795
 0.02172062236092176
 0.020584220309463275
 0.021830293778902055
 0.021120917212579915
 0.022021636737755368
 0.02232732075085564
 0.022145308991313895
 0.02258400094240748
 0.021139580508227673
 0.02068221898231387
 0.021869955636843297
 0.02418709302801736
 0.02253032658756765
 0.020957565160587388
 0.022682000512282696
 0.022822007971040448
 0.02388607057796205
 0.023580384770812535
 0.022964347108345273
 0.023627052428690676
 0.02200295460459023
 0.021991286344583694
 0.021519923983091604
 0.018558746361269196
 0.016010593389004846
 0.013635117388872076
 0.011483654757991235
 0.007558752953866599
 0.003521844465116053
 0.001186037499121606
-0.001901147642904999
-0.004689648292595772
-0.006435086691707725
-0.008959904938008356
-0.011018028665034263
-0.011407719485653278
-0.012849806447236656
-0.014896262811280758
-0.013780863807238863
-0.011470726833853917
-0.01287781170649166
-0.01428723005172583
-0.01307615867123274
-0.014368903386648202
-0.016035003717483398
-0.015582310930811583
-0.01496160811720093
-0.017269413412038803
-0.020984302682489853
-0.01852482346293699
-0.01788778634115168
-0.02070428866199897
-0.020396271176302327
-0.021056644818100656
-0.02052694743574851
-0.02118498760495041
-0.021121984741873046
-0.02121299107015623
-0.023383121481808045
-0.02025160215449967
-0.022113714183430222
-0.02351846558347165
-0.02223739002508729
-0.026278965459030634
-0.025224236742494466
-0.025795938425630605
-0.02467353900379965
-0.023637478068034512
-0.027592715015911984
-0.022267731448012584
-0.020368285651589324
-0.019875923830779185
-0.01517864439130423
-0.014161251236310068
-0.011400754051825002
-0.009599314104449419
-0.005840090648716545
-0.003406279627723774
-0.0045263473710076
-0.002202209562044366
-0.00010908554012212246
 7.29244253703798e-05
-0.0008838002361672981
-0.0009678061466613652
-0.0026012378611474096
-0.003410953749113599
-0.0011241515016923165
-0.003203276482085682
-0.004521689396061235
-0.002771585845805835
-0.0030119344202569898
-0.0032872850836536682
-0.0038613202393861235
-0.0037306466710138597
-0.0025569108520627215
-0.0032219514390537385
-0.0028812653370078323
-0.0016351918675691635
-0.002556914440161262
-0.0034833039579461045
-0.002451909967373711
-0.00301194428752799
-0.004930059658771524
-0.002883605088776664
-0.0018848797145535334
-0.0035743147713525047
-0.004829723925226015
-0.005499431457409776
-0.006330148598743368
-0.006920518062650427
-0.004547377329163327
-0.005025740108444587
-0.005564773175231463
-0.0027949421003608532
-0.0021625719237683416
 0.0003225754943446679
 0.0032114136716302477
 0.0032884173702859565
 0.0064269371153834465
 0.00913609790274833
 0.010566515707300606
 0.012729643907114008
 0.013628029959693144
 0.013810039925185646
 0.013504354118036133
 0.01759959762764668
 0.014071386164905553
 0.010603844989670097
 0.0175295907586816
 0.01443540519886588
 0.013348006071931262
 0.015420128840486214
 0.016050165544482353
 0.021088131983027836
 0.01618783863361911
 0.015226447026888634
 0.022747228307975376
 0.020924785313183147
 0.01618783504552057
 0.01947803050938235
 0.018906328826246266
 0.013063312547902717
 0.017452573604656352
 0.017179556413856045
 0.014463393414652803
 0.015844808294681156
 0.012209257092506864
 0.014820412030824015
 0.016232162054605315
 0.013728345061671976
 0.014491389703661484
 0.012169583573245324
 0.012234919908919117
 0.013618668261543898
 0.011952567930708702
 0.01189889716396747
 0.011775222219335024
 0.013641999399409077
 0.016178483214642325
 0.016869190206144136
 0.017965921429415
 0.020017042944602603
 0.022824209581015165
 0.02431063072788031
 0.026945120392161237
 0.02728813996680346
 0.02673977300963104
 0.028226194156496298
 0.027271802967554937
 0.025573034020370478
 0.023995605648197416
 0.024532303448338677
 0.022856869227117993
 0.020780077719321
 0.021230437033396443
 0.01786790212499778
 0.016551822683618544
 0.015786442774983478
 0.013746986828728491
 0.01261991866765555
 0.01012076861991501
 0.009367056074261804
 0.007819962845841633
 0.004781780628338783
 0.002254628909441836
-0.00034486045994275294
-0.0031356945822298976
-0.005191484836659488
-0.006925255872789526
-0.009590082474872585
-0.010119781651273974
-0.01112784270993189
-0.011610872434405839
-0.009762763035102706
-0.01093883412069957
-0.011232852564867224
-0.010801161031562811
-0.012033235459472602
-0.012215247219014347
-0.014756399773489581
-0.017430560265958128
-0.017255550718254742
-0.01926700499335321
-0.020578417489539702
-0.019640362402822242
-0.019962382518146415
-0.018375622049637164
-0.018202945974530205
-0.017502905092642795
-0.015687464309688925
-0.016375839622643718
-0.014576733147864507
-0.01503642814637468
-0.015755138603082308
-0.015629131979902844
-0.015664134965873044
-0.014516067345481942
-0.016900877236000145
-0.015801812540132965
-0.014642077556760058
-0.015400457047606009
-0.013678355168507128
-0.014380731317040152
-0.01398637534527769
-0.013312002661950428
-0.014075049097989178
-0.012224606226089674
-0.012154602945223136
-0.013349341811590976
-0.011977260821948055
-0.014553415465368869
-0.014355071191701818
-0.012205943827466537
-0.014635089697315862
-0.013433352207208205
-0.014975778490435632
-0.015769160070227217
-0.013918717198327768
-0.014978114654105923
-0.014779770380438817
-0.015111124386148478
-0.014131066792696267
-0.013132341418473137
-0.012189619386562933
-0.011797596887396844
-0.013477698053810327
-0.012327296960822853
-0.010866544012517743
-0.013071676513115249
-0.012955003780321217
-0.01127257093536066
-0.013461369127783507
-0.011837273097732304
-0.010168841088349978
-0.01196561588458206
-0.012565319238874717
-0.012616656533019577
-0.011461588494839359
-0.013928069926230635
-0.015246482840206244
-0.01429209344531418
-0.01585085403671621
-0.01670257243141715
-0.01675390972556201
-0.01672357547883374
-0.017759638208648176
-0.01722294040850697
-0.016494897855463098
-0.0175752965646086
-0.01612154403409266
-0.014338771867487998
-0.016336225307008234
-0.015902200301107394
-0.013435720663765471
-0.014628126057536883
-0.015153158288745472
-0.015213829473275875
-0.015246498986649704
-0.016576579263607172
-0.015771532114883025
-0.01193530406346982
-0.01246733671246758
-0.011965641001271898
-0.00956449859662839
-0.008579774057983491
-0.009053469892071897
-0.007914736162066338
-0.007000015801312598
-0.008808457960526594
-0.0072847012521193855
-0.006757337342363723
-0.005417924969070009
-0.0030307834000046774
-0.001427688623320822
 0.0018625068405410117
 0.0015358197800240947
 0.0037782860481142544
 0.008076541673609328
 0.0077311868323214905
 0.00840322604305238
 0.010232667661584427
 0.010293337052065532
 0.010468346599768918
 0.010636355729683078
 0.011334063138974115
 0.01100970955105357
 0.008951585824027664
 0.009313273179440862
 0.009576954685806438
 0.008545558901184802
 0.0077265091228330696
 0.007311150103653963
 0.007133805289304962
 0.008116196355353544
 0.009373937187774128
 0.010494003137008712
 0.011933754831946475
 0.010325991316020522
 0.013487845787081842
 0.01539662547389059
 0.013728191670459022
 0.01675003778573786
 0.015667305603995985
 0.016288008417606692
 0.01767409024282779
 0.016358010801448608
 0.015909983165920294
 0.014736245552919858
 0.015818975940612434
 0.016787366171082785
 0.017296062300067527
 0.01667302421981115
 0.016210995748704604
 0.014892582834729051
 0.01508859363579973
 0.016021981777324446
 0.013084138881465757
 0.01405486258453248
 0.014689566233721363
 0.014171534420301835
 0.014101529345385999
 0.014208868187794488
 0.014666227919659047
 0.012524099179163695
 0.013737504032253212
 0.014514549509820895
 0.01353215664972307
 0.01314246582910411
 0.012650102214244618
 0.013350143096132028
 0.01181938417588646
 0.010762320192704733
 0.012318745517461094
 0.011434358506410947
 0.010141613790995485
 0.010020272318959411
 0.008281834337636629
 0.007224770354454846
 0.0048562947721111915
 0.0033395366874439114
 0.0024411488408155324
-0.0012410718132862542
-0.0019411144892229615
-0.004027239887405387
-0.007051421269329894
-0.007949809115958328
-0.012290069042237395
-0.014404196111576284
-0.014901226671628465
-0.0172417005828156
-0.018093418977516484
-0.019283490898691524
-0.0202495494506148
-0.021115268680893917
-0.021693970781819172
-0.02228434024572623
-0.0233554050644863
-0.024440470718824547
-0.024218791719193666
-0.024319131937862393
-0.026155575768232853
-0.025518538646447597
-0.02616724492526401
-0.02552554085828601
-0.024069454855173644
-0.023927113923819465
-0.021637978203801866
-0.021322960300316107
-0.020125889755401194
-0.01960552626343459
-0.02031490282975673
-0.019218171606485868
-0.02036857449352253
-0.02073959753337057
-0.01955886129663026
-0.01984354585041248
-0.019827212439262498
-0.018630141894347585
-0.01688470528928493
-0.01627800331125251
-0.014775247856212703
-0.012385772814551
-0.010750009421517881
-0.009774618773258525
-0.00886456535769753
-0.006808776897317181
-0.008169192318027485
-0.008829565959825814
-0.007224137710545586
-0.007592827277797198
-0.007602162065207363
-0.006428426246256169
-0.0057750548162962545
-0.006094741459024056
-0.005194021933848603
-0.005051681002494424
-0.003719269046989826
-0.003044896363662619
-0.0012014539095522858
 0.0022614185264411835
 0.0028541196688953163
 0.006958697068891462
 0.008538457119611598
 0.010519574456907987
 0.015081512485793258
 0.01541753164264642
 0.017779005013151605
 0.018203696128666902
 0.018231696902798744
 0.020210480767498762
 0.020051803733920737
 0.02011714006959453
 0.018565379895981615
 0.01974144918752918
 0.02029214782324862
 0.01720262920862564
 0.01724463081833577
 0.01645591618373693
 0.015632199460192453
 0.015069831667441858
 0.01601022022675569
 0.017673985290945216
 0.017685651756902454
 0.02040881337984557
 0.02226625666953408
 0.024779405758803608
 0.0269775360475627
 0.029056659233906768
 0.032015501589083506
 0.03122212000929192
 0.03267820601240429
 0.034155293268883946
 0.032715539779896996
 0.03198282848761114
 0.031126443147717453
 0.030377397547256935
 0.028109261286557385
 0.025628779019587877
 0.024303365687823153
 0.020478803205342566
 0.0175012912753455
 0.01639055742244716
 0.012624331754875873
 0.009744825673926538
 0.008197732445506367
 0.006253948875702686
 0.004188824730887608
 0.0024480532769684538
 0.0016266700260203493
-0.0006181315087154804
-0.0025689154963082217
-0.004487030867551756
-0.00654748806717409
-0.007912570433077137
-0.010271712125035248
-0.01091108451346623
-0.01113509877974267
-0.012416176132176271
-0.012019486687817438
-0.010831750033288068
-0.009655680741740502
-0.008397939909319918
-0.005959461943134403
-0.004613049152051574
-0.0039083413249714205
-0.001294852914057898
-0.001332189372624526
-7.211506760756992e-05
 0.001530979709076341
 0.0008822734302598723
 0.0021983510775898107
 0.002312690337787471
 0.0017223208738804119
 0.0009266058214923989
 0.0008939363081185703
-4.451538509808728e-06
-0.0009775105082221458
-0.0008468369398498821
-0.0019832389913083115
-0.000928510274772254
-0.0008585069939056611
 3.987905867347541e-05
 0.0008635939881686538
 0.0007655872420962995
 0.003085058105866789
 0.0022193388755876176
 0.0027560366757288235
 0.003656756200904332
 0.0022380039652847294
 0.002863373724088125
 0.0010245964211212377
 0.0006069039293458145
 0.00020554574574493945
-0.0033670016963273652
-0.0028559720947461953
-0.004820756917917168
-0.007543920334909526
-0.007548588177126947
-0.009553042034436299
-0.009602045855984787
-0.010785117359370766
-0.011429156692994435
-0.009940402073532806
-0.01081545519419752
-0.010337094208965614
-0.010012742415094311
-0.01059611146121231
-0.010376765934177856
-0.010411768920148112
-0.008204304741003476
-0.007212579784569517
-0.0056701552953913326
-0.0018969310040802267
 0.0006932226808696318
 0.004716128539992648
 0.007714639929307765
 0.010332795285414087
 0.012176237739524365
 0.014138687296049779
 0.015083742800556355
 0.01514441219103746
 0.016588830831167856
 0.014486371124810826
 0.015039403233126747
 0.01506273706206579
 0.014666045823657659
 0.014393028632857352
 0.012533250076523172
 0.014374359058037078
 0.01210622279733753
 0.0122158951123425
 0.013650979862087409
 0.012808595357772012
 0.014507362510907229
 0.014204010176353976
 0.01597744845257315
 0.01658415043060557
 0.01511406179786573
 0.015599423200886753
 0.015398743660573977
 0.015163062031315677
 0.0143393453077712
 0.013767643624635117
 0.01399865651465143
 0.013396619687762512
 0.013209940983027968
 0.012570568594597042
 0.0113594954200546
 0.011597508727860029
 0.010272095396095304
 0.008080963731076085
 0.006869890556533698
 0.004328738002058463
 0.0019299272759619734
-0.0001281964510639333
-0.001959973336241705
-0.0017919642063274344
-0.001847968445665038
-0.0015002819258300715
 0.0003174923297201704
 0.0006021750894530942
 0.0012345452660456613
 0.003964707306777837
 0.004856092941567802
 0.004517738518069081
 0.006930548285694449
 0.007366906764191661
 0.0065641912940145875
 0.0072782330114802285
 0.005845479940282283
 0.005402119249946713
 0.0032529900916622445
 0.0004854906953387639
 0.0002988119906042197
-0.0036074220327493856
-0.006815947749787388
-0.00785434395219825
-0.011963590091436327
-0.013730029743915628
-0.013564354086597785
-0.015823156456911847
-0.014742759541815587
-0.014553749158533968
-0.015146452095037455
-0.012983323895223997
-0.015041447622249904
-0.01448374856874135
-0.014178064555641079
-0.01633186065911829
-0.015827831475326348
-0.01673088626714747
-0.01592817259101964
-0.016056514480844775
-0.015526817098492685
-0.014222406814144606
-0.013541033713028228
-0.011510913451208082
-0.011830600093935828
-0.011263567150041731
-0.011578586847576733
-0.012777992659137316
-0.013613376745663597
-0.01506246412503609
-0.015447488000462417
-0.016229202217272087
-0.016558222750385376
-0.01610552996371356
-0.015228145164501827
-0.014658778748011358
-0.013118687731429546
-0.01185861342641259
-0.010827219435840196
-0.008484413846105932
-0.00785671061470622
-0.00595259787309016
-0.004713524821440496
-0.003941146289065556
-0.0024687259777786408
-0.002676405935880477
-0.0012786567476774646
-0.0013976647471171666
-0.0009239707070780034
-0.0007022917074471224
-0.002585404989745077
-0.002695079098799291
-0.005443910714351741
-0.007413362482715513
-0.008568432314944974
-0.011555278135327529
-0.011853963524687927
-0.01402642740893617
-0.015592188418127373
-0.015426512760809474
-0.017594309699864974
-0.016828931585279205
-0.01712528350204323
-0.017381966384668934
-0.01661192132489031
-0.017258294131110408
-0.016352907660742155
-0.017230294254003187
-0.017211627370256888
-0.018040011038994053
-0.019272085466903788
-0.018945400200436224
-0.019461098541259325
-0.01846470663963251
-0.019020074014594046
-0.019505437211664367
-0.0183923716802189
-0.01869339054217567
-0.018478711960334016
-0.017423983243797847
-0.017552325133623037
-0.01657693448536357
-0.015624878563067879
-0.016040237582246986
-0.014896836907048683
-0.014801165427621998
-0.014203797339975066
-0.011872659113222661
-0.010537913685121747
-0.010045551864311664
-0.010054886651721773
-0.00769107980862016
-0.006069317251165329
-0.006216326921761495
-0.004979587342708203
-0.0038245193045280956
-0.0020627483912907807
-0.002146754301784848
-0.001731397076655039
-0.0004993244427945465
-0.0019040758428359728
-0.0012157023239304232
 0.00010737574118857562
 0.0011341027865682807
 0.0020698244006893685
 0.0027978669537332412
 0.004762649982854916
 0.0056237004738921015
 0.007280465120292567
 0.00877388668494683
 0.010204304489499105
 0.0118587356633032
 0.011735060718670753
 0.012680116223177329
 0.012395431669395163
 0.011709389829036743
 0.01147604167237476
 0.010276635860814176
 0.008874217933369177
 0.007019106322227742
 0.0055303499087168695
 0.0038992516668272525
 0.002772183505754311
 0.0011037497023226317
 0.00042237480715701103
-0.0007536962784397971
-0.00139540213946715
-0.0008983733734642674
-0.0026508121903652815
-0.002410465409963425
-0.00288882818924463
-0.003203847886779687
-0.00266014966884931
-0.003133845502937771
-0.0026321497917421444
-0.0033625276114316316
-0.0031455155569934945
-0.002177125326523255
-0.0023404693052939685
-0.002125790723452259
-0.000695372918900039
 0.00035468885244333004
 0.0011270673848183255
 0.002601821168701668
 0.0024898135870510263
 0.0027744963467840056
 0.002842166155054171
 0.0026694882858978586
 0.0030358425865038563
 0.001579754789342247
 0.0009893853254351326
 0.00064403048414724
 0.00011666478034222383
-0.0012787527293136591
-0.0024688246504887545
-0.002352151917694667
-0.003535223421080591
-0.0028445164295787806
-0.0033532143526127656
-0.0047766335334251675
-0.003959919021719105
-0.00538100472993519
-0.006622413048230413
-0.005332003599460566
-0.0056470232969956236
-0.005924707432988674
-0.004428952395737984
-0.004235275067263622
-0.00384558604069396
-0.0036005723150993596
-0.0041396053818862355
-0.0036005741091486576
-0.002340499804131646
-0.002585515323775489
-0.0029355371102561256
-0.003189886520285512
-0.004050938805371884
-0.0034699050258995556
-0.004697312508616602
-0.006125398634621748
-0.006620095722077501
-0.00751148315091682
-0.008022514546547177
-0.008552213722948565
-0.008167191641571592
-0.00848921175689582
-0.008589551975564491
-0.0071778019517831915
-0.006949122534363306
-0.006564100452986277
-0.0061230750292963765
-0.006174412323441181
-0.004797664388605571
-0.005220023825573794
-0.005924733446703134
-0.005908400035553207
-0.005691387981115126
-0.005108020729046425
-0.005726391864109948
-0.003997289567221951
-0.002865556255005508
-0.0032925826371664746
-0.002354527550449015
-0.0013208000872802494
-0.0007514336707897806
-0.0009964491904336792
-0.0008051053345556891
 0.00024262296419136353
 0.0007489856205797341
-0.0003407469789513118
 0.0004502993341946593
 0.0024454175070692807
 0.0024827521715865553
 0.0035374808881227238
 0.00509390621287914
 0.005908287251988831
 0.0065336570107922265
 0.006535989586363977
 0.007205695324498496
 0.006106628834581962
 0.004127843175832702
 0.003964499197061988
 0.0018083696209883482
-0.000200751181513803
-0.0016801737046391318
-0.0033299397272997244
-0.004426672744619886
-0.005122048475363794
-0.004725359031004905
-0.005399733508381521
-0.004368339517809072
-0.0026509045839029355
-0.0026765736794876482
-0.0019251964004801114
-0.0011201492517559086
-0.0016778500993137602
-0.0021398785704203616
-0.0026789116372072375
-0.004064995256477633
-0.0055677525055667365
-0.006762491371934576
-0.007623543657020948
-0.008988626022923996
-0.009464655329608829
-0.010706063647904107
-0.011487777864713777
-0.010708398914549722
-0.011830800130429975
-0.012463172101071784
-0.012276495190386538
-0.012656852120620066
-0.012544846333018778
-0.012640519606494705
-0.012750193715548863
-0.011233437424930826
-0.0101880425987802
-0.009954696236167515
-0.00897463864271536
-0.007945578124739339
-0.006855847319257591
-0.006025131971973352
-0.0063494855598938416
-0.0068838516814879736
-0.0059597974303487455
-0.006106807100944911
-0.007126535522584743
-0.007674902479757106
-0.007567563637348562
-0.007464891740132762
-0.009135659016160758
-0.00863863025015782
-0.0076025693143927375
-0.00785925219701844
-0.0076329062521948154
-0.008391285743040822
-0.006930532794735711
-0.0054534455382559965
-0.0059901451324465005
-0.004051030301884917
-0.003558668481074778
-0.003577337158870375
-0.002153919772107271
-0.002893631482182246
-0.0025949478868710907
-0.0026672864343833536
-0.003012641275671246
-0.002298599558205605
-0.0023009339278265983
-0.0015845587377646408
-0.0005694990553668511
 0.0008585852765890523
 0.0006112362843487817
 0.0013766143989346058
 0.0033623986814237394
 0.0029820417511902675
 0.004146443679755918
 0.004841817616450528
 0.005404183615151881
 0.006710927372096331
 0.006981609296250968
 0.008519366840236409
 0.008703710278325283
 0.008937056640937968
 0.010575153506567458
 0.010407142582603945
 0.011048846649581945
 0.01161354612087967
 0.010885501773786554
 0.011699882812896245
 0.01306029643955725
 0.01310929846705644
 0.013370646500825645
 0.014698391511137443
 0.014728725757865657
 0.015594443194095586
 0.016257148514440933
 0.01687785132805164
 0.017391214402229127
 0.015932793132471146
 0.016546495528292682
 0.016152137762480978
 0.015895454879855275
 0.016084465263136838
 0.01516274269054474
 0.015106738451207136
 0.014103344337741963
 0.013610980722882526
 0.01368098400374912
 0.012780262684524368
 0.01267758899325927
 0.013155949978491177
 0.013825655716625695
 0.014530363543705849
 0.013785984888438074
 0.015958446978637075
 0.017388864783189295
 0.017762219501584353
 0.019138967436420018
 0.017806553686866233
 0.018875283238980523
 0.01800023011831592
 0.0158884365215734
 0.0165348075337442
 0.014416013519212512
 0.012495564675372606
 0.010570448886339956
 0.00870366991221655
 0.008953350583003894
 0.0081903041469652
 0.008332645078319323
 0.008197302770705017
 0.00902568464539294
 0.010358096600897482
 0.010057077738940656
 0.01213153398009198
 0.013244599511537447
 0.01429932822807356
 0.01466334905608313
 0.015232715472573655
 0.016910481372341468
 0.016117099792549827
 0.016413449915264666
 0.015879083793670534
 0.016642128435659986
 0.016672462682388145
 0.015554728411700691
 0.017230160838872133
 0.01578107345949964
 0.01580907423363148
 0.01684513516939662
 0.01703181208008181
 0.018602238240416458
 0.01768284914042073
 0.01668178849955193
 0.01637610269240236
 0.01618475704247513
 0.014829008566957569
 0.012948228757255986
 0.012607540861160837
 0.010612420894236974
 0.009385013411519982
 0.01008505429340728
 0.006654848679713832
 0.0033763187847846154
 0.003854679770016467
 0.0015328736396003628
-0.00028490240999912153
-0.00218435000047168
-0.005182863183836095
-0.007068309938730422
-0.010636190435609927
-0.010563853682147017
-0.01232562638943352
-0.01591917508487317
-0.015226134620774934
-0.015401145962527563
-0.01650954634282953
-0.01806830693423156
-0.016712560252763298
-0.016292536082440745
-0.017160588785316233
-0.015657833330276483
-0.016784901491349424
-0.017284265523997977
-0.017594618276340235
-0.017631954734906863
-0.017428943516047013
-0.018486007499228796
-0.01659122864799828
-0.015849185259376175
-0.014843459467363873
-0.012698999048321336
-0.012864676499688532
-0.011588267886496917
-0.010967565072886265
-0.008918777030295089
-0.006459297810742171
-0.007504694430942094
-0.004674193068565813
-0.003164437195736891
-0.004067491987558014
-0.0014656709396263512
-0.002163380142966631
-0.003374453317509074
-0.003085103612583351
-0.0036404709875449415
-0.0015193452944661234
-0.001790029012670058
-0.0034584628161016817
-0.0016126868893949764
-0.0016663576561362081
-0.0017480300940339033
-3.2928632724138485e-05
-0.00016360399514570023
 0.0005504377223199408
 0.0008491213176310963
 0.0013601509192122108
 0.0035512807901821875
 0.0025105511151750637
 0.002855904162413603
 0.00568173857959714
 0.006960480665385127
 0.00808521355981251
 0.008211220182991974
 0.009571633809653035
 0.011319403887312063
 0.009928653322848868
 0.01302750403380809
 0.01630603213468801
 0.014852277810122716
 0.017393428570548708
 0.01989724376943275
 0.021645013847091776
 0.023112767213185947
 0.025705254370732122
 0.03098123501410771
 0.03377206734234556
 0.03558050770751031
 0.03966875079933185
 0.042928611119440796
 0.04334630181716698
 0.04672283576709463
 0.0494996672597543
 0.050440055819068075
 0.051889141404391326
 0.05419927837777633
 0.05597971707178462
 0.05340122895576738
 0.05244217082163327
 0.05407793421466639
 0.05295086605359339
 0.05264518024644382
 0.05324021486149444
 0.051133088209944666
 0.051644117811525725
 0.04963499700902363
 0.047210518084367104
 0.047005171598861584
 0.04209087741387463
 0.04015642773445649
 0.03728858901648896
 0.034350746120630216
 0.03279431900182456
 0.028160041528402457
 0.026195256705231373
 0.02274638331076695
 0.021206290500135894
 0.01935817930678352
 0.01708070915569848
 0.017143712018775903
 0.015377272366296657
 0.015559282331789104
 0.013757840590364279
 0.013617831337557229
 0.01362716433091804
 0.01256776687513994
 0.012516429580995081
 0.012665770930138376
 0.012640101834553552
 0.008582192092435659
 0.0075624636707958826
 0.006587071228487118
 0.0039035768456331388
 0.0005247076290598729
-0.0032135163673549516
-0.004667270691920189
-0.009075201323494098
-0.012673416964126438
-0.014332516877172574
-0.01725402546485666
-0.01950116047218886
-0.020044860484168536
-0.02066323161923206
-0.022427337799114988
-0.02333039259093611
-0.02403743568466188
-0.024942823949079374
-0.02591354944619534
-0.026296239849025238
-0.026454916882603263
-0.02675126879936729
-0.02718529559931737
-0.027992678014687244
-0.0283660345271316
-0.031058862800371068
-0.03341100407454012
-0.03402704173700727
-0.03729857121414737
-0.04034375384943922
-0.04097379234748472
-0.04204485716624473
-0.04226887143252123
-0.04319292747770975
-0.0429105781905732
-0.041557164981701256
-0.04138915585178704
-0.03698589395945512
-0.03490910424570742
-0.03355569103683548
-0.030449839908087195
-0.027649673689463805
-0.024898510395364226
-0.02360343400140169
-0.020826602508741965
-0.020754265755279
-0.019393852128617994
-0.01852580121979175
-0.01816878080957124
-0.017240059613239267
-0.018343793048348545
-0.014537900140688231
-0.014141210696329343
-0.013270826314906725
-0.010391322028006633
-0.010568666842355634
-0.007866506472779922
-0.007532820788523187
-0.0054023612050589365
-0.004293962618806213
-0.004919334171658962
-0.002924215998784341
-0.0032299018059338547
-0.0017971505287852074
-0.002051499938814594
-0.0012394523723012751
 0.0008793398481811154
 0.0007976674102833647
 0.0028674567062419443
 0.005009583652688054
 0.006475003546185909
 0.007583402132438577
 0.009062822861514663
 0.009865536537642494
 0.011340290321525781
 0.012285345826032357
 0.01314406284447317
 0.01566421235153176
 0.014901165915493009
 0.015458864969001618
 0.016954620006252308
 0.015946558947594336
 0.016597596904957934
 0.016277910262230133
 0.016508923152246502
 0.016884611343237932
 0.016266240208174354
 0.01760798605406444
 0.016784269330519963
 0.016317573914220618
 0.017703655739441826
 0.017225292960160565
 0.017381634727092976
 0.0191760742566795
 0.019715105529417132
 0.020408145993515314
 0.021551546668713673
 0.023105638520873717
 0.0243587124081015
 0.024104362998072226
 0.024823071660730556
 0.02483707159928422
 0.024697062346477117
 0.025063416647083114
 0.02569345335107931
 0.024757729942908924
 0.023352978542867497
 0.024433375457963757
 0.024197693828705458
 0.022447588484400705
 0.02179654873298792
 0.021756878801824975
 0.01920872582956057
 0.01818433046272805
 0.017253273999750462
 0.013309704414854795
 0.01299701818991611
 0.010852555976824385
 0.008012718930013374
 0.005828587682783215
 0.0027297351777747503
 0.0027694033148884523
-0.001524187159463175
-0.003514640181194295
-0.003537975804182636
-0.006039459324519547
-0.005834114633063381
-0.007845568908161793
-0.007479214607555795
-0.007992579475782635
-0.010757745399509688
-0.00904964435598904
-0.009530340607866561
-0.01216016512100404
-0.012498519544502762
-0.013329236685836299
-0.014458638319505723
-0.014710654256938627
-0.016274081793533457
-0.015926395273698435
-0.016740778106857424
-0.019146589250742974
-0.01754116100146269
-0.017475824665788953
-0.019286600297599266
-0.022068100529500978
-0.02122805129183125
-0.02075669072438846
-0.02587166355266346
-0.024424911439936636
-0.024067891029716182
-0.026702382488046295
-0.025663988079684785
-0.025054952629055993
-0.024196235610615235
-0.02500128455338868
-0.02403289432291833
-0.021946770718785258
-0.022023776211490154
-0.022406466614320053
-0.022383132785380955
-0.02054902422165611
-0.021333071911062207
-0.02299683876930103
-0.022847497420157792
-0.02266782092726166
-0.023013175768549554
-0.02471427818833044
-0.023573210985728454
-0.024851954865565684
-0.02727643379022232
-0.02554733149333427
-0.027281102529464307
-0.027297437734663532
-0.0261563705320616
-0.027395445377760508
-0.027425781418537964
-0.026849414584258435
-0.026326717619695406
-0.027773471526471527
-0.02584835753148812
-0.02450894515819446
-0.025577676504358104
-0.02567101630523766
-0.025759689160924526
-0.025771357420931007
-0.02760080083351235
-0.027820148154596103
-0.028207505502618746
-0.029084892095879722
-0.030977339268563164
-0.03095400543962412
-0.029850273798564142
-0.03227941966841341
-0.032720446886152665
-0.03263877624230421
-0.03362816952019115
-0.03424420718265836
-0.034241874607086664
-0.03325481659584534
-0.032260758166814896
-0.03229109420759246
-0.029768611227937447
-0.027099119474710942
-0.026245069401462873
-0.023300227881864366
-0.020836081717118704
-0.018763958948563808
-0.01610846803091559
-0.014437702548936837
-0.011747209542342985
-0.009427738678572495
-0.008832704063521934
-0.005253157997709812
-0.0037013996181461395
-0.0025113294910203976
-7.985194262399853e-05
 0.0015349101970417722
 0.003558030041072857
 0.0026666426122335385
 0.00596617196648086
 0.006752551334434087
 0.006031507405130032
 0.01026442579792669
 0.00870566520652466
 0.008308973968116529
 0.011055470317023364
 0.009636718081403706
 0.00795895038758665
 0.008929674090653317
 0.010117410745182742
 0.008740661016297835
 0.008964673488524977
 0.012646892348577521
 0.0118231756250331
 0.009608709234050161
 0.012558217698841412
 0.013346930539391011
 0.01343560160102858
 0.01481468300846056
 0.014926688796061849
 0.017292829111759833
 0.017052480537308734
 0.018125877034615823
 0.019628632489655684
 0.01754484056406963
 0.020676359891378004
 0.02206477518919553
 0.021558410738757916
 0.02335751721353707
 0.023495191199698506
 0.022361122620836393
 0.021579408404026723
 0.022188443854655515
 0.02046867365410371
 0.018802573323268512
 0.019339271123409663
 0.01879790458402647
 0.017257811773395415
 0.017141137246552085
 0.017899514943348793
 0.017271809917899728
 0.017432818630024882
 0.01774083611572147
 0.017701166184558526
 0.017635828054835434
 0.016788776605327294
 0.01679344265349536
 0.01641308572326189
 0.013864932750997538
 0.014648978646354283
 0.015430691069114766
 0.011449785922677147
 0.012096156934847946
 0.010073035296767563
 0.008619280972202326
 0.009221316005042057
 0.005394420049965043
 0.008318260316196258
 0.00652615246515692
 0.005032729106453249
 0.008488601124657602
 0.005583426845148121
 0.005023392524993897
 0.006232130432890615
 0.006332468857510043
 0.005751433283988472
 0.005086392696997399
 0.00502338803987068
 0.003392289797981063
 0.0015231773512613955
 0.0008044668945537126
-0.0015313400714406789
-0.003400452518160346
-0.0033094479839264612
-0.004707198966178716
-0.005157560074303402
-0.00692633319937902
-0.007976396764771743
-0.008471093852227496
-0.010825568598992863
-0.010162863278647516
-0.011639952329176473
-0.012669014641201737
-0.012921030578634751
-0.013782082863721123
-0.01378908417853486
-0.016129558089721996
-0.015030493393854816
-0.015403849906299172
-0.016855270758268037
-0.01538051697438475
-0.014909156406941959
-0.013747087950972625
-0.013441403937872354
-0.010963256937548516
-0.009154816572383762
-0.009775521180043711
-0.007143364988359213
-0.0054469313078203685
-0.005157581602894701
-0.00458588171380786
-0.00422186088579829
-0.003778501989511962
-0.0046512216375802495
-0.004632554753833895
-0.004753896225869969
-0.00591596647588849
-0.005379268675747284
-0.0058903000713776965
-0.0060583109953412095
-0.005824964632728469
-0.006013976810059385
-0.005369939270484958
-0.006413002418088509
-0.0058646372549654435
-0.005155262482692546
-0.006963704641906543
-0.008149109617888839
-0.008690476157272142
-0.009322848127913952
-0.010351910439939216
-0.011581651395252635
-0.011646989524975726
-0.012790391994223271
-0.013625776080749608
-0.012526711384882427
-0.013035409307916412
-0.013287425245349371
-0.012540714911534578
-0.011313309222866774
-0.011133632729970644
-0.011845342768889155
-0.010883952956208032
-0.009287858597313237
-0.011434654283001389
-0.012414713670502842
-0.009987903067299186
-0.011219977495208922
-0.011009965858560011
-0.009852564347783421
-0.009427873232268125
-0.009689223060086571
-0.009861900929242884
-0.007981122913590544
-0.008492154309220956
-0.008286809617764734
-0.00674438512858655
-0.005902002418320396
-0.006175019609120702
-0.005535649014739075
-0.003339852198576354
-0.002616476590725225
-0.0007590333010367156
 0.0009000648179601223
 0.0020621332739294562
 0.0033058732707718086
 0.003455214619915048
 0.004946302711972994
 0.005534336909234494
 0.004253259556800837
 0.00392657249628392
 0.002815838643385582
 0.0010493989909063361
 0.00027935213707841466
-0.0025628183823289685
-0.004707280595420693
-0.006123699358444035
-0.008963536405255046
-0.009325225554717542
-0.0097825870806314
-0.011901381095163033
-0.01163069917100834
-0.011278345705980575
-0.013005116324321553
-0.01180804577940664
-0.011038000719628016
-0.011546698642662112
-0.009656586736624284
-0.008839872224918222
-0.0075797979199012655
-0.006214717348047516
-0.0054726739594254115
-0.0029011880552465286
-0.0022291488445156937
-0.001986468591517465
 0.00021399516983799938
 0.0010283762089476345
 0.0014787355230230226
 0.0012710555649211863
 0.0022534466309697687
 0.002542796335895381
 0.0004006675954000283
 0.0017377464960973144
 0.0010843732720881016
 1.6410903462271698e-06
 0.0010026999371657852
 2.030707706796031e-05
 0.0010703688484113294
 0.0017960779288588302
 0.002680463145859735
 0.003119155096953208
 0.0035741813562213953
 0.004925261092496969
 0.0044002288612883245
 0.005480625776384529
 0.005741973810153733
 0.005482957454931658
 0.004922923134777379
 0.00434422103385218
 0.004479561547417188
 0.003088810982954049
 0.0010540219818918062
-0.00015471772005420936
-0.00045573658201103484
-0.0025605297609644917
-0.0029128850200415
-0.003344578347395155
-0.0035079223261659243
-0.0017274836321577447
-0.0012211209757693187
 0.0011403523947359218
 0.0026967777194922826
 0.004841238138534765
 0.007711408535049369
 0.009937540494964925
 0.012709705042431851
 0.013678095272902202
 0.015925228486185106
 0.017257640441689648
 0.01750965458507331
 0.018942405862221956
 0.018531713788235593
 0.019427766368218302
 0.019420765053404565
 0.01817702326251297
 0.02018847574356214
 0.018816392959869976
 0.018984402089784247
 0.02160489091848683
 0.021009854509387027
 0.024099371329960706
 0.024661737328662114
 0.024839080348961817
 0.026022150058298443
 0.02489274842462913
 0.026355834845530557
 0.02562779049843744
 0.02659384725631142
 0.025947474450091323
 0.025795797834302414
 0.027433894699931904
 0.025396772226273345
 0.02708153854383022
 0.025618450328879494
 0.02461505621541432
 0.02491373981072542
 0.02287195039187412
 0.022923285891969736
 0.020720486863968657
 0.020806824453009798
 0.020186119845349848
 0.01829833961785915
 0.01831700650160545
 0.01692625593714231
 0.01757496042190948
 0.016354553356981605
 0.015472499818527774
 0.01567084409219488
 0.01360805341997623
 0.01408641440520808
 0.011736606603635458
 0.010282852279070276
 0.010684208668621853
 0.007571355328035101
 0.0068479779261347296
 0.0050885386914446
 0.0035764475519699523
 0.0031097521356706626
 0.00025824772587779155
-0.0019655525554906905
-0.0055451004153520556
-0.007785235004895141
-0.009904029019426774
-0.013875600275478905
-0.015126342484159672
-0.017459815977557636
-0.019912296573370736
-0.019531941437186506
-0.021594732109405212
-0.023223496878698402
-0.021055701733692256
-0.02221077156592166
-0.022833809646177983
-0.022269110174880313
-0.023503518075386476
-0.022115102777568896
-0.023470851253086455
-0.022882817055825067
-0.021800086668132435
-0.02313483389028259
-0.02038600406877944
-0.021114048415872555
-0.02057268367053855
-0.018698906072675436
-0.02014799345204793
-0.018570566873924166
-0.017812189177127402
-0.01668512281010376
-0.015553389497887316
-0.015987416297837342
-0.01318958355181038
-0.012711222566578473
-0.013863958926211506
-0.011143130775864762
-0.011945846246041891
-0.012874569236423106
-0.010669438529874897
-0.012064856039530891
-0.01142781891774558
-0.012356541908126795
-0.014027309184154735
-0.012015856703105565
-0.013268932384382703
-0.014157986340625539
-0.013651623684237224
-0.013471947191341094
-0.014085651381211928
-0.014006314209959847
-0.013215267896813931
-0.014342336057886873
-0.013954980503913528
-0.01228888196712763
-0.011252821031362492
-0.010160756753284372
-0.009127029290115607
-0.0069989031792477285
-0.0051134582184027
-0.003748377646548895
-0.0009878804620638837
 0.0010352393819672567
 0.003606725286146084
 0.006115207430222758
 0.007904980014616536
 0.010170781008670415
 0.012361910879640392
 0.014357029052514958
 0.015171410091624649
 0.017388208161154717
 0.020195374797567223
 0.02083007844675616
 0.02171446366375701
 0.02369324752845703
 0.024269614362736558
 0.02481797952585968
 0.02580037059190826
 0.02641640646032617
 0.028490862701477437
 0.029825608129578407
 0.031179021338450297
 0.03250443287616572
 0.03136103040691818
 0.033274477038919725
 0.03482390194588697
 0.0346442236589416
 0.0356499494509539
 0.03452288128988085
 0.0358342919920181
 0.035626612033916205
 0.03426152966801316
 0.03481222830373265
 0.03459521445524527
 0.03592062599296075
 0.03633831669068688
 0.03817009178181535
 0.039574841387807536
 0.0390031397046714
 0.03973818267550433
 0.03931348976593979
 0.0383030952346855
 0.037411707805846184
 0.03589728319377522
 0.03413551048648872
 0.031991048273396994
 0.028873527987617498
 0.025520326969604323
 0.022797163552611965
 0.02014867125870351
 0.017609852176824703
 0.01510603518389142
 0.012644220697692832
 0.010306080259102124
 0.007102221487256866
 0.00509310068475477
 0.003139983224565601
-4.05408213159375e-05
-8.487769767168141e-05
 8.079795964616165e-05
-0.0018139826856336527
-0.0037811009814009977
-0.005776220948324862
-0.0075986639431171454
-0.009484110698011416
-0.010583177187927895
-0.011390559603297767
-0.013661029336593689
-0.014328403396181078
-0.013539690555631534
-0.01614851381540161
-0.01781928109142955
-0.018850676876051242
-0.020113086447713868
-0.02040943836447795
-0.02260057002949717
-0.023503624821318347
-0.025001715125214652
-0.02717884595465564
-0.028065566438302103
-0.028427255587764655
-0.02946331831757909
-0.030917072642144272
-0.030464379855472568
-0.030522717567406488
-0.03011902770525854
-0.029743339514267053
-0.030130696862289696
-0.029428322507805915
-0.02819391640134905
-0.025776439688530883
-0.0238326579127765
-0.022455909977940836
-0.021184168309941964
-0.020463126174687263
-0.018426005495077946
-0.01662689902029868
-0.015198814688342888
-0.01371706048667043
-0.012032294169113444
-0.00968248816159012
-0.008319741062332742
-0.00641329484812031
-0.004467179599769555
-0.0023040513999560974
 0.00043077758596887783
 0.0027479149771429956
 0.005821097489542071
 0.008254908510534842
 0.010474040052661338
 0.012133138171658175
 0.01356355597621034
 0.01571034986784925
 0.017252774357027434
 0.019047213886613845
 0.02087898897774232
 0.022223068296228776
 0.022267403378535222
 0.02331513167728222
 0.02384949600482711
 0.022246399434093955
 0.022164726996196205
 0.021973381346268972
 0.021016656684731294
 0.020470623200155302
 0.021093659486362326
 0.020169603441173856
 0.019079870841642865
 0.01902853354749795
 0.018403161994645256
 0.01970290533380059
 0.019565229553589913
 0.019495224478674078
 0.020706295859167223
 0.019698234800509307
 0.019588560691455092
 0.020430943401721247
 0.02004358605369866
 0.020213928656209246
 0.020307266663039558
 0.02035393521794243
 0.021179983620033982
 0.020442605382555323
 0.019912906206153935
 0.020237258000025182
 0.019896570103930034
 0.019593217769376836
 0.018165131643371746
 0.016340355175983146
 0.013467849512822816
 0.012060764640185073
 0.010817022849293423
 0.006924789661517994
 0.0055993763297532695
 0.0029765522344050166
 0.001147108821823617
-0.0006496659744085198
-0.0027077897014344265
-0.002927137022518178
-0.006186999136676419
-0.006691030114517715
-0.006712032264909684
-0.00779009750145887
-0.00834546487642035
-0.0080001118291817
-0.007692094343485056
-0.00860214955309535
-0.008525145854439642
-0.00958921025541054
-0.009869227864000019
-0.010982295189494728
-0.01215136585730242
-0.012263373438952951
-0.014545510535230788
-0.01567257869630373
-0.01596426366787501
-0.017707368594390593
-0.018106393305395097
-0.019329133842919344
-0.020288191977053394
-0.021030237159724796
-0.023865407261343063
-0.02416875959589626
-0.026138211364260033
-0.02772264015422221
-0.02745195823006752
-0.028266341063226508
-0.02690826090916182
-0.02714394253842012
-0.02620822092429903
-0.02426210567594833
-0.0240824291830522
-0.02212231309912316
-0.02181429561342657
-0.020694229664191988
-0.01821141571867535
-0.018050407006550195
-0.015975950765398927
-0.014319186118998461
-0.01354447411402715
-0.01178737014598269
-0.011703366029537865
-0.010389621854804243
-0.009647578466182138
-0.010902987620055704
-0.01012127519729522
-0.009752587424092851
-0.010088608374995311
-0.00929756206184934
-0.008567186036209096
-0.00693375611577246
-0.00514165005878231
-0.0029808553315651687
-0.0007453894812641249
-6.868332534054611e-05
 0.002190117250924273
 0.004857275531554406
 0.005741660748555255
 0.007370423723799258
 0.009204532287524103
 0.00987190455306225
 0.011019972173453296
 0.011019971276428675
 0.011752680774665292
 0.013738465057154314
 0.012688401491761703
 0.014788525931473118
 0.01646395835864456
 0.015602906073558132
 0.017348342678620787
 0.018512744607186438
 0.019117113112622486
 0.01845207252563147
 0.02057319821871023
 0.022047952002593574
 0.021186899717507146
 0.021945277414303854
 0.022157622523549192
 0.022869330768418406
 0.0215719191078102
 0.022246291791137462
 0.021730593450314306
 0.019217442566995535
 0.019471790182975623
 0.018510398576245146
 0.017161650518516702
 0.015824569823770118
 0.016613282664319717
 0.015726562180673143
 0.01603924661156253
 0.017836019613745424
 0.017215315006085474
 0.018454388057735083
 0.018326046167909893
 0.018375048195409138
 0.01691429345305473
 0.01634725871511139
 0.017014630980649537
 0.014286800618464435
 0.012837713239091886
 0.010952266484197615
 0.009682856494745873
 0.007421720651835384
 0.0037394999977335974
 0.003457148916547803
 0.0006126449245439924
-0.0017278289866431429
-0.0010207876869666177
-0.0024978767374955746
-0.0031489164889084154
-0.0034709366042325884
-0.0026612225103156417
-0.0028012317631226913
-0.002640223050997592
-0.0014968223757992338
-0.00210119267528458
-0.0010954668832723335
-0.002096527524141134
-0.002166532599056914
-0.0023252096326349947
-0.0028595757542291267
-0.0024698867276594094
-0.00226220856360676
-0.001683508256730859
-0.002873580177905899
-0.0019238577282065794
-0.0024465564868188516
-0.002665903807902603
-0.0020615353024664995
-0.0028315821562943655
-0.002357888116255258
-0.0014315003925196024
-0.0003534369500197698
 0.0003722721304276755
 0.0019053627292203723
 0.0030580972948042184
 0.004651858181102531
 0.005389234624531891
 0.006128944540557624
 0.006474297587796274
 0.0066633079710778365
 0.006982992819756395
 0.005167550242753283
 0.005620243029425043
 0.0035621193023990805
 0.0018843516085820244
 0.002019692122147032
-0.00025777802893806046
-0.0010418257183441026
-0.003099949445370065
-0.004355358599243575
-0.005811446396405184
-0.007878904013816634
-0.008221925382508155
-0.009766685138331954
-0.011771138995641306
-0.012431512637439635
-0.012440847424849799
-0.01416528457059435
-0.015103341451361052
-0.016237410030223165
-0.016778776569606413
-0.01698645652770825
-0.018678225057103592
-0.018433211331509047
-0.020498335476324125
-0.02116104259071877
-0.020918362337720597
-0.02339184418690099
-0.022502792024707396
-0.023522520446347173
-0.023338177008258354
-0.022148106881132557
-0.024091890450936182
-0.022449126640114003
-0.023653199396867275
-0.02462392489398324
-0.023503858944748657
-0.02481760491353152
-0.024766269413435904
-0.02523996524752431
-0.024756937317099714
-0.024367248290529997
-0.022780487822020745
-0.02120772818908967
-0.020183334616306448
-0.01741117006883952
-0.016323772735954145
-0.013693950016866019
-0.012051186206043785
-0.010998790962104044
-0.009043341823367856
-0.007115894355788022
-0.005769481564705248
-0.006345850193034075
-0.004684418601440921
-0.004565412396050517
-0.004980771415229568
-0.005270122914204534
-0.005036776551591848
-0.003646027781177952
-0.004381072546060183
-0.0023579527020291535
-0.0020172665999832473
-0.00228561684559081
-0.0015202387310049859
-0.0019846006747079037
-0.0008155318009495094
-0.0032656789241661266
-0.002654310000941018
-0.001443238620447873
-0.004084730496567102
-0.0026869813083641447
-0.004103400071387431
-0.004248076269387169
-0.003408027031717442
-0.004833779685126216
-0.0035830392704946923
-0.003940061474764445
-0.003942395844385493
-0.003991399665933926
-0.002840998572946507
-0.001944945992963798
-0.0027266602097735237
-0.0015669252264005618
 0.00021584694020410078
 0.0005775342956172991
 3.616775623405122e-05
 0.0026146540782019945
 0.0025283146951115
 0.0017302661701271704
 0.0033940312343167522
 0.004273749506124913
 0.0046307699163453675
 0.004656437217880838
 0.006236197268600974
 0.006119522741757644
 0.006189526022624237
 0.00681722925402406
 0.007703947943621281
 0.008100637387980114
 0.008193975394810427
 0.010485444587424453
 0.009433047549435358
 0.009279037461050132
 0.011600841797416994
 0.011565838811446738
 0.011386160524501365
 0.01280957791126447
 0.013761633833560216
 0.014008981031751078
 0.014555012722277827
 0.013815301012202852
 0.014060314737797397
 0.013523615143606893
 0.012991582494609133
 0.013059252302879354
 0.010100408153653262
 0.008718991479575555
 0.008417972617618785
 0.006198839281443047
 0.0038070289731357287
 0.002581954963015054
-7.587122127883372e-05
-0.0028340367272168265
-0.002943710836270985
-0.004850158844532659
-0.005722878492600947
-0.0060215638819614
-0.007673663377218365
-0.007491653411725918
-0.008322370553059455
-0.008117025861603178
-0.007907014224954212
-0.009591782336560495
-0.009335101247984035
-0.00940043937770707
-0.010259158190197182
-0.012030264787869172
-0.012576298272445163
-0.011600907624185697
-0.014016052658456846
-0.013808374494404252
-0.01272564410671162
-0.014944777442887358
-0.014494418128811914
-0.015119789681664608
-0.016053179617238567
-0.016069514822437847
-0.019215036779373806
-0.019630395798552858
-0.018951356170032907
-0.021529844286050093
-0.02194753677782557
-0.021487843573364585
-0.024106000723520205
-0.024470023345579073
-0.02304893943141234
-0.024652036002145494
-0.024852715542458215
-0.024505029022623193
-0.02425534835183596
-0.023860992380073442
-0.02422268152953594
-0.022554249520153613
-0.021926546288753845
-0.020566132662092784
-0.018636351721916633
-0.01678824232261361
-0.015434829113741666
-0.015530502387217593
-0.012842342853220112
-0.012366315340584633
-0.012833010756883922
-0.01054620850946264
-0.010000176818935946
-0.010186855523670435
-0.010074849736069147
-0.009729496688830497
-0.008728437842010994
-0.00953348678478444
-0.009764501468849995
-0.0086584363551937
-0.009722500756164598
-0.010723561397033399
-0.009764505056948591
-0.010100526007850996
-0.011978972344956207
-0.012872693246391786
-0.013999761407464839
-0.014184106639602956
-0.014788476939088246
-0.015220170266442012
-0.016552584015995853
-0.017322630869823663
-0.015938882517198882
-0.018484702016866916
-0.01625156963916219
-0.01595988646164015
-0.01813235034588845
-0.015462858592661943
-0.016130232652249332
-0.014580807745282032
-0.015416191831808368
-0.014664814552800776
-0.011523961335106858
-0.012128331634592204
-0.00868879392456251
-0.007398384475792663
-0.0059843009794149915
-0.0027034394059387012
-0.0024630926255369
 0.00029740455894816664
 0.0030485678530477456
 0.00355959745462886
 0.006849792918490694
 0.007682841738371304
 0.007916188100984045
 0.012783811039994264
 0.013357844401677477
 0.012417454048314347
 0.016102006380963263
 0.017784439225923876
 0.015229285835870354
 0.015686645567734914
 0.01806678671901113
 0.016405353333368622
 0.01345817654712439
 0.014783588084839872
 0.015889653198496223
 0.011439720060187508
 0.011423384854988283
 0.011304376855548637
 0.007244133640834316
 0.00745181180488691
 0.0062827411370792174
 0.0052513453524575815
 0.003753255048561166
 0.0024698442235311924
 0.005045997072902764
 0.0028641992982690323
 0.0022948310877292655
 0.004663304876023622
 0.004252612802037314
 0.006089054838358476
 0.006518412899066517
 0.008077171696419305
 0.01026130114960011
 0.010893671326192678
 0.01363783420250314
 0.013318147559775395
 0.01543693978025773
 0.01794775539693083
 0.016650343736322626
 0.017051700125874147
 0.017462390405811268
 0.019009481840182196
 0.017245375660299322
 0.01400184785431563
 0.01632598566327892
 0.016029633746514838
 0.012503755756370027
 0.014461538367702642
 0.01654066155404671
 0.014132516937564787
 0.013348469248158634
 0.01473921801857253
 0.015348253469201378
 0.013712488282118962
 0.012384741477757921
 0.01362381452940753
 0.012601752635171326
 0.009822585875866041
 0.009264885028308134
 0.00954023389765557
 0.007514778786978815
 0.004483596987265193
 0.006110026489912823
 0.00679606653622189
 0.0028081609719952105
 0.0026331496302425816
 0.004278246913661188
 0.0019004374409320457
-0.00047503855920066895
 0.0014407415453972505
 0.0031185074451650086
 0.00013632856997525256
-0.0005567136881722834
 0.0028828240218574663
 0.003130171220048328
 7.798816696735766e-05
 0.0012330562051475757
 0.0053446340229327816
 0.001268056500043857
-0.00011569364663016612
 0.006572037917551232
 0.0054146346127254
 0.0029551535991232947
 0.006518365356760758
 0.010006905991314319
 0.008695493495127826
 0.008417809359134776
 0.01451983930162648
 0.015301551724386908
 0.012597056088165581
 0.016139266592435753
 0.020267178718395562
 0.01626060537339785
 0.016598958002847386
 0.02324002011510129
 0.01997082411055756
 0.018927760962954066
 0.022434969378278602
 0.02397506039486036
 0.02005715900852484
 0.017572009796362587
 0.024119733004761612
 0.019494789421724945
 0.015709895973382737
 0.020311503036406386
 0.020127157804268214
 0.016444937150166428
 0.015399540529966504
 0.020194825818489137
 0.016832290910090475
 0.014771833710468196
 0.01952278301965965
 0.01833737804367741
 0.016440263925801224
 0.01677394961005796
 0.01785201305255779
 0.015693550003887835
 0.01393411076919765
 0.01719163761671022
 0.016678272748483436
 0.014412469960380314
 0.01648459272893521
 0.016932618570414226
 0.01544386215690341
 0.015453195150264276
 0.016486922613432986
 0.016043561923097416
 0.014666812194212508
 0.015768210362676116
 0.014888490296818713
 0.012506013878896882
 0.011577290888515668
 0.01040822022070792
 0.008105081871062791
 0.005710938090159101
 0.005638599542646838
 0.004187178690677973
 0.0017883679645815387
 0.0007896407963091101
-0.0011541427734945708
-0.0030419230009852694
-0.0032799381028399965
-0.005228388617836421
-0.0071091684275379485
-0.007001829585129404
-0.009752994673278226
-0.011234750668999982
-0.01210747031706827
-0.012592833514138535
-0.013145867416503698
-0.015094317931500123
-0.012014135001311876
-0.012184479397871761
-0.01279818358774265
-0.009678331623416025
-0.009160301604045795
-0.007939896333167162
-0.006110454714635116
-0.0024772387791063832
-0.0009978180500303524
-0.0004797880306600666
 0.002957416206773311
 0.004467172079602233
 0.006112269363020784
 0.0072766712915864895
 0.007510017654199175
 0.009418797341007923
 0.011605260266785156
 0.012123290286155441
 0.012414973463677481
 0.014648105841382097
 0.015901179728609993
 0.015273474703160927
 0.01708658201351837
 0.01934538258978319
 0.020458448121228656
 0.02120049150985076
 0.021205157558018828
 0.023442956880916244
 0.022852587417009185
 0.022859586937773624
 0.02611011336749708
 0.02566208573196882
 0.025428737575306837
 0.026826486763509794
 0.027199841481904907
 0.02628978627229467
 0.02718817232487375
 0.027136835030728945
 0.026084437992739906
 0.026562798977971758
 0.024707687366830322
 0.024406668504873552
 0.02400764379386905
 0.022136197874552954
 0.022607558441995745
 0.02185384589634254
 0.0194340339168787
 0.01783327081874192
 0.016468188452838872
 0.014428732506583941
 0.012921308312302038
 0.011924914616625981
 0.010790846037763924
 0.008795726070840004
 0.007586986368893989
 0.00863238119504467
 0.007542648595513679
 0.006749267015722038
 0.007824996985625554
 0.006753932166865539
 0.004196445304215646
 0.0029503700407276234
 0.0035290703476036356
 0.0015316169080833442
-0.0010468712079338416
-0.0005708436952983065
-0.0010095374404411328
-0.0039847158978418284
-0.005184121709402356
-0.004194730225564713
-0.0057534908169668
-0.0072399137578812445
-0.006539872875993835
-0.00776494688611451
-0.009706396983321819
-0.011293159245880313
-0.012569569653121171
-0.012555569714567616
-0.01560075234985947
-0.016835160250365633
-0.01632179717618809
-0.020550050417841303
-0.022556837747747027
-0.02207847676251512
-0.02435127996840747
-0.0283181842792668
-0.02796116386904629
-0.029081231612330116
-0.03242509873995786
-0.032152083343206794
-0.03401886231733009
-0.033650174544127776
-0.03533260918313763
-0.0369380392264671
-0.03360584125587063
-0.034870584300129626
-0.03580864118089633
-0.03404920374025544
-0.033680515967053126
-0.03350550641934974
-0.03309948308460536
-0.03336316638502024
-0.03171806910160163
-0.03259312222226629
-0.03245078129091211
-0.028299534438988583
-0.030273653152545044
-0.029482606839399128
-0.0272541414068872
-0.028514217505953454
-0.026052404813804164
-0.02542936852759714
-0.025205356055369943
-0.02346458639550003
-0.02468966040562065
-0.02345525429916384
-0.02185682646767273
-0.02308190047779335
-0.021915165076631327
-0.021630482316898403
-0.02104244811963696
-0.02041941183342988
-0.019182672254376643
-0.017544575388747152
-0.019472024650376174
-0.015990484433611785
-0.014546065793481333
-0.016319505863749695
-0.013766687740341843
-0.01233860340838605
-0.010313150091758538
-0.011218538356176033
-0.011267542177724577
-0.008959738676935947
-0.00903907764223727
-0.009015743813298116
-0.009641115366150865
-0.008742729313571729
-0.00895040927167362
-0.008318039095081109
-0.007739338788205097
-0.008633059689640732
-0.006717279585042812
-0.0075573306167618925
-0.00614791406557702
-0.00394044988643244
-0.004834170787868131
-0.0029370584640411868
-0.0013642988311101667
-0.00013455966984604606
 0.0020589036737203026
 0.0031393005888165626
 0.00329797582834529
 0.004856734625698023
 0.0065181662172912325
 0.0061681444308106514
 0.007024527976654982
 0.010338058166480535
 0.01063674176179169
 0.009715019189199592
 0.012718197523707453
 0.015180010215856743
 0.014587307279353312
 0.014064608520740984
 0.017616152915396643
 0.019436260643543257
 0.016356075919305768
 0.01808051127100102
 0.022586445957573364
 0.021548049755162613
 0.019765275794508652
 0.023790515126228096
 0.026607015653026145
 0.022115080007982735
 0.022665778643702228
 0.028392119498177826
 0.025388939369620722
 0.022607439137718954
 0.02765940641184267
 0.02813543392447826
 0.023419484910182975
 0.0244065429214243
 0.028422448362758257
 0.026604672313158773
 0.021709045908942737
 0.024313200429470827
 0.026529998499000895
 0.020437300652845325
 0.01978859437402891
 0.024231525300499213
 0.02197038945758878
 0.01765813120246612
 0.02046296436628231
 0.0227824352300528
 0.018208828044136316
 0.0160970344473938
 0.020745310962344943
 0.01903020770698588
 0.01386856542678333
 0.017352439116144147
 0.018136485011500947
 0.013861562317920295
 0.011637762036551813
 0.01342520114834922
 0.012008782385325878
 0.005897416758399443
 0.007066485632157837
 0.007516844946233281
 0.0020191826121529477
-0.0002279523951791984
 0.0012211331901440525
-0.0006176441128228904
-0.0062296466041254495
-0.006215646665571839
-0.005611278160135735
-0.009974872812378632
-0.01152896645858792
-0.009960873770849643
-0.011458964074746003
-0.01581555830919973
-0.015668550432652806
-0.013458752780911853
-0.017441991399945844
-0.020634182808809243
-0.017925022021444414
-0.019558453735930403
-0.023329346348694435
-0.02329434515677342
-0.023243009656677915
-0.0250607857062774
-0.027730279253553147
-0.0268412270913595
-0.02704890704946139
-0.03101814483291715
-0.03194453435070199
-0.03067745962789592
-0.03283125573137313
-0.03568509361376243
-0.03369230891348418
-0.033545301036937314
-0.036781828425131835
-0.03716685230055805
-0.035503087236368525
-0.036018785577191625
-0.039311316307699073
-0.03805124200268206
-0.03637114263031793
-0.038620611110246506
-0.03845493545292861
-0.03634781059542813
-0.036235804807826844
-0.03815625365166675
-0.03661616263508494
-0.033956004772243975
-0.0348543926188723
-0.03568744323280226
-0.03359198573828365
-0.032205903913062495
-0.03337497458087013
-0.03243691949415273
-0.028502685593691846
-0.02878503667487764
-0.030796490949976107
-0.02582386174412915
-0.023014361635120217
-0.024316440240921167
-0.02209497522619841
-0.01816074132573753
-0.0175167037861631
-0.017474702176453027
-0.012523074223973418
-0.010189602524624641
-0.010742636426989749
-0.00854217266563434
-0.004297586909855822
-0.0033058619534217515
-0.005433989858338872
-0.00011600670822864423
 0.0029571758041704865
-0.000258350330656687
 0.001400747788340151
 0.005022296360886969
 0.004553267471991307
 0.0006306991404629869
 0.004280249384166324
 0.006455044946961697
 0.0019094394322017316
 0.0032558522232845055
 0.0050409578624854845
 0.005460982032808093
 0.0031741779913375123
 0.0046092627410825315
 0.00877684390118072
 0.004476253009039977
 0.005404974205371893
 0.010214260329472813
 0.00906852438762884
 0.007584434919310712
 0.009108191627717921
 0.01172868045642056
 0.010435935741005098
 0.009425541209750754
 0.012239708263952431
 0.01287441191314137
 0.011675006101580787
 0.01374246192494294
 0.0162696118497907
 0.01434449606075805
 0.014022475945433821
 0.018701087604137856
 0.01937546028746512
 0.016416616138239026
 0.019534134629969224
 0.02325368905156372
 0.020733537750455833
 0.020593528497648783
 0.02341936291483232
 0.023986395858726417
 0.022044945761519108
 0.022842992492454195
 0.025909174587064154
 0.023970057962453217
 0.023825381764453424
 0.025864835916659168
 0.02760560557652908
 0.026151851251963787
 0.02498744752934884
 0.029731396420751288
 0.02693822882586766
 0.02549847533688071
 0.02891934526613943
 0.02828930676809399
 0.027201907641159317
 0.02642486036954239
 0.029397703560297417
 0.0279042802015938
 0.027302243374704827
 0.03041276144864591
 0.02831263521488525
 0.028587984084232687
 0.02893333713147128
 0.030186411018699177
 0.029332359151401866
 0.027577586861904424
 0.03168216426190057
 0.03128780649608881
 0.028072280361261692
 0.02790660290989455
 0.028905328284117737
 0.026842537611898976
 0.02407270474297918
 0.024056369537779954
 0.022952636102670676
 0.021029853786234398
 0.019466426249639623
 0.020675164157536396
 0.019958787173425085
 0.015497186672134622
 0.015882208753511595
 0.016610251306555412
 0.013777414677533517
 0.012435667037594189
 0.012477668647304319
 0.011082251137648325
 0.007918061399941445
 0.00782472159906189
 0.007358026182762545
 0.004044494198887694
 0.003948820925411767
 0.0030644339143616195
 0.0018603611576083479
-0.0014905063878084546
-0.005116723699597314
-0.003910319264296913
-0.006540143777434337
-0.009638996282442802
-0.011237425907983267
-0.011158088736731187
-0.013360887764732265
-0.017124779959707126
-0.014462288624269792
-0.015302339655988817
-0.018935557385566792
-0.019801276615845964
-0.01848053202332328
-0.019458257938228307
-0.022753122141332127
-0.021829067890192955
-0.021045021994836155
-0.0237728523570212
-0.025303611277266824
-0.02312881571447145
-0.02464790727173516
-0.028297459309487794
-0.027093388346783764
-0.02775609546117841
-0.031057960082071345
-0.03196568181908527
-0.031027626732367808
-0.032007686119869205
-0.033398436684332455
-0.030411592657999142
-0.030416260500216508
-0.03166233576370453
-0.02867082479217853
-0.025994332621162908
-0.025455301348425274
-0.02625334987340966
-0.022718139786928604
-0.01985963675339586
-0.02080702752454805
-0.01888658047475744
-0.01581106448976194
-0.01523003071028961
-0.014091296980284107
-0.009650699526410178
-0.00900432851423938
-0.00860063865209143
-0.005387447783909982
-0.004099371807736507
-0.0025172782844199437
-0.0033269941723861884
-0.0015302211702032942
 0.0003902258795873692
-0.0014298836426085426
 0.0010669311384863267
 0.0014729544732306477
 0.001076263234822572
 0.0014822865695668375
 0.0014356162206147771
 0.003624412618988382
 0.0012746048174157032
 0.0015032842348357
 0.003934761783232099
 0.002667685266376729
 0.002784357999170761
 0.0025346755343341743
 0.0027563545339649997
 0.0019419717008060111
 0.002747018849530214
 0.004921814412325587
 0.0030947044723406147
 0.0021963166257121802
 0.0037014055533484136
 0.003519393793806669
 0.001129916958095667
 0.0010529114653907157
 0.001808955689591052
 0.0005442126453319984
-0.00047551577630777775
 7.984980460445934e-05
-0.0006505280150850279
-0.0028929960772244856
-0.0022582924280355465
-0.0013412385946854344
-0.0027763251384797516
-0.004477427558260583
-0.003504370382597488
-0.0029373374387033913
-0.005184472446035593
-0.005872847758990385
-0.0051751403496993476
-0.0037960589422673663
-0.005053801568737248
-0.0035883816752393938
 0.00050219488917852
-0.00044986282716652504
 0.002289633103951194
 0.005572828150023912
 0.007196924180075115
 0.008765016867813391
 0.010552455979610798
 0.014230007894470542
 0.01517739687157349
 0.016591480367951106
 0.018735940786993643
 0.021181419170968274
 0.022154476346631313
 0.022782179578031136
 0.02454161701867197
 0.026254385007385417
 0.028144496913423245
 0.026800415800887545
 0.028065157051097245
 0.030340291935536667
 0.029297228787933116
 0.030344957086680113
 0.030865320578646716
 0.03152102548120306
 0.03148135555004006
 0.030137274437504302
 0.03274842937582151
 0.031061327791618965
 0.02837083299097576
 0.030967987093714733
 0.029255217310952042
 0.026380378175195396
 0.0274607750902916
 0.026392043744128013
 0.02232946705681732
 0.02165509257944076
 0.022119452729094435
 0.019207278031795838
 0.01626476819074435
 0.014418990469988402
 0.01402229923158027
 0.010146400351979501
 0.007259893853240995
 0.009164006594857
 0.005162100195052088
 0.004263712348423654
 0.004406053279777777
 0.0028706274143395216
 0.0028426248461583814
 0.00023846853158104864
 0.00266061218959196
 0.0003388060591758557
-0.002666707541977731
-0.000928271354704191
-0.003261744848102155
-0.005156525493381969
-0.006003576942890165
-0.006379266927930893
-0.008379053840047501
-0.01053985036131394
-0.010959876325685736
-0.011867598062699602
-0.014373748528229313
-0.014756438931059157
-0.012992334545225526
-0.015388811798725588
-0.015295473791895331
-0.01354303676904356
-0.01550548811961816
-0.01461876943002094
-0.013097346194210158
-0.013725051219659223
-0.01375538726043668
-0.013988735417098719
-0.014026071875665291
-0.013739055643335996
-0.014266421347141067
-0.013333033205616296
-0.012929343343468347
-0.01332370110928005
-0.011314582100827253
-0.010024172652057406
-0.008575087066734155
-0.007371016104030181
-0.007027996529387959
-0.005140218095946503
-0.003436783997618542
-0.0029187539782483674
-0.002435726047823661
-0.0002959325739739227
 0.0008661358819953557
-0.0007672958324906332
-0.0005922862847872468
 0.0014541682852075022
 0.0014775021141466005
 0.0014564999637546316
 0.0020468676336125036
 0.0029615879943661882
 0.004186660210437565
 0.003964979416757497
 0.005164383434268727
 0.006613469019591922
 0.007560857996694925
 0.01005300583259705
 0.011847445362183517
 0.012300138148855333
 0.011996785814302136
 0.014120244979977215
 0.014908957820526814
 0.012582484744917966
 0.013588210536930267
 0.014071238467354863
 0.013084178662064294
 0.012731823402987286
 0.012521809972289022
 0.012587146307962871
 0.01192910613876097
 0.011863768009037823
 0.011870767529802317
 0.012640812589580885
 0.012022441454517363
 0.010407677520802294
 0.011523076524844134
 0.010753029671016323
 0.009982982817188402
 0.010827699000050983
 0.008207208377299047
 0.007656507947530311
 0.008484889822218178
 0.0058597322542734975
 0.0033045788642200313
 0.003040895563805157
 0.0027982135167577415
-0.000886340609940417
-0.0012760314305594322
-0.002344762776723075
-0.004855580187445474
-0.006559016079822622
-0.010441915377212618
-0.00956453057800083
-0.01278239018542432
-0.017190320816998284
-0.015190535698930974
-0.016128592579697676
-0.020235505246339436
-0.020375514499146485
-0.02016783633509389
-0.024020400488730942
-0.024309751987705908
-0.02356537512648743
-0.0266805619396705
-0.029072372247977818
-0.028390999146861495
-0.02760695325150464
-0.028598680001987953
-0.030696472763152294
-0.030407123058226626
-0.030845816803369452
-0.03430635756081579
-0.03250725108603658
-0.030927491035316446
-0.033891002129735226
-0.03377666286953762
-0.03294594752225333
-0.03272893546781519
-0.0328969463917787
-0.03236258206423387
-0.03054947475387637
-0.03067548317110519
-0.029506414297346795
-0.0292987361332942
-0.029002386010579417
-0.028962717873465715
-0.02752063270593158
-0.025861534586934742
-0.027611639931239385
-0.02375674409905526
-0.022632011204627933
-0.024683134513864724
-0.021724292158687986
-0.018499433927524622
-0.017757390538902518
-0.016154295762218607
-0.013146450482518002
-0.012287733464077244
-0.011151333206668057
-0.009062876129938557
-0.00553699993384299
-0.005212648139971743
-0.005917357761101083
-0.0032968689323985
-0.002909513378425155
-0.002314478763374539
-0.0033388741302071145
-0.0014020927722418475
 0.0003200091068570887
-0.003945579696338075
-0.0023891543715817143
-0.001637777092574122
-0.0007533918755732172
-7.90191922460104e-05
-0.001444101558149058
 0.0016104131734790972
 0.001395732797588034
 0.0016034109616406833
 0.002042102912734267
 0.0023454534532381666
 0.00419589632513756
 0.004531915481990723
 0.006179346238005701
 0.007122068269915849
 0.0069727251267233115
 0.007427751385991499
 0.008363473000112642
 0.00822579721990191
 0.009044845204204344
 0.009513872299050763
 0.008081119227852873
 0.009275856300171414
 0.008580480569427507
 0.007663424942028152
 0.008057780913790558
 0.0062540056997693605
 0.005777976393084527
 0.005922650797035023
 0.005591296791325362
 0.00455290058891461
 0.0041795440764701985
 0.0031154796754992997
 0.0029054662448010915
 0.003512168222833567
 0.002123751130966689
 0.002639447677740603
 0.0025087723153190966
 0.003495830326560312
 0.004475887920012522
 0.003906519709472811
 0.0063146625319054905
 0.007831418822523528
 0.009121828271293375
 0.009754198447885942
 0.011109945129354204
 0.013924112183555826
 0.013105062405204149
 0.01436513671022116
 0.015965898014308644
 0.015776885836977783
 0.01690161873140511
 0.018257365412873372
 0.020177812462664035
 0.020000467648315035
 0.020117140381109067
 0.020401823140841935
 0.01976245075241101
 0.019274754082744372
 0.017804665450004475
 0.01873805359152919
 0.01776032767662411
 0.016334575023215336
 0.018472035024468703
 0.016929608741241275
 0.015429184964748599
 0.016077889449515714
 0.016259899415008217
 0.015321842534241514
 0.014605465550130203
 0.015200500165180764
 0.0141714378531555
 0.013065370945449906
 0.013396723157110269
 0.013828414690414681
 0.01307003519956873
 0.014486452168542663
 0.014740799784522751
 0.01436044285428928
 0.016334559773796553
 0.017582966715831594
 0.01827834065252626
 0.01963642080659095
 0.022457588278581686
 0.023708328693213154
 0.02420069051402335
 0.026230810775843494
 0.02868795652280004
 0.027033523554946703
 0.027896907518580205
 0.03053839760065019
 0.027871237525970816
 0.028554944099683566
 0.029208315529643425
 0.027602885486313955
 0.028146583704244332
 0.028937630017390248
 0.02877661951121585
 0.027311197823668754
 0.027693886432449355
 0.02910330298363417
 0.027768555761484015
 0.025876108588800573
 0.026398805553363602
 0.025050057495635103
 0.021059818458811996
 0.020957144767546954
 0.020805468151758044
 0.017746284680887903
 0.014817775675414702
 0.014666099059625792
 0.013006999146579656
 0.008344720002001038
 0.008321384379012697
 0.007369326662667708
 0.003754776713860708
 0.003015065003785733
 0.0032087423322600395
 0.00016355969696818518
-0.002382259802699793
-0.0014745398597351689
-0.0025806067674408184
-0.006013145853730639
-0.006813527851311341
-0.00622316018145358
-0.009711702610056383
-0.010710429778328812
-0.00905833207712109
-0.011557482124861629
-0.011935505582498729
-0.011380140001586492
-0.011604154267863043
-0.01145714639131612
-0.011697494965767219
-0.009126009061588336
-0.009364024163443119
-0.010493425797112432
-0.009058341047367469
-0.009217018080945494
-0.009658045298684692
-0.009317359196638841
-0.00870832374601005
-0.008043284953068275
-0.008831999587667061
-0.00893000633373936
-0.008290635739357732
-0.008799333662391773
-0.007478589069869035
-0.008311639683799055
-0.008437648101027817
-0.008365311347564852
-0.010775789436643146
-0.010302095396604039
-0.011881857241373472
-0.013442951305371875
-0.012014866973416027
-0.013526958112890619
-0.01478936768455319
-0.014075325967087604
-0.014469683732899363
-0.014738033978506926
-0.01534707122318496
-0.014189669712408481
-0.013923654733446533
-0.014840710360845888
-0.014012328486157966
-0.014385684998602377
-0.01439968673120523
-0.014313349142164034
-0.014621368421909975
-0.015543090994502129
-0.01483138274963286
-0.013937663642246523
-0.015953784862537734
-0.014143011024776608
-0.012922605753897976
-0.014126678510651303
-0.013193290369126587
-0.012042889276139113
-0.010764147190351181
-0.011296179839348941
-0.008867035763548914
-0.006463559886308923
-0.007823975307019282
-0.006570901419791442
-0.0042514305560208965
-0.005140484512263843
-0.00549050629874448
-0.002041634698329242
-0.001651945671759525
-0.0025129979568459526
-0.0017569537326456164
-0.0009122375497830904
-0.0026156734421602934
-0.003924752465750414
-0.0012925962740658603
-0.0031383739948218636
-0.004739137092958645
-0.0038197497870121055
-0.005070491995692872
-0.006188226266380381
-0.006575583614403024
-0.004860482153093204
-0.005390181329494648
-0.007182289180533985
-0.005014494035527783
-0.004258449811327392
-0.005446188259906115
-0.004354123981827995
-0.002907371869101172
-0.003308730052702047
-0.003833762283910691
-0.0028210360741092733
-0.002492017335045227
-0.00424912309713904
-0.003507079708516936
-0.0023543451429330897
-0.0038431015564440174
-0.0051545140526304545
-0.004085784500516054
-0.004566480752393631
-0.007599996024703681
-0.0045291469849009225
-0.004750827778581046
-0.007894016262920633
-0.006281587595851235
-0.006701613560223085
-0.006526604012519754
-0.005896567308523559
-0.005443874521851744
-0.003845446690360632
-0.004746168009585439
-0.003997124203174163
-0.001385969264857012
-0.0025037035355445214
-0.0006742619170124198
 0.0006604835110884943
-0.00032657629420201895
 0.0010805067843864258
 0.0012251811883369768
 0.001248515017276075
 0.0016615387698094564
 0.0023009093641911393
 0.0017035394824949646
 0.0013395168604360963
 0.0018225447908606918
 0.001852879037588906
 0.00010277369328426378
-0.0005412656403394611
 0.002653257447071067
 0.001985883387483678
 0.0006721374187008133
 0.002310234284330248
 0.002541247174346617
 0.002373236250383104
 0.0026789202634833753
 0.004114005013228339
 0.004200342602269536
 0.0020582138617741275
 0.0029846015855097274
 0.004258676726104971
 0.0028655926890454597
 0.003931988768563377
 0.00536007310051928
 0.004018325460579952
 0.004039325816922623
 0.005045051608934925
 0.004867706794585924
 0.003941317276801082
 0.003500290059061828
 0.004263334701051336
 0.002025533584104622
 7.008265131908109e-05
 0.0010851423337168709
-0.0008609747086831265
-0.0030707741544733214
-0.0025527441351031466
-0.0020043789719800253
-0.004081170479776908
-0.004517530752323418
-0.0030987803107530576
-0.00460620450503485
-0.005957286035359721
-0.004893223428438065
-0.004452198004748109
-0.006412315882726394
-0.005303917296473726
-0.005196578454065182
-0.006963018106544427
-0.006370316964090239
-0.006398319532271379
-0.006099635936960168
-0.007719066815867925
-0.007506721706622643
-0.005784619827523707
-0.007593061986737704
-0.007226707686131761
-0.005009909616601638
-0.004993576205451655
-0.005744955278508546
-0.003201471045486237
-0.0012600227423282262
-0.0022587499106005993
 0.00013539207625379301
 0.0007234262735152375
 0.0007257588490869882
 0.001843491325725144
 0.0012741231151854326
 0.0035305902188538796
 0.0031945692679514748
 0.002835213591085295
 0.004375304607667108
 0.0038759405750186104
 0.004725323703073825
 0.005959729809530689
 0.006372753562064182
 0.0065290953289965925
 0.007940845352777781
 0.008822897097182314
 0.009343260589148916
 0.00936192747289527
 0.0108460151471641
 0.012157425849301295
 0.010341983272298183
 0.013702182914051175
 0.012880799663103126
 0.012682453595386778
 0.014325217406208957
 0.011483046886801573
 0.014327549084756086
 0.011396706606686458
 0.011014016203856614
 0.011700056250165736
 0.0077168176311318
 0.008799548018824321
 0.005997046533555317
 0.005229333152323823
 0.004027593868166868
 0.001155088205006649
 0.0016661178065877635
-0.00036867119447442365
-0.0012133891713862477
-0.002079108401665364
-0.0034768593839176742
-0.0038642167319403176
-0.0048162744482852515
-0.0052736359741990535
-0.0053903105010423835
-0.005362309726910541
-0.006377371203357574
-0.00698174150284292
-0.007530108460015339
-0.007124085125271018
-0.00725009354249978
-0.008568506456475333
-0.007621117479372441
-0.008706183133710688
-0.009513565549080505
-0.008750520907091053
-0.009935925883073349
-0.009585905890641955
-0.009730582088641804
-0.010339619333319894
-0.010061936991376086
-0.010974325673582697
-0.009436568129597311
-0.010619639632983235
-0.010766649303579345
-0.008265167577291788
-0.010183282948535322
-0.010043275489777514
-0.009242895286246111
-0.008778535136592491
-0.008944212587959577
-0.009742261112943906
-0.008307176363198943
-0.008272175171277985
-0.009240567195797578
-0.007933823438853072
-0.008855546011445226
-0.009305907119569912
-0.006837094009631506
-0.008267513608233079
-0.007966496540325552
-0.00703777534399358
-0.0069607716453379265
-0.005616692326851469
-0.005945712859964758
-0.004652969938598539
-0.004057935323547979
-0.004242280555686095
-0.00362391121467176
-0.0030732125789523224
-0.002471177546112646
-0.002851534476346118
-0.0023615061281323513
-0.0014631200755532703
-0.0009450900561829845
-0.0009404240080148618
-5.370531841764059e-05
 0.0007210066865536713
 0.0006346673034632322
 0.0016333926776864183
 0.0018224030609679809
 0.002177089998592119
 0.0017313958356601766
 0.001437377391492467
 0.0032294834484826174
 0.00258777758745532
 0.0014910445701352137
 0.002552773704460387
 0.002184084137208775
 0.001850396658902742
 0.0017873920017760225
 0.0015447099547285514
 0.0012553584557536412
 0.0006486546836718676
 5.128480197569285e-05
-0.001092117667271908
-0.0006394248806000924
-0.0012601294882600977
-0.0015004780627111414
-0.001355803658760646
-0.0030195705169995257
-0.003710279302550634
-0.004566664642444318
-0.006942140642577033
-0.008470566090226228
-0.008675912575731748
-0.009914987421430599
-0.011294070622911934
-0.01125206901320186
-0.011051391266938326
-0.013004508727127495
-0.012596151919786802
-0.010979056307524715
-0.010724708691544627
-0.0105660334520159
-0.009973332309561711
-0.008206894451131652
-0.008981608250152318
-0.008297901676439512
-0.006895485543043756
-0.007196504405000526
-0.006344787804348939
-0.00581042347680405
-0.004858367554508358
-0.004524681870251623
-0.004041653939826972
-0.0019858654794466246
-0.0013604957206432289
-0.0012204882618854773
 0.0006649566989596067
 0.0020393711611988996
 0.0007139578294341198
 0.0011993192324551427
 0.003206104768311624
 0.0018340219846194605
 0.0012599868288869498
 0.002219043168971757
 0.0017663485882507546
 0.001234315939252939
 0.0013183200556977637
 0.0023030445943426625
 0.0018480165410252325
 0.0010079655093061524
 0.0022470385609558163
 0.0027627351077296747
 0.0034674429348097724
 0.0043331603710397015
 0.005474227573641632
 0.006687632426731094
 0.007469344849491577
 0.00965580777526881
 0.010596196334582642
 0.011114226353952872
 0.01390039173699803
 0.015648161814657058
 0.016532547031657907
 0.018784347190133555
 0.02039444238460658
 0.022660243378660516
 0.024312341079868183
 0.02578242791855878
 0.027691207605367585
 0.02855459156900103
 0.029819332819210786
 0.030608045659760386
 0.0318797873277592
 0.03169544209562103
 0.03125674835047826
 0.03179111267802315
 0.03163476911704144
 0.03181911255513031
 0.03119374100227762
 0.03069671044222544
 0.02921028750131094
 0.02859658331144016
 0.02815322262110459
 0.025465061293057756
 0.02453633830267654
 0.023175922881966238
 0.02225186683677771
 0.019549704673152757
 0.01731890397399516
 0.017225564173115604
 0.014502400756123246
 0.013244658129653364
 0.012229596653206332
 0.010682503424786105
 0.009081740326649324
 0.008976733162787909
 0.007933670015184413
 0.00681126879930416
 0.0068696047171888375
 0.006846269094200497
 0.007329297024625092
 0.005275840242791929
 0.005476517989055407
 0.0062278952680629995
 0.006003881001786504
 0.00563285796193852
 0.005385508969698305
 0.005173162066403669
 0.004179101843323985
 0.004986482464644559
 0.003845413467993275
 0.0023589905270788303
 0.002935357361358415
 0.0021559766171451167
 0.0011432486132944009
 0.000289196745997089
-0.0010175488049966042
-0.0011995605645384044
-0.0012018949341593976
-0.001841267322590323
-0.0033416910990829995
-0.003878390693273559
-0.0038783915902981803
-0.004585434684023948
-0.005488489475845126
-0.006186198679185351
-0.005572496283363815
-0.0068512401632010445
-0.007469611298264622
-0.007716960290504837
-0.0075046151812595
-0.007303937434996077
-0.009107712649017274
-0.0075279525982971385
-0.008785695224767076
-0.009408733305023398
-0.00801098411682033
-0.009749422098143112
-0.008634023094101329
-0.008846369997395909
-0.010699148135941028
-0.010302458691582195
-0.009947771753958057
-0.01079248973086988
-0.011807551207316913
-0.011168180612935286
-0.010899832161376966
-0.012199577294581543
-0.012778279395506797
-0.01237692300595522
-0.012024569540927454
-0.012187913519698224
-0.01154154250752748
-0.011275527528565532
-0.011165855213560616
-0.011102852350483194
-0.010927842802779808
-0.011044517329623083
-0.011938238231058718
-0.009777443503841687
-0.010064461530220226
-0.010806506712891573
-0.009014400655901478
-0.008858058888969123
-0.009320087360075668
-0.009380758544606016
-0.008361031917015482
-0.007758996884175806
-0.007632990260996231
-0.007355307919052478
-0.0054581955952255345
-0.0053438563350278745
-0.006092901935488393
-0.004475806323226306
-0.0057452163126780476
-0.00495883694472482
-0.002690702478074569
-0.003915776488195244
-0.0037407669404918575
-0.0035354222490356357
-0.0024363575531684
-0.003568092659434141
-0.00489350599119881
-0.003173737584696301
-0.004461815354919019
-0.004580823354358721
-0.004725499552358514
-0.00598790912402114
-0.006305262294152569
-0.00613258621904561
-0.006827961949789463
-0.005770899760656978
-0.005182865563395478
-0.006713624483641101
-0.003920458682806827
-0.0037781177514526476
-0.0026650522200072357
-0.0007959415673367554
-0.0013069729629671678
 0.0017312074604863281
 0.001976221186080873
 0.0036003172161321317
 0.00566310609430154
 0.004622376419294361
 0.006545156941681396
 0.0063211426754049005
 0.006890509091895425
 0.008619611388783366
 0.007305865420000557
 0.008500602492319098
 0.009065301963616768
 0.007487873591443761
 0.007966234576675668
 0.008864620629254805
 0.007039844161866149
 0.006666487649421793
 0.007329192969767195
 0.005264068824952117
 0.005266401400523868
 0.0042630072870586955
 0.0027229144764275848
 0.0029422600034620383
 0.0007021254139190081
 0.0017311859318950296
 0.0021512101022175822
 0.00039877128531656814
 0.0014184979129071018
 0.0007277891273558823
 0.0016611772688805981
 0.0004781057654946741
-0.00011459717100875677
 0.002386884555278801
 0.00026342359555442396
 0.0009354628062853143
 0.0011664756963016276
-0.0012230011394093188
-0.001666361829744889
-0.002049052232574733
-0.0019720485339190796
-0.003789824583518564
-0.004954228306133512
-0.005154907846446288
-0.0063799818565669075
-0.007245701086846079
-0.007364709086285781
-0.007938744242018236
-0.009754186819021349
-0.0096935174285403
-0.009849860989521952
-0.011004930821751413
-0.011301282738515439
-0.010997932198011595
-0.01256135973460637
-0.01348541577979484
-0.010860260005899403
-0.011632640332323696
-0.01174931485916697
-0.009957208802176876
-0.008004093136037005
-0.0066086774204303644
-0.006923697117965366
-0.005581951272075336
-0.00495658151327194
-0.0029194608336626238
-0.003264815674950461
-0.0026301120257615773
-0.0005323210586465899
-0.001269699296125193
-0.0008496751258025848
-0.0007050007218520893
 6.737781052285063e-05
-8.429880526605871e-05
 0.0010451010343540124
 0.0015397963277605231
 0.002701864783729857
 0.0019014827861491002
 0.0008397518577745733
 0.003397236926375169
 0.0010380952344171135
 0.0016634649932204537
 0.0009354206461273384
-9.13081933015536e-05
 0.0022514973964326557
-0.0008053526018411139
-0.0005113359517226468
 0.0011244274413104716
-0.0004109984241278952
-0.0009686992716857468
-0.001416726907214061
 6.269382186196992e-05
 0.00020970169840889286
-0.0018227538300569779
-0.0022194450684650535
-0.0012090523312600632
-0.0010620444547131402
-0.0014727365286995031
-0.0005626831131385623
-0.00018932839474344876
 0.002074139126714114
 0.001563107731083646
 0.0019691310658280226
 0.004412275977206281
 0.0031685341863146865
 0.005025977476003196
 0.005579009584319061
 0.006979092245118446
 0.007457453230350353
 0.006120372535603769
 0.008068821256550895
 0.006484392466588773
 0.0063233819604143204
 0.007275437882710067
 0.006115701105287863
 0.006794740733807814
 0.005189310690478344
 0.004626942897727748
 0.007585785252904542
 0.005975688264382273
 0.004589604645111822
 0.00584501200493609
 0.004755279405405044
 0.005464654177677941
 0.0048322822070361315
 0.005522989198538053
 0.006237030916003583
 0.002522141645552589
 0.004064566134730774
 0.004111234689633536
 0.0034391936848534033
 0.004531257962931523
 0.0031148391999081815
 0.004174234861637094
 0.0038825498900658117
 0.0034321887819411256
 0.003702870706095762
 0.002531466565691698
 0.0024124585662520515
 0.0025431321346242597
 0.0018804250202296147
 0.0011827158168893348
 0.0005480103736511532
-0.00039237997971197647
-0.0024248355081777917
-0.0015731189075261498
 0.0005946762374800518
-0.002291830261258454
-0.0019021412346887367
 0.0006063409093880479
-0.0007424071483404515
-0.00047172522418575946
 0.000298319835592864
 0.000884020560257881
 0.0019830852561251167
 0.002680792665416154
 0.0020600880577561487
 0.002321436091525353
 0.007224061119481151
 0.005536959535278607
 0.004297884689579645
 0.009223844443499218
 0.006545017005837983
 0.007984768700775635
 0.00884581919181282
 0.007515738914855352
 0.009697534895439841
 0.0060689841110546094
 0.006657018308316054
 0.006605681014171194
 0.004629228828018306
 0.004988582710835188
 0.003259478619897893
 0.0024217610607752404
 0.0013903652761534935
 0.0013086928382558538
-0.0010224471825457937
-0.001848497378686642
 0.0005036421014331105
-0.0012744649140280506
-0.003768948016575846
-0.0024552038418422795
-0.0014424776320408617
-0.005229704552979442
-0.005873743886603167
-0.0024015375602242095
-0.004555333663701477
-0.007255162354730116
-0.005437388099179874
-0.006718465451613476
-0.008354230638695836
-0.00749084667506239
-0.008741588883743101
-0.00876725797932787
-0.00931095799130749
-0.010706375500963428
-0.010076338796967232
-0.011677101895103958
-0.012349142899884202
-0.01342954160902965
-0.014971967892257076
-0.014295261736333498
-0.016612400921556858
-0.017485120569625145
-0.018955209202364987
-0.020861657210626716
-0.0201289477123901
-0.023213799381820277
-0.023491483517813383
-0.022399419239735263
-0.024949905684595985
-0.02449021248013511
-0.024961574841627143
-0.024478546911202492
-0.02479590008133392
-0.027362720834369303
-0.022922123380495374
-0.022387759052950484
-0.02347515817988516
-0.02043464428383529
-0.020499982413558382
-0.019907281271104138
-0.019426586813275915
-0.01748047156492516
-0.015055994434317821
-0.01474331000342849
-0.012918535330089131
-0.011210434286568427
-0.011030757793672297
-0.009572338317963613
-0.0077848992061662625
-0.007012520673791267
-0.00456470881722032
-0.003234630334312094
-0.003339637498173509
-0.003965009051026258
-0.004233359296633821
-0.0023129122468431573
-0.0021869056236636375
-0.0033606432366640737
-0.0028006107105590927
-0.001941893692118335
-0.0021075711434855315
-0.0013258587207250483
-0.0012861905836113463
-0.0018252236503982222
-0.000730825899723786
 0.0008489341509964055
 0.002372690859403559
 0.0012992925680471168
 0.00265037230432269
 0.005331531420531055
 0.0036280955281539073
 0.006045572240972019
 0.00782601093498031
 0.005966232378646075
 0.0076813338399558395
 0.008824734515154198
 0.009811792526395469
 0.007798004778700629
 0.007844673333603447
 0.009436100747305443
 0.008899401153114939
 0.010549165381726233
 0.007676659718566015
 0.011424215811317029
 0.011911910686934368
 0.009881788631064925
 0.01432938650272797
 0.01056549430775311
 0.013412329978303938
 0.015461118020895115
 0.015507786575797988
 0.019701035934456212
 0.018233280774312743
 0.019859710276960374
 0.019647363373665794
 0.020534082063263015
 0.023016896008779653
 0.02108711327455426
 0.022102172956951993
 0.02246619378496162
 0.02241718996341313
 0.022095169848089014
 0.02150246691158547
 0.022307514060309674
 0.02044306855878275
 0.01966135434197297
 0.020419732038769678
 0.020671746182153394
 0.0188003002628373
 0.017715234608499053
 0.01956334400780213
 0.017397880541343003
 0.01531642208835332
 0.015164745472564412
 0.015080739562070344
 0.014173017825056422
 0.011939883653302508
 0.01358031399152837
 0.012912939931940925
 0.01195388179780682
 0.012275900119081695
 0.010770809397396275
 0.012464909605338637
 0.01175319956642018
 0.01246024086609665
 0.013556972089367514
 0.011221165123373122
 0.01256524444185958
 0.01252557451069658
 0.011636520554453633
 0.011848865663699026
 0.011862865602252637
 0.013370288002485187
 0.011694853781264447
 0.01044411157258368
 0.013099602490231954
 0.012093874904170354
 0.01012675660840301
 0.011634179008635559
 0.0115828417144907
 0.010024081123088668
 0.00963672377506608
 0.009573719117939361
 0.008665997380925439
 0.0070745681731742005
 0.007422254693009167
 0.007849279281120836
 0.00591716307429907
 0.004885767289677434
 0.004836763468128946
 0.0050701098307416315
 0.002892979001300644
 0.0013692204988441925
 0.0024332831057657933
-0.0007729091386758369
-0.0006725707140564086
-0.0005815661798224681
-0.00311338484391227
-0.0026583585846440827
-0.004613809517429568
-0.00504083589959059
-0.006289244635674929
-0.0068632797914074395
-0.006592597867252803
-0.007222636365298241
-0.007245971988286581
-0.009084749291253413
-0.00794601556124791
-0.01016281542482722
-0.011567566824868591
-0.00881873700336544
-0.010193153259653975
-0.011474230612087577
-0.011870921850495653
-0.012741308025967624
-0.01353468960575921
-0.0135160227220128
-0.014048055371010615
-0.014430745773840459
-0.014437747088654196
-0.015319800627107971
-0.014568423348100434
-0.015735160543311755
-0.016876229539962928
-0.016470206205218663
-0.016974237183059904
-0.016988238915662757
-0.01743626655119107
-0.016997574600097543
-0.017251924010126873
-0.01731259519465722
-0.017510941262373625
-0.01740126894736871
-0.016136527697158953
-0.017368602125068744
-0.015928850430131036
-0.014748114193390727
-0.015275479897195743
-0.014106411023437349
-0.014671112288784316
-0.013656052606386526
-0.013933736742379632
-0.013933737639404253
-0.010585205360633065
-0.012365645848690598
-0.012776337922676961
-0.009693821519892398
-0.011098572919933769
-0.012556994189691806
-0.011866287198189884
-0.011495265952391143
-0.011177914576309012
-0.013201036214389394
-0.014057421554283023
-0.011971297950149895
-0.013898747211778972
-0.014911475215629633
-0.014132096265465521
-0.014727132674565435
-0.014745801352361032
-0.016031545649987378
-0.016194889628758147
-0.015898539506043363
-0.015765532465074727
-0.01674325837997981
-0.017146950036177055
-0.015812204608076086
-0.017625313712482826
-0.01673159460509649
-0.014951155911088254
-0.01588221237406584
-0.015646532538856783
-0.01464547369203728
-0.013194054634117658
-0.013931432871596261
-0.011516289631374466
-0.008650786180052605
-0.010270217058960363
-0.00953050714293463
-0.00759605925756579
-0.006293982445814084
-0.006595001307770854
-0.005057243763785413
-0.002406419791329939
-0.0028217788105090458
-0.0006306489395390691
 0.0018101624992428178
 0.0008557713103015119
 0.00047308090747161247
 0.0026175413265140945
 0.004591658246021313
 0.004523986643701905
 0.003905615508638327
 0.0056417182233154395
 0.006572772892243783
 0.003914946707949896
 0.00631142216740066
 0.008479217312406917
 0.006607771393090822
 0.006939123604751241
 0.008208531800153684
 0.01042299639708738
 0.007898178150786805
 0.00696945516040548
 0.010070639343961074
 0.007555154988045987
 0.007522485474672103
 0.007933175754609167
 0.006152735266551634
 0.006899445600366538
 0.00517267498202556
 0.00538735356386727
 0.005380352249053533
 0.0023935064286709218
 0.004024602876511296
 0.004367622451153574
 0.0025125108400121388
 0.0034295646733621954
 0.003872923569648523
 0.0033642256466144826
 0.003039872058693882
 0.0035975711122025467
 0.0033525555925587036
 0.0023234932805334396
 0.003380555469665869
 0.004052594680396815
 0.0017891253648900096
 0.0003587057662884363
 0.0014414361539810683
 0.002101808001730099
 0.0019337970777665858
 0.0004427071916593417
 0.0019314618111209159
 0.002141473447769937
 0.0009327337458238105
 0.004717625400116832
 0.0020084628187027054
 0.0008533929864733003
 0.003921908553679576
 0.004467940244206325
 0.005137645982340844
 0.003781897506823284
 0.006332382157634708
 0.00523331566771823
 0.0045286060465888345
 0.006619396595914762
 0.005651004571395168
 0.007858468750539749
 0.00662872779522633
 0.0073824385468302944
 0.009391557555283148
 0.007753458895604359
 0.007872465100994763
 0.008388161647768677
 0.008584172448839411
 0.005898344593389004
 0.006593718530083614
 0.007573776123535825
 0.004306913591588413
 0.004129568777239412
 0.004621930598049606
 0.004115566147611938
 0.0018894323936470836
 0.002146113482223544
 0.003966221210370158
 0.0015930786828337595
 0.00037967203569494457
 0.0008323648223667601
-0.0004043765507357744
-0.0016201166704709058
-0.00231082545602207
-0.0024975041607565585
-0.003118208768416564
-0.005216001529580849
-0.004161272813044681
-0.00557535810347165
-0.007645149193479417
-0.006193730135559794
-0.00670942847638295
-0.0069754452493941965
-0.00844786735473041
-0.006462083072241276
-0.006515753838982563
-0.008802557880453088
-0.006947448063360895
-0.007276468596474128
-0.007946176128658
-0.009129247632043869
-0.0067817750971169155
-0.006294080221499576
-0.00773850065567927
-0.006758443062227115
-0.007684832580011958
-0.005920728194178326
-0.007400150717303711
-0.007416485922502936
-0.00393961265093129
-0.006294087397696657
-0.007400154305402251
-0.004333972210792292
-0.0048846726405610275
-0.007897186659503674
-0.006816789744407414
-0.005400372775433482
-0.006305761039850977
-0.00747016476246587
-0.0062380921286054325
-0.0058064005953009645
-0.007948529335796373
-0.00772451686356912
-0.007120148358133127
-0.006282432593059661
-0.006385106284324704
-0.00688213684437694
-0.005888078415346498
-0.007535510965410719
-0.007183157500382953
-0.0053117133751162116
-0.006326774851563244
-0.005584731462941139
-0.00354994425592825
-0.001797507233076423
-0.0013448144464046075
-0.001463822445844365
 0.0011660002732438168
 0.002316401366231291
 0.0013480093417116978
 0.003917161773294098
 0.005986951069252677
 0.00638364051361151
 0.008950459472597538
 0.01032254046224046
 0.012081977902881347
 0.012943028393918532
 0.013699072618118813
 0.017500298580586382
 0.01766364076530791
 0.01877437282415695
 0.021257186769673586
 0.02190355778184444
 0.02305629234742823
 0.02363265918170776
 0.02651449694120428
 0.02696018931008698
 0.028199262361736532
 0.030630739910132987
 0.03048373023953682
 0.03352191066299032
 0.03336323362941229
 0.03507833509072206
 0.03729513316025218
 0.035916049958770846
 0.03954459894910678
 0.038200517836571135
 0.03754247766736912
 0.03977794351767022
 0.03746313780504318
 0.0382961866249239
 0.03696843982056275
 0.03531167338011304
 0.034814642820060915
 0.03371090938495158
 0.03228982367673561
 0.028990292528439043
 0.029148967767967826
 0.02743853145780145
 0.026710487110708336
 0.026416468666540682
 0.022281554328742403
 0.02138783342730677
 0.020004083280632745
 0.0177522813281078
 0.015852833737635186
 0.013554362333182801
 0.011367897613356326
 0.008871081038212159
 0.007491997836730879
 0.004789835673105924
 0.0035577612451960783
 0.0027970482817537556
 0.0005965827263490486
 0.001142614416875798
 0.00070858761692566
 0.0005195754395947993
-0.00010112916806515049
-0.0012258638565417757
 0.0004729032965933855
-0.001888571867961042
-0.002658618721788908
-0.0016598933475657773
-0.003227987829353296
-0.002677289193633803
-0.004397059394185665
-0.0038440272858698
-0.004357392154096529
-0.007085222516281631
-0.005321118130448055
-0.0052744495755451815
-0.0058811533476268996
-0.006326847510558897
-0.0047937569117662004
-0.004476405535684069
-0.006009497928525953
-0.004707421116774302
-0.005253454601350294
-0.005694481819089492
-0.00442740709628342
-0.0039747143096116044
-0.005360797928882
-0.0056851515168026
-0.004817100607976299
-0.004777432470862597
-0.005430805694871754
-0.005969838761658686
-0.0035150264872985115
-0.0034473566790282906
-0.0033563521447944056
-0.0012865628488358816
-0.0026703129955099048
-0.0019259361342914283
-0.00141023958751757
-0.0006775300892809533
 0.0009325651051920181
-9.649720683330143e-05
 0.0018309502607464778
 0.001681607117553996
 0.0014995953580122512
 0.003849401365535521
 0.003249698011242974
 0.004334761871531978
 0.005979859154950529
 0.005807181285794272
 0.00566483856039085
 0.0063112095725615935
 0.005830513320684072
 0.004302087873034877
 0.005683502753063285
 0.005643832821900285
 0.0042437483670516585
 0.005347480008111638
 0.004250746990791476
 0.0036790453076553375
 0.004831779873239184
 0.003674376568413351
 0.0039007225132369205
 0.0038027157671646217
 0.003667373459550316
 0.005496815078082362
 0.0046544305737669656
 0.004264739753148006
 0.004008056870522303
 0.003238010016694437
 0.004257736644284971
 0.003483022845264361
 0.002101606171186654
 0.0018682580145247263
 0.0023466189997566334
 0.0009138659285586881
-0.0008035707993967467
 0.0007085185460286025
 0.0010982075725983198
-0.0001968706154135691
 0.0003001581505893691
 0.0004191643559797731
-0.0013402748787104124
-0.002364670245542988
-0.0028430330248241376
-0.0037904237959763276
-0.0054541906542152074
-0.007526315216819401
-0.00861371434375402
-0.009302089656708812
-0.010594834372124273
-0.01134154649998842
-0.012337940195664476
-0.012526952372995392
-0.01185958010745719
-0.012211935366534199
-0.011712573127935
-0.01159356692254454
-0.010711515178140063
-0.010128147926071307
-0.010083812843764917
-0.009057085798385267
-0.010296160644084118
-0.009444444043432532
-0.008156368067259057
-0.008098032149374323
-0.007545000041058514
-0.008767740578582817
-0.007481998075005658
-0.00762434080040908
-0.008380386818658714
-0.007367660608857296
-0.007794686991018263
-0.006441273782146373
-0.007682682100441651
-0.007227655841173464
-0.005797238036621188
-0.007848361345858035
-0.006088923905217147
-0.006963977025881807
-0.008049042680220109
-0.006833304354534164
-0.008357062856990616
-0.008368731116997097
-0.010384852337288364
-0.011271572820934883
-0.011945947298311388
-0.013885063922922325
-0.01240797666644261
-0.0143214250924934
-0.015156809179019737
-0.015604836814548051
-0.016713237194850017
-0.015726179183608746
-0.01779830374621294
-0.01724993858308982
-0.016790245378628887
-0.017212604815597166
-0.016153209153868253
-0.016974592404816302
-0.01579152269547962
-0.014939806094828034
-0.015483506106807654
-0.014606121307595865
-0.012881685955900612
-0.012895687688503521
-0.013833744569270223
-0.011915630992075932
-0.012204982491050897
-0.01303103268719169
-0.010671892789282822
-0.010076858174232317
-0.009306813114453694
-0.008639440848915547
-0.008028071925690328
-0.006368973806693545
-0.005610596109896837
-0.004208179976501081
-0.004406526044217485
-0.004518533625868015
-0.002675091171757682
-0.001856043187455303
-0.0024534130691515332
-0.00190271443343204
-0.0006613079091860041
-0.0014150204548392664
-8.727544452746816e-05
 0.0008671139503646508
 0.0006220984307207522
 0.0021061861049895825
 0.0013058041074089366
 0.001683825770996794
 0.002353531509131257
 0.0009721148350536057
 0.0016628218265554717
 0.0015508142449048856
 0.0010491167396600165
 0.0013991367320914105
 0.0010631157811890057
 0.001116784753880884
 0.0007714299125930468
 0.001662815547383012
 0.003128235440880811
 0.0024911965250462575
 0.003034894742976635
 0.00513035223749525
 0.005816392283804428
 0.0056693826132082625
 0.006684442295606052
 0.007711169340985646
 0.0077158353891538245
 0.008835901338388408
 0.009227923837554441
 0.008530214634214162
 0.008322534676112325
 0.008093853464643141
 0.00835520149841229
 0.007974844568178763
 0.007410143302831795
 0.007685492172179176
 0.007412474981378869
 0.005865381752958698
 0.006658761538701041
 0.006917776099873818
 0.004684641928119848
 0.004957657324870912
 0.003956596684002056
 0.00309087745372294
 0.0028598627696573287
 0.0009580817065884539
 0.0012334305759358344
 0.001373438034693586
 0.0006803957765461055
 0.00040971205834211544
 0.00043771283247395765
 0.001219425255234441
 0.000706060387007601
-0.00015732537067514318
 0.00018569420396707947
 0.00033503555311037436
 0.0004330405051333752
-0.00014332812319545196
-0.0009063745592342021
-0.00024833618408154345
-0.0004350148888160321
-0.0010720538046505856
 4.801214458399761e-05
-0.000325344367860414
-0.0012704016664162876
-0.000505023551830408
-0.0004536880517349018
 2.93398786898047e-05
-0.0004210212294348814
-0.0008807162279450553
 0.0003186877895661744
-0.0009577226176746834
-0.0020451217446093017
-0.0005283654539913196
-0.0005423671865941726
-0.0030438507069310283
-0.003048518549148449
-0.002369478920628443
-0.003977242436554285
-0.0037788981628871787
-0.005143980528790282
-0.005960696834545587
-0.004359935530458048
-0.005890694450703671
-0.006824084386277629
-0.0071787731179510095
-0.00776447563666538
-0.007601133451943909
-0.008903212057744858
-0.010492307792899724
-0.010942668901024466
-0.010018614649885238
-0.011820056391310119
-0.012636772697065424
-0.010891336092002823
-0.012205082060785633
-0.012044073348660478
-0.01115502118646694
-0.010529651427663489
-0.010258969503508797
-0.009743272956734883
-0.009906616935505708
-0.010699998515297293
-0.009787611627139925
-0.011411709451240426
-0.0097432774418581
-0.009437593428757829
-0.010548327281656222
-0.00913891073047135
-0.009752614920342129
-0.008583546046583734
-0.008977903812395494
-0.008413204341097769
-0.0077504990207523106
-0.007755166862969731
-0.007003789583962139
-0.007244138158413238
-0.005813720353860963
-0.006884785172621033
-0.007927848320224529
-0.006315419653155185
-0.005062345765927345
-0.006558102597227278
-0.006569770857233814
-0.004896671902658689
-0.007150807327780062
-0.006243087384815438
-0.006086745617883027
-0.007265150176076263
-0.00571339179651259
-0.006919798025862234
-0.006079748788192507
-0.006047081068867921
-0.007108811997242392
-0.005750731843177759
-0.007323493270158077
-0.008042203726865704
-0.006149758348231504
-0.006037752560630272
-0.006154427087473546
-0.005769405006096573
-0.0051533691376786095
-0.0038302910725596107
-0.004469663460990536
-0.003186254430009805
-0.001984516939902148
-0.0018351755907589085
 0.00019961161625403623
-0.0014548213515993003
-0.0012914791668778292
-0.0006287738465324266
-0.0020778612259048646
-0.0018398479180994909
-0.0021688684512127243
-0.002432551751627543
-0.002810575209264643
-0.0028362443048494668
-0.0030229230095839554
-0.0031699326801800654
-0.0038793092465022605
-0.005120717564797539
-0.0047100272848604186
-0.005039047817973763
-0.006159115561257589
-0.005874432801524665
-0.006453134902449864
-0.006929164209134697
-0.0060681137180975675
-0.006586145531517096
-0.006611814627101864
-0.005393742828819603
-0.004761372652227036
-0.004315680283344336
-0.0037393134490648072
-0.004061333564388925
-0.003862989290721819
-0.002819927937167621
-0.0020148807884434183
-0.0020708850277809665
-0.002651920601302593
-0.0017115320419887614
-0.00044212384658631754
-0.0012261715359923597
-0.0013475130080284337
 0.0006032691855150651
 0.0009672900135246909
 0.0022973684964328056
 0.003191087603819198
 0.004346155641999416
 0.006383276321608733
 0.006373941534198568
 0.008999097308094006
 0.010889209214131779
 0.012438634121099024
 0.013675373700152316
 0.01399739202142719
 0.017226917197783298
 0.017147578232481975
 0.016781222137826735
 0.019355041514601934
 0.01947171424739591
 0.020430770587480718
 0.021329156640059854
 0.020885795949724284
 0.021982527172995092
 0.02224620867936067
 0.022045529139047948
 0.02123347977848533
 0.020584773499668918
 0.02031175630886861
 0.019371365955505537
 0.018554649649750177
 0.01833530232866648
 0.01754658769406764
 0.014608744798208895
 0.014678748079075488
 0.015432458830679452
 0.014009039649866994
 0.012888971906583169
 0.012377940510952756
 0.01247827893557224
 0.010345484085462264
 0.009937125484072329
 0.00982745137501817
 0.008530039714409854
 0.008602376467872819
 0.007195291595235076
 0.00811467890118156
 0.006721594864121994
 0.0048081464380712036
 0.005853541264221829
 0.0034313958121616195
 0.0044044529878246585
 0.003139709943565716
 0.0017349585435242898
 0.005097491657873654
 0.002654344952446097
 0.002215651207303271
 0.003030032246412906
 0.0015086072165528819
 0.0026216727479983493
 0.0026683413029011116
 0.0024139918928718362
 0.0033240453084328325
 0.0027616775156821816
 0.0018586227238610586
 0.0021946418807141654
 0.0022669786341771303
 0.003249369700225657
 0.002511991462747054
 0.002434985970042103
 0.0038910719731544696
 0.001744276287466262
 0.0019916234856572346
 0.001510927233779713
 0.0013079142208705652
 0.002168964711907695
 0.0003441882445190947
 0.0013125784749894454
 0.0010722299005382907
-0.0006942097519409551
-0.001914616816868886
 3.149843148186893e-05
 0.00018784019841422417
-0.002497987657036127
-0.0006662125659076534
-0.0011375749273997426
-0.0026216643957178154
-0.003282038037516144
-0.0029390184628739213
-0.0023369834300341896
-0.0028246800997008825
-0.0022879822995596766
-0.0028876856538522233
-0.001195918918506178
-0.00023452910582494324
-0.001557608964993351
-0.001373265526904477
-0.0014502710196094282
-0.0022693207979611607
-0.0007642318703249273
 0.00039083616785529074
-0.003760412478117592
-0.0031163749385432205
-0.00033720997328712254
-0.003107042842206975
-0.003079042068075133
-0.003195716594918463
-0.0029343685611492587
-0.0017372980162343454
-0.002810696307590732
-0.0018983094194333638
-0.003445402647853535
-0.003366065476601565
-0.0018306414052124964
-0.0018446431378153494
-0.000915921941483433
-0.0018399779866719035
-0.00014121083353668684
-0.0011702731455620063
-0.0012449451656705857
 0.0015878896693020672
-0.0007292495159213486
-0.0009205951658486367
 0.0010278535550984902
 0.0016625572042874293
 0.0008108388095865449
 0.0017208922251474856
 0.003067305016230315
 0.001730224321483731
 0.002409263950003737
 0.003106971359294719
 0.0018538956780176363
 0.002493266272399264
 0.003914350186565996
 0.0033029794692915337
 0.0025095978895000037
 0.001828222994334272
 0.0025819337459382363
 0.0034569850725536533
 0.003242304696662701
 0.0037299995722800405
 0.003582989901683875
 0.004026348797970203
 0.004259695160582888
 0.004082350346233887
 0.004430036866068909
 0.003209629801140923
 0.0033309694791277544
 0.005379757521718931
 0.004000674320237652
 0.0027265973855931103
 0.0029856119467659425
 0.002850269639151637
 0.003524642322478899
 0.002479245702278976
 0.002910937235583444
 0.0035083053232304318
 0.002665920818914924
 0.003692647864294629
 0.003295956625886498
 0.0019892110748927494
 0.002280894252414789
 0.0030206041684405216
 0.0030019354906449247
 0.0022575568353771502
 0.002544573067706446
 0.004145334371793985
 0.0031606080390997326
 0.0014245035303733222
 0.0031419384642795145
 0.0036436341754750856
 0.0020195363513745845
 0.002192212426481599
 0.002630904377575183
 0.0022318796665706797
 0.0015365039358267718
 5.4747940105071e-05
 0.0009157984311421452
 0.0020498652159550157
-0.00012959908608234372
 0.0008527919799662387
 0.0017978474844727588
-0.0005612942074853522
 1.97395719869764e-05
-0.0009089834183942935
-0.0020570528328345827
-0.0005822990489512403
-0.0015320232926998023
-0.0025610856047251773
-0.002717429165706775
-0.002883106617073916
-0.0033708032867406645
-0.003258797499139321
-0.0024514168778188017
-0.0033871402859891875
-0.0032447993546350085
-0.0022717421789719694
-0.0018680523168239649
-0.0013500222974537346
-0.0013220215233218924
-0.0007339873260604479
 0.0004327480751015744
 0.0008411048824422673
 0.00028573750748078774
 0.0011677892518853206
 0.0016998201068337826
 0.0015201418198884098
 0.002276186044088746
 0.0018094906277894007
 0.0018024893129756636
 0.0016788143683432732
 0.0019984992170217764
 0.003151233782605567
 0.0025655312638911965
 0.0023461839428075004
 0.002609865449173021
 0.0026285323329193755
 0.0028338770243755973
 0.0030065530994826117
 0.0022551740264257214
 0.0014337907754776724
 0.0016228011587592905
 0.0006030727371194589
 0.00034638985449375603
 0.0011677713113925625
 0.00015270983494547474
-0.0008693520592906734
-0.0008996881000681856
-0.0012100408524104433
-0.00211076217163525
-0.0029088106966195793
-0.0038982039745064645
-0.004936600176917327
-0.00649769424091573
-0.007235072478394333
-0.006679706897482096
-0.008327139447546372
-0.00914618922589805
-0.008868506883954241
-0.009022516972339523
-0.009517214059795331
-0.010098249633316903
-0.00897818368408232
-0.009589554401356781
-0.009636224750308897
-0.009183531963637082
-0.009139196881330691
-0.00865150200571324
-0.00876817653255657
-0.008581499621871325
-0.0104296108152237
-0.008420491806770847
-0.007517438808998966
-0.010905641915957776
-0.010016589753764127
-0.008611840147771999
-0.009122871543402411
-0.010746969367502912
-0.008912860803778067
-0.007965471826675119
-0.010025929026297453
-0.009804250026666628
-0.008658515878871897
-0.00750344784069179
-0.010280281127400703
-0.009050541966136583
-0.006927082800461393
-0.010525298441093844
-0.01012160857894584
-0.008961873595572933
-0.009281560238300735
-0.011008330856641657
-0.010095943968484289
-0.008012153836947478
-0.0115333648818996
-0.010212620289376861
-0.008047158616967032
-0.00979726396127173
-0.00993260626888598
-0.010196289569300798
-0.008028494424294597
-0.009115893551229215
-0.010483309389728634
-0.00738212520617304
-0.009003889557677225
-0.00922790382395372
-0.008737875475739898
-0.00939124869974911
-0.007685481128824834
-0.008492863544194651
-0.007662148196910301
-0.00691777133569188
-0.007039112807727954
-0.0051793360454429616
-0.004495629471730267
-0.003849258459559468
-0.0023558368949050945
-0.0012194366374959076
-0.0003397183656878022
 0.00156206090333183
 0.002446446120332735
 0.002859469872866116
 0.004135878486057731
 0.004756581299668439
 0.005762307091680685
 0.007699088449645952
 0.008186783325263403
 0.008847155173012433
 0.009925218615512266
 0.009885548684349266
 0.010968279072041898
 0.010480582402375205
 0.010711595292391518
 0.010702260504981409
 0.009698866391516237
 0.009736201056033567
 0.008410787724268842
 0.009232169181167649
 0.008009428643643346
 0.007353721947037817
 0.00906648993575121
 0.007582400467433137
 0.007531063173288277
 0.007899750946490647
 0.00801875715188105
 0.008249770041897309
 0.008308105959782042
 0.008546119267587526
 0.008088757741673724
 0.008893804890397816
 0.008389773912556575
 0.008471444556405028
 0.008471443659380351
 0.007731731949305376
 0.00904314265144257
 0.006688667904677148
 0.0068566770345914185
 0.007748062669381439
 0.005981623016902193
 0.0055405957991629395
 0.004709878657829403
 0.006688662522529365
 0.004462528768564511
 0.003641145517616462
 0.005220905568336598
 0.004168508530347614
 0.003312123190453875
 0.0017346948182808686
 0.0032257829103388147
 0.000775635787122142
-0.0002744277782705251
-0.00023709311375313957
-0.0020665365263344837
-0.0014318328771456001
-0.0025565675656222253
-0.002957925749223045
-0.0029719274818259533
-0.0021155439359815675
-0.003538963116793914
-0.0028365887623102437
-0.0008951404591522327
-0.001541513265372274
-0.0008158041849247732
-0.000787803410792931
 0.0009529662490769808
 0.00028092524429679244
 0.0005936096751861797
 0.0022667086297612493
 0.0016576713850831593
 0.0027264009371975595
 0.0031114230185744773
 0.003438108285042152
 0.00266106101342517
 0.00320242575875912
 0.0037274561959185215
 0.00251171607618339
 0.003281761135961958
 0.0017440017979272193
 0.0014756515523196567
 0.0023507028789350737
 0.0007476063082018647
 0.0004279196654741191
-0.0014155245826854568
-0.0012941849046986809
-0.0011611778637300452
-0.003559988589826535
-0.0022579117780747726
-0.0035739912194540646
-0.004134025539608288
-0.003069962932686632
-0.004911073708249891
-0.0038493445739246623
-0.004080359257990218
-0.004227368928586384
-0.002778283343263188
-0.003039633171081635
-0.0024609328642056782
-0.0017772262904929281
-0.00101884859369622
-0.0016582209821271454
 7.788173255002251e-05
 0.0022316760419779924
 8.021341109709645e-05
 0.0008595923612612077
 0.001638971311425208
 0.0017509770990264961
 0.0018163134347003451
 0.000558570808230463
 0.0016389677233266675
 0.0007522472396801483
 0.0004045589257959392
 0.0005959027816738738
-0.0009371896111680655
-0.001137869151480786
-0.0026429598731663173
-0.0028996427557919646
-0.0038190318557876912
-0.0052727861803529286
-0.004733754907615351
-0.006670538059629916
-0.007669265227902344
-0.007694934323487113
-0.008544319245591625
-0.009074018421993013
-0.009078686264210378
-0.008934011860259883
-0.00881733912746585
-0.009337704413481751
-0.00974372954227537
-0.007888619725183177
-0.009193031803580498
-0.008481323558711229
-0.006899230035394777
-0.008724006502783377
-0.007708946820385587
-0.008070635969848139
-0.006983238636962763
-0.007354261676810747
-0.008824350309550588
-0.007151251354975574
-0.008068306982374929
-0.007844294510147676
-0.008859355986594819
-0.009116038869220466
-0.008236320597412361
-0.009928089126807704
-0.00899703445787936
-0.009746080058339823
-0.010644467904968202
-0.01022444373464565
-0.011643195970265308
-0.010103104953683495
-0.010490462301706138
-0.012485582268630002
-0.011269843942944113
-0.012233569022270907
-0.012882275301087376
-0.012151899275447131
-0.01278427124608894
-0.012625596006560269
-0.012072563898244404
-0.01252292500636909
-0.01208890000046825
-0.011120509769997955
-0.011323522782907047
-0.010698153024103652
-0.009302737308497011
-0.008850044521825196
-0.008798709021729634
-0.006215555754569002
-0.005142159257261858
-0.00527983503747248
-0.002855357906865197
-0.0021366492442068674
-0.0008065707612986972
 0.0008221922139453053
 0.0013308883429300478
 0.002950317427788507
 0.004196390897227287
 0.00480075940266339
 0.006814545356308932
 0.007813270730532118
 0.007682595368110556
 0.01056443312760702
 0.011812840069642117
 0.012223530349579237
 0.013618946065185877
 0.015287378074568148
 0.017490175308519984
 0.01748784093889899
 0.020250671595980374
 0.021900435824591724
 0.021307732888088293
 0.023820881977357766
 0.025451978425198085
 0.026341030587391734
 0.02699440201735165
 0.027885787652141614
 0.028697835218654932
 0.029563552654884806
 0.03021225713965192
 0.030867962042208208
 0.031150311329344815
 0.030310260297625735
 0.03199969356037541
 0.0312879835214569
 0.030774618653230112
 0.03180134569860976
 0.030233251216822243
 0.030648608441952052
 0.028956839912556764
 0.028798162878978684
 0.028767826838201227
 0.02473791876723974
 0.025692308162131805
 0.024635244178950022
 0.02182340880329553
 0.021690399968277596
 0.020010298801864113
 0.01879455868212898
 0.01667109772240455
 0.015355018281025312
 0.014556969756040983
 0.013082214178108398
 0.012158158132919872
 0.010270377905429173
 0.008970632772224596
 0.007332534112545863
 0.005941783548082669
 0.004532365202848554
 0.0025185774551537143
 0.0019562096624030634
 0.0001501009757854388
-0.001408659615616592
-0.0019616935179816997
-0.004386172442638336
-0.005739587445559469
-0.005464238576212033
-0.007069668619541614
-0.008528089889299595
-0.008220072403602952
-0.008997119675219878
-0.010390203712279444
-0.011122915004565304
-0.011430934284311245
-0.01179729037896654
-0.011981635611104657
-0.012406328520669196
-0.013720074489452061
-0.013631403427814548
-0.013472728188285765
-0.01396975874833789
-0.014361783041553333
-0.015052491827104442
-0.013878756008153248
-0.01391375899412356
-0.013832088350275107
-0.013638411021800745
-0.01490082059346337
-0.012905702420588805
-0.013801756794620812
-0.014609139209990574
-0.012663023961639874
-0.013862429773200402
-0.013472740746630685
-0.013682754177328893
-0.01377142703301576
-0.013395738842024274
-0.014875161365149603
-0.013055053637003045
-0.013552084197055225
-0.01464648374177896
-0.01337707554637646
-0.014231127413673772
-0.01334440872407655
-0.014065452653380495
-0.013715432660949212
-0.012004998144832135
-0.013505421921324812
-0.01101094061282637
-0.010189559155927563
-0.011680649042034752
-0.010063553429772665
-0.009914212080629425
-0.008927154069388099
-0.008614469638498712
-0.008836150432178835
-0.006834031841515098
-0.006747694252473901
-0.006764029457673182
-0.006764030354697859
-0.006138660595894407
-0.004901921016841115
-0.005583295912006847
-0.004647574297885759
-0.004271886106894218
-0.004019871963510557
-0.0034808406907729794
-0.004579907180689458
-0.004141215229595874
-0.004337227824715906
-0.004253223708271081
-0.0040362116538329995
-0.004999936733159793
-0.004257893344537744
-0.004484241083410612
-0.004897266629993291
-0.003935876817312167
-0.003758533797012409
-0.0038308723445246162
-0.003728200447308816
-0.003035159983210578
-0.003175169236017572
-0.002979158434946838
-0.001903428465043433
-0.0024727966755831443
-0.0024121272851020392
-0.0023094553878862945
-0.0021834487647067746
-0.001863763916028216
-0.002965163878541066
-0.003242848014534172
-0.0034388606096541485
-0.004423586942348345
-0.0051889668509834674
-0.005359311247543352
-0.005179634754647222
-0.006038353567137278
-0.00616902892955884
-0.005317312328907198
-0.005676668005773322
-0.0054899910950881314
-0.0044025937622027556
-0.003387534079804966
-0.0031425203542104208
-0.0027551648002370754
-0.0019687854322838483
-0.0011264027220176942
-0.0003120216829080591
-0.001296748015602256
 0.00011733548077541567
 0.0005513604866761446
-7.167759358017722e-05
 0.0022291254894193924
 0.0010880564927681635
 0.0012140631159476833
 0.0016270868684811202
 0.0004673500910589157
 0.0020377762513935638
 0.0023061247029518284
 0.002786819160780163
 0.0028451550786648405
 0.0030061637907899397
 0.00398622138424215
 0.0035708623650630433
 0.004240568103197562
 0.004471580993213875
 0.004872937382765452
 0.005584645627634721
 0.005782989901301772
 0.0070220629529514356
 0.006030336202468123
 0.005229954204887366
 0.007199404179201896
 0.00681438030377568
 0.006382686976421914
 0.006781709893377119
 0.006193673902066432
 0.00657169556565429
 0.005880986780103126
 0.005670973349404862
 0.006476020498129065
 0.00695904842855366
 0.006760702360837312
 0.007194727366738152
 0.008823490341982154
 0.008515471062236157
 0.009287849594611153
 0.010960948549186222
 0.01173799402675385
 0.01256170895624903
 0.013856785350211676
 0.014829842525874715
 0.015119192230800327
 0.01580056533191676
 0.016260258536377692
 0.016227589023003808
 0.015672221648042273
 0.01677361981650588
 0.01685762393295065
 0.01582389467573264
 0.015942900881123045
 0.015513541026365762
 0.014797164042254451
 0.01527785850008273
 0.016052570505054098
 0.014846164275704343
 0.015023507296004102
 0.015144846973990933
 0.015217183727453842
 0.014988502515984603
 0.013392406363040621
 0.013471743534292646
 0.012729698351621244
 0.012242001681954606
 0.012634024181120695
 0.011623629649866407
 0.009759184148339428
 0.010057867743650584
 0.009339157286942956
 0.007983408811425341
 0.008676449275523634
 0.007115355211525232
 0.007232027944319208
 0.006482982343858745
 0.005850610373216936
 0.00701267882918627
 0.003948828413123329
 0.004184508248332441
 0.004473857953258109
 0.0029290981974342545
 0.0031367763614869038
 0.00228039102159322
 0.0028777591092402077
 0.0013073311548562616
 0.0013656670727409392
 0.001680684976226754
 2.6252008373361946e-05
 0.0014496693951364659
 0.0008499660408439191
 0.00019892628943107837
 8.925218037686422e-05
-0.00023276793494725334
 0.0003342650089468435
-0.0008838085833847154
-0.0017121922521218802
-0.0009211459389759646
-0.0019175396346520213
-0.0012781690402703938
-9.509933093371226e-05
-0.0023375673930731145
-0.002374903851639798
-0.0025639160289706586
-0.002694591391392165
-0.002388907378291949
-0.003375967183582518
-0.0028859388353686954
-0.003926668510375875
-0.0038916673184549166
-0.0034553088399577048
-0.005527433402561899
-0.006010463127035848
-0.006498159796702541
-0.006218143982162361
-0.00598479761954962
-0.007555225573933566
-0.007436219368543162
-0.007121201465057403
-0.008054591400631417
-0.008150264674107344
-0.006626507965700135
-0.006582172883393689
-0.006684846574658787
-0.005546112844653173
-0.005478443036383007
-0.005616118816593685
-0.004624393860159615
-0.004430716531685253
-0.0049977512696286475
-0.004566059736324235
-0.0044003840790063364
-0.001828898174827509
-0.0022139220502537804
-0.004561396379230032
-0.003826353408397043
-0.0038426886135963234
-0.0024659406787606586
-0.004209045605276185
-0.00501409454804963
-0.002304933760684802
-0.0032989939837644866
-0.004384059638102733
-0.004272053850501445
-0.004220718350405883
-0.003910367392112812
-0.004381729753604902
-0.004960431854530156
-0.0024962856897844943
-0.0035860182893154846
-0.005835486769244058
-0.002384281696232504
-0.00278097293464058
-0.0021999391551682512
-0.0018685869435078883
-0.00264563421512487
 0.001554615561322581
-0.0007041868089914805
-0.0023376185234774693
-0.00013482128952563288
-0.0012035526356893311
-0.0018032559899818779
-0.001023877039817822
-3.4485555980123817e-05
-0.002132278317144465
-0.0030890029786821427
-0.002465966692475119
-0.0037027080655776534
-0.004923115130505584
-0.004860112267428107
-0.0049861206846568695
-0.00579116962743037
-0.005742167599931125
-0.006528548761933595
-0.006792232062348469
-0.007247260115665899
-0.008395329530106188
-0.008652012412731891
-0.008180651845289155
-0.007713958223039108
-0.008243657399440496
-0.009037038979232082
-0.009767416798921569
-0.008999705211739373
-0.010147774626179773
-0.010976158294916938
-0.0075949573997965425
-0.008554015533930592
-0.010332122549391809
-0.007587959673081346
-0.008969376347158997
-0.0105351373563502
-0.009303064722489651
-0.01031345925374394
-0.009016049387184977
-0.01067281582763474
-0.010922498292471328
-0.00906272153018639
-0.012467258945319803
-0.010539811477740024
-0.01081282866854033
-0.010957504866540069
-0.009020723508574857
-0.010465143942754607
-0.008150340024176861
-0.009184069281394924
-0.008101338893702292
-0.0050794927784234
-0.0071282826150638745
-0.0056278606326204406
-0.0036910792746551735
-0.003667745445716075
-0.0021859912440436724
-0.0011172616919292722
-0.0005875643095771266
-0.001492952573994677
-0.0007415752949870846
 0.0021169277385456597
 0.002086591697768203
 0.002476280724337865
 0.004424729445285047
 0.005302114244496781
 0.005738472722993937
 0.006877206452999496
 0.008099945196474556
 0.009075335844733967
 0.010608426443526608
 0.012601211143804858
 0.013585935682449812
 0.01349026240897383
 0.014313977338469008
 0.014841341248224726
 0.015415374609907995
 0.015060685878234559
 0.016183085300065514
 0.01736148806420945
 0.015338366426129069
 0.017375487105738385
 0.01699046323031217
 0.01633008958851384
 0.01909525371819165
 0.018861905561529668
 0.01933793307416526
 0.01799151848903313
 0.019326263917134046
 0.02049999973608524
 0.01813619109893433
 0.019641280026570562
 0.018754559542924043
 0.017986846161692605
 0.019480267726346867
 0.018691553091748025
 0.018747555537036387
 0.017118790767743086
 0.016395413365842715
 0.0183601963949645
 0.01662409188623809
 0.01655642028391857
 0.018199184094740806
 0.017629815884201094
 0.016367406312538413
 0.01665675601746408
 0.01815717799990757
 0.015576356411293957
 0.015723364287840824
 0.016880765798617414
 0.014768972201874897
 0.014516956264441883
 0.013718907739457553
 0.013408554987115295
 0.012465831161155738
 0.01078572999474231
 0.010729725755404707
 0.010148690181883135
 0.008862945884256734
 0.0090729575209057
 0.009502315581613796
 0.007012499424258745
 0.006536470117573967
 0.008025224737035541
 0.006811818089896782
 0.005540074627848612
 0.006277451071277973
 0.006076771530965253
 0.0043500009126242745
 0.0049893715070059574
 0.005117711602781849
 0.0036826250589875875
 0.003255598676826621
 0.004023310264008817
 0.004422333180964078
 0.0031809248626687436
 0.0028939068362902054
 0.0024738808719183547
 0.0015218231555733652
 7.506924879724375e-05
-0.0005082997973206993
-0.0012223433088355828
-0.0028371072425506516
-0.003404141980493991
-0.004743556147836947
-0.005324591721358574
-0.006741010484381804
-0.007228707154048497
-0.007623064919860201
-0.008962479087203212
-0.00814576457549715
-0.009333503024075818
-0.009851534837495346
-0.011239951929362169
-0.01166697831152308
-0.011636644064794865
-0.014999178973193583
-0.012952724403198723
-0.013288745354101128
-0.014884841507045166
-0.015757561155113453
-0.016821625556084296
-0.014819506965420615
-0.018476059420962365
-0.01631059774855248
-0.01572956396908015
-0.017946363832659518
-0.014371484712040139
-0.016441275802047906
-0.015771570063913443
-0.015101864325778924
-0.0150178602093341
-0.013092746214350692
-0.012882734577701727
-0.011496652752480574
-0.010579598919130462
-0.010700940391166591
-0.011363647505561236
-0.008838831053309848
-0.009216854510946948
-0.00989822940611268
-0.007018725119212532
-0.00824846607452595
-0.008103791670575455
-0.006937056269413433
-0.00753675962370598
-0.007504091904381394
-0.006955726741258328
-0.00587766329875844
-0.005450638710646716
-0.005238293601401434
-0.005802994866748401
-0.005133289128613883
-0.004549921876545182
-0.005912670769851858
-0.00488827719706858
-0.004575592766179193
-0.005280302387308589
-0.0037005423365884527
-0.00386155284276285
-0.003964226534027948
-0.0034251952612903147
-0.0038895572049932325
-0.002361133551393335
-0.0021837905310936323
-0.002144122393979875
-0.0016284258472060165
-0.001483751443255521
-0.0011827343753479935
-0.0019224460854229686
-0.0018244411333999122
-0.002972510547840257
-0.0019901194817916745
-0.0015934300374328414
-0.0028395053009209192
-0.0021581321998044856
-0.002869842238722997
-0.003175528045872511
-0.0032945360453122685
-0.0028768453475860323
-0.003651559146606642
-0.004027249131647426
-0.002484824642469241
-0.0030448589626234646
-0.0039759154256011064
-0.003957248541854752
-0.004955975710127181
-0.005282662770644042
-0.005002646956103918
-0.006113380809002311
-0.0062930590959476285
-0.007574136448381286
-0.007338456613172228
-0.007443463777033643
-0.009195902593934657
-0.008334852102897583
-0.007625477330624686
-0.008010501206050902
-0.008264850616080288
-0.006638421113432658
-0.00766514995286155
-0.008075842026847913
-0.007364133781978699
-0.007735156821826683
-0.006465748626424184
-0.007767827232225244
-0.007452809328739429
-0.006113396955445771
-0.007602153368956643
-0.007879837504949694
-0.007140127588923961
-0.007784166922547631
-0.007581155703687836
-0.005856720351992528
-0.0061390714331783225
-0.006846114526904146
-0.0062160778229079505
-0.00678311256085129
-0.007254474922343324
-0.007436486681885124
-0.006876454155780143
-0.006164745910910874
-0.007802844570589662
-0.007438823742580036
-0.007609168139139921
-0.00811086564438479
-0.007702508837044153
-0.0085868958480943
-0.007000135379584993
-0.007686177219943469
-0.008005863862671214
-0.006202090442699204
-0.008031533855280548
-0.007667513027270978
-0.007613844054579044
-0.008117875032420285
-0.00696514046683655
-0.007625514108634823
-0.006153093797347853
-0.006792466185778834
-0.008152881606489137
-0.007361835293343166
-0.006776134568678094
-0.006213768569976796
-0.007063153492081309
-0.005280381325476646
-0.004491668484927158
-0.003663286610239236
-0.0027182311057326047
-0.003436941562440232
-0.002620227050734225
-0.0028605756251853243
-0.0009237942672200572
-0.0017405105729754178
-0.0018781863531860399
-0.00021208781640008612
-0.002209541255920322
-0.0010661405807220192
-0.0016821782431892252
-0.0004641064449069643
-0.00011875339766836968
-0.001411498113083831
 0.0016056810570023172
 0.0006022869435370892
 0.0005789513205487484
 0.0007726286490231105
 0.000702623574107275
 0.0016266778252464476
 0.002079370611918263
 0.002879750815449722
 0.0018436880856352311
 0.0018903566405381045
 0.0017923498944658056
 0.0034561149586553874
 0.002751405337525936
 0.0016406714846275983
 0.0031504273574565755
 0.001682672197313051
 0.0022800402849599832
 0.0023687113465975518
 0.0019533523274185005
 0.0017923418212440478
 0.00028258415436582807
 0.0008962865501874195
 0.0018040064931519884
 0.00021724423059349407
-0.000550469150638
-0.00042679600005479656
-0.002347244843894758
-0.0008118207725057447
-0.0023052441312093053
-0.0037916670721238055
-0.002081232556006729
-0.0038430052632932865
-0.001430195495667863
-0.0026622699235776537
-0.0032479724422919687
-0.0012668551049956345
-0.002372922012701284
-0.00018645908692405122
-0.0017708878768861736
-0.0010918482483662229
-0.0003941408390751855
-0.0015585445616901339
 0.0006489196174544465
-0.0007791665085506994
-0.0007698335151898328
 0.0004365709201105683
-0.0001491315986038022
-0.00034281072112740674
 0.0003152276540252519
 0.00038756440748821674
 0.0016219705139450258
 0.0022776754165013124
 0.0005695725789313655
 0.0020653276161820555
 0.0007842502637484539
 0.0019509856649105317
 0.004618143945540609
 0.002791034005555637
 0.0052038437731810605
 0.003551744277924096
 0.0032973948678947096
 0.005600531423490596
 0.003005708999298806
 0.005047496624100811
 0.00415144225006886
 0.005341512377194657
 0.008370358910262665
 0.004247111935446246
 0.0059295447804068036
 0.005845538869912736
 0.0047068033458578795
 0.008869717560763324
 0.008533696609860919
 0.00739729455840249
 0.006165220130492699
 0.0049261452847937925
 0.007075272649029074
 0.007105606895757233
 0.004081425513832726
 0.004634457622148591
 0.006055541536315323
 0.0071662735951644185
 0.008426347900181375
 0.0048001305883925705
 0.004926137211572035
 0.007266609328709928
 0.006127873804655071
 0.00806232169002391
 0.007560624184779041
 0.0063332167020619945
 0.006974920769040049
 0.006508225352740704
 0.007497616836578402
 0.005707842458135437
 0.006085864121723239
 0.0073202702281801035
 0.007532615337425497
 0.010246443069983069
 0.007189593071709299
 0.00573350527454769
 0.0073622682497916925
 0.006540884998843588
 0.007453271887000956
 0.006734561430293329
 0.0054838192216125625
 0.008153310974839012
 0.007614277908052136
 0.0034000255019772108
 0.0032996852833084844
 0.0037990475219077946
 0.0033136843248374737
 0.0018435956920975771
 0.0023802934922388386
 0.0019182650211322927
-0.0016146133868015777
-0.0003008692120680667
-0.0010219131413720661
-0.003070702978012485
-0.005373841327657669
-0.0038500846192505156
-0.0016776225290515145
-0.005502185011532101
-0.004032098172841558
-0.007196287910548438
-0.007450637320577769
-0.004701807499074617
-0.007347966320386645
-0.00532484647635556
-0.0071496229437441605
-0.005345849523772206
-0.00408110827356245
-0.00618356797991948
-0.005625868926410926
-0.008640716417949945
-0.00767232618747965
-0.007693328337871674
-0.006458922231414754
-0.005576870487010277
-0.008890402470885073
-0.007373646180267035
-0.009021078730331256
-0.008552051635484836
-0.006766945996283913
-0.008591722463672513
-0.006118242408541363
-0.00640292696232353
-0.00576122289534553
-0.004790499192278808
-0.007903352532865504
-0.007067970240388521
-0.006610610508523962
-0.007553334334483408
-0.00728731935552146
-0.008213708873306358
-0.008918418494435754
-0.009352445294385836
-0.012196949286389647
-0.013366019954197339
-0.012430298340076251
-0.013858384466081342
-0.014035729280430398
-0.013293685891808293
-0.012971667570533363
-0.013529368418091325
-0.01445809140847254
-0.012700987440427969
-0.010547193131000054
-0.011410578888682799
-0.011767601092952551
-0.008470405211301602
-0.007705027096715833
-0.007147328043207224
-0.007653692493644837
-0.009877492775013375
-0.005635240491831173
-0.004195488796893465
-0.00493520050696844
-0.0010616368940132848
-0.0010359695924778145
-0.0014863307006025006
 0.0015798513940074588
 0.0010944881969371378
 0.0017921956062281752
 0.004751037961404969
 0.003763978156114345
 0.005245732357786859
 0.007455530009527811
 0.007945558357741522
 0.007579202263086282
 0.006092779322171837
 0.008218571960443288
 0.008645596548555012
 0.009186961293889018
 0.010920730535969814
 0.007849879702117757
 0.00843558042678283
 0.010643044605927465
 0.00915662166501291
 0.00942497011657123
 0.008899937885362585
 0.010598705038497802
 0.012052457569013741
 0.009483303343382044
 0.010479695245008858
 0.010071336643618811
 0.009837988486956883
 0.009333957509115587
 0.00680680579021864
 0.00993365817233427
 0.00877858834010481
 0.006039090614937848
 0.008589575265749272
 0.0077891932681685705
 0.006305103799850498
 0.005943414650388001
 0.006365772293306926
 0.007929198035852458
 0.007035477134416823
 0.005607391008411677
 0.005614390529176172
 0.006221092507208592
 0.006664451403494864
 0.005791731755426632
 0.0058243994747512184
 0.005644721187805846
 0.005294699401325154
 0.007656172771830394
 0.005817395468863562
 0.0045549858972008805
 0.007086802767241385
 0.006953793932223451
 0.007154471678486929
 0.006279418557822269
 0.008671227072080345
 0.009497275474171896
 0.006953789447100234
 0.009189255297401333
 0.007961847814684286
 0.007070460385845079
 0.008125189102381136
 0.009158916565549902
 0.00983328924887722
 0.006503422956827709
 0.007308470105551912
 0.00772849427587452
 0.006869775463384409
 0.009480930401701615
 0.008304859316104807
 0.0073388007641815856
 0.008624543267758633
 0.009413256108308232
 0.010598659290241286
 0.009079567732977523
 0.009086567253742073
 0.010558987565029043
 0.009492589691461772
 0.00913090054199922
 0.00853819760549579
 0.00983327399945838
 0.008701538893192584
 0.005917705188694555
 0.008594197359710176
 0.007803149252515018
 0.005908368607235148
 0.00644506640737641
 0.006508069270453831
 0.006316723620526543
 0.004949307782027124
 0.005486005582168385
 0.005927031005858341
 0.006358722539162753
 0.006610736682546414
 0.006291050039818669
 0.006578066272147909
 0.006305049081347602
 0.007672463125797779
 0.00688141501860251
 0.005434661111826444
 0.0059573580763894185
 0.00544399320816269
 0.006778738636263548
 0.007476446045554586
 0.00677173642442519
 0.006533721322570463
 0.0057706748865317126
 0.007329433683884501
 0.007670119785930407
 0.006316704783009164
 0.006932740651427127
 0.006323703406749037
 0.007369098232899662
 0.0069607396315096715
 0.005548987813679185
 0.007201085514886907
 0.004818609096965021
 0.0057589976562788525
 0.0078031187536773405
 0.006757722133477362
 0.007229082700920153
 0.005282965658520156
 0.00670171610009046
 0.007614102988247828
 0.00668071305267387
 0.007378420461964907
 0.006895390737490958
 0.008153131569911543
 0.007040064244416833
 0.006162677651155801
 0.006876719368621387
 0.005740317317162957
 0.005238619811918033
 0.005028606381219769
 0.006041332591021187
 0.006445022453169191
 0.005933991057538723
 0.005768313606171582
 0.0060319951125371585
 0.006851043096839593
 0.006671364809894165
 0.0073177358220649635
 0.00880882391412291
 0.00795710551942197
 0.005917649573167039
 0.008561473127833452
 0.009030500222679871
 0.005371614294541749
 0.006617687763980529
 0.006559350052046553
 0.006524347066076297
 0.005987647471885793
 0.005161597275745
 0.008409790232872028
 0.005602621802410224
 0.003987857868695266
 0.006540675992103118
 0.007777415571156299
 0.007390058223133711
 0.004223535012830404
 0.005446273756305409
 0.0068766915608576284
 0.005313264024262854
 0.0029961248390394934
 0.003621494597842889
 0.003252805030591277
 0.0009053307016150258
 0.004232861727018811
 0.0023754166432809476
 0.0012250137562442864
 0.0011970111880631462
-7.473227398502313e-05
 0.0030194514917814552
-0.0008121114084882475
-0.0002777470809434135
 0.000748979964436236
-0.003332264503645377
-0.0021281935409414032
-0.0050427017108363725
-0.004433666260207525
-0.005122041573162317
-0.01114706871402299
-0.008421573618483558
-0.010367690660883555
-0.013613551939463564
-0.01016234686645201
-0.012411815346380528
-0.014822293435458878
-0.013177196152040327
-0.013839903266434972
-0.012817843166248066
-0.011520433299689159
-0.012869181357417547
-0.012904184343387803
-0.01393558012800944
-0.013032527130237614
-0.012096805516116527
-0.012764179575703916
-0.012876187157354502
-0.015048651041602745
-0.013333549580292925
-0.012001137624788383
-0.012131812987209944
-0.011760791741411203
-0.01476163839737199
-0.012670847848046118
-0.009733006746236672
-0.01041204816880592
-0.01120309627600119
-0.010629062914317977
-0.00873895100828015
-0.009621004546733924
-0.007847566270514805
-0.005472092064431389
-0.0067181673279193554
-0.007728561859173699
-0.005227080132886086
-0.003488643945612546
-0.005665774775053534
-0.003658989239197108
-0.002132899058193527
-0.0037733311904686317
-0.0026719330220050796
-0.00019145254908481402
-0.00035946347304832704
-0.0016522081884637885
-0.00017045398679138568
-1.1778747262602973e-05
 0.0010336160788880777
 0.0014909758107525817
 0.00031257125255940155
 0.0017336551667261335
 0.0006672572931588627
 0.001264625380805795
 0.0032177410469456658
 0.0035397593682205963
 0.0034090840057990346
 0.0029680567880598363
 0.00448014613348513
 0.00435180424365994
 0.00526652460441368
 0.005621211542037818
 0.005145182235352985
 0.004942169222443837
 0.004533810621053902
 0.006129904979948642
 0.004662149819805117
 0.005548868509402394
 0.005275851318602087
 0.002807036414614439
 0.004477801896593081
 0.004606141992369028
 0.004498801355911186
 0.0029167060385453802
 0.0026040198136067505
 0.0030170435661401873
 0.0020533184868133936
 0.003509404489925705
 0.002660019567821137
 0.0017639651937891854
 0.0005808936904032058
-0.0007421861687651465
 0.001252932004109475
-0.00012615119737185987
-0.0033066752432533986
-0.0037710371869563164
-0.002996325181984949
-0.0035283578309827646
-0.004867771998325721
-0.005178124750667978
-0.006032176617965346
-0.004741767169195499
-0.004669430415732534
-0.005010118311827627
-0.0053368053723446
-0.008412323151389345
-0.005931842678469079
-0.006435873656310376
-0.008220981089560653
-0.0067088917441353035
-0.009261711661592398
-0.009383053133628472
-0.010160100405245454
-0.00916370850361864
-0.008538338744815244
-0.011140161586796149
-0.009282718297107584
-0.008862694126785087
-0.009803084480148161
-0.010043433054599205
-0.008412336606758886
-0.007222266479633144
-0.008692355112372985
-0.007840638511721287
-0.005978528276840034
-0.006781243747017107
-0.007821973422024231
-0.006104538488118039
-0.008087991092060098
-0.009329399410355377
-0.007469622648070384
-0.007742639838870746
-0.005903864329953157
-0.007980655837750095
-0.008634029061759252
-0.005917867856605308
-0.008003993254787733
-0.006624911847355697
-0.00573119273996936
-0.007084607742890547
-0.00711027683847526
-0.006508241805635584
-0.005826868704519206
-0.0071312807829165825
-0.006347234887559727
-0.007044944090900063
-0.007978334026474021
-0.004692805507804931
-0.004142106872085494
-0.004202778056615841
-0.002639352314070309
-0.004149109980948473
-0.0019859817811350156
 0.0001911472542566739
-0.0006979067019861618
 0.002650625576784915
 0.002508282851381549
 0.001987917565365649
 0.0038313600194759823
 0.003873361629186056
 0.003514005952319932
 0.0030379766456350987
 0.004461394032398203
 0.00402736723244812
 0.004092703568121969
 0.003121978071006004
 0.001633221657495132
 0.0038313519462542245
 0.002391598457267219
 0.0028116226275897716
 0.004533724506688708
 0.0012085251598319968
 0.0021885827532841517
 0.004272372884820963
 0.0013065283178058107
 0.0014955387010874288
 0.0024639289315576685
 0.0020882389465169404
 0.0029212877663976067
 0.0014955351129888328
 0.0025969332814524404
 0.0034789850258569177
 6.278024774170055e-05
 0.000912163375796915
 0.003217633403989173
 0.0006041431990264079
 0.0003101247548586983
 0.0016775387993088753
-0.00031291422242224476
-0.0005649301598552037
-0.0012253038016535323
-0.001976682874710367
-0.0008566169254757838
-0.0012393073283056832
-0.0022427014417708557
-0.002114361345994964
-0.001547328402100867
-0.0031457580276412767
-0.0022987083721823787
-0.002294042324014256
-0.0033277715812323194
-0.00022425392508035324
-0.0023617157203830175
-0.002576396096274025
 0.0005924587925764113
-0.002198375329710789
-0.0023827205618489056
-0.00035026682743238835
-0.0007842936273824153
-0.00014025608780798837
 0.0007907985811203
-0.0002545980390796232
-0.000613953715945692
-0.0006092876677775694
-0.00038060825035768353
 0.00039410375461368385
-0.000746965242037545
-0.0009803133986995283
 0.00037076633757598954
 0.0002704261189073187
-0.0009966503979480512
-0.0014236767801090178
-0.0019650433194922656
-0.0025040763862791415
-0.0023384007289612985
-0.0027187576591947704
-0.004072172662115958
-0.00427985262021785
-0.0038084920527750588
-0.005712606588440361
-0.005311250198888784
-0.0043055244068765375
-0.005917954867995123
-0.006111633990518728
-0.005117575561488397
-0.004216856036312888
-0.00539759406710244
-0.00579895225070326
-0.004328865412012717
-0.004599549130216651
-0.004629885170994108
-0.0036754957761021
-0.0036778301457230933
-0.0048258995601633825
-0.0036078277618811216
-0.0027024412915129248
-0.004604222354581855
-0.004557553799679037
-0.0051549236813752675
-0.005341602386109756
-0.0044502167513197355
-0.0058152991172228385
-0.004858576249734403
-0.004363880956327837
-0.006529344422786965
-0.005864305629845246
-0.0036451740877188055
-0.004298547311727963
-0.005943646389195867
-0.003880857511026403
-0.003607842114275339
-0.005014926986913137
-0.003642845997270272
-0.0037245184351679117
-0.003355830661965542
-0.0031644868060876075
-0.0036848520921035077
-0.002310437629864215
-0.003288163544769296
-0.00282847034030842
-0.0027327988608817355
-0.004916930108111783
-0.0013700526586489792
-0.0031178245303572494
-0.004702253320319372
-0.0015894017737819177
-0.0042215597595157694
-0.0026464666539883774
-0.0032181683371244607
-0.004583250703027564
-0.0023337840171482327
-0.0040465537999109236
-0.0035518585065044683
-0.0023757892149569027
-0.00279814865192507
-0.0039462180663654145
-0.0025298010973914264
-0.002746814945878806
-0.0037525425319403505
-0.0012347264974781336
-0.0022567883917142817
-0.0011413893876724424
-0.002627812328586887
-0.002613812390033332
 0.0008653943541347409
-0.0030571739773935236
-0.002294129335404127
-0.0012207328380969829
-0.002023448308274056
-8.900042290516108e-05
 0.0003006886036645562
 0.0008747219653477689
-0.00012400520292465966
 0.0011897389718088514
 0.001875779018118029
 0.0014440856907643185
 0.003019178796291655
 0.002277133613620308
 0.002057786292536612
 0.0035138722956489787
 0.004974625243954034
 0.004407590506010639
 0.004715607991707338
 0.005518321667835113
 0.005063293614517683
 0.007784121764864371
 0.008250815387114419
 0.007632444252050841
 0.009037193858042969
 0.00844682439413591
 0.010189927526602138
 0.009996248404078478
 0.009272871002178162
 0.012938755554056103
 0.012010032563674777
 0.011762683571434618
 0.012803411452392499
 0.012651734836603534
 0.012521059474182028
 0.009398872243209844
 0.011972691619985043
 0.011858350565738085
 0.009132853676149355
 0.012633061673684776
 0.010367258885581598
 0.01020391490681083
 0.011723004670025239
 0.009256523238633907
 0.01112796736390076
 0.012061355505425475
 0.012063688080997226
 0.012301701388802655
 0.011414980905156136
 0.010726605592201344
 0.011884007102977878
 0.012229360150216528
 0.010378915484267837
 0.010931947592583702
 0.010679931655150687
 0.010010224122966926
 0.010451249546656827
 0.010292572513078801
 0.008698809832731136
 0.009408184605004033
 0.010392909143648987
 0.009004492051782165
 0.009853875179837435
 0.009254171825544832
 0.010026550357919772
 0.009494517708922012
 0.0073640563314085195
 0.009359174504283085
 0.007788746549899139
 0.006442331964767123
 0.008372112904943274
 0.006545002964958246
 0.00553694190630033
 0.0056792828376544535
 0.004134523081830599
 0.00501424135363876
 0.004150855595956016
 0.005268588072594227
 0.005023572552950328
 0.004029512329870644
 0.007247370143244891
 0.0029701139770678675
 0.0038568326666650887
 0.005611603162113288
 0.002680760684043715
 0.0035978145173937714
 0.0015560250985424129
 0.003114783895895201
 0.0009703216828034211
-0.0009221254898800213
 0.0024240733162947947
-0.0015825000287029156
-0.0009197947083575686
-0.0005347726269805952
-0.0025765620458318983
 0.0005059543569526648
-0.0026862370519107337
-0.002548563065749354
-0.00035043277699031705
-0.0029079196396400997
-0.0017831867452127725
-0.001330493958540957
-0.0017388525599310034
-0.0021028751819898717
-0.0018555279837988992
-0.0018601958260163198
-0.002833254795728657
-0.0034772941293523263
-0.003743310902363517
-0.0033559553483901716
-0.004203006797898368
-0.0021215501389579283
-0.003978995222695791
-0.0068281661598922905
-0.0035869736205543234
-0.0035053029767058708
-0.003848324345397447
-0.00385065871501844
-0.0028029304162713875
-0.0030362785729334263
-0.0037666563926229135
-0.0009244876672647728
-0.0018998801095734819
-0.0020445563075732753
-0.00101082884440451
-0.0024575827511806314
-0.0016828707462093195
-0.00010544416808555557
-0.0017458763003606603
-0.0026302633114108076
-0.000875492815962664
-0.0018018823337475065
-0.0013841916360213258
-0.0004228018233401465
-0.002912617980695198
-0.0020889030512000195
-0.0016758792986665827
-0.002772612315986689
-0.0023992575975915753
-0.004186698503438169
-0.003064299081607269
-0.0031296372113303605
-0.003033965731903676
-0.0022545867817396203
-0.005103757718936119
-0.003734010201889626
-0.0037596792974743387
-0.0034306605584103478
-0.0031693125246411435
-0.004158705802528084
-0.002644282984506474
-0.0037410160018265803
-0.0031343140237941047
-0.003325659673721393
-0.003927696500610367
-0.0033163275773851475
-0.004973094017834856
-0.004527401648952212
-0.003059648282857985
-0.004961429345926915
-0.004889092592464006
-0.003227661000870796
-0.005225114440391032
-0.005094440872018713
-0.004949766468068273
-0.004840094153063357
-0.004728088365462013
-0.005764151095276504
-0.005054776323003607
-0.005337127404189401
-0.005059445062245593
-0.00546313671844284
-0.004837766959639445
-0.005005777883602902
-0.005890164894653105
-0.004676760041563588
-0.004114394042862235
-0.0035916970782992608
-0.0050267836220935225
-0.003820379186793066
-0.0035216955914819104
-0.004247406465978709
-0.0016549193084325342
-0.00211694777953908
-0.001143890603876041
 0.0005758778026265232
 6.251293439973882e-05
 0.0005595417004026215
 0.0005945428923235796
 0.0006808804813647762
 0.0013412523291138068
 0.0017332748282798405
 0.0027460010380812583
 0.0018592805544347946
 0.003170691256571989
 0.0046991149101718865
 0.002855670662012255
 0.00464077630121329
 0.0036070470439952262
 0.004913790800939677
 0.006409545838190367
 0.0036187117159032223
 0.00507013077382279
 0.004836782617160806
 0.004064402290736624
 0.0031543470811263297
 0.0033456909370043197
 0.0028183252331993036
 0.0030796732669684523
 0.003821716655590557
 0.0020809452016714025
 0.004132066716858951
 0.002409963043710772
 0.002738981782774763
 0.004934778598937484
 0.004118062293182123
 0.005952170856906969
 0.004916108127092589
 0.005254460756542123
 0.005749156049948578
 0.005543809564443114
 0.0063628575487455485
 0.0051517843742031055
 0.006404858261430946
 0.006106172872070548
 0.005275455730737011
 0.0058284878390528205
 0.005903158065112157
 0.006866881350389709
 0.006215841598976868
 0.006649866604877708
 0.007361574849746977
 0.008021946697495952
 0.007886604389881646
 0.007293901453378215
 0.008406966984823683
 0.007179559502106636
 0.007242562365184058
 0.007382569823941865
 0.005553126411360465
 0.004360721017589053
 0.004344385812389828
 0.004349051860557951
 0.002379600092194123
 0.002731953557221889
 0.002715618352022664
 0.0011218556716749983
 0.0012501957674508901
 0.0012525283430226408
 0.001147521179161226
 0.0008465023172044006
 0.0005454834552475751
 0.001056513056828745
 0.000865167406901457
 0.0008955016536296712
 0.0020505696918098892
 0.001812554589955162
 0.0018055532751413694
 0.001966561987266524
 0.001303854872871879
 0.0013901924619129646
 0.0010868401273598227
 0.0009468308745528287
 0.0014111910242064485
 0.0002981236987117386
 0.0014228565931390658
 0.0017262071336429652
-0.000985288920367533
 0.0005244669524613887
-0.00011023849077679282
-0.0006189364138108333
-7.290472328413955e-05
-0.002014354820491393
-0.0016946699718128344
-0.0030970878992579443
-0.0033094348025525244
-0.002924412721175551
-0.00396514239618273
-0.0033934425070958896
-0.0032627689387235703
-0.00419149192910484
-0.004728191523295344
-0.0035497887591514066
-0.003696798429747572
-0.0035427901354115887
-0.002803080219385856
-0.004137827441536068
-0.003993153037585573
-0.0036781351340998136
-0.00453218700139707
-0.0046745297268004915
-0.004282507227634458
-0.004275507706869908
-0.004814540773656784
-0.005337239532269111
-0.0044831894590210974
-0.0034681297766233077
-0.00512956316226576
-0.004884549436671215
-0.0027470894354178488
-0.003930160938803773
-0.004403856772892234
-0.0026070837707093397
-0.0030761126596050015
-0.003293126508092381
-0.002751761762758431
-0.002168394510689675
-0.002002718853371832
-0.0023900762013944754
-0.0006143044525789287
-0.001001661800601572
-0.0006143062466281712
 0.0003844191275949038
-0.0003156235483416925
 0.0009841197908136423
 0.0009514502774397582
 0.0013224715232384998
 0.002157853815715538
 0.0018475010633731692
 0.0023935327538999185
 0.001495144907271595
 0.001299132312151563
 0.0018498309478710007
 0.0009561100464354211
 0.0007344292527552976
 0.0005920865273518761
 0.000477745473104918
-0.00044397709948718056
 5.7718611708501566e-05
 0.0003073992824957905
-0.0017483909719337998
-0.0006119907145245573
 9.738405774822878e-05
-0.0014100401365335635
-0.0010180176373674743
-0.0006563302819542205
-0.0008710106578452281
-0.0013657077453010369
-0.0009246823216110811
 0.00016504848387061122
-0.00129337278588737
-0.0014193812031161324
-7.530188462978593e-05
-0.0004859939586160933
-0.001844075906730025
-0.0008056814983685157
 0.00041939071770286107
-0.0012980460102525737
-0.0013983862289212445
-1.2304403700147404e-05
 0.000524393396441114
-0.0005326705867406689
-4.2642238526846565e-05
 0.0009420823001180523
-0.00103903683122758
-0.001043704673444945
-0.00012898431269126043
-0.0018394206228575793
-0.0020611014165376473
-0.0014147304043668485
-0.0022851165798388196
-0.0028078153384510363
-0.0028054827628792856
-0.0015594092934406167
-0.002415794633334245
-0.003906884519441434
-0.0019257671821450995
-0.0015150769022080346
-0.0029478299734059243
-0.003367855937777775
-0.0016177523875223754
-0.0017880967840822604
-0.0036315410322418362
-0.0024974742474290768
-0.0022244588506780127
-0.0035918746891774322
-0.004135574701157052
-0.0023364682263778414
-0.003167185367711378
-0.0049826279447144906
-0.004235917610899698
-0.004583605924783962
-0.0049452950742464585
-0.0045929416092186925
-0.003463541769598677
-0.004287258493143098
-0.004396932602197257
-0.004396933499221933
-0.004693285415985959
-0.004053914821604276
-0.004893965853323301
-0.004912634531118953
-0.00509697976325707
-0.00481696394871689
-0.005199654351546845
-0.004814632270169816
-0.004583619380153503
-0.004977977145965262
-0.004186930832819291
-0.005061983953483951
-0.0036198987859498155
-0.00329088004688588
-0.00424993818101993
-0.0025791726990412323
-0.003552231668753625
-0.003531231312410843
-0.003048203381986192
-0.004681635096472181
-0.00288252862169297
-0.0029642010595906654
-0.0039092583581464835
-0.0026748522516896744
-0.00403760114499635
-0.0036572460088121206
-0.003283891290417007
-0.00409827412357594
-0.003211555433978719
-0.0034915730425681413
-0.004422629505545783
-0.0039746036640667115
-0.0037109221577011353
-0.004511304155281837
-0.0040982804027484
-0.004702650702233746
-0.004340963346820492
-0.004606980119831738
-0.005020005666414473
-0.0032535678079844144
-0.004844997015735764
-0.0034752494986892146
-0.0035685892995687696
-0.0039536131749949854
-0.0016621439823810147
-0.0028638832665379144
-0.0012724558528359187
-0.0006237513680688034
-0.0016784818786541589
-0.00043707535440812295
 0.0009676742515840053
 1.615699660728609e-06
 0.00015329052140039545
 0.0022394141255335787
 0.001140347635617045
 0.00045197232266225296
 0.0022160767084958843
 0.0028414464672993356
 0.0019197238947071815
 0.0032381350146335475
 0.005046575379798246
 0.004654551086582859
 0.005321923352121005
 0.006901683402841197
 0.006423320623559936
 0.006208640247668984
 0.007417378155565757
 0.007921407339357811
 0.007669391401924797
 0.007730060792405902
 0.007961073682422215
 0.007690389964218225
 0.007067351883961903
 0.007125687801846636
 0.0074663739038925425
 0.005436251848023044
 0.005769937532279779
 0.00695300724161646
 0.005247237876642885
 0.004960219850264291
 0.005013888822956281
 0.0056532594173379636
 0.004241507599507421
 0.004185503360169818
 0.006098949992171365
 0.0031681075141017367
 0.0021903815991966558
 0.002318721694972603
 0.0022253818940929926
 0.0014109990609340595
 0.00011592087292222608
 0.00038426932448049067
-0.0014335067251189937
-0.0011581578557715577
-0.0018185314975698863
-0.002847593809595206
-0.002845261234023455
-0.00351963571139996
-0.003822988045953102
-0.005118066233965046
-0.005437752876692792
-0.006007121087232503
-0.006711830708361954
-0.007901902629536994
-0.007120190206776511
-0.006886843844163826
-0.008335931223536375
-0.007332538904120445
-0.007078191288140356
-0.00654149348799915
-0.0068378454047631765
-0.006595165151765003
-0.005601106722734561
-0.004730722341311944
-0.003958343808937004
-0.0053140922844545635
-0.0038090033568183856
-0.004107688746178839
-0.004280366615335041
-0.003638662548357041
-0.004569719011334683
-0.0024159247019066576
-0.00424303464189163
-0.003692336006172192
-0.002688943686756262
-0.004964080365244927
-0.0032513123765315344
-0.0034216567730914194
-0.002999299130172439
-0.002030908899702144
-0.0017672273933366234
-0.001438208654272577
-0.0027519546230554415
-0.001804565645952494
-0.0007055009500852583
-0.0018139013303872797
-0.001711229433171424
 9.721093199321906e-05
 0.00039822799990080204
 0.0009372592726384354
 0.0018169775444464853
 0.0029720455826267034
 0.0038960998337659314
 0.0030070458775229847
 0.005667203740364002
 0.00650258603284104
 0.0052145082626183226
 0.007256295887420383
 0.007316965277901433
 0.005662532310048096
 0.005643863632252444
 0.006752262218505167
 0.005653195728588689
 0.005027824175735995
 0.006257563337000116
 0.006577248185678619
 0.005130494278902498
 0.003933421939938286
 0.005937874003198396
 0.004584459000277208
 0.003424722222855059
 0.004883141698563742
 0.004185432495223462
 0.004855138233357981
 0.004456113522353478
 0.00414576077001122
 0.0037934055109342113
 0.0032170368826053286
 0.004164425859708276
 0.003266038013079897
 0.0028810141376536813
 0.003126027863248171
 0.003140027801801837
 0.0024143169273050935
 0.0019779566547585836
 0.0025473230712490524
 0.002061959874178787
 0.002411979866610181
 0.0025286525994041575
 0.0021622965047489173
 0.0022182989500372785
 0.0018239411842254638
 0.001795938616044379
 0.0009745553650963301
 0.0004308553531167103
 0.000745873256602414
 0.0006151978941809078
 0.000561527127439676
 4.3495314020147724e-05
-0.00012218213734699335
-0.00024352360938301176
-0.0010415721343673412
-0.00025519276641422506
 0.000535853546731746
-0.0006098823951121712
 0.0007225295603923154
 0.0008835382725174701
-0.0008268980376488488
 0.0006455222736380661
 7.382059050198286e-05
-0.0002692007781895378
 0.0005311794253419211
 0.0006548525759250134
 0.0005428449942744829
-0.00034620896196840834
 0.0009885364661325058
-0.00040688104352337717
-0.0011652605343693279
 0.00012048196920777521
-0.0006845669735657256
-0.0006799009253976029
-0.002296998331708988
-0.0010229231911138004
-0.0007242395958026449
-0.0020636537631455454
-0.00043722426049791485
-0.003643416504939656
-0.004240786386635831
-0.0008572520189190636
-0.0010439307236536077
-0.0033354017103168765
-0.0029200444851870677
-0.0019446538369276012
-0.0036294219485338286
-0.0034754136541978453
-0.002259675328511901
 0.0005054888011658543
-0.0013869583715175882
-0.0026843700321257935
-0.0010159380227435233
-0.002875716579077703
-0.0008292620090828984
-0.0022130121557569216
-0.0019259959234276813
-0.0008689337342951409
-0.005547547187048363
-0.003123070056441135
-0.0022386848394402303
-0.005087855776636729
-0.004903512338547855
-0.005027187283180357
-0.005062190269150557
-0.0056292250070938965
-0.00649027729218038
-0.005689897088648921
-0.005143865398122172
-0.004240812400350291
-0.002481374959709459
-0.0045885016112592325
-0.004775180315993721
-0.0027753951979264113
-0.003190754217105518
-0.0019213460217030187
-0.0016179954811991193
-0.0025187168004238703
-0.002936409292199349
-0.0018140098703683938
-0.00018291342252807485
-0.000684610927772944
-0.000332257462745178
 0.000773807650911118
 0.0015835217448280647
 0.001296503718449471
 0.0011004911233294945
 0.002260226106702401
 0.003251951063136471
 0.003258950583900966
 0.0019428711425217293
 0.003461960905736139
 0.0038703177130768873
 0.0021972169644525197
 0.002787584634310336
 0.001658183000640967
 0.003823644673050852
 0.004505017774167175
 0.00244922751973764
 0.004012653262283172
 0.0033522796204848992
 0.004472345569719427
 0.004327669371719689
 0.0019568603167797183
 0.003685962613667715
 0.004068651222448316
 0.002661566349810518
 0.0035902875461424344
 0.003172595054367011
 0.0015228290317064186
 0.00279457069970529
 0.0020408581540520276
 0.00032342142609659286
-0.0001502744079918128
 6.907111904258523e-05
-0.001020661480488405
-0.0030414496459723606
-0.0014593561226558527
-0.002059059476948455
-0.002997116357715157
-0.0030764553230164804
-0.0032841352811184277
-0.002756771371362654
-0.004152188881018537
-0.003230468102475681
-0.00216640549555408
-0.003757834703305374
-0.004404207509525415
-0.002588766726571601
-0.004509215570411507
-0.005216258664137274
-0.002595769835434636
-0.005024915705283961
-0.0044905513777390715
-0.0047122321714191395
-0.00497124852664127
-0.004000524823574547
-0.0054566126207361565
-0.0029271292232921353
-0.004541893157007093
-0.005731965078182133
-0.0031184766672686104
-0.0036808444600192614
-0.0044158892249014925
-0.0034521659396238857
-0.0020614171692100447
-0.0033378275764509024
-0.0035128389182035313
-0.001956413593447115
-0.001576058457262941
-0.0015830597720766781
-0.0012517075604162597
-0.0006730072535403586
-0.00021098057648305524
 1.0698423147770253e-05
 0.00011337032036362604
 0.0016114588302106325
 0.0012824382970973436
 0.00040738517643273964
 0.001466780838161541
 0.001536784119028134
 0.00100008452483763
 0.0006173941220077306
 0.0021341504126258237
 0.0031212084238670945
 0.0014551080930318983
 0.0018237958662342124
 0.0029438618154687957
 0.002411829166471091
 0.003363885088766727
 0.004586623832241732
 0.0050183153655462
 0.0038772463688950265
 0.00348055513048684
 0.0060637083976475825
 0.00491797245580361
 0.0044979464914317036
 0.0065187328628664165
 0.0058536922758753995
 0.0046216178479656644
 0.0049506365870296
 0.006871083636820263
 0.005636675736314156
 0.004472272013699152
 0.0059563596879679825
 0.006514058741476592
 0.005288984731355917
 0.004957630725646256
 0.006980750569677396
 0.006418382776926745
 0.004700946048971311
 0.005482658471731738
 0.006091693922360586
 0.004003235051581733
 0.004126908202164881
 0.005828008827896469
 0.0043929222841022075
 0.0037465494778821107
 0.004642602057864875
 0.004556262674774436
 0.0032238489252205405
 0.004306579312913172
 0.004955283797680343
 0.0037652118765053033
 0.004276241478086418
 0.0038212134247689877
 0.004929612011021711
 0.003149171522964178
 0.000953372912752215
 0.0027828145312843167
 0.00044700756528992525
-0.00043037902797110617
-0.0012984317308466498
-0.003193212376126464
-0.003188546327958397
-0.004471957152988371
-0.00440428734471815
-0.005862708614476186
-0.0071344520765243
-0.007015445871133841
-0.006996778987387486
-0.007668819992167675
-0.00916224335087129
-0.008378197455514436
-0.008749220495362475
-0.008646548598146675
-0.007829834086440612
-0.008210191016674084
-0.008606882255082271
-0.008690888165576338
-0.007846171982713757
-0.00835253643315148
-0.00712279727188736
-0.006679438375601032
-0.006798446375040679
-0.005459034001747021
-0.006497430204157828
-0.005064678927009181
-0.004628320448512024
-0.005447370226863701
-0.004488313886778894
-0.004310970866479191
-0.0037112693062358315
-0.004630658406231558
-0.004434647605160824
-0.003916617585790649
-0.004399647310264543
-0.004079962461585984
-0.004679665815878642
-0.004168636214297472
-0.004616663849825786
-0.004670334616567018
-0.0035059326880013675
-0.0041966414735525315
-0.0035222687902252137
-0.003697280131977898
-0.004019300247302071
-0.003953963911628222
-0.005015694840002749
-0.0036996171926728105
-0.0035152737545839363
-0.004707679148355348
-0.005088036078588876
-0.004707680942404646
-0.003795294054247278
-0.004647012448948162
-0.004637679455587351
-0.0036342871361714213
-0.003729960409647348
-0.0032936019311502474
-0.0022785422487524576
-0.0021805372967294012
-0.0024862231038789706
-0.0013521563190661001
-0.00040943428715589647
-0.0005121079784209392
 0.0007456328539995893
 0.0017326908652409156
 0.0012869967023089735
 0.0017420229615771055
 0.0030417663007324958
 0.0029460930272565133
 0.0028620871167625017
 0.004493183564602765
 0.0041734969218750195
 0.0041641621344649105
 0.005358899206783396
 0.005445236795824593
 0.007225675489832828
 0.007307346133681281
 0.007151002572699572
 0.009162455053748797
 0.008224398172982095
 0.007965381817759964
 0.009797156908888438
 0.009176452301228544
 0.00881242967916962
 0.01020784539477626
 0.00972248219770594
 0.00913211273379888
 0.009638475390187251
 0.008331729839193502
 0.00891743056385863
 0.010338514478025307
 0.008471735503902011
 0.008413397791968036
 0.010128499253277856
 0.009006098037397603
 0.007799691808047904
 0.00948679159820126
 0.009463455975212864
 0.00844606102616946
 0.008616403628680047
 0.008467060485487565
 0.0092814415245972
 0.00803769973370555
 0.007839353665989202
 0.008245377000733467
 0.006280592177562494
 0.006649279950764864
 0.006392597068139161
 0.005580547707576544
 0.005519876523046252
 0.005802225810182804
 0.005727553790074169
 0.004901503593933376
 0.0054195336133036065
 0.004978506395564408
 0.004616817246101912
 0.005790553065053106
 0.005428863915590609
 0.0040544476593020184
 0.005132511101801851
 0.004941165451874618
 0.0039587725917767935
 0.005034502561680254
 0.004784820096843723
 0.005218845102744507
 0.004728814960481442
 0.003783757661925624
 0.004749814419799547
 0.004453462503035466
 0.0035294064578469952
 0.003571408067557069
 0.004826815427381337
 0.00411510538846277
 0.0035830727394650097
 0.0049621541468970465
 0.004355450374815328
 0.004441787963856525
 0.004157103410074359
 0.004784806641474126
 0.006166221521502535
 0.005006484744080331
 0.005683190900003965
 0.006709917945383614
 0.00702026890367663
 0.006831256726345769
 0.00701793363703096
 0.007860316347297114
 0.00723494479444442
 0.007006263582975236
 0.007388952191755782
 0.007428620328869484
 0.006252549243272731
 0.0062315470928806516
 0.006226879250663286
 0.005617842005985252
 0.0060378661763078045
 0.005239817651323475
 0.006303880258245076
 0.005956191944360811
 0.0051814781453402015
 0.007080923941763517
 0.005232812748411142
 0.004950461667225292
 0.005937519678466618
 0.005337816324174072
 0.005151137619439583
 0.004133742670396068
 0.004910788147963807
 0.0035877082887954548
 0.002287963155590822
 0.003580706076957041
 0.003648375885227262
 0.002602979265027394
 0.0017185922539771914
 0.0031210083873729477
 0.002070944821980336
 0.001515577447018801
 0.0031116718059135406
 0.0017185877688540296
 0.0007058597650033693
 0.0009182048742486515
 0.0014619030921790288
-0.00015286084153592894
-0.0007782323943886782
-0.00014352874519973913
-0.002883026470366701
-0.0034967306602375348
-0.0032027140101191787
-0.005078826874627962
-0.0055805243798728865
-0.005634195146614118
-0.005440517818139756
-0.005235173126683534
-0.008135680461000327
-0.007346967620450728
-0.006355242664016658
-0.009790115222902906
-0.00854170828086781
-0.007928005885046219
-0.008597713417230035
-0.00982278742735071
-0.010840182376394114
-0.009325759558372448
-0.010870519314196192
-0.01129287875116447
-0.011164538655388578
-0.011080534538943754
-0.011311549223009365
-0.013224997649060155
-0.01199059154260329
-0.011747911289605062
-0.015084777999443633
-0.01505677722531179
-0.01288431513511279
-0.01451307990440609
-0.015038112135614734
-0.01488877078647144
-0.014541084266636528
-0.014564419889624869
-0.016776552808011436
-0.01366136778887761
-0.012683643668021827
-0.015059119668154541
-0.013341684734248349
-0.010945209274797585
-0.010746865001130479
-0.011831930655468725
-0.008821751903171693
-0.008625741102101014
-0.010072495008877136
-0.006679626750774881
-0.006152262841019163
-0.007073985413611261
-0.0075640155558742705
-0.005825579368600731
-0.005431223396838325
-0.0076550236782067516
-0.00418981776961691
-0.004383496892140626
-0.006119601400867036
-0.0032961004562798712
-0.0025773917936214863
-0.0013523195775501096
-0.003116425757433039
-0.0017630125485610937
 0.0011188252109353702
-0.0018096837945378308
 0.0011654928688135668
 0.0016531877444309062
-2.9246894578893734e-05
 0.0006054567546100453
-0.00035593485212043197
 0.001956535593860942
-0.0005916173784034084
-0.0012986604721291761
 0.0005051129478427785
-0.0019146990316210588
-0.0013383321973414186
-0.001774692469887873
-0.0010489833894404277
-0.0017840281543226588
-0.0033451222183210616
-0.0010279848271469993
-0.001445677318922478
-0.0014433447433506719
-0.00229272966545524
-0.0024630740620151803
-0.001522685502701293
-0.0028480988344660174
-0.002565749547329521
-0.0020407191101701194
-0.0021153911302786987
-0.003438470989447051
-0.0024047435262782857
-0.0026310912651510976
-0.004070844754138103
-0.0019333847528847925
-0.0030814541673250817
-0.003384806501878279
-0.003230798207542296
-0.002782772366063224
-0.00144802693796231
-0.0033988109255550514
-0.0022950792844951273
-0.0012403505679589588
-0.001980062278033934
-0.001669711319740974
-0.0015763733129106616
-0.00033730026126099766
 0.0005517519009325955
-1.2820014325676254e-06
-1.0616788842676694e-05
 0.0007384270175685437
 0.0005890838743760063
 0.0013427946259799706
 0.002038168562674636
 0.0028175475128386918
 0.003697265784646797
 0.003323909272202441
 0.005725051676846005
 0.005358695582190709
 0.004261962564870603
 0.007498488159015826
 0.007211470132637232
 0.0066584362302721245
 0.007972180405005691
 0.007895174912300795
 0.008053850151829467
 0.008420204452435465
 0.008275528254435727
 0.008343198062705837
 0.00865588249359528
 0.00870488452109447
 0.009169244670748145
 0.008406198234709394
 0.007944169763602849
 0.0074378053131652355
 0.006887104883396444
 0.00765481647057864
 0.006940772959063757
 0.006950105952424623
 0.005858039880297206
 0.005610690888057046
 0.006035382003572343
 0.0030088671490514085
 0.0040869305915512966
 0.004924646356624707
 0.0023554921309929533
 0.0028221857532430006
 0.002257484487896033
 0.001086080347491969
 0.0007033899446620695
-0.00020899873754454124
 0.0003603676789459276
 0.000558711952612978
-0.0005543553728817319
-0.0007900370021400316
-1.5324997168719712e-05
-0.002220457497766226
-0.0026171487361743018
-0.0010210543772795622
-0.001749098724372733
-0.0015344201425309678
-0.0024794774410868414
-0.0011680667389495913
-0.0011867354167452993
-0.0030931834250069734
-0.002561152570058456
-0.0028645049046116533
-0.002311472796295788
-0.0034805434641034805
-0.0032541975192798556
-0.003139858259082251
-0.004369599214395614
-0.0030511880944693037
-0.00397524413965783
-0.004705621959347317
-0.004509611158276583
-0.004532946781264979
-0.003699897961384313
-0.0045469494108924535
-0.00511631762143222
-0.005085983374704006
-0.006336725583384772
-0.0059797051731642625
-0.006467401842830955
-0.006777754595173269
-0.006248057212821123
-0.007382125791683181
-0.0055550176457475064
-0.007011105442909116
-0.008756543842021014
-0.005979712349361399
-0.007032109387350438
-0.007718151227708803
-0.006777762668394971
-0.006598086175498896
-0.006798765715811617
-0.007629482857145153
-0.005874712361697065
-0.005790708245252241
-0.007361136199636131
-0.004838653219981226
-0.004481632809760716
-0.00591438588095855
-0.00467297935671257
-0.005244681039848709
-0.006493089775933103
-0.006698436261438567
-0.007155797787352425
-0.00619440797467119
-0.006448757384700521
-0.005975063344661358
-0.004983338388227343
-0.007137134491704611
-0.00447230968367085
-0.004530647395604825
-0.006122076603356119
-0.0033149099669435578
-0.005314696879060166
-0.0042132987105966135
-0.003755938978732054
-0.005326366933115945
-0.004000955395400518
-0.005303034001201523
-0.004525988523633784
-0.004108297825907603
-0.004262307914292884
-0.0031912448895821677
-0.004222640674203804
-0.004406985906341976
-0.004525993905781622
-0.0034455969906853623
-0.0025635452462809405
-0.004003298735267891
-0.0024538738283006456
-0.0007947757093037522
-0.0028272312377696784
-0.0023418698347486
-0.0010421264955932652
-0.0034502711120752427
-0.0013011437478400167
 0.00013627447450137442
-0.001025795775517202
 0.00045129148096245686
-0.0020081895326397037
-0.0006687771593459901
 0.0008479791312720475
-0.0005357710154020312
 0.001422011595930639
 0.001326338322454712
 0.002112717690407828
 0.0027754230107532862
 0.002833758928637964
 0.0021220488897193968
 0.0010976535228868767
 0.002327392684151053
 0.002894425628045094
 0.0032001096411453656
 0.002721746861864216
 0.003561796099533998
 0.0033354483606611307
 0.0028827537799400726
 0.005335232581703875
 0.005370233773624777
 0.004798532090488694
 0.006917324310971085
 0.008959111935773145
 0.00795805129490429
 0.008065390137312833
 0.00977582465342991
 0.009358132161654431
 0.008858768129005878
 0.009400132874339884
 0.011327580341919663
 0.01068587448089231
 0.00884943065052185
 0.009346459416524733
 0.009283454759398013
 0.008609080282021453
 0.00841773463209422
 0.010100167477054833
 0.009066438219836714
 0.008499403481893375
 0.010289176066287153
 0.008702413803728548
 0.0089847630908651
 0.009257778487616164
 0.009297446624729866
 0.009782808027750889
 0.007671014431008372
 0.009038428475458549
 0.0099974848155433
 0.006991971214389825
 0.006935966975052221
 0.006872962317925446
 0.006490271915095602
 0.007096973893128078
 0.006028242546964435
 0.006317592251890047
 0.00527219563169018
 0.005006178858678989
 0.0046304888736382055
 0.003039059665886912
 0.004156792142525179
 0.0030670595429941883
 0.0031953996387700245
 0.0031837313787635435
 0.0018746523551734784
 0.0019516560538291317
 0.00017821598356071444
-1.4623033846583589e-06
 0.0003158890726974728
-0.0003491515142935997
-0.0009115193070441951
-0.002017586214749789
-0.002073590454087393
-0.0019755855020643365
-0.003254329381901566
-0.003244996388540755
-0.0012078757089314385
-0.001268546893461786
-0.002360612965589093
-0.0015252306731121101
-0.0009675316196035011
-0.0027363047446791744
-0.001858919945467441
 0.00013619822740718046
-0.001520568213042528
-0.001480900075928826
-0.0004308383045854569
-0.0001321547092743014
-0.0014389002602679946
-0.002010601943404189
-0.00038183896816018636
-0.0014015673897999625
-0.0022322845311334993
-0.001431904327602096
-0.0006828605211908756
-0.0021576160991234605
-0.003627704731863357
-0.00234896264607537
-0.002138951009426404
-0.003917058024887621
-0.0035927062310163183
-0.0015812537499670931
-0.0031866837932966185
-0.0038890599418296423
-0.002278964747356671
-0.003392032072851381
-0.0034853718737309913
-0.002502980807682409
-0.0029953444225417902
-0.001714268864157431
-0.0008742196264877045
-0.0016162648091590515
-0.0018799481095738702
-0.0017679423219726376
-0.0011729077069220772
-0.001254580144819717
-0.0012172454803023869
-0.00028385733877772656
 0.00042085048830242666
-0.0006268796044938685
-0.0004915390909288608
 0.001174559445857093
 0.0005935238723355218
-6.451629686643479e-05
 0.002007606471688461
 0.0025093021828841433
 0.0008595361602235507
 0.002807984881170622
 0.0026633086831708286
 0.0004885113263262686
 0.0022642830751417042
 0.003204671634455536
 0.0019305946998110501
 0.0008105269565272244
 0.002131271549049907
 0.002649301568420137
 0.00036249752694961224
 0.0017789144959236003
 0.0028896465547726957
 0.00015714924739484992
 0.0013985557716408858
 0.0035383492454905685
 0.0019165848939864394
 0.0020985948594789416
 0.0036060172597114915
 0.0038696987660770676
 0.0025769540506615507
 0.00238794187333069
 0.00428738766975395
 0.002833633345188713
 0.002733293126520042
 0.0038183569868089906
 0.002404271696382132
 0.0015385524661029604
 0.0019795778897928606
 0.003988696898245714
 0.0031159772501774263
 0.002994635778141408
 0.004590730137036092
 0.003907021769274099
 0.004000359776104412
 0.005017752931098518
 0.0054004415398791195
 0.004476385494690649
 0.00520209457513815
 0.006014142141651413
 0.00428737152331049
 0.00456738733785067
 0.0062591540731967155
 0.0054377708222486665
 0.004917405536232766
 0.005204421768562062
 0.0050620790431586404
 0.005272090679807606
 0.004614050510605705
 0.005652444918967159
 0.005993131021013065
 0.004667717689248341
 0.006011797007734743
 0.006032797364077469
 0.004621045546246982
 0.005486762982476856
 0.006683833527391714
 0.005701440667293944
 0.0047213812797924914
 0.00507140127222383
 0.005104068991548416
 0.004877721252675604
 0.004049337583938439
 0.00439702410377335
 0.004597701850036884
 0.0031462809980680184
 0.003337624853945953
 0.00324661852566277
 0.0022898938641250366
 0.0029315979311030915
 0.0034776296216297853
 0.003066937547643478
 0.0017718593596316445
 0.0018628638938655295
 0.002894257884437923
 0.0013074956218794287
 0.0013634980671677344
 0.002212881195222949
 0.0017321849433454273
 0.0007381247202657426
 0.0002574284683881656
 0.0026492369826462414
 0.001144146260960821
-0.0009933155343418987
 0.00010574916152533698
 0.00032976163375258993
 0.0005561075785761593
-0.0005359584935512585
-3.426278235557634e-05
 0.00026675428555195113
-0.001460016332789027
-0.0014996862639519715
-0.0011940022508517
-0.0005172960949280103
-0.0024657466099244907
-0.003938168715260704
-0.0020573906996083635
-0.0035111450241736564
-0.00480622321218549
-0.0051982475054008215
-0.004659216232663244
-0.0042088569185878555
-0.006992690623085884
-0.004745557409802981
-0.004551880081328619
-0.008038089037335105
-0.0051305830792784946
-0.0034294824535469615
-0.005564610776253198
-0.005555277782892332
-0.004176196375460295
-0.004778233202349325
-0.004787567989759434
-0.0035858304996517765
-0.003032798391335967
-0.002808785919108714
-0.0018660638871985102
-0.001317698724075389
-0.0013200330936964377
 0.0001547206901869047
-0.00045898349968392926
 0.0013517903380771412
 0.002289845424794601
 0.001333120763256923
 0.0036805932981838763
 0.002805540177519217
 0.0037599295724112802
 0.003988608989831277
 0.003521913573531932
 0.004277957797732268
 0.0034705753823624508
 0.004091278195973103
 0.0030598824113514667
 0.004128611963465811
 0.002987542966814638
 0.002429842119256731
 0.00452296614117903
 0.002530179646851538
 0.004413291135100139
 0.003960596554379137
 0.0020961510528521576
 0.005787703803290245
 0.005262671572081545
 0.002854526955599568
 0.004578962307294876
 0.005535685174783311
 0.0028101882851945814
 0.003419223735823429
 0.00561502055198615
 0.003500893482647205
 0.0031508716961665684
 0.0034145532025321446
 0.0038415777906437576
 0.003437886134446566
 0.002054135987772543
 0.0046676243986860655
 0.003141532423633242
 0.0007987250398497348
 0.0033375423276793548
 0.0025441607478877137
 0.0008407248555105107
 0.0021708033384187364
 0.0020237936678225155
-2.9663114010647362e-05
-8.100040815550713e-05
 0.0005980392203645546
 0.00018034672858902034
-0.0008953850353636827
-0.00034468639964418957
-0.00015567601636262696
-0.0033338665896477937
-0.0030211821587584065
-0.0016047651897843629
-0.003770228656243546
-0.004892629872123744
-0.0035742187521974333
-0.0030305205342671115
-0.006551731579219122
-0.006491062188738073
-0.003322207299887636
-0.0061340426755422395
-0.006962426344279404
-0.0036815647708030586
-0.004848301966014434
-0.006486400625693167
-0.003889246522954193
-0.0023771571775289546
-0.004026923200189547
-0.004071260076545236
-0.001800792137298557
-0.002666511367577784
-0.003492561563718577
-0.001553446733156938
-0.0011520903436053609
-0.0016281196502901385
-0.001481111773743271
 0.00110670843861016
-0.00016036807824520993
-0.0009677504936150272
 0.0033398390222655894
 0.0020890968135847676
 0.001977089231934237
 0.003871868083164809
 0.0037971960630562296
 0.004343227753582923
 0.004760918451309104
 0.005197276929806316
 0.005108604074119449
 0.00642701519404576
 0.005696637374356328
 0.007157390322661383
 0.008258788491124991
 0.0056382978683730545
 0.009486193282768118
 0.008769816298656807
 0.005633628232106391
 0.00904283079838325
 0.009168837421562714
 0.008053436623471633
 0.007598408570154203
 0.00766141143323168
 0.008881816704110257
 0.007498066557436234
 0.006179653643460681
 0.008611131191857024
 0.007829416975047354
 0.005463274865300127
 0.0076800729348301955
 0.006511002267022448
 0.004835568045801764
 0.006160979583517245
 0.006100308398986842
 0.005521606298061643
 0.004364202993235811
 0.0044062046029458846
 0.005080577286273147
 0.003804166879032289
 0.004147186453674567
 0.004667549945641114
 0.002471751335429151
 0.00342614073032127
 0.0033281339842489155
 0.0012373416408737459
 0.0021357276934528824
 0.0010856641280602153
 0.000616635239164498
 0.0007916447868678844
-0.00035409115497608834
-0.0006714443251075175
-0.0014578254871099872
-0.0011288067480459407
-0.002517223839912708
-0.002869579098989772
-0.0017961826016826277
-0.004486677402325778
-0.0037423005411073573
-0.0036629633698552766
-0.004766696804964499
-0.004164661772124767
-0.005399069672630985
-0.004636025030641477
-0.005576415384004607
-0.00622978860801382
-0.0056114192669994845
-0.006017444395793048
-0.007244851878510095
-0.007452531836611986
-0.00605011570321623
-0.008077904286489301
-0.008724277092709398
-0.008619271722897226
-0.00769755094435437
-0.0077605556014810895
-0.009849014472259887
-0.008049907997480676
-0.0074058704579062495
-0.009251648178662253
-0.008770953720833974
-0.005660435646892892
-0.005821446153067289
-0.007228531025705087
-0.00605012826156115
-0.004554373224310404
-0.004400364929974476
-0.004755053661647857
-0.002815938831086162
-0.0023772468799926894
-0.003651323814637175
-0.0033689745275006233
-0.002715603097540653
-0.0023049128176036437
-0.0029372847882454534
-0.0030236241713358925
-0.0011638474090509554
-0.0025405971379358627
-0.00416002801684362
-0.0028206156435500174
-0.003065631163193805
-0.0038683466333708783
-0.004556721946325615
-0.0039360191327150185
-0.00433971078891221
-0.006393167570745428
-0.0057677978119420326
-0.004902080375712103
-0.005758465715605787
-0.007093212937755944
-0.0053524432778860875
-0.005198434983550049
-0.008472297933286521
-0.006477179760411955
-0.005000092503932241
-0.0070372149775908555
-0.007513244284275633
-0.006038490500392346
-0.005571796878142299
-0.008495638938422756
-0.007499247036795997
-0.004083044052729967
-0.006740870237023855
-0.008133954274083421
-0.0037096911283841516
-0.00470841829665658
-0.007774602185315838
-0.00503043930900543
-0.003723695552060924
-0.004836762877555689
-0.0060338352165199005
-0.004283731666264501
-0.0027273063415080845
-0.006962560000950357
-0.004934773211726584
-0.001380895344474553
-0.005431804668803331
-0.004314072192165175
-0.002339955272657901
-0.0040667258909988235
-0.004752767731357244
-0.0043840799581549295
-0.0025593052848155717
-0.0037960466579180507
-0.005219465838730508
-0.0028766602489962434
-0.002489304695022898
-0.005443481899056191
-0.004701438510434142
-0.00360704075975965
-0.005392148193009927
-0.005487821466485909
-0.004902120741820781
-0.003912729257983083
-0.006101527450405986
-0.004874121761738237
-0.0032523592042833505
-0.0062578728054368815
-0.004311757557086182
-0.003516044298747467
-0.003408705456338923
-0.003952405468318598
-0.0037073917427239977
-0.002533655923772804
-0.00364205630407477
-0.0021042987600894403
-0.0019549574109461454
-0.002218640711360964
-0.002297979676662343
-0.001782283129888429
-0.0011055769739647947
-0.00019085661321105452
-0.0008932327617440783
-0.0016492787799937125
 0.0013795677530742956
 0.0001778284689173404
 0.000912871439750329
 0.0018205913827149534
-2.985328323373837e-05
 0.0018812598761713817
 0.0010832113511870523
 0.0004485059079488707
 0.0026489696693042797
 0.0005745116341037693
 0.0010528726193356763
 0.0027609736628562698
-0.0004825541431273117
 0.002149602048557242
 0.002464619952043001
 0.0012022103803803197
 0.003194995080658569
 0.0021542654056514454
 0.004963765514660323
 0.004434066338258935
 0.0032113258007346324
 0.004991764494742923
 0.0042987222365953315
 0.0045717376333463955
 0.004623073133442013
 0.004814416989319947
 0.004828416927873558
 0.0047817465789214975
 0.005073429756443537
 0.0049870903733530425
 0.004018698348833449
 0.003584671548883367
 0.00400469571920592
 0.0035660019740630933
 0.003561334131845728
 0.0030643035717935474
 0.0028799583396554307
 0.0033209837633453865
 0.0031506393667855015
 0.003066633456291379
 0.002683943053461535
 0.00315997056609707
 0.003407317764287987
 0.0030456286148254907
 0.003484320565919019
 0.0032439719914679754
 0.003271972765599762
 0.003680329572940455
 0.004147023195190558
 0.0027142701239926126
 0.0023969169538611834
 0.004613715023391307
 0.003204296678157137
 0.002280240632968611
 0.003874001519267034
 0.004760720208864255
 0.0026605939751035423
 0.0024739152703690537
 0.005327751358709054
 0.003213624289370165
 0.0027515958182635636
 0.004632373833915904
 0.003946331993557484
 0.0036196449330405667
 0.002858931969598244
 0.003052609298072606
 0.0023549000947322707
 0.0008124738115048435
 0.002240558143460747
 0.0022475576642252415
 0.00044378245020393337
 0.0008848078738938892
 0.001405171365860547
 0.0002524350062274028
-0.0004592750326911088
-0.0005829499773234992
-0.0004546098815476074
-0.0006272877507039198
-0.0011523199819125085
-0.0011079848996060626
-0.0021930505539443645
-0.0035978019539857353
-0.003499797001962679
-0.0038614861514251753
-0.004916216662010586
-0.00464086779266315
-0.004582531874778473
-0.005676931419502262
-0.004685206463068192
-0.004136841299945071
-0.005065564290326341
-0.004314187011318749
-0.004262851511223131
-0.004073841127941513
-0.003182455493151548
-0.0033994693416389277
-0.0033294660607723348
-0.002935110089009929
-0.0024894177201272294
-0.0016447015372647034
-0.0017987116256499291
-0.0005503046836148884
-0.00046630056717006374
-0.0007626524839340898
 0.0019488417760271104
-3.927777310763769e-05
 0.0005697576775212099
 0.0024622030561553543
 0.0018111633047425135
 0.002641878652026808
 0.001160122656305107
 0.00312257221283041
 0.0028798901657829945
 0.001517141272476319
 0.003365250671779396
 0.002315187106386729
 0.002557867359384902
 0.0024108576887887923
 0.002273181908578059
 0.002788878455351973
 0.0011251115971131487
 0.001458797281369828
 0.00245285571040027
 0.0016828088565724597
 0.00113910884459284
 0.0018834857058112608
 0.0018064802131063096
 0.0006864124698224838
 0.0005744048881718977
-5.330013727716798e-05
-0.0006996729434972093
-0.0009750236068938878
-0.0006016688884988297
-0.00012097443067055069
-0.0008046827984325433
-0.000993694975763515
-0.0005900051136155104
-0.0008536884140303291
-0.0007253483182544374
 0.0002687101107759493
-0.0012573818642768186
-0.002431119477277255
-0.00024232307890370564
 0.0012627658487324722
-0.001789417204348498
-0.003380846412099847
-0.0005666793578981699
-0.0016144094506944096
-0.002330786434805665
-0.002167444250084194
-0.00269480995388921
-0.0025291342965713115
-0.002900157336419351
-0.00177075749679928
-0.002834821897770179
-0.0023331261865744968
-0.002879159671150544
-0.004353915249083129
-0.0014697440169902931
-0.003693544298358775
-0.0035348690588299925
-0.0011313931815900569
-0.005154300834762371
-0.0032735228191100862
-0.0015164188510655707
-0.0040435705699625735
-0.002811497936102081
-0.0028581682850541967
-0.00204845419113725
-0.0023984759776178866
-0.0033225320228064126
-0.001901448108639625
-0.004122914917411735
-0.0036398869869870842
-0.0010287320486699336
-0.0028721762968295095
-0.0038078997049998953
-0.004062249115029226
-0.004400603538528003
-0.003446214143635884
-0.0050819793307183
-0.00491397020080403
-0.004673623420402229
-0.006983762187836529
-0.005772690807343384
-0.004839302665818668
-0.005978038189873469
-0.007063103844211771
-0.0070257691796943855
-0.006706084331015882
-0.00774448053342669
-0.007396794013591723
-0.005929040647497441
-0.00765114432064562
-0.008920554310097417
-0.007312792588220818
-0.007947498031459
-0.008897222275207617
-0.008687210638558651
-0.008680211117794157
-0.009662603977891981
-0.009912286442728568
-0.009650938408959364
-0.010607663070497098
-0.01042565310500465
-0.011128029253537619
-0.010451323097613985
-0.00944793077819811
-0.01098102317104005
-0.010642670541590515
-0.011279709457425069
-0.01128437729964249
-0.00946893651668862
-0.01029265324023304
-0.010215649541577387
-0.010199316130427405
-0.011165374682350626
-0.009732623405201979
-0.0092565958925665
-0.00946894279586108
-0.008731566352431719
-0.009188927878345576
-0.0085868928455059
-0.007994191703051656
-0.008568226858784111
-0.007672174278801458
-0.00725215010847885
-0.007560169388224736
-0.006703785842380405
-0.006113418172522533
-0.007490167901407496
-0.006703788533454325
-0.0048976816408859425
-0.006869466881846087
-0.005831072473484522
-0.005000357126200283
-0.006358439074314215
-0.005156701584206558
-0.005840409951968661
-0.0048883540296729144
-0.0048206842214026935
-0.0052757122747201235
-0.003499940525904688
-0.004881357199982339
-0.005245379822041207
-0.0039223017569222085
-0.0031335889163726094
-0.003936304386549683
-0.003975974317712627
-0.002718233485292043
-0.003054254436194448
-0.002727569169726829
-0.001882852986864303
-0.0019948605685148335
-0.0021792058006530057
-0.001395159905296206
 8.659429637625227e-05
-6.974926460534547e-05
-0.001154814918943592
 0.00034094011830704263
 0.00016126183136166983
-0.0009728067475003876
 0.0006606231729363032
 0.0012486573701977477
-0.0009728094385743069
-0.001584180155848769
 0.0010083070016973505
 0.0009873048513053817
-0.00048045030883808737
 0.00031759642209694405
 0.0024037200262301273
 0.0011133087834109823
 0.00035259581996865963
 0.003750131023263603
 0.004041814200785643
 0.0027467360127738094
 0.0037081258254549887
 0.006043930997400082
 0.005703243101304989
 0.005483895780221182
 0.008510408840692818
 0.008062381205164504
 0.007149992522957893
 0.009938491378599423
 0.010297845261416305
 0.00926178253160187
 0.011308237101596674
 0.012043280072429663
 0.011669923559985307
 0.01160925237545496
 0.01151824604717172
 0.012827323276712543
 0.011212559342997586
 0.011310564295020586
 0.013429356515502977
 0.011035212734599287
 0.011340896747699558
 0.012493631313283349
 0.010776194585327914
 0.010479842668563888
 0.01174691739136996
 0.011562572159231843
 0.009420443418736435
 0.011065540702155041
 0.012722305348555452
 0.010834525121064809
 0.010766853518745345
 0.012694300986325069
 0.012712967870071423
 0.011674571667660671
 0.011532228942257194
 0.013522680169939072
 0.013933370449876137
 0.011219540923269322
 0.014038374922663688
 0.01436972713432405
 0.011585893429826022
 0.013492339644038398
 0.014271718594202454
 0.01398936751301666
 0.01313064870052666
 0.013651012192493206
 0.01492508733308845
 0.01426938063648292
 0.01449572658130649
 0.015163098846844636
 0.015144430169049039
 0.01504642342297674
 0.014474721739840546
 0.014743070191398866
 0.014003358481323891
 0.013412989017416777
 0.014558723165211451
 0.013672002681564988
 0.013515659120583279
 0.012052570905632554
 0.011627877996067959
 0.012925287862626922
 0.011550871606338331
 0.012801612020969855
 0.012068900728683996
 0.011333855963801709
 0.012255576742344565
 0.010139116200409304
 0.011268516040029375
 0.011219512218480887
 0.009266394758291774
 0.010162447338274483
 0.00921739003971861
 0.008403007206559676
 0.008547681610510227
 0.008225661495186054
 0.008195325454408542
 0.00682557614331275
 0.007467280210290805
 0.007406609025760402
 0.006587559247408725
 0.008447336009693718
 0.00734826951977724
 0.00674623269288821
 0.00784996433394819
 0.007719288971526683
 0.006956242535487878
 0.006284201530707745
 0.007026244919329849
 0.006648221461692694
 0.006368203853103271
 0.005875840238243835
 0.005194465343078214
 0.005047455672481993
 0.0035120298070437372
 0.004382414188466355
 0.004011391148618315
 0.001899597551875798
 0.002613639269341439
 0.0030569981656277667
 0.0029543244743626684
 0.0013092253968948198
 0.001339559643623034
 0.0025436306063270075
 0.0016499097048913725
 0.001603239355939312
 0.0020582656152074996
 0.001897255109033047
 0.00100120073500104
 0.0016709064731356138
 0.002683632682936976
 0.0020395933493133067
 0.0018482476993860186
 0.003091987696228371
 0.002513285595303172
 0.0007375120524383827
 0.001960250795913443
 0.0021655954873696093
 0.0015308900441314277
 0.0016078937427871365
 0.001953246790025731
 0.0025412809872871756
 0.0012392023814862263
 0.0025692808643943965
 0.0035376710948646917
 0.002130586222226949
 0.0032809873152143676
 0.003869021512475812
 0.003950692156324209
 0.0035516674453197616
 0.0035563334934878843
 0.004566726230692875
 0.004051027889869774
 0.0036053337269378316
 0.003992689280911121
 0.004284372458433161
 0.003103634427643609
 0.0027512791685666005
 0.003502656447574193
 0.0026322702721022773
 0.0015892071244987815
 0.0017618831996057405
 0.0017665492477738631
 0.0005648099636169079
 0.0005414743406285116
 0.0006254784570733363
 0.00036412862925488954
 0.0006721461149515884
-0.0007186044495116617
-0.0006275999152777212
 0.00017511376085010966
-0.0002589130391000283
-0.0005645988462495422
-0.001397649460179451
-0.0006089366196298518
-0.001598329897516848
-0.0022003667244058223
-0.0008212853169737855
-0.0026367278939769534
-0.003318102789142574
-0.002914412926994625
-0.003138427193271065
-0.004022814204321268
-0.004139488731164542
-0.004279497983971536
-0.005149884159443507
-0.003889809854426496
-0.004914205221259016
-0.006108944087626855
-0.005590914068256625
-0.005373902013818488
-0.005828930067135918
-0.006475302873356015
-0.006155618024677512
-0.006393633126532239
-0.006904664522162651
-0.00657564578309866
-0.005313238005485277
-0.006349300735299657
-0.007093679390567431
-0.004811544088338893
-0.004377519082438108
-0.005905944530087304
-0.004921219991442349
-0.0032621218724455114
-0.004342520581591014
-0.0053692494210199615
-0.004202514019857939
-0.002851434283582366
-0.005161573051016666
-0.00648698638278139
-0.0027977671049396746
-0.0030614504053544933
-0.006003960246405982
-0.003985507347567641
-0.0027767694396708675
-0.004218856401254301
-0.00430519578434474
-0.0025924277956312913
-0.002548092713324901
-0.0051335812471312026
-0.003633159264687713
-0.0017897168105773797
-0.004312201584281694
-0.005037912458778437
-0.0038291745508816644
-0.0035351579007632528
-0.004655225644047134
-0.0048255700406069635
-0.0037055040913723802
-0.004937578519282226
-0.006146318221228242
-0.004538556499351587
-0.004277208465582438
-0.006498675274354548
-0.005506950317920478
-0.004382217423493151
-0.00576596757016723
-0.006066986432124
-0.0053599451324474745
-0.0049329205443358615
-0.006263000821293274
-0.00536694824131051
-0.004235214929094122
-0.005999321108976996
-0.005740306547804164
-0.004746248118773777
-0.004041540291693679
-0.004113878839205887
-0.004935262090153936
-0.0038035287779374927
-0.003311166957127354
-0.0035818506753312884
-0.00341617501801339
-0.0037451955511267343
-0.0036051880923689272
-0.002408117547454014
-0.0018667528021200641
-0.0018457524457773378
-0.0016590755350920916
-0.0022051090196680834
-0.0012927221315107706
-0.0007116883520383865
-0.001992765704471988
-0.001080378816314731
 0.0004387109468997341
-0.0005763505295472982
-0.00032433638616358174
 0.0005670492486263279
-3.0320633069846892e-05
-0.0007000281652536078
-7.699187904663951e-05
 0.002310149690018748
 0.0013090890491499474
 0.0006837174962971981
 0.002795509298990473
 0.0025131582178046785
 0.0023358134034556777
 0.00302885386755386
 0.0042165905220832856
 0.004095249050047267
 0.0035165469491220125
 0.005383324129196065
 0.0047952881378853784
 0.0040205743388647686
 0.004816287597203428
 0.004610941111697964
 0.005082301679140755
 0.0046739430777507085
 0.005049631268742194
 0.0051709709467290255
 0.004209579339998548
 0.004078903977576986
 0.003924893889191705
 0.004454591271543851
 0.003635541493192118
 0.004281912505362917
 0.005425313180561275
 0.0030918396871632003
 0.004069563808019039
 0.0051382933601333836
 0.0027651508325970964
 0.003325183358702022
 0.004757934635850614
 0.0038525463714331187
 0.0025808029093849494
 0.0030941659835624913
 0.00398321814575614
 0.0029098198543997533
 0.0011503806197095678
 0.0025364624449307205
 0.0033741782100041307
 0.0011900469627739718
 0.002219107480750049
 0.0028024747328187494
 0.0006813472456907443
 0.00029865684286084493
 0.001719740757027577
 0.0013067152104448976
-0.0004993934761727825
-0.0001377061207595287
 0.0005553343433387092
 0.0009543572602939698
-0.0002030460445319182
-0.0008517523233483315
-0.0002987202150324664
-0.0022728389285890382
-0.0026391950232442785
-0.0015237960192023836
-0.0032645674731215935
-0.004092951141858758
-0.004020614388395849
-0.004928336125409716
-0.004186292736787611
-0.006489431086432795
-0.006790449948389565
-0.004687992036081834
-0.007782177595897555
-0.006890791961107534
-0.006260755257111339
-0.008155535902391209
-0.007721510896490369
-0.008666568195046187
-0.007733180053521527
-0.008962921008834945
-0.01053801590841158
-0.008288549222532249
-0.009520623650442095
-0.009760972224893139
-0.009865979388754553
-0.011497077630644226
-0.010349010010253179
-0.010797037645781493
-0.010636028933656394
-0.010624362467699155
-0.011809767443681451
-0.011347740766624148
-0.010309346358262639
-0.010967386527464595
-0.01145274972453486
-0.009420295990118344
-0.010146006864615087
-0.010727042438136658
-0.009767986098051795
-0.008757593360846805
-0.009233622667531638
-0.01046103015024863
-0.00767953171239627
-0.007863876944534387
-0.008437912100266842
-0.007168503904864343
-0.007012162137931988
-0.006197781098822297
-0.007252511609407708
-0.00582442727745186
-0.004643691040711551
-0.005551412777725417
-0.004265670274148314
-0.0036589682961159498
-0.003257611906564317
-0.0031152709752101937
-0.0029985982424161617
-0.002265888744179545
-0.0022705565863969657
-0.001724524895870272
-0.0008868091307968062
-0.0011574928490007408
-0.001526182416252353
-0.0011364933896826912
-0.0006884675482036196
-0.0011831646356594283
-0.0014631822442489062
-0.00035945060318892663
-7.943478864874676e-05
-0.0012718401824201586
-0.00010743825385450823
 0.0003825900943592586
-0.000798147936430238
-9.810705454293966e-05
-0.00041779369727068527
-0.0006418079635471807
-0.0008051519423178943
-0.0006534771205783385
-0.0008354888801200833
-0.0017222093637666025
-0.0016988755348275042
-0.0016848755962738937
-0.001764214561575217
-0.002758274784654957
-0.0021632401696043413
-0.003157300392684026
-0.003773338055151232
-0.003101298844420397
-0.004797734319008429
-0.004503717668890017
-0.005105754495778991
-0.00568912354189699
-0.005868801828842363
-0.005987809828282009
-0.005425443829580712
-0.007040207763295725
-0.006816195291068472
-0.007168550550145536
-0.007541907062589892
-0.0069328716119610445
-0.00786859502013143
-0.007936266622450894
-0.008519635668568892
-0.007838262567452459
-0.00818828435393315
-0.009551033247239826
-0.00867598192062441
-0.008874327988340813
-0.009002669878166003
-0.009084342316063698
-0.009191682952521485
-0.009217352048106253
-0.009418031588419029
-0.009168350917631685
-0.008839332178567694
-0.008430975371227
-0.00899801010917034
-0.007966616118597947
-0.007702934612232426
-0.008255968514597534
-0.007530259434150033
-0.007586263673487692
-0.007000562948822564
-0.0075512633785913
-0.006781218318812732
-0.006232853155689666
-0.007378589097533583
-0.006631878763718735
-0.005768494800085289
-0.006085847970216662
-0.006582878530268843
-0.005145460307927452
-0.005070790081868171
-0.005509483827010997
-0.004060398241687746
-0.003836385769460604
-0.0048421133555221485
-0.0035307026533848984
-0.001955609547857562
-0.0029963392228646857
-0.0025623142169639013
-0.0009802206936473379
-0.0005555295781320968
-0.0017129328829578738
-0.0009498882409684217
 0.000900554630930972
 0.00024018098913269892
 0.00022384578393347399
 0.0017382686019551397
 0.0025643170040466345
 0.0014675839867265283
 0.002965672496573646
 0.004547766019890098
 0.003297023811209332
 0.004592100205171923
 0.00593617952365838
 0.006309534242053438
 0.005915176476241735
 0.006134522003276188
 0.008470327175221282
 0.007877624238717795
 0.00771194678735071
 0.009716398850610708
 0.009499385002123384
 0.009613724262321044
 0.011118813189957277
 0.011774518092513508
 0.011485166593538598
 0.012329882776401124
 0.01312092908954704
 0.013197932788202693
 0.013370608863309708
 0.01370662802016287
 0.014901365092481356
 0.013732294424673663
 0.014693684237354898
 0.015750746426487328
 0.014577008813486947
 0.015818415337732927
 0.01515337475074191
 0.015648070044148366
 0.01608676199524195
 0.015347050285166974
 0.015979420461759486
 0.015533726298827544
 0.015510390675839203
 0.015895412757216176
 0.015715734470270748
 0.014929353308268278
 0.015279373300699672
 0.015417047286861052
 0.014201307167125865
 0.014191972379715756
 0.01400296020238484
 0.01338692253991769
 0.013139573547677474
 0.01251420199482478
 0.01252120151558922
 0.012147845003144864
 0.011100114910348624
 0.011067445396974684
 0.010365069248441716
 0.009800367983094693
 0.00996371016781622
 0.008866977150496058
 0.009044320170795817
 0.008698965329507924
 0.007424888394863383
 0.008141263584925396
 0.007387551039272189
 0.0068671857532562885
 0.0066198367610160735
 0.005968797009603233
 0.006456491885220683
 0.00459904680148282
 0.0039410066322808635
 0.003920004481888895
 0.0024195807053961627
 0.002442914534335261
 0.0010078279905409993
 0.0005854685535728321
 0.0010031592512989573
-0.0007142774766564775
-0.0006629419765608602
-0.0008449537361026604
-0.0018810164659170403
-0.0014353240970343406
-0.0021400337181637363
-0.0023290458954946525
-0.0018343506020881417
-0.0027187376131382335
-0.0030687593996189255
-0.0034094472957140742
-0.0033324435970583655
-0.0029054190089466414
-0.0030477617343501184
-0.0033417801785177725
-0.0032321078635128564
-0.0032181079249593014
-0.003843479477811995
-0.004723199543669343
-0.004671864043573781
-0.004482853660292219
-0.0064033025041321245
-0.005875938594376351
-0.006036949100550804
-0.00810674019055857
-0.0072876922062561356
-0.008123076292782472
-0.008666776304762092
-0.008904791406616819
-0.010230204738381488
-0.009691173465643965
-0.010573227004097685
-0.011294270933401684
-0.010967585666934121
-0.011791302390478542
-0.011676963130280826
-0.011658296246534472
-0.011947647745509438
-0.011576626499710696
-0.012258001394876372
-0.012421345373647141
-0.011746972690319879
-0.01247035009222025
-0.01243301542770292
-0.012155333085759112
-0.012356012626071888
-0.012171669187983014
-0.011989659222490567
-0.01184965176373276
-0.01183565182517915
-0.010997936060105795
-0.011172947401858424
-0.010750589758939444
-0.010615249245374436
-0.010675920429904784
-0.009359842782574845
-0.010559248594135373
-0.009345843741045912
-0.008512794921165245
-0.009777537965424243
-0.00901916026862748
-0.009469521376752221
-0.008029769681814458
-0.008370457577909607
-0.009084501089424546
-0.007584079106981112
-0.00854080376851879
-0.008078777091461486
-0.008307458302930726
-0.008431133247563172
-0.007346069387274168
-0.007605085742496298
-0.006608693840869484
-0.00657835959414127
-0.0074674135503841055
-0.0062330074439272964
-0.006018328862085531
-0.006202674094223648
-0.005003270076712418
-0.005313622829054732
-0.00464625056351653
-0.0037852000724794554
-0.004244895070989629
-0.0029894877111653617
-0.002900816649527793
-0.0027981447523120484
-0.0013747273655489445
-0.0016547449741383669
-0.0011460488451536244
-0.0004273401824952394
 6.035469312215547e-05
 0.0008467340610753826
 0.0005573825621003614
 0.0011897527386929285
 0.0013927639575528339
 0.001084744677806837
 0.0026761720915088882
 0.002606167016593053
 0.0021651397988538545
 0.003385545069732432
 0.0020857999365278546
 0.002706502750138562
 0.004493941861935857
 0.002503488840204793
 0.0023471452792231395
 0.0038288994808955423
 0.0038732345632020437
 0.0036772219680820117
 0.0036282181465335794
 0.0048112878558702055
 0.004827621267020188
 0.003709886996332734
 0.005350317334558541
 0.0061343632299153406
 0.0052663105270398525
 0.005499656889652538
 0.006393375997038875
 0.0075717787611828125
 0.006864735667457045
 0.006668723072337013
 0.00873617889569922
 0.007588109481258876
 0.00786112487800994
 0.009685899551349242
 0.00744343148920984
 0.008201809186006548
 0.008705838369798491
 0.007702444256333318
 0.008743172137291255
 0.008724503459495658
 0.008369814727822222
 0.007338418943200531
 0.00832781042703823
 0.009284533294526665
 0.008218135420959394
 0.008192466325374681
 0.008789834413021558
 0.008759498372244101
 0.007571759923665433
 0.008033786600722737
 0.008143458915727597
 0.006624367358463945
 0.006398019619591078
 0.006974386453870607
 0.006402684770734524
 0.004661913316815369
 0.004836922864518756
 0.005322284267539723
 0.004101877202611848
 0.00306814794539384
 0.003765855354684766
 0.0034391682941679047
 0.0013227077522326436
 0.0022467620033718716
 0.002321432229431153
-0.0001450492019601235
 0.0007160012890770062
 0.0023774328806701606
 0.0011850274868987487
 0.0005246538451004756
 0.001164024439482103
 0.0019760720059954218
 0.0011826904262038362
 0.00038230842862313485
 0.0026341085870987824
 0.0013740324880325283
 0.0006366542505539252
 0.0028627862104694812
 0.0010193419623098499
 0.0007766599152624343
 0.0014720338519570442
 0.0005083087726301949
 0.0008466614020797292
 0.00035429778722029237
 0.0005386412253091111
 0.00052697296530263
 3.22758778468768e-05
 0.0013016840732493762
 0.00039396233623545385
 0.0005433036853786932
 0.0024030804476636858
 0.0013833520260237986
 0.0014370209987157878
 0.0018150426623036453
 0.0021650626547350393
 0.0015350241566895462
 0.0002026104071357615
 0.003028444824319243
 0.0014440160343570652
-0.0005487704599704268
 0.00253141247021782
 0.0011033263442126184
 1.1260272085256151e-05
 0.0010939906597778881
 0.0009773161329346136
 0.0005456228055808476
-0.00025475919199979824
 0.0009399778803187431
 0.001446340536707058
-0.0007121225119628982
-0.00026643014308025403
 0.001754356228354459
 0.000827966710569561
-0.00021742990963030673
 0.0006459540540031949
 0.0005409468901417247
 0.00012558787096267343
 0.0012619881283718604
 0.0018990252501571714
 0.0014019946901049907
 7.891483093663831e-05
 0.0015093326354889136
 0.00227237727747831
 0.0004265995567223624
 0.002011026552635242
 0.002431050722957795
 0.0013763202123723839
 0.0011849745624451513
 0.001714671944797297
 0.0024357140800519983
 0.0006086041400670261
 0.0008046149411377601
 0.002368040683683237
 0.00033325168262104965
 0.00030058216924722103
 0.0023960396637658365
 0.0003752514982818256
-0.0004041292459314727
 0.001420645427407885
 0.0007929404019587638
 3.922785630555703e-05
 0.0006715980328981241
 0.0008979439777216935
-0.0007494885723425826
-0.0013841940155807642
 0.0002912384115906774
-0.0002477946551961985
-0.0017038824523578078
-0.0015662084661964282
-0.0003808052842633747
-0.0002617990788730262
-0.0016408822803543055
-6.112222963411407e-05
 0.0004219057007904814
-0.0018042280531743171
-0.00033647468708009054
 0.0007765908443653213
 0.00024689166796393325
-6.57945569746965e-05
-0.0007401690343512568
 0.0010006006255185995
 0.00048723575729187063
-0.0009198491153459276
 0.0006529105175850369
 0.0004802326484288355
-0.0005791648073493194
-0.00014280632885210753
 0.001355282180994899
 0.000895587182484725
-0.0004134918411053401
 0.0012782748942406497
 0.0019339797967969363
 0.0011802672511437295
 0.002080986776319238
 0.002174324783149495
 0.0020506498385171046
 0.0020949849208235505
 0.002454338803640377
 0.0034857327942127703
 0.002470671317765738
 0.0020786470245503508
 0.00319404602859219
 0.002988699543086726
 0.002932695303749122
 0.004087763341929285
 0.0031613738241444422
 0.0026596763188995176
 0.003996755219596804
 0.002638673271482872
 0.0033130459548101343
 0.002902353880823827
 0.0016212765283901698
 0.0032407056132486844
 0.0013599258035471018
 0.0016562759262618298
 0.002006295918693224
 0.001488264105273751
 0.0018032820087595103
 0.000890893326552844
 0.00196662329645636
 0.0017706107013363837
 0.001814945783642774
 0.0010472324024113355
 0.002160297933856803
 0.0018662794896891488
 0.0010075606771990375
 0.004206750709802309
 0.0022723010303841717
 0.0017962717236993386
 0.002785663207537037
 0.0035767095206829524
 0.0031053471591908632
 0.0011335619182307743
 0.0041600749787024105
 0.003441364521994783
 0.0012969023089029474
 0.0025313084153598675
 0.002710984908255998
 0.0011498908442575395
 0.0006901958457473656
 0.0027949872306515244
 0.0017449236652588573
 0.0005735195248547931
 0.001418235707717319
 0.0009562072366107732
 0.0006201862857083129
 0.0004965113410759225
 0.0014065647566369188
 0.0008161952927298044
-0.0006118908332753414
 0.0005455106775011931
 0.0003704993357485642
-0.000805571749848244
-9.38635049790304e-05
 0.00029115857639794296
-0.0007239029000491448
-0.001141595391824568
-0.00037855074983511594
-0.0008965825632545887
-0.0018463068070032618
-0.000154540071657161
 0.0008068497410240183
-0.001479954300446562
-0.0008055816171192443
 0.0013202110211522622
-0.0007752482674156513
-0.0005512357951885094
 0.00094918618725498
-0.00020121669978173662
-0.0005955744655934958
-0.00018021724046368703
 0.0002584747106298968
-0.0008289244163047216
-0.00068891695754697
 0.0008348397508601835
 0.0006294932653547192
 0.0002958057870486863
 0.0010518500112490226
 0.0021812498508690936
 0.0007834988686168387
 0.0011335188610481772
 0.0036233332243539307
 0.002029570544006265
 0.0012921923065276064
 0.002706275802905278
 0.0028532836794521454
 0.0017052142650118007
 0.002099570236774262
 0.0037330001572110083
 0.00223024290812196
 0.0020272298952127565
 0.003693328431998766
 0.0036583254460285097
 0.0031799626667473047
 0.003957008144315044
 0.004514707197823653
 0.0028742750655485483
 0.0030422841954627633
 0.0047363844034051805
 0.004323358856822501
 0.003898665947257851
 0.005154073307082119
 0.005546095806248208
 0.004757381171649366
 0.004827384452515904
 0.005690768416149405
 0.005644098067197345
 0.005814440669707932
 0.007072181502128572
 0.006250798251180523
 0.005938112026241782
 0.006486477189364903
 0.006026782190854729
 0.006757158216494974
 0.006885498312270866
 0.006561144724350321
 0.006122450979207494
 0.0056300873643480576
 0.006173785582278435
 0.00520306008516247
 0.003851978554837654
 0.004685027374718265
 0.00409932485600395
 0.0029629228045455203
 0.004407341444675916
 0.004159992452435757
 0.0027109050730632633
 0.0034179463727397885
 0.00431166548012607
 0.0032686023325225744
 0.0032405997643414897
 0.004729354383803008
 0.004379332597322372
 0.004421334207032501
 0.004276658009032708
 0.0046920152341625165
 0.005681406718000159
 0.004820354432913787
 0.0050186987065808375
 0.0052940475759282735
 0.005599731589028545
 0.00592174991030342
 0.0054060515694802636
 0.004860018084904272
 0.004638337291224204
 0.004397988716773049
 0.004152973197129262
 0.0046406680727466565
 0.00397096054056284
 0.004017629095465658
 0.003359588926263757
 0.0025545399834903115
 0.003592934391851821
 0.0023958620528876096
 0.0016024804730960795
 0.0026735434978067962
 0.002162512102176384
 0.00042174064825722946
 0.0013807969883420368
 0.0022558483149573982
 0.00041940448458693824
-0.00040197876636111074
 0.0009654352780890108
 0.0016514753243981328
-0.000686665114192575
-0.0007426693535302342
 0.00018838531539810965
-0.0009760184072167832
-0.0006936691200802314
-0.0001873064636919164
-0.0005163269968051498
-0.00250678001853627
-0.002163760443894047
-0.00020131088736868863
-0.0019047467797458917
-0.0021754304979497707
-0.0014077189107676302
-0.0018510796011032005
-0.0021614323534454583
-0.002075094764404317
-0.0020330931546942432
-0.0034028424657900347
-0.00316482915798455
-0.002002760702015327
-0.0034961840607188877
-0.0044529087222565655
-0.003601192121604979
-0.004872935583653093
-0.00505728081579121
-0.003937214866556682
-0.005080617335804227
-0.0057549918131807876
-0.006200685976112674
-0.005171625458136708
-0.005346636799889337
-0.007068740473037516
-0.005180962039596115
-0.005117959176518694
-0.006259028173169867
-0.006086352098062853
-0.005724664742649654
-0.005346643079061797
-0.006938072286813035
-0.006037352761637638
-0.005976683371156533
-0.007395435606776135
-0.006457380520058675
-0.006777067162786532
-0.0066883961011489634
-0.006693063943366329
-0.006702398730776493
-0.0070617544076426175
-0.00781080000810308
-0.007992811767644825
-0.007892473343025452
-0.007526119042419455
-0.008172491848639496
-0.0076101258499381985
-0.00864852205234895
-0.008004484512774523
-0.0065297307288912365
-0.00895654312614419
-0.00836850892888269
-0.006835418330089993
-0.007964819963759417
-0.008597191934401227
-0.00701043146589192
-0.00729278254707777
-0.008228505955248155
-0.007612470086830192
-0.006749086123196635
-0.006443402110096419
-0.009126896492950398
-0.006760756177252469
-0.0055706860501267275
-0.00927157448499949
-0.007178450463077191
-0.00717611788750544
-0.008431527041379006
-0.008102508302314959
-0.007960167370960836
-0.00645741191592103
-0.00912923893579315
-0.008307857478894343
-0.005349015123717604
-0.007957838383487681
-0.007283465700160363
-0.005309348780653145
-0.005773710724356118
-0.0060537283329455405
-0.006186737167963419
-0.005206679574511319
-0.005169344909993934
-0.00503867134162167
-0.004004943878452849
-0.00535602540877772
-0.004856663170178466
-0.00352658468727024
-0.005003673737799252
-0.004000281418383322
-0.0031485648177316805
-0.0036012593984527386
-0.0037366017060670997
-0.004217297957944621
-0.002656205687995461
-0.0023901907090335683
-0.0024741966195276355
-0.002357523886733548
-0.002527868283293433
-0.0012817948138547641
-0.0018581634421835913
-0.0016108162439926188
-0.0008454381294068503
-0.0023971983030197652
-0.0017251590922888749
-0.00037407935601335707
-0.0022805273642750312
-0.0021661881040773157
-0.00037641551968359277
-0.0013098054552576066
-0.0019118422821465808
-0.0011441306949643293
-0.0013681449612408803
-0.0017788370352271876
-0.0020448538082383783
-0.0018325086989930406
-0.0010834648925818757
-0.00282423634650103
-0.001354149507810376
-0.0005444354138935403
-0.002770569167858339
-0.0009551283849044689
-0.001277148500228642
-0.0014054903900538318
-0.0014008243418857091
-0.001132475890327389
-0.0009201307810821069
-0.0024088871945929236
 0.0006012915577041089
 3.892376495345795e-05
-0.0013214916557568457
 0.0013970030219935259
 0.0019733698562731106
 0.0005476172028642812
 4.591969761941206e-05
 0.002283719020516828
 0.0017796880426755313
-8.47574588514477e-05
 0.0026127359655315763
 0.003046760971432416
-0.00026677101244249046
 0.001364325435397884
 0.0021927073100858063
 0.0008112906360080996
 0.0010773056149700477
 0.0011729770943967321
 0.0019336882637898123
-7.54325387123389e-05
 0.0008906242191616398
 0.002405047037183361
 4.1238400032450606e-05
 0.000346922413132722
 0.0015416594854512633
 0.0009536234941405763
-0.00018744550251070802
 0.0013013091169509217
 0.0010679609602889384
-0.0005981393705463134
 9.723456614829651e-05
 0.0009839532557455732
 0.0005032570038679962
-0.00155953366835071
-0.00017578531572592926
 3.1892848326720014e-05
-0.0018255522354111986
-0.0011465126068911369
-0.00122585157219246
-0.0017718850567685074
-0.003216305490948257
-0.0017532190700467742
-0.002056571404599916
-0.0042687043229865385
-0.002219916280395362
-0.0034356564001304934
-0.003818346802960393
-0.004152034281266426
-0.005209098264448209
-0.003867352418558123
-0.0049314168195290775
-0.0050760930175288155
-0.0050877612775352965
-0.00569446504961707
-0.005148433359090321
-0.005164768564289546
-0.005647798288763495
-0.004996760331399952
-0.005097100550068623
-0.004537068023963642
-0.0030086443703638
-0.0038230272035226776
-0.00345667290291668
-0.0037880269086263962
-0.0026889622127591606
-0.0016715690577649989
-0.0029946489169332957
-0.0011115374286846946
-0.0010928705449383402
-0.0016295701391287887
-0.0015338986597021598
-0.0010742054552412283
-0.0007498536613699813
-0.002191940622953359
 1.5523556191165966e-05
 0.000444881616899262
-0.0012725551110561728
-0.0005911820099397946
-0.00012915533288249126
-0.0003321683457915836
-0.0005001792697550966
 0.00041454109099858805
 0.0009349045829652458
 0.00048687694743693166
 0.00044254007108113225
 0.002183309730951044
 0.0014132628771232336
 0.00024652568191185775
 0.002012963540341861
 0.0018496195615711475
 0.002516991827109294
 0.0023909834098804206
 0.00324503348312849
 0.0036580572356619268
 0.0019662887062665835
 0.004005742858472272
 0.004346428960518178
 0.004425766131770259
 0.004640444713611913
 0.005293816143571828
 0.006906244810641227
 0.006374212161643411
 0.007246930015662401
 0.006934243790723771
 0.007137255009583621
 0.007865297562627438
 0.008086976562258319
 0.009256045436016713
 0.007547942598446766
 0.008320321130821706
 0.009134702169931397
 0.00710691358665827
 0.007757951544021813
 0.008243312947042836
 0.008502327508215668
 0.008544329117925742
 0.00869133699447261
 0.009281704664330481
 0.008661000056670476
 0.008600328872140128
 0.008775338419843515
 0.008952681440143273
 0.008763669262812357
 0.008938678810515743
 0.009893068205407807
 0.008616657798166893
 0.008707662332400834
 0.008408976943040436
 0.006670538961717654
 0.008070621622516982
 0.007431249234086057
 0.007167565933671294
 0.0066752023188118015
 0.005373123713010852
 0.006423185484354221
 0.005569133617056965
 0.004820088016596447
 0.004705746962349544
 0.0041457126421953205
 0.004197048142290827
 0.00468240954531185
 0.003438667754420255
 0.0031026468035177945
 0.0033919965084434622
 0.0015788874040367773
 0.0026242822301874025
 0.003557670371712063
 0.0021785871702307835
 0.001175193056765611
 0.0018752339386529648
 0.0028319568061414002
 0.0008368368392175363
 0.0007458305109343533
 0.0015182090433092932
 0.0008204998399690133
 0.0009371725727631008
 0.0013151942363509028
 0.0012265213806640918
-0.0005375847992188376
-0.0001082267385107416
 0.0003724677193174819
-0.0005889238874129399
-0.0005679235310702135
 2.7111083980346784e-05
 0.0004144666379536921
-0.000922614056792892
 0.00018345105686340402
 0.0003187915704284672
-0.0014429811368580348
-0.0012003008838598617
-0.0006099332140020453
 0.0001811130991438703
-0.00046525970707617104
-0.00048392838487182344
 0.00016944304508809127
-0.0005446004664267923
-0.0009949615745514784
-0.0007429474311678175
-0.0005352692671152237
-0.001230644997859076
-0.0005959413486701925
-3.124187737246764e-05
-0.000549273690791996
-0.0006169452931114039
-0.0004279349098298413
 0.0004401159989964043
 0.00010642852069037145
 0.00045878198571808193
 0.0009044743546007816
 0.0004237781027232601
 0.0008414688004494408
 0.00036777296636097967
-0.0002459312235097988
 0.00012275654969257088
-0.0001735953670715662
 0.00021142671430546267
 0.0012124855611250207
-0.0010136481928398888
-0.0003346085643198271
 0.0008181260012639635
-0.0008596416925530925
 0.00028842592783789867
-0.000889978630355226
-0.0013310058480944242
-0.0007173034522729438
-0.0018793737022914647
-0.0010533253001999143
-0.0007359739241177832
-0.0021360583789664656
-0.002404408624574028
-0.0013100108738995364
-0.0017417042012533024
-0.0017300377352960639
-0.0019307172756087843
-0.0019237177548442896
-0.0016717036114606287
-0.0023507450340298774
-0.0019587225348637882
-0.0029994522098709675
-0.0036924944680185035
-0.003081125544793284
-0.002259744087894533
-0.0025327612786948395
-0.0032958077147335896
-0.002810446311712511
-0.0042408659103140844
-0.005010912764141895
-0.0035408259254512964
-0.003781174499902451
-0.0038091770680835357
-0.002938792686660918
-0.0037555089924162233
-0.0037368421086699244
-0.002588774488278822
-0.003134807972854814
-0.0036808414574308612
-0.002087080571132438
-0.001979741728723894
-0.002262092809909688
-0.0015877201265824814
-0.0025631125688911904
-0.0022527616105981196
-0.0026214511778497873
-0.0032374888403169932
-0.0013403765164900494
-0.0021500924044562386
-0.0018957447884762058
-0.000462993511327614
-0.0016040625079787874
 0.0009230874168688619
-8.964058698179844e-05
-0.00022031594940330468
 0.0031025481308076808
 0.0009627528629087001
 0.0024445070645811584
 0.003667245808056163
 0.003594907260543956
 0.002680185105740973
 0.001947473813455114
 0.0037699150141979887
 0.002145817190097543
 0.0033125525912595655
 0.003188877646627175
 0.0020804772663251536
 0.0024001621150037122
 0.0006873923322410214
 0.0025191674233694394
 0.0020244703359136307
 0.0005987176825049123
 0.0016511129264446534
 0.0014154312971862981
 0.0023628202742892457
 0.0007643906487488916
 0.00039570108149722394
 0.0014947657773644596
-0.00035567888858428764
 0.00037703060965227353
 0.0004587012535007262
 0.0006780467805352353
 0.00035369319261469023
-0.0021174551839693856
-9.433533993830068e-05
 0.0005193670558832908
-0.0005820329066296148
 0.0008203832267661415
 0.001149401965830188
 0.000533364303362982
 0.0025051477502738284
 0.003907563883669585
 0.0018027707047161834
 0.0030698454275222553
 0.003286857481960337
 0.0036042088580425236
 0.004528263109181752
 0.0034408639822470777
 0.005410313956561552
 0.00396822699497823
 0.0029975014978622094
 0.005062623848628045
 0.005011286554483185
 0.0038818849208138717
 0.004567924967122938
 0.0054803118552803065
 0.003830545832619714
 0.004313573763044309
 0.00602867522435413
 0.005120953487340263
 0.0034758544098723587
 0.005060281405785294
 0.00623168375214006
 0.004444242846293467
 0.004481577510810741
 0.004763926797947293
 0.0033685092882914103
 0.0032331669806771046
 0.003982210787088325
 0.0032635003303806975
 0.0022834409428792446
 0.0024514500727934596
 0.00263112656568959
 0.002663794285014176
 0.002341774169690003
 0.002092091704853416
 0.002082756917443307
 0.0016417296997041086
 0.0021714270820561987
 0.0028224650394197415
 0.0018587399600929477
 0.0014387139957210415
 0.0016300578515990316
 0.0009860185179753622
 0.0002976432050205702
 0.0003303109243451563
 0.0008576748341009299
-0.0007010857573011009
-0.0008434284827045779
-0.0003463997167016397
-0.0013661281383414714
-0.0023321866902646926
-0.003547926809999824
-0.0014198006991319456
-0.002950559619377513
-0.004686664128103979
-0.0015294766022354023
-0.002952895783047804
-0.005043688126423029
-0.003540932671383168
-0.0025212060437926342
-0.0036039382255345087
-0.003963293902400689
-0.0033215898354226336
-0.0032889221160980475
-0.003426597896308725
-0.00400063305204118
-0.0033775967658341566
-0.0032912591767930155
-0.004549001803262842
-0.003265592772282111
-0.00270556024617713
-0.0036786192158895226
-0.0031745900320974685
-0.0032982649767299144
-0.0035689486949339044
-0.0029365785183413373
-0.0027405677172706033
-0.0030742551955765807
-0.0025095557242789113
-0.0027475708261336385
-0.0020755316154026926
-0.001972859718186948
-0.003746299788455365
-0.0013801594727573807
-0.0024278895655536203
-0.002381221010650858
-0.0005541128647151283
-0.003718302602422008
-0.0014431677179826408
-0.0016578480938736484
-0.0027242459674408637
-0.00185852853121099
-0.00254457037156941
-0.000271768959726415
-0.002196884748759065
-0.0013848371822458017
-0.00022743567146921162
-0.0022248891109894475
-0.0006241278069020195
-0.0013731734073624824
-0.0008201412990466173
-0.0008271426138603544
-0.0030859449841744158
-0.0010628251401433308
-0.0011048285439027028
-0.0028946029223457237
-0.0027942644977262954
-0.0034873067558738313
-0.0028782713052449838
-0.002929608599389899
-0.002348574819917515
-0.0022949058472255812
-0.0038980024179587347
-0.0029016105163319206
-0.003921338937971752
-0.0040520143003932585
-0.003949342403177514
-0.004899066646926076
-0.004621384304982268
-0.005246755857835017
-0.004850066413476184
-0.006259484758710299
-0.0072208763654408314
-0.007451891049506387
-0.00690819283157601
-0.006910527201197003
-0.00795359034880061
-0.0059584721759259884
-0.007188213131239352
-0.007505566301370836
-0.007027205316138874
-0.007167214568945923
-0.006061149455289572
-0.00769924811496836
-0.006971205561924487
-0.006138156742043821
-0.006341169754952969
-0.006889536712125333
-0.007927932914536084
-0.007349232607660128
-0.008011939722054828
-0.007500910120473714
-0.006812536601568164
-0.0070785533745794105
-0.006527854738859917
-0.006338844355578299
-0.006947881600256389
-0.007650257748789413
-0.005825483075450055
-0.0054637957200368015
-0.005806817088728378
-0.004745087954403149
-0.004836094282686332
-0.004045047969540416
-0.005370461301305085
-0.004584081933351913
-0.0031746653821669857
-0.005676148902503952
-0.0037930374142552403
-0.0018982585630246684
-0.002355620088938526
-0.0025679669922331616
-0.00284331765562984
-0.001963599383821679
-0.002605305244849032
-0.001396567336952259
 0.0008342315681560408
 0.00011785458404478533
 0.0001575227211584873
 0.000759557753998219
 0.002094303182099133
 0.0021666399355620425
 0.0011002420619947717
 0.00345938195990364
 0.0033053718715183034
 0.002743004078767708
 0.004994804237243411
 0.004801125114719751
 0.004308761499860314
 0.004395099088901511
 0.005428826552070332
 0.006861577829218868
 0.006117199173951149
 0.005874517126903678
 0.008067980470469971
 0.007689957012832871
 0.00637387757145369
 0.007307265712978406
 0.007148588679400325
 0.007542944651162842
 0.00690823920792466
 0.007615280507601074
 0.008023637314941823
 0.0056248265888453886
 0.006308533162558139
 0.0053938110077551005
 0.005148795488111313
 0.004784772866052445
 0.0034196905001493416
 0.005491813268704238
 0.004047392834524544
 0.0028596543859458756
 0.002766314585066265
 0.0028619860644929496
 0.0038327097675596167
 0.0016579124107149457
 0.0028946519897682377
 0.0038957108365877957
 0.0014268959326000918
 0.00169291091156204
 0.003401011955082689
 0.002077932095914392
-0.00038621586288056786
 0.0017325763576018227
 0.0027429690948068686
 0.0006195081350824361
 0.00019014828032509756
 0.0014992255098659757
 0.0006661748959360669
-0.0016299630359200012
 0.00036748860955093665
 0.001062862546245602
-0.0008412519894197557
-0.0004305617094826353
 0.0016182263331085411
 0.001851572695721282
 3.8463591314485956e-05
 0.0017979010319553734
 0.0022295925652598414
 0.0006544976656830959
 0.0019915765663804375
 0.0028269588588574757
 0.0028036232358690794
 0.0012565300074489083
 0.0017372244652771873
 0.0025726067577542255
 0.0009391750432682366
 0.0020102380679789533
 0.002462930854650769
 0.0015062061931130355
 0.0004398083195457647
 0.0020545704592115355
 0.0016438783852251726
-0.0010606172509962097
 0.0018748903782168647
 0.0007081531830055443
-0.0008482739358001701
 0.001167845490441799
 0.0017022098179866885
 0.0003231266165054092
-0.001998679513910806
 0.0016625380927743905
 0.0024489174607276176
-0.0014316483640659516
 0.0005424685554412667
 0.002537586728315888
-0.00042359089350652024
-0.0011889708021416978
 0.0015295238756086738
 0.0017605367656250426
-0.00025091750947348057
-0.0004515970497862565
 0.0016508608625215304
 0.00021810779132364067
-0.0025680593857708156
 0.00021343905208165426
 0.0013265045835271216
-0.0022157077147923476
-0.0019590266262158873
 1.2756820694959092e-05
-0.0015180020995506083
-0.0028970853010318875
-0.0024140573706072366
-0.0012239872434814392
-0.0036811347844872833
-0.005342568170129736
-0.0015110070639092754
-0.003627467605844592
-0.005991276242995447
-0.003193443496968429
-0.0024957360876773915
-0.003529465344895455
-0.00603561581042511
-0.0033567901668130617
-0.0024327359156738892
-0.0065816510890504
-0.0025237431409816935
-0.0002929442358734491
-0.0042178460399980855
-0.0045958694976351855
-0.0028621002555543895
-0.0023977401059007697
-0.0049738947493215835
-0.004360192353499992
-0.0012893433136973442
-0.004238853572537893
-0.005438259384098421
-0.0015856970245106128
-0.002715098658179982
-0.0056109390473039755
-0.0038094990999283374
-0.0009299948130283009
-0.0019427228168789612
-0.004271529365084181
-0.001483030509442651
-0.0008903293669884627
-0.003158465627688012
-0.0023230833352109737
 0.0006777615267005155
 0.0008014346772836634
-0.002026735006545488
 0.0007267617601504628
 0.0016228143401331718
 0.0005260813228130656
 0.0017488200662880704
 0.002579535413572309
 0.0037322699791561553
 0.0014804680266312098
 0.0034265832749819647
 0.005832392624818272
 0.0029738877972362854
 0.00386994037721905
 0.004966671600489858
 0.00500633973760356
 0.003452246091394273
 0.004005278199710083
 0.005939726085078978
 0.0035082467426333364
 0.004343629035110375
 0.005391357333857316
 0.0055687003541570745
 0.004231619659410546
 0.0038909317633153417
 0.007022451090623771
 0.005200008095831543
 0.004471963748738428
 0.006434413305263786
 0.007297797268897288
 0.00541001704140659
 0.0035525719576687265
 0.006719093373922791
 0.006714425531705426
 0.003190881014156932
 0.004077599703754209
 0.006385403204542839
 0.0042036054299091075
 0.001996139456715229
 0.004021592773342686
 0.004576958354254923
 0.001993803293044938
 0.0017837898623467296
 0.003930583753985584
 0.0026121708400100307
 0.0010207416322586815
 0.0024604933271964446
 0.0019657962397406914
 0.0009997376878174147
 0.0012914208653394543
 0.002332148746297391
 0.0021361361511774146
 0.0006660475184375181
 0.0013264193661865487
 0.001991458159128323
 0.0010020648812413269
-3.86647937657969e-05
 0.0014757580242558688
 0.001452422401267528
 5.70048916115895e-05
 0.0016227641067534937
 0.0008083812735945606
-2.466934033540369e-05
 0.000941387417538575
 0.0010230580613869722
 0.0016997642173106065
 0.0007057039942309218
 0.0007733738025011427
 0.0015644201156470583
 0.00022500594830410225
-7.13459684599238e-05
 0.0007733702144026022
 0.001009050049611604
-0.0007130536235365192
-0.0003000298710030824
 0.00041867879165530253
-0.0007900609102907685
-0.0007083902664423158
-0.0007293924168343402
 1.9651389576880174e-05
-0.0020688074812019175
-0.0027245141778074466
-0.00010635882170118016
-0.0018867993097587132
-0.0028551913342783064
-0.0029041951558267387
-0.0024841709855042415
-0.002899530004683293
-0.005438349086562155
-0.0031585472569300443
-0.0034432318107122106
-0.0061803960632828
-0.004551633088038798
-0.0045026310605396636
-0.006301739329368172
-0.006663428478830613
-0.005065000647339557
-0.005681038309806763
-0.007183795558895811
-0.005772045535114567
-0.005765046014350128
-0.006994786969663491
-0.007774167713876845
-0.006336749491535509
-0.005583038739931545
-0.006782444551492073
-0.00598906476574973
-0.005123347329519912
-0.0053100260342544
-0.006479096702062037
-0.0039752815031781075
-0.0028738833347145
-0.005081349307908323
-0.002834216094625419
-0.002437526650266586
-0.0025121986703751653
-0.0025962045808692324
-0.001952167041294861
 0.0004793105071015935
-0.0017514901920560044
-0.00139446978183555
 0.0005913145006535836
 0.00011061824877606208
-0.00031874160598127643
 0.0008013243432532513
 0.002696103194483823
 0.0012796844314605371
 0.002140734922497667
 0.0045908802516650415
 0.003753162692542389
 0.0030251183454492736
 0.005316587538063244
 0.006758672705597379
 0.005029568614660085
 0.005311917901796581
 0.0072603666227437635
 0.006641995487680186
 0.005745941113648179
 0.007713057615366281
 0.007930069669804363
 0.006716663022665603
 0.006980344529031124
 0.008266087032608227
 0.007923065663916706
 0.006485645647526017
 0.0087724478949473
 0.009080465380643998
 0.007587042021940382
 0.007806387548974836
 0.008303416314977718
 0.008679104505969204
 0.0067143196827981755
 0.007526367249311494
 0.008870446567797896
 0.006791321587404586
 0.006534638704778883
 0.0075823670035258806
 0.007265013833394507
 0.004793865456810431
 0.0056945849819859395
 0.007598697723601944
 0.005825257653333582
 0.0044298401436776436
 0.00485453125919294
 0.005979264153620323
 0.003932807789576165
 0.0035711186401136685
 0.005395893313453026
 0.004224489173048962
 0.0032677645115112286
 0.003890800797718308
 0.004219819536782299
 0.003085750957920186
 0.002017019611756543
 0.0029084052465465637
 0.0031674198077193405
 0.0017323332639250788
 0.0022480298106989927
 0.0021640239002049255
 0.001468648169460962
 0.0015923213200441655
 0.0015946538956159162
 0.0017276609365844964
 0.0006052597207042987
 0.0005819240977159579
 0.000612258344444172
 0.0006729277349252216
 0.0004255787426850066
 3.219305716783971e-06
 0.0008736036871394015
-0.00010178875516930752
-0.0005451494455048778
-9.012318623669024e-05
 0.0004209064153444242
 0.00047224191543998595
-0.0003818099518572704
 0.0003859016353249256
-0.00020913477377493273
-0.0008788423059586936
 0.00016655252019187605
-0.0005288232105519763
-0.0008065073465450268
-0.0008018412983769041
-0.0009208492978166616
-0.0004914912371085656
-0.0017585677539639355
-0.0014692180490383233
-0.00016714123728661656
-0.0015205562402077488
-0.002192597244987937
-0.00039349077020872647
 0.0001572078655107667
-0.0014155535614694958
-0.0010982021853874202
 0.000544561625434814
-0.00014848063271266643
-0.0010118663903954661
 0.000612229639655737
 0.0010695893715202964
-0.0003468293915029341
-0.0004518365553644599
 0.0005095532573167749
 0.000703230585791137
-0.001371227449409429
-0.0007341903276241735
 0.0005212170322000942
-0.001459902099145538
-0.002068939343823628
-0.0018332595086145709
-0.0006385224362960296
-0.0026499767113945527
-0.002768984710834199
-0.0008602050240253956
-0.0032636826953145737
-0.0019196033768282272
-0.0020362779036715017
-0.002677983764698799
-0.0016955926986502723
-0.002605647908260511
-0.0011332275969735406
-0.0027246568047247788
-0.0030910128993800745
-0.0009138838639883851
-0.002916004248701365
-0.002059620702856979
-0.0012382392459581726
-0.0013269121016449836
-0.001921948510744842
-0.0035343789718634833
-0.00016951238491774712
-0.0016536018532358199
-0.002542655809478711
 2.1829676911000462e-05
-0.002393315357360093
-0.0017656121259603252
-0.0012452486339936675
-0.0010329035247483298
-0.00037253167699929923
-0.001954626994365105
-0.0001555205195858389
-0.0001998573959415828
-0.0016022753233866371
 0.00021316545956723276
-0.0009279035370839961
-0.0012732583783718887
 0.0008618681502851055
-0.0014879396512875176
-0.0009769100497063476
 0.0003975044125328897
-0.003378055145423886
-0.0015369461639098692
-0.00030487353004937656
-0.0019593064979027686
-0.002017644209836744
-0.0028250266252065614
-0.00030021017295522867
-0.0017609649153095819
-0.00301404059658672
-0.0007669073833038165
-0.0025216796728012025
-0.0018379730990884524
-0.0014832861614643145
-0.0015112887296454547
-0.0012849427848218853
-0.004185450119138567
-0.0017306378447785042
-0.0007739149772900134
-0.004379131035711525
-0.0025636902527576555
-0.0022463388766755243
-0.004500474301796842
-0.003249733887165318
-0.0031353946269677135
-0.0040874523433126475
-0.00411778838409016
-0.004353470013348459
-0.002981389023705594
-0.003798105329460899
-0.0054828734410671265
-0.0030583963104598433
-0.0028133825848652427
-0.004558820983977141
-0.003739772999674762
-0.003557763034182315
-0.0048551746947905206
-0.004572825407653969
-0.0031960774728183594
-0.004253141456000087
-0.0050441895631953
-0.0032847521225544685
-0.003175079807549497
-0.0037467814906856356
-0.003303422594399308
-0.0035274368606758033
-0.003210085484593672
-0.0025263789108808665
-0.002367703671352195
-0.002419040965496999
-0.003107416278451791
-0.0030327460523924543
-0.0019523491372962498
-0.00142965217273322
-0.001894014116436138
-0.0018380116711478878
-0.0017493406095103192
-0.0010072972208882147
-0.00036325968131378783
-0.001403989356320967
-0.0007716191797284
-0.001224313760449458
-0.000983966980047657
-0.00016258552314885044
-0.0007832901308088003
-0.0005266090422323955
-0.0016536772033053926
-0.0010003057733454779
-0.0009886393073881838
-0.0015603409905243781
-0.0014950046548505291
-0.002190380385594437
-0.000979309005101292
-0.002850754924417387
-0.0032521131080182064
-0.001537011646708386
-0.0041878374132132135
-0.003942823687618668
-0.0022603908426580555
-0.0033384560792072415
-0.0043185154667086945
-0.004143505919005308
-0.002946435374090395
-0.004635870430889366
-0.0056719331607038015
-0.0040688383840198905
-0.005116568476816241
-0.0058119442075600936
-0.0053335832223281865
-0.005090902969329958
-0.005370920577919436
-0.00685034310104482
-0.005772279658544932
-0.0049065622223150585
-0.006906349134431666
-0.006999688935311221
-0.005065241049942382
-0.0059706293143598765
-0.007548057686532883
-0.005650945362705939
-0.005223920774594326
-0.0065983370308828615
-0.00583062544370061
-0.003947513955452009
-0.0042135307284631995
-0.005198257061157341
-0.0037235032772739984
-0.002589436492461239
-0.002958126059712851
-0.0030934683673271013
-0.0016397158368112175
-0.0011473540160010232
-0.002584774032391657
-0.0010656842691771917
 0.00024105948776720343
-0.0013807048637369257
-0.0008300062280174325
-5.7627695642492593e-05
 0.0002317220092831751
 0.0002293876396621819
-0.0005243249059910804
 0.001008765692801561
 4.270714087839522e-05
-0.00042398827542089457
 0.0018698143897894481
 0.0009247570912335745
 0.0001523767648093921
 0.0005980691336920363
 0.0019491488699676096
 0.0011721015983506278
-0.0006270066704778809
 0.0017904700423402864
 0.001923477083308922
 0.00036938343709963517
 0.0013704422839191377
 0.002236159720149067
 0.0013051032571714805
 0.0013844404284235057
 0.0026725164045969807
 0.00234116239888732
 0.0029058618701850447
 0.0030832048904847476
 0.002660845453516525
 0.0029735298844059677
 0.002782184234478735
 0.0029688611451639257
 0.0036595681366657917
 0.0037249044723396407
 0.002761179393012736
 0.0028801855984031954
 0.0036222289870253
 0.0030855293928347405
 0.0026421687024991702
 0.003937245096461761
 0.0038999086378951886
 0.002562827943148549
 0.0033865428726437274
 0.003934908035766849
 0.0035475506877442053
 0.003626887858996286
 0.004352596939443787
 0.0037575605303439286
 0.0027915019784207074
 0.0035032102232899764
 0.0030131800810269116
 0.002723828582051946
 0.002098457029199252
 0.002124124330734778
 0.0028685011919532544
 0.0005746967326935581
 0.0009527183962814156
 0.0019001073733843632
 0.0003506806723677647
-1.8008894883847493e-05
 5.199438598274542e-05
 0.0006773641447861412
-0.00038203331099201376
-0.0006783852277560398
 0.0006096907484174352
-0.0005057100496737021
-0.0015231049987171064
-0.0006317193639271412
 0.0001966625107607256
-0.0016724499359589418
-0.0017237872301038015
-4.368785773956052e-05
-0.0009350752865788792
-0.0007250636499299135
-0.0008160699782130965
-0.0006200591771423625
-9.269526738664435e-05
-0.0010774216000807857
-0.0005430572725359517
 0.0007240174502701202
 0.0006073429234268457
-0.001189431872805291
-0.0003143805461899296
 0.0007216803895752077
-0.0007904107498993285
-0.0005943999488285945
 0.0005186655826168174
 0.0008173491779279729
-0.0006247377836554047
 0.00030865035786931116
 0.0014940535398023647
-0.0005500693516453659
 0.0002363100163078058
 0.0019724127309849737
 0.000850011515104776
 0.00035998137284171117
 0.0018230677937431383
 0.0020120781770247564
 0.000509320927935708
 0.0007216660371809902
 0.0023224273412685292
 0.0015383796518624315
 0.0008080018321729443
 0.0016527180150354148
 0.001557044741559488
 0.0008430012300446599
-3.205189062005509e-05
 0.0009153370864828925
 0.0008313311759888253
-0.00018606377305457888
 0.0006539854646151477
 0.0006749858209579296
-2.505685497872223e-05
-0.0008091045443848754
 0.0008966630265394571
 0.0003762977405235568
-0.0008207745984406545
 0.0011603427388557352
 0.00010327875567395228
 8.694355047472735e-05
-0.0002514108730240494
 0.00039962708433949334
 0.0006469742825304103
-0.0021858623464915405
-0.0003004173856464565
-0.00024208146776172335
-0.0022232005991073556
-0.0022022002427646847
-0.0016981710589726307
-0.0024075476252947703
-0.004164653387388584
-0.002790238925149291
-0.0032055979443283977
-0.00473635686457391
-0.00426032935193843
-0.004554347796106084
-0.004953372507110587
-0.005007043273851819
-0.005074714876171282
-0.005086383136177763
-0.005343066018803466
-0.0051563891081182756
-0.005490076586424308
-0.0065938100215335305
-0.005655754934816071
-0.006362798028541838
-0.006598479657800194
-0.005375740914325189
-0.006113119151803792
-0.006145788665177676
-0.006318466534333933
-0.005380411447616473
-0.006003449527872795
-0.006101456273945094
-0.005207737166558812
-0.006117792376169051
-0.0050723975500183704
-0.00496972565280257
-0.004962726132038131
-0.0050840676040741495
-0.0043676924140121365
-0.0032616273003558405
-0.0037843260589681127
-0.003618650401650214
-0.0033316341693209184
-0.002451915897512813
-0.0031682928816240685
-0.002946613881993243
-0.00228857550684064
-0.0029186140048860776
-0.002916281429314327
-0.00314962958597631
-0.0019292243150976773
-0.002608265737666926
-0.0025569302375713643
-0.0015745391715228374
-0.0025265968878677714
-0.0019665643617627904
-0.0021485761213045906
-0.0021112414567872606
-0.002022570395149692
-0.0017122194368566213
-0.0009491747948672247
-0.0015512116217561989
-0.0010845179995061516
 6.121614828852318e-05
-0.00023746924107187484
-0.00035881071310794876
 0.0006375811885188654
 4.721172461175094e-05
 0.0007052500997644096
 0.0009339295171844064
 0.0009315951475633022
 0.002742368985324428
 0.0010109314217907617
 0.001421621701727882
 0.002770367965407028
 0.001864979700989533
 0.0026560260141354486
 0.003374734676793778
 0.004032773051946437
 0.0035357424918943114
 0.0033303960063887916
 0.0031810528631962542
 0.003409732280616251
 0.0032860573359838052
 0.0022313268253983942
 0.0037784182597693228
 0.003580072192052919
 0.004065433595073942
 0.0032650515974932404
 0.0025603419763638446
 0.00496848479879658
 0.003435392405954585
 0.004753803525880895
 0.005731527646736734
 0.005288166956401108
 0.006765254212880822
 0.005894868037408962
 0.00683058965153005
 0.006856256953065465
 0.0060582084280811355
 0.007721973492270773
 0.00849668549724203
 0.007670635301101236
 0.008083659053634729
 0.008025321341700697
 0.007245940597487344
 0.009105717359772336
 0.008422008992010288
 0.007747634514633728
 0.009192053154764235
 0.008860699149054574
 0.008482675691417418
 0.007199264866387445
 0.008368333740145895
 0.00859001273977672
 0.006853908231050254
 0.00776396164661125
 0.007110588422602093
 0.00697291264239136
 0.006223867041930897
 0.005866844837661145
 0.0067582304724511655
 0.0049707895666045165
 0.005117797443151384
 0.006713891802046179
 0.007000908034375419
 0.005766500133869257
 0.00557048753874928
 0.0067955597548207125
 0.005290469033135181
 0.0053394710606344264
 0.0069145641661618185
 0.00594617214164217
 0.005255463356091061
 0.00511312063068764
 0.00627752255925329
 0.005481807506865333
 0.0027843122884331217
 0.005507473911376182
 0.0056358140071520735
 0.003923044224389383
 0.0055844758159825925
 0.004497076689047919
 0.004459740230481346
 0.0046837527027085435
 0.004403735094119121
 0.004485405737967518
 0.004259057999094706
 0.004515739087671167
 0.0035123449742059387
 0.004623077033055034
 0.004784085745180189
 0.0033163305850367197
 0.0033069957976264996
 0.003068980695771828
 0.003187986901162232
 0.002471609917050921
 0.0024762759652190436
 0.002609283006187735
 0.0015452186052167804
 0.002674618444836907
 0.002357265274705478
 0.0011065230660247116
 0.0014962120925944289
 0.0015662153734609663
 0.0019512374548379952
 0.0007588320610665278
 0.0011018516357087504
 0.001139186300226136
-0.0009679403513236373
 0.0001941281046455856
 0.0001451242830971533
-0.001028613329903283
-0.0004079105162926311
-0.0013296330888847296
-0.001163957431566831
-0.0010402842809836832
-0.003007402576751139
-0.0016166538063371871
-0.0018360011274209387
-0.004080802662156768
-0.0018453368118557245
-0.0016889950449233138
-0.004141475640736358
-0.003184752773247923
-0.0029024034861113712
-0.003968801359678642
-0.0031730881013399825
-0.002949075629112785
-0.0023820426852186882
-0.0033481012371419094
-0.0038661330505614377
-0.0018756818228795602
-0.0033317696200411695
-0.004120484254640067
-0.003217431256868186
-0.0026153962240284545
-0.002701735607118949
-0.0037214640287587253
-0.0021230361972676137
-0.0027974106746441185
-0.0047365272992550556
-0.002904752208126582
-0.0022723820315340704
-0.0033691150488541766
-0.003100766597295912
-0.0022443830514514707
-0.0024567299547461063
-0.0036514688211139457
-0.002767083604113041
-0.0015653461140053837
-0.003121773232811098
-0.003063437314926365
-0.002265390583991278
-0.0018780350300179882
-0.001696025064525486
-0.0032034492588073338
-0.001714694639345704
-0.0016143562147263313
-0.0033131251619107904
-0.0012970057356688214
-0.0021767258015262247
-0.0022934003283695548
-0.0007066398598602475
-0.0022093971089493514
-0.0017427034866993596
-0.0023680750395520533
-0.002041389773084379
-0.0005923041877611834
-0.0029117768455809157
-0.002284073614181148
-0.0012363453154340953
-0.002564092119795247
-0.0031847967274551414
-0.003203465405250794
-0.001565368539621359
-0.003002788556011937
-0.0045335474762575045
-0.0013670260600034956
-0.0018593896748629324
-0.0034694866633852017
-0.0021160734545132565
-0.0022210806183747267
-0.0021837459538573967
-0.001654048571505251
-0.0015467097290967624
-0.001012345401551873
-0.0016353834818081947
-0.0026061089789241043
-0.0007416652714464789
-0.0014930443445033137
-0.003322487757084658
-0.0009423466058084973
-0.0018220666716659006
-0.0029771365038953057
-0.002449772594139532
-0.00280679479840934
-0.0026597869218624726
-0.003740185631007975
-0.0034555028712750513
-0.0031638196937530116
-0.0031428193374102853
-0.003621182116691435
-0.004003872519521334
-0.003702855451613807
-0.005597636096893621
-0.004598910722670491
-0.004545241749978501
-0.006447022813047432
-0.005886990286942506
-0.006094670245044342
-0.00583565568387151
-0.006575367393946541
-0.006682708030404383
-0.005725985162915892
-0.006087674312378388
-0.00589166351130771
-0.0063606924002033716
-0.005371300916365673
-0.004246568021938346
-0.004923275971911278
-0.004552254726112537
-0.0032291766609934824
-0.00367487082392548
-0.004517255328240877
-0.0019457694240620493
-0.0014090716239207879
-0.002253789600832612
-0.0011057219804415652
-0.0007113660086790485
-0.0005013543720301383
-6.659078623627579e-06
 0.001379422746597525
 0.0012954168361034024
 0.0008800578169243511
 0.0020841287796283803
 0.0028331725860396006
 0.0022358027043433704
 0.001965118986139436
 0.0035192108382994802
 0.0031621886340296723
 0.0030525145249755137
 0.0031785211481550335
 0.0025904851568443465
 0.003283525620942529
 0.0022707976170918687
 0.002770159855691179
 0.003113179430333346
 0.0017550974822194143
 0.00243880405593222
 0.0028821629522185477
 0.0024971390767922763
 0.001694423606615203
 0.0025998100769834553
 0.003148175240106521
 0.0022171187771289347
 0.003089836631147924
 0.0034211888428083426
 0.0029264917553524783
 0.0022427833875904857
 0.003115501241609475
 0.003885546301388043
 0.0025321312984668554
 0.0032135043995832335
 0.0039835494593618015
 0.003066493831962447
 0.0027094716276926945
 0.00366619449518113
 0.0039322094741430225
 0.0027724726967208735
 0.0027654713819071364
 0.0036335222907333264
 0.0029731486489350534
 0.002385112657624311
 0.003894868530453288
 0.0035915161959000907
 0.002312772316062861
 0.0028914726229388177
 0.0034911741831820664
 0.0028984712466786355
 0.0019557474207191894
 0.0024807778578785356
 0.0019044092295496529
 0.0007353385617419606
 0.001139028423889965
 0.0010060195888719758
 0.0009196802057815368
 0.0003316442144708498
 8.196174963420733e-05
 0.0010130164185625512
-6.0381872793779934e-05
 0.00018929879799350902
 0.0010596831794161266
-0.0003637360013962754
-0.00039407204217373204
 0.00031296925750273763
 0.0006139863254102651
-0.0010474470602321873
 3.0616382267700804e-05
 0.0010830116262073863
-0.0013204660450817918
 0.0010503412158089365
-0.0005177532659786377
-0.0015771507217567926
 0.00016828588330586314
-0.0013834742903070518
 0.0007353179301752832
-0.001084791592020573
-0.0012738037693514337
 0.0008963248482511399
-0.001462816843706971
-0.00034508436706870427
 0.0003666238778005093
-0.00024708031207032466
-0.00011173979850531701
 0.0003596207689374742
 0.0008473156445548691
-0.00030075376988547564
-0.00019808187266967536
 0.0004879581736394467
-0.00016074810517696658
-0.0004594334945374201
 0.0004762881195837232
-0.0002307549741421
-0.0007487867875616283
 0.0007679695030564648
 0.00031060797714260735
-0.00011408493242198725
 0.0003759434157917796
 0.0005906219976335447
 0.0006956273674456614
 0.00027093445788106685
 0.0010316456272742025
 0.002210048391418029
 0.0016826826876130685
 0.0019393637761895288
 0.0037431371961614834
 0.0031364334240797653
 0.002770077329424525
 0.003472451683908251
 0.003957813086929274
 0.0040138155322175795
 0.003365109253401166
 0.00488886596180832
 0.0034817810891705214
 0.0027654041050593214
 0.004536508908682069
 0.003159759179797106
 0.00391346993140107
 0.003542446891553086
 0.003148089125741327
 0.00419115047929558
 0.0027047275383811353
 0.0032507592289078846
 0.003085081777540688
 0.002193694348701425
 0.002175025670905828
 0.0023103661844708356
 0.0026837209028659492
 0.0013863092422576884
 0.0023080300208006
 0.0019020048920069255
 0.00028024054050279634
 0.001120289778172634
 0.0008892750941069671
 0.0009056085052569496
-0.0006531520861450812
 0.00011455950103717027
 0.001206623779115179
-0.0016845496648160152
 0.0003642383777751612
 0.0011809528894811683
-0.0008281679130209274
 0.0005999164189349759
 0.0014422991292010745
 0.0015963074235371133
 0.0012976220341766598
 0.0014936328352474493
 0.0027047042157405388
 0.0021260021148153396
 0.0023756827856026286
 0.004186456623363699
 0.003234398907018765
 0.0033860737287583764
 0.005077840464104477
 0.004272791521330976
 0.004445467596437991
 0.005497862840377732
 0.005187510088035419
 0.004093110543311684
 0.004639142233838434
 0.005052165986371926
 0.0036264133329630965
 0.0036800823056550858
 0.004200445797621688
 0.00398576542173068
 0.002543678460147303
 0.0031153783492341436
 0.0042494451340469586
 0.002081648194991459
 0.0029800342475705954
 0.003642739567915998
 0.0021586500995978697
 0.002181983928536968
 0.002123646216603048
 0.002947361146098171
 0.0018179595124288017
 0.0009965762614807527
 0.0030196961055118376
 0.00214697645744355
 0.00017052427129066183
 0.0018786253148113663
 0.002345318937061358
-8.382693278796705e-05
 0.0006208808942921862
 0.002074633424808181
 0.0005228732511952106
-0.0003311786161020458
 0.0010595701543118508
 0.0006302102995544567
-0.0003125135264049894
 8.184244535747176e-05
-0.0002355107247739019
-0.0006905387780913874
-0.001537590227599528
-0.0005411983259727693
-0.0010288949956394622
-0.0034627078106815312
-0.0014069193503011834
-0.0007558813929376962
-0.003329702563762138
-0.0022189705049130426
 0.00016117064636317346
-0.0017872798686332514
-0.0035723873018835284
-0.0010615716852103718
-0.0009378985346272795
-0.003112695891471895
-0.0018362872782802797
-0.0003335318232404183
-0.0012482539780434565
-0.002536331748266174
-0.0007908951432035183
-0.00019352705555664151
-0.0030566988283313723
-0.0011012496895951296
 0.0009988747501162853
-0.0011549213533609826
-0.0022889899322230955
-0.00024486883482460753
 0.00042950384850259926
-0.0019879746583648106
-0.0005762246345835664
 7.714679537629276e-05
-0.0014232769811163837
-0.0010942582420523927
-8.85324500400908e-05
-2.086264176992536e-05
-0.001952978848591691
-0.0009985894536996276
 0.0006395074119298072
-0.0011385996035312984
-0.002300669853549875
-0.0002122127768203197
-0.0002892182695253265
-0.002020655833058993
-0.0007699154184274692
-0.0007139129731391636
-0.0011946092250167406
-0.001472293361009791
-0.0014816281484199
-0.0007699199035506865
-0.0018969880646236281
-0.002384684734290321
-0.0018853224956910664
-0.003238737498612254
-0.0033834136966120476
-0.001917993803114193
-0.0038127744483940074
-0.004351807515180883
-0.0029587252721706148
-0.004158131083731198
-0.004725165821674537
-0.005632887558688404
-0.005651556236484057
-0.00490717937526558
-0.006167255474331834
-0.00605991663192329
-0.006181258103959364
-0.008295385173298253
-0.007593010818814527
-0.005924578809432202
-0.007527675380165355
-0.0072289917848542
-0.006755297744814981
-0.0074460065303662
-0.006626958546063766
-0.007483343885957394
-0.006038925245826998
-0.005989923218327753
-0.007523015611169692
-0.005912920416696665
-0.007182330406148463
-0.006813642632946093
-0.005639906813994899
-0.006164939045203599
-0.006258278846083154
-0.007245338651373723
-0.006064602414633469
-0.006349286968415635
-0.006881319617413395
-0.0057472528326005246
-0.00636795744026053
-0.006066940372353002
-0.004809199539932363
-0.004853536416288162
-0.006143947659107252
-0.005247895079124487
-0.0030520982629617666
-0.0031617723720159807
-0.003388120110888848
-0.002384727791472918
-0.0019016998610482672
-0.0028584245225860005
-0.0014560083891902442
 0.0007817909337072271
-0.0011479918005182221
-0.0007396349931775292
 0.0010781392623727126
 0.00020775308690079708
 0.000746784359638375
 0.0003617604842121591
 0.0005367700319155455
 0.0008214527916484138
-9.326936315456891e-05
 0.0014071526192889205
 0.0019531843098156143
 0.0008401169843208489
 3.740151414383108e-05
 0.000833114772482435
 0.0014631514764786302
 0.0006324343351450934
 0.00017973975442403534
 0.0005484275276263495
 0.0004270860555903311
-0.0009403297829090884
 8.873073506687756e-05
-0.00041763371537073546
-0.0007956571730078354
 0.00045274976902726083
-0.0014536982392344688
-0.0004643067553967706
-0.0004083043101084094
-0.0015960427586871329
-0.0010173424518111762
-0.002426760797045291
-0.0017430542233325408
-0.0016263814905385088
-0.0028141199391171767
-0.002319424645710666
-0.002426765282168508
-0.0035141644091031266
-0.004013528441751679
-0.002767454972312955
-0.003287820258328855
-0.0038175194347301877
-0.0028607965672417524
-0.004081203632169683
-0.004372888603740965
-0.0033834971199033226
-0.003189819791429016
-0.0032714922293266557
-0.0032854939619295642
-0.002256433443953487
-0.0019950854101843385
-0.0024711147168691716
-0.001495724068609705
-0.0013860517536048444
-0.0021117626281015878
-0.000653343152392849
-0.00041999678978010824
-0.0013650540883360374
-0.0003709956593055952
-0.0004293333712395153
 0.00025670667506955125
 0.00038504677084549854
-0.0001259846247849139
 0.002048810938010459
 0.000896074578377315
 0.0005320519563184467
 0.0022004839657007724
 0.002025472623948088
 0.0025668373692820934
 0.0017804562072796792
 0.0025528347396545636
 0.0023311539459744957
 0.0019741317417047433
 0.0041909298112348115
 0.003815239826194028
 0.0033228762113346466
 0.0033532104580628608
 0.004804629515982428
 0.004319266318912163
 0.0037895671425107746
 0.005359993302845423
 0.003941241067225709
 0.004895630462117828
 0.005542001474288627
 0.004447601929564837
 0.004312259621950532
 0.005208312201933296
 0.005854683214104095
 0.004069575780853818
 0.004690278594464525
 0.004417261403664219
 0.0038082241589860732
 0.004284251671621608
 0.003838557508689666
 0.0044872619934567815
 0.0030241737785060563
 0.0025061419650865835
 0.0034371966340149274
 0.0025644769859465844
 0.002151451439363905
 0.0028048228693238197
 0.00267648097949863
 0.0014280722434142357
 0.001295063408396302
 0.0019881038724945954
 0.0014350699701294323
 0.0007373607667891524
 0.0012927263477013895
 0.0010010413761300518
 0.0007070229319623977
 0.0006696864733958252
 0.0005763466725162703
 0.0012833879721926844
 0.0012530519314152277
 0.001304387431510845
 0.0014653961436358887
 0.0012413818773594487
 0.0021911043270587682
 0.00262746280555598
 0.0016170682743016362
 0.003353170988978804
 0.004531573753122742
 0.002786135354010788
 0.003140822291634926
 0.0043775618706881625
 0.004813920349185319
 0.004363559241060633
 0.004613239911847977
 0.005191940218723934
 0.003733518948965897
 0.0041138740851501265
 0.005236273506981137
 0.003976197407914828
 0.0033718271084294815
 0.003924859216745347
 0.0035468357591082467
 0.0026694491658471597
 0.0026554474332443068
 0.0021584168731921816
 0.0013113654236839856
 0.001540044841103927
 0.001813060237854991
 0.0005063146868612978
-0.000144725064551543
 0.00010962255142854538
-0.0003570728648707999
 0.0001912922982522658
-0.0006860942950087101
-0.0008401043833939914
-0.0007024303972326118
-0.001876168010233048
-0.0006814309379145067
-0.0016358221268558681
-0.0022938622960578248
-0.0011294603674921189
-0.002314865343474415
-0.002016181748163315
-0.001290472667715814
-0.0019158442205685078
-0.0019531806791350803
-0.002121191603098649
-0.001838842315962097
-0.002065190054834909
-0.0035236113245929457
-0.0034069385917989137
-0.0025528885185509
-0.0032762659204512157
-0.004067314027646485
-0.003460612049614009
-0.003308937227874398
-0.004611015833675403
-0.0038876402258242737
-0.003241269213653475
-0.004522346566087132
-0.004165326155866622
-0.003773303656700533
-0.003500288259949469
-0.00413966064838045
-0.00392498206653874
-0.002417559666306135
-0.0030709328903153477
-0.003385952587850405
-0.002016205070803856
-0.0012298257028506288
-0.0026859135000122936
-0.0015681810233740823
-0.000812136799173746
-0.0013955058452917446
-0.0006254607855131766
-0.0007724704561092866
 6.991225415686753e-05
-0.001031487708356038
-0.0006277978462080891
 0.00020991791886537658
-0.0004807908666858429
-0.0009218180844250412
-0.0010454930290574316
 0.00042926075482591086
-0.001106165110612456
-0.0003477874138156922
 0.0004969287690468338
-0.0009661594459039469
-0.0005881377823160894
-0.0007094792543521078
 2.0896771288081428e-05
 0.0004059188526650548
 0.0001422355522502361
 8.856478550900437e-05
-6.544530287627692e-05
 0.0002752407991695738
 0.0006905980242994381
-3.977979539010468e-05
 3.255695807286019e-05
 0.0007395982577493299
 0.00100794670930765
 0.00036390737568392506
 1.3885589203288529e-05
 0.0019179983308193482
 0.0014886384760620097
 0.0017686542906021896
 0.002886386767240401
 0.0023986900975737635
 0.0034160832525678697
 0.0033274103968810587
 0.004307467990333214
 0.004608485058240741
 0.0036610942870884955
 0.00595023000710615
 0.004659818764287005
 0.004468473114359772
 0.006080901781429171
 0.0052105156059572555
 0.006297912938842576
 0.0053668564758649895
 0.005660873125983401
 0.005548865544332815
 0.004659811588089924
 0.005187175497845697
 0.005509193819120628
 0.005877881592322942
 0.0053295146351505784
 0.006202232489169568
 0.004097439310216111
 0.004545465151695183
 0.005208170472040585
 0.004046100222022064
 0.00591054392949969
 0.005299173212225228
 0.006146222867684126
 0.005628191054264597
 0.004757804878792682
 0.005712194273684801
 0.004617794728961067
 0.004391446990088144
 0.005252497481125329
 0.006185885622650045
 0.004452114586519951
 0.0040834250192683386
 0.0056631850699884745
 0.003612061760751628
 0.0034837198709264383
 0.003796404301815881
 0.003763734788441997
 0.004328434259739722
 0.003763732994392699
 0.005492835291280751
 0.004424103945117108
 0.003339038290778862
 0.004536108835693775
 0.005054138855064061
 0.005567501929241492
 0.004736784787907955
 0.005154475485634191
 0.00510780513668202
 0.0038103934760738145
 0.0053084819859208765
 0.004827785734043355
 0.002512980021416311
 0.003819723778360762
 0.004365755468887511
 0.0037123822448782984
 0.0022889630640658964
 0.002099950886735036
 0.00197627594210259
 0.001152559218558169
 0.002641313838019743
 0.001829264477457182
 0.0007792009120645149
 0.0009425430967860415
 0.0008165346795572237
-0.0005042117070147567
-0.0011202493694819626
-0.000513547391449487
-0.0016102804087695932
-0.0007398960273470312
-0.0006722262190768102
-0.0017829600719751482
-0.0016406191406210802
-0.002319660563190329
-0.001831965687572934
-0.0030383719169225776
-0.002812025972099008
-0.0014726135988053501
-0.003323058264754042
-0.0033207256891823467
-0.0034980705035313475
-0.0030010417375284093
-0.004109442117830431
-0.005441855867384271
-0.003260059886799782
-0.004391794993065523
-0.004849156518979381
-0.00372675709714837
-0.0035844161657942464
-0.004128116177773922
-0.004793156764764939
-0.003771096664578033
-0.003964775787101638
-0.003617089267266671
-0.0033674085964793266
-0.003659093568050664
-0.00289371545346484
-0.0029683874735734195
-0.003316075787457684
-0.0032787411229402985
-0.002886718623774265
-0.0031364010886108518
-0.002844717911088812
-0.003250743039882431
-0.002541368267609534
-0.0017923244611983136
-0.0035750984218522186
-0.0012626279758708447
-0.0017129890839955308
-0.002116680740192778
 0.00014445330866835748
-0.0018670009664301102
-0.0007866040513338501
-0.001355972261873617
-0.0019510086709734753
-0.0010176205294487595
-0.0018716723967460158
-0.0015823226918204036
-0.0026977234899114855
-0.0022123620868904625
-0.00251571442144366
-0.00320175626180208
-0.002977743789574827
-0.003666119102529619
-0.003372102452411263
-0.0032600966648099194
-0.0036544544306216786
-0.003274099294437449
-0.0032717667188656985
-0.004191155818861425
-0.0039228073673031605
-0.0035891216830464256
-0.0032414351632114036
-0.0034234469227531483
-0.0032811059913990803
-0.002508727459024085
-0.00332544376477939
-0.0036707986060672826
-0.003246107490551986
-0.0032251071342092597
-0.003066431894680477
-0.0028727545662061704
-0.0020723743626747115
-0.0023173898823185546
-0.0029264271269967
-0.0021983845739528274
-0.002807421818630862
-0.002119048299725368
-0.001869367628938079
-0.0025927450308384503
-0.0014843464445857268
-0.0018717037926083702
-0.002175056127161512
-0.002142388407836926
-0.002389737400077141
-0.0015403542720219265
-0.0014166811214387232
-0.00143534979923432
-0.0006723051572449235
-0.0005696332600291232
-0.0003782894041511331
-0.00033628779444100365
-0.0007679811217947696
-0.0005883046288986393
-8.894239029938467e-05
-0.0004973009916893756
-0.0006606449704601447
-0.00043663249823289174
-0.0011110069756095076
-0.00036429664179465915
-0.0010106694480147005
-0.0013956933234409163
 0.00012339643977349324
-0.0013023562136352806
-0.001293023220274414
-0.0007026555504165977
-0.0016897153557071665
-0.0005346473175270039
-0.0008730017410257251
-0.0013980339722344248
-0.0007936654667983212
-0.0012276922667484036
-0.0008450036579678577
-0.0010690179242442976
-0.0011506903621419928
-0.0011623586221484739
-0.0007586687600005804
-0.0012977018267874563
-0.0015870533257623665
-0.0003316459659381543
-0.001167030052464435
-0.0004903238965408008
-0.0006840030190644053
-0.0009173511757264441
-0.0005579972929095622
-0.0008893512986191676
 0.00015604352753140205
-0.0009546903253669359
-0.00021031346414845942
 2.3032898464225848e-05
-0.0007050114486288894
-0.00015897975810214016
-0.0011530399811818248
 4.169709113666098e-05
-0.0002546548256273651
 0.00044538605625998873
 0.0009914177467866825
 6.269475640546807e-05
 0.0010777544388032578
 2.3023928217902334e-05
 0.0016751216294255689
 0.001425439164588982
 0.0007813998309653125
 0.0019574691225128227
 0.0019994707322228966
 0.002774182737194264
 0.0018127911304637867
 0.0036072306600502535
 0.003819575769295591
 0.0029305218130527
 0.0032828752780804105
 0.003154533388255276
 0.00423959724854428
 0.0030658596355437884
 0.0034252135183606702
 0.004041249386778578
 0.0030845247252409003
 0.005121645404850161
 0.005266319808800712
 0.004090248723203904
 0.004846292947404185
 0.005051637638860462
 0.005602336274579955
 0.005070303625582195
 0.005345652494929576
 0.005954687945558368
 0.005186974564326929
 0.005492658577427145
 0.005840345097262167
 0.006377042897403429
 0.005382982674323744
 0.005989684652356164
 0.006806399164062227
 0.004647936115392215
 0.006234696583901411
 0.00647737683689964
 0.005634992332584243
 0.006461040734675794
 0.004783273040858682
 0.0061810222290616945
 0.006160020078669726
 0.004395913898786741
 0.006001342148067024
 0.0050329501235474305
 0.004521918727917018
 0.0051146198703712065
 0.0041602286814299005
 0.004085556661321321
 0.004010884641212686
 0.004323569072102129
 0.004127556476982097
 0.00412755557995742
 0.0036795279444291618
 0.0032151660007261884
 0.003999211896083044
 0.00339250812400127
 0.0034695118226569788
 0.0019480867927969547
 0.002162765374638609
 0.0033388346661861745
 0.0017007360065074417
 0.0023097714571362893
 0.0014417187542606902
 0.0019527483558418601
 0.0021114235953705873
 0.00013263793662132706
 0.0016540611724321086
 0.001901408370623081
 0.0004033180667267211
 0.0011453614553488256
 0.0018734040083926984
 0.0003473120333398749
 0.0013507043527557494
 0.0009073436624201792
-4.4714053924754804e-05
 0.000940010484720144
-7.271751913051627e-05
 0.000522317095920044
 1.9518099041437864e-06
-0.0003574038669620361
-0.0003690721269685171
 9.762149528153019e-05
 0.0004849770492548755
-0.00044374594112639443
 0.000900333377360063
 0.0015093688279889106
 0.0010496738294786812
 0.0008769959603224242
 0.0022304091691943695
 0.0028207768390521304
 0.0022724098818797667
 0.0032968034546630443
 0.0041321857471400825
 0.004195188610217504
 0.004412200664655641
 0.004288525720023195
 0.004430866651377319
 0.004540538966382235
 0.004976897444879447
 0.005088903232480679
 0.003476472771362038
 0.004251184776333405
 0.0045708696250119085
 0.003943164599562787
 0.003154449964964001
 0.0030191076573496956
 0.0034227975194976445
 0.0014720135319048477
 0.002027379112817085
 0.0014976799364157523
 0.00024927120033130246
 0.0006506275898828795
 0.0001535970298307543
 0.0002236003106972917
-0.00046010805706475644
-0.000985140288273345
-0.0007237922545041964
-0.0008521341443293862
-0.0016875182308556669
-0.0009431413696371904
-0.0010878175676370394
-0.0027725856792432113
-0.0007821344515613338
-0.001899868722248843
-0.0031296096775622617
-0.0010621538542000541
-0.0022172236864295147
-0.0023852346103930833
-0.0023222317473156062
-0.001538185851958751
-0.001556854529754459
-0.0022382294249200796
-0.000721473134302042
-0.001876542966531447
-0.0010481610918435802
 3.223582325267982e-05
-0.001239507638795434
 0.00010923862488371183
-2.377021013422187e-05
 0.00024457824142409823
 0.0014766508752845908
-0.0002174511267071244
 0.0009166156581056906
 0.0012876369039044322
-5.107811511084748e-06
 0.0008512757343333566
 0.0012619660142704214
 0.0009749479878918832
-0.0004904736996552694
 0.0014136390419607903
 0.0014043042545506812
-0.0013841963951402025
 0.0010589485162381118
 0.0015676446452228543
 0.00023289742307264216
 0.0010612792977605645
 0.0010309432569831078
 0.0007905946825320087
 8.121811620981356e-05
-7.279197217541222e-05
 0.0002562267668885787
-0.0011858601946948544
-0.0003994808267416272
 0.000876927786449988
-0.0017365624185128326
-0.0019769109929639317
-0.001118193974523174
-0.0021239215605847184
-0.002259263868199024
-0.002723625811901942
-0.001822906286726489
-0.002487946873717506
-0.0032626606727381158
-0.0023082712778460523
-0.003967371190892133
-0.0038833670744473636
-0.0025882906804847727
-0.0035636831227934818
-0.0045017400035602395
-0.003764363560130879
-0.003335005499422783
-0.004625416742241872
-0.004273063277214162
-0.0026302994663919277
-0.003157665170196944
-0.0041773935918367755
-0.0033280104637815056
-0.002466959972744376
-0.003332679203023492
-0.002739978060569359
-0.001356229707944523
-0.002317621314675
-0.003701371461349079
-0.0025789720395181237
-0.0012208918854534345
-0.0024903018749051764
-0.0017365911233012676
-0.0014029054390444773
-0.0021799527106614036
-0.0009712148027646861
-0.001302568808474347
-0.0016712583757259591
-0.001199897808283168
-0.000714536405262145
-0.00018950596810279885
-0.0006702022199803204
-0.0007612085482635589
-8.683586493629658e-05
-0.000651537130283264
-0.0013609136966054591
 7.883799833230398e-05
 0.00037985506623983145
-0.0009058892313865141
-3.3171377367524624e-05
 6.71670472519037e-05
 0.0003308485536174799
 0.000258510006105217
-0.00029219042366351866
 0.0015909210645851934
 0.0007625373958480286
 0.0008255402589253946
 0.0023166283509833963
 0.0016819229077452147
 0.002036609845369297
 0.002232620646440031
 0.0018475967710138153
 0.0015045754023222946
 0.0020179384764997255
 0.002668976433863268
 0.0012222225270872022
 0.00029116606410956036
 0.0016702474715415971
 0.0014649009860360773
-0.00010552696834786879
 0.0006621846188343827
 0.0009795359949165139
 3.214522376432383e-05
 0.000736853050844366
 0.0011335424952032547
 0.0002864910456950587
 0.00029115709386318134
 0.0013762209541521297
 0.001476559378771558
 0.0010285317432432994
 0.001422887715005705
 0.0012968792977768873
 0.0013015453459450654
 0.0018919130158028263
 0.0015838937360569405
 0.0018545756602116326
 0.0023282697002507957
 0.0012758726622617012
 0.001581556675362028
 0.0027506255491204223
 0.0019805786952925564
 0.000736836904400906
 0.00131787068387329
 0.0020342458739352476
 0.0016305542177380006
 0.0015955512317678
 0.0019665724775665416
 0.001674887505995204
 0.0007484979882103615
 0.0017612241980117793
 0.0019409006909078541
 0.0007998316942566253
 0.0008978366462796816
 0.0013971988848789918
 0.0018335573633760927
-0.000306237904522888
-6.822459671740333e-05
 0.0018172203641275697
-0.0006935970465947738
-0.0007426008681432616
 0.001324854955218946
 0.00027245791722985135
-0.0011882968251245019
-0.00034124716966554836
 0.0004754673420404587
-0.0013516425979445135
-0.0018370057950148344
-0.0010342921188870036
-0.001255972912567127
-0.0028684033736857684
-0.003701453987615677
-0.002231367148925134
-0.003871799281200239
-0.004730518093690239
-0.0033257684876981664
-0.004072480615562257
-0.004966201516997892
-0.005022205756335496
-0.003932474950853804
-0.004522844414760863
-0.004758526044019218
-0.004221828243878012
-0.004317501517353939
-0.004770196098074997
-0.006081608594261434
-0.004133159873314363
-0.00470952850164319
-0.006377962305074758
-0.005059551185148503
-0.005540247437026025
-0.006744320193779296
-0.006940332788899273
-0.006048947154109363
-0.007220351294513427
-0.008202744154611197
-0.007150348910671511
-0.007075678684612174
-0.009033463089994032
-0.008293753173968355
-0.006487646281400028
-0.008975128966158652
-0.008702113569407588
-0.007822395297599483
-0.0076637200580707
-0.008573775267680939
-0.009346155594105232
-0.005955620808599349
-0.007859735344264651
-0.008947134471199214
-0.006826008778120507
-0.007043022626607887
-0.006742005558700304
-0.007745399672165532
-0.005939292779597205
-0.005652276547267854
-0.0073207103506994775
-0.004473874680148648
-0.004681554638250485
-0.006331320660911077
-0.004373538049578463
-0.003860174975400976
-0.00457421848691586
-0.00438287463103787
-0.0034238182909530623
-0.0018953946373531094
-0.004051524213426749
-0.004480884068184143
-0.0018113923149575828
-0.003547496823683993
-0.003652503987545519
-0.0031578086941389527
-0.003192811680109209
-0.002443767873697933
-0.0034564958775486487
-0.001865068463846653
-0.0022990952637967355
-0.003253486452738097
-0.0018720715727096882
-0.0025067770159478697
-0.0029151356173378606
-0.002201093899872275
-0.0016667295723273856
-0.002894137055044377
-0.003157820355459251
-0.002352773206735048
-0.0025137837129094454
-0.0028451377186191062
-0.0036665209695672107
-0.0030831537174984547
-0.002940812786144331
-0.003967541625573279
-0.002513789095057284
-0.002826475319995969
-0.0038578711046176606
-0.0033445080304401187
-0.00374119926884825
-0.0027938102917452468
-0.0035778579811514
-0.003514855118073923
-0.0028521497977285204
-0.0037342033361822957
-0.002735477961959165
-0.0028614863791879275
-0.0027308128108156637
-0.0030621668165253246
-0.002763483221214169
-0.0018370954974785692
-0.0022267863180975844
-0.0019327696679791728
-0.0031298420069433286
-0.002359796947164705
-0.0024718045288153467
-0.0028544949316451906
-0.002173121830528757
-0.003841555633960436
-0.0026654863424128705
-0.0036945486544381345
-0.0038555591606125317
-0.00248814511616241
-0.004396926597020456
-0.002971175737660925
-0.0026934933957171725
-0.0034262046880030317
-0.0022151333075098867
-0.0034705424613834523
-0.0033235345848365294
-0.0028428401270082504
-0.003437876536108053
-0.0020424608205014683
-0.0037015607335475487
-0.003862571239721946
-0.0023948178736277748
-0.003773901075109054
-0.003554555548074545
-0.00412159028601794
-0.0032302046512279747
-0.0024764938996240105
-0.00392091433380376
-0.0016317786137861057
-0.0018487924622734853
-0.004228935407598944
-0.0016551160308237445
-0.0012000897715556125
-0.0026841792398736852
-0.0011440882232918725
-0.0007567326693185827
-0.0007940691278851553
-0.0010180833941616507
-0.0005840583882608663
 0.0004846711638535339
-0.0005140560044188947
 0.0004870028424006634
 0.0013853888949796889
 0.00041933034305652317
 0.00036565957631529145
 0.0016934045866270897
 0.000781015904420479
-0.0003017162773213955
 0.0012990450267661435
 0.0005686672070766008
 0.00034931988599284924
-1.2369263469647063e-05
 0.0006433356390865841
 0.00031898205116609457
-0.00044173091227622807
 0.0005103250100194634
-0.0008197552669380603
 0.0005989951746323552
-0.0001127148642861564
 0.00011829802573015691
 0.0014203748374818637
-0.0007427551563808921
 0.0010726856265729778
 0.0018333967959660025
 0.0010983520310837713
 0.0016817192831525274
 0.0016560501875677036
 0.002713112376700244
 0.002127409857985929
 0.0018007227974689566
 0.0033314799236652815
 0.0023140849746218772
 0.0026641049670532158
 0.0035718249100177846
 0.0030677939321765435
 0.0037888360674313004
 0.004138856059862639
 0.0035064840892208293
 0.0035368183359490435
 0.004605547888063444
 0.0037701638015371075
 0.0038098319386508095
 0.004262524725322625
 0.004337194951381906
 0.003672154364390834
 0.002843770695653669
 0.004019839987201235
 0.00256375219003957
 0.0030234453945005013
 0.003714152386002423
 0.0031307833398844243
 0.002965105888517283
 0.0027550924578190195
 0.004348853344117387
 0.0031074450258221087
 0.0030117717523461818
 0.00392415864050355
 0.0034714640597824364
 0.003438794546408608
 0.0038494848263456727
 0.004355847482734043
 0.0027830860557537807
 0.004036159942981621
 0.005123557275866997
 0.0031331042541358767
 0.0035857970408076367
 0.003998820793341129
 0.003847144177552164
 0.002617403222238801
 0.002379388120384074
 0.004710526347136479
 0.003252105077378442
 0.0023233820869972277
 0.003968479370415834
 0.003014088181474417
 0.0022090392387009716
 0.002381715313807986
 0.002680398909119197
 0.0028157394226841492
 0.0016163336111236215
 0.0020083561102897107
 0.0017050037757365133
 0.0014016514411833714
 0.0019570170220956085
 0.0007272760667821343
 0.0013876479145311649
 0.0015089875925179963
 0.0020550192830447456
 0.0026827225144445133
 0.0010142887110128895
 0.0017143295929002988
 0.002360700605071042
 0.002230025242649536
 0.002433036461509386
 0.0012546319033162057
 0.0017306594159516853
 0.002164684421852525
 0.0018403308339319802
 0.0022813562576218804
 0.0018659972384428292
 0.0021343456900011493
 0.0015929791506179014
 0.0021086756973917042
 0.0030560646744947073
 0.002454027847605733
 0.0024073574986536173
 0.00201533320543823
 0.0030630615041852827
 0.003102729641298929
 0.0020549995485026895
 0.002190340062067697
 0.0021530036035011246
 0.0032637356623501645
 0.003035054450880925
 0.0017353093176763479
 0.0021973359947335958
 0.002944046328548444
 0.0017726421881444354
 0.0006245727737040907
 0.003007047397576623
 0.003319731828466066
 0.0016396306620525825
 0.002117991647284434
 0.0019243125247608295
 0.0006549025353090876
 0.0009559196032166706
 0.001723631190398811
 0.00017887143457501198
-0.00036482857740460783
 7.619684628529244e-05
 0.0004985544892042726
-0.00023649027567795855
-0.0017742496137126418
-0.00025282637790186024
-0.00010581850135499282
-0.0007218561638221987
 0.00040521020320150036
 0.0008182339557349372
 0.0005475502375310026
-0.0002878338489953336
 0.000528880662710729
 0.0011892525104597595
 0.0010539102028455094
 0.0005848813139497921
 0.0010072389568687168
 0.0021739743580307946
 0.0003141958016965596
 0.0008368927662595338
 0.0024563218511180485
 0.0009815662731854635
 9.951273473163269e-05
 0.0017562773811321541
 0.0019102856754681374
-0.00036018405782783924
 0.0004471965634927355
 0.0018146106079429125
-4.283447579489508e-05
-0.000997225664736312
 0.00022084613354600435
-0.000374190275553854
-0.0017276052784750973
-0.0016832701961685959
-0.0010462330743832848
-0.0019959573181319024
-0.0026866661036830664
-0.0020449620367050114
-0.0016529395375389222
-0.002593329890902052
-0.0033657102173262343
-0.0007778900049728033
-0.00240198782907336
-0.004362105707051589
-0.0020263005351064955
-0.0029736913062586856
-0.0035617272975694836
-0.0029783600455007275
-0.0022246492938967632
-0.002672676929425133
-0.004121764308797626
-0.0019889712527369485
-0.0017019550204076528
-0.0028383570718661932
-0.0015269463697289432
-9.886203777309532e-05
-0.0006215607963853675
-0.0004068822145436579
 0.0006245117760287355
 0.0006291778241968582
 0.0017515772460277579
 0.0013315512816559627
 0.0028506410448703723
 0.003104988660850405
 0.0017305724045618698
 0.003450340811064434
 0.0022159329105582715
 0.002197264232762619
 0.003193656134389433
 0.0027876310055958697
 0.0022952673907363774
 0.0019312447686775092
 0.002684955520281529
 0.0016442258452742942
 0.0021342541934881165
 0.0017655646262365043
 0.0008321746906624905
 0.002598612549092494
 0.0014785448058086126
 0.0016675551890902862
 0.002470268865218006
 0.000995513287285421
 0.0008975065412131222
 0.001126185958633119
 0.0010981833904519234
 0.0012241900136314987
 0.0011028485415954248
 0.0014808702051832823
 0.002474928634213669
 0.0007644923240474055
 0.0005311441673853667
 0.0029486208802035896
 0.001798217993166873
 0.001856553911051606
 0.003779334433438586
 0.0027012691968894553
 0.0024819218758057038
 0.003312637223089998
 0.0028156066630378174
 0.0028389404919769157
 0.0027549345814828485
 0.003947338181204962
 0.0047383844943509335
 0.002519251158175251
 0.0029882782530216145
 0.0033639664440131
 0.0022462321733256463
 0.0033709650677529734
 0.003363963752939181
 0.003779320978069045
 0.0031212808088670885
 0.002773592494982824
 0.005086062940964198
 0.003214617021648103
 0.0025169078183078786
 0.005156064427781493
 0.004320680341255212
 0.003382623460488454
 0.004428018286639079
 0.004810706895419681
 0.003825980562725484
 0.0037396411796349893
 0.004717365300490828
 0.005347402004487023
 0.004990379800217271
 0.0038329764953913825
 0.0051233859441612295
 0.005062714759630937
 0.004236664563490089
 0.005095381581930847
 0.0045773497685113185
 0.005277390650398728
 0.0050183742951765975
 0.004995038672188257
 0.006108104203633724
 0.005494400013762835
 0.0056414078903097575
 0.005174712474010468
 0.005277384371226268
 0.005650739089621326
 0.005144374639183713
 0.005179375831104671
 0.005160707153309019
 0.004855021346159449
 0.0043393230053363485
 0.004953025401157829
 0.003713950555458978
 0.00399629984259553
 0.004901686312963782
 0.003394262118681879
 0.0037139469673604375
 0.0036206071664808825
 0.003664942248787273
 0.0024398682386666537
 0.0027688869777307
 0.003951956687067382
 0.0026755462798264684
 0.003095570450149021
 0.0030278988478295576
 0.002960227245510094
 0.0019568331320449217
 0.0012731247642828736
 0.0028528848150030095
 0.0010514430735781288
-0.000822336318334338
 0.0008880981977827385
 0.0007574228353611767
-0.0009483465296123983
-0.0015550503016941164
-0.0012096972544555218
-0.001373041233226291
-0.003116146159741817
-0.002122087730711375
-0.0014687163007515158
-0.0039235303691609325
-0.003977201135902109
-0.003186154822756193
-0.003837194574169034
-0.004495234743370935
-0.004047208901891863
-0.00404720979891654
-0.0048965947210210525
-0.004177886058362668
-0.0033915066904095514
-0.004380899968296492
-0.005356292410605146
-0.004327231892629124
-0.0039842123179869016
-0.004898934472789884
-0.004173225392342383
-0.003456850202280426
-0.004590918781142539
-0.004726261088756789
-0.003958549501574593
-0.004471914369801433
-0.004602589732222939
-0.005209293504304657
-0.005218628291714822
-0.004420581560779735
-0.0054706451261723466
-0.00568532550206341
-0.005538317625516487
-0.00594900969950285
-0.005846337802287049
-0.005605991021885248
-0.004723939277480715
-0.004975955214913674
-0.005001624310498443
-0.004884951577704411
-0.004621270071338834
-0.004100906579372177
-0.0049782931726332635
-0.003421867847876847
-0.004203582064686573
-0.004980629336303555
-0.002381141760968264
-0.003615549661474371
-0.003998240064304215
-0.003207193751158355
-0.0028758415394979364
-0.002213136219152534
-0.0028851772239327222
-0.0024674865262065415
-0.001993792486167323
-0.0023951506697682534
-0.0029715192980970806
-0.0021291365878309265
-0.001807118266555996
-0.0027895111266538763
-0.0016274426706845424
-0.0016297770403055356
-0.0028805192489863574
-0.0030881992070881936
-0.003529226424827392
-0.003771908471874863
-0.0031838742746134185
-0.0033378843629987
-0.0037579103273705505
-0.002973864432013751
-0.0038255828267146352
-0.004716970255553898
-0.0039165900520224395
-0.004674969542868501
-0.004506960412954231
-0.0032305517997626154
-0.004845315733477684
-0.005172002793994546
-0.003960931413501401
-0.004989993725526665
-0.0048639871023472
-0.004317955411820451
-0.004441630356452841
-0.0036039145913794868
-0.004105612096624411
-0.0034755753926282162
-0.0026471935179403494
-0.004796322676224818
-0.004460303519371656
-0.0027592028936401225
-0.0030298866118441126
-0.0027662051054785364
-0.0022785102298611415
-0.0027498725913532307
-0.003036890617731769
-0.0030625597133164817
-0.0023928539751819633
-0.0017558168533967078
-0.0017488173326322132
-0.0003580685622183166
-0.0006124179722476475
-0.001324128011166159
-0.0007010917249590798
-0.0009204390460428313
 0.00021362773876998364
 0.0002602962936728015
 0.00011562009567306353
 0.0013640270377081043
 0.0014153625378037216
 0.0015483695787723573
 0.0007619884167698876
 0.0016020376544396697
 0.0022530756118032125
 0.001532031682499213
 0.0032588005067908377
 0.0031631272333149107
 0.0031701267540794054
 0.0037464935883589345
 0.004322860422638575
 0.005160576187711985
 0.004325192101185704
 0.005783611576894387
 0.006476652040992625
 0.005907283830452914
 0.005904949460831865
 0.005895614673421756
 0.00698067853371076
 0.005610929222614969
 0.005305243415465344
 0.006999343623407817
 0.005757935305112538
 0.005746267045106002
 0.007270023753513211
 0.005673927600569173
 0.004397517193328315
 0.0065093089960215345
 0.0064439708662984985
 0.004854875131143577
 0.0060006092789382515
 0.006721651414193008
 0.005925936361805051
 0.0053355668978979365
 0.005909600259581149
 0.006054274663531645
 0.0051908889058489005
 0.005209555789595199
 0.006315620903251551
 0.006023935931680269
 0.004131488758996771
 0.005354227502471831
 0.005776585145390756
 0.003865470191936393
 0.004341497704571873
 0.0052842197364820764
 0.0052655510586864795
 0.003487444043225263
 0.004089479076064995
 0.004931861786331149
 0.002498048971289135
 0.0026870593545706978
 0.0030580806003694394
 0.0026823906153287114
 0.0015226538379064514
 0.0013289747153828468
 0.001954344474186298
-0.0006521453129874621
 0.00035124700642846785
 0.0011539606825562987
-0.001429194378653631
-0.0010255045165057375
-0.0002764607100945171
-0.0011981832826866157
-0.0018398891437139686
-0.0012495214738560967
-0.002061570834418658
-0.0025586013944708386
-0.001534207821687561
-0.002222583134642353
-0.0019285664845239414
-0.0012331925478293315
-0.002843289536351601
-0.0028876264127072893
-0.0010791860475425352
-0.0028712938985819836
-0.003307654171128438
-0.0007151670135822075
-0.0020685820165034507
-0.001856236907258113
-0.0008621784782276709
-0.0022155934811488587
-0.0009508522309391587
-0.0006591690534171191
-0.0005611641013940627
-0.00022981188973369981
-0.0014455520094688312
 0.00012020720567307297
 0.0001155393634556523
-0.0019682525621304015
-0.0017769087062524114
-0.0008528544551131834
-8.280939533467091e-05
-0.0010045319679267695
-0.0011375408029446477
 0.00023454018669821775
-0.0005635083382861117
-0.0009695334670796751
-0.00015515242796998452
-0.0002788273726024859
 0.0003068733520626421
 0.000299872037248905
 0.0005308849272651628
 0.0014712734865789945
 0.0006172216192817381
 0.001132918166055652
 0.001557609281570893
 0.0006568879623461976
 0.000808562784085809
 0.0014549337962565523
 0.0012869228722930393
 0.0006895529905968645
 0.0016836114196272511
 0.0007875570455952441
-0.00014583288997871424
 0.0012682506063989019
 0.0006265447453715489
 0.0010442354430977852
 0.0015085955927514605
 0.00033952492494371267
 0.0013079151554140633
 0.0005495356645680571
-0.00020417688108514964
 0.001727937531687318
 0.000488862685988467
-0.00015050970244245843
 0.002068621839683926
 0.0009578879867855883
-7.584127043241962e-05
 0.0010885606581332308
 0.0010022212750427362
 0.001156229569378775
 0.0006475316463447345
 0.0005891939344107588
 0.001352238576400211
 0.00015283276483968322
 0.0001458314500259461
 0.0004818506068790529
 0.0005401865247637305
 0.0003721756008002175
 0.0003441730326190773
 0.001312563263089428
-4.785215762087569e-05
 0.0005588498204114889
 0.0009742070455413532
 0.00015049032199693224
 0.0020639369539984798
 0.0004188378765305756
 0.0009345344233044894
 0.0037300336967351355
 0.001972927934641322
 0.0020639324688752625
 0.002367283009379162
 0.0026122967349737625
 0.003043988268278175
 0.0022529401610829614
 0.003433676397823271
 0.002553956331965812
 0.0020615927171064308
 0.0027593001263974126
 0.002145595936526634
 0.0020662569712252554
 0.0014875548703000563
 0.0028946379488885565
 0.0027499617508887075
 0.0016485617883758574
 0.002994974579458687
 0.0018772403087711775
 0.0014222122554537475
 0.002154921753690364
 0.0013778744820733824
 0.00039781509457192943
 0.0005144878273659614
 0.0012425303804098342
 0.000171465561649764
-0.0002368930397401714
 6.179055557098412e-05
-0.00016455718330182778
 5.245487113619829e-05
 0.0006941589381142532
 0.0008131651435046572
 0.00032780194643433624
 0.0009345039244668119
 0.001457200889029786
 0.002301917071892312
 0.0020405672440738654
 0.0015855391907564353
 0.0027126055577801345
 0.00239525238764865
 0.003379976926293604
 0.0030322886124093396
 0.0013195188296467042
 0.0028596098462284614
 0.002511921532344197
 0.001597199377541214
 0.003004282456129659
 0.0026355928888780467
 0.0015248590359797087
 0.0023089049313365084
 0.002567919492509285
 0.002434910657491407
 0.0022902344594916135
 0.0012681725652554099
 0.0012588377778453008
 0.001443181215934175
 0.001247168620814143
 0.00032777952081841644
-0.00034659495655808836
 0.00018776937098674562
-0.00024392395636696484
-0.000484272530818064
 0.0002997733645387912
-0.00042827098255437956
-0.0005052764752593308
 0.0011934906778758303
 0.0005937873235832836
 0.000950807733803738
 0.0013778323219154065
 0.0011164824940970153
 0.002444227504408758
 0.0011934852957279918
 0.0017138487876946495
 0.0019658629310783104
 0.0005891132021934031
 0.001760515548548225
 0.0013451565293691181
 0.00021342142310337708
-1.525978836586228e-05
 0.0004887693954261918
-0.00023227453387786312
-0.0005822963203584997
-0.0006383005596961033
-0.0011726666812901798
-0.0010279922773397399
-0.0022413989244784993
-0.001408350104597833
-0.002260068499298773
-0.0024094116424913103
-0.0014013523778826364
-0.003251797043831328
-0.002113063313825825
-0.0033241364883682123
-0.004392867834531855
-0.003137460474707643
-0.0042131922386604015
-0.004159523265968412
-0.0047358918942972394
-0.005050911591832352
-0.005029911235489626
-0.005748621692197198
-0.005235258618019767
-0.005832628499715942
-0.00618498375879295
-0.006535005545273642
-0.007085705975042378
-0.006399665928733256
-0.007265385159012372
-0.007463731226728776
-0.007613074369921313
-0.008119438820358926
-0.00793742885486648
-0.008852151009669462
-0.008544133523972819
-0.00866780846860521
-0.0087378135435211
-0.008630474701112556
-0.009129838733761053
-0.008747150124980507
-0.009017833843184442
-0.008021441941557628
-0.008271124406394215
-0.008397132823623032
-0.007081055176293094
-0.007659757277218293
-0.006805707203970335
-0.006553693060586618
-0.006822043306194181
-0.006196673547390785
-0.006049665670843918
-0.005564304267822839
-0.005393961665312252
-0.005125613213753988
-0.005211952596844427
-0.00521428696646542
-0.005039277418762089
-0.00499727580905196
-0.005120950753684406
-0.005307629458418894
-0.004803600274626896
-0.004731263521163931
-0.0048712727739709805
-0.005753326312424811
-0.005386972011818814
-0.004430249144330323
-0.00540330811404266
-0.004990284361509223
-0.005146627922490876
-0.0050649572786424235
-0.004675268252072762
-0.005132629777986564
-0.00461693323121265
-0.005288974235992783
-0.004187576067529231
-0.004903953051640486
-0.0057066685218175595
-0.003774554109045092
-0.00554332723412071
-0.005041631522925083
-0.004446596907874523
-0.005125638330443827
-0.004502602044236748
-0.005165309158631393
-0.004486269530111442
-0.004847958679573938
-0.004983300987188188
-0.004647281830335082
-0.004283261002325456
-0.00417358868732054
-0.005099978205105382
-0.003669560400553218
-0.004614617699109036
-0.005830357818844167
-0.00436727139794274
-0.005062647128686648
-0.0059166989959839045
-0.00468229288952704
-0.003979918535043314
-0.0053029983942116665
-0.004976313127743992
-0.0041876002871944484
-0.0047966375318725385
-0.00415026651970174
-0.003979923917191153
-0.0037092419930364606
-0.003921588896331096
-0.003881920759217339
-0.0025168401873635893
-0.0029158648983680924
-0.0026941858987372114
-0.0022414931120654513
-0.0019474764619470397
-0.0028575316715572785
-0.0029508714724368335
-0.0011540984702539947
-0.0026521887741503547
-0.002572851602898274
-0.002040820747949812
-0.0025961881229112915
-0.0025401856776229303
-0.0025611878280149547
-0.0016044649605265193
-0.0027011979778466255
-0.0028015381965152963
-0.0025448571079388915
-0.0023651806150427612
-0.0024048505462057612
-0.0036322580289227524
-0.0027198711407654397
-0.002992888331565746
-0.0025705306886468215
-0.002509861298165772
-0.0025355303937504847
-0.0017374836628154533
-0.0026545392902148635
-0.0012521231568190516
-0.0013687976836623816
-0.001133117848453269
-0.00012739205644102247
-0.0009441083621963275
 0.000602983072174601
 0.00010595251212236478
-0.0002884052536893389
 0.001454697878776945
 0.0013310229341445545
 0.0009203308601581361
 0.0010790060996869189
 0.0022574088638308565
 0.0021967376793004534
 0.0019283874336928908
 0.002861775575217662
 0.00289677676713862
 0.0033261348278466607
 0.00339847158130957
 0.004044842593480424
 0.004567539558043343
 0.004282855004261177
 0.0051742406390511975
 0.005741273582945239
 0.006824003970637871
 0.006870672525540689
 0.006177630267393208
 0.0073233644151878274
 0.007111017511893247
 0.006511314157600645
 0.007937065016960121
 0.008296418899777003
 0.0070713448896563835
 0.007806387860489372
 0.008970789789054967
 0.0077107136899887685
 0.007547369711217999
 0.009353476603786326
 0.008945118002396335
 0.007218347384055412
 0.008427085291952185
 0.009169128680574234
 0.007883384382947889
 0.008506420669154968
 0.008644094655316348
 0.008200733964980778
 0.008170397924203321
 0.007864712117053696
 0.007864711220029075
 0.0072883425917002476
 0.007297675585061114
 0.006858981839918232
 0.006331616136113272
 0.006466956649678279
 0.005944257891065952
 0.005713243207000396
 0.005603569097946237
 0.0064016158288812686
 0.005909252214021832
 0.004826520032279957
 0.00573190650264821
 0.0052605441411561205
 0.004716844129176501
 0.004980525635542077
 0.005108865731317969
 0.004957189115529004
 0.004481159808844226
 0.004028465228123168
 0.004142804488320828
 0.00450215837113771
 0.0031954128201439613
 0.00351509766882252
 0.003566433168918026
 0.0030810699718477608
 0.003624768189778138
 0.0025210347546688605
 0.0025747037273607942
 0.0021336765096216515
 0.0017766543053518435
 0.0021686768045179328
 0.0019609968464160965
 0.0019143264974639806
 0.0011512800614252305
 0.0022316769765214906
 0.0017883162861859203
 0.0004745703174030558
 0.0019399902109009104
 0.0013729554729575155
 0.001048601885037026
 0.0017043067875932572
 0.0011466059400354056
 0.0018046443151880642
 0.0008502531262467028
 0.0012352752076236762
 0.0024813486770624005
 0.00015720907404992435
 0.0013239444752119467
 0.0018769765835278118
 0.0012959410100061852
 0.0019773141111225634
 0.0011885994765237218
 0.0022293273574816586
 0.001092925306023118
 0.0013869419561415297
 0.002322663570262673
 0.0012772669500627498
 0.001204928402550487
 0.0008012367463532954
 0.001902634914816903
 0.0013075985057170447
 0.0007078951514244425
 0.0005818867341956802
 0.0006028870905384065
 0.00026453266703957423
 0.00027153218780406885
 0.0012282550552925597
-0.0008252017265407141
 0.00034620061981410766
 0.0004255377910661884
-0.00028383877525595125
 0.0006565497840578804
-0.0004705183770151167
 0.0010625722217775802
 0.0005165387372015329
 0.0003088587790996966
 0.0019002861928016923
 0.0014965945366045008
 0.0012282442909968827
 0.0012772463184960725
 0.0025046520071638767
 0.0020706252072137388
 0.0019516172077740923
 0.002815001171407594
 0.0022246317075004796
 0.0021056237080607776
 0.002511647042805154
 0.003561708814148523
 0.002938670733892146
 0.0026143171459716563
 0.003340026226419157
 0.002985337494745721
 0.0032326846929366937
 0.002289960866977192
 0.002712318509896172
 0.002938664454719686
 0.0024042983331256096
 0.003853383918448805
 0.0016832535067969334
 0.0013705672818582482
 0.0037343741249598605
 0.0020636068489319204
 0.0015339076725304768
 0.002567635135699242
 0.0017952548092750598
 0.0016715798646426139
 0.002063602363808703
 0.0010672086681326465
 0.0009365333057110847
 0.0015735704274963958
 0.0014965649347914445
 0.0005655084718138581
 0.0002551557194714893
 0.0013098844360076578
 0.000766184424028038
 0.0001944827408918437
 0.00016414670011438703
 0.00029248679589033433
 0.00036015660416049977
-3.4201161651259415e-05
 0.0006121698505195394
 0.00014547443422024964
 6.846894151524285e-05
 0.0005841654882891567
 0.0005351616667406689
 0.0010298569601472352
 0.0008571790909909227
 0.0005841619001906162
 0.00038581583247426776
 0.0009645161393501689
 0.0013518716933235142
 0.0004698181548697389
 0.000892175797788719
 0.0011045209070340012
-0.00039590286945867526
-2.7215096256305582e-05
 0.000889838737093751
 5.451726043603777e-06
-0.00026756546475670273
 5.445285651817233e-05
 0.0006028180196412936
-5.055520436786365e-05
-0.0009162744346470353
 9.878524775069897e-05
-0.0005079185243309636
-0.0013666373368210194
-0.0002909073669175588
-0.00014856643556337978
-0.0009396145427585934
-0.001210298260962528
-0.0002489084482813486
 0.00025512073551064995
-0.0013666436159934792
-0.0008626144322014806
-0.00010423673540477241
-0.0015836592585301013
-0.0005125962338193291
-0.0006152699250844273
-0.0013666489981413177
-0.0006759420066393962
-0.0017446733528030944
-0.0010843015050540639
-0.001016631696783843
-0.0015043283664505358
-0.0007902866489848948
-0.0025730606096388
-0.0019383569604498607
-0.0004776040121448055
-0.002216041993467588
-0.0023373834655036063
-0.0019150258225847372
-0.002507728759088168
-0.0033921157701383153
-0.0019920331093388755
-0.0013713302957282791
-0.0036814690631625235
-0.001765688958564604
-0.0020153714234012465
-0.0034504579671954527
-0.0007996339947399234
-0.0014763419447128556
-0.00238639715432315
-0.0019803738195787735
-0.001912704011308608
-0.0016326881967684281
-0.001392341416366627
-0.001250000485012448
-0.002071383735960497
-0.0016653604012162315
-0.0015440207232294556
-0.0016956973390183094
-0.0019150446601021165
-0.002556750521129414
-0.0018567096392420046
-0.0012406737708240967
-0.001523024852009891
-0.0024680821505657646
-0.002062058815821388
-0.001847380233979734
-0.0019243857266846853
-0.001877717171781812
-0.0020830636572873318
-0.0016607060143684071
-0.002260409368660954
-0.001644373500243046
-0.001525367294852642
-0.0013456908019565117
-0.0004473047493774307
-0.0013690273219695848
-0.0008229956314428355
-0.00086266556260578
-0.001322360561115954
-0.00019296072149593835
-0.0009233385411854256
-0.0009443406915773944
 0.00028773194228304266
-0.00029330363123852843
-0.00019529867921547206
 9.405102571014012e-05
 0.0005070747782436325
 0.0008430939350967948
 0.0006424143947840188
 0.0023645162738828995
 0.0016994756868918826
 0.0010974388600029084
 0.002238506062604839
 0.001580465893402938
 0.0031275573277738666
 0.0030855539240144947
 0.0020774928653565228
 0.003150889362663667
 0.0032092252805483445
 0.0040609418811999864
 0.00339123434901617
 0.003094882432252144
 0.004261617833414222
 0.0035615751574775145
 0.003857925280192298
 0.003997932738950105
 0.00403526740346738
 0.004555630895434037
 0.003337557303102534
 0.0035078999056131765
 0.004506625279836307
 0.003414559207708945
 0.0034098913654915797
 0.004039928069487664
 0.0031065381339137055
 0.0030248656960160103
 0.0034168881951820995
 0.0034588898048921735
 0.0034892240516203876
 0.0028591855535750055
 0.0030061934301218174
 0.003666565277870848
 0.0026118347672854925
 0.0028195129313380307
 0.004140257523860769
 0.002779842103150465
 0.0026398328503434154
 0.0033002046980923905
 0.0024858218649334574
 0.002201137311151291
 0.0015244293611783588
 0.001949120476693711
 0.0015127602041472565
-0.00023967861275375757
 0.0014194195062430248
 0.001375082629887281
-0.00013934198218362726
 0.000355353311222828
 0.0003670197771800665
 0.0010087238441581214
 7.766738118047956e-05
 6.618884755282828e-07
 0.00014066934723333535
-0.0008627247662318371
-0.00035402863724715017
-0.0010447374227982587
-0.0005780438005482114
-0.0007437212519154079
-0.0010867426206069286
-0.0011730820036973122
-0.0022768154388065898
-0.0012384210304450805
-0.0012547562356443054
-0.0020038018361048238
-0.0019804680071657255
-0.0011777543310379501
-0.0002280318813385751
-0.0018964656847701433
-0.002573173634743131
-0.0009537445498846164
-0.001296765918576137
-0.0014274412809976988
-0.00040771465340716517
-0.00022337121531829096
-0.0009397481994295465
-0.001397109725343404
 0.000208318523936879
-0.0005290597135417241
-0.001693463436156728
-0.00038205273401953344
-0.0010097577594685991
-0.0019548150580244728
-0.001378448223744888
-0.0012034386760415017
-0.0014974571202091558
-0.0017798082013950056
-0.0024378483705969067
-0.0014391229963737207
-0.0021531665078886597
-0.002185836021262544
 0.00012430095212251357
-0.002701535259110266
-0.001742478919025514
-0.0006387472779655345
-0.0020341647876214175
 7.76270150718017e-05
-0.0018591561369427079
-0.0005757471059619768
 0.00035297409036999516
-0.002388857107393394
-0.0016094781572292827
-0.0008067644811014518
-0.000496413522808492
-0.0014041352598223589
-0.000473080590894015
-0.0005454191384062779
-0.0016724872994792195
-6.705905019893654e-05
-0.0008604406299905221
-0.0010657871154960419
 0.00010328175826235242
-0.0011311261422437546
-0.001224465943123365
-0.0009934530531070518
-0.0018428379752115642
-0.0008674473269520977
-0.002220862329873341
-0.0026315544038596483
-0.0016071608310763708
-0.0035136088393381004
-0.0026642257112828305
-0.003140255017967608
-0.00367462113956174
-0.0032032605721190044
-0.003975640898543187
-0.0026502293608277605
-0.004054980760869187
-0.004225325157429072
-0.0038216352952810673
-0.005137714736660304
-0.003980313225883769
-0.004351336265731753
-0.0043840057791056375
-0.004129658163125605
-0.004773697496749274
-0.00425800094997536
-0.004566020229721357
-0.004822703112347004
-0.0045660220237705995
-0.004468017071747488
-0.004685030920234923
-0.004080662414798819
-0.0036583047718798944
-0.004850710165651362
-0.004251008605408002
-0.0041086676740538786
-0.004183339694162402
-0.003620973695461105
-0.004043333132429328
-0.0026665851975936627
-0.003128613668700264
-0.004393356712959262
-0.0032546229829536477
-0.003606978242030656
-0.0039056636313911097
-0.002834600606680393
-0.003779657905236211
-0.003823994781591955
-0.0025079171342620166
-0.003739991562171807
-0.004092346821248816
-0.0029769478172069763
-0.002745934927190663
-0.002839274728070218
-0.003025953432804762
-0.003205631719750135
-0.002085565770515496
-0.002976953199354815
-0.0035369875195090383
-0.0011568463682328223
-0.0030609609038981245
-0.0024682597614439916
-0.0021322406045908293
-0.003410984484428059
-0.0017612202558167644
-0.004554387850700281
-0.0027202792869754355
-0.002052907021437289
-0.0037726772219891513
-0.0022325862054073387
-0.004136700741072641
-0.0029722988125069905
-0.0038566858235571377
-0.004521726410548155
-0.0025522764362336803
-0.0037120132136558848
-0.0036910128573131584
-0.003516003309609772
-0.0031636498445820616
-0.0040153682392830015
-0.004288385430083308
-0.00221392918893204
-0.0024122752566483885
-0.0033713333907824383
-0.002773965303135506
-0.0026386247895704984
-0.002944310596720068
-0.0022559370778145182
-0.0008628548348043052
-0.0013762197030310896
-0.001996924310690984
-6.247642532208886e-05
 0.00030387787528385335
 0.00043221797105974513
 0.00042988360143875193
 0.0005628906424073321
 0.0013259352843968397
-6.478465157000457e-06
 0.0007098967249050125
 0.0015382785995928794
 0.0012909296073526644
 0.0010739157588653403
 0.00029220154205561455
 0.0007915637806548692
 0.0005582156239928859
 0.0008709000548822732
 0.0011089133626877024
-0.0003705091604376265
 0.00045087229646118
 0.0011485797057521618
-0.001012216815514222
-0.0009118783908947936
 0.00021285450353253355
-0.00042651788489839193
-0.00044518656269404433
-0.0002818443779725177
-0.0010635585947822435
-0.0009025498826571443
-5.08332820054469e-05
-0.0008862173685317831
-0.0009632228612367344
-0.0005338648005286384
-0.00041252512254186247
-0.0007182109296914874
-0.0014392548589954313
-0.0009165578944324571
-0.0008885571203006148
-0.0010565680442641279
-0.0012012442422639213
-0.00041253140171432223
-0.00025852310737833895
-0.0014089259944150556
-7.88475115068854e-05
 0.0003971800011286497
-0.0006598839820531333
 0.0003808438989048035
 0.0006935283297941353
-0.0007298908510182667
-0.00027486459175007916
 0.0017832573412266406
 0.0012885602537707763
-0.0008279002881644848
 0.0009805400770002692
 0.0017505851367787817
-0.0005408858498844871
 0.0009968716941009537
 0.0017015795211811069
 0.0007051858255049948
 0.001461230049705331
 0.0013538894132475443
 0.0025976294100898967
 0.001892919788960501
 4.480859560818118e-05
 0.00265363006132896
 0.001962921275777796
 0.0011415380248297469
 0.002485617343316149
 0.001918582605372754
 0.0014915562232118429
-0.00022354703214721994
 0.0021635945369180565
 0.0024762789678074437
 0.0007891773836048999
 0.0027516269401302584
 0.0018135700593635007
 0.0025299452494255137
 0.002100585394668175
 0.0014868812047973412
 0.0029546345708915678
 0.0021122500665761157
 0.0024622700590075097
 0.0027912887980715007
 0.0021729176630079228
 0.001778559897196219
 0.0020282405679834525
 0.0023829275056075905
 0.0018112258224715072
 0.0014985395975328775
 0.0010808471057573432
 0.0011485169140275642
 0.0014612013449169514
 0.0006281507309869871
 0.0012815221609469019
 0.0006934861696362149
-0.0004942522789425086
 0.001178846675632561
 0.0009104964300249985
 4.244372714951039e-05
 0.00047413526045392285
 0.0010715033481008551
 0.000700480308252871
 0.00021978405637529397
-1.5897572883061262e-05
-4.390014106414597e-05
 9.844079028997754e-05
-0.00035425379043113603
 0.0014215179583844106
 2.8433921324899636e-05
-0.0006972769531718992
 0.0006654701460855339
-0.00031925618660866295
 0.0005207930510611192
-0.00017458267968284424
 0.0009151481257989036
 0.0009058133383887945
-0.001005301615065679
 0.0007541358255752639
 0.0004554504362148104
-0.00010225041134304114
 0.0008941414902837175
 0.0007938012716150467
 0.0008754719154634993
 0.0008194676761258401
 0.0002617668285679886
 0.0007821303205346464
-0.00017226086840677057
-0.00027026761447906944
 0.001150816299687718
 0.00018709122036086878
 0.00014275434400512488
 0.00043443752152716453
-8.826123708510769e-05
 8.674831061822319e-05
 5.174532464802262e-05
 0.0004927707483379784
 0.0005604405566081438
-0.0006996355424581102
 7.040951732045775e-05
 0.0006841119131420492
 0.0002547520583846552
 0.0007004444272673549
-0.0002492798164812071
 3.773641584808862e-05
 0.0007727793866810218
 0.0003084174429781039
 0.001512488405682133
 0.00023841147103759175
-0.00021661658227983827
 0.002228861801694848
 0.00042742006026991186
 0.0011484621955246688
 0.0009034466758808257
 0.00022907219850432092
 0.002116850631945666
-0.00020495549847043826
 0.0016314865378507792
 0.0015638149355312603
 0.0006047568013972104
 0.0014588068746452243
 0.001125119396339247
 0.002240518400381031
 0.0005347490354074558
 0.0027632144679194393
 0.002634872578094194
 0.0013024588285404093
 0.0021495084839993073
 0.0015404712393212172
 0.003057227529939255
 0.0006537498586500212
 0.0023291822858215183
 0.004627651896224605
 0.0020188286364545283
 0.0025648603269812775
 0.003017553113653093
 0.002770204121412878
 0.003029218682585655
 0.004261291316446203
 0.0036569210169608013
 0.002567188417429811
 0.002711862821380362
 0.003652251380694138
 0.004909992213114778
 0.002375840076428659
 0.0031435516636109107
 0.0039439318671422585
 0.002168158324277525
 0.002203159516198483
 0.0008870800748192464
 0.002648850988056506
 0.0012721012591715986
 0.0007564029183484977
 0.002828525686903338
 0.0007073981997753331
 0.00184379845718452
 0.001447107218776389
 0.0012417607332709246
 0.0012160916376862119
 0.00014035987373345327
 0.0018997973143742852
 0.001967467122644506
 0.0004413751475916827
-0.00021199807641753
 0.0008287298045403513
 6.334989590528473e-05
-0.0005480208213692328
-0.00022366902749793027
-0.00019566825336608806
-0.0008863770389171965
-0.0019271067139244313
-7.66638420249266e-05
-0.0002306739304102079
-0.0018711060626853682
-0.0019341107198120877
-0.0011150627355096532
-0.0005900322983502515
-0.0017964385276999506
-0.002027453211765562
-0.0012480742616014506
-0.0021277943274589095
-0.002183798566796513
-0.0009913949670742883
-0.0026831634964696316
-0.0025128208939590446
-0.001903785443330197
-0.002890845248620766
-0.0019527901619033616
-0.003198865425391384
-0.0025758291391843047
-0.0015771037649611186
-0.003541888588132147
-0.0027578426927753474
-0.0018361219142324914
-0.002942188821938141
-0.004115926434938577
-0.003614230723742895
-0.0027695145408804245
-0.0047319658914550256
-0.004682963863955836
-0.0030402000531336015
-0.005168327958050778
-0.005420343895483737
-0.0035815683865661474
-0.004127601871142195
-0.004626965903790692
-0.003562903296869091
-0.0038382539602657695
-0.004808979457381735
-0.003639910583623285
-0.0033225592075411536
-0.002893201146833113
-0.002935204550592485
-0.003884928794341047
-0.002034485922441598
-0.0025595181536502976
-0.004052941512353858
-0.0017754731553180636
-0.0030005471654387383
-0.004834657523212826
-0.0021674992425826933
-0.0020204913660358814
-0.0029212126852606324
-0.0028442089866049236
-0.0026411977677450738
-0.0020344957897126537
-0.0035792555455364528
-0.0027322058900775548
-0.0010404391547315095
-0.0024475240273692522
-0.0031802353196551114
-0.001787153076644843
-0.0009681050923424639
-0.002729877799628966
-0.0018968289797482996
-0.0006460885651168868
-0.0018081588151354078
-0.0016471501030103086
-0.000678759872539958
-3.705580556195853e-05
-0.0008654394742991234
-0.0005667558789879679
 0.0002872941942599905
 1.1943530863312013e-05
 0.00033162837954187063
 0.00020328648971673635
-0.00020973905686605399
 0.0005673064207016854
 0.001272014247781783
-0.0002960802340057911
-0.000755775232515965
-0.00021441048718195965
 0.000777314469252055
 0.0010316620852321434
-0.000781447019174597
 0.0011716686469652737
 0.0008193133878882097
-0.00011174307508937664
 0.0012673383323426601
 0.0006186320535261913
 0.0025647473018769462
 0.000973318094125708
 0.0009406485807518794
 0.0034677985055995286
 0.0014353429771337134
 0.0022263892902796845
 0.0029287636447633547
 0.002534405878951651
 0.0021797171472782706
 0.0028167542690635816
 0.003379120267764879
 0.002506400619696647
 0.004534187408920476
 0.004142163115705089
 0.0033067790291787524
 0.0046181897313160025
 0.0043451725405156405
 0.004375506787243855
 0.00492853889555972
 0.004613519198024718
 0.003988147645171969
 0.004247162206344801
 0.0037314638655216448
 0.003157428709789134
 0.0023103772602809935
 0.002618394745977637
 0.0038668016880127887
 0.002210035247562969
 0.0021376967000508174
 0.003325433354580243
 0.0025040501036321383
 0.0012136388608130488
 0.002025686427326312
 0.003425769088125752
 0.0020863549207827403
 0.0009219511981677919
 0.0026953894743869666
 0.0031690835144260743
-0.0010218341656851315
 0.00017990332442252566
 0.0030897427550755086
 0.00020556972893337466
 0.0002849069001853999
 0.0016966569239666995
 0.00197200579331408
 0.0005182514687488426
 0.0004645807020076109
 0.0023430252450635236
 0.0010199453858951713
 0.001043279214834325
 0.0028073836006679564
 0.003164404010888411
 0.0011856183521391506
 0.002294016938391874
 0.0030173925462429474
 0.001145946626926908
 0.002592698739653787
 0.0017876497968803418
 0.002485357206171268
 0.002228674323545621
 0.001395623709615712
 0.0034957481493270715
 0.0019976578454307115
 0.001666303839721106
 0.0023266756874701366
 0.0029917144804118556
 0.0023360077838063265
 0.0021259943531081182
 0.0038410958144178275
 0.0023150038393650596
 0.0016406293619884993
 0.0014469502394648392
 0.000872915083732384
 0.0002055410241449951
 0.0005578944891727056
 0.002079317724983487
 0.00021020527826381974
 0.0003758809355816628
 0.00018920223084711862
-0.001514233661530029
-0.0001841551786218587
 0.00045054847056708036
-0.00017715655488204085
-0.0009588707716917111
-0.0008608658196686547
-0.0017895888100499246
-0.0013158947700107615
-0.001719586426207953
-0.0035163612224400898
-0.0023519592938744394
-0.003182676435207976
-0.002340293724941822
-0.0018759335752882023
-0.0038547192340374625
-0.0034370285363112263
-0.004337749855535977
-0.003159347091392095
-0.002200290751307288
-0.0038873923355098317
-0.0016752612111725629
-0.0013625767802831756
-0.0027533273447463147
-0.0014512505329946634
-0.0017592698127405493
-0.0012412397933702635
-0.0007978808970839357
-0.002757998775062276
 0.00017517538155442658
 7.25016902893838e-05
-0.0028000039728708903
 0.0006161990111950844
-0.0010289000662727643
-0.0014652603388192187
 0.00012383360228640505
-0.0011945793116892034
 0.0010642212645756155
-0.0006205468470306119
-0.00022385740267177878
 0.001075885936483556
-0.0024569924714503144
-0.0004385395726120289
 0.0002241657477333736
-0.0007628940575571952
 0.0003478380012918447
-0.0007185598722754261
 0.0009988750616307662
 0.0004178394881091396
-0.0009962458023177745
 0.0019439287720880993
 0.0009708698023757623
 0.0002358250374934756
 0.002163272505073255
 0.002111935210928395
 0.0011808787479507532
 0.00022182061381670337
 0.0017805794111694917
 0.0025459575257553158
 0.0008588559415527164
 0.0021049294109914407
 0.0026276263755544704
 0.0009848607706829382
 0.0015448932967879192
 0.0013115451401259914
 0.0012578743733847597
 0.0014702194826300419
-6.98733280009578e-05
 0.001442216017424336
 0.0031269823349812653
 0.00028247834297745467
-1.85405189793153e-05
 0.0024479391183627186
 0.0005764931990466238
 0.0010385198761039272
-0.0001328842643001371
-0.0006905851118580442
 0.0022099204284093954
-0.0009892713982430634
 0.0005484861457422663
 0.0012531939728224195
-0.0012366221845325764
-0.0003755716934954467
 0.000613819790342196
 0.0009521724197917303
-0.0008236011230730589
 4.780751614807954e-06
-0.0006205908012378303
-0.0007886017252013433
 0.0004178027100990578
-0.0016496549073124478
-0.0011759608672732291
-0.0010289529907263617
-0.0009846179084199158
 0.0006744802105769221
-0.0012506355784557277
-0.002065018411614661
-0.0007746089628448694
-0.0010336253180669441
-0.0017196671584253087
-0.0006042681543835249
-0.001262308323585426
-0.0022680359096469704
 0.0008914850888178671
-0.0007979499679810487
-0.00248738502478002
-0.0017640094169288911
-0.001110637986969032
 0.0005321258238532023
-0.0016730066767442486
-0.0009239628703330838
-0.0007816219389789048
-0.002037031092852415
-0.000744288171486196
-0.0015586710046451846
-0.002002031694980755
-0.002207378180486219
-0.001159649881739222
-0.00021926132242539031
-0.0005926178348697464
-0.0017360203041173472
-0.001136318743874043
 0.0009218031891026213
-0.00036627458112009625
 8.175126035891989e-05
 0.00044577208836854565
 0.0005134418966387666
 0.0003710991712353451
 0.0010104697656169725
 0.0026088975971081396
 7.074755127178811e-06
 0.0004924361581482017
 0.0020931974622356853
 0.0019415208464468314
 0.0020301919080843445
 0.0022868729966607493
 0.0012951462461774366
 0.0003430885298325026
 0.0025598865993625153
 0.002580886955705297
 0.0026532237091682065
 0.002520214874150273
 0.0030522457290987903
 0.004951691525522051
 0.0023522021561375173
 0.0015098176518220652
 0.003215585222746342
 0.0019508421784873997
 0.002163187287732682
 0.003742947338452818
 0.0029729004846250073
 0.0011901265239711023
 0.0013091327293615063
 0.003927288085467773
 0.0025062023772517983
 0.00136046643540777
 0.0018971642355490315
 0.0019158311192953859
 0.002431527666069244
-0.0006369896951863852
 0.0011294481632436737
 0.0006254171854023771
-0.0020230751085060783
 0.0009240998836888559
 0.0005204082274916644
-0.0007536687071528769
-0.0015983866840646455
-0.0004946550430046659
-0.0003919831457888656
-0.0015657207587893573
-0.0014537149711880692
-0.0016170589499587829
-0.0006813373358377506
-0.0012343712382028582
-0.0006626713491160174
 3.736953277139188e-05
-0.0014840554970887432
-0.0012367082988977707
-0.0008003498204005588
-0.0016100657083668035
-0.0010710344356291701
-0.0019577549192756893
-0.0019414215081257624
-0.0009053605723606251
-0.0011013731674806015
-0.000620678709652267
-0.002741806196780383
-0.0023497836976142383
-0.0012880545632890095
-0.0014747332680235536
-0.0005343447087096664
-0.002044102375587886
-0.0016147443148797902
-0.0013533962811106415
-0.0025294673667074496
-0.00216077959350508
-0.0020837758948494267
-0.002160781387554378
-0.0014117375811431576
-0.0012903979031563817
-0.0025131384406806845
-0.00169409045637825
-0.001726759969752134
-0.0022797938721172972
-0.0011947300118282933
-0.0012647350867440732
-0.000870379114981612
-0.0011293954702037423
-0.0010570587167407774
-0.00031501532811867294
-0.0008587153400983483
-0.0008820509630866891
-0.00020767827975942676
 9.100531555167324e-05
 0.00024968055508045595
-0.0003966922511395854
-0.0008820554482098508
 0.0003686849664215619
-0.000170348100365314
-0.0001936837233536548
 0.0012227332456203333
 0.000415350830250516
 0.0001259993312756058
 0.0008540418843194786
 0.0008657083502766616
 0.0012763986302137265
-0.0004410380977416528
-0.0012810891294607885
 0.0008330361458288582
-0.000525045802285018
-0.0006580546373029517
-0.0007770626367426536
-0.0017454546612622468
-0.0005297163355763024
-0.0009170736835990012
-0.0005367185474147718
-0.0013697691613446805
-0.0006137249371443443
 0.0014700651943924115
-0.00013769832153343042
 0.0003056605747528973
 0.00057167555371479
-1.1693492403208605e-05
 0.0005250043077380528
 0.00036399380156360017
 0.0017267409008210333
 0.0007536819311087517
-0.0006394021059508148
 0.0008610198764926191
 0.0018807465040831528
 0.0010220276915931525
 0.001271708362380386
 0.0026834583861616856
 0.0006533363302921869
 0.0011666994044697288
 0.0024571088532395202
 0.0035678409120886156
 0.0034441659674562253
 0.0010640230221307112
 0.003747515610935448
 0.004379885787528015
 0.003355490420695495
 0.0027697879019811245
 0.0024337669510787197
 0.003388156345970783
 0.0028164546628346443
 0.0029144596148577007
 0.002146746233626262
 0.0023917599592207517
 0.003180472799770351
 0.0028584526844462332
 0.002697442178271836
 0.0022890835768817897
 0.003504821902567734
 0.004146525969545789
 0.0034558171839945695
 0.0018293858872976965
 0.0018923887503751735
 0.0034814826914807973
 0.0017430447101579594
 0.002552758804074906
 0.0034091423499193474
 0.0006719780973487022
 0.001031331980165584
 0.002083727224105325
 0.0023894112372055964
 0.0015236920069264248
 0.0013720153911375155
 0.003243459516404368
 0.0029471075996402862
 0.0025760845597922466
 0.0021443912324385916
 0.0029797735249155743
 0.003280790592823102
 0.0022237266096413744
 0.004032166974806073
 0.0038011522907404616
 0.0013813403112766243
 0.0008726423882426393
 0.0033414554981809896
 0.002391731254432372
 0.00018893222643129315
 0.0014653408396229084
 0.0008633040127339342
 0.0017640235379094427
 0.001103649896111114
 0.0008679682668527589
 0.0026087379267226707
 0.001019642191567749
 0.0017406843268225058
 0.0028024134611477347
 0.0018410218544172574
 0.0024640581406243367
 0.002487391969563435
 0.002039364334035121
 0.0019553584235410537
 0.0013439877062665917
 0.0028584105242882574
 0.001374321055970129
 0.0005226026612692447
 0.002863074778407082
 0.0011409711052589033
-5.3767761108880485e-05
 0.00022858152602761583
 0.0008212826684818042
 0.00020057806082190988
-0.0003967918208743204
-0.0014281876054960119
-0.0011855073524978388
-0.00040379492973735553
-0.002676598135629704
-0.0006628121819841071
-0.0023125782046446997
-0.002636931792565189
-5.1445052808185565e-05
-0.0032506368794607
-0.0012578521791824504
-0.0008401614814563252
-0.001722215019910045
-0.0008798323096438909
-0.0029659577078263166
-0.0007421592205071881
-0.0001541250232456881
-0.0012345237323911906
 8.622086013143626e-05
-0.0010221795201705297
-0.0011831900263449269
-0.0019205682638235855
-0.0016452193944761495
 7.921595721915864e-05
-0.0021632521049202436
-0.0009778489229872456
 0.00017488564259654504
-0.0016125552632500484
-0.0012298666544695025
-0.0018552382073221962
 0.00024255275979284674
 0.0006415756767480518
-0.0025109466979770234
-0.0010968632015994073
-0.0006698386134876833
-0.0021935971159441903
-0.0023639415125040197
-0.0018505784383265333
-0.0024992847171429466
-0.003822364576311299
-0.0008541883307490172
-0.0015052280821618025
-0.0031036577077022676
-0.0016662394853608764
-0.002634631509880414
 6.519538709892636e-05
-0.0011855468215818954
-0.002604299057201498
-0.00026149346746728863
-0.0018599230930076982
-0.0009568700952358178
-0.0013885634225895283
-0.0013512287580721982
-0.0011015480872849093
-0.0029636601162154608
-0.002109610042967447
-0.0024479644664662237
-0.002184282960100703
-0.0022356202542455073
-0.003176010607608637
-0.0022659571920476407
-0.002058279027995047
-0.0029706677102016577
-0.0031923485038818367
-0.001775931534907793
-0.0009755513313763342
-0.0020816182390819837
-0.0019789463418661835
-0.0009055498445590948
-0.0013419101171054937
-0.002489979531545894
-0.0025646515516544732
-0.0020279537515132118
-0.00229630399712083
-0.002713996488896253
-0.002891341303245254
-0.0019089502371967826
-0.002471318029947378
-0.0025949929745797684
-0.0018062801340301693
-0.003010352890783552
-0.0017526120583629123
-0.001260250237552718
-0.002293979494770837
-0.0020326314610016327
-0.0020979695907247242
-0.0020606349262073387
-0.002366320733356908
-0.0030920316078536514
-0.002639338821181836
-0.002557668177333494
-0.0034023861542452627
-0.003096702141144936
-0.0036847381324556783
-0.003813080022280868
-0.002676679764871681
-0.003129374345592739
-0.0024269999911090134
-0.002172652375128925
-0.0023173285731287185
-0.0011599270623521285
-0.0009242472271431268
 0.00014914927016401736
-0.00145861424576188
-0.001131928979294261
 0.0005271691397025768
-0.0012066018964274616
-0.0004902267063655041
-0.0010712622798870752
-0.0015122894976262735
-0.0010805979643218055
-0.0006885754651557718
-0.0012462763127136234
-0.0012532776275273605
-0.0004902329855379639
-0.0029963834510675635
 0.0004151525878056672
 0.0010335219288200026
-0.0013092854549635602
 0.0008071732929224584
-0.0008449262023345061
 0.0006391614719342686
 0.0012505303951594882
-0.0007585904073426075
-0.0001425545389246441
 0.0003754754804455307
 0.000713828109895065
 4.178710511493211e-05
-6.088658615016618e-05
-0.0007212602279484948
-0.0007422623783404636
-0.0015356439581320491
-0.0006769269396912914
 0.000720822248511721
-0.000954611972708963
-0.0004855848778625993
-0.00031757574794832877
 0.0002331228877711644
-0.0009126130540728639
-0.0013513067992156347
 0.0001467817106314273
-0.0011762981485368695
-0.0011716321003688024
-0.0011669660522006797
-0.00027791389000708655
-0.0008566159909323412
-0.002415376582334372
-0.00030591825223746927
-0.0007469454699766676
-0.001727004857478176
 0.00010010328845755367
 0.0006134663626350956
-0.0007212808595151721
-0.0006769457772086707
 0.0008678121845658859
 0.0009331485202397349
 0.0008281413563782092
 0.001350838320941239
 0.0018852026484861284
 0.00121316164370594
 0.0013461686846745757
 0.0025922421541133556
 0.0010101468367474942
 0.00014442760646837804
 0.0012434923023356137
 0.002225883368384196
 0.0016378473770733981
 0.0019645326435410726
 0.0031079333187393754
 0.001577174398493808
 0.0023285516775014004
 0.0035256222224163136
 0.0023075486300848103
 0.002253877863343523
 0.0034299471548910887
 0.0031195944025487754
 0.0018455174679042896
 0.00292124743780775
 0.0026575641373929315
 0.0010404667310816018
 0.0020951954476176593
 0.0022725384679174176
 0.0018268443049854755
 0.0026412253440951106
 0.0024172110778186706
 0.0017941729975623488
 0.0013158102182811438
 0.0018501745458260332
 0.002414874017123758
 0.00139281212288761
 0.0021535232922806347
 0.002340200202965881
 0.002015846615045336
 0.0027252213873181774
 0.0010194520223446024
 0.00178249666433411
 0.0027602207851899485
 0.0004454150725628492
 0.0012761304198471435
 0.002489535272936716
 0.001691486747952331
 0.0016728180701567341
-7.2830962567493884e-06
-0.0001869613832021222
 0.0016774823242755588
 0.00045707525934762794
 0.001042775984012756
 0.0005924148758880143
-0.001066685037158066
 0.0005200754313511857
-0.0007353337225223244
-0.001472711960000983
-0.00156838523347691
-0.0018040668627352097
-0.0024714409223227096
-0.0036568458983050056
-0.0017153975951469391
-0.0028424657562199918
-0.004569236374560914
-0.005089601660576759
-0.003222824480502706
-0.002865804070282252
-0.005747643623827958
-0.004531905298142069
-0.005224947556289661
-0.0051736120561940435
-0.004921597912810327
-0.004823592960787271
-0.004499241166916079
-0.006422023483352357
-0.004816595234072074
-0.005096612842661552
-0.005378963923847346
-0.00461125233666515
-0.0055796443611847435
-0.004741928596111333
-0.0049822771705624325
-0.004198231275205633
-0.004907607841527772
-0.006121014488666587
-0.003885548638365488
-0.00512462348406445
-0.0061770205220534335
-0.005665990920472319
-0.00536964079775748
-0.006179356685723725
-0.007131414402068714
-0.005273971112380094
-0.006139690342659321
-0.0060113502468833735
-0.005325310200574251
-0.00544665167261027
-0.004975291105167534
-0.005140968556534675
-0.0031971867807802923
-0.003934565018258951
-0.004741947433628713
-0.004562270940732582
-0.004807286460376425
-0.004046575290983401
-0.004692948097203442
-0.004100246954749198
-0.00479328921289679
-0.005045305150329749
-0.0039019044751313903
-0.004228591535648307
-0.004188923398534605
-0.004153922206613647
-0.0030595244559391555
-0.003304539975583054
-0.002520494080226199
-0.001790118054585954
-0.001934794252585803
-0.0014937688288958473
-0.0028355164688351753
-9.835401031382807e-05
-0.0012580907877360326
-0.0016594489713369076
 0.000197994318351713
-0.002291821839003394
 0.0010310422412077025
-0.0008800727122467156
-0.00039937825441843655
 0.001458065035270073
-0.0020001422495798393
 0.0016027385421960028
-0.0005463906160885768
 0.0009003614966383022
 0.00295614995701865
-0.00019403894511005326
 0.004223223782800045
 0.002186101309141486
 0.001756741454384203
 0.0034555086075193087
 0.001761406605527649
 0.0043212251467246166
 0.0017987403730203022
 0.0030798159314046614
 0.003770522922906583
 0.0010356921429323651
 0.0045709022294133095
 0.0026714546389408067
 0.0036211770886401262
 0.004881251393657082
 0.0031778155012798792
 0.005821639055946293
 0.003170813289441521
 0.004064532396827858
 0.005630291611969762
 0.0030284687699888013
 0.005345606161162919
 0.004797239203990555
 0.004218537103065301
 0.004664229471948
 0.0034531562974055574
 0.005784294524157962
 0.004048190015431552
 0.0028604515668528285
 0.005133252978695824
 0.0038241739551057585
 0.004120524077820542
 0.0031824671970537843
 0.004024849907319938
 0.005410931732541091
 0.002050730296738801
 0.003968843873933092
 0.004836894782759338
 0.003042453459123573
 0.004108849538641546
 0.0037424934439863056
 0.0037308251839798245
 0.002501084228666406
 0.0028371033855195127
 0.00428152202565002
 0.002333071510653595
 0.003049446700715608
 0.004696877456730586
 0.003870827260589793
 0.002592083380752508
 0.003310792043410893
 0.0040948379387676925
 0.0022840623069572685
 0.004167173795205981
 0.005191567367989258
 0.0031964474010653943
 0.004388851000787508
 0.004400517466744747
 0.005058555841897461
 0.004468186377990291
 0.003147439991418366
 0.005949939682638128
 0.0044191807623925605
 0.004367843468247701
 0.006187951196394315
 0.0032711095539029733
 0.0037914730458695756
 0.003660797683448014
 0.00424416493551677
 0.0041461581894444155
 0.0016260068883365286
 0.004584849243513323
 0.004192824950297991
 0.003028421227682987
 0.002438051763775928
 0.0025267228254134966
 0.0029770821394888847
 0.0013203156990391762
 0.0028767410237955926
 0.0008512859131188932
 0.0012013059055501762
 0.002095025012936569
 0.0008046137701174794
-7.435590445137308e-06
-0.0011811732034455735
 0.0012246361463907895
-5.177426085012371e-05
-0.000992164614213198
-0.0017995470295830152
-0.00124651492126715
-0.0010341698120218679
-0.0039346771463386054
-0.001342189988792375
-0.0015265352209305472
-0.002877616751255363
-0.0027912791622141664
-0.0025906014159506885
-0.00240625797786187
-0.003857678829830735
-0.0035006584196102253
-0.0037246726858867207
-0.0030899690366977817
-0.0039463543765914655
-0.0034773272817450462
-0.0032276466109577573
-0.005218099632688877
-0.0033699902333857445
-0.004135370142020922
-0.0032323171442490417
-0.0028846306244140196
-0.004464392469183398
-0.002007246722226963
-0.0026956220351816995
-0.002560281521616692
-0.0022755987618838236
-0.0032976606561199717
-0.0015942265577920112
-0.001829908187050422
-0.0006515054229064843
-0.000889520524761156
-0.003370002791730664
-0.0013842185092416415
-0.0004951663470479928
-0.0006585103258187619
-0.0018905847537285525
-0.0019675902464335038
 6.719696057944091e-05
-0.0017995820135438545
-0.0009922013922233353
 0.0005175544806055865
-0.0011718805761933293
-0.0008568626727076256
-0.0001358205374528687
 0.00010219277035256047
-0.00046250849499440694
-0.0009572055824502157
 0.00014885953120613582
 8.118792888667237e-05
-0.0017739236822548188
-0.0005908539729181372
 0.000739224509990033
-0.002266289091163498
-0.0009735461697972791
 0.0008885640650840299
-0.0013422366340735126
-0.0016059199344883868
-0.00047418662227194375
 0.00047786930002380323
-0.0011462285240767534
-0.0019442770490610828
-0.001059891832060178
-0.0004928588881660811
-0.000642202031358674
-0.0016222614188600715
-0.0011345665432426766
-0.0018369426917757559
-0.0016759339796506012
-0.000994560878534223
-0.001631599794368721
-0.0017086052870737278
-0.00224297140866786
-0.0020772957513499613
-0.0019699569089414726
-0.0016152699713173346
-0.0017529457515280122
-0.002298979236104004
-0.0009642338080030899
-0.0009035644175220403
-0.001267587039580853
-0.00076355785578891
-0.0015149369288457448
-0.0013562616893169621
-0.0006048844103094253
-0.0010599124636268553
 0.00021416267696838798
-0.0007028929504309667
-0.001554611345131962
 0.0002981649993639146
-0.001505610214657338
-0.000994580613076279
-5.221840458369265e-07
-0.0003178753541772106
 0.0008021905950573727
-0.00026187380591358167
 0.0003611624802934976
 0.0015138970458773437
 0.0001231464814141492
 0.000533836761351214
 0.0017075725803024078
 0.0008931897471434747
 0.002213934339666157
 0.0022209338604306517
 0.001303878233031297
 0.0027342960375834613
 0.00224193242272408
 0.001943247033363682
 0.0018429068146949001
 0.0028252978807434825
 0.002862632545260868
 0.001317872789437069
 0.0026829533612908185
 0.003030639881125785
 0.0017915650354269341
 0.001292201002778326
 0.0024192673698020806
 0.002675948458378541
 0.001457874866046982
 0.0016048827425938494
 0.0023049236244812588
 0.00165621734566479
 0.0005384830749772807
 0.0016305473530554004
 0.0012105213886836053
 0.0008838343281666883
 0.0017028823124690673
 0.0013481935807956869
 0.0011895165472176616
 0.0009608353357484223
 0.0019502268195861205
 0.001677209628785814
 0.00106350543891498
 0.0022115730593060268
 0.0024939223464425786
 0.002220905155642272
 0.0025569243124953234
 0.0027529351135660574
 0.002587257662198972
 0.0024915843887229894
 0.003067951223002574
 0.003861331008744917
 0.003298963215994266
 0.003063281586735911
 0.0038893299888274613
 0.0034833048600338423
 0.0024892446369541577
 0.003947664112662841
 0.004008333503143946
 0.0023632344256760973
 0.004353685653357919
 0.0040199981750518865
 0.0022138894884343174
 0.0032802855679522347
 0.0032826181435239854
 0.0029675984459889837
 0.0017051888743263577
 0.0023725611398644486
 0.002913925885198454
 0.0009818096783766883
 0.0020948752098221
 0.0022185483604053036
 0.0014485015065774376
 0.0016841813417864948
 0.0015231708356120977
 0.0018405222116942288
 0.0012128171862452186
 0.0008814631805355022
 0.0018568538287949687
 0.0014648295355795815
 0.00021642079949518722
 0.0010564700371649693
 0.0013784883584398444
 0.0008091201479001331
 0.0018941840081890815
 0.001495159297184634
 0.0013038136472574013
 0.0021648641382944755
 0.0018381770777775586
 0.0018965129956622917
 0.0014064828533992824
 0.0015278225313860028
 0.0018335065444862741
 0.0015884910248424866
 0.0014858173335773883
 0.0013784766971195461
 0.0013271394029747419
 0.0003587473784551487
 0.0008091066925305368
 0.0009607815142702036
 0.000771769336939343
 0.0013854717327608235
 0.0004240801260304017
 2.0388469833210188e-05
 8.805827810332012e-05
 0.000601421352280862
 0.0005267493321722827
 0.0004357430038890997
 0.0008464332838261646
 9.972115596201814e-05
 0.00047074240176075977
 0.00020939257394231303
-0.00032497354765181896
-0.0006819957519215714
-0.0001196297532202184
-6.829425312465665e-05
-0.0010086846064877864
-0.00028297552604028553
-0.001316704783258349
-0.0008686789417792773
-7.6284507421475745e-06
-0.00029231300452431386
-0.0006493352087941218
-0.0016947318289939894
-0.00013597303164120111
 0.00015571014588078302
-0.001554726164285536
-0.00011264099675140082
 0.0005710655769613493
-0.0012303761644635314
-0.001060033561952889
-0.0014403904921863608
-0.0005186697136435603
-0.00022698653612152064
-0.0008173560000286351
-0.0005840096374159498
-0.0013330552378764127
 1.3357553206416739e-05
-0.0005023407876167396
-9.398398027610222e-05
-0.0008126944369837297
-0.0014217316816617642
 0.00036804090273190315
-0.0004650097111980056
 0.0003960407798391796
-0.00020366257445342262
-0.000794032038360537
 0.00029336529452483884
 0.00010668658979035017
-4.7323498594986635e-05
-0.0003856779220937634
-0.0006026917705810875
 8.101480313166265e-05
-0.0005606910578956903
-0.00048135388664360956
 0.0010564036573418312
-0.0006493657076317993
-0.0003740168382843634
-0.00018967340019548917
 0.00014867922925398958
 0.0010120631928874912
-0.00037168695378653194
 0.0007437120502553074
-0.00039735694639592145
-0.0002923515765837492
 0.00024201275096114028
-0.00031802156919313873
-0.00014067854889338038
-0.0003413580892061008
 0.0006410329768424261
-0.0011230732030405033
-0.00024335493123234242
-0.00045803530712335006
-0.0011417436748853982
-0.0001593526088368158
-0.0006003798265760141
 0.0005920237731461553
-0.0008873987499792291
-0.00015235577914624043
-0.0003086993401278937
-0.0014170997204299152
 0.0006643569385105241
 0.0003143351520298876
-9.869039455290274e-05
-0.0008477359950133656
 0.00042400567298550573
 0.0015370712044309731
-0.0007240646384795157
 0.0008370276314696445
 0.0014740647532549556
 3.66447368643219e-05
 0.0015043981029585485
 0.002374782484381166
 0.0025077895253498572
 0.0019967581297193893
 0.0019664220889419326
 0.0014483902755224043
 0.0019687537674890065
 0.002797135642176929
 0.0014880566185868638
 0.0026384577115742824
 0.002099424644787351
 0.0013830476606760955
 0.003011810635920098
 0.0025847842537591315
 0.0016093918114504224
 0.0017073967634734788
 0.001887073256369609
 0.0013993765867029162
 0.0006619983492243131
 0.0014740459157375763
 0.0019454064831803675
-7.071473711084408e-05
 0.0007039972678604678
 0.0007926683294979808
-7.771784597387921e-05
 0.0010306807402788443
 0.00036797362588414373
 0.0004589781601180287
-0.0004930795562269052
-0.0005140817066188741
 0.0004636424142368534
-0.0007964336848293452
-0.000245735049109852
-0.0006634275408853307
-0.00014539752151510044
 0.0007413211680821208
-0.0009084448545784718
-0.00044408470492479646
-0.0012608010106801015
-0.0014591470783965055
-0.0002410752801141891
-0.0006144317925586007
-0.0007357732645946746
-0.0013284762010981055
-0.0014101486389958562
-0.0010461278109862304
-0.0006984412911512083
-0.0008244497083800817
-0.001445154316039976
-0.0009901280567717885
 0.0002979479194016865
 0.00014860477620909363
-0.0001920831198860551
-0.0012841491920134174
-0.001286483561634466
 0.00018827022224887635
-0.0014941644167609236
-0.000602778781970903
 0.00036327797590296473
-0.0013401579164741828
-0.0010671425197231188
-0.0004977761032327055
 0.0003656078604007962
-0.0010834795189716417
-0.0015361740996926998
 0.00032826960778492564
-0.0016178474346150717
-0.0006844592930903559
 0.0002652631566089081
-0.0003064385265271752
-0.00043478041635230946
-0.000731132333116391
 0.001751681612400191
-0.0005467897920521936
-0.0008618094895871953
 0.000360929253887754
-0.00011743352539339558
-0.0006121306128491488
-0.0011838322959853431
 0.00013924576913376674
-0.001631860828538223
 9.257452315702963e-05
-0.00042779076285887063
-0.0014031832051675797
 0.0010376282336143627
-0.001025162438604399
-4.510484515218849e-05
 0.00019524193524961264
-0.00012911165267087688
 0.0006712685508605265
-0.0022689078175945343
-0.0003484607678038709
 0.0003492466414870554
-0.0016435398528404366
 0.00020690301905906816
-0.0011931814357896142
-0.0005748120947753343
-0.0005188096494869732
-0.0016015418312288476
 0.0010329478330520225
-0.0007824947439510899
-0.0010835136059078598
 0.00030956863710235316
-0.0009225057908074374
 0.0005382471574976733
 0.00013922244649322568
-0.0010438490568927539
 0.0009582695337709835
 0.0002535599126415877
-0.00017346646951943434
 0.00024655770080317385
-0.0009901836722993052
-0.0007568373096866199
-0.0011908641096367578
-0.00020613957099180347
 0.0006619113378344976
-0.00045815640544943914
-0.00041382132314293774
-0.00024347872063229525
-0.00034848588449371
-0.0008501833897386901
-0.0005374989588493029
-0.00022948147315260403
 0.0002908820188139982
-0.0006705095879164791
-0.0004884996224239768
 0.000393552121980556
-0.0028873112455450878
-0.0010065332298928031
 0.0007575711559408838
-0.001018202386923961
 0.00044955097917026565
-3.814569049637173e-05
 9.952829566495236e-05
 0.0003818775828015597
-0.0012422202412989414
 0.00012519380315123563
-0.000612184434327423
-0.0007335259063634969
 0.001396933677100809
 0.0008298989391573586
 0.0009442381993550741
 0.00026753024938214187
 0.0011939179731177418
 0.00039353597553704045
 0.00020919074339892374
 0.002194975025888002
 0.00044720315417967615
 0.0016232724457272418
 0.0012102468991445625
 0.0005872088188882407
 0.0004868686002195144
-0.0010345564296405652
 0.0013945876461595175
 0.0008042181822523475
-0.0002015094038091969
 0.0009862272507202285
 0.0012965782090132438
 0.0008392166830994419
-0.000714876963109845
 0.0014529181818963566
 0.0008975508069348215
 6.216672040854077e-05
 0.0007855423282596696
 0.000570861952368662
 0.0023302993930095495
 0.0003258455357001977
 0.0011075579584606254
 0.0014482440605064761
 0.0013852394033797566
 0.0021436171001765203
 0.0008252041862008563
 0.002591642044630915
 0.0012312266239206116
 0.0014902411850934438
 0.0021739477588061384
 0.0011052164126424957
 0.0022626179234190857
 0.0013688970219833951
 0.0018309236990406985
 0.0008205291677864102
 0.0005288441962150725
 0.002647636416697463
-0.00011052908924047422
-0.0004372161497573357
 0.00032349501963568894
-0.00031587736879523653
 7.614513037085269e-05
-0.0013239393244778297
-0.0004512214704588402
-0.0006495675381751886
-0.001713631939146032
-0.0013286098577691141
-0.0015246224528890906
-0.0005655661128042833
-0.002959709893708029
-0.0029433764825580466
-0.00040689266732479856
-0.0023296749837610764
-0.0036200862265802214
-0.003473078350033354
-0.0011162719247208575
-0.00227367522954669
-0.003536084801209316
-0.001594636498051305
-0.0019306574489537098
-0.002028664195026064
-0.003804437737890798
-0.002994723643973851
-0.002852382712619783
-0.004145127428035245
-0.002306351919117655
-0.002385690884419034
-0.0024253608155819784
-0.002045005679397749
-0.002661043341864955
-0.002329691130204592
-0.0012119586535663807
-0.0014499737554210523
-0.0017253244188177863
-0.0008386057292205651
-0.0011792936253157138
-0.0010439531117506506
 6.911241969476123e-05
-0.0006052620576817436
-0.000598262536917249
-5.456431898692715e-05
 0.0004494648648050714
 0.0010911689317831264
 0.0006664760222185873
-0.00021324404363887162
 0.0005824692146998434
 0.0018682117182769464
-0.00045359441213926877
 0.0012755078847487833
 0.0014948534117832923
-0.00011991052193177643
 0.00231390049906105
 0.00029777927876983856
 0.001772533062653181
 0.0018168681449595714
-5.9244719549211844e-05
 0.0021505529321917405
 0.000234771033544523
 0.0009651470591847677
 0.001644186687704774
 0.0006524599372214612
 0.0006711268209678156
-2.8915854968836197e-05
 0.0022018830501394637
 0.0006477894039301213
 0.0010771474646382173
 0.0024748966528412297
 0.00021609428252722385
 0.001658179450061248
 0.0010211405342267499
 0.0016208420944700541
 0.002395554099441366
 0.000976801863821708
 0.0008951294259240128
 0.0009441314534232581
 0.002220540066614818
 0.0009931325838977711
 6.674306611292868e-05
 0.001891517739452231
 0.0002487521345807542
-0.0005002934658797087
 0.001716504603650304
 0.0006944427094141559
 0.00040042426524650176
-0.00018994519866061266
-0.00015727747933602654
 0.00172583400891263
 0.0009114511757536969
-6.8608211747756e-05
 0.00012040217153386212
 0.0011121271279679323
-0.00012461424513460218
 0.0010094525396781573
 0.0012918018268147091
-0.002003062376289111
 0.0006664293769373941
 0.0011401234169765573
-0.0007476568105141412
-0.00048397530414856504
-0.0002716301949032829
-0.0002319620577895254
-0.001384698417422614
-0.00038130609800673954
 0.0002743988045495471
 0.00014138996953166894
-0.0009646769381739806
 0.0002510613875119083
 0.0012637875973133261
-0.0013053666283183718
-0.0008480068964538678
-0.0005166546847934494
-0.0006986664443351942
-0.001011352669273935
-0.0010136870388949282
-0.0011770310176656418
-0.0017510661733981525
-0.001170032393925824
-0.0020777541309396907
-0.002686791375617781
-0.002297102349048119
-0.0026564580259142434
-0.0014500535906137868
-0.0015130582477405063
-0.0037555263098800196
-0.0030974879347273054
-0.002915477969234803
-0.0030928227835838595
-0.0029714831055970836
-0.004835928607124007
-0.004614249607493182
-0.003487183240469538
-0.004642253072698943
-0.003946879136004333
-0.0035898587257838788
-0.005237291275848099
-0.005020279221409962
-0.003468520841846401
-0.0031465025205714703
-0.0038138765801588592
-0.0033938524098363065
-0.003092835341928779
-0.0023087894465719794
-0.00240912966524065
-0.003064836361846235
-0.002938829738666715
-0.0022551231649539094
-0.0017277592551981913
-0.00149907983777825
-0.001506081152591987
-0.0012657343721901304
 0.00040036416459576785
-0.0011117269748788239
-0.0007850417084111494
 0.0010140647663680613
 0.00012967775531791403
 0.0008157178016270361
 0.0006267056242961755
 0.0013267465061835293
-9.900614722524459e-05
-0.00181177592998788
 0.0009090522203587525
-0.0002530180296597684
-0.0014640912042022114
-0.0016111008747983213
-0.0011794093414939644
-0.0008783922735863814
-0.0029411829458050875
-0.0004397012195174743
-0.0017044442637764723
-0.004044918174963608
-0.0005680449033919066
-0.0007523901355300788
-0.0021758093163424252
-0.0022598152268364924
-0.0024511608767637805
-0.0015551082967810714
-0.001669449351027974
-0.0017767899874857607
-0.0019191327128892377
-0.0027895188883610977
-0.000808401551064708
-0.0009367434408899533
-0.00227149066304011
-0.001937804978783375
-0.0020988154849577723
-0.00024837261305832303
-0.0007244019197431562
-0.0010207538365071822
-0.0006637334262867278
-0.00192147605275661
-0.0003720511457893094
-0.0005843980490839451
-0.0022061624005880742
-0.0014687859571587136
-0.0013357789161900224
-0.0009740915607768241
-0.0014057848881305346
-0.0026378593160402697
-0.0014804578052637907
-0.0030812209034005167
-0.0029342130268536493
-0.00019238362313955815
-0.0023998495963334365
-0.002222506576033678
-0.001356789139803749
-0.002679868998972157
-0.0025981983551237042
-0.003230570325765514
-0.0021875089722112606
-0.0029482219356536388
-0.0035619261255244727
-0.0020638376156773552
-0.0043016387326241246
-0.003893281925283376
-0.0030859013039628014
-0.0032795804264864614
-0.002600540797966455
-0.002913227022905085
-0.001977505408783997
-0.0028012221323284736
-0.0021641850105431626
-0.001739493895027866
-0.0029062310902391864
-0.0028222269737943617
-0.0030182395689143937
-0.0014431464633869462
-0.0022901979128951977
-0.0029179029383442634
-0.0026985574113097544
-0.004096308393562065
-0.002147859672614938
-0.0017511702282561048
-0.0015014895574687603
-0.0013194795919763136
-0.0017045034674025294
 0.0005099611295311668
-0.0005331020180723844
-0.00044676442903124336
 0.000824977238967628
 0.0001902717957294464
 0.0009346486569479229
 0.0018610363806835228
 0.0020010438394412744
 3.3925543673873904e-05
-0.0006707840774555218
 0.0010443173838542985
 0.0009743123089384076
 0.0010933185143288116
 0.0017420229990959823
 0.0017116869583185257
 0.0024933993810789534
 0.0018586939378407719
 0.002337054923072679
 0.0028970874491776044
 0.0017536849799300591
 0.003097764298416461
 0.0035971265370157712
 0.002663736601441702
 0.0028667478203016072
 0.0028247444165422353
 0.0009182964082805056
 0.0014969967151565178
 0.0029390818826905973
 0.0017070074547808622
 0.002829406876611762
 0.002234370467511959
 0.0019286846603623897
 0.0026217251244606277
 0.0007992821296683994
 0.0030464153429513585
 0.003380101027208038
 0.001660330826656231
 0.001604326587318683
 0.0012869734171872538
 0.0026520539890410033
 0.0014339803967095
 0.0008366105150132697
 0.000624263611718634
-0.0003487953579936476
 0.0015436500206404968
 0.0007035989889214722
 0.0005799240442890263
 0.002038343519997765
 8.522605980859632e-05
 0.000635924695528034
 0.0020570086096948215
 0.002801385470913298
 0.003200408387868503
 0.0013592976123052436
 0.002922723354850776
 0.003048729978030351
 0.0023066847953589487
 0.0032004039027452857
 0.0012006169906286779
 0.0022996816864959135
 0.0029203845001065654
 0.0015809703327636648
 0.0026403659944925217
 0.0021596697426149447
 0.001293950512335773
 0.0005472383844716822
 0.0012869483004973592
 0.002656695817543908
 0.0012542778900989093
 0.0017093041493670968
 0.0018306438273538173
 0.00076191248119023
 0.0014456190549029801
 0.0013476123088306258
 0.0012332712545837232
 0.0004888925993160043
 0.0006499013114411034
 0.0021153212049389025
 0.0015249517410318436
 0.0007595718323967771
 0.0012822687969596958
 0.0013756068037900082
 0.0008832431889306269
 0.0019263045424848801
 0.0026426797325468376
 0.0026683470340823634
 0.002276322740866976
 0.0018329620505313504
 0.002236651912679355
 0.0017349544074344303
 0.0023999932003762048
 0.002150310735539618
 0.0014199329158501306
 0.0025656670636448053
 0.0017722854838532198
 0.0008225612401046023
 0.001842287867695136
 0.0015599367865092861
 0.0003815322283161615
 0.0005868769197723833
 0.002124634463757824
 0.002185303854238818
 0.0006452110436077629
 0.0007665507215945944
 0.000796884968322753
 0.000708212112635942
 0.0010512316872782201
 0.001174904837861368
 0.0004981968878884357
 0.00019251108073886636
 0.0010628954621615394
 0.001179568194955516
 0.0008295464084748794
 0.0011095622230150592
 0.0016905960024874434
 0.001198232387627951
 0.0020896180224179717
 0.003156014101936
 0.0027406550827568377
 0.0020102772630673504
 0.0019846081674826377
 0.0029366640897782736
 0.0018982678873675218
 0.0019006004629392725
 0.002948328761686325
 0.0018562626895589074
 0.0012915614242118845
 0.0013685651228675932
 0.0018072570739611216
 0.0010302098023441952
 0.0005961830023941128
 0.0018282556362546054
 0.0009695368237645496
 0.001200549713780863
 0.0016555759730490505
 0.0006661826951621097
 0.00031849438127784513
 0.00016448429289256383
 0.0004234988540653961
 0.0005168368608956531
-0.0005028915607441231
-0.0009695869770434129
-0.001030258161573816
-0.0023160024592001616
-0.0017163008989568018
-0.0015996281661628253
-0.0021129930343896097
-0.0018586454184095214
-0.0023206738895160672
-0.002028990711994083
-0.0017979778219777143
-0.0013592858708841304
-0.0015973009727389131
-0.001690640773618468
-0.0006522463652569588
-0.001100274000785273
-0.0008809284737508194
-0.0006289143303671585
-0.001242618520237937
-0.0009346010345413491
-0.001842322771555216
-0.0010326086776382692
-0.001062944718415726
-0.0025190325155773907
-0.0012706255735422944
-0.00102094490275495
-0.0013126298743262876
-0.0008902722314073075
-0.0006359246154272746
-0.0008412711009327389
-0.001111954819136729
-0.00043991560840578314
 0.0008364930047857766
-0.0005705918678520217
-0.0008786111475979075
 0.00011078033623979078
-0.0012729698104343434
-0.00033024777852408427
-0.00024157671688651572
-0.000971954536576003
-0.000750275536945233
-0.0008622831185957636
 0.00016444392678388597
-0.00017624396931131825
-0.000981292912084708
-0.00046326289271447774
-0.00015291193442140694
-0.0006032730425461486
-5.490787942302733e-05
 0.0009158158236436398
 0.00015976980539400554
-0.0007012824796923667
 3.376049114062196e-05
 0.0009531477970871061
-0.000488939164496327
-0.00010625055571572561
 0.0009484781608204429
-9.69184593795358e-05
 0.0009578102571566327
 0.0005937876350977644
 0.00040710893036322027
 0.0007314607242344673
 0.00021576238341136644
 0.0015435073937231647
 0.0014291663394762066
 0.0019331955232682052
 0.002376554419554533
 0.0016298422916903865
 0.0018445208735321517
 0.0017791827438090602
 0.0022925458179865466
 0.0022155403252815953
 0.002922581624958065
 0.0031022581178541953
 0.0018958518885044962
 0.00347327846662826
 0.0036599553773135063
 0.0028175708729981097
 0.003391604234681267
 0.0038559643843349423
 0.0044019960748616915
 0.0037929588301836015
 0.003923632398555865
 0.0047030113487199765
 0.004140643555969381
 0.0039469644334456655
 0.0039609643719993315
 0.004633003582730222
 0.0038139538043784893
 0.0033075893539408208
 0.005594391601362103
 0.002714885520412713
 0.0020195097896688052
 0.0045419927693238216
 0.0029155614726269485
 0.0018981665235834888
 0.0021968501188946443
 0.003727607245090969
 0.0021968483248453463
 0.0013474634027408339
 0.002623872015932449
 0.0016648138817983993
 0.001823489121327071
 0.0024791940238833576
 0.002530529523978975
 0.0021898416278837707
 0.0022691787991358514
 0.001856153252553172
 0.002388184107501634
 0.0032725693245024834
 0.002868877668305292
 0.0025958604775049854
 0.0018538152948335829
 0.0030672201479231
 0.0035152459894021715
 0.0013847846118885676
 0.0019004811586624815
 0.002276169349653967
 0.0005797338750659353
 0.0017161341324750667
 0.0014757855580239676
 2.203123345878577e-05
 0.0012237687235663874
 0.00019237293894469598
 0.0011210941352767234
 0.001107092402673815
-0.00018798578533807397
 0.0017207939014707296
 0.0002040358168034495
 0.0006193930419332028
 0.0008574063497386875
 0.0007664000214555045
 0.0011070861235013552
-0.0004820096116535666
 0.0017581231838402767
 0.0012214235896497727
 0.0009647407070240144
 0.0012004205422330716
 1.5015566250831114e-05
 0.0012610890356895
 0.0009530697559436141
 0.001522436172434083
 0.0012004160571099098
 0.00014335207392812688
 0.0016017715496368656
 0.0014197597900951209
 0.0010370693872652215
 0.0014570935575877741
 0.0006357103066397252
 0.0006520437177897076
 0.0006357085125904272
 0.0006753766497041847
 0.00041636029448210987
-0.0005683660382121425
-0.0005590330448512759
-0.0008483845438261861
-0.0006827088865082875
-0.0003233550036914612
-0.001231076740705328
-0.0013570851579340903
-8.767696253170199e-05
-0.00036769457112112436
-0.0008763924941551093
-0.0004166992896941779
-0.0006290461929888691
-0.000696717795308277
-0.0008507278836935583
-0.0006407162470446481
-0.0009184003830376986
-0.0013407598200058657
-0.0009907398275745272
-0.0012310884020256263
-0.0010607457995149838
-0.001821458762957362
-0.0018961307830659413
-0.0003980422732188793
-0.001954469392024538
-0.002439832589094859
-0.0005473872104607147
-0.0022298218494705146
-0.0018774683844427487
-0.00012969830678377647
-0.0019101387948413096
-0.000699067414348109
-0.00047738841471733906
-0.0012334344329669178
 0.0007126808153838371
-0.000596398208206228
-0.0013664450620341495
 0.00034632292667929887
 9.680853914062482e-07
 0.00042099225571395893
 0.001207371623667186
-0.0003583893855240161
 3.830005883481702e-05
 0.001408047575881366
 0.001445382240398696
 0.0010183558582377294
 0.0011723641525737127
 0.001566720124336174
 0.0011256929065970311
 0.001277367728336587
 0.0005213217100870082
 0.0007640019630852368
 0.000507319080459534
 0.0005539876353622963
 0.002049742672613042
 0.0005096498619819867
 0.0014500384212957629
 0.0016203810238064054
 0.0004653111915769448
 0.001846726071605409
 0.00147103608656457
 0.002182744331433839
 0.0024394254200102994
 0.0013660271286538572
 0.001646042943194037
 0.001842053744264771
 0.002668102146356377
 0.0031394627137991127
 0.0019190556488711819
 0.0030274542351239053
 0.0027591039895163427
 0.0008153204197126618
 0.0026027595315100682
 0.0019470528349044836
 0.0017090377330497564
 0.0027054296346765705
 0.0014266857548393408
 0.002283069300683671
 0.0020193860002688524
 0.001088329537291266
 0.0024067406572175765
 0.0014126804341378918
 0.0006753021966592887
 0.001590022557413029
 0.00032294604055760345
 0.0005049560060501057
 0.00036961369843580005
-0.00029075994336252853
 0.0008106382251010791
-1.3078498443341857e-05
-0.001399162117713737
-0.001511169699364323
-0.0013851630761848033
-0.001200819638095929
-0.0008554665908573345
-0.0019732008615447882
-0.0024585640586150537
-0.002222884223406052
-0.0021435470521539712
-0.0023628943732376673
-0.0023978973592079234
-0.0009418113560956121
-0.0028785945081101216
-0.00201521054447662
-0.0005077881442440701
-0.0025285763097280256
-0.001142494484506873
-0.0017328639484139874
-0.000853145676605882
-0.0009161503337326016
-0.00306527949201707
-0.0004681253892782067
-0.001842541645566742
-0.0022438998291675616
-0.0002884506904313189
-0.0010328293456990933
-0.0012428427763973016
-0.0023699109374702987
-0.0008788228454123526
-0.0012895149193987154
-0.0029182796886919604
-0.0006921477287763489
-0.0018052150542711143
-0.0025752619080989803
-0.0018635536632297112
-0.001707211896297356
-0.0010585074115301851
-0.003130631974134379
-0.0022882492638682805
-0.000820495897774054
-0.0033359802536891414
-0.0037980087247956873
-0.0028389523847109355
-0.0026896110355676406
-0.004024358257717853
-0.0037000064638466057
-0.0029462957122426414
-0.004227373064676243
-0.003730344298673305
-0.0036860092163669145
-0.002988301807075877
-0.003076974662762688
-0.0036976792704226935
-0.0013198715917428494
-0.0025076100403215174
-0.0035646740235033003
-0.0013735441525333791
-0.0022205956020415196
-0.0028786357712434207
-0.0005264962911237236
-0.00044482564727527096
-0.0023699414363079763
-0.0008275169471298471
-0.00044949528354198964
-0.0011752061580386775
 5.91999484181871e-05
-0.001016531815534627
 0.0006075642145166316
 0.0013636084387169678
-0.0006408454185924395
 0.0015829530687268
 0.0014546111789016103
 0.0016739567059361193
 0.0022643243757938802
 0.0011815921940520058
 0.002686681121688239
 0.0005888883605238981
 0.0007615644356309126
 0.0021289784800810896
 0.0003975409165474231
 0.0014756043590472001
 0.0012912591269090834
 0.0010252423538979483
 0.0003485344039249605
 0.0005375447872065786
 0.0021569738720650933
 0.00011985139840653414
-3.823546225967256e-06
 0.0019306243391429279
 0.001498931011789273
-0.00021150529837710152
 0.0006285439392926806
 0.0018069467034366182
-0.0007108711250748967
-0.0005918649196844927
 0.0009015566449698253
-3.650023579687689e-05
-0.00051252954248171
-0.0003585212481457267
-0.0006315384389460332
-0.0011122346908236103
-0.0009932284854331508
-0.0012919138747936043
-0.0005242022876113528
-0.0011869094020061088
-0.002264974638555184
-0.00010184643874172616
-0.0010585711002794596
-0.002073632576726492
-8.510225960711715e-06
-0.0007435549908429429
-0.001504267954285321
-0.00012985349204602814
-0.0010819112083909621
-0.001800621665098645
-0.0006478870995148545
-0.0011075820980250284
-0.0012592587138139377
-0.0007202274410763598
-0.00134793246652537
-0.0012755957130624607
-0.0010515832408352632
-0.0016162845061822306
-0.00037254450933987826
-0.001025917733349091
-0.001926639052573842
-0.0002792082965588638
-0.0011169258556815165
-0.0010912585541461017
-0.0009792527665447581
-0.0013689435871637734
-0.0006292336711380964
-0.0019173114413608139
-0.0020223186052222286
-0.0001298732265880287
-0.00019754482890754765
-0.001730637221749487
-0.0018379778582072737
-0.0010072625109230349
-0.0009675943738092774
-0.0018729826382267722
 6.379871973849482e-05
 0.0005234919241993707
-0.00265936559427854
-0.0009489310781614635
-0.0001438839294373162
-0.0010142701049092318
 0.0003811456106974642
-0.0006502501739242827
 0.0001781317007636396
 0.000558486836947869
-0.0011426155828329065
 0.0009878440006312883
 0.0010555138089015093
 0.0007078254950172447
 0.0013121940004532928
 0.0007638270432809291
 0.0022829168064953387
 0.0013285256175540328
 0.0015502046171848027
 0.0024392567793784514
 0.001071840940879032
 0.0029176168675856817
 0.0021312357055832676
 0.0007264843055418413
 0.0027286028962055786
 0.0016388702966745328
 0.001967889035738579
 0.0022782399940315945
 0.0007731492723461186
 0.0017018704686780906
 0.0013705164629684297
 0.0010624971832224883
 0.0007194758145309677
 0.0007731447872229569
 0.00012677198100291553
-0.0006176066742648589
-5.2907202967134026e-05
-0.0009956310289266357
-0.0005056026807128688
-0.0011706432677038858
-0.0011356420757829278
-0.0008159572271044246
-0.0021717057026219844
-2.9578756175874243e-05
-0.0006456164186430802
-0.002101704215804745
-0.0009606370132027586
-0.0011566496083227351
-0.0008602994856079516
-0.0018660270716695515
-0.0007739627935914317
 0.00038810566237790223
-0.0023980615147166096
-0.0017493570299494388
-0.001023647949501938
-0.001919702323533945
-0.0017563601388124739
-0.0017260258920842042
-0.0012196632356958337
-0.002260392910703013
-0.0011146587629083382
 0.00044176656184807817
-0.0004496208669912405
-0.0008299777972247124
-0.0005452950374917886
 0.0009411261093734691
 0.000280752467575085
-5.0601538134520396e-05
 0.000824449788480841
 0.001435818711706005
 0.0013401454382300781
 0.0011324654801282419
 0.002042518895689238
 0.0010787938163623334
 0.0012631372544512076
 0.0014078116584017586
 0.001242134207034562
 0.001589820726869584
 0.0007474362225541875
 0.0007427683803367668
 0.0009434461266002447
 0.0008617736887025496
 0.001244462297483151
 0.0010834517913086983
-0.00045897449191872886
-0.0005616481831837716
-0.00020929471815606115
-0.0004426428748179889
-0.0007226604834074668
-0.0014460378853077827
-0.0012243588856770127
-0.001875398637089798
-0.0023700957245456067
-0.0017563933287240707
-0.0020574121906808407
-0.0023257624362884033
-0.0019734089712606373
-0.0014670463148723223
-0.0013970430340057294
-0.003261488535532653
-0.0021997594012074795
 0.00035305872220037227
-0.0022347632842023013
-0.001898744127349139
-0.0010703622526612722
-0.00153472419636419
-0.0013853828472209506
-0.002421445577035386
-0.0003283215551130869
-0.001793743242660184
-0.0013340500381992526
-0.00014864685626625462
-0.0025777927261155797
-0.0009466962782752053
-0.0008416909084630886
-0.0010353700309866931
-0.0009396985515600087
-0.0008626948529043554
-0.0007226873941466039
-0.0005966807709670285
-0.0005010092915403441
-0.0010377088857309036
 0.0010414143006131638
-0.000834698563895675
-0.0011287170080633846
-8.332218191275942e-05
-0.0015697451228272041
 0.0009270696582676652
-0.00157908080726199
-0.0013737361158057682
 0.001293422164824365
-0.0020107759286649984
 1.4677387962513944e-05
 0.00024102333278608334
-0.0008580431571303948
 0.0007100495306078258
 3.100810803857712e-05
 0.0002993565595968972
-0.0008253781288797835
 1.2337636193682222e-05
 0.0010530655171515635
-0.00062703564926192
 6.133786964357402e-05
 0.00043702606063505955
-0.0001043404787481883
-1.800288970704722e-05
 0.0010950626417384202
 0.0007170391841013202
-0.0008300540443189064
-9.967801867866166e-05
 0.0009620511156466227
 0.0003763485969322522
-0.0013900910555470491
 2.3992440830622463e-05
 0.00045335050153866296
-0.000914065336960812
-0.0001626880579531642
-0.000655051672812601
-0.0005967157549278679
-0.0018124558746630548
-0.0016444467447488398
-0.0013130945330884214
-0.0025195007624381205
-0.0023188230161746426
-0.002953528459412824
-0.0014904420385113415
-0.0033082180881108814
-0.0034412269231287596
-0.0015161129281453523
-0.0035975713811350896
-0.0020294786933968134
-0.001938474159162873
-0.0028951988207006063
-0.002953536532634582
-0.0028975340873462208
-0.0016024576933836299
-0.0019851480962135293
-0.0016957983912878616
-0.002566184566759777
-0.0022721679166413655
-0.0013481136655021375
-0.0014624547197490956
-0.0008300845431565285
-0.0025311869629373596
-0.0009420930218317358
-0.001462458307847636
-0.0026991996809501706
-1.7062565672021357e-06
-0.0025335249206568933
-0.0016094706695176653
-0.0003330620563261055
-0.0016048055183742194
-0.0004660717883686605
-0.001541803552321419
-0.0005780802670438678
-0.00023739416499796162
-0.0016071434760938086
-0.0006200854648524823
 0.0002993018410940018
-0.00018606135597631912
-0.00029106851983778936
-0.00035173970436808144
 0.0003366338145374126
 0.00082199521755838
 1.2279329592246313e-05
 0.001244351963452739
 0.0007216532048404667
 0.0014730304838480035
 0.0018883877089778678
-3.672808005478201e-05
 0.0018417164630010752
 0.002429750660262575
 0.001249012629473023
 0.001757708758457821
 0.0036734888630556295
 0.0029711127145226612
 0.001881380114991671
 0.002544085435337018
 0.00264909080514919
 0.0023737401417525117
 0.001253672398468686
 0.003328128639619954
 0.0022337290948962196
-0.0007227815817335004
 0.0016480256791571724
 0.0014916821181755746
-0.0001977529386233967
 0.00011959843745873444
 0.00046961842989007296
 0.00020126818428256588
-0.0005431104709852086
-0.0002910963276015477
-0.0005127771212816157
-0.0014134984405063666
-0.0006154517095713352
-7.408696423732986e-05
-0.001121817057033625
-0.002029538794047492
-0.0007671310164341638
-0.0005547859071888261
-0.0022955573611079805
-0.0007834680156826868
-0.0010471513160975054
-0.0028929290368534533
-0.002435569304988894
-0.0020995501481358425
-0.0014765138619287632
-0.003408630068750529
-0.0029349360287114212
-0.0007018036510066938
-0.003567308896377852
-0.003408633656849125
-0.0017658698460268907
-0.002703926726793593
-0.0036349831897711793
-0.003191624293484907
-0.0019455508240461827
-0.0043700297487027084
-0.005154077438108862
-0.003999009399928644
-0.0045660441378720384
-0.005420096005169295
-0.00467105219875813
-0.0040573498029365385
-0.005877459325132395
-0.004846065334560057
-0.005261424353739108
-0.0056184465580088605
-0.004654723272731254
-0.006640509349269685
-0.00611081196691754
-0.005396770249451954
-0.005004747750285865
-0.005991807555576434
-0.006535507567556054
-0.004743401510565959
-0.0065471767245872114
-0.005725795267688405
-0.004248708011208691
-0.004911415125603391
-0.004944084638977275
-0.005917143608689557
-0.003658343032424849
-0.004155373592476974
-0.00550645512280179
-0.0029046340748700716
-0.00299564040315331
-0.003698016551686334
-0.0030399781765336753
-0.0019735820970157025
-0.0035300092158213614
-0.003663018050839295
-0.0010728643658894366
-0.002288604485624679
-0.0026899626692254985
-0.0013622176589137003
-0.0010985361525481796
-0.0023469448886325184
-0.002328278004886164
 0.00024554137188903535
-0.00010681388718802864
-0.0013342213699050198
-0.00035183030385643743
 0.0007892368987454379
-0.000636515754663336
-0.0005851802545677187
 0.0018742989649851438
 0.00012652709327687361
-0.0005455139115033147
 0.0009572415435365467
 0.0006445553185978059
 0.00020352810085866313
 7.515505738631134e-06
 0.000835897380426498
 0.00037153543672358014
-0.00031917334882752835
-0.00013482991073865414
-0.0007718688265732632
 0.000509206731811096
 0.00044153512949163254
-0.0007275355383161153
 0.0006305446157485739
 0.0005092031437125555
 0.00048353404812784273
 0.00033885785012799374
 0.00010084274827326656
 0.0012769120398208322
 0.00039252502877068496
 0.00063753875436523
 0.0012442407323977056
-4.150356522869547e-05
 0.0005068615978944258
 0.0012302372057455546
 0.0007168723375187702
 0.00034351582507435863
 0.0009082152963720835
 0.0011788972205267756
 0.0008895457215518099
 0.0015569179870899563
 0.0011205577145435575
 0.0014099074194692252
 0.001582583494576184
 0.001258229906655639
 0.002219619719336874
 0.0012535611674135971
 0.0013655669550148852
 0.0015592442834892473
 0.001507906989344443
 0.0017365864067643288
 0.00019182665094052975
 0.001629244873281921
 0.0018462569277200025
 0.0006305168079848156
 0.002105270591868158
 0.001603573086623289
 0.0010318714034871501
 0.0010435378694443886
 0.0017085766623861631
 0.002739970652958501
 0.0016899070875658895
 0.002301276010791109
 0.003103989686918829
 0.0020212575051769543
 0.0014612231850227309
 0.0025229523193480152
 0.0029383095444777685
 0.002396943005094576
 0.0031366529211203087
 0.0033629988659438226
 0.003327995879973622
 0.003199653990148432
 0.003916029180210445
 0.00394169648174586
 0.0030106400187682736
 0.004443391295916921
 0.003645342770932536
 0.0033583247445539977
 0.0048610801995938036
 0.003512332141865415
 0.0038530182439112104
 0.004515723564256668
 0.004119032325848537
 0.005344104541919914
 0.0041867012370940815
 0.0041726995044912285
 0.006277490889395332
 0.004053690608026905
 0.004105026108122467
 0.0055774464194094375
 0.004088690005898565
 0.004156359814168786
 0.004954406545103818
 0.005180752489927387
 0.0037409990009403815
 0.003747998521704876
 0.0050197401897037475
 0.003337305550693892
 0.00296861598344228
 0.003981342193243698
 0.003173959777873825
 0.003211294442391155
 0.0026442597044478156
 0.002522918232411797
 0.002739930286849823
 0.0012045044214115674
 0.00317162092312967
 0.0028822694241547042
 0.0008078113889541383
 0.0027749278906722963
 0.0023572353988968175
 0.0005744614382429125
 0.0010621563138603074
 0.0017015269082419904
 0.0009594817255705879
 0.00130716824540561
 0.00207954677778055
 0.0010924869724899255
 0.0008871404869844612
 0.0014961759376133088
 0.0018438624574483309
 0.0012791611921012525
 0.0008428009195548536
 0.001792523369254173
 0.001806523307807728
 0.0014565015213270915
 0.0018998604176134193
 0.0011484813445565845
 0.00047410686718002415
 0.001986196212605318
 0.0027329065464201663
 0.0018205178642135
 0.0016595073580391029
 0.002315212260595445
 0.002154201754421048
 0.0015684992357066774
 0.0028309070133200054
 0.002541555514345095
 0.001983854666787188
 0.0037082900184824963
 0.0033022648896888773
 0.003234593287369414
 0.004417662996706095
 0.004588005599216682
 0.0037759562386541767
 0.0037222854719128895
 0.0043569891211018286
 0.004578668120732654
 0.0050920311949101404
 0.003941628307873424
 0.003950961301234346
 0.00455066286147765
 0.00434531637597213
 0.004298646027020014
 0.00424730873287521
 0.004674333320986823
 0.004247306938825912
 0.0054117088673915625
 0.0050383523549472065
 0.003761941947706293
 0.004882007896940932
 0.0045786555623877345
 0.003906614557607546
 0.00402562076299795
 0.004466646186687906
 0.004202962886273087
 0.003372245744939495
 0.0029522197805676997
 0.0030898937667290793
 0.0029568849317111456
 0.0015334657508987437
 0.0020584961880581454
 0.0022171714275868726
 0.0007797514111962389
 0.0014401232589452695
 0.0014681240330771117
 0.000763414411947716
 0.0004460612418162868
 5.034024077088528e-06
 0.0006047355843203928
 0.00038305479064032477
-0.001129036348834267
-0.001507059806471367
-0.0010987029991307296
-0.0011780419644319973
-0.0024637862620583983
-0.002307444495126043
-0.001462728312263517
-0.0031124943349241097
-0.0025617956992046165
-0.001843087036546287
-0.0030984961904197417
-0.003775204140392674
-0.002421790931520784
-0.001145382318329169
-0.003660866674244312
-0.0026364731014610343
-0.0014160678305824015
-0.002862821737358523
-0.0021791151636457173
-0.0017310893221667567
-0.0006926949138051919
-0.0017777605681434383
-0.002006441779612733
-0.00016766627069508822
-0.001315735685135433
-0.0015864194033393675
-0.00030534384495506384
-0.0007230363367305426
-0.0009843861645489338
-0.0005526946312445769
-0.0006927038840515709
 0.00013567799063635144
-0.00040802202134326837
-0.00020967774767621794
 0.0006537062159573392
-0.0013180790250028052
-0.0009960607037279856
-5.56721444140984e-05
-0.000926058319886014
-0.0012060759284754363
-0.0002936890403181236
-0.00014901463636757262
-0.0012037451469529836
-0.0003963645256324644
-0.0008140570174079431
-0.000961066688004053
 7.732772035740076e-05
-0.001766116527802175
-0.0010427409199510462
 7.320851392322858e-06
-0.0016821142054066485
-0.0016751146846421539
-0.0015397741710770907
-0.0012480909935551066
-0.0016564495949450975
-0.0023844939420382127
-0.0020064722784503553
-0.002288823359636205
-0.003037868960096668
-0.003492897013414098
-0.0027018507002681824
-0.0033178883627353883
-0.004353951092549768
-0.003362226136115698
-0.0031778826980268793
-0.003798587305686829
-0.004419291913346779
-0.003730918394441285
-0.003091547800059602
-0.003546575853377032
-0.0026155211844487436
-0.002487181088672852
-0.0032408936343260586
-0.0023331736913614343
-0.0022445026297239212
-0.0026225260873610212
-0.0024545169574467507
-0.0027508688742108878
-0.0014161234461099181
-0.0012737825147557946
-0.0015141310892068383
-0.00025639025678625416
-0.0017754818140499617
-0.0018058178548274184
 0.00011696266755956142
-0.0006670850218465363
-0.0008747649799483725
 0.00016362942841313677
 0.0003783080102548464
-0.000135056857971938
 0.00017762757291744924
 0.0013093608851338923
 1.4282697122058874e-05
 0.00014728973809069457
 0.0011903510916449478
 0.0006629853878399317
 0.0006933196345681458
 0.00023129116346159995
 0.0013070211333650605
 0.00032929521845997956
-0.00010006463629735896
 0.001164676613912341
 0.000550972424041507
 0.001300016230452783
 0.0007586496910695351
 0.0007516483762557424
 0.001094667950897965
-0.00019107634672838048
 0.0007889812467237745
 0.0013396798824432676
-0.0005084313109090521
 0.00040628904984468805
 0.0008099789119925815
-0.0003730925913933425
 0.0004669566462764396
 0.0009196494329481997
 0.0008986472825562308
 7.726403160818185e-05
 0.0003386120653773861
 0.0005182885582734609
 0.0004319491751830218
-9.074958342925044e-05
-0.00033809857566946544
 0.0006466259629754334
-0.0006134501360907652
 8.192380060378923e-05
-0.00032176785559340226
-0.0006484549161103192
 0.0004926122864916671
-0.0005341165529372804
 0.00044360756791850253
-0.0006134564152632249
-0.000909808332027362
-0.00046644943574103426
-0.0016145188501813235
-0.00066012945528926
-0.0020648808553306863
-0.0019388742321511665
-0.0009938187276445354
-0.00212322036131396
-0.001983212902556153
-0.002102220901995855
-0.0019738808062199076
-0.0022819000859659044
-0.0024079085031946668
-0.0016471973338015866
-0.002025220791438742
-0.0033646349587816426
-0.0022515694273361753
-0.0015468616002560776
-0.003390305848415709
-0.0026972653843174155
-0.0020158922832010373
-0.00283494206155277
-0.0033576408201649866
-0.0028069421844454934
-0.002676268616073285
-0.003208301265071045
-0.00266693651973704
-0.0024079219585642075
-0.002018232931994546
-0.00215824218480154
-0.0010055076192177492
-0.000769827784008692
-0.0018432260753650787
-0.0009891760021170093
-0.0012201906861826206
-0.000797833043263696
-0.0011641891379189362
-0.0010335155695466725
-8.379311984740845e-05
-0.0021115817031204798
-0.001794230327038293
-0.000587825891737892
-0.000340478693546975
-0.0009681837189960407
-0.0015305515117466362
-5.5797727863349245e-05
-0.000601831212439341
-0.0005971651642712184
-0.0003894870002186801
-0.0010778623131734166
-0.0005271636774539235
-0.000825849066814377
-0.0005668345056416002
-0.00031248688966151184
-0.0008445195386592719
-0.0008678551616476682
-0.0007301811754862886
-0.00042683063498233365
-0.0007231825517464152
-0.0013065515978644138
-0.0007955219962832438
-0.00048517103799022854
-0.001465230425491737
-0.002326282710578109
-0.0014348970757880886
-0.0006835197967804962
-0.0022399469155862106
-0.0020929390390392877
-0.0011618843701109438
-0.0018525931556621633
-0.002123276873866098
-0.002550303256027009
-0.0024032953794801415
-0.002041608024066943
-0.002589974981239307
-0.002956331075894547
-0.0021816190709232353
-0.0026133123982769457
-0.0030356718352451684
-0.002806992417825227
-0.002982003759577856
-0.0027603247599470304
-0.004081071146518955
-0.00205095088469881
-0.002575983115907454
-0.005194140266062963
-0.0024079748830178604
-0.003409035523886661
-0.004092743891648654
-0.0023776424303388888
-0.0032503620784071763
-0.0034533750913162686
-0.0030146831402227403
-0.0025573234083582363
-0.001567931924520538
-0.0035210493847096513
-0.0026529984758834058
-0.0001421828592103047
-0.0036003901440602726
-0.0017079447654260727
-0.0005342089464749344
-0.002858348549487466
-0.0018386219218969324
-0.0014372655323453554
-0.00014918955617188034
-0.001665947640839216
-0.001077913443577716
 0.0003338365802034726
-0.0017919578521172763
-0.0008795709639599081
 0.00027783054681657093
-0.0009869124974423715
-0.001866632563299775
-0.0004828842106749942
-0.0009915821337090347
-0.002020644445734354
-0.0016216215287790936
-0.0011292597079690103
-0.001082591153066137
-0.0028933667848765054
-0.0008935816668091401
-0.00015387175078346305
-0.002958706708648895
-0.0012412717747427027
 0.00013547616009290664
-0.0013649476163998253
-0.0007885807821201851
 0.00024047973585578086
-0.0007815821583803673
-0.0005809044121168894
 0.0003968197087389491
 0.0007538401189594035
 1.1794936288056501e-05
-0.001066270300261074
 0.0014562126793938313
 0.0007398356952825758
-0.0011479445322080672
 0.0019765743773112465
 0.0008308384354672183
 0.00032214051243323327
 0.0016755537213051785
 0.0013978695853120726
 0.0025389367879140035
 0.001122518024890773
 0.0021562454880595383
 0.0025879370213639508
 0.0016218784694407296
 0.0026929414941515017
 0.0026252698918319828
 0.0034489848213271612
 0.0015308694500836273
 0.0022869136742839635
 0.003166631946092069
 0.0011481772532044854
 0.0038853397117258326
 0.0025319247088045893
 0.0012671816645455913
 0.003668324069189155
 0.0027816035855426358
 0.003021950365944437
 0.0027419327573550145
 0.0032902979204781357
 0.003932001987456135
 0.0022028978965188406
 0.0035983136121255366
 0.0038596616458946853
 0.002179560479481202
 0.002531913944508968
 0.003971665639446731
 0.003019607923101686
 0.0010408222643524812
 0.003999664619529275
 0.0033859604296583856
 0.0006604635400697112
 0.004163005010201504
 0.003173611732314563
 0.0013441683197331633
 0.003530631245510396
 0.0033392855955831635
 0.0035959666841595683
 0.002718580090898537
 0.0030405984121734675
 0.003969319608505384
 0.0020722054906291976
 0.003460620788446722
 0.0036449642265355964
 0.0025692324625827823
 0.0028235800785628706
 0.0032506046666745947
 0.003969313329332924
 0.0012998197820571766
 0.002786240928922379
 0.004186323589721763
 0.0019951919247024885
 0.003334604297996202
 0.0029192452788170953
 0.0027535678274498987
 0.0030522514227611097
 0.00283523757427373
 0.003031248375344464
 0.003294929881709985
 0.003712620579436221
 0.0021118574812994395
 0.003070913821384247
 0.0032435898964912613
 0.002317200378706419
 0.002632218282192178
 0.0015308183196792724
 0.0032972561781092757
 0.0025995469747690514
 0.001612487169478427
 0.0034419287880105287
 0.002452535510123588
 0.00232652709289477
 0.001355801595778805
 0.0015588128146386548
 0.002193516463827594
 0.0009217730017794246
 0.001533141925004644
 0.0013394628024810395
 0.0001867264428478954
-7.462338497049581e-05
 0.0007444245993319387
-0.00036397578097008276
-0.0009030088477569587
 0.0004200692173620957
-0.00043398264993516067
-0.0016380554066885433
-0.001507381838316224
-0.0005179903544785258
-0.0013370401328302028
-0.0019460773775083484
-0.0008143440652919054
-0.001782736089811443
-0.0028538009085715133
-0.0004946610106626448
-0.00011197240188204338
-0.0028934726337837557
-0.0013977175965330657
-0.0005460009958814238
-0.0018177444579294821
-0.0006300078034001677
-0.0006510099537921366
-0.0006020079262928912
-0.0007793527406419476
-0.0004526674741743286
 0.0004970549755250464
-0.0009613662942329348
-0.0006953513152710422
 0.0008820752628527218
 0.00010736146383216738
-0.0009310347385786955
 0.0003780424909621827
 0.0005763867646292886
-0.0005063454171125858
 0.0005950527513509662
 0.0013860990644969373
 4.435142455760932e-05
 0.00020536013668270847
 0.002032468282618438
 0.00093340179270196
-0.0002263349847202445
 0.001190081984253688
 0.0009403995194171566
-0.0007116999758398079
 8.868022769153994e-05
 7.934544028143087e-05
-0.001038388830406023
-0.0008120428855824535
-0.0005483613792169328
-0.0008727149671374224
-0.002156125792167396
-0.0005390301799053643
-0.0004713603716351433
-0.002555152297221197
-0.0017991080730208608
-0.0016334324157029623
-0.0021024613045986795
-0.003159525287780407
-0.0017967781885230294
-0.0018037795033367665
-0.0040835831270181755
-0.0016311043252544288
-0.0015541006265987756
-0.0030825260742479155
-0.002501492294775587
-0.0021374714667660166
-0.0017081134060579206
-0.0026998401565412333
-0.0013347595846874838
-0.0009614048662923702
-0.0019741328701430305
 0.00026366645275432976
-0.00031036870297812547
-0.0010594143034385883
-0.00031037049702736796
 0.00025432897427030143
 0.0011760497528131575
 5.5982009529331744e-05
 0.0005833459192850499
 0.0013627248694491056
 0.0008050240218912541
 0.0015470674105133586
 0.0018947539303483252
 0.00116670958325521
 0.0012973831516275292
 0.002410448683072941
 0.001666070027805222
 0.001269378789397091
 0.002636792833847268
 0.002681127916153714
 0.0013697154199672212
 0.0011223664277270617
 0.0020137520625169714
 0.0015937260981451762
 0.0007396742308478643
 0.0019647464469192966
 0.0025014442470605025
 0.0010103543609532584
 0.0006696664648581652
 0.0011246927241262972
 0.0012740340732695365
 2.3291864588825817e-05
 0.000443316034911323
 0.0010896870470821218
-0.000809760543390381
 0.00016329663227265812
 0.0006019885833661864
-1.87160242937634e-05
-0.0006604218853210608
-0.0009427729665069107
 0.0008586669808687275
-0.00019373005712031155
-0.00047841461090247783
 6.061666183510006e-05
-0.0007981021506549002
-0.000247403514935407
-0.0006347608629581059
-0.0005274220205495062
-0.0010314529983908027
-0.0014911479969009767
-0.0001377347880290869
-0.0015051506265285064
-0.0017665004543469531
-0.0015098193657705483
-0.0018691750426366727
-0.001654496460794963
-0.002216864253545614
-0.0010944648317146588
-0.0028632379567902766
-0.0030755848600848568
-0.0018691804247845112
-0.0034162736532046822
-0.002870241962677933
-0.003019585105870526
-0.002576226209584198
-0.002727902825373052
-0.0026298978733499956
-0.0019368574092518132
-0.0036099581578761253
-0.003353277069299665
-0.0013768266771961302
-0.00225888021564985
-0.0034302843560539142
-0.0003874369874076744
-0.0018715264557258027
-0.002429227303283654
-0.0003547710621323863
-0.0026555759391811984
-0.0007677975057397424
-0.001194823887900709
-0.00031043867089980415
 0.0021443736034603145
-0.0014585089823648256
 0.000762956032358042
 0.0009146308540975978
-0.0013325041532345483
 0.0020393628515003592
 0.0011899779293957358
 0.0005646063765430975
 0.0012063104435211525
 0.001350984847471648
 0.002823405158758563
-0.0003361176337555727
 0.00035225588514992134
 0.002963410823467072
 0.00023558046128197008
 0.0009332878705730074
 0.0016893320947733437
 0.0009472869121019412
 4.889906547356215e-05
-0.0008004858566309503
 0.0012716369119238902
-0.00036646174775484264
-0.0012041793068774953
 0.0004852539558722335
-0.00017978663111889448
-0.0002591255964201622
-0.0007351549031049953
-0.0003174642053788146
-0.0020138996799669018
-0.0016148767630116412
 0.0006229225598857191
-0.0013465292084779978
-0.0005881515116812897
-0.0007491620178556868
-0.0015402101250509004
-0.0006021550383334406
-0.0017012215282499188
-0.0019252357945264698
-0.0011038543376276633
-0.0016172192058543922
-0.001946239738967681
-0.0018739029855047717
-0.002893631407144548
-0.0020699164776493695
-0.002604282599243557
-0.003871359116098927
-0.0022332622504694366
-0.0027676283720635686
-0.0036146798215717646
-0.0029776426997864536
-0.002473613515994455
-0.0031759896645274788
-0.004209718921745542
-0.0034676755331234377
-0.0025972911517007646
-0.0027116322059477227
-0.003642688668925309
-0.0027653038697135757
-0.0025389579248900063
-0.004011380030226219
-0.0029519843684973623
-0.0023266146096939666
-0.004188726638624518
-0.0035190209004899997
-0.0017385822064817646
-0.003376680866160553
-0.003143334503547812
-0.0022636162317396513
-0.003666034159184761
-0.003199340536934714
-0.0022682858680063145
-0.0019392671289423236
-0.0027909855236432635
-0.0035423645967000983
-0.0015122443348798975
-0.0016895891492289539
-0.003878387341651801
-0.0024596369000813856
-0.0009685488080234395
-0.002870329871092425
-0.0025879805839558734
-0.0003758494596185491
-0.0018132694760091828
-0.0027163242678303057
-0.0018132712700584253
-0.0010735613540327482
-0.0008285476284382032
-0.0010128928605763199
 0.00018651115693496534
 0.00014217428057922143
-0.0003548562794729593
 0.00029384820529426703
 0.0011012288266147308
 0.0005201932530931597
 0.0004058521988462571
 0.0024033038443172505
 0.0007138687875182237
-7.251237448419046e-05
 0.0029236655422345548
 0.0020509458941662673
 0.000646194494124841
 0.0016075843068060758
 0.0020159411141467687
 0.0021139460661697695
 0.0024056292436918647
 0.003819712740069481
 0.0031570056256747803
 0.0006881907216871319
 0.0025689687373394166
 0.004804434587640516
 0.0033273455371115035
 0.0026319698063675956
 0.0027906450458963783
 0.002538629108463364
 0.002811644505214428
 0.0029399846009903197
 0.002797641875586898
 0.001850251104434708
 0.0019505895290541364
 0.002697299862868985
 0.0014442241815917911
 0.002039258796642407
 0.002806970383824603
 0.00135321605925931
 0.0014465540660896226
 0.002265602050392057
 0.0024826141048301387
 0.0018969115861157682
 0.0018292399837963047
 0.0014138809646172534
 0.0009728537468779996
 0.002606283667314746
 0.0014582142528744013
 0.00028681011247039256
 0.001474546766999707
 0.0013625391853491764
 0.0017988976638463883
 0.0015002122744859347
 0.0009051758653860764
 0.001357868652057892
 0.000639158195350209
 0.0006228229901509841
 0.0017312215764037076
 0.0006718241206256081
 0.00013512452643504869
 0.001770887919468167
 0.0006951561555154084
-0.00028723670458247197
 0.0005528125330873102
 0.0009285007240788512
 0.00017478817842558891
-0.001166959461513739
 0.0017475469143319322
 0.0016308723874886577
-0.0014703135901162345
 0.0003591280284158671
-1.656195662486093e-05
-0.001983680252392206
-0.0009032833372960014
 0.0016775364572683138
-0.00027091405772811106
-0.0027233946535411557
-0.0003059179407229884
-0.0006139372204688742
-7.235242436454126e-06
-0.0006326067952892034
-0.0020326912501378303
-0.0007679499999280748
-0.002490053673076309
-0.0003619275622084306
 0.0007278032432733172
-0.0020466965708392793
-0.0009616327105502753
 0.00011643073194961273
-0.00044360358820461077
-0.0010643081958646161
-2.8247260099478755e-05
 0.0005481195741801059
-0.0010223083802038402
-0.001120315126276139
 0.0011524862855669116
 0.00132982930586667
-0.0003969413124743082
 0.0010801459440054062
 0.002174543694679898
 0.001537504778845289
 0.0015725059707663025
 0.0021862083665878385
 0.00287691535808976
 0.0024732237018924574
 0.0026995696467160823
 0.003427612199759955
 0.003315604618109369
 0.003149927166742228
 0.0037706299803529353
 0.003504613207341689
 0.003992308082959084
 0.005315386148078138
 0.0039899728163134696
 0.0049700304097656245
 0.005922086332061316
 0.004370326158448401
 0.005411054039406227
 0.005719071525102926
 0.005350381957851313
 0.005488055944012693
 0.0054227178142896015
 0.006416776243319988
 0.006050420148664748
 0.006108756066549426
 0.006108755169524804
 0.004988687426240979
 0.005502050500418465
 0.004827676023041905
 0.004879011523137522
 0.0055603846242539
 0.004491653278090202
 0.0046806636613718755
 0.0037122716368522823
 0.003882614239362925
 0.005126354236205222
 0.002496529723067853
 0.003383248412665074
 0.004925672901843203
 0.0028558818118354368
 0.00382193856970936
 0.0032362360509949895
 0.002573528936600289
 0.003359908304553516
 0.0026761999367915235
 0.003847602283146234
 0.003392574229828804
 0.002018157973540269
 0.0025665231366633345
 0.0031195552449791997
 0.0027415317873420997
 0.0029725446773584685
 0.003541911093848882
 0.002785865075599303
 0.002767196397803706
 0.002494179207003344
 0.0031638849451378626
 0.0029935405485779776
 0.0016937954153734003
 0.0036095755199712642
 0.0035139022464953373
 0.002067148339719216
 0.0027741896393956855
 0.0028815284818042297
 0.001451108883202712
 0.0013951046438651082
 0.0026691797844603515
 0.0015024425892490312
 0.0020414738619866646
 0.0022678198068101785
 0.001581777966451814
 0.002953858956094735
 0.0015304397752822774
 0.0020834718835981425
 0.0026691726082632705
 0.0009260676817476887
 0.0022281444934993955
 0.002155805945987188
 0.0012924201883043884
 0.002284145144738403
 0.0016797748452531125
 0.0013694220929107992
 0.002120799371918447
 0.0014370910041563434
 0.001882783373039043
 0.0017381071750392496
 0.001292413012107252
 0.0015770957718402312
 0.0011710706430466122
 0.0014417525672012488
 0.0012970763692015108
 0.0008980516581970077
 0.00015367300292928876
 0.001112729343014096
 0.0009423849464542111
-0.00017068237904049877
 0.0012434011173370618
 0.0008047073721942355
-0.0003900314941735483
-3.067761135666647e-05
 0.00031467543588192814
-0.0008893973208713435
-0.0009010655808778245
-0.0003573673629475582
-0.0007167230398136271
-0.0010200753743668245
-0.001654780817605006
-0.001050412312168958
-0.0013607650645112157
-0.0014471044476016548
-0.0006093886825283001
-0.0013747685911634222
-0.0020888121026782502
-0.0014727762342603423
-0.0011040884610580282
-0.002298827327425812
-0.0023431642037815004
-0.001276768124263583
-0.0021331534641572114
-0.0024668409424632443
-0.002385170298614847
-0.0027888619548120386
-0.002702524365770842
-0.0039906021359935595
-0.003150552898323833
-0.0027608638717541156
-0.004151614436217255
-0.0032205597672889663
-0.0030595510551638117
-0.003339568663753234
-0.003962606744009556
-0.0027562023087092102
-0.001556798291197925
-0.0035565852033144774
-0.002861211266619923
-0.0021938390010817765
-0.002893881677018373
-0.00247385750669582
-0.0027958776220199932
-0.002317516636788086
-0.002714207875196162
-0.0035215902905660346
-0.0021098402667847904
-0.002347855368639462
-0.0032042407085332014
-0.0014634710486632896
-0.0022895212448040825
-0.0038786169799589487
-0.001302464130587433
-0.001393470458870616
-0.0028145561670865904
-0.0016291529851535924
-0.0014238082936973706
-0.0014471439166857114
-0.002392201215241585
-0.0012371331770614225
 0.0007906536121624064
-0.0020958528865760995
-0.0019651793182038357
 3.927274505627354e-05
-0.0009921230395653624
-0.0007214411154107259
-0.001045794703331271
-0.0010434621277595202
-0.000415758896359697
-0.0004437614645408372
-7.040674614572362e-05
-0.0010177975172979692
-0.0011624737152977072
-0.00039476212811556666
-0.0004040969155256757
-0.0007027823048860737
-0.0017248441991222774
-0.0010691392965659907
-0.0007844565368330669
-0.0012954879324635349
-0.00065378386548548
-0.001521836568360968
-0.0010318082201472012
-0.0006141175224210205
-0.0011414832262260366
-0.0005721168097355678
-0.0006094532683021958
-0.0004344437205988094
-0.0008988056643017273
-0.00037144175454600914
 0.0004102706682144186
 0.00027492836060011294
 0.0002912617717501509
 0.0007369541406327396
 0.0006016118330184894
-0.0006001274511384103
 0.0015793350568497067
 0.0018266822550405681
-0.00018710549265427145
 0.001282981346036327
 0.0013646519898847242
 5.090602110191522e-05
 0.0008652870602116058
 0.0016586668459538378
 0.0013739822921716716
 0.0011219663547387682
 0.0009259537596187362
 0.002356371564170956
 0.0011452983896285684
-0.0001264450724195454
 0.002585049187541655
 0.0015629872933054512
 0.000333246337992088
 0.00198534403919981
 0.0018009988070616378
 0.0003565783728818883
 0.00039857998259201777
 0.0012012936587197376
 0.00022356774381471212
-0.0001427883508405281
 0.00037757514112612967
-8.912027517327115e-05
-0.0009385051972777836
-0.0019302319477610963
-0.001043513258163875
-0.0013865346268553957
-0.0027936194994931385
-0.002336259767628579
-0.0027796204579642048
-0.0027166175948867277
-0.0031926469015715053
-0.0025602767249790492
-0.00266061694364772
-0.0037130139816367036
-0.0029733040656110266
-0.004070037082931133
-0.003183318393333856
-0.0034446682211523028
-0.0035636762205920602
-0.0027166265651331067
-0.004091042821421642
-0.0025159497158943056
-0.0022779364080888764
-0.0033536681720415795
-0.002968646090664606
-0.002312941188108375
-0.0026629629745890115
-0.002543956769198552
-0.0014518924911204878
-0.0020235941742566266
-0.0015965695861449025
-0.0018322512154032577
-0.0007448538825179374
-1.9144802070436562e-05
-0.001232551449209196
-0.00015448800670936347
-0.0011485482297890481
-0.0004765090190581578
 0.000743896251820475
-4.824034472994398e-07
 0.0006225538827597799
-0.00014049255327891474
 0.0010309097930758515
 0.0013039251898269155
-0.00025250192897874335
 0.001404262717421667
 0.0010495739857482866
 0.0004382032684738246
 0.0020506319355432234
 0.001019236150921532
 0.0007018829807901028
 0.0012082456371785288
 0.000846556487715977
 0.0012245781513038345
 0.000664543831149611
 0.002038958293388904
 0.0017729415203776577
 0.00041952651745646996
 0.0021066263076097713
 0.0012175723513668801
 0.0007765451336276818
 0.00042885681974341727
 0.0013389102353044136
 0.00258731717733951
 0.00017217214306841644
 0.001800935118312419
 0.0015652534890540082
 0.00093988193620137
 0.0024963072609577863
 0.0005781918897141969
 0.001546582120184492
 0.001042551142343251
 0.001023882464547654
 0.002472968049870794
 0.00040084348726665553
 0.001303896485038536
 0.0015699114640004286
 0.0006878579255466533
 0.0006528549395764527
 0.00033316829684865157
 0.0016679137249495657
 0.0011988848360538484
 0.0014508989794375649
 0.0020949365190119362
 0.0011288779670887705
 0.0012385502820936867
 0.0014858974802846592
 0.0018265835823304544
 0.0017589119800110464
 0.001744910247408138
 0.000844188928183387
 0.0014182222898665997
 0.0021952677674342835
 0.0008161845659529487
 0.0021135944325119116
 0.0023492742677210243
 0.0009421893950832816
 0.00227693482318414
 0.002283934343948635
 0.00111719714873737
 0.0021625919748879396
 0.0020902534273757323
 0.0019199090308158473
 0.0014485466693238136
 0.0014952152242266314
 0.0030283058230192728
 0.0016585565119234813
 0.001145191643696697
 0.002437934565062916
 0.002251255860328427
 0.0007018291593118842
 0.0012221926512784864
 0.0024309305591752595
 0.0010051779057664856
 0.0010938489674039986
 0.0023865918887702176
 0.001567542110418596
 0.0010728450229627873
 0.001772885904850141
 0.001117179208244612
 0.001308523064122602
 0.0015582037349098354
 0.0015745371460598734
 0.0017518801663596317
 0.000991167202917198
 0.0024729214045896564
 0.0023212447888008025
 0.001450858613328887
 0.0019152187629825068
 0.0023562441866724626
 0.0027179315420857164
 0.0007508132463183159
 0.0019828858801788085
 0.002447246029832484
 0.0006458042884076032
 0.0014788531082882694
 0.0016585296011843442
 0.0009211513637057411
 0.0002467768863291808
 0.0018848737519586711
 0.0007484717005002417
-0.00019425212545925996
 0.0016328560204764142
-0.00014291752238831945
-0.00017558703576220358
-0.00033193059674385683
-0.00033426496636485004
 0.00030510562801683294
-0.0018160218591112276
-0.0008873006627792557
-0.00023392923281934097
-0.0017506873174866766
-0.0006189540052702336
-0.00023393192389326023
-0.001869697110975621
-0.00162935033057382
-0.0013703357694010432
-0.001440340844316823
-0.001608351768280336
-0.002560409484625381
-0.0006492963252202055
-0.0007076340371541257
-0.002588413846855764
-0.0003459475787655486
-0.0005606279546565562
-0.00217072494317877
-0.00012660384578039308
-0.0005139611938029809
-0.0011836687259867973
-0.0005396311864124259
-0.001043662164253667
-0.00035528864534817295
-0.0014076856833371565
-0.0009946619308037197
 0.0004660910175013355
-0.00123501140227944
-0.00085932321128801
 0.0003820833129580259
-0.0002992915822076503
-0.000586309608586244
 3.672667762083526e-05
 0.00026773956763714857
-3.0945821723249445e-05
-0.000275961341367148
 0.0008744397516203262
 0.0005920886704345318
-0.00034830168292859787
 0.0015721453668620655
 0.0008907704716963893
-0.00028530061390041883
 6.93863237236636e-05
 0.000372736864227563
 0.000596749336454816
-0.00041597866739589984
 0.00011838566014898966
-0.0003249750301865806
-0.0015500490403072553
-2.3958859303729874e-05
 0.0004707364341028364
-0.0015873872929231259
-0.0005396589941761842
 0.0002840559353189942
-0.0017647339013214247
-0.0019024096815321023
-0.0015617235794862516
-0.0007053400336418103
-0.001692399838932379
-0.002121759693689773
-0.0009596912377204392
-0.002397111254111073
-0.003001481553596419
-0.0022571046923779425
-0.0008406877234039545
-0.002294442047969192
-0.003125159189302784
-0.0003203260254865947
-0.0028591451073654572
-0.0035685216736876524
-0.0011347106526948258
-0.0021381047661599983
-0.002189442060304858
-0.0024927943948580555
-0.001753084478832323
-0.0024764618807326944
-0.003064497872043437
-0.0006983575563454525
-0.0027028114136548043
-0.0034425231237297793
-0.001281728396512749
-0.002670145488379516
-0.0033188517671959294
-0.0018370975655235267
-0.0017880955380242813
-0.0023574637485639927
-0.0021311178037404788
-0.0009527150395965411
-0.0019631095708508295
-0.002399469843397284
-0.00040901861571546183
-0.0014870838522645924
-0.0020004487204913213
-0.0015477559338196167
-0.0012490723385084057
-0.0016224288509527618
-0.0031905233327402804
-0.001323746152666283
-0.0015290926381717473
-0.003416872865662446
-0.0020564592390014402
-0.0019281191432255484
-0.00290117811293783
-0.0025138225589644847
-0.002285143141544599
-0.003078524721336129
-0.003367876220311039
-0.0026771692288092286
-0.0030715269946209323
-0.004252265025410484
-0.0033538789728314033
-0.0033912154313980314
-0.004581287352573071
-0.004753965221729328
-0.003708570395578703
-0.004179932757070737
-0.006000042279266593
-0.0033375509438292594
-0.004186935865933772
-0.005573019485204167
-0.0038182489897560234
-0.004520625138289103
-0.003640906866480942
-0.005089994245853435
-0.004900983862571873
-0.002996871120955813
-0.0048846513484465115
-0.0047399769444959605
-0.0035149047284246393
-0.00378092150143583
-0.004578970026420159
-0.003951266795020392
-0.003339897871795172
-0.004760983580011202
-0.00393260170532328
-0.0024835161200000844
-0.003848598485903132
-0.0033095672131654985
-0.0024998531192486073
-0.0035055807053101518
-0.0034705795133891937
-0.0027028679262069977
-0.00192115550344657
-0.00277987431593657
-0.0028615467538342654
-0.0015991389762209374
-0.002238511364651863
-0.0029362205679921427
-0.0015431383249818742
-0.000941103292142198
-0.0019888333849384376
-0.0014521355847971762
-0.0009154377846560258
-0.0010741148182339955
-0.0012491261599866244
-0.0010157797973739946
-0.000563087010702179
-0.0014031380424212037
-0.0008897749682436618
-0.0006727629138056357
-0.0010157842824971564
-0.0001407329558817394
-0.0006540978241085793
-0.0011581288019498204
-0.00030874567389455043
-0.0002504097560098728
-0.00048142444007548413
 0.0005079670437622141
 0.00030728750344949374
 0.0004986313593274283
 0.00040529155844787335
 8.600320039742204e-06
 0.0018987122260775147
 0.0011123310640751005
 0.0010703276603157286
 0.001814704521534205
 0.0005452945320824076
 0.0013643425163848422
 0.001233667153963336
 0.0012803357088660983
 0.0018660364335312263
 0.0006899653479344181
 0.0016326873798446218
 0.0021670517073894557
 0.0007062969650351025
 0.0014926763329883297
 0.0025217368509642957
 0.0012499933889161818
 0.0010306460678324858
 0.0026524086252872614
 0.0019500324767542931
 0.000983973924831072
 0.0025427327221838603
 0.0020947050866554906
 0.0016093418895852252
 0.002136705799340999
 0.0018333534647877459
 0.0025310608740787832
 0.0011146421110555527
 0.0016816750549496495
 0.0029207481065992025
 0.000538271688677372
 0.002302376074511059
 0.0027877374775320263
 0.0008346200173428575
 0.0023513763079609507
 0.0018286775493486784
 0.0018823465220406121
 0.0022650351308212135
 0.00047526075237824816
 0.002167027487724238
 0.0017610023589306745
-0.0001034431425963045
 0.0017913357086342674
 0.0019033414962355
 0.0006479323423619898
 0.0007319364588068145
 0.0015183158267599861
 0.00122196390999596
 0.0002955743922111176
 0.0008976094250507383
 0.0010772859179468686
-0.00045580647489507076
-5.44716081962715e-06
 0.0004985820229723714
-0.0012001869242120877
-0.0010345112668941892
-0.0009225054792929566
-0.0013355310258756359
-0.0013822013748277517
-0.0018908992978617367
-0.0016178839011107282
-0.001746225790935918
-0.002194253426464232
-0.0020519124951101086
-0.0017018925026787146
-0.0021965895901345234
-0.0019212407207870874
-0.001043855921575354
-0.0023249332740089557
-0.001221201632948976
-0.0007871766270481917
-0.0023739388896067415
-0.0012072034884446636
-0.001433551227317531
-0.0009855253858384594
-0.000602836777057858
-0.0011768719327903132
-0.00046983063311389905
-0.0006565093378483877
-0.00011747806511075432
 0.0005008912759035256
 0.0005242251048426239
 6.686357892882189e-05
 0.0010119190834353975
 0.0014132754729869745
-0.0004978394804674435
 0.0007949034408987754
 0.0016536204593394777
 0.00015786362803954512
 0.0008929065988725338
 0.001672285549036645
 0.0009115725855942114
 0.0004355432789094338
 0.0007645620179734802
 0.0016419468171851581
 0.001347928373017504
 0.0007552254365140731
 0.0018402892968030216
 0.001700280043995972
 0.0008462281766987156
 0.0022206426389380085
 0.002108635057287367
 0.00019752010383300433
 0.0021226340988164116
 0.003625389553856162
 0.0015392641556737363
 0.0013992549028667423
 0.0031283571997547943
 0.002505319119498417
 0.0007038773780735363
 0.0032356942481140405
 0.004178416280024189
 0.0012055712952199205
 0.002605653956019305
 0.004260085129823399
 0.002892669291323924
 0.0028880014491065586
 0.0040290686517084895
 0.0045610995066569515
 0.0032380196474886547
 0.002691986162912663
 0.005142131492080093
 0.004010396385814297
 0.0016862567828018205
 0.0049181154317543
 0.005069790253493911
 0.0015485792085418448
 0.003497027929489027
 0.004495753303712102
 0.0023956270699515003
 0.0036510344297757125
 0.004299738914542883
 0.004019721305953405
 0.0031796702742343808
 0.0034620195613709326
 0.005384800083757912
 0.0031726671653713456
 0.0032846729529726337
 0.004796762298397983
 0.0035950230142410278
 0.004199391519677076
 0.004054715321677338
 0.0046124143751858915
 0.0037910311242378425
 0.0033453369613059003
 0.006705536603058948
 0.003914702480771692
 0.0029463104562521547
 0.005734809311893685
 0.004038373837305542
 0.004962428088444826
 0.004561069904843951
 0.0035833439899389252
 0.004862086075726801
 0.0039823660098694535
 0.004379055454228287
 0.004628736125015576
 0.004292715174113171
 0.004463057776623813
 0.003961360271378889
 0.0037116778065423017
 0.004820076392795025
 0.00433471319572476
 0.0029066270697195584
 0.005095423468093163
 0.004239038128199535
 0.002911291323838383
 0.005004415345760682
 0.004509718258304929
 0.0038353437809283686
 0.0029812919136310567
 0.0032706416185567244
 0.004148026417768513
 0.0024049214912529315
 0.0031843004414169873
 0.0038073367276240666
 0.002243909191029292
 0.0020688978492766075
 0.0019802249935897964
 0.00299995162118033
 0.002661597197681498
 0.0014061880438080432
 0.0026429276228612797
 0.0014061862497587452
-3.823418442100435e-05
 0.001287177353294422
 0.0005801342595687098
-0.00033225442263795646
 0.00013443919961209083
 0.00026044582279161066
 9.710184402078603e-05
-0.0012003098165874193
 4.343018025498857e-05
 0.0010468224996709186
-0.0017603459307909408
-0.000719618049833004
 0.0011704938562047684
-0.0003532646462516831
-0.0012983219448075567
-0.00024359322827138818
 0.001037482330112971
-0.0011139803007679805
-0.00174635227140979
 0.0011588202140504489
 0.0003304365453132285
-0.001401001018220438
 8.075318345202032e-05
-0.00048628155449131905
-0.0012329936823554655
-0.00024126872592139526
-0.0009553122374362788
-0.00039294623873498136
-0.000294941286711925
-0.0001666011909359777
 0.0009207961419492872
-0.0011256602220947598
-0.0011559962628722165
 0.0006967800816236047
-0.00011760275153538391
-0.000931985584694317
 0.000433094987159488
 0.0006314392608265385
-0.0014570196099522592
-0.0004792954890964207
 0.0008671173019864087
-0.0004816307557420907
-0.000607639172970853
-5.604140131176827e-06
 0.0004004191946131441
-0.0005049690698043507
-0.00015728254996932867
 0.00130113692573941
-0.0009343307186109873
-0.001538701018096278
 1.5390834063766512e-05
-0.0003742999865553043
-0.0010790096076846445
-5.694950749773886e-05
 0.0004890821830289549
-0.0006449863958331581
-0.0007219918885381094
-0.0007919969634538893
 0.00043307525261743196
 0.0004284074104000668
-0.0011933569411040623
-4.995626590575952e-05
 0.00011105244621939514
-0.000934344173980528
-0.00045131624355587707
-0.0005049870102971088
-0.00042098289385228416
 6.671198176511073e-05
-0.0009903520014166722
 0.00015304867378163056
-0.0009366839257493598
-0.0016133918757222365
 0.0005964057760186603
-0.0017604024433430787
-0.0014033820331225688
-0.0012050377594555184
-0.0016647327579656923
-0.0016553997646048257
-0.0028384712679907498
-0.0010696999369643745
-0.0019120844412798266
-0.0029971500956180175
-0.0026214619046265875
-0.001667072509734524
-0.0020264281866006484
-0.0027008026639772087
-0.0019097563508312376
-0.002703137930622823
-0.002227110417987288
-0.0019680958568145113
-0.0015270704331245555
-0.00195176334268915
-0.0017814207401785631
-0.00033933557264442804
-0.002185113293400376
-0.0020451058346426243
-0.001527075815272394
-0.0022387858541909056
-0.001578414006441875
-0.0020404424775484764
-0.0016040839990512645
-0.0007990368503270617
-0.0015200807796310611
-0.0020521134286288767
-0.00042101698078850225
-0.0008037073836183461
-0.0020754508456665155
 0.00016468194982727224
-0.0010020552453840481
-0.000523694260152141
-0.00033235040427415097
-0.0015760921951658013
 0.0006897087988881334
-0.0018421098652016688
-0.001844444234822662
 0.00010167101352809294
-0.0009647268600391778
-0.0012494114138213441
-0.0009110587843718654
 0.00028367828794667593
-0.0008573907087045529
-0.0018561178769769815
-0.00023902226471483878
 0.000358345822932038
-0.0016974444314974968
-0.0008480613034422269
 0.000815703760747355
-5.93493599173045e-05
-0.0004490401805363198
-0.0005097113650666119
-0.0008410653707763283
-0.0015761101356585594
 0.0006756900228171436
 0.0003676707430712023
-0.0006123886444302507
-0.00032303893950458296
 3.63149433122989e-05
 0.0010840432420592405
-0.0018608000715885642
-0.00021103584297721412
 0.0012357162697496094
-0.0005097221293622889
-0.0007080681970786373
 0.00040033038917408614
 0.00015064792433744367
-0.002059151521452751
-0.00043738896399786453
 0.00015064523326352441
-0.0008107463734668974
-0.0016414635148004897
 0.0006360048422353048
 5.963621390642215e-05
-0.002742865271362638
-0.0008574203105175537
-0.000677743817621479
-0.0010207651863129996
-0.0015527978353107597
-0.0006170762211896164
-0.0011071063634527367
-0.002903881159684818
-0.0011117751026947231
-0.0004654040905239798
-0.0020451659352933582
-0.001629808710163494
 0.0002253011069286437
-0.0016368109220019078
-0.002089505502722966
-0.0005377471231592934
-0.0015458081818173208
-0.0021478450087062395
-0.0017021526398235398
-0.00022973232853662484
-0.0010907846136230526
-0.001653152406373648
-0.0012401286538401557
-0.0016461537826338302
-0.0006684296617779917
-0.002164186493077924
-0.0020498472328803197
-0.0018188343428639508
-0.0031232464212613276
-0.0007291044344068798
 5.727493354629187e-05
-0.002385871771881265
-0.002154858881864896
-0.0011631339254308815
-0.0013451456849726262
-0.0019401820940724845
-0.002866571611857327
-0.0008504521856154135
-0.002353209434704462
-0.0029132437548586854
-0.0008294536233219851
-0.0034289429927065185
-0.0028689104666015375
-0.001993859139986176
-0.0019775257288361936
-0.0018001827085364352
-0.0023158810493595916
-0.0009461335323130982
-0.0024815593977514094
-0.002080203008199777
-0.001205151681584471
-0.002306551644097321
-0.0016858488304866137
-0.002007868945810787
-0.0016135129740483256
-0.0019075314182159797
-0.002007871636884706
-0.002133880054113524
-0.0017465245001401786
-0.0022458885327886757
-0.0031022738726823595
-0.0020615459917244783
-0.0029459330027746256
-0.0017861980194016636
-0.0026635846126627505
-0.0035269703703454947
-0.0017255304229698565
-0.002999607357614398
-0.002938937967133348
-0.0018468736890552284
-0.0019822159966694786
-0.003456971574602119
-0.003951668662057928
-0.0017138693391604565
-0.002693928726661965
-0.004910728590241276
-0.0035106459294418912
-0.003111623012486686
-0.004819725850056633
-0.00409168329701276
-0.001958890240952138
-0.003463980962637614
-0.005204752416556768
-0.002859613354226187
-0.0023135816636994377
-0.004773062677301654
-0.003680998399223534
-0.0025655993951816947
-0.0035479922552795196
-0.003372982707576133
-0.0027499464213691094
-0.002712611756851724
-0.00476840201128137
-0.004026358622659265
-0.0018212279161110567
-0.004131366683545357
-0.004563060010899012
-0.002759286590927057
-0.0039166898957528895
-0.004551395338991071
-0.003982028922500602
-0.0028736303362478788
-0.0032353194857104306
-0.004889752453563767
-0.0038630254081841175
-0.0035433405595056144
-0.004642407049422093
-0.0036576825107771938
-0.0034406704563390567
-0.004761416842911093
-0.0037346897975313875
-0.0035713476128099164
-0.0039680388512180476
-0.0035316803727208357
-0.0032656653937588875
-0.0030229851407607145
-0.0028923115723884507
-0.0017605782601720077
-0.0019962598894303074
-0.002689302147577899
-0.0017232453897039202
-0.0007315204332699055
-0.0017255806563495901
-0.0017232480807778394
-0.001286889602280683
-0.001877259066187742
-0.001207553328053279
-0.001305560074125578
-0.0006288539182018882
-0.0007431949724489018
-0.0014945740455057366
 0.0003698696619719444
-0.0008505374029559309
-0.00156458091447087
 0.00043053725840375145
-0.0002928401434966199
-0.0003441774376414797
-0.0004025151495754553
-0.0004258507725637961
 8.984577421006223e-05
-0.00030917893679444086
-8.0499519374444e-05
-0.00043985519624056835
-0.0005471958326984661
-0.0005751984008795508
-0.00018317590171346154
 0.000558867486908643
-0.0014479198429970808
-0.0006498731120620493
 0.0015319228685224395
-0.00016684607866201961
 0.0002811797628169965
 0.0008295449259401177
-0.0005658725837158207
-5.717645473102273e-05
 0.0016462576435968823
 0.0008622099541908401
-4.317831022671026e-05
 0.0006778638250280467
 0.0007408666881054682
 0.0011445565502534172
 0.00022516745025769058
 0.0012238928244808767
 0.001898265507808139
 0.00028116810149669824
 0.0018119252276930231
 0.00262163932160997
 0.0019939342961608486
 0.0014268995582175092
 0.0019332622146059353
 0.0033543461287726672
 0.001839921516701648
 0.002705638952931577
 0.0030999949246940384
 0.001746579921772795
 0.002626298193580956
 0.0016345714430976432
 0.003865370348205943
 0.003272667411702457
 0.0016229013890418642
 0.004731085990386574
 0.002735966023462655
 0.002507284811993471
 0.004271389197827102
 0.0035573456863121633
 0.0028829712089356585
 0.0022646000738720806
 0.004096375165000554
 0.003977367165560852
 0.0027429592650546897
 0.002502610690603646
 0.002238927390188772
 0.002136253698923729
 0.002171254890844687
 0.0035666706064513276
 0.0017022251049243486
 0.0017302258790561909
 0.0021852521383243784
 0.0017068893590431733
 0.00396335646271162
 0.002140913467919392
 0.0022085832761895574
 0.0027662823296981665
 0.002040571455201423
 0.0034079854996516
 0.002208579688091017
 0.0013988638001248277
 0.0014828679165696523
 0.0006918198093743833
 0.0018935572994820404
 0.001989228778908725
 0.0010628392611238824
 0.0021199014502563673
 0.0008668257689792291
 0.0014875285825899365
 0.0035806526045121245
 0.001636869034708499
 0.001188841399180185
 0.0027639345047076325
 0.002224901437920701
 0.0009531579758725872
 0.0021502285207875005
 0.0024442451709058566
-7.590613020197479e-05
-0.00023224969118362804
 0.0014921856605116801
 0.0008061438201532045
 0.0005657952457021609
 0.0016718603593585124
-0.0009206285922370161
-0.0012123135638082982
 0.0012541660735337357
 7.809498793687197e-05
 0.0007337998904931586
 0.0007407994112576533
 0.00018076509110342975
 0.0007501315075938986
-0.00041427221502104983
 0.001898198230960324
 0.0014525040680283263
-0.00109098195904328
 0.0007571274402598527
 0.00029276549655693485
 0.0006101168726390105
 0.001800186999764808
 0.0007454564891794524
 0.0012868212345133467
 0.001541168850493435
 0.0010978081601578649
 0.0029412506142682537
 0.004098652125044733
 0.002117532993699156
 0.003011252101085493
 0.003048586765602823
 0.0014571575578515295
 0.0034802774018826144
 0.0022202013028163603
 0.0010674649431832717
 0.0023158718852184235
 0.0022622011184771917
 0.00327026038308581
 0.0014968203128174484
-0.00013661140166854047
 0.000502759192713087
 0.0008714469659154567
 0.003659945821556987
 0.0010744572877506853
-0.0008903275354203433
 0.0007897718369438422
-0.0004983059332788753
 0.002476870730072467
 1.972318906673376e-05
-0.0020920704076757834
 0.0002367343464801941
-0.002465427817144872
-0.00014362348077795462
-0.00011328923404974045
-0.002591438028422932
-0.001886730201342779
-0.0022717540767689948
-0.00046331371160429624
-0.000437646410068826
-0.0018073957211646174
 0.0002927287185467975
 0.000486406047021104
-0.0019847423295629163
-0.0009626822293760107
-0.00032564510759075516
 0.00013171462427380431
-0.00012263478575552655
-0.0007316720304336166
 0.000864422328461123
-0.00206642014960845
-0.001347711486950065
 0.0006030707065933782
-0.001996418662791155
-5.497035963314412e-05
 0.0009694232131501335
-5.263868108607017e-05
-4.0972215128831646e-05
-0.0007060128021198486
 0.0009320840635095862
 1.5028436110231524e-05
-0.0012030451562213273
 0.0014244440902704825
 0.0013614394331437074
-0.00031399478807697667
-0.001613739921281554
-0.0003139965821262747
 0.0005820559978564899
-0.0010677100248041027
-0.001326726380026233
-0.0005030114505310546
-0.0004866780393810721
-0.0009347056749093863
 0.00012935693201221454
-0.0006033543602736446
-0.0012310593857227103
-5.265662157882822e-05
 0.00024136002853958338
 0.0006823854522295392
 0.0011584129648650743
 0.00121441541015338
-0.00030934309230307155
-9.466451046136193e-05
 0.0018164486489437581
-0.0002953449477987591
 0.00023201896195701455
 0.0017324409444004485
 0.0010370652136565406
 0.0026051579013948167
 0.0012424090080881411
 0.001543426075995613
 0.0019074469040052389
 0.0008923854275582066
 0.002294801560953963
 0.0017441011311851717
 0.0031978536617011666
 0.0027824946425221153
 0.0017300976045330207
 0.002668152691250536
 0.0026751522120150306
 0.004579264953630979
 0.0015760848250738757
 0.0022831261247503454
 0.005981679292977549
 0.0025048042273565496
 0.003020500774130408
 0.004338911894056774
 0.004070561648449156
 0.0031138369869114224
 0.002299454153752545
 0.004947944653611647
 0.004173230854591037
 0.0038092082325321686
 0.004786932353388007
 0.003557191398074533
 0.004138225177546917
 0.003879208822324842
 0.0038582066719328734
 0.004168557630225833
 0.0032491685302301065
 0.004205891397718542
 0.0033238378592647666
 0.003557184221877452
 0.0038885364335378703
 0.002033424822396379
 0.0026307929100433114
 0.0029038083067943754
 0.002416111637127738
 0.0019237480222682457
 0.0018584098925452097
 0.0009273534295676233
 0.0010183579638015083
 0.0011210298610173086
 0.0005236599793210783
 0.0021290882286013613
 0.00011063353571372225
 0.0008666777599140585
 0.0030951431924259865
 0.0005936596720890752
 0.00016663328992810866
 0.0013217013281083267
 0.0021780848739527126
 0.00018063143443242113
 0.0009273417682473251
 0.0020847432790238596
 0.0005773190847420118
 0.0014337026305863976
 0.0005843177084818851
 0.00011762229218259534
 0.0004909770105776534
 0.001725383117034518
 0.00019229072419257864
-0.0005100854243404451
 0.0017720498778880933
 0.0001036160744565251
 0.00012228295820282398
 0.0012610166882083829
 0.0017720462897895528
 0.0008409898268119664
 0.0006006412523608118
 0.0018630490299741953
 0.00045596415733639706
 0.0008293188757314551
 0.0007383125474482721
-0.0007317760852915689
 3.8268974487054574e-05
 0.00016194212507014694
 0.0009016520410958795
 3.3599338220391406e-05
-0.002110862874871444
-0.00017408151690617713
 0.0003322811394822489
-0.00027208916000309724
 0.000563293132473941
 0.0002529403801316277
-0.0008484595823812224
-0.0010584730130794862
 0.0013100007752148701
 0.0006169585170673342
-0.0015041689700607264
-0.00033043315110953264
 0.0005142830317529934
 0.000808299681871405
-0.001207821538419862
-0.0011751538190952204
-9.008995880627202e-05
-0.0011168187982352196
 0.0006449521150020399
 0.0003952696501655084
-0.0006781286411908782
-0.001247496851730645
 0.0008666284235590016
 0.001818684345854693
-0.0014411777683035476
 0.0014266591556146846
 0.0012096453071273605
-0.0009441507963499074
 3.824026969861949e-05
-0.00015077190763224113
-0.0008298133302015454
-0.0024842462980549374
-0.0007108080218357626
-0.001385182499212323
-0.0027199297213624796
-0.0018472118673435456
-0.0025262532899127943
-0.0023862458311550427
-0.002691931638304612
-0.0024562518030954994
-0.002297576563566772
-0.004110685667973568
-0.003541319251483044
-0.0018098834819986198
-0.00476639415862834
-0.0044023733306187696
-0.002859948841440585
-0.0039380140779897155
-0.004430377692849152
-0.005247093998604457
-0.003368649455548489
-0.004955411718107039
-0.004990414704077295
-0.002892623736962252
-0.004689398533194389
-0.0043277111777811905
-0.003919354370440442
-0.0031353084750836424
-0.0035226658231062302
-0.003884354972568782
-0.0022719263054993832
-0.003419995719939728
-0.002668618440932191
-0.002981304665870821
-0.0026686202349814336
-0.0017305651482640294
-0.0043463888258231664
-0.0017959041750116866
-0.0020409196946555297
-0.00286930336339275
-0.0020432549613011997
-0.002906640718983944
-0.00021381423979377479
-0.001877581098032599
-0.002488951815307061
-0.0009931967780563156
-0.0021972695348096982
-0.0020782633294192387
-0.0018309161312283218
-0.0017072429806451739
-0.0007621874761385983
-0.001305887488118218
-0.0013548913096666504
 0.00043721474732338894
-0.001403896028239815
-0.0007295233449125527
 0.0011209195269868966
-5.7485031206283566e-05
 0.0003998747006582759
 0.0013425967325684796
 0.0022059806962019257
 0.0011185815692673629
 1.0181188965396881e-05
 0.0014826015002523119
 0.0010509081728986014
-0.0002231687617458844
 0.0016086063293825337
 0.0013659242823350626
 0.00016651847077453485
 0.0008525585170837124
 0.0009575638868958292
 0.00012217980036954845
 0.00048386715578280226
 0.0022036355622852555
 0.0007545481829128176
-0.00014383966371556145
 0.0003765238282510963
 0.0006005363004782382
-0.0007645460654248093
-0.0013689163649101554
-0.0005568687983968923
-0.001604598891193132
-0.001175240830485036
-0.0011682413097205413
-9.951175760625208e-05
-0.0024469860865824478
-0.0036393914803538596
-3.184374338532914e-05
-0.001429594725637584
-0.0013269228284217838
-0.0006035472205707104
 4.749073679283233e-05
-0.0003795356453681342
-0.0026313375978930242
-0.00037253702162831637
-0.00017185927536478296
-0.0015182738604968549
-0.0011822547036438036
-0.0007225614991828722
-0.0003632076163659903
-0.0009442431898875614
-0.0007482323888168829
-0.0005078856084150263
-0.0003632112044645308
-0.0005125543476570682
 0.0006541810535050097
 0.00028315801365697
 1.0140822856719023e-05
 0.0021546012418991456
 0.0004745000754857176
 0.001221210409300566
 0.001074200738704345
-0.0003305506613370257
 0.0012702106427504578
 0.0006448390898977641
 0.0006448381928730873
-0.0003258873042428223
-0.00020221415365967443
 1.0130955585663237e-05
-0.0016559693752495885
-0.0005172356452439741
-0.0009139268836521608
-0.0008695918013456594
 0.0013495397407807808
-0.0004915710347824231
-0.0013666241554471381
-0.0004775719932534894
-0.0003725666234413172
 0.00018513243006723634
-0.0014249645584549775
-0.0006082500467489149
-8.321960958956875e-05
-0.001200953880277078
 0.0002364643420643131
-9.255619104897583e-05
-0.0013596327079043458
-0.0008182679625703959
 0.0004441398150429876
-0.00015089659405681521
-0.00026757112090020074
-0.00034224314100872455
-0.0004635846130447985
 0.0003577968438539525
-6.68960657105866e-05
 0.0017508781898396553
 0.0005211372345261811
-0.00024890961930162936
 0.001442857116044416
 0.0003204559001642182
 0.0011745059734121766
-0.0003002496045204084
 0.0006938088245100338
 0.0016972011439259083
-0.0004215928706057248
 0.0016178612815999638
 0.0011278311393369544
 0.0012281695639563273
 0.002096220472782573
 0.0011814983179795902
 0.001963210740740018
 0.002147554178828892
 0.002191889261135338
 0.0025115741098138966
 0.001617853208378206
 0.0012818322574758012
 0.0025839090692275635
 0.001323832970161254
 0.0014055036140097066
 0.0029199264320313723
 0.0019165323185661998
 0.0026212401456462975
 0.0020098694283718355
 0.002021535894329074
 0.0020005337439370496
 0.0007614588982381987
 0.003139266576918043
 0.0020612013403688567
 0.0012094829456679723
 0.0020565326011268703
 0.0012864857472990043
 0.0018535186911931012
 0.00036942922287497293
 0.0013774884874836468
 0.0015291633092232582
 8.707634763988059e-05
 0.0015011598440175522
 0.0011091355508022205
 0.0006447736070991916
 0.0003670894711061412
 0.0013494805371547236
 0.0010857972367398494
 0.0004230901223452044
 0.0019118447418067785
 0.0019678471870951397
 0.0017648341741859919
 0.0009177827246777959
 0.0010274550396827675
 0.00012206677526521714
 0.0005094223292385625
 0.0016014866073166822
-0.0001812873533372783
 0.001253797396407741
 0.0007801015623193353
 0.0005420864604646081
 0.0014498064034291769
 0.0003414060231272109
 0.0009621088367379182
 0.0007287606800758795
 0.0016131458970767842
 0.0017904889173765426
 0.0007450922971766749
 0.00034840105876848826
 0.0015641393844543772
 0.0013447920633706811
-0.0014600428944948063
-3.956891382439487e-06
 0.00033439573806709477
 0.00033206136844610157
 0.0003017253276685894
-0.00022097343094368282
 0.0003623938211250177
-0.0016350596183952182
 0.0008267530737540163
 0.0007077450743143698
-0.001919745966226738
 7.701501353041262e-06
 0.00025504869954401377
-6.69714157801038e-05
-0.0009326906460593309
 0.0001617071046151608
 0.00022937691288538176
-0.0008836904126093836
 0.0004347207073169268
 3.569599631247922e-05
-0.001341053732572428
-0.0014693956223976734
 0.00022470458554479933
 0.00025737230486938545
-0.0008416941850471482
-0.0008906980065955805
 0.0001733646003260203
 0.001139421358199999
 0.00011035904617467951
 0.0004417112578350424
 0.00028536769685344465
-0.000760028923346534
-0.00043334365687885956
-2.732032213453861e-05
-0.0002443341706218627
-0.0012570621744725785
-0.00024200249207478874
-0.0010727196334083255
-0.002006109568982395
-6.324450915029534e-06
-0.0010797227422713607
-0.0015160830148178706
-0.0011543956594046167
-0.0003983514352042805
 2.4006207714699634e-05
-0.0014250811716578493
 0.00013834457088768293
-4.133371605768987e-05
-0.0010727295006793813
-7.63375990525672e-05
-0.00022801421484147655
-0.00032835443351014737
-0.00048469799449185613
-0.0004403629121853547
-0.0002886880904457434
-0.0005220362471077267
-5.067567966493547e-05
 0.0007333702156918642
-0.000258356534791393
 0.0003483454432409716
 0.00033434371063811863
 0.00015233195109637387
 0.001620085317190545
 2.6322636842934788e-05
 0.0008477040937417413
 0.0010227136414450722
 0.0005910203140913617
 0.000847701402667822
-0.0007483947502762156
 0.0006540213831195407
 0.00010798789854354895
-0.000872071488957904
 0.0002759961314330872
-0.00042171307190713714
 0.00016632112535430732
-0.0002793730375776349
-0.0009560809875505671
 0.000847692432421443
 0.0001149811401355838
-0.000559393337241032
-0.00033071391982103515
-0.00123610218423853
-0.0008744148288252762
-0.0011427650744328943
-0.0013667793407093898
-0.0011894363204096314
-0.0028065337267210166
-0.0006574063624857907
-0.0011404360869596841
-0.004001274387138043
-0.0012267763670748
-0.0030328850536924246
-0.002500854198743907
-0.0007927531552232581
-0.0030468885803445755
-0.0006200779771408649
-0.002356182485867331
-0.002871880826690487
-0.0016118065216734756
-0.0033222428318397945
-0.001310790350790625
-0.002778545510934094
-0.0038659446378687123
-0.0018591591020122866
-0.0028182172361463365
-0.0047316656621971265
-0.003249911460524668
-0.0019525015939657608
-0.0033969220281455104
-0.003186910391496489
-0.003779613328000031
-0.0021555172979487724
-0.002913896788794723
-0.004381651948938192
-0.001702826305326255
-0.003683945436671887
-0.004311650462120953
-0.002757558609960964
-0.0025475469733119427
-0.0031589176905864047
-0.00371428506554794
-0.0030375789096243055
-0.0033385977715810755
-0.002836902060385449
-0.0028579042107774733
-0.003490276181419283
-0.0031495900793733766
-0.0011521384339024388
-0.002563890251732981
-0.004362998520561434
-0.001485827706257714
-0.002183536909597994
-0.0034926159331881146
-0.003338607638852076
-0.0017098446636081288
-0.0025405618049416656
-0.0049813750377728505
-0.002337551483106437
-0.002202210969541485
-0.003431951924854848
-0.0036419653555530562
-0.003518292204969964
-0.003004929130792422
-0.0032989475749601316
-0.003625634635476993
-0.002881257774258572
-0.003784312566079695
-0.005434078588740288
-0.0020575446388126917
-0.0034762968744323497
-0.004633700179258127
-0.0022465586101928503
-0.004664037117060316
-0.002958269546135983
-0.002451906889747557
-0.004038669152306162
-0.0027832617924818948
-0.002867267702975962
-0.0019875494311678565
-0.002409908868136079
-0.0024449118541062798
-0.001226840055824019
-0.0018008752115565296
-0.0017355388758827361
-0.0007344800290631781
-0.0009094913708158625
-0.001758876292920375
-0.0009164935826542209
-0.0001207803243155059
-0.0005524736516692719
-0.0007578201371747362
 0.0008592754750874065
 0.0007799365097860278
-0.0006878186503574413
 0.0010202823931632632
 0.0013096320980888754
 0.0003995768884786366
 0.0010762830444022708
 0.0020213385489088465
 0.0017133192691629051
-8.812247226197556e-05
 0.0012442894832426221
 0.002061003994948629
 0.0001405551511087233
 0.0022826820975548334
 0.0022780142553374683
-0.0004031466549201945
 0.0005792444111283879
 0.0027470395561345895
 0.002168337455209335
-0.000897846433449867
 0.002138000517407257
 0.003715427095531021
 0.001090269527586285
 0.0021496651893151975
 0.0019139835600568422
 0.0023153399496084193
 0.0014542876645219915
 0.0020563226973617232
 0.004226451314964352
 0.00146361886383356
 0.002488012436616893
 0.0029477056410778246
 0.0027610269363432804
 0.0034447335100560306
 0.0009595842978937785
 0.003274388216471469
 0.0031950492511701456
 0.0020889823434645516
 0.004004762448062471
 0.0028870281773749618
 0.0033933908337633323
 0.002399330610683703
 0.001979304646311797
 0.0033117166018163946
 0.0019302999277386879
 0.0021776471259296604
 0.0014612701418183494
 0.001997967941959611
 0.0026583397897086414
-7.415751766920442e-05
 0.0009759042536741647
 0.0034867198703472657
 0.0013235898764845655
-0.00017216695481542255
 0.002735339003241133
 0.0014052587262837202
 0.00046486837292053496
 0.002263974847699801
 0.0011555744673978352
 0.0010342329953617613
 0.000672543845899265
 0.0026326599298282516
 0.0018276109870548063
-0.0013855816751759953
 0.0012465745165085584
 0.0012395732016948213
 0.00038552133439750946
 0.0011462325037905896
 0.0008685483677975392
 0.0009688867924169675
-0.0009562289966157378
 0.00029917836320852986
 0.0017529308937245247
-0.000750886099208814
 0.0005955266918740154
 0.0010015500266183364
 4.9492310273402396e-05
 0.001332901341254078
-0.0001441877092748789
-0.0011102462611981
-0.00042420621488897803
-0.00031686737248043384
 0.0007051927277064718
 0.0006305207075978925
-0.00156994484780687
 0.0002688306611107194
 0.0006491857972949489
-0.00040087776809771825
 0.0014658994119763347
 1.4478560007524788e-05
 0.000747188058244086
-0.00017220104175164064
 0.0015592347277327279
 0.0027259701288948057
-0.0016819605026791584
 0.0016409035775318825
 0.0012465458117201789
-0.0005852310734575927
 0.001083200935924733
 0.0008381854162809455
 0.0016385656198123488
 0.00016614351447608033
 0.0004321584934380285
 0.0018765771335685355
 0.0007495089724955384
 0.0008918499038496619
 0.0023199342358055652
 0.0018299040935425004
 0.0008545116512337914
 0.00232459848992439
 0.0009945182129669217
 0.001148526507302905
 0.0018975703137141253
-0.00041490192631649103
 0.0015172124864559766
 0.0010528505427530588
 0.0011298542414087676
 0.002158914759384789
 0.0007751646127107104
 0.0016758841378862188
 0.0016012121177776395
 0.002644273471331837
 0.0022639165410983653
 0.0022032453565680177
 0.0026816063417999803
 0.0009128332167242514
 0.002319916295312807
 0.00266293586995503
 0.0012115150179861645
 0.0006421468074463976
 0.0018508847153432262
 0.0019465561947699106
 8.444416583924808e-05
 0.0012605134573868138
 0.0017668761137752398
 0.001043498711874813
 0.0007261455417433837
 0.0016945357722137344
 0.0023152385858244418
 0.0006281370016217869
 0.0013445121916837999
 0.0017832041427773837
 0.0005861318038131724
 0.0013071739390679293
 0.0006514672424624002
 0.00018710529875937132
 0.0014775147475292738
 0.00020577128548115997
-0.00020725426110157485
 0.00030610881307591153
 0.0003154418064367781
 0.0010621521402516265
-6.258254822499865e-05
 0.0007914675250230152
 0.0014518393727720458
-0.00023292873883412613
 0.001435503270548144
 0.0015311747499748285
 0.0008824684711584152
 0.0012511562443607294
 0.00046710855495463166
 0.0019861983181690968
 0.0012978230052143602
-0.0005922906948727658
-0.0001185966548336026
-0.00019793562013492583
-4.392732579894254e-05
-0.00024927381130440684
-0.0008419767478078932
 0.0001287469552587739
-0.0001816057970835394
-0.0009703204316823255
 0.00029442081852742996
 0.0002477504695752586
-2.9933666417791827e-05
 0.00025474909331513196
-0.00032161953501375073
-0.00015827735029222412
-0.00028895271271378586
-0.0013343493329136535
-0.0008046519505615635
-0.0008303210461463317
-0.0019083862826954068
-0.001885052453756364
-0.0017940479195224235
-0.0006553141895168646
-0.0022560772876535906
-0.002351750561129573
 0.0003900788425845181
-0.002328417629215096
-0.0016937139800262124
-0.00021195977835375412
-0.0023190864299035274
-0.001651714164365381
-0.0016540485339864297
-0.0012410247814529374
-0.001871063279498375
-0.0032524799535760818
-0.002473101003412026
-0.003261815638010812
-0.0037331779995029013
-0.0033178207743730925
-0.003964193580593134
-0.00418354090167683
-0.003429830150072921
-0.0036421770533675013
-0.004232546517274616
-0.003889526942632393
-0.003700516559350775
-0.0030331442938126285
-0.003875528798128025
-0.003782190791297768
-0.002699460403605136
-0.00475991760322747
-0.005037601739220576
-0.004349228220315027
-0.004675915280831944
-0.004307227507629574
-0.004421568561876532
-0.00431656319206436
-0.00402488001454232
-0.0036841939124964695
-0.00338084337199257
-0.0033505091252643004
-0.002277112627957212
-0.002109103498042997
-0.0023844541614396753
-0.001959763045924323
-0.0017590852996609008
-0.001243388752886987
-0.00213477618172625
-0.0016984177032290937
-0.0009890429309561966
-0.0018990981405664353
-0.0016050814904480237
-0.0009703778412591402
-0.0007533657868210586
-0.0011267222992654147
-0.0008957094092491014
-0.0009353793404121014
-0.0007510359023232271
-0.00022367199256745351
 0.0001216810546711411
 0.0006163763480776518
-9.300021824448779e-05
 0.0003853607669874193
 0.0008613882796229544
 0.00016367907628267453
 0.00028035180907670654
 0.0011064002111682014
 0.0008217156573860351
 0.0008053804521868102
 0.001633762326874677
 0.0005580305629219184
 0.0005556961933009252
 0.0008333785352446776
 0.0019931135186176396
 0.0020747841624660923
 0.0011787297884340853
 0.00233613129921062
 0.0006046937356769533
 0.0014307421377685037
 0.0011180559128298184
 0.000371343784965672
 0.0024481334987133674
-0.00017702406923131297
 0.000670025586227585
 0.0014214028652351773
-0.00012569036318499371
 0.0012930600783853663
 0.001554408112154515
 0.0013677294074200264
 0.000644352005519655
 0.001857756858609172
 0.0027351416578209053
 0.0013490580385505102
 0.0026814699940550524
 0.0025927971383682413
 0.0017224109628963258
 0.0032321668357252475
 0.002639463899221761
 0.0019674228944416283
 0.0026487959955580065
 0.003010483350971205
 0.0027187983793999226
 0.0021820987852094187
 0.0029614777353734745
 0.003187823680197044
 0.002284768888375921
 0.002998810605841562
 0.0046509083070492285
 0.0029614732502503127
 0.002469109635390876
 0.004060537049092872
 0.003054809463031327
 0.0030314738400429864
 0.0031178114290841275
 0.003495833092671985
 0.0029101305739576144
 0.001171692592634832
 0.002448101205826392
 0.002434099473223539
 0.0016477183112210692
 0.0019160667627793893
 0.0016150479008225638
 0.0020327385985488
 0.0028144510213092278
 0.0024760965978103955
 0.0019603982569872946
 0.0017993877508128975
 0.0020514018941965584
 0.0028121130635896385
 0.0011973491298746253
 0.0012183494862174071
 0.002893781913388793
 0.0005416406392197981
-0.00010239869440387128
 0.001666372636622504
 0.0007119814476811426
 0.0005323031607357698
 0.0005533035170784961
 0.0006116394349631737
 0.0016196986995718476
-0.00039408904812299195
 0.0009593241607488978
 0.001715368384949234
-0.0005574348209430591
 0.0008099792235071179
-6.737082248242654e-06
 0.0006956372722355386
 0.0002616104722854562
-0.0011361405099668542
 0.0004529534311387695
-0.0017661799050369131
-0.0006741156269588489
-3.007808738442197e-05
-0.0018455206643875344
-0.00028676186703474604
-0.0011151455357719664
-0.0005271113385104664
 0.0011179859449081397
-0.0007137909402696319
-7.675381848432083e-05
 0.0007912970903419247
-0.00016076062600300922
 0.0012393220347963196
 0.0003432676607643126
-0.0007978013358868608
 0.00025692738064919673
 0.0005556109759603522
 0.000296594620738333
-0.0009961500946771285
-9.309709690535906e-05
 0.0007959550652882896
 6.791071819517436e-05
 0.00029892360821148767
 0.0006396097102573384
 0.0008542882920991035
 0.0006652761147681874
 0.0011949734971202775
 0.002039689679982859
 0.0010432959843068024
 0.00010757257613641658
 0.001710667352820272
 0.0017690032707050052
 0.00016357322737542423
 0.0007819425683897596
 0.0008332780684853214
 0.0005999299118233936
 0.0010759574244588732
 0.000945282062037367
 0.00031991050918467323
 0.0002499054342687823
 0.0011086224527095956
 0.0013513027057077687
 0.0010199486999981633
 0.001911334334788073
 0.002130679861822582
 0.00078426527669051
 0.0015636442268545103
 0.0017596550279252998
 0.0020560051506400834
 0.0017129837819485627
 0.0009126017843678058
 0.002912386902435171
 0.0018063199947295772
 0.0009265999288721738
 0.0022753461925513196
 0.0021120022137805505
 0.0017923155710527494
 0.002408351439470713
 0.0026977011443963805
 0.0024456852069634216
 0.002569358357546514
 0.0022846738037643477
 0.0025833573990755587
 0.00226133728375133
 0.0019346502232344687
 0.002401343845484516
 0.0017153020051260959
 0.001148267267182701
 0.0013302772326752033
 0.0018459737794491171
 0.0016032917324015905
 0.0008565796045374996
 0.001243935158510845
 0.0011319275768603143
 0.001008252632227813
 0.0011039241116544973
 0.0013979407617729644
 0.0014632770974467024
 0.0005578888330292076
 0.0006932293465942707
 5.3856958163289725e-05
 0.0007772325660144186
 0.0008052333401462608
-0.0008118640661650689
 0.0001635265820942866
-0.0003288370327650947
-3.015343745393917e-05
 8.418582274366537e-05
-0.0010942187354495148
 0.00012852000802554553
 8.885007686254554e-05
-0.00017716669614870062
 0.0003921997203418237
 0.00016351850887258434
-0.00030317690742676096
-0.0002775096058912907
 2.5062086488891744e-06
 0.00042953079676061323
 0.0003198566877063991
-0.0013625779513034009
-9.78367010937009e-05
 0.0006582075231066353
-0.0009635568283974938
 0.00032451914777598123
 5.850237476479059e-05
-0.0003241880280651088
 0.00041318841536425177
-7.217478170601366e-05
 0.0007585405655782251
 0.0004505212858322838
 0.00024750827292319144
 0.0010968914009784059
 0.0003385119101324552
-9.784836241399919e-05
 0.0004061808213780549
 0.000543854807539379
 0.0001284957883603277
-5.5849443777789e-05
-4.4182977820605984e-05
-0.00035686920275929124
-0.0005785499964393592
 0.0005391824801988521
 2.815108456843962e-05
-0.0010592480423661788
 0.0005391797891249328
 0.0004061709541069991
 9.58182017646858e-05
-0.0003218742900107374
-0.0004968856317633663
-6.052715326620994e-05
-0.0010172518148039433
 0.00016348442193636625
-0.0005458921443858289
-0.0013766092857193657
-0.0008655796841381957
-0.0008282450196209212
 0.0004388297031852062
-0.0016496291675935915
-0.0013299443189150328
 0.00019381238949212065
-0.0012902770788260076
-0.00029621864979556545
-0.00022154842373628414
 4.797521087285261e-06
 0.00047849156112650393
-0.0004665657374293697
-6.287587528142069e-05
 0.0008845131018215269
 0.00017513653549938724
-0.0002635572096434391
 0.0007235008015978317
-0.00024022427772896204
-5.121389444734392e-05
-0.0006952532280710688
-0.0001258868115806
 0.0011061858222798926
-0.0008936010898367153
 0.0003921414137403878
 6.078740803072691e-05
 0.0003711383663237422
 0.0005648156947981042
-0.000765264582159364
 0.000681487530567515
 0.00010278542964226034
 2.4452109735340066e-06
-0.0002822393428086323
 0.0004154680664823496
-0.00041291560225481527
-0.0012669674695520716
 0.0005414728956126269
-0.0011036261818552773
-0.0002822447249564708
-0.0002752452041919762
-0.00028924693679488467
 0.0003197885138339629
-0.001161967481887738
 0.00015877711063494448
-0.0009682910504380526
-0.00045026103106782234
 9.343718686255498e-05
-0.0006929439751399147
-0.00015391270240228128
-0.0019343531904598144
-0.0005669391460096374
-0.00044559946802286143
-0.0016520056973725605
-0.00011658162598349175
-0.0003615971456273903
-0.001115309691280597
-0.0011129771157088464
-0.0010663085608060285
-0.0014116634020939212
-0.00043627275383445463
-9.248165722786084e-06
-0.0009006355945620492
 0.0002941014777564921
 7.008721147999664e-05
-0.0007069600601369852
-0.0005319505124335988
-0.0008703049359323756
-0.00037794311512223677
-0.0007092971208318977
-0.0005599557716886583
-4.590190776421199e-06
-0.0011083236258856988
-0.0003219442579324716
-0.0007886396742317614
-0.001939042561268478
-0.0005879628249929603
-0.0013090067542969597
-0.0006019654546204345
-0.0007209734540601365
-0.0018340407795549019
-0.001192336712576847
-0.0017943735394657656
-0.0015166911975220132
-0.0017547062993767404
-0.0018387122098708075
-0.0012110089784710398
-0.0017640428808361475
-0.0016147015316928526
-0.0006976476983427959
-0.0020557296464567276
-0.0019973937285719945
-0.001981060317422012
-0.0036494941208536358
-0.001936726132140243
-0.0024547579455597157
-0.001859723330509211
-0.0012880234414223701
-0.003780173071373738
-0.0013836976119229183
-0.0023474226912497675
-0.003269145263841866
-0.0011456860981667316
-0.0023194237111672233
-0.0008073343657418741
-0.00199273934172417
-0.002972798729225623
-0.0018503993073947234
-0.0029401319069257137
-0.00144671034227134
-0.002485106544682203
-0.0034091625898706734
-0.0017920669776085307
-0.002984472371379998
-0.003243488726602073
-0.002401106016335919
-0.0033204951163316454
-0.0033111621229708343
-0.0034721726291452315
-0.002928474411214854
-0.0005086642258003149
-0.0015027244488799996
-0.002802469582084577
-0.0021187630083718267
-0.0015610639548632732
-0.0013067163388831848
-0.0017757452277788466
-0.0009286955723200041
-0.001757079241057169
-0.002571462074216102
-0.0007723555994368358
-0.0019904291917683947
-0.0026041333816392287
-0.0012903892069056622
-0.0015050695827966698
-0.0011573830629616477
-0.001152717014793525
-0.0007326928444709724
-0.0005413489885930378
-0.0009030381380554786
-8.39901537530996e-05
-0.0006370240561182627
-0.0004106781112946378
 0.00015635483259945904
 0.00035469910626650947
 0.00023335763423049105
-0.001101389587919721
-0.00044335121276700695
-0.00046201989056271486
-0.0006416981775080877
-7.93321788066792e-05
-0.0007490397109905511
-0.0007327062998405687
 0.00020768225947331853
-5.36675683451282e-05
-0.0008797177644859766
-0.0002613484234716412
-0.00036168864214036756
-0.00039202468291787973
-7.000636164294916e-05
 0.00025901237742104177
 0.0004176876169498245
-0.0014724260831373015
-0.0013417525147649823
-0.00010267946311537379
-0.0006347121121131893
-0.0015867698284581233
-0.0014584297326822315
 0.00021700269448921006
-0.0010360729867879281
-0.0015424374372255412
-0.0012600881500889893
-0.002317152133270828
-0.0012927585604875502
-0.002095474030664568
-0.0016941176411130465
-0.0012834273611759817
-0.0027651833568976825
-0.0029075260823010485
-0.0033275520466729547
-0.0026531793633456924
-0.0030382032387719082
-0.0030242033002183533
-0.0029448661289662725
-0.0033135556962178847
-0.0024431713147952117
-0.0038502561874330654
-0.0036379110781876722
-0.0026135175054043946
-0.0027745280115788473
-0.003453569434148096
-0.0031478854210478247
-0.0024385106487749275
-0.0033625666939634535
-0.0020651568274044907
-0.0031828910980919445
-0.004293624950990393
-0.0021538314771405997
-0.0012554454245614632
-0.001932153374534451
-0.004195622690041201
-0.003619255855761616
-0.0010664377323537644
-0.001962492106385827
-0.002536527262118282
-0.003021890459188603
-0.003147898876417421
-0.001570472298293657
-0.0029775571709313997
-0.002121173625087014
-0.00295655771161335
-0.0035212589769603175
-0.00160781234495877
-0.003707938578719483
-0.0030102311694284456
-0.0029705630323147436
-0.002961230038953877
-0.0027605522926904547
-0.00244553438920464
-0.0015751500077820224
-0.003334589242472208
-0.0019275061638837077
-0.0020861831974616774
-0.0025878807027066575
-0.0026695531406043527
-0.003308925529035278
-0.002193526524993439
-0.001703498176779672
-0.001136465232885575
-0.0030219119877799017
-0.0020418543943277467
-0.0015564929913067238
-0.0014678219296691553
-0.0001447438645500454
-0.0020838604891609824
-0.0006581096298015066
-0.0001680812815876842
-0.0012274787373658946
-0.00114347462092107
 0.00037794861488976705
-0.0005111053413531241
-0.0017151780981064513
 0.00040594759497231125
-0.0009101318464069252
 0.0001632646509001634
-2.574752643069722e-05
-0.0013721621115627691
 0.0011293196147248996
 0.00015392717241613507
-0.00023343017560645274
 0.0007162922740928668
-0.0008401348447128476
-0.0003314387157280496
 0.0018153551759108044
 0.00022159249556313876
-0.00018676610582685216
 0.0017640160877167022
 0.001028971322834471
 0.0009309645767621166
 0.0008212904677079025
 0.001427992445740378
-6.076396777049409e-05
-0.0008471451297729637
 0.0022563725263790024
-0.00020777543241590202
-0.00023111105540429833
 0.0017616736448739512
 0.0008259502367035654
 0.0012973108041463566
-0.0002381150612919547
 0.0011619675995074297
 0.0021326913025741523
-0.00043646292305760115
 0.002205027159012385
 0.001045290381590236
-0.00043879908672789236
 0.003276088389673859
 0.000921613642908492
 0.0010312859579134082
 0.0017079921138370424
 0.0005109197748728866
 0.0018689999289375758
 0.00046891547408889345
 0.0015283111358177504
 0.001901665854212864
 0.0008866043777657762
 0.002130344374608184
 0.0022633514155768197
 0.002898055064765759
 0.002688041634067495
 0.00236368804614695
 0.0036704318030914007
 0.003756769392132542
 0.0031850677089964585
 0.003943445405793167
 0.0035140855510358837
 0.0027697068957681092
 0.005443865594187358
 0.005870890182299082
 0.004424136275522905
 0.004594478878033548
 0.004193120694432673
 0.0054415276364678244
 0.005434526321654032
 0.005835882711205609
 0.006675931948875391
 0.004326124147302768
 0.005961887540335886
 0.007613985241543608
 0.00557919624048131
 0.00560953048720958
 0.005730870165196356
 0.006365573814385295
 0.007046946915501617
 0.0047601428740310925
 0.005285173311190494
 0.006185892836365947
 0.004760140182957173
 0.005555853441295888
 0.00583820272843244
 0.005128826162110245
 0.004132432466434244
 0.005275833141632547
 0.006141550577862365
 0.004214101316233343
 0.004960811650048247
 0.005105486053998742
 0.0030753639981292435
 0.0037964061333840005
 0.005429836053820747
 0.0032690395325543076
 0.002267978891685507
 0.003584056539015501
 0.0024873235216953393
 0.002697335158344305
 0.0030683564041430467
 0.0020206263113467515
 0.0024243161734947005
 0.002305308174055054
 0.0018642809563158558
 0.0018082767169781966
 0.0008328842746694876
 0.001110566616613351
 0.0016962673412784235
 0.0013765806985505669
 0.000937886953407796
 0.0010662270491836878
 0.0014815842743134966
 0.0005155257223902754
 0.0005575273321003493
 0.00047118794900996575
 0.0003405125865883485
 0.0011945626598363623
 0.001227230379161004
-0.0002941946506991311
-0.00020552358906156254
 0.0009518779217150275
-0.0009265684153901832
-8.418570512408463e-05
 0.0010358802441105541
 0.0008188663956231745
 0.00019582831536685275
-0.0008565687226221863
 0.0009658724781207995
-0.0001075258132356427
-0.0007795668180157755
-0.00046454891453001634
-2.1190018243688602e-05
 0.0008795295069317643
-0.0006908984474521263
 0.0015352335124634298
-6.552958567335176e-05
-0.0008122417135374427
 0.0024989550036917385
-3.286366039800814e-05
 0.00043382996185198364
 0.0009868620701678488
 7.914033315398195e-05
 0.0005575013183858335
 0.0008421840781188128
 0.0009588568109128448
-0.0002615502540150305
 0.00040815548411943237
 0.0018992435761773785
 0.001936578240694764
 0.001502551440744626
 0.001626224591327774
 0.0018082345568202762
 0.0025432775276532094
 0.0012902018463760712
 0.0016332214210183493
 0.002652948048608883
 0.0014115397303136046
 0.002741618213221775
 0.0020929119344053615
 0.0021722491056573867
 0.0015655453335757241
 0.001084849081698147
 0.002981961405525091
 0.0011268497943835998
 0.0018968948541621677
 0.002396257092761478
 0.001388196034103506
 0.0024172565520795275
 0.002284247717061594
 0.002218909587338558
 0.0019715605950982873
 0.002582929518323507
 0.002288911074155797
 0.0025712603612922935
 0.003128959414800958
 0.0019808900003606134
 0.003019284408722067
 0.002960946696788147
 0.0029889474709199892
 0.001605197324245966
 0.0018478775772441391
 0.004230352201116727
 0.0026412564659618054
 0.0027649296165449533
 0.0027789295550985638
 0.0026155855763277946
 0.002057884728769943
 0.002153556208196572
 0.0031452811646306422
 0.002099884544430719
 0.0013951749233013233
 0.0019178718878642975
 0.002897929481316508
 0.0017801952106290542
 0.0005831228716648429
 0.0005224516871344953
 0.001616849437808987
 0.0012901623772920146
 0.0006624573518430044
 0.0007674627216551766
 0.0007207923727030607
 0.0002097609770726483
 0.0004151056685288701
 0.0021232067120495746
 0.0005201101413163656
 0.000249426423112431
 0.00012108453328729674
-8.192847962185112e-05
 0.0012621508388645508
-0.00012626625300221628
 0.0003357604240550871
 0.0014838280444461338
-0.00023594215610567293
-0.0005486283810443582
 1.3737617656994772e-05
-9.360301880084743e-05
-0.00040628924373947717
-0.0007516440850273698
-0.0008729855570634437
-0.0017060361709933525
 0.0001257389201351211
-0.0010199970217089072
-0.0015963656500377343
 0.00039641905024051516
-0.0030827894879768003
-0.0021867369079940913
-0.0013863567044626879
-0.0027327712895947043
-0.0024900910365965867
-0.0024340885913082255
-0.000679318095860082
-0.0031668007806187615
-0.003964849305603091
-0.001986065440903073
-0.0024364265490277592
-0.003246142436994004
-0.003288145840753376
-0.0017947242760990023
-0.001304695927885291
-0.0030851364159427686
-0.003528497106278339
-0.0010106810718161219
-0.001640719569861615
-0.003164478072318011
-0.0015963853845797349
-0.0009173457560597842
-0.001881070835386578
-0.0010223538169458202
-0.0004809890716118148
-0.0031178140025384105
-0.0017550669032809774
 0.0003637253172014132
-0.0007843440972389315
-0.00021497768074846269
-0.0007166751859933318
-0.000667673158494142
-0.0007213439252353737
-0.000826351089096844
 0.00156312395256486
 0.00010703615540325062
 0.000489724764183852
 0.0009260832426810639
-0.0013723881617714317
 6.6932456606050295e-06
 0.0011314261400879877
 0.0006367290526321789
-0.000656015662783338
 0.00020736830085021918
 0.00047805022500491123
 0.0008700727241709449
 0.0010427487992779594
-0.0011553832835303757
-1.431608092844483e-05
-0.0004786780246314182
 0.00017002646013575262
 0.00027036488475518095
-0.0009010392556488833
 0.0005900488364090628
-0.002065443875288453
-0.0005323532764957561
 0.00016068718760242628
-0.0012043951783006213
 0.0005387079541656625
-0.0026978194340288586
-0.0011693957804289057
 2.7674764486007586e-05
-0.0015404197173015666
-0.00045068891181987425
-0.0018274386407047816
-0.000254679007773706
-0.0005370300889595558
-0.0014797539149190575
-0.0005743674445508051
-0.0015450929416667702
-0.0007423792655389949
-0.0015194265371559212
-0.0006607095187151635
 0.0005293606084105784
-0.0008053866137395782
-0.0008100544559569434
-0.0008170557707707915
-0.0002406889364911513
 9.533022036195549e-05
-5.1679450234154434e-05
