
╔══════════════════════════════════════════════════════════════════════╗
║ KDEllipsPy · Inversion cinematica (NA)                               ║
║ Evento Calama  ·  2026-05-25                                         ║
╚══════════════════════════════════════════════════════════════════════╝

┌─[16:03:12 |    0.0s] Cargando KDEllipsPy
│  [32m✓[0m kdellipspy importado (numpy 2.4.6)

┌─[16:03:12 |    0.4s] Validando rutas
│  [32m✓[0m input.ctl : /home/alex/KDEllipsPy/inversions/2020-06-03/input.ctl
│  [32m✓[0m DATA      : /home/alex/KDEllipsPy/inversions/2020-06-03/DATA
│  [32m✓[0m output    : /home/alex/KDEllipsPy/inversions/2020-06-03/output

┌─[16:03:12 |    0.4s] Leyendo configuracion
│  Evento      : -23.247, -68.530, 123.4 km
│  Mecanismo   : strike 333 / dip 60 / rake -91  (doble cupla)
│  Banda       : 0.06–0.15 Hz   |  filtro causal
│  Ventana     : t1=0s  t2=128s  npts=256  dt=0.5s  (units=disp)
│  Estaciones  : 9  [A22F, A08F, A09F, PB19, A05F, PB06, A06F, A18F, A23F]
│  Mod. veloc. : 16 capas
│  Algoritmo   : Neighbourhood Algorithm  |  n_jobs=1
│  [32m✓[0m Configuracion leida

┌─[16:03:12 |    0.4s] Cargando datos observados
│  [32m✓[0m observed shape = (9, 3, 256)  (estaciones, comp, npts)
│  [32m✓[0m eje de tiempo  = 0 … 127.5 s (256 pts)

┌─[16:03:12 |    0.5s] Calculando tiempos P/S por estacion (azi_times)
│  [32m✓[0m azi_times_array shape = (9, 3)  (modelo iasp91)

┌─[16:03:12 |    0.5s] Construyendo modelo de inversion
│  [32m✓[0m NAInversionModel listo  (cache de Green ACTIVADO)
│  checkpoint en vivo → /home/alex/KDEllipsPy/inversions/2020-06-03/output/best_model_live.txt
│  NA: 50 iter · SS1=500 · SS=50 · resample=10 → ~3000 modelos directos

┌─[16:03:12 |    0.5s] Corriendo busqueda NA  (esto puede tardar)
[NA] Starting search: ni=500, ns=50, n=50, nr=10 -> expected evaluations=3000 (n_jobs=1)
NAI - Initial Random Search
[NA] iter=00000 eval=00001 misfit=2.204078e+00 best=2.204078e+00
[NA] iter=00000 eval=00002 misfit=9.971367e-01 best=9.971367e-01
[NA] iter=00000 eval=00003 misfit=6.691561e+00 best=9.971367e-01
[NA] iter=00000 eval=00004 misfit=1.328232e+00 best=9.971367e-01
[NA] iter=00000 eval=00005 misfit=9.678611e+00 best=9.971367e-01
[NA] iter=00000 eval=00006 misfit=8.918394e+00 best=9.971367e-01
[NA] iter=00000 eval=00007 misfit=8.393032e+00 best=9.971367e-01
[NA] iter=00000 eval=00008 misfit=9.650640e-01 best=9.650640e-01
[NA] iter=00000 eval=00009 misfit=3.003212e+00 best=9.650640e-01
[NA] iter=00000 eval=00010 misfit=1.278759e+01 best=9.650640e-01
[NA] iter=00000 eval=00011 misfit=1.345370e+00 best=9.650640e-01
[NA] iter=00000 eval=00012 misfit=9.896044e-01 best=9.650640e-01
[NA] iter=00000 eval=00013 misfit=1.884178e+00 best=9.650640e-01
[NA] iter=00000 eval=00014 misfit=1.507105e+01 best=9.650640e-01
[NA] iter=00000 eval=00015 misfit=9.262441e+00 best=9.650640e-01
[NA] iter=00000 eval=00016 misfit=3.507173e+00 best=9.650640e-01
[NA] iter=00000 eval=00017 misfit=4.910600e+00 best=9.650640e-01
[NA] iter=00000 eval=00018 misfit=7.093094e+00 best=9.650640e-01
[NA] iter=00000 eval=00019 misfit=9.795568e-01 best=9.650640e-01
[NA] iter=00000 eval=00020 misfit=2.349651e+00 best=9.650640e-01
[NA] iter=00000 eval=00021 misfit=1.400525e+00 best=9.650640e-01
[NA] iter=00000 eval=00022 misfit=8.439894e+00 best=9.650640e-01
[NA] iter=00000 eval=00023 misfit=2.072255e+00 best=9.650640e-01
[NA] iter=00000 eval=00024 misfit=2.768028e+00 best=9.650640e-01
[NA] iter=00000 eval=00025 misfit=5.919659e+00 best=9.650640e-01
[NA] iter=00000 eval=00026 misfit=5.701860e+00 best=9.650640e-01
[NA] iter=00000 eval=00027 misfit=1.277353e+01 best=9.650640e-01
[NA] iter=00000 eval=00028 misfit=4.261405e+00 best=9.650640e-01
[NA] iter=00000 eval=00029 misfit=4.418371e+00 best=9.650640e-01
[NA] iter=00000 eval=00030 misfit=3.616394e+00 best=9.650640e-01
[NA] iter=00000 eval=00031 misfit=9.362197e+00 best=9.650640e-01
[NA] iter=00000 eval=00032 misfit=1.096376e+00 best=9.650640e-01
[NA] iter=00000 eval=00033 misfit=1.547732e+01 best=9.650640e-01
[NA] iter=00000 eval=00034 misfit=1.146194e+01 best=9.650640e-01
[NA] iter=00000 eval=00035 misfit=2.905520e+01 best=9.650640e-01
[NA] iter=00000 eval=00036 misfit=1.986038e+00 best=9.650640e-01
[NA] iter=00000 eval=00037 misfit=7.624553e+00 best=9.650640e-01
[NA] iter=00000 eval=00038 misfit=2.926542e+00 best=9.650640e-01
[NA] iter=00000 eval=00039 misfit=1.839466e+01 best=9.650640e-01
[NA] iter=00000 eval=00040 misfit=7.872455e-01 best=7.872455e-01
[NA] iter=00000 eval=00041 misfit=4.627473e+00 best=7.872455e-01
[NA] iter=00000 eval=00042 misfit=2.632094e+00 best=7.872455e-01
[NA] iter=00000 eval=00043 misfit=1.291385e+01 best=7.872455e-01
[NA] iter=00000 eval=00044 misfit=1.039150e+00 best=7.872455e-01
[NA] iter=00000 eval=00045 misfit=1.796159e+00 best=7.872455e-01
[NA] iter=00000 eval=00046 misfit=1.880447e+00 best=7.872455e-01
[NA] iter=00000 eval=00047 misfit=1.024266e+00 best=7.872455e-01
[NA] iter=00000 eval=00048 misfit=4.594157e+00 best=7.872455e-01
[NA] iter=00000 eval=00049 misfit=9.667662e+00 best=7.872455e-01
[NA] iter=00000 eval=00050 misfit=8.118543e+00 best=7.872455e-01
[NA] iter=00000 eval=00051 misfit=9.310645e+00 best=7.872455e-01
[NA] iter=00000 eval=00052 misfit=1.462758e+01 best=7.872455e-01
[NA] iter=00000 eval=00053 misfit=1.075009e+00 best=7.872455e-01
[NA] iter=00000 eval=00054 misfit=9.307220e-01 best=7.872455e-01
[NA] iter=00000 eval=00055 misfit=2.322289e+00 best=7.872455e-01
[NA] iter=00000 eval=00056 misfit=9.064098e-01 best=7.872455e-01
[NA] iter=00000 eval=00057 misfit=1.806394e+00 best=7.872455e-01
[NA] iter=00000 eval=00058 misfit=1.529762e+01 best=7.872455e-01
[NA] iter=00000 eval=00059 misfit=5.363896e+00 best=7.872455e-01
[NA] iter=00000 eval=00060 misfit=3.188777e+00 best=7.872455e-01
[NA] iter=00000 eval=00061 misfit=9.152678e+00 best=7.872455e-01
[NA] iter=00000 eval=00062 misfit=2.351383e+00 best=7.872455e-01
[NA] iter=00000 eval=00063 misfit=8.553950e+00 best=7.872455e-01
[NA] iter=00000 eval=00064 misfit=1.106875e+00 best=7.872455e-01
[NA] iter=00000 eval=00065 misfit=1.916103e+00 best=7.872455e-01
[NA] iter=00000 eval=00066 misfit=6.954214e+00 best=7.872455e-01
[NA] iter=00000 eval=00067 misfit=1.247652e+01 best=7.872455e-01
[NA] iter=00000 eval=00068 misfit=4.739525e+00 best=7.872455e-01
[NA] iter=00000 eval=00069 misfit=2.402807e+00 best=7.872455e-01
[NA] iter=00000 eval=00070 misfit=1.104482e+01 best=7.872455e-01
[NA] iter=00000 eval=00071 misfit=3.055574e+01 best=7.872455e-01
[NA] iter=00000 eval=00072 misfit=1.166238e+01 best=7.872455e-01
[NA] iter=00000 eval=00073 misfit=4.271586e+00 best=7.872455e-01
[NA] iter=00000 eval=00074 misfit=4.534804e+00 best=7.872455e-01
[NA] iter=00000 eval=00075 misfit=2.065577e+00 best=7.872455e-01
[NA] iter=00000 eval=00076 misfit=1.722984e+01 best=7.872455e-01
[NA] iter=00000 eval=00077 misfit=1.273613e+01 best=7.872455e-01
[NA] iter=00000 eval=00078 misfit=2.461594e+00 best=7.872455e-01
[NA] iter=00000 eval=00079 misfit=5.474838e+00 best=7.872455e-01
[NA] iter=00000 eval=00080 misfit=4.592039e+00 best=7.872455e-01
[NA] iter=00000 eval=00081 misfit=8.539589e+00 best=7.872455e-01
[NA] iter=00000 eval=00082 misfit=9.745487e-01 best=7.872455e-01
[NA] iter=00000 eval=00083 misfit=9.718494e-01 best=7.872455e-01
[NA] iter=00000 eval=00084 misfit=9.391936e-01 best=7.872455e-01
[NA] iter=00000 eval=00085 misfit=4.242077e+00 best=7.872455e-01
[NA] iter=00000 eval=00086 misfit=5.807213e+00 best=7.872455e-01
[NA] iter=00000 eval=00087 misfit=1.697580e+00 best=7.872455e-01
[NA] iter=00000 eval=00088 misfit=1.994954e+01 best=7.872455e-01
[NA] iter=00000 eval=00089 misfit=1.484213e+01 best=7.872455e-01
[NA] iter=00000 eval=00090 misfit=7.222932e+00 best=7.872455e-01
[NA] iter=00000 eval=00091 misfit=1.442974e+00 best=7.872455e-01
[NA] iter=00000 eval=00092 misfit=1.099200e+01 best=7.872455e-01
[NA] iter=00000 eval=00093 misfit=3.755898e+00 best=7.872455e-01
[NA] iter=00000 eval=00094 misfit=2.088141e+01 best=7.872455e-01
[NA] iter=00000 eval=00095 misfit=9.002438e-01 best=7.872455e-01
[NA] iter=00000 eval=00096 misfit=4.656509e+00 best=7.872455e-01
[NA] iter=00000 eval=00097 misfit=4.057088e+01 best=7.872455e-01
[NA] iter=00000 eval=00098 misfit=5.650478e+00 best=7.872455e-01
[NA] iter=00000 eval=00099 misfit=9.691788e-01 best=7.872455e-01
[NA] iter=00000 eval=00100 misfit=3.455815e+00 best=7.872455e-01
[NA] iter=00000 eval=00101 misfit=9.440751e-01 best=7.872455e-01
[NA] iter=00000 eval=00102 misfit=2.246944e+00 best=7.872455e-01
[NA] iter=00000 eval=00103 misfit=6.165990e+00 best=7.872455e-01
[NA] iter=00000 eval=00104 misfit=1.047750e+01 best=7.872455e-01
[NA] iter=00000 eval=00105 misfit=3.440725e+00 best=7.872455e-01
[NA] iter=00000 eval=00106 misfit=2.539416e+00 best=7.872455e-01
[NA] iter=00000 eval=00107 misfit=8.538843e-01 best=7.872455e-01
[NA] iter=00000 eval=00108 misfit=3.014541e+00 best=7.872455e-01
[NA] iter=00000 eval=00109 misfit=1.615859e+00 best=7.872455e-01
[NA] iter=00000 eval=00110 misfit=1.162612e+00 best=7.872455e-01
[NA] iter=00000 eval=00111 misfit=2.253081e+01 best=7.872455e-01
[NA] iter=00000 eval=00112 misfit=1.115977e+00 best=7.872455e-01
[NA] iter=00000 eval=00113 misfit=9.349357e-01 best=7.872455e-01
[NA] iter=00000 eval=00114 misfit=3.616586e+00 best=7.872455e-01
[NA] iter=00000 eval=00115 misfit=7.564731e+00 best=7.872455e-01
[NA] iter=00000 eval=00116 misfit=6.712112e+00 best=7.872455e-01
[NA] iter=00000 eval=00117 misfit=2.060672e+00 best=7.872455e-01
[NA] iter=00000 eval=00118 misfit=2.096683e+00 best=7.872455e-01
[NA] iter=00000 eval=00119 misfit=2.630409e+00 best=7.872455e-01
[NA] iter=00000 eval=00120 misfit=2.258553e+00 best=7.872455e-01
[NA] iter=00000 eval=00121 misfit=6.429071e+00 best=7.872455e-01
[NA] iter=00000 eval=00122 misfit=1.925078e+01 best=7.872455e-01
[NA] iter=00000 eval=00123 misfit=1.019260e+01 best=7.872455e-01
[NA] iter=00000 eval=00124 misfit=4.241708e+00 best=7.872455e-01
[NA] iter=00000 eval=00125 misfit=1.036435e+00 best=7.872455e-01
[NA] iter=00000 eval=00126 misfit=9.921754e-01 best=7.872455e-01
[NA] iter=00000 eval=00127 misfit=2.721919e+00 best=7.872455e-01
[NA] iter=00000 eval=00128 misfit=9.236566e-01 best=7.872455e-01
[NA] iter=00000 eval=00129 misfit=6.421939e+00 best=7.872455e-01
[NA] iter=00000 eval=00130 misfit=7.833151e-01 best=7.833151e-01
[NA] iter=00000 eval=00131 misfit=1.983333e+00 best=7.833151e-01
[NA] iter=00000 eval=00132 misfit=3.828241e+00 best=7.833151e-01
[NA] iter=00000 eval=00133 misfit=2.178756e+01 best=7.833151e-01
[NA] iter=00000 eval=00134 misfit=1.891950e+00 best=7.833151e-01
[NA] iter=00000 eval=00135 misfit=6.568688e+00 best=7.833151e-01
[NA] iter=00000 eval=00136 misfit=1.227459e+01 best=7.833151e-01
[NA] iter=00000 eval=00137 misfit=2.203227e+00 best=7.833151e-01
[NA] iter=00000 eval=00138 misfit=6.677931e+00 best=7.833151e-01
[NA] iter=00000 eval=00139 misfit=6.668789e+00 best=7.833151e-01
[NA] iter=00000 eval=00140 misfit=1.279749e+00 best=7.833151e-01
[NA] iter=00000 eval=00141 misfit=2.139799e+00 best=7.833151e-01
[NA] iter=00000 eval=00142 misfit=8.224034e+00 best=7.833151e-01
[NA] iter=00000 eval=00143 misfit=2.334822e+00 best=7.833151e-01
[NA] iter=00000 eval=00144 misfit=2.832527e+00 best=7.833151e-01
[NA] iter=00000 eval=00145 misfit=4.286796e+00 best=7.833151e-01
[NA] iter=00000 eval=00146 misfit=1.803154e+00 best=7.833151e-01
[NA] iter=00000 eval=00147 misfit=9.416029e+00 best=7.833151e-01
[NA] iter=00000 eval=00148 misfit=5.514406e+00 best=7.833151e-01
[NA] iter=00000 eval=00149 misfit=3.730211e+00 best=7.833151e-01
[NA] iter=00000 eval=00150 misfit=1.009192e+00 best=7.833151e-01
[NA] iter=00000 eval=00151 misfit=3.063177e+00 best=7.833151e-01
[NA] iter=00000 eval=00152 misfit=5.326473e+00 best=7.833151e-01
[NA] iter=00000 eval=00153 misfit=5.071407e+00 best=7.833151e-01
[NA] iter=00000 eval=00154 misfit=8.935784e+00 best=7.833151e-01
[NA] iter=00000 eval=00155 misfit=1.114272e+01 best=7.833151e-01
[NA] iter=00000 eval=00156 misfit=3.361194e+01 best=7.833151e-01
[NA] iter=00000 eval=00157 misfit=8.372691e-01 best=7.833151e-01
[NA] iter=00000 eval=00158 misfit=8.920723e+00 best=7.833151e-01
[NA] iter=00000 eval=00159 misfit=9.931099e+00 best=7.833151e-01
[NA] iter=00000 eval=00160 misfit=9.297581e+00 best=7.833151e-01
[NA] iter=00000 eval=00161 misfit=3.061940e+00 best=7.833151e-01
[NA] iter=00000 eval=00162 misfit=1.015205e+00 best=7.833151e-01
[NA] iter=00000 eval=00163 misfit=3.957215e+01 best=7.833151e-01
[NA] iter=00000 eval=00164 misfit=1.779686e+00 best=7.833151e-01
[NA] iter=00000 eval=00165 misfit=3.572013e+00 best=7.833151e-01
[NA] iter=00000 eval=00166 misfit=2.093773e+00 best=7.833151e-01
[NA] iter=00000 eval=00167 misfit=2.921885e+00 best=7.833151e-01
[NA] iter=00000 eval=00168 misfit=1.361095e+01 best=7.833151e-01
[NA] iter=00000 eval=00169 misfit=9.347847e-01 best=7.833151e-01
[NA] iter=00000 eval=00170 misfit=2.936815e+00 best=7.833151e-01
[NA] iter=00000 eval=00171 misfit=9.078115e+00 best=7.833151e-01
[NA] iter=00000 eval=00172 misfit=1.284316e+00 best=7.833151e-01
[NA] iter=00000 eval=00173 misfit=3.588942e+00 best=7.833151e-01
[NA] iter=00000 eval=00174 misfit=1.025146e+01 best=7.833151e-01
[NA] iter=00000 eval=00175 misfit=8.617834e-01 best=7.833151e-01
[NA] iter=00000 eval=00176 misfit=2.630519e+00 best=7.833151e-01
[NA] iter=00000 eval=00177 misfit=1.477845e+00 best=7.833151e-01
[NA] iter=00000 eval=00178 misfit=2.234788e+01 best=7.833151e-01
[NA] iter=00000 eval=00179 misfit=7.264080e+00 best=7.833151e-01
[NA] iter=00000 eval=00180 misfit=8.758416e+00 best=7.833151e-01
[NA] iter=00000 eval=00181 misfit=9.978806e-01 best=7.833151e-01
[NA] iter=00000 eval=00182 misfit=1.017784e+01 best=7.833151e-01
[NA] iter=00000 eval=00183 misfit=2.099811e+01 best=7.833151e-01
[NA] iter=00000 eval=00184 misfit=1.013451e+00 best=7.833151e-01
[NA] iter=00000 eval=00185 misfit=3.019530e+00 best=7.833151e-01
[NA] iter=00000 eval=00186 misfit=6.584467e+00 best=7.833151e-01
[NA] iter=00000 eval=00187 misfit=9.844713e+00 best=7.833151e-01
[NA] iter=00000 eval=00188 misfit=1.269891e+01 best=7.833151e-01
[NA] iter=00000 eval=00189 misfit=8.718443e-01 best=7.833151e-01
[NA] iter=00000 eval=00190 misfit=9.414800e-01 best=7.833151e-01
[NA] iter=00000 eval=00191 misfit=9.728458e-01 best=7.833151e-01
[NA] iter=00000 eval=00192 misfit=2.248540e+00 best=7.833151e-01
[NA] iter=00000 eval=00193 misfit=2.050557e+00 best=7.833151e-01
[NA] iter=00000 eval=00194 misfit=3.728462e+01 best=7.833151e-01
[NA] iter=00000 eval=00195 misfit=3.365844e+00 best=7.833151e-01
[NA] iter=00000 eval=00196 misfit=9.752434e+00 best=7.833151e-01
[NA] iter=00000 eval=00197 misfit=4.387953e+00 best=7.833151e-01
[NA] iter=00000 eval=00198 misfit=1.368246e+01 best=7.833151e-01
[NA] iter=00000 eval=00199 misfit=9.693702e-01 best=7.833151e-01
[NA] iter=00000 eval=00200 misfit=4.221286e+00 best=7.833151e-01
[NA] iter=00000 eval=00201 misfit=3.485927e+01 best=7.833151e-01
[NA] iter=00000 eval=00202 misfit=6.136486e+00 best=7.833151e-01
[NA] iter=00000 eval=00203 misfit=5.822754e+00 best=7.833151e-01
[NA] iter=00000 eval=00204 misfit=4.932579e+00 best=7.833151e-01
[NA] iter=00000 eval=00205 misfit=4.256005e+00 best=7.833151e-01
[NA] iter=00000 eval=00206 misfit=1.012215e+00 best=7.833151e-01
[NA] iter=00000 eval=00207 misfit=1.562781e+00 best=7.833151e-01
[NA] iter=00000 eval=00208 misfit=8.531254e+00 best=7.833151e-01
[NA] iter=00000 eval=00209 misfit=1.816065e+00 best=7.833151e-01
[NA] iter=00000 eval=00210 misfit=9.125189e-01 best=7.833151e-01
[NA] iter=00000 eval=00211 misfit=2.188997e+00 best=7.833151e-01
[NA] iter=00000 eval=00212 misfit=8.881100e-01 best=7.833151e-01
[NA] iter=00000 eval=00213 misfit=1.193604e+00 best=7.833151e-01
[NA] iter=00000 eval=00214 misfit=9.971682e-01 best=7.833151e-01
[NA] iter=00000 eval=00215 misfit=5.612528e+00 best=7.833151e-01
[NA] iter=00000 eval=00216 misfit=3.039555e+01 best=7.833151e-01
[NA] iter=00000 eval=00217 misfit=9.098897e-01 best=7.833151e-01
[NA] iter=00000 eval=00218 misfit=1.319012e+01 best=7.833151e-01
[NA] iter=00000 eval=00219 misfit=1.182744e+01 best=7.833151e-01
[NA] iter=00000 eval=00220 misfit=3.161335e+01 best=7.833151e-01
[NA] iter=00000 eval=00221 misfit=8.553006e-01 best=7.833151e-01
[NA] iter=00000 eval=00222 misfit=3.469457e+00 best=7.833151e-01
[NA] iter=00000 eval=00223 misfit=1.532015e+00 best=7.833151e-01
[NA] iter=00000 eval=00224 misfit=2.771163e+00 best=7.833151e-01
[NA] iter=00000 eval=00225 misfit=6.564660e+00 best=7.833151e-01
[NA] iter=00000 eval=00226 misfit=3.266677e+00 best=7.833151e-01
[NA] iter=00000 eval=00227 misfit=4.100101e+00 best=7.833151e-01
[NA] iter=00000 eval=00228 misfit=6.224891e+00 best=7.833151e-01
[NA] iter=00000 eval=00229 misfit=6.243963e+00 best=7.833151e-01
[NA] iter=00000 eval=00230 misfit=9.030137e-01 best=7.833151e-01
[NA] iter=00000 eval=00231 misfit=1.350919e+01 best=7.833151e-01
[NA] iter=00000 eval=00232 misfit=4.201971e+00 best=7.833151e-01
[NA] iter=00000 eval=00233 misfit=3.319818e+00 best=7.833151e-01
[NA] iter=00000 eval=00234 misfit=9.186648e+00 best=7.833151e-01
[NA] iter=00000 eval=00235 misfit=2.456483e+00 best=7.833151e-01
[NA] iter=00000 eval=00236 misfit=2.049539e+00 best=7.833151e-01
[NA] iter=00000 eval=00237 misfit=1.541507e+01 best=7.833151e-01
[NA] iter=00000 eval=00238 misfit=4.301486e+00 best=7.833151e-01
[NA] iter=00000 eval=00239 misfit=1.111125e+01 best=7.833151e-01
[NA] iter=00000 eval=00240 misfit=8.648184e-01 best=7.833151e-01
[NA] iter=00000 eval=00241 misfit=7.414475e+00 best=7.833151e-01
[NA] iter=00000 eval=00242 misfit=1.289947e+00 best=7.833151e-01
[NA] iter=00000 eval=00243 misfit=9.105198e-01 best=7.833151e-01
[NA] iter=00000 eval=00244 misfit=5.817028e+00 best=7.833151e-01
[NA] iter=00000 eval=00245 misfit=8.808163e+00 best=7.833151e-01
[NA] iter=00000 eval=00246 misfit=7.292531e+00 best=7.833151e-01
[NA] iter=00000 eval=00247 misfit=9.330033e-01 best=7.833151e-01
[NA] iter=00000 eval=00248 misfit=1.020568e+01 best=7.833151e-01
[NA] iter=00000 eval=00249 misfit=1.220168e+00 best=7.833151e-01
[NA] iter=00000 eval=00250 misfit=3.625691e+00 best=7.833151e-01
[NA] iter=00000 eval=00251 misfit=8.963113e-01 best=7.833151e-01
[NA] iter=00000 eval=00252 misfit=1.471699e+01 best=7.833151e-01
[NA] iter=00000 eval=00253 misfit=1.351589e+01 best=7.833151e-01
[NA] iter=00000 eval=00254 misfit=3.294644e+00 best=7.833151e-01
[NA] iter=00000 eval=00255 misfit=4.393435e+00 best=7.833151e-01
[NA] iter=00000 eval=00256 misfit=9.094790e-01 best=7.833151e-01
[NA] iter=00000 eval=00257 misfit=9.906485e-01 best=7.833151e-01
[NA] iter=00000 eval=00258 misfit=3.416986e+00 best=7.833151e-01
[NA] iter=00000 eval=00259 misfit=2.065452e+00 best=7.833151e-01
[NA] iter=00000 eval=00260 misfit=8.939064e+00 best=7.833151e-01
[NA] iter=00000 eval=00261 misfit=1.495196e+01 best=7.833151e-01
[NA] iter=00000 eval=00262 misfit=7.787350e-01 best=7.787350e-01
[NA] iter=00000 eval=00263 misfit=9.910274e-01 best=7.787350e-01
[NA] iter=00000 eval=00264 misfit=1.069885e+01 best=7.787350e-01
[NA] iter=00000 eval=00265 misfit=1.087405e+01 best=7.787350e-01
[NA] iter=00000 eval=00266 misfit=3.104520e+00 best=7.787350e-01
[NA] iter=00000 eval=00267 misfit=2.221833e+00 best=7.787350e-01
[NA] iter=00000 eval=00268 misfit=1.628036e+00 best=7.787350e-01
[NA] iter=00000 eval=00269 misfit=9.298093e+00 best=7.787350e-01
[NA] iter=00000 eval=00270 misfit=2.342529e+01 best=7.787350e-01
[NA] iter=00000 eval=00271 misfit=9.106551e-01 best=7.787350e-01
[NA] iter=00000 eval=00272 misfit=2.358785e+00 best=7.787350e-01
[NA] iter=00000 eval=00273 misfit=1.903026e+00 best=7.787350e-01
[NA] iter=00000 eval=00274 misfit=1.932757e+01 best=7.787350e-01
[NA] iter=00000 eval=00275 misfit=1.872402e+00 best=7.787350e-01
[NA] iter=00000 eval=00276 misfit=4.185814e+00 best=7.787350e-01
[NA] iter=00000 eval=00277 misfit=6.108340e-01 best=6.108340e-01
[NA] iter=00000 eval=00278 misfit=9.543024e-01 best=6.108340e-01
[NA] iter=00000 eval=00279 misfit=4.088302e+00 best=6.108340e-01
[NA] iter=00000 eval=00280 misfit=1.201209e+00 best=6.108340e-01
[NA] iter=00000 eval=00281 misfit=9.748912e-01 best=6.108340e-01
[NA] iter=00000 eval=00282 misfit=9.763331e-01 best=6.108340e-01
[NA] iter=00000 eval=00283 misfit=1.230783e+01 best=6.108340e-01
[NA] iter=00000 eval=00284 misfit=9.430654e-01 best=6.108340e-01
[NA] iter=00000 eval=00285 misfit=1.517316e+01 best=6.108340e-01
[NA] iter=00000 eval=00286 misfit=3.229384e+00 best=6.108340e-01
[NA] iter=00000 eval=00287 misfit=1.202336e+01 best=6.108340e-01
[NA] iter=00000 eval=00288 misfit=6.532529e+00 best=6.108340e-01
[NA] iter=00000 eval=00289 misfit=3.726473e+00 best=6.108340e-01
[NA] iter=00000 eval=00290 misfit=9.966629e-01 best=6.108340e-01
[NA] iter=00000 eval=00291 misfit=5.248117e+00 best=6.108340e-01
[NA] iter=00000 eval=00292 misfit=1.611319e+00 best=6.108340e-01
[NA] iter=00000 eval=00293 misfit=4.833544e+00 best=6.108340e-01
[NA] iter=00000 eval=00294 misfit=5.358762e+00 best=6.108340e-01
[NA] iter=00000 eval=00295 misfit=1.086917e+00 best=6.108340e-01
[NA] iter=00000 eval=00296 misfit=1.097960e+00 best=6.108340e-01
[NA] iter=00000 eval=00297 misfit=3.034124e+00 best=6.108340e-01
[NA] iter=00000 eval=00298 misfit=5.374489e+00 best=6.108340e-01
[NA] iter=00000 eval=00299 misfit=5.576789e+00 best=6.108340e-01
[NA] iter=00000 eval=00300 misfit=1.342724e+01 best=6.108340e-01
[NA] iter=00000 eval=00301 misfit=3.287526e+00 best=6.108340e-01
[NA] iter=00000 eval=00302 misfit=1.353388e+01 best=6.108340e-01
[NA] iter=00000 eval=00303 misfit=4.375469e+00 best=6.108340e-01
[NA] iter=00000 eval=00304 misfit=4.251211e+00 best=6.108340e-01
[NA] iter=00000 eval=00305 misfit=2.736288e+00 best=6.108340e-01
[NA] iter=00000 eval=00306 misfit=3.415542e+00 best=6.108340e-01
[NA] iter=00000 eval=00307 misfit=5.205967e+00 best=6.108340e-01
[NA] iter=00000 eval=00308 misfit=4.480229e+00 best=6.108340e-01
[NA] iter=00000 eval=00309 misfit=3.707045e+00 best=6.108340e-01
[NA] iter=00000 eval=00310 misfit=2.860806e+01 best=6.108340e-01
[NA] iter=00000 eval=00311 misfit=8.432994e-01 best=6.108340e-01
[NA] iter=00000 eval=00312 misfit=1.001085e+00 best=6.108340e-01
[NA] iter=00000 eval=00313 misfit=4.814307e+00 best=6.108340e-01
[NA] iter=00000 eval=00314 misfit=3.174827e+00 best=6.108340e-01
[NA] iter=00000 eval=00315 misfit=6.818095e+00 best=6.108340e-01
[NA] iter=00000 eval=00316 misfit=3.582042e+00 best=6.108340e-01
[NA] iter=00000 eval=00317 misfit=2.141370e+00 best=6.108340e-01
[NA] iter=00000 eval=00318 misfit=6.373897e+00 best=6.108340e-01
[NA] iter=00000 eval=00319 misfit=9.736048e+00 best=6.108340e-01
[NA] iter=00000 eval=00320 misfit=4.124490e+00 best=6.108340e-01
[NA] iter=00000 eval=00321 misfit=2.734769e+01 best=6.108340e-01
[NA] iter=00000 eval=00322 misfit=4.012450e+00 best=6.108340e-01
[NA] iter=00000 eval=00323 misfit=2.574519e+00 best=6.108340e-01
[NA] iter=00000 eval=00324 misfit=7.362568e-01 best=6.108340e-01
[NA] iter=00000 eval=00325 misfit=1.061801e+01 best=6.108340e-01
[NA] iter=00000 eval=00326 misfit=8.940991e-01 best=6.108340e-01
[NA] iter=00000 eval=00327 misfit=5.349519e+01 best=6.108340e-01
[NA] iter=00000 eval=00328 misfit=7.242470e+00 best=6.108340e-01
[NA] iter=00000 eval=00329 misfit=7.987999e+00 best=6.108340e-01
[NA] iter=00000 eval=00330 misfit=9.023177e+00 best=6.108340e-01
[NA] iter=00000 eval=00331 misfit=4.867467e+00 best=6.108340e-01
[NA] iter=00000 eval=00332 misfit=3.843267e+01 best=6.108340e-01
[NA] iter=00000 eval=00333 misfit=6.546631e+00 best=6.108340e-01
[NA] iter=00000 eval=00334 misfit=3.936165e+00 best=6.108340e-01
[NA] iter=00000 eval=00335 misfit=9.062775e-01 best=6.108340e-01
[NA] iter=00000 eval=00336 misfit=1.019476e+00 best=6.108340e-01
[NA] iter=00000 eval=00337 misfit=3.352090e+00 best=6.108340e-01
[NA] iter=00000 eval=00338 misfit=5.457407e+01 best=6.108340e-01
[NA] iter=00000 eval=00339 misfit=1.002893e+00 best=6.108340e-01
[NA] iter=00000 eval=00340 misfit=1.026653e+01 best=6.108340e-01
[NA] iter=00000 eval=00341 misfit=4.367169e+00 best=6.108340e-01
[NA] iter=00000 eval=00342 misfit=6.631413e-01 best=6.108340e-01
[NA] iter=00000 eval=00343 misfit=1.996126e+00 best=6.108340e-01
[NA] iter=00000 eval=00344 misfit=1.885518e+00 best=6.108340e-01
[NA] iter=00000 eval=00345 misfit=2.695951e+00 best=6.108340e-01
[NA] iter=00000 eval=00346 misfit=1.038277e+00 best=6.108340e-01
[NA] iter=00000 eval=00347 misfit=8.559635e+00 best=6.108340e-01
[NA] iter=00000 eval=00348 misfit=7.719387e-01 best=6.108340e-01
[NA] iter=00000 eval=00349 misfit=1.414956e+00 best=6.108340e-01
[NA] iter=00000 eval=00350 misfit=5.348533e+00 best=6.108340e-01
[NA] iter=00000 eval=00351 misfit=4.312967e+00 best=6.108340e-01
[NA] iter=00000 eval=00352 misfit=9.714732e-01 best=6.108340e-01
[NA] iter=00000 eval=00353 misfit=1.608308e+01 best=6.108340e-01
[NA] iter=00000 eval=00354 misfit=9.295203e-01 best=6.108340e-01
[NA] iter=00000 eval=00355 misfit=8.685646e+00 best=6.108340e-01
[NA] iter=00000 eval=00356 misfit=3.263882e+00 best=6.108340e-01
[NA] iter=00000 eval=00357 misfit=3.154338e+00 best=6.108340e-01
[NA] iter=00000 eval=00358 misfit=2.460107e+00 best=6.108340e-01
[NA] iter=00000 eval=00359 misfit=2.269471e+01 best=6.108340e-01
[NA] iter=00000 eval=00360 misfit=6.008238e+00 best=6.108340e-01
[NA] iter=00000 eval=00361 misfit=1.535577e+00 best=6.108340e-01
[NA] iter=00000 eval=00362 misfit=1.194848e+01 best=6.108340e-01
[NA] iter=00000 eval=00363 misfit=2.822056e+01 best=6.108340e-01
[NA] iter=00000 eval=00364 misfit=1.875520e+01 best=6.108340e-01
[NA] iter=00000 eval=00365 misfit=4.392213e+00 best=6.108340e-01
[NA] iter=00000 eval=00366 misfit=1.093220e+01 best=6.108340e-01
[NA] iter=00000 eval=00367 misfit=1.045659e+00 best=6.108340e-01
[NA] iter=00000 eval=00368 misfit=9.540374e-01 best=6.108340e-01
[NA] iter=00000 eval=00369 misfit=9.215728e-01 best=6.108340e-01
[NA] iter=00000 eval=00370 misfit=1.583766e+01 best=6.108340e-01
[NA] iter=00000 eval=00371 misfit=1.482025e+01 best=6.108340e-01
[NA] iter=00000 eval=00372 misfit=3.326318e+00 best=6.108340e-01
[NA] iter=00000 eval=00373 misfit=3.110092e+00 best=6.108340e-01
[NA] iter=00000 eval=00374 misfit=1.933585e+00 best=6.108340e-01
[NA] iter=00000 eval=00375 misfit=8.274199e-01 best=6.108340e-01
[NA] iter=00000 eval=00376 misfit=9.813322e-01 best=6.108340e-01
[NA] iter=00000 eval=00377 misfit=9.259404e+00 best=6.108340e-01
[NA] iter=00000 eval=00378 misfit=5.177033e+00 best=6.108340e-01
[NA] iter=00000 eval=00379 misfit=1.129704e+01 best=6.108340e-01
[NA] iter=00000 eval=00380 misfit=6.247427e+00 best=6.108340e-01
[NA] iter=00000 eval=00381 misfit=2.313848e+00 best=6.108340e-01
[NA] iter=00000 eval=00382 misfit=9.917005e+00 best=6.108340e-01
[NA] iter=00000 eval=00383 misfit=1.672587e+00 best=6.108340e-01
[NA] iter=00000 eval=00384 misfit=8.540100e-01 best=6.108340e-01
[NA] iter=00000 eval=00385 misfit=1.580599e+01 best=6.108340e-01
[NA] iter=00000 eval=00386 misfit=2.135107e+00 best=6.108340e-01
[NA] iter=00000 eval=00387 misfit=2.068028e+01 best=6.108340e-01
[NA] iter=00000 eval=00388 misfit=1.260161e+00 best=6.108340e-01
[NA] iter=00000 eval=00389 misfit=2.189038e+00 best=6.108340e-01
[NA] iter=00000 eval=00390 misfit=1.242662e+00 best=6.108340e-01
[NA] iter=00000 eval=00391 misfit=2.699041e+00 best=6.108340e-01
[NA] iter=00000 eval=00392 misfit=9.004361e+00 best=6.108340e-01
[NA] iter=00000 eval=00393 misfit=1.039418e+00 best=6.108340e-01
[NA] iter=00000 eval=00394 misfit=9.489451e+00 best=6.108340e-01
[NA] iter=00000 eval=00395 misfit=5.502604e+00 best=6.108340e-01
[NA] iter=00000 eval=00396 misfit=6.987318e+00 best=6.108340e-01
[NA] iter=00000 eval=00397 misfit=2.751785e+01 best=6.108340e-01
[NA] iter=00000 eval=00398 misfit=2.474949e+00 best=6.108340e-01
[NA] iter=00000 eval=00399 misfit=9.755615e-01 best=6.108340e-01
[NA] iter=00000 eval=00400 misfit=6.678862e+00 best=6.108340e-01
[NA] iter=00000 eval=00401 misfit=2.234939e+00 best=6.108340e-01
[NA] iter=00000 eval=00402 misfit=1.627905e+00 best=6.108340e-01
[NA] iter=00000 eval=00403 misfit=3.659710e+00 best=6.108340e-01
[NA] iter=00000 eval=00404 misfit=5.696188e+00 best=6.108340e-01
[NA] iter=00000 eval=00405 misfit=8.959916e-01 best=6.108340e-01
[NA] iter=00000 eval=00406 misfit=1.204949e+00 best=6.108340e-01
[NA] iter=00000 eval=00407 misfit=5.774816e+00 best=6.108340e-01
[NA] iter=00000 eval=00408 misfit=1.629197e+00 best=6.108340e-01
[NA] iter=00000 eval=00409 misfit=9.908909e+00 best=6.108340e-01
[NA] iter=00000 eval=00410 misfit=1.531873e+01 best=6.108340e-01
[NA] iter=00000 eval=00411 misfit=2.113443e+00 best=6.108340e-01
[NA] iter=00000 eval=00412 misfit=4.822667e+00 best=6.108340e-01
[NA] iter=00000 eval=00413 misfit=2.156546e+00 best=6.108340e-01
[NA] iter=00000 eval=00414 misfit=9.371829e-01 best=6.108340e-01
[NA] iter=00000 eval=00415 misfit=4.366889e+00 best=6.108340e-01
[NA] iter=00000 eval=00416 misfit=9.495857e-01 best=6.108340e-01
[NA] iter=00000 eval=00417 misfit=5.063468e+00 best=6.108340e-01
[NA] iter=00000 eval=00418 misfit=6.185026e+00 best=6.108340e-01
[NA] iter=00000 eval=00419 misfit=4.311413e+01 best=6.108340e-01
[NA] iter=00000 eval=00420 misfit=8.455613e-01 best=6.108340e-01
[NA] iter=00000 eval=00421 misfit=7.979294e+00 best=6.108340e-01
[NA] iter=00000 eval=00422 misfit=1.103760e+00 best=6.108340e-01
[NA] iter=00000 eval=00423 misfit=1.404191e+00 best=6.108340e-01
[NA] iter=00000 eval=00424 misfit=1.416801e+01 best=6.108340e-01
[NA] iter=00000 eval=00425 misfit=1.497038e+01 best=6.108340e-01
[NA] iter=00000 eval=00426 misfit=1.516915e+01 best=6.108340e-01
[NA] iter=00000 eval=00427 misfit=5.571898e+00 best=6.108340e-01
[NA] iter=00000 eval=00428 misfit=2.243636e+00 best=6.108340e-01
[NA] iter=00000 eval=00429 misfit=1.159387e+00 best=6.108340e-01
[NA] iter=00000 eval=00430 misfit=1.765526e+00 best=6.108340e-01
[NA] iter=00000 eval=00431 misfit=5.547589e+00 best=6.108340e-01
[NA] iter=00000 eval=00432 misfit=5.398936e+00 best=6.108340e-01
[NA] iter=00000 eval=00433 misfit=3.994838e+00 best=6.108340e-01
[NA] iter=00000 eval=00434 misfit=3.782135e+01 best=6.108340e-01
[NA] iter=00000 eval=00435 misfit=1.329442e+00 best=6.108340e-01
[NA] iter=00000 eval=00436 misfit=2.522462e+00 best=6.108340e-01
[NA] iter=00000 eval=00437 misfit=2.418052e+00 best=6.108340e-01
[NA] iter=00000 eval=00438 misfit=2.529655e+00 best=6.108340e-01
[NA] iter=00000 eval=00439 misfit=9.636626e-01 best=6.108340e-01
[NA] iter=00000 eval=00440 misfit=1.612626e+00 best=6.108340e-01
[NA] iter=00000 eval=00441 misfit=1.109401e+01 best=6.108340e-01
[NA] iter=00000 eval=00442 misfit=1.128159e+01 best=6.108340e-01
[NA] iter=00000 eval=00443 misfit=1.201225e+00 best=6.108340e-01
[NA] iter=00000 eval=00444 misfit=5.446661e+00 best=6.108340e-01
[NA] iter=00000 eval=00445 misfit=7.309036e+00 best=6.108340e-01
[NA] iter=00000 eval=00446 misfit=9.325181e-01 best=6.108340e-01
[NA] iter=00000 eval=00447 misfit=6.265704e-01 best=6.108340e-01
[NA] iter=00000 eval=00448 misfit=1.170855e+00 best=6.108340e-01
[NA] iter=00000 eval=00449 misfit=4.794593e+00 best=6.108340e-01
[NA] iter=00000 eval=00450 misfit=1.763944e+00 best=6.108340e-01
[NA] iter=00000 eval=00451 misfit=5.660358e+01 best=6.108340e-01
[NA] iter=00000 eval=00452 misfit=5.019282e+01 best=6.108340e-01
[NA] iter=00000 eval=00453 misfit=8.172561e-01 best=6.108340e-01
[NA] iter=00000 eval=00454 misfit=9.070676e-01 best=6.108340e-01
[NA] iter=00000 eval=00455 misfit=1.018474e+00 best=6.108340e-01
[NA] iter=00000 eval=00456 misfit=1.036524e+00 best=6.108340e-01
[NA] iter=00000 eval=00457 misfit=4.045104e+00 best=6.108340e-01
[NA] iter=00000 eval=00458 misfit=5.032386e+00 best=6.108340e-01
[NA] iter=00000 eval=00459 misfit=2.062216e+01 best=6.108340e-01
[NA] iter=00000 eval=00460 misfit=2.421427e+00 best=6.108340e-01
[NA] iter=00000 eval=00461 misfit=5.049375e+00 best=6.108340e-01
[NA] iter=00000 eval=00462 misfit=4.061462e+00 best=6.108340e-01
[NA] iter=00000 eval=00463 misfit=7.584818e+00 best=6.108340e-01
[NA] iter=00000 eval=00464 misfit=9.534548e+00 best=6.108340e-01
[NA] iter=00000 eval=00465 misfit=3.919766e+00 best=6.108340e-01
[NA] iter=00000 eval=00466 misfit=8.979800e-01 best=6.108340e-01
[NA] iter=00000 eval=00467 misfit=1.302701e+01 best=6.108340e-01
[NA] iter=00000 eval=00468 misfit=1.141062e+01 best=6.108340e-01
[NA] iter=00000 eval=00469 misfit=6.950670e+00 best=6.108340e-01
[NA] iter=00000 eval=00470 misfit=1.316579e+01 best=6.108340e-01
[NA] iter=00000 eval=00471 misfit=8.892745e+00 best=6.108340e-01
[NA] iter=00000 eval=00472 misfit=3.439713e+00 best=6.108340e-01
[NA] iter=00000 eval=00473 misfit=4.705436e+00 best=6.108340e-01
[NA] iter=00000 eval=00474 misfit=7.703536e+00 best=6.108340e-01
[NA] iter=00000 eval=00475 misfit=8.217608e-01 best=6.108340e-01
[NA] iter=00000 eval=00476 misfit=2.220564e+00 best=6.108340e-01
[NA] iter=00000 eval=00477 misfit=4.636056e+00 best=6.108340e-01
[NA] iter=00000 eval=00478 misfit=4.305376e+00 best=6.108340e-01
[NA] iter=00000 eval=00479 misfit=3.415706e+00 best=6.108340e-01
[NA] iter=00000 eval=00480 misfit=2.467360e+00 best=6.108340e-01
[NA] iter=00000 eval=00481 misfit=1.661414e+00 best=6.108340e-01
[NA] iter=00000 eval=00482 misfit=1.567847e+01 best=6.108340e-01
[NA] iter=00000 eval=00483 misfit=1.222869e+01 best=6.108340e-01
[NA] iter=00000 eval=00484 misfit=1.008961e+00 best=6.108340e-01
[NA] iter=00000 eval=00485 misfit=8.304032e+00 best=6.108340e-01
[NA] iter=00000 eval=00486 misfit=1.147577e+01 best=6.108340e-01
[NA] iter=00000 eval=00487 misfit=7.402077e+00 best=6.108340e-01
[NA] iter=00000 eval=00488 misfit=6.176466e+00 best=6.108340e-01
[NA] iter=00000 eval=00489 misfit=4.233992e+01 best=6.108340e-01
[NA] iter=00000 eval=00490 misfit=5.626267e+00 best=6.108340e-01
[NA] iter=00000 eval=00491 misfit=1.167806e+00 best=6.108340e-01
[NA] iter=00000 eval=00492 misfit=4.533130e+00 best=6.108340e-01
[NA] iter=00000 eval=00493 misfit=2.318422e+00 best=6.108340e-01
[NA] iter=00000 eval=00494 misfit=1.044223e+00 best=6.108340e-01
[NA] iter=00000 eval=00495 misfit=8.521908e+00 best=6.108340e-01
[NA] iter=00000 eval=00496 misfit=2.438883e+00 best=6.108340e-01
[NA] iter=00000 eval=00497 misfit=5.023848e+00 best=6.108340e-01
[NA] iter=00000 eval=00498 misfit=4.165047e+00 best=6.108340e-01
[NA] iter=00000 eval=00499 misfit=3.731089e+00 best=6.108340e-01
[NA] iter=00000 eval=00500 misfit=1.084510e+01 best=6.108340e-01
NAI - Optimisation Loop:   0%|          | 0/50 [00:00<?, ?it/s][NA] iter=00001 eval=00501 misfit=1.562790e+00 best=6.108340e-01
[NA] iter=00001 eval=00502 misfit=1.344994e+00 best=6.108340e-01
[NA] iter=00001 eval=00503 misfit=8.842548e-01 best=6.108340e-01
[NA] iter=00001 eval=00504 misfit=1.558616e+00 best=6.108340e-01
[NA] iter=00001 eval=00505 misfit=1.182263e+00 best=6.108340e-01
[NA] iter=00001 eval=00506 misfit=1.297605e+00 best=6.108340e-01
[NA] iter=00001 eval=00507 misfit=1.291676e+00 best=6.108340e-01
[NA] iter=00001 eval=00508 misfit=1.247633e+00 best=6.108340e-01
[NA] iter=00001 eval=00509 misfit=9.817453e-01 best=6.108340e-01
[NA] iter=00001 eval=00510 misfit=1.259811e+00 best=6.108340e-01
[NA] iter=00001 eval=00511 misfit=9.987756e-01 best=6.108340e-01
[NA] iter=00001 eval=00512 misfit=5.325866e+00 best=6.108340e-01
[NA] iter=00001 eval=00513 misfit=9.766374e-01 best=6.108340e-01
[NA] iter=00001 eval=00514 misfit=2.898690e+00 best=6.108340e-01
[NA] iter=00001 eval=00515 misfit=1.243380e+00 best=6.108340e-01
[NA] iter=00001 eval=00516 misfit=1.633601e+00 best=6.108340e-01
[NA] iter=00001 eval=00517 misfit=8.739470e-01 best=6.108340e-01
[NA] iter=00001 eval=00518 misfit=9.361235e-01 best=6.108340e-01
[NA] iter=00001 eval=00519 misfit=1.398303e+00 best=6.108340e-01
[NA] iter=00001 eval=00520 misfit=1.866989e+00 best=6.108340e-01
[NA] iter=00001 eval=00521 misfit=6.452337e-01 best=6.108340e-01
[NA] iter=00001 eval=00522 misfit=1.004472e+00 best=6.108340e-01
[NA] iter=00001 eval=00523 misfit=8.687165e-01 best=6.108340e-01
[NA] iter=00001 eval=00524 misfit=7.514411e-01 best=6.108340e-01
[NA] iter=00001 eval=00525 misfit=9.894064e-01 best=6.108340e-01
[NA] iter=00001 eval=00526 misfit=9.245880e-01 best=6.108340e-01
[NA] iter=00001 eval=00527 misfit=1.298008e+00 best=6.108340e-01
[NA] iter=00001 eval=00528 misfit=1.913174e+00 best=6.108340e-01
[NA] iter=00001 eval=00529 misfit=8.434208e-01 best=6.108340e-01
[NA] iter=00001 eval=00530 misfit=9.252753e-01 best=6.108340e-01
[NA] iter=00001 eval=00531 misfit=8.477793e-01 best=6.108340e-01
[NA] iter=00001 eval=00532 misfit=2.092162e+00 best=6.108340e-01
[NA] iter=00001 eval=00533 misfit=1.136228e+00 best=6.108340e-01
[NA] iter=00001 eval=00534 misfit=2.378741e+00 best=6.108340e-01
[NA] iter=00001 eval=00535 misfit=7.356267e-01 best=6.108340e-01
[NA] iter=00001 eval=00536 misfit=7.551994e-01 best=6.108340e-01
[NA] iter=00001 eval=00537 misfit=9.924770e-01 best=6.108340e-01
[NA] iter=00001 eval=00538 misfit=9.077842e-01 best=6.108340e-01
[NA] iter=00001 eval=00539 misfit=9.788416e-01 best=6.108340e-01
[NA] iter=00001 eval=00540 misfit=8.573633e-01 best=6.108340e-01
[NA] iter=00001 eval=00541 misfit=1.129217e+00 best=6.108340e-01
[NA] iter=00001 eval=00542 misfit=8.873965e-01 best=6.108340e-01
[NA] iter=00001 eval=00543 misfit=9.184869e-01 best=6.108340e-01
[NA] iter=00001 eval=00544 misfit=8.801147e-01 best=6.108340e-01
[NA] iter=00001 eval=00545 misfit=1.496562e+00 best=6.108340e-01
[NA] iter=00001 eval=00546 misfit=1.292004e+00 best=6.108340e-01
[NA] iter=00001 eval=00547 misfit=1.752542e+00 best=6.108340e-01
[NA] iter=00001 eval=00548 misfit=1.115368e+00 best=6.108340e-01
[NA] iter=00001 eval=00549 misfit=1.709229e+00 best=6.108340e-01
[NA] iter=00001 eval=00550 misfit=9.935079e-01 best=6.108340e-01
NAI - Optimisation Loop:   2%|▏         | 1/50 [00:36<30:07, 36.88s/it][NA] iter=00002 eval=00551 misfit=1.226367e+00 best=6.108340e-01
[NA] iter=00002 eval=00552 misfit=1.043840e+00 best=6.108340e-01
[NA] iter=00002 eval=00553 misfit=1.079019e+00 best=6.108340e-01
[NA] iter=00002 eval=00554 misfit=1.297419e+00 best=6.108340e-01
[NA] iter=00002 eval=00555 misfit=1.042802e+00 best=6.108340e-01
[NA] iter=00002 eval=00556 misfit=9.566228e-01 best=6.108340e-01
[NA] iter=00002 eval=00557 misfit=8.500442e-01 best=6.108340e-01
[NA] iter=00002 eval=00558 misfit=9.369623e-01 best=6.108340e-01
[NA] iter=00002 eval=00559 misfit=9.161290e-01 best=6.108340e-01
[NA] iter=00002 eval=00560 misfit=9.722377e-01 best=6.108340e-01
[NA] iter=00002 eval=00561 misfit=3.228938e+00 best=6.108340e-01
[NA] iter=00002 eval=00562 misfit=2.002454e+00 best=6.108340e-01
[NA] iter=00002 eval=00563 misfit=7.083066e-01 best=6.108340e-01
[NA] iter=00002 eval=00564 misfit=1.668514e+00 best=6.108340e-01
[NA] iter=00002 eval=00565 misfit=6.893428e-01 best=6.108340e-01
[NA] iter=00002 eval=00566 misfit=6.706547e-01 best=6.108340e-01
[NA] iter=00002 eval=00567 misfit=1.678545e+00 best=6.108340e-01
[NA] iter=00002 eval=00568 misfit=8.006434e-01 best=6.108340e-01
[NA] iter=00002 eval=00569 misfit=7.231679e-01 best=6.108340e-01
[NA] iter=00002 eval=00570 misfit=9.036737e-01 best=6.108340e-01
[NA] iter=00002 eval=00571 misfit=1.479477e+00 best=6.108340e-01
[NA] iter=00002 eval=00572 misfit=1.188335e+00 best=6.108340e-01
[NA] iter=00002 eval=00573 misfit=2.250399e+00 best=6.108340e-01
[NA] iter=00002 eval=00574 misfit=8.638526e-01 best=6.108340e-01
[NA] iter=00002 eval=00575 misfit=6.977451e-01 best=6.108340e-01
[NA] iter=00002 eval=00576 misfit=8.777772e-01 best=6.108340e-01
[NA] iter=00002 eval=00577 misfit=1.406354e+00 best=6.108340e-01
[NA] iter=00002 eval=00578 misfit=7.741234e-01 best=6.108340e-01
[NA] iter=00002 eval=00579 misfit=8.124146e-01 best=6.108340e-01
[NA] iter=00002 eval=00580 misfit=1.463300e+00 best=6.108340e-01
[NA] iter=00002 eval=00581 misfit=7.657847e-01 best=6.108340e-01
[NA] iter=00002 eval=00582 misfit=9.713296e-01 best=6.108340e-01
[NA] iter=00002 eval=00583 misfit=9.113790e-01 best=6.108340e-01
[NA] iter=00002 eval=00584 misfit=7.994045e-01 best=6.108340e-01
[NA] iter=00002 eval=00585 misfit=9.938004e-01 best=6.108340e-01
[NA] iter=00002 eval=00586 misfit=9.355295e-01 best=6.108340e-01
[NA] iter=00002 eval=00587 misfit=9.963292e-01 best=6.108340e-01
[NA] iter=00002 eval=00588 misfit=9.986289e-01 best=6.108340e-01
[NA] iter=00002 eval=00589 misfit=9.393575e-01 best=6.108340e-01
[NA] iter=00002 eval=00590 misfit=1.327006e+00 best=6.108340e-01
[NA] iter=00002 eval=00591 misfit=8.205609e-01 best=6.108340e-01
[NA] iter=00002 eval=00592 misfit=9.201899e-01 best=6.108340e-01
[NA] iter=00002 eval=00593 misfit=7.392277e-01 best=6.108340e-01
[NA] iter=00002 eval=00594 misfit=8.966773e-01 best=6.108340e-01
[NA] iter=00002 eval=00595 misfit=8.780590e-01 best=6.108340e-01
[NA] iter=00002 eval=00596 misfit=8.790541e-01 best=6.108340e-01
[NA] iter=00002 eval=00597 misfit=9.085099e-01 best=6.108340e-01
[NA] iter=00002 eval=00598 misfit=1.281494e+00 best=6.108340e-01
[NA] iter=00002 eval=00599 misfit=8.456360e-01 best=6.108340e-01
[NA] iter=00002 eval=00600 misfit=1.518173e+00 best=6.108340e-01
NAI - Optimisation Loop:   4%|▍         | 2/50 [01:13<29:18, 36.64s/it][NA] iter=00003 eval=00601 misfit=1.015482e+00 best=6.108340e-01
[NA] iter=00003 eval=00602 misfit=7.944555e-01 best=6.108340e-01
[NA] iter=00003 eval=00603 misfit=9.776911e-01 best=6.108340e-01
[NA] iter=00003 eval=00604 misfit=1.027838e+00 best=6.108340e-01
[NA] iter=00003 eval=00605 misfit=8.700224e-01 best=6.108340e-01
[NA] iter=00003 eval=00606 misfit=7.280867e-01 best=6.108340e-01
[NA] iter=00003 eval=00607 misfit=1.073453e+00 best=6.108340e-01
[NA] iter=00003 eval=00608 misfit=6.666289e-01 best=6.108340e-01
[NA] iter=00003 eval=00609 misfit=6.633963e-01 best=6.108340e-01
[NA] iter=00003 eval=00610 misfit=7.753759e-01 best=6.108340e-01
[NA] iter=00003 eval=00611 misfit=7.372923e-01 best=6.108340e-01
[NA] iter=00003 eval=00612 misfit=8.834701e-01 best=6.108340e-01
[NA] iter=00003 eval=00613 misfit=1.132740e+00 best=6.108340e-01
[NA] iter=00003 eval=00614 misfit=8.465044e-01 best=6.108340e-01
[NA] iter=00003 eval=00615 misfit=8.898776e-01 best=6.108340e-01
[NA] iter=00003 eval=00616 misfit=5.460609e-01 best=5.460609e-01
[NA] iter=00003 eval=00617 misfit=6.485871e-01 best=5.460609e-01
[NA] iter=00003 eval=00618 misfit=8.605444e-01 best=5.460609e-01
[NA] iter=00003 eval=00619 misfit=9.086975e-01 best=5.460609e-01
[NA] iter=00003 eval=00620 misfit=7.246616e-01 best=5.460609e-01
[NA] iter=00003 eval=00621 misfit=1.309529e+00 best=5.460609e-01
[NA] iter=00003 eval=00622 misfit=8.793301e-01 best=5.460609e-01
[NA] iter=00003 eval=00623 misfit=8.766732e-01 best=5.460609e-01
[NA] iter=00003 eval=00624 misfit=8.777508e-01 best=5.460609e-01
[NA] iter=00003 eval=00625 misfit=1.327047e+00 best=5.460609e-01
[NA] iter=00003 eval=00626 misfit=6.831224e-01 best=5.460609e-01
[NA] iter=00003 eval=00627 misfit=9.104053e-01 best=5.460609e-01
[NA] iter=00003 eval=00628 misfit=8.492606e-01 best=5.460609e-01
[NA] iter=00003 eval=00629 misfit=9.686082e-01 best=5.460609e-01
[NA] iter=00003 eval=00630 misfit=1.149278e+00 best=5.460609e-01
[NA] iter=00003 eval=00631 misfit=7.991369e-01 best=5.460609e-01
[NA] iter=00003 eval=00632 misfit=7.427652e-01 best=5.460609e-01
[NA] iter=00003 eval=00633 misfit=7.860480e-01 best=5.460609e-01
[NA] iter=00003 eval=00634 misfit=9.282482e-01 best=5.460609e-01
[NA] iter=00003 eval=00635 misfit=7.446377e-01 best=5.460609e-01
[NA] iter=00003 eval=00636 misfit=7.235779e-01 best=5.460609e-01
[NA] iter=00003 eval=00637 misfit=1.614923e+00 best=5.460609e-01
[NA] iter=00003 eval=00638 misfit=1.273311e+00 best=5.460609e-01
[NA] iter=00003 eval=00639 misfit=8.603057e-01 best=5.460609e-01
[NA] iter=00003 eval=00640 misfit=6.818047e-01 best=5.460609e-01
[NA] iter=00003 eval=00641 misfit=8.604193e-01 best=5.460609e-01
[NA] iter=00003 eval=00642 misfit=7.287956e-01 best=5.460609e-01
[NA] iter=00003 eval=00643 misfit=1.041569e+00 best=5.460609e-01
[NA] iter=00003 eval=00644 misfit=7.379063e-01 best=5.460609e-01
[NA] iter=00003 eval=00645 misfit=8.068258e-01 best=5.460609e-01
[NA] iter=00003 eval=00646 misfit=7.212350e-01 best=5.460609e-01
[NA] iter=00003 eval=00647 misfit=8.740410e-01 best=5.460609e-01
[NA] iter=00003 eval=00648 misfit=7.801727e-01 best=5.460609e-01
[NA] iter=00003 eval=00649 misfit=1.171642e+00 best=5.460609e-01
[NA] iter=00003 eval=00650 misfit=1.056767e+00 best=5.460609e-01
NAI - Optimisation Loop:   6%|▌         | 3/50 [01:50<28:44, 36.69s/it][NA] iter=00004 eval=00651 misfit=6.054328e-01 best=5.460609e-01
[NA] iter=00004 eval=00652 misfit=5.870356e-01 best=5.460609e-01
[NA] iter=00004 eval=00653 misfit=7.433718e-01 best=5.460609e-01
[NA] iter=00004 eval=00654 misfit=1.150271e+00 best=5.460609e-01
[NA] iter=00004 eval=00655 misfit=6.473779e-01 best=5.460609e-01
[NA] iter=00004 eval=00656 misfit=7.448948e-01 best=5.460609e-01
[NA] iter=00004 eval=00657 misfit=6.700000e-01 best=5.460609e-01
[NA] iter=00004 eval=00658 misfit=6.873461e-01 best=5.460609e-01
[NA] iter=00004 eval=00659 misfit=1.073159e+00 best=5.460609e-01
[NA] iter=00004 eval=00660 misfit=5.942590e-01 best=5.460609e-01
[NA] iter=00004 eval=00661 misfit=7.134502e-01 best=5.460609e-01
[NA] iter=00004 eval=00662 misfit=6.096703e-01 best=5.460609e-01
[NA] iter=00004 eval=00663 misfit=6.429384e-01 best=5.460609e-01
[NA] iter=00004 eval=00664 misfit=7.449116e-01 best=5.460609e-01
[NA] iter=00004 eval=00665 misfit=6.745510e-01 best=5.460609e-01
[NA] iter=00004 eval=00666 misfit=6.675259e-01 best=5.460609e-01
[NA] iter=00004 eval=00667 misfit=7.283591e-01 best=5.460609e-01
[NA] iter=00004 eval=00668 misfit=6.590441e-01 best=5.460609e-01
[NA] iter=00004 eval=00669 misfit=6.453417e-01 best=5.460609e-01
[NA] iter=00004 eval=00670 misfit=6.401178e-01 best=5.460609e-01
[NA] iter=00004 eval=00671 misfit=8.334853e-01 best=5.460609e-01
[NA] iter=00004 eval=00672 misfit=7.956041e-01 best=5.460609e-01
[NA] iter=00004 eval=00673 misfit=8.911453e-01 best=5.460609e-01
[NA] iter=00004 eval=00674 misfit=8.621069e-01 best=5.460609e-01
[NA] iter=00004 eval=00675 misfit=7.440490e-01 best=5.460609e-01
[NA] iter=00004 eval=00676 misfit=6.844829e-01 best=5.460609e-01
[NA] iter=00004 eval=00677 misfit=7.806635e-01 best=5.460609e-01
[NA] iter=00004 eval=00678 misfit=6.704764e-01 best=5.460609e-01
[NA] iter=00004 eval=00679 misfit=6.685583e-01 best=5.460609e-01
[NA] iter=00004 eval=00680 misfit=5.962773e-01 best=5.460609e-01
[NA] iter=00004 eval=00681 misfit=1.641086e+00 best=5.460609e-01
[NA] iter=00004 eval=00682 misfit=1.787720e+00 best=5.460609e-01
[NA] iter=00004 eval=00683 misfit=6.452075e-01 best=5.460609e-01
[NA] iter=00004 eval=00684 misfit=1.028435e+00 best=5.460609e-01
[NA] iter=00004 eval=00685 misfit=7.669254e-01 best=5.460609e-01
[NA] iter=00004 eval=00686 misfit=7.073504e-01 best=5.460609e-01
[NA] iter=00004 eval=00687 misfit=8.294693e-01 best=5.460609e-01
[NA] iter=00004 eval=00688 misfit=6.264829e-01 best=5.460609e-01
[NA] iter=00004 eval=00689 misfit=5.506258e-01 best=5.460609e-01
[NA] iter=00004 eval=00690 misfit=7.968182e-01 best=5.460609e-01
[NA] iter=00004 eval=00691 misfit=6.497184e-01 best=5.460609e-01
[NA] iter=00004 eval=00692 misfit=6.899792e-01 best=5.460609e-01
[NA] iter=00004 eval=00693 misfit=9.977253e-01 best=5.460609e-01
[NA] iter=00004 eval=00694 misfit=8.400124e-01 best=5.460609e-01
[NA] iter=00004 eval=00695 misfit=8.354454e-01 best=5.460609e-01
[NA] iter=00004 eval=00696 misfit=9.169907e-01 best=5.460609e-01
[NA] iter=00004 eval=00697 misfit=8.695919e-01 best=5.460609e-01
[NA] iter=00004 eval=00698 misfit=6.574574e-01 best=5.460609e-01
[NA] iter=00004 eval=00699 misfit=7.533235e-01 best=5.460609e-01
[NA] iter=00004 eval=00700 misfit=7.566713e-01 best=5.460609e-01
NAI - Optimisation Loop:   8%|▊         | 4/50 [02:26<28:05, 36.65s/it][NA] iter=00005 eval=00701 misfit=5.826663e-01 best=5.460609e-01
[NA] iter=00005 eval=00702 misfit=5.632059e-01 best=5.460609e-01
[NA] iter=00005 eval=00703 misfit=6.054824e-01 best=5.460609e-01
[NA] iter=00005 eval=00704 misfit=5.688936e-01 best=5.460609e-01
[NA] iter=00005 eval=00705 misfit=5.558441e-01 best=5.460609e-01
[NA] iter=00005 eval=00706 misfit=6.374124e-01 best=5.460609e-01
[NA] iter=00005 eval=00707 misfit=9.140914e-01 best=5.460609e-01
[NA] iter=00005 eval=00708 misfit=1.431550e+00 best=5.460609e-01
[NA] iter=00005 eval=00709 misfit=1.141199e+00 best=5.460609e-01
[NA] iter=00005 eval=00710 misfit=9.383079e-01 best=5.460609e-01
[NA] iter=00005 eval=00711 misfit=6.788715e-01 best=5.460609e-01
[NA] iter=00005 eval=00712 misfit=6.656072e-01 best=5.460609e-01
[NA] iter=00005 eval=00713 misfit=6.638178e-01 best=5.460609e-01
[NA] iter=00005 eval=00714 misfit=6.178322e-01 best=5.460609e-01
[NA] iter=00005 eval=00715 misfit=6.797168e-01 best=5.460609e-01
[NA] iter=00005 eval=00716 misfit=6.275211e-01 best=5.460609e-01
[NA] iter=00005 eval=00717 misfit=6.241616e-01 best=5.460609e-01
[NA] iter=00005 eval=00718 misfit=7.008621e-01 best=5.460609e-01
[NA] iter=00005 eval=00719 misfit=7.259647e-01 best=5.460609e-01
[NA] iter=00005 eval=00720 misfit=9.120318e-01 best=5.460609e-01
[NA] iter=00005 eval=00721 misfit=6.211071e-01 best=5.460609e-01
[NA] iter=00005 eval=00722 misfit=5.416744e-01 best=5.416744e-01
[NA] iter=00005 eval=00723 misfit=5.265836e-01 best=5.265836e-01
[NA] iter=00005 eval=00724 misfit=5.399972e-01 best=5.265836e-01
[NA] iter=00005 eval=00725 misfit=5.671242e-01 best=5.265836e-01
[NA] iter=00005 eval=00726 misfit=6.660465e-01 best=5.265836e-01
[NA] iter=00005 eval=00727 misfit=6.170533e-01 best=5.265836e-01
[NA] iter=00005 eval=00728 misfit=7.845323e-01 best=5.265836e-01
[NA] iter=00005 eval=00729 misfit=6.814282e-01 best=5.265836e-01
[NA] iter=00005 eval=00730 misfit=6.282664e-01 best=5.265836e-01
[NA] iter=00005 eval=00731 misfit=6.467949e-01 best=5.265836e-01
[NA] iter=00005 eval=00732 misfit=5.933997e-01 best=5.265836e-01
[NA] iter=00005 eval=00733 misfit=6.531622e-01 best=5.265836e-01
[NA] iter=00005 eval=00734 misfit=7.664094e-01 best=5.265836e-01
[NA] iter=00005 eval=00735 misfit=6.123227e-01 best=5.265836e-01
[NA] iter=00005 eval=00736 misfit=5.894370e-01 best=5.265836e-01
[NA] iter=00005 eval=00737 misfit=8.475939e-01 best=5.265836e-01
[NA] iter=00005 eval=00738 misfit=5.686691e-01 best=5.265836e-01
[NA] iter=00005 eval=00739 misfit=7.377507e-01 best=5.265836e-01
[NA] iter=00005 eval=00740 misfit=5.967202e-01 best=5.265836e-01
[NA] iter=00005 eval=00741 misfit=8.272311e-01 best=5.265836e-01
[NA] iter=00005 eval=00742 misfit=6.720018e-01 best=5.265836e-01
[NA] iter=00005 eval=00743 misfit=7.913620e-01 best=5.265836e-01
[NA] iter=00005 eval=00744 misfit=7.864161e-01 best=5.265836e-01
[NA] iter=00005 eval=00745 misfit=9.543765e-01 best=5.265836e-01
[NA] iter=00005 eval=00746 misfit=8.087808e-01 best=5.265836e-01
[NA] iter=00005 eval=00747 misfit=6.340113e-01 best=5.265836e-01
[NA] iter=00005 eval=00748 misfit=7.639605e-01 best=5.265836e-01
[NA] iter=00005 eval=00749 misfit=6.282722e-01 best=5.265836e-01
[NA] iter=00005 eval=00750 misfit=8.214632e-01 best=5.265836e-01
NAI - Optimisation Loop:  10%|█         | 5/50 [03:02<27:22, 36.49s/it][NA] iter=00006 eval=00751 misfit=6.805704e-01 best=5.265836e-01
[NA] iter=00006 eval=00752 misfit=6.350352e-01 best=5.265836e-01
[NA] iter=00006 eval=00753 misfit=6.296556e-01 best=5.265836e-01
[NA] iter=00006 eval=00754 misfit=5.574332e-01 best=5.265836e-01
[NA] iter=00006 eval=00755 misfit=5.756471e-01 best=5.265836e-01
[NA] iter=00006 eval=00756 misfit=6.288248e-01 best=5.265836e-01
[NA] iter=00006 eval=00757 misfit=6.523849e-01 best=5.265836e-01
[NA] iter=00006 eval=00758 misfit=5.752358e-01 best=5.265836e-01
[NA] iter=00006 eval=00759 misfit=5.752897e-01 best=5.265836e-01
[NA] iter=00006 eval=00760 misfit=5.987515e-01 best=5.265836e-01
[NA] iter=00006 eval=00761 misfit=5.344826e-01 best=5.265836e-01
[NA] iter=00006 eval=00762 misfit=6.106436e-01 best=5.265836e-01
[NA] iter=00006 eval=00763 misfit=6.389410e-01 best=5.265836e-01
[NA] iter=00006 eval=00764 misfit=5.807903e-01 best=5.265836e-01
[NA] iter=00006 eval=00765 misfit=6.003627e-01 best=5.265836e-01
[NA] iter=00006 eval=00766 misfit=5.261153e-01 best=5.261153e-01
[NA] iter=00006 eval=00767 misfit=5.632772e-01 best=5.261153e-01
[NA] iter=00006 eval=00768 misfit=5.749854e-01 best=5.261153e-01
[NA] iter=00006 eval=00769 misfit=5.423554e-01 best=5.261153e-01
[NA] iter=00006 eval=00770 misfit=5.682794e-01 best=5.261153e-01
[NA] iter=00006 eval=00771 misfit=6.810660e-01 best=5.261153e-01
[NA] iter=00006 eval=00772 misfit=7.011836e-01 best=5.261153e-01
[NA] iter=00006 eval=00773 misfit=6.618910e-01 best=5.261153e-01
[NA] iter=00006 eval=00774 misfit=7.126888e-01 best=5.261153e-01
[NA] iter=00006 eval=00775 misfit=7.300971e-01 best=5.261153e-01
[NA] iter=00006 eval=00776 misfit=5.483677e-01 best=5.261153e-01
[NA] iter=00006 eval=00777 misfit=5.599137e-01 best=5.261153e-01
[NA] iter=00006 eval=00778 misfit=5.642207e-01 best=5.261153e-01
[NA] iter=00006 eval=00779 misfit=6.489219e-01 best=5.261153e-01
[NA] iter=00006 eval=00780 misfit=5.441481e-01 best=5.261153e-01
[NA] iter=00006 eval=00781 misfit=5.722697e-01 best=5.261153e-01
[NA] iter=00006 eval=00782 misfit=6.310575e-01 best=5.261153e-01
[NA] iter=00006 eval=00783 misfit=6.085016e-01 best=5.261153e-01
[NA] iter=00006 eval=00784 misfit=5.747980e-01 best=5.261153e-01
[NA] iter=00006 eval=00785 misfit=5.677165e-01 best=5.261153e-01
[NA] iter=00006 eval=00786 misfit=8.254727e-01 best=5.261153e-01
[NA] iter=00006 eval=00787 misfit=6.303981e-01 best=5.261153e-01
[NA] iter=00006 eval=00788 misfit=7.010392e-01 best=5.261153e-01
[NA] iter=00006 eval=00789 misfit=7.188802e-01 best=5.261153e-01
[NA] iter=00006 eval=00790 misfit=5.656158e-01 best=5.261153e-01
[NA] iter=00006 eval=00791 misfit=6.608936e-01 best=5.261153e-01
[NA] iter=00006 eval=00792 misfit=5.572457e-01 best=5.261153e-01
[NA] iter=00006 eval=00793 misfit=6.564706e-01 best=5.261153e-01
[NA] iter=00006 eval=00794 misfit=5.994523e-01 best=5.261153e-01
[NA] iter=00006 eval=00795 misfit=6.843533e-01 best=5.261153e-01
[NA] iter=00006 eval=00796 misfit=5.578791e-01 best=5.261153e-01
[NA] iter=00006 eval=00797 misfit=5.958367e-01 best=5.261153e-01
[NA] iter=00006 eval=00798 misfit=5.723719e-01 best=5.261153e-01
[NA] iter=00006 eval=00799 misfit=5.536150e-01 best=5.261153e-01
[NA] iter=00006 eval=00800 misfit=5.907179e-01 best=5.261153e-01
NAI - Optimisation Loop:  12%|█▏        | 6/50 [03:39<26:43, 36.45s/it][NA] iter=00007 eval=00801 misfit=5.211500e-01 best=5.211500e-01
[NA] iter=00007 eval=00802 misfit=5.264708e-01 best=5.211500e-01
[NA] iter=00007 eval=00803 misfit=5.407143e-01 best=5.211500e-01
[NA] iter=00007 eval=00804 misfit=5.328240e-01 best=5.211500e-01
[NA] iter=00007 eval=00805 misfit=5.288481e-01 best=5.211500e-01
[NA] iter=00007 eval=00806 misfit=5.370241e-01 best=5.211500e-01
[NA] iter=00007 eval=00807 misfit=5.421041e-01 best=5.211500e-01
[NA] iter=00007 eval=00808 misfit=5.494225e-01 best=5.211500e-01
[NA] iter=00007 eval=00809 misfit=5.505831e-01 best=5.211500e-01
[NA] iter=00007 eval=00810 misfit=5.360797e-01 best=5.211500e-01
[NA] iter=00007 eval=00811 misfit=6.878020e-01 best=5.211500e-01
[NA] iter=00007 eval=00812 misfit=8.327662e-01 best=5.211500e-01
[NA] iter=00007 eval=00813 misfit=5.842306e-01 best=5.211500e-01
[NA] iter=00007 eval=00814 misfit=8.607042e-01 best=5.211500e-01
[NA] iter=00007 eval=00815 misfit=5.548820e-01 best=5.211500e-01
[NA] iter=00007 eval=00816 misfit=5.465259e-01 best=5.211500e-01
[NA] iter=00007 eval=00817 misfit=5.345276e-01 best=5.211500e-01
[NA] iter=00007 eval=00818 misfit=5.319787e-01 best=5.211500e-01
[NA] iter=00007 eval=00819 misfit=5.932320e-01 best=5.211500e-01
[NA] iter=00007 eval=00820 misfit=5.735472e-01 best=5.211500e-01
[NA] iter=00007 eval=00821 misfit=5.655172e-01 best=5.211500e-01
[NA] iter=00007 eval=00822 misfit=5.938053e-01 best=5.211500e-01
[NA] iter=00007 eval=00823 misfit=5.388965e-01 best=5.211500e-01
[NA] iter=00007 eval=00824 misfit=5.524299e-01 best=5.211500e-01
[NA] iter=00007 eval=00825 misfit=5.227039e-01 best=5.211500e-01
[NA] iter=00007 eval=00826 misfit=5.872845e-01 best=5.211500e-01
[NA] iter=00007 eval=00827 misfit=5.476976e-01 best=5.211500e-01
[NA] iter=00007 eval=00828 misfit=6.096795e-01 best=5.211500e-01
[NA] iter=00007 eval=00829 misfit=5.937022e-01 best=5.211500e-01
[NA] iter=00007 eval=00830 misfit=5.117125e-01 best=5.117125e-01
[NA] iter=00007 eval=00831 misfit=5.321774e-01 best=5.117125e-01
[NA] iter=00007 eval=00832 misfit=5.336053e-01 best=5.117125e-01
[NA] iter=00007 eval=00833 misfit=5.558623e-01 best=5.117125e-01
[NA] iter=00007 eval=00834 misfit=5.989376e-01 best=5.117125e-01
[NA] iter=00007 eval=00835 misfit=5.430289e-01 best=5.117125e-01
[NA] iter=00007 eval=00836 misfit=5.461173e-01 best=5.117125e-01
[NA] iter=00007 eval=00837 misfit=6.031258e-01 best=5.117125e-01
[NA] iter=00007 eval=00838 misfit=5.783708e-01 best=5.117125e-01
[NA] iter=00007 eval=00839 misfit=5.632911e-01 best=5.117125e-01
[NA] iter=00007 eval=00840 misfit=5.609557e-01 best=5.117125e-01
[NA] iter=00007 eval=00841 misfit=5.672936e-01 best=5.117125e-01
[NA] iter=00007 eval=00842 misfit=5.368394e-01 best=5.117125e-01
[NA] iter=00007 eval=00843 misfit=5.368203e-01 best=5.117125e-01
[NA] iter=00007 eval=00844 misfit=5.807059e-01 best=5.117125e-01
[NA] iter=00007 eval=00845 misfit=5.587624e-01 best=5.117125e-01
[NA] iter=00007 eval=00846 misfit=7.473723e-01 best=5.117125e-01
[NA] iter=00007 eval=00847 misfit=6.201969e-01 best=5.117125e-01
[NA] iter=00007 eval=00848 misfit=7.874297e-01 best=5.117125e-01
[NA] iter=00007 eval=00849 misfit=5.421169e-01 best=5.117125e-01
[NA] iter=00007 eval=00850 misfit=6.254266e-01 best=5.117125e-01
NAI - Optimisation Loop:  14%|█▍        | 7/50 [04:13<25:29, 35.58s/it][NA] iter=00008 eval=00851 misfit=5.285596e-01 best=5.117125e-01
[NA] iter=00008 eval=00852 misfit=5.160195e-01 best=5.117125e-01
[NA] iter=00008 eval=00853 misfit=5.403426e-01 best=5.117125e-01
[NA] iter=00008 eval=00854 misfit=5.133934e-01 best=5.117125e-01
[NA] iter=00008 eval=00855 misfit=5.245080e-01 best=5.117125e-01
[NA] iter=00008 eval=00856 misfit=5.286592e-01 best=5.117125e-01
[NA] iter=00008 eval=00857 misfit=5.186424e-01 best=5.117125e-01
[NA] iter=00008 eval=00858 misfit=5.457244e-01 best=5.117125e-01
[NA] iter=00008 eval=00859 misfit=5.264103e-01 best=5.117125e-01
[NA] iter=00008 eval=00860 misfit=5.402832e-01 best=5.117125e-01
[NA] iter=00008 eval=00861 misfit=5.519901e-01 best=5.117125e-01
[NA] iter=00008 eval=00862 misfit=5.170323e-01 best=5.117125e-01
[NA] iter=00008 eval=00863 misfit=5.306992e-01 best=5.117125e-01
[NA] iter=00008 eval=00864 misfit=5.248014e-01 best=5.117125e-01
[NA] iter=00008 eval=00865 misfit=5.336233e-01 best=5.117125e-01
[NA] iter=00008 eval=00866 misfit=5.188039e-01 best=5.117125e-01
[NA] iter=00008 eval=00867 misfit=5.178276e-01 best=5.117125e-01
[NA] iter=00008 eval=00868 misfit=5.259139e-01 best=5.117125e-01
[NA] iter=00008 eval=00869 misfit=5.310000e-01 best=5.117125e-01
[NA] iter=00008 eval=00870 misfit=5.271530e-01 best=5.117125e-01
[NA] iter=00008 eval=00871 misfit=5.574043e-01 best=5.117125e-01
[NA] iter=00008 eval=00872 misfit=5.914906e-01 best=5.117125e-01
[NA] iter=00008 eval=00873 misfit=5.873138e-01 best=5.117125e-01
[NA] iter=00008 eval=00874 misfit=5.831680e-01 best=5.117125e-01
[NA] iter=00008 eval=00875 misfit=6.144243e-01 best=5.117125e-01
[NA] iter=00008 eval=00876 misfit=5.416347e-01 best=5.117125e-01
[NA] iter=00008 eval=00877 misfit=5.278602e-01 best=5.117125e-01
[NA] iter=00008 eval=00878 misfit=5.391706e-01 best=5.117125e-01
[NA] iter=00008 eval=00879 misfit=5.383672e-01 best=5.117125e-01
[NA] iter=00008 eval=00880 misfit=5.226393e-01 best=5.117125e-01
[NA] iter=00008 eval=00881 misfit=5.418334e-01 best=5.117125e-01
[NA] iter=00008 eval=00882 misfit=5.560346e-01 best=5.117125e-01
[NA] iter=00008 eval=00883 misfit=5.405964e-01 best=5.117125e-01
[NA] iter=00008 eval=00884 misfit=5.352712e-01 best=5.117125e-01
[NA] iter=00008 eval=00885 misfit=5.320861e-01 best=5.117125e-01
[NA] iter=00008 eval=00886 misfit=5.866778e-01 best=5.117125e-01
[NA] iter=00008 eval=00887 misfit=6.168072e-01 best=5.117125e-01
[NA] iter=00008 eval=00888 misfit=5.983254e-01 best=5.117125e-01
[NA] iter=00008 eval=00889 misfit=5.317442e-01 best=5.117125e-01
[NA] iter=00008 eval=00890 misfit=5.431988e-01 best=5.117125e-01
[NA] iter=00008 eval=00891 misfit=5.307575e-01 best=5.117125e-01
[NA] iter=00008 eval=00892 misfit=5.213719e-01 best=5.117125e-01
[NA] iter=00008 eval=00893 misfit=5.972617e-01 best=5.117125e-01
[NA] iter=00008 eval=00894 misfit=5.396440e-01 best=5.117125e-01
[NA] iter=00008 eval=00895 misfit=5.817033e-01 best=5.117125e-01
[NA] iter=00008 eval=00896 misfit=5.864470e-01 best=5.117125e-01
[NA] iter=00008 eval=00897 misfit=5.489546e-01 best=5.117125e-01
[NA] iter=00008 eval=00898 misfit=5.358802e-01 best=5.117125e-01
[NA] iter=00008 eval=00899 misfit=5.688855e-01 best=5.117125e-01
[NA] iter=00008 eval=00900 misfit=5.275791e-01 best=5.117125e-01
NAI - Optimisation Loop:  16%|█▌        | 8/50 [04:51<25:28, 36.38s/it][NA] iter=00009 eval=00901 misfit=5.113358e-01 best=5.113358e-01
[NA] iter=00009 eval=00902 misfit=5.226255e-01 best=5.113358e-01
[NA] iter=00009 eval=00903 misfit=5.156596e-01 best=5.113358e-01
[NA] iter=00009 eval=00904 misfit=5.188765e-01 best=5.113358e-01
[NA] iter=00009 eval=00905 misfit=5.153232e-01 best=5.113358e-01
[NA] iter=00009 eval=00906 misfit=5.265392e-01 best=5.113358e-01
[NA] iter=00009 eval=00907 misfit=5.836287e-01 best=5.113358e-01
[NA] iter=00009 eval=00908 misfit=5.123343e-01 best=5.113358e-01
[NA] iter=00009 eval=00909 misfit=5.163564e-01 best=5.113358e-01
[NA] iter=00009 eval=00910 misfit=5.567545e-01 best=5.113358e-01
[NA] iter=00009 eval=00911 misfit=5.715734e-01 best=5.113358e-01
[NA] iter=00009 eval=00912 misfit=5.381710e-01 best=5.113358e-01
[NA] iter=00009 eval=00913 misfit=5.343598e-01 best=5.113358e-01
[NA] iter=00009 eval=00914 misfit=5.666769e-01 best=5.113358e-01
[NA] iter=00009 eval=00915 misfit=5.234988e-01 best=5.113358e-01
[NA] iter=00009 eval=00916 misfit=5.231545e-01 best=5.113358e-01
[NA] iter=00009 eval=00917 misfit=5.172966e-01 best=5.113358e-01
[NA] iter=00009 eval=00918 misfit=5.259737e-01 best=5.113358e-01
[NA] iter=00009 eval=00919 misfit=5.165091e-01 best=5.113358e-01
[NA] iter=00009 eval=00920 misfit=5.383677e-01 best=5.113358e-01
[NA] iter=00009 eval=00921 misfit=5.193857e-01 best=5.113358e-01
[NA] iter=00009 eval=00922 misfit=5.124967e-01 best=5.113358e-01
[NA] iter=00009 eval=00923 misfit=5.242340e-01 best=5.113358e-01
[NA] iter=00009 eval=00924 misfit=5.191380e-01 best=5.113358e-01
[NA] iter=00009 eval=00925 misfit=5.225031e-01 best=5.113358e-01
[NA] iter=00009 eval=00926 misfit=5.252904e-01 best=5.113358e-01
[NA] iter=00009 eval=00927 misfit=5.211891e-01 best=5.113358e-01
[NA] iter=00009 eval=00928 misfit=5.217100e-01 best=5.113358e-01
[NA] iter=00009 eval=00929 misfit=5.169816e-01 best=5.113358e-01
[NA] iter=00009 eval=00930 misfit=5.266941e-01 best=5.113358e-01
[NA] iter=00009 eval=00931 misfit=5.382312e-01 best=5.113358e-01
[NA] iter=00009 eval=00932 misfit=5.454364e-01 best=5.113358e-01
[NA] iter=00009 eval=00933 misfit=5.355630e-01 best=5.113358e-01
[NA] iter=00009 eval=00934 misfit=5.346412e-01 best=5.113358e-01
[NA] iter=00009 eval=00935 misfit=5.243358e-01 best=5.113358e-01
[NA] iter=00009 eval=00936 misfit=5.220573e-01 best=5.113358e-01
[NA] iter=00009 eval=00937 misfit=5.242082e-01 best=5.113358e-01
[NA] iter=00009 eval=00938 misfit=5.247940e-01 best=5.113358e-01
[NA] iter=00009 eval=00939 misfit=5.282687e-01 best=5.113358e-01
[NA] iter=00009 eval=00940 misfit=5.384630e-01 best=5.113358e-01
[NA] iter=00009 eval=00941 misfit=5.844981e-01 best=5.113358e-01
[NA] iter=00009 eval=00942 misfit=5.397150e-01 best=5.113358e-01
[NA] iter=00009 eval=00943 misfit=5.817731e-01 best=5.113358e-01
[NA] iter=00009 eval=00944 misfit=5.304070e-01 best=5.113358e-01
[NA] iter=00009 eval=00945 misfit=5.214846e-01 best=5.113358e-01
[NA] iter=00009 eval=00946 misfit=5.720759e-01 best=5.113358e-01
[NA] iter=00009 eval=00947 misfit=5.502416e-01 best=5.113358e-01
[NA] iter=00009 eval=00948 misfit=5.313570e-01 best=5.113358e-01
[NA] iter=00009 eval=00949 misfit=5.626945e-01 best=5.113358e-01
[NA] iter=00009 eval=00950 misfit=5.640581e-01 best=5.113358e-01
NAI - Optimisation Loop:  18%|█▊        | 9/50 [05:28<25:08, 36.80s/it][NA] iter=00010 eval=00951 misfit=5.413341e-01 best=5.113358e-01
[NA] iter=00010 eval=00952 misfit=5.367874e-01 best=5.113358e-01
[NA] iter=00010 eval=00953 misfit=5.162899e-01 best=5.113358e-01
[NA] iter=00010 eval=00954 misfit=5.210217e-01 best=5.113358e-01
[NA] iter=00010 eval=00955 misfit=5.195778e-01 best=5.113358e-01
[NA] iter=00010 eval=00956 misfit=5.218158e-01 best=5.113358e-01
[NA] iter=00010 eval=00957 misfit=5.130132e-01 best=5.113358e-01
[NA] iter=00010 eval=00958 misfit=5.189869e-01 best=5.113358e-01
[NA] iter=00010 eval=00959 misfit=5.113012e-01 best=5.113012e-01
[NA] iter=00010 eval=00960 misfit=5.165052e-01 best=5.113012e-01
[NA] iter=00010 eval=00961 misfit=5.566197e-01 best=5.113012e-01
[NA] iter=00010 eval=00962 misfit=5.342607e-01 best=5.113012e-01
[NA] iter=00010 eval=00963 misfit=5.179093e-01 best=5.113012e-01
[NA] iter=00010 eval=00964 misfit=5.425944e-01 best=5.113012e-01
[NA] iter=00010 eval=00965 misfit=5.358469e-01 best=5.113012e-01
[NA] iter=00010 eval=00966 misfit=5.174063e-01 best=5.113012e-01
[NA] iter=00010 eval=00967 misfit=5.137630e-01 best=5.113012e-01
[NA] iter=00010 eval=00968 misfit=5.236241e-01 best=5.113012e-01
[NA] iter=00010 eval=00969 misfit=5.163251e-01 best=5.113012e-01
[NA] iter=00010 eval=00970 misfit=5.159795e-01 best=5.113012e-01
[NA] iter=00010 eval=00971 misfit=5.194904e-01 best=5.113012e-01
[NA] iter=00010 eval=00972 misfit=5.159549e-01 best=5.113012e-01
[NA] iter=00010 eval=00973 misfit=5.120436e-01 best=5.113012e-01
[NA] iter=00010 eval=00974 misfit=5.178774e-01 best=5.113012e-01
[NA] iter=00010 eval=00975 misfit=5.244348e-01 best=5.113012e-01
[NA] iter=00010 eval=00976 misfit=5.202883e-01 best=5.113012e-01
[NA] iter=00010 eval=00977 misfit=5.262557e-01 best=5.113012e-01
[NA] iter=00010 eval=00978 misfit=5.365339e-01 best=5.113012e-01
[NA] iter=00010 eval=00979 misfit=5.164912e-01 best=5.113012e-01
[NA] iter=00010 eval=00980 misfit=5.159663e-01 best=5.113012e-01
[NA] iter=00010 eval=00981 misfit=5.260074e-01 best=5.113012e-01
[NA] iter=00010 eval=00982 misfit=5.148488e-01 best=5.113012e-01
[NA] iter=00010 eval=00983 misfit=5.216654e-01 best=5.113012e-01
[NA] iter=00010 eval=00984 misfit=5.129177e-01 best=5.113012e-01
[NA] iter=00010 eval=00985 misfit=5.104469e-01 best=5.104469e-01
[NA] iter=00010 eval=00986 misfit=5.185308e-01 best=5.104469e-01
[NA] iter=00010 eval=00987 misfit=5.453150e-01 best=5.104469e-01
[NA] iter=00010 eval=00988 misfit=5.453197e-01 best=5.104469e-01
[NA] iter=00010 eval=00989 misfit=5.265463e-01 best=5.104469e-01
[NA] iter=00010 eval=00990 misfit=5.168889e-01 best=5.104469e-01
[NA] iter=00010 eval=00991 misfit=5.449243e-01 best=5.104469e-01
[NA] iter=00010 eval=00992 misfit=5.384962e-01 best=5.104469e-01
[NA] iter=00010 eval=00993 misfit=5.150914e-01 best=5.104469e-01
[NA] iter=00010 eval=00994 misfit=5.461691e-01 best=5.104469e-01
[NA] iter=00010 eval=00995 misfit=5.342674e-01 best=5.104469e-01
[NA] iter=00010 eval=00996 misfit=5.319021e-01 best=5.104469e-01
[NA] iter=00010 eval=00997 misfit=5.343868e-01 best=5.104469e-01
[NA] iter=00010 eval=00998 misfit=5.303932e-01 best=5.104469e-01
[NA] iter=00010 eval=00999 misfit=5.333488e-01 best=5.104469e-01
[NA] iter=00010 eval=01000 misfit=5.206178e-01 best=5.104469e-01
NAI - Optimisation Loop:  20%|██        | 10/50 [06:06<24:36, 36.92s/it][NA] iter=00011 eval=01001 misfit=5.290010e-01 best=5.104469e-01
[NA] iter=00011 eval=01002 misfit=5.166654e-01 best=5.104469e-01
[NA] iter=00011 eval=01003 misfit=5.126735e-01 best=5.104469e-01
[NA] iter=00011 eval=01004 misfit=5.197939e-01 best=5.104469e-01
[NA] iter=00011 eval=01005 misfit=5.196044e-01 best=5.104469e-01
[NA] iter=00011 eval=01006 misfit=5.237616e-01 best=5.104469e-01
[NA] iter=00011 eval=01007 misfit=5.137020e-01 best=5.104469e-01
[NA] iter=00011 eval=01008 misfit=5.181508e-01 best=5.104469e-01
[NA] iter=00011 eval=01009 misfit=5.164117e-01 best=5.104469e-01
[NA] iter=00011 eval=01010 misfit=5.176023e-01 best=5.104469e-01
[NA] iter=00011 eval=01011 misfit=5.170198e-01 best=5.104469e-01
[NA] iter=00011 eval=01012 misfit=5.096151e-01 best=5.096151e-01
[NA] iter=00011 eval=01013 misfit=5.115927e-01 best=5.096151e-01
[NA] iter=00011 eval=01014 misfit=5.112113e-01 best=5.096151e-01
[NA] iter=00011 eval=01015 misfit=5.117671e-01 best=5.096151e-01
[NA] iter=00011 eval=01016 misfit=5.095562e-01 best=5.095562e-01
[NA] iter=00011 eval=01017 misfit=5.196935e-01 best=5.095562e-01
[NA] iter=00011 eval=01018 misfit=5.124898e-01 best=5.095562e-01
[NA] iter=00011 eval=01019 misfit=5.142370e-01 best=5.095562e-01
[NA] iter=00011 eval=01020 misfit=5.172646e-01 best=5.095562e-01
[NA] iter=00011 eval=01021 misfit=5.178702e-01 best=5.095562e-01
[NA] iter=00011 eval=01022 misfit=5.268981e-01 best=5.095562e-01
[NA] iter=00011 eval=01023 misfit=5.204589e-01 best=5.095562e-01
[NA] iter=00011 eval=01024 misfit=5.158532e-01 best=5.095562e-01
[NA] iter=00011 eval=01025 misfit=5.158963e-01 best=5.095562e-01
[NA] iter=00011 eval=01026 misfit=5.170706e-01 best=5.095562e-01
[NA] iter=00011 eval=01027 misfit=5.180905e-01 best=5.095562e-01
[NA] iter=00011 eval=01028 misfit=5.314391e-01 best=5.095562e-01
[NA] iter=00011 eval=01029 misfit=5.149165e-01 best=5.095562e-01
[NA] iter=00011 eval=01030 misfit=5.244246e-01 best=5.095562e-01
[NA] iter=00011 eval=01031 misfit=5.119178e-01 best=5.095562e-01
[NA] iter=00011 eval=01032 misfit=5.163001e-01 best=5.095562e-01
[NA] iter=00011 eval=01033 misfit=5.127197e-01 best=5.095562e-01
[NA] iter=00011 eval=01034 misfit=5.194014e-01 best=5.095562e-01
[NA] iter=00011 eval=01035 misfit=5.165221e-01 best=5.095562e-01
[NA] iter=00011 eval=01036 misfit=5.128635e-01 best=5.095562e-01
[NA] iter=00011 eval=01037 misfit=5.163628e-01 best=5.095562e-01
[NA] iter=00011 eval=01038 misfit=5.161131e-01 best=5.095562e-01
[NA] iter=00011 eval=01039 misfit=5.265909e-01 best=5.095562e-01
[NA] iter=00011 eval=01040 misfit=5.172456e-01 best=5.095562e-01
[NA] iter=00011 eval=01041 misfit=5.164659e-01 best=5.095562e-01
[NA] iter=00011 eval=01042 misfit=5.162322e-01 best=5.095562e-01
[NA] iter=00011 eval=01043 misfit=5.235432e-01 best=5.095562e-01
[NA] iter=00011 eval=01044 misfit=5.308613e-01 best=5.095562e-01
[NA] iter=00011 eval=01045 misfit=5.200719e-01 best=5.095562e-01
[NA] iter=00011 eval=01046 misfit=5.196200e-01 best=5.095562e-01
[NA] iter=00011 eval=01047 misfit=5.122601e-01 best=5.095562e-01
[NA] iter=00011 eval=01048 misfit=5.123478e-01 best=5.095562e-01
[NA] iter=00011 eval=01049 misfit=5.202817e-01 best=5.095562e-01
[NA] iter=00011 eval=01050 misfit=5.199850e-01 best=5.095562e-01
NAI - Optimisation Loop:  22%|██▏       | 11/50 [06:42<23:59, 36.91s/it][NA] iter=00012 eval=01051 misfit=5.156425e-01 best=5.095562e-01
[NA] iter=00012 eval=01052 misfit=5.154100e-01 best=5.095562e-01
[NA] iter=00012 eval=01053 misfit=5.153028e-01 best=5.095562e-01
[NA] iter=00012 eval=01054 misfit=5.170904e-01 best=5.095562e-01
[NA] iter=00012 eval=01055 misfit=5.114011e-01 best=5.095562e-01
[NA] iter=00012 eval=01056 misfit=5.128365e-01 best=5.095562e-01
[NA] iter=00012 eval=01057 misfit=5.093430e-01 best=5.093430e-01
[NA] iter=00012 eval=01058 misfit=5.124911e-01 best=5.093430e-01
[NA] iter=00012 eval=01059 misfit=5.121299e-01 best=5.093430e-01
[NA] iter=00012 eval=01060 misfit=5.090132e-01 best=5.090132e-01
[NA] iter=00012 eval=01061 misfit=5.194881e-01 best=5.090132e-01
[NA] iter=00012 eval=01062 misfit=5.107454e-01 best=5.090132e-01
[NA] iter=00012 eval=01063 misfit=5.163841e-01 best=5.090132e-01
[NA] iter=00012 eval=01064 misfit=5.156137e-01 best=5.090132e-01
[NA] iter=00012 eval=01065 misfit=5.186756e-01 best=5.090132e-01
[NA] iter=00012 eval=01066 misfit=5.191066e-01 best=5.090132e-01
[NA] iter=00012 eval=01067 misfit=5.131529e-01 best=5.090132e-01
[NA] iter=00012 eval=01068 misfit=5.153926e-01 best=5.090132e-01
[NA] iter=00012 eval=01069 misfit=5.142335e-01 best=5.090132e-01
[NA] iter=00012 eval=01070 misfit=5.200949e-01 best=5.090132e-01
[NA] iter=00012 eval=01071 misfit=5.087055e-01 best=5.087055e-01
[NA] iter=00012 eval=01072 misfit=5.124962e-01 best=5.087055e-01
[NA] iter=00012 eval=01073 misfit=5.131304e-01 best=5.087055e-01
[NA] iter=00012 eval=01074 misfit=5.118842e-01 best=5.087055e-01
[NA] iter=00012 eval=01075 misfit=5.141654e-01 best=5.087055e-01
[NA] iter=00012 eval=01076 misfit=5.116059e-01 best=5.087055e-01
[NA] iter=00012 eval=01077 misfit=5.171858e-01 best=5.087055e-01
[NA] iter=00012 eval=01078 misfit=5.125323e-01 best=5.087055e-01
[NA] iter=00012 eval=01079 misfit=5.143611e-01 best=5.087055e-01
[NA] iter=00012 eval=01080 misfit=5.147067e-01 best=5.087055e-01
[NA] iter=00012 eval=01081 misfit=5.159469e-01 best=5.087055e-01
[NA] iter=00012 eval=01082 misfit=5.112783e-01 best=5.087055e-01
[NA] iter=00012 eval=01083 misfit=5.102936e-01 best=5.087055e-01
[NA] iter=00012 eval=01084 misfit=5.166772e-01 best=5.087055e-01
[NA] iter=00012 eval=01085 misfit=5.108804e-01 best=5.087055e-01
[NA] iter=00012 eval=01086 misfit=5.146639e-01 best=5.087055e-01
[NA] iter=00012 eval=01087 misfit=5.152341e-01 best=5.087055e-01
[NA] iter=00012 eval=01088 misfit=5.163515e-01 best=5.087055e-01
[NA] iter=00012 eval=01089 misfit=5.159269e-01 best=5.087055e-01
[NA] iter=00012 eval=01090 misfit=5.145695e-01 best=5.087055e-01
[NA] iter=00012 eval=01091 misfit=5.139767e-01 best=5.087055e-01
[NA] iter=00012 eval=01092 misfit=5.101922e-01 best=5.087055e-01
[NA] iter=00012 eval=01093 misfit=5.192863e-01 best=5.087055e-01
[NA] iter=00012 eval=01094 misfit=5.137389e-01 best=5.087055e-01
[NA] iter=00012 eval=01095 misfit=5.120364e-01 best=5.087055e-01
[NA] iter=00012 eval=01096 misfit=5.121271e-01 best=5.087055e-01
[NA] iter=00012 eval=01097 misfit=5.126479e-01 best=5.087055e-01
[NA] iter=00012 eval=01098 misfit=5.112614e-01 best=5.087055e-01
[NA] iter=00012 eval=01099 misfit=5.115542e-01 best=5.087055e-01
[NA] iter=00012 eval=01100 misfit=5.072067e-01 best=5.072067e-01
NAI - Optimisation Loop:  24%|██▍       | 12/50 [07:19<23:21, 36.87s/it][NA] iter=00013 eval=01101 misfit=5.310392e-01 best=5.072067e-01
[NA] iter=00013 eval=01102 misfit=5.135257e-01 best=5.072067e-01
[NA] iter=00013 eval=01103 misfit=5.119799e-01 best=5.072067e-01
[NA] iter=00013 eval=01104 misfit=5.092000e-01 best=5.072067e-01
[NA] iter=00013 eval=01105 misfit=5.190829e-01 best=5.072067e-01
[NA] iter=00013 eval=01106 misfit=5.154781e-01 best=5.072067e-01
[NA] iter=00013 eval=01107 misfit=5.092252e-01 best=5.072067e-01
[NA] iter=00013 eval=01108 misfit=5.147645e-01 best=5.072067e-01
[NA] iter=00013 eval=01109 misfit=5.116418e-01 best=5.072067e-01
[NA] iter=00013 eval=01110 misfit=5.078865e-01 best=5.072067e-01
[NA] iter=00013 eval=01111 misfit=5.076330e-01 best=5.072067e-01
[NA] iter=00013 eval=01112 misfit=5.191323e-01 best=5.072067e-01
[NA] iter=00013 eval=01113 misfit=5.158420e-01 best=5.072067e-01
[NA] iter=00013 eval=01114 misfit=5.095416e-01 best=5.072067e-01
[NA] iter=00013 eval=01115 misfit=5.157445e-01 best=5.072067e-01
[NA] iter=00013 eval=01116 misfit=5.128347e-01 best=5.072067e-01
[NA] iter=00013 eval=01117 misfit=5.182982e-01 best=5.072067e-01
[NA] iter=00013 eval=01118 misfit=5.180508e-01 best=5.072067e-01
[NA] iter=00013 eval=01119 misfit=5.112527e-01 best=5.072067e-01
[NA] iter=00013 eval=01120 misfit=5.096300e-01 best=5.072067e-01
[NA] iter=00013 eval=01121 misfit=5.087050e-01 best=5.072067e-01
[NA] iter=00013 eval=01122 misfit=5.135330e-01 best=5.072067e-01
[NA] iter=00013 eval=01123 misfit=5.100664e-01 best=5.072067e-01
[NA] iter=00013 eval=01124 misfit=5.097737e-01 best=5.072067e-01
[NA] iter=00013 eval=01125 misfit=5.164132e-01 best=5.072067e-01
[NA] iter=00013 eval=01126 misfit=5.127761e-01 best=5.072067e-01
[NA] iter=00013 eval=01127 misfit=5.188898e-01 best=5.072067e-01
[NA] iter=00013 eval=01128 misfit=5.145027e-01 best=5.072067e-01
[NA] iter=00013 eval=01129 misfit=5.156895e-01 best=5.072067e-01
[NA] iter=00013 eval=01130 misfit=5.138703e-01 best=5.072067e-01
[NA] iter=00013 eval=01131 misfit=5.122603e-01 best=5.072067e-01
[NA] iter=00013 eval=01132 misfit=5.107471e-01 best=5.072067e-01
[NA] iter=00013 eval=01133 misfit=5.135751e-01 best=5.072067e-01
[NA] iter=00013 eval=01134 misfit=5.142012e-01 best=5.072067e-01
[NA] iter=00013 eval=01135 misfit=5.157924e-01 best=5.072067e-01
[NA] iter=00013 eval=01136 misfit=5.121686e-01 best=5.072067e-01
[NA] iter=00013 eval=01137 misfit=5.083950e-01 best=5.072067e-01
[NA] iter=00013 eval=01138 misfit=5.179723e-01 best=5.072067e-01
[NA] iter=00013 eval=01139 misfit=5.119497e-01 best=5.072067e-01
[NA] iter=00013 eval=01140 misfit=5.125397e-01 best=5.072067e-01
[NA] iter=00013 eval=01141 misfit=5.112030e-01 best=5.072067e-01
[NA] iter=00013 eval=01142 misfit=5.113078e-01 best=5.072067e-01
[NA] iter=00013 eval=01143 misfit=5.118980e-01 best=5.072067e-01
[NA] iter=00013 eval=01144 misfit=5.140540e-01 best=5.072067e-01
[NA] iter=00013 eval=01145 misfit=5.111350e-01 best=5.072067e-01
[NA] iter=00013 eval=01146 misfit=5.206826e-01 best=5.072067e-01
[NA] iter=00013 eval=01147 misfit=5.099494e-01 best=5.072067e-01
[NA] iter=00013 eval=01148 misfit=5.121423e-01 best=5.072067e-01
[NA] iter=00013 eval=01149 misfit=5.184202e-01 best=5.072067e-01
[NA] iter=00013 eval=01150 misfit=5.156041e-01 best=5.072067e-01
NAI - Optimisation Loop:  26%|██▌       | 13/50 [07:53<22:10, 35.97s/it][NA] iter=00014 eval=01151 misfit=5.117816e-01 best=5.072067e-01
[NA] iter=00014 eval=01152 misfit=5.070527e-01 best=5.070527e-01
[NA] iter=00014 eval=01153 misfit=5.108313e-01 best=5.070527e-01
[NA] iter=00014 eval=01154 misfit=5.100422e-01 best=5.070527e-01
[NA] iter=00014 eval=01155 misfit=5.115691e-01 best=5.070527e-01
[NA] iter=00014 eval=01156 misfit=5.078689e-01 best=5.070527e-01
[NA] iter=00014 eval=01157 misfit=5.088940e-01 best=5.070527e-01
[NA] iter=00014 eval=01158 misfit=5.152528e-01 best=5.070527e-01
[NA] iter=00014 eval=01159 misfit=5.126658e-01 best=5.070527e-01
[NA] iter=00014 eval=01160 misfit=5.150925e-01 best=5.070527e-01
[NA] iter=00014 eval=01161 misfit=5.104779e-01 best=5.070527e-01
[NA] iter=00014 eval=01162 misfit=5.117613e-01 best=5.070527e-01
[NA] iter=00014 eval=01163 misfit=5.126600e-01 best=5.070527e-01
[NA] iter=00014 eval=01164 misfit=5.127626e-01 best=5.070527e-01
[NA] iter=00014 eval=01165 misfit=5.105551e-01 best=5.070527e-01
[NA] iter=00014 eval=01166 misfit=5.143890e-01 best=5.070527e-01
[NA] iter=00014 eval=01167 misfit=5.184044e-01 best=5.070527e-01
[NA] iter=00014 eval=01168 misfit=5.116005e-01 best=5.070527e-01
[NA] iter=00014 eval=01169 misfit=5.152594e-01 best=5.070527e-01
[NA] iter=00014 eval=01170 misfit=5.177014e-01 best=5.070527e-01
[NA] iter=00014 eval=01171 misfit=5.104979e-01 best=5.070527e-01
[NA] iter=00014 eval=01172 misfit=5.113490e-01 best=5.070527e-01
[NA] iter=00014 eval=01173 misfit=5.114687e-01 best=5.070527e-01
[NA] iter=00014 eval=01174 misfit=5.097829e-01 best=5.070527e-01
[NA] iter=00014 eval=01175 misfit=5.097812e-01 best=5.070527e-01
[NA] iter=00014 eval=01176 misfit=5.150670e-01 best=5.070527e-01
[NA] iter=00014 eval=01177 misfit=5.138124e-01 best=5.070527e-01
[NA] iter=00014 eval=01178 misfit=5.140805e-01 best=5.070527e-01
[NA] iter=00014 eval=01179 misfit=5.085328e-01 best=5.070527e-01
[NA] iter=00014 eval=01180 misfit=5.189106e-01 best=5.070527e-01
[NA] iter=00014 eval=01181 misfit=5.121549e-01 best=5.070527e-01
[NA] iter=00014 eval=01182 misfit=5.111896e-01 best=5.070527e-01
[NA] iter=00014 eval=01183 misfit=5.153643e-01 best=5.070527e-01
[NA] iter=00014 eval=01184 misfit=5.150463e-01 best=5.070527e-01
[NA] iter=00014 eval=01185 misfit=5.110599e-01 best=5.070527e-01
[NA] iter=00014 eval=01186 misfit=5.246168e-01 best=5.070527e-01
[NA] iter=00014 eval=01187 misfit=5.221041e-01 best=5.070527e-01
[NA] iter=00014 eval=01188 misfit=5.222906e-01 best=5.070527e-01
[NA] iter=00014 eval=01189 misfit=5.314681e-01 best=5.070527e-01
[NA] iter=00014 eval=01190 misfit=5.084957e-01 best=5.070527e-01
[NA] iter=00014 eval=01191 misfit=5.201133e-01 best=5.070527e-01
[NA] iter=00014 eval=01192 misfit=5.195538e-01 best=5.070527e-01
[NA] iter=00014 eval=01193 misfit=5.160950e-01 best=5.070527e-01
[NA] iter=00014 eval=01194 misfit=5.186879e-01 best=5.070527e-01
[NA] iter=00014 eval=01195 misfit=5.082860e-01 best=5.070527e-01
[NA] iter=00014 eval=01196 misfit=5.119711e-01 best=5.070527e-01
[NA] iter=00014 eval=01197 misfit=5.119096e-01 best=5.070527e-01
[NA] iter=00014 eval=01198 misfit=5.105814e-01 best=5.070527e-01
[NA] iter=00014 eval=01199 misfit=5.106578e-01 best=5.070527e-01
[NA] iter=00014 eval=01200 misfit=5.115132e-01 best=5.070527e-01
NAI - Optimisation Loop:  28%|██▊       | 14/50 [08:29<21:36, 36.00s/it][NA] iter=00015 eval=01201 misfit=5.085396e-01 best=5.070527e-01
[NA] iter=00015 eval=01202 misfit=5.098340e-01 best=5.070527e-01
[NA] iter=00015 eval=01203 misfit=5.114341e-01 best=5.070527e-01
[NA] iter=00015 eval=01204 misfit=5.144929e-01 best=5.070527e-01
[NA] iter=00015 eval=01205 misfit=5.152873e-01 best=5.070527e-01
[NA] iter=00015 eval=01206 misfit=5.103605e-01 best=5.070527e-01
[NA] iter=00015 eval=01207 misfit=5.100812e-01 best=5.070527e-01
[NA] iter=00015 eval=01208 misfit=5.079989e-01 best=5.070527e-01
[NA] iter=00015 eval=01209 misfit=5.217933e-01 best=5.070527e-01
[NA] iter=00015 eval=01210 misfit=5.195212e-01 best=5.070527e-01
[NA] iter=00015 eval=01211 misfit=5.154606e-01 best=5.070527e-01
[NA] iter=00015 eval=01212 misfit=5.075044e-01 best=5.070527e-01
[NA] iter=00015 eval=01213 misfit=5.157432e-01 best=5.070527e-01
[NA] iter=00015 eval=01214 misfit=5.098043e-01 best=5.070527e-01
[NA] iter=00015 eval=01215 misfit=5.142191e-01 best=5.070527e-01
[NA] iter=00015 eval=01216 misfit=5.158377e-01 best=5.070527e-01
[NA] iter=00015 eval=01217 misfit=5.121783e-01 best=5.070527e-01
[NA] iter=00015 eval=01218 misfit=5.104454e-01 best=5.070527e-01
[NA] iter=00015 eval=01219 misfit=5.105559e-01 best=5.070527e-01
[NA] iter=00015 eval=01220 misfit=5.119135e-01 best=5.070527e-01
[NA] iter=00015 eval=01221 misfit=5.134298e-01 best=5.070527e-01
[NA] iter=00015 eval=01222 misfit=5.138410e-01 best=5.070527e-01
[NA] iter=00015 eval=01223 misfit=5.143334e-01 best=5.070527e-01
[NA] iter=00015 eval=01224 misfit=5.106066e-01 best=5.070527e-01
[NA] iter=00015 eval=01225 misfit=5.129813e-01 best=5.070527e-01
[NA] iter=00015 eval=01226 misfit=5.148093e-01 best=5.070527e-01
[NA] iter=00015 eval=01227 misfit=5.162384e-01 best=5.070527e-01
[NA] iter=00015 eval=01228 misfit=5.153682e-01 best=5.070527e-01
[NA] iter=00015 eval=01229 misfit=5.084319e-01 best=5.070527e-01
[NA] iter=00015 eval=01230 misfit=5.149119e-01 best=5.070527e-01
[NA] iter=00015 eval=01231 misfit=5.110634e-01 best=5.070527e-01
[NA] iter=00015 eval=01232 misfit=5.169815e-01 best=5.070527e-01
[NA] iter=00015 eval=01233 misfit=5.048273e-01 best=5.048273e-01
[NA] iter=00015 eval=01234 misfit=5.089619e-01 best=5.048273e-01
[NA] iter=00015 eval=01235 misfit=5.111251e-01 best=5.048273e-01
[NA] iter=00015 eval=01236 misfit=5.135757e-01 best=5.048273e-01
[NA] iter=00015 eval=01237 misfit=5.200633e-01 best=5.048273e-01
[NA] iter=00015 eval=01238 misfit=5.125416e-01 best=5.048273e-01
[NA] iter=00015 eval=01239 misfit=5.277142e-01 best=5.048273e-01
[NA] iter=00015 eval=01240 misfit=5.081834e-01 best=5.048273e-01
[NA] iter=00015 eval=01241 misfit=5.132118e-01 best=5.048273e-01
[NA] iter=00015 eval=01242 misfit=5.128970e-01 best=5.048273e-01
[NA] iter=00015 eval=01243 misfit=5.076677e-01 best=5.048273e-01
[NA] iter=00015 eval=01244 misfit=5.072473e-01 best=5.048273e-01
[NA] iter=00015 eval=01245 misfit=5.130292e-01 best=5.048273e-01
[NA] iter=00015 eval=01246 misfit=5.091860e-01 best=5.048273e-01
[NA] iter=00015 eval=01247 misfit=5.090880e-01 best=5.048273e-01
[NA] iter=00015 eval=01248 misfit=5.102911e-01 best=5.048273e-01
[NA] iter=00015 eval=01249 misfit=5.095280e-01 best=5.048273e-01
[NA] iter=00015 eval=01250 misfit=5.120042e-01 best=5.048273e-01
NAI - Optimisation Loop:  30%|███       | 15/50 [09:05<20:55, 35.88s/it][NA] iter=00016 eval=01251 misfit=5.073557e-01 best=5.048273e-01
[NA] iter=00016 eval=01252 misfit=5.075597e-01 best=5.048273e-01
[NA] iter=00016 eval=01253 misfit=5.155494e-01 best=5.048273e-01
[NA] iter=00016 eval=01254 misfit=5.258470e-01 best=5.048273e-01
[NA] iter=00016 eval=01255 misfit=5.173036e-01 best=5.048273e-01
[NA] iter=00016 eval=01256 misfit=5.077316e-01 best=5.048273e-01
[NA] iter=00016 eval=01257 misfit=5.106797e-01 best=5.048273e-01
[NA] iter=00016 eval=01258 misfit=5.094579e-01 best=5.048273e-01
[NA] iter=00016 eval=01259 misfit=5.098854e-01 best=5.048273e-01
[NA] iter=00016 eval=01260 misfit=5.121092e-01 best=5.048273e-01
[NA] iter=00016 eval=01261 misfit=5.106740e-01 best=5.048273e-01
[NA] iter=00016 eval=01262 misfit=5.083428e-01 best=5.048273e-01
[NA] iter=00016 eval=01263 misfit=5.100359e-01 best=5.048273e-01
[NA] iter=00016 eval=01264 misfit=5.069384e-01 best=5.048273e-01
[NA] iter=00016 eval=01265 misfit=5.101771e-01 best=5.048273e-01
[NA] iter=00016 eval=01266 misfit=5.107724e-01 best=5.048273e-01
[NA] iter=00016 eval=01267 misfit=5.099673e-01 best=5.048273e-01
[NA] iter=00016 eval=01268 misfit=5.074800e-01 best=5.048273e-01
[NA] iter=00016 eval=01269 misfit=5.104386e-01 best=5.048273e-01
[NA] iter=00016 eval=01270 misfit=5.081429e-01 best=5.048273e-01
[NA] iter=00016 eval=01271 misfit=5.146587e-01 best=5.048273e-01
[NA] iter=00016 eval=01272 misfit=5.117083e-01 best=5.048273e-01
[NA] iter=00016 eval=01273 misfit=5.135653e-01 best=5.048273e-01
[NA] iter=00016 eval=01274 misfit=5.085142e-01 best=5.048273e-01
[NA] iter=00016 eval=01275 misfit=5.202515e-01 best=5.048273e-01
[NA] iter=00016 eval=01276 misfit=5.147054e-01 best=5.048273e-01
[NA] iter=00016 eval=01277 misfit=5.101875e-01 best=5.048273e-01
[NA] iter=00016 eval=01278 misfit=5.098452e-01 best=5.048273e-01
[NA] iter=00016 eval=01279 misfit=5.088920e-01 best=5.048273e-01
[NA] iter=00016 eval=01280 misfit=5.144735e-01 best=5.048273e-01
[NA] iter=00016 eval=01281 misfit=5.147267e-01 best=5.048273e-01
[NA] iter=00016 eval=01282 misfit=5.095113e-01 best=5.048273e-01
[NA] iter=00016 eval=01283 misfit=5.126116e-01 best=5.048273e-01
[NA] iter=00016 eval=01284 misfit=5.083696e-01 best=5.048273e-01
[NA] iter=00016 eval=01285 misfit=5.089781e-01 best=5.048273e-01
[NA] iter=00016 eval=01286 misfit=5.091219e-01 best=5.048273e-01
[NA] iter=00016 eval=01287 misfit=5.168663e-01 best=5.048273e-01
[NA] iter=00016 eval=01288 misfit=5.095919e-01 best=5.048273e-01
[NA] iter=00016 eval=01289 misfit=5.159985e-01 best=5.048273e-01
[NA] iter=00016 eval=01290 misfit=5.097155e-01 best=5.048273e-01
[NA] iter=00016 eval=01291 misfit=5.144244e-01 best=5.048273e-01
[NA] iter=00016 eval=01292 misfit=5.115548e-01 best=5.048273e-01
[NA] iter=00016 eval=01293 misfit=5.133475e-01 best=5.048273e-01
[NA] iter=00016 eval=01294 misfit=5.102017e-01 best=5.048273e-01
[NA] iter=00016 eval=01295 misfit=5.153682e-01 best=5.048273e-01
[NA] iter=00016 eval=01296 misfit=5.081442e-01 best=5.048273e-01
[NA] iter=00016 eval=01297 misfit=5.095104e-01 best=5.048273e-01
[NA] iter=00016 eval=01298 misfit=5.114956e-01 best=5.048273e-01
[NA] iter=00016 eval=01299 misfit=5.089637e-01 best=5.048273e-01
[NA] iter=00016 eval=01300 misfit=5.046647e-01 best=5.046647e-01
NAI - Optimisation Loop:  32%|███▏      | 16/50 [09:42<20:37, 36.40s/it][NA] iter=00017 eval=01301 misfit=5.040773e-01 best=5.040773e-01
[NA] iter=00017 eval=01302 misfit=5.084639e-01 best=5.040773e-01
[NA] iter=00017 eval=01303 misfit=5.140404e-01 best=5.040773e-01
[NA] iter=00017 eval=01304 misfit=5.065444e-01 best=5.040773e-01
[NA] iter=00017 eval=01305 misfit=5.239580e-01 best=5.040773e-01
[NA] iter=00017 eval=01306 misfit=5.090890e-01 best=5.040773e-01
[NA] iter=00017 eval=01307 misfit=5.113056e-01 best=5.040773e-01
[NA] iter=00017 eval=01308 misfit=5.104300e-01 best=5.040773e-01
[NA] iter=00017 eval=01309 misfit=5.123412e-01 best=5.040773e-01
[NA] iter=00017 eval=01310 misfit=5.119046e-01 best=5.040773e-01
[NA] iter=00017 eval=01311 misfit=5.081069e-01 best=5.040773e-01
[NA] iter=00017 eval=01312 misfit=5.109094e-01 best=5.040773e-01
[NA] iter=00017 eval=01313 misfit=5.054613e-01 best=5.040773e-01
[NA] iter=00017 eval=01314 misfit=5.104564e-01 best=5.040773e-01
[NA] iter=00017 eval=01315 misfit=5.073654e-01 best=5.040773e-01
[NA] iter=00017 eval=01316 misfit=5.090729e-01 best=5.040773e-01
[NA] iter=00017 eval=01317 misfit=5.069144e-01 best=5.040773e-01
[NA] iter=00017 eval=01318 misfit=5.070096e-01 best=5.040773e-01
[NA] iter=00017 eval=01319 misfit=5.074539e-01 best=5.040773e-01
[NA] iter=00017 eval=01320 misfit=5.074417e-01 best=5.040773e-01
[NA] iter=00017 eval=01321 misfit=5.111445e-01 best=5.040773e-01
[NA] iter=00017 eval=01322 misfit=5.083467e-01 best=5.040773e-01
[NA] iter=00017 eval=01323 misfit=5.110311e-01 best=5.040773e-01
[NA] iter=00017 eval=01324 misfit=5.111529e-01 best=5.040773e-01
[NA] iter=00017 eval=01325 misfit=5.106711e-01 best=5.040773e-01
[NA] iter=00017 eval=01326 misfit=5.109356e-01 best=5.040773e-01
[NA] iter=00017 eval=01327 misfit=5.083698e-01 best=5.040773e-01
[NA] iter=00017 eval=01328 misfit=5.072634e-01 best=5.040773e-01
[NA] iter=00017 eval=01329 misfit=5.078158e-01 best=5.040773e-01
[NA] iter=00017 eval=01330 misfit=5.076164e-01 best=5.040773e-01
[NA] iter=00017 eval=01331 misfit=5.132597e-01 best=5.040773e-01
[NA] iter=00017 eval=01332 misfit=5.140136e-01 best=5.040773e-01
[NA] iter=00017 eval=01333 misfit=5.094416e-01 best=5.040773e-01
[NA] iter=00017 eval=01334 misfit=5.153992e-01 best=5.040773e-01
[NA] iter=00017 eval=01335 misfit=5.128260e-01 best=5.040773e-01
[NA] iter=00017 eval=01336 misfit=5.101359e-01 best=5.040773e-01
[NA] iter=00017 eval=01337 misfit=5.077053e-01 best=5.040773e-01
[NA] iter=00017 eval=01338 misfit=5.080194e-01 best=5.040773e-01
[NA] iter=00017 eval=01339 misfit=5.079440e-01 best=5.040773e-01
[NA] iter=00017 eval=01340 misfit=5.084952e-01 best=5.040773e-01
[NA] iter=00017 eval=01341 misfit=5.130182e-01 best=5.040773e-01
[NA] iter=00017 eval=01342 misfit=5.126200e-01 best=5.040773e-01
[NA] iter=00017 eval=01343 misfit=5.110738e-01 best=5.040773e-01
[NA] iter=00017 eval=01344 misfit=5.128182e-01 best=5.040773e-01
[NA] iter=00017 eval=01345 misfit=5.099216e-01 best=5.040773e-01
[NA] iter=00017 eval=01346 misfit=5.163903e-01 best=5.040773e-01
[NA] iter=00017 eval=01347 misfit=5.136669e-01 best=5.040773e-01
[NA] iter=00017 eval=01348 misfit=5.161957e-01 best=5.040773e-01
[NA] iter=00017 eval=01349 misfit=5.121923e-01 best=5.040773e-01
[NA] iter=00017 eval=01350 misfit=5.160774e-01 best=5.040773e-01
NAI - Optimisation Loop:  34%|███▍      | 17/50 [10:19<20:04, 36.50s/it][NA] iter=00018 eval=01351 misfit=5.172252e-01 best=5.040773e-01
[NA] iter=00018 eval=01352 misfit=5.101702e-01 best=5.040773e-01
[NA] iter=00018 eval=01353 misfit=5.092657e-01 best=5.040773e-01
[NA] iter=00018 eval=01354 misfit=5.151099e-01 best=5.040773e-01
[NA] iter=00018 eval=01355 misfit=5.142007e-01 best=5.040773e-01
[NA] iter=00018 eval=01356 misfit=5.162150e-01 best=5.040773e-01
[NA] iter=00018 eval=01357 misfit=5.235409e-01 best=5.040773e-01
[NA] iter=00018 eval=01358 misfit=5.056750e-01 best=5.040773e-01
[NA] iter=00018 eval=01359 misfit=5.121428e-01 best=5.040773e-01
[NA] iter=00018 eval=01360 misfit=5.059991e-01 best=5.040773e-01
[NA] iter=00018 eval=01361 misfit=5.085834e-01 best=5.040773e-01
[NA] iter=00018 eval=01362 misfit=5.081434e-01 best=5.040773e-01
[NA] iter=00018 eval=01363 misfit=5.094610e-01 best=5.040773e-01
[NA] iter=00018 eval=01364 misfit=5.092845e-01 best=5.040773e-01
[NA] iter=00018 eval=01365 misfit=5.092244e-01 best=5.040773e-01
[NA] iter=00018 eval=01366 misfit=5.072350e-01 best=5.040773e-01
[NA] iter=00018 eval=01367 misfit=5.075315e-01 best=5.040773e-01
[NA] iter=00018 eval=01368 misfit=5.100188e-01 best=5.040773e-01
[NA] iter=00018 eval=01369 misfit=5.096194e-01 best=5.040773e-01
[NA] iter=00018 eval=01370 misfit=5.052294e-01 best=5.040773e-01
[NA] iter=00018 eval=01371 misfit=5.084851e-01 best=5.040773e-01
[NA] iter=00018 eval=01372 misfit=5.245383e-01 best=5.040773e-01
[NA] iter=00018 eval=01373 misfit=5.096057e-01 best=5.040773e-01
[NA] iter=00018 eval=01374 misfit=5.073712e-01 best=5.040773e-01
[NA] iter=00018 eval=01375 misfit=5.110934e-01 best=5.040773e-01
[NA] iter=00018 eval=01376 misfit=5.108717e-01 best=5.040773e-01
[NA] iter=00018 eval=01377 misfit=5.051570e-01 best=5.040773e-01
[NA] iter=00018 eval=01378 misfit=5.085270e-01 best=5.040773e-01
[NA] iter=00018 eval=01379 misfit=5.048380e-01 best=5.040773e-01
[NA] iter=00018 eval=01380 misfit=5.104778e-01 best=5.040773e-01
[NA] iter=00018 eval=01381 misfit=5.101945e-01 best=5.040773e-01
[NA] iter=00018 eval=01382 misfit=5.070105e-01 best=5.040773e-01
[NA] iter=00018 eval=01383 misfit=5.100571e-01 best=5.040773e-01
[NA] iter=00018 eval=01384 misfit=5.065800e-01 best=5.040773e-01
[NA] iter=00018 eval=01385 misfit=5.078462e-01 best=5.040773e-01
[NA] iter=00018 eval=01386 misfit=5.150810e-01 best=5.040773e-01
[NA] iter=00018 eval=01387 misfit=5.048776e-01 best=5.040773e-01
[NA] iter=00018 eval=01388 misfit=5.088597e-01 best=5.040773e-01
[NA] iter=00018 eval=01389 misfit=5.076235e-01 best=5.040773e-01
[NA] iter=00018 eval=01390 misfit=5.083687e-01 best=5.040773e-01
[NA] iter=00018 eval=01391 misfit=5.092275e-01 best=5.040773e-01
[NA] iter=00018 eval=01392 misfit=5.099116e-01 best=5.040773e-01
[NA] iter=00018 eval=01393 misfit=5.069116e-01 best=5.040773e-01
[NA] iter=00018 eval=01394 misfit=5.050306e-01 best=5.040773e-01
[NA] iter=00018 eval=01395 misfit=5.097071e-01 best=5.040773e-01
[NA] iter=00018 eval=01396 misfit=5.065443e-01 best=5.040773e-01
[NA] iter=00018 eval=01397 misfit=5.099372e-01 best=5.040773e-01
[NA] iter=00018 eval=01398 misfit=5.074578e-01 best=5.040773e-01
[NA] iter=00018 eval=01399 misfit=5.068364e-01 best=5.040773e-01
[NA] iter=00018 eval=01400 misfit=5.110115e-01 best=5.040773e-01
NAI - Optimisation Loop:  36%|███▌      | 18/50 [10:55<19:25, 36.43s/it][NA] iter=00019 eval=01401 misfit=5.132310e-01 best=5.040773e-01
[NA] iter=00019 eval=01402 misfit=5.092842e-01 best=5.040773e-01
[NA] iter=00019 eval=01403 misfit=5.125884e-01 best=5.040773e-01
[NA] iter=00019 eval=01404 misfit=5.041257e-01 best=5.040773e-01
[NA] iter=00019 eval=01405 misfit=5.052319e-01 best=5.040773e-01
[NA] iter=00019 eval=01406 misfit=5.069054e-01 best=5.040773e-01
[NA] iter=00019 eval=01407 misfit=5.103039e-01 best=5.040773e-01
[NA] iter=00019 eval=01408 misfit=5.090815e-01 best=5.040773e-01
[NA] iter=00019 eval=01409 misfit=5.091649e-01 best=5.040773e-01
[NA] iter=00019 eval=01410 misfit=5.102969e-01 best=5.040773e-01
[NA] iter=00019 eval=01411 misfit=5.099061e-01 best=5.040773e-01
[NA] iter=00019 eval=01412 misfit=5.092589e-01 best=5.040773e-01
[NA] iter=00019 eval=01413 misfit=5.103072e-01 best=5.040773e-01
[NA] iter=00019 eval=01414 misfit=5.110050e-01 best=5.040773e-01
[NA] iter=00019 eval=01415 misfit=5.086194e-01 best=5.040773e-01
[NA] iter=00019 eval=01416 misfit=5.067552e-01 best=5.040773e-01
[NA] iter=00019 eval=01417 misfit=5.072486e-01 best=5.040773e-01
[NA] iter=00019 eval=01418 misfit=5.097490e-01 best=5.040773e-01
[NA] iter=00019 eval=01419 misfit=5.078597e-01 best=5.040773e-01
[NA] iter=00019 eval=01420 misfit=5.050065e-01 best=5.040773e-01
[NA] iter=00019 eval=01421 misfit=5.070672e-01 best=5.040773e-01
[NA] iter=00019 eval=01422 misfit=5.107258e-01 best=5.040773e-01
[NA] iter=00019 eval=01423 misfit=5.095467e-01 best=5.040773e-01
[NA] iter=00019 eval=01424 misfit=5.108316e-01 best=5.040773e-01
[NA] iter=00019 eval=01425 misfit=5.105252e-01 best=5.040773e-01
[NA] iter=00019 eval=01426 misfit=5.052553e-01 best=5.040773e-01
[NA] iter=00019 eval=01427 misfit=5.075547e-01 best=5.040773e-01
[NA] iter=00019 eval=01428 misfit=5.096926e-01 best=5.040773e-01
[NA] iter=00019 eval=01429 misfit=5.048262e-01 best=5.040773e-01
[NA] iter=00019 eval=01430 misfit=5.103498e-01 best=5.040773e-01
[NA] iter=00019 eval=01431 misfit=5.087047e-01 best=5.040773e-01
[NA] iter=00019 eval=01432 misfit=5.071774e-01 best=5.040773e-01
[NA] iter=00019 eval=01433 misfit=5.090731e-01 best=5.040773e-01
[NA] iter=00019 eval=01434 misfit=5.110674e-01 best=5.040773e-01
[NA] iter=00019 eval=01435 misfit=5.142611e-01 best=5.040773e-01
[NA] iter=00019 eval=01436 misfit=5.077520e-01 best=5.040773e-01
[NA] iter=00019 eval=01437 misfit=5.064057e-01 best=5.040773e-01
[NA] iter=00019 eval=01438 misfit=5.111193e-01 best=5.040773e-01
[NA] iter=00019 eval=01439 misfit=5.112919e-01 best=5.040773e-01
[NA] iter=00019 eval=01440 misfit=5.091443e-01 best=5.040773e-01
[NA] iter=00019 eval=01441 misfit=5.067698e-01 best=5.040773e-01
[NA] iter=00019 eval=01442 misfit=5.097470e-01 best=5.040773e-01
[NA] iter=00019 eval=01443 misfit=5.053799e-01 best=5.040773e-01
[NA] iter=00019 eval=01444 misfit=5.097293e-01 best=5.040773e-01
[NA] iter=00019 eval=01445 misfit=5.059344e-01 best=5.040773e-01
[NA] iter=00019 eval=01446 misfit=5.093917e-01 best=5.040773e-01
[NA] iter=00019 eval=01447 misfit=5.059665e-01 best=5.040773e-01
[NA] iter=00019 eval=01448 misfit=5.064210e-01 best=5.040773e-01
[NA] iter=00019 eval=01449 misfit=5.104029e-01 best=5.040773e-01
[NA] iter=00019 eval=01450 misfit=5.088081e-01 best=5.040773e-01
NAI - Optimisation Loop:  38%|███▊      | 19/50 [11:32<18:49, 36.44s/it][NA] iter=00020 eval=01451 misfit=5.049661e-01 best=5.040773e-01
[NA] iter=00020 eval=01452 misfit=5.060946e-01 best=5.040773e-01
[NA] iter=00020 eval=01453 misfit=5.069504e-01 best=5.040773e-01
[NA] iter=00020 eval=01454 misfit=5.072389e-01 best=5.040773e-01
[NA] iter=00020 eval=01455 misfit=5.069683e-01 best=5.040773e-01
[NA] iter=00020 eval=01456 misfit=5.045497e-01 best=5.040773e-01
[NA] iter=00020 eval=01457 misfit=5.120223e-01 best=5.040773e-01
[NA] iter=00020 eval=01458 misfit=5.041957e-01 best=5.040773e-01
[NA] iter=00020 eval=01459 misfit=5.113233e-01 best=5.040773e-01
[NA] iter=00020 eval=01460 misfit=5.053106e-01 best=5.040773e-01
[NA] iter=00020 eval=01461 misfit=5.097338e-01 best=5.040773e-01
[NA] iter=00020 eval=01462 misfit=5.081154e-01 best=5.040773e-01
[NA] iter=00020 eval=01463 misfit=5.120229e-01 best=5.040773e-01
[NA] iter=00020 eval=01464 misfit=5.109341e-01 best=5.040773e-01
[NA] iter=00020 eval=01465 misfit=5.093470e-01 best=5.040773e-01
[NA] iter=00020 eval=01466 misfit=5.095921e-01 best=5.040773e-01
[NA] iter=00020 eval=01467 misfit=5.096078e-01 best=5.040773e-01
[NA] iter=00020 eval=01468 misfit=5.074544e-01 best=5.040773e-01
[NA] iter=00020 eval=01469 misfit=5.075134e-01 best=5.040773e-01
[NA] iter=00020 eval=01470 misfit=5.073610e-01 best=5.040773e-01
[NA] iter=00020 eval=01471 misfit=5.054233e-01 best=5.040773e-01
[NA] iter=00020 eval=01472 misfit=5.094304e-01 best=5.040773e-01
[NA] iter=00020 eval=01473 misfit=5.089050e-01 best=5.040773e-01
[NA] iter=00020 eval=01474 misfit=5.057049e-01 best=5.040773e-01
[NA] iter=00020 eval=01475 misfit=5.055433e-01 best=5.040773e-01
[NA] iter=00020 eval=01476 misfit=5.043886e-01 best=5.040773e-01
[NA] iter=00020 eval=01477 misfit=5.096679e-01 best=5.040773e-01
[NA] iter=00020 eval=01478 misfit=5.082304e-01 best=5.040773e-01
[NA] iter=00020 eval=01479 misfit=5.050549e-01 best=5.040773e-01
[NA] iter=00020 eval=01480 misfit=5.069220e-01 best=5.040773e-01
[NA] iter=00020 eval=01481 misfit=5.043649e-01 best=5.040773e-01
[NA] iter=00020 eval=01482 misfit=5.100197e-01 best=5.040773e-01
[NA] iter=00020 eval=01483 misfit=5.100744e-01 best=5.040773e-01
[NA] iter=00020 eval=01484 misfit=5.096244e-01 best=5.040773e-01
[NA] iter=00020 eval=01485 misfit=5.090702e-01 best=5.040773e-01
[NA] iter=00020 eval=01486 misfit=5.124876e-01 best=5.040773e-01
[NA] iter=00020 eval=01487 misfit=5.166707e-01 best=5.040773e-01
[NA] iter=00020 eval=01488 misfit=5.028983e-01 best=5.028983e-01
[NA] iter=00020 eval=01489 misfit=5.067558e-01 best=5.028983e-01
[NA] iter=00020 eval=01490 misfit=5.052702e-01 best=5.028983e-01
[NA] iter=00020 eval=01491 misfit=5.051119e-01 best=5.028983e-01
[NA] iter=00020 eval=01492 misfit=5.100610e-01 best=5.028983e-01
[NA] iter=00020 eval=01493 misfit=5.050231e-01 best=5.028983e-01
[NA] iter=00020 eval=01494 misfit=5.048250e-01 best=5.028983e-01
[NA] iter=00020 eval=01495 misfit=5.071232e-01 best=5.028983e-01
[NA] iter=00020 eval=01496 misfit=5.075480e-01 best=5.028983e-01
[NA] iter=00020 eval=01497 misfit=5.075679e-01 best=5.028983e-01
[NA] iter=00020 eval=01498 misfit=5.072234e-01 best=5.028983e-01
[NA] iter=00020 eval=01499 misfit=5.072617e-01 best=5.028983e-01
[NA] iter=00020 eval=01500 misfit=5.096975e-01 best=5.028983e-01
NAI - Optimisation Loop:  40%|████      | 20/50 [12:06<17:51, 35.72s/it][NA] iter=00021 eval=01501 misfit=5.126893e-01 best=5.028983e-01
[NA] iter=00021 eval=01502 misfit=5.042831e-01 best=5.028983e-01
[NA] iter=00021 eval=01503 misfit=5.090622e-01 best=5.028983e-01
[NA] iter=00021 eval=01504 misfit=5.045204e-01 best=5.028983e-01
[NA] iter=00021 eval=01505 misfit=5.100996e-01 best=5.028983e-01
[NA] iter=00021 eval=01506 misfit=5.047027e-01 best=5.028983e-01
[NA] iter=00021 eval=01507 misfit=5.065917e-01 best=5.028983e-01
[NA] iter=00021 eval=01508 misfit=5.064686e-01 best=5.028983e-01
[NA] iter=00021 eval=01509 misfit=5.063667e-01 best=5.028983e-01
[NA] iter=00021 eval=01510 misfit=5.062688e-01 best=5.028983e-01
[NA] iter=00021 eval=01511 misfit=5.040620e-01 best=5.028983e-01
[NA] iter=00021 eval=01512 misfit=5.048688e-01 best=5.028983e-01
[NA] iter=00021 eval=01513 misfit=5.041035e-01 best=5.028983e-01
[NA] iter=00021 eval=01514 misfit=5.046772e-01 best=5.028983e-01
[NA] iter=00021 eval=01515 misfit=5.065842e-01 best=5.028983e-01
[NA] iter=00021 eval=01516 misfit=5.106259e-01 best=5.028983e-01
[NA] iter=00021 eval=01517 misfit=5.029207e-01 best=5.028983e-01
[NA] iter=00021 eval=01518 misfit=5.043120e-01 best=5.028983e-01
[NA] iter=00021 eval=01519 misfit=5.105819e-01 best=5.028983e-01
[NA] iter=00021 eval=01520 misfit=5.055218e-01 best=5.028983e-01
[NA] iter=00021 eval=01521 misfit=5.059774e-01 best=5.028983e-01
[NA] iter=00021 eval=01522 misfit=5.066546e-01 best=5.028983e-01
[NA] iter=00021 eval=01523 misfit=5.072101e-01 best=5.028983e-01
[NA] iter=00021 eval=01524 misfit=5.037212e-01 best=5.028983e-01
[NA] iter=00021 eval=01525 misfit=5.093182e-01 best=5.028983e-01
[NA] iter=00021 eval=01526 misfit=5.071874e-01 best=5.028983e-01
[NA] iter=00021 eval=01527 misfit=5.068548e-01 best=5.028983e-01
[NA] iter=00021 eval=01528 misfit=5.065917e-01 best=5.028983e-01
[NA] iter=00021 eval=01529 misfit=5.048257e-01 best=5.028983e-01
[NA] iter=00021 eval=01530 misfit=5.026818e-01 best=5.026818e-01
[NA] iter=00021 eval=01531 misfit=5.045940e-01 best=5.026818e-01
[NA] iter=00021 eval=01532 misfit=5.066600e-01 best=5.026818e-01
[NA] iter=00021 eval=01533 misfit=5.043668e-01 best=5.026818e-01
[NA] iter=00021 eval=01534 misfit=5.041653e-01 best=5.026818e-01
[NA] iter=00021 eval=01535 misfit=5.061789e-01 best=5.026818e-01
[NA] iter=00021 eval=01536 misfit=5.088110e-01 best=5.026818e-01
[NA] iter=00021 eval=01537 misfit=5.106361e-01 best=5.026818e-01
[NA] iter=00021 eval=01538 misfit=5.103215e-01 best=5.026818e-01
[NA] iter=00021 eval=01539 misfit=5.084942e-01 best=5.026818e-01
[NA] iter=00021 eval=01540 misfit=5.101225e-01 best=5.026818e-01
[NA] iter=00021 eval=01541 misfit=5.046210e-01 best=5.026818e-01
[NA] iter=00021 eval=01542 misfit=5.096799e-01 best=5.026818e-01
[NA] iter=00021 eval=01543 misfit=5.048954e-01 best=5.026818e-01
[NA] iter=00021 eval=01544 misfit=5.046055e-01 best=5.026818e-01
[NA] iter=00021 eval=01545 misfit=5.070637e-01 best=5.026818e-01
[NA] iter=00021 eval=01546 misfit=5.048789e-01 best=5.026818e-01
[NA] iter=00021 eval=01547 misfit=5.047293e-01 best=5.026818e-01
[NA] iter=00021 eval=01548 misfit=5.049902e-01 best=5.026818e-01
[NA] iter=00021 eval=01549 misfit=5.048054e-01 best=5.026818e-01
[NA] iter=00021 eval=01550 misfit=5.099172e-01 best=5.026818e-01
NAI - Optimisation Loop:  42%|████▏     | 21/50 [12:43<17:27, 36.13s/it][NA] iter=00022 eval=01551 misfit=5.080634e-01 best=5.026818e-01
[NA] iter=00022 eval=01552 misfit=5.093385e-01 best=5.026818e-01
[NA] iter=00022 eval=01553 misfit=5.039061e-01 best=5.026818e-01
[NA] iter=00022 eval=01554 misfit=5.068319e-01 best=5.026818e-01
[NA] iter=00022 eval=01555 misfit=5.099489e-01 best=5.026818e-01
[NA] iter=00022 eval=01556 misfit=5.093771e-01 best=5.026818e-01
[NA] iter=00022 eval=01557 misfit=5.025133e-01 best=5.025133e-01
[NA] iter=00022 eval=01558 misfit=5.138427e-01 best=5.025133e-01
[NA] iter=00022 eval=01559 misfit=5.123947e-01 best=5.025133e-01
[NA] iter=00022 eval=01560 misfit=5.044917e-01 best=5.025133e-01
[NA] iter=00022 eval=01561 misfit=5.114237e-01 best=5.025133e-01
[NA] iter=00022 eval=01562 misfit=5.107525e-01 best=5.025133e-01
[NA] iter=00022 eval=01563 misfit=5.038180e-01 best=5.025133e-01
[NA] iter=00022 eval=01564 misfit=5.065242e-01 best=5.025133e-01
[NA] iter=00022 eval=01565 misfit=5.060368e-01 best=5.025133e-01
[NA] iter=00022 eval=01566 misfit=5.061424e-01 best=5.025133e-01
[NA] iter=00022 eval=01567 misfit=5.102974e-01 best=5.025133e-01
[NA] iter=00022 eval=01568 misfit=5.037865e-01 best=5.025133e-01
[NA] iter=00022 eval=01569 misfit=5.081170e-01 best=5.025133e-01
[NA] iter=00022 eval=01570 misfit=5.098086e-01 best=5.025133e-01
[NA] iter=00022 eval=01571 misfit=5.083576e-01 best=5.025133e-01
[NA] iter=00022 eval=01572 misfit=5.102641e-01 best=5.025133e-01
[NA] iter=00022 eval=01573 misfit=5.103134e-01 best=5.025133e-01
[NA] iter=00022 eval=01574 misfit=5.054839e-01 best=5.025133e-01
[NA] iter=00022 eval=01575 misfit=5.055920e-01 best=5.025133e-01
[NA] iter=00022 eval=01576 misfit=5.045137e-01 best=5.025133e-01
[NA] iter=00022 eval=01577 misfit=5.039598e-01 best=5.025133e-01
[NA] iter=00022 eval=01578 misfit=5.063407e-01 best=5.025133e-01
[NA] iter=00022 eval=01579 misfit=5.067836e-01 best=5.025133e-01
[NA] iter=00022 eval=01580 misfit=5.061832e-01 best=5.025133e-01
[NA] iter=00022 eval=01581 misfit=5.045673e-01 best=5.025133e-01
[NA] iter=00022 eval=01582 misfit=5.044288e-01 best=5.025133e-01
[NA] iter=00022 eval=01583 misfit=5.039022e-01 best=5.025133e-01
[NA] iter=00022 eval=01584 misfit=5.044694e-01 best=5.025133e-01
[NA] iter=00022 eval=01585 misfit=5.044834e-01 best=5.025133e-01
[NA] iter=00022 eval=01586 misfit=5.045714e-01 best=5.025133e-01
[NA] iter=00022 eval=01587 misfit=5.043780e-01 best=5.025133e-01
[NA] iter=00022 eval=01588 misfit=5.041965e-01 best=5.025133e-01
[NA] iter=00022 eval=01589 misfit=5.042245e-01 best=5.025133e-01
[NA] iter=00022 eval=01590 misfit=5.047025e-01 best=5.025133e-01
[NA] iter=00022 eval=01591 misfit=5.040374e-01 best=5.025133e-01
[NA] iter=00022 eval=01592 misfit=5.042783e-01 best=5.025133e-01
[NA] iter=00022 eval=01593 misfit=5.041250e-01 best=5.025133e-01
[NA] iter=00022 eval=01594 misfit=5.041677e-01 best=5.025133e-01
[NA] iter=00022 eval=01595 misfit=5.039479e-01 best=5.025133e-01
[NA] iter=00022 eval=01596 misfit=5.055517e-01 best=5.025133e-01
[NA] iter=00022 eval=01597 misfit=5.042065e-01 best=5.025133e-01
[NA] iter=00022 eval=01598 misfit=5.100028e-01 best=5.025133e-01
[NA] iter=00022 eval=01599 misfit=5.041306e-01 best=5.025133e-01
[NA] iter=00022 eval=01600 misfit=5.041837e-01 best=5.025133e-01
NAI - Optimisation Loop:  44%|████▍     | 22/50 [13:21<17:04, 36.60s/it][NA] iter=00023 eval=01601 misfit=5.097904e-01 best=5.025133e-01
[NA] iter=00023 eval=01602 misfit=5.026417e-01 best=5.025133e-01
[NA] iter=00023 eval=01603 misfit=5.104542e-01 best=5.025133e-01
[NA] iter=00023 eval=01604 misfit=5.132157e-01 best=5.025133e-01
[NA] iter=00023 eval=01605 misfit=5.094415e-01 best=5.025133e-01
[NA] iter=00023 eval=01606 misfit=5.042078e-01 best=5.025133e-01
[NA] iter=00023 eval=01607 misfit=5.041895e-01 best=5.025133e-01
[NA] iter=00023 eval=01608 misfit=5.075605e-01 best=5.025133e-01
[NA] iter=00023 eval=01609 misfit=5.027533e-01 best=5.025133e-01
[NA] iter=00023 eval=01610 misfit=5.078230e-01 best=5.025133e-01
[NA] iter=00023 eval=01611 misfit=5.072825e-01 best=5.025133e-01
[NA] iter=00023 eval=01612 misfit=5.046432e-01 best=5.025133e-01
[NA] iter=00023 eval=01613 misfit=5.059162e-01 best=5.025133e-01
[NA] iter=00023 eval=01614 misfit=5.056587e-01 best=5.025133e-01
[NA] iter=00023 eval=01615 misfit=5.041717e-01 best=5.025133e-01
[NA] iter=00023 eval=01616 misfit=5.048960e-01 best=5.025133e-01
[NA] iter=00023 eval=01617 misfit=5.043777e-01 best=5.025133e-01
[NA] iter=00023 eval=01618 misfit=5.030618e-01 best=5.025133e-01
[NA] iter=00023 eval=01619 misfit=5.047826e-01 best=5.025133e-01
[NA] iter=00023 eval=01620 misfit=5.101915e-01 best=5.025133e-01
[NA] iter=00023 eval=01621 misfit=5.040785e-01 best=5.025133e-01
[NA] iter=00023 eval=01622 misfit=5.034742e-01 best=5.025133e-01
[NA] iter=00023 eval=01623 misfit=5.091570e-01 best=5.025133e-01
[NA] iter=00023 eval=01624 misfit=5.096468e-01 best=5.025133e-01
[NA] iter=00023 eval=01625 misfit=5.091354e-01 best=5.025133e-01
[NA] iter=00023 eval=01626 misfit=5.098247e-01 best=5.025133e-01
[NA] iter=00023 eval=01627 misfit=5.110980e-01 best=5.025133e-01
[NA] iter=00023 eval=01628 misfit=5.070943e-01 best=5.025133e-01
[NA] iter=00023 eval=01629 misfit=5.130756e-01 best=5.025133e-01
[NA] iter=00023 eval=01630 misfit=5.035919e-01 best=5.025133e-01
[NA] iter=00023 eval=01631 misfit=5.087672e-01 best=5.025133e-01
[NA] iter=00023 eval=01632 misfit=5.075645e-01 best=5.025133e-01
[NA] iter=00023 eval=01633 misfit=5.091422e-01 best=5.025133e-01
[NA] iter=00023 eval=01634 misfit=5.105722e-01 best=5.025133e-01
[NA] iter=00023 eval=01635 misfit=5.081156e-01 best=5.025133e-01
[NA] iter=00023 eval=01636 misfit=5.040671e-01 best=5.025133e-01
[NA] iter=00023 eval=01637 misfit=5.039056e-01 best=5.025133e-01
[NA] iter=00023 eval=01638 misfit=5.040901e-01 best=5.025133e-01
[NA] iter=00023 eval=01639 misfit=5.039190e-01 best=5.025133e-01
[NA] iter=00023 eval=01640 misfit=5.040756e-01 best=5.025133e-01
[NA] iter=00023 eval=01641 misfit=5.039862e-01 best=5.025133e-01
[NA] iter=00023 eval=01642 misfit=5.041717e-01 best=5.025133e-01
[NA] iter=00023 eval=01643 misfit=5.067559e-01 best=5.025133e-01
[NA] iter=00023 eval=01644 misfit=5.095869e-01 best=5.025133e-01
[NA] iter=00023 eval=01645 misfit=5.073922e-01 best=5.025133e-01
[NA] iter=00023 eval=01646 misfit=5.041924e-01 best=5.025133e-01
[NA] iter=00023 eval=01647 misfit=5.040432e-01 best=5.025133e-01
[NA] iter=00023 eval=01648 misfit=5.041353e-01 best=5.025133e-01
[NA] iter=00023 eval=01649 misfit=5.041621e-01 best=5.025133e-01
[NA] iter=00023 eval=01650 misfit=5.042113e-01 best=5.025133e-01
NAI - Optimisation Loop:  46%|████▌     | 23/50 [13:57<16:22, 36.38s/it][NA] iter=00024 eval=01651 misfit=5.027482e-01 best=5.025133e-01
[NA] iter=00024 eval=01652 misfit=5.050745e-01 best=5.025133e-01
[NA] iter=00024 eval=01653 misfit=5.042152e-01 best=5.025133e-01
[NA] iter=00024 eval=01654 misfit=5.051801e-01 best=5.025133e-01
[NA] iter=00024 eval=01655 misfit=5.039464e-01 best=5.025133e-01
[NA] iter=00024 eval=01656 misfit=5.053058e-01 best=5.025133e-01
[NA] iter=00024 eval=01657 misfit=5.083116e-01 best=5.025133e-01
[NA] iter=00024 eval=01658 misfit=5.099306e-01 best=5.025133e-01
[NA] iter=00024 eval=01659 misfit=5.051046e-01 best=5.025133e-01
[NA] iter=00024 eval=01660 misfit=5.033545e-01 best=5.025133e-01
[NA] iter=00024 eval=01661 misfit=5.026792e-01 best=5.025133e-01
[NA] iter=00024 eval=01662 misfit=5.077576e-01 best=5.025133e-01
[NA] iter=00024 eval=01663 misfit=5.075649e-01 best=5.025133e-01
[NA] iter=00024 eval=01664 misfit=5.078336e-01 best=5.025133e-01
[NA] iter=00024 eval=01665 misfit=5.041337e-01 best=5.025133e-01
[NA] iter=00024 eval=01666 misfit=5.079816e-01 best=5.025133e-01
[NA] iter=00024 eval=01667 misfit=5.080388e-01 best=5.025133e-01
[NA] iter=00024 eval=01668 misfit=5.079367e-01 best=5.025133e-01
[NA] iter=00024 eval=01669 misfit=5.042583e-01 best=5.025133e-01
[NA] iter=00024 eval=01670 misfit=5.045990e-01 best=5.025133e-01
[NA] iter=00024 eval=01671 misfit=5.121875e-01 best=5.025133e-01
[NA] iter=00024 eval=01672 misfit=5.046005e-01 best=5.025133e-01
[NA] iter=00024 eval=01673 misfit=5.030117e-01 best=5.025133e-01
[NA] iter=00024 eval=01674 misfit=5.138381e-01 best=5.025133e-01
[NA] iter=00024 eval=01675 misfit=5.121366e-01 best=5.025133e-01
[NA] iter=00024 eval=01676 misfit=5.066567e-01 best=5.025133e-01
[NA] iter=00024 eval=01677 misfit=5.045258e-01 best=5.025133e-01
[NA] iter=00024 eval=01678 misfit=5.029917e-01 best=5.025133e-01
[NA] iter=00024 eval=01679 misfit=5.044640e-01 best=5.025133e-01
[NA] iter=00024 eval=01680 misfit=5.046336e-01 best=5.025133e-01
[NA] iter=00024 eval=01681 misfit=5.048841e-01 best=5.025133e-01
[NA] iter=00024 eval=01682 misfit=5.107771e-01 best=5.025133e-01
[NA] iter=00024 eval=01683 misfit=5.104003e-01 best=5.025133e-01
[NA] iter=00024 eval=01684 misfit=5.046314e-01 best=5.025133e-01
[NA] iter=00024 eval=01685 misfit=5.048790e-01 best=5.025133e-01
[NA] iter=00024 eval=01686 misfit=5.081742e-01 best=5.025133e-01
[NA] iter=00024 eval=01687 misfit=5.079807e-01 best=5.025133e-01
[NA] iter=00024 eval=01688 misfit=5.097623e-01 best=5.025133e-01
[NA] iter=00024 eval=01689 misfit=5.097291e-01 best=5.025133e-01
[NA] iter=00024 eval=01690 misfit=5.096175e-01 best=5.025133e-01
[NA] iter=00024 eval=01691 misfit=5.062431e-01 best=5.025133e-01
[NA] iter=00024 eval=01692 misfit=5.065315e-01 best=5.025133e-01
[NA] iter=00024 eval=01693 misfit=5.072544e-01 best=5.025133e-01
[NA] iter=00024 eval=01694 misfit=5.062843e-01 best=5.025133e-01
[NA] iter=00024 eval=01695 misfit=5.057919e-01 best=5.025133e-01
[NA] iter=00024 eval=01696 misfit=5.034197e-01 best=5.025133e-01
[NA] iter=00024 eval=01697 misfit=5.038803e-01 best=5.025133e-01
[NA] iter=00024 eval=01698 misfit=5.065396e-01 best=5.025133e-01
[NA] iter=00024 eval=01699 misfit=5.081126e-01 best=5.025133e-01
[NA] iter=00024 eval=01700 misfit=5.039618e-01 best=5.025133e-01
NAI - Optimisation Loop:  48%|████▊     | 24/50 [14:34<15:52, 36.65s/it][NA] iter=00025 eval=01701 misfit=5.024089e-01 best=5.024089e-01
[NA] iter=00025 eval=01702 misfit=5.047147e-01 best=5.024089e-01
[NA] iter=00025 eval=01703 misfit=5.025765e-01 best=5.024089e-01
[NA] iter=00025 eval=01704 misfit=5.043044e-01 best=5.024089e-01
[NA] iter=00025 eval=01705 misfit=5.050863e-01 best=5.024089e-01
[NA] iter=00025 eval=01706 misfit=5.022182e-01 best=5.022182e-01
[NA] iter=00025 eval=01707 misfit=5.050652e-01 best=5.022182e-01
[NA] iter=00025 eval=01708 misfit=5.047239e-01 best=5.022182e-01
[NA] iter=00025 eval=01709 misfit=5.089181e-01 best=5.022182e-01
[NA] iter=00025 eval=01710 misfit=5.026898e-01 best=5.022182e-01
[NA] iter=00025 eval=01711 misfit=5.019963e-01 best=5.019963e-01
[NA] iter=00025 eval=01712 misfit=5.028905e-01 best=5.019963e-01
[NA] iter=00025 eval=01713 misfit=5.087858e-01 best=5.019963e-01
[NA] iter=00025 eval=01714 misfit=5.077792e-01 best=5.019963e-01
[NA] iter=00025 eval=01715 misfit=5.026083e-01 best=5.019963e-01
[NA] iter=00025 eval=01716 misfit=5.026754e-01 best=5.019963e-01
[NA] iter=00025 eval=01717 misfit=5.047280e-01 best=5.019963e-01
[NA] iter=00025 eval=01718 misfit=5.077956e-01 best=5.019963e-01
[NA] iter=00025 eval=01719 misfit=5.026903e-01 best=5.019963e-01
[NA] iter=00025 eval=01720 misfit=5.074916e-01 best=5.019963e-01
[NA] iter=00025 eval=01721 misfit=5.051554e-01 best=5.019963e-01
[NA] iter=00025 eval=01722 misfit=5.093875e-01 best=5.019963e-01
[NA] iter=00025 eval=01723 misfit=5.087718e-01 best=5.019963e-01
[NA] iter=00025 eval=01724 misfit=5.026614e-01 best=5.019963e-01
[NA] iter=00025 eval=01725 misfit=5.131200e-01 best=5.019963e-01
[NA] iter=00025 eval=01726 misfit=5.042910e-01 best=5.019963e-01
[NA] iter=00025 eval=01727 misfit=5.075481e-01 best=5.019963e-01
[NA] iter=00025 eval=01728 misfit=5.079617e-01 best=5.019963e-01
[NA] iter=00025 eval=01729 misfit=5.043851e-01 best=5.019963e-01
[NA] iter=00025 eval=01730 misfit=5.075989e-01 best=5.019963e-01
[NA] iter=00025 eval=01731 misfit=5.054228e-01 best=5.019963e-01
[NA] iter=00025 eval=01732 misfit=5.038080e-01 best=5.019963e-01
[NA] iter=00025 eval=01733 misfit=5.073410e-01 best=5.019963e-01
[NA] iter=00025 eval=01734 misfit=5.028563e-01 best=5.019963e-01
[NA] iter=00025 eval=01735 misfit=5.034039e-01 best=5.019963e-01
[NA] iter=00025 eval=01736 misfit=5.046197e-01 best=5.019963e-01
[NA] iter=00025 eval=01737 misfit=5.031104e-01 best=5.019963e-01
[NA] iter=00025 eval=01738 misfit=5.042944e-01 best=5.019963e-01
[NA] iter=00025 eval=01739 misfit=5.028496e-01 best=5.019963e-01
[NA] iter=00025 eval=01740 misfit=5.027747e-01 best=5.019963e-01
[NA] iter=00025 eval=01741 misfit=5.049212e-01 best=5.019963e-01
[NA] iter=00025 eval=01742 misfit=5.051461e-01 best=5.019963e-01
[NA] iter=00025 eval=01743 misfit=5.045230e-01 best=5.019963e-01
[NA] iter=00025 eval=01744 misfit=5.066395e-01 best=5.019963e-01
[NA] iter=00025 eval=01745 misfit=5.026580e-01 best=5.019963e-01
[NA] iter=00025 eval=01746 misfit=5.036907e-01 best=5.019963e-01
[NA] iter=00025 eval=01747 misfit=5.041782e-01 best=5.019963e-01
[NA] iter=00025 eval=01748 misfit=5.055534e-01 best=5.019963e-01
[NA] iter=00025 eval=01749 misfit=5.037165e-01 best=5.019963e-01
[NA] iter=00025 eval=01750 misfit=5.037742e-01 best=5.019963e-01
NAI - Optimisation Loop:  50%|█████     | 25/50 [15:08<14:56, 35.84s/it][NA] iter=00026 eval=01751 misfit=5.042204e-01 best=5.019963e-01
[NA] iter=00026 eval=01752 misfit=5.078636e-01 best=5.019963e-01
[NA] iter=00026 eval=01753 misfit=5.067791e-01 best=5.019963e-01
[NA] iter=00026 eval=01754 misfit=5.065985e-01 best=5.019963e-01
[NA] iter=00026 eval=01755 misfit=5.043836e-01 best=5.019963e-01
[NA] iter=00026 eval=01756 misfit=5.067211e-01 best=5.019963e-01
[NA] iter=00026 eval=01757 misfit=5.023234e-01 best=5.019963e-01
[NA] iter=00026 eval=01758 misfit=5.050055e-01 best=5.019963e-01
[NA] iter=00026 eval=01759 misfit=5.022909e-01 best=5.019963e-01
[NA] iter=00026 eval=01760 misfit=5.023806e-01 best=5.019963e-01
[NA] iter=00026 eval=01761 misfit=5.045773e-01 best=5.019963e-01
[NA] iter=00026 eval=01762 misfit=5.038980e-01 best=5.019963e-01
[NA] iter=00026 eval=01763 misfit=5.098559e-01 best=5.019963e-01
[NA] iter=00026 eval=01764 misfit=5.033800e-01 best=5.019963e-01
[NA] iter=00026 eval=01765 misfit=5.040237e-01 best=5.019963e-01
[NA] iter=00026 eval=01766 misfit=5.043267e-01 best=5.019963e-01
[NA] iter=00026 eval=01767 misfit=5.042594e-01 best=5.019963e-01
[NA] iter=00026 eval=01768 misfit=5.026306e-01 best=5.019963e-01
[NA] iter=00026 eval=01769 misfit=5.041443e-01 best=5.019963e-01
[NA] iter=00026 eval=01770 misfit=5.024579e-01 best=5.019963e-01
[NA] iter=00026 eval=01771 misfit=5.049317e-01 best=5.019963e-01
[NA] iter=00026 eval=01772 misfit=5.048556e-01 best=5.019963e-01
[NA] iter=00026 eval=01773 misfit=5.040482e-01 best=5.019963e-01
[NA] iter=00026 eval=01774 misfit=5.047754e-01 best=5.019963e-01
[NA] iter=00026 eval=01775 misfit=5.032530e-01 best=5.019963e-01
[NA] iter=00026 eval=01776 misfit=5.040773e-01 best=5.019963e-01
[NA] iter=00026 eval=01777 misfit=5.028698e-01 best=5.019963e-01
[NA] iter=00026 eval=01778 misfit=5.043646e-01 best=5.019963e-01
[NA] iter=00026 eval=01779 misfit=5.025805e-01 best=5.019963e-01
[NA] iter=00026 eval=01780 misfit=5.043953e-01 best=5.019963e-01
[NA] iter=00026 eval=01781 misfit=5.026672e-01 best=5.019963e-01
[NA] iter=00026 eval=01782 misfit=5.025851e-01 best=5.019963e-01
[NA] iter=00026 eval=01783 misfit=5.032849e-01 best=5.019963e-01
[NA] iter=00026 eval=01784 misfit=5.082843e-01 best=5.019963e-01
[NA] iter=00026 eval=01785 misfit=5.024840e-01 best=5.019963e-01
[NA] iter=00026 eval=01786 misfit=5.058533e-01 best=5.019963e-01
[NA] iter=00026 eval=01787 misfit=5.060893e-01 best=5.019963e-01
[NA] iter=00026 eval=01788 misfit=5.054502e-01 best=5.019963e-01
[NA] iter=00026 eval=01789 misfit=5.079708e-01 best=5.019963e-01
[NA] iter=00026 eval=01790 misfit=5.055241e-01 best=5.019963e-01
[NA] iter=00026 eval=01791 misfit=5.041867e-01 best=5.019963e-01
[NA] iter=00026 eval=01792 misfit=5.052682e-01 best=5.019963e-01
[NA] iter=00026 eval=01793 misfit=5.025574e-01 best=5.019963e-01
[NA] iter=00026 eval=01794 misfit=5.051801e-01 best=5.019963e-01
[NA] iter=00026 eval=01795 misfit=5.050779e-01 best=5.019963e-01
[NA] iter=00026 eval=01796 misfit=5.043400e-01 best=5.019963e-01
[NA] iter=00026 eval=01797 misfit=5.048571e-01 best=5.019963e-01
[NA] iter=00026 eval=01798 misfit=5.048089e-01 best=5.019963e-01
[NA] iter=00026 eval=01799 misfit=5.026924e-01 best=5.019963e-01
[NA] iter=00026 eval=01800 misfit=5.074132e-01 best=5.019963e-01
NAI - Optimisation Loop:  52%|█████▏    | 26/50 [15:45<14:33, 36.40s/it][NA] iter=00027 eval=01801 misfit=5.043124e-01 best=5.019963e-01
[NA] iter=00027 eval=01802 misfit=5.020671e-01 best=5.019963e-01
[NA] iter=00027 eval=01803 misfit=5.040470e-01 best=5.019963e-01
[NA] iter=00027 eval=01804 misfit=5.076560e-01 best=5.019963e-01
[NA] iter=00027 eval=01805 misfit=5.041440e-01 best=5.019963e-01
[NA] iter=00027 eval=01806 misfit=5.024451e-01 best=5.019963e-01
[NA] iter=00027 eval=01807 misfit=5.032660e-01 best=5.019963e-01
[NA] iter=00027 eval=01808 misfit=5.047240e-01 best=5.019963e-01
[NA] iter=00027 eval=01809 misfit=5.047388e-01 best=5.019963e-01
[NA] iter=00027 eval=01810 misfit=5.032903e-01 best=5.019963e-01
[NA] iter=00027 eval=01811 misfit=5.023351e-01 best=5.019963e-01
[NA] iter=00027 eval=01812 misfit=5.034821e-01 best=5.019963e-01
[NA] iter=00027 eval=01813 misfit=5.032680e-01 best=5.019963e-01
[NA] iter=00027 eval=01814 misfit=5.090522e-01 best=5.019963e-01
[NA] iter=00027 eval=01815 misfit=5.023755e-01 best=5.019963e-01
[NA] iter=00027 eval=01816 misfit=5.033475e-01 best=5.019963e-01
[NA] iter=00027 eval=01817 misfit=5.021578e-01 best=5.019963e-01
[NA] iter=00027 eval=01818 misfit=5.023547e-01 best=5.019963e-01
[NA] iter=00027 eval=01819 misfit=5.022831e-01 best=5.019963e-01
[NA] iter=00027 eval=01820 misfit=5.022306e-01 best=5.019963e-01
[NA] iter=00027 eval=01821 misfit=5.048794e-01 best=5.019963e-01
[NA] iter=00027 eval=01822 misfit=5.046526e-01 best=5.019963e-01
[NA] iter=00027 eval=01823 misfit=5.034626e-01 best=5.019963e-01
[NA] iter=00027 eval=01824 misfit=5.049174e-01 best=5.019963e-01
[NA] iter=00027 eval=01825 misfit=5.049352e-01 best=5.019963e-01
[NA] iter=00027 eval=01826 misfit=5.029215e-01 best=5.019963e-01
[NA] iter=00027 eval=01827 misfit=5.047634e-01 best=5.019963e-01
[NA] iter=00027 eval=01828 misfit=5.030584e-01 best=5.019963e-01
[NA] iter=00027 eval=01829 misfit=5.020519e-01 best=5.019963e-01
[NA] iter=00027 eval=01830 misfit=5.090909e-01 best=5.019963e-01
[NA] iter=00027 eval=01831 misfit=5.047760e-01 best=5.019963e-01
[NA] iter=00027 eval=01832 misfit=5.024837e-01 best=5.019963e-01
[NA] iter=00027 eval=01833 misfit=5.027164e-01 best=5.019963e-01
[NA] iter=00027 eval=01834 misfit=5.023866e-01 best=5.019963e-01
[NA] iter=00027 eval=01835 misfit=5.047324e-01 best=5.019963e-01
[NA] iter=00027 eval=01836 misfit=5.048763e-01 best=5.019963e-01
[NA] iter=00027 eval=01837 misfit=5.025152e-01 best=5.019963e-01
[NA] iter=00027 eval=01838 misfit=5.049522e-01 best=5.019963e-01
[NA] iter=00027 eval=01839 misfit=5.050539e-01 best=5.019963e-01
[NA] iter=00027 eval=01840 misfit=5.049494e-01 best=5.019963e-01
[NA] iter=00027 eval=01841 misfit=5.026601e-01 best=5.019963e-01
[NA] iter=00027 eval=01842 misfit=5.027585e-01 best=5.019963e-01
[NA] iter=00027 eval=01843 misfit=5.026340e-01 best=5.019963e-01
[NA] iter=00027 eval=01844 misfit=5.027365e-01 best=5.019963e-01
[NA] iter=00027 eval=01845 misfit=5.027243e-01 best=5.019963e-01
[NA] iter=00027 eval=01846 misfit=5.029024e-01 best=5.019963e-01
[NA] iter=00027 eval=01847 misfit=5.036545e-01 best=5.019963e-01
[NA] iter=00027 eval=01848 misfit=5.050346e-01 best=5.019963e-01
[NA] iter=00027 eval=01849 misfit=5.028077e-01 best=5.019963e-01
[NA] iter=00027 eval=01850 misfit=5.051351e-01 best=5.019963e-01
NAI - Optimisation Loop:  54%|█████▍    | 27/50 [16:24<14:14, 37.14s/it][NA] iter=00028 eval=01851 misfit=5.020264e-01 best=5.019963e-01
[NA] iter=00028 eval=01852 misfit=5.020105e-01 best=5.019963e-01
[NA] iter=00028 eval=01853 misfit=5.027683e-01 best=5.019963e-01
[NA] iter=00028 eval=01854 misfit=5.040915e-01 best=5.019963e-01
[NA] iter=00028 eval=01855 misfit=5.077495e-01 best=5.019963e-01
[NA] iter=00028 eval=01856 misfit=5.028258e-01 best=5.019963e-01
[NA] iter=00028 eval=01857 misfit=5.036932e-01 best=5.019963e-01
[NA] iter=00028 eval=01858 misfit=5.043609e-01 best=5.019963e-01
[NA] iter=00028 eval=01859 misfit=5.038222e-01 best=5.019963e-01
[NA] iter=00028 eval=01860 misfit=5.022106e-01 best=5.019963e-01
[NA] iter=00028 eval=01861 misfit=5.066829e-01 best=5.019963e-01
[NA] iter=00028 eval=01862 misfit=5.078197e-01 best=5.019963e-01
[NA] iter=00028 eval=01863 misfit=5.080508e-01 best=5.019963e-01
[NA] iter=00028 eval=01864 misfit=5.078618e-01 best=5.019963e-01
[NA] iter=00028 eval=01865 misfit=5.078408e-01 best=5.019963e-01
[NA] iter=00028 eval=01866 misfit=5.022764e-01 best=5.019963e-01
[NA] iter=00028 eval=01867 misfit=5.022325e-01 best=5.019963e-01
[NA] iter=00028 eval=01868 misfit=5.048034e-01 best=5.019963e-01
[NA] iter=00028 eval=01869 misfit=5.023258e-01 best=5.019963e-01
[NA] iter=00028 eval=01870 misfit=5.022348e-01 best=5.019963e-01
[NA] iter=00028 eval=01871 misfit=5.030247e-01 best=5.019963e-01
[NA] iter=00028 eval=01872 misfit=5.030468e-01 best=5.019963e-01
[NA] iter=00028 eval=01873 misfit=5.046921e-01 best=5.019963e-01
[NA] iter=00028 eval=01874 misfit=5.047571e-01 best=5.019963e-01
[NA] iter=00028 eval=01875 misfit=5.024102e-01 best=5.019963e-01
[NA] iter=00028 eval=01876 misfit=5.021866e-01 best=5.019963e-01
[NA] iter=00028 eval=01877 misfit=5.022517e-01 best=5.019963e-01
[NA] iter=00028 eval=01878 misfit=5.029485e-01 best=5.019963e-01
[NA] iter=00028 eval=01879 misfit=5.022353e-01 best=5.019963e-01
[NA] iter=00028 eval=01880 misfit=5.039083e-01 best=5.019963e-01
[NA] iter=00028 eval=01881 misfit=5.048082e-01 best=5.019963e-01
[NA] iter=00028 eval=01882 misfit=5.023340e-01 best=5.019963e-01
[NA] iter=00028 eval=01883 misfit=5.048283e-01 best=5.019963e-01
[NA] iter=00028 eval=01884 misfit=5.024040e-01 best=5.019963e-01
[NA] iter=00028 eval=01885 misfit=5.047299e-01 best=5.019963e-01
[NA] iter=00028 eval=01886 misfit=5.021505e-01 best=5.019963e-01
[NA] iter=00028 eval=01887 misfit=5.048240e-01 best=5.019963e-01
[NA] iter=00028 eval=01888 misfit=5.048752e-01 best=5.019963e-01
[NA] iter=00028 eval=01889 misfit=5.031084e-01 best=5.019963e-01
[NA] iter=00028 eval=01890 misfit=5.031591e-01 best=5.019963e-01
[NA] iter=00028 eval=01891 misfit=5.048046e-01 best=5.019963e-01
[NA] iter=00028 eval=01892 misfit=5.023825e-01 best=5.019963e-01
[NA] iter=00028 eval=01893 misfit=5.021988e-01 best=5.019963e-01
[NA] iter=00028 eval=01894 misfit=5.025093e-01 best=5.019963e-01
[NA] iter=00028 eval=01895 misfit=5.025313e-01 best=5.019963e-01
[NA] iter=00028 eval=01896 misfit=5.022229e-01 best=5.019963e-01
[NA] iter=00028 eval=01897 misfit=5.046342e-01 best=5.019963e-01
[NA] iter=00028 eval=01898 misfit=5.023407e-01 best=5.019963e-01
[NA] iter=00028 eval=01899 misfit=5.024932e-01 best=5.019963e-01
[NA] iter=00028 eval=01900 misfit=5.044518e-01 best=5.019963e-01
NAI - Optimisation Loop:  56%|█████▌    | 28/50 [17:01<13:33, 36.96s/it][NA] iter=00029 eval=01901 misfit=5.020379e-01 best=5.019963e-01
[NA] iter=00029 eval=01902 misfit=5.020992e-01 best=5.019963e-01
[NA] iter=00029 eval=01903 misfit=5.018994e-01 best=5.018994e-01
[NA] iter=00029 eval=01904 misfit=5.027905e-01 best=5.018994e-01
[NA] iter=00029 eval=01905 misfit=5.020200e-01 best=5.018994e-01
[NA] iter=00029 eval=01906 misfit=5.026197e-01 best=5.018994e-01
[NA] iter=00029 eval=01907 misfit=5.021092e-01 best=5.018994e-01
[NA] iter=00029 eval=01908 misfit=5.040111e-01 best=5.018994e-01
[NA] iter=00029 eval=01909 misfit=5.073383e-01 best=5.018994e-01
[NA] iter=00029 eval=01910 misfit=5.026451e-01 best=5.018994e-01
[NA] iter=00029 eval=01911 misfit=5.024454e-01 best=5.018994e-01
[NA] iter=00029 eval=01912 misfit=5.027506e-01 best=5.018994e-01
[NA] iter=00029 eval=01913 misfit=5.042460e-01 best=5.018994e-01
[NA] iter=00029 eval=01914 misfit=5.023782e-01 best=5.018994e-01
[NA] iter=00029 eval=01915 misfit=5.045706e-01 best=5.018994e-01
[NA] iter=00029 eval=01916 misfit=5.029822e-01 best=5.018994e-01
[NA] iter=00029 eval=01917 misfit=5.022238e-01 best=5.018994e-01
[NA] iter=00029 eval=01918 misfit=5.023043e-01 best=5.018994e-01
[NA] iter=00029 eval=01919 misfit=5.021296e-01 best=5.018994e-01
[NA] iter=00029 eval=01920 misfit=5.022848e-01 best=5.018994e-01
[NA] iter=00029 eval=01921 misfit=5.021561e-01 best=5.018994e-01
[NA] iter=00029 eval=01922 misfit=5.078206e-01 best=5.018994e-01
[NA] iter=00029 eval=01923 misfit=5.028739e-01 best=5.018994e-01
[NA] iter=00029 eval=01924 misfit=5.028469e-01 best=5.018994e-01
[NA] iter=00029 eval=01925 misfit=5.020475e-01 best=5.018994e-01
[NA] iter=00029 eval=01926 misfit=5.022392e-01 best=5.018994e-01
[NA] iter=00029 eval=01927 misfit=5.022219e-01 best=5.018994e-01
[NA] iter=00029 eval=01928 misfit=5.022959e-01 best=5.018994e-01
[NA] iter=00029 eval=01929 misfit=5.023244e-01 best=5.018994e-01
[NA] iter=00029 eval=01930 misfit=5.022761e-01 best=5.018994e-01
[NA] iter=00029 eval=01931 misfit=5.022807e-01 best=5.018994e-01
[NA] iter=00029 eval=01932 misfit=5.023035e-01 best=5.018994e-01
[NA] iter=00029 eval=01933 misfit=5.025029e-01 best=5.018994e-01
[NA] iter=00029 eval=01934 misfit=5.023910e-01 best=5.018994e-01
[NA] iter=00029 eval=01935 misfit=5.024173e-01 best=5.018994e-01
[NA] iter=00029 eval=01936 misfit=5.046090e-01 best=5.018994e-01
[NA] iter=00029 eval=01937 misfit=5.046553e-01 best=5.018994e-01
[NA] iter=00029 eval=01938 misfit=5.021281e-01 best=5.018994e-01
[NA] iter=00029 eval=01939 misfit=5.021295e-01 best=5.018994e-01
[NA] iter=00029 eval=01940 misfit=5.046289e-01 best=5.018994e-01
[NA] iter=00029 eval=01941 misfit=5.023419e-01 best=5.018994e-01
[NA] iter=00029 eval=01942 misfit=5.021912e-01 best=5.018994e-01
[NA] iter=00029 eval=01943 misfit=5.022827e-01 best=5.018994e-01
[NA] iter=00029 eval=01944 misfit=5.031281e-01 best=5.018994e-01
[NA] iter=00029 eval=01945 misfit=5.022163e-01 best=5.018994e-01
[NA] iter=00029 eval=01946 misfit=5.044901e-01 best=5.018994e-01
[NA] iter=00029 eval=01947 misfit=5.045166e-01 best=5.018994e-01
[NA] iter=00029 eval=01948 misfit=5.044245e-01 best=5.018994e-01
[NA] iter=00029 eval=01949 misfit=5.045951e-01 best=5.018994e-01
[NA] iter=00029 eval=01950 misfit=5.045382e-01 best=5.018994e-01
NAI - Optimisation Loop:  58%|█████▊    | 29/50 [17:37<12:51, 36.73s/it][NA] iter=00030 eval=01951 misfit=5.019665e-01 best=5.018994e-01
[NA] iter=00030 eval=01952 misfit=5.027016e-01 best=5.018994e-01
[NA] iter=00030 eval=01953 misfit=5.020019e-01 best=5.018994e-01
[NA] iter=00030 eval=01954 misfit=5.039630e-01 best=5.018994e-01
[NA] iter=00030 eval=01955 misfit=5.020075e-01 best=5.018994e-01
[NA] iter=00030 eval=01956 misfit=5.019992e-01 best=5.018994e-01
[NA] iter=00030 eval=01957 misfit=5.019847e-01 best=5.018994e-01
[NA] iter=00030 eval=01958 misfit=5.027759e-01 best=5.018994e-01
[NA] iter=00030 eval=01959 misfit=5.027376e-01 best=5.018994e-01
[NA] iter=00030 eval=01960 misfit=5.020335e-01 best=5.018994e-01
[NA] iter=00030 eval=01961 misfit=5.020694e-01 best=5.018994e-01
[NA] iter=00030 eval=01962 misfit=5.021113e-01 best=5.018994e-01
[NA] iter=00030 eval=01963 misfit=5.027900e-01 best=5.018994e-01
[NA] iter=00030 eval=01964 misfit=5.019751e-01 best=5.018994e-01
[NA] iter=00030 eval=01965 misfit=5.027899e-01 best=5.018994e-01
[NA] iter=00030 eval=01966 misfit=5.039987e-01 best=5.018994e-01
[NA] iter=00030 eval=01967 misfit=5.019398e-01 best=5.018994e-01
[NA] iter=00030 eval=01968 misfit=5.019882e-01 best=5.018994e-01
[NA] iter=00030 eval=01969 misfit=5.039861e-01 best=5.018994e-01
[NA] iter=00030 eval=01970 misfit=5.021274e-01 best=5.018994e-01
[NA] iter=00030 eval=01971 misfit=5.041364e-01 best=5.018994e-01
[NA] iter=00030 eval=01972 misfit=5.042551e-01 best=5.018994e-01
[NA] iter=00030 eval=01973 misfit=5.020954e-01 best=5.018994e-01
[NA] iter=00030 eval=01974 misfit=5.041059e-01 best=5.018994e-01
[NA] iter=00030 eval=01975 misfit=5.041402e-01 best=5.018994e-01
[NA] iter=00030 eval=01976 misfit=5.040415e-01 best=5.018994e-01
[NA] iter=00030 eval=01977 misfit=5.039686e-01 best=5.018994e-01
[NA] iter=00030 eval=01978 misfit=5.021270e-01 best=5.018994e-01
[NA] iter=00030 eval=01979 misfit=5.019458e-01 best=5.018994e-01
[NA] iter=00030 eval=01980 misfit=5.040182e-01 best=5.018994e-01
[NA] iter=00030 eval=01981 misfit=5.028732e-01 best=5.018994e-01
[NA] iter=00030 eval=01982 misfit=5.020516e-01 best=5.018994e-01
[NA] iter=00030 eval=01983 misfit=5.019687e-01 best=5.018994e-01
[NA] iter=00030 eval=01984 misfit=5.020588e-01 best=5.018994e-01
[NA] iter=00030 eval=01985 misfit=5.020321e-01 best=5.018994e-01
[NA] iter=00030 eval=01986 misfit=5.029456e-01 best=5.018994e-01
[NA] iter=00030 eval=01987 misfit=5.022374e-01 best=5.018994e-01
[NA] iter=00030 eval=01988 misfit=5.020329e-01 best=5.018994e-01
[NA] iter=00030 eval=01989 misfit=5.021353e-01 best=5.018994e-01
[NA] iter=00030 eval=01990 misfit=5.021129e-01 best=5.018994e-01
[NA] iter=00030 eval=01991 misfit=5.029249e-01 best=5.018994e-01
[NA] iter=00030 eval=01992 misfit=5.028660e-01 best=5.018994e-01
[NA] iter=00030 eval=01993 misfit=5.020761e-01 best=5.018994e-01
[NA] iter=00030 eval=01994 misfit=5.028896e-01 best=5.018994e-01
[NA] iter=00030 eval=01995 misfit=5.028324e-01 best=5.018994e-01
[NA] iter=00030 eval=01996 misfit=5.021102e-01 best=5.018994e-01
[NA] iter=00030 eval=01997 misfit=5.019805e-01 best=5.018994e-01
[NA] iter=00030 eval=01998 misfit=5.020262e-01 best=5.018994e-01
[NA] iter=00030 eval=01999 misfit=5.042459e-01 best=5.018994e-01
[NA] iter=00030 eval=02000 misfit=5.042053e-01 best=5.018994e-01
NAI - Optimisation Loop:  60%|██████    | 30/50 [18:14<12:12, 36.65s/it][NA] iter=00031 eval=02001 misfit=5.019615e-01 best=5.018994e-01
[NA] iter=00031 eval=02002 misfit=5.020451e-01 best=5.018994e-01
[NA] iter=00031 eval=02003 misfit=5.019635e-01 best=5.018994e-01
[NA] iter=00031 eval=02004 misfit=5.027544e-01 best=5.018994e-01
[NA] iter=00031 eval=02005 misfit=5.026903e-01 best=5.018994e-01
[NA] iter=00031 eval=02006 misfit=5.027226e-01 best=5.018994e-01
[NA] iter=00031 eval=02007 misfit=5.019214e-01 best=5.018994e-01
[NA] iter=00031 eval=02008 misfit=5.027458e-01 best=5.018994e-01
[NA] iter=00031 eval=02009 misfit=5.019341e-01 best=5.018994e-01
[NA] iter=00031 eval=02010 misfit=5.020182e-01 best=5.018994e-01
[NA] iter=00031 eval=02011 misfit=5.019350e-01 best=5.018994e-01
[NA] iter=00031 eval=02012 misfit=5.019797e-01 best=5.018994e-01
[NA] iter=00031 eval=02013 misfit=5.019797e-01 best=5.018994e-01
[NA] iter=00031 eval=02014 misfit=5.019601e-01 best=5.018994e-01
[NA] iter=00031 eval=02015 misfit=5.020290e-01 best=5.018994e-01
[NA] iter=00031 eval=02016 misfit=5.019447e-01 best=5.018994e-01
[NA] iter=00031 eval=02017 misfit=5.026925e-01 best=5.018994e-01
[NA] iter=00031 eval=02018 misfit=5.026389e-01 best=5.018994e-01
[NA] iter=00031 eval=02019 misfit=5.019526e-01 best=5.018994e-01
[NA] iter=00031 eval=02020 misfit=5.019674e-01 best=5.018994e-01
[NA] iter=00031 eval=02021 misfit=5.041261e-01 best=5.018994e-01
[NA] iter=00031 eval=02022 misfit=5.020967e-01 best=5.018994e-01
[NA] iter=00031 eval=02023 misfit=5.042073e-01 best=5.018994e-01
[NA] iter=00031 eval=02024 misfit=5.027825e-01 best=5.018994e-01
[NA] iter=00031 eval=02025 misfit=5.020804e-01 best=5.018994e-01
[NA] iter=00031 eval=02026 misfit=5.020486e-01 best=5.018994e-01
[NA] iter=00031 eval=02027 misfit=5.029169e-01 best=5.018994e-01
[NA] iter=00031 eval=02028 misfit=5.020544e-01 best=5.018994e-01
[NA] iter=00031 eval=02029 misfit=5.028812e-01 best=5.018994e-01
[NA] iter=00031 eval=02030 misfit=5.029019e-01 best=5.018994e-01
[NA] iter=00031 eval=02031 misfit=5.021091e-01 best=5.018994e-01
[NA] iter=00031 eval=02032 misfit=5.020504e-01 best=5.018994e-01
[NA] iter=00031 eval=02033 misfit=5.020427e-01 best=5.018994e-01
[NA] iter=00031 eval=02034 misfit=5.027365e-01 best=5.018994e-01
[NA] iter=00031 eval=02035 misfit=5.040888e-01 best=5.018994e-01
[NA] iter=00031 eval=02036 misfit=5.028393e-01 best=5.018994e-01
[NA] iter=00031 eval=02037 misfit=5.027776e-01 best=5.018994e-01
[NA] iter=00031 eval=02038 misfit=5.028076e-01 best=5.018994e-01
[NA] iter=00031 eval=02039 misfit=5.020509e-01 best=5.018994e-01
[NA] iter=00031 eval=02040 misfit=5.020127e-01 best=5.018994e-01
[NA] iter=00031 eval=02041 misfit=5.019553e-01 best=5.018994e-01
[NA] iter=00031 eval=02042 misfit=5.020512e-01 best=5.018994e-01
[NA] iter=00031 eval=02043 misfit=5.040179e-01 best=5.018994e-01
[NA] iter=00031 eval=02044 misfit=5.027684e-01 best=5.018994e-01
[NA] iter=00031 eval=02045 misfit=5.027307e-01 best=5.018994e-01
[NA] iter=00031 eval=02046 misfit=5.020042e-01 best=5.018994e-01
[NA] iter=00031 eval=02047 misfit=5.019849e-01 best=5.018994e-01
[NA] iter=00031 eval=02048 misfit=5.020174e-01 best=5.018994e-01
[NA] iter=00031 eval=02049 misfit=5.020138e-01 best=5.018994e-01
[NA] iter=00031 eval=02050 misfit=5.019549e-01 best=5.018994e-01
NAI - Optimisation Loop:  62%|██████▏   | 31/50 [18:50<11:37, 36.74s/it][NA] iter=00032 eval=02051 misfit=5.020187e-01 best=5.018994e-01
[NA] iter=00032 eval=02052 misfit=5.019422e-01 best=5.018994e-01
[NA] iter=00032 eval=02053 misfit=5.019864e-01 best=5.018994e-01
[NA] iter=00032 eval=02054 misfit=5.019257e-01 best=5.018994e-01
[NA] iter=00032 eval=02055 misfit=5.019570e-01 best=5.018994e-01
[NA] iter=00032 eval=02056 misfit=5.039071e-01 best=5.018994e-01
[NA] iter=00032 eval=02057 misfit=5.019717e-01 best=5.018994e-01
[NA] iter=00032 eval=02058 misfit=5.027998e-01 best=5.018994e-01
[NA] iter=00032 eval=02059 misfit=5.039983e-01 best=5.018994e-01
[NA] iter=00032 eval=02060 misfit=5.075709e-01 best=5.018994e-01
[NA] iter=00032 eval=02061 misfit=5.026250e-01 best=5.018994e-01
[NA] iter=00032 eval=02062 misfit=5.020727e-01 best=5.018994e-01
[NA] iter=00032 eval=02063 misfit=5.026192e-01 best=5.018994e-01
[NA] iter=00032 eval=02064 misfit=5.027080e-01 best=5.018994e-01
[NA] iter=00032 eval=02065 misfit=5.027025e-01 best=5.018994e-01
[NA] iter=00032 eval=02066 misfit=5.040402e-01 best=5.018994e-01
[NA] iter=00032 eval=02067 misfit=5.020264e-01 best=5.018994e-01
[NA] iter=00032 eval=02068 misfit=5.039518e-01 best=5.018994e-01
[NA] iter=00032 eval=02069 misfit=5.019792e-01 best=5.018994e-01
[NA] iter=00032 eval=02070 misfit=5.019438e-01 best=5.018994e-01
[NA] iter=00032 eval=02071 misfit=5.027252e-01 best=5.018994e-01
[NA] iter=00032 eval=02072 misfit=5.019373e-01 best=5.018994e-01
[NA] iter=00032 eval=02073 misfit=5.026876e-01 best=5.018994e-01
[NA] iter=00032 eval=02074 misfit=5.020659e-01 best=5.018994e-01
[NA] iter=00032 eval=02075 misfit=5.019338e-01 best=5.018994e-01
[NA] iter=00032 eval=02076 misfit=5.020346e-01 best=5.018994e-01
[NA] iter=00032 eval=02077 misfit=5.019753e-01 best=5.018994e-01
[NA] iter=00032 eval=02078 misfit=5.025941e-01 best=5.018994e-01
[NA] iter=00032 eval=02079 misfit=5.019238e-01 best=5.018994e-01
[NA] iter=00032 eval=02080 misfit=5.019656e-01 best=5.018994e-01
[NA] iter=00032 eval=02081 misfit=5.019548e-01 best=5.018994e-01
[NA] iter=00032 eval=02082 misfit=5.019712e-01 best=5.018994e-01
[NA] iter=00032 eval=02083 misfit=5.019222e-01 best=5.018994e-01
[NA] iter=00032 eval=02084 misfit=5.019893e-01 best=5.018994e-01
[NA] iter=00032 eval=02085 misfit=5.019488e-01 best=5.018994e-01
[NA] iter=00032 eval=02086 misfit=5.019042e-01 best=5.018994e-01
[NA] iter=00032 eval=02087 misfit=5.040196e-01 best=5.018994e-01
[NA] iter=00032 eval=02088 misfit=5.019845e-01 best=5.018994e-01
[NA] iter=00032 eval=02089 misfit=5.019766e-01 best=5.018994e-01
[NA] iter=00032 eval=02090 misfit=5.040027e-01 best=5.018994e-01
[NA] iter=00032 eval=02091 misfit=5.020490e-01 best=5.018994e-01
[NA] iter=00032 eval=02092 misfit=5.020075e-01 best=5.018994e-01
[NA] iter=00032 eval=02093 misfit=5.020765e-01 best=5.018994e-01
[NA] iter=00032 eval=02094 misfit=5.020615e-01 best=5.018994e-01
[NA] iter=00032 eval=02095 misfit=5.020305e-01 best=5.018994e-01
[NA] iter=00032 eval=02096 misfit=5.020782e-01 best=5.018994e-01
[NA] iter=00032 eval=02097 misfit=5.019557e-01 best=5.018994e-01
[NA] iter=00032 eval=02098 misfit=5.019665e-01 best=5.018994e-01
[NA] iter=00032 eval=02099 misfit=5.020783e-01 best=5.018994e-01
[NA] iter=00032 eval=02100 misfit=5.019906e-01 best=5.018994e-01
NAI - Optimisation Loop:  64%|██████▍   | 32/50 [19:27<11:01, 36.76s/it][NA] iter=00033 eval=02101 misfit=5.027719e-01 best=5.018994e-01
[NA] iter=00033 eval=02102 misfit=5.027343e-01 best=5.018994e-01
[NA] iter=00033 eval=02103 misfit=5.020429e-01 best=5.018994e-01
[NA] iter=00033 eval=02104 misfit=5.019700e-01 best=5.018994e-01
[NA] iter=00033 eval=02105 misfit=5.019559e-01 best=5.018994e-01
[NA] iter=00033 eval=02106 misfit=5.078081e-01 best=5.018994e-01
[NA] iter=00033 eval=02107 misfit=5.029395e-01 best=5.018994e-01
[NA] iter=00033 eval=02108 misfit=5.028073e-01 best=5.018994e-01
[NA] iter=00033 eval=02109 misfit=5.029344e-01 best=5.018994e-01
[NA] iter=00033 eval=02110 misfit=5.027547e-01 best=5.018994e-01
[NA] iter=00033 eval=02111 misfit=5.038660e-01 best=5.018994e-01
[NA] iter=00033 eval=02112 misfit=5.026328e-01 best=5.018994e-01
[NA] iter=00033 eval=02113 misfit=5.019146e-01 best=5.018994e-01
[NA] iter=00033 eval=02114 misfit=5.040066e-01 best=5.018994e-01
[NA] iter=00033 eval=02115 misfit=5.039299e-01 best=5.018994e-01
[NA] iter=00033 eval=02116 misfit=5.019523e-01 best=5.018994e-01
[NA] iter=00033 eval=02117 misfit=5.020716e-01 best=5.018994e-01
[NA] iter=00033 eval=02118 misfit=5.019760e-01 best=5.018994e-01
[NA] iter=00033 eval=02119 misfit=5.018891e-01 best=5.018891e-01
[NA] iter=00033 eval=02120 misfit=5.041149e-01 best=5.018891e-01
[NA] iter=00033 eval=02121 misfit=5.040659e-01 best=5.018891e-01
[NA] iter=00033 eval=02122 misfit=5.040757e-01 best=5.018891e-01
[NA] iter=00033 eval=02123 misfit=5.019882e-01 best=5.018891e-01
[NA] iter=00033 eval=02124 misfit=5.018558e-01 best=5.018558e-01
[NA] iter=00033 eval=02125 misfit=5.027154e-01 best=5.018558e-01
[NA] iter=00033 eval=02126 misfit=5.019938e-01 best=5.018558e-01
[NA] iter=00033 eval=02127 misfit=5.019092e-01 best=5.018558e-01
[NA] iter=00033 eval=02128 misfit=5.019633e-01 best=5.018558e-01
[NA] iter=00033 eval=02129 misfit=5.019856e-01 best=5.018558e-01
[NA] iter=00033 eval=02130 misfit=5.020013e-01 best=5.018558e-01
[NA] iter=00033 eval=02131 misfit=5.020023e-01 best=5.018558e-01
[NA] iter=00033 eval=02132 misfit=5.019049e-01 best=5.018558e-01
[NA] iter=00033 eval=02133 misfit=5.019467e-01 best=5.018558e-01
[NA] iter=00033 eval=02134 misfit=5.019690e-01 best=5.018558e-01
[NA] iter=00033 eval=02135 misfit=5.019475e-01 best=5.018558e-01
[NA] iter=00033 eval=02136 misfit=5.018976e-01 best=5.018558e-01
[NA] iter=00033 eval=02137 misfit=5.040881e-01 best=5.018558e-01
[NA] iter=00033 eval=02138 misfit=5.020603e-01 best=5.018558e-01
[NA] iter=00033 eval=02139 misfit=5.020247e-01 best=5.018558e-01
[NA] iter=00033 eval=02140 misfit=5.020467e-01 best=5.018558e-01
[NA] iter=00033 eval=02141 misfit=5.040172e-01 best=5.018558e-01
[NA] iter=00033 eval=02142 misfit=5.019943e-01 best=5.018558e-01
[NA] iter=00033 eval=02143 misfit=5.019738e-01 best=5.018558e-01
[NA] iter=00033 eval=02144 misfit=5.020138e-01 best=5.018558e-01
[NA] iter=00033 eval=02145 misfit=5.020151e-01 best=5.018558e-01
[NA] iter=00033 eval=02146 misfit=5.019419e-01 best=5.018558e-01
[NA] iter=00033 eval=02147 misfit=5.019627e-01 best=5.018558e-01
[NA] iter=00033 eval=02148 misfit=5.019459e-01 best=5.018558e-01
[NA] iter=00033 eval=02149 misfit=5.019638e-01 best=5.018558e-01
[NA] iter=00033 eval=02150 misfit=5.019392e-01 best=5.018558e-01
NAI - Optimisation Loop:  66%|██████▌   | 33/50 [20:04<10:25, 36.80s/it][NA] iter=00034 eval=02151 misfit=5.019200e-01 best=5.018558e-01
[NA] iter=00034 eval=02152 misfit=5.019016e-01 best=5.018558e-01
[NA] iter=00034 eval=02153 misfit=5.019319e-01 best=5.018558e-01
[NA] iter=00034 eval=02154 misfit=5.018631e-01 best=5.018558e-01
[NA] iter=00034 eval=02155 misfit=5.018277e-01 best=5.018277e-01
[NA] iter=00034 eval=02156 misfit=5.019634e-01 best=5.018277e-01
[NA] iter=00034 eval=02157 misfit=5.019537e-01 best=5.018277e-01
[NA] iter=00034 eval=02158 misfit=5.019785e-01 best=5.018277e-01
[NA] iter=00034 eval=02159 misfit=5.019884e-01 best=5.018277e-01
[NA] iter=00034 eval=02160 misfit=5.020194e-01 best=5.018277e-01
[NA] iter=00034 eval=02161 misfit=5.020074e-01 best=5.018277e-01
[NA] iter=00034 eval=02162 misfit=5.026247e-01 best=5.018277e-01
[NA] iter=00034 eval=02163 misfit=5.019865e-01 best=5.018277e-01
[NA] iter=00034 eval=02164 misfit=5.018961e-01 best=5.018277e-01
[NA] iter=00034 eval=02165 misfit=5.027630e-01 best=5.018277e-01
[NA] iter=00034 eval=02166 misfit=5.019803e-01 best=5.018277e-01
[NA] iter=00034 eval=02167 misfit=5.019754e-01 best=5.018277e-01
[NA] iter=00034 eval=02168 misfit=5.019391e-01 best=5.018277e-01
[NA] iter=00034 eval=02169 misfit=5.018945e-01 best=5.018277e-01
[NA] iter=00034 eval=02170 misfit=5.019262e-01 best=5.018277e-01
[NA] iter=00034 eval=02171 misfit=5.027278e-01 best=5.018277e-01
[NA] iter=00034 eval=02172 misfit=5.018851e-01 best=5.018277e-01
[NA] iter=00034 eval=02173 misfit=5.020726e-01 best=5.018277e-01
[NA] iter=00034 eval=02174 misfit=5.026449e-01 best=5.018277e-01
[NA] iter=00034 eval=02175 misfit=5.028685e-01 best=5.018277e-01
[NA] iter=00034 eval=02176 misfit=5.019238e-01 best=5.018277e-01
[NA] iter=00034 eval=02177 misfit=5.020644e-01 best=5.018277e-01
[NA] iter=00034 eval=02178 misfit=5.039836e-01 best=5.018277e-01
[NA] iter=00034 eval=02179 misfit=5.020318e-01 best=5.018277e-01
[NA] iter=00034 eval=02180 misfit=5.019780e-01 best=5.018277e-01
[NA] iter=00034 eval=02181 misfit=5.019441e-01 best=5.018277e-01
[NA] iter=00034 eval=02182 misfit=5.019696e-01 best=5.018277e-01
[NA] iter=00034 eval=02183 misfit=5.019621e-01 best=5.018277e-01
[NA] iter=00034 eval=02184 misfit=5.019790e-01 best=5.018277e-01
[NA] iter=00034 eval=02185 misfit=5.019425e-01 best=5.018277e-01
[NA] iter=00034 eval=02186 misfit=5.075693e-01 best=5.018277e-01
[NA] iter=00034 eval=02187 misfit=5.021213e-01 best=5.018277e-01
[NA] iter=00034 eval=02188 misfit=5.021057e-01 best=5.018277e-01
[NA] iter=00034 eval=02189 misfit=5.025963e-01 best=5.018277e-01
[NA] iter=00034 eval=02190 misfit=5.027426e-01 best=5.018277e-01
[NA] iter=00034 eval=02191 misfit=5.025562e-01 best=5.018277e-01
[NA] iter=00034 eval=02192 misfit=5.026999e-01 best=5.018277e-01
[NA] iter=00034 eval=02193 misfit=5.026224e-01 best=5.018277e-01
[NA] iter=00034 eval=02194 misfit=5.019496e-01 best=5.018277e-01
[NA] iter=00034 eval=02195 misfit=5.019506e-01 best=5.018277e-01
[NA] iter=00034 eval=02196 misfit=5.019927e-01 best=5.018277e-01
[NA] iter=00034 eval=02197 misfit=5.040404e-01 best=5.018277e-01
[NA] iter=00034 eval=02198 misfit=5.019376e-01 best=5.018277e-01
[NA] iter=00034 eval=02199 misfit=5.040092e-01 best=5.018277e-01
[NA] iter=00034 eval=02200 misfit=5.019388e-01 best=5.018277e-01
NAI - Optimisation Loop:  68%|██████▊   | 34/50 [20:41<09:49, 36.87s/it][NA] iter=00035 eval=02201 misfit=5.019459e-01 best=5.018277e-01
[NA] iter=00035 eval=02202 misfit=5.018504e-01 best=5.018277e-01
[NA] iter=00035 eval=02203 misfit=5.026838e-01 best=5.018277e-01
[NA] iter=00035 eval=02204 misfit=5.041259e-01 best=5.018277e-01
[NA] iter=00035 eval=02205 misfit=5.016737e-01 best=5.016737e-01
[NA] iter=00035 eval=02206 misfit=5.039509e-01 best=5.016737e-01
[NA] iter=00035 eval=02207 misfit=5.018570e-01 best=5.016737e-01
[NA] iter=00035 eval=02208 misfit=5.019764e-01 best=5.016737e-01
[NA] iter=00035 eval=02209 misfit=5.025003e-01 best=5.016737e-01
[NA] iter=00035 eval=02210 misfit=5.018040e-01 best=5.016737e-01
[NA] iter=00035 eval=02211 misfit=5.019207e-01 best=5.016737e-01
[NA] iter=00035 eval=02212 misfit=5.019068e-01 best=5.016737e-01
[NA] iter=00035 eval=02213 misfit=5.018257e-01 best=5.016737e-01
[NA] iter=00035 eval=02214 misfit=5.019246e-01 best=5.016737e-01
[NA] iter=00035 eval=02215 misfit=5.018652e-01 best=5.016737e-01
[NA] iter=00035 eval=02216 misfit=5.028320e-01 best=5.016737e-01
[NA] iter=00035 eval=02217 misfit=5.019668e-01 best=5.016737e-01
[NA] iter=00035 eval=02218 misfit=5.029820e-01 best=5.016737e-01
[NA] iter=00035 eval=02219 misfit=5.021046e-01 best=5.016737e-01
[NA] iter=00035 eval=02220 misfit=5.028749e-01 best=5.016737e-01
[NA] iter=00035 eval=02221 misfit=5.019231e-01 best=5.016737e-01
[NA] iter=00035 eval=02222 misfit=5.019955e-01 best=5.016737e-01
[NA] iter=00035 eval=02223 misfit=5.018728e-01 best=5.016737e-01
[NA] iter=00035 eval=02224 misfit=5.019382e-01 best=5.016737e-01
[NA] iter=00035 eval=02225 misfit=5.020114e-01 best=5.016737e-01
[NA] iter=00035 eval=02226 misfit=5.019849e-01 best=5.016737e-01
[NA] iter=00035 eval=02227 misfit=5.019004e-01 best=5.016737e-01
[NA] iter=00035 eval=02228 misfit=5.018721e-01 best=5.016737e-01
[NA] iter=00035 eval=02229 misfit=5.019289e-01 best=5.016737e-01
[NA] iter=00035 eval=02230 misfit=5.020295e-01 best=5.016737e-01
[NA] iter=00035 eval=02231 misfit=5.027596e-01 best=5.016737e-01
[NA] iter=00035 eval=02232 misfit=5.020825e-01 best=5.016737e-01
[NA] iter=00035 eval=02233 misfit=5.020295e-01 best=5.016737e-01
[NA] iter=00035 eval=02234 misfit=5.026632e-01 best=5.016737e-01
[NA] iter=00035 eval=02235 misfit=5.026132e-01 best=5.016737e-01
[NA] iter=00035 eval=02236 misfit=5.019968e-01 best=5.016737e-01
[NA] iter=00035 eval=02237 misfit=5.019860e-01 best=5.016737e-01
[NA] iter=00035 eval=02238 misfit=5.026810e-01 best=5.016737e-01
[NA] iter=00035 eval=02239 misfit=5.020102e-01 best=5.016737e-01
[NA] iter=00035 eval=02240 misfit=5.027546e-01 best=5.016737e-01
[NA] iter=00035 eval=02241 misfit=5.019280e-01 best=5.016737e-01
[NA] iter=00035 eval=02242 misfit=5.019658e-01 best=5.016737e-01
[NA] iter=00035 eval=02243 misfit=5.019869e-01 best=5.016737e-01
[NA] iter=00035 eval=02244 misfit=5.018744e-01 best=5.016737e-01
[NA] iter=00035 eval=02245 misfit=5.019027e-01 best=5.016737e-01
[NA] iter=00035 eval=02246 misfit=5.019215e-01 best=5.016737e-01
[NA] iter=00035 eval=02247 misfit=5.026565e-01 best=5.016737e-01
[NA] iter=00035 eval=02248 misfit=5.018660e-01 best=5.016737e-01
[NA] iter=00035 eval=02249 misfit=5.017909e-01 best=5.016737e-01
[NA] iter=00035 eval=02250 misfit=5.025514e-01 best=5.016737e-01
NAI - Optimisation Loop:  70%|███████   | 35/50 [21:18<09:12, 36.86s/it][NA] iter=00036 eval=02251 misfit=5.065220e-01 best=5.016737e-01
[NA] iter=00036 eval=02252 misfit=5.028402e-01 best=5.016737e-01
[NA] iter=00036 eval=02253 misfit=5.066198e-01 best=5.016737e-01
[NA] iter=00036 eval=02254 misfit=5.079115e-01 best=5.016737e-01
[NA] iter=00036 eval=02255 misfit=5.020030e-01 best=5.016737e-01
[NA] iter=00036 eval=02256 misfit=5.018069e-01 best=5.016737e-01
[NA] iter=00036 eval=02257 misfit=5.018599e-01 best=5.016737e-01
[NA] iter=00036 eval=02258 misfit=5.018314e-01 best=5.016737e-01
[NA] iter=00036 eval=02259 misfit=5.025049e-01 best=5.016737e-01
[NA] iter=00036 eval=02260 misfit=5.024759e-01 best=5.016737e-01
[NA] iter=00036 eval=02261 misfit=5.018315e-01 best=5.016737e-01
[NA] iter=00036 eval=02262 misfit=5.019153e-01 best=5.016737e-01
[NA] iter=00036 eval=02263 misfit=5.018420e-01 best=5.016737e-01
[NA] iter=00036 eval=02264 misfit=5.019371e-01 best=5.016737e-01
[NA] iter=00036 eval=02265 misfit=5.018827e-01 best=5.016737e-01
[NA] iter=00036 eval=02266 misfit=5.019564e-01 best=5.016737e-01
[NA] iter=00036 eval=02267 misfit=5.027330e-01 best=5.016737e-01
[NA] iter=00036 eval=02268 misfit=5.019812e-01 best=5.016737e-01
[NA] iter=00036 eval=02269 misfit=5.027431e-01 best=5.016737e-01
[NA] iter=00036 eval=02270 misfit=5.028398e-01 best=5.016737e-01
[NA] iter=00036 eval=02271 misfit=5.019842e-01 best=5.016737e-01
[NA] iter=00036 eval=02272 misfit=5.018623e-01 best=5.016737e-01
[NA] iter=00036 eval=02273 misfit=5.019287e-01 best=5.016737e-01
[NA] iter=00036 eval=02274 misfit=5.018025e-01 best=5.016737e-01
[NA] iter=00036 eval=02275 misfit=5.018985e-01 best=5.016737e-01
[NA] iter=00036 eval=02276 misfit=5.020049e-01 best=5.016737e-01
[NA] iter=00036 eval=02277 misfit=5.019425e-01 best=5.016737e-01
[NA] iter=00036 eval=02278 misfit=5.018398e-01 best=5.016737e-01
[NA] iter=00036 eval=02279 misfit=5.018934e-01 best=5.016737e-01
[NA] iter=00036 eval=02280 misfit=5.025993e-01 best=5.016737e-01
[NA] iter=00036 eval=02281 misfit=5.018844e-01 best=5.016737e-01
[NA] iter=00036 eval=02282 misfit=5.017379e-01 best=5.016737e-01
[NA] iter=00036 eval=02283 misfit=5.019133e-01 best=5.016737e-01
[NA] iter=00036 eval=02284 misfit=5.018464e-01 best=5.016737e-01
[NA] iter=00036 eval=02285 misfit=5.025116e-01 best=5.016737e-01
[NA] iter=00036 eval=02286 misfit=5.018766e-01 best=5.016737e-01
[NA] iter=00036 eval=02287 misfit=5.018747e-01 best=5.016737e-01
[NA] iter=00036 eval=02288 misfit=5.018887e-01 best=5.016737e-01
[NA] iter=00036 eval=02289 misfit=5.019496e-01 best=5.016737e-01
[NA] iter=00036 eval=02290 misfit=5.018728e-01 best=5.016737e-01
[NA] iter=00036 eval=02291 misfit=5.018943e-01 best=5.016737e-01
[NA] iter=00036 eval=02292 misfit=5.018786e-01 best=5.016737e-01
[NA] iter=00036 eval=02293 misfit=5.018883e-01 best=5.016737e-01
[NA] iter=00036 eval=02294 misfit=5.018260e-01 best=5.016737e-01
[NA] iter=00036 eval=02295 misfit=5.018485e-01 best=5.016737e-01
[NA] iter=00036 eval=02296 misfit=5.027225e-01 best=5.016737e-01
[NA] iter=00036 eval=02297 misfit=5.026621e-01 best=5.016737e-01
[NA] iter=00036 eval=02298 misfit=5.025952e-01 best=5.016737e-01
[NA] iter=00036 eval=02299 misfit=5.018912e-01 best=5.016737e-01
[NA] iter=00036 eval=02300 misfit=5.026785e-01 best=5.016737e-01
NAI - Optimisation Loop:  72%|███████▏  | 36/50 [21:53<08:28, 36.30s/it][NA] iter=00037 eval=02301 misfit=5.040786e-01 best=5.016737e-01
[NA] iter=00037 eval=02302 misfit=5.021333e-01 best=5.016737e-01
[NA] iter=00037 eval=02303 misfit=5.018617e-01 best=5.016737e-01
[NA] iter=00037 eval=02304 misfit=5.027266e-01 best=5.016737e-01
[NA] iter=00037 eval=02305 misfit=5.019092e-01 best=5.016737e-01
[NA] iter=00037 eval=02306 misfit=5.018459e-01 best=5.016737e-01
[NA] iter=00037 eval=02307 misfit=5.037669e-01 best=5.016737e-01
[NA] iter=00037 eval=02308 misfit=5.019900e-01 best=5.016737e-01
[NA] iter=00037 eval=02309 misfit=5.038431e-01 best=5.016737e-01
[NA] iter=00037 eval=02310 misfit=5.018993e-01 best=5.016737e-01
[NA] iter=00037 eval=02311 misfit=5.018567e-01 best=5.016737e-01
[NA] iter=00037 eval=02312 misfit=5.025499e-01 best=5.016737e-01
[NA] iter=00037 eval=02313 misfit=5.018453e-01 best=5.016737e-01
[NA] iter=00037 eval=02314 misfit=5.018921e-01 best=5.016737e-01
[NA] iter=00037 eval=02315 misfit=5.024526e-01 best=5.016737e-01
[NA] iter=00037 eval=02316 misfit=5.018764e-01 best=5.016737e-01
[NA] iter=00037 eval=02317 misfit=5.018622e-01 best=5.016737e-01
[NA] iter=00037 eval=02318 misfit=5.018570e-01 best=5.016737e-01
[NA] iter=00037 eval=02319 misfit=5.018276e-01 best=5.016737e-01
[NA] iter=00037 eval=02320 misfit=5.019089e-01 best=5.016737e-01
[NA] iter=00037 eval=02321 misfit=5.019200e-01 best=5.016737e-01
[NA] iter=00037 eval=02322 misfit=5.019218e-01 best=5.016737e-01
[NA] iter=00037 eval=02323 misfit=5.019341e-01 best=5.016737e-01
[NA] iter=00037 eval=02324 misfit=5.018143e-01 best=5.016737e-01
[NA] iter=00037 eval=02325 misfit=5.019621e-01 best=5.016737e-01
[NA] iter=00037 eval=02326 misfit=5.037743e-01 best=5.016737e-01
[NA] iter=00037 eval=02327 misfit=5.037407e-01 best=5.016737e-01
[NA] iter=00037 eval=02328 misfit=5.039430e-01 best=5.016737e-01
[NA] iter=00037 eval=02329 misfit=5.018266e-01 best=5.016737e-01
[NA] iter=00037 eval=02330 misfit=5.040733e-01 best=5.016737e-01
[NA] iter=00037 eval=02331 misfit=5.026526e-01 best=5.016737e-01
[NA] iter=00037 eval=02332 misfit=5.018637e-01 best=5.016737e-01
[NA] iter=00037 eval=02333 misfit=5.025948e-01 best=5.016737e-01
[NA] iter=00037 eval=02334 misfit=5.027321e-01 best=5.016737e-01
[NA] iter=00037 eval=02335 misfit=5.019004e-01 best=5.016737e-01
[NA] iter=00037 eval=02336 misfit=5.019820e-01 best=5.016737e-01
[NA] iter=00037 eval=02337 misfit=5.018838e-01 best=5.016737e-01
[NA] iter=00037 eval=02338 misfit=5.019229e-01 best=5.016737e-01
[NA] iter=00037 eval=02339 misfit=5.018805e-01 best=5.016737e-01
[NA] iter=00037 eval=02340 misfit=5.019321e-01 best=5.016737e-01
[NA] iter=00037 eval=02341 misfit=5.018138e-01 best=5.016737e-01
[NA] iter=00037 eval=02342 misfit=5.026602e-01 best=5.016737e-01
[NA] iter=00037 eval=02343 misfit=5.018174e-01 best=5.016737e-01
[NA] iter=00037 eval=02344 misfit=5.018522e-01 best=5.016737e-01
[NA] iter=00037 eval=02345 misfit=5.018438e-01 best=5.016737e-01
[NA] iter=00037 eval=02346 misfit=5.025435e-01 best=5.016737e-01
[NA] iter=00037 eval=02347 misfit=5.026738e-01 best=5.016737e-01
[NA] iter=00037 eval=02348 misfit=5.018972e-01 best=5.016737e-01
[NA] iter=00037 eval=02349 misfit=5.025270e-01 best=5.016737e-01
[NA] iter=00037 eval=02350 misfit=5.018987e-01 best=5.016737e-01
NAI - Optimisation Loop:  74%|███████▍  | 37/50 [22:27<07:41, 35.53s/it][NA] iter=00038 eval=02351 misfit=5.019077e-01 best=5.016737e-01
[NA] iter=00038 eval=02352 misfit=5.017734e-01 best=5.016737e-01
[NA] iter=00038 eval=02353 misfit=5.039424e-01 best=5.016737e-01
[NA] iter=00038 eval=02354 misfit=5.017456e-01 best=5.016737e-01
[NA] iter=00038 eval=02355 misfit=5.017923e-01 best=5.016737e-01
[NA] iter=00038 eval=02356 misfit=5.018037e-01 best=5.016737e-01
[NA] iter=00038 eval=02357 misfit=5.018780e-01 best=5.016737e-01
[NA] iter=00038 eval=02358 misfit=5.018253e-01 best=5.016737e-01
[NA] iter=00038 eval=02359 misfit=5.018487e-01 best=5.016737e-01
[NA] iter=00038 eval=02360 misfit=5.018710e-01 best=5.016737e-01
[NA] iter=00038 eval=02361 misfit=5.024856e-01 best=5.016737e-01
[NA] iter=00038 eval=02362 misfit=5.019022e-01 best=5.016737e-01
[NA] iter=00038 eval=02363 misfit=5.018379e-01 best=5.016737e-01
[NA] iter=00038 eval=02364 misfit=5.018933e-01 best=5.016737e-01
[NA] iter=00038 eval=02365 misfit=5.018550e-01 best=5.016737e-01
[NA] iter=00038 eval=02366 misfit=5.018411e-01 best=5.016737e-01
[NA] iter=00038 eval=02367 misfit=5.018589e-01 best=5.016737e-01
[NA] iter=00038 eval=02368 misfit=5.018227e-01 best=5.016737e-01
[NA] iter=00038 eval=02369 misfit=5.017640e-01 best=5.016737e-01
[NA] iter=00038 eval=02370 misfit=5.018185e-01 best=5.016737e-01
[NA] iter=00038 eval=02371 misfit=5.018140e-01 best=5.016737e-01
[NA] iter=00038 eval=02372 misfit=5.019154e-01 best=5.016737e-01
[NA] iter=00038 eval=02373 misfit=5.018488e-01 best=5.016737e-01
[NA] iter=00038 eval=02374 misfit=5.018200e-01 best=5.016737e-01
[NA] iter=00038 eval=02375 misfit=5.019167e-01 best=5.016737e-01
[NA] iter=00038 eval=02376 misfit=5.019270e-01 best=5.016737e-01
[NA] iter=00038 eval=02377 misfit=5.038660e-01 best=5.016737e-01
[NA] iter=00038 eval=02378 misfit=5.036898e-01 best=5.016737e-01
[NA] iter=00038 eval=02379 misfit=5.017509e-01 best=5.016737e-01
[NA] iter=00038 eval=02380 misfit=5.017507e-01 best=5.016737e-01
[NA] iter=00038 eval=02381 misfit=5.018420e-01 best=5.016737e-01
[NA] iter=00038 eval=02382 misfit=5.018831e-01 best=5.016737e-01
[NA] iter=00038 eval=02383 misfit=5.018624e-01 best=5.016737e-01
[NA] iter=00038 eval=02384 misfit=5.018951e-01 best=5.016737e-01
[NA] iter=00038 eval=02385 misfit=5.018539e-01 best=5.016737e-01
[NA] iter=00038 eval=02386 misfit=5.019137e-01 best=5.016737e-01
[NA] iter=00038 eval=02387 misfit=5.018481e-01 best=5.016737e-01
[NA] iter=00038 eval=02388 misfit=5.018052e-01 best=5.016737e-01
[NA] iter=00038 eval=02389 misfit=5.018948e-01 best=5.016737e-01
[NA] iter=00038 eval=02390 misfit=5.019391e-01 best=5.016737e-01
[NA] iter=00038 eval=02391 misfit=5.018491e-01 best=5.016737e-01
[NA] iter=00038 eval=02392 misfit=5.018813e-01 best=5.016737e-01
[NA] iter=00038 eval=02393 misfit=5.018081e-01 best=5.016737e-01
[NA] iter=00038 eval=02394 misfit=5.018433e-01 best=5.016737e-01
[NA] iter=00038 eval=02395 misfit=5.018615e-01 best=5.016737e-01
[NA] iter=00038 eval=02396 misfit=5.025860e-01 best=5.016737e-01
[NA] iter=00038 eval=02397 misfit=5.018413e-01 best=5.016737e-01
[NA] iter=00038 eval=02398 misfit=5.018290e-01 best=5.016737e-01
[NA] iter=00038 eval=02399 misfit=5.025343e-01 best=5.016737e-01
[NA] iter=00038 eval=02400 misfit=5.018293e-01 best=5.016737e-01
NAI - Optimisation Loop:  76%|███████▌  | 38/50 [23:04<07:12, 36.05s/it][NA] iter=00039 eval=02401 misfit=5.017005e-01 best=5.016737e-01
[NA] iter=00039 eval=02402 misfit=5.019913e-01 best=5.016737e-01
[NA] iter=00039 eval=02403 misfit=5.039568e-01 best=5.016737e-01
[NA] iter=00039 eval=02404 misfit=5.017758e-01 best=5.016737e-01
[NA] iter=00039 eval=02405 misfit=5.019249e-01 best=5.016737e-01
[NA] iter=00039 eval=02406 misfit=5.017888e-01 best=5.016737e-01
[NA] iter=00039 eval=02407 misfit=5.017396e-01 best=5.016737e-01
[NA] iter=00039 eval=02408 misfit=5.016994e-01 best=5.016737e-01
[NA] iter=00039 eval=02409 misfit=5.018354e-01 best=5.016737e-01
[NA] iter=00039 eval=02410 misfit=5.018521e-01 best=5.016737e-01
[NA] iter=00039 eval=02411 misfit=5.026833e-01 best=5.016737e-01
[NA] iter=00039 eval=02412 misfit=5.026649e-01 best=5.016737e-01
[NA] iter=00039 eval=02413 misfit=5.026242e-01 best=5.016737e-01
[NA] iter=00039 eval=02414 misfit=5.017620e-01 best=5.016737e-01
[NA] iter=00039 eval=02415 misfit=5.027037e-01 best=5.016737e-01
[NA] iter=00039 eval=02416 misfit=5.020946e-01 best=5.016737e-01
[NA] iter=00039 eval=02417 misfit=5.018215e-01 best=5.016737e-01
[NA] iter=00039 eval=02418 misfit=5.019808e-01 best=5.016737e-01
[NA] iter=00039 eval=02419 misfit=5.019149e-01 best=5.016737e-01
[NA] iter=00039 eval=02420 misfit=5.018831e-01 best=5.016737e-01
[NA] iter=00039 eval=02421 misfit=5.018840e-01 best=5.016737e-01
[NA] iter=00039 eval=02422 misfit=5.018717e-01 best=5.016737e-01
[NA] iter=00039 eval=02423 misfit=5.018956e-01 best=5.016737e-01
[NA] iter=00039 eval=02424 misfit=5.017958e-01 best=5.016737e-01
[NA] iter=00039 eval=02425 misfit=5.037169e-01 best=5.016737e-01
[NA] iter=00039 eval=02426 misfit=5.017894e-01 best=5.016737e-01
[NA] iter=00039 eval=02427 misfit=5.018202e-01 best=5.016737e-01
[NA] iter=00039 eval=02428 misfit=5.018475e-01 best=5.016737e-01
[NA] iter=00039 eval=02429 misfit=5.017946e-01 best=5.016737e-01
[NA] iter=00039 eval=02430 misfit=5.018224e-01 best=5.016737e-01
[NA] iter=00039 eval=02431 misfit=5.021033e-01 best=5.016737e-01
[NA] iter=00039 eval=02432 misfit=5.020096e-01 best=5.016737e-01
[NA] iter=00039 eval=02433 misfit=5.018189e-01 best=5.016737e-01
[NA] iter=00039 eval=02434 misfit=5.019658e-01 best=5.016737e-01
[NA] iter=00039 eval=02435 misfit=5.020533e-01 best=5.016737e-01
[NA] iter=00039 eval=02436 misfit=5.018242e-01 best=5.016737e-01
[NA] iter=00039 eval=02437 misfit=5.018238e-01 best=5.016737e-01
[NA] iter=00039 eval=02438 misfit=5.018239e-01 best=5.016737e-01
[NA] iter=00039 eval=02439 misfit=5.017350e-01 best=5.016737e-01
[NA] iter=00039 eval=02440 misfit=5.017846e-01 best=5.016737e-01
[NA] iter=00039 eval=02441 misfit=5.017915e-01 best=5.016737e-01
[NA] iter=00039 eval=02442 misfit=5.042625e-01 best=5.016737e-01
[NA] iter=00039 eval=02443 misfit=5.019282e-01 best=5.016737e-01
[NA] iter=00039 eval=02444 misfit=5.040928e-01 best=5.016737e-01
[NA] iter=00039 eval=02445 misfit=5.040480e-01 best=5.016737e-01
[NA] iter=00039 eval=02446 misfit=5.018603e-01 best=5.016737e-01
[NA] iter=00039 eval=02447 misfit=5.019165e-01 best=5.016737e-01
[NA] iter=00039 eval=02448 misfit=5.018188e-01 best=5.016737e-01
[NA] iter=00039 eval=02449 misfit=5.018004e-01 best=5.016737e-01
[NA] iter=00039 eval=02450 misfit=5.018318e-01 best=5.016737e-01
NAI - Optimisation Loop:  78%|███████▊  | 39/50 [23:41<06:40, 36.41s/it][NA] iter=00040 eval=02451 misfit=5.017612e-01 best=5.016737e-01
[NA] iter=00040 eval=02452 misfit=5.017083e-01 best=5.016737e-01
[NA] iter=00040 eval=02453 misfit=5.016915e-01 best=5.016737e-01
[NA] iter=00040 eval=02454 misfit=5.017576e-01 best=5.016737e-01
[NA] iter=00040 eval=02455 misfit=5.017402e-01 best=5.016737e-01
[NA] iter=00040 eval=02456 misfit=5.017954e-01 best=5.016737e-01
[NA] iter=00040 eval=02457 misfit=5.019001e-01 best=5.016737e-01
[NA] iter=00040 eval=02458 misfit=5.017825e-01 best=5.016737e-01
[NA] iter=00040 eval=02459 misfit=5.018124e-01 best=5.016737e-01
[NA] iter=00040 eval=02460 misfit=5.017726e-01 best=5.016737e-01
[NA] iter=00040 eval=02461 misfit=5.018200e-01 best=5.016737e-01
[NA] iter=00040 eval=02462 misfit=5.039531e-01 best=5.016737e-01
[NA] iter=00040 eval=02463 misfit=5.038728e-01 best=5.016737e-01
[NA] iter=00040 eval=02464 misfit=5.018074e-01 best=5.016737e-01
[NA] iter=00040 eval=02465 misfit=5.017159e-01 best=5.016737e-01
[NA] iter=00040 eval=02466 misfit=5.024161e-01 best=5.016737e-01
[NA] iter=00040 eval=02467 misfit=5.018421e-01 best=5.016737e-01
[NA] iter=00040 eval=02468 misfit=5.018222e-01 best=5.016737e-01
[NA] iter=00040 eval=02469 misfit=5.018256e-01 best=5.016737e-01
[NA] iter=00040 eval=02470 misfit=5.018451e-01 best=5.016737e-01
[NA] iter=00040 eval=02471 misfit=5.018381e-01 best=5.016737e-01
[NA] iter=00040 eval=02472 misfit=5.018169e-01 best=5.016737e-01
[NA] iter=00040 eval=02473 misfit=5.017718e-01 best=5.016737e-01
[NA] iter=00040 eval=02474 misfit=5.017268e-01 best=5.016737e-01
[NA] iter=00040 eval=02475 misfit=5.017960e-01 best=5.016737e-01
[NA] iter=00040 eval=02476 misfit=5.017681e-01 best=5.016737e-01
[NA] iter=00040 eval=02477 misfit=5.017718e-01 best=5.016737e-01
[NA] iter=00040 eval=02478 misfit=5.017432e-01 best=5.016737e-01
[NA] iter=00040 eval=02479 misfit=5.018489e-01 best=5.016737e-01
[NA] iter=00040 eval=02480 misfit=5.018078e-01 best=5.016737e-01
[NA] iter=00040 eval=02481 misfit=5.017720e-01 best=5.016737e-01
[NA] iter=00040 eval=02482 misfit=5.016919e-01 best=5.016737e-01
[NA] iter=00040 eval=02483 misfit=5.017293e-01 best=5.016737e-01
[NA] iter=00040 eval=02484 misfit=5.019879e-01 best=5.016737e-01
[NA] iter=00040 eval=02485 misfit=5.018250e-01 best=5.016737e-01
[NA] iter=00040 eval=02486 misfit=5.018324e-01 best=5.016737e-01
[NA] iter=00040 eval=02487 misfit=5.020084e-01 best=5.016737e-01
[NA] iter=00040 eval=02488 misfit=5.017490e-01 best=5.016737e-01
[NA] iter=00040 eval=02489 misfit=5.019133e-01 best=5.016737e-01
[NA] iter=00040 eval=02490 misfit=5.020422e-01 best=5.016737e-01
[NA] iter=00040 eval=02491 misfit=5.017863e-01 best=5.016737e-01
[NA] iter=00040 eval=02492 misfit=5.038803e-01 best=5.016737e-01
[NA] iter=00040 eval=02493 misfit=5.018388e-01 best=5.016737e-01
[NA] iter=00040 eval=02494 misfit=5.017358e-01 best=5.016737e-01
[NA] iter=00040 eval=02495 misfit=5.017572e-01 best=5.016737e-01
[NA] iter=00040 eval=02496 misfit=5.016505e-01 best=5.016505e-01
[NA] iter=00040 eval=02497 misfit=5.018806e-01 best=5.016505e-01
[NA] iter=00040 eval=02498 misfit=5.020448e-01 best=5.016505e-01
[NA] iter=00040 eval=02499 misfit=5.017882e-01 best=5.016505e-01
[NA] iter=00040 eval=02500 misfit=5.019156e-01 best=5.016505e-01
NAI - Optimisation Loop:  80%|████████  | 40/50 [24:18<06:06, 36.63s/it][NA] iter=00041 eval=02501 misfit=5.018247e-01 best=5.016505e-01
[NA] iter=00041 eval=02502 misfit=5.018407e-01 best=5.016505e-01
[NA] iter=00041 eval=02503 misfit=5.018820e-01 best=5.016505e-01
[NA] iter=00041 eval=02504 misfit=5.018367e-01 best=5.016505e-01
[NA] iter=00041 eval=02505 misfit=5.019105e-01 best=5.016505e-01
[NA] iter=00041 eval=02506 misfit=5.017254e-01 best=5.016505e-01
[NA] iter=00041 eval=02507 misfit=5.016646e-01 best=5.016505e-01
[NA] iter=00041 eval=02508 misfit=5.017139e-01 best=5.016505e-01
[NA] iter=00041 eval=02509 misfit=5.016947e-01 best=5.016505e-01
[NA] iter=00041 eval=02510 misfit=5.017725e-01 best=5.016505e-01
[NA] iter=00041 eval=02511 misfit=5.017418e-01 best=5.016505e-01
[NA] iter=00041 eval=02512 misfit=5.017258e-01 best=5.016505e-01
[NA] iter=00041 eval=02513 misfit=5.017884e-01 best=5.016505e-01
[NA] iter=00041 eval=02514 misfit=5.018201e-01 best=5.016505e-01
[NA] iter=00041 eval=02515 misfit=5.020351e-01 best=5.016505e-01
[NA] iter=00041 eval=02516 misfit=5.017100e-01 best=5.016505e-01
[NA] iter=00041 eval=02517 misfit=5.017896e-01 best=5.016505e-01
[NA] iter=00041 eval=02518 misfit=5.017129e-01 best=5.016505e-01
[NA] iter=00041 eval=02519 misfit=5.018722e-01 best=5.016505e-01
[NA] iter=00041 eval=02520 misfit=5.017146e-01 best=5.016505e-01
[NA] iter=00041 eval=02521 misfit=5.017259e-01 best=5.016505e-01
[NA] iter=00041 eval=02522 misfit=5.017318e-01 best=5.016505e-01
[NA] iter=00041 eval=02523 misfit=5.017594e-01 best=5.016505e-01
[NA] iter=00041 eval=02524 misfit=5.017387e-01 best=5.016505e-01
[NA] iter=00041 eval=02525 misfit=5.018288e-01 best=5.016505e-01
[NA] iter=00041 eval=02526 misfit=5.018856e-01 best=5.016505e-01
[NA] iter=00041 eval=02527 misfit=5.017468e-01 best=5.016505e-01
[NA] iter=00041 eval=02528 misfit=5.016674e-01 best=5.016505e-01
[NA] iter=00041 eval=02529 misfit=5.018460e-01 best=5.016505e-01
[NA] iter=00041 eval=02530 misfit=5.017713e-01 best=5.016505e-01
[NA] iter=00041 eval=02531 misfit=5.017188e-01 best=5.016505e-01
[NA] iter=00041 eval=02532 misfit=5.016725e-01 best=5.016505e-01
[NA] iter=00041 eval=02533 misfit=5.017186e-01 best=5.016505e-01
[NA] iter=00041 eval=02534 misfit=5.017279e-01 best=5.016505e-01
[NA] iter=00041 eval=02535 misfit=5.016675e-01 best=5.016505e-01
[NA] iter=00041 eval=02536 misfit=5.039485e-01 best=5.016505e-01
[NA] iter=00041 eval=02537 misfit=5.017379e-01 best=5.016505e-01
[NA] iter=00041 eval=02538 misfit=5.039182e-01 best=5.016505e-01
[NA] iter=00041 eval=02539 misfit=5.017853e-01 best=5.016505e-01
[NA] iter=00041 eval=02540 misfit=5.016588e-01 best=5.016505e-01
[NA] iter=00041 eval=02541 misfit=5.017171e-01 best=5.016505e-01
[NA] iter=00041 eval=02542 misfit=5.017256e-01 best=5.016505e-01
[NA] iter=00041 eval=02543 misfit=5.017151e-01 best=5.016505e-01
[NA] iter=00041 eval=02544 misfit=5.017721e-01 best=5.016505e-01
[NA] iter=00041 eval=02545 misfit=5.017298e-01 best=5.016505e-01
[NA] iter=00041 eval=02546 misfit=5.017432e-01 best=5.016505e-01
[NA] iter=00041 eval=02547 misfit=5.017383e-01 best=5.016505e-01
[NA] iter=00041 eval=02548 misfit=5.018103e-01 best=5.016505e-01
[NA] iter=00041 eval=02549 misfit=5.016189e-01 best=5.016189e-01
[NA] iter=00041 eval=02550 misfit=5.017299e-01 best=5.016189e-01
NAI - Optimisation Loop:  82%|████████▏ | 41/50 [24:55<05:28, 36.50s/it][NA] iter=00042 eval=02551 misfit=5.017187e-01 best=5.016189e-01
[NA] iter=00042 eval=02552 misfit=5.016631e-01 best=5.016189e-01
[NA] iter=00042 eval=02553 misfit=5.016824e-01 best=5.016189e-01
[NA] iter=00042 eval=02554 misfit=5.016867e-01 best=5.016189e-01
[NA] iter=00042 eval=02555 misfit=5.017040e-01 best=5.016189e-01
[NA] iter=00042 eval=02556 misfit=5.018437e-01 best=5.016189e-01
[NA] iter=00042 eval=02557 misfit=5.016685e-01 best=5.016189e-01
[NA] iter=00042 eval=02558 misfit=5.017302e-01 best=5.016189e-01
[NA] iter=00042 eval=02559 misfit=5.017458e-01 best=5.016189e-01
[NA] iter=00042 eval=02560 misfit=5.016994e-01 best=5.016189e-01
[NA] iter=00042 eval=02561 misfit=5.018477e-01 best=5.016189e-01
[NA] iter=00042 eval=02562 misfit=5.018651e-01 best=5.016189e-01
[NA] iter=00042 eval=02563 misfit=5.017803e-01 best=5.016189e-01
[NA] iter=00042 eval=02564 misfit=5.017183e-01 best=5.016189e-01
[NA] iter=00042 eval=02565 misfit=5.017241e-01 best=5.016189e-01
[NA] iter=00042 eval=02566 misfit=5.016719e-01 best=5.016189e-01
[NA] iter=00042 eval=02567 misfit=5.016775e-01 best=5.016189e-01
[NA] iter=00042 eval=02568 misfit=5.016336e-01 best=5.016189e-01
[NA] iter=00042 eval=02569 misfit=5.016666e-01 best=5.016189e-01
[NA] iter=00042 eval=02570 misfit=5.016158e-01 best=5.016158e-01
[NA] iter=00042 eval=02571 misfit=5.016549e-01 best=5.016158e-01
[NA] iter=00042 eval=02572 misfit=5.017364e-01 best=5.016158e-01
[NA] iter=00042 eval=02573 misfit=5.017287e-01 best=5.016158e-01
[NA] iter=00042 eval=02574 misfit=5.017302e-01 best=5.016158e-01
[NA] iter=00042 eval=02575 misfit=5.017721e-01 best=5.016158e-01
[NA] iter=00042 eval=02576 misfit=5.017715e-01 best=5.016158e-01
[NA] iter=00042 eval=02577 misfit=5.017086e-01 best=5.016158e-01
[NA] iter=00042 eval=02578 misfit=5.016506e-01 best=5.016158e-01
[NA] iter=00042 eval=02579 misfit=5.015814e-01 best=5.015814e-01
[NA] iter=00042 eval=02580 misfit=5.016313e-01 best=5.015814e-01
[NA] iter=00042 eval=02581 misfit=5.017075e-01 best=5.015814e-01
[NA] iter=00042 eval=02582 misfit=5.016650e-01 best=5.015814e-01
[NA] iter=00042 eval=02583 misfit=5.017169e-01 best=5.015814e-01
[NA] iter=00042 eval=02584 misfit=5.017232e-01 best=5.015814e-01
[NA] iter=00042 eval=02585 misfit=5.016881e-01 best=5.015814e-01
[NA] iter=00042 eval=02586 misfit=5.016602e-01 best=5.015814e-01
[NA] iter=00042 eval=02587 misfit=5.017126e-01 best=5.015814e-01
[NA] iter=00042 eval=02588 misfit=5.017070e-01 best=5.015814e-01
[NA] iter=00042 eval=02589 misfit=5.016256e-01 best=5.015814e-01
[NA] iter=00042 eval=02590 misfit=5.016558e-01 best=5.015814e-01
[NA] iter=00042 eval=02591 misfit=5.017095e-01 best=5.015814e-01
[NA] iter=00042 eval=02592 misfit=5.018306e-01 best=5.015814e-01
[NA] iter=00042 eval=02593 misfit=5.016715e-01 best=5.015814e-01
[NA] iter=00042 eval=02594 misfit=5.017136e-01 best=5.015814e-01
[NA] iter=00042 eval=02595 misfit=5.016887e-01 best=5.015814e-01
[NA] iter=00042 eval=02596 misfit=5.017660e-01 best=5.015814e-01
[NA] iter=00042 eval=02597 misfit=5.016775e-01 best=5.015814e-01
[NA] iter=00042 eval=02598 misfit=5.016987e-01 best=5.015814e-01
[NA] iter=00042 eval=02599 misfit=5.016879e-01 best=5.015814e-01
[NA] iter=00042 eval=02600 misfit=5.016753e-01 best=5.015814e-01
NAI - Optimisation Loop:  84%|████████▍ | 42/50 [25:39<05:10, 38.78s/it][NA] iter=00043 eval=02601 misfit=5.017227e-01 best=5.015814e-01
[NA] iter=00043 eval=02602 misfit=5.016361e-01 best=5.015814e-01
[NA] iter=00043 eval=02603 misfit=5.017247e-01 best=5.015814e-01
[NA] iter=00043 eval=02604 misfit=5.015665e-01 best=5.015665e-01
[NA] iter=00043 eval=02605 misfit=5.016480e-01 best=5.015665e-01
[NA] iter=00043 eval=02606 misfit=5.017733e-01 best=5.015665e-01
[NA] iter=00043 eval=02607 misfit=5.017014e-01 best=5.015665e-01
[NA] iter=00043 eval=02608 misfit=5.016969e-01 best=5.015665e-01
[NA] iter=00043 eval=02609 misfit=5.016920e-01 best=5.015665e-01
[NA] iter=00043 eval=02610 misfit=5.016442e-01 best=5.015665e-01
[NA] iter=00043 eval=02611 misfit=5.016668e-01 best=5.015665e-01
[NA] iter=00043 eval=02612 misfit=5.016541e-01 best=5.015665e-01
[NA] iter=00043 eval=02613 misfit=5.016665e-01 best=5.015665e-01
[NA] iter=00043 eval=02614 misfit=5.016345e-01 best=5.015665e-01
[NA] iter=00043 eval=02615 misfit=5.016572e-01 best=5.015665e-01
[NA] iter=00043 eval=02616 misfit=5.016438e-01 best=5.015665e-01
[NA] iter=00043 eval=02617 misfit=5.017310e-01 best=5.015665e-01
[NA] iter=00043 eval=02618 misfit=5.016829e-01 best=5.015665e-01
[NA] iter=00043 eval=02619 misfit=5.017335e-01 best=5.015665e-01
[NA] iter=00043 eval=02620 misfit=5.016411e-01 best=5.015665e-01
[NA] iter=00043 eval=02621 misfit=5.016642e-01 best=5.015665e-01
[NA] iter=00043 eval=02622 misfit=5.016444e-01 best=5.015665e-01
[NA] iter=00043 eval=02623 misfit=5.016415e-01 best=5.015665e-01
[NA] iter=00043 eval=02624 misfit=5.016716e-01 best=5.015665e-01
[NA] iter=00043 eval=02625 misfit=5.016341e-01 best=5.015665e-01
[NA] iter=00043 eval=02626 misfit=5.020427e-01 best=5.015665e-01
[NA] iter=00043 eval=02627 misfit=5.018231e-01 best=5.015665e-01
[NA] iter=00043 eval=02628 misfit=5.017122e-01 best=5.015665e-01
[NA] iter=00043 eval=02629 misfit=5.017011e-01 best=5.015665e-01
[NA] iter=00043 eval=02630 misfit=5.018684e-01 best=5.015665e-01
[NA] iter=00043 eval=02631 misfit=5.017202e-01 best=5.015665e-01
[NA] iter=00043 eval=02632 misfit=5.017322e-01 best=5.015665e-01
[NA] iter=00043 eval=02633 misfit=5.017845e-01 best=5.015665e-01
[NA] iter=00043 eval=02634 misfit=5.017488e-01 best=5.015665e-01
[NA] iter=00043 eval=02635 misfit=5.016900e-01 best=5.015665e-01
[NA] iter=00043 eval=02636 misfit=5.016698e-01 best=5.015665e-01
[NA] iter=00043 eval=02637 misfit=5.017108e-01 best=5.015665e-01
[NA] iter=00043 eval=02638 misfit=5.016908e-01 best=5.015665e-01
[NA] iter=00043 eval=02639 misfit=5.016958e-01 best=5.015665e-01
[NA] iter=00043 eval=02640 misfit=5.016062e-01 best=5.015665e-01
[NA] iter=00043 eval=02641 misfit=5.017624e-01 best=5.015665e-01
[NA] iter=00043 eval=02642 misfit=5.017164e-01 best=5.015665e-01
[NA] iter=00043 eval=02643 misfit=5.017043e-01 best=5.015665e-01
[NA] iter=00043 eval=02644 misfit=5.016701e-01 best=5.015665e-01
[NA] iter=00043 eval=02645 misfit=5.018817e-01 best=5.015665e-01
[NA] iter=00043 eval=02646 misfit=5.017081e-01 best=5.015665e-01
[NA] iter=00043 eval=02647 misfit=5.016891e-01 best=5.015665e-01
[NA] iter=00043 eval=02648 misfit=5.017103e-01 best=5.015665e-01
[NA] iter=00043 eval=02649 misfit=5.016514e-01 best=5.015665e-01
[NA] iter=00043 eval=02650 misfit=5.017685e-01 best=5.015665e-01
NAI - Optimisation Loop:  86%|████████▌ | 43/50 [26:17<04:29, 38.56s/it][NA] iter=00044 eval=02651 misfit=5.017635e-01 best=5.015665e-01
[NA] iter=00044 eval=02652 misfit=5.016773e-01 best=5.015665e-01
[NA] iter=00044 eval=02653 misfit=5.016397e-01 best=5.015665e-01
[NA] iter=00044 eval=02654 misfit=5.016184e-01 best=5.015665e-01
[NA] iter=00044 eval=02655 misfit=5.015923e-01 best=5.015665e-01
[NA] iter=00044 eval=02656 misfit=5.016439e-01 best=5.015665e-01
[NA] iter=00044 eval=02657 misfit=5.016666e-01 best=5.015665e-01
[NA] iter=00044 eval=02658 misfit=5.016586e-01 best=5.015665e-01
[NA] iter=00044 eval=02659 misfit=5.016500e-01 best=5.015665e-01
[NA] iter=00044 eval=02660 misfit=5.015540e-01 best=5.015540e-01
[NA] iter=00044 eval=02661 misfit=5.016102e-01 best=5.015540e-01
[NA] iter=00044 eval=02662 misfit=5.017216e-01 best=5.015540e-01
[NA] iter=00044 eval=02663 misfit=5.016450e-01 best=5.015540e-01
[NA] iter=00044 eval=02664 misfit=5.016901e-01 best=5.015540e-01
[NA] iter=00044 eval=02665 misfit=5.017536e-01 best=5.015540e-01
[NA] iter=00044 eval=02666 misfit=5.017129e-01 best=5.015540e-01
[NA] iter=00044 eval=02667 misfit=5.016097e-01 best=5.015540e-01
[NA] iter=00044 eval=02668 misfit=5.016991e-01 best=5.015540e-01
[NA] iter=00044 eval=02669 misfit=5.016437e-01 best=5.015540e-01
[NA] iter=00044 eval=02670 misfit=5.016534e-01 best=5.015540e-01
[NA] iter=00044 eval=02671 misfit=5.017178e-01 best=5.015540e-01
[NA] iter=00044 eval=02672 misfit=5.016895e-01 best=5.015540e-01
[NA] iter=00044 eval=02673 misfit=5.016514e-01 best=5.015540e-01
[NA] iter=00044 eval=02674 misfit=5.016596e-01 best=5.015540e-01
[NA] iter=00044 eval=02675 misfit=5.016484e-01 best=5.015540e-01
[NA] iter=00044 eval=02676 misfit=5.016842e-01 best=5.015540e-01
[NA] iter=00044 eval=02677 misfit=5.016374e-01 best=5.015540e-01
[NA] iter=00044 eval=02678 misfit=5.016412e-01 best=5.015540e-01
[NA] iter=00044 eval=02679 misfit=5.017042e-01 best=5.015540e-01
[NA] iter=00044 eval=02680 misfit=5.017180e-01 best=5.015540e-01
[NA] iter=00044 eval=02681 misfit=5.016232e-01 best=5.015540e-01
[NA] iter=00044 eval=02682 misfit=5.016156e-01 best=5.015540e-01
[NA] iter=00044 eval=02683 misfit=5.016261e-01 best=5.015540e-01
[NA] iter=00044 eval=02684 misfit=5.016463e-01 best=5.015540e-01
[NA] iter=00044 eval=02685 misfit=5.016473e-01 best=5.015540e-01
[NA] iter=00044 eval=02686 misfit=5.017620e-01 best=5.015540e-01
[NA] iter=00044 eval=02687 misfit=5.016448e-01 best=5.015540e-01
[NA] iter=00044 eval=02688 misfit=5.018694e-01 best=5.015540e-01
[NA] iter=00044 eval=02689 misfit=5.016649e-01 best=5.015540e-01
[NA] iter=00044 eval=02690 misfit=5.017429e-01 best=5.015540e-01
[NA] iter=00044 eval=02691 misfit=5.017264e-01 best=5.015540e-01
[NA] iter=00044 eval=02692 misfit=5.016166e-01 best=5.015540e-01
[NA] iter=00044 eval=02693 misfit=5.018193e-01 best=5.015540e-01
[NA] iter=00044 eval=02694 misfit=5.016035e-01 best=5.015540e-01
[NA] iter=00044 eval=02695 misfit=5.016674e-01 best=5.015540e-01
[NA] iter=00044 eval=02696 misfit=5.018158e-01 best=5.015540e-01
[NA] iter=00044 eval=02697 misfit=5.016622e-01 best=5.015540e-01
[NA] iter=00044 eval=02698 misfit=5.016430e-01 best=5.015540e-01
[NA] iter=00044 eval=02699 misfit=5.016848e-01 best=5.015540e-01
[NA] iter=00044 eval=02700 misfit=5.017716e-01 best=5.015540e-01
NAI - Optimisation Loop:  88%|████████▊ | 44/50 [26:52<03:45, 37.62s/it][NA] iter=00045 eval=02701 misfit=5.016843e-01 best=5.015540e-01
[NA] iter=00045 eval=02702 misfit=5.015738e-01 best=5.015540e-01
[NA] iter=00045 eval=02703 misfit=5.015546e-01 best=5.015540e-01
[NA] iter=00045 eval=02704 misfit=5.016569e-01 best=5.015540e-01
[NA] iter=00045 eval=02705 misfit=5.016009e-01 best=5.015540e-01
[NA] iter=00045 eval=02706 misfit=5.015937e-01 best=5.015540e-01
[NA] iter=00045 eval=02707 misfit=5.016441e-01 best=5.015540e-01
[NA] iter=00045 eval=02708 misfit=5.016147e-01 best=5.015540e-01
[NA] iter=00045 eval=02709 misfit=5.016510e-01 best=5.015540e-01
[NA] iter=00045 eval=02710 misfit=5.015823e-01 best=5.015540e-01
[NA] iter=00045 eval=02711 misfit=5.016374e-01 best=5.015540e-01
[NA] iter=00045 eval=02712 misfit=5.016553e-01 best=5.015540e-01
[NA] iter=00045 eval=02713 misfit=5.016362e-01 best=5.015540e-01
[NA] iter=00045 eval=02714 misfit=5.016491e-01 best=5.015540e-01
[NA] iter=00045 eval=02715 misfit=5.015823e-01 best=5.015540e-01
[NA] iter=00045 eval=02716 misfit=5.017007e-01 best=5.015540e-01
[NA] iter=00045 eval=02717 misfit=5.017688e-01 best=5.015540e-01
[NA] iter=00045 eval=02718 misfit=5.015831e-01 best=5.015540e-01
[NA] iter=00045 eval=02719 misfit=5.016189e-01 best=5.015540e-01
[NA] iter=00045 eval=02720 misfit=5.016980e-01 best=5.015540e-01
[NA] iter=00045 eval=02721 misfit=5.016015e-01 best=5.015540e-01
[NA] iter=00045 eval=02722 misfit=5.016477e-01 best=5.015540e-01
[NA] iter=00045 eval=02723 misfit=5.015817e-01 best=5.015540e-01
[NA] iter=00045 eval=02724 misfit=5.016538e-01 best=5.015540e-01
[NA] iter=00045 eval=02725 misfit=5.016004e-01 best=5.015540e-01
[NA] iter=00045 eval=02726 misfit=5.016523e-01 best=5.015540e-01
[NA] iter=00045 eval=02727 misfit=5.016557e-01 best=5.015540e-01
[NA] iter=00045 eval=02728 misfit=5.016403e-01 best=5.015540e-01
[NA] iter=00045 eval=02729 misfit=5.016596e-01 best=5.015540e-01
[NA] iter=00045 eval=02730 misfit=5.016419e-01 best=5.015540e-01
[NA] iter=00045 eval=02731 misfit=5.016326e-01 best=5.015540e-01
[NA] iter=00045 eval=02732 misfit=5.016210e-01 best=5.015540e-01
[NA] iter=00045 eval=02733 misfit=5.016302e-01 best=5.015540e-01
[NA] iter=00045 eval=02734 misfit=5.016097e-01 best=5.015540e-01
[NA] iter=00045 eval=02735 misfit=5.016073e-01 best=5.015540e-01
[NA] iter=00045 eval=02736 misfit=5.016481e-01 best=5.015540e-01
[NA] iter=00045 eval=02737 misfit=5.016647e-01 best=5.015540e-01
[NA] iter=00045 eval=02738 misfit=5.015968e-01 best=5.015540e-01
[NA] iter=00045 eval=02739 misfit=5.016068e-01 best=5.015540e-01
[NA] iter=00045 eval=02740 misfit=5.017329e-01 best=5.015540e-01
[NA] iter=00045 eval=02741 misfit=5.016421e-01 best=5.015540e-01
[NA] iter=00045 eval=02742 misfit=5.016096e-01 best=5.015540e-01
[NA] iter=00045 eval=02743 misfit=5.016458e-01 best=5.015540e-01
[NA] iter=00045 eval=02744 misfit=5.016162e-01 best=5.015540e-01
[NA] iter=00045 eval=02745 misfit=5.016488e-01 best=5.015540e-01
[NA] iter=00045 eval=02746 misfit=5.017236e-01 best=5.015540e-01
[NA] iter=00045 eval=02747 misfit=5.016931e-01 best=5.015540e-01
[NA] iter=00045 eval=02748 misfit=5.016839e-01 best=5.015540e-01
[NA] iter=00045 eval=02749 misfit=5.015744e-01 best=5.015540e-01
[NA] iter=00045 eval=02750 misfit=5.017016e-01 best=5.015540e-01
NAI - Optimisation Loop:  90%|█████████ | 45/50 [27:29<03:06, 37.27s/it][NA] iter=00046 eval=02751 misfit=5.015503e-01 best=5.015503e-01
[NA] iter=00046 eval=02752 misfit=5.015530e-01 best=5.015503e-01
[NA] iter=00046 eval=02753 misfit=5.015499e-01 best=5.015499e-01
[NA] iter=00046 eval=02754 misfit=5.015548e-01 best=5.015499e-01
[NA] iter=00046 eval=02755 misfit=5.015716e-01 best=5.015499e-01
[NA] iter=00046 eval=02756 misfit=5.015546e-01 best=5.015499e-01
[NA] iter=00046 eval=02757 misfit=5.016097e-01 best=5.015499e-01
[NA] iter=00046 eval=02758 misfit=5.016037e-01 best=5.015499e-01
[NA] iter=00046 eval=02759 misfit=5.015823e-01 best=5.015499e-01
[NA] iter=00046 eval=02760 misfit=5.015502e-01 best=5.015499e-01
[NA] iter=00046 eval=02761 misfit=5.015680e-01 best=5.015499e-01
[NA] iter=00046 eval=02762 misfit=5.015571e-01 best=5.015499e-01
[NA] iter=00046 eval=02763 misfit=5.015527e-01 best=5.015499e-01
[NA] iter=00046 eval=02764 misfit=5.016026e-01 best=5.015499e-01
[NA] iter=00046 eval=02765 misfit=5.015890e-01 best=5.015499e-01
[NA] iter=00046 eval=02766 misfit=5.015801e-01 best=5.015499e-01
[NA] iter=00046 eval=02767 misfit=5.016551e-01 best=5.015499e-01
[NA] iter=00046 eval=02768 misfit=5.016784e-01 best=5.015499e-01
[NA] iter=00046 eval=02769 misfit=5.016061e-01 best=5.015499e-01
[NA] iter=00046 eval=02770 misfit=5.016012e-01 best=5.015499e-01
[NA] iter=00046 eval=02771 misfit=5.016398e-01 best=5.015499e-01
[NA] iter=00046 eval=02772 misfit=5.015843e-01 best=5.015499e-01
[NA] iter=00046 eval=02773 misfit=5.016091e-01 best=5.015499e-01
[NA] iter=00046 eval=02774 misfit=5.016320e-01 best=5.015499e-01
[NA] iter=00046 eval=02775 misfit=5.016375e-01 best=5.015499e-01
[NA] iter=00046 eval=02776 misfit=5.016586e-01 best=5.015499e-01
[NA] iter=00046 eval=02777 misfit=5.016354e-01 best=5.015499e-01
[NA] iter=00046 eval=02778 misfit=5.016066e-01 best=5.015499e-01
[NA] iter=00046 eval=02779 misfit=5.016037e-01 best=5.015499e-01
[NA] iter=00046 eval=02780 misfit=5.015969e-01 best=5.015499e-01
[NA] iter=00046 eval=02781 misfit=5.016274e-01 best=5.015499e-01
[NA] iter=00046 eval=02782 misfit=5.015884e-01 best=5.015499e-01
[NA] iter=00046 eval=02783 misfit=5.016618e-01 best=5.015499e-01
[NA] iter=00046 eval=02784 misfit=5.016380e-01 best=5.015499e-01
[NA] iter=00046 eval=02785 misfit=5.016202e-01 best=5.015499e-01
[NA] iter=00046 eval=02786 misfit=5.016318e-01 best=5.015499e-01
[NA] iter=00046 eval=02787 misfit=5.016343e-01 best=5.015499e-01
[NA] iter=00046 eval=02788 misfit=5.016095e-01 best=5.015499e-01
[NA] iter=00046 eval=02789 misfit=5.016365e-01 best=5.015499e-01
[NA] iter=00046 eval=02790 misfit=5.015852e-01 best=5.015499e-01
[NA] iter=00046 eval=02791 misfit=5.016365e-01 best=5.015499e-01
[NA] iter=00046 eval=02792 misfit=5.015969e-01 best=5.015499e-01
[NA] iter=00046 eval=02793 misfit=5.015502e-01 best=5.015499e-01
[NA] iter=00046 eval=02794 misfit=5.015714e-01 best=5.015499e-01
[NA] iter=00046 eval=02795 misfit=5.016587e-01 best=5.015499e-01
[NA] iter=00046 eval=02796 misfit=5.016397e-01 best=5.015499e-01
[NA] iter=00046 eval=02797 misfit=5.016028e-01 best=5.015499e-01
[NA] iter=00046 eval=02798 misfit=5.016364e-01 best=5.015499e-01
[NA] iter=00046 eval=02799 misfit=5.015969e-01 best=5.015499e-01
[NA] iter=00046 eval=02800 misfit=5.016502e-01 best=5.015499e-01
NAI - Optimisation Loop:  92%|█████████▏| 46/50 [28:07<02:30, 37.60s/it][NA] iter=00047 eval=02801 misfit=5.016097e-01 best=5.015499e-01
[NA] iter=00047 eval=02802 misfit=5.015793e-01 best=5.015499e-01
[NA] iter=00047 eval=02803 misfit=5.015871e-01 best=5.015499e-01
[NA] iter=00047 eval=02804 misfit=5.016035e-01 best=5.015499e-01
[NA] iter=00047 eval=02805 misfit=5.015898e-01 best=5.015499e-01
[NA] iter=00047 eval=02806 misfit=5.015649e-01 best=5.015499e-01
[NA] iter=00047 eval=02807 misfit=5.015778e-01 best=5.015499e-01
[NA] iter=00047 eval=02808 misfit=5.016369e-01 best=5.015499e-01
[NA] iter=00047 eval=02809 misfit=5.015516e-01 best=5.015499e-01
[NA] iter=00047 eval=02810 misfit=5.015611e-01 best=5.015499e-01
[NA] iter=00047 eval=02811 misfit=5.015704e-01 best=5.015499e-01
[NA] iter=00047 eval=02812 misfit=5.015546e-01 best=5.015499e-01
[NA] iter=00047 eval=02813 misfit=5.015858e-01 best=5.015499e-01
[NA] iter=00047 eval=02814 misfit=5.015823e-01 best=5.015499e-01
[NA] iter=00047 eval=02815 misfit=5.016026e-01 best=5.015499e-01
[NA] iter=00047 eval=02816 misfit=5.016026e-01 best=5.015499e-01
[NA] iter=00047 eval=02817 misfit=5.015777e-01 best=5.015499e-01
[NA] iter=00047 eval=02818 misfit=5.015714e-01 best=5.015499e-01
[NA] iter=00047 eval=02819 misfit=5.015538e-01 best=5.015499e-01
[NA] iter=00047 eval=02820 misfit=5.015499e-01 best=5.015499e-01
[NA] iter=00047 eval=02821 misfit=5.016474e-01 best=5.015499e-01
[NA] iter=00047 eval=02822 misfit=5.015527e-01 best=5.015499e-01
[NA] iter=00047 eval=02823 misfit=5.016108e-01 best=5.015499e-01
[NA] iter=00047 eval=02824 misfit=5.015923e-01 best=5.015499e-01
[NA] iter=00047 eval=02825 misfit=5.016108e-01 best=5.015499e-01
[NA] iter=00047 eval=02826 misfit=5.017612e-01 best=5.015499e-01
[NA] iter=00047 eval=02827 misfit=5.015867e-01 best=5.015499e-01
[NA] iter=00047 eval=02828 misfit=5.016569e-01 best=5.015499e-01
[NA] iter=00047 eval=02829 misfit=5.016114e-01 best=5.015499e-01
[NA] iter=00047 eval=02830 misfit=5.016077e-01 best=5.015499e-01
[NA] iter=00047 eval=02831 misfit=5.015518e-01 best=5.015499e-01
[NA] iter=00047 eval=02832 misfit=5.015781e-01 best=5.015499e-01
[NA] iter=00047 eval=02833 misfit=5.015781e-01 best=5.015499e-01
[NA] iter=00047 eval=02834 misfit=5.015875e-01 best=5.015499e-01
[NA] iter=00047 eval=02835 misfit=5.015469e-01 best=5.015469e-01
[NA] iter=00047 eval=02836 misfit=5.015714e-01 best=5.015469e-01
[NA] iter=00047 eval=02837 misfit=5.015502e-01 best=5.015469e-01
[NA] iter=00047 eval=02838 misfit=5.015873e-01 best=5.015469e-01
[NA] iter=00047 eval=02839 misfit=5.015760e-01 best=5.015469e-01
[NA] iter=00047 eval=02840 misfit=5.016097e-01 best=5.015469e-01
[NA] iter=00047 eval=02841 misfit=5.015796e-01 best=5.015469e-01
[NA] iter=00047 eval=02842 misfit=5.016075e-01 best=5.015469e-01
[NA] iter=00047 eval=02843 misfit=5.017044e-01 best=5.015469e-01
[NA] iter=00047 eval=02844 misfit=5.015840e-01 best=5.015469e-01
[NA] iter=00047 eval=02845 misfit=5.015885e-01 best=5.015469e-01
[NA] iter=00047 eval=02846 misfit=5.015858e-01 best=5.015469e-01
[NA] iter=00047 eval=02847 misfit=5.016050e-01 best=5.015469e-01
[NA] iter=00047 eval=02848 misfit=5.015821e-01 best=5.015469e-01
[NA] iter=00047 eval=02849 misfit=5.015816e-01 best=5.015469e-01
[NA] iter=00047 eval=02850 misfit=5.015821e-01 best=5.015469e-01
NAI - Optimisation Loop:  94%|█████████▍| 47/50 [28:44<01:52, 37.48s/it][NA] iter=00048 eval=02851 misfit=5.015798e-01 best=5.015469e-01
[NA] iter=00048 eval=02852 misfit=5.015859e-01 best=5.015469e-01
[NA] iter=00048 eval=02853 misfit=5.015876e-01 best=5.015469e-01
[NA] iter=00048 eval=02854 misfit=5.015859e-01 best=5.015469e-01
[NA] iter=00048 eval=02855 misfit=5.015867e-01 best=5.015469e-01
[NA] iter=00048 eval=02856 misfit=5.015528e-01 best=5.015469e-01
[NA] iter=00048 eval=02857 misfit=5.015542e-01 best=5.015469e-01
[NA] iter=00048 eval=02858 misfit=5.015542e-01 best=5.015469e-01
[NA] iter=00048 eval=02859 misfit=5.015501e-01 best=5.015469e-01
[NA] iter=00048 eval=02860 misfit=5.015749e-01 best=5.015469e-01
[NA] iter=00048 eval=02861 misfit=5.015499e-01 best=5.015469e-01
[NA] iter=00048 eval=02862 misfit=5.015835e-01 best=5.015469e-01
[NA] iter=00048 eval=02863 misfit=5.015789e-01 best=5.015469e-01
[NA] iter=00048 eval=02864 misfit=5.015540e-01 best=5.015469e-01
[NA] iter=00048 eval=02865 misfit=5.015499e-01 best=5.015469e-01
[NA] iter=00048 eval=02866 misfit=5.015548e-01 best=5.015469e-01
[NA] iter=00048 eval=02867 misfit=5.015716e-01 best=5.015469e-01
[NA] iter=00048 eval=02868 misfit=5.015475e-01 best=5.015469e-01
[NA] iter=00048 eval=02869 misfit=5.015502e-01 best=5.015469e-01
[NA] iter=00048 eval=02870 misfit=5.015613e-01 best=5.015469e-01
[NA] iter=00048 eval=02871 misfit=5.016538e-01 best=5.015469e-01
[NA] iter=00048 eval=02872 misfit=5.015987e-01 best=5.015469e-01
[NA] iter=00048 eval=02873 misfit=5.016553e-01 best=5.015469e-01
[NA] iter=00048 eval=02874 misfit=5.015475e-01 best=5.015469e-01
[NA] iter=00048 eval=02875 misfit=5.016347e-01 best=5.015469e-01
[NA] iter=00048 eval=02876 misfit=5.015568e-01 best=5.015469e-01
[NA] iter=00048 eval=02877 misfit=5.015823e-01 best=5.015469e-01
[NA] iter=00048 eval=02878 misfit=5.015502e-01 best=5.015469e-01
[NA] iter=00048 eval=02879 misfit=5.015823e-01 best=5.015469e-01
[NA] iter=00048 eval=02880 misfit=5.015647e-01 best=5.015469e-01
[NA] iter=00048 eval=02881 misfit=5.016035e-01 best=5.015469e-01
[NA] iter=00048 eval=02882 misfit=5.015714e-01 best=5.015469e-01
[NA] iter=00048 eval=02883 misfit=5.015821e-01 best=5.015469e-01
[NA] iter=00048 eval=02884 misfit=5.015821e-01 best=5.015469e-01
[NA] iter=00048 eval=02885 misfit=5.015821e-01 best=5.015469e-01
[NA] iter=00048 eval=02886 misfit=5.015728e-01 best=5.015469e-01
[NA] iter=00048 eval=02887 misfit=5.015728e-01 best=5.015469e-01
[NA] iter=00048 eval=02888 misfit=5.015859e-01 best=5.015469e-01
[NA] iter=00048 eval=02889 misfit=5.016051e-01 best=5.015469e-01
[NA] iter=00048 eval=02890 misfit=5.015846e-01 best=5.015469e-01
[NA] iter=00048 eval=02891 misfit=5.015739e-01 best=5.015469e-01
[NA] iter=00048 eval=02892 misfit=5.016061e-01 best=5.015469e-01
[NA] iter=00048 eval=02893 misfit=5.016015e-01 best=5.015469e-01
[NA] iter=00048 eval=02894 misfit=5.015805e-01 best=5.015469e-01
[NA] iter=00048 eval=02895 misfit=5.016149e-01 best=5.015469e-01
[NA] iter=00048 eval=02896 misfit=5.015554e-01 best=5.015469e-01
[NA] iter=00048 eval=02897 misfit=5.015800e-01 best=5.015469e-01
[NA] iter=00048 eval=02898 misfit=5.015709e-01 best=5.015469e-01
[NA] iter=00048 eval=02899 misfit=5.015554e-01 best=5.015469e-01
[NA] iter=00048 eval=02900 misfit=5.015923e-01 best=5.015469e-01
NAI - Optimisation Loop:  96%|█████████▌| 48/50 [29:21<01:14, 37.12s/it][NA] iter=00049 eval=02901 misfit=5.015859e-01 best=5.015469e-01
[NA] iter=00049 eval=02902 misfit=5.015485e-01 best=5.015469e-01
[NA] iter=00049 eval=02903 misfit=5.015424e-01 best=5.015424e-01
[NA] iter=00049 eval=02904 misfit=5.015547e-01 best=5.015424e-01
[NA] iter=00049 eval=02905 misfit=5.015530e-01 best=5.015424e-01
[NA] iter=00049 eval=02906 misfit=5.015504e-01 best=5.015424e-01
[NA] iter=00049 eval=02907 misfit=5.015537e-01 best=5.015424e-01
[NA] iter=00049 eval=02908 misfit=5.015940e-01 best=5.015424e-01
[NA] iter=00049 eval=02909 misfit=5.015836e-01 best=5.015424e-01
[NA] iter=00049 eval=02910 misfit=5.015836e-01 best=5.015424e-01
[NA] iter=00049 eval=02911 misfit=5.015796e-01 best=5.015424e-01
[NA] iter=00049 eval=02912 misfit=5.015521e-01 best=5.015424e-01
[NA] iter=00049 eval=02913 misfit=5.015548e-01 best=5.015424e-01
[NA] iter=00049 eval=02914 misfit=5.015502e-01 best=5.015424e-01
[NA] iter=00049 eval=02915 misfit=5.015502e-01 best=5.015424e-01
[NA] iter=00049 eval=02916 misfit=5.015546e-01 best=5.015424e-01
[NA] iter=00049 eval=02917 misfit=5.015503e-01 best=5.015424e-01
[NA] iter=00049 eval=02918 misfit=5.015499e-01 best=5.015424e-01
[NA] iter=00049 eval=02919 misfit=5.015546e-01 best=5.015424e-01
[NA] iter=00049 eval=02920 misfit=5.015501e-01 best=5.015424e-01
[NA] iter=00049 eval=02921 misfit=5.015540e-01 best=5.015424e-01
[NA] iter=00049 eval=02922 misfit=5.015822e-01 best=5.015424e-01
[NA] iter=00049 eval=02923 misfit=5.015789e-01 best=5.015424e-01
[NA] iter=00049 eval=02924 misfit=5.015540e-01 best=5.015424e-01
[NA] iter=00049 eval=02925 misfit=5.015540e-01 best=5.015424e-01
[NA] iter=00049 eval=02926 misfit=5.015540e-01 best=5.015424e-01
[NA] iter=00049 eval=02927 misfit=5.015888e-01 best=5.015424e-01
[NA] iter=00049 eval=02928 misfit=5.015505e-01 best=5.015424e-01
[NA] iter=00049 eval=02929 misfit=5.015928e-01 best=5.015424e-01
[NA] iter=00049 eval=02930 misfit=5.015542e-01 best=5.015424e-01
[NA] iter=00049 eval=02931 misfit=5.015544e-01 best=5.015424e-01
[NA] iter=00049 eval=02932 misfit=5.015499e-01 best=5.015424e-01
[NA] iter=00049 eval=02933 misfit=5.015714e-01 best=5.015424e-01
[NA] iter=00049 eval=02934 misfit=5.015503e-01 best=5.015424e-01
[NA] iter=00049 eval=02935 misfit=5.015499e-01 best=5.015424e-01
[NA] iter=00049 eval=02936 misfit=5.015773e-01 best=5.015424e-01
[NA] iter=00049 eval=02937 misfit=5.015546e-01 best=5.015424e-01
[NA] iter=00049 eval=02938 misfit=5.015716e-01 best=5.015424e-01
[NA] iter=00049 eval=02939 misfit=5.015888e-01 best=5.015424e-01
[NA] iter=00049 eval=02940 misfit=5.015424e-01 best=5.015424e-01
[NA] iter=00049 eval=02941 misfit=5.015537e-01 best=5.015424e-01
[NA] iter=00049 eval=02942 misfit=5.015502e-01 best=5.015424e-01
[NA] iter=00049 eval=02943 misfit=5.015823e-01 best=5.015424e-01
[NA] iter=00049 eval=02944 misfit=5.015860e-01 best=5.015424e-01
[NA] iter=00049 eval=02945 misfit=5.015878e-01 best=5.015424e-01
[NA] iter=00049 eval=02946 misfit=5.015537e-01 best=5.015424e-01
[NA] iter=00049 eval=02947 misfit=5.015568e-01 best=5.015424e-01
[NA] iter=00049 eval=02948 misfit=5.015823e-01 best=5.015424e-01
[NA] iter=00049 eval=02949 misfit=5.015502e-01 best=5.015424e-01
[NA] iter=00049 eval=02950 misfit=5.015568e-01 best=5.015424e-01
NAI - Optimisation Loop:  98%|█████████▊| 49/50 [29:58<00:37, 37.27s/it][NA] iter=00050 eval=02951 misfit=5.015483e-01 best=5.015424e-01
[NA] iter=00050 eval=02952 misfit=5.015485e-01 best=5.015424e-01
[NA] iter=00050 eval=02953 misfit=5.015485e-01 best=5.015424e-01
[NA] iter=00050 eval=02954 misfit=5.015483e-01 best=5.015424e-01
[NA] iter=00050 eval=02955 misfit=5.015540e-01 best=5.015424e-01
[NA] iter=00050 eval=02956 misfit=5.015469e-01 best=5.015424e-01
[NA] iter=00050 eval=02957 misfit=5.015469e-01 best=5.015424e-01
[NA] iter=00050 eval=02958 misfit=5.015502e-01 best=5.015424e-01
[NA] iter=00050 eval=02959 misfit=5.015469e-01 best=5.015424e-01
[NA] iter=00050 eval=02960 misfit=5.015835e-01 best=5.015424e-01
[NA] iter=00050 eval=02961 misfit=5.015469e-01 best=5.015424e-01
[NA] iter=00050 eval=02962 misfit=5.015469e-01 best=5.015424e-01
[NA] iter=00050 eval=02963 misfit=5.015469e-01 best=5.015424e-01
[NA] iter=00050 eval=02964 misfit=5.015469e-01 best=5.015424e-01
[NA] iter=00050 eval=02965 misfit=5.015798e-01 best=5.015424e-01
[NA] iter=00050 eval=02966 misfit=5.015477e-01 best=5.015424e-01
[NA] iter=00050 eval=02967 misfit=5.015665e-01 best=5.015424e-01
[NA] iter=00050 eval=02968 misfit=5.015665e-01 best=5.015424e-01
[NA] iter=00050 eval=02969 misfit=5.015502e-01 best=5.015424e-01
[NA] iter=00050 eval=02970 misfit=5.015475e-01 best=5.015424e-01
[NA] iter=00050 eval=02971 misfit=5.015477e-01 best=5.015424e-01
[NA] iter=00050 eval=02972 misfit=5.015502e-01 best=5.015424e-01
[NA] iter=00050 eval=02973 misfit=5.015475e-01 best=5.015424e-01
[NA] iter=00050 eval=02974 misfit=5.015504e-01 best=5.015424e-01
[NA] iter=00050 eval=02975 misfit=5.015475e-01 best=5.015424e-01
[NA] iter=00050 eval=02976 misfit=5.015483e-01 best=5.015424e-01
[NA] iter=00050 eval=02977 misfit=5.015741e-01 best=5.015424e-01
[NA] iter=00050 eval=02978 misfit=5.015739e-01 best=5.015424e-01
[NA] iter=00050 eval=02979 misfit=5.015483e-01 best=5.015424e-01
[NA] iter=00050 eval=02980 misfit=5.015694e-01 best=5.015424e-01
[NA] iter=00050 eval=02981 misfit=5.015546e-01 best=5.015424e-01
[NA] iter=00050 eval=02982 misfit=5.015528e-01 best=5.015424e-01
[NA] iter=00050 eval=02983 misfit=5.015499e-01 best=5.015424e-01
[NA] iter=00050 eval=02984 misfit=5.015548e-01 best=5.015424e-01
[NA] iter=00050 eval=02985 misfit=5.015534e-01 best=5.015424e-01
[NA] iter=00050 eval=02986 misfit=5.015821e-01 best=5.015424e-01
[NA] iter=00050 eval=02987 misfit=5.015821e-01 best=5.015424e-01
[NA] iter=00050 eval=02988 misfit=5.015821e-01 best=5.015424e-01
[NA] iter=00050 eval=02989 misfit=5.015825e-01 best=5.015424e-01
[NA] iter=00050 eval=02990 misfit=5.015488e-01 best=5.015424e-01
[NA] iter=00050 eval=02991 misfit=5.015821e-01 best=5.015424e-01
[NA] iter=00050 eval=02992 misfit=5.015499e-01 best=5.015424e-01
[NA] iter=00050 eval=02993 misfit=5.015789e-01 best=5.015424e-01
[NA] iter=00050 eval=02994 misfit=5.015825e-01 best=5.015424e-01
[NA] iter=00050 eval=02995 misfit=5.015821e-01 best=5.015424e-01
[NA] iter=00050 eval=02996 misfit=5.015875e-01 best=5.015424e-01
[NA] iter=00050 eval=02997 misfit=5.015586e-01 best=5.015424e-01
[NA] iter=00050 eval=02998 misfit=5.015760e-01 best=5.015424e-01
[NA] iter=00050 eval=02999 misfit=5.015540e-01 best=5.015424e-01
[NA] iter=00050 eval=03000 misfit=5.015875e-01 best=5.015424e-01
NAI - Optimisation Loop: 100%|██████████| 50/50 [30:35<00:00, 37.14s/it]NAI - Optimisation Loop: 100%|██████████| 50/50 [30:35<00:00, 36.71s/it]
│  [32m✓[0m Inversion terminada en 2204.3 s

┌─[16:39:57 | 2204.8s] Mejor solucion
│  ┌──────────────────────────────────────────────┐
│  │ a1 (km)                                9.0525 │
│  │ a2 (km)                               12.6098 │
│  │ theta (x pi)                           0.7127 │
│  │ np (frac)                              1.0000 │
│  │ tp (x 2pi)                             0.0943 │
│  │ dmax (m)                               2.4294 │
│  │ vr (km/s)                              1.2458 │
│  └──────────────────────────────────────────────┘
│  [32m✓[0m misfit minimo = 0.501542

┌─[16:39:57 | 2204.8s] Guardando resultados
Inversion results saved to /home/alex/KDEllipsPy/inversions/2020-06-03/output/inversion_result.joblib
│  [32m✓[0m resultado     → /home/alex/KDEllipsPy/inversions/2020-06-03/output/inversion_result.joblib
│  [32m✓[0m figura        → /home/alex/KDEllipsPy/inversions/2020-06-03/output/na_results.png
│  [32m✓[0m figura        → /home/alex/KDEllipsPy/inversions/2020-06-03/output/parameter_convergence.png
│  [32m✓[0m figura        → /home/alex/KDEllipsPy/inversions/2020-06-03/output/waveform_fit.png
│  [32m✓[0m figura        → /home/alex/KDEllipsPy/inversions/2020-06-03/output/ellipse_fit.png
│  [32m✓[0m figura        → /home/alex/KDEllipsPy/inversions/2020-06-03/output/mapa_azimutal.png  (gap azimutal 106°)

┌─[16:40:00 | 2208.6s] Desglose de misfit por estacion/componente
Desglose de misfit (ventana 20s (P->R,Z ; S->T)) — E = 0.501542
==============================================================================
Est   Cmp    %resid  aporte_E  mf_local  peso_obs
------------------------------------------------------------------------------
A08F  R        8.2%    0.0414     1.272      3.3%
A08F  T        6.0%    0.0300     1.092      2.7%
A08F  Z        5.4%    0.0271     0.706      3.8%
  -> A08F total               19.6% del residuo  (peso obs 9.8%)
------------------------------------------------------------------------------
A22F  R        4.6%    0.0230     1.245      1.8%
A22F  T        3.2%    0.0159     0.716      2.2%
A22F  Z        9.8%    0.0490     0.756      6.5%
  -> A22F total               17.5% del residuo  (peso obs 10.6%)
------------------------------------------------------------------------------
A05F  R        0.1%    0.0003     0.531      0.1%
A05F  T       15.1%    0.0757     0.290     26.1%
A05F  Z        0.3%    0.0016     1.699      0.1%
  -> A05F total               15.5% del residuo  (peso obs 26.3%)
------------------------------------------------------------------------------
A18F  R        0.2%    0.0011     0.880      0.1%
A18F  T       14.0%    0.0704     0.696     10.1%
A18F  Z        0.3%    0.0013     0.643      0.2%
  -> A18F total               14.5% del residuo  (peso obs 10.4%)
------------------------------------------------------------------------------
PB06  R        0.1%    0.0003     0.753      0.0%
PB06  T       13.5%    0.0677     0.336     20.2%
PB06  Z        0.1%    0.0004     0.735      0.1%
  -> PB06 total               13.6% del residuo  (peso obs 20.2%)
------------------------------------------------------------------------------
A06F  R        0.0%    0.0001     0.852      0.0%
A06F  T        9.1%    0.0454     0.330     13.8%
A06F  Z        0.0%    0.0001     0.769      0.0%
  -> A06F total                9.1% del residuo  (peso obs 13.8%)
------------------------------------------------------------------------------
PB19  R        0.8%    0.0040     0.620      0.6%
PB19  T        4.2%    0.0210     0.408      5.2%
PB19  Z        1.2%    0.0058     0.576      1.0%
  -> PB19 total                6.1% del residuo  (peso obs 6.8%)
------------------------------------------------------------------------------
A23F  R        0.3%    0.0014     0.676      0.2%
A23F  T        2.8%    0.0140     1.218      1.1%
A23F  Z        0.4%    0.0020     0.798      0.3%
  -> A23F total                3.5% del residuo  (peso obs 1.6%)
------------------------------------------------------------------------------
A09F  R        0.0%    0.0002     1.399      0.0%
A09F  T        0.4%    0.0019     0.512      0.4%
A09F  Z        0.1%    0.0005     0.699      0.1%
  -> A09F total                0.5% del residuo  (peso obs 0.5%)
------------------------------------------------------------------------------
Por componente:
  R:  14.3% del residuo   (peso obs  6.2%)
  T:  68.2% del residuo   (peso obs 81.8%)
  Z:  17.5% del residuo   (peso obs 12.0%)
│  [32m✓[0m desglose      → /home/alex/KDEllipsPy/inversions/2020-06-03/output/misfit_breakdown.txt

┌─[16:40:00 | 2208.6s] Generando PDF con todos los plots (plot_yolo)
🎲 plot_yolo dashboard: 6 paneles → /home/alex/KDEllipsPy/inversions/2020-06-03/output/all_plots.pdf
│  [32m✓[0m PDF           → /home/alex/KDEllipsPy/inversions/2020-06-03/output/all_plots.pdf

╔══════════════════════════════════════════════════════════════════════╗
║ Inversion completada                                                 ║
║ tiempo total 2332.1s  ·  salida en /home/alex/KDEllipsPy/inversions/2020-06-03/output ║
╚══════════════════════════════════════════════════════════════════════╝
