# Tiempo de Origen: 2020-06-03T07:36:15.000000Z
# Tasa de muestreo: 200.0 muestras/seg
# Numero total de muestras: 33800
# Estacion: A17C Componente: HNZ
# Latitud: -26.753 Longitud: -69.906
# Unidades: m/seg/seg
 1.714578622581675e-05
 4.988769495918588e-05
 3.101107483596821e-06
 7.77413520205994e-06
-8.604497840708492e-06
-2.264405746553455e-05
 4.518395253652607e-05
 2.8805319493757642e-05
 1.9443906704746938e-05
-3.9519465917237095e-06
 1.4755521634185476e-05
 3.0550354272601554e-06
-2.0340817869238248e-05
 3.345275162536243e-05
 1.7074118582621756e-05
 1.0051779211497913e-05
 2.408110060160562e-05
 4.9805789081258656e-05
-1.569338573763346e-05
-3.441109219828875e-05
 3.1077844385857256e-05
-1.674302582285736e-06
-1.6794216996518507e-06
 5.3326794367258845e-06
 2.1701074244720453e-05
 2.1695955127354338e-05
 7.65639550252828e-06
-2.9773898301443946e-05
-1.8083650329250855e-05
 3.103177232952059e-05
-3.914554932520076e-05
 7.63079991566995e-06
 9.964754216190697e-06
 2.867222244211376e-05
 3.334525016057688e-05
-5.554465883743365e-05
 2.63177916721008e-05
 2.921938375616273e-06
 2.1629406601525458e-05
 2.8641507737889316e-05
-1.8145079737699743e-05
 3.79875631747878e-05
-1.1138097718715878e-05
 2.8912236713918293e-06
-1.1148335953461985e-05
-2.9866042414117278e-05
 3.328382075212799e-05
 2.6261481381018026e-05
 2.8656280845335003e-06
 1.6894949474641208e-05
 3.794149111845113e-05
 5.189344150335895e-06
-2.2884655981963986e-05
-1.353348142769939e-05
-1.8432334555201768e-06
 2.3881455024132858e-05
 3.791077641422669e-05
 1.451492311775604e-05
 1.6848877418290664e-05
-6.546975878193861e-06
-1.5908388667204565e-05
 1.4494446648263826e-05
-8.9014066482207e-06
-1.5923746019316787e-05
 4.0208896893170754e-05
 6.82726587907384e-05
-1.9046628639690644e-06
-1.1266075652993646e-05
 7.441392572943295e-06
-2.7649827813100436e-05
 1.9126521427742516e-05
 1.2104182056646429e-05
-3.702147883685725e-05
 5.419726534430791e-05
 6.354843989858638e-05
-1.1307028591964197e-05
 5.061366216058127e-06
-2.535170733415637e-05
-6.644239108247185e-06
 9.724155699761261e-06
 7.3799631644944075e-06
 2.842650480830433e-05
 7.3697249297483e-06
 4.011163366313131e-05
-2.5387541155760807e-05
-3.474895394477151e-05
 2.3722762385644525e-05
-2.0121643287684954e-06
 1.2017157061339212e-05
-4.361475981401464e-06
 3.30585795877969e-05
 4.474882755998999e-05
-2.0377599156129467e-06
-9.060099286722911e-06
 2.6301486854701794e-06
 2.1337616911393242e-05
-9.075456638835133e-06
 2.3666452094561752e-05
 3.301762664882635e-05
 7.282699934441084e-06
 2.5990168160364147e-05
-6.761978807778846e-06
-6.76709792514496e-06
-6.772217042511075e-06
-2.315085008526563e-05
 3.5320866245150406e-05
 3.765482054568503e-05
 1.4258967249200505e-05
 2.8288288639294334e-05
-6.802931746735519e-06
-1.61643445357601e-05
 2.0405027224834615e-07
-6.818289098847741e-06
 2.8262693052436005e-05
 2.5918500517169152e-05
 9.539867474414598e-06
 1.1873821774949223e-05
-2.321739861108063e-05
-1.3866224056816034e-05
 1.4197537840751617e-05
-2.557182938110747e-05
-2.1862143193829287e-06
 2.821662099609934e-05
 1.1837987953358664e-05
 3.990174985091244e-05
-4.545764206762004e-06
 2.4663369296018534e-06
-6.895075859422728e-06
-4.900351649919643e-05
 4.455430109989722e-05
 9.463080713839611e-06
-2.796721309010486e-05
 3.9860796911955765e-05
 1.4125870197556623e-05
-2.252762845197931e-06
-2.3309542723753962e-05
-9.28022133367401e-06
 4.451334816092667e-05
 1.1761201192797555e-05
 1.1756082075417562e-05
 1.4090036375966064e-05
 1.8763064094401427e-05
 4.5357633746134773e-08
-2.8028642498553746e-05
 4.713266234829261e-06
-1.6343513643740648e-05
 2.1076541925471592e-05
 2.3588354648024223e-06
 3.276167078028469e-05
 4.445191875247778e-05
-4.911613708136198e-05
 2.8068166592343236e-05
-2.339656771906118e-05
-1.63844665827112e-05
 4.2087249747704836e-05
-9.377484563713456e-06
 1.1669057080110345e-05
 2.307644291099642e-06
 3.271047960658191e-05
-1.875425470485026e-05
-4.678647892719656e-08
 3.0356048836541194e-05
-2.5786832310692454e-05
 3.9702104273453553e-05
 2.2718104694952057e-06
 9.283911605859063e-06
 2.0974159578052154e-05
-2.5812427897550783e-05
-8.773941789774753e-08
 9.263435136380727e-06
 3.73271970339345e-05
-1.0309677000996942e-07
-2.115987664857988e-05
 1.3921105502717745e-05
 1.1576912967437014e-05
-2.4626466574029227e-06
-4.806839192683654e-06
 6.883408779509437e-06
 6.878289662143322e-06
 1.8568537634308657e-05
 1.6224345099041804e-05
 4.5238588921164835e-06
 1.387503344638108e-05
 1.854806116483032e-05
-1.654315922121341e-05
-2.3565498592309497e-05
 2.7888997484362688e-05
 4.493144187878162e-06
-1.8902709108606364e-05
 5.594252114719811e-05
-4.878506835878649e-06
-3.295250696817853e-05
 9.145695436849066e-06
-1.425015785963546e-05
 2.5508971127491398e-05
 1.3808484920566078e-05
 1.3803365803186085e-05
 4.186712770075374e-05
 3.0166641493828417e-05
-2.597623965341911e-05
-1.4285991681226018e-05
 3.482943097754543e-05
-4.939936244327536e-06
 4.183641299652929e-05
-4.9501744790736435e-06
 4.401000075204831e-06
 5.117734931606166e-05
-3.069533942821889e-05
-4.97065094855198e-06
-2.8366504245036506e-05
-9.65903601912732e-06
 3.0100092967999537e-05
 9.043313089429628e-06
 3.476800156908266e-05
 4.354928018868165e-06
 1.3706102573146639e-05
 6.683763202036674e-06
-4.7120044527296234e-05
-1.203906237599861e-05
 1.3685626103654425e-05
 1.6019580404202927e-05
 1.835353470473755e-05
 1.1331195333627586e-05
 1.6004223052090705e-05
-1.9086997333953026e-05
 8.976764563600748e-06
-1.44190887328699e-05
-4.4832162283098276e-05
 6.04210224055407e-05
 3.468609569115544e-05
 1.596838923048627e-05
-2.7493172301829016e-06
 1.3619077577839422e-05
 2.297025213210402e-05
-4.720706952260345e-05
-5.108867117561977e-06
-2.7749128170412307e-06
 5.101865667755945e-05
 1.5927436291529595e-05
-1.2146563840798041e-05
 2.0595344892598844e-05
-3.320846283672019e-05
 1.1228812986208148e-05
-3.789684790729553e-05
-1.6850306263457848e-05
 1.3552529052010542e-05
 2.7581850442104372e-05
 6.032375917548738e-05
-3.3244296658324624e-05
 2.0549272836262178e-05
-5.075070423216088e-07
-3.3259654010436845e-05
 1.58557686483346e-05
-5.201011230249186e-06
 8.828310159844643e-06
 4.145044206663173e-06
 2.7530659268387714e-05
-5.433408639121673e-07
-1.926104732456746e-05
-5.535790986582745e-07
-2.897771633939006e-06
 2.7505063681543263e-05
-7.5861567045004685e-06
 1.1121311521422594e-05
 4.620229367272022e-05
 2.7484587212051048e-05
-7.606633173978805e-06
-4.269785356000866e-05
-5.996511549949401e-07
 1.8107817070928123e-05
 1.576362453564739e-05
 6.402211746636688e-06
 1.71894579344134e-06
 2.0426414019350525e-05
-1.232573294877859e-05
-2.4026219155690032e-05
-2.1692264855169285e-05
 6.371497042412244e-06
 5.782599311908443e-05
 1.8056625897211465e-05
 1.677992854470789e-06
-6.661996808099424e-07
-1.470575930564988e-05
 2.9731516517292333e-05
-2.4072291212026697e-05
-1.2382043239861362e-05
 3.4394306001009345e-05
-3.035987802949003e-06
 3.438406776626324e-05
 1.8005434723508684e-05
-7.122717371604859e-07
 3.960755981302633e-06
-2.177417073309651e-05
-1.0083922760917297e-05
 3.201427964412418e-05
 1.3296573183468885e-05
-3.0820598592995463e-06
 5.071150963530113e-05
 6.263995577626691e-06
-2.8827224808430918e-05
 8.592830760781323e-06
 1.5704913896852357e-06
-7.790921399339346e-06
 1.3255620244498334e-05
 1.7928647962947575e-05
 1.090630859183761e-05
 2.9613776817760673e-05
-2.886817774738759e-05
-1.0160709521478406e-05
 2.959841946564845e-05
-1.0170947756224513e-05
 1.789281414134314e-05
 3.1922135531450846e-05
 1.3204429070781676e-05
 1.3199309953415561e-05
 1.498823746490241e-06
-2.8914249803738135e-05
 1.0844879183388723e-05
 2.9552347409311785e-05
-1.9573313484205768e-05
 1.3168595249191117e-05
 2.251976980346959e-05
-1.02323771646734e-05
 1.5492311314993512e-05
 1.0809045361798164e-05
-2.1943101606344828e-05
 1.547695396288129e-05
 1.0793688009685942e-05
 1.3127642310220566e-05
 2.4817890282413657e-05
-7.934256685715457e-06
 1.77904317939237e-05
 1.4117987511830243e-06
 8.423899887533004e-06
-2.1989173662681494e-05
-1.7316145944218375e-05
 6.220723114738758e-05
 8.403423418054667e-06
 2.0093671390247758e-05
 8.39318518330856e-06
-2.6698035202721293e-05
-9.73346723068258e-07
-1.735197976582281e-05
 1.7729002385474812e-05
 2.9419250357667903e-05
 2.4735984404472555e-05
 2.2391791869191824e-05
 8.352232244351887e-06
-1.5043621052132639e-05
-1.0370593333683398e-05
 8.336874892239665e-06
 1.067082919277429e-05
 4.3412737926171174e-05
 8.321517540113565e-06
 2.0011765512306656e-05
 1.298942614121057e-05
-5.728280319458601e-06
 1.531826132437908e-05
-3.146832615122386e-05
 1.2968949671718355e-05
 3.4015491315556035e-05
 3.16712987802753e-05
 2.2309885991250722e-05
-1.0442260976878392e-05
 2.2299647756518493e-05
-1.980879288326909e-05
-1.2796691746905231e-05
-1.0462737446356729e-05
-1.1115628920921328e-06
 6.203830027415314e-05
 1.2172722910902545e-06
 1.5246593681184084e-05
 5.885180892173381e-06
-2.218881924014038e-05
 1.75703097469726e-05
-2.9216277728616458e-05
 1.5220998094325755e-05
 4.094568657397879e-05
 2.924520036705347e-05
 1.7544714160114272e-05
-8.190212554270992e-06
 8.178182253737454e-06
-3.393025838603625e-05
 1.0507017436905963e-05
 2.687541224491441e-05
-8.215808141129322e-06
 2.920424742808292e-05
 1.516468780325686e-05
 2.4515862357521456e-05
-1.0575358028522275e-05
-4.332750499663751e-05
-3.56837600953841e-06
 1.5139092216398531e-05
 1.981211993484777e-05
 1.5128853981652424e-05
 1.9801881700101664e-05
 2.213583600063629e-05
 1.9791643465355557e-05
-1.2960503502773557e-05
-1.9982842873883522e-05
 2.2115359531157952e-05
-8.297714019056546e-06
 1.2748827624767256e-05
 5.726488253671169e-06
-1.2958511174387954e-06
 1.507254369056965e-05
-2.7035896949204052e-05
 1.2723232037922805e-05
-1.0672621258575599e-05
 1.973021405690667e-05
 3.6098608864915116e-05
-6.009831774858587e-06
 2.673207695852442e-05
-2.005451051706464e-05
 1.970461847004834e-05
 1.502135251686687e-05
-1.7730794451262244e-05
 7.993894028376913e-06
 1.0327848328925415e-05
 2.90353165548346e-05
 5.6394632583639526e-06
 1.0312490976813193e-05
-2.0100582573415182e-05
 9.459590704224974e-07
 1.4975280460530205e-05
-3.742426000152843e-06
 2.198226247951407e-05
-6.091737652785811e-06
 4.5362758423872496e-05
 5.593391202027287e-06
-3.885412285566103e-05
 1.4939446638925769e-05
-1.547362691128873e-05
 1.4929208404193539e-05
 1.4924089286813547e-05
-1.3149910845500212e-05
 1.25747776341667e-05
 2.894317244216127e-05
 3.2082457277760046e-06
-4.591741516574155e-05
 3.1980074930298974e-06
 1.2549182047308372e-05
 1.0204989512013762e-05
 3.359060457376606e-05
 1.253382469519615e-05
 2.65631460852761e-05
 1.7201733296265398e-05
 5.5012470893539556e-06
-1.0877385953414476e-05
-3.661231266779974e-05
 1.718125682678706e-05
 4.758409214225545e-05
 2.1849165427870187e-05
 1.9504972892589456e-05
-1.5518069859943306e-06
 1.949473465784335e-05
 3.118498263003644e-05
-3.1975118770954936e-05
-1.3267650545031873e-05
 1.4796111352549657e-05
 3.81817264142742e-05
 2.1803093371533522e-05
-1.7966273850339443e-05
 7.758414629313592e-06
 7.360752582175056e-07
 1.2426323230396719e-05
-6.291383230258574e-06
-8.635575765539305e-06
 5.217521398277747e-05
 2.6440287268378326e-05
-1.6337128639215548e-06
 7.002414366130694e-07
 5.373269155076188e-06
-3.988143633948393e-06
-1.6541893334137692e-06
 3.0188383850493494e-06
-4.003500986060615e-06
 2.6399334329407775e-05
 2.639421521204166e-05
-6.357931756073576e-06
-1.1041197709282802e-05
-4.029096572918944e-06
 1.0000224817174885e-05
 3.1046766461012565e-05
 2.6363500507817217e-05
 7.645794047148047e-06
 1.2318821765611165e-05
 9.974629230330434e-06
-6.4040038124241194e-06
-1.5765416601434823e-05
-8.753315465070965e-06
 1.2293226178752836e-05
 2.6322547568846666e-05
 9.94391452610599e-06
 7.599721990811381e-06
 3.3324410470478294e-05
 7.589483756079152e-06
-1.3467296122504635e-05
 9.918318939247661e-06
 1.459134665771078e-05
 3.3298814883619965e-05
 3.7971842602069206e-05
 7.558769051854708e-06
 2.87550309865936e-06
-4.146836272450605e-06
-1.8128819719159806e-06
 3.560717359729626e-05
 5.19410004709564e-06
 5.1889809297156475e-06
 5.898255042430245e-05
 1.4535036366628007e-05
-2.289525743734422e-05
-6.5268626293218945e-06
 2.1536899268245757e-05
-1.1215247699897235e-05
-6.5422199814341164e-06
 4.7251349513152685e-05
 7.481982291279721e-06
 2.3850377099302045e-05
 2.384525798193593e-05
-1.1245962404121679e-05
-6.57293468565856e-06
-6.578053803024675e-06
 2.7731207512399214e-06
 1.2124295305518396e-05
 1.2119176188138403e-05
 9.774983652857672e-06
 4.719503922206991e-05
 2.7475251643815923e-06
-3.7021842057477494e-05
-8.958080159909843e-06
-6.624125859375218e-06
 1.67614892023632e-05
 2.721929577537141e-06
 1.4412177549716354e-05
 2.3763352103994828e-05
 9.723792479154891e-06
 3.077033412297869e-05
-3.706791411381416e-05
-1.602137246997648e-05
 5.882385778580024e-05
-1.3692537286821849e-05
 1.2032151192845064e-05
 2.6061472582925016e-05
 1.4360986376013574e-05
 1.2016793840732842e-05
-3.009164679905474e-05
 4.989335352256763e-06
 1.6679583324422098e-05
 7.318170535411395e-06
 2.6349045822299244e-06
 2.6020519643954465e-05
 1.1980960019128406e-05
-9.075819859441503e-06
-2.3115379484295318e-05
-1.6103278347917582e-05
 3.769029114666922e-05
-1.8452590000578306e-05
 2.5984685822363907e-05
 5.6387521137846175e-05
 1.661815391597321e-05
-2.0995525446820817e-06
-4.888614002027114e-05
 1.660279656386099e-05
 7.241383774850285e-06
-1.1476322685805007e-05
 3.062187971922259e-05
 2.3599540348126502e-05
 3.996793515612107e-05
 4.876714770091217e-06
-2.0858211944307925e-05
 1.8832969951587675e-07
-1.8529376761139416e-05
-2.1609819531309693e-06
 1.6546486272778216e-05
 9.524146901682129e-06
 1.8875321455960603e-05
-9.198678676353156e-06
 4.8306427137545516e-06
 4.825523596388437e-06
-1.3892182864294611e-05
 1.1832505615372302e-05
-4.546127427382252e-06
 3.7552074977645344e-05
 2.819066218863464e-05
-1.3917778451139062e-05
 2.5841350535973917e-05
-2.7962457193345114e-05
-1.6272209221152023e-05
 3.5182286855506284e-05
-6.9261537842535414e-06
 1.1781314441655644e-05
 3.9845076339223295e-05
 1.8788296460653386e-05
-6.946630253745756e-06
-1.396896962485572e-05
 6.035176525198693e-08
-1.1640134441687211e-05
-9.306180141138709e-06
 1.6418508338514326e-05
 1.6413389221134334e-05
 3.278178402915666e-05
-1.4004803446446279e-05
 2.3635913615621673e-06
 3.042735325912982e-05
-1.8698307634373856e-05
 2.573896818855448e-05
 4.0414741692140765e-09
 4.444131729711143e-05
 5.37924918513899e-05
-4.2114637400350596e-05
 4.208688652708459e-05
-1.171692120224832e-05
-1.4061113737529052e-05
 5.376689626453157e-05
-2.3427645643919748e-05
 1.633148334320711e-05
 1.3987290807926378e-05
 9.30402485473103e-06
 4.4385007006028654e-05
-1.8775094394948844e-05
-2.8136507183959547e-05
 1.162262180316731e-05
-7.786440377188786e-08
-9.439277192782591e-06
 1.862448470478506e-05
 2.245851662030507e-06
 6.918879380479748e-06
 2.2356134272982775e-06
-3.0516533540844715e-05
-4.79184506119168e-06
 1.1576549746830644e-05
 2.092772430109524e-05
 6.888164676255304e-06
-7.151394948584633e-06
 1.155607327733843e-05
 4.533733906242343e-06
 2.189541370947734e-06
-2.493724582247614e-06
-1.59770281699112e-07
 1.6208624526295456e-05
 2.7898872498488547e-05
-2.5142010517259505e-06
-3.058820118403971e-05
 9.170927803087148e-06
 6.826735267806416e-06
 2.1434693146110684e-06
 1.8511864122619515e-05
-2.5935649935054927e-05
-2.550034873330387e-06
 4.8904461203355676e-05
 1.615231423522656e-05
-3.297334665829099e-05
-2.8300318939827873e-05
 2.1025163756405174e-06
 3.718349852693814e-05
 1.846579206628285e-05
-2.5909878123009378e-06
 9.099260159892153e-06
 9.094141042526038e-06
-2.6063451644131597e-06
-5.407107947583145e-05
 2.0615634366838442e-06
 3.0125325334237618e-05
-4.965895051806113e-06
 2.3097866845775417e-05
 2.04108696719163e-06
 9.053188103555487e-06
 9.048068986189373e-06
-1.434778431030903e-05
-2.6048270517220473e-05
-2.6626554554820547e-06
 4.879184062119013e-05
 9.022473399331044e-06
 2.0712721371524134e-05
 1.8368528836229525e-05
-1.438361813189959e-05
 2.537551085521339e-05
-2.141107662037567e-05
-2.8433415991471755e-05
 2.5360153503101168e-05
 2.3015960967834315e-05
 3.236713552211279e-05
 1.5988502479344358e-05
-5.0682773992255514e-06
-7.412469934492405e-06
 4.277778037686808e-06
-2.7445613334231567e-06
-5.088753868703888e-06
 6.601494103475325e-06
 2.7648035747313005e-05
 4.401643055532145e-05
 4.247063333462364e-06
-2.7752760376476004e-06
-1.2136688826658304e-05
 6.570779399250881e-06
 2.9956394461003177e-05
-9.812972760869787e-06
 2.994615622625707e-05
 3.228011052680557e-05
 2.525777115568173e-05
 1.3557284948770287e-05
-4.024652278056262e-05
 6.52982646028033e-06
 1.3541927596658065e-05
-2.836705446096488e-06
 1.5870762779812697e-05
 8.84842340871661e-06
 3.691218530628426e-05
 1.3516332009799736e-05
-9.87952128668479e-06
 1.8107266855083015e-06
-2.8602346864720074e-05
 3.220844288361058e-05
 2.2847030094599874e-05
-9.905116873543118e-06
 5.090567287478753e-05
 8.79723223501383e-06
-5.242327389839985e-06
-1.6942813596751427e-05
-5.744187887568586e-07
 2.982841652672541e-05
-1.461909753096291e-05
 4.6191692217353864e-05
 1.3439545249238627e-05
-4.504240931590964e-05
 1.1090233596577903e-05
-1.6983766535721978e-05
-1.932795907100271e-05
 8.735802826551065e-06
 1.3408830545014183e-05
 2.7438151935108013e-05
 3.445025307145799e-05
 1.3393473192901961e-05
-1.9358673775227153e-05
 1.6878678685966486e-06
-1.0012618338328672e-05
-2.1713104545253992e-05
 1.8046024441858988e-05
 2.5058125578222845e-05
 8.679492535468292e-06
 3.440418101512133e-05
 2.5042768226110623e-05
-1.706567241366308e-05
 1.0998089483904572e-05
-1.707591064839531e-05
 1.0987851249158465e-05
 2.033902580343694e-05
-1.2413121164692176e-05
 3.670230149406539e-05
-7.279923098790775e-07
-5.4112582630744255e-06
-2.6468038141644334e-05
-2.1795010423195094e-05
 2.2642265399760997e-05
 3.924558939091827e-06
 1.561480691127104e-05
-3.1028995493842526e-06
 3.665622943772873e-05
 1.3260376141258079e-05
-3.5865284752245596e-05
 3.893844234867383e-06
 1.5496516995866516e-06
 2.9613413597140426e-05
 1.7912927390215105e-05
 1.5568734854934374e-05
 2.491990940919897e-05
-8.150173051862941e-07
-5.498283258381642e-06
-1.7198769465306962e-05
-3.1694480752131327e-06
-1.2530860864223836e-05
 2.7228268122889143e-05
 3.190129584135226e-05
-7.868071380506825e-06
 2.019569051704695e-05
-7.878309615252932e-06
-1.4900648986362897e-05
-1.2566694685828272e-05
-1.2571813803194387e-05
 3.420453543766244e-05
 1.4523884695333278e-06
 2.015985669545639e-05
 3.1850104667635604e-05
-3.8327216987071866e-05
-1.4941601925333448e-05
 2.0139380225964176e-05
 1.545611427276883e-05
 1.0772848319587358e-05
 1.3106802620121982e-05
 1.7779830338571223e-05
 1.4011972958305474e-06
 2.0108665521739733e-05
-1.0304408028474765e-05
-2.2004894235400085e-05
 2.2432381587542127e-05
 1.774911563434678e-05
 1.5404923099066048e-05
 1.7738877399600672e-05
 3.410727220760912e-05
-1.7357462103795296e-05
-2.4379801474919138e-05
 1.537932751220772e-05
-1.0355599202177546e-05
 3.174260320285005e-05
 3.4076557503384675e-05
-1.2710029972218262e-05
-8.037002253755143e-06
 8.331392554253303e-06
-1.0300202347712784e-06
 1.0660227737421812e-05
-1.0396552141148097e-05
-1.0401671258528089e-05
 5.508726532561792e-05
 1.9996044939588065e-05
 8.295558732648867e-06
-8.083074310091809e-06
-2.2122633934931746e-05
 3.6020545447212893e-06
-8.098431662204031e-06
 8.269963145804415e-06
 1.996021111798363e-05
 6.673656035884046e-05
 2.696719313698137e-05
-2.2158467756536182e-05
-1.1119261126985025e-06
-1.7490559155453056e-05
 1.0573202742114596e-05
-5.805430300639958e-06
 2.9275551850657666e-05
 2.4592285897462318e-05
-1.5177081324396768e-05
 5.2650928677663855e-05
-1.986546639495823e-05
-2.454873234815358e-05
 1.7549470056874017e-05
-1.0524530075425864e-05
 3.6251819165430965e-05
 1.9873186122676412e-05
 3.494553079935736e-06
 8.167580798384977e-06
-1.0550125662284193e-05
-1.1989511080057191e-06
 3.4740766104573995e-06
-5.88733617858106e-06
 3.4638383757112923e-06
 5.257926103448274e-05
-1.2245466948640482e-06
-1.0585959483874752e-05
 1.046058215994905e-05
-8.257124300706242e-06
 3.3841078104321354e-05
-4.5692537222030705e-05
-1.2950628488647697e-05
 5.253830809551219e-05
 2.446430796318455e-05
 1.7441968592088464e-05
-2.9344618883500595e-05
 3.848339111854615e-05
 1.7426611239976242e-05
-5.041163699681661e-05
 5.721005915670929e-06
 4.314106148488317e-05
 2.4423355024227877e-05
 2.4418235906847885e-05
 1.022382610377237e-06
-5.0442351701041055e-05
 4.545453931593946e-05
-3.671121577564218e-06
-1.0693460948674183e-05
 4.5439181963827235e-05
-6.025552347591057e-06
 5.946338423655495e-05
-2.474837792562634e-05
-3.87879375504524e-05
 1.2666558526219784e-05
-3.879817578519851e-05
 1.4995393709388294e-05
 7.97305433827833e-06
 1.7324228892556803e-05
 4.07098439543091e-05
-1.3985966854784815e-06
-1.4037158028445962e-06
-8.426055173940683e-06
-2.2465614798794498e-05
 3.2590736808724152e-06
 7.932101399321656e-06
 2.663956962523084e-05
 3.832981759742393e-05
 1.4933964300939406e-05
-1.4446687418151472e-06
-1.5484228366655084e-05
 1.0240460112997951e-05
-3.186798052677575e-05
 2.1925588967824927e-05
 6.870193820866788e-05
-1.083167711768418e-05
 3.594467212317265e-05
 3.192525155043535e-06
 1.4882773127222748e-05
 3.1822869203113058e-06
-5.062152080903548e-05
 4.7614443625873526e-05
 8.278561502844672e-07
 2.187439779410827e-05
 3.8242792602116715e-05
 8.124987981722454e-07
 1.2502746770351458e-05
-3.428384070525148e-05
 1.2492508535619229e-05
-1.7920565014609147e-05
-6.230317042429934e-06
 4.9902325870071484e-05
 3.586276624523155e-05
 2.884042687413546e-05
-5.303226187014509e-05
 7.77852787818556e-06
 3.818136319366783e-05
-4.135225213269811e-05
 2.179761103354716e-05
 1.9453418498266428e-05
 2.1787372798801052e-05
 3.581669418889488e-05
-1.798711354042415e-05
-8.635938986159553e-06
-6.301984685624928e-06
 7.727336704482779e-06
 2.175665809457661e-05
-1.0995488873552506e-05
 1.9407346441929763e-05
 4.981018175739815e-05
 6.845208638944777e-07
-1.101596534304472e-05
 3.013356047062987e-06
-4.0089833240469774e-06
 2.1715705155606058e-05
 6.589252770361487e-07
 6.53806159670034e-07
 2.1700347803493836e-05
 6.435679249239268e-07
 5.316595643373168e-06
 7.650549943907792e-06
 1.7001724498186266e-05
 2.635289905246474e-05
 1.9330559681354775e-05
 1.4647293728159427e-05
 1.2303101192892574e-05
-1.109275210360583e-05
-6.419724385156589e-06
 2.398311093032568e-05
-6.429962619902696e-06
-2.514766908055799e-05
 1.6950533324483485e-05
 4.969244205786649e-05
 5.244928000178173e-06
-6.455558206761025e-06
-1.1138824159942495e-05
 5.514238122505954e-07
 4.9666846471008164e-05
-1.817140176578469e-05
 1.924865380342755e-05
 4.263426886515209e-05
-4.152318610436967e-06
 2.62505167050453e-05
-2.7553291024287607e-05
 1.6883984798654605e-05
 2.623515935293308e-05
-3.458586863014368e-05
 3.558121478983156e-05
 1.2185361493360913e-05
 9.841168958066304e-06
 3.7904930855633956e-05
-4.203509784139747e-06
-1.8243069408979684e-05
 4.643988169433788e-07
 1.449372020702333e-05
-6.563059671546578e-06
 4.021328956932413e-05
 3.3190950198200286e-05
 9.795096901729639e-06
-6.583536141024915e-06
-2.7640316019594824e-05
 3.784862056455118e-05
-2.063333400059708e-05
-1.925865774687896e-06
 2.8476969540794372e-05
-1.1292397681064714e-05
 3.548395155977824e-05
 3.9273117374838407e-07
 3.8761205638226937e-07
-8.973800732642312e-06
-8.978919850008427e-06
 4.247557622666376e-05
-2.068452517431374e-05
 1.9074603812813118e-05
 3.778207203873618e-05
-1.6021735690610606e-05
 2.6076466714430868e-05
-1.135382708952748e-05
 5.014567718480967e-06
-2.00777165261512e-06
-1.6047331277468935e-05
 7.51714129037101e-05
 1.4350384920647219e-05
-2.0282481221073345e-06
-4.372440657388066e-06
-3.010736737177333e-05
 2.1347128704898855e-05
-4.387798009500288e-06
-9.071063962681758e-06
 2.619184009497455e-06
 3.770016616079508e-05
 2.3660606535955142e-05
-3.0143201193377767e-05
 1.897222146539368e-05
-1.611899892065005e-05
-2.08022648738454e-05
 4.000852487448525e-05
 7.2563779063422595e-06
 2.5963846132265322e-05
 1.4263359925340002e-05
-1.147156678905914e-05
 7.235901436863923e-06
-2.3177172113350575e-05
-4.46970388744139e-06
-9.15296984062286e-06
 3.9962452818148586e-05
 3.527918686493936e-05
-9.168327192735082e-06
 2.1234508122747187e-05
-1.619578568122504e-05
 4.850755962612641e-06
-1.620602391595727e-05
-4.515775943778055e-06
 2.5887059371704213e-05
 7.169352911048921e-06
 4.225033506233267e-05
-1.389254608490098e-05
-9.219518366437862e-06
 4.80980302364209e-06
-1.3907903437013203e-05
 9.477711624725216e-06
-1.6257215089673926e-05
 1.648469364372296e-05
 4.9226602377105966e-05
 1.1796308573161496e-05
-1.159954472332303e-05
-3.733447143772217e-05
-2.0966076629713726e-05
 2.1132125775327748e-05
-9.280947774900628e-06
-9.286066892266742e-06
 3.0473062094860115e-05
 3.514608981329548e-05
 7.072089680995597e-06
-2.5680057287133518e-05
-1.1650735897039688e-05
-1.6334001850235036e-05
 2.3734663757019048e-06
 3.043722827325568e-05
 2.3632281409557976e-06
 3.276606345641031e-05
 2.5743724085314224e-05
-1.636471655445948e-05
 1.4038118761008911e-05
-2.1053101625020942e-05
-3.509266124986088e-05
 4.9108862677574305e-05
 2.3373935963175163e-05
 6.9953029204344874e-06
 2.804184456425829e-05
-3.0440110000889975e-05
 9.319018986236882e-06
-2.3814672207023158e-06
-3.513361418883143e-05
 1.6320881887854632e-05
 6.959469098830051e-06
 1.8649717071023142e-05
 2.2710840282824662e-06
-7.090328760755993e-06
-1.1773594713937463e-05
-2.422420159658989e-06
 4.589680976690991e-06
-4.6875053334713424e-05
 4.902183768226709e-05
 4.667764514698636e-05
-4.787089164431935e-06
 2.7954819568951073e-05
-6.0935089429045575e-05
-2.46337309862954e-06
 2.793946221683885e-05
-3.288156576622403e-05
 2.792922398210662e-05
 1.3889664357252807e-05
 2.5579912329445897e-05
 2.1840590329752496e-06
-3.5246234770996976e-05
 2.088640814151832e-05
 4.507775098763767e-06
 6.841729399298391e-06
-2.5196833897123128e-06
 1.618778483621075e-05
 2.5538959390475346e-05
-9.552260995554507e-06
 2.137986976624706e-06
-3.2953233409419025e-05
 1.3823115831437804e-05
 1.3817996714057812e-05
-2.3612297089886658e-05
 3.018127240471402e-05
 1.380263936194559e-05
 1.3797520244579475e-05
-1.1937406469805789e-05
-1.6620672423015015e-05
 9.104016056651898e-06
-4.935543568188039e-06
 1.845007149355038e-05
 2.5462172629914237e-05
 2.779612693046274e-05
 2.0612002160635967e-06
-4.961139155046368e-06
 1.608540248879131e-05
-2.6323039718778585e-06
-1.9010937014618534e-05
-7.320689042439321e-06
 6.518546779543666e-05
 1.6059806901932983e-05
-9.67511981246616e-06
 1.8388642085101492e-05
-2.371979855467221e-05
 2.5395624104085357e-05
-9.695596281944496e-06
-2.1396082488869816e-05
 2.304119333405852e-05
 2.3036074216692404e-05
 3.004817535307014e-05
-1.4399338704632059e-05
-2.709090732438968e-06
 4.3030104039248895e-06
-5.058402385099692e-06
-2.72444808455119e-06
 8.965799887641901e-06
 4.6385855456840264e-05
 3.936351608574418e-05
 2.7663029878818857e-05
-1.678448417888334e-05
-1.4450529878334839e-05
 6.596011765488963e-06
 1.1269039483952081e-05
 2.0620214038230555e-05
-5.114712676182465e-06
 2.762719605721442e-05
 2.9961150357762922e-05
-1.2147290282024659e-05
-5.135189145660801e-06
-4.621614271976826e-07
-4.672805445776751e-07
 2.525740793507536e-05
 1.8235068563979273e-05
 3.460346337197384e-05
 4.190389821759344e-06
-3.090083056427051e-05
 2.523181234821703e-05
-1.6876628291556672e-05
-9.864527155178937e-06
 2.7555528414019426e-05
 1.3515968789179489e-05
 1.8154825822680465e-06
 2.052295080817723e-05
 1.3500611437067267e-05
-4.4981343128094875e-05
 2.5185740291880365e-05
 8.80710724913969e-06
-2.3945039719003303e-05
 2.9848529775597377e-05
 6.0251365091079645e-05
 1.5803851033377447e-05
-2.8643663024296995e-05
 2.047175963447445e-05
-1.9297607587398513e-05
 1.1105227728083755e-05
 1.5778255446532996e-05
-5.278524432050791e-06
 2.980245771926071e-05
 2.2780118348150746e-05
 1.3418705559126165e-05
-4.272417558810748e-05
-1.6999487108454447e-05
 4.047054535369354e-06
 8.720082253832473e-06
 2.0410330226011686e-05
 2.5083357944460927e-05
 8.704724901720251e-06
 2.0394972873899464e-05
 1.5711706920704116e-05
-4.7448394480259504e-05
 1.8040542103872625e-05
-5.3553111926119e-06
 8.674010197495807e-06
 4.609406576669417e-05
 1.1002845380664317e-05
 2.5032166770758146e-05
-1.4737200451114818e-05
 6.3093411927228615e-06
-2.4103732357491636e-05
-1.7091631221141657e-05
 1.565027751225523e-05
-7.283555304854472e-07
 2.7335406367068327e-05
-7.755814018975404e-06
 2.2647021296506864e-05
 1.56246819253969e-05
-2.180561187854757e-05
-1.2454437324282974e-05
-1.0120483023734472e-05
 2.7299572545477768e-05
 2.9633526846012392e-05
 4.8340995071935455e-05
 2.0266994939635574e-05
-1.4824225446422035e-05
 1.0900463033244878e-05
-1.2495390263239647e-05
-8.051422910604344e-07
 1.5563252516948012e-05
 2.4914427071226486e-05
 4.8300042132964904e-05
 3.426048250812497e-05
 1.086462921165432e-05
-2.422659117440329e-05
-2.4231710291769404e-05
 2.4883712367002042e-05
 1.552229957797746e-05
 6.160886788966757e-06
 2.9546501850705176e-05
-8.66571699509322e-07
 6.1455294368545355e-06
-1.7250323859643868e-05
-1.959451639491072e-05
 2.0164612592216136e-05
-1.960475462965683e-05
 4.588418195448918e-05
 3.6522769165478475e-05
-1.0263818310124462e-05
-3.2517171737606043e-06
-1.963035021650128e-05
 2.714599902434167e-05
-5.606147943787443e-06
-2.198478098652812e-05
 1.5435274582670244e-05
 7.62460643310009e-05
-1.4982918084910368e-05
-4.773506505303948e-05
 4.816182596395491e-05
-3.137178936239715e-05
 6.048266206801212e-06
-3.138202759714326e-05
 1.359881136239749e-06
 6.684881772038576e-05
-2.4380164695525508e-05
 3.409155163487665e-05
-1.7373182676541643e-05
-1.004787868519319e-06
 1.7702680357389866e-05
-3.610112737194304e-05
 2.470966237638761e-05
 2.002639642319226e-05
 2.703849755955612e-05
 1.3035708451708539e-06
-1.0396915361768344e-05
 1.532777311788469e-05
-1.0407153596500573e-05
-1.0412272713880566e-05
 1.2973342347857852e-05
 1.2968223230491738e-05
 2.6997544620585567e-05
 1.7636131831574864e-05
 5.935645624635666e-06
 2.2304040432644112e-05
-3.149976729667492e-05
 5.920288272523444e-06
 2.4627756498446507e-05
 8.249123455705831e-06
 3.865195877117422e-05
-1.1174084506848647e-06
 3.162450028269814e-05
 1.7584940657858206e-05
-2.218442656400088e-05
-8.155105173907051e-06
 1.7569583305745984e-05
 2.458168444210984e-05
 1.5220271653099138e-05
 1.989329937154838e-05
-3.391050835778453e-05
 2.9239354808460738e-05
 8.182574929876951e-06
-4.328215938154134e-05
 1.5189556948874694e-05
-1.1890760938798595e-06
 3.623097947533238e-05
 1.13975908928865e-06
-1.2899800535551287e-05
 1.9842108197845598e-05
 1.9836989080465606e-05
 8.136502873540286e-06
-2.9293790930404184e-05
 1.7482558310438767e-05
 3.852909995427645e-05
 1.7472320075706538e-05
 5.77183386876734e-06
-2.4641239681447158e-05
-2.4646358798813273e-05
 2.4469063859944296e-05
 3.4122839813743866e-06
-1.0627275643451672e-05
 1.041926600037213e-05
 1.509229371882137e-05
 4.549512903430364e-05
-3.6305318592139146e-06
-8.313797812409263e-06
-2.4692430855163816e-05
-1.5341256300885342e-05
 3.3774166357886104e-05
 3.3610928076577284e-06
 2.206856103358079e-05
 1.2707148244570088e-05
 1.2702029127190095e-05
 8.018763174008625e-06
-3.681723032916695e-06
-2.006035607567125e-05
 1.969877291145561e-05
 4.776253480902326e-05
-1.0719419756138882e-05
 4.07350763205333e-05
 3.3047825165888334e-06
-1.5412923944080337e-05
 9.554708639419873e-07
-2.711852926837177e-05
 1.731874655457044e-05
 5.0060655287967326e-05
 5.005553617060121e-05
 3.268948694984397e-06
-3.7533906761116897e-06
-1.4194363755770656e-06
 3.2535913428721752e-06
-2.0142261953598473e-05
-1.3130160817248493e-05
 2.4289894751963748e-05
 2.1945702216683016e-05
 5.702668436798064e-05
-1.455270197167624e-06
-8.477609568277589e-06
 1.9586152329290063e-05
-3.8097009671944626e-06
-2.2527407427849755e-05
-8.498086037769803e-06
 3.360011636727167e-05
 3.3594997249905556e-05
 3.82680249683548e-05
-3.424837010426729e-05
-2.7236268967903432e-05
 3.1235447362498725e-05
-1.08729932772611e-05
-2.25734794842003e-05
 2.6541943174571148e-05
 4.057126456466498e-05
-2.258883683631252e-05
 5.4749250612551315e-06
 1.4826099615533606e-05
-2.2604194188424742e-05
 7.814208733275541e-07
-2.0275359005242355e-05
 2.6500990235600597e-05
 3.117401795404984e-05
-8.595349267809249e-06
 5.4339721222845805e-06
-8.605587502555356e-06
 1.478002755919694e-05
-1.5633045991031436e-05
-1.3299091690482934e-05
 6.154613856530766e-05
 1.2420477671790109e-05
-1.3314449042595156e-05
 7.732092601242524e-06
-1.3324687277341263e-05
 1.7078148038141006e-05
-6.317705258357398e-06
-4.140892564438725e-05
 1.0045570432298812e-05
 4.278747916566794e-05
 7.696258779638088e-06
-8.682374263116466e-06
 2.1720461052351925e-05
 1.2359048263341221e-05
-6.358658197314071e-06
-2.507636465798324e-05
-1.5725190103704767e-05
 3.5729305972981296e-05
 4.040233369141666e-05
-1.7061069483431668e-06
-2.744103366274231e-05
 7.639948488555315e-06
-1.7214643004553887e-06
-3.44736112685845e-05
 5.285517718528476e-06
 2.6332059362366156e-05
 4.9717674424104574e-05
 2.9310869485016378e-06
-2.98210600196136e-05
 4.0346023400333886e-05
-1.3457784328985145e-05
-2.281919711799585e-05
-1.7726554741720468e-06
-1.5812215099011984e-05
 6.371116199260785e-05
 1.692457451700491e-05
-6.471278779479617e-06
 1.691433628227268e-05
-2.0515957521685668e-05
-2.28601500569664e-05
-8.83082866687257e-06
 4.2623667409799615e-05
 1.9227814113328967e-05
 9.866401324318264e-06
 2.6234796132312832e-05
-4.178277417901666e-06
 1.219011739010678e-05
-4.188515652647773e-06
-3.460158920286227e-05
-6.537827305308497e-06
 4.023852193554833e-05
 3.087710914653763e-05
-1.8750378215914854e-06
 2.7979898968577555e-06
 1.916638470488008e-05
 1.2144045333756237e-05
-3.698161555974744e-05
-4.239706826350553e-06
 5.4232009504051604e-05
 2.147986253592249e-05
-8.933211014292008e-06
-8.938330131672001e-06
 5.0909912584357064e-06
 5.085872141069592e-06
-4.2755406479549896e-06
 2.736560488408868e-06
 2.144402871433193e-05
 2.143890959695194e-05
 9.738423390040496e-06
-1.962062816898702e-06
 3.7189148364979996e-07
 2.705845784184424e-06
-2.770722776604395e-05
 1.9069121474826756e-05
 1.6724928939546024e-05
 9.70258956843606e-06
 2.8410057794359123e-05
-2.7732823352888403e-05
 3.0738892977513754e-05
-9.030474244345332e-06
-2.307003386917139e-05
 4.007982929704612e-05
 1.200582916474624e-05
 6.579939865934692e-05
-2.0388495774598114e-06
-2.7773776291858954e-05
 1.9002572949011753e-05
 2.623939906243322e-06
 2.1331408132166385e-05
-3.013332617923803e-05
-1.1425857953328844e-05
 5.640215204873178e-05
 2.3650005080588787e-05
-2.0797508977085655e-05
-1.3785407840721797e-05
-2.0951598685425843e-06
-6.778425821737932e-06
 7.250895568369775e-06
-4.449590638569423e-06
 3.06313915127282e-05
 4.232163948492129e-05
-1.616031508024085e-05
 1.1903446817326802e-05
 7.220180864145331e-06
-1.851474585026769e-05
 1.6566236301043813e-05
-1.3846837249170685e-05
 2.5215575588238837e-06
 3.7602539710135385e-05
 2.8241126921124682e-05
-2.1719466291036937e-06
-3.7263167015147425e-05
 7.174108807794788e-06
-4.526377399130532e-06
-1.1548716770226619e-05
 2.5871338798971744e-05
 3.0544366517420984e-05
 9.487586638864953e-06
-6.891046403903478e-06
-2.3269679446644154e-05
-2.79529453998395e-05
 2.449889915628889e-06
-1.860688996294102e-05
 7.117798516725893e-06
 3.0503413578450433e-05
-1.8622247315053242e-05
-9.271072760774768e-06
 2.5809909390522856e-05
-1.8637604667165464e-05
-3.0338090874076906e-05
 9.421038113036073e-06
-1.1635741765533836e-05
 3.046246063949376e-05
 3.747456177585762e-05
-9.312025699745319e-06
-1.86734384887699e-05
 1.1729396826712368e-05
 3.043686505263543e-05
-4.441860343790127e-05
 1.4053112892514763e-05
 4.445594820799703e-05
 2.573824174732786e-05
 1.8715902376231774e-05
-5.1461419278475695e-05
 1.8705664141485667e-05
 2.327031098731114e-06
-4.679862979477256e-05
-1.639579447930417e-05
 1.6346114254092714e-05
 7.715690400242337e-05
 2.3014355118727847e-06
 4.635389812421287e-06
-2.3869495586748e-06
-2.110465601934397e-05
 1.631539954986827e-05
-2.8132114507833927e-05
 2.3322381568852135e-05
 3.5012629541045226e-05
 2.5651216752020645e-05
-8.37099623646198e-08
-1.4123269587204557e-05
 6.923272056619245e-06
-2.3489801493595253e-05
 2.796469458309081e-05
 1.6264208376151612e-05
 2.0937236094600853e-05
 1.8593043559334e-05
-9.480956572993637e-06
 3.2617245832047836e-05
-1.3490113606740017e-07
-2.586982785048042e-05
-1.6518653296201946e-05
 3.25967693625695e-05
 3.4930723663104124e-05
-1.4194937230399551e-05
 2.322511833879881e-05
-1.1866102047231042e-05
-2.3566588254156362e-05
-1.1876340281977149e-05
-3.293312016054706e-05
 4.4251183513158154e-05
 3.021162388830434e-05
 3.254557818885284e-05
 2.786231223567137e-05
-3.763686258323462e-05
 2.7852074000925264e-05
-7.239146385118467e-06
-5.636480727863602e-05
 2.106909051780015e-06
 3.48488177851769e-05
 3.250462524988229e-05
 3.2499506132516176e-05
-7.2698610893429105e-06
-1.1953127042538259e-05
 2.076194347555571e-06
-3.53540994563889e-05
-9.629410976749742e-06
-1.1973603512016595e-05
 2.7785525475096384e-05
 2.778040635773027e-05
-2.9359377456961155e-07
 9.057580779694985e-06
-2.369456618843413e-05
 3.4777150141981905e-05
-1.902665758736488e-05
-1.4353629868901763e-05
 4.1779013043599655e-05
 2.072223316501587e-05
 5.814228873424199e-05
-2.3730400010024688e-05
-5.022931784115503e-06
 1.9891693522483544e-06
-3.31020510337815e-05
 1.601337162497607e-05
 6.651958835965366e-06
 3.471572073353302e-05
 1.365894085494923e-05
 1.833196857341235e-05
 3.0022216545577685e-05
-4.483325194494514e-05
-4.016022422648202e-05
 3.4685006029294696e-05
 2.766266665819861e-05
-1.9123920817404327e-05
 4.8704089184656296e-05
 6.595648544882593e-06
-2.615649842324652e-05
 2.5297997653425663e-05
-4.721839741919642e-05
-9.798341849984182e-06
 3.463893397295803e-05
 8.904007258572766e-06
 2.9950548902396568e-05
 8.893769023826659e-06
-9.823937436842511e-06
-7.4899831362940095e-06
 1.8611914179705868e-06
-7.500221371040117e-06
 8.868173436982207e-06
 3.4592861916621365e-05
 1.1197008620136839e-05
-1.4537918094262303e-05
-2.8476701220692124e-06
-2.852789239435327e-06
-9.87512861055917e-06
 2.05277067049231e-05
-5.207220009462166e-06
 1.1161174798532403e-05
 4.156401011401467e-05
-7.561650779489004e-06
-5.495496431251468e-07
 4.123478075324094e-06
 6.457432375872596e-06
 1.7741664226633702e-06
 1.8142561230685694e-05
 5.08844699640687e-05
 1.579324957802497e-05
 1.3449057042744239e-05
 6.426717671648152e-06
-2.934695117376429e-06
-2.9398142347425438e-06
-2.1657520695411714e-05
 2.27797551275305e-05
 1.809648917434903e-05
 8.735076385324447e-06
 3.2120691447062866e-05
-1.4665896028526193e-05
 1.3397865869027581e-05
 1.105367333374685e-05
-3.573291414184221e-05
 3.443416927811915e-05
 2.507275648910845e-05
-3.0012436431914313e-06
 1.5706224582717754e-05
-7.689628713766772e-06
 4.000619258426319e-06
 3.9955001410463264e-06
-1.7061279737523583e-05
 1.100248216004407e-05
 2.7370876968052515e-05
 2.2687611014857167e-05
 2.2682491897491053e-05
-7.133613989934728e-07
-1.0074774188018054e-05
 6.293620619990392e-06
-7.287187511056947e-07
-3.072911286386426e-06
 1.3295483521608142e-05
 2.732480491171585e-05
 1.7963392122705146e-05
 6.262905915765948e-06
 1.3275007052129806e-05
-7.645525726962532e-07
-2.4160405869194657e-05
-5.452937643271594e-06
 2.2610824254296058e-05
 3.893117793626888e-06
 1.3244292347905362e-05
-5.47341411274993e-06
 6.216833859429283e-06
 3.895874259281229e-05
-2.1862285390236713e-05
-1.718925767180135e-05
 8.535430807865563e-06
 4.5955486377063925e-05
 1.7881486244764044e-05
-1.487066072336507e-05
 2.2549394845833293e-05
-2.6576266047670383e-05
 1.0843789521541858e-05
 1.4823767325172765e-06
-3.2008892206641937e-06
 5.2931753691837224e-05
 2.953590039533882e-05
 8.47912051678279e-06
-7.899512525971764e-06
 1.0807955699937422e-05
-1.0248824178632487e-05
-2.194931038554393e-05
-9.02768741720128e-07
 4.119543366330747e-05
 4.586846138177059e-05
-9.181260938323499e-07
 2.0128415549991452e-05
-1.7301878253953018e-05
-2.9002364460892216e-05
 1.3095837944149258e-05
 8.41257199095391e-06
 1.308559970940315e-05
 1.775862742786627e-05
 4.582238932542004e-05
 2.00874626110209e-05
-1.0325610939193597e-05
 3.7037104509002328e-06
-3.372658335304424e-05
-1.2680041709206558e-05
 5.280889487492557e-05
 2.2395821324711074e-05
 8.356261699885015e-06
 3.408095017952417e-05
 1.3024170300954263e-05
-1.7388903249260235e-05
-1.2715875530810994e-05
-1.7399141484006342e-05
-3.3698200938986345e-06
 4.808467598277355e-05
 1.0654382178815203e-05
-5.724250863939351e-06
 2.23395110336283e-05
-3.3954156807569635e-06
-1.0417755051880806e-05
-2.679638809462148e-05
-1.0427993286613035e-05
 3.400928253632918e-05
 3.400416341896306e-05
 8.269236704577798e-06
-5.7703229202760165e-06
 1.995436555937702e-05
 1.2932026188280932e-05
-2.21591941977628e-05
-5.790799389754353e-06
 8.238522000353354e-06
 2.694599022626254e-05
 3.863623819844175e-05
-1.1331290234034563e-06
 2.45915594562357e-05
 2.224736692095497e-05
-1.9861073718818734e-05
 1.1854679250050681e-06
 1.0536642479283542e-05
 1.053152336190355e-05
 4.093435867738582e-05
 2.2216652216730526e-05
-2.2230861840957794e-05
 2.220641398198442e-05
 8.16685435715836e-06
 1.1445149860345172e-06
 1.985198321195758e-05
-5.882943502427684e-06
 3.3876185484685295e-05
 2.9192919531489947e-05
 1.1189193991900659e-06
 3.45287369972469e-06
-1.2925759343015986e-05
-1.29308784603821e-05
 2.682825052673088e-05
 2.4484057991450148e-05
 1.0882046949656221e-06
 1.745659950297407e-05
 1.9790553803508693e-05
 8.090067596583372e-06
 1.0677282254734077e-06
-1.0632757981451912e-05
-1.531602393464726e-05
 3.3799398724124186e-05
 3.8472426442573426e-05
-1.2992307868844866e-05
-1.302059896651775e-06
 1.9744481747172027e-05
-8.329518385141732e-06
-3.640351851744161e-05
 1.0165370517706274e-06
 2.206307869559443e-05
 2.6736106414057548e-05
 4.076542780415138e-05
-2.239467359682612e-05
 8.008161718656148e-06
 5.478451095951298e-05
-4.112261829222752e-05
-2.0076076648403718e-05
 2.4361199174552373e-05
 3.6051447146731586e-05
 2.902910777562162e-05
-1.54184062820667e-05
 1.0306282197586336e-05
 2.1996530169779427e-05
-3.7383965446197154e-06
-3.1812396676919596e-05
 1.0285805728108e-05
 2.8993273954017185e-05
 1.2614640911276509e-05
 1.2609521793910394e-05
-1.4300378309295425e-06
 1.026021014124967e-05
-2.71700836626948e-05
-1.5479835690515586e-05
 1.0244852789137449e-05
 1.4917880507600567e-05
 1.725183480813519e-05
 3.2122751832952545e-06
 2.893696366294829e-05
-6.1542567230954415e-06
-8.498449258376173e-06
-1.318171521157152e-05
-1.5525907746852252e-05
 2.657229465818922e-05
 1.2532735033335407e-05
 1.4866689333883909e-05
-1.5119437088567667e-06
 1.2517377681223185e-05
 8.16891474297865e-07
-2.49180352400874e-05
 1.2502020329110963e-05
-3.876612713629712e-06
 2.418714918393794e-05
 1.0147589559084125e-05
-1.0909190319485784e-05
 7.798277906451156e-06
-1.5631348825734248e-06
 7.78803967170505e-06
-1.092966678896412e-05
 3.818575586979345e-05
 2.1807122827052772e-05
-1.5623170976891698e-05
 1.9457811174392048e-05
-2.2650629465367778e-05
 2.880386661129053e-05
 7.747086732734498e-06
-2.968320707122385e-05
 4.750109660248136e-05
-1.6245642910223124e-06
 3.579549127818993e-05
 1.4738711399606141e-05
-4.1404169747627506e-05
 4.045828076189306e-05
-8.667380131624491e-06
-1.1011572666905223e-05
 4.044292340978084e-05
 2.6403363784940903e-05
 2.8737318085475527e-05
 1.0019611624820235e-05
-4.019948000019702e-06
-8.70321395321505e-06
 1.234332769062263e-05
-1.6962319342173071e-06
 5.31586920214655e-06
 4.9753145025074885e-05
 2.9665575494858265e-06
-1.7167084036956437e-06
 2.1668906658028897e-05
-1.1083240310100217e-05
-6.410212591637099e-06
 5.280035380542114e-06
 7.613989681090616e-06
 2.1643311071184446e-05
 2.8655412207534425e-05
 1.9293999418523722e-05
-1.7627804600323094e-06
 5.71173840488437e-07
 9.922348394766911e-06
-2.0490725155447587e-05
-1.113955060118299e-05
 3.563679863968772e-05
 5.6683340283525396e-05
 1.6913973061652432e-05
 1.2230707108457084e-05
 1.6903734826920203e-05
-2.2865632394952762e-05
 1.2215349756344862e-05
-1.351957695805428e-05
 2.848817849954166e-06
 5.196424050872561e-05
-1.8395672206072966e-06
 1.9206974423216505e-05
-1.849805455339526e-06
-2.9923805587667163e-05
 4.790297278151057e-07
 4.7391061044899097e-07
-4.209355342746357e-06
 2.853255339063665e-05
 4.957909503447433e-05
-1.1241932948602429e-05
 2.7873884415052785e-06
 5.1213427420537805e-06
-6.5791434648854175e-06
-6.584262582251532e-06
-8.928455117532264e-06
 4.0186967541225305e-05
 3.316462817012922e-05
 1.4446921709460048e-05
-1.8305225258669067e-05
 1.6775756892642435e-05
 3.3144151700637003e-05
-4.6389463625715055e-05
-2.300384856396276e-05
 6.119767536345855e-05
 3.312367523115867e-05
-1.3662912244430392e-05
 9.722702817294149e-06
-8.995003643361144e-06
 7.3733911646611805e-06
 3.5105179353733806e-07
-2.7722948338762543e-05
 2.6070621155838136e-05
 5.647345647130653e-05
 3.541667659273662e-05
-2.5404351390326263e-05
 2.137199785051669e-05
 7.3324382256906295e-06
-6.707121399149307e-06
 4.983126573029906e-06
-4.414253432047377e-05
 6.81278706218813e-05
 1.1984989474647656e-05
 2.845032677223358e-07
 2.3670118329460754e-05
-3.7150909653602127e-05
 3.3016173766373114e-05
-4.4178368142078206e-05
 2.13105684420678e-05
 2.832266957843166e-05
 2.4866944611789954e-07
 8.211111995565235e-05
-1.3796009296074274e-05
 1.1928679183564883e-05
-9.128100695005026e-06
-3.720210082730491e-05
 3.530405601057107e-05
 2.8281716639461107e-05
 1.1903083596720432e-05
 9.558891061425823e-06
 2.358821245153353e-05
 9.548652826679715e-06
 4.865386873498245e-06
-3.0225833512545486e-05
-2.087465895828089e-05
 4.4614277625878995e-05
 7.183983821934525e-06
-2.177428967090056e-06
 3.290355318420757e-05
 1.886399355936763e-05
 1.1841654188257666e-05
-3.0266786451516037e-05
-4.664541949425671e-05
 2.5860737343619267e-05
 5.6263572659101535e-05
 7.13791176559786e-06
 1.6489086319862456e-05
 3.753562796368626e-05
 4.783480995571021e-06
 1.4134655549835617e-05
-3.7330078761582675e-05
-1.862261053565961e-05
 3.9849105794742545e-05
 2.347047275200187e-05
 9.430913127148055e-06
-1.8643087005151826e-05
 3.047233565361962e-05
 4.737408939220478e-06
-3.0353811446823253e-05
-4.6291229671563405e-06
 4.390475127902249e-08
 4.448118057423511e-05
 2.576347411357982e-05
 4.706694234996034e-06
 7.040648535544536e-06
 4.6964560002638045e-06
-2.571661754996457e-05
-1.8704516413600714e-05
 1.4037392319796171e-05
 4.67597953077159e-06
 3.0400668010424625e-05
 1.6361108385598566e-05
-1.7524657169865065e-08
-1.639615769991054e-05
-1.6401276817290533e-05
 1.867970533400709e-05
 2.335273305247021e-05
 2.3347613935090217e-05
 2.3342494817724102e-05
 2.5676449118272604e-05
-2.397551014041155e-06
 2.275476704408086e-06
-6.871583087264543e-08
-2.346456912735717e-05
 2.7989926949315014e-05
 2.3306660996133544e-05
 6.92802795337899e-06
 1.1601055671828231e-05
-2.438503952997828e-06
 9.251744019167507e-06
-4.787815605658552e-06
-4.792934723024667e-06
-1.199070045893036e-07
 3.730014856462294e-05
 4.431224970100067e-05
-3.054321878954991e-05
-7.157603727797612e-06
 2.7923378423486134e-05
 3.0257332724034636e-05
-2.5885548423199012e-05
-2.121252070476365e-05
 5.3632709551040825e-05
 1.1524268911267121e-05
 2.3214516883446334e-05
-1.8133641303819115e-07
-7.203675784134278e-06
 3.25554532029787e-05
-3.2943721615899535e-05
-1.8914400225805705e-05
 1.616658192549192e-05
 4.1891270405144954e-05
 3.0190784198219633e-05
 6.794930901735108e-06
 2.3163325709743554e-05
-1.4266968094200916e-05
 9.118646967523625e-06
-4.920912657302434e-06
-2.1299545700070865e-05
 3.0154950376615197e-05
 1.6115390751789138e-05
 1.1432124798579912e-05
 9.087932263299181e-06
-2.734805257115225e-07
-1.197396673265072e-05
-1.665723268583219e-05
-2.8883787782374437e-07
 2.0757703766000057e-05
 1.8413511230719326e-05
-2.643268647836705e-06
 6.707905906427891e-06
-9.670727136326662e-06
-1.4353993089508132e-05
-5.002818535243536e-06
-1.20251579063535e-05
 4.176841158824718e-05
 4.41023658887818e-05
 6.672072084837333e-06
-7.367487540002604e-06
 1.3679054103821198e-05
 1.60130084043697e-05
-4.7147092996621676e-05
 1.1324623333794359e-05
 3.938838523136201e-05
 8.975311681133635e-06
 1.3648339399596754e-05
-1.4425660732703127e-05
 1.8316248000666002e-05
-5.079605295804646e-06
-1.4441018084815349e-05
-5.089843530550753e-06
 1.9222576058131047e-06
 4.168138659293996e-05
 6.590166206896231e-06
 4.2459736716154994e-06
 4.240854554249385e-06
 8.913882272684748e-06
-1.2142897605885161e-05
-1.9165236976981248e-05
 5.8019066696710087e-05
 1.8249699474851e-05
 4.210139850011063e-06
 6.544094150559565e-06
-7.495465474280372e-06
 2.5246443259102636e-05
-3.323551130604563e-05
-5.171749408477977e-06
 4.628274666819421e-05
-1.687735473278329e-05
 3.2238067925988156e-05
 2.5215728554878192e-05
-4.028344626401392e-05
 2.75445637380467e-05
 4.148710441562176e-06
-3.795973019821153e-05
 2.752920638593448e-05
 4.3897601193942926e-05
 2.7518968151188372e-05
 1.581848194427693e-05
-2.8992245163922403e-06
-5.243417051672972e-06
-1.928297667651291e-05
-1.2270875540162929e-05
 1.3453812939503984e-05
 1.3448693822123992e-05
 4.6190602555520877e-05
 2.5133822676950968e-05
-2.9401774553627913e-06
-2.945296572728906e-06
-3.3358370122943404e-05
-1.9329048732863452e-05
 6.395639746803461e-06
 2.042496113689729e-05
 2.9776135691161887e-05
 5.55008241708288e-05
 4.036089859410508e-06
-1.4681616601258662e-05
 6.364925042579017e-06
-4.743888268675389e-05
 2.272820073320747e-05
 1.3366787944196767e-05
-6.727716806431694e-07
 4.376450414229904e-05
 6.334210338354573e-06
 1.802445831051991e-05
-2.6423055747154534e-05
-2.408910144660603e-05
-7.720706638611463e-06
 6.308614751496244e-06
 2.7355156395320046e-05
-1.2414210826552918e-05
 3.202306499640317e-05
 2.0322578789477852e-05
 8.622092582538654e-06
-2.1790980967675844e-05
-3.3491467174587286e-05
 2.498024915581487e-05
-3.09375097648501e-06
 6.257423577793464e-06
 6.2523044604134714e-06
 1.0925332178862712e-05
 1.0920213061496598e-05
-3.1193465633433393e-06
-5.463539098624071e-06
-5.692827341004236e-05
 2.4934177099478205e-05
 6.001515925077583e-05
-1.0162162403945518e-05
-5.4891346854824e-06
-2.654591456405231e-05
 2.0230434676790643e-05
-1.0182638873423855e-05
-3.8256639005723736e-05
 4.1266738085882215e-05
-1.0197996225536077e-05
 3.4239279597420014e-05
 2.4877866808395432e-05
-6.167296877170048e-05
 1.3172261484103998e-05
-7.88451839447979e-06
-1.2567784347675137e-05
 2.0174124385721748e-05
-3.2217289107627778e-06
 3.1859253240534846e-05
 2.9515060705254115e-05
-5.576159680789616e-06
 6.1140882914034744e-06
-9.08251079720368e-07
-2.6643177794105632e-05
 1.779409802883658e-05
 3.4162492836845026e-05
 3.7494192866305287e-06
 2.0117814094638975e-05
 2.4790841813088216e-05
 1.3949885166036902e-06
-3.1357158451525424e-05
-1.966691047934621e-05
 1.541407167196529e-05
 5.0495053823262914e-05
 2.008198027303454e-05
-2.9043680620469137e-05
 4.8140623053236076e-05
 2.0066622920922317e-05
-3.3737184808396714e-05
-2.9064157089947473e-05
-2.9069276207327466e-05
 3.40805869589178e-05
 1.0684733662419399e-05
-3.35482596240666e-06
 2.704800935306173e-05
 1.534752314613641e-05
-8.048330150348115e-06
-1.2731596103543463e-05
-8.058568385094222e-06
-1.046467248730365e-06
 5.2747102245870314e-05
 1.9994955277727322e-05
-8.079044854572559e-06
 1.296749678926512e-05
 3.606084000240539e-06
-3.616328322161855e-05
-1.5116741577780868e-05
 3.39986810809767e-05
-8.109759558797003e-06
 5.270103018953365e-05
-5.780924375628493e-06
-1.2803263746738458e-05
 5.736381967323678e-05
-6.661219059343748e-05
 8.233039662353114e-06
 5.888847127072383e-06
-2.9202373258971348e-05
 3.16084164893593e-05
-1.9856317822072866e-05
 3.627632509042855e-05
 3.524178122313315e-06
-3.8584262517474266e-05
 2.4565600648771002e-05
 2.222140811349027e-05
 1.7538142160281045e-05
-8.19678455410422e-06
-8.201903671470334e-06
 4.325259240520185e-05
 2.453488594454656e-05
-1.289540785941179e-05
-2.225682064843637e-05
-5.888425840414047e-06
 4.088792340044278e-05
-1.2915884328904004e-05
-8.242856610440885e-06
 2.683812554084286e-05
-5.914021427272376e-06
-8.258213962553107e-06
-4.802758118442607e-05
 1.7461355399719936e-05
 3.382975020774226e-05
 8.09482349332924e-06
 1.7445998047607714e-05
-2.4662442592152112e-05
 1.9774833230776223e-05
 1.0571267701209308e-06
-1.2982432854719006e-05
-1.0648478554184382e-05
-8.31452425363588e-06
 4.781811865886554e-05
 2.676133878028175e-05
-8.329881605748102e-06
 3.360366366444989e-06
-6.001046422579592e-06
-3.641411997279409e-05
 3.345009014332767e-06
 1.9713403822327336e-05
 1.7369211287046604e-05
 3.1398532677140434e-05
-3.6926877088894194e-06
-1.3587334083547953e-06
-1.3638525257347878e-06
-4.581136658340923e-05
-2.9442971775400784e-05
 1.9672450883356785e-05
 4.53971393630237e-05
 2.6679432902354527e-05
-1.075086090160382e-05
 2.1991047831793065e-05
-6.0829523005068165e-06
-1.3105291671630659e-05
-3.754117117338307e-06
-3.7592362347044217e-06
 5.4712480095697735e-05
-8.447621305279762e-06
 2.4294287428117123e-05
 4.300175565402631e-05
-2.951463941859578e-05
 1.960078324016179e-05
-4.122024474290109e-05
-1.315648284533344e-05
 5.4671527156727184e-05
 7.884939681124248e-06
 3.59487015786919e-05
 8.574811926481685e-07
 1.4886802582755876e-05
 2.657705055493509e-05
-2.9565830592312436e-05
-2.0214656038033962e-05
 1.0188179277448306e-05
 1.4861206995897547e-05
 1.4856087878531432e-05
 4.52589231940137e-05
-2.2579325042806908e-05
-1.3228150488528434e-05
 2.4191905080697684e-05
-6.469800391731284e-05
-1.5481407510814504e-06
 3.1193767982315435e-05
 1.0136988103731648e-05
 2.6505382911740094e-05
 5.448603033170185e-06
 2.4156071259093248e-05
-1.7952369380680455e-05
-2.497470875179042e-05
 1.4784420235336437e-05
 2.413559478961491e-05
 2.1791402254320302e-05
 7.346223757503934e-07
 1.2424870347943484e-05
 1.7097898066378847e-05
-1.331517548383565e-05
-3.67110287803063e-05
 2.176068755009586e-05
 4.5146302611848155e-05
-6.318431699570137e-06
 1.7067183362154403e-05
 2.8757431334347494e-05
 1.0039724873692202e-05
 7.695532338397593e-06
-1.5700320958073055e-05
-2.2722660329196898e-05
 3.574905600121914e-05
 4.9778377391326845e-05
 2.991789915723908e-06
 1.0003891052087766e-05
 1.2337845352636267e-05
-1.7017142722175471e-06
-4.045906807484401e-06
-1.1068246178594365e-05
 1.699551571895941e-05
 4.272020419862632e-05
 1.9324350902141796e-05
-1.732428976441991e-06
 2.3992259503224922e-05
 2.935479624655013e-06
-2.5138520507658746e-05
-6.431052281735683e-06
-1.5792465070746387e-05
 3.332295758801118e-05
 4.2674132142289656e-05
 2.3956425681634363e-05
 1.9273159728425138e-05
 2.894526685684462e-06
-8.805959521254736e-06
-3.220181281773926e-05
 4.732156427388057e-05
 4.7316445156500575e-05
 5.298576809115163e-07
 5.202885399374635e-06
 5.197766281994642e-06
 2.156616109000309e-05
-3.6915793475145176e-05
-1.3530178413420635e-05
-1.8399304412275441e-06
 1.452846436679478e-05
 5.194851993599314e-05
-3.460231564408889e-05
 2.3869400686327147e-05
 5.895038283761089e-05
-6.548791981267343e-06
-3.2283718695666486e-05
-2.293254414140189e-05
 3.787824560692876e-05
 2.149961256417421e-05
 2.7819061035189163e-06
-6.579506685491787e-06
 2.6162402047877342e-05
 1.9140062676781255e-05
-3.232467163463704e-05
 4.172370987459706e-07
 5.090264817209089e-06
 3.315402671477674e-05
 1.2097246836192954e-05
-1.9423127886469826e-06
 2.612144910892067e-05
-6.630697859208445e-06
 1.2076770366714618e-05
-1.833630318349988e-05
-2.5358642554609845e-05
 3.7791220611621545e-05
 2.700000225591692e-06
 7.373027944027055e-06
 2.8419569587864735e-05
-6.6716507981651185e-06
-2.305028384093355e-05
-1.3699109286655076e-05
 2.3720946282557165e-05
 1.66986069114472e-05
 2.838885488364029e-05
 3.0722809184174915e-05
 7.3269558876903895e-06
 2.1356277277798097e-05
-4.6481970959008634e-05
 2.943782818481955e-07
 3.537536043314582e-05
-1.3750300460371734e-05
 4.0043269034228945e-05
 9.630195484014448e-06
 1.6642296620364427e-05
 2.8332544592557518e-05
-1.3775896047216185e-05
-2.5476382254141505e-05
 2.5873796434261465e-06
 4.2346508630553004e-05
 2.1289728751969217e-05
 2.362368305251772e-05
-1.146753733353989e-05
 1.4257151146127023e-05
 2.8286472536220852e-05
-2.7856408611026673e-05
-4.470793549274377e-06
 1.6575748094549425e-05
 4.6978583410017816e-05
 1.1887363023987962e-05
-6.83034343666733e-06
 3.292878555044565e-05
 2.122829934352033e-05
-3.491458180371332e-05
-3.9597847756922544e-05
 7.178501483934285e-06
 1.419060262031202e-05
 4.927158477159577e-05
 1.885851122138127e-05
-2.19826865718864e-06
 1.6509199568720545e-05
 7.1477867797098416e-06
 2.117710816981755e-05
-4.666114006698918e-05
-6.902011079862325e-06
 6.79432191759144e-05
-9.251322732523048e-06
 9.456145493400014e-06
 4.9215274480512994e-05
-1.3944826920464504e-05
-2.7984386545290563e-05
-1.1615991737295994e-05
 1.8786843578186274e-05
 1.878172446082016e-05
-1.1631349089408216e-05
 3.2805926733547874e-05
 9.410073437063349e-06
-6.968559605691205e-06
-6.973678723057319e-06
-2.1013238347897256e-05
 6.552735899743867e-05
 2.3418918357678842e-05
-1.6350448864180245e-05
 5.381663455578112e-05
 2.340356100556662e-05
 1.4042148216542039e-05
-1.8709998751587076e-05
-2.1054191286867807e-05
 4.44347452972782e-05
 3.0395185672438263e-05
 1.4016552629697587e-05
-4.701153830971583e-06
 3.5057975156141397e-05
 1.867934211340072e-05
-2.342909852638686e-05
 9.312810207010025e-06
 4.629544253828555e-06
 3.7371452987197684e-05
 1.3975599690727036e-05
 1.1631407155446305e-05
-6.907905149289295e-08
-4.752345004674363e-06
 2.331141689289329e-05
-2.3475170582723526e-05
 2.249517896943387e-06
 1.6278839287037217e-05
 4.200352776669025e-05
 1.1590454216475754e-05
-7.127252244193416e-06
 3.7310023578748797e-05
-1.883285756848485e-05
-4.803536178391021e-06
 2.208564957972836e-06
 3.2611400273455105e-05
 7.704867609638344e-05
-1.4180306319527824e-05
-9.507278601064706e-06
 3.7269070639778246e-05
-7.1784434178961964e-06
-2.355707646065075e-05
-2.510534816826948e-06
 2.5553227080740704e-05
 6.835520620085411e-06
 4.49132808480468e-06
 3.9572310236102304e-05
 6.820163267973189e-06
-1.6575690028511336e-05
-1.658080914587745e-05
-1.1907781427442088e-05
 9.138760216395592e-06
 3.252437527814789e-05
 3.2519256160767895e-05
-2.5719642252758357e-06
 2.3152724254391077e-05
 1.846945830118185e-05
-4.7029716517696385e-05
-9.609660948484144e-06
 1.1436880695339657e-05
 6.753614742144309e-06
 3.715645005762658e-05
 4.404303089497463e-06
 4.399183972131349e-06
 2.0549914368506172e-06
-4.967347934259347e-06
-2.13459809770139e-05
-1.1994806422735427e-05
 4.1798763071851375e-05
 6.707542685807644e-06
 2.7754084329645323e-05
 1.3714524704805386e-05
 2.0140384978800663e-06
 1.6043359887960018e-05
-3.5421374423444396e-05
-1.2035759361705978e-05
 1.3688929117947057e-05
 3.473547076177086e-05
 1.9833237936556225e-06
 4.317278094190247e-06
 3.939826024548787e-05
 1.9679664415434006e-06
-1.441066660122503e-05
-1.4415785718591145e-05
 2.5343343268535712e-05
 2.533822415115572e-05
 1.129866452632966e-05
 1.937251737318957e-06
 6.61027945575432e-06
 1.1283307174217438e-05
-4.485957397301621e-05
 6.594922103642098e-06
 2.2963316911664422e-05
 1.594097754054058e-05
 2.5292152094819054e-05
-7.459994873296183e-06
 3.2299134113816796e-05
 1.825957448897686e-05
-9.814425643323021e-06
-1.6836765014432986e-05
 1.8707032114900768e-06
 4.396890561653155e-05
 4.396378649915156e-05
 2.290700662058165e-05
-5.166993511718232e-06
 8.86232787836172e-06
 8.857208760995605e-06
-1.9216791371304276e-05
-1.2204690234954296e-05
 4.3927952677561e-05
 3.924468672436565e-05
-2.8637539154219294e-06
-5.297996148734274e-07
 8.821374939405047e-06
 1.8172549493669643e-05
-2.393589114610406e-05
-2.8893495022802584e-06
 1.5818118723642804e-05
 1.581299960627669e-05
 6.02502754292189e-05
 6.446467699885994e-06
-5.758716712100931e-07
 1.758082629324531e-06
-2.631591750297535e-05
-2.9303024412369316e-06
 1.5777165784672254e-05
 4.1501854264339166e-05
 8.749707296210052e-06
 8.74458817883006e-06
 3.914742349431233e-05
-2.1673604488750553e-05
-4.506945778523508e-05
 1.808040538099631e-05
 1.3397139427814841e-05
-6.424201970389731e-07
 5.081207587964709e-05
-5.330805267600436e-06
 1.8054809794137983e-05
 3.6762278020061046e-05
-4.978855756003486e-05
-3.0122083191780336e-06
 3.999892817199702e-06
 3.994773699819709e-06
 2.2702241925742772e-05
 6.323608882988219e-06
 1.6403429297928707e-06
 2.9704104827360522e-05
 2.5020838874165174e-05
-5.68518498701015e-05
-1.943179430088926e-05
 4.8396215701171363e-05
 1.7983142150942988e-05
 3.943582526116929e-06
 1.3294757080395403e-05
-7.448025444584117e-07
 6.267298591905446e-06
 1.3279399728283181e-05
-1.0116453568215222e-05
-1.479971952141057e-05
 2.0281262629887054e-05
 2.9632437184165528e-05
 8.575657305595619e-06
 1.7926831859860215e-05
-1.2486241690354283e-05
-7.95993718161192e-07
 6.216107418188788e-06
 3.871914882921934e-06
 1.5562162855101147e-05
-1.0172763859297995e-05
 4.829895247111804e-05
 2.022495233881816e-05
-1.720534146514019e-05
-1.0193240328776332e-05
-8.420657744978577e-07
 2.48826227051413e-05
 1.084306308031524e-05
 2.0194237634593715e-05
 1.0832824845569133e-05
 2.9540293071492196e-05
 6.144439774993793e-06
-3.3624927446865294e-05
 1.456054704446208e-06
 3.18588900199146e-05
 3.1853770902548484e-05
 2.9509578367267753e-05
 1.3130945324513199e-05
 3.7695325355024956e-06
 4.1189588104714736e-05
-1.261421962463205e-05
-3.367099950320196e-05
 1.7783496573484103e-05
 4.8186331888952494e-05
 4.116399251785641e-05
-1.0300741793561885e-05
-5.627714075112644e-06
 1.7757900986625774e-05
 1.775278186925966e-05
-1.733843851678407e-05
-1.5004484216249447e-05
 3.6450011860436615e-05
 2.4749525653497417e-05
 2.0066259700315947e-05
-9.905201782678397e-07
-2.204730005683775e-05
 2.472904918401908e-05
-5.684024366195417e-06
-3.6097097916409915e-05
 1.7696471578176887e-05
 1.5352279042882278e-05
 2.9381600432989985e-05
 2.7037407897709254e-05
-1.273195932416371e-05
-3.3807847698852367e-06
-5.72497730515209e-06
-5.730096422532083e-06
 1.531644522129172e-05
 2.4667619775570193e-05
 1.2967133568644873e-05
 2.933552837665332e-05
 1.9974115587642616e-05
-1.2778031380500376e-05
-8.105003662037258e-06
-8.11012277941725e-06
 8.258272028591196e-06
 1.2931299747054315e-05
-1.0464553549444089e-05
 3.5647678406636185e-06
 5.2680190499435064e-05
 8.232676441732867e-06
-2.9197617362211603e-05
 1.290058504282987e-05
 1.7573612761265234e-05
 1.9907567061813736e-05
 1.0546154272803032e-05
 1.7558255409153012e-05
-8.176671305232253e-06
 1.1745032490462215e-06
-3.5087627041630043e-06
-1.7548322328989063e-05
 3.390617374768312e-05
-3.524120056275226e-06
 1.7522421587562453e-05
 1.751730247019634e-05
 1.1386694274417852e-06
 3.1541504742924054e-05
-5.888789061034294e-06
-1.2157613425850533e-06
-1.0577174131595757e-05
 2.450380801968799e-05
 2.9176835738151108e-05
 1.1028356058512268e-06
 1.9810303831760412e-05
-1.7619989972184058e-05
 1.278284534329821e-05
-2.6986521878574754e-05
-4.102608150341469e-05
 4.785358925984973e-05
 1.744051570962135e-05
 3.38089105176298e-05
 4.316008507192215e-05
 1.0516444321345686e-06
 1.274189240432766e-05
-2.0010254563801455e-05
-2.469352051701068e-05
 3.845634264923459e-05
 1.73995627706508e-05
-1.3013510779563697e-05
 3.610191187920775e-05
 2.2062352254367812e-05
-1.5367941549590536e-05
-8.3558404132128e-06
-1.5378179784336643e-05
 5.6683618595010365e-06
 4.776656426454251e-05
 2.904885780387334e-05
-6.042362582156513e-06
 1.9682325897496522e-05
 4.7746087795050296e-05
-2.0092160441742557e-05
-3.179264664866788e-05
 2.2000922845918924e-05
 3.283216385263632e-06
 5.239863904403508e-05
 3.602000600126665e-05
-6.088434638493179e-06
 4.068791460236365e-05
-6.098672873239286e-06
-3.88508198413684e-05
-2.7160571869189187e-05
 1.7276703953753025e-05
 3.130602534386073e-05
 1.9605539136921535e-05
 1.4922273183726187e-05
-1.549080036648831e-05
 7.894814695250107e-06
-1.3161965183319801e-05
-4.35750387335343e-05
 2.6592044686427063e-05
 7.874338225771771e-06
-2.019966190652811e-05
 4.0611127841788663e-05
 1.4876201127389521e-05
 1.7210155427938023e-05
-2.0220138376020325e-05
-5.531135876205018e-05
 3.122923858329962e-05
 1.4850605540531192e-05
 5.489192751520489e-06
 1.9518514141614318e-05
 1.483524818841897e-05
 7.812908817322883e-06
-1.0904797643346287e-05
-2.2605283850271607e-05
-1.793225613180849e-05
 3.820038678067905e-05
-6.24712727699539e-06
-8.591319812276121e-06
 4.052410284648145e-05
 1.0111029296266949e-05
-3.928530328572988e-06
-2.7324383625057513e-05
-1.3295062234963684e-05
 2.4124993334248557e-05
 4.7510608395986975e-05
-3.954125915431317e-06
-3.9592450327974316e-06
 4.28171042080594e-05
-1.8003923775003483e-05
 3.0426178688341965e-06
 5.376572169354943e-06
-2.035835454503032e-05
 1.9400774442082658e-05
 7.700288235157338e-06
 1.2373315953620456e-05
 1.4707270254141203e-05
 6.677106293151436e-07
 3.0016649298636455e-06
-2.507233520246399e-05
-6.3648669765270505e-06
 1.2342601249396012e-05
-1.6969583754578021e-06
 5.4435684537043616e-05
 6.318768077245851e-07
-2.04249030708592e-05
 9.977932244623067e-06
-3.914772864888061e-05
 2.8680281353166137e-05
 2.399701539997079e-05
 7.6183823572301135e-06
 3.100399741896853e-05
 2.86598048836878e-05
 9.94209842301863e-06
-4.386170930631428e-05
-1.7635069012728044e-06
 5.248594235077175e-06
 4.500772322220403e-05
 2.629001676154874e-05
-2.0496570714054196e-05
 4.265329245219107e-05
 2.39355859915219e-05
 5.2178795308527315e-06
-4.85859281984663e-05
-2.2861239718813264e-05
 3.794955002950351e-05
 1.68927701509336e-05
 7.531357361922897e-06
 5.090179908129322e-07
 4.026814697793979e-05
 4.987797560807028e-07
-2.9914293794147673e-05
-2.05631192398692e-05
 2.8224958218692198e-06
 4.959884506272605e-05
 2.8122575871369904e-06
 1.2163432141401587e-05
 2.8531826949410033e-05
-1.1237540272449054e-05
 4.5270769973015934e-07
-8.908705089280544e-06
-2.7626411549935836e-05
 9.793644019262526e-06
 4.0196479334744795e-05
 1.9139699456174886e-05
-1.127337409405349e-05
 1.4451314385599545e-05
 1.444619526823343e-05
-3.935761246109948e-05
 2.7405899439419956e-06
 9.752691080305853e-06
 2.7303517091958884e-06
 1.9098746517204335e-05
-1.5992473868839396e-05
 2.1427581700372844e-05
-1.8341785521486242e-05
-1.8346904638866235e-05
 2.1412224348260622e-05
-1.3678996037783109e-05
 2.8419206367244487e-05
 5.023353070759962e-06
-1.6033426807809947e-05
 3.308199585094762e-05
 1.9042436226121562e-05
-4.177859175694132e-05
-1.83929766952029e-05
 5.6452253560587695e-05
 1.668288633872861e-05
 3.0425329597405515e-07
 2.602894177562709e-05
 2.9401506124182575e-07
 2.8889594386183326e-07
-6.733443427234254e-06
-3.714651697744875e-05
 2.1325199352953406e-05
 5.1728034668435674e-05
-6.753919896726468e-06
 9.614474911281978e-06
 1.8965649465560452e-05
 7.2651632586212544e-06
-2.096249530389449e-06
-3.71874699164193e-05
 9.58887932442365e-06
 3.76526412219913e-05
 1.4256787925506775e-05
 1.65907422260414e-05
-9.144184488343865e-06
 4.885136901749965e-06
 1.8914458291843794e-05
-2.7872129183745264e-05
-6.825587539907585e-06
 4.696798195466534e-05
 1.8893981822365458e-05
-1.3858165145763657e-05
 4.46135511846385e-05
-6.851183126765914e-06
-2.7907963005335823e-05
 2.58856064892371e-05
-2.0900980986351958e-05
 3.75707353440502e-05
 1.4174882047565673e-05
-6.881897830990358e-06
 4.223352482776721e-05
-6.892136065736465e-06
 9.476258742271981e-06
-1.8597741390041778e-05
-6.907493417848687e-06
 6.559866342002729e-05
 1.4133929108595122e-05
-2.095729127743473e-05
 4.4531645306711276e-05
 4.920467302516052e-05
 7.901213165684151e-08
-1.3960547493183095e-05
-4.609372938918499e-06
 5.3862343391497536e-05
 2.812741667711227e-05
-3.737175814177984e-05
 3.747347211401075e-05
 4.682464666827535e-05
 7.055279446416263e-06
 2.5762747672339326e-05
-1.4006619549533639e-05
 1.639621576594863e-05
 5.381627133516087e-05
 9.36875727747255e-06
 1.4041784995921791e-05
 1.6375739296470293e-05
 4.443950119402407e-05
 1.402642764380957e-05
-1.3131981016489824e-08
 4.2085070424011106e-05
 9.332923455881992e-06
 6.0787419532568054e-05
 3.739156623606965e-05
 2.569108002914433e-05
 7.012835585210042e-05
-2.3880392205355427e-06
 1.3980355587472904e-05
 9.297089634291433e-06
 6.542973254677897e-05
 6.776368684732748e-05
-1.8787148732768433e-05
 4.904086126929219e-05
 6.932420629518488e-06
-1.8802506084880655e-05
 4.583108976857764e-06
-4.77830381215294e-06
 2.7963604921230067e-05
 2.228678206844803e-06
 4.562632507379427e-06
 9.235660225828668e-06
 3.0282201869666348e-05
 4.197244984185944e-05
 1.1559376291631063e-05
 5.131850527875792e-05
 8.172134059422631e-05
 9.575066198432014e-05
 7.703295552366485e-05
 5.363710222718032e-05
 6.532735019935954e-05
 1.3862615887941243e-05
 2.162129681015923e-06
-7.1992831079947806e-06
-4.865328807460156e-06
 5.126731410504126e-05
 4.190590131603056e-05
 4.8918002452394416e-05
 6.996454409621822e-05
 5.3585911053463664e-05
 3.486820459280837e-05
 3.7202158893342996e-05
 6.760499420882526e-05
 6.526080167354453e-05
 4.186494837706001e-05
 4.4346545731016596e-06
-2.5876847979944273e-06
-2.832261151239357e-05
-8.914363949545645e-05
-6.809709785161877e-05
-5.17287030436242e-05
-4.4716601907260345e-05
-4.9399867860441815e-05
-5.8761280649466396e-05
-3.303659216981336e-05
-7.514503280960094e-05
-0.0001102362531956308
-0.0001406493267458453
-0.00015702795978859985
-0.00010557346371191378
-8.686599548599072e-05
 2.0726262620548996e-05
 0.00014469203465247715
 0.00018912931047541937
 0.0001938023381938686
 0.00010725150261378658
 4.409140121280908e-05
-4.479850778520145e-05
-0.00013602749020109883
-0.00017813593084087254
-0.00023193973857021932
-0.00017814616907561864
-0.00010096186540191343
-4.716829590732663e-05
 6.978025587087155e-05
 0.0002428665696789234
 0.00036917141512876617
 0.0003434364884143809
 0.00025220750599845576
 0.00010484076155267696
-7.293393732595022e-05
-0.00017351921341351995
-0.0002857998565906211
-0.000313873856722921
-0.00026943658089999267
-0.00027411984685317414
-0.00022968257103023193
-0.0002039578825505789
-0.00013379079913061753
-6.362371571064229e-05
-7.766327533548223e-05
-6.36339539453884e-05
-6.597814648066913e-05
-5.19488250905753e-05
 1.1201038075669967e-05
 0.00014920125061507195
 0.0002591325821395124
 0.0003059089313803831
 0.000399466748979449
 0.0004134960703695567
 0.00040413465758053213
 0.00034331362959746925
 0.0001047230218531453
-6.60344567717519e-05
-0.000171297879695137
-0.00028357852287223817
-0.00020405514578061834
 8.79541613192647e-06
 0.00023568041855195898
 0.00036432433741971637
 0.0004111006866605593
 0.0004906240637521792
 0.0005257050459034768
 0.0005397343672935706
 0.0004555226051313893
 0.0002637134657453022
 6.722617952337195e-05
-0.00015499091429556355
-0.00034680005368167843
-0.00041931644875428664
-0.00032341955773729225
-0.00021114915279493718
-0.00010589596810628432
 4.035363418170013e-06
 0.00010694947468889437
 0.0003010874492581639
 0.00047183468964832886
 0.000577087874336954
 0.0007150880868763559
 0.0007852551702963312
 0.0006893480410445768
 0.0005209296358376081
 0.0003525112306306255
 0.0003080637165729233
 0.0003829089468287278
 0.0004413806631591438
 0.0004390364706238492
 0.0004086233970736347
 0.00036417588301596027
 0.00023318265249554215
 0.0002284993865423468
 0.00031737905730559735
 0.0003150348647703305
 0.0003898800950261211
 0.0005115067936401346
 0.0006120818314929444
 0.0006986224288382942
 0.0007828239527657294
 0.0009021115779618422
 0.0008927501651728315
 0.0005746310612195077
 0.00011850662560944358
-0.00023937672644835928
-0.00043820308608820413
-0.0005364492887578454
-0.0005645232888901452
-0.00042652307635075715
-0.0003469996992591373
-0.00029554520318245125
 5.531069038686165e-05
 0.000455287125732326
 0.0007359708167643114
 0.000803798826766372
 0.0006307022747235602
 0.0004061461074866962
 1.4812870706842896e-06
-0.0004242351941065453
-0.0006394350676717647
-0.0006113713057741971
-0.0003119750273989086
 0.00010905306870774567
 0.0004996732103815654
 0.0006049263950702044
 0.0005721742481020614
 0.0005721691289846953
 0.0005721640098673292
 0.0007405721768395657
 0.0008271127741849155
 0.0007288665715152742
 0.00045285078908435805
 5.286411550416148e-05
-0.00018338741882224785
-0.0003798747050441781
-0.0005763619912660806
-0.000831326112935793
-0.001055882280172657
-0.0011120251613198906
-0.0011213865741089152
-0.0009155532324500865
-0.0007424669186420207
-0.0006652826149683155
-0.0005927764581304396
-0.0006091550911731802
-0.00041033896976809536
-0.00010158639772117617
 0.0002586257895197952
 0.0005393094805517806
 0.0006936832070165572
 0.000740459556257414
 0.0004012887915429003
 7.615246733586045e-05
-0.00014372555306517432
-0.0003565863532124791
-0.00031682722422535226
-0.0001624534977605896
-0.0001063208548480743
-3.381469801019832e-05
 0.00027025972720089164
 0.0005392480511433317
 0.0005275475649364064
 0.00027492251668460865
-0.00012272508347768718
-0.00033090773678916274
-0.0001858903039960308
 0.00010181060728968461
 0.00045968372111275524
 0.0007216548248014376
 0.0008081954221467874
 0.0008081903030294213
 0.000394169188941737
-0.0002022996517430098
-0.0005601830038007988
-0.000829181565977985
-0.0009110542547222378
-0.0008081401434515134
-0.0008362141435838272
-0.0012572524779252275
-0.0017110378401174048
-0.0015566641136526144
-0.0008806770149936138
 7.599889381472436e-05
 0.0011238986659216216
 0.001958942756998594
 0.002335528458164926
 0.002300437237778896
 0.0020267605287659085
 0.0013414068982005173
 0.0003332611359633808
-0.0004760633857513047
-0.0006210910567791827
-0.0004737345505681362
-0.0006795781304616971
-0.001070208510370263
-0.00134856336621908
-0.0012854135030528346
-0.0009368966829014364
-0.0005720063488246357
-0.00020243786791203366
 0.00020923393452298988
 0.0008782038129282604
 0.0014653061217066166
 0.001514421544365388
 0.0009202917770985558
-0.000256267271228211
-0.0011591547296593424
-0.0014047625576573963
-0.0013088656666404158
-0.0009135673781307668
-0.0002141895452926479
 0.0003986425710827274
 0.0006769871886968121
 0.0009506536594750675
 0.0010769585049248964
 0.0008757930718671508
 0.0005810647020929594
 0.0005295999677815411
 0.0006325140790522654
 0.0006137963725916101
 0.0010020774408475014
 0.0015026340331631555
 0.0014114050507472442
 0.0009272117341222325
 0.00042664490357184615
 0.000407927197111177
 0.0010324546805761253
 0.0017224762197425997
 0.0015376843006102286
 0.0002441715813879114
-0.0014937650872375585
-0.002951012945713677
-0.003577889740831272
-0.003269137168784353
-0.0027568852093791535
-0.0024668452246755235
-0.0017534329513299307
-0.000186258880446738
 0.0017037073221082277
 0.003146910501842126
 0.003815880380247383
 0.003867334876324069
 0.0034205667343856216
 0.0027328740304023436
 0.002643984121404347
 0.002941041326361693
 0.0022089062274380927
 0.00046395233855889284
-0.0011079101173948752
-0.0024411870847216854
-0.0035849991051976754
-0.0038727102547181508
-0.003397883469999516
-0.002572195672594202
-0.0013348309536364983
 0.00041479084384378473
 0.001857994023577697
 0.002295395633609726
 0.002201827577775914
 0.0020521217599122205
 0.0022088345597948977
 0.002108249283707342
 0.0012427869999628027
 0.0003632902757107759
-0.00014429377509335428
-0.00026593071194211393
-0.0002097980690296125
-0.0008436920844009377
-0.0021582564643844726
-0.0026868921759497927
-0.001688112945619033
 0.000452134112652422
 0.002512852674714919
 0.0032870808569261944
 0.003013404147913193
 0.0026601989426912193
 0.002945560780559034
 0.003401674977934352
 0.0030461306992944776
 0.0009573330179823147
-0.002120892719106343
-0.00383309958013478
-0.003788662304311838
-0.0026331651549810348
-0.0017957819904861477
-0.0022472282792604104
-0.0026612493933480807
-0.002371209408644437
-0.000811052558014988
 0.001981795983853743
 0.004171163583901363
 0.004798030140784212
 0.0037922234519649906
 0.0015981674668468088
-0.0005865322245997284
-0.0019946595412996954
-0.0026636396579396843
-0.002923281926445226
-0.0028227068885924023
-0.0025256496836350423
-0.002256661359692616
-0.001861363071182967
-0.0015151853244494695
-0.0012555532941786879
-0.0006193304436241803
 0.0004917243107663144
 0.0014367048524851073
 0.0016004348726215284
 0.0015746999459071293
 0.0017524644065510242
 0.0017407639203440989
 0.0011162261986444044
 0.0005384699453029468
 0.0010928252262305538
 0.001553617570441701
 0.0013454349171302254
 0.0012261370536993804
 0.0007629953978355725
 5.130491314939145e-06
-0.0003831608151756982
-0.0011199740609351416
-0.0033748459549190063
-0.005463643636231169
-0.005082379788229008
-0.0026216796717036805
 0.0005781676448816248
 0.0037967275488101915
 0.006584897943843093
 0.007831618956472441
 0.007520517072772875
 0.006299515629505814
 0.003967454312730864
 0.00211256397320983
 0.0014201931223907227
-4.6411029757054134e-05
-0.002544546559203692
-0.0048602343620532396
-0.006076557658484499
-0.005842655435810737
-0.005002933197897949
-0.004846220398015272
-0.004635708909520614
-0.0032790514462494313
-0.0011247699474705025
 0.0017709978247863328
 0.004053928361550399
 0.004037549728507631
 0.002461009125718047
 0.0009429453583762459
 0.0002809824619899731
 0.0008119470087384756
 0.0017452321833676954
 0.0016048826591756604
 0.0014692112818194408
 0.0025498580817770733
 0.003450396228555558
 0.003052748628393276
 0.0013101338129319767
-0.0011552546886638981
-0.0017330109420053696
 0.0001686506276391414
 0.0011791252250594603
 0.00013355428813574544
-0.002235932203325783
-0.00444168355553351
-0.004783193393665924
-0.00416568313045472
-0.0033095873786165575
-0.0025564108571664718
-0.0024511576724778467
-0.002119014366251809
-0.001141286796682267
-0.000647747424620343
-0.001176383136185663
-0.0019365871161242248
-0.0021260571820923974
-0.0016044489290155534
-0.000795134645535614
 0.0006504076076161991
 0.0019602836025291587
 0.0020865884479790014
 0.0022830654959661856
 0.0028257254098042334
 0.0029964726501943845
 0.0018082182347780723
-0.00029695296045946507
-0.0005846641099799404
 0.001709961793873685
 0.0038712605129063576
 0.004079432927983087
 0.0033285852417161976
 0.001132190183180115
-0.0018314209564308792
-0.003782213306086274
-0.004813749802502543
-0.004469911129186946
-0.003597441863423395
-0.0026688348356299907
-0.0008560580558660963
 0.0006853862074200912
-0.00013797275480206816
-0.002788148056412948
-0.004486320476933911
-0.0052161165024396244
-0.005450028963348119
-0.0027811513126286963
 0.0010853319280613172
 0.0008420631734811779
-0.0015882392268460332
-0.0013215899763215355
 0.0012771154718605598
 0.004675784028968316
 0.007908378373404357
 0.00992231546710863
 0.008895457117528191
 0.0047903781499764875
 0.0011577920128428565
-0.00032752472664819565
-0.0006386266103477617
-0.001323980240913139
-0.0023180915626428295
-0.0027999458058499266
-0.0025309574819074865
 0.0005917004118867197
 0.005021900346293365
 0.005508422498101545
 0.002397449733162138
 1.3928801193149876e-05
 0.0010782020872254217
 0.004883869419049738
 0.0069492661279480505
 0.005826505768233264
 0.004448786405966118
 0.004144701742520282
 0.004909573631059899
 0.005297854699315818
 0.0027786675091079766
-0.0029544065573100103
-0.008425504400921907
-0.009845327084711433
-0.007539005813768276
-0.0032538284312721294
 0.0016137782322839245
 0.0035037444348388763
 0.0003904325964815686
-0.0043976558091002454
-0.007089934432233533
-0.005836196199350441
-0.0002341204825702381
 0.007227518601449448
 0.0109162322623782
 0.0071573361606773744
 0.0002664207523932899
-0.00412870331897941
-0.0045731323874999286
-0.0026457410102583845
-0.0018878863419724973
-0.002273838575045234
-0.0017428740282967453
-0.001646977137279737
-0.002776754717248281
-0.0028796790667537514
-0.0010832758009152316
 0.0010242242295054743
 0.003152775920687398
 0.005716395267600816
 0.005894159728244697
 0.003693086522872799
 0.002245194958068325
 0.0010662968363236575
-0.00017107812086879226
-0.002854000450330421
-0.006290104420359502
-0.007621042314268411
-0.007768409058714176
-0.004928779048487236
 0.0015761790076067317
 0.007414501139595964
 0.0076858285369563045
 0.00107092379198577
-0.007078413115134588
-0.01020809846741727
-0.00648195963180194
-0.0007559130238724426
 0.0014170810622497892
-0.000985152457062488
-0.0055463507411069035
-0.007333407951508511
-0.002585094032265936
 0.0050519755580970965
 0.008045984413906193
 0.006534937866818122
 0.00453736404880449
 0.00430579066131391
 0.006106872073988245
 0.008134843608199965
 0.009241220215754645
 0.006462395876158655
 0.0006310807261883933
-0.0035254578565573624
-0.006184989451839887
-0.006732337750748496
-0.004150005816491789
-0.0018740924999814668
-0.002302148054576597
-0.00457339346248585
-0.006213089047559045
-0.0047371388399743836
 0.0011315912464477107
 0.0072155160873176305
 0.006207370325080494
-0.0012145147490694452
-0.009483144400503268
-0.012346175383144073
-0.007034144770184866
-1.926870898626143e-05
 0.0037840595494201545
 0.004338414830347775
 0.0012695453869307621
-0.004131380254143807
-0.006255264036724648
-0.0028963597277213843
-0.00018303968206163923
 0.0006473262621794901
-0.0012075640773415303
-0.006168743915848776
-0.004248369758860976
 0.005402642044323697
 0.014227960930985675
 0.019336492156586588
 0.018326007320931537
 0.010361457213826183
 0.000642602043287338
-0.005544252266205432
-0.009052867512189741
-0.012234012479666503
-0.013136899938097635
-0.01114167543173665
-0.00819444804428579
-0.004681164889700384
-0.002821606641578253
-0.0023678315176208498
 0.000565361429322564
 0.004901998427012735
 0.01034033900453915
 0.015596231855468476
 0.016202046751590135
 0.01447346637663631
 0.011741423505398543
 0.00724571927705564
 0.0020506320967572655
-0.007085793792721645
-0.01833206390515657
-0.02294004365755921
-0.01804436811298822
-0.008695096780714118
-0.0004334945877687568
 0.0021277856857267463
-0.002480194066675892
-0.0062882107101528695
-0.004374853773418785
 0.0007500509661075017
 0.0086701484400378
 0.015023066723967526
 0.013378692992058516
 0.007035120763565689
 0.0013207592844910049
-0.004632187683210637
-0.008601600392523473
-0.008087009359700373
-0.005726889400145235
-0.004038083511530635
-0.005581877086469483
-0.009041371790677669
-0.00944603661109368
-0.00387436884874634
 0.006412870924110206
 0.013766912630905973
 0.012754088721833007
 0.006714596037668649
 0.0003850582496832955
-0.003006603325405477
-0.0006394661455965955
 0.0038702622850190216
 0.0014118910036768628
-0.005841580784383446
-0.007731557225173158
-0.00669535282015582
-0.006449755230392498
-0.003242890693553477
 0.0006306097673902666
 0.0010609941571685794
 0.0003709623797673728
 0.0022492332152327793
 0.00250652617208566
-0.000899169843510586
 0.0028784286072988108
 0.01340893201561813
 0.015408834668814916
 0.006279425999589722
-0.006707114735771194
-0.017246984675996904
-0.017686735597681594
-0.008267292062870149
-0.00016942500917858927
-0.0009951230448186493
-0.005116575526295741
-0.004272175141547124
 0.0011427747018001727
 0.006758884859087835
 0.011359837153001998
 0.013860301517631818
 0.009631251658930792
 0.003187099273467789
 0.0003802060528568657
-0.005757527714859781
-0.015745376328458405
-0.021338105989801695
-0.020865618278501002
-0.015053025954108776
-0.0015097959835196906
 0.013965508630264106
 0.02178736502064213
 0.02171484862556952
 0.016741973419972703
 0.012681336847361321
 0.010012448958407152
 0.00457877628948182
-0.001596382652921391
-0.008052230405473967
-0.012028660335040547
-0.008943427615932906
-0.0011426228863160859
 0.005271111306479337
 0.003834915108764436
-0.005673423454162385
-0.014959550042387637
-0.017518501480699958
-0.012243896042427357
-0.001528605834093047
 0.008251055007076749
 0.012119877321184663
 0.009303627806902096
 0.005013762039335401
 0.006398488383621503
 0.01231399993840182
 0.01573372015627078
 0.012851976586286687
 0.007687297360421161
 0.003834838322003861
-0.002431544483697881
-0.008391508671653253
-0.0071845519071283975
-0.007558808773111575
-0.01558183571566471
-0.021282162754231934
-0.022589709913961725
-0.022091492395063972
-0.013551540465387188
 0.005249926548666503
 0.024792879836198073
 0.0346637645406664
 0.03215861179096602
 0.018617710655560116
-0.0008106382727285505
-0.016910485727329408
-0.022379244497523404
-0.019160684593594837
-0.016412278446666415
-0.01621346232526133
-0.01428139280118397
-0.006906299433627
 0.006150403266036525
 0.018388430269431086
 0.024596326001450328
 0.02109472797571972
 0.008791196678388902
-0.0038304486037778612
-0.012187963045092315
-0.013797250675732661
-0.010821954407266854
-0.006667765136173759
 6.408304145760768e-05
 0.004017111998610337
 0.003151649714865784
 0.0031610008894200625
 0.005970222945214168
 0.006580715988171643
 0.00034240206348482016
-0.006083037734634894
-0.007930910853902198
-0.007879456357825512
-0.005643307289419697
 0.0003844797894203694
 0.006278939683439483
 0.006774818128919308
 0.006145602260383798
 0.01022728025552165
 0.01468788814436113
 0.012718383207362446
 0.008292851181556898
 0.00765427901934973
 0.005221637545604604
-0.0018143004145899505
-0.006157964870768626
-0.0068339622076623585
-0.00823741137752651
-0.0122746572159588
-0.014433627099808291
-0.010709827337610861
-0.006041041914577286
-0.0023312765928873297
 0.0001317625970559122
 0.004365480364357993
 0.006678818855554908
-0.0012108809021773026
-0.006401289935639848
-0.005184976877443334
-0.006539305505531362
-0.005776772690409646
 0.0038648828191033824
 0.01923726820249909
 0.02895845220822109
 0.03064725809683569
 0.024787874065850493
 0.007619070059264169
-0.01086195413477041
-0.018297873649427823
-0.015912023882275653
-0.01456706178609403
-0.019432339614466915
-0.02129424717424168
-0.014660640080162587
 1.9379571531363826e-05
 0.015319253678971842
 0.01585255729913823
 0.003581773029658175
-0.009248049786702697
-0.015130824551866998
-0.010263217888310944
-0.003599202839799004
-0.0012765080549304586
-0.00016779237395786462
-0.0002847511639708089
 0.0009455963347331647
 0.008135902902275144
 0.018367004913101823
 0.019819564386507352
 0.01160941157052131
 0.002685841362072325
-0.004382843625973007
-0.0067897552921211135
-0.003538448360341756
 0.0033267270021105355
 0.006173374232591219
-0.0010333160871108665
-0.010476160594336176
-0.012113517105991456
-0.006045965779046911
-0.0013210425939834541
 0.0008051700237805548
-0.001990027829740823
-0.017743692418490817
-0.029254277827149705
-0.01770159933520317
 0.0049453043778967115
 0.025084721386995662
 0.03532284061807606
 0.028151236399642635
 0.009048018676443656
-0.0072483109452617794
-0.008375749451812395
 0.0033289688122984107
 0.014303896170020855
 0.012986992716619433
-0.000736356145383546
-0.011439961224863057
-0.009814310318532068
-0.00023347071788475116
 0.008900605859941527
 0.009546185004167679
-3.934298155022775e-05
-0.014504178117031086
-0.022384521581091638
-0.017687667277043115
-0.00877580267391842
-0.007650713479020452
-0.012815392704885978
-0.010880984107390704
-0.0019550850637585354
 0.003887915215066512
 0.011225583407936904
 0.018815871529941727
 0.012935435838195328
 0.004680840627268978
 0.007712274657764653
 0.009962458166677943
 0.009513350951321609
 0.01126063367538399
 0.00804674168005648
 0.00041433999829453005
-0.009900978893811696
-0.015881994742528258
-0.007213393774866336
-0.0035176628936838678
-0.015842245851775877
-0.025254682404568338
-0.025544732627506714
-0.01752171592318831
-0.0009540640232399145
 0.010558850220602142
 0.007237360848050725
 0.0015136430753043967
 0.0034971722145757944
 0.009008024068057466
 0.01446507723292717
 0.00899631846273316
-0.004729369472687733
-0.006217025285596686
-0.0003015137308163829
 0.006109881388561139
 0.010991522492624639
-6.294359954153728e-05
-0.01778610800617285
-0.023208085308008636
-0.019680767712915756
-0.01637332301910653
-0.010684701585863626
-0.00044892142820113223
 0.005999898865862968
 0.008020853179820958
 0.013424107656078696
 0.020469391671710177
 0.01881098349929368
 0.012193739680905244
 0.007314427412024899
 0.0019018064038607563
 0.003691192449445546
 0.00947805496624074
 0.004736748029017149
-0.008689538508911104
-0.019531148920047356
-0.016665789102223383
-0.0018079998707681566
 0.009892040246506806
 0.012170292636435043
 0.009426554398107717
 0.0027484946708535712
-0.005887369507192333
-0.0050874115173840245
 0.005574080002338305
 0.008916610797416194
 0.005054795465327264
 0.007868695667957185
 0.01179833389093081
 0.00772834102464777
 0.004245455586260466
 0.007510796958547283
 0.009379711500341045
 0.005054759631505659
 0.0019671776007453845
-0.001134438870522378
-0.014282375671719194
-0.025269008634765944
-0.021110141216837033
-0.012710533692234904
-0.009793714259216879
-0.007094428654064608
 0.001623292855373451
 0.008378531767183922
 0.0092393056658579
 0.008053390323859502
 0.009127019903563433
 0.013929132511417947
 0.01137953736677727
 0.0024676625254178297
-0.006919044219777598
-0.016146693972555054
-0.015968929511911173
-0.006472296554308657
 0.0018407652538307423
 0.0031506412487437158
 0.0011741190914912741
-0.0026783399469259977
-0.010280333674255099
-0.012822911598642073
-0.0024842122105914743
 0.012319778332251785
 0.014181675653791817
 0.002729567080580711
-0.00676473704183865
-0.009651158758658573
-0.00872021265744724
-0.0007112303936363112
 0.01018182939445926
 0.007503585211833447
-0.006729681655274211
-0.009644172253109054
 0.005826454213838941
 0.018483175359039622
 0.012431987307785705
-0.0016913431086801045
-0.012855745651488129
-0.018621566745756865
-0.008795124436228846
 0.014590926476930985
 0.025521411439713135
 0.01385176903863626
-0.007206914061936562
-0.021641341242984585
-0.019982943308802847
-0.0061075649128703585
 0.012321989427735422
 0.024941285398249524
 0.019360251103995793
 0.0015528800543196802
-0.008416255971935682
-0.0083858531366202
-0.0045918811718854285
 0.00025701290432732227
-0.0017756470149549591
-0.006573091714208418
-0.006451465015594404
 0.002093165060918223
 0.018164933396269414
 0.02441025430297522
 0.012013160068927942
-0.002030641851328882
-0.0033732751123273508
-0.004729942813833279
-0.004587264454458062
 0.008469438245205463
 0.006825064513296453
-0.012713220865634048
-0.018163267048484755
-0.005274977634910832
 0.01361303509560556
 0.025020691035641612
 0.02622063057991275
 0.019626777495703407
-0.0004377994022571191
-0.024184077860010034
-0.02837102439718865
-0.015351746872211705
-0.016121307145821884
-0.02974173677743678
-0.02795468980526991
-0.014191586933397171
-0.003249406603525476
 0.004766592880539197
 0.012256300845573803
 0.012279686460635555
-0.0017992015608899459
-0.014839540984862842
-0.006844593161559373
 0.012885485999405102
 0.024433486344515823
 0.033824860998312334
 0.04151339020386942
 0.03291027305367428
 0.01588883067241635
 0.005615615101832547
-0.002713830458466987
-0.01363730843923014
-0.018238270971379034
-0.01962534662731781
-0.020107200870524908
-0.015571742632312258
-0.01400222948801115
-0.01453086519957647
-0.008482026459975214
 0.003133807014254933
 0.011643350989498896
 0.013011703819859624
 0.00951946208780069
 0.007725387657145352
 0.009830548614148144
 0.005727808720014355
 0.0019829470588209885
 0.0037653158841520207
-0.0026601239139676935
-0.009031765023475455
-0.006365226446173947
-0.007020172122306476
-0.01152523264432101
-0.011342790036841313
-0.0030250500818660847
 0.010190709610215412
 0.018396174041130878
 0.019179758517013798
 0.01687810515467171
 0.015091047944270103
 0.011348525356494651
 0.007093745690196607
 0.010892395801767193
 0.013736703958829977
 0.004787403942783958
-0.010924157324443642
-0.025922301199208284
-0.033390967741716446
-0.03051625163022082
-0.019730789219349176
-0.003102321410535097
 0.012410408377935292
 0.017563381998476527
 0.01586053143111972
 0.01482431678786765
 0.011278276367196749
 0.004562791465256011
 0.006317091409572123
 0.010618642305993645
 0.0026564312723061922
-0.007586376343844764
-0.007560651655365111
 0.0034587180972976556
 0.014426628234766398
 0.010356635368483344
-0.008112693458461676
-0.025152848427062877
-0.02691651490328538
-0.016858504325384147
-0.008416793479259624
-0.008748947023720408
-0.01704330648275125
-0.028350392504051858
-0.024720155678570888
 0.0005161023081567961
 0.020597042481807964
 0.02228117022358672
 0.022269469737379796
 0.02083795168650071
 0.01102553357924542
 0.007067816237022129
 0.0018329648086192613
-0.014715984742220592
-0.0255482388596852
-0.026249966004175965
-0.019178952180947464
-0.010545437314554207
 0.002101927536974829
 0.02337579515376076
 0.031761368237855414
 0.02914160089067737
 0.02515113652060333
 0.010854714671212073
-0.00853620908239
-0.02541496798515533
-0.024526125205466404
-0.006349190793995055
 0.003980152300383899
 0.0029322422900422696
-0.0030838596599429835
-0.004110718009523409
 0.009107380755976002
 0.03002103106640358
 0.04232689119891758
 0.03382903235252843
 0.014936331236941477
-0.0023283747797792215
-0.016666899950692884
-0.02406773336408162
-0.023466596614795776
-0.018103106386642545
-0.01317936196105661
-0.008019371120261645
 0.001687778444952881
 0.00980201901256983
 0.016496442015514604
 0.0237756333729372
 0.02265755116005823
 0.013937480338967537
 0.0051027949203991535
 0.00024219523886209737
-0.0031401100425550027
-0.010845023000272222
-0.017871604666795132
-0.01871601528977848
-0.02147846611544911
-0.023354408115731348
-0.011818103137710173
 0.0011426975518189914
 0.007051191886345565
 0.01271408351199145
 0.013177214929620526
 0.007685065425247425
 0.0034115731716060915
 0.0037296820373246553
 0.00715875854886526
 0.005818464361284706
-0.001163674910297896
-0.004726088844894172
-0.005809084956504493
-0.008190266815055566
-0.001622153776677987
 0.008258087221461971
 0.0041459910336565375
-0.0034022040050605967
-0.0010935436606995252
 0.006775094198036735
 0.012695283899652854
 0.005855828106562835
-0.0158273875965923
-0.03324647245889516
-0.036376157811177846
-0.026240957810485535
 0.00405003783234846
 0.029167003074762665
 0.02182230742340381
 0.002253614090040462
-0.010655737222529382
-0.015352601764812651
-0.015069579000362765
-0.006057134240267867
 0.013609789938412997
 0.019253968976715594
 0.006468588555295043
-0.003442070635512509
-0.00728283430684025
-0.006604508134763348
 0.0016687894252715718
 0.014683388803412675
 0.02380810908756731
 0.026935445128197344
 0.02210291432767522
 0.0062252788477759335
-0.007500409087644974
-0.0068384564294934475
 0.001972828016661071
 0.0021435752570512084
-0.008908551761697053
-0.023611972385804883
-0.03685581119713605
-0.03230865759183385
-0.005421013772060779
 0.02562784165817647
 0.03491161893474906
 0.012849473337892298
-0.009034902679203247
-0.008307455965350194
-0.0017440210738084438
 0.00609186975707704
 0.020268988623920084
 0.019419899854100905
-0.00470063035051782
-0.018833317060655275
-0.008494617672604704
 0.007591185103253961
 0.02451437616272488
 0.03510569547990988
 0.030645077352835656
 0.004075537279663796
-0.04097736094184319
-0.05449019319623415
-0.03063632759949205
-0.01277282902602081
-0.009551930048674315
-0.01765214641401852
-0.02235368910313762
-0.016812429295223114
-0.005722887340022992
 0.018046771613674295
 0.034965284526309384
 0.02377983032274017
 0.004414636376735115
 0.0016708981384077892
 0.010863451551681821
 0.014987232868342082
 0.016210563146792326
 0.013017722812226018
-0.0017465137207474946
-0.01602656205621336
-0.0246904951152742
-0.025670571996496402
-0.02140410720134356
-0.015944714963055953
-0.004806052466079694
 0.00031885227344660705
-0.0022073521370149923
 0.0008077083795553219
 0.01389949718048751
 0.02534457829521014
 0.027372549829421874
 0.022168106355451855
 0.0033245257816410245
-0.006864483145897979
-0.0011618272721476003
-0.001975829940698101
 0.0005620595986182975
 0.007576935659816916
 0.004178256864474428
-0.007980251880945893
-0.02119368273784422
-0.02518180803450036
-0.017271066854241707
-0.010090116580371386
-0.011037446433742826
-0.012773044028950381
-0.007837604236274914
-0.004658808580450813
-0.0008624975422981407
 0.01361168364861963
 0.021662769233952966
 0.018505015000655337
 0.012014081146834096
 0.007186228493147803
 0.006070485353686733
-0.00592896639931563
-0.024564369438932337
-0.03040737995599216
-0.024412339905002856
-0.015668888587967764
-0.0025583871996922997
 0.010725205621508624
 0.015817363333184176
 0.018144736264888536
 0.025215750088117037
 0.02985412755671779
 0.018329507707551415
 0.003179324060622546
 0.0015443066223851803
 0.008037569311389575
 0.01270401566100525
 0.0054061014780046185
-0.007318463034550249
-0.008976871206966733
-0.006445998887904064
-0.0077979884425741774
 0.0019021439023866327
 0.01678098479460305
 0.013850120682842817
 0.0062013454871554935
 0.0008588966815286925
-0.013718213978011914
-0.018597526246892246
-0.01170428200342502
-0.01377202802397598
-0.014452703507705542
-0.013294867284956824
-0.01755432509809067
-0.012866827087713778
-0.0069980970012917115
-0.008205064004051299
-0.0016158993049125298
 0.002804944335822457
-0.009157082242493314
-0.017037425706553866
-0.012759265544311463
-0.008446019280800396
-0.0035105794881249153
 0.002206110826132937
 0.007829238203674344
 0.01654695971311239
 0.024546585683251673
 0.030165034913957264
 0.03472622295976692
 0.028766258771811562
 0.017386661474555698
 0.011459444314451075
 0.006998826187376864
 0.006923970718886327
 0.004154502672961968
-0.008352528011727131
-0.021472395931909
-0.02387462945122129
-0.011278724214886293
 0.005125192545808316
 0.014163367113500205
 0.005129860454409385
-0.011739542154684299
-0.022609221446835498
-0.037640112349450895
-0.04020140286118115
-0.02371795760427757
-0.008308147046195272
 0.00745954174482745
 0.021320885700252465
 0.029547401791929148
 0.02999415969563282
 0.024801411588752362
 0.019218038221080716
-0.0005026948844468609
-0.0215029011495719
-0.023902795595466264
-0.02133917624855286
-0.016078605250787706
-0.005314194500677244
 0.0024374896871634244
 0.0027322078187028837
-0.0028885907236553404
-0.00685566435955029
-0.004441745711383185
 0.004860744152532695
 0.006439613590505447
-0.003983302678824685
 0.004287655807792293
 0.020003884983620976
 0.011183234005560094
-0.001468819231039531
-3.731141839517782e-05
 0.007162351442818446
 0.012284917108926818
 0.011244024318838919
 0.003066618530703641
-0.011622767652896715
-0.018244689618120993
-0.0019904735561727116
 0.013433371442417047
 0.006965828322774925
-0.0032723011465402158
-0.005131869632897079
 0.004098108955063559
 0.021110184804415094
 0.0282887960048675
 0.02729000653630201
 0.021416588064809353
-0.003234911805675242
-0.02197557314909797
-0.012586537568719372
 0.0020771085690492186
 0.005910844781888483
-0.014934982637654429
-0.037939774821929464
-0.029102760568177927
-0.012640366972035563
-0.0025870345409701456
 0.0026010251808397666
-0.0035647774678918137
-0.006350619027741547
 0.00471553219327947
 0.022621134088273112
 0.035497728134757475
 0.027851292012488052
 0.0037214055141976676
-0.021089151348704885
-0.04106250438336687
-0.03900646396814021
-0.019096276153996575
-0.00977039555590159
-0.0015649311249860964
 0.008670849032676398
 0.005880329325990835
 0.004844114682738765
 0.004883873811725892
-0.0050665496271861815
-0.00825705088833456
 0.003545908459328506
 0.018431766571798666
 0.024906316673459786
 0.02377420002007334
 0.0137652997457135
 0.001952973866144056
 0.0005331511823545299
 0.00601593415482124
 0.02130645196859006
 0.022808131983771754
-0.006423273638983179
-0.03865804953033622
-0.051473837906189625
-0.038194923231824524
-0.02452304422325033
-0.018125683544380294
-0.0036678758673878986
 0.003407816102676431
 0.007700010705426294
 0.025133119770001877
 0.03410112213515645
 0.022616266534094556
 0.009589961550629147
 0.00012138723580683297
-0.0018106925265052864
 0.002591438526886425
 0.0004254514227831907
 0.00025937209099410885
-0.00043299875982501235
-0.0074198161782434435
-0.006470157489688821
 0.0007061146373456839
 0.0026428623082588726
 0.0009587243282453556
-0.0005803910998576495
-0.004046903024319579
-0.00446326321182515
 0.0024954750873436016
 0.00970683331564677
 0.018560221083323683
 0.0268124669825974
 0.01942800708313404
 0.008392253578311137
 0.010972246439149944
 0.007400476210882009
-0.012699186788347194
-0.0250003790122601
-0.012767030155701367
 0.008251878458532244
 0.013051651992968871
 0.0034333769794002156
-0.008811677482482821
-0.020577221893694042
-0.0270892074082765
-0.021992371549765133
-0.009857263776758676
-0.007487787523531894
-0.012079393762009144
-0.015368136106709812
-0.012034961605303568
-0.0008308050526257965
-0.00011973185269814612
-0.0025149481517566796
-0.0021594141113515375
-0.0016190932709314043
 0.0174139420114955
 0.03683526348129568
 0.030926758908534357
 0.014090103327291437
 0.008212006708962966
 0.01379770891181778
 0.018281707534836378
 0.01596835880540473
-0.00019464363147975172
-0.020574995440858307
-0.02663320071236594
-0.024761947097154277
-0.013164826210267405
 0.010780263249773228
 0.0165226833716281
-0.009057428645767265
-0.03141429749328088
-0.029194521938800427
-0.016448916003719102
 0.004457717086454746
 0.024585438728464137
 0.016127344130179508
-0.008762741228932044
-0.014900474996648677
 0.0007970415918367169
 0.02084523473763711
 0.029277589290089986
 0.02694552797331505
 0.022655662205748342
 0.005847075505520355
-0.011756796156797478
-0.000943264864910906
 0.016712056174366247
 0.011418727910515583
-0.007721914987369974
-0.022107221626641846
-0.022261605591341382
-0.018914396649427664
-0.013125195059214556
 0.006094966096645241
 0.010904095924753512
-0.005305687980489179
-0.017707460361372288
-0.024373824721536874
-0.023615970053250973
-0.02298442534953231
-0.019031396392379565
-0.0032941155557896923
 0.013986953736621635
 0.025691672000732427
 0.027158265914645457
 0.03364918953023194
 0.03788758544436986
 0.02202164533156012
 0.009755539208915864
 0.0037370981855127244
-0.006980541334474247
-0.01371473882375826
-0.013529957142860635
-0.005759560367676664
 0.003945250124119962
 0.0038516820682861497
 0.0009044444426005299
 0.001517276558975919
-0.0012404961198588665
-0.0076004418622770825
-0.01625969677450209
-0.017876001625396168
-0.014935791458199038
-0.010783941260523844
 0.003091437135408631
 0.009486458740860765
 0.009912164983803248
 0.008932088102581046
-0.007740832339408102
-0.023464088973725247
-0.012884465023629804
 0.01912808865478692
 0.038547071051169196
 0.029876120771854614
 0.006642099392624279
-0.009691655403767721
-0.009511551869705925
-0.0007400316716558997
 0.009444288870812542
 0.0033790663790511516
-0.018699452731731
-0.0306263932087781
-0.02095199067141433
-0.005418209222182738
-0.004159792842463816
-0.008898760706269507
-0.005291914614967641
 0.009261795072159129
 0.02861762248625778
 0.038790247661636676
 0.03409104404593549
 0.015371434363273956
-0.004215971557432668
-0.005584334626028156
 0.00157322491366306
-0.0019400684791570783
-0.008732742803888888
-0.009652003776245394
-0.009223958459884982
-0.005991364115448941
 0.00027968659885388436
 0.0038771763964841055
 0.009783331657592764
 0.014590122412283135
 0.0023497460972359135
-0.009539769205124615
-0.009764325372361465
-0.017831794709854923
-0.020748624381107694
-0.014653004173148201
-0.007850983792979507
 0.007874601676520807
 0.013493050907226398
 0.011362149904391813
 0.014669594598201038
 0.011937551726963258
 0.004691097159156665
-0.006653414036830521
-0.015483421308563047
-0.01803301645320375
-0.01361685095930458
 0.00814354392840691
 0.02517901051193755
 0.021036506369699268
 0.010767968945951278
-0.003989250366768518
-0.022421154019026945
-0.03308967299723777
-0.028179963012159318
-0.02176388974594598
-0.026624489427483036
-0.016699806034402756
 0.005720207557159712
 0.021431758586152566
 0.04508212479553639
 0.052548442026391876
 0.02515788718353315
 0.004522576371602263
 0.005495625794336004
 0.003956510366232985
-0.010983156673083874
-0.02680231531753538
-0.033080393490326696
-0.034453434705758
-0.028025666072455102
-0.008358741893774252
 0.009469670578428332
 0.014089335459685798
 0.00895740326167102
-0.0036010870382121307
-0.008129538294405783
-0.002450273154834523
 0.0047306771190358116
 0.015408542152683544
 0.015492743676610965
 0.010356133331760387
 0.01332441237997245
 0.018524167468871908
 0.021176671605665956
 0.015958193691188463
 0.00881699742718789
 0.0035517380443521734
-0.003002350791752678
-0.011369221526738763
-0.01688476176529098
-0.015202973096930139
-0.009795040473836572
 0.003537672889140489
 0.019450384232073695
 0.01955095926992652
 0.01626689507206168
 0.01788786783155684
 0.004828815820240667
-0.010700297720389843
-0.022175797027780067
-0.04018198931797865
-0.05080372682783124
-0.03956448417388481
-0.011900267979365192
 0.004134075181299407
 0.0064614481130037815
 0.0045387246443633344
-0.005231590141369563
-0.005142710470606299
 0.0027493181223090662
-0.00011839100716756756
-0.002553371554330594
 0.009696350816153526
 0.023234902639906768
 0.024605594543685425
 0.020329763216626204
 0.011630744056296688
 0.0031258679896538216
 0.010297461969852512
 0.017665538117155738
 0.0028755717765851924
-0.014419542194568341
-0.01982514598247874
-0.018094236772341746
-0.005895974017051678
 0.0021995539632219674
-0.01440787242306564
-0.0353449237059071
-0.031017643001888556
-0.008529796281206647
 0.02029226125517905
 0.03493485573218642
 0.020016240353630782
 0.009321991567822915
 0.01374517428197583
 0.013471497572962843
 0.016166105031279285
 0.0196606755985214
 0.009902056179878077
 0.0016825470702203776
 0.007733724883239548
 0.012053988367004359
 0.007895110710840689
 0.0011375224873775708
-0.005786139948757249
-0.005713633791919387
-0.006223556916141418
-0.008251538688587898
-4.607425767240436e-05
 0.002024000598061723
-0.008787201858641694
-0.015636013945403357
-0.005683261671308129
 0.005689308167459245
-0.0007501660711679431
-0.003744185165211772
-0.007910080041629186
-0.016010296406973393
-0.0042377450137431605
 0.013628092633145988
 0.023721189312315885
 0.02135170282085437
 0.011153337599643709
-0.006756952680420494
-0.027497521796157387
-0.02349303322381062
-0.010150963567161914
-0.0006940948576638906
 0.007899655760624874
-0.0007876680326150826
-0.018141258839216412
-0.026498773280530866
-0.026190020708483946
-0.020597301285375402
 0.001345541328933178
 0.029783990824781434
 0.0340785245009492
 0.023267322044245795
 0.00711367590103297
-0.009201366308015754
-0.0005140527530105438
 0.026490544737658092
 0.039523856703142485
 0.02377954840806415
-0.006665836318586749
-0.034578004533639704
-0.04748033862595582
-0.027790023713095843
 0.012781199601458335
 0.03553803976520005
 0.024598188270511495
-0.0008977171038390686
-0.0206114329891129
-0.01313108131774994
 0.012121550182903132
 0.014619675474115038
 0.00932400813684646
 0.0067135970833400865
-0.006474103965961209
-0.015877184225082025
-0.015416391880870864
-0.0073021513132539295
 0.0003793606720494114
 0.011805729199428766
 0.013178760176625337
-0.013271487152233058
-0.029846166510669923
-0.029247368834802
-0.020085223375960803
 0.0049522133702444154
 0.018270892292714003
 0.01586398062656591
 0.01584292384668734
 0.013260581674195873
 0.009620978316808526
 0.011258324590229074
 0.014526005035933778
 0.01465698802821945
 0.004582593698158097
-0.010387481295591625
-0.015687826779696004
-0.01651352481533605
-0.010724323225122956
-0.001828832135923636
 0.0040258635099909845
 0.016701297242534954
 0.015419479890402196
-0.00040201782746722425
-0.011552385929767789
-0.014934691211184903
-0.009678798360255578
-0.015259832654509309
-0.024246557845241906
-0.02072391839698487
-0.01919416950078824
-0.011671714507902858
 0.010741281863405866
 0.02533475579863713
 0.02722706107461001
 0.027921760760612285
 0.02762937146425601
 0.020120940673643353
-0.00014947468509338147
-0.008172501627646517
 0.001674992342642706
-0.0002126450247290912
-0.004984359916385517
-0.0020324543820988278
-0.00025008555676779565
 0.005452570316982597
 0.026546329280589365
 0.048716062016435316
 0.03171333222252069
-0.007655617593461839
-0.027079288374914662
-0.03843081679115558
-0.03857818353560137
-0.015500890313605825
-0.00025247582135939917
 0.003939138624420274
 0.007527272128378837
-0.005101390374041642
-0.01333961207104263
-0.0034804227336638627
-0.0009659239285265825
-0.009802948420512853
-0.006341124881121499
 0.01107794974294661
 0.014881278001353013
 0.012666170355473641
 0.00970957643611639
-0.0014174009320050557
-0.006600792745213871
-0.007431168927689774
 0.0008117206779122976
 0.013052086754724787
 0.012425209959607178
 0.0012818590775603572
-0.013959548432667057
-0.02027505178014495
-0.020754566949934147
-0.017054157921915822
-0.0067528837085518295
 0.0022361703173639502
 0.016155991108236747
 0.025680692946854183
 0.019664590996868958
 0.0024513445953423113
-0.013732709502303375
-0.016930227983705498
-0.013433318343045467
-0.0018455537498302532
 0.0031881271263975025
-0.01230590031296433
-0.016485829629889204
 0.006390303278165976
 0.026656030251832122
 0.026337911147878812
 0.01725762302042977
 0.00984977238678729
 0.006315427333205947
-0.0009240100143469016
-0.0071132033972575864
-0.0014479726981937724
 0.003758799610959415
 0.0013612442384829532
 0.0009729529319923158
 0.0052604693879063635
-0.002086565336870419
-0.018511543996560964
-0.027580136756920448
-0.025276154559395192
-0.0141936298244488
-0.011665096578804046
 0.003082756202009332
 0.030412484897767628
 0.01625640745345104
-0.015028704630229997
-0.0199805281750656
-0.009819598366776275
-0.0002644885737259628
-0.0009849283055600178
 0.001202100221069674
 0.0036206970160725938
-0.01437847805387224
-0.026193143006859612
-0.008467649765045132
 0.012364132975755573
 0.018628166469804655
 0.020062013355866923
 0.020356731487406382
 0.01775099858073581
 0.010209820762272406
-0.002004825745177796
-0.004528691082221467
 0.0030148155714251196
 0.0036627337890691863
 0.004493099733310316
 0.004406548897730234
-0.011489799169512357
-0.018090669473975432
-0.007038552693461889
-0.004605921457951509
-0.008584690460936004
-0.009672364719382126
-0.008037357519379507
 0.002121233215491916
 0.018876010988873218
 0.026255782503266004
 0.02358923368772975
 0.022620852173597106
 0.015540471818462201
 0.0017937322222801172
-0.0006482655451366531
 0.0004323812548209932
-0.014156424771809173
-0.03129248175054475
-0.03360816955339432
-0.01889306380043168
-0.0013780871662292249
 0.002755050444102694
 0.005187681679613074
 0.004350288276883454
 0.0030754881450044264
 0.01452056925972707
 0.014607109857072406
 0.007386385096862846
 0.008544221319611578
 0.002691854508880112
-0.002037757061253906
 0.00511980247843731
 0.013449237800502084
 0.005723273182023689
-0.018219487442833776
-0.035247947044345446
-0.03674495915092605
-0.02737229708447282
-0.013457154440435867
 0.0017070534087657574
 0.014050338715966337
 0.007337192887443514
-0.004152340860454171
 0.010328857550717316
 0.028589998605233494
 0.025315290701040313
 0.01695543718630793
 0.009309001064038522
-0.010343898912369615
-0.03187039669652472
-0.028925508382491763
-0.012916895029424169
-0.008676160041868358
-0.01202571829543471
-0.005263462163370494
 0.01349122338232496
 0.016557743514089313
 0.009666828105805242
 0.017633707048093764
 0.027090575757591787
 0.02418076330659276
 0.013523939695471485
 0.0066096335530083095
-0.0006765852629027763
-0.011001260448680633
-0.013115787937589815
-0.013686526970677557
-0.012290105259301881
-0.009979105841522881
-0.016229115133299263
-0.019309679943805808
-0.022072130769476422
-0.020053515528936347
-0.007895017021750758
 0.00010226987497061191
 0.012843197663216108
 0.01944873587628025
 0.014192832787116194
 0.01661844680237283
 0.02202170127863058
 0.01815988594654165
 0.0039453316667772825
-0.0046203603087312806
-0.01279308795003073
-0.029115147379333184
-0.02802280521228598
-0.012222369393412508
-0.00947162417306617
-0.007874042147750115
 0.007201280911570851
 0.018648701099711396
 0.024508074892461845
 0.0224450070187467
 0.009442092769460397
 0.0025979588295345635
-0.0006884444417482039
-0.0017807968470301416
 0.008055001756169522
 0.00933446979664962
-0.004791199693234105
-0.014098377942220547
-0.012203733592829766
-0.0058718669696612436
-0.003902372270897292
 0.0007640740787183825
 0.006953257223394321
 0.0029440802659769644
 0.0031803215620686415
 0.008997592033296684
 0.011376424580195096
 0.011446591663615072
 0.0036013343008231974
-0.008274146561029871
-0.014365098860388267
-0.006222789411756385
 0.008499333561459974
 0.008670080801850139
-4.765094582265261e-05
-0.01021794728601838
-0.02130282133261742
-0.021948410715078304
-0.007951400501414449
 0.01210848801147553
 0.010522591115014301
-0.007301153448587214
-0.005457968714390471
 0.007427981625765537
 0.017123435823890504
 0.021188740305102982
 0.015911785555177707
 0.006784715959370427
-0.010243743642141229
-0.02311099163318868
-0.016949877369527674
-0.008360804898074739
-0.007397111769012657
-0.009422754468041208
-0.013693907648264614
-0.01557920594221851
-0.00610128557195927
 0.009458225684869342
 0.019668276034934803
 0.01731282398398075
 0.002314680109216108
-0.0024055751672462794
 0.012094335831268524
 0.02615917917405182
 0.025805973968829846
 0.014515261461454612
 0.001512347212168294
-0.02133572705310667
-0.03748001690264786
-0.025085271980253246
-0.00901818179173787
-0.004328344707943063
-0.008929307240091985
-0.010105866288418738
-0.0037716605918322876
-0.0005250318068887871
 0.0064570972264590965
 0.009556364386074198
 0.004712138218462517
-0.00509092359512113
-0.014992226492257038
-0.009132852699506602
 0.005301564243306689
 0.018435456365761285
 0.024715863373735755
 0.019707902066870286
 0.003423267812254424
-0.013474203677854207
-0.007944639237029247
 0.007214890465336521
 0.011895371255459669
 0.011757360804685549
 0.004899192424252227
-0.008045244989586295
-0.013158464600257769
-0.004061813197118097
 0.0036454285957822907
 0.0007964320536489461
-0.007212560448396729
-0.01630454394293533
-0.016288175548127323
-0.007240644686763775
 0.005509639395153365
 0.014545474889427368
 0.013404001942369265
 0.010802947182534536
 0.012618063035716345
 0.010940942275956558
 5.956761671581379e-05
-0.002999945533029555
 0.0019775975811683333
 8.060392012489148e-05
-0.0006281404446196043
 6.18810945468562e-05
-0.0072921708504836424
-0.01582745487155937
-0.0100055062534955
-9.25182275047648e-05
 0.001250104795258944
 0.00242431453193305
 0.003486248744547421
 0.006529378142132641
 0.005392583341910381
-0.0020597096866723924
-0.004424518031298105
-0.003886536264295873
-0.0016854732971586933
-0.0016176452871566466
 0.004421837158772965
 0.01471375507846534
 0.010592302596988235
 0.00610595466231699
 0.004723557153214042
-0.002415300037368631
-0.004642103050337548
 0.0009529554461888967
 0.008351439547924985
 0.009684706277017063
 0.007633333770391479
 0.011593379947797938
 0.008758417846172081
-0.0007429034965010101
-0.002010686408126308
-0.005762565289573404
-0.00564561673779522
 0.0050369264426883414
 0.007602884863019674
-0.0002423724997722282
-0.011975169883132686
-0.015582026212669284
-0.003362711796618012
 0.009172377530851289
 0.009394584386435492
-0.00031023634359587937
-0.012922525332090984
-0.01647558297301563
-0.008583554380100264
 0.0003329883698602598
 3.173898817376841e-06
-0.006062048592943986
-0.0032785563447469135
-0.0014868312257442368
-0.005725237378116879
-0.006260890309935929
-0.007276053292426823
-0.004300757023961002
 0.0002557528750128518
-0.005589596715464884
-0.012178771652838385
-0.0060106401689236505
 0.0004147893909613176
 0.00021596303132150052
 0.001909447066771916
-0.005156898847855515
-0.012155411633363505
 0.002391280833509521
 0.021239529315921435
 0.027557361498582497
 0.02298446784744851
 0.010100846342475697
 0.0052449248077744565
 0.014643316681824697
 0.022518971760814688
 0.018245479507173368
-0.002785134712384535
-0.022795912921733094
-0.023446180451029808
-0.016017288394860885
-0.006532350804347928
 0.001413476477179404
-0.000621522515520806
-0.008707704440357539
-0.006247004323832225
 0.009291455272235183
 0.013251501449641656
 0.006070540937536575
 0.0010555624104173766
-0.0064201213523445155
-0.012684165084628371
-0.01536240926725417
-0.007566282684473166
 0.0014087369009351258
-0.004476376937647075
-0.007987331257049313
-0.003933722142926407
 0.0021618980650330855
 0.004105662956200018
 0.0019630665862758745
 0.002044929036785409
-0.004946566528468838
-0.008810720933975696
-0.0003853836017765483
 0.006456401026496653
 0.005890340140244726
 0.006337098043948428
 0.010210598504892171
 0.00790192792229634
 0.002957121597714482
-0.00046494793180713867
-0.005028485289269455
-0.007774562601014695
-0.005992193775683663
 0.002215609728649731
 0.006961584574474405
 0.0032284182803705846
 0.0051768613183733325
 0.009197723404645503
 0.010016393981797073
 0.021201837947131555
 0.026579362615792274
 0.012301653353744307
 0.0037944382136835264
-0.005720917569497011
-0.022789141419113174
-0.02376687922691746
-0.022674537059870256
-0.022234796376420313
-0.009281012907144878
 0.0024751649721599517
 0.0068445489977009
 0.011260714491600071
 0.021763149018904443
 0.022027459196011054
 0.013010326050845622
 0.006926390971740942
-0.0071829050042174075
-0.015821108255681213
-0.016377812848261494
-0.018882965597961862
-0.014602466362301544
-0.01175348005840296
-0.012298489283893654
-0.006312805526575996
 0.0036001824994147252
 0.00894262106680678
 0.009511010788241861
 0.014051147173290313
 0.009960102646246083
-0.00046281362308404905
 0.00432760361768092
 0.005943898230340264
-0.0014124927881081634
-0.005643881720227076
-0.008394637178808131
-0.006635659087656218
-0.002750463259622915
 0.005992988057412177
 0.01081849139944581
 0.0023416842138178906
-0.006483644911078834
-0.007056723017584476
-0.0008207584045503147
 0.003176712947542737
 0.00775895265411361
 0.006329773676652439
-0.005138708410484055
-0.0035387873117500995
 0.00839983829415182
 0.021741907950800526
 0.024130096791370584
 0.004201186151648925
-0.015797896690610103
-0.03063230542612095
-0.03821792563952467
-0.021596475050964334
 0.007417386505690099
 0.021690407382667518
 0.01768123042525016
 0.008509718434502572
 0.005946088849354422
 0.014680183872717842
 0.02000624892618451
 0.016027479923200028
 0.004088844079063347
-0.021872536905451573
-0.038536101053769055
-0.021509990763910067
 0.004282966696280505
 0.012617080165181122
 0.013098924170153473
 0.003567194873047533
-0.01290924340183705
-0.017033034956732057
-0.012904575493235967
-0.0014173910569909437
 0.012488395293374394
 0.008820723054972099
-0.006701373265404681
-0.00997140302276206
-0.003887478181892126
-0.0033752262224869267
 0.0022689528158156835
 0.008745841990894718
-0.00043268722010661453
-0.008586702274062788
-3.739405071434554e-05
 0.014422752699695951
 0.01966695018353573
 0.017365296821193643
 0.013433309286567358
 0.008472129448060126
 0.006177493305971768
 0.0005122523686732078
-0.006191537166177943
-0.004222042467414006
-0.0032185850902474306
-0.013084801886114675
-0.025098288079624498
-0.021961595745322818
-0.012240411739600804
-0.006245371688611515
 0.00793876439848526
 0.01580740225722152
 0.002280535562323077
-0.009522434023574722
-0.0008772237900919189
 0.01762718089988702
 0.02711913571065372
 0.026288759528177844
 0.020405984763013543
 0.007868546123891582
-0.00011705564397496149
 0.0029026830194311404
-0.0002597493607023049
-0.014764348744287656
-0.02471711125661763
-0.021622522243838344
-0.012441664197653857
-0.002923979579290137
 0.004327142897117539
 0.006109511722448571
 0.005866242967868432
 0.0028909364611678784
 0.0020161178837516808
 0.008930413787980124
 0.009302321342310654
 0.006001883630520427
 0.0027178194326555882
-0.007382304705002785
-0.014614724832301917
-0.014801855824852175
-0.005866600487548376
-0.0004025301024249417
-0.0016726520874681544
 0.0004722731176391437
-0.00269249833591223
-0.0047111238146870515
-0.0020983839259974962
 0.006740969401171942
 0.020398813969238677
 0.022698118019928118
 0.013250595365866993
 0.0029797188687010895
-0.000531235450701148
-0.009655965973090513
-0.02432430049592965
-0.026934711549436052
-0.020923297984521375
-0.011971669133292173
-0.0037124060137647408
-0.0031136083378968255
-0.00507141790780595
 0.0007224618292429735
 0.009758297323516962
 0.015245758442819515
 0.021472366762182032
 0.02300211565837866
 0.008780544158360548
-0.004774391417552815
-0.0013008725110719016
-0.003108981382234713
-0.013962287160460524
-0.016158682218996606
-0.012032561828918445
-0.004327659109435986
 0.0007972456300903152
 0.004483620217601153
 0.005339715969439329
 0.0018240835032012626
 0.004722190348875999
 0.007072954014759492
 0.007910337179254365
 0.0003714984342088612
-0.010755478933912585
-0.0021804409029671096
 0.004205224408813366
-0.0012050575259328344
-0.005024769536499371
-0.010867780053559178
-0.012568291547498056
-0.006739325709180469
-0.004774509157252346
-0.012722685750432325
-0.021288377725940888
-0.020079081887998118
-0.004627168008393412
 0.011285543334539808
 0.013886587856139804
 0.013916990691455286
 0.009294976498545174
-0.00034435017578467175
 0.0020906201331436225
 0.015856062078434263
 0.020976288671124735
 0.01547478287307999
 0.015486473121052169
 0.01768519701477142
 0.014585919616921586
 0.006569909894622167
-0.0048611470178277355
-0.01670154177841214
-0.019644101257261917
-0.009653923808480111
-0.001993463483937974
-0.0014203956156670638
 0.0014379469819031793
 0.005821365447951574
-0.0015186520565714512
-0.011452701981558122
-0.007773344614301028
-9.884984925140339e-05
 0.008820031974127021
 0.017986855579804034
 0.02089665779256833
 0.01955636360498779
 0.01284555684988288
-0.002819222948986483
-0.017850113851601873
-0.02062426004436206
-0.01793900887971725
-0.016598724930371442
-0.007740659015858714
 0.0007501723720419462
 6.481874147655498e-05
 0.00692999410392886
 0.00934157367867805
-0.002737406570533299
-0.00537822557847252
 0.004848198285518329
 0.011551977582134734
 0.005641133935955514
-0.0032917925661651165
-0.011946369331554324
-0.02263126182369052
-0.01822913077029882
-0.0026064645311865975
-0.0008100612653480915
-0.007654195205273925
-0.008269376633301975
-0.0037573091292684435
 0.0013021015545563452
 0.004932338380037302
 0.006048071281263626
 0.0037510960657573533
 0.005238741640431574
 0.009865423741942755
 0.017008948841126498
 0.0226086854844888
 0.01520551299768215
 0.005949794363889746
 5.0646084800071156e-05
-0.005186544417020697
-0.005825116579227865
-0.004576056493180589
-0.00689174429603015
-0.008168883501327107
-0.0026159283263230276
-0.0015282643061116374
-0.0014931833239603537
 0.005336905937223288
 0.006833907805569153
-0.0006183852230136344
-0.009315065309925236
-0.0111793119431179
-0.006704669613770961
-0.0012195475678863227
-0.001303759330048504
-0.004024106834196725
 0.0005183686242696689
 0.000993195408988276
 0.002841058290020848
 0.012176295181787491
 0.00958927486246021
 0.0008013709122500767
-0.004475583837675198
-0.005588987903718354
-0.007088339083716866
-0.008982993671342393
-0.0051165104306523795
-0.0003565011443202454
 0.002803581924160553
-0.006952698421064871
-0.01429973314584164
-0.0032031739703877876
 0.0030117389818851703
 0.004843228348992354
 0.010330689468294893
 0.009834800784580336
 0.006620908789252838
 0.010501426470450312
 0.013607710850319144
 0.014419364207217011
 0.018124451382071124
 0.016814565148923433
 0.012861525953535971
 0.011958638495104826
 0.01155865182152463
 0.0024900590611651313
-0.009486001957658113
-0.012447274023851193
-0.019936992227120545
-0.026444299594867174
-0.018070421877862078
-0.009177269862080673
-0.0050628448390920705
-0.0063446621912248286
-0.011280112222135041
-0.0005157014720246073
 0.013347981556818322
 0.00801021089802735
 0.004433762522923601
 0.006085143236851609
 0.0019192483604342087
 0.003547238340183098
 0.007184492385917812
 0.007013734907292915
 0.00375072237018928
-0.003467663316602379
-0.00538336956498911
-0.005689793301852861
-0.007928291681911337
-0.004782243053938012
-0.005432510583234726
-0.011567905277533444
-0.010700114158605722
-0.011666156599320465
-0.016938433202409897
-0.012049774878092653
-0.0020619365027287617
 0.006863962540903393
 0.014727922252803824
 0.011455553422028544
-0.0012432812829293038
-0.006260598883466403
-0.003568330498567862
-0.00207600677705784
-0.0011941812176226446
-0.0025368144786210994
-0.002606991800275807
 0.004059362321654034
 0.008279045648448655
 0.005270992113897338
 0.0053926188125113655
 0.0072545161340513975
 0.008601817303650922
 0.007516482118622714
-0.003940304601424208
-0.014000664490978101
-0.01853145482058967
-0.015661416855929866
 0.003944691413885301
 0.02228302189119255
 0.021583633820119685
 0.014100932837104063
 0.010594656664537655
 0.0035166153828206786
-0.002034010957000218
 0.0007424640709431385
 0.003453445043184955
 0.004417138172247051
 0.00877482683069844
 0.011387566719387981
-0.0005393737576591118
-0.010620785307974195
-0.0035918748062681166
-0.0016855350897877625
-0.006532100330817359
-0.0075893666348306466
-0.016185466564772044
-0.025188565269430016
-0.016360907309350137
-0.0009651311917753119
 0.004498939193348109
 0.004199532676738102
 0.0033176968790681743
 0.005408823395563492
 0.009651897456537231
 0.008304586048702961
 0.007326848240898659
 0.005712882463422483
 0.00032599126285538793
 0.005874268291023624
 0.013726532635834496
 0.009202759526476673
-0.0007429857655995714
-0.007928624424540454
-0.007042120718269443
-0.0027125009408330014
-0.0009348102623377708
-0.00349610077406802
-0.010663026845665627
-0.01658556585893442
-0.01592361320078288
-0.01001044071942049
-0.0058796421825064865
-0.004387318460996464
 0.0032614464964561413
 0.01312765305408864
 0.011544095231045312
 0.007095172471060646
 0.008105647068480965
 0.007221472197393108
 0.006627342430126276
 0.009532466496054742
 0.005768892247518087
-0.009575434493097432
-0.022140942013234313
-0.021011174671500543
-0.007683139455359297
 0.004987616130348857
 0.009125431887516577
 0.012290193102833205
 0.01409127451550754
 0.014409383381226104
 0.014430429922869928
 0.00931721031219844
-0.005255222200506338
-0.02070948539176369
-0.021490741032463442
-0.01466532991811563
-0.00799663672276786
-0.001365368702106698
 0.00043337363714972266
 0.0022905928118539393
 0.003322119070035434
 0.0032542808217986413
 0.011777859237550065
 0.014166048078120122
 0.00708332864956733
 0.00877915175843566
 0.001114003048822948
-0.014396397904464273
-0.009865617813087438
-0.0044319553823968655
-0.011063233641292775
-0.013666627474545417
-0.009290226228750753
-0.004448349372791718
 0.0002602002983463497
 0.010327567169919227
 0.012916916324429678
 0.0018507548651739286
-0.006983930553394441
-0.004977010679943911
 0.004723121665016886
 0.007553395381572195
 0.005541787123051117
 0.008082015735785403
 0.012238544080296426
 0.012827985462492711
 0.005176871193387458
-0.0019456124832698263
-0.010494930944853001
-0.015231559735240777
-0.005175888230757444
-0.0037841446662175843
-0.009365178960471343
-0.0010334045649886409
 0.008301832326777989
 0.006199000204958366
 0.0039160594299595675
 0.005333532802096433
-0.0048484589051888405
-0.011402547741293678
 0.0031418056521614335
 0.006386095363687047
-0.006843709007136656
-0.006675300840164419
 0.0011605899907210782
 0.005312440188396272
 0.012430235479982996
 0.02198066712619748
 0.0243384480123347
 0.014668713383571994
 0.0026809569976592035
-0.002013568471206151
 0.0032282899392157005
 0.009256077018055767
 0.006851504425325575
-0.006492914542975792
-0.028087245456250298
-0.03415012887459378
-0.024978627122080932
-0.014342865409955594
-0.00032246446211263435
 0.002547573502547168
-0.005248563318468569
-0.008483506974557284
-0.002514196731165
 0.010577592069767203
 0.012009099882411542
 0.00788764740093445
 0.021505727720896692
 0.026017795224930224
 0.012776295487016961
 0.009082893441017648
-4.417615478963244e-05
-0.01573702483467393
-0.017895994718523434
-0.010120919796503633
-0.0018499613098866413
-0.006376073492662393
-0.014312554718752812
-0.011720866490824447
-0.004701312282790013
-0.0005167150572640555
-0.0009775176397099489
 0.0026386847452635476
 0.004325151560460233
-0.00424054041504833
-0.006684877255883015
 0.003960240749913954
 0.011550528871918764
 0.012011321216129911
 0.0130966461629234
 0.009506163347312177
-0.003417222405765155
-0.012623820497781407
-0.010275395905315829
-0.0070287671203723145
 0.00035334346743838563
 0.010605497139026268
 0.00905468634383369
 0.0013567906063702284
-0.0043762834600477585
-0.009868432964420859
-0.012532642706539199
-0.007463875729042793
-0.006362177268323929
-0.014181704823518784
-0.018815414383518456
-0.015940698272022824
-0.0038664064078820504
 0.007007940792870218
 0.011658013628560518
 0.017274123785848194
 0.021264577917687502
 0.02362469787724264
 0.024646867841752504
 0.02239901316802237
 0.010972634402408282
-0.004100359821729516
-0.006097933639743147
-0.003721440166262635
-0.007393790551500759
-0.007489697680752486
-0.0033425256299131068
-0.007536489387345455
-0.011098903321941744
-0.0071037710432665935
-0.010336375625937408
-0.009237016238636458
-0.0015905903546017675
 0.0011765283796699166
 0.008736408547241892
 0.012761948780349877
 0.009889561504037414
 0.004968145913634661
-0.005155368958202816
-0.0053378218039172864
 0.006638228976671226
 0.01129765810603317
-0.00027374321149142844
-0.00837162050341772
-0.0051296698653100214
-0.011438155992534185
-0.013262638377622371
-0.0004913026349440269
 0.008647452089718066
 0.014665882874886474
 0.016289194707799548
 0.01097247570976978
 0.004750535299008346
 0.0025751919012334534
 0.00939592486874545
 0.01352438433224154
 0.0038476324832251024
-0.00452625547201474
-0.007634889163536218
-0.01184522643489394
-0.011494370541324614
-0.011323623300934463
-0.01440184903802312
-0.016324572506663568
-0.01749411433473659
-0.013010115711718007
-0.0037661026832498945
-0.0001241704906793789
-0.0011065864453194962
 0.0026733510789078013
 0.008811074608389688
 0.007517561889167371
 0.008530375560005604
 0.017881985965697608
 0.016651628228758902
 0.008132717721608562
 0.001120170495593098
-0.008013916320467912
-0.009047791890302068
 0.00017283040398691218
 0.006188922115737419
-0.0002809600773226173
-0.009003369971831252
-0.01577265356238393
-0.017300073623397375
-0.00422231926297266
 0.009084664292407382
 0.012008500945679151
 0.0037258368537378406
-0.008470097066369059
-0.013281576206129991
-0.006217579603155221
 0.005664908240716832
 0.0063853377343161405
 0.004974871344198259
 0.0036041692021848565
-0.005179056601189461
-0.004016542231604914
 0.0061841518247889166
 0.0058075558853878245
 0.0034591210546875
 0.003101237702629711
-0.006149802784326877
-0.009723912086012712
-0.004713621943964075
 0.0028322237831004127
 0.01237096006222535
 0.008852988522569383
 0.0037023437372113027
 0.010310221023693375
 0.014815271307473163
 0.00949387416260758
 0.000514166192128726
-0.0013968619094221896
-0.0074012684923178695
-0.010163719317988484
 0.003466056369063303
 0.0048086793918270115
-0.004110212669786145
-0.010790611470458206
-0.013351901982188455
-0.00970763071620001
-0.011001143435422342
-0.003815515014716178
 0.002535064195795647
-0.00409855313651819
-0.003773427050545883
 8.136082305457149e-05
 0.002712813299087402
 0.00819559627155414
 0.01039198109185549
 0.004691654053288252
 0.005194549719021821
 0.008340598346995146
-0.005017855061813667
-0.014994008308322745
-0.008970899376318522
-0.0017525239277616095
-0.0024472338519986314
-0.007506654774058152
 0.0004976493429169615
 0.011559122417102136
 0.007255222209027967
 0.007037683262044847
 0.005966382517524099
-0.00642369449626945
-0.004419113696236834
 0.00538393787911208
 0.006595572790472751
 0.0021793970583388472
-0.003745481028347847
 0.001157211736476857
 0.008824689281272738
 0.004918431554243485
-0.002826245651578199
-0.00797455136351835
-0.014605829622414274
-0.021583290747161046
-0.014867816083455068
 0.0031243315280012895
 0.011198807847513745
 0.007793111831917526
 0.0031360115377387365
 0.0023687903375464725
 0.004813116940146411
 0.0068200368135969275
 0.008946249431360936
 0.004029511987794013
-0.002068457531818141
 0.007273796580202246
 0.021432202859702
 0.025846029280183244
 0.018152811689555598
 0.004656352949090017
-0.004646147153060609
-0.00991374560931424
-0.010297358768969075
-0.002812328950770271
 0.00321077998123398
-0.005640278951259778
-0.017359041894112776
-0.01559070750928919
-0.010942973747016818
-0.006746681154401302
 0.0018564257575591075
 0.00809472944401117
 0.004413022765101415
-0.0058414802181391
-0.0032989125319869
 0.009467745063855629
 0.011942479620888416
 0.0136944404917866
 0.01161967725098191
-0.0037269885630515087
-0.008229710011648156
-0.003560924588614553
-0.004143358988791854
-0.011485715566732793
-0.02400911976534728
-0.02561840739598764
-0.012650589486204733
 0.009586976378760659
 0.02305067785314073
 0.01731760378672277
 0.0074607432845271715
-0.008788804868820041
-0.019740351730598127
-0.01056183275783154
-1.4955835586846766e-05
 0.007718015764910546
 0.01511182171981082
 0.0094348854154227
-0.004318871401013127
-0.011120902019416568
-0.010872965356235345
-0.003937617791245698
 0.007044326786730504
 0.01209204210346572
 0.010045347743675964
-0.0021342126625055746
-0.019218810026047098
-0.016171002481626034
 0.004927434628816535
 0.019373546938719385
 0.018035591824556746
 0.006660672674136697
-0.0002606506885802079
-0.004744659549833538
-0.007815868066668466
 9.721218700810275e-05
 0.0031613932453545546
-0.005699021980810848
-0.014533707399379203
-0.016709050797154082
-0.00784162858896971
 0.007991554257754524
 0.018793390182551564
 0.015733877032806196
 0.007745936191521738
-0.00035194110040458193
-0.007334080371987184
-0.0033366090198941323
 0.0022046507880203597
 0.002789414023380829
 0.005804474539951129
 0.006283979471505566
-0.00041279284309186925
-0.00010170119762702157
 0.00899962835234848
 0.011465006615709622
 0.012555009709338927
 0.006372833546681972
-0.01724245679966792
-0.03158566011741739
-0.022128791407919374
-0.011771379432525486
-0.01654777247101774
-0.017443642709195142
-0.00615060136663674
 0.0005859249578304276
 0.00252267262874363
 0.00798440394044915
 0.019190899566544822
 0.022208299156533037
 0.015478779814084853
 0.014617995677176115
 0.010332808056445236
-0.001243271407915164
-0.010208944937886572
-0.015083579059931088
-0.012817022037092396
-0.0019146059553251937
 0.0026465820904844756
-0.001465514097320958
-0.0014561629227666933
-0.002878324679974134
-0.0026140145028675232
 0.004548223183659508
 0.01117013491064904
 0.009478979710381807
 0.0013553726108584685
-0.0013579576730360088
-0.003549674584736276
-0.009762258701826065
-0.009612563122197118
 0.0009202793595401021
 0.012437871750218002
 0.017027128677042605
 0.012145477334744331
 0.007703571795013409
 0.014021403977674471
 0.014992114326990283
 0.008470772518736208
 0.003544678781497626
-0.005626833209249962
-0.015308263205102215
-0.018821556597922354
-0.019754852010786347
-0.016884814046126545
-0.008110954774658619
-0.005226882369491356
-0.006859560734310821
-0.004969594531755855
-0.0009861576201702776
 0.0024522751850419716
 0.0014441294228048213
 0.00215052447589667
 0.0050603266886609655
 0.009223872253425705
 0.010351300521741588
 0.006707019017518412
 0.002164533320817272
-0.008419779014348733
-0.008553111318287052
-0.0011850351709838253
-0.002291422016773237
-0.00580003726275756
-0.008920366321368611
-0.005804725647828121
-0.0055988923061692925
-0.00644564200257057
 0.0020475284587480047
 0.012107878110067152
 0.016741577431832064
 0.011041250393264854
 0.005516353861040976
 0.0034275561797288134
 0.005722182083582439
 0.01443054729934884
 0.018956649243889845
 0.013997808478800514
-0.001690362054247968
-0.012026732607115384
-0.009718072262754299
 0.0020755307912371096
 0.018921532427916957
 0.020088724944337333
 0.0048543346543636345
-0.009065496374743895
-0.01284076599037011
-0.012693409484159077
-0.0066258581572145175
 0.0048122057372543825
 0.005226216613107307
-0.001657681574923034
-0.010108758952953947
-0.0142442458749385
-0.007346323484635431
 0.001359702657713055
 0.002248545437401994
-0.004443548730359612
-0.002801524310103262
 0.0003445243178700763
-0.0063943513182497524
-0.0017559738496490257
 0.0034905627076086687
-0.008565026807423548
-0.011285374311571783
 0.0006298605601510326
 0.0053524446717965884
 0.003897535886738371
 0.0021666164383666447
-0.00020754819993069884
-0.0034424918560194
-0.0077534092843472985
-0.007594357411046707
-0.0066376815022383545
-0.0063803885453854875
-0.0018846945552773303
 0.004136075303308992
 0.0010625277130561772
-0.011477249999483699
-0.007421301811942865
 0.005686860502914712
 0.011876043647590637
 0.023304751248387892
 0.024584219288868017
 0.011450316928178661
-0.0008672488096596181
-0.00958498055733241
-0.010153380517002236
-0.0001351341872054962
 0.009183729190635773
 0.006575657210547287
 0.0010811686327562714
-0.009774476218887454
-0.023072113718830597
-0.017734353298274372
-0.005559481277163408
 0.0004425759940796248
 0.010961384035309385
 0.01937970414725479
 0.011929750192089916
 0.004386233300208597
 0.0030623126265534317
-0.0018567638904314065
 0.001177009213482183
 0.0027184534767683566
-0.00841086296477099
-0.01238729289433757
-0.006401609137019926
-0.0013889799215533738
 0.00022731469110597036
-0.0015550643724598218
-0.0051104610868023675
-0.004659025036262851
-0.004434479107260747
-0.007346630631677689
-0.0020883987073304494
 0.005506567561510176
 0.007583659637498047
 0.008570743500739234
 0.009157845809517604
 0.009843189201848249
 0.004065672740489953
-0.004322249655257349
-0.006588816916330759
-0.008570017220419016
-0.009091635711730606
-0.00609996592933941
-0.006972445433337707
-0.01512646048729388
-0.018997632113054455
-0.010518496092243354
 0.0004190060907925258
 0.005087791513826129
 0.004231685523753206
 0.0037685438678893984
 0.0056491537767727334
 0.008921512369313253
 0.015700142015302856
 0.021000477261172476
 0.015180857478291801
 0.004814078970991537
-0.0028276790044420713
-0.009540824832964881
-0.00877595294442525
-0.005622887096198195
-0.006801785217942863
-0.00415395922798463
 0.00403980983584129
 0.012692037289577837
 0.015592483208670474
 0.012811319795656556
 0.0070946192431639715
-0.0004886618968218404
-0.007082514981031185
-0.00802048854073098
-0.002561096302443361
-6.998823148521294e-05
-0.002448831016618372
-0.006079078080334074
-0.005290815457615353
-0.0005775876396414414
 0.0008141559248984048
 0.00585251494796199
 0.006565927221307569
-0.002802066936544584
-0.009271949129604606
-0.014141905104813307
-0.019439911515499786
-0.020922889181572923
-0.01006725456816393
 0.00594837600515738
 0.01300769446129632
 0.01894893582367367
 0.021638865135154284
 0.01711977017263229
 0.010474457473228907
 0.001749708505302372
 0.00047724744684124465
 0.005985760226905001
 0.008350558333295954
 0.009433544206671515
 0.002923897765506986
-0.013494063673929815
-0.02337899305714035
-0.01392914156789607
 0.0051366407423815985
 0.014773618105058797
 0.013225146383284134
 0.0012771542454758367
-0.016703308237125722
-0.025788274511410594
-0.018464640759047676
 0.00012864872081190526
 0.0078008044124436016
-0.001218667806139745
-0.004619685674900148
 0.0005613568266560065
 0.004881620310420817
 0.00894926386505121
 0.01505891851351815
 0.019650514513760667
 0.009206546583669331
-0.003387029817482498
-0.0008304276908228103
-0.0023952729265228484
-0.016483517241719994
-0.02406212023486999
-0.011845144892236634
-0.004339063413276625
-0.008037143606111755
 0.0005074864704008447
 0.003943580202195193
-0.005667677591119719
-0.008378668801596309
-0.0012187701884871643
 0.0037821636598898284
 0.0017775726216224669
 0.0025050193354755057
 0.008762035609270885
 0.013554791923453754
 0.009276621522976619
 0.005452231365574281
 0.009271933137906058
 0.006633453203384737
-0.005384711136960915
-0.01738650196338118
-0.020434319746036975
-0.014172625325405794
-0.00554612767926628
 0.0016161100072607654
 5.36038449786419e-05
-0.006668898277215812
-0.0028491965048840218
 0.0033189349790306993
 0.0021938355458979986
 0.002963385581273459
 0.0011739892974539229
-0.002947463184023155
 0.0014897539706372198
 0.0072906509279398735
 0.0032744567502688005
 0.0002897939498966162
 0.004762097205825641
 0.0005424036407962879
-0.004350943068591531
 0.0020510957571143323
 0.003651016855848288
 0.0012628177770434706
 0.008747847595242275
 0.01644105494763519
 0.019367230674324845
 0.018129855717132395
 0.0019458016194867228
-0.004220001029244844
 0.0042848647991632904
-0.0030528136319418336
-0.010423239090897735
-0.00941510356689533
-0.01410027274208904
-0.019718732211029363
-0.014827734813294191
-0.0022318295769591934
 0.0036813429044031953
 0.0031714197801811644
 0.0010030936026600296
-0.0025172170104138664
-0.009700516595936848
-0.014757598444578454
-0.008215215213797908
 0.0031082340831933425
 0.012642292215482437
 0.015219946002903315
 0.011865709602501148
 0.010361680275666793
 0.00533032823462222
 0.0026754747861755246
 0.011968608356419747
 0.017306368776975972
 0.013243393130946676
 0.007798025094931785
-0.0002788005362333035
-0.010318108765025993
-0.010390625160098615
 0.0014614547293405888
 0.008780410334867692
 0.008983904603108592
 0.002560803878406792
-0.006407208724982516
-0.012334425885087139
-0.01224320714090596
-0.0022623859857958117
-0.0037360073581973047
-0.014430256144005144
-0.01743363153172063
-0.014187002746777116
-0.006924184903279881
-0.00021572745982764707
 0.012368482409417805
 0.022863899716468447
 0.02238438454667925
 0.01894594150323227
 0.01555895807497934
 0.010408313289621274
 0.0007058316330078168
-0.009038753345128034
-0.016493385447128736
-0.018823107690485757
-0.01646298773093062
-0.012706440940882455
-0.007169859279803764
-0.003881127173337856
-0.0023981597454994508
-0.0032145014874678662
-0.0036542524091525697
-0.0037735502725834147
-0.0020192503282673024
 0.009276130087709
 0.016908521531236217
 0.019154026893313705
 0.02254100008333189
 0.01547231509528657
 0.00014904001543225576
-0.006243652754836723
-0.004915064172580461
-0.008374558876788646
-0.006444828426129201
 0.0021699738529207674
 0.0030939027338783565
-0.00010127667410586572
-0.0046741703252398265
-0.012814150938688526
-0.01141071200705912
 0.0021021100090971023
 0.010391781083057383
 0.017467473053121713
 0.018148138298616542
-0.0016989047714782574
-0.01485619786634669
-0.005319800660639681
 0.003999062717201574
 0.005905402433681914
 0.008611705259087929
 0.006317069116999557
 0.0031265678558511784
 0.0029534713038083804
 0.00682697176475211
 0.017013631380638466
 0.010555444554668003
-0.00507424914293271
-0.00643325591785654
-0.004547967862137403
-0.004569024642015987
-0.005698802221984503
-0.009621433462939144
-0.017950879023238664
-0.023545947757999855
-0.015513574760009821
-0.0025995555388388936
 0.004258602603359682
-0.0038369356151487094
-0.014685563246538705
-0.005376056162369081
 0.004700667002875428
 0.0035311251748024186
 0.003098391473371459
 0.003851567994821517
 0.010010343185064607
 0.013979745656142725
 0.012590330926786034
 0.009046629579533047
-0.005483699611649337
-0.017796587202651815
-0.015155778432947326
-0.00971042063516718
-0.011600397075956892
-0.013845912676269112
-0.013312609056102709
-0.00957009670656199
 0.0018749844081606543
 0.010246523051747822
 0.019055468424484426
 0.025827080850220285
 0.014524672975755479
 0.005722734585037886
 0.007488729896443558
 0.008206820316624938
 0.011869804169956671
 0.008368206144226092
-0.004412496130358656
-0.007857956394059368
-0.005865070961116298
-0.007011222055010216
-0.0005366719533490966
 0.011731763004478313
 0.014169072386824522
 0.008272263181152761
 0.006022069434004698
 0.004148466507140389
-0.0025085415593525534
-0.008304770608054138
-0.01417117185929305
-0.017871591125546107
-0.016103256740722535
-0.012515123236763959
-0.004662858891953087
 0.001395336141319814
 0.00238709815139683
 0.005865295204713572
 0.009692014197299093
 0.014236828729183387
 0.020678631802993744
 0.020266949762323974
 0.011125845726009234
 0.0030513591682620606
-0.0016829305487078006
-0.00820661143037979
-0.011202969597841533
-0.007918915638211454
-0.0053178711166114445
-0.002917986908951828
 0.0008806632026187589
 0.007273345734652992
 0.008896657567566052
-0.00263497950185404
-0.004721438109748288
 0.0035495203768687034
-0.0006257307932203415
-0.007830082039504527
-0.01404266615659433
-0.0158648094682646
-0.0039168275686910226
 0.002195166153193831
-0.0007731231332529787
 0.0009343953427049106
-0.0010187360803684126
-0.004033806835173445
 0.00354712499315972
 0.012089415996254418
 0.00850828947431484
-9.716674929821645e-05
 0.003996206612929196
 0.015045984320024824
 0.013022680694414174
 0.005820668521547903
 0.004842930713743615
 0.002155330237446143
-0.003750835261897262
-0.006405688710343957
-0.002738026710176422
-0.00270762387486094
-0.005680591308143565
-0.005645510325992281
-0.011221866473410183
-0.015394778570081327
-0.012475620063645401
-0.007434921967163902
-0.004244430944250255
 0.001661724316858404
 0.012000423704909002
 0.011336121735104829
 0.0031563768735516223
-0.0029743396739112665
-0.0017393140283714775
 0.0058883992683199105
 0.012089277780085408
 0.017759186625985024
 0.010288181010058961
-0.0063192453762286604
-0.012501421538885615
-0.010440702976823119
-0.0019872967636090366
 0.004258024143096756
-0.007156659255427758
-0.023083415277103198
-0.027218902199087763
-0.023534866684994826
-0.011851200081645225
-0.002342871756953163
-0.0019101482937569358
-0.0014750857571427939
-0.00346096420806688
-0.002228277635944992
 0.00826012245085192
 0.018114633641394873
 0.021953048001069952
 0.02039755905904156
 0.014533496881220548
 0.005074278860069878
-0.004873805505424281
-0.008068984913408475
-0.006691275789376089
-0.012831348630510636
-0.023441390773273674
-0.02425305436840626
-0.01626044561852072
-0.007556758549590134
 0.00012475343571322073
 0.0006019192938497564
-0.0008787192988054665
 0.008243661911931238
 0.018949595826593904
 0.019047831791028813
 0.010358168924370956
 0.0017082703058175774
-0.0033511506162419435
-0.0009255366009853078
 0.006762992604571791
 0.011452829688366584
 0.010851682700845994
 0.0009503798037100858
-0.007687823447753719
-0.00900004875431934
-0.0007805498828963864
 0.00971720649757217
 0.0018602537676907227
-0.004342974055727422
 0.00034452395464946994
 0.0009012183089949777
 0.0018929803190720074
 0.006374639868672691
 0.004166549443047049
-0.007821206942865755
-0.01210639456359662
-0.011528648548489909
-0.015912077252773063
-0.013968312361606144
-0.0048599655913769
-0.0007548968620599283
-0.00265189052310337
-0.005138330685460463
-0.008071533870638595
-0.0040109075362619595
 0.008524181791207355
 0.016299256713227156
 0.012140379057063486
 0.008547557168034348
 0.009277342955305315
 0.008510121755113023
 0.013485325795892997
 0.016367059127642358
 0.009604792757343411
-0.002839082945062091
-0.017919094389453633
-0.023827598962214966
-0.01118257318410383
 0.00732884872612885
 0.010091289313564733
 0.005539447323191962
 0.002706824294984006
-0.005227317857688499
-0.004158366424820412
 0.005235347302394014
 0.0102760453988755
 0.017849960006954935
 0.009050360689655229
-0.014469027646560287
-0.016433854436723155
-0.0027034985927011784
 0.008895961367603608
 0.0067159398229929
-0.008230744436577703
-0.0244007640937159
-0.03389039006929943
-0.02030739585060587
 0.0053569125715995786
 0.020057983884054748
 0.019730508486429793
 0.008538037062606835
-0.004361957956291379
-0.006927926614857444
 0.0012214000540281683
 0.007113520874629367
 0.009047929472124641
 0.0034060792690052133
-0.00900504940554954
-0.006315120094068899
 0.010961271051506613
 0.016862748165779456
 0.014023107917317756
 0.014537698950140884
 0.010119184144589052
-0.0006686275779352463
-0.007122136257069894
-0.003915271720230873
-0.0017235650467653518
 0.003375609885163916
 0.007099409647361332
-0.0017797181661473316
-0.004273175548758168
-0.0010850235992624219
 0.004018829479502675
 0.00606317452763977
-0.003087285802346615
-0.006574849387569734
-0.0027598257620737726
-0.0006406303645635075
-0.007332724532325113
-0.01632412786989354
-0.008654311251679744
 0.00269018970607271
 0.00561870450618028
 0.012315466582542983
 0.009602136298648506
-0.006921083444594328
-0.009524477277846971
-0.0026920489432454148
 8.208701128001317e-05
 0.006661895416747138
 0.007248997725525508
 0.0005054439425698359
 0.006325053487215793
 0.015592457249862995
 0.015515262707954558
 0.011653447375865628
 0.0013989443926250983
-0.012286979294691303
-0.021423405184170213
-0.02536240993905023
-0.018162747077836605
-0.0024044145804855283
 0.0026035364881451944
-0.0015272722870035282
-0.0037634315936441037
-0.006762128834523776
-0.0033751556445055786
 0.014266130954264114
 0.023952228858717436
 0.0068395626141609794
-0.008090748131484235
-0.00726272126066102
-0.0065890732354199205
-0.004123694972058792
 0.0010339567953182582
 0.004341401489127483
 0.00036497155956088934
-0.004654685114394139
-0.0015109755598387148
 0.0014152001668509412
 0.002273634992107032
 0.00432499726049787
 0.0024724459943947508
-0.006313118882397481
-0.01507997117184641
-0.018125449881084305
-0.01207193299464722
-0.00036955380395432835
 0.007113136940826548
 0.012970171660159083
 0.013208752029668674
 0.006965759958146023
 0.0022197748740866163
-0.0009964561946587819
 2.8052843268983052e-05
 0.005796202772720888
 0.016504475760801454
 0.018073988905102575
 0.0022103878657107473
-0.013405271391382492
-0.017882263032382092
-0.007669873608898703
 0.003545978310868614
 0.003101549242348095
-0.0004936117200989437
-9.428641708678076e-06
 0.01186370290849173
 0.022246844691482637
 0.011089459368928342
-0.004168321655224461
-0.00593198813144695
 0.0013472032259756461
 0.014513842376281005
 0.019889027971523823
 0.012254287216343945
 0.004196174172522146
-0.00033227708367152
-0.0008305048408039917
 0.000664157954123959
 0.0015693742477382588
-0.0035882877578735373
-0.011190281485202638
-0.012182053733514414
-0.012235857541243733
-0.010102627703225994
-0.005794059586550757
-0.010376309531356362
-0.020712680084223778
-0.01378668881290579
 0.001279277952743546
 0.0014149390918650334
 0.004558648646420457
 0.0063994943071992855
-0.002149824154383903
-0.006956625147309006
-0.008252476939949238
-0.0014691691471238194
 0.0034662706455516473
-0.0018972298208363297
-0.00683267985174657
-0.008032629634252428
 0.0015552271866486334
 0.014855193521774918
 0.0184854303472559
 0.010046048336314548
-0.007307542470286782
-0.016291928587601465
-0.008661876217492162
 0.0056392135405001625
 0.013935901834714187
 0.014733520751104581
 0.006343259281939351
-0.011637203200662194
-0.012879256304690459
-0.0007839127797884954
-0.004271476365011614
-0.008011659879369151
-0.010032624431561901
-0.021419238949071495
-0.01808840352108318
-0.006014111656942392
-0.0036001930087753015
 0.0016790905763331282
 0.007617992865292564
 0.008857696657668196
 0.013921785488328786
 0.017823354830287463
 0.0103523492143614
-0.00010331408281950838
 0.000282627912018496
-0.0014786994907860784
-0.007043360271114449
 0.00400641743598118
 0.00997338860595555
 0.0027339512584026865
 0.0010498132783891834
-0.0033102246917148526
-0.0055884873198778495
-0.0038458827426512965
-0.003672796428843217
-0.0003279265603474413
 0.0008883864978490724
-0.005127715452136181
-0.0130665357516445
-0.010933305913626762
-0.0036237066017713176
 0.0012298656212772624
 0.004074173778340046
-0.0004823463588685545
-0.0017314166831505495
 0.001870751261315487
-0.0025501026176542596
-0.006959261129534433
-0.0026787618938741153
 0.005507989949698075
 0.010511262871492982
 0.013559070415914046
 0.015420967737454064
 0.008459880126632652
 0.00137716069807986
 0.004527887472889014
 0.006167572819727463
 0.0027267907028625527
 0.005028433826969922
 0.01265146897682548
 0.01446892390342519
 0.01305377936647148
 0.013383583599279616
 0.008094933482264782
 0.0010917425499209626
-0.007775689896498142
-0.013412861952781768
-0.010872633340047455
-0.015988192024136844
-0.016830263573702292
-0.01191821451520593
-0.014509912981369014
-0.014694704900501385
-0.012552118768812001
-0.005752437462061208
 0.004333641996854945
 0.0076247131767387955
 0.0005840970697083975
-0.0046928576802168775
 0.0020483467910861336
 0.00485990792029814
 6.480229446259589e-05
-0.004066006480686127
-0.0032707266377136612
-0.00020420650594930867
 0.005538213615905563
 0.018117745338315172
 0.020272026837094115
 0.009881857595614746
 0.0037558191949876585
 0.0065743975444534225
 0.011998703681472364
 0.01064671412680225
 0.006251590055429551
-0.0008732326946456481
-0.014145140386991759
-0.017656094706393996
-0.011118389622449265
-0.007410963374177237
-0.0049549414044877255
-0.0037175766855300357
-0.0019773111817213834
-0.005698782108735631
-0.011923061592914994
-0.008229669785150412
-0.003362063121594358
 0.0005675751013792529
 0.005456233425696511
 0.01011332348164054
 0.016127076119973133
 0.017369118985766666
 0.01390962428155848
 0.008571853622767509
-0.0028615423631003084
-0.012994413528609444
-0.00994426691077048
-0.001848738930496821
 0.0014891137177452385
-0.0032404978523887934
-0.011588656000031602
-0.007581828354266906
-0.0023820732653674626
-0.008285899691292953
-0.009525613721903331
-0.0071654937623481935
-0.0056076759851366315
 0.000894942997539408
 0.01013193880575379
 0.01124065448672637
-0.0003541375649773332
-0.007385397378336073
-0.003706040011078965
 0.00257670607031342
 0.011336530901273886
 0.0184730387802039
 0.01573397868871239
 0.009060597108294072
 0.004560214733115353
-0.001872242285258105
 0.001627006428819841
 0.010973938687676044
 0.009315530515259546
 0.0029438894057517845
-0.0043282949696518275
-0.009670743775278615
-0.013249531223800279
-0.015125473224082517
-0.009949108869362178
-0.003383334904402513
 0.0008667563768249426
 0.00240820064011113
 0.0047753378199199975
 0.009266353663192325
 0.004670069277879246
-0.005685013862331459
-0.01133388128570463
-0.009011186500836071
 0.0022233780062745484
 0.008927157302890967
 0.002026885600935252
-0.007037029012588417
-0.00818084103306442
-0.008148099124331024
-0.005493255914119061
 0.004089922759946157
 0.004176463357291507
-0.002223246633231188
-0.005596195620976657
-0.006559898988273485
 0.0045623899947773855
 0.019263461307232554
 0.021859827681996735
 0.010248662116367657
-0.001968323464500446
-0.0020993166950208503
-0.004415004497870426
-0.007563402437496397
-0.003961234493030361
-0.007965733303611888
-0.01581566881323959
-0.013039193785296235
-0.005940111081052815
-0.011079060499321308
-0.014585336671887716
-0.0028946528482844125
 0.003919062898973855
 0.008838129177723947
 0.015787511183221054
 0.015930189542596285
 0.017623673578046686
 0.012119828706584027
 0.007224142923778293
 0.0205685516538449
 0.01830198439277149
-0.0021345051786369335
-0.008293290607114784
-0.010494363812486682
-0.010543489473380185
-0.0040899910324802835
-0.00652497157964331
-0.012868543808136138
-0.013027605919671476
-0.007900362106727274
 0.0005717566938300972
 0.011046122340119535
 0.015125461261839487
 0.0029271882683146733
-0.011142343459539197
-0.011465140710328323
-0.007795139636742873
-0.005818627717725178
 0.001163501315622692
 0.0026605031839685434
-0.0063098484928386656
-0.0033860118395669103
 0.008711670758752968
 0.012091626728517435
 0.009287072581324426
 0.00043601364883066873
-0.010281625871156289
-0.015364437527394914
-0.0069741862964644435
 0.01075832416560378
 0.015537046039279204
 0.008248488149950203
-0.0016972571421260269
-0.0076314915224843655
-0.007867743056810789
-0.005638611208658689
 0.0067725072276613035
 0.011909107334277164
 0.0034276220018134157
 0.00017396575838141137
 0.002534085717936549
 0.008800458285403559
 0.009350135419495337
 0.005523406188675084
 0.004627535950497683
 0.002094314319782367
-0.0015008466426646716
-0.011137834243576603
-0.019036890294980457
-0.016924712117723922
-0.007760227585464796
 0.005018125377467264
 0.01114181446644169
 0.0055748146126954334
-0.007940356715113464
-0.011593994513008285
-1.0908066628873003e-05
 0.006435573154017299
 0.006236746794377468
 0.01287269296187446
 0.017083019994997437
 0.016739171083447107
 0.020427884744375846
 0.01952499728594473
 0.016287714556438113
 0.008423744606302935
-0.0013278575920866592
 0.002480148813155586
 0.006912687820980118
 0.0034672275572794065
-0.0007197189798991976
-0.005484416651301893
-0.015011467801572004
-0.020459174911004796
-0.01412496921441836
-0.00805040066722007
 0.0027982167259351792
 0.01779167221562926
 0.018093407567422448
 0.00346015914585196
-0.012487648536584683
-0.015364713959732948
-0.0072247435845189945
 2.9881577095630663e-06
-0.001550161710900902
-0.006808403873482888
-0.00903052873961599
-0.008235248896643524
 0.00677458010697593
 0.02369777116644685
 0.01628056423913274
-0.0031080204410514345
-0.0072364901427822564
 0.003941936602298496
 0.012797663443393309
 0.016654790390411692
 0.01648637198520471
 0.005878668915859572
-0.012204712797130077
-0.022344601182892943
-0.016033786220485638
-0.009994303774556013
-0.008815415891046091
-0.007374551784730107
-0.015589382747551964
-0.01848983890487936
-0.007856416266171937
-0.0009748673897942567
-0.0009070393797922099
-0.003543180240895616
-0.007037761046372465
-0.009811907239132653
-0.0024438310918294126
 0.006746383248026733
 0.0021500988627136397
-0.0045326390113763215
-0.0018473878467315102
 0.01141749238712611
 0.01989428933451931
 0.013695739657936995
 0.004669250219099891
-0.0035642933310652547
-0.009021356734169705
-0.010310191306556207
-0.007557107012791969
-0.0017304802478922965
-0.0038192779292044454
-0.00778401249168148
 0.0005056585822788007
 0.00606095283070078
 0.004528854622851505
 0.008582463736974424
 0.008753210977364576
 0.0013968199589161623
-0.0027667358440833373
-0.0030778377277829033
-0.008144275870096154
-0.012237659470558312
-0.006396998265151152
-0.0009773702749680396
 0.0009780899832884382
 0.0010389007730367689
-0.0013492983057680485
-0.00033648463492982894
 0.003611866175387085
-5.346698959730889e-05
-0.007112795683970982
-0.00514096191178913
-0.005199443866354292
-0.00871273725917443
-0.00804376738076916
-0.002703667886795033
 0.007384750645539048
 0.012062892362244282
 0.015143446934516094
 0.019837962165146716
 0.01786144000789429
 0.012458175293401805
 0.009709758908238664
 0.00734962871044878
 0.0029591827859118958
 0.00016632400580843254
-0.0057842838884752945
-0.010672952451027298
-0.010834353635980537
-0.015680918877010147
-0.012167635722424727
 0.0026527283343439206
 0.00743846742827306
 0.002582545893571833
 0.001553348470573493
 0.007326176546861213
 0.012474472020566618
 0.010315502136717128
 0.005082989781732161
-0.0024347973025521386
-0.008787725824716597
-0.004530617323235411
 0.01019618379681679
 0.02110093895200192
 0.009096809052163729
-0.01181451242308068
-0.021231627122708957
-0.019956837229064675
-0.009737430585327556
-0.0026126180734871024
-0.001043104929185995
 0.0009217116227421412
 0.005534359283745849
 0.014233368205840619
 0.01470117777030551
 0.006327289815065668
 0.0009099906600657237
-0.0015460415478585204
-0.001931993780931257
-0.0007484277505855064
-0.0049353742877641105
-0.012085926845436343
-0.012237971736717937
-0.010226373716431578
-0.013732649888998014
-0.016523169595683562
-0.012275417387873994
-0.0054008857317500575
 0.0002245807192092636
 0.004816176719451781
 0.003887559453423617
 0.0009496781214096556
 0.003634929286054453
 0.004254778622683572
 0.0034056898528644075
 0.0043764002021802195
 0.0016139493765096047
 0.0024981140093627147
 0.002521499624424439
-0.0022829622950827355
-0.002294662781289661
 0.00014030752763861953
 0.002568260616313184
 0.004635996398629411
 0.007859234449393807
 0.008427624170828887
 0.008502469401084692
 0.01300050246461075
 0.01164851290994065
 0.0035903998661188374
-0.004472391324538805
-0.005906248448835791
-0.00876460128464078
-0.018457726647582592
-0.02441535176212005
-0.02845961482080607
-0.02714272160563938
-0.016885889787215683
-0.0007907307176853867
 0.011501094974321155
 0.013847180493368819
 0.01541903271108784
 0.015250614305880858
 0.015147689956375388
 0.017938199424826204
 0.022122796650352147
 0.023063099045235125
 0.015849391505279295
 0.0058732382587702164
-0.0028515107091563047
-0.005454904542408975
-0.010182177039125079
-0.015169086685229344
-0.01454455920176441
-0.01869408056425642
-0.015417043824880072
-0.004201191905112742
 0.004451035548623805
 0.009564244921060533
-0.0002154261583439815
-0.015321167410332542
-0.0183993931474212
-0.016729299846149903
-0.011681584529414674
-0.0026200192275436657
-0.003424665602422522
-0.00743852070667568
 0.0014405968685982512
 0.014354616089769179
 0.01815560527475768
 0.019355544819028805
 0.019126310504956126
 0.011271696848492607
 0.011054157901509473
 0.0195145813349773
 0.02119637000333814
 0.014368609577337682
 0.0034802176978431937
-0.00202362717361948
-0.0028937676041998484
-0.005499500510870406
-0.010863000977258397
-0.01660777041076593
-0.015838220375390483
-0.013396232846208458
-0.009770674167563304
-0.0034645373519918005
-0.005719409245975679
-0.0079672639197058
 0.0007411012960606145
 0.01167158625884275
 0.01305631260312888
 0.004099995366829132
 0.0009165113259344687
 0.0037631585564151526
 0.0011784773105057988
 0.004518669032165759
 0.016199996562097446
 0.01851567412671226
 0.009821333113218575
-0.0002179751155741011
-0.004606081966693085
-0.004519541369347735
-0.00011507124253812284
 0.005739624403376498
-0.0005501491365043631
-0.010226900985520787
-0.009324023765324416
 0.00228713156206993
 0.01298838732989678
 0.006600372706463631
-0.010963734707749709
-0.028361767909291347
-0.03267034626420135
-0.020198411919015655
-0.0069592614927550395
-0.0005502054467954459
-0.0007981523482114145
-0.002968817599150478
 0.00015384029464374227
 0.008059903328066581
 0.012029305799144685
 0.009128849641817302
 0.006499726000967626
 0.0038074473778343387
 0.005341874420866782
 0.007540598314586047
 0.0023034078127652513
-0.0016402750889505657
-0.008360438137727105
-0.00907853879614326
-0.0010414876513173826
-0.002910412431345877
-0.005997994462106179
-0.007352323090194193
-0.00642839420923659
-0.0004169806443219265
-0.002152578239529482
-0.00891718368324633
-0.011160360210140649
-0.006685717880793696
 0.0054189819377799125
 0.016641851077800987
 0.017848807842325856
 0.009722861669384603
-0.003172455202677782
-0.003733837942093851
 0.007692530585285476
 0.009835116716974873
 0.0054282972785126005
-0.00025097809929341963
-0.00787870163421954
-0.014956742915936516
-0.01664555904278585
-0.009380402125870713
-0.0018883550874181781
 0.0021558977330330964
 0.0033932624519908
 0.002284536532783474
-0.0021105875385892398
-0.008458837913917883
-0.0070530599088705626
-0.00020191898692573096
 0.004670365823466152
 0.0027710330890047957
-0.008660023823445107
-0.01602577113556518
-0.009834248917471339
 0.00018633648574332973
 0.007919308086240723
 0.010922673235721464
 0.006405917346617371
 0.0001769597156022068
-0.005202914264711173
-0.008033198219501214
-0.005036850290274203
-0.0004616278039570737
 0.001587395391015864
-0.002143431829670042
-0.004648584579370424
 0.0030305883325150162
 0.00983026963926581
 0.007540311644013267
-6.869930356956377e-05
-0.0042907319420168455
 5.526134934498439e-05
 0.004223485060945553
 0.002829392184753046
-0.001369249719515117
-0.002672118732409079
-0.002122441598317301
 0.002579090852567051
 0.014412458154662966
 0.01783685651936774
 0.010903837789561277
-0.00023015679881389917
-0.007121072207097984
-0.006548004338827074
-0.006707066450362412
 0.0009580720210155547
 0.006932060411243654
 0.004090081089364053
 0.004012886547455602
 0.007755398896996321
 0.013451037550492956
 0.009832485853866813
 0.002536910744284096
-0.0016453576460586927
-0.010735002067179394
-0.017712463191926167
-0.011600469470041314
 0.0022468400448762277
 0.00937633070355251
 0.012585534313809446
 0.0114510785870051
 0.0025508991127352193
-0.0036733803714441293
-0.0010255543814859103
 0.001659696783158901
-0.00370380368322909
-0.003530717369421024
 0.0018374510055680499
 0.00700913721345256
 0.011872065730172798
 0.01574322711769864
 0.025621129042420684
 0.023693727426944408
 0.0046513256126111124
-0.01155144107237785
-0.0161407082374372
-0.015871719913494772
-0.013808662278014375
-0.007413640672562241
-0.008463889756321785
-0.00817618884503607
-0.0036500869004950642
-0.0016221153662833443
 0.00918907685218534
 0.015043772498099961
 0.01193046065974264
 0.01494552117631294
 0.016601580037076777
 0.007680348902045692
-0.0014981803089556406
-0.0026630439901928343
-0.005919039307042739
-0.012028704193744438
-0.013542089814250424
-0.009729405262172364
-0.004267673950466844
-0.004716781165823192
-0.009008986006807801
-0.010964456503299011
-0.007834781389251075
-0.001018726568574893
 0.00480088297607105
 0.009673167786462919
 0.007191405770941656
-0.005149550701075742
-0.011729369344777613
-0.008625424038326682
-0.005767081440756439
-0.0036549032634999035
-0.00010185586081000453
 0.005902540483850943
 0.010466067603078513
 0.0099795352130356
 0.009397100812858314
 0.003446492918574587
-0.00170649094020138
 0.005769182584325766
 0.009057914690791688
-3.6608493140660725e-06
-0.007802136743747731
-0.005292316085446266
-0.004555513077921569
-0.0075846182732340894
-0.0023334035691405797
-0.0010328838678992647
-0.0022445290174946952
-0.0001814713820142977
-0.002525228065878793
-0.002155659584966177
 0.005385507995262495
 0.017305421013821126
 0.02055906701901837
 0.008075427068508376
-0.0016668188362095604
-0.0012340953730133608
-0.0012387786389665423
 0.0010418128243795954
 0.007768982855175133
 0.009862448445088393
 0.005331658115476812
-0.003264441814464586
-0.007914524888389632
-0.005507623460476271
-0.0004365174095619373
 0.005139828499621246
 0.007483574945250995
 0.0016101564737583396
-0.009025615476601717
-0.006076049015732943
 0.0008826892834358085
-0.0008786381193687659
 0.003408878336545282
 0.0004686579311134059
-0.014466330961367638
-0.0215396940962488
-0.01575750972628942
-0.0055872236243284384
 0.001502502786243337
 0.00607070805230675
-0.00032432379138012946
-0.009074802566903684
-0.007919305417572867
-0.0012459340753892961
 0.0070577714390784585
 0.007081157054140211
 0.0019094606080209409
-0.005498390025621525
-0.016321287849414487
-0.019773765333368956
-0.015727173439499767
-0.01670725032072197
-0.018959783141287934
-0.014845358118299318
-0.009509936771161007
 0.0010088712700687535
 0.015571937250867154
 0.02509897816290252
 0.021269909858664338
 0.0067536151079894274
-0.00025893211802603677
 0.0029081681707085055
 0.008851748606503757
 0.015050288044851326
 0.01820569296649631
 0.014991800971168812
 0.009307847446526962
 0.0032098779269148364
-0.0006472592583382647
 0.0005292895517537283
-0.0031337045398127372
-0.00270799829687024
 0.007911389901329696
 0.0112585988432434
 0.006746521100975136
-0.002972334069563709
-0.014270063797192672
-0.01744653061783359
-0.011989477452963901
-0.00645991301213894
-0.009774385164436628
-0.009362713362001618
-0.005037771731400978
-0.005407350450548354
-0.0007783292756192439
 0.002615661134652683
 0.0046132247144315686
 0.009878473859032538
 0.01317188411233429
 0.00971706755496192
-0.0023221484461449227
-0.0031338120412775228
 0.0057406273871605795
 0.0062482011997299775
 0.007125348612329344
 0.007850456252764468
-0.0004041389581618815
-0.003947840305414882
 0.005588556900292127
 0.009887768723295734
-0.001056760918228622
-0.0181296629146806
-0.02698539999401016
-0.021032463264543277
-0.013638657309643004
-0.009624812443624578
-0.0037116399622621893
-0.002507022271155235
-0.002883618210556313
 0.0038482299670750397
 0.010402308564945145
 0.010863100909156306
 0.0073685201036794296
 0.0034856531108293093
 0.001895078067532252
 0.00013608973814557834
 0.0028143236825366458
 0.010547295283034053
 0.01120456979434975
 0.00592995411784239
-9.316505239657935e-05
-0.002439260809679003
 0.003508997772952077
 0.01011687505943415
 0.011560078239168034
 0.008601145246392869
 0.005780217585274458
 0.0001407064555729448
-0.0068788579906962355
-0.007524447373157134
-0.011961674766052255
-0.015404795956335052
-0.009145440609121785
-0.0037047609581774554
-0.0010616131150550517
-0.0031059684014269062
-0.010081090452755778
-0.01318270692402354
-0.007138546331258114
 0.0033334802416134235
 0.006823372662019725
 0.004018818514826689
 0.001268063056245633
-0.00033186828072306884
 0.0030200188080264506
 0.008142584474134837
 0.009230248494346213
 0.008423263046049456
 0.007569496129394462
 0.006252592675993013
 0.008334362898816713
 0.015248658803045156
 0.0149843383877038
 0.004645628761418469
-0.006993605685225543
-0.01324127590358401
-0.009744366262923979
-0.002635927265008886
 0.004072530178443348
 0.00341290635547499
-0.004144644976913789
-0.0035973069162399257
 0.0017194018435550962
 0.005595241377916754
 0.008128452770397324
 0.011966867130072403
 0.014507095742806717
 0.00706415900789556
-0.00300321810191205
-0.010261368036808202
-0.011501082067418567
-0.006949250315280528
-0.003403220132844373
 0.0013684845205773205
 0.002453809467370796
-0.0020652854951512256
-0.0033143558194332207
-0.0013659127814304728
-0.0009144767308909701
-0.0008981083360829617
-0.0029798887971413807
-0.010385400357365945
-0.008493095081393079
 0.005155393193002011
 0.011622926074409387
 0.013924569198516742
 0.013187755952757313
 0.0020888474656508005
-0.0063060921503502315
-0.0077399492746472315
-0.00981237344203402
-0.01228711823730154
-0.012036842500702416
-0.010415869741207243
-0.007917744449995337
-0.0020419971433195266
-0.001492320009227735
-0.004876964364062764
-0.004198638191985862
 0.004731938998482121
 0.024242145258162942
 0.025159056918866787
 0.00551083508929448
-0.003590504698915767
-0.007064033843631426
-0.004039617033389481
 0.009372624825796566
 0.014373558674173545
 0.003632528420007483
-0.011545724107936334
-0.014214611996890517
-0.010783196411931997
-0.011300136756407772
-0.007627796609404394
-0.00348998085223666
-0.003969496022025856
-0.002074851672635075
 0.0021191018465625266
 0.004881542433998395
 0.008909421740524295
 0.007517667937749703
-0.001384850609938093
-0.0007603231264731447
 0.007688404939905122
 0.006691954544757517
 0.003150592270922445
 0.004081538372133778
-0.0035368288691207256
-0.014046290854913573
-0.011452263553567307
-0.0016983325199945443
 0.003384468898009349
 0.003033602766205276
 0.0030686837483565738
 0.00838071436131578
 0.012364151272901344
 0.005351604046885894
-0.0015159206272190584
-0.005235052480815405
-0.013541107306935807
-0.01319492956020231
-0.007522681640884779
-0.005677157833270122
 0.0029586961065410367
 0.006200646744648722
-0.0006621997826204012
-0.002098395980335302
-0.00396030354011008
-0.003979021246570735
 0.004909452622374841
 0.012499740744379637
 0.010750108708664621
 0.001148207209021354
-0.010273493409756917
-0.019292965628340264
-0.0125798300380522
 0.004595980950553122
 0.013683276060021177
 0.018845605974234042
 0.011346531477293031
-0.0031978321543968125
-0.006369620828201916
-0.007162571835991213
-0.0027370500484203975
 0.002284935460717785
 0.0017937249238390435
 0.007133824417813184
 0.01074300958253295
 0.0036018133185323764
-0.008673649097783509
-0.01413071250088796
-0.014095631518736662
-0.016058119235481602
-0.017358649174957677
-0.015010224582492085
-0.0034154427690231415
 0.005945523930340521
 0.004925682801013839
 0.010354667084868582
 0.019956558346277117
 0.024693176898430147
 0.025015963910984526
 0.013776711018803345
 0.0016930526227561943
-0.003960492947452807
-0.011660727758334183
-0.014292190472601773
-0.013132015176435141
-0.01156250203213402
-0.007211830593936361
-0.005565128026844196
-0.006044643196633379
-0.006444629870213575
-0.006131199151330841
-0.0028915875866410423
-1.2193328309595408e-05
-0.0015372743159051544
-0.001006309769156652
 0.0022590316031301516
 0.0017397521852364761
 0.0014871271369846922
 0.001554955146986739
-0.002692807299057562
-0.0027419329599510656
 0.003758346949307073
 0.007152337359579
 0.008969792286178724
 0.0074470503720010794
-3.331153759662808e-05
-0.003284628707610704
-0.002702204545668177
-0.004779306859890781
-0.004274072120739297
-0.0034413671030802534
-0.0047559314830637744
 0.0033536309377173446
 0.012836229454812387
 0.01313328665976976
 0.01164329177344288
 0.01262335841643035
 0.011559074892163332
 0.007570949595507193
 0.010150942456345985
 0.00850422965101906
 0.002357139589630783
-0.0009713670031743643
-0.01169368466999715
-0.013279581566458393
-0.005775839160916299
-0.004281176365988348
-0.0021479465279706095
 0.0016483645101820626
 0.0025863278316471255
-0.001736284963770332
-0.0036028706703809255
-0.004622711799707621
-0.006274102751870375
-0.0005574124376125228
 0.0045581360082421335
 0.005891402737334198
 0.00027996048864761813
-0.011555756125100958
-0.013195451710174153
-0.008676366985886877
-0.0023468394361362693
 0.0056972289289433375
 0.006104222584542532
 0.0072550415870375196
 0.007542742498323235
 0.0072667267158923465
 0.01316352568332936
 0.011231445921017255
 0.00350548130253886
-0.004335097913417213
-0.008699814030357078
-0.005593529650488233
-0.0004241825160216234
 0.006810566446460664
 0.01008760318583704
 0.0061860236056436035
-0.001703676152088593
-0.0026229371244451127
 0.00946305010678522
 0.013907284481699339
 0.004186090237742579
-0.006372492289826406
-0.015689026832484493
-0.01850059819993126
-0.005743296897760375
 0.008015127827276536
 0.006417535563725735
 0.0004903184036211261
-0.002693165637273523
-0.00894785307588572
-0.007312845875883087
 0.005222243451586214
 0.006857250651588834
-0.003118902594920231
-0.009605158301905642
-0.011438996980665486
-0.004290793734645915
 0.009222028281510322
 0.01484749473246963
 0.01187452729918699
 0.002988382265424569
-0.005836946859472142
-0.003918911775902242
 0.004567241465162589
 0.010450005992092157
 0.0071893325284064225
-0.006838095877925041
-0.016875065033299802
-0.016627128370118566
-0.013780481139637896
-0.007881343098782953
-0.005139954172108274
-0.0067960232711068574
-0.004931786876148911
-0.0010044877265932006
 0.00537883851176936
 0.007488677615607994
 0.002595330906220175
 0.004546113017640824
 0.009121335503957967
 0.0051940261161675105
 0.002038610956287795
-0.002637201925234256
-0.011530364179250421
-0.007460381551202114
 0.0013930062164747986
 0.0029180769658355837
 0.005762385122898367
 0.006283993375975225
 0.0021835925552593227
 0.0004667075473950705
 0.001374262914427285
 0.002363685851086386
 0.005586923901850796
 0.008417197618406105
 0.00355191979003322
-0.003144852524564215
-0.00866507090995225
-0.013827411062399875
-0.011453256662337277
-0.006880373249438049
-0.004241903553151474
 0.0019192107105095307
 0.004012676300422777
 0.003507431323036561
 0.0036641441229192523
-0.005243052571604359
-0.005500355766691972
 0.005713157079657444
 0.006386805104898516
 0.0027472017475111687
-0.0015169342124585067
-0.0058769721825625565
-0.007605552557516368
-0.005575241949886733
 0.0010583651441923442
 0.0019051046023588758
 0.002377592313659596
 0.001229102146347763
-0.003222159687054818
 0.003427820920949648
 0.006075646910907867
-0.002366074173451388
-0.005444299910540046
-0.006157722422120357
-0.010548168346657241
-0.014066139886313223
-0.01386498469149021
-0.009448819197591038
-0.0024456385034819783
 0.004122474534895587
 0.006943391957779266
 0.006758600038646881
 0.008171395263947945
 0.010292929734876138
 0.02108307029258359
 0.03093290333629073
 0.023309857948200424
 0.01672770023108064
 0.009331544964527733
-0.002829302854310503
-0.010239492561370883
-0.01366156209089249
-0.009334281386873963
-0.006653708369064981
-0.006574184991973361
-0.007547244652941834
-0.009367048891194205
-0.006298189686011937
-0.0038538630834119986
 0.001399690694099412
 0.0021154420408629054
-0.004805881321854014
-0.004672559256150441
-0.0033743786283270266
-0.0062350705375499305
-0.009154239282220603
-0.008761280067128868
-0.006422211768334948
-0.0031475141023764863
 0.008388790875644689
 0.012816651736633405
 0.003928167629453083
 0.00026283446446870307
 0.0028077412240388316
 0.0116517726980441
 0.01997419079985513
 0.019658410769319748
 0.017115832844932788
 0.00693851928448333
-0.003966246108936533
-0.002990857612784878
-0.002494979167305067
-0.004696052372676965
-0.0015967852130618632
 0.0028825352631209056
-0.0032388249906703387
-0.01520786878923984
-0.014623105553879398
-0.009381247143457533
-0.0024225088442887677
 0.004917498421999511
 0.001911783960866123
 0.00325674605704776
 0.005684699145722311
-0.00037116705236742153
 0.0005808307096051013
 0.0065431237327436415
-0.00027294132616725864
-0.01404073258311056
-0.014267627823765325
-0.008431644765193994
-0.005727681013205907
-0.0005442994382318239
 0.00401922768099576
 0.00574311967087901
 0.005198110445388315
 0.0046016416047035685
 0.004346677483033856
 0.0013175722877213497
-0.0051476317585028575
-0.0062961219258146905
 0.006388668100400938
 0.022067472101543043
 0.026158506390352526
 0.0176419349566201
 0.0038928562870201022
-0.010448007957311475
-0.016880464975684933
-0.005411993126783185
 0.0056798879018348375
-0.0013864580127925658
-0.008541688717300627
-0.006939428545148743
-0.003526725547533527
 0.0018414428274555333
 0.0027326246805623733
-0.003236695801064629
-0.01038490928531896
-0.013313434323661277
-0.006817832561238954
 0.0012355920975122836
 0.0034927928266793307
 0.005413166983667145
 0.0026998366997726536
-0.006113797058034512
-0.009832928911630845
-0.0049349142936419566
 0.003415572689184035
 0.008266805838814686
 0.006514834729681757
 0.0020752682633687347
-0.0010333654281527577
-0.008017843773153274
-0.009278609464524842
 0.002222609412227655
 0.010980095169770207
 0.011901684977309895
 0.002414398075144278
-0.005627341454752147
-0.003393531459764218
-0.0010661585280598573
 0.004061085284884358
 0.007020008039424791
-0.0004018770347251621
-0.01051135746605518
-0.007407412159604249
 0.00012907727378859424
-0.00234098937464311
 0.0018412687774649328
 0.008133371152528962
 0.008023429582769762
 0.0031371000936356724
-0.004397060504574002
 0.002463436711042488
 0.00791581172907635
 0.001955847541120992
-0.005844967426730574
-0.015334593402314106
-0.012165154040161663
-0.008612106637471764
-0.012635318035396581
-0.008151319412377983
-0.0014241493815824319
 0.005069113307421963
 0.009885260355783965
 0.012589224107772065
 0.015630014431939385
 0.011770538173268369
 0.006028107813178751
 0.0058362986737926364
 0.008343780258676187
 0.0063555627343342
 0.002231771179439207
 0.005214084668158758
 0.01044424771149105
 0.012388012602657983
 0.012963419544346794
 0.013148201225244405
 0.006409325589124576
-0.0079946936374906
-0.016929959213029158
-0.021626823755312413
-0.02592370674313285
-0.02289461178605509
-0.016396670950214853
-0.011126743658778054
-0.009257829116984306
-0.014628346803626027
-0.01449970288475827
 0.0004259194758163831
 0.015807661152883748
 0.020251895527797853
 0.015449772681708565
 0.011194993015410534
 0.0140182495117121
 0.015267309597759376
 0.012331767339163316
 0.011094392381970866
 0.004346160452179393
-0.006392530728568768
-0.008345662151642091
-0.006904798045326094
-0.005922392328920709
-0.005337629093560267
-0.008581929043320613
-0.008282532764945325
-0.0049470191901211935
-0.003952918106626249
-0.004809024096699158
-0.006446380608354452
-0.0032909756867094686
 0.0032794764250860114
 0.006568208531551933
 0.005124995113583289
 0.001300604956180923
-0.0017168048720420243
-0.0023647333279208094
 0.0034151119686206405
 0.008617206130938013
 0.003620940191162103
 0.0010619887528497546
 0.0042454625555096714
 0.00315311015022772
-0.0009051873489657608
-0.006348216311562738
-0.01352683775024989
-0.01644834556833849
-0.010472018104692477
-0.0040068242967030016
 0.00254023708091336
 0.010577288225739223
 0.006299117825262088
 0.001812769890590829
 0.01077141596207376
 0.014696376038211556
 0.01238536638219781
 0.010315281288228936
 0.0030758439406760735
-0.0046594769714739664
-0.00672254484518911
-0.004324999710947394
-0.0037706444300197872
-0.004523831189704591
-0.009658102461137283
-0.01742383132772017
-0.01664492499867308
-0.014965475403730139
-0.009031251261606532
 0.005976238668595021
 0.015189843742630271
 0.014333737752557363
 0.010988857645826827
 0.00655864747318545
 0.0031131872094847246
 0.007728173943906361
 0.00913395194895368
 0.009026349452612395
 0.011012217665301707
 0.004790277254540273
 0.0046429105100944945
 0.006203067360723957
-0.000697204341231758
-0.00523267281767914
-0.007803319623081034
-0.010329524033542606
-0.012432356155362242
-0.012518906990942338
-0.014034631684866225
-0.01812099806507464
-0.015379609138399974
-0.010479255446993158
-0.007080586889885401
 0.0009283953739255141
 0.006422873713481811
 0.006270828822200203
 0.001838279576140911
-0.0010387858470073674
 0.0069327712421169835
 0.014962805166689117
 0.01580018833118399
 0.011016778072438005
 0.0062169942997666455
 0.0009049534485727068
-0.009337854167578277
-0.009377623534800136
 0.0005540770785339016
 0.007816894922031109
 0.012672806218497618
 0.011638930648663448
-0.004138124674265664
-0.01752230789067151
-0.009377659368621727
 0.003164447179101304
 0.015339319200212267
 0.028374970239114602
 0.024541223788040592
 0.004670789983766702
-0.011412683956908781
-0.017524687917028395
-0.015286199775204637
-0.0069801551873189815
-0.0037241701087038226
-0.003160458534104557
-0.004629401759670235
-0.007847971901833561
-0.001934799420471145
 0.007807436246012045
 0.010771037147388307
 0.004340919202432764
-1.9118767671286174e-05
-0.001071706924848731
-0.006739286935565192
-0.003342957451875364
 0.006018009247488312
 0.0011012718039213887
-0.008994174186901183
-0.011646688561929963
-0.011763647351942894
-0.003148845072892939
 0.006689292603724625
 0.0035572681780240284
 0.00012818142824867762
-0.0007513152960033354
-0.0007302687543595116
 0.006305658967600311
 0.01609935424927758
 0.021027776821699318
 0.013219944633594022
-0.000980575205662873
-0.003948864492109697
-0.00023442102358391115
-0.0008262117174328426
-0.0016659441935803765
 0.003065996211736824
 0.008623629533576718
 0.0057161561559955915
 0.003973541340534306
 0.003589928180879484
-0.00433485767812139
-0.005829530711284087
-0.005109101217684764
-0.013555500448879862
-0.01927220100137246
-0.019031281558444968
-0.015510981183605832
 0.00028009834159602176
 0.01952131115821701
 0.021212456120249523
 0.01071468950154622
 0.0010005124778432045
-0.0003327644894836057
 0.0027314165688628322
 9.293663434151167e-05
-0.004919702819359786
-0.00902712086032939
-0.010334668020059196
-0.01309010162547608
-0.008678614278412725
 0.005367516477027268
 0.007292568780850911
 0.00536984531221045
 0.0028623534890921537
-0.005855378258580637
-0.004304577701622805
 0.006202534972517382
 0.013682886643880357
 0.016108500659137007
 0.010368409372465304
-0.0048870325782695845
-0.011473868442225199
-0.003708149813877029
 0.0027079234523363083
 0.007173209488011603
 0.004188546687639419
-0.006854224037437212
-0.009658778184630248
-0.007303336371910926
-0.003638013445161292
 0.0041043144490077454
 0.004710129345129405
-0.00099253676685572
-0.007137287754826083
-0.016198863294931837
-0.018018667533184207
-0.012283264631583066
-0.008138431654161601
-0.001226474823351087
 0.002960461475592785
 0.001381581799385287
 0.007657310660523928
 0.022096405750173048
 0.03223628389770117
 0.030521737963254802
 0.01997017265593956
 0.00709590744463838
 0.00013949798065278352
 0.0023124920667750154
 0.0061742971606292135
 0.006408199383302962
-0.004377273265803422
-0.022032604543315307
-0.03131873113154056
-0.027723580407328252
-0.015927638279918915
-0.006494160304600011
-0.003415944805746099
-0.005841569059237495
-0.008398181424131929
-0.006384244330427655
-0.005476688963395454
-0.0048872475811991695
-0.0014675273633302094
 0.004120513912942506
 0.00917758552334938
 0.01116579280945662
 0.014344588465280708
 0.012478002758670115
 0.000990808084190345
-0.0047913865240037795
-0.004239370316494073
-0.007448584164985755
-0.009586502388074056
-0.003825369678875881
 0.004307583476084342
 0.0029649502150858736
-0.0016594030512421393
-4.07693651648805e-05
 0.0017439385335840663
-0.0011401441098179421
-0.002012623613816225
 0.003184792401665318
 0.0028573170040403634
-0.0006980797103021963
 0.0017368905986261118
 0.0031730765581062803
-0.0005460552954900666
-0.004426583214922286
-0.0007519039945009937
 0.006960015945235196
 0.008038323671774941
 0.0011871725115953635
-0.003972828567434347
-0.001958891473730087
-0.0026372278840417346
-0.00588620598063791
-0.001975280345007574
-0.00042447978804975584
-0.005628923262019775
-0.006861620072376409
-0.005310819515418577
 9.945218109289056e-05
 0.0071260236093810825
 0.003535540793769845
-0.003729626361380023
-0.004445387946378249
-0.005090977328839147
-0.007140010762046817
-0.005247705486073936
-0.004391609734235788
-0.0025975455418151827
 0.006017256737234786
 0.013359603076940979
 0.015420321639003476
 0.014182946681811026
 0.009822908711706976
 0.005914311911259823
 0.0033132571514250947
-0.006758798105218358
-0.01697821498719021
-0.01151180552864886
-0.0010538133962847973
 0.0008572044670313722
 0.0008338086137348738
-0.0005930312903083823
-0.009752847913966411
-0.011153958010412662
-0.002992935974437491
 8.761859783432135e-05
 0.00048291688634395646
-0.001442145655714419
-0.005474713347310867
-0.009841768537668646
-0.011406613773368685
-0.005201057114767357
 0.007048665255716763
 0.018956882907185835
 0.02177312218323367
 0.016159340861129176
 0.005911855098142391
-0.004401124720545921
-0.004885318037170933
 0.0003261324188180842
 0.006653320895150791
 0.01003093779149733
 0.0013015106767349793
-0.00997282831671488
-0.018604014347924955
-0.016250911608623547
-0.00023060288846640797
 0.010042602443882664
 0.015558132444200151
 0.015473920682037956
 0.006288374250782908
 2.4330518499079967e-05
 0.0031563447059649308
 0.005579619647803666
 0.0023774230195657275
 0.0019540456118064126
-0.0023404983025961112
-0.003821136895251334
-0.0001815437760987193
-0.0004248125306788725
 0.004828741246832552
 0.009628514781269165
 0.008063669545569141
 0.0025387730133452635
-0.005386012845655597
-0.013759900800895425
-0.016007755474625573
-0.003774406618066828
 0.005935082020565627
 0.004480173235507423
 0.0026556908504192372
 0.004084859589645676
 0.004685996338931506
-0.0016926619908299856
-0.007355563854710617
-0.006646829728200868
-0.006911150143542211
-0.006333404128435485
 0.002363265720241356
 0.010949999118276377
 0.008638989462262645
 0.0006861347222468367
-0.004520647825141097
-0.003096157232750474
-0.0018517752935390402
-0.003168678746940476
-2.9647339220881253e-05
-0.00313126381048863
-0.006705373112174479
 0.0033502983923088397
 0.009581584858507186
 0.008051825724075826
 0.005191133814852922
-0.001196880808580214
-0.0044248072444151715
-0.004118393745786181
-0.006090237756202765
-0.009336876779381026
-0.011809282501230658
-0.016665204035931885
-0.012445520709137264
 0.005448385818766832
 0.012835174553413362
 0.008954646633981142
 0.003869495904324588
-0.0025536048203772116
-0.001646049453345011
 0.008828316192944441
 0.013553239378007911
 0.00017607338185578192
-0.013042035621878362
-0.013086483135936036
-0.007844624725514185
 0.0014297962573867617
 0.008482097493271973
 0.008444667199468014
 0.004412099507871567
-0.0009958433534567324
-0.0029372794094404964
-0.001744357085423101
 0.0017385181147294704
 0.005410858261732834
 0.006068132773048546
 0.005202670489303993
-0.0019221522607712205
-0.004595718296561205
 0.007303143061236236
 0.015894554606107072
 0.014785828686899746
 0.010816415977586882
 0.008175596969647647
 0.005829501212365251
 0.004285707637426417
 0.006842309764086105
 0.0020799511661013237
-0.007599139756333029
-0.009804891108540756
-0.006324354981806099
-0.0010427323232797686
-0.0016649309715615346
-0.0047174269010531455
-0.003968928526438917
-0.003723330936675595
-0.0011526943695084335
 0.004112554775092522
 0.006189646851080394
 0.005869188673709183
 0.0025126131998890883
-0.0066752723047838886
-0.014913494001784877
-0.018204575419903446
-0.01690639479208003
-0.009208509292851316
-0.00010951881629371607
 0.0043698016598890665
 0.0030084558115473087
-0.0018802127510046812
-0.0053397074552128665
-0.005236793343942142
-0.002207698386864382
 0.0033031534666172896
 0.008079536266874784
 0.004669162104442737
-0.0010077741999453549
 0.0008400886810871894
 0.001759339415208963
 0.001983885344211081
 0.007635081602767421
 0.014317809238622636
 0.013768121866296112
 0.00742221056438537
 0.0053661599109239705
-0.00014704125421034775
-0.007398173968852756
-0.005657908465044104
-4.647645459227023e-05
 0.001186210117529618
-0.004380789736216653
-0.006902315999842409
-0.006841505210094093
-0.010516194668750117
-0.013299697155181936
-0.010768824836119281
-0.009433219033609289
-0.014338261110086667
-0.012219065712576402
-0.0038615615094966804
 0.0008727179692384207
 0.005499400070749616
 0.007971795554364489
 0.007733204946620165
 0.00792500384777152
 0.007478235705833086
 0.010271084247701817
 0.013005455954122752
 0.004545022282420194
-0.010794626311359495
-0.017388479395568826
-0.013107980159908522
-0.01003678188130834
-0.004154017354378786
 0.007931969876851533
 0.012076802854272997
 0.007492213836049477
 0.0011322680936312612
 0.0009264245137377003
 0.009464037369996597
 0.014352695694313841
 0.011024189101508694
 0.006682863718747947
 0.0014456732169271513
-0.01001111350311977
-0.013875267908626629
-0.0013963163431871956
 0.01141712272101357
 0.017770041004943282
 0.013346848052555649
-0.0013963368196566739
-0.01050937197495648
-0.008422923605296964
-0.006827680653398824
-0.008956242582815493
-0.007913020957544412
-0.009702417241363934
-0.012357270689810643
-0.0071154122793887775
 0.004477030460662279
 0.013746773296727396
 0.0166191503348051
 0.017339579828404422
 0.00998552788337391
 0.0009964636192233978
-0.0011367764570290734
 0.0021332430620935455
 0.00790139299154545
 0.003482878185993618
-0.0032255894956933623
 0.001560149598235805
 0.005681591841478137
-0.0005988254047310793
-0.004233750615282611
-0.0023133764582948108
-0.002727397572382481
-0.0009426896736335205
 0.0012092527517274937
-0.003990512575406696
-0.014315187761184553
-0.01875709330091549
-0.016060146769181133
-0.006715553583742845
 0.00422428767271095
 0.005480364979011956
 0.004207903920550829
 0.0010010291454770615
-0.001974277361223492
 0.0019834297427650527
 0.004313141747887356
 0.005880315818770562
 0.011271874927938727
 0.014579319621747952
 0.0123899417834656
 0.010130391742645906
 0.0071246772815125176
-0.0009170622483839069
-0.00591332818815983
-0.005868890912336888
-0.006261860365663355
-0.0038128556162276006
-0.003838590542941986
-0.00905239031058365
-0.010434787819686611
-0.008210334118370327
 0.0016324817050830664
 0.012619104429895084
 0.012953586809539036
 0.012394543143540868
 0.004539929487077321
-0.012556363243553748
-0.016305903051582957
-0.007143757592741745
-0.00020607095433418376
 0.001267540179832563
 0.0006523587518045132
-0.004612900631031189
-0.007468914393418277
 0.0014476283565422465
 0.010261251876114666
 0.014665722002924278
 0.012298574584880664
 0.005611158563954888
 0.002855724958537989
-0.0023066151939096224
-0.006694722045028592
-0.007433874364205936
-0.007999935250457835
-0.00789000391893338
-0.006512294794900994
-0.004350996075868321
-0.002648155746746275
-0.002512494607624788
-0.005076124192772938
-0.004874968997949938
-0.0026879404713202465
 0.0012042725769668
 0.005412260536671848
 0.0011481245767021864
-0.004811839611253185
-0.004355725413877853
-0.00129388342894933
 2.0670712799458757e-05
-0.0010670035456466775
-0.0027604978193318253
-0.0012518005838964008
 0.0030544284593609222
 0.006850739497513608
 0.008443643375993834
 0.007732559937831424
 0.004324524848817277
-0.0031932622354670093
-0.007459737268854613
-0.004435320458612654
 0.006177050519333538
 0.01606664781114517
 0.0127755663930266
 0.0028812807161444076
-0.00529378599857297
-0.008779010510378174
-0.010161408019481136
-0.007354525037104931
-0.003623708054653771
-0.004905525406786543
-0.00192555099148492
 0.001653226218802012
 0.004689338396133502
 0.007587445241808238
 0.0048904884718391495
 0.0006590995397202232
-0.005097365260876868
-0.011090076476682989
-0.010376664203337424
-0.0007256524001527515
 0.006679848921837053
 0.0033934456505543
-0.002084669413311327
 0.0006847883943782718
 0.0034121428805454906
-0.0030086187707384082
-0.0030975086797364187
 0.0007830090014610686
-0.0030951798445532364
-0.004872880761283213
-0.005314970756385817
-0.005181648690682231
-0.002379443855141869
-0.0031817511566028106
 0.000485910843564738
 0.009009489259316147
 0.009989555902303618
 0.009484310924917416
 0.011502926165457492
 0.011177789841250452
 0.009074957719430829
 0.005886795531700337
 0.0019197218958054013
-0.0007959474615070045
-0.0011093884186244851
-0.003633253755668142
-0.002332734054426841
 0.005769811146100548
 0.009269059860178494
 0.007381422492806683
 0.003423705150583392
-0.0008801950574907624
-0.0032286298881911007
-0.0035467489921443968
-0.007672879620457304
-0.007941878182634476
 0.001975787990192074
 0.005493749291613309
 0.003942938496420731
 0.003292670967124031
 0.001912612531438998
 0.0013629251591124603
 0.001858803604592285
 0.005573247073118057
 0.005121800784343808
-0.00026742948964120217
-0.0027632259456699393
-0.002456812447040921
-0.0027679143307405008
-0.00775716305026268
-0.010652941060754248
-0.0055982085237652884
-0.0007189064931196892
 0.0038586550666153685
 0.0056737709197971775
-0.004770197010294172
-0.014482034960579274
-0.012189748130143563
-0.006749068479199247
-0.0006955515927621614
 0.0009254211667329981
-0.006080108839028722
-0.006519859760713426
-0.00018565406412697494
 0.001049371581412814
 0.004728728948669922
 0.011278129399704198
 0.013409020164304022
 0.009591647227155414
 0.002064503849199456
 0.003007145317500348
 0.007720373135474259
 0.0014773810639516077
-0.006627513448228428
-0.004541065078568912
-0.002870971777297615
-0.006056794891610179
-0.0015236757268154433
 0.0017463437923071895
-9.919025354220012e-05
 0.004983611164461693
 0.0056619373365385944
-0.002810191702253509
-0.006141037368476571
-0.00271196085693598
-0.0013061828518886598
-0.00035418508991613695
 0.005135615102804331
 0.008429025356106068
 0.006791668844450788
 0.0032877317453022803
-0.0028616973895038977
-0.006791345850712269
-0.005247562514008167
-0.0021295827670497758
-0.0019939216279283023
-0.0056592547929126685
-0.0036640302865516977
 0.0020596772479598846
 0.0013275421490362704
-0.0019892690766793175
-0.0045318470010662915
-0.004573955441706051
-0.0026255124037033034
-0.0025459890266116975
-0.0026138272748484903
 0.002026889267170165
 0.009387948194219661
 0.009584425242206832
 0.004910951434102681
 0.0055308007707318
 0.01066740087734766
 0.010487287105051105
 0.0028408509827816952
-0.0032477622431588
-0.007039405372710403
-0.013149070259412088
-0.01577117668000802
-0.008936409271988577
-0.002326192912088604
 0.0011894293159147168
 0.002852505396932284
-0.0011215854592163954
 0.0034208899992499986
 0.012285973134016456
 0.00917500036907705
 0.00660669263709307
 0.012098831903231438
 0.014940800986876307
 0.013287070961295624
 0.01021352337104281
-0.0004643519008396546
-0.014405234590708402
-0.022016584611709147
-0.019785113690139133
-0.011500120763014668
-0.006639531319712344
-0.00031234284337963714
 0.007415950610281927
 0.006262782296134292
-0.0016713598565382265
-0.004319196084731192
-0.0014702097808325931
-0.0012947843936066128
-0.0031520138065455616
-0.004518037801723135
-0.0031005644295862556
-0.0010655756751207918
 0.0025061843149123963
 0.005797255494796233
 0.006950413570709121
 0.0069293567908305514
 0.0002442798433226756
-0.005484116076259468
-0.004581238856063083
 0.0009436474379260346
 0.001144802632749048
-0.006380001671788982
-0.007123832137802155
-0.005470112350456233
-0.002225822638930619
 0.005074420379253181
 0.007965510004674187
 0.004403096070077897
 0.0015424041608549932
 0.004763303138201502
 0.0018488125403666456
-0.003931042994409564
-0.0009229996980929939
 0.0037223949907614906
 0.004307158226121932
 0.003242874701854928
 0.007698804443858578
 0.009612161380592663
 0.005619357937100694
 0.006870757096565858
 0.006026346473582522
-0.0010937981296568616
-0.0067613781403733225
-0.007596432469685027
-0.002672688044099092
 0.0022276656473076972
 0.0008990668268167162
-0.004939265543407262
-0.01117524039467617
-0.013207900313958465
-0.010295759027776255
-0.004787246247712526
 0.003380793008516389
 0.00576898184908646
-0.004843399367094506
-0.016335272188410105
-0.01653175947463202
-0.00886428192983614
 0.0020521685924385358
 0.013225917190683459
 0.012818913296849518
 0.0014463332198473983
-0.004422407104809442
 0.0005106936144481378
 0.010840036708827078
 0.01117685816188893
 0.0007445855988871541
-0.005112459358680113
-0.009458462888276703
-0.010894659085991604
-0.007956787992212375
-0.004609579050298684
 0.003193564752736064
 0.009537126742994145
 0.010110194611265041
 0.008143028747684272
 0.005981719790416853
-0.0016576991115988399
-0.008897136459151689
-0.0049628200893422625
-0.0043897522210713524
-0.008001286697443766
-0.008494836307740436
-0.011608148146097744
-0.012859557543797667
-0.005040040226837558
 0.003450791161063116
 0.0020847671658855427
 0.00018309535800627164
-0.0018355301207685498
-0.004462314688200311
 0.004582877099745322
 0.012547416968615943
 0.008491458542840377
 0.004306851079079674
 0.0038109623953651167
 0.0017759634026649068
-0.00021459319509498087
 0.0003982389212804083
 0.0007303822275064459
 9.942495672390916e-06
-0.0028343758996251245
-0.007040035024147032
-0.006183939272308855
-0.00015147404663297392
 0.0034132687231464703
 0.002793409148282619
 0.0034506836595983303
 0.005361701522914472
 0.00457108958854309
 0.0055885814062171385
 0.007279726368249639
 0.0030132513348620493
 0.0009922867826693132
 0.0006624723116264442
-0.003101101936910211
 0.0005151004480632992
 0.004009671015305402
-0.004584089841218081
-0.008686829735351884
-0.003150248074273207
-5.7998134911821375e-05
 0.0016097560929415472
 0.003883330336033969
 0.0010928106293484202
-0.004958377421905497
-0.001753851958484376
 0.0070527543408343135
 0.011543770184106628
 0.012701606406855359
 0.010928583636961225
 0.011494634284978378
 0.008762591413740611
-0.0031807225772318704
-0.011854011929964353
-0.008979295818468735
-0.0030684624105242336
-0.002160907043492033
-0.0013913570081165727
-0.0014942813576220432
-0.003180758411053475
-0.003976048492260673
-0.004315219256975186
-0.005477743864794479
-0.005316352918075973
-1.36785987884247e-05
 0.0038995861102598256
 0.008074827042114124
 0.011038427943490373
 0.006269052125251862
 0.0030855680843572125
 0.004339306317240291
 0.0059579400033175495
 0.010002192823768824
 0.013211396434025746
 0.006247969749786433
-0.0030872773802149422
-0.0050006445551837725
-0.001775067431001448
 0.002683201384420131
-0.0009493847527135002
-0.005983075867176002
-0.00656784934077119
-0.00948935715885979
-0.008944358171603814
-0.006773703158899511
-0.007339764045151409
-0.0026008064195804786
 0.0028796374794683305
 0.002407139529932878
 0.003892446031189184
 0.006547289241401133
 0.005473649423462484
 0.004371940724508888
 0.0040327699597943745
 0.001036411792332631
-0.003559872592980448
-0.007080183206054344
-0.007110596279604545
-6.06341171372482e-05
 0.007244287047882367
 0.009761124926437562
 0.004891168951228861
-0.005077967075026488
-0.0071012707006371245
-0.004170416827111639
-0.001985727373899862
-0.0004302486701062008
-0.005608962336479215
-0.014408561653778892
-0.014850651648881497
-0.009180742802981881
-0.002512049607634126
 0.009957545664133663
 0.01818172268239243
 0.014114068889527306
 0.008642971045915396
 0.0063530130506628535
 0.004140244478201396
 0.005585786731353223
 0.008979777141625137
 0.003429150801804254
-0.003560005690032092
-0.00501725354850821
-0.007169206212103971
-0.004834816060145866
-0.0021963463638592917
-0.0024887356602155686
 0.004320301940206855
 0.006151791307314039
-0.0034290585315680244
-0.008724725868836603
-0.009283769534834771
-0.010165605332504699
-0.006914298400725355
-0.003038458866363697
-0.004675815378018977
-0.004675820497136357
-0.002921520552820245
-0.0039530570492365
-0.003349581226532755
-0.0048863575812178595
-0.00814703104490358
-0.006701488791751767
-0.0025496385940765726
 0.0008911332845535913
 0.0028793405706608183
 0.0013449032893936286
-0.00620563082274142
-0.008399686807859602
 0.0013425488586236156
 0.007251043193150189
 0.005117803116897704
 0.005419538468690893
 0.0016255562657213896
-0.007354151704757478
-0.006144855866814694
 0.0008770374146376547
 0.006034689182014719
 0.011711615248168078
 0.012375906979737505
 0.0068533495209315565
 0.005120090999141916
 0.006097818568711458
 0.00042556041115918153
-0.0030573250272281083
 0.0013214152919844707
 0.002720176076778061
 0.00191319062848129
 0.006518821069231268
 0.008535097236353442
 0.004055766521935927
 0.0009962533721905725
-0.004177782147346598
-0.011297926750585982
-0.010002085196180482
 6.528167539239516e-05
 0.007204128627740308
 0.006273172288294243
 0.000771666490249498
-0.007022131257348352
-0.00607948978904746
 0.003597251821734232
 0.006240399664856636
 0.0021470160643944913
-0.004786002665411987
-0.011471079612919863
-0.0066525934911399465
 0.0030568951474925082
 0.006322236519779298
 0.005248596701840649
 0.0023738703521102716
-0.0008025964685306336
-0.0028259000941412843
-0.002477383273989872
 0.001206652240103051
 0.009089324539346785
 0.009966471951946138
 0.0033960096019159253
-0.0009289422669194469
-0.003642272550813938
-0.002865705295184748
-0.004725273781541597
-0.005448052586793567
-0.0017008620904170324
 0.00085807910966057
 0.0026240744210662276
 0.0013118491145006211
 0.0034895213474586684
 0.0032977122080725674
-0.005237571813003147
-0.00793686765639015
-0.0061357862437158295
-0.0067439504514901355
-0.002652916162680652
 0.003938587609876046
 0.007175860101147916
 0.011404899721614167
 0.011589681402511806
 0.006076480237377488
 0.00600630291572278
 0.00701209936630727
 0.0009188079935309595
-0.004014302963961366
-0.007843371268199534
-0.012755430564930628
-0.010159064190166461
-0.0032307338454305584
-0.0008776311061291509
-0.0009384521341122276
 0.0007152676532337088
 0.0012532494202359412
 0.004151356265910663
 0.005786363465913297
-0.0020378422361173876
-0.0026039031223693
 0.005510337445247648
 0.006871673055354646
 0.009168638032626186
 0.011867923637778457
 0.002506946700180049
-0.007155770708328915
-0.0018367228751159786
 0.00985396094848734
 0.010684326892728482
 0.0013022982943688838
-0.004082253832780325
-0.008021258587660327
-0.011756763955182034
-0.004664698471192344
 0.005512604851022368
 0.005269336096442229
 0.0001140131642483333
-0.000875420010645514
-0.004550109469301539
-0.010411832573704649
-0.012542733576539206
-0.012526365181731211
-0.005167645328099615
 0.00033852837854622675
 0.0017138984291606985
 0.00817207501689643
 0.007755714829390858
 0.002988678084570248
 0.0013559997197507834
-0.0016193067869497563
-0.004320941703754688
-0.004985243673558862
-0.002395894519048425
-0.0020333432583895528
-0.004966546443567685
-0.006131410124804879
-0.006192231152787955
-0.005986397811129127
-0.0021620178919615207
 0.002595652320952699
-0.0010837152845391551
-0.005088214095120683
-0.005991101553551814
-0.008505610596923827
-0.0034672515738602555
 0.007750939419324976
 0.014793884361538542
 0.015191521723466092
 0.011390522300242858
 0.007065570431407486
 0.0030166292258856503
-0.0034953562886967937
-0.006889356937203453
-0.00279364450155814
 0.0009488678479825791
 0.0018119808200744852
 0.0020879863642706276
 0.0007196232956751536
-0.00469767585932479
-0.006599347667204061
-0.005815763191321141
-0.01387387623514294
-0.016039863339246188
-0.006037990523374823
 0.0017160327378837603
 0.007907554955977614
 0.014351697103205899
 0.015345798186700815
 0.01099277743685051
 0.00892970956313538
 0.009432605228868934
 0.009121503345169368
 0.0069929414157527126
-0.0010838842154124034
-0.008454309674368277
-0.006833336914873117
-0.0018370812133319536
 0.0027428194198210187
 0.005526311668018091
 0.001875012943541171
 0.002805959044752504
 0.008786964655234347
 0.007399888999295556
 0.008590472249895051
 0.005406988209000388
-0.006138683300927178
-0.007593592085985368
-0.0013435930324437462
-0.0005342787489638068
-0.003465142860724038
 0.005811617195594809
 0.013603065631539998
 0.009565819793107722
 0.010980954091826686
 0.009214948542186283
-0.001731920172755988
-0.008884811803846121
-0.008026376978590044
-0.004157554664482116
 0.0008106321560441138
 0.0033672342827038015
 0.00226084743691439
 0.0038093089204542935
 0.008948248100488054
 0.015074276262880396
 0.01326616739171757
 0.003949632849059484
-0.006070962792389917
-0.014330236150152095
-0.012964222393209254
-0.00170626715191953
 0.006552995967607916
 0.0008058874606824695
-0.005671011952631311
-0.002915588585449158
-0.002176446504506546
-0.0030723167426839615
-0.0038512333099657847
-0.010990090500548458
-0.018149999351892335
-0.016323188131620966
-0.009682563817288145
-0.0030817037510598305
 0.0018630923352872947
 0.004585768674618684
 0.002784677023709603
 0.0012432225221886972
 0.006899096927580839
 0.013677726573570428
 0.017074056057260284
 0.010959713023722756
 0.00335538022297574
 0.004793905255873823
 0.0052008989114730175
 0.0032009860200414852
-0.00012284242592784655
-0.003923841849151094
-0.009986725267494556
-0.015427415156673618
-0.012119970462864407
-0.00793537323733845
-0.003928545591573754
-0.0016269024674664123
-0.0027824098550319615
-0.0033975912830600113
-0.00810147304559701
-0.007902656924191925
 0.004136548838680185
 0.013399274454491572
 0.01058770308704482
 0.0016337249241629714
-0.0072500810361815216
-0.013822882459629648
-0.013048654277418387
-0.006312127952951205
 0.003343561997069283
 0.010426271187387329
 0.004576243450073791
-0.00324328410512105
-0.004667784935746419
-0.009301494495746077
-0.014159755103865218
-0.008195123007308777
 0.004335288173324708
 0.008613448335567112
 0.009394693738032117
 0.011883462735572378
 0.011013322304991996
 0.010405158097217676
 0.007107059458845377
 0.0025669128355621657
-0.0011545580914520959
-0.0051473615349440505
-0.003049217798194989
-0.00011836392466949008
 0.005093086531319527
 0.008554910070710867
 0.00039855594333679245
-0.0023241306342293294
-0.0014235924874508588
-0.003007150310494172
-0.000452887257252399
-0.0028410863360572164
-0.008342592134101975
-0.012089792868713242
-0.009958902104113432
-0.0007172281490632343
 0.007647293274270217
 0.01226929722894557
 0.010369964494484227
 0.007001693653574587
 0.003717629455709734
-0.002181518823379941
-0.004027052869229331
-0.0020014204084355114
-0.004754514940434482
-0.011053644773987
-0.008445583032133261
 0.0011843771102902079
 0.004830987449696539
 0.003422860132996572
 0.0008335007402513889
-0.002298523685449222
-0.0036809211945521697
-0.00037815464757877393
 0.01077220321648703
 0.016545031292774764
 0.010615475059252241
 0.004522183686475917
 0.005104607848418458
 0.01161658312476617
 0.014243357453963185
 0.012100761084039055
 0.0031163749667243584
-0.010183601606636672
-0.018798414123921373
-0.019179688210158294
-0.004378036740732935
 0.008681005032348504
 0.00844241442460418
 0.004667144808977966
-0.0001396561839471233
-0.004422504731260102
-0.005411937906153949
-0.002202734295897013
-0.0006612900326108395
-0.004174583425430978
-0.012122760018610956
-0.01539045070255042
-0.008403643522366736
-0.0013770720940785436
 0.003967705546731412
 0.004412124377017185
 0.001609909303242077
 0.0037735470956926503
 0.00436532755130685
 0.002360736513039488
 0.0007771786899961608
-0.00012804784185287132
 0.00025087693273137535
 0.0005876983857932422
 0.002999277960542418
 0.004826089180813772
 0.004320844203427557
 0.0004870977523535741
-0.00600383610146768
-0.005847123301584989
-0.00020060518986446396
 0.004248307331885456
 0.0030366621822900397
-0.0021209998233217564
-0.0064529689124108724
-0.008941748148185866
-0.0016906256717781898
 0.005424830546390619
 0.0028916089156753033
 0.00214777844966213
 0.001275298945663847
 0.0005595373606656212
 0.00026714806430933047
-0.005098691475496561
-0.005026185318658671
 0.0015816919678233732
 0.0077077201302157144
 0.011758990170920719
 0.007300711117264394
-0.004041461005304878
-0.01435677989741109
-0.013491327851901283
-0.0017140983118352493
 0.006194303795005504
 0.006351016594888181
 0.0011933545892763991
-0.003540935127693448
-0.0026263625404075036
 6.590584449103765e-05
-0.0012135724342238197
-0.005903419756253359
-0.007711528627416156
-0.008464715387100974
-0.011058752926681986
-0.006780592764439569
 0.006154478117492548
 0.013627812568601794
 0.01073671270494607
 0.005223511539811737
 0.000355894638020951
-0.005365484061307463
-0.007709240745171972
-0.00010491818265968844
 0.010182321590196858
 0.011197474334452978
 0.005443348607273815
 0.003915928546260369
 0.0033334941460830686
-0.00148500221393158
-0.001452260305198183
 0.002009563234193157
 0.005770788171077165
 0.011672265285350009
 0.012673383589098683
 0.01128162978632409
 0.00673680501620505
-0.0023762301390947566
-0.0054217088483326376
-0.006233372443465238
-0.00509658788147771
-0.0027762321700270653
-0.0043013131576226105
-0.0007342313144252516
 0.0003230247513533041
-0.007814616788677509
-0.012350085265124891
-0.012053028060167517
-0.01278282408567323
-0.010006349057729874
-0.0012348288596798485
 0.00417076468999579
 0.0029988837885048525
 0.0008469311249090922
-0.0017564627083435647
-0.0025307011287895725
 0.0002527911194075
 0.002437480572619291
 0.00711328321590661
 0.009665207195730469
 0.005595214329447429
 0.006413884906599027
 0.008002110638243423
 0.006549540926603134
 0.006065347609978122
 0.0038572571843524806
 0.0037309421006679055
 0.001831609366206563
-0.002116751682345097
-0.004991478032075461
-0.010944424999777089
-0.011725680640476854
-0.006773867333875985
-0.0007063160069314262
 0.002984736727415227
 0.0008000370359687037
 0.0026970204587773855
 0.006472279836168868
 0.009300214479306262
 0.010804233567905858
 0.007169308357354326
 0.008114288899073119
 0.010027645835807189
 0.008928276210271507
 0.005878119354197797
-0.0025706189504152016
-0.004514394079816866
 0.0005239649432467186
-0.0008420590519308685
-0.0028232593560190977
-0.000451444029374401
-0.006317845280613341
-0.013517518380061697
-0.010897761271118397
-0.005868758541726471
 0.001686443479009661
 0.006369263342550724
 0.00037421305332667465
-0.0054430676561361
-0.003358958359894512
-0.003934375539818055
-0.004009231008308578
 0.0009893637666504862
-0.0013005942286020422
-0.0003602918337190647
 0.008462687979525
 0.014960628815365223
 0.0170587725521143
 0.012909251189622273
 0.007096648626995314
-0.00207252429033436
-0.007709696346617986
-0.0051998756883165215
-0.006385791030314919
-0.008203256195149375
-0.011190258068939474
-0.016733867188506626
-0.015597082626519113
-0.011798432514948526
-0.006713292023526732
 0.002982162174598249
 0.00678782950642258
 0.0033306738756322812
 0.0031248302957387203
 0.0036511166956514074
 0.0025002874549216597
 0.0069983205184477315
 0.008640344938704095
 0.00245115155579341
-0.0008750159635938226
-0.006488797285698317
-0.008933134126533016
 2.0833798114086588e-05
 0.004502493347714784
 0.0013096530131484763
 0.00045588609649348244
 0.002961028607959118
 0.00011671021266160264
-0.0033451235649644973
 0.001599672521382628
 0.0032674267492360104
 0.001810178890759906
 0.005566725680808071
 0.011016761625424046
 0.014179183767322759
 0.010785183118816072
 0.008020393219727556
 0.007566607857535393
 0.0031504321254014755
 0.0023036824290002117
 0.0020346838668230532
 0.0003692584741528254
-0.0014996663058756687
-0.007480682154592244
-0.01254244215006968
-0.016960956955621498
-0.016612440135470086
-0.011721442737734927
-0.005637517896864994
 0.0028883995923043443
 0.005487105040486412
 0.006254316002443958
 0.01036874102543256
 0.015966138595376947
 0.01748887027131983
 0.00939567112622934
 0.0033538393686470824
 0.000390228229036102
 0.0011808299251727383
 0.010251751520715405
 0.014501842801942874
 0.01146338131295871
 0.0016533022791213464
-0.011606910046135205
-0.015281599504791243
-0.011068933398250352
-0.006727618253724338
-0.006227061661408698
-0.007798924117362452
-0.014259450016750844
-0.02281344662516986
-0.013901582022045167
 0.007164108060546667
 0.016642028430805894
 0.008169899392013777
-0.0020261267557789703
-0.0024495041635382853
 0.002097649441763924
 0.014062004855262863
 0.022615991225447135
 0.015191767077879295
-0.0018366925236323745
-0.012219844544858013
-0.003925495324061903
 0.006176957648779638
 0.008378020615916804
 0.004001609131887393
-0.0010086912483960042
 0.0004345119313379081
-0.004807356717318689
-0.00742478499107882
-0.0016613132084627308
-0.0032168021504911104
-0.008643457599162713
-0.011078438146325753
-0.005885700277680039
 0.0011268367101006788
-0.00030000319394257735
-0.0032987004348222493
-0.002225070855118319
-0.001920996429907229
-0.004365333270741914
-0.0030344056150677506
-0.0022110568910803374
-0.009813050618409452
-0.012065583438975402
-0.004650725823313939
 0.0015665262023769194
 0.006420098425425513
 0.009374343033130117
 0.007807158724012164
 0.005683274941431338
 0.006579134941374007
 0.0008250092141948162
-0.008061135819567591
-0.0032005463762652675
-0.0015632001028447334
-0.009862237708711405
-0.010781498681067925
-0.008755866220274106
-0.006777015227838509
-0.005317438534179236
-0.007151277212939067
-0.006608617299101005
-0.0026766400027094794
-0.004564277370081277
-0.008122013157841737
-0.002971378610718417
-0.008037816753031668
-0.0174455751589883
-0.010804950844655492
-0.004512848469591449
 0.0007126364269050417
 0.009444392376850547
 0.010742573004673961
 0.006740413267510348
 0.005601279393870173
 0.0041463706088119695
-0.00016220774609802813
-2.6546606976540765e-05
-0.0038462586175430635
-0.012648197008260684
-0.008033210273839048
-0.0016101197873719664
-0.005843847792908807
-0.006585339185504052
-0.007822714142696502
-0.01262015884194996
-0.008835543170886848
-0.005551489211256741
-0.005801775186090624
-0.0013294719301615854
-0.0006090424365622626
-0.0001786580467839638
 0.004721695644622839
 0.0022165428949224714
-0.0028054528524504713
 1.0786423597364259e-05
 0.0033579953655110822
 0.003121743831184659
 0.0012036985093800134
-0.00391419924812729
-0.005621727962319911
-0.0056474628890342965
-0.013226065882184307
-0.018540445806796146
-0.01738494865746533
-0.01770774590825447
-0.010896369234414116
 0.004883014923698165
 0.008262970893462618
-0.0004617780744639033
-0.00560774471298614
-0.004190271340849275
-0.00011794963938306646
-0.000749504581336477
-0.00026532150294622525
 0.0037555405833259448
 0.004922733099746321
 0.004906354466703566
 0.0017064969118835288
-0.0032850908810565654
-0.00503940106360741
 0.0001743884657995215
 0.00895292588410325
 0.011654550562673449
 0.011493149377720197
 0.007268777665855
 0.005453651574438473
 0.012374964698920646
 0.009481525761846979
 0.001145062981293729
-0.005755208720661972
-0.01200287893902044
-0.012442629860705143
-0.011921021607628285
-0.003645384974175478
 0.005680495623919521
 0.010548102287475589
 0.014449671629434252
 0.008218374925001173
 0.006576340266510064
 0.012891833375753212
 0.010861512529888845
 0.0061880387217846805
 0.002361309490964414
-0.0036220454311700623
-0.005652366277034457
-0.0024244500794342178
-0.0007192706768942431
-0.0053459630166401845
-0.010089609027281676
-0.004005684186411743
 0.007142334604236147
 0.012866042138747744
 0.012653181338600453
 0.010571400877542006
 0.011195928361006954
 0.010288362755740008
 0.005572785626113436
-8.248668140295456e-06
-0.007451185403051425
-0.011022955631319359
-0.006824323965285942
-0.0012058747345803783
-0.0017789528410860067
-0.008073404527802697
-0.011039354740831606
-0.012054517723322472
-0.011130588842364869
-0.00452037248246491
 0.0003238434469120255
-0.00038256184441455565
-0.0027333357485327947
 0.0007916427731421843
 0.004735315436623269
 0.0074533136291188296
 0.017265721498139375
 0.021097118637560724
 0.016552293867441684
 0.01123791394282983
 0.007280196600606539
 0.008772520322116575
 0.0075515188788495
 0.005221796635492465
 0.005916496321494755
 0.002768098381868783
-0.0030842684288626826
-0.009081657791504633
-0.012173917969100737
-0.010342428601993567
-0.01028395688566315
-0.015188998962140515
-0.018837958613199535
-0.017385399139793978
-0.012590303752193166
-0.005023406364367489
 0.003542275372906342
 0.005528143585595668
 0.003027668982731102
 0.005240427316957827
 0.009780563702006306
 0.010292815661411506
 0.008489384937084524
 0.009018010410415112
 0.0035048092452807933
-0.006040954492332606
-0.00585851188485291
-0.0030212209480438568
-0.004389584016639345
-0.005217621125697319
-0.0037767570193813216
-0.006398863439977268
-0.016379694833322175
-0.022980565137785236
-0.01792817167421419
-0.010578808114254254
-0.009217472504147242
-0.007360253329443026
-0.003355764757096258
-0.0015172581697353443
 0.002976096746954912
 0.013934650590751982
 0.01769587552763599
 0.007361844048186489
-0.004567435502278533
-0.009224535796457309
-0.008674858662365531
-0.008665507487811253
-0.008515811908182291
-0.010354328733777965
-0.01159638183780623
-0.007821122460414748
-0.005046986505889334
 0.0022555955857123944
 0.00820151509492556
 0.002613463580418085
-0.002340699037835431
-0.0025816287189976556
 0.00024396685072181068
 0.0037385374179639413
 0.0063653117471609705
 0.006929023321760208
-0.0001443398131209389
-0.008410630391136847
-0.011137995115538812
-0.005135937844295765
 0.0028894179334405384
 0.0017151979585316862
-0.002181703474825908
-0.008487850528632157
-0.01250872285313906
-0.0026822805436110403
 0.008732392616678741
 0.012240997624428332
 0.0076797993403839165
-0.007016604063470169
-0.01869794183163659
-0.01484783210487195
-0.0014566419064471203
 0.008032973830901666
 0.006192117931888105
-0.0016741910916649866
-0.007505506241635235
-0.007542936535439179
 0.0017572142550587866
 0.015705103926946518
 0.020490843020875685
 0.013784714412606591
 0.00679087977393443
 0.005967520811712271
 0.003979303287370298
 0.0005151304363262971
 0.0017033746135078492
-0.0009374443944313721
-0.006097445473461069
-0.00852540880037038
-0.01146095105896644
-0.015870109570846613
-0.01834719343953206
-0.013753258365871629
-0.013025811652018576
-0.013348608902807715
-0.006324376547937438
-0.0019222454945457407
 0.0010015911587260146
 0.005658681214670058
 0.008418782728688026
 0.005073902621957477
 0.002430744540600341
 0.0016682014872438922
-0.00294679548541249
-0.003430988802037488
-0.0053817811516928965
-0.007695129881124543
 0.0005828458257461921
 0.006832844879287814
 0.00689833381587196
 0.009766032707113848
 0.009632700403175529
 0.004374458240593557
 0.004769756529103192
 0.007990655506449687
 0.0060258287162868185
 0.005920565293363447
 0.005429354756484692
-0.002525839056949017
-0.005692949583918291
 0.0008049912519219327
 0.008292360143538652
 0.011501563753795588
 0.005270267049362495
-0.005636837417475268
-0.008588753189996717
-0.00420065657711248
 0.004970845175400376
 0.0134967626645697
 0.01205588832001897
 0.01418911815803671
 0.0198754005178617
 0.01393414891724963
 0.006161402830412999
 0.004846838450429464
 0.006222208501043949
 0.005295930308433713
 0.004636306485465341
 0.0021826133509590118
-0.004076752234489001
-0.002628870907919273
-0.00037167017875223973
-0.0006196170801682083
 0.0015814458869689574
 0.0007955120994333903
 0.0035392400995259837
 0.008088732778246094
 0.007611556681874812
 0.009716717638877603
 0.01117629433253689
 0.007517978387806254
 0.010308487856257056
 0.018106953512455976
 0.021982793046817634
 0.024649331624119142
 0.021262348195866212
 0.00558587302990729
-0.011173593128544573
-0.015016695873290214
-0.007784285984225828
 0.006158925540826074
 0.014467309202129644
 0.006701580335546756
 0.00021298555514341622
-0.0010360847691385788
 3.0527590311607566e-05
 0.008062900588301641
 0.013985429363335702
 0.01080194532244104
 0.0012538425114097251
-0.0008185816559770492
 0.0040841111088476545
 0.0042618755694915494
-7.009351959755272e-05
-0.005992632532866346
-0.009655626624432812
-0.011307017576595566
-0.00879953599171203
-0.0037775504825738188
 0.0003415526872506125
 0.0037168305101792504
 0.0015976248744342392
-0.001803392994326164
-0.0013706695311299505
-0.0027577451870687136
-0.006144728615321657
-0.008970334423275883
-0.01156905010969271
-0.009704813714734764
-0.006998510889328763
-0.005071119512087219
-0.00199056493981542
 0.00012161323744112884
 0.00169814360199598
 0.0013800244980426563
 0.007099053885718437
 0.008069764235034249
-0.004505099578774291
-0.009368038333729262
-0.009882639604787108
-0.0161958038788471
-0.019114972623517773
-0.013795924790304837
-0.009545833509077367
-0.010544622977642859
-0.009983250476461522
-0.006879305170010605
-0.0027508457065145153
-0.00216608247115406
 0.0014758497214164695
 0.00916905707380937
 0.007840458253318375
 0.003082777802169423
 0.0009144516246482742
 0.0004653444092919262
 0.00016827696609982012
-0.002301789682331884
-0.004133289287673814
-0.004182414948567317
-0.004084178984132408
-0.007377599475668906
-0.009028990427831646
-0.004268981141499512
-0.004236239232766129
-0.009990364959945305
-0.008250099456136667
 0.00037172004316701757
 0.006298926965036894
 0.01079228188172715
 0.016993160393492635
 0.015673917866673284
 0.008296475187463667
 0.0036861563616431142
 0.0005868789637932664
 0.0015178250650045855
-0.003202430211457788
-0.008212730591741157
-0.0014083711381545627
-0.0003511150723760209
 0.0007529224617607438
 0.005264989965794276
 0.0011856408058395912
-0.005747377923966873
-0.009924968167473847
-0.004000100319021871
 0.0022124735598331724
-0.0013663138886884918
-0.002369781504089813
 0.005110570167273176
 0.015435235114816287
 0.01496741531211665
 0.004296557260487929
 0.00011896701698095591
 0.003618215731058902
 0.004808798981658369
 0.006556081705720751
 0.01133246450597826
 0.009253023118337741
 0.004621652631755985
 0.0028322563479364765
 0.0008814639982810679
 0.001190216570328001
 0.002921125780464995
 0.004914011213408051
 0.00400644560814109
 0.0006615655014105687
 0.000593727253173762
 0.005463672990147717
 0.01266099677794344
 0.016256147502155732
 0.0145673313753064
 0.009327801800067717
 0.004864844599575577
 0.004111657839890759
 0.007776980766640407
 0.00943303962740423
 0.0005585899607313816
-0.006234084364000414
-0.0044938188601917756
-0.0024658473259800417
 0.007311474441771826
 0.01951207627047981
 0.013086636472360094
 0.0025958870739105216
 0.0024227905218677237
-0.002222614405221493
-0.00959070079075948
-0.01325837302916176
-0.014804505677518509
-0.013302825662336829
-0.004734804851645097
 0.009091453002511254
 0.011589578293723146
 0.005238988844976589
-0.00024848251256068266
-0.006980340928426795
-0.007254017637439783
-0.0036962920879140826
-0.002393433313254853
 0.000703494772942348
-0.005102090569430881
-0.014271263486760555
-0.008381481739577257
-0.0008543485998560724
 0.0007946930406540348
 0.002048431273537127
-0.004676409922075242
-0.018432505811928984
-0.025786557756959497
-0.020804336495925793
-0.010816498120561902
-0.000643872945183005
 0.009484309835255555
 0.008777904543928974
-0.0035536956344167786
-0.012771989093522604
-0.014846752334327293
-0.008898493751696213
-0.0016988308904826027
 0.0010589315501174507
 0.001987538577910855
-0.004608653579716376
-0.009045880972611484
-0.0018017757164575654
 0.008436343514622843
 0.01161280009702903
 0.006576769909148614
 0.0034868488049704105
-0.0025503048057760325
-0.013417645024509317
-0.01821976787059859
-0.021358809516552932
-0.019613865865908478
-0.01177797503502298
-0.007034339262616221
-0.0013270052420300132
 0.0014097055378088363
-5.6898614338912745e-05
 0.00034541689442445234
 0.0010845589753670504
-0.005549058356946773
-0.017431556439053558
-0.01334052215024406
-0.006996960159985993
-0.010288041578104562
-0.0037550146409956603
 0.0023031803922772404
-0.0002721445599604688
-0.0018744149703470853
-0.004564354520062458
-0.006643795907702976
 0.0002237185281672438
 0.005320554386678597
-0.0019305783279638111
-0.007160751609530849
-0.006030984267797065
-0.0013902677257784102
 0.008073618203973357
 0.011432522512976606
 0.006214044598499127
 0.00045056257764830576
-0.0007119620301709872
 0.0037673584460117954
 0.00832152927156772
 0.007987036653689036
 0.001905440648002285
-0.005757368988192527
-0.014788536573865432
-0.020884167020059657
-0.0161569047615783
-0.005079058173467724
 0.00923138787819626
 0.018171321362335874
 0.014590194840396309
 0.006824465973813407
 0.0016410741606045914
 0.005439724272175178
 0.020517386404914073
 0.03030172539291967
 0.024248198268247853
 0.016211136885187244
 0.007313296484335277
-0.002929511131815693
 0.0022842783975912245
 0.011600802702014579
 0.006976449435686566
 0.0030608354149856687
 0.005778833607481229
 0.0011661757082427754
-0.0029155125251298236
 0.003802301211994069
 0.007086355171624176
 0.005409234411864389
 0.003963681920477843
 0.002868990441777977
 0.00453674466963136
 0.0030584451503940513
 0.001626927099514966
 0.00214853535259181
-0.000560116784466852
-0.006421839888869935
-0.01025324726652603
-0.007270933777806493
-0.0029553484408774977
 0.001240944151737991
 0.0029250718935167758
 0.004211557154250603
 0.004576447488327404
-0.0002560833121947187
-0.0034489236467610263
-0.003179935322818586
 0.0038559923991412365
 0.006251198459965038
 0.0002795389049201208
-0.0036547877031240655
-0.009001914655586682
-0.00927559136459967
-0.005762308210014264
 0.00205253096011003
 0.012903487426683194
 0.01347421622153619
 0.010576099137626707
 0.00623477375486596
-0.0023519698814038065
-0.008047618773135201
-0.0029203749601909995
 0.00721950318733712
 0.004379862938875434
-0.0038396461707822516
-0.007568134318050243
-0.009142335847421926
-0.006188091239717308
-0.005470000819535928
-0.0025859284143686517
 0.0009413891807242281
-0.005032609447738617
-0.005664164389692042
 0.0018372389424321511
 0.008115306876988707
 0.010073106208663099
 0.007631108441246329
 0.003904959367396238
 0.0006372686834567876
 0.006262735134416109
 0.011553714086614097
 0.0033178314630310235
-0.005631468553014982
-0.009462875930671077
-0.011240576847401026
-0.0042724822545606445
 0.006344566870221391
 0.005411271457357425
 0.0015237263176714616
 0.003844082029122106
 0.0074345546064985835
 0.012341925518159116
 0.013626071705475057
 0.012748914054640959
 0.01079110448473182
 0.0027821119826861446
-0.005577741532046224
-0.010145957036344369
-0.00811564642871472
-0.004614058641218874
-0.004688914109709411
-0.0019802722108854948
-0.000394385552658999
-0.004422275097419645
-0.0052596685001492505
 0.0014441107964671684
 0.006625153298023337
 0.004166782016681192
 0.003182026988623146
 0.00561465822413354
-0.0013394121664341285
-0.007645559220240378
-0.0008224871793104799
 0.0061222166793508115
 0.0023305735497992086
-0.005830458724410695
-0.004099549514273687
-0.004057451311868673
-0.011343670127779745
-0.008160196325119828
-0.00019331738283130673
 0.0026580079944852064
 0.009104489215131392
 0.020034974177913528
 0.020119175701840963
 0.009642460743898879
-0.0002822328874161617
-0.004862143758803866
-0.004459828250040501
-0.006214138432591346
-0.007205910680903094
-0.006167367202467855
-0.007945068119197818
-0.005657459435597922
 0.003553806565019399
 0.009055302124829426
 0.008713792286697011
 0.010587384975326575
 0.014549770226150963
 0.01449596641842163
 0.0107183577293775
 0.0069477662605871154
 0.0033409099310505175
 0.002459074133380576
 0.003593519621950189
 0.004620367733295883
 0.005920887434537198
 0.007864652325704116
 0.011487871930931343
 0.011600142335873725
 0.005981682866933402
-0.003720798789680055
-0.010714633428352216
-0.010829253144947246
-0.009194245944944612
-0.007301940668971746
-0.011673674006165327
-0.018529503313180734
-0.014298124619296554
-0.007818896370799619
-0.012609323849799348
-0.02071187928856147
-0.022632263683784015
-0.022358597213005774
-0.01528758338977726
-0.0005467478292175976
 0.005062345107816321
-0.0008204296573479652
-0.008490256513796493
-0.010918219840705803
-0.0076224705139861515
-0.0043267211872665
 0.0012800326763495185
 0.007244664772905987
 0.005057626008041535
 0.0005923297341314943
 0.00847734110679313
 0.023426354201546887
 0.02697706253081887
 0.017426620646369656
 0.0026436715260528404
-0.011598951634726448
-0.017371789949248914
-0.014391815533947291
-0.01098379068316789
-0.0026052348193269653
 0.005013122183692764
 0.004044740669560121
 0.009064387105280416
 0.0125332278649255
 0.007476146016283894
 0.005413078142568736
 0.0018927675294948682
-0.0017912782228328011
 0.002737162795126105
 0.0059767743598158896
-0.00015862033448282853
-0.004228613200765868
-0.0012579950791358901
-0.0022474282540297374
-0.003550297266923713
 0.001427245847274175
 0.006432857842486997
 0.009284183219803496
 0.006828151011879266
 0.005368564079985247
 0.008814014105451212
 0.009889982758573043
 0.010273585679993133
 0.009197606788636556
 0.007906433142832153
 0.004287881446205982
-0.0008393726049729516
-0.0005165855924185586
-0.004556170504268764
-0.015903020773673865
-0.02138581398437532
-0.015191952692863567
-0.011484526444591525
-0.013641157255023115
-0.0066099076798991074
-0.00045113248965601704
-0.00487198636862575
-0.008046114115848768
-0.004100102378949755
 0.0023978384568904693
 0.0035065541378630494
 0.0016469856515061998
 0.004259725540195755
 0.007850198117572232
 0.005209379109632997
 0.003955630638515173
 0.008540209418503947
 0.006633859463788874
 0.0029217448304462573
 0.0036842776455679738
-0.001052351144819788
-0.010619166543194392
-0.0137324783815517
-0.008764291561025456
-0.00909644510548624
-0.01344478770850073
-0.01033148610837814
-0.005379672801777299
-0.0008021112420422416
 0.002542758626453548
-0.0018593826651728956
-0.0038148531616641196
 0.00264566249948954
 0.00732380421619476
 0.004720410382942117
-0.003922471015357518
-0.010659007578059446
-0.01514535551273069
-0.01373723843426547
-0.0015226021650500132
 0.007999760600149536
 0.005475895263105865
-0.009349157178733344
-0.01391269453619566
-0.0029096982974582686
 0.0002878099457091221
 0.004488780685160454
 0.011033502989358901
 0.009571576984046967
 0.0027087304567778303
-0.0011951881968335076
 0.005510930173200826
 0.007983325656815712
 0.0007836525573673425
-0.011428654876664932
-0.021224699469994834
-0.016495098138095562
-0.011414635793509584
-0.006287391980565368
 0.008640569453427185
 0.013122229003027869
 0.005195104070609094
 3.744206499729785e-05
 0.0010642901763429913
 0.003721472459972855
 0.005510858505557631
 0.008724740262650396
 0.0032863894468892485
-0.0041635645082756245
-0.0062780919971848065
-0.006743572726466543
 0.002561256210867266
 0.009201880525200087
 0.00579384543618594
 0.005688582013262555
 0.010804130459117212
 0.011641513623612085
 0.012666022661539864
 0.016721970849080697
 0.00774226287860183
-0.004996336074460497
-0.006278153426593269
-0.0010643638971863378
 0.006734101759012581
 0.008163270498239006
-0.003733262024375253
-0.011484956450450681
-0.006916751184387282
-0.004261907974175319
 0.003938878309904345
 0.015975744999358527
 0.013624971095240301
 0.006455705950224794
 0.0017167380864191173
-0.005936715256104036
-0.006816211980356049
-0.00017558766602324138
 0.0010220128048299831
-0.004842049372991028
-0.015445074295500336
-0.020270587875768728
-0.011187970913136502
-0.0016679472213548818
-0.0018480609936514097
-0.0034362969635305662
-0.003352095439603131
-0.005447910341169024
-0.0011767673991803645
 0.00800642972042205
 0.008025137188647974
 0.0008699064841399123
-0.0007042950452317565
-0.0021521866100362164
-0.009983409532320645
-0.00857529245385541
-0.006849061390554231
-0.015084944014137305
-0.016974920454927003
-0.01452825477890915
-0.008858345933009534
 0.004956216554057258
 0.011491582564584074
 0.0032252919865681517
-0.008194069558792205
-0.02209752707397436
-0.028646937763243382
-0.014773898440728808
 0.001260444719935791
 0.01198041307510593
 0.01932977663506588
 0.012530085090080342
-0.0031884933974009877
-0.010877032841192805
-0.007922788233488201
 0.0030357656103088826
 0.01626322066947994
 0.01644800235037755
 0.002212396409851991
-0.012666454720599171
-0.015066349166493548
-0.00723045833560805
 0.002387806439725859
 0.007823807943834346
 0.0006826116798337722
-0.009001157389436382
-0.010711025177046932
-0.008198865445327552
-0.0039628086046075706
-0.0008752368120820142
 0.000991338656293847
 0.0010942527675645575
-0.002550028736658619
-0.005583812078806941
-0.00327047358761004
 0.0014521105240355159
 0.004130344468426583
 0.0063547981697428535
 0.006827285881043574
 0.0009819362905658657
-0.0030061890060902874
 0.0019877276220329754
 0.0035198155916475182
-0.0032588242925768174
-0.010498261640129666
-0.014622053195024659
-0.009501826602334201
 0.0002287136970594572
 0.007713743515258248
 0.013912282953605831
 0.014770717778861908
 0.011470280067071681
 0.005552419200638717
 0.00013745911905668762
-0.003186369326912658
-0.00011049290147666091
 0.011393065048693765
 0.013142686846174034
 0.005428417594785198
 0.0020624858272934588
 0.0026566053563255587
 0.00048594010538649535
-0.002133827241791522
 0.002516245593898764
 0.0014355885557063713
-0.009258660230101468
-0.011010631339234411
-0.004865890589498781
-0.008007271308871036
-0.009548725810391956
-0.0019982019364916392
 0.0001701140027947634
 0.0030962897294844333
 0.006883244473965461
 0.012068965122357445
 0.018644095380988754
 0.013439651907018735
 0.007201337982331912
 0.007166246761945869
 0.003966389207125845
-0.0012754794415307663
-0.0004334181302000639
-0.00025097552272033974
-0.000697743664658787
 0.007119434578883421
 0.008964958386498079
 0.006319461231723014
 0.011077131444637234
 0.00676153586947352
-0.0049502098531257616
-0.0006205900756893062
 0.006073832927255468
 0.0010986186482407623
-0.004190031468774058
-0.007560641383101627
-0.005656640740039201
-0.0032637737526333005
-0.005560748968139573
-0.005726828299928655
-0.008330222133181298
-0.013321809926121392
-0.011927727288163631
-0.0093641079412502
-0.01146927913648775
-0.014687849278651077
-0.01822921155248615
-0.017826896043722784
-0.010217895334374685
-0.0055748397189381155
-0.00711161607362322
-0.0018042636074998425
 0.003975581689041621
-0.004332812210496709
-0.009371181471795026
-0.004908234509537632
-0.00588597231734192
-0.009170036515206759
-0.009186415148249513
-0.004213550180887454
 0.006382447283133377
 0.01586504580022842
 0.01884735928894797
 0.016276712483546077
 0.009954191915814453
-0.0015587325662623497
-0.009595793949322959
-0.003373863776796271
 0.002707721990655748
-0.006014687903852858
-0.009144373256135568
 0.002642212577602124
 0.009322601140039438
 0.011249992517280982
 0.01069562699811863
 0.0026164622935356124
-0.005956246902226681
-0.01135717254330125
-0.007247425667148463
 0.006674734197142249
 0.011939983341743218
 0.004562540662533587
-0.00240322509512364
-0.005998386057570679
-0.0008664640977906618
 0.010660484586558883
 0.013205391346129011
 0.008433676454472572
 0.00256727520323366
-0.004131836184781676
-0.008873143122005267
-0.001205665577209386
 0.0158578698873362
 0.018515052170966065
 0.012774960884294362
 0.013759705674117648
 0.011843999425730917
 0.008784486275985562
 0.008344735354300858
 0.007264078316108466
 0.005671164199393508
-0.0031471477052494867
-0.01324259369607203
-0.011497650045427563
-0.004915502566542537
 0.0016034899300588906
 0.010155137226825248
 0.011490743029335226
 0.004342529545080923
 0.0025648286283509597
 0.00851542628439994
 0.01256903539852286
 0.017771129560840232
 0.01982483090264897
 0.009008950299109739
 0.0027098204655572333
 0.0017858813463648981
-0.0007566965780220619
 0.006648804743967743
 0.011511733260687981
 0.0038372282574036243
-0.002936733479984882
-0.004148378629580313
-0.0009695829737562112
 0.005423099558277994
 0.006824199416489499
 0.0032196821603708153
 0.0016314461904916588
-0.0030350103973587478
-0.008087414099164539
-0.0035449386406981587
 0.00295534126855998
 0.004202062281189342
 0.0009834921390260015
-0.006735455259198664
-0.012945700302870539
-0.013815840733450921
-0.011373853204268883
-0.0075962547534595
-0.005774121680023975
-0.003982396561021284
-0.0012737546621973683
 0.0016383866239848416
 0.003820737003778718
-0.005696957852819762
-0.019993379702211003
-0.020206240502358308
-0.016772485843981888
-0.020234319621607988
-0.013196052826230237
 0.0012407031900009413
 0.0021365631899436105
 0.0016757606074977172
 0.003717766582216897
-0.0012597867702157234
 0.0015143491843097184
 0.009041482324030917
 0.005888406237569116
-0.0007171422137297739
-0.007481747657446636
-0.014559788939163612
-0.015673193005206768
-0.009823175506127962
-0.0008809029485704195
 0.003975008347896061
 0.008559587127884849
 0.010341955953215895
 0.0063164054818731635
 0.0038112527321727957
-0.0034585925698129016
-0.005231615339707049
-0.0002353596381658718
-0.0013815107320597764
-0.001040011132162108
-0.0013394176487721149
-0.0003710463728742036
 0.006000584498398798
 0.008847231728879495
 0.0060005742601640655
 0.0015516515001793851
-0.004216508667507252
-0.012981021883538266
-0.013904961002730615
-0.0062725695592033975
-0.005973173280828123
-0.006384855321497879
-0.0010751637819565868
-0.0005231475744469083
 0.00010371898243595468
 0.003893012800334897
 0.006531482496621471
 0.004321052997577929
-0.004052834957661899
-0.004574453448973503
-0.00012554092722356913
-0.0005933607299232063
-0.00036179758066735845
 0.002091885315604225
 0.00287079164465133
-0.0033207408116772696
-0.00232196158134651
 0.008891551265002906
 0.009485670794035006
 0.0068004093911554625
 0.0051303058516494054
-0.003526609987157689
-0.007432867714186928
-0.0026588239873473474
 0.0050811648334037895
 0.011413031456572326
 0.012533442504634451
 0.006185192129305808
-0.0025956946006505804
 0.0009409792881139301
 0.006514986123879199
 0.0040215287412683765
 0.008231855774391353
 0.009756926523752152
 0.0019724850698259605
 0.002866005996350701
 0.004636679454592202
 0.0021081359707127156
 0.008171009150821432
 0.009738183221704638
 0.006837727064377255
 0.013672494472396698
 0.017101570983937303
 0.00996271379335463
-0.0010823960051399156
-0.011453852659275995
-0.017278150588992514
-0.013774223728078752
-0.004053039722356738
 0.0014835419387219245
 0.0040518394324711715
 0.0017408297764574393
-0.004663558360901085
 0.0004917543330580643
 0.009307716926048398
 0.0069686383890197046
-0.0007643434497124207
-0.009868022311340582
-0.01415788807890729
-0.013065545911860071
-0.007383941698870883
 0.0027535973752393222
 0.0029547525700623217
-0.005922036170028455
-0.015098226307611859
-0.01685019741674479
-0.009358150378292268
-0.0027923764133326034
 0.005193215116299221
 0.007401295303690103
-0.00013520436793747204
-0.0023386166467272845
 0.0007091908976937511
 0.006591955424623319
 0.012329697399642375
 0.010067808285404767
 0.0066738076368981075
 0.0055042658088250845
 0.003969828527557895
 0.004804872618634853
 0.0035628195146065883
 0.0016471132662198573
 0.001682194248371155
-0.0004954882228216384
-0.004022816056149264
-0.010775726132776553
-0.01825140989553846
-0.02177873772886607
-0.016541557465280035
-0.00783085317609572
-0.007795772193944409
-0.010359401779092572
-0.010167602877941218
 0.0025265434419460553
 0.014855794308639161
 0.009066582480191307
 0.005632817583580155
 0.0018154446464315327
-0.0020463706856573977
 0.003529975223525772
 0.007859595000962227
 0.01256346652526448
 0.014191456505013383
 0.005953234808012409
-0.007442643775482996
-0.014064565740707274
-0.004376128762836037
 0.01145003686363448
 0.01888828521347506
 0.01831052896013359
 0.008456007531355905
-0.009741988779111407
-0.018815259686306735
-0.01053260583260017
 0.003759127631720524
 0.009316760953560405
 0.009789248664861111
 0.005656100816294474
-0.008579505124231085
-0.010081195377647512
 0.0024772846840009077
 0.006037349306944523
 0.002243367103975033
-0.0027482206889650612
-0.006217071686844905
 1.1875705935540659e-05
 0.011599640299150768
 0.01543571558540792
 0.010671017914005224
 0.0023696412347206375
-0.0040441031963095175
-0.00602998164723359
-0.0022804520774391407
 0.0026315969810572215
 0.0031602224543878094
 0.0009357585148367792
-0.007332871136597044
-0.00822640230135653
 0.0005076927220069027
 0.0014152480890391173
 0.0019672642965488235
 0.0010503423976102183
-0.006256928079062071
-0.007905979957806897
-0.005639422934968233
-0.0018337556031439023
 0.00785000322789152
 0.01379358366368677
 0.01469178273704734
 0.013732757516586327
 0.0036279552320921254
-0.0007110310772507067
 0.008827705201874217
 0.012900026903340425
 0.008252282902833294
 0.005438372461968627
 0.002367163945133713
-0.0030594915035378756
-0.0015157081668338013
 0.0018174663345724429
 0.0006151774786486708
 0.00038594316457597755
-9.825015204902032e-05
-0.00010293341800221567
 0.0004888470376119697
-0.003363612000805316
-0.01565076978421076
-0.019266982407419017
-0.0017660402137240072
 0.011091841245417067
 0.011526903782031181
 0.0073025320701659985
-0.0003275305381780502
-0.002944958811938167
 0.0004887958464382669
 0.009105937198906122
 0.013842555751059152
 0.006535285274386876
-0.005099271025421334
-0.008207904716942813
-0.0008094206152067379
 0.005136498894006414
 0.0068346610762926585
 0.003166988837890364
-0.0024046891626917366
-0.004449044449063577
-0.008792708905242239
-0.011085005973912695
-0.00756704467249146
-0.006163605740862041
-0.009148268541234239
-0.011770374961830185
-0.01229433252655969
-0.0132346451596774
-0.016104693362571934
-0.015089540618315814
-0.009138942962266819
-0.007482884101502982
-0.0022152958834841113
 0.008820447383104044
 0.010680005631226175
 0.0033797523748076153
-0.007358938805940546
-0.005997603195833534
 0.005962074070829576
 0.00827541256202649
 0.006703550106072723
-0.002748650694824231
-0.01684625130369302
-0.014097845156764599
-0.007300502923431734
-0.006161379288026292
-0.0011136639712910762
-0.001887902391737098
-0.010619668579917349
-0.009265350190064081
-0.001307827541447204
 0.001492038220675257
 0.0004254156229903244
-0.002526500149531097
-0.005831616008157139
-0.005478421041169912
 0.0010967092174613974
 0.00801100512168984
 0.011847080407946992
 0.00939572634685859
-0.0008657938566356688
-0.01087469413099551
-0.010834935002008383
 0.0032135348268495373
 0.020548402807872818
 0.028321138656474718
 0.026190237653640147
 0.021109765070819422
 0.012352269075042138
 0.007449566071982661
 0.01532288207755475
 0.019870035682856946
 0.011631813985855957
-0.0014248989520423
-0.00468557241572802
-0.00021326915979899552
-0.0010576797827823309
-0.006100727190916477
-0.010949631505363988
-0.010350833829496059
-0.013164744270360712
-0.015246524731419159
-0.004765141864875977
 0.006656548515667549
 0.009814292510730432
 0.003007583745491177
-0.0011793627916874272
-0.0058972789947319
-0.015625490458942376
-0.013627926879163504
-0.01049123454486181
-0.014320302849099992
-0.016897966874755616
-0.020778494794187835
-0.0221842830374699
-0.018715442277824818
-0.016832493295523582
-0.004297403968054281
 0.013568433678834882
 0.009304297718865207
-0.001497548444166552
-0.004524314566061158
-0.010898294748986834
-0.013443211746791695
-0.0035442581613084473
 0.009114802057310162
 0.014195264401896154
 0.015184687338555256
 0.013790594462362749
 0.008913621266900318
 0.007404913793230147
 0.009638723788218076
 0.006434188086562209
 0.0054073297369817835
 0.009919397241015315
 0.006752286714046027
 0.008848091377377187
 0.013675933792828762
 0.005582734647738272
 0.0017653617105896496
-0.005317357717963142
-0.021335337602937113
-0.019588054878874744
-0.00783889421982363
-0.0063068062502091154
-0.008517235749252658
-0.008131293754414654
-0.012154505152339484
-0.015644407810980504
-0.0035630987265860004
 0.013404534727825212
 0.01688507085455987
 0.01299986478829182
 0.015788035183324722
 0.017011365461774966
 0.011972996200476635
 0.011582365820568083
 0.013385786306660333
 0.012429100159617235
 0.00836846358700584
 0.009472501121142618
 0.016108447288639596
 0.016571578706268672
 0.010892303328462666
 0.004583817201238502
-0.0014112330879855334
-0.0092120480558371
-0.01011961366110406
-0.006372423164727525
-0.0011235475340519302
 0.004885526957444833
-0.0004405483342565658
 0.001119608516372897
 0.012716729403259769
 0.021680053621578516
 0.029216543054971345
 0.022959516542941247
 0.00835667607580362
-0.00569882121154279
-0.012587397546408932
-0.005209965105434061
 0.001147631325331494
 0.0034352400089313756
 0.007009339072382478
 0.004614122773323931
 0.001054047912145556
 0.004775508600925071
 0.010169406783511165
 0.013455799816559172
 0.009685208347768787
-0.0008616788127106534
-0.01127523878836914
-0.01574989135595084
-0.0047656077045567374
 0.011404401714346743
 0.017408798059007677
 0.013958659648471136
 0.00464914232606678
-0.003951635750710461
-0.008484765153739929
-0.00767077272342416
-0.0012944637053153296
 0.002927558694897206
 0.00029375690721171466
-0.006449796875743957
-0.00865320915453377
-0.0008243355439020023
 0.0036362723449374634
 0.0028105743092974173
 0.0038046753927923477
-0.0012336938685059695
-0.009750265302238395
-0.014061182730566293
-0.015801458472609678
-0.02134974573901266
-0.019370894746577064
-0.010989999809318252
-0.012763022579212385
-0.010021633652537706
-0.010016960624819257
-0.013448386448012509
-0.003783340204320376
 0.0008831061452952982
 0.0010866004135362262
 0.00882892830770525
 0.016557221761366828
 0.020044775108355214
 0.021139456348820335
 0.01676070579137301
 0.011312998681940217
 0.0030700988381033995
-0.01489399013057277
-0.017104419629616313
-0.00017655042330959325
 0.005416168999798965
 0.002447879713352155
-0.0004268466363782225
-0.009785484500558703
-0.015448386364439348
-0.003299244150925418
 0.017658848554442497
 0.016384048422563455
-0.004609140622307856
-0.014964223762518561
-0.01517942363608378
-0.008349334374900139
 0.0022957836308968305
 0.010325817555468964
 0.009741044081873762
-0.006024315873965777
-0.014042664669683111
-0.005710890274200409
 0.0046699124353725835
 0.011116393656018755
 0.0028313904906595577
-0.007418434345745142
-0.004319167186130041
 0.0011425641255754793
 0.0075469420246992575
 0.009832211634881224
 0.007394892014300283
 0.002047765061837667
-0.007100356194730817
-0.0018608368577268525
 0.005968036752904887
 0.0009413628586961431
-0.005140233146990622
-0.010651095238707026
-0.013493074560586626
-0.009083926286941185
-0.0003568484838314956
 0.001645393242783219
-0.0010468853803500683
 0.0003471972576076926
-0.002852660297212331
-0.005484123011479922
 0.0009600191357483495
-0.001975523122847711
-0.012585565265610749
-0.011825371523906947
-0.008096893614873701
-0.008417351792244926
-0.007722652106242636
-0.00645487943285207
-0.0075565881318056805
-0.008548360380117442
-0.002408297777217641
 0.009551379489445483
 0.017766200214032607
 0.01272783095273429
-0.0029580005068962772
-0.010225506735464074
-0.001891393266563457
 0.008688230683531986
 0.01570544581814852
 0.008905754273163008
-0.01026295750573751
-0.017434561724170933
-0.011914353577017617
 0.0002909263985261812
 0.012173414242398234
 0.018318154992133864
 0.020916860440315932
 0.014285582181420023
 0.010112670084748879
 0.01287277159876686
 0.011441253547887775
 0.006199384899231164
-0.001489154544560653
-0.007297078960351797
-0.009287635558111684
-0.009877087178542701
-0.008875968874794027
-0.008405820236911235
-0.00963851704726787
-0.011084069538654415
-0.011275878678040516
-0.009044407756470502
-0.00393119838403376
 0.0030462525024782805
 0.006339662755780018
 0.004248526001049954
 0.0030392199248724244
 0.0035140467095910594
 0.005467167894429623
 0.01017337849214979
 0.009088043307121582
 0.00018084661259795687
-0.007432842481820703
-0.005846955823594208
 0.006477616896263069
 0.014004750035984281
 0.009029535756969576
-0.0019477409124055572
-0.011173051591765099
-0.010057318690538775
-0.006319484487833885
-0.0004647888419192642
 0.006168818252159827
 0.0019140385858617825
-0.0005911141638385853
 0.0028098934666870856
 0.006306803107347103
 0.012821117457112716
 0.008734751076904301
-0.0061464391269647894
-0.013977662049249204
-0.015544846358367156
-0.012728607082319307
-0.004361746585567941
 0.0009783529084061854
 0.0013549386095725313
 0.0009713254499177093
-0.008630576049725558
-0.017177555437890832
-0.0020227038823608656
 0.011310009480616182
 0.00917676940436371
 0.01109480448793361
 0.010664409859920551
 0.00529389217327883
 0.003359473337548824
 0.002486993833550527
-0.0004041060301052113
-0.0019151525771932826
-0.0014683946734896092
-0.0009327519799052775
-0.0013888764155153693
-0.0039314543399023155
 0.001130295417340374
 0.0069452268151505014
-0.00040648605646209646
-0.011065648741001272
-0.015711053668090502
-0.01286206736419189
-0.003947863687649281
 0.010987114966597003
 0.019941082891244105
 0.014067664419751463
 0.006701917107631378
-0.005585240675774053
-0.014345075744969252
-0.002216985192216525
 0.009391831061759906
 0.006327639765178736
 0.0006039219924323935
-0.0008650212331332702
-0.0049584048335954145
-0.002181929805652086
 0.012778778656191245
 0.016149378332284053
 0.01082096396716474
 0.0014249009282976677
-0.01502580753898991
-0.019114512992616225
-0.005374800854922604
 0.009043242573965285
 0.008676002928235851
 0.004100770203683976
-0.0017843436348982389
-0.00785190520007753
-0.001110700728774519
 0.006357955575498897
 0.01306407394553323
 0.012374042168132024
-0.00224984995976682
-0.014962719105232114
-0.02024201292857529
-0.010605035565898105
 0.00012195000952576474
 0.001249378277841634
 0.006542696303457551
 0.010151881468177318
 0.004409451108087686
 0.0011183696899691176
 0.005092450307883065
-0.002128274452326509
-0.011919640898820597
-0.0030030981488600728
 0.005581296175757033
 0.0016633430816382355
-0.0007412295110919565
 0.0005335603825523255
-0.005749195937074805
-0.011084627522447849
-0.008186520676773126
-0.014228352434355385
-0.022260735670580165
-0.02206659769601091
-0.02438228549886047
-0.0209812778683348
-0.013114979083016468
-0.012039010429894637
-0.0076275230828312945
 0.002110034436816094
 0.006977641100372148
 0.006500465004000866
 0.007033768624167283
 0.007871151788662156
 0.011192630922978827
 0.015922232254878113
 0.014581938067297573
 0.01735139587498717
 0.02351952735890192
 0.019103351626768003
 0.004402270076078088
-0.009508204659357797
-0.01190809910525216
-0.009248577748204381
-0.000533195312184237
 0.013374930111599001
 0.009213713382017416
-0.005856941768702481
-0.00905212117668669
-0.009489533024953478
-0.01199000762781803
-0.005976254989485438
-0.0012115675563174888
-0.007594904032914795
-0.0156085746817963
-0.012584157871554355
 0.0004257633597509469
 0.0041004425801722255
-0.0049938799877842915
-0.013566589183546585
-0.015164181447097386
-0.015816788049812
-0.018120780485572002
-0.010757382485104591
 0.0012373808828271965
 0.007927125738936155
 0.007007864766579636
 0.0007134130798629595
 0.0002923747455215592
 0.00718327991557087
 0.012071938239888128
 0.012114036442293155
 0.011318746361085943
 0.004624313119906423
-0.0007111184654666342
 0.006547021231194772
 0.012979468011333498
 0.006935297180333311
-0.00823827720077469
-0.01262638405189366
-0.007503818385785288
-0.009997275768396097
-0.006123775307452339
 0.0026407276703439286
-0.0013684492870734144
-0.008612564781462079
-0.0028748228064430364
 0.011550237842698596
 0.014665878516239086
 0.004572771598834444
-0.004687625181793775
-0.014245084286496734
-0.020020261674437115
-0.0128650412081638
-0.0033192877087851597
 0.00333069289921932
 0.007608853061461723
 0.007391314114478589
 0.004486179810315391
 0.004273319010168086
 0.008083664488828218
 0.004544641288411061
-0.0011860937045889974
-0.004947328879707752
-0.010951735462603446
-0.0027135240038372033
 0.0134237383872155
 0.01230565617433653
 0.004493145839395418
 0.002996133732814807
-0.0022059706677372976
-0.0011089503538542628
 0.0038030987046420855
-0.0016516256250444367
-0.00219897392395306
-0.0005873574581295449
-0.0016001813672024967
 0.00495857537750341
 0.012682190684329173
 0.011819067474002534
 0.006411124612674221
 0.003003089523660088
-0.0010388344616080042
-0.0032890282087560674
 0.0014195214623820285
 0.0038755434320715265
 0.0036439700445809325
 0.013208436131302875
 0.01747957907329155
 0.010937185604276256
 0.0038474489554697344
-0.005389557090979366
-0.006603541313992711
-0.0009570232022722003
 0.00765076185652401
 0.0164550290824248
 0.015589566798680246
 0.006378290559828151
-0.005651569147607047
-0.01048643902154707
-0.005747481395976153
 0.0025024254298796483
 0.009669341263242509
 0.01024708727834922
 0.006857764776678377
 0.009215545662815613
 0.015402389734073624
 0.015629274736493656
 0.010319572958717632
 0.009931281652226981
 0.01205983334340889
 0.010153483388693818
 0.008558230198560932
-0.0009150222630972121
-0.007459754805530405
-0.006290223215692128
-0.01195078600615486
-0.007929923919882703
-0.001960613676490419
-0.006500760299773631
-0.0065615813277567075
 0.001716394379114028
 0.008130128571909465
-0.0011864059707486357
-0.006449326280166437
 0.004324440763615656
 0.006794497173812614
 0.0010637621808125552
-0.0002531412725888804
 0.0014333255426077912
 0.0031291486514761213
 0.0031852812943886227
 0.0009280703269868434
-0.003651840544400861
-0.004390992863578191
-0.003838976656068513
-0.004674030985380204
 0.0014262673694150907
-0.00013857786628493352
-0.008000208743002196
-0.0010648611780125633
 0.003061259212065612
-0.011043358617056909
-0.023784296643537164
-0.023522325539848454
-0.015805727453276436
-0.0014835860345229074
 0.008052811171184102
 0.006794384553230462
-0.0012379986829943318
-0.014074838719608934
-0.013513466218427583
-0.0017385757517794642
 0.003919637727030606
 0.0033021172255846554
 0.0006917061720782686
-0.004454260466443968
-0.01273458548496735
-0.01648178621957863
-0.017910965197039802
-0.01480468081717097
-0.0031748129024333355
 0.0021535912244512456
-0.0017807353835929546
-0.0027070135762031905
 0.00011156477326255965
-0.0013807691864822363
 0.0007197136236847534
 0.004204927897255226
 0.001203891582957653
 0.0029581915272737513
 0.001975775572633648
-0.0029339446506795597
-0.0016731891975427376
-1.245218994307129e-05
 0.0019921286100895302
 0.003306682751838319
-0.001118849273967229
-0.009167606024117411
-0.010669296277533824
-0.007731425183754609
-0.007284667280050922
 0.00030328176853597344
 0.012143666290885619
 0.018330510362143643
 0.021752569653430517
 0.020421631759521608
 0.008225697839414708
-0.0055023291694241
-0.011343000613066007
-0.011876314471467142
-0.0029059730328946654
 0.01340438079108347
 0.023088139622118906
 0.019909333728060072
 0.010882844289222982
 0.0022025377162367688
-0.00582750644657011
-0.006070775201150264
-0.005291868872103159
-0.005963188062161076
-0.0017130967809336206
-0.009083522239889494
-0.015993150235516868
-0.007046199531123495
 0.0024901976745835136
 0.009004512024349112
 0.010057089943291839
 0.010323739193816364
 0.006239711887025837
-0.006059141263469153
-0.008809896722050209
-0.0009225462759706732
 0.004738006276257312
 0.0010820294049445761
 0.00040369299463291486
 0.0019357809642474577
-0.0019400688083489465
 0.005956637931402234
 0.016143297547288604
 0.015776057901559157
 0.010361097819977114
 0.004737960204200975
 0.010651132685563364
 0.01911857333928492
 0.013404211860210236
-0.0036733682830775716
-0.020671419930156365
-0.026077023718066764
-0.017370997575718264
-0.006482615934458522
 0.004225657053622059
 0.014908200234105606
 0.006712081858627025
-0.007345754502137272
-0.009460281991046468
-0.006564514218789647
 0.0037835414629325964
 0.008924819716384258
 0.009954006901147866
 0.015277732881196632
 0.012912924536570919
 0.005647757381421051
 0.001142696859406503
 0.0026373596543344535
 0.001893529188321294
-0.002471186928618571
-0.0007122088374666435
-0.0024969269744503364
-0.008124742737062304
-0.012947917243912782
-0.018213176626748484
-0.01019951621610174
 0.006012596524324135
 0.016419129041494146
 0.018807317882064217
 0.010641607461018485
 0.0016385087563605127
-0.0020057727478626775
 0.007696698670516047
 0.018276322620611504
 0.010957356776849655
-0.002380044971197967
-0.021137079828546068
-0.02443283939350048
-0.017532577929779497
-0.02804203991557236
-0.02531234635598724
-0.006627833012829112
 0.002396307114355317
-0.0016479559443306896
-0.006480486744852812
-0.006391607074089561
-0.008494439195909198
-0.004293468456457852
 0.0017811000907404229
 0.0010419477715630787
-0.0006796153831370028
 0.003147103609448504
 0.014292783326678493
 0.018323001706622308
 0.014257686987175083
 0.008646244738488504
 0.002569326879637568
 0.004522448064476131
 0.00566157169988156
 0.0006185242917474132
-0.006354258686163544
-0.009568150681491042
-0.0030374628178000684
-0.0030047209090666716
-0.001503040893884977
 0.009696437511956965
 0.014292711659035298
 0.01581778240839611
 0.015275112256323303
 0.011715037395144942
 0.007022850999697489
 0.004945748685474885
 0.0040896426954019766
 0.00479837682191174
 0.005937500457317155
-0.0020013198421911654
-0.0023311343132340345
 0.0017107794337993254
-0.00037100102725910744
-0.0034094625162432585
-0.006314596820406471
-0.004932209549538255
-0.01022085966655309
-0.013186809879581998
-0.010494541494683443
-0.012464046431682141
-0.010847751819022797
-0.011352996796409012
-0.014024223758781096
-0.008433843409090452
-0.0031709333379073834
-0.0017160347910839258
 0.007649610055115552
 0.013162800982015138
 0.00634439684968631
-0.003236452989195754
-0.007364922690926576
-0.0003243168221309378
 0.002957398064081254
-0.0015757313389482136
 0.0008031012079501992
 0.0066320670462678005
-0.0002214231873296918
-0.0046025128181949315
 0.004381863060885019
 0.007623813698992704
 0.008788667141995166
 0.011125396367371199
 0.011544085390059938
 0.006189941217343592
 0.0009738023762840275
 0.0023538505737343146
-0.00335583275850454
-0.0035967624396667786
 0.0007422136314413214
-0.004993199508394566
-0.008473745873363955
-0.004293826794673827
 0.0019819020664648274
 0.003125703848706085
 0.0037829783600217826
 0.006465890451248679
 0.0051092227497427645
 0.008645896638507275
 0.017604542709990192
 0.02158330147473994
 0.023307193464623205
 0.02416328921646138
 0.02096810980847716
 0.01036976303280368
-0.0048599491103341885
-0.009245716888035257
-0.002612109793956166
-0.00026602427490850233
-0.0006613328016528836
 0.002985277537753475
-0.000937353703201152
-0.006228342893633901
 0.0004473675219675982
 0.0011794923826564663
-0.008083243471389681
-0.008298443344954887
 0.00031635893409508176
-0.0020531275573664465
-0.006932439826246792
-0.0030238532640343846
-0.009655131522930294
-0.019526026465633353
-0.016110984394600236
-0.0010403394821150713
 0.017609087759774378
 0.022736331572718566
 0.012659598169239311
-0.0024274304954059606
-0.006747704217405517
 0.0043184470036155
 0.007726471854394901
 0.005518381428769245
 0.007186135656622641
 0.0014904867648912468
-0.0034215725318398615
-0.0008673094785980884
 0.0024611868759723265
 0.0018857696960487697
 0.006449296815276354
 0.016991495590685232
 0.01357410420799944
 0.006795464323775119
 0.009101785594718276
 0.013976409478528073
 0.020593643058681776
 0.02305434317520709
 0.020876660704014297
 0.016738834708611844
 0.010535606885193685
 0.007929873978523128
 0.004781476038897142
-0.005131522225328339
-0.010930090347447824
-0.013049295983192835
-0.015313524170848358
-0.014525261548129609
-0.012340572094917818
-0.008441341826377055
-0.012013112054644975
-0.014190794525837769
-0.012974481467641269
-0.01654391262249129
-0.00566956542173902
 0.004528789561236896
 0.004615330158582245
 0.01067586426527306
 0.010802169110722903
 0.004743963839215257
 0.004358011606142506
 0.008554304198758023
 0.007111090780789378
-0.0028136028505256483
-0.010298642906959185
-0.006238016572582536
-0.0011248072001458082
-0.003445173149831185
-0.0026545714536945347
-0.006135117818663924
-0.009119780619036122
-0.003599572471882806
-0.0014733598541188109
 0.0019791073916008983
 0.004025791513155921
 0.005878332541024295
 0.012638249599670595
 0.01810933720504776
 0.016373739609840204
 0.006385890996241567
 6.103135509202828e-05
-0.0036931865997729824
-0.0017119965339194715
 0.006306342023563102
 0.005702855962624612
 0.002807077952133058
 0.0014948526455674377
-0.005625291957671932
-0.011618003173478067
-0.004780896692040709
 0.002159129019784767
 0.0016398496018910913
 0.0033146210499982037
 0.00550398865004581
 0.006301607566436204
 0.004420987419318137
 0.007162376345992816
 0.011534099444951665
 0.00775649075590755
 0.004063088709908236
-0.0007203215488377629
-0.002687487412418532
 0.0026455948613018643
 0.003632678724543051
 0.0016234095394398879
 0.008409056405683207
 0.016502245312538938
 0.011655680071509342
 0.00263152970609018
-0.007398422229030879
-0.016240124867852965
-0.015606241090716372
-0.01646000800737138
-0.013494068032577203
-0.0028653235407056082
 0.003321520530552402
 0.0054664457356597
 0.0011765799680930056
-0.0032395957640409118
-0.0034524565641882027
-0.004895669982156861
-0.006048838296304496
-0.004369388701361554
-0.0026244450507171
-0.008455760200687348
-0.010872028160507086
-0.004212691258830989
-2.5152290097918417e-08
 0.0033658963769669092
 0.005342408295984577
-0.0015765759933144274
-0.010944570151166566
-0.007281586297834833
 0.0013004689533643726
-0.0007368691127537519
-0.006409127270306042
-0.008589148814916736
-0.004446654910913186
 0.00758553363170518
 0.015194534341053278
 0.00939596621893378
-0.0023882907796207303
-0.010156358719621533
-0.007632503620812622
-0.0003392778228825388
 0.0061633411597935145
 0.010301156916961235
 0.009856727848440716
 0.010558444754696736
 0.006925858617563105
 0.0019670178524737736
 0.007959718830045176
 0.015547667878632057
 0.013344255599842245
 0.003059344662168881
 0.0029634375329171403
 0.006876702241965377
-0.0009802504879160567
 0.001372852251385337
 0.007257955851732806
-0.0027790133036419556
-0.011878014018434302
-0.01414692035292564
-0.01083947565911643
-0.0002809033697821761
 0.007662584838327241
 0.008579496499031086
 0.0051621051163453086
 0.0029376411767942923
 0.0016768754854227241
-0.007328562292653162
-0.019386490881103294
-0.025666908127312524
-0.019206392466158864
-0.0016025310420757638
 0.008331508644676161
 0.007791177566021282
 0.0021516664363197685
-0.0032492592047548147
 0.005901190886996838
 0.023502713237662023
 0.027051082493516093
 0.012944125590975658
 0.000904909589868802
-0.004711210805653607
-0.008130941261757299
-0.0035042591602461176
-0.0005617099196310593
-0.005691303044227922
-0.014016070457691626
-0.0170194458454071
-0.014762245116240066
-0.013733057931476472
-0.010912140508592807
-0.015875659420517954
-0.018500104914531815
-0.00898709844300391
-0.007822245000001449
-0.004940511668252101
 0.003744462813335195
-0.002470460377172509
-0.009183606205695319
-0.005275019643482898
-0.002823675820629229
-0.002276337759955352
-0.00768895876811948
-0.011281780657148618
-0.005784963244174421
-0.00592531276836647
-0.006215362991304846
-0.001123205279629308
-0.003679817644523728
-0.012746071331465325
-0.01706166690662904
-0.01371679703813325
-0.008895971842935432
-0.008381380810112304
-0.00858956346342378
-0.004210823144211201
 0.0034613325474205092
 0.004088199104303372
-0.0039184543243244024
-0.007480868258920678
-0.004082199701812922
 0.001657881346624035
 0.004212144399865808
 0.0019151691843595359
-0.0018296924768338302
-0.0038015364872504287
-0.0018273636416506617
 0.00359694249536828
 0.005840108784027853
-0.0006040436014351641
-0.004070555525897079
-0.0030670981487305043
-0.001591147941145843
 0.004576983542768892
 0.010408288454504408
 0.01018841043410336
 0.009701878044060447
 0.014501651578497074
 0.014260721897334822
 0.0076621906662896755
-0.0012730749092488697
-0.011677278591235726
-0.016432619968966763
-0.014409326581590859
-0.013043312824648032
-0.015071294597094498
-0.010446951569001231
-2.4045537905831305e-05
 0.006997847743546531
 0.007608340786504006
 0.010111144224551727
 0.017661668098452044
 0.015170549789259136
 0.005839980806093575
 0.0022541761373181812
 0.0023243432207381426
-0.004180625073590558
-0.010671558927411784
-0.005708050253721383
-0.0037081476005245834
-0.001808825104297973
 0.003947629458064358
 0.0009348977766772404
-0.002155023327500963
-0.004606377388589392
-0.008117331707991615
-0.006987564366257845
-0.007530234518330625
-0.005942008786686215
-0.0014159068421452231
-0.0029597004170840574
-0.0047233668933065465
-0.00030954047282528985
 0.005060966975581699
 0.006062085279330359
 0.002200269947241429
-0.005677734443401208
-0.01567026120383566
-0.012603741072071323
 0.0031920165999663325
 0.008003485501492519
 0.008976534924226245
 0.013680406448528512
 0.005757959662945553
-0.009890446621998436
-0.006664869497816112
 0.010648946822445979
 0.013430099997225137
 0.009792835713255704
 0.004172037170897452
-0.0034977896855510754
-0.0031866980400862416
-0.003093140222487162
-0.002564514749156574
-0.0030042656708412635
-0.0039749862583918355
-0.0005997084354631976
 0.005030436162331953
 0.00802210594472312
 0.0030094664910218366
-0.004417096729963918
-0.010882300776188139
-0.0075584825684535395
-0.004468571702510082
-0.010281174265137041
-0.0056638484572975045
-0.00010621513545761019
 0.004080721163486248
 0.011685043725998517
 0.007809193953402113
-0.0028523078045549766
-0.010996966564839492
-0.010522139780120884
-0.002071072640324703
 0.0003545413749319465
-0.00630480576497891
-0.0036944049497072695
 0.01312820595279346
 0.020957079563425213
 0.019520883365710298
 0.015078977825979376
 0.004639688042723855
-0.0013881092743509432
-0.002321404687214923
-0.0016664692493171401
-0.0044780406167638925
-0.0050932220447919285
 0.002808162841795081
 0.0060805214343356145
 0.003488822968172531
-0.004770450389589662
-0.012639098486560654
-0.010676621008050446
-0.009022901220704524
-0.008456850572687358
-0.004943567418101952
-0.008389027681802677
-0.01669742158134098
-0.01729856856886157
-0.013205195206634157
-0.013160757930811201
-0.009434619095195884
 0.0013110790675712747
 0.007680370865426389
 0.013057895534087094
 0.011158562799625751
 0.00016023446948944253
-0.00311681250812168
-0.0038138615057766168
-0.0019589814044903148
 0.0016104395121249587
 0.006686223709875122
 0.015600427386417717
 0.01521915330018081
 0.009717647502136051
 0.00486172596743481
 0.0013694842353758618
-0.0012596394054738003
-0.004819714266652189
-0.005659446742799709
-0.004604529750439082
-0.0027309370618095047
-0.0036782669151809444
-0.0007193441606405115
 0.002618508487601534
-0.0015801334166666292
-0.0015450524345153177
-2.4659831990347936e-05
 0.0036500193884309445
 0.009252095105211147
 0.008770240862004036
 0.007727008998498222
 0.005137649605753053
 0.00033084861282793587
-0.0024339412862605797
 0.0022886428253849622
 0.010262538987927228
 0.006120034845688932
-0.004244404588193432
-0.010045311783730818
-0.009130739196444873
-0.0015474682946938073
-6.216179343750128e-05
-0.0023521197886900297
 0.00021851677847711803
-0.0011615416572079151
 0.002391505745481984
 0.01724461683010138
 0.02187597707844839
 0.010234403558386465
 0.0004219854511311738
-0.0027661767365993045
-0.006971835861121184
-0.007732039841059746
-0.0037860281041607324
 0.0005763387011264581
-0.0003171924636330148
-0.011741232155829187
-0.01631178673354526
-0.010501533482570949
-0.009292237644628165
-0.0060339134925951055
-0.002642262155741079
-0.002822375928037621
 0.002777360715324667
 0.003935196938073385
-0.006663149837600094
-0.008118058622658297
 0.004452116806079681
 0.007492907130247001
 0.007939665033950688
 0.014028268021656437
 0.009408592902164253
 0.006908118299299687
 0.010870503550124061
 0.008582884628289447
 0.011768697504367265
 0.02049577530747697
 0.017679525793194373
 0.0075232638935061324
-0.0014470877833010765
-0.010192888411988815
-0.012569392123704073
-0.011362435359179204
-0.008728643809728459
-0.006981361085666077
-0.013624334711651545
-0.012396326286365486
-0.0008646994551801401
 0.007057737092168087
 0.009481012034006808
 0.003563151167573844
-0.008331042281622486
-0.017408991335653642
-0.015259387983710515
-0.008321701345302954
-0.003472807269090203
-0.00548207645419338
-0.011584724120641349
-0.004726565978442773
 0.002260241201740912
 0.0030531819712954628
 0.011911247885808204
 0.025915275319725817
 0.03121794963901335
 0.021328342108967002
 0.011396631257398246
 0.00859207711020521
 0.007562879687206869
 0.002835607190490766
-0.005278643615360928
-0.01509807894286995
-0.02806356801746966
-0.031027179157080663
-0.02017388361708959
-0.006095005833798822
 0.0014952822882059735
 0.003570035290775944
 0.009525311093660754
 0.016151900967486088
 0.02081600824368386
 0.027058990076971753
 0.02824021703389959
 0.014264248242762192
-0.0007549472927636663
-0.0023010799411204014
-0.00021697064487880002
 0.0028846355881542163
 0.009277318120188435
 0.012966031781117202
 0.010339247213685426
 0.008163903815910548
 0.00617334721815066
-0.0019338863674473045
-0.008190912879477402
-0.008637681021415822
-0.007622528277159701
-0.013769618338547965
-0.02017400647590649
-0.013718168961588673
-0.006822585644703505
-0.0029420679635060454
 0.0007887490189451285
 0.003539494239291452
 0.006245797064697453
 0.007979045348252362
 0.015737746756346788
 0.021218190655395583
 0.014729595874992257
 0.003139481970124397
-0.008485718036012169
-0.011900770345280032
-0.006270625747484895
-0.0020883675953768666
-0.005524471565405933
-0.018190559242513005
-0.024941130245722407
-0.013987254548761138
-0.00011655429966447861
 0.011401038091013393
 0.02086492402076516
 0.017463906152004743
 0.0029125253000611695
-0.00766009166801529
-0.0037304534450416788
 0.006652688337949228
 0.01378919621687924
 0.019108244050092177
 0.009808083021359465
-0.00826594239795854
-0.011662282119883127
-0.011082197031358501
-0.006986484595713174
 0.0031721061391582345
 0.006329850134221132
 0.009029135739373403
 0.013290922387690418
 0.00827594386057122
-0.007599352545910154
-0.012506733695805447
-0.003969120839546564
 0.001724178740532184
 0.008114522199148488
 0.0030223542492382183
-0.012534828172407239
-0.022321516472065497
-0.02441733137363139
-0.014927715636282618
-0.0031551642430523996
 0.000914818384995908
-0.010326773580603202
-0.024728453733800462
-0.016268030300332637
 0.00018734607555599692
 0.008785774840680577
 0.010402069453339921
 0.00708058008078849
 0.01081139706323965
 0.016100036942019752
 0.018151399210410576
 0.023180401939802517
 0.027669078709656944
 0.016967812703595347
-0.0037329921640370523
 0.0026807420287583567
 0.013265044125689643
 0.000292537830836187
-0.008434550210508263
-0.01922937915328629
-0.028821924359257914
-0.023144998293104554
-0.009515222606052767
 0.006404505957134196
 0.002250306447806341
-0.01788210357927361
-0.025303988653423537
-0.015557074840104518
-0.004030126155754987
-0.0051715991028130626
-0.007353959720841685
-0.0021027450167481754
-0.004025468485388636
-0.008004237488373145
-0.0009425799588162892
 0.006381053793546643
 0.002713381555144334
-0.008291963995245719
-0.013664820755305354
-0.010874311286854538
-0.0077329408057170285
 0.0027156950329753904
 0.019550001302565664
 0.02680814099922707
 0.023821139125436958
 0.02242002902899072
 0.025603502831650637
 0.021147562851412227
 0.01111994998970911
 0.003300422434514255
-0.010331702564190193
-0.02184696611968491
-0.023234041775623673
-0.014530354706693102
-0.004512108376896348
-0.004439602220058472
 0.001772971658796571
 0.007632345451547021
 0.009127008246474957
 0.018415463669883378
 0.022649181437185473
 0.019297284110201193
 0.014764154707171726
 0.017535951588279253
 0.02114513675299902
 0.020958005760448747
 0.023610509897242796
 0.02089484053993039
 0.010450872609839054
-0.005225602556119868
-0.010009012814865853
-0.002863148642264196
-0.0015322209865900327
-0.008472256936650241
-0.018796932122428098
-0.017802831038933167
-0.008715535929465126
-0.0035976484101925693
-0.0026526678684737626
-0.007391635732279439
-0.013765615915205115
-0.01416794166220324
-0.007127335793407574
 0.002359940870523297
 0.011351333969856964
 0.012046033655859253
 0.006951526632531069
 0.0034990491485766134
 0.0006009320646671451
 0.008350277179089927
 0.012289271695735182
 0.0008324849756882469
-0.009160041784746206
-0.018132732534971344
-0.019851956616253524
-0.012528322863890592
-0.007557796969946462
-0.00832735724355664
-0.013056968813690659
-0.006617504813298217
 0.0001190215111689652
-0.0026106822866509144
-0.00014998217012558712
-0.0008119450665118461
-0.0073028789203331
-0.017524634875722853
-0.023187536739603484
-0.0180018160912115
-0.014902548931596399
-0.012345946804936711
-0.015424172542025369
-0.01879946060318874
-0.018324633818470104
-0.016523552405795783
-0.004996603721446252
-0.0009453336807412477
 0.0032345853979488803
 0.005157298628354609
-0.004053977610497472
 0.0067852834889861185
 0.022192754973650516
 0.022779857282428886
 0.018361342476877054
 0.011594397959742278
 0.008764114004952223
 0.011011958440447625
 0.015243337134331805
 0.019724996683932475
 0.02159391122572625
 0.01630760018212933
 0.01569241875410128
 0.02087813940249328
 0.016443251083016072
 0.008883360677209365
 0.005599296479344526
 0.0035268723119577516
-0.0034014682710129113
-0.0034552720787422303
 0.008789772144906075
 0.012104234058969002
 0.0022450344833555014
-0.01517405037894734
-0.026874100734457063
-0.028242463803052537
-0.02997104417800637
-0.024326865139703766
-0.012568348186981007
-0.014444290187263259
-0.025080062137623316
-0.022584275919829325
-0.015609164106735199
-0.012575391002821595
-0.006477431721444202
-0.009176727564831219
-0.018930668836638728
-0.019269839601353228
-0.004278723185077063
 0.01948157947494858
 0.028496363308461378
 0.023226425778789833
 0.021909522325388398
 0.020877985828972156
 0.01966400160595881
 0.021186733281901696
 0.02754199063924935
 0.03174530045211857
 0.023521113195625068
 0.011846792647712379
 0.0009700961353074494
-5.302599078924053e-06
 0.006071605021537252
 0.005662262054285411
 0.0019384520538532485
-0.003534984863176577
-0.007165231926892293
-0.008615462565114668
-0.006201543916947577
-0.006313824560124692
-0.011700715760691788
-0.012231690545675022
-0.010531189289970877
-0.0023140294919658383
 0.012176525212877307
 0.020449822772912213
 0.021848583557705817
 0.021659113491737617
 0.013023249313691726
 0.002530160841824239
-0.0006205761712196611
-0.013382565858461093
-0.02186639026434277
-0.01998110220862362
-0.02384993476096628
-0.01954604479112687
-0.016102933839078792
-0.021036044796571104
-0.01911333156616539
-0.0037011819346651764
 0.019210037074658667
 0.02651963638651411
 0.02600971326229208
 0.02465772370762198
 0.017738739418322963
 0.01996553219305716
 0.025633101965538876
 0.028723012831482334
 0.01761474805070419
-0.00998164525293073
-0.028689559568502707
-0.03349636056142781
-0.021057173244092883
 0.0018142815171264814
 0.0114769886874007
 0.011212668272059342
 0.009549581952807043
 0.004415310681374365
 0.003360383450778992
 0.006253812149617913
 0.002368606083349864
-0.0012031641449180702
 0.008864202726654807
 0.014042906154793061
 0.0009815150700589748
-0.014068088419899719
-0.03213275754554608
-0.041409527840099686
-0.029924682477272556
-0.01777554026375862
-0.006540975756647999
-0.0014067147234500532
-0.0040592290984788615
 0.004019925367869423
 0.013829994163472054
 0.023551178169194054
 0.03598802641311108
 0.03263846815954473
 0.01888003319627307
 0.005002305488687936
-0.0022230974183574392
 0.0010539393210189096
 0.0014422203892748287
 0.0010936933308886704
-0.0019471072315133953
-0.01545760041248645
-0.02409112551711444
-0.021476046555006983
-0.019731102904362516
-0.017997854620807607
-0.01184609665081826
-0.009008805714009208
-0.006875575875991469
-0.0033810053087493658
 0.005025619436106493
 0.016002885867246852
 0.009411371856455436
 0.0035028672836941166
 0.009858124641041757
 0.00542791446840038
-0.005968056342780859
-0.012115146404169136
-0.0074557172748071915
-0.003193930626490163
-0.001383492920144197
 0.009205487323622905
 0.008548202574072461
 0.0029624901329829006
 0.006181050036911481
 0.0024525618896435036
-0.0016127528298037208
-0.002291089240115368
-0.0012782755692771486
 0.0038536463905028823
 0.003795164435937734
 0.004471151534596721
 0.0112684937679296
 0.01214096303369315
 0.007044116936947037
 0.0035729268656492924
-0.006634794649233
-0.022816509673460772
-0.02838117045378913
-0.026491204251234163
-0.023824665673932655
-0.018578129116674974
-0.0094651041996099
-0.0032618866144265013
-0.014220450696458317
-0.021441175456667877
-0.010599575283766371
-0.00457412727834422
 0.0030769767525262864
 0.015998013193950944
 0.01716052756353549
 0.010828650702132236
 0.00478681894454995
 0.003519036032924666
 0.010000603354839502
 0.0183136651629789
 0.015544197117054556
 0.009771358802532076
 0.007820566452876695
-0.0021462304999607384
-0.007252432890378496
-0.008382210470347012
-0.01066515124534581
-0.006117997640043629
-0.0036198723488317236
-0.00483853471868087
-0.00866526394950115
-0.012898991955037964
-0.016697652304843297
-0.014683715211139037
-0.008962346750045355
-0.007191673291803868
-0.00402457300306934
-0.008422036147859954
-0.005570710770543455
 0.01834163166164643
 0.03844128442264087
 0.0435498156482418
 0.036420314751330785
 0.01640953654198221
-0.004574296209217468
-0.006691162771544565
-0.0011662764775554335
 0.002428874246656859
 0.007993524788750483
 0.0037130153148554335
-0.00483864222014567
 3.598166366411415e-05
 0.004833416124682827
-0.003528776463467456
-0.0038071313193162593
-0.00066576083817875
 0.0025527990657498167
 0.012807291810755614
 0.005797083658158064
-0.012538917983966016
-0.02770781421823819
-0.042301298391704184
-0.04446026827555368
-0.028751056319978735
-0.014987953448106009
-0.014106127888670814
-0.016377373296580053
-0.017867368182906934
-0.018024091221024358
-0.014978622750021209
-0.0022072870073428785
 0.0073150757578566705
 0.003914057889096267
 0.0008077632709926758
 0.0018977663646219806
 0.015218784360509482
 0.03140282821992041
 0.029779506148772603
 0.015384843215829072
 0.005497574759200624
 0.003298840627246627
-0.0013184954188276699
 0.0008287688596975429
 0.009483335386852004
 0.0018743244392691594
-0.013600990412749397
-0.015954103390285537
-0.01115900800268474
-0.006113631759367424
-0.005938206372141444
-0.009388344782677999
-0.008298341689048694
-0.012475931932555653
-0.017820719811600355
-0.02006389633849466
-0.02623905528089787
-0.03000029045601662
-0.02814307128131241
-0.019876790941531233
-0.012307554480287641
-0.007453982257239047
-0.005257597436937697
-0.01176724387810224
-0.01663018263305721
-0.010150954384560276
 0.010793103880300164
 0.032427188803444446
 0.033435324327446836
 0.025454400706416108
 0.017908544741116875
 0.007457559590771795
 0.00042162163057722635
-0.006134806278945526
-0.013708731125259707
-0.02441935342499292
-0.032065789547262344
-0.028987574048408446
-0.02870689035737646
-0.02660640754720947
-0.023301301926818188
-0.021883828554681295
-0.009011912655032761
 0.0019068769406598157
 0.0026156110671695793
 0.008786081624502215
 0.021606537908956697
 0.02727644675485634
 0.022995937280961262
 0.013903953786422674
 0.004589758317182488
-0.0030169135569824423
-0.002815758362159443
 0.013099292054191705
 0.02269884424218231
 0.017370429877063
 0.015052403000795522
 0.013784620089170224
 0.005590840787109558
-0.007348918479893135
-0.011552238530997128
-0.010335925472800614
-0.009273991260186243
-0.0013959971077783656
 0.00110212818343354
-0.004123366951297669
-0.011711326238119324
-0.018749603271731793
-0.01590763418808694
-0.0017585842022588422
 0.013017337459569497
 0.015536514411542593
 0.01619612799627622
 0.02445539111580365
 0.03691796916731771
 0.04387904653990436
 0.030567374599453787
 0.004194316693386463
-0.020920319713844573
-0.032966552935205146
-0.02931292537554507
-0.022188112863704604
-0.023453556701911987
-0.03300867673319704
-0.029462646550760876
-0.009821452179677032
 0.009464203031884291
 0.022396934840398522
 0.025182766162013495
 0.03343501206128721
 0.04537129859377122
 0.04191648203639885
 0.04432572253773012
 0.04338307083119451
 0.016394836616216504
-0.005992440185729933
-0.011578152626819493
-0.007933881360831063
 0.00150193568790577
 0.006982379586954579
 0.003059748345999938
-0.0031902609457764297
 0.0007721243050479581
-0.0005588135888609513
-0.0003599974674558526
 0.018677715961806868
 0.024228332063393018
 0.007679382512553179
-0.005945725265897525
-0.0031435204303571634
 0.006250193296857262
 0.014951541292369933
 0.021636608001643062
 0.010776285003163522
-0.004544651003272893
-0.005290820542703967
-0.0005237940361181026
 0.000568548130929103
-0.003606703039159942
-0.014990978483251621
-0.020324070995206778
-0.008539824234886986
 0.008790365599300479
 0.023947556228248346
 0.022770997179921593
 0.0070594359126940065
-0.0010384413792322994
 0.0029379783120995484
 0.01252583513300061
 0.017484665659855195
 0.014549123401259148
 0.0031671870305853556
-0.008773787886969212
-0.003283987694248744
 0.005894531278517828
 0.0026034498603992595
 0.0041215033895063286
 0.009658085050585005
 0.009814797850467696
 0.009279144918648646
 0.0007391827507370885
-0.005875721994233432
-0.0015367459231253322
-0.00472958625769164
-0.009756260151900398
-0.014546687630900113
-0.0268408626345593
-0.03230026511108165
-0.024801200852375388
-0.009239350522128861
-0.004130819296527949
-0.014151414937977336
-0.02784435584554748
-0.028459537273575516
-0.003894593357788398
 0.01942830257308785
 0.03524745097930462
 0.041948891202503114
 0.021290189656393135
-0.005424372968689237
-0.01407894973407843
-0.010832320949134902
-4.685853826325026e-05
 0.008343392692667206
-0.0029005383463497902
-0.015126880220889538
-0.019978123608754964
-0.03328043925553391
-0.041469540410758746
-0.03386053970141066
-0.027622236014958584
-0.01980271869799846
 0.0020184920985787114
 0.016880959476869767
 0.016017836266543115
 0.0049423185136157205
 0.002558797581646746
 0.01725285167384817
 0.017119519369909852
 0.01093500413383501
 0.01168350250844924
 0.0006009675352681154
-0.01626843507382557
-0.014450980147225859
 0.0006804806741249891
-0.00462688203023312
-0.017262561752907357
-0.012675643899500655
-0.005171901493958561
-0.004741517104180262
-0.004980107711924586
-0.0021732247295483814
-0.0013381806384714368
-0.0011183128563051342
 6.75922474585311e-05
 0.0009681303942370018
-0.004460864127852501
-0.01301719980968942
-0.013480341465553228
-0.016516463881119464
-0.01791991305098363
-0.004222304234812402
 0.0067058416545518335
 0.00435272867701568
 0.007798178702481673
 0.01746556401959172
 0.014698435047085262
 0.007580629517263807
 0.007975927805773456
 0.007821543841073919
 0.0007435025593569566
-0.0031650942410901967
-0.002245843506968437
-0.006921656388490502
-0.009005775922966835
-0.009391728156039586
-0.003038809872109846
 0.01642227584579481
 0.02418331632730715
 0.020344891729397338
 0.0059174817686030445
-0.017608923787866215
-0.029589662953525275
-0.019197164876862738
 0.010118437150702264
 0.024770387921381296
 0.023062859207188674
 0.00842493263878237
-0.017723574219165456
-0.014806754786147444
 0.010953455646192378
 0.031382917759112325
 0.04145730185093892
 0.04437412128395696
 0.028613439474953234
-0.0029313097581159797
-0.016549400316312954
-0.018462767491281784
-0.017985601633145235
-0.011560172073260253
-0.010668990220153426
-0.024088259537827936
-0.03836129065304008
-0.03230075654634927
-0.017812540914924027
-0.004213173182305074
 0.012354478717643308
 0.022017185887917526
 0.0264544030425779
 0.04491670441103443
 0.06176270604771429
 0.0566307738496995
 0.05353149645184965
 0.05183566310474659
 0.0362667853160116
 0.015774157982573297
 0.004048377819466556
 0.0005304062798106024
-0.001673005998979224
 0.007330082467444002
 0.00867738363704354
-0.0034156310526752692
-0.005207366409912692
-0.015358950162765117
-0.031758199014858636
-0.03232192082769263
-0.033666893162109
-0.03829592457527284
-0.02743561181502803
-0.016142570472469628
-0.022132942614857848
-0.01776823673615273
 0.0034705447793645233
 0.016840683317028177
 0.02736884765192958
 0.03657777457912899
 0.033834036340801676
 0.02491046613235269
 0.020017119422964857
 0.025530310349864443
 0.03469245580870564
 0.03761629246197738
 0.028847101099110553
 0.009898262221493703
-0.0034578521138971946
-0.008079866306807293
-0.00975464799314918
-0.0056191713093993595
-0.002545633957381263
-0.009448244732754907
-0.021840660819966357
-0.02573756225332395
-0.01420125727530279
-0.007385202454626608
-0.008582813163714564
-0.008989817057548519
-0.018067766111579647
-0.025077974264177183
-0.02259622248689068
-0.011015475113929182
-0.0048730734376114665
-0.009413220060894678
-0.006358395296219885
-0.008131418066114032
-0.0061034465319022985
 0.0016739674635354168
 0.002134759807746564
 0.0026282991798084743
 0.0015640156555414703
 0.008946126243352157
 0.021743191793627534
 0.02997672510555796
 0.027361635905215745
 0.012791542465928868
 0.0011920722673893491
-0.002723541753311548
-0.0003680999405922397
 0.009724996738577671
 0.016987814582074892
 0.0033814193909674772
-0.009347823268423205
-0.006627486002509744
 5.290255992757009e-05
 0.01057872782141106
 0.005881863279127791
-0.011008590990727096
-0.02601375208574548
-0.03312687946873112
-0.015595529320603263
 0.003959119334017852
 0.01331072973970987
 0.01957710230717688
 0.014463882696505392
 0.020225015405703567
 0.035057074829561774
 0.03815400291575896
 0.03667804246993957
 0.02282370549653355
 0.0016948501934233723
-0.016255204334745338
-0.033206474513465915
-0.04256745145106433
-0.048073635395944905
-0.04778593448465918
-0.039989807901878185
-0.03384272807872465
-0.024509830260375925
-0.008286022152860492
 0.006620887620370872
 0.02214297370251289
 0.03957140462025266
 0.04203210473677797
 0.03310151730807524
 0.030622094365971894
 0.03017298715061556
 0.02382941492212272
 0.009177453913208955
 0.00013926910728230546
 0.005877011082301362
 0.002775394611033599
-0.012002876362447373
-0.01807745514788041
-0.02163051278880504
-0.028692180556596628
-0.02540812659696655
-0.013726799067034862
-0.0033997950460738363
 0.0008456180883178038
-0.00528275938572717
-0.006669835041665947
 0.006302661014952762
 0.014830917577540015
 0.019085687005603286
 0.03221256190780415
 0.03396920092553818
 0.019595589653355838
 0.009469735708100446
 0.0017320757225324918
-0.013116367453485836
-0.02703853755601128
-0.030860588639995717
-0.03518320143541319
-0.03896081012445731
-0.03338914236210995
-0.01850796239647562
-0.0019028853218406444
 0.0019940058732822175
-0.001933303514508239
-0.001173109772804437
 0.0028267006527065153
 0.004290955493201631
 0.006073324318532677
 0.008585484050252029
 0.00701829974113409
 0.0009483991025368982
-0.002094740533283096
-0.0014982819308330675
-0.0020456302297416906
-0.0026818633185309443
-0.006204513005022727
-0.004012806331557206
 0.0003869856484165768
 0.004592634534703738
 0.01397231382141069
 0.017335896277249768
 0.013170001400832368
 0.0007214475515910507
-0.00464205291479694
-0.0069062811024524495
-0.024159291752083603
-0.03542661352527972
-0.039686071338413564
-0.040598315090516354
-0.03701953788022943
-0.03207941994071812
-0.016735103438337354
-0.0031310575588825856
 0.0049574532011373434
 0.010992257500231126
 0.014100880953517872
 0.02130288288814941
 0.021567193065256007
 0.020652610239735317
 0.02977733052388995
 0.02662191536401022
 0.007944409002871106
-0.0048479886388031745
-0.008644309915190607
-0.0014797331552456466
 0.011499780121626807
 0.010489295285971742
-0.0011312265733289806
-0.015254556989794804
-0.027756909527648088
-0.02703648003404878
-0.0024598407511720877
 0.0275598223751842
 0.02935154749418689
 0.014400185087780473
-0.0011944225085515486
-0.0160896471529281
-0.025838910277899793
-0.022262472141030776
-0.004752173653664121
-0.003346395648616815
-0.019079008576605605
-0.024830795230366867
-0.014031298378987755
 0.005156115749021292
 0.0203811395070886
 0.026797212773301923
 0.028195973558095513
 0.020996300458647144
 0.0025620577329708016
-0.0054352394019853145
 0.0014907518693326738
 0.011092643130741209
 0.021443037885881366
 0.028857895501542816
 0.029503474645768968
 0.018147268082692222
 0.008262338699481675
 0.005450767332034923
-0.001388688461055096
-0.0034634517018597988
-0.0021933399550513183
-0.007921735874633476
-0.016503801364067427
-0.025464796747202992
-0.028720792064052897
-0.02368009396757141
-0.019902495516762028
-0.017025440331848482
-0.019097864499235284
-0.025899895117638724
-0.020122388894515175
-0.0038330867312982297
 0.012159153107843976
 0.028687040759687865
 0.038810545393290624
 0.034195548420634256
 0.030537232475903592
 0.038178980213102454
 0.0445763408919725
 0.03826317661791252
 0.019485090099803218
 0.00010118356645487381
-0.011533372733353323
-0.010955626718246597
-0.007748762181407562
-0.01499053860237834
-0.02555146020336524
-0.03369144081681394
-0.03288914375358774
-0.021668613686984584
-0.010859760541933841
-6.26027639726301e-05
 0.002028523752522715
-0.006401501964747008
 0.0009946430635711656
 0.016830164983713328
 0.023751478108195487
 0.0216158989585251
 0.007165098263551703
-0.0006497511448073368
 0.010039809255929955
 0.023875423403757937
 0.012093505478621328
-0.015357865273103094
-0.027752620433732444
-0.03996258879434683
-0.03554876237386557
-0.008434228432555105
 0.007841039290154353
 0.01736808020218973
 0.020977265366909498
 0.024689369762017355
 0.02953592476481222
 0.02345432875912544
 0.0153260435127663
 0.0043464277699732795
-0.005105773030923674
-0.008932502261743941
-0.012621226160907426
-0.01323172944209966
-0.014981361477814675
-0.021404462202516475
-0.023755236106634728
-0.013210698257807935
-0.0009703321809954452
 0.008325140462666691
 0.020006467992598365
 0.02140055063055614
 0.01378218338930165
 0.0025756775249712316
-0.010052984977449261
-0.017975431763032235
-0.02404767147504734
-0.02198695291298486
-0.021832579186520082
-0.026634702032609356
-0.020765971946187275
-0.014132364852108184
 0.000746476040108246
 0.019452041044027563
 0.022022677611194724
 0.02765983942924359
 0.033923872923292686
 0.031778937479950656
 0.036300361277655846
 0.040375022052539955
 0.03795641501930229
 0.03152863614776466
 0.014268608277879777
-0.00882039054944006
-0.031539815776729915
-0.04038151841555202
-0.036250719878638024
-0.04584794323144547
-0.04643739485187649
-0.030049851605107272
-0.029310709524164674
-0.035963039443821794
-0.03719807532759633
-0.027313156182620535
-0.007910547300163648
 0.005281821657738731
 0.011913089678399907
 0.022850591861435787
 0.03603360452566652
 0.043216893872954756
 0.04667871741234611
 0.03989539938128599
 0.02038050473653459
-0.006313006227786563
-0.023701683135656557
-0.015344178932576849
-0.010818076988035843
-0.014871696340393495
-0.009040391428658007
-0.00990117556556673
-0.01315950995583455
-0.016022540938475355
-0.018015436609653143
-0.010289482229409494
-0.0036628923555841464
 0.003943769280346052
 0.008820732237573736
 0.008100292505739695
 0.003934397629322295
-0.004198565763872689
-0.005379802959035257
-0.002659465693121782
 0.00047020942092616813
 0.00719971852513962
 0.014965437153487776
 0.012493031431638144
 0.011912936104878785
 0.019521936814226884
 0.016897491320213023
 0.02241302132053051
 0.02826771696644513
 0.01959676668713055
 0.018876326955296507
 0.024915809401226105
 0.022005996950227077
 0.006708451677969796
 0.00021517875073064074
 0.005075768194032951
 0.0034243772418702106
-0.005316745239981713
-0.021121869443925745
-0.03735504408334756
-0.036267380063136186
-0.01596422791478344
-0.0024022853568510666
-0.0023508308607743944
-0.003286465347056289
-0.013342147089774353
-0.02146575418929768
-0.010949285221485833
 0.0014782067287595624
 0.008953880253286708
 0.007311845594795599
 0.005227726060319252
 0.013185248708936143
 0.011924483017564574
 0.009655576683073236
 0.003010263983669853
-0.013211215288662398
-0.01931620202852828
-0.013421742134509154
-0.00042351627029341143
 0.00605571197820351
 0.014083406829357742
 0.015884488242032077
 0.004703712185298664
 0.0004044901240603249
-0.005274785253745681
-0.002622281116951647
 0.01168348678787652
 0.03045922399433318
 0.03940851377214444
 0.02097427104646811
-0.00195099264159794
-0.02351725467385754
-0.03419980809257583
-0.028852691378347964
-0.02589844677064336
-0.024137129606073518
-0.031788243875178764
-0.043081295455971905
-0.040842807314148154
-0.02382839239137871
 0.002259288319468686
 0.01372542109495252
 0.008591149823519842
-0.0004540522026605376
-0.01187107467460298
-0.007190593884479832
 0.0013797659996298145
-0.010142514776118633
-0.016731689713492162
-0.012883919060145424
-0.014525953718636533
-0.014748170812455483
-0.0029171425837774823
 0.010920810637468414
 0.005964308945796998
-0.011590442174744697
-0.01712469500064022
 0.001622973324801505
 0.015234036424510003
 0.01547261679401958
 0.021919098014665767
 0.009227280529961676
-0.009239709223565443
-0.006687785243741584
 0.0031269616986968757
 0.01449251431721052
 0.015035174231048581
 0.004855521597181223
-0.008629241776194826
-0.01713411784283768
-0.013712058551550818
-0.012296924252831853
-0.012205705508650688
-0.011258385893513967
-0.011920348789900254
-0.005618890121164566
 0.003185377104736195
 0.01693210646268356
 0.03441667514245318
 0.039412930843994345
 0.03235594122303859
 0.01525730941898959
-0.0019325462483579525
-0.0069989843906712035
 0.003049669893558385
 0.01814838368705847
 0.018333165367956095
 0.018019724410838614
 0.01678001038022825
 0.00206255531561296
-0.005555811925641516
-0.008140493171550897
-0.003499776629532228
 0.003374755026591722
-0.0077171362402610605
-0.014846637137172075
-0.0167389526513797
-0.016752992211004528
-0.008531154266163674
 0.0016040457345286308
 0.01750973985720812
 0.013392965522566858
-0.005022564615766209
-0.015915634642096513
-0.029779327909174168
-0.024764359620289722
-0.009249290758401404
-0.006863440991249248
-0.002398154955573953
-0.001011089537869908
-0.006390963518183274
-0.0016169197913436795
 0.01448525649844036
 0.021792516736877904
 0.010733372497875884
 0.0012343902286207076
-0.005240170111275144
-0.01515784652233644
-0.014818685995856673
-0.016792869079691186
-0.02308498169298996
-0.016732063409060235
-0.0058085956665318295
 0.006034127929235744
 0.015565846988106938
 0.0232941404417685
 0.028676343257265036
 0.018260444208188634
 0.0017348853915278989
-0.010096153075384834
-0.015104114382250303
-0.008526645050201093
-0.006166525090645955
-0.011427106326645842
-0.012519458731927807
-0.011144088681313322
-0.003427490594741303
 0.003716034504442439
 0.00034308551669696985
-0.001065041800003011
 0.014959945066989958
 0.03396023332156611
 0.028042372455133135
 0.00877775866609827
-0.0070086529505024725
-0.01181077579659176
-0.004351475785989975
 0.0006751878699840508
 0.007664334123585637
 0.016014821106411628
 0.012595090650307936
 0.0031849931709333756
 0.003407200026517593
 0.014538845303240108
 0.012889793424495269
-0.010610882324376958
-0.030340971723576173
-0.04172758624108577
-0.05242651317372944
-0.03884819710187169
-0.0017832448407665707
 0.027869183758977664
 0.029345133966562312
 0.007596424207705649
-0.007252018968312665
-0.010157153272475891
-0.00013422879584332192
 0.023375793008465817
 0.03228297946475468
 0.015986649843049275
-0.011544249404884133
-0.02698213908221611
-0.01982691861594281
-0.0012850887512772663
 0.013572700480177946
 0.008833732616372283
-0.012512656514603634
-0.02798563229320429
-0.0291528350478594
-0.019405921234540366
 0.0007124441137973808
 0.010927172610698671
-0.0022184251170802305
-0.020028135240174258
-0.03018205806644459
-0.029410168957651237
-0.015502043533867998
-0.0027821674063837065
-0.006063892530830645
-0.017621259407847756
-0.029625389307685927
-0.02809564041148932
 0.0028269050541807478
 0.026100680443280844
 0.020238957338877733
 0.018384066999356713
 0.01600288514080564
 0.018094011657300957
 0.03856089894490751
 0.044806219851613316
 0.04414191788180913
 0.03529787616956913
 0.012870835119518184
 0.011663868116758569
 0.015754902405568066
 0.009224204303642333
-0.0005390932618368205
-0.007439364963792522
-0.005364611961222579
-0.0013952094901444612
 0.005502712900158607
 0.0018210062212488387
-0.014748994990352204
-0.021066837411248
-0.01972889253532012
-0.01324966428682317
 0.0072944124235744395
 0.017850645639490764
 0.011846239056595084
 0.008707197410640757
 0.005507339855820706
 0.0024642002200007396
 0.001437341870420314
 0.009778472559574633
 0.0138624896281304
 0.008344610316160267
 0.012735046002462405
 0.013039120427673509
 0.004854697419284487
-0.010157480895987628
-0.020330116309601243
-0.016503397317015736
-0.01328951555992297
-0.008950539488814871
-0.005509767610184721
-0.012185488264020952
-0.020514933824320458
-0.013448598147927801
-0.00896459952490919
-0.016772431713014485
-0.02292186084782069
-0.02217102339978852
-0.013577272781499769
-0.009257009297734972
 0.0062908065920040945
 0.025910949302326722
 0.024128570238760944
 0.01765868804570092
 0.014617887483298841
 0.005153991315312342
-0.011937623268482911
-0.018987595669184953
-0.015076670033554632
-0.008814975612923437
-0.004719263177278124
-0.0018188172581854734
 0.01605169853553952
 0.0351011073318918
 0.041323037504418486
 0.044663229226078474
 0.041996680410542206
 0.029414799376479936
 0.018491321395716784
 0.01531485457507585
 0.014854051992629957
 0.01598615840778167
 0.01363538450366343
 0.002477999181109136
-0.016716442405388388
-0.03683013984512505
-0.04024753122781083
-0.03378701556665719
-0.03020589928295235
-0.01890116257330439
-0.008099326648507377
-0.003014186157085569
-0.0005558251139781561
 0.003179670015308819
 0.014119511271762614
 0.01517910641095907
 0.009270601838197737
 0.015038751767649641
 0.024551758239177546
 0.017321677185296327
 0.007960700247697933
 0.00607540195374405
-0.009696975222349247
-0.012852390382228962
 0.008465919629497276
 0.021391634217757777
 0.02232959753922284
 0.01858473587802946
 0.0113640111178199
 0.008255377426298421
 0.006807485861493934
 0.003151508990181212
 0.003535111911601302
 0.005401687379977135
 0.00973598530424942
 0.008192191729310586
-0.00406221902624411
-0.014957628125992328
-0.023380636623008294
-0.021626336678692196
-0.016571604141703236
-0.016541201306387754
-0.015947081777355668
-0.0301990612318066
-0.047480140762452674
-0.03693794198704381
-0.010340343271091748
 0.006674071651677688
 0.01107152455823357
 0.019134305510656466
 0.032399185744514086
 0.039823399653847194
 0.04624415106689636
 0.04772244034789891
 0.04514009817540747
 0.047745820843843295
 0.04849899736529337
 0.04390973020023402
 0.024617047530184233
-0.0038237512773166837
-0.009832836007048193
 0.0017689630266745082
 0.0043162088596625375
 0.0038390327632912558
 0.005988636115234383
-0.0023080624172143877
-0.01678693199320272
-0.028402775705667627
-0.034168596799936356
-0.02987406312376857
-0.01661620011016468
-0.0025700693547246745
 0.0010297595163234474
 0.0006952668984447491
 0.006255239293702558
 0.011674867283885684
 0.015024415299217289
 0.010788348220262547
 0.0013899461079775605
-0.00021934152266278595
-0.006558235604319784
-0.010459815184513208
-0.0005889304800448941
 0.001534943064301214
-0.00770908020240163
-0.026770194604078215
-0.03556511577454208
-0.01710047533266762
 0.0030295853827596725
 0.012928538968242947
 0.017590307171022793
 0.015828979768218218
 0.010540329651203384
 0.012643151534788274
 0.020102451545390046
 0.023695263196184452
 0.016423078820780826
-0.00018200849208888092
-0.011054026857657981
-0.023970395390481583
-0.04541034745817395
-0.04707109470400834
-0.027284877781014003
-0.019156602772889594
-0.012944028894034537
 0.0029873950362419577
 0.01192031130012787
 0.016144672773758306
 0.019800639406836296
 0.026817854541452843
 0.028866877736425767
 0.015162241461766077
-0.006443784818598003
-0.02527099187848346
-0.03447057275024598
-0.04171234917121674
-0.04566304929318631
-0.041059757925854236
-0.039756899151195006
-0.04215211545025356
-0.04231819478204263
-0.03762601862482992
-0.02029348971722454
-0.0019808890475143115
 0.00882562502411853
 0.01639252241194422
 0.011347135930392174
 0.005380154522183073
 0.007700510233633703
 0.010060630193188841
 0.023552400548583874
 0.03510975718736624
 0.022637812603945817
 0.009964707706584988
 0.010762326622975382
 0.012168104628022702
 0.011639468916457368
 0.015938680739460975
 0.021634319392957638
 0.010923697093224397
-6.761401665818234e-05
-0.001735378482746311
-0.00916428077714998
-0.01324830808394048
-0.015114893790551073
-0.01284365862087658
-0.017503097988473257
-0.03410350715450714
-0.033881300298922945
-0.02109826918915504
 0.0021404200986763905
 0.022703209396417276
 0.021755879543045836
 0.01987759846934567
 0.02411365531006568
 0.03204077000424972
 0.030118046535609247
 0.011887303197291185
-0.006687283933459839
-0.01968552003591033
-0.01777450217259416
-0.008514115630200686
-0.007534048987213229
-1.159399432783259e-05
 0.012406541662245904
 0.0065331231907532344
-0.005999637301532884
-0.017262280927893184
-0.032300189050762325
-0.035738632094209306
-0.034346888529669446
-0.03597956689448892
-0.03787889962895026
-0.038463673102545455
-0.03347443462125802
-0.0281998291829854
-0.00510616244706448
 0.026368404345232646
 0.04135484261467298
 0.05091229148114121
 0.05345252009387551
 0.0537542554456687
 0.050577788625027764
 0.03792339631501025
 0.029954168061069084
 0.02083879383235135
 0.0005028844179131159
-0.018043633831822975
-0.024731049852748765
-0.028333228035449534
-0.029636097048343503
-0.02912384508893831
-0.026499409833159196
-0.016768869533765537
-0.003120381259370461
 0.026948402408761965
 0.05556696055778938
 0.051751926694058675
 0.036837989462338835
 0.025231502043545587
 0.00872933396106397
-0.0056840415592228355
-0.005618552622638703
 0.002547147560172283
 0.004121338851309234
 0.0018758232509969996
-0.001443327048136503
-0.01092359673004839
-0.016567786006585733
-0.01904486987527118
-0.025432884498704317
-0.025722934721642693
-0.026609448666148436
-0.02741877318786312
-0.02245058636733689
-0.01357380786548086
 0.005286135984020612
 0.016113701716414644
 0.018625861448134023
 0.032594802780782944
 0.056359783587644416
 0.07730384185250486
 0.08422281590356911
 0.08440759758446674
 0.06996147503632916
 0.04089614362624594
 0.011388727340177485
-0.015145726631725712
-0.020048429634785175
-0.01744972418660308
-0.0235219638986182
-0.037268703494800305
-0.0647364477604501
-0.0833905633874101
-0.07361558069307615
-0.03574364810279161
-0.004596551589002074
-0.0029989695636860325
 7.45677883320639e-05
 0.01527152266538441
 0.026452288483883077
 0.025682728210272898
 0.017846827141152655
 0.008920917859285754
 0.0003762775445383948
-0.0022388116558038212
 0.005613452689007051
 0.008357180689099644
 3.9430495889669626e-05
-0.0027487501373779644
-0.0022996531602563625
-0.0008049903653284257
 0.015032870628231651
 0.04349938900509483
 0.049566940332039386
 0.03147888047221391
 0.016948551281031524
-0.0025546479966302993
-0.015276873435767238
-0.007506476660583253
 0.006708067380946356
 0.013956850783936117
 0.007884611071920983
-0.00037232321242328115
-0.007092486261199821
-0.015192702626544041
-0.024296381488172203
-0.026076421478320067
-0.017847566313225482
-0.01755752632852184
-0.020841590526386677
-0.007773192459633607
 0.009437704630240393
 0.014532201415333845
 0.01139783791621532
 0.0027339048571544816
-0.0007981011230089458
 0.002677756856889868
 0.011991942087895308
 0.023626488149468772
 0.015828012255035107
 0.0011666949524496845
-0.006809550521745242
-0.014224418375641437
-0.014233779788430448
-0.0074340984816796685
-0.0014530928711978253
-0.008924098487123902
-0.019562209510901887
-0.014963596290405626
-0.018790325521225892
-0.033486728925079985
-0.0317792104491221
-0.029299797745253486
-0.03260257453046162
-0.022013594286694527
-0.006772197014701831
 0.0002730870009296227
-0.006334800523787168
-0.01843717150717762
-0.024170245573595595
-0.026815742728370645
-0.016063027345349756
 0.012901713669528525
 0.0373099396663156
 0.04608613801120143
 0.05140518584441438
 0.04806264481110176
 0.030323106890545057
 0.013449026134615544
 0.007673848746675177
 0.012010485744365348
 0.01630501942053314
 0.02013173841311866
 0.023530406970226403
 0.015860580113777875
 0.0029605850948796752
 0.0046891552315987545
 0.01722658363248597
 0.016695608847502735
 0.004726565048933221
-0.002342119939112111
-0.008858783600530357
-0.025218268204519403
-0.0343734066813416
-0.028619291192397173
-0.027000657506319928
-0.020869951197091757
-0.005265997545322837
-0.0021316442844390576
-0.013901866842486107
-0.03024965607938558
-0.03950069656634215
-0.029791207927709694
-0.0036614238953399103
 0.022601687321850833
 0.03433213539355866
 0.03145039182357455
 0.006866725082209382
-0.015733407400766994
 0.003566282251301789
 0.024271755027535286
 0.01811764774589328
 0.011259479365459957
-0.00019029013433323472
-0.020144930581651926
-0.031477746410549574
-0.029723446466233462
-0.024226629053259285
-0.023510877706495792
-0.029480198188122794
-0.02415881128149197
-0.012685661285754393
-0.014065719721439426
-0.007296446369121495
 0.009785801682767381
 0.025249410929461646
 0.03584306932006456
 0.03547816874775302
 0.02647507004309506
 0.011783344786076774
 0.009343686092077919
 0.018419285834456414
 0.02732179414390945
 0.039274454190318844
 0.03684882993682745
 0.015734009074224745
-0.014257595409351342
-0.038141879198761046
-0.03707058869247503
-0.027426594109544095
-0.019059733612792742
-0.01103671690847434
-0.009825081997113655
-0.006192506098214784
-0.004936428791913777
-0.009848488088644872
-0.008735094260836476
-0.006449824650654495
-0.008877787977563806
-0.013060056367906595
-0.01792299512286155
-0.01941299000918842
-0.011565403811213376
 0.0004153251162109517
 0.011462763749888666
 0.026285466880075214
 0.03666626958964822
 0.03569554900209766
 0.02883738062166434
 0.023525339770470402
 0.02490538796792069
 0.026858509152759266
 0.02310896934473007
 0.012477875541205816
 0.005902735044339788
 0.006153010780938925
-0.002075854622390419
-0.011277774567570856
-0.013317451707106867
-0.011979506831178988
 0.004838425924485912
 0.02785256416419786
 0.028640826786916596
 0.008910737387717388
-0.019403751455216306
-0.03338205931977163
-0.01781319176927136
-0.0028641786745175896
-0.005540083783725502
-0.02493334661074549
-0.048391919038095324
-0.046944037711525596
-0.03239968431807048
-0.022241093583199062
-0.010157445425386644
-0.005584562012487415
-0.01806586288957951
-0.028402233442446925
-0.01321697393248411
 0.006875661608256603
 0.00841008865128906
-0.0002795742153687969
-0.014505823862222725
-0.016428547330863186
-0.0040548540692297574
 0.002567057657759761
 0.010898832053242463
 0.015874036094022437
 0.004485082503094914
-0.005448967421891757
 0.003673413788844962
 0.01889609847349434
 0.02283509299013961
 0.021667890235484488
 0.018746382417395915
 0.010278931525439627
-0.002246811746592775
-0.013928149514759194
-0.01212706810208486
-0.004889980066184671
-0.0004808317925392297
 0.01419918785915475
 0.021008225459577173
 0.01001457527627668
 1.9709442424312162e-05
 0.0009225866626206974
 0.013471710430597472
 0.02558576654284274
 0.02788507059353218
 0.016199054678529945
 0.0038838280141095666
 0.0017599442315287261
 0.0054954393608157015
 0.008384189912818779
 0.0011611260791913186
-0.011530691405512786
-0.027700711062651
-0.034612678131696266
-0.03439047127611206
-0.03743594998534996
-0.034334343752316934
-0.035202145109479395
-0.030388337134535315
-0.014473286718184167
-0.0073297616190004244
-0.004607085279669049
 0.0015867760118427193
 0.01165414288341561
 0.015756872539314654
 0.020114561197766043
 0.041514738779119195
 0.044700551655197
 0.025148231835759052
 0.020771820351729642
 0.01814737485771578
 0.007532654568116914
-0.00941861561060367
-0.0233361075662933
-0.015528285616422735
-0.0025417551192965515
 0.011151175550038847
 0.022664089793880918
 0.018074822628821555
 0.011181568147119583
 0.007932590050523408
 0.001619425776463429
 0.0014814153256892948
 0.00015749465203412916
-0.021888277430897288
-0.04662398394442668
-0.05035948931194839
-0.037775279442702966
-0.025761803487427876
-0.01653884211972098
-0.008913467896447508
-0.0214602628292411
-0.038879347691543956
-0.03351117931655488
-0.014267627426515953
 0.011974432129913573
 0.0315922357668183
 0.029377128120938928
 0.015702899800712072
-0.003033083395874825
-0.02066268486578969
-0.019359826091130475
-0.002796852338017894
 0.009890276761615649
 0.01361173745039515
 0.014243282154113829
 0.019054751055640015
 0.023237009207748044
 0.016341415652628158
 0.007558189849253855
 0.003731460618433574
 0.004868245180421102
 0.01360467927720245
 0.017906230173623958
 0.017974058183626018
 0.012081927124790073
-0.0016577952511382943
 0.0011373923641483513
 0.016554220142484366
 0.019934176112248833
 0.014112217255950243
 0.018596215878968828
 0.03196167626979665
 0.036139256275068865
 0.03664916916105615
 0.040096958259940044
 0.036265550882283976
 0.020366863741623456
-0.008078613212713262
-0.03038402244503282
-0.037901809529317126
-0.040622157033465334
-0.03268100789877383
-0.02775492439977001
-0.02770113083027541
-0.01936000014112109
-0.0018403453600827901
 0.023538596105137477
 0.033184929761486306
 0.030829477710532266
 0.030272773117952012
 0.019414789192890358
 0.006414214017021969
 0.006926465976427182
 0.0049148577179060765
-0.01725488525617462
-0.03846560812891168
-0.04732836242849498
-0.04483959343095472
-0.021689788933003926
 0.0013266883801259233
 0.0021102728560088435
-0.010104373651441345
-0.018716847095308145
-0.0139732113229014
-0.005706930983120209
 0.0015324961261978937
 0.0027862343590809857
-0.015350946042520644
-0.034196865689749376
-0.04108544202461553
-0.03189990583159522
-0.010993272741421367
-0.0032766746548493347
-0.003169082396742795
-0.00623561276674188
-0.01128801646854767
-0.00159256227042269
 0.015711897756167756
 0.021414553629918148
 0.01725099782691865
 0.01560194594817381
 0.015113074484712982
 0.012963460894535123
 0.008729732888998296
 0.004998905668312403
 0.002697252305970302
-0.0021025314667010575
-0.004025254935341532
-0.0022101390821597233
-0.001194986337903589
-0.0013446921557672964
 0.00367027613311717
 0.0071344387459264524
-0.004647479179210157
-0.013592101048420346
-0.011164147959745782
-0.016614194142596503
-0.022854847140701226
-0.017795436456876437
-0.017884326365874448
-0.02614126065021871
-0.025839525298425522
-0.009377131702283159
 0.010963445620756171
 0.019894022811224155
 0.019971207114897846
 0.015943317570137228
 0.009952945427748994
 0.008203313392033978
 0.01756895823823347
 0.024022456679133372
 0.019531430597626298
 0.021414379579927534
 0.02480836999019946
 0.02287862930130527
 0.020509142809843756
 0.019007452556427315
 0.012205421938023875
-0.00021974117703832396
 0.0006503890153072983
 0.008123723466416544
 0.006310936448417917
-0.00015426759780630406
-6.91109159525749e-06
 0.011520037592754273
 0.02018162134016245
 0.020581597775507915
 0.013012351076029577
-8.880425680901638e-05
-0.0026383994014497064
-0.002339003123074432
-0.007499004202104129
-0.014530264015462882
-0.029114391895257233
-0.030847650417046873
-0.01737459264899513
-0.010703560380229474
-0.003036082835433593
 0.00896101960591611
 0.01421925153026335
 0.011066175443801535
 0.008102564304190554
 0.0016069523035334848
-0.0033589056818095764
 0.00307588017174705
-0.0007414927654015718
-0.009433494705477344
-0.007543528502922378
-0.012457926873071401
-0.020165178904206507
-0.023896006124892427
-0.030010349158429935
-0.01891612905639399
-0.0003789773385642903
-0.010048711967326984
-0.025914652080136727
-0.02234990931035727
-0.011068563334888426
 0.0032465608636113863
 0.010724573461556433
 0.0031389532481527205
-0.003501681304414833
-0.0019789496284719627
 0.01030819791669875
 0.0332638593209629
 0.045534633352208226
 0.04190204721507461
 0.033965565988984175
 0.020607112580175363
 0.005157527535753839
 0.0004232378187839919
 0.0027833577783391156
 0.00038580240586266745
-0.012916513240916291
-0.023744089211545083
-0.01704498806176448
-0.010301444517043568
-0.0028842478279642036
 0.004256938197801652
 0.005763296359819148
 0.010818028896808107
 0.00822633043064501
 0.004659238349212891
 0.0028955718729904018
 0.008434492607487007
 0.01706332932704442
 0.005898926784236411
-0.0062128004928256875
-0.008226747824764694
-0.001983765991476788
 0.007321062945857007
 0.01446692711845865
 0.022302817949344148
 0.02426061728101854
 0.01945615536151135
 0.009561869684629173
 0.001375107602822237
-0.0057286634864917585
-0.008219781795684666
-0.0013499282863965456
-0.0040726148639626675
-0.023180510733997475
-0.044660227049794346
-0.05479075914188557
-0.05181546287341975
-0.04091772493848837
-0.031643303955587426
-0.02798499824909151
-0.023185224714654895
-0.012289825853141409
 0.010347721566286813
 0.03100173472732623
 0.041960288571123314
 0.04818221874365003
 0.035906756327334116
 0.022176390245077407
 0.020361264153660866
 0.008967632415897542
-0.005286686111971306
-0.01219163596076285
-0.012834886269805834
-0.01081861010268366
-0.014514351222100888
-0.01276239035120269
-0.0012237462997636006
 0.01571114012679685
 0.033911465272447344
 0.0348260378597333
 0.019760060855849207
 0.006013321259667109
-0.003714890204543367
-0.009854963045677914
-0.010491196134467154
-0.010327466114330733
-0.010956681982866256
-0.01152508194253607
-0.011213990297071236
-0.0021594422154539578
 0.009114886539761169
 0.017879389517557437
 0.022178601340561044
 0.020206757330144445
 0.020354113836355478
 0.008174553430173967
-0.0038623234975149745
-0.0010975438366611912
-0.005866919654899702
-0.006973306500689114
 0.004148982482361743
 0.012377837647456355
 0.007547645920352147
 0.0025934833020986175
 0.012487758740746063
 0.01649458638651076
 0.010153353231435847
 0.002219211078763328
-0.000728026546922278
 0.007690293565023126
 0.008148746835816373
-0.0015420394537075388
-0.005078723580706795
-0.005247141985913764
-0.006367563272210663
-0.0012754055605351255
 0.0054003048550663735
-0.00014564333791870776
-0.007211989252546125
-0.012743903005023718
-0.019938897957636273
-0.016142586919483587
-0.01091710202298711
-0.010865647526910438
-0.009378001952236217
-0.003998138210157584
 0.002488107258593081
 0.002532544534416023
 0.0015945709747162279
-0.0005807724230586647
 0.005980323395065185
 0.020725837102460648
 0.022119919740418423
 0.02537356574561568
 0.02387889271245297
 0.008876070690852514
 0.006756865055107503
 0.008464383531065378
 0.002902061824154936
-0.0008521561307100745
-0.001397165356200783
-0.009389784344321084
-0.01901273750472554
-0.012599003311930132
-0.012821220405749068
-0.031678835420067365
-0.03938374837778458
-0.025435858705896847
-0.010849401990919327
 0.0020178357618933773
 0.016253431464184204
 0.01194719218269212
-0.007410984543059204
-0.0155322525691646
-0.0010487150845751997
 0.016215980693910767
 0.02164028683092971
 0.01738784623804958
-0.003207700325776816
-0.025908412965723368
-0.03107777033842473
-0.026539973026794172
-0.02754811878903131
-0.029388974688044883
-0.02291676365980168
-0.014280909719990506
-0.005769026671328656
 0.0011405910860639717
 0.0028995691772158994
 0.007757819547100295
 0.01724743528444908
 0.017380757350152667
 0.010805616853286612
 0.0144592444129467
 0.02319801758314595
 0.01699011161289199
 0.005203515540919565
-0.003130608166215784
-0.01992516042593631
-0.03401340474113346
-0.03394557673113141
-0.025756485814141306
-0.017735808183240817
-0.008159646729429315
-0.0013202011745740289
-0.010297570071634982
-0.01516986512026161
-0.0060989435247189305
-0.0032850433220890096
-1.5023802966376842e-05
 0.011731797782666809
 0.01401005017259506
 0.011647580901387261
 0.016070763615540162
 0.01690346863319922
 0.022082172061337474
 0.034462882543224646
 0.029288847023687448
 0.012031158227220493
 0.00851786483440034
 0.0046139461807890025
-0.001743660488211285
 0.010903704363317765
 0.013888356925455203
-0.0006443113391450817
-0.007640485051235157
-0.010533923988308824
 0.0029648635873399387
 0.025394233472574065
 0.025817600642098634
 0.011504805278782004
 0.001402342067705717
-0.0039377676645031695
-0.01093160230317533
-0.010339821847561145
-0.0011800154621378622
 0.0041834747660153965
 0.0015730637125089958
-0.008220641807402992
-0.013289419023134144
-0.012695299494102058
-0.014718603119712709
-0.009818249428305892
-0.0006631211897184242
 0.002473571144583256
 0.010821719053991333
 0.017219079732861367
 0.010325825251159396
 0.00045259123503842147
-0.007509619798649031
-0.014290598756291267
-0.023815310833143463
-0.02428780878267893
-0.012997106513538428
-0.0025601660419355687
 0.004585698130666088
 0.0013086511530549794
-0.008849949820051176
-0.01443098411430492
-0.0038724118249706674
 0.01420628150294842
 0.016400327249831856
 0.0063961051223078436
-0.0005813560024389569
 0.005932958347326656
 0.020739287963587844
 0.02774012958427899
 0.027765854272758655
 0.028598559290417713
 0.020575532347864564
 0.006704821860533172
 0.00359618816901168
 0.0003752789534304385
-0.003233916449524074
 0.0012454040266587085
-0.0018281435635941201
-0.0049040302272648495
-0.0013299311638137468
-0.007741336521426015
-0.01001024285591734
-0.0024363282478379183
 0.0049808684412414456
 0.012882253327828469
 0.009747889828709944
 0.0021809822026495063
-0.001912401397812638
-0.01018337012266439
-0.018554919004486303
-0.019792293961678753
-0.01589540276655589
-0.017160846604763275
-0.019535011243060618
-0.015338718650445116
-0.009612672042515619
-0.003662074386466624
 0.005598312155926835
 0.012599153776618008
 0.008604011259708139
 0.003722359917409865
 0.010571161765936796
 0.017071441675194934
 0.007450827588208364
-0.009601022747482396
-0.026795556561665768
-0.04308954710995327
-0.04005577400603967
-0.024421412399837902
-0.01626506851069856
-0.010838423300261704
 0.0002511186549384037
 0.017373130954931773
 0.027073263299892583
 0.033510388226867124
 0.028689552793434547
 0.00046628781379939865
-0.011748358693650804
-0.004319466637481867
-0.002885619751419613
-0.00037579909311816206
 0.006166584137662384
 0.0025690841017974447
-0.006366181473741114
-0.0017932980608418858
 0.003333945752102316
-0.0013909876711958868
-0.005526474593180439
-0.006253931545268238
-0.00644340161123641
-0.005697242310040082
-0.005577954684843983
-0.002001516547974966
 0.015029271888719872
 0.022787973296814285
 0.009282158262677045
-0.0019991979510265295
-0.009362606189728687
-0.015331926671355703
-0.0119870568028599
-0.006130022083527378
 0.0019210635018059585
 0.02024068139176992
 0.03471252350926976
 0.032329002577300786
 0.019927230196417692
 0.010690224149968577
 0.015808111669241134
 0.023433485892514608
 0.01994592230729149
 0.01090773750136484
-0.0018448958922049619
-0.010041014267683529
-0.010106513442502407
-0.013872426764456991
-0.02026278046130804
-0.019610184096828145
-0.009135818450538721
-9.998295626471865e-05
-0.00013273510323284776
-0.006076325777262845
-0.008859828263694663
-0.002834380258272512
-0.004897448131987656
-0.005248314263791715
 0.013178901003396165
 0.023987754148446908
 0.018076910502267687
 0.005083352546653014
-0.0077207404621108255
-0.006364082998839629
-0.0011877186441193038
-0.005748916928163705
-0.016326212043075994
-0.02047105525873219
-0.007641242680606064
-0.0028952678347814037
-0.004558354154033717
 0.0077217761708832655
 0.00578969640857116
-0.011299579101806206
-0.022124815999017083
-0.027616965503390184
-0.03296877060268862
-0.028711662101207416
-0.005479990033629728
 0.003509063992286038
-0.005199311461715109
-0.004642617107369587
-0.00044164636791826917
 0.005204871743802256
 0.011440836356836404
 0.016135351587467026
 0.01763703160264872
 0.01580787107072469
 0.013323769981785527
 0.013188098604429307
 0.018060383414821163
 0.017148139662718387
 0.01390150063954014
 0.01017535156569005
-0.0006171383036700645
-0.006927963504312129
-0.003197146521860983
-0.0015106797066642974
-0.0017960517827668443
 0.0003535515691762692
-0.007122132193585623
-0.016452701176751183
-0.024400877769931162
-0.029392465562871256
-0.018946168797596752
-0.01638722759751915
-0.025423073330027884
-0.02278226456032341
-0.012700863248243058
-0.0043690888527603555
 0.0004517363424374615
 0.006888861269412003
 0.016521160485253372
 0.017529296009255763
 0.01642057009004845
 0.02369976144747106
 0.03418582246085006
 0.03707925115968895
 0.025323063042149388
 0.021070622449269258
 0.029888924115677507
 0.029720505710470524
 0.023840070018724124
 0.019989950053724753
 0.018408731304099354
 0.018004066483683315
 0.01311305884771341
 0.007555415287638784
 0.00407252984925148
 0.006367155753105105
 0.01820286212861892
 0.018364253075337428
 0.0009708980206316192
-0.009290622182862654
-0.005513023732053257
 0.0010480720860705783
 0.0056700760407459305
 0.0036561287088069383
-0.017758093551288406
-0.03402635429197891
-0.02438937692930171
-0.018253992473237723
-0.011416885991800366
-0.0001963559251972058
 0.0005825504038498852
-1.625751025277622e-05
-0.007639302898343081
-0.014544252747134626
-0.01144966373435534
-0.004264035313649189
 0.013489526809180225
 0.02878238369636696
 0.022015439179232196
-0.00013559120750522569
-0.01343088963403044
-0.012825074737908781
-0.012780637462085853
-0.011730398616561041
-0.014048425492828504
-0.0260736070534279
-0.035076705758085865
-0.027535538177857186
-0.008090825973877905
-0.005672229178874985
-0.01918740050668387
-0.017695076785173833
-0.010221742334064587
-0.012659061954645529
-0.0009753953512959546
 0.018731293075489416
 0.012048555201399441
-0.006067573539440971
-0.01177491779826191
-0.005543631332063578
 0.0003788974429704689
 0.002126180167032851
 0.0025261566023783016
 0.0005332609312004993
 0.00748966015695135
 0.012911627220552377
 0.0073984260554180725
 0.0004303212243429305
-0.005192816391433222
-0.006792747728401924
-0.001298269388845641
 0.010822803943653356
 0.014831970662835967
 0.013405130758792697
 0.015830744774049346
 0.01826337600955974
 0.020607122455189475
 0.019044616292907365
 0.019168582064939294
 0.017121887705149524
 0.00551773935977419
-0.001520537673838293
-0.004472453446359742
-0.008755301993672693
-0.009351770834357453
-0.013826423401939153
-0.020270575787402156
-0.020424959752101665
-0.01699120509372526
-0.00861031015646642
 0.004107226897599972
 0.013957059941307082
 0.014752339784279561
 0.00957128704448866
 0.0008278254892188225
-0.0022878254225564
 0.0010851133269543373
-0.002903011969701816
-0.004589489023133234
 0.0008862767290797463
 0.005838090035680615
 0.002109601888412624
 0.0009938587489515538
 0.012183980861121865
 0.011082272162168283
 0.0042825806171827435
 0.0061842421868272685
 0.006701172293068297
-0.003979042052232096
-0.01608843025587628
-0.016079079081322
-0.01886725971458965
-0.028296069781307484
-0.036101562895994865
-0.027853995143556992
-0.014972722950236814
-0.01212841479317403
 0.0008627938507879684
 0.013549922950421511
 0.015753324990976578
 0.006895248838229104
-0.0026598711930559404
 0.002343401728738967
 0.005940891526369174
 0.014473826235792242
 0.028445106641859078
 0.02834218229235362
 0.01920809547629261
 0.01608776641768156
 0.02237986879274559
 0.020080554503821416
 0.012232958067611613
 0.01902328308069076
 0.02533877618993391
 0.01652748150554466
 0.0040765885828854265
-0.0028774818076822417
-0.009971896603324606
-0.014128435186070362
-0.01378459651275478
-0.02831258663051925
-0.04725908643471817
-0.04837249050076133
-0.03118030599823062
-0.010610499480235985
 0.0002170662521580602
 0.008059974303297288
 0.005159518145969905
 0.0037817987837027722
 0.013369655604603833
 0.012532262201874228
 0.011105422297830944
 0.007491548748040616
-0.00213608255919967
-0.01146431246894733
-0.02539583886514442
-0.019199638500214736
-0.0024308262863259877
-0.0059932402209222635
-0.0038272633550537755
 0.006193322048160879
 0.009313640868537185
 0.021818322241573637
 0.036238704743879455
 0.044409083073526257
 0.04433656667845362
 0.030077570003748957
 0.018447691850776604
 0.012635089288149631
 0.006092695819134353
 0.0024039719199708542
 0.0018870315754950795
 0.006265771894707672
 0.00700257490223237
-0.0024800338530974325
-0.011635172329919646
-0.019440665444607028
-0.02446266119197997
-0.01980557113603594
-0.013590658183762969
-0.013726329561119202
-0.017192841485581117
-0.01306204294866714
-0.0071933128622450465
-0.004886991591301862
 0.007648097736167425
 0.01795872824320309
 0.010712273675396497
-0.005686975176697029
-0.01330768149136942
-0.009455232691186866
-0.012329959040917243
-0.02070384699615707
-0.02673164431323187
-0.028144449776767666
-0.02541709529060046
-0.017141458657147626
 0.001830760716413568
 0.012454827061449333
 0.008094789091345297
 0.0013301836476284357
-0.0028240158616994054
-0.0008615383831891837
-0.0037830462012777843
-0.011314867726069544
-0.013420038921307095
-0.009649457690751442
-0.0032708095992246833
-0.00028615703708724516
 0.004660978122677795
 0.004279704036440887
-0.010388630486398279
-0.02225007690774386
-0.0214781877989505
-0.011633032902079204
-0.0006417320304313578
 0.004534632324288995
 0.010148403408158743
 0.015724749317341927
 0.014356386248746439
 0.008929730800074837
 0.004883128667970915
 0.007334472490824598
 0.011699178369529717
 0.01303712324545761
 0.011186911052772391
 0.005161452809115508
 0.0013698096795639186
 0.0031147533302083724
 0.0028036514465088064
-0.007439156169642164
-0.017160350413598924
-0.012379289466505586
-0.004473226433082747
-0.007490636261305708
-0.014797906737977984
-0.010180580930138433
 0.0073367347774819375
 0.022199202155772993
 0.031380060201957494
 0.029873691801705224
 0.016061458149821614
 0.006939066700850163
 0.010550590938987844
 0.025113656919786245
 0.025941683790609488
 0.010269886771486367
 0.0007802607959028485
-0.013497448466145118
-0.023396412289863125
-0.017221263585694646
-0.014812023084363385
-0.01714408440113832
-0.016744107965792857
-0.012367706719998192
-0.0017787264762310906
 0.0037812459190267184
-0.0010232160004804841
 0.003559023706090389
 0.01805659563118729
 0.025565016183565187
 0.033152965232152096
 0.04363200902527736
 0.038144537667740064
 0.019233123964809806
 0.003355488484910518
-0.008419412219972361
-0.020491375248929966
-0.03402525916408214
-0.034759733336423654
-0.02523970964464202
-0.019927679031682827
-0.01410806948703687
-0.015006278798632172
-0.021071501290393563
-0.01727519025224089
-0.005540064033697251
 0.006068752220279167
 0.011338679511715966
 0.004857101951566384
-0.009647497432018981
-0.018161729792333492
-0.0192447259039438
-0.01797929230397116
-0.016578192445759657
-0.017525522299131097
-0.010398370713872743
 0.004655900684687034
 0.01658984814375314
 0.018381573262755815
 0.008597224036515472
 0.004613776886695148
 0.008770305231206157
 0.022100679520765318
 0.03607195992683215
 0.026280593480338066
 0.014276463580499887
 0.0071563189772605035
-0.005823204537846682
-0.013390112163907106
-0.012545711779158517
-0.008604378189095332
-0.01919102959767925
-0.030956574008890493
-0.02066699516261604
-0.006213865632459459
 0.011509288535937107
 0.03539590116052997
 0.04185875589510152
 0.03153174163590575
 0.021412904910904085
 0.014243639765888563
 0.009153810889396194
 0.005479121430740169
-0.00053698051924507
-0.004948478104543158
-0.0025041515019432192
-0.003086585902120506
-0.009221980596419224
-0.013153968131045496
-0.012375061801998405
-0.009905005391801433
-0.010945898181889333
-0.01565211901784426
-0.018702275873917956
-0.010662885655674179
 0.0026300634591983757
 0.004456874679469744
-0.001573261711022969
-0.005580099595022411
-0.010148315099320543
-0.008424423109437279
 0.0072520418182868834
 0.02090286916609989
 0.02128881116093788
 0.014999037621057018
 0.009808628587594459
 0.012159392253477938
 0.016921740613227987
 0.00864375466812252
-0.007844378973851637
-0.014347008194762423
-0.009130879591937577
 0.002150466383531252
 0.015637558592090456
 0.02017535590372102
 0.008136139902614165
-0.009706317248330626
-0.01816675092003317
-0.008272475481385738
 0.007998114094487918
 0.005350277866294967
-0.01385585908729213
-0.03223162497752069
-0.03947106232507355
-0.025467034891155954
-0.0035522611578623214
-0.005039916970771288
-0.024699834167433155
-0.037288732421749154
-0.02693833766660901
-0.000572307219030177
 0.012140551688200385
 0.011801380923485871
-0.0010167465257854419
-0.01716103637532662
-0.009973068881202557
 0.00023932054228081867
 0.006426164613538857
 0.016741473267410323
 0.021007938062563167
 0.01815426337359402
 0.013466755124982382
 0.015057319930044707
 0.015819852745166424
 0.008535973002673239
-0.0034307317224783473
-0.009552091976269605
-0.009107673145983833
-0.011947313394445519
-0.0050026095357842415
 0.006819062399222128
 0.006536029396537482
-0.002715011090419092
-0.012473630509062417
-0.01191459708129898
-0.00645754391642929
 0.00026260889411251764
 0.007429524727475378
 0.012336895639135911
 0.01868279670281192
 0.020179798571157787
 0.020579775006503237
 0.018060587816295395
 0.007749947071025012
 0.001478886118487427
 0.004419096285684571
 0.013281840347033114
 0.014818606463483472
 0.006479804609512307
-0.001211073907697438
-0.007926558809638148
-0.01317778375196639
-0.011407110293724917
-0.010721766901394272
-0.011662079534511982
-0.005173494992343403
-0.0071289654888346266
-0.010700735717102547
-0.006754723980203561
-0.009077429003306853
-0.006665849428557663
 0.0007186002326709379
 0.012051405823333833
 0.022766696031668157
 0.017791481752653437
 0.014481687747191566
 0.007808306166773263
-0.0077161292270214454
-0.009734754705796267
-0.005908035713210746
 0.001815579593615002
 0.011702837812008718
 0.013546022546205447
 0.014355336829685386
 0.01172387411541781
 0.010463108424046241
 0.007274946236315763
-0.0005562766859686513
 0.0010319490456757452
 0.0005220259214537143
-0.001662673769992809
-0.0036555694411706113
-0.00977225154812604
-0.0073536547531231206
-0.009182815285047136
-0.013112463746255493
 0.0005102947205425784
 0.015389135612758995
 0.01716682629125421
 0.01618908848344991
 0.015368068594645679
 0.011857114275243441
 0.01796442985029248
 0.02945863150679126
 0.03057202533459967
 0.027075105455704893
 0.01750127283707656
 0.000692686136848572
-0.008836704086839453
-0.012399118021435743
-0.01631239296871871
-0.01927834318174762
-0.01680126955129692
-0.014291448892995468
-0.024298010093937394
-0.02721951791202598
-0.017201271582229227
-0.009861264315940949
-0.001445283277413445
 0.004182522246963791
-3.483224464767565e-05
-0.01253952385591886
-0.02187944913275608
-0.021444386596141937
-0.014022511760226744
-0.010043752995476996
-0.016218911937880207
-0.016183830955728895
-0.0077865625045447084
-0.003976217025884549
-0.008600570292212562
-0.014347678799138022
-0.02026320059215307
-0.025257127458511067
-0.01645519930602822
-0.0005284535225875131
 0.010540036771851405
 0.015749148154422493
 0.02301430507133763
 0.031563613294686085
 0.02617438302070106
 0.014570234675325713
 0.01089788429008759
 0.012118875495119932
 0.016062548158601017
 0.02299789572359065
 0.02665152328325074
 0.021627188462459895
 0.012951560036309498
 0.006350689731846423
 0.006107420977266284
 0.011185544248434348
 0.007934227078420272
-0.0014384452262676956
-0.002446590988504846
 0.0014479611332001152
 0.006830163948696649
 0.01400409700231324
 0.010565653958866258
 0.0034829345303134668
 0.00545009015565949
 0.005800946049228817
 0.006404421871932575
 0.0034618623930827708
-0.003967039901320885
-0.00781014264606654
-0.009517671360259161
-0.0005660425090299737
 0.003344883126600348
-0.005885105699595022
-0.013470725912998735
-0.018375767989476127
-0.023563837949520758
-0.028613902577908634
-0.024452696086561795
-0.017299814693706395
-0.01172814693135904
-0.011786628885924202
-0.017992195782760262
-0.01391987408129404
-0.006016150121289129
 0.0034290232211193483
 0.018644690685514997
 0.02707002801771413
 0.022017624315908355
 0.012188832694727675
 0.0016583190481736232
-0.009347026502216416
-0.014259085798947538
-0.01921792656403687
-0.020481031328826338
-0.01844136442752506
-0.02742575054483974
-0.0334254789808996
-0.02860699285911969
-0.024639929461459487
-0.01831741913196261
 0.0015413090669869761
 0.02524313489156485
 0.028618412714493488
 0.01719905116913313
 0.008752651937938047
 0.0011857443118776234
 5.830580532699414e-05
 0.01450441811522983
 0.028391491878251865
 0.02941833998959756
 0.02448288995868733
 0.013217907258909117
 0.005702459248042732
 0.009849631298882111
 0.01421433717758723
 0.013075203303947056
 0.00110382043195964
-0.006273622247249991
-6.338744181284828e-05
-0.004004731270110765
-0.013447575777336074
-0.018172509200634263
-0.026689080634366688
-0.027262158740872344
-0.019791163363181
-0.019779473115208807
-0.018640349479803392
-0.012497947803485676
-0.006683016405675535
-0.0009780214585072555
 0.004474353559526634
 0.005531609625305162
-0.004451560841457647
-0.01425462265504128
-0.025252950985177616
-0.03440575038858191
-0.02557809242850201
-0.021538517754886577
-0.026829506945319312
-0.02813705410504909
-0.02496293659606083
-0.008409319136619908
 0.014277348824584452
 0.02574114252665037
 0.020765928247635665
 0.015991874282561325
 0.011578037623845322
 0.008845994752607556
 0.02891757863258708
 0.044841985342609844
 0.042268999463790036
 0.028826339411936422
 0.001985466822286841
-0.011473566743492161
-0.007373176161011033
-0.012086414217219676
-0.021641534248504707
-0.017435885362217574
-0.01478104215200561
-0.015988009154765198
-0.0039324298779677275
 0.005879977991052818
 0.003262549717292715
 0.0022169787803689722
 0.01746071512577957
 0.0325874978002946
 0.02826488500487713
 0.02141139477127965
 0.019130793069698768
 0.015233891636341146
 0.010724152967490796
 0.006401540172073339
 0.005503330860478023
 0.002661351538598422
-0.004065828730431861
-0.0027770043962801055
 0.004817961872560533
 0.01249011756419223
 0.009425926267611046
-0.00017597523203220777
-0.0028588975614938644
-0.008430575562075951
-0.006206121860759667
 0.0012274483422450716
 0.0061605490615026515
 0.013996439892388149
 0.010473790205896338
 0.004541894898955914
 0.005564064863465792
 0.013725086899440936
 0.015175307299428578
-0.0032425619123223753
-0.017272329392071753
-0.02471994427381871
-0.03224708765177465
-0.02716194716035286
-0.015054908268361325
-0.006332508612087451
-0.00415483637912939
-0.00901777513408436
-0.0037735776502445945
 0.010026950396314724
 0.014436098669960165
 0.014674679039469743
 0.014330830127919414
 0.012504008669413313
 0.009982482405787557
 0.010473682704431553
 0.011044411499284548
 0.005758100455687629
 0.004052910814912922
 0.003926595731228347
 0.00019342943712452598
-0.005039082917860427
-0.010206101217143868
-0.012669150645321842
-0.013649227526544044
-0.007546590098330835
 0.0019219739782567469
 0.008642126788798554
 0.0156406293360718
 0.01479621871308845
 0.00947716064164078
 0.0104081067428521
 0.010651365259197507
 0.007842132965168669
 0.010108689988007347
 0.007056194058515722
-0.007102222459218752
-0.009378146013963834
 0.00350780432619216
 0.014204381947183195
 0.014269870883767327
-0.0010229962416541394
-0.018196478395076293
-0.018633890243343082
-0.012229512344219304
-0.005988869584349313
 0.00035001425907293937
-0.004898871609837388
-0.010720830466136005
-0.012800271853776524
-0.023599778943390368
-0.02919016953131577
-0.02358809381453557
-0.016128793803933783
-0.015710104781245043
-0.012671653530495625
 0.003907693736542331
 0.011809078623129327
 0.011874567559713473
 0.008429107296012761
 0.0027919352397291486
 0.0014797099331635283
-0.0048170808269710624
-0.0004009153330719051
 0.0041906806671706265
 0.001603660347843358
 0.010117882469923123
 0.00916353539629794
-0.002028936027525019
-0.001177518422522672
 0.008024391284423019
 0.005891151208170534
-0.005574991805548032
-0.013600357821519082
-0.017349897629548278
-0.01408923440409729
-0.005591385795942899
-0.0021225450362978154
-0.00882633457114898
-0.013099826824790287
-0.016821297751804548
-0.017511329529205755
-0.005668605933438195
 0.004094681393806213
 0.01385796872105062
 0.02115119451898069
 0.021212005308729007
 0.024687863288627834
 0.03595049667675339
 0.048590844308028694
 0.045362917872193737
 0.03287459977484791
 0.019927823287591476
 0.008155261656126525
 0.006281658729262188
 0.0053787712708310564
 0.0010818882830106319
-0.0010560299400776824
-0.003133132254300286
-0.0071984469737474965
-0.007345813718193289
-0.0019706281229504713
 0.0012268801202169055
 0.004817352697593383
 0.012550324298090776
 0.01691035202996008
 0.014400521133423869
 0.007051147335229199
-0.000939132579473187
-0.005165843364756284
-0.005603255213023073
-0.0025343960078408195
 0.0013016792784163594
-0.0003847977750150583
-0.008138831274508415
-0.003914469800877965
 0.008113040594904586
 0.0068803437845479515
 0.004964637536161234
 0.003944796406834539
 0.0006724275760592452
-0.0032923069864177756
-0.007701465498297949
-0.008419566156714103
-0.012943339266071927
-0.008283910136709982
 0.001767083220937507
 0.004805534471686926
 0.001977589590314799
-0.005425582896491865
-0.0011708134684285665
 0.001909741103843246
 0.0012243874732778548
 0.0013132671440411192
-0.004962471955332282
-0.006054824360614219
-0.008627810239434028
-0.00960554804723833
-0.00657177494332474
-0.003989443009068019
-0.0009042102899603915
-0.006085263029751292
-0.005500499794390837
 0.0022722360542110492
 0.004309563882094428
 0.006183156570724005
 0.0036171879121579265
-0.00398948396200699
-0.002801239784825424
-0.0008551358202405906
-0.0036222647927470347
-0.0031240472738492953
-0.007647820383207132
-0.006225668864234424
 0.010077667739489982
 0.018191908307106916
 0.010103387308852269
 0.0013622648270003451
-0.003980183978626428
-0.012202032161702028
-0.010618484576893461
 0.0013131238087547292
 0.0027633442087423715
-0.0036410439286161528
-0.00534623356939086
-0.011245381848480535
-0.022793392431826015
-0.025120775601765122
-0.02438631166765834
-0.02185076120175987
-0.009977629651559461
 0.0003493743694015783
 0.0066882582128238305
 0.00780165204063224
 0.0049900806731854735
 0.006444979220008945
 0.010664662546803566
 0.017628078992808133
 0.024191513884349883
 0.027215930694591828
 0.028240439732519607
 0.023274581747176545
 0.010526626500442574
 0.0015656311173069953
-0.0007898209336470591
-0.007514662129259414
-0.01069814617015409
-0.0015851212530890169
 0.006615665030990647
 0.008725504134829268
 0.010121925846204943
 0.003808761572144978
-0.004953412570468149
-0.004268069178137504
-0.00014194878805932898
 0.006395756295885388
 0.008739502741515137
-0.0040154697254725785
-0.015928375762012212
-0.013070033164441955
-0.015526065372366213
-0.024924467484651186
-0.020143406537557848
-0.013060697347239802
-0.013201046871431851
-0.010740346754906524
-0.007802475661127309
-0.00748904494224456
-0.0018074407292553718
 0.009920668269034524
 0.015609289702277443
 0.015213981175533062
 0.015279470112117208
 0.014063146815685962
 0.013377793185120584
 0.016898093559959707
 0.01830854971184287
 0.018921381828218245
 0.021206651438400226
 0.012673706490742426
-0.0019946280320967402
-0.014373009678800716
-0.022239318702353794
-0.018562300408514615
-0.010819972514345563
-0.0042612157696396424
-0.004696288544488517
-0.013126314261758226
-0.010677309512322458
 0.0038062279722669567
 0.010643334453704328
 0.0029267261288975777
-0.002892893653983125
 0.0006110332069306362
 0.006468067926263171
 0.011985936999998559
 0.007144049905804792
-0.0071734236043476535
-0.015259605529184414
-0.012766158384808324
-0.005947764490714255
-0.002680084045009537
-0.006097475427695315
-0.013538073089188557
-0.01814371376817328
-0.014092443727468262
-0.003349084638119032
 0.00427862865857237
 0.0017617805417824428
-0.0002895919648431555
 0.0031511799137870083
 0.002671664743997826
 0.0015699560450442157
 0.00286813667286763
-2.296319078810838e-05
-0.010069288639834542
-0.015886569349297316
-0.010749969242681456
-0.004811066953722035
-0.0018825521536144502
-0.0009328934650598419
-0.002109452513386595
-0.010324283476208465
-0.011638847856192
 0.0011441832535759172
 0.006294817800699237
 0.004484369856118511
 0.0033779830103290998
 0.0020985047316142424
 0.0010084913997501915
 0.005808264934186819
 0.00901279039760794
 0.004825843860429335
 0.004397788305834191
 0.004872615090552826
 0.013164625237931021
 0.02755459978580399
 0.03329468083424095
 0.02126482112680575
 0.00042367185409866726
-0.008941983230335557
-0.014866861317022265
-0.013386232962601774
-0.005082527448134033
-0.004036966749445051
-0.004088431483756455
-0.006001798658725285
-0.007585356481768599
-0.0050638404563775885
-0.002182107124628241
 0.0014972502426288808
 0.003008286551482206
 0.000723006703065493
-0.004811246122830015
-0.014417825769309112
-0.01830069276215926
-0.006429900285376752
 0.009092185796765281
 0.018284739210039327
 0.026055135985223313
 0.025940516268628283
 0.01649299361456716
 0.012221840434343753
 0.016565494652287654
 0.01711049363954363
 0.0029590943420628735
-0.01848319679904742
-0.02637757470361543
-0.019893668308282667
-0.012413316636919691
-0.003962249497123524
-0.005136469472032362
-0.014169976131123196
-0.010081280915731614
-0.0011202957708307676
-6.303970505223966e-05
-0.0066030941006496174
-0.014214444121650363
-0.017107883058724016
-0.016621360906915836
-0.009438071559627587
-0.001457158176831605
-0.0005963842781576134
-0.004745905640649625
-0.00891180051706704
-0.01033396227427448
-0.01144268819348182
-0.008371489914881639
-0.0068066549174163465
-0.010427545687460418
-0.012247349925712775
-0.014752502675413157
-0.017776929723889848
-0.0196575498710079
-0.009496620062718564
 0.00888615280952898
 0.013580668040159602
 0.008051093361099923
 0.0041916171024288795
 0.007297901482297725
 0.014144364257406755
 0.016761782292932112
 0.014656611097694575
 0.01169767810491941
 0.009753902975517745
 0.007870943754981777
 0.0024279147923848
-0.005616163810929539
-0.010839319872242847
-0.015255495604376765
-0.010369176353477422
 0.00630373385027698
 0.01632899740032745
 0.00858899834134158
-0.006783397280288872
-0.01098203918455705
-0.013636892633003744
-0.019077582522182793
-0.0126685264762232
-0.0035461452654864944
 0.0011296573778008384
 0.004320148400714471
 0.007597185140090848
 0.009936253438884782
 0.010988831357827494
 0.021463197004116932
 0.03099725513640604
 0.027654714103093406
 0.02208303610251132
 0.015720751286675202
 0.012857720304034398
 0.00835032070860195
-0.0003370030846380073
-0.0022854563608754874
-0.009321394321070056
-0.011817190777098793
-0.002699487713197904
-0.003069066432345252
-0.009646546002629222
-0.017606417962898746
-0.022081070530480446
-0.015515296565520795
-0.009276992879068718
-0.009719082874171323
-0.003553290463674502
 0.0043855195975991
-0.0018153691524011306
-0.0020258908791305347
 0.008186498544352855
 0.006944445440324562
 0.0001681446295181549
-0.0006084328643457676
 0.0010897293179404632
 0.003487274452182179
 0.011262349374201994
 0.02218113896989457
 0.02620434012958464
 0.017386028224941674
 0.00846011894307476
 0.010078752629152019
 0.00558538747422703
-0.004816477134341912
-0.01048405714505836
-0.01696797377862587
-0.02287647835138719
-0.027234177248073324
-0.024144266382129853
-0.010802196725481161
-1.673431460950947e-05
-0.00039800840084641687
-0.00030211150982943635
 0.010597965498519865
 0.01624214453682246
 0.01594741616704827
 0.017327464364498585
 0.01437788766539505
 0.008693934140753215
 0.008357102449456616
 0.010714883335593839
 0.0036368420538768625
-8.46288731373851e-05
 0.003023994580149361
-0.0018155534406264912
-0.010208153983209622
-0.014561174733059928
-0.010654927244265422
-0.006720610874455982
-0.00756268242402143
-0.01157185938143876
-0.015824299974318876
-0.011522749077897368
-0.006746366277639859
-0.0020027305052331135
 0.0023081766848600527
 0.0006006479706674311
-0.0024845949866749567
-0.003223747305852301
 0.007793283373392579
 0.014396482513038808
 0.010738166568308158
 0.011821152441683733
 0.0072131726892810805
 0.0015900350735049418
 0.003094054162104537
 0.007140646055973712
 0.006904394521647317
 0.0012181019235875667
-0.0009478851805156813
-0.003453037930216049
-0.0078972825433649
-0.012893548483140824
-0.016002182174662302
-0.013971871567032654
-0.009745171019984317
-0.011532228230385924
-0.021644047735133856
-0.01862664814514564
-0.005158268523929727
-0.002505764387135692
-0.006229574387567854
-0.014067814530105999
-0.024270857898152476
-0.019892117578939883
-0.004295181147424679
-0.0007257602308094191
-0.0006345414866282401
 0.0062095822150628616
 0.006775632863080028
 0.00794750352633622
 0.016969304580102748
 0.02256670215004712
 0.020105991795287062
 0.017488563521526945
 0.0165856760630958
 0.00803401852809471
-0.0054834918731320875
-0.015003525803148454
-0.012629371403085857
-0.0011375088200050038
-0.0012404331695104603
-0.0064706064510774985
-0.005953676344836484
-0.011920657753045585
-0.01498017090279094
-0.0039163587551878515
 0.006974361959489805
 0.006296025549178172
 0.003907826470373341
 0.0049112838475399295
 0.0034587141358996404
 0.004132362161140712
 0.007531030718248483
 0.00870056230808676
 0.005622336570998102
-0.004283644472973622
-0.019394063871798012
-0.020081756575781318
-0.00020665486290634416
 0.006859680813486327
-0.0037503613292767107
-0.008486990119664459
-0.010026105547767478
-0.009707996682048914
 0.0037229577644804224
 0.017977266054114524
 0.018115266266653926
 0.013020759243325741
 0.00868411200740081
 0.00866305522752224
 0.009678207971778374
 0.0035919338192557937
-0.002494340333266787
-0.0010838841813836375
-0.0013458655233070799
-0.010049562830472411
-0.012797979215635552
-0.005886022384825038
 0.0025860964157323335
 0.006833848623541888
 0.0038538639700055194
-0.000457053458322379
-0.00763099675017373
-0.015476254112965604
-0.012234303474857905
-0.004106028466733511
-0.0028405948667608594
-0.0035750690391023743
-0.0015049941833682468
 0.004875992981576427
 0.011128331108535963
 0.013184371523762617
 0.016080139296019452
 0.016199426921215565
 0.012695489822067044
 0.01415506651572633
 0.019308040136267565
 0.014122309249640835
 0.003549692281564376
 0.005053711370163971
 0.009593847755212437
 0.004677110311645513
 0.001931032999900259
 0.0015310463263200624
-0.012819174211683146
-0.017057580364055816
-0.0005179973451223535
 0.007037204675613792
 0.009897886346601936
 0.011453365050395584
 0.0017298317330209367
-0.007539921341278941
-0.00705339918947076
-0.001079410799242661
 0.004721486158059993
 0.0035542834034048842
-0.006131824739283184
-0.011514037793014464
-0.013460151995834044
-0.013216893479488637
-0.003830196972527955
 0.0017508270834910578
 0.003479397220210123
 0.010379658683931106
 0.014091763079038977
 0.010688406136860645
 0.0062348052300401635
 0.0022700706675631427
-0.004868786523019544
-0.012126936457915682
-0.011537495075719398
-0.004094568579043015
 0.004117913072126209
 0.00902294491036884
 0.008159821700042189
 0.010784256955821303
 0.011551467917778849
 0.004398576286688702
 0.003629016013078523
 0.0049669608890064165
 0.003806775354605038
 0.0025623831771588584
 0.0039938909898032116
-0.003570677562839325
-0.02383641477474023
-0.02616379794467935
-0.014484809488165579
-0.005921466824309662
-0.004312189431904076
-0.0074535701512763175
-0.0013836797509138576
 0.00503941073555321
 0.005095543378465711
 0.00652471211769215
 0.003238308846409396
-0.006092260136756164
-0.006990469448351466
-0.0010047856910338215
 0.005741096927105005
 0.010840271859034287
 0.011478833783006681
 0.018248107135324626
 0.021469006112671135
 0.014718435109461733
 0.014734803504269742
 0.015286819711779434
 0.007666113397107044
 0.004412457153675053
 0.007163202374021363
 0.005960913518097591
-0.0012972364167985473
-0.01026057087335204
-0.01801226529942747
-0.0221851773960986
-0.016431061907154182
-0.012978594661434459
-0.010386906433506107
 0.0010090541394403851
-0.00041544669118495636
-0.005327505987916065
 0.0002839260225357687
 0.001879168974433909
 0.0013598895565402336
 0.004386645440200079
 0.007055523090919516
 0.003991331794338346
 5.232703945833028e-05
 0.002629980826879222
 0.0030556870698216915
-0.0067263230830007376
-0.0138020252912998
-0.008780039782161617
-0.002696114941291683
 0.0010627709221744247
 0.0044918474337150155
 0.003624046076552548
 0.0022837518889720076
 0.004117580329497092
 0.004723395225618751
 0.005317514754650851
 0.007460100886340235
 0.004601748050535245
-0.000871688866494566
-0.0028178030693141454
-0.003744081261924395
 0.0015164897358407592
 0.010669278901010312
 0.0115066620655052
 0.014662066987150169
 0.015759087301033203
 0.00598877251530032
 0.004047336459316556
 0.0007398815272726122
-0.008419935096385417
-0.008681916438308873
-0.005671534068574388
 0.0033105027370876478
 0.012187281238943665
 0.009130107162616224
 0.0026298170151233535
-0.006836418226281074
-0.01624183755881979
-0.019383218278192033
-0.01940661413148853
-0.017034798804843834
-0.015467624733960628
-0.011647922961628851
-0.006595529498057806
-0.008812976217355079
-0.010485418830279036
-0.008132316090977643
-0.006289131356780914
 0.0015795065019553467
 0.01363976392558866
 0.020282727313339383
 0.020116647981550315
 0.012554418502325707
 0.0009759999645473777
-0.006394425494408509
-0.002764188668927539
 0.0042717390530322835
-0.0005233665728032466
-0.008485577606490699
-0.007107868482458313
-0.0038589006240968837
 4.7346864697622726e-05
 0.007104326247418649
 0.0053313034775245155
-0.003365376609387072
-0.004771164852669152
-0.0015759956829196758
 0.002989870509725809
 0.00913695033287934
 0.009492484373284496
 0.009022325497166944
 0.012809280241647986
 0.008704201274096282
-0.004127960615682505
-0.01683381254089407
-0.019617315027325888
-0.0084061412543944
 0.0048166356579408265
 0.009660851587317776
 0.005813070695736305
-0.00033869751248778723
-0.007103302956204649
-0.010455200283188928
-0.004897566961349034
 0.001010927373177553
-0.0006778887536717931
-0.007316184232821432
-0.010155824481283118
-0.0031549828605919733
 0.009277187236489237
 0.01011457040098411
 7.52621721914204e-05
-0.007386387150062998
-0.013367402998779573
-0.011264581115194683
-0.0021211482436967605
 0.004344045564292701
 0.0014646410677265215
-0.0037865838746017205
 0.001633044115581378
 0.00174999266735959
-0.001328233069729054
 0.0024259746469012106
 0.004264481234262124
 0.007300593411593628
 0.012895651908120087
 0.014198510682779317
 0.003436428767852037
-0.005772508397582143
-0.00527429087868439
-0.005978357096593084
 0.00128913889373998
 0.009527350352506223
 0.005209415703924566
-0.001868625577792396
-0.00747538967964316
-0.008244949953253353
-0.003580842677055579
 0.004608248239934526
 0.012554075521461844
 0.013920089278404671
 0.012549387136391282
 0.009120300386615932
 0.0031837269328396783
-0.004963270900862751
-0.012361765240833586
-0.013992104532235136
-0.01263544706896394
-0.009636760066319028
-0.00933034656769001
-0.008177188491777121
-0.004341113205519956
-0.005758596815891567
-0.0031435178537841113
 0.006802217200057387
 0.013003095711822885
 0.01372352520542218
 0.00770040603518321
-0.000862946866907438
 0.00027851584191590506
 0.000430550494962767
-0.0008840138850207541
 0.005031497669759563
-0.0009729089131361307
-0.004472167865448795
 0.009237136317811964
 0.017601657741145416
 0.017395814161251855
 0.012745731087326809
 0.00752725317284933
 0.00487006065098472
 0.00414728184573275
 0.007124917187616472
 0.00656587352161829
 7.961781463287909e-05
-0.008691912621651879
-0.016813180647757303
-0.01681552484029257
-0.014764162571901732
-0.015035500207496819
-0.012570121944135676
-0.01718979706362786
-0.018031868613193308
-0.0016560207335136468
 0.013678939475195495
 0.024567321116455224
 0.03168043826120613
 0.02833789722789351
 0.017926676325652924
 0.008689670279203823
 0.005744771726936132
-0.0015999239244227498
-0.008502534699796366
-0.009377353277212577
-0.018017895602094297
-0.025739182073736863
-0.0290209071981838
-0.026038593709464264
-0.00930018945000835
 0.0027787805609682387
 0.002208041527880525
-0.004257162518343682
-0.008261661328925224
-0.004601016549011391
 0.00025723382087301794
 0.005295592843936589
 0.010551485694865914
 0.012006384241689386
 0.013875298783483134
 0.02490402482981756
 0.03463456512921122
 0.03341122461252623
 0.03039381478430328
 0.025187032236915347
 0.016305565349988754
 0.006972657293405279
-0.0010386742820583106
-0.006556553594028444
-0.014001829402357488
-0.01928346229911858
-0.01777710413710107
-0.013056859098873427
-0.0029427107589423407
 0.0030499902186290617
-0.002229303604714114
-0.002236325944085238
 0.002273402486530393
 0.0005354658179049232
-0.00053349585319791
 0.005845152238328835
 0.012799212390661785
 0.012642489352544348
 0.005300132774603394
-0.002577871616039243
 0.0035411393260993546
 0.00918999651123778
-2.5671402710258917e-06
-0.006516891728271371
-0.007461882508224896
-0.005457301708192294
-0.0031065380423088013
-0.005618708012262899
-0.007567161288500393
-0.008533203729215136
-0.010790414696616901
-0.010039577248584758
-0.009936663137314034
-0.01450721771503008
-0.012823089973251323
-0.0019417255522453103
-4.0063982600785364e-05
-0.007637379563094071
-0.00585033259092721
-0.000737123218490468
 0.005236865171737631
 0.008186431632606406
-9.857153275279196e-05
-0.0001243064594671911
 0.005264913576283087
 0.0057888609027778315
 0.004340969337973372
 0.0023410564465418393
 0.005185364603604609
 0.005622766213636651
 0.005650829975534219
 0.009449480087104792
 0.007103384329822396
-0.0006249193620739141
-0.005097232856237713
-0.0019839312561151234
-0.0020517695043519163
-0.011525021966010074
-0.013251263267545985
-0.007415280208974653
-0.0017594058035824978
 0.004436794561347171
 0.002256773016736477
 0.000189026996185504
 0.001634569249337317
-0.000980519951004899
-0.0027418473538094734
-0.005214253075659092
-0.008629305384926969
-0.015377537314718442
-0.02150591478876343
-0.014498055947818542
-0.0046201540230964705
-0.0065031132436324385
-0.013220937218991077
-0.014984603695213566
-0.014343702697823243
-0.016397414277866743
-0.01502204422725227
-0.005689146408903528
-0.0033804860645424567
-0.005551151315481506
 0.0013795181026723113
 0.008240015318288788
 0.013888872503427213
 0.019514338954386534
 0.020838249389806954
 0.022136430017630354
 0.024323458544260046
 0.02644031486835241
 0.02263463729829336
 0.014857213064620886
 0.01047612343375566
-0.002124470187649899
-0.015999858821817134
-0.016617379323263085
-0.011377859986259134
-0.009604847454599733
-0.019143593971959402
-0.021288529415301433
-0.008049378989040831
-0.00046142994045393626
 0.004263493244609534
 0.010279584956360027
 0.007505438763599853
-0.009838795749329832
-0.021433587801033535
-0.010482051177490181
-0.0003421730299620618
 0.0025629510359664043
 0.006361601147537005
 0.004464607486493549
 0.0006308610354195665
 0.004525413157124514
 0.015343622595846915
 0.02485195092053899
 0.031733499796916684
 0.03258491740191902
 0.024655453396082327
 0.015916669987648333
 0.009921619698424283
 0.006672641601828122
-0.001146885953366733
-0.014145122055817222
-0.018834969377846747
-0.020528463651531895
-0.0224558652670082
-0.015731034309630562
-0.014748628593225177
-0.018958965864582913
-0.0183625072621329
-0.02259857434108764
-0.018231529388964607
-0.0021410484662701124
 0.0075754573926160584
 0.00866546048624535
 0.004455123214887641
-0.0008405441223809235
-0.0040965394392308285
-0.00032361913525726094
 0.0038095184750746303
 0.0015546465810907656
 0.0019639793101078884
 0.006508793841992169
 0.013006734677832393
 0.014171588120834855
 0.005617591512415851
-0.005462604387347358
-0.012837707993139075
-0.006807581840881108
-0.00018800918730949023
-0.0029411037193084744
 0.0018212446404415744
 0.007673601212938294
 0.01333181469174835
 0.017364372145110066
 0.008335543632855075
 0.0005651366194363433
-0.005121155978623393
-0.011853014394489492
-0.015930024481026275
-0.016561579422979686
-0.011834317164498315
-0.008594705599808544
-0.0031399915083567403
 0.0016831727602589913
 0.001954500157619332
 0.006113367575548256
 0.00906059496299913
 0.004281862851088961
-0.003065171873687808
-0.006136380390522722
-0.006360936557759586
-0.003596156896905789
-0.0019003337880374727
-0.007843924462067456
-0.011254298624499504
-0.010262536614422488
-0.010332713936077195
-0.0031657981027143345
 0.007610308014485659
 0.006880511988979973
 0.0016433214871591911
-0.001420869809421993
-0.008003027526541764
-0.006017159313852438
 0.008543567593528048
 0.016929140677622703
 0.019132542718177784
 0.02271833714871843
 0.01656656894049434
 0.006059446028119392
 0.007039512671106848
 0.014026319851290547
 0.01876761655027938
 0.020295026373058092
 0.018730181137358068
 0.015247295698970764
 0.01337369277210644
 0.012075501906048294
 0.008616007201840095
 0.0005181299099138031
-0.014077693336970093
-0.0254643078544797
-0.02605609854832862
-0.020521855960667842
-0.014959544491992147
-0.01166379516527248
-0.014133861813704185
-0.02023183133331634
-0.018454140654821108
-0.0071377085780835875
 0.0027612450073996597
 0.006101436729059634
 0.006384459493509534
 0.004344782353973495
 0.005780968313453677
 0.013193486855697212
 0.01239819677449
 0.002232578581130115
-0.003888781672661143
-0.005673499809644836
-0.0076710736276584535
-0.01077970731917996
-0.013090716975193692
-0.012199535122086852
-0.013726955183100312
-0.014040396140217792
-0.008487440965213727
-0.0038630979371204605
-0.0018514999168341012
-0.004784703102012247
-0.009593843168355265
-0.009982134474845902
-0.0036479287782594655
 0.0012828328675801859
-0.0027590911176879063
-0.002345080241834996
 0.0015003513380938277
 0.005287306082574855
 0.011078846746205864
 0.010320981839685231
 0.0031166305934010596
-0.010428948688840672
-0.015932793560303346
-0.009624317671313928
-0.010195056704401656
-0.0075238399802643185
 0.00211313738241288
 0.0019306845366984238
-0.0059800668817949765
-0.00565026264898684
 0.007593565924109577
 0.01693582003612995
 0.02192038037058157
 0.03174916175352749
 0.03386367900420195
 0.025295647955275474
 0.012884519280720722
 0.004739860520436193
 0.008536171558588865
 0.017988362121251072
 0.021670058561926095
 0.014877384237194285
 0.006594720145253002
 0.002779686281522295
 0.002601911582643654
 0.0057011787422587695
 0.0042018275622602574
-0.0028902481599641927
-0.004562690772888137
-0.003278544585572196
-0.0006166841551065172
 0.008217991025227106
 0.007345511521228823
-0.0007547048441153975
-0.004422377082517692
-0.010216267057801348
-0.015401997944428092
-0.014197380253321137
-0.009575376298645785
-0.015752874314466897
-0.025039000902692135
-0.024381726391376438
-0.02113977575326874
-0.015841779580817006
-0.010384726415947315
-0.0013301783343300233
 0.006685821149734636
 0.009326629919439125
 0.016690027919906536
 0.023903725221627634
 0.02779359919649675
 0.024352817079631855
 0.013541614622928452
 0.004145551584061366
-0.0040482277179993
-0.0048341615055348675
 0.0028520286266043027
 0.011712433614534945
 0.013508836880373465
 0.0035911604693121546
-0.009872551243302663
-0.017189178013646597
-0.013406901416001385
-0.005348798610414318
 0.0012848084836647594
 0.0018976406000401486
-0.006422448666587713
-0.010887744940497782
-0.0029653083931495544
 0.008245865379781947
 0.004732571986961795
-0.0031056681555763493
-0.004841265750783905
-0.012501736313560802
-0.012981251483349984
-0.003919686181478962
-0.00012805329016211953
-0.004829595979281204
-0.0099895970583109
-0.0045816644352173475
 0.001867155858846739
 0.002494022415729588
-0.004406249286226113
-0.013252630071884028
-0.015776495408927713
-0.01649459606734384
-0.01327135801657943
-0.005781650051544823
 0.0014250300299225305
 0.003092784257775927
 0.003191020222210822
 0.001736111437152632
-0.0007105644770999675
 0.008926412885577231
 0.01370747383267057
 0.0005688933251454115
-0.009086806863109823
-0.007769913647943133
-0.006158297182119604
-0.0020274986452056276
 0.0062130518869785295
 0.010435074287191065
 0.005775634919594361
-0.0013959692988390615
-0.0017515135774789498
-0.0013421808484618408
 0.0049031400582439655
 0.012032630716920248
 0.006259792402397782
 0.001602692108219006
 0.003319566877848526
 0.006779051343821979
 0.011801036852960176
 0.01709435487857608
 0.016895528518936248
 0.010970650432249554
 0.010928541991609766
 0.018546898994629524
 0.02580503869129093
 0.028541749471129765
 0.020446211252621388
 0.002468087843437744
-0.013835258998521421
-0.025294384791986257
-0.027334061931522297
-0.023577515141474104
-0.02226530007314323
-0.020873556508603383
-0.020008104463093576
-0.018922779516300087
-0.01400605231096791
-0.00802504670048608
-0.0026568783254970058
 0.004465595112925533
 0.002496090175926849
-0.001990257758744396
-0.0003037909435477243
-0.0026826337286808832
-0.004006554402336049
-0.00579361161273767
-0.008195845132049934
-0.011498621917258062
-0.013390937431465688
-0.0068906575222075495
-0.006310572433682909
-0.010801598515189983
-0.012183996024292931
-0.01787496676918851
-0.024134332354636523
-0.017664460399811233
-0.0010079237099822197
 0.0092114829337549
 0.009695666012145165
 0.013232339900909676
 0.015601816154136458
 0.014429935252645534
 0.020343107734007923
 0.019313910311009583
 0.007237269135216162
-0.0030757106834721493
-0.00530251369644108
-0.003693236304035466
-0.0050499040055414085
-0.0019225679649113592
-0.0005869621624013666
-0.005763336755356466
-0.014698602330895011
-0.023750821577329134
-0.027069971876462637
-0.0272149995474905
-0.01931127558748559
-0.010750271997047589
-0.006093181941103545
-0.0005028015914129158
 0.0017122958162317237
 0.001504113162920248
-0.0017588993741834008
-0.002603309997166736
 0.0010503175624933525
 0.0008468130560176784
-0.004294475435668729
-0.008509490853862253
-0.00987551484903984
-0.012970114100053859
-0.008631138028945759
 0.005099217815076204
 0.013709341947290343
 0.01636652423092022
 0.012380738007681982
 0.00611435520198024
 0.005347134001787948
 0.007679185080328152
 0.014408694184541604
 0.01640859683773839
 0.012018150913201506
 0.007915411019067717
 0.00016839473982810382
-0.005181071286052413
-0.004689870987408404
 0.0011320776306554398
 0.006862802385420766
 0.00392258197998889
-0.006671086648848773
-0.01831967738916443
-0.019942999460312236
-0.015961901622144586
-0.013547982973977482
-0.013992412042498
-0.01512218962246653
-0.014507018432673227
-0.0159525709240598
-0.010299035592085545
-0.006093386705798384
-0.0056232380679155924
 0.005164563416373974
 0.012062485806677042
 0.014696277356127788
 0.0181697962626087
 0.015496230226818716
 0.005101382838503504
-0.007316763056304965
-0.0059905135474666305
 0.001145994331463382
 0.0005869506654652135
 0.0005214514906463352
 0.0017471208425144796
 0.0029423822399497895
 0.008832163987133074
 0.016628290569914064
 0.018887830372499026
 0.013206215921275105
 0.006848609252274804
 0.00538668324696287
 0.010170083267474109
 0.01603647428047829
 0.013007369085165782
 0.012038987571033125
 0.012445981226632319
 0.005393669752512376
 0.007356147231022583
 0.010541960107100415
 0.004708305883712252
 0.0026382207897433785
 0.0007880085970581596
-0.002900715302105325
-0.004491290345402396
-0.004278439783489824
-0.0031837585430247034
-0.008954257784129269
-0.011040716392023517
-0.0007394421786595107
 0.00429891684440406
 0.0027902093707339037
 0.0014195072287205013
-0.001775672179263707
-0.003838740052978837
-0.0019440957035880696
 0.0015832218915048102
 0.0020837784838204643
 0.005353798002943083
 0.011861095132454966
 0.012670409415934905
 0.013297275972817754
 0.016752082291955392
 0.0198092461300481
 0.01890869774503487
 0.011411962321511773
 0.0054987796019146384
 0.0029608798243634937
-0.0005103102469342508
-0.0038879373815155355
-0.004751060591842188
-0.004442308019795269
-0.002147682115941643
 0.0024462529577187753
 0.0053630723907368005
 0.00709865974770961
 0.003140942405486319
-0.002772240314110816
-0.01160224758584337
-0.024637908862980423
-0.021580745024887715
-0.013815026396539573
-0.014891005287896136
-0.01271567212835599
-0.011670111429667021
-0.015466432706054425
-0.014247780574440011
-0.004061120958553668
 0.0010286976797039687
 0.006598026368633408
 0.020936541301312325
 0.021177460744239818
 0.014398820860015496
 0.015463094146047754
 0.015612789725676715
 0.012380185143005915
 0.007341815881707597
 0.00898150122854606
 0.01294154740595252
 0.009842270008102671
 0.007947615420477158
 0.009809512742017162
 0.007716036913869184
 0.0018964171309884953
 0.005311459202021626
 0.010331105637741908
 0.006857576493026263
 0.010136952305820526
 0.01570628099474998
 0.013973022472960325
 0.009542812300318948
 0.0002543466386757953
-0.009256330997668927
-0.010072672739637356
-0.007604955402858299
-0.007113755104214303
-0.010147538446362625
-0.01655426565713905
-0.013349740193717943
-0.001490643084025009
 0.01118245157510106
 0.018302585940105698
 0.012480627083807094
 0.00881997206565853
 0.008415307245242504
 0.0051008350929448165
 0.006494917730902591
 0.005865701862367068
-0.0018953488573800054
-0.007939519688380178
-0.00599575479721326
-0.000875528204522788
 0.0038353605400332086
 0.008920501031455003
 0.013963538201354403
 0.019724670910552577
 0.02658048997933324
 0.030657489827635262
 0.028313733143770767
 0.0229338591634574
 0.014295655911993596
 0.005369746630126682
 0.00023313628527608932
-0.00587886767484351
-0.012830598991993278
-0.015953267124022244
-0.01352765310876558
-0.009403871792105334
-0.006437931817311171
-0.006154909052861271
-0.005394715311157483
-0.0033269795288412563
-0.00339715685049595
 0.0013277663345674928
 0.0059053278943025506
 0.004249258795303981
 0.005154475088918281
 0.010300431489205772
 0.015776197241418752
 0.01720302690722729
 0.013238292344750255
 0.011048914506467902
 0.009229110268215546
 0.0024808783384240723
 0.002979095857321798
 0.00839872384750491
 0.006076018824401633
 0.004981327345701753
 0.007891129558466048
 0.003984871831436809
-0.005287220316280969
-0.010812116848504846
-0.012304450808249615
-0.008634449734664165
-4.069911637540058e-05
 0.008080558671495278
 0.012445264550200383
 0.010218461537231466
 0.007002230468486054
 0.004012889521278026
-0.000800928691900793
-0.0015447591579139802
-0.005993681917898633
-0.013375802743944079
-0.015073975164465056
-0.018636389099061346
-0.02407941806165831
-0.028151750001359277
-0.027805572254625766
-0.025227918467204874
-0.02429931143941147
-0.020521712988602073
-0.012683483084298675
-0.0015892629822627374
 0.002817546217964789
-0.0007589021571389604
-0.0029716707296004313
 0.0007287382984178803
 0.004347279756809305
 0.00014162063228739807
 0.0019590755588871217
 0.006276999969234004
 0.00027727153317413933
-0.004482747991392727
-0.0034418654395395737
 0.0017999929708822915
 0.008943518070066048
 0.0070699151432017104
-0.002272349207053395
-0.006010193647993031
-0.005423091339214675
-0.002274703637823422
 0.004417380291703452
 0.0036127339168245814
-0.000843206063413815
-0.0002654600483070896
 0.001032720579516297
 0.003236122620071377
 0.00035671812350519805
-0.005958785223972696
-0.009200746100315127
-0.013981817285643197
-0.010847464024759432
-0.0015052099127390584
-0.002728550429424048
-0.009879102987096267
-0.015277689554752921
-0.019214355236215022
-0.015415705124644435
-0.005626687989802995
-0.0013274761667994017
 0.00019525550914349654
 0.005645291453759457
 0.009397160096971821
 0.007172696157420805
 0.008389009215617305
 0.014655381783084315
 0.014996881382981997
 0.010725728202758592
 0.007572652116296777
 0.007343417802224098
 0.010791206901107991
 0.015200355174753419
 0.018465696547040236
 0.018935845184923028
 0.013256569807117022
 0.0035564272239214795
-0.0026584959665862384
-0.005060729485898516
-0.009018446828121807
-0.012138775886732858
-0.008721394742281813
-0.005437340782651706
-0.004796439785261397
-0.003975430134691885
-0.010796173340438614
-0.01779000797911079
-0.014812372637227067
-0.014438126009478622
-0.018051999559268977
-0.01388611492108631
-0.005028049006573568
 0.000527245241848398
 0.004293148325568236
 0.005476714355913986
-0.0021533482524300623
-0.010457064005132563
-0.011165808369877059
-0.008377637974844157
-0.0017183010731680465
 0.0029387889827759833
-0.000770986577148719
-0.0073203972664177275
-0.009027925980610363
-0.004911161884203832
 1.0243467964188291e-05
 0.006033352399968411
 0.009958312476106207
 0.006346777999733794
 0.0023913997309284035
 0.0039562347283936955
 0.004115286601694301
 1.9563927814228443e-05
-0.005921687672797854
-0.011881651860753212
-0.013161130139468083
-0.008482988422762835
-0.004122960690893546
-0.009701655911729376
-0.01767322323908846
-0.022662471958610653
-0.028276253280715147
-0.022299925817069133
-0.008948499866748796
-0.0020786463574606617
-0.0022400475424139143
-0.008649113826608254
-0.014980990688011522
-0.011636120819515719
-0.00014893638327069525
 0.005441443966419948
 0.0028380501331673053
-0.002726610647161065
-0.00609722056148862
-0.006151024369217939
-0.006808309118768396
 0.0021924402742369287
 0.00913714413289822
 0.0024777969929873633
-0.0034330466531918707
-0.011792900167924239
-0.016181007019043223
-0.010761379028860096
-0.0036599572511987616
 0.0052869934531946106
 0.010793167159840453
 0.010821230921738006
 0.006215590242753283
 0.00301105454109743
 0.005569995741175018
 0.008435355558999005
 0.011677306197106704
 0.011908869346362538
 0.00779443408513919
 0.0037221021454382497
 0.003712740732649225
 0.006875162874547938
 0.005364116327459867
 0.0009339061548184757
-0.0020437394252999785
-0.0056833427826873395
-0.010880769036403629
-0.014686446606462678
-0.015785816231998373
-0.00908671508221777
 0.005324311126416403
 0.015574125724586357
 0.022820570054158204
 0.022988978221130454
 0.016142505207786692
 0.016736624736818792
 0.018998503612821654
 0.015786950690912058
 0.011684210796778269
 0.006645841535479952
-0.0009514740450133341
-0.0066681745975059326
-0.010768575418221807
-0.009961600208159782
-0.005082298177514183
-0.005973490268855755
-0.007386295732391551
-0.01086684209736094
-0.012929909971076084
-0.009627143424102702
-0.009655217424235002
-0.0051478280670372994
 0.0010717630320714877
 0.00331960746756689
 0.0038248422067183457
 0.0003676865759280751
 0.0029383231430952367
 0.009733326303010187
 0.008788335523056662
 0.0020845459882054967
-0.0048718634757801
-0.00853251849392865
-0.006439052904015405
-0.0012814011366383687
 0.0030809656686488496
 0.005361557131995001
 0.004379141177354884
 0.007906458772447764
 0.015398505810900284
 0.0147529164284394
 0.008680676716424293
 0.004659804391917377
 0.003953399100590796
 0.0033592693333239637
 0.0029896906141765878
 0.002854019236820368
-0.0039316378676576835
-0.00950097679482187
-0.011103247205208486
-0.019332112608537816
-0.01977186353022252
-0.011900886598068344
-0.011935977818454388
-0.007688225610644847
-0.0015972835495211696
-0.0074566675805063515
-0.014113675646999307
-0.01317337325211633
-0.009442556269665156
-0.00560414190999009
-0.0005213404919861969
 0.003349820895539632
 0.004067911315721026
 0.004028141948499167
 0.006512232799203599
 0.01285579478946168
 0.018067245245450697
 0.02071741030882683
 0.02233136584806826
 0.02021683835915908
 0.015955041472607304
 0.009283998965606902
 0.0019509986813376068
-0.003136491121736862
-0.00897950163879667
-0.01021921566940702
-0.010142031365733328
-0.009473061487328058
-0.0007576790513079135
 0.0017381071664860637
 0.0005498527510697654
 0.006072399971640968
 0.0038900393536123595
-0.006249849032150506
-0.009047385959089813
-0.004427721077832347
 0.0006176551654849677
 0.007620835859594027
 0.012041679500329014
 0.010937631727957517
 0.00835295048204815
 0.0038923323549739236
 0.0025660726079008572
 0.003651397554694319
 0.0025122636810541443
 0.004137914587385133
 0.004404563837909645
-0.0001075139043586193
-0.002713246811029177
-0.0022594716870717735
 0.006799754541381348
 0.016202824562267418
 0.012797128546671172
 0.005609150814312375
-0.0023390257788676178
-0.005286263404553224
 0.0010128561907645495
 0.009489653138157736
 0.013309354910489526
 0.00825695120868375
 0.006144762793192454
 0.006224286170284074
 0.0032559968838372644
 0.005213796215511643
 0.005407934190080926
 0.0029238331011417484
 0.004996247030293791
 0.011133970559775677
 0.016212093830943755
 0.010862627805063224
 0.0041962634448986375
 0.005106157885348767
 0.005122526280156775
 0.007477968092876083
 0.010801786300610669
 0.009311791414283802
 0.006820673105090894
 0.0029167544514795557
 3.9689028331291176e-05
-0.001894729807398729
-0.003915694359591479
-0.005419723686425806
-0.007351803448737912
-0.005312136547436633
-0.0008374942180896794
 0.0024442206681225126
 0.006261583367036375
 0.009220506121576807
 0.007807700658041025
 0.006336418359057433
 0.006759785528582016
 0.008523441766569773
 0.012644884009812105
 0.007534003472558545
-0.0009053785383828089
-0.0008913492169927151
-0.0010083080070056455
-0.0022807690654667867
-0.006942547506481378
-0.009730728139749012
-0.006184697957312857
-0.007001039699281272
-0.007454825061473422
-0.0032632106156937485
 0.0018172517288922302
-0.000236459851151255
-0.006187067745434996
-0.0036889424542230903
 0.00019859244722812697
 0.007140957232471504
 0.012191011622624634
 0.00748245171325182
 0.007540923429582222
 0.007746756771241051
 0.0012605010642556397
-0.0032702892653559412
-0.012273387970013913
-0.022993366563418785
-0.019721007970878238
-0.011882778066574826
-0.007590583463824976
-0.00592282923597158
-0.0039790643448046475
 0.005875446845738291
 0.016242215114803824
 0.020286467935255098
 0.014307791159956423
 0.00794550634412032
 0.00985886328085439
 0.004369052849899191
-0.006493609221998278
-0.007597656994369775
-0.006056212731083602
-0.009674764427709759
-0.005289006888243422
 0.0019106559729701877
 0.0007832174664195724
 0.0034708077044822844
 0.009886880970695608
 0.013199003811340648
 0.015002424297432884
 0.014967333077046854
 0.010752317658853316
 0.00570927025071917
 0.0047549231770939865
 0.003952615875633045
-0.0003583015526948674
-0.00028579539585697755
 0.007692778913521103
 0.01151014161243498
 0.008474019196868743
 0.005851912776272797
 0.000329355317466834
-0.007113581417444295
-0.009974273326667185
-0.011887640501636015
-0.01303379159552992
-0.015061773367976386
-0.01883002576334887
-0.01986390133318304
-0.01842537630028497
-0.010715795433966682
-0.006086774259037572
-0.00754168304409579
-0.005347637297212354
-0.00638151286704651
-0.0087018788167319
-0.008610660072550722
-0.00590435724714472
 0.0003105557051282376
 0.000993560024040968
-0.0003256825027783683
 0.004123230018971552
 0.009037618150885829
 0.005260009461841714
-0.0029945857490846634
-0.008650470392711551
-0.014727388251562487
-0.013518092413619731
-0.00811483793736198
-0.0065032214715384645
-0.0046085771221476834
-0.005651808985653484
-0.004290473375546486
 1.7212272033773068e-06
 0.0007525586752355484
 0.003147764736059336
 0.008277347622421466
 0.009748619683170298
 0.007376794118290869
 0.007437604908039186
 0.006801371819249946
 0.005051739783534917
 0.004247093408656061
 0.0005466741424030169
-0.00143452616168524
 0.0012694375903028604
 0.005477425550007922
 0.0108689846591761
 0.013350736436462632
 0.00892286533723917
 0.00556395079000116
 0.005007246197420892
 0.007968508025379226
 0.016564597717085905
 0.01460678814717678
 0.0038189764246524677
-0.0038695630191393493
-0.010484467764109884
-0.00901085662994315
-0.0009036332825799326
 0.00358270441385658
 0.004356932596067842
 0.001891544094471953
-0.004012282331453537
-0.005518650731705793
 0.004747537380389549
 0.013900326545559116
 0.012513250889620325
 0.008941480661352405
 0.0006073569542170698
-0.007972369461798981
-0.007294043289722066
-0.011010836069900484
-0.01462704869310874
-0.007399316950880183
-0.004190113340623261
-0.008150169756264453
-0.013356952303652386
-0.011406170192231738
-0.005970168688123237
-0.012068138207735377
-0.017265564461451666
-0.016138136193135783
-0.015780263079312726
-0.0138762624362503
-0.012552352000829867
-0.008636748218363716
-0.004592495397912455
-0.005294222542403207
-0.00301597015247497
 0.0012247648350808549
-0.00182773109441077
-0.00874437631029186
-0.008087101798976162
-0.00479836969251024
-0.006639225591523815
-0.007399429571462349
-0.007645037399460403
-0.011565329566997129
-0.014741796387638048
-0.014594439881427002
-0.01545054587149991
-0.01922815456054404
-0.024591655026932016
-0.025592783568915436
-0.018418850515298832
-0.010519804702129737
-0.0052592337043645965
-0.004428867760123439
-0.005406605567927741
-0.0030745544893875515
-0.0022488666919822237
-0.0031494150769954404
-0.0004618248389327284
 0.0067635678298779145
 0.007701531151342977
 0.0008995005329395372
-0.004403184024582757
-0.011296438506284742
-0.01540385654725436
-0.014737225742267004
-0.014587530162638057
-0.01272797191451594
-0.01273733332730495
-0.014281126902243799
-0.010295350917240306
-0.003640692162400011
 0.0014397701821859676
 0.00804296932183221
 0.014912822831120331
 0.01687062216279471
 0.010349280354540635
 0.0010818663536586864
-0.002436105185997295
-0.006992625323205881
-0.009530525100757012
-0.005797369044887951
-0.006536521364065281
-0.007366897546541171
-0.0033974950754630667
 0.0001345006664656423
 0.00363842752737939
 0.0073248021148902415
 0.0065575809146979636
 0.0021928647977580984
-0.0012362219520172385
-0.003827920418180336
-0.002812767673924202
-0.0012362373093693507
-0.003023294519770958
-0.0041577502465753174
-0.007037154743141497
-0.010992533011946873
-0.00698336629276429
 0.0033296032876892895
 0.00896910417915607
 0.009322299146143298
 0.010781875839802585
 0.011733873601775122
 0.00619494262904377
 0.000833781236073694
 0.001804491585389506
 0.0009390293016449669
-0.00041062117960723177
 0.003816079367441119
 0.005142328876279467
 0.0004758722884290467
 0.0028757564960886633
 0.006796038425390644
 0.005179733574496567
 0.00786264566572345
 0.009270762744188685
 0.008496524323742677
 0.006152767639878168
-0.0003732523152117223
-0.005065438710659162
-0.008513238047777802
-0.01280310381534451
-0.01618307002334371
-0.010323696230593274
-0.00018849622990095571
 0.004725891902013307
 0.007282494028672995
 0.005011248620763756
 0.004290808888929701
 0.012575801816054166
 0.022636151467373314
 0.02675525463719773
 0.024039585279885353
 0.018755613309706348
 0.01406576598767681
 0.012992126169738147
 0.013027207151889458
 0.005960861237262027
-0.0009744965659623517
 0.0007423782036671822
 0.0019376396011024782
 0.0030253036213138684
 0.0027867130135695445
-0.006567246703775134
-0.010085218243431102
-0.009296955620712366
-0.015418315874503624
-0.012176365236395925
-0.0035101033421519184
-0.002429456542194272
-0.0010657818586693457
 0.00226505356931897
 0.005492969766919209
 0.009338401346848019
 0.014009525843299508
 0.01204235997971874
 0.004863738541031587
 0.004587722758600671
 0.005717490100334469
 0.007623829816814809
 0.011780358161325818
 0.009176964328073176
 0.0030088226059236944
-0.002125448665508997
-0.009582419840927586
-0.015037144170614122
-0.01702068354812028
-0.018966797750939846
-0.016999642125593822
-0.017275657908024725
-0.018927048860187465
-0.01586286780184104
-0.014702692505674408
-0.009977769320610938
 0.0014649727206937774
 0.010482095627624477
 0.014318170913881656
 0.015389461420167658
 0.014145069242721478
 0.013850340872947287
 0.01552043417421857
 0.016002278179190935
 0.014402346842222233
 0.008142981256774207
 0.003422725980311833
 0.0022765748864179286
 0.0013994172355838164
 0.002807534314049051
 0.004606276653305458
 0.006372271964711129
 0.005665866673384548
 0.00754881565568577
 0.011019995488748782
 0.009158087928974018
 0.010191953260573428
 0.012884221645471969
 0.010542804035025388
 0.0043653060192042625
 0.0049851553558333955
 0.012444455366435167
 0.01309237358407922
 0.011721671442065831
 0.012322808191351675
 0.012067844069681963
 0.012449107917684138
 0.010021144590774841
 0.007237642104343009
 0.0063417718661656075
 0.0012449257694195082
-0.003793443491878809
-0.007835367477146915
-0.009266885528026014
-0.001206443649021019
 0.003555904710729016
 0.00457807467523888
 0.007406009318376275
 0.008007146067662119
 0.007413016300395273
 0.0037827692366795562
 0.0017875344920838532
 0.0019419082185486158
 0.005817747752910288
 0.00969592636068986
 0.005380330785526119
 0.0037499914941245827
 0.00408213480035062
 0.0018670271544712347
 0.0006670773719653633
 0.00024603903762396295
-0.00017032114988162206
-0.0023667162084177046
-0.002408824649057492
-0.0015503898238014013
-0.0010662067454111357
-0.0006311442087970076
-0.0020205589381536854
-0.00037853451789732206
 0.001345357471985928
-0.00033410236119174597
-0.0032088287109221098
-0.002521146245173564
 0.00233944319812876
 0.0070971134110429795
 0.012521419548061907
 0.012324932261839991
 0.009436171471602167
 0.006453847744647884
-0.003751534696816508
-0.01175350997860844
-0.01205759464205429
-0.008256605457065788
-0.007999312500212907
-0.012097374247510895
-0.01119683610073241
-0.008696371736102604
-0.0030264628902029744
 0.004823462381189997
 0.007812793090163264
 0.010060637525658653
 0.008741394998839316
 0.004170840421123256
 0.002655115727199356
 0.003384901514470323
 0.003637516324487361
 0.0026340487090860537
 0.0027673707747896265
 0.0029708650430305267
 0.0015136171845544222
 0.001586123341392312
 0.005101745569395619
 0.006030352597189037
 0.002945109639846663
 0.0018246883535497638
 0.0029076742269253386
 0.005202300130778936
 0.002177873082302259
-0.003463977120817169
 7.035769452942708e-05
 0.005337945912548325
 0.006079427066908838
 0.0021591348993721116
-0.003630076929075729
-0.006312999258537358
-0.012509209861701787
-0.015358206403835117
-0.010305812940264072
-0.005059276383006392
-0.0005939903473310831
-0.002701500615986535
-0.0003881621247896344
 0.007529596275722764
 0.005022104452604481
 0.005073558948681153
 0.0064255382651165205
-0.0008653586976303806
-0.0027483179181663625
 0.0002597253781502079
 0.0026923566136605875
 0.004430283044051311
 0.0020257104513211333
-0.0012957789212302978
-0.006500222395200317
-0.011419298912185155
-0.012397036719989457
-0.014710385449421104
-0.01664948243198694
-0.01820263230059742
-0.022504193435253672
-0.02336029942532658
-0.020256354118875664
-0.02067973152663498
-0.0181675717949156
-0.010776104913433268
-0.01076675373887899
-0.011957347227713203
-0.008125950088291867
-0.004027898579228625
 0.0009496445349692351
 0.003253626732494505
-0.0012140086148334506
-0.0064324865293109434
-0.007054685177592709
-0.009639366423502077
-0.008640587193171331
-0.0019251125294653393
-0.0037332214006281506
-0.00730265255547817
-0.008619556008879606
-0.01323221390811806
-0.013512907837384791
-0.004189366312707707
 0.0053961514347754536
 0.003981006897821729
 0.002203305981091766
 0.008270857308036325
 0.011033297895472194
 0.010006439545891768
 0.012525616497864878
 0.014782817227031897
 0.013840165520496286
 0.01367876433554302
 0.01691369775339699
 0.02043399812823614
 0.017538220117744557
 0.012233196486804362
 0.007260321281207557
 0.0011857424957745222
-0.003866661206031255
-0.009223144452165502
-0.009007954816835043
-0.009835991925893017
-0.019044929091327184
-0.02036651069156445
-0.01509892247354555
-0.011220743865765978
-0.001155716067611029
 0.00967886688503676
 0.012345405462338283
 0.011971148596355091
 0.011978160697491469
 0.01155010514289631
 0.010850717071823474
 0.010251909157720812
 0.007622785516871122
-0.001160440286503181
-0.007611609892219928
-0.005773103304859015
-0.001492604069198697
 0.003828782837432154
 0.0019505017637319877
-0.0062783636395973424
-0.009496933781760655
-0.01053314842501274
-0.011330777579637866
-0.009819741270784527
-0.007873637306199707
-0.01128868961546757
-0.01539142950960136
-0.012423150461389296
-0.008668942744759031
-0.003883203650829864
 0.000310749868367724
-0.001195618531884532
-0.005034043129794358
-0.011466500148167802
-0.013312034194017192
-0.006191899829012568
-0.0002810664210680658
 0.001714158085292905
-0.0006553284061686232
-0.004769763667391971
-0.006940428918331021
-0.011365960944136583
-0.012278204696239359
-0.004907789475518218
 0.0023737409553222927
 0.00301698102613053
 0.0012112112283856474
 0.001994795704268554
 0.0008416273901209054
-0.003495019845804012
-0.005429438681534032
-0.003509064524546218
-0.0032213636132605167
-0.006641094069364209
-0.007983727330362664
-0.007965019862136755
-0.011281831087852343
-0.013719150708433284
-0.012591722440117414
-0.009403570490621682
-0.00431609092578196
-0.0039465224448693575
-0.009352126232779742
-0.009478441316464317
-0.004748839984565045
-0.004014376050458263
-0.005480980202606012
-0.004575763908991726
-0.000856642293630111
 0.0031267946179554668
 0.0035641962279875095
 0.0026332398885414443
 0.003288175326439241
 0.005697415827770502
 0.007802576784773307
 0.006953488014954129
 0.008237634202270055
 0.009622360546556186
 0.008380307442527907
 0.01043400878433666
 0.012263159078025943
 0.011149755011982773
 0.00561784125950518
-0.0007771905841816862
-0.0012917918552395602
-0.001888260695924307
-0.0030344117898182116
-0.0009596587872482687
 0.002251883896426582
 0.0073721104891170675
 0.013823269856599055
 0.015219691567974744
 0.015460611010902237
 0.020262723618756764
 0.020807722606012727
 0.016471075370087795
 0.01588864096991051
 0.019392567830824284
 0.019406597152214364
 0.01318465674145293
 0.009102968508080345
 0.009180152811754036
 0.004340604790978184
-0.003715169179425701
-0.0057899324202304175
-0.008835411129468299
-0.01177329246148226
-0.005981751797851251
-0.005846090658729763
-0.009513762897132058
-0.005775928694427168
-0.003645037929827344
-0.0026064944513920912
-0.002945665216106605
-0.0023492066136565903
 0.0029230597511981232
 0.0030680771839912413
 0.001173422596365728
-0.00031423321654325265
-0.00242642163203452
-0.0031351659967790158
-0.005184199429986686
-0.009008589587389038
-0.014605997395568157
-0.014514778651386992
-0.008365359754815546
-0.004019366463453702
-0.004854420792765421
-0.012070467406139165
-0.014963906343212804
-0.008690516555492078
-0.0021387770310398735
-4.531144112662755e-05
-0.0030042444339018065
-0.007230955219184904
-0.010517358490467643
-0.015401348906183832
-0.013909025184673782
-0.004260352454907038
 0.0011054768466641218
 0.00121540817818859
 0.003105374380743542
 0.007818602198717453
 0.009233736497436432
 0.0067917387300196475
 0.0040433223448565064
 0.0030468719497089153
 0.006265431853637496
 0.007949559595416267
 0.005395286303939761
-0.0002559201928513388
-0.007401794603687728
-0.008122234335521783
-0.0007214111603677936
 0.005944942961562047
 0.005659570885459514
 0.002338081512908083
 0.001959146500089076
 0.0035403550114797566
 0.002480749634048554
 0.005816263208872713
 0.011937613224429211
 0.011458098054640029
 0.013102461548314306
 0.013252157127943254
 0.01150486416564614
 0.014578401517664222
 0.014377236084606476
 0.011013643390532651
 0.008929523856056318
 0.010854576159879933
 0.010693174974926695
 0.009827712691182142
 0.012325837982394033
 0.011324709440410627
 0.011411250037755977
 0.010398426128683011
 0.010176209034864075
 0.012381950148837056
 0.009432373449733522
 0.0053998057581370745
 0.0013204565981823763
 0.001664295271497973
 0.0022888227549629353
 0.0010327352104271825
 0.006714339423416371
 0.00833297310949363
 0.008375071311898644
 0.013043856734932247
 0.014414548638710903
 0.01580161405641492
 0.01677466347914866
 0.017104467711956783
 0.01622731006112267
 0.009939875594659725
 0.0009227424494942793
-0.006749423480372177
-0.011778436447998836
-0.018634265755014243
-0.020680960114804012
-0.018856487967950558
-0.023962690358368302
-0.026842094854934495
-0.024888973670095918
-0.017808603553195787
-0.007802052590488592
-0.0021204483774994037
 0.0022957171163997536
 0.004227786640477127
 0.007053382210196607
 0.012033264397812396
 0.01595120725369646
 0.020262114443789628
 0.026313292256808785
 0.03277146884454453
 0.03331880690521841
 0.030247598388383493
 0.02473673629666709
 0.016898496154128945
 0.013747759141085045
 0.009130423095010762
 0.001565854542368239
 0.0012337009979074554
 0.0019985728864470864
 0.00014602162034395294
 0.0007775663240626451
-0.0031146569624591336
-0.012054600684833508
-0.015350360249787906
-0.013207774118098523
-0.011598496725692922
-0.01024417833583964
-0.010966957141091596
-0.014152780255404174
-0.013785550847909472
-0.00838229637165172
-0.0016574654142741119
 0.0026768325099981727
 0.004980814707523443
 0.009581767001437591
 0.014299672966247332
 0.012514954829263639
 0.012332501983549168
 0.0163861110976721
 0.013109064120060993
 0.006274286473806789
-0.000644697815492215
-0.008763626768179725
-0.013895558966194488
-0.014651084799297207
-0.014990255564011734
-0.019937400962011506
-0.02408224417766769
-0.024936011094322696
-0.02222269104866295
-0.017998329575032515
-0.01697615961052265
-0.016351632127057703
-0.019443892304653806
-0.02365422957601153
-0.02264375497859121
-0.01751183301881118
-0.010843139823463438
-0.007423419605594478
-0.004862139332098961
-0.00344700503338001
-0.006462075788185043
-0.008588298644183798
-0.009762518619092636
-0.009416340872359139
-0.004162787094847728
 0.0007843480649173118
 0.0036333343688159103
 0.007300996368983459
 0.01018272970073282
 0.008323161214375971
 0.0033526250821970666
-0.001961754842414787
-0.002951188017308634
 0.0014252132284860441
 0.0036286152690411244
 0.004257820899341902
 0.0021409543370147915
 0.000512954119031156
 0.0019538182253471537
 0.0026485179113494295
 0.006028473881113897
 0.006596863602548977
 0.0073757699315960545
 0.010093768124091629
 0.007944154533913755
 0.007738310954020194
 0.008395585465335906
 0.007677484806919765
 0.0021549273481138026
-0.008803636733918013
-0.012258453291290383
-0.010003591635541265
-0.003727862774402596
 0.0048144282286921025
 0.009246967236516648
 0.010837532041578973
 0.005366434197967049
 0.0016777102988035641
 0.006295036106643115
 0.013344998269110397
 0.016570575393292722
 0.01051003104836716
 0.0063955957871437985
 0.002739618915831077
-0.004207434254482875
-0.004474093743242133
-0.003861261626866744
-0.006050639465149096
-0.005463537156370726
-0.002619228999307943
 0.0019138901654867785
 0.007623563259490901
 0.01206311948756919
 0.014907427644631946
 0.015513242540753619
 0.016897968885039735
 0.016661717350713312
 0.01566292788214782
 0.022055610414182053
 0.024869510616811974
 0.020937523082185702
 0.017718952940022376
 0.015131932620695107
 0.01160928293420331
 0.004549954239829637
-2.7617558140166643e-05
-0.003765461999079789
-0.008509108009721295
-0.009346501412450914
-0.008890387215075568
-0.009585097139312604
-0.012515961251072835
-0.014988366972922454
-0.017626846907443774
-0.015477243555500661
-0.010277488466601203
-0.01502347355066061
-0.019222115454928773
-0.019292292776583467
-0.020665333992014784
-0.016536874528518708
-0.008272933262155432
-0.003473159727718819
-0.004806436695045629
-0.004266115854625482
-0.00015402990505479497
 0.0016166435531866918
 0.0028212612442936325
 0.001944103593459534
 0.00042837889953563357
 0.0029662684388520183
 0.0032750210108989514
 0.00207507122839308
 0.0054269583171425995
 0.010781092251624214
 0.01498440206449346
 0.015735239512525603
 0.014846386494601946
 0.00947820788137814
 0.0019019439616460437
 0.00021312783479671138
-0.003113039684590521
-0.011854162166442445
-0.022473560602877127
-0.027149373484399178
-0.024192789803276674
-0.021332108132288516
-0.014834167296448292
-0.010825000577265695
-0.01310092413201075
-0.014349994456292772
-0.0156247945881718
-0.011456570876571218
-0.005557432835716303
-0.003204330096414895
 0.0001335225518271782
-0.001258231250947428
-0.006567933028723452
-0.007905888142886092
-0.0063550875859282735
-0.007410014816523633
-0.008806446766134055
-0.006404223485056523
-0.0038125352571281718
-0.002544762583737606
-0.0009799275862723278
 0.0025965105505966896
 0.005522686277286359
 0.0026409427073022657
-0.00323247576419039
-0.007243991795025648
-0.008813515177561501
-0.0071013185547677965
-0.004766928402809692
-0.00827788272221193
-0.013713894464555162
-0.009636894616253139
-0.0027834146208903926
-0.0028956952640674938
-0.003389244874364164
-0.004762286089795467
-0.00565581725455494
-0.005021933477418361
-0.0028723301254752476
 0.001871305646931512
-0.0017168380952618106
-0.004362335250036861
-0.0015156880195561634
-0.0018571978576885917
-0.0005520000096114475
 0.0017589994081675386
 0.007442942694574628
 0.012563169287265114
 0.01316430603655093
 0.015992240679688338
 0.017833086340467166
 0.014214534643840995
 0.01045563854214017
 0.01224268551430703
 0.010750351554562249
 0.006313124161667141
 0.005450000951340503
 0.0006385218115795704
-0.005225540366241427
-0.007379832103255116
-0.0065097019109094795
-0.0039671342247572655
-0.0025730515867994908
 0.000711002372830602
 0.0023319751323257615
-0.0036116155417042217
-0.008631272215659264
-0.007597406884059826
-0.007335435780371144
-0.005050166170189163
 0.0016232051719944074
 0.0036301250454449374
 0.0015226147767894854
 0.002278130371657472
 0.0026757677335850077
-0.0015953854466383977
-0.006682875249712852
-0.007113269877725911
-0.0011813848090202056
 0.007613526123208925
 0.014382799475526856
 0.014462322852618475
 0.007438080259513466
 0.0014243173829461275
 0.003817184370352014
 0.011026203525237296
 0.015449386239390184
 0.018298372543288782
 0.02129238139909788
 0.021799955211667263
 0.020136868892414964
 0.019313509930192804
 0.017372073874209054
 0.012324348319239092
 0.009632069696105805
 0.00891630811110758
 0.006818154136123772
 0.005054487659901269
 0.0046334493255598685
 0.005456798049547282
 0.00468957684935499
-0.00047744144992843685
-0.0068397262657645536
-0.010200979886420478
-0.010114439289075114
-0.006612851501579267
-0.0011698327772170364
 0.002507185516622157
 0.005103551891386338
 0.009634331982763158
 0.011290390843526996
 0.0072227370506618566
 0.006242660169439654
 0.01046468256965219
 0.009809736893519647
 0.005091820690475174
 0.004282496168760502
 0.0069887989941665035
 0.012263404432439118
 0.016805879890905512
 0.01606906664514607
 0.011435357085146411
 0.0060812129124300646
 0.0006030978485644239
-0.00041908235418018636
 0.0016416362078823105
-0.004437620724386554
-0.012989278259387643
-0.014458221484953307
-0.010987041651890309
-0.008107647393558862
-0.005473855844108116
-0.0032891663908963253
-0.00564461844185038
-0.0049592750495197485
-0.0015418939050686892
 0.004312801740845931
 0.012466806556567359
 0.012443410703270874
 0.008385113204077393
 0.0051221006669737446
-0.0005103932424740387
-0.007293711273534176
-0.009260877137114973
-0.011312249643740543
-0.01553896042902364
-0.012084154109886017
-0.0072656679881061
-0.004725439375371801
-0.00015723410930840176
 0.0045559937086655095
 0.009170980443087146
 0.010457465703820987
 0.008780344944061214
 0.010969712544108806
 0.012651501212469676
 0.008038843313231223
 0.00486237649259029
 0.0027174410492482592
 0.0009795043806227893
 0.006997935165791197
 0.009762714826644994
 0.0036694234538686837
-0.0011326993922206041
-0.0036518865824284458
-0.0037805407395309354
-0.0013291969166772666
 0.0018262080049677165
 0.0008905735186858221
-0.002524478790582055
 0.002146645705869449
 0.007973272470769135
 0.008796621194756535
 0.010557938359326377
 0.011339183761791383
 0.010134555832449696
 0.011350868890646196
 0.012611624343783018
 0.01053920017639623
 0.00979536971038307
 0.009212935310205783
 0.007697210616281883
 0.007748665112358569
 0.0043944287119563885
-0.001163214848118238
-0.0028660654154750304
-0.005127954529712639
-0.010725362337891758
-0.013476117796472814
-0.010234167158365129
-0.0010837170666134766
 0.005503108559107378
 0.0030283637638398447
-0.003511690631757519
-0.011340574480624019
-0.014603587017727668
-0.010594420298545057
-0.006138490556541407
-0.007436681422599553
-0.01421298223340596
-0.020027923869450834
-0.018495835899836305
-0.010870461676562818
-0.006171268299096394
-0.006363077438482481
-0.0046836278435395395
 0.001355854602390072
 0.002174525179541656
-0.00280770631972678
-0.00432109194023278
-0.005420461565768461
-0.007789948057229976
-0.011109098356363492
-0.011015540538764398
-0.007588803100641708
-0.009226159612297002
-0.01029746035681775
-0.008159552371964196
-0.004854446751572886
-0.0007025965538976914
 0.0038702868590015232
 0.010889841067035971
 0.014082671163367547
 0.011301507750353615
 0.007355485775219883
 0.008078254342237107
 0.014400764671733984
 0.016021737431229158
 0.016279030388082025
 0.020959511178205173
 0.01944144741086337
 0.014031165476117158
 0.014709491648194059
 0.01582288547600247
 0.009743628543733618
-0.0006512188445815803
-0.010047281883448653
-0.015588551929597905
-0.014302066668864064
-0.011282328005457934
-0.010320973949813766
-0.007076684238288167
-0.00724744171691305
-0.010961895423673582
-0.011060141626343223
-0.008276649378146136
-0.0036195593222021066
-0.0015354500259605053
-0.0008758364412268932
 0.0007240846575070625
 0.0018444957055692157
 0.004742602551243952
 0.005734364561320968
 0.006106272115651498
 0.0071869189156091445
 0.004375347548162378
 0.001998843836447134
 0.00176025322870281
 0.0028011357805559634
 0.005360076980633566
 0.004539057091829321
 0.0026420634307858792
 0.003156654463609007
 0.00329699374956631
 0.0030677594354936305
 0.0038723955721377545
 0.0037811665897218294
-0.00011807391705367931
-0.004660559613754792
-0.011467268378994061
-0.01819912679486016
-0.017261163473395097
-0.013598179620063378
-0.009200726713507495
-0.00772477650592282
-0.012321060891235913
-0.016079956992936753
-0.013268395863724733
-0.010363271797796267
-0.01498762506412428
-0.018695061550631067
-0.020575681697749135
-0.018861146001537515
-0.012014683226428513
-0.007816051560395082
-0.002415136157555245
 0.0003543216501343538
-0.002190595347670507
-0.002256094522489399
-0.0006935985984420218
-0.0006912646441414733
-0.002667786801393901
-0.005072359394124093
-0.004571802801808439
 0.0003659760642849563
 0.007341087877379082
 0.012592302581472592
 0.0125268034066537
 0.007446330823832975
 0.0022652780840420744
 0.0012220462205362603
 0.0007752780785978269
 0.001533132746883728
 0.005027703314125831
 0.004447607987366459
 0.00553059386074202
 0.007422899136714886
 0.0038324163211036766
 0.0004711627004477664
 7.117602686755597e-05
-0.0010796532138621778
-0.007563569847429674
-0.008934271989443077
-0.005423327908275571
-0.009175206789722667
-0.01408258793961796
-0.016945618922258765
-0.017951425611078
-0.01596321832497076
-0.014204240233818832
-0.013256920618682125
-0.009526103636230979
-0.001678517438255922
 0.0021271498935684086
 0.005617042313974696
 0.014194419418338072
 0.0164913843956096
 0.013642387853476254
 0.009909221559372447
 0.0037106718827901175
 0.0007166527887462887
 0.00025351113288248073
-0.0019218322648924119
-0.004780185100697387
-0.009161274731562627
-0.015724719861339123
-0.01978067828711469
-0.017567919952887964
-0.01148165603860013
-0.006352073152238014
-0.005935723202967161
-0.009374166246414156
-0.009194062712352347
-0.005910008752722254
-0.008541471466989844
-0.012810285573795335
-0.012679302581509691
-0.01129457623722356
-0.007428092996533547
-0.003105490439350836
-0.0031148518521398466
-0.003966279695376926
-0.00235232415613551
-0.0002986228143267572
-0.0007547472499368213
-0.0034961464148462462
-0.009846735863592804
-0.015161115788204643
-0.010602266815812902
-0.005365086552226853
-0.008069060542449685
-0.012265363373299948
-0.011074780122700453
-0.007477290325070246
-0.0033418136413204402
 0.003682418713549837
 0.0031584611488203462
-0.0018869253327317148
-0.0017676377075356159
 0.00021589143173579572
 0.0015514972342457883
-1.8026148290065103e-05
 0.0028449945961159934
 0.00756290056092572
 0.004655427183344607
-0.0014355251160138027
-0.00516167418986388
-0.005517218468503768
-0.004848248590098511
 0.0011257398001295882
 0.008945257117089711
 0.00957212367397256
 0.006842419876152708
 0.005207402437915329
 0.00568924644288768
 0.005125524630053696
 0.004037850371607574
 0.004945405738639774
 0.004250695814402752
 0.0018905656166128687
-0.00013975522925151196
 0.0012566664821241774
 0.004189859429067563
 0.005848257363249315
 0.011045673378730858
 0.012739157414181274
 0.0041337011905682175
-0.0026496168404919335
-0.0006567314075488773
 0.0038366235091413653
 0.007445808673861146
 0.009034034405505542
 0.006711329382402251
 0.004016711685851063
 0.00296412352867359
 0.001359514044869073
 0.0011840784194083603
 0.0002765128141413997
-0.0023128465786037833
 0.0010554140240711246
 0.005340591406567258
 0.0072633046369729864
 0.008753289285065094
 0.0062457974619468115
 0.007282001866964163
 0.011684132920355847
 0.013440771938089874
 0.013323813148076943
 0.014682809684766027
 0.01830135114315745
 0.01750138291511441
 0.017042919406086418
 0.01939836121880574
 0.018785518864195605
 0.016965714625943235
 0.017073306884049788
 0.01527923245339445
 0.006685471596870954
-0.00025924250002508364
-0.0019059553053519945
-0.003976040399320882
-0.0058496433261852054
-0.005943211382019031
-0.00710339691642041
-0.011093861286494464
-0.011772197696806111
-0.00915477966128074
-0.008672935656308375
-0.009026140861530363
-0.010527831114946776
-0.011397971545527158
-0.01013253794555452
-0.009772325758313535
-0.008025043034251167
-0.006995855849487573
-0.01052084460939727
-0.011402680407067198
-0.006324557135899134
 2.6022074612677693e-05
 0.006502911249691712
 0.008930864338366262
 0.003653909588441001
 0.0004914772083075558
 0.0013148259322949551
 0.003158010666491698
 0.009744836292212539
 0.013068654499947138
 0.009204500094440293
 0.004718152159769035
 0.002224694777158226
 0.0006434760275328133
 0.0013475320072067337
 0.004575448204806973
 0.0014387456322705466
-0.006778424403969238
-0.010081201189177366
-0.010481187862757563
-0.01195714830857697
-0.013388666359456056
-0.015730083969902636
-0.016976815220766744
-0.01394070304343524
-0.006850976632863451
 0.0019322389322761202
 0.004877127246309079
 0.005043196339863401
 0.00685831219304521
 0.006608026218211327
 0.009478064182871115
 0.01248142933235187
 0.009847627544666379
 0.006682856091115005
 0.006072352809922785
 0.007384567878253659
 0.0057822974678670425
 0.0005755149204791088
-0.0033213865128784853
-0.005725959105608691
-0.007082626807114606
-0.004402053789305624
 0.0007696324185788861
 0.0011111320184765822
-0.006247598073389746
-0.01235258481325563
-0.011344449289253225
-0.007686143582757307
-0.0030407488939028504
-0.0019367113597660718
-0.0069844369147360474
-0.013037964039407865
-0.015091675619451364
-0.010455637224268538
-0.004986888692309274
-0.0029121356897393175
-0.0015227311986173858
-0.0016233164747049278
-0.0010315360190907424
 0.0036185368165995574
 0.007842898290229994
 0.00991063407254622
 0.011510555171280176
 0.009049844816520117
 0.002884042167788564
 0.0023156422081187372
 0.005711971691808579
 0.0065002343145273145
 0.011543271484426715
 0.016909100785997874
 0.014817964031267783
 0.012694080248686956
 0.012607529413106874
 0.013933778921945209
 0.014773501159857996
 0.008401860050350235
 0.0015015883483945197
-0.0016070453431269727
-0.006764707348738769
-0.007567014650199724
-0.005106314533674397
-0.007840696478330078
-0.011952792666135525
-0.015402931076672066
-0.0144462551678637
-0.007995095800381713
-0.0012819602100936356
 0.002986843658477123
 0.0018594051519264937
 0.002338910083480944
 0.007094241222977263
 0.010766581369980627
 0.015959319238626354
 0.017849285441181306
 0.013430770635629488
 0.008544441146495413
 0.007119940315870044
 0.01090455598693317
 0.012279926037547642
 0.00754329724715988
 0.0015926893528761532
-0.0033053355033474813
-0.0036281327541366204
-0.0004727278324916373
 0.0003950632864360981
-0.0020633079949060606
-0.004676058121830362
-0.004009427316843006
-0.004110012592930576
-0.007192916476855035
-0.008233809266942935
-0.007854884492358674
-0.006481853515162103
-0.003300718785920115
 0.0019925992396957887
 0.009129107118625815
 0.01123660714904652
 0.008553684819584892
 0.005692992910362002
 0.0012908516187355445
 0.0006569576033642194
 0.006287102201159356
 0.011063485001416865
 0.009987506110060287
 0.002296627592850556
-0.005441032392717413
-0.009693472985597529
-0.00990165563890899
-0.007604690661637478
-0.00882569210490454
-0.009242052292410124
-0.00649598521889963
-0.005791929239225696
-0.006446874915358225
-0.004853971036878013
-0.005820013477592742
-0.00962803012106972
-0.007590702293186341
-0.00447272254622795
-0.0035534718121061765
-0.0023394978273275774
-0.004152284845326204
-0.00880704606608708
-0.010601120496742417
-0.006379098096529881
-0.001062389336734873
 0.001611166460820379
-0.0012214565673875633
-0.005911303889417116
-0.005532379114832842
-0.002451824542561029
 0.0028157636754578413
 0.0063337249768790765
 0.006876384890717138
 0.007168763948838669
 0.005524390216929659
 0.006223768049767764
 0.0076389023484867286
 0.006258843912801695
 0.007047106535520431
 0.010406010844523694
 0.012462051259750362
 0.013056170788782448
 0.011334607634082366
 0.01144921711244265
 0.017912071847014197
 0.019320188925479445
 0.01617179098585346
 0.013704063410839656
 0.008230626493809845
 0.007613105992363894
 0.009096073420202272
 0.00769028517692022
 0.00835925505532549
 0.007089133070282264
 0.004352412052208682
 0.003975816112807576
 0.0011923136263757572
-0.005013253270460288
-0.010683172354594678
-0.014764860587967263
-0.018451245413712847
-0.02011433173296516
-0.013186001388229243
-0.001254393002581053
 0.003559414972363034
 0.003744196653260659
 0.008415321149712163
 0.01252740709928285
 0.012475942364971432
 0.0149226080409893
 0.01636113307388737
 0.014417357944485704
 0.015411459027980648
 0.016286267367162086
 0.01505123148338755
 0.01290629604004552
 0.005042326089910343
-0.002456748407030654
-0.004844947485835485
-0.010987359400387933
-0.017450224373194226
-0.016856104844162126
-0.015529855335323792
-0.018226812105292894
-0.017974197295275843
-0.016774257751004717
-0.020858285057795217
-0.021414989650375485
-0.01900574914904421
-0.016849128576847353
-0.012185021300649593
-0.007413316647227899
-0.004877766181329415
-0.00811972705767186
-0.00916061984775976
-0.0055327220956966905
-0.004201794440022541
 0.0012552587248471636
 0.005793056036477701
 0.0014119664056124748
-0.0014721162377895336
 0.0033487089574082834
 0.00725495644620279
 0.003970892248337951
 0.001421297103697261
-1.9577240853468902e-05
-0.0020686106740611387
 0.004127589690868516
 0.011032529301425328
 0.010744818151904867
 0.010924921685966663
 0.011411443837774843
 0.007315721163894784
 0.0015592563632976925
-0.0015844634294924637
-0.0032171417943119285
-0.0037527947261309924
-0.0037130355971438656
-0.00374344867069408
-0.003083835085960468
-0.0045200312836753825
-0.008068410777764212
-0.010225041588195788
-0.010402816287074415
-0.008318706990832828
-0.001572824372694001
 0.0058326769492958175
 0.008964691136761682
 0.009766988199987892
 0.008936612017512016
 0.008178747110991369
 0.00751678421460511
 0.00527126861429289
 0.004302887100160233
 0.005678257150774704
 0.007521441884971447
 0.01041253151039244
 0.014211181621963026
 0.015488310589025236
 0.014924588776191225
 0.012767957965759635
 0.005701612051132218
-0.002031369787599921
-0.004061690633464302
-0.0025763841322079956
-0.0025366250032208687
-0.00657620991507106
-0.01203327331817551
-0.013455435075382952
-0.014274115890769268
-0.01644244206829043
-0.01621087891903457
-0.014426171020285622
-0.01063687720238668
-0.008805387835279496
-0.011125753784964873
-0.009542206200156306
-0.0047821969138241716
-0.001491125733940335
 0.00450157524363104
 0.012234546844128447
 0.015280015315131595
 0.014676529254193105
 0.013766624575508243
 0.014812185274197212
 0.017340718519841966
 0.01631619924367944
 0.011380749212769214
 0.007479169632575791
 0.004492167758785692
-0.0004970809607364873
-0.004878170591601727
-0.007565771067899185
-0.010718847154361
-0.014821587048494789
-0.016175915676582803
-0.012204174132086784
-0.0103726847649796
-0.01212933402094836
-0.010351643342453157
-0.008777452051316206
-0.009633558041389115
-0.007481615616028087
-0.006199808502130061
-0.007970492198606308
-0.008821920041843387
-0.008019622978617177
-0.004850183616464734
 0.0009390179737483739
 0.0059142220145283475
 0.005984389097948309
 0.005923568069965246
 0.005425340312832774
 0.004166913694879107
 0.00802404064189749
 0.008648568125362438
 0.0037832902969895527
-0.0022585414605927195
-0.007561226018115
-0.009250042144964346
-0.009565822175499741
-0.011161075365632614
-0.015878991568677087
-0.01734559572082485
-0.01555620967524006
-0.013196089715684936
-0.007867685588800355
-0.00685019377112632
-0.0073226917206617725
-0.004253832515479505
-0.003411771204148817
-0.00510292640441605
-0.0075308897313253464
-0.008513305685965478
-0.006148507579574525
-0.004436310956780806
-0.004195391513853328
-0.0032784798531494685
-0.0028691471241323457
-0.0030141747951602377
-0.0003406189976049717
 0.006194747012921831
 0.008489372916775442
 0.003469716242820428
-0.0027756149021201243
-0.00550531869993999
-0.0026025337074294386
 0.0027843472549029247
 0.004557359786562326
 4.762111771196287e-05
-0.006553249186751112
-0.012050076837960041
-0.011858277936808687
-0.004766212452818996
-0.0015102273742038236
-0.001521927860410749
 0.0018767406966969935
 0.004735083294267237
 0.0058180691676428115
 0.008154798393018817
 0.009090422641065979
 0.007953627840843719
 0.007574692828024712
 0.006870626610116032
 0.009808497703895275
 0.014706512321884163
 0.01484919068125938
 0.013062133470857773
 0.009029565779261312
 0.007090468796695476
 0.01003301803731052
 0.009020194128237555
 0.006994551429209003
 0.006063595089762924
 0.002300020841226269
-0.000745457868011612
-0.0014682366732635815
 0.00038430435460480583
 0.004363063119354554
 0.009123072405686675
 0.009520709767614238
 0.005745440151988024
 0.00418995120995963
 0.0029128120046626876
 0.004744301371769871
 0.0070927259642354495
 0.0016239671940414535
-0.004481019545824416
-0.0050868446801808215
-0.0025068518193420153
-0.00038297827499593484
-0.0030401707968605446
-0.004644780280665062
-0.0011946521083632672
-0.0008344399211222958
-0.0024624401391059314
-0.0020320557493276326
-0.0003409107872951178
 0.0021595535773346886
 0.005275194250875165
 0.007333573739519747
 0.005693878154446566
 0.004891570852985597
 0.005740649384570043
 0.005682167430004895
 0.006037701470410023
 0.007600197394457414
 0.009857398123624461
 0.01102459064004481
 0.010849155014584097
 0.011562567287929676
 0.013127402285394968
 0.011534488168679996
 0.008159200107516612
 0.003852960826024529
 0.0008706370990702594
 0.005193239656252971
 0.00945034815773417
 0.006760408608018811
 0.0032190463341837117
 0.0030459497821409137
 0.004058763452979133
 0.003651759559145193
 0.0022717011234601597
 0.0037242605968657166
 0.0072515781919585826
 0.010301724809797547
 0.011906324055367332
 0.006318272540859857
-0.0022076551865442134
-0.0035245586399456352
-0.0012626797639427867
-0.0007176807766868243
-0.0011667879920431723
-0.0049701264886843205
-0.010272811046206615
-0.00864248199303981
-0.004602907319424351
-0.003555007547317454
-0.0017843340890759812
-0.0009773588790139565
-0.0013305640842359162
-0.00245332444395073
-0.0006920072793808879
 0.006124047541295294
 0.009323894857880571
 0.008137979515882174
 0.00746666032582427
 0.006374307920542305
 0.0018762646187815007
-0.0038825392552334914
-0.008244916298755456
-0.01174417525106812
-0.011615531332200377
-0.01085299851707866
-0.013376863854122331
-0.017311190462166517
-0.020836179222076215
-0.020354335217103864
-0.017683118492966526
-0.014052881667485556
-0.010867068791407725
-0.013280997677809575
-0.011213261895493348
-0.0027809073430404563
 0.0009171626115599268
 0.0005101587177260003
-0.0022195450800938654
-0.004652186553838991
-0.008523358179599566
-0.01231032316231534
-0.009049659936864365
-0.007454416984966211
-0.01002740286378602
-0.007035733081394838
-0.002320166190003012
-0.0012839617849856877
 0.002673745319002871
 0.004844400331707188
 0.00016157022993137926
-0.0031809708033812417
-0.003768083350394344
-0.001899168808600582
-0.0005799365200159778
-0.00024077599353621026
 0.0015298974647052765
 0.0013708353531699385
 0.002760239844291884
 0.004016317150592877
 0.002713448137698915
 0.003228039170522029
 0.00443265686162897
 0.006130819043915214
 0.0043788479347822845
-0.00016597683533675633
-0.000921502668439475
-0.0011647714230196143
-0.00021979088130083535
 0.0036303188454638036
 0.005983421584765197
 0.002741460708422766
-0.0011531016515169273
 0.00071347381685892
 0.0003205043635324534
 0.0006549867431764056
 0.003782322783806441
 0.0029285558671514472
 0.004460643836765976
 0.004757701041723336
 0.0026034093047096613
 0.0019882278766816253
-0.001602254938929612
 0.0005730782206105345
 0.00835049221604825
 0.010691899588260084
 0.010240453299485835
 0.0066733612180537305
 0.0038875196582039973
 0.007410159106461048
 0.009321176969777203
 0.006708426842852916
 0.00047946921183775193
-0.007127202662327192
-0.012338663356550941
-0.014853172399922954
-0.014219288622786375
-0.011522342091052004
-0.008268696085854746
-0.004392856551493102
 0.000746082628540673
 0.004292112810976842
 0.006932921580681317
 0.010158498704863642
 0.008757388608417405
 0.005838219863746719
 0.006659229514316217
 0.008659132167513017
 0.011758399327128105
 0.014534874355071462
 0.013769992228297098
 0.012483496729328497
 0.00975145385809073
 0.004020718865090658
-0.000257451535386477
-0.002926339424340646
-0.0036304056422493264
-0.001639859282724171
 0.0015319191528461867
 0.0013167192792809673
-0.0044444236681519395
-0.006348434549449097
-0.00506194928871527
-0.007789314013117207
-0.008963533988026046
-0.008041944180486371
-0.010149454449141823
-0.008437257826348118
-0.00023179339543265287
 0.005339874366914715
 0.008359613030320831
 0.00807424095421827
 0.0033282558701588777
 0.0011809813533989189
 0.0030592521888643254
 0.001978595150671947
-0.005040969295597261
-0.008498124926387532
-0.008900450673385643
-0.010219693200204993
-0.008912156278709948
-0.006121646810259118
-0.0043954157469579674
-0.00610528353456849
-0.005766123008088722
-0.0012914806787417826
 0.004172589706381666
 0.010520829843475576
 0.013201402861284545
 0.012623646607943087
 0.012906669372392987
 0.012024833574723046
 0.012354637807531182
 0.016894774192579648
 0.018335638298895632
 0.014380260030090256
 0.008441347502896074
 0.0038988618061949615
 0.0021539079173157616
-0.0006436290096235447
-0.00320491952135378
-0.004615385911471662
-0.007632795739694623
-0.010558981704619039
-0.010416303345243808
-0.006248079633643253
-0.0006670555776242398
 0.0029163997794985075
 0.004308143344038354
 0.0008252579056510501
-0.005614216332976124
-0.007635180885168874
-0.0058434557661661835
-0.002737171386297338
-0.00011273613051823728
 0.0014193518390963056
 0.0008439346591727348
-0.002044826131065089
 0.00016091498290790596
 0.0065231895605092766
 0.01057913774805011
 0.01339771609751586
 0.011016534238964773
 0.002827433083739936
-0.001242559782543104
-0.0015232537118098355
-0.003071725433584485
-0.004954684654120453
-0.006910155150611677
-0.010166150467461582
-0.013595237217236919
-0.012914571971742103
-0.009920563115933007
-0.0079604247108407
-0.006470440062748578
-0.007174506280657245
-0.009151028437909658
-0.007728876918936964
-0.003448377683276646
-0.0023864434706623028
-0.0018554789239138003
 0.0037512749397022316
 0.007926515871556516
 0.010410606722260962
 0.014592864874369005
 0.01499518038313237
 0.013816282261387702
 0.01546064575506198
 0.01705822778037802
 0.014939022144633024
 0.009266763987080748
 0.004614341839737787
 0.003737184188903675
 0.006041166386428945
 0.008848049368805122
 0.009081951591478898
 0.007629381879838609
 0.004691500547824634
 0.0020249517322883798
 0.004597927372873428
 0.005669217879159444
 0.002668181564861871
 0.001143100577266326
 0.0010004119796563626
 0.004268092425361095
 0.005580307493691955
 0.0035827336756783373
 0.005793152936487148
 0.009257315549296416
 0.010955477731582647
 0.013975216394988776
 0.01642422114442453
 0.01611779740756078
 0.01466990584275632
 0.007252698915442196
-0.0030789934905893906
-0.006634390204931936
-0.004737406782123255
-0.003907040837882111
-0.008734893491568405
-0.01492408687447909
-0.0200022203838819
-0.02314126202983624
-0.0191250780903999
-0.01223183384693266
-0.010098604008914935
-0.011165226606599854
-0.011113772110523168
-0.010709117528341888
-0.009020311639727302
-0.005193592647141768
-0.0013364657001234126
 0.002983797783641398
 0.004101869758285637
 0.0006704439350923713
-0.0001295242929506557
 0.002646950734992687
 0.0017323679094719963
-0.0015516962883928426
 0.0007780157167294466
 0.0022656612914036534
-0.004045163909238397
-0.007506997686864511
-0.000910815767471998
 0.005619872096218989
 0.0047918349871610005
 0.0034024202578043228
 0.0018866955638804361
-0.00028630876047654186
 0.0005253445964213121
-0.0005108700468307581
-0.0012663958799334907
-0.0003728749534087361
-0.004456902260199236
-0.008292987784691161
-0.007785413972121777
-0.008594738493836449
-0.011733780139790803
-0.012814437177983182
-0.009252033481621638
-0.002188036878646882
 0.005327400893984771
 0.005247867278658419
-0.0015588414865808503
-0.006725859785864291
-0.010311664454639699
-0.008529295629308653
-0.0034277816239614706
-0.0038581762519745294
-0.008781930915795183
-0.012412177979510886
-0.012140850582150559
-0.01129411112398404
-0.010875422101295273
-0.01063684173178571
-0.010814616430664323
-0.010304703544677038
-0.0074416828002709795
-0.00148874607080407
 0.0026864948610502287
 0.007432469706874889
 0.012162071038774175
 0.008019566896535893
 0.003329719574506354
 0.0004947574728804832
-0.0039050447453280596
-0.0036173438340423303
-0.0013320742238603495
 0.001360194161038178
 0.001067804864681901
-0.0012806299660184234
-0.0015028470598373728
-0.0030068763866717
-0.0040758380577745335
-0.006230129794788222
-0.007811348544413635
-0.006459369227978268
-0.003895749881064864
 3.154926849084638e-05
 0.0016829299824188682
 0.0006888186606891777
-0.00013921844836878305
 0.0014887715313801203
 0.0038769603719501777
 0.002132006483070978
-8.076208939047924e-05
 0.0023238002651049527
 0.0034465503865850206
 0.005479200067632556
 0.011411085136338261
 0.009755016037339692
 0.005016048173534016
 0.0035494440213862527
-0.0016854074070166009
-0.006197485149284893
-0.004595224977133008
-0.0033204350834887125
-0.006927291413025324
-0.008861710248755345
-0.006370602177797169
-0.003821017271391225
-0.0005743884864477106
 0.0020383514022418447
 0.003027774338900946
 0.0025342247286043035
-0.0023801736415447056
-0.005909840548290246
-0.001110067013853619
 0.005336414206792553
 0.006660324642212986
 0.005018289983721877
 0.0024920855732602915
-0.0008060130651120073
-0.004162588538932102
-0.0047613964530347636
-0.0045181379366893565
-0.007734369005434769
-0.009944798504478325
-0.009888665861565824
-0.007479425360234548
-0.002897185653663689
-0.0041906983728860064
-0.006934436611213332
-0.006459609826494711
-0.007991708034343986
-0.009540179756118636
-0.010829014328505138
-0.011886280632518412
-0.01213890568077021
-0.010386944809872012
-0.004543944531046951
-0.0006236626017449842
-0.0007990982272056968
-0.0032387569212045525
-0.005409422172143616
-0.005341594162141555
-0.003870322101392709
 0.003095433418029772
 0.009162984744974317
 0.007396979195333914
 0.006225098293842976
 0.007352526562158859
 0.010996797828147303
 0.016154449595524353
 0.01776138791451204
 0.01747367676499159
 0.011539442384633239
 0.0027047569660648696
 0.001504807183559012
 0.0048637114925622615
 0.006101076211519979
 0.006826183851955103
 0.00940851578621181
 0.009228402013915282
 0.006980547340185134
 0.008353578317381705
 0.011139409638996692
 0.013139312292193478
 0.014584854545345305
 0.012442258175421175
 0.010580350615646397
 0.013684295922097342
 0.015115803734741695
 0.01654029432713229
 0.020313214631105858
 0.016919213982599185
 0.00981778196670309
 0.00887746933358538
 0.0072518081890196595
 0.003761905530378626
 0.004215680654336043
 0.0017690047400834435
-0.0024857749262145873
-0.005599086764571895
-0.0073791267547197725
-0.0061183713015829505
-0.0029348974989230336
 0.001109355321528227
-0.0015548544205901127
-0.004062346243708395
-0.0020788171044369835
-0.0032694105932712103
-0.0036062422845677955
-0.0014121965376843737
 0.0007607975484378582
-0.0003011469024112451
-0.002605139338171261
-0.004703293313155055
-0.007753450169228765
-0.008312493835226947
-0.0070049569137318884
-0.005776948488445829
-0.0034636099972489287
-0.0006988303363951315
-0.000331600928900444
 0.0012753373900872556
 0.0012589587570445149
-0.004013317846044945
-0.007374571466700855
-0.009673885755625028
-0.012436336581295657
-0.012518209270039923
-0.010995477594097025
-0.012677276500692627
-0.01691334357964737
-0.019086347904004333
-0.01857643501801705
-0.013708828354460995
-0.007730161817397066
-0.0056062882730509855
-0.004336176526242519
-0.0032087482579266358
-0.0014871953414613004
 0.003099722511945402
 0.006751010998187562
 0.008259708233622987
 0.009356728547506021
 0.009740331468926097
 0.007160328369852573
 0.004271567579614735
 0.004568624784572095
 0.0037850300704544426
 0.0034014169107996206
 0.005700720961489061
 0.0065848855943421575
 0.0026154728850293213
-0.0013726524116268318
 0.000575790626375916
 0.004365084444274858
 0.006633980540531437
 0.005752144742861509
 0.0032446529197432267
 0.0015698712334013543
-0.000991419278328881
-0.0038240423065368373
-0.005211117962475628
-0.004806463380294335
-0.0028977845903960936
-0.0007622156789604401
 0.0020259547160724756
 0.005298313308613009
 0.0034668137032710933
 0.0015908717029888553
 0.006425731338694146
 0.010411507323697639
 0.011131936817296947
 0.011262919809582606
 0.013073357515928585
 0.014315400381722118
 0.010081672376185277
 0.005871335104827569
 0.0010832466992457684
-0.007487123423098624
-0.009777081418351152
-0.00618426976755676
-0.002607831630687757
 0.003197743473450726
 0.007312168496439328
 0.006463079726620163
 0.003967283270591426
 0.00256851224756309
-0.0009096950439883844
-0.00466859114568921
-0.007559691009344963
-0.015645872934181695
-0.019327579613091464
-0.015386246023028294
-0.011451929653218854
-0.006853316432722592
-0.0060837663973471595
-0.010876532949764775
-0.013365312185539768
-0.011681184443761011
-0.011875332656565013
-0.01134904625665234
-0.010656685644067979
-0.01389396837357458
-0.01392672052054271
-0.011681215158465236
-0.009856743011611782
-0.008546867016698836
-0.008654469513040122
-0.005017215467305408
-0.0012185653557348353
-0.0009425598115386652
-4.9038885013924505e-05
-0.00014728508768357962
-0.0014688666879208306
 8.19338690370014e-05
 0.0029028512919206523
 0.0038057285121170514
 0.00442323877532827
 0.004586968795464677
 0.0024701022331375805
 0.0008842053366763525
 0.0015648705821711684
 0.0028724075036662133
 0.003765928430190968
 0.004491036070626092
 0.005952951837703294
 0.005314379675496125
 0.0016069431889893376
 0.0004935391229461961
 0.0015788640697396578
 0.0003929487277412602
-0.001588251576346969
-0.002030341571449587
-1.640447774532705e-05
 0.0033986375932878177
 0.00518802363887258
 0.005414908641292612
 0.0071434787780116915
 0.011339771370627194
 0.01415601064667503
 0.015772305259334374
 0.020080873376009625
 0.023318145867281495
 0.024139155517850994
 0.024653746550674108
 0.022513489254167893
 0.019058672696795537
 0.0156319250204381
 0.012315113794722499
 0.007534042609394415
 7.941050739372624e-05
-0.0025637475739634097
-0.0017591114373192995
-0.002219914019765193
 0.0016606036614322944
 0.005800758492017916
 0.00244184394477992
-0.003964883265996505
-0.0070127010486523145
-0.006594012025963547
-0.006608051585588387
-0.007908581525064448
-0.008144833059390857
-0.009234846391254894
-0.009756464882566498
-0.006084124735563121
-0.0002551588972455193
 0.006916435082953157
 0.010530298394508766
 0.00874090211068923
 0.008352610804198593
 0.010577064505514877
 0.011119724419352911
 0.009814516333041048
 0.010541963046894087
 0.008347907061775905
 0.004015937972686803
 0.0054263941245699665
 0.007402906043587634
 0.008729155552425968
 0.007819250873741107
 0.0013423514604273268
-0.0021896545197361006
-0.0038597580592421438
-0.007927411852107269
-0.009567107437180464
-0.009001056789163298
-0.00916713612095238
-0.01181965049598116
-0.01405814887603965
-0.012364664840589235
-0.011534298896348091
-0.013393867382704955
-0.014977425205748282
-0.016495488973090083
-0.017580824158118305
-0.015033578325130262
-0.00831108644117054
-0.002393235812972322
 0.0004721240048516512
 0.002638100870720153
 0.0033561912909015473
 0.0025889700907092694
 0.002551539796905325
 0.003994742976639223
 0.006137329108328607
 0.004558449432121109
 0.0007972142570023544
-0.00013140300902579616
-0.002456447105547002
-0.0073287421541736175
-0.008816397967082584
-0.00649604225563194
-0.00538732657465936
-0.00561889996214994
-0.004114880873550358
-0.0036213415014884343
-0.004037701688994005
-0.0021874997345435465
 0.00012349968323545346
 0.0030613707770146825
 0.004867130336524833
 0.004598131774347661
 0.004483512057752645
 0.0013842346599027833
-0.0011466478973946176
-0.000253126970869863
 0.0006006297075503847
 0.0016906328011796895
 0.0004883439452559174
-0.0008613065359962951
-0.0018039582425319056
-0.003829600941560471
-0.003359452303677679
-0.00610786868884082
-0.010809411377959918
-0.010898301286957915
-0.0095977815857166
-0.00928902901366968
-0.009749831596115574
-0.0088305808619938
-0.009544003373574125
-0.011115865829527893
-0.00847505705982339
-0.007923040852313712
-0.009691385475372016
-0.009967401257802919
-0.008650508042636243
-0.003401632411960634
-0.0017759815056296452
-0.002742023946344402
 0.0021021919830325475
 0.006230651446528623
 0.00740720025662063
 0.0056341774867264965
 0.0030307836534738397
 0.0037301614863119587
 0.0030518250760003113
 0.003774593643017521
 0.005463399531632121
 0.002148927379334434
-0.0008427526412915082
 0.0012436957283680078
 0.0059405500324165444
 0.008651531004658361
 0.009341552543824835
 0.007552156260005313
 0.0039382827102149714
 0.005320669981083187
 0.009028096229355242
 0.012438460153552544
 0.01647569575375009
 0.016433587313110315
 0.013329631768424638
 0.011109845975709437
 0.012768243909891189
 0.018377336846925107
 0.024823818067571293
 0.02580154563714085
 0.018332879094632687
 0.011301619281273947
 0.008599984364469002
 0.009435028455545974
 0.012878139407594053
 0.01343483376193956
 0.007418731811954321
-0.0030135407510474554
-0.010145380721376399
-0.012311367825479633
-0.011410829678701148
-0.008079994250712833
-0.007670661521695724
-0.010477554742306647
-0.013043523400872725
-0.015113608494841599
-0.014949878474705178
-0.011275199254283899
-0.005371383066593127
-0.002487310661425879
-0.004770251436424677
-0.006428659608841147
-0.008054320753406882
-0.010084641599271263
-0.008009888596701306
-0.003808917857249988
-0.002166893436993611
-0.007111699761575482
-0.01193253519500806
-0.009036767422751224
-0.004866204637732741
-0.004817089215073983
-0.007836838116714845
-0.010023876881579269
-0.011530245281831539
-0.011209797342695046
-0.006664982810810752
-0.003275670547374654
-0.004127098390611733
-0.009289438543059345
-0.01332902345490955
-0.011455430766279959
-0.008119917191455828
-0.0031283396367504657
 0.002295966500268476
 0.002789505872330386
 0.0010141440290183379
-0.0026745798701451606
-0.007422904027622482
-0.005710707404828777
-0.0015728916476610427
-0.0017179193186889208
-0.0023939166555826535
-0.003818417486208009
-0.007383170494222213
-0.0079679439678174
-0.00515404376518748
-0.003759961127229719
-0.006917715360527349
-0.01189760778637787
-0.011698791664972785
-0.008655662267387551
-0.007911842039609138
-0.008534040687890918
-0.007282641528425726
-0.0032126589003774464
-0.0011706529256582388
-0.0009531242169098508
 0.00013453980330152548
 0.004847767621275423
 0.01236554446732499
 0.01610571774344778
 0.016978187009211332
 0.01487067674055588
 0.009766813423556037
 0.004415008324257619
 0.0009438182529598743
 0.002499296956753508
 0.004274648561830824
 0.006314315463132117
 0.010903572389956706
 0.011544473387347043
 0.009923490389617137
 0.009593675918574268
 0.008894287847501417
 0.008999541032190056
 0.009476706890326592
 0.00939015605474651
 0.011287139477555191
 0.013981746935871647
 0.013184117781246535
 0.010828665730292467
 0.008594845497069806
 0.006980879719593644
 0.005876831947222119
 0.003460563987402382
 0.004758744615225796
 0.007249852686183944
 0.00519146295930463
 0.004089754260351047
 0.006166846336338905
 0.004297921556310411
-0.0035754046874964113
-0.007888661189242224
-0.009575138242673642
-0.011275649736612547
-0.0076898553060718855
-0.0037602170830982606
-0.002773133219857074
-0.0025977078326310937
-0.003388319767002476
-0.004345005914045574
-0.00414151164580466
-0.003923982937056272
-0.002216464461098397
 0.002281568602427661
 0.004688470030341035
 0.005083768318850657
 0.003383256824911779
 0.0009880405258532315
 0.0018394581308555785
 0.0010909495180065898
 5.473487475451955e-05
-0.001519466654617177
-0.00797765348058764
-0.011748244949378026
-0.011996191850794008
-0.012754056757314641
-0.012651142646043917
-0.012162281420817822
-0.013238260312174385
-0.016512968216367593
-0.01693166747729108
-0.013937658621481983
-0.01045712249474734
-0.006752035319893199
-0.004146312651457373
-0.0008669368386631099
-0.00012779475772051185
-0.00273586673780897
-0.0019218743074932293
 0.00024410255837527262
 0.000709573049422263
 0.002447499479812973
 0.00641456287747319
 0.008926722609192556
 0.0071373263253730335
 0.005387694289658004
 0.006096428416167754
 0.007240230198409012
 0.008026153747709847
 0.004384211316904571
-0.0012412653722894823
-0.0006775537976902307
 0.0040099442126866475
 0.005904588562077442
 0.003015827771839605
-9.046684626397294e-05
-0.001748875018680457
-0.000778164669364631
 0.004091781067609324
 0.005932626728388152
 0.0046461312294195645
 0.002105892378450505
-0.0028529483866388122
-0.007369704275742905
-0.008401240772159174
-0.0038236792124241165
-1.8011880599799746e-05
-0.00031741839720982046
-0.0017957179164471287
-0.003716102311669689
-0.004062290296637933
-0.0012016086256497749
 0.005151309658279937
 0.00909732139517895
 0.00687051838221002
 0.0029408699210016487
 0.001102353095406003
-0.0003759464238313054
 0.0003655347305291934
 0.0036799966445921484
 0.0017292042949367536
-0.0011876253763160177
-0.0014917100397618538
-0.0017069099133270593
-0.001246117569115926
-0.0011736114122780361
-2.279240978303454e-05
-0.001042633539109744
-0.0016157116456153864
 0.002898694931836046
 0.005995623018033247
 0.006952298926841613
 0.007602556217903567
 0.007651671640562338
 0.005169909625041089
-0.000855548618615809
-0.004408606259540454
-0.006705581475046712
-0.009547560796926327
-0.008286805343789505
-0.008073954781876946
-0.01127147326327907
-0.008911353303723932
-0.0024414813488986414
-0.0004930383108958936
-0.0015947470098494898
-0.0016672634049221119
 0.0004846790204389162
 0.00494762598269631
 0.009815232646252364
 0.012554282499509128
 0.01228060579049614
 0.006804829800048401
-0.0024345153198186142
-0.0054449079277878315
-0.004120997492367412
-0.002885971846827609
-0.00044866246448140024
-0.0002638807835837892
 9.86704770750968e-05
 0.0010787371200625673
 0.0022973892516769817
 0.0036657420820377234
 0.004435292117413184
 0.005822357535117201
 0.007106503722433141
 0.009721582684540611
 0.008053818218452469
 0.003710153762273821
 0.002945271635499458
 0.003532373944277814
 0.006533400020340641
 0.007331018936731021
 0.004435240926239467
 0.002323052510748186
 0.0011979530776154712
 0.0004658179786918709
 0.00015237702157439026
 0.0021780094823681956
 0.004774375857132376
 0.0041919414569550895
-0.00037159590050724056
-0.0013914370298339362
 0.0035673934970206628
 0.004617632342545461
 0.001623613248501632
-0.0028767691266770867
-0.005529283501705881
-0.002682636271225197
 0.0022832114758831318
 0.007506357298961694
 0.009279369830621095
 0.009258313050742512
 0.010968170600118315
 0.011639479551941487
 0.010762321901107375
 0.009761193359123968
 0.008673519100677846
 0.0072934606649927985
 0.007195214462323157
 0.007868862487564243
 0.0066385047506255235
 0.0031649756059098644
 0.002367346451284752
 0.0034362978841528252
 0.0034713788663041367
 0.0070127309019044765
 0.009733068167817951
 0.00914127747396902
 0.008549486780120102
 0.006175322141822745
 0.003031602349032589
 0.0010854881462130095
-0.0006384140819050005
-0.0024699136872469163
-0.0005401832365874715
 0.0003509986165193685
-0.004013717500420483
-0.006104854255150574
-0.0068627191616711936
-0.008366748488505535
-0.010242690488787773
-0.010471924802860452
-0.007328215248305028
-0.009133985046049925
-0.012249635957825147
-0.011484764069285516
-0.012551386666970463
-0.011613423345505386
-0.008355099193472312
-0.006125967345320213
-0.0024419318312272897
 0.00014273917644734568
-0.000743774768058425
-0.0020443047075344722
-0.0028606464495029016
-0.005438310475158525
-0.006514289366515089
-0.004476961538631724
-0.004565851447629721
-0.006862826663135979
-0.008577372597582344
-0.008072137858430875
-0.006673377073637285
-0.004645405539425565
 0.00019881038995138434
 0.0006268557063117824
-0.005323752187971945
-0.008593781945329323
-0.008172753849222655
-0.007602025054369674
-0.006881595560770351
-0.003943724466991122
-0.0009380202440924801
-0.002133291879762522
-0.0008842317937152594
 0.004572821371154431
 0.00699609631299318
 0.00901705062695117
 0.011358457999163019
 0.011234481988896344
 0.0073960573909865185
 0.003920189172852959
 0.005831207036169128
 0.0061797238563205265
 0.008467332539920422
 0.013632001527551216
 0.012607482251388677
 0.010245012980180893
 0.006560967227853223
 0.0007015831968680414
-0.0032631513656089933
-0.005929700181145248
-0.006874690961098787
-0.007452447214440244
-0.005216298146034401
-0.002619931771270234
-0.003876019315805973
-0.0032982733006992615
-0.0038596560401153446
-0.005071301189710761
-0.0006598138426474193
 0.005286105666565746
 0.00713864669443412
 0.004444028997882932
 0.0030522751951083393
 0.00261252427342365
 0.0006757663642757011
-0.0012820432056334236
-0.0025591824109303662
 6.291377143083365e-05
 0.0022756721056575585
 0.0012558309763308628
 0.001361084161019488
 0.0023528461710965176
 0.0021563588848746013
 0.001108448874532958
 0.0030405183986103312
 0.005994763006314935
 0.005494196175764535
 0.0046287338920199955
 0.0019130645347075897
-0.004355657344412067
-0.008128587886620367
-0.00905486607923063
-0.010437263588333565
-0.011110921851809397
-0.008458417715015348
-0.005286639279444991
-0.00481415156814427
-0.00521179916830658
-0.007232763720499316
-0.008561362540990297
-0.006437488996644217
-0.002023662576162946
 0.0031035812367812554
 0.005047346127948174
 0.005349081479741363
 0.0066215322999677445
 0.007065951130253517
 0.008116189975778329
 0.01154760556073682
 0.016649119566084017
 0.021163526143535463
 0.020873475920597073
 0.01794728995567267
 0.016546179859226434
 0.014728714694391978
 0.012494894461169317
 0.010927710152051379
 0.009790915351829105
 0.00846699467817394
 0.005737290880354087
 0.0037537515028479157
 0.004478859143283054
 0.0041888089203446915
 0.0028157677049133745
 0.0033350368845723177
 0.0034285947021713975
 0.002303495269038683
 0.0014286766916224852
-9.874336939096062e-05
-0.00530318684336098
-0.009852689760315836
-0.010549738757970786
-0.010996506899909206
-0.0074925800389954444
-0.0031465867476336284
-0.00284017324900461
-0.003017947947883237
-0.003092803416373774
-0.0050833600141336616
-0.00909019789813309
-0.011897091118744027
-0.01277424876957814
-0.01107140844045608
-0.008973264703707018
-0.00835107629365997
-0.007834146187418942
-0.00889141249143223
-0.009176784567534776
-0.006856428856084132
-0.005747713175111552
-0.007663419423498283
-0.008222463089496465
-0.007176902390807469
-0.007148838628909901
-0.004826143844041356
-0.0008450460058736925
-0.0006836550591551721
-0.003588789363318398
-0.004664768254674961
-0.002793514639463285
 0.001248399107570075
 0.003369933578498255
 0.0017349161402608893
-0.00020418084230496014
-0.002140938751452881
-0.0011982972831520028
 0.0017138440030301932
-0.0019140639872675946
-0.008723111825924765
-0.010040015279326214
-0.0063279108842183435
-0.0019047281700654284
-0.0007796389751674737
-0.0020497609602106864
-0.004791160125120111
-0.0072612267735518154
-0.004985313457041479
-0.003333932743113485
-0.006122113376381119
-0.0077781824753796885
-0.004353784110674913
 0.003114872193598503
 0.008679522735692127
 0.010113369621754381
 0.00921749938357698
 0.006363824694607834
 0.004611853585474876
 0.005072645929686037
 0.004724118871299893
 0.0025674880608682893
-0.0013130398585639302
-0.005238010172936458
-0.00834430479104005
-0.010783963485038905
-0.009413271581260263
-0.006744393930540826
-0.00577836172806083
-0.005036880573700331
-0.006709323186624275
-0.008711575151473722
-0.008917418731367296
-0.008950170878335412
-0.008430901698676468
-0.0066602282404349955
-0.0033668179871332443
-0.0018090002099216823
-0.0012312541948149708
-0.00030030809360363786
-0.0002699052582881556
 0.001093769425236743
 0.0022445884277317446
 0.0035053438808685666
 0.004929834473259176
 0.0053344890554404695
 0.008206866093518173
 0.011642959825312507
 0.013486144559509236
 0.013953954123974127
 0.011661657055303684
 0.00891324067014053
 0.006489955490067048
 0.0026281401579781177
 0.0008925425627705624
 0.003219915494474923
 0.004181269550119104
 0.0014796346333141863
-0.0007284557923114693
-0.000929621225369201
 0.0008878337012305088
 0.004033882329203833
 0.004497013746832909
 0.006033779863283267
 0.010646427524286975
 0.013893056309230503
 0.015696476795322753
 0.014842709878667745
 0.011715363599802964
 0.006782252642310652
 0.004684098667326844
 0.006733121862299782
 0.005175293846853474
 0.003046731917436818
 0.002391786241304289
 0.0021368221196345766
 0.0038747485500253143
 0.005137843076580051
 0.005149533324552216
 0.004335530656001729
 0.005427872823048935
 0.006644185881245435
 0.004852450524008012
 0.003502800042755827
 0.002122741607070766
 0.0017671973284308917
 0.0037437092474485734
 0.0033530788675400075
 0.002153129085034136
 0.0015636774646031193
-0.002489941887754546
-0.006527187726186823
-0.0073482076149910674
-0.006265221741615493
-0.004646588055538248
-0.004274680501207731
-0.001126292799816478
 0.0035120846687842766
 0.0038231763142490965
 0.0019331998734593986
 0.0012712369770731258
 0.0024431076403293173
 0.004176355923884226
 0.006632377893573724
 0.007083813944113226
 0.003229015832278026
-0.0006632074542437388
-0.0025929481431379436
-0.0037110303560169144
-0.005491070346164778
-0.007947102554089036
-0.01021600888858036
-0.011001942676115942
-0.010428874807845032
-0.00867457486352892
-0.00580219782545123
-0.0031917970101795756
 0.0025131979369887314
 0.006894277329619211
 0.005713040134456643
 0.005479127673548148
 0.0060381611013115705
 0.005322399516313345
 0.004150518614822407
 0.0043329612223021174
 0.004283835561408614
 0.0006465712774391674
-0.002593050525485363
-0.003711132738364334
-0.005098208394303111
-0.006770651007227069
-0.006859540916225065
-0.005217516495968688
-0.003987168997264728
-0.005610491068412535
-0.009331961995426796
-0.0093810876563203
-0.008321492517123844
-0.008015079018494853
-0.003807091058789777
 0.00038452338698991007
 0.0011400389818578827
-0.0020972437476487332
-0.0034632677428262926
 0.0004008764244457924
 0.0009248237509405649
-0.0009698308366849623
-0.001479753960907007
-0.000675117824262883
 0.0012101702314562673
 0.0028334820643693276
 0.004819350277058654
 0.004882500140224899
 0.0028732309551217083
 0.0019188838814965248
 0.0027328763118122795
 0.003553885962381778
 0.004056781628115347
 0.005179531749595387
 0.0052660723469407505
 0.003102424316255417
 0.0006604265488386468
 0.0007610015866914566
 0.0001060559105589276
-0.0017605297960516658
-0.000663509482168631
 0.0019539085533567535
 0.0043654881281059155
 0.00687530878640738
 0.008559436528186151
 0.007822623282426722
 0.007464739930368919
 0.006840202208669238
 0.0062437333679844775
 0.007043691357792772
 0.004901094987868657
 0.003808742582586691
 0.002454413954498691
 0.00022293279469391691
 0.0014556193668158052
 0.0015889414325193918
 0.0008380937462524746
 0.0015187589917473043
 0.002690629655003496
 0.0009246241053630921
 0.0003889711735440282
 0.0018649213811287035
-0.0019150263813333401
-0.003217895394227302
-0.0012647742093887387
-0.0010308719867149901
-0.0009770784172203895
-0.0018729486553977909
 8.017252944077236e-05
 0.0026344355826825455
 0.0031279749547444696
 0.0032893659014629623
-0.00024731822553629434
-0.0060786333755065425
-0.008782607365729375
-0.004778118793382594
 0.000819278776561766
 0.002330315085415105
 0.00332675524232795
 0.004133730452389975
 0.00469744202698924
 0.0038834393584387394
 0.0018928827606788379
 0.001191155616188072
-0.003208646602020443
-0.0076692647290946825
-0.006862289519032644
-0.0063032560912692215
-0.008431818020685877
-0.010590787904535381
-0.008625971352607245
-0.0038472494789318357
-0.001019314835794441
-0.0011269173321357268
-0.003629731008418194
-0.004565365494700088
-0.0019549646794284475
 0.0008565964497835726
 0.0017431001560545833
-0.0010474195506309791
-0.0046846838346004255
-0.005196946032240357
-0.0034426460879242726
 0.00022501591224328987
 0.0022950907679774313
 0.002482211522292957
 0.002192161299354581
-0.0005819848934055932
-0.0014661597644934354
 0.0008822648279721429
 0.0022716693190940884
 0.001336034832812194
-0.00142407691944052
-0.00410232110206632
-0.00450230777564653
-0.0023994858920616396
 5.6536077627844517e-05
 0.0013126133839288512
 0.0014669871103936277
 0.0010646613633955027
 0.001095064198710985
 0.0018342062796535968
 0.001899695216237729
 0.0009336527755230001
-0.0021656246223268477
-0.007657774126699962
-0.01076406874480354
-0.009033159534666546
-0.0066660223548576925
-0.00715021567148269
-0.0067642736766447
-0.004294217266447742
-0.002914169068997441
-0.0027785079298759396
-0.0036697000212175257
-0.0040275833732753286
-0.002626483515063824
-0.0005376960719864071
-0.0007412005784620534
-0.0029329174901623345
-0.004238125576474197
-0.004189010153815426
-0.002516577779126228
-0.0023551868324077213
-0.004691926296018473
-0.008869516539525446
-0.011594542190509469
-0.009589961390476853
-0.008062551567698154
-0.0075152135070242765
-0.006642744241260726
-0.006530473836318357
-0.005688412524987654
-0.002397341345103818
 0.001455107455078708
 0.001698365971424129
-0.0007436317959926414
-0.0020254491481254133
-0.0018523628343173476
-0.0019646434774944627
-0.000542491958521768
-0.0014407012701170702
-0.006390185741534771
-0.00705916585817476
-0.0031435620757086086
 0.0005147436307872816
 0.004308715595522053
 0.006462997094300996
 0.003864281407884168
 0.0029216297013485437
 0.0030268828860371827
 0.001506480045277453
 0.003875956298504235
 0.005548388673193461
 0.005508619305971588
 0.005417390323555676
 0.002884168692840375
 0.001754391112871831
 0.0032958353761580184
 0.0046548319128471155
 0.005204509046938893
 0.006006806110165103
 0.005412676342898243
 0.0027929089957202252
 0.0024256693499907778
 0.0049167774209489395
 0.006044205689264823
 0.005485162023266654
 0.005431358215537321
 0.005379893481225903
 0.005552979795033969
 0.006210254306349666
 0.007566911769620863
 0.009389044843056402
 0.009976147151834758
 0.010652134250493758
 0.010160923713615017
 0.008074465105720754
 0.008111885161289967
 0.00914575049288939
 0.00903113077629436
 0.00871067259892315
 0.0080954911708951
 0.005120184664194546
 0.0029331458993301224
 0.002605670501705154
 0.0010829285875275235
-0.0005708014380531312
-0.002626852091514545
-0.002051445149825734
 0.0005636338122817358
-0.0002573860765225089
-0.0028186765882527443
-0.0047063139556245415
-0.005964740573578195
-0.006905053206695905
-0.005342557282648527
-0.0022456291964513403
-0.002769586761180831
-0.003873634533552342
-0.0024772128221766665
-0.0014948071057712814
 0.0021447860133813335
 0.008231049927669168
 0.008790083355432604
 0.003297933851059476
-0.0015626658304775803
-0.002100657835714545
-0.0018527211725333226
-0.0035064511981139773
-0.00712266382132222
-0.012334124515545983
-0.016864914845157536
-0.01842040378718593
-0.014874373604749774
-0.01011436431841764
-0.006689965953712851
-0.005052619680292317
-0.007707473128739012
-0.010165844410081157
-0.010666411240631557
-0.010191584455912936
-0.00853084744831327
-0.006392939463459715
-0.002439910506306986
 0.0010569991343530316
 0.002862758693863196
 0.003218292734268338
 0.0004839107896126571
-0.0033358012209538795
-0.00568423605165419
-0.0051205244770549385
-0.0032328973479178874
-0.002601352644199209
 0.0005540522774457601
 0.0050544244143897465
 0.007152568151138822
 0.007625055862439528
 0.004249767801276144
 0.0008838360337844187
 0.0038497760085785676
 0.008974680748104868
 0.008724394773270985
 0.005496468337436014
 0.0032603090307954385
-0.000805005688651772
-0.0022365237395308712
 0.00297726578987606
 0.007456586266058829
 0.006946663141836798
 0.005157266858017276
 0.0041818681236308886
 0.005627410376782702
 0.009037774300980017
 0.010771022584534912
 0.011928858807283643
 0.012221237865405188
 0.009746493070137655
 0.007863533849601687
 0.01070316385982864
 0.013687816421966092
 0.011285582902653815
 0.008183966431386067
 0.004801661149968939
-0.0005665174632548675
-0.0029055960002835335
-0.0022249307547887315
-0.0045499748513099375
-0.008634002158100451
-0.008365013834158011
-0.007057476912662966
-0.006872695231765355
-0.00701304475595739
-0.010832756766523913
-0.01330984063520936
-0.011431569799743954
-0.012259606908801929
-0.013747262721710896
-0.011286562605185568
-0.009869089233048689
-0.010121714281300487
-0.009034050261089097
-0.009155687197937842
-0.011782471765369618
-0.013373046808666675
-0.011405891183320638
-0.007586189410988861
-0.004872869365329116
-0.0015864763322810949
 0.004141909349066303
 0.006427178959248284
 0.005138344386861768
 0.006553478685580746
 0.009133471546419553
 0.010539249551466859
 0.011042145217200428
 0.010995358629724838
 0.009872598270010025
 0.005844708725249392
 1.698208189598871e-06
-0.005548928131631312
-0.007104417073659691
-0.005827288106597481
-0.006203884045998587
-0.005520879727085856
-0.006248336679173627
-0.008150008487052898
-0.00782488240108059
-0.007902076942989028
-0.005951294831568393
-0.0043069313378941015
-0.0036987773683545555
-0.003359616841874774
-0.0022532402343200947
 0.0028903770925494815
 0.003189773370924756
 0.0012226075073439868
 0.001868186651570125
-1.711164238374363e-05
-0.002199472260412366
-0.0037385876885153713
-0.003923379607647742
-0.003345633592541017
-0.0038298269091660286
-0.004477755365044828
-0.004428639942386056
-0.0037737045044882733
-0.0031936194159636333
-0.002555057491991211
-0.0001434779172420353
 0.005124110300776849
 0.00744446601222748
 0.007554397343751948
 0.009292323774142672
 0.00841048797647273
 0.007832731723131273
 0.008918056669924762
 0.0067169834645528365
 0.005037523631375163
 0.0067941626491091756
 0.00710759336799191
 0.0067403537222624765
 0.008737917302041362
 0.007816317256266928
 0.002798999655729814
-0.0008639944358366514
-0.00393052480583575
-0.006344453692237573
-0.006468429702504247
-0.005902379054487095
-0.004721152097559245
-0.004672036674900473
-0.006180744148570644
-0.007394728371583975
-0.007750272650223877
-0.006700033804699065
-0.003951627657770657
-0.0016663580475886897
-0.0019189830958404736
-0.001355271521241222
-0.0009061745441196339
-0.0025131231013420657
-0.0028242249850416318
-0.0011541316837703347
 0.0027006561898301196
 0.005009316534191219
 0.004480680822625871
 0.0036362701996425356
 0.0010071465587928596
 0.0002048392573319041
 3.1742705289106166e-05
-0.002899121406471125
-0.004962189280186283
-0.007200687660244759
-0.008545659994661142
-0.0075609152048378425
-0.007656822334089583
-0.008267325615281804
-0.00746268947863768
-0.007481407185098335
-0.009846215529724048
-0.010554959894468544
-0.008084903484271572
-0.00497861910440274
-0.003818443808236094
-0.005163416142652463
-0.00595402807702386
-0.0068077949936788534
-0.007769159287557767
-0.0044430020064052805
 0.001872491102837881
 0.004686391305467802
 0.0023122266671704583
 0.00041991115296284576
-0.00029117228519955074
-0.0029553820273179043
-0.003944815202211752
-0.0031004148174631624
-0.003970555248043531
-0.005769307825534684
-0.00603830638771187
-0.0027589305749175924
 0.0014069540632650757
 0.0019075106555807159
 0.0006467449642091616
 0.0032033470908688494
 0.007570392042991869
 0.010606504220323373
 0.014964192878774762
 0.01585537473188159
 0.011287159227583457
 0.006276858847300074
 0.002101607677211015
 0.001570632892227794
 0.0033670361580663
 0.0028360613730830514
-0.0011006043083790357
-0.004309818156870718
-0.004253685513958216
-0.005004533200225106
-0.004050196364834682
-0.0016737028913541563
-0.002997623565009322
-0.00405488986902261
-0.003308730567826268
-0.0025859620008090445
 0.0008711833917464801
 0.0050019819286604705
 0.004587960814572814
 0.005114247214485473
 0.00962163657168319
 0.011359563002073914
 0.010669531224672707
 0.010475383011868705
 0.010669520986437975
 0.010702262895171344
 0.010763073684919675
 0.011665950905116074
 0.011298711259386612
 0.0090952989805968
 0.005834625516911066
 0.00470718701036045
 0.006838077774960288
 0.009004054640828776
 0.011492823638369037
 0.014276315886566124
 0.016615384185360044
 0.01607271403328725
 0.013703227541825735
 0.01459908754176839
 0.013822510047904468
 0.0081923552118746
 0.0027727169834567272
-0.00043415779161704027
-0.0011265286424361476
-0.0006891270324041188
-0.0003710181666855411
-0.0002868166427581059
-0.0008131132809055253
-0.0022189015241875915
-0.004469095271335641
-0.0054561893728115735
-0.005077264598227313
-0.004066790000807008
-0.004431690573118541
-0.005982501368311091
-0.004969687697472885
-0.0034843811962165655
-0.0015710242594824952
 0.00043121746713220555
-0.0007242899204333436
-0.0013909309636554318
-0.0014447347713847786
-0.002710178609592162
-0.0017067212324255732
-0.00020036307040807722
-0.0007874756174211794
-0.0006471363314638628
 0.00010370111656828052
-0.0008857320583255668
-0.0025067150560554585
-0.0018400842510681165
 0.00021595616415855112
 0.00020893382478742728
-0.0002869548589271298
 0.0010626853840903228
 0.0016076843713462852
 0.0005831650951837603
 0.00032820097351406174
-0.0010261276545739523
-0.003889158637214757
-0.004518374505750267
-0.004815441948942387
-0.005655174425089907
-0.004909015123893565
-0.004394424091070465
-0.004272797392456437
-0.003978079260916978
-0.004714892506676421
-0.006249329787943597
-0.004647069615791727
 0.0003094218376449437
 0.0037034122479168846
 0.006089262015069027
 0.0052097652908170144
 0.0019654653410566686
 0.002669521320730589
 0.0020917650673891314
-0.0005467148671321753
-0.0003783067001599527
 0.0009339083681709215
 0.0019514001858449842
 0.002330324960429231
 0.0011280361045054588
-0.0013163007363292262
-0.0006566871515956141
 0.0018741851674670407
 0.0012028659774091371
-0.001477717278634591
-0.003122091010543615
-0.0023080985802278464
-0.0004415231118519991
 0.002358342650270462
 0.004795652032616671
 0.0032588756779315664
-0.0008859675377246301
-0.003945480687469985
-0.0027408629963630304
 0.0023629900824020666
 0.005347642644539505
 0.004804972492466711
 0.003092765631438274
-0.00013983895123252654
-0.0018824537666938118
-0.0009819156199153273
 0.001427324881415934
 0.004383908562538452
 0.005092642689048216
 0.0031535457064823663
-0.0012252048509649588
-0.0031151812917546567
-0.001540990000617734
 0.0005197285614447628
 0.004077454110970491
 0.003871610531076916
 4.488130025664949e-05
-0.0011199823809805581
-0.00028026014306777036
 0.00016883683405384542
 0.0016705168492355121
 0.0028961862011036704
 0.0009921753198064986
 0.0017804379425252342
 0.004091437360304234
 0.0028213153752610354
 0.0025172307118151854
 0.003576825851011642
 0.004568587861088658
 0.005637539293956745
 0.004177952362062726
 0.002311366655452146
 0.002444688721155705
 0.0025546200526801732
 0.004075012655205157
 0.0052071190703568415
 0.002645828558626606
 0.0009453170646877146
 0.002032981084899091
 0.0025288595303789296
 0.001642345585873159
 0.001747598770561798
 0.0007347748614888461
-0.004107112232704935
-0.008001674592644614
-0.006572505853418176
-0.0015154342430113293
 0.0011066619393498844
 3.7700268247051194e-05
-0.0023551769573935954
-0.0037960513019443254
-0.0005845086182694748
 0.003749789306002796
 0.007099337321334415
 0.00940098044544177
 0.00716248206538328
 0.004266704054891712
 0.0061800609916257965
 0.011071058389360955
 0.012853427214692001
 0.011333024373932271
 0.00961146121923219
 0.005597606114979017
 0.000587305734695634
-0.0012114468427955327
-0.0018079156834802795
-0.002420758038090415
-0.0011366118507744744
-9.57292989213071e-05
-0.00021970530918799525
-0.00048636479794725296
-0.00014018705121374153
-5.5985527286320225e-05
-0.00070625305658302
-0.001057119188387079
-0.002568165735475164
-0.0014851798620996032
 0.0016749032063812092
 0.001094807879621823
 0.0002667707705638622
 0.0007649882894616017
 3.285319053797364e-05
 0.0005521223701969169
 0.002743829043662438
 0.0024818477017389956
 0.00047725666347164797
-0.0005612970531983508
-0.001220920876166709
-0.002411514365000922
-0.0031600229778499245
-0.0018173999550862019
-0.001176498957695865
-0.002972912461769131
-0.0023975055200803203
 0.0010923869003259812
 0.0017449832648058633
 0.0005520507025537219
 0.002332080454466867
 0.003929662479782908
 0.0031811538669339195
 0.00397175556307057
 0.00426881276802793
 0.002259543582924753
 0.0008818242206576205
-0.0025800095569684794
-0.006158797005490144
-0.004975230975144393
-0.0031998793700670908
-0.001330964828273315
 0.0014478492730879283
 0.001026810938746528
-0.0016537723172971863
-0.0033425884441465326
-0.004053671882308929
-0.004537865198933941
-0.005978739543484685
-0.008137709427334189
-0.00833887486039192
-0.006701528586971386
-0.004579994116043207
-0.0041730004604439985
-0.0068535837164877406
-0.007936579828098034
-0.008968116324514289
-0.012184347393259715
-0.011204280750272244
-0.007847715514686895
-0.008041863727490897
-0.008193908618772505
-0.0047905619148289336
-0.0032537957983785754
-0.003618696370690108
-0.002542727717568291
-0.0026550083607453923
-0.0012211614746831384
 0.0023786673963649835
 0.004862758247069415
 0.0069538847635647605
 0.009360786191478107
 0.010329157467376018
 0.009070730849422379
 0.007704706854244792
 0.006008873507141729
 0.005239313233531551
 0.004556298676384074
 0.0024137023064599444
 0.0030218562759995043
 0.004436990574718483
 0.0021353372123763953
-0.0009896699930704855
-0.0019065918920090907
-0.0022340672896340313
-0.002776737441706839
-0.0026714842570182
-0.0009265406063737325
 0.0004347950037332654
-0.0008563786420711372
-0.001579157447323093
-0.0006879755942162669
 0.0003014473424428482
 6.718972668656731e-06
-0.002175641645359966
-0.0039346299747466396
-0.0030761951494905487
-0.0017803535950850768
-0.0033171299497701673
-0.0035276516764995436
-0.002294965104377669
-0.004746319165466084
-0.007646775322793481
-0.009419798092687615
-0.011539003728432612
-0.00984551969298221
-0.006000088113053401
-0.006521706604364991
-0.006980170113392983
-0.004416550766479552
-0.003483265591850318
-0.003331230938803456
-0.0035347354452791024
-0.00419903741508329
-0.002559352068244841
 0.0005539495318777343
 0.003400596762358432
 0.00547301069151046
 0.006347819030691926
 0.005515103774798136
 0.003957275759351828
 0.0036414957288164324
 0.0027432864172211163
 0.0011106080524016515
 0.0011293155206275746
 1.8770140769452937e-06
-0.0026810453153846836
-0.0013875428343970986
 0.002761968289860181
 0.002476596213757634
-0.001869407315838928
-0.0021617966121952326
 0.0022356562943606495
 0.004967688927363698
 0.004958327514574673
 0.0032040173320238285
 0.0006707957013085131
-0.0025407572206010837
-0.004702066177868489
-0.0027466059196120107
-0.0010718344715048983
 7.664545757218866e-05
 0.0030098384045155885
 0.004705661513383905
 0.005407378419639938
 0.006371071548702006
 0.008326531806958498
 0.008443480358736696
 0.0048366240292000845
 0.0031969284441268897
 0.004745389927666807
 0.005919599664340899
 0.004843620772984336
 0.0002286238003279678
-0.0047886938002091595
-0.005698598478894021
-0.004393400630816877
-0.005424937127233145
-0.008870397390933857
-0.011202458707708793
-0.01096621741161713
-0.00915577970527115
-0.005883421112730602
-0.0026555049151303772
-0.0027818199988149522
-0.004274153958559748
-0.001972510834452393
 0.0014589047505061264
 0.0019547831959859374
 0.0018612151401521254
 0.0005255990994074006
-0.001986570870546725
-0.002285977387156732
-0.0015936167745723567
-0.0017620351797793393
-0.002648549124285096
-0.0024941753978203196
-0.0017737459042210107
-0.0020988822284280506
-0.0029245802640681107
-0.004615735464335358
-0.005420381839214214
-0.00500871003677919
-0.002707066912671849
 0.0022096602926603426
 0.005390795021902345
 0.005608323730650719
 0.003683261188592357
 0.0005629321299812917
-0.0017995371412264927
-0.0012521990805526156
-0.0003937642552965387
-0.003457955551877709
-0.005911648686384038
-0.006912777228367459
-0.008491656904574957
-0.008933746899677547
-0.006987642935092728
-0.0026556840842383578
-0.0006885284588923207
-0.000573918980532051
 0.000904370300470525
 0.0013838752320249753
 0.0017440874192659467
 0.0032972270496416795
 0.004693648761017369
 0.004955619864706051
 0.004223484765782451
 0.006104094674665758
 0.008590524598788105
 0.006911064765610417
 0.004901795580507226
 0.0037673398537028807
 0.003400100207973447
 0.003725226293945727
 0.003063263397559468
 0.0036760955139348572
 0.0031334253618620633
 0.000803703118505042
 0.00019553891073073593
 0.0011545538929569887
 0.0030725889765268882
 0.004667831928425029
 0.0035567669357997878
 0.0007662472291142253
 0.000291410206160872
 0.000483209107312213
-0.0008617632271041425
-0.000291034432251161
 0.002237498813393579
 0.0012433874916639165
-0.002120205202409922
-0.0034932464178412254
-0.003954049000287119
-0.0017436297394783085
 0.0030304139873612856
 0.007299217855932058
 0.008555295162233037
 0.005608057536547431
 0.004029177860339933
 0.004658383490640697
 0.004309856432254552
 0.004354293708077495
 0.003208142614183576
-0.00010165139127828182
-0.004253511827188208
-0.010101200491083845
-0.013920912501650368
-0.011371327595244424
-0.0058253896404941025
-0.003041897392297016
-0.0036547397469071513
-0.00511198760538327
-0.005221929175142456
-0.0022021905117363544
 0.0018701311897298678
 0.004669996951852329
 0.005448903280899406
 0.00392148321988596
-0.0002046474084269334
-0.00238700802645557
 0.001919221016801781
 0.0037039289155507416
 0.002174169781119367
 0.002155452074658712
 0.0008712956491080392
 0.0008174918413786925
 0.0020174313856498316
 0.002985802661547743
 0.002127357598056906
-0.0005883117592554721
-0.0023168921342092974
-0.003409244539491249
-0.0030490323522502777
-0.0008994290003071781
 0.0021320050301885107
 0.0015261798958321193
-0.0008362893753756789
 0.0011893430854181403
 0.0038628988829733923
 0.0064639434045733885
 0.0064966853133067715
 0.001678188953292123
-0.0015099732344383554
-0.002087729487779813
-0.0008456866219862802
 0.0036687199554651523
 0.00796793177846876
 0.00791412797073944
 0.0075562446186816234
 0.012311575758177942
 0.016051749034300747
 0.012449570851599964
 0.008765525099272295
 0.006924669200258721
 0.0021248854275873613
-0.00042704879047124333
-0.0010913507602754308
-0.002113530963020041
-0.001196619302316168
-0.0018889901531353032
-0.005042066239597104
-0.008873473617253186
-0.010375163870669613
-0.008557708944069903
-0.0064408526199775384
-0.004665501014900236
-0.005306412250525305
-0.006969498569777605
-0.003863214189908773
 0.0014955978914086565
 0.0022815214407094914
-0.0015031044685883815
-0.0049088004841846
-0.005273701056496133
-0.004291295340090762
-0.002169760869162582
 0.00040789291825829577
-0.0006353389452475183
-0.002466838550589434
-0.0012037440240347114
 0.0002792234038036939
 0.00037979844165651755
-0.000890323543386709
-0.0014961486777431005
-0.001592055806994827
-0.004373219220008745
-0.006850303088694179
-0.006824578400214526
-0.006242154238271985
-0.004691353681314167
-0.002235331711624655
 0.00022302933148274362
 0.004307046400038511
 0.007630864607773111
 0.008334920587447031
 0.01007518609125567
 0.008868219088496054
 0.005701108561526794
 0.0070296971437830424
 0.0094178859843531
 0.010589756647609305
 0.009357059837252671
 0.007003946859716531
 0.004718667011299818
 8.963559813597588e-05
-0.002513758235116681
-0.0007267112629498057
-0.001861166989754151
-0.009297086504411564
-0.014248910049247165
-0.013675842180976255
-0.012910970292436638
-0.011502853213971403
-0.009320502834177527
-0.006878515304995503
-0.004637688089753844
-0.00360850090499025
-0.001199260403658975
 0.0015210768622545001
 0.0021666560064806384
 0.0010088095454971885
-0.0013887458269792735
-0.0010870104751860843
 0.0018555387654289601
 0.003427390983147996
 0.0029759446943737333
 0.0015748345979274964
 0.0002462357774365015
-0.0008437775544275355
 0.0006485461670825005
 0.003729100739354327
 0.0035536651138936004
 0.0009830183084917066
-0.0006332865424023698
-0.0013303355400573202
-0.0015829605883091041
-0.0003198660617543675
 0.0005455859837554394
-0.0004882895860787301
-0.0028086555357641207
-0.00406708215371776
-0.001725674781505912
-0.00021463847265260072
-0.0006684238348447502
-0.00039241829064858014
-0.0020812344174979264
-0.004191083759571293
-0.002733846139329907
-0.0020087384988947826
-0.004448397192893638
-0.004574712276578213
-0.0036203754411877898
-0.004743135800902576
-0.004153694418706291
-0.002029820874360211
-0.0003690838667605584
 0.0008519073382717846
 0.0013992453989456477
 0.0017103370444104815
 0.00083551846699427
-0.0014193534269895947
-0.004408694374197594
-0.006700991442868051
-0.006808593939209337
-0.006029687610162246
-0.005650762835577999
-0.006530259559830012
-0.00721561319039539
-0.006593424780348356
-0.004750240046151627
-0.0005913726282226889
 0.002744140946601442
 0.0031768644097976695
 0.001647105275366309
 0.0005711263840097319
 0.0020049732700719997
 0.0013827746217902198
 8.926190256788868e-05
 0.0025055196241529076
 0.002449376743005674
-0.0003926025788739407
 0.0003114534007999936
 0.002870394600877582
 0.004552183269238438
 0.005768496327434952
 0.006266713846332678
 0.006325185562663094
 0.00758828008921783
 0.009347258180369744
 0.009758929982804768
 0.009129714114269272
 0.0075859205393304235
 0.0062643389390931725
 0.0039322776223182365
 0.0002622663104980272
-0.0012253895024109257
-0.0017844331684090942
-0.0015505309457353456
 0.0002692630542822788
 0.0018107073175684663
 0.0035462946745412754
 0.004175500304842039
 0.004110001130023147
 0.004989487616040428
 0.00562103231975912
 0.007925014517284376
 0.010275778183167869
 0.009160035043706799
 0.00629466498764808
 0.0022995224707382106
-0.000266446187827854
 0.00011481766017430728
 0.0015463254728186604
 0.005459590181866897
 0.00902199387822844
 0.007036115427304368
 0.001296024140632665
-0.002818411120590697
-0.003473356796723226
-0.004161049500706518
-0.005641688093361755
-0.005828819085912013
-0.004521282164416968
-0.0026055861542649966
-0.0009401709998295149
 0.00017088375456097982
 0.00010304550632418696
-0.00039752132422619935
 0.00040009759216418084
 0.003653743597361439
 0.0064044888177077625
 0.004070088427514898
-0.0014173829300223872
-0.004972779644364933
-0.005080382140706233
-0.004802037523092148
-0.0039412636244181565
-0.0016115516192958812
-0.00022916434842766564
 0.0007672758084851794
 0.0021941054742937033
 0.004731995013610088
 0.00576819941862744
 0.004713272188032053
 0.005300374496810423
 0.005906189392932082
 0.0060207988712923655
 0.004458292709010242
 0.0005380005414735295
-0.003005700805779471
-0.005950599358047162
-0.006612562254433449
-0.004346005231594757
-0.0012560943656512863
 0.00021049954826171668
-0.0003836302190051155
-0.0027484385636308145
-0.0065915413083764696
-0.008404328326375096
-0.007052349009939729
-0.00399986331868285
-0.0029145383718893747
-0.0031484508327978694
 0.0005613144888920729
 0.004575159354910499
 0.004823096018091735
 0.004371649729317473
 0.0058195310558872
 0.006820649359635861
 0.00611424406830928
 0.005812498478281358
 0.004904932873014398
 0.0021962807359557357
 0.0011390144319424617
 0.004493240594109896
 0.0075316918448593145
 0.006308351328174339
 0.003639463439220156
 0.0019389519452812781
 0.0005752670235216195
 0.001377564086747815
 0.003840603276691043
 0.0024488494739164646
-0.0017217235493367788
-0.005344953392798751
-0.005454894962557952
-0.0012960275446290276
-0.00015222576238776986
-0.0035836515855810352
-0.006095821555535133
-0.00717881766714544
-0.006624462386217833
-0.004250307986155236
-0.003576659960914136
-0.003417608087613558
-0.0021007148724468544
-0.0015089344168326552
-0.0013873077182186555
-0.0021030693032168812
-0.0034644151515586252
-0.0021498610098098503
 0.001618381147327888
 0.003295491668852929
 0.0022078174104067927
 0.0015692452481996383
 0.0027434549848737444
 0.00384983159242841
 0.0037866714910274463
 0.003035823804760557
 0.0014803348627321494
-0.0010294960338040338
-0.0033475229100715237
-0.004350990525472831
-0.005824611897874324
-0.005462060637215452
-0.0017756860497046
 0.0002171993832384561
 0.00022888963121063532
 0.0008230091602427353
 0.002277907707066207
 0.0032135319551133412
 0.0044392013069814995
 0.006422730446252925
 0.005641474805553173
 0.0032696492406737443
 5.8096318764161436e-05
-0.004524153626041472
-0.00549487421359203
-0.003600229864201235
-0.003637660158005193
-0.004634110553152784
-0.005389636386255503
-0.005583784599059519
-0.0034201468066089175
-0.0007933724774119161
-0.0010436584522457854
-0.0029593647006325025
-0.005532350579452325
-0.005831757096062332
-0.002685708468088993
-0.0010717529288475774
 0.0011129365243642136
 0.002635668200307098
-5.661042282618933e-05
-0.0013243933344514736
-0.0006834923370611506
 0.0006123492173443351
 0.00220291402240666
 0.003578284073021132
 0.004789918984381802
 0.00439928860447325
 0.0036180329637735126
 0.002743214386357301
 0.002986472902702722
 0.0034262135861526655
 0.0034168521733636548
 0.004396918816351125
 0.004029679170621664
 0.0033723944210712203
 0.004020312638715287
 0.004984005767777369
 0.003299867787763866
 8.597579243636855e-05
 0.00021929785813992742
 0.0012391287492318909
 0.0005724877060098027
-0.0012473165322425678
-0.0033712003148233943
-0.0035559922339557654
-0.0019022724466098428
-0.0017783066745779147
-0.002391149029188036
-0.002589975388827881
-0.002938502447214039
-0.0014368224320323586
-2.8705353567123892e-05
 0.0029325564743912236
 0.005428342692185201
 0.0031103158159177385
 0.002202750210650792
 0.001837849638339245
-0.00023223545562962855
-0.002131568190090971
-0.002323377329477072
-1.7056058533901353e-05
 0.0006168277186026916
-5.370929679088254e-06
-0.0007070980741698402
-0.00036559847427215797
 0.001760614143491837
 0.0037043790346587557
 0.006901887277826146
 0.00846204412845561
 0.006965032021874998
 0.004443505758249255
 0.0024108458389669463
 0.004354610730133879
 0.005549872127569175
 0.002799116668988119
 0.00046705535221318317
-0.0010159223138599682
-0.002162073407753873
-0.003560844430782195
-0.00477482865379554
-0.005806365150211795
-0.008943067722748221
-0.010767550107836407
-0.009780466244595207
-0.008472929323100162
-0.0066858823509333
-0.004323423317960248
-0.0007820712823599085
 0.0021955640595237996
 0.00458141382667597
 0.006600029067216059
 0.007079533998770496
 0.008670098803832807
 0.010791633274760987
 0.011694510494957386
 0.009736700925048247
 0.005121703952391879
 0.0023241670254525865
 0.003159211116529559
 0.004754454068427685
 0.0034375506150262636
 0.0017066311666545236
 0.0005043423107307377
-0.002206648899745825
-0.00262300908725141
 3.417319637845362e-05
 0.0013229975305302094
-0.00024652585200563015
-0.0015072915433772122
-0.0017622556650469107
-0.003287336652642442
-0.0038253286578794204
-0.0019774657768468623
 0.0013042491093653297
 0.0042444592765624595
 0.005100555028400636
 0.0050420730738354735
 0.005474796537031701
 0.007434934942123994
 0.008443070466126398
 0.0092851317774571
 0.009771653929265281
 0.0061226942782062616
 0.004775382870371991
 0.007367071098300343
 0.008452396045093818
 0.006941349498005747
 0.003837393953320084
 0.00022352040352974223
-0.004003190381753355
-0.005851063501020645
-0.005684994407466323
-0.007324689992539518
-0.008484875526940883
-0.007556268499147478
-0.008625230170250311
-0.008632252509621421
-0.003299170235901025
 0.0002632334604605324
 0.001474868371821203
 0.0021765852780772227
-0.0007683132741904686
-0.0030395586820997217
-0.0032711320695903157
-0.0043892142824692865
-0.005462854100407949
-0.006122477923376307
-0.006817187847613329
-0.0065832856249395805
-0.003788098009652935
-9.002805505252398e-05
 0.0027542801020102314
 0.004262977337445656
 0.0032595097220443486
 0.0030887522434194375
 0.0037834519294217273
 0.0034185513571101944
 0.005252379797635279
 0.0068710134837125375
 0.006239458541759099
 0.00669791181255236
 0.006730653721285743
 0.006449959792019011
 0.00797503054137981
 0.007701353832366822
 0.005701440940935276
 0.003205644484906553
-4.3333611689608253e-05
-0.0011660939714044222
-0.0004316300372976395
 0.0004338220082121813
-0.0007099900122638225
-0.0022491054403668276
-0.0016245779569018792
-0.0009977114000190301
-9.249510640471637e-05
 0.0007261754707468676
 0.0013553811010476313
 0.0036195990504684084
 0.005832357384695119
 0.006073276827622612
 0.007458003171908742
 0.00931522234661293
 0.006562127814613974
 0.0017319360875097667
-0.0012901518875490237
-0.0012457146117260676
 0.0004384131300527033
 0.0016453698945775447
 0.003219561185714495
 0.004094369524895947
 0.0024897600410914156
-0.00116621683022132
-0.0038725298938620534
-0.00646890650686098
-0.008393969048919356
-0.006380031955215082
-0.0034889423297940897
-0.0005978527043730975
 0.0021552315893911406
 0.003895497093199779
 0.004304829822216888
 0.003413637730875302
 0.0033083743079519307
 0.004498957558551411
 0.007053220611793171
 0.008084746869974693
 0.0071841984849614765
 0.005726950626485358
 0.00435858755788987
 0.004667340129936803
 0.0034907810816100365
 0.0009294905698797873
-0.0012248011671338876
-0.0026656755116846315
-0.0031030873599514064
-0.003198994489203133
-0.002459852408260549
-0.002532368803333157
-0.0041416564339735035
-0.005505341355733176
-0.00453463100641735
-0.002139424945593549
-0.001035387411456784
-0.0034446381510227914
-0.006071422718454567
-0.004228237984257824
-0.002127755174090834
-0.0008553043538644667
-0.0006798789666384863
-0.0014868644149352572
-0.0013278125416346653
-0.0007781354075428737
 0.0009059923342358972
 0.00012005854670031624
-0.002389772349835881
-0.0036131128665208567
-0.0038844505021159437
-0.0036037668110839582
-0.004352275423932933
-0.004125390421512928
-0.0038868100520033366
-0.00516628833071818
-0.005865676401791045
-0.005638791399371013
-0.0047873737943686795
-0.0042797999817992954
-0.004436523019916719
-0.003942983647854809
-0.0015781855414638557
 0.0009667212181062868
 0.0010322101546904189
-0.00042035955694987026
-0.0013232470153810016
-0.00048118570405031313
 0.00095032210859404
 0.0009292653287154701
-0.00022156391201426373
-0.002352464914848834
-0.004712595112638704
-0.0056669421862638875
-0.00523421872306766
-0.004382801118065313
-0.00353138351306298
-0.003157136885314535
-0.003907984571581452
-0.005917253756684629
-0.007774483169623564
-0.006338297210143409
-0.004104487215155481
-0.003765326688675699
-0.0024227036659119905
-0.0020320835242381707
-0.0021139562129824374
 3.79862123785768e-05
-0.0003035236257538376
-0.0027969810083646462
-0.0032905306186613165
-0.0037747239352863143
-0.004764157110180162
-0.005161804710342471
-0.0060529968016840435
-0.004144318011785789
 0.0016706133860243388
 0.0051137243380724035
 0.004931271492357961
 0.005225989623897406
 0.006514813958049162
 0.005843494767991245
 0.004685648307007781
 0.00398626023593493
 0.0014179525039509505
 0.001216787070893205
 0.003466970579806508
 0.003289195880927881
-0.0002966087878475132
-0.00605073451502669
-0.00848571506218973
-0.006441370014052622
-0.0038637162266317304
-0.001580785689867678
 0.00013141093292602657
-0.0007855109660125786
-0.0029468199232799974
-0.0016813863233073462
 0.0019652240160990125
 0.005246938902311191
 0.007319352831463233
 0.00534049160079289
 0.00126114244083822
-0.0001469848758617609
-0.0006077874583076681
-0.0010896417015147514
-0.0024018670080803717
-0.00670576721615454
-0.009903285697556663
-0.011234223591465559
-0.010750040513075293
-0.00748002099395266
-0.005636836259755917
-0.006191201778918284
-0.00804141397160349
-0.008233223110989576
-0.006567807956554109
-0.005115248483148566
-0.002102527039996166
 0.00017104720309624177
 0.0003792196181729851
-0.0011248097086613562
-0.0028674245241226554
-0.0018616280735381657
-0.0011879800482970798
-0.0002476776534141023
 0.0030410544530518197
 0.004767285516352984
 0.0033451237591455435
-2.7825228599925866e-05
-0.003157510580882622
-0.006993596105374533
-0.012118511083135566
-0.013192150901074229
-0.010986409787101234
-0.009688229159277834
-0.007042742242737529
-0.002633593969092088
-0.00014248589813391221
-0.0005424725717141227
 9.543635795569716e-06
 0.002582519276380646
 0.0031930123193381066
 0.002416434825474198
 0.002760273498789781
 0.0033356804404785917
 0.0017778524250322975
-0.0004349161474291735
 0.0009381148297673975
 0.0026128862778745238
 0.002189508870115195
 0.001012949821788442
-0.0007015961126579096
-0.000612716441894659
-0.002626663773833665
-0.006558651308459923
-0.005583262812308296
-0.004790322042753731
-0.00552713528851316
-0.0013472162098230323
 0.0038431825854047807
 0.00475307702585491
 0.00302215757748317
 0.0021262873393057685
 0.0031975778455917703
 0.003382359526489395
 0.0013239697996100808
-0.0008677471120901864
-0.0006502184033417985
 0.0014385690397356182
 0.0016327070143048877
 0.00024095321153029536
-0.0011086972697219033
-0.0019226999382724042
-8.41933509114906e-05
 0.003655979925211314
 0.006154105216423206
 0.0058640549934848435
 0.004923742360367134
 0.0037050799905179593
 0.001646690263638645
 0.0010385260558643389
 0.0013262269671500543
 0.0015180258683014092
 0.0005145582529001019
-0.0019788991297107345
-0.002856056780544833
 3.9710991711974786e-05
 0.004317871153954378
 0.005068708601986549
 0.0029658764801668985
 0.002996279315482381
 0.004147098317977382
 0.003726059983635968
 0.004214921208862063
 0.004413737330267162
 0.003878084398448084
 0.004161107162897984
 0.0016278855321826824
-0.0021988436986375842
-0.004222147324248235
-0.005452505061186941
-0.005735538063871587
-0.0055273656487948575
-0.003953174357657907
-0.0007018674258785773
-0.0003042300639510276
-0.0031064451377261493
-0.004647899639247055
-0.005195247938155664
-0.005892296935810615
-0.004451432829494617
-0.0004071800090433425
 0.0027248341784225083
 0.0038171763454697277
 0.003683844041531409
 0.0031973116514884825
 0.004303688259043162
 0.004095505605731686
 0.002750533271315303
 0.0018125597116155079
-0.0007861559748013197
-0.0011393611800232933
 0.0004207956706061694
 0.0012441443945935826
 0.0011178293109089937
-0.0009545948564777806
-0.0011580993629534408
-0.00036048044656306066
-0.0009218631859791437
-0.0007674894595143672
-0.0009522813786467382
-0.002388477576361639
-0.0019510759663296101
 0.0012160243224049322
 0.0025656645654223847
 0.003674380246394965
 0.005786558423651514
 0.0032393023524287384
 0.0004838687470118397
 0.0011364651114917218
 0.0006008121796726718
 0.0015785397492422137
 0.0024767388226027837
-0.0003114418106648503
-0.0016774658058424374
-0.0021733544895569945
-0.0033358790973762736
-0.0031043159481204396
-0.0028750918722824925
-0.0017663761913099124
 0.0004908245378571208
 0.0006054340162174043
 0.0007504514490105363
 0.001966764507207036
 0.0009703141120594588
-0.00035828470843153604
-4.953213638461684e-05
 0.0008931093319162753
 0.0004182723089629081
-0.0013360378735879364
-0.0005033328559288786
 0.0007246755693571666
-0.0009992266587608295
-0.0027488586944758447
-0.0038716190541906587
-0.004311369975875348
-0.004533587069694284
-0.004942930036946139
-0.004210805176257271
-0.005298479434703393
-0.006182654305791249
-0.004994410128609669
-0.004393273379323839
-0.0034155458097542835
-0.003939503374483788
-0.005583877106392812
-0.0065873447217941195
-0.007167440048553492
-0.004524292205431102
-1.924192165130012e-05
 0.0026122105543815582
 0.003842558053085518
 0.004364166306162376
 0.0034074801591192777
 0.0015806587006131773
 0.0018566642448093473
 0.004916167156319956
 0.006254112032247849
 0.004485767409189531
 0.0025139233987729465
 0.001077727201058018
 0.0010940955958660403
 0.0008929301628082809
-0.0013268556299069062
-0.0020917377566812695
-0.002835568222694443
-0.005429605762275455
-0.006592130370094734
-0.007111409787988424
-0.007810797859061261
-0.006634249048969254
-0.004690484157802335
-0.005242510603546774
-0.006210892117679417
-0.004723246543005211
-0.002786498872092008
 0.0007338015027471279
 0.003360575831944143
 0.0020764194063934704
 0.0019617996897984546
 0.0018050766516810174
 5.3105542548087525e-05
 0.0006589204386697467
 0.003416682879269786
 0.0066562944439595845
 0.009180149542768495
 0.010319273178173938
 0.009528661243802555
 0.007138123091579823
 0.005432933450805116
 0.004948740134180105
 0.003842353288390679
 0.0015406999260485915
-0.0016708529958609913
-0.00546015705199468
-0.006858928075023016
-0.005750212394050422
-0.005067208075137705
-0.005394683472762646
-0.006379438500820678
-0.007111573599744292
-0.00565667505292082
-0.0030135272097984167
-0.0025808037466022032
-0.0015820245162714436
-0.00030957369604507623
-0.0011142200709239325
-0.0007540078836829611
-0.001231183980054243
-0.0020264740612614546
-0.001212481630945686
-0.00023709313479405858
 0.0014657471943280154
 0.0027709450424051457
 0.0029042671081087185
 0.0020902644395582176
 0.0028317455939187303
 0.005198882773727584
 0.005353256500192374
 0.004946252606358434
 0.005182493902450097
 0.003912371917406898
 0.0035404541248416355
 0.005056168580530776
 0.004890089248741708
 0.004071408433355392
 0.004574304099088933
 0.0038608815875086216
 0.0023568522606742803
 0.0037111706505275482
 0.005308752675843603
 0.004574278503502074
 0.003407075748846966
 0.0013276343612064617
-0.0004757963631205342
-0.0003682041050139806
 0.002307690765959186
 0.004981246563514424
 0.003839773616456335
 0.0002118656261585472
-0.0023634593260791897
-0.0018629027337635357
-0.0020079304047914
-0.0022020786175954155
-0.00192139492656343
-0.00215296831405401
-3.36496211091053e-06
 0.002190680784772539
 0.004284146374685771
 0.0027356746529111214
-0.0014770016918645018
-0.0002419760463247128
 0.0027029122677082462
 0.003554329872710593
 0.0036689393510708768
 0.00439872513834183
 0.006040749558598207
 0.007198585781346911
 0.00597056711782612
 0.0032712712744391026
 0.001432754448843443
-0.0005344114147373263
-0.002557715040347977
-0.0028664778506296423
-0.0013460852481046587
 9.945700504715438e-05
 0.0012409197138704836
 0.002412790377126689
 0.0032525126150394768
 0.0037671036478625908
 0.0028291300881627818
 0.002029161860119741
 0.003598675004420862
 0.005741261136110246
 0.007296739839903879
 0.008821810589264692
 0.008143474178953045
 0.005790361201416891
 0.004433693499910976
 0.003121468193345356
 0.0022466496159291582
 0.0008923209878411442
-0.0007263229364708468
 0.0005741967647704682
 0.000403439286145571
-0.002443218182569845
-0.0030420260966725204
-0.0032198007955511476
-0.003884102765355321
-0.00510510420862241
-0.007093321732964383
-0.00685006321661899
-0.0060734959609898
-0.007051233768794088
-0.008389188882956741
-0.007769339546327608
-0.005551903065265054
-0.0031520188576054375
-5.742984482615121e-05
 0.002237196059027474
 0.0030020679475670914
 0.001762353916956727
-0.0012714294251915947
-0.0025555858507422813
-0.002017604083740049
-0.0027684517700069383
-0.0031777947372587934
-0.0022398314157937305
-0.00510052332501662
-0.00928279171535941
-0.008733114581267618
-0.007549548550921867
-0.007409209264964578
-0.006433820768812923
-0.006985847214557375
-0.008763548131287324
-0.010728374921450193
-0.012075686329284477
-0.010255892329266852
-0.007023297984830798
-0.005552025924081966
-0.005654950273587436
-0.0050935777724060854
-0.0034562314989855514
-0.002567388719296626
-0.0018609936662047771
-0.0008551972156203014
 0.0001786681159791359
 0.0016920434982503757
 0.0021738875032227267
 0.0012312357966871024
-0.00015116171241583154
-0.0010844571252798252
 3.1275775946498774e-05
 0.002559809021591239
 0.004910572687474732
 0.00583216249501442
 0.005544451345493945
 0.004788925512391226
 0.003535177041273402
 0.003481373233544069
 0.004192446433471733
 0.004580727501727652
 0.004152671947132494
 0.0024123962050891234
 0.0015679855821057742
 0.0016802559870481432
 0.0014510216729754638
 0.0013855224981565856
 0.002229922882905175
 0.0033994544727434656
 0.0026322332725511877
 0.0009738251001347037
 0.0007633033734053135
-1.3274120458608984e-05
-0.0010097245156062001
-0.0002284791131411945
-0.0002495358930197644
-0.001019096166629957
-0.0007594641363591614
-0.0005185446934316829
-0.0010214505973999838
-0.0021933314988909075
-0.0025699274382920134
-0.0028202134131258827
-0.0035242796310345492
-0.0025465520614650072
-0.002396856481836046
-0.003711420861819567
-0.003091571525190448
-0.0008998648517249269
 0.002573654054755986
 0.006353591578983284
 0.008931245366404161
 0.0101311849106753
 0.01023877716878184
 0.010376777381321242
 0.010697225320457707
 0.012360301401475274
 0.013504103183716545
 0.011331098859359554
 0.00853590100583819
 0.006306758919451344
 0.004159484402691385
 0.0028028167011854704
 0.001972440518709595
 0.00096195568305453
-0.00045318885389918073
-0.0023034010465843857
-0.0036062700594783614
-0.0031782247431179494
-0.003140804687548737
-0.0042612259738456365
-0.004219127771440595
-0.005449485508379315
-0.008244683361900693
-0.007161697488525132
-0.004139619751701087
-0.002450813863086515
-0.00038307808077028827
 0.001808628592695219
 0.003920806769951768
 0.004264645443267365
 0.002791024070865858
 0.0020916359997930206
 0.002201567331317475
 0.0036190407034543542
 0.004475136455292517
 0.004858739376712606
 0.005728869569058229
 0.004928901341015202
 0.00493123529531575
 0.005555762778780685
 0.004823627679857084
 0.004206107178411134
 0.0037312701554577526
 0.0025430157400414405
-0.0002521821134799235
-0.002050934690971104
-0.0021211120126257976
-0.0023713979874596947
-0.0019316573040097373
-0.0008439932837983471
 0.0015020922352493166
 0.002706709926356271
 0.0007910036779695401
-0.0004533884994766535
-0.0011457593502957608
-0.00311292521387653
-0.0038895027077404665
-0.001905973568469041
-0.00027096636846640765
-0.00039728145215099653
-0.0009586641915670796
-0.002020608642416183
-0.002549244353981517
-0.002483755417397357
-0.001882618668111527
 0.000554690714234668
 0.0028960980864465163
 0.0028072081774485197
 0.003228236273555188
 0.004725238141901053
 0.004182567989828245
 0.0038831614732182385
 0.003986075584488963
 0.00363520945268489
 0.003922910363970619
 0.00307148252073354
 0.0028773343079295105
 0.0036960048850811084
 0.0024796815886498624
 0.00012422953769579415
-0.00024301010803363943
 0.0013990143122227239
 0.0017522092792099514
 0.0012165563473909013
 0.0009709485193928474
-0.0007482755618893472
-0.003272140898933004
-0.005690747932170656
-0.007307052783064746
-0.006345698727420565
-0.005555097031283929
-0.006163261239058235
-0.0056510092796530215
-0.005679083279785335
-0.006378471350858186
-0.0067550672902592646
-0.006079080191600278
-0.0018009200293578748
 0.0026596878594816187
 0.0036725015303198244
 0.003733312320068155
 0.004044403965532989
 0.0038479166793110586
 0.004367185858970002
 0.005981141398211431
 0.007148333914631794
 0.007108564547409935
 0.006208016162396718
 0.0054899155039805775
 0.004395224025280711
 0.002949671533894166
 0.0024982252451199033
 0.0038361701210477966
 0.004886408966572595
 0.003171863032126243
 0.0017824483027695653
-0.0003016712317067821
-0.003480477125765616
-0.0028348979815394637
-0.0008654032827755259
 0.0007532304033017329
 0.002622144945095495
 0.0031273796842469642
 0.003714481993025334
 0.004296906154967875
 0.004865295876402942
 0.005571690929494791
 0.0035834734051528178
-0.000711070509249706
-0.004848896504652173
-0.006228954940337206
-0.0041214549099165
-0.0022080979731824296
-0.000984767694732186
 0.0017145179104200853
 0.0036068231863929656
 0.0027507171963200433
 0.002434937165784648
 0.0034079865885183885
 0.002360076578176745
-0.00048658089053867093
-0.002315741422462686
-0.00194617294155007
-0.0016116905619061178
-0.0021707342279042863
-0.002746151407827857
-0.004172991311871113
-0.0057963133830189195
-0.006596281611061974
-0.006498045646627065
-0.0070126469176849116
-0.008123711910310166
-0.009220742462427933
-0.011021834113337
-0.010827696138767745
-0.00792491114625718
-0.005202234806925804
-0.0030596486752364205
-0.00040012731818862834
 0.00046064658048534934
-4.693747031876694e-05
 0.0004185330207282095
 0.0001284827977898334
 0.001061767972419081
 0.0022453340027648316
 0.001623135354483038
 0.0018172733290523074
 0.00010506646802387054
-0.003656168707094884
-0.004261993841451275
-0.0029942211680607095
-0.0027837096795660793
-0.0021077225809070788
-0.002636358292472399
-0.005106424940904117
-0.004982459168872175
-0.002767361761227563
-0.0020118461663595766
-0.0013335199942826614
 0.0011458927095859411
 0.004149257859066682
 0.006399441367979999
 0.007367812643877897
 0.007108170375372369
 0.006083651099209858
 0.004843937068599494
 0.003541068055705532
 0.0025376004403042107
 0.0023224005667389913
 0.0019855688754423922
 0.0019177306272055994
 0.0017867373966851952
 0.0006803505508957836
 0.00020083538110658716
 0.00011194547210859052
-6.115107993422131e-05
 0.0007692148643069219
 0.0016954828186824256
 0.0018100922970427091
 0.0019270408488208934
 0.003983081264047561
 0.008502165988334837
 0.011744116626442522
 0.011774519461758004
 0.011238866529938954
 0.011847020499478514
 0.01199437700568956
 0.009582787192705639
 0.007224996068333656
 0.006322108609902538
 0.0042122592678291715
 0.0026193451511141996
 0.0038473535764002587
 0.005388797839686446
 0.004696426988867325
 0.004602858933033499
 0.006518554943185498
 0.0070354850494265125
 0.006939577920174786
 0.005737289064250986
 0.003248509828475993
 0.001905876567477538
-0.0009992577366856742
-0.00412894308896837
-0.00519088753981746
-0.006739359261592123
-0.007953343484605455
-0.007144029201125515
-0.005656383626451308
-0.005006126335389327
-0.004437736613954246
-0.0033313600063995807
-0.002498654988740523
-0.002255396472395116
-0.001951322047184026
-0.0024238199967194785
-0.004437767328658471
-0.005600291936477764
-0.0053383208327890674
-0.004416731025249379
-0.003467072336694771
-0.0030554005342597473
-0.001109296569674928
 0.0008601981290890237
-0.0004800960584915165
-0.001090599339683751
 0.0007923496426174848
-4.2704686694219895e-05
-0.0025034150414542794
-0.002274190965616346
-0.0009713321909571165
-0.0014461692139104837
-0.002975928348341844
-0.0030858699181010446
-0.0038250222372784026
-0.006136031893292135
-0.005808566733901913
-0.004168881387063464
-0.00404023746819572
-0.004788746081044695
-0.0056846163192221105
-0.004341993296458388
-0.002229815119201853
-0.003193518486498681
-0.005967664679258855
-0.007029609130107958
-0.00691266057832976
-0.007076400836700927
-0.005733777813937219
-0.004337356102561529
-0.004449636745738644
-0.005322116249736941
-0.007120868827228094
-0.008886874376868498
-0.009754675734030965
-0.00906231512144659
-0.007937225926548622
-0.006779389703799904
-0.0032029515669308867
-0.00033291360227108435
-0.000936399663209575
-0.0009410829291627704
-2.4171268458925144e-05
 0.0016927035011706087
 0.004667999769636416
 0.005388429263235725
 0.005220010858028742
 0.005531102503493576
 0.005432856300823921
 0.006398888503303932
 0.006440986705708959
 0.004438734740859512
 0.004174414325518169
 0.00546557773308784
 0.004492518072119353
 0.0030025231857924856
 0.0031592359856751767
 0.0027849791196919993
 0.003203668142380753
 0.0048620660765625046
 0.0036878461016536385
 0.00044822429872912184
-0.0012686607091351443
 0.00014413451616590578
 0.002948678425124196
 0.002480858622424559
 0.0008949617259633308
 0.0022913834373390063
 0.003905338976580422
 0.0047590956550006835
 0.005343858890361139
 0.0041579435483627275
 0.002403633365811897
 0.0019708996643809373
 0.0025463066060697342
 0.002560335927459842
 0.0017229425247302227
 0.0005838086510900342
-0.001383357212490735
-0.003175092569728158
-0.0037458316028158994
-0.003373924048485369
-0.0031259873853041326
-0.0039587026411979365
-0.004999595431285836
-0.006024114707448361
-0.005953947624028386
-0.004994932641802119
-0.0047797430064716595
-0.004608995766081508
-0.004255800799094267
-0.0033084811839575595
-0.0031962107790151906
-0.004265172450118024
-0.0043400279186085605
-0.003783333564263039
-0.003598551883365414
-0.002831340921407882
-0.0004010487593154033
 0.0003965701570749769
 4.5704025270904e-05
 0.0010982819442136305
 0.0016760279593203559
 0.0018561314933821377
 0.0025367967388769674
 0.004132039690775108
 0.003954264991896467
 0.001224561194076615
-0.0003753701428921008
 0.00045265672793114164
 0.0018865036139933955
 0.0019987740189357645
 0.0035753043834906156
 0.005633683872135198
 0.004901548773211584
 0.00415771830719841
 0.0032945950968717858
 0.0002608117547234362
-0.002141421764588841
-0.0028057237343930147
-0.00391211058018244
-0.0033624334460906485
-0.0008222048333563353
 0.0008642619818403363
 0.002106304847633869
 0.002808021753889889
 0.002019748892936407
 0.00010170357113177542
-0.000812879254388929
-0.0010678433760586276
-0.002281827599071959
-0.0030233189916672176
-0.003477104353859381
-0.003140282900797528
-0.0019964811185562703
-0.002810483787106771
-0.003493498344254234
-0.0019122898328635812
-0.0009626311443089591
 0.0005203362835294462
 0.003446512010219102
 0.003551765194907741
 0.0015986337718344457
 0.0006396085513734329
-0.0002632789070576985
-0.003014034365638754
-0.005792858705234771
-0.005827949925620801
-0.0057273748877679775
-0.0066185669791095775
-0.007336667637525704
-0.007521459556658075
-0.006854828751670719
-0.0057624865846235135
-0.004319283404889615
-0.0036245837188873253
-0.0027334018657804854
-0.002080805501300617
-0.001224709749462441
 0.002169280660809486
 0.003476817582304531
 0.0028546189340227512
 0.003317750351651827
 0.002775080199579033
 0.0018394457132971387
 0.001493257728328895
 0.0009061451813157789
-0.00013240853535420594
-0.0010399741406211527
-0.0017884827534701553
-0.0018586600751248489
-0.0016762174676451524
-0.00316621235397202
-0.005194194126418486
-0.005325187356938904
-0.004410614769652946
-0.0036387256608595847
-0.002408378162155611
-0.0028036866888999923
-0.0048573982689434775
-0.004768518598180227
-0.0030797127095656407
-0.0015499638133690125
 0.000382105710708347
 0.0018042572296810555
 0.0018650680194293723
 0.0018837754876552953
 0.002639291082523268
 0.00407547704200345
 0.0057315359027672735
 0.005375991624127385
 0.002695408368083671
 0.00046158813486099626
 0.00010604385622110801
 0.0009481051675517965
-0.0001395690908943259
-0.0028950026963112108
-0.0037417523927124746
-0.004483243785307733
-0.006244571188112308
-0.006929924818677699
-0.006621172246630766
-0.007559145806330575
-0.00909592216101568
-0.00902341600417779
-0.008852668763787624
-0.00901874809557672
-0.008274927867798279
-0.006459812014616484
-0.004979183660196007
-0.003966369989357774
-0.002109150814653571
 0.0007702434436778621
 0.0021198836866953147
 0.0008591179953237466
 0.0017128746737440081
 0.0023257067901193973
 0.0016450313063898353
 0.003266004065884995
 0.003546687756916994
 0.0027981791440679915
 0.0024987726274579847
 0.0020309528247583614
 0.0014087541764765676
 0.0011374165408814946
 0.0018040473458688505
 0.0008263095380645347
-0.00015376734315765417
 0.0005432714162625363
 0.0010812531832647548
 0.002248445699685131
 0.005034277021300132
 0.0073289029251537435
 0.007436495183260297
 0.007048203876769646
 0.006959313967771635
 0.007015446610684151
 0.005911398838312626
 0.003909146873463193
 0.0031629773340321188
 0.003116190746556516
 0.004540681338947125
 0.0054622711464868134
 0.0033079794094731246
 0.0018530706244149348
 0.0016823131457900375
 0.0011022178190306514
 0.0008449146239430522
 0.00015020469970601635
-0.0009748947334266983
-0.002331562434932613
-0.003653144035169864
-0.004375922840421834
-0.004135003397494341
-0.002710512805103718
-0.002768994759668894
-0.0036999510991149454
-0.0031058315700828593
-4.8667731990151286e-05
 0.004585031589774774
 0.006432894470807318
 0.007258582268212646
 0.008940370936573502
 0.00890060156935163
 0.006711223731069291
 0.0036400152142343767
 0.0022084971633552775
 0.001642436277103379
 0.0018810166466129707
 0.0030107839883467408
 0.0024049588539903494
 0.0018833403626787731
 0.0022365353296660007
 0.0006576556534585026
-0.0014475155417790347
-0.0003130700532094355
 0.0008400880227034668
-0.0005259359724740925
-0.00031776355739737694
-2.0706352440003073e-05
-0.0017563039476475723
-0.003421729340317786
-0.003515297396151598
-0.002025312748059477
-0.001211320317743722
-0.0007715796342937509
-0.0003201435837542621
-0.00033418314337908817
-0.0009096003233026312
-0.003155115923614865
-0.0040252563541952335
-0.0028299949567599236
-0.0026405351290264972
-0.002710712450681191
-0.003826455590142261
-0.006560837534797942
-0.007150289155228959
-0.00480654270959921
-0.00218444652723801
 0.0004587013158843939
 0.0025147417311110476
 0.0010808846068140476
-0.0013143316922444859
-0.0013751527202275626
-0.0007248954291655813
 0.0009592323126131896
 0.0008937331377942975
-0.002769260953772182
-0.005201902427517294
-0.006380800549261975
-0.006450977870916683
-0.004844039551928983
-0.004858079111553823
-0.00563699567883566
-0.005206611289057347
-0.004469808281532664
-0.0037400224942616966
-0.0017775450157514888
 0.0003018861336542833
 0.0006270122196265909
 0.0010059369942108515
 0.0014129306498100458
 0.0005848935407520711
-0.001429053791186935
-0.002200953138215042
-0.0002782399078093134
-0.00014257876868783992
-0.0014524650018355317
-0.0012489707335946176
-0.00024083520959222726
 0.0020257218132464644
 0.005417373150100491
 0.008104963388163189
 0.007999699965239818
 0.007159967489092298
 0.00711785904845251
 0.007683909696469676
 0.008808998891367659
 0.007138895351861602
 0.004170606065414792
 0.001574229452415879
-0.0010268253074188632
-0.0022220969430889054
-0.0019250397381315593
-0.00015436627989005858
 0.0007391546466346821
 0.0015788768845474699
 0.003223240378221748
 0.0031249941755521066
 0.0016373383626431398
 0.00011459644846550932
 0.0007718709597812207
 0.0031249736990826144
 0.00492137696492112
 0.00519738250911729
 0.0038804790557158547
 0.0027062590808070164
 0.0018782219717490417
 0.001513321399437495
 0.0005753478397376999
-0.0018081730922312883
-0.002842048662065458
-0.0024607848140632826
-0.0020982335534043967
-0.002063152571253113
-0.0027999658170125286
-0.0024163628955924665
-0.001345072389306451
-0.0016398007590806424
-0.0011111752857500684
 0.00010045962561062993
 0.0005448784558964026
 0.0007436945773014875
-0.000561513509010389
-0.0020982898636954794
-0.0024351215549920924
-0.0017474390892435326
 0.0004770146120727514
 0.0017751952398961518
 0.001700339771405615
 0.0016699266978554006
 0.0007787346065138145
-0.0014667809937984055
-0.004624535227096022
-0.006332063941288657
-0.005356675445137002
-0.004222229956567403
-0.003752081318684597
-0.0017475005186519815
 0.0008418486358584554
 0.0026639817092939944
 0.005711789253715058
 0.007412290509419189
 0.00545214186609215
 0.005192499597586636
 0.007503499015365622
 0.00822860665580076
 0.007786516660698156
 0.005606495116087434
 0.0009938372168489806
-0.0011323856391497605
 0.0005283513684498919
 0.0019130777127360082
 0.0031106781835892328
 0.004600662831681354
 0.0042076933783548875
 0.002453383195804043
 0.0009797618234025501
 0.0008698202536433497
 0.002247529377675722
 0.0031761364054691543
 0.0010499135494704132
-0.0021101797572451453
-0.003738179975228781
-0.0044679760007344665
-0.002047040132313646
 0.0009142216956446875
 0.0013446060854230002
 0.0015410831334101704
 0.0013539521408599126
 0.0016322967584739834
 0.0019106413760880542
 0.0018240905405079721
 0.0019129702112712227
 0.0008837727882728824
-0.00050798101450171
-0.0018342407615747902
-0.001960555845259379
-0.0004027380680478171
 0.0011387061952383426
 0.0016883833293301342
 0.002553835374839955
 0.00418650350142466
 0.004546715688665645
 0.005964189060802524
 0.00757814460004394
 0.007117342017598047
 0.007145405779495614
 0.00642028790082573
 0.0054004467714990345
 0.005557159571381726
 0.005508033910488208
 0.0040250562444150845
 0.0013748809428042047
-0.0008893472448513046
-0.003106793964148591
-0.005090333341654749
-0.006718333559638384
-0.006662200916725883
-0.0047956254483500355
-0.004587453033273306
-0.005359352380301399
-0.004435423499343824
-0.0038389648968937956
-0.005668125428817811
-0.006061094882144291
-0.005017873256873209
-0.00583889314567744
-0.006114908928108356
-0.00545529534337473
-0.005740667419477277
-0.005429575774012457
-0.003747787105651601
-0.0021946474752758544
 7.190954756280954e-05
 0.0013373431475354608
 0.0002566861093430822
 0.000965420235852818
 0.002794570529542087
 0.0031664780838726175
 0.0018589309241428265
 0.0007665785188608748
 0.0008461018959524808
-8.017629665775516e-05
-0.0012567353449845081
-0.003317464145281751
-0.005261239274683402
-0.0057337372242188545
-0.006107994090202046
-0.004054292748393279
-0.002798215442092286
-0.00435370438412068
-0.004386456531088809
-0.004634403432504763
-0.005588750506129961
-0.004749028268217173
-0.004328000172110491
-0.007095129144616949
-0.010290308552601157
-0.010942915155315772
-0.009504390122417702
-0.00583672812225014
-0.0025175880613513696
-0.0016614923095132211
-0.0026251956768100354
-0.005076549737898464
-0.006082356426717686
-0.004159643196311971
-0.001366794654443254
 0.0018190182216345774
 0.004389654788801739
 0.004310121173475373
 0.004501920074626728
 0.006048042484748731
 0.0068947819429152485
 0.008447921573290981
 0.007926303081979405
 0.004064487749890461
 0.001631846276145335
 0.0009722224531769769
 0.0011125617391342796
 0.0016692560934798012
 0.0009441382148099309
-0.001706037086800949
-0.004279022965620757
-0.003661512702409553
-0.0006534694060929824
 0.0017230240673875435
 0.0021393740166583686
 0.0014797501936900243
 0.0012575330998710749
 0.001526521423813501
 0.0016738779300245477
 0.0027779154641613124
 0.003914700026148826
 0.002078522273971095
 0.000368654486360559
 0.00010667314443711662
 0.00020724818228994024
 0.0021673865873822334
 0.0037696467595341038
 0.005021045918999281
 0.005877141670837457
 0.005741470293481224
 0.006447865346573059
 0.006578848338858731
 0.005290013766472229
 0.003566111538354233
 0.0038655078167294937
 0.005268946748358913
 0.004852586560853328
 0.0046046396594373595
 0.003912268808618238
 0.0017252300437538143
 0.0011942552587705657
 0.0015006687573995703
 0.0008714528888640743
 0.0015591353546126202
 0.00245031720771946
 0.001895951688557107
 0.0004644336376780078
-0.0009647453397831629
-0.000997497486751292
-0.00040571703113710667
 0.0009930437536564835
 0.0020947422143753475
 0.0012386362243024251
-0.0006536792899051874
-0.0026489140345009043
-0.00366173794357387
-0.004131896819691408
-0.0033436341969726724
-0.0005811936095367898
 0.0010187274891971798
-2.6843447726562775e-05
-0.0013297124606205246
-0.0015028090126633226
-0.00105839018237755
-0.0009461197774351809
-0.0012431872206272732
-0.0014466917271029472
-0.0020852638893100878
-0.000981226355173323
 0.001561341330978877
 0.0021577999334288916
 0.0029250108953864373
 0.0041740709814337
 0.003851273730644575
 0.0025179967633177647
 0.0003870957604831804
-0.002181211971500799
-0.0035051326451559783
-0.003039662154108988
-0.002875932133972567
-0.0009649142706564112
 0.002183473430734842
 0.001825590078677039
 0.001528522635484933
 0.0022232223214872227
 0.001823235647907026
 0.0006677282603414492
-0.001842102636194734
-0.0028175013705811214
-0.003149654915041905
-0.003764836343069941
-0.001977789370903066
-0.0007076776240946131
-0.001250347776167407
-0.001105330343374275
-8.783852570022621e-05
 0.0007167976109438839
 0.0015588589222745863
 0.0022558976816947768
 0.000721460400427601
-0.001538089640392093
-0.002272563812733608
-0.0009954348456714113
 0.0009132439442268298
-0.0016293339801601164
-0.005481793018577402
-0.005755469727590404
-0.00556600989985695
-0.004003513975809572
-0.000558063950343593
 0.0016125910623607242
 0.002761070991437811
 0.003778562809111846
 0.0050042321609800045
 0.00649421680907214
 0.007107048925447515
 0.004732884287150185
-6.083576655505074e-06
-0.0033205557289531784
-0.0053415202811459145
-0.007046709921920635
-0.007149634271426106
-0.0058046721752444685
-0.004632801511988277
-0.005285408114702905
-0.00643155920859681
-0.006707574991027726
-0.007123935178533297
-0.007519243705277678
-0.006660808880021601
-0.0043755392698396345
-0.002403705497657768
-0.002782640510476775
-0.0034726722878779814
-0.0025019619385621555
-0.0015990847183657703
 7.100858290552681e-05
 0.0017387628107589231
 0.0012148052460294184
 0.0003399866686132208
 0.0017270520863172378
 0.004947951063663747
 0.0047654982179492905
 0.0015235373416068454
-0.00022843376752608446
-0.0017137505070171227
-0.0026259942591199126
-0.0015196176515652332
-0.0013675829985183713
-0.0038961264823978714
-0.004960410006664875
-0.00266578410281125
 6.390945677385573e-05
 0.0030415447986575778
 0.005282372013899236
 0.005553699411259577
 0.00568000425670942
 0.006465927806010255
 0.007422603714818593
 0.007831936443835702
 0.006699819790449257
 0.0037198351369128885
 0.0008965684023765769
-0.00038524894975619506
-0.0009419535423364489
-0.001847180074185495
-0.002532533704750886
-0.0022401546466293415
-0.0019571318821794415
-0.0013817249404906307
-0.0009302888899511141
-0.0006098409508146357
 0.0019467611758450382
 0.005988674922878398
 0.008585041297642579
 0.008704328922838678
 0.0070412426035863784
 0.0048214568108711775
 0.003787581241037008
 0.004690458461233407
 0.005254170035832659
 0.005544210020536289
 0.007263423863583723
 0.008563943564825025
 0.008280910562140392
 0.006447071883380562
 0.004283423852695228
 0.0017829492498306898
-0.0011268632011683377
-0.0013537584418231163
 0.0006438051379557691
 0.002472955431645038
 0.0021478191074379843
 0.00030696320842442393
-0.00019594269554386312
 0.0005969980740106878
 0.0023021774765506625
 0.0038155528588219023
 0.0034038708181521327
 0.0019887262811984358
 0.001471785936722661
 0.0012565860631574416
 0.0011560007870698996
 0.0009595135008479694
-0.0015994379374643652
-0.004883502135329204
-0.0052437245608049216
-0.003180666925324524
-0.001318769603784492
-0.0012322290064391561
-0.0020579270420792023
-0.001835720186494999
-0.0010802045916270264
 0.0007863708767488209
 0.0040704248363789275
 0.005691397595874087
 0.005742852091950759
 0.0062410696108485125
 0.0066082990183432
 0.0059439970485390264
 0.004610720081212216
 0.0027675251087807273
 0.00146699516930468
 0.00017348245008236285
-0.002104780178080634
-0.0032252014643775057
-0.0033842635759128575
-0.0031527004266570097
-0.0020860880672068094
-0.0005961034191147019
 0.0007816057049176983
 0.0009523529453078494
 0.0017523109351161442
 0.004341660089626581
 0.005310031365524506
 0.004493689623556077
 0.0035065955220801442
 0.0018996469648577125
 0.0016142748887551517
 0.0028493005342949546
 0.004786048205208143
 0.00586903407858369
 0.003347507814957948
-0.00017280279811593413
-0.0019060613199055887
-0.0016113431883661294
-0.0008371150061548677
-0.0006920975733617357
 0.000491468456984015
 0.001349903282240092
 0.0010200888111972228
 0.000760446542691709
 0.0010294348666341213
 0.002390770476741147
 0.003988352502057188
 0.005789433914731523
 0.0067718396311368945
 0.005468970618242933
 0.004004705539513084
 0.0033170128355297923
 0.0032234447796959803
 0.0032304568808323303
 0.0027205337566102994
 0.0029053154375079243
 0.002662046682927771
 0.0013381260092726055
-0.0001635642441438212
-0.002600883864724776
-0.005473271141037225
-0.008801777733842386
-0.011531481531662238
-0.012167714620451478
-0.011468336787613387
-0.00931873343567026
-0.006916510154592714
-0.006467413177471126
-0.0076229205650366755
-0.007255691157541974
-0.00500316857521077
-0.0025401293852675283
-3.732594721980731e-05
 0.0016023593996186414
 0.002561374381844908
 0.0019766009082497205
 0.0005965424725646734
 0.0009941798344922231
 0.0021871021585096184
 0.0030057727356612024
 0.0022034654342002608
 0.00034857509467921266
-0.0004654275738712882
-0.0003133929208244124
 0.0011157758184020122
 0.0028256333677778023
 0.0015601895295704188
-0.001499323620174936
-0.0010853127443220117
 0.00037426394933727514
-0.0003227850483176753
 0.0005683968047891785
-0.0006689781524032712
-0.004902706157940112
-0.004921423864400767
-0.002678257575741194
-0.0018853168061866432
-0.0004842169479751385
 0.0019975348293113926
 0.0022548277861642457
 0.00022216786688196433
-0.0009497130346089733
-0.0007415406195322438
 0.00021279621585820752
-4.68460526473341e-05
-0.0013310024781980068
-0.002130970706241034
-0.0033215641950752606
-0.00384786083322268
-0.0023531980382947154
-0.0009661326205906984
-0.001069056970096155
-0.001293613137333005
-0.002767234509734512
-0.0038478915479269044
-0.0017357133706703554
-0.0005240784593096848
-0.0014176096240691716
-0.0028117025002616647
-0.004210473523290015
-0.0031578956043472883
-0.00012880064726951412
 0.0006664791957029376
-0.000631711670355195
-0.0009545089211443342
-0.001721730121336612
-0.0020983260607376902
 4.893821778750862e-05
 0.0011108724304018658
 0.0012558898631949977
 0.001901469007421136
 0.0007740305008705345
-0.0004727007499935598
-0.0017849260565591801
-0.003059726188438208
-0.0013475295656445035
 0.001798519062328821
 0.003969174075033138
 0.00391069212046799
 0.0028066443480964792
 0.0025142550517402024
 0.0024721466111004287
 0.002350509674251669
 0.0024464065652686634
 0.0024534186664050273
 0.0006967694104362543
-0.00048680685814422864
-0.00023419204812719085
-0.0015370610610211527
-0.0019627775421983684
-0.0006154763725988444
 0.0005540552172394464
 0.0014171681893313526
 0.0017399552018857317
 0.0014545831257831848
-0.0004026462871557501
-0.00212654851527376
-0.0012704527634355978
-0.0007792524647915883
-0.001988558540969118
-0.002498481665191135
-0.0028119226223086158
-0.003174484121202248
-0.0011886159085129216
 0.0016486750282961177
 0.002689557580149271
 0.0034193433674202245
 0.004179537109124026
 0.00449062875458886
 0.004918674070949258
 0.0037888964909807282
 0.000996037710877265
-0.0005220260564645363
-0.0010763915756269032
-0.001726659104923603
-0.00079571300371227
 0.0006942716443798513
 0.0009445473809789884
 0.0007761289757720058
 0.0005492337351172272
 0.0005796365704327094
 0.002436855745136926
 0.005592260666781895
 0.00740035929970996
 0.007554733026174737
 0.0074120444285647735
 0.006277588701760428
 0.0026894449595671194
 0.0005211187820459567
 0.0015269152326304603
 0.0020929658806476126
 0.0026941026299334425
 0.0022520126348308522
 0.0005748918750710652
 9.77157786997973e-05
 0.00047430147986614324
 0.0015783390140028941
 0.0009584794391390428
-0.0011116056548298309
-0.0035582815690824304
-0.0068938053821413214
-0.007787336546900808
-0.008484385544555745
-0.009703047914404905
-0.008121839403014225
-0.00710434758534019
-0.006419004193009545
-0.005183978547469742
-0.004987501499482572
-0.0050225927198686154
-0.006781581049255289
-0.008138248750761218
-0.007193268209042411
-0.006327816163532618
-0.0054997892927093756
-0.00451504450288609
-0.0030320770750476983
-0.0009292551914628078
 0.00162734693519688
 0.0043710749352894596
 0.005131268676993275
 0.004492696514786121
 0.004071658180444707
 0.0026775653042521996
 0.0018659017091196134
 0.002827255764763781
 0.0025161538810642148
 0.0003010462351848431
-0.0015702176182615796
-0.003457854985633377
-0.006929045056931107
-0.00909035401419854
-0.009237720758644319
-0.009904361801866421
-0.009298546905744748
-0.008096268288055708
-0.00815475024262087
-0.007616768475618638
-0.0052566485160635
-0.0032848147438816477
-0.003336279478193066
-0.002056811437712955
-0.0001153856199639508
-8.03046378126393e-05
-7.812607210194722e-07
 0.0005652693872961329
 0.0005816377821041413
 0.0006611611591957611
 0.0013909469464667007
 0.0016108147286330032
 0.002396738277933838
 0.003011909467727128
 0.0015546616092510235
 0.000752354307790068
 0.0014330195532848838
 0.0022867762317051454
 0.0012014410466769238
-0.0017574919460982413
-0.003696588928664077
-0.004274345182005548
-0.003923489288436222
-0.0029013193239263435
-0.0022019414910882523
-0.0029925534254596348
-0.004601841056099981
-0.004737512433456215
-0.0035024867879164118
-0.0025996095677200126
-0.0008803957246725919
 0.0014563335007034411
 0.0011686223511829796
-0.000894445522532164
-0.0023704059683515716
-0.0016125513000656705
 0.0015101065937285357
 0.003535739054522369
 0.00372753795567371
 0.0017627111655108552
-0.0013225317918315327
-0.001366979305889221
-0.00031674046036440917
-2.903954907869377e-05
-0.00010623409098714509
-0.0013553044152691401
-0.0022184276255957786
-0.0012102921015933882
 0.0011498278579617494
 0.0017252347996505601
 0.0003872796854879207
-0.0009927787501971125
-0.0034955924264795796
-0.005369195353343903
-0.005001965945849202
-0.0033739759661002983
-0.0014816706901274318
-0.000833752472483365
-0.00031682236624235027
 0.0007497899932078361
 0.0018772182615237193
 0.0044384985350192085
 0.00710971525915656
 0.00750033540083038
 0.005320313856219658
 0.002702885582459555
 0.0018795266202374095
 0.0014023505238661138
-0.0002467013548787117
-0.0019238221146384848
-0.0021109531071887705
-0.002800984884589977
-0.00440325529497658
-0.004548282966004458
-0.003423193771106489
-0.00170164085464114
 9.944055803318141e-05
 0.0018818093833642274
 0.0010280424667092336
-0.00165020171591658
-0.002917984627541878
-0.003254816318838477
-0.0012011149770297241
 0.0004432485166445538
 0.00042219173676597
-0.00014386914948592844
-0.0015403010990963362
-0.0006444410991536947
 0.0011075197717445029
 0.0018466618526871148
 0.002096937589286238
 0.0018677032752135725
 0.0014232742066930537
 0.0011004769559039146
 0.0016407977963240616
 0.001458344950609619
-0.0003474248471352914
-0.0007824976219841656
 0.0016735243477053463
 0.0031003540135138563
 0.002772878615888902
 0.0029716947372939867
 0.002632523972579487
 0.0018957107268200574
 0.0016220340178070558
 0.001982246205048027
 0.0026512160834532977
 0.0033248641086943698
 0.003647651121248763
 0.0029833491514445892
 0.0020828007664313586
 0.0010208563155822553
-0.0004317133960580338
-0.002062052687459584
-0.002272574414188974
-0.0013977660750075088
-0.002155630981528156
-0.0037134589969744503
-0.005353154582047631
-0.007105125691180575
-0.008508574861044726
-0.007963575873788764
-0.006417453463666775
-0.006864221605605195
-0.006817445256364352
-0.005647913666526061
-0.004111147550075703
-0.002160365438655054
-0.00054407082599571
 0.0010160860246337666
 0.0014651830017553547
 0.001118995016787111
 0.0009575938318338723
 0.0007377158114328236
-0.0007335664875507547
-0.001900769242205863
-0.0017417173689052712
-0.002813018113426005
-0.004216467283290157
-0.004604758589780822
-0.00416969605316668
-0.0040340349140451925
-0.0035404955419832823
-0.002195533445801645
-0.001825964964889043
-0.0007710479725284158
-7.634828652612613e-05
-0.0008576039272258779
-0.0010470739931940642
-0.002006099213655063
-0.0027241998720712174
-0.0012669622518298312
 0.0002534303506951524
 0.0014463526747125338
 0.0032497731608047836
 0.004655551165852104
 0.004870740801182563
 0.005312820558050435
 0.00599816395038108
 0.004837978415979702
 0.0038555624613395845
 0.0038228103143714554
 0.0033456342180001736
 0.0037596450938531117
 0.0032731127038101854
 0.0022883576757521534
 0.0024123234477840816
 0.0018252109007709655
 0.0016217063942953192
 0.0015842761004913747
 0.0013129384648962739
 0.002346803796495711
 0.0036730533053340453
 0.004002857538142168
 0.0035584284696216495
 0.0024824495782650863
 0.0018345211223862734
 0.0023561293754631313
 0.0008988815169870268
-0.001248392999772932
-0.0010332033644424587
-0.0007642150405000325
-0.0007221168380950049
-0.0019010149598396725
-0.003641290701883043
-0.003907950190642315
-0.0046307289958942704
-0.004186310165608498
-0.0023010221098893613
-0.0012063408694242272
 0.00026025304448877573
 0.0017876628672674894
 0.0030928607153446336
 0.004412093003929224
 0.00466704688736419
 0.004220278745425771
 0.0043489226642935
 0.0038764247147580616
 0.00135022030429649
 3.331685089504044e-05
 0.0006344536001808843
 0.0015466871140489141
 0.0034132625824247614
 0.003876394000053837
 0.0023279222782791875
 0.00055489950838504
-0.00022869520573261248
 0.0007326588499115688
 0.002044873918242429
 0.0028822570827373023
 0.003200365948455866
 0.0022647314621739717
 0.00026014042390662406
 8.2365725027983e-05
 0.0017945623478216877
 0.003092742975645102
 0.003932465213557876
 0.0035956335222612767
 0.0023559194916509263
 0.0012939750408018091
 0.0009056837343111718
 0.0015536019519552385
 0.0027699150101517384
 0.0033476610252584638
 0.003761671901111388
 0.00403533837188963
 0.0023582176121298704
 0.0015255023562360803
 0.002302069611865243
 0.0015512219255983534
-0.0005679837101466717
-0.002647425097787176
-0.003164365442262951
-0.0020182245866037923
-0.000687296930929629
-0.0006264861411812983
-0.0012510238628809928
-0.0018170847491328912
-0.0034146770126836784
-0.004953792440786697
-0.005466054638426643
-0.006106965874051698
-0.006811032091960378
-0.007026231965525584
-0.007360724583404268
-0.007061328305029008
-0.0054122866645189005
-0.0038685033278148123
-0.003751554776036628
-0.005274296690214245
-0.0051573481384360464
-0.0028440096472391457
-0.002076798685281614
-0.002004292528443738
-0.0017586949386804163
-0.002525916138872694
-0.003611251323900916
-0.0036065782961824666
-0.0018592955721200843
 0.0006271343520022482
 0.002383773369736275
 0.0024866874810069994
 0.002503055875815008
 0.0032492151770113498
 0.0021732362856547727
 0.000671546032238346
 0.0013451940574794319
 0.001693710877630844
-0.0006664193201590396
-0.0026616540647547426
-0.002039465654707695
-0.002020758186481786
-0.002133038829658901
-0.0015131894930297818
-0.0015529588602516409
-0.0015412686122794478
-0.002516667346665849
-0.002088622030305437
 0.00040014696723481014
 0.0010387088912072184
 0.0011884044708361796
 0.001990701534062389
 0.002280741518766019
 0.0022526675186337053
 0.003370739493277944
 0.00517415997937018
 0.005408062202043942
 0.005819734004478966
 0.005384661229630092
 0.002706417047004278
 0.0012608645556177328
 0.00010769624147007051
-0.001157747596737313
-0.0011811434500337975
-0.0008864253184943383
-0.0017963299971791996
-0.003974012468372007
-0.0035693578861907133
-0.002264160038113583
-0.002091073724305517
-0.0006619049850790787
-0.0002549113294798844
-0.0008537192435825597
-0.0008841323171327603
-0.0008326778210560881
 0.00014738882193136849
 0.0016607642042026222
 0.002856025601637932
 0.003981114796535887
 0.004570556178732171
 0.00357410578358458
 0.0032209005783626066
 0.004399788461872528
 0.004214996542740171
 0.0037191078590256
 0.003910906760176955
 0.0034384088106414884
 0.0028629916307179454
 0.0020887532102719375
 0.0027366714279159904
 0.004224317002590211
 0.0029588731643828275
 0.002891034916146021
 0.003948290981924563
 0.002451278875343965
 0.002472325416987789
 0.004579825447408509
 0.006537624779082901
 0.006953974728353726
 0.006532936394012326
 0.0070428492799996245
 0.005445257016448823
 0.002837185036360365
 0.0021869175070636515
 0.0020231772486924843
 0.0013799269396495006
-7.26427719907885e-05
-0.0014737528684370255
-0.0016515275673156526
-0.0012913153800746952
-0.0021263697093864
-0.0032304174817578968
-0.002098311066606212
-0.0009872563122157035
-0.001560334418721332
-0.0022620615632121116
-0.002294813710180227
-0.001621165684939141
-0.0019392847888924647
-0.0024889721612189886
-0.002355650095515402
-0.0027860447235284608
-0.002554481574272613
-0.0015861102983747016
-0.0012750186529098817
-0.0015674079492661586
-0.0014574766177416904
-0.0010785518431574437
-0.000568638957170145
 0.00048159988835465295
 0.0005447497515208982
-8.914426385044083e-05
-0.00021078120069920048
 3.949453589993657e-05
 0.001026578399141137
 0.00257270080926314
 0.003171498485131069
 0.002900160849535982
 0.0033726485608366885
 0.004109451568361386
 0.004464985608766528
 0.003992487659231075
 0.002713009380516218
 0.001980874281592618
 0.002249862605535044
 0.0012276824027904337
-0.001541785643133911
-0.00247274198257999
-0.002578005405503375
-0.0028657165550238367
-0.0015839094411258109
 0.0006405442601904732
 0.0029889688526560376
 0.003349181039897009
 0.0017001291611521835
 0.0001656918798849799
-0.0013781016950538405
-0.0032423483282465193
-0.005228226779170592
-0.006355665285721207
-0.004779134921166356
-0.002545324926178441
-0.0013664370426685057
 0.0014848883346480074
 0.004191191160053995
 0.004609880182742762
 0.0051221321421479615
 0.0064296690636430065
 0.007178167438257263
 0.007362949119154888
 0.007837775903873495
 0.008289211954413012
 0.00802021339223584
 0.0063080065312073885
 0.00553142903734348
 0.00524137881440509
 0.003912779993914109
 0.004167733877349075
 0.0040344015734107425
 0.0025327113199943296
 0.0007456541095927222
-0.0004659910400027084
-0.00010343977934382242
-0.0005221390402673082
-0.001843720640504587
-0.0028963087976820318
-0.003773466448516144
-0.003200398580245248
-0.001687023197974008
-0.0013525408183300558
-0.00044264637787994054
 0.0015829860829138925
 0.0027127534246476626
 0.002729121819455685
 0.0016741945888603116
 0.00010467120632445814
-0.0005268837356289663
 0.0011712784466572784
 0.0022425689529432663
 0.0009841423349896267
 0.00024732908923019714
 0.0001982034283366796
-0.0005620005516018545
-0.0020894206126153003
-0.0022461436507327376
-0.0009269113621481334
-0.0015023285420716764
-0.0037946256107421333
-0.004274140780531316
-0.0037431762337828273
-0.003680026370616596
-0.0030952631352561405
-0.0028332920315674442
-0.0024029076417891315
-0.0029455777938619254
-0.004596968746024693
-0.004208687677768774
-0.0029409150043782223
-0.0016778204778234995
-0.000480220006970275
 0.000172376357509621
 0.0008694151169297976
 0.0016015399776186795
 0.0026447616028897475
 0.0034049553445935493
 0.002686854686177409
 0.0011617736985818777
 0.0003243802958522446
-0.0008989602208327313
-0.001581974777980194
-0.001100130773007843
-0.0015866631630507694
-0.001193703947959035
-0.0002650969201656306
-6.628079876053183e-05
-0.0003399575077735334
-0.0005036977661446868
-0.0011492871486055711
-0.004136289022395698
-0.005588858734035973
-0.005729208258228022
-0.006248487676121711
-0.005404087291373094
-0.003942171524295893
-0.0030650241116965404
-0.003584303529590216
-0.0030135747347372205
-0.0022136167449289396
-0.0011049010639563456
 0.0017627978272855421
 0.0030750128956164025
 0.00411589544746957
 0.005533368819606449
 0.006473671214489413
 0.006866630429581147
 0.006211684753448618
 0.0055216529760474115
 0.004235157477078824
 0.0035123786718268546
 0.004162635962888822
 0.003851534079189256
 0.0018562993345935391
 0.0009370383622370332
 0.0018773407571200107
 0.000951062564509747
-0.0005038462205484429
-1.0306848486532627e-05
-0.0001132311979920031
-0.0016242777450800744
-0.0037294489403176118
-0.004466262186077055
-0.003041771593686432
-0.0006091403581760524
 0.0018679332722746494
 0.0025135124165008016
 0.0023217032771147006
 0.001757981464280703
 0.0009486569425660174
 0.0017813619602250613
 0.0026842391804214605
 0.002798848658781744
 0.0017743293826192191
 0.000546310719098414
 0.0014328144253694386
 0.0013860278378938357
-0.0001975299851494916
-0.00015309270932653551
-7.590840565284418e-05
-0.0012056859856213742
-0.0013296619958880346
-0.0006092325022887396
-0.00014610108465966387
 0.000857356292506925
 0.0008433167328820712
-0.0007800053382657351
-0.001231451627039984
-0.0009624633030975716
-0.0009063306601850563
-0.0005928999413023078
-0.0016291145845544058
-0.00399860107601592
-0.00491786204837244
-0.004213806068698506
-0.004043058828308341
-0.0035565366765001744
-0.0027776303474530695
-0.0031261574058392277
-0.002199889451463724
-0.00043857228689388184
 0.00018595519657106652
 0.0014747795307228223
 0.0025250183762476203
 0.002756581525503482
 0.004230192659670215
 0.005773975996374317
 0.006492066416555711
 0.007268633672184888
 0.007507214041694479
 0.006206684102218432
 0.0041178864209062555
 0.0022162146130269983
 0.001095793326730099
 0.0012361326126874156
 0.0016384481214507945
 0.0015752880200498032
-0.00019539567642641587
-0.0025297960666192665
-0.0029789032819756145
-0.0022023360263464242
-0.0008339831959856825
-0.0003053577226551085
-0.0005252357430561294
-0.0007380965432034203
-0.0011942209788135122
-0.0007895663966322186
 0.00011564989698208128
 0.0010957165399695379
 0.00234945477285263
 0.002875741172765317
 0.002382191562468647
 0.0023751692230975507
 0.002908472843263954
 0.00298097900010183
 0.003514282620268233
 0.003694386154330029
 0.00303242325794377
 0.0027961717236173605
 0.001986847201902661
 0.000936598118143131
 0.000665260482548044
 0.0016710569331325337
 0.003404305216687442
 0.0033809093633909576
 0.0019002707707357208
 0.00011789170716994257
-0.0005230195284551126
 0.00026524309426360915
 0.0012640223245943688
 0.0015961656308204064
-0.0008481712100142785
-0.003884293625580515
-0.005411713686593961
-0.0054725347145770376
-0.003460936694290692
-0.0027054210994227196
-0.0035124065477194766
-0.003987243570672844
-0.004602424998700894
-0.003795449788638855
-0.0015733351607404855
 8.506277344123847e-05
 0.0008546128088166988
 0.001149330940356158
 0.0012896702263134469
 0.0009154133603302833
 0.0011937579779443541
 0.002342237907021427
 0.0014697584030231442
-0.0001371901541992876
-0.00041086686321228916
-0.00032432626586693936
 5.459850871733507e-05
 0.0010767684732271854
 0.0024802074048566047
 0.002372604908515319
 0.0013340511918453202
 0.0012989599714592903
 0.0015141496067897497
 0.0001247348774330581
-0.002548831158356926
-0.0038353266573255135
-0.004141750394189264
-0.004006089255067777
-0.004062232136215024
-0.004712499665511738
-0.004378017285867786
-0.0036529096454326615
-0.002897394050564675
-0.002350055989890798
-0.0015828450279332662
-0.0005021982279756199
-0.00046711724582430836
-0.001005109251061287
-0.001989864279119319
-0.0025863331198040657
-0.003079882730100722
-0.00453713058857684
-0.004506727753261372
-0.0032810584013932137
-0.0018378552216593014
-0.00036658316091046916
 0.0003655416997783989
 0.0020964509099153927
 0.0033735798769775893
 0.0031981442515168768
 0.0025385204285485186
 0.0008964857700574091
-0.0010589847264338148
-0.0024039570608501704
-0.001349040068489557
 0.0007116784935729259
 0.0008473396326944271
 0.000987678918651716
 0.002777064964236506
 0.003831981956597133
 0.002723256037389793
 0.0008519921839433842
-0.0008438411631596782
-0.002331496976068645
-0.0024718465002606937
-0.001229803634467161
-0.0013724922320771243
-0.002794653989284565
-0.003999281918626266
-0.0042916712149825426
-0.0025631010782634495
-0.000478991782021862
 0.0006835225875626849
 0.0013571706128037847
 0.0012425508962087412
 0.00113728747328537
 0.002524352890989401
 0.0047651801062310595
 0.005932372622651436
 0.005441162085772694
 0.004278637477953387
 0.003345342065089421
 0.0024985923686881573
 0.0012074187228837407
 8.933651000476994e-05
 4.956714278289698e-05
-1.8271105453895875e-05
-0.0002568617131982198
-0.0003200218145991973
-0.0021468432731052978
-0.004317508524044347
-0.004340904377340846
-0.0037631583622341203
-0.002523454569858488
-0.00029666179512431723
 0.0005945200579825227
-0.0006077687979412494
-0.0014241105399096787
-0.00036685447413112304
 0.0003184889181995221
 0.0005079487459329485
 0.0017663651256518698
 0.0032610279205798204
 0.003632935474910337
 0.003387327646912283
 0.003775608715168202
 0.0035346790340059497
 0.0020212934134999777
 0.00036054616766556524
-0.0004534565008849356
 9.154248637104068e-05
 0.0003722261774030122
-0.00038096058228179186
-0.0011130956812053922
-0.0020230003598902674
-0.003690764825978396
-0.00473399668948421
-0.0035176836312877102
-0.0020978711857329163
-0.0022428988567607805
-0.0026803107050275693
-0.0022358918747417966
-0.0007973668418437135
-0.0005681427660057803
-0.0020979019004371408
-0.0034545696019430555
-0.004062733809717375
-0.004376174766834856
-0.004839316422698678
-0.00503346463550268
-0.005304802271097753
-0.004715360888901496
-0.0026593204736748144
-0.001835971749687415
-0.0028581519524320254
-0.0044627614362365425
-0.005484941638981153
-0.004603116079545971
-0.0024909379022894362
-0.0014079520289138614
-0.0024324713050764
-0.0040698278167316665
-0.00502417489035685
-0.006156291543743295
-0.006507157675547368
-0.005475631417365845
-0.004577432344005289
-0.0038523247035701508
-0.004023082182195034
-0.004301437038043865
-0.0025564933873993972
-0.000563607954456341
-0.0006618541571259823
-0.0016115230839153366
-0.0019623892157194234
-0.0017846247550755284
-0.0012443039146553814
-0.0006712360463844852
-0.00032739737306890226
-0.001003394709962635
-0.0011203534999755793
 0.0004889238924300349
 0.0023274304797909484
 0.003082946074658921
 0.0017169220794813617
-1.3997368890378281e-05
-0.0013449352627992878
-0.0015507788426928487
-6.781141485444342e-05
 0.00036491204834177005
-4.676999232798573e-05
-0.0004514348127440254
-0.0006151750711151788
 0.0004046558199767847
 0.001288820452829867
 0.0017051704021007197
 0.0027741218349688207
 0.003419700979194959
 0.0027413645688833116
 0.0023904984370792526
 0.003101571637006903
 0.0026220564672177205
 0.0010010734694878287
 0.0006408510440121112
 0.0011788328110143437
 0.0015975218337030972
 0.0005636462638689277
-0.0005193498477413794
 0.0008349685421119024
 0.0015273291546962636
 0.0005238615392949564
-0.0003579742583749712
-0.0013380511395971878
-0.001588337114431071
-0.0005989141777719698
-9.835758545631568e-05
-0.0015251974894995718
-0.0038315289986775025
-0.004257245479854718
-0.0025076236823744352
-0.0002363885126999421
 0.0011272861708249843
 0.00041152458582675855
-0.00043990325741033454
-0.0008702978854233795
-0.0009241016931527124
 0.001239536099297875
 0.0030920771271662484
 0.0025166599472427054
 0.0005214252026469884
-0.0012679710811725337
-0.002500667891529154
-0.00369593952719921
-0.004376615010928758
-0.0047836189047627126
-0.0042362808440888355
-0.0038994593910269687
-0.0036024021860696087
-0.0014130345860220023
-0.0005101573658256031
-0.0016165442116150286
-0.0016843824598518214
-5.405340668500347e-05
 0.00181953928194456
 0.0030498867806485475
 0.0034779320970089456
 0.0024931770689509136
 0.001632392932042176
 0.0015996407850740607
 0.0021960993875240614
 0.003697779402705756
 0.0037913372203048357
 0.0025258933820974383
 0.0011575303135019643
-0.0006084752361384393
-0.0016493680262263527
-0.0023136699960305263
-0.0028656964417749647
-0.0023511054089518507
-0.0018973302849944196
-0.002945240295336063
-0.003983794012006048
-0.0030084055158544065
-0.0021686832779416326
-0.0022037744983276625
-0.0012821846907879741
-6.353255917355971e-05
 0.0007738506053213134
 0.0013282058862489204
 0.0028602938558634494
 0.004850840215388605
 0.0051034550254056565
 0.004081274822661032
 0.002696538240140184
 0.001096606903171482
-0.0007465880692600069
-0.0017828027125120771
-0.0025383285456148097
-0.003527761720508657
-0.004023650404223214
-0.004638831832251264
-0.004287975938681937
-0.0035184259033064907
-0.002500934085632456
-0.0005501519742117933
 0.0008696604713430006
 0.0015199177624049681
 0.0015292689369592466
 0.0017795446735583836
 0.001770183260769359
 0.001372535660607077
 0.001669592865564451
 0.003035606622507264
 0.004541964784524774
 0.004034380733720658
 0.003538492050006087
 0.0037864287131873092
 0.0036530964092490043
 0.0036039707483554867
 0.0042518889659995535
 0.0056436325305394
 0.005220255122780085
 0.003809788732662203
 0.00357353719833578
 0.003419153233636271
 0.0024039902511454048
 0.0017256538408337435
 0.0012788856988953101
-0.000901135845715384
-0.0029267785447439493
-0.00343670166896598
-0.0027162721753666713
-0.0010836040487819526
 0.0008391091816237622
 0.0031009880576266247
 0.003938371222121498
 0.0035711315763920504
 0.003044834938244645
 0.0029816748368436674
 0.004366401181129784
 0.005264600254490354
 0.005538266725268609
 0.006024788877076789
 0.005458727990824877
 0.003720791322199407
 0.0028062084966787304
 0.003178116051009247
 0.0022190908305482343
 0.0007641820454900444
-0.00044044588385165617
-0.0017690447043426372
-0.002484806289340863
-0.004791137798518794
-0.006905665287427976
-0.006760647854634844
-0.006208631647125151
-0.005527966401630335
-0.004643801768777225
-0.004381830665088543
-0.004552588143713426
-0.002845069667755551
-0.0006907881689766221
-0.0007071668020193628
-0.0017808066199580252
-0.001986650199851586
-0.0008124404631774801
 0.0010658303722879126
 0.0022681089899769524
 0.0015196003771279776
 0.00048338573387589345
-0.0008592475271225614
-0.0021855072741956416
-0.002321178651551875
-0.0024030513402961418
-0.00216447097078655
-0.0030065425203519985
-0.003930481639544334
-0.0020358372901535388
 0.0005324602035956943
 0.0013558089275831076
 0.002139393403466028
 0.0034773382793939073
 0.0026282495095747427
 0.001774482592919735
 0.002618882977668352
 0.002043465797744795
 0.0004926550025522308
-0.0007423808812223043
-0.00195870417765355
-0.002976206233562345
-0.00350718101854558
-0.0032194801072598506
-0.0026534294592426982
-0.0025856014492406376
-0.002721272826596857
-0.002227733454534961
-0.0012617012520549503
 0.00020957080869389577
 0.0016176878871591166
 0.0018048086414746561
 0.002941593203462184
 0.004527479861688666
 0.0037976838361829662
 0.002623463861274114
 0.0026187805953209325
 0.002840987450905136
 0.0027099942203847177
 0.0029672871772375986
 0.002962603911284417
 0.001959136295883082
 0.0013275813539296577
 0.0014445299057078698
 0.0017088400828144668
 0.001105354021875976
 0.00027029969256427144
-0.0001928419632995365
-0.0008665002267753685
-0.00012034092557902665
 0.0015941947706325788
 0.002178958005993048
 0.0026163596160250907
 0.0031730539703705984
 0.0026420791853873637
 0.0035589908460912367
 0.005367089479019288
 0.0038560429319312167
 0.002433881174723776
 0.0016900507087106026
-0.0006022463599598404
-0.0012338013019132649
-0.0008712500412543789
-0.000857220719864285
 1.0570399063436486e-05
 0.0014046530370212112
 0.0018467327938890693
 0.0016058031127268307
 0.0010958799885047998
 0.0002514693655214506
-3.390271058111016e-05
-0.0008666179664749002
-0.00013449310578601825
 0.001839679739813735
 0.0010093035573378595
-0.0004900476226606526
-0.0006444315873601753
 0.0009133861898513868
 0.0023542502961673706
 0.002812703566960617
 0.004819623440411147
 0.006569245237891416
 0.007132956812490682
 0.0066183555414328216
 0.005666347541225553
 0.006880321526004152
 0.007731739131006499
 0.006906041095366425
 0.0058230449837561316
 0.004241826234130719
 0.0029038711199680795
 0.002557683134999836
 0.0026839879804496786
 0.0018465945777200454
 0.000574133519258932
 0.0004220886279773378
 0.0008337604304123475
 0.0005413711340560706
 0.0006653369060879988
 0.0016992022376874083
 0.0014629507033610128
 0.0007261374576015694
 0.00039632298655870035
 0.0011822465358595352
 0.0031283505004443685
 0.0034511375129987615
 0.0036218847533889126
 0.005081461447048186
 0.00616444732042376
 0.006159764054470565
 0.005474410423905174
 0.00491068861107119
 0.004337610504565548
 0.004251059668985452
 0.003299051668778183
 0.0014558566963467079
 0.001376323081020342
 0.0019540690961270674
 0.0015821513035618046
 0.0015306865692503863
 0.0023002366046258327
 0.0021809387411949738
 0.0016265732220326345
 0.0014207296421390736
 0.0008687031963946212
 0.0008055430949936576
 0.0015914666442944786
 0.0024499014695505555
 0.002973848796045314
 0.0031960556516295313
 0.0034977910034227067
 0.00411296219321601
 0.004180790203218071
 0.004250957286638032
 0.004774904613132791
 0.0038392701268509105
 0.0021434367797478343
 0.0018767772909885766
 0.0025223564352147287
 0.0034813714174409954
 0.004087186313562655
 0.0031375173867733003
 0.002419416728357146
 0.002173808900359092
 0.0018673851634953276
 0.0018416502367809423
 0.00157265167460377
 0.0019585936694417605
 0.0018322785857571855
 0.0018860721552517723
 0.002587789061507792
 0.0013504141043153423
-0.0013816287669224242
-0.0034797827419062455
-0.003907838296501376
-0.004516002504275682
-0.004782661993034953
-0.003505533025972743
-0.002350035876641926
-0.002176949562833874
-0.0019313519730705525
-0.0001723738819186249
 0.0008802040370240877
 0.0006883948976380005
 0.0006509646038340283
 0.0005269885935673679
-1.3342485087511347e-05
-0.0008577531080708745
-0.0009068787689643781
-0.0013746985716640014
-0.0023196893516175404
-0.0034635013720935443
-0.0058470223040625185
-0.00692534026883701
-0.006394375722088508
-0.0052014533980711125
-0.001982893494142546
 0.0005877430730246158
 0.0008099499286088191
 0.0004988480449092392
-0.0004344473679547406
 1.464960916686131e-05
 0.0021151324193338372
 0.0028589526471122645
 0.0017432095076512083
-0.0004180994496162105
-0.0013607511561518348
-0.001908099455060458
-0.0032343592021335382
-0.0037606558402809437
-0.004663543298712089
-0.00526936843306848
-0.004457715076170626
-0.0034799875066010844
-0.0020344452534492574
-0.0010099362155214786
-0.0014777560182211158
-0.0018379784436968333
-0.0009280840032466903
 0.0001853098245617052
 0.000489384249772809
 0.0013361237079393268
 0.0018436975205087108
-0.0002684908949825704
-0.003033280794071086
-0.004193466328472478
-0.003912782637440493
-0.004198154713543054
-0.004803979847899445
-0.003742045635285074
-0.002626312734058764
-0.002151485949340143
-0.0013491888861139195
-0.0007176441823952551
-0.0009796255243186835
-0.002198287894167844
-0.00279241766143469
-0.0024345445476116334
-0.0029491458186694797
-0.003171362912488429
-0.00274799574296386
-0.004004083287499585
-0.005592319257378742
-0.005208716335958652
-0.0037655131562247535
-0.0033936056018942368
-0.003372559060250399
-0.0030918753692184137
-0.004071952250440616
-0.005143252994961364
-0.004942097800138379
-0.0047456207521511945
-0.004675453668731219
-0.0032883882510271883
-0.0018592195118007498
-0.0014990073245597785
-0.0012300190006173661
-0.0014452188741825717
-0.002086130109807627
-0.0022147842669101303
-0.0017306011885198508
-0.0008885398771891484
-0.0002195699987839056
-0.00013770754827437115
 0.0002739642541606524
 0.000963985793327099
 0.001873880233777242
 0.002601326947630281
 0.0009195280410346784
-0.0015832856352477886
-0.0025306154886192422
-0.0023458338077216173
-0.0018522944356596932
-0.0010359629319260238
-0.0011108184004165605
-0.0036019367096094546
-0.00531648264405582
-0.005103632082143261
-0.004168007834096113
-0.002299093292302351
-0.0006874768264788361
 5.868247471750576e-05
-4.892002162379394e-05
-0.00039978615342785295
-0.0005775608523064801
-0.0005354626499014525
 1.6553557608239844e-05
 7.502527393865588e-05
-0.0007530118351193188
-0.0013962621441623024
-0.0007600392936077949
 0.0005053943063648425
 0.0012749443417403028
 0.002145074534085925
 0.0025520681896851194
 0.00211933448825416
 0.001681922639987371
 0.001370820756287805
 0.0011860288371554478
 0.00018256122175411282
-0.0011834627734234465
-0.0019904482217202174
-0.0025518309611363144
-0.0024933592448058983
-0.002259457022132136
-0.0025658807589958865
-0.0024068288856952808
-0.0012045502680062409
-0.0007063327491085153
-0.0009917048252110622
-0.0013987087190449887
-0.0021121312306253276
-0.0019273495497276888
-0.0014665572055165416
-0.0005753753524097016
 0.0013169299235631649
 0.0018338600298041935
 0.0016958495790300593
 0.001532109320658892
 0.000257309188779864
-0.0014782884064276913
-0.0029846568066799473
-0.0019882166497671022
 0.0002502714920566418
 0.0012817977502381644
 0.0015414297805089322
 8.652099545074232e-05
-0.0006736829844877917
-3.0442913679568084e-05
-0.0007836296733643722
-0.002100533126765808
-0.0030291503927939722
-0.003132074742299429
-0.0018853537296700806
 0.00021279000707898066
 0.0011881785032306358
 0.00026423938403828673
-0.0005918666060346217
-0.0005521074770474949
 0.0011904971001790443
 0.003555295206570011
 0.004413730031826088
 0.0044698626747385894
 0.003178689028934173
 0.0010477880260996164
 0.00012384890690726735
 0.0004185670384467266
 0.0010267210079863004
 0.0009050840711375269
 0.0008816882178410562
 0.0011740672759626009
 0.00020100761499411424
-0.001476113144765659
-0.0026409768260028527
-0.00340585895277723
-0.004357866952984485
-0.005293501439266393
-0.006013941171100434
-0.0062174456775760945
-0.004280698006662906
-0.0012235341685701978
 0.0001869219833129515
 0.00022434203888214987
 8.633158810801567e-05
-0.00037914914117369303
-0.00033003371851494934
 0.0013119907017414278
 0.0032627728131620903
 0.004743401167582567
 0.006167891759973176
 0.006703534453557508
 0.0045281910557826155
 0.0010686963515744302
-0.0002552243220807354
-0.0003815394057653243
-0.0006528770413604112
-0.0005686755174329622
-0.0012610463682520834
-0.003417677178683673
-0.00478370117386126
-0.0035533536751572725
-0.0011628257611693005
 0.00041838275022136606
 0.0005002452007309005
-0.00022721175135688443
-0.0009991110983849916
-0.0004260432301140954
 0.0012697798787542347
 0.0012697747596368547
 0.00016572698726535773
-0.0004892186888671712
-0.0008728318485220071
-0.0012424105676693553
-0.0006950725069954783
 0.000736435305648861
 0.00042533342194928103
-0.001359384715034398
-0.0028540577481971086
-0.0026645979204636544
-0.001551204092655259
-0.0011301759965485908
-0.0005454127611881354
-0.0011582551157982707
-0.002358204898304128
-0.0016214018907794447
 0.0002264609902531134
 0.001101269329434565
 0.0005305302963468511
 0.0004416403873488406
 0.0011082711923361965
 0.0015105867010995755
 0.0013047431212060007
 0.0007363431615361876
-2.3860818402360318e-05
-0.0004706289603407937
 0.0004065184522585724
 0.0007152710243055055
-0.00017826014045399519
-0.0006671316039148223
-0.0013080428395398913
-0.0011349565257318256
 0.0006099871249126421
 0.0007620217779594901
-0.0010858513413078003
-0.0017127281364253955
-0.0015045557213486799
-0.0014484230784361646
-0.00014322523035903423
 0.001168989837971826
 0.00147306426318293
 0.0013584445465879141
 0.001379491088231738
 0.0022870464552639524
 0.0025420003386989187
 0.002441415062611363
 0.0029770577561956807
 0.0030051215180932483
 0.002946639563528086
 0.002392274044365747
 0.00026839026178490655
-0.0024847042702140776
-0.003612142776764693
-0.0031653848730610057
-0.003165389992178372
-0.0030741712479971928
-0.002154920513875433
-0.0011795320177237917
-0.00017373556713930205
 0.0012975364936095302
 0.0020086096935372083
 0.0017068641035092869
 0.002406241936347378
 0.004006163035081348
 0.005877416650293024
 0.007547509951564307
 0.007657441283088776
 0.0066329220069262645
 0.005255202644659118
 0.003917247530496493
 0.003655266188573064
 0.00486456202651582
 0.006090231378383978
 0.005519492345296251
 0.0035920907298199606
 0.0011500929624031903
-0.00017616678466989
 0.0007664746836310021
 0.0008179291797076743
-0.0006650484863654632
-0.0014930855954234379
-0.0017036073221528142
-0.0013433951349118567
-0.000880263717282781
-0.0011913656009823609
-0.002611188284771901
-0.0033877657786358095
-0.0028614793787231363
-0.002501267191482179
-0.0007212374395690474
 0.0014190096187024354
 0.0020996748641972374
 0.0026446738514532137
 0.0024131004639626197
 0.0018142925498599582
 0.0011172435522050217
-0.0004709924176741348
-0.0016031090710605794
-0.002035842772491525
-0.003310642904370567
-0.004737482808413837
-0.004943326388307398
-0.005483657466962291
-0.006028666692452986
-0.0049948013608535485
-0.003918832707731731
-0.003439327776177281
-0.0024522439129360807
-0.001525975958560577
-0.0009412127232001216
 0.0006820991097129525
 0.002436399054029051
 0.0024387330083295994
 0.0014539779802715674
 0.0010025316914973048
 0.00044582709891705097
-0.00024420467848414174
-0.0001670203748104504
-0.0007541329218235526
-0.0015891872511352712
-0.0009950677221031712
 0.00032182549306353225
 0.0015755637259466104
 0.00288543972085957
 0.0034444731486230062
 0.0026959645357740175
 0.0015053710469397907
-0.00011093380395428565
-0.0015447909282512995
-0.002204414751219644
-0.002276931146292266
-0.002110862052737944
-0.0020173042351388504
-0.0012758230807783377
-0.0007705883416268822
-0.0006746914506098739
 1.5330088556586574e-05
 0.0010655689340813845
 0.0021228249998599263
 0.0016667005642498484
 0.001430449029923439
 0.002857278695731963
 0.0022140283866889793
 0.0011310322750786722
 0.0016713531154988193
 0.0010444763203812102
 0.00037081805690539205
 0.0007637772719971264
 0.0008994384111185999
 0.0002936132767622085
-0.0009507789006839712
-0.0014443285109806414
-0.0007449506781425225
 0.00010178878002399527
 0.0008736778888173563
 0.0004503004810580413
-0.0012595673065524948
-0.0023659541523419203
-0.0028688600563102074
-0.002316843848800515
-0.0011777202133950865
-0.0018045970085126817
-0.0026583639251676894
-0.0018467105682698354
-0.0020829621025962447
-0.003923818001609819
-0.0043635689232945085
-0.0036454785031131004
-0.0033858464728423326
-0.0032291336729596415
-0.0018982060172854781
-0.00014390607296937974
 0.0002139670408536909
 4.55486356467083e-05
-1.7611465754283073e-05
-0.000712321389991305
-0.002436223618109301
-0.004012764220898898
-0.00421392965395663
-0.004047860560402294
-0.003594085436444877
-0.0027005645099201364
-0.0017579230416192582
-0.0005743570112735075
 0.00020922746460941277
 0.0006021866797011333
 0.0009226346188376255
 0.0008735089579441219
 0.00034487324637877403
 8.041555082188845e-06
 0.00019984045623354374
 0.00023959958522065672
 0.0010255231345214916
 0.0023120083952553466
 0.0028663636761829397
 0.0027470658127520947
 0.002155275118903177
 0.0020944540909201004
 0.0031821181111314906
 0.0051960552048357506
 0.006017064855405235
 0.005015936313421843
 0.0033645453612590887
 0.0019236710167083448
 0.002286222277367231
 0.002616026510175354
 0.0026160213910579877
 0.0026417460795376407
 0.0012804002311958829
 0.001306124919675536
 0.002499047243692945
 0.002494363977739736
 0.0020125097345326387
 0.0009505652836835493
 8.744207335689702e-05
 0.0009482159720308886
 0.001743495815003368
 0.0013107621135723946
 0.0011727516627982604
 0.0009528736423972256
 0.0003213187004438012
-0.0005581780238082118
-0.0013979104999557457
-0.0013721858114760926
-0.0013020187280561174
-0.0013675179028750234
-0.002017785432171723
-0.0030727126627670964
-0.0033370330781084534
-0.0033978541060915024
-0.0033697903441939348
-0.003577972997505424
-0.0037931728710706297
-0.0027335777318741733
-0.0008576459698266953
 0.0005224022276236057
 0.00019492682999866506
-0.0015266363247014303
-0.0025558337476997706
-0.0023991209478170794
-0.0022657988821135205
-0.002130137742992033
-0.0016950752063778912
-0.001987464502734182
-0.002602645930762232
-0.0018494694093121739
-0.0014986135157428332
-0.0030096600628309045
-0.0035242613338887785
-0.002979262346632802
-0.002803836959406822
-0.0024038605240613714
-0.0024295954507757567
-0.002909110620564939
-0.0031968217700854146
-0.002883391051202666
-0.0026120636538423253
-0.003077544383124048
-0.0034775310567042444
-0.0038658223631948957
-0.003667006241789811
-0.002670566084876966
-0.0011478344089340675
 0.0006134827556357608
 0.001245027459354453
 0.0015631363250730168
 0.0022835658186723257
 0.002332681241331097
 0.001970119742437465
 0.002173614010678379
 0.002089402248516198
 0.0013689625166821429
 0.00159818659252009
 0.0018788702835520754
 0.00037951910355354945
-0.0015502215853406415
-0.001243808086711623
 8.711956896252648e-05
 0.00046838341696470165
 0.0011163016346087684
 0.0014788528952676405
 0.0007139707684932772
 0.00024147281895782469
 0.0012753381505572342
 0.0019022047074400972
 0.000667168823665576
 0.00018531458045846494
 0.0006882102461920198
 0.0006063375574477531
 0.0005244648687034864
 0.000678838595168263
-2.054947590458822e-05
-0.0011620224229626774
-0.0021654900383639847
-0.003332692793019107
-0.002724538823479533
-0.0008298944740887521
-0.0002521484589820405
-4.211795800804219e-06
 0.00018758710535055068
-0.0006848923986477323
-0.0006100471683919417
 0.0008846156265360089
 0.0010202767656574824
-0.0004346320194007075
-0.0016556334626677688
-0.001435765680501494
 5.098425814503704e-06
 0.0004986377978764278
-0.0002475317415546602
-0.0009937012809857343
-0.0018100430229541636
-0.00140538844077287
-0.00026158665853161234
-0.000560993175141633
-0.001024134831005441
-0.0016276208919439178
-0.0030357482086438986
-0.003945652887328774
-0.003933962639356581
-0.003402998092608092
-0.0032041819712029934
-0.003611185865036934
-0.0038006559310051202
-0.003220570842480494
-0.0028767321691648973
-0.0018662575717445923
-2.5411910965764117e-05
 9.855386106617792e-05
 0.00024123222044138137
 0.0007300934456674762
-4.414497477854551e-05
-0.00035758593189602617
 0.00028565413891221136
 0.0015744784730639672
 0.002432913298320044
 0.002175610103232445
 0.002486701748697265
 0.0031556716271025215
 0.003064442644686624
 0.0028983633128975422
 0.0026036349431233508
 0.001576776593542925
 0.0010083766338730982
 0.0020165121578755024
 0.0034082557224153626
 0.003050372370357546
 0.0015744119245381522
 0.0014714875750326817
 0.002287819078766351
 0.0021310960406489277
 0.0008188707340833212
 0.00011012636933881159
 0.00015924179199758304
 0.0001241505716115393
 0.0014995206222260249
 0.003405860338706365
 0.0035415214778278387
 0.0028397943333370868
 0.003438592009205016
 0.004711042829431383
 0.005412759735687403
 0.005405737396316307
 0.0037894325454222166
 0.002266690631244586
 0.0026128683779780976
 0.0038736238311149057
 0.004458387066475361
 0.0036303499574174003
 0.002582439947075757
 0.002205844007674665
 0.0023929647619902045
 0.0024186894504698575
 0.002865447354173545
 0.0032373549085040615
 0.0018292275918040946
 0.0005263585789101327
 0.0005614395610614165
 0.0005871642495410834
-0.00028765432787511425
-0.0011718291989629703
-0.0012420065206176778
-0.0007788751029886021
 0.0003275015045660634
 0.0017145669222701082
 0.002825621676660603
 0.0028466682183044267
 0.002044360916843485
 0.0024887797471292716
 0.0037588914939377244
 0.0044769819141191325
 0.005326060445703565
 0.0053681586481085924
 0.004322587711184864
 0.0035647228046642443
 0.0032512818475467498
 0.0034524370423697492
 0.002713284723192405
 0.0010010778621639543
 0.00019409241386719733
 7.713362385425304e-05
 0.0006572187123788792
 0.001417412454082695
 0.0007156853095919291
 0.00018003237777286518
 0.0010033811017602784
 0.0015553973092699708
 0.0016208862458541168
 0.0014852148684978972
 0.001723795238007475
 0.001658296063188583
 0.0017705664681309657
 0.0033634703466111776
 0.004086238913628401
 0.004219560979331988
 0.003159955601900785
 0.0003928266293943411
-0.0008001059328578003
-0.0014223045811395663
-0.001576688545839075
-0.001555642004195265
-0.0034690091791640676
-0.004933274257893916
-0.005118066177026287
-0.004318108187217992
-0.0029170083290064874
-0.0018995165113324525
-0.0006036749569269528
-0.0002364455494322376
 0.00038340378719686763
 0.0028113568758714458
 0.0039621758783664335
 0.003246414293368194
 0.0028136805919372343
 0.002518952222163043
 0.0015295190472691816
 0.0010336303635546246
 0.0010804067127954814
 0.0005798398822450812
 0.00032955390741121193
 0.000699122388323814
 0.0008394616742811306
 0.0007014512235069964
 0.0004675387625984878
-9.852212365341062e-05
 0.0003178278256174283
 0.0015972958660975395
 0.0017142444178757377
 0.001903704245609178
 0.0028697364480891746
 0.0033258506454645065
 0.0042825265542728586
 0.005452058144111135
 0.004972542974321953
 0.0032977612879800944
 0.0016861345839218195
 0.0011294299913415656
 0.0014194699760452095
 0.0016393377582114843
 0.0011691788820939464
 0.00014699867934933608
-0.0007067682373056577
-0.0015558570071248362
-0.001518436951555624
-0.0010786962681056667
-0.0016073319796709867
-0.002173392865922913
-0.002273978142010455
-0.0015839566028439944
-0.0006600277218864053
-0.0006483374739142123
-0.0015863110336140213
-0.0024681468312839627
-0.003286827646670279
-0.004701972183623976
-0.005455158943308808
-0.005775617120680018
-0.005668024862573465
-0.0050949569943025685
-0.004832985890613872
-0.003502058234939709
-0.0022413027818029008
-0.0022459860477560822
-0.0019933712377390445
-0.0015770212884681917
-0.001541940306316894
-0.001186406265911752
-0.00022739128368548522
 0.00042052693395858154
 0.0014122889440355835
 0.003150215374426321
 0.0038215243262494925
 0.0029747746298482286
 0.0008462127004315728
-0.00095253987705958
-0.001658945168386175
-0.0028261479230412834
-0.003331392900427485
-0.0032354960094105045
-0.0034740866171548285
-0.0034928043236154838
-0.0026296913515235915
-7.776737169973291e-05
 0.002471817534706211
 0.004233134699276053
 0.004703283337158859
 0.004088101909130809
 0.00454187703308824
 0.006015488167254987
 0.008066850435645825
 0.008913589893812357
 0.008183793868306657
 0.007428268035203925
 0.006567483898295201
 0.005844705093043245
 0.004602651989014966
 0.003456500895121062
 0.002740739310122836
 0.0017536452086468896
 0.0028834125503806735
 0.004378075345308638
 0.0033325044083848954
 0.00218401424107309
 0.0015875454003883294
 0.0016343217496291862
 0.0026868996685718988
 0.0026564865950216704
 0.0015337262353068842
 0.0010121077439952941
 0.00032207596659408755
-0.0009012645500908884
-0.0007281782362828226
 0.00015130824973444423
 0.00010218258884094056
 0.0001396026444101528
 0.00013491937845695745
-3.583810016793976e-05
 0.0003758337022670838
 0.0001536166084481344
-0.00044051315881871167
 0.00020506598540745435
 0.0007594212663350475
 0.00014190076488909686
 0.0005418772002345612
 0.0019944366736401042
 0.002073960050731724
 0.0017277720657634665
 0.001426026475735545
-0.0002347207700988535
-0.001804244152634707
-0.002571465352826985
-0.0028661937226011763
-0.0027281935100617882
-0.003383139186194317
-0.003160932330610114
-0.0011774031913387023
 0.0013394346872164925
 0.0033978141758610747
 0.002899586418728589
 0.0014446776336703854
 0.0008014273246274156
 0.0010493639878086242
 0.0026913884080650013
 0.004214120084007886
 0.0036527373445918027
 0.0006867871315628937
-0.002003152418152465
-0.0029996028133000563
-0.002658103213402374
-0.0014137212741909405
-0.0009763196641588978
-0.0017575753048586357
-0.003135294667125768
-0.004106015254676326
-0.004311858834569887
-0.004625299791687382
-0.004566828075356966
-0.0029879586373842137
-0.001018463938620276
 0.00010428618285979185
 0.00022825195489172
-0.000452423528837842
-0.0010816393973733518
-0.002071072572267199
-0.002812563964862458
-0.002826603524487298
-0.003474531980366097
-0.004082696188140417
-0.0035166455401232505
-0.0023213841426879545
-0.0015050526389542712
-0.0009156112567579866
-0.00034722153532291966
-0.0003495657278582004
-0.0009296610546175726
-0.001039602624376773
 0.0004714336844765521
 0.0019263322313000236
 0.00220233777549618
 0.0010889337094530244
-0.001505103830127974
-0.00320795439748478
-0.0046792366964683585
-0.005860473891630927
-0.004716672109389683
-0.0032617735625662253
-0.0026161944183400593
-0.0020805517247557553
-0.0014981275628132146
-6.661975016886146e-05
 0.0021531558043115934
 0.0032361416776871543
 0.0028408331509427592
 0.0020174741887206277
 0.0008993919758416569
 0.00030760128199271153
 0.00013918287678572894
-0.00081984234367527
-0.0021227113565692457
-0.002709823903582348
-0.0027215243897892732
-0.0020198074835332536
-0.0005742652303814405
-0.0001883232355434361
-0.0010163603446014247
-0.0015730649371816785
-0.001683006506940879
-0.0005555782386250097
 0.0017343695183927865
 0.003519077417141747
 0.0040640764043977096
 0.004127226267563941
 0.005020747194088682
 0.005413706409180416
 0.004889748844450911
 0.00438684294048261
 0.0034137832795141376
 0.003357640398366904
 0.0036570366767421647
 0.003575163987997912
 0.004487397501865942
 0.004405524813121675
 0.00235883045333192
 0.0007074395011691659
 0.00040803298455914516
 0.00013201720212824286
-0.001084306094303003
-0.0021111644438834426
-0.002347415978209852
-0.0030795510771334522
-0.004036237224176564
-0.004216350996473092
-0.003916954718097818
-0.003610541219468813
-0.00401052789304901
-0.00480815704767415
-0.006096991620060638
-0.0071168327493873335
-0.006536747660862707
-0.006015139407785863
-0.005388272850903
-0.004756728147184322
-0.005552018228391534
-0.0061414698488225505
-0.006787059231283449
-0.008326174659386454
-0.008513305651936726
-0.006887654745605737
-0.005683037054498782
-0.005575444796392229
-0.005615214163614102
-0.005032790001671561
-0.003725253080176502
-0.00315920243215935
-0.002953369090500521
-0.002644616518453616
-0.003180269450272666
-0.00282473540986751
-0.0020271164934771435
-0.0014587267720420627
-0.0004552693948754738
-0.0002775049342315927
-0.0004763312938714237
-0.0013113856231831283
-0.0024809274512561513
-0.0029697989147169784
-0.003673865132625659
-0.0044293909657283775
-0.005290175102637115
-0.006048040009157735
-0.006340429305514025
-0.006497152343631449
-0.005867946713330685
-0.004618886627283422
-0.004001376364072204
-0.0032388435489504874
-0.0024716325869929556
-0.003547611478349519
-0.004363953220317948
-0.003816615159644071
-0.0038680798939554895
-0.004214267878923733
-0.003765170901802131
-0.002221387565098043
-0.0011290453980508375
-0.0008787696614517004
-0.00019576534253896993
-0.0004296778034474785
-0.0013419215555502545
-0.001419116097458692
-0.0018705623862329546
-0.002831926680111868
-0.003084551728363652
-0.003250631060152734
-0.003870490635016585
-0.0033254916477606228
-0.001791064604728193
-0.0006589581895764807
-0.00021220028587280726
-0.000670663794900786
-0.00022858403803291405
 0.0007070402100142203
 0.0004895012630311002
 0.0005666855667048193
 0.0013245402349906926
 0.0018017060931272283
 0.0015467419714575437
 0.0019373621131313495
 0.0031396407308203894
 0.0035793814142703467
 0.004035495611645665
 0.0049336946850062485
 0.00417816885190353
 0.00233965202630787
 0.0018086772413246355
 0.0011981739601324148
 0.0006274349270446733
 0.0012005027953155833
 0.0015186116610341471
 0.0011513720153046997
 0.00032801305308255424
-0.0004111392660948038
-0.0005842358181376017
 0.00020402680458114775
 0.0009782549867924095
 0.0010367267031228256
 0.0018039376650803574
 0.0026413208295752305
 0.002161805659786048
 0.0018202958216536336
 0.002274070945611037
 0.0023372208087772822
 0.00257580117828686
 0.003282196231378695
 0.0038997064945899135
 0.004568676372995184
 0.004680946777937553
 0.004348793233476769
 0.004865723339717812
 0.005497268043436476
 0.0054481423825429726
 0.005050494782380677
 0.004000245698621133
 0.0033406218756527745
 0.0033406167565353945
 0.0032797957285523455
 0.0027979414853452483
 0.0014412737838393058
 0.00044482338869172855
 0.00017582482651455622
-0.0003036903432746402
-0.0010007393409295628
-0.0010077616803006728
 0.00035357392980632507
 0.001726604907002896
 0.0015137441068556051
 0.0007254712459021095
 3.310039508300222e-05
-0.0009703672203183189
-0.0007902636862565232
 0.001116076030223817
 0.002786169331495128
 0.0026785668351538283
 0.0013429507944091035
-3.242949444011434e-05
-0.0006663235098114534
-0.0001002728617942733
 0.0009803739381633592
 0.0013850285203446527
 0.0011277253252570396
 0.0004423716946916484
-0.0013329901486203999
-0.002890818164066694
-0.0031387650654826627
-0.0035106828580479255
-0.0038428364025086953
-0.003679106382372288
-0.004221776534445082
-0.0048954347979209
-0.004219447699261913
-0.003138800899304253
-0.0031715530462723823
-0.0035411317654197444
-0.0029657248237309336
-0.0030592928795647595
-0.003709560408861473
-0.0026499652696650167
-0.0010804521253639093
-3.7230500092841345e-05
 0.0007065897276855859
 0.0009030667756727562
 9.842040079389991e-05
-0.00043723253102515014
 0.0010714647044102604
 0.0025216851043979027
 0.0029965118891165238
 0.0033497068561037513
 0.0030315877521504553
 0.0026456355190777187
 0.0030502901012589984
 0.0036561049973806575
 0.004030351625129103
 0.0043952419592058894
 0.003452590252670265
 0.0014620336549103774
 0.00011472224707609335
-0.000603378411340047
-0.00015194236080054435
 0.000722865978380921
 0.0007275390060993703
 7.493240338474205e-05
-0.0008069033942851855
-0.001293435784328112
-0.0013378832983858002
-0.0012256128934434313
-0.0009028258808890244
-6.076456955833587e-05
 0.0006292569696081246
 0.0003742928479384261
-0.00028065282819411674
-0.0006151454460728012
-0.00036486970947365027
 0.0006619784018720293
 0.0016981828068893673
 0.0012794835459658815
 0.0002175390951167644
-0.0003040793961948257
-0.0004280554064615
-0.00015438893568324452
-1.6388723143842543e-05
-0.000640926444843537
-0.001955490824827058
-0.0023180523237206763
-0.0016444042984796042
-0.001918081007492592
-0.002432682278550438
-0.0030502027799964027
-0.0034034079852183763
-0.002011664420678516
-0.0013403554688553587
-0.00143158445127127
-0.0007555973526122695
-0.0015111231857149882
-0.0022292238441311285
-0.001235122760636198
-0.0011579384569624929
-0.0015953503052292817
-0.0003228994850029143
 0.0010758612997906897
 0.0008419488388821811
 0.0005916628640482979
 0.00030629078794575104
-0.0003159078603360149
 0.0001448844838751323
 0.0010922040990118398
 0.002158816458462026
 0.003078067192583786
 0.0036885602355412744
 0.0037353365847821313
 0.0031599194048585744
 0.003510775298427901
 0.004154015369236139
 0.004090855267835161
 0.003206680396747319
 0.0017307199509279253
 0.001283951808989478
 0.002135369413991825
 0.002736506163277669
 0.002708432163145355
 0.002490893216162235
 0.000912013539954723
-0.0007978542476557993
-0.00022712545280280383
 0.0005003212610502211
 0.00026173065330591105
 0.001040636982353002
 0.002528282557027209
 0.0031645054075817164
 0.0023762325466282486
 0.0010429555793014245
 0.0011201398829751297
 0.0019060634322759645
 0.0018803285055615515
 0.002212471811787589
 0.0031808430876855143
 0.003136395573627812
 0.0025071797050923023
 0.002469749411288358
 0.002111866059230555
 0.0011762315729486605
 0.0002639878208458707
-0.0005125896730180379
-0.0012681155061207566
-0.0016540677391935071
-0.0012634475975196874
-0.0015605150407117796
-0.002963964210575945
-0.004189643800678836
-0.004905405385677061
-0.004369762692092757
-0.0028517091629856883
-0.001586275563013037
-0.0007067890769957702
 1.9450495139933244e-06
 0.0013235164115165121
 0.0029725580520266054
 0.003971337282357365
 0.00425669912022518
 0.004670709996078104
 0.005330323580811716
 0.004949049494574809
 0.0039666335399346775
 0.002745632096667616
 0.001618193590116987
 0.0009047710785366758
-7.062765584969766e-05
-0.0011302330332809002
-0.002215568218309122
-0.002229607777933948
-0.0017173558185287485
-0.0023044683655418507
-0.0027488974340623695
-0.002573472046836403
-0.002423776467207442
-0.0016822953128469292
-0.00016891993057568944
 0.0003784181300981876
-0.00043558453845231326
-0.0015700402652566725
-0.0023115316578519313
-0.002108037389611017
-0.0013010621795489924
-0.00020638093908387223
 0.00027078491905266344
 9.534929359195088e-05
 0.0005046820226090598
 0.0012718929845665777
 0.002425051060479494
 0.0032179918300340588
 0.0017864737791549595
-0.00041459942621693835
-0.0013899981606033257
-0.001018090606272809
 0.0007011232367746395
 0.0023525039507026474
 0.002151338517644902
 0.000319838912302986
-0.0010461850828745872
-0.0011818564602308207
-0.0008988336957809206
-0.0003374611945995698
-0.0006579193719708082
-0.0019327195038498224
-0.0023794876457882558
-0.0015210528205321788
-5.338364843024412e-06
 0.0014495601819804194
 0.002799200424997886
 0.0032623318426269476
 0.002876379609554211
 0.0034283958170639034
 0.0043312730372603025
 0.0039687115383666705
 0.0029044280140996664
 0.002590987056982186
 0.0020389606112377334
 0.00026359876792568515
-0.0007726158753263851
-0.001210027723593174
-0.002194782751651206
-0.00294095229108228
-0.0024544301392740997
-0.0005410732025400156
 0.0007898544531341478
 0.0012366123568378212
 0.001666996746616134
 0.0017488591971256545
 0.0019196064375158056
 0.001334832963920618
 0.000700938948549279
 0.0008272437939991217
-0.0002183271429245931
-0.002318820191326329
-0.0036965395535934475
-0.0034602982575017843
-0.0025761336246486882
-0.0016943080652134929
-0.0011867342526441088
-0.0011984347388510341
-0.00130603723519232
-0.0019563047644890336
-0.001642874045606299
-0.0004663252355142783
-6.868787358672857e-05
-0.000244123499047455
-0.0007774373574485904
-0.001032401479118289
-0.0010417628919073135
-0.0003330287653975639
 0.0012084154978886097
 0.0022001775079656394
 0.002742837421803687
 0.0031895953255073745
 0.0029112404696585575
 0.0032153148948696614
 0.004759098231573736
 0.004936862692217631
 0.003970820251502902
 0.0035380865500719283
 0.0028433766258349064
 0.0012457843622841192
-6.878001769941577e-05
 0.0008270799822432534
 0.002373202392365256
 0.0021650197390537668
 0.00155451645786156
 0.001051610553893259
 0.00034286618914874945
 0.0009650545991957971
 0.001989563637123562
 0.0016691054597523514
 0.0009416485076645664
 0.0007755691758754846
 0.0004714845124296485
-0.0010816653561808165
-0.0022558853310896687
-0.0020453738425950246
-0.0017740464452346838
-0.0013319666883668257
-0.0013155982935588034
-0.0019471532355122279
-0.0019354629875400486
-0.0011401831445675692
-0.0006793908003564081
-0.0013179629625635764
-0.0015027548816959335
-0.0010092155096340233
-0.0009671173072289957
-0.0009624442795105465
-0.000887599049254742
-0.0014606771557603981
-0.003100372740833579
-0.004340086771443957
-0.0041412706500388585
-0.003121439758946895
-0.001694610093138385
-0.000969502452703247
-0.002132027060522526
-0.003816165040536043
-0.004356496119190922
-0.004274633668681388
-0.003909743334604615
-0.002960084646049993
-0.0016852947524056971
-0.0011309394714780902
-0.0012502373349089352
-0.0019426081857280425
-0.0029811619023980412
-0.0035355274215603943
-0.00415772606984216
-0.0037133072395564015
-0.0027893783585987986
-0.003247841867626791
-0.003797529239953315
-0.004103952976817066
-0.004583468146606262
-0.00456008253154451
-0.003633814577169006
-0.002775379751912929
-0.0023777423899853795
-0.0016198877216994784
-0.0002866209926074281
 0.00023966540730525898
-0.0007404114739169437
-0.001306472360168856
-0.0006515369222710593
-0.0001603366236270498
-0.000733414730132706
-0.0006398569125336123
 0.00041506007982701487
 0.000777611340485887
 0.0010653122517716024
 0.0011845998769677152
 0.0008618026261785761
 0.0009132571222552621
 0.0013600150259589355
 0.0013810615676027732
 0.0005974668534851207
 5.94748482481422e-05
-8.363399988650655e-06
 0.00042202098978966207
 0.0016453512682398919
 0.002302625779555603
 0.0017131741591245864
 0.0009015105639919863
 0.0010441889233672175
 0.002005542979011385
 0.002466335323222532
 0.0020078718141945534
 0.000702663727882677
-0.0002072409508021983
 0.0002862984212597258
 0.001102629924993409
 0.0008312922893983082
-0.00036865749310754925
-0.0007148454780758068
-0.0009768268199992353
-0.0020598229316095423
-0.0028714865267421424
-0.003292524861083543
-0.003292529980200909
-0.003100731079049554
-0.0026492950285100375
-0.002176807317209331
-0.0015873659350130603
-0.00021901310465230472
 0.0008499383282157824
 0.001116587578740294
 0.0014370355178767863
 0.002276757755789574
 0.0029948481759709544
 0.0034813703277791486
 0.0035913016593036168
 0.002281415426155897
 0.00098790270693358
 0.0011890579017565933
 0.0017504304029379303
 0.002101286296507257
 0.002325832225509361
 0.0016568521088693583
 0.0010884521491995452
 0.0017550829541868873
 0.002166754756621911
 0.0016989349539222875
 0.0010697190853867639
 0.0011702941232395875
 0.0018275686345552988
 0.0023515159610500436
 0.0021386551609027526
 0.0007352059910386011
-7.645760409399904e-05
 8.727241604242209e-05
 0.000536369393164024
 0.0008685126993900616
 0.0007609102030487758
 0.001181938299155444
 0.001881316131993535
 0.0025830330382495686
 0.0029151763444755924
 0.0026625512962237946
 0.0016029459187926198
 0.000360892814764327
 0.000571404303258985
 0.0011164032905149474
 0.0018485281512038015
 0.001923373381459606
 0.0012450369711479586
 0.002028621447030865
 0.002634436343152524
 0.0025572418012440867
 0.002536185021365503
 0.0022531520186808707
 0.0023981694514740026
 0.002526813370341746
 0.0026998996841498257
 0.0029174283928981998
 0.0025080854256463447
 0.0026554419318573913
 0.0031349468634118416
 0.0028706264480704846
 0.0024425708934753543
 0.0014788675261785122
-0.00010235122344688652
-0.0015970242566095832
-0.002740836277085587
-0.003171230905098632
-0.0027197948545591155
-0.0025420303939152344
-0.003980565665048064
-0.0049887114272852
-0.0038238579842827525
-0.002170138196936816
-0.0010590834425463214
-0.0003807572704694201
-0.00026614779210913653
-0.0005585370884654134
-0.00048135278479172205
 0.0005899377214942936
 0.0021337210581983818
 0.0027301796606483825
 0.003254126987143155
 0.0047628242225785655
 0.00545986298199877
 0.0054551797160455745
 0.005291439457674407
 0.004900809077765855
 0.004199081933275103
 0.002061163710186789
 0.00022498595800904408
-0.00025686828519805305
-0.0001983965688676509
 0.00034894149180624
-3.4671667848582e-05
-0.0014311036174590175
-0.002921098503785885
-0.004368990068590345
-0.0050777344333348545
-0.005335037628422454
-0.005552576575405574
-0.00542393265653783
-0.0046380091072369956
-0.0028088588135477266
-0.0009726912996047415
 8.690383959171488e-05
 0.00037928289771324564
 0.00026466318111822984
 0.0012447298241057003
 0.0032329371102129273
 0.00467614028994684
 0.004362699332829359
 0.003036439585756265
 0.002566280709638727
 0.0026013616917900384
 0.0022902598080904446
 0.0016820956003161386
 0.0012587181925568375
 0.0011721673569767277
 0.0012142655593817692
 0.0006107794984432924
-0.0015481903854062257
-0.0041656186591663424
-0.006228686532881472
-0.006661420234312446
-0.00629886897365356
-0.006979544457383122
-0.007124572128411
-0.006698865885468502
-0.005487230974107832
-0.0037656780576424687
-0.0031738976020282833
-0.0022289170603094904
-0.000785713880575592
 0.001022384752352487
 0.002608271410578969
 0.0032632068484767657
 0.003536873319255021
 0.0026082560532268567
 0.002624624448034865
 0.00412162631638073
 0.004390614640323157
 0.0035181351363248736
 0.0022573694449533194
 0.0014831310245072976
 0.0015439418142556283
 0.0015673274293173667
 0.001452707712722337
 0.0012492032062466907
 0.00015918987438263976
-0.0009167890169739235
-0.0008629954474793367
-0.0007343515286115931
-0.0003367141666840434
 0.0003182212712137672
 0.0001802108204396191
 0.0005146932000835713
 0.0009567729569514294
-0.00044433713949482145
-0.0012092192662691709
-0.0003484453675951793
 8.427809560103416e-05
 0.000626938009439082
 0.0015134417157101065
 0.002514560019458753
 0.002711037067445937
 0.002348475568552319
 0.0032162666874800405
 0.0037893345557509367
 0.003941369208797799
 0.004299242322620855
 0.003562429076861426
 0.002425634276639166
 0.002423290084103885
 0.0033238282308823697
 0.003618546362421815
 0.003333174286319268
 0.002678228610186739
 0.0017098470960540818
 0.0016303134807277297
 0.0021332091464612846
 0.0028536386400605934
 0.003541321105809153
 0.0028466111815721312
 0.0019858270446633797
 0.0018384603002176009
 0.0012186007253537495
 0.0008583782998780182
 0.0009589533377308418
 0.0010010515401358833
 0.0004583813880630755
-0.00029012722478589936
 0.00013323994473865564
 0.0007273594737707695
 0.0011016061015192147
 0.0015834501064915518
 0.0018079960354936836
 0.002331943361988442
 0.003157631159393756
 0.0033330565466197365
 0.0026781108704872075
 0.002411451381727936
 0.002390394601849366
 0.0016255124750750027
 0.001148336378703721
 0.0005799364190339079
-0.0006129961432182196
-0.0013404530953060184
-0.0018480371461101347
-0.0014012792424064474
-0.0007182749234937308
-0.001457427242671061
-0.002580187602385875
-0.0030877716531899912
-0.002608266721635541
-0.0021895776989467874
-0.0015369813344669053
-0.000622408747180947
-0.0011604007524179255
-0.0016282205551175627
-0.00120485338559298
-0.000853997492023667
-0.0008376290972156447
-0.0009031282720345368
-0.0005475942316293947
-0.0005569556444184054
-0.0006201157458193829
-0.0002388518978172216
-0.0004797815789794463
-0.0005031774322759308
 0.0003412229524726723
 0.0007645901219972551
 0.0011224632358203118
 0.0017890940408076539
 0.0012417457418990446
 3.945688597525865e-05
-0.0002599496306347482
 2.021473053948064e-06
 0.0005095952856233182
 0.00025697023737153435
-0.0008845027096865549
-0.0024797558998194413
-0.004746323160892851
-0.005890135181368855
-0.006297139075202796
-0.006940389384245765
-0.006898291181840738
-0.006750934675629705
-0.006437503956746957
-0.00548550619477442
-0.004318313678354058
-0.0034668960733517107
-0.002341806878453742
-0.0004541797493167049
 0.0008206101443275909
 0.0013188276632253165
 0.0021632280479739335
 0.0035830404935287274
 0.004380659409919108
 0.003964299222413523
 0.0030871415715794243
 0.0017608818245063301
 0.0008135519711348904
 0.0003457321684352671
-0.00047060957353316224
-0.0008261538521730505
-0.0009594861561113555
-0.001226145644870627
-0.0014647362526149371
-0.0016027467033890713
-0.0014366776098347495
-0.0011606720656385794
-0.00023674318468099032
 0.001227511655814112
 0.0028695360760704752
 0.0036133563038489025
 0.0029139682327760513
 0.002532694146539144
 0.00251865458691429
 0.0026075342576775545
 0.003250774328485792
 0.003961847528413456
 0.0040133020244901285
 0.004322054596537062
 0.00558281004967387
 0.00575121821664612
 0.005802672712722806
 0.006162884899963764
 0.004932527163025058
 0.004251851679295496
 0.00396881867661085
 0.002789920554866182
 0.002518582919271109
 0.0026074625900343595
 0.002134964640498907
 0.001526800432724601
 0.000773613673039783
 0.00024263888805654832
-0.00020179018046397046
-0.0005549953856859441
-0.0004263514668181867
-0.0007959301859655626
-0.0007772227177396396
 0.000710422856934595
 0.002017959778429626
 0.002843647575834954
 0.0026027178946727153
 0.001554807884331072
 0.0016694173626913694
 0.002371134268947389
 0.002899759742277963
 0.002951214238354649
 0.002581635519207301
 0.0023524012051346077
 0.0017372197771065717
 0.0013231986630189013
 0.0011781709919910233
 0.0003197259285002002
-0.0005550926489159974
-0.0016591404212875083
-0.0027631881936590053
-0.0028684516165823903
-0.0031912488673715156
-0.004117527059981765
-0.004267232877845459
-0.0033573384373953297
-0.00285912091849759
-0.002445110042644666
-0.0013434115819258158
-0.0012545319111625514
-0.0015399039872651121
-0.0010089394405166097
-0.0007516464836637288
-0.0009270821091244552
-0.001100178661167267
-0.0009738738157174243
-0.00036338077275994973
 0.0002892155917199324
 8.337201182638532e-05
-0.00012714971490301874
 0.000270487647024531
-0.0003142858265706705
-0.0012452421660167357
-0.0012943678269102393
-0.0010698218979081353
-0.0009645687132194963
-0.00072364927029199
-6.637475897629252e-05
 0.0006797845422200494
 0.0007569688458937546
 0.00013944834444779008
-0.0007540828203116967
-0.001989118704086232
-0.0021902841371439774
-0.0014838890840521424
-0.0018651631702890498
-0.0023306438995707723
-0.0022511205224791525
-0.0020616606947457122
-0.001886235307519732
-0.002770410178607574
-0.004311864680128508
-0.005682566822141896
-0.006452127095752075
-0.005691933354048287
-0.00413177650341881
-0.0031353363465059653
-0.003214869961832331
-0.003612517561994613
-0.0030768748684102953
-0.0025131632938110438
-0.002134238519226783
-0.0019892210864336513
-0.002850005223342389
-0.003694415846325738
-0.004260476732577637
-0.0033084789706051138
-0.0009904623325723838
-0.00017646990225661519
 0.00038256352550680717
 0.0014585321786286382
 0.0014211018848246937
 0.0015965272720506601
 0.002871317165694956
 0.0032783108212941364
 0.002396475023624209
 0.0018046843297752913
 0.0010000379548964211
-0.00038937677446025665
-0.0007963806682941971
-0.000875914283620563
-0.001353090379991831
-0.0013694690130345716
-0.0012267906536593681
-0.0009952275044035064
-0.0006490497576700088
-0.00030988923119024125
 0.0005625800345733095
 0.0018303527079638615
 0.002925033948428968
 0.0041015827585209885
 0.0052102984394935825
 0.00516351185201798
 0.0048126457202139206
 0.004901525390977171
 0.004174068438889386
 0.0032781982007119848
 0.0027589187828182954
 0.0018209452231185003
 0.0007894087267022454
-0.00013219131907218906
-0.0006467925901300353
-0.00046668905606822575
-0.0002936027422601739
-0.0003310330360641184
 1.0466563833563813e-05
 5.490383965649215e-05
-0.0009742935833418481
-0.0014865557809817798
-0.0010935965658900593
-0.0007216890115595287
-0.0004035801458409649
-0.00048077468774941623
-0.0007544513967624039
-0.0014421441007456959
-0.0021719401262513954
-0.0018491531136970024
-0.0016830840201426805
-0.0019286918481407345
-0.00183279495712374
-0.0022842412458980027
-0.0028666756460752757
-0.0024994462385805744
-0.0009603410487123154
 0.0009857629158725179
 0.0018044334930241157
 0.0016032680599663562
 0.0005834269306396606
 0.00024659523934307537
 0.001306190378539518
 0.001060582550541464
-0.00014170630538232198
-0.001615327677783815
-0.0037064644325138923
-0.005067810280855636
-0.00510991872149541
-0.003573152605045052
-0.0021299494253111673
-0.0019404895975777131
-0.0018656443673219225
-0.0018913792940363217
-0.002015355304302982
-0.0015124596385694272
 0.00047574764753779974
 0.0028686146349437003
 0.003603078569050483
 0.0028077884878432574
 0.001184466416695451
-0.0004178039936911515
-0.0007406012444802906
 0.00030262038079077735
 0.0015961228617783624
 0.0017621919553326842
 0.0006955693576477656
-9.504257672361682e-05
-5.762252115441846e-05
-0.00013715613648077052
-0.0002845228809265493
-0.00014886174180507583
-0.0005769172964002062
-0.0013067133219059196
-0.0014844880207845468
-0.0014494070386332353
-0.0018587500058850903
-0.0026633963807639466
-0.002925377722687375
-0.0029019921076256505
-0.003479748360967108
-0.004122998670010078
-0.0038352977587243764
-0.0033745054145132153
-0.003430648295660449
-0.0032014242198225157
-0.002633034498387435
-0.0012483081541013186
 0.00047090568894611606
 0.0012404557243215625
 0.0011772956229205989
 0.0007679526556687438
 0.001308273496088877
 0.002648557445434685
 0.003677744630198293
 0.004089416432633303
 0.003953745055277069
 0.0038133955310850343
 0.0033830009030719893
 0.0025479465737602708
 0.0017035359507769215
 0.0010953717430026155
 0.0007959652263925948
 0.000655615702200546
 0.0008708053375310193
 0.0007047260057419374
-0.000350201224853422
-0.0011805774073293113
-0.0016811442378796976
-0.0019524818734747845
-0.0017209187242189228
-0.0012203621319032826
-0.0006683459243935902
-0.0012975617929291
-0.002195771104524416
-0.0011525494792533342
 0.0006625663739284471
 0.0018016900093338895
 0.002260143280127136
 0.002061316920487305
 0.001123343360787496
 3.333002892347281e-05
-0.0005280527104926241
-0.001084757303072878
-0.0012578538551156898
-0.0008672337134418839
-0.0017677820984551007
-0.0032881849392148027
-0.0040156418913026015
-0.004782863091494879
-0.004834327825806298
-0.004106881111953259
-0.0037209391171152545
-0.0035689044640683926
-0.0031198074869468045
-0.002020448099645855
-0.0010520768237479577
-0.0007129162972681763
-0.0008953691429826327
-0.00135617172542854
-0.0016625954622922767
-0.001569037644693197
-0.0015035487081090648
-0.0014801630930473125
-0.001021709822254066
-0.0010778527034013136
-0.0011667426123993102
-0.0005983528909642294
-0.00026387051132029105
-0.0006825697722437768
-0.0016883764610630125
-0.0015223073675086907
-4.253838401621635e-06
 0.0015863109666607034
 0.0025219352147078378
 0.002769871877889074
 0.0026926773359806366
 0.0013453659281463526
 0.0007138109861929282
 0.0012377583126876868
 0.000561760975793954
-1.8334350965418245e-05
-0.0006171422650680936
-0.001248697207021518
-0.0014755924476762688
-0.0017703208174504742
-0.001606590797314053
-0.0012370223164014371
-9.322053416019327e-05
 0.0009663746050362632
 0.0011932596074562957
 0.0015020121795032149
 0.0016774375667291952
 0.0013452840222684254
 0.0006599303917030341
 2.369730291378047e-05
-0.0006406046668903931
-0.0008979078619780062
-0.0011856190114984677
-0.001994943533213153
-0.0029446124600025214
-0.0038755687994485727
-0.004446307832536314
-0.005031081306131516
-0.004914132754353304
-0.003800738926544908
-0.00256805235442302
-0.001941185797540157
-0.0019786160913441153
-0.0017587483091778267
-0.0018312647042504349
-0.001835947970203644
-0.0015950285272761378
-0.0019482337324981114
-0.001917830897182643
-0.0011833669630758603
-0.00032025399098395413
 0.0002130496291824352
 0.000517124054393539
 0.0005451878162911067
 8.438523384519947e-05
-4.192984983937553e-05
 0.0002598055019537998
 0.0005896097347619367
 0.0007065582865401349
 0.0002293821901688392
-0.00028288000747109243
 0.00015218252914303565
 0.0011977432278320183
 0.0019111555011775971
 0.0023649306251350144
 0.002982440888346219
 0.0031414927616468247
 0.002346202680439613
 0.0013053098903517135
 0.00033692837621905614
-0.000521516687271753
-0.0013986743381058653
-0.0024419062016116794
-0.002914404151147132
-0.002215026318309027
-0.0009893569664408686
-0.0002455367386624552
-3.5025250167811106e-05
-0.0002665986376583912
-0.0002759600504474158
 4.682696210697723e-05
 0.00016611458730309003
 0.0006409413720216972
 0.0010339005871134316
 0.0011321365515483406
 0.0013473261868788
 0.0011321263133135945
 0.0008584496043006068
 0.0005824338218696906
-2.8069459322516144e-05
-0.0004280561329027127
-0.0008327209533187524
-0.0012046387458840152
-0.0019250784777180702
-0.003438464098224056
-0.00438813302501341
-0.004095753966891866
-0.0036466569897702777
-0.00392968999245491
-0.0034501850609004736
-0.0019602004128083383
-0.0010011854305820717
-9.596913696777176e-05
 0.00024786953634782505
-0.00027140988154585044
 0.00020107782975484212
 0.0011367020778020043
 0.0012513115561622878
 0.0016045065231495154
 0.0015390073483306371
 0.00036010922658596956
 0.00020104711505061768
 0.0007413679554707647
 0.0007273283958459387
 0.0013962982742511815
 0.002659392800805918
 0.0030055705475394295
 0.002673417003078646
 0.0025026595244537486
 0.0018547310685749496
 0.0008582806734273585
 5.597337196641683e-05
-0.0006644663598676381
-0.000982585463820948
-0.0015556635703265764
-0.0022433562743098823
-0.0019275864820092192
-0.0007510376719171985
 0.00026411507233892184
 3.020261143042713e-05
-0.0004493125583587554
-0.0005171508065955621
-0.0005615983206532504
-0.0006270974954721287
-0.0017194499007540942
-0.0026293545794389556
-0.002608308037795118
-0.0033053570354500683
-0.0033498045495077428
-0.002201324620430656
-0.001967422397756907
-0.0021709269042325674
-0.0014294457498720547
-0.00029032211446662626
 0.00029911926772965836
 0.0007645897587766348
 0.0017937769435402429
 0.0030498542498412495
 0.003405388290246378
 0.0024627365837107534
 0.0016346994746527926
 0.0013189194441173835
 0.0013914256009552733
 0.0022896246743158433
 0.003578449008467599
 0.004413493099544558
 0.00382170240569564
 0.0024439830434284937
 0.0016837790634899596
 0.0018802561114771438
 0.001931710607553816
 0.0017609531289289188
 0.002855634369394025
 0.003077841224978242
 0.0018077192399350295
 0.0014264451536981082
 0.0012790784092523294
 0.0008416665609855545
 0.0006989779633755772
 0.001206551775944975
 0.0019573892239771323
 0.0020556251884120275
 0.001800661066742329
 0.0016626506159681947
 0.002097713152582323
 0.0026403730664203706
 0.0020930247675117614
 0.0012135280432597345
 0.001321120301366288
 0.00207429682281636
 0.002792387242997754
 0.0032929438353134083
 0.0035736275263453937
 0.004071845045243119
 0.004095230660304872
 0.003070711384142333
 0.002275421302935135
 0.0018473657483399908
 0.0014848042494463587
 0.0013210639910752053
 0.0007994454997636152
-0.00037009632830940775
-0.0013291215487704205
-0.0010203689767234875
-0.0008566389565870802
-0.0015162627795554245
-0.0016098308353892504
-0.0012589749418199375
-0.0008005216710266772
-0.0009970089572485935
-0.0019326434435305018
-0.0020870274082300105
-0.0013338508867799387
-0.0004754160615238756
-0.00010584758061124577
-2.3985130101739083e-05
 0.00012103230269139287
 0.0003362219380218662
 0.0005139863986657472
 0.0003268554061154755
 8.358665153533618e-05
 0.000354914048895677
 0.001384101233659285
 0.0026682474209752116
 0.0034144067221715396
 0.003339551253681017
 0.0033091381801308023
 0.0037161318357299827
 0.003891557222955977
 0.004104407784868536
 0.0036295707619151546
 0.00277346477184226
 0.0023734780982620635
 0.0015197111816070558
 0.0011571496827134375
 0.0017886943864321159
 0.0022214178496283293
 0.00198516631530192
 0.0019079717733934687
 0.0025348383302763317
 0.0025067643301440318
 0.0018752093881905935
 0.0018681870488194974
 0.001982796527179781
 0.0016810509371518456
 0.0015570749268851852
 0.001451811503961814
 0.000745406212635219
-0.0001060216306018602
-0.0005808586535552274
-0.0008826042435831627
-0.0009176954639692064
 2.9624151167514934e-05
 0.0007991741865429475
 0.000689232616783747
 0.0005442049457558829
-5.6942041764693196e-05
-0.000237055814061235
 3.89497301349212e-05
-7.333091304219386e-05
 0.00036640977040776346
 0.0009511730057682188
 0.001028357309441924
 0.0007921057751155147
 0.0004622913040726456
 0.00039445305583585277
 0.0005932691772409376
 0.0007569991973773588
 0.0008178099871256755
 0.001131240706008424
 0.0005698579665923409
-0.0008008441754210477
-0.0011704228945684098
-0.0012429392896410318
-0.0018885286721019162
-0.0027376174419210947
-0.00254581854076974
-0.0020592963889615595
-0.0022370710878401867
-0.0013131422068825976
-0.00043833386770113225
-0.000274603847564725
-1.7310890711844107e-05
-0.0001763730022471821
-0.0005716815289915772
-0.00012960177212370527
 0.001201325883550458
 0.0020316918277915874
 0.002787207422659574
 0.002897138754184042
 0.002593054090738192
 0.0028480079741731584
 0.002539245163891507
 0.002228143280191913
 0.0019591447180147548
 0.0013720321710016525
 0.0009346203227348499
 0.0011217410770503894
 0.0010866498566643595
-0.0003238165334535359
-0.0017553345843326212
-0.002443027288315927
-0.00282897952138865
-0.0031751675063568935
-0.0032547011216832594
-0.002836012098994506
-0.002321421066171378
-0.0015822789852287938
-0.00018819634727101908
 0.0010936107666270067
 0.0011567606297932381
 0.0004854414397353207
-0.00011102740094942609
 0.0002281331255303276
 0.0009017811507714274
 0.0006070527809972359
 0.0001228594643722103
-0.00014380002438704742
-0.0002233336397133856
-0.0003005281816218508
-0.0001251027943958566
 0.00020704051183018102
-0.000307560759227693
-0.0005367950733003585
 4.32900152242538e-05
 4.328489610688768e-05
-0.0007332925977570209
-0.0006514301472475142
 0.000574239204620644
 0.0013554846070856497
 0.001023331062624866
 0.00039645426750727075
 3.3892768613652535e-05
-0.000695903256892047
-0.0008362527810840958
-0.0003169836014251526
-0.0003169887205425326
-0.0003380455004211025
 3.620112732734271e-05
 0.00043383848925487856
-0.00014625683750447982
-0.0012760344174730098
-0.0019520317543667565
-0.001961393167155767
-0.001771933339422327
-0.0012713767471066728
-6.441998258181758e-05
 0.0003706425540323105
 0.00039870631592987815
 0.0009904867715440774
 0.0016220314752627418
 0.001818508523249926
 0.0016711417788041472
 0.0015752346495524067
 0.0012922016468677744
 0.0014886786948549585
 0.0017015292567675033
 0.0012033014996350316
 0.0009343029374578593
 0.000929619671504664
 0.0004641389422229414
-0.0008340519238351912
-0.0021462772304008115
-0.0030187567343990945
-0.0037275010991435903
-0.0030982954688428266
-0.0015989545270790467
-0.0013603741575694689
-0.0020176589071199125
-0.002660909216162896
-0.0028106150340265895
-0.0023287710290542385
-0.0014446063962011285
-0.00027741387978076626
-9.497127230105595e-05
-0.0006329632775380206
-8.796429028205821e-05
 0.0011143143274069817
 0.0015657503779464982
 0.0016382565347843603
 0.0011142989700548694
-7.863359219725807e-05
-0.00037804010880729266
-0.0005581538811038206
-0.0015031446610573596
-0.0021042916485779356
-0.002069210666426638
-0.00213470984124553
-0.0017908711679299333
-0.001351130484479976
-0.0022002192542991683
-0.002763941067133152
-0.0027966932141012812
-0.002995519573741126
-0.002574491477634444
-0.0019967454625277187
-0.0016833147436449841
-0.0014377171538816763
-0.0010143499843570936
-0.00043894304266828277
 6.863076990110129e-05
 0.0002931766989032192
-0.0001114881215128205
-0.0009348470837349659
-0.0013886324459271293
-0.0016178667599998087
-0.001636584466460464
-0.0009910053222343257
-0.0008717176970382129
-0.0011781414339019636
-0.0005349013630937399
 0.00040072288495342223
 0.0003749879582390231
-0.0001676821938337708
-0.0002589111762496821
 0.0002393063426480574
 0.0017316300641580934
 0.0031771723173099065
 0.0030789261146402652
 0.0023771989701494994
 0.0021386083624051755
 0.0021502986103773686
 0.0019327596633942346
 0.0011444868024407667
 0.0003094324731290621
-1.6694105705178375e-06
-0.0006495978664493168
-0.0015244164438655144
-0.0017793805655352268
-0.0022986599834289023
-0.002850686429173341
-0.0024764398014249095
-0.0015548499938852212
-0.00020287067744986786
 0.0007163800566719197
 0.0006462027350172123
 0.000714030745019259
 0.00026960167649874023
-0.0004461599084994855
-6.957420733313957e-05
 0.00013392006090777453
 0.0001970699240740198
 0.0007607814986732575
 0.0012215738428844186
 0.0005338811389011267
-0.0015829854234259838
-0.00269171134263331
-0.0022543097326012534
-0.0019057929124498552
-0.0019057980315672213
-0.0015338904772367046
-0.0010216385178314913
-0.0014847801736952992
-0.002020433105514363
-0.0014777731916763015
-0.0009865728930323059
-0.0012672668222990374
-0.0012041169591327922
-0.0010240134250709965
-0.0012883338404123534
-0.0013397985747237717
-0.0014754699520799913
-0.001557342640824258
-0.0016976921650163068
-0.002343281547477191
-0.0025187171729379176
-0.002100028150249164
-0.00210705048962026
-0.0025117153100363
-0.002275474013944623
-0.0017187796595991012
-0.0012205621407013756
-0.0003317193610124364
 0.0005547843452585605
 0.0015442072819176755
 0.002615497788203691
 0.0027909231754296576
 0.001691553549893976
 0.0008822290281793044
 0.0002553522330616953
-0.0016018771798772535
-0.0029374932206219645
-0.002932820192903529
-0.002359752324632619
-0.002123511028540956
-0.0019410684210612456
-0.0010428693477006756
-0.0004814968465193248
 2.1398819214216158e-05
 0.0004962256039328511
 0.001024851077263439
 0.001340620869564088
 0.00011026313262536835
-0.0010054800068357017
-0.00106396196140085
-0.0014452360476377574
-0.0017352862705761335
-0.0010312302909021992
 0.00010321519766741394
 0.0009639890963413916
 0.0015791602861346954
 0.002552209708868436
 0.003773200913900751
 0.004657365546753861
 0.0048842505491738936
 0.004615251986996721
 0.004205909019744866
 0.003366176543597346
 0.003162672037121686
 0.0036491941889298662
 0.003405925434349727
 0.0027673532721425587
 0.0018247015656069343
 0.0009709346489519544
 0.0005826433424612892
 0.000292593119522927
 0.000227093944704021
-6.529535165225586e-05
-0.0007366145417101594
-0.0019529378381414192
-0.0029306756459457073
-0.002048850086510512
-0.0005471700713288313
 0.0002013283032854113
 0.00034634573607854324
-0.0003530423349943079
-0.0012418953529179794
-0.0013190898948264168
-0.0005939822543912926
 0.0006082963632977612
 0.0015509378315986394
 0.0012398359478990595
 0.000535769729990393
 0.0008234706412761222
 0.0011649702411737906
 0.0012444936182654104
 0.0017801363118497143
 0.0022222160687175863
 0.002421032190122685
 0.0021075912330051766
 0.001508783318902529
 0.00197659288336742
 0.0026806488630413405
 0.0027601722401329604
 0.0030174651969858413
 0.0033987290449880025
 0.0034501835410646747
 0.0034033969535890857
 0.004259492705427248
 0.005040738107892254
 0.003934351262102842
 0.002376523246656534
 0.0018759564161061476
 0.0016958426438096197
 0.0011601897119905419
 0.0008373924612014166
 0.0001309871698748355
-0.0013402951291087567
-0.0017847241976292616
-0.001412816643298745
-0.0008888693168039863
-0.00019884777763751194
-0.00021990455751609572
-0.0007859654437679942
-0.0012724978338109066
-0.0011555492820327223
-0.0005263436517319586
-0.00014507980372978346
 6.543168476486061e-05
-5.1527105248069804e-05
-0.000895937728231419
-0.0020935484373193897
-0.0027157470856011556
-0.002166069951509364
-0.0013707901085368984
-0.00045621752125095394
 0.00048174580021410895
 0.00018935650385781821
-0.0002574116380806013
 6.303630105586322e-05
 0.0008419426301029681
 0.002025508660448719
 0.0022734453236299412
 0.0014898506095122888
 0.001143662624544045
 0.0008161872269190767
 9.201778622319745e-06
-0.0002083371683608004
-0.00017325618620951666
-0.00034167459141649925
-0.0004001565459816475
-0.0006434253005618007
-0.0005872926576492854
-0.00010077050584110514
-0.00031363130598840994
-0.001541649969509215
-0.0020422168000596014
-0.001899538440684384
-0.002011819083861499
-0.0012820332965905457
-0.0010808781017675462
-0.001953357605765829
-0.002224695241360916
-0.001684374400940769
-0.0006364746288338718
 0.0002476900040192104
 0.0009213380292603102
 0.000968114378501167
 0.0004371395935179184
 0.0004652033554154861
 0.0005540830261787505
 0.0007575772944196507
 0.0008020145702426068
-0.00022484377933781885
-0.0006599165541867069
 0.000271029547024626
 0.0009446775722657119
 0.0011926142354469343
 0.001987894078419414
 0.002090808189690138
 0.001351655870512794
 0.0015200640374850305
 0.0014452085689944938
 0.00140310012835472
 0.002163293870058536
 0.0022989550091800093
 0.0025726214799582647
 0.003038091971005241
 0.0031690749632908993
 0.0030801850542929027
 0.0023410327351155724
 0.0015855069020128398
 0.0010404976765221313
 0.0005679997269866927
-0.00014542278459364621
-0.0011348559594874935
-0.0014529750634407895
-0.001284566896468553
-0.0013570832915411751
-0.0019020925170318698
-0.001841281727283553
-0.000573509053893001
 0.0002498396700944122
 0.0004837418927681608
 0.0004509897458000456
 2.0595117786972872e-05
-5.139808927412393e-06
 0.00044629624161210413
 0.0011573694415397545
 0.0017772187781688875
 0.0019620004590665124
 0.0013561753247101072
-4.7273845154044425e-05
-0.001722055531495903
-0.002711488706389764
-0.0020822830760889866
-0.0012378826913403695
-0.0013033818661592617
-0.0011981286814706227
-0.000727980043587817
-0.00041454932470508243
 0.00028950665496885186
 0.0007783678801949467
-4.499108202721258e-05
-0.0010437805505927045
-0.0019560243026954943
-0.0027349408699773176
-0.0019817643485272457
-0.0006110724447486032
-0.00047307223220920125
-0.0011981901108790716
-0.0015069529211607507
-0.0011350453668302202
-0.00018070853143976884
 0.0012578165014583004
 0.0014870405772962475
 6.721789350672136e-05
-0.0010111000712677704
-0.0009409329878477951
-6.305929648176001e-07
 0.0009700797563509944
 0.0012507634473829798
 0.0008180297459520203
-0.00013631732767317717
-0.0009479809228057634
-0.0016754378748935345
-0.002246176907981276
-0.002094142254934414
-0.0016871485993352198
-0.0014602635969151873
-0.0013526713388086337
-0.001574888432627597
-0.0013269517694463606
-0.00034688512645889014
-0.00018783325315829824
-1.708601276814714e-05
 0.0008483660327416737
 0.000846021840206379
 5.7748979252911226e-05
-0.0006439781652378546
-0.0009223330210866715
-0.0013012680339056781
-0.001507111613799239
-0.0006486767885431621
 5.070104429494293e-05
-0.0006673996141211835
-0.0016732063029404332
-0.0015398842372368465
-0.00044754207018965486
 0.00024949668923054946
 4.13140359190739e-05
-0.00013178251612373793
-0.0011937269669728412
-0.0023071310330159828
-0.0017621320457600342
-0.001394902638265319
-0.0012358507649647132
-0.0014954930334702549
-0.002505977869125306
-0.002414759124944127
-0.0015984276212104576
-0.0012896750491635384
-0.001392599398668995
-0.0017083794292044041
-0.002496652290157886
-0.0032451609030068607
-0.003051022928437605
-0.002199605323435258
-0.0015353135918658167
-0.0011423543767740962
-0.001039440265503358
-0.0013084388276805442
-0.0015259777746636644
-0.0018347405849453158
-0.0017037575926596715
-0.0011423850914783207
-0.0012570048080733365
-0.0016920775829222245
-0.0019517198514277384
-0.0020359316135899197
-0.0018698625200355978
-0.001869867639152964
-0.002676853087449721
-0.003151690110403102
-0.0023493930471768926
-0.001151792576323668
 0.0003545655856938279
 0.0014048044312186397
 0.0016106377728774685
 0.0018492181423870463
 0.002298315119508648
 0.0027380558029585916
 0.0026655394078859695
 0.0027169939039626556
 0.003063171650696153
 0.0029625863746085973
 0.002316996992147713
 0.0017626314729853598
 0.001919344272868051
 0.0016316331233475895
 0.0006188092142746099
-0.0002606875099774031
-0.0010793683253637193
-0.002124939262287462
-0.0025319431561213884
-0.0020430819308952936
-0.002052443343684318
-0.0014185595665477252
-3.383322226159502e-05
 8.779347635241852e-05
 0.00023047183572763585
 0.0008479820989388542
 0.000876045860836408
 0.0009134659164056202
 0.0008830528428553919
 0.0007801284933499353
 0.00041756699445631706
-0.0007987563019749427
-0.0013999032894955188
-0.000766019512358912
 0.0001976736167031562
 0.0011590276723473375
 0.0014046252621106592
 0.0006982199707840642
 0.00013449815795008035
 0.0006256984565940898
 0.0016712591552830586
 0.002241987950136054
 0.0023495802082426076
 0.0015566292004532967
-0.00016259488082888407
-0.0005251563797225023
 5.726778222003848e-05
-0.00013454135716606253
-9.478222817894955e-05
 0.0006326644856741032
 0.0012642091893927815
 0.0011823365006485148
 0.0010069008751878022
 0.0007753274876972083
 8.997385713181705e-05
-0.0001369213835229477
 8.762454547918408e-05
 0.0007542553504665261
 0.0015565524136927356
 0.001626719497112697
 0.0011214745197264814
 0.0005951778815790759
 0.00015542695989438637
-0.000588403506118787
-0.0010094418404601874
-0.0009088668026073776
-0.0007661884432321603
-0.00013698281293139658
 0.0009647156477874674
 0.0019073571160883457
 0.00260439587550855
 0.0026956146196897013
 0.0018348304827809775
 0.000819667500290111
 9.221054820231223e-05
 0.00021149817339842503
 0.0006629342239379415
 0.0007892390693877704
 0.001479260608554231
 0.0018885933375713537
 0.0017365484462897318
 0.0020803871196053286
 0.0030557756157569838
 0.0034206659498337566
 0.0025154394179847245
 0.0012757253873743601
-0.00016047081034055444
-0.0007569396510253013
-0.0007709792106501412
-0.0007733234031854358
 0.00015294455119008177
 9.446259662491963e-05
-0.0003733572060747037
 0.00020438880903202172
 0.00040554400385500733
 0.0009061005961706614
 0.001383266454307197
 0.0011937963883390107
 0.0012616243983410713
 0.0012616192792237052
 0.000536501400553821
-0.0006774828224595103
-0.0006985396023380802
-0.00036171814927624113
-0.001175720817826742
-0.0013722081040486445
-0.0011406449547928105
-0.0015195799676118033
-0.001739457988012838
-0.0011663901197419418
-0.0004670122869038368
-0.000532511461722715
-0.00039685032260124153
 0.00033995268492345576
 0.001111841793716803
 0.0016428063404653054
 0.002000679454288362
 0.0024263856972308456
 0.002503570000904551
 0.002540990056473763
 0.002653260461416132
 0.0022462565675821916
 0.001516460542076506
 0.0008123943241678255
 0.0006439759189608429
 0.00119131397963472
 0.0021830759897117358
 0.0033619638732216572
 0.00348125149841777
 0.0024005944602253637
 0.0015234368093912654
 0.0005129519737362143
-0.0009115488568891411
-0.0011127142899468867
-0.00010223969252658172
 3.809959343073488e-05
-0.0006145070092838933
-0.00044609884231165686
-0.0003104377031901695
-0.0004390918602926591
-0.00035956848320105317
-0.0008180319922290319
-0.0004952449796746389
 7.78228885962573e-05
-0.00011866439762565906
-0.00012100859016093979
-0.00028007070169629167
 8.01414855446797e-05
-3.915637788616533e-05
-0.0007291881552873719
-0.0006052223832554438
-0.0016437760999254286
-0.003086989517894073
-0.0030986900041009985
-0.002125640581367272
-0.0007502705307528001
 0.0004730597476974435
 0.0012472879299087053
 0.0014765120057466524
 0.001485863180300931
 0.0015700647042283522
 0.0026366770636785386
 0.0037313583041436726
 0.0034880895495635056
 0.0027629716708936353
 0.0024097664656716616
 0.002868219736464908
 0.0026553589363176033
 0.001698672789274519
 0.0009688767637688195
 0.00043088475853184094
 0.0008589300748922529
 0.0016214628900139555
 0.001981675077254927
 0.00169630300115238
 0.0005454737604226462
-0.0006053554803070876
-0.0005936652323349084
-0.00031999876155665297
-0.0006474741591815936
-0.0002662103111794323
 0.00018522573936008424
-0.0002124218608022116
-0.00039019655968085265
 0.0004144395769632714
 0.0008471630401594987
 0.00031618825517625015
 7.425444894598732e-06
-0.0008814275730290727
-0.0017889931782960333
-0.0020205665657866134
-0.0024299095330384685
-0.0018989449862899799
-0.0005048623483322051
 0.0001266823553864732
-0.00033645930047733474
-0.0008417042778635503
-0.000546986146324091
 0.00032782219285736047
 0.001539457104218045
 0.0024142654433994964
 0.0018598999242371572
 0.0005149275898207878
 0.00027633698207644997
 0.0011324327339146262
 0.0016704145009168586
 0.0015768464450830189
 0.0013522902778461687
 0.0007300916295644028
 0.0003137314420588039
 0.0007651674925983204
 0.0014060684899886572
 0.0021639231582745444
 0.001901941816351102
 0.0011370596895767388
 0.0014364559679520134
 0.0015884906209988753
 0.0015346868132695562
 0.0013428776738834414
 0.0007768167876315429
 0.0006505017039469541
 0.000531203840516109
-4.4213339407433994e-05
-0.00024303969904727885
-0.00018690705613477743
-0.00048163542590895503
-0.0003015318918471732
-5.8273375501766145e-05
-0.0010430284035597842
-0.0026780458417971637
-0.003580933300228295
-0.0036370761813755287
-0.0036838627688511455
-0.003660477153789393
-0.0036183789513843517
-0.003166942900844849
-0.0017237397211109506
-0.0007436730781234802
-0.000612690085837822
-0.0008980621619403689
-0.0016723005823863768
-0.002126085944578554
-0.002214975853576537
-0.0022173200461118314
-0.0023015318082740127
-0.002631346279316868
-0.0030570627604941114
-0.0033541302036862036
-0.0034406810392662857
-0.003716696821697202
-0.004135396082620688
-0.0037260633536035787
-0.0020957343004367884
-0.0013285233384792428
-0.0015484013588802775
-0.0013121600627886143
-0.001810387819921086
-0.0021378632175460266
-0.0009964005087226974
 0.00016611386086184954
 0.0006994174810282666
 0.0007040905087467159
 0.0003485462301068276
 0.00030877686288495465
 0.0009449997134394622
 0.0016560729133671265
 0.00198821621959315
 0.0019531249992071203
 0.0011508176977461787
 0.0002876944874195264
 0.00029236751513798953
 0.0005379651049012973
 0.00048416129717196443
-0.00047252484987111987
-0.0018104799640337593
-0.002273621619897581
-0.0023578333820597486
-0.0018619549365799237
-0.0005380445011595042
 5.139688103678042e-05
-0.0006246004558569523
-0.0008819036509445793
 0.0001917259287593509
 0.0009519196704631389
 0.0013402007387190579
 0.00259393897160215
 0.0032839605107685965
 0.0028605831030092815
 0.002341303685115606
 0.0023319422723265815
 0.0033026526216424074
 0.004123662272211906
 0.0043575644948856684
 0.004378611036529492
 0.003744717021158167
 0.0029470878665330408
 0.0021354242714004407
 0.0010243592787752137
 0.00017293143553812063
-0.0002036645038629714
-0.0007206048483387323
-0.0010644537598890752
-0.0013053834410512999
-0.0020071105855420657
-0.002203597871763996
-0.0025100216086277327
-0.0032234441202080716
-0.003267891634265746
-0.0032538623128756383
-0.0026854725914405853
-0.0015603833965426028
-0.0013475328346300441
-0.0009686080600457975
-5.169639934192449e-05
-2.8310784280186074e-05
 0.0003763437979010936
 0.001845276785232025
 0.0024160055800850205
 0.002511902471102001
 0.0026803106380742514
 0.002240559716389562
 0.002259267184615471
 0.002722398602244533
 0.002469773553992749
 0.0015411562879645846
 0.001148186834638118
 0.0017610189510135071
 0.00240191994840383
 0.0025188685001820282
 0.0017960896949300587
 0.0009095757504243157
 0.0007107493907844847
 0.0007738992539507022
 0.0005984636284899897
 4.6437182745565075e-05
-0.0004026700326107968
-0.0004517956935043005
-0.00032782992147235845
 0.0002616114607239123
 0.0013352410404278287
 0.0019574294504748763
 0.0014545235465065615
 0.00023586117665740092
-2.144201843019833e-05
 0.0010709001486169933
 0.0020018462498283263
 0.0025094200623977103
 0.0027199315508923544
 0.0023433356114912623
 0.0017187978897915679
 0.0016556377883905904
 0.0019597122136016942
 0.001636914962812555
 0.0015129389525458947
 0.001980748517010786
 0.002013490425744169
 0.0019152442230745276
 0.0016883489824197628
 0.0007199674682871054
 1.3562176960524308e-05
 0.00014922331608201167
 0.0001398619032929871
-7.065982343638921e-05
-5.6630502046295383e-05
-0.00032796813764138233
-0.0004402487808184974
 0.00025678997860170694
 0.0006614445607829866
 0.0003292910163222168
-5.234547206661722e-07
-0.0001923325941067533
-0.0005759457537615753
-0.00038882499944604965
 0.000834505279004194
 0.001157292291558587
 0.0006497082407544569
 0.0009350700786222715
 0.0014028796430871626
 0.0014894202404324985
 0.0013490707162404636
 0.0014706974148544771
 0.0016554790957520882
 0.0016671693437242813
 0.0017654053081591903
 0.0013864702953401836
 0.0008695299508644228
 0.00020288890764233458
-0.0004894819431768005
-0.00016669493062240748
 0.00026602853257381986
 0.0002800578539639137
 0.00044846602093616406
 0.0002519787347142338
-0.0005386331996571625
-0.001111711306162791
-0.000945642212608469
 0.000347860268379116
 0.0016741097772174501
 0.001655392070756781
 0.0008717973566391285
-0.0005690769879116014
-0.0015982744109099556
-0.0015187510338183358
-0.0012684752972191848
-0.0009948088264409433
-0.000917624522767238
-0.0008568137330189074
-0.0010088586243005293
-0.0012147022041940903
-0.0010696847714009444
-0.0008778858702496034
-0.0001621345234861099
 0.00040859427136687165
 0.00043197988642861007
 0.0009348755521621788
 0.0008880889646865758
-0.0001785336329983428
-0.0005177043977128565
-8.965908135247225e-05
 0.0005629372831274237
 0.0007547361842787786
 0.0005161455765344547
 0.0006518067156559421
 0.00024012467498618628
-0.00034932694544484444
-0.0007048712240847327
-0.0008873240697991752
-0.0006978642420657349
-0.001034695933362334
-0.0015188892499873458
-0.0016966639488659868
-0.0017481286831773912
-0.0016826397465932452
-0.0017317654074867628
-0.0017224142329324843
-0.0013528457520198822
-0.0010043289318684562
-0.0012288850991053063
-0.001231229291640601
-0.0010113615094742984
-0.0014417561374873572
-0.00098096379327621
 0.0002985042472039151
 0.00013476398883276175
-0.0004944518797027619
-0.00031200927222305164
-0.00044066342932554126
-0.001392671429532824
-0.0019984965638892155
-0.001804358589319946
-0.0020920697388404075
-0.00257158490862959
-0.0023821250808961497
-0.002157579151894032
-0.002064021334294952
-0.0024289219066064988
-0.0026183919725746713
-0.0022464844182441407
-0.002522500200675057
-0.002417247015986418
-0.0017389208439095027
-0.001519053061743228
-0.0011518236542485127
-0.0008921916239777311
-0.0010793226165280168
-0.0016290099888545267
-0.00217635828776315
-0.0020383580752237618
-0.0018769671285052414
-0.0020102994324435602
-0.0012384103236501992
-0.0003612629110508331
-0.000824404566914641
-0.0016290509417934973
-0.0020430720558811677
-0.0019074109167596803
-0.0016758477675038463
-0.00204308741323328
-0.0025553496108732393
-0.003205617140169939
-0.00369448860363078
-0.003126098882195713
-0.0019893143202081853
-0.0015519127101761288
-0.0018302675660249595
-0.0014349692775153106
-0.0002677767610949344
 0.0002772222261610141
 0.0007239801298647014
 0.0013952890816878866
 0.001729771461331825
 0.0020291677397070995
 0.0018560711876643016
 0.001318079182427323
 0.0005227891012201114
-0.0010233435471366237
-0.002071253557478267
-0.0014724558816103378
-0.0008689800589066071
-0.0008923759122030916
-0.0009672313806936145
-0.0016549240846769203
-0.0021367783278840174
-0.0022818059989118816
-0.002742608581357789
-0.0029835382625200135
-0.00255783201957753
-0.001699397194321453
-0.0012807081716326996
-0.0014561437970934121
-0.0016432747896436978
-0.0017929806075073912
-0.001959059939296459
-0.0013813139241897476
-0.00020008696726189767
 0.0007448935744568952
 0.0008945891540858425
 0.0006045389311474803
 0.0008875616955973803
 0.0013085897917040346
 0.0021857372043034007
 0.0031634647738729427
 0.0028079204952330683
 0.0017483151178018796
 0.0009834329910275025
 0.0011565193048355682
 0.0015354440794198426
 0.0014582495375113774
 0.0010816535981102993
 3.608266118658443e-05
-0.0006352365288713469
-0.0008644708429440262
-0.001322934351972005
-0.00142118055464166
-0.0012153472129828313
-0.0007311641345925518
-0.0003382049195008313
-8.400686692708326e-06
 0.00036350686763782225
 0.0003564845282667123
 0.0011517643712391917
 0.0021318310142266483
 0.0021949808773928797
 0.002522446036783102
 0.0025855958999493195
 0.0020546211149660987
 0.0018090132869680448
 0.0013482107045221375
 0.0006932650283895947
 0.0005669499447050197
 0.00046636466861746384
-0.0002189889619479135
-0.0006844696912296361
-0.0010142841622725052
-0.0023522392764351446
-0.0030680008614333704
-0.002410726350117673
-0.0018937962438766304
-0.0012505561730683928
-0.0010213320972304735
-0.0014540657986614192
-0.001250571530420505
-0.00011144789501507657
 0.0009317737302559914
 0.0006159936997205823
 3.589837296122389e-05
-0.00045999031075334706
-0.0011944644830948759
-0.0012833543920928725
-0.0016225251568073723
-0.0021230919873577725
-0.0021043845191318494
-0.0019710624534282767
-0.0014120290256648543
-0.0010798857194388167
-0.0013488842816159752
-0.0017441928083603703
-0.0017839621755822294
-0.0009302054971619678
 5.453929266131807e-05
 0.0005621131052307021
 9.663237594897955e-05
-0.0005606523736014779
-6.945207495746841e-05
 0.00030947269962679214
-9.753119420714829e-05
-0.0008694305412352415
-0.0013302331236811488
-0.0013793587845746524
-0.001561811630289095
-0.0012881451595108534
-0.0009326111191057113
-0.0009677023394917411
-0.0006566106940269212
 9.890490084106529e-05
 0.0006906853564552645
 0.000826346495576738
 0.000714065852399623
 0.0008263362573420058
 0.0009432848091201901
 0.00024857488488316815
-0.0005069509482195506
-0.0007057773078593954
-0.0004157373231557515
 0.00021814645398084143
 0.0006111056690725619
 0.0010251165449255
 0.0004918026865243369
-0.00040640662507096526
 3.5673131796906676e-05
 0.00028594886839602984
 0.0006555173493086458
 0.0010742063719974132
 0.0002204394553424055
-0.0002707710815363362
-0.0003386093297731291
-0.0007994119122190363
-0.000570187836381103
 0.0004613384218004196
 0.0008753492976533439
 0.00017128307974467738
-0.0008508971229999329
-0.0011924069611323612
-0.0005725576245032282
-0.0003690633562623141
-0.0010006182982157524
-0.0014310129262287974
-0.0014894948807939595
-0.0012930178328067754
-0.0008439208556851735
-0.0005468636507278135
-0.000794810552143782
-0.000895395828231324
-0.0006100339903635371
-3.4627048674712446e-05
 0.0004823030575663162
-4.16545071632024e-05
-0.0003153312161761901
 6.82717052438997e-05
 0.000522046829201317
 0.0015722856747261288
 0.0020424343126089345
 0.0017594013099242883
 0.001160593395821627
 0.0007980318969280087
 0.0012892321955720043
 0.001350042985320321
 0.0013570550864566988
 0.001158228726816854
 0.0004401280684007136
 0.0004798871973878266
 0.0006950768327182999
 0.0004447908578844306
-0.00029903960812874275
-0.0007153997956343278
-0.0007528300894382722
-0.001031184945287103
-0.0006241912896878948
-0.00023123207459616046
-0.0005166041506987212
-0.0009797458065625292
-0.0011551814320232417
-0.0003318327080358424
 0.0005359584108918791
 0.00042367776771477794
-0.0005330083793283202
-0.001506068040296793
-0.002027686531608383
-0.0024159778380990343
-0.0019598636407237024
-0.0011716010180049669
-0.001059330613062598
-0.0010967609068665424
-0.0008160772158345708
-0.00027575637541442377
-0.00010734820844217341
-0.00010267518072372417
 0.00041191585209938986
 0.0007978578469373943
 0.0003955320999392692
 0.00023646998840393119
 0.00012185027180891539
-0.0005868940929355942
-0.0006991747361126954
-0.00019861814379705522
-3.722719707854871e-05
-0.00035066815419602937
-0.0003553514201492247
-0.0006524188633413308
-0.0007951074609512943
-5.3626306590767725e-05
-0.0003413374561112431
-0.0006150141651242308
-0.0006945477804505967
-0.001314407355314462
-0.0010922004997302448
-0.0009471830669371267
-0.001216181629114299
-0.0012582900697540589
-0.0011600541053191638
-0.0009097783687200267
-0.0003834919688073535
 0.00011004740325455675
-0.00015427301208678634
-5.6037047651877336e-05
 0.0010620349269923474
 0.0018877227243976613
 0.0026175085116686286
 0.003625644035671019
 0.0035624839342700554
 0.0024654533821522745
 0.0015906348047360769
 0.0018502668350068585
 0.00252157578683003
 0.002065451351219952
 0.0016303785763710915
 0.0018923496800597739
 0.001983568424240953
 0.0018268453861235295
 0.00161866273281204
 0.0010947051680825354
-0.000231554578990531
-0.0008888393285409885
-0.00042804698432982735
-0.00030875935913371455
-0.00030876447825109454
-0.0005801021138461815
-0.0013987829292324977
-0.0012701390103647542
-0.00021990016483994235
 0.0004584260072369589
 0.0008186381944779303
 0.0006057773943306255
 0.00015667017897429136
 0.00044437109026000676
 0.0011320535560085665
 0.001716816791369008
 0.0017191507456695565
 0.0016325999100894606
 0.0017331749479422703
 0.0016208943047651692
 0.001443119605886542
 0.0012068680715601188
 0.0022594459905028452
 0.0037494306385949666
 0.003740069225805942
 0.0036628746838975046
 0.003548254967302489
 0.002701505270901211
 0.0021307662378134973
 0.002423145295935042
 0.0026500302983550605
 0.002090986632356892
 0.0015459774068661836
 0.0010056463282112904
 0.000696883517929639
 0.0012395434317676868
 0.0018406801810535167
 0.0017751810062346385
 0.0011459651376991148
 0.0006851625552532215
 0.0006524104082851062
 0.0005869112334662002
 0.0003763895067368239
 0.0005331023066195151
 0.0009190443014574917
 0.00011673699999655007
-0.0012142008939123455
-0.0015627279522985038
-0.0014387621802665757
-0.0010645155525181305
-0.0005405682260233857
-0.00036982098563322074
-0.0005171877300789995
-5.1717239032036955e-05
 0.0011879865533435952
 0.0022826677938087153
 0.003452199383646992
 0.003744578441768537
 0.002701346578262709
 0.0022265095553093556
 0.002327084593162179
 0.0019083853322386657
 0.0015317893928375875
 0.001903696947168118
 0.0019387779293194018
 0.00154113032915712
 0.001400780804965071
 0.000727122541489239
 8.855037928208465e-05
 0.0004136764652543923
 0.0009937615537790184
 0.0010381988296019606
 0.0005259366319620151
 4.174331533700337e-05
 0.0005797250823392358
 0.001964451426625366
 0.002691898140478391
 0.002956208317585002
 0.003021697254169148
 0.0024369237805739463
 0.0019082880690086262
 0.0016158987726523355
 0.0013047968889527695
 0.0009726433444919996
 0.0004790937341953294
 1.9176378240615133e-06
-0.00029982795220385994
-0.0003817006409481405
-0.0002203096942296201
-2.7809854812460566e-06
 0.00012586293338649746
 0.00023579426491096567
 0.000682552168614653
 0.0014988836723483223
 0.0018661130798430375
 0.0014427356720837226
 0.0007293131605033976
 4.3959529938020214e-05
-8.235555374655479e-05
 0.0002755175600764881
 0.00032697205615317415
 0.00024042122057307824
 0.0004392373419781631
 0.0010193224305028031
 0.001753786364609572
 0.0021724753872983255
 0.0018333046225838256
 0.0010216410274512255
 0.0005000225361396354
-5.442944107508785e-07
-0.00011750308442369517
-3.5640633914160724e-05
-0.0006414657682705521
-0.0009829756064029943
-0.001230922507818949
-0.00172681119153352
-0.0017431898245762745
-0.0016636664474846546
-0.001773608017243855
-0.0021081006351225534
-0.0023911336378071857
-0.0020753638455065365
-0.0014414800683699436
-0.0008567168330094743
-7.781050396239719e-05
 0.0009162905795325471
 0.0015291226959079363
 0.001709226229969732
 0.0018121403412404563
 0.002184047895570987
 0.0030307873537375046
 0.003231942548560504
 0.0025886922395175344
 0.0020928035558029495
 0.001765328158178009
 0.0020506899960458236
 0.0027570850491376586
 0.0030681766946024924
 0.002983964932440311
 0.0023126457423823937
 0.0016272921118170164
 0.0016974591952369916
 0.0017114885166270716
 0.0014658806886290177
 0.0016834093973773917
 0.0013816638073494703
 0.00012557626281373135
-0.0006907654791546841
-0.00026739830963011524
 0.0008343001510887488
 0.0014120461661954603
 0.001697408004063275
 0.0017371671330504018
 0.001089238677171589
 0.0010635037504572037
 0.0018026458313998017
 0.0021932659730736076
 0.0021347840185084593
 0.0016131655271968692
 0.0007336688029448424
 1.0889997692886677e-05
-0.00012010323282751756
 6.233937465219275e-05
 5.531703528108278e-05
 8.805894401446579e-05
 5.2967723628435937e-05
-0.0001622321499367696
-0.00026515649944225395
-0.0006113444844104976
-0.0007704065959458217
-0.0008171931834214385
-0.0013013865000464364
-0.0007610656596262894
 0.0001067254593014183
-5.467572565182044e-05
-0.00030963984732151895
-0.0007961722373644592
-0.0007470568147056877
-0.00011785118440491016
-0.00029796495670146583
-0.0003470906175949695
 2.94950835713903e-05
 0.0003803509771407032
 0.0004364836200532185
-5.238784340763636e-05
-0.0003096910384952356
-0.0003541385525529239
-0.0001178972564612607
 0.0006352792649888112
 0.0011756001054089582
 0.0015264559989782711
 0.001994265563443162
 0.0019895822974899807
 0.0007919715884020101
-0.0008079597485666778
-0.0014301583968484577
-0.001586881434965895
-0.0015634958199041427
-0.0012874902757079865
-0.0009576860428998635
-0.0003401757796886451
-0.0002629914760149399
-0.0002863873293114383
 0.00011592817945194067
 3.171641728977326e-05
 7.849276653061621e-05
 0.0005977619461895595
 0.0007708482599976113
 0.0006234815155518325
 0.0008690791053151542
 0.0008643958393619589
-0.00015076714312892148
-0.0010887407028287166
-0.0015004227434984863
-0.001813863700615967
-0.0020009946931662387
-0.0020477812806418416
-0.002164740070654772
-0.0026302207999364807
-0.0031261094836510656
-0.003025534445798242
-0.0020384505825570415
-0.0010396713522262957
-0.0013437560156721318
-0.002089925555103206
-0.002361263190698293
-0.002188176876890227
-0.0011028519300967515
-4.559586431820972e-05
-1.0514882166912098e-05
-0.0005204380063889569
-0.0012595903255662871
-0.0018069386244749103
-0.0018934894600550062
-0.0022045913437545722
-0.002946082736349817
-0.0033530866301837714
-0.003561269283495233
-0.004101600362150112
-0.00434720819014818
-0.004202190757355048
-0.003615088448576678
-0.002539119795454861
-0.0018748280638854198
-0.0014631562614503962
-0.001320477902075179
-0.0013298393148641896
-0.0005275422516379802
 0.0005156793736330739
 0.000824431945680007
 0.00010399221384593815
-0.0010281244395404926
-0.0015731336650311872
-0.0015170010221186997
-0.0009766801816985526
-0.00029367586278582214
-0.00042233001988832564
-0.0008293339137222522
-0.000738115169541087
-0.0003615294683747411
 0.00013668805052299837
 0.00034018231876391247
 0.000653613037646647
 0.0007003893868875177
 0.0004313908247103454
 0.0005600347435780889
 0.00010624938138592555
-0.000366248568149527
-0.0004434431100579783
-0.000677355570966473
-0.0005697633128599333
-0.000579124725648944
-0.0008644968017514909
-0.000937013196824113
-0.0008153864982100995
-0.000780305516058788
-0.0006423053035193999
-0.00011134075677091126
 4.0693896275964536e-05
-0.00013708080260267652
-0.0003873667774365458
-0.0009534276636884581
-0.0009113294612834305
-0.00014411849932588483
 0.0002722314499449541
 3.597991561853087e-05
-0.0005230637503796376
-0.0014493419429898735
-0.002464504925480754
-0.0027568942218370446
-0.0026773708447454247
-0.002616560054997108
-0.003025903022248949
-0.004052761371829389
-0.004190771822603523
-0.0036410946885117312
-0.0034095315392558972
-0.0032949220608956137
-0.0033417086483712027
-0.002733554678831643
-0.0014564257117694324
-0.0008014902738716356
-0.00091143184363085
-0.0014307112615245254
-0.0019640251199256747
-0.0022634316365356955
-0.0017745704113096006
-0.0009582389075759173
-0.0010845539912605062
-0.001793298356005002
-0.002216675763764317
-0.0017699178600606297
-0.0014611652880137105
-0.0021628924325044763
-0.0030002858352340955
-0.003287996984754543
-0.0027570324380060685
-0.00214653939504858
-0.001645982802732926
-0.0011851904585217787
-0.0013465916434750314
-0.0012927980739804307
-0.0006331844892468186
-0.0004016213399909707
-0.0009723603730786984
-0.002169971082166669
-0.0030120426317321036
-0.0029535709154016876
-0.002857674024384693
-0.002675231416904983
-0.0025606219385446993
-0.002429638946259041
-0.0019010134729284534
-0.0018355245363443073
-0.0021372701263722427
-0.0024951534784300317
-0.0023103717975324206
-0.0017840853976197474
-0.0015922864964683786
-0.001080034537063193
-0.0014285615954493375
-0.0023291099804625542
-0.0019150991046096438
-0.0005397290539951582
 0.0009315430067536878
 0.0012192439180394032
 0.00039822402923515854
-0.00022865276588243666
-0.0003947320976715185
-0.0005654895762964018
-0.0009514418093691385
-0.0009350734145611439
-0.0004345168222454898
 0.0001549245599507948
 0.0010624799269830093
 0.0018928458712241525
 0.001796938741972412
 0.001347831526616064
 0.0008379084023940331
 8.238256929131438e-05
 8.4716523591849e-05
 0.000407503536146242
-0.0001258103222549073
-0.000504745335073914
-0.0003176245807583744
-0.00035505487456233276
-0.00022407188227666075
-9.0749816573088e-05
-0.00035273115849653036
-0.0003527362776138965
 7.063089191068628e-05
 0.0005080325019427151
 0.0005758605119447757
 0.0008869521574096095
 0.001630772385188023
 0.0021360071243395062
 0.002692701478685028
 0.0031558328963140897
 0.0031043681620026714
 0.002610818551706001
 0.0017313218274539882
 0.0009336926728288758
 0.0010810491790399085
 0.0020587767486094644
 0.002556994267507204
 0.0022903347787479322
 0.0015277917253914836
 0.0008330818011544616
 0.0013359774668880164
 0.0022879752288605393
 0.0023441078717730546
 0.001852897334894299
 0.0015113874967618846
 0.0012330326409130676
 0.0011488208787508863
 0.0019417616483054512
 0.0027627712988749498
 0.002423600534160436
 0.0019394072175354243
 0.0020446604022240494
 0.0025732858755546373
 0.0032983935159897754
 0.003202486386738035
 0.0026715116017548
 0.00223643882690594
 0.001113678467191126
 0.0002365208163570276
 0.00014295276052320172
 0.0001850509629282293
 0.000463395580542314
 0.00034175864369355435
 0.0001967309726656763
 0.0007581034738470271
 0.0013615792965507717
 0.0020094975141948246
 0.00258022630904782
 0.0025100489873931126
 0.0015603800606037443
 0.00043294155405312895
-3.0200101810679003e-05
-0.00031557217791323977
-0.0014079245831951775
-0.002586822704939859
-0.0021353866544003425
-0.0007763901177112453
 0.00023174540629114504
 0.0008211867884874297
 0.0010176638364746138
 0.0013848932439693151
 0.0026900910920464455
 0.003918099517332518
 0.0034549578614686965
 0.002479559127082323
 0.0018503432585468133
 0.0010386796634142131
 0.0007439512936400217
 0.0007603196884480301
 0.000470269465509654
 0.00034161530840716436
 0.0004117823918271396
 0.0007392475512173341
 0.0007556159460253564
-1.394432758484998e-05
-0.00028294288976200843
-3.266715316287139e-05
-0.00036949884445947045
-0.0011437372649054783
-0.001073570181485503
-7.713002457267193e-05
 0.0004631908158474751
 0.0005778002942077587
 0.0004163991092544922
 6.78720508683478e-05
-0.00012393708851773932
 3.2775711364937954e-05
 0.0006900502226806354
 0.0007929643339513737
 0.0004046730274607224
 0.00032513941213437036
 7.017529046467186e-05
-0.00010526033499605458
 0.0002479346319911868
 0.0008748011888740498
 0.0014852942318315104
 0.001143784393699096
 0.0004677870568053494
 0.00083969461113588
 0.0011999067983768513
 0.0007297479222592995
 0.0002946751474104392
 0.0002736183675318693
 0.00037419340538467905
 0.0007063367116107166
 0.0007835210152844219
 0.00029932769865939624
 0.00010751855927330911
 0.00015663398193208056
-0.00016616326885705857
-0.0005755062361088997
-0.0011205154615996082
-0.0019579088643292275
-0.002166091517640703
-0.001962597249399789
-0.0017801546419200787
-0.0016444935027985913
-0.002056175543468361
-0.0022713754170335665
-0.002058524855121008
-0.0014573881058351779
-0.0005872579134895417
-5.1615219905223886e-05
 0.00014252275466403175
 2.173230471996801e-06
-7.502131143644064e-05
-9.607809131502443e-05
-8.20487699249306e-05
 0.00029921507807724457
 0.0007997716703928848
 0.0009471281766039313
 0.0006477216599939245
 0.0004442171535182643
 0.00034363187743070844
 0.00014246644437296285
-0.00020606061401319542
-0.0004984499103694723
-0.0002972947155464728
-0.0005124945891116922
-0.000877395161423225
-0.00013123586022689704
 0.0005587856789395773
 0.0003576202458818317
 5.587465585389639e-05
-1.4302665800811076e-05
-0.00020377273176898358
-0.0004634150002745252
-0.00045640289913816134
-0.0002365351169718588
-5.409250949216238e-05
-0.0003394645855946954
-0.0006575836895480053
-0.0006365371479041815
-0.00014533684926017199
 0.0008019827658765355
 0.001590245388595271
 0.0019411012821645979
 0.001239374137673832
 0.0005680549476159147
 0.0009961002639763128
 0.0011107097423365825
 0.0007972687852191018
 0.0005797298382359956
 0.0003504955241633023
 0.0005305990582251119
 0.0012206205973915724
 0.0015714764909608853
 0.001393701792082272
 0.001274403928651427
 0.0012510080753549285
 0.0017211567132377342
 0.002217035158717573
 0.0018123703383015333
 0.0008977875127808427
-0.00030917948997875866
-0.0008237807610366188
-7.996053325819152e-05
 0.0009351922109979427
 0.0018801727527167356
 0.0019058974411963886
 0.0005796376941233222
-0.0006460418959795822
-0.0011793557543807315
-0.001539578179856449
-0.0015278879318842559
-0.0010179750458969572
-0.0009057046409546021
-0.0014179668385945338
-0.001686965400771706
-0.0012682763780829664
-0.000447266727513454
-0.00018997377066058696
-0.0008332240797035706
-0.0013431472039256015
-0.0013899337914011906
-0.0016261853257276138
-0.002002781265128706
-0.002126757275395366
-0.0021712047894530684
-0.0021524973212271314
-0.00178526791373243
-0.0007818105365658551
 0.00046023232922767776
 0.0009888578025582517
 0.0010847546935752461
 0.001639109974502867
 0.002160718227579697
 0.0021560349616265156
 0.0018706628855239688
 0.001201682768883952
 0.0007502364801097033
 0.000394692201469829
 7.189495068068985e-05
 1.107392269762697e-05
-0.0001994478040317632
 0.00013269550219426052
 0.00039232753246505603
 1.3392519646049372e-05
-0.0004520882096356732
-0.0008918391313203627
-0.0016426868175872522
-0.0024473331924661224
-0.0021362415470012885
-0.001895322104073796
-0.002253205456131599
-0.002332739071457951
-0.0026929614969336685
-0.0028777534160660256
-0.0020614219123323563
-0.0011328148845389518
-0.0009714239378204315
-0.0009106131480721008
-0.0006556592646371484
-0.00038199279385889295
-7.090114839405914e-05
-0.00017850364473535885
-0.0006650360347782713
-0.0008872531285972207
-0.0008311204856847193
-0.0005083334731303263
 0.0004296298483347366
 0.0007758075950682342
 0.00030564871895069623
 0.00013021309348998367
-0.00020661859780662928
-0.00050602511441665
-0.0004896567196086415
-0.000559834041263349
-0.000950464421171901
-0.0016592087859164106
-0.0018603742189741423
-0.0014089381684346258
-0.0005247735355815436
 0.00042956329980890773
 0.0008576086161693058
 0.0012318552439177372
 0.0017791933045916142
 0.002057537922205699
 0.002275066630954073
 0.002754571562508523
 0.002862163820615077
 0.00230779830145271
 0.0021230063823203527
 0.0022680238151134846
 0.0020832318959811136
 0.0017323657641770546
 0.0013370572374326734
 0.001411902467688464
 0.0019802921891235448
 0.0022446023662301418
 0.0018680064268290497
 0.0012996064671592367
 0.0007545972416685282
 0.0001511111807300375
 1.5439803373817895e-05
-0.0001553176752510793
-0.0008734183336672197
-0.0012593705667399563
-0.0010044166833050039
-0.0007026813315118008
-0.0008500480759575796
-0.0011985751343437517
-0.0014839472104462986
-0.001614940440966689
-0.001039533499277892
-0.00034483381327560236
-0.0005249475855721442
-0.0009974455351075967
-0.0011892546744936977
-0.0011962770138648077
-0.0010208516266388273
-0.0005787718697709554
-0.0004477888774852973
-0.0010349014244984134
-0.001626692118347331
-0.001811484037479702
-0.0013927950147909485
-0.0007448767971468817
-0.0005109745744731331
-0.0005226750606800584
-0.0005951914557526666
-0.0005320415925864491
-0.00025369697497236443
 0.00022112980974625662
 0.0006070718045842471
 0.0004035672981086008
-0.0001297465602925485
-0.0003964060490518201
-0.0002373541757512143
-0.0002560718822118696
-0.0006630757760458239
-0.0008759365761931148
-0.0009928953662060591
-0.0010888024954577857
-0.0011168764955900856
-0.0013133637818120159
-0.0014350007186607755
-0.0016151144909573034
-0.0017273951341344324
-0.0018069287494607844
-0.0020782663850558575
-0.0018771111902328719
-0.0017133811700964369
-0.0018209836664377227
-0.001982384851390989
-0.0018443846388515872
-0.0009298120515656288
-0.0002889110541753198
 8.299650015521076e-05
 0.0001438072899035414
-0.00023512772291546524
-0.00027957523697315356
-0.0002749022092547043
-0.0005205100372527582
-0.0008128993336090351
-0.0009041283160249602
-0.001210552052888711
-0.0014795506150658694
-0.0012596828328995946
-0.0010585276380765812
-0.0011240268128954595
-0.0015403870004010584
-0.0018725405448618282
-0.0023684292285763853
-0.0028806914262163447
-0.0022538248693334817
-0.0012363330516594329
-0.0004550876491944411
 0.0006863750596289159
 0.0019751993937806717
 0.0025038248671112456
 0.00207810838593403
 0.0017974144566672984
 0.0018605643198335298
 0.0022160983602386858
 0.0026885860715393783
 0.002354093453660694
 0.0018605438433640514
 0.00127577036976885
 0.0005740432252780842
 0.000613802354265211
 0.0007237336857896653
 0.000751797447687233
 0.00043133927031602237
-0.0007405416311749291
-0.0010703561022177843
-0.0005300352617976373
-0.0006727238594076146
-0.0005581143810473171
 0.0002278091682535177
 0.0007026359529721249
 0.0006464930718248912
 0.000765780697021004
 0.0012639982159187296
 0.0013949812082043878
 0.001518946980236316
 0.0015563670358055282
 0.001939969957225618
 0.0025294113394218887
 0.002230004822811868
 0.0026206249644856877
 0.0034743816429059354
 0.0039351739871170965
 0.004466138533865599
 0.004508236736270627
 0.004126962650033705
 0.003764401151140087
 0.003645103287709242
 0.003605333920487383
 0.0037199433988476666
 0.0033620600467898637
 0.0025433792314035336
 0.0023585873122711765
 0.0022720364766910806
 0.0018439809220959502
 0.0008592258940379183
-8.342581249771996e-05
-0.0007407105620481635
-0.0017979768660614515
-0.00235702053205962
-0.0025394733777740625
-0.0032599131096081174
-0.004480914552875193
-0.005395497378395869
-0.005795484051976094
-0.0060878733483323705
-0.0052107259357329905
-0.003959326776267827
-0.0033932761282506607
-0.002572266477681162
-0.0018518369840818533
-0.0013816883461990476
-0.0006940058804504878
 0.0002018541194921536
 0.0005503709396435796
 0.00017611407366040222
-0.00031041831638253803
-0.0006659625950224124
 7.317948592017176e-05
 0.0010204991010568931
 0.0010064595414320532
 0.0008333629893892414
 0.0003374743056746704
-0.0003432011780548777
 2.4028229439809756e-05
 0.0012286459205467642
 0.002054333717952092
 0.0024075286849393196
 0.001920996294896407
 0.0006485352364352936
-0.00011634689033908352
 0.0001409460665137835
 0.0009713120107549406
 0.0014040354739511401
 0.0014718634839532008
 0.0011420490129103456
 0.0010321074431511312
 0.001890542268407222
 0.0019794219391704726
 0.0012847120149334507
 0.0009548975438905816
 0.0007630884045044806
 0.00037947524484965856
-0.0003690333679993302
-0.0010216399707139584
-0.0012999948265627753
-0.0013537986342920943
-0.0010239944014839852
-0.00014216884204878988
 0.0004846977148340731
 0.00033031375013455044
 0.00018294700568877165
 0.0009314453803030281
 0.0022647121093950923
 0.0030155495574272495
 0.003810829400399729
 0.004680959592745351
 0.004313719947015904
 0.0040634339721820345
 0.00444703689360211
 0.004287974782066772
 0.004009619926217942
 0.0036400412070705934
 0.0031371353031022925
 0.0025219538750742426
 0.0014272623963743902
 0.000575834553137311
 0.0003723300466616508
 0.0006132494895891433
 0.000858847079352465
 0.0009945082184739384
 0.0007301878031325953
 6.354675991050718e-05
 0.00025534566106186207
 0.00045650085588486156
 0.000578127554498889
 0.0011932987442921789
 0.0011605465973240497
 0.0012026447997290912
 0.0014201735084774653
 0.0012026345614943451
 0.0008962108246305805
 0.0009289527333639774
 0.0010599357256496494
 0.00037458209508424434
 0.00017809480886234186
 0.0005312897758495694
 4.9435532642472246e-05
-0.00018681600168393708
-0.0002640105435923745
-0.0007318303462920256
-0.0008745189439019752
-0.0008464551820044075
-0.0011107755973457645
-0.001478015243075198
-0.0013446931773716253
-0.0009400385951903456
-0.0007646132079643653
-0.000773974620753376
-0.0009119850715275241
-0.0009143292640628048
-0.0009002999426726971
-0.0008956269149542617
-0.000432495497325186
 0.00025050882158753063
 0.0006691978442762841
 0.0008118762036515154
 0.000708951854146031
 0.0004095453375360242
 5.634013231405055e-05
-0.00026411804505717396
-0.0003880940553238482
-4.191630859033679e-05
 0.00037677271409840285
 0.00020835430889142026
-0.00014485089633055337
-0.0003179474483733652
-0.0002618148054608638
 0.0003744080450936438
 0.00146207206530502
 0.0019602895842027734
 0.0012187981916075147
 0.0006784671129526215
 0.0009568117305667062
 0.001249190788688237
 0.0016351327835262414
 0.0020842297606478433
 0.00277425129981429
 0.003366031755428489
 0.002982418595773667
 0.002315777552551565
 0.0022315657903893976
 0.002493536894078094
 0.0028771398154981698
 0.003164840726783899
 0.0028654342101738783
 0.002060787835295008
 0.001288888488266915
 0.0009286660627912113
 0.0010339192474798364
 0.0012818559106610727
 0.001450264077633323
 0.0013824258293965164
 0.0006198827760400538
 2.1074861937406264e-05
 0.000538004968178421
 0.0008397403199716102
 0.0004280582793018406
 0.00026431802093068724
 0.0006642944562761516
 0.0013589941422784274
 0.0022735667295643858
 0.0027577498079546514
 0.0019577815799116105
 0.0010104517265401708
 0.0006291776403032495
 0.0005566612452306274
 0.0008209714223372383
 0.0009379199741154365
 0.00077651878916217
 0.00022683141683566
-0.0005567632972819925
-0.0006246015455188131
 0.00018939088479695554
 0.0011530840138590515
 0.001513296201100009
 0.001043137324982471
 0.0002712379779543639
-0.00015915665005868107
-0.00012641474132528419
 5.134971931858301e-05
 0.00027121750148488555
 0.0002361262810988557
-0.0002878312836306629
-0.000994236574957244
-0.0016351478105822992
-0.001543929066401148
-0.0010410334006675792
-0.0008398782058445797
-0.0005568554413946797
-0.00018026974022833375
 0.00035303387993808333
 0.0005845970291939173
 0.0005752356164049066
 0.0008301894998398729
 7.700274015505493e-05
-0.0010387403993060013
-0.0014270317057966525
-0.0018083057920335738
-0.0019954367845838455
-0.0019439822885071734
-0.0016469250835497995
-0.001268000308965539
-0.0011674252711127292
-0.0006762249724687197
 8.630784265299674e-05
 3.016496150574921e-05
-0.0001522878842087072
 5.822360428595075e-05
-0.0006014002186824213
-0.0013382134644418509
-0.001008409231633714
-0.0008587136520047806
-0.0008259717432713837
-0.0003347714446273742
-0.0006458733283269541
-0.0009055155968324818
-0.00032075236147202646
-0.0008447099262015312
-0.0017990569998267147
-0.001731228989824668
-0.0015791943367777922
-0.001509027253357817
-0.0011768839471317932
-0.001106716863711818
-0.001218997506888933
-0.0009079058614241131
-0.0004260618564517482
-7.520596288242143e-05
 0.00036219564714962127
 0.00037154682170389974
-0.00010562927466738203
-0.0003161510013967722
-0.00042843164457388727
-0.0006319361510495336
-0.0005804816549728614
-0.00011735023734378569
-3.080963999843589e-05
-0.0002694002477427737
-0.00034659478965121115
-0.0009641152910971618
-0.00129860790897586
-0.0006156035900631296
 5.336628834212709e-05
 0.00012821151859793156
 0.00020305674885372216
 9.779332593033707e-05
-0.00029985427423195876
 9.310494085977561e-05
 0.0003667714116380172
-1.2163601180975592e-05
-0.0004144893481790868
-0.000915056178729487
-0.001331416366235058
-0.0018390004170391883
-0.002290446705813451
-0.0024401525236771304
-0.002115026437704823
-0.00145307377955331
-0.001268292098655685
-0.0015326125139970281
-0.001869444205293641
-0.0017969380484557512
-0.0013150940434834002
-0.0009197957549737512
-0.0005970087424193582
-0.00033035949189486047
 7.663416370434772e-05
 0.0004345072775274045
 0.00025205443181294807
-0.00014091502151351853
-0.0005455798419295443
-0.00155840375100251
-0.0025782448803292057
-0.0027466632855361883
-0.002901047250235711
-0.0024613065667857537
-0.0014040505010072118
-0.0009432581567960646
-0.00037019028852516844
 1.1073559477006722e-05
-0.0003655223799240853
-0.0007725262737580257
-0.0006251697675469792
 0.0001701100754254864
 0.0008998958626964537
 0.0012297000955045628
 0.0010542644700438503
 0.0003806062065680321
-0.00038661499362425966
-0.0005269645178163085
-4.044236600811435e-05
-0.00010828061424492108
-0.0006369163258102412
-0.0010158513386292478
-0.001067316072940666
-0.0008614827312818374
-0.0005316784984737144
-8.725966818794173e-05
-0.00019252309111132682
-0.00026971763301976426
 0.00023317803271379056
 0.0007945505338951275
 0.0016740370199124222
 0.0026166784882132865
 0.0025628746804839675
 0.001470522275202002
 0.0006003818446216336
 0.00015595277610112868
-0.00027444185191193016
-0.00029549863179050007
-0.0002042798876093349
-0.0006253182219507492
-0.0015703090019042742
-0.0024825527540070502
-0.0027702639035275256
-0.002353913954256673
-0.0016826050024335015
-0.0008686125721177468
-0.00047799243044392703
-0.0008078069014867822
-0.0006136689269175266
 0.00021435794390571583
 0.0014704352502067086
 0.00274990329068682
 0.003203678414644251
 0.0030867196246313067
 0.0024130613611554746
 0.0019382243382021214
 0.0016598694823532906
 0.0008411886669669744
 0.00042482847946138935
 0.00015582991728421702
-0.00023713953604224958
-6.405322223418386e-05
-0.0002277934806053511
-0.0007166649440661782
-0.0005342223365864679
-0.00020207903036044417
-0.00023249210391065867
-0.0005061688129236463
-0.000990362129548658
-0.0018254164588603627
-0.0019798004235598715
-0.00109797486412469
-0.0006254871528239836
-0.00016235573519490787
 0.0004294247204192775
 0.0005557295658691203
 0.000815361596139888
 0.0011896082238883332
 0.001395441565547162
 0.0010609489476684636
 0.0004574628867299868
 0.00036623390431407554
 0.0007966182940923744
 0.001128761600318412
 0.0004153390887381009
-0.0007542027393349221
-0.00151440671927347
-0.002300340506809037
-0.0032476703601804907
-0.0039634319451787164
-0.0038324489528930444
-0.003451185104890883
-0.0033435928467843296
-0.003182201900065823
-0.003605579307825138
-0.004057025596599387
-0.003745933951134553
-0.0030535733385501918
-0.0025202697183837747
-0.002616176847635515
-0.0023495275971110036
-0.001271219870571258
-0.00023501546555391994
 0.0003567649900602654
 0.0003778115317041031
 0.0002702090353628034
 0.0002608476225737927
 0.00025616435662059733
 0.0005532215615779573
 0.0010607953741473414
 0.0012923585234032031
 0.001247911009345501
 0.0013835721484669883
 0.0015473021686034233
 0.0012502347254113033
 0.000677156618905661
 0.00018126793519110396
-0.00031228167510556626
-0.0004549702727155158
-0.0001555739943402551
-0.0003871473818308352
-0.0005508876402019885
-0.0001298595440953343
-8.776134169029282e-05
 9.468126578941749e-05
 0.0007730074378663188
 0.0008899559896445169
 0.0004057626730195052
 0.0005390847387230779
 0.0007940386221580303
 0.0004408334169360706
 0.0006747356396098192
 0.0013647571787762797
 0.001837244890077
 0.0020641298924970186
 0.0018115048442452347
 0.0016734943934711005
 0.0019073966161448491
 0.001729621917266222
 0.0011308140031635605
 0.0009834472587177678
 0.001292199830764701
 0.0016453947977519284
 0.0018863142406794209
 0.0016828097342037746
 0.0012921793542952087
 0.0007050668072821065
-0.00040132003850730513
-0.001168541238699597
-0.0010679662008467733
-0.0006492771781580198
-0.0002726914769916877
 3.3140672044823516e-06
 0.0002138255556991403
 0.00024890653785042405
 0.00019744180353900576
 0.0005904010186307401
 0.0010184463349911382
 0.0009038266183961086
 0.0006254717625473055
 0.0005927196155791625
 0.000859368866103688
 0.0007658008102698483
 0.00042429097213743383
 0.00048276268846784987
 0.0004921138630221145
-3.886092196112023e-05
-0.0004482038892129614
-0.0003031864564198433
-0.0009557930591344577
-0.0020996050796104476
-0.002303109586086108
-0.0022516550900094356
-0.00228908538381338
-0.0020341315003784277
-0.0016247987713613188
-0.0009300990853590291
-0.0005464961639389532
-0.0011523212982953446
-0.001196768812353019
-0.0003570465744402451
 7.84375963655548e-06
 0.00019496451395209502
 0.0008358655113424041
 0.0013527956175834327
 0.0011563083313615025
 0.0011609813590799656
 0.0014112570956791026
 0.0009364200727257355
 0.00033995123204098865
 2.4171201505593376e-05
-0.000488090996134366
-0.001030761148207146
-0.00126935175595147
-0.0015851317864868791
-0.0021862787740074413
-0.0024295475285875806
-0.0021044214426153007
-0.002155886176926705
-0.0022213853517455973
-0.001807374475892673
-0.0017465636861443423
-0.001617919767276585
-0.0015103275091700452
-0.0017278664561531654
-0.001585188096777962
-0.0014682395449997637
-0.0018424964109829273
-0.002312655287100479
-0.0025746366290239214
-0.0026167450696636813
-0.002275245469766013
-0.0017629935103608135
-0.0013676952218511645
-0.0012951890650132886
-0.0017770433082203857
-0.002032007429890084
-0.001643726361634193
-0.0016647831415127629
-0.0022308440277646613
-0.0025676757190612604
-0.002602766939447304
-0.0020390553648480386
-0.0010098681800844445
-0.00023797907129108342
 1.6974812143882856e-05
-0.00019588598800343582
-0.0003409136590313
-0.0004812631832233488
-0.0005537795782959709
 0.00015963269504960798
 0.0009011138494101206
 0.0008707007758599061
 0.0009923274744739197
 0.0016355675452821572
 0.0021220896970903375
 0.002606272775480603
 0.003081099560199224
 0.0031489275702012848
 0.002910336962456961
 0.002367666810384167
 0.0019349331089532074
 0.0019349279898358412
 0.0022694103694797796
 0.0027723060352133344
 0.0031465526629617796
 0.003125495883083196
 0.0024331250322640885
 0.0013384335535642222
 0.0004823275634913138
 0.0006834827583143271
 0.0012635678468389394
 0.0007793745302139415
 0.0003817269300516596
 0.0006717669147552757
 0.0006507101348767058
 0.0005454467119533346
 0.0006881250713285381
 0.0007770047420918025
 0.00046590285839223644
 0.0002460248379911878
 0.0004097548581276228
 0.0005360597035774656
 0.0009734613136094944
 0.0013289953540146504
 0.0010506404981658335
 0.0005149875663467696
 0.00024598900416959724
 0.0006576608066046208
 0.0009874650394127438
 0.0010085115810565815
 0.0008424322492674857
 0.0002483024820006535
-0.0004370511485647238
-0.0012042723487570156
-0.00155279940714316
-0.0016206376553799529
-0.0015364361314525316
-0.0007224437011367629
-0.00046748981770179665
-0.0004534604963117028
 0.0005499968808548722
 0.001593218506125954
 0.002215406916172974
 0.002299608440100423
 0.0022832298070576684
 0.0023417015233880706
 0.002086737401718372
 0.0020352726674069677
 0.0018668542621999712
 0.0013241841101271773
 0.0004283138719497759
-0.0003997232371081988
-0.00023599321697176379
 0.00047975812979170196
 0.0005662987271370656
-0.00019858339963729765
-0.000540093237769726
-0.0003857195113049494
-0.0003599948228252964
-0.00015650055458439616
 0.0001499129440446223
-8.633859028178703e-05
-0.0008816286714890126
-0.001019639122263133
-0.0007974322666789296
-0.000755334064273902
-0.0008138160188390503
-0.001120239755702801
-0.0010126474975962613
-0.0007530154673254796
-0.0006547795028905706
-0.0006220375941571876
-0.0006805195487223359
-0.0010571154881234418
-0.0015249352908230651
-0.0010945509010447524
-0.0005799598682216384
-0.0005706086936673599
-0.0005331886380981476
-0.0004630215546781863
-0.00044899223328809246
-0.0005448993625398191
-0.00032737065379144503
 4.4536900539085544e-05
-0.000137915945175357
-0.000420948947860017
-0.000322712983425108
-0.0004607234341992422
-0.0007975551254958413
-0.001183507358568578
-0.0018992689435668036
-0.002399835774117204
-0.00241387533374203
-0.0022431280933518927
-0.0016630430048272526
-0.0010244810808548305
-0.0011905604126439123
-0.0015227139571046822
-0.001405765405326484
-0.000652588883876426
 0.0003812764477230113
 0.0010174992982775188
 0.0015812108728767565
 0.0015718494600877458
 0.001192914447268753
 0.001008122528136382
 0.0007391239659592097
 0.0005005333582148858
-0.00010061362930569029
-0.0006081976801098066
-0.00021289939160017146
 0.0006712652412529246
 0.0010080866943147915
 0.0002221529067792105
-0.0007204987997564138
-0.0013356802277844498
-0.0016140350836332806
-0.0009661168659892139
-0.00036731919012128467
-0.0005310594484924519
-0.0005357427144456473
-0.00020593848163752426
-0.0005755172007848863
-0.0016234272111265158
-0.0017076389732886832
-0.0014550241632716454
-0.0011275590038814232
 0.0002220812391360294
 0.0010009875681831065
 0.0007202936389163889
 0.00022674402861973253
-4.829358870861444e-06
 0.00010510197265360677
 0.0002056770105064165
 0.00026180965341891793
-2.1223349265714342e-05
-9.140067092043569e-05
 0.0004699718302609013
 0.000933103247889977
 0.0009518107161158862
 0.0007857313843268182
 0.0004652732069556076
-8.675323878884478e-05
-0.00024113720348835355
-0.00017564826690420754
-0.00038850906705151234
-0.0005054678570644427
-0.0007744664192416151
-0.0004703919940305251
 0.0007014786692256803
 0.000820766294421793
 0.0005120034841401139
 0.0008698765979631845
 0.000654676724397979
-2.59987593315969e-05
-0.00021546882529978328
 8.626652649340594e-05
 0.00022660581245070865
 0.00018449737181094883
 7.923394888754987e-05
-0.00022718978797618694
-0.00017339621848160014
 0.0001283391333115752
 0.0005657407433436318
 0.001052262895151812
 0.001309555852004679
 0.001501354753156034
 0.0012510687783221647
 0.0010148172439957415
 0.001520051983147211
 0.0021165105855972255
 0.0022217637702858645
 0.0017960472891086349
 0.0011317453193044613
 0.0007925745545899338
 0.0008978277392785866
 0.0008627365188925429
 0.0003317617339093082
-0.0002202647118351303
-0.001034267380385645
-0.00196522371983171
-0.0018342407275460382
-0.001471689466887166
-0.0014740336594224468
-0.00112317776585312
-0.0005968913659404607
-0.00044251763947567024
-0.0008378261662200515
-0.001289272454994314
-0.0014436564196938229
-0.0012354840046170795
-0.0012425063439882034
-0.00163547579731467
-0.0019091525063276577
-0.0021711338482511
-0.001960622359756442
-0.00131504321553029
-0.0006764812915578955
-0.0005057340511677305
-0.0008168359348673104
-0.0005805946387756333
-0.00016658376292270904
-0.0001385200010251414
-0.00037944968218737996
-0.0004566442240958174
-0.00023209829509371338
 0.0001398092592368172
 0.0008906467072689744
 0.0009046760286590683
 0.00043685622595944495
 0.0003432881701256191
 0.00010703663579919587
 0.00060759322811485
 0.0016321022660426426
 0.002046113141895567
 0.001973596746822945
 0.0014777080631083878
 0.000895273662931087
 0.0006800737893658815
 0.0008484819563381318
 0.0011876424828178855
 0.001316286401685643
 0.0009092825078517025
 0.0003666123557789086
 0.00028707874045255655
 0.00016310273018588228
 6.95346743520564e-05
 0.0008858661780857396
 0.0015057155147148588
 0.0009419937018808611
 0.0002636572915692137
-1.7036637697517842e-05
-0.00019715040999405964
 0.0002566247139633715
 0.0014963285063389897
 0.002233131513863673
 0.0023477409922239706
 0.0024810630579275295
 0.002172300247645878
 0.0018611983639462981
 0.0020553363385155676
 0.0023477153966371123
 0.0025839566927287755
 0.00227519388244711
 0.0014424786265533202
 0.0007711594364954028
 0.0005723330768555718
 0.0006448392336934616
 0.000352449937337157
 4.368712705550559e-05
 0.0004389854155651546
 0.0011804665699256534
 0.0019242867977040806
 0.0025184063267361806
 0.0029464516430965787
 0.0034095830607256405
 0.003531209759339668
 0.003318348959192363
 0.0029043278451046928
 0.002123072204404955
 0.001554672244735128
 0.0012271968471101735
 0.0008927042292314891
 0.0007219467506065919
 0.0009418145327728805
 0.0014985088871183883
 0.001255240132538249
 0.0003383182335996576
-0.00032130558936871445
-0.0003704312502622181
-3.201842767502905e-06
 0.0001137467090106814
 0.00039443040004266683
 0.0007920677619702166
 0.0011569580960470033
 0.0012013953718699594
 0.0007897133312002036
 0.000562818090545425
 0.0002610725005175035
 0.0002283203535493744
 0.0005370729255962936
 0.0006376479634491033
 0.0002844427582271297
-0.00035179033056212394
-0.0003962378446197984
 8.092801351672341e-05
 0.00019553749187700697
-1.7323308270283944e-05
 5.284377514967742e-05
 0.00017447047376370484
 0.00025867199769114
 0.0005253212482156516
 0.0008223784531730116
 0.0007732527922795079
 0.00032882372375898916
 0.00016508346538782193
 0.0005931287817482339
 0.0014281728728251925
 0.0016340062144840212
 0.0007451531965603497
-8.522298591553956e-05
-0.0004290718974658686
-0.0007495300748370792
-0.0009039140395366019
-0.0006466210826837349
-0.0004431268144428069
-0.00018583385758995374
 0.0002468896056062736
 0.0003310911295337088
 0.0005322463243567083
 0.0009790042280603956
 0.0011684640557938358
 0.0014023662784675983
 0.0015918261062010525
 0.0015660911794866395
 0.001383638333772197
 0.00109826625766965
 0.001290065158821005
 0.00138128390300217
 0.0008620044851084946
 0.00048540854570740255
 0.000462012692410918
 0.0006491334467264576
 0.0005766170516538216
 0.000216394626178118
-0.0001648794600587894
-0.000873623824803299
-0.0011823866350849505
-0.0005087386098438784
 5.852422979249483e-06
-0.00017660042273520693
-0.00046431157225566844
-0.0010046426509105477
-0.0017999327321177594
-0.002258396241145752
-0.002590549785606522
-0.002801071512335912
-0.002630324271945761
-0.002571852555615345
-0.0025695186013147964
-0.0022443925153425165
-0.001753192216698507
-0.0014257270573082848
-0.001357899047306238
-0.0010140603739906412
-0.0008667038677795946
-0.0010959381818522879
-0.0008901048401934591
-0.0010678795390720863
-0.001631601351906084
-0.0018584965925608488
-0.0021953282838574617
-0.002405850010586838
-0.0022397809170325023
-0.0018538389221945117
-0.0012971445678489901
-0.0007872316818616915
-0.0008433745630089529
-0.0012480393834249648
-0.0008995225632735526
-0.00011593808739064626
 0.00019983170491001678
-0.0003194477129836587
-0.0011638583359670218
-0.0015427933487860146
-0.001884303186918429
-0.0017088777996924626
-0.0011147582706603626
-0.0010188613796433682
-0.0004645060987157612
 0.00035182540501790815
 0.0006325090960498936
 0.0008898020529027606
 0.0012149281388750682
 0.0014698820223100206
 0.0016640199968792901
 0.0019961633031053416
 0.0023867834447791475
 0.002772725439617138
 0.0030651044977386827
 0.0027563416874570174
 0.0021154304518319483
 0.0010417906338932997
 0.0001108342944472207
 0.00023480006647914886
 0.00018333533216774445
 3.129044088612254e-05
 0.00027922710406735884
 0.00015525109380068458
-0.000270465387376545
-0.0007359461166582676
-0.0009300943294622693
-0.0009581683295945831
-0.0013838848107717988
-0.001765158897008734
-0.001521900380663313
-0.001383900168123911
-0.0014330258290174286
-0.0011453249177317132
-0.000981594897595292
-0.0006096873432647615
 0.00010138585666290278
 0.0005177358059337417
 0.0007726896893686941
 0.0013223668234604857
 0.0017761419474179169
 0.001986653435912547
 0.0027702379117954673
 0.003107059364857334
 0.0025176077444263034
 0.0021667416126222444
 0.0016521403415643982
 0.0010439761337900783
 0.0007936901589561951
 0.00035160016385357706
-0.00024486867683116975
-0.0004694248440680199
-0.0003875623935584993
-0.00021915422658624895
 0.00016678776825174157
 0.0005574079099255475
 0.0007071034895545086
 0.0006626559754968342
 0.0004076918538271218
-6.246702229041612e-05
-0.00035251724522879224
-0.0004998839896745849
-0.001035536921493635
-0.001517391164700732
-0.0018472056357436012
-0.002085796243487925
-0.0019898993524709307
-0.0015641931095284473
-0.0007595569728843232
-0.0005116203097031008
-0.0008344175604922399
-0.0010215485530424978
-0.0008905655607568536
-0.00020756124184412306
 0.00017370260615806599
 0.00047777703136914207
 0.0007841905299981605
 0.0004730886462985945
 0.0002625669195691904
 0.00020642403842195678
 0.00022513150664787984
 0.00019705750651556608
 4.735168865187267e-05
-9.53369089580769e-05
-0.0006777713091353776
-0.0012227805346260723
-0.0010052518258776844
-0.0003082130664574939
 0.0001432229840820226
 5.66721485019267e-05
-0.0001023899630334113
 0.00015724206723737033
 0.0006039999709410576
 0.0008028160923461425
 0.0008262017074078948
 0.000501065383200841
-0.00021937434863320004
-0.0006217000956313112
-0.000755032399569644
-0.0013889264149409691
-0.0022590668455213375
-0.002829805878609079
-0.003061379266099659
-0.0029023273927990534
-0.0023853972865580386
-0.001683680380302019
-0.0010474575297475114
-0.0004018783855213731
-4.63443451162171e-05
-0.00017733757563662134
-0.00042294540363468913
-0.0005282088265580603
-1.3617793734932437e-05
 0.00037700234793887344
 0.00032319854020954053
 0.00018518808943539244
-0.0003200568879508092
-0.0005329176880981001
-0.0005586526148125132
-0.00038556630100443356
-0.0001961064732709933
-0.00045107059494070567
-0.0005867419722969253
-0.0010498836281607332
-0.0014288186409797399
-0.0017141907170822868
-0.002142246271677417
-0.0021516076844664417
-0.0024042327327182256
-0.002394881558163947
-0.0022007435835946915
-0.002224139436891176
-0.0019317603787696314
-0.0016300250269764421
-0.0013680539232877459
-0.0013914497765842443
-0.001274501224806046
-0.0006031922729828609
 0.00011723722061643405
 0.0005639951243201352
 0.0005101913165908023
 0.00040726696708533183
 0.0004142790682216957
 0.0006668938782387474
 0.0012469789667633735
 0.0016820415033775155
 0.0018715013311109557
 0.0017334908803368076
 0.001815353330846342
 0.001920606515534981
 0.0014598039330890739
 0.0013966438316881102
 0.001642241421451432
 0.0015018918972593692
 0.001284352950276249
 0.0013919452083828027
 0.0015673705956087691
 0.0014691243929391279
 0.0015252570358516293
 0.0017193950104208988
 0.0020000787014528842
 0.0023345610810968226
 0.0020959704733524986
 0.0013708525946826283
 0.001076124224908423
 0.0015065086146867357
 0.0018854333892710101
 0.002290087971452276
 0.002322829880185673
 0.0009755184723514027
 0.00012876877595012493
 0.0007486181125792579
 0.0009310607200589682
 0.000542769413568317
 4.454165643584529e-05
-0.0006501682678011766
-0.0007390581767991872
-0.0002501969515730923
 0.00024100334707090332
 0.00016848695199828123
-0.0008443369570746845
-0.0018478045724760056
-0.0021542283093397563
-0.001826763149949534
-0.0013823443196637752
-0.0014805905223334165
-0.0017145029832419112
-0.0019905187656728274
-0.002561257798760541
-0.002867681535624292
-0.002774123718025226
-0.002430285044709629
-0.002299302052423957
-0.0027320357538549306
-0.0028910978653902686
-0.0026267876882836577
-0.0022244721795202926
-0.0017753752023986907
-0.0014104848683218901
-0.0012210250405884499
-0.001398799739467077
-0.00143856910668895
-0.001340333142254041
-0.0010994136993265485
-0.00048190343611534403
-0.00040705820585953956
-0.0009637627984397934
-0.0012187269201095058
-0.0011906631582119381
-0.0010316112849113462
-0.0007743183280584792
-0.0007719843737579307
-0.0009193511182037095
-0.0012281139284853748
-0.0014667045362296988
-0.0014363017009142165
-0.0010784285870911736
-0.0008071011897308189
-0.0013895355899081058
-0.0017731487495629417
-0.0019789923294565026
-0.0023041286536635563
-0.0021263641930196614
-0.002016432861495193
-0.001826973033761753
-0.0014784562136103407
-0.0011720427149813223
-0.0009170888315463699
-0.00041419316581281507
 0.0004933622012194133
 0.0008488962416245555
 0.000785736140223578
 0.0008465469299719086
 0.0006126344690634
 3.020006888611315e-05
-0.00010313223505219182
 0.00018924682306933893
-0.0001335504277197863
-0.00046804304559847076
 3.4852620135084056e-05
 0.00041143832130143
 0.000278106017363125
 0.00022430220963377823
 4.184936391933569e-05
-0.00024118363876531046
-0.0006177795781664025
-0.0012259437859407085
-0.0014107357050730795
-0.0015814931836979629
-0.002189657391472269
-0.002676189781515209
-0.0027066028550654236
-0.0022855747589587555
-0.0017990526071505752
-0.0014037543186409401
-0.0009476401212655944
-0.0003839285466663567
-5.003772082082247e-06
 0.0001610653214722535
 0.00023123240489221486
 3.942326550611386e-05
 0.00018210162488134507
 0.0007785602273313458
 0.0010452094778558574
 0.0010147964043056429
 0.001073268120636059
 0.001052211340757489
 0.0010802751026550428
 0.001335228986090009
 0.0012977986922860646
 0.0008861166516162949
 0.0003691763071405202
-0.0002857693689920088
-0.0010015309539902484
-0.0013874831870629711
-0.0011956842859116162
-0.0007372310151183836
-0.0004542082506684697
-0.0009173499065322777
-0.001614398904187228
-0.001939535228394268
-0.00233718282855655
-0.0024003429299575413
-0.0019114817047314464
-0.001413264185833707
-0.0011676665960703991
-0.0007489775733816317
-0.00013614545700625647
 0.00014687730744364358
 0.0004720033934159512
 0.0008860142692688755
 0.0011058820514351642
 0.0010240093626909114
 0.0008696253979913748
 0.0009561659953367385
 0.0009280919952044248
 0.0006169901115048448
 0.0001444921619693923
-0.00022976470401377125
-0.00030695924592223645
 0.0002427178881695552
 0.0009023314729031812
 0.0006169593968006204
 0.00014680052068308247
-5.244370598511683e-06
 5.556641914979121e-05
 0.000623956140584872
 0.0014940863329305082
 0.0023688946721119597
 0.002371228626412508
 0.0018262194009217997
 0.00169756524381931
 0.0017279680791347923
 0.0021887604233459396
 0.002483478554885399
 0.0022004455522007665
 0.0019501595773668695
 0.0014612881139060424
 0.0008110205846093288
 0.0003946603971037438
 0.00032682214886695093
 5.7823586689778605e-05
-0.00033982401347251723
-0.00026731785663464125
-0.0003655640593042825
-0.0006556142822426586
-0.000772573072255589
-0.0007632218977013105
-0.0003983315636245238
 0.00042033901352706016
 0.00133257252739509
 0.0017910257981883365
 0.0019875028461755206
 0.0024857203650732462
 0.00339795387894129
 0.004190894648495855
 0.004230653777482968
 0.0033792259342458886
 0.0023336549973221737
 0.0020436047743837976
 0.0019593930122216163
 0.0015991705867459127
 0.0015570621461061251
 0.0013699311535558534
 0.0008015311938860403
 0.0008506466165447979
 0.0012623184189798214
 0.0012272271985937916
 0.0006845570465209838
-0.00010371581443248401
-0.00019026665001257992
 0.00023310051951198896
 0.0003687616586334763
 0.0003781128331877548
 0.00034068253938379645
 0.00028921780507239203
 0.0002541265846863344
 0.0005792526706586421
 0.0010236715009444286
 0.0010587524830957123
 0.0009417936930827819
 0.0010517250246072501
 0.0014283107257735822
 0.0013066737889248364
 0.001025979859658105
 0.0011826926595407822
 0.0010563775758562072
 0.00086456843647012
 0.0008622242439348254
 0.0008785926387428339
 0.0012692127804166536
 0.0018703495297024836
 0.001991976228316511
 0.0016645008306915426
 0.0012598360102755168
 0.0006867579037698884
 0.0003405699188016309
 0.0005159953060276112
 0.0005580935084326527
 0.00029845123992712497
 8.559043977982017e-05
 0.00027738934093118894
 0.000719469097799047
 0.0008223832090697714
 0.000651625730444888
 0.00013234631255119866
-0.00043137550028279903
-0.0006652879611912937
-0.0007424825030997451
-0.0006185167310678169
-0.0009576874957823167
-0.0015143920883625844
-0.0017763734302860268
-0.0018488898253586489
-0.0012126669748041413
-0.000475863967279444
-0.00033318560790424057
-0.0004407881042455264
-0.0006068674360345944
-0.0005788036741370406
-0.00032618886411998893
-0.00016245884398355392
-0.00017415933019049312
-0.00047356584680051383
-0.0010419658064703269
-0.0014957511686624902
-0.0017436980700784588
-0.0017928237309719625
-0.001446645984238465
-0.0009694801261019292
-0.0005507911034131757
 1.9937691439805838e-05
 0.00041757505336735556
 0.0004970984304589615
 0.0005134668252669838
 0.00045030672386600634
 0.00016259557434553096
-0.00010874206124954211
-0.0003309591550684776
-0.000995261124872665
-0.0014560637073185584
-0.001320402568197071
-0.001327424907568181
-0.0017227334343125622
-0.002225639338280863
-0.0026396604523685335
-0.0030279517588591848
-0.003020939657722821
-0.0026396758097206457
-0.0020525735009422758
-0.0013952989896265644
-0.0010771901239080145
-7.139367332352486e-05
 0.0010864425494252067
 0.0010302996682779592
 0.0007051633440709193
 0.0005694919667146858
 0.0008244458501496521
 0.0009998712373756324
 0.0009063031815418066
 0.0011214928168722799
 0.0008758849888742259
 0.0006396334545478027
 0.0007004442442961334
 0.0005203304719995916
 9.227491740444738e-05
-0.00057904427265347
-0.00018608505756173566
 0.0009413432107541336
 0.0012921991043234604
 0.0011378151396239516
 0.0007284721723720966
 5.71529823141792e-05
-0.0004200231140570887
-0.0002609712407564968
 1.5034303439673269e-05
-0.00014870595493150784
-0.00015338922088468931
-5.515325644978031e-05
-0.00031713459837323654
-0.00013469199089351236
 0.000482818272317706
 0.0006722781000511324
 0.0005599974568740312
 0.0006254863934581772
 0.000990376727534964
 0.0009225384792981711
 0.0004523796031806332
-0.00011134220965337838
-0.0009113104376964054
-0.0009323672175749753
-0.00023298938473687025
 6.1728746802589e-05
-0.00018855722803129416
-0.000328906752223343
-0.0003593198257735575
-0.0006353356082044598
-0.0004365194867993749
-0.0002423815122301054
-0.0002751336591982484
 0.0001926759052666427
 0.0006534682494778038
 0.0007517042139126989
 0.00038680364160117997
 9.675341866280385e-05
 0.00023475363120219195
 0.00021135777790570742
 9.907713472860624e-05
-6.700219706047561e-05
-0.0006821836250885116
-0.0015406286885793347
-0.0017417941216370803
-0.0011991342077990325
-0.0008365829471401465
-0.000899743048541124
-0.0009184607550017793
-0.0008132075703131403
-0.0005910007147289509
 2.8848621900182114e-05
 0.0007282264547382872
 0.0010252836596956472
 0.0010159222469066365
 0.0009948654670280527
 0.0010697106972838571
 0.0013433771680621126
 0.0016006701249149796
 0.0012919073146333143
 0.0006930994005306529
 0.0004849167472191773
 0.0008193991268631157
 0.0012755133242384614
 0.0017292884481958787
 0.0017316224024964133
 0.0008263958706473812
 0.00010361706539539772
-0.00010690466133397858
 6.150350563827178e-05
 0.00048253160174492604
 0.0006462616218813472
 0.0008263651559431567
 0.0006298778697212265
 0.00015036269993204399
 0.0004053165833669964
 0.0008590917073244136
 0.0006766388616099711
 0.00015735944371628174
-0.00040636236911770207
-0.0005630854072351255
-0.0001748043389792342
 0.000133948233067685
 0.0002462186380100678
-0.00021224487101792477
-0.0009326846028519797
-0.0006987823801782173
-2.5134354937131342e-05
 0.00016900361963213817
-0.00015379363115698708
-0.0005561193781551121
-0.00035496418333211266
 0.00034207457608809166
 0.0009104642975231586
 0.0009642578670177593
 0.0006437996896465209
 0.00017364081352898297
-0.0001093921891556493
-1.3495298138668788e-05
-0.00018659185018146673
-0.0005000328072989474
-0.0003830842555207631
-0.0002871873645037687
-0.0006170018355466239
-0.0007129089647983644
 1.2198675636773681e-05
 0.0006203526451763475
 0.0007045541691037688
 0.000807468280374507
 0.0009711983005109281
 0.0011419455409010654
 0.0011676702293807323
 0.0010974929077260248
 0.0010273155860713035
 0.0009454428973270368
 0.0008191278136424618
 0.0006624047755250245
 0.000697485757676336
 0.000784026355021672
 0.0007512742080535428
 0.0006553670788018162
 0.00011737507356483767
-0.000645167979791611
-0.0006755810533418255
-0.00014929465342916615
 0.0005337096654835782
 0.001069352359067896
 0.000924324688040018
 0.0006038665106687935
 0.000559418996611119
 0.00027170784709064366
-0.00022418083662391342
-0.0001259448721890044
-0.00018442682675416655
-0.000783234740856828
-0.0007715444928846349
-0.000598458179076583
-0.0005165957285670486
-0.0002709981388037408
-0.00019147476171212097
-0.00019849710108323093
-0.00028738701008124146
-0.0002452888076762
-0.00020552967868907313
-2.035410448172903e-06
 0.0006037794856734863
 0.0010177903615264244
 0.0010762620778568266
 0.0008329933232766873
 0.00045873645729350987
-2.311778591360114e-05
-0.0003903574316430347
-0.0005330460292529982
-0.0009868313914451615
-0.001690897609353828
-0.00216807370572511
-0.002055803300782741
-0.0015084652401088638
-0.0009891960604499206
-0.000827805113731428
-0.0010500222075503635
-0.001290951888712602
-0.0012278020255463706
-0.0007646706079172949
-0.00011909146369115664
 0.00022240813620652555
 0.00016158710822346267
 0.00013585218150906353
 0.00014754242948125662
 0.00039781816608039366
 0.000844576069784081
 0.0011486504949951848
 0.0013427884695644543
 0.00122582967955151
 0.0008656072540758064
 0.00036971857036123545
 9.370278793031928e-05
-0.0001448878198139908
-0.0006220639161852726
-0.0008512982302579519
-0.0009284927721663894
-0.0009799575064778215
-0.0007881586053264666
-0.00029461923326454253
-7.241237768035313e-05
-0.000299307618335104
-0.0004724041703779158
-0.0005472596388684525
-0.0008069019073739803
-0.0011016302771481717
-0.0012209281405790168
-0.0014267717204725777
-0.0013168403889481234
-0.0009192030270205737
-0.0006010941613020099
 0.00014038699305851665
 0.000970752937299646
 0.001061971681480825
 0.001160207645915734
 0.0015180807597387769
 0.0012888464456660975
 0.0013496572354144282
 0.0015508124302374277
 0.000907562121194444
 0.00026197273873354576
-0.00032046166144372723
-0.0008678099603523365
-0.0010806707604996552
-0.0012140030644379601
-0.0009052504923910409
-0.00041638926716495994
-0.000463175854640549
-0.0007274962699818921
-0.0005520708827559256
 0.00023385266654490922
 0.0012466663373831427
 0.001779969957549532
 0.0015904998915813595
 0.0011788178509116037
 0.0007039808279582227
 0.0005121716885721356
 0.0009425560783504483
 0.001314463632680965
 0.0012045220629217646
 0.0009612533083416114
 0.001029081318343672
 0.0012278974397487707
 0.001424374487735941
 0.001377587900260338
 0.0007881362798293212
 0.00039984497333867
 0.0006594770036094655
 0.0011296256414922712
 0.0013144073223898822
 0.0011389716969291697
 0.0008535996208266228
 0.0007576924915748823
 0.0007483310787858716
 0.00043956826850420627
-7.737207597156848e-05
-0.0003884739596711345
-0.0003112896559974293
-0.0004212312257566436
-0.0005826324107098962
-0.0006317580716033999
-0.0010621526996164588
-0.0014364095655996223
-0.0019299591758962925
-0.0021802451507301757
-0.0016539587508174886
-0.0015954870344870864
-0.0017943133941269174
-0.0015370204372740365
-0.0014762096475257197
-0.0016773750805834653
-0.001831759045282974
-0.002056315212519838
-0.002360399875965674
-0.0021943307824113384
-0.0013569476179164791
-0.00031138691922748263
 0.00035992203259568867
 0.0003295089590454603
 0.00017512499434595152
 0.00025698744485548597
 0.00026166047257392133
 4.8799672426630414e-05
-0.0003932903226759876
-0.0008985353000621893
-0.001045902044507968
-0.0007698965003118119
-0.0005149426168768595
-0.0004517927537106142
-0.0008845264551415877
-0.001537133057856202
-0.0014973739288690752
-0.0012892015137923457
-0.0011745920354320621
-0.0009921494279523518
-0.001387457954696733
-0.0019605360612023753
-0.0021383107600810025
-0.0021172642184371787
-0.002044758061599289
-0.0018950624819703416
-0.0014342701377591943
-0.0008354724618912651
-0.0005805185784562988
-0.0006834429279617693
-0.0006600573129000309
-0.00044018953073374223
-0.00020628730805997975
 0.0002287752285541622
 0.0006451251778249872
 0.0004907412131254785
 5.0990291440788926e-05
 1.3559997636830579e-05
 0.00010243966840008112
 0.0002872213492977199
 0.0007550309137625971
 0.0008556059516154207
 0.0005468431413337554
 0.00031526975384316147
 0.00028251760687503236
 0.0004158396725786051
 0.00060062135347623
 0.0007783858141201111
 0.0009140469532416123
 0.0008204788974077726
 0.0008485426593053402
 0.0014262886744120518
 0.0016952769983544919
 0.001522180446311694
 0.001456681271492788
 0.0011221886536141035
 0.0010683848458847844
 0.0013981890786928935
 0.001229770673485911
 0.0008438184404131882
 0.0005561072908927128
 2.2793432491577392e-05
-0.000681272785417103
-0.0006695825374449238
-9.885374259192836e-05
-7.634998410749327e-06
-0.0005409488568119125
-0.0009011712822876161
-0.0008918201077333376
-0.0009011815205223622
-0.00037957326744550435
 0.00020285089449703642
 0.0003291557399468653
 0.0002238923170234941
-3.34108780641329e-05
 0.00024961188638576715
 0.000818001607820848
 0.0012226561900021277
 0.0014144550911534964
 0.0018378222606780653
 0.0022728847972921934
 0.0020062253085329357
 0.0021068003463857593
 0.002497420488059565
 0.0024599901942556207
 0.0019009465282574523
 0.0008506974444978943
 0.0004787796519326315
 0.0005840328366212705
 0.00020509782380226382
 6.240922619231426e-05
 0.0006424943147169404
 0.0011687807146296136
 0.0014611597727511583
 0.0019032395296190163
 0.00202486622823303
 0.001507925883757269
 0.0009886464658635796
 0.0010611526227014695
 0.001393295928927507
 0.0016693014731236494
 0.0019078818426332411
 0.0017581760247695477
 0.0012295403132042138
 0.001035392100400212
 0.0015125579585367477
 0.0019289079078075866
 0.0020131094317350218
 0.0020739202214833524
 0.0016856289149927012
 0.0014002568388901543
 0.002087939304638714
 0.0027171449349394777
 0.002490249694284713
 0.0017885225497939472
 0.0012131053698703903
 0.0009932273494693555
 0.0009932222303519755
 0.001451675501145236
 0.0018493128630727856
 0.0015990268882389025
 0.001390844234927427
 0.0015732868424071372
 0.0019662460574988577
 0.002214182720680094
 0.002043425242055197
 0.001877345910266115
 0.0014516294290888992
 0.0006165750997771946
 0.0002657089679731217
 7.389982858702071e-05
-0.00017872521966476318
 1.0734608068677098e-05
-5.7103640168115755e-05
-0.0006582506276886918
-0.0011939035595077557
-0.0016523670685357345
-0.0017716649319665934
-0.0015260673422032717
-0.0014675956258728556
-0.0017038471601992788
-0.0021950576970780206
-0.002443004598493989
-0.0023541249277307386
-0.0019143842442807812
-0.0010232023911739413
-0.0006583120570971546
-0.0008618165635728009
-0.001112102538406684
-0.001013866573971789
-0.0005975166247009361
-0.000433786604564515
-0.000143746619860885
-1.0424554157312249e-05
-0.0005577728530659215
-0.0010185754355118287
-0.0009647818660172419
-0.0007238624230897356
-0.0003309032079980151
-4.0863223294385076e-05
-0.0002560630968596045
-0.0005695040539770851
-0.0009180311123632295
-0.0012431674365702833
-0.0012876149506279716
-0.0012221260140438117
-0.001523871604071761
-0.002132035811846067
-0.0023799827132620216
-0.002646642202021293
-0.002688750642661067
-0.0024337967592261006
-0.002412750217582277
-0.0022887844455503487
-0.002267737903906511
-0.0017578250179192262
-0.0005672417673197316
 0.0004175030225035542
 0.0009858927439386211
 0.0010817896349556155
 0.0007309235031515426
 0.0004011090321086874
 0.0007496258522600996
 0.0011870274622921423
 0.001406895244458431
 0.0018700266620875067
 0.002019722241716454
 0.0015916666871213098
 0.0011940190869590278
 0.0012735424640506338
 0.0015121228335602116
 0.0014536408789950633
 0.001184642316817891
 0.0010606663065512306
 0.0010138797190756277
 0.0008711911214656642
 0.0006887382757512217
 0.00045014766800689776
 0.0004244127412924986
 0.00043610298926467783
 0.0004127071359682072
 0.0007284769282688425
 0.0010372295003157755
 0.0011097356571536515
 0.000999794087394451
 0.0006536061024262074
 0.00013432668453251806
-0.00012765465739091042
-0.00016274587777695415
-0.0005861232855362691
-0.0006843694882059104
-0.00029608841995000523
-0.00043643794414206794
-0.000668011331632648
-0.0005791316608693836
-0.0008317567091211814
-0.001250455970044681
-0.0011077776106694498
-0.0009557429576226018
-0.0007943520109040814
-0.0001791808211107776
 6.641676865253021e-05
 0.00012956663181877548
 0.0002558714772686044
 0.00020206766953927147
 0.00020206255042190535
 9.446005408060565e-05
-5.056761694725853e-05
-0.000153491966452729
-0.00021899114127162111
-0.00033828900470246615
-0.0006914942099244398
-0.0008809642758926262
-0.0011616582051593577
-0.0018095866610381428
-0.0019522752586481201
-0.0016645743473623908
-0.0017487861095245721
-0.001928899881821114
-0.0017604917148488636
-0.0015031987579959966
-0.0012809919024117933
-0.0012786579481112587
-0.0015195876292734833
-0.0016880060344804798
-0.0019102231282994153
-0.0015406546473868132
-0.0006003522525038357
-0.00012318639436730006
-1.5596957532865163e-06
-0.00020740327564684746
-0.0005512521871971765
-0.0004436599290906368
-5.7717934252632386e-05
 0.00030015517957042437
 0.0005410746224979168
 0.00030716216158940823
 6.389340700926893e-05
 0.000314169143608406
 0.00042643954855077493
 0.00022761318891095783
-8.816684162445132e-05
-0.00027295876075680847
-4.841283175469058e-05
 0.0004802126415758834
 0.000845102975652684
 0.0009947985552816174
 0.0010111669500896397
 0.0004895484587780496
 8.488363836200996e-05
 0.00019949311672229353
 0.00011995950139595535
-0.0003665728886469849
-0.0008297145445107929
-0.0008577885446430927
-0.0008905406916112218
-0.0011969644284749725
-0.0013677219070998697
-0.0014098303477396434
-0.001386444732677905
-0.0013443465302728635
-0.00121570261140512
-0.0008250824697313003
-0.0009630929205054345
-0.0017396704143693709
-0.0017490318271583816
-0.001033280480394902
-0.0006449994121389829
-0.00021929316919649944
 0.0002952978636266146
 1.694300777779767e-05
-0.0008906225974891491
-0.0014169192356365823
-0.0010660633420672416
-0.0004158060510052741
-0.00014447865364493329
-0.00012343211200110948
 8.00621562398185e-05
-1.3505899594021264e-05
-0.0004813257022936446
-0.00017023405682881076
 0.0005829424646212472
 0.0005408340239814874
-7.902555088237784e-05
-0.00014686379911918457
-5.564505493801941e-05
-0.0002755230753390403
-8.606324760560002e-05
-0.00023342999205137882
-0.0007644047770346274
-0.0010100126050326813
-0.0013328098558218066
-0.0015901130509094336
-0.0017936175573850799
-0.0018965419068905504
-0.001966719228545258
-0.0020813389451402875
-0.0017725863730933544
-0.0014544775073748045
-0.0014825515075071044
-0.0014030281304154846
-0.0010077298419058495
-0.0007948792799932908
-0.000741085710498704
-0.00011655822703375562
 0.00030680894249081325
 3.079316005992483e-05
-2.5349721087336574e-05
 0.00015943195981028835
-6.044606059074642e-05
-0.0006428804607680333
-0.0009025227292735472
-0.0008557463800327042
-0.0008136481776276627
-0.0007762281220584505
-0.0010639392715789259
-0.0013001908059053352
-0.001038219702216625
-0.000701398249154786
-0.0004745132467347535
-0.0006405925785238215
-0.0013680495306116203
-0.0018475647004008028
-0.001959845343577904
-0.002224165758919261
-0.002619474285663642
-0.003157466290900607
-0.003534062230301699
-0.0033399242557324293
-0.002682649744416718
-0.001856961947011418
-0.0011529059673374836
-0.0008301189547831045
-0.0008628711017512197
-0.0005775092638834051
 8.678246768602238e-05
 0.0004072304068225008
 0.0003393921585857079
-7.462895550197635e-05
-0.0007389309253061499
-0.0009751824596325592
-0.0007670100445558298
-0.0007623370168373667
-0.0011646627638354778
-0.0016605514475500627
-0.0015295684552643907
-0.0010874886983965187
-0.0007342937314092912
-0.00035069080998920144
-0.0004980575544349802
-0.0007974640710450148
-0.0008863539800430115
-0.0010383988713246195
-0.0011436622942480046
-0.000778771960171204
-0.0003226577627958721
-0.0005823000313013998
-0.0006665117934635673
-0.0003811499555957665
-3.497220886226893e-05
 0.0005755208340952195
 0.0007696588086644751
 0.0008281305249948911
 0.0011111532894447912
 0.0012327799880588047
 0.0016491299373296436
 0.002114600428376634
 0.0019719118307666567
 0.001513448321738678
 0.0009099622608002012
 0.00044214245810056396
 0.00020355185035624002
 0.00016612155655229555
 0.00026903566782300603
-2.8031775369086187e-05
-0.0006104661755463869
-0.0008724475174698154
-0.0008771307834230108
-0.001265422089913662
-0.0017355809660312
-0.0018057582876859074
-0.0016537236346390455
-0.0013519882828458563
-0.0013286026677841178
-0.0016046184502150201
-0.0015812328351532817
-0.0009075848099121958
 0.00016136662295589133
 0.0011157034583463427
 0.0018337938785277508
 0.00216359811133586
 0.0020255876605617257
 0.0017753016857278425
 0.001805704521043311
 0.001857159017119997
 0.001401034581509919
 0.0009074849712132627
 0.0009612785407078633
 0.0009682906418442133
 0.00031334496571168435
-0.000397738472450726
-0.0006994840624786614
-0.0012655449487305598
-0.001892421743848155
-0.0018550016882789566
-0.001674898154217147
-0.0017731443568867883
-0.0020164131114669415
-0.002210561324270957
-0.0022292790307316124
-0.002212910635923604
-0.0020257898816080783
-0.0016562214006954484
-0.001129935000782789
-0.00038845384642227643
-0.00014051718324104012
-0.000299579294776392
 6.53110393004086e-05
 0.0004278622999592807
 0.0005027075302150713
 0.0006828110642768809
 0.0006757887249057709
 0.00035299147411664566
-0.00035107474379202086
-0.0005966825717900887
-0.00016863725542969055
-0.0001405734935321229
-0.00026454950379879716
-0.00025285925582660407
-0.00021543920025739183
-0.00033707613710616535
-0.00033240310938770223
-1.1955170251223834e-05
 0.00017750465748221644
 0.0006967738371411597
 0.001103767492740354
 0.001216037897682723
 0.0013680725507295849
 0.0012394183936270814
 0.0011996490264052223
 0.0012090002009595008
 0.0011107539982898457
 0.0012417369905755177
 0.0016323571322493374
 0.0017469666106096071
 0.0015691919117309938
 0.001613629187553936
 0.0018732612178247038
 0.002036991237961139
 0.0021305490555602186
 0.0022708883415175213
 0.0021118262299821833
 0.002125855551372291
 0.002205378928463897
 0.001973805540973303
 0.001767961961079742
 0.0012556997634397826
 0.0007574720063073109
 0.0004908125175480671
 0.0006522034642665597
 0.0010802487806269578
 0.0012697086083603981
 0.00141472604115353
 0.0014661805372302161
 0.0019924669371428755
 0.0026988619902347244
 0.002937442359744316
 0.0032134479039404723
 0.0032461898126738553
 0.002991225691004157
 0.0027502960098419182
 0.0021935914172616644
 0.0015058987132783724
 0.0009328206067727163
 0.00047669617116265217
 0.0006100182368662249
 0.0007643919633310015
 0.0004415947125418762
 3.6929892125850405e-05
-0.00011979314599158686
 0.0007386416792644901
 0.0016999957349086575
 0.0018169442866868557
 0.0015877099726141902
 0.0012555564281533926
 0.0012064307672599028
 0.0012625634101724043
 0.001515178220189442
 0.0016391439922213702
 0.0012017321439545953
 0.0014894330552403107
 0.002120977758958989
 0.0018940825183042242
 0.00145900974345535
 0.0005841911660391524
-0.0005081612392427853
-0.0007023094520468148
-0.0003420972648058296
 8.594805155456853e-05
 5.787405142225477e-05
-0.0002976702272176335
-0.0005269045412903128
-0.0004590765312882522
 5.083635469903258e-05
 0.0003174856052235442
 0.00019117052153896918
-0.00028132742799648336
-0.00045910212687511054
-9.421179279832381e-05
 1.1041391890329044e-05
 0.00022623102722078847
 0.00033382328532734207
 0.00029171484468756836
 0.0006098237104061183
 0.0007408067026917903
 0.0006332042063505045
 0.0005209235631733755
 0.0005068840035485495
 0.0006402060692521222
 0.0005957585551944339
 0.0005980925094949824
 0.0005653403625268533
 0.00021447423072278038
-3.113359727527354e-05
-0.00038667787591517566
-0.0006439810710027888
-0.000498963638209643
-0.0006650429699987248
-0.0009246852385042525
-0.0013199937652486338
-0.0020287381299931295
-0.002080202864304548
-0.001736364190988951
-0.0017925070721361985
-0.0020240804596267925
-0.0021854816445800312
-0.002265015259906397
-0.002169118368889403
-0.0018790783841857728
-0.001607750986825432
-0.001079125513494844
-0.00032828806546268685
-4.058715417697145e-05
-0.00018561482520483563
-0.00012012588862068962
 0.00014184521506799275
 4.8277159234180744e-05
-0.0002745200915549584
-0.0006581332512097804
-0.0012008034032825743
-0.001196130375564125
-0.000655809535143978
-0.0003470569630970588
 0.00029618310771116485
 0.0011499397861314264
 0.0016551745252829098
 0.001786157517568554
 0.0014493258262719688
 0.0012551776134679532
 0.0010657075474997668
 0.0009043063625465142
 0.0008271118206380768
 0.0006680497091027249
 0.000639975708970425
 0.00051366062528585
 0.00032652963273556435
-3.3692792740139255e-05
-5.2410499200808425e-05
 6.06121712960761e-06
-0.00022317309694307175
 8.39005231277612e-06
-2.2023021237438378e-05
-0.0002442401150563739
-2.9050479725914458e-05
 0.0002235643302911372
 0.00028437512003946785
 0.000310099808519107
 0.0006094960868943816
 0.0011357824868070687
 0.0017041722082421357
 0.0019029883296472205
 0.0016994838231715742
 0.0014538759951735064
 0.0009626654582947647
 0.00048081121508768143
 0.0006024379137016811
 0.0007731851540918461
 0.00041997994886987244
 0.00036383706772261104
 0.0007497790625606154
 0.0005883778776073628
 0.0004784363078481624
 0.000922855138133935
 0.0011357057000464937
 0.0011193270670037392
 0.0008386331377370215
 0.0006187551173359729
 0.000960254717233669
 0.0011941569399074314
 0.001163743866357203
 0.0013040831523145058
 0.0014654740990330262
 0.0012268834912886883
 0.0009695802962010891
 0.0012689765745763637
 0.0018163146352502268
 0.002211612923759876
 0.002506331055299335
 0.0027285379108835245
 0.002478251936049655
 0.002253695768812791
 0.0022770813838745296
 0.0018139397280107217
 0.0013788669531618475
 0.0011426154188354382
 0.0008291744617179575
 0.00048298647674969997
 0.00012276405127399637
 0.0001601841068432086
 0.00025140285102437376
 0.0002467195850711784
 0.00048529995458077013
 0.0006092657266126844
 0.0004408473214057157
-5.7380435726769874e-05
-0.0006164241017249383
-0.0006515153221109821
-0.00041059587918347573
-0.0002258141982858647
-0.00029599151994057216
-0.0007146907808640579
-0.0008339886442949168
-0.0006211380823823581
-0.0005977524673206197
-0.0004808039155424215
-0.0001463215358984693
-8.784981956806714e-05
-0.0004012907766855478
-0.0007311052477284169
-0.0007615183212786453
-0.0006609432834258216
-0.0008317007620507189
-0.0008621138356009334
-0.0003007413344195964
 0.00010391324776169719
 0.00022320087295779611
 0.0007377919057809101
 0.0008079589892008854
 0.0005974372624714952
 0.0011050110750408793
 0.0012126033331474328
 0.0008968233026120237
 0.0008172896872856716
 0.0006091070339741822
 0.0005225561983941002
 0.00042430999572445893
 5.707034999501148e-05
-0.00031016929573443597
-0.0003943810578966034
-5.522053141684968e-05
 0.00013891744315241983
 0.00038919317975157075
 0.0009716173416940976
 0.0011938241972783148
 0.001423048273116248
 0.001647594202118352
 0.001303745290568023
 0.0008312473410325844
 0.0005856395130345166
 0.0006511284496186626
 0.0009107604798894581
 0.0011306282620557329
 0.0012428986669981157
 0.0013902551732091623
 0.0013996063477634269
 0.0012101362817952405
 0.0009013734715135752
 0.00026046223588850614
-0.000188644979467828
-0.00016292029098818883
-0.00016058633668764033
-0.0004857226608946802
-0.0008576404534599569
-0.0009512085092937689
-0.0010120295372768318
-0.000976948555125548
-0.0010822119780489192
-0.0014120264490917744
-0.0016599733505077569
-0.0018424261962221994
-0.0017348339381156458
-0.0015009317154418972
-0.0012997765206188977
-0.0013769710625273351
-0.00159684908292837
-0.0014190846222844888
-0.0012038949869540294
-0.000995722571877286
-0.000904503827696107
-0.0010261407645448806
-0.0007501352203487105
-0.00021215345334647806
 0.00018314483516315705
 0.0006532934730459627
 0.0011959533868840105
 0.0014228383893040292
 0.001397103462589644
 0.0013596731687856994
 0.001369024343339964
 0.0013713582976405125
 0.001315215416493265
 0.0009011943024055946
 0.00033279434273578157
 0.0001667150109467136
 0.00012694564372484063
 0.0003491524993090439
 0.0006555659979380624
 0.0005830496028654264
 0.00022048810397180818
-0.0003104866810114404
-0.0005794852431885988
-0.0008063804838433636
-0.0008414717042294212
-0.000506989324585469
-0.00023800100064302887
-8.128820076035159e-05
-0.00031052251483303095
-0.0005912164440997486
-0.0007806865100679489
-0.0007385883076629074
-0.0001748767330636558
 0.00011048510480414497
-1.582997888043003e-05
-0.0002684550271322139
-0.00017723628295104876
 0.0002648434739168093
 0.00031395889657558074
 9.87423312974467e-06
-0.0005515085062863384
-0.001187741595075592
-0.0017397680408200306
-0.0019339162536240323
-0.0016602497828457907
-0.0014169912665003837
-0.00101233668431909
-0.0006474463502423033
-0.0006918938642999917
-0.0008322433884920405
-0.0009070988569825772
-0.0008813741685029242
-0.0008509713331874419
-0.0008743671864839264
-0.0009539008018102785
-0.001115301986763531
-0.0011199852527167264
-0.0010521572427146658
-0.0011925067669067146
-0.001381976832874901
-0.0017024350102461255
-0.0021725938863636635
-0.002333995071316916
-0.0020158862055983523
-0.0013071520790886026
-0.0005563146310564454
-3.704545139750215e-05
 0.0005711085181420578
 0.0010295617889353043
 0.0007675804470118758
 0.0005804494544615901
 0.0006435993176278354
 0.0003652444617790185
 6.349887175108315e-05
-0.00032713150815746883
-0.000689693007051087
-0.000946996202138714
-0.0013142358478681476
-0.0014779761062393149
-0.0013797401418044197
-0.001325946572309819
-0.0013984629673824411
-0.0013306349573803944
-0.001049951266348395
-0.0008207271905104757
-0.0008488011906427756
-0.0007131400515212882
-0.0001985490186981742
 0.00020142741664729014
 0.0004470250064106118
 0.0004095947126066535
-4.185157616759527e-05
-0.00044417732316570646
-0.0006593771967309259
-0.0007693187664901263
-0.0006149450400253498
-0.00047226668065013244
-0.0007319089491556602
-0.0010897923012134492
-0.0010851192734950138
-0.0008325044634779621
-0.0005120565243414699
-0.0002617807877423467
-9.571169418801095e-05
 0.00011713886772456161
-0.00010507822609440165
-0.00020800257559985824
 0.00013817517113362543
 0.0001475263456879039
 0.00015687752024218238
 0.00018494128213975003
 5.160897820143118e-05
 2.119590465121668e-05
 0.00021767295263838693
 0.0005427990386106946
 0.0005334376258216839
 0.0003790536611221612
 0.0005310883141690231
 0.0009872025115443689
 0.0012023921468748283
 0.0007696584454438687
 0.00044218304781891427
 0.0005240454983284348
 0.0005170231589573387
 0.0005240352600937026
 0.00046555330552854046
 0.00022930177120213113
-1.864513021385128e-05
 3.7487512698664016e-05
 0.00070411831768602
 0.0011461980745538641
 0.0008935730263020802
 0.0003883280489158786
-3.73884322613649e-05
-0.00023153664506536664
-0.0002876795262126003
-0.00024090317697175734
-0.00034382752647721393
-0.00064791218992305
-0.0008069743014584019
-0.0005169343167547719
 9.82368730385319e-05
 0.0005075696020556408
 0.0008514082753712376
 0.001139109186656953
 0.0012022590498231844
 0.0013800235104670794
 0.0012864554546332535
 0.0007227336417992558
 0.00028064364669665165
 0.0002432133528926933
 0.0003929089325216406
 0.0001800481323743497
-0.00014041004499687482
-0.00021526551348741152
-0.00025503488070925673
-0.0003602983036326557
-0.0006643829670784918
-0.0008819219140616119
-0.001164954916746258
-0.0012865918535950038
-0.0007766789676077052
-4.6893180336765594e-05
 0.0008513058930238182
 0.0011998227131752304
 0.0008957380497293804
 0.0004115447331043687
 1.6236206360001337e-05
 0.00036709209992931424
 0.0008185281504688308
 0.0009799190971873234
 0.0006898688742489612
 6.8543171014984194e-06
 4.895251950651214e-05
 0.000617342240941593
 0.0008793133446303031
 0.0008255095369009563
 0.0006921772329626513
 0.0005494886353526879
 0.0006360292326980377
 0.0008980003363867339
 0.0008933170704335386
 0.0005822151867339587
 0.00043484844228817987
 0.0005284062598872735
 0.0004301600572176184
 0.0006734185735630255
 0.0009564413380129255
 0.0007038162897611278
 0.0006008919402556573
 0.0006008868211382773
 0.0006242724362000296
 0.0005026354993512699
-6.108631348272775e-05
-0.0007160319896152567
-0.0012844319492850698
-0.0016423153013428865
-0.0016844237419826602
-0.0018083997522493206
-0.001972140010620488
-0.0017780020360512183
-0.0014996574184371336
-0.00116049689195738
-0.0009102211553582429
-0.0007956116769979454
-0.00032078489227933826
 0.0002943862975139655
 0.0007902647429938042
 0.0012884822618915298
 0.0017235447985056718
 0.0018685622312988037
 0.0016463451374798405
 0.0011434392335115534
 0.0006966710915731061
 0.0006335109901721425
 0.000834666184995142
 0.0009235458557583925
 0.0005703406505364189
 6.0417526314388015e-05
-0.0003582817346091116
-0.0006600273246370331
-0.001116151760247111
-0.0016658391325736488
-0.0015886548288999297
-0.001534861259405343
-0.0016588372696720172
-0.001172315117863837
-0.0006857929660556566
-0.0007395967737849896
-0.0009080151789919721
-0.0008495434626615561
-0.0007138823235400826
-0.0004425549261797279
-7.532551868504045e-05
 7.904820777973609e-05
-2.38761417257205e-05
-7.534087603715267e-05
 0.0002334116960097804
 0.0006076583237582117
 0.0009655314375812685
 0.0014731052501506525
 0.001753788941182638
 0.001587709609393556
 0.0014122739839328435
 0.0011526317154273297
 0.0006871509861455932
 0.0003011987530728705
 0.00032224529471670815
 0.0007362561705696186
 0.000633331821064162
 0.00042047102091687105
 0.0005958964081428375
 0.0004251389295179403
 0.00010701982556463041
-0.00015262244294089733
-0.0002532077190284532
-1.4627349518875343e-05
-1.2293395218326841e-05
-0.00021111975485815782
-0.0002087858005576232
-0.0001549922310630364
 8.826628528237068e-05
 0.00034088109529942234
 0.0005467144369582511
 0.0010542882495276351
 0.0011642195810520894
 0.000717451439113656
 0.0004952343452947205
 0.000478855712251966
 0.0006800109070749655
 0.0008390627803755712
 0.0004601277675565507
-0.0001152894123669923
-0.00043808666315611755
-0.00031412089112420327
-0.0001433736507340383
 4.6086176999401984e-05
 7.414993889696964e-05
-0.000576117590399744
-0.0010883797880396895
-0.001079028613485411
-0.0007468853072593734
-0.00023463334785418788
 1.6079482374892207e-06
 1.3298196209682311e-05
-0.00011067781405699195
-0.00017617698887588407
 2.731727936504391e-05
 0.00023315062102385875
 0.0004296276690110429
 0.0006144093499086678
 0.0006822373599107145
 0.0003500838154499447
 3.895830481701057e-06
 0.00025884971391665346
 0.00013955185048580843
-0.00017622818004958685
-0.0003423075118386687
-0.0009411154259413301
-0.0014674120640887495
-0.0019679788946391358
-0.0021410754466819337
-0.0019586328392022373
-0.0021644764190957982
-0.0022814352091087287
-0.0021785210978380043
-0.002246359346074797
-0.002480271806983292
-0.0023563060349513776
-0.0019212434983372356
-0.0016312035136336056
-0.000994980663079112
-0.00018332730618125792
 0.00023068356967168024
 1.7822769524375448e-05
-0.0005248473825484185
-0.0005342087953374292
-0.0002862721321562067
-5.0030836064543505e-05
 3.762733430043297e-06
-0.00036347691229940415
-0.0006652225023273256
-0.0007564514847432369
-0.0006395029329650387
-0.000393905343201717
 1.0749238979548825e-05
 0.0004154038211608424
 0.0006960875121928278
 0.001098403020956193
 0.001381425785406093
 0.0013720643726170823
 0.0012574446560220526
 0.001187267334367345
 0.0010048144886529026
 0.0008925338454757736
 0.001046907571940564
 0.00112643094903217
 0.0008855012678699314
 0.0004317159056777681
 0.0002960445283215485
 0.00046445269529378497
 0.0006679469635346991
 0.0009041882596263623
 0.0011872110240762623
 0.001386027145481361
 0.0011076722896325303
 0.0008199611401120827
 0.0007263930842782568
 0.0005953998537578525
 0.0005696649270434534
 0.00042697632943350383
-1.979181250494344e-05
-0.0008712196557420226
-0.001404533514143158
-0.0013764697522456043
-0.0011846708510942494
-0.0006911314790323253
-0.0005648266335824964
-0.0008151126084163657
-0.0008478647553844948
-0.0005180605225763857
 8.775437354527349e-05
 0.0005228169101594016
 0.0008222131885346762
 0.001028046530193505
 0.0010373977047477695
 0.0010350535122125026
 0.0011941053855130945
 0.0013321055980524826
 0.0011590090460096847
 0.0008572634559817632
 0.0007449828128046343
 0.000686500858239486
 0.0005531685543011811
 0.0005204164073330381
 0.00024206155148423503
-9.243106639444942e-05
-7.840174500436947e-05
-0.00030529698565912033
-0.0005368703731497143
-0.0004830768036551275
-0.0007567535126681152
-0.0012573203432185015
-0.0015146235383061285
-0.00180935190808032
-0.0024011426019292653
-0.002747330586897495
-0.002609330374358093
-0.002253796333952965
-0.0018280900910104675
-0.001521676592381449
-0.0013883545266778902
-0.0012199463597056398
-0.0007357632813153742
 9.928080976158438e-05
 0.0010887037464206994
 0.0017296047438110362
 0.00175065128545486
 0.001671117670128508
 0.0015284290725185445
 0.0012032927483115047
 0.001168201527925461
 0.00126643749236037
 0.0009272667276458563
 0.0003752402819014178
-1.3556574996881343e-06
-0.0003709343766470363
-0.000611864057809261
-0.0004832201389415175
-0.00026569143019314345
-0.00022827137462391733
-0.0002586844481741457
-0.00037096509135126077
-0.0005768086712448217
-0.0008013648384816857
-0.0011288402361066263
-0.0012247473653583668
-0.0010212530971174527
-0.0007101614516526189
-0.0001675015378145711
 0.00023481397094879397
 0.0004523426796971819
 0.0006862449023709444
 0.0006417973883132561
 0.000522499524882411
 0.0005365288462725187
 0.0003915011752446268
 5.7008557365956225e-05
-8.801911366193571e-05
-6.22944251822688e-05
-0.00032427576710571115
-0.0005184239799097268
-0.000326625078758358
-0.0001979811598906006
-0.00011611870938109392
 7.100204493444562e-05
 0.00041951886508587166
 0.000728271437132777
 0.0007844040800452784
 0.000667445290032348
 0.0002955274974670713
 0.00018324685428997012
 0.0004171490769637326
 0.0004381956186075564
 0.00030486331466923755
 0.00019959989174586634
 0.000393737866315122
 0.0006089275016455953
 0.0006393303369610637
 0.0007375663013959727
 0.0005317227215024117
-2.264279765994137e-05
-0.0006705712535387404
-0.0008530240992531968
-0.0004834556183405808
-0.0003945759475773164
-0.0005279082515156353
-0.0009208777048421157
-0.001533720059452237
-0.0016881040241517459
-0.0015337302976869832
-0.0014121035990729697
-0.0013395974422350798
-0.0012951601664121376
-0.0011945851285593279
-0.0009022060704377832
-0.0007431541971371913
-0.0007244467289112683
-0.0004414239644613682
-0.00032915355951899927
-0.00027302091660649785
-5.315313444020919e-05
-2.0411225706826186e-05
-6.251966634658601e-05
-6.720293229979524e-05
-0.00010931137293956894
-0.0002543390439674331
-8.593087699519664e-05
 0.0004005912748129836
 0.0005877120291285232
 0.0006906261403992475
 0.0011139933099238303
 0.0014461366161498679
 0.001366603000823502
 0.0014484654513330225
 0.0016402643524843913
 0.001371265790307205
 0.0009408711622941601
 0.0008987627216544003
 0.0011045960633132151
 0.0013197856986436884
 0.00161450383018312
 0.0014203556173791182
 0.0009338232273362057
 0.0009501916221442003
 0.0011864329182358774
 0.0015138980776260996
 0.0020027593028521806
 0.0019162084672720986
 0.0011349528265723469
 0.0006156734086786575
 0.0003092496718149207
-8.8694321383892e-06
-2.9926212016972986e-05
 9.832916970153871e-06
 9.871258773341829e-05
 0.0003022068559743185
 0.0006226547951108108
 0.001188705443127977
 0.0015793255848017829
 0.0014810793821321416
 0.0014202583541490787
 0.0014506611894645471
 0.0012799037108396638
 0.0012073873157670278
 0.0011114801865153012
 0.0008027173762336359
 0.0006717241457132317
 0.0007138223481182593
 0.0004892661808814092
 0.00019687688452511842
 0.00024365323376597525
 0.000409722327320311
 0.00046819404365071315
 0.00039567764857810495
 0.00017346055475916944
 9.720296387988325e-06
 0.00011029533424081195
-7.215751147363059e-05
-0.0004487534508747365
-0.00032478767884280835
 9.624041726385979e-05
 0.0005710672019824808
 0.0007441535157905466
 0.0006576026802104507
 0.0007815684522423788
 0.0011183899053042456
 0.0013850391558287573
 0.0012891320265770306
 0.0009593175555341615
 0.00042834277055092684
 0.00012191903368717616
 0.0004072808715549908
 0.0006739301220794885
 0.0005359196713053682
 0.00025288666862072207
 0.00016399675962272542
 4.0020749356051155e-05
 0.0001218831998655856
 0.000351107275703505
 0.0003323895692428497
 0.0004914414425434555
 0.0007580906930679671
 0.0011861360094283652
 0.0017100833359231377
 0.0019042213104923933
 0.0018621128698526196
 0.001541654692481395
 0.0010785130366175871
 0.0009217899985001637
 0.000998974302173855
 0.0010200208438176928
 0.0012469058462377253
 0.001387245132195028
 0.0010340399269730544
 0.0005147605090793789
-4.194408350088885e-05
-0.00044660890391691466
-0.0007530326407806653
-0.0010641345244802453
-0.0010524442765080522
-0.001160046772849338
-0.0011974770666533102
-0.0006571562262331632
-0.00032267384658921094
-0.00011917957834831072
 0.00030886573801210127
 0.0007415892012083147
 0.0009801695707178926
 0.0010596929478095124
 0.0012725435097220572
 0.0011438893526195676
 0.0007345463853677264
 0.00026204843583226
-7.244418204641057e-05
 7.4912324164636e-05
 5.6855674085420915e-08
-0.00029233244068219144
-0.0003508143952473397
-0.0002432221371408
-6.545767649690504e-05
 0.00022458230820672498
 0.0006011680093730709
 0.0007134384143154399
 0.0006736690470935808
 0.0007344798368418975
 0.0007976297000081428
 0.0007929464340549475
 0.0006689704237882732
 0.0003508513198349633
 4.676665638911337e-05
 5.3778757525491105e-05
 0.00016838823588577467
 0.00025960698006693983
 0.00021983761284508074
-0.00012868944554107753
-0.0006503079368526676
-0.001024564802835845
-0.0009216506915651207
-0.0006012027524286423
-0.0005497482563519701
-0.0007906779375141948
-0.000954418195885362
-0.000968457755510202
-0.0010339569303290802
-0.0007743249000583124
-0.0002223086925486062
-9.458130636047501e-06
-4.2210277604176616e-05
 0.00015660584380090825
 0.0005004445171164912
 0.0006478010233275378
 0.0005612501877474557
 0.0002595045977195204
-1.8850258129296527e-05
-0.00022235476460494286
-0.0006340368052747125
-0.001048057919362383
-0.0012749531600171476
-0.001391911950030092
-0.001478462785610174
-0.0016796282186679057
-0.001862081064382376
-0.0018807987708430313
-0.0018550740823633644
-0.00172409109007772
-0.0015322921889263513
-0.0014176827105660678
-0.0010481142296534657
-0.0006130516930393237
-0.0005686144172163815
-0.0006037056376024252
-0.0008516525390183938
-0.0012282484784194858
-0.001326494681089127
-0.0012446322305796065
-0.0012165684686820527
-0.0014107166814860544
-0.0012212568537526003
-0.0011674632842580274
-0.0013779850109874037
-0.0008470204642389012
-0.00047043476307256915
-0.00047745710244366524
-0.0005780423785312211
-0.0007066965356337246
-0.0004306909914375545
-0.0004049663029578876
-0.00035585088029913003
 0.00018446996012100314
 0.0003645734941828127
 0.00027334451176688757
 0.0002710003192316207
 0.0002803514937858853
 0.0005774086987432453
 0.0007738857467304294
 0.0007925932149563386
 0.0006382092502568298
 2.5366895646708465e-05
 2.5361776529328472e-05
 0.0005867342777106654
 0.0007200563434142521
 0.0005446207179535256
 0.00039959304692564757
 0.00034812831261424315
 0.00036683578084015234
 0.0007668122161856167
 0.001054513127471346
 0.0008252788133986527
 0.0005960444993259734
 0.00039721813968615627
 1.1265906613405763e-05
-0.0002717670960712265
 4.1663622811521916e-05
 0.0003153300935897635
 0.00017030242256189931
-5.893189151079392e-05
-0.00038874636255364914
-0.0005057051525665796
-0.0004261817754749736
-0.0003817444996520314
-0.00040747942636641665
-0.00041917991257335585
-0.00034433468231756525
-0.00019931724952441943
 0.00016089493771653807
 0.0005000554641963056
 0.0006029695754670439
 0.00032227564620029847
-0.00028588856157400755
-0.0006975706022437633
-0.0007607307036447408
-0.000667172886045661
-0.00046133954438683233
-0.00033503469893700344
-0.0004122292408454409
-0.0003818264055299725
-8.243012715468401e-05
 0.00019123634362357145
 2.0478864998660362e-05
-0.0002602150642680573
-0.0001736744669227075
 0.00019355494057197997
 0.00036196310754423033
 0.00020290099600889233
 0.0004882628338766931
 0.0008087107730131854
 0.0009326765450451135
 0.0010659986107486724
 0.000750218580213291
 0.0006239034965287021
 0.0007034268736203081
 0.0007923065443835725
 0.000986444518952842
 0.000986439399835462
 0.0009162620781807684
 0.0008273721691827718
 0.0010542571716027904
 0.0013232454955452166
 0.0013255794498457513
 0.0013489650649074897
 0.0013068566242677299
 0.0014004144418667958
 0.0015547881683315723
 0.0015898691504828838
 0.0016717316009924044
 0.0018822430894870484
 0.002043634036205569
 0.0018214169423866056
 0.001348918992851153
 0.0007641455192559654
 0.0003290727444070912
 0.00039456168099123723
 0.000560630774545573
 0.00027058055160719685
-0.0002908021878088862
-0.0005317318689711248
-0.0005878747501183723
-0.000590218942653653
-0.0001598345528753542
 0.00046703200400750877
 0.0007664282823827973
 0.000569940996160867
 0.000700923988446539
 0.0012038196541800938
 0.0012599522970925953
 0.0013652054817812342
 0.001451746079126584
 0.0011008799473225112
 0.0006751634661452816
 0.0005207795014457728
 0.0005511823367612412
 0.00032662616952439105
-0.00017394066102599526
-0.0005248067928300681
-0.00043592712206680373
-0.0003236567171244348
-5.466839318200856e-05
 0.0006727783206710303
 0.0011031627104493569
 0.0008669111761229337
 0.000632998715214439
 0.0010119234897986856
 0.0014867502745173067
 0.0016996008364298792
 0.0018492964160588127
 0.0017627455804787306
 0.0014914079448836576
 0.0012294266029602152
 0.0010633472711711472
 0.000932354040650743
 0.0006867462126526752
 0.0006259251846696123
 0.0006773796807462984
 0.0005978460654199325
 0.0005229905969294096
 0.00024931388791642195
 1.0723280172084126e-05
 1.5396307890547245e-05
-6.179823401790407e-05
 3.6437730416991054e-05
 0.00036858103664304254
 0.0006258739934958957
 0.0007896040136323307
 0.0003358186514401673
-0.000534321779140215
-0.0007822686805561835
-0.0008407506351213317
-0.0012524326757911014
-0.0013179318506099796
-0.0010816905545183025
-0.0011846149040237869
-0.0011471948484545746
-0.0009483787270494759
-0.0010770328841519794
-0.0010255783880752933
-0.0007378774767895779
-0.0006513368794442281
-0.0005460836947555892
-0.0002958079581564521
-0.0004034104544977518
-0.0007308858521226924
-0.0006653969155385603
-0.00027477677386474053
-3.151825751933346e-05
 3.630975248271329e-05
-5.798688157046539e-06
-0.0005461297668119258
-0.0009671681011533401
-0.0007285877316437622
-0.0004245133064326584
-0.00040814491162464994
-0.0007286030889958744
-0.0009812281372476583
-0.0010069630639620575
-0.0011800596160048554
-0.0013695296819730418
-0.001334448699821758
-0.0007730761986404072
 5.261159876492061e-05
 0.00034499065688645136
 0.00045258291499300496
 0.0002677909958606478
-3.5466397344530165e-06
 9.936747153628522e-05
-7.37290805065266e-05
-0.0001789925034299117
-0.0005368758554877007
-0.0012105341189635327
-0.0014491247267078566
-0.0015286583420342087
-0.0013649283218978014
-0.0011497386865673281
-0.0011895080537891733
-0.0013930125602648474
-0.0017345223983972619
-0.0019356878314549936
-0.0020011870062738996
-0.0019965139785554364
-0.001987162804001158
-0.002157920282626069
-0.0019778167485642595
-0.0017275410119651224
-0.0016480176348735165
-0.0011825471438265261
-0.0008550819844363317
-0.0006983691845536405
-0.0005416563846709493
-0.0003030760151613715
 2.90672910646661e-05
 1.9705878275655397e-05
-3.643700287159213e-05
 9.830526976201126e-07
 1.2673300669813203e-05
 6.880594358230074e-05
 0.0002793174320769587
 0.00034948451549692006
 0.00012258927484215532
 0.00016234840382928217
 0.0005155433708165097
 0.0009716575681918416
 0.0010909451933879544
 0.000564648555240535
 0.00017167910191406843
 0.00021845545115492526
 0.00023950199279876294
 0.0003073300028008097
 0.0005576057393999467
 0.000721335759536354
 0.00044531997710546556
 2.662071618196593e-05
-0.00018156193712950963
-0.00038506644360516984
-0.00015818144118513733
 0.00042424272075740344
 0.0006370932826699621
 0.0007633981281198049
 0.0007961400368531879
 0.0007329799354522104
 0.0009809165986334467
 0.0011423075453519393
 0.0008756480565926955
 0.00040081103363932835
-3.893988804537507e-05
-0.000502081543909183
-0.0008131834276087491
-0.0007032520960842947
-0.0004529763594851577
-0.00024714301782634285
-0.00021674018251086058
-0.00012084329149386619
 0.00023702982232919056
 0.0006440234779283849
 0.00101827010567683
 0.0010697246017535023
 0.0009527658117405718
 0.0008030599938768784
 0.0006299634418340666
 0.0006065675885375821
 0.0005340511934649739
 0.0005059771933326462
 0.0005106502210511094
 0.0003258583019187522
-1.7990609631590715e-05
-0.0003057017591520522
-0.0006214817896874336
-0.001021468463267658
-0.0011173755925193846
-0.0011127025648009214
-0.0012624083826646287
-0.0012179711068416865
-0.0008367072588395252
-0.000581753375404559
-0.0004671438970442615
-2.506414017640346e-05
 0.00037023414833323165
 0.000498878067200989
 0.00048016036074031987
 0.00024624789983182516
 8.484671487857254e-05
-0.00014672667261202144
-0.0007759425411475313
-0.0011642338476381686
-0.0011735952604271932
-0.0010051870934549428
-0.0006496530530498007
-0.0006519972455850814
-0.0006379679241949876
-0.0004134219951928697
-0.00044851321557891344
-0.00047892628912912794
-0.0002847883145598723
 4.73549916661653e-05
 0.0001432518826831597
 0.00028826931547629164
 0.0004941026571351204
 0.00045199421649534666
 0.000456667244213782
 0.00020638126937991275
-6.0278219379344966e-05
-9.303036634747408e-05
-0.00014215602724097776
-0.00022402871598524443
-0.00020298217434142063
 8.9396883780124e-05
 5.430566339409415e-05
-0.00010241737472334311
-0.00011411786093026843
-0.0003106051471521848
-0.0003667480282994462
-0.0005328273600885142
-0.0006263954159223262
-0.00037144153248737377
-0.00018665985158974885
-0.00014923979602055049
-0.000404203917690249
-0.0006310991583450137
-0.0006778857458206167
-0.0007199941864603765
-0.0007995278017867286
-0.0009913369411728434
-0.0008463195083797115
-0.0006124172857059351
-0.0003364117415097928
 0.00046120717488060126
 0.000924338592509677
 0.0006834089113474245
 0.0004261057162598253
 0.00036762376169467703
 0.0003512451286519086
 0.00038866518422112084
 0.0005547342777754566
 0.0007512113257626268
 0.0008073439686751421
 0.0005593970672591597
 0.00013835873291775935
-0.00012362260900566913
-9.013130645399436e-06
 0.0002810268540582306
 0.00033482042355283126
 0.0001687410917637494
-6.283229572684457e-05
-2.7751313575533065e-05
 0.000309070139486306
 0.0005476505089958977
 0.0006529036936845367
 0.00058506544544773
 0.0004470549946735958
 0.00038389489327263215
 0.00026693610325968786
 0.00023652302970947336
 0.00030902918654734934
 0.00011020282690751837
-0.0003084964340159674
-0.000727195694939467
-0.00107104460648981
-0.0011271874876370436
-0.0011692959282768312
-0.0013353752600658991
-0.0013868399943773035
-0.0014055577008379727
-0.0013283733971642675
-0.001047689706132282
-0.000598592729010694
-9.101891644131e-05
 0.00027621049105340523
 0.0002107113162345131
-0.00011442500797252675
-7.232680556749915e-05
 0.00031361518927049137
 0.000638741275242799
 0.0007416553865135234
 0.0006410701104259675
 0.0005194331735772079
 0.0005194280544598417
 0.0005919342112977177
 0.0006504059276281338
 0.0004983610363465119
 0.00012644324378124905
-0.0003250030449929997
-0.0008489606097225044
-0.0008840518301085482
-0.000687574782121364
-0.0009823031518955694
-0.0011624169241920973
-0.0009565835825332686
-0.0008396350307550843
-0.000994018995454607
-0.0007881856537957782
-0.00036481848427120933
-0.00036482360338857545
-0.00041628833769997986
-0.0007367465150712182
-0.0012209398316962161
-0.0014150880445002317
-0.0012045765560055877
-0.0007227325510332228
-0.0005473071638072424
-0.0005543295031783524
-0.0006525757058479936
-0.0005964430629355061
-0.00019646662759004174
 0.00032514162548681613
 0.0007789167494442195
 0.0006619579594312891
 0.00037424680991084147
 0.0003438337363606131
 0.0003227769564820432
 0.0003999612601557484
 0.00036954818660552
-1.8743119885117343e-05
-0.0006011775200624042
-0.001085370836687416
-0.0013216223710138253
-0.0014549546749521303
-0.001707579723203942
-0.0020420723410826264
-0.0021660483513492867
-0.0018456004122128222
-0.0011509007262105325
-0.00047257455413363125
-0.0002527067719673287
-0.00043749869109968587
-0.0005544574811126302
-0.0003766930204687491
 3.2639708548373725e-05
 0.00024315119704300392
-0.00012408844868642965
-0.0006410287931622044
-0.0009497916034438697
-0.0011182100086508523
-0.0011065197606786592
-0.0010340136038407832
-0.0009451339330775327
-0.0009895814471352071
-0.001162677999178019
-0.0010012870524595124
-0.0008001318576364991
-0.0007463382881419262
-0.0006738321313040363
-0.0007603829668841183
-0.0010317206024792192
-0.0014083165418802973
-0.0015463269926544454
-0.0014691426889807402
-0.0012773437878293853
-0.0011229700613646088
-0.0009218148665416093
-0.0005522463856289933
-0.0006925959098210421
-0.0008446408011026502
-0.0009499042240260214
-0.0012048683456957338
-0.0010551727660667726
-0.0009639540218856074
-0.0009241948928984944
-0.0009499298196128797
-0.0009171879108794828
-0.0006341651464295966
-0.0005944060174424698
-0.0007441118353061632
-0.0011885409038266959
-0.0014037407773919014
-0.0011815339218076981
-0.0011277403523131113
-0.0009640103321766902
-0.0006599359069656002
-0.00042369461087392313
-9.389037806578626e-05
 0.00023357478132440823
 0.00044876441665488154
 0.0006078162899554873
 0.0005774032164052589
 0.00047447886689980234
 0.0005282724363943891
 0.0007949216869189007
 0.0010545537171896824
 0.0008393538436244768
 0.0006943261725965988
 0.0005820455294194976
 7.212240519746671e-05
 1.3640450632304568e-05
 0.0002919850682463754
 0.0002662501415319901
 1.3625093280192346e-05
 6.507958935686453e-05
 0.0005960441361053531
 0.0009819861309433575
 0.0008556710472587825
 0.00039720753823077604
 0.00012586990263570297
-9.868626460114716e-05
-7.062250270359338e-05
 0.0004603420440449091
 0.0006685144591216524
 0.0005515556691087081
 0.0002848961803494504
 7.905260045588947e-05
 0.00011881172944300245
 0.00016090993184804392
 0.0004369154760442001
 0.0008345528379717498
 0.0012579200074963326
 0.0016462010757522377
 0.0016859602047393507
 0.0017116848932190037
 0.0016929671867583346
 0.0014730891663573137
 0.001021642877583065
 0.0004509038444953234
 0.000261433778527137
-9.87886469485666e-05
-0.0005666084496482038
-0.000519832100407347
-0.0002976252448231437
-7.775746265685501e-05
-8.47798020279511e-05
 3.450782316814782e-05
 0.00038068556990164537
 0.0004835996811723836
 0.0005701402785177334
 0.0007479047391616145
 0.0009747897415816331
 0.0012016747440016656
 0.001278859047675357
 0.001145526743737052
 0.000834424860037486
 0.0005256620497558068
 0.0006122026471011566
 0.001131471826760086
 0.0017957635583295412
 0.002251877755704873
 0.0021489534061994026
 0.0019267363123804532
 0.001868254357815305
 0.0018425194311009058
 0.0018752613398343027
 0.0016273144384183341
 0.0010823052129276117
 0.0007127264937802635
 0.0006706180531404898
 0.0005910844378141378
 0.0004881600883086673
 0.0007056887970570552
 0.0011126824526562357
 0.0015758138702853114
 0.0019266697638546382
 0.002052974609304467
 0.0019757800673960296
 0.0017933272216815732
 0.0017442015607880695
 0.0016857196062229213
 0.001456485292150228
 0.00129742318061489
 0.0012646710336467748
 0.0010447930132457262
 0.0010284143802029855
 0.0011734318129961174
 0.0008927378837293859
 0.0006424519088955027
 0.0006354295695244067
 0.0008131940301682877
 0.0012365611996928705
 0.0015991124603517565
 0.0015125616247716606
 0.0012342067689228436
 0.0011219261257457286
 0.0010190017762402581
 0.0012341914115707314
 0.001599081745647532
 0.0015920594062764082
 0.0012341760542186192
 0.0008505628945637833
 0.0005558345247895918
 0.00026110615501540035
 0.0003640202662861247
 0.000572192681362868
 0.000499676286290246
 0.0003406141747548941
 0.0002704368531001866
 0.0005932238656545796
 0.0009043155111194134
 0.0008926150249124881
 0.0008013860424965769
 0.0008294498043941306
 0.0008247665384409492
 0.0007873362446370047
 0.0010259166141465687
 0.0008574982089395861
 0.0004809022695385079
 0.0007007700517047827
 0.0010118616971696304
 0.0012551202135150236
 0.0014328846741589185
 0.0013860980866833156
 0.0010890306434912095
 0.0006726704559856245
 0.0004925566836890966
 0.0003475290126612046
 7.15132302303162e-05
 2.0048495918897902e-05
 0.00022588183757771274
 7.383694629610471e-05
-0.0005062583804632537
-0.000826716557834492
-0.0009436753478474225
-0.0012290474239499694
-0.0014419082240972741
-0.001093391403945848
-0.0004548294799734398
 2.9353598416825832e-05
 0.00047845057553842774
 0.0007146918716301048
 0.000773163587960507
 0.0008526869650521268
 0.0007942050104869647
 0.0006655508533844751
 0.0007263616431328057
 0.00085734463541845
 0.000644483835271159
 0.0004269448882880389
 0.00040354903499155437
 0.00022343526269501257
 6.203407774177383e-05
 0.00011348857381843214
 0.00033101728256682006
 0.0001789723912852259
-0.00010406061139942024
 2.224423405042253e-05
 2.4578188350957153e-05
-5.963357381122414e-05
-0.00017425329040623994
-0.00023741339180721743
-3.391912356631721e-05
 0.00021167846619700448
 0.00040347736734835937
 0.0004736444507683346
 0.0006022883696360781
 0.00039410571632460256
 1.5170703505595906e-05
 0.0001321192552837941
 0.0003005274222560306
 0.000646705168989542
 0.0006911424448124842
 0.000295833918068103
 0.00036600100148807824
 0.00029582367983337077
 0.00017652581640251186
 0.00021160679855380948
 0.00010634337563043827
 0.00026305617551311555
 0.00032854511209726156
 0.0006232632436367208
 0.0011448714967135648
 0.0011729352586111325
 0.0011378440382251026
 0.001016207101376329
 0.0009109436784529579
 0.0010980644327684835
 0.0012711507465765493
 0.0015377999971010747
 0.0015939326400135623
 0.0011027221031348206
 0.0004360810599127324
-5.27904035481086e-05
-0.00028904193787451793
-0.00042705238864865214
-0.00015104684445249594
 0.0002957110592512052
 6.647674517852586e-05
-0.0004949059942375711
-0.0008013297311013079
-0.0008457772451589962
-0.000986126769351045
-0.0012060047897520798
-0.0009487118328991989
-0.000670367215285142
-0.0006048782787009821
-0.000499625094012357
-0.0006048885169357282
-0.0005160088461724638
-0.00028912384375245903
-0.0003265541375564035
-0.0005230414237783199
-0.0009253671707764449
-0.001070394841804309
-0.0009768370242052155
-0.0009908765838300693
-0.0008598935915443973
-0.0006914854245721608
-0.0003640202651819524
-9.737101465742692e-05
-3.188207807328092e-05
 0.000279209567391539
 0.0003330031368861397
 0.00024177415447022843
 0.0003025849442185452
-2.7229526824310013e-05
-0.0003874519523000275
-0.00036172726382037446
-0.0003009164740720438
-0.0003874673096521536
-0.00029624856547097456
-8.54765418524528e-06
 0.00018091217354818112
 0.0004615958645801804
 0.000880284887268934
 0.0011469341377934456
 0.0010159409072730413
 0.0006603966286331531
 0.0005340815449485642
 0.0004989903245625343
 0.0001434460459226461
-0.00023548896689636056
-0.00030566628855106803
-0.0005793429975640557
-0.0008343071192337681
-0.0007173585674555699
-0.0008202829169610265
-0.0009793450284963784
-0.0008811090640614694
-0.0007688386591191143
-0.0008507113478633671
-0.0009255668163539038
-0.0009091984215458954
-0.0008600829988871239
-0.0006636059508999398
-0.0008250071358532063
-0.0010752931106870756
-0.000946649191819332
-0.0009700450451158166
-0.0012788078553974819
-0.0015267547568134365
-0.0014191624987068968
-0.0013045530203466132
-0.0012998799926281501
-0.000970075759820041
-0.0006285761599223588
-0.0006683455271442179
-0.0007876433905750768
-0.0007361888944983908
-0.0008320960237501313
-0.0010215660897183176
-0.0009397036392087832
-0.0008859100697142103
-0.0006987893153986707
-0.0002333188243516804
-4.094748513761015e-06
 0.0002531982083391199
 0.0004286235955651002
 0.00012453893211925027
-0.0002754477414609463
-0.0006192966530112753
-0.0009233813164571253
-0.0007245651950520265
-0.00014915825336321575
 6.603138196724367e-05
 0.0003046117514768354
 0.0006741802323894514
 0.0008098413715109248
 0.0009688932448115306
 0.0010016351535449275
 0.0009221015382185616
 0.0008776540241608732
 0.0007911031885807773
 0.0005244436998215196
 0.00012679609965923766
-0.00021939188530901987
-0.0004860513740682776
-0.0005936538704095634
-0.0007293252477657969
-0.0007667555415697414
-0.0008509673037319088
-0.001094236058312062
-0.0010802067369219681
-0.0009024422762780732
-0.0003714777295295846
 0.0001805384779801078
 7.761412847465121e-05
-0.0002522003425682179
-0.0003481074718199584
-0.0003060092694149169
-0.00025689384675615934
-3.9365138007771416e-05
 9.863507453161668e-05
 6.120478072767221e-05
 0.0001664579654163112
 3.0786588060077724e-05
-0.0001423099639827341
-7.214288056275886e-05
-9.7877807277158e-05
 8.45648002025523e-05
 0.000580443245682391
 0.0009710633873561969
 0.0008307138631641481
 0.0002786874174197096
-0.00010960388907094165
-0.0002405971195913459
-8.622339312655547e-05
 0.00038392524475623635
 0.0007488155788330231
 0.0005991097609693435
 0.00021081845447867842
-6.285825453430927e-05
 1.6665122557310563e-05
 0.00044938858575352403
 0.0005078603020839401
 0.00011489084875745958
-0.0004932733590168464
-0.0012558164123732951
-0.0016020043973415526
-0.0014873949189812552
-0.0015762848279792518
-0.0019552198407982724
-0.002210183962467971
-0.002528303066421267
-0.0026873651779566188
-0.002086228428670775
-0.0014897698262207604
-0.0014336371833082728
-0.0013120104846942454
-0.0010523784544234638
-0.0007412868089586439
-0.0002524255837325351
 7.737864907558789e-05
-9.172186504508018e-06
-0.0005331297512340127
-0.0011038687843217543
-0.0011015348300212058
-0.0007693915237951682
-0.00046765617200197895
-0.000427897043014866
-0.0006945565317741098
-0.0007904636610258642
-0.0008185376611581641
-0.0009331573777531799
-0.0009448578639601191
-0.0006594960260923044
-0.0001987036818811433
 2.5842247120960726e-05
 0.00023401466219770406
 0.00025506120384154174
-0.00011685658872373494
-0.000486435307871097
-0.0008302842194214122
-0.0010431450195687308
-0.000963621642477111
-0.0009074889995646096
-0.001122688873129829
-0.0013636185542920537
-0.0015694621341856285
-0.0015905189140641984
-0.001548420711659157
-0.001620937106731793
-0.0013823567372222012
-0.001178862468981287
-0.0011180516792329703
-0.000989407760365213
-0.0009473095579601853
-0.0005847582973013132
-0.00018712093537374963
-0.00012163199878960362
-0.0001637404394293912
-0.0002643257155169332
-0.00018948048526114258
 1.4013782979757639e-05
 0.0003227663550266907
 0.0004818182283272965
 0.00014732561044859815
-0.0004421260099824187
-0.0009824570886373118
-0.0011859615951129582
-0.00135905814715577
-0.0015953096814821793
-0.0017473545727637874
-0.0018151928210005802
-0.0013801302843864521
-0.0009216770135932056
-0.0008257801225762113
-0.0007766646999174537
-0.0009591175456318962
-0.0010620418951373667
-0.000643352872448627
-0.0002644280978643526
-0.0002620941435638041
-0.0003275933183827101
-0.00018023681217166354
-0.0001100697287516883
-0.0003042179415557039
-0.0005381304024641986
-0.0007697037899547926
-0.0008422201850274147
-0.0007954438357865579
-0.0008188396890830563
-0.000987258094290025
-0.0012141533349447897
-0.0013685372996443262
-0.0012679622617915026
-0.0009288017353117212
-0.000645778970861835
-0.000388486014008968
-0.00018031359893222465
-9.377300158688873e-05
-0.00033704175616702803
-0.0006364482727770349
-0.0006972693007601116
-0.0008072108705193121
-0.0007580954478605406
-0.000498463417589759
-0.00039321023290112
-0.0006972948963469561
-0.0008844258888972417
-0.0007791727042086027
-0.0007838559701617981
-0.0007183670335776521
-0.0007370847400383074
-0.0005873891604093601
-0.00021314253266092875
 3.713320393822217e-05
 0.00043710963928367264
 0.0007832873860171841
 0.0006920584036012728
 0.00036692207939421906
 0.00033650900584400456
 0.00015639523354747664
-0.00012897684255508413
-4.477531862764894e-05
-0.0003184520276406366
-0.0004845313594297185
-0.000250629136755956
-0.00019917464067926993
-0.0002178923471399391
-4.012788649604415e-05
 0.00021950414377473748
 0.00014230960186628616
 0.00017739058401759766
 0.00020311527249723682
-1.6762747903797948e-05
 9.316858362067026e-05
 0.00024052508983170295
 0.0002779451454009152
 0.0003995718440149426
 0.0004720780008528186
 0.0004720728817354525
 0.0005679697727524469
 0.0007083090587097357
 0.0008322748307416777
 0.0010264128053109473
 0.0011503785773428615
 0.0013608900658375195
 0.0016158439492724858
 0.0016485858580058549
 0.0013070760198734405
 0.0007129462526066083
 0.0003854708549816399
 0.0004275690573866814
 0.0007363216294336006
 0.001017005320465586
 0.0009865922469153715
 0.0008134956948725597
 0.0006637898770088663
 0.0007713821351154199
 0.0011620022767892257
 0.0015175363171943818
 0.0014590543626292335
 0.0011994120941236919
 0.0011666599471555766
 0.0009631554406799164
 0.0006614098506519811
 0.0005444510606390507
 0.0003222339668201152
 0.00021229239706090086
 0.00021462635136144936
 0.00027543714110978
 0.000514017510619344
 0.0004906216573228733
 0.0003643065736382983
 0.0005420710342821655
 0.000841467312657454
 0.0008578357074654486
 0.0005326993832584087
 0.0005677803654097202
 0.0007993435146655542
 0.0007502178537720505
 0.0005864775954008972
 0.0003525651344923886
 0.00038062889638995623
 0.00026600917979494043
-0.00012929934694945466
-0.00024157999012656972
-0.00022988974215437663
-0.0003024061372269987
-0.0003983132664787392
-0.00016908919064079209
 0.00011393357380909408
 0.0001700662167215955
 0.0003244399431863859
 0.0006495660291586658
 0.0010448643176683148
 0.0010612327124763093
 0.0008132858110603547
 0.0005746952033160307
 0.00016067408922834647
-2.1778756486096063e-05
 1.5641299083116178e-05
-0.00025569633651197077
-0.0006860909645250157
-0.0006720616431349219
-0.0004685673748940078
-0.00046155527375764394
-0.00010836030677040254
 0.0002799207614854887
 0.0004600242955472983
 0.0005559211865642927
 0.00048574386490957133
 0.0007009335002400446
 0.0007056065279585078
 0.0003664357632439802
 0.000228425312469846
 0.00027052351487488746
 0.0004225581679217494
 0.0004786908108342508
 0.0005675704815975013
 0.0007032316207189887
 0.000845909980094206
 0.00106343868884258
 0.0010727898633968586
 0.0009394575594585536
 0.0008529067238784577
 0.0006751320249998305
 0.0005815639691660046
 0.0007078688146158335
 0.0006189789056178369
 0.00014882002950029893
 2.9522166069453903e-05
 0.0005979118875045347
 0.0009487677810738615
 0.000813096403717628
 0.0004809428592568582
 0.0003242198211394348
 0.0005253750159624204
 0.0004598758411435422
 0.00040139388657838004
 0.0004177622813863885
 0.00016279815971668998
-4.538449359479946e-05
 0.00010197201261624711
 0.0006189021188572758
 0.0009136202503967211
 0.0008527992224136721
 0.0004762032830125801
 0.00022825638159659767
 0.0005159572928823269
 0.000581446229466473
 0.000382619869826642
 9.958686714199583e-05
-0.00023958389757250398
-0.0003097612192272253
-0.0002489504294788947
-7.586411567082896e-05
-8.036105668782212e-06
-1.5058445039878299e-05
 0.00025860802573837716
 0.00047145858765093585
 0.0005205740103097073
 0.0004901609367594789
 0.0005533107999257103
 0.0008035865365248612
 0.0006679151591686139
 0.00042230733117057384
 0.0007006519487846447
 0.0008222786473986582
 0.0005883661864901635
 0.0007380617661191108
 0.000934538814106281
 0.0007895111430784169
 0.0005251907277370738
 0.0003661286162017219
 0.0003567672034127112
 0.00015092362351915023
-0.00012041401207593672
-0.00031456222487993846
-0.000489997850340651
-0.0006092957137715099
-0.0007777141189784925
-0.0008525695874690292
-0.0009788846711536042
-0.0012127971320621128
-0.0012104631777615782
-0.0008596072841922514
-0.0004900388032796216
-0.0006046585198746651
-0.0008876915225592974
-0.0008853575682587489
-0.0008502765861074651
-0.0009274711280159026
-0.0008502868243421974
-0.0006117064548326195
-0.0004924188296365067
-0.0006117166930673518
-0.0009134622830952871
-0.0010584899541231513
-0.0012175520656584893
-0.001390648617701301
-0.0013602457823858327
-0.0013836416356823034
-0.0012105553218742515
-0.0012269339549169922
-0.001320502010750832
-0.0009532726032561167
-0.00059539948943306
-0.000331089312326463
-0.00028197388966769155
-0.00024923198093429466
-3.638141902174985e-05
 0.00012500952769677054
 0.00017880309719135734
 0.00019283241858145117
 0.00040334390707609524
 0.00043608581580949213
 0.00021152964857262813
 0.0002208808231269066
 0.0002863697597110526
 0.0002980600076832318
 0.00048518076199877136
 0.00038927363274704474
-7.386802311677709e-05
-0.00034286658529393554
-0.0005416929449337804
-0.0007966570666034789
-0.0009253112237059685
-0.0008598222871218364
-0.0008317585252242549
-0.0009440391684013699
-0.000995503902712802
-0.0009557447737256752
-0.0008271008548579178
-0.0008668702220797908
-0.000827111093092664
-0.000417778364075555
-9.499135152117588e-05
-2.014612126537141e-05
-3.184660747229673e-05
-0.00013243188355986646
-0.0005090278229609446
-0.0006563945674067234
-0.00014648168141943863
 8.742054125432386e-05
-0.00029619261840049815
-0.0005464785932343952
-0.0005956042541278989
-0.0006423908416035018
-0.0006611085480641571
-0.000642401079838234
-0.0006470843457914294
-0.0007780775763118336
-0.00067750253845901
-0.00045997382971063594
-0.0001886464323502951
 0.00028618035236832595
 0.0004195024180718987
 0.00037271583059630964
 0.00044054384059837026
 0.0003680274455257343
 0.00025574680234861924
 0.0002767933439924569
 0.0002417021236064132
 0.00010135259941436436
 8.497396637162369e-05
 0.000234669546000571
 0.0003750088319578737
 0.00038903815334796754
 0.00045452708993211355
 0.0005317113936058188
 0.0006322864314586285
 0.0007047925882965184
 0.0005059662286566874
 0.00019252527153919285
-0.00014664549317530695
-0.00020512744774045522
-2.5023913678673404e-05
-0.00011391382267667005
-0.00033613091649560556
-0.0004975321014488721
-0.00048350278005876435
-0.0004016403295492299
-0.000539650780323378
-0.0006285406893213746
-0.0004905404767819727
-0.00026833362119778326
-0.00020050561119572263
-0.0002379359049996671
 3.339149236065986e-05
 0.0002322076137657586
 0.00020647268705135946
 0.0005760411679639754
 0.0010157818514139327
 0.0010134376588786381
 0.0009713292182388644
 0.0010157664940618205
 0.0007608023723921081
 0.0006017402608567701
 0.00067424641769466
 0.00040290878209955916
-0.00012806600288366166
-0.00033858772961305184
-0.00028713323353637965
-0.00044619534507171765
-0.0006941422464876862
-0.0009514454415752993
-0.000808767082200082
-0.0003386184443172763
-0.00029418116849433407
-0.0004064618116714491
-0.0005164033814306634
-0.0007175688144883952
-0.0008368666779192402
-0.0006918492451261221
-0.0006310384553777915
-0.0006731468960175652
-0.0004415837467617173
-0.0004860312608194056
-0.0007456735293249195
-0.0008532760256662192
-0.0009959646232761826
-0.001126957853796573
-0.00108719872480946
-0.0010731694034193662
-0.0011901281934322966
-0.0008345941530271545
-0.0004580084518608085
-0.0004743870849035492
-0.0002428239356477152
-7.207669525755023e-05
-6.272552070327175e-05
 1.9136929806248815e-05
-0.00018904572350522675
-0.0005516072223988588
-0.0005586295617699549
-0.00034811807327531086
-0.0002639165493478757
-0.00019842761276372967
-7.212276731388689e-05
 0.0001290324275090987
 0.00028574522739178987
 0.00034187787030430516
 0.0004073668068884373
 0.0003909881738456966
 0.0003909830547283305
 0.00044945477105873266
 0.0007675636367772964
 0.0011956089531377084
 0.001204960127691973
 0.0009663695199476491
 0.0004798371299047366
-2.017113302374418e-06
-0.0002546421615541583
-0.0005821175591791267
-0.0006920591289383271
-0.0005072774480407022
-0.0003178176203072619
-0.00014005315966336696
-4.181719522845795e-05
-5.117860801748253e-05
-0.0001634592511945976
-0.0001190219753716415
 0.00023885113845140138
 0.0004891268750505523
 0.0004400012141570486
 0.0001920543127410662
 0.00020608363413117392
 0.0005358878669392969
 0.0005428999680756469
 0.00020139012994323247
-0.0003482972423832914
-0.0007389276222918573
-0.0007272373743196642
-0.0005284212529145793
-0.00031089254416620526
-0.0006266725747015867
-0.0013143652786848925
-0.0015927201345337094
-0.0014921450966808858
-0.0011459673499473882
-0.001003288990572171
-0.0011459775881821205
-0.0009565177604486941
-0.000944827512476501
-0.001071142596161076
-0.0008536138874127019
-0.0006360851786643279
-0.0004325909104233999
-0.0005121245257497659
-0.0006056925815835917
-0.0006618354627308254
-0.0009495466122513008
-0.0008700232351596809
-0.0008092124454113503
-0.0009776308506183468
-0.0013378532760940504
-0.0017308227294205308
-0.0014618344054780907
-0.0011296910992520531
-0.0008279557474588778
-0.0004794389273074656
-0.0005075129274397655
-0.00039758159591531117
-0.00015198400615198948
-7.479970247828427e-05
-0.0003625108519987458
-0.0009028419306536251
-0.001141432538397949
-0.0011250641435899544
-0.0010642533538416238
-0.001010459784347023
-0.0008443906907927012
-0.0004982129440592037
-0.00031109218974366415
-7.017764532574189e-06
 0.00047014809360397536
 0.00045844760739705004
 0.000313419936369172
 0.0002525989083861091
 0.00018943880698511772
 0.00040696751573350565
 0.0006712776928401165
 0.0007508010699317225
 0.0007157098495456787
 0.0005823775456073738
 0.0002993445429227276
 0.00010285725670081125
 0.00021044951480736485
 0.0002548867906302932
 0.00016833595505021115
 0.00023616396505227177
 3.73376054124408e-05
-0.00046556829855586013
-0.0007275496404792886
-0.0007532845671937016
-0.00034629091159449343
 0.00025016769085552115
 0.0005097997211262889
 0.0007483800906358806
 0.0009729260196379846
 0.001061805690401249
 0.0014360523181496943
 0.0016793108344950874
 0.0014594328140940666
 0.001660588008917066
 0.0017518067530982312
 0.0012489008491299303
 0.0011483155730423744
 0.0010945117653130415
 0.0007202548993298641
 0.0006032961093169337
 0.0007062102205876442
 0.0006757971470374435
 0.0004699535671438826
 0.00034363848345927983
 0.0003974320529538805
 0.00059157002752315
 0.0006196337894207038
 0.00039507762218385367
 0.0002921532726783832
 5.3562664934059256e-05
-0.00026689551243715137
-0.0002902913657336498
-0.0002364977962390491
-0.00010083665711756173
 1.1433747824793339e-05
 6.28882439014794e-05
 0.0002546871450528343
 0.0006944278285027916
 0.0012113579347438203
 0.0011879620814473357
 0.0009213025926880641
 0.0008207173166005222
 0.0006148737367069612
 0.0005540527087238845
 0.0008160238124125807
 0.0009259551439370489
 0.0005166121766851939
 2.540163980645216e-05
 1.1362080181612222e-05
 0.0003318100193180906
 0.0006382235179470952
 0.001035860879874645
 0.0016276413354888303
 0.001913003173356645
 0.001898963613731805
 0.0018241081452412683
 0.0015597877298999252
 0.001363300443677995
 0.001157456863784434
 0.0009726649446520769
 0.0008954704027436255
 0.0009188560178053778
 0.0010474999366731352
 0.0009001331922273426
 0.0008814154857666873
 0.0010240938451419046
 0.0010381231665319984
 0.0011737843056534858
 0.0010123831207002332
 0.0004369659407766763
 0.00020071440645026695
 0.0003550881329150296
 0.0003550830137976635
 0.000628749484575919
 0.00109655904904081
 0.0011503526185353968
 0.0011082441778956231
 0.00115502052713648
 0.001325767767526631
 0.0013281017218271796
 0.0012041257115605053
 0.0011760517114281915
 0.0010052942328033082
 0.0007269393769544774
 0.000418176566672826
 0.00029653962982406634
 0.0003222643183037194
 0.0003760578877983062
 0.00028716797880030953
 0.00010705420650376773
 0.00019125573043120292
 0.0002965089151198419
 0.00047193430234580835
 0.0007339054060345185
 0.000797055269200736
 0.0007245388741281278
 0.0005865284233539936
 0.00038068484346041875
 0.00042278304586544635
 0.0005444097444794738
 0.0002379860076157092
-3.8029774815193096e-05
-0.0002368561344550102
-0.0003678493649754283
-0.0002836478410479931
-0.00027897481332953
-0.0003210832539693176
-0.0006321851376688836
-0.0006064604491892306
-5.210516826162359e-05
 0.0003946527354420637
 0.0010402318796682158
 0.0014846507099539885
 0.0013840654338664327
 0.0011314403856146349
 0.000853085529765818
 0.0006332075093647971
 0.0006706275649339954
 0.0007828979698763783
 0.000506882187445476
 0.0001981193771637968
 5.3091706135932615e-05
-5.918893704118244e-05
 3.9047027393712685e-05
 0.00010453596397787257
-4.049170704999161e-05
-0.0001995538185853435
-0.00023698411238928796
-7.559316567078145e-05
 0.00035946937094334663
 0.0008015491278112186
 0.0008787334314849238
 0.0008038779629943732
 0.0008950967071755522
 0.0009442121298343237
 0.0008974255423587207
 0.0010307476080622935
 0.0009465358459001122
 0.0006097041546035131
 0.0004716937038293789
 0.0003944991619209276
 0.0005020914200274812
 0.0006985684680146653
 0.0005441845033151427
 0.0002728468677200696
 0.00013249734352802078
-6.632901611182407e-05
-0.00012715004409488695
 5.997071022065259e-05
 0.00011142520629732477
-5.231505207382858e-05
-0.0002979228800718825
-6.635973081604851e-05
 0.0004201624209921456
 0.0004412089626359694
 0.0004084568156678403
 0.00027512451172952146
 4.121205082101287e-05
 0.000237689098808197
 0.000625970167064116
 0.0007686485264393195
 0.0005604658731278439
 0.0001979043742342257
-8.278955503250585e-05
-0.00021144371213499547
-0.00024185678568520996
-0.0002699307858175237
-0.0003822114289946388
-0.0005085265126792138
-0.0005857210545876651
-0.0005483009990184529
-0.00018341066494165226
 0.00019317503622469367
 0.0004200600386447262
 0.0006890483625871524
 0.0005370034713055444
 6.684459518800645e-05
-0.00011093010369062073
-9.690078230054078e-05
 3.174313656721661e-05
 7.851948580805956e-05
-0.0003238062611900516
-0.0008384075322478979
-0.0009343146614996384
-0.0007050905856617051
-0.0005179698313461656
-0.0003191537099410807
-0.00011098129486433739
-7.122216587721053e-05
 3.637009222932919e-05
 0.00018372659844037575
 9.015854260654987e-05
-4.083468791385436e-05
 0.00014394699298377056
 0.00046439493212024896
 0.0005275447952864804
 0.00040122971160189147
 0.00018836891145460055
 3.164587333716329e-05
 3.8657974473527146e-05
 1.526212117704262e-05
 0.00013922789320897078
 0.00045733675892754844
 0.0006117104853923111
 0.0005111252093047552
 0.0003076207028291089
 8.540360901015953e-05
-0.0001602042189878944
-0.00036838687229936995
-0.000539144350924281
-0.00047599448775803577
-0.00018595450305440575
-0.00010175297912697057
-2.2229602035350737e-05
 0.00027716667633992387
 0.0005461550002823501
 0.0006420518912993445
 0.0004642771924207173
 0.0002701289796167017
 0.00037304309088742604
 0.0005250777439343018
 0.0007262329387572874
 0.0010069166297892868
 0.0011191870347316418
 0.0011542680168829533
 0.0011074814294073504
 0.0010419822545884583
 0.0009671267860979355
 0.0009671216669805693
 0.0011565814947139957
 0.001226748578133971
 0.0011542321830613628
 0.0009764574841827217
 0.0008688549878414359
 0.0008314246940374914
 0.0006513109217409357
 0.00046184085577274936
 0.000337864845506089
 0.00021622790865731545
-6.212694719148759e-05
-0.0003404818030403045
-0.0004948657677398272
-0.0004551066387527003
-0.0002328997831685109
-0.00014402011240524648
-2.0054340373318325e-05
 0.00013665845950935895
-1.7725505190149815e-05
-0.0002165518648299808
-0.00013468941432046022
-0.00014872897394528628
-0.00015341223989848163
 0.00014130589164096374
 0.0002676107370908065
 0.00027228376480926963
 0.00026058327860233044
 6.64350657983287e-05
-0.0001253740735877723
-0.00010198845852603389
 9.25652744690475e-07
-8.435760044320229e-06
-0.00010668196271397534
-0.00034293349704038467
-0.0005932194718742539
-0.000513696094782648
-1.547857588490853e-05
 0.00033303824426648976
 0.00019736686691027017
-0.00023770590793859014
-0.0005885720397426769
-0.0005815599386062992
-0.0006587544805147366
-0.0007429662426769318
-0.0006119832503912598
-0.0004763221112697724
-0.0004014768810139957
-0.00023540778745965996
-1.0861858457542062e-05
-0.00014653323581377553
-0.0001418602080953124
 8.736386774262084e-05
 0.00017624353850587138
 0.0005317775789110274
 0.0008919897661519988
 0.0011820297508556288
 0.0013948803127681875
 0.0012311400543970202
 0.0009504461251302887
 0.0008030793806845099
 0.0006954768843432102
 0.0002276570816435869
-7.408850838433456e-05
 0.00015981371428941404
 0.0002089291369481855
 6.156239250240669e-05
 1.0097658190974523e-05
 0.00027206876187968465
 0.0006042120681057223
 0.0007164824730480773
 0.0009036032273636169
 0.0009527186500223883
 0.000875524108113937
 0.0009035878700115046
 0.000847444988864271
 0.0007725895203737204
 0.0007702453278384536
 0.0007047461530195614
 0.0005503621883200388
 0.0005269663350235682
 0.0004661453070404914
 0.0002860315347439496
 0.0004380661877908254
 0.0007468187598377307
 0.0008544110179442843
 0.000835693311483629
 0.0007701941366647369
 0.0005760459238607352
 0.0004193228857433118
 0.00033978927041694584
 2.8687386717365926e-05
-0.0002730582033105555
-0.0007736250338609557
-0.0014636568112621484
-0.001625057996215401
-0.0014496326089894346
-0.0012391211204947766
-0.0010683738801046255
-0.0010239366042816833
-0.0011151655866975946
-0.0010707283108746524
-0.0007666538856635485
-0.0003760337439897288
 0.00018066061035577896
 0.00043561449379074524
 0.00036309809871812315
 0.0005010983112575113
 0.0007490349744387476
 0.0009291385085005432
 0.0009338115362189925
 0.0007981401588627729
 0.0006460952675811649
 0.0005782570193443581
 0.0005431657989583283
 0.0002367420620945776
-0.0002123651532617704
-0.00048136371543894274
-0.0007620576447056604
-0.0010333952803007473
-0.0009912970778957059
-0.0011082558679086502
-0.0016743167541605625
-0.002008809372039247
-0.0020134926379924423
-0.0021117388406620835
-0.002214663190167554
-0.0022170073827028347
-0.0022333860157455893
-0.0022006441070121924
-0.0021795975653683686
-0.002191298051575294
-0.001966752122573176
-0.0015714538340635409
-0.0012439886746733325
-0.0010217818190891154
-0.0008182875508482151
-0.0006194714294431164
-0.0004370288219634061
-0.00037153988537927396
-0.0005960960526161241
-0.0010428641945545436
-0.001403086620030261
-0.0013025115821774513
-0.0010265060379812951
-0.0007013799520089875
-0.00028970814957396396
-0.0003271384433779223
-0.0006943780891073698
-0.000720113015821755
-0.0005049233804912956
-0.0007388358413997903
-0.0011809258365023945
-0.0014452462518437514
-0.0015972911431253595
-0.0015060723989441804
-0.0012136933408226497
-0.000921314282701105
-0.0010803763942364292
-0.001456972333637535
-0.0014639946730086312
-0.0013634196351558214
-0.0013096260656612346
-0.000977482759435197
-0.0005798453975076334
-0.0007459247292967291
-0.0011225206686978073
-0.0012394794587107516
-0.0013681336158132412
-0.0015201785070948493
-0.001377500147719632
-0.0010383396212398643
-0.0008512188669243248
-0.0008582412062954348
-0.0010056079507412136
-0.0009635097483361721
-0.0006781479104683713
-0.000528452330839424
-0.0003857739714641928
-0.0001425154551187996
-8.872188562421279e-05
-0.0001846290148759394
 7.500301539484222e-05
 0.0005381344330239041
 0.0006878300126528653
 0.0005895838099832101
 0.0005077111212389435
 0.00045624638692752517
 0.00031823593615339096
 0.00021998973348374973
 0.00031588662450073024
 0.0005357544066670328
 0.00040710024956454316
 0.00023634277093963207
 0.0006129284721059919
 0.0007906929327498868
 0.0005497632515876344
 0.00022930507421642377
-0.000182376966453332
-0.000413950353943926
-0.00037886937179262836
-0.0003788744909099945
-0.00048413791383337956
-0.0007274066684135189
-0.0010525429926205587
-0.0009238990737528152
-0.0005496524460043839
-0.0004911807296739679
-0.0004186745728360919
-0.0003204386084011829
-0.0004210238844887526
-0.00030641440612845516
 1.6372606425937852e-05
 0.00011928671769664834
-5.147076092823499e-05
-0.00020351565220984302
-9.37767764058739e-06
 0.00010289272730179544
 2.8037258811258736e-05
 0.00022451430679842899
 0.0004841463370692245
 0.0006081121091011527
 0.0006127851368196019
 0.0004864700531350269
 0.00023618407830114374
-7.959595223426541e-05
-0.00030415211947111553
-0.00042111090948404595
-0.0004983054513924973
-0.0005521092591218163
-0.0005380799377317363
-0.0003813671378490452
-0.00018956823669767642
-5.858524441203217e-05
 0.00025250640105280164
 0.0007062815250102328
 0.0008489598843854501
 0.0007156275804471313
 0.0006477893322103384
 0.0006524623599287876
 0.0004325843395277529
 0.00011446523557445687
-2.1206141781790477e-05
-6.565365583946492e-05
 1.1530647834240293e-05
 6.53242173288271e-05
 0.00023139331088316284
 0.0005354677360942667
 0.0005635314979918205
 0.0005050495434266722
 0.00036236094581670875
 8.166701654997721e-05
-2.0567219428946348e-07
 5.8266044136112694e-05
-1.658942435441013e-05
-2.5601029643024242e-06
 0.00018222157793330862
 0.00014245221071144953
-3.766156158509226e-05
-0.00010316073640398438
-0.00023883211376020397
-0.000615428053161296
-0.0010060584330698619
-0.001342890124366461
-0.001726503284021283
-0.001958076671511877
-0.001997846038733736
-0.001906627294552557
-0.0017850005959385573
-0.0016657129707424445
-0.001399063720217919
-0.0008680991734694304
-0.00032543925963138265
-1.4347614166548839e-05
 0.00033884735282069256
 0.0006967204666437493
 0.0009353008361533272
 0.001101369929707663
 0.0011224164713515006
 0.0008534179091743144
 0.000617166374847905
 0.0007364540000440178
 0.0007060409264937895
 0.0006779669263614896
 0.0008346797262441807
 0.0007013474223058619
 0.00037621109809882203
 0.00018674103213063564
 2.5339847177383024e-05
-2.1446740298219913e-05
 0.0003855469153009883
 0.0005890411835418885
 0.0005258810821409249
 0.0007153409098743652
 0.0006919450565778806
 0.0007504167729082967
 0.0009702845550745715
 0.0008042052232855035
 0.0006357868180785209
 0.0006006955976924772
 0.0006615063874408078
 0.000666179415159257
 0.000488404716280616
 0.00030595187056617346
 1.8672071203373886e-06
-0.0001361432436538107
-0.0001782516842935844
-0.0001104236742915099
 0.00019832889775539542
 0.0003363291102947974
 0.0006216909481626121
 0.000972546841731925
 0.0011152252011071423
 0.0011643406237659137
 0.0010263301729917657
 0.0007760441981578964
 0.00039944825875679046
 0.00020062189911697337
 0.00022166844076081105
 0.00027546201025538397
 0.0005327549671082649
 0.0006847896201551268
 0.0005093539946944003
 0.0003245620755620432
 0.00040642452607157764
 0.0006122578677303925
 0.0007549362271056098
 0.0007221840801374946
 0.00044149015087074917
 0.00018652602920105066
-0.0001479665886776338
-0.0004239823711085361
-0.0004567345180766652
-0.0006602390245523115
-0.0007233991259533029
-0.0005409565184735926
-0.0004988583160685511
-0.0006087998858277655
-0.0008356951264825163
-0.0007210856481222466
-0.00033982180012007146
-4.2764595162697594e-05
 0.0002753442705558523
 0.0002659828577668416
 5.078298420163607e-05
-7.319302606503819e-05
 8.669424444482376e-06
 0.00025192794078988945
 0.00023321023432922028
 9.753885697300069e-05
-2.4098079875745082e-05
-7.08846673513619e-05
 6.299636322357194e-06
 0.00012324818810055538
 0.00034077689684891554
 0.00046942081571667293
 0.0004904673573605106
 0.00036415227367592173
 6.240668364800028e-05
-0.00014343689624557454
-0.00023934402549730116
-0.00021361933701764813
-0.0002744403650007249
-0.00043818062337187824
-0.00027678967665337173
-3.353116030796466e-05
 6.227968679162199e-06
-0.00012476526184124204
-0.0001528392619735558
-1.951719626998305e-05
-4.057397614855296e-05
 8.105272246546058e-05
 0.0004178741755273274
 0.0005628916083204594
 0.0002330771372775764
-5.9312159078700466e-05
 0.00016991191675924666
 0.00022838363308964882
 0.00026580368865886106
 0.0006798145645117992
 0.0009979234302303491
 0.0010610732933965944
 0.0008365171261597304
 0.0007031848222214115
 0.0007873863461488606
 0.000778024933359836
 0.0008037496218394891
 0.0006680782444832695
 0.00047159095826133923
 0.0005183673075021961
 0.0006095860516833751
 0.0007967068059989008
 0.0008528394489114022
 0.0005791627398984145
 0.0004294569220347072
 0.0004505034636785449
 0.00043880297747161956
 0.00035225214189152365
 0.000263362232893527
 0.00032183394922394304
 0.0002960990225095439
 0.000268025022377244
 0.0003919907944091583
 0.00044110621706792974
 0.0006071753106222655
 0.0006750033206243122
 0.00034986699641727237
-1.5033575894246587e-05
-0.0003729169279520633
-0.0007284612065919377
-0.0007565352067242515
-0.0004945641030355552
-0.00044544868037678376
-0.00047352268050908364
-0.0004197291110145107
-0.0006138773238185125
-0.0007355142606672721
-0.00038699744051585994
-3.380247352861854e-05
-2.4451298974340063e-05
-5.7203445942483055e-05
-0.0001343979878509205
-8.060441835634757e-05
 0.00016499317140697412
 0.00026790728267771236
 0.00042462008256038963
 0.0006047236166221853
 0.0007965225177735541
 0.0009696088315816059
 0.0009789600061358844
 0.0010818741174066226
 0.0013344889274236604
 0.0014444202589481286
 0.001402311818308355
 0.001467800754892487
 0.0013789108458944904
 0.001222187807777067
 0.0011473323392865303
 0.0010280344758556853
 0.001056098237753253
 0.0010771447793970768
 0.001093513174205099
 0.0010818126879981738
 0.0009671929714031302
 0.0009274236041812711
 0.0010513893762131993
 0.001224475690021265
 0.0011870453962173205
 0.0011987356441894997
 0.0011870351579825744
 0.0011425876439249
 0.001301639517225478
 0.0012127496082274813
 0.0010186013954234796
 0.0011168373598583747
 0.0011636137090992316
 0.0010910973140266234
 0.0010419716531331058
 0.0007706340175380189
 0.0007098129895549699
 0.0009460542856466331
 0.000826756422215788
 0.000700441338531213
 0.0007448786143541414
 0.0006793794395352631
 0.0004080418039401762
 0.00020219822404661525
 0.0002068712517650645
 9.225153517003482e-05
 0.00012265437048551708
 0.00038696454759212795
 0.0004945568056986677
 0.0005062470536708469
 0.0006489254130460781
 0.0006185123394958497
 0.0003729045114977958
 0.00019045166578335326
-0.00010661577740876671
-0.0004013441471829582
-0.00041772278022569886
-9.961391450714896e-05
 0.0002512419790621778
 0.0003354435029896269
 0.00020211119905130803
 9.684777612792295e-05
 0.00017637115321954278
 0.00023484286954994493
 0.0002629066314475126
 0.000319039274360014
 0.00021143677801872818
 4.769651964756094e-05
 0.000265225228395935
 0.0005505870662637496
 0.0006418058104449287
 0.0007143119672827908
 0.0005879968835982158
 0.00042659569864497704
 0.0002839071010349997
 1.0230392022012036e-05
-0.00034765296003577695
-0.0006821455779144753
-0.0008739547173005763
-0.0009651836997164737
-0.000771045725147218
-0.0004365633455032658
-0.00037575255575494904
-0.0005184411533649125
-0.0006868595585718951
-0.0007944620549131948
-0.0009044036246723952
-0.0010681438830435486
-0.0012810046831908534
-0.0014985436301739735
-0.0015055659695450696
-0.0013956346380206153
-0.001100916506481156
-0.0005839864002401274
-0.00023079143325289986
-0.00010916473463888632
-0.00032202553478617724
-0.000654179079246961
-0.0007617815755882468
-0.000668223757989167
-0.00037584469986763624
-0.00013024711010431456
-0.00021445887226648197
-0.00036182561671227464
-0.00022616447759078728
-0.00015599739417081204
-7.179587024339074e-05
-0.00012326060455479515
-0.0005092128376275457
-0.0005887464529538977
-0.0005326138100413963
-0.0004367169190244019
-0.0004554346254850572
-0.00052327287372185
-0.0003174395320630352
-0.0005396566258819846
-0.0009326260792084512
-0.0010870100439079738
-0.001218003274428378
-0.0011548534112621328
-0.0009326465556779434
-0.0007455258013624039
-0.0007969905356738222
-0.000923305619358411
-0.0008367650220130474
-0.0006800522221303562
-0.0005631036703521719
-0.0005303617616187889
-0.000668372212392937
-0.000682411772017763
-0.0004204406683290668
-0.0002871186026255079
-0.00029648001541451863
-0.00034092752947219307
-0.0004719207599926112
-0.000507011980378641
-0.0005304078336751256
-0.0006590619907776291
-0.0007409346795218819
-0.0007315835049676034
-0.0008462032215626469
-0.0010286560672770895
-0.0008742823408123129
-0.0007807245232132332
-0.0011245734347635622
-0.0015128647412541996
-0.0017584725692522674
-0.0015315875668322487
-0.0010801515162927322
-0.0009374731569175149
-0.0009070703216020326
-0.0010918622407344036
-0.001400625051016069
-0.0012064870764467994
-0.0008275623018625389
-0.0009842853399799623
-0.001468478656604974
-0.001910568651707592
-0.002156176479705646
-0.0022848306368081356
-0.0022333761407314634
-0.001933979862356175
-0.0018988988802048773
-0.001894225852486442
-0.001683714363991784
-0.0014147260400493439
-0.0009071522274799737
-0.0003949002680747743
-0.00011889472387860422
-9.317003539895119e-05
-9.083608109841657e-05
-0.00011189286097698647
-0.00029902385352725824
-0.00022885677010729688
 0.00013369449055157523
 0.00027871192334472106
 7.754649028697547e-05
-0.00025694612759172286
-0.0006241857733211564
-0.0007715525177669352
-0.0006592821128245802
-0.0006639653787777616
-0.0007926195358802512
-0.001077991611982812
-0.001363363688085359
-0.0013469952932773366
-0.0012347248883349815
-0.0011552015112433617
-0.001087373501241301
-0.0010312408583288135
-0.0010031770964312459
-0.001035929243399361
-0.0012137039422780022
-0.0012768640436789797
-0.0009400425906171267
-0.0006453244590776674
-0.00043013482374719414
-0.00023833592259585312
-0.0002523754822206792
-0.00018688654563653317
-0.00017753537108226858
-0.00021028751805038381
 7.24119069799023e-06
 0.00023178711970009425
 0.00024347736767228734
 0.00019201263336086904
 0.00010780087119868775
-0.00012377251629189234
-0.00029452999491678955
-0.00043254044569093764
-0.0006407230990024132
-0.0007857507700302774
-0.00094715195498353
-0.0010032948361307775
-0.000841903889412271
-0.000591628152813134
-0.0003670822238110022
-0.0003600701226746522
-0.0007109362544787112
-0.001202146791357453
-0.0013752433434002787
-0.0011413411207265023
-0.0008536402094407869
-0.0004255948930803888
-4.4331045078213616e-05
-0.00023146203762848538
-0.00045367913144744865
-0.00044900610372898553
-0.0005472523063986268
-0.000703975344516064
-0.000870054676305132
-0.0008373127675717351
-0.0006899562613607163
-0.0004958182867914329
-0.00029700216538634805
-0.00039057022122017393
-0.0005285806719943081
-0.0006338440949176932
-0.0007624982520201828
-0.0007765378116450228
-0.0008280025459564411
-0.0007999387840588734
-0.0006268524702508077
-0.00018945086021877888
 0.0003882951548879465
 0.0005543642484422823
 0.0004069975039965035
 0.00021284929119248786
 0.00016372363029898418
 0.000145005923838315
 1.8690840153740007e-05
 4.675460205130766e-05
-9.593399555865578e-05
-0.0003392027501387951
-0.0003415469426740758
-0.00037897723647803416
-0.00033453996065509195
-0.0003205106392649981
-0.000453842943203317
-0.00028777384964898123
 0.00020342644899501439
 0.0003320703678627718
-2.1134837359201852e-05
-0.00018955324256619832
-0.00029715573890748415
-0.0003088562251143956
 2.328708111162814e-05
 0.00017298266074057544
-8.665960776493842e-05
-0.00039776149146451834
-0.0002527440586713864
-9.135311195287987e-05
-0.00022936356272702796
-0.0002925236641279916
-0.00041649967439465196
-0.0003603670314821644
-3.9919092345686025e-05
 0.00023374737843256943
 0.0004419197935092989
 0.00039513320603370983
 0.00024308831475208792
 0.0004348872159034567
 0.0007576742284578497
 0.000769364476430015
 0.0006290149522379801
 0.00042317137234441915
 0.00021031057219711435
 0.00018925379231854444
 0.0002196566276340267
 0.000376369427516704
 0.0003903987489067978
 4.446515834075071e-06
-0.0003370633222983671
-0.0004329704515500937
-0.0002154417428017058
 2.0799553289957418e-05
-1.4291667096086313e-05
-6.809547482540534e-05
-0.00015698538382341587
-0.00011722625483628901
 0.0003108190615240952
 0.0008815478563770907
 0.001267489851215095
 0.001426541724515673
 0.001499047881353563
 0.0014405659267884147
 0.0013774058253874233
 0.001239395374613289
 0.0009891093997794198
 0.0007809267464679304
 0.0003832791463056484
 2.0717647412030193e-05
-0.00022956832742186684
-0.0003933085857930202
-0.00032314150237304495
-0.00012198630755005935
 0.00017974904424314375
 0.000408973120081077
 0.0006639270035160294
 0.0008159616565629052
 0.0007668359956694015
 0.0005797050031191159
 0.00013293686118068249
-0.0003021359136681917
-0.0005687954024274494
-0.0004822548050820996
-0.00029513405076657395
-0.0002647312154510917
-0.0003395866839416145
-0.0005547865575068339
-0.0004565505930719249
-0.0002413609577414516
-1.6815028739347593e-05
 0.0003667878926807422
 0.0007012702723246805
 0.001080195046908941
 0.0013749131784484003
 0.0015690511530176698
 0.0015713851073182045
 0.0014193402160365964
 0.0012719734715908176
 0.001171388195503248
 0.001229859911833664
 0.0012275157192983832
 0.001049741020419756
 0.0007199265493769008
 0.00040414651884149166
 0.0002801705085748174
 0.0003012170502186551
 0.0003012119311012751
 0.00035266642717796115
 0.000464936832120344
 0.00045791449274922014
 0.000490656401482617
 0.0005140420165443693
 0.0005514620721135677
 0.0004929801175484194
 0.0002146252616996025
 7.661481092545441e-05
 1.1115636106576177e-05
-0.00012689481466755803
-0.00033273839456113286
-0.0005455991947084238
-0.0007046613062437618
-0.0008871141519582182
-0.0009034927850009727
-0.0008333257015810114
-0.000697664562459524
-0.00026260202584538206
 0.00014205255633588376
 0.0003619203385021863
 0.0005396847991460813
 0.0007338227737153369
 0.000930299821702521
 0.0012671212747643879
 0.0018097811886024218
 0.0019103562264552454
 0.0017302424541587036
 0.0018191221249219541
 0.001805082565297128
 0.0017933820790902028
 0.0019617902460624392
 0.0019220208788405801
 0.0015103388381708244
 0.001136081972187633
 0.0009933933745776835
 0.0008109405288632132
 0.0007571367211338942
 0.0007594706754344288
 0.0005746787563020578
 0.0005629782700951463
 0.0006799268218733445
 0.0007454157584574767
 0.00095358817353422
 0.0010775539455661481
 0.0009301872011203555
 0.0008740443199731218
 0.0009021080818706895
 0.0008249135399622382
 0.0008342647145165166
 0.0008295814485633213
 0.000672858410445884
 0.0005652559141045982
 0.0004646706380170562
 0.00037344165560113107
 0.00031963784787179816
 0.00023542608570963075
 0.00036173093115945965
 0.0005792596399078476
 0.0005324730524322446
 0.0002938824446879207
 0.00017692365467499027
 0.0003734007026621605
 0.0005535042367239562
 0.0006751309353379836
 0.0008786252035788839
 0.0009908956085212667
 0.0012505276387920483
 0.001734710717182314
 0.0020481414360650624
 0.002148716473917886
 0.0022843776130393595
 0.0023030850812652826
 0.0021697527773269637
 0.0021954774658066167
 0.0023007306504952557
 0.002225875182004733
 0.0018165322147528778
 0.0013346779715457807
 0.0011522251258313104
 0.0012902253383707124
 0.0013767659357160622
 0.0012223819710165396
 0.0011147794746752537
 0.0010469412264384609
 0.0009861201984553841
 0.0007171216362782257
 0.0004130369728323896
 0.000370928532192602
 0.0002656651092692308
 0.00025864276989813473
 0.00020249988875087332
 0.00014401793418572506
 0.0002586274125460225
 0.0002024845313987611
 0.00021885292620678343
 0.00020013521974612813
-2.90990943265651e-05
-0.00026768970207088905
-0.0002723729680240705
-4.3148892186151144e-05
 4.3391705159212535e-05
 8.548990756422625e-05
 0.00011589274287970852
 4.571542122500105e-05
 1.5302347674772676e-05
-4.084053347246097e-05
-0.0002466841133660219
-0.0005250389692148388
-0.0006934573744218214
-0.0006817671264496283
-0.00045956027086543894
-7.595734944534915e-05
 0.00013923228588512415
 0.0001415662401856449
 0.0003076353337399945
 0.00041756666526444886
 0.0003801363714604905
 0.00048071140931331413
 0.000295919490180957
-1.1479530111629943e-06
-9.4716008844975e-05
-0.00023038738620122234
-0.00012981234834839872
 0.00020934817813138273
 0.0005695603653723402
 0.0008432268361505957
 0.0008876641119735379
 0.0009742047093188738
 0.0009625042231119624
 0.0007122182482780792
 0.0007496383038472776
 0.0009414372049986464
 0.0010654029770305745
 0.0011729952351371142
 0.001194041776780952
 0.001259530713365098
 0.0011776580246208312
 0.0009109985358615735
 0.0006092529458336521
 0.00044551268746247097
 0.00043615127467346027
 0.00019054344667540635
-0.00011354121677042972
-0.0003380973840072937
-0.0005532972575725131
-0.0006187964323913914
-0.0006281578451804021
-0.0005252437339096777
-0.0002679507770568107
-9.48644632487311e-05
-0.00013463383047060407
-0.00023054095972234456
-3.4063911735160435e-05
 0.00028638402740131796
 0.00046648756146311365
 0.0008547686297190327
 0.0011681993486017672
 0.0011050392472007897
 0.0009202473280684326
 0.0006185017380404972
 0.0004243535252364955
 0.00027230863395488747
 1.0327292031445112e-05
-6.452817645909159e-05
 0.00015300053228928245
 0.0004383623701570971
 0.0004594089118009348
 0.00029332958001185294
 0.00011789395455114038
-0.0001557827544618473
-0.00020490841535536486
 3.133288073631224e-05
 8.044830339508369e-05
 4.535708300902608e-05
-6.926263358598972e-05
-0.00026341084638999146
-0.0004482027655223625
-0.0006049258036397859
-0.0005043507657869761
-0.00027278761653112826
 4.0643102351620164e-05
 0.00017864331489102214
-5.293007259958571e-05
-0.00036169288288123713
-0.0005698755361927127
-0.0003383123869368787
-9.739294400937237e-05
-0.00016757026566409372
-0.00011845484300532227
-0.00017927587098838516
-0.0004061711116431638
-0.0004810265801336866
-0.0005558820486242094
-0.0007851163626969027
-0.0009441784742322407
-0.0010166948693048489
-0.0008272350415714225
-0.0005582467176289824
-0.0008553141608210885
-0.001089226621729597
-0.0009699389965334843
-0.0009839785561583242
-0.001019069776544368
-0.0009301901057811035
-0.0010565051894656785
-0.0015056124048220265
-0.0016927433973722983
-0.001713800177250882
-0.0018120463799205233
-0.001709132268649799
-0.0016623559194089421
-0.0016483265980188483
-0.001400389934837612
-0.0010682466286115883
-0.0007384423958034653
-0.000483488512368499
-0.00017239686690367906
 6.15053557700973e-05
 3.810950247361278e-05
 0.00011529380614730411
 0.0002509549452687915
 0.00030240944134547754
 0.00013399103613848107
 2.872761321510986e-05
 0.0002462563219634978
 0.00021818232183118402
 8.718909131077979e-05
-1.807433161259142e-05
-0.00019350995707331786
-0.00032918133442955133
-0.0004952606662186332
-0.0005584207676195968
-0.0006285980892743043
-0.000743217805869334
-0.0007736308794195484
-0.00075024526435781
-0.0007268596492960716
-0.0006566925658760964
-0.0006262897305606141
-0.0005444272800511074
-0.0003596455991534686
-0.0003479553511812894
-0.0001982597715523421
-7.897214635622929e-05
-0.00013043688066764758
-5.5591650411856985e-05
-1.1154374588914773e-05
 3.328290123402744e-05
-0.00010004940270429141
-0.0004485764610904358
-0.0006427246738944653
-0.0005678794436386608
-0.0005982925171888753
-0.0008275268312615686
-0.0008041412161998163
-0.0007363132061977556
-0.0007105885177181165
-0.0006965591963280088
-0.0007503630040573417
-0.0005538859560701714
-0.0003667652017546319
-0.0003948392018869318
-0.00029894231086995127
-0.00023345337428579138
-0.00031298698961214344
-0.00020539473150560372
 5.8915445601007144e-05
 0.0002273236125732575
 0.0001922323921871999
 0.00011503785027876245
 1.2113500773291985e-05
-0.00023817247406059117
-0.00034109682356604776
-0.0004229695123103283
-0.0007621402770248281
-0.0012486726670677545
-0.0017164924697673917
-0.0020346115737206877
-0.002210047199181414
-0.002118828455000249
-0.0017796679285204675
-0.0015598001463541789
-0.001480276769262573
-0.0011317599491111607
-0.0006195079897059474
-0.0002850256100620091
-0.00017275520511964015
-0.00025228882044597833
-0.00039731649147387027
-0.0004511202992031893
-0.0003224763803354319
-0.00031780335261699655
-0.0005961582084657996
-0.0008745130643146304
-0.001056965910029073
-0.001162229332952458
-0.0010148728267414253
-0.0008300911458437865
-0.0008113836776178635
-0.0007996934296456981
-0.0009353648070019177
-0.0011622600476566824
-0.0013376956731174089
-0.0013868213340109126
-0.0014336079214865016
-0.0015061243165591237
-0.0014663651875719969
-0.00171665116240588
-0.0019903278714188816
-0.0018687011728048541
-0.0015225234260713566
-0.0010009151729945126
-0.0007132142617087833
-0.0007576617757664855
-0.0007459715277942924
-0.0006734653709564026
-0.0005611949660140475
-0.0003319708901761004
-4.193090547247036e-05
-9.188996739087352e-06
-0.0002243888703042929
-0.000224393989421659
-3.0256014852403368e-05
 0.00012411771161237317
 0.00022235367604728218
 0.00021767041009408683
-5.13281520830855e-05
-0.0002712061724841064
-0.00010747615234769914
-4.666536259936849e-05
-0.0001542678589406543
-0.00025485313502822404
-0.00040455895289191746
-0.00033907001630777145
-2.248563245918489e-06
 0.00016615960372633187
 9.43656560889461e-06
-0.00011453944465776578
-0.00024085452834235466
-0.00014495763732536027
 0.00018952474231857808
 0.0002994560738430463
 0.00040470925853168527
 0.0004725372685337459
 0.0004000208734611238
 0.0004725270302989998
 0.0007929749694354782
 0.001017520898437596
 0.001216337019842681
 0.001691163804561302
 0.0017940779158320402
 0.001742613181520608
 0.0018057630446868395
 0.001583545950867904
 0.0015812017583326093
 0.001754288072140689
 0.0017659783201128681
 0.0017636341275775874
 0.0017308819806094583
 0.0016045668969248694
 0.0013051603803148626
 0.0010010757168690265
 0.0008934732205277268
 0.0007227157419028296
 0.00041629200503907893
 0.00032038487578733843
 0.0002338340402072564
 6.541563500027381e-05
-2.11352005798221e-05
-7.259993489124039e-05
-1.8806365396639713e-05
-0.00012640886173793942
-0.0001568219352881539
 0.00010982731523637157
 0.0002946089961339826
 0.00038348866689724703
 0.00038582262119778166
 0.0003788002818266717
 0.00034370906144064184
 0.0004863874208158453
 0.0007670711118478307
 0.000790456726909583
 0.0008723191774191036
 0.0010126584633764063
 0.0008793261594381013
 0.0007974534706938208
 0.0008699596275317106
 0.0006898458552351688
 0.0004606115411624895
 0.00047931900938841254
 0.00048165296368896104
 0.0005190730192581594
 0.0006173089836930684
 0.00036702300885918526
 0.0001143979606073875
 0.0002453809528930595
 0.00025941027428315333
 0.00010034816274781533
 5.356157527221239e-05
 9.332070425932537e-05
 0.00015880964084348526
 0.0003014880002187026
 0.00045352265326555063
 0.0005283678835213551
 0.0006312819947920795
 0.0005751391136448319
 0.00039736441476620477
 0.0004956003792011138
 0.0004675263790688
 0.00031548148778720586
 0.0005049413155206461
 0.0005587348850152329
 0.0005072701507038146
 0.00045346634297448174
 0.0003622373605585705
 0.0005704097756353138
 0.0008347199527419247
 0.0008440711272961893
 0.0006288712537309837
 0.000554015785240447
 0.00044641328889914733
 0.0002312134153339418
 0.000282667911410614
 0.0005422999416813956
 0.0007925756782805465
 0.0008393520275213895
 0.0008674157894189571
 0.0007855431006747043
 0.00068261875116922
 0.0007785156421862144
 0.0007878668167404929
 0.0007059941279962262
 0.000495472401266836
 0.0003387493631494126
 0.00040657737315145936
 0.0004018941071982779
 0.00019838960072263156
-7.453979170943259e-06
-0.00012207369576597293
-0.00023903248577890335
-0.00015717003526938278
-9.635924552105213e-05
-0.00019928359502653648
-0.0001361337318602912
-8.935738261943438e-05
-6.363269413979522e-05
-3.790800566012831e-05
 1.822463725237311e-05
 2.523673838872309e-05
-0.00024610089720635
-0.00043323188975662175
-0.00041218534811279794
-0.0003934778798868749
-0.0005080975964818907
-0.0004683384674947777
-0.00031162566761208654
-0.00048004407281906913
-0.000646123404608151
-0.0006999272123374839
-0.0008075297086787697
-0.0009432010860350032
-0.001050803582376289
-0.001039113334404096
-0.0010414575269393905
-0.0008660321397134102
-0.00033740666638283623
 0.00011402938415668029
 6.2564649845262e-05
-5.2735983915447315e-06
 6.255441161051589e-05
-5.283836626276961e-06
 0.00021692301895792632
 0.00042275636061675503
 0.0004508201225143227
 0.00042508519579990967
 0.0002940919652795193
 0.000282391479072594
 0.000275369139701484
 0.0003595706636289192
 0.0002870542685562971
 0.000221555093737405
 0.0004133539948887738
 0.00031510779221913254
 1.1023128773282598e-05
-6.38323397172541e-05
 0.00011627119434454158
 0.00020748993852572062
 9.754836876652018e-05
-0.00011999057821661385
-0.0002299321479758143
-0.00024163263418273961
-0.0002603503406434088
-0.0001434017888652106
-0.0002884294598930748
-0.000676720766383726
-0.0007843232627250118
-0.0006790700780363729
-0.0006627016832283783
-0.0005808392327188439
-0.00038670125814957435
-0.00045921765322219643
-0.0005504466356381077
-0.0005106875066509808
-0.0006206290764101952
-0.0005691745803335091
-0.000293169036137339
 6.470407768570385e-05
 0.00043661163201623443
 0.0004319283660630391
 0.00032198679630383864
 0.0003827975860521693
 0.00026817786945712574
 4.596077563819023e-05
 0.00013250137298354003
 0.0004669837526274784
 0.0005324726892116244
 0.0005839271852883104
 0.0007102320307381393
 0.000539474552113256
 0.00044824556969734475
 0.00045057952399787937
 0.0003780631289252573
 0.00037571893638997655
 0.0002634382932128615
 6.22728601551159e-05
 0.00012542272332136117
 0.0003733593865025836
 0.000429492029415085
 0.0003546365609245483
 0.0002867983126877416
 0.00023299450495842255
 0.00026573641369180556
 0.0001511166970967759
-7.811761697588959e-05
-0.00015297308546644017
-0.00015999542483753626
 2.2447182642174046e-05
 0.00017915998252485132
 0.00020722374442243285
 0.0002329484329020859
 0.00015575389099363457
 0.0001908348731449322
 0.0002984271312514858
 0.0004177147564475847
 0.0005299851613899675
 0.0005837787308845543
 0.000738152457349317
 0.000876152669888719
 0.000927607165965405
 0.0007451543202509486
 0.00033347227958119285
 0.00012996777310551877
 6.212952486872592e-05
-0.0001600875689502096
-0.00025131655136613473
-0.00017647132111033026
-0.00023963142251130776
-0.00045483129607652717
-0.0005460602784924384
-0.000424433579878411
-0.000496949974951047
-0.0005858398839490297
-0.0006045575904096989
-0.0007144991601688994
-0.0006911135451071609
-0.0005975557275080673
-0.00028412500862533274
-7.361352013068867e-05
-5.785510128628046e-06
 8.075508721670788e-05
-9.935868507982004e-05
-0.0001812313738241006
-0.00010404707015039538
 1.0562408209902063e-05
 0.0001392063270776317
 0.00022808599784089612
 7.604110655930196e-05
-7.366471130440533e-05
 0.00022339249365296854
 0.00041753046822223805
 0.0005695651212691
 0.0008502488123010854
 0.000964858290661369
 0.000773049151275268
 0.0004713035612473465
 0.0005414706446673079
 0.0005438045989678425
 0.0004829835709847796
 0.0007472937480913905
 0.0008782767403770486
 0.0008642371807522087
 0.000840841327455738
 0.00069581365642786
 0.0005578032056537258
 0.00031921259790938794
 7.828291674716326e-05
-5.271031377324098e-05
-0.0003988982987414985
-0.0006912875950977754
-0.0008737404408122179
-0.001124026415646115
-0.0013018011145247282
-0.0014117426842839287
-0.0013064894995953036
-0.0009603117528617922
-0.0005299273630834794
-0.0004012834442157359
-0.00042234022409430583
-0.00022118502927130634
-0.00010657555091102278
-0.00010424159661048815
-0.0001837752119368402
-0.00022588365257661391
-0.00014402120206709335
-0.00015806076169193328
-0.00018379568840633242
-0.00028204189107597366
-0.00047151195704416005
-0.0007451886660571477
-0.0009837792738014717
-0.0007498770511277231
-0.00031013636767776576
-3.7228690487473015e-06
 0.00011556475614735162
-3.881920855215715e-05
-0.00034758201883382245
-0.0006002070670856202
-0.0006002121862029863
-0.0006657113610218646
-0.0009721350978856291
-0.0012037084853762092
-0.0014142302121055994
-0.0018118778122678952
-0.002111284328877916
-0.002104272227741552
-0.002211874724082852
-0.0022212361368718625
-0.0019382133724219625
-0.00169027670924074
-0.0015242076156864043
-0.0014166153575798646
-0.0011476270336374245
-0.000913724810963662
-0.0007850808920959185
-0.0006049773580341228
