========================================================================
KINEMATIC INVERSION - PYTHON PIPELINE
========================================================================

========================================================================
[1/6] Validando rutas de entrada y datos
========================================================================
✓ Directorio de configuración: /home/alex/KDEllipsPy/inversions/calama2020
✓ Directorio de datos: /home/alex/KDEllipsPy/inversions/calama2020/DATA

========================================================================
[2/6] Cargando configuración
========================================================================
Evento: Calama 2020 Intraplate
Estaciones: 8
Frecuencia: 0.02 - 0.1 Hz

========================================================================
[3/6] Preparando datos observados
========================================================================
Datos observados listos con forma: (8, 3, 128)

========================================================================
[4/6] Inicializando inversión (NA / neighpy)
========================================================================

========================================================================
[5/6] Ejecutando inversión
========================================================================
[NA] Starting search: ni=500, ns=50, n=50, nr=10 -> expected evaluations=3000 (n_jobs=1)
NAI - Initial Random Search
[NA] iter=00000 eval=00001 misfit=4.611223e-01 best=4.611223e-01
[NA] iter=00000 eval=00002 misfit=9.052632e-01 best=4.611223e-01
[NA] iter=00000 eval=00003 misfit=7.875016e-01 best=4.611223e-01
[NA] iter=00000 eval=00004 misfit=1.252208e+01 best=4.611223e-01
[NA] iter=00000 eval=00005 misfit=8.042603e-01 best=4.611223e-01
[NA] iter=00000 eval=00006 misfit=2.077630e+00 best=4.611223e-01
[NA] iter=00000 eval=00007 misfit=1.493647e+00 best=4.611223e-01
[NA] iter=00000 eval=00008 misfit=1.062388e+00 best=4.611223e-01
[NA] iter=00000 eval=00009 misfit=1.319747e+00 best=4.611223e-01
[NA] iter=00000 eval=00010 misfit=1.019688e+00 best=4.611223e-01
[NA] iter=00000 eval=00011 misfit=4.715627e-01 best=4.611223e-01
[NA] iter=00000 eval=00012 misfit=7.254743e-01 best=4.611223e-01
[NA] iter=00000 eval=00013 misfit=1.325923e+00 best=4.611223e-01
[NA] iter=00000 eval=00014 misfit=5.953828e-01 best=4.611223e-01
[NA] iter=00000 eval=00015 misfit=1.015361e+00 best=4.611223e-01
[NA] iter=00000 eval=00016 misfit=2.428230e+00 best=4.611223e-01
[NA] iter=00000 eval=00017 misfit=5.504333e-01 best=4.611223e-01
[NA] iter=00000 eval=00018 misfit=1.129069e+00 best=4.611223e-01
[NA] iter=00000 eval=00019 misfit=7.685294e-01 best=4.611223e-01
[NA] iter=00000 eval=00020 misfit=9.428692e+00 best=4.611223e-01
[NA] iter=00000 eval=00021 misfit=1.954386e+00 best=4.611223e-01
[NA] iter=00000 eval=00022 misfit=5.499388e-01 best=4.611223e-01
[NA] iter=00000 eval=00023 misfit=9.710356e-01 best=4.611223e-01
[NA] iter=00000 eval=00024 misfit=5.839234e-01 best=4.611223e-01
[NA] iter=00000 eval=00025 misfit=1.439276e+00 best=4.611223e-01
[NA] iter=00000 eval=00026 misfit=1.038514e+00 best=4.611223e-01
[NA] iter=00000 eval=00027 misfit=7.764332e-01 best=4.611223e-01
[NA] iter=00000 eval=00028 misfit=6.735144e-01 best=4.611223e-01
[NA] iter=00000 eval=00029 misfit=9.573656e-01 best=4.611223e-01
[NA] iter=00000 eval=00030 misfit=5.079232e-01 best=4.611223e-01
[NA] iter=00000 eval=00031 misfit=8.040001e-01 best=4.611223e-01
[NA] iter=00000 eval=00032 misfit=8.126313e-01 best=4.611223e-01
[NA] iter=00000 eval=00033 misfit=1.079710e+00 best=4.611223e-01
[NA] iter=00000 eval=00034 misfit=1.263701e+00 best=4.611223e-01
[NA] iter=00000 eval=00035 misfit=1.040877e+00 best=4.611223e-01
[NA] iter=00000 eval=00036 misfit=4.338810e-01 best=4.338810e-01
[NA] iter=00000 eval=00037 misfit=3.089671e-01 best=3.089671e-01
[NA] iter=00000 eval=00038 misfit=2.975229e-01 best=2.975229e-01
[NA] iter=00000 eval=00039 misfit=1.232232e+00 best=2.975229e-01
[NA] iter=00000 eval=00040 misfit=1.066028e+00 best=2.975229e-01
[NA] iter=00000 eval=00041 misfit=5.598749e-01 best=2.975229e-01
[NA] iter=00000 eval=00042 misfit=3.512791e-01 best=2.975229e-01
[NA] iter=00000 eval=00043 misfit=7.237861e-01 best=2.975229e-01
[NA] iter=00000 eval=00044 misfit=1.814735e+00 best=2.975229e-01
[NA] iter=00000 eval=00045 misfit=6.520901e-01 best=2.975229e-01
[NA] iter=00000 eval=00046 misfit=4.771556e-01 best=2.975229e-01
[NA] iter=00000 eval=00047 misfit=1.184965e+00 best=2.975229e-01
[NA] iter=00000 eval=00048 misfit=8.103820e-01 best=2.975229e-01
[NA] iter=00000 eval=00049 misfit=5.010867e-01 best=2.975229e-01
[NA] iter=00000 eval=00050 misfit=1.799457e+00 best=2.975229e-01
[NA] iter=00000 eval=00051 misfit=7.840763e-01 best=2.975229e-01
[NA] iter=00000 eval=00052 misfit=8.482489e-01 best=2.975229e-01
[NA] iter=00000 eval=00053 misfit=8.801869e-01 best=2.975229e-01
[NA] iter=00000 eval=00054 misfit=3.024587e+00 best=2.975229e-01
[NA] iter=00000 eval=00055 misfit=8.561973e-01 best=2.975229e-01
[NA] iter=00000 eval=00056 misfit=1.165231e+00 best=2.975229e-01
[NA] iter=00000 eval=00057 misfit=5.702815e-01 best=2.975229e-01
[NA] iter=00000 eval=00058 misfit=3.802541e-01 best=2.975229e-01
[NA] iter=00000 eval=00059 misfit=3.532182e-01 best=2.975229e-01
[NA] iter=00000 eval=00060 misfit=8.061224e+00 best=2.975229e-01
[NA] iter=00000 eval=00061 misfit=7.089766e-01 best=2.975229e-01
[NA] iter=00000 eval=00062 misfit=5.947763e-01 best=2.975229e-01
[NA] iter=00000 eval=00063 misfit=7.692236e-01 best=2.975229e-01
[NA] iter=00000 eval=00064 misfit=8.444143e-01 best=2.975229e-01
[NA] iter=00000 eval=00065 misfit=1.184320e+00 best=2.975229e-01
[NA] iter=00000 eval=00066 misfit=1.570264e+00 best=2.975229e-01
[NA] iter=00000 eval=00067 misfit=8.735041e-01 best=2.975229e-01
[NA] iter=00000 eval=00068 misfit=1.030102e+00 best=2.975229e-01
[NA] iter=00000 eval=00069 misfit=4.862552e-01 best=2.975229e-01
[NA] iter=00000 eval=00070 misfit=5.523053e-01 best=2.975229e-01
[NA] iter=00000 eval=00071 misfit=9.199022e-01 best=2.975229e-01
[NA] iter=00000 eval=00072 misfit=7.821006e-01 best=2.975229e-01
[NA] iter=00000 eval=00073 misfit=6.413740e-01 best=2.975229e-01
[NA] iter=00000 eval=00074 misfit=1.542902e+00 best=2.975229e-01
[NA] iter=00000 eval=00075 misfit=5.885830e+00 best=2.975229e-01
[NA] iter=00000 eval=00076 misfit=5.349032e-01 best=2.975229e-01
[NA] iter=00000 eval=00077 misfit=3.224430e-01 best=2.975229e-01
[NA] iter=00000 eval=00078 misfit=3.407049e-01 best=2.975229e-01
[NA] iter=00000 eval=00079 misfit=2.074910e+00 best=2.975229e-01
[NA] iter=00000 eval=00080 misfit=8.230411e-01 best=2.975229e-01
[NA] iter=00000 eval=00081 misfit=8.500132e-01 best=2.975229e-01
[NA] iter=00000 eval=00082 misfit=1.264317e+00 best=2.975229e-01
[NA] iter=00000 eval=00083 misfit=3.308192e-01 best=2.975229e-01
[NA] iter=00000 eval=00084 misfit=9.929902e-01 best=2.975229e-01
[NA] iter=00000 eval=00085 misfit=5.357972e-01 best=2.975229e-01
[NA] iter=00000 eval=00086 misfit=1.461284e+00 best=2.975229e-01
[NA] iter=00000 eval=00087 misfit=4.418126e-01 best=2.975229e-01
[NA] iter=00000 eval=00088 misfit=5.354662e-01 best=2.975229e-01
[NA] iter=00000 eval=00089 misfit=3.200742e+00 best=2.975229e-01
[NA] iter=00000 eval=00090 misfit=5.779514e-01 best=2.975229e-01
[NA] iter=00000 eval=00091 misfit=4.797526e-01 best=2.975229e-01
[NA] iter=00000 eval=00092 misfit=7.537568e-01 best=2.975229e-01
[NA] iter=00000 eval=00093 misfit=1.212701e+00 best=2.975229e-01
[NA] iter=00000 eval=00094 misfit=3.107918e+00 best=2.975229e-01
[NA] iter=00000 eval=00095 misfit=8.508906e-01 best=2.975229e-01
[NA] iter=00000 eval=00096 misfit=8.353444e-01 best=2.975229e-01
[NA] iter=00000 eval=00097 misfit=1.526323e+00 best=2.975229e-01
[NA] iter=00000 eval=00098 misfit=3.673776e-01 best=2.975229e-01
[NA] iter=00000 eval=00099 misfit=3.785945e-01 best=2.975229e-01
[NA] iter=00000 eval=00100 misfit=1.949913e+00 best=2.975229e-01
[NA] iter=00000 eval=00101 misfit=1.241473e+00 best=2.975229e-01
[NA] iter=00000 eval=00102 misfit=6.654225e-01 best=2.975229e-01
[NA] iter=00000 eval=00103 misfit=6.377302e-01 best=2.975229e-01
[NA] iter=00000 eval=00104 misfit=1.012246e+00 best=2.975229e-01
[NA] iter=00000 eval=00105 misfit=6.178361e-01 best=2.975229e-01
[NA] iter=00000 eval=00106 misfit=7.489975e-01 best=2.975229e-01
[NA] iter=00000 eval=00107 misfit=5.488883e-01 best=2.975229e-01
[NA] iter=00000 eval=00108 misfit=2.231115e+00 best=2.975229e-01
[NA] iter=00000 eval=00109 misfit=1.915411e+00 best=2.975229e-01
[NA] iter=00000 eval=00110 misfit=2.524949e-01 best=2.524949e-01
[NA] iter=00000 eval=00111 misfit=2.950809e+00 best=2.524949e-01
[NA] iter=00000 eval=00112 misfit=1.015015e+00 best=2.524949e-01
[NA] iter=00000 eval=00113 misfit=1.216617e+00 best=2.524949e-01
[NA] iter=00000 eval=00114 misfit=5.139519e-01 best=2.524949e-01
[NA] iter=00000 eval=00115 misfit=5.669587e-01 best=2.524949e-01
[NA] iter=00000 eval=00116 misfit=2.260429e+00 best=2.524949e-01
[NA] iter=00000 eval=00117 misfit=9.183160e-01 best=2.524949e-01
[NA] iter=00000 eval=00118 misfit=1.012383e+00 best=2.524949e-01
[NA] iter=00000 eval=00119 misfit=2.855677e-01 best=2.524949e-01
[NA] iter=00000 eval=00120 misfit=2.929855e+00 best=2.524949e-01
[NA] iter=00000 eval=00121 misfit=1.052216e+00 best=2.524949e-01
[NA] iter=00000 eval=00122 misfit=5.335125e-01 best=2.524949e-01
[NA] iter=00000 eval=00123 misfit=4.833088e+00 best=2.524949e-01
[NA] iter=00000 eval=00124 misfit=2.368923e+00 best=2.524949e-01
[NA] iter=00000 eval=00125 misfit=8.490443e-01 best=2.524949e-01
[NA] iter=00000 eval=00126 misfit=7.885284e-01 best=2.524949e-01
[NA] iter=00000 eval=00127 misfit=1.219404e+00 best=2.524949e-01
[NA] iter=00000 eval=00128 misfit=9.028984e-01 best=2.524949e-01
[NA] iter=00000 eval=00129 misfit=1.116276e+00 best=2.524949e-01
[NA] iter=00000 eval=00130 misfit=5.833367e-01 best=2.524949e-01
[NA] iter=00000 eval=00131 misfit=4.044888e-01 best=2.524949e-01
[NA] iter=00000 eval=00132 misfit=2.997228e-01 best=2.524949e-01
[NA] iter=00000 eval=00133 misfit=8.174013e+00 best=2.524949e-01
[NA] iter=00000 eval=00134 misfit=1.155735e+00 best=2.524949e-01
[NA] iter=00000 eval=00135 misfit=1.070392e+00 best=2.524949e-01
[NA] iter=00000 eval=00136 misfit=3.200167e-01 best=2.524949e-01
[NA] iter=00000 eval=00137 misfit=8.139678e-01 best=2.524949e-01
[NA] iter=00000 eval=00138 misfit=1.848045e+00 best=2.524949e-01
[NA] iter=00000 eval=00139 misfit=3.016834e+00 best=2.524949e-01
[NA] iter=00000 eval=00140 misfit=1.292746e+00 best=2.524949e-01
[NA] iter=00000 eval=00141 misfit=6.502421e-01 best=2.524949e-01
[NA] iter=00000 eval=00142 misfit=1.109495e+00 best=2.524949e-01
[NA] iter=00000 eval=00143 misfit=2.292067e+00 best=2.524949e-01
[NA] iter=00000 eval=00144 misfit=6.604487e-01 best=2.524949e-01
[NA] iter=00000 eval=00145 misfit=7.039231e-01 best=2.524949e-01
[NA] iter=00000 eval=00146 misfit=8.122793e-01 best=2.524949e-01
[NA] iter=00000 eval=00147 misfit=4.129679e-01 best=2.524949e-01
[NA] iter=00000 eval=00148 misfit=7.788463e-01 best=2.524949e-01
[NA] iter=00000 eval=00149 misfit=7.872854e-01 best=2.524949e-01
[NA] iter=00000 eval=00150 misfit=4.939679e-01 best=2.524949e-01
[NA] iter=00000 eval=00151 misfit=6.919859e-01 best=2.524949e-01
[NA] iter=00000 eval=00152 misfit=1.179957e+00 best=2.524949e-01
[NA] iter=00000 eval=00153 misfit=1.477707e+00 best=2.524949e-01
[NA] iter=00000 eval=00154 misfit=1.027659e+00 best=2.524949e-01
[NA] iter=00000 eval=00155 misfit=2.533146e+00 best=2.524949e-01
[NA] iter=00000 eval=00156 misfit=1.524685e+00 best=2.524949e-01
[NA] iter=00000 eval=00157 misfit=8.742176e-01 best=2.524949e-01
[NA] iter=00000 eval=00158 misfit=8.919660e-01 best=2.524949e-01
[NA] iter=00000 eval=00159 misfit=6.397601e-01 best=2.524949e-01
[NA] iter=00000 eval=00160 misfit=2.266012e+00 best=2.524949e-01
[NA] iter=00000 eval=00161 misfit=9.959851e-01 best=2.524949e-01
[NA] iter=00000 eval=00162 misfit=2.193042e+00 best=2.524949e-01
[NA] iter=00000 eval=00163 misfit=7.326435e-01 best=2.524949e-01
[NA] iter=00000 eval=00164 misfit=5.271562e+00 best=2.524949e-01
[NA] iter=00000 eval=00165 misfit=7.741586e-01 best=2.524949e-01
[NA] iter=00000 eval=00166 misfit=6.552886e-01 best=2.524949e-01
[NA] iter=00000 eval=00167 misfit=1.802399e+00 best=2.524949e-01
[NA] iter=00000 eval=00168 misfit=1.402925e+00 best=2.524949e-01
[NA] iter=00000 eval=00169 misfit=1.523597e+00 best=2.524949e-01
[NA] iter=00000 eval=00170 misfit=9.854071e-01 best=2.524949e-01
[NA] iter=00000 eval=00171 misfit=1.120153e+00 best=2.524949e-01
[NA] iter=00000 eval=00172 misfit=1.476458e+00 best=2.524949e-01
[NA] iter=00000 eval=00173 misfit=4.181610e-01 best=2.524949e-01
[NA] iter=00000 eval=00174 misfit=9.102779e-01 best=2.524949e-01
[NA] iter=00000 eval=00175 misfit=6.134340e-01 best=2.524949e-01
[NA] iter=00000 eval=00176 misfit=1.368447e+00 best=2.524949e-01
[NA] iter=00000 eval=00177 misfit=1.643516e+00 best=2.524949e-01
[NA] iter=00000 eval=00178 misfit=9.540227e-01 best=2.524949e-01
[NA] iter=00000 eval=00179 misfit=1.321770e+00 best=2.524949e-01
[NA] iter=00000 eval=00180 misfit=1.737955e+00 best=2.524949e-01
[NA] iter=00000 eval=00181 misfit=5.987064e-01 best=2.524949e-01
[NA] iter=00000 eval=00182 misfit=1.025131e+00 best=2.524949e-01
[NA] iter=00000 eval=00183 misfit=6.213728e-01 best=2.524949e-01
[NA] iter=00000 eval=00184 misfit=4.976115e-01 best=2.524949e-01
[NA] iter=00000 eval=00185 misfit=2.218846e+00 best=2.524949e-01
[NA] iter=00000 eval=00186 misfit=1.415987e+00 best=2.524949e-01
[NA] iter=00000 eval=00187 misfit=9.018377e-01 best=2.524949e-01
[NA] iter=00000 eval=00188 misfit=1.338463e+00 best=2.524949e-01
[NA] iter=00000 eval=00189 misfit=6.971138e-01 best=2.524949e-01
[NA] iter=00000 eval=00190 misfit=4.739155e-01 best=2.524949e-01
[NA] iter=00000 eval=00191 misfit=8.010612e-01 best=2.524949e-01
[NA] iter=00000 eval=00192 misfit=4.122441e-01 best=2.524949e-01
[NA] iter=00000 eval=00193 misfit=1.890282e+00 best=2.524949e-01
[NA] iter=00000 eval=00194 misfit=2.764389e-01 best=2.524949e-01
[NA] iter=00000 eval=00195 misfit=5.338973e-01 best=2.524949e-01
[NA] iter=00000 eval=00196 misfit=1.286683e+00 best=2.524949e-01
[NA] iter=00000 eval=00197 misfit=5.142046e-01 best=2.524949e-01
[NA] iter=00000 eval=00198 misfit=6.878692e-01 best=2.524949e-01
[NA] iter=00000 eval=00199 misfit=4.823061e+00 best=2.524949e-01
[NA] iter=00000 eval=00200 misfit=8.875509e-01 best=2.524949e-01
[NA] iter=00000 eval=00201 misfit=1.474773e+00 best=2.524949e-01
[NA] iter=00000 eval=00202 misfit=8.415306e-01 best=2.524949e-01
[NA] iter=00000 eval=00203 misfit=5.411338e-01 best=2.524949e-01
[NA] iter=00000 eval=00204 misfit=8.093932e-01 best=2.524949e-01
[NA] iter=00000 eval=00205 misfit=6.223535e-01 best=2.524949e-01
[NA] iter=00000 eval=00206 misfit=1.086171e+00 best=2.524949e-01
[NA] iter=00000 eval=00207 misfit=5.671796e-01 best=2.524949e-01
[NA] iter=00000 eval=00208 misfit=1.993704e+00 best=2.524949e-01
[NA] iter=00000 eval=00209 misfit=6.300299e-01 best=2.524949e-01
[NA] iter=00000 eval=00210 misfit=9.567386e-01 best=2.524949e-01
[NA] iter=00000 eval=00211 misfit=8.470895e-01 best=2.524949e-01
[NA] iter=00000 eval=00212 misfit=1.008039e+00 best=2.524949e-01
[NA] iter=00000 eval=00213 misfit=3.336144e+00 best=2.524949e-01
[NA] iter=00000 eval=00214 misfit=1.145221e+00 best=2.524949e-01
[NA] iter=00000 eval=00215 misfit=1.243952e+00 best=2.524949e-01
[NA] iter=00000 eval=00216 misfit=3.249691e-01 best=2.524949e-01
[NA] iter=00000 eval=00217 misfit=6.093248e-01 best=2.524949e-01
[NA] iter=00000 eval=00218 misfit=5.684695e-01 best=2.524949e-01
[NA] iter=00000 eval=00219 misfit=8.079589e-01 best=2.524949e-01
[NA] iter=00000 eval=00220 misfit=3.857435e-01 best=2.524949e-01
[NA] iter=00000 eval=00221 misfit=1.538668e+00 best=2.524949e-01
[NA] iter=00000 eval=00222 misfit=5.833554e-01 best=2.524949e-01
[NA] iter=00000 eval=00223 misfit=2.228409e+00 best=2.524949e-01
[NA] iter=00000 eval=00224 misfit=8.226073e-01 best=2.524949e-01
[NA] iter=00000 eval=00225 misfit=7.928114e-01 best=2.524949e-01
[NA] iter=00000 eval=00226 misfit=3.997523e-01 best=2.524949e-01
[NA] iter=00000 eval=00227 misfit=6.328325e-01 best=2.524949e-01
[NA] iter=00000 eval=00228 misfit=1.023788e+00 best=2.524949e-01
[NA] iter=00000 eval=00229 misfit=1.256814e+00 best=2.524949e-01
[NA] iter=00000 eval=00230 misfit=7.507465e-01 best=2.524949e-01
[NA] iter=00000 eval=00231 misfit=4.129238e-01 best=2.524949e-01
[NA] iter=00000 eval=00232 misfit=1.190392e+00 best=2.524949e-01
[NA] iter=00000 eval=00233 misfit=3.927567e-01 best=2.524949e-01
[NA] iter=00000 eval=00234 misfit=3.035451e-01 best=2.524949e-01
[NA] iter=00000 eval=00235 misfit=2.848204e+00 best=2.524949e-01
[NA] iter=00000 eval=00236 misfit=5.056745e-01 best=2.524949e-01
[NA] iter=00000 eval=00237 misfit=6.960550e-01 best=2.524949e-01
[NA] iter=00000 eval=00238 misfit=4.387894e-01 best=2.524949e-01
[NA] iter=00000 eval=00239 misfit=7.376359e-01 best=2.524949e-01
[NA] iter=00000 eval=00240 misfit=6.254302e-01 best=2.524949e-01
[NA] iter=00000 eval=00241 misfit=1.574058e+00 best=2.524949e-01
[NA] iter=00000 eval=00242 misfit=6.073888e-01 best=2.524949e-01
[NA] iter=00000 eval=00243 misfit=3.256514e+00 best=2.524949e-01
[NA] iter=00000 eval=00244 misfit=4.427431e+00 best=2.524949e-01
[NA] iter=00000 eval=00245 misfit=4.107079e-01 best=2.524949e-01
[NA] iter=00000 eval=00246 misfit=5.189414e-01 best=2.524949e-01
[NA] iter=00000 eval=00247 misfit=5.054974e-01 best=2.524949e-01
[NA] iter=00000 eval=00248 misfit=1.104360e+00 best=2.524949e-01
[NA] iter=00000 eval=00249 misfit=8.347966e-01 best=2.524949e-01
[NA] iter=00000 eval=00250 misfit=1.032133e+00 best=2.524949e-01
[NA] iter=00000 eval=00251 misfit=6.315511e-01 best=2.524949e-01
[NA] iter=00000 eval=00252 misfit=3.210341e-01 best=2.524949e-01
[NA] iter=00000 eval=00253 misfit=5.506894e-01 best=2.524949e-01
[NA] iter=00000 eval=00254 misfit=8.580063e-01 best=2.524949e-01
[NA] iter=00000 eval=00255 misfit=3.705238e-01 best=2.524949e-01
[NA] iter=00000 eval=00256 misfit=5.069056e-01 best=2.524949e-01
[NA] iter=00000 eval=00257 misfit=6.996277e-01 best=2.524949e-01
[NA] iter=00000 eval=00258 misfit=4.895258e+00 best=2.524949e-01
[NA] iter=00000 eval=00259 misfit=3.586656e+00 best=2.524949e-01
[NA] iter=00000 eval=00260 misfit=6.742174e-01 best=2.524949e-01
[NA] iter=00000 eval=00261 misfit=1.003515e+00 best=2.524949e-01
[NA] iter=00000 eval=00262 misfit=5.814504e-01 best=2.524949e-01
[NA] iter=00000 eval=00263 misfit=8.961508e-01 best=2.524949e-01
[NA] iter=00000 eval=00264 misfit=8.231147e-01 best=2.524949e-01
[NA] iter=00000 eval=00265 misfit=5.957237e-01 best=2.524949e-01
[NA] iter=00000 eval=00266 misfit=8.500106e-01 best=2.524949e-01
[NA] iter=00000 eval=00267 misfit=5.572839e-01 best=2.524949e-01
[NA] iter=00000 eval=00268 misfit=9.224776e-01 best=2.524949e-01
[NA] iter=00000 eval=00269 misfit=4.228088e-01 best=2.524949e-01
[NA] iter=00000 eval=00270 misfit=1.597540e+00 best=2.524949e-01
[NA] iter=00000 eval=00271 misfit=1.806558e+00 best=2.524949e-01
[NA] iter=00000 eval=00272 misfit=3.148493e-01 best=2.524949e-01
[NA] iter=00000 eval=00273 misfit=5.084971e-01 best=2.524949e-01
[NA] iter=00000 eval=00274 misfit=2.247902e+00 best=2.524949e-01
[NA] iter=00000 eval=00275 misfit=1.052302e+00 best=2.524949e-01
[NA] iter=00000 eval=00276 misfit=1.008675e+01 best=2.524949e-01
[NA] iter=00000 eval=00277 misfit=5.512608e-01 best=2.524949e-01
[NA] iter=00000 eval=00278 misfit=2.590304e+00 best=2.524949e-01
[NA] iter=00000 eval=00279 misfit=9.176492e-01 best=2.524949e-01
[NA] iter=00000 eval=00280 misfit=6.416964e-01 best=2.524949e-01
[NA] iter=00000 eval=00281 misfit=9.172244e-01 best=2.524949e-01
[NA] iter=00000 eval=00282 misfit=1.017041e+00 best=2.524949e-01
[NA] iter=00000 eval=00283 misfit=5.046467e+00 best=2.524949e-01
[NA] iter=00000 eval=00284 misfit=7.895739e-01 best=2.524949e-01
[NA] iter=00000 eval=00285 misfit=4.876819e-01 best=2.524949e-01
[NA] iter=00000 eval=00286 misfit=1.828546e+00 best=2.524949e-01
[NA] iter=00000 eval=00287 misfit=1.449041e+00 best=2.524949e-01
[NA] iter=00000 eval=00288 misfit=5.469566e-01 best=2.524949e-01
[NA] iter=00000 eval=00289 misfit=7.103204e-01 best=2.524949e-01
[NA] iter=00000 eval=00290 misfit=4.165723e-01 best=2.524949e-01
[NA] iter=00000 eval=00291 misfit=9.589114e-01 best=2.524949e-01
[NA] iter=00000 eval=00292 misfit=1.675108e+00 best=2.524949e-01
[NA] iter=00000 eval=00293 misfit=9.815513e-01 best=2.524949e-01
[NA] iter=00000 eval=00294 misfit=1.835392e+00 best=2.524949e-01
[NA] iter=00000 eval=00295 misfit=1.092698e+00 best=2.524949e-01
[NA] iter=00000 eval=00296 misfit=1.293035e+00 best=2.524949e-01
[NA] iter=00000 eval=00297 misfit=7.572637e-01 best=2.524949e-01
[NA] iter=00000 eval=00298 misfit=1.102695e+00 best=2.524949e-01
[NA] iter=00000 eval=00299 misfit=1.015641e+00 best=2.524949e-01
[NA] iter=00000 eval=00300 misfit=6.720136e-01 best=2.524949e-01
[NA] iter=00000 eval=00301 misfit=2.861999e-01 best=2.524949e-01
[NA] iter=00000 eval=00302 misfit=5.229108e-01 best=2.524949e-01
[NA] iter=00000 eval=00303 misfit=1.886090e+00 best=2.524949e-01
[NA] iter=00000 eval=00304 misfit=9.151611e-01 best=2.524949e-01
[NA] iter=00000 eval=00305 misfit=1.387081e+00 best=2.524949e-01
[NA] iter=00000 eval=00306 misfit=8.131138e-01 best=2.524949e-01
[NA] iter=00000 eval=00307 misfit=7.920630e-01 best=2.524949e-01
[NA] iter=00000 eval=00308 misfit=1.302779e+00 best=2.524949e-01
[NA] iter=00000 eval=00309 misfit=7.366085e-01 best=2.524949e-01
[NA] iter=00000 eval=00310 misfit=4.916816e-01 best=2.524949e-01
[NA] iter=00000 eval=00311 misfit=4.621627e-01 best=2.524949e-01
[NA] iter=00000 eval=00312 misfit=1.154160e+00 best=2.524949e-01
[NA] iter=00000 eval=00313 misfit=6.908772e-01 best=2.524949e-01
[NA] iter=00000 eval=00314 misfit=1.362724e+00 best=2.524949e-01
[NA] iter=00000 eval=00315 misfit=1.039108e+00 best=2.524949e-01
[NA] iter=00000 eval=00316 misfit=1.028262e+00 best=2.524949e-01
[NA] iter=00000 eval=00317 misfit=7.130089e-01 best=2.524949e-01
[NA] iter=00000 eval=00318 misfit=2.862772e-01 best=2.524949e-01
[NA] iter=00000 eval=00319 misfit=4.124019e+00 best=2.524949e-01
[NA] iter=00000 eval=00320 misfit=5.247020e-01 best=2.524949e-01
[NA] iter=00000 eval=00321 misfit=3.690681e-01 best=2.524949e-01
[NA] iter=00000 eval=00322 misfit=4.482423e-01 best=2.524949e-01
[NA] iter=00000 eval=00323 misfit=6.376325e-01 best=2.524949e-01
[NA] iter=00000 eval=00324 misfit=1.107797e+00 best=2.524949e-01
[NA] iter=00000 eval=00325 misfit=2.490702e+00 best=2.524949e-01
[NA] iter=00000 eval=00326 misfit=4.128430e-01 best=2.524949e-01
[NA] iter=00000 eval=00327 misfit=6.726645e-01 best=2.524949e-01
[NA] iter=00000 eval=00328 misfit=3.538929e-01 best=2.524949e-01
[NA] iter=00000 eval=00329 misfit=8.231664e-01 best=2.524949e-01
[NA] iter=00000 eval=00330 misfit=7.674865e-01 best=2.524949e-01
[NA] iter=00000 eval=00331 misfit=2.846864e+00 best=2.524949e-01
[NA] iter=00000 eval=00332 misfit=1.372346e+00 best=2.524949e-01
[NA] iter=00000 eval=00333 misfit=5.759531e-01 best=2.524949e-01
[NA] iter=00000 eval=00334 misfit=1.784131e+00 best=2.524949e-01
[NA] iter=00000 eval=00335 misfit=8.223085e-01 best=2.524949e-01
[NA] iter=00000 eval=00336 misfit=1.436672e+00 best=2.524949e-01
[NA] iter=00000 eval=00337 misfit=7.096725e-01 best=2.524949e-01
[NA] iter=00000 eval=00338 misfit=1.976782e+00 best=2.524949e-01
[NA] iter=00000 eval=00339 misfit=4.469017e+00 best=2.524949e-01
[NA] iter=00000 eval=00340 misfit=7.665871e-01 best=2.524949e-01
[NA] iter=00000 eval=00341 misfit=4.689349e-01 best=2.524949e-01
[NA] iter=00000 eval=00342 misfit=1.417558e+00 best=2.524949e-01
[NA] iter=00000 eval=00343 misfit=5.772820e-01 best=2.524949e-01
[NA] iter=00000 eval=00344 misfit=4.069341e-01 best=2.524949e-01
[NA] iter=00000 eval=00345 misfit=9.893654e-01 best=2.524949e-01
[NA] iter=00000 eval=00346 misfit=1.036442e+00 best=2.524949e-01
[NA] iter=00000 eval=00347 misfit=3.369687e+00 best=2.524949e-01
[NA] iter=00000 eval=00348 misfit=8.434677e-01 best=2.524949e-01
[NA] iter=00000 eval=00349 misfit=5.157547e+00 best=2.524949e-01
[NA] iter=00000 eval=00350 misfit=3.215287e-01 best=2.524949e-01
[NA] iter=00000 eval=00351 misfit=1.224518e+00 best=2.524949e-01
[NA] iter=00000 eval=00352 misfit=1.243240e+00 best=2.524949e-01
[NA] iter=00000 eval=00353 misfit=5.401154e-01 best=2.524949e-01
[NA] iter=00000 eval=00354 misfit=5.946364e-01 best=2.524949e-01
[NA] iter=00000 eval=00355 misfit=3.655567e-01 best=2.524949e-01
[NA] iter=00000 eval=00356 misfit=4.764010e-01 best=2.524949e-01
[NA] iter=00000 eval=00357 misfit=1.514628e+00 best=2.524949e-01
[NA] iter=00000 eval=00358 misfit=1.027313e+00 best=2.524949e-01
[NA] iter=00000 eval=00359 misfit=2.026871e+00 best=2.524949e-01
[NA] iter=00000 eval=00360 misfit=1.340299e+00 best=2.524949e-01
[NA] iter=00000 eval=00361 misfit=8.566087e-01 best=2.524949e-01
[NA] iter=00000 eval=00362 misfit=5.851951e+00 best=2.524949e-01
[NA] iter=00000 eval=00363 misfit=1.737701e+00 best=2.524949e-01
[NA] iter=00000 eval=00364 misfit=6.430445e-01 best=2.524949e-01
[NA] iter=00000 eval=00365 misfit=7.672977e-01 best=2.524949e-01
[NA] iter=00000 eval=00366 misfit=4.893278e-01 best=2.524949e-01
[NA] iter=00000 eval=00367 misfit=3.317281e-01 best=2.524949e-01
[NA] iter=00000 eval=00368 misfit=8.895036e-01 best=2.524949e-01
[NA] iter=00000 eval=00369 misfit=1.343800e+00 best=2.524949e-01
[NA] iter=00000 eval=00370 misfit=3.614892e-01 best=2.524949e-01
[NA] iter=00000 eval=00371 misfit=4.238365e+00 best=2.524949e-01
[NA] iter=00000 eval=00372 misfit=1.009341e+00 best=2.524949e-01
[NA] iter=00000 eval=00373 misfit=2.327555e+00 best=2.524949e-01
[NA] iter=00000 eval=00374 misfit=5.008506e-01 best=2.524949e-01
[NA] iter=00000 eval=00375 misfit=3.773847e-01 best=2.524949e-01
[NA] iter=00000 eval=00376 misfit=5.054537e-01 best=2.524949e-01
[NA] iter=00000 eval=00377 misfit=2.602167e+00 best=2.524949e-01
[NA] iter=00000 eval=00378 misfit=6.018459e-01 best=2.524949e-01
[NA] iter=00000 eval=00379 misfit=2.942086e+00 best=2.524949e-01
[NA] iter=00000 eval=00380 misfit=8.864201e-01 best=2.524949e-01
[NA] iter=00000 eval=00381 misfit=6.471581e-01 best=2.524949e-01
[NA] iter=00000 eval=00382 misfit=6.257986e-01 best=2.524949e-01
[NA] iter=00000 eval=00383 misfit=3.264174e+00 best=2.524949e-01
[NA] iter=00000 eval=00384 misfit=8.492094e-01 best=2.524949e-01
[NA] iter=00000 eval=00385 misfit=3.998971e+00 best=2.524949e-01
[NA] iter=00000 eval=00386 misfit=8.392917e-01 best=2.524949e-01
[NA] iter=00000 eval=00387 misfit=7.871575e-01 best=2.524949e-01
[NA] iter=00000 eval=00388 misfit=9.791191e-01 best=2.524949e-01
[NA] iter=00000 eval=00389 misfit=1.755551e+00 best=2.524949e-01
[NA] iter=00000 eval=00390 misfit=9.508413e-01 best=2.524949e-01
[NA] iter=00000 eval=00391 misfit=9.127117e-01 best=2.524949e-01
[NA] iter=00000 eval=00392 misfit=1.079175e+00 best=2.524949e-01
[NA] iter=00000 eval=00393 misfit=4.639505e-01 best=2.524949e-01
[NA] iter=00000 eval=00394 misfit=4.875771e-01 best=2.524949e-01
[NA] iter=00000 eval=00395 misfit=6.302587e-01 best=2.524949e-01
[NA] iter=00000 eval=00396 misfit=4.841188e-01 best=2.524949e-01
[NA] iter=00000 eval=00397 misfit=5.892581e-01 best=2.524949e-01
[NA] iter=00000 eval=00398 misfit=1.174801e+00 best=2.524949e-01
[NA] iter=00000 eval=00399 misfit=5.803227e-01 best=2.524949e-01
[NA] iter=00000 eval=00400 misfit=8.337999e-01 best=2.524949e-01
[NA] iter=00000 eval=00401 misfit=2.637487e+00 best=2.524949e-01
[NA] iter=00000 eval=00402 misfit=3.324366e+00 best=2.524949e-01
[NA] iter=00000 eval=00403 misfit=1.602311e+00 best=2.524949e-01
[NA] iter=00000 eval=00404 misfit=1.074306e+00 best=2.524949e-01
[NA] iter=00000 eval=00405 misfit=9.892982e-01 best=2.524949e-01
[NA] iter=00000 eval=00406 misfit=4.571216e-01 best=2.524949e-01
[NA] iter=00000 eval=00407 misfit=9.591435e-01 best=2.524949e-01
[NA] iter=00000 eval=00408 misfit=4.804202e-01 best=2.524949e-01
[NA] iter=00000 eval=00409 misfit=5.617022e-01 best=2.524949e-01
[NA] iter=00000 eval=00410 misfit=3.708597e+00 best=2.524949e-01
[NA] iter=00000 eval=00411 misfit=4.648835e+00 best=2.524949e-01
[NA] iter=00000 eval=00412 misfit=5.593784e-01 best=2.524949e-01
[NA] iter=00000 eval=00413 misfit=3.635110e-01 best=2.524949e-01
[NA] iter=00000 eval=00414 misfit=1.135715e+00 best=2.524949e-01
[NA] iter=00000 eval=00415 misfit=6.645999e-01 best=2.524949e-01
[NA] iter=00000 eval=00416 misfit=1.424837e+00 best=2.524949e-01
[NA] iter=00000 eval=00417 misfit=7.855731e-01 best=2.524949e-01
[NA] iter=00000 eval=00418 misfit=5.364108e-01 best=2.524949e-01
[NA] iter=00000 eval=00419 misfit=1.066802e+00 best=2.524949e-01
[NA] iter=00000 eval=00420 misfit=1.987275e+00 best=2.524949e-01
[NA] iter=00000 eval=00421 misfit=4.306565e-01 best=2.524949e-01
[NA] iter=00000 eval=00422 misfit=4.955500e-01 best=2.524949e-01
[NA] iter=00000 eval=00423 misfit=8.243235e-01 best=2.524949e-01
[NA] iter=00000 eval=00424 misfit=1.010434e+00 best=2.524949e-01
[NA] iter=00000 eval=00425 misfit=5.169064e-01 best=2.524949e-01
[NA] iter=00000 eval=00426 misfit=3.577329e-01 best=2.524949e-01
[NA] iter=00000 eval=00427 misfit=1.273173e+00 best=2.524949e-01
[NA] iter=00000 eval=00428 misfit=8.601049e-01 best=2.524949e-01
[NA] iter=00000 eval=00429 misfit=6.964019e-01 best=2.524949e-01
[NA] iter=00000 eval=00430 misfit=6.246330e+00 best=2.524949e-01
[NA] iter=00000 eval=00431 misfit=8.444658e-01 best=2.524949e-01
[NA] iter=00000 eval=00432 misfit=4.989914e-01 best=2.524949e-01
[NA] iter=00000 eval=00433 misfit=4.693426e-01 best=2.524949e-01
[NA] iter=00000 eval=00434 misfit=3.667918e-01 best=2.524949e-01
[NA] iter=00000 eval=00435 misfit=5.628453e+00 best=2.524949e-01
[NA] iter=00000 eval=00436 misfit=6.899834e-01 best=2.524949e-01
[NA] iter=00000 eval=00437 misfit=1.047159e+00 best=2.524949e-01
[NA] iter=00000 eval=00438 misfit=5.176267e-01 best=2.524949e-01
[NA] iter=00000 eval=00439 misfit=2.214215e+00 best=2.524949e-01
[NA] iter=00000 eval=00440 misfit=1.038196e+00 best=2.524949e-01
[NA] iter=00000 eval=00441 misfit=1.073272e+00 best=2.524949e-01
[NA] iter=00000 eval=00442 misfit=8.250518e-01 best=2.524949e-01
[NA] iter=00000 eval=00443 misfit=9.905248e-01 best=2.524949e-01
[NA] iter=00000 eval=00444 misfit=6.675867e-01 best=2.524949e-01
[NA] iter=00000 eval=00445 misfit=5.207303e-01 best=2.524949e-01
[NA] iter=00000 eval=00446 misfit=3.141064e+00 best=2.524949e-01
[NA] iter=00000 eval=00447 misfit=5.562888e-01 best=2.524949e-01
[NA] iter=00000 eval=00448 misfit=1.018239e+00 best=2.524949e-01
[NA] iter=00000 eval=00449 misfit=5.403233e-01 best=2.524949e-01
[NA] iter=00000 eval=00450 misfit=2.257700e+00 best=2.524949e-01
[NA] iter=00000 eval=00451 misfit=4.384775e-01 best=2.524949e-01
[NA] iter=00000 eval=00452 misfit=7.363225e-01 best=2.524949e-01
[NA] iter=00000 eval=00453 misfit=6.730332e-01 best=2.524949e-01
[NA] iter=00000 eval=00454 misfit=1.018141e+00 best=2.524949e-01
[NA] iter=00000 eval=00455 misfit=1.100015e+00 best=2.524949e-01
[NA] iter=00000 eval=00456 misfit=1.121679e+00 best=2.524949e-01
[NA] iter=00000 eval=00457 misfit=1.006373e+00 best=2.524949e-01
[NA] iter=00000 eval=00458 misfit=3.175098e-01 best=2.524949e-01
[NA] iter=00000 eval=00459 misfit=4.919596e-01 best=2.524949e-01
[NA] iter=00000 eval=00460 misfit=6.193832e-01 best=2.524949e-01
[NA] iter=00000 eval=00461 misfit=8.042668e-01 best=2.524949e-01
[NA] iter=00000 eval=00462 misfit=9.470743e-01 best=2.524949e-01
[NA] iter=00000 eval=00463 misfit=1.480298e+00 best=2.524949e-01
[NA] iter=00000 eval=00464 misfit=1.048745e+00 best=2.524949e-01
[NA] iter=00000 eval=00465 misfit=1.037132e+00 best=2.524949e-01
[NA] iter=00000 eval=00466 misfit=2.451265e+00 best=2.524949e-01
[NA] iter=00000 eval=00467 misfit=9.926455e-01 best=2.524949e-01
[NA] iter=00000 eval=00468 misfit=4.578737e-01 best=2.524949e-01
[NA] iter=00000 eval=00469 misfit=5.031171e-01 best=2.524949e-01
[NA] iter=00000 eval=00470 misfit=3.151726e-01 best=2.524949e-01
[NA] iter=00000 eval=00471 misfit=3.248054e-01 best=2.524949e-01
[NA] iter=00000 eval=00472 misfit=1.720864e+00 best=2.524949e-01
[NA] iter=00000 eval=00473 misfit=3.839989e-01 best=2.524949e-01
[NA] iter=00000 eval=00474 misfit=8.697741e-01 best=2.524949e-01
[NA] iter=00000 eval=00475 misfit=1.525504e+00 best=2.524949e-01
[NA] iter=00000 eval=00476 misfit=7.762206e-01 best=2.524949e-01
[NA] iter=00000 eval=00477 misfit=6.208700e+00 best=2.524949e-01
[NA] iter=00000 eval=00478 misfit=4.367776e-01 best=2.524949e-01
[NA] iter=00000 eval=00479 misfit=6.864208e-01 best=2.524949e-01
[NA] iter=00000 eval=00480 misfit=4.474074e-01 best=2.524949e-01
[NA] iter=00000 eval=00481 misfit=5.980877e-01 best=2.524949e-01
[NA] iter=00000 eval=00482 misfit=8.288249e-01 best=2.524949e-01
[NA] iter=00000 eval=00483 misfit=5.537559e-01 best=2.524949e-01
[NA] iter=00000 eval=00484 misfit=5.108717e-01 best=2.524949e-01
[NA] iter=00000 eval=00485 misfit=1.194231e+00 best=2.524949e-01
[NA] iter=00000 eval=00486 misfit=7.045793e-01 best=2.524949e-01
[NA] iter=00000 eval=00487 misfit=1.060906e+00 best=2.524949e-01
[NA] iter=00000 eval=00488 misfit=8.559368e-01 best=2.524949e-01
[NA] iter=00000 eval=00489 misfit=1.314038e+00 best=2.524949e-01
[NA] iter=00000 eval=00490 misfit=4.999261e-01 best=2.524949e-01
[NA] iter=00000 eval=00491 misfit=8.614865e-01 best=2.524949e-01
[NA] iter=00000 eval=00492 misfit=6.636885e-01 best=2.524949e-01
[NA] iter=00000 eval=00493 misfit=3.623606e-01 best=2.524949e-01
[NA] iter=00000 eval=00494 misfit=7.748043e-01 best=2.524949e-01
[NA] iter=00000 eval=00495 misfit=2.903754e-01 best=2.524949e-01
[NA] iter=00000 eval=00496 misfit=8.683361e-01 best=2.524949e-01
[NA] iter=00000 eval=00497 misfit=9.947005e-01 best=2.524949e-01
[NA] iter=00000 eval=00498 misfit=9.174091e-01 best=2.524949e-01
[NA] iter=00000 eval=00499 misfit=3.628103e-01 best=2.524949e-01
[NA] iter=00000 eval=00500 misfit=7.743900e-01 best=2.524949e-01
NAI - Optimisation Loop:   0%|          | 0/50 [00:00<?, ?it/s][NA] iter=00001 eval=00501 misfit=2.657940e-01 best=2.524949e-01
[NA] iter=00001 eval=00502 misfit=2.803889e-01 best=2.524949e-01
[NA] iter=00001 eval=00503 misfit=2.634393e-01 best=2.524949e-01
[NA] iter=00001 eval=00504 misfit=3.885609e-01 best=2.524949e-01
[NA] iter=00001 eval=00505 misfit=2.743488e-01 best=2.524949e-01
[NA] iter=00001 eval=00506 misfit=5.251291e-01 best=2.524949e-01
[NA] iter=00001 eval=00507 misfit=2.610982e-01 best=2.524949e-01
[NA] iter=00001 eval=00508 misfit=2.647850e-01 best=2.524949e-01
[NA] iter=00001 eval=00509 misfit=5.150552e-01 best=2.524949e-01
[NA] iter=00001 eval=00510 misfit=3.293088e-01 best=2.524949e-01
[NA] iter=00001 eval=00511 misfit=2.863923e-01 best=2.524949e-01
[NA] iter=00001 eval=00512 misfit=3.667203e-01 best=2.524949e-01
[NA] iter=00001 eval=00513 misfit=8.034449e-01 best=2.524949e-01
[NA] iter=00001 eval=00514 misfit=4.543774e-01 best=2.524949e-01
[NA] iter=00001 eval=00515 misfit=3.178241e-01 best=2.524949e-01
[NA] iter=00001 eval=00516 misfit=8.085407e-01 best=2.524949e-01
[NA] iter=00001 eval=00517 misfit=6.401724e-01 best=2.524949e-01
[NA] iter=00001 eval=00518 misfit=3.791265e-01 best=2.524949e-01
[NA] iter=00001 eval=00519 misfit=5.629457e-01 best=2.524949e-01
[NA] iter=00001 eval=00520 misfit=2.447229e-01 best=2.447229e-01
[NA] iter=00001 eval=00521 misfit=2.830512e-01 best=2.447229e-01
[NA] iter=00001 eval=00522 misfit=3.271455e-01 best=2.447229e-01
[NA] iter=00001 eval=00523 misfit=5.575164e-01 best=2.447229e-01
[NA] iter=00001 eval=00524 misfit=3.192073e-01 best=2.447229e-01
[NA] iter=00001 eval=00525 misfit=4.558294e-01 best=2.447229e-01
[NA] iter=00001 eval=00526 misfit=4.785569e-01 best=2.447229e-01
[NA] iter=00001 eval=00527 misfit=4.575085e-01 best=2.447229e-01
[NA] iter=00001 eval=00528 misfit=6.726941e-01 best=2.447229e-01
[NA] iter=00001 eval=00529 misfit=2.866169e-01 best=2.447229e-01
[NA] iter=00001 eval=00530 misfit=3.957468e-01 best=2.447229e-01
[NA] iter=00001 eval=00531 misfit=2.765161e-01 best=2.447229e-01
[NA] iter=00001 eval=00532 misfit=4.194625e-01 best=2.447229e-01
[NA] iter=00001 eval=00533 misfit=3.591939e-01 best=2.447229e-01
[NA] iter=00001 eval=00534 misfit=2.815879e-01 best=2.447229e-01
[NA] iter=00001 eval=00535 misfit=3.421962e-01 best=2.447229e-01
[NA] iter=00001 eval=00536 misfit=3.643081e-01 best=2.447229e-01
[NA] iter=00001 eval=00537 misfit=2.835812e-01 best=2.447229e-01
[NA] iter=00001 eval=00538 misfit=3.756022e-01 best=2.447229e-01
[NA] iter=00001 eval=00539 misfit=3.143749e-01 best=2.447229e-01
[NA] iter=00001 eval=00540 misfit=4.153011e-01 best=2.447229e-01
[NA] iter=00001 eval=00541 misfit=8.452254e-01 best=2.447229e-01
[NA] iter=00001 eval=00542 misfit=3.378206e-01 best=2.447229e-01
[NA] iter=00001 eval=00543 misfit=2.776763e-01 best=2.447229e-01
[NA] iter=00001 eval=00544 misfit=7.043278e-01 best=2.447229e-01
[NA] iter=00001 eval=00545 misfit=3.416510e-01 best=2.447229e-01
[NA] iter=00001 eval=00546 misfit=2.824681e-01 best=2.447229e-01
[NA] iter=00001 eval=00547 misfit=3.634266e-01 best=2.447229e-01
[NA] iter=00001 eval=00548 misfit=3.828397e-01 best=2.447229e-01
[NA] iter=00001 eval=00549 misfit=3.489944e-01 best=2.447229e-01
[NA] iter=00001 eval=00550 misfit=2.855833e-01 best=2.447229e-01
NAI - Optimisation Loop:   2%|▏         | 1/50 [00:20<16:43, 20.48s/it][NA] iter=00002 eval=00551 misfit=3.393958e-01 best=2.447229e-01
[NA] iter=00002 eval=00552 misfit=2.706857e-01 best=2.447229e-01
[NA] iter=00002 eval=00553 misfit=3.247548e-01 best=2.447229e-01
[NA] iter=00002 eval=00554 misfit=2.523378e-01 best=2.447229e-01
[NA] iter=00002 eval=00555 misfit=2.560646e-01 best=2.447229e-01
[NA] iter=00002 eval=00556 misfit=2.896352e-01 best=2.447229e-01
[NA] iter=00002 eval=00557 misfit=2.508909e-01 best=2.447229e-01
[NA] iter=00002 eval=00558 misfit=2.426224e-01 best=2.426224e-01
[NA] iter=00002 eval=00559 misfit=2.851075e-01 best=2.426224e-01
[NA] iter=00002 eval=00560 misfit=3.942357e-01 best=2.426224e-01
[NA] iter=00002 eval=00561 misfit=3.426658e-01 best=2.426224e-01
[NA] iter=00002 eval=00562 misfit=3.057805e-01 best=2.426224e-01
[NA] iter=00002 eval=00563 misfit=2.801964e-01 best=2.426224e-01
[NA] iter=00002 eval=00564 misfit=3.070193e-01 best=2.426224e-01
[NA] iter=00002 eval=00565 misfit=3.353415e-01 best=2.426224e-01
[NA] iter=00002 eval=00566 misfit=5.192364e-01 best=2.426224e-01
[NA] iter=00002 eval=00567 misfit=2.617974e-01 best=2.426224e-01
[NA] iter=00002 eval=00568 misfit=3.039804e-01 best=2.426224e-01
[NA] iter=00002 eval=00569 misfit=2.397251e-01 best=2.397251e-01
[NA] iter=00002 eval=00570 misfit=2.714789e-01 best=2.397251e-01
[NA] iter=00002 eval=00571 misfit=3.261364e-01 best=2.397251e-01
[NA] iter=00002 eval=00572 misfit=2.672634e-01 best=2.397251e-01
[NA] iter=00002 eval=00573 misfit=7.617383e-01 best=2.397251e-01
[NA] iter=00002 eval=00574 misfit=4.703672e-01 best=2.397251e-01
[NA] iter=00002 eval=00575 misfit=5.567656e-01 best=2.397251e-01
[NA] iter=00002 eval=00576 misfit=2.322874e-01 best=2.322874e-01
[NA] iter=00002 eval=00577 misfit=2.633589e-01 best=2.322874e-01
[NA] iter=00002 eval=00578 misfit=2.731027e-01 best=2.322874e-01
[NA] iter=00002 eval=00579 misfit=3.238611e-01 best=2.322874e-01
[NA] iter=00002 eval=00580 misfit=3.745536e-01 best=2.322874e-01
[NA] iter=00002 eval=00581 misfit=7.506282e-01 best=2.322874e-01
[NA] iter=00002 eval=00582 misfit=2.604630e-01 best=2.322874e-01
[NA] iter=00002 eval=00583 misfit=7.120938e-01 best=2.322874e-01
[NA] iter=00002 eval=00584 misfit=3.886031e-01 best=2.322874e-01
[NA] iter=00002 eval=00585 misfit=8.203701e-01 best=2.322874e-01
[NA] iter=00002 eval=00586 misfit=3.282655e-01 best=2.322874e-01
[NA] iter=00002 eval=00587 misfit=3.620235e-01 best=2.322874e-01
[NA] iter=00002 eval=00588 misfit=2.662007e-01 best=2.322874e-01
[NA] iter=00002 eval=00589 misfit=4.303759e-01 best=2.322874e-01
[NA] iter=00002 eval=00590 misfit=3.223698e-01 best=2.322874e-01
[NA] iter=00002 eval=00591 misfit=3.220519e-01 best=2.322874e-01
[NA] iter=00002 eval=00592 misfit=3.460761e-01 best=2.322874e-01
[NA] iter=00002 eval=00593 misfit=2.760690e-01 best=2.322874e-01
[NA] iter=00002 eval=00594 misfit=2.633663e-01 best=2.322874e-01
[NA] iter=00002 eval=00595 misfit=3.751184e-01 best=2.322874e-01
[NA] iter=00002 eval=00596 misfit=3.442377e-01 best=2.322874e-01
[NA] iter=00002 eval=00597 misfit=3.034324e-01 best=2.322874e-01
[NA] iter=00002 eval=00598 misfit=3.013554e-01 best=2.322874e-01
[NA] iter=00002 eval=00599 misfit=5.019125e-01 best=2.322874e-01
[NA] iter=00002 eval=00600 misfit=4.296815e-01 best=2.322874e-01
NAI - Optimisation Loop:   4%|▍         | 2/50 [00:38<15:04, 18.84s/it][NA] iter=00003 eval=00601 misfit=2.458083e-01 best=2.322874e-01
[NA] iter=00003 eval=00602 misfit=2.854936e-01 best=2.322874e-01
[NA] iter=00003 eval=00603 misfit=2.686806e-01 best=2.322874e-01
[NA] iter=00003 eval=00604 misfit=3.898964e-01 best=2.322874e-01
[NA] iter=00003 eval=00605 misfit=3.326807e-01 best=2.322874e-01
[NA] iter=00003 eval=00606 misfit=2.476410e-01 best=2.322874e-01
[NA] iter=00003 eval=00607 misfit=2.446959e-01 best=2.322874e-01
[NA] iter=00003 eval=00608 misfit=3.650183e-01 best=2.322874e-01
[NA] iter=00003 eval=00609 misfit=2.357014e-01 best=2.322874e-01
[NA] iter=00003 eval=00610 misfit=3.159447e-01 best=2.322874e-01
[NA] iter=00003 eval=00611 misfit=3.079783e-01 best=2.322874e-01
[NA] iter=00003 eval=00612 misfit=3.276338e-01 best=2.322874e-01
[NA] iter=00003 eval=00613 misfit=3.338215e-01 best=2.322874e-01
[NA] iter=00003 eval=00614 misfit=2.508602e-01 best=2.322874e-01
[NA] iter=00003 eval=00615 misfit=2.632761e-01 best=2.322874e-01
[NA] iter=00003 eval=00616 misfit=2.754078e-01 best=2.322874e-01
[NA] iter=00003 eval=00617 misfit=2.395986e-01 best=2.322874e-01
[NA] iter=00003 eval=00618 misfit=2.567695e-01 best=2.322874e-01
[NA] iter=00003 eval=00619 misfit=2.397328e-01 best=2.322874e-01
[NA] iter=00003 eval=00620 misfit=3.475833e-01 best=2.322874e-01
[NA] iter=00003 eval=00621 misfit=2.589637e-01 best=2.322874e-01
[NA] iter=00003 eval=00622 misfit=4.440275e-01 best=2.322874e-01
[NA] iter=00003 eval=00623 misfit=2.644747e-01 best=2.322874e-01
[NA] iter=00003 eval=00624 misfit=5.116031e-01 best=2.322874e-01
[NA] iter=00003 eval=00625 misfit=5.391546e-01 best=2.322874e-01
[NA] iter=00003 eval=00626 misfit=2.914852e-01 best=2.322874e-01
[NA] iter=00003 eval=00627 misfit=2.563435e-01 best=2.322874e-01
[NA] iter=00003 eval=00628 misfit=2.887758e-01 best=2.322874e-01
[NA] iter=00003 eval=00629 misfit=2.479569e-01 best=2.322874e-01
[NA] iter=00003 eval=00630 misfit=3.094733e-01 best=2.322874e-01
[NA] iter=00003 eval=00631 misfit=2.732112e-01 best=2.322874e-01
[NA] iter=00003 eval=00632 misfit=2.403556e-01 best=2.322874e-01
[NA] iter=00003 eval=00633 misfit=2.449983e-01 best=2.322874e-01
[NA] iter=00003 eval=00634 misfit=2.822913e-01 best=2.322874e-01
[NA] iter=00003 eval=00635 misfit=2.762586e-01 best=2.322874e-01
[NA] iter=00003 eval=00636 misfit=2.497991e-01 best=2.322874e-01
[NA] iter=00003 eval=00637 misfit=2.639054e-01 best=2.322874e-01
[NA] iter=00003 eval=00638 misfit=2.325743e-01 best=2.322874e-01
[NA] iter=00003 eval=00639 misfit=2.489609e-01 best=2.322874e-01
[NA] iter=00003 eval=00640 misfit=2.638569e-01 best=2.322874e-01
[NA] iter=00003 eval=00641 misfit=2.902850e-01 best=2.322874e-01
[NA] iter=00003 eval=00642 misfit=3.732846e-01 best=2.322874e-01
[NA] iter=00003 eval=00643 misfit=8.783018e-01 best=2.322874e-01
[NA] iter=00003 eval=00644 misfit=4.193188e-01 best=2.322874e-01
[NA] iter=00003 eval=00645 misfit=7.731304e-01 best=2.322874e-01
[NA] iter=00003 eval=00646 misfit=2.698752e-01 best=2.322874e-01
[NA] iter=00003 eval=00647 misfit=2.673852e-01 best=2.322874e-01
[NA] iter=00003 eval=00648 misfit=2.811164e-01 best=2.322874e-01
[NA] iter=00003 eval=00649 misfit=3.069337e-01 best=2.322874e-01
[NA] iter=00003 eval=00650 misfit=2.776534e-01 best=2.322874e-01
NAI - Optimisation Loop:   6%|▌         | 3/50 [00:53<13:31, 17.26s/it][NA] iter=00004 eval=00651 misfit=3.185875e-01 best=2.322874e-01
[NA] iter=00004 eval=00652 misfit=2.351038e-01 best=2.322874e-01
[NA] iter=00004 eval=00653 misfit=2.288143e-01 best=2.288143e-01
[NA] iter=00004 eval=00654 misfit=2.482082e-01 best=2.288143e-01
[NA] iter=00004 eval=00655 misfit=2.422135e-01 best=2.288143e-01
[NA] iter=00004 eval=00656 misfit=2.218247e-01 best=2.218247e-01
[NA] iter=00004 eval=00657 misfit=2.320488e-01 best=2.218247e-01
[NA] iter=00004 eval=00658 misfit=2.502330e-01 best=2.218247e-01
[NA] iter=00004 eval=00659 misfit=2.527535e-01 best=2.218247e-01
[NA] iter=00004 eval=00660 misfit=2.947975e-01 best=2.218247e-01
[NA] iter=00004 eval=00661 misfit=2.610934e-01 best=2.218247e-01
[NA] iter=00004 eval=00662 misfit=2.420664e-01 best=2.218247e-01
[NA] iter=00004 eval=00663 misfit=2.616550e-01 best=2.218247e-01
[NA] iter=00004 eval=00664 misfit=2.953309e-01 best=2.218247e-01
[NA] iter=00004 eval=00665 misfit=2.661978e-01 best=2.218247e-01
[NA] iter=00004 eval=00666 misfit=3.958815e-01 best=2.218247e-01
[NA] iter=00004 eval=00667 misfit=2.619430e-01 best=2.218247e-01
[NA] iter=00004 eval=00668 misfit=2.697865e-01 best=2.218247e-01
[NA] iter=00004 eval=00669 misfit=3.604730e-01 best=2.218247e-01
[NA] iter=00004 eval=00670 misfit=3.441350e-01 best=2.218247e-01
[NA] iter=00004 eval=00671 misfit=2.728263e-01 best=2.218247e-01
[NA] iter=00004 eval=00672 misfit=2.439070e-01 best=2.218247e-01
[NA] iter=00004 eval=00673 misfit=3.961201e-01 best=2.218247e-01
[NA] iter=00004 eval=00674 misfit=4.139783e-01 best=2.218247e-01
[NA] iter=00004 eval=00675 misfit=2.529294e-01 best=2.218247e-01
[NA] iter=00004 eval=00676 misfit=2.506710e-01 best=2.218247e-01
[NA] iter=00004 eval=00677 misfit=2.336923e-01 best=2.218247e-01
[NA] iter=00004 eval=00678 misfit=2.304855e-01 best=2.218247e-01
[NA] iter=00004 eval=00679 misfit=2.366684e-01 best=2.218247e-01
[NA] iter=00004 eval=00680 misfit=2.474544e-01 best=2.218247e-01
[NA] iter=00004 eval=00681 misfit=2.468766e-01 best=2.218247e-01
[NA] iter=00004 eval=00682 misfit=2.448629e-01 best=2.218247e-01
[NA] iter=00004 eval=00683 misfit=3.004012e-01 best=2.218247e-01
[NA] iter=00004 eval=00684 misfit=2.939999e-01 best=2.218247e-01
[NA] iter=00004 eval=00685 misfit=3.025784e-01 best=2.218247e-01
[NA] iter=00004 eval=00686 misfit=2.495600e-01 best=2.218247e-01
[NA] iter=00004 eval=00687 misfit=2.429836e-01 best=2.218247e-01
[NA] iter=00004 eval=00688 misfit=2.557307e-01 best=2.218247e-01
[NA] iter=00004 eval=00689 misfit=2.364925e-01 best=2.218247e-01
[NA] iter=00004 eval=00690 misfit=2.385925e-01 best=2.218247e-01
[NA] iter=00004 eval=00691 misfit=2.303765e-01 best=2.218247e-01
[NA] iter=00004 eval=00692 misfit=2.448758e-01 best=2.218247e-01
[NA] iter=00004 eval=00693 misfit=2.519411e-01 best=2.218247e-01
[NA] iter=00004 eval=00694 misfit=2.800032e-01 best=2.218247e-01
[NA] iter=00004 eval=00695 misfit=2.324874e-01 best=2.218247e-01
[NA] iter=00004 eval=00696 misfit=2.901474e-01 best=2.218247e-01
[NA] iter=00004 eval=00697 misfit=3.051725e-01 best=2.218247e-01
[NA] iter=00004 eval=00698 misfit=3.035485e-01 best=2.218247e-01
[NA] iter=00004 eval=00699 misfit=2.284853e-01 best=2.218247e-01
[NA] iter=00004 eval=00700 misfit=2.582812e-01 best=2.218247e-01
NAI - Optimisation Loop:   8%|▊         | 4/50 [01:09<12:41, 16.56s/it][NA] iter=00005 eval=00701 misfit=2.297972e-01 best=2.218247e-01
[NA] iter=00005 eval=00702 misfit=2.525197e-01 best=2.218247e-01
[NA] iter=00005 eval=00703 misfit=2.827480e-01 best=2.218247e-01
[NA] iter=00005 eval=00704 misfit=2.424035e-01 best=2.218247e-01
[NA] iter=00005 eval=00705 misfit=2.462494e-01 best=2.218247e-01
[NA] iter=00005 eval=00706 misfit=2.325780e-01 best=2.218247e-01
[NA] iter=00005 eval=00707 misfit=2.285405e-01 best=2.218247e-01
[NA] iter=00005 eval=00708 misfit=2.312217e-01 best=2.218247e-01
[NA] iter=00005 eval=00709 misfit=2.258699e-01 best=2.218247e-01
[NA] iter=00005 eval=00710 misfit=2.268557e-01 best=2.218247e-01
[NA] iter=00005 eval=00711 misfit=2.498516e-01 best=2.218247e-01
[NA] iter=00005 eval=00712 misfit=2.458528e-01 best=2.218247e-01
[NA] iter=00005 eval=00713 misfit=2.623837e-01 best=2.218247e-01
[NA] iter=00005 eval=00714 misfit=2.396782e-01 best=2.218247e-01
[NA] iter=00005 eval=00715 misfit=2.879873e-01 best=2.218247e-01
[NA] iter=00005 eval=00716 misfit=2.497340e-01 best=2.218247e-01
[NA] iter=00005 eval=00717 misfit=2.402712e-01 best=2.218247e-01
[NA] iter=00005 eval=00718 misfit=2.533852e-01 best=2.218247e-01
[NA] iter=00005 eval=00719 misfit=2.359401e-01 best=2.218247e-01
[NA] iter=00005 eval=00720 misfit=2.428347e-01 best=2.218247e-01
[NA] iter=00005 eval=00721 misfit=2.487451e-01 best=2.218247e-01
[NA] iter=00005 eval=00722 misfit=2.331797e-01 best=2.218247e-01
[NA] iter=00005 eval=00723 misfit=2.467544e-01 best=2.218247e-01
[NA] iter=00005 eval=00724 misfit=2.337460e-01 best=2.218247e-01
[NA] iter=00005 eval=00725 misfit=2.383455e-01 best=2.218247e-01
[NA] iter=00005 eval=00726 misfit=2.326549e-01 best=2.218247e-01
[NA] iter=00005 eval=00727 misfit=2.395370e-01 best=2.218247e-01
[NA] iter=00005 eval=00728 misfit=2.335999e-01 best=2.218247e-01
[NA] iter=00005 eval=00729 misfit=2.519213e-01 best=2.218247e-01
[NA] iter=00005 eval=00730 misfit=2.332713e-01 best=2.218247e-01
[NA] iter=00005 eval=00731 misfit=2.291318e-01 best=2.218247e-01
[NA] iter=00005 eval=00732 misfit=2.219827e-01 best=2.218247e-01
[NA] iter=00005 eval=00733 misfit=2.365335e-01 best=2.218247e-01
[NA] iter=00005 eval=00734 misfit=2.354043e-01 best=2.218247e-01
[NA] iter=00005 eval=00735 misfit=2.246334e-01 best=2.218247e-01
[NA] iter=00005 eval=00736 misfit=3.915495e-01 best=2.218247e-01
[NA] iter=00005 eval=00737 misfit=2.504276e-01 best=2.218247e-01
[NA] iter=00005 eval=00738 misfit=2.615461e-01 best=2.218247e-01
[NA] iter=00005 eval=00739 misfit=2.328448e-01 best=2.218247e-01
[NA] iter=00005 eval=00740 misfit=3.249193e-01 best=2.218247e-01
[NA] iter=00005 eval=00741 misfit=2.353712e-01 best=2.218247e-01
[NA] iter=00005 eval=00742 misfit=2.472887e-01 best=2.218247e-01
[NA] iter=00005 eval=00743 misfit=2.384886e-01 best=2.218247e-01
[NA] iter=00005 eval=00744 misfit=2.309664e-01 best=2.218247e-01
[NA] iter=00005 eval=00745 misfit=2.391073e-01 best=2.218247e-01
[NA] iter=00005 eval=00746 misfit=2.445355e-01 best=2.218247e-01
[NA] iter=00005 eval=00747 misfit=2.549336e-01 best=2.218247e-01
[NA] iter=00005 eval=00748 misfit=2.584565e-01 best=2.218247e-01
[NA] iter=00005 eval=00749 misfit=2.319669e-01 best=2.218247e-01
[NA] iter=00005 eval=00750 misfit=2.464718e-01 best=2.218247e-01
NAI - Optimisation Loop:  10%|█         | 5/50 [01:25<12:23, 16.52s/it][NA] iter=00006 eval=00751 misfit=2.253793e-01 best=2.218247e-01
[NA] iter=00006 eval=00752 misfit=2.198395e-01 best=2.198395e-01
[NA] iter=00006 eval=00753 misfit=2.281190e-01 best=2.198395e-01
[NA] iter=00006 eval=00754 misfit=2.270727e-01 best=2.198395e-01
[NA] iter=00006 eval=00755 misfit=2.312221e-01 best=2.198395e-01
[NA] iter=00006 eval=00756 misfit=2.298053e-01 best=2.198395e-01
[NA] iter=00006 eval=00757 misfit=2.307401e-01 best=2.198395e-01
[NA] iter=00006 eval=00758 misfit=2.422670e-01 best=2.198395e-01
[NA] iter=00006 eval=00759 misfit=2.281944e-01 best=2.198395e-01
[NA] iter=00006 eval=00760 misfit=2.261472e-01 best=2.198395e-01
[NA] iter=00006 eval=00761 misfit=2.469118e-01 best=2.198395e-01
[NA] iter=00006 eval=00762 misfit=2.292909e-01 best=2.198395e-01
[NA] iter=00006 eval=00763 misfit=2.379776e-01 best=2.198395e-01
[NA] iter=00006 eval=00764 misfit=2.328894e-01 best=2.198395e-01
[NA] iter=00006 eval=00765 misfit=2.311423e-01 best=2.198395e-01
[NA] iter=00006 eval=00766 misfit=2.288528e-01 best=2.198395e-01
[NA] iter=00006 eval=00767 misfit=2.276716e-01 best=2.198395e-01
[NA] iter=00006 eval=00768 misfit=2.399656e-01 best=2.198395e-01
[NA] iter=00006 eval=00769 misfit=2.321758e-01 best=2.198395e-01
[NA] iter=00006 eval=00770 misfit=2.352454e-01 best=2.198395e-01
[NA] iter=00006 eval=00771 misfit=3.563251e-01 best=2.198395e-01
[NA] iter=00006 eval=00772 misfit=2.203154e-01 best=2.198395e-01
[NA] iter=00006 eval=00773 misfit=2.655280e-01 best=2.198395e-01
[NA] iter=00006 eval=00774 misfit=3.100454e-01 best=2.198395e-01
[NA] iter=00006 eval=00775 misfit=2.373661e-01 best=2.198395e-01
[NA] iter=00006 eval=00776 misfit=2.278004e-01 best=2.198395e-01
[NA] iter=00006 eval=00777 misfit=2.238296e-01 best=2.198395e-01
[NA] iter=00006 eval=00778 misfit=2.292206e-01 best=2.198395e-01
[NA] iter=00006 eval=00779 misfit=2.341320e-01 best=2.198395e-01
[NA] iter=00006 eval=00780 misfit=2.447496e-01 best=2.198395e-01
[NA] iter=00006 eval=00781 misfit=2.336109e-01 best=2.198395e-01
[NA] iter=00006 eval=00782 misfit=2.288187e-01 best=2.198395e-01
[NA] iter=00006 eval=00783 misfit=2.470207e-01 best=2.198395e-01
[NA] iter=00006 eval=00784 misfit=2.330658e-01 best=2.198395e-01
[NA] iter=00006 eval=00785 misfit=2.333458e-01 best=2.198395e-01
[NA] iter=00006 eval=00786 misfit=2.354135e-01 best=2.198395e-01
[NA] iter=00006 eval=00787 misfit=2.278076e-01 best=2.198395e-01
[NA] iter=00006 eval=00788 misfit=2.468285e-01 best=2.198395e-01
[NA] iter=00006 eval=00789 misfit=2.306810e-01 best=2.198395e-01
[NA] iter=00006 eval=00790 misfit=2.427400e-01 best=2.198395e-01
[NA] iter=00006 eval=00791 misfit=2.286771e-01 best=2.198395e-01
[NA] iter=00006 eval=00792 misfit=2.443122e-01 best=2.198395e-01
[NA] iter=00006 eval=00793 misfit=2.447383e-01 best=2.198395e-01
[NA] iter=00006 eval=00794 misfit=2.436235e-01 best=2.198395e-01
[NA] iter=00006 eval=00795 misfit=2.940823e-01 best=2.198395e-01
[NA] iter=00006 eval=00796 misfit=3.235598e-01 best=2.198395e-01
[NA] iter=00006 eval=00797 misfit=2.739865e-01 best=2.198395e-01
[NA] iter=00006 eval=00798 misfit=2.421850e-01 best=2.198395e-01
[NA] iter=00006 eval=00799 misfit=2.633938e-01 best=2.198395e-01
[NA] iter=00006 eval=00800 misfit=3.378599e-01 best=2.198395e-01
NAI - Optimisation Loop:  12%|█▏        | 6/50 [01:40<11:51, 16.17s/it][NA] iter=00007 eval=00801 misfit=2.247313e-01 best=2.198395e-01
[NA] iter=00007 eval=00802 misfit=2.392361e-01 best=2.198395e-01
[NA] iter=00007 eval=00803 misfit=2.195467e-01 best=2.195467e-01
[NA] iter=00007 eval=00804 misfit=2.313216e-01 best=2.195467e-01
[NA] iter=00007 eval=00805 misfit=2.282969e-01 best=2.195467e-01
[NA] iter=00007 eval=00806 misfit=2.516281e-01 best=2.195467e-01
[NA] iter=00007 eval=00807 misfit=2.979335e-01 best=2.195467e-01
[NA] iter=00007 eval=00808 misfit=2.195594e-01 best=2.195467e-01
[NA] iter=00007 eval=00809 misfit=2.256716e-01 best=2.195467e-01
[NA] iter=00007 eval=00810 misfit=2.425961e-01 best=2.195467e-01
[NA] iter=00007 eval=00811 misfit=2.275549e-01 best=2.195467e-01
[NA] iter=00007 eval=00812 misfit=2.263244e-01 best=2.195467e-01
[NA] iter=00007 eval=00813 misfit=2.385049e-01 best=2.195467e-01
[NA] iter=00007 eval=00814 misfit=2.380178e-01 best=2.195467e-01
[NA] iter=00007 eval=00815 misfit=2.232554e-01 best=2.195467e-01
[NA] iter=00007 eval=00816 misfit=2.281395e-01 best=2.195467e-01
[NA] iter=00007 eval=00817 misfit=2.235931e-01 best=2.195467e-01
[NA] iter=00007 eval=00818 misfit=2.253779e-01 best=2.195467e-01
[NA] iter=00007 eval=00819 misfit=2.225327e-01 best=2.195467e-01
[NA] iter=00007 eval=00820 misfit=2.222731e-01 best=2.195467e-01
[NA] iter=00007 eval=00821 misfit=2.322564e-01 best=2.195467e-01
[NA] iter=00007 eval=00822 misfit=2.306253e-01 best=2.195467e-01
[NA] iter=00007 eval=00823 misfit=2.278786e-01 best=2.195467e-01
[NA] iter=00007 eval=00824 misfit=2.288340e-01 best=2.195467e-01
[NA] iter=00007 eval=00825 misfit=2.304690e-01 best=2.195467e-01
[NA] iter=00007 eval=00826 misfit=2.269536e-01 best=2.195467e-01
[NA] iter=00007 eval=00827 misfit=2.255942e-01 best=2.195467e-01
[NA] iter=00007 eval=00828 misfit=2.279595e-01 best=2.195467e-01
[NA] iter=00007 eval=00829 misfit=2.331262e-01 best=2.195467e-01
[NA] iter=00007 eval=00830 misfit=2.259292e-01 best=2.195467e-01
[NA] iter=00007 eval=00831 misfit=2.279497e-01 best=2.195467e-01
[NA] iter=00007 eval=00832 misfit=2.344343e-01 best=2.195467e-01
[NA] iter=00007 eval=00833 misfit=2.248813e-01 best=2.195467e-01
[NA] iter=00007 eval=00834 misfit=2.263372e-01 best=2.195467e-01
[NA] iter=00007 eval=00835 misfit=2.349621e-01 best=2.195467e-01
[NA] iter=00007 eval=00836 misfit=2.439919e-01 best=2.195467e-01
[NA] iter=00007 eval=00837 misfit=2.491398e-01 best=2.195467e-01
[NA] iter=00007 eval=00838 misfit=2.308480e-01 best=2.195467e-01
[NA] iter=00007 eval=00839 misfit=2.324717e-01 best=2.195467e-01
[NA] iter=00007 eval=00840 misfit=2.377863e-01 best=2.195467e-01
[NA] iter=00007 eval=00841 misfit=2.324988e-01 best=2.195467e-01
[NA] iter=00007 eval=00842 misfit=2.307237e-01 best=2.195467e-01
[NA] iter=00007 eval=00843 misfit=2.283709e-01 best=2.195467e-01
[NA] iter=00007 eval=00844 misfit=2.395150e-01 best=2.195467e-01
[NA] iter=00007 eval=00845 misfit=2.346389e-01 best=2.195467e-01
[NA] iter=00007 eval=00846 misfit=2.242924e-01 best=2.195467e-01
[NA] iter=00007 eval=00847 misfit=2.265626e-01 best=2.195467e-01
[NA] iter=00007 eval=00848 misfit=2.562341e-01 best=2.195467e-01
[NA] iter=00007 eval=00849 misfit=2.602035e-01 best=2.195467e-01
[NA] iter=00007 eval=00850 misfit=2.258552e-01 best=2.195467e-01
NAI - Optimisation Loop:  14%|█▍        | 7/50 [01:56<11:29, 16.05s/it][NA] iter=00008 eval=00851 misfit=2.501927e-01 best=2.195467e-01
[NA] iter=00008 eval=00852 misfit=2.505373e-01 best=2.195467e-01
[NA] iter=00008 eval=00853 misfit=2.153816e-01 best=2.153816e-01
[NA] iter=00008 eval=00854 misfit=2.322453e-01 best=2.153816e-01
[NA] iter=00008 eval=00855 misfit=2.210893e-01 best=2.153816e-01
[NA] iter=00008 eval=00856 misfit=2.107412e-01 best=2.107412e-01
[NA] iter=00008 eval=00857 misfit=2.214106e-01 best=2.107412e-01
[NA] iter=00008 eval=00858 misfit=2.472089e-01 best=2.107412e-01
[NA] iter=00008 eval=00859 misfit=2.470922e-01 best=2.107412e-01
[NA] iter=00008 eval=00860 misfit=2.596460e-01 best=2.107412e-01
[NA] iter=00008 eval=00861 misfit=2.227025e-01 best=2.107412e-01
[NA] iter=00008 eval=00862 misfit=2.236460e-01 best=2.107412e-01
[NA] iter=00008 eval=00863 misfit=2.218255e-01 best=2.107412e-01
[NA] iter=00008 eval=00864 misfit=2.261995e-01 best=2.107412e-01
[NA] iter=00008 eval=00865 misfit=2.202786e-01 best=2.107412e-01
[NA] iter=00008 eval=00866 misfit=2.409124e-01 best=2.107412e-01
[NA] iter=00008 eval=00867 misfit=2.257940e-01 best=2.107412e-01
[NA] iter=00008 eval=00868 misfit=2.308128e-01 best=2.107412e-01
[NA] iter=00008 eval=00869 misfit=2.247421e-01 best=2.107412e-01
[NA] iter=00008 eval=00870 misfit=2.469360e-01 best=2.107412e-01
[NA] iter=00008 eval=00871 misfit=2.196421e-01 best=2.107412e-01
[NA] iter=00008 eval=00872 misfit=2.288424e-01 best=2.107412e-01
[NA] iter=00008 eval=00873 misfit=2.198908e-01 best=2.107412e-01
[NA] iter=00008 eval=00874 misfit=2.204383e-01 best=2.107412e-01
[NA] iter=00008 eval=00875 misfit=2.196459e-01 best=2.107412e-01
[NA] iter=00008 eval=00876 misfit=2.224141e-01 best=2.107412e-01
[NA] iter=00008 eval=00877 misfit=2.209957e-01 best=2.107412e-01
[NA] iter=00008 eval=00878 misfit=2.213522e-01 best=2.107412e-01
[NA] iter=00008 eval=00879 misfit=2.212650e-01 best=2.107412e-01
[NA] iter=00008 eval=00880 misfit=2.246237e-01 best=2.107412e-01
[NA] iter=00008 eval=00881 misfit=2.239998e-01 best=2.107412e-01
[NA] iter=00008 eval=00882 misfit=2.268367e-01 best=2.107412e-01
[NA] iter=00008 eval=00883 misfit=2.303370e-01 best=2.107412e-01
[NA] iter=00008 eval=00884 misfit=2.247643e-01 best=2.107412e-01
[NA] iter=00008 eval=00885 misfit=2.198961e-01 best=2.107412e-01
[NA] iter=00008 eval=00886 misfit=2.226682e-01 best=2.107412e-01
[NA] iter=00008 eval=00887 misfit=2.192102e-01 best=2.107412e-01
[NA] iter=00008 eval=00888 misfit=2.228853e-01 best=2.107412e-01
[NA] iter=00008 eval=00889 misfit=2.244495e-01 best=2.107412e-01
[NA] iter=00008 eval=00890 misfit=2.263023e-01 best=2.107412e-01
[NA] iter=00008 eval=00891 misfit=2.349883e-01 best=2.107412e-01
[NA] iter=00008 eval=00892 misfit=2.364366e-01 best=2.107412e-01
[NA] iter=00008 eval=00893 misfit=2.247510e-01 best=2.107412e-01
[NA] iter=00008 eval=00894 misfit=2.278950e-01 best=2.107412e-01
[NA] iter=00008 eval=00895 misfit=2.281003e-01 best=2.107412e-01
[NA] iter=00008 eval=00896 misfit=2.305493e-01 best=2.107412e-01
[NA] iter=00008 eval=00897 misfit=2.277757e-01 best=2.107412e-01
[NA] iter=00008 eval=00898 misfit=2.256439e-01 best=2.107412e-01
[NA] iter=00008 eval=00899 misfit=2.291322e-01 best=2.107412e-01
[NA] iter=00008 eval=00900 misfit=2.283617e-01 best=2.107412e-01
NAI - Optimisation Loop:  16%|█▌        | 8/50 [02:12<11:11, 15.99s/it][NA] iter=00009 eval=00901 misfit=2.148149e-01 best=2.107412e-01
[NA] iter=00009 eval=00902 misfit=2.210484e-01 best=2.107412e-01
[NA] iter=00009 eval=00903 misfit=2.230370e-01 best=2.107412e-01
[NA] iter=00009 eval=00904 misfit=2.267475e-01 best=2.107412e-01
[NA] iter=00009 eval=00905 misfit=2.169100e-01 best=2.107412e-01
[NA] iter=00009 eval=00906 misfit=2.310297e-01 best=2.107412e-01
[NA] iter=00009 eval=00907 misfit=2.177926e-01 best=2.107412e-01
[NA] iter=00009 eval=00908 misfit=2.278674e-01 best=2.107412e-01
[NA] iter=00009 eval=00909 misfit=2.233692e-01 best=2.107412e-01
[NA] iter=00009 eval=00910 misfit=2.142219e-01 best=2.107412e-01
[NA] iter=00009 eval=00911 misfit=2.213437e-01 best=2.107412e-01
[NA] iter=00009 eval=00912 misfit=2.206409e-01 best=2.107412e-01
[NA] iter=00009 eval=00913 misfit=2.199648e-01 best=2.107412e-01
[NA] iter=00009 eval=00914 misfit=2.194010e-01 best=2.107412e-01
[NA] iter=00009 eval=00915 misfit=2.206254e-01 best=2.107412e-01
[NA] iter=00009 eval=00916 misfit=2.236858e-01 best=2.107412e-01
[NA] iter=00009 eval=00917 misfit=2.304223e-01 best=2.107412e-01
[NA] iter=00009 eval=00918 misfit=2.212314e-01 best=2.107412e-01
[NA] iter=00009 eval=00919 misfit=2.165694e-01 best=2.107412e-01
[NA] iter=00009 eval=00920 misfit=2.194478e-01 best=2.107412e-01
[NA] iter=00009 eval=00921 misfit=2.188145e-01 best=2.107412e-01
[NA] iter=00009 eval=00922 misfit=2.176816e-01 best=2.107412e-01
[NA] iter=00009 eval=00923 misfit=2.306105e-01 best=2.107412e-01
[NA] iter=00009 eval=00924 misfit=2.461617e-01 best=2.107412e-01
[NA] iter=00009 eval=00925 misfit=2.290553e-01 best=2.107412e-01
[NA] iter=00009 eval=00926 misfit=2.208501e-01 best=2.107412e-01
[NA] iter=00009 eval=00927 misfit=2.197048e-01 best=2.107412e-01
[NA] iter=00009 eval=00928 misfit=2.190142e-01 best=2.107412e-01
[NA] iter=00009 eval=00929 misfit=2.209917e-01 best=2.107412e-01
[NA] iter=00009 eval=00930 misfit=2.192316e-01 best=2.107412e-01
[NA] iter=00009 eval=00931 misfit=2.231650e-01 best=2.107412e-01
[NA] iter=00009 eval=00932 misfit=2.241410e-01 best=2.107412e-01
[NA] iter=00009 eval=00933 misfit=2.229055e-01 best=2.107412e-01
[NA] iter=00009 eval=00934 misfit=2.208158e-01 best=2.107412e-01
[NA] iter=00009 eval=00935 misfit=2.243079e-01 best=2.107412e-01
[NA] iter=00009 eval=00936 misfit=2.188042e-01 best=2.107412e-01
[NA] iter=00009 eval=00937 misfit=2.244543e-01 best=2.107412e-01
[NA] iter=00009 eval=00938 misfit=2.188168e-01 best=2.107412e-01
[NA] iter=00009 eval=00939 misfit=2.185232e-01 best=2.107412e-01
[NA] iter=00009 eval=00940 misfit=2.191223e-01 best=2.107412e-01
[NA] iter=00009 eval=00941 misfit=2.196128e-01 best=2.107412e-01
[NA] iter=00009 eval=00942 misfit=2.193079e-01 best=2.107412e-01
[NA] iter=00009 eval=00943 misfit=2.193818e-01 best=2.107412e-01
[NA] iter=00009 eval=00944 misfit=2.201456e-01 best=2.107412e-01
[NA] iter=00009 eval=00945 misfit=2.212016e-01 best=2.107412e-01
[NA] iter=00009 eval=00946 misfit=2.198147e-01 best=2.107412e-01
[NA] iter=00009 eval=00947 misfit=2.196537e-01 best=2.107412e-01
[NA] iter=00009 eval=00948 misfit=2.187154e-01 best=2.107412e-01
[NA] iter=00009 eval=00949 misfit=2.219225e-01 best=2.107412e-01
[NA] iter=00009 eval=00950 misfit=2.186524e-01 best=2.107412e-01
NAI - Optimisation Loop:  18%|█▊        | 9/50 [02:29<11:03, 16.17s/it][NA] iter=00010 eval=00951 misfit=2.121308e-01 best=2.107412e-01
[NA] iter=00010 eval=00952 misfit=2.113324e-01 best=2.107412e-01
[NA] iter=00010 eval=00953 misfit=2.186784e-01 best=2.107412e-01
[NA] iter=00010 eval=00954 misfit=2.170112e-01 best=2.107412e-01
[NA] iter=00010 eval=00955 misfit=2.153176e-01 best=2.107412e-01
[NA] iter=00010 eval=00956 misfit=2.115113e-01 best=2.107412e-01
[NA] iter=00010 eval=00957 misfit=2.217527e-01 best=2.107412e-01
[NA] iter=00010 eval=00958 misfit=2.330323e-01 best=2.107412e-01
[NA] iter=00010 eval=00959 misfit=2.191021e-01 best=2.107412e-01
[NA] iter=00010 eval=00960 misfit=2.256827e-01 best=2.107412e-01
[NA] iter=00010 eval=00961 misfit=2.190489e-01 best=2.107412e-01
[NA] iter=00010 eval=00962 misfit=2.166511e-01 best=2.107412e-01
[NA] iter=00010 eval=00963 misfit=2.203618e-01 best=2.107412e-01
[NA] iter=00010 eval=00964 misfit=2.194763e-01 best=2.107412e-01
[NA] iter=00010 eval=00965 misfit=2.397434e-01 best=2.107412e-01
[NA] iter=00010 eval=00966 misfit=2.175499e-01 best=2.107412e-01
[NA] iter=00010 eval=00967 misfit=2.168711e-01 best=2.107412e-01
[NA] iter=00010 eval=00968 misfit=2.172909e-01 best=2.107412e-01
[NA] iter=00010 eval=00969 misfit=2.174931e-01 best=2.107412e-01
[NA] iter=00010 eval=00970 misfit=2.166012e-01 best=2.107412e-01
[NA] iter=00010 eval=00971 misfit=2.181053e-01 best=2.107412e-01
[NA] iter=00010 eval=00972 misfit=2.235231e-01 best=2.107412e-01
[NA] iter=00010 eval=00973 misfit=2.180233e-01 best=2.107412e-01
[NA] iter=00010 eval=00974 misfit=2.164166e-01 best=2.107412e-01
[NA] iter=00010 eval=00975 misfit=2.151651e-01 best=2.107412e-01
[NA] iter=00010 eval=00976 misfit=2.200963e-01 best=2.107412e-01
[NA] iter=00010 eval=00977 misfit=2.380552e-01 best=2.107412e-01
[NA] iter=00010 eval=00978 misfit=2.455391e-01 best=2.107412e-01
[NA] iter=00010 eval=00979 misfit=2.539817e-01 best=2.107412e-01
[NA] iter=00010 eval=00980 misfit=2.138946e-01 best=2.107412e-01
[NA] iter=00010 eval=00981 misfit=2.204591e-01 best=2.107412e-01
[NA] iter=00010 eval=00982 misfit=2.247669e-01 best=2.107412e-01
[NA] iter=00010 eval=00983 misfit=2.346822e-01 best=2.107412e-01
[NA] iter=00010 eval=00984 misfit=2.172381e-01 best=2.107412e-01
[NA] iter=00010 eval=00985 misfit=2.294259e-01 best=2.107412e-01
[NA] iter=00010 eval=00986 misfit=2.190587e-01 best=2.107412e-01
[NA] iter=00010 eval=00987 misfit=2.140637e-01 best=2.107412e-01
[NA] iter=00010 eval=00988 misfit=2.211208e-01 best=2.107412e-01
[NA] iter=00010 eval=00989 misfit=2.193462e-01 best=2.107412e-01
[NA] iter=00010 eval=00990 misfit=2.272926e-01 best=2.107412e-01
[NA] iter=00010 eval=00991 misfit=2.178057e-01 best=2.107412e-01
[NA] iter=00010 eval=00992 misfit=2.200930e-01 best=2.107412e-01
[NA] iter=00010 eval=00993 misfit=2.182097e-01 best=2.107412e-01
[NA] iter=00010 eval=00994 misfit=2.180175e-01 best=2.107412e-01
[NA] iter=00010 eval=00995 misfit=2.209470e-01 best=2.107412e-01
[NA] iter=00010 eval=00996 misfit=2.217583e-01 best=2.107412e-01
[NA] iter=00010 eval=00997 misfit=2.200870e-01 best=2.107412e-01
[NA] iter=00010 eval=00998 misfit=2.200132e-01 best=2.107412e-01
[NA] iter=00010 eval=00999 misfit=2.181595e-01 best=2.107412e-01
[NA] iter=00010 eval=01000 misfit=2.181528e-01 best=2.107412e-01
NAI - Optimisation Loop:  20%|██        | 10/50 [02:45<10:51, 16.28s/it][NA] iter=00011 eval=01001 misfit=2.127209e-01 best=2.107412e-01
[NA] iter=00011 eval=01002 misfit=2.114023e-01 best=2.107412e-01
[NA] iter=00011 eval=01003 misfit=2.122428e-01 best=2.107412e-01
[NA] iter=00011 eval=01004 misfit=2.141282e-01 best=2.107412e-01
[NA] iter=00011 eval=01005 misfit=2.124617e-01 best=2.107412e-01
[NA] iter=00011 eval=01006 misfit=2.200832e-01 best=2.107412e-01
[NA] iter=00011 eval=01007 misfit=2.122833e-01 best=2.107412e-01
[NA] iter=00011 eval=01008 misfit=2.212859e-01 best=2.107412e-01
[NA] iter=00011 eval=01009 misfit=2.136562e-01 best=2.107412e-01
[NA] iter=00011 eval=01010 misfit=2.127395e-01 best=2.107412e-01
[NA] iter=00011 eval=01011 misfit=2.260790e-01 best=2.107412e-01
[NA] iter=00011 eval=01012 misfit=2.165341e-01 best=2.107412e-01
[NA] iter=00011 eval=01013 misfit=2.257444e-01 best=2.107412e-01
[NA] iter=00011 eval=01014 misfit=2.223145e-01 best=2.107412e-01
[NA] iter=00011 eval=01015 misfit=2.206580e-01 best=2.107412e-01
[NA] iter=00011 eval=01016 misfit=2.144386e-01 best=2.107412e-01
[NA] iter=00011 eval=01017 misfit=2.165489e-01 best=2.107412e-01
[NA] iter=00011 eval=01018 misfit=2.128880e-01 best=2.107412e-01
[NA] iter=00011 eval=01019 misfit=2.142260e-01 best=2.107412e-01
[NA] iter=00011 eval=01020 misfit=2.110503e-01 best=2.107412e-01
[NA] iter=00011 eval=01021 misfit=2.257852e-01 best=2.107412e-01
[NA] iter=00011 eval=01022 misfit=2.145267e-01 best=2.107412e-01
[NA] iter=00011 eval=01023 misfit=2.131060e-01 best=2.107412e-01
[NA] iter=00011 eval=01024 misfit=2.171151e-01 best=2.107412e-01
[NA] iter=00011 eval=01025 misfit=2.121801e-01 best=2.107412e-01
[NA] iter=00011 eval=01026 misfit=2.145092e-01 best=2.107412e-01
[NA] iter=00011 eval=01027 misfit=2.151440e-01 best=2.107412e-01
[NA] iter=00011 eval=01028 misfit=2.143785e-01 best=2.107412e-01
[NA] iter=00011 eval=01029 misfit=2.168716e-01 best=2.107412e-01
[NA] iter=00011 eval=01030 misfit=2.145953e-01 best=2.107412e-01
[NA] iter=00011 eval=01031 misfit=2.116508e-01 best=2.107412e-01
[NA] iter=00011 eval=01032 misfit=2.128918e-01 best=2.107412e-01
[NA] iter=00011 eval=01033 misfit=2.154378e-01 best=2.107412e-01
[NA] iter=00011 eval=01034 misfit=2.165390e-01 best=2.107412e-01
[NA] iter=00011 eval=01035 misfit=2.128106e-01 best=2.107412e-01
[NA] iter=00011 eval=01036 misfit=2.119214e-01 best=2.107412e-01
[NA] iter=00011 eval=01037 misfit=2.132258e-01 best=2.107412e-01
[NA] iter=00011 eval=01038 misfit=2.205013e-01 best=2.107412e-01
[NA] iter=00011 eval=01039 misfit=2.130924e-01 best=2.107412e-01
[NA] iter=00011 eval=01040 misfit=2.219646e-01 best=2.107412e-01
[NA] iter=00011 eval=01041 misfit=2.147746e-01 best=2.107412e-01
[NA] iter=00011 eval=01042 misfit=2.147756e-01 best=2.107412e-01
[NA] iter=00011 eval=01043 misfit=2.142603e-01 best=2.107412e-01
[NA] iter=00011 eval=01044 misfit=2.166165e-01 best=2.107412e-01
[NA] iter=00011 eval=01045 misfit=2.179499e-01 best=2.107412e-01
[NA] iter=00011 eval=01046 misfit=2.153640e-01 best=2.107412e-01
[NA] iter=00011 eval=01047 misfit=2.163091e-01 best=2.107412e-01
[NA] iter=00011 eval=01048 misfit=2.189670e-01 best=2.107412e-01
[NA] iter=00011 eval=01049 misfit=2.154430e-01 best=2.107412e-01
[NA] iter=00011 eval=01050 misfit=2.148980e-01 best=2.107412e-01
NAI - Optimisation Loop:  22%|██▏       | 11/50 [03:01<10:32, 16.23s/it][NA] iter=00012 eval=01051 misfit=2.122027e-01 best=2.107412e-01
[NA] iter=00012 eval=01052 misfit=2.103013e-01 best=2.103013e-01
[NA] iter=00012 eval=01053 misfit=2.109278e-01 best=2.103013e-01
[NA] iter=00012 eval=01054 misfit=2.107814e-01 best=2.103013e-01
[NA] iter=00012 eval=01055 misfit=2.103805e-01 best=2.103013e-01
[NA] iter=00012 eval=01056 misfit=2.112844e-01 best=2.103013e-01
[NA] iter=00012 eval=01057 misfit=2.135037e-01 best=2.103013e-01
[NA] iter=00012 eval=01058 misfit=2.117310e-01 best=2.103013e-01
[NA] iter=00012 eval=01059 misfit=2.116159e-01 best=2.103013e-01
[NA] iter=00012 eval=01060 misfit=2.134922e-01 best=2.103013e-01
[NA] iter=00012 eval=01061 misfit=2.111998e-01 best=2.103013e-01
[NA] iter=00012 eval=01062 misfit=2.131318e-01 best=2.103013e-01
[NA] iter=00012 eval=01063 misfit=2.118439e-01 best=2.103013e-01
[NA] iter=00012 eval=01064 misfit=2.118621e-01 best=2.103013e-01
[NA] iter=00012 eval=01065 misfit=2.127188e-01 best=2.103013e-01
[NA] iter=00012 eval=01066 misfit=2.112096e-01 best=2.103013e-01
[NA] iter=00012 eval=01067 misfit=2.143390e-01 best=2.103013e-01
[NA] iter=00012 eval=01068 misfit=2.185560e-01 best=2.103013e-01
[NA] iter=00012 eval=01069 misfit=2.116392e-01 best=2.103013e-01
[NA] iter=00012 eval=01070 misfit=2.209881e-01 best=2.103013e-01
[NA] iter=00012 eval=01071 misfit=2.127127e-01 best=2.103013e-01
[NA] iter=00012 eval=01072 misfit=2.136895e-01 best=2.103013e-01
[NA] iter=00012 eval=01073 misfit=2.188340e-01 best=2.103013e-01
[NA] iter=00012 eval=01074 misfit=2.137169e-01 best=2.103013e-01
[NA] iter=00012 eval=01075 misfit=2.133874e-01 best=2.103013e-01
[NA] iter=00012 eval=01076 misfit=2.154597e-01 best=2.103013e-01
[NA] iter=00012 eval=01077 misfit=2.105386e-01 best=2.103013e-01
[NA] iter=00012 eval=01078 misfit=2.139836e-01 best=2.103013e-01
[NA] iter=00012 eval=01079 misfit=2.121980e-01 best=2.103013e-01
[NA] iter=00012 eval=01080 misfit=2.130043e-01 best=2.103013e-01
[NA] iter=00012 eval=01081 misfit=2.185398e-01 best=2.103013e-01
[NA] iter=00012 eval=01082 misfit=2.123676e-01 best=2.103013e-01
[NA] iter=00012 eval=01083 misfit=2.165655e-01 best=2.103013e-01
[NA] iter=00012 eval=01084 misfit=2.159954e-01 best=2.103013e-01
[NA] iter=00012 eval=01085 misfit=2.140816e-01 best=2.103013e-01
[NA] iter=00012 eval=01086 misfit=2.163646e-01 best=2.103013e-01
[NA] iter=00012 eval=01087 misfit=2.113624e-01 best=2.103013e-01
[NA] iter=00012 eval=01088 misfit=2.143038e-01 best=2.103013e-01
[NA] iter=00012 eval=01089 misfit=2.153494e-01 best=2.103013e-01
[NA] iter=00012 eval=01090 misfit=2.125263e-01 best=2.103013e-01
[NA] iter=00012 eval=01091 misfit=2.142214e-01 best=2.103013e-01
[NA] iter=00012 eval=01092 misfit=2.131738e-01 best=2.103013e-01
[NA] iter=00012 eval=01093 misfit=2.128989e-01 best=2.103013e-01
[NA] iter=00012 eval=01094 misfit=2.103686e-01 best=2.103013e-01
[NA] iter=00012 eval=01095 misfit=2.132505e-01 best=2.103013e-01
[NA] iter=00012 eval=01096 misfit=2.146649e-01 best=2.103013e-01
[NA] iter=00012 eval=01097 misfit=2.181258e-01 best=2.103013e-01
[NA] iter=00012 eval=01098 misfit=2.133795e-01 best=2.103013e-01
[NA] iter=00012 eval=01099 misfit=2.131228e-01 best=2.103013e-01
[NA] iter=00012 eval=01100 misfit=2.156327e-01 best=2.103013e-01
NAI - Optimisation Loop:  24%|██▍       | 12/50 [03:17<10:09, 16.05s/it][NA] iter=00013 eval=01101 misfit=2.118800e-01 best=2.103013e-01
[NA] iter=00013 eval=01102 misfit=2.118088e-01 best=2.103013e-01
[NA] iter=00013 eval=01103 misfit=2.120379e-01 best=2.103013e-01
[NA] iter=00013 eval=01104 misfit=2.098775e-01 best=2.098775e-01
[NA] iter=00013 eval=01105 misfit=2.105286e-01 best=2.098775e-01
[NA] iter=00013 eval=01106 misfit=2.115040e-01 best=2.098775e-01
[NA] iter=00013 eval=01107 misfit=2.119263e-01 best=2.098775e-01
[NA] iter=00013 eval=01108 misfit=2.114232e-01 best=2.098775e-01
[NA] iter=00013 eval=01109 misfit=2.123109e-01 best=2.098775e-01
[NA] iter=00013 eval=01110 misfit=2.102997e-01 best=2.098775e-01
[NA] iter=00013 eval=01111 misfit=2.106637e-01 best=2.098775e-01
[NA] iter=00013 eval=01112 misfit=2.102601e-01 best=2.098775e-01
[NA] iter=00013 eval=01113 misfit=2.106455e-01 best=2.098775e-01
[NA] iter=00013 eval=01114 misfit=2.112988e-01 best=2.098775e-01
[NA] iter=00013 eval=01115 misfit=2.109651e-01 best=2.098775e-01
[NA] iter=00013 eval=01116 misfit=2.128477e-01 best=2.098775e-01
[NA] iter=00013 eval=01117 misfit=2.156789e-01 best=2.098775e-01
[NA] iter=00013 eval=01118 misfit=2.106471e-01 best=2.098775e-01
[NA] iter=00013 eval=01119 misfit=2.133617e-01 best=2.098775e-01
[NA] iter=00013 eval=01120 misfit=2.108225e-01 best=2.098775e-01
[NA] iter=00013 eval=01121 misfit=2.112542e-01 best=2.098775e-01
[NA] iter=00013 eval=01122 misfit=2.107736e-01 best=2.098775e-01
[NA] iter=00013 eval=01123 misfit=2.125460e-01 best=2.098775e-01
[NA] iter=00013 eval=01124 misfit=2.120471e-01 best=2.098775e-01
[NA] iter=00013 eval=01125 misfit=2.123980e-01 best=2.098775e-01
[NA] iter=00013 eval=01126 misfit=2.118694e-01 best=2.098775e-01
[NA] iter=00013 eval=01127 misfit=2.095361e-01 best=2.095361e-01
[NA] iter=00013 eval=01128 misfit=2.108649e-01 best=2.095361e-01
[NA] iter=00013 eval=01129 misfit=2.096875e-01 best=2.095361e-01
[NA] iter=00013 eval=01130 misfit=2.115455e-01 best=2.095361e-01
[NA] iter=00013 eval=01131 misfit=2.152745e-01 best=2.095361e-01
[NA] iter=00013 eval=01132 misfit=2.111412e-01 best=2.095361e-01
[NA] iter=00013 eval=01133 misfit=2.117727e-01 best=2.095361e-01
[NA] iter=00013 eval=01134 misfit=2.136774e-01 best=2.095361e-01
[NA] iter=00013 eval=01135 misfit=2.129196e-01 best=2.095361e-01
[NA] iter=00013 eval=01136 misfit=2.122752e-01 best=2.095361e-01
[NA] iter=00013 eval=01137 misfit=2.121783e-01 best=2.095361e-01
[NA] iter=00013 eval=01138 misfit=2.124378e-01 best=2.095361e-01
[NA] iter=00013 eval=01139 misfit=2.120524e-01 best=2.095361e-01
[NA] iter=00013 eval=01140 misfit=2.114837e-01 best=2.095361e-01
[NA] iter=00013 eval=01141 misfit=2.108931e-01 best=2.095361e-01
[NA] iter=00013 eval=01142 misfit=2.115302e-01 best=2.095361e-01
[NA] iter=00013 eval=01143 misfit=2.102135e-01 best=2.095361e-01
[NA] iter=00013 eval=01144 misfit=2.116149e-01 best=2.095361e-01
[NA] iter=00013 eval=01145 misfit=2.120238e-01 best=2.095361e-01
[NA] iter=00013 eval=01146 misfit=2.118765e-01 best=2.095361e-01
[NA] iter=00013 eval=01147 misfit=2.126017e-01 best=2.095361e-01
[NA] iter=00013 eval=01148 misfit=2.108874e-01 best=2.095361e-01
[NA] iter=00013 eval=01149 misfit=2.118524e-01 best=2.095361e-01
[NA] iter=00013 eval=01150 misfit=2.118602e-01 best=2.095361e-01
NAI - Optimisation Loop:  26%|██▌       | 13/50 [03:32<09:43, 15.77s/it][NA] iter=00014 eval=01151 misfit=2.099312e-01 best=2.095361e-01
[NA] iter=00014 eval=01152 misfit=2.098132e-01 best=2.095361e-01
[NA] iter=00014 eval=01153 misfit=2.092022e-01 best=2.092022e-01
[NA] iter=00014 eval=01154 misfit=2.102230e-01 best=2.092022e-01
[NA] iter=00014 eval=01155 misfit=2.107682e-01 best=2.092022e-01
[NA] iter=00014 eval=01156 misfit=2.126298e-01 best=2.092022e-01
[NA] iter=00014 eval=01157 misfit=2.088124e-01 best=2.088124e-01
[NA] iter=00014 eval=01158 misfit=2.115849e-01 best=2.088124e-01
[NA] iter=00014 eval=01159 misfit=2.115393e-01 best=2.088124e-01
[NA] iter=00014 eval=01160 misfit=2.117792e-01 best=2.088124e-01
[NA] iter=00014 eval=01161 misfit=2.108531e-01 best=2.088124e-01
[NA] iter=00014 eval=01162 misfit=2.093244e-01 best=2.088124e-01
[NA] iter=00014 eval=01163 misfit=2.099776e-01 best=2.088124e-01
[NA] iter=00014 eval=01164 misfit=2.094953e-01 best=2.088124e-01
[NA] iter=00014 eval=01165 misfit=2.094720e-01 best=2.088124e-01
[NA] iter=00014 eval=01166 misfit=2.101944e-01 best=2.088124e-01
[NA] iter=00014 eval=01167 misfit=2.099564e-01 best=2.088124e-01
[NA] iter=00014 eval=01168 misfit=2.102206e-01 best=2.088124e-01
[NA] iter=00014 eval=01169 misfit=2.101307e-01 best=2.088124e-01
[NA] iter=00014 eval=01170 misfit=2.107981e-01 best=2.088124e-01
[NA] iter=00014 eval=01171 misfit=2.105962e-01 best=2.088124e-01
[NA] iter=00014 eval=01172 misfit=2.100122e-01 best=2.088124e-01
[NA] iter=00014 eval=01173 misfit=2.103344e-01 best=2.088124e-01
[NA] iter=00014 eval=01174 misfit=2.102814e-01 best=2.088124e-01
[NA] iter=00014 eval=01175 misfit=2.105364e-01 best=2.088124e-01
[NA] iter=00014 eval=01176 misfit=2.095772e-01 best=2.088124e-01
[NA] iter=00014 eval=01177 misfit=2.109181e-01 best=2.088124e-01
[NA] iter=00014 eval=01178 misfit=2.105752e-01 best=2.088124e-01
[NA] iter=00014 eval=01179 misfit=2.099642e-01 best=2.088124e-01
[NA] iter=00014 eval=01180 misfit=2.126420e-01 best=2.088124e-01
[NA] iter=00014 eval=01181 misfit=2.104993e-01 best=2.088124e-01
[NA] iter=00014 eval=01182 misfit=2.103839e-01 best=2.088124e-01
[NA] iter=00014 eval=01183 misfit=2.100305e-01 best=2.088124e-01
[NA] iter=00014 eval=01184 misfit=2.101298e-01 best=2.088124e-01
[NA] iter=00014 eval=01185 misfit=2.102885e-01 best=2.088124e-01
[NA] iter=00014 eval=01186 misfit=2.106795e-01 best=2.088124e-01
[NA] iter=00014 eval=01187 misfit=2.110800e-01 best=2.088124e-01
[NA] iter=00014 eval=01188 misfit=2.101548e-01 best=2.088124e-01
[NA] iter=00014 eval=01189 misfit=2.099977e-01 best=2.088124e-01
[NA] iter=00014 eval=01190 misfit=2.119440e-01 best=2.088124e-01
[NA] iter=00014 eval=01191 misfit=2.110911e-01 best=2.088124e-01
[NA] iter=00014 eval=01192 misfit=2.103213e-01 best=2.088124e-01
[NA] iter=00014 eval=01193 misfit=2.104311e-01 best=2.088124e-01
[NA] iter=00014 eval=01194 misfit=2.106341e-01 best=2.088124e-01
[NA] iter=00014 eval=01195 misfit=2.103688e-01 best=2.088124e-01
[NA] iter=00014 eval=01196 misfit=2.119876e-01 best=2.088124e-01
[NA] iter=00014 eval=01197 misfit=2.122933e-01 best=2.088124e-01
[NA] iter=00014 eval=01198 misfit=2.123893e-01 best=2.088124e-01
[NA] iter=00014 eval=01199 misfit=2.114557e-01 best=2.088124e-01
[NA] iter=00014 eval=01200 misfit=2.108249e-01 best=2.088124e-01
NAI - Optimisation Loop:  28%|██▊       | 14/50 [03:47<09:20, 15.56s/it][NA] iter=00015 eval=01201 misfit=2.128537e-01 best=2.088124e-01
[NA] iter=00015 eval=01202 misfit=2.090220e-01 best=2.088124e-01
[NA] iter=00015 eval=01203 misfit=2.098680e-01 best=2.088124e-01
[NA] iter=00015 eval=01204 misfit=2.097464e-01 best=2.088124e-01
[NA] iter=00015 eval=01205 misfit=2.088724e-01 best=2.088124e-01
[NA] iter=00015 eval=01206 misfit=2.122204e-01 best=2.088124e-01
[NA] iter=00015 eval=01207 misfit=2.089470e-01 best=2.088124e-01
[NA] iter=00015 eval=01208 misfit=2.112365e-01 best=2.088124e-01
[NA] iter=00015 eval=01209 misfit=2.095088e-01 best=2.088124e-01
[NA] iter=00015 eval=01210 misfit=2.101068e-01 best=2.088124e-01
[NA] iter=00015 eval=01211 misfit=2.111573e-01 best=2.088124e-01
[NA] iter=00015 eval=01212 misfit=2.111532e-01 best=2.088124e-01
[NA] iter=00015 eval=01213 misfit=2.098319e-01 best=2.088124e-01
[NA] iter=00015 eval=01214 misfit=2.110992e-01 best=2.088124e-01
[NA] iter=00015 eval=01215 misfit=2.096532e-01 best=2.088124e-01
[NA] iter=00015 eval=01216 misfit=2.095486e-01 best=2.088124e-01
[NA] iter=00015 eval=01217 misfit=2.104808e-01 best=2.088124e-01
[NA] iter=00015 eval=01218 misfit=2.097695e-01 best=2.088124e-01
[NA] iter=00015 eval=01219 misfit=2.096890e-01 best=2.088124e-01
[NA] iter=00015 eval=01220 misfit=2.095569e-01 best=2.088124e-01
[NA] iter=00015 eval=01221 misfit=2.108053e-01 best=2.088124e-01
[NA] iter=00015 eval=01222 misfit=2.098887e-01 best=2.088124e-01
[NA] iter=00015 eval=01223 misfit=2.106880e-01 best=2.088124e-01
[NA] iter=00015 eval=01224 misfit=2.109055e-01 best=2.088124e-01
[NA] iter=00015 eval=01225 misfit=2.099796e-01 best=2.088124e-01
[NA] iter=00015 eval=01226 misfit=2.099141e-01 best=2.088124e-01
[NA] iter=00015 eval=01227 misfit=2.101077e-01 best=2.088124e-01
[NA] iter=00015 eval=01228 misfit=2.100223e-01 best=2.088124e-01
[NA] iter=00015 eval=01229 misfit=2.097095e-01 best=2.088124e-01
[NA] iter=00015 eval=01230 misfit=2.094718e-01 best=2.088124e-01
[NA] iter=00015 eval=01231 misfit=2.108703e-01 best=2.088124e-01
[NA] iter=00015 eval=01232 misfit=2.097628e-01 best=2.088124e-01
[NA] iter=00015 eval=01233 misfit=2.098977e-01 best=2.088124e-01
[NA] iter=00015 eval=01234 misfit=2.091265e-01 best=2.088124e-01
[NA] iter=00015 eval=01235 misfit=2.102315e-01 best=2.088124e-01
[NA] iter=00015 eval=01236 misfit=2.099194e-01 best=2.088124e-01
[NA] iter=00015 eval=01237 misfit=2.094434e-01 best=2.088124e-01
[NA] iter=00015 eval=01238 misfit=2.093638e-01 best=2.088124e-01
[NA] iter=00015 eval=01239 misfit=2.097945e-01 best=2.088124e-01
[NA] iter=00015 eval=01240 misfit=2.095259e-01 best=2.088124e-01
[NA] iter=00015 eval=01241 misfit=2.099430e-01 best=2.088124e-01
[NA] iter=00015 eval=01242 misfit=2.099326e-01 best=2.088124e-01
[NA] iter=00015 eval=01243 misfit=2.102427e-01 best=2.088124e-01
[NA] iter=00015 eval=01244 misfit=2.096896e-01 best=2.088124e-01
[NA] iter=00015 eval=01245 misfit=2.101697e-01 best=2.088124e-01
[NA] iter=00015 eval=01246 misfit=2.098146e-01 best=2.088124e-01
[NA] iter=00015 eval=01247 misfit=2.103342e-01 best=2.088124e-01
[NA] iter=00015 eval=01248 misfit=2.102282e-01 best=2.088124e-01
[NA] iter=00015 eval=01249 misfit=2.102758e-01 best=2.088124e-01
[NA] iter=00015 eval=01250 misfit=2.101815e-01 best=2.088124e-01
NAI - Optimisation Loop:  30%|███       | 15/50 [04:02<08:59, 15.42s/it][NA] iter=00016 eval=01251 misfit=2.088625e-01 best=2.088124e-01
[NA] iter=00016 eval=01252 misfit=2.093346e-01 best=2.088124e-01
[NA] iter=00016 eval=01253 misfit=2.088456e-01 best=2.088124e-01
[NA] iter=00016 eval=01254 misfit=2.091880e-01 best=2.088124e-01
[NA] iter=00016 eval=01255 misfit=2.090735e-01 best=2.088124e-01
[NA] iter=00016 eval=01256 misfit=2.133290e-01 best=2.088124e-01
[NA] iter=00016 eval=01257 misfit=2.416718e-01 best=2.088124e-01
[NA] iter=00016 eval=01258 misfit=2.998022e-01 best=2.088124e-01
[NA] iter=00016 eval=01259 misfit=2.159354e-01 best=2.088124e-01
[NA] iter=00016 eval=01260 misfit=2.218729e-01 best=2.088124e-01
[NA] iter=00016 eval=01261 misfit=2.120312e-01 best=2.088124e-01
[NA] iter=00016 eval=01262 misfit=2.098001e-01 best=2.088124e-01
[NA] iter=00016 eval=01263 misfit=2.091989e-01 best=2.088124e-01
[NA] iter=00016 eval=01264 misfit=2.101808e-01 best=2.088124e-01
[NA] iter=00016 eval=01265 misfit=2.090432e-01 best=2.088124e-01
[NA] iter=00016 eval=01266 misfit=2.164074e-01 best=2.088124e-01
[NA] iter=00016 eval=01267 misfit=2.113687e-01 best=2.088124e-01
[NA] iter=00016 eval=01268 misfit=2.116471e-01 best=2.088124e-01
[NA] iter=00016 eval=01269 misfit=2.195011e-01 best=2.088124e-01
[NA] iter=00016 eval=01270 misfit=2.091481e-01 best=2.088124e-01
[NA] iter=00016 eval=01271 misfit=2.100126e-01 best=2.088124e-01
[NA] iter=00016 eval=01272 misfit=2.095663e-01 best=2.088124e-01
[NA] iter=00016 eval=01273 misfit=2.091908e-01 best=2.088124e-01
[NA] iter=00016 eval=01274 misfit=2.097481e-01 best=2.088124e-01
[NA] iter=00016 eval=01275 misfit=2.094013e-01 best=2.088124e-01
[NA] iter=00016 eval=01276 misfit=2.094222e-01 best=2.088124e-01
[NA] iter=00016 eval=01277 misfit=2.088550e-01 best=2.088124e-01
[NA] iter=00016 eval=01278 misfit=2.089120e-01 best=2.088124e-01
[NA] iter=00016 eval=01279 misfit=2.100927e-01 best=2.088124e-01
[NA] iter=00016 eval=01280 misfit=2.094883e-01 best=2.088124e-01
[NA] iter=00016 eval=01281 misfit=2.100131e-01 best=2.088124e-01
[NA] iter=00016 eval=01282 misfit=2.097120e-01 best=2.088124e-01
[NA] iter=00016 eval=01283 misfit=2.094024e-01 best=2.088124e-01
[NA] iter=00016 eval=01284 misfit=2.098543e-01 best=2.088124e-01
[NA] iter=00016 eval=01285 misfit=2.094066e-01 best=2.088124e-01
[NA] iter=00016 eval=01286 misfit=2.091640e-01 best=2.088124e-01
[NA] iter=00016 eval=01287 misfit=2.090063e-01 best=2.088124e-01
[NA] iter=00016 eval=01288 misfit=2.092452e-01 best=2.088124e-01
[NA] iter=00016 eval=01289 misfit=2.090860e-01 best=2.088124e-01
[NA] iter=00016 eval=01290 misfit=2.104413e-01 best=2.088124e-01
[NA] iter=00016 eval=01291 misfit=2.100284e-01 best=2.088124e-01
[NA] iter=00016 eval=01292 misfit=2.097035e-01 best=2.088124e-01
[NA] iter=00016 eval=01293 misfit=2.097420e-01 best=2.088124e-01
[NA] iter=00016 eval=01294 misfit=2.093023e-01 best=2.088124e-01
[NA] iter=00016 eval=01295 misfit=2.093314e-01 best=2.088124e-01
[NA] iter=00016 eval=01296 misfit=2.105105e-01 best=2.088124e-01
[NA] iter=00016 eval=01297 misfit=2.103835e-01 best=2.088124e-01
[NA] iter=00016 eval=01298 misfit=2.097658e-01 best=2.088124e-01
[NA] iter=00016 eval=01299 misfit=2.099895e-01 best=2.088124e-01
[NA] iter=00016 eval=01300 misfit=2.102577e-01 best=2.088124e-01
NAI - Optimisation Loop:  32%|███▏      | 16/50 [04:18<08:42, 15.37s/it][NA] iter=00017 eval=01301 misfit=2.091507e-01 best=2.088124e-01
[NA] iter=00017 eval=01302 misfit=2.093674e-01 best=2.088124e-01
[NA] iter=00017 eval=01303 misfit=2.092135e-01 best=2.088124e-01
[NA] iter=00017 eval=01304 misfit=2.094742e-01 best=2.088124e-01
[NA] iter=00017 eval=01305 misfit=2.092551e-01 best=2.088124e-01
[NA] iter=00017 eval=01306 misfit=2.088703e-01 best=2.088124e-01
[NA] iter=00017 eval=01307 misfit=2.103065e-01 best=2.088124e-01
[NA] iter=00017 eval=01308 misfit=2.084136e-01 best=2.084136e-01
[NA] iter=00017 eval=01309 misfit=2.083315e-01 best=2.083315e-01
[NA] iter=00017 eval=01310 misfit=2.082715e-01 best=2.082715e-01
[NA] iter=00017 eval=01311 misfit=2.105275e-01 best=2.082715e-01
[NA] iter=00017 eval=01312 misfit=2.097302e-01 best=2.082715e-01
[NA] iter=00017 eval=01313 misfit=2.103310e-01 best=2.082715e-01
[NA] iter=00017 eval=01314 misfit=2.093215e-01 best=2.082715e-01
[NA] iter=00017 eval=01315 misfit=2.093653e-01 best=2.082715e-01
[NA] iter=00017 eval=01316 misfit=2.088897e-01 best=2.082715e-01
[NA] iter=00017 eval=01317 misfit=2.094580e-01 best=2.082715e-01
[NA] iter=00017 eval=01318 misfit=2.091645e-01 best=2.082715e-01
[NA] iter=00017 eval=01319 misfit=2.092453e-01 best=2.082715e-01
[NA] iter=00017 eval=01320 misfit=2.094621e-01 best=2.082715e-01
[NA] iter=00017 eval=01321 misfit=2.086147e-01 best=2.082715e-01
[NA] iter=00017 eval=01322 misfit=2.091493e-01 best=2.082715e-01
[NA] iter=00017 eval=01323 misfit=2.087574e-01 best=2.082715e-01
[NA] iter=00017 eval=01324 misfit=2.090287e-01 best=2.082715e-01
[NA] iter=00017 eval=01325 misfit=2.105307e-01 best=2.082715e-01
[NA] iter=00017 eval=01326 misfit=2.090635e-01 best=2.082715e-01
[NA] iter=00017 eval=01327 misfit=2.092712e-01 best=2.082715e-01
[NA] iter=00017 eval=01328 misfit=2.092036e-01 best=2.082715e-01
[NA] iter=00017 eval=01329 misfit=2.092489e-01 best=2.082715e-01
[NA] iter=00017 eval=01330 misfit=2.089412e-01 best=2.082715e-01
[NA] iter=00017 eval=01331 misfit=2.102072e-01 best=2.082715e-01
[NA] iter=00017 eval=01332 misfit=2.093705e-01 best=2.082715e-01
[NA] iter=00017 eval=01333 misfit=2.094625e-01 best=2.082715e-01
[NA] iter=00017 eval=01334 misfit=2.097362e-01 best=2.082715e-01
[NA] iter=00017 eval=01335 misfit=2.096604e-01 best=2.082715e-01
[NA] iter=00017 eval=01336 misfit=2.092149e-01 best=2.082715e-01
[NA] iter=00017 eval=01337 misfit=2.095070e-01 best=2.082715e-01
[NA] iter=00017 eval=01338 misfit=2.092522e-01 best=2.082715e-01
[NA] iter=00017 eval=01339 misfit=2.092755e-01 best=2.082715e-01
[NA] iter=00017 eval=01340 misfit=2.091870e-01 best=2.082715e-01
[NA] iter=00017 eval=01341 misfit=2.102883e-01 best=2.082715e-01
[NA] iter=00017 eval=01342 misfit=2.127874e-01 best=2.082715e-01
[NA] iter=00017 eval=01343 misfit=2.098405e-01 best=2.082715e-01
[NA] iter=00017 eval=01344 misfit=2.094336e-01 best=2.082715e-01
[NA] iter=00017 eval=01345 misfit=2.107086e-01 best=2.082715e-01
[NA] iter=00017 eval=01346 misfit=2.096120e-01 best=2.082715e-01
[NA] iter=00017 eval=01347 misfit=2.084878e-01 best=2.082715e-01
[NA] iter=00017 eval=01348 misfit=2.107632e-01 best=2.082715e-01
[NA] iter=00017 eval=01349 misfit=2.097519e-01 best=2.082715e-01
[NA] iter=00017 eval=01350 misfit=2.090842e-01 best=2.082715e-01
NAI - Optimisation Loop:  34%|███▍      | 17/50 [04:33<08:23, 15.26s/it][NA] iter=00018 eval=01351 misfit=2.092529e-01 best=2.082715e-01
[NA] iter=00018 eval=01352 misfit=2.091474e-01 best=2.082715e-01
[NA] iter=00018 eval=01353 misfit=2.082012e-01 best=2.082012e-01
[NA] iter=00018 eval=01354 misfit=2.088290e-01 best=2.082012e-01
[NA] iter=00018 eval=01355 misfit=2.080285e-01 best=2.080285e-01
[NA] iter=00018 eval=01356 misfit=2.092511e-01 best=2.080285e-01
[NA] iter=00018 eval=01357 misfit=2.108087e-01 best=2.080285e-01
[NA] iter=00018 eval=01358 misfit=2.099280e-01 best=2.080285e-01
[NA] iter=00018 eval=01359 misfit=2.095646e-01 best=2.080285e-01
[NA] iter=00018 eval=01360 misfit=2.081477e-01 best=2.080285e-01
[NA] iter=00018 eval=01361 misfit=2.129882e-01 best=2.080285e-01
[NA] iter=00018 eval=01362 misfit=2.226723e-01 best=2.080285e-01
[NA] iter=00018 eval=01363 misfit=2.115602e-01 best=2.080285e-01
[NA] iter=00018 eval=01364 misfit=2.214411e-01 best=2.080285e-01
[NA] iter=00018 eval=01365 misfit=2.084033e-01 best=2.080285e-01
[NA] iter=00018 eval=01366 misfit=2.112551e-01 best=2.080285e-01
[NA] iter=00018 eval=01367 misfit=2.092947e-01 best=2.080285e-01
[NA] iter=00018 eval=01368 misfit=2.082613e-01 best=2.080285e-01
[NA] iter=00018 eval=01369 misfit=2.115157e-01 best=2.080285e-01
[NA] iter=00018 eval=01370 misfit=2.092963e-01 best=2.080285e-01
[NA] iter=00018 eval=01371 misfit=2.089769e-01 best=2.080285e-01
[NA] iter=00018 eval=01372 misfit=2.095372e-01 best=2.080285e-01
[NA] iter=00018 eval=01373 misfit=2.090000e-01 best=2.080285e-01
[NA] iter=00018 eval=01374 misfit=2.091121e-01 best=2.080285e-01
[NA] iter=00018 eval=01375 misfit=2.089884e-01 best=2.080285e-01
[NA] iter=00018 eval=01376 misfit=2.087477e-01 best=2.080285e-01
[NA] iter=00018 eval=01377 misfit=2.088025e-01 best=2.080285e-01
[NA] iter=00018 eval=01378 misfit=2.089379e-01 best=2.080285e-01
[NA] iter=00018 eval=01379 misfit=2.086888e-01 best=2.080285e-01
[NA] iter=00018 eval=01380 misfit=2.089727e-01 best=2.080285e-01
[NA] iter=00018 eval=01381 misfit=2.092325e-01 best=2.080285e-01
[NA] iter=00018 eval=01382 misfit=2.091777e-01 best=2.080285e-01
[NA] iter=00018 eval=01383 misfit=2.087976e-01 best=2.080285e-01
[NA] iter=00018 eval=01384 misfit=2.088714e-01 best=2.080285e-01
[NA] iter=00018 eval=01385 misfit=2.090971e-01 best=2.080285e-01
[NA] iter=00018 eval=01386 misfit=2.083878e-01 best=2.080285e-01
[NA] iter=00018 eval=01387 misfit=2.086945e-01 best=2.080285e-01
[NA] iter=00018 eval=01388 misfit=2.087886e-01 best=2.080285e-01
[NA] iter=00018 eval=01389 misfit=2.084256e-01 best=2.080285e-01
[NA] iter=00018 eval=01390 misfit=2.081663e-01 best=2.080285e-01
[NA] iter=00018 eval=01391 misfit=2.099230e-01 best=2.080285e-01
[NA] iter=00018 eval=01392 misfit=2.091319e-01 best=2.080285e-01
[NA] iter=00018 eval=01393 misfit=2.089934e-01 best=2.080285e-01
[NA] iter=00018 eval=01394 misfit=2.086955e-01 best=2.080285e-01
[NA] iter=00018 eval=01395 misfit=2.099582e-01 best=2.080285e-01
[NA] iter=00018 eval=01396 misfit=2.086405e-01 best=2.080285e-01
[NA] iter=00018 eval=01397 misfit=2.086753e-01 best=2.080285e-01
[NA] iter=00018 eval=01398 misfit=2.090558e-01 best=2.080285e-01
[NA] iter=00018 eval=01399 misfit=2.092016e-01 best=2.080285e-01
[NA] iter=00018 eval=01400 misfit=2.090002e-01 best=2.080285e-01
NAI - Optimisation Loop:  36%|███▌      | 18/50 [04:47<08:05, 15.16s/it][NA] iter=00019 eval=01401 misfit=2.217343e-01 best=2.080285e-01
[NA] iter=00019 eval=01402 misfit=2.345208e-01 best=2.080285e-01
[NA] iter=00019 eval=01403 misfit=2.213061e-01 best=2.080285e-01
[NA] iter=00019 eval=01404 misfit=2.255109e-01 best=2.080285e-01
[NA] iter=00019 eval=01405 misfit=2.084548e-01 best=2.080285e-01
[NA] iter=00019 eval=01406 misfit=2.082098e-01 best=2.080285e-01
[NA] iter=00019 eval=01407 misfit=2.086323e-01 best=2.080285e-01
[NA] iter=00019 eval=01408 misfit=2.081839e-01 best=2.080285e-01
[NA] iter=00019 eval=01409 misfit=2.083386e-01 best=2.080285e-01
[NA] iter=00019 eval=01410 misfit=2.085804e-01 best=2.080285e-01
[NA] iter=00019 eval=01411 misfit=2.081130e-01 best=2.080285e-01
[NA] iter=00019 eval=01412 misfit=2.084389e-01 best=2.080285e-01
[NA] iter=00019 eval=01413 misfit=2.089843e-01 best=2.080285e-01
[NA] iter=00019 eval=01414 misfit=2.080907e-01 best=2.080285e-01
[NA] iter=00019 eval=01415 misfit=2.086113e-01 best=2.080285e-01
[NA] iter=00019 eval=01416 misfit=2.085890e-01 best=2.080285e-01
[NA] iter=00019 eval=01417 misfit=2.101692e-01 best=2.080285e-01
[NA] iter=00019 eval=01418 misfit=2.112868e-01 best=2.080285e-01
[NA] iter=00019 eval=01419 misfit=2.107595e-01 best=2.080285e-01
[NA] iter=00019 eval=01420 misfit=2.094744e-01 best=2.080285e-01
[NA] iter=00019 eval=01421 misfit=2.089990e-01 best=2.080285e-01
[NA] iter=00019 eval=01422 misfit=2.081679e-01 best=2.080285e-01
[NA] iter=00019 eval=01423 misfit=2.086181e-01 best=2.080285e-01
[NA] iter=00019 eval=01424 misfit=2.082646e-01 best=2.080285e-01
[NA] iter=00019 eval=01425 misfit=2.102275e-01 best=2.080285e-01
[NA] iter=00019 eval=01426 misfit=2.077419e-01 best=2.077419e-01
[NA] iter=00019 eval=01427 misfit=2.072986e-01 best=2.072986e-01
[NA] iter=00019 eval=01428 misfit=2.094474e-01 best=2.072986e-01
[NA] iter=00019 eval=01429 misfit=2.084089e-01 best=2.072986e-01
[NA] iter=00019 eval=01430 misfit=2.088215e-01 best=2.072986e-01
[NA] iter=00019 eval=01431 misfit=2.082230e-01 best=2.072986e-01
[NA] iter=00019 eval=01432 misfit=2.084806e-01 best=2.072986e-01
[NA] iter=00019 eval=01433 misfit=2.085621e-01 best=2.072986e-01
[NA] iter=00019 eval=01434 misfit=2.095287e-01 best=2.072986e-01
[NA] iter=00019 eval=01435 misfit=2.084891e-01 best=2.072986e-01
[NA] iter=00019 eval=01436 misfit=2.089276e-01 best=2.072986e-01
[NA] iter=00019 eval=01437 misfit=2.087110e-01 best=2.072986e-01
[NA] iter=00019 eval=01438 misfit=2.095179e-01 best=2.072986e-01
[NA] iter=00019 eval=01439 misfit=2.088795e-01 best=2.072986e-01
[NA] iter=00019 eval=01440 misfit=2.093771e-01 best=2.072986e-01
[NA] iter=00019 eval=01441 misfit=2.087862e-01 best=2.072986e-01
[NA] iter=00019 eval=01442 misfit=2.096555e-01 best=2.072986e-01
[NA] iter=00019 eval=01443 misfit=2.096010e-01 best=2.072986e-01
[NA] iter=00019 eval=01444 misfit=2.096767e-01 best=2.072986e-01
[NA] iter=00019 eval=01445 misfit=2.091993e-01 best=2.072986e-01
[NA] iter=00019 eval=01446 misfit=2.087556e-01 best=2.072986e-01
[NA] iter=00019 eval=01447 misfit=2.085997e-01 best=2.072986e-01
[NA] iter=00019 eval=01448 misfit=2.089143e-01 best=2.072986e-01
[NA] iter=00019 eval=01449 misfit=2.087121e-01 best=2.072986e-01
[NA] iter=00019 eval=01450 misfit=2.087819e-01 best=2.072986e-01
NAI - Optimisation Loop:  38%|███▊      | 19/50 [05:02<07:47, 15.07s/it][NA] iter=00020 eval=01451 misfit=2.072867e-01 best=2.072867e-01
[NA] iter=00020 eval=01452 misfit=2.090314e-01 best=2.072867e-01
[NA] iter=00020 eval=01453 misfit=2.075241e-01 best=2.072867e-01
[NA] iter=00020 eval=01454 misfit=2.090479e-01 best=2.072867e-01
[NA] iter=00020 eval=01455 misfit=2.076704e-01 best=2.072867e-01
[NA] iter=00020 eval=01456 misfit=2.078577e-01 best=2.072867e-01
[NA] iter=00020 eval=01457 misfit=2.078715e-01 best=2.072867e-01
[NA] iter=00020 eval=01458 misfit=2.081333e-01 best=2.072867e-01
[NA] iter=00020 eval=01459 misfit=2.081481e-01 best=2.072867e-01
[NA] iter=00020 eval=01460 misfit=2.078388e-01 best=2.072867e-01
[NA] iter=00020 eval=01461 misfit=2.072294e-01 best=2.072294e-01
[NA] iter=00020 eval=01462 misfit=2.078308e-01 best=2.072294e-01
[NA] iter=00020 eval=01463 misfit=2.090066e-01 best=2.072294e-01
[NA] iter=00020 eval=01464 misfit=2.080427e-01 best=2.072294e-01
[NA] iter=00020 eval=01465 misfit=2.112076e-01 best=2.072294e-01
[NA] iter=00020 eval=01466 misfit=2.080574e-01 best=2.072294e-01
[NA] iter=00020 eval=01467 misfit=2.087269e-01 best=2.072294e-01
[NA] iter=00020 eval=01468 misfit=2.085923e-01 best=2.072294e-01
[NA] iter=00020 eval=01469 misfit=2.086590e-01 best=2.072294e-01
[NA] iter=00020 eval=01470 misfit=2.081834e-01 best=2.072294e-01
[NA] iter=00020 eval=01471 misfit=2.085534e-01 best=2.072294e-01
[NA] iter=00020 eval=01472 misfit=2.085029e-01 best=2.072294e-01
[NA] iter=00020 eval=01473 misfit=2.086960e-01 best=2.072294e-01
[NA] iter=00020 eval=01474 misfit=2.082966e-01 best=2.072294e-01
[NA] iter=00020 eval=01475 misfit=2.085453e-01 best=2.072294e-01
[NA] iter=00020 eval=01476 misfit=2.082314e-01 best=2.072294e-01
[NA] iter=00020 eval=01477 misfit=2.080241e-01 best=2.072294e-01
[NA] iter=00020 eval=01478 misfit=2.085381e-01 best=2.072294e-01
[NA] iter=00020 eval=01479 misfit=2.081231e-01 best=2.072294e-01
[NA] iter=00020 eval=01480 misfit=2.084751e-01 best=2.072294e-01
[NA] iter=00020 eval=01481 misfit=2.081975e-01 best=2.072294e-01
[NA] iter=00020 eval=01482 misfit=2.081882e-01 best=2.072294e-01
[NA] iter=00020 eval=01483 misfit=2.081291e-01 best=2.072294e-01
[NA] iter=00020 eval=01484 misfit=2.083445e-01 best=2.072294e-01
[NA] iter=00020 eval=01485 misfit=2.082385e-01 best=2.072294e-01
[NA] iter=00020 eval=01486 misfit=2.104668e-01 best=2.072294e-01
[NA] iter=00020 eval=01487 misfit=2.103102e-01 best=2.072294e-01
[NA] iter=00020 eval=01488 misfit=2.099579e-01 best=2.072294e-01
[NA] iter=00020 eval=01489 misfit=2.081405e-01 best=2.072294e-01
[NA] iter=00020 eval=01490 misfit=2.083044e-01 best=2.072294e-01
[NA] iter=00020 eval=01491 misfit=2.084204e-01 best=2.072294e-01
[NA] iter=00020 eval=01492 misfit=2.082724e-01 best=2.072294e-01
[NA] iter=00020 eval=01493 misfit=2.086393e-01 best=2.072294e-01
[NA] iter=00020 eval=01494 misfit=2.082496e-01 best=2.072294e-01
[NA] iter=00020 eval=01495 misfit=2.091382e-01 best=2.072294e-01
[NA] iter=00020 eval=01496 misfit=2.102798e-01 best=2.072294e-01
[NA] iter=00020 eval=01497 misfit=2.106469e-01 best=2.072294e-01
[NA] iter=00020 eval=01498 misfit=2.086380e-01 best=2.072294e-01
[NA] iter=00020 eval=01499 misfit=2.087693e-01 best=2.072294e-01
[NA] iter=00020 eval=01500 misfit=2.101036e-01 best=2.072294e-01
NAI - Optimisation Loop:  40%|████      | 20/50 [05:17<07:29, 14.97s/it][NA] iter=00021 eval=01501 misfit=2.074106e-01 best=2.072294e-01
[NA] iter=00021 eval=01502 misfit=2.076286e-01 best=2.072294e-01
[NA] iter=00021 eval=01503 misfit=2.070924e-01 best=2.070924e-01
[NA] iter=00021 eval=01504 misfit=2.083256e-01 best=2.070924e-01
[NA] iter=00021 eval=01505 misfit=2.067655e-01 best=2.067655e-01
[NA] iter=00021 eval=01506 misfit=2.074274e-01 best=2.067655e-01
[NA] iter=00021 eval=01507 misfit=2.070208e-01 best=2.067655e-01
[NA] iter=00021 eval=01508 misfit=2.071687e-01 best=2.067655e-01
[NA] iter=00021 eval=01509 misfit=2.076008e-01 best=2.067655e-01
[NA] iter=00021 eval=01510 misfit=2.070609e-01 best=2.067655e-01
[NA] iter=00021 eval=01511 misfit=2.089724e-01 best=2.067655e-01
[NA] iter=00021 eval=01512 misfit=2.082508e-01 best=2.067655e-01
[NA] iter=00021 eval=01513 misfit=2.079726e-01 best=2.067655e-01
[NA] iter=00021 eval=01514 misfit=2.077465e-01 best=2.067655e-01
[NA] iter=00021 eval=01515 misfit=2.080225e-01 best=2.067655e-01
[NA] iter=00021 eval=01516 misfit=2.086989e-01 best=2.067655e-01
[NA] iter=00021 eval=01517 misfit=2.073101e-01 best=2.067655e-01
[NA] iter=00021 eval=01518 misfit=2.070381e-01 best=2.067655e-01
[NA] iter=00021 eval=01519 misfit=2.073476e-01 best=2.067655e-01
[NA] iter=00021 eval=01520 misfit=2.087290e-01 best=2.067655e-01
[NA] iter=00021 eval=01521 misfit=2.090831e-01 best=2.067655e-01
[NA] iter=00021 eval=01522 misfit=2.069970e-01 best=2.067655e-01
[NA] iter=00021 eval=01523 misfit=2.069213e-01 best=2.067655e-01
[NA] iter=00021 eval=01524 misfit=2.080659e-01 best=2.067655e-01
[NA] iter=00021 eval=01525 misfit=2.071758e-01 best=2.067655e-01
[NA] iter=00021 eval=01526 misfit=2.077424e-01 best=2.067655e-01
[NA] iter=00021 eval=01527 misfit=2.080001e-01 best=2.067655e-01
[NA] iter=00021 eval=01528 misfit=2.074983e-01 best=2.067655e-01
[NA] iter=00021 eval=01529 misfit=2.080002e-01 best=2.067655e-01
[NA] iter=00021 eval=01530 misfit=2.079482e-01 best=2.067655e-01
[NA] iter=00021 eval=01531 misfit=2.075266e-01 best=2.067655e-01
[NA] iter=00021 eval=01532 misfit=2.082191e-01 best=2.067655e-01
[NA] iter=00021 eval=01533 misfit=2.081694e-01 best=2.067655e-01
[NA] iter=00021 eval=01534 misfit=2.085359e-01 best=2.067655e-01
[NA] iter=00021 eval=01535 misfit=2.070106e-01 best=2.067655e-01
[NA] iter=00021 eval=01536 misfit=2.081877e-01 best=2.067655e-01
[NA] iter=00021 eval=01537 misfit=2.080882e-01 best=2.067655e-01
[NA] iter=00021 eval=01538 misfit=2.085050e-01 best=2.067655e-01
[NA] iter=00021 eval=01539 misfit=2.081513e-01 best=2.067655e-01
[NA] iter=00021 eval=01540 misfit=2.084044e-01 best=2.067655e-01
[NA] iter=00021 eval=01541 misfit=2.090715e-01 best=2.067655e-01
[NA] iter=00021 eval=01542 misfit=2.084690e-01 best=2.067655e-01
[NA] iter=00021 eval=01543 misfit=2.088670e-01 best=2.067655e-01
[NA] iter=00021 eval=01544 misfit=2.083744e-01 best=2.067655e-01
[NA] iter=00021 eval=01545 misfit=2.084279e-01 best=2.067655e-01
[NA] iter=00021 eval=01546 misfit=2.078217e-01 best=2.067655e-01
[NA] iter=00021 eval=01547 misfit=2.079612e-01 best=2.067655e-01
[NA] iter=00021 eval=01548 misfit=2.082826e-01 best=2.067655e-01
[NA] iter=00021 eval=01549 misfit=2.075483e-01 best=2.067655e-01
[NA] iter=00021 eval=01550 misfit=2.079584e-01 best=2.067655e-01
NAI - Optimisation Loop:  42%|████▏     | 21/50 [05:32<07:12, 14.91s/it][NA] iter=00022 eval=01551 misfit=2.072268e-01 best=2.067655e-01
[NA] iter=00022 eval=01552 misfit=2.072897e-01 best=2.067655e-01
[NA] iter=00022 eval=01553 misfit=2.083191e-01 best=2.067655e-01
[NA] iter=00022 eval=01554 misfit=2.067891e-01 best=2.067655e-01
[NA] iter=00022 eval=01555 misfit=2.066801e-01 best=2.066801e-01
[NA] iter=00022 eval=01556 misfit=2.067926e-01 best=2.066801e-01
[NA] iter=00022 eval=01557 misfit=2.069718e-01 best=2.066801e-01
[NA] iter=00022 eval=01558 misfit=2.068686e-01 best=2.066801e-01
[NA] iter=00022 eval=01559 misfit=2.068397e-01 best=2.066801e-01
[NA] iter=00022 eval=01560 misfit=2.071422e-01 best=2.066801e-01
[NA] iter=00022 eval=01561 misfit=2.073308e-01 best=2.066801e-01
[NA] iter=00022 eval=01562 misfit=2.073679e-01 best=2.066801e-01
[NA] iter=00022 eval=01563 misfit=2.073061e-01 best=2.066801e-01
[NA] iter=00022 eval=01564 misfit=2.068720e-01 best=2.066801e-01
[NA] iter=00022 eval=01565 misfit=2.069614e-01 best=2.066801e-01
[NA] iter=00022 eval=01566 misfit=2.075922e-01 best=2.066801e-01
[NA] iter=00022 eval=01567 misfit=2.094139e-01 best=2.066801e-01
[NA] iter=00022 eval=01568 misfit=2.077765e-01 best=2.066801e-01
[NA] iter=00022 eval=01569 misfit=2.072976e-01 best=2.066801e-01
[NA] iter=00022 eval=01570 misfit=2.067782e-01 best=2.066801e-01
[NA] iter=00022 eval=01571 misfit=2.079220e-01 best=2.066801e-01
[NA] iter=00022 eval=01572 misfit=2.076237e-01 best=2.066801e-01
[NA] iter=00022 eval=01573 misfit=2.072878e-01 best=2.066801e-01
[NA] iter=00022 eval=01574 misfit=2.068455e-01 best=2.066801e-01
[NA] iter=00022 eval=01575 misfit=2.074543e-01 best=2.066801e-01
[NA] iter=00022 eval=01576 misfit=2.103678e-01 best=2.066801e-01
[NA] iter=00022 eval=01577 misfit=2.096005e-01 best=2.066801e-01
[NA] iter=00022 eval=01578 misfit=2.090725e-01 best=2.066801e-01
[NA] iter=00022 eval=01579 misfit=2.076051e-01 best=2.066801e-01
[NA] iter=00022 eval=01580 misfit=2.072276e-01 best=2.066801e-01
[NA] iter=00022 eval=01581 misfit=2.081685e-01 best=2.066801e-01
[NA] iter=00022 eval=01582 misfit=2.063388e-01 best=2.063388e-01
[NA] iter=00022 eval=01583 misfit=2.069173e-01 best=2.063388e-01
[NA] iter=00022 eval=01584 misfit=2.074061e-01 best=2.063388e-01
[NA] iter=00022 eval=01585 misfit=2.094718e-01 best=2.063388e-01
[NA] iter=00022 eval=01586 misfit=2.080712e-01 best=2.063388e-01
[NA] iter=00022 eval=01587 misfit=2.076604e-01 best=2.063388e-01
[NA] iter=00022 eval=01588 misfit=2.077796e-01 best=2.063388e-01
[NA] iter=00022 eval=01589 misfit=2.072971e-01 best=2.063388e-01
[NA] iter=00022 eval=01590 misfit=2.073672e-01 best=2.063388e-01
[NA] iter=00022 eval=01591 misfit=2.095887e-01 best=2.063388e-01
[NA] iter=00022 eval=01592 misfit=2.074849e-01 best=2.063388e-01
[NA] iter=00022 eval=01593 misfit=2.083877e-01 best=2.063388e-01
[NA] iter=00022 eval=01594 misfit=2.079833e-01 best=2.063388e-01
[NA] iter=00022 eval=01595 misfit=2.104749e-01 best=2.063388e-01
[NA] iter=00022 eval=01596 misfit=2.072425e-01 best=2.063388e-01
[NA] iter=00022 eval=01597 misfit=2.077428e-01 best=2.063388e-01
[NA] iter=00022 eval=01598 misfit=2.084887e-01 best=2.063388e-01
[NA] iter=00022 eval=01599 misfit=2.078024e-01 best=2.063388e-01
[NA] iter=00022 eval=01600 misfit=2.071167e-01 best=2.063388e-01
NAI - Optimisation Loop:  44%|████▍     | 22/50 [05:47<06:59, 14.98s/it][NA] iter=00023 eval=01601 misfit=2.080304e-01 best=2.063388e-01
[NA] iter=00023 eval=01602 misfit=2.062508e-01 best=2.062508e-01
[NA] iter=00023 eval=01603 misfit=2.082281e-01 best=2.062508e-01
[NA] iter=00023 eval=01604 misfit=2.064329e-01 best=2.062508e-01
[NA] iter=00023 eval=01605 misfit=2.067486e-01 best=2.062508e-01
[NA] iter=00023 eval=01606 misfit=2.064967e-01 best=2.062508e-01
[NA] iter=00023 eval=01607 misfit=2.079601e-01 best=2.062508e-01
[NA] iter=00023 eval=01608 misfit=2.076896e-01 best=2.062508e-01
[NA] iter=00023 eval=01609 misfit=2.066913e-01 best=2.062508e-01
[NA] iter=00023 eval=01610 misfit=2.069924e-01 best=2.062508e-01
[NA] iter=00023 eval=01611 misfit=2.074061e-01 best=2.062508e-01
[NA] iter=00023 eval=01612 misfit=2.072087e-01 best=2.062508e-01
[NA] iter=00023 eval=01613 misfit=2.067179e-01 best=2.062508e-01
[NA] iter=00023 eval=01614 misfit=2.074415e-01 best=2.062508e-01
[NA] iter=00023 eval=01615 misfit=2.066581e-01 best=2.062508e-01
[NA] iter=00023 eval=01616 misfit=2.092727e-01 best=2.062508e-01
[NA] iter=00023 eval=01617 misfit=2.083674e-01 best=2.062508e-01
[NA] iter=00023 eval=01618 misfit=2.092941e-01 best=2.062508e-01
[NA] iter=00023 eval=01619 misfit=2.063382e-01 best=2.062508e-01
[NA] iter=00023 eval=01620 misfit=2.090692e-01 best=2.062508e-01
[NA] iter=00023 eval=01621 misfit=2.068007e-01 best=2.062508e-01
[NA] iter=00023 eval=01622 misfit=2.065682e-01 best=2.062508e-01
[NA] iter=00023 eval=01623 misfit=2.071522e-01 best=2.062508e-01
[NA] iter=00023 eval=01624 misfit=2.073115e-01 best=2.062508e-01
[NA] iter=00023 eval=01625 misfit=2.066427e-01 best=2.062508e-01
[NA] iter=00023 eval=01626 misfit=2.068509e-01 best=2.062508e-01
[NA] iter=00023 eval=01627 misfit=2.067545e-01 best=2.062508e-01
[NA] iter=00023 eval=01628 misfit=2.067252e-01 best=2.062508e-01
[NA] iter=00023 eval=01629 misfit=2.076446e-01 best=2.062508e-01
[NA] iter=00023 eval=01630 misfit=2.070641e-01 best=2.062508e-01
[NA] iter=00023 eval=01631 misfit=2.070655e-01 best=2.062508e-01
[NA] iter=00023 eval=01632 misfit=2.069664e-01 best=2.062508e-01
[NA] iter=00023 eval=01633 misfit=2.070965e-01 best=2.062508e-01
[NA] iter=00023 eval=01634 misfit=2.069292e-01 best=2.062508e-01
[NA] iter=00023 eval=01635 misfit=2.069330e-01 best=2.062508e-01
[NA] iter=00023 eval=01636 misfit=2.070510e-01 best=2.062508e-01
[NA] iter=00023 eval=01637 misfit=2.069439e-01 best=2.062508e-01
[NA] iter=00023 eval=01638 misfit=2.068560e-01 best=2.062508e-01
[NA] iter=00023 eval=01639 misfit=2.071908e-01 best=2.062508e-01
[NA] iter=00023 eval=01640 misfit=2.071261e-01 best=2.062508e-01
[NA] iter=00023 eval=01641 misfit=2.072217e-01 best=2.062508e-01
[NA] iter=00023 eval=01642 misfit=2.072630e-01 best=2.062508e-01
[NA] iter=00023 eval=01643 misfit=2.067232e-01 best=2.062508e-01
[NA] iter=00023 eval=01644 misfit=2.070452e-01 best=2.062508e-01
[NA] iter=00023 eval=01645 misfit=2.066432e-01 best=2.062508e-01
[NA] iter=00023 eval=01646 misfit=2.076485e-01 best=2.062508e-01
[NA] iter=00023 eval=01647 misfit=2.070112e-01 best=2.062508e-01
[NA] iter=00023 eval=01648 misfit=2.070928e-01 best=2.062508e-01
[NA] iter=00023 eval=01649 misfit=2.069751e-01 best=2.062508e-01
[NA] iter=00023 eval=01650 misfit=2.068926e-01 best=2.062508e-01
NAI - Optimisation Loop:  46%|████▌     | 23/50 [06:02<06:45, 15.02s/it][NA] iter=00024 eval=01651 misfit=2.083776e-01 best=2.062508e-01
[NA] iter=00024 eval=01652 misfit=2.068565e-01 best=2.062508e-01
[NA] iter=00024 eval=01653 misfit=2.107924e-01 best=2.062508e-01
[NA] iter=00024 eval=01654 misfit=2.094795e-01 best=2.062508e-01
[NA] iter=00024 eval=01655 misfit=2.064149e-01 best=2.062508e-01
[NA] iter=00024 eval=01656 misfit=2.062774e-01 best=2.062508e-01
[NA] iter=00024 eval=01657 misfit=2.073930e-01 best=2.062508e-01
[NA] iter=00024 eval=01658 misfit=2.066631e-01 best=2.062508e-01
[NA] iter=00024 eval=01659 misfit=2.065697e-01 best=2.062508e-01
[NA] iter=00024 eval=01660 misfit=2.063183e-01 best=2.062508e-01
[NA] iter=00024 eval=01661 misfit=2.064223e-01 best=2.062508e-01
[NA] iter=00024 eval=01662 misfit=2.060848e-01 best=2.060848e-01
[NA] iter=00024 eval=01663 misfit=2.062814e-01 best=2.060848e-01
[NA] iter=00024 eval=01664 misfit=2.076598e-01 best=2.060848e-01
[NA] iter=00024 eval=01665 misfit=2.076046e-01 best=2.060848e-01
[NA] iter=00024 eval=01666 misfit=2.066630e-01 best=2.060848e-01
[NA] iter=00024 eval=01667 misfit=2.067030e-01 best=2.060848e-01
[NA] iter=00024 eval=01668 misfit=2.068386e-01 best=2.060848e-01
[NA] iter=00024 eval=01669 misfit=2.068684e-01 best=2.060848e-01
[NA] iter=00024 eval=01670 misfit=2.068228e-01 best=2.060848e-01
[NA] iter=00024 eval=01671 misfit=2.062905e-01 best=2.060848e-01
[NA] iter=00024 eval=01672 misfit=2.069526e-01 best=2.060848e-01
[NA] iter=00024 eval=01673 misfit=2.065627e-01 best=2.060848e-01
[NA] iter=00024 eval=01674 misfit=2.064882e-01 best=2.060848e-01
[NA] iter=00024 eval=01675 misfit=2.068109e-01 best=2.060848e-01
[NA] iter=00024 eval=01676 misfit=2.080840e-01 best=2.060848e-01
[NA] iter=00024 eval=01677 misfit=2.065148e-01 best=2.060848e-01
[NA] iter=00024 eval=01678 misfit=2.069583e-01 best=2.060848e-01
[NA] iter=00024 eval=01679 misfit=2.066220e-01 best=2.060848e-01
[NA] iter=00024 eval=01680 misfit=2.066286e-01 best=2.060848e-01
[NA] iter=00024 eval=01681 misfit=2.069550e-01 best=2.060848e-01
[NA] iter=00024 eval=01682 misfit=2.067160e-01 best=2.060848e-01
[NA] iter=00024 eval=01683 misfit=2.063750e-01 best=2.060848e-01
[NA] iter=00024 eval=01684 misfit=2.064011e-01 best=2.060848e-01
[NA] iter=00024 eval=01685 misfit=2.074029e-01 best=2.060848e-01
[NA] iter=00024 eval=01686 misfit=2.079959e-01 best=2.060848e-01
[NA] iter=00024 eval=01687 misfit=2.075239e-01 best=2.060848e-01
[NA] iter=00024 eval=01688 misfit=2.076827e-01 best=2.060848e-01
[NA] iter=00024 eval=01689 misfit=2.066352e-01 best=2.060848e-01
[NA] iter=00024 eval=01690 misfit=2.076901e-01 best=2.060848e-01
[NA] iter=00024 eval=01691 misfit=2.071939e-01 best=2.060848e-01
[NA] iter=00024 eval=01692 misfit=2.070477e-01 best=2.060848e-01
[NA] iter=00024 eval=01693 misfit=2.070146e-01 best=2.060848e-01
[NA] iter=00024 eval=01694 misfit=2.066874e-01 best=2.060848e-01
[NA] iter=00024 eval=01695 misfit=2.071376e-01 best=2.060848e-01
[NA] iter=00024 eval=01696 misfit=2.070556e-01 best=2.060848e-01
[NA] iter=00024 eval=01697 misfit=2.067133e-01 best=2.060848e-01
[NA] iter=00024 eval=01698 misfit=2.067093e-01 best=2.060848e-01
[NA] iter=00024 eval=01699 misfit=2.068753e-01 best=2.060848e-01
[NA] iter=00024 eval=01700 misfit=2.065117e-01 best=2.060848e-01
NAI - Optimisation Loop:  48%|████▊     | 24/50 [06:19<06:44, 15.54s/it][NA] iter=00025 eval=01701 misfit=2.085164e-01 best=2.060848e-01
[NA] iter=00025 eval=01702 misfit=2.065241e-01 best=2.060848e-01
[NA] iter=00025 eval=01703 misfit=2.064164e-01 best=2.060848e-01
[NA] iter=00025 eval=01704 misfit=2.064591e-01 best=2.060848e-01
[NA] iter=00025 eval=01705 misfit=2.080646e-01 best=2.060848e-01
[NA] iter=00025 eval=01706 misfit=2.063249e-01 best=2.060848e-01
[NA] iter=00025 eval=01707 misfit=2.075070e-01 best=2.060848e-01
[NA] iter=00025 eval=01708 misfit=2.067802e-01 best=2.060848e-01
[NA] iter=00025 eval=01709 misfit=2.069848e-01 best=2.060848e-01
[NA] iter=00025 eval=01710 misfit=2.066733e-01 best=2.060848e-01
[NA] iter=00025 eval=01711 misfit=2.075681e-01 best=2.060848e-01
[NA] iter=00025 eval=01712 misfit=2.064500e-01 best=2.060848e-01
[NA] iter=00025 eval=01713 misfit=2.068529e-01 best=2.060848e-01
[NA] iter=00025 eval=01714 misfit=2.059147e-01 best=2.059147e-01
[NA] iter=00025 eval=01715 misfit=2.075722e-01 best=2.059147e-01
[NA] iter=00025 eval=01716 misfit=2.062880e-01 best=2.059147e-01
[NA] iter=00025 eval=01717 misfit=2.064927e-01 best=2.059147e-01
[NA] iter=00025 eval=01718 misfit=2.071926e-01 best=2.059147e-01
[NA] iter=00025 eval=01719 misfit=2.065950e-01 best=2.059147e-01
[NA] iter=00025 eval=01720 misfit=2.065206e-01 best=2.059147e-01
[NA] iter=00025 eval=01721 misfit=2.066832e-01 best=2.059147e-01
[NA] iter=00025 eval=01722 misfit=2.072045e-01 best=2.059147e-01
[NA] iter=00025 eval=01723 misfit=2.063153e-01 best=2.059147e-01
[NA] iter=00025 eval=01724 misfit=2.063920e-01 best=2.059147e-01
[NA] iter=00025 eval=01725 misfit=2.057939e-01 best=2.057939e-01
[NA] iter=00025 eval=01726 misfit=2.079300e-01 best=2.057939e-01
[NA] iter=00025 eval=01727 misfit=2.065097e-01 best=2.057939e-01
[NA] iter=00025 eval=01728 misfit=2.075065e-01 best=2.057939e-01
[NA] iter=00025 eval=01729 misfit=2.067488e-01 best=2.057939e-01
[NA] iter=00025 eval=01730 misfit=2.082102e-01 best=2.057939e-01
[NA] iter=00025 eval=01731 misfit=2.064047e-01 best=2.057939e-01
[NA] iter=00025 eval=01732 misfit=2.068157e-01 best=2.057939e-01
[NA] iter=00025 eval=01733 misfit=2.064559e-01 best=2.057939e-01
[NA] iter=00025 eval=01734 misfit=2.068101e-01 best=2.057939e-01
[NA] iter=00025 eval=01735 misfit=2.063265e-01 best=2.057939e-01
[NA] iter=00025 eval=01736 misfit=2.062875e-01 best=2.057939e-01
[NA] iter=00025 eval=01737 misfit=2.075543e-01 best=2.057939e-01
[NA] iter=00025 eval=01738 misfit=2.064177e-01 best=2.057939e-01
[NA] iter=00025 eval=01739 misfit=2.063361e-01 best=2.057939e-01
[NA] iter=00025 eval=01740 misfit=2.073548e-01 best=2.057939e-01
[NA] iter=00025 eval=01741 misfit=2.060216e-01 best=2.057939e-01
[NA] iter=00025 eval=01742 misfit=2.067167e-01 best=2.057939e-01
[NA] iter=00025 eval=01743 misfit=2.073292e-01 best=2.057939e-01
[NA] iter=00025 eval=01744 misfit=2.064015e-01 best=2.057939e-01
[NA] iter=00025 eval=01745 misfit=2.067604e-01 best=2.057939e-01
[NA] iter=00025 eval=01746 misfit=2.070004e-01 best=2.057939e-01
[NA] iter=00025 eval=01747 misfit=2.067180e-01 best=2.057939e-01
[NA] iter=00025 eval=01748 misfit=2.069208e-01 best=2.057939e-01
[NA] iter=00025 eval=01749 misfit=2.068585e-01 best=2.057939e-01
[NA] iter=00025 eval=01750 misfit=2.068906e-01 best=2.057939e-01
NAI - Optimisation Loop:  50%|█████     | 25/50 [06:39<07:01, 16.86s/it][NA] iter=00026 eval=01751 misfit=2.060521e-01 best=2.057939e-01
[NA] iter=00026 eval=01752 misfit=2.058466e-01 best=2.057939e-01
[NA] iter=00026 eval=01753 misfit=2.059313e-01 best=2.057939e-01
[NA] iter=00026 eval=01754 misfit=2.060473e-01 best=2.057939e-01
[NA] iter=00026 eval=01755 misfit=2.057330e-01 best=2.057330e-01
[NA] iter=00026 eval=01756 misfit=2.070910e-01 best=2.057330e-01
[NA] iter=00026 eval=01757 misfit=2.105649e-01 best=2.057330e-01
[NA] iter=00026 eval=01758 misfit=2.078308e-01 best=2.057330e-01
[NA] iter=00026 eval=01759 misfit=2.070937e-01 best=2.057330e-01
[NA] iter=00026 eval=01760 misfit=2.072756e-01 best=2.057330e-01
[NA] iter=00026 eval=01761 misfit=2.064532e-01 best=2.057330e-01
[NA] iter=00026 eval=01762 misfit=2.072225e-01 best=2.057330e-01
[NA] iter=00026 eval=01763 misfit=2.059815e-01 best=2.057330e-01
[NA] iter=00026 eval=01764 misfit=2.066265e-01 best=2.057330e-01
[NA] iter=00026 eval=01765 misfit=2.062853e-01 best=2.057330e-01
[NA] iter=00026 eval=01766 misfit=2.063094e-01 best=2.057330e-01
[NA] iter=00026 eval=01767 misfit=2.064239e-01 best=2.057330e-01
[NA] iter=00026 eval=01768 misfit=2.064822e-01 best=2.057330e-01
[NA] iter=00026 eval=01769 misfit=2.063805e-01 best=2.057330e-01
[NA] iter=00026 eval=01770 misfit=2.065631e-01 best=2.057330e-01
[NA] iter=00026 eval=01771 misfit=2.064226e-01 best=2.057330e-01
[NA] iter=00026 eval=01772 misfit=2.061949e-01 best=2.057330e-01
[NA] iter=00026 eval=01773 misfit=2.065509e-01 best=2.057330e-01
[NA] iter=00026 eval=01774 misfit=2.062676e-01 best=2.057330e-01
[NA] iter=00026 eval=01775 misfit=2.063382e-01 best=2.057330e-01
[NA] iter=00026 eval=01776 misfit=2.064140e-01 best=2.057330e-01
[NA] iter=00026 eval=01777 misfit=2.061352e-01 best=2.057330e-01
[NA] iter=00026 eval=01778 misfit=2.062818e-01 best=2.057330e-01
[NA] iter=00026 eval=01779 misfit=2.068183e-01 best=2.057330e-01
[NA] iter=00026 eval=01780 misfit=2.067899e-01 best=2.057330e-01
[NA] iter=00026 eval=01781 misfit=2.063057e-01 best=2.057330e-01
[NA] iter=00026 eval=01782 misfit=2.062317e-01 best=2.057330e-01
[NA] iter=00026 eval=01783 misfit=2.062187e-01 best=2.057330e-01
[NA] iter=00026 eval=01784 misfit=2.063578e-01 best=2.057330e-01
[NA] iter=00026 eval=01785 misfit=2.064455e-01 best=2.057330e-01
[NA] iter=00026 eval=01786 misfit=2.071118e-01 best=2.057330e-01
[NA] iter=00026 eval=01787 misfit=2.071111e-01 best=2.057330e-01
[NA] iter=00026 eval=01788 misfit=2.070268e-01 best=2.057330e-01
[NA] iter=00026 eval=01789 misfit=2.066700e-01 best=2.057330e-01
[NA] iter=00026 eval=01790 misfit=2.062084e-01 best=2.057330e-01
[NA] iter=00026 eval=01791 misfit=2.076042e-01 best=2.057330e-01
[NA] iter=00026 eval=01792 misfit=2.066391e-01 best=2.057330e-01
[NA] iter=00026 eval=01793 misfit=2.074893e-01 best=2.057330e-01
[NA] iter=00026 eval=01794 misfit=2.070897e-01 best=2.057330e-01
[NA] iter=00026 eval=01795 misfit=2.072364e-01 best=2.057330e-01
[NA] iter=00026 eval=01796 misfit=2.065844e-01 best=2.057330e-01
[NA] iter=00026 eval=01797 misfit=2.067457e-01 best=2.057330e-01
[NA] iter=00026 eval=01798 misfit=2.063773e-01 best=2.057330e-01
[NA] iter=00026 eval=01799 misfit=2.067437e-01 best=2.057330e-01
[NA] iter=00026 eval=01800 misfit=2.060340e-01 best=2.057330e-01
NAI - Optimisation Loop:  52%|█████▏    | 26/50 [06:56<06:48, 17.03s/it][NA] iter=00027 eval=01801 misfit=2.063161e-01 best=2.057330e-01
[NA] iter=00027 eval=01802 misfit=2.062052e-01 best=2.057330e-01
[NA] iter=00027 eval=01803 misfit=2.059761e-01 best=2.057330e-01
[NA] iter=00027 eval=01804 misfit=2.061071e-01 best=2.057330e-01
[NA] iter=00027 eval=01805 misfit=2.057115e-01 best=2.057115e-01
[NA] iter=00027 eval=01806 misfit=2.059068e-01 best=2.057115e-01
[NA] iter=00027 eval=01807 misfit=2.058781e-01 best=2.057115e-01
[NA] iter=00027 eval=01808 misfit=2.057679e-01 best=2.057115e-01
[NA] iter=00027 eval=01809 misfit=2.058721e-01 best=2.057115e-01
[NA] iter=00027 eval=01810 misfit=2.056611e-01 best=2.056611e-01
[NA] iter=00027 eval=01811 misfit=2.058410e-01 best=2.056611e-01
[NA] iter=00027 eval=01812 misfit=2.059204e-01 best=2.056611e-01
[NA] iter=00027 eval=01813 misfit=2.051556e-01 best=2.051556e-01
[NA] iter=00027 eval=01814 misfit=2.059723e-01 best=2.051556e-01
[NA] iter=00027 eval=01815 misfit=2.055287e-01 best=2.051556e-01
[NA] iter=00027 eval=01816 misfit=2.066758e-01 best=2.051556e-01
[NA] iter=00027 eval=01817 misfit=2.059847e-01 best=2.051556e-01
[NA] iter=00027 eval=01818 misfit=2.057616e-01 best=2.051556e-01
[NA] iter=00027 eval=01819 misfit=2.065181e-01 best=2.051556e-01
[NA] iter=00027 eval=01820 misfit=2.060895e-01 best=2.051556e-01
[NA] iter=00027 eval=01821 misfit=2.061246e-01 best=2.051556e-01
[NA] iter=00027 eval=01822 misfit=2.061260e-01 best=2.051556e-01
[NA] iter=00027 eval=01823 misfit=2.061916e-01 best=2.051556e-01
[NA] iter=00027 eval=01824 misfit=2.059046e-01 best=2.051556e-01
[NA] iter=00027 eval=01825 misfit=2.059373e-01 best=2.051556e-01
[NA] iter=00027 eval=01826 misfit=2.062915e-01 best=2.051556e-01
[NA] iter=00027 eval=01827 misfit=2.062386e-01 best=2.051556e-01
[NA] iter=00027 eval=01828 misfit=2.062597e-01 best=2.051556e-01
[NA] iter=00027 eval=01829 misfit=2.061832e-01 best=2.051556e-01
[NA] iter=00027 eval=01830 misfit=2.064912e-01 best=2.051556e-01
[NA] iter=00027 eval=01831 misfit=2.060133e-01 best=2.051556e-01
[NA] iter=00027 eval=01832 misfit=2.060014e-01 best=2.051556e-01
[NA] iter=00027 eval=01833 misfit=2.059712e-01 best=2.051556e-01
[NA] iter=00027 eval=01834 misfit=2.064120e-01 best=2.051556e-01
[NA] iter=00027 eval=01835 misfit=2.063104e-01 best=2.051556e-01
[NA] iter=00027 eval=01836 misfit=2.064536e-01 best=2.051556e-01
[NA] iter=00027 eval=01837 misfit=2.059527e-01 best=2.051556e-01
[NA] iter=00027 eval=01838 misfit=2.063474e-01 best=2.051556e-01
[NA] iter=00027 eval=01839 misfit=2.060753e-01 best=2.051556e-01
[NA] iter=00027 eval=01840 misfit=2.070085e-01 best=2.051556e-01
[NA] iter=00027 eval=01841 misfit=2.066274e-01 best=2.051556e-01
[NA] iter=00027 eval=01842 misfit=2.067244e-01 best=2.051556e-01
[NA] iter=00027 eval=01843 misfit=2.061057e-01 best=2.051556e-01
[NA] iter=00027 eval=01844 misfit=2.061432e-01 best=2.051556e-01
[NA] iter=00027 eval=01845 misfit=2.060024e-01 best=2.051556e-01
[NA] iter=00027 eval=01846 misfit=2.064874e-01 best=2.051556e-01
[NA] iter=00027 eval=01847 misfit=2.063216e-01 best=2.051556e-01
[NA] iter=00027 eval=01848 misfit=2.060156e-01 best=2.051556e-01
[NA] iter=00027 eval=01849 misfit=2.063499e-01 best=2.051556e-01
[NA] iter=00027 eval=01850 misfit=2.059948e-01 best=2.051556e-01
NAI - Optimisation Loop:  54%|█████▍    | 27/50 [07:14<06:34, 17.13s/it][NA] iter=00028 eval=01851 misfit=2.056289e-01 best=2.051556e-01
[NA] iter=00028 eval=01852 misfit=2.055396e-01 best=2.051556e-01
[NA] iter=00028 eval=01853 misfit=2.059186e-01 best=2.051556e-01
[NA] iter=00028 eval=01854 misfit=2.049031e-01 best=2.049031e-01
[NA] iter=00028 eval=01855 misfit=2.058976e-01 best=2.049031e-01
[NA] iter=00028 eval=01856 misfit=2.087886e-01 best=2.049031e-01
[NA] iter=00028 eval=01857 misfit=2.093938e-01 best=2.049031e-01
[NA] iter=00028 eval=01858 misfit=2.083223e-01 best=2.049031e-01
[NA] iter=00028 eval=01859 misfit=2.077092e-01 best=2.049031e-01
[NA] iter=00028 eval=01860 misfit=2.089214e-01 best=2.049031e-01
[NA] iter=00028 eval=01861 misfit=2.058241e-01 best=2.049031e-01
[NA] iter=00028 eval=01862 misfit=2.058460e-01 best=2.049031e-01
[NA] iter=00028 eval=01863 misfit=2.056645e-01 best=2.049031e-01
[NA] iter=00028 eval=01864 misfit=2.058203e-01 best=2.049031e-01
[NA] iter=00028 eval=01865 misfit=2.054854e-01 best=2.049031e-01
[NA] iter=00028 eval=01866 misfit=2.057887e-01 best=2.049031e-01
[NA] iter=00028 eval=01867 misfit=2.061815e-01 best=2.049031e-01
[NA] iter=00028 eval=01868 misfit=2.057015e-01 best=2.049031e-01
[NA] iter=00028 eval=01869 misfit=2.071791e-01 best=2.049031e-01
[NA] iter=00028 eval=01870 misfit=2.066436e-01 best=2.049031e-01
[NA] iter=00028 eval=01871 misfit=2.057800e-01 best=2.049031e-01
[NA] iter=00028 eval=01872 misfit=2.057344e-01 best=2.049031e-01
[NA] iter=00028 eval=01873 misfit=2.054361e-01 best=2.049031e-01
[NA] iter=00028 eval=01874 misfit=2.054297e-01 best=2.049031e-01
[NA] iter=00028 eval=01875 misfit=2.056006e-01 best=2.049031e-01
[NA] iter=00028 eval=01876 misfit=2.057312e-01 best=2.049031e-01
[NA] iter=00028 eval=01877 misfit=2.059092e-01 best=2.049031e-01
[NA] iter=00028 eval=01878 misfit=2.060068e-01 best=2.049031e-01
[NA] iter=00028 eval=01879 misfit=2.058485e-01 best=2.049031e-01
[NA] iter=00028 eval=01880 misfit=2.065904e-01 best=2.049031e-01
[NA] iter=00028 eval=01881 misfit=2.058950e-01 best=2.049031e-01
[NA] iter=00028 eval=01882 misfit=2.060506e-01 best=2.049031e-01
[NA] iter=00028 eval=01883 misfit=2.060097e-01 best=2.049031e-01
[NA] iter=00028 eval=01884 misfit=2.059201e-01 best=2.049031e-01
[NA] iter=00028 eval=01885 misfit=2.060384e-01 best=2.049031e-01
[NA] iter=00028 eval=01886 misfit=2.055802e-01 best=2.049031e-01
[NA] iter=00028 eval=01887 misfit=2.060563e-01 best=2.049031e-01
[NA] iter=00028 eval=01888 misfit=2.057275e-01 best=2.049031e-01
[NA] iter=00028 eval=01889 misfit=2.056691e-01 best=2.049031e-01
[NA] iter=00028 eval=01890 misfit=2.058802e-01 best=2.049031e-01
[NA] iter=00028 eval=01891 misfit=2.056100e-01 best=2.049031e-01
[NA] iter=00028 eval=01892 misfit=2.053590e-01 best=2.049031e-01
[NA] iter=00028 eval=01893 misfit=2.059980e-01 best=2.049031e-01
[NA] iter=00028 eval=01894 misfit=2.056757e-01 best=2.049031e-01
[NA] iter=00028 eval=01895 misfit=2.065350e-01 best=2.049031e-01
[NA] iter=00028 eval=01896 misfit=2.062155e-01 best=2.049031e-01
[NA] iter=00028 eval=01897 misfit=2.058290e-01 best=2.049031e-01
[NA] iter=00028 eval=01898 misfit=2.060377e-01 best=2.049031e-01
[NA] iter=00028 eval=01899 misfit=2.061329e-01 best=2.049031e-01
[NA] iter=00028 eval=01900 misfit=2.061526e-01 best=2.049031e-01
NAI - Optimisation Loop:  56%|█████▌    | 28/50 [07:30<06:14, 17.04s/it][NA] iter=00029 eval=01901 misfit=2.111557e-01 best=2.049031e-01
[NA] iter=00029 eval=01902 misfit=2.188690e-01 best=2.049031e-01
[NA] iter=00029 eval=01903 misfit=2.106906e-01 best=2.049031e-01
[NA] iter=00029 eval=01904 misfit=2.123449e-01 best=2.049031e-01
[NA] iter=00029 eval=01905 misfit=2.142393e-01 best=2.049031e-01
[NA] iter=00029 eval=01906 misfit=2.054411e-01 best=2.049031e-01
[NA] iter=00029 eval=01907 misfit=2.054238e-01 best=2.049031e-01
[NA] iter=00029 eval=01908 misfit=2.054404e-01 best=2.049031e-01
[NA] iter=00029 eval=01909 misfit=2.056729e-01 best=2.049031e-01
[NA] iter=00029 eval=01910 misfit=2.054171e-01 best=2.049031e-01
[NA] iter=00029 eval=01911 misfit=2.049595e-01 best=2.049031e-01
[NA] iter=00029 eval=01912 misfit=2.054492e-01 best=2.049031e-01
[NA] iter=00029 eval=01913 misfit=2.050571e-01 best=2.049031e-01
[NA] iter=00029 eval=01914 misfit=2.057723e-01 best=2.049031e-01
[NA] iter=00029 eval=01915 misfit=2.054744e-01 best=2.049031e-01
[NA] iter=00029 eval=01916 misfit=2.071184e-01 best=2.049031e-01
[NA] iter=00029 eval=01917 misfit=2.058968e-01 best=2.049031e-01
[NA] iter=00029 eval=01918 misfit=2.059121e-01 best=2.049031e-01
[NA] iter=00029 eval=01919 misfit=2.058555e-01 best=2.049031e-01
[NA] iter=00029 eval=01920 misfit=2.062228e-01 best=2.049031e-01
[NA] iter=00029 eval=01921 misfit=2.057194e-01 best=2.049031e-01
[NA] iter=00029 eval=01922 misfit=2.056763e-01 best=2.049031e-01
[NA] iter=00029 eval=01923 misfit=2.057405e-01 best=2.049031e-01
[NA] iter=00029 eval=01924 misfit=2.054367e-01 best=2.049031e-01
[NA] iter=00029 eval=01925 misfit=2.056423e-01 best=2.049031e-01
[NA] iter=00029 eval=01926 misfit=2.056925e-01 best=2.049031e-01
[NA] iter=00029 eval=01927 misfit=2.054438e-01 best=2.049031e-01
[NA] iter=00029 eval=01928 misfit=2.057240e-01 best=2.049031e-01
[NA] iter=00029 eval=01929 misfit=2.059659e-01 best=2.049031e-01
[NA] iter=00029 eval=01930 misfit=2.056797e-01 best=2.049031e-01
[NA] iter=00029 eval=01931 misfit=2.055175e-01 best=2.049031e-01
[NA] iter=00029 eval=01932 misfit=2.056696e-01 best=2.049031e-01
[NA] iter=00029 eval=01933 misfit=2.070507e-01 best=2.049031e-01
[NA] iter=00029 eval=01934 misfit=2.057155e-01 best=2.049031e-01
[NA] iter=00029 eval=01935 misfit=2.059885e-01 best=2.049031e-01
[NA] iter=00029 eval=01936 misfit=2.136603e-01 best=2.049031e-01
[NA] iter=00029 eval=01937 misfit=2.071528e-01 best=2.049031e-01
[NA] iter=00029 eval=01938 misfit=2.216752e-01 best=2.049031e-01
[NA] iter=00029 eval=01939 misfit=2.199542e-01 best=2.049031e-01
[NA] iter=00029 eval=01940 misfit=2.090113e-01 best=2.049031e-01
[NA] iter=00029 eval=01941 misfit=2.060387e-01 best=2.049031e-01
[NA] iter=00029 eval=01942 misfit=2.059634e-01 best=2.049031e-01
[NA] iter=00029 eval=01943 misfit=2.057438e-01 best=2.049031e-01
[NA] iter=00029 eval=01944 misfit=2.057274e-01 best=2.049031e-01
[NA] iter=00029 eval=01945 misfit=2.057087e-01 best=2.049031e-01
[NA] iter=00029 eval=01946 misfit=2.054999e-01 best=2.049031e-01
[NA] iter=00029 eval=01947 misfit=2.056670e-01 best=2.049031e-01
[NA] iter=00029 eval=01948 misfit=2.055491e-01 best=2.049031e-01
[NA] iter=00029 eval=01949 misfit=2.059125e-01 best=2.049031e-01
[NA] iter=00029 eval=01950 misfit=2.055058e-01 best=2.049031e-01
NAI - Optimisation Loop:  58%|█████▊    | 29/50 [07:47<05:57, 17.00s/it][NA] iter=00030 eval=01951 misfit=2.057466e-01 best=2.049031e-01
[NA] iter=00030 eval=01952 misfit=2.051092e-01 best=2.049031e-01
[NA] iter=00030 eval=01953 misfit=2.049747e-01 best=2.049031e-01
[NA] iter=00030 eval=01954 misfit=2.097669e-01 best=2.049031e-01
[NA] iter=00030 eval=01955 misfit=2.092757e-01 best=2.049031e-01
[NA] iter=00030 eval=01956 misfit=2.052888e-01 best=2.049031e-01
[NA] iter=00030 eval=01957 misfit=2.054348e-01 best=2.049031e-01
[NA] iter=00030 eval=01958 misfit=2.051779e-01 best=2.049031e-01
[NA] iter=00030 eval=01959 misfit=2.053039e-01 best=2.049031e-01
[NA] iter=00030 eval=01960 misfit=2.052977e-01 best=2.049031e-01
[NA] iter=00030 eval=01961 misfit=2.049069e-01 best=2.049031e-01
[NA] iter=00030 eval=01962 misfit=2.060903e-01 best=2.049031e-01
[NA] iter=00030 eval=01963 misfit=2.056755e-01 best=2.049031e-01
[NA] iter=00030 eval=01964 misfit=2.056877e-01 best=2.049031e-01
[NA] iter=00030 eval=01965 misfit=2.058738e-01 best=2.049031e-01
[NA] iter=00030 eval=01966 misfit=2.057134e-01 best=2.049031e-01
[NA] iter=00030 eval=01967 misfit=2.050850e-01 best=2.049031e-01
[NA] iter=00030 eval=01968 misfit=2.055023e-01 best=2.049031e-01
[NA] iter=00030 eval=01969 misfit=2.051618e-01 best=2.049031e-01
[NA] iter=00030 eval=01970 misfit=2.054346e-01 best=2.049031e-01
[NA] iter=00030 eval=01971 misfit=2.053004e-01 best=2.049031e-01
[NA] iter=00030 eval=01972 misfit=2.054592e-01 best=2.049031e-01
[NA] iter=00030 eval=01973 misfit=2.051738e-01 best=2.049031e-01
[NA] iter=00030 eval=01974 misfit=2.053082e-01 best=2.049031e-01
[NA] iter=00030 eval=01975 misfit=2.052581e-01 best=2.049031e-01
[NA] iter=00030 eval=01976 misfit=2.051760e-01 best=2.049031e-01
[NA] iter=00030 eval=01977 misfit=2.052074e-01 best=2.049031e-01
[NA] iter=00030 eval=01978 misfit=2.052861e-01 best=2.049031e-01
[NA] iter=00030 eval=01979 misfit=2.056175e-01 best=2.049031e-01
[NA] iter=00030 eval=01980 misfit=2.051645e-01 best=2.049031e-01
[NA] iter=00030 eval=01981 misfit=2.064599e-01 best=2.049031e-01
[NA] iter=00030 eval=01982 misfit=2.058952e-01 best=2.049031e-01
[NA] iter=00030 eval=01983 misfit=2.058420e-01 best=2.049031e-01
[NA] iter=00030 eval=01984 misfit=2.058200e-01 best=2.049031e-01
[NA] iter=00030 eval=01985 misfit=2.073584e-01 best=2.049031e-01
[NA] iter=00030 eval=01986 misfit=2.054580e-01 best=2.049031e-01
[NA] iter=00030 eval=01987 misfit=2.059930e-01 best=2.049031e-01
[NA] iter=00030 eval=01988 misfit=2.058370e-01 best=2.049031e-01
[NA] iter=00030 eval=01989 misfit=2.057415e-01 best=2.049031e-01
[NA] iter=00030 eval=01990 misfit=2.054458e-01 best=2.049031e-01
[NA] iter=00030 eval=01991 misfit=2.054220e-01 best=2.049031e-01
[NA] iter=00030 eval=01992 misfit=2.054299e-01 best=2.049031e-01
[NA] iter=00030 eval=01993 misfit=2.054148e-01 best=2.049031e-01
[NA] iter=00030 eval=01994 misfit=2.054553e-01 best=2.049031e-01
[NA] iter=00030 eval=01995 misfit=2.054554e-01 best=2.049031e-01
[NA] iter=00030 eval=01996 misfit=2.056865e-01 best=2.049031e-01
[NA] iter=00030 eval=01997 misfit=2.057223e-01 best=2.049031e-01
[NA] iter=00030 eval=01998 misfit=2.057079e-01 best=2.049031e-01
[NA] iter=00030 eval=01999 misfit=2.055575e-01 best=2.049031e-01
[NA] iter=00030 eval=02000 misfit=2.056221e-01 best=2.049031e-01
NAI - Optimisation Loop:  60%|██████    | 30/50 [08:04<05:38, 16.92s/it][NA] iter=00031 eval=02001 misfit=2.051794e-01 best=2.049031e-01
[NA] iter=00031 eval=02002 misfit=2.059156e-01 best=2.049031e-01
[NA] iter=00031 eval=02003 misfit=2.050696e-01 best=2.049031e-01
[NA] iter=00031 eval=02004 misfit=2.056825e-01 best=2.049031e-01
[NA] iter=00031 eval=02005 misfit=2.051103e-01 best=2.049031e-01
[NA] iter=00031 eval=02006 misfit=2.048881e-01 best=2.048881e-01
[NA] iter=00031 eval=02007 misfit=2.059962e-01 best=2.048881e-01
[NA] iter=00031 eval=02008 misfit=2.049230e-01 best=2.048881e-01
[NA] iter=00031 eval=02009 misfit=2.056797e-01 best=2.048881e-01
[NA] iter=00031 eval=02010 misfit=2.051325e-01 best=2.048881e-01
[NA] iter=00031 eval=02011 misfit=2.052551e-01 best=2.048881e-01
[NA] iter=00031 eval=02012 misfit=2.052147e-01 best=2.048881e-01
[NA] iter=00031 eval=02013 misfit=2.056607e-01 best=2.048881e-01
[NA] iter=00031 eval=02014 misfit=2.053466e-01 best=2.048881e-01
[NA] iter=00031 eval=02015 misfit=2.054101e-01 best=2.048881e-01
[NA] iter=00031 eval=02016 misfit=2.069555e-01 best=2.048881e-01
[NA] iter=00031 eval=02017 misfit=2.053433e-01 best=2.048881e-01
[NA] iter=00031 eval=02018 misfit=2.053865e-01 best=2.048881e-01
[NA] iter=00031 eval=02019 misfit=2.049412e-01 best=2.048881e-01
[NA] iter=00031 eval=02020 misfit=2.062863e-01 best=2.048881e-01
[NA] iter=00031 eval=02021 misfit=2.059544e-01 best=2.048881e-01
[NA] iter=00031 eval=02022 misfit=2.055217e-01 best=2.048881e-01
[NA] iter=00031 eval=02023 misfit=2.055130e-01 best=2.048881e-01
[NA] iter=00031 eval=02024 misfit=2.050132e-01 best=2.048881e-01
[NA] iter=00031 eval=02025 misfit=2.045695e-01 best=2.045695e-01
[NA] iter=00031 eval=02026 misfit=2.054965e-01 best=2.045695e-01
[NA] iter=00031 eval=02027 misfit=2.058807e-01 best=2.045695e-01
[NA] iter=00031 eval=02028 misfit=2.053068e-01 best=2.045695e-01
[NA] iter=00031 eval=02029 misfit=2.051660e-01 best=2.045695e-01
[NA] iter=00031 eval=02030 misfit=2.057184e-01 best=2.045695e-01
[NA] iter=00031 eval=02031 misfit=2.087052e-01 best=2.045695e-01
[NA] iter=00031 eval=02032 misfit=2.084983e-01 best=2.045695e-01
[NA] iter=00031 eval=02033 misfit=2.094300e-01 best=2.045695e-01
[NA] iter=00031 eval=02034 misfit=2.049618e-01 best=2.045695e-01
[NA] iter=00031 eval=02035 misfit=2.054271e-01 best=2.045695e-01
[NA] iter=00031 eval=02036 misfit=2.050343e-01 best=2.045695e-01
[NA] iter=00031 eval=02037 misfit=2.050041e-01 best=2.045695e-01
[NA] iter=00031 eval=02038 misfit=2.054233e-01 best=2.045695e-01
[NA] iter=00031 eval=02039 misfit=2.050396e-01 best=2.045695e-01
[NA] iter=00031 eval=02040 misfit=2.053648e-01 best=2.045695e-01
[NA] iter=00031 eval=02041 misfit=2.058166e-01 best=2.045695e-01
[NA] iter=00031 eval=02042 misfit=2.054902e-01 best=2.045695e-01
[NA] iter=00031 eval=02043 misfit=2.057797e-01 best=2.045695e-01
[NA] iter=00031 eval=02044 misfit=2.055041e-01 best=2.045695e-01
[NA] iter=00031 eval=02045 misfit=2.058995e-01 best=2.045695e-01
[NA] iter=00031 eval=02046 misfit=2.056785e-01 best=2.045695e-01
[NA] iter=00031 eval=02047 misfit=2.055612e-01 best=2.045695e-01
[NA] iter=00031 eval=02048 misfit=2.057854e-01 best=2.045695e-01
[NA] iter=00031 eval=02049 misfit=2.056643e-01 best=2.045695e-01
[NA] iter=00031 eval=02050 misfit=2.061584e-01 best=2.045695e-01
NAI - Optimisation Loop:  62%|██████▏   | 31/50 [08:26<05:52, 18.54s/it][NA] iter=00032 eval=02051 misfit=2.052554e-01 best=2.045695e-01
[NA] iter=00032 eval=02052 misfit=2.046554e-01 best=2.045695e-01
[NA] iter=00032 eval=02053 misfit=2.047071e-01 best=2.045695e-01
[NA] iter=00032 eval=02054 misfit=2.052271e-01 best=2.045695e-01
[NA] iter=00032 eval=02055 misfit=2.053291e-01 best=2.045695e-01
[NA] iter=00032 eval=02056 misfit=2.057631e-01 best=2.045695e-01
[NA] iter=00032 eval=02057 misfit=2.061083e-01 best=2.045695e-01
[NA] iter=00032 eval=02058 misfit=2.055303e-01 best=2.045695e-01
[NA] iter=00032 eval=02059 misfit=2.057736e-01 best=2.045695e-01
[NA] iter=00032 eval=02060 misfit=2.061404e-01 best=2.045695e-01
[NA] iter=00032 eval=02061 misfit=2.052957e-01 best=2.045695e-01
[NA] iter=00032 eval=02062 misfit=2.049319e-01 best=2.045695e-01
[NA] iter=00032 eval=02063 misfit=2.053789e-01 best=2.045695e-01
[NA] iter=00032 eval=02064 misfit=2.045287e-01 best=2.045287e-01
[NA] iter=00032 eval=02065 misfit=2.047374e-01 best=2.045287e-01
[NA] iter=00032 eval=02066 misfit=2.052664e-01 best=2.045287e-01
[NA] iter=00032 eval=02067 misfit=2.049902e-01 best=2.045287e-01
[NA] iter=00032 eval=02068 misfit=2.052435e-01 best=2.045287e-01
[NA] iter=00032 eval=02069 misfit=2.049693e-01 best=2.045287e-01
[NA] iter=00032 eval=02070 misfit=2.047075e-01 best=2.045287e-01
[NA] iter=00032 eval=02071 misfit=2.056055e-01 best=2.045287e-01
[NA] iter=00032 eval=02072 misfit=2.071975e-01 best=2.045287e-01
[NA] iter=00032 eval=02073 misfit=2.053812e-01 best=2.045287e-01
[NA] iter=00032 eval=02074 misfit=2.062474e-01 best=2.045287e-01
[NA] iter=00032 eval=02075 misfit=2.052399e-01 best=2.045287e-01
[NA] iter=00032 eval=02076 misfit=2.046193e-01 best=2.045287e-01
[NA] iter=00032 eval=02077 misfit=2.069402e-01 best=2.045287e-01
[NA] iter=00032 eval=02078 misfit=2.055110e-01 best=2.045287e-01
[NA] iter=00032 eval=02079 misfit=2.053263e-01 best=2.045287e-01
[NA] iter=00032 eval=02080 misfit=2.053098e-01 best=2.045287e-01
[NA] iter=00032 eval=02081 misfit=2.049268e-01 best=2.045287e-01
[NA] iter=00032 eval=02082 misfit=2.052493e-01 best=2.045287e-01
[NA] iter=00032 eval=02083 misfit=2.050027e-01 best=2.045287e-01
[NA] iter=00032 eval=02084 misfit=2.052934e-01 best=2.045287e-01
[NA] iter=00032 eval=02085 misfit=2.052356e-01 best=2.045287e-01
[NA] iter=00032 eval=02086 misfit=2.053917e-01 best=2.045287e-01
[NA] iter=00032 eval=02087 misfit=2.045929e-01 best=2.045287e-01
[NA] iter=00032 eval=02088 misfit=2.049614e-01 best=2.045287e-01
[NA] iter=00032 eval=02089 misfit=2.055202e-01 best=2.045287e-01
[NA] iter=00032 eval=02090 misfit=2.054261e-01 best=2.045287e-01
[NA] iter=00032 eval=02091 misfit=2.043548e-01 best=2.043548e-01
[NA] iter=00032 eval=02092 misfit=2.050636e-01 best=2.043548e-01
[NA] iter=00032 eval=02093 misfit=2.042623e-01 best=2.042623e-01
[NA] iter=00032 eval=02094 misfit=2.046563e-01 best=2.042623e-01
[NA] iter=00032 eval=02095 misfit=2.050366e-01 best=2.042623e-01
[NA] iter=00032 eval=02096 misfit=2.049197e-01 best=2.042623e-01
[NA] iter=00032 eval=02097 misfit=2.052536e-01 best=2.042623e-01
[NA] iter=00032 eval=02098 misfit=2.050144e-01 best=2.042623e-01
[NA] iter=00032 eval=02099 misfit=2.049957e-01 best=2.042623e-01
[NA] iter=00032 eval=02100 misfit=2.049244e-01 best=2.042623e-01
NAI - Optimisation Loop:  64%|██████▍   | 32/50 [08:48<05:50, 19.48s/it][NA] iter=00033 eval=02101 misfit=2.049481e-01 best=2.042623e-01
[NA] iter=00033 eval=02102 misfit=2.048213e-01 best=2.042623e-01
[NA] iter=00033 eval=02103 misfit=2.051543e-01 best=2.042623e-01
[NA] iter=00033 eval=02104 misfit=2.076792e-01 best=2.042623e-01
[NA] iter=00033 eval=02105 misfit=2.049890e-01 best=2.042623e-01
[NA] iter=00033 eval=02106 misfit=2.048165e-01 best=2.042623e-01
[NA] iter=00033 eval=02107 misfit=2.047893e-01 best=2.042623e-01
[NA] iter=00033 eval=02108 misfit=2.060298e-01 best=2.042623e-01
[NA] iter=00033 eval=02109 misfit=2.046948e-01 best=2.042623e-01
[NA] iter=00033 eval=02110 misfit=2.046904e-01 best=2.042623e-01
[NA] iter=00033 eval=02111 misfit=2.048057e-01 best=2.042623e-01
[NA] iter=00033 eval=02112 misfit=2.053007e-01 best=2.042623e-01
[NA] iter=00033 eval=02113 misfit=2.053101e-01 best=2.042623e-01
[NA] iter=00033 eval=02114 misfit=2.053391e-01 best=2.042623e-01
[NA] iter=00033 eval=02115 misfit=2.051894e-01 best=2.042623e-01
[NA] iter=00033 eval=02116 misfit=2.047659e-01 best=2.042623e-01
[NA] iter=00033 eval=02117 misfit=2.048351e-01 best=2.042623e-01
[NA] iter=00033 eval=02118 misfit=2.048589e-01 best=2.042623e-01
[NA] iter=00033 eval=02119 misfit=2.047777e-01 best=2.042623e-01
[NA] iter=00033 eval=02120 misfit=2.045415e-01 best=2.042623e-01
[NA] iter=00033 eval=02121 misfit=2.259764e-01 best=2.042623e-01
[NA] iter=00033 eval=02122 misfit=2.161819e-01 best=2.042623e-01
[NA] iter=00033 eval=02123 misfit=2.042732e-01 best=2.042623e-01
[NA] iter=00033 eval=02124 misfit=2.060512e-01 best=2.042623e-01
[NA] iter=00033 eval=02125 misfit=2.049262e-01 best=2.042623e-01
[NA] iter=00033 eval=02126 misfit=2.098726e-01 best=2.042623e-01
[NA] iter=00033 eval=02127 misfit=2.056923e-01 best=2.042623e-01
[NA] iter=00033 eval=02128 misfit=2.051411e-01 best=2.042623e-01
[NA] iter=00033 eval=02129 misfit=2.090394e-01 best=2.042623e-01
[NA] iter=00033 eval=02130 misfit=2.050017e-01 best=2.042623e-01
[NA] iter=00033 eval=02131 misfit=2.052257e-01 best=2.042623e-01
[NA] iter=00033 eval=02132 misfit=2.052131e-01 best=2.042623e-01
[NA] iter=00033 eval=02133 misfit=2.050824e-01 best=2.042623e-01
[NA] iter=00033 eval=02134 misfit=2.050780e-01 best=2.042623e-01
[NA] iter=00033 eval=02135 misfit=2.051904e-01 best=2.042623e-01
[NA] iter=00033 eval=02136 misfit=2.043846e-01 best=2.042623e-01
[NA] iter=00033 eval=02137 misfit=2.046710e-01 best=2.042623e-01
[NA] iter=00033 eval=02138 misfit=2.048176e-01 best=2.042623e-01
[NA] iter=00033 eval=02139 misfit=2.050977e-01 best=2.042623e-01
[NA] iter=00033 eval=02140 misfit=2.046972e-01 best=2.042623e-01
[NA] iter=00033 eval=02141 misfit=2.055058e-01 best=2.042623e-01
[NA] iter=00033 eval=02142 misfit=2.052726e-01 best=2.042623e-01
[NA] iter=00033 eval=02143 misfit=2.055446e-01 best=2.042623e-01
[NA] iter=00033 eval=02144 misfit=2.051597e-01 best=2.042623e-01
[NA] iter=00033 eval=02145 misfit=2.055265e-01 best=2.042623e-01
[NA] iter=00033 eval=02146 misfit=2.050945e-01 best=2.042623e-01
[NA] iter=00033 eval=02147 misfit=2.052218e-01 best=2.042623e-01
[NA] iter=00033 eval=02148 misfit=2.049675e-01 best=2.042623e-01
[NA] iter=00033 eval=02149 misfit=2.052763e-01 best=2.042623e-01
[NA] iter=00033 eval=02150 misfit=2.051062e-01 best=2.042623e-01
NAI - Optimisation Loop:  66%|██████▌   | 33/50 [09:10<05:43, 20.22s/it][NA] iter=00034 eval=02151 misfit=2.043031e-01 best=2.042623e-01
[NA] iter=00034 eval=02152 misfit=2.043163e-01 best=2.042623e-01
[NA] iter=00034 eval=02153 misfit=2.042747e-01 best=2.042623e-01
[NA] iter=00034 eval=02154 misfit=2.047346e-01 best=2.042623e-01
[NA] iter=00034 eval=02155 misfit=2.043098e-01 best=2.042623e-01
[NA] iter=00034 eval=02156 misfit=2.051722e-01 best=2.042623e-01
[NA] iter=00034 eval=02157 misfit=2.052108e-01 best=2.042623e-01
[NA] iter=00034 eval=02158 misfit=2.052680e-01 best=2.042623e-01
[NA] iter=00034 eval=02159 misfit=2.050159e-01 best=2.042623e-01
[NA] iter=00034 eval=02160 misfit=2.048869e-01 best=2.042623e-01
[NA] iter=00034 eval=02161 misfit=2.044365e-01 best=2.042623e-01
[NA] iter=00034 eval=02162 misfit=2.044545e-01 best=2.042623e-01
[NA] iter=00034 eval=02163 misfit=2.046513e-01 best=2.042623e-01
[NA] iter=00034 eval=02164 misfit=2.045227e-01 best=2.042623e-01
[NA] iter=00034 eval=02165 misfit=2.046845e-01 best=2.042623e-01
[NA] iter=00034 eval=02166 misfit=2.048926e-01 best=2.042623e-01
[NA] iter=00034 eval=02167 misfit=2.041017e-01 best=2.041017e-01
[NA] iter=00034 eval=02168 misfit=2.044974e-01 best=2.041017e-01
[NA] iter=00034 eval=02169 misfit=2.046333e-01 best=2.041017e-01
[NA] iter=00034 eval=02170 misfit=2.043678e-01 best=2.041017e-01
[NA] iter=00034 eval=02171 misfit=2.052051e-01 best=2.041017e-01
[NA] iter=00034 eval=02172 misfit=2.047517e-01 best=2.041017e-01
[NA] iter=00034 eval=02173 misfit=2.050758e-01 best=2.041017e-01
[NA] iter=00034 eval=02174 misfit=2.050168e-01 best=2.041017e-01
[NA] iter=00034 eval=02175 misfit=2.051664e-01 best=2.041017e-01
[NA] iter=00034 eval=02176 misfit=2.045357e-01 best=2.041017e-01
[NA] iter=00034 eval=02177 misfit=2.047451e-01 best=2.041017e-01
[NA] iter=00034 eval=02178 misfit=2.047293e-01 best=2.041017e-01
[NA] iter=00034 eval=02179 misfit=2.048634e-01 best=2.041017e-01
[NA] iter=00034 eval=02180 misfit=2.045345e-01 best=2.041017e-01
[NA] iter=00034 eval=02181 misfit=2.045480e-01 best=2.041017e-01
[NA] iter=00034 eval=02182 misfit=2.048710e-01 best=2.041017e-01
[NA] iter=00034 eval=02183 misfit=2.045525e-01 best=2.041017e-01
[NA] iter=00034 eval=02184 misfit=2.048824e-01 best=2.041017e-01
[NA] iter=00034 eval=02185 misfit=2.046891e-01 best=2.041017e-01
[NA] iter=00034 eval=02186 misfit=2.047567e-01 best=2.041017e-01
[NA] iter=00034 eval=02187 misfit=2.057687e-01 best=2.041017e-01
[NA] iter=00034 eval=02188 misfit=2.052794e-01 best=2.041017e-01
[NA] iter=00034 eval=02189 misfit=2.057248e-01 best=2.041017e-01
[NA] iter=00034 eval=02190 misfit=2.068365e-01 best=2.041017e-01
[NA] iter=00034 eval=02191 misfit=2.045842e-01 best=2.041017e-01
[NA] iter=00034 eval=02192 misfit=2.051361e-01 best=2.041017e-01
[NA] iter=00034 eval=02193 misfit=2.057910e-01 best=2.041017e-01
[NA] iter=00034 eval=02194 misfit=2.045124e-01 best=2.041017e-01
[NA] iter=00034 eval=02195 misfit=2.053562e-01 best=2.041017e-01
[NA] iter=00034 eval=02196 misfit=2.049470e-01 best=2.041017e-01
[NA] iter=00034 eval=02197 misfit=2.052165e-01 best=2.041017e-01
[NA] iter=00034 eval=02198 misfit=2.051374e-01 best=2.041017e-01
[NA] iter=00034 eval=02199 misfit=2.055789e-01 best=2.041017e-01
[NA] iter=00034 eval=02200 misfit=2.047549e-01 best=2.041017e-01
NAI - Optimisation Loop:  68%|██████▊   | 34/50 [09:33<05:34, 20.92s/it][NA] iter=00035 eval=02201 misfit=2.041496e-01 best=2.041017e-01
[NA] iter=00035 eval=02202 misfit=2.048295e-01 best=2.041017e-01
[NA] iter=00035 eval=02203 misfit=2.047240e-01 best=2.041017e-01
[NA] iter=00035 eval=02204 misfit=2.048848e-01 best=2.041017e-01
[NA] iter=00035 eval=02205 misfit=2.045102e-01 best=2.041017e-01
[NA] iter=00035 eval=02206 misfit=2.048672e-01 best=2.041017e-01
[NA] iter=00035 eval=02207 misfit=2.047237e-01 best=2.041017e-01
[NA] iter=00035 eval=02208 misfit=2.046136e-01 best=2.041017e-01
[NA] iter=00035 eval=02209 misfit=2.042316e-01 best=2.041017e-01
[NA] iter=00035 eval=02210 misfit=2.046754e-01 best=2.041017e-01
[NA] iter=00035 eval=02211 misfit=2.051659e-01 best=2.041017e-01
[NA] iter=00035 eval=02212 misfit=2.050971e-01 best=2.041017e-01
[NA] iter=00035 eval=02213 misfit=2.047926e-01 best=2.041017e-01
[NA] iter=00035 eval=02214 misfit=2.048898e-01 best=2.041017e-01
[NA] iter=00035 eval=02215 misfit=2.047854e-01 best=2.041017e-01
[NA] iter=00035 eval=02216 misfit=2.045730e-01 best=2.041017e-01
[NA] iter=00035 eval=02217 misfit=2.041940e-01 best=2.041017e-01
[NA] iter=00035 eval=02218 misfit=2.049639e-01 best=2.041017e-01
[NA] iter=00035 eval=02219 misfit=2.042407e-01 best=2.041017e-01
[NA] iter=00035 eval=02220 misfit=2.044085e-01 best=2.041017e-01
[NA] iter=00035 eval=02221 misfit=2.050776e-01 best=2.041017e-01
[NA] iter=00035 eval=02222 misfit=2.050377e-01 best=2.041017e-01
[NA] iter=00035 eval=02223 misfit=2.045640e-01 best=2.041017e-01
[NA] iter=00035 eval=02224 misfit=2.040417e-01 best=2.040417e-01
[NA] iter=00035 eval=02225 misfit=2.051521e-01 best=2.040417e-01
[NA] iter=00035 eval=02226 misfit=2.050370e-01 best=2.040417e-01
[NA] iter=00035 eval=02227 misfit=2.049747e-01 best=2.040417e-01
[NA] iter=00035 eval=02228 misfit=2.045515e-01 best=2.040417e-01
[NA] iter=00035 eval=02229 misfit=2.048265e-01 best=2.040417e-01
[NA] iter=00035 eval=02230 misfit=2.051347e-01 best=2.040417e-01
[NA] iter=00035 eval=02231 misfit=2.043861e-01 best=2.040417e-01
[NA] iter=00035 eval=02232 misfit=2.043684e-01 best=2.040417e-01
[NA] iter=00035 eval=02233 misfit=2.047369e-01 best=2.040417e-01
[NA] iter=00035 eval=02234 misfit=2.043398e-01 best=2.040417e-01
[NA] iter=00035 eval=02235 misfit=2.043844e-01 best=2.040417e-01
[NA] iter=00035 eval=02236 misfit=2.040323e-01 best=2.040323e-01
[NA] iter=00035 eval=02237 misfit=2.043939e-01 best=2.040323e-01
[NA] iter=00035 eval=02238 misfit=2.048629e-01 best=2.040323e-01
[NA] iter=00035 eval=02239 misfit=2.041109e-01 best=2.040323e-01
[NA] iter=00035 eval=02240 misfit=2.044252e-01 best=2.040323e-01
[NA] iter=00035 eval=02241 misfit=2.042980e-01 best=2.040323e-01
[NA] iter=00035 eval=02242 misfit=2.048174e-01 best=2.040323e-01
[NA] iter=00035 eval=02243 misfit=2.058836e-01 best=2.040323e-01
[NA] iter=00035 eval=02244 misfit=2.045663e-01 best=2.040323e-01
[NA] iter=00035 eval=02245 misfit=2.052334e-01 best=2.040323e-01
[NA] iter=00035 eval=02246 misfit=2.048720e-01 best=2.040323e-01
[NA] iter=00035 eval=02247 misfit=2.045016e-01 best=2.040323e-01
[NA] iter=00035 eval=02248 misfit=2.043826e-01 best=2.040323e-01
[NA] iter=00035 eval=02249 misfit=2.048868e-01 best=2.040323e-01
[NA] iter=00035 eval=02250 misfit=2.043593e-01 best=2.040323e-01
NAI - Optimisation Loop:  70%|███████   | 35/50 [09:54<05:18, 21.22s/it][NA] iter=00036 eval=02251 misfit=2.046112e-01 best=2.040323e-01
[NA] iter=00036 eval=02252 misfit=2.042740e-01 best=2.040323e-01
[NA] iter=00036 eval=02253 misfit=2.043991e-01 best=2.040323e-01
[NA] iter=00036 eval=02254 misfit=2.040946e-01 best=2.040323e-01
[NA] iter=00036 eval=02255 misfit=2.043839e-01 best=2.040323e-01
[NA] iter=00036 eval=02256 misfit=2.040175e-01 best=2.040175e-01
[NA] iter=00036 eval=02257 misfit=2.043294e-01 best=2.040175e-01
[NA] iter=00036 eval=02258 misfit=2.042595e-01 best=2.040175e-01
[NA] iter=00036 eval=02259 misfit=2.043398e-01 best=2.040175e-01
[NA] iter=00036 eval=02260 misfit=2.047096e-01 best=2.040175e-01
[NA] iter=00036 eval=02261 misfit=2.044042e-01 best=2.040175e-01
[NA] iter=00036 eval=02262 misfit=2.043786e-01 best=2.040175e-01
[NA] iter=00036 eval=02263 misfit=2.041495e-01 best=2.040175e-01
[NA] iter=00036 eval=02264 misfit=2.043710e-01 best=2.040175e-01
[NA] iter=00036 eval=02265 misfit=2.043533e-01 best=2.040175e-01
[NA] iter=00036 eval=02266 misfit=2.041957e-01 best=2.040175e-01
[NA] iter=00036 eval=02267 misfit=2.043295e-01 best=2.040175e-01
[NA] iter=00036 eval=02268 misfit=2.043465e-01 best=2.040175e-01
[NA] iter=00036 eval=02269 misfit=2.043401e-01 best=2.040175e-01
[NA] iter=00036 eval=02270 misfit=2.041739e-01 best=2.040175e-01
[NA] iter=00036 eval=02271 misfit=2.049302e-01 best=2.040175e-01
[NA] iter=00036 eval=02272 misfit=2.048471e-01 best=2.040175e-01
[NA] iter=00036 eval=02273 misfit=2.044600e-01 best=2.040175e-01
[NA] iter=00036 eval=02274 misfit=2.044337e-01 best=2.040175e-01
[NA] iter=00036 eval=02275 misfit=2.043729e-01 best=2.040175e-01
[NA] iter=00036 eval=02276 misfit=2.045371e-01 best=2.040175e-01
[NA] iter=00036 eval=02277 misfit=2.041944e-01 best=2.040175e-01
[NA] iter=00036 eval=02278 misfit=2.042087e-01 best=2.040175e-01
[NA] iter=00036 eval=02279 misfit=2.041917e-01 best=2.040175e-01
[NA] iter=00036 eval=02280 misfit=2.042275e-01 best=2.040175e-01
[NA] iter=00036 eval=02281 misfit=2.049629e-01 best=2.040175e-01
[NA] iter=00036 eval=02282 misfit=2.042415e-01 best=2.040175e-01
[NA] iter=00036 eval=02283 misfit=2.049993e-01 best=2.040175e-01
[NA] iter=00036 eval=02284 misfit=2.050026e-01 best=2.040175e-01
[NA] iter=00036 eval=02285 misfit=2.048009e-01 best=2.040175e-01
[NA] iter=00036 eval=02286 misfit=2.042313e-01 best=2.040175e-01
[NA] iter=00036 eval=02287 misfit=2.042331e-01 best=2.040175e-01
[NA] iter=00036 eval=02288 misfit=2.042398e-01 best=2.040175e-01
[NA] iter=00036 eval=02289 misfit=2.042658e-01 best=2.040175e-01
[NA] iter=00036 eval=02290 misfit=2.042876e-01 best=2.040175e-01
[NA] iter=00036 eval=02291 misfit=2.046236e-01 best=2.040175e-01
[NA] iter=00036 eval=02292 misfit=2.043084e-01 best=2.040175e-01
[NA] iter=00036 eval=02293 misfit=2.042855e-01 best=2.040175e-01
[NA] iter=00036 eval=02294 misfit=2.042994e-01 best=2.040175e-01
[NA] iter=00036 eval=02295 misfit=2.047671e-01 best=2.040175e-01
[NA] iter=00036 eval=02296 misfit=2.043424e-01 best=2.040175e-01
[NA] iter=00036 eval=02297 misfit=2.041616e-01 best=2.040175e-01
[NA] iter=00036 eval=02298 misfit=2.048805e-01 best=2.040175e-01
[NA] iter=00036 eval=02299 misfit=2.047795e-01 best=2.040175e-01
[NA] iter=00036 eval=02300 misfit=2.048398e-01 best=2.040175e-01
NAI - Optimisation Loop:  72%|███████▏  | 36/50 [10:16<04:57, 21.25s/it][NA] iter=00037 eval=02301 misfit=2.043981e-01 best=2.040175e-01
[NA] iter=00037 eval=02302 misfit=2.044043e-01 best=2.040175e-01
[NA] iter=00037 eval=02303 misfit=2.044088e-01 best=2.040175e-01
[NA] iter=00037 eval=02304 misfit=2.044587e-01 best=2.040175e-01
[NA] iter=00037 eval=02305 misfit=2.044169e-01 best=2.040175e-01
[NA] iter=00037 eval=02306 misfit=2.045973e-01 best=2.040175e-01
[NA] iter=00037 eval=02307 misfit=2.039664e-01 best=2.039664e-01
[NA] iter=00037 eval=02308 misfit=2.046457e-01 best=2.039664e-01
[NA] iter=00037 eval=02309 misfit=2.043661e-01 best=2.039664e-01
[NA] iter=00037 eval=02310 misfit=2.040330e-01 best=2.039664e-01
[NA] iter=00037 eval=02311 misfit=2.040441e-01 best=2.039664e-01
[NA] iter=00037 eval=02312 misfit=2.043998e-01 best=2.039664e-01
[NA] iter=00037 eval=02313 misfit=2.044337e-01 best=2.039664e-01
[NA] iter=00037 eval=02314 misfit=2.043181e-01 best=2.039664e-01
[NA] iter=00037 eval=02315 misfit=2.044468e-01 best=2.039664e-01
[NA] iter=00037 eval=02316 misfit=2.046148e-01 best=2.039664e-01
[NA] iter=00037 eval=02317 misfit=2.041521e-01 best=2.039664e-01
[NA] iter=00037 eval=02318 misfit=2.042571e-01 best=2.039664e-01
[NA] iter=00037 eval=02319 misfit=2.040657e-01 best=2.039664e-01
[NA] iter=00037 eval=02320 misfit=2.046595e-01 best=2.039664e-01
[NA] iter=00037 eval=02321 misfit=2.041284e-01 best=2.039664e-01
[NA] iter=00037 eval=02322 misfit=2.040901e-01 best=2.039664e-01
[NA] iter=00037 eval=02323 misfit=2.044016e-01 best=2.039664e-01
[NA] iter=00037 eval=02324 misfit=2.041167e-01 best=2.039664e-01
[NA] iter=00037 eval=02325 misfit=2.043813e-01 best=2.039664e-01
[NA] iter=00037 eval=02326 misfit=2.043784e-01 best=2.039664e-01
[NA] iter=00037 eval=02327 misfit=2.041097e-01 best=2.039664e-01
[NA] iter=00037 eval=02328 misfit=2.043532e-01 best=2.039664e-01
[NA] iter=00037 eval=02329 misfit=2.041095e-01 best=2.039664e-01
[NA] iter=00037 eval=02330 misfit=2.043289e-01 best=2.039664e-01
[NA] iter=00037 eval=02331 misfit=2.043853e-01 best=2.039664e-01
[NA] iter=00037 eval=02332 misfit=2.041781e-01 best=2.039664e-01
[NA] iter=00037 eval=02333 misfit=2.041396e-01 best=2.039664e-01
[NA] iter=00037 eval=02334 misfit=2.041086e-01 best=2.039664e-01
[NA] iter=00037 eval=02335 misfit=2.041813e-01 best=2.039664e-01
[NA] iter=00037 eval=02336 misfit=2.044175e-01 best=2.039664e-01
[NA] iter=00037 eval=02337 misfit=2.047893e-01 best=2.039664e-01
[NA] iter=00037 eval=02338 misfit=2.044681e-01 best=2.039664e-01
[NA] iter=00037 eval=02339 misfit=2.041848e-01 best=2.039664e-01
[NA] iter=00037 eval=02340 misfit=2.041839e-01 best=2.039664e-01
[NA] iter=00037 eval=02341 misfit=2.049159e-01 best=2.039664e-01
[NA] iter=00037 eval=02342 misfit=2.047258e-01 best=2.039664e-01
[NA] iter=00037 eval=02343 misfit=2.047344e-01 best=2.039664e-01
[NA] iter=00037 eval=02344 misfit=2.044004e-01 best=2.039664e-01
[NA] iter=00037 eval=02345 misfit=2.044163e-01 best=2.039664e-01
[NA] iter=00037 eval=02346 misfit=2.048528e-01 best=2.039664e-01
[NA] iter=00037 eval=02347 misfit=2.049160e-01 best=2.039664e-01
[NA] iter=00037 eval=02348 misfit=2.048526e-01 best=2.039664e-01
[NA] iter=00037 eval=02349 misfit=2.043613e-01 best=2.039664e-01
[NA] iter=00037 eval=02350 misfit=2.042226e-01 best=2.039664e-01
NAI - Optimisation Loop:  74%|███████▍  | 37/50 [10:37<04:36, 21.25s/it][NA] iter=00038 eval=02351 misfit=2.043193e-01 best=2.039664e-01
[NA] iter=00038 eval=02352 misfit=2.042727e-01 best=2.039664e-01
[NA] iter=00038 eval=02353 misfit=2.042790e-01 best=2.039664e-01
[NA] iter=00038 eval=02354 misfit=2.042922e-01 best=2.039664e-01
[NA] iter=00038 eval=02355 misfit=2.039438e-01 best=2.039438e-01
[NA] iter=00038 eval=02356 misfit=2.040355e-01 best=2.039438e-01
[NA] iter=00038 eval=02357 misfit=2.040354e-01 best=2.039438e-01
[NA] iter=00038 eval=02358 misfit=2.040523e-01 best=2.039438e-01
[NA] iter=00038 eval=02359 misfit=2.044131e-01 best=2.039438e-01
[NA] iter=00038 eval=02360 misfit=2.040415e-01 best=2.039438e-01
[NA] iter=00038 eval=02361 misfit=2.040243e-01 best=2.039438e-01
[NA] iter=00038 eval=02362 misfit=2.040057e-01 best=2.039438e-01
[NA] iter=00038 eval=02363 misfit=2.040041e-01 best=2.039438e-01
[NA] iter=00038 eval=02364 misfit=2.040185e-01 best=2.039438e-01
[NA] iter=00038 eval=02365 misfit=2.040162e-01 best=2.039438e-01
[NA] iter=00038 eval=02366 misfit=2.042844e-01 best=2.039438e-01
[NA] iter=00038 eval=02367 misfit=2.043132e-01 best=2.039438e-01
[NA] iter=00038 eval=02368 misfit=2.044541e-01 best=2.039438e-01
[NA] iter=00038 eval=02369 misfit=2.046544e-01 best=2.039438e-01
[NA] iter=00038 eval=02370 misfit=2.040188e-01 best=2.039438e-01
[NA] iter=00038 eval=02371 misfit=2.040455e-01 best=2.039438e-01
[NA] iter=00038 eval=02372 misfit=2.044365e-01 best=2.039438e-01
[NA] iter=00038 eval=02373 misfit=2.040503e-01 best=2.039438e-01
[NA] iter=00038 eval=02374 misfit=2.044777e-01 best=2.039438e-01
[NA] iter=00038 eval=02375 misfit=2.040826e-01 best=2.039438e-01
[NA] iter=00038 eval=02376 misfit=2.040509e-01 best=2.039438e-01
[NA] iter=00038 eval=02377 misfit=2.046549e-01 best=2.039438e-01
[NA] iter=00038 eval=02378 misfit=2.040887e-01 best=2.039438e-01
[NA] iter=00038 eval=02379 misfit=2.046297e-01 best=2.039438e-01
[NA] iter=00038 eval=02380 misfit=2.044583e-01 best=2.039438e-01
[NA] iter=00038 eval=02381 misfit=2.044313e-01 best=2.039438e-01
[NA] iter=00038 eval=02382 misfit=2.040485e-01 best=2.039438e-01
[NA] iter=00038 eval=02383 misfit=2.041018e-01 best=2.039438e-01
[NA] iter=00038 eval=02384 misfit=2.044971e-01 best=2.039438e-01
[NA] iter=00038 eval=02385 misfit=2.040773e-01 best=2.039438e-01
[NA] iter=00038 eval=02386 misfit=2.043789e-01 best=2.039438e-01
[NA] iter=00038 eval=02387 misfit=2.041141e-01 best=2.039438e-01
[NA] iter=00038 eval=02388 misfit=2.040868e-01 best=2.039438e-01
[NA] iter=00038 eval=02389 misfit=2.044048e-01 best=2.039438e-01
[NA] iter=00038 eval=02390 misfit=2.040571e-01 best=2.039438e-01
[NA] iter=00038 eval=02391 misfit=2.041569e-01 best=2.039438e-01
[NA] iter=00038 eval=02392 misfit=2.041010e-01 best=2.039438e-01
[NA] iter=00038 eval=02393 misfit=2.041520e-01 best=2.039438e-01
[NA] iter=00038 eval=02394 misfit=2.045638e-01 best=2.039438e-01
[NA] iter=00038 eval=02395 misfit=2.044889e-01 best=2.039438e-01
[NA] iter=00038 eval=02396 misfit=2.043790e-01 best=2.039438e-01
[NA] iter=00038 eval=02397 misfit=2.043964e-01 best=2.039438e-01
[NA] iter=00038 eval=02398 misfit=2.043762e-01 best=2.039438e-01
[NA] iter=00038 eval=02399 misfit=2.043862e-01 best=2.039438e-01
[NA] iter=00038 eval=02400 misfit=2.044053e-01 best=2.039438e-01
NAI - Optimisation Loop:  76%|███████▌  | 38/50 [10:58<04:13, 21.10s/it][NA] iter=00039 eval=02401 misfit=2.045483e-01 best=2.039438e-01
[NA] iter=00039 eval=02402 misfit=2.043579e-01 best=2.039438e-01
[NA] iter=00039 eval=02403 misfit=2.043440e-01 best=2.039438e-01
[NA] iter=00039 eval=02404 misfit=2.042317e-01 best=2.039438e-01
[NA] iter=00039 eval=02405 misfit=2.042021e-01 best=2.039438e-01
[NA] iter=00039 eval=02406 misfit=2.039706e-01 best=2.039438e-01
[NA] iter=00039 eval=02407 misfit=2.043103e-01 best=2.039438e-01
[NA] iter=00039 eval=02408 misfit=2.039621e-01 best=2.039438e-01
[NA] iter=00039 eval=02409 misfit=2.040053e-01 best=2.039438e-01
[NA] iter=00039 eval=02410 misfit=2.039618e-01 best=2.039438e-01
[NA] iter=00039 eval=02411 misfit=2.040015e-01 best=2.039438e-01
[NA] iter=00039 eval=02412 misfit=2.043511e-01 best=2.039438e-01
[NA] iter=00039 eval=02413 misfit=2.043029e-01 best=2.039438e-01
[NA] iter=00039 eval=02414 misfit=2.043048e-01 best=2.039438e-01
[NA] iter=00039 eval=02415 misfit=2.043546e-01 best=2.039438e-01
[NA] iter=00039 eval=02416 misfit=2.046170e-01 best=2.039438e-01
[NA] iter=00039 eval=02417 misfit=2.043974e-01 best=2.039438e-01
[NA] iter=00039 eval=02418 misfit=2.043897e-01 best=2.039438e-01
[NA] iter=00039 eval=02419 misfit=2.046185e-01 best=2.039438e-01
[NA] iter=00039 eval=02420 misfit=2.040070e-01 best=2.039438e-01
[NA] iter=00039 eval=02421 misfit=2.043935e-01 best=2.039438e-01
[NA] iter=00039 eval=02422 misfit=2.040310e-01 best=2.039438e-01
[NA] iter=00039 eval=02423 misfit=2.040288e-01 best=2.039438e-01
[NA] iter=00039 eval=02424 misfit=2.039979e-01 best=2.039438e-01
[NA] iter=00039 eval=02425 misfit=2.040197e-01 best=2.039438e-01
[NA] iter=00039 eval=02426 misfit=2.040622e-01 best=2.039438e-01
[NA] iter=00039 eval=02427 misfit=2.040165e-01 best=2.039438e-01
[NA] iter=00039 eval=02428 misfit=2.040394e-01 best=2.039438e-01
[NA] iter=00039 eval=02429 misfit=2.043819e-01 best=2.039438e-01
[NA] iter=00039 eval=02430 misfit=2.040181e-01 best=2.039438e-01
[NA] iter=00039 eval=02431 misfit=2.040128e-01 best=2.039438e-01
[NA] iter=00039 eval=02432 misfit=2.040130e-01 best=2.039438e-01
[NA] iter=00039 eval=02433 misfit=2.040075e-01 best=2.039438e-01
[NA] iter=00039 eval=02434 misfit=2.040157e-01 best=2.039438e-01
[NA] iter=00039 eval=02435 misfit=2.040146e-01 best=2.039438e-01
[NA] iter=00039 eval=02436 misfit=2.042979e-01 best=2.039438e-01
[NA] iter=00039 eval=02437 misfit=2.043129e-01 best=2.039438e-01
[NA] iter=00039 eval=02438 misfit=2.043292e-01 best=2.039438e-01
[NA] iter=00039 eval=02439 misfit=2.043011e-01 best=2.039438e-01
[NA] iter=00039 eval=02440 misfit=2.043048e-01 best=2.039438e-01
[NA] iter=00039 eval=02441 misfit=2.040278e-01 best=2.039438e-01
[NA] iter=00039 eval=02442 misfit=2.044214e-01 best=2.039438e-01
[NA] iter=00039 eval=02443 misfit=2.040298e-01 best=2.039438e-01
[NA] iter=00039 eval=02444 misfit=2.040117e-01 best=2.039438e-01
[NA] iter=00039 eval=02445 misfit=2.040195e-01 best=2.039438e-01
[NA] iter=00039 eval=02446 misfit=2.044137e-01 best=2.039438e-01
[NA] iter=00039 eval=02447 misfit=2.040089e-01 best=2.039438e-01
[NA] iter=00039 eval=02448 misfit=2.040196e-01 best=2.039438e-01
[NA] iter=00039 eval=02449 misfit=2.040314e-01 best=2.039438e-01
[NA] iter=00039 eval=02450 misfit=2.040049e-01 best=2.039438e-01
NAI - Optimisation Loop:  78%|███████▊  | 39/50 [11:19<03:51, 21.09s/it][NA] iter=00040 eval=02451 misfit=2.042663e-01 best=2.039438e-01
[NA] iter=00040 eval=02452 misfit=2.039463e-01 best=2.039438e-01
[NA] iter=00040 eval=02453 misfit=2.042809e-01 best=2.039438e-01
[NA] iter=00040 eval=02454 misfit=2.043491e-01 best=2.039438e-01
[NA] iter=00040 eval=02455 misfit=2.043572e-01 best=2.039438e-01
[NA] iter=00040 eval=02456 misfit=2.043032e-01 best=2.039438e-01
[NA] iter=00040 eval=02457 misfit=2.043164e-01 best=2.039438e-01
[NA] iter=00040 eval=02458 misfit=2.043096e-01 best=2.039438e-01
[NA] iter=00040 eval=02459 misfit=2.039670e-01 best=2.039438e-01
[NA] iter=00040 eval=02460 misfit=2.043066e-01 best=2.039438e-01
[NA] iter=00040 eval=02461 misfit=2.039776e-01 best=2.039438e-01
[NA] iter=00040 eval=02462 misfit=2.043400e-01 best=2.039438e-01
[NA] iter=00040 eval=02463 misfit=2.043220e-01 best=2.039438e-01
[NA] iter=00040 eval=02464 misfit=2.043378e-01 best=2.039438e-01
[NA] iter=00040 eval=02465 misfit=2.039597e-01 best=2.039438e-01
[NA] iter=00040 eval=02466 misfit=2.039623e-01 best=2.039438e-01
[NA] iter=00040 eval=02467 misfit=2.039707e-01 best=2.039438e-01
[NA] iter=00040 eval=02468 misfit=2.039600e-01 best=2.039438e-01
[NA] iter=00040 eval=02469 misfit=2.039695e-01 best=2.039438e-01
[NA] iter=00040 eval=02470 misfit=2.043199e-01 best=2.039438e-01
[NA] iter=00040 eval=02471 misfit=2.043224e-01 best=2.039438e-01
[NA] iter=00040 eval=02472 misfit=2.039845e-01 best=2.039438e-01
[NA] iter=00040 eval=02473 misfit=2.040233e-01 best=2.039438e-01
[NA] iter=00040 eval=02474 misfit=2.039710e-01 best=2.039438e-01
[NA] iter=00040 eval=02475 misfit=2.040213e-01 best=2.039438e-01
[NA] iter=00040 eval=02476 misfit=2.044286e-01 best=2.039438e-01
[NA] iter=00040 eval=02477 misfit=2.044456e-01 best=2.039438e-01
[NA] iter=00040 eval=02478 misfit=2.039765e-01 best=2.039438e-01
[NA] iter=00040 eval=02479 misfit=2.039916e-01 best=2.039438e-01
[NA] iter=00040 eval=02480 misfit=2.042575e-01 best=2.039438e-01
[NA] iter=00040 eval=02481 misfit=2.043006e-01 best=2.039438e-01
[NA] iter=00040 eval=02482 misfit=2.042818e-01 best=2.039438e-01
[NA] iter=00040 eval=02483 misfit=2.046524e-01 best=2.039438e-01
[NA] iter=00040 eval=02484 misfit=2.040025e-01 best=2.039438e-01
[NA] iter=00040 eval=02485 misfit=2.039856e-01 best=2.039438e-01
[NA] iter=00040 eval=02486 misfit=2.039991e-01 best=2.039438e-01
[NA] iter=00040 eval=02487 misfit=2.040048e-01 best=2.039438e-01
[NA] iter=00040 eval=02488 misfit=2.040179e-01 best=2.039438e-01
[NA] iter=00040 eval=02489 misfit=2.039971e-01 best=2.039438e-01
[NA] iter=00040 eval=02490 misfit=2.043574e-01 best=2.039438e-01
[NA] iter=00040 eval=02491 misfit=2.040056e-01 best=2.039438e-01
[NA] iter=00040 eval=02492 misfit=2.040010e-01 best=2.039438e-01
[NA] iter=00040 eval=02493 misfit=2.043801e-01 best=2.039438e-01
[NA] iter=00040 eval=02494 misfit=2.039977e-01 best=2.039438e-01
[NA] iter=00040 eval=02495 misfit=2.043824e-01 best=2.039438e-01
[NA] iter=00040 eval=02496 misfit=2.040234e-01 best=2.039438e-01
[NA] iter=00040 eval=02497 misfit=2.040378e-01 best=2.039438e-01
[NA] iter=00040 eval=02498 misfit=2.040125e-01 best=2.039438e-01
[NA] iter=00040 eval=02499 misfit=2.040212e-01 best=2.039438e-01
[NA] iter=00040 eval=02500 misfit=2.040025e-01 best=2.039438e-01
NAI - Optimisation Loop:  80%|████████  | 40/50 [11:40<03:31, 21.15s/it][NA] iter=00041 eval=02501 misfit=2.042533e-01 best=2.039438e-01
[NA] iter=00041 eval=02502 misfit=2.039488e-01 best=2.039438e-01
[NA] iter=00041 eval=02503 misfit=2.042465e-01 best=2.039438e-01
[NA] iter=00041 eval=02504 misfit=2.042629e-01 best=2.039438e-01
[NA] iter=00041 eval=02505 misfit=2.039488e-01 best=2.039438e-01
[NA] iter=00041 eval=02506 misfit=2.039553e-01 best=2.039438e-01
[NA] iter=00041 eval=02507 misfit=2.042978e-01 best=2.039438e-01
[NA] iter=00041 eval=02508 misfit=2.042803e-01 best=2.039438e-01
[NA] iter=00041 eval=02509 misfit=2.039339e-01 best=2.039339e-01
[NA] iter=00041 eval=02510 misfit=2.039519e-01 best=2.039339e-01
[NA] iter=00041 eval=02511 misfit=2.039761e-01 best=2.039339e-01
[NA] iter=00041 eval=02512 misfit=2.043458e-01 best=2.039339e-01
[NA] iter=00041 eval=02513 misfit=2.043322e-01 best=2.039339e-01
[NA] iter=00041 eval=02514 misfit=2.039757e-01 best=2.039339e-01
[NA] iter=00041 eval=02515 misfit=2.043315e-01 best=2.039339e-01
[NA] iter=00041 eval=02516 misfit=2.039695e-01 best=2.039339e-01
[NA] iter=00041 eval=02517 misfit=2.039757e-01 best=2.039339e-01
[NA] iter=00041 eval=02518 misfit=2.043301e-01 best=2.039339e-01
[NA] iter=00041 eval=02519 misfit=2.039711e-01 best=2.039339e-01
[NA] iter=00041 eval=02520 misfit=2.039649e-01 best=2.039339e-01
[NA] iter=00041 eval=02521 misfit=2.039689e-01 best=2.039339e-01
[NA] iter=00041 eval=02522 misfit=2.043408e-01 best=2.039339e-01
[NA] iter=00041 eval=02523 misfit=2.039707e-01 best=2.039339e-01
[NA] iter=00041 eval=02524 misfit=2.039754e-01 best=2.039339e-01
[NA] iter=00041 eval=02525 misfit=2.039659e-01 best=2.039339e-01
[NA] iter=00041 eval=02526 misfit=2.039453e-01 best=2.039339e-01
[NA] iter=00041 eval=02527 misfit=2.039498e-01 best=2.039339e-01
[NA] iter=00041 eval=02528 misfit=2.039386e-01 best=2.039339e-01
[NA] iter=00041 eval=02529 misfit=2.043204e-01 best=2.039339e-01
[NA] iter=00041 eval=02530 misfit=2.039478e-01 best=2.039339e-01
[NA] iter=00041 eval=02531 misfit=2.039609e-01 best=2.039339e-01
[NA] iter=00041 eval=02532 misfit=2.043133e-01 best=2.039339e-01
[NA] iter=00041 eval=02533 misfit=2.039519e-01 best=2.039339e-01
[NA] iter=00041 eval=02534 misfit=2.039759e-01 best=2.039339e-01
[NA] iter=00041 eval=02535 misfit=2.039659e-01 best=2.039339e-01
[NA] iter=00041 eval=02536 misfit=2.039620e-01 best=2.039339e-01
[NA] iter=00041 eval=02537 misfit=2.039890e-01 best=2.039339e-01
[NA] iter=00041 eval=02538 misfit=2.039736e-01 best=2.039339e-01
[NA] iter=00041 eval=02539 misfit=2.039855e-01 best=2.039339e-01
[NA] iter=00041 eval=02540 misfit=2.043388e-01 best=2.039339e-01
[NA] iter=00041 eval=02541 misfit=2.043128e-01 best=2.039339e-01
[NA] iter=00041 eval=02542 misfit=2.043164e-01 best=2.039339e-01
[NA] iter=00041 eval=02543 misfit=2.039830e-01 best=2.039339e-01
[NA] iter=00041 eval=02544 misfit=2.043194e-01 best=2.039339e-01
[NA] iter=00041 eval=02545 misfit=2.043375e-01 best=2.039339e-01
[NA] iter=00041 eval=02546 misfit=2.039774e-01 best=2.039339e-01
[NA] iter=00041 eval=02547 misfit=2.039675e-01 best=2.039339e-01
[NA] iter=00041 eval=02548 misfit=2.039679e-01 best=2.039339e-01
[NA] iter=00041 eval=02549 misfit=2.043208e-01 best=2.039339e-01
[NA] iter=00041 eval=02550 misfit=2.039687e-01 best=2.039339e-01
NAI - Optimisation Loop:  82%|████████▏ | 41/50 [12:02<03:11, 21.25s/it][NA] iter=00042 eval=02551 misfit=2.039226e-01 best=2.039226e-01
[NA] iter=00042 eval=02552 misfit=2.042731e-01 best=2.039226e-01
[NA] iter=00042 eval=02553 misfit=2.042792e-01 best=2.039226e-01
[NA] iter=00042 eval=02554 misfit=2.043137e-01 best=2.039226e-01
[NA] iter=00042 eval=02555 misfit=2.039433e-01 best=2.039226e-01
[NA] iter=00042 eval=02556 misfit=2.042637e-01 best=2.039226e-01
[NA] iter=00042 eval=02557 misfit=2.042784e-01 best=2.039226e-01
[NA] iter=00042 eval=02558 misfit=2.039249e-01 best=2.039226e-01
[NA] iter=00042 eval=02559 misfit=2.042895e-01 best=2.039226e-01
[NA] iter=00042 eval=02560 misfit=2.043122e-01 best=2.039226e-01
[NA] iter=00042 eval=02561 misfit=2.043602e-01 best=2.039226e-01
[NA] iter=00042 eval=02562 misfit=2.039320e-01 best=2.039226e-01
[NA] iter=00042 eval=02563 misfit=2.039421e-01 best=2.039226e-01
[NA] iter=00042 eval=02564 misfit=2.039350e-01 best=2.039226e-01
[NA] iter=00042 eval=02565 misfit=2.043609e-01 best=2.039226e-01
[NA] iter=00042 eval=02566 misfit=2.039525e-01 best=2.039226e-01
[NA] iter=00042 eval=02567 misfit=2.039431e-01 best=2.039226e-01
[NA] iter=00042 eval=02568 misfit=2.039463e-01 best=2.039226e-01
[NA] iter=00042 eval=02569 misfit=2.039556e-01 best=2.039226e-01
[NA] iter=00042 eval=02570 misfit=2.039561e-01 best=2.039226e-01
[NA] iter=00042 eval=02571 misfit=2.039412e-01 best=2.039226e-01
[NA] iter=00042 eval=02572 misfit=2.043309e-01 best=2.039226e-01
[NA] iter=00042 eval=02573 misfit=2.043286e-01 best=2.039226e-01
[NA] iter=00042 eval=02574 misfit=2.039567e-01 best=2.039226e-01
[NA] iter=00042 eval=02575 misfit=2.039593e-01 best=2.039226e-01
[NA] iter=00042 eval=02576 misfit=2.039405e-01 best=2.039226e-01
[NA] iter=00042 eval=02577 misfit=2.039561e-01 best=2.039226e-01
[NA] iter=00042 eval=02578 misfit=2.039388e-01 best=2.039226e-01
[NA] iter=00042 eval=02579 misfit=2.042996e-01 best=2.039226e-01
[NA] iter=00042 eval=02580 misfit=2.042935e-01 best=2.039226e-01
[NA] iter=00042 eval=02581 misfit=2.039624e-01 best=2.039226e-01
[NA] iter=00042 eval=02582 misfit=2.039428e-01 best=2.039226e-01
[NA] iter=00042 eval=02583 misfit=2.039490e-01 best=2.039226e-01
[NA] iter=00042 eval=02584 misfit=2.039508e-01 best=2.039226e-01
[NA] iter=00042 eval=02585 misfit=2.042593e-01 best=2.039226e-01
[NA] iter=00042 eval=02586 misfit=2.043420e-01 best=2.039226e-01
[NA] iter=00042 eval=02587 misfit=2.039496e-01 best=2.039226e-01
[NA] iter=00042 eval=02588 misfit=2.039385e-01 best=2.039226e-01
[NA] iter=00042 eval=02589 misfit=2.039532e-01 best=2.039226e-01
[NA] iter=00042 eval=02590 misfit=2.039309e-01 best=2.039226e-01
[NA] iter=00042 eval=02591 misfit=2.039480e-01 best=2.039226e-01
[NA] iter=00042 eval=02592 misfit=2.039500e-01 best=2.039226e-01
[NA] iter=00042 eval=02593 misfit=2.039572e-01 best=2.039226e-01
[NA] iter=00042 eval=02594 misfit=2.043427e-01 best=2.039226e-01
[NA] iter=00042 eval=02595 misfit=2.039671e-01 best=2.039226e-01
[NA] iter=00042 eval=02596 misfit=2.039510e-01 best=2.039226e-01
[NA] iter=00042 eval=02597 misfit=2.039483e-01 best=2.039226e-01
[NA] iter=00042 eval=02598 misfit=2.039539e-01 best=2.039226e-01
[NA] iter=00042 eval=02599 misfit=2.043395e-01 best=2.039226e-01
[NA] iter=00042 eval=02600 misfit=2.039570e-01 best=2.039226e-01
NAI - Optimisation Loop:  84%|████████▍ | 42/50 [12:23<02:50, 21.26s/it][NA] iter=00043 eval=02601 misfit=2.042852e-01 best=2.039226e-01
[NA] iter=00043 eval=02602 misfit=2.042834e-01 best=2.039226e-01
[NA] iter=00043 eval=02603 misfit=2.046145e-01 best=2.039226e-01
[NA] iter=00043 eval=02604 misfit=2.042698e-01 best=2.039226e-01
[NA] iter=00043 eval=02605 misfit=2.042879e-01 best=2.039226e-01
[NA] iter=00043 eval=02606 misfit=2.042892e-01 best=2.039226e-01
[NA] iter=00043 eval=02607 misfit=2.042989e-01 best=2.039226e-01
[NA] iter=00043 eval=02608 misfit=2.043090e-01 best=2.039226e-01
[NA] iter=00043 eval=02609 misfit=2.043120e-01 best=2.039226e-01
[NA] iter=00043 eval=02610 misfit=2.042829e-01 best=2.039226e-01
[NA] iter=00043 eval=02611 misfit=2.039333e-01 best=2.039226e-01
[NA] iter=00043 eval=02612 misfit=2.039246e-01 best=2.039226e-01
[NA] iter=00043 eval=02613 misfit=2.039137e-01 best=2.039137e-01
[NA] iter=00043 eval=02614 misfit=2.042471e-01 best=2.039137e-01
[NA] iter=00043 eval=02615 misfit=2.039412e-01 best=2.039137e-01
[NA] iter=00043 eval=02616 misfit=2.039440e-01 best=2.039137e-01
[NA] iter=00043 eval=02617 misfit=2.039342e-01 best=2.039137e-01
[NA] iter=00043 eval=02618 misfit=2.042681e-01 best=2.039137e-01
[NA] iter=00043 eval=02619 misfit=2.039457e-01 best=2.039137e-01
[NA] iter=00043 eval=02620 misfit=2.042542e-01 best=2.039137e-01
[NA] iter=00043 eval=02621 misfit=2.039444e-01 best=2.039137e-01
[NA] iter=00043 eval=02622 misfit=2.042964e-01 best=2.039137e-01
[NA] iter=00043 eval=02623 misfit=2.039394e-01 best=2.039137e-01
[NA] iter=00043 eval=02624 misfit=2.042884e-01 best=2.039137e-01
[NA] iter=00043 eval=02625 misfit=2.042925e-01 best=2.039137e-01
[NA] iter=00043 eval=02626 misfit=2.042414e-01 best=2.039137e-01
[NA] iter=00043 eval=02627 misfit=2.042492e-01 best=2.039137e-01
[NA] iter=00043 eval=02628 misfit=2.042405e-01 best=2.039137e-01
[NA] iter=00043 eval=02629 misfit=2.039343e-01 best=2.039137e-01
[NA] iter=00043 eval=02630 misfit=2.039411e-01 best=2.039137e-01
[NA] iter=00043 eval=02631 misfit=2.043333e-01 best=2.039137e-01
[NA] iter=00043 eval=02632 misfit=2.039245e-01 best=2.039137e-01
[NA] iter=00043 eval=02633 misfit=2.039415e-01 best=2.039137e-01
[NA] iter=00043 eval=02634 misfit=2.039343e-01 best=2.039137e-01
[NA] iter=00043 eval=02635 misfit=2.043257e-01 best=2.039137e-01
[NA] iter=00043 eval=02636 misfit=2.043051e-01 best=2.039137e-01
[NA] iter=00043 eval=02637 misfit=2.039439e-01 best=2.039137e-01
[NA] iter=00043 eval=02638 misfit=2.039348e-01 best=2.039137e-01
[NA] iter=00043 eval=02639 misfit=2.039422e-01 best=2.039137e-01
[NA] iter=00043 eval=02640 misfit=2.039402e-01 best=2.039137e-01
[NA] iter=00043 eval=02641 misfit=2.042966e-01 best=2.039137e-01
[NA] iter=00043 eval=02642 misfit=2.039534e-01 best=2.039137e-01
[NA] iter=00043 eval=02643 misfit=2.039528e-01 best=2.039137e-01
[NA] iter=00043 eval=02644 misfit=2.042870e-01 best=2.039137e-01
[NA] iter=00043 eval=02645 misfit=2.039393e-01 best=2.039137e-01
[NA] iter=00043 eval=02646 misfit=2.043130e-01 best=2.039137e-01
[NA] iter=00043 eval=02647 misfit=2.039367e-01 best=2.039137e-01
[NA] iter=00043 eval=02648 misfit=2.042958e-01 best=2.039137e-01
[NA] iter=00043 eval=02649 misfit=2.043006e-01 best=2.039137e-01
[NA] iter=00043 eval=02650 misfit=2.043119e-01 best=2.039137e-01
NAI - Optimisation Loop:  86%|████████▌ | 43/50 [12:46<02:33, 21.93s/it][NA] iter=00044 eval=02651 misfit=2.039084e-01 best=2.039084e-01
[NA] iter=00044 eval=02652 misfit=2.042785e-01 best=2.039084e-01
[NA] iter=00044 eval=02653 misfit=2.039102e-01 best=2.039084e-01
[NA] iter=00044 eval=02654 misfit=2.042828e-01 best=2.039084e-01
[NA] iter=00044 eval=02655 misfit=2.042475e-01 best=2.039084e-01
[NA] iter=00044 eval=02656 misfit=2.042912e-01 best=2.039084e-01
[NA] iter=00044 eval=02657 misfit=2.042834e-01 best=2.039084e-01
[NA] iter=00044 eval=02658 misfit=2.042862e-01 best=2.039084e-01
[NA] iter=00044 eval=02659 misfit=2.039238e-01 best=2.039084e-01
[NA] iter=00044 eval=02660 misfit=2.039181e-01 best=2.039084e-01
[NA] iter=00044 eval=02661 misfit=2.039221e-01 best=2.039084e-01
[NA] iter=00044 eval=02662 misfit=2.039222e-01 best=2.039084e-01
[NA] iter=00044 eval=02663 misfit=2.042682e-01 best=2.039084e-01
[NA] iter=00044 eval=02664 misfit=2.039239e-01 best=2.039084e-01
[NA] iter=00044 eval=02665 misfit=2.042602e-01 best=2.039084e-01
[NA] iter=00044 eval=02666 misfit=2.043111e-01 best=2.039084e-01
[NA] iter=00044 eval=02667 misfit=2.042375e-01 best=2.039084e-01
[NA] iter=00044 eval=02668 misfit=2.042330e-01 best=2.039084e-01
[NA] iter=00044 eval=02669 misfit=2.043211e-01 best=2.039084e-01
[NA] iter=00044 eval=02670 misfit=2.043079e-01 best=2.039084e-01
[NA] iter=00044 eval=02671 misfit=2.043061e-01 best=2.039084e-01
[NA] iter=00044 eval=02672 misfit=2.042739e-01 best=2.039084e-01
[NA] iter=00044 eval=02673 misfit=2.042896e-01 best=2.039084e-01
[NA] iter=00044 eval=02674 misfit=2.042956e-01 best=2.039084e-01
[NA] iter=00044 eval=02675 misfit=2.042901e-01 best=2.039084e-01
[NA] iter=00044 eval=02676 misfit=2.042709e-01 best=2.039084e-01
[NA] iter=00044 eval=02677 misfit=2.039326e-01 best=2.039084e-01
[NA] iter=00044 eval=02678 misfit=2.039282e-01 best=2.039084e-01
[NA] iter=00044 eval=02679 misfit=2.039300e-01 best=2.039084e-01
[NA] iter=00044 eval=02680 misfit=2.042508e-01 best=2.039084e-01
[NA] iter=00044 eval=02681 misfit=2.042552e-01 best=2.039084e-01
[NA] iter=00044 eval=02682 misfit=2.039390e-01 best=2.039084e-01
[NA] iter=00044 eval=02683 misfit=2.042536e-01 best=2.039084e-01
[NA] iter=00044 eval=02684 misfit=2.042626e-01 best=2.039084e-01
[NA] iter=00044 eval=02685 misfit=2.042526e-01 best=2.039084e-01
[NA] iter=00044 eval=02686 misfit=2.039237e-01 best=2.039084e-01
[NA] iter=00044 eval=02687 misfit=2.043135e-01 best=2.039084e-01
[NA] iter=00044 eval=02688 misfit=2.039339e-01 best=2.039084e-01
[NA] iter=00044 eval=02689 misfit=2.043096e-01 best=2.039084e-01
[NA] iter=00044 eval=02690 misfit=2.039388e-01 best=2.039084e-01
[NA] iter=00044 eval=02691 misfit=2.042973e-01 best=2.039084e-01
[NA] iter=00044 eval=02692 misfit=2.039383e-01 best=2.039084e-01
[NA] iter=00044 eval=02693 misfit=2.042925e-01 best=2.039084e-01
[NA] iter=00044 eval=02694 misfit=2.042938e-01 best=2.039084e-01
[NA] iter=00044 eval=02695 misfit=2.039282e-01 best=2.039084e-01
[NA] iter=00044 eval=02696 misfit=2.039359e-01 best=2.039084e-01
[NA] iter=00044 eval=02697 misfit=2.039455e-01 best=2.039084e-01
[NA] iter=00044 eval=02698 misfit=2.039515e-01 best=2.039084e-01
[NA] iter=00044 eval=02699 misfit=2.039275e-01 best=2.039084e-01
[NA] iter=00044 eval=02700 misfit=2.039335e-01 best=2.039084e-01
NAI - Optimisation Loop:  88%|████████▊ | 44/50 [13:11<02:15, 22.63s/it][NA] iter=00045 eval=02701 misfit=2.041984e-01 best=2.039084e-01
[NA] iter=00045 eval=02702 misfit=2.045626e-01 best=2.039084e-01
[NA] iter=00045 eval=02703 misfit=2.042440e-01 best=2.039084e-01
[NA] iter=00045 eval=02704 misfit=2.042304e-01 best=2.039084e-01
[NA] iter=00045 eval=02705 misfit=2.042017e-01 best=2.039084e-01
[NA] iter=00045 eval=02706 misfit=2.042758e-01 best=2.039084e-01
[NA] iter=00045 eval=02707 misfit=2.042519e-01 best=2.039084e-01
[NA] iter=00045 eval=02708 misfit=2.039227e-01 best=2.039084e-01
[NA] iter=00045 eval=02709 misfit=2.042769e-01 best=2.039084e-01
[NA] iter=00045 eval=02710 misfit=2.042408e-01 best=2.039084e-01
[NA] iter=00045 eval=02711 misfit=2.039185e-01 best=2.039084e-01
[NA] iter=00045 eval=02712 misfit=2.039283e-01 best=2.039084e-01
[NA] iter=00045 eval=02713 misfit=2.039201e-01 best=2.039084e-01
[NA] iter=00045 eval=02714 misfit=2.042563e-01 best=2.039084e-01
[NA] iter=00045 eval=02715 misfit=2.039259e-01 best=2.039084e-01
[NA] iter=00045 eval=02716 misfit=2.039202e-01 best=2.039084e-01
[NA] iter=00045 eval=02717 misfit=2.039145e-01 best=2.039084e-01
[NA] iter=00045 eval=02718 misfit=2.042898e-01 best=2.039084e-01
[NA] iter=00045 eval=02719 misfit=2.042867e-01 best=2.039084e-01
[NA] iter=00045 eval=02720 misfit=2.042826e-01 best=2.039084e-01
[NA] iter=00045 eval=02721 misfit=2.039203e-01 best=2.039084e-01
[NA] iter=00045 eval=02722 misfit=2.042607e-01 best=2.039084e-01
[NA] iter=00045 eval=02723 misfit=2.042642e-01 best=2.039084e-01
[NA] iter=00045 eval=02724 misfit=2.039185e-01 best=2.039084e-01
[NA] iter=00045 eval=02725 misfit=2.042494e-01 best=2.039084e-01
[NA] iter=00045 eval=02726 misfit=2.039209e-01 best=2.039084e-01
[NA] iter=00045 eval=02727 misfit=2.042811e-01 best=2.039084e-01
[NA] iter=00045 eval=02728 misfit=2.039293e-01 best=2.039084e-01
[NA] iter=00045 eval=02729 misfit=2.039267e-01 best=2.039084e-01
[NA] iter=00045 eval=02730 misfit=2.039362e-01 best=2.039084e-01
[NA] iter=00045 eval=02731 misfit=2.039264e-01 best=2.039084e-01
[NA] iter=00045 eval=02732 misfit=2.039227e-01 best=2.039084e-01
[NA] iter=00045 eval=02733 misfit=2.039234e-01 best=2.039084e-01
[NA] iter=00045 eval=02734 misfit=2.039184e-01 best=2.039084e-01
[NA] iter=00045 eval=02735 misfit=2.042920e-01 best=2.039084e-01
[NA] iter=00045 eval=02736 misfit=2.039260e-01 best=2.039084e-01
[NA] iter=00045 eval=02737 misfit=2.039216e-01 best=2.039084e-01
[NA] iter=00045 eval=02738 misfit=2.039286e-01 best=2.039084e-01
[NA] iter=00045 eval=02739 misfit=2.039206e-01 best=2.039084e-01
[NA] iter=00045 eval=02740 misfit=2.042637e-01 best=2.039084e-01
[NA] iter=00045 eval=02741 misfit=2.039223e-01 best=2.039084e-01
[NA] iter=00045 eval=02742 misfit=2.039297e-01 best=2.039084e-01
[NA] iter=00045 eval=02743 misfit=2.039279e-01 best=2.039084e-01
[NA] iter=00045 eval=02744 misfit=2.039254e-01 best=2.039084e-01
[NA] iter=00045 eval=02745 misfit=2.039236e-01 best=2.039084e-01
[NA] iter=00045 eval=02746 misfit=2.039241e-01 best=2.039084e-01
[NA] iter=00045 eval=02747 misfit=2.039220e-01 best=2.039084e-01
[NA] iter=00045 eval=02748 misfit=2.039269e-01 best=2.039084e-01
[NA] iter=00045 eval=02749 misfit=2.039237e-01 best=2.039084e-01
[NA] iter=00045 eval=02750 misfit=2.039255e-01 best=2.039084e-01
NAI - Optimisation Loop:  90%|█████████ | 45/50 [13:34<01:53, 22.79s/it][NA] iter=00046 eval=02751 misfit=2.042721e-01 best=2.039084e-01
[NA] iter=00046 eval=02752 misfit=2.042383e-01 best=2.039084e-01
[NA] iter=00046 eval=02753 misfit=2.042790e-01 best=2.039084e-01
[NA] iter=00046 eval=02754 misfit=2.042295e-01 best=2.039084e-01
[NA] iter=00046 eval=02755 misfit=2.038952e-01 best=2.038952e-01
[NA] iter=00046 eval=02756 misfit=2.039041e-01 best=2.038952e-01
[NA] iter=00046 eval=02757 misfit=2.042927e-01 best=2.038952e-01
[NA] iter=00046 eval=02758 misfit=2.039064e-01 best=2.038952e-01
[NA] iter=00046 eval=02759 misfit=2.039221e-01 best=2.038952e-01
[NA] iter=00046 eval=02760 misfit=2.042724e-01 best=2.038952e-01
[NA] iter=00046 eval=02761 misfit=2.039186e-01 best=2.038952e-01
[NA] iter=00046 eval=02762 misfit=2.042380e-01 best=2.038952e-01
[NA] iter=00046 eval=02763 misfit=2.039136e-01 best=2.038952e-01
[NA] iter=00046 eval=02764 misfit=2.042566e-01 best=2.038952e-01
[NA] iter=00046 eval=02765 misfit=2.039210e-01 best=2.038952e-01
[NA] iter=00046 eval=02766 misfit=2.039151e-01 best=2.038952e-01
[NA] iter=00046 eval=02767 misfit=2.039178e-01 best=2.038952e-01
[NA] iter=00046 eval=02768 misfit=2.042670e-01 best=2.038952e-01
[NA] iter=00046 eval=02769 misfit=2.042666e-01 best=2.038952e-01
[NA] iter=00046 eval=02770 misfit=2.042754e-01 best=2.038952e-01
[NA] iter=00046 eval=02771 misfit=2.039243e-01 best=2.038952e-01
[NA] iter=00046 eval=02772 misfit=2.039157e-01 best=2.038952e-01
[NA] iter=00046 eval=02773 misfit=2.039183e-01 best=2.038952e-01
[NA] iter=00046 eval=02774 misfit=2.039219e-01 best=2.038952e-01
[NA] iter=00046 eval=02775 misfit=2.039209e-01 best=2.038952e-01
[NA] iter=00046 eval=02776 misfit=2.039275e-01 best=2.038952e-01
[NA] iter=00046 eval=02777 misfit=2.039281e-01 best=2.038952e-01
[NA] iter=00046 eval=02778 misfit=2.039278e-01 best=2.038952e-01
[NA] iter=00046 eval=02779 misfit=2.039265e-01 best=2.038952e-01
[NA] iter=00046 eval=02780 misfit=2.039254e-01 best=2.038952e-01
[NA] iter=00046 eval=02781 misfit=2.043032e-01 best=2.038952e-01
[NA] iter=00046 eval=02782 misfit=2.042909e-01 best=2.038952e-01
[NA] iter=00046 eval=02783 misfit=2.039148e-01 best=2.038952e-01
[NA] iter=00046 eval=02784 misfit=2.042922e-01 best=2.038952e-01
[NA] iter=00046 eval=02785 misfit=2.042870e-01 best=2.038952e-01
[NA] iter=00046 eval=02786 misfit=2.039189e-01 best=2.038952e-01
[NA] iter=00046 eval=02787 misfit=2.039137e-01 best=2.038952e-01
[NA] iter=00046 eval=02788 misfit=2.039242e-01 best=2.038952e-01
[NA] iter=00046 eval=02789 misfit=2.039157e-01 best=2.038952e-01
[NA] iter=00046 eval=02790 misfit=2.042589e-01 best=2.038952e-01
[NA] iter=00046 eval=02791 misfit=2.039196e-01 best=2.038952e-01
[NA] iter=00046 eval=02792 misfit=2.039270e-01 best=2.038952e-01
[NA] iter=00046 eval=02793 misfit=2.039147e-01 best=2.038952e-01
[NA] iter=00046 eval=02794 misfit=2.039232e-01 best=2.038952e-01
[NA] iter=00046 eval=02795 misfit=2.039161e-01 best=2.038952e-01
[NA] iter=00046 eval=02796 misfit=2.039241e-01 best=2.038952e-01
[NA] iter=00046 eval=02797 misfit=2.039224e-01 best=2.038952e-01
[NA] iter=00046 eval=02798 misfit=2.039129e-01 best=2.038952e-01
[NA] iter=00046 eval=02799 misfit=2.039191e-01 best=2.038952e-01
[NA] iter=00046 eval=02800 misfit=2.039219e-01 best=2.038952e-01
NAI - Optimisation Loop:  92%|█████████▏| 46/50 [13:58<01:33, 23.26s/it][NA] iter=00047 eval=02801 misfit=2.042636e-01 best=2.038952e-01
[NA] iter=00047 eval=02802 misfit=2.042674e-01 best=2.038952e-01
[NA] iter=00047 eval=02803 misfit=2.042572e-01 best=2.038952e-01
[NA] iter=00047 eval=02804 misfit=2.042568e-01 best=2.038952e-01
[NA] iter=00047 eval=02805 misfit=2.042445e-01 best=2.038952e-01
[NA] iter=00047 eval=02806 misfit=2.039099e-01 best=2.038952e-01
[NA] iter=00047 eval=02807 misfit=2.039064e-01 best=2.038952e-01
[NA] iter=00047 eval=02808 misfit=2.042627e-01 best=2.038952e-01
[NA] iter=00047 eval=02809 misfit=2.042712e-01 best=2.038952e-01
[NA] iter=00047 eval=02810 misfit=2.042692e-01 best=2.038952e-01
[NA] iter=00047 eval=02811 misfit=2.039046e-01 best=2.038952e-01
[NA] iter=00047 eval=02812 misfit=2.039219e-01 best=2.038952e-01
[NA] iter=00047 eval=02813 misfit=2.038991e-01 best=2.038952e-01
[NA] iter=00047 eval=02814 misfit=2.039009e-01 best=2.038952e-01
[NA] iter=00047 eval=02815 misfit=2.042818e-01 best=2.038952e-01
[NA] iter=00047 eval=02816 misfit=2.042394e-01 best=2.038952e-01
[NA] iter=00047 eval=02817 misfit=2.039144e-01 best=2.038952e-01
[NA] iter=00047 eval=02818 misfit=2.039113e-01 best=2.038952e-01
[NA] iter=00047 eval=02819 misfit=2.042389e-01 best=2.038952e-01
[NA] iter=00047 eval=02820 misfit=2.042348e-01 best=2.038952e-01
[NA] iter=00047 eval=02821 misfit=2.042684e-01 best=2.038952e-01
[NA] iter=00047 eval=02822 misfit=2.042662e-01 best=2.038952e-01
[NA] iter=00047 eval=02823 misfit=2.042691e-01 best=2.038952e-01
[NA] iter=00047 eval=02824 misfit=2.042647e-01 best=2.038952e-01
[NA] iter=00047 eval=02825 misfit=2.039126e-01 best=2.038952e-01
[NA] iter=00047 eval=02826 misfit=2.039226e-01 best=2.038952e-01
[NA] iter=00047 eval=02827 misfit=2.039161e-01 best=2.038952e-01
[NA] iter=00047 eval=02828 misfit=2.039204e-01 best=2.038952e-01
[NA] iter=00047 eval=02829 misfit=2.039131e-01 best=2.038952e-01
[NA] iter=00047 eval=02830 misfit=2.039226e-01 best=2.038952e-01
[NA] iter=00047 eval=02831 misfit=2.039149e-01 best=2.038952e-01
[NA] iter=00047 eval=02832 misfit=2.039133e-01 best=2.038952e-01
[NA] iter=00047 eval=02833 misfit=2.039041e-01 best=2.038952e-01
[NA] iter=00047 eval=02834 misfit=2.039072e-01 best=2.038952e-01
[NA] iter=00047 eval=02835 misfit=2.039110e-01 best=2.038952e-01
[NA] iter=00047 eval=02836 misfit=2.039158e-01 best=2.038952e-01
[NA] iter=00047 eval=02837 misfit=2.039167e-01 best=2.038952e-01
[NA] iter=00047 eval=02838 misfit=2.042553e-01 best=2.038952e-01
[NA] iter=00047 eval=02839 misfit=2.039144e-01 best=2.038952e-01
[NA] iter=00047 eval=02840 misfit=2.042540e-01 best=2.038952e-01
[NA] iter=00047 eval=02841 misfit=2.042600e-01 best=2.038952e-01
[NA] iter=00047 eval=02842 misfit=2.039201e-01 best=2.038952e-01
[NA] iter=00047 eval=02843 misfit=2.039122e-01 best=2.038952e-01
[NA] iter=00047 eval=02844 misfit=2.039180e-01 best=2.038952e-01
[NA] iter=00047 eval=02845 misfit=2.039109e-01 best=2.038952e-01
[NA] iter=00047 eval=02846 misfit=2.039147e-01 best=2.038952e-01
[NA] iter=00047 eval=02847 misfit=2.039161e-01 best=2.038952e-01
[NA] iter=00047 eval=02848 misfit=2.039171e-01 best=2.038952e-01
[NA] iter=00047 eval=02849 misfit=2.039189e-01 best=2.038952e-01
[NA] iter=00047 eval=02850 misfit=2.039173e-01 best=2.038952e-01
NAI - Optimisation Loop:  94%|█████████▍| 47/50 [14:21<01:09, 23.11s/it][NA] iter=00048 eval=02851 misfit=2.039000e-01 best=2.038952e-01
[NA] iter=00048 eval=02852 misfit=2.038927e-01 best=2.038927e-01
[NA] iter=00048 eval=02853 misfit=2.042613e-01 best=2.038927e-01
[NA] iter=00048 eval=02854 misfit=2.042557e-01 best=2.038927e-01
[NA] iter=00048 eval=02855 misfit=2.042678e-01 best=2.038927e-01
[NA] iter=00048 eval=02856 misfit=2.042744e-01 best=2.038927e-01
[NA] iter=00048 eval=02857 misfit=2.039027e-01 best=2.038927e-01
[NA] iter=00048 eval=02858 misfit=2.042242e-01 best=2.038927e-01
[NA] iter=00048 eval=02859 misfit=2.042358e-01 best=2.038927e-01
[NA] iter=00048 eval=02860 misfit=2.042442e-01 best=2.038927e-01
[NA] iter=00048 eval=02861 misfit=2.042930e-01 best=2.038927e-01
[NA] iter=00048 eval=02862 misfit=2.039153e-01 best=2.038927e-01
[NA] iter=00048 eval=02863 misfit=2.039181e-01 best=2.038927e-01
[NA] iter=00048 eval=02864 misfit=2.042509e-01 best=2.038927e-01
[NA] iter=00048 eval=02865 misfit=2.039032e-01 best=2.038927e-01
[NA] iter=00048 eval=02866 misfit=2.039021e-01 best=2.038927e-01
[NA] iter=00048 eval=02867 misfit=2.042465e-01 best=2.038927e-01
[NA] iter=00048 eval=02868 misfit=2.038976e-01 best=2.038927e-01
[NA] iter=00048 eval=02869 misfit=2.042381e-01 best=2.038927e-01
[NA] iter=00048 eval=02870 misfit=2.042753e-01 best=2.038927e-01
[NA] iter=00048 eval=02871 misfit=2.039103e-01 best=2.038927e-01
[NA] iter=00048 eval=02872 misfit=2.039076e-01 best=2.038927e-01
[NA] iter=00048 eval=02873 misfit=2.039168e-01 best=2.038927e-01
[NA] iter=00048 eval=02874 misfit=2.039159e-01 best=2.038927e-01
[NA] iter=00048 eval=02875 misfit=2.039145e-01 best=2.038927e-01
[NA] iter=00048 eval=02876 misfit=2.039005e-01 best=2.038927e-01
[NA] iter=00048 eval=02877 misfit=2.039066e-01 best=2.038927e-01
[NA] iter=00048 eval=02878 misfit=2.042514e-01 best=2.038927e-01
[NA] iter=00048 eval=02879 misfit=2.039032e-01 best=2.038927e-01
[NA] iter=00048 eval=02880 misfit=2.042439e-01 best=2.038927e-01
[NA] iter=00048 eval=02881 misfit=2.039136e-01 best=2.038927e-01
[NA] iter=00048 eval=02882 misfit=2.039103e-01 best=2.038927e-01
[NA] iter=00048 eval=02883 misfit=2.039077e-01 best=2.038927e-01
[NA] iter=00048 eval=02884 misfit=2.039101e-01 best=2.038927e-01
[NA] iter=00048 eval=02885 misfit=2.039108e-01 best=2.038927e-01
[NA] iter=00048 eval=02886 misfit=2.039107e-01 best=2.038927e-01
[NA] iter=00048 eval=02887 misfit=2.039075e-01 best=2.038927e-01
[NA] iter=00048 eval=02888 misfit=2.039076e-01 best=2.038927e-01
[NA] iter=00048 eval=02889 misfit=2.042553e-01 best=2.038927e-01
[NA] iter=00048 eval=02890 misfit=2.042474e-01 best=2.038927e-01
[NA] iter=00048 eval=02891 misfit=2.043024e-01 best=2.038927e-01
[NA] iter=00048 eval=02892 misfit=2.042872e-01 best=2.038927e-01
[NA] iter=00048 eval=02893 misfit=2.043041e-01 best=2.038927e-01
[NA] iter=00048 eval=02894 misfit=2.042869e-01 best=2.038927e-01
[NA] iter=00048 eval=02895 misfit=2.042961e-01 best=2.038927e-01
[NA] iter=00048 eval=02896 misfit=2.042500e-01 best=2.038927e-01
[NA] iter=00048 eval=02897 misfit=2.042415e-01 best=2.038927e-01
[NA] iter=00048 eval=02898 misfit=2.039083e-01 best=2.038927e-01
[NA] iter=00048 eval=02899 misfit=2.039085e-01 best=2.038927e-01
[NA] iter=00048 eval=02900 misfit=2.042432e-01 best=2.038927e-01
NAI - Optimisation Loop:  96%|█████████▌| 48/50 [14:44<00:45, 22.95s/it][NA] iter=00049 eval=02901 misfit=2.042307e-01 best=2.038927e-01
[NA] iter=00049 eval=02902 misfit=2.042282e-01 best=2.038927e-01
[NA] iter=00049 eval=02903 misfit=2.042323e-01 best=2.038927e-01
[NA] iter=00049 eval=02904 misfit=2.042323e-01 best=2.038927e-01
[NA] iter=00049 eval=02905 misfit=2.042336e-01 best=2.038927e-01
[NA] iter=00049 eval=02906 misfit=2.038999e-01 best=2.038927e-01
[NA] iter=00049 eval=02907 misfit=2.038960e-01 best=2.038927e-01
[NA] iter=00049 eval=02908 misfit=2.042375e-01 best=2.038927e-01
[NA] iter=00049 eval=02909 misfit=2.039032e-01 best=2.038927e-01
[NA] iter=00049 eval=02910 misfit=2.038984e-01 best=2.038927e-01
[NA] iter=00049 eval=02911 misfit=2.042339e-01 best=2.038927e-01
[NA] iter=00049 eval=02912 misfit=2.042420e-01 best=2.038927e-01
[NA] iter=00049 eval=02913 misfit=2.038962e-01 best=2.038927e-01
[NA] iter=00049 eval=02914 misfit=2.042863e-01 best=2.038927e-01
[NA] iter=00049 eval=02915 misfit=2.042423e-01 best=2.038927e-01
[NA] iter=00049 eval=02916 misfit=2.042632e-01 best=2.038927e-01
[NA] iter=00049 eval=02917 misfit=2.039023e-01 best=2.038927e-01
[NA] iter=00049 eval=02918 misfit=2.042581e-01 best=2.038927e-01
[NA] iter=00049 eval=02919 misfit=2.039015e-01 best=2.038927e-01
[NA] iter=00049 eval=02920 misfit=2.042452e-01 best=2.038927e-01
[NA] iter=00049 eval=02921 misfit=2.042752e-01 best=2.038927e-01
[NA] iter=00049 eval=02922 misfit=2.042666e-01 best=2.038927e-01
[NA] iter=00049 eval=02923 misfit=2.042784e-01 best=2.038927e-01
[NA] iter=00049 eval=02924 misfit=2.039063e-01 best=2.038927e-01
[NA] iter=00049 eval=02925 misfit=2.039022e-01 best=2.038927e-01
[NA] iter=00049 eval=02926 misfit=2.038967e-01 best=2.038927e-01
[NA] iter=00049 eval=02927 misfit=2.039025e-01 best=2.038927e-01
[NA] iter=00049 eval=02928 misfit=2.039051e-01 best=2.038927e-01
[NA] iter=00049 eval=02929 misfit=2.039042e-01 best=2.038927e-01
[NA] iter=00049 eval=02930 misfit=2.042526e-01 best=2.038927e-01
[NA] iter=00049 eval=02931 misfit=2.042874e-01 best=2.038927e-01
[NA] iter=00049 eval=02932 misfit=2.039038e-01 best=2.038927e-01
[NA] iter=00049 eval=02933 misfit=2.042850e-01 best=2.038927e-01
[NA] iter=00049 eval=02934 misfit=2.042861e-01 best=2.038927e-01
[NA] iter=00049 eval=02935 misfit=2.042463e-01 best=2.038927e-01
[NA] iter=00049 eval=02936 misfit=2.039075e-01 best=2.038927e-01
[NA] iter=00049 eval=02937 misfit=2.039108e-01 best=2.038927e-01
[NA] iter=00049 eval=02938 misfit=2.039031e-01 best=2.038927e-01
[NA] iter=00049 eval=02939 misfit=2.039100e-01 best=2.038927e-01
[NA] iter=00049 eval=02940 misfit=2.039072e-01 best=2.038927e-01
[NA] iter=00049 eval=02941 misfit=2.039055e-01 best=2.038927e-01
[NA] iter=00049 eval=02942 misfit=2.042395e-01 best=2.038927e-01
[NA] iter=00049 eval=02943 misfit=2.042302e-01 best=2.038927e-01
[NA] iter=00049 eval=02944 misfit=2.042679e-01 best=2.038927e-01
[NA] iter=00049 eval=02945 misfit=2.042749e-01 best=2.038927e-01
[NA] iter=00049 eval=02946 misfit=2.042393e-01 best=2.038927e-01
[NA] iter=00049 eval=02947 misfit=2.039052e-01 best=2.038927e-01
[NA] iter=00049 eval=02948 misfit=2.042429e-01 best=2.038927e-01
[NA] iter=00049 eval=02949 misfit=2.042456e-01 best=2.038927e-01
[NA] iter=00049 eval=02950 misfit=2.042467e-01 best=2.038927e-01
NAI - Optimisation Loop:  98%|█████████▊| 49/50 [15:05<00:22, 22.53s/it][NA] iter=00050 eval=02951 misfit=2.042361e-01 best=2.038927e-01
[NA] iter=00050 eval=02952 misfit=2.042668e-01 best=2.038927e-01
[NA] iter=00050 eval=02953 misfit=2.038876e-01 best=2.038876e-01
[NA] iter=00050 eval=02954 misfit=2.042681e-01 best=2.038876e-01
[NA] iter=00050 eval=02955 misfit=2.038917e-01 best=2.038876e-01
[NA] iter=00050 eval=02956 misfit=2.042630e-01 best=2.038876e-01
[NA] iter=00050 eval=02957 misfit=2.042669e-01 best=2.038876e-01
[NA] iter=00050 eval=02958 misfit=2.042714e-01 best=2.038876e-01
[NA] iter=00050 eval=02959 misfit=2.038968e-01 best=2.038876e-01
[NA] iter=00050 eval=02960 misfit=2.039048e-01 best=2.038876e-01
[NA] iter=00050 eval=02961 misfit=2.042719e-01 best=2.038876e-01
[NA] iter=00050 eval=02962 misfit=2.038961e-01 best=2.038876e-01
[NA] iter=00050 eval=02963 misfit=2.038963e-01 best=2.038876e-01
[NA] iter=00050 eval=02964 misfit=2.038946e-01 best=2.038876e-01
[NA] iter=00050 eval=02965 misfit=2.038999e-01 best=2.038876e-01
[NA] iter=00050 eval=02966 misfit=2.042801e-01 best=2.038876e-01
[NA] iter=00050 eval=02967 misfit=2.038979e-01 best=2.038876e-01
[NA] iter=00050 eval=02968 misfit=2.038894e-01 best=2.038876e-01
[NA] iter=00050 eval=02969 misfit=2.038930e-01 best=2.038876e-01
[NA] iter=00050 eval=02970 misfit=2.038943e-01 best=2.038876e-01
[NA] iter=00050 eval=02971 misfit=2.038990e-01 best=2.038876e-01
[NA] iter=00050 eval=02972 misfit=2.038967e-01 best=2.038876e-01
[NA] iter=00050 eval=02973 misfit=2.039002e-01 best=2.038876e-01
[NA] iter=00050 eval=02974 misfit=2.038939e-01 best=2.038876e-01
[NA] iter=00050 eval=02975 misfit=2.038993e-01 best=2.038876e-01
[NA] iter=00050 eval=02976 misfit=2.042431e-01 best=2.038876e-01
[NA] iter=00050 eval=02977 misfit=2.042932e-01 best=2.038876e-01
[NA] iter=00050 eval=02978 misfit=2.038981e-01 best=2.038876e-01
[NA] iter=00050 eval=02979 misfit=2.042300e-01 best=2.038876e-01
[NA] iter=00050 eval=02980 misfit=2.038996e-01 best=2.038876e-01
[NA] iter=00050 eval=02981 misfit=2.038917e-01 best=2.038876e-01
[NA] iter=00050 eval=02982 misfit=2.039005e-01 best=2.038876e-01
[NA] iter=00050 eval=02983 misfit=2.038918e-01 best=2.038876e-01
[NA] iter=00050 eval=02984 misfit=2.039139e-01 best=2.038876e-01
[NA] iter=00050 eval=02985 misfit=2.038999e-01 best=2.038876e-01
[NA] iter=00050 eval=02986 misfit=2.039036e-01 best=2.038876e-01
[NA] iter=00050 eval=02987 misfit=2.042557e-01 best=2.038876e-01
[NA] iter=00050 eval=02988 misfit=2.042591e-01 best=2.038876e-01
[NA] iter=00050 eval=02989 misfit=2.042573e-01 best=2.038876e-01
[NA] iter=00050 eval=02990 misfit=2.042584e-01 best=2.038876e-01
[NA] iter=00050 eval=02991 misfit=2.039085e-01 best=2.038876e-01
[NA] iter=00050 eval=02992 misfit=2.039013e-01 best=2.038876e-01
[NA] iter=00050 eval=02993 misfit=2.042715e-01 best=2.038876e-01
[NA] iter=00050 eval=02994 misfit=2.042769e-01 best=2.038876e-01
[NA] iter=00050 eval=02995 misfit=2.039013e-01 best=2.038876e-01
[NA] iter=00050 eval=02996 misfit=2.039021e-01 best=2.038876e-01
[NA] iter=00050 eval=02997 misfit=2.042768e-01 best=2.038876e-01
[NA] iter=00050 eval=02998 misfit=2.042691e-01 best=2.038876e-01
[NA] iter=00050 eval=02999 misfit=2.042705e-01 best=2.038876e-01
[NA] iter=00050 eval=03000 misfit=2.038948e-01 best=2.038876e-01
NAI - Optimisation Loop: 100%|██████████| 50/50 [15:22<00:00, 20.71s/it]NAI - Optimisation Loop: 100%|██████████| 50/50 [15:22<00:00, 18.44s/it]
Mejor misfit: 2.038876e-01
Parámetros del mejor modelo:
  a1 (km)              =    4.304
  a2 (km)              =    9.173
  theta (x pi)         =    0.907
  np (frac)            =    0.798
  tp (x 2pi)           =    0.140
  dmax (m)             =    4.266
  vr (km/s)            =    1.605

--- Slip / MT scaling (mejor modelo) ---
  dmax_effective_m: 4.266320004852664
  dmax_requested_m: 4.266320004852664
  m0_L1_sum_abs_moments_nm: 2.628339549086514e+19
  m0_target_nm: None
  mt_scaling_mode: no_mt
  mt_strict_scale_applied: False
  mu_a_slipfactor_sum: None

========================================================================
[6/6] Exportando resultados y generando gráficos
========================================================================
Inversion results saved to /home/alex/KDEllipsPy/inversions/calama2020/output/inversion_result.joblib
Resultados guardados en: /home/alex/KDEllipsPy/inversions/calama2020/output/na_results.json
Resultados guardados en: /home/alex/KDEllipsPy/inversions/calama2020/output/na_results.csv
Objeto de inversión guardado en: /home/alex/KDEllipsPy/inversions/calama2020/output/inversion_result.joblib
QApplication: invalid style override 'kvantum' passed, ignoring it.
	Available styles: Windows, Fusion
✓ Gráficos generados (sin mostrar en modo no-interactivo)

✓ Inversión terminada correctamente.
