
╔══════════════════════════════════════════════════════════════════════╗
║ KDEllipsPy · Inversion cinematica (NA)                               ║
║ Evento Calama  ·  2026-05-25                                         ║
╚══════════════════════════════════════════════════════════════════════╝

┌─[21:09:19 |    0.0s] Cargando KDEllipsPy
│  [32m✓[0m kdellipspy importado (numpy 2.4.6)

┌─[21:09:19 |    0.4s] Validando rutas
│  [32m✓[0m input.ctl : /home/alex/KDEllipsPy/inversions/2020-06-03/input.ctl
│  [32m✓[0m DATA      : /home/alex/KDEllipsPy/inversions/2020-06-03/DATA
│  [32m✓[0m output    : /home/alex/KDEllipsPy/inversions/2020-06-03/output

┌─[21:09:19 |    0.4s] Leyendo configuracion
│  Evento      : -23.247, -68.530, 123.4 km
│  Mecanismo   : strike 333 / dip 60 / rake -91  (doble cupla)
│  Banda       : 0.06–0.15 Hz   |  filtro causal
│  Ventana     : t1=0s  t2=128s  npts=256  dt=0.5s  (units=disp)
│  Estaciones  : 9  [A22F, A08F, A09F, PB19, A05F, PB06, A06F, A18F, A23F]
│  Mod. veloc. : 16 capas
│  Algoritmo   : Neighbourhood Algorithm  |  n_jobs=1
│  [32m✓[0m Configuracion leida

┌─[21:09:19 |    0.4s] Cargando datos observados
│  [32m✓[0m observed shape = (9, 3, 256)  (estaciones, comp, npts)
│  [32m✓[0m eje de tiempo  = 0 … 127.5 s (256 pts)

┌─[21:09:19 |    0.4s] Calculando tiempos P/S por estacion (azi_times)
│  [32m✓[0m azi_times_array shape = (9, 3)  (modelo iasp91)

┌─[21:09:19 |    0.5s] Construyendo modelo de inversion
│  [32m✓[0m NAInversionModel listo  (cache de Green ACTIVADO)
│  checkpoint en vivo → /home/alex/KDEllipsPy/inversions/2020-06-03/output/best_model_live.txt
│  NA: 50 iter · SS1=500 · SS=50 · resample=10 → ~3000 modelos directos

┌─[21:09:19 |    0.5s] Corriendo busqueda NA  (esto puede tardar)
[NA] Starting search: ni=500, ns=50, n=50, nr=10 -> expected evaluations=3000 (n_jobs=1)
NAI - Initial Random Search
[NA] iter=00000 eval=00001 misfit=4.239527e+00 best=4.239527e+00
[NA] iter=00000 eval=00002 misfit=2.066391e+01 best=4.239527e+00
[NA] iter=00000 eval=00003 misfit=7.374618e+00 best=4.239527e+00
[NA] iter=00000 eval=00004 misfit=2.223548e+00 best=2.223548e+00
[NA] iter=00000 eval=00005 misfit=8.529866e-01 best=8.529866e-01
[NA] iter=00000 eval=00006 misfit=2.371569e+00 best=8.529866e-01
[NA] iter=00000 eval=00007 misfit=3.282642e+01 best=8.529866e-01
[NA] iter=00000 eval=00008 misfit=1.051909e+01 best=8.529866e-01
[NA] iter=00000 eval=00009 misfit=2.025894e+00 best=8.529866e-01
[NA] iter=00000 eval=00010 misfit=1.418187e+00 best=8.529866e-01
[NA] iter=00000 eval=00011 misfit=1.186149e+01 best=8.529866e-01
[NA] iter=00000 eval=00012 misfit=2.947272e+01 best=8.529866e-01
[NA] iter=00000 eval=00013 misfit=1.087801e+00 best=8.529866e-01
[NA] iter=00000 eval=00014 misfit=1.204673e+01 best=8.529866e-01
[NA] iter=00000 eval=00015 misfit=1.430743e+00 best=8.529866e-01
[NA] iter=00000 eval=00016 misfit=1.020689e+00 best=8.529866e-01
[NA] iter=00000 eval=00017 misfit=1.298198e+01 best=8.529866e-01
[NA] iter=00000 eval=00018 misfit=9.011749e-01 best=8.529866e-01
[NA] iter=00000 eval=00019 misfit=2.257092e+00 best=8.529866e-01
[NA] iter=00000 eval=00020 misfit=1.800663e+01 best=8.529866e-01
[NA] iter=00000 eval=00021 misfit=8.368033e+00 best=8.529866e-01
[NA] iter=00000 eval=00022 misfit=3.466535e+00 best=8.529866e-01
[NA] iter=00000 eval=00023 misfit=2.842855e+00 best=8.529866e-01
[NA] iter=00000 eval=00024 misfit=1.974311e+00 best=8.529866e-01
[NA] iter=00000 eval=00025 misfit=2.916501e+01 best=8.529866e-01
[NA] iter=00000 eval=00026 misfit=1.805091e+00 best=8.529866e-01
[NA] iter=00000 eval=00027 misfit=1.169149e+00 best=8.529866e-01
[NA] iter=00000 eval=00028 misfit=1.678130e+01 best=8.529866e-01
[NA] iter=00000 eval=00029 misfit=1.041162e+01 best=8.529866e-01
[NA] iter=00000 eval=00030 misfit=5.432173e+00 best=8.529866e-01
[NA] iter=00000 eval=00031 misfit=6.428766e+00 best=8.529866e-01
[NA] iter=00000 eval=00032 misfit=9.343654e+00 best=8.529866e-01
[NA] iter=00000 eval=00033 misfit=4.778576e+00 best=8.529866e-01
[NA] iter=00000 eval=00034 misfit=9.991989e-01 best=8.529866e-01
[NA] iter=00000 eval=00035 misfit=1.027065e+01 best=8.529866e-01
[NA] iter=00000 eval=00036 misfit=2.302648e+00 best=8.529866e-01
[NA] iter=00000 eval=00037 misfit=1.597059e+01 best=8.529866e-01
[NA] iter=00000 eval=00038 misfit=1.363283e+00 best=8.529866e-01
[NA] iter=00000 eval=00039 misfit=8.512731e+00 best=8.529866e-01
[NA] iter=00000 eval=00040 misfit=1.282048e+00 best=8.529866e-01
[NA] iter=00000 eval=00041 misfit=7.713424e+00 best=8.529866e-01
[NA] iter=00000 eval=00042 misfit=3.577772e+00 best=8.529866e-01
[NA] iter=00000 eval=00043 misfit=2.699350e+00 best=8.529866e-01
[NA] iter=00000 eval=00044 misfit=9.928092e-01 best=8.529866e-01
[NA] iter=00000 eval=00045 misfit=1.203661e+00 best=8.529866e-01
[NA] iter=00000 eval=00046 misfit=3.356529e+00 best=8.529866e-01
[NA] iter=00000 eval=00047 misfit=2.825925e+00 best=8.529866e-01
[NA] iter=00000 eval=00048 misfit=1.208149e+01 best=8.529866e-01
[NA] iter=00000 eval=00049 misfit=2.616120e+01 best=8.529866e-01
[NA] iter=00000 eval=00050 misfit=1.004896e+00 best=8.529866e-01
[NA] iter=00000 eval=00051 misfit=1.477934e+00 best=8.529866e-01
[NA] iter=00000 eval=00052 misfit=1.273975e+00 best=8.529866e-01
[NA] iter=00000 eval=00053 misfit=5.394290e+00 best=8.529866e-01
[NA] iter=00000 eval=00054 misfit=8.904124e-01 best=8.529866e-01
[NA] iter=00000 eval=00055 misfit=9.178867e-01 best=8.529866e-01
[NA] iter=00000 eval=00056 misfit=4.699542e+00 best=8.529866e-01
[NA] iter=00000 eval=00057 misfit=4.675570e+01 best=8.529866e-01
[NA] iter=00000 eval=00058 misfit=9.833809e+00 best=8.529866e-01
[NA] iter=00000 eval=00059 misfit=3.203036e+00 best=8.529866e-01
[NA] iter=00000 eval=00060 misfit=1.042840e+01 best=8.529866e-01
[NA] iter=00000 eval=00061 misfit=4.212532e+00 best=8.529866e-01
[NA] iter=00000 eval=00062 misfit=1.524156e+00 best=8.529866e-01
[NA] iter=00000 eval=00063 misfit=1.604469e+00 best=8.529866e-01
[NA] iter=00000 eval=00064 misfit=7.010508e+00 best=8.529866e-01
[NA] iter=00000 eval=00065 misfit=1.693353e+00 best=8.529866e-01
[NA] iter=00000 eval=00066 misfit=6.143153e+00 best=8.529866e-01
[NA] iter=00000 eval=00067 misfit=1.812303e+01 best=8.529866e-01
[NA] iter=00000 eval=00068 misfit=8.001230e-01 best=8.001230e-01
[NA] iter=00000 eval=00069 misfit=8.549870e+00 best=8.001230e-01
[NA] iter=00000 eval=00070 misfit=1.045898e+01 best=8.001230e-01
[NA] iter=00000 eval=00071 misfit=3.920657e+00 best=8.001230e-01
[NA] iter=00000 eval=00072 misfit=1.222896e+00 best=8.001230e-01
[NA] iter=00000 eval=00073 misfit=1.518677e+01 best=8.001230e-01
[NA] iter=00000 eval=00074 misfit=3.584770e+00 best=8.001230e-01
[NA] iter=00000 eval=00075 misfit=2.237616e+00 best=8.001230e-01
[NA] iter=00000 eval=00076 misfit=9.435300e+00 best=8.001230e-01
[NA] iter=00000 eval=00077 misfit=1.517061e+01 best=8.001230e-01
[NA] iter=00000 eval=00078 misfit=3.026179e+01 best=8.001230e-01
[NA] iter=00000 eval=00079 misfit=9.687851e-01 best=8.001230e-01
[NA] iter=00000 eval=00080 misfit=1.422506e+01 best=8.001230e-01
[NA] iter=00000 eval=00081 misfit=3.559779e+01 best=8.001230e-01
[NA] iter=00000 eval=00082 misfit=3.187487e+00 best=8.001230e-01
[NA] iter=00000 eval=00083 misfit=1.600107e+01 best=8.001230e-01
[NA] iter=00000 eval=00084 misfit=2.227237e+00 best=8.001230e-01
[NA] iter=00000 eval=00085 misfit=1.373831e+00 best=8.001230e-01
[NA] iter=00000 eval=00086 misfit=2.151246e+00 best=8.001230e-01
[NA] iter=00000 eval=00087 misfit=4.750066e+00 best=8.001230e-01
[NA] iter=00000 eval=00088 misfit=3.196417e+00 best=8.001230e-01
[NA] iter=00000 eval=00089 misfit=2.810986e+00 best=8.001230e-01
[NA] iter=00000 eval=00090 misfit=2.419034e+00 best=8.001230e-01
[NA] iter=00000 eval=00091 misfit=1.174626e+01 best=8.001230e-01
[NA] iter=00000 eval=00092 misfit=4.200311e+00 best=8.001230e-01
[NA] iter=00000 eval=00093 misfit=6.566343e-01 best=6.566343e-01
[NA] iter=00000 eval=00094 misfit=4.171876e+00 best=6.566343e-01
[NA] iter=00000 eval=00095 misfit=9.053074e-01 best=6.566343e-01
[NA] iter=00000 eval=00096 misfit=9.876678e+00 best=6.566343e-01
[NA] iter=00000 eval=00097 misfit=1.266227e+00 best=6.566343e-01
[NA] iter=00000 eval=00098 misfit=3.714072e+00 best=6.566343e-01
[NA] iter=00000 eval=00099 misfit=6.535042e+00 best=6.566343e-01
[NA] iter=00000 eval=00100 misfit=5.662888e+00 best=6.566343e-01
[NA] iter=00000 eval=00101 misfit=5.038442e+00 best=6.566343e-01
[NA] iter=00000 eval=00102 misfit=1.489548e+01 best=6.566343e-01
[NA] iter=00000 eval=00103 misfit=1.312672e+01 best=6.566343e-01
[NA] iter=00000 eval=00104 misfit=1.900447e+00 best=6.566343e-01
[NA] iter=00000 eval=00105 misfit=9.750761e+00 best=6.566343e-01
[NA] iter=00000 eval=00106 misfit=2.434097e+01 best=6.566343e-01
[NA] iter=00000 eval=00107 misfit=5.659181e+00 best=6.566343e-01
[NA] iter=00000 eval=00108 misfit=1.079278e+00 best=6.566343e-01
[NA] iter=00000 eval=00109 misfit=1.254190e+00 best=6.566343e-01
[NA] iter=00000 eval=00110 misfit=5.155560e+01 best=6.566343e-01
[NA] iter=00000 eval=00111 misfit=3.686136e+00 best=6.566343e-01
[NA] iter=00000 eval=00112 misfit=3.577588e+00 best=6.566343e-01
[NA] iter=00000 eval=00113 misfit=1.941383e+00 best=6.566343e-01
[NA] iter=00000 eval=00114 misfit=3.719710e+00 best=6.566343e-01
[NA] iter=00000 eval=00115 misfit=7.832219e+00 best=6.566343e-01
[NA] iter=00000 eval=00116 misfit=1.736998e+00 best=6.566343e-01
[NA] iter=00000 eval=00117 misfit=1.806363e+01 best=6.566343e-01
[NA] iter=00000 eval=00118 misfit=3.897640e+01 best=6.566343e-01
[NA] iter=00000 eval=00119 misfit=1.534955e+00 best=6.566343e-01
[NA] iter=00000 eval=00120 misfit=2.915758e+00 best=6.566343e-01
[NA] iter=00000 eval=00121 misfit=9.886343e-01 best=6.566343e-01
[NA] iter=00000 eval=00122 misfit=2.106821e+00 best=6.566343e-01
[NA] iter=00000 eval=00123 misfit=4.332192e+00 best=6.566343e-01
[NA] iter=00000 eval=00124 misfit=1.267551e+01 best=6.566343e-01
[NA] iter=00000 eval=00125 misfit=1.525027e+00 best=6.566343e-01
[NA] iter=00000 eval=00126 misfit=1.875319e+01 best=6.566343e-01
[NA] iter=00000 eval=00127 misfit=1.979944e+00 best=6.566343e-01
[NA] iter=00000 eval=00128 misfit=4.854363e+00 best=6.566343e-01
[NA] iter=00000 eval=00129 misfit=2.923541e+00 best=6.566343e-01
[NA] iter=00000 eval=00130 misfit=1.023107e+00 best=6.566343e-01
[NA] iter=00000 eval=00131 misfit=8.125340e-01 best=6.566343e-01
[NA] iter=00000 eval=00132 misfit=3.280643e+00 best=6.566343e-01
[NA] iter=00000 eval=00133 misfit=5.573787e+00 best=6.566343e-01
[NA] iter=00000 eval=00134 misfit=6.110239e+00 best=6.566343e-01
[NA] iter=00000 eval=00135 misfit=7.445271e+00 best=6.566343e-01
[NA] iter=00000 eval=00136 misfit=1.559245e+01 best=6.566343e-01
[NA] iter=00000 eval=00137 misfit=7.745216e+00 best=6.566343e-01
[NA] iter=00000 eval=00138 misfit=1.153317e+01 best=6.566343e-01
[NA] iter=00000 eval=00139 misfit=1.160917e+00 best=6.566343e-01
[NA] iter=00000 eval=00140 misfit=3.397955e+00 best=6.566343e-01
[NA] iter=00000 eval=00141 misfit=9.931285e-01 best=6.566343e-01
[NA] iter=00000 eval=00142 misfit=4.656779e+00 best=6.566343e-01
[NA] iter=00000 eval=00143 misfit=9.158086e+00 best=6.566343e-01
[NA] iter=00000 eval=00144 misfit=2.637318e+00 best=6.566343e-01
[NA] iter=00000 eval=00145 misfit=1.284731e+00 best=6.566343e-01
[NA] iter=00000 eval=00146 misfit=1.474720e+00 best=6.566343e-01
[NA] iter=00000 eval=00147 misfit=4.531294e+00 best=6.566343e-01
[NA] iter=00000 eval=00148 misfit=6.644407e+00 best=6.566343e-01
[NA] iter=00000 eval=00149 misfit=2.767917e+00 best=6.566343e-01
[NA] iter=00000 eval=00150 misfit=9.326102e+00 best=6.566343e-01
[NA] iter=00000 eval=00151 misfit=1.020959e+00 best=6.566343e-01
[NA] iter=00000 eval=00152 misfit=9.266256e-01 best=6.566343e-01
[NA] iter=00000 eval=00153 misfit=5.566397e+00 best=6.566343e-01
[NA] iter=00000 eval=00154 misfit=9.147502e-01 best=6.566343e-01
[NA] iter=00000 eval=00155 misfit=5.114853e+00 best=6.566343e-01
[NA] iter=00000 eval=00156 misfit=1.204208e+00 best=6.566343e-01
[NA] iter=00000 eval=00157 misfit=1.663644e+00 best=6.566343e-01
[NA] iter=00000 eval=00158 misfit=2.202061e+01 best=6.566343e-01
[NA] iter=00000 eval=00159 misfit=1.774815e+00 best=6.566343e-01
[NA] iter=00000 eval=00160 misfit=9.412769e-01 best=6.566343e-01
[NA] iter=00000 eval=00161 misfit=2.514601e+00 best=6.566343e-01
[NA] iter=00000 eval=00162 misfit=8.260842e+00 best=6.566343e-01
[NA] iter=00000 eval=00163 misfit=2.783871e+00 best=6.566343e-01
[NA] iter=00000 eval=00164 misfit=1.588315e+00 best=6.566343e-01
[NA] iter=00000 eval=00165 misfit=2.111829e+00 best=6.566343e-01
[NA] iter=00000 eval=00166 misfit=2.043218e+00 best=6.566343e-01
[NA] iter=00000 eval=00167 misfit=3.137623e+00 best=6.566343e-01
[NA] iter=00000 eval=00168 misfit=4.654064e+00 best=6.566343e-01
[NA] iter=00000 eval=00169 misfit=7.119122e-01 best=6.566343e-01
[NA] iter=00000 eval=00170 misfit=1.020797e+00 best=6.566343e-01
[NA] iter=00000 eval=00171 misfit=8.226042e+00 best=6.566343e-01
[NA] iter=00000 eval=00172 misfit=5.371816e+00 best=6.566343e-01
[NA] iter=00000 eval=00173 misfit=8.747664e-01 best=6.566343e-01
[NA] iter=00000 eval=00174 misfit=2.033586e+00 best=6.566343e-01
[NA] iter=00000 eval=00175 misfit=1.674178e+00 best=6.566343e-01
[NA] iter=00000 eval=00176 misfit=7.936935e+00 best=6.566343e-01
[NA] iter=00000 eval=00177 misfit=7.840970e-01 best=6.566343e-01
[NA] iter=00000 eval=00178 misfit=8.687919e-01 best=6.566343e-01
[NA] iter=00000 eval=00179 misfit=2.689535e+00 best=6.566343e-01
[NA] iter=00000 eval=00180 misfit=1.564766e+00 best=6.566343e-01
[NA] iter=00000 eval=00181 misfit=9.343634e-01 best=6.566343e-01
[NA] iter=00000 eval=00182 misfit=5.020382e+00 best=6.566343e-01
[NA] iter=00000 eval=00183 misfit=8.299324e-01 best=6.566343e-01
[NA] iter=00000 eval=00184 misfit=5.373182e+00 best=6.566343e-01
[NA] iter=00000 eval=00185 misfit=1.915771e+01 best=6.566343e-01
[NA] iter=00000 eval=00186 misfit=2.486093e+00 best=6.566343e-01
[NA] iter=00000 eval=00187 misfit=1.035393e+01 best=6.566343e-01
[NA] iter=00000 eval=00188 misfit=4.313718e+00 best=6.566343e-01
[NA] iter=00000 eval=00189 misfit=5.615417e+00 best=6.566343e-01
[NA] iter=00000 eval=00190 misfit=3.009560e+00 best=6.566343e-01
[NA] iter=00000 eval=00191 misfit=2.171976e+00 best=6.566343e-01
[NA] iter=00000 eval=00192 misfit=8.934324e+00 best=6.566343e-01
[NA] iter=00000 eval=00193 misfit=8.593114e-01 best=6.566343e-01
[NA] iter=00000 eval=00194 misfit=3.662877e+00 best=6.566343e-01
[NA] iter=00000 eval=00195 misfit=8.358832e-01 best=6.566343e-01
[NA] iter=00000 eval=00196 misfit=2.628177e+01 best=6.566343e-01
[NA] iter=00000 eval=00197 misfit=2.026726e+00 best=6.566343e-01
[NA] iter=00000 eval=00198 misfit=4.431431e+01 best=6.566343e-01
[NA] iter=00000 eval=00199 misfit=2.893962e+00 best=6.566343e-01
[NA] iter=00000 eval=00200 misfit=1.308797e+00 best=6.566343e-01
[NA] iter=00000 eval=00201 misfit=1.743089e+01 best=6.566343e-01
[NA] iter=00000 eval=00202 misfit=6.563812e+00 best=6.566343e-01
[NA] iter=00000 eval=00203 misfit=1.742894e+01 best=6.566343e-01
[NA] iter=00000 eval=00204 misfit=2.366148e+00 best=6.566343e-01
[NA] iter=00000 eval=00205 misfit=1.274090e+01 best=6.566343e-01
[NA] iter=00000 eval=00206 misfit=1.377462e+01 best=6.566343e-01
[NA] iter=00000 eval=00207 misfit=6.810741e+00 best=6.566343e-01
[NA] iter=00000 eval=00208 misfit=4.765383e+00 best=6.566343e-01
[NA] iter=00000 eval=00209 misfit=3.394795e+00 best=6.566343e-01
[NA] iter=00000 eval=00210 misfit=2.408434e+01 best=6.566343e-01
[NA] iter=00000 eval=00211 misfit=9.127986e+00 best=6.566343e-01
[NA] iter=00000 eval=00212 misfit=1.122969e+01 best=6.566343e-01
[NA] iter=00000 eval=00213 misfit=5.154823e+00 best=6.566343e-01
[NA] iter=00000 eval=00214 misfit=6.933858e+00 best=6.566343e-01
[NA] iter=00000 eval=00215 misfit=6.434563e+00 best=6.566343e-01
[NA] iter=00000 eval=00216 misfit=4.776323e+00 best=6.566343e-01
[NA] iter=00000 eval=00217 misfit=6.589708e+00 best=6.566343e-01
[NA] iter=00000 eval=00218 misfit=3.710306e+01 best=6.566343e-01
[NA] iter=00000 eval=00219 misfit=1.091179e+01 best=6.566343e-01
[NA] iter=00000 eval=00220 misfit=7.570671e-01 best=6.566343e-01
[NA] iter=00000 eval=00221 misfit=8.782430e-01 best=6.566343e-01
[NA] iter=00000 eval=00222 misfit=5.459235e+00 best=6.566343e-01
[NA] iter=00000 eval=00223 misfit=3.031740e+00 best=6.566343e-01
[NA] iter=00000 eval=00224 misfit=9.046039e-01 best=6.566343e-01
[NA] iter=00000 eval=00225 misfit=9.898075e-01 best=6.566343e-01
[NA] iter=00000 eval=00226 misfit=6.144750e+00 best=6.566343e-01
[NA] iter=00000 eval=00227 misfit=2.278790e+00 best=6.566343e-01
[NA] iter=00000 eval=00228 misfit=3.587528e+00 best=6.566343e-01
[NA] iter=00000 eval=00229 misfit=6.667694e+00 best=6.566343e-01
[NA] iter=00000 eval=00230 misfit=1.737803e+00 best=6.566343e-01
[NA] iter=00000 eval=00231 misfit=1.755915e+01 best=6.566343e-01
[NA] iter=00000 eval=00232 misfit=4.730639e+00 best=6.566343e-01
[NA] iter=00000 eval=00233 misfit=1.247045e+00 best=6.566343e-01
[NA] iter=00000 eval=00234 misfit=2.110407e+01 best=6.566343e-01
[NA] iter=00000 eval=00235 misfit=4.139296e+01 best=6.566343e-01
[NA] iter=00000 eval=00236 misfit=8.683044e-01 best=6.566343e-01
[NA] iter=00000 eval=00237 misfit=5.756845e+00 best=6.566343e-01
[NA] iter=00000 eval=00238 misfit=9.092358e+00 best=6.566343e-01
[NA] iter=00000 eval=00239 misfit=3.191484e+00 best=6.566343e-01
[NA] iter=00000 eval=00240 misfit=1.567042e+01 best=6.566343e-01
[NA] iter=00000 eval=00241 misfit=8.763794e-01 best=6.566343e-01
[NA] iter=00000 eval=00242 misfit=1.797277e+01 best=6.566343e-01
[NA] iter=00000 eval=00243 misfit=1.397922e+00 best=6.566343e-01
[NA] iter=00000 eval=00244 misfit=3.324040e+00 best=6.566343e-01
[NA] iter=00000 eval=00245 misfit=3.070720e+00 best=6.566343e-01
[NA] iter=00000 eval=00246 misfit=5.819163e+00 best=6.566343e-01
[NA] iter=00000 eval=00247 misfit=3.486569e+00 best=6.566343e-01
[NA] iter=00000 eval=00248 misfit=2.628897e+01 best=6.566343e-01
[NA] iter=00000 eval=00249 misfit=9.318473e-01 best=6.566343e-01
[NA] iter=00000 eval=00250 misfit=1.398976e+00 best=6.566343e-01
[NA] iter=00000 eval=00251 misfit=1.554469e+00 best=6.566343e-01
[NA] iter=00000 eval=00252 misfit=2.706607e+00 best=6.566343e-01
[NA] iter=00000 eval=00253 misfit=1.663024e+00 best=6.566343e-01
[NA] iter=00000 eval=00254 misfit=6.061954e+00 best=6.566343e-01
[NA] iter=00000 eval=00255 misfit=6.524591e+00 best=6.566343e-01
[NA] iter=00000 eval=00256 misfit=7.564759e+00 best=6.566343e-01
[NA] iter=00000 eval=00257 misfit=1.564556e+00 best=6.566343e-01
[NA] iter=00000 eval=00258 misfit=2.786974e+01 best=6.566343e-01
[NA] iter=00000 eval=00259 misfit=2.017845e+00 best=6.566343e-01
[NA] iter=00000 eval=00260 misfit=8.894313e+00 best=6.566343e-01
[NA] iter=00000 eval=00261 misfit=9.102162e-01 best=6.566343e-01
[NA] iter=00000 eval=00262 misfit=5.484697e+00 best=6.566343e-01
[NA] iter=00000 eval=00263 misfit=1.046732e+00 best=6.566343e-01
[NA] iter=00000 eval=00264 misfit=3.515961e+00 best=6.566343e-01
[NA] iter=00000 eval=00265 misfit=8.695801e-01 best=6.566343e-01
[NA] iter=00000 eval=00266 misfit=3.540121e+00 best=6.566343e-01
[NA] iter=00000 eval=00267 misfit=1.468072e+00 best=6.566343e-01
[NA] iter=00000 eval=00268 misfit=5.637580e+00 best=6.566343e-01
[NA] iter=00000 eval=00269 misfit=1.065826e+00 best=6.566343e-01
[NA] iter=00000 eval=00270 misfit=6.900994e+00 best=6.566343e-01
[NA] iter=00000 eval=00271 misfit=4.157868e+00 best=6.566343e-01
[NA] iter=00000 eval=00272 misfit=9.013696e+00 best=6.566343e-01
[NA] iter=00000 eval=00273 misfit=5.553558e+01 best=6.566343e-01
[NA] iter=00000 eval=00274 misfit=6.201242e+00 best=6.566343e-01
[NA] iter=00000 eval=00275 misfit=8.624072e-01 best=6.566343e-01
[NA] iter=00000 eval=00276 misfit=1.033886e+00 best=6.566343e-01
[NA] iter=00000 eval=00277 misfit=1.205633e+00 best=6.566343e-01
[NA] iter=00000 eval=00278 misfit=6.763712e+00 best=6.566343e-01
[NA] iter=00000 eval=00279 misfit=3.126049e+00 best=6.566343e-01
[NA] iter=00000 eval=00280 misfit=1.642924e+01 best=6.566343e-01
[NA] iter=00000 eval=00281 misfit=9.900758e-01 best=6.566343e-01
[NA] iter=00000 eval=00282 misfit=2.454190e+00 best=6.566343e-01
[NA] iter=00000 eval=00283 misfit=1.391215e+00 best=6.566343e-01
[NA] iter=00000 eval=00284 misfit=1.910897e+00 best=6.566343e-01
[NA] iter=00000 eval=00285 misfit=2.583992e+01 best=6.566343e-01
[NA] iter=00000 eval=00286 misfit=4.122398e+00 best=6.566343e-01
[NA] iter=00000 eval=00287 misfit=6.138476e+00 best=6.566343e-01
[NA] iter=00000 eval=00288 misfit=1.276367e+00 best=6.566343e-01
[NA] iter=00000 eval=00289 misfit=1.566427e+01 best=6.566343e-01
[NA] iter=00000 eval=00290 misfit=5.197652e+00 best=6.566343e-01
[NA] iter=00000 eval=00291 misfit=1.173439e+00 best=6.566343e-01
[NA] iter=00000 eval=00292 misfit=1.123690e+01 best=6.566343e-01
[NA] iter=00000 eval=00293 misfit=1.458228e+00 best=6.566343e-01
[NA] iter=00000 eval=00294 misfit=3.229575e+00 best=6.566343e-01
[NA] iter=00000 eval=00295 misfit=2.518894e+00 best=6.566343e-01
[NA] iter=00000 eval=00296 misfit=1.827390e+01 best=6.566343e-01
[NA] iter=00000 eval=00297 misfit=4.380321e+00 best=6.566343e-01
[NA] iter=00000 eval=00298 misfit=8.480562e-01 best=6.566343e-01
[NA] iter=00000 eval=00299 misfit=1.203528e+01 best=6.566343e-01
[NA] iter=00000 eval=00300 misfit=8.357046e-01 best=6.566343e-01
[NA] iter=00000 eval=00301 misfit=1.348074e+01 best=6.566343e-01
[NA] iter=00000 eval=00302 misfit=1.244857e+00 best=6.566343e-01
[NA] iter=00000 eval=00303 misfit=2.029311e+00 best=6.566343e-01
[NA] iter=00000 eval=00304 misfit=1.783597e+00 best=6.566343e-01
[NA] iter=00000 eval=00305 misfit=1.050343e+00 best=6.566343e-01
[NA] iter=00000 eval=00306 misfit=3.572188e+00 best=6.566343e-01
[NA] iter=00000 eval=00307 misfit=5.240216e+00 best=6.566343e-01
[NA] iter=00000 eval=00308 misfit=3.719783e+00 best=6.566343e-01
[NA] iter=00000 eval=00309 misfit=3.274268e+01 best=6.566343e-01
[NA] iter=00000 eval=00310 misfit=1.615414e+00 best=6.566343e-01
[NA] iter=00000 eval=00311 misfit=2.127981e+00 best=6.566343e-01
[NA] iter=00000 eval=00312 misfit=8.492163e-01 best=6.566343e-01
[NA] iter=00000 eval=00313 misfit=5.910333e+00 best=6.566343e-01
[NA] iter=00000 eval=00314 misfit=6.248991e+00 best=6.566343e-01
[NA] iter=00000 eval=00315 misfit=4.133782e+01 best=6.566343e-01
[NA] iter=00000 eval=00316 misfit=7.237059e+00 best=6.566343e-01
[NA] iter=00000 eval=00317 misfit=4.782122e+00 best=6.566343e-01
[NA] iter=00000 eval=00318 misfit=1.141706e+00 best=6.566343e-01
[NA] iter=00000 eval=00319 misfit=1.836215e+01 best=6.566343e-01
[NA] iter=00000 eval=00320 misfit=2.634433e+00 best=6.566343e-01
[NA] iter=00000 eval=00321 misfit=1.915113e+01 best=6.566343e-01
[NA] iter=00000 eval=00322 misfit=9.517128e-01 best=6.566343e-01
[NA] iter=00000 eval=00323 misfit=4.403340e+00 best=6.566343e-01
[NA] iter=00000 eval=00324 misfit=9.693607e-01 best=6.566343e-01
[NA] iter=00000 eval=00325 misfit=1.644898e+01 best=6.566343e-01
[NA] iter=00000 eval=00326 misfit=1.426699e+00 best=6.566343e-01
[NA] iter=00000 eval=00327 misfit=9.596690e-01 best=6.566343e-01
[NA] iter=00000 eval=00328 misfit=8.668723e+01 best=6.566343e-01
[NA] iter=00000 eval=00329 misfit=1.076820e+01 best=6.566343e-01
[NA] iter=00000 eval=00330 misfit=2.415221e+00 best=6.566343e-01
[NA] iter=00000 eval=00331 misfit=7.788463e-01 best=6.566343e-01
[NA] iter=00000 eval=00332 misfit=5.564352e+00 best=6.566343e-01
[NA] iter=00000 eval=00333 misfit=1.052815e+00 best=6.566343e-01
[NA] iter=00000 eval=00334 misfit=6.496082e+00 best=6.566343e-01
[NA] iter=00000 eval=00335 misfit=9.626188e-01 best=6.566343e-01
[NA] iter=00000 eval=00336 misfit=1.834366e+00 best=6.566343e-01
[NA] iter=00000 eval=00337 misfit=9.753279e-01 best=6.566343e-01
[NA] iter=00000 eval=00338 misfit=2.500608e+00 best=6.566343e-01
[NA] iter=00000 eval=00339 misfit=7.284761e+00 best=6.566343e-01
[NA] iter=00000 eval=00340 misfit=1.546308e+00 best=6.566343e-01
[NA] iter=00000 eval=00341 misfit=9.823237e+00 best=6.566343e-01
[NA] iter=00000 eval=00342 misfit=3.631839e+00 best=6.566343e-01
[NA] iter=00000 eval=00343 misfit=5.359912e+00 best=6.566343e-01
[NA] iter=00000 eval=00344 misfit=4.835618e+00 best=6.566343e-01
[NA] iter=00000 eval=00345 misfit=1.472779e+01 best=6.566343e-01
[NA] iter=00000 eval=00346 misfit=3.990873e+00 best=6.566343e-01
[NA] iter=00000 eval=00347 misfit=7.597747e+00 best=6.566343e-01
[NA] iter=00000 eval=00348 misfit=3.039151e+00 best=6.566343e-01
[NA] iter=00000 eval=00349 misfit=1.993791e+00 best=6.566343e-01
[NA] iter=00000 eval=00350 misfit=9.714750e+00 best=6.566343e-01
[NA] iter=00000 eval=00351 misfit=1.245815e+00 best=6.566343e-01
[NA] iter=00000 eval=00352 misfit=9.534900e-01 best=6.566343e-01
[NA] iter=00000 eval=00353 misfit=3.896793e+00 best=6.566343e-01
[NA] iter=00000 eval=00354 misfit=2.334124e+01 best=6.566343e-01
[NA] iter=00000 eval=00355 misfit=5.528670e+00 best=6.566343e-01
[NA] iter=00000 eval=00356 misfit=4.311094e+00 best=6.566343e-01
[NA] iter=00000 eval=00357 misfit=4.319152e+00 best=6.566343e-01
[NA] iter=00000 eval=00358 misfit=3.324736e+00 best=6.566343e-01
[NA] iter=00000 eval=00359 misfit=1.348960e+00 best=6.566343e-01
[NA] iter=00000 eval=00360 misfit=3.338014e+00 best=6.566343e-01
[NA] iter=00000 eval=00361 misfit=4.400538e+00 best=6.566343e-01
[NA] iter=00000 eval=00362 misfit=1.461297e+00 best=6.566343e-01
[NA] iter=00000 eval=00363 misfit=5.807338e+00 best=6.566343e-01
[NA] iter=00000 eval=00364 misfit=9.199681e-01 best=6.566343e-01
[NA] iter=00000 eval=00365 misfit=5.022768e+00 best=6.566343e-01
[NA] iter=00000 eval=00366 misfit=1.347637e+00 best=6.566343e-01
[NA] iter=00000 eval=00367 misfit=1.052197e+01 best=6.566343e-01
[NA] iter=00000 eval=00368 misfit=4.069221e+00 best=6.566343e-01
[NA] iter=00000 eval=00369 misfit=8.841426e-01 best=6.566343e-01
[NA] iter=00000 eval=00370 misfit=7.380779e-01 best=6.566343e-01
[NA] iter=00000 eval=00371 misfit=9.155388e+00 best=6.566343e-01
[NA] iter=00000 eval=00372 misfit=1.188962e+00 best=6.566343e-01
[NA] iter=00000 eval=00373 misfit=8.902465e-01 best=6.566343e-01
[NA] iter=00000 eval=00374 misfit=9.210800e+00 best=6.566343e-01
[NA] iter=00000 eval=00375 misfit=4.304419e+00 best=6.566343e-01
[NA] iter=00000 eval=00376 misfit=2.993293e+00 best=6.566343e-01
[NA] iter=00000 eval=00377 misfit=9.627228e-01 best=6.566343e-01
[NA] iter=00000 eval=00378 misfit=1.372113e+00 best=6.566343e-01
[NA] iter=00000 eval=00379 misfit=2.051773e+01 best=6.566343e-01
[NA] iter=00000 eval=00380 misfit=1.052369e+01 best=6.566343e-01
[NA] iter=00000 eval=00381 misfit=8.751477e+01 best=6.566343e-01
[NA] iter=00000 eval=00382 misfit=1.098091e+01 best=6.566343e-01
[NA] iter=00000 eval=00383 misfit=1.053920e+00 best=6.566343e-01
[NA] iter=00000 eval=00384 misfit=2.497827e+00 best=6.566343e-01
[NA] iter=00000 eval=00385 misfit=3.099273e+00 best=6.566343e-01
[NA] iter=00000 eval=00386 misfit=3.170602e+00 best=6.566343e-01
[NA] iter=00000 eval=00387 misfit=5.498485e+00 best=6.566343e-01
[NA] iter=00000 eval=00388 misfit=6.929155e+00 best=6.566343e-01
[NA] iter=00000 eval=00389 misfit=4.567121e+00 best=6.566343e-01
[NA] iter=00000 eval=00390 misfit=6.942850e+00 best=6.566343e-01
[NA] iter=00000 eval=00391 misfit=2.824838e+00 best=6.566343e-01
[NA] iter=00000 eval=00392 misfit=4.579316e+00 best=6.566343e-01
[NA] iter=00000 eval=00393 misfit=2.551066e+00 best=6.566343e-01
[NA] iter=00000 eval=00394 misfit=4.893868e+00 best=6.566343e-01
[NA] iter=00000 eval=00395 misfit=1.740230e+00 best=6.566343e-01
[NA] iter=00000 eval=00396 misfit=4.392830e+01 best=6.566343e-01
[NA] iter=00000 eval=00397 misfit=3.125375e+00 best=6.566343e-01
[NA] iter=00000 eval=00398 misfit=2.320798e+00 best=6.566343e-01
[NA] iter=00000 eval=00399 misfit=1.282424e+01 best=6.566343e-01
[NA] iter=00000 eval=00400 misfit=1.721470e+00 best=6.566343e-01
[NA] iter=00000 eval=00401 misfit=1.991185e+00 best=6.566343e-01
[NA] iter=00000 eval=00402 misfit=2.291941e+00 best=6.566343e-01
[NA] iter=00000 eval=00403 misfit=1.146560e+01 best=6.566343e-01
[NA] iter=00000 eval=00404 misfit=7.257642e-01 best=6.566343e-01
[NA] iter=00000 eval=00405 misfit=1.290646e+00 best=6.566343e-01
[NA] iter=00000 eval=00406 misfit=3.695019e+00 best=6.566343e-01
[NA] iter=00000 eval=00407 misfit=9.642969e-01 best=6.566343e-01
[NA] iter=00000 eval=00408 misfit=1.302628e+01 best=6.566343e-01
[NA] iter=00000 eval=00409 misfit=7.908335e+00 best=6.566343e-01
[NA] iter=00000 eval=00410 misfit=1.785881e+01 best=6.566343e-01
[NA] iter=00000 eval=00411 misfit=9.940249e-01 best=6.566343e-01
[NA] iter=00000 eval=00412 misfit=9.127677e-01 best=6.566343e-01
[NA] iter=00000 eval=00413 misfit=9.083094e-01 best=6.566343e-01
[NA] iter=00000 eval=00414 misfit=4.177027e+00 best=6.566343e-01
[NA] iter=00000 eval=00415 misfit=1.050453e+01 best=6.566343e-01
[NA] iter=00000 eval=00416 misfit=1.117606e+00 best=6.566343e-01
[NA] iter=00000 eval=00417 misfit=4.376169e+00 best=6.566343e-01
[NA] iter=00000 eval=00418 misfit=4.497028e+00 best=6.566343e-01
[NA] iter=00000 eval=00419 misfit=9.073668e+00 best=6.566343e-01
[NA] iter=00000 eval=00420 misfit=2.352591e+01 best=6.566343e-01
[NA] iter=00000 eval=00421 misfit=2.137266e+00 best=6.566343e-01
[NA] iter=00000 eval=00422 misfit=8.320337e-01 best=6.566343e-01
[NA] iter=00000 eval=00423 misfit=5.084862e+00 best=6.566343e-01
[NA] iter=00000 eval=00424 misfit=2.080058e+00 best=6.566343e-01
[NA] iter=00000 eval=00425 misfit=2.217302e+00 best=6.566343e-01
[NA] iter=00000 eval=00426 misfit=2.545780e+00 best=6.566343e-01
[NA] iter=00000 eval=00427 misfit=1.113554e+00 best=6.566343e-01
[NA] iter=00000 eval=00428 misfit=2.576426e+00 best=6.566343e-01
[NA] iter=00000 eval=00429 misfit=3.687308e+00 best=6.566343e-01
[NA] iter=00000 eval=00430 misfit=4.944747e+00 best=6.566343e-01
[NA] iter=00000 eval=00431 misfit=1.434651e+00 best=6.566343e-01
[NA] iter=00000 eval=00432 misfit=9.192732e+00 best=6.566343e-01
[NA] iter=00000 eval=00433 misfit=1.319822e+00 best=6.566343e-01
[NA] iter=00000 eval=00434 misfit=8.675300e-01 best=6.566343e-01
[NA] iter=00000 eval=00435 misfit=6.732769e+00 best=6.566343e-01
[NA] iter=00000 eval=00436 misfit=8.732902e+00 best=6.566343e-01
[NA] iter=00000 eval=00437 misfit=6.545476e+00 best=6.566343e-01
[NA] iter=00000 eval=00438 misfit=5.608238e+00 best=6.566343e-01
[NA] iter=00000 eval=00439 misfit=8.288577e+00 best=6.566343e-01
[NA] iter=00000 eval=00440 misfit=3.888442e+00 best=6.566343e-01
[NA] iter=00000 eval=00441 misfit=7.905289e+00 best=6.566343e-01
[NA] iter=00000 eval=00442 misfit=6.295134e+00 best=6.566343e-01
[NA] iter=00000 eval=00443 misfit=7.069739e+00 best=6.566343e-01
[NA] iter=00000 eval=00444 misfit=2.378254e+01 best=6.566343e-01
[NA] iter=00000 eval=00445 misfit=7.919756e+00 best=6.566343e-01
[NA] iter=00000 eval=00446 misfit=1.537228e+00 best=6.566343e-01
[NA] iter=00000 eval=00447 misfit=8.760216e+00 best=6.566343e-01
[NA] iter=00000 eval=00448 misfit=1.136406e+00 best=6.566343e-01
[NA] iter=00000 eval=00449 misfit=1.616413e+01 best=6.566343e-01
[NA] iter=00000 eval=00450 misfit=4.776491e+01 best=6.566343e-01
[NA] iter=00000 eval=00451 misfit=8.802326e+00 best=6.566343e-01
[NA] iter=00000 eval=00452 misfit=9.899499e-01 best=6.566343e-01
[NA] iter=00000 eval=00453 misfit=8.701752e+00 best=6.566343e-01
[NA] iter=00000 eval=00454 misfit=2.233649e+01 best=6.566343e-01
[NA] iter=00000 eval=00455 misfit=4.274073e+00 best=6.566343e-01
[NA] iter=00000 eval=00456 misfit=1.339304e+01 best=6.566343e-01
[NA] iter=00000 eval=00457 misfit=1.856556e+01 best=6.566343e-01
[NA] iter=00000 eval=00458 misfit=9.574767e-01 best=6.566343e-01
[NA] iter=00000 eval=00459 misfit=3.249357e+00 best=6.566343e-01
[NA] iter=00000 eval=00460 misfit=3.025243e+00 best=6.566343e-01
[NA] iter=00000 eval=00461 misfit=1.080655e+01 best=6.566343e-01
[NA] iter=00000 eval=00462 misfit=8.751059e-01 best=6.566343e-01
[NA] iter=00000 eval=00463 misfit=6.652992e+00 best=6.566343e-01
[NA] iter=00000 eval=00464 misfit=7.852248e+00 best=6.566343e-01
[NA] iter=00000 eval=00465 misfit=5.464237e+00 best=6.566343e-01
[NA] iter=00000 eval=00466 misfit=1.590265e+00 best=6.566343e-01
[NA] iter=00000 eval=00467 misfit=7.848507e-01 best=6.566343e-01
[NA] iter=00000 eval=00468 misfit=8.223168e-01 best=6.566343e-01
[NA] iter=00000 eval=00469 misfit=1.155891e+00 best=6.566343e-01
[NA] iter=00000 eval=00470 misfit=7.290590e+00 best=6.566343e-01
[NA] iter=00000 eval=00471 misfit=1.012861e+00 best=6.566343e-01
[NA] iter=00000 eval=00472 misfit=9.603979e-01 best=6.566343e-01
[NA] iter=00000 eval=00473 misfit=1.115492e+00 best=6.566343e-01
[NA] iter=00000 eval=00474 misfit=7.175834e-01 best=6.566343e-01
[NA] iter=00000 eval=00475 misfit=2.149636e+00 best=6.566343e-01
[NA] iter=00000 eval=00476 misfit=1.301306e+00 best=6.566343e-01
[NA] iter=00000 eval=00477 misfit=3.740243e+00 best=6.566343e-01
[NA] iter=00000 eval=00478 misfit=2.714393e+00 best=6.566343e-01
[NA] iter=00000 eval=00479 misfit=1.027671e+01 best=6.566343e-01
[NA] iter=00000 eval=00480 misfit=1.023627e+00 best=6.566343e-01
[NA] iter=00000 eval=00481 misfit=3.563648e+00 best=6.566343e-01
[NA] iter=00000 eval=00482 misfit=2.354958e+00 best=6.566343e-01
[NA] iter=00000 eval=00483 misfit=2.273666e+00 best=6.566343e-01
[NA] iter=00000 eval=00484 misfit=8.199584e+00 best=6.566343e-01
[NA] iter=00000 eval=00485 misfit=2.698346e+01 best=6.566343e-01
[NA] iter=00000 eval=00486 misfit=7.559233e+00 best=6.566343e-01
[NA] iter=00000 eval=00487 misfit=2.713098e+00 best=6.566343e-01
[NA] iter=00000 eval=00488 misfit=5.382782e+00 best=6.566343e-01
[NA] iter=00000 eval=00489 misfit=8.801436e-01 best=6.566343e-01
[NA] iter=00000 eval=00490 misfit=3.293923e+00 best=6.566343e-01
[NA] iter=00000 eval=00491 misfit=8.649236e-01 best=6.566343e-01
[NA] iter=00000 eval=00492 misfit=8.060459e-01 best=6.566343e-01
[NA] iter=00000 eval=00493 misfit=1.048891e+01 best=6.566343e-01
[NA] iter=00000 eval=00494 misfit=7.916304e+00 best=6.566343e-01
[NA] iter=00000 eval=00495 misfit=1.252890e+01 best=6.566343e-01
[NA] iter=00000 eval=00496 misfit=2.299529e+00 best=6.566343e-01
[NA] iter=00000 eval=00497 misfit=1.002692e+00 best=6.566343e-01
[NA] iter=00000 eval=00498 misfit=2.677823e+00 best=6.566343e-01
[NA] iter=00000 eval=00499 misfit=1.105987e+01 best=6.566343e-01
[NA] iter=00000 eval=00500 misfit=2.015116e+00 best=6.566343e-01
NAI - Optimisation Loop:   0%|          | 0/50 [00:00<?, ?it/s][NA] iter=00001 eval=00501 misfit=9.277047e-01 best=6.566343e-01
[NA] iter=00001 eval=00502 misfit=9.323192e-01 best=6.566343e-01
[NA] iter=00001 eval=00503 misfit=3.781710e+00 best=6.566343e-01
[NA] iter=00001 eval=00504 misfit=3.151947e+00 best=6.566343e-01
[NA] iter=00001 eval=00505 misfit=1.480517e+00 best=6.566343e-01
[NA] iter=00001 eval=00506 misfit=4.038001e+00 best=6.566343e-01
[NA] iter=00001 eval=00507 misfit=6.608357e+00 best=6.566343e-01
[NA] iter=00001 eval=00508 misfit=1.980371e+00 best=6.566343e-01
[NA] iter=00001 eval=00509 misfit=1.646114e+00 best=6.566343e-01
[NA] iter=00001 eval=00510 misfit=3.716586e+00 best=6.566343e-01
[NA] iter=00001 eval=00511 misfit=3.841412e+00 best=6.566343e-01
[NA] iter=00001 eval=00512 misfit=1.881280e+00 best=6.566343e-01
[NA] iter=00001 eval=00513 misfit=3.872857e+00 best=6.566343e-01
[NA] iter=00001 eval=00514 misfit=1.207194e+00 best=6.566343e-01
[NA] iter=00001 eval=00515 misfit=3.037853e+00 best=6.566343e-01
[NA] iter=00001 eval=00516 misfit=1.324349e+00 best=6.566343e-01
[NA] iter=00001 eval=00517 misfit=8.361895e-01 best=6.566343e-01
[NA] iter=00001 eval=00518 misfit=8.445978e-01 best=6.566343e-01
[NA] iter=00001 eval=00519 misfit=9.199263e-01 best=6.566343e-01
[NA] iter=00001 eval=00520 misfit=8.462627e-01 best=6.566343e-01
[NA] iter=00001 eval=00521 misfit=1.805789e+00 best=6.566343e-01
[NA] iter=00001 eval=00522 misfit=1.246598e+00 best=6.566343e-01
[NA] iter=00001 eval=00523 misfit=5.023270e+00 best=6.566343e-01
[NA] iter=00001 eval=00524 misfit=8.274853e-01 best=6.566343e-01
[NA] iter=00001 eval=00525 misfit=1.105991e+00 best=6.566343e-01
[NA] iter=00001 eval=00526 misfit=9.224544e-01 best=6.566343e-01
[NA] iter=00001 eval=00527 misfit=8.340187e-01 best=6.566343e-01
[NA] iter=00001 eval=00528 misfit=9.023917e-01 best=6.566343e-01
[NA] iter=00001 eval=00529 misfit=8.453515e-01 best=6.566343e-01
[NA] iter=00001 eval=00530 misfit=7.828240e-01 best=6.566343e-01
[NA] iter=00001 eval=00531 misfit=3.836613e+00 best=6.566343e-01
[NA] iter=00001 eval=00532 misfit=1.547990e+00 best=6.566343e-01
[NA] iter=00001 eval=00533 misfit=3.440612e+00 best=6.566343e-01
[NA] iter=00001 eval=00534 misfit=8.809907e-01 best=6.566343e-01
[NA] iter=00001 eval=00535 misfit=8.359267e-01 best=6.566343e-01
[NA] iter=00001 eval=00536 misfit=3.015879e+00 best=6.566343e-01
[NA] iter=00001 eval=00537 misfit=8.402262e-01 best=6.566343e-01
[NA] iter=00001 eval=00538 misfit=7.691285e-01 best=6.566343e-01
[NA] iter=00001 eval=00539 misfit=1.917271e+00 best=6.566343e-01
[NA] iter=00001 eval=00540 misfit=2.503853e+00 best=6.566343e-01
[NA] iter=00001 eval=00541 misfit=1.002412e+00 best=6.566343e-01
[NA] iter=00001 eval=00542 misfit=1.000405e+00 best=6.566343e-01
[NA] iter=00001 eval=00543 misfit=9.704108e-01 best=6.566343e-01
[NA] iter=00001 eval=00544 misfit=1.038776e+00 best=6.566343e-01
[NA] iter=00001 eval=00545 misfit=1.003024e+00 best=6.566343e-01
[NA] iter=00001 eval=00546 misfit=9.479227e-01 best=6.566343e-01
[NA] iter=00001 eval=00547 misfit=1.082729e+00 best=6.566343e-01
[NA] iter=00001 eval=00548 misfit=9.064584e-01 best=6.566343e-01
[NA] iter=00001 eval=00549 misfit=1.372481e+00 best=6.566343e-01
[NA] iter=00001 eval=00550 misfit=1.266068e+00 best=6.566343e-01
NAI - Optimisation Loop:   2%|▏         | 1/50 [00:19<15:35, 19.09s/it][NA] iter=00002 eval=00551 misfit=6.864240e-01 best=6.566343e-01
[NA] iter=00002 eval=00552 misfit=8.621768e-01 best=6.566343e-01
[NA] iter=00002 eval=00553 misfit=9.541081e-01 best=6.566343e-01
[NA] iter=00002 eval=00554 misfit=8.314680e-01 best=6.566343e-01
[NA] iter=00002 eval=00555 misfit=7.667566e-01 best=6.566343e-01
[NA] iter=00002 eval=00556 misfit=9.805204e-01 best=6.566343e-01
[NA] iter=00002 eval=00557 misfit=8.873841e-01 best=6.566343e-01
[NA] iter=00002 eval=00558 misfit=1.150378e+00 best=6.566343e-01
[NA] iter=00002 eval=00559 misfit=7.526019e-01 best=6.566343e-01
[NA] iter=00002 eval=00560 misfit=9.511815e-01 best=6.566343e-01
[NA] iter=00002 eval=00561 misfit=8.109974e-01 best=6.566343e-01
[NA] iter=00002 eval=00562 misfit=9.977476e-01 best=6.566343e-01
[NA] iter=00002 eval=00563 misfit=1.022964e+00 best=6.566343e-01
[NA] iter=00002 eval=00564 misfit=1.353545e+00 best=6.566343e-01
[NA] iter=00002 eval=00565 misfit=8.126586e-01 best=6.566343e-01
[NA] iter=00002 eval=00566 misfit=8.512037e-01 best=6.566343e-01
[NA] iter=00002 eval=00567 misfit=7.597322e-01 best=6.566343e-01
[NA] iter=00002 eval=00568 misfit=1.124717e+00 best=6.566343e-01
[NA] iter=00002 eval=00569 misfit=9.159570e-01 best=6.566343e-01
[NA] iter=00002 eval=00570 misfit=9.509087e-01 best=6.566343e-01
[NA] iter=00002 eval=00571 misfit=1.694892e+00 best=6.566343e-01
[NA] iter=00002 eval=00572 misfit=1.173988e+00 best=6.566343e-01
[NA] iter=00002 eval=00573 misfit=8.771557e-01 best=6.566343e-01
[NA] iter=00002 eval=00574 misfit=7.605741e-01 best=6.566343e-01
[NA] iter=00002 eval=00575 misfit=1.910131e+00 best=6.566343e-01
[NA] iter=00002 eval=00576 misfit=7.431154e-01 best=6.566343e-01
[NA] iter=00002 eval=00577 misfit=9.253186e-01 best=6.566343e-01
[NA] iter=00002 eval=00578 misfit=1.490305e+00 best=6.566343e-01
[NA] iter=00002 eval=00579 misfit=1.379428e+00 best=6.566343e-01
[NA] iter=00002 eval=00580 misfit=7.452862e-01 best=6.566343e-01
[NA] iter=00002 eval=00581 misfit=7.095400e-01 best=6.566343e-01
[NA] iter=00002 eval=00582 misfit=7.983847e-01 best=6.566343e-01
[NA] iter=00002 eval=00583 misfit=9.969588e-01 best=6.566343e-01
[NA] iter=00002 eval=00584 misfit=7.264324e-01 best=6.566343e-01
[NA] iter=00002 eval=00585 misfit=8.453903e-01 best=6.566343e-01
[NA] iter=00002 eval=00586 misfit=8.239230e-01 best=6.566343e-01
[NA] iter=00002 eval=00587 misfit=1.158631e+00 best=6.566343e-01
[NA] iter=00002 eval=00588 misfit=8.418282e-01 best=6.566343e-01
[NA] iter=00002 eval=00589 misfit=1.020437e+00 best=6.566343e-01
[NA] iter=00002 eval=00590 misfit=8.649534e-01 best=6.566343e-01
[NA] iter=00002 eval=00591 misfit=9.461818e-01 best=6.566343e-01
[NA] iter=00002 eval=00592 misfit=9.189384e-01 best=6.566343e-01
[NA] iter=00002 eval=00593 misfit=9.261204e-01 best=6.566343e-01
[NA] iter=00002 eval=00594 misfit=1.014807e+00 best=6.566343e-01
[NA] iter=00002 eval=00595 misfit=7.659532e-01 best=6.566343e-01
[NA] iter=00002 eval=00596 misfit=7.800450e-01 best=6.566343e-01
[NA] iter=00002 eval=00597 misfit=9.292767e-01 best=6.566343e-01
[NA] iter=00002 eval=00598 misfit=7.348616e-01 best=6.566343e-01
[NA] iter=00002 eval=00599 misfit=1.543974e+00 best=6.566343e-01
[NA] iter=00002 eval=00600 misfit=9.178684e-01 best=6.566343e-01
NAI - Optimisation Loop:   4%|▍         | 2/50 [00:38<15:13, 19.03s/it][NA] iter=00003 eval=00601 misfit=8.997383e-01 best=6.566343e-01
[NA] iter=00003 eval=00602 misfit=8.138124e-01 best=6.566343e-01
[NA] iter=00003 eval=00603 misfit=9.029156e-01 best=6.566343e-01
[NA] iter=00003 eval=00604 misfit=7.745198e-01 best=6.566343e-01
[NA] iter=00003 eval=00605 misfit=9.395130e-01 best=6.566343e-01
[NA] iter=00003 eval=00606 misfit=7.452479e-01 best=6.566343e-01
[NA] iter=00003 eval=00607 misfit=8.283140e-01 best=6.566343e-01
[NA] iter=00003 eval=00608 misfit=6.614753e-01 best=6.566343e-01
[NA] iter=00003 eval=00609 misfit=6.562960e-01 best=6.562960e-01
[NA] iter=00003 eval=00610 misfit=8.279415e-01 best=6.562960e-01
[NA] iter=00003 eval=00611 misfit=8.517239e-01 best=6.562960e-01
[NA] iter=00003 eval=00612 misfit=8.204125e-01 best=6.562960e-01
[NA] iter=00003 eval=00613 misfit=8.854406e-01 best=6.562960e-01
[NA] iter=00003 eval=00614 misfit=1.623838e+00 best=6.562960e-01
[NA] iter=00003 eval=00615 misfit=1.578527e+00 best=6.562960e-01
[NA] iter=00003 eval=00616 misfit=8.785673e-01 best=6.562960e-01
[NA] iter=00003 eval=00617 misfit=8.139532e-01 best=6.562960e-01
[NA] iter=00003 eval=00618 misfit=9.419288e-01 best=6.562960e-01
[NA] iter=00003 eval=00619 misfit=7.935166e-01 best=6.562960e-01
[NA] iter=00003 eval=00620 misfit=1.096038e+00 best=6.562960e-01
[NA] iter=00003 eval=00621 misfit=6.978869e-01 best=6.562960e-01
[NA] iter=00003 eval=00622 misfit=7.746434e-01 best=6.562960e-01
[NA] iter=00003 eval=00623 misfit=6.947661e-01 best=6.562960e-01
[NA] iter=00003 eval=00624 misfit=1.997061e+00 best=6.562960e-01
[NA] iter=00003 eval=00625 misfit=7.182913e-01 best=6.562960e-01
[NA] iter=00003 eval=00626 misfit=8.102352e-01 best=6.562960e-01
[NA] iter=00003 eval=00627 misfit=7.391428e-01 best=6.562960e-01
[NA] iter=00003 eval=00628 misfit=8.598810e-01 best=6.562960e-01
[NA] iter=00003 eval=00629 misfit=8.231624e-01 best=6.562960e-01
[NA] iter=00003 eval=00630 misfit=9.803736e-01 best=6.562960e-01
[NA] iter=00003 eval=00631 misfit=6.984324e-01 best=6.562960e-01
[NA] iter=00003 eval=00632 misfit=1.429180e+00 best=6.562960e-01
[NA] iter=00003 eval=00633 misfit=8.962163e-01 best=6.562960e-01
[NA] iter=00003 eval=00634 misfit=7.350425e-01 best=6.562960e-01
[NA] iter=00003 eval=00635 misfit=2.109165e+00 best=6.562960e-01
[NA] iter=00003 eval=00636 misfit=2.322512e+00 best=6.562960e-01
[NA] iter=00003 eval=00637 misfit=9.395426e-01 best=6.562960e-01
[NA] iter=00003 eval=00638 misfit=1.662614e+00 best=6.562960e-01
[NA] iter=00003 eval=00639 misfit=8.976408e-01 best=6.562960e-01
[NA] iter=00003 eval=00640 misfit=1.346755e+00 best=6.562960e-01
[NA] iter=00003 eval=00641 misfit=7.274748e-01 best=6.562960e-01
[NA] iter=00003 eval=00642 misfit=7.303627e-01 best=6.562960e-01
[NA] iter=00003 eval=00643 misfit=8.445941e-01 best=6.562960e-01
[NA] iter=00003 eval=00644 misfit=7.623266e-01 best=6.562960e-01
[NA] iter=00003 eval=00645 misfit=6.826938e-01 best=6.562960e-01
[NA] iter=00003 eval=00646 misfit=8.004069e-01 best=6.562960e-01
[NA] iter=00003 eval=00647 misfit=9.901464e-01 best=6.562960e-01
[NA] iter=00003 eval=00648 misfit=8.997115e-01 best=6.562960e-01
[NA] iter=00003 eval=00649 misfit=1.242282e+00 best=6.562960e-01
[NA] iter=00003 eval=00650 misfit=7.373552e-01 best=6.562960e-01
NAI - Optimisation Loop:   6%|▌         | 3/50 [00:57<14:55, 19.06s/it][NA] iter=00004 eval=00651 misfit=8.353857e-01 best=6.562960e-01
[NA] iter=00004 eval=00652 misfit=9.230698e-01 best=6.562960e-01
[NA] iter=00004 eval=00653 misfit=9.307484e-01 best=6.562960e-01
[NA] iter=00004 eval=00654 misfit=1.194611e+00 best=6.562960e-01
[NA] iter=00004 eval=00655 misfit=7.310955e-01 best=6.562960e-01
[NA] iter=00004 eval=00656 misfit=1.117395e+00 best=6.562960e-01
[NA] iter=00004 eval=00657 misfit=6.310396e-01 best=6.310396e-01
[NA] iter=00004 eval=00658 misfit=7.002031e-01 best=6.310396e-01
[NA] iter=00004 eval=00659 misfit=6.676784e-01 best=6.310396e-01
[NA] iter=00004 eval=00660 misfit=7.604434e-01 best=6.310396e-01
[NA] iter=00004 eval=00661 misfit=9.064354e-01 best=6.310396e-01
[NA] iter=00004 eval=00662 misfit=9.620387e-01 best=6.310396e-01
[NA] iter=00004 eval=00663 misfit=9.497260e-01 best=6.310396e-01
[NA] iter=00004 eval=00664 misfit=6.334692e-01 best=6.310396e-01
[NA] iter=00004 eval=00665 misfit=8.703511e-01 best=6.310396e-01
[NA] iter=00004 eval=00666 misfit=7.633451e-01 best=6.310396e-01
[NA] iter=00004 eval=00667 misfit=7.029589e-01 best=6.310396e-01
[NA] iter=00004 eval=00668 misfit=6.705689e-01 best=6.310396e-01
[NA] iter=00004 eval=00669 misfit=7.331813e-01 best=6.310396e-01
[NA] iter=00004 eval=00670 misfit=7.248008e-01 best=6.310396e-01
[NA] iter=00004 eval=00671 misfit=6.450489e-01 best=6.310396e-01
[NA] iter=00004 eval=00672 misfit=7.029077e-01 best=6.310396e-01
[NA] iter=00004 eval=00673 misfit=7.747638e-01 best=6.310396e-01
[NA] iter=00004 eval=00674 misfit=7.835256e-01 best=6.310396e-01
[NA] iter=00004 eval=00675 misfit=8.112515e-01 best=6.310396e-01
[NA] iter=00004 eval=00676 misfit=7.237601e-01 best=6.310396e-01
[NA] iter=00004 eval=00677 misfit=9.924606e-01 best=6.310396e-01
[NA] iter=00004 eval=00678 misfit=7.464855e-01 best=6.310396e-01
[NA] iter=00004 eval=00679 misfit=5.931615e-01 best=5.931615e-01
[NA] iter=00004 eval=00680 misfit=1.230333e+00 best=5.931615e-01
[NA] iter=00004 eval=00681 misfit=8.408278e-01 best=5.931615e-01
[NA] iter=00004 eval=00682 misfit=5.315759e-01 best=5.315759e-01
[NA] iter=00004 eval=00683 misfit=6.201036e-01 best=5.315759e-01
[NA] iter=00004 eval=00684 misfit=7.451401e-01 best=5.315759e-01
[NA] iter=00004 eval=00685 misfit=6.726401e-01 best=5.315759e-01
[NA] iter=00004 eval=00686 misfit=7.938708e-01 best=5.315759e-01
[NA] iter=00004 eval=00687 misfit=1.281699e+00 best=5.315759e-01
[NA] iter=00004 eval=00688 misfit=8.666555e-01 best=5.315759e-01
[NA] iter=00004 eval=00689 misfit=7.128753e-01 best=5.315759e-01
[NA] iter=00004 eval=00690 misfit=7.273698e-01 best=5.315759e-01
[NA] iter=00004 eval=00691 misfit=8.163180e-01 best=5.315759e-01
[NA] iter=00004 eval=00692 misfit=8.389304e-01 best=5.315759e-01
[NA] iter=00004 eval=00693 misfit=7.588966e-01 best=5.315759e-01
[NA] iter=00004 eval=00694 misfit=1.986282e+00 best=5.315759e-01
[NA] iter=00004 eval=00695 misfit=1.656132e+00 best=5.315759e-01
[NA] iter=00004 eval=00696 misfit=7.185935e-01 best=5.315759e-01
[NA] iter=00004 eval=00697 misfit=1.119625e+00 best=5.315759e-01
[NA] iter=00004 eval=00698 misfit=6.843947e-01 best=5.315759e-01
[NA] iter=00004 eval=00699 misfit=1.334501e+00 best=5.315759e-01
[NA] iter=00004 eval=00700 misfit=8.344138e-01 best=5.315759e-01
NAI - Optimisation Loop:   8%|▊         | 4/50 [01:16<14:38, 19.09s/it][NA] iter=00005 eval=00701 misfit=2.721208e+00 best=5.315759e-01
[NA] iter=00005 eval=00702 misfit=7.953844e-01 best=5.315759e-01
[NA] iter=00005 eval=00703 misfit=9.254362e-01 best=5.315759e-01
[NA] iter=00005 eval=00704 misfit=9.240918e-01 best=5.315759e-01
[NA] iter=00005 eval=00705 misfit=8.376338e-01 best=5.315759e-01
[NA] iter=00005 eval=00706 misfit=6.073313e-01 best=5.315759e-01
[NA] iter=00005 eval=00707 misfit=8.337765e-01 best=5.315759e-01
[NA] iter=00005 eval=00708 misfit=1.006404e+00 best=5.315759e-01
[NA] iter=00005 eval=00709 misfit=6.320916e-01 best=5.315759e-01
[NA] iter=00005 eval=00710 misfit=8.130467e-01 best=5.315759e-01
[NA] iter=00005 eval=00711 misfit=6.386003e-01 best=5.315759e-01
[NA] iter=00005 eval=00712 misfit=8.092942e-01 best=5.315759e-01
[NA] iter=00005 eval=00713 misfit=5.316244e-01 best=5.315759e-01
[NA] iter=00005 eval=00714 misfit=8.989285e-01 best=5.315759e-01
[NA] iter=00005 eval=00715 misfit=1.953986e+00 best=5.315759e-01
[NA] iter=00005 eval=00716 misfit=6.804622e-01 best=5.315759e-01
[NA] iter=00005 eval=00717 misfit=7.572634e-01 best=5.315759e-01
[NA] iter=00005 eval=00718 misfit=6.474950e-01 best=5.315759e-01
[NA] iter=00005 eval=00719 misfit=7.726136e-01 best=5.315759e-01
[NA] iter=00005 eval=00720 misfit=8.462923e-01 best=5.315759e-01
[NA] iter=00005 eval=00721 misfit=7.819037e-01 best=5.315759e-01
[NA] iter=00005 eval=00722 misfit=7.765229e-01 best=5.315759e-01
[NA] iter=00005 eval=00723 misfit=7.194862e-01 best=5.315759e-01
[NA] iter=00005 eval=00724 misfit=7.925282e-01 best=5.315759e-01
[NA] iter=00005 eval=00725 misfit=8.943363e-01 best=5.315759e-01
[NA] iter=00005 eval=00726 misfit=7.799167e-01 best=5.315759e-01
[NA] iter=00005 eval=00727 misfit=8.741467e-01 best=5.315759e-01
[NA] iter=00005 eval=00728 misfit=6.083677e-01 best=5.315759e-01
[NA] iter=00005 eval=00729 misfit=8.184035e-01 best=5.315759e-01
[NA] iter=00005 eval=00730 misfit=8.362176e-01 best=5.315759e-01
[NA] iter=00005 eval=00731 misfit=6.927693e-01 best=5.315759e-01
[NA] iter=00005 eval=00732 misfit=7.450053e-01 best=5.315759e-01
[NA] iter=00005 eval=00733 misfit=7.532959e-01 best=5.315759e-01
[NA] iter=00005 eval=00734 misfit=6.456527e-01 best=5.315759e-01
[NA] iter=00005 eval=00735 misfit=1.331007e+00 best=5.315759e-01
[NA] iter=00005 eval=00736 misfit=5.235825e-01 best=5.235825e-01
[NA] iter=00005 eval=00737 misfit=7.456004e-01 best=5.235825e-01
[NA] iter=00005 eval=00738 misfit=7.132742e-01 best=5.235825e-01
[NA] iter=00005 eval=00739 misfit=6.404451e-01 best=5.235825e-01
[NA] iter=00005 eval=00740 misfit=7.987739e-01 best=5.235825e-01
[NA] iter=00005 eval=00741 misfit=1.102670e+00 best=5.235825e-01
[NA] iter=00005 eval=00742 misfit=8.179967e-01 best=5.235825e-01
[NA] iter=00005 eval=00743 misfit=1.153397e+00 best=5.235825e-01
[NA] iter=00005 eval=00744 misfit=8.539144e-01 best=5.235825e-01
[NA] iter=00005 eval=00745 misfit=7.920268e-01 best=5.235825e-01
[NA] iter=00005 eval=00746 misfit=8.399584e-01 best=5.235825e-01
[NA] iter=00005 eval=00747 misfit=7.257206e-01 best=5.235825e-01
[NA] iter=00005 eval=00748 misfit=6.429605e-01 best=5.235825e-01
[NA] iter=00005 eval=00749 misfit=8.356655e-01 best=5.235825e-01
[NA] iter=00005 eval=00750 misfit=6.324837e-01 best=5.235825e-01
NAI - Optimisation Loop:  10%|█         | 5/50 [01:34<14:02, 18.72s/it][NA] iter=00006 eval=00751 misfit=6.257350e-01 best=5.235825e-01
[NA] iter=00006 eval=00752 misfit=5.686501e-01 best=5.235825e-01
[NA] iter=00006 eval=00753 misfit=6.508633e-01 best=5.235825e-01
[NA] iter=00006 eval=00754 misfit=7.257959e-01 best=5.235825e-01
[NA] iter=00006 eval=00755 misfit=6.880529e-01 best=5.235825e-01
[NA] iter=00006 eval=00756 misfit=8.815468e-01 best=5.235825e-01
[NA] iter=00006 eval=00757 misfit=6.653372e-01 best=5.235825e-01
[NA] iter=00006 eval=00758 misfit=7.921960e-01 best=5.235825e-01
[NA] iter=00006 eval=00759 misfit=9.159073e-01 best=5.235825e-01
[NA] iter=00006 eval=00760 misfit=8.588485e-01 best=5.235825e-01
[NA] iter=00006 eval=00761 misfit=8.125463e-01 best=5.235825e-01
[NA] iter=00006 eval=00762 misfit=6.058891e-01 best=5.235825e-01
[NA] iter=00006 eval=00763 misfit=7.591772e-01 best=5.235825e-01
[NA] iter=00006 eval=00764 misfit=6.833780e-01 best=5.235825e-01
[NA] iter=00006 eval=00765 misfit=6.872188e-01 best=5.235825e-01
[NA] iter=00006 eval=00766 misfit=5.882691e-01 best=5.235825e-01
[NA] iter=00006 eval=00767 misfit=5.482856e-01 best=5.235825e-01
[NA] iter=00006 eval=00768 misfit=5.485203e-01 best=5.235825e-01
[NA] iter=00006 eval=00769 misfit=8.152085e-01 best=5.235825e-01
[NA] iter=00006 eval=00770 misfit=9.201739e-01 best=5.235825e-01
[NA] iter=00006 eval=00771 misfit=6.758348e-01 best=5.235825e-01
[NA] iter=00006 eval=00772 misfit=8.996138e-01 best=5.235825e-01
[NA] iter=00006 eval=00773 misfit=7.778060e-01 best=5.235825e-01
[NA] iter=00006 eval=00774 misfit=6.595759e-01 best=5.235825e-01
[NA] iter=00006 eval=00775 misfit=7.767505e-01 best=5.235825e-01
[NA] iter=00006 eval=00776 misfit=6.214373e-01 best=5.235825e-01
[NA] iter=00006 eval=00777 misfit=5.854133e-01 best=5.235825e-01
[NA] iter=00006 eval=00778 misfit=7.119368e-01 best=5.235825e-01
[NA] iter=00006 eval=00779 misfit=6.154283e-01 best=5.235825e-01
[NA] iter=00006 eval=00780 misfit=7.346553e-01 best=5.235825e-01
[NA] iter=00006 eval=00781 misfit=6.170482e-01 best=5.235825e-01
[NA] iter=00006 eval=00782 misfit=8.020491e-01 best=5.235825e-01
[NA] iter=00006 eval=00783 misfit=7.292367e-01 best=5.235825e-01
[NA] iter=00006 eval=00784 misfit=8.162123e-01 best=5.235825e-01
[NA] iter=00006 eval=00785 misfit=6.744228e-01 best=5.235825e-01
[NA] iter=00006 eval=00786 misfit=8.921887e-01 best=5.235825e-01
[NA] iter=00006 eval=00787 misfit=6.319005e-01 best=5.235825e-01
[NA] iter=00006 eval=00788 misfit=7.644583e-01 best=5.235825e-01
[NA] iter=00006 eval=00789 misfit=6.546726e-01 best=5.235825e-01
[NA] iter=00006 eval=00790 misfit=5.759151e-01 best=5.235825e-01
[NA] iter=00006 eval=00791 misfit=6.451849e-01 best=5.235825e-01
[NA] iter=00006 eval=00792 misfit=5.537595e-01 best=5.235825e-01
[NA] iter=00006 eval=00793 misfit=7.338840e-01 best=5.235825e-01
[NA] iter=00006 eval=00794 misfit=6.484189e-01 best=5.235825e-01
[NA] iter=00006 eval=00795 misfit=7.715770e-01 best=5.235825e-01
[NA] iter=00006 eval=00796 misfit=5.302569e-01 best=5.235825e-01
[NA] iter=00006 eval=00797 misfit=5.804340e-01 best=5.235825e-01
[NA] iter=00006 eval=00798 misfit=7.296459e-01 best=5.235825e-01
[NA] iter=00006 eval=00799 misfit=5.626376e-01 best=5.235825e-01
[NA] iter=00006 eval=00800 misfit=5.629587e-01 best=5.235825e-01
NAI - Optimisation Loop:  12%|█▏        | 6/50 [01:52<13:37, 18.59s/it][NA] iter=00007 eval=00801 misfit=5.567849e-01 best=5.235825e-01
[NA] iter=00007 eval=00802 misfit=5.744761e-01 best=5.235825e-01
[NA] iter=00007 eval=00803 misfit=5.635219e-01 best=5.235825e-01
[NA] iter=00007 eval=00804 misfit=6.185019e-01 best=5.235825e-01
[NA] iter=00007 eval=00805 misfit=6.077082e-01 best=5.235825e-01
[NA] iter=00007 eval=00806 misfit=6.109340e-01 best=5.235825e-01
[NA] iter=00007 eval=00807 misfit=6.432424e-01 best=5.235825e-01
[NA] iter=00007 eval=00808 misfit=5.654160e-01 best=5.235825e-01
[NA] iter=00007 eval=00809 misfit=5.460083e-01 best=5.235825e-01
[NA] iter=00007 eval=00810 misfit=5.133436e-01 best=5.133436e-01
[NA] iter=00007 eval=00811 misfit=7.139139e-01 best=5.133436e-01
[NA] iter=00007 eval=00812 misfit=7.591651e-01 best=5.133436e-01
[NA] iter=00007 eval=00813 misfit=6.630071e-01 best=5.133436e-01
[NA] iter=00007 eval=00814 misfit=6.302275e-01 best=5.133436e-01
[NA] iter=00007 eval=00815 misfit=7.228556e-01 best=5.133436e-01
[NA] iter=00007 eval=00816 misfit=6.727124e-01 best=5.133436e-01
[NA] iter=00007 eval=00817 misfit=6.031629e-01 best=5.133436e-01
[NA] iter=00007 eval=00818 misfit=6.233034e-01 best=5.133436e-01
[NA] iter=00007 eval=00819 misfit=7.052991e-01 best=5.133436e-01
[NA] iter=00007 eval=00820 misfit=6.601772e-01 best=5.133436e-01
[NA] iter=00007 eval=00821 misfit=5.918373e-01 best=5.133436e-01
[NA] iter=00007 eval=00822 misfit=6.361916e-01 best=5.133436e-01
[NA] iter=00007 eval=00823 misfit=6.554910e-01 best=5.133436e-01
[NA] iter=00007 eval=00824 misfit=6.095890e-01 best=5.133436e-01
[NA] iter=00007 eval=00825 misfit=5.640352e-01 best=5.133436e-01
[NA] iter=00007 eval=00826 misfit=6.623300e-01 best=5.133436e-01
[NA] iter=00007 eval=00827 misfit=7.028239e-01 best=5.133436e-01
[NA] iter=00007 eval=00828 misfit=7.280090e-01 best=5.133436e-01
[NA] iter=00007 eval=00829 misfit=6.040624e-01 best=5.133436e-01
[NA] iter=00007 eval=00830 misfit=6.340473e-01 best=5.133436e-01
[NA] iter=00007 eval=00831 misfit=5.684525e-01 best=5.133436e-01
[NA] iter=00007 eval=00832 misfit=6.400577e-01 best=5.133436e-01
[NA] iter=00007 eval=00833 misfit=5.671383e-01 best=5.133436e-01
[NA] iter=00007 eval=00834 misfit=6.473976e-01 best=5.133436e-01
[NA] iter=00007 eval=00835 misfit=5.888201e-01 best=5.133436e-01
[NA] iter=00007 eval=00836 misfit=6.405506e-01 best=5.133436e-01
[NA] iter=00007 eval=00837 misfit=1.092257e+00 best=5.133436e-01
[NA] iter=00007 eval=00838 misfit=6.869637e-01 best=5.133436e-01
[NA] iter=00007 eval=00839 misfit=5.120264e-01 best=5.120264e-01
[NA] iter=00007 eval=00840 misfit=7.214283e-01 best=5.120264e-01
[NA] iter=00007 eval=00841 misfit=6.141971e-01 best=5.120264e-01
[NA] iter=00007 eval=00842 misfit=6.494319e-01 best=5.120264e-01
[NA] iter=00007 eval=00843 misfit=6.519713e-01 best=5.120264e-01
[NA] iter=00007 eval=00844 misfit=6.720667e-01 best=5.120264e-01
[NA] iter=00007 eval=00845 misfit=5.157034e-01 best=5.120264e-01
[NA] iter=00007 eval=00846 misfit=6.376256e-01 best=5.120264e-01
[NA] iter=00007 eval=00847 misfit=5.598307e-01 best=5.120264e-01
[NA] iter=00007 eval=00848 misfit=6.812088e-01 best=5.120264e-01
[NA] iter=00007 eval=00849 misfit=5.630292e-01 best=5.120264e-01
[NA] iter=00007 eval=00850 misfit=4.938580e-01 best=4.938580e-01
NAI - Optimisation Loop:  14%|█▍        | 7/50 [02:12<13:29, 18.84s/it][NA] iter=00008 eval=00851 misfit=5.346881e-01 best=4.938580e-01
[NA] iter=00008 eval=00852 misfit=5.933634e-01 best=4.938580e-01
[NA] iter=00008 eval=00853 misfit=5.863660e-01 best=4.938580e-01
[NA] iter=00008 eval=00854 misfit=5.554142e-01 best=4.938580e-01
[NA] iter=00008 eval=00855 misfit=5.573572e-01 best=4.938580e-01
[NA] iter=00008 eval=00856 misfit=6.294550e-01 best=4.938580e-01
[NA] iter=00008 eval=00857 misfit=6.626764e-01 best=4.938580e-01
[NA] iter=00008 eval=00858 misfit=5.997488e-01 best=4.938580e-01
[NA] iter=00008 eval=00859 misfit=5.273042e-01 best=4.938580e-01
[NA] iter=00008 eval=00860 misfit=5.100591e-01 best=4.938580e-01
[NA] iter=00008 eval=00861 misfit=5.969166e-01 best=4.938580e-01
[NA] iter=00008 eval=00862 misfit=5.160237e-01 best=4.938580e-01
[NA] iter=00008 eval=00863 misfit=5.787171e-01 best=4.938580e-01
[NA] iter=00008 eval=00864 misfit=5.194905e-01 best=4.938580e-01
[NA] iter=00008 eval=00865 misfit=5.803532e-01 best=4.938580e-01
[NA] iter=00008 eval=00866 misfit=5.648784e-01 best=4.938580e-01
[NA] iter=00008 eval=00867 misfit=7.634035e-01 best=4.938580e-01
[NA] iter=00008 eval=00868 misfit=6.667416e-01 best=4.938580e-01
[NA] iter=00008 eval=00869 misfit=5.683406e-01 best=4.938580e-01
[NA] iter=00008 eval=00870 misfit=5.367466e-01 best=4.938580e-01
[NA] iter=00008 eval=00871 misfit=5.476179e-01 best=4.938580e-01
[NA] iter=00008 eval=00872 misfit=5.666311e-01 best=4.938580e-01
[NA] iter=00008 eval=00873 misfit=4.769615e-01 best=4.769615e-01
[NA] iter=00008 eval=00874 misfit=4.910631e-01 best=4.769615e-01
[NA] iter=00008 eval=00875 misfit=5.438894e-01 best=4.769615e-01
[NA] iter=00008 eval=00876 misfit=5.390203e-01 best=4.769615e-01
[NA] iter=00008 eval=00877 misfit=5.686216e-01 best=4.769615e-01
[NA] iter=00008 eval=00878 misfit=5.340116e-01 best=4.769615e-01
[NA] iter=00008 eval=00879 misfit=5.905265e-01 best=4.769615e-01
[NA] iter=00008 eval=00880 misfit=5.021877e-01 best=4.769615e-01
[NA] iter=00008 eval=00881 misfit=5.852565e-01 best=4.769615e-01
[NA] iter=00008 eval=00882 misfit=5.603669e-01 best=4.769615e-01
[NA] iter=00008 eval=00883 misfit=5.306695e-01 best=4.769615e-01
[NA] iter=00008 eval=00884 misfit=5.495510e-01 best=4.769615e-01
[NA] iter=00008 eval=00885 misfit=5.480106e-01 best=4.769615e-01
[NA] iter=00008 eval=00886 misfit=6.059144e-01 best=4.769615e-01
[NA] iter=00008 eval=00887 misfit=5.694673e-01 best=4.769615e-01
[NA] iter=00008 eval=00888 misfit=6.745733e-01 best=4.769615e-01
[NA] iter=00008 eval=00889 misfit=6.396644e-01 best=4.769615e-01
[NA] iter=00008 eval=00890 misfit=6.053830e-01 best=4.769615e-01
[NA] iter=00008 eval=00891 misfit=5.689202e-01 best=4.769615e-01
[NA] iter=00008 eval=00892 misfit=5.745730e-01 best=4.769615e-01
[NA] iter=00008 eval=00893 misfit=5.630930e-01 best=4.769615e-01
[NA] iter=00008 eval=00894 misfit=5.142792e-01 best=4.769615e-01
[NA] iter=00008 eval=00895 misfit=5.515244e-01 best=4.769615e-01
[NA] iter=00008 eval=00896 misfit=5.951152e-01 best=4.769615e-01
[NA] iter=00008 eval=00897 misfit=5.535774e-01 best=4.769615e-01
[NA] iter=00008 eval=00898 misfit=5.983365e-01 best=4.769615e-01
[NA] iter=00008 eval=00899 misfit=5.963376e-01 best=4.769615e-01
[NA] iter=00008 eval=00900 misfit=5.614056e-01 best=4.769615e-01
NAI - Optimisation Loop:  16%|█▌        | 8/50 [02:31<13:25, 19.18s/it][NA] iter=00009 eval=00901 misfit=4.913211e-01 best=4.769615e-01
[NA] iter=00009 eval=00902 misfit=4.919884e-01 best=4.769615e-01
[NA] iter=00009 eval=00903 misfit=5.066157e-01 best=4.769615e-01
[NA] iter=00009 eval=00904 misfit=4.837150e-01 best=4.769615e-01
[NA] iter=00009 eval=00905 misfit=4.963319e-01 best=4.769615e-01
[NA] iter=00009 eval=00906 misfit=5.096655e-01 best=4.769615e-01
[NA] iter=00009 eval=00907 misfit=5.102180e-01 best=4.769615e-01
[NA] iter=00009 eval=00908 misfit=5.999650e-01 best=4.769615e-01
[NA] iter=00009 eval=00909 misfit=5.254307e-01 best=4.769615e-01
[NA] iter=00009 eval=00910 misfit=5.829916e-01 best=4.769615e-01
[NA] iter=00009 eval=00911 misfit=5.436654e-01 best=4.769615e-01
[NA] iter=00009 eval=00912 misfit=5.836673e-01 best=4.769615e-01
[NA] iter=00009 eval=00913 misfit=5.208413e-01 best=4.769615e-01
[NA] iter=00009 eval=00914 misfit=5.858761e-01 best=4.769615e-01
[NA] iter=00009 eval=00915 misfit=5.551810e-01 best=4.769615e-01
[NA] iter=00009 eval=00916 misfit=4.944704e-01 best=4.769615e-01
[NA] iter=00009 eval=00917 misfit=5.843885e-01 best=4.769615e-01
[NA] iter=00009 eval=00918 misfit=5.037779e-01 best=4.769615e-01
[NA] iter=00009 eval=00919 misfit=5.147487e-01 best=4.769615e-01
[NA] iter=00009 eval=00920 misfit=4.927572e-01 best=4.769615e-01
[NA] iter=00009 eval=00921 misfit=5.840670e-01 best=4.769615e-01
[NA] iter=00009 eval=00922 misfit=5.063165e-01 best=4.769615e-01
[NA] iter=00009 eval=00923 misfit=5.125167e-01 best=4.769615e-01
[NA] iter=00009 eval=00924 misfit=5.765737e-01 best=4.769615e-01
[NA] iter=00009 eval=00925 misfit=6.028257e-01 best=4.769615e-01
[NA] iter=00009 eval=00926 misfit=5.561593e-01 best=4.769615e-01
[NA] iter=00009 eval=00927 misfit=5.271465e-01 best=4.769615e-01
[NA] iter=00009 eval=00928 misfit=5.351029e-01 best=4.769615e-01
[NA] iter=00009 eval=00929 misfit=5.510293e-01 best=4.769615e-01
[NA] iter=00009 eval=00930 misfit=6.000936e-01 best=4.769615e-01
[NA] iter=00009 eval=00931 misfit=5.810241e-01 best=4.769615e-01
[NA] iter=00009 eval=00932 misfit=5.323318e-01 best=4.769615e-01
[NA] iter=00009 eval=00933 misfit=5.369292e-01 best=4.769615e-01
[NA] iter=00009 eval=00934 misfit=5.160759e-01 best=4.769615e-01
[NA] iter=00009 eval=00935 misfit=5.402212e-01 best=4.769615e-01
[NA] iter=00009 eval=00936 misfit=5.252908e-01 best=4.769615e-01
[NA] iter=00009 eval=00937 misfit=5.311018e-01 best=4.769615e-01
[NA] iter=00009 eval=00938 misfit=5.333507e-01 best=4.769615e-01
[NA] iter=00009 eval=00939 misfit=5.083580e-01 best=4.769615e-01
[NA] iter=00009 eval=00940 misfit=5.612924e-01 best=4.769615e-01
[NA] iter=00009 eval=00941 misfit=6.512628e-01 best=4.769615e-01
[NA] iter=00009 eval=00942 misfit=6.449615e-01 best=4.769615e-01
[NA] iter=00009 eval=00943 misfit=6.814116e-01 best=4.769615e-01
[NA] iter=00009 eval=00944 misfit=5.139082e-01 best=4.769615e-01
[NA] iter=00009 eval=00945 misfit=6.470598e-01 best=4.769615e-01
[NA] iter=00009 eval=00946 misfit=6.858919e-01 best=4.769615e-01
[NA] iter=00009 eval=00947 misfit=5.620135e-01 best=4.769615e-01
[NA] iter=00009 eval=00948 misfit=5.756094e-01 best=4.769615e-01
[NA] iter=00009 eval=00949 misfit=9.093213e-01 best=4.769615e-01
[NA] iter=00009 eval=00950 misfit=7.492046e-01 best=4.769615e-01
NAI - Optimisation Loop:  18%|█▊        | 9/50 [02:52<13:20, 19.53s/it][NA] iter=00010 eval=00951 misfit=4.920770e-01 best=4.769615e-01
[NA] iter=00010 eval=00952 misfit=4.852051e-01 best=4.769615e-01
[NA] iter=00010 eval=00953 misfit=4.936918e-01 best=4.769615e-01
[NA] iter=00010 eval=00954 misfit=4.918511e-01 best=4.769615e-01
[NA] iter=00010 eval=00955 misfit=4.913403e-01 best=4.769615e-01
[NA] iter=00010 eval=00956 misfit=4.757556e-01 best=4.757556e-01
[NA] iter=00010 eval=00957 misfit=5.830284e-01 best=4.757556e-01
[NA] iter=00010 eval=00958 misfit=4.863872e-01 best=4.757556e-01
[NA] iter=00010 eval=00959 misfit=5.549326e-01 best=4.757556e-01
[NA] iter=00010 eval=00960 misfit=5.347014e-01 best=4.757556e-01
[NA] iter=00010 eval=00961 misfit=5.105047e-01 best=4.757556e-01
[NA] iter=00010 eval=00962 misfit=4.837755e-01 best=4.757556e-01
[NA] iter=00010 eval=00963 misfit=4.917533e-01 best=4.757556e-01
[NA] iter=00010 eval=00964 misfit=5.126259e-01 best=4.757556e-01
[NA] iter=00010 eval=00965 misfit=5.242680e-01 best=4.757556e-01
[NA] iter=00010 eval=00966 misfit=5.003312e-01 best=4.757556e-01
[NA] iter=00010 eval=00967 misfit=5.415696e-01 best=4.757556e-01
[NA] iter=00010 eval=00968 misfit=5.599781e-01 best=4.757556e-01
[NA] iter=00010 eval=00969 misfit=4.988879e-01 best=4.757556e-01
[NA] iter=00010 eval=00970 misfit=5.058225e-01 best=4.757556e-01
[NA] iter=00010 eval=00971 misfit=5.240590e-01 best=4.757556e-01
[NA] iter=00010 eval=00972 misfit=5.577144e-01 best=4.757556e-01
[NA] iter=00010 eval=00973 misfit=5.529170e-01 best=4.757556e-01
[NA] iter=00010 eval=00974 misfit=5.384083e-01 best=4.757556e-01
[NA] iter=00010 eval=00975 misfit=5.113965e-01 best=4.757556e-01
[NA] iter=00010 eval=00976 misfit=5.431252e-01 best=4.757556e-01
[NA] iter=00010 eval=00977 misfit=5.574269e-01 best=4.757556e-01
[NA] iter=00010 eval=00978 misfit=5.337075e-01 best=4.757556e-01
[NA] iter=00010 eval=00979 misfit=5.350509e-01 best=4.757556e-01
[NA] iter=00010 eval=00980 misfit=5.242938e-01 best=4.757556e-01
[NA] iter=00010 eval=00981 misfit=5.390929e-01 best=4.757556e-01
[NA] iter=00010 eval=00982 misfit=5.325045e-01 best=4.757556e-01
[NA] iter=00010 eval=00983 misfit=5.001326e-01 best=4.757556e-01
[NA] iter=00010 eval=00984 misfit=6.027557e-01 best=4.757556e-01
[NA] iter=00010 eval=00985 misfit=5.289749e-01 best=4.757556e-01
[NA] iter=00010 eval=00986 misfit=5.676102e-01 best=4.757556e-01
[NA] iter=00010 eval=00987 misfit=5.766971e-01 best=4.757556e-01
[NA] iter=00010 eval=00988 misfit=5.969093e-01 best=4.757556e-01
[NA] iter=00010 eval=00989 misfit=5.196114e-01 best=4.757556e-01
[NA] iter=00010 eval=00990 misfit=4.966249e-01 best=4.757556e-01
[NA] iter=00010 eval=00991 misfit=4.919836e-01 best=4.757556e-01
[NA] iter=00010 eval=00992 misfit=4.745147e-01 best=4.745147e-01
[NA] iter=00010 eval=00993 misfit=4.962163e-01 best=4.745147e-01
[NA] iter=00010 eval=00994 misfit=5.067179e-01 best=4.745147e-01
[NA] iter=00010 eval=00995 misfit=4.650302e-01 best=4.650302e-01
[NA] iter=00010 eval=00996 misfit=5.415416e-01 best=4.650302e-01
[NA] iter=00010 eval=00997 misfit=5.041387e-01 best=4.650302e-01
[NA] iter=00010 eval=00998 misfit=5.159653e-01 best=4.650302e-01
[NA] iter=00010 eval=00999 misfit=5.038611e-01 best=4.650302e-01
[NA] iter=00010 eval=01000 misfit=4.973947e-01 best=4.650302e-01
NAI - Optimisation Loop:  20%|██        | 10/50 [03:12<13:15, 19.89s/it][NA] iter=00011 eval=01001 misfit=5.607788e-01 best=4.650302e-01
[NA] iter=00011 eval=01002 misfit=5.186815e-01 best=4.650302e-01
[NA] iter=00011 eval=01003 misfit=5.392830e-01 best=4.650302e-01
[NA] iter=00011 eval=01004 misfit=5.841933e-01 best=4.650302e-01
[NA] iter=00011 eval=01005 misfit=5.051140e-01 best=4.650302e-01
[NA] iter=00011 eval=01006 misfit=5.120737e-01 best=4.650302e-01
[NA] iter=00011 eval=01007 misfit=4.819322e-01 best=4.650302e-01
[NA] iter=00011 eval=01008 misfit=5.188531e-01 best=4.650302e-01
[NA] iter=00011 eval=01009 misfit=5.002513e-01 best=4.650302e-01
[NA] iter=00011 eval=01010 misfit=5.086093e-01 best=4.650302e-01
[NA] iter=00011 eval=01011 misfit=5.643996e-01 best=4.650302e-01
[NA] iter=00011 eval=01012 misfit=5.301058e-01 best=4.650302e-01
[NA] iter=00011 eval=01013 misfit=5.190593e-01 best=4.650302e-01
[NA] iter=00011 eval=01014 misfit=5.516430e-01 best=4.650302e-01
[NA] iter=00011 eval=01015 misfit=6.235380e-01 best=4.650302e-01
[NA] iter=00011 eval=01016 misfit=5.214595e-01 best=4.650302e-01
[NA] iter=00011 eval=01017 misfit=4.723315e-01 best=4.650302e-01
[NA] iter=00011 eval=01018 misfit=5.213332e-01 best=4.650302e-01
[NA] iter=00011 eval=01019 misfit=4.816542e-01 best=4.650302e-01
[NA] iter=00011 eval=01020 misfit=4.931170e-01 best=4.650302e-01
[NA] iter=00011 eval=01021 misfit=5.355738e-01 best=4.650302e-01
[NA] iter=00011 eval=01022 misfit=5.697190e-01 best=4.650302e-01
[NA] iter=00011 eval=01023 misfit=4.836181e-01 best=4.650302e-01
[NA] iter=00011 eval=01024 misfit=5.539437e-01 best=4.650302e-01
[NA] iter=00011 eval=01025 misfit=4.886230e-01 best=4.650302e-01
[NA] iter=00011 eval=01026 misfit=5.139419e-01 best=4.650302e-01
[NA] iter=00011 eval=01027 misfit=5.108898e-01 best=4.650302e-01
[NA] iter=00011 eval=01028 misfit=4.688069e-01 best=4.650302e-01
[NA] iter=00011 eval=01029 misfit=4.944515e-01 best=4.650302e-01
[NA] iter=00011 eval=01030 misfit=5.353296e-01 best=4.650302e-01
[NA] iter=00011 eval=01031 misfit=4.935687e-01 best=4.650302e-01
[NA] iter=00011 eval=01032 misfit=5.353609e-01 best=4.650302e-01
[NA] iter=00011 eval=01033 misfit=4.786411e-01 best=4.650302e-01
[NA] iter=00011 eval=01034 misfit=5.157319e-01 best=4.650302e-01
[NA] iter=00011 eval=01035 misfit=5.164752e-01 best=4.650302e-01
[NA] iter=00011 eval=01036 misfit=4.834510e-01 best=4.650302e-01
[NA] iter=00011 eval=01037 misfit=5.006026e-01 best=4.650302e-01
[NA] iter=00011 eval=01038 misfit=5.588319e-01 best=4.650302e-01
[NA] iter=00011 eval=01039 misfit=5.499223e-01 best=4.650302e-01
[NA] iter=00011 eval=01040 misfit=4.894143e-01 best=4.650302e-01
[NA] iter=00011 eval=01041 misfit=5.214914e-01 best=4.650302e-01
[NA] iter=00011 eval=01042 misfit=4.873602e-01 best=4.650302e-01
[NA] iter=00011 eval=01043 misfit=5.360562e-01 best=4.650302e-01
[NA] iter=00011 eval=01044 misfit=5.347200e-01 best=4.650302e-01
[NA] iter=00011 eval=01045 misfit=5.653890e-01 best=4.650302e-01
[NA] iter=00011 eval=01046 misfit=5.447918e-01 best=4.650302e-01
[NA] iter=00011 eval=01047 misfit=4.838028e-01 best=4.650302e-01
[NA] iter=00011 eval=01048 misfit=4.885192e-01 best=4.650302e-01
[NA] iter=00011 eval=01049 misfit=5.410302e-01 best=4.650302e-01
[NA] iter=00011 eval=01050 misfit=4.845008e-01 best=4.650302e-01
NAI - Optimisation Loop:  22%|██▏       | 11/50 [03:33<13:01, 20.03s/it][NA] iter=00012 eval=01051 misfit=5.140623e-01 best=4.650302e-01
[NA] iter=00012 eval=01052 misfit=5.182887e-01 best=4.650302e-01
[NA] iter=00012 eval=01053 misfit=5.294831e-01 best=4.650302e-01
[NA] iter=00012 eval=01054 misfit=5.419094e-01 best=4.650302e-01
[NA] iter=00012 eval=01055 misfit=5.323088e-01 best=4.650302e-01
[NA] iter=00012 eval=01056 misfit=4.933629e-01 best=4.650302e-01
[NA] iter=00012 eval=01057 misfit=5.122670e-01 best=4.650302e-01
[NA] iter=00012 eval=01058 misfit=5.342676e-01 best=4.650302e-01
[NA] iter=00012 eval=01059 misfit=4.925325e-01 best=4.650302e-01
[NA] iter=00012 eval=01060 misfit=5.586870e-01 best=4.650302e-01
[NA] iter=00012 eval=01061 misfit=4.996837e-01 best=4.650302e-01
[NA] iter=00012 eval=01062 misfit=4.945652e-01 best=4.650302e-01
[NA] iter=00012 eval=01063 misfit=4.913898e-01 best=4.650302e-01
[NA] iter=00012 eval=01064 misfit=4.872160e-01 best=4.650302e-01
[NA] iter=00012 eval=01065 misfit=5.062353e-01 best=4.650302e-01
[NA] iter=00012 eval=01066 misfit=4.760238e-01 best=4.650302e-01
[NA] iter=00012 eval=01067 misfit=4.836706e-01 best=4.650302e-01
[NA] iter=00012 eval=01068 misfit=4.837836e-01 best=4.650302e-01
[NA] iter=00012 eval=01069 misfit=4.801300e-01 best=4.650302e-01
[NA] iter=00012 eval=01070 misfit=4.783311e-01 best=4.650302e-01
[NA] iter=00012 eval=01071 misfit=4.874062e-01 best=4.650302e-01
[NA] iter=00012 eval=01072 misfit=4.870320e-01 best=4.650302e-01
[NA] iter=00012 eval=01073 misfit=4.917293e-01 best=4.650302e-01
[NA] iter=00012 eval=01074 misfit=5.149373e-01 best=4.650302e-01
[NA] iter=00012 eval=01075 misfit=5.724815e-01 best=4.650302e-01
[NA] iter=00012 eval=01076 misfit=4.783560e-01 best=4.650302e-01
[NA] iter=00012 eval=01077 misfit=4.815628e-01 best=4.650302e-01
[NA] iter=00012 eval=01078 misfit=4.880447e-01 best=4.650302e-01
[NA] iter=00012 eval=01079 misfit=4.793979e-01 best=4.650302e-01
[NA] iter=00012 eval=01080 misfit=4.811063e-01 best=4.650302e-01
[NA] iter=00012 eval=01081 misfit=4.869636e-01 best=4.650302e-01
[NA] iter=00012 eval=01082 misfit=4.879923e-01 best=4.650302e-01
[NA] iter=00012 eval=01083 misfit=4.925426e-01 best=4.650302e-01
[NA] iter=00012 eval=01084 misfit=4.907784e-01 best=4.650302e-01
[NA] iter=00012 eval=01085 misfit=4.892428e-01 best=4.650302e-01
[NA] iter=00012 eval=01086 misfit=4.783967e-01 best=4.650302e-01
[NA] iter=00012 eval=01087 misfit=5.171683e-01 best=4.650302e-01
[NA] iter=00012 eval=01088 misfit=4.773457e-01 best=4.650302e-01
[NA] iter=00012 eval=01089 misfit=4.839187e-01 best=4.650302e-01
[NA] iter=00012 eval=01090 misfit=4.929803e-01 best=4.650302e-01
[NA] iter=00012 eval=01091 misfit=4.756487e-01 best=4.650302e-01
[NA] iter=00012 eval=01092 misfit=4.855257e-01 best=4.650302e-01
[NA] iter=00012 eval=01093 misfit=4.884025e-01 best=4.650302e-01
[NA] iter=00012 eval=01094 misfit=4.926117e-01 best=4.650302e-01
[NA] iter=00012 eval=01095 misfit=5.086661e-01 best=4.650302e-01
[NA] iter=00012 eval=01096 misfit=4.799817e-01 best=4.650302e-01
[NA] iter=00012 eval=01097 misfit=5.619628e-01 best=4.650302e-01
[NA] iter=00012 eval=01098 misfit=5.823569e-01 best=4.650302e-01
[NA] iter=00012 eval=01099 misfit=4.879619e-01 best=4.650302e-01
[NA] iter=00012 eval=01100 misfit=4.943997e-01 best=4.650302e-01
NAI - Optimisation Loop:  24%|██▍       | 12/50 [03:53<12:41, 20.03s/it][NA] iter=00013 eval=01101 misfit=5.138396e-01 best=4.650302e-01
[NA] iter=00013 eval=01102 misfit=5.396656e-01 best=4.650302e-01
[NA] iter=00013 eval=01103 misfit=5.038380e-01 best=4.650302e-01
[NA] iter=00013 eval=01104 misfit=4.961422e-01 best=4.650302e-01
[NA] iter=00013 eval=01105 misfit=5.157893e-01 best=4.650302e-01
[NA] iter=00013 eval=01106 misfit=4.932708e-01 best=4.650302e-01
[NA] iter=00013 eval=01107 misfit=4.664082e-01 best=4.650302e-01
[NA] iter=00013 eval=01108 misfit=4.682952e-01 best=4.650302e-01
[NA] iter=00013 eval=01109 misfit=5.283095e-01 best=4.650302e-01
[NA] iter=00013 eval=01110 misfit=4.780994e-01 best=4.650302e-01
[NA] iter=00013 eval=01111 misfit=4.810825e-01 best=4.650302e-01
[NA] iter=00013 eval=01112 misfit=4.736800e-01 best=4.650302e-01
[NA] iter=00013 eval=01113 misfit=4.645978e-01 best=4.645978e-01
[NA] iter=00013 eval=01114 misfit=4.719094e-01 best=4.645978e-01
[NA] iter=00013 eval=01115 misfit=4.806801e-01 best=4.645978e-01
[NA] iter=00013 eval=01116 misfit=4.829149e-01 best=4.645978e-01
[NA] iter=00013 eval=01117 misfit=4.789243e-01 best=4.645978e-01
[NA] iter=00013 eval=01118 misfit=4.789191e-01 best=4.645978e-01
[NA] iter=00013 eval=01119 misfit=4.880865e-01 best=4.645978e-01
[NA] iter=00013 eval=01120 misfit=4.854856e-01 best=4.645978e-01
[NA] iter=00013 eval=01121 misfit=4.998114e-01 best=4.645978e-01
[NA] iter=00013 eval=01122 misfit=5.367008e-01 best=4.645978e-01
[NA] iter=00013 eval=01123 misfit=5.357228e-01 best=4.645978e-01
[NA] iter=00013 eval=01124 misfit=4.917810e-01 best=4.645978e-01
[NA] iter=00013 eval=01125 misfit=4.969567e-01 best=4.645978e-01
[NA] iter=00013 eval=01126 misfit=5.042788e-01 best=4.645978e-01
[NA] iter=00013 eval=01127 misfit=5.369699e-01 best=4.645978e-01
[NA] iter=00013 eval=01128 misfit=5.376225e-01 best=4.645978e-01
[NA] iter=00013 eval=01129 misfit=5.399088e-01 best=4.645978e-01
[NA] iter=00013 eval=01130 misfit=4.876359e-01 best=4.645978e-01
[NA] iter=00013 eval=01131 misfit=4.894621e-01 best=4.645978e-01
[NA] iter=00013 eval=01132 misfit=5.239064e-01 best=4.645978e-01
[NA] iter=00013 eval=01133 misfit=5.351270e-01 best=4.645978e-01
[NA] iter=00013 eval=01134 misfit=4.740617e-01 best=4.645978e-01
[NA] iter=00013 eval=01135 misfit=5.266550e-01 best=4.645978e-01
[NA] iter=00013 eval=01136 misfit=4.766096e-01 best=4.645978e-01
[NA] iter=00013 eval=01137 misfit=4.783203e-01 best=4.645978e-01
[NA] iter=00013 eval=01138 misfit=4.843079e-01 best=4.645978e-01
[NA] iter=00013 eval=01139 misfit=4.732258e-01 best=4.645978e-01
[NA] iter=00013 eval=01140 misfit=4.782103e-01 best=4.645978e-01
[NA] iter=00013 eval=01141 misfit=4.871923e-01 best=4.645978e-01
[NA] iter=00013 eval=01142 misfit=4.904466e-01 best=4.645978e-01
[NA] iter=00013 eval=01143 misfit=4.830096e-01 best=4.645978e-01
[NA] iter=00013 eval=01144 misfit=4.787715e-01 best=4.645978e-01
[NA] iter=00013 eval=01145 misfit=4.943668e-01 best=4.645978e-01
[NA] iter=00013 eval=01146 misfit=4.805902e-01 best=4.645978e-01
[NA] iter=00013 eval=01147 misfit=4.986816e-01 best=4.645978e-01
[NA] iter=00013 eval=01148 misfit=5.074567e-01 best=4.645978e-01
[NA] iter=00013 eval=01149 misfit=4.854141e-01 best=4.645978e-01
[NA] iter=00013 eval=01150 misfit=5.494840e-01 best=4.645978e-01
NAI - Optimisation Loop:  26%|██▌       | 13/50 [04:13<12:25, 20.16s/it][NA] iter=00014 eval=01151 misfit=4.676770e-01 best=4.645978e-01
[NA] iter=00014 eval=01152 misfit=4.719329e-01 best=4.645978e-01
[NA] iter=00014 eval=01153 misfit=4.853361e-01 best=4.645978e-01
[NA] iter=00014 eval=01154 misfit=4.861205e-01 best=4.645978e-01
[NA] iter=00014 eval=01155 misfit=4.738926e-01 best=4.645978e-01
[NA] iter=00014 eval=01156 misfit=4.991135e-01 best=4.645978e-01
[NA] iter=00014 eval=01157 misfit=5.317220e-01 best=4.645978e-01
[NA] iter=00014 eval=01158 misfit=5.324949e-01 best=4.645978e-01
[NA] iter=00014 eval=01159 misfit=5.400732e-01 best=4.645978e-01
[NA] iter=00014 eval=01160 misfit=5.311394e-01 best=4.645978e-01
[NA] iter=00014 eval=01161 misfit=4.707450e-01 best=4.645978e-01
[NA] iter=00014 eval=01162 misfit=5.144218e-01 best=4.645978e-01
[NA] iter=00014 eval=01163 misfit=4.723835e-01 best=4.645978e-01
[NA] iter=00014 eval=01164 misfit=4.767372e-01 best=4.645978e-01
[NA] iter=00014 eval=01165 misfit=5.019098e-01 best=4.645978e-01
[NA] iter=00014 eval=01166 misfit=5.330753e-01 best=4.645978e-01
[NA] iter=00014 eval=01167 misfit=4.965187e-01 best=4.645978e-01
[NA] iter=00014 eval=01168 misfit=5.184150e-01 best=4.645978e-01
[NA] iter=00014 eval=01169 misfit=5.040892e-01 best=4.645978e-01
[NA] iter=00014 eval=01170 misfit=4.968468e-01 best=4.645978e-01
[NA] iter=00014 eval=01171 misfit=5.270155e-01 best=4.645978e-01
[NA] iter=00014 eval=01172 misfit=5.287686e-01 best=4.645978e-01
[NA] iter=00014 eval=01173 misfit=4.689281e-01 best=4.645978e-01
[NA] iter=00014 eval=01174 misfit=4.747076e-01 best=4.645978e-01
[NA] iter=00014 eval=01175 misfit=5.014509e-01 best=4.645978e-01
[NA] iter=00014 eval=01176 misfit=4.811441e-01 best=4.645978e-01
[NA] iter=00014 eval=01177 misfit=4.737543e-01 best=4.645978e-01
[NA] iter=00014 eval=01178 misfit=4.801676e-01 best=4.645978e-01
[NA] iter=00014 eval=01179 misfit=4.755565e-01 best=4.645978e-01
[NA] iter=00014 eval=01180 misfit=4.788274e-01 best=4.645978e-01
[NA] iter=00014 eval=01181 misfit=4.784500e-01 best=4.645978e-01
[NA] iter=00014 eval=01182 misfit=4.652784e-01 best=4.645978e-01
[NA] iter=00014 eval=01183 misfit=4.662965e-01 best=4.645978e-01
[NA] iter=00014 eval=01184 misfit=4.770895e-01 best=4.645978e-01
[NA] iter=00014 eval=01185 misfit=4.730815e-01 best=4.645978e-01
[NA] iter=00014 eval=01186 misfit=4.763901e-01 best=4.645978e-01
[NA] iter=00014 eval=01187 misfit=4.784050e-01 best=4.645978e-01
[NA] iter=00014 eval=01188 misfit=4.772143e-01 best=4.645978e-01
[NA] iter=00014 eval=01189 misfit=4.730381e-01 best=4.645978e-01
[NA] iter=00014 eval=01190 misfit=4.750361e-01 best=4.645978e-01
[NA] iter=00014 eval=01191 misfit=4.850843e-01 best=4.645978e-01
[NA] iter=00014 eval=01192 misfit=4.753373e-01 best=4.645978e-01
[NA] iter=00014 eval=01193 misfit=5.010691e-01 best=4.645978e-01
[NA] iter=00014 eval=01194 misfit=4.793320e-01 best=4.645978e-01
[NA] iter=00014 eval=01195 misfit=4.845431e-01 best=4.645978e-01
[NA] iter=00014 eval=01196 misfit=4.839059e-01 best=4.645978e-01
[NA] iter=00014 eval=01197 misfit=4.902219e-01 best=4.645978e-01
[NA] iter=00014 eval=01198 misfit=4.739256e-01 best=4.645978e-01
[NA] iter=00014 eval=01199 misfit=4.887751e-01 best=4.645978e-01
[NA] iter=00014 eval=01200 misfit=4.759568e-01 best=4.645978e-01
NAI - Optimisation Loop:  28%|██▊       | 14/50 [04:34<12:08, 20.24s/it][NA] iter=00015 eval=01201 misfit=5.152394e-01 best=4.645978e-01
[NA] iter=00015 eval=01202 misfit=4.777033e-01 best=4.645978e-01
[NA] iter=00015 eval=01203 misfit=4.764172e-01 best=4.645978e-01
[NA] iter=00015 eval=01204 misfit=5.174934e-01 best=4.645978e-01
[NA] iter=00015 eval=01205 misfit=4.727292e-01 best=4.645978e-01
[NA] iter=00015 eval=01206 misfit=5.007484e-01 best=4.645978e-01
[NA] iter=00015 eval=01207 misfit=4.823001e-01 best=4.645978e-01
[NA] iter=00015 eval=01208 misfit=5.251543e-01 best=4.645978e-01
[NA] iter=00015 eval=01209 misfit=4.663732e-01 best=4.645978e-01
[NA] iter=00015 eval=01210 misfit=5.334199e-01 best=4.645978e-01
[NA] iter=00015 eval=01211 misfit=4.687799e-01 best=4.645978e-01
[NA] iter=00015 eval=01212 misfit=4.652849e-01 best=4.645978e-01
[NA] iter=00015 eval=01213 misfit=4.807807e-01 best=4.645978e-01
[NA] iter=00015 eval=01214 misfit=4.669509e-01 best=4.645978e-01
[NA] iter=00015 eval=01215 misfit=4.823198e-01 best=4.645978e-01
[NA] iter=00015 eval=01216 misfit=4.770473e-01 best=4.645978e-01
[NA] iter=00015 eval=01217 misfit=4.820271e-01 best=4.645978e-01
[NA] iter=00015 eval=01218 misfit=4.763928e-01 best=4.645978e-01
[NA] iter=00015 eval=01219 misfit=4.672111e-01 best=4.645978e-01
[NA] iter=00015 eval=01220 misfit=4.814985e-01 best=4.645978e-01
[NA] iter=00015 eval=01221 misfit=5.290119e-01 best=4.645978e-01
[NA] iter=00015 eval=01222 misfit=4.964949e-01 best=4.645978e-01
[NA] iter=00015 eval=01223 misfit=4.689717e-01 best=4.645978e-01
[NA] iter=00015 eval=01224 misfit=4.856392e-01 best=4.645978e-01
[NA] iter=00015 eval=01225 misfit=4.959225e-01 best=4.645978e-01
[NA] iter=00015 eval=01226 misfit=4.707789e-01 best=4.645978e-01
[NA] iter=00015 eval=01227 misfit=4.689537e-01 best=4.645978e-01
[NA] iter=00015 eval=01228 misfit=4.792622e-01 best=4.645978e-01
[NA] iter=00015 eval=01229 misfit=4.706385e-01 best=4.645978e-01
[NA] iter=00015 eval=01230 misfit=4.869517e-01 best=4.645978e-01
[NA] iter=00015 eval=01231 misfit=5.162439e-01 best=4.645978e-01
[NA] iter=00015 eval=01232 misfit=4.949997e-01 best=4.645978e-01
[NA] iter=00015 eval=01233 misfit=4.776992e-01 best=4.645978e-01
[NA] iter=00015 eval=01234 misfit=5.317347e-01 best=4.645978e-01
[NA] iter=00015 eval=01235 misfit=5.301712e-01 best=4.645978e-01
[NA] iter=00015 eval=01236 misfit=4.675344e-01 best=4.645978e-01
[NA] iter=00015 eval=01237 misfit=4.667254e-01 best=4.645978e-01
[NA] iter=00015 eval=01238 misfit=4.774804e-01 best=4.645978e-01
[NA] iter=00015 eval=01239 misfit=5.112549e-01 best=4.645978e-01
[NA] iter=00015 eval=01240 misfit=4.822493e-01 best=4.645978e-01
[NA] iter=00015 eval=01241 misfit=4.760653e-01 best=4.645978e-01
[NA] iter=00015 eval=01242 misfit=5.241284e-01 best=4.645978e-01
[NA] iter=00015 eval=01243 misfit=5.072588e-01 best=4.645978e-01
[NA] iter=00015 eval=01244 misfit=5.153626e-01 best=4.645978e-01
[NA] iter=00015 eval=01245 misfit=5.035767e-01 best=4.645978e-01
[NA] iter=00015 eval=01246 misfit=4.878311e-01 best=4.645978e-01
[NA] iter=00015 eval=01247 misfit=5.066005e-01 best=4.645978e-01
[NA] iter=00015 eval=01248 misfit=4.736508e-01 best=4.645978e-01
[NA] iter=00015 eval=01249 misfit=4.827329e-01 best=4.645978e-01
[NA] iter=00015 eval=01250 misfit=4.641983e-01 best=4.641983e-01
NAI - Optimisation Loop:  30%|███       | 15/50 [04:54<11:43, 20.10s/it][NA] iter=00016 eval=01251 misfit=4.646429e-01 best=4.641983e-01
[NA] iter=00016 eval=01252 misfit=4.764895e-01 best=4.641983e-01
[NA] iter=00016 eval=01253 misfit=4.764715e-01 best=4.641983e-01
[NA] iter=00016 eval=01254 misfit=4.957734e-01 best=4.641983e-01
[NA] iter=00016 eval=01255 misfit=5.267760e-01 best=4.641983e-01
[NA] iter=00016 eval=01256 misfit=4.659036e-01 best=4.641983e-01
[NA] iter=00016 eval=01257 misfit=4.744918e-01 best=4.641983e-01
[NA] iter=00016 eval=01258 misfit=4.645410e-01 best=4.641983e-01
[NA] iter=00016 eval=01259 misfit=4.804286e-01 best=4.641983e-01
[NA] iter=00016 eval=01260 misfit=4.657282e-01 best=4.641983e-01
[NA] iter=00016 eval=01261 misfit=5.278880e-01 best=4.641983e-01
[NA] iter=00016 eval=01262 misfit=5.359053e-01 best=4.641983e-01
[NA] iter=00016 eval=01263 misfit=4.634902e-01 best=4.634902e-01
[NA] iter=00016 eval=01264 misfit=5.350326e-01 best=4.634902e-01
[NA] iter=00016 eval=01265 misfit=5.469399e-01 best=4.634902e-01
[NA] iter=00016 eval=01266 misfit=4.730013e-01 best=4.634902e-01
[NA] iter=00016 eval=01267 misfit=4.731277e-01 best=4.634902e-01
[NA] iter=00016 eval=01268 misfit=4.735147e-01 best=4.634902e-01
[NA] iter=00016 eval=01269 misfit=4.736113e-01 best=4.634902e-01
[NA] iter=00016 eval=01270 misfit=4.790834e-01 best=4.634902e-01
[NA] iter=00016 eval=01271 misfit=4.662479e-01 best=4.634902e-01
[NA] iter=00016 eval=01272 misfit=4.731288e-01 best=4.634902e-01
[NA] iter=00016 eval=01273 misfit=4.806002e-01 best=4.634902e-01
[NA] iter=00016 eval=01274 misfit=4.667787e-01 best=4.634902e-01
[NA] iter=00016 eval=01275 misfit=4.738801e-01 best=4.634902e-01
[NA] iter=00016 eval=01276 misfit=4.653713e-01 best=4.634902e-01
[NA] iter=00016 eval=01277 misfit=4.735056e-01 best=4.634902e-01
[NA] iter=00016 eval=01278 misfit=4.666602e-01 best=4.634902e-01
[NA] iter=00016 eval=01279 misfit=4.815363e-01 best=4.634902e-01
[NA] iter=00016 eval=01280 misfit=4.731716e-01 best=4.634902e-01
[NA] iter=00016 eval=01281 misfit=5.463200e-01 best=4.634902e-01
[NA] iter=00016 eval=01282 misfit=4.660068e-01 best=4.634902e-01
[NA] iter=00016 eval=01283 misfit=5.437778e-01 best=4.634902e-01
[NA] iter=00016 eval=01284 misfit=4.645504e-01 best=4.634902e-01
[NA] iter=00016 eval=01285 misfit=5.336989e-01 best=4.634902e-01
[NA] iter=00016 eval=01286 misfit=4.974603e-01 best=4.634902e-01
[NA] iter=00016 eval=01287 misfit=5.014066e-01 best=4.634902e-01
[NA] iter=00016 eval=01288 misfit=4.676132e-01 best=4.634902e-01
[NA] iter=00016 eval=01289 misfit=4.941195e-01 best=4.634902e-01
[NA] iter=00016 eval=01290 misfit=4.945174e-01 best=4.634902e-01
[NA] iter=00016 eval=01291 misfit=4.661392e-01 best=4.634902e-01
[NA] iter=00016 eval=01292 misfit=4.656475e-01 best=4.634902e-01
[NA] iter=00016 eval=01293 misfit=4.790147e-01 best=4.634902e-01
[NA] iter=00016 eval=01294 misfit=4.662448e-01 best=4.634902e-01
[NA] iter=00016 eval=01295 misfit=4.657671e-01 best=4.634902e-01
[NA] iter=00016 eval=01296 misfit=4.813624e-01 best=4.634902e-01
[NA] iter=00016 eval=01297 misfit=4.826533e-01 best=4.634902e-01
[NA] iter=00016 eval=01298 misfit=4.744533e-01 best=4.634902e-01
[NA] iter=00016 eval=01299 misfit=4.803287e-01 best=4.634902e-01
[NA] iter=00016 eval=01300 misfit=4.748630e-01 best=4.634902e-01
NAI - Optimisation Loop:  32%|███▏      | 16/50 [05:13<11:17, 19.93s/it][NA] iter=00017 eval=01301 misfit=5.368114e-01 best=4.634902e-01
[NA] iter=00017 eval=01302 misfit=5.346881e-01 best=4.634902e-01
[NA] iter=00017 eval=01303 misfit=4.888045e-01 best=4.634902e-01
[NA] iter=00017 eval=01304 misfit=5.407356e-01 best=4.634902e-01
[NA] iter=00017 eval=01305 misfit=5.078352e-01 best=4.634902e-01
[NA] iter=00017 eval=01306 misfit=5.017330e-01 best=4.634902e-01
[NA] iter=00017 eval=01307 misfit=4.637040e-01 best=4.634902e-01
[NA] iter=00017 eval=01308 misfit=4.958931e-01 best=4.634902e-01
[NA] iter=00017 eval=01309 misfit=4.864773e-01 best=4.634902e-01
[NA] iter=00017 eval=01310 misfit=4.751290e-01 best=4.634902e-01
[NA] iter=00017 eval=01311 misfit=4.767064e-01 best=4.634902e-01
[NA] iter=00017 eval=01312 misfit=4.653958e-01 best=4.634902e-01
[NA] iter=00017 eval=01313 misfit=4.797574e-01 best=4.634902e-01
[NA] iter=00017 eval=01314 misfit=4.753306e-01 best=4.634902e-01
[NA] iter=00017 eval=01315 misfit=4.798707e-01 best=4.634902e-01
[NA] iter=00017 eval=01316 misfit=5.012338e-01 best=4.634902e-01
[NA] iter=00017 eval=01317 misfit=5.010316e-01 best=4.634902e-01
[NA] iter=00017 eval=01318 misfit=5.233577e-01 best=4.634902e-01
[NA] iter=00017 eval=01319 misfit=4.633808e-01 best=4.633808e-01
[NA] iter=00017 eval=01320 misfit=5.222341e-01 best=4.633808e-01
[NA] iter=00017 eval=01321 misfit=4.735184e-01 best=4.633808e-01
[NA] iter=00017 eval=01322 misfit=4.753404e-01 best=4.633808e-01
[NA] iter=00017 eval=01323 misfit=4.660007e-01 best=4.633808e-01
[NA] iter=00017 eval=01324 misfit=4.663437e-01 best=4.633808e-01
[NA] iter=00017 eval=01325 misfit=4.743547e-01 best=4.633808e-01
[NA] iter=00017 eval=01326 misfit=5.307067e-01 best=4.633808e-01
[NA] iter=00017 eval=01327 misfit=5.177977e-01 best=4.633808e-01
[NA] iter=00017 eval=01328 misfit=5.298352e-01 best=4.633808e-01
[NA] iter=00017 eval=01329 misfit=4.660865e-01 best=4.633808e-01
[NA] iter=00017 eval=01330 misfit=5.205084e-01 best=4.633808e-01
[NA] iter=00017 eval=01331 misfit=5.308225e-01 best=4.633808e-01
[NA] iter=00017 eval=01332 misfit=4.652949e-01 best=4.633808e-01
[NA] iter=00017 eval=01333 misfit=4.655179e-01 best=4.633808e-01
[NA] iter=00017 eval=01334 misfit=5.131371e-01 best=4.633808e-01
[NA] iter=00017 eval=01335 misfit=5.382355e-01 best=4.633808e-01
[NA] iter=00017 eval=01336 misfit=4.737120e-01 best=4.633808e-01
[NA] iter=00017 eval=01337 misfit=4.670932e-01 best=4.633808e-01
[NA] iter=00017 eval=01338 misfit=4.644642e-01 best=4.633808e-01
[NA] iter=00017 eval=01339 misfit=4.789752e-01 best=4.633808e-01
[NA] iter=00017 eval=01340 misfit=4.657068e-01 best=4.633808e-01
[NA] iter=00017 eval=01341 misfit=4.668353e-01 best=4.633808e-01
[NA] iter=00017 eval=01342 misfit=4.736979e-01 best=4.633808e-01
[NA] iter=00017 eval=01343 misfit=4.744697e-01 best=4.633808e-01
[NA] iter=00017 eval=01344 misfit=4.651180e-01 best=4.633808e-01
[NA] iter=00017 eval=01345 misfit=4.743357e-01 best=4.633808e-01
[NA] iter=00017 eval=01346 misfit=4.717976e-01 best=4.633808e-01
[NA] iter=00017 eval=01347 misfit=4.787356e-01 best=4.633808e-01
[NA] iter=00017 eval=01348 misfit=4.769791e-01 best=4.633808e-01
[NA] iter=00017 eval=01349 misfit=4.807864e-01 best=4.633808e-01
[NA] iter=00017 eval=01350 misfit=4.739330e-01 best=4.633808e-01
NAI - Optimisation Loop:  34%|███▍      | 17/50 [05:32<10:51, 19.75s/it][NA] iter=00018 eval=01351 misfit=5.233612e-01 best=4.633808e-01
[NA] iter=00018 eval=01352 misfit=5.230233e-01 best=4.633808e-01
[NA] iter=00018 eval=01353 misfit=5.109218e-01 best=4.633808e-01
[NA] iter=00018 eval=01354 misfit=4.836032e-01 best=4.633808e-01
[NA] iter=00018 eval=01355 misfit=5.245056e-01 best=4.633808e-01
[NA] iter=00018 eval=01356 misfit=5.307321e-01 best=4.633808e-01
[NA] iter=00018 eval=01357 misfit=5.018689e-01 best=4.633808e-01
[NA] iter=00018 eval=01358 misfit=5.035044e-01 best=4.633808e-01
[NA] iter=00018 eval=01359 misfit=5.315050e-01 best=4.633808e-01
[NA] iter=00018 eval=01360 misfit=5.297719e-01 best=4.633808e-01
[NA] iter=00018 eval=01361 misfit=4.755375e-01 best=4.633808e-01
[NA] iter=00018 eval=01362 misfit=4.633957e-01 best=4.633808e-01
[NA] iter=00018 eval=01363 misfit=4.633035e-01 best=4.633035e-01
[NA] iter=00018 eval=01364 misfit=4.637986e-01 best=4.633035e-01
[NA] iter=00018 eval=01365 misfit=4.650882e-01 best=4.633035e-01
[NA] iter=00018 eval=01366 misfit=4.643486e-01 best=4.633035e-01
[NA] iter=00018 eval=01367 misfit=4.653671e-01 best=4.633035e-01
[NA] iter=00018 eval=01368 misfit=4.640788e-01 best=4.633035e-01
[NA] iter=00018 eval=01369 misfit=4.945946e-01 best=4.633035e-01
[NA] iter=00018 eval=01370 misfit=4.640046e-01 best=4.633035e-01
[NA] iter=00018 eval=01371 misfit=4.729775e-01 best=4.633035e-01
[NA] iter=00018 eval=01372 misfit=4.722177e-01 best=4.633035e-01
[NA] iter=00018 eval=01373 misfit=4.724795e-01 best=4.633035e-01
[NA] iter=00018 eval=01374 misfit=4.722139e-01 best=4.633035e-01
[NA] iter=00018 eval=01375 misfit=4.647906e-01 best=4.633035e-01
[NA] iter=00018 eval=01376 misfit=4.646806e-01 best=4.633035e-01
[NA] iter=00018 eval=01377 misfit=4.641628e-01 best=4.633035e-01
[NA] iter=00018 eval=01378 misfit=4.737312e-01 best=4.633035e-01
[NA] iter=00018 eval=01379 misfit=4.650631e-01 best=4.633035e-01
[NA] iter=00018 eval=01380 misfit=4.647811e-01 best=4.633035e-01
[NA] iter=00018 eval=01381 misfit=5.343705e-01 best=4.633035e-01
[NA] iter=00018 eval=01382 misfit=4.967709e-01 best=4.633035e-01
[NA] iter=00018 eval=01383 misfit=5.339045e-01 best=4.633035e-01
[NA] iter=00018 eval=01384 misfit=4.948073e-01 best=4.633035e-01
[NA] iter=00018 eval=01385 misfit=4.623494e-01 best=4.623494e-01
[NA] iter=00018 eval=01386 misfit=4.745050e-01 best=4.623494e-01
[NA] iter=00018 eval=01387 misfit=4.737608e-01 best=4.623494e-01
[NA] iter=00018 eval=01388 misfit=4.642518e-01 best=4.623494e-01
[NA] iter=00018 eval=01389 misfit=4.726463e-01 best=4.623494e-01
[NA] iter=00018 eval=01390 misfit=4.652627e-01 best=4.623494e-01
[NA] iter=00018 eval=01391 misfit=4.936302e-01 best=4.623494e-01
[NA] iter=00018 eval=01392 misfit=4.953891e-01 best=4.623494e-01
[NA] iter=00018 eval=01393 misfit=4.936640e-01 best=4.623494e-01
[NA] iter=00018 eval=01394 misfit=4.663860e-01 best=4.623494e-01
[NA] iter=00018 eval=01395 misfit=4.644305e-01 best=4.623494e-01
[NA] iter=00018 eval=01396 misfit=4.654129e-01 best=4.623494e-01
[NA] iter=00018 eval=01397 misfit=4.856899e-01 best=4.623494e-01
[NA] iter=00018 eval=01398 misfit=5.088099e-01 best=4.623494e-01
[NA] iter=00018 eval=01399 misfit=5.063965e-01 best=4.623494e-01
[NA] iter=00018 eval=01400 misfit=5.339303e-01 best=4.623494e-01
NAI - Optimisation Loop:  36%|███▌      | 18/50 [05:52<10:28, 19.63s/it][NA] iter=00019 eval=01401 misfit=5.106074e-01 best=4.623494e-01
[NA] iter=00019 eval=01402 misfit=5.238580e-01 best=4.623494e-01
[NA] iter=00019 eval=01403 misfit=4.599244e-01 best=4.599244e-01
[NA] iter=00019 eval=01404 misfit=4.614940e-01 best=4.599244e-01
[NA] iter=00019 eval=01405 misfit=5.206186e-01 best=4.599244e-01
[NA] iter=00019 eval=01406 misfit=4.648130e-01 best=4.599244e-01
[NA] iter=00019 eval=01407 misfit=4.625030e-01 best=4.599244e-01
[NA] iter=00019 eval=01408 misfit=4.749425e-01 best=4.599244e-01
[NA] iter=00019 eval=01409 misfit=4.633688e-01 best=4.599244e-01
[NA] iter=00019 eval=01410 misfit=4.630371e-01 best=4.599244e-01
[NA] iter=00019 eval=01411 misfit=4.628692e-01 best=4.599244e-01
[NA] iter=00019 eval=01412 misfit=4.906146e-01 best=4.599244e-01
[NA] iter=00019 eval=01413 misfit=4.625234e-01 best=4.599244e-01
[NA] iter=00019 eval=01414 misfit=4.631396e-01 best=4.599244e-01
[NA] iter=00019 eval=01415 misfit=5.338424e-01 best=4.599244e-01
[NA] iter=00019 eval=01416 misfit=4.903211e-01 best=4.599244e-01
[NA] iter=00019 eval=01417 misfit=4.637587e-01 best=4.599244e-01
[NA] iter=00019 eval=01418 misfit=5.262226e-01 best=4.599244e-01
[NA] iter=00019 eval=01419 misfit=4.902540e-01 best=4.599244e-01
[NA] iter=00019 eval=01420 misfit=4.906846e-01 best=4.599244e-01
[NA] iter=00019 eval=01421 misfit=4.848191e-01 best=4.599244e-01
[NA] iter=00019 eval=01422 misfit=5.315580e-01 best=4.599244e-01
[NA] iter=00019 eval=01423 misfit=5.329027e-01 best=4.599244e-01
[NA] iter=00019 eval=01424 misfit=4.629092e-01 best=4.599244e-01
[NA] iter=00019 eval=01425 misfit=5.261376e-01 best=4.599244e-01
[NA] iter=00019 eval=01426 misfit=4.919285e-01 best=4.599244e-01
[NA] iter=00019 eval=01427 misfit=4.630757e-01 best=4.599244e-01
[NA] iter=00019 eval=01428 misfit=4.640249e-01 best=4.599244e-01
[NA] iter=00019 eval=01429 misfit=4.920077e-01 best=4.599244e-01
[NA] iter=00019 eval=01430 misfit=4.634287e-01 best=4.599244e-01
[NA] iter=00019 eval=01431 misfit=4.631944e-01 best=4.599244e-01
[NA] iter=00019 eval=01432 misfit=4.636733e-01 best=4.599244e-01
[NA] iter=00019 eval=01433 misfit=5.029960e-01 best=4.599244e-01
[NA] iter=00019 eval=01434 misfit=4.638930e-01 best=4.599244e-01
[NA] iter=00019 eval=01435 misfit=5.010020e-01 best=4.599244e-01
[NA] iter=00019 eval=01436 misfit=4.641741e-01 best=4.599244e-01
[NA] iter=00019 eval=01437 misfit=4.635237e-01 best=4.599244e-01
[NA] iter=00019 eval=01438 misfit=4.631790e-01 best=4.599244e-01
[NA] iter=00019 eval=01439 misfit=4.637689e-01 best=4.599244e-01
[NA] iter=00019 eval=01440 misfit=4.796139e-01 best=4.599244e-01
[NA] iter=00019 eval=01441 misfit=4.660291e-01 best=4.599244e-01
[NA] iter=00019 eval=01442 misfit=4.646494e-01 best=4.599244e-01
[NA] iter=00019 eval=01443 misfit=4.946347e-01 best=4.599244e-01
[NA] iter=00019 eval=01444 misfit=4.647888e-01 best=4.599244e-01
[NA] iter=00019 eval=01445 misfit=4.653907e-01 best=4.599244e-01
[NA] iter=00019 eval=01446 misfit=4.730057e-01 best=4.599244e-01
[NA] iter=00019 eval=01447 misfit=4.743407e-01 best=4.599244e-01
[NA] iter=00019 eval=01448 misfit=4.641309e-01 best=4.599244e-01
[NA] iter=00019 eval=01449 misfit=4.644836e-01 best=4.599244e-01
[NA] iter=00019 eval=01450 misfit=4.803211e-01 best=4.599244e-01
NAI - Optimisation Loop:  38%|███▊      | 19/50 [06:10<10:00, 19.36s/it][NA] iter=00020 eval=01451 misfit=4.586276e-01 best=4.586276e-01
[NA] iter=00020 eval=01452 misfit=4.571045e-01 best=4.571045e-01
[NA] iter=00020 eval=01453 misfit=5.318034e-01 best=4.571045e-01
[NA] iter=00020 eval=01454 misfit=4.596692e-01 best=4.571045e-01
[NA] iter=00020 eval=01455 misfit=4.576957e-01 best=4.571045e-01
[NA] iter=00020 eval=01456 misfit=4.918983e-01 best=4.571045e-01
[NA] iter=00020 eval=01457 misfit=5.214409e-01 best=4.571045e-01
[NA] iter=00020 eval=01458 misfit=4.617767e-01 best=4.571045e-01
[NA] iter=00020 eval=01459 misfit=5.260979e-01 best=4.571045e-01
[NA] iter=00020 eval=01460 misfit=4.650444e-01 best=4.571045e-01
[NA] iter=00020 eval=01461 misfit=4.649451e-01 best=4.571045e-01
[NA] iter=00020 eval=01462 misfit=4.852940e-01 best=4.571045e-01
[NA] iter=00020 eval=01463 misfit=4.610917e-01 best=4.571045e-01
[NA] iter=00020 eval=01464 misfit=5.217270e-01 best=4.571045e-01
[NA] iter=00020 eval=01465 misfit=4.848119e-01 best=4.571045e-01
[NA] iter=00020 eval=01466 misfit=4.725886e-01 best=4.571045e-01
[NA] iter=00020 eval=01467 misfit=4.713869e-01 best=4.571045e-01
[NA] iter=00020 eval=01468 misfit=4.718144e-01 best=4.571045e-01
[NA] iter=00020 eval=01469 misfit=4.633621e-01 best=4.571045e-01
[NA] iter=00020 eval=01470 misfit=4.622101e-01 best=4.571045e-01
[NA] iter=00020 eval=01471 misfit=4.651046e-01 best=4.571045e-01
[NA] iter=00020 eval=01472 misfit=4.606440e-01 best=4.571045e-01
[NA] iter=00020 eval=01473 misfit=4.608047e-01 best=4.571045e-01
[NA] iter=00020 eval=01474 misfit=5.312022e-01 best=4.571045e-01
[NA] iter=00020 eval=01475 misfit=4.831575e-01 best=4.571045e-01
[NA] iter=00020 eval=01476 misfit=4.611833e-01 best=4.571045e-01
[NA] iter=00020 eval=01477 misfit=4.637099e-01 best=4.571045e-01
[NA] iter=00020 eval=01478 misfit=4.938218e-01 best=4.571045e-01
[NA] iter=00020 eval=01479 misfit=5.270897e-01 best=4.571045e-01
[NA] iter=00020 eval=01480 misfit=4.609699e-01 best=4.571045e-01
[NA] iter=00020 eval=01481 misfit=4.612490e-01 best=4.571045e-01
[NA] iter=00020 eval=01482 misfit=4.926178e-01 best=4.571045e-01
[NA] iter=00020 eval=01483 misfit=4.621085e-01 best=4.571045e-01
[NA] iter=00020 eval=01484 misfit=5.299784e-01 best=4.571045e-01
[NA] iter=00020 eval=01485 misfit=4.626724e-01 best=4.571045e-01
[NA] iter=00020 eval=01486 misfit=4.634883e-01 best=4.571045e-01
[NA] iter=00020 eval=01487 misfit=4.638025e-01 best=4.571045e-01
[NA] iter=00020 eval=01488 misfit=4.622190e-01 best=4.571045e-01
[NA] iter=00020 eval=01489 misfit=4.636508e-01 best=4.571045e-01
[NA] iter=00020 eval=01490 misfit=4.629118e-01 best=4.571045e-01
[NA] iter=00020 eval=01491 misfit=4.648052e-01 best=4.571045e-01
[NA] iter=00020 eval=01492 misfit=4.917864e-01 best=4.571045e-01
[NA] iter=00020 eval=01493 misfit=4.636122e-01 best=4.571045e-01
[NA] iter=00020 eval=01494 misfit=4.640520e-01 best=4.571045e-01
[NA] iter=00020 eval=01495 misfit=4.634524e-01 best=4.571045e-01
[NA] iter=00020 eval=01496 misfit=4.911649e-01 best=4.571045e-01
[NA] iter=00020 eval=01497 misfit=4.643165e-01 best=4.571045e-01
[NA] iter=00020 eval=01498 misfit=4.658246e-01 best=4.571045e-01
[NA] iter=00020 eval=01499 misfit=4.638852e-01 best=4.571045e-01
[NA] iter=00020 eval=01500 misfit=4.643738e-01 best=4.571045e-01
NAI - Optimisation Loop:  40%|████      | 20/50 [06:30<09:38, 19.29s/it][NA] iter=00021 eval=01501 misfit=4.812815e-01 best=4.571045e-01
[NA] iter=00021 eval=01502 misfit=4.802710e-01 best=4.571045e-01
[NA] iter=00021 eval=01503 misfit=4.584254e-01 best=4.571045e-01
[NA] iter=00021 eval=01504 misfit=5.047160e-01 best=4.571045e-01
[NA] iter=00021 eval=01505 misfit=4.616884e-01 best=4.571045e-01
[NA] iter=00021 eval=01506 misfit=4.997550e-01 best=4.571045e-01
[NA] iter=00021 eval=01507 misfit=4.576499e-01 best=4.571045e-01
[NA] iter=00021 eval=01508 misfit=5.208382e-01 best=4.571045e-01
[NA] iter=00021 eval=01509 misfit=4.985364e-01 best=4.571045e-01
[NA] iter=00021 eval=01510 misfit=5.214963e-01 best=4.571045e-01
[NA] iter=00021 eval=01511 misfit=4.857130e-01 best=4.571045e-01
[NA] iter=00021 eval=01512 misfit=4.582562e-01 best=4.571045e-01
[NA] iter=00021 eval=01513 misfit=4.903923e-01 best=4.571045e-01
[NA] iter=00021 eval=01514 misfit=4.599461e-01 best=4.571045e-01
[NA] iter=00021 eval=01515 misfit=4.844643e-01 best=4.571045e-01
[NA] iter=00021 eval=01516 misfit=4.603605e-01 best=4.571045e-01
[NA] iter=00021 eval=01517 misfit=5.179154e-01 best=4.571045e-01
[NA] iter=00021 eval=01518 misfit=4.599216e-01 best=4.571045e-01
[NA] iter=00021 eval=01519 misfit=5.234159e-01 best=4.571045e-01
[NA] iter=00021 eval=01520 misfit=4.593901e-01 best=4.571045e-01
[NA] iter=00021 eval=01521 misfit=4.598367e-01 best=4.571045e-01
[NA] iter=00021 eval=01522 misfit=4.618754e-01 best=4.571045e-01
[NA] iter=00021 eval=01523 misfit=4.846623e-01 best=4.571045e-01
[NA] iter=00021 eval=01524 misfit=4.877597e-01 best=4.571045e-01
[NA] iter=00021 eval=01525 misfit=4.599889e-01 best=4.571045e-01
[NA] iter=00021 eval=01526 misfit=4.611920e-01 best=4.571045e-01
[NA] iter=00021 eval=01527 misfit=4.596315e-01 best=4.571045e-01
[NA] iter=00021 eval=01528 misfit=4.615378e-01 best=4.571045e-01
[NA] iter=00021 eval=01529 misfit=4.590012e-01 best=4.571045e-01
[NA] iter=00021 eval=01530 misfit=5.229305e-01 best=4.571045e-01
[NA] iter=00021 eval=01531 misfit=4.965868e-01 best=4.571045e-01
[NA] iter=00021 eval=01532 misfit=4.856100e-01 best=4.571045e-01
[NA] iter=00021 eval=01533 misfit=5.297627e-01 best=4.571045e-01
[NA] iter=00021 eval=01534 misfit=4.623372e-01 best=4.571045e-01
[NA] iter=00021 eval=01535 misfit=5.290375e-01 best=4.571045e-01
[NA] iter=00021 eval=01536 misfit=5.215748e-01 best=4.571045e-01
[NA] iter=00021 eval=01537 misfit=5.127191e-01 best=4.571045e-01
[NA] iter=00021 eval=01538 misfit=5.230592e-01 best=4.571045e-01
[NA] iter=00021 eval=01539 misfit=5.224042e-01 best=4.571045e-01
[NA] iter=00021 eval=01540 misfit=5.223943e-01 best=4.571045e-01
[NA] iter=00021 eval=01541 misfit=4.876645e-01 best=4.571045e-01
[NA] iter=00021 eval=01542 misfit=5.268191e-01 best=4.571045e-01
[NA] iter=00021 eval=01543 misfit=4.856485e-01 best=4.571045e-01
[NA] iter=00021 eval=01544 misfit=5.299302e-01 best=4.571045e-01
[NA] iter=00021 eval=01545 misfit=4.861072e-01 best=4.571045e-01
[NA] iter=00021 eval=01546 misfit=4.604843e-01 best=4.571045e-01
[NA] iter=00021 eval=01547 misfit=4.610498e-01 best=4.571045e-01
[NA] iter=00021 eval=01548 misfit=5.110518e-01 best=4.571045e-01
[NA] iter=00021 eval=01549 misfit=4.871190e-01 best=4.571045e-01
[NA] iter=00021 eval=01550 misfit=4.830715e-01 best=4.571045e-01
NAI - Optimisation Loop:  42%|████▏     | 21/50 [06:49<09:21, 19.37s/it][NA] iter=00022 eval=01551 misfit=4.818446e-01 best=4.571045e-01
[NA] iter=00022 eval=01552 misfit=4.581092e-01 best=4.571045e-01
[NA] iter=00022 eval=01553 misfit=4.579199e-01 best=4.571045e-01
[NA] iter=00022 eval=01554 misfit=4.584604e-01 best=4.571045e-01
[NA] iter=00022 eval=01555 misfit=4.581658e-01 best=4.571045e-01
[NA] iter=00022 eval=01556 misfit=4.580968e-01 best=4.571045e-01
[NA] iter=00022 eval=01557 misfit=4.594187e-01 best=4.571045e-01
[NA] iter=00022 eval=01558 misfit=4.749839e-01 best=4.571045e-01
[NA] iter=00022 eval=01559 misfit=4.733959e-01 best=4.571045e-01
[NA] iter=00022 eval=01560 misfit=4.585492e-01 best=4.571045e-01
[NA] iter=00022 eval=01561 misfit=4.577769e-01 best=4.571045e-01
[NA] iter=00022 eval=01562 misfit=4.582660e-01 best=4.571045e-01
[NA] iter=00022 eval=01563 misfit=4.574307e-01 best=4.571045e-01
[NA] iter=00022 eval=01564 misfit=4.579428e-01 best=4.571045e-01
[NA] iter=00022 eval=01565 misfit=5.221385e-01 best=4.571045e-01
[NA] iter=00022 eval=01566 misfit=4.590973e-01 best=4.571045e-01
[NA] iter=00022 eval=01567 misfit=4.822655e-01 best=4.571045e-01
[NA] iter=00022 eval=01568 misfit=4.569229e-01 best=4.569229e-01
[NA] iter=00022 eval=01569 misfit=4.577365e-01 best=4.569229e-01
[NA] iter=00022 eval=01570 misfit=4.816666e-01 best=4.569229e-01
[NA] iter=00022 eval=01571 misfit=4.574861e-01 best=4.569229e-01
[NA] iter=00022 eval=01572 misfit=4.904222e-01 best=4.569229e-01
[NA] iter=00022 eval=01573 misfit=4.974625e-01 best=4.569229e-01
[NA] iter=00022 eval=01574 misfit=4.584315e-01 best=4.569229e-01
[NA] iter=00022 eval=01575 misfit=4.582965e-01 best=4.569229e-01
[NA] iter=00022 eval=01576 misfit=5.206613e-01 best=4.569229e-01
[NA] iter=00022 eval=01577 misfit=5.106455e-01 best=4.569229e-01
[NA] iter=00022 eval=01578 misfit=5.106643e-01 best=4.569229e-01
[NA] iter=00022 eval=01579 misfit=4.579036e-01 best=4.569229e-01
[NA] iter=00022 eval=01580 misfit=5.090899e-01 best=4.569229e-01
[NA] iter=00022 eval=01581 misfit=4.907129e-01 best=4.569229e-01
[NA] iter=00022 eval=01582 misfit=4.923900e-01 best=4.569229e-01
[NA] iter=00022 eval=01583 misfit=4.580914e-01 best=4.569229e-01
[NA] iter=00022 eval=01584 misfit=4.924081e-01 best=4.569229e-01
[NA] iter=00022 eval=01585 misfit=5.141749e-01 best=4.569229e-01
[NA] iter=00022 eval=01586 misfit=4.615259e-01 best=4.569229e-01
[NA] iter=00022 eval=01587 misfit=4.595772e-01 best=4.569229e-01
[NA] iter=00022 eval=01588 misfit=5.135389e-01 best=4.569229e-01
[NA] iter=00022 eval=01589 misfit=5.106393e-01 best=4.569229e-01
[NA] iter=00022 eval=01590 misfit=4.630133e-01 best=4.569229e-01
[NA] iter=00022 eval=01591 misfit=4.604267e-01 best=4.569229e-01
[NA] iter=00022 eval=01592 misfit=4.938142e-01 best=4.569229e-01
[NA] iter=00022 eval=01593 misfit=4.927417e-01 best=4.569229e-01
[NA] iter=00022 eval=01594 misfit=5.103453e-01 best=4.569229e-01
[NA] iter=00022 eval=01595 misfit=4.926587e-01 best=4.569229e-01
[NA] iter=00022 eval=01596 misfit=4.840501e-01 best=4.569229e-01
[NA] iter=00022 eval=01597 misfit=4.592617e-01 best=4.569229e-01
[NA] iter=00022 eval=01598 misfit=4.614459e-01 best=4.569229e-01
[NA] iter=00022 eval=01599 misfit=5.276550e-01 best=4.569229e-01
[NA] iter=00022 eval=01600 misfit=4.594147e-01 best=4.569229e-01
NAI - Optimisation Loop:  44%|████▍     | 22/50 [07:09<09:02, 19.37s/it][NA] iter=00023 eval=01601 misfit=4.574266e-01 best=4.569229e-01
[NA] iter=00023 eval=01602 misfit=5.085022e-01 best=4.569229e-01
[NA] iter=00023 eval=01603 misfit=4.576996e-01 best=4.569229e-01
[NA] iter=00023 eval=01604 misfit=4.836219e-01 best=4.569229e-01
[NA] iter=00023 eval=01605 misfit=5.213702e-01 best=4.569229e-01
[NA] iter=00023 eval=01606 misfit=4.575094e-01 best=4.569229e-01
[NA] iter=00023 eval=01607 misfit=4.576966e-01 best=4.569229e-01
[NA] iter=00023 eval=01608 misfit=4.575147e-01 best=4.569229e-01
[NA] iter=00023 eval=01609 misfit=4.580643e-01 best=4.569229e-01
[NA] iter=00023 eval=01610 misfit=4.566194e-01 best=4.566194e-01
[NA] iter=00023 eval=01611 misfit=4.594437e-01 best=4.566194e-01
[NA] iter=00023 eval=01612 misfit=4.580129e-01 best=4.566194e-01
[NA] iter=00023 eval=01613 misfit=5.112535e-01 best=4.566194e-01
[NA] iter=00023 eval=01614 misfit=4.578558e-01 best=4.566194e-01
[NA] iter=00023 eval=01615 misfit=4.585178e-01 best=4.566194e-01
[NA] iter=00023 eval=01616 misfit=4.890889e-01 best=4.566194e-01
[NA] iter=00023 eval=01617 misfit=4.572166e-01 best=4.566194e-01
[NA] iter=00023 eval=01618 misfit=5.072882e-01 best=4.566194e-01
[NA] iter=00023 eval=01619 misfit=4.847487e-01 best=4.566194e-01
[NA] iter=00023 eval=01620 misfit=4.651174e-01 best=4.566194e-01
[NA] iter=00023 eval=01621 misfit=4.584724e-01 best=4.566194e-01
[NA] iter=00023 eval=01622 misfit=4.589384e-01 best=4.566194e-01
[NA] iter=00023 eval=01623 misfit=4.729480e-01 best=4.566194e-01
[NA] iter=00023 eval=01624 misfit=4.581236e-01 best=4.566194e-01
[NA] iter=00023 eval=01625 misfit=4.735765e-01 best=4.566194e-01
[NA] iter=00023 eval=01626 misfit=4.582740e-01 best=4.566194e-01
[NA] iter=00023 eval=01627 misfit=4.721702e-01 best=4.566194e-01
[NA] iter=00023 eval=01628 misfit=4.577596e-01 best=4.566194e-01
[NA] iter=00023 eval=01629 misfit=4.576192e-01 best=4.566194e-01
[NA] iter=00023 eval=01630 misfit=4.581567e-01 best=4.566194e-01
[NA] iter=00023 eval=01631 misfit=4.585385e-01 best=4.566194e-01
[NA] iter=00023 eval=01632 misfit=4.579643e-01 best=4.566194e-01
[NA] iter=00023 eval=01633 misfit=4.579646e-01 best=4.566194e-01
[NA] iter=00023 eval=01634 misfit=4.717218e-01 best=4.566194e-01
[NA] iter=00023 eval=01635 misfit=4.722597e-01 best=4.566194e-01
[NA] iter=00023 eval=01636 misfit=4.582091e-01 best=4.566194e-01
[NA] iter=00023 eval=01637 misfit=4.713079e-01 best=4.566194e-01
[NA] iter=00023 eval=01638 misfit=4.725050e-01 best=4.566194e-01
[NA] iter=00023 eval=01639 misfit=4.729425e-01 best=4.566194e-01
[NA] iter=00023 eval=01640 misfit=4.578122e-01 best=4.566194e-01
[NA] iter=00023 eval=01641 misfit=4.579856e-01 best=4.566194e-01
[NA] iter=00023 eval=01642 misfit=4.581226e-01 best=4.566194e-01
[NA] iter=00023 eval=01643 misfit=4.578522e-01 best=4.566194e-01
[NA] iter=00023 eval=01644 misfit=4.573825e-01 best=4.566194e-01
[NA] iter=00023 eval=01645 misfit=4.573238e-01 best=4.566194e-01
[NA] iter=00023 eval=01646 misfit=4.585516e-01 best=4.566194e-01
[NA] iter=00023 eval=01647 misfit=5.077843e-01 best=4.566194e-01
[NA] iter=00023 eval=01648 misfit=4.738237e-01 best=4.566194e-01
[NA] iter=00023 eval=01649 misfit=5.133052e-01 best=4.566194e-01
[NA] iter=00023 eval=01650 misfit=4.588771e-01 best=4.566194e-01
NAI - Optimisation Loop:  46%|████▌     | 23/50 [07:28<08:44, 19.44s/it][NA] iter=00024 eval=01651 misfit=4.578133e-01 best=4.566194e-01
[NA] iter=00024 eval=01652 misfit=4.568793e-01 best=4.566194e-01
[NA] iter=00024 eval=01653 misfit=4.572260e-01 best=4.566194e-01
[NA] iter=00024 eval=01654 misfit=4.567885e-01 best=4.566194e-01
[NA] iter=00024 eval=01655 misfit=4.562256e-01 best=4.562256e-01
[NA] iter=00024 eval=01656 misfit=4.571422e-01 best=4.562256e-01
[NA] iter=00024 eval=01657 misfit=4.724771e-01 best=4.562256e-01
[NA] iter=00024 eval=01658 misfit=4.578330e-01 best=4.562256e-01
[NA] iter=00024 eval=01659 misfit=4.720568e-01 best=4.562256e-01
[NA] iter=00024 eval=01660 misfit=4.580810e-01 best=4.562256e-01
[NA] iter=00024 eval=01661 misfit=4.573798e-01 best=4.562256e-01
[NA] iter=00024 eval=01662 misfit=4.571612e-01 best=4.562256e-01
[NA] iter=00024 eval=01663 misfit=4.570987e-01 best=4.562256e-01
[NA] iter=00024 eval=01664 misfit=4.570751e-01 best=4.562256e-01
[NA] iter=00024 eval=01665 misfit=4.573474e-01 best=4.562256e-01
[NA] iter=00024 eval=01666 misfit=4.570168e-01 best=4.562256e-01
[NA] iter=00024 eval=01667 misfit=4.578460e-01 best=4.562256e-01
[NA] iter=00024 eval=01668 misfit=4.575930e-01 best=4.562256e-01
[NA] iter=00024 eval=01669 misfit=4.575295e-01 best=4.562256e-01
[NA] iter=00024 eval=01670 misfit=4.572470e-01 best=4.562256e-01
[NA] iter=00024 eval=01671 misfit=4.579212e-01 best=4.562256e-01
[NA] iter=00024 eval=01672 misfit=4.825848e-01 best=4.562256e-01
[NA] iter=00024 eval=01673 misfit=4.568474e-01 best=4.562256e-01
[NA] iter=00024 eval=01674 misfit=4.564256e-01 best=4.562256e-01
[NA] iter=00024 eval=01675 misfit=4.569502e-01 best=4.562256e-01
[NA] iter=00024 eval=01676 misfit=4.569525e-01 best=4.562256e-01
[NA] iter=00024 eval=01677 misfit=4.573800e-01 best=4.562256e-01
[NA] iter=00024 eval=01678 misfit=4.573791e-01 best=4.562256e-01
[NA] iter=00024 eval=01679 misfit=4.588243e-01 best=4.562256e-01
[NA] iter=00024 eval=01680 misfit=4.571768e-01 best=4.562256e-01
[NA] iter=00024 eval=01681 misfit=4.578289e-01 best=4.562256e-01
[NA] iter=00024 eval=01682 misfit=4.581623e-01 best=4.562256e-01
[NA] iter=00024 eval=01683 misfit=4.581410e-01 best=4.562256e-01
[NA] iter=00024 eval=01684 misfit=4.581762e-01 best=4.562256e-01
[NA] iter=00024 eval=01685 misfit=4.581739e-01 best=4.562256e-01
[NA] iter=00024 eval=01686 misfit=4.582881e-01 best=4.562256e-01
[NA] iter=00024 eval=01687 misfit=4.584586e-01 best=4.562256e-01
[NA] iter=00024 eval=01688 misfit=4.588192e-01 best=4.562256e-01
[NA] iter=00024 eval=01689 misfit=4.899640e-01 best=4.562256e-01
[NA] iter=00024 eval=01690 misfit=4.592430e-01 best=4.562256e-01
[NA] iter=00024 eval=01691 misfit=4.885979e-01 best=4.562256e-01
[NA] iter=00024 eval=01692 misfit=4.804995e-01 best=4.562256e-01
[NA] iter=00024 eval=01693 misfit=4.567293e-01 best=4.562256e-01
[NA] iter=00024 eval=01694 misfit=5.090520e-01 best=4.562256e-01
[NA] iter=00024 eval=01695 misfit=4.899941e-01 best=4.562256e-01
[NA] iter=00024 eval=01696 misfit=4.577734e-01 best=4.562256e-01
[NA] iter=00024 eval=01697 misfit=4.572466e-01 best=4.562256e-01
[NA] iter=00024 eval=01698 misfit=4.567914e-01 best=4.562256e-01
[NA] iter=00024 eval=01699 misfit=4.581912e-01 best=4.562256e-01
[NA] iter=00024 eval=01700 misfit=4.567619e-01 best=4.562256e-01
NAI - Optimisation Loop:  48%|████▊     | 24/50 [07:48<08:26, 19.48s/it][NA] iter=00025 eval=01701 misfit=4.576416e-01 best=4.562256e-01
[NA] iter=00025 eval=01702 misfit=4.571679e-01 best=4.562256e-01
[NA] iter=00025 eval=01703 misfit=4.578275e-01 best=4.562256e-01
[NA] iter=00025 eval=01704 misfit=4.806075e-01 best=4.562256e-01
[NA] iter=00025 eval=01705 misfit=4.576704e-01 best=4.562256e-01
[NA] iter=00025 eval=01706 misfit=4.808944e-01 best=4.562256e-01
[NA] iter=00025 eval=01707 misfit=4.811308e-01 best=4.562256e-01
[NA] iter=00025 eval=01708 misfit=4.564710e-01 best=4.562256e-01
[NA] iter=00025 eval=01709 misfit=4.799017e-01 best=4.562256e-01
[NA] iter=00025 eval=01710 misfit=4.571877e-01 best=4.562256e-01
[NA] iter=00025 eval=01711 misfit=4.570000e-01 best=4.562256e-01
[NA] iter=00025 eval=01712 misfit=4.568566e-01 best=4.562256e-01
[NA] iter=00025 eval=01713 misfit=4.571679e-01 best=4.562256e-01
[NA] iter=00025 eval=01714 misfit=4.579407e-01 best=4.562256e-01
[NA] iter=00025 eval=01715 misfit=4.569305e-01 best=4.562256e-01
[NA] iter=00025 eval=01716 misfit=4.814931e-01 best=4.562256e-01
[NA] iter=00025 eval=01717 misfit=4.576666e-01 best=4.562256e-01
[NA] iter=00025 eval=01718 misfit=4.584376e-01 best=4.562256e-01
[NA] iter=00025 eval=01719 misfit=4.574613e-01 best=4.562256e-01
[NA] iter=00025 eval=01720 misfit=5.069063e-01 best=4.562256e-01
[NA] iter=00025 eval=01721 misfit=4.566718e-01 best=4.562256e-01
[NA] iter=00025 eval=01722 misfit=5.229675e-01 best=4.562256e-01
[NA] iter=00025 eval=01723 misfit=4.926085e-01 best=4.562256e-01
[NA] iter=00025 eval=01724 misfit=5.093255e-01 best=4.562256e-01
[NA] iter=00025 eval=01725 misfit=5.226414e-01 best=4.562256e-01
[NA] iter=00025 eval=01726 misfit=4.573342e-01 best=4.562256e-01
[NA] iter=00025 eval=01727 misfit=4.887031e-01 best=4.562256e-01
[NA] iter=00025 eval=01728 misfit=4.571965e-01 best=4.562256e-01
[NA] iter=00025 eval=01729 misfit=4.569157e-01 best=4.562256e-01
[NA] iter=00025 eval=01730 misfit=4.569629e-01 best=4.562256e-01
[NA] iter=00025 eval=01731 misfit=4.568947e-01 best=4.562256e-01
[NA] iter=00025 eval=01732 misfit=4.572910e-01 best=4.562256e-01
[NA] iter=00025 eval=01733 misfit=4.576408e-01 best=4.562256e-01
[NA] iter=00025 eval=01734 misfit=4.583494e-01 best=4.562256e-01
[NA] iter=00025 eval=01735 misfit=4.572943e-01 best=4.562256e-01
[NA] iter=00025 eval=01736 misfit=4.570313e-01 best=4.562256e-01
[NA] iter=00025 eval=01737 misfit=4.573562e-01 best=4.562256e-01
[NA] iter=00025 eval=01738 misfit=4.805431e-01 best=4.562256e-01
[NA] iter=00025 eval=01739 misfit=4.803028e-01 best=4.562256e-01
[NA] iter=00025 eval=01740 misfit=4.561793e-01 best=4.561793e-01
[NA] iter=00025 eval=01741 misfit=4.565063e-01 best=4.561793e-01
[NA] iter=00025 eval=01742 misfit=4.569812e-01 best=4.561793e-01
[NA] iter=00025 eval=01743 misfit=4.570896e-01 best=4.561793e-01
[NA] iter=00025 eval=01744 misfit=4.570075e-01 best=4.561793e-01
[NA] iter=00025 eval=01745 misfit=4.571475e-01 best=4.561793e-01
[NA] iter=00025 eval=01746 misfit=4.573618e-01 best=4.561793e-01
[NA] iter=00025 eval=01747 misfit=4.569144e-01 best=4.561793e-01
[NA] iter=00025 eval=01748 misfit=4.569386e-01 best=4.561793e-01
[NA] iter=00025 eval=01749 misfit=4.585912e-01 best=4.561793e-01
[NA] iter=00025 eval=01750 misfit=4.573698e-01 best=4.561793e-01
NAI - Optimisation Loop:  50%|█████     | 25/50 [08:07<08:08, 19.53s/it][NA] iter=00026 eval=01751 misfit=4.577974e-01 best=4.561793e-01
[NA] iter=00026 eval=01752 misfit=4.569747e-01 best=4.561793e-01
[NA] iter=00026 eval=01753 misfit=4.904563e-01 best=4.561793e-01
[NA] iter=00026 eval=01754 misfit=4.914881e-01 best=4.561793e-01
[NA] iter=00026 eval=01755 misfit=4.582001e-01 best=4.561793e-01
[NA] iter=00026 eval=01756 misfit=4.572946e-01 best=4.561793e-01
[NA] iter=00026 eval=01757 misfit=4.565442e-01 best=4.561793e-01
[NA] iter=00026 eval=01758 misfit=4.568125e-01 best=4.561793e-01
[NA] iter=00026 eval=01759 misfit=4.563935e-01 best=4.561793e-01
[NA] iter=00026 eval=01760 misfit=4.569547e-01 best=4.561793e-01
[NA] iter=00026 eval=01761 misfit=4.568423e-01 best=4.561793e-01
[NA] iter=00026 eval=01762 misfit=4.572902e-01 best=4.561793e-01
[NA] iter=00026 eval=01763 misfit=4.567053e-01 best=4.561793e-01
[NA] iter=00026 eval=01764 misfit=4.817598e-01 best=4.561793e-01
[NA] iter=00026 eval=01765 misfit=4.816636e-01 best=4.561793e-01
[NA] iter=00026 eval=01766 misfit=4.807099e-01 best=4.561793e-01
[NA] iter=00026 eval=01767 misfit=4.817863e-01 best=4.561793e-01
[NA] iter=00026 eval=01768 misfit=4.812792e-01 best=4.561793e-01
[NA] iter=00026 eval=01769 misfit=4.823140e-01 best=4.561793e-01
[NA] iter=00026 eval=01770 misfit=4.569481e-01 best=4.561793e-01
[NA] iter=00026 eval=01771 misfit=4.566605e-01 best=4.561793e-01
[NA] iter=00026 eval=01772 misfit=4.564583e-01 best=4.561793e-01
[NA] iter=00026 eval=01773 misfit=4.567808e-01 best=4.561793e-01
[NA] iter=00026 eval=01774 misfit=4.571321e-01 best=4.561793e-01
[NA] iter=00026 eval=01775 misfit=4.565060e-01 best=4.561793e-01
[NA] iter=00026 eval=01776 misfit=4.567257e-01 best=4.561793e-01
[NA] iter=00026 eval=01777 misfit=4.577635e-01 best=4.561793e-01
[NA] iter=00026 eval=01778 misfit=4.570463e-01 best=4.561793e-01
[NA] iter=00026 eval=01779 misfit=4.574291e-01 best=4.561793e-01
[NA] iter=00026 eval=01780 misfit=4.571333e-01 best=4.561793e-01
[NA] iter=00026 eval=01781 misfit=4.594716e-01 best=4.561793e-01
[NA] iter=00026 eval=01782 misfit=4.574506e-01 best=4.561793e-01
[NA] iter=00026 eval=01783 misfit=4.596236e-01 best=4.561793e-01
[NA] iter=00026 eval=01784 misfit=4.571658e-01 best=4.561793e-01
[NA] iter=00026 eval=01785 misfit=5.102272e-01 best=4.561793e-01
[NA] iter=00026 eval=01786 misfit=5.074924e-01 best=4.561793e-01
[NA] iter=00026 eval=01787 misfit=4.571695e-01 best=4.561793e-01
[NA] iter=00026 eval=01788 misfit=4.939672e-01 best=4.561793e-01
[NA] iter=00026 eval=01789 misfit=4.575461e-01 best=4.561793e-01
[NA] iter=00026 eval=01790 misfit=4.891992e-01 best=4.561793e-01
[NA] iter=00026 eval=01791 misfit=4.567368e-01 best=4.561793e-01
[NA] iter=00026 eval=01792 misfit=4.568803e-01 best=4.561793e-01
[NA] iter=00026 eval=01793 misfit=4.733749e-01 best=4.561793e-01
[NA] iter=00026 eval=01794 misfit=4.582127e-01 best=4.561793e-01
[NA] iter=00026 eval=01795 misfit=4.732078e-01 best=4.561793e-01
[NA] iter=00026 eval=01796 misfit=4.568319e-01 best=4.561793e-01
[NA] iter=00026 eval=01797 misfit=4.569719e-01 best=4.561793e-01
[NA] iter=00026 eval=01798 misfit=4.568478e-01 best=4.561793e-01
[NA] iter=00026 eval=01799 misfit=4.568067e-01 best=4.561793e-01
[NA] iter=00026 eval=01800 misfit=4.574353e-01 best=4.561793e-01
NAI - Optimisation Loop:  52%|█████▏    | 26/50 [08:27<07:50, 19.59s/it][NA] iter=00027 eval=01801 misfit=4.581668e-01 best=4.561793e-01
[NA] iter=00027 eval=01802 misfit=4.569332e-01 best=4.561793e-01
[NA] iter=00027 eval=01803 misfit=4.817424e-01 best=4.561793e-01
[NA] iter=00027 eval=01804 misfit=4.572619e-01 best=4.561793e-01
[NA] iter=00027 eval=01805 misfit=4.558916e-01 best=4.558916e-01
[NA] iter=00027 eval=01806 misfit=4.566533e-01 best=4.558916e-01
[NA] iter=00027 eval=01807 misfit=4.564666e-01 best=4.558916e-01
[NA] iter=00027 eval=01808 misfit=4.556380e-01 best=4.556380e-01
[NA] iter=00027 eval=01809 misfit=4.570684e-01 best=4.556380e-01
[NA] iter=00027 eval=01810 misfit=4.569090e-01 best=4.556380e-01
[NA] iter=00027 eval=01811 misfit=4.567516e-01 best=4.556380e-01
[NA] iter=00027 eval=01812 misfit=4.558617e-01 best=4.556380e-01
[NA] iter=00027 eval=01813 misfit=4.570402e-01 best=4.556380e-01
[NA] iter=00027 eval=01814 misfit=4.565241e-01 best=4.556380e-01
[NA] iter=00027 eval=01815 misfit=4.564481e-01 best=4.556380e-01
[NA] iter=00027 eval=01816 misfit=4.578378e-01 best=4.556380e-01
[NA] iter=00027 eval=01817 misfit=4.575765e-01 best=4.556380e-01
[NA] iter=00027 eval=01818 misfit=4.816745e-01 best=4.556380e-01
[NA] iter=00027 eval=01819 misfit=4.575798e-01 best=4.556380e-01
[NA] iter=00027 eval=01820 misfit=4.567092e-01 best=4.556380e-01
[NA] iter=00027 eval=01821 misfit=4.566701e-01 best=4.556380e-01
[NA] iter=00027 eval=01822 misfit=4.565640e-01 best=4.556380e-01
[NA] iter=00027 eval=01823 misfit=4.570534e-01 best=4.556380e-01
[NA] iter=00027 eval=01824 misfit=4.567105e-01 best=4.556380e-01
[NA] iter=00027 eval=01825 misfit=4.565970e-01 best=4.556380e-01
[NA] iter=00027 eval=01826 misfit=4.807755e-01 best=4.556380e-01
[NA] iter=00027 eval=01827 misfit=4.814459e-01 best=4.556380e-01
[NA] iter=00027 eval=01828 misfit=4.821148e-01 best=4.556380e-01
[NA] iter=00027 eval=01829 misfit=4.819424e-01 best=4.556380e-01
[NA] iter=00027 eval=01830 misfit=4.821234e-01 best=4.556380e-01
[NA] iter=00027 eval=01831 misfit=4.563187e-01 best=4.556380e-01
[NA] iter=00027 eval=01832 misfit=4.567359e-01 best=4.556380e-01
[NA] iter=00027 eval=01833 misfit=4.567410e-01 best=4.556380e-01
[NA] iter=00027 eval=01834 misfit=4.560133e-01 best=4.556380e-01
[NA] iter=00027 eval=01835 misfit=4.561549e-01 best=4.556380e-01
[NA] iter=00027 eval=01836 misfit=4.568322e-01 best=4.556380e-01
[NA] iter=00027 eval=01837 misfit=4.573303e-01 best=4.556380e-01
[NA] iter=00027 eval=01838 misfit=4.568175e-01 best=4.556380e-01
[NA] iter=00027 eval=01839 misfit=4.568564e-01 best=4.556380e-01
[NA] iter=00027 eval=01840 misfit=4.572789e-01 best=4.556380e-01
[NA] iter=00027 eval=01841 misfit=4.559993e-01 best=4.556380e-01
[NA] iter=00027 eval=01842 misfit=4.558542e-01 best=4.556380e-01
[NA] iter=00027 eval=01843 misfit=4.568387e-01 best=4.556380e-01
[NA] iter=00027 eval=01844 misfit=4.574290e-01 best=4.556380e-01
[NA] iter=00027 eval=01845 misfit=4.560650e-01 best=4.556380e-01
[NA] iter=00027 eval=01846 misfit=4.570464e-01 best=4.556380e-01
[NA] iter=00027 eval=01847 misfit=4.566447e-01 best=4.556380e-01
[NA] iter=00027 eval=01848 misfit=4.568796e-01 best=4.556380e-01
[NA] iter=00027 eval=01849 misfit=4.574264e-01 best=4.556380e-01
[NA] iter=00027 eval=01850 misfit=4.573136e-01 best=4.556380e-01
NAI - Optimisation Loop:  54%|█████▍    | 27/50 [08:47<07:30, 19.60s/it][NA] iter=00028 eval=01851 misfit=4.560892e-01 best=4.556380e-01
[NA] iter=00028 eval=01852 misfit=4.572970e-01 best=4.556380e-01
[NA] iter=00028 eval=01853 misfit=4.565856e-01 best=4.556380e-01
[NA] iter=00028 eval=01854 misfit=4.565943e-01 best=4.556380e-01
[NA] iter=00028 eval=01855 misfit=4.575965e-01 best=4.556380e-01
[NA] iter=00028 eval=01856 misfit=4.568632e-01 best=4.556380e-01
[NA] iter=00028 eval=01857 misfit=4.571100e-01 best=4.556380e-01
[NA] iter=00028 eval=01858 misfit=4.570217e-01 best=4.556380e-01
[NA] iter=00028 eval=01859 misfit=4.566845e-01 best=4.556380e-01
[NA] iter=00028 eval=01860 misfit=4.569671e-01 best=4.556380e-01
[NA] iter=00028 eval=01861 misfit=4.556580e-01 best=4.556380e-01
[NA] iter=00028 eval=01862 misfit=4.563531e-01 best=4.556380e-01
[NA] iter=00028 eval=01863 misfit=4.808543e-01 best=4.556380e-01
[NA] iter=00028 eval=01864 misfit=4.574495e-01 best=4.556380e-01
[NA] iter=00028 eval=01865 misfit=4.568288e-01 best=4.556380e-01
[NA] iter=00028 eval=01866 misfit=4.568450e-01 best=4.556380e-01
[NA] iter=00028 eval=01867 misfit=4.579252e-01 best=4.556380e-01
[NA] iter=00028 eval=01868 misfit=4.559678e-01 best=4.556380e-01
[NA] iter=00028 eval=01869 misfit=4.576736e-01 best=4.556380e-01
[NA] iter=00028 eval=01870 misfit=4.581337e-01 best=4.556380e-01
[NA] iter=00028 eval=01871 misfit=4.575179e-01 best=4.556380e-01
[NA] iter=00028 eval=01872 misfit=4.808607e-01 best=4.556380e-01
[NA] iter=00028 eval=01873 misfit=4.571473e-01 best=4.556380e-01
[NA] iter=00028 eval=01874 misfit=4.572745e-01 best=4.556380e-01
[NA] iter=00028 eval=01875 misfit=4.559007e-01 best=4.556380e-01
[NA] iter=00028 eval=01876 misfit=4.565888e-01 best=4.556380e-01
[NA] iter=00028 eval=01877 misfit=4.559303e-01 best=4.556380e-01
[NA] iter=00028 eval=01878 misfit=4.566473e-01 best=4.556380e-01
[NA] iter=00028 eval=01879 misfit=4.559840e-01 best=4.556380e-01
[NA] iter=00028 eval=01880 misfit=4.567086e-01 best=4.556380e-01
[NA] iter=00028 eval=01881 misfit=4.571473e-01 best=4.556380e-01
[NA] iter=00028 eval=01882 misfit=4.807253e-01 best=4.556380e-01
[NA] iter=00028 eval=01883 misfit=4.564427e-01 best=4.556380e-01
[NA] iter=00028 eval=01884 misfit=4.566012e-01 best=4.556380e-01
[NA] iter=00028 eval=01885 misfit=4.560595e-01 best=4.556380e-01
[NA] iter=00028 eval=01886 misfit=4.560697e-01 best=4.556380e-01
[NA] iter=00028 eval=01887 misfit=4.563044e-01 best=4.556380e-01
[NA] iter=00028 eval=01888 misfit=4.566804e-01 best=4.556380e-01
[NA] iter=00028 eval=01889 misfit=4.573759e-01 best=4.556380e-01
[NA] iter=00028 eval=01890 misfit=4.565510e-01 best=4.556380e-01
[NA] iter=00028 eval=01891 misfit=4.588282e-01 best=4.556380e-01
[NA] iter=00028 eval=01892 misfit=4.585666e-01 best=4.556380e-01
[NA] iter=00028 eval=01893 misfit=4.586346e-01 best=4.556380e-01
[NA] iter=00028 eval=01894 misfit=4.581260e-01 best=4.556380e-01
[NA] iter=00028 eval=01895 misfit=4.571004e-01 best=4.556380e-01
[NA] iter=00028 eval=01896 misfit=4.564742e-01 best=4.556380e-01
[NA] iter=00028 eval=01897 misfit=4.563896e-01 best=4.556380e-01
[NA] iter=00028 eval=01898 misfit=4.565739e-01 best=4.556380e-01
[NA] iter=00028 eval=01899 misfit=4.556129e-01 best=4.556129e-01
[NA] iter=00028 eval=01900 misfit=4.563437e-01 best=4.556129e-01
NAI - Optimisation Loop:  56%|█████▌    | 28/50 [09:06<07:09, 19.50s/it][NA] iter=00029 eval=01901 misfit=4.562996e-01 best=4.556129e-01
[NA] iter=00029 eval=01902 misfit=4.571117e-01 best=4.556129e-01
[NA] iter=00029 eval=01903 misfit=4.575540e-01 best=4.556129e-01
[NA] iter=00029 eval=01904 misfit=4.573895e-01 best=4.556129e-01
[NA] iter=00029 eval=01905 misfit=4.555239e-01 best=4.555239e-01
[NA] iter=00029 eval=01906 misfit=4.566505e-01 best=4.555239e-01
[NA] iter=00029 eval=01907 misfit=4.564362e-01 best=4.555239e-01
[NA] iter=00029 eval=01908 misfit=4.559702e-01 best=4.555239e-01
[NA] iter=00029 eval=01909 misfit=4.566895e-01 best=4.555239e-01
[NA] iter=00029 eval=01910 misfit=4.565274e-01 best=4.555239e-01
[NA] iter=00029 eval=01911 misfit=4.574830e-01 best=4.555239e-01
[NA] iter=00029 eval=01912 misfit=4.575538e-01 best=4.555239e-01
[NA] iter=00029 eval=01913 misfit=4.575735e-01 best=4.555239e-01
[NA] iter=00029 eval=01914 misfit=4.566214e-01 best=4.555239e-01
[NA] iter=00029 eval=01915 misfit=4.577041e-01 best=4.555239e-01
[NA] iter=00029 eval=01916 misfit=4.567288e-01 best=4.555239e-01
[NA] iter=00029 eval=01917 misfit=4.574006e-01 best=4.555239e-01
[NA] iter=00029 eval=01918 misfit=4.560442e-01 best=4.555239e-01
[NA] iter=00029 eval=01919 misfit=4.559468e-01 best=4.555239e-01
[NA] iter=00029 eval=01920 misfit=4.565792e-01 best=4.555239e-01
[NA] iter=00029 eval=01921 misfit=4.564850e-01 best=4.555239e-01
[NA] iter=00029 eval=01922 misfit=4.572668e-01 best=4.555239e-01
[NA] iter=00029 eval=01923 misfit=4.572754e-01 best=4.555239e-01
[NA] iter=00029 eval=01924 misfit=4.557846e-01 best=4.555239e-01
[NA] iter=00029 eval=01925 misfit=4.558639e-01 best=4.555239e-01
[NA] iter=00029 eval=01926 misfit=4.564349e-01 best=4.555239e-01
[NA] iter=00029 eval=01927 misfit=4.568451e-01 best=4.555239e-01
[NA] iter=00029 eval=01928 misfit=4.567855e-01 best=4.555239e-01
[NA] iter=00029 eval=01929 misfit=4.581741e-01 best=4.555239e-01
[NA] iter=00029 eval=01930 misfit=4.554371e-01 best=4.554371e-01
[NA] iter=00029 eval=01931 misfit=4.571245e-01 best=4.554371e-01
[NA] iter=00029 eval=01932 misfit=4.560360e-01 best=4.554371e-01
[NA] iter=00029 eval=01933 misfit=4.575323e-01 best=4.554371e-01
[NA] iter=00029 eval=01934 misfit=4.560140e-01 best=4.554371e-01
[NA] iter=00029 eval=01935 misfit=4.564947e-01 best=4.554371e-01
[NA] iter=00029 eval=01936 misfit=4.571006e-01 best=4.554371e-01
[NA] iter=00029 eval=01937 misfit=4.560253e-01 best=4.554371e-01
[NA] iter=00029 eval=01938 misfit=4.806092e-01 best=4.554371e-01
[NA] iter=00029 eval=01939 misfit=4.568865e-01 best=4.554371e-01
[NA] iter=00029 eval=01940 misfit=4.569382e-01 best=4.554371e-01
[NA] iter=00029 eval=01941 misfit=4.549702e-01 best=4.549702e-01
[NA] iter=00029 eval=01942 misfit=4.566017e-01 best=4.549702e-01
[NA] iter=00029 eval=01943 misfit=4.584503e-01 best=4.549702e-01
[NA] iter=00029 eval=01944 misfit=4.558723e-01 best=4.549702e-01
[NA] iter=00029 eval=01945 misfit=4.553486e-01 best=4.549702e-01
[NA] iter=00029 eval=01946 misfit=4.572241e-01 best=4.549702e-01
[NA] iter=00029 eval=01947 misfit=4.809768e-01 best=4.549702e-01
[NA] iter=00029 eval=01948 misfit=4.565928e-01 best=4.549702e-01
[NA] iter=00029 eval=01949 misfit=4.567553e-01 best=4.549702e-01
[NA] iter=00029 eval=01950 misfit=4.574779e-01 best=4.549702e-01
NAI - Optimisation Loop:  58%|█████▊    | 29/50 [09:25<06:48, 19.44s/it][NA] iter=00030 eval=01951 misfit=4.550342e-01 best=4.549702e-01
[NA] iter=00030 eval=01952 misfit=4.577306e-01 best=4.549702e-01
[NA] iter=00030 eval=01953 misfit=4.569443e-01 best=4.549702e-01
[NA] iter=00030 eval=01954 misfit=4.556816e-01 best=4.549702e-01
[NA] iter=00030 eval=01955 misfit=4.558671e-01 best=4.549702e-01
[NA] iter=00030 eval=01956 misfit=4.566506e-01 best=4.549702e-01
[NA] iter=00030 eval=01957 misfit=4.563191e-01 best=4.549702e-01
[NA] iter=00030 eval=01958 misfit=4.565777e-01 best=4.549702e-01
[NA] iter=00030 eval=01959 misfit=4.568229e-01 best=4.549702e-01
[NA] iter=00030 eval=01960 misfit=4.565144e-01 best=4.549702e-01
[NA] iter=00030 eval=01961 misfit=4.555724e-01 best=4.549702e-01
[NA] iter=00030 eval=01962 misfit=4.568606e-01 best=4.549702e-01
[NA] iter=00030 eval=01963 misfit=4.566908e-01 best=4.549702e-01
[NA] iter=00030 eval=01964 misfit=4.564925e-01 best=4.549702e-01
[NA] iter=00030 eval=01965 misfit=4.570188e-01 best=4.549702e-01
[NA] iter=00030 eval=01966 misfit=4.571100e-01 best=4.549702e-01
[NA] iter=00030 eval=01967 misfit=4.562252e-01 best=4.549702e-01
[NA] iter=00030 eval=01968 misfit=4.567614e-01 best=4.549702e-01
[NA] iter=00030 eval=01969 misfit=4.573878e-01 best=4.549702e-01
[NA] iter=00030 eval=01970 misfit=4.570985e-01 best=4.549702e-01
[NA] iter=00030 eval=01971 misfit=4.556129e-01 best=4.549702e-01
[NA] iter=00030 eval=01972 misfit=4.564303e-01 best=4.549702e-01
[NA] iter=00030 eval=01973 misfit=4.557583e-01 best=4.549702e-01
[NA] iter=00030 eval=01974 misfit=4.553914e-01 best=4.549702e-01
[NA] iter=00030 eval=01975 misfit=4.563697e-01 best=4.549702e-01
[NA] iter=00030 eval=01976 misfit=4.558901e-01 best=4.549702e-01
[NA] iter=00030 eval=01977 misfit=4.563974e-01 best=4.549702e-01
[NA] iter=00030 eval=01978 misfit=4.564997e-01 best=4.549702e-01
[NA] iter=00030 eval=01979 misfit=4.557024e-01 best=4.549702e-01
[NA] iter=00030 eval=01980 misfit=4.556558e-01 best=4.549702e-01
[NA] iter=00030 eval=01981 misfit=4.558214e-01 best=4.549702e-01
[NA] iter=00030 eval=01982 misfit=4.572250e-01 best=4.549702e-01
[NA] iter=00030 eval=01983 misfit=4.564278e-01 best=4.549702e-01
[NA] iter=00030 eval=01984 misfit=4.558803e-01 best=4.549702e-01
[NA] iter=00030 eval=01985 misfit=4.564982e-01 best=4.549702e-01
[NA] iter=00030 eval=01986 misfit=4.566151e-01 best=4.549702e-01
[NA] iter=00030 eval=01987 misfit=4.569341e-01 best=4.549702e-01
[NA] iter=00030 eval=01988 misfit=4.558265e-01 best=4.549702e-01
[NA] iter=00030 eval=01989 misfit=4.567905e-01 best=4.549702e-01
[NA] iter=00030 eval=01990 misfit=4.559694e-01 best=4.549702e-01
[NA] iter=00030 eval=01991 misfit=4.559101e-01 best=4.549702e-01
[NA] iter=00030 eval=01992 misfit=4.560407e-01 best=4.549702e-01
[NA] iter=00030 eval=01993 misfit=4.567110e-01 best=4.549702e-01
[NA] iter=00030 eval=01994 misfit=4.559733e-01 best=4.549702e-01
[NA] iter=00030 eval=01995 misfit=4.557551e-01 best=4.549702e-01
[NA] iter=00030 eval=01996 misfit=4.560310e-01 best=4.549702e-01
[NA] iter=00030 eval=01997 misfit=4.557787e-01 best=4.549702e-01
[NA] iter=00030 eval=01998 misfit=4.566924e-01 best=4.549702e-01
[NA] iter=00030 eval=01999 misfit=4.559405e-01 best=4.549702e-01
[NA] iter=00030 eval=02000 misfit=4.564834e-01 best=4.549702e-01
NAI - Optimisation Loop:  60%|██████    | 30/50 [09:45<06:28, 19.44s/it][NA] iter=00031 eval=02001 misfit=4.562192e-01 best=4.549702e-01
[NA] iter=00031 eval=02002 misfit=4.571363e-01 best=4.549702e-01
[NA] iter=00031 eval=02003 misfit=4.563356e-01 best=4.549702e-01
[NA] iter=00031 eval=02004 misfit=4.550262e-01 best=4.549702e-01
[NA] iter=00031 eval=02005 misfit=4.565735e-01 best=4.549702e-01
[NA] iter=00031 eval=02006 misfit=4.682469e-01 best=4.549702e-01
[NA] iter=00031 eval=02007 misfit=4.778967e-01 best=4.549702e-01
[NA] iter=00031 eval=02008 misfit=4.957027e-01 best=4.549702e-01
[NA] iter=00031 eval=02009 misfit=4.900625e-01 best=4.549702e-01
[NA] iter=00031 eval=02010 misfit=4.947265e-01 best=4.549702e-01
[NA] iter=00031 eval=02011 misfit=4.564268e-01 best=4.549702e-01
[NA] iter=00031 eval=02012 misfit=4.571365e-01 best=4.549702e-01
[NA] iter=00031 eval=02013 misfit=4.553262e-01 best=4.549702e-01
[NA] iter=00031 eval=02014 misfit=4.554207e-01 best=4.549702e-01
[NA] iter=00031 eval=02015 misfit=4.552494e-01 best=4.549702e-01
[NA] iter=00031 eval=02016 misfit=4.571252e-01 best=4.549702e-01
[NA] iter=00031 eval=02017 misfit=4.557483e-01 best=4.549702e-01
[NA] iter=00031 eval=02018 misfit=4.556595e-01 best=4.549702e-01
[NA] iter=00031 eval=02019 misfit=4.556625e-01 best=4.549702e-01
[NA] iter=00031 eval=02020 misfit=4.553580e-01 best=4.549702e-01
[NA] iter=00031 eval=02021 misfit=4.555638e-01 best=4.549702e-01
[NA] iter=00031 eval=02022 misfit=4.566634e-01 best=4.549702e-01
[NA] iter=00031 eval=02023 misfit=4.559371e-01 best=4.549702e-01
[NA] iter=00031 eval=02024 misfit=4.560574e-01 best=4.549702e-01
[NA] iter=00031 eval=02025 misfit=4.565690e-01 best=4.549702e-01
[NA] iter=00031 eval=02026 misfit=4.563358e-01 best=4.549702e-01
[NA] iter=00031 eval=02027 misfit=4.556663e-01 best=4.549702e-01
[NA] iter=00031 eval=02028 misfit=4.562389e-01 best=4.549702e-01
[NA] iter=00031 eval=02029 misfit=4.564215e-01 best=4.549702e-01
[NA] iter=00031 eval=02030 misfit=4.571365e-01 best=4.549702e-01
[NA] iter=00031 eval=02031 misfit=4.562279e-01 best=4.549702e-01
[NA] iter=00031 eval=02032 misfit=4.554342e-01 best=4.549702e-01
[NA] iter=00031 eval=02033 misfit=4.567894e-01 best=4.549702e-01
[NA] iter=00031 eval=02034 misfit=4.557060e-01 best=4.549702e-01
[NA] iter=00031 eval=02035 misfit=4.561525e-01 best=4.549702e-01
[NA] iter=00031 eval=02036 misfit=4.555569e-01 best=4.549702e-01
[NA] iter=00031 eval=02037 misfit=4.568851e-01 best=4.549702e-01
[NA] iter=00031 eval=02038 misfit=4.563182e-01 best=4.549702e-01
[NA] iter=00031 eval=02039 misfit=4.569008e-01 best=4.549702e-01
[NA] iter=00031 eval=02040 misfit=4.558414e-01 best=4.549702e-01
[NA] iter=00031 eval=02041 misfit=4.565043e-01 best=4.549702e-01
[NA] iter=00031 eval=02042 misfit=4.563685e-01 best=4.549702e-01
[NA] iter=00031 eval=02043 misfit=4.564927e-01 best=4.549702e-01
[NA] iter=00031 eval=02044 misfit=4.557726e-01 best=4.549702e-01
[NA] iter=00031 eval=02045 misfit=4.572704e-01 best=4.549702e-01
[NA] iter=00031 eval=02046 misfit=4.556511e-01 best=4.549702e-01
[NA] iter=00031 eval=02047 misfit=4.556422e-01 best=4.549702e-01
[NA] iter=00031 eval=02048 misfit=4.558065e-01 best=4.549702e-01
[NA] iter=00031 eval=02049 misfit=4.558299e-01 best=4.549702e-01
[NA] iter=00031 eval=02050 misfit=4.566153e-01 best=4.549702e-01
NAI - Optimisation Loop:  62%|██████▏   | 31/50 [10:03<06:03, 19.12s/it][NA] iter=00032 eval=02051 misfit=4.555584e-01 best=4.549702e-01
[NA] iter=00032 eval=02052 misfit=4.573253e-01 best=4.549702e-01
[NA] iter=00032 eval=02053 misfit=4.556307e-01 best=4.549702e-01
[NA] iter=00032 eval=02054 misfit=4.555298e-01 best=4.549702e-01
[NA] iter=00032 eval=02055 misfit=4.575692e-01 best=4.549702e-01
[NA] iter=00032 eval=02056 misfit=4.549300e-01 best=4.549300e-01
[NA] iter=00032 eval=02057 misfit=4.553020e-01 best=4.549300e-01
[NA] iter=00032 eval=02058 misfit=4.562484e-01 best=4.549300e-01
[NA] iter=00032 eval=02059 misfit=4.560840e-01 best=4.549300e-01
[NA] iter=00032 eval=02060 misfit=4.564008e-01 best=4.549300e-01
[NA] iter=00032 eval=02061 misfit=4.561201e-01 best=4.549300e-01
[NA] iter=00032 eval=02062 misfit=4.554861e-01 best=4.549300e-01
[NA] iter=00032 eval=02063 misfit=4.559545e-01 best=4.549300e-01
[NA] iter=00032 eval=02064 misfit=4.572135e-01 best=4.549300e-01
[NA] iter=00032 eval=02065 misfit=4.552886e-01 best=4.549300e-01
[NA] iter=00032 eval=02066 misfit=4.555689e-01 best=4.549300e-01
[NA] iter=00032 eval=02067 misfit=4.552288e-01 best=4.549300e-01
[NA] iter=00032 eval=02068 misfit=4.560268e-01 best=4.549300e-01
[NA] iter=00032 eval=02069 misfit=4.562141e-01 best=4.549300e-01
[NA] iter=00032 eval=02070 misfit=4.553051e-01 best=4.549300e-01
[NA] iter=00032 eval=02071 misfit=4.568820e-01 best=4.549300e-01
[NA] iter=00032 eval=02072 misfit=4.551461e-01 best=4.549300e-01
[NA] iter=00032 eval=02073 misfit=4.581045e-01 best=4.549300e-01
[NA] iter=00032 eval=02074 misfit=4.580230e-01 best=4.549300e-01
[NA] iter=00032 eval=02075 misfit=4.569657e-01 best=4.549300e-01
[NA] iter=00032 eval=02076 misfit=4.552914e-01 best=4.549300e-01
[NA] iter=00032 eval=02077 misfit=4.561800e-01 best=4.549300e-01
[NA] iter=00032 eval=02078 misfit=4.554789e-01 best=4.549300e-01
[NA] iter=00032 eval=02079 misfit=4.554255e-01 best=4.549300e-01
[NA] iter=00032 eval=02080 misfit=4.552672e-01 best=4.549300e-01
[NA] iter=00032 eval=02081 misfit=4.558003e-01 best=4.549300e-01
[NA] iter=00032 eval=02082 misfit=4.556174e-01 best=4.549300e-01
[NA] iter=00032 eval=02083 misfit=4.557892e-01 best=4.549300e-01
[NA] iter=00032 eval=02084 misfit=4.556766e-01 best=4.549300e-01
[NA] iter=00032 eval=02085 misfit=4.556495e-01 best=4.549300e-01
[NA] iter=00032 eval=02086 misfit=4.554691e-01 best=4.549300e-01
[NA] iter=00032 eval=02087 misfit=4.553929e-01 best=4.549300e-01
[NA] iter=00032 eval=02088 misfit=4.557507e-01 best=4.549300e-01
[NA] iter=00032 eval=02089 misfit=4.556687e-01 best=4.549300e-01
[NA] iter=00032 eval=02090 misfit=4.558270e-01 best=4.549300e-01
[NA] iter=00032 eval=02091 misfit=4.558908e-01 best=4.549300e-01
[NA] iter=00032 eval=02092 misfit=4.563738e-01 best=4.549300e-01
[NA] iter=00032 eval=02093 misfit=4.559364e-01 best=4.549300e-01
[NA] iter=00032 eval=02094 misfit=4.556487e-01 best=4.549300e-01
[NA] iter=00032 eval=02095 misfit=4.558165e-01 best=4.549300e-01
[NA] iter=00032 eval=02096 misfit=4.555039e-01 best=4.549300e-01
[NA] iter=00032 eval=02097 misfit=4.555549e-01 best=4.549300e-01
[NA] iter=00032 eval=02098 misfit=4.556990e-01 best=4.549300e-01
[NA] iter=00032 eval=02099 misfit=4.554584e-01 best=4.549300e-01
[NA] iter=00032 eval=02100 misfit=4.555317e-01 best=4.549300e-01
NAI - Optimisation Loop:  64%|██████▍   | 32/50 [10:23<05:46, 19.25s/it][NA] iter=00033 eval=02101 misfit=4.553344e-01 best=4.549300e-01
[NA] iter=00033 eval=02102 misfit=4.569173e-01 best=4.549300e-01
[NA] iter=00033 eval=02103 misfit=4.559317e-01 best=4.549300e-01
[NA] iter=00033 eval=02104 misfit=4.553753e-01 best=4.549300e-01
[NA] iter=00033 eval=02105 misfit=4.569328e-01 best=4.549300e-01
[NA] iter=00033 eval=02106 misfit=4.551886e-01 best=4.549300e-01
[NA] iter=00033 eval=02107 misfit=4.560525e-01 best=4.549300e-01
[NA] iter=00033 eval=02108 misfit=4.555907e-01 best=4.549300e-01
[NA] iter=00033 eval=02109 misfit=4.555582e-01 best=4.549300e-01
[NA] iter=00033 eval=02110 misfit=4.568671e-01 best=4.549300e-01
[NA] iter=00033 eval=02111 misfit=4.559687e-01 best=4.549300e-01
[NA] iter=00033 eval=02112 misfit=4.549634e-01 best=4.549300e-01
[NA] iter=00033 eval=02113 misfit=4.561787e-01 best=4.549300e-01
[NA] iter=00033 eval=02114 misfit=4.555866e-01 best=4.549300e-01
[NA] iter=00033 eval=02115 misfit=4.549242e-01 best=4.549242e-01
[NA] iter=00033 eval=02116 misfit=4.554742e-01 best=4.549242e-01
[NA] iter=00033 eval=02117 misfit=4.551271e-01 best=4.549242e-01
[NA] iter=00033 eval=02118 misfit=4.547477e-01 best=4.547477e-01
[NA] iter=00033 eval=02119 misfit=4.560445e-01 best=4.547477e-01
[NA] iter=00033 eval=02120 misfit=4.557419e-01 best=4.547477e-01
[NA] iter=00033 eval=02121 misfit=4.563425e-01 best=4.547477e-01
[NA] iter=00033 eval=02122 misfit=4.558252e-01 best=4.547477e-01
[NA] iter=00033 eval=02123 misfit=4.565107e-01 best=4.547477e-01
[NA] iter=00033 eval=02124 misfit=4.558296e-01 best=4.547477e-01
[NA] iter=00033 eval=02125 misfit=4.570940e-01 best=4.547477e-01
[NA] iter=00033 eval=02126 misfit=4.553804e-01 best=4.547477e-01
[NA] iter=00033 eval=02127 misfit=4.553462e-01 best=4.547477e-01
[NA] iter=00033 eval=02128 misfit=4.554239e-01 best=4.547477e-01
[NA] iter=00033 eval=02129 misfit=4.552677e-01 best=4.547477e-01
[NA] iter=00033 eval=02130 misfit=4.557352e-01 best=4.547477e-01
[NA] iter=00033 eval=02131 misfit=4.551513e-01 best=4.547477e-01
[NA] iter=00033 eval=02132 misfit=4.559915e-01 best=4.547477e-01
[NA] iter=00033 eval=02133 misfit=4.555850e-01 best=4.547477e-01
[NA] iter=00033 eval=02134 misfit=4.561370e-01 best=4.547477e-01
[NA] iter=00033 eval=02135 misfit=4.564639e-01 best=4.547477e-01
[NA] iter=00033 eval=02136 misfit=4.566322e-01 best=4.547477e-01
[NA] iter=00033 eval=02137 misfit=4.553852e-01 best=4.547477e-01
[NA] iter=00033 eval=02138 misfit=4.554274e-01 best=4.547477e-01
[NA] iter=00033 eval=02139 misfit=4.570296e-01 best=4.547477e-01
[NA] iter=00033 eval=02140 misfit=4.565822e-01 best=4.547477e-01
[NA] iter=00033 eval=02141 misfit=4.553125e-01 best=4.547477e-01
[NA] iter=00033 eval=02142 misfit=4.567695e-01 best=4.547477e-01
[NA] iter=00033 eval=02143 misfit=4.554272e-01 best=4.547477e-01
[NA] iter=00033 eval=02144 misfit=4.551679e-01 best=4.547477e-01
[NA] iter=00033 eval=02145 misfit=4.555291e-01 best=4.547477e-01
[NA] iter=00033 eval=02146 misfit=4.553422e-01 best=4.547477e-01
[NA] iter=00033 eval=02147 misfit=4.555473e-01 best=4.547477e-01
[NA] iter=00033 eval=02148 misfit=4.555566e-01 best=4.547477e-01
[NA] iter=00033 eval=02149 misfit=4.551800e-01 best=4.547477e-01
[NA] iter=00033 eval=02150 misfit=4.557969e-01 best=4.547477e-01
NAI - Optimisation Loop:  66%|██████▌   | 33/50 [10:42<05:29, 19.36s/it][NA] iter=00034 eval=02151 misfit=4.561679e-01 best=4.547477e-01
[NA] iter=00034 eval=02152 misfit=4.551949e-01 best=4.547477e-01
[NA] iter=00034 eval=02153 misfit=4.558437e-01 best=4.547477e-01
[NA] iter=00034 eval=02154 misfit=4.550342e-01 best=4.547477e-01
[NA] iter=00034 eval=02155 misfit=4.554725e-01 best=4.547477e-01
[NA] iter=00034 eval=02156 misfit=4.550301e-01 best=4.547477e-01
[NA] iter=00034 eval=02157 misfit=4.556843e-01 best=4.547477e-01
[NA] iter=00034 eval=02158 misfit=4.565612e-01 best=4.547477e-01
[NA] iter=00034 eval=02159 misfit=4.562249e-01 best=4.547477e-01
[NA] iter=00034 eval=02160 misfit=4.548519e-01 best=4.547477e-01
[NA] iter=00034 eval=02161 misfit=4.569879e-01 best=4.547477e-01
[NA] iter=00034 eval=02162 misfit=4.561079e-01 best=4.547477e-01
[NA] iter=00034 eval=02163 misfit=4.559357e-01 best=4.547477e-01
[NA] iter=00034 eval=02164 misfit=4.551022e-01 best=4.547477e-01
[NA] iter=00034 eval=02165 misfit=4.548495e-01 best=4.547477e-01
[NA] iter=00034 eval=02166 misfit=4.552793e-01 best=4.547477e-01
[NA] iter=00034 eval=02167 misfit=4.551254e-01 best=4.547477e-01
[NA] iter=00034 eval=02168 misfit=4.554268e-01 best=4.547477e-01
[NA] iter=00034 eval=02169 misfit=4.552629e-01 best=4.547477e-01
[NA] iter=00034 eval=02170 misfit=4.550430e-01 best=4.547477e-01
[NA] iter=00034 eval=02171 misfit=4.554851e-01 best=4.547477e-01
[NA] iter=00034 eval=02172 misfit=4.552732e-01 best=4.547477e-01
[NA] iter=00034 eval=02173 misfit=4.561366e-01 best=4.547477e-01
[NA] iter=00034 eval=02174 misfit=4.557500e-01 best=4.547477e-01
[NA] iter=00034 eval=02175 misfit=4.565609e-01 best=4.547477e-01
[NA] iter=00034 eval=02176 misfit=4.557387e-01 best=4.547477e-01
[NA] iter=00034 eval=02177 misfit=4.550996e-01 best=4.547477e-01
[NA] iter=00034 eval=02178 misfit=4.556007e-01 best=4.547477e-01
[NA] iter=00034 eval=02179 misfit=4.554402e-01 best=4.547477e-01
[NA] iter=00034 eval=02180 misfit=4.560762e-01 best=4.547477e-01
[NA] iter=00034 eval=02181 misfit=4.568299e-01 best=4.547477e-01
[NA] iter=00034 eval=02182 misfit=4.553078e-01 best=4.547477e-01
[NA] iter=00034 eval=02183 misfit=4.561133e-01 best=4.547477e-01
[NA] iter=00034 eval=02184 misfit=4.561355e-01 best=4.547477e-01
[NA] iter=00034 eval=02185 misfit=4.558949e-01 best=4.547477e-01
[NA] iter=00034 eval=02186 misfit=4.549997e-01 best=4.547477e-01
[NA] iter=00034 eval=02187 misfit=4.553767e-01 best=4.547477e-01
[NA] iter=00034 eval=02188 misfit=4.552644e-01 best=4.547477e-01
[NA] iter=00034 eval=02189 misfit=4.550809e-01 best=4.547477e-01
[NA] iter=00034 eval=02190 misfit=4.552742e-01 best=4.547477e-01
[NA] iter=00034 eval=02191 misfit=4.565985e-01 best=4.547477e-01
[NA] iter=00034 eval=02192 misfit=4.560161e-01 best=4.547477e-01
[NA] iter=00034 eval=02193 misfit=4.558643e-01 best=4.547477e-01
[NA] iter=00034 eval=02194 misfit=4.561351e-01 best=4.547477e-01
[NA] iter=00034 eval=02195 misfit=4.559617e-01 best=4.547477e-01
[NA] iter=00034 eval=02196 misfit=4.551825e-01 best=4.547477e-01
[NA] iter=00034 eval=02197 misfit=4.552291e-01 best=4.547477e-01
[NA] iter=00034 eval=02198 misfit=4.552240e-01 best=4.547477e-01
[NA] iter=00034 eval=02199 misfit=4.552448e-01 best=4.547477e-01
[NA] iter=00034 eval=02200 misfit=4.551330e-01 best=4.547477e-01
NAI - Optimisation Loop:  68%|██████▊   | 34/50 [11:02<05:09, 19.34s/it][NA] iter=00035 eval=02201 misfit=4.556001e-01 best=4.547477e-01
[NA] iter=00035 eval=02202 misfit=4.552223e-01 best=4.547477e-01
[NA] iter=00035 eval=02203 misfit=4.554910e-01 best=4.547477e-01
[NA] iter=00035 eval=02204 misfit=4.558542e-01 best=4.547477e-01
[NA] iter=00035 eval=02205 misfit=4.546629e-01 best=4.546629e-01
[NA] iter=00035 eval=02206 misfit=4.554094e-01 best=4.546629e-01
[NA] iter=00035 eval=02207 misfit=4.555590e-01 best=4.546629e-01
[NA] iter=00035 eval=02208 misfit=4.554567e-01 best=4.546629e-01
[NA] iter=00035 eval=02209 misfit=4.552126e-01 best=4.546629e-01
[NA] iter=00035 eval=02210 misfit=4.557448e-01 best=4.546629e-01
[NA] iter=00035 eval=02211 misfit=4.553305e-01 best=4.546629e-01
[NA] iter=00035 eval=02212 misfit=4.555518e-01 best=4.546629e-01
[NA] iter=00035 eval=02213 misfit=4.551987e-01 best=4.546629e-01
[NA] iter=00035 eval=02214 misfit=4.554159e-01 best=4.546629e-01
[NA] iter=00035 eval=02215 misfit=4.554444e-01 best=4.546629e-01
[NA] iter=00035 eval=02216 misfit=4.549256e-01 best=4.546629e-01
[NA] iter=00035 eval=02217 misfit=4.549411e-01 best=4.546629e-01
[NA] iter=00035 eval=02218 misfit=4.552674e-01 best=4.546629e-01
[NA] iter=00035 eval=02219 misfit=4.547561e-01 best=4.546629e-01
[NA] iter=00035 eval=02220 misfit=4.550218e-01 best=4.546629e-01
[NA] iter=00035 eval=02221 misfit=4.550127e-01 best=4.546629e-01
[NA] iter=00035 eval=02222 misfit=4.553001e-01 best=4.546629e-01
[NA] iter=00035 eval=02223 misfit=4.564977e-01 best=4.546629e-01
[NA] iter=00035 eval=02224 misfit=4.557060e-01 best=4.546629e-01
[NA] iter=00035 eval=02225 misfit=4.567112e-01 best=4.546629e-01
[NA] iter=00035 eval=02226 misfit=4.551388e-01 best=4.546629e-01
[NA] iter=00035 eval=02227 misfit=4.549236e-01 best=4.546629e-01
[NA] iter=00035 eval=02228 misfit=4.552727e-01 best=4.546629e-01
[NA] iter=00035 eval=02229 misfit=4.552373e-01 best=4.546629e-01
[NA] iter=00035 eval=02230 misfit=4.554695e-01 best=4.546629e-01
[NA] iter=00035 eval=02231 misfit=4.550279e-01 best=4.546629e-01
[NA] iter=00035 eval=02232 misfit=4.550554e-01 best=4.546629e-01
[NA] iter=00035 eval=02233 misfit=4.554132e-01 best=4.546629e-01
[NA] iter=00035 eval=02234 misfit=4.552746e-01 best=4.546629e-01
[NA] iter=00035 eval=02235 misfit=4.557551e-01 best=4.546629e-01
[NA] iter=00035 eval=02236 misfit=4.563140e-01 best=4.546629e-01
[NA] iter=00035 eval=02237 misfit=4.562499e-01 best=4.546629e-01
[NA] iter=00035 eval=02238 misfit=4.558621e-01 best=4.546629e-01
[NA] iter=00035 eval=02239 misfit=4.563702e-01 best=4.546629e-01
[NA] iter=00035 eval=02240 misfit=4.549394e-01 best=4.546629e-01
[NA] iter=00035 eval=02241 misfit=4.553299e-01 best=4.546629e-01
[NA] iter=00035 eval=02242 misfit=4.551727e-01 best=4.546629e-01
[NA] iter=00035 eval=02243 misfit=4.552098e-01 best=4.546629e-01
[NA] iter=00035 eval=02244 misfit=4.550349e-01 best=4.546629e-01
[NA] iter=00035 eval=02245 misfit=4.554821e-01 best=4.546629e-01
[NA] iter=00035 eval=02246 misfit=4.549578e-01 best=4.546629e-01
[NA] iter=00035 eval=02247 misfit=4.549600e-01 best=4.546629e-01
[NA] iter=00035 eval=02248 misfit=4.550835e-01 best=4.546629e-01
[NA] iter=00035 eval=02249 misfit=4.551430e-01 best=4.546629e-01
[NA] iter=00035 eval=02250 misfit=4.560513e-01 best=4.546629e-01
NAI - Optimisation Loop:  70%|███████   | 35/50 [11:21<04:50, 19.34s/it][NA] iter=00036 eval=02251 misfit=4.552219e-01 best=4.546629e-01
[NA] iter=00036 eval=02252 misfit=4.547444e-01 best=4.546629e-01
[NA] iter=00036 eval=02253 misfit=4.546200e-01 best=4.546200e-01
[NA] iter=00036 eval=02254 misfit=4.553449e-01 best=4.546200e-01
[NA] iter=00036 eval=02255 misfit=4.553767e-01 best=4.546200e-01
[NA] iter=00036 eval=02256 misfit=4.556390e-01 best=4.546200e-01
[NA] iter=00036 eval=02257 misfit=4.553437e-01 best=4.546200e-01
[NA] iter=00036 eval=02258 misfit=4.545921e-01 best=4.545921e-01
[NA] iter=00036 eval=02259 misfit=4.544660e-01 best=4.544660e-01
[NA] iter=00036 eval=02260 misfit=4.544504e-01 best=4.544504e-01
[NA] iter=00036 eval=02261 misfit=4.555130e-01 best=4.544504e-01
[NA] iter=00036 eval=02262 misfit=4.548654e-01 best=4.544504e-01
[NA] iter=00036 eval=02263 misfit=4.557062e-01 best=4.544504e-01
[NA] iter=00036 eval=02264 misfit=4.549755e-01 best=4.544504e-01
[NA] iter=00036 eval=02265 misfit=4.553069e-01 best=4.544504e-01
[NA] iter=00036 eval=02266 misfit=4.557403e-01 best=4.544504e-01
[NA] iter=00036 eval=02267 misfit=4.553872e-01 best=4.544504e-01
[NA] iter=00036 eval=02268 misfit=4.554988e-01 best=4.544504e-01
[NA] iter=00036 eval=02269 misfit=4.554351e-01 best=4.544504e-01
[NA] iter=00036 eval=02270 misfit=4.548761e-01 best=4.544504e-01
[NA] iter=00036 eval=02271 misfit=4.554822e-01 best=4.544504e-01
[NA] iter=00036 eval=02272 misfit=4.553447e-01 best=4.544504e-01
[NA] iter=00036 eval=02273 misfit=4.554043e-01 best=4.544504e-01
[NA] iter=00036 eval=02274 misfit=4.553377e-01 best=4.544504e-01
[NA] iter=00036 eval=02275 misfit=4.549865e-01 best=4.544504e-01
[NA] iter=00036 eval=02276 misfit=4.553747e-01 best=4.544504e-01
[NA] iter=00036 eval=02277 misfit=4.554246e-01 best=4.544504e-01
[NA] iter=00036 eval=02278 misfit=4.555247e-01 best=4.544504e-01
[NA] iter=00036 eval=02279 misfit=4.555343e-01 best=4.544504e-01
[NA] iter=00036 eval=02280 misfit=4.551808e-01 best=4.544504e-01
[NA] iter=00036 eval=02281 misfit=4.550963e-01 best=4.544504e-01
[NA] iter=00036 eval=02282 misfit=4.551962e-01 best=4.544504e-01
[NA] iter=00036 eval=02283 misfit=4.550028e-01 best=4.544504e-01
[NA] iter=00036 eval=02284 misfit=4.548303e-01 best=4.544504e-01
[NA] iter=00036 eval=02285 misfit=4.548509e-01 best=4.544504e-01
[NA] iter=00036 eval=02286 misfit=4.550720e-01 best=4.544504e-01
[NA] iter=00036 eval=02287 misfit=4.550067e-01 best=4.544504e-01
[NA] iter=00036 eval=02288 misfit=4.548779e-01 best=4.544504e-01
[NA] iter=00036 eval=02289 misfit=4.549679e-01 best=4.544504e-01
[NA] iter=00036 eval=02290 misfit=4.548435e-01 best=4.544504e-01
[NA] iter=00036 eval=02291 misfit=4.549851e-01 best=4.544504e-01
[NA] iter=00036 eval=02292 misfit=4.549866e-01 best=4.544504e-01
[NA] iter=00036 eval=02293 misfit=4.554282e-01 best=4.544504e-01
[NA] iter=00036 eval=02294 misfit=4.554290e-01 best=4.544504e-01
[NA] iter=00036 eval=02295 misfit=4.555303e-01 best=4.544504e-01
[NA] iter=00036 eval=02296 misfit=4.556156e-01 best=4.544504e-01
[NA] iter=00036 eval=02297 misfit=4.549702e-01 best=4.544504e-01
[NA] iter=00036 eval=02298 misfit=4.565378e-01 best=4.544504e-01
[NA] iter=00036 eval=02299 misfit=4.559215e-01 best=4.544504e-01
[NA] iter=00036 eval=02300 misfit=4.554306e-01 best=4.544504e-01
NAI - Optimisation Loop:  72%|███████▏  | 36/50 [11:40<04:31, 19.39s/it][NA] iter=00037 eval=02301 misfit=4.550149e-01 best=4.544504e-01
[NA] iter=00037 eval=02302 misfit=4.552773e-01 best=4.544504e-01
[NA] iter=00037 eval=02303 misfit=4.548729e-01 best=4.544504e-01
[NA] iter=00037 eval=02304 misfit=4.556395e-01 best=4.544504e-01
[NA] iter=00037 eval=02305 misfit=4.551124e-01 best=4.544504e-01
[NA] iter=00037 eval=02306 misfit=4.546095e-01 best=4.544504e-01
[NA] iter=00037 eval=02307 misfit=4.547028e-01 best=4.544504e-01
[NA] iter=00037 eval=02308 misfit=4.546979e-01 best=4.544504e-01
[NA] iter=00037 eval=02309 misfit=4.546795e-01 best=4.544504e-01
[NA] iter=00037 eval=02310 misfit=4.547667e-01 best=4.544504e-01
[NA] iter=00037 eval=02311 misfit=4.547375e-01 best=4.544504e-01
[NA] iter=00037 eval=02312 misfit=4.547022e-01 best=4.544504e-01
[NA] iter=00037 eval=02313 misfit=4.547129e-01 best=4.544504e-01
[NA] iter=00037 eval=02314 misfit=4.554787e-01 best=4.544504e-01
[NA] iter=00037 eval=02315 misfit=4.544942e-01 best=4.544504e-01
[NA] iter=00037 eval=02316 misfit=4.552529e-01 best=4.544504e-01
[NA] iter=00037 eval=02317 misfit=4.552920e-01 best=4.544504e-01
[NA] iter=00037 eval=02318 misfit=4.552178e-01 best=4.544504e-01
[NA] iter=00037 eval=02319 misfit=4.551023e-01 best=4.544504e-01
[NA] iter=00037 eval=02320 misfit=4.549467e-01 best=4.544504e-01
[NA] iter=00037 eval=02321 misfit=4.549736e-01 best=4.544504e-01
[NA] iter=00037 eval=02322 misfit=4.546521e-01 best=4.544504e-01
[NA] iter=00037 eval=02323 misfit=4.544501e-01 best=4.544501e-01
[NA] iter=00037 eval=02324 misfit=4.546350e-01 best=4.544501e-01
[NA] iter=00037 eval=02325 misfit=4.548292e-01 best=4.544501e-01
[NA] iter=00037 eval=02326 misfit=4.555155e-01 best=4.544501e-01
[NA] iter=00037 eval=02327 misfit=4.554208e-01 best=4.544501e-01
[NA] iter=00037 eval=02328 misfit=4.546994e-01 best=4.544501e-01
[NA] iter=00037 eval=02329 misfit=4.557400e-01 best=4.544501e-01
[NA] iter=00037 eval=02330 misfit=4.557142e-01 best=4.544501e-01
[NA] iter=00037 eval=02331 misfit=4.545013e-01 best=4.544501e-01
[NA] iter=00037 eval=02332 misfit=4.547987e-01 best=4.544501e-01
[NA] iter=00037 eval=02333 misfit=4.548044e-01 best=4.544501e-01
[NA] iter=00037 eval=02334 misfit=4.554374e-01 best=4.544501e-01
[NA] iter=00037 eval=02335 misfit=4.546867e-01 best=4.544501e-01
[NA] iter=00037 eval=02336 misfit=4.555362e-01 best=4.544501e-01
[NA] iter=00037 eval=02337 misfit=4.550008e-01 best=4.544501e-01
[NA] iter=00037 eval=02338 misfit=4.555482e-01 best=4.544501e-01
[NA] iter=00037 eval=02339 misfit=4.547957e-01 best=4.544501e-01
[NA] iter=00037 eval=02340 misfit=4.554623e-01 best=4.544501e-01
[NA] iter=00037 eval=02341 misfit=4.549367e-01 best=4.544501e-01
[NA] iter=00037 eval=02342 misfit=4.551506e-01 best=4.544501e-01
[NA] iter=00037 eval=02343 misfit=4.549240e-01 best=4.544501e-01
[NA] iter=00037 eval=02344 misfit=4.550430e-01 best=4.544501e-01
[NA] iter=00037 eval=02345 misfit=4.548309e-01 best=4.544501e-01
[NA] iter=00037 eval=02346 misfit=4.555385e-01 best=4.544501e-01
[NA] iter=00037 eval=02347 misfit=4.549835e-01 best=4.544501e-01
[NA] iter=00037 eval=02348 misfit=4.555872e-01 best=4.544501e-01
[NA] iter=00037 eval=02349 misfit=4.562333e-01 best=4.544501e-01
[NA] iter=00037 eval=02350 misfit=4.548916e-01 best=4.544501e-01
NAI - Optimisation Loop:  74%|███████▍  | 37/50 [12:00<04:11, 19.37s/it][NA] iter=00038 eval=02351 misfit=4.545246e-01 best=4.544501e-01
[NA] iter=00038 eval=02352 misfit=4.545362e-01 best=4.544501e-01
[NA] iter=00038 eval=02353 misfit=4.544363e-01 best=4.544363e-01
[NA] iter=00038 eval=02354 misfit=4.544464e-01 best=4.544363e-01
[NA] iter=00038 eval=02355 misfit=4.544385e-01 best=4.544363e-01
[NA] iter=00038 eval=02356 misfit=4.552540e-01 best=4.544363e-01
[NA] iter=00038 eval=02357 misfit=4.552009e-01 best=4.544363e-01
[NA] iter=00038 eval=02358 misfit=4.546447e-01 best=4.544363e-01
[NA] iter=00038 eval=02359 misfit=4.543716e-01 best=4.543716e-01
[NA] iter=00038 eval=02360 misfit=4.545010e-01 best=4.543716e-01
[NA] iter=00038 eval=02361 misfit=4.544967e-01 best=4.543716e-01
[NA] iter=00038 eval=02362 misfit=4.546346e-01 best=4.543716e-01
[NA] iter=00038 eval=02363 misfit=4.547893e-01 best=4.543716e-01
[NA] iter=00038 eval=02364 misfit=4.547109e-01 best=4.543716e-01
[NA] iter=00038 eval=02365 misfit=4.546361e-01 best=4.543716e-01
[NA] iter=00038 eval=02366 misfit=4.550391e-01 best=4.543716e-01
[NA] iter=00038 eval=02367 misfit=4.548516e-01 best=4.543716e-01
[NA] iter=00038 eval=02368 misfit=4.544703e-01 best=4.543716e-01
[NA] iter=00038 eval=02369 misfit=4.551744e-01 best=4.543716e-01
[NA] iter=00038 eval=02370 misfit=4.553368e-01 best=4.543716e-01
[NA] iter=00038 eval=02371 misfit=4.548377e-01 best=4.543716e-01
[NA] iter=00038 eval=02372 misfit=4.546242e-01 best=4.543716e-01
[NA] iter=00038 eval=02373 misfit=4.547039e-01 best=4.543716e-01
[NA] iter=00038 eval=02374 misfit=4.546971e-01 best=4.543716e-01
[NA] iter=00038 eval=02375 misfit=4.545887e-01 best=4.543716e-01
[NA] iter=00038 eval=02376 misfit=4.545089e-01 best=4.543716e-01
[NA] iter=00038 eval=02377 misfit=4.545088e-01 best=4.543716e-01
[NA] iter=00038 eval=02378 misfit=4.551466e-01 best=4.543716e-01
[NA] iter=00038 eval=02379 misfit=4.545705e-01 best=4.543716e-01
[NA] iter=00038 eval=02380 misfit=4.544455e-01 best=4.543716e-01
[NA] iter=00038 eval=02381 misfit=4.547545e-01 best=4.543716e-01
[NA] iter=00038 eval=02382 misfit=4.548479e-01 best=4.543716e-01
[NA] iter=00038 eval=02383 misfit=4.546806e-01 best=4.543716e-01
[NA] iter=00038 eval=02384 misfit=4.548330e-01 best=4.543716e-01
[NA] iter=00038 eval=02385 misfit=4.547267e-01 best=4.543716e-01
[NA] iter=00038 eval=02386 misfit=4.551159e-01 best=4.543716e-01
[NA] iter=00038 eval=02387 misfit=4.547184e-01 best=4.543716e-01
[NA] iter=00038 eval=02388 misfit=4.547309e-01 best=4.543716e-01
[NA] iter=00038 eval=02389 misfit=4.550112e-01 best=4.543716e-01
[NA] iter=00038 eval=02390 misfit=4.546909e-01 best=4.543716e-01
[NA] iter=00038 eval=02391 misfit=4.546807e-01 best=4.543716e-01
[NA] iter=00038 eval=02392 misfit=4.547121e-01 best=4.543716e-01
[NA] iter=00038 eval=02393 misfit=4.551368e-01 best=4.543716e-01
[NA] iter=00038 eval=02394 misfit=4.551213e-01 best=4.543716e-01
[NA] iter=00038 eval=02395 misfit=4.547432e-01 best=4.543716e-01
[NA] iter=00038 eval=02396 misfit=4.555515e-01 best=4.543716e-01
[NA] iter=00038 eval=02397 misfit=4.546624e-01 best=4.543716e-01
[NA] iter=00038 eval=02398 misfit=4.545039e-01 best=4.543716e-01
[NA] iter=00038 eval=02399 misfit=4.550319e-01 best=4.543716e-01
[NA] iter=00038 eval=02400 misfit=4.557219e-01 best=4.543716e-01
NAI - Optimisation Loop:  76%|███████▌  | 38/50 [12:19<03:52, 19.40s/it][NA] iter=00039 eval=02401 misfit=4.548502e-01 best=4.543716e-01
[NA] iter=00039 eval=02402 misfit=4.547409e-01 best=4.543716e-01
[NA] iter=00039 eval=02403 misfit=4.551550e-01 best=4.543716e-01
[NA] iter=00039 eval=02404 misfit=4.549484e-01 best=4.543716e-01
[NA] iter=00039 eval=02405 misfit=4.550671e-01 best=4.543716e-01
[NA] iter=00039 eval=02406 misfit=4.544900e-01 best=4.543716e-01
[NA] iter=00039 eval=02407 misfit=4.546624e-01 best=4.543716e-01
[NA] iter=00039 eval=02408 misfit=4.545263e-01 best=4.543716e-01
[NA] iter=00039 eval=02409 misfit=4.545798e-01 best=4.543716e-01
[NA] iter=00039 eval=02410 misfit=4.550158e-01 best=4.543716e-01
[NA] iter=00039 eval=02411 misfit=4.554140e-01 best=4.543716e-01
[NA] iter=00039 eval=02412 misfit=4.554110e-01 best=4.543716e-01
[NA] iter=00039 eval=02413 misfit=4.555169e-01 best=4.543716e-01
[NA] iter=00039 eval=02414 misfit=4.553085e-01 best=4.543716e-01
[NA] iter=00039 eval=02415 misfit=4.552651e-01 best=4.543716e-01
[NA] iter=00039 eval=02416 misfit=4.547113e-01 best=4.543716e-01
[NA] iter=00039 eval=02417 misfit=4.546297e-01 best=4.543716e-01
[NA] iter=00039 eval=02418 misfit=4.547393e-01 best=4.543716e-01
[NA] iter=00039 eval=02419 misfit=4.546160e-01 best=4.543716e-01
[NA] iter=00039 eval=02420 misfit=4.545660e-01 best=4.543716e-01
[NA] iter=00039 eval=02421 misfit=4.546294e-01 best=4.543716e-01
[NA] iter=00039 eval=02422 misfit=4.547755e-01 best=4.543716e-01
[NA] iter=00039 eval=02423 misfit=4.544408e-01 best=4.543716e-01
[NA] iter=00039 eval=02424 misfit=4.545624e-01 best=4.543716e-01
[NA] iter=00039 eval=02425 misfit=4.546606e-01 best=4.543716e-01
[NA] iter=00039 eval=02426 misfit=4.545994e-01 best=4.543716e-01
[NA] iter=00039 eval=02427 misfit=4.545710e-01 best=4.543716e-01
[NA] iter=00039 eval=02428 misfit=4.544292e-01 best=4.543716e-01
[NA] iter=00039 eval=02429 misfit=4.549692e-01 best=4.543716e-01
[NA] iter=00039 eval=02430 misfit=4.545922e-01 best=4.543716e-01
[NA] iter=00039 eval=02431 misfit=4.553366e-01 best=4.543716e-01
[NA] iter=00039 eval=02432 misfit=4.552390e-01 best=4.543716e-01
[NA] iter=00039 eval=02433 misfit=4.553544e-01 best=4.543716e-01
[NA] iter=00039 eval=02434 misfit=4.547548e-01 best=4.543716e-01
[NA] iter=00039 eval=02435 misfit=4.544363e-01 best=4.543716e-01
[NA] iter=00039 eval=02436 misfit=4.545788e-01 best=4.543716e-01
[NA] iter=00039 eval=02437 misfit=4.550093e-01 best=4.543716e-01
[NA] iter=00039 eval=02438 misfit=4.548665e-01 best=4.543716e-01
[NA] iter=00039 eval=02439 misfit=4.544847e-01 best=4.543716e-01
[NA] iter=00039 eval=02440 misfit=4.544531e-01 best=4.543716e-01
[NA] iter=00039 eval=02441 misfit=4.548363e-01 best=4.543716e-01
[NA] iter=00039 eval=02442 misfit=4.549476e-01 best=4.543716e-01
[NA] iter=00039 eval=02443 misfit=4.545884e-01 best=4.543716e-01
[NA] iter=00039 eval=02444 misfit=4.547015e-01 best=4.543716e-01
[NA] iter=00039 eval=02445 misfit=4.546686e-01 best=4.543716e-01
[NA] iter=00039 eval=02446 misfit=4.553261e-01 best=4.543716e-01
[NA] iter=00039 eval=02447 misfit=4.554133e-01 best=4.543716e-01
[NA] iter=00039 eval=02448 misfit=4.546140e-01 best=4.543716e-01
[NA] iter=00039 eval=02449 misfit=4.547992e-01 best=4.543716e-01
[NA] iter=00039 eval=02450 misfit=4.548523e-01 best=4.543716e-01
NAI - Optimisation Loop:  78%|███████▊  | 39/50 [12:39<03:33, 19.43s/it][NA] iter=00040 eval=02451 misfit=4.542828e-01 best=4.542828e-01
[NA] iter=00040 eval=02452 misfit=4.548803e-01 best=4.542828e-01
[NA] iter=00040 eval=02453 misfit=4.553481e-01 best=4.542828e-01
[NA] iter=00040 eval=02454 misfit=4.543960e-01 best=4.542828e-01
[NA] iter=00040 eval=02455 misfit=4.547305e-01 best=4.542828e-01
[NA] iter=00040 eval=02456 misfit=4.545253e-01 best=4.542828e-01
[NA] iter=00040 eval=02457 misfit=4.544908e-01 best=4.542828e-01
[NA] iter=00040 eval=02458 misfit=4.546343e-01 best=4.542828e-01
[NA] iter=00040 eval=02459 misfit=4.546103e-01 best=4.542828e-01
[NA] iter=00040 eval=02460 misfit=4.547313e-01 best=4.542828e-01
[NA] iter=00040 eval=02461 misfit=4.548539e-01 best=4.542828e-01
[NA] iter=00040 eval=02462 misfit=4.546914e-01 best=4.542828e-01
[NA] iter=00040 eval=02463 misfit=4.546365e-01 best=4.542828e-01
[NA] iter=00040 eval=02464 misfit=4.547381e-01 best=4.542828e-01
[NA] iter=00040 eval=02465 misfit=4.542913e-01 best=4.542828e-01
[NA] iter=00040 eval=02466 misfit=4.544227e-01 best=4.542828e-01
[NA] iter=00040 eval=02467 misfit=4.546246e-01 best=4.542828e-01
[NA] iter=00040 eval=02468 misfit=4.545517e-01 best=4.542828e-01
[NA] iter=00040 eval=02469 misfit=4.545587e-01 best=4.542828e-01
[NA] iter=00040 eval=02470 misfit=4.545934e-01 best=4.542828e-01
[NA] iter=00040 eval=02471 misfit=4.553269e-01 best=4.542828e-01
[NA] iter=00040 eval=02472 misfit=4.544793e-01 best=4.542828e-01
[NA] iter=00040 eval=02473 misfit=4.546726e-01 best=4.542828e-01
[NA] iter=00040 eval=02474 misfit=4.546484e-01 best=4.542828e-01
[NA] iter=00040 eval=02475 misfit=4.545863e-01 best=4.542828e-01
[NA] iter=00040 eval=02476 misfit=4.552303e-01 best=4.542828e-01
[NA] iter=00040 eval=02477 misfit=4.548776e-01 best=4.542828e-01
[NA] iter=00040 eval=02478 misfit=4.547692e-01 best=4.542828e-01
[NA] iter=00040 eval=02479 misfit=4.545463e-01 best=4.542828e-01
[NA] iter=00040 eval=02480 misfit=4.547922e-01 best=4.542828e-01
[NA] iter=00040 eval=02481 misfit=4.546571e-01 best=4.542828e-01
[NA] iter=00040 eval=02482 misfit=4.546248e-01 best=4.542828e-01
[NA] iter=00040 eval=02483 misfit=4.544470e-01 best=4.542828e-01
[NA] iter=00040 eval=02484 misfit=4.548432e-01 best=4.542828e-01
[NA] iter=00040 eval=02485 misfit=4.546069e-01 best=4.542828e-01
[NA] iter=00040 eval=02486 misfit=4.546341e-01 best=4.542828e-01
[NA] iter=00040 eval=02487 misfit=4.546409e-01 best=4.542828e-01
[NA] iter=00040 eval=02488 misfit=4.549431e-01 best=4.542828e-01
[NA] iter=00040 eval=02489 misfit=4.545037e-01 best=4.542828e-01
[NA] iter=00040 eval=02490 misfit=4.544953e-01 best=4.542828e-01
[NA] iter=00040 eval=02491 misfit=4.545975e-01 best=4.542828e-01
[NA] iter=00040 eval=02492 misfit=4.547801e-01 best=4.542828e-01
[NA] iter=00040 eval=02493 misfit=4.544876e-01 best=4.542828e-01
[NA] iter=00040 eval=02494 misfit=4.544477e-01 best=4.542828e-01
[NA] iter=00040 eval=02495 misfit=4.546298e-01 best=4.542828e-01
[NA] iter=00040 eval=02496 misfit=4.554063e-01 best=4.542828e-01
[NA] iter=00040 eval=02497 misfit=4.552687e-01 best=4.542828e-01
[NA] iter=00040 eval=02498 misfit=4.544324e-01 best=4.542828e-01
[NA] iter=00040 eval=02499 misfit=4.543323e-01 best=4.542828e-01
[NA] iter=00040 eval=02500 misfit=4.544334e-01 best=4.542828e-01
NAI - Optimisation Loop:  80%|████████  | 40/50 [12:57<03:11, 19.17s/it][NA] iter=00041 eval=02501 misfit=4.550787e-01 best=4.542828e-01
[NA] iter=00041 eval=02502 misfit=4.551040e-01 best=4.542828e-01
[NA] iter=00041 eval=02503 misfit=4.549151e-01 best=4.542828e-01
[NA] iter=00041 eval=02504 misfit=4.549366e-01 best=4.542828e-01
[NA] iter=00041 eval=02505 misfit=4.546092e-01 best=4.542828e-01
[NA] iter=00041 eval=02506 misfit=4.545454e-01 best=4.542828e-01
[NA] iter=00041 eval=02507 misfit=4.549392e-01 best=4.542828e-01
[NA] iter=00041 eval=02508 misfit=4.546077e-01 best=4.542828e-01
[NA] iter=00041 eval=02509 misfit=4.548638e-01 best=4.542828e-01
[NA] iter=00041 eval=02510 misfit=4.543407e-01 best=4.542828e-01
[NA] iter=00041 eval=02511 misfit=4.545626e-01 best=4.542828e-01
[NA] iter=00041 eval=02512 misfit=4.549131e-01 best=4.542828e-01
[NA] iter=00041 eval=02513 misfit=4.554189e-01 best=4.542828e-01
[NA] iter=00041 eval=02514 misfit=4.554403e-01 best=4.542828e-01
[NA] iter=00041 eval=02515 misfit=4.552899e-01 best=4.542828e-01
[NA] iter=00041 eval=02516 misfit=4.545078e-01 best=4.542828e-01
[NA] iter=00041 eval=02517 misfit=4.544233e-01 best=4.542828e-01
[NA] iter=00041 eval=02518 misfit=4.545635e-01 best=4.542828e-01
[NA] iter=00041 eval=02519 misfit=4.547632e-01 best=4.542828e-01
[NA] iter=00041 eval=02520 misfit=4.546418e-01 best=4.542828e-01
[NA] iter=00041 eval=02521 misfit=4.545416e-01 best=4.542828e-01
[NA] iter=00041 eval=02522 misfit=4.547717e-01 best=4.542828e-01
[NA] iter=00041 eval=02523 misfit=4.546832e-01 best=4.542828e-01
[NA] iter=00041 eval=02524 misfit=4.543800e-01 best=4.542828e-01
[NA] iter=00041 eval=02525 misfit=4.547019e-01 best=4.542828e-01
[NA] iter=00041 eval=02526 misfit=4.546191e-01 best=4.542828e-01
[NA] iter=00041 eval=02527 misfit=4.544119e-01 best=4.542828e-01
[NA] iter=00041 eval=02528 misfit=4.544896e-01 best=4.542828e-01
[NA] iter=00041 eval=02529 misfit=4.544612e-01 best=4.542828e-01
[NA] iter=00041 eval=02530 misfit=4.544841e-01 best=4.542828e-01
[NA] iter=00041 eval=02531 misfit=4.547811e-01 best=4.542828e-01
[NA] iter=00041 eval=02532 misfit=4.546137e-01 best=4.542828e-01
[NA] iter=00041 eval=02533 misfit=4.546271e-01 best=4.542828e-01
[NA] iter=00041 eval=02534 misfit=4.546231e-01 best=4.542828e-01
[NA] iter=00041 eval=02535 misfit=4.544308e-01 best=4.542828e-01
[NA] iter=00041 eval=02536 misfit=4.548250e-01 best=4.542828e-01
[NA] iter=00041 eval=02537 misfit=4.547033e-01 best=4.542828e-01
[NA] iter=00041 eval=02538 misfit=4.547455e-01 best=4.542828e-01
[NA] iter=00041 eval=02539 misfit=4.546816e-01 best=4.542828e-01
[NA] iter=00041 eval=02540 misfit=4.546216e-01 best=4.542828e-01
[NA] iter=00041 eval=02541 misfit=4.548576e-01 best=4.542828e-01
[NA] iter=00041 eval=02542 misfit=4.550097e-01 best=4.542828e-01
[NA] iter=00041 eval=02543 misfit=4.544060e-01 best=4.542828e-01
[NA] iter=00041 eval=02544 misfit=4.549263e-01 best=4.542828e-01
[NA] iter=00041 eval=02545 misfit=4.553378e-01 best=4.542828e-01
[NA] iter=00041 eval=02546 misfit=4.545062e-01 best=4.542828e-01
[NA] iter=00041 eval=02547 misfit=4.543591e-01 best=4.542828e-01
[NA] iter=00041 eval=02548 misfit=4.548113e-01 best=4.542828e-01
[NA] iter=00041 eval=02549 misfit=4.545489e-01 best=4.542828e-01
[NA] iter=00041 eval=02550 misfit=4.543947e-01 best=4.542828e-01
NAI - Optimisation Loop:  82%|████████▏ | 41/50 [13:16<02:52, 19.18s/it][NA] iter=00042 eval=02551 misfit=4.547476e-01 best=4.542828e-01
[NA] iter=00042 eval=02552 misfit=4.543828e-01 best=4.542828e-01
[NA] iter=00042 eval=02553 misfit=4.547588e-01 best=4.542828e-01
[NA] iter=00042 eval=02554 misfit=4.544849e-01 best=4.542828e-01
[NA] iter=00042 eval=02555 misfit=4.548459e-01 best=4.542828e-01
[NA] iter=00042 eval=02556 misfit=4.544899e-01 best=4.542828e-01
[NA] iter=00042 eval=02557 misfit=4.546246e-01 best=4.542828e-01
[NA] iter=00042 eval=02558 misfit=4.543928e-01 best=4.542828e-01
[NA] iter=00042 eval=02559 misfit=4.547064e-01 best=4.542828e-01
[NA] iter=00042 eval=02560 misfit=4.544236e-01 best=4.542828e-01
[NA] iter=00042 eval=02561 misfit=4.544602e-01 best=4.542828e-01
[NA] iter=00042 eval=02562 misfit=4.544845e-01 best=4.542828e-01
[NA] iter=00042 eval=02563 misfit=4.546180e-01 best=4.542828e-01
[NA] iter=00042 eval=02564 misfit=4.543791e-01 best=4.542828e-01
[NA] iter=00042 eval=02565 misfit=4.543350e-01 best=4.542828e-01
[NA] iter=00042 eval=02566 misfit=4.544464e-01 best=4.542828e-01
[NA] iter=00042 eval=02567 misfit=4.552578e-01 best=4.542828e-01
[NA] iter=00042 eval=02568 misfit=4.545966e-01 best=4.542828e-01
[NA] iter=00042 eval=02569 misfit=4.548553e-01 best=4.542828e-01
[NA] iter=00042 eval=02570 misfit=4.544900e-01 best=4.542828e-01
[NA] iter=00042 eval=02571 misfit=4.546914e-01 best=4.542828e-01
[NA] iter=00042 eval=02572 misfit=4.542404e-01 best=4.542404e-01
[NA] iter=00042 eval=02573 misfit=4.544324e-01 best=4.542404e-01
[NA] iter=00042 eval=02574 misfit=4.544038e-01 best=4.542404e-01
[NA] iter=00042 eval=02575 misfit=4.545060e-01 best=4.542404e-01
[NA] iter=00042 eval=02576 misfit=4.545841e-01 best=4.542404e-01
[NA] iter=00042 eval=02577 misfit=4.544621e-01 best=4.542404e-01
[NA] iter=00042 eval=02578 misfit=4.548493e-01 best=4.542404e-01
[NA] iter=00042 eval=02579 misfit=4.542616e-01 best=4.542404e-01
[NA] iter=00042 eval=02580 misfit=4.545302e-01 best=4.542404e-01
[NA] iter=00042 eval=02581 misfit=4.544578e-01 best=4.542404e-01
[NA] iter=00042 eval=02582 misfit=4.549155e-01 best=4.542404e-01
[NA] iter=00042 eval=02583 misfit=4.549689e-01 best=4.542404e-01
[NA] iter=00042 eval=02584 misfit=4.543586e-01 best=4.542404e-01
[NA] iter=00042 eval=02585 misfit=4.550257e-01 best=4.542404e-01
[NA] iter=00042 eval=02586 misfit=4.545373e-01 best=4.542404e-01
[NA] iter=00042 eval=02587 misfit=4.544466e-01 best=4.542404e-01
[NA] iter=00042 eval=02588 misfit=4.545806e-01 best=4.542404e-01
[NA] iter=00042 eval=02589 misfit=4.544881e-01 best=4.542404e-01
[NA] iter=00042 eval=02590 misfit=4.544477e-01 best=4.542404e-01
[NA] iter=00042 eval=02591 misfit=4.543650e-01 best=4.542404e-01
[NA] iter=00042 eval=02592 misfit=4.543942e-01 best=4.542404e-01
[NA] iter=00042 eval=02593 misfit=4.545209e-01 best=4.542404e-01
[NA] iter=00042 eval=02594 misfit=4.547842e-01 best=4.542404e-01
[NA] iter=00042 eval=02595 misfit=4.546009e-01 best=4.542404e-01
[NA] iter=00042 eval=02596 misfit=4.542668e-01 best=4.542404e-01
[NA] iter=00042 eval=02597 misfit=4.550719e-01 best=4.542404e-01
[NA] iter=00042 eval=02598 misfit=4.549422e-01 best=4.542404e-01
[NA] iter=00042 eval=02599 misfit=4.545060e-01 best=4.542404e-01
[NA] iter=00042 eval=02600 misfit=4.545553e-01 best=4.542404e-01
NAI - Optimisation Loop:  84%|████████▍ | 42/50 [13:35<02:32, 19.03s/it][NA] iter=00043 eval=02601 misfit=4.544578e-01 best=4.542404e-01
[NA] iter=00043 eval=02602 misfit=4.547936e-01 best=4.542404e-01
[NA] iter=00043 eval=02603 misfit=4.544102e-01 best=4.542404e-01
[NA] iter=00043 eval=02604 misfit=4.542970e-01 best=4.542404e-01
[NA] iter=00043 eval=02605 misfit=4.542673e-01 best=4.542404e-01
[NA] iter=00043 eval=02606 misfit=4.543622e-01 best=4.542404e-01
[NA] iter=00043 eval=02607 misfit=4.545781e-01 best=4.542404e-01
[NA] iter=00043 eval=02608 misfit=4.547869e-01 best=4.542404e-01
[NA] iter=00043 eval=02609 misfit=4.544129e-01 best=4.542404e-01
[NA] iter=00043 eval=02610 misfit=4.548399e-01 best=4.542404e-01
[NA] iter=00043 eval=02611 misfit=4.544324e-01 best=4.542404e-01
[NA] iter=00043 eval=02612 misfit=4.544026e-01 best=4.542404e-01
[NA] iter=00043 eval=02613 misfit=4.544285e-01 best=4.542404e-01
[NA] iter=00043 eval=02614 misfit=4.548737e-01 best=4.542404e-01
[NA] iter=00043 eval=02615 misfit=4.544354e-01 best=4.542404e-01
[NA] iter=00043 eval=02616 misfit=4.542415e-01 best=4.542404e-01
[NA] iter=00043 eval=02617 misfit=4.544139e-01 best=4.542404e-01
[NA] iter=00043 eval=02618 misfit=4.542964e-01 best=4.542404e-01
[NA] iter=00043 eval=02619 misfit=4.545465e-01 best=4.542404e-01
[NA] iter=00043 eval=02620 misfit=4.548533e-01 best=4.542404e-01
[NA] iter=00043 eval=02621 misfit=4.546246e-01 best=4.542404e-01
[NA] iter=00043 eval=02622 misfit=4.545455e-01 best=4.542404e-01
[NA] iter=00043 eval=02623 misfit=4.545641e-01 best=4.542404e-01
[NA] iter=00043 eval=02624 misfit=4.548726e-01 best=4.542404e-01
[NA] iter=00043 eval=02625 misfit=4.545675e-01 best=4.542404e-01
[NA] iter=00043 eval=02626 misfit=4.544862e-01 best=4.542404e-01
[NA] iter=00043 eval=02627 misfit=4.545138e-01 best=4.542404e-01
[NA] iter=00043 eval=02628 misfit=4.552314e-01 best=4.542404e-01
[NA] iter=00043 eval=02629 misfit=4.553467e-01 best=4.542404e-01
[NA] iter=00043 eval=02630 misfit=4.553702e-01 best=4.542404e-01
[NA] iter=00043 eval=02631 misfit=4.552687e-01 best=4.542404e-01
[NA] iter=00043 eval=02632 misfit=4.547854e-01 best=4.542404e-01
[NA] iter=00043 eval=02633 misfit=4.549983e-01 best=4.542404e-01
[NA] iter=00043 eval=02634 misfit=4.547211e-01 best=4.542404e-01
[NA] iter=00043 eval=02635 misfit=4.552582e-01 best=4.542404e-01
[NA] iter=00043 eval=02636 misfit=4.543878e-01 best=4.542404e-01
[NA] iter=00043 eval=02637 misfit=4.548340e-01 best=4.542404e-01
[NA] iter=00043 eval=02638 misfit=4.544052e-01 best=4.542404e-01
[NA] iter=00043 eval=02639 misfit=4.544918e-01 best=4.542404e-01
[NA] iter=00043 eval=02640 misfit=4.545454e-01 best=4.542404e-01
[NA] iter=00043 eval=02641 misfit=4.549311e-01 best=4.542404e-01
[NA] iter=00043 eval=02642 misfit=4.544220e-01 best=4.542404e-01
[NA] iter=00043 eval=02643 misfit=4.550289e-01 best=4.542404e-01
[NA] iter=00043 eval=02644 misfit=4.545473e-01 best=4.542404e-01
[NA] iter=00043 eval=02645 misfit=4.543490e-01 best=4.542404e-01
[NA] iter=00043 eval=02646 misfit=4.543909e-01 best=4.542404e-01
[NA] iter=00043 eval=02647 misfit=4.543909e-01 best=4.542404e-01
[NA] iter=00043 eval=02648 misfit=4.543826e-01 best=4.542404e-01
[NA] iter=00043 eval=02649 misfit=4.544611e-01 best=4.542404e-01
[NA] iter=00043 eval=02650 misfit=4.545430e-01 best=4.542404e-01
NAI - Optimisation Loop:  86%|████████▌ | 43/50 [13:54<02:11, 18.84s/it][NA] iter=00044 eval=02651 misfit=4.543771e-01 best=4.542404e-01
[NA] iter=00044 eval=02652 misfit=4.543663e-01 best=4.542404e-01
[NA] iter=00044 eval=02653 misfit=4.542256e-01 best=4.542256e-01
[NA] iter=00044 eval=02654 misfit=4.545701e-01 best=4.542256e-01
[NA] iter=00044 eval=02655 misfit=4.543553e-01 best=4.542256e-01
[NA] iter=00044 eval=02656 misfit=4.546566e-01 best=4.542256e-01
[NA] iter=00044 eval=02657 misfit=4.545821e-01 best=4.542256e-01
[NA] iter=00044 eval=02658 misfit=4.543910e-01 best=4.542256e-01
[NA] iter=00044 eval=02659 misfit=4.543432e-01 best=4.542256e-01
[NA] iter=00044 eval=02660 misfit=4.542384e-01 best=4.542256e-01
[NA] iter=00044 eval=02661 misfit=4.546963e-01 best=4.542256e-01
[NA] iter=00044 eval=02662 misfit=4.547649e-01 best=4.542256e-01
[NA] iter=00044 eval=02663 misfit=4.543311e-01 best=4.542256e-01
[NA] iter=00044 eval=02664 misfit=4.547520e-01 best=4.542256e-01
[NA] iter=00044 eval=02665 misfit=4.547649e-01 best=4.542256e-01
[NA] iter=00044 eval=02666 misfit=4.546465e-01 best=4.542256e-01
[NA] iter=00044 eval=02667 misfit=4.544286e-01 best=4.542256e-01
[NA] iter=00044 eval=02668 misfit=4.545627e-01 best=4.542256e-01
[NA] iter=00044 eval=02669 misfit=4.544472e-01 best=4.542256e-01
[NA] iter=00044 eval=02670 misfit=4.542837e-01 best=4.542256e-01
[NA] iter=00044 eval=02671 misfit=4.549128e-01 best=4.542256e-01
[NA] iter=00044 eval=02672 misfit=4.548708e-01 best=4.542256e-01
[NA] iter=00044 eval=02673 misfit=4.546549e-01 best=4.542256e-01
[NA] iter=00044 eval=02674 misfit=4.548638e-01 best=4.542256e-01
[NA] iter=00044 eval=02675 misfit=4.543987e-01 best=4.542256e-01
[NA] iter=00044 eval=02676 misfit=4.544513e-01 best=4.542256e-01
[NA] iter=00044 eval=02677 misfit=4.542478e-01 best=4.542256e-01
[NA] iter=00044 eval=02678 misfit=4.544627e-01 best=4.542256e-01
[NA] iter=00044 eval=02679 misfit=4.542845e-01 best=4.542256e-01
[NA] iter=00044 eval=02680 misfit=4.542562e-01 best=4.542256e-01
[NA] iter=00044 eval=02681 misfit=4.545442e-01 best=4.542256e-01
[NA] iter=00044 eval=02682 misfit=4.542638e-01 best=4.542256e-01
[NA] iter=00044 eval=02683 misfit=4.544217e-01 best=4.542256e-01
[NA] iter=00044 eval=02684 misfit=4.546286e-01 best=4.542256e-01
[NA] iter=00044 eval=02685 misfit=4.544107e-01 best=4.542256e-01
[NA] iter=00044 eval=02686 misfit=4.546108e-01 best=4.542256e-01
[NA] iter=00044 eval=02687 misfit=4.546378e-01 best=4.542256e-01
[NA] iter=00044 eval=02688 misfit=4.546491e-01 best=4.542256e-01
[NA] iter=00044 eval=02689 misfit=4.545843e-01 best=4.542256e-01
[NA] iter=00044 eval=02690 misfit=4.545442e-01 best=4.542256e-01
[NA] iter=00044 eval=02691 misfit=4.545474e-01 best=4.542256e-01
[NA] iter=00044 eval=02692 misfit=4.548396e-01 best=4.542256e-01
[NA] iter=00044 eval=02693 misfit=4.547904e-01 best=4.542256e-01
[NA] iter=00044 eval=02694 misfit=4.545856e-01 best=4.542256e-01
[NA] iter=00044 eval=02695 misfit=4.544614e-01 best=4.542256e-01
[NA] iter=00044 eval=02696 misfit=4.549100e-01 best=4.542256e-01
[NA] iter=00044 eval=02697 misfit=4.549026e-01 best=4.542256e-01
[NA] iter=00044 eval=02698 misfit=4.542965e-01 best=4.542256e-01
[NA] iter=00044 eval=02699 misfit=4.553853e-01 best=4.542256e-01
[NA] iter=00044 eval=02700 misfit=4.548615e-01 best=4.542256e-01
NAI - Optimisation Loop:  88%|████████▊ | 44/50 [14:12<01:52, 18.67s/it][NA] iter=00045 eval=02701 misfit=4.542478e-01 best=4.542256e-01
[NA] iter=00045 eval=02702 misfit=4.543008e-01 best=4.542256e-01
[NA] iter=00045 eval=02703 misfit=4.542466e-01 best=4.542256e-01
[NA] iter=00045 eval=02704 misfit=4.542435e-01 best=4.542256e-01
[NA] iter=00045 eval=02705 misfit=4.543434e-01 best=4.542256e-01
[NA] iter=00045 eval=02706 misfit=4.545120e-01 best=4.542256e-01
[NA] iter=00045 eval=02707 misfit=4.544849e-01 best=4.542256e-01
[NA] iter=00045 eval=02708 misfit=4.545498e-01 best=4.542256e-01
[NA] iter=00045 eval=02709 misfit=4.544380e-01 best=4.542256e-01
[NA] iter=00045 eval=02710 misfit=4.543809e-01 best=4.542256e-01
[NA] iter=00045 eval=02711 misfit=4.543604e-01 best=4.542256e-01
[NA] iter=00045 eval=02712 misfit=4.543017e-01 best=4.542256e-01
[NA] iter=00045 eval=02713 misfit=4.544720e-01 best=4.542256e-01
[NA] iter=00045 eval=02714 misfit=4.545781e-01 best=4.542256e-01
[NA] iter=00045 eval=02715 misfit=4.544722e-01 best=4.542256e-01
[NA] iter=00045 eval=02716 misfit=4.543464e-01 best=4.542256e-01
[NA] iter=00045 eval=02717 misfit=4.544734e-01 best=4.542256e-01
[NA] iter=00045 eval=02718 misfit=4.547756e-01 best=4.542256e-01
[NA] iter=00045 eval=02719 misfit=4.543080e-01 best=4.542256e-01
[NA] iter=00045 eval=02720 misfit=4.543255e-01 best=4.542256e-01
[NA] iter=00045 eval=02721 misfit=4.545471e-01 best=4.542256e-01
[NA] iter=00045 eval=02722 misfit=4.544845e-01 best=4.542256e-01
[NA] iter=00045 eval=02723 misfit=4.542478e-01 best=4.542256e-01
[NA] iter=00045 eval=02724 misfit=4.543673e-01 best=4.542256e-01
[NA] iter=00045 eval=02725 misfit=4.544845e-01 best=4.542256e-01
[NA] iter=00045 eval=02726 misfit=4.545518e-01 best=4.542256e-01
[NA] iter=00045 eval=02727 misfit=4.545462e-01 best=4.542256e-01
[NA] iter=00045 eval=02728 misfit=4.552298e-01 best=4.542256e-01
[NA] iter=00045 eval=02729 misfit=4.545814e-01 best=4.542256e-01
[NA] iter=00045 eval=02730 misfit=4.548873e-01 best=4.542256e-01
[NA] iter=00045 eval=02731 misfit=4.544382e-01 best=4.542256e-01
[NA] iter=00045 eval=02732 misfit=4.544345e-01 best=4.542256e-01
[NA] iter=00045 eval=02733 misfit=4.543448e-01 best=4.542256e-01
[NA] iter=00045 eval=02734 misfit=4.544487e-01 best=4.542256e-01
[NA] iter=00045 eval=02735 misfit=4.543905e-01 best=4.542256e-01
[NA] iter=00045 eval=02736 misfit=4.542020e-01 best=4.542020e-01
[NA] iter=00045 eval=02737 misfit=4.551627e-01 best=4.542020e-01
[NA] iter=00045 eval=02738 misfit=4.543080e-01 best=4.542020e-01
[NA] iter=00045 eval=02739 misfit=4.542767e-01 best=4.542020e-01
[NA] iter=00045 eval=02740 misfit=4.552578e-01 best=4.542020e-01
[NA] iter=00045 eval=02741 misfit=4.544507e-01 best=4.542020e-01
[NA] iter=00045 eval=02742 misfit=4.543841e-01 best=4.542020e-01
[NA] iter=00045 eval=02743 misfit=4.544842e-01 best=4.542020e-01
[NA] iter=00045 eval=02744 misfit=4.543456e-01 best=4.542020e-01
[NA] iter=00045 eval=02745 misfit=4.544728e-01 best=4.542020e-01
[NA] iter=00045 eval=02746 misfit=4.542442e-01 best=4.542020e-01
[NA] iter=00045 eval=02747 misfit=4.546883e-01 best=4.542020e-01
[NA] iter=00045 eval=02748 misfit=4.546351e-01 best=4.542020e-01
[NA] iter=00045 eval=02749 misfit=4.546883e-01 best=4.542020e-01
[NA] iter=00045 eval=02750 misfit=4.550425e-01 best=4.542020e-01
NAI - Optimisation Loop:  90%|█████████ | 45/50 [14:32<01:35, 19.05s/it][NA] iter=00046 eval=02751 misfit=4.547725e-01 best=4.542020e-01
[NA] iter=00046 eval=02752 misfit=4.545798e-01 best=4.542020e-01
[NA] iter=00046 eval=02753 misfit=4.545868e-01 best=4.542020e-01
[NA] iter=00046 eval=02754 misfit=4.546803e-01 best=4.542020e-01
[NA] iter=00046 eval=02755 misfit=4.547413e-01 best=4.542020e-01
[NA] iter=00046 eval=02756 misfit=4.542937e-01 best=4.542020e-01
[NA] iter=00046 eval=02757 misfit=4.542299e-01 best=4.542020e-01
[NA] iter=00046 eval=02758 misfit=4.542733e-01 best=4.542020e-01
[NA] iter=00046 eval=02759 misfit=4.542828e-01 best=4.542020e-01
[NA] iter=00046 eval=02760 misfit=4.542733e-01 best=4.542020e-01
[NA] iter=00046 eval=02761 misfit=4.541886e-01 best=4.541886e-01
[NA] iter=00046 eval=02762 misfit=4.542314e-01 best=4.541886e-01
[NA] iter=00046 eval=02763 misfit=4.544913e-01 best=4.541886e-01
[NA] iter=00046 eval=02764 misfit=4.545766e-01 best=4.541886e-01
[NA] iter=00046 eval=02765 misfit=4.545453e-01 best=4.541886e-01
[NA] iter=00046 eval=02766 misfit=4.543454e-01 best=4.541886e-01
[NA] iter=00046 eval=02767 misfit=4.543303e-01 best=4.541886e-01
[NA] iter=00046 eval=02768 misfit=4.544121e-01 best=4.541886e-01
[NA] iter=00046 eval=02769 misfit=4.543042e-01 best=4.541886e-01
[NA] iter=00046 eval=02770 misfit=4.543894e-01 best=4.541886e-01
[NA] iter=00046 eval=02771 misfit=4.543218e-01 best=4.541886e-01
[NA] iter=00046 eval=02772 misfit=4.543746e-01 best=4.541886e-01
[NA] iter=00046 eval=02773 misfit=4.542478e-01 best=4.541886e-01
[NA] iter=00046 eval=02774 misfit=4.543143e-01 best=4.541886e-01
[NA] iter=00046 eval=02775 misfit=4.545442e-01 best=4.541886e-01
[NA] iter=00046 eval=02776 misfit=4.548472e-01 best=4.541886e-01
[NA] iter=00046 eval=02777 misfit=4.548419e-01 best=4.541886e-01
[NA] iter=00046 eval=02778 misfit=4.547266e-01 best=4.541886e-01
[NA] iter=00046 eval=02779 misfit=4.549040e-01 best=4.541886e-01
[NA] iter=00046 eval=02780 misfit=4.548318e-01 best=4.541886e-01
[NA] iter=00046 eval=02781 misfit=4.542442e-01 best=4.541886e-01
[NA] iter=00046 eval=02782 misfit=4.547866e-01 best=4.541886e-01
[NA] iter=00046 eval=02783 misfit=4.545358e-01 best=4.541886e-01
[NA] iter=00046 eval=02784 misfit=4.543014e-01 best=4.541886e-01
[NA] iter=00046 eval=02785 misfit=4.547866e-01 best=4.541886e-01
[NA] iter=00046 eval=02786 misfit=4.543975e-01 best=4.541886e-01
[NA] iter=00046 eval=02787 misfit=4.542828e-01 best=4.541886e-01
[NA] iter=00046 eval=02788 misfit=4.543747e-01 best=4.541886e-01
[NA] iter=00046 eval=02789 misfit=4.543975e-01 best=4.541886e-01
[NA] iter=00046 eval=02790 misfit=4.542628e-01 best=4.541886e-01
[NA] iter=00046 eval=02791 misfit=4.543987e-01 best=4.541886e-01
[NA] iter=00046 eval=02792 misfit=4.543116e-01 best=4.541886e-01
[NA] iter=00046 eval=02793 misfit=4.545442e-01 best=4.541886e-01
[NA] iter=00046 eval=02794 misfit=4.542415e-01 best=4.541886e-01
[NA] iter=00046 eval=02795 misfit=4.542774e-01 best=4.541886e-01
[NA] iter=00046 eval=02796 misfit=4.545174e-01 best=4.541886e-01
[NA] iter=00046 eval=02797 misfit=4.541886e-01 best=4.541886e-01
[NA] iter=00046 eval=02798 misfit=4.542320e-01 best=4.541886e-01
[NA] iter=00046 eval=02799 misfit=4.543008e-01 best=4.541886e-01
[NA] iter=00046 eval=02800 misfit=4.543008e-01 best=4.541886e-01
NAI - Optimisation Loop:  92%|█████████▏| 46/50 [14:52<01:17, 19.41s/it][NA] iter=00047 eval=02801 misfit=4.544771e-01 best=4.541886e-01
[NA] iter=00047 eval=02802 misfit=4.543116e-01 best=4.541886e-01
[NA] iter=00047 eval=02803 misfit=4.542799e-01 best=4.541886e-01
[NA] iter=00047 eval=02804 misfit=4.543779e-01 best=4.541886e-01
[NA] iter=00047 eval=02805 misfit=4.541352e-01 best=4.541352e-01
[NA] iter=00047 eval=02806 misfit=4.544411e-01 best=4.541352e-01
[NA] iter=00047 eval=02807 misfit=4.542944e-01 best=4.541352e-01
[NA] iter=00047 eval=02808 misfit=4.542859e-01 best=4.541352e-01
[NA] iter=00047 eval=02809 misfit=4.544207e-01 best=4.541352e-01
[NA] iter=00047 eval=02810 misfit=4.543116e-01 best=4.541352e-01
[NA] iter=00047 eval=02811 misfit=4.545559e-01 best=4.541352e-01
[NA] iter=00047 eval=02812 misfit=4.542982e-01 best=4.541352e-01
[NA] iter=00047 eval=02813 misfit=4.545566e-01 best=4.541352e-01
[NA] iter=00047 eval=02814 misfit=4.543690e-01 best=4.541352e-01
[NA] iter=00047 eval=02815 misfit=4.545883e-01 best=4.541352e-01
[NA] iter=00047 eval=02816 misfit=4.542828e-01 best=4.541352e-01
[NA] iter=00047 eval=02817 misfit=4.542995e-01 best=4.541352e-01
[NA] iter=00047 eval=02818 misfit=4.543104e-01 best=4.541352e-01
[NA] iter=00047 eval=02819 misfit=4.542299e-01 best=4.541352e-01
[NA] iter=00047 eval=02820 misfit=4.542913e-01 best=4.541352e-01
[NA] iter=00047 eval=02821 misfit=4.542299e-01 best=4.541352e-01
[NA] iter=00047 eval=02822 misfit=4.542828e-01 best=4.541352e-01
[NA] iter=00047 eval=02823 misfit=4.542733e-01 best=4.541352e-01
[NA] iter=00047 eval=02824 misfit=4.542466e-01 best=4.541352e-01
[NA] iter=00047 eval=02825 misfit=4.542828e-01 best=4.541352e-01
[NA] iter=00047 eval=02826 misfit=4.545567e-01 best=4.541352e-01
[NA] iter=00047 eval=02827 misfit=4.547821e-01 best=4.541352e-01
[NA] iter=00047 eval=02828 misfit=4.542314e-01 best=4.541352e-01
[NA] iter=00047 eval=02829 misfit=4.550318e-01 best=4.541352e-01
[NA] iter=00047 eval=02830 misfit=4.549442e-01 best=4.541352e-01
[NA] iter=00047 eval=02831 misfit=4.542874e-01 best=4.541352e-01
[NA] iter=00047 eval=02832 misfit=4.542478e-01 best=4.541352e-01
[NA] iter=00047 eval=02833 misfit=4.543544e-01 best=4.541352e-01
[NA] iter=00047 eval=02834 misfit=4.541886e-01 best=4.541352e-01
[NA] iter=00047 eval=02835 misfit=4.542276e-01 best=4.541352e-01
[NA] iter=00047 eval=02836 misfit=4.541598e-01 best=4.541352e-01
[NA] iter=00047 eval=02837 misfit=4.544849e-01 best=4.541352e-01
[NA] iter=00047 eval=02838 misfit=4.544979e-01 best=4.541352e-01
[NA] iter=00047 eval=02839 misfit=4.543108e-01 best=4.541352e-01
[NA] iter=00047 eval=02840 misfit=4.542579e-01 best=4.541352e-01
[NA] iter=00047 eval=02841 misfit=4.542933e-01 best=4.541352e-01
[NA] iter=00047 eval=02842 misfit=4.542589e-01 best=4.541352e-01
[NA] iter=00047 eval=02843 misfit=4.542404e-01 best=4.541352e-01
[NA] iter=00047 eval=02844 misfit=4.542817e-01 best=4.541352e-01
[NA] iter=00047 eval=02845 misfit=4.543346e-01 best=4.541352e-01
[NA] iter=00047 eval=02846 misfit=4.543013e-01 best=4.541352e-01
[NA] iter=00047 eval=02847 misfit=4.542181e-01 best=4.541352e-01
[NA] iter=00047 eval=02848 misfit=4.545375e-01 best=4.541352e-01
[NA] iter=00047 eval=02849 misfit=4.542551e-01 best=4.541352e-01
[NA] iter=00047 eval=02850 misfit=4.542535e-01 best=4.541352e-01
NAI - Optimisation Loop:  94%|█████████▍| 47/50 [15:11<00:57, 19.25s/it][NA] iter=00048 eval=02851 misfit=4.543115e-01 best=4.541352e-01
[NA] iter=00048 eval=02852 misfit=4.544486e-01 best=4.541352e-01
[NA] iter=00048 eval=02853 misfit=4.545186e-01 best=4.541352e-01
[NA] iter=00048 eval=02854 misfit=4.546322e-01 best=4.541352e-01
[NA] iter=00048 eval=02855 misfit=4.543020e-01 best=4.541352e-01
[NA] iter=00048 eval=02856 misfit=4.550257e-01 best=4.541352e-01
[NA] iter=00048 eval=02857 misfit=4.543821e-01 best=4.541352e-01
[NA] iter=00048 eval=02858 misfit=4.543108e-01 best=4.541352e-01
[NA] iter=00048 eval=02859 misfit=4.543261e-01 best=4.541352e-01
[NA] iter=00048 eval=02860 misfit=4.545814e-01 best=4.541352e-01
[NA] iter=00048 eval=02861 misfit=4.543857e-01 best=4.541352e-01
[NA] iter=00048 eval=02862 misfit=4.542524e-01 best=4.541352e-01
[NA] iter=00048 eval=02863 misfit=4.542461e-01 best=4.541352e-01
[NA] iter=00048 eval=02864 misfit=4.542276e-01 best=4.541352e-01
[NA] iter=00048 eval=02865 misfit=4.543370e-01 best=4.541352e-01
[NA] iter=00048 eval=02866 misfit=4.543987e-01 best=4.541352e-01
[NA] iter=00048 eval=02867 misfit=4.542415e-01 best=4.541352e-01
[NA] iter=00048 eval=02868 misfit=4.543394e-01 best=4.541352e-01
[NA] iter=00048 eval=02869 misfit=4.542415e-01 best=4.541352e-01
[NA] iter=00048 eval=02870 misfit=4.542766e-01 best=4.541352e-01
[NA] iter=00048 eval=02871 misfit=4.543432e-01 best=4.541352e-01
[NA] iter=00048 eval=02872 misfit=4.541886e-01 best=4.541352e-01
[NA] iter=00048 eval=02873 misfit=4.544714e-01 best=4.541352e-01
[NA] iter=00048 eval=02874 misfit=4.543432e-01 best=4.541352e-01
[NA] iter=00048 eval=02875 misfit=4.542964e-01 best=4.541352e-01
[NA] iter=00048 eval=02876 misfit=4.543161e-01 best=4.541352e-01
[NA] iter=00048 eval=02877 misfit=4.545761e-01 best=4.541352e-01
[NA] iter=00048 eval=02878 misfit=4.543524e-01 best=4.541352e-01
[NA] iter=00048 eval=02879 misfit=4.549609e-01 best=4.541352e-01
[NA] iter=00048 eval=02880 misfit=4.543227e-01 best=4.541352e-01
[NA] iter=00048 eval=02881 misfit=4.542551e-01 best=4.541352e-01
[NA] iter=00048 eval=02882 misfit=4.541886e-01 best=4.541352e-01
[NA] iter=00048 eval=02883 misfit=4.543422e-01 best=4.541352e-01
[NA] iter=00048 eval=02884 misfit=4.543540e-01 best=4.541352e-01
[NA] iter=00048 eval=02885 misfit=4.542812e-01 best=4.541352e-01
[NA] iter=00048 eval=02886 misfit=4.542733e-01 best=4.541352e-01
[NA] iter=00048 eval=02887 misfit=4.542299e-01 best=4.541352e-01
[NA] iter=00048 eval=02888 misfit=4.543104e-01 best=4.541352e-01
[NA] iter=00048 eval=02889 misfit=4.542733e-01 best=4.541352e-01
[NA] iter=00048 eval=02890 misfit=4.542937e-01 best=4.541352e-01
[NA] iter=00048 eval=02891 misfit=4.542276e-01 best=4.541352e-01
[NA] iter=00048 eval=02892 misfit=4.541747e-01 best=4.541352e-01
[NA] iter=00048 eval=02893 misfit=4.542415e-01 best=4.541352e-01
[NA] iter=00048 eval=02894 misfit=4.545756e-01 best=4.541352e-01
[NA] iter=00048 eval=02895 misfit=4.544710e-01 best=4.541352e-01
[NA] iter=00048 eval=02896 misfit=4.542828e-01 best=4.541352e-01
[NA] iter=00048 eval=02897 misfit=4.542828e-01 best=4.541352e-01
[NA] iter=00048 eval=02898 misfit=4.544534e-01 best=4.541352e-01
[NA] iter=00048 eval=02899 misfit=4.543008e-01 best=4.541352e-01
[NA] iter=00048 eval=02900 misfit=4.542995e-01 best=4.541352e-01
NAI - Optimisation Loop:  96%|█████████▌| 48/50 [15:31<00:38, 19.44s/it][NA] iter=00049 eval=02901 misfit=4.541925e-01 best=4.541352e-01
[NA] iter=00049 eval=02902 misfit=4.541886e-01 best=4.541352e-01
[NA] iter=00049 eval=02903 misfit=4.542276e-01 best=4.541352e-01
[NA] iter=00049 eval=02904 misfit=4.541396e-01 best=4.541352e-01
[NA] iter=00049 eval=02905 misfit=4.542276e-01 best=4.541352e-01
[NA] iter=00049 eval=02906 misfit=4.542314e-01 best=4.541352e-01
[NA] iter=00049 eval=02907 misfit=4.543755e-01 best=4.541352e-01
[NA] iter=00049 eval=02908 misfit=4.547594e-01 best=4.541352e-01
[NA] iter=00049 eval=02909 misfit=4.541914e-01 best=4.541352e-01
[NA] iter=00049 eval=02910 misfit=4.543883e-01 best=4.541352e-01
[NA] iter=00049 eval=02911 misfit=4.541747e-01 best=4.541352e-01
[NA] iter=00049 eval=02912 misfit=4.541747e-01 best=4.541352e-01
[NA] iter=00049 eval=02913 misfit=4.543057e-01 best=4.541352e-01
[NA] iter=00049 eval=02914 misfit=4.542419e-01 best=4.541352e-01
[NA] iter=00049 eval=02915 misfit=4.542384e-01 best=4.541352e-01
[NA] iter=00049 eval=02916 misfit=4.543008e-01 best=4.541352e-01
[NA] iter=00049 eval=02917 misfit=4.543080e-01 best=4.541352e-01
[NA] iter=00049 eval=02918 misfit=4.542902e-01 best=4.541352e-01
[NA] iter=00049 eval=02919 misfit=4.542902e-01 best=4.541352e-01
[NA] iter=00049 eval=02920 misfit=4.543431e-01 best=4.541352e-01
[NA] iter=00049 eval=02921 misfit=4.541843e-01 best=4.541352e-01
[NA] iter=00049 eval=02922 misfit=4.543302e-01 best=4.541352e-01
[NA] iter=00049 eval=02923 misfit=4.542237e-01 best=4.541352e-01
[NA] iter=00049 eval=02924 misfit=4.542874e-01 best=4.541352e-01
[NA] iter=00049 eval=02925 misfit=4.542415e-01 best=4.541352e-01
[NA] iter=00049 eval=02926 misfit=4.542237e-01 best=4.541352e-01
[NA] iter=00049 eval=02927 misfit=4.542524e-01 best=4.541352e-01
[NA] iter=00049 eval=02928 misfit=4.541747e-01 best=4.541352e-01
[NA] iter=00049 eval=02929 misfit=4.542766e-01 best=4.541352e-01
[NA] iter=00049 eval=02930 misfit=4.542415e-01 best=4.541352e-01
[NA] iter=00049 eval=02931 misfit=4.543143e-01 best=4.541352e-01
[NA] iter=00049 eval=02932 misfit=4.542964e-01 best=4.541352e-01
[NA] iter=00049 eval=02933 misfit=4.542903e-01 best=4.541352e-01
[NA] iter=00049 eval=02934 misfit=4.543008e-01 best=4.541352e-01
[NA] iter=00049 eval=02935 misfit=4.541886e-01 best=4.541352e-01
[NA] iter=00049 eval=02936 misfit=4.541886e-01 best=4.541352e-01
[NA] iter=00049 eval=02937 misfit=4.544714e-01 best=4.541352e-01
[NA] iter=00049 eval=02938 misfit=4.543544e-01 best=4.541352e-01
[NA] iter=00049 eval=02939 misfit=4.543008e-01 best=4.541352e-01
[NA] iter=00049 eval=02940 misfit=4.541886e-01 best=4.541352e-01
[NA] iter=00049 eval=02941 misfit=4.542982e-01 best=4.541352e-01
[NA] iter=00049 eval=02942 misfit=4.543124e-01 best=4.541352e-01
[NA] iter=00049 eval=02943 misfit=4.542593e-01 best=4.541352e-01
[NA] iter=00049 eval=02944 misfit=4.542569e-01 best=4.541352e-01
[NA] iter=00049 eval=02945 misfit=4.546217e-01 best=4.541352e-01
[NA] iter=00049 eval=02946 misfit=4.541747e-01 best=4.541352e-01
[NA] iter=00049 eval=02947 misfit=4.542702e-01 best=4.541352e-01
[NA] iter=00049 eval=02948 misfit=4.543542e-01 best=4.541352e-01
[NA] iter=00049 eval=02949 misfit=4.543422e-01 best=4.541352e-01
[NA] iter=00049 eval=02950 misfit=4.542415e-01 best=4.541352e-01
NAI - Optimisation Loop:  98%|█████████▊| 49/50 [15:51<00:19, 19.61s/it][NA] iter=00050 eval=02951 misfit=4.541886e-01 best=4.541352e-01
[NA] iter=00050 eval=02952 misfit=4.541886e-01 best=4.541352e-01
[NA] iter=00050 eval=02953 misfit=4.541886e-01 best=4.541352e-01
[NA] iter=00050 eval=02954 misfit=4.541747e-01 best=4.541352e-01
[NA] iter=00050 eval=02955 misfit=4.541829e-01 best=4.541352e-01
[NA] iter=00050 eval=02956 misfit=4.543051e-01 best=4.541352e-01
[NA] iter=00050 eval=02957 misfit=4.542524e-01 best=4.541352e-01
[NA] iter=00050 eval=02958 misfit=4.541747e-01 best=4.541352e-01
[NA] iter=00050 eval=02959 misfit=4.543051e-01 best=4.541352e-01
[NA] iter=00050 eval=02960 misfit=4.542524e-01 best=4.541352e-01
[NA] iter=00050 eval=02961 misfit=4.543217e-01 best=4.541352e-01
[NA] iter=00050 eval=02962 misfit=4.541914e-01 best=4.541352e-01
[NA] iter=00050 eval=02963 misfit=4.543422e-01 best=4.541352e-01
[NA] iter=00050 eval=02964 misfit=4.543422e-01 best=4.541352e-01
[NA] iter=00050 eval=02965 misfit=4.542443e-01 best=4.541352e-01
[NA] iter=00050 eval=02966 misfit=4.541747e-01 best=4.541352e-01
[NA] iter=00050 eval=02967 misfit=4.541747e-01 best=4.541352e-01
[NA] iter=00050 eval=02968 misfit=4.542314e-01 best=4.541352e-01
[NA] iter=00050 eval=02969 misfit=4.542948e-01 best=4.541352e-01
[NA] iter=00050 eval=02970 misfit=4.541747e-01 best=4.541352e-01
[NA] iter=00050 eval=02971 misfit=4.541747e-01 best=4.541352e-01
[NA] iter=00050 eval=02972 misfit=4.541886e-01 best=4.541352e-01
[NA] iter=00050 eval=02973 misfit=4.543255e-01 best=4.541352e-01
[NA] iter=00050 eval=02974 misfit=4.541886e-01 best=4.541352e-01
[NA] iter=00050 eval=02975 misfit=4.543434e-01 best=4.541352e-01
[NA] iter=00050 eval=02976 misfit=4.542562e-01 best=4.541352e-01
[NA] iter=00050 eval=02977 misfit=4.542276e-01 best=4.541352e-01
[NA] iter=00050 eval=02978 misfit=4.545756e-01 best=4.541352e-01
[NA] iter=00050 eval=02979 misfit=4.546559e-01 best=4.541352e-01
[NA] iter=00050 eval=02980 misfit=4.542551e-01 best=4.541352e-01
[NA] iter=00050 eval=02981 misfit=4.542415e-01 best=4.541352e-01
[NA] iter=00050 eval=02982 misfit=4.542952e-01 best=4.541352e-01
[NA] iter=00050 eval=02983 misfit=4.543927e-01 best=4.541352e-01
[NA] iter=00050 eval=02984 misfit=4.544121e-01 best=4.541352e-01
[NA] iter=00050 eval=02985 misfit=4.542429e-01 best=4.541352e-01
[NA] iter=00050 eval=02986 misfit=4.542170e-01 best=4.541352e-01
[NA] iter=00050 eval=02987 misfit=4.541747e-01 best=4.541352e-01
[NA] iter=00050 eval=02988 misfit=4.542384e-01 best=4.541352e-01
[NA] iter=00050 eval=02989 misfit=4.543432e-01 best=4.541352e-01
[NA] iter=00050 eval=02990 misfit=4.542443e-01 best=4.541352e-01
[NA] iter=00050 eval=02991 misfit=4.543783e-01 best=4.541352e-01
[NA] iter=00050 eval=02992 misfit=4.543578e-01 best=4.541352e-01
[NA] iter=00050 eval=02993 misfit=4.542524e-01 best=4.541352e-01
[NA] iter=00050 eval=02994 misfit=4.543783e-01 best=4.541352e-01
[NA] iter=00050 eval=02995 misfit=4.541886e-01 best=4.541352e-01
[NA] iter=00050 eval=02996 misfit=4.543116e-01 best=4.541352e-01
[NA] iter=00050 eval=02997 misfit=4.542237e-01 best=4.541352e-01
[NA] iter=00050 eval=02998 misfit=4.542276e-01 best=4.541352e-01
[NA] iter=00050 eval=02999 misfit=4.542478e-01 best=4.541352e-01
[NA] iter=00050 eval=03000 misfit=4.542276e-01 best=4.541352e-01
NAI - Optimisation Loop: 100%|██████████| 50/50 [16:11<00:00, 19.69s/it]NAI - Optimisation Loop: 100%|██████████| 50/50 [16:11<00:00, 19.42s/it]
│  [32m✓[0m Inversion terminada en 1162.3 s

┌─[21:28:42 | 1162.8s] Mejor solucion
│  ┌──────────────────────────────────────────────┐
│  │ a1 (km)                                6.9814 │
│  │ a2 (km)                                8.8346 │
│  │ theta (x pi)                           0.2291 │
│  │ np (frac)                              0.9998 │
│  │ tp (x 2pi)                             0.9628 │
│  │ dmax (m)                               4.7789 │
│  │ vr (km/s)                              0.9518 │
│  └──────────────────────────────────────────────┘
│  [32m✓[0m misfit minimo = 0.454135

┌─[21:28:42 | 1162.8s] Guardando resultados
Inversion results saved to /home/alex/KDEllipsPy/inversions/2020-06-03/output/inversion_result.joblib
│  [32m✓[0m resultado     → /home/alex/KDEllipsPy/inversions/2020-06-03/output/inversion_result.joblib
│  [32m✓[0m figura        → /home/alex/KDEllipsPy/inversions/2020-06-03/output/na_results.png
│  [32m✓[0m figura        → /home/alex/KDEllipsPy/inversions/2020-06-03/output/parameter_convergence.png
│  [32m✓[0m figura        → /home/alex/KDEllipsPy/inversions/2020-06-03/output/waveform_fit.png
│  [32m✓[0m figura        → /home/alex/KDEllipsPy/inversions/2020-06-03/output/ellipse_fit.png
│  [32m✓[0m figura        → /home/alex/KDEllipsPy/inversions/2020-06-03/output/mapa_azimutal.png  (gap azimutal 106°)

┌─[21:28:45 | 1166.3s] Desglose de misfit por estacion/componente
Desglose de misfit (ventana 20s (P->R,Z ; S->T)) — E = 0.454135
==============================================================================
Est   Cmp    %resid  aporte_E  mf_local  peso_obs
------------------------------------------------------------------------------
A05F  R        0.1%    0.0004     0.542      0.1%
A05F  T       21.5%    0.0977     0.326     30.0%
A05F  Z        0.0%    0.0000     0.000      0.0%
  -> A05F total               21.6% del residuo  (peso obs 30.1%)
------------------------------------------------------------------------------
A18F  R        0.3%    0.0013     0.949      0.1%
A18F  T       18.0%    0.0819     0.705     11.6%
A18F  Z        0.3%    0.0015     0.648      0.2%
  -> A18F total               18.7% del residuo  (peso obs 12.0%)
------------------------------------------------------------------------------
PB06  R        0.1%    0.0003     0.763      0.0%
PB06  T       18.0%    0.0817     0.353     23.1%
PB06  Z        0.1%    0.0005     0.766      0.1%
  -> PB06 total               18.2% del residuo  (peso obs 23.2%)
------------------------------------------------------------------------------
A22F  R        0.0%    0.0000     0.000      0.0%
A22F  T        4.0%    0.0182     0.715      2.5%
A22F  Z       12.8%    0.0580     0.778      7.4%
  -> A22F total               16.8% del residuo  (peso obs 10.0%)
------------------------------------------------------------------------------
A06F  R        0.0%    0.0001     0.914      0.0%
A06F  T       12.8%    0.0582     0.368     15.8%
A06F  Z        0.0%    0.0001     0.796      0.0%
  -> A06F total               12.9% del residuo  (peso obs 15.8%)
------------------------------------------------------------------------------
PB19  R        1.2%    0.0053     0.720      0.7%
PB19  T        7.1%    0.0322     0.544      5.9%
PB19  Z        2.0%    0.0089     0.774      1.2%
  -> PB19 total               10.2% del residuo  (peso obs 7.8%)
------------------------------------------------------------------------------
A09F  R        0.0%    0.0001     0.921      0.0%
A09F  T        0.8%    0.0034     0.795      0.4%
A09F  Z        0.1%    0.0005     0.557      0.1%
  -> A09F total                0.9% del residuo  (peso obs 0.5%)
------------------------------------------------------------------------------
A23F  R        0.4%    0.0016     0.673      0.2%
A23F  T        0.0%    0.0000     0.000      0.0%
A23F  Z        0.5%    0.0022     0.743      0.3%
  -> A23F total                0.8% del residuo  (peso obs 0.5%)
------------------------------------------------------------------------------
A08F  R        0.0%    0.0000     0.000      0.0%
A08F  T        0.0%    0.0000     0.000      0.0%
A08F  Z        0.0%    0.0000     0.000      0.0%
  -> A08F total                0.0% del residuo  (peso obs 0.0%)
------------------------------------------------------------------------------
Por componente:
  R:   2.0% del residuo   (peso obs  1.2%)
  T:  82.2% del residuo   (peso obs 89.5%)
  Z:  15.8% del residuo   (peso obs  9.3%)
│  [32m✓[0m desglose      → /home/alex/KDEllipsPy/inversions/2020-06-03/output/misfit_breakdown.txt

┌─[21:28:45 | 1166.3s] Generando PDF con todos los plots (plot_yolo)
🎲 plot_yolo dashboard: 6 paneles → /home/alex/KDEllipsPy/inversions/2020-06-03/output/all_plots.pdf
│  [32m✓[0m PDF           → /home/alex/KDEllipsPy/inversions/2020-06-03/output/all_plots.pdf

╔══════════════════════════════════════════════════════════════════════╗
║ Inversion completada                                                 ║
║ tiempo total 1283.3s  ·  salida en /home/alex/KDEllipsPy/inversions/2020-06-03/output ║
╚══════════════════════════════════════════════════════════════════════╝
