# Tiempo de Origen: 2020-06-03T07:35:18.000000Z
# Tasa de muestreo: 200.0 muestras/seg
# Numero total de muestras: 39000
# Estacion: A11F Componente: HNZ
# Latitud: -21.425 Longitud: -70.057
# Unidades: m/seg/seg
-0.00033806137363438793
 4.788371699727956e-05
 0.00018588702533034462
 3.150615642449894e-05
 8.764189513066345e-05
-3.633101934233385e-05
 0.00015313190418479727
 0.0002326583770700802
-0.0001369172462836188
-9.013780124908499e-05
-2.6984842289176636e-05
 9.230587870059925e-05
 0.00024434362754112426
 0.0001671521814263499
-3.634922925561945e-05
 2.4464656286374287e-05
 8.0891190372967e-06
-0.00021178580557007498
 0.0001507685508824741
 0.00021626058326029707
 8.760952195147054e-05
 0.00011333730622480054
-0.00015098001332287947
-0.00013226944930327944
 0.0002981180362686964
 0.0001460762407807653
-0.00028431529143863044
 0.00017881922198412226
 0.0003331960442425619
-0.00012526436899175375
-0.00016503064041994975
 0.0001250124400773711
 0.00024898130790296236
 2.6767309877689938e-05
-1.299896155050606e-05
-3.171357221748439e-05
-1.066393477998362e-05
 0.00014605196089637063
 0.00012032012997563457
 2.9094243353386395e-05
-5.745349643301867e-05
 0.0001881471891239661
 7.820871515842875e-05
-0.0002328900727474742
 8.288281534686581e-05
 0.0002021735363366417
 0.0001624072649084457
-9.723190780341895e-05
-9.021671087336425e-05
 0.00017877470886272506
-5.747372967002118e-05
 1.0010824540579444e-06
 1.9711646473657973e-05
 8.520367885148095e-05
 0.00014133941755764545
-3.409311210940402e-05
-5.2807722776396226e-05
-8.321770053293376e-05
 0.00044307179517340256
 0.00019746706296901173
-0.0004972397654743471
 9.922193276934443e-05
 0.00028400670946063244
 1.9689389912952437e-05
 7.816420203703156e-05
 3.60588571909487e-05
 0.00014599328450908
 6.17846181405618e-05
-0.00010429161785484309
-7.622476016359847e-05
 4.07268874082628e-05
 0.00021849444384582084
 0.0001646937319101649
-2.477323826434452e-05
-3.880970209552137e-05
 0.00016936580877488505
-1.0744867727979779e-05
-0.00022828071891743684
 0.0001857332527291644
 0.0003681789560025517
-1.0752961022778007e-05
-0.00013472587549578918
-9.496365071498536e-05
-2.9471618337176264e-05
 0.0003962377203989842
 0.00011788596034383036
-0.00027040225035313004
 9.449117951733366e-05
 0.00011554081695483442
-8.432097518176751e-06
-1.779041451351049e-05
 0.00012021289381955458
 0.00026991156924217885
 1.728961678405805e-05
-0.00013007403186805766
-4.8208485564860126e-05
 6.406501517118579e-05
 0.00016230407539975789
 0.0001225378039715619
 8.043245912546515e-05
 6.873506871220292e-05
 0.00010381914665717751
-3.652728174120823e-05
-0.00022365517849780303
-1.3140594209481993e-05
 0.00029327600021318567
 0.00041256672120296156
-0.0001417957021657007
-0.00021196992802674508
 0.000342388448694525
-0.0001558362126442836
-0.00019794155749036646
 0.0002558366622607139
 0.00018800150981758412
 4.297693458338303e-05
-4.1231731785121295e-05
-1.784302092970591e-05
-5.994836577580265e-05
 0.00021138212737820128
 0.0001645986356962753
-7.86670230902009e-05
-8.496843876562576e-06
 3.828260115797122e-05
 0.00015991239556564785
 4.061762792847978e-05
 3.59374577689614e-05
 0.00012014207749005967
 0.00014586986176338967
 2.657509412622161e-05
-0.000247098519093103
 3.180313299697146e-06
 0.00023942470518503733
 4.2940514756784065e-05
-6.182050343042644e-06
 8.270071621388486e-05
 0.00012480201441258942
-8.52719373206634e-06
-0.0003500339360708038
-1.5140201257146657e-06
 0.00039612643759549815
 0.00015519985222693655
 4.058323142558384e-05
-9.274597671905804e-05
-5.064467852035348e-05
-1.7899673993307386e-05
 8.26784596531932e-05
 0.0001809175198817653
 6.863997249831333e-05
 9.904590360745869e-05
-6.001311213418847e-05
-0.00010913567723402906
 5.693651211396977e-05
 0.00035399681286499285
 0.0001949377971233318
-0.00026586168952888456
-9.978950018088573e-05
 0.00025340856260001876
 0.00021130321775390815
-0.00010915186382362552
 7.825634944919058e-07
 0.00019258456043952377
 0.00014112292192176856
-3.197053432735242e-05
-0.0001559434488003636
-1.3261993631469293e-05
 0.0001574883425523449
 0.0002393538888555563
-5.069323828914285e-05
-2.262638059791211e-05
 0.00021595708470532882
 7.77752718753022e-06
-0.0001395861214645716
-9.748482326588093e-05
 0.00030015563445534577
 0.0003703258136689841
-0.0002331571514758296
-0.00010451013681440913
 0.00028845217407098833
-4.603734801403303e-05
-4.1361224501892946e-05
 0.00019722224080134798
 1.945063771638389e-05
-2.9671927383456698e-05
 0.00010599230753172151
-5.072763479203879e-05
-6.944224545904487e-05
 0.0004007094882174378
 0.0001925299306996392
-0.0003782060065944254
-9.284107293294763e-05
 0.00020889737465390468
 3.1125771568940586e-05
-3.67093808741753e-05
 9.427670720515979e-05
 0.00015509059274715353
 5.216933903534615e-05
-8.349894252719647e-05
-0.000212150003836023
-2.970430056264961e-05
 0.0002720341470242166
 0.0001714519667303377
 5.4496272511070365e-05
-7.649386221567078e-05
 2.1745198012901312e-05
 6.384649621161975e-05
-0.00023087877776890864
 6.852059640002905e-05
 0.00029540869461372465
 0.00015272319279743818
-4.610007104871583e-05
-0.0001677339121037985
 6.85104797815278e-05
 0.00013166343874143616
 0.00011060975465654321
-5.078833450303244e-05
-2.973869706554555e-05
 0.0001620632998794863
-1.6738626979900806e-06
-7.418716197694908e-05
 2.8730045087438372e-05
 0.0003234512724205607
 0.00023456445921624103
-0.00017477541224193704
-7.185820517753572e-05
 6.614510315552935e-05
-6.952317840702715e-05
 0.00014566955271712312
 0.0003468278433337857
 1.93555415024943e-05
 1.9353518178791274e-05
 0.00013162701891485107
-0.0001724545487373219
-0.00018415193915058414
 0.000316407748958733
 0.00047312364463510115
-1.574472303206287e-05
-0.00019117725269911234
 0.00020178505818628512
 0.00013628897916106997
-0.00028942440622248267
 3.5704775543488054e-05
 0.0004801267016229238
 0.00021580938207525768
-0.00014674902102469745
-5.786625446776994e-05
 2.1660218417512977e-05
 4.504892927292836e-05
 0.0002438681464716902
 6.375746996882536e-05
-4.8520077414626606e-05
 0.0001690117271274244
 8.948120759474931e-05
-0.00013741093726635234
-8.361427197808857e-05
 0.0002578884237132567
 0.00035378841052392807
 5.2644479314467585e-06
-0.0001678290083176881
-6.491180125330065e-05
 0.00012922926910964583
 0.0001713305673083504
 2.6305992074149298e-05
 0.0002204470624370819
 0.00014793376315813678
-1.3464326001438875e-05
-0.00010235113920577243
-0.00024269756760415817
 0.00035844227747534874
 0.00039586542883823794
-0.00011873274642594522
-0.0001351082836750367
 0.0001128314752998627
 0.00025083478363294165
-0.00015850508782523642
-9.535212886534195e-05
 0.00025784593391556254
 0.00012217765235301992
 7.773323408899468e-05
-1.3492652533239613e-05
-0.00015383908093162535
 0.00011983048564030707
 0.00018532251801811617
 1.6907208604810542e-05
-1.1163695733826251e-05
 6.836277715144279e-05
 0.00022741774624572553
-0.0002708069150930831
-0.00012812545992420266
 0.00048237067882694884
 0.00027653019472706486
-8.602820837289027e-05
-0.0002988859127265181
 0.00012682342600962848
 0.0001244823292680386
 9.407235151148718e-05
 0.00026248361427740063
-5.329332046433155e-05
 9.64053549583066e-05
 0.00011511591897789275
-5.0960317017512136e-05
-6.967492768451822e-05
 0.00022738537306653261
 0.00030925091936973015
-2.2899529297376597e-05
-7.903931465096103e-05
 5.662492026420329e-05
 0.00021801896277638677
-9.54188985474308e-05
 5.895792371100883e-05
 0.0001548579105216802
-0.00010244218877225597
 0.00023204328666535934
 7.532334434159904e-05
-0.0001936721220419102
 0.00012911798630615978
 0.00045892531490795974
-4.631656668459272e-05
-0.0003387027672472065
 0.00022267282972782132
 0.00021565358615037444
-0.00011883593593463304
-2.9953169377719413e-05
 0.0003255839668210997
 0.0002483925207063392
-0.00016094735075183886
-0.00020071362218003486
 3.553076970530533e-05
 9.400558182939833e-05
 0.00031153738637144934
 0.0003817075655850738
-0.00020540188563436534
-8.143301780874634e-05
 0.00024837431079303973
-6.03854036949486e-05
-7.208279410821083e-05
 0.0002951497091801675
 0.00039104969599082495
-4.401998306437227e-05
-0.0001492803101940804
 0.00011737203612410818
 0.0001968985090093911
 0.00014075872365582054
-3.701287942914355e-05
-2.2980462245372757e-05
 0.00015478709419219916
 0.00019688839239088984
-3.702097272394178e-05
-0.00020075813530143205
 0.00023196842368847226
 0.0004495002282305094
-5.80807267799438e-05
-0.0001914099349245857
 4.951260379658373e-05
 2.6119846293776172e-05
 5.418670398500691e-05
 0.00022025889333300575
 0.0002927681459645587
-4.639952295627803e-05
-0.00010955652856357856
 9.861898230681398e-05
-0.00018674999800206982
 4.247717362955428e-05
 0.0004985944667985492
 0.0001664440181314425
-0.00025225214699838017
 6.352074109595984e-05
 0.0001781333152499065
-0.00020547674861125242
 2.8428569856173147e-05
 0.00022958686047286347
 0.0002038550295521413
 7.520396824331477e-05
-0.00011192392851329391
-5.578818980711553e-05
 7.285882485430495e-05
 0.00027869526230679675
 7.987199846062887e-05
-0.00012129033880342588
 7.285073155950672e-05
 0.00023658384748959094
-6.749772016258204e-05
-0.00022421766248634234
 0.0002833592458767187
 0.00031844332382169327
-7.452303371111024e-05
-0.00014469725957215462
-9.033024656990296e-06
-1.3713194816508678e-05
 0.00011961196668072716
 0.00025995434843170684
-2.7753705295077702e-05
-2.025921021747701e-06
 0.00023187939744567787
-8.15584638781397e-05
-0.0002593300669630899
 0.00025292498823578646
 0.00044706605859871906
-6.753211666547798e-05
-0.00011431560834740395
 0.00026461226203053356
 0.00011023139312468788
-8.625279730356539e-05
 0.00010087105280563724
 0.00012893791049688186
-2.5442958408963823e-05
 0.0002599219752525139
 0.00015700072154070654
-0.000289764324604036
 0.0002552377584455895
 0.00041663180095777297
-8.861008063477949e-05
-0.0001798359672569999
 9.383359931491864e-05
 0.00019207265954349073
-3.715855873552554e-05
 0.00015464343820950632
 0.00025989971869182227
 8.914533586058815e-05
-8.160904697063209e-05
-0.0001564614196675057
 1.8967063352151592e-05
 0.00011486705016282295
 0.00039087569015264223
 0.0002224603807393366
-0.00043482127301743
 7.2615796441050096e-06
 0.0003721550095145548
-0.00021027629486905508
-0.0001003418675509099
 0.00021777009396131697
 0.00016396938202566103
 3.999646755264985e-05
-8.631552033824819e-05
 5.870500824854685e-05
 5.8702984924843826e-05
 6.571818185488465e-05
 0.0001592790952476275
-0.00013778525215080162
-4.460090653551907e-06
 0.00032300816453031955
-0.00015884298288310061
-7.93165099978177e-05
 0.0002879159932905606
 0.0001709602990712933
 3.061387067290755e-05
-0.000158853099501588
 1.891445693595617e-05
 9.556139940608555e-06
 0.00021539257739310036
 0.00033936144521871936
 1.890636364115794e-05
 0.00010311098336227009
 1.656324357585115e-05
-0.00016354743292702756
-0.00029453756765375483
 0.0003089413508436667
 0.000617697018684249
-0.00020098070090840414
-0.00020799994448582326
 0.00012180738411596281
 4.461593800118846e-05
-7.233975621807887e-05
 2.5899304010507107e-05
 0.0002293966680450843
 7.735487255713935e-05
-9.192867229279589e-06
 5.629916514855726e-05
-3.960486830952015e-05
-7.703206631980153e-05
 0.00022938452810288001
 0.0003112500744060914
-0.00020334810085810562
-6.066664568921132e-05
 0.0003907725006439544
-0.0001823025100680109
-0.0002805456169439752
 0.00039310550409077383
 0.00036971274658796627
-0.00011213840082546778
-0.0001425483785820053
-4.4309318353433214e-05
-0.00014255242522941136
 0.0002714615464171899
 0.00022701712815317854
-0.00012852405469304662
 9.134682326691901e-05
 6.09368455103676e-05
-0.00016595529935072018
-0.0001753136163460678
 0.00020829240086768508
 0.00023869833197683044
 4.788966861998811e-06
-6.070711216320246e-05
 2.583658097581043e-05
 0.00012875378804019788
-9.579928340298915e-05
 8.898549328831273e-05
 9.86800839791746e-08
 1.6470170685664587e-05
 0.0002948178840933985
-0.00011218291394685109
-0.00021510416765865847
 8.897335334610845e-05
 0.0003766773604255008
 7.02567193554271e-05
-0.0002782672432370542
 0.00011469506764834325
 0.0002831063304142428
-0.00018938852332751888
-0.00014962629854672893
 0.0004094102250103704
 0.00015211012571642035
 4.746477064304644e-06
 1.64398208301747e-05
-0.00024553842529960457
-2.27681316052053e-06
 0.00032519144202335093
 0.0002760688769235242
-0.00018706968314662065
-4.204915455981173e-05
 0.0003602694499972303
-0.00017538038602815664
-0.0003040314473369832
 0.0002409706357126562
 0.00038833023771736586
-3.0365927412456806e-05
-0.00022451104442279546
 0.00017312941329843123
 9.359889376574226e-05
-1.4000506781880473e-05
 0.00015441075598404685
-2.3360847100917237e-05
-7.482248561867244e-05
 0.00015440468601293778
 0.0001941669107937416
-0.00033446570497792927
 2.1071431220889836e-05
 0.0006713318180765343
-0.0001567021951877634
-0.0004093241476458842
 0.0002128673581948265
 0.00013333683866213752
-9.121623278103563e-05
 0.00013333279201474535
 0.00018011223704926527
 5.847839599416871e-05
-5.847729822508474e-05
-0.00013332967092194448
 4.67363741112059e-06
-1.8719120091700847e-05
 0.00028301932749515146
 0.000271321937081917
-0.0003134484407196214
-4.4457020983518225e-05
 0.0003227754823048462
-7.019087522794343e-05
-0.00023626711122334831
 0.00013564353890084535
 0.00031107202192050265
 8.651895047731561e-05
-0.00010996523995092378
-6.552486833431848e-05
-4.6814304314732325e-05
 0.0001426486192123988
 0.00032041617564995684
-1.875149327089376e-05
-0.00017547143559465406
 0.00014731867275340205
-2.1096636659903578e-05
-0.0002877530296254843
 0.0002923351546928049
 0.0003929132883392916
-0.00014507562110399608
-0.0001567730115172583
-5.385580445285698e-05
-0.00010063929613478295
 0.00017303027043714947
 0.00030167728509856995
-8.193277876258898e-05
 1.3967208048068502e-05
 0.00020810827841101498
-0.00012404217025609177
-0.0003509343151171934
 8.880946412642698e-05
 0.0005800128585641134
 9.81617111506794e-05
-0.0002620576185313611
-3.5169520317665515e-05
 0.00016832784371691167
-4.920800747253151e-05
-0.0001708418485276142
 0.00033673505983543295
 0.00022211843903408024
-7.494590836434889e-05
 3.498851895378241e-05
-0.00022698972717599686
-4.922217073843882e-05
 0.00044432029711716226
 0.00011684799528587086
-0.00010770507615731617
-2.5839529854118637e-05
 2.5618062016244392e-05
 2.0937891856712132e-05
-0.0001919198124969157
 0.00021741601231385632
 0.0004115570826767889
-6.093777106497278e-05
-0.00029952528301563364
-0.0002176597367124361
 0.00013086017923263915
 0.0003109668090881257
 0.00015190779334645077
-0.000205972462917689
-2.352675964430173e-05
 0.00029692427528585363
-0.00024106463415744794
-0.00026913553849608474
 0.0002618321040460808
 0.00027118637439403626
-1.6521679332762162e-05
-0.00012646015329829952
 0.00011212331200495529
 1.6219278546905636e-05
-0.00010073641567236169
 0.00018228944457120144
 7.001189718774947e-05
 2.556747892373812e-05
 0.0002618118708090922
-0.00014518892723118515
-0.000358046631584813
 0.00042320186667385573
 0.0004769985319621334
-0.0002527943977499031
-0.00010309572232727882
 3.490758600578625e-05
-0.00011011698922840096
 0.00021501219253755588
 0.0002641307109899904
-1.6560122483064155e-05
 2.320210229773967e-05
 0.00010740672201883794
-0.000236439093737828
-0.00011013115249430827
 0.0003483252140926013
 0.0002992026489927746
 3.722440286300921e-05
-0.00020136310908765165
 6.996738406635228e-05
 0.00014013756328000448
 2.5520942478651776e-05
 0.00013077722296095384
 6.804308487956545e-06
 5.358375352249034e-05
 0.00016585725425852238
 2.551082586015052e-05
-0.00024348464052335872
 0.000147138596944138
 0.0004816240723817533
-0.000124197966180975
-0.00021776292622112392
 0.00010502718212694606
 3.0174809430072447e-05
-2.3625902505583496e-05
 4.4205203290140216e-05
 0.00021729461289186902
 0.00011671243259799013
-9.380619833772308e-05
-5.170490013901852e-05
-0.00027625797158220555
 6.992287094496896e-05
 0.0006079077337408645
 1.8459209103510732e-05
-0.00022948459651878084
 0.00016113864094871588
-3.5345549479537386e-05
-0.0002037608588928569
 0.00020791403933582975
 0.0003435782742509941
 2.3123192673446535e-05
 1.8443022513914276e-05
 5.820524729470422e-05
-0.00022950280643208032
 9.094822849807505e-05
 0.00047923239254764327
 4.6501786910360665e-05
-0.000213137385801504
 0.00011900901621821058
 0.00023829973720798647
-0.00014531032665317245
-7.981829427536336e-05
 0.0003505691912966402
 0.0002453088641669182
-0.00010087602500764847
-5.4096579973128556e-05
-2.8368795699798555e-05
 3.712323667802442e-05
 0.00031079280324994296
 3.9458263448519104e-05
 5.5829754050218394e-05
 0.00022658009023403258
-5.4110743239021986e-05
-0.0002248651260702561
-4.7097569632698066e-05
 0.000380950842521377
 0.0002452825609588205
-1.2017538335115652e-05
-5.88010300170555e-05
-2.1377878654166294e-05
 7.68611815744058e-05
 0.00013767506711639954
 0.00013767304379269651
-0.00018512111120275176
 0.00011895640980201516
 0.0002943848928216586
-0.0002763510444723921
-0.000119635148796024
 0.00039963712665658235
 0.00019145756913876988
-0.00021086508206567822
-2.8419378792304828e-05
-3.525211010602103e-07
-9.710838096407826e-06
 0.000221855406953117
 0.00010957785956966504
-2.6996878137591773e-06
 2.5367169877471563e-05
 4.17386604791431e-05
-0.00017111904387448473
-4.4811102630964994e-05
 0.0003411339880006886
 0.000172718678587383
-9.393771437821163e-05
-0.0001594337934034129
 0.00012125299342223561
 0.00013762448402390715
-5.1842486150602274e-05
 4.405750066006908e-05
 1.598659632143229e-05
 0.0002124667401022795
 4.639050410687462e-05
-0.0003044725319035352
 3.7030163787837855e-05
 0.000479113016449359
 0.00013760627411060766
-0.0003910263416610493
 3.0004850239295777e-05
 0.0001305829838857825
-0.00010332638122904914
 0.00011654449673090261
 0.00021478355695948859
 7.911527539693208e-05
-5.655300616562442e-05
 6.507678824206609e-05
-0.00013374647560408792
-0.00021093792171886228
 0.0002802654727188103
 0.00039253897345484234
-2.38181182570657e-05
-0.0001150440048793
 0.0001866944427075523
-0.00016884674013865897
-0.00027176799385046635
 0.000312998337303666
 0.0001983817165023133
 2.2949186835263813e-05
 0.0001305445407354805
-0.0002600827433793945
-0.00019926885783740078
 0.0004065491340779215
 0.0001866742094705498
-0.00015483253286818766
 3.9308537494744944e-05
 0.0001445648179770609
-9.402269397359997e-05
-0.0002016220945212227
 0.00037144886954335044
 0.00034571703862262826
-9.870893410422743e-05
-5.660763590552287e-05
-0.00014783352252775717
-3.556002179171125e-05
 0.000312959894153364
 0.00031061879741176024
-0.00014316346898672616
-3.7907188504424094e-05
 0.0002731875527540728
-0.00013147417186827604
-0.00014083248886360977
 0.0001562278118874133
 0.0002801966797130184
 0.00023341318803107858
-3.324320493448829e-05
-0.00015721611940749947
-5.195983892518352e-05
 0.00018896269979597202
 0.00013750106127821682
-6.833942282166716e-05
 0.00012814072095918005
 0.0002825175432176197
-1.220773076289483e-05
-0.0003045939313255086
 6.965579221659968e-05
 0.00047665254360947096
 3.69047177184445e-05
-4.7303948650059824e-05
 7.900399259344604e-05
-8.005502314822888e-05
 0.00021466620418489346
 0.00025208935554779655
 4.145549925491099e-06
 5.794221521374099e-05
 0.0001678766425318723
-3.562476815011095e-05
-0.000161936756041009
 0.0001678705725607771
 0.0004485573593864256
 0.00013745857148052265
-0.00027188129997764154
 1.7882665942769993e-06
 0.0001327743546736121
 0.00010938159717079066
 0.00018890807005608745
 4.119246717393388e-06
 4.388147149818333e-05
 0.00010937350387599243
 4.8555571686606513e-05
-6.840012253266081e-05
 0.00013509724150191638
 0.0004508701295962425
-7.542341275748599e-05
-0.0003116718512902322
 8.129045959516523e-05
 0.00012573083121177053
 0.00017718842308211968
 0.00017016917950470056
 4.8535338449604004e-05
 0.00015379161893191995
-7.31005259291817e-05
-0.0002625674961036911
-4.0357544725824757e-05
 0.0002239557281744492
 0.0004765736339851778
 6.25556156911844e-05
-0.0002438650253789032
 4.074733595996194e-06
 0.00013739989509323203
 9.76336236650499e-05
-0.00011522408068857792
 0.00012102031119676226
 0.00022159844484324898
 0.00011165997087771162
-7.546792587888318e-05
-9.652160996379e-05
 0.0004297678857425463
 7.89048497321504e-05
-0.00016669988247222656
 6.720543599519901e-05
-4.975025822406831e-05
 0.00017245969315381193
 0.0002683596799644833
-1.7009300344400513e-05
 2.2752924436389432e-05
 0.00028472712391874877
-0.0001550207019722638
-0.00022285585441539357
 0.00029173827420138354
 0.00018647794707167542
 0.00011162557437482956
 7.185930294663356e-05
-2.6383803929344585e-05
 1.8056567687260716e-05
 0.00013033006842330663
 6.951213623392072e-05
-0.00011761576052268796
 0.00013032399845221143
 0.00020049417766584976
-6.85012887176456e-05
-4.979072469805945e-05
 0.00024025235579924753
 0.00034083048944572036
-4.745772125124004e-05
-0.00029072338003771625
-0.00011295582360015821
 0.00019579984424042407
 0.00040397535511084437
 0.0001443361823989936
-3.3435420685970496e-05
 7.415993321424619e-05
-3.343946733337655e-05
-0.00012700442737352546
 5.544127589986181e-05
 0.0003244326956359511
 0.00020513792799876918
 5.7774279346667345e-05
-6.619863512632995e-05
-0.0002603437521366686
 0.00026126759673385236
 0.0004296788594997658
-9.661468285397656e-05
-0.00012234651377469874
 6.0099189498674654e-05
 6.94534598466301e-05
 6.477328968711171e-05
 7.178848661713866e-05
 0.00015599310633823693
 0.0002869791944175859
-1.7102373234587076e-05
-0.00024399451809568873
-6.85660350760453e-05
 0.0001606611365555649
 0.00035012406008269603
-4.985951770385133e-05
-2.179266001262059e-05
 0.0002659113470667718
-0.0001831927724958854
-7.559741859566871e-05
 0.00014427345936429692
-1.7124629795292612e-05
 0.0002237979089258768
 0.00022847403243800302
-0.0002954804364978386
-0.00018788508259762193
 0.00045535808400430644
 7.876524039687749e-05
-0.00033993092473294517
 6.940490007782685e-05
 9.98108311869722e-05
 8.109622051999388e-05
 9.512863770376467e-05
 2.729348526062103e-05
 0.00020038289486236371
 8.576851269939678e-06
-0.0003586596986658308
-0.0002276736105865096
 0.00036644901423926735
 0.0004763834415574125
 3.1957468830556834e-05
-0.00015750950134396646
-5.927044111539437e-05
 5.300305962066543e-05
-9.202151561353566e-05
 9.042418765983773e-05
 0.00018164602763467985
 7.638570050497173e-05
 0.00016994661389772847
-0.00019495086262014127
-0.0001411541973318775
 0.0003500491971057951
 0.0003266564396029875
-0.00021133246984031406
-0.00018794375898491256
 0.00017227152404973578
-0.00018093058537856088
 1.5549558402286334e-05
 0.00012314491230250302
 0.0002096886054415159
 0.0004810190985955337
-0.00035169306150459323
-0.0003353215709029217
 0.0002120195855646323
 6.69950103304312e-05
 7.868835409628738e-05
 6.23128168472098e-05
 3.4241912508573e-05
 0.00021200946894613104
-2.1899896168700583e-05
-0.00028153906888055136
 0.0002470895002436996
 2.2536428800512542e-05
-6.16722375679779e-05
 0.0002587787973621636
-0.000304939919678171
 9.270053804305567e-05
 0.00041549064639112565
-5.934328076857842e-05
-0.00016694268131620116
-0.00017630099831154877
-1.4906955799351418e-05
 0.00025174539051883715
 0.0003733751849265138
 1.7834002080288625e-05
-0.00015058130733300312
 8.47366176125186e-06
-0.0002394701438610397
-0.00019035162540860517
 0.00036634582473057953
 0.00034061399380985735
-1.7266262454268544e-05
-3.8319946539175365e-05
-0.00030029819266894076
 2.2491915679129226e-05
 0.00044586218099737507
-0.00018335059174447166
-7.809431126216959e-05
 8.329973125002776e-05
-5.0029476894628e-05
 0.0002634043377817835
-0.00021844680963163665
 5.756183035819651e-05
 0.0005394089311242245
-0.0003213721099908362
-0.0003307304269861838
 0.00010433520542162122
 0.00021660870615766714
 0.00023298019675933868
-0.00017168152786301016
-9.683320181355648e-05
 0.00013707211665388297
 0.00011367935915107541
-3.6023362918954915e-05
-0.00028396716854126036
 0.00010899514234415097
 0.00044815876461758164
-0.0001483069802735021
-0.00030034877576143315
 0.00023997516045239087
 0.00010430687888983436
-4.773491659811058e-05
-7.814489435466199e-05
-7.580784426043652e-05
 0.0003124763197891317
 8.792324834594467e-05
-0.00010154372182856475
 0.00010897086245974241
 8.791717837484947e-05
-5.647781665299445e-06
-2.6701465750206266e-05
-9.687569161125065e-05
 3.878854330391368e-05
 0.00043408992760722576
 8.376542223659245e-06
-0.000426693136831538
 3.41023031733001e-05
 0.0004410990545661575
 0.0001463737805856291
-0.0003284601465740611
 1.772069595311343e-05
 0.00026799952834592744
 1.5377575887806638e-05
 1.0697405728274378e-05
-2.2051645446191648e-05
 0.0001393423970660057
 0.00022354701678710398
-0.0001764365609994295
-2.4398812158890615e-05
 0.0002469316809951272
-5.481081323913117e-05
 0.00012997396345215684
 0.00020716136291952514
-0.00022323016929984285
 0.00026797322513782973
 0.00029370100941114585
-0.00037527601143517997
-5.704434728887042e-06
 0.00012294257993253344
 0.0002703021819372431
 0.00022819683709113248
-0.00032148743944171443
 0.00021415834993626648
 0.0001650357848364259
-0.000265355747382956
 0.0001626926647711191
 0.00021648933005938287
 0.00010187270925803016
 9.71925390984979e-05
-0.0001109870184193007
 3.6255557346598355e-06
 0.0004269958210529057
 7.145463820668052e-05
-0.0002606958104604262
 2.700819661896614e-05
 1.297173278780317e-05
 0.0002843022259418071
 0.0003521333317375308
-0.00017182113719828307
-7.358207696971097e-05
 0.00012523714022903698
 2.2315886517243477e-05
 3.868737711891501e-05
 0.00010184033607883725
 0.00013458534060588334
 3.5952058791560715e-06
-3.383199213112531e-05
-4.786845596228828e-05
 0.00018135871566932193
 0.0003100057303307424
-0.00010635136138117951
-3.150303533171195e-05
 0.00011351749325509697
 7.141214840898635e-05
 7.608827192109868e-05
-4.3206495716055504e-05
 7.374515185580577e-05
 0.0001228636703082403
 7.841925204421507e-05
 5.905952765283828e-06
-0.00010403252120025352
 0.00011817743017761284
 0.00019770390306289576
-7.830878357434345e-05
 8.542433235575464e-05
 0.00018366339258432673
-0.00011574002823201701
-8.767317054078627e-05
-6.194538626744239e-05
 0.0001321956840954902
 0.000377796369652475
-1.1355473728685839e-06
-0.0002818263808459093
 9.944056294992898e-05
 0.00023744387128299405
-8.067213687665276e-05
-7.131786652869732e-05
 3.8616560789433985e-05
 0.00018129801595832828
 0.00018597413947044061
 1.755883005712111e-05
-0.00014383925910244066
 3.3928297335117374e-05
 0.0004315687550563302
-0.0001695751366705689
-0.00023507121569578404
 0.00033332160153295987
 0.00015087185161218042
 0.00019297314981088498
-0.00012982100518457718
-0.00015087468926947012
 0.0005110810646757197
 7.601138562050858e-05
-0.00020701852127044673
 8.77027060626756e-05
-5.498279575361087e-05
 8.535958599735494e-05
 0.000361368225987202
 0.0001859356963201525
-0.00012984123842157969
 0.00011108130029958974
-9.24201103823935e-05
-0.00032866854891512587
 0.0004923441974480358
 0.0002373831715720004
-0.00013687059861751394
-4.097061180684258e-05
-0.0002655236832500296
 0.00024205322511301752
 0.000370700239774438
-0.0002304436519524472
-0.00028658343730603164
 0.0002022808837137402
 0.0002139742274795825
 1.749003705134311e-05
-0.0002023848875560147
-5.970343238713427e-05
 0.00020460984051313968
-0.00016028763600471618
 7.829582929853862e-05
 0.0002303335781390775
 8.530900290486254e-05
-0.00023046793183685577
-0.00020474014756352577
 0.00025839436585921305
-1.294017394219693e-05
 0.00031452808124167453
 5.722798194773837e-05
-0.0004807609274955632
 0.000204585560628745
 0.0002490259322453642
 1.0438420294717199e-05
-2.2310630879748827e-05
-3.166894787509644e-05
 0.00018352378324903995
-2.4655774268758646e-05
-0.00023049625836864263
 0.00016246605251675483
 0.0001273779279243742
 4.550833497378448e-05
 0.00010632222051577822
-0.00014396065852442796
 0.0003261910751520408
 0.00010631615054466914
-0.000342787969017988
-7.14574758639841e-05
 8.068997021298818e-06
 0.0005320194193097344
 5.7185492150044204e-05
-0.0002936775438603517
 0.0003495656227415628
 4.5484055089389797e-05
-0.00020245975053290177
-0.00012293327764761885
 0.00014605814208847046
 0.0002934177440931801
 3.143949796341472e-05
-0.00011592415068868711
 1.5061937390647984e-05
 0.0004992481115745767
-0.00017206798268966372
-0.0005697124870582826
 0.00039632281121539104
 0.00021621213471251233
 4.5457751881292086e-05
 0.00022088623490094939
-0.00025160861884084007
-5.5128475059992854e-05
 0.00024427089910894484
 0.00010158539729267224
-4.577825135944347e-05
-0.00011361340380257323
 8.016390605103396e-06
 9.923823057994552e-05
 0.00010625342750998634
 3.841827506685658e-05
 0.00023255934542978918
-8.087851589402839e-05
-0.00040133359747156205
 0.00024190956913033856
 8.051147997076291e-05
 0.00021383664146799874
 0.00030739755486076936
-0.0005978258811946136
 0.00010155504743716848
 0.0006114710292181302
-8.557487264312935e-05
-8.089874913101702e-05
-5.2831891439772405e-05
-4.347762109183084e-05
 0.00025826082649503534
 0.0001389660588578534
-4.3483691062926044e-05
 0.00016703089322538112
-8.325198581482507e-05
-0.00010430566989971801
 0.00016702482325428591
-0.00011132693680085404
 0.0003190605487711218
 6.176044947718562e-05
-0.0005230099283243389
 0.0002348478357552114
 0.0003237306023121389
 0.00011087289795852495
 5.612570828816832e-06
-0.00030782529049500074
-0.00020022993659478405
 0.00024185291606675097
 0.00034944826996698153
 3.601040864316396e-05
 7.577263342394003e-05
-0.0002212917139744891
-0.0002166155904623629
 0.00021845004194544215
 0.00023248245912919907
 0.0002956354180891074
-0.00023065812426462107
-0.0005230443248272348
 0.00019037104431200713
 0.0006067240893765091
 0.00027691271412733087
-0.000378029866211535
-0.0005324107351173807
 0.00021141258845470967
 0.0003985364385639262
-8.79928556853371e-05
 2.19415716327942e-05
 1.726140147326194e-05
 0.00012251768195559176
 7.901061154225175e-06
-0.00029851957991584854
 0.0001763103005964356
-3.800375906429232e-06
-1.4633258122176418e-06
 9.911480783426907e-05
-5.2926987653661994e-05
 0.00037044327766456997
 2.8936535325832513e-05
-0.00024941522472930744
-0.000298537789829148
 0.00015991857675776155
 0.0005879669889118366
-4.3584857247910835e-05
-0.00019328757931794116
-0.00017691608871626963
 0.0002160462221691417
 6.166535326329603e-05
-0.00026346787515008074
 0.0004873726686757396
-8.804141545414035e-05
-0.0004599561122257262
 0.0003095970189433972
-8.103026517150558e-05
-5.764155431609019e-05
 0.00047566516164400385
-0.00027751850224713714
-0.0001956529559439535
 0.00034233190685194204
-0.00014887553423312272
 6.163905005519832e-05
-0.00010443718594020657
-0.0002985823029505452
 0.000716573537099266
 0.00020899258208881277
-0.0006517884590262479
 3.355802909806027e-05
 0.00021600373237144754
-0.00024011760744495347
-2.0246729485001724e-05
 0.0005879103358482352
 0.00014582343653929408
-0.0002939243893517185
-0.00010446146582460125
-0.00037813507904392585
 0.00028615974831917856
 0.0006416968845180115
-0.0003547504148359165
-0.0002962756027118374
 0.0001645198372929868
 0.00019726484182006065
 0.0002510615071083244
-0.00010915782257372997
-0.00027523405856913485
-4.600688693751076e-05
 7.328383405226513e-05
 0.00024871231707190855
 0.0002533884405840209
-4.367590681440825e-05
-0.0002892806390187852
-0.00014659918384990478
 7.561076752796159e-05
 0.00023232666320431583
 0.0002861233284925935
-0.00015362449739843298
-0.00014427022705049142
 0.00021126690914832769
 4.752974657083742e-05
 2.8815135903845213e-05
-0.00014661739376320426
-2.966574619134299e-05
 0.000510658190022481
 6.623221729562534e-05
-0.0002659182313714814
-0.00020744341924740228
 0.00010832946884693773
 0.0005036308531502498
-5.7748790472170186e-05
-0.0002986753758407318
-0.0001910800219405151
 0.000164457114258304
 0.0005737929390690899
 5.685569038697824e-05
-0.0004647597051309349
 0.00017146624121724963
 0.0005316815242518841
-0.0006706042358782249
-0.0002495730439778937
 0.0007141231808778653
 7.555411446437399e-05
 0.00010596004557351935
-7.882877776517472e-05
-0.00014198578337246137
 0.00018314339839349547
-0.000216840179393038
 5.916846059679515e-05
 0.0002486313841239124
 0.00015038827724794812
 0.0002252366032974018
-0.0002729880580414068
-0.00020281787882776847
 0.00024160404725168116
 7.318873783837554e-05
-0.0001747550677839299
 0.00010827079245963322
 0.00031878537674796814
 0.0001784389483495824
 6.673452646183131e-07
-0.00047182750847717114
-5.313538999472678e-05
 0.0006064812905325484
 0.000152699024134062
-0.00019582493845843318
-7.185607063282806e-05
 4.509557693904709e-05
-3.9113089429471115e-05
-9.759194820095629e-05
 0.00028367499559488196
 0.0005409710482414398
-0.000226247056157175
-0.000682368395973576
 0.00012694898330002646
 0.00039594040303614353
 9.887605563770052e-05
 0.00017606345510506882
 0.000220503826721688
-5.083071307972198e-05
-0.00036426857440353955
 3.3371883317687145e-05
 0.00037721365242694704
-0.00018416599119545907
-0.0001631163537579583
 0.00035615592169464805
 8.949952872905342e-05
 0.0001760432218680663
 0.00023919618082798855
-0.0002309595994958863
 0.00017837622531488573
 2.165628299112543e-05
-0.0001467590264221802
 0.0004380073047319383
-0.0001935445414278092
-0.0002005637850052422
 0.0005268860246414736
 0.00015029318103405853
-0.00023799502966292962
-5.0871179553727e-05
 2.3977146495754442e-05
 1.9296976336222182e-05
 0.00023448970746035858
 5.258489181356185e-06
 0.00010115847599202754
 0.00010115645266832451
-0.0005187000264018776
 7.30835250059847e-05
 0.000381839192846567
 7.307947835859252e-05
 0.000136232437318487
-0.00021696967210982354
 9.918426103872058e-06
 0.0001923641293772732
-0.000116395585110729
-5.792077298664988e-05
 0.00016896732522704572
 0.00020171232975411957
-0.00022400105562944694
 0.00018533476918132508
 0.0005736189332309072
-0.0001865819509139638
-0.0006029390426258718
-6.26151064120617e-05
 0.0007279896855182516
 0.0001128113532838787
-0.0004368729232489682
 0.00017362321550216941
 9.17536225515797e-05
-7.432261344382518e-05
 0.000299927110098297
 8.239125890883991e-05
-0.0004298678429374425
 6.601369833604542e-05
 0.00020167793325122363
-7.433475338601558e-05
 0.00010109372963362784
-3.2235478511027926e-05
 0.0002741811159116675
-0.00012346338845695137
-0.00025679259660160714
 0.0003887896434182081
-0.00027083108375645926
-9.072445390100048e-05
 0.00031159415065604157
 5.1954977944190794e-05
 0.00017592384576978204
-0.000247450466195856
-0.0002568087831912036
 0.00016656148212704225
 0.00014784687146005004
 0.00016655743547965007
 0.00010340042987234954
-0.0001328480086603967
-6.540067416890838e-06
 0.0001829228561102264
-0.00013753222546732113
-0.00022174089183582546
 0.00019929030006450577
 0.00040278766409909683
-3.6960161791929624e-05
-0.0003410417294441026
 0.00017589147259058913
 0.0004191530847296593
-0.0002217550551017189
-0.0005281756961718065
 0.0001875787463853501
 0.0002858178066139222
-0.00022878036865026097
 0.00013143491438438737
 0.00023903026828460405
-0.00013054535506909493
-7.674868978081728e-05
-4.400368525375731e-05
 3.0844640795696376e-05
 0.00012440555418843924
-0.00018903230713536445
 7.447836645482764e-06
 0.00032789887157563813
-0.00013290061507659212
 0.00010100470339084733
 0.00015947951551492645
-0.00034810143949552674
 0.000136084734688402
 0.00019923769364831034
-0.00025454457275017606
-3.467369479021043e-05
 0.00019221440342348517
 9.16322231295924e-05
 5.654409853722564e-05
-3.234271466710792e-05
-0.00021245339116997275
 0.00011033671717808335
 0.00027173075969026683
-0.00015632169911120042
 5.653195859502136e-05
 0.00030914986440575
-0.00013527610832109183
-7.914036961492732e-05
 8.693181973307151e-05
 8.459072299145387e-05
 0.00013137016802598767
-0.0001282690046858631
 3.780099755573696e-07
 0.0002904210904728505
-5.810287211963083e-05
-0.0002195009612791926
 0.0002202428179644278
 0.00017345932628248795
-0.00011658780086221121
-4.407854823064439e-05
 0.00015707974238601818
 7.52101494354146e-05
-0.0001446647751719432
 0.00011964849772834463
 0.00013835906174793078
-0.00016806157932215682
-0.0001633854558100306
 0.0002786973968515183
 0.00015940262921433634
-0.00020081670046770417
 0.00015238136231320032
-4.338580010559978e-06
-9.322539321487966e-05
 2.3726254356981613e-05
-5.346519175779274e-05
 0.00022722159506785577
 0.00011260497426651694
-0.00021720640098268906
 0.00013599166179821542
 0.0001570412992357162
-0.00035287872919263774
 7.516968296142346e-05
 0.00010791468748848343
-3.4770814327803046e-05
 0.00033947890921430524
 3.305826814423152e-05
-3.477688429889825e-05
-0.00033184123169734125
-0.00011898757399111948
 0.000517238372357065
-0.00010729625354895245
-9.092476294728091e-05
 0.0001593540694455331
 4.941559548000962e-05
 0.0003909182911713549
-7.923748915251994e-05
-0.0005844793707450585
 0.00010320619079717819
 0.000507863868772121
 5.174252895571996e-05
-0.0001985403500845001
-0.00018450793290071543
-0.00014942385495575472
 0.00023418216225799815
 0.0006201272528896656
 3.7695948506041854e-05
-0.0006687062470268623
-0.00015177304499215671
 0.0004142806988186726
 0.0001850494805396563
-9.096320609756903e-05
-0.00014476391803322497
 6.341159283718145e-05
 7.510493660302375e-05
-0.00026874087915361444
 8.91353304631054e-05
 0.00018035717043794752
 4.23498154574764e-05
 0.00033941011620851336
-0.00011905029702580228
-0.00012606954060323528
-2.0813260120933208e-05
-0.00042313591132536743
-0.00010970209664895592
 0.00042126554589320964
 0.00045868869725608497
 2.8297165036703098e-05
-0.00028981884312291595
-0.00016818904871523932
 0.00018266994064775055
 0.00014758181605538379
-4.422422753702637e-05
-0.00021030046353243126
 2.8283001770809668e-05
 0.00033937774302930657
-5.5927687921383806e-05
 0.0001054663545907858
 0.00012651599202828656
 2.0400413737464707e-07
-3.25450470370775e-05
-0.0004933445336893078
 8.908272404690998e-05
 0.0006340848070965355
 2.5923695115892542e-05
-0.0002992095332974565
 1.6563354796855778e-05
 0.00014521036945827626
 0.00018263352082115158
-1.151159618917319e-05
-0.0002430818878860902
-2.0871936508223832e-05
-3.724747375730142e-05
 0.00014987637635191509
 0.00027384524417750633
-1.8540956385107443e-05
-0.0001308185037685594
-1.1527782778769646e-05
 3.525166225576415e-05
-8.638217879933241e-05
 0.00011243703839942942
 5.6297253045858864e-05
 0.00012178928542368184
 0.00017090780387611637
-8.639229541783366e-05
 8.903618760180976e-05
-0.00032498183069218367
-6.0668557791909716e-05
 0.0005849136822279055
 8.902809430701153e-05
-3.9622967001801124e-05
-0.00020803827641512063
-4.196608706712179e-05
 0.000269128654191389
-0.00011682048308767068
-6.068474438150617e-05
 9.135300445903272e-05
 0.00016152318367267104
-1.624841941227917e-05
-0.00017998558198978332
 0.0001334482326866282
 0.00023870451316894414
 3.2864029069046286e-05
-0.00036244140188165797
-0.00017531755177245534
 0.0003205639895010326
 0.000336935480102718
-4.571262236019447e-06
-0.00023848062735086495
 0.00016617705062409172
 3.0508769061535213e-05
-0.0002104178163070125
 0.0002176305958470487
 0.0002761054079711278
 5.856955678167075e-05
-0.00020340868934808076
 8.867468649642607e-08
 0.0002246376994822774
-5.371406057286254e-05
-6.54114509861109e-05
 4.686204974992114e-05
 0.00011937130238147409
 4.685800310251509e-05
 4.919505319672668e-05
 6.0888396962596736e-05
-9.11533985253482e-05
-2.800043956543985e-05
 6.322140040940227e-05
 0.00026905783786190796
-5.8414463969383434e-05
-0.00025022050756180747
 0.00015677624383104993
-5.37423871046494e-05
 0.00024097884022845906
 0.00030647087260628203
-0.00024321340392657875
-0.0001473134171159074
 7.063405142532231e-06
 0.00023862965019205706
 3.980638634588918e-05
-8.884467496293735e-05
 5.617585362387156e-05
 1.4070508777774826e-05
 0.0003017745158571533
-3.505407964576879e-05
-0.00030404954602926415
 0.0002479697572741052
 0.00036024325801013724
 0.00017545443467144317
-0.00021517284944343185
-0.0003555192778418176
 0.00013100596976003964
-7.015636750404286e-05
 0.0002713463281873163
 0.0007251245479384105
-0.0003531903210424042
-0.0005964559798288804
-0.0001941373752718245
 0.00037893358879273475
 0.0009613608465289525
 4.210296996610963e-05
-0.0005099203799846658
-0.00030876208936797545
-0.00025730449749764017
 0.0001707439146564349
 0.00038827571919847204
 0.0002643028047254886
 0.00014032989025249132
 3.0391416286953965e-05
-0.00045613787796229543
-0.0006596392886442787
 0.00041165431343540004
 0.0009496391762312956
-4.680812312261862e-05
-0.0005426937110435126
 0.000166043511259914
 0.00022919647021982237
 2.335598611992451e-05
 0.00014498578052760114
-0.00042341108334853494
-0.00026903426109008144
 0.00012860619663113138
 0.000282983018889571
 0.0006104512740734702
-0.00015208868348931537
-0.0003345384334101087
 0.00012157885975890015
-0.00010765235852010224
-2.578681221690471e-05
 0.0001800496252355871
 7.946744494169433e-05
 0.00013560318364787272
 2.3325636264434624e-05
 0.00011688654965717749
 0.00012156267316930369
-0.0006854196793337902
 4.203013031292557e-05
 0.0006829342234969116
-2.416311274802685e-06
 0.0001917247590881438
-0.0001778508642655413
-0.0001942264015146189
 0.00018937961569913397
-4.9207896251526884e-05
 0.0002852775791861023
 0.00011920134319069742
-3.9857672550977497e-05
 6.0720461095509215e-05
-4.775617929692055e-06
 0.00019638267268697052
 7.00706847960586e-05
-0.0001825512676620622
-0.00021296124541859973
 0.0001963745793921723
 0.0003788202826655457
 0.0001074857428641357
-8.665937414620295e-05
-6.794881012660292e-05
 0.00032735257417670915
-8.19872972814828e-05
-0.0004398675535456087
 0.00012384711684731986
 0.00021039080998634663
 0.00038581929300599005
 0.00023611657093595972
-0.00038607898155214315
-0.00010773126814439538
 0.00020804161994993076
 0.00012851110041724179
 0.00016359517836221638
 6.301299806833749e-05
-0.0003276142860465514
-0.00013581228910153342
 0.0004793619964854473
 0.00020101023643030735
 3.0255853599073235e-05
-6.330910644107568e-05
-0.00031359198548129574
 0.0001542206747772723
 0.0002407643679162852
 0.0002033371699060038
 1.3870199731494393e-05
-0.00037207893754756527
 0.00016590592524833025
 0.0003132655272530399
 2.3218400108340753e-05
 8.871043248616373e-05
-0.00020601484149436466
-0.00016625261671357472
 0.00039044483342561
 0.00015653546831079224
-0.00012181629174434772
-5.632425936653862e-05
-0.00011948126497385303
 0.00012144127374731639
 0.00010740480991615342
 0.00024072997141338925
 9.102724934337281e-05
-0.00025281856641329314
 0.00010271856978553984
 0.00013078542747677058
 6.295027503364081e-05
-0.00039083199136485947
-0.00014055315897204546
 0.000813786772212069
 0.00041146412100762086
-0.00021540957831631125
-0.0004189109889982806
-0.0003604361768742015
 0.00010035926313062271
 0.0004208102980607642
 0.00025005591522955783
 0.0004067718109059121
-8.911377701499579e-05
-0.0008727053953389852
 0.00021963986750189735
 0.0004629014796409814
-0.0003113338450113634
 5.122051144118567e-05
 0.0005751709337296074
 0.00031319268759985586
-0.00033473267248528005
-0.0004867744679732111
-0.00039555262799838287
 0.00028511571329012386
 0.0007903535482352564
 0.00041609977804575593
-0.00029264149090507674
-0.0006832687750199518
 0.0002640539359104188
 0.0005026374012136736
 0.00017048695254656687
-0.0002505482860011704
-0.0007019914789817422
 0.0006593472269189327
 0.00035292658584884506
-0.0004517166932363481
 0.00033654902527607833
-3.302659807762065e-05
-0.0001616776593864333
 0.00022894557808104954
 0.00038098332692158843
-0.00023419500531278448
-0.0005452937932186874
 0.00031782227466688184
 0.0004254176285671124
-2.6348302343687235e-06
-0.0002529177092745749
 2.7769077551073607e-05
 0.00020553663398864552
 8.390279293354896e-05
 0.0003458769924159222
 7.454245261449832e-05
-0.0007441352669781548
-0.0003231040750778097
 0.0008861948586586371
 0.00042305629858849225
-0.0006131552488699149
-0.0003535201228054563
 0.0005259694590054875
 0.0005283065090996991
-0.00028803213707505326
-0.0004120050515480367
 1.136521377020916e-05
 0.00013767315501371502
 6.515985573475602e-05
 0.00035988108306789224
 0.00017041411289338282
-0.00040967811807232635
-0.00011729596415711863
 0.0003809246505342839
 0.00028268154365831966
-0.0003769391835163616
-0.0003582286194967754
 0.000273319180015566
 0.00046746025037851247
 0.00014700516880096492
-0.00039332281406025127
-0.00020619896395104864
 0.0002616136963075194
 0.0001259454147449629
-9.626858328030952e-05
-7.05407990069934e-05
-0.00015007131853966849
 0.0004370340860323646
 0.0007457897538729608
-0.0004190708315705699
-0.00047053247008831123
 0.00013528552182701103
-5.060906571360824e-06
 0.00010019537391094124
 0.00016334833287083572
 9.785225384563445e-05
-5.652861506021123e-05
 0.0001422906021385506
 0.00020544356109844508
-9.395985971788479e-05
-9.396188304158781e-05
-0.00023664738485788817
 0.00015397585260959468
 0.00029899638119641747
-3.0814994052788536e-05
 8.379758010115812e-05
-0.0001594680786853181
-0.00020625157036723019
 0.000287290897488357
 0.0004369895729109674
-0.00015947617198011632
-0.0002623974256919098
 0.00026389207001444037
 0.0001633098897205476
-0.00012439816400623693
-0.0002904744000016418
 0.0001633038197494524
 0.0002849336141571429
-0.00014779699148015357
 0.0002568606864948031
 0.00020539904797706177
-0.00018055008930201177
-0.0002437070949093123
 1.5928031155132416e-05
 0.0005468956736973118
 5.3349159194332474e-05
-0.0004729443831594238
-6.126948493073714e-05
 0.000486071671536803
 0.00035274246339217497
-0.00016419478528992282
-0.0001057199731658437
-0.0002764743559970778
-9.636772614159128e-05
 0.000581961541728987
 5.800707279314532e-05
-5.427047459029277e-05
 0.0003597434970563085
-0.0001571937516257893
-0.0002952011066062604
-1.4514319780598028e-05
 0.0003457009632540503
 0.0001538949196616124
-0.0003302953011697224
 0.00019833326795452855
 0.0003082676952726737
-0.00015019271796165579
-0.00022738416407643014
 4.3946329077587665e-05
 0.00037375365767937374
 0.0002684933305496795
-0.0002414266978786883
-0.00015956115157550466
 0.00026147004032482657
-8.23757754318255e-05
-0.00012214204686000762
-0.00011512684992998068
 2.989367865681436e-05
 0.0003830917414377327
 0.00011175720163632274
 4.1582975775278364e-05
-0.00018998731592165252
-4.496678733482973e-05
 0.00023338092607290417
-7.537878841508416e-05
-1.9243049708919657e-05
-5.1992100883385683e-05
-0.00014087891408770536
 3.6888642349852674e-05
 0.00017723102410083236
 0.0003456422868667458
 0.00024973825340869615
-0.0003093023167958092
-0.0003677811755672944
 0.00014681295304948272
 0.00028481626138256166
 5.3245969685644656e-05
-0.00010815211947394487
 7.663265721734314e-05
 0.0001725326440280145
 2.2829921957998045e-05
 1.581067838055117e-05
 5.791197657925573e-05
-8.477352523701687e-05
-2.863778653085236e-05
 0.00010000922813056812
-3.331998001408765e-05
 0.0002099416321249964
 0.00021695682905503721
-0.0001970611892389701
-0.00023214931383133686
 0.00017250836414360593
 0.0002730864977901065
-0.00012221893316059773
 0.0002356572764561221
 9.764992147565099e-05
-0.000140937590474996
 0.00020992139888800776
-0.0003163721434657485
 2.0452405389781436e-05
 0.00024032328334974706
-4.270662354122212e-05
 0.00034323846709044536
-0.00012457823981551486
-9.885045554219873e-05
 0.00022627872622378586
-0.0002462161275180036
-0.00018540224197600985
 0.0003666170613273595
 0.0003385461569887227
-7.638732185843988e-06
 2.042812550538675e-05
-0.0003023660294900754
 0.00010463072190279588
 0.0003455532606239653
-0.0003889178159238865
 0.0001397107532003644
 0.00028707035520508795
 8.356894452309083e-05
 0.00011397487563223618
-0.00024858352746771895
-2.6373576089824824e-05
 0.00016776749427310778
 0.0001092886355016226
-0.00011058628910574908
 0.00012799717619750572
-2.9929585292215455e-06
-0.00015971290085298184
 0.00047417397207728806
 1.5713558842958553e-05
 7.886651780288079e-05
 1.6750716881064331e-06
-0.0005760780858596881
 0.00025663002759303277
 0.00040866777643357166
-0.00020417148238288663
-7.552446772146615e-05
 0.0003361504305072205
-4.0442413100194585e-05
-0.00017377162124483647
 0.00021685161622264637
 0.00013498202327204278
 2.7382622724420047e-05
-0.00014804990694261555
 0.000158366687480066
 3.907191984288405e-05
-0.00011764802248087625
 0.0003057222428373835
-0.0001901633450835244
-0.00011297594561614221
 0.0002098141627319139
 0.00016536974446790254
 7.180478442775362e-05
-0.00018783438828411103
 4.607093018331454e-05
 6.244242078501383e-05
 0.0001887503620285197
-1.7090122071378167e-05
-2.6448439066725782e-05
 0.00023786483383356205
-0.0002135783591470236
 2.7344179574131933e-05
-3.065798182419477e-06
 1.61032532970673e-06
 0.00041562429697632186
 2.4997012861419088e-05
-0.0002580328940295501
 4.8383700393131446e-05
 0.0002495419910098218
-2.41316222095167e-05
 6.47511443474108e-05
 6.474912102370778e-05
-2.1798618762697286e-05
-6.858211044462326e-05
-0.00018085965782807523
 0.0002916311492663082
 0.00020040526264408776
-4.753854297821769e-05
-0.0001527988701079258
-0.00010134127823759054
 0.00048810319975235716
 7.876332829419297e-05
-0.00041244411279088566
-2.6499022159218177e-05
 0.00042727919759186217
 0.0002120824198203336
-0.0005083542162200444
-1.9489895200286433e-05
 0.00030330021314776967
-1.013764817603402e-05
 0.0002635319183958845
 6.231819101934488e-06
-0.00013411460929643737
 5.067016739486452e-05
 2.026018963831311e-05
 0.0001278555435385298
 6.235946451331464e-05
 9.042632220455926e-05
 6.235541786592247e-05
-2.419232192051035e-05
-7.097581360243632e-05
-4.0569882493290965e-05
 0.0003126281802876274
-1.718319496156473e-05
-0.00014817332968830588
 0.0003126221103165183
 7.637367178378596e-05
-6.631183003250052e-05
-1.4854238162151367e-05
-1.719533490376901e-05
-0.00013181195570512172
 8.530426045857964e-06
 0.0005605497293492273
 0.0002821979692940735
-0.0003844399781343377
-0.00029789628499532483
 0.00010208324614381648
 0.00021669582029776313
 0.0004389057716756295
-0.00017861163397664415
-0.00039848655858400195
 0.000539479858674724
 0.00025644995178375485
-0.0001061084513161864
-0.00031194893541608426
-9.441713087403325e-05
 0.00036637830913079095
 0.00013012987059805858
 0.00014182321436391476
-0.00021137889506439578
 0.00016754897531352786
 0.00040613244061679654
-0.00039851083846839663
-0.00038915656812045507
 0.00019093161619784804
 0.0006072846612623639
 2.251428346083939e-05
-0.0002839063576092482
 0.00013946390770899764
 0.00015115725147485382
 5.75922914347049e-05
-0.0002815753774861318
-7.339986661573927e-05
 0.0003873955733890849
 0.00017219879561755635
-1.4929101139038448e-05
-0.00026989012701507387
 0.00011839403703449436
 0.00046457487956168275
-0.00023714916913541995
-0.0001552836228322224
 0.00021896610070988587
 0.00042246346474447694
 6.458320848033716e-05
-0.0006839223085749746
 2.7153987146352754e-05
 0.0004692368398078878
 0.0002563791354542738
 5.287772477229058e-05
-0.00030032438465601996
 0.00010199421990102209
 0.0002891180700102247
-8.2796626761375e-05
-0.00020209139439854307
 0.00011835964053159842
 0.00023297221468555895
-0.00013660340866812615
 5.5198588276891836e-05
 0.0001721502358487531
-0.00019742538750491812
 0.0002236058043954131
 0.00015343157853436873
-0.0003681838169835444
 0.00021658251417058794
 0.00028207454654839703
-0.00022784548187997078
-0.00023252565203948916
 0.00032417179809969554
 0.0003569168026267694
-0.00015534229921951304
 8.090209266582715e-05
-8.985229016540697e-05
-7.815894639953691e-05
 0.0003311768784112351
 0.00014872712849045566
-0.0001740670265050065
-0.00010857499412718352
 0.00034988137245972606
 0.00010895478709116446
-0.00020682214765056772
-0.0002419102722429206
 0.00010660964370215464
 0.0004995719545875521
-2.2043440930374913e-05
-0.00011093025413470847
 5.514193521330424e-05
 0.0001931452435463693
 0.00019080414680476554
-0.0003097595879519577
-0.00013900925176812962
 0.00027500471987847164
 0.00035453119276375455
-0.00015772790908252787
-0.0001857988134211508
 0.0002983873607627918
-1.972864739685498e-05
 0.00030773960778703036
-6.417508898455548e-05
-0.000529652722472615
 0.0003966183276965657
 0.0003662083499400143
-0.000253648129130174
-0.00045013231955842725
 0.0002749784166703739
 0.0005837340845109562
 1.7676294052720865e-05
-0.0003659337698084242
-0.0003963437475649756
 0.0004270080722161007
 0.00045741400332524607
-0.00020922394410316514
-0.00030278890414331405
 0.000363844996637705
 0.000541612553075263
-0.0006092135918607938
-0.0006396235696173452
 0.0003872276375220113
 0.0008573793711984801
 1.5310917426722415e-05
-0.0008057058755838453
 0.0001486340556002691
 0.0006562109639633162
-6.890381891289099e-05
-0.0003308820650426425
-7.592508581401314e-05
 0.0002187961415191092
 0.0002421848523745107
-0.0003519418190986445
-0.0001765133360790011
 0.0007614530811797249
 0.00023048139199015327
-0.0006279605757069789
-0.00021862475089620692
 0.00019071107391457898
 0.0003871912176954123
 0.0002936262576552773
-0.00046423555307169295
-8.764675611167005e-05
 0.000724009696579847
-3.619118756501005e-05
-0.000637335079291923
 5.736770250402978e-05
 0.0006561684741656221
 3.39729216775192e-05
-0.0005484583827060907
 0.00020004308770182888
 0.0006631776011245538
-0.00016953455897557312
-0.00042449558485159467
 9.71157640189263e-05
 0.00012986076854598627
 0.00024915148953576216
 3.1615638346318975e-05
-0.00022100631411180183
 0.00023277190563927852
 0.0002584996899126085
-0.00031925346763517215
-0.00020931904031705473
 0.0006233890731356662
 2.4584254826667817e-05
-0.0004619450394225816
 0.0002982517980749111
 0.00012749741524367697
 0.0001017655843229548
 7.603375340221874e-05
-0.00018594449272753277
 0.00016023634979964174
-0.00010642004316595288
-4.092801078814379e-05
 0.0003917985482017605
-2.45585435101614e-05
-0.00015320960481897405
 0.0003146030554395801
 0.0001602221865337483
-0.00045027799886480924
-0.00020467731330782446
 0.00028886515454774886
 0.00038710421477633483
-1.1839959206394468e-06
-0.0003777768395280545
 0.0002631272536559315
 0.00046662461769050867
-0.00038480012975289357
-0.0005134511910617201
 0.0005180781629134656
 0.00042685227629121747
-0.00024212474455509447
 0.0001414812726586584
 5.812991096088016e-06
-5.032679425748254e-05
-0.00022575932392451814
-7.606064850189387e-05
 0.0007426130244433532
-0.00021640910022398263
-0.0005181515944582271
 0.00041747574938258425
 0.00030285912858123154
 1.2812001436532383e-05
-0.0002608616117827922
-0.0002468291945990214
 5.257017956993015e-05
 2.9177422067108716e-05
 0.0001905714645792922
 0.00031921847924071267
-0.00024683931121752267
-0.00029596187631736326
 0.00012039116874715261
-3.398970015869307e-05
 0.0001484560031146942
 0.00024201691650743706
-8.265962532769122e-06
-0.00015562961118487095
-0.00019539588261306695
 0.0003145200991678948
 0.0002513630935605804
-0.0003310682108230295
-0.00012055362653470847
 0.00032152922612682655
 9.46370812657249e-05
-0.0001673411648640405
 0.00026772446754377843
-7.378227479498678e-05
-0.0004012545766262643
 0.0003004654254234185
 0.00016713621727879047
-8.080758834351498e-05
-4.806258381645501e-05
-0.00013694939702078857
 1.5088351819750323e-05
 0.0002747234778842089
 0.00030980755582916963
-0.00020245154601709892
-0.00020947078959453191
-9.953636227640061e-05
 2.9110652385019864e-05
 0.0001858265480613741
-0.00014164575376991728
 7.120790393633225e-05
 0.0002185675059410419
 0.0004431165307368229
 0.0002980919555026218
-0.0008036136476572975
-0.0003124102532196249
 0.0006068435766958119
 9.926262168535871e-05
 5.247913000344662e-05
 0.0003612347978440289
 0.00012498635931128266
-0.00038259459569917054
-0.0002656429481272954
 0.0002887154285939747
-2.2383359311928253e-05
 0.00010860272876740684
 0.0004501054244587521
-2.2389429283023454e-05
-0.00029372396908443343
-8.320938479612627e-05
 2.204689568618967e-05
-0.00022355783651818728
 0.00043371977059118716
 0.0005764012257600676
-0.0004738447622058134
-0.00022824407664881474
 0.0003261143000724692
-6.919113087824891e-05
-0.0002493018073811276
 0.00023254529338491425
 0.00024657771056868505
-0.00010896347227754011
 5.009149681672875e-05
 9.687094185126255e-05
-5.049270680085316e-05
-5.751195037828616e-05
 3.3709889596555964e-05
-0.0001721305945033419
-0.00010196041528970357
 0.00037286946522259445
 0.00026994821151078707
 5.942958057507386e-05
-0.0003265195567039858
-0.0003405560205351488
 0.0003424513941712448
 0.00028397253539975964
-0.0001323845563121484
-3.737541650727927e-06
 0.0001833863084584747
 5.7074320567562786e-05
-0.00038969072557717976
-0.00023765297673665475
 0.0007798419367310572
 0.0001786980450041581
-4.819409985694356e-05
 7.577476796866156e-05
-0.0009300288250568972
 0.00031669528336612796
 0.0005646350423410135
 0.00012254814303208628
 0.0003096719931412889
-0.0003920520555557999
-0.00027276133456602403
-0.0005464349477853347
 0.0004710599656823772
 0.0007938500740304333
-0.0006212913671296144
-4.8220403065027395e-05
 0.0004874253863129535
-0.00010436221174230098
-0.000579196138902005
 0.00015293181758053997
 0.0002114066297046191
-0.00021898490251476277
 0.0006675218995499249
-0.00010437435168450526
-0.00034530093705306686
 0.0003119766700563076
-0.0004084599659840704
 7.806528161777293e-05
 0.00019033878235383273
 8.507845522411073e-05
 0.0002885758192586879
-0.0002002925484084761
-3.1881285642548773e-05
-0.00031491119253351796
-4.1241625961599415e-05
 0.0004920650899984808
-7.633177387765533e-05
-2.7213255425220795e-05
 0.00018564040228100098
-0.0002891935248787031
 8.973434549923442e-05
 0.0002698409753547071
-0.00042252677967073715
 0.00018796935908041434
 0.00024176602436866423
-0.00016289570025367073
 0.00013416460049735235
 0.00016924867844232694
-0.0001956487980755428
-0.0002517885834290995
 0.0005201036211579246
-1.5546214867462327e-05
-0.0004155297926540097
 5.930008785830221e-05
 0.00024642393796750484
 0.00011075565640494833
-0.00020502127833678385
 0.00015051585786204913
 0.00012478402694131308
 0.0003633674922445679
-0.00022608103239278587
-0.000983942843119756
 0.0003657004956913873
 0.0007750363205021593
 3.588709711847826e-05
-0.000392165361682989
-0.00010446135460358275
 0.00043820165502812813
 2.4183636734120828e-05
-0.00013955352584336944
-0.00019101516436111077
-4.599463577430185e-05
 0.00038439284979767396
-0.00011850995837696388
 1.013705628447048e-05
 0.00011071518993095719
-0.00021909618531824882
 0.0003422794116567651
 1.0128962989658374e-05
-0.0005980321489909707
 0.00040776739738718204
 0.0007539482399143566
-0.0005933600721262505
-5.3036135912440385e-05
 0.00026507582559980036
-0.0006214350231122934
 0.0003773473030121294
 0.00021828828727048222
-8.813235379960538e-05
 0.00024635312163800993
 0.00012004113374709802
 0.0002089239003040394
-0.00041327165218407735
-0.00029164185777638685
 0.0002276304176762195
 0.00020189858675549732
 5.4534938103381614e-05
 0.0003328826515111294
 6.154811170971941e-05
-0.00047644079773358217
 0.00028609511318181124
 0.00011767980376849174
-0.0005372627765703741
 0.00010130224319571113
 0.00048023011357364864
 5.451672819008213e-05
 0.0002884220466575077
-4.606747542749978e-05
-0.000705688202602181
 4.047419438782396e-05
-7.648149983144337e-05
-4.1397421886482655e-05
 0.0008404312333423897
 0.00025566085554086515
-0.0002893452741561803
-0.00041799633546499293
-0.00047413612081857737
 0.0003164686711117637
 0.0005012534478030517
-0.00021918318823734018
-0.00025427131282970694
 0.0006649825170857437
-4.375875186508893e-05
-0.0005396443397859829
 0.0003164545078458564
-0.00037357417376167323
 8.956033966106558e-05
 0.00039831600750164786
-0.0002542874994193034
 0.00019013442666016012
 0.00019948869700810168
-0.00025897171622622783
-0.0002706691066394762
 0.0003304707384400307
-4.846117858529897e-05
-4.020806968693669e-06
 7.550566591658925e-05
-0.0002543057093326029
 0.00023923675852298432
 0.00021116585418434752
 4.976776502477187e-05
-0.0003712674735229654
 0.0001129187006609772
 0.0003819101203970804
-0.0003993424245089944
-0.00021455764781770637
 0.00044271995929168195
 0.0005245855055948656
-0.0003011094342515175
-0.0005280015791126191
 3.571309128030942e-05
 0.0003889111540612139
 0.00020646140414043446
 0.00021815474790629064
-0.00011399570076081611
-0.0004929276177861458
 0.00010821222729336111
 0.00017838240650699944
 0.00012692076798924423
 0.0001386141117551143
 0.0002485485390732456
-0.0003058138842954444
-0.00041341328484306716
 0.0005315703526694165
 7.310993943508703e-05
-1.7424332617727023e-06
 0.00019941585735490375
-8.361404953606544e-05
 9.883165373732183e-05
-4.8531994914793875e-05
-0.0002824413600296255
 0.0003748362470797628
 0.00032805275539782297
-0.0004344872021649626
 0.0001689917163324589
 8.712212338185532e-05
 1.9286970938739434e-05
 0.000510490365376412
-0.0005514509896790282
-0.0006754239041520255
 0.0008519890144203651
 0.0005432292999323629
-0.0006239703589290685
-0.0001327669644914098
 8.944298688648433e-05
 0.0004473191965032042
-0.00010002600661174199
-0.000925720946458139
 0.0007163065695919152
 0.0005689429209397995
-0.0005631706366529821
-4.389836120037571e-05
 0.00038181097753578475
-0.00022868920786275893
-0.0003854091501865192
 0.0006905625987289749
-0.00010706346010247447
-7.665752899331524e-05
 0.0004519710401309357
-0.0005000338642826702
-1.8186763516642168e-05
-8.602191595975806e-05
 0.0002203946784629096
 0.00032565095894522555
-0.0003409869884831995
 0.00045195687686504227
-7.199759207079937e-05
-0.0003994698939020769
 0.000248451419535653
-0.00017960103926581428
 0.0003092632817539437
 0.0005829328483258622
-0.0006216919852221614
-0.00048368867688909634
 0.0003700710973248422
 0.00017124783347867434
-0.0001585635417705178
 0.00022972062227905043
 0.0005384762901196605
-0.00023108088769686896
-0.0005796048502893503
-0.00016792995206066363
 0.0004799913613770801
 0.00022035218866521544
-0.00028956783976315237
 0.0002016355546745202
-3.2273810440297535e-05
 0.00017356262701219427
 5.894600621084156e-05
-0.00048372105006828925
 3.55512253843171e-05
 0.0005641797945085819
 0.00036769560408032864
-0.0004205741610794761
-2.0594629940348663e-05
-0.0001469066178312467
-0.0004182411576326567
 0.0005524722874768323
 0.0006717630084665943
-9.07769490961774e-05
-0.00043462276485284335
-1.1252499534597504e-05
-0.0001890241026195616
 0.00031153558548976945
 0.0006928025292856077
-0.00023113349411306439
-0.0006334561453174986
-2.529907998426173e-05
 0.0005922142790206197
 6.358166324896275e-05
-5.805217780611993e-05
 4.486502925826752e-05
 0.00014076501606895275
-0.000224132460448917
-0.00042763387113090023
 0.00033724111320238004
 8.22800873263585e-05
 0.0002787602311072057
 0.0002085860052461752
-0.0005141897042121313
-5.105519078937859e-05
 0.0005243548466930953
 5.887721320504968e-05
-0.0003083593367307347
 0.0002179301589756294
-6.0421601079524434e-05
-0.0003200607737913752
 0.00011734393203433058
 0.0005032890226659981
 0.00018283394108845052
-0.0004908212265937045
-7.680725494710328e-05
 0.000297442468595005
 0.00016879140728619235
-0.00026861734518693337
 4.481646948947815e-05
 0.0005430370841808807
-0.00030838766326252154
-0.00021950489670559403
 0.00016176204709024422
-0.00017506654841267788
 0.00010562023841298451
 0.00046349644802971823
 2.140954872077716e-05
-0.0005446482417374721
 0.00020853137550629064
 0.00048687908891402454
-0.0004206834205592591
-0.00044407617806208055
 0.000318459732853299
 0.0004845319222013117
-0.00017274973155545492
-0.0001353265801925796
 5.647541675243839e-05
-0.00015638228760117556
 8.220117770206536e-05
 5.646934678134319e-05
-0.00012598040313943626
 8.921232798471401e-05
 0.000273997104676002
 8.219106108356411e-05
-0.000247620314165628
-0.00021253623622063955
 0.0002435810569483554
 0.00016405053741566644
-0.00022423767328130784
 0.0001453339034249712
 0.0002669636978326756
-0.0003248239002225928
-0.0001751252247999685
 0.0004868305291452213
 7.982973110497171e-05
-0.00048622805935326363
-0.00011665648264698458
 0.00040963301305935174
 0.0004634296783476294
-0.00023361622351364408
-0.0006944157101658743
 0.00014764869695849114
 0.000411961969858779
 3.069097941553467e-05
 1.1976368748542465e-05
-0.00023596743687376298
 0.00017102931451909442
-0.00012603503287932083
-5.820392708359712e-05
 0.00045171205469736464
-0.000264046434507198
 0.00018739271182599548
-9.329812164707296e-05
-0.00034592007410519376
 0.00018270849501905717
 9.61607552326521e-05
 0.0003534568078791961
-0.0002500261572656315
-0.0001938904185594531
 0.00016398579105728062
 7.275990443503244e-05
 4.936714693222488e-05
-0.0003693290181975978
-5.589520352117239e-05
 0.000351101547871685
 0.00010549681566729419
-0.0002313317798356418
 0.0003347219639752014
 7.040464442753525e-05
-0.0006687445789561458
-0.00015882859717518405
 0.0004048860732177445
 0.0007066245208046107
-0.0003225698064000665
-0.00046525530821636685
 0.00021775210649004062
-2.1228181173171823e-06
 8.675994843961032e-05
-0.00022901698630212186
 0.00013821551698625645
 0.00022709828354319783
-0.00021498861576574324
 9.844519891066827e-05
 7.505244140784684e-05
 2.539142128901717e-06
-0.00022669207615010067
-2.1430513543196916e-06
 0.00010077415571008164
-4.425041952413333e-05
 0.00031128671667469965
-0.0001050703750372084
-0.00020331348191318654
 1.889646946467982e-05
 9.374479551414738e-05
 0.00010309906586208895
-0.00025712026381995157
 0.00010777316605051213
 0.00014987446424923057
-0.0001331554426417525
-4.1933602666910375e-05
 0.00015922468794976607
 0.00018261339880518146
-0.0003881225384888831
-0.00028286625800656717
 0.00022471065035647997
 0.0004773285561671947
-6.861664664126188e-06
-0.00033199489307750296
 0.00010073166591238747
-6.534457008301742e-05
 4.926800407094312e-05
-7.236583698415344e-05
-1.8569171695889675e-05
 0.00029486464298052184
-3.9624879104485644e-05
-0.0002361090695327389
-9.576668778175923e-05
 0.0004866605699544446
-9.57707344291514e-05
-0.00025716882358874094
 0.00010304645944589352
-0.00022910398922121322
 0.0002901682862313931
 4.7993059225232004e-06
-0.00017765044399825625
 8.666282890201771e-05
 7.496543848875548e-05
 0.00014513561770240768
-0.0004560082740245053
-0.00017999963403467212
 0.00045856538573141314
 5.624273452697892e-05
-0.0001870229242594973
 0.0002199738271333601
 0.0001264088670932112
-0.0002618793436037492
-0.00012387603527068414
-2.0958828206296687e-05
 5.3889497843157e-05
 0.00017318021883294676
 0.000105345066389817
-0.00018470206075488216
-0.00032972663598908325
 0.00029012579643369896
 0.0002246297174084977
-0.00047709433128859113
 0.00032052768089545214
 0.0002760832626314408
-0.00045838781391639716
 9.830963622278754e-05
 0.00010064668631699913
-0.00018706136740979928
 4.6843951057640165e-05
 0.0002573585353459612
-0.00033442906270930717
 3.0464367161156525e-05
 0.0003953577970316341
-0.000264262930143061
 0.0002409749048020715
-0.00018941662741731036
-8.416034693500829e-05
 0.00010998072342795207
-0.0004911631682989609
 0.0004257515881985613
 0.0002830660863822748
-0.00010990027115051482
-0.00016604005650408538
-0.00023387520894721514
 0.0001894950563710307
 1.6401600121895843e-05
-0.00014265741561977907
-7.950445665987071e-05
 0.0003602393225837497
 0.0002596571422898708
-0.0005520033570490523
-0.00018009270692485868
 0.000442098798915852
-4.676956875129812e-05
-7.717954650784953e-05
 5.6145614989386305e-05
-0.00018244189696127455
 0.0001356700645509662
-4.911875878771399e-05
-8.420688338009463e-05
 0.0003415024553560658
 1.6369226942689052e-05
-2.345383724289274e-06
-8.421497667489286e-05
-0.0004350780126852888
 0.0002830155032897824
 0.0002736571862944487
-0.0002666707965667675
 0.00018242927634849748
 1.167489351727724e-05
-8.890728677660165e-05
-2.341525439879255e-05
-0.0003134623815434917
 0.00027130394961062676
 0.00032743968831679127
-0.00033919825911161994
 6.982583415554577e-06
 0.00018007199301728338
-8.190625311248201e-05
 0.00010287852357881988
-0.00014272620862557095
-0.00020120506739705613
 0.00010988967386145465
 0.00010053135686612091
 0.000133276361393167
-8.425948979629005e-05
-3.9819118179670876e-05
 0.0003157180180191621
-0.00023396625851369868
-0.0005099789451509379
 0.00032740731513759835
 0.00022682513484373334
-0.0002573650859876153
 0.00010518927046493376
 0.00039523235096224074
 0.00017535742635486906
-0.0005520964299392389
-0.00041643219502408846
 0.00034610371589130495
 0.00030399837104519434
-0.00010300242699506912
-4.218854145307538e-05
 0.00021744658461138322
-0.00022230124127964324
-0.00029247546714067374
 0.00010282591716262446
 0.00015896165586880284
 0.0001659768527988298
-0.0001474610085249739
-0.00020360079387854446
 7.240784611127482e-05
 0.00013556080507118318
 7.240379946386877e-05
-0.0002059479605912573
-0.0002246625712582495
 0.00013555271177638495
 0.0002852513871990092
-6.327257539347209e-05
-0.0002620958392396261
 0.0001332055450636721
 0.00011683000781459452
-2.1177347165862725e-05
 1.3906730779097987e-05
-0.00031824371788800876
-3.287878422653101e-05
 0.0003273364988081173
-5.627356505302772e-05
-5.6275588376730745e-05
 0.00025248007946385154
-7.733129578532671e-05
-0.00018726976975086407
 0.00017060643986585577
-0.0001966301100699147
-0.00016388510554285474
 0.00014954870913357066
 0.00021504074151137975
 0.00040918181187431235
-0.00022470910770334973
-0.0004211932981315891
 2.3228627947846636e-05
 0.00028520282743021985
 0.00022438489524082006
-0.00016858146229196957
 6.847020727673847e-06
 1.8540364493530026e-05
 2.789463484147159e-05
 9.80648140551238e-05
 9.178000850790236e-06
 0.0001565376028554999
-0.00032531354455793415
-0.0001662585754636653
 0.0004021342417650925
 6.062749942634116e-05
 0.00022436061535642537
 7.231881986848043e-05
-0.0005194687781867602
-0.00020369589009243405
 0.00028750750434522465
 0.0004044591519170998
 1.6170941220125523e-05
-0.0001732960289543839
-1.891920669594427e-05
 9.147650995286472e-06
 0.00015884632641792462
 5.826414612403186e-05
-0.00011950745696093223
-2.555809389070962e-06
 5.357992931710742e-05
-4.934132439468608e-05
 0.0001331043788786873
 0.0001892401175848657
-9.846793614193272e-05
-1.4263316420820571e-05
-1.6604413162424336e-05
-2.1284583321956596e-05
-6.338992816806721e-05
-4.2340290730552566e-05
 0.000224312055587636
 9.800006769672409e-05
 4.186028234315353e-05
-9.848614605521833e-05
-0.00022479813394613024
 6.524494655116286e-05
 0.00012138068525732737
-9.38160925142012e-05
 4.418721581886387e-05
 0.00017283423048028435
-0.00010083938273904025
-0.00012891028707767704
 1.3771168091217256e-05
 0.0001611307700959269
 0.00012838171892147476
-6.576339808886389e-05
-5.1730980905093094e-05
-8.21409586616445e-05
 6.05404965072498e-05
 0.0002757332276313862
-1.6652972931213705e-05
-0.00016167754816542868
 0.00015643441334681207
 0.00010731184824697149
-0.00021080415991266144
 3.479652564432334e-05
 0.000472201231470043
 4.3845245640689035e-06
-0.00014531819750593367
 6.51963867823735e-05
-0.00028566664922802243
 0.00023828377306039927
 0.0003107930256919522
-0.00021316144324386166
 9.3255151178806e-05
 0.00013067830254168133
-0.0001359780904238994
-2.838273652366885e-05
 0.00022189609586913128
 0.0001002622548140486
 3.008802895300422e-05
-0.0002552809513558657
-0.0001242948632765306
 0.0004043337058477203
-0.0001289770567597659
-9.155390539687669e-05
 0.00022421898269744944
 3.007386568711079e-05
 0.0001821116145276358
-0.00018044678857231933
-0.0002552991612691652
 0.0002359042331685074
 0.00010959224527759548
-2.139788944914567e-05
 0.00012128356571974863
 4.327871500481306e-06
-0.00012900133664416058
 0.00014700730334567258
 4.3218015293861045e-06
-0.0002038577559884125
 0.0002452423169268525
 8.85223746030922e-05
-0.00016409957785501472
 8.989831746714083e-06
 0.00011892425906484538
 0.00014699111675607612
-0.00013369971671697845
-3.546065648840635e-05
 8.850821133719877e-05
 0.0001259313627000741
 0.00013294655963010105
-0.0004003642029773574
 9.31782648782159e-05
 0.0004276637403158312
-0.0003489106577544282
-0.00012436163295861946
 0.00019842847538943664
 7.211648749851085e-05
 4.872372999570329e-05
-5.419752371609021e-05
-9.396379514428621e-05
 6.976932078581188e-05
-1.677841900060706e-05
-0.00026472222462289863
 0.00010952749891920965
 0.00010250825534176278
 4.40293965702776e-05
-8.462166473854893e-05
-0.00030683566276380747
 0.00017501143800222052
 0.00011185443239490611
-0.00013842844664530007
-0.00015012583705854843
 0.00021242851939400065
 0.0002404953770852314
-0.00035830944122376696
-0.0001010133885772091
 0.0002966270691440176
-1.4471718761899233e-05
-0.0002975016256528684
 9.078253839672756e-05
 0.00010481495558048448
 5.335331706272928e-05
 0.0001656268177987752
-0.0003092071093609289
-0.00010804881874423855
 0.00013755186681274623
-2.3846222346843304e-05
 0.00012585245307578097
 8.608618164759885e-05
-4.2564879661227684e-05
 3.228344638823988e-05
-0.00016186167062211265
-0.00022735774964731392
 0.0004392761511337051
 0.0002077058594367881
-0.00037238637152892107
 6.735740771471321e-05
 0.0001539011008537261
-0.0001221115857835131
 4.396060356448572e-05
 0.00011646985619605255
-6.59798937247269e-05
 8.371878169788349e-05
-5.6627646700488365e-05
-0.00015954890041229575
 0.00012347695983128126
 4.1607366880691554e-05
 6.519242288310911e-06
-0.00012447089243841636
-4.026627271730421e-05
 0.00013750128372025383
-6.132198012591406e-05
-7.301937053917629e-05
-7.068232044495082e-05
 8.135542839557419e-05
 0.00027081835192269144
-0.00011980893219219746
-0.00028120702135175923
 0.00015151953763811732
 8.602345861290217e-05
 6.496977452799535e-05
 0.00017256512842821203
-0.00011748199871647325
-1.2225718234171179e-05
 7.19789014869271e-05
-0.0001362006560308715
 8.819872555937414e-06
 0.00024038611760544837
-8.006896397209917e-05
-9.644450122117676e-05
 0.0002006157995298602
 3.453956353445531e-05
-2.6278368654944484e-05
-0.00020872811857572393
-6.370758998891501e-05
 0.0002590825183591411
 8.598906211000623e-05
-4.26619991988203e-05
-0.00015961769341807375
 0.00012106909340757477
 4.1538573874899676e-05
-0.0003023072418817663
 9.533321583944654e-05
 0.0001608252482172695
 4.854770083383142e-05
 6.725826485341757e-05
-1.928947493300137e-05
 4.1524410609006246e-05
 4.097212598710986e-06
-8.478960060562257e-05
-5.906181633229257e-05
-3.333403205896257e-05
 0.00015145074463232544
 0.00012571891371160326
-0.00035379316028391616
-7.544544687616839e-05
 0.0004180970209794188
 7.191213180483824e-05
-0.0002157959219219463
-0.00010118334776799964
 8.126235550538763e-05
 2.0444423316001714e-05
-0.0001292582987540286
-2.9503575105227497e-06
 0.0002543456951360351
-2.1666991501204103e-05
-0.0002813061642130549
 6.487467831410576e-05
 0.00010229782967699497
 1.3411016472661408e-05
-2.4016181537619974e-05
-0.0001199202149956835
 4.048652829921617e-06
 0.0001350347409092567
 4.044606182515564e-06
-5.677332600687035e-05
-1.4672027808165788e-05
-6.613366632590711e-05
 0.00015841535846987387
-8.485030031661622e-05
-0.0001316337919985422
 0.0003759431163645188
 7.420062213026046e-05
-0.00018076040374577496
-0.00024157833593517475
-1.9368384557280627e-05
 0.00041569724785051054
-0.0001059181476674026
-0.00018544866720009157
 0.0002659904791331019
 0.00017476459251085374
-0.000157385856156253
-0.00035153097316659165
 0.00019347110988304772
 0.00015604391187276634
-0.00021119263806301802
 5.078156141935519e-05
 2.5049730498619138e-05
 0.0002519378287123286
-0.00011295964780554113
-0.00036558160026366193
 0.0002800006397561533
 4.6091274641335556e-05
-9.191608033913556e-05
-5.215385555834562e-05
-0.0001340234485089492
 0.0002682951560481067
 0.00010923614030644568
-0.00018782820709199732
-7.087655952013605e-05
-7.063803064838448e-07
-1.2403770719746077e-05
-6.854355607331664e-05
 0.00011390214720005676
 0.00012559549096592681
 7.647292586608623e-05
 1.6205531692264907e-06
-0.0003773113638561171
-4.984310867223174e-05
 0.00038288345031767257
 0.00010920983709834797
-8.259620649408994e-05
-8.727637665360832e-05
-1.9445270857870733e-05
 0.00013259247798265428
-4.050097826648058e-05
-0.0001247096446349849
 3.4345324459283955e-05
-5.220241532713499e-05
 9.749626009548928e-05
 0.00022614327475690976
 5.3049818507774904e-05
-4.051514153237401e-05
-0.00032822319525917243
-0.00031419077807540163
 0.0003009835075115652
 0.00028928611709831686
-5.222062524043447e-05
-8.029152957907126e-05
-0.00019023000354460862
 9.513493011688301e-05
 5.770773210660163e-05
-0.00017386255959031538
-5.451296824415808e-06
-2.1826834073479517e-05
 9.512481349838176e-05
-7.792199596817762e-07
-0.00012241306101477833
 3.894880228741404e-06
-2.417602410989539e-05
-7.329858920973598e-05
-4.5231731518505236e-05
 0.0002190815413817826
 0.00024247025223719798
-0.0002651107027732552
-0.00024640013875366906
 0.000148901245549643
 0.00010445682728563166
 0.0001863223735888292
-0.0002160002776156189
-0.00019495064017811814
 0.000378120323886455
-0.00025343152227329246
-0.000124784507611872
 0.00029156853745263
-0.00019028260996079016
-5.695744846354045e-05
-3.356873760813894e-05
-0.00029788605715581895
 8.57199600579478e-05
 0.00022840141522682822
-0.000279179539783625
-0.00012714179094308609
 0.00018863109715124005
-0.00013650213126212285
-0.00020667635712316723
-0.00010375915005877978
-1.955453033766763e-05
 0.00010675341090585211
-0.00012715595420897952
-0.00011546261044312334
 0.00017224139663625515
 6.165160640864142e-06
-0.00023710049814561207
-0.00032832638476786025
-0.00019500122327061054
 0.00022369089521181995
 0.0002962001478433729
-0.00016226026539095662
-0.0003072848406251577
 8.333839684233901e-05
 0.00010438803427983978
-0.00026986573590967455
-9.677632630793187e-05
 0.00022835285545802497
 1.7834224522325637e-05
-0.00012719035071187546
-0.0001529221816326115
 0.0001184083115214063
 9.501555401859874e-05
-0.00017397991236489663
 3.419559850549592e-05
-0.00019503561977350647
 6.693857970886674e-05
 7.62928500568083e-05
-0.00041725366444618495
 0.00016517359329003278
 0.0003850444712499984
-9.21285293276064e-05
-0.0004967902539499691
-0.00012487960382576158
 0.0003522893501044372
 4.119056219854811e-05
-0.00018570158266255354
-8.27843755981661e-05
 9.264410742147733e-05
-5.705861464852524e-05
-6.17387848080575e-05
-4.5367294206385966e-05
-9.448985930622655e-05
 0.00018619692751944972
-3.1338923670007346e-05
-0.00027226550903856894
-0.00010619331969057011
 0.00021191864182167064
 0.00020723847166215226
-0.0002746126757512818
-0.00012959214716448675
 0.00018618074092985326
 1.0748211262803786e-05
-0.0001997704196729233
 2.7117678540772294e-05
 0.00029377002485896087
-0.00012024799343503256
-0.00025591627499758907
-0.0001296083337540832
 1.775126825062645e-05
 0.0001885016044344684
-4.7746834098277846e-05
 5.283129954819499e-05
-7.815883517853228e-05
-8.517807875596528e-05
 5.9842449830843636e-05
-0.00041733055074677505
 5.7499329765522966e-05
 0.0003849675849494083
-0.00010390078271775571
-0.00023255184402658224
-0.00024892738127565983
 0.00017912103087840137
 0.00025864750376369816
-0.00021618642339599203
-0.00012262551000324917
 5.046389959849351e-05
-7.58480882924184e-05
-4.076401034744381e-05
 7.618763722441746e-05
-2.907268990529066e-05
 8.320081083075526e-05
 3.6417319148829286e-05
-0.00039163513965263796
-6.650595788666724e-05
 0.0002703185909688627
-7.352722478780327e-05
-0.00010861534938017003
 0.00017207143744547848
 0.00010891443183819183
-0.0001600810345453174
-0.0004454500148542012
-0.00017178044828228267
 0.0006328587841555045
 5.978377344355301e-05
-0.0004407799613131702
 6.679694704987693e-05
-9.46011421097126e-05
-3.379302134856599e-06
 4.807828973549255e-05
-6.18601842300448e-05
-1.7419812613425623e-05
-0.00017881790177300128
 9.719073821683188e-05
 2.233836551995827e-05
-0.00023262266035607715
 9.484559482782207e-05
 0.0001322687461906974
-0.00029578371261076986
-0.00020924001947175697
 0.00021179117242857426
-6.188244079073646e-05
-8.761427171145864e-05
 0.00011588309232311855
-5.7210363926016305e-05
-2.4465359398956332e-05
-0.00021393232957346575
-0.00016481381112103122
 0.00017668888457031406
 0.00028194516505263
 0.00017902391134082263
-0.00034493055759500513
-0.00031218555306794515
 0.0001135237856682153
 0.00017199859779229443
-3.1502812889688814e-05
-0.00014845850710895614
 0.00019538326200031764
 3.866331967655734e-05
-0.00034026859734878623
-6.192088394103845e-05
 0.0002561910775712023
 9.479298841162664e-05
-0.00029349522228534763
-0.00020929060256424936
 0.00020004522224652266
 0.0002304511533556819
-0.00010637744214724021
-0.0001040403920530425
 2.6945696026292598e-05
-0.0001250960994616246
-9.469016835249311e-05
 0.00017897939821942543
 0.00011348331919421029
-0.0001672075142788304
-5.813471766660805e-06
 2.459245934248455e-05
 1.7573215765051553e-05
 6.201358738165685e-05
-0.00014850504355404248
-0.00014382892004193015
-8.301503449993641e-05
 0.00023743600043020507
 0.0002444511973602598
-0.00019529662853076668
-0.00024441919363060727
-9.939866504381223e-05
 0.00011579406608033804
 3.860261996556369e-05
-0.00013215176286567043
 0.00010643170243758437
 0.00026782574494976785
-0.00012514061258302178
-0.0002935559219963413
 0.00012513619648607532
-4.561818634514492e-05
-0.0003473606805794033
 7.834865815675718e-05
 0.00032161027029582734
 9.471812543472569e-05
-0.0001953290017099596
-0.0002608250807351886
-4.5632349611052225e-05
 2.687690302050072e-05
 0.00011108152274161287
 6.897617789551613e-05
-0.0002514789036820453
 1.049529580032793e-05
 0.00014849860413340688
-0.00026785848757851505
-0.00010880351848424619
 0.00015784882783394238
 5.72666475400635e-05
-5.734997326128921e-05
-0.00032400636622688384
 4.790428389730983e-05
 0.00045724010870808185
-0.0002889263349293153
-0.00026787669749181453
 0.00022566577036377267
-7.841579728840031e-05
-2.6958205418051162e-05
-1.230421144721161e-06
-7.140464700576554e-05
 2.215626638697732e-05
-0.00011819016201138066
-0.00017199087394705048
 1.045482932633679e-05
 0.00023266478070420316
 5.723225103716756e-05
-0.0002445102431970908
-0.0002211215323416893
-5.5049342993690464e-05
 7.12585982498154e-05
 5.7222134418666304e-05
 2.4473083244200278e-05
 3.382735359214184e-05
-8.54674140450401e-05
-0.00011587739180156376
-1.2960184737176306e-05
-9.716885110568063e-05
 0.0001203629534363565
-3.1678842051560685e-05
-0.0003006743084350699
 0.00029812646322652236
 0.00031215888041029316
-3.6365082182188146e-05
-0.00038722811819258407
-0.00043401160987451004
 0.0002747256124289166
 0.00026536729543358284
-9.95301810842869e-05
-0.0001486527461841275
 7.82353520295681e-05
 0.0001530836780790218
-0.0001837449174239003
-0.0001252701052998073
-7.849066026528739e-05
-0.00012527415194721336
-4.340860564401583e-05
 0.00022324374067417274
 0.0002980920667236264
-0.00013229946549575544
-0.0001439968559090038
-0.00033814197291934245
-0.0001814260772429882
 0.00044544357543353785
 1.2712969796255247e-05
-5.9800329482689873e-05
 0.00017878313582055105
-2.4718274861432188e-05
-3.1737518438865187e-05
-0.0002633078101357683
-0.0002375800258624522
 0.00010392266982889309
 0.00013666767435595306
 0.00019982063331586142
 0.00012964640745481704
-0.0002025040412122897
-0.00013935108225238135
-5.982460936708456e-05
-0.00014169420231768814
 0.00018109590603036796
 0.0001998064700499541
-0.00023994135584105847
-0.00025397781967222144
 0.00018576595957139896
 0.0002793268729641418
-0.00016276002634478537
-0.0002703594268924081
-8.791372361902083e-05
 0.00016002603535586468
 0.00028633397659937054
-0.00020955161132150957
-0.00020721456122729798
 6.177685850879133e-05
-2.7109954695542227e-05
 3.370393084646539e-05
-5.9861029193683524e-05
 0.00011088930699013066
 7.814025581567852e-05
-0.0002048896510752768
-6.454726932431099e-05
 0.00014128916812818082
 0.00015999973214776697
-0.000244661992474568
-0.000277411043649034
 5.941350520649591e-05
 0.0002629108692410731
 0.00015765054211136498
-0.0001768389799736425
-0.00010666880076000418
-7.392379623295808e-05
 2.8993410831443245e-05
 9.682451662718083e-05
-1.7792104174171874e-05
-5.989744902028249e-05
-0.0001441061153888007
-4.3527981742300104e-05
 7.576273924747579e-05
 0.000344754158983579
 0.00020674680400310785
-0.00047860373076859253
-0.0003756865237042051
 0.00028159108340516936
 0.00023012944488741416
-0.00010669915061549406
 5.574350120537974e-06
-0.00016751910612859688
-2.717672437763108e-05
 0.00025584913586594593
-0.00017220332293552132
-1.7826500677067814e-05
 0.00015292383550674638
-0.00028448491696636546
-4.82405250810114e-05
 0.0002956012440282485
 4.765743840594305e-05
-0.00018391285329098783
-0.00032893742852517505
 4.297322159901862e-05
 0.0005037686616038428
 0.00017161821293673607
-0.00023772165852142813
-0.0003827462337556292
-1.0835583631435552e-05
 0.0004733505905524932
 4.7637205168940544e-05
-0.00027515694982650774
-0.0001090847604785089
-3.8914581264870574e-05
 0.0002066861042921142
 0.0001482072455206429
-9.505841326584719e-05
 5.4640262156777086e-05
-3.1907477629641856e-05
-0.00024008703514744045
 0.00013416268839466783
 0.00015989047266798395
-0.0002658229127155687
 1.9542020945922944e-05
 3.591351154759448e-05
 4.2928708477621424e-05
 0.00025110421934802785
-0.0003874648470654496
-0.0001488813817621948
 0.00037740811394414153
 0.00010607357414273155
-7.871524919596251e-05
-0.00022373982443014973
-6.2080198881125925e-06
 0.00015986416945988624
 0.00012009789803169024
-0.00016293200885926507
-0.00013486515116803433
 0.00015751700274718727
-0.00016059900541245953
 0.00011307056115947289
 0.0003703666138060169
-5.5346771577549636e-05
-0.0003266813113789596
-0.0001699654157025915
 0.00017621542682458302
 0.00034462668959049647
 0.00019726304093838076
-0.00042025436471390676
-0.00022143514751514493
 0.00019257882413145633
 7.5623129912189e-05
 3.819593190190762e-05
-9.513327624273427e-05
 0.00014345018906052054
 8.731040370694998e-05
-2.9645290512317346e-05
-0.00013256654422411085
-0.00024016594477173359
 0.00021361227497936064
 9.197843392426408e-05
-2.7316333712903984e-05
 0.0001130260480380757
-0.0001489521980916897
-0.00024251715813185248
 0.00012003719832071047
 0.0002112590382955526
 0.00020190072130020498
 2.6468191633155502e-05
-0.0004624001760340085
 7.324561334398627e-05
 0.0002276224356024259
 9.429322745778401e-05
 0.00018551506743262614
-0.0002518936850404857
-3.670095391634931e-05
 0.00027439378734216147
 0.00010130033109301273
-0.00031505676061888144
-0.00021915677380822396
 0.00036093141051007915
 0.00033286050617144236
-5.0749557689702685e-05
 0.00012467892532994074
-4.3736384083378765e-05
-0.0005630127061833912
 6.853509332896413e-05
 0.00045681925737854623
 0.0003538980036667527
-0.00041799824756769133
-0.0004764771063391765
 0.00048488004509868177
 0.00026266604707340935
 0.00022991699589894332
-0.0005817435034399798
-0.0004226885343456971
 0.000646265994316067
-0.00017007265185868536
 0.00040767645904170313
 0.00013868099265822165
-0.0009630246105017115
 0.0004450955637571863
 0.0002673239606722222
-0.00029873382978599927
 0.0003164404558009676
-0.0005022372637916855
-3.442460353313137e-05
 0.0005480026542030864
-0.0002519624780462776
 0.0001667296404361529
-0.00012565656012646087
-0.0005373355050025536
-6.484469790817016e-05
 0.00034449112690261574
 0.000693011042847691
-0.0006449409755212715
-0.0007689138899942688
 0.0007538208817422926
 0.0002719697343288585
-0.00033853045106969903
-0.0002847337857814214
-0.0001771384318812047
 0.0003678636511684208
 0.00017371853415808214
-0.00027070743856877355
 2.9621280031588704e-06
 3.102898569440349e-05
-0.00014206447055474525
-6.400235639594798e-06
 0.0001900799081412663
 2.6342745563776027e-05
-0.00037364083222275746
 0.00020410827867763104
 0.00035146788068235457
-0.00010465345913406032
 9.959115019900211e-06
-0.0006098973640503019
-0.0002286304202544498
 0.0007186922906759208
 0.00016666894072515925
-0.00021928019655391429
-0.00018653519202684044
-1.1106709007197013e-05
 0.0002485284170572477
 4.736607979317908e-05
-0.00027308900178436846
-0.00023566585042147925
 0.00016899182755346354
 0.0003724891915880546
 6.840762393588162e-05
-0.0003339150272685526
-0.00035730778477137404
 0.00010816580206927939
 0.000262542624327719
 0.00011985712251143255
 7.5795751279944534e-06
-0.00027778940518088935
-0.00026375698799711855
 7.072848744049676e-05
 0.0004309437704751451
 2.8913116736639655e-06
-0.000565505552202486
-0.00015383065397379936
 0.0003490681075534463
 0.0002882501753640465
-0.00028014668851210345
-0.0004228321903283899
 0.00014556062690036786
 0.00042390834030810176
-1.8050450754508729e-06
-0.0004953515595784441
-0.0003596873246632798
 0.0002601651077595163
 0.0003630823148239176
 9.880205395607078e-06
-0.00015853510401769855
-0.0002661345045653213
 2.1569502514057204e-05
 2.8584699444098027e-05
-1.8198792237814065e-05
 0.00014085617685644092
-0.00023573666675097416
-4.393466980595617e-05
 0.00026482099803464
 9.640568862133436e-05
-0.00010709572206064888
-0.00048602763908599245
-8.604810794686502e-05
 0.000487022856117722
 0.00012212537959985226
-0.0004275588969330085
-0.0002918946620178581
 0.0003700610919273595
 0.0002905305723946705
-0.00011647022564559295
-0.00030593719582011625
-0.00031061736597963463
 0.00019462046896551177
 0.0003606926583135106
 2.6203136228489243e-05
-0.00038781488206551806
-0.00019133473828465697
 0.00016420239791416213
 3.5551336605335604e-05
 1.68367259383434e-05
-0.00012350970246002846
-0.00010713821185834305
-8.899151629770952e-06
-0.00010948133192366372
 5.892993084226361e-05
 6.594512777229056e-05
-0.00016562516392462645
-0.00010948942521846194
 2.149666286087315e-05
 6.359796105957771e-05
-0.00011417364202538638
-0.00020306045522971994
 9.633891893924551e-05
 0.00020159519942154758
 1.212822924702428e-05
-0.00029897055865887867
-0.00015395003007208363
 0.00016884007827598635
 0.00017351620178811256
-0.00019605942156557254
-0.0003808482449042666
 0.0002740902887872071
 8.46233186126838e-05
-0.00013525160599468788
-5.8064206527305706e-05
-0.0004790994450750291
 0.0002506894379895874
 0.00041676162733758626
-0.00017970411755349747
-0.00012824652568313444
-0.00020075982496209344
-1.5975048270805425e-05
 5.0745891666953424e-06
 4.015866711166993e-05
 5.185201087752611e-05
-0.00027094214411793605
-4.2897977997474745e-06
 0.00015944331813033674
 0.00018984924923949598
 9.738572736631146e-06
-0.00032942909618421945
-0.00010020192455260923
-2.5353598503141672e-05
 6.352916805378583e-05
 1.4406602953945247e-05
-0.00017038222038474882
 0.00011966086011255817
 0.00028339397604265626
-6.512998654983893e-05
-0.0004206711693960502
-0.0002382254661226768
 0.00010327722956868235
 0.0003137918138570034
 1.4388393040645764e-05
-0.00036922167082051316
 4.2453227408187355e-05
 0.0002202207838457454
-0.00020783167495572186
-0.0002873621944884108
 0.00015472065817313807
 0.00026465508549126937
-0.00010959868469824496
-0.0001329914422010664
 1.670723322157175e-05
-0.00018211603062459614
-3.2417355201971865e-05
 0.00022721777086247286
-3.242140184936404e-05
 9.679896349340522e-06
-0.00012131023837740063
-0.0001563983629697674
 0.00037223020615448354
 0.00012896454736800733
-0.00037861640764244586
-0.0004745204411005094
 0.00019679160651633887
 0.0006341963123420585
-7.220588319085952e-05
-0.00028506358754448735
-0.00020787618807711905
 5.87761582410834e-05
 0.00034414109190256115
-0.0001283537618392283
-0.0004160618155660267
-7.689819329258218e-05
 0.0003534892922794075
 0.000119579927164562
-9.327777718906582e-05
-0.00020321625115460318
-9.795997067227336e-05
 0.000316054000974314
-0.00017515344011075074
-0.00021491971153894673
 9.851410313747866e-05
 2.7099626150051126e-07
 7.278024889303958e-05
-9.563506052027992e-05
 5.874176173818746e-05
 0.00011019935360852273
-0.0002406636824018732
-0.00010733852090462348
 0.0001616528988314797
 3.5340910940567793e-05
-0.00024301084911458604
-0.00011904198128898091
 8.679445616352477e-05
 0.0001335739011980447
 1.1940060142948128e-05
-0.0002219693049718835
 9.848172995827187e-05
-1.3795817425166224e-05
-0.0004745953040773965
-5.122503875915063e-05
 0.00042828298858896274
 0.00025285045892192715
-0.0002500523492527107
-0.00014479606877040863
-0.00016351067943740083
-8.866235338791939e-05
 0.00026921385622880045
-0.00021497636460253433
-1.381807398587176e-05
 0.00019669651030246316
 5.167193506824819e-05
 5.6348058580374394e-05
-0.0003319401521165999
-6.810970350643042e-06
 0.0002598413759675594
-0.00010505610055031034
-0.00021031642768001846
 9.142201990683385e-05
 0.0001124716573443485
 3.2941137811659527e-05
 7.270336259244947e-05
-0.00036236631646274775
-2.788084102513244e-05
 0.0002972483407408383
-0.00010741338388151056
 2.3572704197810657e-05
-1.8532640648272203e-05
-3.9586324733179024e-05
 2.1227560808800838e-05
-0.00020098643721647158
 0.00012414274454951302
 0.0002410943921213743
-0.00029455544390401267
-0.00023841970519784816
 0.00023407110189653524
 0.00013816706843848559
-9.808137009426066e-05
-0.00012615227443289745
-7.001653572673294e-05
 0.00011710731438248356
-9.808946338905888e-05
-0.00023843589178744462
 0.0001942906672024458
 0.0002621217729981834
-3.7281647818174224e-05
-0.00034370228888824794
-0.0003273307982865764
 0.0001685507429869254
 0.0002995368310662605
-9.342952646654301e-05
-0.00022441966119327028
 0.00018257709019958712
 8.667305674153747e-05
-0.00027354627294050304
-0.00016361184562238562
-0.00013788406134905562
 0.00018022790016318513
 0.00023168549203353428
-7.473514903655332e-05
-4.1990144509493343e-05
-1.860143365406408e-05
 2.1160791126711986e-05
-0.00020339228031647505
-8.176248590878454e-05
 0.00025272298952884464
-4.577109765105392e-06
-0.00013556724449184654
-2.7971890591629855e-05
 0.00010301419748771912
 0.00013342012859686447
-9.815016310005253e-05
-0.00028761713327457583
-0.0002057515869713783
 7.025705301845486e-05
 0.0003041623714858943
 0.0001123563278934564
-0.0001402656245646644
-0.00011219876687341979
-8.413190918218905e-05
-0.0001496279882074042
-9.349224950123969e-05
 0.0002199415651751857
 2.813552158276167e-05
-3.736055744246736e-05
 9.596460405478235e-05
-9.116329270181245e-05
 2.3449281452134207e-05
-0.0002315117444239012
-0.0001402899044490591
 0.00020589093807811543
 4.917099575436901e-05
 4.6829899012751364e-05
-2.5683400266207634e-05
-4.439801093319984e-05
-5.3756327928533576e-05
-7.714908543135501e-05
-7.949018217295878e-05
-9.32000295932045e-06
-1.633924653675345e-05
-0.0001145823534127316
 0.000112305744800964
 0.00014972889616383933
 7.955467030280883e-05
-0.0002175096770956203
-0.00036019517891192065
 0.00022924929907802705
 0.00029941947829167925
-0.00016605815519636635
-0.00012161778357976105
 0.00011462660830557914
-4.911055427191113e-05
-0.00016372717507326384
-0.00012630402371037464
 1.1699284622676553e-05
 0.0003157768056274435
 0.0001660740835574409
-0.0002058406132141588
-0.00023391151755280948
 4.671947750445327e-06
 9.823286114321594e-05
-0.00011462484321042576
-4.4454663996787436e-05
 0.0002806745177691833
 5.378237290809551e-05
-0.00021989124031122909
-4.4462757291585664e-05
 9.35405510414794e-05
 0.0002666299606432082
-9.826751587463378e-05
-0.0004093663037805506
 0.00015200929319446332
 0.0002572655736767654
-0.000131022637020195
-6.085245780655668e-05
 0.00019878266825788804
 6.779253353116077e-05
-7.723204170304032e-05
-0.00017079700174318924
-0.00019418975924601067
 0.0002876573415200173
 0.0002712818042709536
-0.000252672664664888
-0.0001614508246900459
 7.479356719529429e-05
 0.0003040207388269184
 0.0001589961635927034
-0.00037899274585059817
-0.00019186889574139554
 5.139271639767462e-05
 0.00010518938168595227
 0.00017302048748167598
 0.00020342641859082133
 2.097666867002801e-05
-0.0003158519268328802
-0.00029480228939537945
-0.00022229303676384038
 0.0005449210209873684
 0.0005308845571562054
-0.00035796536497378906
-0.0003369157275362883
-0.0001427746571733557
 0.0004466698208166059
 9.580678480620997e-05
-0.00043516490438336164
 0.00016597494069614527
 8.64444211634563e-05
-2.4423920408633837e-06
-4.9225883722789354e-05
-3.0515319703203203e-05
 0.00015660853040599942
-0.00011004786255958132
-0.00020595189601764485
-0.0001357817168040204
 0.00023612893332017326
 0.00022209246948902417
-0.00018958647538706852
-0.00016151961769583778
 8.642014127906161e-05
 0.0002595095508808043
-0.00018257734842813678
-0.0001825793717518398
 6.769946064097421e-05
-5.861252724992383e-05
 8.406892791895659e-05
 2.199334968353006e-06
 0.00015891523064470725
 0.00010511451870905131
-0.00020832334261475238
-0.00019896907226681082
-0.00020364924242634308
 0.0002992495191008887
 0.00032965545021004794
-0.00021067253265116825
-0.00011711161925841151
 2.0891689074639674e-05
 9.194298661405198e-06
 1.153134875560291e-05
-0.00018495284167265036
 3.491803628731527e-05
 0.00020800744588905795
-9.607412176311503e-05
-1.7413495244367194e-07
-4.4618553216468904e-05
-5.16377967939019e-05
 0.00024542250395714893
-9.842331179951702e-05
-0.00031362008957105947
 8.635944156806796e-05
 0.00028283958534892906
 4.893022023409743e-05
-7.270362082099913e-05
-2.1246028950649976e-05
-7.036859405047668e-05
 4.479731998976999e-06
-1.891302550383056e-05
 3.254456636650471e-05
 0.00010271474558015692
-0.00015926350054960847
 2.3182202723764922e-05
 0.00022901864017625673
 0.0001144020193749179
-0.00016161066726232132
-0.00034873856401893
 0.00017053371143367635
 0.00024772111090104465
-4.900841557062274e-06
-7.039692058227742e-05
-0.00015694466036869636
 0.0001284202732927675
 5.824604743175088e-05
-8.677852780246409e-05
 0.00010502346914256777
 3.7188316699438007e-05
-0.00014526143322134144
-6.105681350022929e-05
 6.992927457909193e-05
 0.00016816833480766402
 7.460337476752898e-05
-0.00029965039542198535
 1.3783419254426166e-05
 0.0002032463427815434
-6.10709767661366e-05
-0.0001406014962988117
-8.68048310105618e-05
 0.00015411770771060762
 6.055274767044483e-05
 9.797589903334791e-05
-5.8744043290412384e-05
-5.4067919778300055e-05
 0.00011902148982342875
-0.0001873991512466311
-3.0683255570276846e-05
 3.948692364336148e-05
 0.0001821683788122419
 6.287361117507384e-05
-0.00025056425014874373
 0.00010965103288589073
 0.0001868384323532729
-0.00013829479606008999
-0.0002014518016674044
 8.157405857615874e-05
 7.92329618345411e-05
 0.00012133426003324566
-8.684529748455294e-05
-0.00020847913853963562
 0.0002219083470323402
-0.00015234542315717414
-0.00025526667686895377
 0.000221902277061245
 0.00035990558539431006
 0.000175116762055616
-0.0004587741575220461
-0.0004681324745173937
 0.0002897252895621705
 0.00022656828395485606
-0.00025060471662273487
 0.00010727149299399885
 0.0003341595912076806
 0.0001704224286301903
-0.00014301543269362726
-0.0006903606358085596
-0.0002903811046694321
 0.0006335508720818339
 0.00029906134999681255
-0.0003512030835062241
 0.00012596587042398855
 0.000294377133189902
-0.00021554289523846581
-0.0004775211413682312
-0.0002272423089754172
 0.00040898363737275345
 0.00032477497100423525
-0.00021321393843905245
-0.0001711126402403479
 0.00023354503773460877
 3.238270047052627e-05
-0.0004284167861816901
-9.860945757989015e-05
 0.0002382150912756259
 8.98387299662351e-06
-2.3765178177842516e-05
 0.0002475653149761753
-4.014273875060925e-05
-0.0003114772785520331
-0.00015008323603984963
 0.00018440223939777955
 0.0003504744287457784
-0.00021324428829455622
-0.0003161655420063497
-0.00016412779316581083
 0.00015398416834642992
 0.0004814524235303014
-9.863980743539391e-05
-0.00020156106114718741
-0.00018285049712760126
-0.00010566309766023296
 0.0002030925701803632
-0.000145431392412132
-0.00012204268155670273
 0.00014227059134357123
 0.00010484339333328985
 9.314600292002762e-05
-0.00011269448117985637
-0.0003582992133842472
-8.930779364814401e-05
 0.00030365451723725345
 0.00010015310655527021
-7.294034969386465e-05
-0.0001384364287190798
-4.253644190842232e-05
 0.00013990926136496495
-0.000171189526540938
-2.616899795414296e-05
 0.0001656329989908889
 9.779784654775914e-05
 0.00018901968652260126
-7.295855960716413e-05
-0.00028581626396079196
-0.00034429512273227714
 8.141421600388332e-05
 0.0004743765268892808
 0.0001071399769535103
-0.00022501047171359645
-0.00024138600896267404
 0.00015157630192272342
 0.000385481620390149
-0.00015016821563523797
-0.0005314392060784684
 4.63099048219201e-05
 0.00041822055494611377
-6.830873930313563e-05
 6.539586746331927e-06
 0.00010945679381071938
-0.00030456122448327405
 2.5246104118512025e-05
 0.0001749447795411363
-1.2183117215458505e-05
 0.0001281592645355073
-0.00023439913856444783
-0.00033732039227624133
 0.00011645782747486677
 0.00030592075100197014
 0.00020533857070809125
-4.494430833212881e-05
-0.00027885367344694656
-0.00016891924612881526
 0.00017726159639834538
 0.00012112181104477482
 1.5861483915080576e-05
-9.875513688627213e-05
-1.6889590583088476e-05
 0.00038542901397395357
-5.4318811917072884e-05
-0.00039582555425581034
 4.8596371823639295e-05
 0.0001678870928134013
 2.0523444161285598e-05
 0.00013513601831526
 0.00010940418739452396
-0.0002227462612725828
-8.942109977533308e-05
 0.00014448421869210637
-0.00011749402743765902
-6.837550898522449e-05
 0.00023570201201952856
-9.410936322964969e-05
-3.5634551105570567e-05
 0.00021230520786932883
-0.00023445983827544148
-0.0002414790818528606
-0.00019469963681834068
 0.0003315898588880095
 0.0005374262963405013
-0.00041925675490893377
-0.0003958680440535045
 0.000149134038996121
 0.0005233837625382293
-0.00012454159754690663
-0.0005549331297662746
 0.000186551120387915
 0.00017017558313882353
 0.00015380004588974594
-0.00024384445847887293
-0.0001081802235637086
 0.00035495428985901634
-3.567299425587256e-05
-0.0001502896150572114
-0.00017836051939584818
 0.00040172766492245493
-3.1002940714841554e-05
-0.00036783153621777753
 0.0002473427493692032
 6.95711462842391e-05
 5.787375587099075e-05
-0.00027895483963194523
 0.00019119689404453744
 0.00039703333149702924
-0.00037720199315531555
-0.0001666874088669945
 7.189605643626029e-05
 0.00021925565844096995
 7.890923004258421e-05
 5.551647253977665e-05
-0.00023920880144073786
-0.00046844001971975413
 0.0004437965899419527
 0.0004040303185137567
-0.00021348708713851694
-0.00020413281679057538
 0.00016309968649780293
 9.760360747258778e-05
-0.00017840907916465143
 7.654790006399181e-05
 4.847699572535502e-05
 7.88829268344865e-05
-7.549794207135918e-05
-9.655162615625212e-05
 0.00023793384928136319
-5.331809505113028e-06
-7.082788853032818e-05
-5.335856152505203e-06
 6.951246989694848e-05
 4.611971239414092e-05
-0.00014802540461619773
 3.2081225239274924e-05
 0.00017008453357234
 0.000130318262144144
 3.441422868608046e-05
-8.254146553318686e-05
-0.00015973291164794734
 9.756314099859664e-05
 0.00022854922907791786
-0.0002556409917534169
-0.0002486257948233761
 0.00028234184771878945
 0.00031508685224583555
-0.0002065285432720776
-8.957689570020244e-05
 0.0002799946810060766
-0.000250977008183495
-0.00011063462643251532
 0.00020747733507972543
-6.85353515574999e-05
 0.00026828919729801615
-0.00010362549947358357
-0.00031180505699138217
 0.00034547255011799227
 0.00011156318500316065
-0.00020655282315647228
-0.00010129654267417021
 0.00016535580364403224
 3.9043815753120326e-05
-4.9842997451213233e-05
-4.984502077491626e-05
-0.00023463384411361032
 0.00044837357059279714
 3.903369913461907e-05
-0.0003936969065026774
 0.00030802309554701923
-7.324789489622507e-05
-0.0001059969460706911
-4.2843987110782744e-05
-0.0001597996813300362
 0.00024251892322700586
 5.773009988831179e-05
-8.963354876380392e-05
-7.794020499796162e-05
-5.430952366394792e-06
 9.28081078621773e-05
-7.774072431715462e-06
-4.754034385991146e-05
-5.4390456611930205e-06
 0.0001489377765972466
-0.00016216101130865634
-0.00011304249285622181
 0.0002986324053724787
-2.1822676205068836e-05
-0.00016216910460345457
-0.00015515390767342763
-7.09492879523016e-05
 0.0002822487748286029
 0.00011383346541528339
-9.200701868461447e-05
-1.715869263514691e-05
 0.00010914924860835895
 0.0001512505468070635
-0.00031188801326308135
-0.0002721257884822914
 0.00019568687177629052
 0.00013720801300480534
 0.00012083247575571388
 0.00021673246256637135
 0.0001325237961978809
-8.735112840949077e-05
-0.0001949505289571135
-0.0003610267649525184
-3.1219436350704566e-05
 0.0005979892897437222
 0.0001746149777780842
-0.00023238582026219312
 2.2571158966450122e-05
 7.402875083679927e-05
-3.123157629290885e-05
-0.0001645607844375646
-0.0001715800280149976
 0.00016992266767636155
 0.00017225971777057314
 0.00021202194255136309
 0.0001091006888395557
-0.0003750895319917652
 8.804498143097361e-05
 0.00012546813279384894
-0.00016223992093294948
 0.0001394985266539167
 4.827264003168241e-05
-0.0003142857630682727
-0.00015289172055610312
 0.00047631700553835143
 0.00016989636446826384
-2.8926899377904047e-05
-5.231965688071161e-05
-0.0004195562068164821
-5.9340923781833754e-05
 0.00015585180734230264
-1.7241648906846097e-05
-0.0001622662241410472
 0.00019093183863987118
 0.00031957885330129165
-0.0001529160004404978
-0.00031665316301798807
-5.4678963535614855e-05
 8.09852713795356e-05
-0.00019736648867560436
 8.098122473212954e-05
 0.00019091565205027472
 2.9517562890699067e-05
 2.7176466149081424e-05
-4.767590654779219e-05
 8.798832836738602e-05
-0.00012019122915042646
-0.00012019325247412949
-0.00030498207581282355
-5.582701643885857e-06
 0.0007312234016744884
-0.00021610335590328822
-0.0003938749589882523
 0.0001955695190016954
-9.447760814300377e-05
 2.2474039428857506e-05
-0.00013892404973071815
-9.214460469619823e-05
 0.00018854218212946416
 9.731629550722987e-05
-4.069105947324125e-05
-0.0002769394980059875
 6.690227110328628e-05
 5.7543954107938666e-05
 0.00011134061939618856
 4.584454037097341e-05
-0.00036115625766929005
 9.730010891763341e-05
 1.776958938494444e-05
-0.0001249159124313559
 7.624237818532054e-05
 0.00035926823842889755
 5.7525744194639183e-05
-0.00047812409183076165
 0.00013003297350247522
-2.9026042239185812e-05
-8.984397442857173e-05
-2.2012868632848015e-05
-0.0001038824615834516
 0.0005838030999587851
 0.0001908367424259816
-0.0002629455239725187
-0.00032142438274400387
-8.51799908586498e-05
 0.00027503529217598466
-0.0001647125337150418
-1.969200512823288e-05
 0.00037093123233924996
 0.0001463781608960768
-7.58358371292095e-05
-0.00016238357691562844
-0.000244253169866232
 0.00018613431570577155
 7.853491515813493e-05
-0.0002816844145239056
 0.0004434263217048956
 0.00034986136166476056
-0.00021151828195765943
-0.0002793534344007892
-0.00017643622733638786
 0.00023523867089229877
 0.00023523664756859575
-0.0002583098669343836
-0.0002653291105118166
 0.0005135803143289513
 0.00019546430616931842
-0.0005764319450651256
 7.148936837260422e-05
 0.00029136024633256985
-0.00012265777196142358
-0.00010160813452392281
-9.693201101181048e-05
 0.00011358257327651056
 0.00010656332969909144
-2.2087731609735095e-05
-1.2733461261793533e-05
-0.0001343673023168901
 0.00023520427438940283
 1.2990276364130415e-05
-0.00033085553939253554
 0.00014865248795557784
 0.00022583988742296002
 0.0001205795602932519
-0.00019051922761265105
-0.00016479144333933493
 0.000396584153635679
 0.00015331849484921667
-0.0003191763588925728
-0.00011801806827589634
 0.00021178926032588974
 0.00012524152053948467
-0.00011802413824699154
-8.527913371994544e-05
 8.3132129045968e-05
 0.0002702559791551845
 0.00016031750518964716
-0.0003028210548804977
 1.529090663174304e-05
 0.00021411012383051875
-0.0003987291349859534
-1.98012646080159e-05
 0.00029597162348629635
 0.0001883722229386875
 0.00035678348570460094
-0.0002724292870372458
-0.00038236776100276926
 0.00012053100052444865
 8.076472909626653e-05
 1.5268650071051382e-05
 4.8013654598111355e-05
 0.00022110306419984016
 0.00013221625099552048
-0.00010403218753722576
-0.0003098726716371236
 3.561143039287895e-06
 0.000497103610894889
-0.00019526414413056914
-0.00024672578264831047
 0.00035441406243118256
 0.0001181656238984502
 6.904305879860961e-05
-9.937225061469601e-05
-0.0003169081018041531
 0.0003544039458126813
 0.000368436362996466
-0.000417494328745438
-6.195719254661891e-05
 0.00023276403478650343
 4.329706461199401e-05
-2.4538087831135758e-05
-0.0002373957921847636
 0.00019766984022302758
 0.0003777764700785141
-3.858062163340781e-05
-0.0002982197943452586
-0.00014618204550473357
 0.00016725176917169182
 6.900866229571367e-05
 2.6903317449616937e-05
 6.900461564830762e-05
 8.537610625000691e-05
-0.00010409086392451639
-0.00025847173283036207
 0.0001882892666669883
 0.00016255743574626613
-0.0002701731698910165
-6.433673243852467e-05
 0.0001485169252676971
 6.430825889919278e-05
 2.4541987471010662e-05
-0.0001274998080169204
-0.0003380184389526475
 4.558757826110538e-05
 0.0004549234030718913
 4.792260503162782e-05
-0.00019534305375486227
-0.00012283380112330933
 3.3882094553058795e-05
-9.00908199199385e-05
-0.00013687431160187835
 0.00046426553347762856
 0.00018825284684038934
-0.00020705258411030103
-0.0001064744504638282
-0.0002538380991159439
-8.776590976794507e-05
 6.42718390726077e-05
 0.00015549367904744982
 0.00023502015193271886
 9.935187037016235e-05
-6.906343904312939e-05
-0.0002936165104863303
-0.0003965377641981238
 0.00011103914416492333
 0.0004829497942891309
-7.141262907954526e-05
-0.00016497758911970806
 0.00030517414455676073
 0.0001671667895762896
-0.0003310578717625051
-0.0003591287761011419
 6.658056263501855e-05
 0.0003075031013561741
 0.00022563350840558438
-2.4649370634621803e-05
-0.00012990969776432992
-5.9739518550691595e-05
-4.8046174784835416e-05
-5.740449178018303e-05
 0.0002256213684633801
 0.00023731471222923628
-0.00015565164530355335
-0.00012056756735857876
-3.168480080165126e-05
 0.00013438738854634757
 1.9770767744994866e-05
-0.00022349489104148135
 0.00010397336414240399
 0.00013437929525154935
 1.0500871068935824e-06
-0.00012292282736608984
-5.041357473453689e-05
 0.00014840564246421106
 0.0001367082520509627
 0.00013436715530935894
-0.0002515819819697146
-0.00012293496730829412
 0.00011564849799496069
-0.00016036418864226465
 0.000251310709586422
 0.000211544438158226
-0.00013464045101635458
 5.95006193465919e-05
-0.00026329353564887026
-0.00013230744756953516
 0.00012031045824117959
-2.7053190410936123e-05
 0.0002045130546386026
-3.1735383894143654e-05
 0.00013901495228967053
 0.0001811162504883751
-0.0004551137425071877
-0.00021653027720393292
 0.00022789164887550284
 0.00019982074453686605
-0.0001744330256526344
 7.116765990435037e-05
 8.052193025229193e-05
-0.0003147835006984123
 0.0001506900861422411
-2.240337010689375e-05
-2.2405393430596776e-05
 0.0002886893478279001
-0.0002095353135108946
-0.00022123270392415684
 0.00013664350569257688
 0.0001272851886972154
-7.387714856685323e-05
-7.855731872637162e-05
 2.2020814920115095e-05
 3.839230552180051e-05
 0.00014130951258618796
-1.5410429737558462e-05
-0.0002539979416882193
 0.00016937232363002652
 0.00020913454841081647
-0.0002189179103906369
-0.0001744775387740316
-7.857755196337413e-05
 0.0003728615943698055
 0.00020678535837441447
-0.0003312035510688871
-1.543066297456097e-05
 0.00022315280232869383
 0.00014596135621391948
-0.0002329705608114102
-0.00011367983982163432
 9.44956710487721e-05
 7.57810603817799e-05
 0.0002488704699835226
 3.26573777913175e-06
 1.9637228380803284e-05
-4.5858850644411864e-05
-0.0002914635828487888
 7.935791320162755e-06
 0.00030967423890701506
 0.00015061522316534015
-1.0782865994221624e-05
-0.0002517094513627971
-0.00013475780379093583
 0.00041024427925870355
-6.9267794736802e-05
-0.00021897051680683233
 0.0001693136472427359
 2.194999859062019e-05
-8.097125512117331e-05
 5.572438017853454e-06
 8.92267858321194e-07
 9.445318125107793e-05
 0.0002628644440169914
-0.00025641187808300714
 0.0001014643315337127
 0.0002230941259414032
-0.00035933717844222057
 3.217178010342381e-06
-0.00021431867317911468
-0.00011607961295054259
 0.00036108934097967005
 0.0003072886290440141
-9.269494874251938e-05
-0.000333621534111081
-0.0002166698865392197
-0.00011141360605691764
 0.0002488016769777307
 0.00013184598275846338
 0.00019499894171837173
-0.0002774959120234177
-0.0006634450493024774
 0.00016692399073232889
 0.0003821167218564653
 0.0004990683694283404
-4.35986868507765e-05
-0.0005020591000850921
 7.101186397946713e-05
-1.0857728971122582e-05
-0.00018161211180234282
-6.183628782699402e-06
 0.0003259627732370013
 0.0004920349625850001
 1.9540108843224546e-05
-0.0002260646233611524
-0.00014419907705796875
-0.0004108554700235634
-0.000314955483212892
 0.0005388042910010327
 0.0006393824246475194
-0.0001652608544376738
-0.00024245230055244815
-1.5564202338738675e-05
 6.630134396445886e-05
 0.0003306146168647328
-4.597822674269614e-05
-0.000602679723529273
-0.0003032803493603353
 0.00032592837673410535
 0.0005645118420373602
 0.0006300038744151831
 6.62851573748624e-05
-0.0007687660761431792
-0.0005488951981832274
-0.00012552493286498156
 0.000431172517274217
 0.0006931467167565902
 0.00022533000985061613
 5.4550852432583286e-06
-0.0004600225482447873
-0.00031500201965797836
 0.0002580689444065809
-1.3265595394829077e-05
-0.00015361202379320094
 0.00031887878330118247
 0.0004217959903655699
-4.835978995830492e-05
-9.28042082223024e-05
-0.000134909553068413
 0.00010835205907065715
 1.4787099030508233e-05
-0.0004015699926813998
 0.00034459240430860516
 0.0006276182645521683
 0.0003352320639895545
-0.00036181383787171895
-0.0006167748637477405
 0.0001738299281825867
 0.00022294844663502122
-9.048941468879634e-05
 3.5818526554723396e-05
 0.0005387172880819413
 0.0002112449862506638
-0.0003501346573717562
-0.00023084393638196643
-0.0001700300508399727
 3.0593587617561147e-06
-8.638031651506117e-06
 9.194010199499447e-05
 0.00028374209894001245
 0.0004942566832283335
 0.0003071287864717248
-0.0006285026040164926
-0.0008694291893850542
-0.00028700193164883647
 0.0007047631742218563
 0.000931651272435538
-9.988212818702602e-05
-0.0005606816148392563
-0.0003080637090285415
 0.00022758208034943939
 0.0005012516469213718
 6.879121646485853e-07
-0.0005560135846219422
-0.0006098142965575981
 0.0002720143586712742
 0.000980751580974687
 0.0006602964993971394
-0.0003525243138821632
-0.0008788178562358917
-0.0003876144617982191
 6.850283137077584e-05
 0.0007234413650622495
 0.00020650411638013788
-0.00027300795761536767
 0.00032111466721040927
-0.00011863315868061719
-0.00021219811872077998
-0.00023792994964148828
-0.00011396108181589704
 0.00022520254045753363
 0.00010356869940245095
 8.017594189964339e-05
 2.6375229963987445e-05
 0.0002158381534910908
-0.0004297481331761305
-0.00021689447546988094
 0.0003538374151767637
-9.058855755007811e-05
 0.00020647174320094497
-0.0001069661181228726
-0.0002519906933570598
 0.0003047067567821249
 0.0001479868144583646
-0.0002964391582684772
-0.00014206233601002372
 0.00018774499259176236
 4.038134393964665e-05
 4.0379320615943626e-05
-0.00011867969512570353
-0.00010464727794194661
 0.00012691896710756434
 1.2302346306211631e-05
 6.609901159448928e-05
 0.00026725730221115185
-0.0001818468173515192
-0.0005444052204514743
 8.714257906089484e-05
 0.0004450187886776147
 0.00018070146912993468
-0.000303488751701414
-0.00026372652692062404
 0.0001713391054871949
 4.970526443209833e-05
-0.00014911799941405568
-6.257430627504279e-05
 6.373363496847695e-05
 0.00018302435595825284
 0.0003116713706196733
-0.00019357051097287914
-0.0004695831976101045
 9.880961961863943e-05
 0.000372479186190558
-9.533752071540225e-05
-0.00041111445545712055
 0.00015961743518953797
 0.00039352275365696354
 2.6286203721193058e-05
-0.0003713583006474397
-0.00023569406573227536
 0.00010814770337698454
 0.00016428344208316292
 0.0003631026592819109
-0.00010471404762403547
-0.0004041174684403792
 1.925279687785275e-05
 0.00026017533559902217
-8.82013078447319e-06
-0.000294189111093357
 0.00010812949346368506
-8.133747671082436e-05
-0.00017256336333305866
 0.0004776970235225858
 3.794919763155935e-05
-0.00034332179281169883
 8.472661934239012e-05
 4.9638494750009476e-05
 9.875701320244401e-05
-0.0001866119671064398
-0.0004485902132362052
 0.00011044631032090801
 0.0003887940237286558
 0.0005642225067482992
 7.769321249903594e-05
-0.0005819275146756314
-0.0003550394164619358
-0.00019832352078558158
-0.00010476260739283871
 0.0004683083566717483
 0.0007022136751391739
-0.0003269806520655033
-0.0005983151918669133
 8.235314942157956e-05
 9.170741976952113e-05
 0.00010106169011746269
-0.00017495099651977652
-0.0004977451515152387
 0.00018994041002699802
 0.0004799834905242911
-0.00032232071514298744
-0.0006123678422876866
-0.0002848995871037874
 0.0002928495237966011
 0.0004004448776968178
-0.00044162357607495373
-0.00048138984750313585
-0.0002170765746028619
-0.0003106415346430247
 0.00013144131801851033
 9.635319342615745e-05
-0.0003340383387932244
-0.00021006947096763318
 2.149677408187778e-05
-0.00015627482900307244
-0.0002989603308193589
-0.00022879015160572058
-0.0005141591319146044
 0.00013142310810521085
 0.0007489364671101062
-0.0003761598702289315
-0.0007246838328214267
-1.9121700105262374e-06
 0.00011036133072551968
-0.00012354803438931194
-0.0004907845843250824
-0.0005913667646189752
 8.696250325161692e-05
 0.0005898612647788348
 0.0001314008515445192
-0.0006054092984212472
-0.0006498537166852447
-8.847811971024466e-05
 0.00014308812533928017
-0.00033408487523832464
-0.00024754118209931175
 0.000512655655398167
-3.702862113469374e-05
-0.0005282360622197724
-0.00017971614627468324
-0.00019609168352376083
-4.639300810113656e-05
-0.0002803023732159682
-0.0003832236269277617
 0.00018750826371889684
 5.651812899216957e-05
-4.4064051301723195e-05
-2.5353487282137044e-05
-0.00043937150557613047
-0.0003083854174967954
-0.00036452520285036594
-0.0002428954084426893
 0.00023427354548750945
 0.00021789800823844574
 2.3752891228107087e-05
-0.0004861671372002607
-0.0002358883048074606
 1.6729601003281913e-05
-0.0005469891160370527
-0.00035518711909202083
 0.0003231421487785435
 0.0005664037609176414
-0.00010959048018242823
-0.0008370443364765501
-0.0003692316762179959
-0.00010257932989979346
-0.00017041448234292322
 0.000217869681706645
 5.011977353017172e-06
-0.0001891331396573076
 0.00024593249275048357
-0.0001517120116181353
-0.001012493052733196
-0.0006265479621015424
 0.00010090184754518727
 0.0005312893331171631
 0.0005967813654949722
-0.000366918906008179
-0.0007622243369588833
-0.0001985096665659547
-0.00018447724938219778
-0.00013535873092976325
 0.00021082211159742514
 0.00012661344522890694
-0.00021255422369192978
-0.0005376874521053066
 0.0001032166410787072
 0.00025759346333714683
-0.0005844749904346247
-0.00018683453271341188
 0.0005523106440228631
 0.00016636150674380346
-0.0005891612305652383
-0.00030613537032167515
-0.00012135059363038714
-0.0001447433511331947
 0.0002318454458268282
-4.650631422832563e-05
-0.00028041567934315725
 4.237442900491273e-05
 0.00024119364620367456
-0.0005494151923740587
-0.0006008768308918
 0.00021779684205346095
-8.394565218079741e-05
 9.615261211945447e-06
 8.446358726141301e-05
-0.00012839411709220094
-1.845968977408352e-05
-0.0005751611865606743
-0.00029447439973502576
 0.0003768376478818225
 1.6618318199795867e-05
-0.0005073361507360458
-0.00026641361201487634
 0.00040723750901987266
 0.0001265466755468181
-0.00020092562628445942
-0.00017987598884695866
-0.00038805554636477113
-0.0002944946329720144
 7.273787031636392e-05
 0.0003066431887837895
-0.0001377827839430662
-0.0002056179363861821
 0.00020839603526041917
-0.00019626568936194355
-0.0003763763658648084
-0.0002921717461437101
-7.697901501955984e-05
 0.00024347201991059553
-0.00022434468699537857
-2.7864543214531357e-05
 0.0003136381524768278
-0.00029686203292171587
-0.0005027025170216137
-2.0855416255585735e-05
 0.00018030287436109071
-0.0003202608603956325
-0.00028751585586857253
 5.6325913240687364e-05
 7.737555067818813e-05
 0.0001194768488768927
 6.099799010540752e-05
-0.0004091577902184673
-0.0006454062287511997
 0.0002621522340746918
 0.0003393396335420601
-0.0005284586278267445
-0.0002922142359414043
 0.0002972302420485573
-0.00018228183194696213
-0.0005308057945394434
 0.00019196586827144313
 5.6297586708900504e-05
-0.0003460250644955476
-0.00019164824223710797
-0.00023375358708321858
 2.3542465563339277e-05
-0.00017761987170072935
-0.00018931726211399158
 0.00029486891206993715
-6.301134419417487e-05
-0.00035539754475678864
-0.00028756643896106493
-1.3896872389146386e-05
 9.837662834688565e-05
-0.0003998480329919091
-0.00020570696262897648
 0.0003275997533311037
 0.00010304668188791666
-0.00017764415158512403
-0.0004068753698641403
-0.00037646943875499495
 0.00010771673542893379
 0.00014513988679183687
 2.1166972318825694e-05
-0.0002314549801392951
-0.00024315237055255734
-1.860334575676248e-05
-0.0003250239868268362
 1.180056202867985e-05
 0.00025038402733193466
-0.00010749622893219124
-0.000334388373793279
-0.0005940275465051437
-2.2439950972813483e-06
 0.0003649885081910831
-0.00013557522656562626
-1.862357899376499e-05
-0.00023382035676530744
-0.0005729880256861442
 0.00013341012319938172
 0.00033924656065187353
-0.0001496218070152905
-0.0004981457696077857
-0.00032037821317021375
-0.00017769675800131945
 0.00018953574528704498
 0.0008865776005009124
-0.0002712657646888744
-0.0013589369273413338
-0.0003624936746348256
 0.0006479840185791563
 0.000339224304091168
-0.00021279904585959353
-0.0006385124312431462
-0.00027127992795478173
 0.0007251633247517264
 2.1100202636736842e-05
-0.00019643564855272022
 0.0001169981661236913
 0.00014974317065075127
 0.00031347628658084936
-0.00039526498236996943
-0.00010288282845476171
 0.00025967152799778737
 0.00032750263379352496
 0.0005590688788430359
 0.00010762568586245025
-0.0004163287830733775
-0.0004771467152627634
 0.0003251534437571091
 0.0005005819267767525
 0.0005988209870053246
 0.0002058546294725211
-0.001162505343329276
-0.0001894528248018723
 0.001129782559576395
 0.0006268797514017571
-0.0002736655378177827
-0.0008958610903058856
-3.0405949002415555e-05
 0.001029192285987704
 0.0006479212955444735
-0.00013099217594368662
-0.0005800962955063577
-0.00025730618715830156
 0.00048183898957797344
 0.00046780252574681047
 0.00018477261885584129
-7.720562727393798e-05
-0.000301758698717125
 0.00010289897925784552
 0.00041867186735217166
 0.00034615856807321266
 0.0003625300586748842
-7.487869379821377e-05
-0.0007649073754057573
 7.013981146487824e-05
 0.0008630836768131062
 9.58655724145191e-05
-7.021066358088579e-05
 0.00022217149033432193
 0.00035315757841364315
 5.141508417939866e-05
-0.00033219497968176026
 4.6732890696177254e-05
 0.0001496500977605647
 0.00017771695545180932
 0.0001894102992176655
 0.0001730347619685879
 0.00030869899688373836
 8.648499885846594e-05
-0.0001684760270175556
-0.00011234028831139109
 0.00021278889345457963
 0.0003157061005189671
 0.00026424446200122576
-0.00010065301451663011
-0.0003509358935568502
 0.00013558935404500705
 0.0005332298117662337
 0.00039054430994994727
-0.0001053412779709606
-4.452739242896686e-05
-1.4121461319807627e-05
-0.00014511159604654877
 0.0002805977426896117
 0.0003156818206345724
 0.0001472665112212529
-5.389582604280185e-05
-2.816804176948573e-05
 0.00033204724126514873
 0.00024316042806082905
-0.00013343241554658603
-0.000212962935079275
 0.00030864841379124597
 0.0003156636107212729
 7.941517218854055e-05
 0.000215079407103691
-0.00013812270232461954
-4.690086234977742e-05
 0.0003343660814460747
 0.0001753070657043998
 2.092619679855412e-05
 0.00012384340386295545
 0.00014255396788255548
-0.00010305076432183535
 0.00021740027060830613
 0.00029458767007567443
-0.00020363699126313417
 2.1994461893715123e-06
 0.00041153527100014353
 0.00021505108057189026
-0.0002153404516474916
 6.869499730402517e-06
 0.0001565681751530129
-2.5881574767766535e-05
 0.0001729376424309953
 0.00020568264695805527
 5.130177805220959e-05
 2.5569947131487414e-05
 0.00020333750356904545
 2.1751663049768277e-06
-0.00011010238107846126
 0.000238417534866614
 0.00014251350140855046
 6.766112871167684e-05
 0.00010976242691039528
 0.0001892888997956782
 0.0001495226283674822
-9.608210383690863e-05
-0.00013350930184717613
 0.00020097617359043918
 0.00046528944649071313
-5.164780219138465e-05
-0.00011480480779868518
 0.00029453101701208684
 0.00026646011267345004
 5.3602408319822215e-05
-0.00023644471882487694
-0.00013352751176047561
 0.000350658662423467
 0.00046527123657741365
-7.739581970170328e-05
-0.00011014487087615543
 0.0001190823007554409
 0.00010504583692427794
 0.0003178994946304997
-1.892910087242239e-05
-0.0002177523647185764
 0.00025707751579370774
 0.00015649533549981498
-0.00021308028785385624
 0.0002757840331659017
 0.0005120284250512419
-2.8299557809974285e-05
-0.0002481744824173182
-0.00012654468800964158
 0.00032021631148772267
 0.00031787521474610503
-0.00012888983139863752
-2.831169775216469e-05
 0.0003552943194615882
 0.0004582115265259895
-3.2995914559089123e-05
-0.0001873767834649348
 6.758019576369456e-05
 7.459539269373539e-05
 6.991522253420313e-05
 0.00019856223719563748
 0.00034592183920034714
 0.00010733432724968628
-0.0001523048454621645
-0.00014528964853212367
 0.00016112694589055787
 0.0004254402187908318
 5.5864595437146725e-05
-0.0002084527241105194
 0.00012837182474499664
 0.0003529208495407776
 9.328167682892685e-05
-0.00021313896424114687
-0.00012191712426630474
 0.00044647569296243916
 0.0003599279531760202
-0.00024589408538672197
-0.00011256892388945838
 0.00010496288065259263
 0.00024764433582147305
 0.00010495883400518657
-0.00019912273364697253
 0.00019150050382051031
 0.00039031972101927215
-2.369829727473516e-05
-0.00014533213832981784
 7.219966621223317e-05
 0.00014003077200795688
 0.00014938504235589845
 9.324525700234176e-05
 8.154786658907953e-05
 0.00011195379769822489
 4.645771867300974e-05
-8.219334263581679e-05
-5.8804631780401406e-05
 0.00045111135000056035
 0.0003973106380649044
-0.0003278041448113028
-0.0003090935807917028
 0.0003949654946758946
 0.0003598773700835278
-0.00025530096215085896
-2.841286393714948e-05
 0.00028969909757509127
 0.0002639672666543552
-7.367273147054765e-06
-0.0002412766382618725
 8.853069033991356e-05
 3.706905182217224e-05
 0.000256939929782124
 0.00031073659507040163
-0.0003208152510893597
 6.746891296020852e-05
 0.000453414003591876
-0.00016644247547832614
-0.0002717028026080204
 0.000497850328561103
 0.0002545846697746129
-0.00041205327765381217
 0.00014230509906748567
 0.0004159746656394042
 0.00020779510812159174
-3.0792403829069115e-05
-0.00044247134870513405
 0.00011656517485195139
 0.0006966533591702545
 5.574521933886245e-05
-0.00032318669768646724
 0.0001001835676317786
 0.000348123326606678
 0.0001586563564321547
-2.3793393488624748e-05
-2.7437560511101022e-06
 0.00011186881810283655
 0.00017502177706273103
 1.5962761321069996e-05
-1.210814301755292e-05
 0.0003644806539424561
 0.0003247143825142601
-0.00022730896743650142
-0.00020625932999900065
 0.00018202483405058145
 0.0002732466740254097
 0.00010717043803000481
 2.7639918497343596e-05
 0.00019605118126324317
 0.00026154321364106614
 6.5821877650307226e-06
-0.0001641721950662034
 0.00011417551834155826
 0.00018902384439101194
 7.206815017174462e-05
 5.803168634056777e-05
 0.00013989723264377918
 0.0004673654878276645
 0.00014223225941428774
-0.0005314229082678673
-0.00021798909359144192
 0.00048139183504032623
 0.00033870633322403976
-5.659909772667837e-05
 0.0001468982663079127
 0.00015391346323795352
 3.4618695600771576e-05
-2.8085024095098055e-06
-0.00018525825233028925
 0.000196008691465549
 0.00043927030360461916
 2.5252285310625733e-05
-0.00022503059372959433
 0.00011881117537967945
 0.0004907218255038731
 9.307732113525424e-05
-0.00028819366930799006
-0.0002367360774376409
 0.00021236399547763796
 0.0003994878455868406
 7.903276400927917e-05
 0.00022405329259608808
-4.0264026951591925e-05
-0.00022037470345445676
 0.00011177169856524394
-5.18399565400951e-06
 0.00023106039623133068
 0.0003292994564599028
-0.00011512651626695292
-0.00020401332947128648
 0.00021935693584697324
 0.0005210953834338256
-8.472665512890276e-05
-0.0003396876810049382
 0.00012578590583571525
 0.00023338125973593193
 0.00036904549465109626
 6.964207383473864e-05
-0.0003139679900264064
 3.4551925918682724e-05
 0.00026377909755027906
 0.00023336911979372765
 2.05114154401137e-05
-0.00014088667371946195
 2.518551562853688e-05
 0.00019125770497653571
 0.0002473934436827141
 0.00020528809883660348
-3.5638486531958113e-05
-0.00021808823645273756
-0.00010113658888087629
 0.00024738332706421284
 0.0005959032430092881
 5.089711331225655e-05
-0.0004309540341011775
 4.8553993246949756e-05
 0.00018421822816211408
-1.694410910196842e-05
 2.98353359325515e-05
 0.0001631604974298151
 0.00012573329941951983
 9.53233216629823e-05
-0.0001385860434518632
-0.00021811656298452442
 0.00031285107955762725
 0.00022162519293539296
-0.0001011689620600692
 0.00013975357666108634
-2.9319251551862546e-06
-1.930746240427772e-05
 0.00032219523328706756
-0.0002789486584398315
 3.2146082818679256e-05
 0.0006005389000474232
-0.0003187189765154197
 1.8105572340096354e-05
 0.0004344586174046261
 5.786577379719715e-05
-0.00027662374828781033
-0.0003140509462981056
 0.0006683578659009565
 0.00047655182230853244
-0.00025558018082141865
-8.482984463759058e-05
 0.00017246620800896728
 0.0003128085897599331
-4.7410739922107425e-05
-0.0002462340037682753
 0.00025432568434104186
 0.0005911502331965857
 2.0414295902521085e-05
-0.000573712375570648
 0.00015373743407606777
 0.0008741700234690536
-0.00011759912904904524
-0.0007444728283729773
 0.00013267768002006575
 0.0007408347453533165
 0.0005256379675817741
-0.0004287060102497464
-0.0007187531373944456
 0.00039932193304346997
 0.0009653756768542993
 4.3778726873541784e-05
-0.0008614447091818411
-0.00022755783625157122
 0.0007571900493653916
 0.000668303236161058
-0.000302414255595837
-0.0004965593726061757
 0.0004320507509809196
 0.00022621026688102175
-0.00023692829318912312
 0.00016772938478583355
 7.884257158151387e-05
 0.0002589492014369865
 0.0005139061806656159
-0.00030944968576286647
-0.0003538941040268778
 9.052782205257182e-05
 2.0353596191527434e-05
 0.0006495623222859681
 0.000417992030589065
-0.0004731969649588441
-0.0001808148110436364
 0.0003454746846626999
 0.00035015080817482613
-8.257979746245647e-05
-7.322552711451491e-05
-7.790569727404717e-05
 0.00024020626423819358
 0.0008857885042580227
-0.00014808396978248373
-0.000543389400733188
-5.4525079713430014e-05
 9.751266912710888e-05
 0.0007009915876245304
 0.00023551395413647092
-0.00010131464136645119
-5.2196122914002774e-05
 4.604293731456932e-05
 0.000352459531737237
-0.00026505787391505053
 1.562891291061186e-05
 0.000331401801004938
 0.00022146332703941451
 0.00045302957208892547
-6.624675001108693e-05
-0.00024401835309603714
 0.00011619692993859732
 0.00017701081548059105
-3.0998610222737755e-06
 0.00026823063213174403
 0.00020039547968861426
-0.00031888084241139814
 0.00029863251659348333
 0.0007126464882400985
 5.770390790121871e-05
-0.0005013366623032867
-0.00026041412358211724
 0.00031967406073619975
 0.0003594362855169897
 0.00020037726977531478
 0.0003337024312725506
 9.979306615771899e-05
-0.0004077878888527203
-0.00012944017544497255
 0.0002073843734105435
 0.0004015254437734761
 0.00041555786095726077
-8.266680038154783e-05
-0.00022067415536201895
-0.00014348675589465065
 0.00028690072967733904
 0.0006073517646074805
 3.8954900731330566e-05
-0.0003703849707268475
-8.502003706535588e-05
 0.00014420713456625434
 9.274549604849913e-05
 0.0004015011638890814
 0.00032197064435639244
-0.0001364897688779093
-0.0003353130327240633
-0.0002557865598387943
 0.0005044102776586845
 0.0004927128872454362
-0.00010141378422773295
-0.00010843302780517983
 9.0386189393582e-05
 0.0004365670319207704
 8.804306932827521e-05
-0.00022305571857762774
 0.0001792628859794143
 0.00028685823987964487
 0.00010440848995886542
-0.000216046591618696
-8.739957695727552e-05
 0.0005160793415401599
 0.000654082649873225
 6.157289788089049e-06
-0.0006417680702970469
-3.828915179963921e-05
 0.0004575923894738765
-5.232763895449133e-05
 0.0003663644795279253
 0.0005207413017863649
-0.000220746995015203
-0.00024647882593593906
-0.0001505788391252677
 0.0002587569856855043
 0.0005113748914962329
 0.00021898869093361917
 0.0001628489055800486
-0.00015994524941541355
-0.00023947576894808864
 4.822823813128985e-05
 0.0002283348679867625
 0.0002610798725138225
 0.00030318117071251316
 0.00010201883344845841
-0.0003541025063679565
 6.926775895028936e-05
 0.0003990750875520893
 0.000307849200929855
-1.4944954065607141e-05
-0.0005131696154044157
 6.691856891387349e-05
 0.0005698173304411192
 0.0005230338387591932
-5.004117195278601e-05
-0.0005014843649333717
 0.00013708065483272747
 0.00012070511758364988
 7.859977273753926e-05
 0.00028443621019003107
 8.561294634389094e-05
 0.00017215663948290383
-0.00011555141424389459
-0.00020443822744822815
 0.00012536910115355793
 0.00034991812594936667
 0.00041307108490926114
-1.0303227056390751e-05
-0.0003401146023055829
-9.685299016649884e-05
 0.00026570136628605023
 7.857346952944155e-05
 0.00023762843862371041
 0.0005510622533001358
-0.00015767901565069686
-0.0005483062997655858
-6.879827241747238e-05
 0.00027036534985598604
 0.0003966732910994919
 0.0003779586804324997
-8.98580264734744e-05
-2.9044140931480666e-05
 9.258565347622372e-05
-0.0003752310534297365
-3.840650457422046e-05
 0.00046449225695301133
 0.0005136107754054597
 0.00013233978496221543
-0.00034249414219748864
-5.712920853601089e-05
 0.0001814542567672578
 1.343580264379085e-06
 1.0697850612320647e-05
 0.00037559128048278434
 0.0002586355862635309
-0.00016239965228420639
-0.00010158576674221265
-3.1415587528588196e-05
 0.00048083946767030206
 0.00036622284686894935
-0.0005413396626043343
 6.447832931098796e-05
 0.0006328711465397319
 2.7049107977017428e-05
-0.0003565609558841415
-0.00017177617919285348
 0.0003381398025881083
 0.00040597090838384586
 0.00014867080908989583
-2.6761720577153647e-05
-0.00011798760719940182
 7.615346316354465e-05
 0.00018374881706377522
-6.653406197644485e-05
 0.00013228515522231699
 0.0005158911724360837
 2.46837313510051e-05
-0.00021390378059965576
 7.380022647973661e-05
-5.017268799327457e-05
 1.2980270966647667e-05
 0.00012057562486686435
 0.0001626769230655689
 0.0005369266466076633
 8.548345362710541e-05
-0.0006536657697565756
-0.0001343934943039693
 0.0005228841128054051
 0.00032873899579508037
 3.605767381703595e-06
-1.2769769867373992e-05
-7.59267754746884e-05
-5.253806461925914e-05
 0.0002187924285347448
 0.00041995071915140736
 0.00016031154643955658
-0.0003987290237649349
-0.00030516811037219205
 0.00017901806381175056
 0.0003988889417717162
 0.000571978351373445
 0.00022111531536306295
-0.0006607173865132016
-0.0003121974705681263
 0.00040121789857111567
 0.00016263038662048257
 0.00021876612532664708
 0.00019069522098801028
 0.00015092894955981428
-7.83022687191881e-05
-0.0003402805148489535
 6.203808970808855e-05
 0.0001860069575336798
 0.00042225134941903386
 0.00010647441467730168
-0.0002280151074077058
 0.00013453924904484327
-0.00012042177683119215
-3.4701292593170008e-06
 0.0003824749613723366
 0.0002561629734814247
-0.0003262683309021852
-0.0005017008605692347
 0.00030527744528646705
 0.0005508781308434518
 0.0003894800416838762
-0.00011342276649074778
-0.0007730434936654429
-9.00360789590493e-05
 0.0007707409155086192
 0.00033099308961759277
-0.00011109380969133442
-8.068787858220294e-05
-0.00011343692975665509
 0.00021870947226305948
 2.222528183480621e-05
-6.432245795161273e-05
 0.0003988120554711261
 8.30351207293939e-05
-0.00015087424438542385
 7.835292724617249e-05
 0.00038476952166885403
 0.00021635421225553453
-0.000270175081993701
-0.00023275193063082567
 0.0001274633524038088
 0.0004596097544235095
 0.00021634409563704715
-0.00011346727961214498
 0.0001414896996164844
 0.00017891285097935972
-0.00019300184579222612
-0.000326331053936868
 5.259681644105563e-05
 0.0006607538817742925
 0.00034029880019674497
-0.0003684424687540738
-0.00014155437054037823
 0.00043151659352418104
 0.00038239402842434045
-0.0002865829924219715
-0.00020237837270087322
 4.3222312856111555e-05
-5.2681720601951976e-05
 0.0003543150307909193
 0.00032858319987019713
 8.29784676658063e-05
 0.00015782679371525998
-0.00013689848026525453
-0.00048542244285773584
 0.00021161941235613158
 0.0008969659004804398
 0.0002209716593803701
-0.0003497642779136806
-7.843378475967666e-05
-3.63324865609721e-05
 1.746417872727779e-05
 0.00046656425164257054
 0.0002490284004531135
 3.383162268157103e-05
 0.0001390879031638731
-0.00031001621639878407
 2.213018562091662e-05
 0.0006185918838645943
 0.00010165463518249651
-0.00020710507930549182
-1.2964008942545346e-05
 3.1476362674059954e-05
 0.0004220996001415428
 0.00048759163251936577
-6.677079084931037e-05
-0.00013226686987452552
-0.0001065390856012094
 7.356754425426326e-05
 0.00010163440194550788
 4.783369000983806e-05
 0.0005460543047012545
 0.0002606853243923707
-0.00025859099770762783
-0.00048080499573291413
-1.7670482310175317e-05
 0.0007238137678440004
 0.00020219837232610116
 2.9104916076952425e-05
-7.849448447067031e-05
-0.0005229204571975121
-0.0001322972197300154
 0.0004454518911703731
 0.0006746790628019694
 0.00023493123691094298
-0.0002796669383532402
-0.0004948637161247688
-0.00013698750650804892
 0.0006419219183327191
 0.0004033344063820582
-0.0001229591359716703
-6.916247068342041e-05
-5.2790980081734995e-05
 4.778715356473784e-05
 0.00024894544418142817
 0.0001390069702158908
-9.958054173477005e-05
-3.642758277486169e-05
-1.0699798501531688e-05
 6.648760096583661e-05
 0.00034249624095566977
 0.0001670637112886203
-5.9828433572467477e-05
-0.000188479494881294
-0.00012298746250347103
 0.00011559600279976989
 3.3184554163318003e-06
 0.00030037875616738263
 0.000515571487291519
 0.00011792698292288628
-0.0004200619265204153
-0.00045281097769486744
 0.00026294346486228914
 0.0003681997453446051
 0.0002722957118865277
 4.774264044335452e-05
-0.00036159723101482355
 0.000202117439378105
 0.0004804651527858389
-0.00020020723515003225
-0.00027038146101107663
 0.0002044484195012075
-4.817353295691329e-05
-6.072234758208728e-06
 0.00036817748878391343
 0.00019040588569894934
 3.83640902110044e-05
-0.00014174658629186043
-0.0002961274551977061
 5.4731534165297635e-05
 0.0004476938450506951
-7.626062388514654e-05
-0.00011134874847749943
 0.000328395030766121
 9.916381248710471e-05
 1.9633292954415738e-05
-0.0001066786949364823
 0.00014827828429214707
 0.0001740060685654632
-0.00023065565605688565
-4.3531805947669144e-05
 0.00012020130998241507
 0.00046170400567376035
 0.000417259587409749
-0.0004318260866157664
-0.0005207128998200861
 0.0003002998465430895
 0.0004967799903239367
 6.171031126872562e-05
 1.0248672750984289e-05
 8.743607221835259e-05
 5.000887420807121e-05
-1.548720481714394e-05
-8.800050409608906e-05
 0.00015058296120716574
 0.00030028163662979
-1.0817151276126813e-05
-0.00020028412145062235
 2.4264903345158628e-05
 0.0004733649762604236
 0.0002277602440560328
-0.0003125677388051834
 1.2561442960801195e-05
 9.676606268189947e-05
 1.0218322895480525e-05
 0.0002441236413629061
 2.4248716755562172e-05
-2.25347749263638e-05
 0.0003517149486157306
-6.165307648395291e-06
-0.0005488323639275122
 0.00014353134445053983
 0.0006394128857240278
-3.834327525278902e-06
-0.00019330129769978832
 0.00027217228914085123
 5.4636437951408046e-05
-0.00024008883602912034
 0.00022304567739361847
 7.568202874150276e-05
 2.655946364167605e-05
 0.0003446714251539029
-5.9990299468459796e-05
-0.00017460692026979863
 0.00013414874757079753
 0.00029554279008296713
-2.257321807666579e-05
-1.0879874310809612e-05
 0.00021133007706707063
-7.169982982389855e-05
 5.9286258255422664e-05
 8.073994839513654e-07
 4.5247771100570544e-05
 0.0003516643655232382
 0.00010605963331884738
-0.0002939239444676722
-0.00015358156271669254
 0.0003984377405866768
-4.364915872226427e-05
-0.00023545520231470218
 0.00043351777188424534
 0.0002931713434858596
-6.0030765942450937e-05
-0.00015593479940051447
-0.0002588560531122941
 0.00011773274384771493
 0.0004358447053599557
 1.7148540230119136e-05
-3.8991245123437546e-05
 0.00027444256955297397
 9.90100398859245e-05
-0.00015595098599011092
-0.00019337818400037843
 4.988342813869173e-05
 0.000199582103561316
 0.0001481204650435608
 8.96416062720895e-05
 6.157070193345271e-05
 0.00019489586343068854
-5.070886877370229e-05
-0.00034309506933631606
 0.0001387520314297258
 0.0003516056891359476
-0.00022146932157601773
-0.00011153489425788643
 0.0003445823989111224
 0.000346919449005334
 0.0001785041395920145
-0.0003548066230154717
-0.00031972254507048326
 0.0001363947480985117
 0.00017615697287930165
 4.750591157047512e-05
 0.00022527346800804704
 0.0004381271257142688
 6.855150236058372e-05
-0.00031973670833639056
-0.00046710035698850627
 7.088450580740313e-05
 0.0004521514496032414
 0.00026970169968246194
 0.00011532083077660238
-0.0001747262963680829
 8.49088296963757e-05
 0.00011999290764133641
-4.374425493615386e-05
 0.000115310714158115
 1.7067607282136854e-05
-0.00019111195023566174
-0.00013731528494741185
 0.000536335836087351
 0.0006860345115099753
-4.6097491619961906e-05
-0.0005396440061229552
-0.00037357181677494244
 0.00014803953209557852
 0.00044977797968243083
 0.0005222872323139838
 0.00021352751782598156
-0.00031276602452774693
-0.0002542912124036678
-5.313292178699136e-05
-1.804884384203065e-05
 0.0004380684493269782
 0.0005596982437346687
-0.00010693970369375638
-0.0004905497675549153
-2.273710729633338e-05
 0.0005222649757532921
 0.00013631583847421858
-0.0004999141545213581
-9.993462338221681e-05
 0.00043103301915994874
 0.0002064799477167617
 8.718518007957976e-05
 5.443612890512761e-05
 0.00018776129040237732
 1.4667834153242465e-05
-0.00041338462464823866
 5.307493834191823e-06
 0.0002088048578687829
 0.0003631816801272225
 0.0003421279960423157
-0.0001327059311173745
 2.1670891141079007e-05
 0.00010353643744427654
 3.5701285001146776e-05
-0.0002870928699943154
-0.0002449915717956108
 0.0006321589365974323
 0.0004543873335124682
-0.00021926783416968687
 6.030437902787567e-07
 0.0003070196382129603
-4.1504324379534885e-05
-0.0003572812591212532
-9.06289128030785e-05
 0.00028362081073904366
 0.0005175261292064692
 0.00032104193877821596
-8.59588592620475e-05
-0.00028712119652610224
-0.00019356028313335938
 8.47874302743884e-05
 0.00028126757405522174
 0.0003912020013733669
 0.0003607920236168155
 8.477933697959017e-05
-0.00022631945092632666
-0.00029649367678735716
-0.00010001353300650995
 0.00024382823610274995
 0.00019704474442082398
 0.00031633546541059987
 0.0004496606269078496
-1.113885974438067e-05
-0.00012575548054573338
-0.00019592970640677776
 1.9263024717372512e-05
 0.00013153652545341843
-0.0001351198675121762
 0.00022275634210454365
 0.0006531438276765472
 0.0004402861233229055
-0.0004321902848817144
-0.0003877499132650952
 0.00018766012421739253
 0.00012918126544590736
 0.00021806403200283486
 0.00014788980614179048
 8.941094737031918e-05
 0.00018765000759889128
 2.157377160348639e-05
 2.1571748279783365e-05
 0.00014787968952328923
-2.2874693307917138e-05
-6.965818498985699e-05
 3.325902207454434e-05
-4.16817593573704e-06
 0.00025312787671080694
 0.00044960802049165416
 0.00012915293891410662
-9.30610591111658e-05
-0.00014452269762890713
-0.0001070995462660318
-5.096380755986729e-05
 5.4292472922448654e-05
 0.0007022137863601924
 0.0005127468161856691
-0.00046966604266078515
-0.00044393825838745515
-5.331502091997231e-05
 0.0002928658216072022
 0.0004753115248805895
 0.00026011474710904703
 6.59696300986945e-05
-7.905494513549272e-05
-0.0002334358140413384
-0.0001235013867232071
 0.0002624437039084465
 0.0004776364350325968
 0.0005197377332313013
-0.00022408963698819506
-0.0005328493514761834
 0.00029751968855863675
 0.0002741269310558153
 8.699903429920663e-05
-2.5278513084231458e-05
 4.723073954732149e-05
 0.000400428802328226
-2.0606436219511304e-05
-0.0002194297000656653
-2.0610482866917357e-05
 0.0002881451849736927
 0.00012440802239618853
-0.0002802537022261603
 6.592714030100033e-05
 0.0004729238916938855
 0.0004354966936836041
-0.00017734256513286806
-0.0004463380315163634
 0.0001243938591302951
 0.0004050806459559575
 1.679243525896934e-05
 5.095044845720986e-06
 0.00040039642914903306
 0.00014543540327299764
-0.00019139319222992446
 2.7478781330081414e-06
 0.00030448632571986045
 0.00014308823656029868
-7.912576146498762e-05
-1.3633729087164648e-05
 0.0001641338273503795
 0.0005126537432954825
 0.00016880792753881657
-0.0003902326426656888
-0.00010252863558629643
 0.00039101383226929076
 0.0003465694140052794
-8.616119163201708e-05
-0.0002241685466124882
 3.546657945198428e-05
 0.0003582566878000404
 0.0004143924265062049
 0.0001313625196152357
-0.0001563455341115627
-8.149720806209515e-05
 8.925312812173292e-05
 1.673982884277392e-05
 5.182390678774851e-05
 0.00038163123538954846
 0.00022257221964787355
-0.00012595174294460776
 0.00013602245653775158
 3.544027624388657e-05
-8.151541797539463e-05
 4.947067010394046e-05
 0.00012197992273549341
 0.0003722587551283074
 3.7769233043286055e-05
-0.0002405825270118539
 3.3087039560064646e-05
 0.0002763486516991487
 0.00026699033470380107
-3.4752159530457294e-05
-4.878862336163414e-05
 0.00019213391535953528
 1.2023238856670448e-05
-0.00020551261233278661
-9.032468551939399e-06
 0.0003886079891692873
 0.000521933150666537
-7.21935208066321e-05
-0.00043709099732450185
-0.00022189826620036546
 0.0002459143940582026
 0.0005382965479734103
 2.603744612714176e-05
-9.55963949279548e-05
 0.00012193540961411009
-7.922692764997241e-05
-4.648192312291244e-05
 0.00018742339534451313
 0.00025525450114023684
 3.3040503114978304e-05
-5.818538350726987e-05
 0.00015934642103478114
 0.0002435510407558794
 0.00014530793387991514
-0.00013538289959313943
-0.00024064322672284755
 0.00014764093732672068
 0.0002739488785702404
 9.383820206737559e-05
 0.00022716336356461142
 4.2374540225917356e-05
-6.52248603216915e-05
 0.00015464601763826025
-6.288983355118294e-05
-7.458722396444517e-05
 0.00013826643374179048
 0.00018972402561213964
 6.575111113912846e-05
 0.00010083518908410305
 0.00025287293792462806
-2.5478822130498013e-05
-0.00013775636951394998
-2.080472194208871e-05
 7.262135749142029e-06
 0.0001920469124404578
 0.00023414821063914848
-4.186447599809073e-05
 9.613883233497433e-05
 0.00015461364445906733
-0.00012841626243190185
-4.187256929288896e-05
 3.531483017449322e-05
 0.0002084042397762359
 9.846576581069855e-05
-7.930583727426554e-05
 0.00014524318752151544
 0.0002528385414217321
 0.00021775041682937923
-0.00011440003183772751
-0.00012375834883307513
-5.35881696194368e-05
 0.00020838602986293642
 0.00048205559643485496
-0.00014247902947116253
 0.00010546072950372298
 0.0002083779365681382
-0.000404461322248334
 0.00010077651269681243
 0.000301934803313475
 0.00018965725593005078
 2.529359173442103e-06
-0.00026646610721006714
 0.00024578894798880924
 0.00018964916263525256
 5.398088107269605e-05
 0.00012181198686841976
-0.00025244178332109457
 0.00016157218832550668
 0.0002551331017182634
-0.00011912066847125091
 0.00029489330317535034
 0.0003065866469412065
-0.00021970689541252197
-0.00033198444279597394
 0.0001545408048058694
 0.0002972222599747637
 0.00018962285942715484
 0.00029721821332737153
-0.00014954683281739878
-8.171572702167507e-05
 6.798294840096308e-05
-0.00012850124202729019
 0.00023873126126108812
 0.0003205968075642718
 0.00029018682980773425
-0.00011447489481461459
-0.0003483842599294462
 0.00014048006109031175
 0.0002457363415726138
 0.00017088396887576796
-2.092207471666996e-05
-0.00015892942969714108
 0.0001404699444718105
 0.0003790534097750653
-5.133812244431657e-05
-0.000266534900215859
 0.00017086980560986065
 0.00013344260759959314
-6.538065624657474e-05
-4.5667707045810024e-06
 7.26206287627873e-05
 0.00030886502064814136
 0.00014980600490646645
-0.00019637888426811412
 4.922180128887066e-05
-7.241203976621202e-05
-0.00010048294410484881
 0.00028078399969098944
 0.00024335680168070806
 0.0002948143935510572
 2.815800058547646e-05
-0.0004092507518876354
-0.00021277060810678816
 0.00035328313570404113
 0.0002831089098430106
 1.8791590295330618e-05
 4.2180301150746e-05
-0.00022915423865066398
 0.0002082504671750557
 0.0002620471324633056
-0.0001379364453232279
 0.00011000331365167149
-6.542921601537799e-05
-9.817826718983014e-05
 7.257206899399793e-05
 0.00023630518492408215
 0.0002994581438839905
-0.00011923802124583216
-0.00026192352306211863
 5.852751186802285e-05
 0.0001731400860219695
-8.182093985405203e-05
 0.000161440672285032
 0.0002269327046628411
-8.416608324306185e-05
 9.827962003032542e-05
-0.00010522179065165782
-7.247678612459785e-05
 0.0002994338639995958
 0.0001216622609146456
-4.2074901662858544e-05
-3.739877815073234e-05
 0.00010294360360024735
 4.2125671410847554e-05
 9.376620236395405e-06
 6.317328552465917e-05
 5.849311536512691e-05
 0.00014035866166832445
-9.121163002859256e-05
-4.9110331829888e-05
 0.00012631815118975542
 0.00013567242153769699
 0.00010760151719907407
-0.0001520376555127767
-4.444230161256002e-05
 0.00025261799913846306
 0.00013098415808339425
-0.0001286550146284704
 2.8060881047883846e-05
 0.0002175238045750011
 0.00016138401922143053
-9.370363609789711e-06
-8.890088314247868e-05
 0.0001777514631757099
 0.0001286288980758693
-3.510826450160709e-05
-0.00013802951821341447
 7.48241394928073e-05
 0.0005356195794976315
 0.0001356360017111119
-8.657799631416052e-05
 1.400013733232619e-05
-8.424296954365196e-05
 0.00011223717423720914
 9.118349015230232e-05
 0.00013328478835100688
 0.0003414602992213994
 9.585556701702247e-05
-0.00025266839557545884
-6.788361888417083e-05
 0.00021982038819522154
 0.00011923820790132877
 6.309842254777209e-05
-6.087449192523908e-05
 0.00015665731261681193
 0.0004560566867857635
-0.0002105812606426477
-0.0004117435979067302
 0.00023851678894891426
 0.00032739955550584177
-7.0899665791657185e-06
-9.363770636558466e-05
 0.0001589801994451301
 0.0002595583330916168
-2.113250038143777e-05
-0.00014276634143652045
 7.71045365234313e-05
 8.17806600355575e-05
 3.4997168353631536e-05
 0.00015428788934340743
-2.4320529803528723e-06
 0.00020340438447213893
 0.00025018382950667273
-0.00026441434575751044
-0.00012407196400653075
 0.00013556316205791397
 0.00028760091089845286
 0.0001262028217388772
-0.00015682708515209198
 0.00024549151940495006
 0.00014724841252897192
-0.0001147298336007796
-2.456332864747557e-06
 8.17482868563646e-05
 0.000257176769876008
 5.367535919403865e-05
-0.00019192937301035218
 0.0001051309277406709
 0.0004630071373574046
 3.0276531720108135e-05
-0.00030421299036489935
 4.54267747569681e-06
 0.00023376984910729315
 0.00022207245869403092
-2.821042034616139e-05
 0.000219729338628738
 0.0001682677001109828
-0.00016154367513820933
-4.459202756633418e-05
-5.862849139751103e-05
 0.00034836825999536025
 0.0002828721809701312
-0.00017558823226417053
-2.1211410005730902e-05
 8.638394389448578e-05
 0.00019397929779470247
 0.00020567264156055864
-0.00012647780710653422
-0.00023407720765415696
 0.0003179420956492124
 0.00021735991535531962
-0.000142859414326707
 0.00024074660288704586
 0.00010975646816030471
-1.6555519730607204e-05
-6.33390114125193e-05
-9.842713600489994e-05
 0.00037172459767156885
 0.00025944705028813075
-0.0001475537477521327
-7.03663482847644e-05
 0.00016353897018266117
 0.00016587602027687276
 6.99719868188231e-05
 2.084942171898252e-05
 4.4238132574397904e-05
 0.00011674738520593697
-3.763348369990871e-05
-9.566626008664092e-06
 0.0002570857203095245
 0.000280474431164926
 9.802468124414654e-05
-0.00024816020793042015
-0.00012185226668690041
 0.0004465405505418435
 8.866029427770372e-05
-0.00021776034679237
 0.0001143860552273307
 0.00013309661924693073
 0.00018923235795309523
 1.3799828286059634e-05
-9.146049884366236e-05
 0.00013074945253421788
 0.00011437391528512642
-2.1294366277430088e-05
-2.3635463019019975e-05
 0.00022898244279169477
 0.0002757618878262147
 1.37836416964493e-05
-0.00018971776898553394
-9.611139130061286e-06
 0.0003225352628896394
 0.00015645902689423452
-0.00013826624708628
 9.329999796324484e-05
 0.00013306222274403479
-5.874382084840313e-05
 0.00010498929508169497
 3.2475995802749846e-05
 0.00017281837755371565
 0.00013071303270761891
-0.00018272482861618478
 0.00010497917846319371
 4.883939310962315e-05
 0.00017748640777104363
 0.00022192677938764893
-0.00022951641359290897
 0.00010730813526260707
 0.00025700681068523135
 2.7775592406215077e-05
 4.180800958999975e-05
-2.134899601731466e-05
 0.00010028079839037585
 5.817545354426523e-05
-1.433784573466601e-05
 0.0001914985917178258
 0.00017044490763291897
 7.92190210106708e-05
-0.00018743737195490995
-0.0002225254965472767
 0.00029908585232324425
 0.00024996328722340366
-1.9032179160105578e-05
-8.920640502113608e-05
 3.476246280446904e-05
 0.00021019094582411246
-0.00014301116360419808
-1.4364148942763721e-05
 0.0003598855745993307
 0.00017041860442482126
-0.00013600203664526633
-0.00013366498655104087
 0.00015637809394625224
 0.0002920423288614027
 9.087999159733406e-05
-0.00018279362162197665
-0.000100928075318793
 0.00015402890390983637
 0.0003528481211085982
-7.754341111076979e-05
-5.649377367326902e-05
 0.00026395726125687247
-0.00012900909627593105
 0.00011425251586313911
 1.1331262151359489e-05
 0.0001540127173202399
 0.0003785617421160209
-0.00028573713189448957
-0.00013837752988976604
 0.00021715960630905307
 0.000296686079194336
-3.78268204107024e-07
-0.00013838562318456427
 9.55196952828613e-05
 8.148323145169833e-05
 5.80904739488769e-05
-0.00011500298230024408
 8.615530831641849e-05
 0.0003574858014704363
-3.548055606236722e-05
-0.00025067733383390967
 0.00011187702261865329
 0.0001259094398024102
 0.00011187297597124723
 4.273575423624498e-06
-0.00020858412893000333
 0.00028028019208975463
 9.315229533315983e-05
-5.187227990105514e-05
 8.145288159620845e-05
-0.00010333594174248562
 0.000315356176739931
-6.591481370331331e-05
-0.0002647380775494673
 0.0003364017675300396
 0.00015161294419134552
-3.551495256526316e-05
-0.00019223489488902346
 5.33657906679752e-05
 0.0004720579091503918
-4.721841294962059e-05
-0.00016651318058680253
-5.6578753268657356e-05
 0.00015159675760174907
 0.00036445041530797084
-0.00016184312704577153
 9.311385218287171e-05
 4.6330360500931866e-05
-0.0002109697387930043
 0.0002264349670327015
-6.829030694781302e-05
 0.00012585076341511958
 0.00025449777807654006
-0.00011273877185923042
 9.777581242909061e-05
 8.140027518001303e-05
 0.00011414527970705912
 2.9936613338554796e-05
-0.00023671977962703983
 0.00012583457682552313
 0.00042055580415864546
 0.0002591577149990698
-9.404439442924073e-05
-0.00016655769370818585
 0.0002591516450279746
 8.138004194301052e-05
-6.364453329119057e-05
 0.00012347931681801205
 0.0001725978352704466
 0.00035504353854383386
-0.00011277316836212636
-4.4942062566388774e-05
 0.00012113012678161006
 0.00010943273636834783
 0.00035971156876114796
-0.00021102436853290274
 0.00019129423602415319
 0.0002029875797899955
-0.00019465692457862338
 0.00019362723947094485
 6.499342714350043e-06
 0.0004181742409430367
 7.432842518637073e-05
-0.00029992534500312973
 0.00023805951779277967
 0.0001912760261108537
 0.0002661243521603074
-0.00011514663828293692
-0.00011047051477081071
 0.00023103218092053457
 0.00023336923101474616
 0.00017021222540744563
-0.00032099521567761913
 0.00015617373825257963
 0.00041580886431703823
-8.943301727551423e-05
-5.20098659126389e-05
 3.6872900644302486e-05
 0.00032457690772369485
 0.00020762121350442753
-9.412128072983084e-05
 8.130720228982646e-05
 0.00016317274859301012
 0.00015615350501557712
-8.945122718881371e-05
-7.585680885602297e-06
 0.0003877157034177098
 0.0001467891180491343
-6.372951288657891e-05
 4.854398784946701e-05
 0.00016549563542132828
 0.0002473611817245258
 5.321606471418716e-05
 0.00011870809709199626
 0.00022630345099222682
 0.0001210431238625187
 5.788611825520429e-05
 6.25622417673305e-05
 0.00023331257795115856
 9.29661495527867e-05
 0.00013974559458730662
-2.9399072289937322e-06
-1.9315444478057442e-05
 0.0003900203803327146
 3.44791974865033e-05
 9.99712298643124e-05
 0.0001163427204659978
 8.359366929154566e-05
 0.00020288439028130767
-0.00022984621535597494
 0.00015375980185777793
 0.00034088365196698056
 0.00019819815015069409
 4.147820782693379e-05
-0.0003047066813476468
 0.0003081285308214332
 0.00019585098343798124
-0.00018074186016943383
 0.00018882971653684522
 0.00019818398688480066
 0.00027537138635216896
-5.9118135732852406e-05
 6.485073209273884e-05
 0.0003127904910676521
-1.9359957599454636e-05
 3.677578110670987e-05
 2.0400243857632283e-05
 0.0003268168382803277
 0.00023793002507599414
 0.00017477301946867974
-7.676730452099711e-06
-0.00035152254620876566
 0.0004601339064827653
 0.000336160992009768
-9.890868704544309e-05
-3.0087002347856107e-06
 0.0002075058840535493
 0.0004156813949239557
-8.722141325068211e-05
 2.271301406744919e-05
 0.00022387130468412564
 6.949043577827996e-05
-0.00012933282806788793
-0.00012465670455576172
 0.0003735639101356547
 0.00020047045388651985
 0.00026596248626432895
 0.00015134586546297624
-0.0002860628870101356
 0.00013029015805438027
-0.00010829735389628059
 1.801058734722527e-05
 0.0005653517438147654
 0.0002659483229984355
 4.6073398391063836e-05
-9.427303000730802e-05
-5.918895206234731e-05
 0.00015600377906180296
 0.00045774222664865527
-7.556853595881707e-05
-0.00027439179980498496
 0.00042498912882681095
 0.00021213142447316924
 0.00018873866697036168
-0.0001597852956221335
-2.41210607069553e-05
 0.0003501286628351391
-0.000211250980787267
 0.00017937225668021584
 0.00020743911437144658
 0.00019106357712238287
 0.00013960193860462766
-5.220410498781025e-05
 0.0002659078565244305
-4.285185796355784e-05
-8.729627622756919e-05
-0.00016448772234234355
 0.00026356068981171765
 0.0005161785956224463
-4.286197458205909e-05
 6.707245273607221e-05
-0.00010836007693097727
 2.028693773045709e-05
 0.00017466375998889672
 3.431733159052486e-05
 3.899345510263719e-05
 6.004309254015183e-05
 0.0003454080262016296
-4.5219257913259314e-05
 2.4950921300379014e-05
 0.00014658071570805564
-2.8851813958979955e-05
 0.0001395594488069335
-0.00012709694415866113
 0.00020504945786103956
 0.00023779446238811341
 0.00014656857576586524
 0.0001442274790242476
-0.0002253481443294375
 0.0003757917007500833
 0.00010913530778448866
-0.0003118999307632486
 0.00019099883076398316
 0.00022842198212687237
 0.0002541497664001885
 9.275167724061284e-05
-4.525567773985828e-05
 9.976485084693676e-05
 5.064228574711005e-05
-5.461804138259807e-05
 0.00020267801126393203
 0.00015355544616409145
 0.00034301836969122257
 0.00032430375902423036
-0.00041250639094153607
-8.737720917556535e-05
 2.95744383963098e-05
 0.00028453141762493916
 0.00040382213861471505
-3.124754044049605e-05
 5.763522611644534e-05
-7.335490861028193e-05
 7.634376681232846e-05
-3.359470715320889e-05
 0.00016756358346348144
 0.0002541072766024943
-8.272131890044165e-05
-1.722928652261868e-05
 0.00017223363700448469
 0.0004880065250988247
-8.506848561314062e-05
-0.00023711028110108556
 5.527187281412216e-05
 0.00021198776849049028
 0.00014883076288318975
-7.80613819779119e-05
 0.0002470677997880588
 9.03478574643124e-05
 1.0817337931623427e-05
-4.0644300586131776e-05
 4.589939255288111e-05
 1.0811267960528226e-05
 5.291256615923279e-05
 0.0002914960314624737
-0.0001856769691151311
 0.00024704958987475933
 0.00040376548555112746
 4.82243027049023e-05
-8.510490543973959e-05
-5.703804774850885e-05
 0.00017452819730101599
 1.4347410518811277e-06
 0.00022130561901183288
 0.0002166254488523145
 0.00042947910655855015
-3.833760034741007e-05
-0.0005084933806712849
 0.00031953658594560674
 0.00021193718539799788
 0.00016749276713398653
 4.819799949680459e-05
 3.650060908354236e-05
 0.00031718739590921863
 0.00013239857257052456
 3.883361253036177e-05
-0.0002114492665098444
 0.00023297265956959134
 0.00019086731472350849
-3.134668330177781e-05
 0.00023296658959849614
 0.00013238440930461726
 0.00028442215814515615
-5.474551077568057e-05
-0.00023017804044273005
 0.00013471538942771977
 0.00010664448508909685
 2.009674530267791e-05
 0.00024230669668054428
 0.0002820689214613342
 0.00014406156648087698
-3.371003660408711e-05
-0.0002839929156442933
-2.43577895798347e-05
 0.0003522310073801743
 0.00038263693848933356
-4.775459373004831e-05
 2.00765120656754e-05
 0.00016977518748829967
 6.038024910809403e-06
 0.00014638040666178909
 2.7085639024607144e-05
 0.00017912338786514603
 3.643788604885956e-05
-8.753502842413774e-05
 0.00021186434574479995
 0.0002750173047047083
 0.00029606694214222296
 8.087016437068051e-05
-0.00010391865896801356
-9.222531520217125e-05
 0.00016974888428021584
 0.0002305627698221957
 0.00017442298446862514
 0.00013699578645834376
 0.0001861143049107783
 0.00016038247399007
-0.00017176797467703675
 5.9798270372474205e-05
 0.00023522675339211763
 4.342070979970747e-05
-1.973629580760694e-05
 0.0001907782884807141
 0.0002539312474406086
 0.00021182590259451184
 0.00010656557546480372
-0.0003425385440978673
-8.053068660252016e-06
 0.00033344962703110714
 9.486211508044629e-05
 9.252101833884252e-05
 0.00019309915198531535
 0.0002585911843631383
 0.00010654938887520726
-0.00018817588510532113
-0.000129701072981242
 0.0002375314303071363
 0.00027729365508794013
 9.250483174924606e-05
 0.00013694520336585136
 0.00025857499777354187
 3.870007316618407e-05
-1.042249193365652e-05
 4.571324677250799e-05
-2.2121905670621778e-05
 0.00020710526596100232
 0.00019306880212982547
 9.482569525384732e-05
 0.0001603177276316703
 0.00018136736506918494
-1.5116825359068331e-05
-7.593475754846812e-05
 9.247650521744533e-05
 0.00017902019835645822
 0.00015328836743573604
-3.431574888024258e-06
 0.0002608816980122497
 0.0003053220696288689
 1.7614015902084335e-05
-0.00023734700997395108
-0.00012741258265581978
 0.0004409802345729241
 0.00034039805427904524
-5.4907376671659014e-05
-7.596106075656583e-05
 0.00024215090075566104
 0.0002117409229991235
-6.661083705601645e-05
-7.596915405136406e-05
 3.396527326676724e-05
 0.00021875004995805525
 0.00012050694308209098
 0.00016260824128078166
 0.00010179030909139575
 2.4598862976621394e-05
 0.00012049884978729275
-0.00019527808495443943
-0.0001227688323228865
 0.00047837101275660654
 0.0003848060527164715
-0.0001344702693835409
-1.985769522959424e-05
 0.00011814561310347083
 6.200582774991414e-05
-2.922005887233403e-05
-5.495188979305621e-05
 0.000333332274256512
 0.00040584152688807884
-1.2854638241757699e-05
-0.0001906262413267218
 3.514829036224687e-06
 0.00018128238547378273
 0.000139177040627686
 6.900281476664161e-05
 0.00020232797626387744
 0.000244429274462582
 2.4554349855238078e-05
-4.5619876005806304e-05
 0.0001602165614466855
 0.00016255361154088321
 7.366679833656353e-05
 3.1561453490466795e-05
-2.2239258445203025e-05
 0.00028885548281330775
 0.000246750137967211
 8.162626016550156e-06
-1.2891058068356664e-05
-9.943879785477561e-05
 0.0002584374117619581
 0.00032860759097559644
-3.862895896017404e-05
 0.00011340878988035097
 0.0001952743361835485
-2.9278735259624655e-05
-1.9924464911683093e-05
 0.00016719938519751953
 0.00037537489606792596
 0.0002139768069083503
-8.542661390799344e-05
 1.1170792310194466e-06
 0.00023502239769844502
 0.00012508392373292154
-4.56704590982987e-05
 0.00011338450999595628
 0.00012039970692599711
 0.0002700983823486075
 0.0002467056248458138
-0.00018134683395565343
 5.777016153535319e-06
 0.0002747684358896385
 1.746833659570235e-05
-6.674032977280198e-05
 0.00015079147476924903
 0.00031452459069933325
 0.00017183908888304678
 2.2136366813030328e-05
 0.00017417411565355534
 1.979324674770966e-05
-9.248430063572843e-05
 5.0197154533165866e-05
 0.00018118324261250096
 0.000518007791468017
 0.0003495924820547114
-0.00035213156664237744
-0.00024219713932424614
 0.0002630406956208864
 0.00023964793811807883
 0.00034256514518248016
 7.824782563480015e-05
-1.765620782326338e-05
 0.0002700477992561151
-8.54933835900823e-05
 2.210197031013439e-05
 0.0002817370963745791
 0.00020220657684189014
 8.057273578682134e-05
-0.0001346240419847211
 0.00014840181825884202
 0.00035657732912924844
 0.00019985738680550202
 3.612022422799788e-05
-0.00019077192063310378
 0.00011330560037166315
 0.00025598705554055745
 9.692803979889641e-05
 0.00029574725699765825
 8.05504792261158e-05
-5.043965550062535e-05
 5.6960832055530375e-06
 1.0159130460346555e-06
 0.00024895567202093405
 0.0002255629145181126
 0.00010860722029885916
-4.577364860698652e-05
 7.585614580069011e-05
 0.0004173588414920354
 0.0001483633751085539
-4.110359506596939e-05
-0.00012531226143447372
 0.00010859305703295186
 0.00040331428436608807
 1.034792683328456e-05
 0.00021618436428577636
 0.0003495095257830122
-2.7083317824402875e-05
-0.0002609926829392206
-0.00014404103536735935
 0.0005038802780703705
 0.0005249299155078574
-5.516231545782402e-05
-0.00018147430334873593
 3.3104733425520783e-06
 0.00011090582724276876
 0.00034948929254602357
 0.00014832695528195494
-0.00015809368578813265
 3.370831115689921e-05
 0.0001763897663257935
 0.00022316921136031342
 0.00013194332473807913
 0.0002371996052203812
 7.580151606079166e-05
-0.00032418206172572794
 9.471200402427771e-07
 0.0004313346056122186
 0.0003728557468407334
-0.00014875964867717972
-0.0001651351859262573
 0.0004921424211831171
 0.00026057212948618624
-0.0003031465875541206
-0.00015578698554941095
 0.000405588611425603
 0.0005716608007736018
 2.665467107657027e-05
-0.00018152488644122833
-0.00012538914773506382
 0.00019506188719507767
 0.0004968003347819439
 0.00011552934433869955
-9.498928659701367e-05
 2.664050781066296e-05
 0.00012487956803923506
 0.00021844048143200567
 0.0002441682657053218
 0.0002465053157995334
 0.00018334831019221898
-0.0002587385891167082
-5.758029850003177e-05
 0.0005014562250570676
 1.9605077643633506e-05
-8.331617606816e-05
 0.00026754281329484375
 0.00034706928618012667
 0.00029092950082654223
-0.00018858257316896332
-0.00029852104713450067
 8.976311691508143e-05
 0.0005014380151437681
 0.00031898826522297474
-0.00015116751510088622
 1.022652741129726e-05
 0.00011314373447568471
 0.00019500928077888224
 0.00011547876124620715
-1.551137348052012e-05
 0.0001809687703003271
 4.763956215567133e-05
 2.8924951488693007e-05
 2.6583854747075364e-05
 0.00015055272257268049
 0.00040317062838339524
 8.739369364167693e-05
-0.00021434880059258143
-4.3598464408767246e-05
 0.00025813998317809894
 0.0001084372611080825
 0.00012480875170975403
 0.00019731800434130697
 2.4224548092172116e-05
 0.0001715841500968679
-3.425633400301609e-05
-0.00011846500037152041
 0.0001739171535436873
 7.09958998318938e-05
 0.00015286144613509134
 0.00037039325067714235
 0.0001879435007563629
-4.362679094056798e-05
-0.0002424500547867081
-4.129176417004554e-05
 0.00044991163026762704
 0.0003540075968095635
-7.87230088277191e-05
-0.00016994889544996727
 0.0002347087825249894
 0.0003539995035147653
 2.418812826557315e-05
-0.00014422718114773247
-2.025831332214123e-05
 0.0003469741899662371
 0.00028147811094100805
-8.10802921589332e-05
 0.000122417071875644
 0.00019024817767138158
 4.522360243716661e-05
 0.0001247500753224634
-4.36652340908561e-05
 0.00018088379070493876
 0.00020193342814242565
-3.8993157226122066e-05
 0.00015748698655472515
-1.5720291869497638e-06
 8.731073736997774e-05
 0.00015046369632989998
 4.7542442618092595e-05
 0.00022530999905565063
 0.00011069337825429792
-6.473915141275155e-05
 2.882176198000519e-05
 0.0003562900171638905
 0.0001855356343326564
-9.04770523045828e-05
 0.00011302031173000826
-8.61352932507442e-06
 0.00011769441191843144
 0.000159795710117136
-0.00013025141702756315
 0.00022060757233542672
 0.0003586108806684918
 8.961541428499642e-05
-0.0001957535660238735
-0.00015599134124308356
 0.00015510340001541334
 0.0003048020754380376
 0.0002533404369202824
-2.5011323134843666e-05
 0.0001433999396310559
 0.00015977143023274132
-6.010349437463036e-05
-0.00011624327972818704
-6.308852410055743e-06
 0.0004030269724007163
 0.00014572687310676624
 7.789172066365035e-05
 0.0002884063049519714
 3.812342591175133e-05
-5.076338729258223e-05
-0.00016304093467600644
 6.61862369555899e-05
 0.00039365449213947523
 0.00019249215487539273
 6.861112829825711e-07
-4.375830698104266e-05
 0.00015038276338190382
 0.00024394367677464668
-8.352862505664471e-05
 3.015068082395933e-06
 0.0002790237080722152
 0.00019013689486789553
-8.353671835144294e-05
-4.6113566988539856e-05
 0.00039596928567299516
 0.00014334733321486048
-7.41885179745827e-05
 0.00011761347897044916
-2.7411096263751933e-05
 0.0001503564601738061
 0.00026496903432775276
-1.8060872563202546e-05
-4.37927034839386e-05
 0.00037957756183430724
 0.0003585238777494004
-0.0003104531430969254
-0.00024730018413701704
 0.0003702131748678644
 0.0003819065186337206
 8.718124465319221e-05
-4.3808890073535056e-05
 3.571758281174786e-05
 0.00015266923038360913
-8.124013473122249e-05
 4.272873309439651e-05
 0.00025324331738270367
 0.00020178167886494847
 0.0001245902327501741
-0.00022627280326020793
 0.00011289081901322273
 0.00043568092736127884
 5.289395141896969e-06
-0.0001771603547788686
 0.00013861253331545753
 0.00025088603405148957
 0.00015264292717551142
 0.00016901441777719683
-5.3199580248075584e-05
 0.00027192960151789514
 0.00022046796300013993
-0.000289452065428214
 0.00015730893406915025
 0.00027659965505892614
 0.0001245578595709812
 0.00029530819575480927
-1.3451518733179069e-05
-0.0002590562509375699
 0.0002531988042613065
 0.00020875438599729512
-3.685034620708183e-05
 0.00043096231405147234
 0.0003350582805934088
-0.000207608775685722
-0.00022866245977062882
 0.00026254093466705763
 0.00042627405059714185
 0.00017365209813902105
-0.00012107317584150734
-3.219040928456596e-05
 0.0003841626357799499
 7.306384787403308e-05
-4.1552772927319626e-05
 0.0002461512341520866
 0.00014322998044027924
 0.00015024517737032006
 0.00011047890594212406
 9.896725648245175e-06
 0.0001736298415783294
 0.00024613909420988234
 4.965490378162907e-05
 3.795751336838071e-05
 0.00012917935334322284
 0.00023677470724343952
 0.00015490511429283593
-0.0002404003166578822
 9.408515877974699e-05
 0.0004426050747248361
 5.181754158950502e-07
-5.7960683355590126e-05
 7.536447814165959e-05
 0.00019465519913143547
 0.0002882161125241922
-1.118730829216541e-05
-3.9258212630788325e-05
 2.1555672911205415e-05
 0.00022739211036369722
 0.00022972916045789493
-8.60477742838095e-05
 0.00030457546318367335
 0.00011043034617333469
-0.00015388697337434531
 0.000147851474212507
 0.0001431713040529886
 0.00029988719972934286
 8.936856879362964e-05
-1.3552684918177738e-05
 0.00010807710948952665
 0.00017824728870316497
 0.0002460783944988887
 1.2169029384057062e-05
 9.637364910516921e-05
 0.0002039690030053859
 0.0001852543923383937
-1.5907944925674933e-05
 7.531389504916719e-05
 0.00047997157302412385
 0.00015483834461074708
-0.00019602469139964884
-7.205582357404372e-05
 0.00028582038604269
 0.0003185653905697361
-9.779170114217195e-05
 0.00010804473631031986
 0.0003325937611061147
 2.7823858569225868e-06
 0.00010803866633922465
 1.2134632881161123e-05
-3.230978538285023e-05
 0.0004635717558906516
 0.00018288092241758314
-0.00014225230599579364
 4.487154411342287e-05
 0.00029982852334205223
 0.00015948209494368037
-5.805375624577669e-05
 0.00020625951665451114
 0.00010099918952480302
 0.00015947400164888215
 2.1466646668411027e-05
 4.017721068799718e-05
 0.0004845991367674468
 5.888575138389418e-05
-8.949401059235584e-06
-2.5324938308313172e-05
 7.993134217400277e-05
 0.00042143403786534805
 0.00010799617654153049
 4.7178244352130694e-05
 7.758417546128993e-05
 0.0001851795293615066
 0.00010564900982881764
-1.8323904644179656e-05
 0.00016879994546503685
 0.00022727475758911597
 0.0001594396051459862
-0.00011891215490916762
 0.00011265409014034333
 0.0002506573984734223
 0.00021089112704522628
 0.00018749836954241872
-0.00028733555761728535
-2.536135813489826e-05
 0.0003325148514818216
 3.311143066547784e-05
 7.28736554462539e-05
 0.00029742268024206264
 4.2461654366027224e-05
-6.513774618159551e-05
 2.1405946957417377e-05
 1.4386703379984378e-05
 0.00029273441678773215
 0.00010326744661320886
 2.685266319329971e-06
 0.0002436078050404994
 4.712361461224612e-05
 6.817325204974689e-05
 2.138976036782092e-05
-3.24109515678489e-05
 0.0002927182301981357
 0.0001570499486355792
-0.00014235347218077843
 0.00010090813995830561
 0.0003277962381720012
 0.0001079213135646434
-0.00015171785914722125
-9.558212044104286e-05
 0.00019913910689209335
 0.00039094110383711134
 1.4348260229682386e-05
-0.00015874519601945247
 0.000259946922462978
 0.0001991289902735921
-4.413666851289799e-05
-0.00011664996779184311
 6.81348088994449e-05
 0.00031373549445644355
 0.0001078950103565457
 6.81287389283497e-05
 2.83624675001537e-05
-1.3742877345943039e-05
 0.00024355317530060094
 0.00017571802285747118
-0.00010965095745141262
 0.00017805304962799362
 0.00021547620099086895
-0.00013070868818371162
 0.00014997809864195077
 0.0001242462677212286
 0.00022950254820353067
 0.00026458662614850526
-0.0003459135592500523
 0.00013593354151598958
 0.00043299384226702653
-6.289174565388134e-05
 4.7042681664249963e-05
 8.914397986295453e-05
 0.00022246914136020424
 0.00017802472309619288
-0.00020792441418288066
 0.0001522908688517538
 0.000294972324020662
-5.589071198973394e-05
-7.226624923882541e-05
 0.00019672517049727778
 0.0002037403674273186
 0.00010315818713342584
 0.0001452594853321304
-0.0002477068722006731
 2.362362095335857e-05
 0.0003370574356297701
 3.063679455968249e-05
 0.00018735269023603673
 7.039699601676941e-05
 0.00011015922079757323
 0.00010547905063804097
-0.00026877471955147336
 7.506704955778654e-05
 0.000573287664249203
 0.00015693057253729492
-0.00021264505081639018
 0.0001709609663973488
 0.0001428900620587259
 6.569861594395154e-05
-3.0205417514111987e-05
 2.539587012947986e-06
 0.000245801199152032
 0.00012416735809693547
 0.0001826421702210146
-2.7876460714698625e-05
-1.618311694882857e-05
 0.0001732798065782748
 6.1002259194836705e-05
 0.00010310355739352739
 0.0001943253973683695
 9.608229049240524e-05
-9.806282651793341e-05
 0.00011245175777037375
 0.00010777158761085537
 0.0003065908048096311
 0.0002481119460381459
-0.00025479086213649194
 0.00011945886140561635
 0.00026447938999242526
 0.00011243759450448032
-6.857173132687744e-06
 1.1853390886898407e-05
 0.0002948792511304754
 0.00023640039235899024
-3.961229427824897e-05
-2.7918950512392793e-05
 0.00024341154264161113
 0.00011943862816862771
 4.224718205385336e-05
 6.095774607343951e-05
 0.00019896105440650458
 0.00032994714248583967
-3.027218719620084e-05
-0.000128515294072179
 5.393040920119441e-05
 0.00030888738842983765
 0.000180236327121025
-4.6655817740076655e-05
 0.00023169189566765724
 0.0002106382115827643
 3.988382875154406e-05
-3.964669078114491e-05
-1.1579833089914171e-05
 0.0002550725132282883
 0.00023401882914338146
 5.390815264050275e-05
 5.624520273471434e-05
 0.00018957036423196405
 0.0002527233231918724
 1.0137073375160455e-07
-8.41072956347666e-05
 0.00021295300511627036
 0.00028312318432992256
 0.00013575953567780685
-5.604650791461718e-05
 2.815811180648109e-05
 0.00029714953154259816
 3.049313857700353e-05
-9.114070247809303e-05
 0.00016615535016845095
 0.0002854460711582407
 0.0001474387161777696
-0.00013325211729528497
 0.00012638300876915975
 0.0003696446209082299
 3.749417224113705e-05
-0.00014963372451547163
 4.91854926832902e-05
 0.00025970007697159736
 0.00025501990681209286
 4.737027771872793e-06
-4.4385537327967794e-05
 0.00024097939633350995
 0.00022694293250236086
 4.683225599948215e-05
-8.883602556307435e-05
-6.970479259876816e-06
 0.00027839445440160093
 0.00018716856777936663
-2.5689136574261195e-05
 0.00013102675910209305
 0.0002596737737635135
 6.318958333526026e-05
-0.0001847542222870313
-1.8682032939032478e-05
 0.00047486043491654084
 0.00016610072042856638
-0.00014265899405943583
 0.0001707748206169757
 0.00011697410868131974
 0.0001707707739695835
 4.694537974178625e-06
-9.822671573761488e-05
 0.0002760230078044934
 0.00024327395663004125
 2.8077178858498808e-05
 5.614403654972955e-05
 0.00017777383095742005
-4.6779240485753104e-05
 5.379889316071973e-05
 0.00023156644959827777
 3.7421332587939116e-05
 0.0002198670358613125
 0.0001613881770898412
-4.4452307010056646e-05
 3.741323929314089e-05
 0.00021518079573069893
 0.00022219599266073975
 9.33828830711192e-06
 4.676143966998725e-05
 0.00012862698597318478
 0.00013798125632114022
 9.119776463921425e-05
 6.312686030056358e-05
 0.00021984275597691783
 0.0001917718516382949
-5.14938071481813e-05
-8.424285832264733e-05
 0.00017773134115972589
 0.00043268832038836913
 1.399215525853259e-05
-0.0001824920351697068
 0.00027128618458137355
 0.00011456624225761325
 9.819070500854954e-05
 4.205091965497898e-05
-4.9174966967269196e-05
 0.0002806323616345169
 9.350446487792208e-05
 6.543356053928528e-05
 0.00015197725367829817
 0.00025021631390687027
 7.010563740401932e-05
-0.00012637855302423395
 0.00018705526165217756
 0.00010752474211948859
 0.00024318897703465292
 7.24345942034188e-05
-8.194627470242688e-05
 0.0002923034488396814
 0.00016365238753085487
 0.00010751260217729819
-7.727622116139587e-05
-8.663453815674349e-05
 0.0003531092410868769
 0.00024317076712135344
-7.494524103827949e-05
 5.837992045895635e-05
 0.00020106137562783677
 1.86116257070712e-05
-9.459278631565593e-06
 0.00013556124995522945
 0.00021274864942259775
 0.00018701681850188945
-0.00011004752889655356
-0.00013344028639936112
 0.0003179988599338046
 0.00026419814799816255
-6.327415383312884e-05
-3.286822272398349e-05
 8.174435142997705e-05
 0.00020337414583765367
 3.7297909842262666e-05
-4.8074350038479485e-06
 0.0002688621315680706
 0.00027821640191601216
-2.4744315570285336e-06
-0.00023638379667186016
 0.00016359573446726727
 0.00032265070356153613
 3.728172325266621e-05
 8.640024170510074e-05
 6.768563103810854e-05
 0.0002782002153264157
 0.0002314167236445036
-0.00027382515794803497
-4.2258912898524015e-05
 0.00028754841570327594
 0.00019632252908102776
 0.00012614830321999726
 4.1939636851492934e-05
 0.00021502904645322174
 0.00013315945350261815
-0.00012881879262713336
-2.3562512144831294e-05
 0.00015888319112855598
 0.000343667967819844
 6.839372316921888e-06
-0.00014052427633519382
 0.00017992675859496154
 0.00024775786439068526
 0.00013548031700724716
-0.00020134827849568881
-1.4224428386486188e-05
 0.0003272782673048591
 8.401260851839676e-05
 2.78728231648262e-05
 0.0001284509568113129
-9.556398169158209e-06
 0.00021499262662662277
 9.803693240736933e-05
-0.00028089498461796036
 0.0003155667136257173
 0.00030854747004827043
-0.00017330367736513586
 2.7854613251526716e-05
 0.00010972015955472425
 0.00017287311851461873
 0.00014480221417599581
-0.00013354954587914414
-5.168399957596048e-05
 0.0003202266505482332
 0.00016116763480657215
-0.00011484505183065319
 2.5497329920312617e-05
 0.0001892304458504107
 0.00011671714657145171
-0.00011251407170755068
 4.186275055090283e-05
 0.0002009177196451578
 3.951963048558216e-05
-1.6620154867974524e-05
 0.00016114740156956964
 0.00012372020355928826
-5.872954636149119e-05
 0.0001471068910910145
-0.0001476183828895139
-5.171839607885642e-05
 0.0003669737224035602
-2.6019009501110357e-06
 0.00010265437953219103
 6.7503460741275e-06
 4.183442401910209e-05
 0.00022895827412830472
-0.000341777663165746
-3.7700142160979055e-05
 0.0004722158396199827
 0.00010497928968419834
-0.00016635525011719776
 4.883748100693863e-05
 0.00020555337668329288
-4.005135552109795e-05
-0.00011958187505377305
 0.00017981749911517853
 0.00026870026567209215
 5.3503487900549707e-05
 4.88233177410452e-05
 5.8177588088986765e-05
-6.579532638401053e-05
 0.00013302389081473742
 0.0003622510624463615
-9.620935078795412e-05
-0.0001991306044997615
 0.0003973310937439162
 0.00013301377419623617
-0.0002739870238440134
 9.558455286226564e-05
 0.0004791905700760185
 8.6224212543215e-05
-0.00040264415512393514
 4.8794991209244465e-05
 0.000329481778034893
 0.0001634055420394881
 1.6041893387386263e-05
-4.477603880201353e-05
 0.00017041669232212286
 0.00022655243102830125
 3.708546085379183e-05
-0.0001547205827386322
 5.345492813176034e-05
 0.0003551933757186265
-2.6868805454993705e-06
-0.00011028628109312211
 0.0003622045260012613
 0.00033881176849843986
-0.00011497049790004654
-0.00020619638452228084
 0.0001610361187660836
 0.00024524073848719574
 0.00012828504426792842
 0.00012828302094423927
-5.884487581236941e-05
 0.00011190546037144478
 0.0003200809712418512
-5.651187236555e-05
-0.00015475497924152815
 0.00022183381771848087
 0.0002475616019918109
 1.1313163459078512e-05
-5.4182915566150514e-05
 0.00023819923834907109
 0.00031304756439852477
-0.00021090690453731686
 1.946753168932669e-06
 0.00022649577796471365
 0.0001259135976708209
 0.00016567582245161083
-0.00018050906672295586
 9.54995732668773e-05
 0.0002475373221074162
 0.00015163328864933878
 6.742462228084833e-05
-6.590458586379355e-05
 0.0002943106971708409
 2.063708395151631e-05
-3.316362798413963e-05
 0.0001890463233937406
 0.0002521992823536351
 0.00031301316789562883
-0.00021328037445811354
-3.785189143845624e-05
 0.0002896163637454152
 6.0385145466412826e-05
 0.0001445897651875111
 0.0001282142279384474
 9.546517676398136e-05
 0.0001679744293955343
 1.1254487071774011e-05
-4.429033414743433e-07
 4.165839485723022e-05
 6.972525254846096e-05
 0.0002662053963293082
 4.227150199542784e-06
-1.9165607303264776e-05
 0.0003527450428209289
 3.930718149711132e-05
-0.000276469753244607
 0.0001094753373870605
 0.00038080583054106443
 3.228186794858312e-05
 5.099243196816927e-05
-2.853808756450582e-05
-0.00015485007545541773
 0.0005632434405196396
 0.0001632598627331061
-0.00045659661633708215
 0.00030593929457831126
 0.0002497995092247268
-0.00017825294957674043
 0.00016324974611461873
 0.00021002919114913865
 0.00014921125895975274
 0.0001492092356360497
-6.598754213547886e-05
-5.8972345205451915e-05
 0.00033398996567994554
 0.0002872064739980196
-0.00012447247087807312
 6.499045264904413e-05
 0.00024977522934033214
 0.00015854934271809784
-1.4544113531050895e-05
-7.068389888460758e-05
 0.000195968447433581
 0.00014918495575165502
-2.624757391539445e-05
 3.456631162659929e-05
 0.0002450808959149203
 0.00026145238651659186
-0.00011747953050873783
-0.00013385506775780154
 0.00017256152666486613
 0.00023103633878894525
 8.601176355474416e-05
 3.455012503700283e-05
 0.00019126602071335708
 0.00020295936447921326
 8.814247468874603e-06
-0.0001385494011832411
 0.00013745923880660593
 0.00028014069397548635
 0.00011640353139799609
 3.6873011865307115e-05
-6.370916842857177e-05
 0.000214638544979176
 0.0001514815393718616
-0.00011751392701163377
 1.3472161067701327e-05
 0.00019123971750525937
 0.00031286951191294987
 1.814423793242148e-05
-7.542072210771356e-05
 0.0001444501558522382
 0.00016316071987182434
 4.38659522346424e-05
 1.8134121313920226e-05
 0.00011871225496042082
 0.0002707500038009458
 0.00010935191464137017
-2.1638220085370974e-05
 0.00023097968572535765
-1.228597306111856e-05
 0.0001374127023615057
 0.00016781863347065107
-0.0001549755215247972
 0.00032453250582331616
 0.0002450019862906272
-9.650475604812414e-05
 4.073377598362571e-06
 0.00019353630112547981
 0.00016546539678684302
 0.000132716345612377
 1.8099724811038165e-05
-0.00021347056688587884
 0.00043678981996975175
 0.00021691489536239394
-0.00021347663685698792
 0.0003128128588493623
 4.849553930168227e-05
 6.0188883067538446e-05
 0.00013035906228117677
-0.00010588937625155559
 0.0001397113093054292
 0.00023561129611608667
 0.00012801189556846393
-0.00011993191005382764
 8.122638056284881e-05
 0.00025665486358249223
-4.9765777487595364e-05
-0.0001035664894232513
-2.8718163373783745e-05
 0.0003595660006757845
 0.00023091493936695795
-0.00022286732703152845
 9.056648764489694e-05
 0.000195822768127199
 0.00011395317517659542
-5.2123060818809464e-05
-4.042971705293941e-05
 0.0003899577685190364
 4.6111952762370456e-05
-0.00018311926551663193
 0.00026598080739864693
 5.546217646291984e-05
-3.576371015932833e-05
 0.00025194029692006403
-7.55320049111996e-05
-5.361825697575151e-06
 0.0003548534573370732
 9.989243146103777e-05
-0.0002322580172060551
-0.00012232358988793768
 0.0004039659058184125
 0.0002472459634946522
-0.0001808064953068289
-1.4734305958816196e-05
 0.00018174583782203102
 9.987624487144131e-05
-0.00026502123164642843
 9.987219822404914e-05
 0.0005209033901243804
 2.5017802203472495e-05
-0.0002580121046874967
-7.088825457828019e-05
 0.00015132169679958618
 0.000158336893729627
 0.0001700302374954693
 6.009176352995971e-05
 4.371622628086824e-05
 0.00020511026879305172
-0.00012002295962032505
-0.00013172035003358729
 0.0002869717684488571
 0.00022849290967735802
 8.617985070000223e-06
 0.00010217889846274308
 0.00013024575615400158
 1.0950988516819637e-05
 8.34602411483587e-05
-5.6886187250013154e-05
-0.00013875578020060286
 0.00037583834841617425
 0.0003080031959730445
-0.00021361219954486865
-5.455723045059979e-05
 0.00024016399688252255
 0.00020975401912597114
-6.158052067543884e-05
-0.0001364328933722847
 4.1334663065273336e-05
 0.0001348955764580162
 0.00011150281895519476
-6.626878412975545e-05
 0.00015360209383021017
 0.0003220133565961236
-0.00014112520347402124
-0.00022065572300671021
 6.23701372368668e-05
 0.00015359197721170892
 0.00022376215642534725
 7.405943435531692e-05
-0.0001692062244311454
 5.7681873782550186e-05
 0.0002097196226230752
 1.0896358776921189e-05
 4.130228988608042e-05
 0.00010211617542806029
 0.0001933380154029024
-0.00011776077250300054
-0.00019963036545360413
 0.0005301585176110402
 0.00015824382083944044
-0.00014115959997691718
 6.233776405766e-05
-8.268681117652721e-05
 0.0002658331047685619
 8.104428142986786e-05
-5.503458356564961e-06
 0.00018395946517056616
 0.00013015875323491022
 0.00013483487674702255
-0.00023474074660666255
-0.00011545002561687279
 0.0003242937536267476
 0.00033130895055677456
-4.9962039886469745e-05
-2.6573329031040482e-05
 0.00023072272361548962
-3.3594595932190385e-05
-0.00018797546483803607
-0.00010610991853483853
 0.0003570245948879003
 0.00035936164498211187
-9.208154799847379e-05
-4.998024979976923e-05
-2.8930612362254582e-05
 0.00017690582509023722
 9.971437897546287e-05
-0.00011548239879607958
 0.0001418136538504644
 8.333479507897923e-05
-1.0230164961169685e-05
 0.0001090605560286062
 9.034594536162788e-05
-7.89716151435027e-06
 6.46120911171888e-05
-8.04124841170123e-05
-0.00018801188466463503
 0.0003873981528178527
 0.0002610861649269408
-0.00031666699262085374
-6.404908681013899e-05
 0.0002821317557170494
 0.00013944625390076293
-0.00020206048843800228
-2.4292932000444245e-05
 0.0002446984877356728
 8.096132515818255e-05
-3.131622222526942e-05
-8.97950809967546e-05
-5.590461275642444e-06
 0.0003990672166993142
 0.0002797724490621323
-0.0004266297464707858
-0.00019272442800334633
 0.00030081803985224087
 9.731662917025763e-05
 0.00015111329445850752
 6.456555467208858e-05
-3.835569903969105e-05
 0.00017683703208444534
-4.771603935874169e-05
-0.0001108730449660561
 8.5607098814805e-05
 0.0001861852324612917
 0.00031249317370479757
-5.622834454849235e-06
-0.00023953219956966698
 0.00018383806574857886
 0.00017915789558906048
-9.919386446609335e-05
 0.0002820730793297588
 0.00019318626612542522
-0.0003798887445865401
-0.00016703508688031832
 0.00042708753794544474
 0.00031714906397992126
-4.073119228420463e-05
-4.541136244373689e-05
-0.0002231829655286871
 2.241772002831155e-05
 0.00033351246128680845
 8.089050882868765e-05
-5.4777772733882735e-05
-5.659254281434323e-06
 0.0002656712388725835
 2.0066506668192652e-05
-0.0004103250255511892
 0.00021888370054325146
 0.0004808579000256247
-3.607934865648699e-05
-0.00021151187832353646
-0.0002957205446920269
 0.0002492815383575986
 0.0005744107201235693
-8.053186021529657e-05
-0.00019280940759874854
 4.5774057704520144e-05
 0.00011594423691815847
 2.7057423713824913e-05
 6.448057507670024e-05
 0.00018844944290231924
 8.318911577259724e-05
 9.020431270263807e-05
 5.995646334119864e-06
 8.786119263733128e-05
 3.873862753749069e-05
-0.00012032038820418423
 0.00028667636318868706
 0.00036386376265606923
-0.00011798738475736481
-0.00029108084100649967
-0.00011331328456895551
 0.00016971257567460762
 0.0005205715650376253
 0.00023754165814665607
-0.0003238379854757639
-0.00020922541132181727
 0.00030069057045915837
 0.00022583819776229863
-0.0003963573547258181
 2.701291059242772e-05
 0.00045038317591068744
 9.952013990029152e-05
-2.2113701154805043e-05
-0.00014608661562780234
 5.039352815305875e-05
 0.0004293213985309824
 0.0002094464739236107
-0.00044315703299734055
-0.00015311395250003357
 0.00031937685459434983
 0.00019774301353926715
 0.0002772694864245362
-6.423725591421514e-05
 9.013956634425224e-05
-1.5120760785469756e-05
-0.0003800182373033256
 0.0003684832331045801
 0.0003123434477510234
-0.00010869179079671387
 6.439761880501493e-05
 0.00015795853219777167
 1.5273030381485198e-05
 0.00010649487035632732
 0.00015093524197293262
-0.0001999277940374633
 0.00020472988393750724
 0.00033571597201684233
-0.00034495641591905657
-8.99994366904272e-05
 0.0005321920691502696
 0.0003006217774533665
-2.4511450960010284e-05
-0.0002350300818957235
-6.427974571190931e-05
 0.00036376866644217964
 0.00014389374183480796
 8.77539564812374e-05
 0.00011815988759038276
 0.0002748757832667509
 0.00015792008904748356
-0.0003660343798883581
 4.3301444922413945e-05
 0.0003356835988376494
 0.00040585377805127387
 0.0001672662661006269
-0.0004151650382829969
-3.155902106923014e-05
 0.0004105238315923049
 0.0002233959348356962
 5.264155200446208e-05
 0.00022573096160620476
 0.00010175804713320746
-0.00022337518128015543
 0.00012046658782909059
 0.00027952155692335945
 0.00014853142219664606
 0.00036138507990286783
 3.859092490740568e-05
-0.00023040454147610356
 0.0002701551466332275
 0.0002467623891304199
-5.965825193966767e-05
 9.471857031877196e-05
 0.00030523315460710687
 5.495027556688681e-05
-0.00021170611739870782
 6.898066942695458e-05
 0.00036604097017797765
 0.0005250959392722604
-6.435258536509336e-05
-0.00041053747453966005
 0.00038006731739065325
 0.0003286056788729119
-6.202160524197697e-05
 3.855652840450974e-05
 0.00012977836837935186
 0.0003496492463393175
 9.468822046328207e-05
-9.0100602875412e-05
 0.00018356896369650655
 0.0003098769049400263
 0.00021163379806404814
-0.00017197626579711078
-0.00015794384861334
 7.83005432720002e-05
 0.0002724416136349467
 0.0004595654637441493
 7.595539988299038e-05
-7.140824876912533e-05
 0.00015080170260875492
 4.320230206113218e-05
-0.00026789648584477077
 6.892806301075916e-05
 0.0006373208802395169
 0.00013909621890070833
-0.00021176681710970147
 2.9155721611467955e-05
 0.0002092623514669406
 9.698480408350252e-05
-0.00012055104710595455
 0.00032854902580931045
 0.00017884630373930788
-0.0002983266968383108
 5.954951277842291e-05
 0.0002560296565592701
 0.0002560276332355671
 0.00019520970104618118
-0.00011121094002390641
-0.0002445401481685483
 0.00015777845638849375
 0.00041507450903503773
-0.0001369488409157238
-0.00022583565412005735
 0.0004127293656460279
 0.0003402160663670828
-7.380195192692451e-05
-0.00016268876513125807
-4.807619097729754e-05
 0.0003144781654752654
 0.00021155691176345803
-6.445577487378118e-05
 5.714404339857149e-06
 0.00012266605191171842
 0.0003682667374687171
 0.0001296792255180701
-0.0003194248940446148
 0.0001343533257064794
 0.000419718259367971
-9.25408424783114e-05
-1.5353443010943102e-05
 0.000307436665337113
 0.0001974981913716034
-5.044561425070204e-05
-0.00013465428061920637
 0.00021152656190795427
 0.0002653232271962319
-2.2384826530566504e-05
-6.916831821249247e-05
 0.00021151846861315604
 0.0001390051693342248
-7.385253501941691e-05
 5.7133553059918185e-05
-9.958638926384211e-05
 0.0002863587013678254
 0.0003752414679247529
-0.0003451951681156251
-2.474413318548363e-05
 0.0005109016561925112
 0.00010156178473433308
-0.0002329277373506744
 8.518422416155247e-05
 0.00019979679831549912
 0.00014833515979777168
 4.775297950387891e-05
 9.219335112048421e-05
 0.0002652827607222269
-6.051779079183084e-06
 5.710117988072527e-05
-3.7167523086745202e-06
-6.057849050292163e-06
 0.000295680598536574
 4.539771949636784e-05
-0.00011366129624530708
 3.369830575940258e-05
 0.0003588274875253733
 0.00015298700342548932
-0.00023764028068939957
-3.882106349063774e-05
 0.00010853853851407191
 0.00013894446962323115
 0.00018104576782192183
 0.00016233115715492963
-9.262986872110579e-05
 0.00010151120164184069
 8.279659097484848e-05
-0.0003592903083340926
 0.00020442436205883596
 0.00041961709318298623
-5.0538687140888605e-05
-5.7557930718321604e-05
 0.00014360035989834097
-3.7632887537747406e-06
-3.885141334612763e-05
 0.00013189892283768656
-0.00015113098405328262
 0.00015762468378731354
 0.00031434057946368166
-2.4827089457168938e-05
 5.937753026394321e-05
-5.5239090537423374e-05
 4.5339043109077215e-05
-8.461668826578728e-06
-5.290608709060396e-05
 0.0004172456465858648
 0.00022076145615762544
-0.00026342876467370935
 1.0240801898209195e-05
 0.00015760040390291885
 6.169637044484144e-05
 0.00033536593701678774
-0.00011373818254589718
-0.00016987796789946774
 0.0004569916847770583
 6.63644006621833e-05
-0.0001324588631839846
 8.507294135806642e-05
 0.0002464669838702499
 0.0001645973909196602
-0.0002143345261056695
 0.00013184631642149114
 0.000323648313366523
 8.506080141587602e-05
-4.1251186475035895e-05
-1.552340220171977e-05
 0.00011546268587761532
 9.206992837480776e-05
 0.00019264806202129447
-0.00019797922209359442
-6.231498717844397e-05
 0.00032830825028903887
-3.191107939298776e-05
 4.293724665646592e-05
-3.846245025460049e-06
 0.00017158223799418337
 6.632191086448913e-05
-0.0001465357934891387
 0.0001411682135902398
 7.839005445597902e-06
 0.00014350324036076223
 0.00014584029045497382
 3.590181648943647e-05
-6.203528356674148e-06
 0.0001972938356779308
 4.05738933541705e-05
-0.0003734441249398368
 0.0003306149505277606
 0.00031190033986076837
-0.0001255084126123296
-6.703360048825047e-05
 6.629156100898537e-05
 0.00020195579592413582
 4.055770676457404e-05
-1.5476380815365731e-06
-0.00010680796521124469
 0.0003025278595995273
 0.00014112977043995167
-0.00035709489089885693
 0.00013644757695673027
 0.00010603759920017886
 0.0001481388973988973
 4.5217643687089915e-05
-0.00021442152902476086
 0.00020427058945765575
 0.00010602748258169148
-7.876134075700258e-05
 5.456382074023325e-05
 0.00016215917464044993
 3.35081133316234e-05
-6.239592012642625e-05
 2.6486846430501254e-05
 6.157092437546197e-05
 0.00022530404030556006
-4.1352352660020686e-05
-6.708418358074286e-05
 0.00019489001590161648
 0.0002206178001749326
 0.00015512172114973133
-0.0003056777655024989
 1.4773269427642566e-05
 0.00030247727650703493
 7.347822727904463e-07
 0.0001363990171879409
-4.605073273285243e-05
 0.00011066516294350182
 0.0003281969674855528
-0.0001606714001815973
-0.0001653515703411157
 0.00020422000636516335
 0.0002205914969668349
 4.515896729979929e-05
-5.074506615826424e-05
 8.258009533897159e-05
 0.00021122711000039207
-0.00014665314626371995
-0.00011390814173667385
 0.0003141402704174012
 0.00015742032809364093
-8.584533069283529e-05
-8.657931225453108e-06
 0.0001527361112867165
 5.215393099282373e-05
 0.00011296781653483134
 7.707489405123225e-06
-0.00014901245291863707
 0.00021120283011599739
 0.00011295972324001924
 5.9159011304377174e-05
-6.4813903168634e-05
-4.3764265731133234e-05
 0.0003258073109751458
-0.0001911299377069381
-0.00022855713571721947
 0.0002813588460637423
 0.0002228799872922571
-9.28969474494612e-05
-9.99161910268942e-05
 0.00015270171478382055
 0.00015737783829594676
 7.675116225930312e-06
-0.0002776938640829535
-4.024297511034947e-06
 0.00023923731462803521
 1.936239002067741e-05
 0.00011760145024926338
 3.8070930716574414e-05
-3.67814419802992e-05
 6.379669166618751e-05
-8.590603040382894e-05
-0.0001209941549961957
 0.00026962908247128714
 0.0001924376363565128
-0.0001841552072508884
 5.6767331470267135e-05
 0.00011524214359434626
-6.391697460750301e-06
 9.418643618575029e-05
-0.00011633219474996292
-1.1075914267660858e-05
 0.0003257486345878552
-4.062740661323061e-06
-3.681179183578909e-05
 0.00015499020510924277
 5.287483039212448e-06
 2.946386297594805e-06
-1.1090077533554288e-05
-6.255171605130949e-05
 0.00023450858469972746
 0.00031871320442082574
-0.0002894479075598033
-0.00010700220428641605
 0.00017602365595714708
-1.1104240799461595e-05
 0.00024151366501126703
-0.00010467122416331354
 1.9297643662291586e-05
 0.0002461857418759872
-0.00017017134983592086
 3.332601419865633e-05
 0.00010817434024812389
 0.00013390212452144
 1.2268283466343455e-05
-0.00016082517278277753
 8.945365961003648e-05
 0.0003186808312416328
 7.073702561932738e-05
-0.0003432809926746522
 0.00017365220936003956
 0.00025317868224532247
 2.1608390548405465e-05
 9.17785697620438e-05
-0.0002333546586513191
 8.709637627882238e-05
 0.00030930632765668875
 1.4581053676174238e-05
-1.1150777244547938e-05
 7.773198931237957e-05
 0.00012918958118272872
-8.817773797728523e-06
-0.00017723308321104803
 0.00017596497956985646
 0.00039817493094772283
-0.0002310378417941239
-0.00020998820435660925
 0.0003116231445139117
 0.00016192042244388138
-6.263264899930565e-05
-5.327837865135021e-05
-1.1177080452645649e-05
 0.00015957325573116854
 0.00010343347037759798
-7.199905928943762e-05
 0.00022506124146159934
 8.939295989904283e-05
-2.2884587484409136e-05
-2.756475764391364e-05
-0.00011411249743034646
 0.0003864471906789707
 4.026230150440402e-05
-0.00011411856740145554
 0.0001852808067675099
-9.541002670555854e-05
 0.00020398934746339303
 6.832106590083653e-05
-0.0001843008865572704
 0.00014316736862660107
 1.685538073568915e-05
 5.66176055164791e-05
 1.6851334088296976e-05
 9.832090510863978e-06
 0.0002881798039185979
 0.00011742542108737763
-0.00016326541238567693
-0.00023577871166462205
 0.00029752800429544424
 0.00030220412780757044
-0.0003340258651879924
 2.6189417846642082e-05
 0.00035599674644842816
 9.635757373657738e-05
-0.00017029881922901724
-9.545049317954968e-05
 0.00011740316452668598
 7.464690561148624e-06
 0.00014078985205838446
 0.0002039428110183067
-3.932284776816952e-05
 4.393770126204233e-07
 9.867843724119252e-05
 7.45255061895822e-06
-8.143426258537534e-05
 0.0002366776989268654
 0.00023667567560316238
-0.00017734234269083105
 4.0189461851219965e-05
 0.000152462962587252
 0.00011971391141278598
-0.00012589082079159097
-0.00024050744159294368
 0.000355954256650734
 0.0002530330029389405
-0.00012823798750430382
-6.976317538021082e-05
 0.0001898719506842339
 7.422200763454456e-06
-0.00022414809093346255
 0.00017817051362359337
 7.057111307595676e-05
-1.9421862029883608e-06
 0.00017582537023456968
-4.4049554372788124e-05
-0.00010018933972635868
 0.0001781583736813891
 0.0001266967351636339
-0.0002007755666676575
 2.377345812813736e-05
 0.0003091383917896151
 9.160254060015804e-05
-9.786442957435137e-05
 4.247795217662831e-05
 0.00021790643519627173
 0.0001641057232606158
-0.00013763677097364257
-0.00010255269302866798
 0.00031847849887166324
 0.00014304596920461377
-5.109914780572489e-05
 0.00021321412509456295
 4.2459742263328826e-05
-1.3680043090241734e-05
 0.00013601863233238254
-6.280463151377147e-05
 5.8825162893919036e-05
 0.00018279403071951028
 0.00016407942005251808
 7.987075368401375e-05
-0.00010023992281885108
 0.00019682037793218587
 0.0002014965014442982
-0.00012363672696907857
-0.0001096043097852939
 0.0002108467251448476
 0.0003207811524629789
 1.4360511392891295e-05
-5.1135567632309975e-05
 0.00014300550273062262
 0.00020381938827261636
-0.0002616582452154431
-0.00016575825840475789
 0.0003979564119881568
 0.00018042056079869973
 6.34648665794324e-05
 6.580191667364399e-05
-0.0001189869066650362
 9.854489787701481e-05
 0.00024356542646380985
-6.0516141188363126e-05
 2.9774435364449126e-07
 0.00019911696155239245
 0.0001125692217659735
-6.754145473689133e-05
 2.6019458655865413e-05
 0.0002716201442128502
 4.7067072769663154e-05
 3.069153552058557e-05
 1.6655071689422596e-05
 1.1974901529890336e-05
 0.00020845504531073755
 8.448213083774025e-05
-0.0001283755735158737
-1.8441146197742397e-05
 0.0003020098887323991
 0.00011254291855787579
-9.329756554202207e-05
-4.885719392538901e-05
 0.00010551962833305062
 0.0001382646328601106
 7.274498133369445e-06
 0.00012890429254107383
 3.300025908299642e-05
 6.808433702797101e-05
 7.977768079382719e-05
-3.9517086843340876e-05
 1.1940505026994397e-05
 0.00019672528171829629
 0.0001382464229468111
-0.00017986958521282181
 0.00015929403706060885
 0.00021776884918468797
-3.9531250109248184e-05
-0.00016818231141807471
 0.00021542370579569203
 0.0003534270141287571
-0.0003295844472250564
 0.0001569408003768008
 0.00020138117199341998
 0.0001756493410726978
 0.0002481585937042369
-0.0004044449132167144
 0.00012886180274337966
 0.0003487326807033314
 0.0002528286472452679
 5.1666309981185377e-05
-0.00017522583487988852
 0.00025983979752790265
 0.000290245728637048
 0.00014989930023866227
-5.3602110443307094e-05
 5.399324345690959e-05
 0.00016158859735712627
 8.907529807818115e-05
 9.60904950082081e-05
 9.374939826660433e-05
 0.00031362027622656996
 0.00010076257187292825
-0.00020331899577924473
 7.736779104643154e-05
 0.0004469393677527106
 9.139818490648544e-05
-0.0002267178232531475
 0.00028085908510991353
 0.0003463511174877226
 1.6539742238530497e-05
-1.8548382353836268e-05
 1.4196622173223705e-05
 0.00021067676595407092
 0.00013114624642138195
-2.5573695902378346e-05
 0.00018260181496802808
 0.00018727793848016816
 0.00018961498857436587
-4.429437654046575e-05
-0.00020803153911795602
 0.00030422351608093423
 0.00030889963959304656
-0.00011213559895469072
 5.627566381122273e-05
 0.0002504167341741692
 0.00010539215893996812
 0.00012176364954163965
-6.770332063286977e-05
 3.521388643153156e-05
 0.0004468887846602182
 7.965223472444771e-05
-0.00012852732279336476
 0.00022934888682336896
 0.0002503985242608697
-1.8596942122625637e-05
 8.899841177759105e-05
-3.0296355859590895e-05
 0.00017086193475708555
 0.0005100255570305301
-0.0003109912359800515
-4.574641557369974e-06
 0.00040943933008924516
 9.945863106708419e-08
 0.00020827496950145963
-6.305957029995035e-05
 9.131725195850315e-05
 0.0003579695982766917
-3.7335832674026403e-05
-8.879747119176773e-05
 0.0002784350320966106
 0.00036497872523562347
-5.371743989419919e-05
-7.477112397910601e-05
 2.5807009667380698e-05
 0.00029245935598558315
 0.00017784273518423044
-0.0001870547413336393
 0.00028075791892491486
 0.0002760777487653965
 7.725448491924247e-05
 0.00010766041602838783
-0.00015431783010139144
 8.192656178396263e-05
 0.00039769944987828876
 2.3445679688774423e-05
-2.5676885411066164e-05
 0.0002830787824295439
 9.828995909084981e-05
-2.334388196424675e-05
-6.077107997452813e-05
 0.00013804813722424758
 0.0003883269696170477
-5.375992969189336e-05
-7.247454035888556e-05
 0.00025967186166081513
 0.0001333598737699171
 8.891545550590574e-05
-0.00010289058808653218
 2.1078279739072947e-05
 0.000449126691893148
 0.00010294180271856745
-0.0001028986813813304
 0.00014270200417565437
 0.00013334368718032064
 5.84913144834609e-05
 3.509855698063946e-05
 9.123429568680397e-05
 0.00015204818122881159
 0.0002409309477857391
 9.5906372551538e-05
-0.00016373280016032665
 0.00016139638160564407
 0.00029238246968499304
 7.484661849553598e-05
-6.549980990284976e-05
 3.9756470579466185e-05
 0.0004093280472857591
 2.5717983424600188e-05
-0.00019649601460067223
 0.00011927687349364002
 0.0002409066679013444
 0.00015435892811492546
-8.42285838357354e-05
-1.873655145791242e-05
 9.587602269604811e-05
 0.00021048859684999477
-2.5759841682751472e-05
 2.569775018759768e-05
 0.00028533287625207016
 0.00014498644785368442
 0.00011691554351504763
-0.00020120046464459918
 7.948632218106322e-05
 0.00031339164064850267
 5.843061477246725e-05
 7.246303195622417e-05
 6.966952931009018e-06
 0.00010988415999541035
 0.00010286491641797735
 6.960882959913817e-06
-7.023056315486054e-05
 0.00015665753505884894
 0.00025489659528742104
-8.661014705134418e-05
 2.0985206848886384e-05
 0.00023383886455512204
 0.0002198024007239452
-0.00016380766313721373
-0.00023866003583407347
 0.00030868112063346664
 0.00037651222642920423
 5.3718071433742076e-05
-2.5812448098946894e-05
 7.476568554753982e-05
 0.0001636484521044812
 0.00019171530979571194
 9.265559874932494e-06
 0.0001729986758050167
 0.0002174390474216359
-8.430344681262247e-05
 0.00019872241343094066
 0.00012854818756991016
 6.773025538052424e-05
 0.00033672167511661355
-2.583672798334158e-05
-0.0001427924222026089
 0.0001706413924738165
 0.00021975991092625102
 4.432738125920155e-05
 6.069887186087308e-05
 0.00021975384095514194
 0.00021507367079563744
 0.00012618685759130388
-7.497547967277862e-05
 3.963709448118191e-05
 0.00029459407370982515
 0.00011214432378903183
 3.027473083844212e-05
 0.00014020915815655954
 0.00035072374244489446
 0.00024312434189727172
-0.00036971491691920044
-6.797646933233426e-05
 0.0004980772744785089
 8.405925618450161e-05
-3.5235511452680335e-05
 0.0002945718171491196
 0.00011446114064624091
 6.53385755464142e-05
 9.808358007347417e-05
-7.73489495935753e-05
 0.00025011930559029616
 0.000217370254415844
 5.363309183835374e-05
 0.00014485493181319586
 6.766348569842151e-05
 0.00031092509783750555
 8.637202639431851e-05
-0.00014987641213842773
 0.00012613222785140543
 0.0003600375463188449
 0.00023606463184584758
-5.398249529886545e-05
 0.0001261241345566072
 9.337508338215506e-05
 0.00020097043728237174
 8.869288989893365e-05
-0.00018965887015622018
 0.00045358429644568043
 0.00024072659209206648
-0.00028088880342586053
 0.00018224570999687828
 0.00036235233985235094
 0.00015183370891663772
 9.148207100351247e-06
-4.231343141740396e-05
 4.423026172160893e-05
 0.0002991872409502522
 9.802490368618355e-05
-9.612021332416898e-05
 0.0003178937583224323
 0.00023836323878975718
 9.333866355555609e-05
 7.930219972439312e-05
-5.636608183817726e-05
 0.00026876309992779346
 0.0002149623879921514
 4.443757056424302e-06
 0.00025940073628505367
 0.00020793909776729846
 5.8236375697295895e-05
 6.291249920940822e-05
 4.887603537824525e-05
 0.0001611495361142773
 0.0002944746976115409
 0.0002336567654221411
-3.2999627543453536e-05
 1.8457964326895615e-05
 0.00036463880685407013
 5.5879092366081795e-05
-0.00015230046515173068
 0.00023832277231575216
 0.00018218298696219548
 0.00018218096363849245
 0.00016112727955358563
-7.044301214333137e-05
 0.00023597358227935017
 0.00015410398932876046
-0.00013360406439803796
 0.00011901384141267679
 0.00029678139785023483
 0.00024298068591459276
-9.384790958834321e-05
-5.174661138963865e-05
 0.00031314681848082504
 0.0001634440964108086
-4.97121300251091e-06
 8.39115535544166e-05
 0.00010963933782773272
 0.00012133268159360278
 0.00014706046586693278
 2.0358906327178072e-06
 3.2441821741863164e-05
 0.00031312860856752556
 0.0002663451168855996
-0.0001967934431845314
-8.919808928431472e-05
 0.00045346492034739616
 0.00012833169193404714
-7.283064533003536e-05
 7.686803009258891e-05
 0.00022188855867938395
 0.0003692481606841075
-0.00013365464749053035
-0.00010090964296347038
 0.00016106455651888896
 0.00011428106483697686
 0.00033649101621484323
-4.4779974228401076e-05
 4.410279232852643e-05
 0.00032712865257210344
-0.0002599807986473357
 6.748745653654964e-05
 0.0002452550129741077
 0.00024525298965040465
 0.0003107450220282276
-0.0005243062114898139
 4.4086605738929974e-05
 0.000453422430549702
-9.860091940104565e-05
-9.392479588893332e-05
-0.00016643809516787844
 0.00026862753723991273
 0.0001657062835281331
-0.0002600071018554334
 1.967097626925929e-06
 5.342468949727508e-05
 1.8336564904922192e-05
 2.7690835252863755e-05
-0.00015475891466792957
 0.00010721528481444365
 0.0003153907956848362
-0.00036528159225103496
-0.00016178422821645777
 0.00017737939405698677
 0.0001493084897183361
 0.00018439256766332457
-0.00045651557216808136
-2.612808659610555e-05
 0.00022415074579670846
-0.00017583283198981114
 6.50897067313444e-05
 2.2984361885233784e-05
 8.847639426305676e-05
 1.9286544766378144e-06
-0.0001875383156978716
-0.0001314025769917071
 9.080737438615927e-05
 0.00022179346246549436
-0.00018520733557475522
-7.293383483872318e-05
 0.00017032777730034698
-1.9139192874162436e-05
 1.9104445633383316e-06
-0.00019457374586491494
-6.358765778557984e-05
 0.00028025411132368006
-0.00010101687911955037
-1.2134112562622867e-05
 0.00015627715020329058
-0.00011505738959813328
 1.8942579737418752e-06
-0.00014546939067837383
-5.1908477285617094e-05
 0.00024281275004750524
-7.296418469421306e-05
-4.549320626601183e-07
-2.7960288042777615e-06
-0.00016653319138176803
 0.00024748078026481934
-3.554912662613596e-05
-0.00023437239047228997
 0.00018431972801012664
 6.034681353711546e-05
 6.97010838850709e-05
-0.0001267831065431685
-0.00011041161594149695
 0.00026617718101851207
-8.70249284097846e-05
-8.234880489765839e-05
 8.372338445034044e-05
 0.0001468763434102488
-4.726877360008985e-05
-0.00026948277162536227
 0.00022405969623022493
 5.564438681690542e-05
 4.1607922985728574e-05
-5.6635183890235696e-05
-0.00031393528318417185
 0.0003222906631639988
-1.219885892102257e-05
-0.00015722343415520978
 0.0002053309222973393
-0.00011512415928022213
 7.667783766480973e-05
 2.287712572915379e-05
-0.00029991702926630837
 7.901084111162915e-05
 0.00015152009374316822
 5.093791344928933e-05
-8.706944153118179e-05
-0.00017127810789968612
 0.0002684656713439343
-9.643180517392158e-05
-0.00023210008673647808
 0.00020764369250714232
-1.6909378936044717e-05
 0.00011407670914329038
 1.1155455431496875e-05
-0.00020871946917586093
 6.027195056022838e-05
 6.962622090816994e-05
-5.668576698272809e-05
-0.0001806586814557254
 0.0001397923534744161
 0.00018423272509103528
-0.00023680251345668812
-7.540847094451852e-05
-5.201976008910314e-05
 0.00016317297103503325
 9.065967175608813e-05
-0.00042393850350809503
 0.0001795404149893126
 0.0001584867309044058
-0.00012922132282237875
 0.00011404028931670529
-0.0002648916277086244
 4.1524966714043265e-05
 0.0002192925231516013
-0.0002836102850230088
-5.672218680932706e-05
 0.0002192864531805061
-4.970901320298926e-05
-0.00015496934033269738
 2.9815436358604508e-05
 2.981341303490148e-05
 3.448953654701381e-05
-1.9311175388628254e-05
-0.00017603111771238855
-9.958928364389719e-06
 0.0002262854635209366
 1.7323920777634338e-06
-0.00023919419329079816
-9.967021659187947e-06
 0.00023797273731569757
 2.2775959544155122e-05
-0.00027662746127217475
-9.975114953986175e-06
 9.995931236413125e-05
 6.487118777176448e-05
-1.2320258342995993e-05
-9.418985129359958e-05
 0.00028473801908433793
 1.808162611874331e-05
-0.0003117297491304488
-0.0001152496053496016
 0.0002309312371775729
 0.0003081186366449412
-0.0001994623183654981
-3.8068275853328504e-05
 0.00011163039956929577
 2.7421733200791443e-05
 8.121839848904133e-05
-0.0002813400046108999
-4.743468614347435e-05
 0.0002776944956224964
-1.0013558104288167e-05
-2.171094851753652e-05
 1.1034056009509574e-05
-6.633344037387801e-07
 0.00014669626760097088
-0.0002415919430960034
-0.00016674361704653584
 0.00036890217233144507
 2.037820973896376e-05
-0.00015505431992808572
-3.810267235622444e-05
 0.0001841072790216558
 0.00014668008101137442
-0.00019716573474527765
-1.472003147190426e-05
-2.6417421885166492e-05
 0.00012094218011954316
 6.325559318190455e-06
-0.00019249770452796355
 0.00030338383674553826
 0.0001490029678396787
-0.00018548655424532878
-0.00022759189909142552
 3.438230039093382e-05
 0.00028466113278374783
-7.555819689830656e-05
-3.1117825281673506e-05
 4.373050076778018e-05
 3.96422933958418e-06
 0.00021915696046372057
-0.00018316569074071365
-0.0003118167520495402
 2.5007796805989746e-05
 0.00013260315070620643
 0.00017002630206908176
-0.0001925321010308595
 0.00011388449339182205
 0.0002401924346353279
-0.0003726468241811304
-8.26037436838234e-05
 0.0001536406482015168
 0.00034310357172863404
 7.41081053451248e-05
-0.00027909400408317186
 0.00016064977516044854
-8.261588362602768e-05
-4.98708790989677e-05
 0.0001045059431594858
-6.39093662538337e-05
 0.00016999595221359187
 0.00012087338711375128
-3.5846555209995135e-05
-0.00013175058866805867
 9.04593627098077e-05
 0.00027056599256528036
-0.0002533884763705613
-9.199443385836392e-05
 0.0004015480339972233
-1.7148131132613265e-05
-0.00016918992662054433
-9.901974740689212e-05
-1.7154201103708466e-05
 0.0001746477958413234
 2.0266926935477714e-05
-7.867571494152292e-07
-6.160468933881502e-05
 0.00013955360127784755
 6.937937541680317e-05
-0.0003493167897130056
 0.00012083494396346317
 0.0001582580953263385
-6.16168292810193e-05
-4.524533867934777e-05
-0.00011308049112246366
 0.00032432421470324213
 1.5300597077799738e-06
-0.0003633674168100759
-3.152133775427557e-06
 0.0001348511745576375
 6.935509553240848e-05
-0.00011777280122418632
 7.402919572084554e-05
-0.00010140333394620393
-0.00010140535726990696
 0.00023074104474979373
-0.0001411736520217921
 1.3203170236647521e-05
 0.00012547667097269344
-2.8904197933152243e-05
-0.00011077379088374195
-8.738508002834044e-05
 0.0004014792409914314
-1.4877850720490526e-05
-0.00023475277532784833
-4.061170496490185e-05
 3.8914767920381066e-05
 0.00035702672943260794
-0.00034001917242866553
-0.00013418273497615985
 0.00032895177844657897
-8.974438668324369e-05
 5.059799506772211e-05
-0.00015290341561424725
 8.100190285317832e-05
 0.00012076412763396827
-7.338098937637039e-05
 2.251899743430097e-05
-7.572410944167718e-05
 0.00032425542169745025
-0.0001786473864771737
-0.0001646149692934168
 0.00018624402006960084
-0.00011783754758257214
 0.00030787179115357444
-0.0001833356499315042
-0.00029795227073284303
 0.0002914922072571047
 0.00010904245733631135
-0.0001061543204352311
-0.00015761595895295855
 0.00017219136964882753
 5.055752859373097e-05
-8.04326061329963e-05
-3.36531610984625e-05
-0.00018569495658639357
 0.00017218125303032628
 6.92599993185189e-05
-0.00018570102655748877
 5.288243874575216e-05
 0.00016749501289969881
 0.0001066770807103129
-0.0003377488920165428
-0.00014828596848941167
 0.00031484854493331327
 8.42790386323955e-06
-8.98152030127386e-05
-2.4323170634915625e-05
 0.00019554770732505
 8.419810568441322e-06
-0.00035179951911361307
 5.9875379115087446e-05
 0.00016045351276157416
 2.01070843632023e-05
 4.583486863651842e-05
 1.7763964297895507e-05
-0.00011556524384676026
 6.220231259079778e-05
 0.00017681488674475832
-0.0002512375720567228
-0.00010387797005199928
 0.00031481414843041733
 8.09047833155857e-05
-0.0001810734628141797
-0.00012259865069008669
 6.452519941911594e-05
 0.00012300001154319506
-0.00014131730800448494
-1.5009366760965204e-05
 6.21780327064031e-05
 3.4107128367766304e-05
 5.2817692387352455e-05
-0.00024190758159316206
 0.00024227859259078055
 0.00023525934901334755
-0.00032612029460907244
-0.00016472625209688896
 0.000165081076504911
 0.00024928569622600927
-0.00017408861573964263
-0.00012263102386929348
 5.747560598619306e-05
 8.788153709533841e-05
 0.00019313781757764048
-0.00014135170450738088
-0.00012965836074151083
 6.916085645723713e-05
 2.237736477531116e-05
 1.3236806904043386e-06
 4.108590547120816e-05
 0.00010423886443111652
 9.254147401785429e-05
-6.651754172382063e-05
-0.0002513063650625008
 3.650614166128552e-06
 0.00023287778579773877
 7.615784347397847e-05
-5.0154144416933444e-05
 3.171140188626409e-05
 0.00019778359123426292
-8.290724223879165e-05
-0.0001834894225326844
 9.95364377108926e-05
 0.00014397680932751178
 5.0411849287348987e-05
-0.00013905512088716043
 7.613761023698984e-05
 0.00019542833122676573
-8.994064908211807e-05
-0.00014841950785360325
-4.082415395337269e-05
 0.00014396062273791532
 0.0001229069386530085
 4.571549253823415e-05
-6.656205484520394e-05
-8.99548123480115e-05
 0.0002421915896716892
 2.6994811900146742e-05
-0.00019288011270722494
 0.00011353648171547048
 2.2310595093222307e-05
 1.529135151578931e-05
-5.2543800927340456e-05
-3.6172310325655044e-05
 0.00027492243093284185
 5.738657974339867e-05
-0.00021862610689384054
-0.0001975764694563259
 0.0003474256135932996
 0.00017199308392625012
-0.0002981626963976247
 0.0001345638625922796
 0.00012520554559693198
 0.00014391610961651813
-1.5142906125156785e-05
-0.00018589728895637703
-1.0468805936719727e-05
 0.00014156894290380528
 0.00015794043350547682
-0.00022566963035566823
 0.0002164132223058668
 0.0002444800799971114
-0.0002022849661476589
-3.621277679966006e-05
-3.4677722725862115e-06
 0.00022575939935901013
 8.775204437855288e-05
-3.3881796676543674e-05
 1.991486861173397e-05
-1.0495109144817438e-05
 0.0002491400169196273
-6.195877098627567e-05
-0.000178914465205543
 0.00018597896466493458
 0.0001883160147591323
-8.067945162436307e-05
-0.0002444166142018672
 0.0001672582840268333
 0.00015556089361358494
-0.00013682530694902884
-4.3264393556285974e-05
-8.30306649844681e-05
 0.000239759443363588
 6.666598711445315e-05
-0.00023273743370190447
 0.0001438513632581323
 3.6251962710509567e-05
 6.43188204017403e-05
-2.690706622050787e-05
-0.0001532190541114059
 0.00012512865929634187
 7.600609419650128e-05
-1.2880719007832275e-05
-0.00014620992715248804
 0.00023505701664337797
 0.00017190001103606356
-0.0002772041085266075
-7.37067444920303e-05
 1.1415815574372656e-06
 0.00021399523926367292
-9.710354864224391e-05
-4.0967809936065525e-05
 0.00012978252624776254
-0.00012050035279244364
 0.00013913477327200108
-0.0001555905007085273
-0.00023746009365910314
 8.766908810686758e-05
 0.0003683558749325161
-0.00021875357628692305
-0.00026085892113303366
 0.0005040160632002744
-0.0002140814994222029
-0.00016262390755185374
-1.292523212922947e-05
 9.467012177100109e-05
 0.00018121381491001398
-0.0003263671401004392
 0.00022565216320291626
 1.0455385431387687e-05
-1.7615518907249106e-05
 6.892817423176378e-05
-0.0002538659807636984
-9.01328648335864e-05
-3.867527296325113e-05
 0.00017885653157879988
-0.00025621314747639734
-8.546281129256927e-05
-1.0614485243101712e-05
-0.00015563906047731668
 6.89099643184643e-05
-0.00037083786157256216
 0.0001952158822382949
 6.89038943473691e-05
-0.0003918955923048473
-2.2324015598568225e-05
 5.018523703298472e-05
 0.000167136884604846
-0.0003521394374951664
-0.0003053599924606326
 2.9125482976996575e-05
 0.00010397380902645026
-5.274613329731004e-05
-0.0003544886275315684
 0.0002466512175479385
-2.702239567138609e-05
-0.0002562536139503885
-0.00016269270055764562
-0.00015099935679178944
 0.00016477353130255057
-0.0003638590844691064
 1.7407859326731834e-05
 7.588267145081096e-05
-0.000169722060753566
 0.00010160843240043793
-0.0003334612466547593
-0.00022820496617245722
-0.00010891424518266746
 0.00029808250621018995
-5.5119603218120594e-05
-0.00035686209745237896
 0.0002512949678808718
-0.00023991247320420683
-0.00024225356994582448
-0.0002516118869411721
 5.480470748152333e-05
 0.00015538284112801004
-0.0003451808936287132
-5.513781313142008e-05
-0.00017911072760441737
 0.00018110455543023096
-0.00015104589323687578
-0.0005510294710234093
 0.00010156998925013594
 2.671761655329008e-05
 5.7123547662435437e-05
-0.00015105600985537704
-0.00020251764837313224
-0.00016275542359232842
 3.3167657556704144e-06
 4.775713737228959e-05
-0.0004153814226978553
 0.00019745378947121084
-6.686353007646917e-05
-0.0002703649407584524
 4.3068873917959105e-05
-0.00021423122537599093
 0.00014130591082284205
-0.00012535048214275257
-0.00032183467257100584
-0.00031014132880514966
 0.0002442170479161482
 0.0003681859157417394
-0.00040604940891060537
 7.964562735995884e-06
 0.00011789899005412718
 8.514993887967504e-05
-0.00018852367433964956
-6.923295334987367e-05
 0.0003447810182967276
-8.327144050473967e-05
 9.683518935073299e-05
-1.77814314506336e-05
 4.303245409137402e-05
 0.00016700132191696526
-0.0001464365394068523
-0.00018620281083503443
 0.00018336876587124462
 0.00044768203877153245
-9.264594408968374e-05
 9.149693030591211e-07
-0.00010200628440873438
-3.417517861299679e-05
 0.0001810175525111396
-0.00019323621767837473
 0.00019036979953537814
 9.212669265941387e-05
 0.0001318889174402038
-5.7578052734319485e-05
-0.00018622911404313214
 0.0002839226196333505
 2.8961593757315107e-05
 5.702845144854585e-05
-0.00025173126303945637
 0.00021140325038328245
 0.0004149006144178735
-0.00027980621402548533
 5.558719635992415e-06
 2.4269283655578566e-05
 0.0002815653363021364
-4.356789211124035e-05
-0.00010672489771855476
 0.0003166453675996911
 2.8937313872920423e-05
 6.168231839996652e-05
-0.0001511753859536613
 0.0001716147223943948
 0.00021605509401101397
 5.933515168725367e-05
-8.33503501290328e-05
-0.00022135770510950392
 0.0003961556538953914
 8.271779257157386e-05
-1.0847167468575059e-05
-3.657899838931111e-05
 8.738986943629401e-05
 0.0002628183524559513
-0.0001395042987484968
-4.360431193783931e-05
-7.635336311230534e-05
 0.0004569533528477887
-0.0001909720072373472
-0.0006026509521134399
 0.00039613137401098286
-2.2564791118825922e-05
-0.00024010064230828299
-0.000247119885885716
-0.00012549009147803936
 0.00017157020927301148
-1.5557687483597205e-05
-0.00031730018171785557
-0.0002120439012355535
 4.75912248289051e-05
-0.0001722836997784527
-0.00010679166740064361
-0.0003056149312467976
-6.215557077859923e-06
 0.00010839701707610061
-0.00039684486451643797
-0.00019802564731767613
-2.0258090880118096e-05
 8.265911618428323e-05
-0.00015826746918427836
-0.00020037281403038898
-0.00015359336899586906
 6.861658238201118e-05
 3.820660462547365e-05
-0.0004319491756984012
-8.576833317124055e-05
 9.66773701021606e-05
-2.9634617788751316e-05
-0.0003477506259483981
-0.00011618438089888716
 0.00011070371731480844
-0.0002495156123672182
-0.00021209246100434287
-9.51408134324816e-05
 0.00010367840376628024
-0.0001512826221097413
-0.0001699972327767335
-0.0002822747801601855
-0.000120880737648002
 0.00024401269222247557
-0.000366487493176082
-0.00016766827597732015
 1.243835387813863e-05
 3.114891789773866e-05
-0.0001419445383513962
-0.00045304332625729915
-6.709823562564554e-05
 6.622692587160417e-05
 1.9443434189692077e-05
-0.00031270701447742855
-2.9681154233851537e-05
 4.516717181560215e-05
-0.0002004375603887748
-0.00026593363941398995
-0.0002378667817227592
 0.00027204920005820254
-0.00019810658026565842
-0.00022851655802220983
-3.4375487659277226e-05
-2.034307047550643e-05
 2.4097301141112748e-05
-0.00031507036777972397
-0.00018174520628248814
-0.00019812074353156572
 0.000192502493935931
-0.00010924000029832737
-0.0002168394008459501
 1.7065917621475468e-05
-0.00018409641964260703
 0.00022757847858609348
-0.0003548528257975164
-0.0002215276643002806
 0.00015973927949555766
-0.00020983634385811356
-0.00031275759756992094
-0.0001864496563264012
 0.00026031134317094917
-0.00012329872069019587
-0.0003338173516259091
-0.0002987332736809484
 0.00011294162454773826
 9.422701388075994e-05
-0.0003852850601147595
 4.744149887513094e-05
-0.00013500825104566239
-0.00015138378829473997
-0.00013501229769305456
-0.00026600243241978183
-7.420043547476385e-05
-4.1455430947703875e-05
-9.057799604753058e-05
-0.00027536681938622465
-4.847872117254293e-05
 7.657017533635457e-06
 7.654994209946309e-06
-0.0002473060316660891
-0.0004157213410794086
 2.1683364746297173e-05
-3.211734718934489e-05
-0.00019585450976684904
-0.000177143945747249
-4.0545361455202045e-06
-5.551617466326153e-05
-0.00032217256762885615
-0.0002917666365197108
 0.00013628177563436428
 8.949828395242443e-05
-0.0003783184229535219
-0.00012102237030697793
-8.827736577993184e-05
-9.997475619318019e-05
-0.00011635029344225778
-0.00028242652943766267
-0.00026605503883597725
 1.4631747989671262e-05
 0.0001853820841735132
-0.00030816443032948004
-2.7477643503831528e-05
-7.42611351857575e-05
-0.000408750657270765
-5.087444765403126e-05
-0.000158473848201654
-0.00011637255000296332
 9.414203428535772e-05
-0.00016315806500857843
-0.00037367669594429165
 0.00013156113900084088
 0.00014559355618461167
-0.00034093573806463773
-0.0004532132854480758
-5.089468089103377e-05
 0.00013622916921816886
-0.0003456219781952513
 7.5760845856531756e-06
-4.6224627350016645e-05
-0.00013745051397225094
 4.7334262719050946e-05
-0.0003315976543062926
-0.00017722083204783912
-2.7522156625228722e-05
 8.709041752874569e-05
-0.0002520772513921049
-0.0001959415126859404
 0.00014556118300541876
-0.00018658926566168799
-0.00023337275734361396
-0.00025910458826433613
-5.326815081184433e-05
 3.327554232716856e-05
-0.00015385235442942624
-0.000261451754977049
-9.304049221113553e-05
 2.3911155360725744e-05
-0.0002216935768436512
-0.0002263737470031696
 1.2209718300071337e-05
 8.237989751370967e-05
-0.0002801785055862316
-0.00021702554662632323
-0.00012814278006939572
-4.393816034829745e-05
 8.470885431312303e-05
-0.00026147603486144366
-0.0001866277088119761
-8.838864858341788e-05
-4.184028862305733e-06
-4.161122687257324e-05
-0.0003644053818680354
-0.00010243118238567606
 0.00011977876899219031
-0.00035037701133167065
-0.000203017409326961
 8.468659775243137e-05
-0.00023109033698930082
-0.00010478239574578108
-0.00010010627223365487
-0.0001328553234081209
 7.532018746228553e-05
 8.701353122815558e-05
-0.000490739626319639
-0.00031765021671791016
 0.0003419664638093789
-0.00012117209626076597
-0.00010713967907699518
-0.0001702966846842957
 3.55397527681961e-05
 5.8928463623597604e-05
-0.0005305200610137284
-4.867296024771428e-05
-6.738757091470648e-05
-1.5929979044357334e-05
 2.6171319154361106e-05
-0.00035977781812471243
-3.4648636358741713e-05
 4.019968969071197e-05
-0.00033873222733460384
-0.0002872746354642547
-8.611634484759212e-05
 0.00011504194576908433
 5.8902160415499893e-05
-0.0005165119237143662
-1.1274088769219759e-05
 0.00013140736639966066
-0.0003083404594913658
-0.00024284842711354282
-0.0002054252757506675
 8.929595158245485e-05
-0.00022414190974136272
-0.00010251211533365834
-0.00012356579941856516
-0.000369170531622956
 0.000112676569143072
-0.00011655464913593039
-0.0003668375281761366
 3.9497511222785775e-07
-8.963341883119758e-06
-0.0002335164133263068
-0.00015398994044101
-0.00025223304731698815
 0.00024364849395651367
-5.5754926859843956e-05
-0.0005165544135120603
 0.00015475763410478793
 7.393985452672225e-06
-0.00015634317712483192
-0.0003294366333739529
-2.7698185787100593e-05
 9.15925352026753e-05
-0.00015635127041963015
-0.00018910032159406842
-0.0003949408056939663
 0.00019450367229598142
 3.544465655430651e-05
-0.0002709759845157672
-0.0001282945293468729
-0.00014233099317804976
-9.005831680813925e-06
-3.0059515765706868e-05
-0.0003154284960745768
-0.0003247868130699244
 0.00020851990289014188
-0.00010023981159784645
-0.00022421272607084375
-3.241072912581189e-05
-3.475182586742953e-05
-0.0001563856669225261
-0.00047684074850005975
-5.347048318181391e-05
 0.0001734176150318817
-6.0491750082949935e-05
-0.0004347455202724504
-0.0001985011283871102
 0.00017808766857289882
-0.0001517237066762933
-0.00011196148189550337
-0.00010260721154754793
-0.00022424105260264449
 9.854905574541162e-05
 4.240927039184106e-05
-0.0002920802516931664
 9.658195893685884e-06
 6.579393459986427e-05
-0.00019150616469408577
-0.0002640194639730309
-3.2453218923506055e-05
 0.0001149063830812036
-0.00034355403015311203
-0.00030846995220813744
 2.6015523229477866e-05
 8.68294087714716e-05
-8.626404747767713e-05
-0.0002663747239805281
-0.0003178363624982833
-0.00016112046682192904
 0.0001546524212723971
-0.00011668211852902677
-0.00022662059249453637
 5.172712091319753e-05
 8.213305202234289e-05
-0.0001915405611969817
-0.0005003002756849562
-9.564259771001338e-05
 0.00012188920683203763
-0.0002500254899395621
-0.00010734403477066778
-2.3139415049555634e-05
-0.00022664082573153888
-3.483882878652089e-05
 4.702671751669052e-05
-0.0003810257412847906
-0.0002734303873845739
 0.00024818096148594704
-0.0001050211479423635
-0.00020092518140041316
 0.00010549141302226839
-0.00012373980525674788
-0.0003670054640432241
-0.00024771474305343433
 0.00017799459568271225
-2.7845888417185605e-05
-0.0003974215117708707
-3.018900848247852e-05
 3.062487705950134e-05
-0.0002921692779359608
-8.165469364763978e-05
 7.272212861081373e-05
-0.00035065218335483817
-0.00014481574590234636
 0.0002832326662517287
-0.00026411253686321745
-0.0003296086158884326
 0.00013586497095222083
-0.00017289474353578138
-0.0003319537592774563
 2.826152375720592e-05
 2.8259500433502893e-05
-0.00016588561657684964
-4.659489558707375e-05
-0.00010039560752271581
-0.00010273670426433346
-4.497644035761361e-06
-0.00014250499901623248
-0.00023840903247428213
-0.00017057792667855842
 7.268368546051174e-05
-6.298459610204477e-05
 5.864519830564574e-05
 1.6539853459549003e-05
-0.00023842117241648642
 3.7587467573346744e-05
-0.00020333911779522873
-0.0001612378195965103
 0.00011477082039332287
 7.500454896512687e-05
-3.025577816458125e-05
-0.00012148166478681555
-0.00010511017418514401
-0.00018230162029991837
 7.2655358928711e-05
-0.0001472195656786468
-0.0002899050674949333
 0.0001662122256740617
 6.0951898544353567e-05
-0.0001636011728988196
-9.109192026726665e-05
 2.1181580468765393e-05
-0.00015425094919828408
-0.00017998278011899238
 7.029605227380775e-05
 3.286885426352637e-05
-0.00020337958426921987
-4.198554175703639e-05
-3.497034482699557e-05
-0.00029694859095676096
 0.0002129673908242008
-5.134992872347921e-05
-0.0003764831571368421
 0.00011705931071873121
-6.539043920204823e-05
-3.0306361257073644e-05
-0.00010515873395393338
-0.00021509720791947073
 8.898031308529619e-05
 5.857033532874478e-05
-0.00019639069054727676
-0.0002712430632441365
 8.663314637259723e-05
-4.435698835414392e-05
-0.00019639878384208886
 6.791448905819897e-05
-0.00010050082035510666
-9.278980380278412e-06
-3.267173788308597e-05
-0.0002852936903411929
 1.6444757245659414e-05
-8.179834963031873e-05
-3.26798311778842e-05
 4.216849487158336e-05
-0.00023150511834774123
 7.491147607494031e-05
-0.00012858993460704293
-6.777604906504919e-05
-1.3979383776785426e-05
-0.0003414516856080768
 0.000346233875934146
 8.893377664020985e-05
-0.0006010949049673198
 0.00018249266670926356
 0.00020354230414676433
-0.0006151354154459027
 0.0001240097612903862
 0.0002620130696234513
-0.00022919437146162736
 0.00014739442549838166
-0.00018943417000452656
-4.909178825356075e-05
 4.213005172128137e-05
-0.0001637104323786165
 1.1718050641040811e-05
-0.00018476613978721246
 6.083454576977232e-05
 0.00016609082625207439
-0.00015904240216127463
-0.000229216628022319
 0.00021988344489294598
-3.507758098308944e-05
-0.00041634857142633375
 0.00024092903568305457
-0.00015437639526766356
-0.00017309100593465576
 0.00018946335051789331
-0.0004140196146269065
 8.654007348241066e-05
 0.0001894572805467981
-0.0003625660694039773
 0.00014033269212326838
-3.7438910961695715e-05
-0.00037894565330044705
 0.00037891211077911713
-9.592181638057307e-05
-0.0005099398346745804
 0.0003204292053602398
-0.00018481267623231268
-0.0003321763248844145
 5.844691258306833e-05
-0.00013102005759144109
 0.0001473276558162928
-0.00020821352702991847
-0.0004210712313835463
 0.00029234413775570955
 2.2970106109965194e-06
-0.0006128813216233764
 8.883868042632026e-05
 8.883665710261723e-05
-0.00028073896625106787
 5.84246560223628e-05
-0.00025033505846561166
 6.777690304661521e-05
 6.958970857229296e-06
-0.0006175756550488021
 6.543175965761927e-05
 0.00019407877431903975
-0.00030414588701978273
-6.322334829861331e-05
 6.946830915025015e-06
-0.0002690658557222003
 4.670703237212581e-05
 7.477389006335655e-05
-0.00017784806239476425
-0.00011703417685277051
-0.00013107064068393348
 2.5645254992420763e-05
-5.6224337958182824e-05
-0.00017084095875952165
 3.0317331857140917e-05
-9.448939571055082e-06
-0.0002971569932978396
-0.00013810202420355688
 2.3292018308612716e-05
-0.00014980143794052214
-2.5832570114930897e-05
-0.00027143730231930785
-0.00016618102183700578
 0.00037180384095888974
-0.0002667652254545877
-0.0005193871779127224
 0.00016128116337578435
-0.0001615129916196778
-0.00019426204279414383
 0.0002454817364494766
-0.00023870848438184433
-6.328000136220091e-05
-4.8051892381217876e-06
-0.00042584042778585907
 4.547057786130626e-06
 4.5450344624275996e-06
-0.00013580139393595814
 0.00015658075997924958
-0.00011943192665796187
-0.0003533412917728074
 8.874156088872764e-05
-0.00012177707004698557
-0.00041650234402751396
 0.00013551695927586926
 1.6222191638687322e-05
-0.00017324477853583597
 7.937312727487877e-05
-0.0001358236504966498
-0.0002270495371188841
-5.863827435298452e-05
-0.00011945620654237044
-6.565954125410667e-05
 9.105635442224758e-05
-0.0001592265246179586
-0.00020601001629989846
-7.190799101122747e-06
-0.00019431869585773143
-3.058557992763333e-05
-1.8892236161791032e-05
-0.00034402546457514005
 4.191962605651356e-05
-2.5915526386616206e-05
-3.9951990217793054e-05
 8.869502444362742e-05
-0.000292575965999603
 0.00010740356513952443
 6.997636712924304e-05
-0.0001873237321646931
 4.478264780338748e-06
-5.166152057323181e-05
 5.593383332698487e-05
 2.084570873460423e-05
-0.0001873338487831805
-2.1261659435181657e-05
 0.0002196608792859739
-0.0003323624706648015
-0.0002575141446153201
 0.00029684423210595
-8.44267583372943e-05
-5.869897406397817e-05
 2.550564565713398e-05
-9.61281953979487e-05
-0.00016162427442316385
-7.741965470206558e-05
 2.0819405526506518e-05
-0.00016864756464798902
 0.00012607366268513331
 4.4398216300367555e-06
-0.00010783772575341521
 3.250465599757835e-05
-0.0001943874888635233
-2.585491918491445e-06
-3.065639625712824e-05
-0.0002762611284615052
 8.395415457312927e-05
 0.0002921296654435357
-0.00027626719843261427
-0.0003534586445473886
 0.0001330666030544686
 0.00014709902023822552
-0.00024118919045874876
-0.00016166271757346584
 0.00019153534520745252
-0.00012891973637009502
-0.0002201456229923432
-3.76999197189698e-05
 8.159080127081997e-05
-6.811192079921036e-05
-0.0001967629821080369
 4.4159556613132533e-05
-0.0001874107350837706
-0.00010554518878058694
 0.00014473364361222707
-0.00020379031898026811
-0.00013595921318453053
 0.00011431961920828349
-0.00016637121426478496
-2.1350685677976045e-05
-1.9013635583778332e-05
-0.00031139983614637823
 3.4781006380796287e-05
-2.1358778972774273e-05
-0.00013597539977414086
 0.00010260806552912782
 3.477291308599806e-05
-0.0003511762241930755
-0.0001266271993972945
 0.00011663441274178954
-0.00021083788908948797
 0.00019849793572128405
-3.541142939354758e-05
-0.0004353950071800672
 5.113024042177616e-05
 6.0484510769717725e-05
-0.00020383280877796228
-0.00014067984981804005
-5.015614902889598e-06
-0.00017576999773412372
 0.00010023864225570944
-7.987203424715539e-05
-0.00020852309555596804
 3.23994431651875e-05
-0.0003465324738601422
-3.543773260164529e-05
-1.4388095164130643e-05
-0.00013134378938339797
 1.367673920339707e-05
-5.4158413239732694e-05
-0.00028105055810082047
-0.00020152408521553755
 0.0004019548332818701
-0.0003254990230122379
-0.00044713286406732056
 0.00016570234810173168
-0.00012902292587878283
-0.00011732958211294053
-7.990643075005133e-05
-3.7805132551346765e-05
-0.00017347341411390327
-0.000288090034915256
-9.160989113440876e-05
-7.289932711480873e-05
-7.991857069224173e-05
-2.612190540399184e-05
-0.00016179018696654834
-0.00023898163308130882
 4.872237399806967e-05
-4.4842586042079247e-05
-0.00032085527267931846
-0.00015478308333130575
-2.1457921834056037e-05
-9.864936794884427e-05
-8.695602418298809e-05
 3.701284364261703e-05
-6.356933665126185e-05
-0.0002764270410048897
-0.00023198666938828438
-6.825355345820017e-05
-4.2244766246257726e-07
-2.6154278583184754e-05
 2.7642386705079014e-05
-0.0003138643556336862
-0.0003302398928827499
 0.0003036469800475061
-0.0002390200762316108
-0.00039106187171955575
 0.00024282500121072803
-0.0001524804297399901
-0.00014078708597413392
 0.00016562950844853375
-0.00021330240857678207
-0.0002577468268407934
 9.77903093580118e-05
-0.00022266477221953573
-0.00023904030946861332
 0.0002778928925660923
-0.00017121122699657876
-0.00022969008576806393
-1.2158281226012924e-05
-0.0001665391501318586
 7.906153542512617e-05
-0.000203968371465843
-0.00018993595428207222
 6.969917178238638e-05
-0.00022034795536231278
-7.298835335760312e-05
-2.153076148725397e-05
-9.872220760202832e-05
-6.597720307496835e-05
-0.00022503621881664326
-0.0002250382421403463
-4.4931612284873634e-05
-2.8303140861551945e-06
-0.00011042971463377793
-0.00011277081137539557
-0.00014318078913194698
-2.6229141560071834e-05
-3.0909311719590216e-05
-0.00038177234773
-0.00011044185457598221
 0.00011644624363771339
-0.0003560486101040622
-7.770089669632829e-05
 0.00021000311038306407
-0.00030693413829901983
-0.00019232156414507318
-1.923215454334437e-05
-0.0002741931804193798
-0.00010812099107136708
 0.0001468359881572623
-9.642967062921393e-05
-0.00024379331928132963
-6.134761600794236e-05
-0.00016192979630182125
-0.00010579405759565674
-6.135368597903756e-05
-0.00010813717766097741
-6.603587946225897e-05
-0.00024380748254722306
-9.902164079797493e-06
-5.200750892589423e-05
-0.00028357780062281124
 1.816064696405495e-05
-8.709968016566705e-05
-0.0002508368427431573
 2.0493650410860487e-05
 3.2186994176716666e-05
-0.00022043495828140414
-0.00010348331070954286
-9.41290403616013e-05
-4.968866874498212e-05
 2.7498730722400055e-05
-0.0002859391306014175
-0.00010583250074595874
-7.593440517372763e-06
-6.373322587094332e-05
-0.00016197633274692147
-8.244985986163855e-05
 9.063954974010413e-05
-0.00022045923816579882
-0.00010116851717602293
-0.00021812421139529026
-5.2052022047277546e-05
 2.981352425590611e-05
-0.00018538325351563634
 9.530353331002606e-05
-0.00011989324446150251
 9.997763349844924e-05
-0.00029064965061643966
-0.0004894729144626075
 0.0003479133458259426
 3.68145579200535e-05
-0.00033042199201573086
-7.780408620501611e-05
 0.00016545752593405405
-0.0002392041986882809
-0.00024154529542989855
 0.00020521570406745182
-0.0002298539749877454
-0.00011758047425169948
 0.00014439372523067373
-8.483749304834254e-05
-0.00012694283789445315
-0.00014097930172560225
 2.9771034458211942e-05
-0.00013864427495509368
-0.00023220923499525647
 0.00018648288348716013
-3.573111453809841e-05
-0.00021116364420514788
 7.654036287424448e-05
-8.017957944951581e-05
-0.00024157766860909147
 8.589058657479387e-05
 8.588856325109084e-05
-0.00037257184998323867
 5.5476562170850285e-05
 0.00013734210847403394
-0.00037959514020806384
 9.757381372213492e-05
 0.00016774399293578712
-0.0003234634481492915
-0.00020885087399533098
 0.0001092610875168959
-0.000183125113045704
-5.4478098384283524e-05
 0.00021919146818763502
-0.000302423927330292
-0.00010360471013153016
-1.9400090410418014e-05
-9.425246310727775e-05
-0.00011764522061009919
-0.0002533135021726557
 0.00011157992769782188
-8.958240956626062e-05
-1.0055936680977706e-05
 9.520034380133824e-05
-0.00013636994789557877
-0.0001036249433685188
-0.00031180450088633127
 3.4376341640843244e-05
 0.00013495447528734383
-8.024230248419861e-05
 0.0001255941349682932
-0.00022994704787793196
-0.00014340335473891908
 8.816289031060576e-05
-0.00030480346722219775
 1.6131272004837882e-06
 7.880052666785209e-05
-0.0002135856738947478
-1.0088309860170619e-05
-1.2429406601774384e-05
-0.00011535066031358177
-8.494472920442253e-05
-4.986065125946182e-05
-0.00025102298852353044
-7.091635866805779e-05
 0.0002729254104412021
-0.0001925522230468435
-0.0002463529349825133
 6.474180627599746e-05
-0.00011069072339103814
-0.00012004904038638575
 4.3684075543698464e-05
-0.00014344382121291022
-0.00013642862428288327
 0.00010449391443830003
-0.0001411108177660908
-0.00018789430944801677
 0.00010682691788509169
-1.948507000580635e-05
-0.0004405203085535436
-7.76529309923224e-07
 0.0002495023030828908
-0.0004381873051067242
 3.895547554810808e-06
 0.00020037569133565802
-0.0003843946864658665
-0.00015282844141634166
 7.172058337943932e-05
-0.0002159874703473591
-0.0002136504202531475
 0.00012551320202029703
-0.00017856836563186207
-0.00028382869276158407
 0.00014889786622830636
 4.3637539098598244e-05
-0.00034465067159836216
-0.0002300380974444155
-8.109258128191632e-07
-5.695071116638972e-05
 0.00010444333134580763
-6.163290464959725e-05
-0.0003282892976151919
-5.499189267135773e-06
 2.7245815259938078e-05
-0.00026280131188477496
 5.764972304536653e-05
-2.421986990522318e-05
-0.0003844391995872498
 0.00018161454422357948
 3.8429411386153856e-06
-0.000297899553095643
 5.529850968526151e-05
-0.00023474861745943765
-7.335457494725417e-05
 0.00014183815617688222
-0.00028855337604249964
-2.6579176560126427e-05
 0.00019095262798192458
-0.0004218866308345476
-0.00022072834021787113
 0.0004271929732198726
-0.00027687014889513084
-0.0004172165772935166
 0.000272808057666607
-2.6595363149722884e-05
-0.0003213206371302513
-0.00013653586043896326
 0.0002540873770285196
-4.99941906236534e-05
-0.0004148916671414954
 9.73633880573671e-05
-3.3626746669360164e-05
-0.00023478908393344267
 2.9524188966845166e-05
 8.565992767302355e-05
-0.0002464905209940971
-7.807925822818362e-05
 0.00022365918935868256
-0.0004383006112339133
-0.00016463104466199474
 0.00021195775229802816
-0.00026521524827957665
-9.68039855136632e-05
 0.00015815299371496616
-0.0001435895005192922
-0.0002652233415743749
 0.00013475618956476643
-0.0001225439097291836
-0.00015763203432156425
 0.00013007197275782811
-0.00016231422780477178
 4.820035648353538e-05
-0.00013191032001932945
-0.00017401566486544007
 0.00021660757260205665
-0.00030500782291587036
-0.00014361378040368689
 0.0002937909254220189
-0.00034477814099144466
-0.00011555096935984832
 0.00024934246051061537
-0.00038922660590287594
-0.00010386167224138432
 8.09231044499037e-05
-0.00023953197712764385
 9.027535147414223e-05
-6.410551743170345e-05
-0.00026292878127785746
 5.9861327070198644e-05
 3.721541716628085e-06
-0.00018106728162206598
-1.7334165691967884e-05
-0.00011557727256794603
-0.00028399258198126553
 6.686640738172434e-05
 4.113457646101604e-05
-0.00010388999877318505
-7.34840676640397e-05
-0.00021616956948034005
 1.0718528733369426e-05
-8.752457814260872e-05
-0.00022787100654098058
 6.217207395631252e-05
-6.413991393458551e-05
-8.753267143740695e-05
-1.7362492223768622e-05
 1.3043438885376735e-05
-1.0349318617444703e-05
-0.00030741366601585995
-0.0001390024032499465
 7.151218103836066e-05
-9.924220179287346e-05
 1.5370372361100948e-05
 2.2385569291127894e-05
-0.00018345491480876996
-6.884234065482331e-05
-0.0001366774930979392
-0.00010393248857087922
 4.576618685174505e-05
-0.00012264912256157445
 5.044028704016823e-05
-7.82107742686583e-05
-0.0002232353495028594
 0.00015569252087506424
-0.0001858142214636871
-0.00027470103466800677
 7.849702811289772e-05
-0.00014605604333028932
-2.676532234051343e-05
 8.78472518134471e-05
-0.00018816543482377823
-0.0002700350277743818
 4.105971348411508e-05
-5.718339339184919e-05
-0.0002864146116708516
 0.00020244970934890638
-0.00010397093172118121
-0.00018584052467177092
 5.961472273260937e-06
-0.0003565969308266942
 0.00021413495981995045
 5.273687066038868e-05
-0.0004525050109321499
-4.5508259539292495e-05
 1.99837728385166e-05
 1.0625455843168985e-05
-5.019247634621693e-05
-5.752104729597751e-06
-0.00012270779894886508
-0.0002700714476009808
 4.804051391125996e-05
-0.00010166220815875648
 3.594072323545583e-06
-6.424108011958418e-05
-0.0003051676654881458
 0.00026790329857642736
-9.231603110561315e-05
-0.00031453002913089945
 0.0002304720539187538
-0.00018120689095733888
-0.0002747718509975017
 0.00023046598394764473
 5.035530744476602e-05
-7.36176070282174e-05
-1.108354396678335e-06
-0.0002490521600189699
-3.4514744619851268e-06
 0.00010414387943824543
-0.00024438008315424975
-2.2170131776369506e-05
 0.0001415629841537147
-0.0001625185834984444
-0.000139129872643029
 0.0001743039420333825
-0.0001344557724546197
-0.00021164721856938018
 0.00014388991762943892
-2.452539178388058e-05
 5.8805393252647775e-06
-7.598905362533881e-05
-9.002551745650178e-05
-4.792421925779722e-05
-0.0002116613818352875
 0.00011814594676649859
 1.2885619636804346e-05
-0.00014149524926904133
-0.000136819125756929
-5.2614506035816855e-05
 8.304972887934747e-05
-0.0002444225729519439
 0.00014386159109763819
 5.965292472911998e-05
-0.0003824339745798072
 8.07005388429316e-05
 1.2865386399801837e-05
-0.0001274810419985839
 9.23898359613956e-05
 1.5198389846621252e-05
-0.0001157917448801199
 3.624600396041899e-05
-0.0001415255991245451
-0.00019298723764228642
 0.0001438373112132435
-0.00014620981593146953
-3.861446203125285e-05
 0.00010874513997347068
-9.709534412642717e-05
-6.902848643519643e-05
-8.072587684844479e-05
-0.00010411863435125235
-0.00024212598933172347
 9.937670635962181e-05
 0.0001344607843045964
-7.839692004903143e-05
-0.00012050226489512816
-0.000167285756577068
 4.3228827711253026e-05
-0.0002351229323439008
 6.193736840715003e-05
 0.00017654994256109668
-0.0004550019035986508
 2.918427058527795e-05
 0.0002326816346198829
-0.0003263589355846225
-0.00013923508547541985
 0.00012975633426066946
-0.00012052654477952285
-0.00018134447696892264
 0.00011103767694628508
 9.232306627929288e-05
-0.0002702353368206484
-9.948500063683419e-05
 7.828255580072385e-05
-7.14201662692926e-05
-0.00010416921744374474
-9.71540205137178e-05
-4.569642864336865e-05
-0.000122887874758143
 4.0845241171941216e-05
-1.295547076370085e-05
-0.00016967541308746115
 0.00016013191551432493
-0.00019540926733190023
-0.000429318632446718
 0.0003378954253044908
 6.188273866725158e-05
-0.0005322439328059175
 0.00026069993254232426
 0.00021391644086038442
-0.0003895665242844293
-1.5316800742321002e-05
-7.145658609587768e-05
-0.00020712486765844806
 2.9119524226892124e-05
-4.3393775052052996e-05
-1.298784394290764e-05
 3.145252767371154e-05
-0.00019777869060530473
-8.31661164513442e-05
 1.2733870359313282e-05
-0.0002890086238749312
 8.991924650299243e-05
 0.0002489742155972613
-0.00023989415206990272
-0.00015568953234879057
 9.225022662610882e-05
 4.078858810835362e-05
-0.0003100744479020423
 3.359366774383088e-06
 0.0002512991257492825
-0.0003194368115447821
-5.9801685480337374e-05
 0.00022556324818115425
-0.00012529978782924167
-0.000275002509899272
 2.673593768759419e-05
-8.352186904786452e-06
-0.00022588803809422964
 0.00024426369558223915
 4.3101358318170524e-05
-0.00037559480681165214
-8.362303523273829e-06
 0.00016472710607845498
-0.00017444056284238174
-0.00013233926464367718
 0.00018343362345066283
-0.0002001764404104961
-0.00019316124348046915
 0.00019044477373328372
-1.7734783784514874e-05
-5.750105521271087e-05
-4.580771144685469e-05
-0.0002142230208601742
-2.0081950497241596e-05
 3.6053788208950666e-05
-7.388468575658669e-05
-5.751319515491515e-05
-0.00010195761341892651
 4.5401988585797026e-05
-5.050204487228038e-05
-0.00012535441756914012
-3.4132577594298e-05
-0.0001581054920672953
-2.0102183734230228e-05
 9.684946383763104e-05
 3.369245823033051e-05
-8.326323598892293e-05
 2.9010264747109105e-05
 3.2784338263869284e-06
-0.00031015942749743064
-0.00010666206346283957
 0.00017636379678072356
 5.7069029143541616e-05
-0.00013473701444888242
-6.222776181732947e-05
-4.117812437982871e-05
-4.585829453934709e-05
-0.00011369344698247685
-0.00014410342473902826
 0.00012254892157917419
-7.62743422669937e-05
-0.00022831613775492476
 1.7284547802060013e-05
 5.704677258284996e-05
-5.055262796477278e-05
-0.00015113480825865167
-0.0001862229328510323
 3.130887169103258e-05
 0.00012486978508378932
-0.00027511379270275804
-0.0001277541906980484
 0.0001295418619484956
-0.00014413175127081512
-4.589269104224303e-05
 1.0243047663921478e-05
-9.033913262997129e-05
-4.8237834431252846e-05
-0.00014180279447140176
-3.6546513989099694e-05
 9.210050067232078e-05
-1.5498899875288075e-05
-0.00016052347510948917
-0.00012777847058244307
-1.3165896428482537e-05
-7.164475519995384e-05
-9.503751270277527e-05
-5.059714108616997e-05
 7.103265332152053e-05
-5.52793345693775e-05
-8.101116549009968e-05
 5.2313996007136154e-05
-0.000277497379242056
-0.00011844241014780099
 9.90893943942639e-05
-0.00010675108970563396
-9.037959910396243e-05
-1.4968325470349209e-06
 3.5926318815868163e-05
-0.0001933048994631481
-0.00016289896835400275
-1.5539366349293093e-05
 1.4866564759866141e-05
-7.16811750265528e-05
-0.00022606204393241236
 0.0001879519277141889
-2.7244850057339676e-05
-0.00028922309618710507
 9.43829210266478e-05
-0.00013017015041653923
-5.298275094917093e-05
 0.00013414109916004557
-0.0002541471115369426
-5.532789433818075e-05
 0.000164542983621771
-0.0002447968878363932
 2.8872678735525348e-05
 7.331305035214453e-05
-0.00027521091224035066
 4.5240122689818585e-05
-4.3646690514514974e-05
 1.7167195027478765e-05
-6.470239792312482e-05
-0.00013721569720206994
 0.00021364329216091993
-0.0002424780476554811
-0.00013020454691943517
 0.0001153961386375496
-0.00014658210749221579
-1.0917872577065335e-05
 3.586157245746846e-05
 7.094565040242917e-05
-0.0001442511273690994
-0.00013255778360324322
 2.8836258908926382e-05
-0.000233141987220839
 0.0001761938375899469
 0.00010368053831100177
-0.00027759045213224254
 0.00025571626382782375
-8.601055719842376e-06
-0.00021210246640182562
-6.240379097920135e-05
-0.0001302389434223311
 5.9223980104786134e-05
-3.9019126771192014e-05
 0.00016213916384548444
-6.007483417980186e-05
-0.00022381199675729213
 0.0002323052964117306
-0.00019574716238975054
-0.00027761675534034025
 0.00020656941884358848
 1.2424301833263707e-05
-0.00018405988859498956
 3.5810989364976065e-05
 2.645267236962845e-05
-9.050302184963888e-05
-9.05050451733419e-05
-0.00016301834445228702
-2.7354109537136573e-05
 7.322402410936402e-05
 2.410145900952343e-05
-2.5021106090317158e-05
-0.0001115688458767361
-7.41456945138469e-05
 4.982317331174435e-05
-5.7776227235878386e-05
-0.0001396458201864681
 0.00021589131601233713
-0.00012795449974431494
-0.00025192741421731224
 0.0002790402283248533
-5.778836717808267e-05
 1.939903228929951e-05
-0.00010223480876578317
-0.00025895475108954347
 0.0001246512661242094
-0.00017241308127421973
 7.693548581239051e-06
 0.00011996704931728497
-3.9091966424389946e-05
-0.00013733507330035422
-9.289470168373504e-05
 9.656822184336833e-05
-0.0003431796040476581
 3.574826633027939e-05
 0.00021585489618575204
-0.00039464528921279163
 8.486273813532175e-05
 0.00015737199076686081
-0.00016776123764650208
-2.507978247760778e-05
-0.0003782818919059183
 7.315725442726129e-05
 0.00023689037035735938
-0.00035957537453372435
 0.0002462426173815979
-3.9126362927285885e-05
-0.00045314438122126544
 0.00029301801576872566
-2.5097992390907264e-05
-0.00027538087143112733
 0.00026026491794688134
-0.00016077032060085594
-0.00034088099710373465
 0.0002976840226623506
 7.636895517637576e-06
-0.00025434135061211394
 3.336265646727843e-05
-0.00015376524028933025
-0.00017949707121005243
 0.00018539635866041126
-8.593818114099872e-05
-0.00022394553612146983
 7.545383804748174e-05
-0.00011401313212702768
-1.3434998480540972e-05
-4.150590281919164e-05
-8.127217424737376e-05
-1.7457013620908457e-06
-0.0001303967626709035
 5.438801402038451e-05
-6.0228606780982075e-05
 4.9705820537149226e-05
 7.54336048104931e-05
-0.000326889046393955
-0.00014678241653849622
 0.00017600769180955989
-0.00016315997711126295
-0.0002380123498081227
 0.0003490930547639104
-0.0001280799458137083
-0.0002684263742120663
 0.00016430018477781028
-0.0002122926588296048
-8.832379100401355e-05
-2.7509905462005935e-05
-1.3477488278235139e-05
-8.80136476612281e-06
-0.00013979149949285008
 0.0001502515810044569
-4.155446258798101e-05
-0.0003152280758073056
-5.7932023160761625e-05
 0.00021105939657534156
-0.00013746456601713974
-0.00010705863490799439
 0.00022976591394753554
-0.0002403898663763393
-0.00017489783399851633
 0.0001502313477674544
-9.537338443693644e-05
-0.00011174892168601402
 0.00012449547019934004
-0.00018192517087074755
-0.00014450201950787223
 0.000309276200243222
-0.0001562014332448236
-0.00024508824644915717
-6.504781145902361e-06
 1.4544856291598407e-05
 4.261171398282915e-05
-0.00022638375240066622
 2.1556006574233177e-05
 6.599637819083848e-05
-0.00023106796920759065
 0.00011043472648376851
 4.9616794294368716e-05
-0.0003527058569100794
 1.4526646378298924e-05
 9.405311926359572e-05
-0.0002568099167468141
 8.001463210871584e-05
 0.00014550666448652494
-0.00025915506013581
-0.00015623785307142257
-3.4608058663732066e-05
-1.3558421226231299e-05
 1.9186583300828675e-05
-0.00018431482738115457
 5.148096145962677e-06
 0.00013379511080738316
-0.00013987850241194144
-0.0001422195991535452
-0.0001071355212085845
-0.00016093623314424044
-8.140976025895752e-05
 0.00016652999871594187
-1.825882462275219e-05
-9.311119731961193e-05
 2.3840450252249346e-05
-0.00038549942120591485
 8.231323905263932e-05
 0.00014312712459463306
-0.000364453830415834
 0.00017820917921590462
 0.00011037402677277486
-0.00017733402695402356
-5.5704232546333055e-05
 1.4465946667305274e-05
 4.294828361423031e-07
-0.00020307192784584094
 3.317246403949925e-05
 0.00017117577237256432
-0.00014226208895123937
-0.00011887337809583787
 0.00018520414290892906
-3.2331708280514126e-05
-0.00028495366073863493
 0.00012204309065423635
 0.00013139736100217791
-0.0002615689965306256
 1.443964345922144e-05
 7.291445558330056e-05
-0.00022181081839722783
 4.016338108513151e-05
 7.992560586592146e-05
-8.848970354738417e-05
-0.00016802022308007314
-0.00010954541095599402
 5.652677839200482e-05
-4.405540190186019e-05
 3.5471070983422726e-05
-3.704222829553627e-05
-0.00011657274782822524
-7.914959646533604e-05
-5.809995902783527e-05
 7.522520246941444e-05
-0.00011190269428719424
-0.000146990818879561
 3.779395781172701e-05
-2.0684900959758168e-05
-7.682468631332873e-05
 0.00013135082455709157
-0.00011425390764729926
-0.00030605995123973717
 0.00011964938749642329
 7.988311606822729e-05
 5.649035856541973e-05
 2.6896466297637867e-06
-0.00021016805772386404
-2.3044207614661416e-05
-5.345418537119895e-05
-0.00014468007199344712
 9.624246672770842e-05
 4.4780828209967094e-05
-0.00022421463817352827
 7.351606875982686e-06
 1.6705877223938126e-05
-0.00011896240433863225
-9.027977020487077e-06
-9.32366433889914e-05
-6.692950249978513e-06
-0.00012130957105133122
-0.00016341491589744184
 0.00024358183549542944
-0.00012833286127617027
-0.00043241442892834325
 0.00030439167439001713
-2.0741554023345765e-05
-0.00039967347104867545
 0.00022485710820993599
-0.0001868218366661567
-0.000212553667586865
 4.240331164176436e-05
-0.00012835107118946976
 8.216351309885128e-05
-0.0001470677051801511
-0.00027571876648897764
-0.00010730750372306419
-6.052805868854427e-05
-0.0002499950288630398
 7.30102378349029e-06
 9.61837903404178e-05
-0.00024298387858041892
-7.457261581450547e-05
-0.0002617005125711003
 3.535978817993668e-05
-3.48144376811077e-05
-0.00040906820787062204
 0.00025288754607458164
-6.522846208505129e-05
-0.00038802261708051344
 0.0002575596229393018
-4.4182871294942694e-05
-0.0005377293857979359
 4.235879852036717e-05
 0.00011954619798773547
-0.00013073668105245684
 0.0001195421513403433
-0.00014009702137150748
-0.0002360010548295849
 5.170295224980748e-05
-8.396532931273515e-05
-0.0001845475096066279
 6.807039620408684e-05
-3.0172710671891312e-05
-0.0001728582124881639
 5.636895914343243e-05
-3.0178780642986514e-05
-6.526690523535328e-05
-0.000147136498185943
-0.00011906964049471225
 4.93416222712012e-05
-0.00017287237575407122
 4.2320355370079055e-05
-3.954923758052453e-05
-0.00032725729130730907
 0.00012418185502587054
 6.804206967229998e-05
-0.0003389587283679635
-7.932360230351876e-05
 0.0001007830275519539
-0.00013312633756287773
-8.400781911042932e-05
 7.97252968196549e-05
 3.528087855564355e-05
-0.00018693311946964275
-0.00010974572000226057
 6.802183643529747e-05
-0.00023839880463477625
-4.49348616735068e-06
 0.0002644979335687525
-0.00019630155308347774
-2.5551216899649676e-05
 0.00023642298258270966
-0.0002968877800247488
-0.00012145929700510538
 0.00020366988476085146
-0.00015421037150327443
 0.00011712012165072949
 0.00013115253883451417
-0.00025245752502664476
 0.00016389552003785723
 8.670407392308288e-05
-0.0003530437519679297
 9.137817411151994e-05
 0.00011476688496692145
-2.5579543431450413e-05
 0.00021768206870763362
-0.00011914652679530235
 2.3534928373591946e-05
 0.00014516472278126857
-0.00026651422209481024
 0.00014048252929806104
 0.0002761467642132115
-0.00037645674270773977
-7.004014828505822e-05
 0.00023169829930180796
-0.00043727872154453173
-4.552162554641304e-06
 0.00034630682680834857
-0.00011215358642595319
 0.0002597570636982405
 0.00025975504037453745
-0.00010046428930751694
-6.070206452671312e-05
-0.00015660609798477665
-7.474055168157911e-05
 6.326275665148595e-05
-7.474459832897129e-05
 4.781874556311627e-06
 4.2205025919186956e-05
-1.3934759434383603e-05
 0.00019891889827185205
 0.0001965778015302344
-7.709581168909019e-05
-0.00023381575401285049
-0.00025019129126192807
-0.0006033934006902247
-0.0004981371202079227
-0.00011920924982999903
-0.00021979143012387792
 0.00034860138710487987
 0.0005684722650648316
 0.0001240462923379898
 6.790650698440537e-05
-0.00018003729863787232
-0.0005472738485736567
-0.0002923168693450273
 0.00018719115800308606
 0.00016847654733610773
 0.00019420433160942385
-6.0756694266611566e-05
-0.00025724088469486484
-0.00025490383460063937
-0.0006198013111185091
-0.0001566667976957703
 0.00017314053090602965
-0.00012626288991032797
 8.191262096009233e-05
-3.036492642335964e-05
-0.0005987617902995096
-0.0005145571705783974
-0.00033912868755874015
-0.0005309347311511781
-0.00012159890634039217
-1.4003552440175482e-05
-0.0002876771656594862
 3.745201610647064e-05
 0.00024562752697687706
 0.00037427454163829754
 0.0007461851917625051
 0.0005380056342446926
-0.00012863231318373247
-0.00011927804283579091
-0.0005262788408760544
-0.001097014778170105
-0.0002876973988964887
-6.782652093653696e-05
-0.0002806842252901648
 0.0002432661969982708
-4.444185672851375e-05
-0.00021987438639556323
 0.00011695016245995282
-0.0006736586761177527
-0.0014853191754566758
-0.0016280046772729762
-0.0017402822246564142
-0.0010104933415917838
 0.00034148907063724643
 0.001082973320791436
 0.0011157183253184821
 0.0006408843981588058
-0.00018247146826967653
-0.000687713349862229
-0.0004959113529171971
 0.00011224571241603976
 0.0007063683372418167
 0.0008724405265898155
 0.0004888304627286566
-0.0004234101935804563
-0.0011485249764566496
-0.00100818259470567
-0.00042809441038736684
 0.00036017130812503184
 0.0008139495278761399
 0.0004747818589553032
-0.0001965342353089511
-0.0006503165017074375
-0.0003064747325981776
 0.0004654174719888604
 0.0011718156208743724
 0.0016022031064463482
 0.0008466803691372926
-0.0004491683277092623
-0.0008585081991674404
-0.00018953522496850672
 0.0018127095974398572
 0.0038757703287139456
 0.0038640729383006833
 0.0022594665502898292
-0.00036965399476618366
-0.0031110500638819177
-0.0032771262998773226
-0.0013310192394988263
 0.0006735646563274522
 0.002100397417929667
 0.0012466335970683362
-0.0016210724366146206
-0.003539114662625603
-0.0035648464935463114
-0.001897089169899252
 0.0008606763664944644
 0.0023319515230369736
 0.001695721530041397
-0.0002597458706561362
-0.0021122940409655927
-0.0015392230769010334
 0.00030396475308937243
 0.0014641431450496956
 0.002069961136965018
 0.0007109574578348515
-0.0019088067935495168
-0.0027649096878287482
-0.0019275234275401981
-0.0003346164532663093
 0.0011015726020075362
 0.00038113596596715815
-0.001712336766387157
-0.0026994277720694265
-0.0020982879269899335
 0.0003647543587469715
 0.0036113862394841767
 0.00520663228717598
 0.005173883236001514
 0.003786810675856414
 0.0016372001814722315
 0.00014486931752111243
-0.0005545156577580618
-0.0005241097266489164
-0.0004983819423755864
-0.0006948661328038397
-0.00084456885487387
-0.00040716414904815035
 0.0004770035795986227
 0.0007202651917377068
 0.0009939347583096253
 0.0012044493425979325
 0.0007553452230352753
-0.0003884637016470516
-0.0013685374870755912
-0.0017615038446083947
-0.0014737998375290023
 0.000345997258282299
 0.0016628935692426516
 0.0015225471408442798
 0.0003530084085649199
-0.0019182339035506424
-0.003929839066278071
-0.004114627889616765
-0.0016094822823574662
 0.001716678094588725
 0.003777399752444885
 0.004137615035479519
 0.0020628548904684935
-0.001441079112886337
-0.003838631389569122
-0.005113428425654487
-0.00499881585150054
-0.002498348391077057
-0.0007557407180568271
-0.0004469850502162309
 0.0005213893214753434
 0.0004208071411814507
-0.0003464109632171364
-0.00021542487513781516
-0.00040255277189442384
-0.00016864745342699827
 0.001017260746130344
 0.0018406125659114203
 0.002542332567961117
 0.00344755195736908
 0.0036159632201350073
 0.0033422896069156827
 0.0027809099632932627
 0.0017213076816557371
 0.0012768817089289092
 0.00017283703235107528
-0.0023697377962422217
-0.004428124427327873
-0.004809395417771117
-0.0028398976232134887
 0.00034591834865800586
 0.0024300307406932703
 0.002055776970503756
-0.00027628125047750307
-0.0029545223373096396
-0.003380235722693206
-8.214422676196265e-05
 0.003559791061602244
 0.005395961671338906
 0.00535619539991071
 0.00295630404981001
 0.0003225053579181958
-0.0009967340731074775
-0.0008540526179385971
 0.0005938318044248075
 0.001482677679907396
-0.00012192870810344425
-0.0030317380633088087
-0.004449218577886771
-0.0032375805707324096
-0.00040730375838342325
 0.0008464375702933319
 0.00012834000767085463
-0.0006973549321755423
-0.0016891240846936134
-0.003158064214465614
-0.00451005067334205
-0.004809454094158408
-0.0032563113679889844
 0.0013329486546292818
 0.004839217684754621
 0.0035667597220871705
 0.0006312205592848008
-0.0023838470997265826
-0.0034153805003491605
-0.001813117232403627
 8.854743303456092e-05
 0.001817120665547331
 0.002886075194209095
 0.0027854930139152023
 0.0015294085651731265
-0.00040968532159903204
-0.0026271289451026553
-0.0038668398799193426
-0.003275056328511494
-0.0024423482150587594
-0.0025335741016809937
-0.002103186616109018
 0.00034582122912041324
 0.003021719195887257
 0.0035480086915935932
 0.0016299664655826246
 0.00017038262948226857
 0.0014592100594276874
 0.003482506542597283
 0.0048789313497666215
 0.004960796896069819
 0.002881358604222964
 0.0006124553655253162
-0.0012634835389632587
-0.0035043178966459865
-0.0035651358288353863
-0.0007699451177550637
 0.0015995342312653815
 0.0010592062484041653
-0.0025429688385029403
-0.006547464553290791
-0.006486650667748797
-0.0015839548071304027
 0.0037982511041597944
 0.0058847025696129734
 0.004361963751229034
 0.0012416377884116453
-0.0015886430705847332
-0.0018272305825353802
 0.00022179570823122052
 0.0008276137001465567
 0.00010717706410616479
-0.0013500676985762766
-0.003256414557497672
-0.003443542454254281
-0.0016869003407266048
 0.0006381366133535321
 0.0011059492736121002
-0.00024603718526433616
-0.0016892475074393037
-0.0020003462953452206
 6.505350934676857e-05
 0.002525756721665759
 0.002900006445207867
 0.00022410443179363138
-0.003848224412113646
-0.005214245311497542
-0.002615536767521784
 0.003208754019753665
 0.009800260888104012
 0.01229605020169168
 0.009512550811053525
 0.0033982108733096733
-0.0050435071152559185
-0.010271338227611365
-0.007677307830471436
-0.0006858194076582586
 0.007332522245617992
 0.012225861812564742
 0.008827186113015917
-0.0018693986504161736
-0.01356476776329639
-0.01968378584787607
-0.016902629577303208
-0.007193137842877104
 0.0032929262662955705
 0.010209564339735591
 0.011865626296293105
 0.008747639406893631
 0.0033771248160455736
-0.001955964600115892
-0.003132520552648968
-0.0010577644542853482
-7.067749525048461e-05
 0.0021280494942624434
 0.004822660048372576
 0.0044507453516009765
 0.0028250873028289186
 0.0006614423679372622
-0.003691575286119367
-0.007607186211026587
-0.0073335166444546684
-0.005013157837210361
-0.002423805586906247
 0.0003409771697412134
 0.0014824429743582335
 0.0010356779282134632
-0.0008075139484243349
-0.0029758370301518067
-0.0027185409775052627
 0.0013444275260829641
 0.0063944850120297575
 0.008036512528079812
 0.0066704916286959015
 0.004392232096326595
 0.0011151882145091496
-0.0032892890547415177
-0.005162888885812178
-0.0017408264987316402
 0.004256555721469241
 0.008593195814953089
 0.00725524379658414
 0.00024971688661608316
-0.008252817010815205
-0.01307598842187202
-0.011969608718523664
-0.0067277472123081355
-0.0002298032806742345
 0.00347762606339147
 0.0035594916096946816
 0.0015338520064597932
-0.0010227572626409637
-0.0020355780759202663
-0.0014812196991989823
 0.0006473350877766043
 0.002934946867170163
 0.0027665315577568433
 0.0023735652002240537
 0.003798058888408326
 0.002689336064994677
-0.0001222322066584125
-0.0006648992629375433
-0.001995834061052762
-0.0026460984945558125
-0.0009011517481176817
-0.0018554957259491883
-0.005188677369796488
-0.0077125396110464955
-0.00809381060148974
-0.004762972077707747
-0.0003842286627014774
 0.0017209353900949909
 0.001660117457905605
-0.000994732894747427
-0.002573609475161248
 0.0017630306183226002
 0.009212977431046404
 0.014602200562590345
 0.012059625733997048
-5.443752068927388e-05
-0.011745128486733675
-0.013466688545640093
-0.004872934831557665
 0.008174414670227892
 0.013608080196712141
 0.005980359757579684
-0.005284619846404853
-0.012402422280432646
-0.012528734268323558
-0.005067092088510208
 0.004148855154736633
 0.008976700665981871
 0.007510099609627771
 0.003482213160660816
 0.003084568656292183
 0.0062048905724621795
 0.007065667566929834
 0.003664652793963094
-0.0016894882829595753
-0.005345462058478648
-0.00364729678039874
 0.0005489989080104396
 0.0014144540493139235
-0.0010041498881300653
-0.0026227907166483794
-0.0005269829575235557
 0.006045811323483502
 0.011152006571460177
 0.006838753165508041
-0.0026953121092221366
-0.008327802922876257
-0.007041314566348739
-0.0010088462448791802
 0.0034845117676047255
 0.0012577118504294715
-0.0070506789533151815
-0.015796476486209243
-0.015188319420875993
-0.001963200339329188
 0.013198671532248171
 0.019911810218329905
 0.016080405936467507
 0.0033885915475570655
-0.011020102730100262
-0.015995313913321305
-0.01109495712612081
-0.0037409123235313813
 0.002710250139744283
 0.004703138668481016
 0.0032131468779478256
 0.002277515487459608
 0.00039923750955311865
-0.0038929642356378275
-0.008435446836545263
-0.009803806809347074
-0.0048122261588480625
 0.004249342238816622
 0.010960141851480448
 0.013453592091650216
 0.008904092270489022
-0.0022439336625999506
-0.01387146964636074
-0.021569362288030525
-0.017319267911009392
-0.0012311229659391493
 0.01444300598416079
 0.022009906467780165
 0.02039360471267975
 0.010735568546800273
 0.0008693548467266915
-0.0033269448883298663
-0.0060332548561769506
-0.0051420699072764475
-0.0008966536770911304
 0.001147694466839641
 0.002436521896785074
 0.00020504383277399063
-0.003673141917446651
-0.0015165182494561308
 0.004527645439102987
 0.011292243740378766
 0.015055810846474352
 0.007678371263058398
-0.005970124153777734
-0.014320618279044794
-0.01600709223668255
-0.00996058947470553
 0.0016669424624078666
 0.010412735948654522
 0.010260694153166591
 0.0021815325443772376
-0.004283668406053293
-0.003422891411585624
 0.0008693062869579021
 0.0012903374788582334
-0.0037176207322135585
-0.006384166451956136
-0.0024849330876216963
 0.0037978160895643515
 0.007028074456376168
 0.00510301501011147
 0.001863396302980616
 0.001725388948000145
 0.0018025763474675133
-0.0021949021470665936
-0.0082998857911388
-0.012161698027434054
-0.010224947260727202
-0.0019188995770478556
 0.008380038658691913
 0.015521227780251418
 0.013518978911195634
-0.0002628436904614645
-0.016488998013835868
-0.02190629407304215
-0.01372421728051211
 0.001231816130289054
 0.013226582594014533
 0.013016063963078806
 0.002689052799676711
-0.00807770416629272
-0.0132493975166183
-0.009644887402940686
-0.0020896822864108905
 0.0028153526476254187
 0.005166119409302589
 0.008099315452039652
 0.01546271654830074
 0.02489853669283123
 0.024840057834059757
 0.0080455086701329
-0.014133587501825778
-0.02775635311106492
-0.029463878729463863
-0.01845386217467905
-0.001437105082698023
 0.012871004991341709
 0.01978764306478173
 0.013161046048515326
-0.003518888517933888
-0.016007203519486035
-0.01861995055061666
-0.015109003373655491
-0.0061924575279013044
 0.0058537685510182125
 0.016148028639922152
 0.01730820703188246
 0.0034141089061656277
-0.013289216394462691
-0.02089588517283396
-0.01990178099354535
-0.00752340648928243
 0.010824283377490126
 0.023616673876723344
 0.02894975924623741
 0.02338510156170273
 0.0066162822053729
-0.00953034362179253
-0.019679585205433378
-0.021377754530160678
-0.007032219281434354
 0.013682612884264436
 0.022543020967988756
 0.017939722458215623
 0.006082957279499521
-0.004246392957320488
-0.00518904156806245
-0.002024277256952145
-0.0008640988649918496
 0.0012223526004613294
 0.0026140992607948527
 0.004118121445188125
 0.009437172374194738
 0.007589302350721097
-0.001972831805024014
-0.007738649803499073
-0.010575947882749168
-0.0055375857638919335
 0.006541387342878333
 0.010447637927466516
 0.0031848129415282256
-0.00955612198915834
-0.015314922767379682
-0.008515238364835226
-0.0020991620028282115
 0.001086653969043283
 0.002155608497705047
-0.005308376802173623
-0.01496407389463518
-0.017109006242183533
-0.013008612563908728
-0.0038324295687663934
 0.006651295466988366
 0.0053671421372313705
-0.005476804251529133
-0.009401771470107997
-0.004049973513250649
 0.005009255810996149
 0.013109465033899287
 0.016215752509561795
 0.013930475756938746
 0.007699182148299344
-0.003668716686073284
-0.014774639297639863
-0.01055729194846948
 0.007479301153720891
 0.023101970488626777
 0.027111140303603044
 0.020033102117679738
 0.005430264746335775
-0.013689323394994915
-0.028907337075249548
-0.032383202197589445
-0.023368415268282997
-0.005939981254749566
 0.0122205827385901
 0.023239955587046543
 0.024959172525887648
 0.01981086990974118
 0.007334250275278578
-0.008087262792334335
-0.014552463742764879
-0.009680175836579333
-0.004697951479751952
-0.0019027607686716574
 0.0054349105199923975
 0.011741050431357578
 0.011029970088988844
 0.0036057490372146672
-0.009181967361830135
-0.022028160596322705
-0.028294540306230784
-0.020322980121312756
 0.0009929939127892445
 0.022634099151980912
 0.0330382956915267
 0.02505503609287172
-0.0023752799022978277
-0.027681717234003922
-0.03025236094361214
-0.019497303391379672
-0.004333092446384398
 0.00962181754155074
 0.01610806610609508
 0.0207043433489671
 0.020091504090150633
 0.008288537600046497
-0.007065142338447003
-0.016674057962550323
-0.016002745914933475
-0.006190334950119267
 0.006386860794666105
 0.015418021237897955
 0.013095319310588327
-0.0023028030228454816
-0.01891724353359317
-0.029667626985637213
-0.027569480153094475
-0.005816099389843052
 0.018926617201499005
 0.027815094166238265
 0.018882170759911297
-0.002129727776509646
-0.023681952272468096
-0.035508309496751336
-0.032465177003372425
-0.016150141936764784
 0.006583310588591462
 0.026753138647916924
 0.02752503085250397
 0.009189032306173558
-0.008978552954067229
-0.024874897925516157
-0.03450018706354485
-0.026629207035597027
-0.00909317564483969
 0.007907207933215962
 0.019983841966568328
 0.018730096591244166
 0.004948273989587068
-0.009699005776697217
-0.019038927957740745
-0.02075113172297552
-0.017635487953641366
-0.011879030295485343
 0.0022700227861364164
 0.019094975857848737
 0.025494678705930356
 0.018341790170633893
 0.0009484382117217333
-0.021513685843804198
-0.034939969285938774
-0.023883171262795752
 0.005982116113772057
 0.033938719581324266
 0.040396899264853674
 0.020503077822194335
-0.010000780644110668
-0.03314123599083088
-0.042642554237710295
-0.038743320873375856
-0.02776839041985972
-0.015904612067537294
 0.002906214335981705
 0.023742678319411896
 0.03388255956273369
 0.03591755141299282
 0.028731915849845607
 0.013745470437964188
 0.0002957962616504939
-0.008922494101661654
-0.008344744990761252
 0.00011100339166440765
 0.003231325307834376
 0.003561132636436176
 0.009359693616114606
 0.01696401927442054
 0.025843139945488147
 0.028430153122374346
 0.009801770398805018
-0.017663631697633186
-0.03101740386381252
-0.026056231167746344
-0.004043213255106773
 0.02897514508880549
 0.05448975590805828
 0.057200739976093776
 0.03730457946001653
 0.005738781661979803
-0.020578135386263963
-0.033145978884025096
-0.03147822156037805
-0.01315158335436667
 0.007663828968302311
 0.01961181396366954
 0.02295434785454109
 0.0085105674756151
-0.010265176873282628
-0.014171431504518203
-0.011392614307363283
-0.006422085317625462
-0.00011828447967819622
 0.00039163150210276554
-0.00350058868862535
-0.005212792453860124
-0.00018612570209242119
 0.01503890115176855
 0.029915406066360735
 0.02461506367805002
-0.0014351990005518483
-0.029511099259064935
-0.0381960808830933
-0.022807318889978542
-0.0009744096305181194
 0.0114694589294463
 0.01138758933649571
 0.0026909123453777717
-0.00262112541002249
 0.005911812395194255
 0.020400031122413155
 0.029594926704898786
 0.02594597014963345
-0.00286907730893958
-0.04293974605450182
-0.0561625301092781
-0.03265718335601113
 0.0043656686793652755
 0.029527079412513466
 0.025410308173665866
-0.0026632530114292924
-0.025955748130313733
-0.029419917885564084
-0.01681699233318168
-0.0014539601476639546
-0.0014375886570622554
-0.013116584256017097
-0.012903730598310875
 0.007682452529402806
 0.032900001024580856
 0.046702871240351766
 0.04084582937857816
 0.018032844310365524
-0.007252541360579373
-0.024589755557461637
-0.02488915897827798
-0.00916123133956609
 0.0041738241926225494
 0.009502231415300808
 0.017045741164741057
 0.023688707648285456
 0.02079293273358756
 0.013270470598261114
 0.002047594315798984
-0.010637202852857713
-0.007767161792404248
 0.017644529796460445
 0.04656717058561002
 0.048307439185212325
 0.022151918202804433
-0.0011429159894979363
-0.007451399020928409
-0.003154523175549054
 0.0006464691052331106
-0.00801512178461615
-0.02647743029551375
-0.039054630086946526
-0.03354845328450702
-0.007084178657582249
 0.025354089478688016
 0.03921075838307087
 0.026930620915712827
 0.0015633676751410364
-0.021553696937400058
-0.029223520698054922
-0.010800980481909195
 0.01611473531467246
 0.022168255296903208
 0.006859017753350044
-0.010588132894174068
-0.014599645829215663
-0.005622284074595779
 0.007633242961383888
 0.015763860138719873
 0.012624821588559196
-0.0030984319499642865
-0.02720492461828186
-0.04670110357989628
-0.060634965953717604
-0.06889657528910405
-0.05568549064806469
-0.025373440248675813
 0.0004429110414875398
 0.021393989622395373
 0.04120827852219832
 0.04255558278759154
 0.011773374584555088
-0.03457536721468109
-0.05570188034857966
-0.028634124779833764
 0.024589149747996322
 0.058489338770461134
 0.05100897995665708
 0.02109924613850156
-0.012908544307834571
-0.03426428663668847
-0.022648450066664647
 0.011539444986203268
 0.04246901076792073
 0.048988006360315826
 0.022890962213355716
-0.015348212045981954
-0.03419412859741702
-0.021546760650094324
 0.008491618159398931
 0.02568614483114122
 0.019216265733874867
 0.010299715841473281
 0.0070460626938349535
 0.0060823624223317885
 0.008257698677665612
 0.009017895515163077
 0.010564021021078757
 0.01186922196494955
 0.0011141603660696914
-0.02294321176047176
-0.038072340650845776
-0.0226601879235519
 0.014533416471332036
 0.04522673583784046
 0.04077547710023154
-0.004630618111586368
-0.05892519231146724
-0.08242352589112789
-0.05731357477317375
 0.0022649622311213535
 0.05109545688011401
 0.06251948942986912
 0.05126386611955623
 0.02477385763838702
-0.017210173163026657
-0.049409859857317356
-0.05097704107064163
-0.02959791205425602
 0.0009316721729986099
 0.022748207918533644
 0.026977250634793573
 0.024553968550513762
 0.01645375528096321
-0.00048815550829203747
-0.021200652647220333
-0.042287401533014427
-0.060525158995792555
-0.06815054036150711
-0.05841297974606606
-0.03672509303851615
 0.0034859160654733545
 0.06279078147987283
 0.09667225791499437
 0.07966485307003758
 0.03834511911931071
 0.001043913300555449
-0.014588116374669474
-0.005938224898557179
-0.0003455023796549578
-0.017116660809402703
-0.039592819305436094
-0.03895425428567002
-0.008936927136937972
 0.019232532011644154
 0.024036986788710267
 0.011546332713740212
-0.014099270263563016
-0.037078329544447355
-0.03930746853504054
-0.02424617682043334
 0.0027116422976707216
 0.02813736832704289
 0.03046942250137675
 0.021632401105184162
 0.015394090276291017
-0.002331410107964546
-0.02025339265932466
-0.02480055340706791
-0.03733798895039621
-0.052160699223023826
-0.03920925173137266
-0.011989456390462505
 0.009941693952550165
 0.03671940441747506
 0.05512323204627749
 0.05804239364850709
 0.062079632344498314
 0.044297994198212884
 0.0011327313207539907
-0.0321826933938804
-0.04657969230444815
-0.03009156580491508
 0.006360552316490964
 0.02485326473517402
 0.027182979836089985
 0.018572848561434777
-0.004747715438464611
-0.02437722158489998
-0.02811038478321011
-0.023507090320084356
-0.015708621568091774
-0.010630495201130047
-0.007390880540646599
 0.01832255151912867
 0.06218953237531355
 0.08381426410057984
 0.06813077481016085
 0.018771645522072847
-0.057463437337816045
-0.12328496534116383
-0.1319138092031623
-0.07899227514624277
 0.009380255632540455
 0.0906560376613808
 0.11239304491070684
 0.07080197844350228
 0.007151110571976191
-0.04289102815414193
-0.053468320173260545
-0.029417969313620215
-0.0002567430358437067
 0.027246080188633698
 0.045762183341495864
 0.039430309575886266
 0.010025815615999592
-0.04261971182425381
-0.09536114127464158
-0.10671968381534257
-0.07510009137534127
-0.01334621609238866
 0.06785237651366062
 0.12774201028253793
 0.1260181111502136
 0.08149150754353032
 0.030866939536352292
-0.02645673473972371
-0.08149513428650038
-0.10220529235201076
-0.0720031784032637
-0.0025701250893082894
 0.059653903950644495
 0.072939838941057
 0.044361037897693
-0.0070026773095449996
-0.07179033486217597
-0.12105824028696544
-0.12620654290311192
-0.08323776623940499
-0.007688035937611512
 0.06402795303222535
 0.09975028024724306
 0.09708139545408256
 0.06855873217274844
 0.02335847542170672
-0.012677291677958516
-0.024253368046525253
-0.03372193926555392
-0.041377728585701296
-0.03877434189488972
-0.024332904636029037
 0.014205666974153888
 0.05672300246820394
 0.0710942675245273
 0.056339390381019094
 0.021992434289085816
-0.019133156567954418
-0.03756037897758335
-0.03490553267157773
-0.033160585925139596
-0.010272754554201194
 0.0314025145094008
 0.057953334852788294
 0.06606290036936308
 0.056903086841498716
 0.02075504421777375
-0.03823171125843719
-0.08298052683982203
-0.0869873616280278
-0.05114574166869661
 0.011787026616883314
 0.06158355858747334
 0.07220294988146696
 0.0516424925147029
 0.01630844744041106
-0.006607456858189684
 0.0016775391647284588
 0.01717623760848505
 0.012921461037980697
-0.0031970959081698003
-0.02701120439924848
-0.043459570697324465
-0.03763995805688483
-0.025832317466592272
-0.012857479240761985
-0.004242673865918353
-0.0008065770383303555
 0.009148517404976464
 0.009606973771563374
-0.00741680458731879
-0.0218839757004239
-0.01893674521717935
 0.007719333430014158
 0.04208499806264332
 0.05224827004014423
 0.04719353036071421
 0.043235816114284585
 0.026221394049074066
 0.01563240666286589
 0.015082722386333042
-0.017030418591494942
-0.05978166547398352
-0.0729389554730583
-0.06609482867557354
-0.03984808787651449
 0.003172148402386485
 0.03913773925286698
 0.059723922380580656
 0.05833451074701765
 0.02224494495874045
-0.03756516436057526
-0.07117297325244858
-0.045861861820554045
 0.005158005547603581
 0.04916766988228105
 0.07599450088898209
 0.07180054022734343
 0.04524737676389061
 0.018205346956094333
-0.0037445200209090396
-0.02542071540801677
-0.048890980106662485
-0.06970405740256097
-0.06751000855988387
-0.03442381708685219
 0.010388149430168872
 0.05941746531968399
 0.08431923890344402
 0.06025017140981301
 0.016488444810786748
-0.029876670502374802
-0.06536977256908463
-0.061769940602242834
-0.022901559640134392
 0.0205139800463936
 0.03931778922965886
 0.024848279043135836
-0.0063806921827216645
-0.02812705977236675
-0.03541795363931999
-0.03311864649283687
-0.009454242747151911
 0.033074788113987695
 0.06470607592107855
 0.06547796812566557
 0.03995399696609373
-0.0041188263975147354
-0.06003671754942605
-0.1084532002500958
-0.12172042669981242
-0.08850792526221353
-0.029439306263023088
 0.020235593889835556
 0.0423889562075498
 0.03763829607244826
 0.016581955141087
 0.004102996433206496
 0.00739640978230191
 0.004947397890425087
-0.00468724754127528
-0.00020324582246300515
 0.019552566241892153
 0.03977151484299375
 0.04742028289624003
 0.03226074605143317
 0.004919314846144246
-0.012810863684947132
-0.01772759803272038
-0.027942333672062752
-0.048362446633752124
-0.056275534029869775
-0.04658943302962276
-0.03049193179088086
-0.0033025444044035845
 0.03151456139788246
 0.05736132064247867
 0.07017242372905518
 0.05398369458036734
 0.001593126142666268
-0.03678171437491025
-0.029149319835589382
 0.00467601883750228
 0.04985521988113539
 0.07915211241715076
 0.059080521394730176
 0.012093212552404226
-0.017507763574587026
-0.02695762220627239
-0.024220908330639862
-0.01064258916298845
-0.0019365599248462734
-0.0009892372139159028
-0.0045914123008229946
-0.028283888974170293
-0.059716359587386095
-0.07487355735877503
-0.07626530806575593
-0.048694651712159115
-0.005309519980063973
 0.007882852073632068
 0.015248592243311057
 0.03672596234324896
 0.04323560164197241
 0.04564484523909735
 0.05278837343407477
 0.04479107939491233
 0.03414127609983847
 0.03298109366123076
 0.013251007357825209
-0.02720326942827446
-0.05486749276523516
-0.049302839127347856
-0.015676321694778672
 0.0029614132758149087
-0.005463931198825309
-0.01610437820022753
-0.03408717666045333
-0.04055705575771969
-0.016146487591721034
 0.016221608342011876
 0.04277242868539938
 0.036742295390700334
-0.016371046733135317
-0.0674821420112389
-0.08321475184343402
-0.06525768723745265
-0.0037400583697090733
 0.06732800726336634
 0.08258344207166016
 0.05198134252180288
 0.013686030500435334
-0.02804070222500811
-0.04723046256887614
-0.02673784237787892
-2.0947821819702894e-05
 0.008388019092247734
 0.005085245402833269
-0.0015015873653286688
-0.007449853090400818
-0.008958557468277298
 0.00024803348129789904
 0.032029021987135066
 0.06333985673597206
 0.0545496168081377
 0.020948825136518127
-0.014516208049176749
-0.03921214721880799
-0.028770525504575623
-0.0013308572623818293
 0.007833630365670946
 0.001256153891180667
-0.01295605821937211
-0.024649088258834412
-0.011442681764630896
 0.020572214082997406
 0.04239342797536826
 0.02984897521178624
-0.016102124106405005
-0.05244898797065245
-0.03663451461547783
 0.023423532439489095
 0.06598764940189737
 0.05464548037512176
 0.014595863290320726
-0.019044692629403323
-0.02067035067817538
 0.010631127776989976
 0.045918387336276185
 0.04002392029981602
-0.007536461529898217
-0.05030408192631218
-0.06863540232580677
-0.05136134715785548
 0.0017730425800939753
 0.05079300217593745
 0.0515485208665991
 0.008876802480319496
-0.036108259516274374
-0.05817274109075539
-0.039062513289743764
 0.0076604762097108176
 0.03177398205163475
 0.03247102390684862
 0.035102479478675126
 0.029369408508050823
 0.022943971805724786
 0.0278723974739402
 0.012434510892401898
-0.027427980318966233
-0.050173132258059444
-0.03865553677158788
-0.012338623769991522
 0.008572690562811833
 0.01464258405896797
 0.0028021923941772553
-0.010097799528927281
-0.004065331207457737
 0.016750081115211243
 0.036833363458074
 0.04124719297434893
 0.030761124818528857
 0.017924287877707924
 0.003574070435498386
-0.0023133793807080666
 0.014764193620138658
 0.031133027375358252
 0.014448414662073236
-0.022897233551622334
-0.05298707602295705
-0.062022918659672105
-0.03829769900512145
-0.01352925260618236
-0.03154947624109475
-0.05257307014460523
-0.043705644840627195
-0.029020943946303723
 0.007564501359923273
 0.0555622858721395
 0.05696338882614467
 0.030828919504497995
 0.008617076304688553
-0.016967710763748978
-0.010425324437174768
 0.025795225415858075
 0.027189311149609506
-0.005262995473815618
-0.054030339187172066
-0.09869962627234792
-0.06672215559940621
 0.02344678356433292
 0.08216220247741875
 0.09078636414593404
 0.04913214269644584
-0.012808862506587082
-0.022600225857287493
 0.012967722512148075
 0.04288213043049204
 0.05067124288881298
 0.02032644141492594
-0.034045322207746004
-0.05533323140748045
-0.029881775570511276
-0.006540163956498077
-0.021012013216439016
-0.0669093138460183
-0.10784777882962564
-0.09294788318085433
-0.011021838741834641
 0.09689832859043337
 0.1629350473015816
 0.1255870600144681
 0.004448784750935922
-0.1047157736863083
-0.13308171904864236
-0.08736219204547173
-0.01208145518673806
 0.051255972800140506
 0.07664895180166192
 0.08059262756093667
 0.08441233242906213
 0.05614930629711615
-0.0057566128046480786
-0.05663380074096054
-0.08428632871083168
-0.0817250453415425
-0.042246166217359216
 0.014551212493039353
 0.06677804174483921
 0.08784373492322471
 0.061449628452189875
 0.024143744486598805
 0.011994595130643798
 0.0160739371481574
 0.026239548199076222
 0.01979539890940689
-0.019910374382961185
-0.059007988586672305
-0.0722705368895531
-0.05811914473451342
-0.017522188516568532
 0.011671784789058726
 0.004745786375299654
-0.00406784428671382
-0.00842086194077045
-0.020686964967621027
-0.018219244535048307
-0.0046502816610685255
-0.0051648798363327225
-0.014088446948988045
-0.021051870537433695
-0.02344942281411648
 0.004879093326883618
 0.054535280892398966
 0.06705399980173656
 0.04406792330059848
 0.012233132059501953
-0.02483650549088008
-0.04579928348552488
-0.037448793406905226
-0.00935652368111417
 0.027710770749202543
 0.056539848601635655
 0.037700949270454316
-0.03290632294593997
-0.0930275290298379
-0.09213166593410156
-0.035130787836344726
 0.032739764434445956
 0.06699081446959747
 0.0580602301366884
 0.032400592718877706
 0.011000407995083492
-0.004023462591484492
-0.006718077192242017
-0.012612544228702213
-0.01508026870792234
 0.00701695584776206
 0.013702025652828853
-0.004598886792232887
-0.014589071383455762
-0.01279032594840565
 0.012478682161966445
 0.056298881549793095
 0.07707452962435758
 0.05362999473330891
-0.006692371664529392
-0.0720647975716382
-0.10316511975951059
-0.09508128405053282
-0.05992969074948544
-0.010329640945999974
 0.023619668618240983
 0.02274953128345427
-0.002933496868535529
-0.020979450311044937
-0.004098359477302763
 0.03988323597635977
 0.08101116186017052
 0.08114916516850358
 0.05086284053006433
 0.03399578009018222
 0.025837089985183907
 0.01309147690766152
-0.0071204585198337556
-0.033147330464256525
-0.03599866298401409
-0.007391797106282572
 0.020237336082762042
 0.027034681411888584
 0.01324350251655984
-0.01976316450691025
-0.05252422882149965
-0.0672674105979183
-0.057464355926775734
-0.022067159916847684
 0.008619142229407004
 0.009496292737800047
-0.013683926857024672
-0.04346267256377716
-0.056842174537553525
-0.03712846579472076
 0.00890449704644998
 0.053817043720441216
 0.07906500017005212
 0.0687964658420978
 0.023362301749264944
-0.032939197443183826
-0.06826622529722193
-0.04715375065047819
 0.014808302166668508
 0.08044503932335388
 0.11609719433583428
 0.08810783979378392
 0.026096662388213662
-0.027229535416651934
-0.05357686041932855
-0.04850107312578472
-0.031163862975549836
-0.019349205165003547
-0.02001116496559613
-0.019891874244606367
-0.018217099700705577
-0.028523059203346482
-0.03691799572355385
-0.021568997978543558
 0.010314909757681706
 0.026066228130572716
 0.021413809079023433
-0.0006600287891292272
-0.035844373164674745
-0.04061842403395542
-0.002299725325056151
 0.045075865657995685
 0.06338846942349957
 0.0407134896869437
 0.006813296617831477
-0.01199051661208117
-0.004886752665208244
 0.022473387080776563
 0.039971993296847315
 0.01701164660330627
-0.03933897313091862
-0.07824010516752522
-0.06331915785799272
-0.007422322413490001
 0.04324434486856304
 0.05180067340795888
 0.01212296899660574
-0.048669551158232724
-0.06359985880808425
-0.004126580107595174
 0.07101147327264591
 0.1028766684215279
 0.07554693258332854
-0.0045312479021886315
-0.08207153372927202
-0.09970113210339322
-0.06864525635710853
-0.014820839960875243
 0.032985140531072266
 0.04753417516715686
 0.0412303702825622
 0.024070925665441195
 0.007741852111678688
-0.0005267744439614724
-0.01717162290914201
-0.031119519723470795
-0.032813010901362294
-0.030071618878893938
-0.019463922951989884
-0.0010226701485008677
 0.01750746744486878
 0.016999886489858326
-0.00016423627409851982
-0.0016822969456466441
 0.013676057093035265
 0.023254560716058345
 0.023156317609182367
 0.009676235478435838
-0.013277093994851483
-0.023353824302537074
-0.018369260872291793
 0.002357266660496557
 0.033920721338468
 0.043279352060207416
 0.026433343281086506
 0.004672941250933954
-0.017071087265293217
-0.032197877082249304
-0.024095328785928252
 0.007147672833789309
 0.03917192497508928
 0.05047198663369508
 0.03130795609742407
-0.001616843356419137
-0.016883977578449907
-0.016053608538415087
-0.018888567544247295
-0.020228858636034172
-0.014521521519654301
-0.011239803537648432
 0.00079706624759944
 0.02967760371522659
 0.04696335425026742
 0.04247934848480776
 0.029679936718673403
 0.004343091432534474
-0.018102659109066097
-0.01424552906625405
 0.006808468745041887
 0.03773803452675934
 0.058906646935532936
 0.04411902276417399
 0.007615440980926494
-0.022801871768915807
-0.031949989929690614
-0.020336492433084677
-0.005183976855178962
-0.00884462877753385
-0.026588841749132702
-0.031014370679144587
-0.01604664190125385
 0.00761308369759528
 0.0169530018319914
 0.0016648159491994274
-0.017688679533922377
-0.028862435274608383
-0.02181714816318324
 0.0037161752434128476
 0.019518953231497917
 0.015378791258471206
 0.0054985431178901645
-0.0012496857161076597
-0.001895272002774867
-0.004821454871905606
-0.02285103480048964
-0.04947670953989769
-0.05866693102219492
-0.04070986641621353
-0.015178882083035361
 0.000862481393676659
-0.004891641237708855
-0.020827750457262248
-0.011887813877328957
 0.016948281195357892
 0.03924900513840055
 0.044186787100287624
 0.02523093409821072
-0.0008076332133016145
-0.005958274902866004
-0.0008263498472922959
-0.005607417936826703
-0.009955757444047517
-0.0062717188341609165
 0.002785171416667967
 0.007811838168435642
 0.0007010529546615796
-0.008510220188396825
-0.024256864461099426
-0.04162214753899662
-0.02735146263964347
 0.01028890477806152
 0.03786190020507625
 0.053989809398251
 0.048392404685865545
 0.011266629373453643
-0.026617005726361526
-0.04471675785748287
-0.03281789340389178
-0.0006860438853679152
 0.013556572132970304
 0.017500247892245066
 0.02001708886659393
 0.0049347414445781446
-0.006019141394824193
-0.007045996648610955
-0.021786839351611673
-0.03609963161913464
-0.04143506010871402
-0.056643717495297036
-0.06226451294186157
-0.03306352241598057
 0.013285215336608203
 0.06065846724624212
 0.08961385506324245
 0.07505312101342089
 0.027034280793796037
-0.03584937099665514
-0.07936783396021861
-0.06517667755707444
 0.0007430874831781953
 0.08384802492482518
 0.12065334313233583
 0.08391117586046139
 0.024058963219623267
-0.01693330045259603
-0.028640364932565804
-0.015562607476347398
-0.011583845615803973
-0.032782870025657815
-0.037692587153177345
-0.01123065159967046
 0.01993282152383813
 0.04588951721907616
 0.05012791622900774
 0.02468347356564489
-0.01695905251675374
-0.06414986074643798
-0.09115212630612977
-0.0745447070622832
-0.02006067196219892
 0.04877123948335329
 0.08930971886585037
 0.061016284779471554
-0.0165380354881193
-0.07951525021528692
-0.08558514775809047
-0.030266063447811853
 0.04612105513759389
 0.07824822650928193
 0.0494144664633656
 0.0013511838488004385
-0.033711528709013686
-0.03645058570471152
 0.004672662032263394
 0.04432697166279001
 0.03683959562873224
 0.0031522582406499494
-0.03108008325380568
-0.040480821343714904
 0.0006564608337674971
 0.03954355438321921
 0.029263324688175323
 0.004242254313454416
-0.023286302765267414
-0.04335321564085218
-0.02087940026488408
 0.02378052647997273
 0.05314993029194335
 0.056822273534740404
 0.026645885346942982
-0.02568854532872822
-0.06259210866643854
-0.06012204916044789
-0.031197069297880436
-0.0011282825339543334
 0.02037013922674475
 0.03766992420229306
 0.042046328543881406
 0.016087289728578064
-0.023686316692909437
-0.04936232762464553
-0.049823127111297744
-0.018769590438430975
 0.0300234790358751
 0.061738973486010755
 0.06171791980192587
 0.04663089423307426
 0.01892456757459117
-0.019326302051836067
-0.04252991238083989
-0.043692433892865506
-0.025849983884361785
 0.004784858646698836
 0.024706744923725724
 0.020994633386176777
-0.004129356218932234
-0.04002243984010488
-0.05750467658889766
-0.03769272676251262
-0.0009435463170318348
 0.02760952087208774
 0.04157846530053034
 0.04239947804689352
 0.028741626336385717
 9.967031073811194e-05
-0.02890016394784993
-0.04502339904083624
-0.038888011488978594
-0.004742219757633087
 0.038528297376984405
 0.0702695216347171
 0.07407285298891718
 0.03075788941271196
-0.04021661733029441
-0.09266800167686115
-0.09889227806524684
-0.05305345831776273
 0.016344508894924004
 0.06301603877918453
 0.06303708841662205
 0.02543180305353833
-0.014687986233800049
-0.03209537263321967
-0.030460362337423358
-0.025665263854028883
-0.024579935811441744
-0.015883262866971226
 0.007350751369818054
 0.032189369971294485
 0.0406778653815709
 0.02280500337198693
-0.013965232780902448
-0.037924363823891624
-0.03250239366449692
-0.012982828015350806
 0.008662955370676712
 0.015352703322579334
-0.0010535596539742592
-0.008140954133569203
 0.011745846042188993
 0.03371676063330617
 0.05157090600889944
 0.06292008820928138
 0.046424940442847173
 0.01489188967266121
-0.014571081122673274
-0.04283410725461925
-0.0592965079932027
-0.0442960321874612
 0.01150256217348923
 0.06975718362324652
 0.07847256915506033
 0.034039528485093534
-0.03966467693661532
-0.10088056938009575
-0.09613693051189533
-0.03772793021655588
 0.019286982321708446
 0.0572103776229807
 0.06256451465325596
 0.024977941877515536
-0.02120940385588474
-0.03316674919157103
-0.015525459497007676
 0.013160934876932831
 0.03918312462787239
 0.03245360838121787
-0.0031564473563875095
-0.03916648464845572
-0.06175257959513096
-0.06207069560329061
-0.04279205451618934
-0.013146640040905183
 0.014407642798766274
 0.02681408618404412
 0.023450496585763966
 0.014225189002198088
 0.007217323018812116
 0.001998848200128314
-0.009310573798796545
-0.01710670752401862
-0.0057972895717411654
 0.00578579997043191
 0.00753776393712377
 0.002347357999454888
-0.014304507685979378
-0.021976670520052144
-0.01688918785941876
-0.008828742884620114
 0.01806124310436452
 0.04501438407563278
 0.03888834877079937
 0.0203722415712898
 0.013530449800575536
 0.00914468511866813
-0.008384333098482855
-0.03691167452665281
-0.03881802138557423
-0.001018596975451272
 0.035775025864969834
 0.052693541873398586
 0.045821342148251475
 0.012377268395631955
-0.021803613483629594
-0.04219799663772196
-0.0433464837092401
-0.01043104459571595
 0.032507324113558146
 0.05367593652233174
 0.057214952580307836
 0.03805326111745474
 0.009582057451314657
 0.0005462148145995993
-0.00036368676829159896
-0.006590302230095185
-0.023684252791514704
-0.04334884503921871
-0.04959885123520141
-0.04688786716716592
-0.020676212469375566
 0.024266742159048525
 0.04177470466879093
 0.029223234684955177
 0.007228925313011489
-0.0171910031933062
-0.03177746705072479
-0.03479019563631826
-0.018124299557023923
 0.016531410179426248
 0.03851168106421506
 0.046756912839028705
 0.04026364300758323
 0.00670261558406815
-0.02419186814302804
-0.03450952301275849
-0.03215641717766343
-0.020468069331684352
-0.01616417626605124
-0.018201511236375686
-0.0018584072887531111
 0.020524184223916435
 0.02330066234765347
 0.02865947752476456
 0.03678307748184681
 0.011762007107125896
-0.031094498079168684
-0.06912549480431225
-0.08805093985195632
-0.05059535923426632
 0.027197542475304086
 0.08439490274016549
 0.09009522263629163
 0.03380307973751451
-0.04895801795834692
-0.07982443280442815
-0.0498281573164573
-0.004805674191824261
 0.0392227027301965
 0.06630449273944988
 0.05437053813794271
 0.011867233037752709
-0.029347242609168142
-0.03800415535218157
-0.006524907317254955
 0.04238979397478251
 0.07515553238956034
 0.07427136061426617
 0.04008346151475087
-0.018129060660131438
-0.07301074228790805
-0.09110815534561148
-0.05566417786732521
 0.008017093911986309
 0.04813687915267728
 0.04868889845598064
 0.01539686447552538
-0.03662413036214571
-0.07858477042938028
-0.09064035684861882
-0.05270994432709282
 0.014781678049996208
 0.05896677289101702
 0.07352048567393744
 0.06482146960940162
 0.026862984160213287
-0.017761860530022253
-0.04923643446476045
-0.0666110738363293
-0.05454145702323067
-0.014267292936957568
 0.026437260658211226
 0.04920579928483615
 0.04653457541825775
 0.022173123747387828
-0.010990261195082326
-0.0400181643346853
-0.05525956874911904
-0.04100291829027336
 0.010176006070302251
 0.06869962096311935
 0.09896956804098583
 0.07944064205152067
 0.016622484316771005
-0.05147730119562238
-0.09023574975373637
-0.07671824649495064
-0.019572345845283293
 0.0456761051240288
 0.08222880340240503
 0.06749497791965804
 0.01282615197291137
-0.05004112630361443
-0.08772360108948923
-0.08083503189706413
-0.030919207182160624
 0.0299271076146424
 0.06725637826776518
 0.07623140094896716
 0.05386050075673976
 0.01831126092800007
-0.004691189087063383
-0.01996300145592997
-0.025052827236628675
-0.012082667157634203
 0.014500900213604062
 0.0430680018432311
 0.043601308559191185
 0.0017552830894342758
-0.047652966740429875
-0.06497380742338679
-0.04369291949055344
-0.004197666852444798
 0.02468053154176445
 0.01888196651543863
-0.01946480512112296
-0.060239534965476516
-0.07470670607858163
-0.04084160315738547
 0.018372038393715477
 0.054637030641688615
 0.06296179091271124
 0.04489478580944063
 0.011060086796029947
-0.01811985611573727
-0.041084880956114136
-0.03421034620419652
 0.0015306935981644898
 0.025171706609670337
 0.038055320972202086
 0.03895820128819215
 0.011455374017067338
-0.026435278303001547
-0.064812457893996
-0.08079534858190762
-0.040429960632335976
 0.031187787253948607
 0.08849742304286974
 0.09773208287345986
 0.05084067604126827
-0.01778306191673723
-0.07506697194470874
-0.09151533824278474
-0.054153320561811186
-0.004396552839325649
 0.014975651184492067
 0.0060497449984188295
-0.011448865264299335
-0.024622528777299493
-0.01670008913415759
 0.02003037872397989
 0.0504523655740106
 0.04520348280089393
 0.017202432891754035
-0.013722458789775002
-0.02770544170537248
-0.01800764533803592
-0.0012715770562042317
 0.010844821225252613
 0.02385474555235157
 0.03067080346882141
 0.009691651960251235
-0.023074090501173997
-0.03689567735093559
-0.03161639067003348
-0.0033627248784065533
 0.04030777381067378
 0.0608191065890143
 0.05257854891438908
 0.020390557587187934
-0.040041745261292186
-0.07668567144961437
-0.06275415219585835
-0.034065418748499915
 0.006760766664400286
 0.05156571596116759
 0.06689366204541665
 0.05396560124129718
 0.022846566466081512
-0.02051283950506401
-0.04330477291251546
-0.03488177155794056
-0.015879141134152827
 0.01743627953383417
 0.0437251236544156
 0.030560816435087082
 0.0045362835640822274
-0.004789604176453827
 0.005752597694748715
 0.03083681900510582
 0.03186133113882727
-0.010510985849959673
-0.04576082428120673
-0.0521301232215029
-0.03531686551688015
 0.006795810275871256
 0.030820431327914545
 0.018088852690899625
-0.005804784296388046
-0.02243793739447901
-0.017682603159189028
-0.005903031449911417
 0.0012077497172152396
 0.009076390671745163
 0.0031070732859118377
-0.010520370470163118
-0.011778793992323108
-0.006515880825346376
 0.008311503547469679
 0.02570017331289861
 0.017059634083810546
-0.004001384994386528
-0.01628620060858038
-0.0396137818287335
-0.054102004602599826
-0.028000286355451293
 0.008423762884939831
 0.03999189570974707
 0.05683088322196684
 0.027260315049408443
-0.02714887374795008
-0.06379279993627225
-0.07308126250212173
-0.0455948127915697
 0.010924216182097407
 0.051528189620296025
 0.04737867135359767
 0.016692365160695583
-0.007219984413935371
-0.016400849602560927
-0.00150797117404336
 0.03018647161533109
 0.03596632000766622
 0.021410264104680485
 0.0019023897759765235
-0.022859043449356242
-0.015128407826483087
 0.025059210543327326
 0.057446019064403525
 0.07243246042963754
 0.05782728398487566
 0.0050881936079058
-0.05809252050662009
-0.10133731188028797
-0.09502415474866907
-0.03545029589120979
 0.031061254723774426
 0.06519067294119454
 0.051551533818030036
 9.893382091140379e-05
-0.04899821924437053
-0.06242216361308722
-0.042612552860120084
-0.007886670921132585
 0.02691406136722809
 0.03217463546078691
 0.007787453982319961
-0.014183464655444608
-0.023869569702339027
-0.007853936033224027
 0.026654412077897732
 0.04198469723556471
 0.033634203110297654
 0.023248715111447778
 0.017641954105390684
 0.005347782197525172
-0.002326719709965522
 0.0006813266821447256
-0.015238409023483307
-0.03385509637996306
-0.036587136155407166
-0.043134204675464596
-0.025378300383423605
 0.022656909303479217
 0.04752125771255267
 0.03472652409325415
 0.0077850744424280555
-0.009084325070871965
-0.0038214119038952332
 0.0244954088700153
 0.05529164746691183
 0.05409170078019962
 0.01788985946786268
-0.03063889875686683
-0.06186085276247058
-0.06191699254782415
-0.03529132185506351
 0.0031045662766268356
 0.0291080434402231
 0.029021495700436682
 8.94945709680739e-05
-0.03428085225514432
-0.04964622756072737
-0.03648426346146416
-0.0010332687629241583
 0.020883847139581052
 0.02447900095958702
 0.020708412586590313
-0.005858785317369969
-0.03817074753572042
-0.02886825457601086
 0.015482914477681659
 0.052957207682714946
 0.0627555842070217
 0.032625977487582496
-0.010204797891115072
-0.028222682452609532
-0.023144556085647805
 0.006112572202263078
 0.034651604950875194
 0.024317576567219355
-0.0011619521974121777
-0.013701726814158377
-0.014008147455228437
-0.0030916938371600977
 0.0022437306057718903
 0.002510382952090079
 0.009097211673604597
 0.006762814379205423
 0.0007116294237451831
 0.0015162686561829702
-0.0032414086991723184
-0.008799049163453268
-0.008553448477896283
-0.002406365558949089
 0.006290307385521443
 0.00455939103294338
 0.0006507973282898899
-0.00894408385530597
-0.0321897975058322
-0.038888905798053874
-0.02195167720228182
-0.011110073933586637
-0.019694475400644826
-0.025397138416836287
-0.00942126899582578
 0.019033557109741528
 0.04581828479492015
 0.051265984761911874
 0.029739490073550465
-0.005372343026039811
-0.04101982393833177
-0.052921031511988195
-0.024632279619092576
 0.02323919492855645
 0.052019152239213426
 0.04450604639755861
 0.011314592574073537
-0.02484982356357683
-0.029268335273334986
 0.009097144903922508
 0.05388572068676445
 0.0744251223461199
 0.06148302710149296
 0.024153752401722767
-0.019944800769482726
-0.060581525282179485
-0.0704734687898501
-0.049580867044390034
-0.02551882081766016
 0.005962766290684374
 0.04083133170816446
 0.04789299233351499
 0.022745611994226866
-0.01662099565254406
-0.05918511666159974
-0.0663122753892992
-0.02169211289254687
 0.027943023012207295
 0.054842365294863575
 0.05483300697786823
 0.02620040724589226
-0.020800936036941164
-0.05670103687836754
-0.04956920405047967
-0.006067118647488962
 0.043708361662339865
 0.06060348693658952
 0.031959191837524
 0.000802731887621741
-0.0045771389968979614
 0.0017219836942134886
 0.005127672567368638
-0.00876876463176611
-0.03967728279936977
-0.05802263763937182
-0.05731857856390421
-0.03965857628199758
-0.002878987882083947
 0.02280169714984054
 0.03637533817065614
 0.04439835797076821
 0.028972166756319466
 0.012741334286109227
 0.0012634990010947783
-0.010448243625710826
-0.004448522332092031
 0.002051760672959771
 0.006872588963951279
 0.0138710946070182
 0.0020517546029886757
-0.005777126150084161
 0.004877351245178144
 0.006662062239720767
 0.008374261958308135
 0.015660473631778138
 0.012970537177856456
 0.013227833230502986
 0.008963700366326988
-0.013386148165139222
-0.0345290348129632
-0.03998843419369186
-0.02296933802829293
 0.008451433171185907
 0.03301638018276671
 0.042307177775386715
 0.03814596414159881
 0.025566425276748114
 0.0016377021881917864
-0.03460390337224964
-0.05455620165035677
-0.03602606405698712
-0.005842662695583367
 0.007440933221411233
 0.0055439426561614685
-0.0029609303146877347
 0.00018979955591508224
 0.015080338911014735
 0.014502585753466954
-0.0008885193597131247
-0.013119536285295025
-0.013751088131454786
 0.000762860403361168
 0.013319004487385336
 0.009950736742269359
 0.009274742501169289
 0.017421733192430663
 0.0115506568901496
-0.009821458952629689
-0.030250928207990704
-0.041562689280333465
-0.0212291260817542
 0.023788678896043032
 0.04303223388187562
 0.03127370978671181
 0.0026364319079000276
-0.03429286123740734
-0.041876139281599487
-0.006282461104566886
 0.03694595270852822
 0.04560052233147634
 0.016715302670365945
-0.020709874039538598
-0.05083948075897779
-0.049085177718868
 0.010395118201874817
 0.07172562119618547
 0.06895381717263689
 0.01957831437062349
-0.04662916074667965
-0.09173819363442283
-0.07521732010703899
-0.024391595832567975
 0.016626393600600933
 0.04431634269851123
 0.05505034858998249
 0.046893997558402095
 0.03169001831865492
 0.0003815185965884288
-0.02982059939880602
-0.021013990003693653
 0.002418845473618078
 0.007536736088684298
 0.0007183350521491466
-0.01749369260303195
-0.035661277863272736
-0.03016211828108696
-0.02062103983275046
-0.014997909359415376
 0.017087158690750254
 0.05237207917661857
 0.04240294624615689
-2.083035782410314e-05
-0.04052188861228202
-0.06320388556909164
-0.03758635551945075
 0.031168366503310396
 0.0708601013085236
 0.05485148081301495
 0.011106127727914056
-0.03199831924067914
-0.046128663781605
-0.031025268745475426
-0.0031645672880575987
 0.005534444729830834
-0.015114897426813836
-0.03311406940096502
-0.049211574686354315
-0.03979680620258502
 0.015257962811469628
 0.05052183163657673
 0.04898973652452113
 0.04169416451073207
 0.018106946141190787
-0.009117531393202566
-0.016038851660125808
-0.029170411851603573
-0.044984889253425586
-0.028005557336131137
-0.0010594335851166203
 0.02199681107191139
 0.04346950302501345
 0.03067710847913284
-0.005765657395248966
-0.0236525538453404
-0.010441469204301057
 0.023093824364969602
 0.04923998500705844
 0.04270929000092638
 6.797956907962643e-05
-0.05324886194211431
-0.0837480422615835
-0.06969255211667819
-0.0177136646471769
 0.022452902061872296
 0.01949865031172663
 0.006222067568338374
 0.012441661763240824
 0.023730028054757067
 0.030866539029480763
 0.02582817286397611
-0.011377130944644778
-0.05326759880934201
-0.04982916290833607
-0.0071761611560471755
 0.024572080321939242
 0.01946588102731516
-0.006572686284197146
-0.03770107735308448
-0.053017332116891386
-0.022169633904800826
 0.04482844398110892
 0.08760307755112923
 0.07211139228097897
 0.026843302400817816
-0.02517535336343535
-0.05650724381968095
-0.04129625140632745
-0.009707066920758997
 0.016104606222568527
 0.02843386018505531
 0.017734936348205305
 0.015475389403179288
 0.029979981644323576
 0.02214174459757911
-0.007307191757247894
-0.03607311867404481
-0.0569306383648836
-0.04733576122793513
-0.0017378660424958864
 0.05456362910330548
 0.0847189615836943
 0.06539821312842323
 0.017919698868335908
-0.03973378475966559
-0.08715382218430515
-0.08510479589353853
-0.04595806519469865
-0.006451117189500463
 0.022179139422410184
 0.029484063683223483
 0.01836176755773155
 0.013016982774480518
 0.018527837723755845
 0.022368594252642503
 0.020466925540556923
 0.005955312032511498
-0.009010081718608731
 0.003648981595803541
 0.025451482900831095
 0.03473994142003319
 0.036257998044933924
 0.016249562004796936
-0.014778248907120206
-0.02178611489050615
-0.00298464478065881
 0.014118658027784933
 0.006598534965876396
-0.012097680886812331
-0.024581317741528663
-0.03436098572513953
-0.02226797817786179
 0.022078512728994915
 0.05445128680956365
 0.048874933757939394
 0.020062225372784265
-0.01815121907895638
-0.03689655547342127
-0.020050550740947776
 0.00823820115194783
 0.026892309636466764
 0.023409427293873145
-0.006364640266043539
-0.03505337776004937
-0.03423704316052202
-0.010794851389538632
 0.01232220917635507
 0.024026930536259525
 0.015407442967932672
-0.014036815240058495
-0.03668138702218153
-0.03435635006810139
-0.019835384313031737
-0.009063953246873868
-0.0025683483886578817
 0.0005168874262434231
-0.009592589909292931
-0.02805723749360846
-0.03672116745687562
-0.030349533489808928
-0.009407811202572738
 0.01743773239147159
 0.028606805938674366
 0.021938105600885542
 0.008605385095467405
-0.004196365744084857
-0.0057378171498120994
-0.005494555537673015
-0.015283579814955525
-0.021119570015967926
-0.019793317411335914
-0.019601515414390883
-0.01242991833839853
 0.012092925351659858
 0.0371186698265692
 0.036833300846260325
 0.021727562690065427
 0.009332810625229726
-0.002395305515501253
-0.009276861534319988
-0.0025333148938054134
 0.016146523398310547
 0.028569340297513783
 0.0268126941373387
 0.017241203687921952
 0.003847667273638125
 0.0025845656046423193
 0.017400254610368815
 0.02777872134231757
 0.012579420249406226
-0.024251631812348864
-0.04877447954905466
-0.04473022363280971
-0.010009019840658037
 0.046226981249441815
 0.07477537029172557
 0.055501403304812735
 0.014242485262951562
-0.03372021719464341
-0.06047454097203661
-0.03694346441117258
 0.004530644338489029
 0.017992009835244877
 0.009152649365634355
-0.0065051101171875875
-0.016057887979261054
 0.0006384160544661288
 0.037359527618931965
 0.05192727484235987
 0.013519687296932578
-0.04841897883268244
-0.09306721425709709
-0.10152530575958804
-0.05701274064005965
 0.018359220081972556
 0.06661196359674112
 0.06475005913276002
 0.029165733202751683
-0.02047876304232152
-0.05323514921007512
-0.05014289617492006
-0.01924139927421753
 0.0359373406309864
 0.0859326938420989
 0.09045178166217982
 0.05762756236530682
 0.004249904945247185
-0.05255917317888835
-0.07449032756854841
-0.05694026173728359
-0.03037540695338864
-0.0009802733338209885
 0.02977854008838894
 0.03762846845557557
 0.01574877368110955
-0.013615956030672643
-0.022003875330626282
-0.00016394885091215727
 0.023687580768205714
 0.020279548774985244
 0.0003880664057438199
-0.01388963976051047
-0.009857079211355077
 0.018471436929645008
 0.051031336883646645
 0.058514030724221205
 0.027409030389513006
-0.02408567292912804
-0.06230847367454034
-0.0694169198148965
-0.032749606939042594
 0.038772238937107614
 0.10011209822508992
 0.09346678862148021
 0.011992181305470001
-0.08068424860891743
-0.1204531768835691
-0.08080822354671413
 0.013250594711011476
 0.08930790394449171
 0.0823327849889565
 0.010396919071188587
-0.055761435504338416
-0.08348413567674687
-0.06267340150091369
-0.008528532046426562
 0.0374670056200576
 0.05751286278823378
 0.04747355765523476
 0.018632780389064692
-0.007288833251552065
-0.02926209096273455
-0.04466723051642209
-0.039118950392460175
-0.014647566317595825
 0.01741878914522653
 0.05144294905884065
 0.06810650606471708
 0.05047222954376005
 0.006361981005464992
-0.03700678125935217
-0.054124122554950777
-0.05777775725705195
-0.05238151690525428
-0.023341922445209135
 0.00850222104291165
 0.03763771751309113
 0.061398023268910445
 0.04143870777054961
-0.010629068535479694
-0.05141315467350488
-0.0649493745662813
-0.03283857670851863
 0.03119589515689751
 0.07943460423115861
 0.0914995428974214
 0.06492532777320739
 0.0034544763271746604
-0.06605343138280131
-0.09692218530230048
-0.06529791471546337
 0.00583564497331357
 0.06809709918795293
 0.081025155945425
 0.03936391727568308
-0.033442083953547835
-0.09198909362719146
-0.0972169247395469
-0.0541265162581086
 0.00045809899894587447
 0.04008901789529339
 0.05651165033912495
 0.039139350040974
 0.0009376009563228926
-0.03352396973308802
-0.0500121002792685
-0.03339766381516822
-0.0010974010105547355
 0.017327478279008907
 0.021264136818029925
 0.01581409373097288
 0.005456674613137938
-0.00028809172457591736
-0.002404955191109351
-0.004947530019702634
-0.008170775212908113
-0.019531656827027025
-0.024553649478606276
-0.004931164599072058
 0.02530369637752574
 0.05260302021464486
 0.05499355122442652
 0.02098108263125456
-0.025147786266697947
-0.060119274961213554
-0.05697322323744654
-0.01823115223990532
 0.012948694397528646
 0.02274473184841748
 0.023631238650482174
 0.015743881061961562
-0.0017921543754431807
-0.015557603463174904
-0.012427925253333277
 0.009381593271948013
 0.027464967842496593
 0.022293274492171
 0.00823778030061828
-0.004947578579471423
-0.005153419063571321
 0.016199980145217258
 0.035406109956363264
 0.03485408660641251
 0.005884660302257316
-0.05213137970552044
-0.09254589224351563
-0.07361109494884732
-0.022581871287018038
 0.0367978444767546
 0.08165425338871596
 0.0660596488881776
 0.01938343681043385
-0.015029013337200942
-0.04641236340864059
-0.049256678708144444
-0.004374539988586057
 0.04422438639203339
 0.07050153514552526
 0.07401248232248643
 0.040198834969836936
-0.006587313558548649
-0.034602397908196025
-0.052812086489959234
-0.041825460669353526
 0.0044156797060113245
 0.04081399913880541
 0.04622193485769264
 0.022952830472987303
-0.012304025178513464
-0.031783830626202506
-0.02843895766191304
-0.015560021446217098
-0.011904051717345432
-0.01922535353873152
-0.015431378478203084
 0.01318718276661801
 0.04535645745982846
 0.053213403047268834
 0.02383463889497916
-0.034087838176082144
-0.0757210079648091
-0.06674832435702505
-0.01596236433065855
 0.04620552694726436
 0.08237461718510315
 0.06698117299850516
 0.010511260519966786
-0.04660423622191513
-0.08234995821775934
-0.08503053837800939
-0.03191018308056741
 0.04389918437061422
 0.07783679856776561
 0.0618351952925107
 0.011910010237288146
-0.04501134341090711
-0.06248422386602827
-0.03626789102140206
 0.0057769516422299105
 0.0483855109995785
 0.06362223322052903
 0.031059990146462088
-0.02022887471140275
-0.05119586971445421
-0.04682414351970167
-0.0104702664818479
 0.036308860779636555
 0.06163634572545644
 0.048729336582098166
 0.011311177092447361
-0.02403924149576986
-0.04194251145978668
-0.03358734323433121
-0.001628585148732778
 0.02414098467307236
 0.03118393271107959
 0.025471913401216482
 0.00514536337624355
-0.008479741306413477
-0.0072938331068561485
-0.00896627262398643
-0.015225635113640779
-0.01904300495499571
-0.01871085855297601
-0.016430263993836194
-0.0019397061931993725
 0.019984426929559575
 0.026042625058626145
 0.017741251475135236
 0.005564033238165289
-0.007111407636819764
-0.011494833245309241
-0.00276541327298796
-0.0016075739544455653
-0.014554347345908339
-0.022752801699011144
-0.022385569195722765
-0.006072873202533038
 0.02117499101939202
 0.024428640120382955
-0.00726814578905681
-0.032466985743538984
-0.024312977832023894
 0.0007852779188406989
 0.025937332358317244
 0.028482242213681036
 0.01584890466021839
 0.012576538925236788
 0.004001493751850244
-0.01638821125540628
-0.026815802575778577
-0.017555412937591428
 0.0020577156482711606
 0.017369288218594847
 0.014768236554553768
 0.007547514890137871
 0.0015220597422746646
-0.01680692158380201
-0.03405759006422157
-0.04107013419444336
-0.02757134352300092
 0.0026775518941043464
 0.014019716874232563
 0.0011618282726504198
-0.027346800568176233
-0.04441502132199872
-0.01575669582907313
 0.02315378845455769
 0.036694682447522525
 0.031745201071898516
-0.0023912384124227387
-0.040298264246417026
-0.02997359620308024
 0.007729926196908377
 0.04365107465244855
 0.06466296914222208
 0.046956181345309815
 0.018197271648766652
-0.0028567302091766916
-0.01865951224390916
-0.005088210296511478
 0.019932856031562043
 0.023895244378180087
 0.008129887518134205
-0.025136416654724048
-0.05298542679169972
-0.04175787640904917
-0.017012820744289198
 0.0006518596844532626
 0.02880962346594583
 0.04034593153976068
 0.02356073866950547
-0.0012591713912750713
-0.032846020850073
-0.046433700358043464
-0.028638031817897966
-0.005008714173481685
 0.02024859856980086
 0.04742161244235278
 0.0511103291990752
 0.018952745826306905
-0.028221688889451965
-0.05238665839321731
-0.04027727733201421
-0.008325536466669517
 0.02141811909216692
 0.0212076004612312
-0.009375786501282776
-0.036504362025541776
-0.03601549770452202
-0.0014206038769375429
 0.051472861298967054
 0.06927554705936628
 0.02540388400969818
-0.04446891915347197
-0.0907100635754842
-0.07538913471148886
-0.013434099114595893
 0.04383577242622075
 0.06359860171082965
 0.04045346821727361
 0.0014891811983834269
-0.027110671505741785
-0.03391269902835155
-0.00637712877602338
 0.040369251457610306
 0.06276353833736942
 0.04994073583705595
 0.01210856035243485
-0.040969695670132145
-0.06493350485995715
-0.038429465984927885
 0.009332072112079329
 0.052146469930204116
 0.06618558656118406
 0.04034350141677628
 0.0008669573193635233
-0.026149342680835727
-0.04204568765228464
-0.03557347352824777
-0.008522091473427237
 0.006471367112060505
 0.016288456223710543
 0.01619489126367038
-0.014432938093783917
-0.028425277303053026
-0.0077502093854587145
 0.011895666228254609
 0.028142868165742824
 0.03594133691773542
 0.017799481465091645
-0.010999192479556025
-0.018610539404763107
-0.005558511756141721
 0.009664176024301335
 0.027635275070790173
 0.03854003332176897
 0.03215436086754742
 0.0188239794355472
-0.0004710392121268364
-0.02110166878142823
-0.027194957058410865
-0.028923534337571027
-0.03864004733889828
-0.03759214447099772
-0.022149583789270996
 0.002237593642548552
 0.03070645418862332
 0.03895168596343696
 0.024318440637660144
 0.006798778714180803
 0.005226919354020698
 0.009453622996862726
-0.0022838494375398977
-0.010900997932448836
-0.005691883454084057
-0.005179628398885194
-0.010334948235285399
-0.01848428204661208
-0.03340055525595616
-0.026661686762277398
 0.003376692047215857
 0.015748049331225034
 0.020154861627246237
 0.025134746910655703
 0.015429929276418008
 0.006885292057464312
 0.006899324474648083
-0.0017996915898877558
-0.018365011558859307
-0.01976845763292978
-0.007500019579308695
 0.005788254484521721
 0.021410923819427607
 0.03165606336655541
 0.029642119130410094
 0.015507096442648388
-0.01094782593725216
-0.03890443345145175
-0.045444484751255454
-0.01685165331403138
 0.02536628078252602
 0.03927440930210293
 0.014489585342591066
-0.021899381843178772
-0.03902140128561321
-0.019319387909870006
 0.02292427599428442
 0.05030078925419462
 0.05208082210190142
 0.03646750501401977
 0.000438755134608268
-0.0477321248571808
-0.0835714097897415
-0.08374450324599063
-0.045374344921897306
 0.018056646001697714
 0.07427861265129009
 0.07928656681571448
 0.04237364718433251
-0.01447987333474332
-0.07932366864940417
-0.10049228510482515
-0.06286361305420972
 0.0020947928112813735
 0.0670157735020859
 0.0835927847914996
 0.039381956096234357
-0.013502156832645995
-0.05168051518311796
-0.06900603401291071
-0.04314524032780703
-0.0009249671578317187
 0.01892674691665782
 0.019095158179423734
 0.001552105521765254
-0.014213251338280636
-0.001116781294718927
 0.016784145549232563
 0.021385100938940395
 0.017429725765928675
-0.005467465945328764
-0.026533163170361654
-0.019934639081757577
-0.0005998602326264396
 0.016692907522668124
 0.02782689496860223
 0.026189541552740614
 0.013415859594203286
 0.007858219129922323
 0.01979450875820002
 0.02826195250771523
 0.007142456594070382
-0.03396676074904448
-0.06002871879473591
-0.04632408966251729
 0.0055308269158346884
 0.06203114330215851
 0.08497043428829096
 0.05823014495140525
-0.0071773670569722225
-0.06834881710551233
-0.08657020105436508
-0.06293620526311296
-0.0209568566551825
 0.0169782340131793
 0.04320158407805922
 0.0608475519194584
 0.06736420843843559
 0.04978373060609054
 0.00016262509519644752
-0.05242676458302707
-0.06463672984784778
-0.028886333751815124
 0.030458295910688847
 0.06647066822952756
 0.03946606359641788
-0.02497541109036222
-0.06638402983096972
-0.06542968989978562
-0.031478041262126735
 0.015553705928492131
 0.03993620521347585
 0.02561873479911706
-0.014887001602176667
-0.04764572684334817
-0.04216060170166987
-0.009315334790683055
 0.02498951393308043
 0.045299686397480575
 0.03526973755815321
-0.0011449594352136716
-0.02658004580490486
-0.030916689945036116
-0.030993881391150904
-0.02681863736350293
-0.015228530601076123
 0.015993419357880262
 0.055315580563063474
 0.06536891608992255
 0.046691412824577096
 0.011156207436344892
-0.036055652454100556
-0.061879025011165045
-0.04243664878481
 0.0021156805828229097
 0.047807138704978595
 0.07285159576723121
 0.05953524877573846
 0.02520700527114849
-0.004756527235619007
-0.02977291946350409
-0.04650899179198317
-0.04384946733914172
-0.03533056397443245
-0.01721210330261519
 0.02124226166452292
 0.045250509202640836
 0.043968694946301755
 0.02740571405074811
-0.008950506107170977
-0.03975844411780445
-0.034684995897678525
 0.0021787991452799083
 0.03728828912480486
 0.036340962367227087
 0.0006256483258157142
-0.0401654550324632
-0.0579424150319128
-0.040485912137364466
 0.005533016263298829
 0.042427219260690104
 0.038761889191499393
 0.00998894505444875
-0.029143755250531048
-0.06306499998040446
-0.06012244764399574
-0.015588830863706146
 0.04133719688467753
 0.06334085850364547
 0.037552572047849654
-0.006347159882833395
-0.045550032390350534
-0.060697873868067825
-0.044523183206534866
-0.01108613072081649
 0.015378143906108296
 0.022182506455488582
 0.02512038064506148
 0.030809005174098063
 0.03217502202683456
 0.027536637415792743
 0.02099424704257114
 0.012664804578065292
-0.005463016434071016
-0.017750171121682798
-0.00411337511858359
 0.02386895815656563
 0.034708222351842906
 0.020435194332424432
 0.00230503424687023
-0.012915318506802317
-0.01533626151766422
 0.0024009301870334815
 0.02312745771982186
 0.025501615215678126
 0.0007284866232558085
-0.02808656083531723
-0.03766974665182353
-0.02296399409673887
 0.004501403953051944
 0.01808206219412127
 0.01567749269718474
 0.00840531141757482
-0.005650182773977913
-0.024662173538084683
-0.03514590262048685
-0.032781101418302205
-0.009163479140975483
 0.030427675507267528
 0.049741402695637454
 0.054704914465121546
 0.04187275567113644
-0.011780912412236735
-0.0628265136346388
-0.07956960318337161
-0.07073960305408014
-0.028219928486612172
 0.036918586032058096
 0.0747273667358527
 0.06811948230692957
 0.03846470749132637
 0.0029786226448702963
-0.02280966381092553
-0.04144740282816649
-0.048172240927985194
-0.02784569494965966
 0.0007026940926240927
 0.015268102242634085
 0.01650313098396755
 0.013878688585747367
 0.00575040643518189
-0.018089431863493807
-0.04271753790400562
-0.03818909379025304
-0.00634728937555018
 0.026175185403764893
 0.05311663100794358
 0.07054038687464118
 0.05260670895619151
 0.0018160667363417704
-0.04491628310343185
-0.07097122392886954
-0.06864384790137151
-0.02939887611897936
 0.030043994627076888
 0.08155038926616008
 0.08978860382071999
 0.039898504866766105
-0.03502669687909245
-0.08838330263839089
-0.09330471513299998
-0.05793324893066895
-0.004405894858510381
 0.04322465512709378
 0.06362839052821037
 0.05588371641818235
 0.030572600939640433
 0.0029317683368588754
-0.014237032573933786
-0.0199092876356924
-0.01920990670706063
-0.008419763053559473
 0.006183070271137084
 0.012578094972382894
 0.01849127054953896
 0.020856071751723597
 0.01730769535342845
 0.016220024190775992
 0.01580132802564617
 0.009670614573976943
-0.005699438878441931
-0.027242307080728737
-0.0568924037494961
-0.06998653876628727
-0.032544992589104746
 0.0240021052655773
 0.05418316755356314
 0.05185110933258187
 0.018091260668544343
-0.027043502026795868
-0.044006464476812335
-0.0391341765706268
-0.03171931585917166
-0.009753079414890314
 0.009296332477255642
 0.01325872082387368
 0.01071848506869831
 0.0006651454951918379
 0.012227183376603695
 0.041044565861947255
 0.04082936908417572
 0.011291547939468086
-0.022262462263793262
-0.040135324273377224
-0.02240982793576908
 0.023089826166117898
 0.04763138244351959
 0.04082233770065608
 0.028680205564954805
 0.008727907286847705
-0.007870159709974608
-0.01945559237221299
-0.040079204721260656
-0.04144522562064455
-0.012433700041614357
 0.027510654692733262
 0.06417796756858714
 0.06938474297353402
 0.03006725586853922
-0.022342025156505144
-0.052677470336720544
-0.05276635714992485
-0.024341938998790405
 0.013457485411332556
 0.03386355988586706
 0.035334835042409564
 0.013506599883137599
-0.01788142833513788
-0.01845450334584986
-0.0066281501682140115
-0.014611409766868977
-0.023825021983345296
-0.03546659240761356
-0.04177273636562613
-0.012450114022013736
 0.026083779441333374
 0.04360343731816533
 0.03703531713734669
 0.0020123688276370566
-0.032952102646624806
-0.031845722943276464
-0.012913264722026072
 0.001546885124177902
 0.023068697619056104
 0.029856686654511008
 0.009043609358612523
-0.01143498043852463
-0.031520605901452683
-0.04002547887230189
-0.020166747577558625
 0.009476327824307615
 0.030268349412797504
 0.024827662619412105
-0.004586187634146227
-0.031848090343226165
-0.03561633964280497
-0.004240010838266459
 0.04435189832209925
 0.0692560109792772
 0.03887846247753941
-0.03705254083802101
-0.0967316620459337
-0.09457269930452528
-0.036282991753499305
 0.04993759148080555
 0.11261773983725104
 0.11245634174809145
 0.05588117096574706
-0.024540853312203043
-0.08197446403892089
-0.08582925905496241
-0.04791054190052599
 0.0023093623587060047
 0.045909688845248986
 0.061207226975065206
 0.042768309198346705
 0.026235736257225924
 0.02346861038051315
 0.008762853778781082
-0.0184241985809257
-0.03753209135516683
-0.04306400201185076
-0.028379301117527303
 0.004865947347922353
 0.027077786501084382
 0.03247168777946416
 0.027903475370959677
 0.008192101654897421
-0.01761957553507751
-0.04193658481100711
-0.05124375996419987
-0.028744214780634755
 0.006762917679935115
 0.017244303642271974
-0.0009490114255658461
-0.014099284204386886
-0.00828902785761891
 0.00024624902101573476
 0.008730066284456328
 0.017450129963105965
 0.013373122972362858
-0.005510218753758789
-0.03581291690612341
-0.053961789579020925
-0.021322361128810294
 0.04468862777474089
 0.08981870827659788
 0.09272383543832001
 0.04708617195812888
-0.02803551195483424
-0.07251533409315927
-0.0786273349574852
-0.060857396224936744
-0.008920612076957865
 0.03906079892133301
 0.05126842106608839
 0.0359357927883561
 0.0028168502408262575
-0.03565389228688465
-0.059547529274172284
-0.04207933101253439
 0.0015537425018593565
 0.032712537478532124
 0.04189105954709239
 0.03798012676902098
 0.026684739210603596
 0.006192114972958962
-0.00826102169963866
-0.010791901161142398
-0.012012899508615796
-0.006595607496056921
 0.004339558709354735
 0.012098263213242824
 0.013321596587486731
 0.005932461636981218
-0.006132481075928967
-0.015970625894987614
-0.024487194232926376
-0.024517604210682928
 0.0032027528416602308
 0.036405897985587486
 0.03377911651394939
 0.004968747202212159
-0.01976461714210566
-0.02588831337352114
-0.012553257841332502
 0.003106836668259963
 0.00906913278719218
 0.010437488713346599
 0.0021969310387213725
-0.011517058433816299
-0.013215227758543599
-0.020000881767227988
-0.030416777720510726
-0.008041203428094904
 0.02791503112871395
 0.04681006417527775
 0.05019937953450754
 0.027246050061220224
-0.00885053294731071
-0.02949753603053748
-0.034608413471997376
-0.017619725261031283
 0.015024381336015163
 0.0263525118756359
 0.013146101334784999
-0.008352324472561498
-0.02888003481147479
-0.02194936229752731
 0.0009946068354409754
 0.006503122711298395
-0.00035504257334124933
-0.015699366218163105
-0.020910823816593177
-0.00027318107368545785
 0.01593893476253408
 0.01998552975219694
 0.01601612013867776
-0.01105631762355136
-0.038449208444034336
-0.03318395620363969
-0.0015456511762951125
 0.04165937190262088
 0.07135624599309909
 0.049860159259170506
-0.010239995163966217
-0.050792513033618175
-0.045639536317283264
-0.008813166449011423
 0.029068125530738433
 0.03496960574080496
 0.012884072505562727
-0.007961751818186508
-0.01779989663724514
-0.007561774310371083
 0.019840468757136145
 0.021243910784559228
-0.011938186745254223
-0.03890068805684152
-0.037104281695209324
-0.012183795524106006
 0.009955532353100774
 0.017234726806317047
 0.014483974443529668
-0.0001539490290829726
-0.009989754774723705
 0.0032798067017634214
 0.02202981719641673
 0.026420255978512545
 0.026153599585546958
 0.019145733602160986
 0.0004565349697259746
-0.013259793576229598
-0.020038430364660256
-0.016969568063684326
-0.0011106523135693963
 0.012334339669261077
 0.016413681686774692
 0.01749900972936183
 0.007964944454631653
-0.02219974836607619
-0.040156817018704966
-0.029050898453785806
-0.006920926870250671
 0.028286804192826573
 0.052685676991735673
 0.04099732509910919
 0.016238230947194343
-0.019392876451172228
-0.05925302858912246
-0.05821448201489354
-0.023137739063219337
 0.005417667199318146
 0.018631090913775412
 0.022156072531244048
 0.020242708452068894
 0.002571006756425298
-0.029118761932760723
-0.042839768625552124
-0.023444173867555304
 0.005745121291236138
 0.02580969104675561
 0.032609375449300065
 0.015798452771447827
-0.006179483086570486
-0.015346313834688569
-0.019816285159640776
-0.010712613440453683
 0.005169693043840365
 0.008776542230935894
 0.0033358554375505084
 0.0028399698496296144
 0.015070982728564108
 0.021498754457660668
 0.007422208605346758
-0.010965249556177697
-0.02019757435999732
-0.02543008361918861
-0.022160061004272286
-0.012476299077443201
-0.009882268680303272
-0.0010803374320267345
 0.016860353660029262
 0.030567321865665797
 0.043008851352212316
 0.0464613216937257
 0.030307678646306548
 0.0034083323170028684
-0.021154279667807432
-0.029184320734820635
-0.017935718691408892
 0.0034387321781409047
 0.023592186723540992
 0.012542401874004294
-0.017804738673300652
-0.02560087239852271
-0.02667450912066771
-0.027832352485857498
-0.016572055075356196
 0.0012984638141624733
 0.027135866765087023
 0.04474908757863543
 0.04028613347393696
 0.022048376011158846
-0.010242534546430399
-0.0417381601419298
-0.04651688915804629
-0.027787930324154192
 0.005957879852728484
 0.03796341940668514
 0.039635854877168024
 0.015007748836656218
-0.016986099396858287
-0.03785063630795081
-0.02701137211267353
 0.0018574699878640688
 0.015817058122635036
 0.006486492235263139
-0.02267941623599659
-0.0468280122258366
-0.0282277024299296
 0.024144149373780774
 0.07194311264547455
 0.07835217178722781
 0.03185606836266324
-0.03375494303307251
-0.07832832810811399
-0.08260649541279749
-0.04262003735692746
 0.0277696969849537
 0.07661188700103591
 0.06450016281976748
 0.008816179009647304
-0.06249749337895619
-0.11007892686943163
-0.09917884676528865
-0.038360600849500576
 0.03210632291517165
 0.0754914546472668
 0.09187432284299386
 0.07571132350190306
 0.027311214315158684
-0.023841984284467307
-0.05959706257398317
-0.05448385010575277
-0.014976902100554579
 0.01537257347352089
 0.024085619931916796
 0.019952475179143822
 0.020532563363462118
 0.03193554425245603
 0.03401030035081966
 0.009672239414128841
-0.03407545274438996
-0.07572031790020649
-0.08133643519993523
-0.036554876637347036
 0.023732399612575186
 0.06911276097014868
 0.0747452477371554
 0.03477282007514544
-0.014953543739554653
-0.04822686513266662
-0.043878529672093214
-0.003623078173163402
 0.03600316257634829
 0.05196733663026923
 0.03957024549201563
 0.004715710468395598
-0.03188845147182208
-0.04764913018503214
-0.04416157374225009
-0.025594010974193865
 0.006975245273479411
 0.02961981300895504
 0.03129224847943793
 0.017793453761348096
-0.0015179384002513285
-0.012081195978862466
-0.009349160250065755
 0.005845458649362367
 0.010808970418846445
-0.00750129831988694
-0.026351893018157838
-0.027100398535213135
 0.0003392697069806577
 0.04087774908947774
 0.06287205441477403
 0.045551213731817135
-0.005279192736137098
-0.04723515465653584
-0.046381394882321916
-0.007087302558153624
 0.03178575655079062
 0.04447522781963573
 0.03820183088947392
 0.011945729750095849
-0.021961480539270106
-0.03791864141958472
-0.0373362141618485
-0.0238257281233165
 0.0014549753541451549
 0.017594579914409436
 0.020279834174847917
 0.022897255306166958
 0.021049385282693345
 0.018937199962995734
 0.019419047063761755
 0.0032303179150739297
-0.015325553532540129
-0.012418087297400085
-0.003943626327631136
 0.001504073639360587
-0.001113351538605853
-0.020169784697652945
-0.033635832387892015
-0.028354206633571993
-0.01126493826563571
 0.007999668380958086
 0.00462672248900628
-0.019124231019788787
-0.03442177319625242
-0.03708130169574125
-0.020948714355730702
 0.022941657234633282
 0.05614714145197844
 0.04990883062308531
 0.026513416273812748
-0.010341026522121446
-0.03938296410223188
-0.02918928417029812
-0.02058149601570823
-0.029519097568871014
-0.029086371009881123
-0.018820179801992104
 0.017683397934607978
 0.06902605743443738
 0.08315171978188003
 0.06001594258199565
 0.012088326225669355
-0.0500421439242144
-0.0751053176204577
-0.04468800891726282
-0.0001380186230478253
 0.027371821821683302
 0.03398438035079485
 0.01651383896909163
-0.003272385096343769
 0.0013870471288118386
 0.016967613142195317
 0.026401094213307906
 0.019905485308444527
 0.002280565081159161
-0.01375846336878235
-0.017634310045585078
-0.0012514418498580093
 0.006820698492030194
-0.0015064048990577478
-0.00394606049726294
-0.003532046525616339
-0.002168368746297736
 0.0007531319293497818
-0.0022572575828257724
-0.002762499464418325
 0.005078072609096679
 0.007255747937848403
 0.01424021914040785
 0.020429405380877452
 0.002268837340890409
-0.009732950389736192
-0.006577542372297546
-0.00472032010179968
 0.0077586345594334305
 0.012366607169395
-0.015844959347356927
-0.039425160496644476
-0.032574016478905954
-0.010153999791549823
 0.030288577580812902
 0.053934268739154564
 0.03241011312421105
 0.007529387154564832
-0.007744764287719683
-0.0226470030565563
-0.019414405616326583
-0.002874819501599443
 0.0034804409515418605
 0.013477638716371074
 0.020927585529094864
-0.01140542835001676
-0.05166088389559399
-0.05545720207618775
-0.023926494426067077
 0.035338606740227915
 0.084316463014549
 0.07920558557308909
 0.040552395318781104
 0.0008629955403384043
-0.046269335853898044
-0.07479433820865007
-0.05494730228099638
-0.012984327186991301
 0.03476551554292635
 0.061295284225552644
 0.02835411125778406
-0.01907528246052713
-0.0375492863385143
-0.04822481944118519
-0.03481959170645921
 0.0005261446882747906
 0.009524558103655878
 0.002502657679762446
-0.007356538800057405
-0.02175119863720726
-0.016160815191722938
 0.005555140396841893
 0.02099536200515071
 0.018108943384124457
-0.013693100829121327
-0.05534030505835577
-0.05824309719330739
-0.013178510747151928
 0.05140330429805544
 0.09606089196949436
 0.06648096750326431
-0.012142309316312022
-0.06525097329331185
-0.08504187550558309
-0.06994783676312516
-0.024078609061208206
 0.014997949435094318
 0.04751574606757357
 0.07594484236554384
 0.06732067665038116
 0.02946043228474511
 0.004046397575815097
-0.00571923596728828
-0.013653375024167122
-0.006109865274726872
 0.014576898009956984
 0.02308410600757671
 0.026433657118701992
 0.02695760754099042
 0.012324362215213602
-0.0024258367814587595
-0.008923784759740067
-0.014233483441722428
-0.01264993276112017
-0.00631806304215797
-0.007478245480765672
-0.0006434749769525516
 0.016873843826461496
 0.008717492794881099
-0.020967689975154954
-0.029690096773869912
-0.01359025646171011
 0.007707004985048602
 0.02067716506404308
 0.0054544732369526255
-0.02164135525945561
-0.03114969072658877
-0.0329390839146146
-0.018132751202559763
 0.014270430832441824
 0.0376518066945595
 0.047541407082164804
 0.0348355582527469
 0.005503575568815464
-0.01586620120054591
-0.033870051321532896
-0.04818284358905586
-0.04139017640676515
-0.030447992981099764
-0.0260248071711532
 0.007243832028475575
 0.051838264717630866
 0.06259098319644542
 0.05493285480288011
 0.018120515328468333
-0.04580168505953547
-0.059101658537102836
-0.026240018112190636
-0.0028212170753863647
 0.019687684401850404
 0.027949289690589428
 0.010415593326602593
 0.0006078564619768079
-0.006250308822662837
-0.025634212260217504
-0.03927335138338202
-0.0366442348849734
-0.015604271514184934
 0.01910055876404137
 0.053838136070118434
 0.06819068853909849
 0.04559757637216952
 0.008944293890175689
-0.032073699589640625
-0.07296538310488973
-0.063772826595822
-0.015117762453172673
 0.01609483121211204
 0.02973396628862915
 0.02867202493357373
 0.004939784012121945
-0.012738934903775381
 0.00013298409166681568
 0.009098650479197154
-0.01000222507479026
-0.01393654858704077
 0.003681350373343467
 0.00792676660352877
 0.010532492367758273
 0.012261065600271029
-0.011452462733837473
-0.02528340587727071
-0.014958737833933908
-0.021351427508409196
-0.009319235869997153
 0.026805411972901302
 0.0242768715848155
 0.0025515556559316116
-0.01874103169063869
-0.04024881379165682
-0.016221853666195607
 0.0399229235606057
 0.05755719603491531
 0.03374542661725454
-0.001976904644410582
-0.03914244420492696
-0.04133883616766938
-0.005901875909636839
 0.021717900985736123
 0.035455277145805514
 0.04296603986739501
 0.03131979129629093
 0.0004253075691947328
-0.028111390152646853
-0.04225109098724439
-0.04242886259032934
-0.02735587550863261
-0.004804870709873427
 0.021975178828469374
 0.054986519952127895
 0.07539025535324449
 0.05693964220943644
 0.009234237827811714
-0.037591674948678364
-0.06430155633113124
-0.04614333141120949
 0.0018591312478425798
 0.029404057793842378
 0.03101099920862374
 0.01392640494087588
-0.01652131576339924
-0.031425893605653774
-0.02635946260578159
-0.018911854866475702
-0.007934585339541653
-0.0016307845015943873
-0.008893609487532692
-0.012776473384589149
-0.014224361853599946
-0.016289765704939327
-0.0015465879751680872
 0.016010495076350453
 0.017825614025325925
 0.021930685850436574
 0.029469517453040994
 0.02201488844683397
-0.007796604287769293
-0.0517992554488404
-0.0658687840809006
-0.03134172338243556
 0.018616204653990345
 0.05268480696254479
 0.05350815878232586
 0.03803284702610098
 0.02305809698130911
 0.009409601564472972
 0.0004813563049818198
-0.011228047248405856
-0.012409281347774775
 0.00917802520280496
 0.03238163148516138
 0.04047950163464661
 0.03302253355502167
 0.003840251569836542
-0.033505396643859
-0.04179741393367828
-0.015499213519425195
 0.04033914508962972
 0.09067834209317518
 0.07262537143041205
-0.005193264133402792
-0.08600123552530829
-0.1245608628428998
-0.1074411865205307
-0.045294346903368976
 0.03588319404191909
 0.07759121013337185
 0.05546825172344304
 0.01663495281595588
-0.014116847432647725
-0.04302545782793722
-0.03428434248852637
 0.00766459816497124
 0.02724965786981888
 0.0319535324899148
 0.030288110193038266
 0.006633058694377553
-0.008877339163115991
-0.00035609672498881917
 0.004579346163480338
 0.0002637536841102739
-0.007937039742410446
-0.017188077133573357
-0.00404014747481761
 0.026571304322063907
 0.03912277025925226
 0.027551372037521338
-0.005710253988501085
-0.05590209341336552
-0.08464229052256542
-0.07001840553710764
-0.021828817004622678
 0.03988061588338963
 0.0634865427936268
 0.03440718003882977
-0.005934821223210179
-0.040454868748068876
-0.054028513815531864
-0.029278780003936078
 0.012985935560979558
 0.03683746518009742
 0.027605140376277808
-0.003523250692609517
-0.03953562705809564
-0.055109179897872784
-0.03905144290723539
-0.011981348265071592
 0.007395533905581939
 0.013551973118200791
 0.008478520851427487
-0.005806202535080546
-0.01532623336930325
-0.00727046654134042
 0.011425745264700929
 0.029511458908667423
 0.02975004237397067
 0.01386539276961131
-0.005633125265421007
-0.02234814593313887
-0.011106561109980859
 0.029151229462366875
 0.06038487478841282
 0.060314700562551775
 0.020665065032213575
-0.042536700743073544
-0.07732808078440996
-0.06722562471577474
-0.02426854341915735
 0.04134012485651308
 0.0900793956422072
 0.0992228316094988
 0.07298076491062819
 0.017591504351164827
-0.036410685671477136
-0.06700576800108067
-0.06494972449006033
-0.02791283801417646
 0.01967326957648738
 0.06263035087310477
 0.08111136792469828
 0.0578984013020228
 0.008803587310158761
-0.05481453353351655
-0.10429061649250014
-0.09657167623671654
-0.03616276816906293
 0.02226026656678398
 0.04417504339587129
 0.04229208727112899
 0.020690742233394406
-0.009728909589865789
-0.029812195979375927
-0.040143885289613865
-0.032403893373069065
-0.0031023226902178735
 0.027092774038275452
 0.045508297034167436
 0.06273089258692466
 0.058852706836704016
 0.008532218373854455
-0.04887098439843053
-0.07937952101157135
-0.0749586742750427
-0.02321837229416837
 0.0464322148476528
 0.08177093402213306
 0.062136749728861886
 0.0034447175033077704
-0.04624188206328782
-0.051621752947807534
-0.027014702614704317
-0.0032473796386312676
 0.0019360050321364924
 0.0005232026643943594
 0.0016225651474889718
-0.006143160623300267
-0.002632213446339085
 0.02044040472461431
 0.025385203906755097
 0.002796769886661943
-0.02289795363241741
-0.0454723532120031
-0.056454304932420374
-0.041617564265932674
-0.02261727291556287
-0.0005808642687441662
 0.03736826084012511
 0.05198512860532914
 0.03371462411470025
 0.00431013015481356
-0.038034117952958454
-0.06539426174559068
-0.04825587283587826
-0.01137804335241234
 0.015182133284646807
 0.043627603096542455
 0.06845452633092933
 0.05249970452403263
 0.008927442871857177
-0.031082409964839366
-0.05186975745314082
-0.037741756032280235
 0.004092570023739722
 0.04116454260089226
 0.047667164679361974
 0.04274575218475289
 0.03996225279411475
 0.024007430987218047
 0.001800265934244441
-0.018149693270444772
-0.032474180905057284
-0.02351553173778069
-0.0032053592733805453
 0.0029510799392382936
 0.022533800570668033
 0.055025867395550244
 0.05166227779727009
 0.02418751940716022
-0.004480166426084398
-0.028184338466521255
-0.011691533820152353
 0.03445370454507813
 0.05413466626006013
 0.03020594317150381
-0.015529961392239597
-0.0448525877824994
-0.04528531838813668
-0.03437822106373997
-0.011471677105458294
 0.01318683284283896
 0.014354028455053
-0.0006183825163209311
-0.013602581082470283
-0.020535596716483084
-0.012428370273326217
 0.010480512758373403
 0.020519813844725003
 0.01173893021056227
 0.006754362733669583
 0.013144709288079579
 0.019642653219713473
 0.006721609635847725
-0.028062753185234962
-0.05971743577315233
-0.05809412084444558
-0.022991648085174357
 0.01399377877551547
 0.027363920408972772
 0.012129533214792765
-0.011810885240853122
-0.023029083376479437
-0.01676036863980085
-0.001914271679641491
 0.0039076800342160295
 0.007212788750401003
 0.010807942570406973
 0.0042164316554092335
 0.00029380351024826945
 0.0019451873199699543
 0.0011101360864519128
 0.0024270323974122793
-0.002803137788361082
-0.025637174517334937
-0.03890206189363364
-0.02194144256368248
 0.0067426127368401395
 0.031008158350928294
 0.03252855404924694
 0.009439558317720767
-0.011981678066834645
-0.02394370154935674
-0.02226892700545595
 0.005159045869648285
 0.03743357886666475
 0.038794917572565424
 0.013275624559829405
-0.015106694316430053
-0.04057218864055409
-0.04402232395529697
 0.0012317274377093151
 0.04555950575722271
 0.03741251101931394
 0.015217041333429895
-0.0030394287166915224
-0.022238545354231212
-0.02205843872437574
-0.015296179496517848
-0.018191954411215752
-0.011642550864387799
 0.008508564607594374
 0.019614483172513547
 0.023247062167206102
 0.031022140185019566
 0.027270264399366133
 0.014061514785097318
 0.006171818123158784
-8.520529307765035e-05
 0.0039052519345553344
 0.006969436088695435
-0.0075024131712454895
-0.012009809670884275
 0.0008317013701250736
 0.020348927945853287
 0.034228987584415276
 0.02205878656769906
 0.00031709712488979525
-0.021686568540725537
-0.046169652029326824
-0.041615478107977236
-0.009153819237527866
 0.018552503374307812
 0.04053277425909664
 0.044520892413311704
 0.01377143123812602
-0.025256010763047787
-0.050765947482112134
-0.05069811637631641
-0.019384942554061507
 0.010562212392133202
 0.01705781725034919
 0.016250834897846095
 0.009228934473952663
 0.0008924747891930762
 0.016475379875994484
 0.027106466537077663
 0.008377503656538152
-0.01110931901140462
-0.031054600069258004
-0.04433586095948207
-0.028647697568874655
-0.008286065489280472
 4.805107541379361e-05
 0.010889654344109004
 0.013635724513413161
 0.0006421696535921784
-0.009832203135138343
-0.012823880059970608
-0.0041810058041120285
 0.006770533915224988
-0.0045646178912968904
-0.020016538913342652
-0.009074355487677266
 0.016690536187292035
 0.03121618008919752
 0.02862214564541018
 0.011670878562483278
-0.016171114354238666
-0.0398916599086009
-0.04831232623640529
-0.03529538468905258
-0.0021577336008268416
 0.02058507521820105
 0.011312986166276948
-0.010735121894278707
-0.022774334799591872
-0.020795480711362613
-0.005301460414441836
 0.011095442221792692
 0.015046135201321184
 0.013832154074101516
 0.008627713695925174
 0.0054395546039883585
 0.010990173801368186
 0.02014062698891351
 0.032189192141250926
 0.02298727529186416
-0.013380640233144475
-0.047067977621226775
-0.05419045820209037
-0.019015474166863916
 0.02403283099305202
 0.03126758305132798
 0.027796396075823904
 0.03276926413897963
 0.015810979835798974
-0.007313101996995849
-0.005743585756901065
-0.009427628413435071
-0.020821257055404732
-0.014578272126323163
 0.004508564940509371
 0.025485373329014238
 0.04527861056805598
 0.04952636587165922
 0.026844368914849606
 0.010075549558519775
 0.002599868891551546
-0.018402673351197732
-0.031209102337585823
-0.032147072801491955
-0.02552983612554459
 0.008723552983024838
 0.048331081145193244
 0.046635250893883845
 0.012807569100726876
-0.0210622160139525
-0.03849065407413331
-0.02672043865852733
 0.010084879548983322
 0.04640834863240424
 0.045678555702692226
 0.014409820228730219
-0.0065365842519891915
-0.0058886629385514755
 0.011109381566086277
 0.0164120589811675
-0.01229539110018163
-0.04203671163224755
-0.0529788991045603
-0.05168539352777907
-0.029239647032825902
-0.0011286647196915578
 0.013343180493601961
 0.020753363058221286
 0.007993715540191418
-0.019925466799321598
-0.017831998113614675
 0.0022887094039346634
-0.007184539961929817
-0.022980304776408556
-0.013188945472355537
 0.005703748500790362
 0.027131998058952105
 0.03861450744415499
 0.027010362194573312
 0.012922120975169843
-0.006368219525668378
-0.0346195502905248
-0.042132656132179605
-0.024767377100929786
-0.0002983320994833366
 0.01966565749906593
 0.020746307394817247
-0.0009883648277382862
-0.019417926310785136
-0.010201979067538294
 0.01734060840504359
 0.031459253532232515
 0.015532500606350766
-0.002431585266531741
 0.0005624266850710186
 0.010482435027109147
 0.021925180164207553
 0.030846404156797562
 0.017588534000752595
 0.006639329308186087
 0.02534021926106326
 0.038043724970415846
 0.026102753148654942
-0.0031707526998287217
-0.03726508886262758
-0.04393378920041639
-0.014613505930221912
 0.03163932981223249
 0.06200283982681541
 0.05404063188892165
 0.00675626072252096
-0.06796544163597933
-0.11078218257416943
-0.07717671680236143
-0.009069918116361722
 0.04508430763179706
 0.06070697696670296
 0.02677871501657582
-0.020594540939705502
-0.047210859385441936
-0.050165111135587595
-0.031349606585232795
-0.0029532573151132557
 0.019036369863347197
 0.03610224749710436
 0.049219769201427246
 0.03471751198705348
 0.003729465323240838
-0.020465912134957395
-0.053828118317949994
-0.06569657886375566
-0.01662749872613603
 0.0576100113882092
 0.10197053673557335
 0.07730032737353916
-0.00982080317330894
-0.08423842598748076
-0.09222168558613573
-0.05558478066471467
-0.0030141076204818484
 0.04447141981321181
 0.05238918130951787
 0.018886630721450574
-0.01964024956829019
-0.029403544037975668
-0.008840751644441106
 0.01043788944266015
 0.015029488538696345
 0.007579537679325149
-0.007788176699675825
-0.007675903198939779
 0.0009318849556501224
-0.0035006611946154925
-0.008691067132284389
-0.019862483799552466
-0.03636932693307622
-0.014707170033123343
 0.028500192119210538
 0.04349365070469829
 0.04189138339010534
 0.01977544220043028
-0.014718875516831403
-0.024124291753576457
-0.014470937781180221
 0.013525429934476488
 0.04019320394875955
 0.022874702339220558
-0.022260060356119646
-0.05038742022982677
-0.048546571473254266
-0.028835201803839416
-0.010281673476290665
-0.0027615544610295195
 0.0027118753135592227
 0.0011517113204886908
-0.0007125322169103249
 0.011371119036695784
 0.0037597721114887017
-0.032828016314803615
-0.04589174337716194
-0.01584868642083287
 0.01671355260658669
 0.029522316619745283
 0.023894503952926985
 0.00974778589807572
 0.006456707575750828
 0.0029013139572019453
-0.005299479469318788
-0.0028153855228206792
 0.01565393616168327
 0.04231469295571261
 0.046555431039062095
 0.015434057190428507
-0.02231157257772988
-0.0385587785618655
-0.03765589824587544
-0.028147566825389686
-0.010087582989020225
 0.008103388958752289
 0.021059514597239294
 0.025232419551469355
 0.024107323214130318
 0.016573165711714327
-0.009465401599798001
-0.029719440348815684
-0.01962634057385211
-0.002261061542602291
 0.0100307672451979
 0.02251673912668474
 0.029103567848199265
 0.02773052972856164
 0.011375726367202105
-0.01748610255972917
-0.026692697555951758
-0.0025534619064307984
 0.03386123104028867
 0.05829518994046643
 0.04942776058984098
 0.011078649879861457
-0.01876558988259254
-0.02499454441781404
-0.023916233595480632
-0.020283654600788084
-0.011163609367675603
-0.006197758524773611
-0.012239587186562206
-0.014478082470827033
-0.014910813076464316
-0.020831009920521518
-0.006221159375571231
 0.024628877909937244
 0.03366705557342283
 0.016961391199376605
-0.00010916862786379544
-0.008569599203772676
-0.023202844529549488
-0.041192660210029014
-0.03356260474412605
 0.0010393063037121564
 0.03907029898220833
 0.07577737610616672
 0.08417230857972668
 0.044653661160791516
-0.011088799484776451
-0.055580316990191045
-0.056733482208545
-0.016412536653913665
 0.022675717209478412
 0.051184342003657686
 0.05584611330223121
 0.02622174644106085
-0.009573096096559514
-0.025785215979426457
-0.018697825546478905
 0.0024520742749513935
 0.016495869052767148
-0.0016225956656975016
-0.04251427918094659
-0.07011534753562368
-0.05704694637307692
-0.00023553322217090278
 0.05557943465270493
 0.06307382386036904
 0.02232248475019461
-0.038259518797031836
-0.07305323791178617
-0.051072967026997346
 0.003937359592116968
 0.048522435987600615
 0.060704328324759
 0.03243194589914137
-0.012910994330392944
-0.04280435463462309
-0.04671996555953033
-0.01697397092727597
 0.011284373011186774
 0.01118145175747498
 0.013855010650823896
 0.015674807746635197
 0.002201742836142398
-0.012419807122544868
-0.03068329439292003
-0.041272281779128187
-0.02359122783646035
 1.0020926940995656e-05
 0.013759092454099939
 0.013197712810477533
-0.012239712632631586
-0.0284448152952448
-0.018459312897505145
 0.0028332704024177507
 0.04396119628622849
 0.07509660052872215
 0.05285668844789777
-0.00014905629871396486
-0.04317163569768026
-0.05718268749429266
-0.03859641213889316
-0.0012226990908300595
 0.03820472041815918
 0.054185267986005495
 0.02228264361578953
-0.02831853365720939
-0.04687674417824135
-0.032856340134604714
-0.012504064348682162
-0.007465702229824928
-0.025373650340677553
-0.03544804157494523
-0.019764556331173647
-0.00517575744698455
 0.006049453862248089
 0.021424181414855394
 0.020053482368635668
 0.007413127594919286
 0.0011794949128619558
-0.007063401835181171
-0.008239957787714261
 0.015574146656717025
 0.037708796387087976
 0.025931559704580873
-0.005028418078216829
-0.017025527662007614
 0.0014367768022426064
 0.013686502268520404
-0.002345508961167364
-0.023378459158349504
-0.022101327095493645
 0.015092277299390305
 0.06171936478871051
 0.0782729853439451
 0.057263425880942076
 0.0035466028152852935
-0.054752465076059714
-0.06844306381441828
-0.03308563205259471
 0.017831316085174825
 0.060306548257702486
 0.0677798858046054
 0.041072343495570436
 0.006893800689726781
-0.026276601472997096
-0.041597534383639834
-0.028826195545167826
-0.008249368711125804
 0.0007537228510911126
 0.010795363010860634
 0.028841312406722636
 0.03295807959892283
 0.027713874972641987
 0.009908846092177459
-0.027060211301234385
-0.05300989382286608
-0.05296077530441365
-0.035249313407312965
-0.019081639966033737
-0.014730965432042414
-0.018597455815173497
-0.02334577687685714
-0.023500157745762987
-0.021565746052474036
-0.008614298560822853
 0.012582382728965683
 0.01750846932376318
-0.0048858216026433365
-0.028365442594960696
-0.03189042825907672
-0.013886582184737123
 0.031035320782925743
 0.05765397425543267
 0.045743410388104616
 0.029304400383700288
 0.004316077036830138
-0.015308750962769402
-0.00860029042352349
 0.01075320101295095
 0.031030626449500325
 0.03887353759643322
 0.03223992335991307
 0.022717553452272464
 0.009478395883570787
-0.005250751452340399
-0.006258894118783873
 0.004374531615717228
 0.008372006063603943
-0.0015409891048278612
-0.016712221316724285
-0.030117453098097657
-0.025233469824822552
 0.009129855734388695
 0.034083088933342776
 0.0311077855224359
 0.016563424986539732
-0.008668161995793205
-0.01695316206535874
-0.002759666588796658
-0.00342162638938924
-0.004121011364668428
 0.005293757119100864
 0.0020284086043729777
 0.00797900935621565
 0.022462549936598734
 0.007913511253866717
-0.021432505870572188
-0.031916234952974354
-0.02219270877804075
-0.0019971509111182673
 0.013943632408623563
 0.010568347443253842
-0.008254178374002094
-0.04461975482559283
-0.06999870343325418
-0.034454145797997715
 0.025241344877192963
 0.058114680669194715
 0.060671285891648066
 0.025704475343968296
-0.021839532971820536
-0.03476759377594002
-0.01839174280046668
 0.001932464104440923
 0.02234087765239335
 0.023211010940532656
 0.011812704151727166
 0.017681437333942923
 0.023536136075651214
 0.01020107649681519
-0.01923616449092226
-0.05020549856739162
-0.06542819039448208
-0.050984414062203484
-0.009332535732780603
 0.025723155558132392
 0.035191722730513644
 0.021833272417498502
-0.007353687714522439
-0.03204494873731786
-0.0411392682094807
-0.03649854857166837
-0.010396830324519837
 0.023709197158721163
 0.03146088444235552
 0.01754573465587747
 0.0023277209756228517
 0.0035463762030309293
 0.03165735851616527
 0.04709056290422035
 0.03515426922929528
 0.019395929589503126
-0.018038603414073068
-0.05830107617990403
-0.04547593865282004
-0.0043643862829346874
 0.025140683787274784
 0.05569365874870852
 0.06764632189091159
 0.03553785905991943
-0.005381893336344604
-0.02930827735148303
-0.03393262752201737
-0.02381145886603886
-0.011458814169372972
 0.009810378396370806
 0.03095793914438319
 0.03814590973430094
 0.03328063500172172
 0.006081887274925382
-0.026828877738410348
-0.03126376296209386
-0.01384234616881419
-0.002598422272238249
-0.004981940108413574
-0.015931144800980082
-0.02741131915941246
-0.030234582798155094
-0.030194820573374304
-0.023706232935412047
-0.005571398749669415
-0.0020815032334694505
-0.017393079850440543
-0.012658797275911779
 0.021800430293433856
 0.05208441181180779
 0.05703622821420232
 0.040662712265499494
 0.004914651196237366
-0.032232175776935754
-0.037467024109544944
-0.011512667487724837
 0.02307754819302383
 0.037579801360750203
 0.01738891759401613
-0.017963840067619002
-0.042713577925862195
-0.03546479142707877
 0.00026455300819268335
 0.037535346825867684
 0.04461572003856151
 0.009889834052926608
-0.04398136785831232
-0.08130128626441087
-0.07444546409983653
-0.03182053122856256
 0.020937267689103187
 0.043715162609399755
 0.020118587946186824
-0.012053029867088921
-0.04309019707267771
-0.06371380942172537
-0.04450767961057936
-0.007164374516949096
 0.01563925021094449
 0.029601177419133352
 0.04338299597414305
 0.05415676611371882
 0.047686887016452455
 0.011611355668682724
-0.022969507765041683
-0.02827686737360613
-0.025238413027063034
-0.01117122751506816
 0.035002079731177256
 0.0652673486622079
 0.04853829355398257
 0.029243274906308528
 0.013445171018411889
-0.002558771330260959
-0.004633531475271971
-0.014698566415868003
-0.026047752662897355
-0.0075152759961098076
 0.01433400677727599
 0.009669892358637147
 0.002704129696773583
-0.006392528848807172
-0.025715616377496142
-0.0260992264413573
-0.008609976518958187
 0.006381142993111655
 0.00946637880801296
 0.003920433710821569
-0.0016956835889071764
-0.006834629911382006
-0.004860453969988576
 0.0020889311313022213
 0.002512301396620467
-0.006118881538795945
-0.01074089263591238
-0.012525607677102396
-0.010843815912947877
 0.008680427883034067
 0.021082193121476092
 0.02379785533634743
 0.03696683665586436
 0.0364990199489584
 0.004830302920533561
-0.039642501997537744
-0.07180944166397767
-0.06906571056809142
-0.021994199129368064
 0.025386070000519595
 0.043930242034396716
 0.05155561935346386
 0.025383724857130585
-0.028885119535153256
-0.05076949245645511
-0.036405244620385496
-0.004827755501906603
 0.03374824128296291
 0.03196352624177289
-0.00834104984558047
-0.020214188538221947
-0.0036605679829873616
 0.007742412906006552
 0.016771234275820474
 0.012469676236957883
-0.003948282106685255
-0.003962318570516418
-0.0038430278495266285
-0.01573020098267558
-0.022691285497703315
-0.032480309774985824
-0.02127381105309646
 0.022929996375267638
 0.050255050019983774
 0.05258710419431764
 0.041036757633347944
 0.004664163961503473
-0.02510522545157738
-0.0273647723966034
-0.02680105772621047
-0.017409679976620296
-0.0006315083732662125
 0.006802064925532203
 0.01958509913109377
 0.04178992106400208
 0.06105452771059587
 0.05729095655785288
 0.01988449243529162
-0.03372473325314122
-0.06640860814493955
-0.05374486668369148
-0.012724538177104658
 0.033970382441335
 0.05286775456131671
 0.03259266415153783
 0.01216787304301263
 0.0017356035758045313
-0.013388847167733656
-0.03060910769372037
-0.039570099981062284
-0.02961968368459128
 0.003169445464365664
 0.026543804106229606
 0.015851897489633338
-0.0020373380338760128
-0.014993467719010403
-0.018387465271723413
-0.012233365132522475
-0.013929195383831874
-0.014001708683110806
-0.010589002589701926
-0.01885996821876
-0.02148207154356227
-0.0017800581678190514
 0.018721918316849814
 0.03282886807694918
 0.03398202924865575
 0.005475739481247008
-0.03053897595765702
-0.05272508934986944
-0.04762123317531067
-0.00911073044614269
 0.027879374561382973
 0.027703942031715917
 0.01113394391590855
 0.012895264176272056
 0.020602509064966107
 0.023219930196285155
 0.017809651357332604
 0.009749202335886553
 0.00962522942141357
 0.0017098029518780172
-0.003824446778223828
-0.012572583384535804
-0.03611535935913676
-0.03410141916963884
-0.005415024795698317
 0.023014071502271957
 0.03674910858892344
 0.016298587672801207
-0.023510104849954958
-0.04662249131566025
-0.057723735780390986
-0.05400461106923571
-0.01286498981833542
 0.019428255766024333
 0.00888137170133857
-0.012027607604694263
-0.02429371063154484
-0.018216799915134974
 0.004811375860878098
 0.024985882067039396
 0.03126629217080754
 0.01895574674901665
-0.013007693530065007
-0.028242080724245014
 0.0036277925714727904
 0.039298660171296455
 0.046180212143467805
 0.032304826605094254
 0.004818372847894839
-0.01473628294916736
-0.02808771604192878
-0.04139704581316779
-0.02944906081780055
-0.005609226565772243
 0.008212356237341942
 0.02770853115230895
 0.035247362754913386
 0.00924855969150555
-0.021241264334291993
-0.03143728738629106
-0.02286224625955191
-0.007199812676541531
 0.007795984982364126
 0.024464220135076375
 0.04927476985553787
 0.06906566802116171
 0.05706621936395302
 0.030435866477709135
 0.002982159748360469
-0.03759374885547059
-0.056357797837278775
-0.01972323198927564
 0.03823900528324274
 0.06940949562700507
 0.06550791914260531
 0.029196141379626547
-0.028740370131942222
-0.06774208232551897
-0.05990618839883981
-0.014909435081803785
 0.033474296544367815
 0.050236094633796524
 0.02554951175783693
-0.0124300253521126
-0.025444631872694787
-0.014242811297641267
-0.0015533400287961324
 0.00694217260173402
 0.011178232538247679
 0.00896078891474407
-0.001445750744867011
-0.022654131448392498
-0.027011827249284956
 0.009901088335449615
 0.04463632656810877
 0.03256202756152692
-0.01744502506332253
-0.0713442958555764
-0.09228602218945997
-0.06364407021045979
 0.0016651966677180136
 0.05393179016762238
 0.057749155962329934
 0.036512706377789514
 0.004109520296140534
-0.036721347310242874
-0.0533217533804831
-0.028717042120797787
 0.0003342477063368876
 0.019898255750423324
 0.04847003552688619
 0.050203286906234774
 0.030421740987635185
 0.0167054124416796
-0.014893132384207905
-0.04341111751870619
-0.06162314517388731
-0.06901228012439281
-0.023278718680714724
 0.04741743427891282
 0.06859072483452222
 0.04324218418129373
 0.017145140034333622
-0.006430382968118098
-0.02224486036994011
-0.022195741851487677
-0.011962297671449434
 0.014597878965609712
 0.031345642614530954
 0.028770320758086908
 0.02426526333186603
-0.008325048623215855
-0.04950443816886804
-0.051342951898670025
-0.030983658892493743
-0.009188174807719926
 0.010619096871829298
 0.02033092767967333
 0.012408483989884048
-0.010841907807478013
-0.033830323382034
-0.03261634630146172
 0.0011107512880776521
 0.03586938025491591
 0.04276964481443055
 0.02438452572632402
-0.000500878390158041
-0.021821534617743263
-0.026153500611038702
 0.005428666654276021
 0.037586245980396914
 0.037810795005192695
 0.02424182808456552
 0.0019902206366516073
-0.027851680052384503
-0.048657740128029245
-0.04489417302193367
-0.02256771927129396
 0.002287272844107846
 0.02786737771906215
 0.037686805904130094
 0.02685455488245915
 0.01451360150623543
-0.005838678326334529
-0.030038733931368564
-0.030422343995229723
-0.009001111657321703
 0.016162638149244388
 0.03627165029970416
 0.025154032321048035
-0.0266938710836976
-0.06515993546457267
-0.05398384469711619
-0.015842915567978177
 0.02575048592599693
 0.05261474210738454
 0.03771718148538375
-0.007223438116269812
-0.03130186190357248
-0.029893741729313555
-0.028689120942412938
-0.023580586621018362
-0.004507783994693301
 0.024557540272948868
 0.04635068528430478
 0.04067141300229243
 0.018857212283527915
-0.00021559438944454556
-0.021243866439790857
-0.028897316686520347
-0.018811234131810517
-0.006629341794652133
 0.025151646711185034
 0.06288791613902439
 0.0673181191692247
 0.047513182516446
 0.012137034120631746
-0.03949801360308397
-0.07631269215091367
-0.07239942434607176
-0.032483138492739067
 0.029223955321855316
 0.08300392932314829
 0.0779983101854944
 0.014164994587371249
-0.05387163594273851
-0.09066760190322494
-0.07366020110491554
-0.012229117953634683
 0.05068961589143775
 0.08123323455919984
 0.059178109278390456
 0.005727940582375579
-0.03327143253778328
-0.043394944313827094
-0.02560629299393534
 0.009110232651380515
 0.018597512411105077
 0.010644660766882946
 0.013914683381799242
-0.008776669868682016
-0.03578361357520961
-0.016425443991899366
 0.02464166598304568
 0.05910089355239129
 0.05507768525026016
 0.008656432175068743
-0.03472870360367382
-0.058669122059319706
-0.056641147429314295
-0.016635976786100987
 0.030271799513368586
 0.044514415531706805
 0.02817832475769058
-0.014654789694424908
-0.061770747574735996
-0.060430460529596525
-0.013815068407365863
 0.02565679349656369
 0.02451532364529927
-0.00780833394014073
-0.041722561449760415
-0.056402588243895435
-0.03606434689848036
 0.00905403823628706
 0.04225016615996057
 0.05999905323174785
 0.06794254453565093
 0.025432222215207204
-0.04816906397611355
-0.08484339811886857
-0.07877818276954826
-0.012383585825459634
 0.08825270688343256
 0.11422109794576016
 0.06671217573123998
 0.01495081804295706
-0.042602085428074254
-0.07719932237572404
-0.04854333595621635
-0.0015677265276273639
 0.030849489947881684
 0.04138467459883049
 0.01041066237552532
-0.0343966300413073
-0.05263438750408543
-0.04193312864046492
-0.0011046041541468155
 0.038987112205529216
 0.02855718181173901
 0.004513844125705019
 0.009201345231875588
 0.023783126895810948
 0.03867600532432851
 0.033015445629659454
 0.00303787868238449
-0.015882888218423735
-0.022949231037257475
-0.026916301577358748
-0.017045413777096757
-0.0030367051005496526
 0.01293682524704294
 0.03464342454193613
 0.028709193257371445
-0.006016692728263454
-0.029400411710446453
-0.03051849082753176
-0.012025778408848692
 0.02132238928698906
 0.039903986495552754
 0.02782033119529926
 0.019154062158614177
 0.018871032251723208
 0.006235355624842662
-0.001275411143394245
-0.0060213931316599745
-0.015150798705091492
-0.004472930575650083
 0.01610155718497404
 0.0176266310301285
 0.013142625264668834
 0.003713818293744675
-0.01866409911873647
-0.009111325303310408
 0.03503634436302382
 0.06401980106103909
 0.06044569485514692
 0.010164970640401852
-0.06162119457861974
-0.08214422677069722
-0.046122498158186837
 0.001049593437506699
 0.04260790883021312
 0.055358196007923924
 0.02005455888806494
-0.027384191123917892
-0.056173508774893924
-0.06392286103175777
-0.05352100356562989
-0.03985613868151576
-0.01624553362444278
 0.018969214658888192
 0.04449552084523055
 0.0517910888123722
 0.025897544052770373
-0.021494424490854244
-0.04852008078472511
-0.05123106889940804
-0.03925501502302586
-0.006587517691800299
 0.011264288610375053
-0.01004701132353851
-0.012884309402788632
 0.0059382123678199256
 0.006794311215451765
 0.004721890143858654
-0.0015257769787061365
-0.01427139005622853
-0.00885643711708757
 0.014983397134940749
 0.02596768388212852
 0.027205051696879895
 0.03421525270703637
 0.02037027512309568
-0.0066600593176110445
-0.021150621164895272
-0.02609776346710138
-0.02693281470061941
-0.022355250045090688
-0.0019936179654964914
 0.028683327887086538
 0.0488742076071732
 0.047781858297684936
 0.0364139594633123
 0.019476726820892853
-0.0010322709306771483
-0.009649419425586087
-0.015927494502583725
-0.015583652733474465
-0.004328033469808978
-0.006021524647700449
-0.000501313404753484
 0.0193199927153032
 0.013130802428186192
-0.014779023617655165
-0.034284558872941226
-0.04158480903356611
-0.02735622745573535
 0.008398846787133124
 0.03586190576350604
 0.050925536551531134
 0.05670070679703043
 0.029403717986681822
-0.016173129584643606
-0.03677101212609424
-0.03277821582504335
-0.016603525163510394
-0.0009223789931567111
-0.009408539376662611
-0.02239039886939405
-0.015218801793401696
-0.0007329221396006891
 0.015254642648499364
 0.030622352980852925
 0.03222461624879846
 0.007757906274122539
-0.028956192116736973
-0.04236376297152826
-0.02429208376806924
 0.007956719421350192
 0.037915569734634474
 0.04135400563564039
 0.014335366562023222
-0.007455443422562186
-0.012512522175410115
-0.01642579402689942
-0.013291437670221978
 0.004691356743356412
 0.017715315510962865
 0.011247775487114406
 0.006873706172296559
 0.009137927217511
 0.013755256121144227
 0.024610893830346883
 0.01835387041411044
-0.0007212753322799331
-0.01938240508370001
-0.051502563281781724
-0.07619850245141295
-0.06972628832737608
-0.048438383174289015
-0.011953518025032209
 0.049292778326233654
 0.09349424668117984
 0.08426426095077814
 0.0362641333184966
-0.029176125717731635
-0.07663592739047566
-0.07150400233490196
-0.028544581964866672
 0.03139183327236885
 0.08271110203801914
 0.07829960754851471
 0.02498744418415661
-0.04482922121698367
-0.10470248551858298
-0.10336687662027934
-0.040148741377714264
 0.02878141115139024
 0.061778717834541294
 0.04793841839743641
 0.004527552811096833
-0.033211059736807824
-0.0312602745295935
-0.007478917113012976
 0.007231513588907501
 0.026311333435486313
 0.03562084361544959
 0.015928182486730627
-0.003979673396436179
-0.01396517984082321
-0.01679546069981959
 0.004448002058327155
 0.03636465682240318
 0.047823775473426956
 0.030538020891738737
-0.01770069222916977
-0.0641617095524657
-0.05917012890196666
-0.013333648227900466
 0.030009380182672282
 0.04236436395275608
 0.016548008615945325
-0.02098710454460105
-0.03441338798673563
-0.015085626357858234
 0.036876887597717664
 0.0849752522669041
 0.06677491997881255
 0.007142580239258081
-0.03987279748408282
-0.059233310187458366
-0.0345326969176387
 0.008342516809351788
 0.029232779481393925
 0.03097538715441414
 0.017490626876831797
-0.011228518571606894
-0.02839498040898164
-0.011773526724627628
 0.01603571511759616
 0.03213789450317387
 0.023759331496891883
-0.01532424826631179
-0.04354984922357116
-0.03758287495780313
-0.01860363526819453
 0.008087529480267655
 0.03224313864371399
 0.03496815715225695
 0.018774749856733296
-0.007932792452301662
-0.03679696045265085
-0.04216747504349888
-0.015707878563409924
 0.010094438286245955
 0.015153852065864393
 0.012980850837301106
 0.007002177157796108
-0.016790879672521367
-0.04313118745494425
-0.03671043294610142
-0.0013062197159196404
 0.02870409021255868
 0.035454654073327
 0.009275742356740002
-0.018760393653668578
-0.002513191716180363
 0.01257616887944174
 0.00591448576190666
 0.016540894276154017
 0.012594875396813934
-0.017609581671998414
-0.017944071194083436
 0.00972248716964777
 0.0268234509046736
 0.038401862300010844
 0.02992739728359449
-0.017532404389149533
-0.05845683493224939
-0.04996366137513715
-0.005303734630280346
 0.04051169438302465
 0.06490822810851583
 0.04606698970391659
 0.004066585388577529
-0.019312455446769627
-0.03253056135471011
-0.03663797629988606
-0.02655189374517622
-0.010756132977344901
 0.006952989846337881
 0.0262222746397675
 0.043508025174808326
 0.034942336295093426
-0.0003028239893177742
-0.04016999334752172
-0.06369639580819732
-0.06391860980622259
-0.04640363007622644
-0.009270841590208218
 0.02919989689085529
 0.053951969775868996
 0.0513439008915742
 0.011705960728325554
-0.02779163502984841
-0.04502125184950677
-0.05252734047090783
-0.04296754943522804
-0.014746630671451877
 0.00917741022362123
 0.025981311634572332
 0.03143368974839989
 0.011497764984218145
-0.005006739075887709
-0.006255806304376041
-0.022528742096108667
-0.029057098028822823
-0.007357515954183366
-0.0004338606604896156
 0.0018981935138442652
 0.016318579111943746
 0.014657834961903024
 0.011974915728235058
 0.014482400408912285
-0.0010537272561782912
-0.01737578358968707
-0.013502280032949662
 0.007633585347973176
 0.03016587755938907
 0.03981221431153158
 0.042752427574522384
 0.02876476651208909
-0.009242839478875359
-0.034170346916879826
-0.034935225947860526
-0.01990434218768619
 0.022853917868408735
 0.05623951073893306
 0.042186355620798255
 0.01150472757473199
-0.017125533083826056
-0.024781322403973446
 0.010859137241417377
 0.029000988647413732
-0.00045028678083118556
-0.02241418819834201
-0.02340595735086011
-0.006178683651267058
 0.02685370913315266
 0.04023086798686371
 0.03184996590716381
 0.020886726774089828
 0.001675914769460593
-0.0240071133825292
-0.031047726393765934
-0.007809034010140839
 0.01423907000376741
 0.017752356254146492
 0.015422637106583134
 0.00693647672307722
 0.006449947428827971
 0.018128938981135413
 0.01673251012731866
-0.007303810338461586
-0.04442022935720186
-0.06543914511387651
-0.05057667463979179
-0.017090501612297276
 0.0053458885889842295
 0.020068014657994272
 0.042504404859275806
 0.052995147115284295
 0.04472418148622622
 0.015368808068115664
-0.02415685657107322
-0.03967894979565634
-0.042427363085025815
-0.029688771274404557
 0.01426709437166096
 0.05362200260469493
 0.04717317516818976
-0.0025508495730924285
-0.0647702045128568
-0.10888045305115182
-0.09121811169582728
-0.01649641338397441
 0.05394478057310078
 0.08375626926105664
 0.07091007602656407
 0.034792441357271935
 0.0032359998529068457
-0.004211611933046436
-0.006964703369251743
-0.01153057670433831
 0.003296807668477744
 0.011876526942052712
-0.004506345300321762
-0.02470190721389165
-0.027857319277977702
-0.003966025410755344
 0.022926299651647206
 0.013920864969364982
-0.012676740889028149
-0.026189570047625454
-0.038556253231446194
-0.030205763152826554
-0.0009416176446619406
 0.0010653053245822525
-0.00880558652232713
 0.0016360351919052218
 0.019031722177587883
 0.03332345873770224
 0.03912903693763441
 0.025440777272693754
-0.0013533107528039268
-0.02960698059107826
-0.04808098446906542
-0.024846970232276153
 0.024322690062313655
 0.03553854507787465
 0.01198173466276621
-0.017867183246523616
-0.04223565213764728
-0.023712531764531364
 0.03179367841918015
 0.06823644024691457
 0.05613407235931778
 0.00043137596185430227
-0.04767167090081534
-0.04179592049834584
-0.0010516026550725643
 0.03993130067682768
 0.04620937170717791
 0.010416868242975469
-0.021792174744986875
-0.025504286282535815
-0.006148455772643488
 0.02531207967493985
 0.032125798517991765
 0.0041504784164488745
-0.015195999846419214
-0.014861514370981599
-0.001594291967912373
 0.026243018755326336
 0.033147961461676805
 0.007315232610940664
-0.018274232604332682
-0.019071858663164132
 0.003647559421684654
 0.023625583460741388
 0.01646801677860911
-0.015341044654890404
-0.041449784168940074
-0.03192274016111103
 0.003448726041219999
 0.019946208834424717
 0.01637444170195046
 0.011981659799789324
-0.003947432199510353
-0.01415047247176314
-0.014237020211549573
-0.012901411313245917
-0.0036199700142975633
-0.003970833050307959
-0.009937811362723384
-0.005346212266687203
 0.008854300430128609
 0.035482310196307196
 0.05054594098433229
 0.018077260846981788
-0.03757631500870555
-0.06771995616865222
-0.06033316433821202
-0.01606854100098222
 0.03097724063014412
 0.04368308541291463
 0.03802486479166348
 0.02326998764815528
-0.00038974199734125026
-0.020596999278000697
-0.03428058079610552
-0.040727069159192775
-0.04072707118251648
-0.0326408964001208
-0.002770930876717148
 0.051654627387919344
 0.08752665530168338
 0.07090753664409988
 0.015010697152949781
-0.046853118627292065
-0.0695585063182808
-0.05853211624957062
-0.038631281633304926
-0.005879577659034574
 0.014126515261037101
 0.0045784155457994635
-0.0007359612830187268
 0.009177029838765685
 0.015237567041250177
 0.031005258928066562
 0.03156429545162366
-0.015631190924896385
-0.048001629978694615
-0.04306618709022547
-0.024706801856363356
 0.02640662844851075
 0.07248637275803972
 0.0584332176399049
 0.027094309963405568
-0.005421151642303154
-0.06423949383242447
-0.08799512548805538
-0.051910241893261405
 0.0011773663763298414
 0.07218695517395747
 0.12148760357995031
 0.09411342534681062
 0.022869925160744452
-0.043943369971797694
-0.08450056598828548
-0.07041700696236522
-0.003774468235978004
 0.05598885556833211
 0.07341962865528343
 0.048728367632488015
-0.01113086222860385
-0.059706401921691576
-0.054717160344610466
-0.007411741564095964
 0.03835690598085079
 0.051329405133263194
 0.028740971113170033
-0.013280484862930222
-0.03727704108060599
-0.027689181163911253
-0.0015570549623298707
 0.024902541517759086
 0.04119886399702343
 0.03968782054572903
 0.010935928069439604
-0.029958094519227416
-0.04821690364276675
-0.032103028890099486
 0.008507961768352876
 0.04040356487166769
 0.02386865285712899
-0.015289777255447834
-0.019132876904399798
-0.0023757569618069185
 0.008828402686664516
 0.026408876472362168
 0.02435750706153026
-0.013535484331956546
-0.04611176184653096
-0.049844925044841115
-0.031780263061635824
 0.00665305024474111
 0.046754122898088786
 0.045327286089839186
 0.011703103684040497
-0.021747987288832732
-0.05547742799843741
-0.05353132093805893
-0.006525303555037082
 0.022058171588515356
 0.01476493864814421
-0.0034400717867831693
-0.029361685427399933
-0.04608372331537153
-0.023577160911552666
 0.020467589524393467
 0.05071648494149873
 0.05470226402229589
 0.02693512145494712
-0.01651083023266113
-0.0437189342531291
-0.040771703769884565
-0.0194861376902154
 0.009955777397710475
 0.033157044606648985
 0.02357385879014267
-0.009680750015626016
-0.031855168040748866
-0.01825345813891835
 0.01946409870157771
 0.04012513217866456
 0.03274067537499488
 0.0008661198857938535
-0.04814682653644331
-0.07883079365592748
-0.06513318174396258
-0.0039500403749803265
 0.0626691076172278
 0.06453802525481522
 0.018507397440415005
-0.01776227700104137
-0.030002650220294913
-0.0052201693808483635
 0.035161592082648685
 0.03494873437829505
-0.004934808493834278
-0.03998582568455886
-0.05337468395200684
-0.030592110884874457
 0.023220610144269273
 0.04908842104962667
 0.03947248820526962
 0.01777758023081858
-0.025581825740326955
-0.058321838394155154
-0.03985485578306913
 0.007583890182266323
 0.044246524911284384
 0.05303442171905344
 0.035159220636051564
 0.0016800607821634006
-0.03337797362881492
-0.04465464859988902
-0.02216212063657763
 0.010872611221260015
 0.04111448941811155
 0.051195893825985564
 0.019938853719113116
-0.02277730706210679
-0.044011417573229294
-0.044961083404224986
-0.010698338001983929
 0.045027745083011265
 0.060970867476171
 0.03431244570891218
 0.0019911271968900968
-0.030105640267012512
-0.041307464888713424
-0.022398397401642164
-0.005166445555213298
 0.014652521491425471
 0.03303763653288463
 0.01942188814389923
-0.001512820969730641
-0.01132289690777434
-0.025350322218312113
-0.029972333315428548
-0.015074776740075166
-0.0062938971525598325
-0.0015783271653743436
 0.01093571359712743
 0.001897531886994444
-0.0013795119948229878
 0.019840560029144645
 0.016205637914386797
 0.013721539921241283
 0.022364414177099848
 0.004980418511859347
-0.00498637534518441
 0.013611595377304664
 0.03202244022636082
 0.028263547220453655
 0.0023840369013593127
-0.03037936648664802
-0.04592251137199234
-0.029874130675026575
 0.0076679956591261395
 0.04001270085867994
 0.042452352410237724
 0.03126690130246217
 0.005045886264352775
-0.04532372274027292
-0.06120369419779646
-0.03287985620363221
-0.0013702002142727404
 0.02608584154184644
 0.02617472430840337
-0.004658943509827124
-0.026070823600710905
-0.03059459361427505
-0.01728994603651926
 0.021730474697753396
 0.04541125195736372
 0.030080962753049355
 0.004671606190955163
-0.014861997945345831
-0.02177396191859743
-0.003723334375899598
 0.01876919358741179
 0.012907473578802356
-0.005957155559976002
-0.01895772764005073
-0.020096858417897226
 0.006589628183729129
 0.03726657403631217
 0.04018105749170595
 0.018815958869180423
-0.015240952118931853
-0.03143202034103759
-0.006555976564874597
 0.018446377175855636
 0.013440758038201744
 0.009239780156309343
 0.007869081110089618
 0.0057639130106457576
 0.017080348183176927
 0.008514659303462041
-0.02287336891481344
-0.03341323575924547
-0.03057360265322484
-0.014466745120811308
 0.024167728499505978
 0.035231543742902736
 0.018076777272617556
 0.010219827638529785
-0.003070789545365951
-0.011477421432662865
 0.007801219654438404
 0.02341921084250847
 0.01294249898036004
-0.004942058396313481
-0.023671021276852985
-0.024510750657206842
 0.0053685711598684405
 0.01992696208962469
 0.014399729579776588
 0.011190518827078583
-0.007891644139565529
-0.026225303612478032
-0.018190588445276407
-0.009330180361552087
-0.00569994044027744
 0.01015429716300166
 0.0180673805124719
 0.009017503435249388
 0.0011020769657138357
 0.001827187701942637
 0.00699185978536708
-0.0007715269120042167
-0.021600977721828077
-0.029406467740721795
-0.019500493839191127
-0.0009095403369557831
 0.019166724785653226
 0.006626950168907034
-0.018162551937440666
-0.011189776101970778
-0.010766405836652518
-0.01629129927308272
-0.009688097037642812
-0.02438683641912115
-0.03627167047885216
-0.004645060818597141
 0.03488527792078018
 0.04291765401456389
 0.038805560922552135
 0.01862871159632553
-0.02748612286111951
-0.04690043425310704
-0.02265594029978006
 0.013442977735521375
 0.04683558782629943
 0.05227860964645533
 0.012659382070549993
-0.02250157157081642
-0.02711890452109704
-0.026805470706420628
-0.002773832434123602
 0.01341255359449893
-0.025958732199107826
-0.054198367596874686
-0.04489119649032933
-0.029376124532647332
 0.01123954427264083
 0.05610998762510965
 0.0499956476873658
 0.01207926555969989
-0.02743470371239945
-0.05973964871049617
-0.048701563274696436
 0.001532375425043031
 0.04425087123303345
 0.06566274727726981
 0.05476968034673317
 0.007536768795526533
-0.0313362943600651
-0.03912774993845136
-0.03452445547532562
-0.02234022406474935
-0.0088601459806502
-0.005641582980927942
-0.003258069191400023
 0.0025615434490395966
 0.006998763699493649
 0.025858710644788778
 0.04281465182790411
 0.0269814618387388
-0.001789143224893916
-0.029537573204899414
-0.04951092314376772
-0.039289174330819035
-0.003987880331025345
 0.03313087371448542
 0.05766073462479755
 0.055326337330398365
 0.022600359117077626
-0.018260916443738617
-0.04722332552764007
-0.06798962135518032
-0.06383075084145774
-0.013465824030315238
 0.03519391825916989
 0.04466014635813323
 0.030875984683058216
 0.00417078144744118
-0.01971583831959274
-0.029462759275352843
-0.01456988084683529
 0.023545318474705708
 0.0456869854253304
 0.02639664492449218
-0.009940862646083612
-0.01785862818903708
 0.00044461928279518337
 0.020151310805374203
 0.03605466895042945
 0.02914972219743158
 0.0017030326883366587
-0.02919612918559536
-0.04019679349335592
-0.008123420810279836
 0.02121323597384004
 0.02974149563222095
 0.032539025416719165
 0.00038144204395086645
-0.028917793612129802
-0.014326655654522805
-0.0022546997680062686
 0.005052563566224938
 0.02818131949920822
 0.031397543425512556
 0.016694125897198403
 0.021451799205906286
 0.03448979241402019
 0.03511666206669673
 0.01355975942390246
-0.021255011351613076
-0.030003147957925053
-0.018660982977796836
-0.005835845450712862
 0.014757354897254549
 0.01528130531954297
-0.008069666634789252
-0.027659408533120128
-0.033752696810102775
-0.016555831064942572
 0.010299068822773413
 0.02193127890672262
 0.020345385106055047
 0.00794595489438353
-0.010600560259558897
-0.016941790318840133
-0.01555706087876034
-0.001613846257914761
 0.0280760106123097
 0.034985631465496
 0.026335735942736298
 0.016158425478080524
-0.01271509881594031
-0.020590761037371355
-0.005506078588585067
-0.017404947088823564
-0.012251970372488666
 0.03208048609386057
 0.05480458232554517
 0.06454682108782205
 0.056951847676540344
-0.00835040602803111
-0.06649509507379397
-0.07283866420649313
-0.059919963742692706
-0.01987268977795699
 0.026548559250587037
 0.04025786652964148
 0.040922161357004584
 0.01526954115944762
-0.042178104007777675
-0.07194281527402271
-0.06092578149898417
-0.035993599960791295
-0.001274735242057512
 0.023435234321433795
 0.009269803679239241
-0.026082953982395893
-0.0487438992784443
-0.03796077284519689
 0.007831265433928994
 0.04596517734281326
 0.053326239365656426
 0.040522149452686264
 0.010493122890217255
-0.0224012686091931
-0.04722585681680948
-0.04156764024220572
 0.010053368994355133
 0.0636859813703197
 0.077056123003777
 0.04411495003600843
-0.02270770139020538
-0.08819474189479183
-0.11515022598612538
-0.08615273484760266
-0.014703400247407697
 0.05478111268174177
 0.08358913887341367
 0.06020074174439487
-0.0007321228155182796
-0.06138429856528206
-0.08106760340032938
-0.040536141238086035
 0.02765018594412267
 0.05769324290045175
 0.04148346209100271
 0.020822424567268467
 0.005768146026267629
-0.006813731912000964
-0.02561754514191364
-0.04651716815427483
-0.04007770105808871
-0.018588635591061275
 0.00768617408901269
 0.035893058412281395
 0.04080277149315353
 0.025762527392660148
 0.006858134005777297
-0.01047206297085125
-0.0347352735581689
-0.0500304766612146
-0.030503893791814743
 0.003646576086366579
 0.0239123061558264
 0.021603638669024254
 0.015295155637593774
 0.013105780895105085
-0.005393952790479106
-0.035610105226381014
-0.05254032064854672
-0.04459916841806155
-0.014266066357911486
 0.02077792956591197
 0.03555151525011606
 0.029825461499745486
 0.009917605616578687
-0.029900443199849122
-0.06727649936797753
-0.07090908240931748
-0.043705660582332745
 0.0034594137931070745
 0.050806935895143984
 0.05035081455532757
 0.0036909759915091933
-0.021676277249062584
-0.0010924331947668176
 0.03998403307384988
 0.053244238256665355
 0.010766662964072388
-0.03288278811089412
-0.04959079155835826
-0.05178952259451859
-0.01829165419993453
 0.02859039229193803
 0.04572176398139671
 0.03013183762769417
-0.012846299376331818
-0.043701018855323515
-0.035778579212181624
-0.00918799462068963
 0.04579894126424558
 0.08608480071760825
 0.05379155108660111
 0.001227891215974608
-0.027994155017315003
-0.023234142635189206
 0.006497817556557678
 0.0107666245209221
-0.005284099296108971
 0.009031027998184504
 0.0385173854810507
 0.04725850082046154
 0.04320722363731546
 0.01057948650754699
-0.03721948081079418
-0.05059430463773472
-0.039815856351323134
-0.01526026563341397
 0.0198117991714244
 0.040697383696630736
 0.04358145919759167
 0.042131231655162964
 0.027404423392669693
-0.00522799188393458
-0.016846171574023724
-0.0004937113327295184
 0.01747972678717724
 0.02641732429369264
 0.016611926502484747
-0.005445537851742538
-0.015283682670801185
 0.003244115849150561
 0.028407865655716652
 0.04287035457533854
 0.04811221608155406
 0.03164279812271688
 0.008689468649429571
-0.012584406109797427
-0.03764290165920492
-0.04127548470054489
-0.008813825830095504
 0.040519569603748085
 0.06629381757238903
 0.055290814191210555
 0.026733064808607765
-0.006844336128832687
-0.030644410179403905
-0.02696504971635312
 0.0023762852146025637
 0.03584374565475379
 0.05041149287818168
 0.029825305703820602
-0.007854830008636265
-0.026071535810653204
-0.025056379970603393
-0.012341178894161253
 0.007569012015776047
 0.01440144344617128
 0.005564422049978673
-0.0047649281868413496
-0.012006701512018436
-0.01262421891767071
 0.00393875793123552
 0.0229530837221128
 0.01727147236668254
-0.004844468822992526
-0.02306585277184528
-0.034894549069546435
-0.04584141468869503
-0.042206496620584566
-0.01826374313816817
-0.0009452455752765876
 0.012766400777195777
 0.03307189509476009
 0.02233320700980561
-0.012565770408754728
-0.015594872508273572
-0.0038597431939362686
 0.008088241801430973
 0.03771494368937184
 0.03729156937740619
-0.000252900076811835
-0.02686921852254824
-0.03225610662732167
-0.01211668652242906
 0.02837735046512771
 0.04747120475221399
 0.01667964025550589
-0.01817021662127831
-0.01905438839657249
-0.004863231993428321
 0.013884439427807094
 0.019460788432783933
-0.0033124323873242184
-0.0259055445542532
-0.02583537437503955
-0.026953453492124857
-0.030833978315763413
-0.015711870692290533
 0.0022732627947057854
 0.0011364710902771885
-0.01609314572938117
-0.01878308218330288
 0.0007364834658432629
 0.023018494821542633
 0.036783939862626944
 0.014660981452698132
-0.02899548684252211
-0.04741803110531524
-0.036810335178411174
-0.0017148796393936933
 0.04886290285277871
 0.07674699504437567
 0.04931901812262402
-0.005590732386167516
-0.035032651520740796
-0.03264445958437705
-0.013644168234007228
 0.008822629921707126
 0.01727603923071487
 0.011402623855015906
 0.01276864070775241
 0.011451740350144637
-0.0025382597857065703
-0.007574286877793296
-0.016558669899314316
-0.019845070074803392
 0.0052017260608671345
 0.03420389534622568
 0.04348767571859195
 0.021565877622603515
-0.016301383963286273
-0.039217288261887015
-0.027283337707027233
 0.0034941883025259857
 0.022966972483313884
 0.02596098443491665
 0.008200397949392438
-0.021250877478852487
-0.03815302402000326
-0.01970943214309634
 0.01798239488980271
 0.021287503605987676
-0.004575633199181306
-0.026045990125512855
-0.0453222961858436
-0.04032603738850876
-0.009069001328283713
 0.0001773538693959631
-0.005873831086064277
-0.005775592025835691
-0.006851567821398605
 0.00312223920925149
 0.013907704715916805
 0.0027292708283949974
-0.011113367682127798
-0.017279167235065687
-0.03316849498626087
-0.039229036235392756
-0.015669890793513802
 0.004144398106289138
 0.00677819275153356
 0.0005562554365658029
-0.02692318110037989
-0.055256379434863195
-0.05027415507803584
-0.02068955651161737
 0.017846676025147654
 0.04453784077360983
 0.02788363601475765
-0.013232598548610933
-0.03145632157088159
-0.02507533131014325
-0.014030228654089788
-0.0010156261801549937
 0.012034062395048478
 0.010806046827321336
-0.00707383240251637
-0.021475509459919967
-0.022965501250453157
-0.008872585930861251
 0.014646795262913195
 0.013451526723036816
-0.011981220573236473
-0.019765658931368987
-0.0013173889076262546
 0.02725906901567244
 0.03985965549463692
 0.016487631879543496
-0.014343696865269095
-0.038665384288034524
-0.057899587026842864
-0.040134326441130214
-0.0016168064917084918
 0.03305293768524914
 0.07237509889043235
 0.07058804477582442
 0.024819393184230258
-0.018373938574243562
-0.06777049303701818
-0.07229660212400023
-0.005937091281180265
 0.040818645246125065
 0.06393804488543668
 0.07213883426531001
 0.026559647620566673
-0.007691406461232245
-0.006706658575615282
-0.029252989274186042
-0.0334680015965859
 0.0027735999172081305
 0.025219346412161288
 0.042701579114306665
 0.047800757142029617
 0.018012655141605466
-0.011040977805594529
-0.02566720591111761
-0.03319200711986196
-0.03004595539609496
-0.011665518501471642
 0.008789676514839001
 0.00529743787857373
 0.00047894461435274427
 0.020803151519260356
 0.02964484701564138
 0.01557297931016327
-0.00034909546888264864
-0.021092000562243793
-0.027655442596226612
-0.011747406304335545
 0.008951052347437885
 0.03846547871131901
 0.054450704426001154
 0.030477538942504503
 0.0026706321270512368
-0.005509109638708293
-0.011066750102989242
 0.002759510846960758
 0.03397678265908132
 0.03534747765865364
 0.013598770995590648
 0.0004789061712024423
-0.009134687599736721
-0.014371875005763812
-0.0021969998888591857
 0.015825558772823697
 0.02145804553983042
 0.0157202964223703
 0.0015501876333399306
-0.007782717327449881
 0.0020577625183792747
 0.014791676182164717
 0.015624384295617438
 0.01442911575574106
 0.01839852132261284
 0.016571702959900417
-0.0012964809028477298
-0.023197227338074958
-0.031129027321535885
-0.02032017108069145
 0.005968673039889988
 0.02651977006633499
 0.03077220351677403
 0.032276225701167297
 0.021387836917466492
-0.0028730345964332465
-0.028874176733258997
-0.05729392078420503
-0.07053541742632459
-0.05665769686118054
-0.01196268401505507
 0.0429330280065816
 0.05917087365039818
 0.03765607432912631
 0.0008554302218040793
-0.03948189289340005
-0.057364111196655646
-0.040181279892002916
-0.0011351293501332405
 0.034467905120571
 0.046481384171639745
 0.02857109698736921
-0.000716443301621919
-0.0172045738478024
-0.019316759167500003
-0.0069430628100728975
 0.005442328914443739
 0.004600260460671968
 0.014162390569769673
 0.033092509717602164
 0.030758112423202977
 0.01451090643906737
-0.002524567286904353
-0.017401076248143937
-0.012177927329271698
 0.0072340409426504965
 0.02251520555854134
 0.022730398289665492
-0.0006205736646667515
-0.03126711560946434
-0.04041523377023916
-0.019134345837405822
 0.01840544142332899
 0.04584043151868696
 0.04612813552576635
 0.033880745086259066
 0.007208288878492786
-0.029363126033874143
-0.03522952418931939
-0.02013548544686146
-0.005689370041164932
 0.009392973334203442
 0.013385769635254341
 0.021869586898694927
 0.039903840927467384
 0.0206626209684053
-0.02828483139813033
-0.052849782456358546
-0.050101373213636446
-0.02371194893608483
 0.011322690694066967
 0.02016438619044799
 0.026704433443604292
 0.045737471821824874
 0.028924210070554728
-0.008437811657066224
-0.024769224284246646
-0.04568054266369738
-0.05810804175638383
-0.041402381428985016
-0.024116630893944183
-0.01168679677448721
-0.0005247404475381828
 0.003730032076318779
-0.003787751912171844
-0.02268278900538305
-0.04248070843790802
-0.05096920789483185
-0.046291063082332926
-0.03546349425414522
-0.016938034807611385
 0.003905446396072529
 0.019556184611993356
 0.03360231846322703
 0.030002482449737848
 0.0008552865658214004
-0.030965470234767672
-0.05182065085218855
-0.05106981030836272
-0.02719488995506575
 0.010431443022131767
 0.05299789905795796
 0.06648733343572875
 0.04887644764895085
 0.033791761153517154
 0.014143542419738503
-0.011357038005654227
-0.023085154146385192
-0.027559803618173215
-0.022296890451196483
 0.0052807831226540786
 0.03869444487419335
 0.059119231936071145
 0.05854615692535917
 0.03625478522934075
 0.007750834535349929
-0.004419366481366288
 0.003360389683283005
 0.0012084401154809077
-0.009406277078324282
-0.014037644469112362
-0.03866341143620626
-0.06202140061079224
-0.04684783337212531
-0.019857267226170483
-0.011081065785490979
-0.021003417247594428
-0.040062189480059435
-0.05338789276522381
-0.05569422117860805
-0.05827656025530585
-0.0549363654378522
-0.04350297659442544
-0.03612554105765689
-0.019583615869511864
-0.003198408600366895
-0.008709267596289608
-0.011623755098330801
-0.008159589389727856
-0.033594675759419074
-0.06922344408436773
-0.06926087128237801
-0.04414858109100596
-0.0009505752323437228
 0.05514975959951726
 0.07247059623582677
 0.03634828341969882
-0.019473705722078127
-0.0633196389641492
-0.06940357094746019
-0.027665146901574608
 0.03601144673090109
 0.07416874937396448
 0.06736906092477263
 0.029817574250300863
-0.0025528648034973678
-0.011850683663018488
 0.0006329491450504376
 0.031880628911603835
 0.052223548403854736
 0.048160575853619096
 0.023062316056107125
-0.010872963114273757
-0.029262760349216127
-0.03134219864106298
-0.018393090222829714
-0.0007541396016842589
 0.0059005222489496995
 0.00642915081807395
-0.005996009201194599
-0.03470579835596162
-0.05438910319100894
-0.047610470449225686
-0.01812645203977742
 0.020337269221032364
 0.04428703992370249
 0.03948258109998897
 0.021106818305554075
 0.00627007359241899
-0.0055095021635060415
-0.016044690861102245
-0.02611674302195202
-0.030953948873516296
-0.025660627752106716
-0.005310691039602078
 0.02606329869151853
 0.04506592911530625
 0.042832111977877264
 0.021946523406023537
-0.014903241243074836
-0.0536780633151142
-0.06990655671190651
-0.05260443266294032
-0.00647088966479939
 0.050717114306390365
 0.06421122683099698
 0.029129801685839556
-0.00877956322157264
-0.036909262168697665
-0.035487107553931294
-0.008671971914319815
 0.02145061353821824
 0.04947738920830777
 0.048904314197595805
 0.018819149873096935
-0.006122392005414992
-0.006922357137664356
-0.0038745464974496435
-0.004716614951221401
 0.014166722728252854
 0.030884078422741233
 0.02423409067229569
 0.013362075402520268
-0.0018348866169731748
-0.022582469857170134
-0.02787813409864502
-0.01585295968048671
-0.004089761485134472
 0.0037367761478730444
 0.006854758990625112
-0.005958687216016709
-0.03726250879124736
-0.0547143375856073
-0.041926625233209905
-0.030694396703723537
-0.03112946638277872
-0.028764665180594104
-0.020858599051377602
-0.023298254649582795
-0.023134521533652697
-0.0017717660311924593
-0.0015869812545011713
-0.008253342518872095
 0.01477249418372309
 0.022337055593924536
 0.0026443944652055767
-0.01833475704336461
-0.02439763736591441
 0.011345741509864532
 0.05912833126763292
 0.057554132834054916
 0.03195531132510991
 0.02301537069852922
 0.022278560548563454
 0.025578991117912606
 0.03132609248239697
 0.03417274280867134
 0.02405390917946334
-0.0046956442234081935
-0.028741320982860086
-0.019572155207971467
 0.0027636548363398628
 0.011261506540287916
 0.018332523459310086
 0.015549024068671952
-0.006340026999465731
-0.029054770984126094
-0.04255590477563384
-0.03812804081885145
-0.02698937522608151
-0.02240947149713489
-0.009596029337140474
-0.005495635658865655
-0.02461522380019633
-0.032783270198866316
-0.020802538175648325
-0.007579758167519421
 0.011521113339820588
 0.0342873128930276
 0.016732564868279565
-0.028827909189120496
-0.03391773496981919
-0.0002748440233246163
 0.049063229557354794
 0.08936546252464284
 0.06780388173501276
 0.009364469438593065
-0.017789835893262954
-0.02407258911709642
-0.024187205737897774
-0.005048909055871187
 0.01074919078537806
 0.02185978749713304
 0.03640180491296391
 0.020825912999768853
-0.020245879168659414
-0.04102620943670714
-0.03844621348007468
-0.03130502435851516
-0.019223712178326982
 0.0022443016279392602
 0.021651591753025633
 0.008445181212174732
-0.02443985399356398
-0.03286052032136838
-0.020872771077896646
 0.005336544546475794
 0.034860327204028575
 0.02559291629894029
-0.002412811757035449
-0.008506100034018096
-0.0010491360010405487
 0.016561745739089945
 0.02988744497760694
 0.0140916801631282
-0.01495493556381805
-0.025960278018414426
-0.03217285903971055
-0.03383126411633337
-0.003540265377705687
 0.02025746555280021
 0.017916051038147293
 0.012571266254896268
-0.011100158757689826
-0.041400517836636536
-0.03502654479615194
-0.0006000642546570845
 0.023932135729072962
 0.023094745422137027
-0.008578649753123627
-0.0439173729742513
-0.05326197330213067
-0.04578863575522775
-0.018603926515586275
 0.014954757787863482
 0.020114751724452117
-0.0035356216273727537
-0.044626126383144324
-0.08696335727066262
-0.09001117195752473
-0.039433389465352325
 0.030584432203080922
 0.07661973411766958
 0.06577578772890907
 0.020498341555076273
-0.009710793660571898
-0.01742272074274917
-0.009331867813517677
 0.01625993242852619
 0.05494118751720172
 0.07376370928781027
 0.054922470883211026
 0.025578792832190028
-0.006695744211473828
-0.030465410307612184
-0.01640290294245314
 0.013478757948040057
 0.023344967601466246
 0.021136880271634267
 0.023789387504221986
 0.028352917719243233
 0.026285174794485937
 0.016949930760278245
 0.007748013910891471
 0.0030792213454168132
-0.0010749750681173648
 0.0005038974656490641
 0.0012687724499823583
-0.007399835660120632
-0.00446897869080147
 0.0029903244155939923
 0.00783454344076459
 0.02216604424898344
 0.01854281750131513
 6.413547649214424e-05
-0.00467716836493777
-0.008436061370844933
-0.007977605004258023
 0.015017823743904313
 0.040787393565709436
 0.04305161461092387
 0.03210474899177527
 0.02636466080089723
 0.023822085972303952
 0.01072795095551278
-0.01626963645734318
-0.040680208669989254
-0.0541860206083328
-0.051369778236491304
-0.024290327300655848
 0.008863697301495263
 0.025057100550371525
 0.014711376799626127
-0.026206036523219997
-0.07147646547679905
-0.09120889085362249
-0.08892595722106478
-0.06234940707008024
-0.014898965737655256
 0.023066532885139393
 0.03583553265019351
 0.02649561046914997
-0.0054818642504391585
-0.04742379173033044
-0.06407799648918261
-0.047409761336470346
-0.014096679741901277
 0.030881360987791463
 0.06885621590425778
 0.08604372535574634
 0.0896809824972747
 0.08133516651884347
 0.06408449803842392
 0.03918973762827022
 0.012727798028115953
 0.002396108717878015
 0.007612240416496538
 0.020056108976460964
 0.03971367995726385
 0.05590006598588637
 0.059796960276802896
 0.04839631441457951
 0.0264581428046657
 0.006795889630379581
-0.013635918698399349
-0.030757938140833774
-0.02874399795133585
-0.009289926357891248
 0.006456713868163946
 0.013763977202395167
 0.018757896926312093
 0.008786424922432506
-0.006312296013508661
-0.017900067749164944
-0.025476328573103363
-0.018583081233842447
-0.017294253803897028
-0.02079117058699813
-0.008197601328287354
 0.007457815034469295
 0.01858010711331383
 0.03276190722278636
 0.036020234470613116
 0.016484291260894207
-0.0031990135741531145
-0.018709411431646658
-0.02920483588113837
-0.01808020472887592
-0.004006001996627304
 0.01379668376377191
 0.03333730107367926
 0.016322879008468738
-0.021404038172346374
-0.04773498966109761
-0.0525745345860798
-0.029810674106290694
-0.002169845550156535
 0.017677190377497168
 0.024736511929429786
 0.005932698699517125
-0.011491061213827869
-0.004967387474596949
 0.004438024715500699
 0.01326568577137427
 0.03370684634717744
 0.04275204123091675
 0.034081094047395843
 0.04079423273347759
 0.05287320584024786
 0.050702543685102464
 0.046791610907031066
 0.03617221556639006
 0.01613103249840231
 0.0017246772941628963
 0.006330310830706551
 0.02889535006997318
 0.053233406960016605
 0.06267156617796502
 0.04657639996599363
 0.021431358700123415
 0.0024591321841211516
-0.010782364457998447
-0.007198906005082023
 0.005619214301748207
 0.016276030770428412
 0.02792929251513883
 0.02609545693217266
 0.00864362813781272
-0.010473620930100042
-0.033581329248969505
-0.044282592159237424
-0.025871747310181256
-0.0007196928707047107
 0.0096494175675724
 0.006225012060426541
-0.004953421827095281
-0.0269547484192927
-0.04211662433751745
-0.022877747498520687
 0.014860861002736578
 0.03713117699134639
 0.02316924573651013
-0.020779606735949044
-0.048399387677969405
-0.028636558393360517
 0.014687757429868956
 0.047766931682646896
 0.050791351588682504
 0.02143831724398986
-0.011633843835181748
-0.018552825028687076
-0.013063021740172959
-0.01774584874615509
-0.01913759945313602
-0.010132168817501189
-0.004878611944196101
-0.00668905679298315
 0.0030204349414429538
 0.022320127689305434
 0.02442061359526608
 0.023045236402210532
 0.027604088470395957
 0.017756587357665686
-0.0037324821560091592
-0.028430760399058314
-0.048928062783538756
-0.05000403857910164
-0.026196951354924114
 0.012577866670467855
 0.052360825338979594
 0.06890976774737838
 0.04442434518535915
 0.01334741373166587
 0.0021502672568007586
-0.006883236306496399
-0.011629218294762114
-0.01430512030817635
-0.0297734148441475
-0.04843688366898548
-0.05855103915135765
-0.046734042267393444
-0.01595183811100441
 0.0017058250974843203
-0.008368566136783356
-0.027345470799621463
-0.04290498919889116
-0.05298873672683048
-0.034891327715774426
 0.0026788674993932227
 0.022883781659987362
 0.009920634754599214
-0.02032358656231764
-0.02848695481415177
-0.026554882194280732
-0.019794962039840783
 0.010563869827906316
 0.026004091436215147
 0.012194199953543108
-0.012359055737595548
-0.04519964854839395
-0.06459290827962023
-0.045176261860862224
-0.0006169152729755961
 0.04510261173019503
 0.07680641081324113
 0.06575896503712235
 0.02430824297499245
-0.007007273967327782
-0.03709711643866247
-0.047744580660318434
-0.007297325141119873
 0.04006423140142448
 0.07226625312248569
 0.09063265557660155
 0.07233174313153981
 0.04131094943987641
 0.025215783227905034
 0.014954266120204451
 0.01521390124626891
 0.02404156230214246
 0.012970725791844565
-0.01064690053212955
-0.011793048530229791
 0.002886974217257837
 0.01655417817478988
 0.030551191484247425
 0.034139328083999665
 0.017775168428968487
-0.006387462001378977
-0.028508081337889873
-0.04092856321032258
-0.027691748761686216
-0.00943294368479429
-0.014083023662925673
-0.018103892891638884
-0.0019736446250462475
 0.01874118754065255
 0.03121780312846774
 0.024380689504589312
-0.021336502471810806
-0.07542991635775131
-0.08556746257430259
-0.06853199289497826
-0.04507108853665161
-0.019292162421174833
-0.01570168674800468
-0.024316496169495702
-0.030316221509761904
-0.04815867556491302
-0.0600739175790769
-0.04401384151502159
-0.026833349283786764
-0.01681509985819636
-0.0015456306093950684
-4.628657183762541e-05
-0.000544511233176434
 0.011005831281145878
 0.012584703814912307
 0.021082555518860367
 0.04459725856579901
 0.05107882898350753
 0.05031394995252683
 0.053560581833264016
 0.027823754992662257
-0.005807444633390155
-0.02026292037940572
-0.030791091856748193
-0.015446772258573743
 0.009115835679589152
 0.02591038079686861
 0.06076725084725915
 0.08061194770149493
 0.06445128743382206
 0.03531578691699516
-0.0025888998435812105
-0.04321158991577051
-0.05390115745894887
-0.03125892879689114
-0.005627364306742794
 0.01903114564155446
 0.02591503668714374
 0.00280732836827427
-0.016974217550325313
-0.021883934677844843
-0.03199575108679911
-0.04007725176900635
-0.028814615285087136
-0.022501458153468226
-0.0247703613921659
-0.008069379211602876
 0.006538132259929497
 0.004657515208605106
-7.443233915316316e-05
-0.023186818804858428
-0.043691138409592614
-0.030912782350866877
-0.02402421315844179
-0.02766381342003546
-0.013905385599204886
-0.009884520417139053
-0.02544403881640875
-0.019549575826595958
 0.010367171165165917
 0.021360814206025334
 0.01160453695659358
 0.0010670091855794622
-0.0067548543472396305
 0.009120434916800688
 0.04967762688664107
 0.07281340003987806
 0.06150631711437113
 0.040480384137442725
 0.015052314988005244
-0.009082246561327278
 0.00465045145190629
 0.03271933044351823
 0.03513793033431481
 0.031205945895482208
 0.008018709080403766
-0.03839552677453392
-0.05338665033325117
-0.03362382104864227
-0.010583949905539639
 0.01752703240759472
 0.028153440921842063
-0.003431069463537967
-0.038308995221337114
-0.04856817325561978
-0.03816631578949191
 0.0015862349245869822
 0.04777825475817569
 0.06115541361188674
 0.05739652060597958
 0.05166578870877318
 0.020170163113273784
-0.021528500731154712
-0.03834644062926068
-0.03603777718910593
-0.008560683772225547
 0.04168728936802137
 0.05399783074316486
 0.02153616782606809
-0.008892840290863749
-0.03563546870116739
-0.043281901727643124
-0.019287688630032676
 0.002315991434472406
 0.003529968515044668
-0.010824927074000679
-0.02422781978195615
-0.025521329405384804
-0.014941702359495684
 0.006629230677158662
 0.016801858948331222
-0.00027571809916290824
-0.021654851162195926
-0.02388399015278908
 0.00011022294482136707
 0.04861324731530644
 0.09081246882452056
 0.09495964397115358
 0.06494932999602789
 0.014051090398954219
-0.03416423198777517
-0.04745718824508881
-0.030346868216391307
-0.012279867159768115
 0.0032492392384213253
 0.027327658979076574
 0.04506251161035639
 0.0505078725039302
 0.053859762688473395
 0.038559881438591855
 0.01194824113969127
-0.007814592191565037
-0.025509684621387738
-0.026997337338503027
-0.009599311279402445
 0.00038151297150137986
-0.006441566211869601
-0.007760805642895274
-0.007816945428248845
-0.013938302586246412
-0.003010153601088514
-0.003089684120621203
-0.025811445325535295
-0.024066498579097165
-0.006572570509862222
 0.009274649873163149
 0.034452434120236713
 0.03489217789948035
 0.007599867235967561
-0.005110659740286169
-0.009208718391790466
-0.017439919772744034
-0.03134805233896834
-0.050259462946104935
-0.0645137783781801
-0.08342284991189879
-0.0929662714803006
-0.07466068493505043
-0.04752743531060302
-0.010544347523331124
 0.028501803018538573
 0.03489448864636646
 0.01803210635332017
-0.0019763296868168106
-0.03324506516077881
-0.05412129743896088
-0.03914655144081643
-0.007950331289457088
 0.02470079252784311
 0.03693180540677761
 0.014698910546206964
-0.001733082237943634
-0.009847329948001637
-0.02051818490383671
-0.002876895209273367
 0.03146070054234087
 0.05904305226302725
 0.07148224267615587
 0.04924233059533149
 0.012437008341173436
-0.011288215360024612
-0.03829281999313429
-0.05000222354652198
-0.01743764544568452
 0.020567617425214624
 0.03425119489667206
 0.023959269834538624
 0.004980026098282603
 0.0002317050365989587
 0.004257248365500621
 0.008862881902044276
 0.001932205341449389
-0.021219945372360396
-0.03763322556916772
-0.035895296042983305
-0.016661097350822357
 0.013461488101715699
 0.019070584134543295
-0.008839241911298062
-0.03026983458952512
-0.04161902083655447
-0.04966075727065722
-0.03505090672570692
-0.005665129399810925
 0.023517148538726787
 0.048376818800964415
 0.05178718582095541
 0.025063269997995068
-0.005108440042966539
-0.01226366765168091
-0.010429836115362148
-0.030674518570708173
-0.0710305542732556
-0.090131429827243
-0.07696478758114396
-0.05033209966812957
-0.0107713529743194
 0.021444703187249274
 0.03185357787363087
 0.038531630458443954
 0.047296136532033906
 0.046531257501053205
 0.025451525835512835
 0.007714330084167734
 0.008378624911530838
 0.013211148569611891
 0.03331548257323584
 0.05786639514430919
 0.06586836328366005
 0.08757730165197115
 0.11565085879041892
 0.09271624190447487
 0.036218260544921575
-0.007999585370597403
-0.02869570899560031
 0.0028700847557890236
 0.060937580332113425
 0.08670013293366483
 0.0910227385866412
 0.08012967165610456
 0.04623181766041027
 0.009080312540401342
-0.022127607024694962
-0.033546965474261656
-0.010422887688114196
 0.01877108561751307
 0.035011270334747546
 0.05098713975575804
 0.0530665740009575
 0.049008279597557686
 0.05295195535683244
 0.031409087154545635
-0.0020373256714917853
-0.02936940058310905
-0.060846313591265175
-0.0693184395342636
-0.0603130088986288
-0.06105683626884828
-0.053592855015617
-0.01499112842315048
 0.017405036391597364
 0.013849642773048496
 0.002783484409586423
-0.014602850329072006
-0.024564966039279948
-0.01780504588483997
-0.020530068440030344
-0.02211830131411581
-0.011973741923958198
 0.016104493361325384
 0.051111064110462255
 0.0590264865333504
 0.03074240874064322
-0.01613730272445882
-0.04594879545906205
-0.05178010751323864
-0.03958651980899072
-0.018006230478664745
-0.010203083579836333
-0.006799733780099085
-0.002769512304361621
-0.0050313983228055525
 0.0002525665049323972
 0.007484979489790447
-0.007606724225896991
-0.03270732309682689
-0.04645172052379738
-0.05582205065927377
-0.04687275778566884
-0.020572218297997838
-0.003487628076897384
 0.008493103946320621
 0.01199937297644596
 0.0013238398737750734
-0.004486420519640308
-0.0034736037530084113
-0.020408497322009944
-0.048311306147597585
-0.04743649471262247
-0.017603954363905383
 0.013522093584916614
 0.03506729681397393
 0.03275629025375386
 0.0005215174581945092
-0.03551191056805282
-0.061800758735281666
-0.07223302820248977
-0.054465428543359215
-0.019891586376535944
 0.013875275461107922
 0.02274270076508597
 0.0010594881577244974
-0.024670321462623532
-0.033378693820831015
-0.010542322065086665
 0.030646419727589767
 0.05579847416706632
 0.05031334497874061
 0.030632379217111205
 0.003899107100479221
-0.035069858065246776
-0.053127506874845756
-0.039043947848925495
-0.016661356336255928
 0.006797208948652836
 0.021488927063230023
 0.028529536027819345
 0.040762887980171754
 0.057300135021480965
 0.06639678952041433
 0.05626158237728096
 0.030599605886052345
 0.008427526934347396
 0.007510608131202481
 0.02542089126882563
 0.04768652911059962
 0.05494467190305469
 0.03351174015140973
 0.0010266865001338499
-0.02760357415842421
-0.041441534522111176
-0.020995695799472164
 0.020960262074279173
 0.056745744271580495
 0.07644307950048788
 0.07341397740096904
 0.041459893415559036
-0.0026994756645121604
-0.0459606405521054
-0.07918951955027707
-0.0811590213914821
-0.058928469650976756
-0.021360613509227036
 0.02599860395989942
 0.04734030780159846
 0.02697633260193895
-0.0049871076771427075
-0.03286418669513333
-0.05503860472025618
-0.050956923629324635
-0.025811886410101834
 0.0011459327080022286
 0.024408015825806442
 0.03251290319554541
 0.023666525505681157
 0.00917596365839693
-0.007162466189037223
-0.03237066243719103
-0.06386628803269043
-0.0748482397531077
-0.04969618531363115
-0.015232279597449702
 0.011145449313012354
 0.02476353272876826
 0.009812173418155504
-0.018415766612521783
-0.03535299925494123
-0.031671299718472545
-0.00557192054474194
 0.027783264371349557
 0.03713721694625316
 0.011664705401875364
-0.026314831708074166
-0.05412875574378116
-0.04909974991859556
-0.021835512182745112
 0.011381667401689596
 0.060506885301339075
 0.09298491768571383
 0.07886860758529542
 0.037813188930792524
-0.011482785375011892
-0.039998431436092274
-0.03460920830454833
-0.029638679314810526
-0.015870895200308294
 0.019407008065306285
 0.03838858682833281
 0.044507600866265075
 0.04961847426107757
 0.03124738961347849
-0.0019323688429170316
-0.027327690964503756
-0.048610922017402414
-0.040361012095752935
 0.0023574837122374986
 0.025839439731325367
 0.02676103263465872
 0.013851684417882537
-0.012668732017719508
-0.014460464279163268
 0.008775889031043912
 0.027607767095324108
 0.03436067002951035
 0.025787963929541725
 0.002801887428403649
-0.013707294778538034
-0.015127114366533884
-0.023762975448786125
-0.027727706915469483
-0.02331855554603038
-0.03772958889710562
-0.04212470987268464
-0.01398098053169955
 0.018415184283048294
 0.029429878984668915
 0.01066349092944284
-0.026464623456386976
-0.05760470989236385
-0.0669446320734074
-0.06263138271410264
-0.047513953237465587
-0.029507768089708078
-0.021435627747819874
-0.007794153597884851
 0.00407664197469132
 0.00503098190587542
 0.017311115326586066
 0.041862027897659394
 0.059851839531491535
 0.06319437342236309
 0.058106886715082295
 0.042685373647469375
 0.022908505875705615
 0.015271429142901513
 0.021257115996012835
 0.047894482055863045
 0.07905561610595374
 0.08469278101979627
 0.07026771322821357
 0.04869677614491183
 0.035090384049598085
 0.04087958873560486
 0.05065457452573249
 0.03903639483564335
 0.006462456394486851
-0.02343792112999704
-0.046842691772941245
-0.05853104366556773
-0.045149206665020855
-0.03023761564916
-0.03691801135403838
-0.048690569889709684
-0.0459632123077488
-0.024254273939437673
 0.011657518222430857
 0.030943176529785843
 0.016592959087576298
-0.006697196957890242
-0.02636178920559426
-0.030354589553292566
-0.014170542598087962
 0.0013632419469373214
 0.012321798886528068
 0.016188285223011745
 0.015182481629986186
 0.015063186862349004
 0.00481102604832008
-0.010860767875009364
-0.01861479827870903
-0.01753648745637562
-0.013386973236324665
-0.007513561907273078
 0.004895220551422677
 0.011110136599489312
 0.0009866248234454977
-0.007506552780314146
-0.0025640926715912726
 0.006750095655207844
 0.016213984680753288
 0.023139979047864946
 0.018789300467226218
 0.018620885157812905
 0.019058289863638632
-0.0027325201209467687
-0.024523330105532176
-0.040922575861832025
-0.04711410522236695
-0.023358477613383444
 0.0002638228107791074
 0.009004938150189934
 0.011662123529613475
 0.0018707601789130779
-0.019206632413209385
-0.038833799486226825
-0.04235644607692496
-0.03430535739579793
-0.02196908621305743
-0.012161353395079039
-0.010650313990432037
-0.0103555927630989
-0.01582200936408132
-0.01857743987370454
-0.009279625060830812
 0.0021069823142377125
 0.009484417851006274
-0.0017220849175304948
-0.02208138197035417
-0.03432175518960773
-0.03958467240323185
-0.02015633061738427
 0.015336767402678142
 0.029944278874210528
 0.01963598029815173
-0.00549268745379311
-0.04659956572349004
-0.08343061778524512
-0.07826828477523856
-0.03949580582326452
-3.0961139588711606e-05
 0.02237034296042413
 0.012632778298335687
-0.008744015691279416
-0.007041172266363693
 0.008144090339392784
 0.02211303476783539
 0.029413280881812873
 0.014623317637036004
-0.0021080765446072486
 0.0027314643337275346
 0.011732216822526537
 0.02032363146319105
 0.02211068153115158
 0.011526372291779233
 0.00894403321508147
 0.005571087323129664
-0.004582832407347012
 0.0009981947444656636
 0.016489875967968526
 0.027766546892395223
 0.03285169047961069
 0.01987450913371508
-0.011169675292127437
-0.03581415484656461
-0.039406973639800086
-0.024116452730237603
-0.004428473795001858
 0.005561706749573625
 0.006097352538951606
-0.008716001440004381
-0.023573797813900677
-0.025012329989239815
-0.027692910149489866
-0.010262137062538548
 0.032898443621437116
 0.050668382353985596
 0.02525902579189141
-0.008135927418951971
-0.029171216689552026
-0.029363022733144437
-0.0037712224911005676
 0.015355378823836446
 0.019212508866648485
 0.015724948377219036
-0.009174490179770484
-0.03196876266063983
-0.02977237474454482
-0.017859475850446255
-0.010383799230125418
-0.015429182615883802
-0.03127874611897449
-0.04947206118681233
-0.06490760869493269
-0.06123292637871773
-0.02501471559910283
 0.01984169331285853
 0.04250965178251328
 0.042600873622488114
 0.024566615547068266
-0.014109965441418834
-0.04843820894600881
-0.057983969587828546
-0.05188132906382166
-0.024219448846926284
 0.006773271917074775
 0.013596347053798363
 0.011049094078369251
 0.0023524170872513267
-0.010982642491584718
-0.006234325476548466
 0.008775506622864665
 0.00923630206286949
 0.010192981067471504
 0.012087628512655976
-0.0014275397193592443
-0.0012755019705187054
 0.01061868433623657
 0.014826675391735308
 0.02631620199719193
 0.028075183184137528
 0.006406005017283514
-0.020364692274035062
-0.03719900568606639
-0.020509718872592952
 0.021074326327710495
 0.04342183173911138
 0.03521402109233693
 0.009238608763108211
-0.016982406275001208
-0.013055104029651834
 0.02017610999529036
 0.05507040522036748
 0.08332874915883023
 0.07775941332745971
 0.025167684575818285
-0.031821502201496404
-0.054278948110186534
-0.030132695240411844
 0.025733732249658012
 0.06879139370324558
 0.05923159862091839
 0.023747852847880217
-0.0010205975977062715
-0.006573559915151392
 0.021347957451132125
 0.04959694509592323
 0.04056110245920816
 0.008162594524395009
-0.023230111840716286
-0.036459913115746326
-0.02107349019604947
 0.01100689970728036
 0.04041606776735547
 0.06457869415105552
 0.056782560425833455
 0.01226063496598602
-0.02592707967815762
-0.05237030669096859
-0.07041158198664219
-0.06551122519944172
-0.04914940866447583
-0.03404133548151042
-0.01922096832894811
-0.012442335587164857
-0.009113836136800765
 0.007673691760224949
 0.02473956939398212
 0.027885621117749115
 0.028278583428634527
 0.023593417349234487
 0.010071231896965543
-0.001780855134914744
 0.005907677166436032
 0.03942191907494547
 0.06902289115528931
 0.0692684918408463
 0.04098909219497494
 0.0012973533431143436
-0.03451152363501349
-0.05355392235355312
-0.028649809696375178
 0.021380629616005994
 0.0554445537777246
 0.07341799189763135
 0.06516339978249866
 0.02875572000938554
-0.004241590720412913
-0.017632788061278826
-0.01872747644418503
-0.013955768694969659
-0.005121090418842372
-0.005460258087763209
-0.016991892061389638
-0.023358851928267893
-0.022715608761665992
-0.03140526853253019
-0.05321479110445888
-0.06109980961956159
-0.04013703567156417
-0.013008464193952574
-0.004288400515302951
-0.010720854437882732
-0.019064331342896035
-0.0243108750425948
-0.01807256826034906
-0.0028452023330701737
 0.007266610029236703
 0.008999861408585275
 0.006092391126797825
-0.001114296097110612
-0.00823911575139212
-0.00038217016395175607
 0.018877758335806204
 0.028914720348739903
 0.028821155388699747
 0.02793698361340559
 0.028458594962276103
 0.041386651719748174
 0.06360550809316394
 0.06012262575057032
 0.04049078053071705
 0.030383642268598604
 0.008050167251057783
-0.018278445164275542
-0.027068685092109912
-0.023817375064536905
-0.0026698143165245214
 0.03311800695419473
 0.0564970437428945
 0.05217443404327071
 0.03183618865120823
-0.002272181952098079
-0.040024828940510224
-0.04803615742018014
-0.03120886527504993
-0.015240013074293166
-0.003205482362463194
 0.0028667502071108436
-0.004924705371275415
-0.011191085081183494
-0.011890470056462668
-0.03161120006619657
-0.0530558271849311
-0.056417077709793345
-0.052354109206205104
-0.03638291793203041
-0.010145533426643039
 0.005713382323471891
-0.00378325777657168
-0.026352979209321545
-0.04057454761354598
-0.03717119781380873
-0.018671468174871933
 0.005334440289828074
 0.02853102935193076
 0.026655090447442194
-0.0011611726616827245
-0.017525332316713882
-0.01960009246172492
-0.014255311725121289
 0.0041672284910244245
 0.02978709761408324
 0.05119195643806587
 0.054529812182101595
 0.037068627094070015
 0.008527251225392607
-0.017703120106388442
-0.031498977148553015
-0.022243265657201694
 0.0202997996444454
 0.06867183590352745
 0.08575876519804582
 0.08123031703764583
 0.06585324636497321
 0.03423131080490662
 0.005902790617259124
-0.008360881108487705
-0.026430225285176218
-0.04863972941156773
-0.05257873107065407
-0.025496941061400713
 0.017598145566873433
 0.05195445390583096
 0.06494332657216872
 0.04975572084634694
 0.013666155058069743
-0.029195028275060667
-0.06829965969902553
-0.07981492015872658
-0.05018120105053199
-0.0023822377788382115
 0.042146700854615575
 0.0797332695837086
 0.08066187970729569
 0.03380088082953694
-0.009380755561847323
-0.021303014796264938
-0.01442614097092941
 0.003734423022410241
 0.026016434378109632
 0.044574640852494206
 0.04508455683427517
 0.026217588622078895
 0.011027643822839203
 0.007451198543529117
 0.005095749588368725
 0.000719341200132978
-0.014327920120614138
-0.054492151802892796
-0.08877127476570665
-0.08200901553784878
-0.05201274004987794
-0.010038069588783297
 0.03311549387493864
 0.0403525850066325
 0.001264327096593021
-0.05347934919952682
-0.09248106139310358
-0.10271684869320716
-0.07819166592973084
-0.0243602323132438
 0.03097054736412437
 0.05041994081073316
 0.030254786851596112
-0.0016244467844407362
-0.024348547062772743
-0.02045399184527412
-0.00034030154797853873
 0.015425051265419945
 0.02955305268628053
 0.029829061326270355
 0.015483522030896632
 0.006302656842271062
 0.012112913189039051
 0.029160078235452927
 0.039398200562327
 0.029120309940701028
-0.0016665764091712276
-0.02393689644442845
-0.01368707875046482
 0.01076793181047414
 0.025078380957931808
 0.020423622832964616
-0.0010069698452624537
-0.028905100524014266
-0.04950766121230071
-0.05664183716025388
-0.03989407351133266
 0.0016595637345379333
 0.030423147531269526
 0.03202541079921508
 0.03055647066944308
 0.01871607900465236
-0.005495671967471236
-0.013006438735708128
-0.01456426365536076
-0.027742605315196733
-0.03685095922786706
-0.038184233099400194
-0.02934487667643708
-0.008347016627171008
 0.013558403908244643
 0.030533057678703276
 0.03588017748872481
 0.03352706760698233
 0.026884097076790535
 0.008679086641863162
-0.008164583063839825
-0.014243836900314999
-0.022089091167313224
-0.029700438092520307
-0.02344809686976708
-0.015520979079789374
-0.01960968143762204
-0.03003493368457641
-0.03874096696936598
-0.03475050974173299
-0.02402352107051546
-0.02208677030380861
-0.022325357815759242
-0.013446237144691647
-0.006501530190236693
-0.005189312026112156
-0.0009088096946581747
-0.006281663358924119
-0.011635804435846803
-0.004398713304152924
 0.003020825554138018
 0.025150797137673174
 0.05762415137521209
 0.0673546947703994
 0.05803582425011707
 0.04991222024638743
 0.03986355881971677
 0.025861863316776
 0.01920251927265882
 0.018924167512603687
 0.01954635901844439
 0.02255206633713671
 0.032401902476637504
 0.03861915759812206
 0.03313402840979635
 0.02522561916051453
 0.003266395889839513
-0.024865642130703428
-0.03518329700043388
-0.03515055199590682
-0.01901562558247835
 0.013041373586672345
 0.03471054770687897
 0.0356485141241377
 0.017852841537344802
-0.012494299009960144
-0.036989077865651004
-0.03911295855243817
-0.021378105921158366
 0.0016056274599143966
 0.009128085548593456
 0.0017483068917595879
 0.0017389485747642403
-0.0018398357779637609
-0.009479251584185777
 0.006056872034257407
 0.017845800037206677
 0.008674291142252752
 0.009233327665809851
 0.010735010776785223
-0.005781188650410191
-0.027281953531174588
-0.030093521802827677
-0.008288681424382202
 0.01439798963261582
 0.02291455392390717
 0.005942235180219052
-0.03919720566195696
-0.0823086698508039
-0.09751732723738687
-0.0711723453547756
-0.007975261772971684
 0.0477929246335459
 0.06315361774564572
 0.04337908904729986
-0.000698412463144435
-0.04571388241417115
-0.06682168296072646
-0.06051086490252547
-0.034207986341436555
-0.00519646076240636
 0.018496011864293525
 0.03667294937155856
 0.03778634629516064
 0.016891401429635272
-0.015032274601341891
-0.047957074055185095
-0.06818772207002366
-0.06571064534377928
-0.05845250255132421
-0.056635044528930825
-0.04802491730092302
-0.028631661616344117
-0.011504968073721242
 0.0019610755698704213
 0.013415516074058373
 0.011062406192315896
 0.010325596042350157
 0.004688427081860208
-0.014253391479709221
-0.009498057244419253
 0.013448250961966945
 0.026439462701722614
 0.024189272050368242
 0.009048447792904674
-0.009696888601560205
-0.014297848037915437
 0.005532814375812892
 0.02833410003028857
 0.04263987103091041
 0.050637161023425456
 0.040193196189127776
 0.013604946624406297
-0.016325838854510444
-0.031777759876556205
-0.017079024541725274
 0.007172486631855407
 0.020320416290611147
 0.03218887278976941
 0.042616460063494295
 0.04358951258202169
 0.03678514598599401
 0.015677345439438717
-0.01803572175624059
-0.03682316147222789
-0.020716303939814357
 0.01779419878935365
 0.050688586242116605
 0.054391337439346495
 0.023920226000892247
-0.02364483397565781
-0.065614830336564
-0.07403549666436839
-0.040720075996381416
-0.0046983473838710516
 0.006173663839256993
 0.006206408843784053
 0.0006908717010254972
-0.01566159258691613
-0.025207353228735838
-0.018964368299654283
-0.010424413274183808
-0.0032995976665496918
-0.002869210180977702
-0.00794500152116892
-0.007488884227999926
-0.011799798560534161
-0.018711762533785745
-0.017481411939288108
-0.015327127344715502
-0.004165071017766461
 0.021438424591366953
 0.04197548717730451
 0.0458232609264449
 0.03328114723628079
 0.00239134165602041
-0.019806467103281544
-0.014129537941334508
-0.0031475902675646428
 0.020191682273030635
 0.053404183710629535
 0.0660000920427582
 0.0641802909002995
 0.05916765454239188
 0.04976925552590057
 0.023674550452358376
-0.01663470378183081
-0.029293771142890487
-0.005732286627593633
 0.027094267696049903
 0.06008689623236513
 0.07821471319785403
 0.07052617684985586
 0.050482654708450224
 0.021648894662533884
-0.014709664568803113
-0.03658000304959749
-0.030339357193933825
-0.012162419686668799
 0.00604726484844699
 0.01866656391475477
 0.012390827911175059
 0.004133896722624458
-0.0007454124504622239
-0.025034352845376903
-0.04921569586306765
-0.05780711455037957
-0.05684341832552381
-0.03094519946573357
 0.0028052888579849222
 0.01005173628335046
 0.00168954679099384
-0.020290728140442374
-0.059643301346705854
-0.07802842043481237
-0.0688428811459984
-0.05460026512766017
-0.02646589208034672
 0.006931396157267178
 0.023461625978322652
 0.02878067690732925
 0.022219573946764347
 0.009902011304719738
 0.010734719418172459
 0.006028501678011208
-0.007851562007198165
-0.0091216808964477
-0.005075085906784835
 0.0004053610880576375
 0.012517081222678667
 0.02140088004058209
 0.010231802446731927
-0.012340258059435852
-0.026283476726928823
-0.030173357844239024
-0.01869786567928987
 0.00792546594005289
 0.028633280885497943
 0.0276719196874127
 0.011045783809575466
-0.01171340257002522
-0.022077838908113906
-0.0072808624897306995
 0.011022384982101549
 0.018079367460616252
 0.011080857770901925
-0.003975759843516835
-0.0014659360894217072
 0.017415062516634647
 0.031110335355181623
 0.03867255769196516
 0.03937427769401485
 0.031863510925777966
 0.022352836385226907
 0.011642217181287343
 0.0008848165089895554
-0.012319254958443437
-0.023071977483905395
-0.017605564929570383
-0.0011384900907985135
 0.013274878287047237
 0.02639707813820595
 0.028600483274554694
 0.006739501087431959
-0.017659375758124554
-0.033740507529588445
-0.05328112888614317
-0.0620199091987835
-0.047003059879116654
-0.021874396173819213
 0.005700938326613447
 0.031468169075000656
 0.03216755000363243
 0.011934562915375965
-0.0026285102078635048
-0.016931946181714827
-0.022391345562443515
 0.0009128408768831059
 0.02522048981249367
 0.02651633446269283
 0.01301286159776717
-0.012663149333968893
-0.03136638240691138
-0.01813190703169293
 0.01648403845665275
 0.05469280071491018
 0.08465165102819446
 0.08952159986096209
 0.06537534294454
 0.03570653368842933
 0.02424975006417608
 0.025384198648539365
 0.03198272273714345
 0.04560314522631726
 0.03899058265055832
-0.002654282505258218
-0.04334246663314904
-0.06335090267328604
-0.060983762397683494
-0.030479907978025883
 0.006423651313037043
 0.029271718435870946
 0.04088053778564104
 0.03537435693655414
 0.009852724850400216
-0.011825809610125443
-0.01909799088973539
-0.01878689614847688
-0.01308189810551491
-0.016045506149332242
-0.025794766178510245
-0.0239656127890273
-0.00790319765155409
 0.01827804909180343
 0.04066297967789089
 0.044913074054912044
 0.027009804090895227
-0.017498086928444748
-0.06944890956357849
-0.08270677971962344
-0.05394553499630976
-0.008916034651422974
 0.04594926941578084
 0.06138481287725383
 0.006285597421611486
-0.06080838652108003
-0.10291171006680719
-0.11209257525543276
-0.06828173216127774
 0.0012144761349612843
 0.038737889881770696
 0.03229140151868345
-0.0008673052769508777
-0.0367767624120489
-0.049192566137645805
-0.04854932297104389
-0.03891935973282676
-0.007241290457377675
 0.01936332857462178
 0.031049337347182945
 0.041158810636071894
 0.031156930677759473
 0.003331311274962917
-0.015879500729666318
-0.029481214678144255
-0.04146428982142755
-0.037630550512794625
-0.01982318660555958
 0.004730065038931669
 0.0319685729671851
 0.04396100035749265
 0.04123597780230227
 0.02934646559573542
-0.0017421612250474033
-0.025617085624991764
-0.017123912067879526
 0.0019278388976843308
 0.024902215985085442
 0.05327283544760795
 0.06227826608324276
 0.04651992644345061
 0.02072930091423688
-0.011889079921859932
-0.04042343857028362
-0.047237161459982954
-0.03519795260131717
-0.016805820339604288
-0.004027464280878537
-0.004256695499157553
-0.011082113755946435
-0.017781222048168094
-0.015114680375072923
-0.0016088724833767526
 0.005321800030570728
 0.0043534216122317615
-0.0003948994494518826
-0.010756996714122655
-0.010843544453909087
-0.0015504077878711747
 1.910845222362345e-05
 0.0024634381506172254
 0.0052165255401751265
-0.003162037466106868
-0.006160731611192849
 0.006956790093130036
 0.02598281125109688
 0.038438375178150866
 0.034330960232974925
 0.014254691063718503
-0.009215573634927213
-0.013063351430715006
 0.0051860973525052895
 0.020740933558291756
 0.026038932826537152
 0.019531628554584207
-0.007905704660839077
-0.03123562495441011
-0.022971680592253185
-0.000479152628941798
 0.015765710235128502
 0.028043504582421247
 0.026663449242529877
-0.007657777041806382
-0.03305777731022892
-0.022903861626399638
-0.0173672768695273
-0.00919923451750472
 0.003413047328549315
 0.00032780746700061814
-0.008581725205147231
-0.008988726003187508
 0.009681755995256808
 0.011258289455605336
-0.006827428235008565
-0.01541650784890257
-0.03587404598527852
-0.048888652505860705
-0.032751387019014325
-0.004769053743865118
 0.03411336165875078
 0.06376111520745284
 0.058105233659619615
 0.03091818129991284
 0.0033521990465044255
-0.02152618784972389
-0.03133158564093176
-0.02379275403832734
-0.01931810861318671
-0.018623405831390757
-0.013552296684682746
-0.0019083912336439884
 0.01385930065317241
 0.02175601048871726
 0.02238755828822961
 0.01641590182897837
-0.0019505046717848834
-0.02180222279292182
-0.042748627273641246
-0.05944493535401581
-0.05489310050608413
-0.03601210190002778
-0.0033796906700708923
 0.03289231879815599
 0.04305325170223898
 0.02432428882169948
 0.004259715019532623
 0.0009709757706256317
-0.0012862321009824706
-0.0005003054558879727
 0.01063368199004612
 0.01157632655414069
 0.0005218635577681624
-0.011299815519679263
-0.013360541224182829
-0.004956252456951221
-0.0027762380547815685
-0.007730397577241407
-0.006467299954893008
-0.004177349102081548
-0.0072158074952720225
 0.0014948998897059695
 0.0176017574221195
 0.031980039698696575
 0.0432192854484367
 0.02571833611230062
-0.008046190698572736
-0.022213960414185205
-0.02059532363231427
-0.017147531437636712
-0.004780852300463351
 0.016008830214608596
 0.032588180577440215
 0.04607761495521101
 0.038658072050272656
 0.007709789634564507
-0.01835918563138067
-0.03415728951927731
-0.04266450156354441
-0.03565897870022376
-0.010584113683538302
 0.016397096168744893
 0.03799141993957834
 0.045315056787734925
 0.039558595082931504
 0.027963806127021484
-0.005328227853433801
-0.026419654886063723
-0.014396819541323325
-0.0019295602471797735
 0.014088412495353128
 0.04161696552742756
 0.06177042007282764
 0.05937520686956276
 0.04815700873393646
 0.0305952434889347
 0.011877975975484747
 0.021482209406104853
 0.03584177909533866
 0.034363482671895006
 0.028026930759449585
 0.011983224162672251
 0.0028982609841810697
 0.005363642343335875
-0.0049329608656333845
-0.017872717036842414
-0.030391439992827396
-0.05701945380565339
-0.06283673141932249
-0.03794665320265202
-0.016237714834340916
 0.005223281751671596
 0.023933527998220412
 0.008343601644517876
-0.02941138441731217
-0.054397368690764406
-0.07287371164216948
-0.07993771538758533
-0.06201105873603681
-0.030220713936527976
 0.008680414053431201
 0.03694343613872978
 0.038473188130720065
 0.019089284693165412
-0.009973704547706227
-0.03405914555526263
-0.04760238266829277
-0.04473935882809303
-0.015222593390794
 0.02129969693314939
 0.03952341590877265
 0.04122158118685255
 0.029187046428375205
 0.0029683704636837144
-0.02048084257420081
-0.02966404683624428
-0.0321738746369868
-0.01535126063869241
 0.026309973984402102
 0.0617188653614197
 0.07498374869107101
 0.06071773789190627
 0.01340997599132647
-0.04070682862879314
-0.07280827423953157
-0.0768104308809015
-0.05375652529729141
-0.012574800724868704
 0.02922677830330049
 0.051185997527328116
 0.04762124761510759
 0.022204873832759667
-0.012004076927516844
-0.02101418975663487
-0.007496686497849153
 0.006748268593906981
 0.02930629061291988
 0.04759316457082676
 0.04541080704859181
 0.03259502176853208
 0.014628596822231651
-0.0028208928987103615
-0.012394722421545018
-0.019369841377080227
-0.02328545230198746
-0.018378078294533223
-0.015318572287228951
-0.014733805956074819
-0.009917655811919154
-0.0041845888879422505
 0.0044863542489312624
 0.003875854063532705
-0.00918085577857189
-0.017281069048122433
-0.016345441704281607
-0.005096839660869851
 0.002399888620212176
-0.0008748161881873551
 0.0015624962899525308
 0.007440585765839933
 0.008607781378053972
 0.006065206549460675
 0.0060605263793011704
 0.00988490939426244
 0.018651754541270306
 0.025280686584307238
 0.010591303496500545
-0.009253397404382635
-0.02251126756042761
-0.030714400060366243
-0.017391039895267163
 0.013597002721898094
 0.04312546352628668
 0.05286770228856355
 0.040589903894623414
 0.009718810901706343
-0.02556377455739145
-0.034976208014390234
-0.031088670017145353
-0.027222183680661663
-0.013304698867413103
-0.005361207563510023
-0.005117945951370953
 0.004563476902040245
 0.012242652909719348
 0.0008139381664810097
-0.02397088579303086
-0.05075795659827481
-0.06590813714941
-0.05267600084760947
-0.01341933369812777
 0.036959627553522174
 0.07166445783174849
 0.059215907078300836
 0.01468696439819965
-0.027998788428587412
-0.05652846893017528
-0.05258245409748259
-0.014282467975926638
 0.025972983523003187
 0.04426453562774589
 0.03663915426203134
-0.00266195932903808
-0.05426893817173886
-0.07080618925969548
-0.04865750508881704
-0.013587779357396565
 0.01774176797878372
 0.0295961900374345
 0.027100396677199448
 0.022768430683904016
 0.01841073488301155
 0.00833400457532596
-0.009206709008914599
-0.02231955661304906
-0.024855114221388613
-0.017629718456784307
-0.010544667097254656
-0.011454568680145855
-0.006493395984079692
 0.004921280272003767
 0.0033096566637391966
-0.0027111203372882087
 0.0056487260350030905
 0.015283367420056038
 0.026560038344482735
 0.04195347848443333
 0.03557950139730132
 0.026307412345377215
 0.03298078678335446
 0.028709636698924734
 0.023823310305584315
 0.03077737355371092
 0.027874581418759287
 0.016321895784371668
 0.005237024833566306
-0.014977249667346884
-0.036941151084857723
-0.03673063650056939
-0.015601788339900294
 0.01213026407953241
 0.03539702534417244
 0.03680046737159552
 0.008567849194082405
-0.02714512577391108
-0.03682889174738757
-0.020754781242824802
 0.0006851636824265206
 0.015351151989406675
 0.013012076548171672
-0.0024164537396949848
-0.016132782285650557
-0.020747776162513262
-0.018006384140044907
-0.010535385666559913
-0.002636336757597127
-0.00821268980922138
-0.02489730252250641
-0.0346629360656098
-0.04047553553244308
-0.03490854282113788
-0.009213823348705921
 0.0036323658391392566
-0.00866414514214417
-0.023802630326189816
-0.03277765705403919
-0.03603832742193125
-0.03228411660950731
-0.026179137012082493
-0.014605403763581076
 0.008156117642790117
 0.025696827180383276
 0.03255498841837553
 0.0250793077514073
 0.004666212009971651
-0.008993978773954053
-0.015484909531981617
-0.011857008684124884
 0.0025353080329596628
 0.023624391945524265
 0.04837412575712006
 0.058916327628322614
 0.04952260675866711
 0.028964488465320973
 0.011362958972214718
 0.001580951915185952
-0.0020352576122286276
-0.0023276438127912413
-0.006519265401011998
-0.002351038593617752
 0.010993373232242531
 0.0210654213464449
 0.023495716604331043
 0.009323268741882773
-0.007431516173939598
-0.008224464085935232
 0.004350392585432225
 0.02370388402190665
 0.036098632040094954
 0.03231167015317285
 0.01952629282754597
 0.008095239010889724
 0.007299952025476189
 0.017212943147260587
 0.014462190784473195
-0.005656181706305621
-0.028181460744115164
-0.04881442938683446
-0.03968736693346826
 0.0004791997755809324
 0.03612667664122549
 0.0553538581131327
 0.03825289033145946
-0.013721323037853395
-0.0543650647708039
-0.059941417822428136
-0.039736503661834
-0.004402462634189558
 0.022574069071257793
 0.023343622202426924
 0.023371689060118155
 0.026875619016825586
 0.021222076542410262
 0.018702892447996104
 0.009292798064415228
-0.011440750735274272
-0.026043588106618235
-0.0317509292696455
-0.02577225963678792
-0.007338024053552633
 0.012864551033623578
 0.028374944844469743
 0.032236753034117605
 0.017987115748878242
-0.0038481366306474807
-0.018490738250095937
-0.02385423562069025
-0.02451853449470076
-0.024530231885114023
-0.02347531179695972
-0.0175761706603111
-0.010273585472915722
 3.938720333150625e-05
 0.020347220594313743
 0.03362847743789043
 0.026447520021579025
 0.010902036062816811
-0.009660760377365157
-0.031809448594890974
-0.03676126904393291
-0.019767902686131003
 0.005821558482494951
 0.024185621863192903
 0.022213780948569975
-0.0005781524588814729
-0.03257901791264971
-0.053286836904742174
-0.05075596148988583
-0.03384680177512872
-0.010968326697861977
 0.009201501361463485
 0.021334273156845725
 0.026089607392135707
 0.013907711008329937
-0.012593992839928833
-0.031582592869856485
-0.036113380103674375
-0.027311448855397852
 0.0007270221817812367
 0.02908594627721419
 0.03522367290248975
 0.037071538879315975
 0.04152513264369539
 0.027822838538247276
 0.009797936756499079
-0.0018576681082766444
-0.024911577738534155
-0.03719405427931011
-0.02832428990191413
-0.02118543985377254
-0.004905490888433575
 0.01537895176836955
 0.015729810757732554
 0.008509089093316657
 0.0030403334189163245
-0.006374439111500374
-0.007356851970346814
 0.001337481900705803
 0.007669351619668002
 0.01939746371375157
 0.029212213751983705
 0.027567843115868358
 0.026082529472170976
 0.014469027928917647
-0.006905426987279542
-0.013882885016232638
-0.008547460573300664
 0.0033794727613053605
 0.021750553362257036
 0.03652881719329696
 0.04362556391991615
 0.035406057906052134
 0.012324079394779683
-0.006968600179476425
-0.02243221656861176
-0.035177829646134154
-0.030511380200724803
-0.015361203696236975
-0.0030600186147651393
 0.00016322253179293367
-0.015817329082700796
-0.036873670014062054
-0.03863265524765504
-0.02240884404434594
 0.0026075441368917374
 0.01959623234785783
 0.005084618839812413
-0.025669520482209093
-0.04473998808176366
-0.046838138960953804
-0.03002254218291313
-0.008970883445035105
 0.0031572102035112987
 0.0050331450613524675
-0.004683367939974772
-0.013237361452600113
-0.017443017481328343
-0.02313632420384816
-0.024500006029814142
-0.020780881318658864
-0.0212627324660723
-0.020268628286783705
-0.009448076678849712
-0.0015420105496331965
 0.007781534070837551
 0.019902610499130224
 0.013486530090475818
 0.0014824032864313164
 0.0036016017797352584
 0.006172241442696069
 0.0050798921332077945
 0.012501770064916665
 0.022952748072820668
 0.03041205117921611
 0.03535918943477481
 0.027408676863970603
 0.009842233472133019
 0.00026606487588043404
 0.0013280021842884682
 0.005716101892966369
 0.014415113910854815
 0.02543214768589335
 0.0326856123315126
 0.03340604492090558
 0.022866178076473558
 0.00894401106974177
-0.00044737072649581044
-0.009644609429046755
-0.019761103984836825
-0.02346152015529622
-0.01469467500828836
-0.0012660565393832618
 0.0080574880810875
 0.007023615607046993
-0.004933729728639286
-0.017569406355519845
-0.022682622870397642
-0.023987827860915856
-0.020799672815626447
-0.0011678316424205831
 0.02296204771342871
 0.038498171331871896
 0.041155356711295436
 0.024103509471398332
 0.0082656413353972
 0.003650647458534509
-0.0005526694967758067
-0.003113956912712393
-0.007328969235112254
-0.015335619567946338
-0.015108731469732642
-0.0055746702416498845
 0.0005770908241331529
 0.0015454651958247412
-0.00030708297448471533
-0.00280521540813769
-0.004372396621461966
-0.0024613756623521332
 0.011944975495239887
 0.030624813787355855
 0.035047999597302426
 0.025892864216273882
 0.016681591073215485
 0.012707503312860469
 0.011156695613461581
 0.012723872780138451
 0.011636201617486006
-0.002023989166439713
-0.01328195155017052
-0.00040769348131040883
 0.020657999697075095
 0.028444773081978125
 0.023694112946876567
 0.004172204177665131
-0.02088863044516026
-0.03866325137119196
-0.04685468850404104
-0.03646686547842065
-0.018956563895260348
-0.013920540849821
-0.016711057460712886
-0.01933549985893307
-0.01624090775036012
-0.003656694785320991
 0.017055798306959885
 0.03372637253309004
 0.02658050121804731
 0.0003220610052513395
-0.015260848128197474
-0.011361614763863034
-0.002634533864959668
 0.012260683636975828
 0.027719617832627927
 0.02946924272590188
 0.02567526361872604
 0.015465206126219502
-0.0028918440808720913
-0.012664494844229227
-0.008327854750745364
 0.005224734609309015
 0.02171987832909584
 0.02266018381977248
 0.0024646219062025854
-0.015141585733739499
-0.01895895557509443
-0.018343781289507463
-0.01279316209212765
 0.003388545789659053
 0.016007844855966832
 0.01672359929852399
 0.019341020429843037
 0.020201797424310698
 0.011682890012954042
 0.010541420161689616
 0.019378437511234824
 0.023574733199643996
 0.030940473369322985
 0.03328188383732851
 0.021902289635866316
 0.026166418453394923
 0.0375857728563142
 0.03359531158203383
 0.02349285146675121
-0.0018907752877459633
-0.04555893895005576
-0.07308281788194176
-0.07123729097853346
-0.04503967072125056
 0.0075333413964001755
 0.03917398549716269
 0.023909190348549825
-0.0064823925936954435
-0.0495985349293782
-0.07689552373972681
-0.06033254689082054
-0.036139512552687644
-0.0202759186557369
-0.012444702875893554
-0.02039053729986194
-0.027627632478203212
-0.02357402026828663
-0.021115656129385554
-0.018809331762648707
-0.010267037663760331
-0.0035562380510965053
-0.0024521974211660635
-0.007350219181596021
-0.010938359827995667
-0.0012826667821815158
 0.015993727459187673
 0.019191238798148734
 0.006768417852298106
-0.0021855572147900654
-0.0060614038915928065
-0.0026253070640048087
 0.009664182650377495
 0.017916431645444868
 0.01543935087255309
 0.005916980964912472
 0.0002517431234076162
 0.005762598072682937
 0.018351489184557868
 0.02945272960264121
 0.03451214338225967
 0.021736122350304428
 7.396140370415083e-05
-0.00868353149627947
-0.01987599982430875
-0.029124698142053748
-0.024088675096614415
-0.021857201079250724
-0.014634144388064332
 0.001510138319035792
 0.00501406827574323
-0.006386577586480174
-0.023543683130183277
-0.035704527853227835
-0.030970245278699057
-0.01702703065785348
 0.0008855915531875702
 0.016414697951377025
 0.010300358013633173
-0.004983149722322985
-0.012114986596858252
-0.018954439294154593
-0.0173428197325374
-0.0012125714659447645
 0.0028737877718225807
-0.012559420662879892
-0.02321624117820749
-0.02732365612338343
-0.03145680087615642
-0.030668535157644006
-0.02664065275532443
-0.014964000276434908
 0.0009440360154561594
 0.015043968555301795
 0.03393900160186561
 0.04756176316445734
 0.0437467323965203
 0.022288070837278302
-0.0017482496285019383
-0.010426214032276573
-0.0072427371338229934
 0.007797502920022972
 0.03196480745055887
 0.04806230868930076
 0.04297716105543788
 0.023099713126703926
 0.013645176348182741
 0.019584081732935847
 0.028676058085033374
 0.03802065436626533
 0.039990152160822946
 0.03161626730137679
 0.0140708755703004
-0.012646023032406209
-0.03065689037364694
-0.029559866963970227
-0.00931752762868951
 0.025651617945760763
 0.04894878716483364
 0.0348675631656839
-0.007443937914237364
-0.044595443034246285
-0.07031121821408685
-0.07338476270854599
-0.044375576202933725
-0.018949850173561558
-0.0007752517397144332
 0.016190045737072542
 0.019137276220317093
 0.01697830943226125
 0.006962395033441357
-0.012063630171172887
-0.02730035643877081
-0.040223739096054464
-0.044469159372887174
-0.019911229581560108
 0.017785275598174763
 0.03785218442711213
 0.0423385252193423
 0.026355634531430666
-0.005778558107158507
-0.023588265134458872
-0.0298850527987998
-0.0313539929285718
-0.013834335051739838
 0.005378811979659906
 0.0051963622297391265
-0.006237030660335027
-0.02745476765753216
-0.043311348380876566
-0.03161832238806167
-0.012035601756631945
 0.0001837157552130042
 0.008166971307220591
 0.005862981967254252
 0.0007801734068092897
-0.00464180079923282
-0.016980415102038626
-0.01921189316604971
-0.005423057390786287
 0.008127192895850191
 0.021417806033098508
 0.03578439294258604
 0.03967894816008466
 0.030888708232250282
 0.021459901261326117
 0.019321986134031494
 0.021394403158977206
 0.02487494238150552
 0.026465510282361507
 0.021256391757349342
 0.004733175109900192
-0.016278723426520744
-0.024821021572056526
-0.020313629119065132
-0.005839444832353699
 0.01752789658925652
 0.031742443726579805
 0.028156642153598088
 0.0186810537143157
 0.011268528029631075
 0.003006918694244645
-0.011675447173308304
-0.024594151683756116
-0.02478361865393064
-0.011535108838204716
 0.011694227251748734
 0.033585613346656926
 0.04472661801284476
 0.03814680246493656
 0.021013087655412564
 0.010594852628711932
 0.0014864987160416177
-0.00743940747003162
-0.007179772343967175
-0.004281662402498762
-0.0006093191597017072
 0.012746788033248121
 0.028184670568139024
 0.03245113845908554
 0.03294234185352322
 0.028151917470317166
 0.01000772294425549
-0.007282709784268565
-0.016865895600774866
-0.021160436419383727
-0.01156088113559943
 0.008800750943994753
 0.022014174658452013
 0.022234045536411978
 0.015198110672011073
 0.005210265154206112
-0.007685048622062596
-0.01994881257549526
-0.019974544406415995
-0.015532646009126128
-0.023518244681199008
-0.024987184810971008
-0.013226325689036672
-0.00855753717020942
 0.0013344022908137743
 0.007528266678119219
-0.013165517873465787
-0.03530952794415579
-0.04299572521873604
-0.034184437676787846
-0.007844133941012368
 0.01864353142009153
 0.022650362161649888
 0.002599822799990506
-0.018921993741535095
-0.03898890661711987
-0.04537457907134142
-0.024888976100597926
-0.005317950836257759
-0.006660581001462551
-0.016917419962327318
-0.014632147256351674
-0.00871195445894185
-0.003049059737502288
 0.008821735835073868
 0.011198232404348044
 0.0069972545224556565
 0.0015284988480553235
 0.0013320146576270703
 0.006973857718305443
 0.008410046773579288
 0.006220672031090599
-0.006571722514790018
-0.009002021819323566
 0.009764362189255138
 0.024079489483548606
 0.03092361628103337
 0.02740330876375316
 0.01382030740261854
 0.010461395951174193
 0.018479737604450444
 0.0194644854900674
 0.01709266302098164
 0.015195672455731876
 0.0012173676869702277
-0.008188048549774826
-0.008536572512367308
-0.019352450020112863
-0.02956484658603732
-0.03460321275154196
-0.0377749983295534
-0.028481861663515476
-0.017717447817611365
-0.011680301349305991
-0.006733163093747288
-0.00992132218568409
-0.018154862640055572
-0.02555335388423273
-0.02104362235782345
-0.005951922688783418
 0.0021553037543734638
 1.9727700496741107e-05
-0.00956111904259166
-0.019492826798366752
-0.016742078482226752
 0.0020500353339489574
 0.018673828091720884
 0.014381626346529938
-0.006270054883532647
-0.02175472293342917
-0.02009866097687167
-0.010805524310833772
 0.003371597651802949
 0.02356949459214335
 0.040541809289184064
 0.04291596678504033
 0.02736112653260648
 0.011291690128232126
 0.002978621177651644
-0.0013814136966587287
 0.0016921267511530308
 0.006391323224413145
 0.011324427039464374
 0.013027270464380111
 0.010720942050995858
 0.013651799020315034
 0.010978236080318712
 0.0005366103194389543
-0.003477241689020555
 0.0013248740146276639
 0.005429945839738298
 0.0041738613909962224
 0.00028631934710393603
-0.004805845507012657
 0.0008897962422776684
 0.014821315496033674
 0.021567201209966178
 0.01982926763713437
 0.003341137090953905
-0.023155888610469036
-0.03838325858439533
-0.03376592968076211
-0.009853584152778552
 0.024186949274760942
 0.04839635712681922
 0.053086197306407686
 0.038293894988212916
 0.009553697879013029
-0.01742985509333546
-0.029586021669544216
-0.014466253119489236
 0.01809598590793031
 0.0362846187822849
 0.03337480942707954
 0.01757202739234709
 0.0008242596967784482
-0.010183421831235842
-0.016697743323442524
-0.006452603776314722
 0.0152984379135188
 0.025059389263138963
 0.021480604910410962
 0.016800116977846738
 0.006508191915713321
-0.004190731921136684
 0.0049199570183041386
 0.011605026823370945
 0.001481515047327131
-0.009098116045209395
-0.01808717721356623
-0.016391351008904237
-0.00577195971491061
 0.001565711573753445
 0.007263692396461671
 0.01574984873332018
 0.0184865626089527
 0.005027532138967367
-0.013154087561780894
-0.02599560264943765
-0.02713473342728416
-0.016246348690230727
 0.000538840133377072
 0.016907673888596667
 0.0167907181943774
 0.005907007557512417
-0.00061900930178381
-0.0017066804644362693
 0.0008779936390320153
 0.0020896316461863768
 0.0027328748127882774
-0.004576731641508236
-0.02398870396007785
-0.0360045261312119
-0.029859782285682618
-0.01307225438865689
-6.700820839375399e-05
 0.002468545353298393
-0.005603599035237203
-0.024122045308164683
-0.038210286527568166
-0.03691678095078692
-0.023415651205926563
-0.005849211860736392
 0.0043842323193018645
 6.396169309598465e-05
-0.02221103648899704
-0.046719849785195375
-0.042939909165174414
-0.016028871515428575
 0.008486954954376097
 0.025739958461566168
 0.023552922792495393
 0.002884868048507419
-0.012220870107687479
-0.02068363975701426
-0.022515136266562513
-0.014920166901928225
-0.006674935127114576
-0.0019944512411977505
-0.0007196582517597916
 0.0017644356947383033
 0.004594712507087276
 0.008384009420779909
 0.015649169433488708
 0.01771223016476277
 0.014365014080407995
 0.00720043017802198
-0.0028295186613053885
-0.00651122224442148
-0.0005840122267579406
 0.0076308115936228604
 0.005495235539746138
-0.0019196292183563946
-0.004174498016546596
-0.005601334824796189
-0.0024646393947008183
 0.004992324638276716
 0.006830834321431292
 0.003970145508002065
-0.001358265761323571
-0.00884798086879926
-0.01122915963155667
-0.0023406826668174313
 0.009649405650072218
 0.018612732964184635
 0.021066418956249888
 0.003301154323889832
-0.019914151372203537
-0.025541964039021828
-0.02141350147973209
-0.010272496813544252
 0.011780285347199812
 0.030167739462076876
 0.02050736422277949
-0.011144979291719967
-0.038388169413456616
-0.0479479644957838
-0.025464792826144056
 0.01357667956888979
 0.036630585152499895
 0.046412588162881276
 0.04374604244313869
 0.019024373465910425
-0.015757650281754354
-0.03703854226123508
-0.03631109245158837
-0.018877980291219135
 0.01256618164243882
 0.040981243499901635
 0.043799824945161055
 0.023124752980919344
-0.006761590103057075
-0.03064820987009101
-0.03841159656746232
-0.031993181132037404
-0.017186848419982553
 0.00133627195313335
 0.012100685799037475
 0.008154666919697406
 0.0001947980552215317
-0.007142877280089929
-0.011615187678460023
-0.009673758764917342
-0.009159164636300565
-0.007386149008847501
-0.0021185576950349255
-0.004286880776762411
-0.01776930198092687
-0.035511175879107806
-0.04209800864726973
-0.031214302057052126
-0.0059242422859188265
 0.028179446123904273
 0.049483724790916714
 0.042391652164485955
 0.015295823668077718
-0.014417427982973269
-0.02995589472148176
-0.024655556379818436
-0.00801539010812112
 0.005726664198784079
 0.009057502722566071
 7.311970104506571e-05
-0.014160144070268915
-0.015848957101324584
-9.529965501565985e-05
 0.01610979896095016
 0.023758567014196416
 0.01843249481828868
-0.0007946907002659431
-0.009168575559712108
 0.0019817854001473872
 0.01883480735287462
 0.04273779658718652
 0.057579215400510045
 0.041608020079687974
 0.009663292387949607
-0.017268800969204842
-0.024264971585501255
-0.007243536346684384
 0.02119257717153962
 0.044814877595702164
 0.04561951682813995
 0.02933722474273568
 0.01493086953849626
 0.006709024451214324
 0.013943776509490288
 0.03635677597659269
 0.048461478890959996
 0.042978688776052196
 0.032401396756933584
 0.016374063674081632
 0.004643608459932752
 0.0057102239151766016
 0.0077171468844208085
 0.011642110056352267
 0.014182341764880257
 0.004603834095209758
-0.007295034405028739
-0.010214200053905748
-0.009680893337945654
-0.009842291427105243
-0.0015783470649483183
 0.0060961507958949696
-0.0006216700836699923
-0.008375700487369658
-0.010480868586813533
-0.009519511435375688
 0.0051301033576791055
 0.022694203629451383
 0.01775407854749901
 0.00543417683203648
-0.0005561922145580767
-0.006626089757361592
-0.0011620162764444941
 0.014332004020476269
 0.022333972159827138
 0.01683013038415815
 0.003754707954710265
-0.010307803457096185
-0.02096228489900588
-0.025783117236644768
-0.02397033736108721
-0.010239978421271556
 0.007282018528978307
 0.018254609909076527
 0.016858181055259783
-0.00035506225047318707
-0.016499349004220704
-0.023582065336979832
-0.02686144829221518
-0.01978341415293927
 8.233436205772049e-05
 0.019484946340308278
 0.03238727329018334
 0.04103950383971354
 0.03651807289956729
 0.01872240031277439
-0.0006030262893324811
-0.015016398713825638
-0.015591812797955518
 0.0015840012864434816
 0.020095426292469826
 0.026050705191148313
 0.019868532124285035
-0.008219063501317597
-0.038624680884070325
-0.035006136329885224
-0.01804785607335198
-0.008626070369328956
-0.002390102660501131
-0.00576304855245291
-0.016195318019661023
-0.0242393935271817
-0.03751597627056996
-0.055940859606780996
-0.05408597640970103
-0.035852901140406124
-0.021731916939799284
-0.012553394871239021
-0.009449446468994427
-0.010831840882303712
-0.014326418591986897
-0.015393038093878153
-0.014258589509514863
-0.012588493112449903
-0.007510366745488162
-0.007503351548558135
-0.017771885876512447
-0.025869760072645076
-0.0221693479488331
-0.01564567420960218
-0.006846082034743545
 0.000552405162786207
-0.003264964678568738
 0.0010202157997210581
 0.018207725251209624
 0.02738624731976988
 0.025187516283609546
 0.014259363251804241
-0.0050262991021981646
-0.014520600128823821
-0.005618088723577108
 0.0047790905957149216
 0.015253459337798037
 0.02307531882396975
 0.019737459033286615
 0.017594865759156156
 0.017969115482698264
 0.015052288907239184
 0.009489970296122405
-0.0016393430496232791
-0.012085646957338866
-0.012780353785782211
-0.0030568276108486336
 0.012589232458236371
 0.024691596299185756
 0.021903418761711792
 0.006771950797919868
-0.00955010553558891
-0.02107004414212578
-0.01869822571968742
-0.00418661625828938
 0.00700818709651041
 0.007029236733947911
-0.0016674402571700137
-0.013814250539707112
-0.023327264153676072
-0.020440849579297232
-0.002247538558106818
 0.02124845190148853
 0.03795411222888735
 0.040534108185519814
 0.027730018272549638
 0.00989224236423436
-0.0008651583080634268
-0.0060508860988964935
-0.003756257099249205
 0.007298201850475902
 0.015042871913856545
 0.019735051166862916
 0.02298870026785383
 0.013885024502019339
-0.003779659973370514
-0.01662117506102727
-0.024981025479965974
-0.028129420323798282
-0.014335906401699017
 0.005076061870223178
 0.016228761903500574
 0.026085615263255098
 0.02892290929585782
 0.026069237702682324
 0.019751398377580193
 0.004287781988444872
-0.009309253813197221
-0.018857353528434873
-0.020321615511371044
-0.0031200716193750255
 0.02059579174150397
 0.03281744832676684
 0.03013452909309887
 0.014703659731814298
-0.008923322885831475
-0.026183347659922668
-0.03003112545571046
-0.01858838031861207
 0.005253793006834137
 0.01897245657956024
 0.0178052569206988
 0.009115597149834606
-0.01116651048019801
-0.02856454058594597
-0.03317719538939076
-0.03244506743290823
-0.019783665045078044
 0.0008025180826356226
 0.013489650278062842
 0.022141880827593052
 0.021559449523209435
 0.003520513300953765
-0.011508035432450048
-0.019589536114657302
-0.0278254156424467
-0.028826541088636443
-0.028461647658765965
-0.0272266189174325
-0.020438629881977602
-0.009075413241088195
 0.004849088792414094
 0.009618457468211536
-0.00010039460653361865
-0.023423297679850935
-0.04595091579107838
-0.04937298222480632
-0.03897112475867846
-0.018679664881621608
 0.007468834833885149
 0.018591126912729704
 0.007291061207476496
-0.009557286645062321
-0.026106233100108497
-0.03458069811652484
-0.016179209561140315
 0.013138734635636251
 0.02940932730730357
 0.03034027650430858
 0.019893972596593
 0.007134325078563139
 0.0021567748219241817
 0.009672215690349512
 0.01965070086783543
 0.024726488161379248
 0.01903785958569526
-0.0017822349304569551
-0.021191868175608627
-0.028887421743860525
-0.019685508941121158
 0.0003369574928758917
 0.011728243014780246
 0.012315348419352279
-0.0003483970885432147
-0.016850562075231168
-0.019264487865839314
-0.015318473033146651
-0.00900999404836357
 0.0032140016103171937
 0.011922369921877285
 0.012277907058076104
 0.00975404481682611
 0.011470922682249293
 0.01162529950450776
 0.0018386143006431654
-0.0068533845436389434
-0.00850945054684385
-0.0025284418405683573
 0.008119018334440217
 0.01299130624062575
 0.009739992166405337
 4.766577734793831e-06
-0.006837025192979462
-0.006242902568153685
-0.0016185564442667416
 0.0036887991176502988
 0.008121341221268522
 0.01408597641361864
 0.020597954785760007
 0.02724559941614023
 0.025119379655935165
 0.012904736244278639
 0.0014385963263537221
-0.005407873591196363
 0.0017660625582139045
 0.023077358445480096
 0.04202151203382004
 0.04834870360594641
 0.04162620457954562
 0.023919416782633367
 0.0033215342411827276
-0.012553759069504983
-0.01690911579697954
-0.001630290254506589
 0.009644041596502187
 0.0025683424839967883
-0.0006432073421191314
-0.005695607948131232
-0.013858976199965387
-0.009618238116615899
-0.012462553416119751
-0.027226786853299573
-0.028765899185608915
-0.017589808418152414
-0.00404189720493385
 0.012135132530017023
 0.014811030496783853
-0.00047949445942603586
-0.013908116974978527
-0.026578879703127764
-0.033210154866229996
-0.022689004655788658
-0.013454344825198528
-0.008032374665803838
-0.002325037549423939
-0.009831126170825016
-0.019769851146853853
-0.020415437433521075
-0.023374367330502563
-0.027825626068111467
-0.03056936121064513
-0.037827508049747605
-0.04166359047844585
-0.033104922865632075
-0.01580513789008378
 0.005143601617406138
 0.01991952637502814
 0.022452740863302394
 0.016623767882543716
 0.003087547989767306
-0.011517628454994572
-0.020069282894201984
-0.02210661786452643
-0.00901014782096475
 0.011042726567465147
 0.020312472499323955
 0.02783726966142091
 0.03398435258036811
 0.024749688703130587
 0.010429879215353904
 0.0019624314191912795
-0.004446631769209397
-0.001085385290994556
 0.014104555461597737
 0.024380102963158408
 0.028005664737597226
 0.029275779580199363
 0.023086589293082348
 0.016686882398353337
 0.016897396982641644
 0.01619333386052664
 0.008553918054304624
 0.0030594325723072857
 0.0061119213593578275
 0.0036465359535556158
-0.003908673209621599
 0.0014337684535641326
 0.013451925651468702
 0.01220519749639827
 0.0018922207735036362
-0.005206869073180867
-0.008034810858759331
 0.002547155260547704
 0.02305848803888822
 0.03366150581895645
 0.03011546849407923
 0.018214260920422817
 0.008238110769707402
 0.0026056199560532817
 0.0020231886516696856
 0.011912789039274965
 0.018890243021580683
 0.019996622724929025
 0.022200027861277782
 0.011732672292801005
-0.005765937969917159
-0.012259207801362637
-0.01736072894915089
-0.02399668225908895
-0.0205909933859338
-0.013714119560598273
-0.011349318358413643
-0.012874396250215511
-0.018298709529675522
-0.016682411821222515
-0.009714314132588442
-0.00739395532534412
-0.0021216858646957437
-0.003005857639989923
-0.013475552281884615
-0.016696458401672165
-0.013987813407054586
-0.0045683667764494645
 0.00919707826463484
 0.014305612586029443
 0.010998160749779162
 0.003337693282795942
-0.0023626306599776187
-0.005003446572123177
-0.011810152241568755
-0.01587312479180439
-0.00798109310309536
 0.00553173200885454
 0.017638773996639753
 0.027455863108289784
 0.032917597515788974
 0.02980428877322533
 0.018962681457882748
 0.006715291018375466
-0.0020071157803394912
-0.003567279773410037
-2.124649518019106e-05
 0.0017447519120191435
 0.0046966605420995094
 0.014010848868898612
 0.020915791575249087
 0.02208532626088104
 0.018759161837287465
 0.00800176116498967
 0.003159877166589581
 0.008682427482954475
 0.013367589515707115
 0.012852991340442918
 0.0009354102528611324
-0.014191379564094955
-0.01332358534937357
 0.0016605169424425414
 0.016279723781064473
 0.02153561972778749
 0.011566486797325817
-0.006013991035019248
-0.013021857018405206
-0.012458142348012277
-0.009735462912887224
 3.9522877240405485e-05
 0.0055737685606948445
 0.0059035758892966445
 0.012799162301975475
 0.014342948734473226
 0.004242827692608517
-0.009627879698929212
-0.027732309976886388
-0.034029097641227316
-0.022179353729412363
-0.01187807642025468
-0.0026644682504257527
 0.0038171021672827737
-0.002292559623625262
-0.010093371495683151
-0.011494478496335711
-0.010738959805674075
-0.008589353357937285
-0.008320361938201182
-0.015410095491214054
-0.020329168912405216
-0.018053252500101216
-0.01541244063460305
-0.008332067421909242
 0.0019762271075021848
 0.002727067651328005
-0.0023206548078482936
-0.007819818436681475
-0.024635419261369515
-0.03949321563526581
-0.03703719056978265
-0.030653861235626412
-0.019211116098528006
-0.005525199553652674
-0.0037779137337966284
-0.005094814091404401
-0.00885370709731155
-0.01943567726326599
-0.01771412125100698
-0.003127661440235782
 0.008916225565265806
 0.0222395857303649
 0.02767091218343124
 0.01593577882244654
 0.006773626221164258
 0.005414622542034106
 0.004776053475620615
 0.009405077746343374
 0.015552160665290582
 0.015959157416683453
 0.012668079094358548
 0.01104943826584022
 0.011465791310904735
 0.012104356330670835
 0.013559257973287955
 0.008850701159708804
-0.0003769454972749886
-0.0002904018041359757
 0.0009118799093467411
-0.0073403731323680305
-0.0076234030392590135
 0.0015504408824654203
 0.0009376016236489759
 0.0001259411243100389
 0.008665896149780514
 0.01907009268932628
 0.033752454510231844
 0.037693791196088684
 0.013002530173293267
-0.014069907588935865
-0.018539878913888044
-0.010004602035253413
 0.009243631097415009
 0.026108348417231794
 0.020124996590890995
 0.00974184766545902
-4.015939156976067e-05
-0.015012570362943706
-0.01720428417885031
-0.009628027401559283
-0.005843408634702493
-0.005656284784593291
-0.005511264256006496
 0.002759697326404187
 0.015797690534518086
 0.014045722521178805
-0.0030716187744198042
-0.019003049847137382
-0.03205508154240616
-0.037114499368672005
-0.01855863196770534
 0.007905642659219447
 0.016656114292301932
 0.012717112633215594
 0.0015761039203803506
-0.009078377521529332
-0.0040844577976123925
 0.006600427552082733
 0.007627278759222103
 0.003461386978598366
-0.002709090721175339
-0.00853104648168028
-0.0014319606816431824
 0.008904402728783165
 0.007531364609145538
 0.0009702616485806337
-0.016378647915391203
-0.034833939206035086
-0.027826077269296506
-0.008364988455598174
 0.0049911187373516686
 0.012253939676642553
 0.004572420548898143
-0.010624541470595286
-0.013595166734666347
-0.011230365532481718
-0.010182462664581157
-0.008451550358650486
-0.01582898994206644
-0.024069547616691667
-0.022907030151313443
-0.020974957531442406
-0.01125377042992673
-0.001998058938575409
-0.0117636924816788
-0.02166499228302103
-0.02228952690892705
-0.021138704810638398
-0.007268001465748075
 0.00956630789963589
 0.00574659898486303
-0.004877474502613818
-0.008704200637640408
-0.010778960782651434
-0.010252671286945084
-0.007597824980939458
 0.000752665097680183
 0.010160416361195745
 0.015573030226918819
 0.02537140675122556
 0.03006358600423193
 0.022667433833472687
 0.010948673986413374
-0.007639944489051462
-0.021389020062857797
-0.008451607011714088
 0.015975334668209953
 0.028697552964905837
 0.03287981421280754
 0.02571055216358569
 0.004651872158806539
-0.010432814336627155
-0.009080831924398125
-0.00650317504118357
-0.00546228939353674
-0.00048474318354517487
 0.0024507919326098027
 0.0005187152660913602
-0.007399050276862093
-0.009403638219335778
-0.0006344539989100034
 0.009998971735591083
 0.019439470026957395
 0.01923596861627542
 0.011552110415113087
 0.007325402725623653
 0.009098418353076718
 0.014698158092232697
 0.022814740829061216
 0.02480996843121585
 0.01837751450863607
 0.01307951119374326
 0.003709181058266897
-0.0035045233858952696
-0.0011022970090240614
 0.0006005464158916618
 0.005711419810704166
 0.015423250618548198
 0.012833894321596678
-0.004257717166404912
-0.019583328223883464
-0.02632220076420963
-0.0209142650453224
-0.003003981907699252
 0.01795645296688024
 0.031752305962397406
 0.027074157103251097
 0.0071429104859051795
-0.013852614536590369
-0.027393512576202594
-0.023031142675121727
-0.0013502731878255597
 0.015095749990185106
 0.01423496894907006
 0.003517332524876765
-0.00646583484609238
-0.005743063183281494
-0.005134906117948243
-0.014685344906603795
-0.015242046403390386
-0.008994383327473002
-0.013918134895499978
-0.017576447744436965
-0.01653322302337222
-0.017845445234144164
-0.007226053940150537
 0.013722685567339382
 0.031127728846693688
 0.04486744408018098
 0.04513175735308125
 0.02379238853815275
-0.003937328854509453
-0.01926995713224175
-0.012182566699294198
 0.01249465583634636
 0.03127741335885042
 0.02843543713276448
 0.008108887107791549
-0.012594253737465075
-0.015609321396476444
-0.005815623019005525
 0.009888913885527262
 0.024905763205194137
 0.02059718794607781
 0.006490234139331044
 0.0017091660497966371
 0.002270541646771651
 0.010578928403868898
 0.026975831040103433
 0.029062282505556612
 0.014017360258227404
 0.0009606504161228241
-0.006304513643233381
-0.00415958534233242
 0.005404883840183186
 0.006090230328307522
-0.0029783593362583127
-0.007453008808046335
-0.006033193266697878
-0.006056586024200686
-0.0022743063307618105
 0.002562895474155072
-0.004112822083887496
-0.01722099154118613
-0.02929295147435007
-0.04086902784291681
-0.04016496876744921
-0.027440411397335426
-0.022053527339209386
-0.01903846372684541
-0.011712487805270913
-0.008652981797966641
-0.00694779929963299
-0.0036941501986420683
-0.002342167786413038
-0.0033292587920953076
-0.009307932471600291
-0.021602104379465803
-0.02943098513253864
-0.029356136806489172
-0.02374002355340782
-0.007074127474113498
 0.009825675946971965
 0.020564359985279057
 0.025848324813017
 0.011392849067001443
-0.009614371322583665
-0.017541493159208776
-0.02199041282339978
-0.014584908405616284
 0.00909820792741195
 0.016732941540150745
 0.004508941834822575
-0.00732677168313231
-0.018278315449116733
-0.016895925082454855
 0.0038352805971693243
 0.02241921687915093
 0.024210945093947292
 0.0144453115508439
 0.0019850654303066873
-0.00755601706467722
-0.004098868576328005
 0.011727300145936162
 0.02443782307554248
 0.02768679402969758
 0.020786525423535547
 0.007233932016833755
-0.0028264247769264617
-0.004964339904221099
-0.002877888438767906
-0.002131726041777901
-0.00021368786241433846
 0.005741591036264135
 0.009362474663867137
 0.011376414853365074
 0.01250384621747462
 0.002045846942669474
-0.012706691127420802
-0.012636520948207164
-0.001104891021228141
 0.01402423382249847
 0.02483776821017873
 0.02100870300173422
 0.012536577058735773
 0.00524100504494672
-0.0026557088372455434
-0.0033644501061963483
-0.0005435295875190205
-0.0003540666639919171
 0.0022750498344166897
 0.010274678900349651
 0.018606456391626017
 0.02039818460642237
 0.014571550699081615
 0.001444668654439693
-0.0180047288388165
-0.027499029865442184
-0.018486582009553637
-0.012075183794382438
-0.010638994739108606
-0.004594831050549503
-0.005780743296754237
-0.011137223447094821
-0.013436534640225317
-0.020720411286924825
-0.03157137489593906
-0.03695124578045876
-0.03600860121636419
-0.029828771269566234
-0.01548323602083991
-0.005146872610413564
-0.00336917883612467
 0.00153117795107581
-0.0002886231913828835
-0.01187405585362128
-0.021904004692948634
-0.027246450402781758
-0.023775267473925082
-0.01695920955745525
-0.0108893160612991
-0.002620693552306347
 0.00457897240470094
 0.010644187754021248
 0.011504964748488902
 0.003945077438475872
-0.003914211269029799
-0.010187608199191622
-0.014332448319054156
-0.009839090306570222
-0.0007588093215622482
 0.0034445035871006613
 0.0023264244700153536
-0.004723544834893012
-0.010610994651099465
-0.002980939185196499
 0.0032222814957805768
-0.00012961273541001184
 2.476408684844167e-05
-0.00241255243793885
-0.010779420077131271
-0.019120557908726687
-0.02667108892506806
-0.02377999620385339
-0.005193720848453889
 0.01501821053239398
 0.02117464974501284
 0.009025500389057833
-0.010229754010511724
-0.013686906545508332
 0.002256215847651427
 0.021258846271439147
 0.03160690504895505
 0.029815172787511286
 0.021518477350856206
 0.013794854901589382
 0.013429957425071512
 0.021041300303631195
 0.02144595798160616
 0.006599856974799409
-0.013055378979232965
-0.024563622218680276
-0.021847960003808967
-0.009034517843814538
 0.011832354094048494
 0.02972158557091044
 0.021024908579792514
 0.00011592927375968232
-0.012758332841747821
-0.024797545747061014
-0.026222043481892693
-0.015424882608137805
-0.0067165142965777275
 0.003119287402415599
 0.016384170732066897
 0.025866772344955623
 0.028846749856050923
 0.021279845325784155
 0.00044103822228865053
-0.016533619594817375
-0.017085642944768137
-0.010587699013134236
-0.002583391800365459
 0.0028760035337158235
-0.0007706139481315905
-0.008454472149293929
-0.012847254051455051
-0.007769127684493324
 0.004118041402008235
 0.003629173034341071
-0.009338652017882906
-0.01805404159634412
-0.01520973034348766
-0.00250154648729925
 0.006707383535693834
 0.006052440955354968
-0.0010536661115832652
-0.011249689163582322
-0.014734910579593877
-0.0030605971741222565
 0.018362974237203657
 0.03148517408836238
 0.03028756647506809
 0.01762849911400842
-0.003191595402143796
-0.011715180960336274
-7.595365613333183e-05
 0.016482345045937083
 0.025922843337303395
 0.019254142999514577
-0.000412788321607363
-0.0174529401944149
-0.022631650764994238
-0.01414783350155363
 0.0002959428307249684
 0.007795010185224896
 0.007287429230214443
-0.0007145429557838257
-0.008927031749394104
-0.0037693768862233773
 0.00768272454454666
 0.02230660953000442
 0.034299036920311984
 0.023291355392297687
-0.002960067600244573
-0.024874848475979275
-0.035372611998888887
-0.026610444998716842
-0.0014443561187328369
 0.016632001231562
 0.02097331947188169
 0.018802657316736304
-0.0005180911385347653
-0.02013590191788056
-0.017226096609322603
-0.0078089890521353955
 0.0002865420239319266
 0.00716809399610327
 0.005771665142286525
-0.0005882775043380001
-0.0032478060038268475
-0.004847734245001886
-0.009549273838327307
-0.010955058985815697
-0.011682512842109805
-0.01883774045082419
-0.02485617837843368
-0.018173447646784774
-0.003074730757491012
 0.013717475286370531
 0.032586778525337305
 0.041748927079972194
 0.03347094423066039
 0.013495255218374164
-0.006931874963568951
-0.016931415848463485
-0.02016869548217641
-0.014168974188557629
 0.006403174498648592
 0.02411463639574927
 0.029080487238651274
 0.02871792883555132
 0.01682841662898446
-0.005165892742959227
-0.019457633349720976
-0.02377556490250894
-0.019396821487502686
-0.0076616921731653825
 0.0048523485893364054
 0.013563055974314397
 0.010845050639377754
-0.00495071417510097
-0.023777918139192764
-0.03244184810245991
-0.028016323219095432
-0.015088266461623367
-0.0012245803369867747
 0.002950663690661215
 0.00010868746457527723
-0.0010678684879578126
-0.002328631083535704
-0.00805468483390627
-0.014912850118545914
-0.016339686926795507
-0.01198667331938627
-0.002929783068557401
 0.009624021942048866
 0.0194621627144601
 0.024987052104242895
 0.023651439159291854
 0.008068530025843054
-0.009902573067293197
-0.017846068417843683
-0.02012198887679509
-0.008936541815666929
 0.016150018568108104
 0.0315270851941333
 0.02861727583892794
 0.015661146153793534
-0.004426818382552433
-0.021438901374345037
-0.022304360562295927
-0.011383228797391745
 0.0041926590691559185
 0.016723073345583067
 0.014040154111915101
-0.0004901719834736057
-0.011841697303920859
-0.01459712781354408
-0.011259272069508358
 0.0001717777005004889
 0.014079906220077404
 0.014985125609485367
 0.006739889788024325
 0.002798549055520072
-0.003666651894910458
-0.008740104161683776
 0.003266357669131248
 0.018304258649559306
 0.027550613847239003
 0.03171416250779742
 0.021347387096290818
 0.008482481274454945
 0.0018839531392034758
-0.003722807866853625
-0.0002773547455939829
 0.010365427282578749
 0.014727797183659644
 0.01576634375788856
 0.014297403628116559
 0.004821815188834164
-0.0046280434428511985
-0.009359990990609454
-0.005853721960484115
 0.008835657080675158
 0.027099140304402913
 0.04161542791263677
 0.04076166409177544
 0.02006554046677253
-0.0027614790419475815
-0.011518971941931189
-0.009575203954970593
-0.0016551033852466313
 0.008470743417567692
 0.010405155110856656
 0.0031867725198586744
-0.0064759417928566265
-0.012157553148286884
-0.01840755934426959
-0.028152141226611763
-0.029691253558921105
-0.027045763546587123
-0.02045191760481886
-0.006497007616883724
-0.0021673847436536053
-0.0031919009240224533
 0.001956397645476615
 0.0037036834653326745
-0.00030081224945517626
-0.007491125959438225
-0.019303448743214005
-0.02288691124277782
-0.01263007632856046
-0.00876125091865887
-0.008588161509057127
-0.003514713288931201
-0.006911049915062112
-0.013245262754089632
-0.01751875191193729
-0.02220391799133732
-0.018250885938390915
-0.008422101459651318
-0.0047357237763468035
-0.009993962843135126
-0.019495281090014527
-0.025962821113862986
-0.021111584868438643
-0.009463001270564056
-0.00439657027069186
-0.005519327534612983
-0.008829118444281192
-0.01459961458959208
-0.01786964125115577
-0.01678431320856863
-0.007650233534948689
 0.012227210347137862
 0.02483013589952026
 0.02197178615950896
 0.012351175168316061
-0.0032364121119685674
-0.01216699644487762
-0.0039030520827206677
 0.006096484755526446
 0.00971269023629362
 0.008384094511596288
-0.0035100958418063793
-0.01762406686880688
-0.018262635935220373
-0.006871350413316019
 0.007675345149350685
 0.019478307592807415
 0.015857419918557006
-0.007152047316760182
-0.02570324061753841
-0.025064675597772326
-0.01308628264797225
 0.0020475203425901756
 0.00736189312476096
-0.00498373839829859
-0.02104615758241922
-0.02553951964155053
-0.021930331381037088
-0.010494603464192426
 0.01087984740535737
 0.021176446567679218
 0.00945300857378406
-0.005877280630530307
-0.012024367596124907
-0.007552061244402206
 0.009532528976698249
 0.025931770686350705
 0.024144716571742768
 0.010554697990354397
-0.008272505973737382
-0.025420255223768853
-0.024732569662226617
-0.010518022524903331
 0.006311608693644791
 0.025019515866775685
 0.03794757262424777
 0.033760629182862836
 0.014126444889591652
-0.0076737213886654
-0.017858049073574897
-0.011790494650836675
 0.008599206309772442
 0.033281106992248816
 0.040899467091062236
 0.03279925382151169
 0.01942442999457116
-0.0008483213417898039
-0.011077091421639623
 0.0022603031839669163
 0.022961100909158254
 0.033437808724659276
 0.0352435713799631
 0.022897939856903547
 0.0019725870369453335
 0.0016357584414423976
 0.015340387573661018
 0.023878003525713586
 0.02699364729504774
 0.023499069585364553
 0.013242230624499779
 0.004243813162471313
 0.006945440936835162
 0.01332175305073767
 0.0184606953265651
 0.022483899582048855
 0.012917087279467929
 0.00024866362473660586
 0.0013760949888461521
 0.011560418627108257
 0.030062487339462977
 0.044424396102114676
 0.028764297545874798
-0.0018073940495496321
-0.016644138762684724
-0.02035391122681575
-0.01585821414091393
-0.0013980642947099553
 0.011906583283045849
 0.021017272222486665
 0.01888871338886368
 0.006746581253162395
-0.0025816455607915595
-0.010192992485998642
-0.0128314693247263
-0.008679616031257442
-0.005830626631565167
-0.0062352883561875155
-0.007075017736541386
-0.006761583921864975
-0.0028366207499335022
-0.00013031482873382405
-0.008955640857836872
-0.015797432628551128
-0.015222022591068654
-0.022187785252932204
-0.023118738496584607
-0.010621071248008221
-0.002855349523866388
-0.00034786484318916067
-0.004197981712394869
-0.022697715397979074
-0.0386782670124728
-0.03572635838239242
-0.022877830121129344
-0.007870337095134128
 0.00456885331799449
 0.001118718003251612
-0.01242685818319643
-0.018314307999402882
-0.017355289921382952
-0.009161517761763369
 0.00020413018022980012
-0.0031477640509608024
-0.008464479953196893
-0.003910306031847291
 0.005139566998727849
 0.0146478984192136
 0.018907349089906378
 0.012704124362281896
 0.002718617917894864
-0.007708973402477434
-0.011067884853921767
-0.0006052114789282109
 0.005268199850123376
 0.005329013735665369
 0.008758093342999637
 0.008655172089287844
 0.01062700895726336
 0.012222255004955176
 0.0037080257404343425
-0.004279912005056466
-0.00475474593221617
-0.005355889823943055
 0.0014204038444222827
 0.019562255250418645
 0.026397025754231772
 0.023795974090190714
 0.02337727792506089
 0.011312335212150679
-0.00732540380509028
-0.013846742517550678
-0.010558007315291093
 0.0005970317914042039
 0.020175074275998107
 0.029989824314230237
 0.025381847657621276
 0.015990465861383696
-0.002621543348260244
-0.021986734198471636
-0.026253206136065535
-0.016251330224400506
 2.861874093845751e-05
 0.013015152333858318
 0.011621062553459488
-0.004541936787631318
-0.01853427599690044
-0.022889632724374984
-0.017528478473845976
-0.002752553716223974
 0.009649211522218051
 0.013515697858701728
 0.006842319374077102
-0.006216729541445407
-0.015236198664235104
-0.01863487436378393
-0.014415187941195631
-0.0024859155331716787
 0.00863169839883704
 0.007239947691856111
-0.009238826560652724
-0.030019156828700433
-0.045793869982417953
-0.04566522296775653
-0.026190099713550727
-0.005592221218747487
 0.002669384069991537
-0.00037375247003477996
-0.011825857947452223
-0.024796022073094087
-0.029668314025927026
-0.02631408476796593
-0.020115542233824682
-0.010562768418398621
-0.0015666940764354348
 0.0013477893789583528
 0.0011442879682763557
-0.004923270501109259
-0.014883047137899286
-0.013671409130744924
-0.006343094135752514
-0.0005117861282233488
 0.008832810153008616
 0.011082996757715596
 0.006989616253047115
 0.005403722452379536
-0.0007527208068866947
-0.005264795453361296
-0.0003995247674294933
 0.003752328526039364
 0.008888931728448887
 0.01793178753877029
 0.016970426340685046
 0.012093456241016279
 0.006224719012153115
-0.00925527089090758
-0.01693211187181619
-0.01609004746469181
-0.01449714049041792
-0.004301121485066242
 0.007621133702703967
 0.015733038292696663
 0.0193422265532101
 0.01363488539018283
 0.0019254818367951537
-0.003332757229993169
-0.002270819921585135
-0.005667156547716032
-0.003940922388621204
 0.008954387341000111
 0.02100295249333753
 0.027594459361687883
 0.028625988715663075
 0.02531151965915906
 0.021716361792505683
 0.021178372883062374
 0.02393146027262029
 0.02507994329749104
 0.020500035521897005
 0.013672278191690201
 0.010734399955469917
 0.010353128965026673
 0.00942217572137427
 0.009249082265125136
 0.013024344738310295
 0.022156085338512314
 0.031404779609609905
 0.03317311709022715
 0.02577462584604999
 0.01645107717893185
 0.011209211626068916
 0.008552022199997969
 0.00867365199440566
 0.015997288842562254
 0.028567467367093896
 0.03545837563293689
 0.03188894757388054
 0.01601131518977493
-0.00714317459745277
-0.016197729821511117
-0.007601637034010789
 0.0064772438450736575
 0.022584101377487183
 0.030651563572539564
 0.023830823462586505
 0.011185790542034307
-0.001658063619040362
-0.012869244534412932
-0.014974412633856807
-0.011054127608761177
-0.009732553150964968
-0.006581823280362151
-0.0014498982247884568
 0.0013265798989485628
 0.0059766558304325396
 0.01590368139272441
 0.020502297709014322
 0.008343792059387664
-0.010663520557883263
-0.023481644911360913
-0.02312142962832628
-0.008329131356778902
 0.01059630964421776
 0.02645288632091479
 0.032181275098055864
 0.021166576349787837
 0.003296053413621783
-0.012085695405886637
-0.02141392221984062
-0.015507763862938284
-0.001171584907883605
 0.010530797378602949
 0.01922513124965556
 0.01704511280083852
 0.007239715009630637
 0.003574384940439934
 0.004400075833638925
 0.004294815506509217
 0.004982501068051426
 0.005099452715623315
 0.0008049118970144542
-0.004518821225475381
-0.008780615016233478
-0.015376804078067033
-0.015762753215346106
-0.00540065999732274
-0.0021236201621527007
-0.007545594368194811
-0.006827500852219726
-0.011234317194888321
-0.02548629355354559
-0.027329485430183403
-0.021058431620086887
-0.017271473779812196
-0.01007180782280491
-0.009339679866322378
-0.011077613439154158
-0.0019107867376834675
 0.004947374500308771
-0.0019856411337040303
-0.012640122575613713
-0.016125343991625254
-0.01352897452106741
-0.003124777981521637
 0.01177979581408549
 0.01725556466209216
 0.00930505209128793
-0.005828754945921902
-0.014930091638338486
-0.014649404851512823
-0.014137149796313947
-0.01009991110032274
-0.004020661310494972
-0.0042148064275052965
-0.0037586891343362877
-0.002275718610704233
-0.006095427525477093
-0.007087196677995164
-0.0038662946048550056
-0.0031996607040739866
-5.594805372489964e-05
 0.0020772848800865162
-0.0029891501664330716
-0.005351616341847193
-0.008565505241381027
-0.016567477427379296
-0.01515234003286664
-0.007847415772053348
-0.0041329692077339
-0.0001074258788322513
 0.0017638308321731022
-0.0008606115660470814
-0.00388035737189428
-0.008256765760130028
-0.0097233668164841
-0.00010042079852071173
 0.010362252576472844
 0.010638261216462677
 0.00472742066607712
-0.004928276426384437
-0.015005006734070028
-0.015255289613110248
-0.00839011115486428
-0.003134215208141264
 0.005997525392060762
 0.011407800184365907
 0.005340241714980279
 0.0009778677672520053
-0.0027623126513118684
-0.007650978118070195
-0.002799741872645853
 0.004051402145092656
 0.005216258683888794
 0.004460735946579739
-0.002706187029224205
-0.009297697944221944
-0.007779641319321212
-0.005335311620927596
 0.0006573924524374553
 0.011089657872998177
 0.01690693144001988
 0.02003193150302568
 0.021821320644404125
 0.012249830194987377
-0.0023062257079983634
-0.01115728154469843
-0.014841324201232436
-0.005534153094687064
 0.010469785207338378
 0.021236538126660404
 0.031448930645937456
 0.031865283691001965
 0.0186471777830615
 0.006310902553673586
-0.0033050302906834916
-0.006975038506710024
-0.001110983471330082
 0.00273912935122822
 0.005899215515502695
 0.01231763095092761
 0.009667458745110394
 0.005691031911337491
 0.009246421483238967
 0.00891894918140769
 0.0057144165755455
-0.00164898856736298
-0.015384029700661855
-0.022562648043555344
-0.01798040524119081
-0.0040184780330019265
 0.015124496795860476
 0.028087639654601218
 0.02572751255260501
 0.014668371409396683
 0.005068812078964993
-0.004210294193212852
-0.008722368839687467
-0.005700288007069745
-0.007571548764722491
-0.012481265892242022
-0.008289648350668671
-0.0005566736543776013
 0.003560093537822606
 0.0041986585575886776
 0.0013566823315027537
-0.004313233656837959
-0.014298740101224991
-0.02256502758344725
-0.02012303695847155
-0.006345896550297672
 0.01338418570646048
 0.02552865286893226
 0.021131192819935307
 0.009564472745040214
 0.005148300108699988
 0.006790327624750014
 0.011863775844875926
 0.017807359376464847
 0.01913361198109685
 0.023093661254296995
 0.026527419008467085
 0.02388660309632152
 0.020789667867683256
 0.015115073732506742
 0.005529548842582527
-0.0012303753585048427
-0.0017098874325003621
-0.0017590099976001888
 0.0025378658477791666
 0.010750350594742053
 0.010682515442298923
 0.007127121823750054
 0.002619725324111269
-0.007120178411395103
-0.0153560579391845
-0.019033083375464763
-0.02228673652310309
-0.016443733148484352
-0.001080700962966627
 0.007520069971369531
 0.010308243462196123
 0.002371765331899367
-0.01844832918425285
-0.03237283526440253
-0.03092027269520331
-0.017416803876925055
-0.0067249013069762
-0.0054267175833591225
-0.005389294431996233
-0.010738757362083087
-0.020057627882365425
-0.0211499771918537
-0.015414571194458868
-0.012151565799796316
-0.009838224212805738
-0.005321475466142714
-0.0019882978689428066
-0.0005427525199973166
 0.0001589674820523801
 0.0012255829372962296
 0.004918977840854474
 0.006935257103770326
-0.0009263706771532598
-0.009742340412584663
-0.007906169802848001
-0.003113410392871427
-0.00035096670964188115
 0.0029120386850206847
 0.004186831674458644
 0.0005308578989395851
-0.002718117101862927
 0.0005869916143220466
 0.008249794108075775
 0.016127791356277357
 0.015374607692386216
 0.0033073259060580895
-0.011784377809629334
-0.023411913793390124
-0.026036356191610294
-0.020895074842364955
-0.010355212044580328
 0.0023693453255334562
 0.004984427383434603
-0.002662005643041143
-0.010130669089755642
-0.017468344425067103
-0.025381431821184727
-0.02884794064985298
-0.025065660956414104
-0.017138543166436412
-0.009538895654966267
-0.0025099820574665116
 0.0012839930030619229
 0.0007834292683051997
-0.0036935592769007375
-0.01765081238490117
-0.03473774572606694
-0.037900175010406725
-0.025037612308636173
-0.007199840446968267
 0.010874177829908668
 0.02476359376214228
 0.02092049411319031
 0.004953976939204061
-0.0033661092316301378
-0.007800994455313681
-0.008629028468577979
 0.0026078782077442325
 0.01213492221557326
 0.013281066167026095
 0.010216877966238588
 0.0030686675777779615
 0.0005705351441249867
 0.005407736949041855
 0.012453024060467
 0.01734870270083165
 0.012773473072073452
 0.004787874400000558
 0.005613565293199549
 0.007316408718115272
 0.0077280836163439726
 0.0158446663531725
 0.02155200346955237
 0.019238657835914386
 0.013868143245066342
 0.005636941864112774
 0.0023949840835640057
 0.006780744718823992
 0.01393596828089097
 0.02295777243045117
 0.02199407215894801
 0.004932868625379255
-0.011821916290443102
-0.02320384956532319
-0.027159224738334917
-0.013466290973205841
 0.002338826088297122
 0.01078521817705115
 0.01591480415920693
-0.0011604338148692855
-0.02811591790620284
-0.031872471838692074
-0.022965282286609545
-0.008154271427718879
 0.014651692373592623
 0.022922653956003305
 0.012899722336929667
 0.0020183507734825856
-0.007791725164561128
-0.015676743679663832
-0.016160933900495153
-0.01179622492599637
-0.00529126377410874
 0.0016815120613611484
 0.009968847157697205
 0.014422440922076632
 0.00923437405782565
 0.003774974677096976
-0.002004877761885543
-0.010708571973257211
-0.0114921635915812
-0.006444445179052308
-0.002547550888135769
 0.0042193864865579245
 0.007372455430578656
 0.0034381319183281467
 0.0034708769228552205
 0.0038919081147555518
 0.0007481914177590587
 0.0029820045085406505
 0.010504462597219696
 0.01918710110118276
 0.026555180344279665
 0.022379932269984283
 0.00783791080750601
-0.0005476694190297005
-0.0012844795689954669
 0.0011902580838309834
 0.009037847377599703
 0.014763897081322891
 0.009016791670191121
-0.00224818793379343
-0.01043494691980669
-0.016638171647431158
-0.019328108101352853
-0.015052283916734688
-0.005314723301293636
 0.005049708990147644
 0.009138407301332904
 0.004965498300455437
-0.004327642412229868
-0.009971828592973547
-0.006704145051475152
-0.0016681220060358187
 0.0011106951911191154
 0.0014405025197209015
-0.0012494339342007804
-0.0037569226615254137
-0.005710050988805046
-0.01022914285553339
-0.013728398712052392
-0.01061509401613614
-0.007157945527786938
-0.008119306725872188
-0.007073742931389529
-0.00325637713668199
-0.0030201327447966497
-0.0024657743680753658
 0.0024135307583639104
 0.002717608279368691
-0.0015628980987326957
-0.005679669337580295
-0.009419849756144169
-0.009656098194676901
-0.007579003022895367
 0.0005024936126644813
 0.016288898086824155
 0.02564285066172777
 0.02195646893177585
 0.015217596391449692
 0.014745101537707903
 0.01819055465896756
 0.021956460838481053
 0.02527092584833767
 0.023137688867878856
 0.01669587865162743
 0.01254402131151118
 0.01331357444268029
 0.014478430981476414
 0.012929962355495428
 0.014356795117097629
 0.015002377357117458
 0.012735813191837697
 0.011877371224140551
 0.005423865640799566
 0.0016509381943849294
 0.005554849705555198
-0.0017032971335472769
-0.012818576038785487
-0.01626169413327462
-0.019363307508748706
-0.01346884451893593
-0.0013781760450760905
 0.0005422012077053867
 0.0019128962072777062
 0.007374630614776889
 0.00435254573551179
-0.003569897954277493
-0.013227934120156964
-0.026637844048366166
-0.02804596826927247
-0.016769297344845766
-0.008912351757405401
 0.0009632141896924185
 0.00625185716426617
-0.004203803037121048
-0.0124303262712388
-0.01363261203136891
-0.01296363905716999
-0.007478513915491675
-0.0004659738319172796
-0.00033966589067377373
-0.007843415438656937
-0.010895908272354898
-0.005261082431930256
 0.004612144441749649
 0.012253895274742174
 0.01441519708956851
 0.008464592291078474
-0.0043324804016379725
-0.011808161068606202
-0.017595030727842464
-0.018299093849957454
-0.004491545487350743
 0.011053934424764086
 0.020447651247772168
 0.02027923593835887
 0.012373165762494961
 0.002324504335824304
-0.006374511728711535
-0.0066552025621845895
-0.004243619891641737
-0.006882096730369394
-0.012081858961709921
-0.015866481775214103
-0.012886504264118803
 0.00027545983514440375
 0.017975226365155528
 0.02648945158302897
 0.020737668025061384
 0.0064506055651354505
-0.009616491765820995
-0.021384372154656467
-0.02504970222384717
-0.015768260924898816
 0.0006824403999476647
 0.010349828812851375
 0.009811839903408087
-0.001354898617024175
-0.01603492541115921
-0.021566836067843154
-0.021658061954465388
-0.02402988442355114
-0.02182881836062031
-0.01341049515288123
-0.010472620963308338
-0.01134977551834876
-0.008512481485746057
-0.0025969668351720765
 0.0033793637242676006
 0.003461229270570812
-0.00037485315812743614
-0.004601560847616856
-0.007396755605344571
-0.006620185253921704
-0.00704589863930527
-0.009186152840017808
-0.009342872782341569
-0.006589785392783654
-0.004900976408375404
-0.00842128392565561
-0.01241642334677183
-0.009179147759706283
-0.0009409332051463631
 0.0037091427263375998
 0.00220745556871485
-0.0053641271083877395
-0.012795365380415646
-0.009548733499678455
 0.0014098234399122916
 0.010258536156547052
 0.015217369779195328
 0.014522662950751969
 0.006658696096410455
 0.0004390978548605984
 0.0011852602518506172
 0.003945364861662248
 0.007409530570265194
 0.013863032106958773
 0.01687575664590482
 0.014206871852744343
 0.0173459063562576
 0.019165703452068895
 0.00995209123559257
 0.0034073617889530533
-0.0018508772778352556
-0.010580301296803943
-0.009941736277037858
-0.0007187718135372861
 0.0050423639914545515
 0.004827167213683009
 0.0028085448307018507
-0.002115206737325126
-0.012884302776712472
-0.020462902674068792
-0.018696904266869457
-0.015880661895027945
-0.009356988155797025
-0.0004965800720727054
-0.003055528414591377
-0.005815637071050414
-0.006224976942508592
-0.013586043011999158
-0.0069758235563055215
 0.011973008178870245
 0.015584535512801603
 0.010281854051072972
 0.005250505105822062
-0.0057758890095355175
-0.01168439048650316
-0.008447114899437627
-0.005102241935148161
 0.00384237279162096
 0.010939119518240156
 0.003978035003212421
 0.0005770202302456812
 0.004052881305938172
 0.00040158567725492866
-5.921380939728771e-05
 0.008057368927431224
 0.013032576064004875
 0.013820841782517274
 0.014054747100984713
 0.011184701993883842
 0.00619779544357324
 0.003435347713696288
 0.003156995953641162
 0.006387254320452965
 0.010033867755652986
 0.007166161721970016
 0.003273941531241928
 0.00571827122963553
 0.010475944538343426
 0.010611608773258577
 0.006071465245769042
 0.0009114672625330084
-0.006922091637375644
-0.013616521782761501
-0.01280252625665207
-0.008084617196048666
-0.0032450763177138825
-0.002363247662485024
-0.0038275096454211954
-0.003336306250983509
-0.0026837067907099638
-0.0032871897558547775
-0.005780644042671937
-0.00905300977765354
-0.01286102332533684
-0.015410615374183867
-0.010603821523699847
-0.0012241391411992042
 0.0012833455394780091
-0.004494167826086609
-0.011050592639815698
-0.015387236779946953
-0.015770846843808098
-0.013377976760608534
-0.014804813568858141
-0.018926262954541556
-0.018659610608223354
-0.01139912874235037
 0.002389707032913052
 0.014651127866280395
 0.013184526809926322
-0.002847484419761445
-0.02141739030788299
-0.03278528914225562
-0.035667029616446036
-0.02642067441876636
-0.006571299417694743
 0.011645402337674776
 0.020222782537831836
 0.0160966550053126
-0.0015937592776742865
-0.02065487058355721
-0.02855158446574947
-0.028167978448535705
-0.018042131645721368
-0.0006534618802924441
 0.00923847758073075
 0.00947940011945192
 0.004424660440021891
-0.004091907897916858
-0.01090329171419828
-0.00914197145383476
 0.003234063977010246
 0.018302372911871152
 0.02913929803373052
 0.03033924067379533
 0.01753982890766098
 0.0030165200325259905
-0.0064076087915623525
-0.013911358339545515
-0.009694010990375132
 0.002529984668305646
 0.011273439081134387
 0.01694335102282768
 0.015570312903190067
 0.010237223487028588
 0.0065999622988528045
 0.00196625583464681
 0.00020727060105382722
 0.0031638573779700085
 0.007521549132215061
 0.01616676246149154
 0.026662182864335866
 0.03027371019826721
 0.02631131780500176
 0.020416850768541578
 0.015539880668872824
 0.011958757242726908
 0.012248800323224215
 0.014084970932960877
 0.011509649076516831
 0.00688062075914668
 0.006681797495300512
 0.011404384702739731
 0.017392410629268967
 0.018940875208602555
 0.012639409397425805
 0.007254860366070273
 0.005729782474268405
 0.0070139317573780224
 0.013645202873832862
 0.011708448060478605
 0.0013346554287182733
-0.000712035835277805
 0.0012785136200409997
 0.00484092041219622
 0.016540963625264846
 0.026977907192661382
 0.026177942060412025
 0.01553047783875608
-0.0023494013910816264
-0.015158169450887632
-0.01111391353464268
 0.0009042436632619028
 0.010178667741956512
 0.01651755468117244
 0.016433346014803937
 0.007390486157835149
-0.00341135690940296
-0.012049557065073102
-0.01735223852680172
-0.014040112590363016
-0.0005062358176519122
 0.016728055102194855
 0.02643520776320308
 0.01983667962795159
-0.0011448109540364987
-0.021901750487905103
-0.030467439367620003
-0.02340577874226947
-0.0028500035689886377
 0.018208672389143116
 0.02557441255882211
 0.017036792560122166
-0.003911950994015173
-0.026619677758421806
-0.03105690205552325
-0.01952995027538003
-0.006905973062236434
 0.006929644181385225
 0.01426731547004928
 0.009023110843768445
-0.00087117173732007
-0.009514050039826041
-0.014685743390151634
-0.020287826249372906
-0.027227859103639437
-0.029772773005650635
-0.025480575307107095
-0.013158338564874056
 0.0010328178382701253
 0.006450109850829014
 0.00628637268825151
 0.005713297677539544
-0.001317959040025532
-0.010594726238785462
-0.012882342064826413
-0.01563543350103172
-0.01895691977778946
-0.01559567329957462
-0.011039160304807102
-0.005872149147964745
 0.0005860305355646633
 0.0035636689732420623
 0.0013251736889772492
-0.0031401194891391426
-0.0013390349806711305
 0.006356514540933361
 0.014288310477746882
 0.015918642626707363
 0.003556637589722425
-0.01394431174641364
-0.023574279031278178
-0.02226439994057154
-0.009069688813457585
 0.0070979846278216435
 0.011635785035245871
 0.007364634950816129
 0.0022911826840428112
-0.0023752708080139323
 0.0012760207740219187
 0.012758530159224804
 0.019558214561769253
 0.019745338411878456
 0.014849655724866406
 0.004230260384225387
-0.0019495736092199761
 0.0019566769753681934
 0.007736525367703334
 0.011474362666201901
 0.010190209336444891
 0.005348325338044788
 0.004903899365317946
 0.003423263868456386
-0.003348355699720529
-0.009324690305807612
-0.010994790749519978
-0.0044945077444681625
 0.00804526282563063
 0.020215459795699435
 0.0264794963855422
 0.020187386868037102
 0.005790387957469334
-0.006896748284605278
-0.012250889361527961
-0.006508466143879399
 0.005294496299577331
 0.015247251669466222
 0.02218260233024954
 0.02486083937043429
 0.02019438587837754
 0.011418180391050622
 0.0034395989392314724
-0.0026770800719302795
-0.0020385150521641943
 0.005813752388440341
 0.01354672708473141
 0.017261173649050873
 0.01739215973713021
 0.014706901430044328
 0.005425456084448568
-0.004978744501744611
-0.0036501528236946718
 0.0061622581411195365
 0.014196973308321162
 0.01498991717366939
 0.008274435367522343
-0.0033741522769996507
-0.018208557916716828
-0.028572994254805514
-0.026561393138725492
-0.013469601241999626
 0.0022770389840555544
 0.010760856247496148
 0.008905969003768804
-8.777031142385983e-05
-0.014288287054887092
-0.028416292522395054
-0.03095185013073462
-0.02316507674583157
-0.013455585011405466
-0.002473637337635601
 0.003961151611714703
 0.002492211481942716
-0.0030537336152486882
-0.011783157634217375
-0.02042135778988753
-0.022126544334868548
-0.016271845593160264
-0.011935205499676416
-0.010019506393730754
-0.004365967965962822
-0.0008901068902703313
-0.00012523190593703715
 0.0018863692101429713
-0.003322749314869186
-0.012948038452897895
-0.017546658815835225
-0.01558183916811344
-0.007107378198344491
 0.0011565661638124614
 0.008765569968954223
 0.01584360410823013
 0.010393561021173087
-0.006124977479440227
-0.019436646324097154
-0.02465512114278097
-0.015448530193205787
 0.005886156428239517
 0.017824785129935107
 0.016673958984999043
 0.010103499730762494
-0.003189456526551143
-0.013095434474729203
-0.004983529884736507
 0.00971520545009441
 0.016248235482996976
 0.018931150670017556
 0.012281162919572014
 0.0005928110269455278
-0.0026468076801853258
-0.00325964693900177
 5.013992401901868e-05
 0.006293124853100587
 0.003991474586552149
-0.00040832453586268913
 0.0027330490410684832
 0.002616093346849216
-0.002681909968043586
-0.0044689640826515165
-0.01114234256727617
-0.015638043699825396
-0.0034140480411446322
 0.012690470417851
 0.019712366795097032
 0.014407346259950493
 0.0004828401798008114
-0.01049209432036273
-0.01554215585295693
-0.01579009965857922
-0.009965808871303786
-0.008047770691940223
-0.012318920776369952
-0.007397512328408268
 0.004265105709973793
 0.015422483890087005
 0.02670149388793161
 0.023815075266905364
 0.0045995851154402995
-0.01341829944605416
-0.02218982678654524
-0.01802393905256891
 2.201034329309126e-05
 0.01882348045314044
 0.027999663448282773
 0.0273400427211081
 0.012863515314331345
-0.008562399217059896
-0.023916079155553396
-0.029557926262879147
-0.021448360746304365
-0.003952093603651521
 0.013827201422568589
 0.021415153566949174
 0.012098622120084751
-0.0014656666537065932
-0.009486351427048165
-0.012683866812656597
-0.008665340704008692
 0.000988013268387558
 0.006346828445498651
 0.005675512351234424
 0.0017715967934167492
-0.007432659129387925
-0.01416919259629619
-0.013383265951201692
-0.007778848065209898
 0.00028393598300666123
 0.0035375850839975825
 0.001025418209837134
-0.002151045515010108
-0.0059075994474993565
-0.007472441587405718
-0.0001464656658312219
 0.0061503179518623136
-0.0014236037986581906
-0.010043091366985044
-0.010146012620696837
-0.006345020339914659
 0.002194934685555802
 0.0053760725105914675
-0.0010142780904659199
-0.0017019676986555349
 0.0009248097263351573
 0.0029714969436838573
 0.00925190704745199
 0.011469346624308208
 0.008005176869057884
 0.0015610275793885436
-0.008162502642192454
-0.01287339852918952
-0.010312115159900326
-0.005042184772669864
 0.001867436080516413
 0.00631635169806001
 0.005214646094900105
 0.0008475940003359883
-0.005596555289333352
-0.008597588507837248
-0.0035124449206217767
 0.001535273491907116
 0.0024287975142255336
 0.004908213313887813
 0.00712565289074403
 0.007820355672539997
 0.010278719811441073
 0.009682254066549989
 0.0075326435721657925
 0.007420366024782354
 0.005963121262099913
 0.00442166985637267
 0.0009294312201073851
-0.00412530845932263
-0.00560126580934836
-0.004679672906015009
-0.0037908270305324204
-0.004408344436184694
-0.004820023381060787
-0.0030727375612047414
-0.0003196501716468403
 0.003995938261075804
 0.00877232415712699
 0.011733589080879
 0.010884503406853499
 0.0035655406588853272
-0.006459730033606212
-0.008410519287467944
 0.0014533512925403308
 0.013244618368907501
 0.017099409338301633
 0.010395622899244145
-0.0026400352820992595
-0.010981173113694662
-0.011149588423107967
-0.008567253393057597
-0.0018213676791250938
 0.006552513133673665
 0.007658892837022022
 0.006587595188294937
 0.0053478842534782495
-0.0019757566413257377
-0.00725270829545735
-0.008412890734065037
-0.009959020286628123
-0.005463323200726289
 0.0007048113789821092
 0.002660274733032264
 0.0068963346695459365
 0.012213046525134622
 0.016021056026170516
 0.0181051684182058
 0.013373220870447539
 0.005025065818598393
-0.0007664819874736994
-0.003397941605947599
 0.0023117345838501863
 0.015279555589426744
 0.02568141305555461
 0.024179725897931846
 0.0058413882781835486
-0.015509675903834536
-0.02531507369504242
-0.022103527915573906
-0.005933515400876749
 0.012612995706418259
 0.023742305005516544
 0.03031743835994151
 0.02731640514143762
 0.011721800640899255
 0.0006088608090789593
 0.0006696746946209531
 0.0027070056182980085
 0.0069196748206325626
 0.007413217288488136
 5.916843925130033e-05
 0.0022298265477492946
 0.013724031300041739
 0.019599781702511226
 0.022975062621233534
 0.0191810835140577
 0.0013479857525782318
-0.015872274773408482
-0.01909084181977813
-0.009994187320844783
 0.0006556119275816924
 0.007279865823782802
 0.00789504010936977
-0.0015127152007931993
-0.011149699705911453
-0.009802395440518252
-0.0025302182075557095
 0.0047606716127501225
 0.011303057939324346
 0.012874913252837045
 0.00613136256567505
-0.003084588724219184
-0.007708938894753534
-0.0062119339306139915
 0.001287133423885936
 0.008779183558132148
 0.00960721352474904
 0.007132471825275197
 0.005614411153727059
 0.004872922856925463
 0.002758398463809944
-0.002247220673843933
-0.006885605284885743
-0.008703067353926536
-0.006478610556816589
-0.0003572574454663996
 0.0005105367692549989
-0.007290275102802904
-0.016148348159756715
-0.02015284387454455
-0.011701773638954721
 0.004886933017548542
 0.014161357096243152
 0.01556246005024832
 0.011476096765833582
 0.000526892073267074
-0.007096150219029568
-0.00568803004477067
-0.0013537290247047085
 0.007455219443825559
 0.01548057831735554
 0.01267602726595618
 0.008617732862556376
 0.008311312221486289
 0.005490387656161555
 0.003277622179493761
 0.0031279194574237584
-0.00016315886490114728
-0.0028367218048974824
-0.0019572322230865247
-0.0005514511222455415
 0.0027419622268498867
 0.0049383501429449
 0.004837767962651007
 0.0011046047643408635
-0.00864699433825504
-0.013891198964535889
-0.010712400212918138
-0.0031431606558808556
 0.007530029326724724
 0.012018709192372815
 0.006440017067330647
 0.0012402548359901205
 0.0020168251874129878
 0.009553317716599508
 0.01940549292951821
 0.019445255154299
 0.008615343206045956
-0.007620167411000078
-0.01949564517705947
-0.018489845630681317
-0.012550940245928219
-0.005945398937070384
 0.002500993151683631
 0.006554605361600213
 0.0025641440873198224
-0.002506969106035567
-0.004060115878852383
-0.002427444656473987
 0.004966364394219935
 0.006797856857120796
-0.003912762346818768
-0.01193578619357824
-0.010754556140856728
-0.0023549455204609354
 0.014051313409445251
 0.029325460805082353
 0.032139364103505944
 0.020911809674207985
 0.0010109710112949366
-0.014155583053765658
-0.018251302631852054
-0.012628172158516984
 0.0044119756676431615
 0.02303801527114717
 0.031734688215617694
 0.02828221382745691
 0.011801100501530173
-0.010010761143816424
-0.021444154033890578
-0.016857233084690212
-0.0038449696841733327
 0.012694616430553793
 0.02700974372484726
 0.025136143893776608
 0.007349827600655362
-0.007929001988464968
-0.011531177075372073
-0.007638960931291364
-0.0014263839566426573
 0.001820247924094548
-0.0016813470058423818
-0.006078807054839333
-0.006422652870595999
-0.00823777586621885
-0.00997804851246857
-0.011765102627076501
-0.01964544299534339
-0.02603579359640075
-0.026206547979231984
-0.021806752903464524
-0.010242375948634752
 0.0013173228593592184
 0.0024658058842299685
-0.0033935750509615503
-0.010010815773556322
-0.01702335990377811
-0.020174093821028333
-0.018265411935336415
-0.015189532414106754
-0.009844751677503122
-0.005692898384034251
-0.007746606868284073
-0.012775616740117082
-0.017392949690397702
-0.020539005460812096
-0.015210598238133838
 0.0012962408487425248
 0.01657506639121545
 0.021283619158147207
 0.014315517422865742
 0.004042304948075587
 0.0005056239168699933
-0.0013656368407827524
-0.003772545411137168
-0.0043386032015954035
-0.004895304698381994
-0.003033404281048313
 0.0020026187643910343
 0.0018575941891568332
-0.004876600204333503
-0.007713898283583626
-0.010670489107147199
-0.016847984027174648
-0.016141585878289136
-0.010979252868282594
-0.004062614794842559
 0.0035955095520753405
 0.0032259339287216554
-0.006691739386545978
-0.018270154828530616
-0.02299976330287097
-0.017453822252326986
-0.004869609287287871
 0.0065520841890493176
 0.010961235558488436
 0.004453931286535484
-0.010329014737987655
-0.018534486311344203
-0.015177917979965178
-0.008071814959674337
-0.0014615955039807005
 0.0011909117286070109
-0.0026919521684494324
-0.006890590976923933
-0.0030545125948730906
 0.003986096369716224
 0.007295883232737027
 0.008292326485443535
 0.004535772552954287
-0.0011692295366550892
-0.0013867653878445463
 0.0009897311814296567
 0.004891303619182011
 0.014736461611846982
 0.024775762698198582
 0.02697215061429361
 0.024923120276879603
 0.016263868460448264
 0.0006458732257307864
-0.007987648783103526
-0.003003085352858245
 0.012951732407391059
 0.029098354187909077
 0.029900654346928963
 0.014104889532450232
 0.0011136737460471502
-0.0011809593002475444
-0.0019084131565416385
 0.0009405762431506232
-0.0015856250715172854
-0.01697906925811528
-0.02610379668471098
-0.01946316927458447
-0.005952683236052497
 0.008465363288629082
 0.01841577958510006
 0.01231313501444578
-0.006301213268616074
-0.020719263839945046
-0.02250163980771716
-0.011842484265619041
 0.0026246828008386625
 0.010748282757920918
 0.007010441412774945
 0.0006879239408370125
 0.002149842803707863
 0.004750890421101536
 0.006926226676435346
 0.010013801564754565
 0.007585841333638932
-0.002811342032300504
-0.01420263160085225
-0.02112161279435759
-0.019771969455546462
-0.0048299704852527575
 0.01006992516351854
 0.013966819454435064
 0.014200724772902504
 0.01044884898724907
 0.003361454507654127
-0.003012522579477886
-0.008261405352594536
-0.007155025649246194
 0.0011182750065823893
 0.006891106178663772
 0.008165899168101745
 0.008989250987882821
 0.0061285621744535945
 0.0039953251939947865
 0.004916918097328138
 0.0006387507926446795
-0.005548100421054428
-0.007908227523050634
-0.007978401748911679
-0.008953797387504375
-0.011472981481918554
-0.009604063844331129
-0.004830017021697858
-0.003370437232244894
-0.0020254720402695936
-0.005033522479027233
-0.015266970705712896
-0.018448112577395953
-0.013751255177553753
-0.010252003367682158
-0.006867366155288199
-0.0037634177530436047
-0.004011361558665896
-0.009517542407752808
-0.01745168146463165
-0.02123630427813583
-0.01890892825063778
-0.012722081083586093
-0.006993692306445004
-0.006851010851276124
-0.010329215047033921
-0.014331371688403857
-0.019769719408371342
-0.020745115046964066
-0.01267531377849375
-0.002156502641470326
 0.0062805331536120446
 0.012865022801708662
 0.00915057219074182
-0.005347006876796137
-0.016502050030138854
-0.01760141655988086
-0.004773939959378984
 0.015676576910095857
 0.028525105171358936
 0.030169471760826877
 0.021828333929231468
 0.009489719626425655
 0.0015602587163826426
 0.0016538196297753854
 0.00786873567784202
 0.014769000237356666
 0.02259553787036419
 0.025800066429578966
 0.021133612937522216
 0.01794779291900333
 0.011763280778722143
 0.0014175570279767458
-0.004079267527438521
-0.00599029253319576
 0.0007251852263039094
 0.011428783163342324
 0.01062881803109296
 0.002980045931199299
-0.005620729049784251
-0.011335087433065272
-0.006341167709148346
 0.0023157409872176793
 0.00656817443765674
 0.007749404490378253
 0.0027531416463960068
-0.006352873192856406
-0.00941004417339017
-0.008228814120668657
-0.00802063860979825
-0.00909427533194325
-0.014658933016477929
-0.01914059970851968
-0.017056487316484417
-0.012970128078717072
-0.0071879406129640305
-0.0025331865346442384
-0.005162307079700237
-0.009035814683085064
-0.00939369493934919
-0.012420457965450105
-0.015426169330789843
-0.012294152047530302
-0.002629102708044506
 0.013664880697801945
 0.027102855460378675
 0.028620912085279407
 0.02110078902337087
 0.01166964297902881
 0.006727178823658517
 0.006427775402842173
 0.00785460816444436
 0.009702474141270581
 0.010198355682544097
 0.009688435654115729
 0.008822976466164839
 0.003426732067719762
-0.003632593530860234
-0.0035647624250645105
 0.0006502458506879444
 0.00573772851132133
 0.012843831531612185
 0.01492794392364745
 0.008404266137769123
 0.0011484583720845626
-0.00023861418806053747
 0.0029729315914079762
 0.004009139092218991
 0.0010969906635957122
 0.0013987291111825784
 0.0027319989360683195
-0.00027137335585350475
-0.0034618715212082207
-0.008918931828518994
-0.014158458307964
-0.010523540239853538
-0.004895731619682639
-0.0020397249997366473
 0.001417423488612568
-0.0001427405044579777
-0.00784998943979942
-0.015346721767528854
-0.023416527082646535
-0.02553339054917997
-0.014799384657708706
-0.0029005202041176015
 0.0026126738185756476
 0.002208012093953285
-0.0008982794283566298
 0.000879414345932264
 0.0013074627580863252
-0.00852132576730065
-0.01831736726483689
-0.01939100398698189
-0.01527657586819961
-0.005019740953982235
 0.0054499496412650505
 0.006600771739553715
 0.006154006693408959
 0.008238119085444237
 0.008156249492493634
 0.008165603762841575
 0.00829658985092091
 0.003620780065192522
-0.003347321670088957
-0.005791655415129965
-0.0020678525571388717
 0.006886118463301907
 0.012930282151861011
 0.0073141648521322655
-0.0008749332072989086
-0.00314383644599657
-0.0027859602363798364
 0.0005495564342379855
 0.006677926765841891
 0.009744449993399906
 0.004624216258268379
-0.003714582499909122
-0.0078687789134433
-0.0076746378430803674
-0.002091271617849777
 0.0017611802781264396
-0.0037450005709604717
-0.010205523374555187
-0.014635730451402887
-0.021692716976564996
-0.023337087612680343
-0.014916425331523361
-0.005639662179410837
 0.002058226415611583
 0.0073585647572748936
 0.005929388875607386
 0.0016371871304164398
 0.00020333310191311682
 0.0020628944458288972
 0.007208853941910065
 0.014001521124200791
 0.013007412898264792
 0.004226529264102052
-0.0030386347952541526
-0.009405594662132422
-0.014139881283308592
-0.016034532775140442
-0.014904762337612995
-0.005992894638694624
 0.002937685647567037
 0.0015155269861532594
-0.00454033611614281
-0.01300076669205169
-0.02400610914664808
-0.025100797529554256
-0.014268550554530718
-3.2951756446228386e-05
 0.011325586737607363
 0.010109266536969794
-0.0018083145506120057
-0.012619513911521746
-0.01755729992005621
-0.012579753710064645
 0.0016909311892885082
 0.010375908766669481
 0.008761946084986968
 0.0049773232714828
-0.0009826378206789083
-0.004863162644317465
-0.0010411187027740965
 0.00443932829206839
 0.004287286496580459
 0.0004254742602851913
-0.0001920431453670962
 0.002876819155608834
 0.005695400600868261
 0.008574797954993371
 0.014565162954940522
 0.018635148678782486
 0.015697270442562195
 0.010909185132774057
 0.00775611214210592
 0.006988894037707305
 0.007276598044786711
 0.006485989206208992
 0.006542124944915156
 0.004460347579650387
-0.0006248000542124765
-0.0007207040876705401
 0.006712869211127889
 0.01823514284443526
 0.02693181578890578
 0.023755352064058544
 0.009508053852237089
-0.008404572405451366
-0.02328575951352678
-0.02591488005858278
-0.015363321893708592
 0.0003201633500629908
 0.016841036877446827
 0.02561022109787261
 0.01978592626394976
 0.004939825257143024
-0.010629049435798316
-0.01755270877613946
-0.015356320860044459
-0.008652538467634363
 0.00226391515043399
 0.006717508914813403
 0.000823041878353234
-0.0038972103023154764
-0.00570297700426671
-0.008643194313904923
-0.008056088909332876
-0.0026809002182964087
-0.001193251547828511
 0.0002335812137736759
 0.0059549527706610345
 0.00384978467121716
-0.002463376507049156
-0.0033522264291791504
-0.005193079232399034
-0.004996599088618187
 0.0015785342658067858
 0.006301121473246005
 0.009938378614774368
 0.01620007613119924
 0.018127470604234454
 0.012240020788027994
 0.0038170153868056916
-0.0018178145002663293
-0.002229493445142422
 0.004401777671312418
 0.0132949327828875
 0.013100787665877162
 0.008312702356089025
 0.007232048413690309
 0.005807550678858617
 0.007847220675953587
 0.011613126855467074
 0.00929276400157536
 0.005164297395638215
 0.004916353590015923
 0.007865923146678375
 0.009376962551325377
 0.009996814983748159
 0.010064646089543883
 0.01195695446131044
 0.014852725329360938
 0.010333633462632594
 0.004209937231217098
 0.0017749597798477484
 0.0030146666680170298
 0.008864687262889498
 0.011376850090402527
 0.008102145282003023
 0.0037327541140210058
 0.00015163068787509004
-0.00010333033800094538
 0.002006511861631366
-0.0008705504657232355
-0.004330042074137758
-0.002849410623923604
-0.004077426191650746
-0.004306657409929748
-0.0012658639899687518
 0.0018731705135445198
 0.011323025098582476
 0.019299263430336326
 0.014487787386369078
 0.0019222829620258591
-0.010898180464869706
-0.01710608333932999
-0.009897061088651057
 0.0036297984638063024
 0.010345276223305958
 0.012511256184968136
 0.011119505477987207
 0.0020298641526601824
-0.009108805486757146
-0.01572136806251609
-0.013796312662898796
-0.005553419961503062
 0.0031105059551166936
 0.008242431010690388
 0.005136139488380487
-0.0023839835735280507
-0.007562694144107374
-0.012107515818432737
-0.016479246059832656
-0.018205484265574903
-0.019454551494063235
-0.02085331942129791
-0.01847214470518789
-0.01165842586213596
-0.001658889023888846
 0.008179251748522395
 0.011273843857095359
 0.00491390121047082
-0.006870352692290027
-0.015195117009960055
-0.013176498673626302
-0.002512664984692367
 0.008871603316958243
 0.014403509926994768
 0.01112880511859525
 0.00274322489205954
-0.002613255258281044
-0.006528866183188278
-0.011174268014483832
-0.009012966199657468
-0.0014951862578142516
-0.0020518877546008424
-0.011314620512853299
-0.01774941350885098
-0.015113279790188658
 0.0021069766891506636
 0.02530590482467126
 0.03591827889841115
 0.030716177593652715
 0.010508920312993261
-0.0121216170286223
-0.01951543012596363
-0.017199749465555136
-0.01123043612636919
-0.0016004728881520575
 0.0026917248103914826
 0.00038071825017142735
-0.002014494953093457
-0.005682164095702075
-0.009003650372459829
-0.009511231327470268
-0.011113498642063221
-0.013906354326373022
-0.01917628876025089
-0.024549142424516834
-0.01979848633606268
-0.00549037626202295
 0.00875223975631527
 0.01668169661971089
 0.015093463745625424
 0.005388646111387729
-0.0025454929454911124
-0.0046249312373379675
-0.007878584384976281
-0.012044476165600018
-0.012187161667416305
-0.00838616938663414
-0.0003935575409549086
 0.008920630785844194
 0.010679611972789799
 0.004768771422404228
-0.0028332192091311964
-0.00921421351651694
-0.008170988795452194
-0.00012457826116102355
 0.01005272815684738
 0.01584193284285415
 0.010284292378573187
 0.0005888310380071371
-0.006898544996050651
-0.00923528136386774
-0.00442380936654789
 0.002668259213235477
 0.008382613549869092
 0.009189591855724807
 0.007318331098072062
 0.007283242973479681
 0.0065136857956631655
 0.0016811580909347201
-0.0032613060644355596
-0.004826148204341935
-0.0045828865922028506
 0.005568690018208505
 0.025076560300265074
 0.03775199712860272
 0.036131017226666486
 0.019713058883023347
-0.0001456764583672998
-0.004646055737752355
 0.008717068675451217
 0.02747175731694034
 0.035761431486694306
 0.030009647928726714
 0.020262726972966612
 0.012206956098356384
 0.009601226287479503
 0.013781148461963294
 0.014667655264027968
 0.009222290323806753
 0.008356831135855891
 0.012936734864802513
 0.01968262057873501
 0.028999147978952027
 0.030486796649419924
 0.02041240541515224
 0.004689151876628758
-0.01039085647196912
-0.01177792903211422
 0.0002659579733873957
 0.012305166832053169
 0.01597283192801438
 0.01134848175748003
 0.007589588751572882
 0.00605749363951727
-0.0007585683235999674
-0.010856350292046762
-0.017347281050074312
-0.017256059210099484
-0.007747727789613731
 0.005662178091948064
 0.014429023238955938
 0.018887295150171172
 0.01626753089878681
 0.009294751016669517
 0.0029839289118211154
-0.0028239924081763373
-0.001221729140230804
 0.004588527206537171
 0.002794455871675497
-0.006639029246084477
-0.014103014545963147
-0.010442366670255651
 0.0048364588722172724
 0.020082537386839454
 0.020066161849590376
 0.00567384108585843
-0.011123047151486348
-0.02097990455788827
-0.020619689274853623
-0.013586097530518038
-0.0030930162010916473
 0.005028244682572708
 0.005608332866891011
 0.0006120700229087644
-0.010900851363374375
-0.024493209018180653
-0.026680244687251414
-0.020210369636632447
-0.013883178064506077
-0.007761824953155902
-0.00746944279924068
-0.010931273481073103
-0.011476279610770149
-0.014386088965975513
-0.020474699096122317
-0.023653501894387488
-0.022526070530277942
-0.01921394459383924
-0.013965065867369966
-0.009852976822005602
-0.009137222379448445
-0.007418005440607334
-0.0026650102787352664
 0.001987404726166625
 0.00032198242929007415
-0.003818179543736644
-0.0026392885644330455
 4.596569600544276e-05
 8.806699420414732e-05
-0.002452168760971235
-0.0054344893921318554
-0.00909514131448673
-0.012243536158319038
-0.011738298323373905
-0.007469491359009484
 0.000417862182863743
 0.007664309608229253
 0.010527333448428988
 0.007161404776730926
 0.001149984069375179
-0.00019966331608334276
 0.0010985204075337346
 0.0008856627031800929
-0.002435823573577661
-0.008798105293620087
-0.014622400127542942
-0.015494876535747562
-0.012519577171488078
-0.010522010495915515
-0.004360893136460847
 0.00861394508936944
 0.015121245314674986
 0.006520470333691436
-0.01098047900244463
-0.025641793209236388
-0.029992471789875116
-0.022383467984733327
-0.007871858523335315
 0.002048149818702827
 0.00405507278794702
-0.00041022039016935796
-0.010269416869989195
-0.018240981101554615
-0.01958595034017732
-0.014933535335275444
-0.008604004689731146
-0.004040474474709899
-0.0001038159356888807
 0.003998916816003839
 0.005486565486471751
 0.0013721333210420655
-0.003829967983716376
-0.007478924538981718
-0.010016821220739172
-0.00941802044907758
-0.005841579216414899
 0.0005628017785025419
 0.004791844494762498
 0.006688831013364857
 0.011970456767684878
 0.012997307974824235
 0.006396440766154837
 0.00312875317800905
 0.005851432613134103
 0.008910938620438388
 0.01104183248083189
 0.008915612720626825
 0.002703031699330699
-2.4329929277588924e-05
 0.0006633556322646339
 0.002967340925583581
 0.003467900613692898
-0.0008126057644084889
-0.004466240466509647
-0.005991318358311515
-0.004545773009366025
 0.0008995878842077837
 0.007296951658871495
 0.010969294901668536
 0.008286375668000584
 0.00375558843418268
 0.0028480259247093964
 0.0023053588684302656
 0.00044111533103127765
-0.0026488026773532625
-0.00560539350091685
-0.0015868673922689314
 0.007413885096530071
 0.01119850386338686
 0.007818540751181324
-0.0007658607158768649
-0.012430821874324219
-0.0189451433665309
-0.013179329414703247
-0.0009506556091866541
 0.007427903350447934
 0.010066376142528186
 0.005427991531486376
-0.004906036852169476
-0.008599435802375113
-0.006127037222966564
-0.00706734676029061
-0.009350284439495746
-0.013537227880880673
-0.020418783899699422
-0.02193684457124756
-0.017883232361330978
-0.015233064202161167
-0.012608625850588376
-0.01208935357513577
-0.01649149177096855
-0.016372201049978774
-0.01187182581724111
-0.011088238245564527
-0.013289308355142776
-0.013838992631675637
-0.011738506725714984
-0.006686110166350262
 0.0008012618210601202
 0.005109833033529035
 0.0058910815317877036
 0.00373913196398562
 0.00021180722645167127
 0.0002281787170533428
 0.0036642755446413544
 0.008508494569811967
 0.00978562663266784
 0.007865245333238957
 0.006826694712362635
 0.0038186442736050097
-0.0006723787121084013
-0.0008805582696261999
 0.002864296249126083
 0.0050934311930718595
 0.0071143886028235265
 0.011537574412770105
 0.012725821685745348
 0.010382068097674516
 0.00999845803381337
 0.006272312055756957
-0.0016501316340323258
-0.004955244396864691
-0.005151728587292931
-0.0032968453902129796
 0.002576565938838607
 0.007708490994412301
 0.009364552950969815
 0.00739271203634688
 0.002766022792394615
 0.0017391675386078526
 0.007556441105629572
 0.011963253401650761
 0.013874274360760594
 0.017181722150363482
 0.012772566734276972
 0.0024642681582181664
-0.0041412771972870605
-0.006592628162581798
-0.0023448728589785806
 0.005633704546193191
 0.011406535718274574
 0.014898770307892453
 0.014561941712389517
 0.012073165572408201
 0.012917569052950481
 0.013827466589194273
 0.010952743335257586
 0.01021359411187392
 0.010484924605027923
 0.0063190328244042
 0.003266539990706238
 0.0035331923370244267
 0.005088674136611751
 0.01111646431124548
 0.017181679660565788
 0.016264760857420846
 0.0077786004739149595
-0.0022209404109795744
-0.002765946540676606
 0.002115697659180585
 0.004777561185439955
 0.009221798656147723
 0.011584260784914438
 0.003954201272364066
-0.007083888210083059
-0.01128486609197546
-0.009701315411373215
-0.004943642102665333
-0.0003918072547336171
 0.0004198491979579
 0.0005087319645148275
-0.0012549314159139985
-0.004948330366119649
-0.005345974870488268
-0.00599390023057339
-0.011081386937854182
-0.013939736677865494
-0.011401844042755419
-0.007409047741704533
-0.0028104314254146084
 0.00041047064772554986
 0.0005835600573272925
-0.001460792133250885
-0.0064172907291286385
-0.009509547810931093
-0.006272272223865533
-0.005313254145845603
-0.010232327567036778
-0.010180869975166429
-0.004265355324592449
 0.0013554360753247202
 0.005874523895405659
 0.005633597310037097
 0.0023308236206226324
 0.0008010675819849489
-0.00013924195533909778
-0.002019859006663488
-0.0041694695010476845
-0.001631576865937609
 0.0018980828983668485
 0.0006887799179829956
 0.001682884097271603
 0.003266434777873861
 0.0011940137062807499
 2.2135900583475365e-05
-0.0010117365734570172
-0.0032970133260800533
-0.006218518048374977
-0.010969178183476536
-0.01297376612595022
-0.008138903394451266
-0.0018631714375189207
 0.006550473623384331
 0.016316103119840317
 0.013406293764634952
-0.0030748195612917695
-0.022206103069712033
-0.03539847917005548
-0.03730482602897689
-0.028406992770565992
-0.010959846169689286
 0.003638309008171456
 0.004999647714072131
-0.00218364877565716
-0.009909610298341906
-0.012866201121905493
-0.01180426381349746
-0.010234747573402689
-0.007493355550934319
-0.001114704363613911
 0.006421788165572609
 0.009507023980473914
 0.009371355698911371
 0.008489522997035107
 0.009004117125651898
 0.012931419371001271
 0.01532662852761875
 0.012482313228114897
 0.005072126616848194
-0.0010936729360897096
 1.0367693840745984e-05
 0.006213588374817808
 0.01796976934991632
 0.03074578633522415
 0.0326778589550952
 0.02567934926538088
 0.015721911702008762
 0.007471997733711891
 0.010002873148568223
 0.01665519592578428
 0.015792075811251305
 0.013258857276329652
 0.010861304999646867
 0.008412293107770044
 0.015721895515419165
 0.027312002277845963
 0.02774238976341794
 0.01631367502017962
-0.00020720255385160702
-0.0118557901983736
-0.01038217596841319
-0.003009418578480444
 0.004225333479795507
 0.009841446732876846
 0.004625310987610945
-0.007357764155672367
-0.014316509597282187
-0.015008877352307631
-0.007977624681389961
 0.0035586833924248773
 0.00836313816949101
 0.0027516990165980942
-0.008819699205132828
-0.02047998221674438
-0.02347867636183036
-0.014503653680628392
-0.0035240450802764417
-0.00029846486030045416
-0.003093659618028155
-0.008768253753204669
-0.016548013964501368
-0.020225039400781644
-0.015245154117372164
-0.004534538960080006
 0.004232306186927853
 0.0043562750547534446
-0.0037205474806179945
-0.01626032209736418
-0.022917327068063445
-0.015570299485727745
-0.002794282500419909
 0.006669606525125535
 0.012631902644057738
 0.013621328676510516
 0.008433261812259549
 0.0027937537783516986
 0.0009575791219676305
 0.00027222858719591625
 0.0013692519968726141
 0.0031212159635644887
-0.0006236426018352142
-0.006515770564877482
-0.005844458517260648
 0.0027867203715083583
 0.012992095670531681
 0.01559782143476117
 0.009373545046375498
-0.001512504663907413
-0.012396215300772395
-0.014115436286260899
-0.006604673564671412
 0.0009926348733807905
 0.005806445944118568
 0.007216905191795381
 0.004838065502455885
 0.0018908309725639422
-0.000347664311700871
-0.0038375638745482415
-0.005727537219544276
-0.0016107700273440828
 0.0031609377218712875
 0.0028685515213086737
 0.0020498738017160067
 0.0013037073580786096
-0.0034165448225901146
-0.008033877772870707
-0.008461930231672188
-0.00708187893842821
-0.004574394257750997
 0.001589062175121586
 0.006667188542083327
 0.008124429258118362
 0.011747651959139266
 0.01378966102965215
 0.01101551793268564
 0.00901560813704777
 0.0073361513996637595
 0.0034252186215923686
 0.0036310550590448604
 0.010615526261604308
 0.015434015479177887
 0.01551354195206317
 0.01166576415627539
 0.0030743454689634714
-0.0022213187725114297
-0.0005535614488643703
 0.005170149181440903
 0.014334636809493678
 0.01970514735369433
 0.0158082490161304
 0.009394507680893921
 0.005757246492718138
 0.002709431805856005
 0.0011211989317705257
 0.004381865253015191
 0.008451850976857161
 0.010079844052399728
 0.010877466064583771
 0.00839102899802037
 0.004594710817426628
 0.005598171290386866
 0.006816826517794958
 0.005329173800679668
 0.006875299306595348
 0.007394571582047954
 0.0021948093507074273
-0.002399132865394074
-0.004050520721763151
-0.003147640405773089
 0.001792480629531884
 0.00588117894071713
 0.004145584441303252
-0.001028447982440242
-0.006866777256870557
-0.010302878131105975
-0.010054938372131061
-0.008480743985200462
-0.005938173203254571
-0.00611360573292162
-0.009166098566619582
-0.011980005911690558
-0.016604356082224908
-0.01906272426777339
-0.015731885743991397
-0.009961393645327915
-0.005734690002485887
-0.003496198764868466
-0.003503218008445913
-0.008593043789144592
-0.014779895002843699
-0.018208978656825373
-0.01739498313071594
-0.011741444702948009
-0.005727688968821754
-0.0028085273665921506
-0.0039523362912744775
-0.0032061738942844586
-0.0005630229553683919
-0.002598018852274925
-0.0032342488452705015
-0.0016366637241607834
-0.004614306208485561
-0.007358041351019223
-0.004775706320968853
-0.0007033815237089819
 0.005546620625626331
 0.011045780207812106
 0.005895138518247717
-0.004289189166661808
-0.012305195793167523
-0.014309783735641221
-0.005835322765872272
 0.0032472972925536164
 0.005593385907394971
 0.0018204584609803343
-0.005463418185719174
-0.008001314867476642
-0.0032951011739627972
 0.004108064170402784
 0.010325319291887333
 0.010479696114145773
 0.005731375052462129
 0.0042858256568692465
 0.003595796975261717
 0.0019256965315493368
 0.005312672817361197
 0.008004944298053415
 0.009211904158371947
 0.0153683433709908
 0.017992781722563578
 0.01512975383571645
 0.012470225336227603
 0.005497445454110295
 0.0005666766658295741
 0.001602884166640589
 0.002526816143391855
 0.010313589528294878
 0.019779817627258216
 0.019211420763382066
 0.013574251802892137
 0.005485733900431153
-0.0038752399413735927
-0.009187277696773868
-0.006768677805977258
 0.0020145408549559762
 0.013106424979367676
 0.024593612511406376
 0.028541966417516967
 0.01746879083380115
 0.001670686945904512
-0.006806117143929757
-0.00969955298520972
-0.006214335615845584
 0.0024589465944458294
 0.007038850323392451
 0.007595547773531636
 0.0057593731171475815
-0.0015385379700593865
-0.009180292849699317
-0.009987275202202425
-0.007075130820226538
-0.00446940505599705
-0.00159702492212567
-0.000949103608687954
-0.003676465237296214
-0.007437697316621292
-0.009416555451497957
-0.011098351262299883
-0.012506475483206186
-0.008073933379587964
-0.0024133777315663157
-0.0013654748636657554
-0.003019201793452747
-0.007783896369061766
-0.013760230975148849
-0.013856135008606912
-0.0066962332997041185
 0.00037244454590015796
 0.0015068931302634342
-0.0012251466451806692
-0.0009842241064595136
 0.0018577480729790319
 0.0008051630115952363
-0.004392260146327376
-0.00874761687380192
-0.009180347479439202
-0.0052273154264928096
 0.0024658950216937675
 0.008566196472282739
 0.01161400711249748
 0.014624392578025627
 0.011723939516491907
 0.001186411745477775
-0.008677462881177891
-0.014176626510011045
-0.015250263232156044
-0.010513641584209352
-0.0009398161080220874
 0.007775569423791734
 0.011195292737454357
 0.007377922896099398
-0.00326018503188491
-0.014983623025780046
-0.02301366409279325
-0.02315868866802745
-0.01417430969315385
-0.0015199245255773791
 0.008224653310117402
 0.007674969033584542
-0.0020602565550860014
-0.009259926558740694
-0.00902368216685534
-0.005606297926610632
-0.000986629949559517
 0.0029102643413570217
 0.0032798359180633146
 0.0013734890591418913
-0.00211874957712338
-0.003557281752462532
-0.0009141308135464515
 0.0010881140088619262
 0.003261111190777821
 0.007024678296873407
 0.008175500395162072
 0.005487903014658277
 0.0038505495987966737
 0.005471525454085496
 0.007115892043553451
 0.00595570960494575
 0.0021453569838445347
-0.0013843068271073289
-0.005384124395059364
-0.009112609446533665
-0.008401533150812338
-0.003622808181343251
 0.0021593792844097903
 0.001738344045862067
-0.007150136965524592
-0.015966106700955995
-0.021327264998132395
-0.02260440110763566
-0.016679530163390036
-0.009493898646890209
-0.005063695616689914
 0.00011734998065994484
 0.002971017527188022
 0.0005477354429082176
-0.004818101001104025
-0.011128923105952412
-0.015362648015695562
-0.015386040773198384
-0.012017777074729813
-0.007898670809111705
-0.0069232792171663865
-0.007175901169624507
-0.005816901537141747
-0.0059595870389580335
-0.006266007680028107
-0.005849654634963591
-0.006481206481123353
-0.005080103527118185
-0.0013913867703957417
 0.0035346998244017575
 0.010526188247214935
 0.013541251859578898
 0.006832787273685595
-0.003080207894746209
-0.008244884024818072
-0.006186501440379827
 0.0025756655597922173
 0.014533006848831104
 0.024633123844048407
 0.025861135365128136
 0.0210309467338176
 0.015073324715073819
 0.005515868706164537
 0.003097264768720534
 0.012593900822116727
 0.016687277280137816
 0.01127232029434945
 0.005571996351575903
 0.00047749242404138137
-0.0009750741918052308
 0.0011113772736479482
-0.0015715419600200176
-0.007964231634495306
-0.010817903227670803
-0.008913899488814686
-0.0046450925244502644
 0.0036188518377066603
 0.008692300057832572
 0.00043770794269989977
-0.01258391579813603
-0.022365922855164797
-0.025745885967370333
-0.018359094136930126
-0.006509350225115174
-0.0013446781416907166
-0.006245038975538603
-0.016473809055388422
-0.025479243737670645
-0.026419553274994692
-0.020773032067480504
-0.018644477280504904
-0.02078239240779954
-0.02035668306906338
-0.016731121294624576
-0.011379323337767214
-0.005788939892282879
-0.00643920432578593
-0.0136739604307093
-0.019816369249468085
-0.01840824907520916
-0.009936127178858126
-0.0010991098293129248
 0.0070291682746051465
 0.012521310636537192
 0.012170447600526796
 0.010528416037829363
 0.00883726393335578
 0.006989393909882166
 0.009892181998186395
 0.014107190273938863
 0.012235929516286118
 0.011756417442290598
 0.015697754128147445
 0.015269701669345978
 0.014689609438380269
 0.01665676815951997
 0.015405361857613736
 0.015159757125409346
 0.01692107738577285
 0.013644033503955419
 0.009192774766346515
 0.00880448655564954
 0.00835538243608687
 0.007861835921583876
 0.008350700242603648
 0.00894950101426524
 0.008823189026374328
 0.004484205812825159
-0.0017236970616351238
-0.004376208340870255
-0.0006781352904761812
 0.00905942532496487
 0.015657949413568947
 0.013449862083736996
 0.009293326596784904
 0.004767217509802829
-0.002273395501433892
-0.004699016659131611
 0.00017794939388975084
 0.006383509148284741
 0.013251026679948624
 0.017468374029119008
 0.012858058299092132
 0.0042128409231682595
-0.003814861070427042
-0.007349203028214707
-0.002409081992909748
 0.005749604065441186
 0.011440567667895682
 0.012102523421840872
 0.007232570542425848
 0.0010012769337864325
-0.000151888284567539
 0.004559003555782121
 0.00976110081389317
 0.012797216087018337
 0.013330522802978417
 0.010975073847818026
 0.006739009864656975
 0.003476000423347003
 0.004783540440635711
 0.008441849242925292
 0.009344729558915368
 0.007286342927829717
 0.0014690653141606058
-0.005520088081882077
-0.006680270520489778
-0.0024933311257522434
 0.002292411063970587
 0.006084047051081107
 0.007971677276011821
 0.003829176229567216
-0.0014033330296240737
 0.0013848404612024912
 0.006406829066134365
 0.009538846349393906
 0.009966894761547967
 0.0036467163630279215
-0.0037962172760895446
-0.009173749087191319
-0.012396994280396798
-0.006785559174151287
 0.0033800518767675425
 0.009686191788132723
 0.01312228861572072
 0.010682633017515528
 0.004107495616443149
 0.00043982647383453144
-0.0030758028966098444
-0.005700245294830042
-0.0038360058040784323
 0.0003415772969874581
 0.003394066084038014
 0.0017496954479226667
-0.0031904296340297122
-0.008684915116027064
-0.014392256279054327
-0.01820026982673764
-0.017730118093061173
-0.014970013483249528
-0.013611013850766754
-0.01274555870946327
-0.011031019917457988
-0.00637158769230238
-0.0005449578316090165
-0.0005823850296192978
-0.0058686929774225405
-0.013767745933032718
-0.020742864888567927
-0.021748668481593472
-0.015402764322123813
-0.004179892086309089
 0.001305233055369212
-0.003438409859478589
-0.010132840004864446
-0.014223881436115013
-0.0176553041635146
-0.017304445174151598
-0.011019356923547635
-0.008083821807392644
-0.01175383002341919
-0.01562733762680399
-0.014214539305709262
-0.007171591267702032
-0.001988206596934286
 0.00032279591663837703
 0.0008467463389268126
-0.0021823557605920307
-0.003019746067527973
-0.0018478723084781185
 0.0002526135974825483
 0.004736615316294809
 0.005267582958836975
 0.002598698165676469
 0.0020934562840839444
 0.0009777162404165513
-0.003503950451625215
-0.005772853690322877
-0.002865387455182819
 0.002418577372555117
 0.008415959592755984
 0.00974455127080591
 0.006067525834525647
 0.0010899755778866899
-0.004687537787677928
-0.006481609122539603
-0.0020256762847422755
 0.005293282416578504
 0.00988020336577887
 0.007389088152379625
 0.0013472594905910296
-0.004170616725585427
-0.006650036571895113
-0.0024584190303217485
 0.004570494567178007
 0.00878082469609466
 0.011218137174234533
 0.008528200720312837
-0.00018484978473047586
-0.004790487367921509
-0.005073517274812492
-0.003918017029688012
 0.0013168272562737865
 0.0038383463774584736
 0.00023149314371555263
-0.00493318298635631
-0.008086255977024448
-0.007669902931959946
-0.007349451897029777
-0.008191520350801548
-0.006537797467661963
-0.0026362250299096085
-0.0019368441012778265
-0.0052326005704385475
-0.007489808442046664
-0.008970443938908224
-0.01066861326363551
-0.012588994563064393
-0.015381850247374193
-0.01547775428083227
-0.010825339275930365
-0.0012912780478476077
 0.008986608527130957
 0.012111608590136755
 0.009807619250170416
 0.006144628254397627
 0.0009589004635645743
-0.0014222782991928362
 0.0014547799815143592
 0.00682996867255084
 0.012965356224408489
 0.01642952193301142
 0.015217879879209667
 0.013302176726616627
 0.012429700318412007
 0.010142084492371042
 0.005223011071179867
 9.809918921252492e-05
 0.0003928204165456334
 0.006081444945582229
 0.01410914289253011
 0.021900594424268963
 0.020707664957810505
 0.01167883954134917
 0.002762289648947591
-0.005281785858573085
-0.0067507259883450715
-0.00019898336809921757
 0.008165541151027897
 0.01635229609039375
 0.019189590122996474
 0.012698659364968903
 0.003969235346000216
-0.00021536902196679641
 0.00012613367372456274
 0.0019529479897895802
 0.0005027204473608687
-0.0022223021078295047
-0.0017100470526306144
-0.0007369945341032108
 0.0005822408502750565
 0.0022804061283549643
 0.0030639937000315476
 0.006298930213679194
 0.007678981506923158
 0.0060018638429570476
 0.005517673622125699
 0.0009354267731137705
-0.0029684887847038904
-0.0026971582915498865
-0.005221020532799894
-0.005880641259974562
-0.003805885161610942
-0.0027065226785163293
-0.0011253110713319997
-0.001321795261760239
-0.004074886697965546
-0.0056982056733196895
-0.004196522562344332
-0.0021334618310702713
-0.003298322416513788
-0.008519136308615519
-0.012425390939851094
-0.008488732400830076
 0.0020908946450590576
 0.010132627032514413
 0.00869409485717526
 0.004420605699327604
 0.0039060075240634345
 0.005929304007233002
 0.010410966652627363
 0.014179211905558764
 0.01164833244405504
 0.0037726702226239806
-0.0010738919226119387
 0.0007271925858560596
 0.007461382932699004
 0.018359123963424075
 0.023891030573460606
 0.016333482336865476
 0.003358640064387783
-0.005101790511521098
-0.004334576453769889
 0.005339829179387551
 0.015687887956903457
 0.01876376747813313
 0.016618835130584764
 0.01156643452457265
 0.0032650609410817266
-0.002393159680169399
-0.002082064938910902
-4.473401523386045e-05
 0.0032323058199361793
 0.00811395001979337
 0.008368906999022
 0.0019177404890989291
-0.006491230471615914
-0.01352950440943472
-0.013852298564430168
-0.006933321417572247
-0.0017663102607298753
 0.001534120308619269
 0.005431014599535808
 0.0035620929153009767
-0.0015277328653977296
-0.003466826752169902
-0.005978993626330323
-0.008341459801744444
-0.006210565941350957
-0.003944005822718602
-0.0016259860888921812
 0.004694188262980445
 0.00715021332846362
 0.002144594190809729
-0.0022505267847693217
-0.005752121714706224
-0.0069286776672393136
-0.002519526297800209
 0.0007785651981310204
 0.0022755701622705626
 0.002273229065528945
-0.002694964897438354
-0.008271317949062607
-0.010371807901670652
-0.010100477408516634
-0.01003264630272091
-0.010881731976746425
-0.011274698334279215
-0.008881828251079651
-0.003080928197983321
 0.004422817303352436
 0.009299783356373811
 0.005594689039078601
-0.0010623159316206637
-0.004367428694453043
-0.007106485690150877
-0.006067939115921947
-0.001399150597094695
 0.0009235472835675274
 0.0015504169362440534
 0.00013059734824820424
-0.004596672052674236
-0.008147387524387303
-0.00849123334014397
-0.007380175489959784
-0.005609498935924634
-0.003969810493292508
-0.0022786624354663443
-0.001270523815670263
-0.004168637803786068
-0.010159006850380611
-0.011999859653600523
-0.007190726729698574
 0.0005632996273537
 0.007089312440002535
 0.005274189444379657
-0.006133473638097464
-0.01693063855849973
-0.01769551758948043
-0.008388346482935058
 0.004789991130253524
 0.013991903932992891
 0.014417613271729052
 0.008689220447940571
 0.0033561310317790916
 0.001648605413380147
 0.0026965082812807073
 0.00590571498733132
 0.006995721176754274
 0.0017702291378167423
-0.0033219357162998647
-0.0025851296129815182
 0.0015386547994724054
 0.007433117789285196
 0.01384451600445638
 0.015502917034431796
 0.010630625081598843
 0.004642595108422215
 0.0005585708974253784
 0.00021472508166872628
 0.005475299175227544
 0.010293788392801123
 0.012106568268358694
 0.01305623005270698
 0.007409704798545386
-0.0017243789217219474
-0.003628386707225442
-0.0007115641784137539
 0.0038543051100254078
 0.009018977193449865
 0.008190943180185553
 0.004184108391979802
 0.004703380667432408
 0.0042870235757205
 0.00045328022044016647
 0.0011643565161615216
 0.002701125728405543
 0.001517552555618723
 0.0016602340107876035
-0.003237787749642354
-0.010271383540625345
-0.008346328141008053
-0.0023045035258668495
 0.0014567245068108359
 0.0044507364584135956
 0.0064249123998070395
 0.0030519665078552333
-0.004493886361650323
-0.008556858911885956
-0.0040307538715512875
 0.007135980602233569
 0.017523803627853968
 0.020992647483292735
 0.014864273105041417
 0.004340779774534759
-0.0016074859505373768
-0.0005338532750397834
 0.004579359193190621
 0.010462126815913853
 0.01460930196254688
 0.01382804941764082
 0.011203607019420636
 0.009287903866827568
 0.007744113387682411
 0.011839828919121415
 0.01735302294181465
 0.016291081586759223
 0.012815216464419313
 0.0111989147093189
 0.009418877814964713
 0.007940581391521068
 0.00945395986958597
 0.0110328324033524
 0.010864417093939094
 0.009465649166704435
 0.005561733608886774
 0.0013537385067406288
 0.0014472994201333994
 0.006256432344035334
 0.009482012564011322
 0.008740524267209726
 0.004181668152376916
-0.004975806302069549
-0.012280734609530247
-0.013518106470929034
-0.00859903709638525
 0.0016156944963097164
 0.00999191438252639
 0.010132256764277356
 0.004088089029070846
-0.002763059035315041
-0.008470400198342332
-0.011791886475100086
-0.012844471536483867
-0.014652577311853002
-0.017150709745505976
-0.01772144568280004
-0.014851404622346562
-0.008977993293294975
-0.004781697604885796
-0.006793302767613224
-0.011595422517908835
-0.012528714834979138
-0.01072996939992904
-0.010152220289028652
-0.009333546616083405
-0.009808380543243095
-0.011560348556582348
-0.010131176721562246
-0.006416730157242798
-0.0020333085954007263
 0.00014670580676892642
-0.0013152171027493442
-0.0033923163211782847
-0.005293985033263879
-0.007693876383364565
-0.008704358123225953
-0.004515079655070517
 0.00064959242835394
 0.0019735059595680504
 0.002450674913498249
 0.0021699840800251946
 0.00024024648692466677
-0.0010860101643547365
-0.002337416466260983
-0.006077596884824857
-0.0080096735513433
-0.006290456612502188
-0.005581719390198761
-0.0040005077830144176
-0.0020193146213672436
-0.0024239763459896063
-0.001263797954029297
 0.0014729159216032295
 0.0008998409108912642
-0.0009690807733435808
 0.00028466055533318824
 0.002827231337279079
 0.004038869344433427
 0.0023243265057807383
-0.0007164709608276365
-0.0018111593437338397
-0.001783092486042609
-0.0019772376030529476
-0.0029292425074665535
-0.002618147766208029
-0.00022527768300847906
 0.00012324223293661007
-0.003390048064089865
-0.008521977166310965
-0.010886782415142987
-0.0072448471267787945
 0.0011313727594378792
 0.009301754184878372
 0.01354950948848159
 0.01436116594117312
 0.012370612439206896
 0.010209306577733154
 0.010567182787349888
 0.01270509386799712
 0.01547689384489831
 0.014655877051887742
 0.010520393225696867
 0.007931036928745347
 0.006548642515436062
 0.008076055434008439
 0.013084009598432852
 0.016885001879215017
 0.01898080963833984
 0.018445159802314447
 0.012908570998794708
 0.00926195351694728
 0.011102802273519771
 0.013191592812390865
 0.016770373118471474
 0.02044739450810433
 0.018590168190959058
 0.013743606045723139
 0.009077152553666396
 0.003830608853967632
-2.1847088655976843e-05
 0.0004857298197070703
 0.0023733600446377845
 0.002541771307403712
 0.0011032391320645596
-0.0018486735446632124
-0.0037620376238383657
-0.0019469186748628797
 0.000986277367874197
 0.00280373539026757
 0.003884385286018893
 0.0010774951612016331
-0.0047046963511988005
-0.008405112521658195
-0.008966492165280601
-0.00796537076573825
-0.006204050505374745
-0.004459103758936614
-0.006737363291305934
-0.011130145193467042
-0.013593191525851353
-0.01658019030384779
-0.0194362009704412
-0.020591705262213086
-0.020617437093133795
-0.021197529324099504
-0.024750583869230472
-0.026785579766137005
-0.024224296396847825
-0.022860618617529235
-0.023232533314300835
-0.022261819869191346
-0.02330270956348557
-0.024883925217317304
-0.023672287210162957
-0.025017256448785663
-0.028027645960961203
-0.026125981295523015
-0.02203494391091984
-0.02008649777712343
-0.01899415251428256
-0.018042151656516348
-0.016107739963227397
-0.012182776791295938
-0.00967295303720081
-0.008910417126285416
-0.008367754116653692
-0.008398164094410243
-0.006915193570778189
-0.00506732759395194
-0.004793658027380021
-0.006215816688793799
-0.010353639588402602
-0.01191146450805522
-0.008982946612153972
-0.008604018741776034
-0.009219197074010407
-0.004999510651422109
-0.00040323340855009937
 0.002307750659485394
 0.005966059461774961
 0.005603501058675006
 0.0021182796426634787
 0.0016574801560112484
 0.002492527342881884
 0.0044362953298424795
 0.006466609033265791
 0.008017412686017286
 0.0099027038375301
 0.010737751024400721
 0.011972779765734201
 0.010052398466305318
 0.005746162280606912
 0.006188245133268447
 0.006969493631527129
 0.005690018448605949
 0.006122745007595826
 0.004833913531003001
 0.0027685096796636194
 0.005788251438863426
 0.00890623428161548
 0.006349625012514723
 0.0011872879558607746
-0.0005974270853292413
 0.0032339731498857716
 0.010232478792952693
 0.017689442825930227
 0.019612159152129625
 0.015074354698057998
 0.008288700689373596
-0.00013196563843079212
-0.004936424462144304
-0.0023751410928551236
 0.0032433112336441167
 0.010756413028651518
 0.019186431603480172
 0.0198554045776791
 0.012059270852457019
 0.004691187562712723
 0.0013603449922833244
 0.003252653364049868
 0.01044062395396761
 0.018487034488258787
 0.02162840806518996
 0.01801921575802913
 0.009916663415060673
 0.0008246830163157332
-0.00515165158977135
-0.0038020082509602066
 0.0028152284249871595
 0.007781079267889152
 0.010007875138417013
 0.010796140856929426
 0.011285005177949184
 0.011111911721700049
 0.007034904730956942
 0.0008714442514369536
-0.004262823924202033
-0.007118834590795445
-0.005633524993745462
-0.005149338819561533
-0.010325710316722941
-0.01478632534800349
-0.016369880075253154
-0.015775757450427377
-0.011818047250645142
-0.008131669567340627
-0.006889623605753431
-0.007343405872151931
-0.009139816280431506
-0.011733850724218842
-0.012664803967871244
-0.014498639550837411
-0.01946683351380471
-0.018486763775023562
-0.011144414339523692
-0.00638674103081581
-0.003577515879228027
-0.0019682353910287498
-0.00699256711602593
-0.01545767583877064
-0.019452815259886846
-0.017677460559015853
-0.00900417834872444
 0.0032782941454041065
 0.010524741570769616
 0.012821709643834833
 0.01061128324058494
 0.000796529155705411
-0.00625110107578504
-0.005663995671212993
-0.004033663522252526
-0.00039406730730623396
 0.0015801086340871962
 0.000801195162599036
 0.001612851615290567
 0.0015426773894295226
 0.0001626220495381525
-0.001921494389144518
-0.0028384131922894462
-8.298672931363049e-05
 0.0016689772373782302
 0.0005532371937108371
 0.0009040961830738409
 0.001828028159825107
 0.0018163307694118447
-0.0005391181857485466
-0.008346947278060166
-0.015955955129849334
-0.016203898935471625
-0.009553915231673496
 0.00039182291796165114
 0.005528426120371188
 0.000688881195388999
-0.006068703932280456
-0.008672094669739436
-0.006885044601778897
-0.002316836239921821
-0.0010935028656779144
-0.0007870862712552329
 0.0010561015587351869
 0.000665474274620298
 0.0009040577399235389
 0.0018490413774360087
 0.001021007364171711
 0.0024314666118485234
 0.005741253474869312
 0.006440634403501094
 0.007825363843580901
 0.012632157694064922
 0.014868309858264428
 0.012253223753715889
 0.008770341411122248
 0.007004338957275522
 0.007266313156757895
 0.009051024151300519
 0.012765470715619953
 0.016748910722999222
 0.019787365069542297
 0.021282030960263917
 0.01953708016717838
 0.014751333930808172
 0.007207820134720516
 0.0004151489057823837
-0.0024572352747364024
 0.0007239025502992907
 0.008562135550396352
 0.012461368914730792
 0.012073080704033817
 0.009689562867858492
 0.003738958069368456
-0.0028548919190472116
-0.007154110884491888
-0.008358735718039911
-0.007214930840004977
-0.0030303305186853563
 0.0024407601824854713
 0.0037670127871174824
 0.0022863772902559365
-0.0003942028699941147
-0.0035847010353488445
-0.002955492309254404
-0.0015216423273984592
-0.0037858674192603053
-0.005289893650300984
-0.005367085096415758
-0.004590514744992891
 0.0016571483309244933
 0.005156400140796102
-0.0001813674222011924
-0.005958880787765811
-0.012552730776181464
-0.016765404025163425
-0.012323505627873571
-0.009308442015509594
-0.011044036514923472
-0.011233503485097995
-0.011109534617272404
-0.00843831479734139
-0.0024175418429613904
-0.0022701822409566808
-0.006181115019028086
-0.007406791513337299
-0.00857399117219873
-0.008510838213238836
-0.005512148114800247
-0.0017322074947792865
 4.314720609169265e-05
-0.0010655756173219566
-0.0008971643545560432
 0.0007542194551656278
 0.0021763740699319994
 0.0027377496669070273
-8.551397183562126e-05
-0.005238494734817925
-0.009039491062247496
-0.008599747283003861
-0.00404791243507216
 0.0019892340332332004
 0.003168125012536799
-0.002724002950505469
-0.008220827505920722
-0.01135518790924557
-0.012005452342748621
-0.009809064426653594
-0.008274634287827487
-0.006008074169195132
-0.0028035456099803485
-0.0035707637143789633
-0.00910033529764498
-0.012861567376970057
-0.011989095015412843
-0.006578820223107698
 0.0032710159163931163
 0.0071070942984439445
 0.001509689586058488
-0.004784759004864525
-0.00920560978804058
-0.007350726590960616
 0.004021846343600435
 0.016009595587072156
 0.021316951148989217
 0.019595391090082792
 0.011998078605383183
 0.004571518480191092
 0.0027049358693741615
 0.005432293451335057
 0.010788769555028235
 0.01337812180533235
 0.010051957381738766
 0.004943419013696798
 0.0011985604482970952
 0.0015704710984212888
 0.006370247728651579
 0.010763025584165323
 0.009890549175960703
 0.004541086245873849
-0.00020957388922770992
-0.0016714967987459667
 0.0009973839477671331
 0.00638660707931106
 0.010498696124675438
 0.009427398475948368
 0.004693111854772183
 0.001373964651432344
 0.00046406306854114565
 0.0032311848986065206
 0.008730344480792296
 0.011584012027320387
 0.010412134221623126
 0.006466115342283044
-0.0006446698714910049
-0.007456053687772413
-0.0071262463591706265
 0.0006745614662398702
 0.009614498046173175
 0.01451251575995574
 0.014797880693617219
 0.01004722055851566
 0.002861584995368441
-0.0001698561775683033
 0.0012686719511234429
 0.0030557220190839673
 0.0049760992718654445
 0.00870458027669238
 0.0110880940662203
 0.011298608650508607
 0.012061144561423986
 0.011845947783652458
 0.008356048220805087
 0.002288489751419473
-0.002915950626756883
-0.005262043288245602
-0.003346344182299954
 0.0009014111213032638
 0.004639248419801831
 0.007167784761240262
 0.0036311037300346682
-0.0035755834938737685
-0.007942635588437871
-0.008702836472582728
-0.00639417303242798
-0.002834105313690674
 0.0006908763037779542
 0.001649894381797884
-0.0005394803606907916
-0.0025019649816420686
-0.001297344194741451
 0.0024498493974287466
 0.004171405409687787
 0.005551456702931751
 0.007654281682310304
 0.006033301780374076
 0.004466120567049814
 0.004994749136174065
 0.005916342039507402
 0.01094768693811092
 0.017174298353267115
 0.016846826051435837
 0.011420173698557912
 0.008458904728158495
 0.00819926555544663
 0.006742020792764203
 0.0056941138782162365
 0.0043421274193398
 0.0005715390463430781
-0.0033230202178029244
-0.005140482286843717
-0.0027031698087038453
 0.00329655148491495
 0.0071302907935478915
 0.004994714739671169
-0.0021955989703118794
-0.011280562148803089
-0.017759797539741093
-0.01724988155796013
-0.008181295940041702
 0.0029994729742506138
 0.005995823999271302
 0.002555044978200083
-0.0020412363113193333
-0.007818749676883952
-0.009491189194014246
-0.00616736789048597
-0.0047218225415404935
-0.004427101314207371
-0.0017886285221271198
-0.0011360290618535607
-0.0035803628068945687
-0.005540508354427945
-0.009079528459051453
-0.01419274497392925
-0.017738782298806488
-0.019745709314698087
-0.017993745348006226
-0.01101161321886468
-0.0037885565276782746
 0.00021359606704426937
-0.0005232140829214971
-0.004406077979977968
-0.00727846216049674
-0.010817482265120235
-0.013179948440534356
-0.012941364975231115
-0.01342087704922662
-0.013650108267505623
-0.013231416149023206
-0.01046195524553993
-0.00529728316211546
-0.0011243782078853987
-0.0008974901096717031
-0.0059732814498629355
-0.011091176111576548
-0.01503719499091663
-0.015811430315568975
-0.010113449492860735
-0.004693818406883932
-0.0007501426476091838
 0.001799445354590437
-0.0012203004512567617
-0.006806009796552659
-0.009814060235310285
-0.011498195119530125
-0.013933172570899488
-0.01363377319673055
-0.011072489827441356
-0.007711243349226515
-0.0036342404051308286
-0.0034822026562902897
-0.006116001348182104
-0.007290218227297279
-0.007519449445576296
-0.005940576911809867
-0.0012133115575348186
 0.003696401523337306
 0.0064003683711190695
 0.006790991608586552
 0.0022859341823656815
-0.004197979355408138
-0.005133610745896369
-0.0007197812296214356
 0.005677582545042276
 0.009380333742272179
 0.0061594276224846145
-0.0005981575051848542
-0.005210812308629645
-0.005222509699042893
-0.00015607869917071138
 0.008049388827538445
 0.014093552516097549
 0.014556687029520288
 0.009637613608329126
 0.0036916869566748917
 0.002388821039574593
 0.004451881770848667
 0.008482103246586145
 0.012626939319801259
 0.01211000207111916
 0.010781406346421843
 0.012556761047292836
 0.013719278512671046
 0.013763718884287651
 0.010949811539216661
 0.0022999160164569737
-0.005493878635347199
-0.006427170952417516
-0.0007783106714854132
 0.00850079155404504
 0.015017448073022216
 0.01569811641431071
 0.010292515722193987
 0.0009759842753295778
-0.005215545085205345
-0.00394776931602113
 0.002763030296642696
 0.008582642937082316
 0.010093682341729332
 0.010187243255122075
 0.010163850497619267
 0.009258627061563884
 0.007901962455851647
 0.004924319971526855
 0.00014559095541036293
-0.0012391425313168364
 0.0024191662709727446
 0.005848245878307012
 0.00875571211344707
 0.010060913057317863
 0.008210703960426335
 0.007719496519341257
 0.005403811812285372
 0.0004894165379300125
-0.0005701857437074992
 0.0009455318077753322
 0.0020402161440341154
 0.0026951546777255753
 0.00038414811750550615
-0.004518551789760267
-0.00500508108400953
-0.002588820266630848
-0.00015384686190889063
 0.0032986234796045094
 0.0030015591322060664
 0.0030530167240764156
 0.004797963470514546
 0.0008285538569953732
-0.001045045974075287
 0.0025384124788411233
 0.0032822358024132137
 0.005651715151433673
 0.008741629113170807
 0.00598152045671177
 0.0036588185294021414
 0.002327883731286909
-0.00045795473276914744
-0.00027550902949577405
 0.0017337530131663337
 0.0005174328125287647
-0.001201788172959739
-0.00027083897595474304
-0.001440377708234103
-0.002609916440513449
-0.000266166899090009
-0.00028955965659283045
-0.0026824337864398
-0.003891736766823639
-0.004623868769953576
-0.0027619683526198813
-0.0008135222188234703
-0.0034028785157749764
-0.004867140498711162
-0.004233253625780892
-0.0034824130819550575
 4.4907608931485377e-05
 0.0017196821528322748
-0.00020303822001450922
-0.002139793033368767
-0.0038215888441707063
-0.003487103368733091
-0.0007433722728468206
 0.0024284092585172
 0.005649311331657372
 0.008074928442707685
 0.008961435244772387
 0.008699456998642607
 0.007485475871422939
 0.00669486703284522
 0.004180361085266884
-0.0009071256220139073
-0.003611096516443077
-0.0031105368283337598
 0.00099921314361269
 0.006381419054902915
 0.007829303477266306
 0.005331171043613331
-0.0008954444181902554
-0.0076389951053522365
-0.010078650703557429
-0.007426143470969718
-0.0015503930685002165
 0.004645810392223129
 0.009120455817363746
 0.008346220492711401
 0.0026552528436094985
-0.0021725967142831176
-0.004193558170682191
-0.004006434320572988
-0.0033889209615681065
-0.004495304711563855
-0.00701448880597802
-0.010967524905571818
-0.012551079632821469
-0.0080226355190689
-0.0013445829342558085
 0.003427124814959548
 0.0035557718296209545
-0.0018778977435107008
-0.010216696501688188
-0.01778360103195495
-0.018686485394592417
-0.013159256931391708
-0.005908131359190369
 0.002982684678966799
 0.008533303876346612
 0.007015243204798474
 0.002814265322906087
-0.0018498490957327557
-0.005229812207938292
-0.006188834332605628
-0.003606499302555244
 0.002264572953078428
 0.00458727083374065
 0.0029756472254760663
 0.000164078953822977
-0.006160777591532884
-0.0085653470884694
-0.0029445556885522445
-0.0007200988914422973
-0.003648620833990937
-0.005152647065031615
-0.006167806951728819
-0.00538655845347015
-0.0010171713321355247
 0.0024890976979898144
 0.0047463015229505245
 0.00863617859361332
 0.010886365198320286
 0.00858705400518979
 0.0046527304929392665
 0.0006154877503006667
-0.0029937045568601828
-0.0017142334205863946
 0.005352105351599953
 0.010257140285636249
 0.009305135381222643
 0.004018827433419414
-0.004144540818414741
-0.008960695009217812
-0.007622747037496255
-0.0018616112325044037
 0.004442189605442862
 0.006706410650657302
 0.0050737353816315
 0.0009195389680973359
-0.0024463897036007265
-0.002430018212999055
 0.00010553534869310599
 0.003235213558534719
 0.004521701915062251
 0.002797802782737918
 0.0010739036504135852
 0.0037989221589565525
 0.008360113300559899
 0.010364697196386177
 0.00810515025136016
 0.002367401133900035
-0.0005400691478874148
-0.0005377320977932032
-0.0015973343794307288
-0.0012581707571572842
 0.0002294779133106134
 0.0008446521988975803
 0.0014785390718278363
 0.00041191956993658074
-0.004645159182911349
-0.009000515910385892
-0.006836875022141642
-0.002306091834971144
-0.0003857145821896668
 5.8707343889782826e-05
-0.0010617108466134256
-0.0027598801713407395
-0.003304886301037771
-0.006095402911929643
-0.010118611214060796
-0.01142381620457901
-0.012541895321664304
-0.01248342050954021
-0.0092929263908329
-0.0052322969606625885
-0.0008254846646413849
 0.0019135682844090562
 0.002379041871249696
 0.0018012887137019012
-0.0014640598010259714
-0.006963223429859153
-0.012226140643483277
-0.015685632251897785
-0.014212018021937375
-0.00839474445491567
-0.003945828837372059
-0.001305016971873893
-0.0008325261647795235
-0.005047538487179384
-0.010513955088161789
-0.013344235947158181
-0.01142853684121252
-0.0064346171172955935
-0.0035365071758271804
-0.00341487738141949
-0.004373899506086826
-0.004776222157291274
-0.0020956460436886287
 0.0006972055939737792
-0.0012395492193804786
-0.004088542665720146
-0.0070521507095374775
-0.012413309006713877
-0.01333256688327672
-0.009971320405061879
-0.007969075582653501
-0.0048253629323044
-0.0023272345452988313
-0.0044791841131009286
-0.006596047579634362
-0.006142269359883268
-0.005840530912296402
-0.004514278307664404
-0.004453464422122411
-0.007765594405208506
-0.009779538641353835
-0.01209288427499182
-0.013755967498450455
-0.008170262199801978
-0.0007390279744214495
 0.00019659936941936185
-0.0013354957426362363
-0.003740065239572765
-0.009583072660838882
-0.01108709889187956
-0.007927012727605084
-0.00390848661895718
 0.0027882785531992
 0.004743741907249341
-0.0004981236456135935
-0.0059996263478646755
-0.007920007647293545
-0.006921225321169122
-0.006081499987462671
-0.006256932517129721
-0.006369210064513173
-0.004902613054806465
-0.003443033265353515
-0.0018758560986766454
 0.0009778114478514455
 0.0015719340726772224
-7.711471027395389e-05
-0.0030243492401658967
-0.005464004838371089
-0.0024138551247384343
 0.0043507431765373444
 0.009812477584036541
 0.01142409714565372
 0.008062846620791486
 0.002568361138794134
-0.00021981639867983682
-0.00034846745998866335
 0.0010713480813598075
 0.006198594990097686
 0.009819478617700675
 0.008067510604361408
 0.005487510601081533
 0.002175380617995437
-0.0002011199979261441
 0.00045849668260114496
 0.0016631174695017625
 0.0035530867678504052
 0.007176309468871309
 0.011307111101578962
 0.015232074273510421
 0.0177910185693817
 0.01438298657616123
 0.006998529772491546
 0.0028443333589573683
 0.0035273407736637757
 0.008694351930506147
 0.016857716135692896
 0.022614173793848905
 0.021952213993256302
 0.018532486632946286
 0.014822714168815254
 0.008811293461459507
 0.004498040055507357
 0.005747103237348311
 0.008682638353503289
 0.011564374781046313
 0.014287054216171366
 0.012970153858563607
 0.00880192300452197
 0.0038079992339576374
-0.0027764944607863856
-0.006476910631245766
-0.004273505494897009
 0.0006479029530646607
 0.0034173638565479364
 0.0012841268760891422
-0.004388128185669471
-0.009222994963815831
-0.008724774349124428
-0.0028794319010877895
 0.0030711688507548823
 0.005227792518745403
 0.003826685518092829
-0.0013613813461581525
-0.007501451091499009
-0.010228812720107297
-0.010448687644714655
-0.0077564161640224505
-0.003798705964240215
-0.003480594002727974
-0.004834919535022325
-0.0059085562571673245
-0.006151821915953787
-0.0032887980757540514
-0.000596526595061847
-0.0020654667248338476
-0.005124976778785539
-0.006130780371811084
-0.006383402324269205
-0.0072979820539962326
-0.00761141991532005
-0.006886309179091235
-0.003749613748995878
 0.0007039800153835346
 0.0012934244933734823
-0.0017894762947573
-0.006107407847545265
-0.010123598929422675
-0.008633611185536877
-0.002722774681798712
 0.003115550545984197
 0.007882580148363738
 0.007143430924980057
 0.00040221931123599064
-0.004336745456776009
-0.0024093509837408017
 0.0034663994187286856
 0.011856653745452833
 0.01892065344422128
 0.01765989084864339
 0.011023937538705314
 0.005620675920006507
 0.002582217526816033
 0.0018079822021636882
 0.004411368892975262
 0.007784310738279662
 0.00916436203152364
 0.010579499426036268
 0.011019243205279888
 0.010357283404687292
 0.00910587710278106
 0.0057259139905755235
 0.0026617257897880164
 0.0033564285715839692
 0.00894915109048619
 0.014448310672671966
 0.01346355874040761
 0.0050966911012151755
-0.006930826437008444
-0.015866088916753313
-0.01647658910215187
-0.0075249571551290195
 0.004432384133909867
 0.010216910673080823
 0.007424054988771023
-0.0022105904429293305
-0.01262648639621207
-0.014907085001999276
-0.00972837847806736
-0.005927386197285195
-0.005001115147116014
-0.003015243838633011
 0.0002758304370444886
 0.0024768964999753174
 0.0013939034841586873
-0.0001873121696730623
 6.062758930185097e-05
-0.0014691284493358464
-0.0010948787257937381
 0.002701435408152611
 0.0012161217644552358
-0.002353306294601107
-0.0026316580546562607
-0.002727562088114324
-0.0007954894682432878
 0.0024955848074342257
 0.0017190104093639663
-0.0008025127584681269
-0.0011299850602993905
-5.1674237965981806e-05
 0.0032230265237861294
 0.006811163123538369
 0.005377309095035032
-0.00015927970848469974
-0.0028211472813914756
-0.0003861738766695044
 0.0032417269711872143
 0.00709183979374553
 0.01047647700613949
 0.010181751732158961
 0.005459160478072336
 0.00034594396319453935
-0.0020071659185479374
-0.0004633794860501722
 0.004965607893598248
 0.0073701733438873845
 0.0062146690521154985
 0.005260325074283978
 0.0013119671215259948
-0.0034831354085158722
-0.00614500298142262
-0.005983608938910451
-0.0019323358024117693
 0.0027785560379378904
 0.00513634001986879
 0.004663845166127001
 0.002607797608459264
 0.00099617400019468
 0.000876879232557512
 0.0014288985358608675
 0.000764599661850357
-0.0004563986856230412
-0.001020117402663362
-0.0011908717854945822
 0.00013538081913741506
-0.0005242399080372662
-0.004442189906362387
-0.005649153813328325
-0.006853778646876349
-0.008888774543782882
-0.007892331291076374
-0.005978971258548613
-0.0026177247803337717
 0.0007481998447168847
 0.0013165926619456286
 0.0007037534031291703
-0.0012517139975683766
-0.00349020928183319
-0.0021522613101116334
-0.0005149119408974084
-0.002559264131475586
-0.0032492928130831294
-0.0026949344363618594
-0.00357676713823811
-0.0026551742349047586
-0.001338277923944392
-0.0022996391220296425
-0.002032986775711454
 0.001169202710085429
 0.003845100676852259
 0.005257898997946986
 0.0053865460126083925
 0.004118766196776785
 0.004457929819050216
 0.005278942565413378
 0.004874280840791029
 0.0062753837947962104
 0.009568797143891625
 0.01165992675618062
 0.01178155655058831
 0.009330205585293572
 0.007992253566924595
 0.01358497608582683
 0.019173020457893222
 0.017131007340732973
 0.012852840036049487
 0.010237753931500948
 0.00880156082957971
 0.0121113476926005
 0.017940316626711778
 0.01829585376291059
 0.01474513829119753
 0.011124250616947134
 0.005365449838725819
 0.001814734367012752
 0.006544338794705701
 0.011568666473055475
 0.011388555796552624
 0.010892670208631716
 0.008060050276217437
 0.003880124055086226
 0.006621516077554582
 0.0119639577407403
 0.011711335788282179
 0.008658842954584217
 0.004448508779020172
-0.0007489143789024266
-0.0026926864125104283
-0.002206161164908585
-0.0018669975426351404
 0.0004510221911912665
 0.0018170390439277706
-0.003516050372233709
-0.008846800714977274
-0.008507637092703815
-0.006627024088026831
-0.0026225324198863864
 0.0018965554001945523
 0.002848556257960752
 0.0013071048522335094
-0.0026295577334349146
-0.0064866918228943665
-0.009183645497069778
-0.011999891915558697
-0.010746150586881942
-0.006535820457965302
-0.004351127908959848
-0.002318475132118608
 0.00036677912831986625
-7.062962415325946e-05
-0.0032096681743139233
-0.006311281549787995
-0.010280691163307182
-0.010842070806929602
-0.00607971935138589
-0.003775734058066943
-0.0053242026840479295
-0.006842263355596068
-0.005913653232008986
-0.0019231960043759877
 0.0023479500334063486
 0.002497648708828959
-0.0032120315276162326
-0.009186027060285401
-0.012266588774998283
-0.013330869203471624
-0.009962605505003053
-0.005130081846921999
-0.002458862026990985
-0.0010671153666574618
-0.003160588099011777
-0.0072703421176056465
-0.009345102262616659
-0.009639827536597187
-0.008203638481323342
-0.005183896722123563
-0.002449521919908937
 0.0011549881937686773
 0.0066681822164619264
 0.008291497145168664
 0.004682304838007828
-0.00011045861861612438
-0.004451780905583208
-0.0049570227871757605
-0.0035255118787377443
-0.005523082600957685
-0.010643316336089226
-0.014049009255891795
-0.010687762777676954
-0.002664742977564874
 0.004301015637651284
 0.004254232145969358
-0.004257658045133575
-0.012399974636206512
-0.016215005404143557
-0.018107317822557492
-0.014741393197506836
-0.006091501721394527
 0.0012531867875232583
 0.0039010158732751543
 0.0007900462041294243
-0.007623602903421248
-0.014203418451329428
-0.01329118184166772
-0.00849842243169116
-0.0024612759633857867
 0.0033092161352776955
 0.0050588410285516555
 0.0033419591164810525
-0.0007023008464112912
-0.0034039326674225323
 0.0015174757805391376
 0.01010889042120365
 0.014864224656493633
 0.015456008207901509
 0.012719290285621576
 0.009091385391117437
 0.008464511691793505
 0.009521770853365724
 0.011226953351699362
 0.01395898908049606
 0.014903972718008529
 0.01451334543389364
 0.01526184690430156
 0.014808064637903073
 0.012735643566309948
 0.010726377477000434
 0.008221227823093744
 0.007615405784531015
 0.010651521057656183
 0.01648282906518536
 0.02121009441946041
 0.01924059257825539
 0.012015192767003677
 0.0039921689202442046
-0.0020122345668577984
-0.002959561324435589
 0.0030658897767802257
 0.009931068235026208
 0.009409452839508281
 0.004941820587974002
 0.0003432002250366717
-0.004398103616393242
-0.004040227406776509
 0.0012694672285584602
 0.005912525939788693
 0.009149801526854226
 0.007870326343933046
 0.0006589609731888074
-0.006674036215286824
-0.010549882892089565
-0.008458753279800557
-0.0019444358342412676
 0.003248305130198123
 0.008085506935114992
 0.011519264689285075
 0.00757324580994502
-0.0009550178950832877
-0.0068471458581255695
-0.007995632929643726
-0.0046484208919363446
 0.0004671306497119887
 0.0012203102669557236
-0.0021923998731005756
-0.005640196114425539
-0.009275118229183393
-0.00970083161456696
-0.004582940999500726
 0.0002846687598489911
 0.0018962883214661969
 0.0013372477512616915
-0.002199433279943902
-0.00512327707565674
-0.0038625185267262274
-0.0033455853246915357
-0.003738551682224339
-0.0026602408598909305
-0.0020450665743039637
 0.0006284923190449654
 0.002850610042736998
-0.00037965237072221103
-0.0032894617259275755
-0.006281138650759827
-0.012297237504951389
-0.012973231746051458
-0.01047510335904589
-0.009855250926623094
-0.006400441511691793
-0.0038999740512683234
-0.0045806464392042084
-0.004980630016990728
-0.006922062977180815
-0.01073241559828203
-0.012545199520486994
-0.011001413087989229
-0.009450609435237733
-0.006323270298814021
-0.0012895863267926022
-0.0006323087196832278
-0.0027749019938136804
-0.005687050422436946
-0.010271636344866802
-0.0118832599531314
-0.00853136976858819
-0.003829834221910175
-0.0004311625690087556
 0.0033581343446838496
 0.00732520083813773
 0.010019811392247849
 0.011900424396924833
 0.008824540829047767
 0.0005138109518852269
-0.006568905380873902
-0.009946529419661523
-0.008865879523910214
-0.0017176731820969654
 0.007327521701642345
 0.012003327440723341
 0.012475818247817724
 0.008737976902671751
 0.0007710908179421744
-0.0048894688767268935
-0.002515311380870619
 0.004551027391315729
 0.00911455760633699
 0.011060664666715486
 0.010723836071212564
 0.0060971468272603
 0.001061119735173574
-0.0021434128706886157
-0.0034790258156396775
-0.0009387941071117012
 0.0038703388167902475
 0.006677224894960115
 0.005400088785456836
 0.0018142872124751047
-0.00012948482113289694
 0.0009839121024692032
 0.0023873541298922857
 0.0032949125927181633
 0.003283215202304901
 0.0004997158116667594
-0.0016031132143592003
-0.0024592161086384456
-0.005132779048634767
-0.005918709740376657
-0.005231024178834434
-0.0077525473466665135
-0.009249556357453462
-0.00814083758068719
-0.009574691609190514
-0.01234649563273911
-0.01251491094215243
-0.01011736271211705
-0.006339761165513991
-0.0033808353151798948
-0.0043538918803546905
-0.007834435149530417
-0.010823773000944753
-0.013268106745985761
-0.013728906232637991
-0.011932499871005822
-0.009127952866253855
-0.007324529284367942
-0.00793035132293067
-0.0073292114778511774
-0.004529342619935026
-0.0016242154582128965
-0.0001318886409091835
-0.0012476286845765766
-0.003991363827110225
-0.006049750458195877
-0.00625325186887786
-0.0075163535378736795
-0.008339709404302148
-0.006367872536326619
-0.004859172205097531
-0.0018347522990619092
 0.002457445399481617
 0.00279894809517299
-0.0004126017309429436
-0.0043632987571188275
-0.007532745261712354
-0.008349083907887092
-0.004835797657508009
 0.0014984111348720908
 0.005306420635907999
 0.0032082697567178686
-0.0033411378367574907
-0.01071623834675553
-0.014673952593185158
-0.011911508909955612
-0.006847416983501331
-0.002971574353345996
 0.0017977943224514459
 0.0034187701777402685
 0.001545170346669622
 0.0012247152650920745
 0.0007311687505890951
 0.0014282106058029487
 0.005290018795450824
 0.006183542817769241
 0.003252681801802673
-0.0008921583180598602
-0.005874386721534619
-0.006356237868948053
-0.0029903132438973967
-0.001668738786101201
-0.00040564116375280124
 0.0006118537497149246
-0.0005506677623107054
-0.0016687468793959992
-0.0029856472370037718
-0.004826500040223655
-0.006255675921891163
-0.004987900152706948
-0.0009132362820291617
 0.001107721127722519
 0.001846866304458794
 0.0021603001191352056
-0.0006044866841596608
-0.0029926826671707873
-0.0031634370500020215
-0.002494464075803088
-0.00019281785590206935
 0.002478401964028945
 0.0034444372623026187
 0.002253846869262055
-0.0006840313669582432
-0.0033365426461933606
-0.003406716872054391
-0.001631362171183412
 0.00016738326386667168
 0.0036923648813353
 0.006595152969639542
 0.0036736482473446186
-0.0004361057712492372
-0.0038020344429473135
-0.007516485053914154
-0.004288565760520252
 0.004162504475069578
 0.008487449201463881
 0.009975097871931779
 0.011642855195578838
 0.009750542777164889
 0.006038431239615949
 0.0034911782641868366
-1.2755739167980007e-05
 0.0010795895236728886
 0.009762228027635947
 0.018447205605016906
 0.02234409989593345
 0.018762976469787543
 0.008195040744340576
 0.000770819692566399
 0.0013485688034668014
 0.004387023150009869
 0.00793773457507553
 0.009462808420229993
 0.007579852295487702
 0.004712146261804745
 0.00030299084571823454
 0.0007403955515439542
 0.008354077503521545
 0.011446330538676594
 0.008260510520157693
 0.005191644172534357
 0.0022561050097319735
 0.0030022674067219923
 0.009638216670012648
 0.01279128561403338
 0.009310742344857667
 0.00462323719203972
-0.00026075012788277785
-0.0009905430575948143
 0.005055959704382204
 0.010700141838478491
 0.01138081017976697
 0.006440685097814605
-0.0021811415439301624
-0.008304837775345644
-0.008007777474594607
-0.0018396428948862092
 0.005886314581151117
 0.010976136315202417
 0.011072036302013089
 0.004557714809806407
-0.005928353346013673
-0.015551303410624467
-0.017946516613889338
-0.011315245497434498
-0.003615017828994191
 0.0010818395708480089
 0.003226767871748984
 0.0022724238939174635
 0.0005087605134886375
-0.0015543042644328292
-0.004417332151279957
-0.005404423156962226
-0.004506220987807993
-0.003867655968041908
-0.002344921196305333
 0.0003730800919838906
 0.0025484163473177
 0.005074613615338203
 0.007883838766925971
 0.010477869164065928
 0.012264919232026453
 0.00851304344637302
 0.001458395994628825
-0.0021788651935469305
-0.0006046708066163309
 0.0070604707605552985
 0.014975893183443445
 0.017628400416031184
 0.015375870691258897
 0.006924796409021647
-0.002925043777126546
-0.006934217638750212
-0.004171773955520666
 0.002524991216635686
 0.007032383669627065
 0.006499072907019593
 0.0037529986910680296
 0.00040344353329534177
-0.001229231735730446
 0.0020174001450067314
 0.004723706066206423
 0.001972953703419031
-0.0021391393885927396
-0.006450053721126975
-0.00855054367373502
-0.004064202881504844
 0.002955354422323281
 0.00717971899174738
 0.00679844800130415
 0.0011215147927097213
-0.0073529502237066335
-0.01317958413104739
-0.014049721465834095
-0.01087560086105216
-0.004377656929418258
 0.0027752275592308057
 0.007570326042625267
 0.007280278915480581
 0.0007425666890947813
-0.0060220356588284035
-0.007809089773436348
-0.005666500545953274
 0.00021860615018785834
 0.007266232335030903
 0.010358485370185952
 0.007502474703592554
 9.93053125795812e-05
-0.00561037492386561
-0.005736686911756522
-0.0025976524082432506
 0.0015237929307927722
 0.004000869657037137
 0.0031915482311161147
 5.71878277912663e-05
-0.003460780616071024
-0.004377699419215952
-0.001467894110657994
 0.0029389181853631957
 0.005462776379965811
 0.006515357394702187
 0.005605455811810989
-0.0005065450525149479
-0.007119107628273891
-0.00912603464416549
-0.008021994014235062
-0.005037338356303947
-0.001994205862925022
-0.0004246896228302377
-0.00036387573728825784
 0.0003027581634927612
 0.0012360464339156857
-0.00019312944775182195
-0.00035218846349349686
 0.002403237999482319
 0.004583252401651944
 0.0035142938263427875
 9.456646603277219e-05
-0.0019076824030230116
-0.001528754532645088
-0.0001931456343414184
 8.754115248423011e-05
-0.002480763483706086
-0.00683612021118063
-0.009951768027162175
-0.011378604835411768
-0.008952987724361455
-0.004431560830862602
-0.003388336109797857
-0.0016527456570313709
-0.0006329116701457443
-0.003084262635440496
-0.0031942011094060335
-0.004221056363192782
-0.008707401202070364
-0.010047692293857241
-0.0062139529852243275
 0.0019938536149027575
 0.01163083407337362
 0.013457648389438637
 0.00611529490729136
-0.004560238195379512
-0.014431130042288923
-0.017904656091210905
-0.013551642483801668
-0.00434271246080857
 0.004753942038124792
 0.00939933982277294
 0.008489438239881741
 0.002085053198316894
-0.0042912629622330195
-0.005233911572974981
-0.003098339565745664
-0.0013861398471582825
-0.0015873021844223512
-0.00451348505355309
-0.007030330074549354
-0.005484204568633688
-0.0013346903485827316
 0.0025458304284084188
 0.003488474992502974
-0.00011136102098621703
-0.0063099076017748695
-0.01011324300262234
-0.007832648443482526
-0.0016270886890875497
 0.0036288072576354663
 0.004590164409073311
-0.0007008216855657612
-0.008983482681713395
-0.011446529014097692
-0.006873642505404787
 0.0006628500237817331
 0.009240230223938772
 0.012107932210974323
 0.007513989994872836
 0.0017154249685470135
-0.002925298715912711
-0.00532986821284924
-0.0040971785449336745
-0.0014937918541220868
-0.0007359340900425365
-0.0012271415311276151
-0.003163896344481859
-0.005657350631299005
-0.005091296887488175
-0.0034258786372590305
-0.0007219117894772531
 0.003034638096364589
 0.003320003030026067
 0.001383248216671809
-0.0018376579031157553
-0.007278344696501141
-0.010232596446646813
-0.006838602940581223
-0.0007616922241713564
 0.002477922436312105
 0.001855726883824002
-0.0018610628005607671
-0.00702573893063263
-0.010639609384629281
-0.00972503370154966
-0.0035826289294382807
 0.0027843268907925822
 0.005048547936007036
 0.004314076859459184
 0.0026673671499259227
 0.003624046154527938
 0.007897531265728189
 0.012500825728853943
 0.015562670809576143
 0.013791990208893573
 0.006370108230537311
-0.0007172862490576332
-0.0005184670318588713
 0.005312840975670308
 0.012079778350364001
 0.017239772286952643
 0.015770832157180642
 0.011371033034765776
 0.009595674287247405
 0.006870651732057045
 0.004622800154120574
 0.005193532044767232
 0.0034158342238309325
 0.0004685996939390036
 0.0015960310580485498
 0.0024334173183371
 0.002915264419103128
 0.005301117282048948
 0.003911705648485947
 0.0017527388604301058
 0.0032216749435547004
 0.0032403855075742866
 0.0025199488715339224
 0.00504380706613651
 0.004299979695917014
-0.0001091757201694965
-0.0012506455714338949
-0.00272894199487754
-0.0027453175321266315
 0.0015117940651482448
 0.0030836493786609437
-1.7963996813141758e-05
-0.0034821337520634793
-0.0039031689906112166
-0.0032575867505914013
-0.0033020311688554127
-0.005308958184747012
-0.009523970507146887
-0.011689954515456458
-0.008263213981540077
-0.0005887161206968028
 0.0036496828892347843
 0.0020450765012239164
-0.0024740153655044006
-0.008688935460218442
-0.011105200324244516
-0.007741614772611774
-0.004770993555188105
-0.004927713497511865
-0.006160407212074823
-0.005643474010040131
-0.0018097347014071896
 0.00020654456150864808
-0.0002168297504570038
 0.0009106016136525424
-0.0021208395592842016
-0.007547491912162113
-0.008712352497605658
-0.00871937174118309
-0.006008387673147597
 3.5776015411520534e-05
 0.00421803726331324
 0.005097526845124184
 0.0003842918847092036
-0.008228178463363905
-0.013526181778256707
-0.01372266596868496
-0.009367313287857823
-0.002209750652372916
 0.002045021871484032
 0.0015000157417870003
-0.0019009990311797398
-0.007262157328356153
-0.009584859255665754
-0.004958174058360909
 0.0006228530934517668
 0.001811100366426996
-0.0002683379254198315
-0.004689188708595901
-0.008689006276547936
-0.006915990649094872
-0.0005466957554460805
 0.005193388388784553
 0.006655307251655418
 0.0019631239520016414
-0.0058891475352503
-0.013488799093367823
-0.01606412094981187
-0.01032637587899915
-0.0021489772333049134
 0.00422031766034385
 0.007726586690469189
 0.0053477470011296935
-0.0010121956454948455
-0.004488060767834728
-0.00402024810757616
-0.0014706601053765533
 0.004491636013555664
 0.008835293327293256
 0.008372154767223125
 0.007139461052660154
 0.006121962092545036
 0.005675197046400293
 0.005226092926837622
 0.005071712057931763
 0.005626070434653047
 0.005520810107523352
 0.005586302139901161
 0.0056915584203834635
 0.0066692890857466824
 0.008341724556229571
 0.007813091940457928
 0.0058085039979842296
 0.003876427331465787
 0.001822718847215965
 0.0006087377199963107
 0.0011303490688668316
 0.001965396255737467
 0.002482329457772159
 0.0014765258647466
-0.0024765102348471985
-0.006792102714217263
-0.009107787421273147
-0.007896149414118786
-0.0032975330978288614
 0.0014905481653118696
 0.0041921759396757186
 0.002669437121291765
-0.0026706695151234305
-0.008059896693314778
-0.011872588387833907
-0.012845644953008717
-0.011039882297704876
-0.008279777687893244
-0.0056974426578428605
-0.0058565016735845354
-0.005959422927296329
-0.002988801709872674
-0.0010216429887329737
-0.00011174545248916756
 0.0007887957900829939
-0.001351458410629558
-0.004375882363312572
-0.0025514071206654554
 0.0007045810537433805
 0.0013384679266736504
 0.0017150567236336595
 0.0001993351255034359
-0.0022262860321942968
-0.0026987808859360585
-0.004127956767603566
-0.00612318841640562
-0.0052483769814304915
-0.0030426327716638196
-0.0003012407491954777
 0.002943052058123799
 0.0023442472398148007
 0.00021568840619182184
-0.0004135243665500249
-0.0023268884457251643
-0.004071839238810701
-0.004818005682448098
-0.0047829216045031375
-0.002132753445333327
 0.001974657453195222
 0.0031418530654092475
 0.00013848077348745103
-0.002443858303210325
-0.0024812855012206203
-0.0006591493319914182
 0.0026904017791338775
 0.004650543280019848
 0.004718374385815571
 0.0026436142408045454
-0.0018778166993416862
-0.003940881477263167
-0.0027011745890938715
 0.0003396188308671111
 0.0036587619875595723
 0.0035722142477731395
 0.0023301642395385375
 0.0017828190364235913
-6.972913388585134e-05
 0.0004916464630891626
 0.005158095908498514
 0.0068983645081008155
 0.004409588368119485
 0.002316115635765184
 0.0002647462249332627
-0.0010474759858386806
 0.0009641251302413417
 0.0029195884842914965
 0.0036868025420427053
 0.004559274903599919
 0.0012424667736779804
-0.0035783655639609058
-0.005129173263359793
-0.005267180618340264
-0.002289542180662879
 0.0046341131130308855
 0.0092514420166641
 0.008502936499608774
 0.0073942136761951105
 0.004339381769079248
-0.002128158254769197
-0.0038824653415263782
-0.0002311737594905272
 0.003749927174470799
 0.0065591523260585954
 0.008596483249735637
 0.008973072046695646
 0.005511241364863223
 0.0005781335031645879
-0.001634631973503206
-0.0015387319866925486
 0.0009898043547458685
 0.00674392293948399
 0.011398677017803782
 0.01272492962243578
 0.012589261340873223
 0.010463041580668159
 0.00712518178998503
 0.006081953022272879
 0.005244562715336937
 0.0033756410311021057
 0.004788439352196833
 0.0069029596986649455
 0.008409320956476132
 0.012296858953721013
 0.01420086269257713
 0.011646592496894273
 0.006547410422523936
 0.0015300959177804857
 0.0008307109425013115
 0.0033288393295068802
 0.007211699179915945
 0.012086326159519392
 0.013071074045136369
 0.008374212598646763
 0.0022809243216641156
 0.0005967894374442756
 0.002858671409240801
 0.006021096646933191
 0.011590428431656308
 0.014221884003482815
 0.010657134091262288
 0.006318150877713133
 0.0020002193249251676
-0.0011481755189071546
-0.00042072570926043884
 0.002477384232207974
 0.0040141534444519955
 0.003981404393277543
 0.00358843803574474
 0.0015744937995994107
-9.092849727714014e-05
-7.689608009336935e-05
-0.0006569883110590785
-0.00014707232927810288
 0.0020563328070706405
 0.0020750433710902266
 0.00012191504381059426
-0.00030145926815505764
-0.0006780521117624727
-0.002902512955519826
-0.003964454310575252
-0.0024651102730178093
-0.0009891569696394709
-0.0006967748157242631
-0.0011856431833914272
-0.003101346335984481
-0.0037796796505024516
-0.0017938083420194623
-0.0013564036361937426
-0.004553919021802202
-0.009494044103754568
-0.012605013772900298
-0.01319914044437348
-0.011695118259980208
-0.00879233017167598
-0.007152641729043854
-0.0048205875547099875
-0.0029119056690180695
-0.005480210305208372
-0.008354933559145059
-0.009243783481275053
-0.010506885150270859
-0.010001647315325726
-0.006820509490290047
-0.004715345437493579
-0.0044603884582649495
-0.0047972170537678716
-0.006893028859540087
-0.009943182619820135
-0.01111038227868158
-0.011009804145035093
-0.010909226011388592
-0.011122083715742234
-0.01076888565296133
-0.00706613445573144
-0.001290964210232129
 0.0021264200300125935
 0.0009451859306436883
-0.003410170796830869
-0.007627522192648645
-0.00943796704143568
-0.008018151500087223
-0.0048370136750515574
-0.001550617546209887
 0.0009077465926912026
 0.001988396488442526
 0.002575501893014559
 0.002991854938079075
 0.0038526319325467434
 0.004804632790312943
 0.0030596819972274064
-0.0010220031403515295
-0.004376236444960033
-0.004205486108776205
 0.002210590253230796
 0.01210019064083609
 0.017473040258454642
 0.01630350152617531
 0.01230134488480536
 0.007174093929420089
 0.003298247252617348
 0.004299368652159699
 0.008738927976031652
 0.011354010033932785
 0.011421841139728509
 0.009924832128941588
 0.006357743143303146
 0.003967208086874091
 0.0023719579925348816
-0.00011214000061060547
-0.00042791693535233766
 1.3147680172354015e-07
-3.963479462647246e-05
 0.0009100269897218127
 0.0010012488296966687
-0.0010126954064486743
-0.0027108647311759743
-0.0014150200809768115
 0.0015181759617602653
 0.003401128039855164
 0.003143827940561214
 0.0021520587880431152
 0.0024865442634807444
 0.003235045733888664
 0.0033449801612067953
 0.003632684168286174
 0.004830287734933075
 0.005534346810400673
 0.005639603090882975
 0.006736626500559673
 0.008530693788773941
 0.010769185026391376
 0.011803053453784462
 0.010210142432863167
 0.0060372334319857
-0.0016068605210721315
-0.00869659407408499
-0.009737483768379226
-0.005524814566044672
 0.0017263110061566805
 0.008385651003626454
 0.009045267684153743
 0.0036349888452011925
-0.004633637710438954
-0.013129154387616512
-0.01568810273013517
-0.008170322788291953
 0.0020350525107313694
 0.006072291206722577
 0.003892272757905546
-0.0006385144759123579
-0.005164623562894433
-0.008558621115607415
-0.009945693675752529
-0.010675486605464551
-0.0101468580363403
-0.006282710773274525
-0.0012654003151784804
 0.0017473242237675823
 0.0010970597902645318
-0.0017308819953139182
-0.004809104636608899
-0.008734071855187764
-0.010958532698945117
-0.009227620393014446
-0.006413717094590848
-0.002993993780928225
 8.188574030143503e-05
-2.337458682828697e-05
 0.0003929784582362428
 0.001440881326136803
-0.0013098710366505895
-0.00602310599706557
-0.010235779246047516
-0.011166732489699918
-0.004881644239095956
 0.005592724502987159
 0.01276666065239744
 0.013267220340506758
 0.006331865633076042
-0.0020700881073850708
-0.0031413857561121278
 4.665967654873815e-06
 0.004965838663721037
 0.010815859258593505
 0.010998304961866892
 0.007281515277482137
 0.003910908458948245
 0.0018993032962208167
 0.0042711217186591766
 0.009772620374262866
 0.012004094391626557
 0.008780849198421078
 0.004820795878573536
 0.0029495351209208043
 0.0009940677202232573
 0.00017071185379477494
 0.003057126428173615
 0.005571628329104572
 0.007117753835020252
 0.00924864769541374
 0.007316571028895297
 0.002869990438122222
-0.0005731276563669119
-0.0026221579937809186
-0.0007649357232830528
 0.002404506734663067
 0.0032933526101456695
 0.002233750328508144
 0.0008373214746913993
 0.0012934387678603942
 0.001630263316715938
-4.919342066808663e-05
-0.0010456407200220008
-0.0002760875888528913
 0.0016068644892420214
 0.005157575914307683
 0.008680218458358396
 0.007905983133706052
 0.002598623525141619
-0.003015154701169212
-0.005927303129792491
-0.003962483482070692
 0.0028325227736379494
 0.007403070208912926
 0.004593841010677752
-0.001518159853648185
-0.007826642885078672
-0.011332915961851403
-0.007567009782337916
 0.00023613711649049518
 0.008457978157125026
 0.013393421045594184
 0.012319784323449184
 0.010366655996169552
 0.007763265258710572
 0.0052510983845501374
 0.007707123450033299
 0.010605233391501698
 0.010221623327640553
 0.011150233451227648
 0.013042541822994191
 0.010469559039968046
 0.005786732033985914
 0.0020044482938996327
-0.0011065213752460834
 0.0013939460851774
 0.007229932239542394
 0.008305903988457888
 0.0055434562585809505
 0.0025260495261516663
 0.0014149876293201025
 0.0008489298388618532
-0.0012609164074178225
-0.0011767117876967242
-0.00027850961854249123
-0.0020141041179563696
-0.001768503432399371
-0.0006504283619614831
-0.0025029765322709258
-0.0032842290771770144
-0.00448183669047128
-0.008023195868512703
-0.009120223324836807
-0.008268802624040797
-0.006930854652319227
-0.004346180548850928
-0.0027509345011591246
-0.0034456413296024835
-0.004818679449240124
-0.005843195629608958
-0.006598718366918013
-0.0063133534332565355
-0.004727463679236377
-0.0035789806543656266
-0.00460115776131656
-0.007092272974715805
-0.008479345534860905
-0.007546057264437994
-0.005150848107820516
-0.003249183442382328
-0.002891307232765608
-0.0035485888865223886
-0.0036702227275774574
-0.0014293924165421357
 0.00046057688180649314
-0.0007721168327564643
-0.004269033615857551
-0.009737789290257884
-0.013866255896195029
-0.013634689651145518
-0.009924921233661885
-0.004229279484371559
 0.0009003064977842201
 0.0035130494822674385
 0.0031832381070182603
 0.0002266472834546729
-0.004205898866810956
-0.007772987852449384
-0.007850179298564172
-0.00574501524576769
-0.0038994883423593696
-0.001777950775637513
-0.0023744165205286105
-0.006884152093585283
-0.010986888891925409
-0.01416569169019058
-0.01567907421490289
-0.01520424433439059
-0.01375168176519137
-0.010076999448976415
-0.0053965155630596034
-0.0020095392772477294
-0.003242232991810687
-0.009567089537166548
-0.016018256047089632
-0.01876900840987701
-0.015866220321572783
-0.008413934435431078
-0.00013595563276667944
 0.004090748010075335
 0.0018592699460642653
-0.0038808182448137746
-0.009583481261005236
-0.012537733011150909
-0.011064118781190485
-0.006112302378795953
-0.001349950923252241
 0.00170721601063413
 0.0034334501697289854
 0.002268589584285441
-0.0006646105050990281
-0.0036937126046178714
-0.005948581402808059
-0.0040515948842056865
 0.0024206192398311815
 0.008743132665121736
 0.010223764115335876
 0.00609997565623456
-0.0009008731068976678
-0.00668540369271603
-0.00757191454142811
-0.002676235901063445
 0.004703538709123017
 0.010511455982473078
 0.013718323615105776
 0.012600244498020483
 0.007234408054008254
 0.003398325625310006
 0.0045093834754941775
 0.008469432748694314
 0.011463444700297087
 0.012167503775764685
 0.01220492692712756
 0.012918342296266816
 0.014050451807212191
 0.013531175485112179
 0.009674041395652741
 0.004020498921237417
 0.0004955132571213827
-0.0006249049333818257
-0.0010646527592728522
-0.0007465407977606253
-0.0006436235906962101
 0.0007902263911597068
 0.003522262119956404
 0.004696474952424187
 0.004485956321488474
 0.0016112330675517872
-0.001609673052235791
-0.0018225307565894189
 0.0002358518278488403
 0.005772436584721194
 0.01115230342259349
 0.01190782211325514
 0.009788619573303792
 0.006357196845904217
 0.003795909429967645
 0.003980694206658933
 0.0054496302897835275
 0.0068156471425200316
 0.008010911635749005
 0.006979378235126427
 0.004406395452100281
 0.0051034373073141626
 0.007089308615797152
 0.007215616557040658
 0.005908072493104544
 0.0015644111327195592
-0.001612052592127683
 0.0008556678404450374
 0.004635608460465998
 0.007246012371531316
 0.008357070221715487
 0.00479232030949496
-0.0022646662156671493
-0.006449270583634176
-0.005752228728420294
-0.0030038194856982087
 0.00019369185326283123
 0.0013515311718052259
-0.0005454593934445251
-0.0033546885916797137
-0.006467997334243358
-0.0070223597576120345
-0.004636506894666201
-0.0025266646950339033
-0.001366486303073594
-0.003644745835442914
-0.007448081236290385
-0.008381373553360688
-0.007139327591773492
-0.003810828141409414
-0.000847224144239489
-0.0009314328106079933
-0.0031114512594250243
-0.006811867429884419
-0.009146264724283593
-0.007083203993009518
-0.0019302272766746204
 0.003919793318197848
 0.00553843010006877
-0.00046129524019741797
-0.007436414195732627
-0.01170756428016237
-0.012898154673202919
-0.0066808995517183695
 0.0014871428003041948
 0.005856529921638806
 0.0074260461617335904
 0.0034472802545427728
-0.0030413114300668898
-0.004402654182614971
-0.00287524126404258
-0.001389931666992611
 0.0021935267859238133
 0.0030893898816601456
 0.0004275223087533697
-0.0004355978057796056
-0.0018133140722530472
-0.003406225093174342
-0.002779355440497816
-0.002800409124582723
-0.004919611664534057
-0.007209566563992922
-0.007801354162048191
-0.006491475071341554
-0.0027466205525892573
 0.0006731027610733659
 0.001365466469451418
 0.0017443943398293416
 0.000670757617684356
-0.0016683178235506468
-0.002982879107740491
-0.004519652366631932
-0.006077477286284563
-0.006178059466578428
-0.004903266477140469
-0.0046249187637327355
-0.004718483723772884
-0.0043489121470665915
-0.004283420114688782
-0.003453051074653962
-0.004201556591709288
-0.0057827722455410235
-0.007139436851253275
-0.010166199877354204
-0.012891222432544577
-0.012748540977375683
-0.008128873000324555
-0.0029010459346165
-0.0010485018109544497
-0.001726835125472434
-0.004727868343976316
-0.008531203744823801
-0.0105381307607154
-0.009962720723232926
-0.007771010953973728
-0.004082294197251299
-0.0017455618760816166
-0.0032191801526894326
-0.004697476576133064
-0.005488085414710797
-0.007534776678706889
-0.00982707065158367
-0.011887796356087207
-0.012154452749052802
-0.008231828650539258
-0.002262515311353311
 0.001634378979563214
 0.0012648033562095429
-0.0022929293357572544
-0.005017951890947628
-0.004653058461077164
-0.0026484745652508718
-0.0017385770290070796
-0.002218089103002599
-0.004143148549267298
-0.006762912800651652
-0.006442461765721497
-0.004377061961029521
-0.0033198027994573165
-0.0035116088430497405
-0.0059489253678370185
-0.007637738398892674
-0.0050320126346631855
-0.0014906575032691688
 0.001026183471079689
 0.003543024445428547
 0.00239219830049249
-0.0010462416471608282
-0.0029993699744404606
-0.003565427764898696
 0.0007220917868090149
 0.005725367804397599
 0.005309010712685691
 0.0027126371954804412
-0.000884859744590849
-0.004316282471990424
-0.005141977411836807
-0.003883557936324236
-0.0005012597973481914
 0.004123086326538752
 0.007779056055410433
 0.00869830988532587
 0.006038781385837022
 0.0013091729114966533
-0.002211134605783552
-0.0009199681024202044
 0.003093879859391885
 0.0051031419020539925
 0.005772114876252926
 0.005568613465570957
 0.003811967305395861
 0.0004928201020560213
-0.002489500529104599
-0.001268506228278593
 0.0037277525690562474
 0.010008162672824394
 0.013551856877636326
 0.011107523132595318
 0.007140452592494045
 0.0052902434956025035
 0.005624728971040119
 0.007888950016254573
 0.009825700782961425
 0.011514509767369688
 0.013392783698628757
 0.01518919006026094
 0.015935352457250945
 0.013376404114732288
 0.00942570708855639
 0.006298363905485271
 0.004099632869324965
 0.003533575078866716
 0.006703017536812836
 0.012288722835461327
 0.015278056640228271
 0.015605524895412157
 0.012627882411087366
 0.006925219394895904
 0.0033487741155858314
 0.002003804876963125
 0.001996785633385692
 0.0028599017012712613
 0.0030610599918879378
 0.0029441042976686704
 0.0034329686186884423
 0.002965151911782468
-0.00021832903331851783
-0.0038088087531360504
-0.005266053515818492
-0.004360834126410529
-0.002265026367285705
 0.00038280271846620473
 0.0025581389738000143
 0.0022447011124761967
 0.0010891968207043107
 0.0007406728581118294
 0.0010704801867136293
 0.001924239960927554
 0.0019218988641859364
 0.001381570881324734
 0.0018119583668967099
 0.002116035887901477
 0.0017721900721448108
 0.003105459897030552
 0.004539309878886497
 0.004681991334055377
 0.004422352161343526
 0.0018587256719890255
 0.00021903318270952155
 0.0020294739848491644
 0.004055109541436647
 0.006178986181576404
 0.008129771388790744
 0.008080648823690903
 0.007304074425620644
 0.007622186387132884
 0.009650161017138295
 0.01243131728771113
 0.011074652681998878
 0.007109921215315507
 0.0051755054753791635
 0.003697209051935532
 0.004522899945134509
 0.006532161987796617
 0.006506430156875895
 0.006471342032283528
 0.006033933279810416
 0.0037135704259187025
 0.0012645585340418652
 0.001199062455016664
 0.0013932035253795966
 0.0012481789501453955
 0.0026422646838968195
 0.0036293516429317108
 0.003734607923414013
 0.0014844172720596266
-0.0034744203972360277
-0.0075584446082328505
-0.010070611482393299
-0.009520931252507844
-0.005128153396994128
 0.0015077958662965407
 0.006139159210437228
 0.0026235298399928386
-0.004679059394049945
-0.008926818744300583
-0.009441416919564752
-0.006117595616036503
-0.001666340925074991
 0.00034526019100503125
-0.00016465983742332269
-0.0011353773291802177
-0.002541162476668621
-0.00363585085957481
-0.004690774994376493
-0.007530412147044516
-0.008360785233726742
-0.006213517859407866
-0.004344600221820441
-0.0020850573234418024
 0.0003873412559667333
-0.0012453340130590546
-0.00564513313547392
-0.007900001933664108
-0.009099948620376302
-0.008402906765162435
-0.005893083011067307
-0.0036054712316737486
-0.0003494830572649127
 0.0009370052992625916
-0.0012476912963902687
-0.003722432995864111
-0.005960928280128938
-0.008262578546677363
-0.00796785731934424
-0.005029983129771334
-0.0008828079831382923
 0.004782425811719185
 0.006489947383470723
 0.0027240371573098304
-0.0010348558485973186
-0.004288508996235646
-0.006889560660276725
-0.00676559179245112
-0.0032499664686541224
 0.0018842976603374861
 0.0052829693132389055
 0.005086485122810652
 0.0010094781320675594
-0.004983229987944898
-0.008215831474822022
-0.006835780181578058
-0.003656981429960293
 0.0013860588357327702
 0.005699308195037514
 0.0031473770727725864
-0.003427760328299792
-0.009485962504013762
-0.012374720198457922
-0.008599457725272777
-0.001692175945504401
 0.0017719897630985443
 0.0024222501499541887
 0.0012503723442569142
-0.004033596530128414
-0.008225218118349156
-0.008463805630299817
-0.007565603461145584
-0.004735326648796612
-0.0015097464288206103
 0.0004901593201698529
 0.0005533122791297473
-0.0012735060835826761
-0.0033973867703698396
-0.005179762738141941
-0.006084986174197324
-0.005848741782311984
-0.0037833419776200083
-0.0013202996918830895
 0.0007521173330626157
 0.0011427405705300986
-0.001257150779570601
-0.0034161175676264144
-0.006218329545607859
-0.008213561194409913
-0.004669866989597982
 0.0008713959141102012
 0.0035426157340412018
 0.004503972885479046
 0.0029180790848114813
-0.0021319824477827043
-0.004669879129540172
-0.005083897147834179
-0.005947017262367155
-0.002971717898107684
 0.0009836532282566507
 0.0018841944708287983
 0.0022584441943708927
 0.001727472505181335
 0.0006117324615139558
 0.003093487334594136
 0.0062208264710178485
 0.005841894553992519
 0.0046606604546236136
 0.0034303058134785708
 0.0030677474103786156
 0.004192839701070247
 0.005327288285433537
 0.006260576555856448
 0.004819705307099381
 0.002302860286103117
 0.001016367882928193
-0.0008595710215603541
-0.0003730457739585108
 0.0030115914384354486
 0.0032899391518431825
-0.0005087181021684595
-0.005977473776568792
-0.010732812058506166
-0.012052051489531854
-0.008335265851794477
-0.0013367602087275693
 0.0026934612670099084
 0.0012783198258498607
-0.0019332300002660452
-0.005586864702367203
-0.007869802381572338
-0.006421917959208934
-0.004557678468457324
-0.0026022151144071692
 0.0002888776068074861
 0.0008292015430212962
 8.771324621971444e-05
 0.00010408473682139985
-0.00078944333214441
-0.0018116204390953572
-0.00043858636610512314
-0.00017661216662274992
-0.00217184381542479
-0.0014093079045094103
 0.002122690933212948
 0.007207834520428433
 0.012692959662106734
 0.015516219254201977
 0.014374749402937564
 0.009558595212134494
 0.0038746447832863212
 0.00021867100776726267
 0.001088804295906562
 0.007280329609794078
 0.014070657718666904
 0.016603872206941137
 0.01545304606200508
 0.012089456463724918
 0.0066698213311007365
 0.003376403935357916
 0.0033272813702580756
 0.0033740608152926094
 0.005275725480730797
 0.007879112171542385
 0.008520016264726371
 0.009165598504746186
 0.00849428241048196
 0.005376295521082486
 0.0035869023330566407
 0.0039915600110315835
 0.0049482390156336264
 0.006779731478534473
 0.0072522222856288565
 0.0033412895075574517
-0.0010748831287827887
-0.0022257092737188455
-0.0017508793932065475
 0.001105127226739444
 0.0037108529909689325
 0.001453645119360844
-0.0015473880991430655
-0.002639737408631354
-0.0029952785914775654
-0.0018257439058456115
 0.0010513143748615977
 0.004281572741673401
 0.006180898333693674
 0.005542329267280197
 0.0021880959626716934
-0.0002468814886976839
 0.0008220730399640802
 0.0032172821965815585
 0.00432834004676573
 0.003654684879083575
 0.003780992820327081
 0.004999648047735172
 0.005397288505456399
 0.005306062618834151
 0.005394945385391078
 0.0059680163494556515
 0.007069717905968179
 0.0069176761104802476
 0.0039330164059017125
 0.00014371544556170124
-0.002742703175464531
-0.00313333045957942
-5.043371809602959e-05
 0.004087385134865368
 0.007565585283975787
 0.008814648465816713
 0.007193668563880484
 0.00508850046443661
 0.00360786496757505
 0.0014699498402804267
-0.0015708476263279758
-0.005486458551235196
-0.008974019040664652
-0.009736558998227424
-0.007615021431505581
-0.003472524431708368
 0.0008711328820292241
 0.0033458705348556883
 0.0009062149366504957
-0.004398805598496036
-0.008071152887940483
-0.01095757150896673
-0.011247618636111428
-0.008754168395941675
-0.005449059679756715
-0.0014866713331386644
-0.0006516241462680289
-0.0034678705647569336
-0.0067238627858131755
-0.009673436389123033
-0.010176339197297643
-0.008255961944516166
-0.007395184950048511
-0.005612813028923802
-0.0025720196089628056
-0.0028293197082567417
-0.0033392397366851095
-0.00025868206861963394
 0.002255819832311337
 0.00285695967739083
 0.001926006433738428
-0.0019919435645867067
-0.005577745137568424
-0.006389405636907347
-0.00487602715884243
-0.0017533661692545471
 0.0021177983140649587
 0.004737558518801921
 0.002398483077566918
-0.0022001372853703988
-0.004985975749426469
-0.006401117190586503
-0.004920485740372349
-0.0019124393482621155
-0.0015475459183916518
-0.003007129754491994
-0.0060151801932496335
-0.010216158075142034
-0.012742359389809943
-0.012875688597954585
-0.009509763972903915
-0.004031656051479357
-0.001984968834130657
-0.005577787627366132
-0.011324893038497888
-0.01579954251028591
-0.016847449424833877
-0.0119681442983946
-0.004691288918596229
-0.0011663073011276004
-0.0008014138712571367
-0.0013885233224765758
-0.00350070864217418
-0.00560353766820014
-0.0068338923093451825
-0.0072104851529526115
-0.006092410082514696
-0.005486592090599374
-0.004855044291087018
-0.0032621373168131296
-0.0011429388235091736
 0.0004265774165855968
-0.001563976085380614
-0.005474908863452019
-0.007928598902164685
-0.007409326626712065
-0.005023473763766231
-0.0023265241362382116
 0.001888484139514257
 0.005539775721550108
 0.004915241095644091
 0.00029790814536348464
-0.003329996749140654
-0.00329023452435985
-0.0009301114690110496
 0.004316428184040294
 0.00907410149274819
 0.007923275347812134
 0.0027001223822924886
-0.0018236476312716715
-0.0036785348749990426
-0.0013137336728144128
 0.0031351819447291984
 0.004859077030406125
 0.0048052763184704556
 0.004227523160922661
 0.003663804443882354
 0.004073140268693126
 0.004840354326444335
 0.006199353958927095
 0.005088292062095545
 0.0014369964334122881
 0.0011235585720884705
 0.003787761171765741
 0.0058110576549353365
 0.007633193824164539
 0.007579393112228869
 0.004019321346844171
 0.002173790396788458
 0.0036240138925697635
 0.004592388264261338
 0.004992367795400465
 0.005850805716450219
 0.006447267414693911
 0.006760701229370322
 0.0090763818897788
 0.012058698474292015
 0.012821234385207408
 0.011759293030151982
 0.007406275376095339
 0.0010697234636499187
-0.0025956066055407845
-0.0018026627401925566
 0.0029900966697840037
 0.010049418221716608
 0.014589557702558764
 0.01329136993229428
 0.00961668356943192
 0.005883520371121775
 0.003785369491931645
 0.005263661868727898
 0.008692741476062166
 0.013092536551829612
 0.01506905156664097
 0.012103104449405738
 0.00731969728645343
 0.0032590638096356983
 0.0019702323330428734
 0.004538532922585797
 0.006306870403203033
 0.004957223017744511
 0.004143223444987673
 0.0033268847988129346
 0.001659123428518483
-0.0005934062962538178
-0.004020150876817577
-0.004642346429305666
-0.0038400462702857935
-0.0052201016101771636
-0.004988535365127653
-0.004027178213689808
-0.005185021578879595
-0.005886745627576684
-0.0060341092762287996
-0.006050484813477877
-0.005741729145637281
-0.0055733178828713675
-0.004918379349179908
-0.005624781544712826
-0.007259795887156514
-0.008041048432062589
-0.008008303427535543
-0.006094943395007796
-0.004518409934659268
-0.004279826469356013
-0.0014425324367533104
 0.002529212203536385
 0.0026906062460485547
 0.0009737243339779794
-0.0012811444642122222
-0.004214344553596705
-0.004990918951666964
-0.004221365820497827
-0.0023384137424029283
 0.0007351267054088173
 0.0030765371734143288
 0.004816805773016644
 0.006365270352350225
 0.0048799567086528495
 5.2107150760219434e-05
-0.003512642761460308
-0.004602652997530668
-0.0025395922662566073
 0.002126857179152744
 0.00456416965729263
 0.003857767461759712
 0.0014040774230470593
-0.002881107101890157
-0.007428267849633435
-0.008436410516076895
-0.005893839734131004
-0.0031243788306477283
-0.0006309285904779888
 4.038345713887337e-05
-0.002506869518290239
-0.004696244260778928
-0.005199147068953552
-0.005472820682172863
-0.003550104355973485
-0.0007993560398334987
-0.001108115754321487
-0.004310309286765748
-0.008864487254762757
-0.010946264620027527
-0.0071943928810215
-0.00031751905568597194
 0.0028823313566930103
 0.0023279689333243203
 0.0015584117555078048
-0.0009467378983989
-0.0029443086206188546
-0.0028601040008977424
-0.002202826393788368
 0.0005619563628590923
 0.002320937549804697
 6.372967819658071e-05
-0.0007034884262020202
 0.0015630716924303206
 0.0026016182666592502
 0.003752440364947915
 0.004776952498669357
 0.003534902490434755
 0.003462389191155796
 0.004868170291996807
 0.0047769444053745586
 0.004662327784573206
 0.004765244991637593
 0.003490447955552256
 0.0038506632385868905
 0.006636497655995541
 0.008390800696105316
 0.006505505497945124
 0.002451889241381136
 0.00041923241789250387
 0.0011864464756437126
 0.005338299769112584
 0.009415302713208284
 0.009211801302526301
 0.007590821400590059
 0.004737149807414576
 0.0016191629180151157
 0.0008870309148851646
 0.002384035879024707
 0.0056423631268514435
 0.006811897812483411
 0.005289158994099444
 0.0046763197352829855
 0.004547668673974159
 0.002875229156843878
-0.00026147031989887104
-0.0023268741712382662
-0.0030590061743682034
-0.00351980566102042
-0.0018894735120599387
 0.0011232510268861101
 0.0033804548518468203
 0.003993290064015886
 0.002297459812706487
 0.0006554282500090547
 4.9606211446326376e-05
-0.0006474396904149471
-0.00039248271118630385
-0.00036909400033088846
-0.0014895121908341108
-0.0009304756672770115
 0.0015770090134002157
 0.0031816113547636637
 0.0030295695592757327
 0.00047296029017497576
-0.0045116071867177115
-0.006469413660833173
-0.0045654099219770705
-0.0005726136209261851
 0.006552201986707959
 0.009850293482639189
 0.00559317783871692
-0.0021772260789081344
-0.009185092062294092
-0.011051674673111009
-0.00847167871647854
-0.0029421111798599298
 0.0021944920225495934
 0.00207753632833034
-0.0012673406826065325
-0.004876532989767368
-0.008527828618450625
-0.010020159482401716
-0.008045983541008286
-0.006591081898391152
-0.006799261455908964
-0.006792246258978923
-0.009035419690079566
-0.013103070387151028
-0.014724050289087257
-0.012497254418559381
-0.008724331018792164
-0.007650698343294571
-0.00913835106040986
-0.010452912344599719
-0.011503158332565586
-0.012452824163561277
-0.013039933614780716
-0.012172139400059331
-0.010293865468800234
-0.008350097481839652
-0.007323246274700296
-0.009056501700696273
-0.010448252407677189
-0.00915474683089594
-0.006846083390741178
-0.004902315403780597
-0.0032135064193723195
-0.001433473571665525
-0.0014709007696758064
-0.002497756023462569
-0.0019925181885174226
-0.0005352774724823733
 0.0017920985550156643
 0.006694794415634045
 0.01088173381037158
 0.00956951159959965
 0.005581389398737174
 0.0023511269852779654
-0.00010958027368843104
-0.00048617311729583224
 0.0020797883988291632
 0.006397715904969722
 0.011714427760558407
 0.015166898102071807
 0.013552935420389295
 0.008336799675123394
 0.004163890674245926
 0.002982656574877021
 0.0023791736097322075
 0.0037241388017075078
 0.0062690486570712994
 0.005256227843791997
 0.0025616132430344857
 0.0018248030930687331
 0.0019791799153271727
 0.002458687942675286
 0.0047673513828300484
 0.005363813081073726
 0.0037685629867345166
 0.0028516441835895884
 0.0011441185651906438
 0.00047981969118013335
 0.0022364618047078233
 0.004430510647384922
 0.004956800143091272
 0.0026972531980652553
-0.0008253933926328783
-0.001903708261613693
-0.0004067032974741508
 0.001059893712232543
 0.004222318949924919
 0.005401209929228518
 0.0028329052930382015
 0.0012657240797139396
-0.0008254095792224747
-0.0016932078405912654
 0.0017756360148474953
 0.005146238786733995
 0.005763752145738876
 0.005536860000877775
 0.00395798342046394
 0.002318290931184422
 0.0035696931864432624
 0.004905302084746918
 0.004982489484214286
 0.004142760103860443
 0.0033802201462976578
 0.0048748860370192715
 0.006935607694875431
 0.00883259421347779
 0.009880497081378364
 0.008191684050322709
 0.003976671727922834
-0.00033892075144723033
-0.0007880248710098875
 0.0015182994957269602
 0.0033661654725531814
 0.004900595611379302
 0.005281862555175154
 0.005132159833105124
 0.005836218908572721
 0.004400025806651484
 0.0023393001021479315
 0.003742742129571014
 0.004942684769635802
 0.004430425667789534
 0.0030714219886593674
 0.0009615757423796778
 0.0015720718811308154
 0.003607063731389956
 0.004215220796723193
 0.0048163606418027
 0.0035836669272397426
 0.0004960879922731171
 0.001427037189278113
 0.004392980259865953
 0.00518358505179628
 0.005789403043711602
 0.004189474802536564
 0.0009942984903460322
-0.0009471344698440409
-0.003999627303542003
-0.0059761463650007535
-0.004256929426159642
-0.002591511175930497
-0.0022850945815078155
-0.0028675258858914254
-0.0057001458183057185
-0.0076228661911525025
-0.0077819252068941774
-0.009260221630337823
-0.008827495071347932
-0.006275567995730397
-0.0037493707277098803
 0.000666797861982954
 0.004194118552869497
 0.0036140263219038016
 0.0006246884704894512
-0.0023810228948502737
-0.004523616168980726
-0.0041212975644236705
-0.0009120908583730714
 0.00032761602979620996
-0.001316754606319137
-0.0024465290904939763
-0.0020348541922652896
-0.0001986835825286276
 0.0030877125463130567
 0.006645441191632434
 0.007887487153219658
 0.005382337499312939
-0.00046534806878902046
-0.004750532593726223
-0.004839419406930542
-0.004930645293552791
-0.004109632547189629
-0.0005285131676911192
 0.0023859702877026684
 0.0036326943961256936
 0.0029379875676823347
-0.001403334719284749
-0.007304818975998648
-0.010530403242622041
-0.010025165407676909
-0.006956303106700978
-0.0026173239397992154
 0.0018128790904011066
 0.004671224783765013
 0.0037753576413812745
-0.00029463212910808834
-0.003515538248895639
-0.005068685021712455
-0.006801940447708432
-0.007396067119181601
-0.006575054372818426
-0.0049657738846191485
-0.0017682625456581086
-3.267209289162243e-05
-0.0023109316252609147
-0.004846489233600468
-0.004972801221491394
-0.0038032665358594397
-0.0020279118349884467
-0.0011367268860879437
-0.0022992483981135597
-0.004844162300124771
-0.006944652252732816
-0.007456911354579085
-0.0061657448512157514
-0.0022548161197917527
 0.0015672278217516156
 0.002837342664353759
 0.0013426727269847394
-0.0031834363599973353
-0.007494350692531571
-0.008539918533661608
-0.0058780550074022525
-0.0018033911367244665
 0.0001894973920122528
-0.0003461524440131203
-0.001113370548411735
-0.0012771077109892254
-0.0019086595571489728
-0.001380030988024722
-0.0008818103733333055
-0.0032255639614041376
-0.0055248751545346475
-0.005087470448708942
-0.0021636306996434956
 0.0017449589583625885
 0.0037214739731739332
 0.0013239216964911482
-0.003938995517132976
-0.007934134938249182
-0.007480356718498102
-0.00302208480728286
 0.0010432227697232954
 0.002717997313624085
 0.001150816100299809
-0.004025555396861599
-0.008030051111649436
-0.00820080549448067
-0.0054851432796093474
-0.0008046593936925361
 0.0032208839352091123
 0.004474625263885881
 0.0027951685265018705
-0.00033685280340507717
-0.004748347292909488
-0.008420694582353935
-0.00677398891946808
-0.0014666333575510254
 0.003655935404351024
 0.0062733565356700716
 0.00541725364139084
 0.0029775980431856475
 2.5685366457875447e-05
-0.0024537344798517963
-0.0023929205943098025
 0.00024321312435253428
 0.003031386615179099
 0.004378690880572314
 0.0033986170951437883
 0.0012981271425357294
 0.0005659951394057922
-0.0008304337144109525
-0.0023765632669740244
-0.0003673012243119167
 0.0024442630006937666
 0.003611458612907806
 0.004032489804808151
 0.002855933852275061
 0.0003297325376071525
-0.0014994248985231856
-0.0008281128509063373
 0.0005285477081585221
 0.0005004768038198854
 0.0006782443602574434
 0.00042094426096350723
-0.001532184066316139
-0.0038127826721033597
-0.00469227630056171
-0.005323828146721471
-0.006715578853702386
-0.005141384466771773
-0.0011322146517955128
 0.001319132266851833
 0.001765893266349211
-0.0008725835723784464
-0.005763588112554688
-0.00853305306268537
-0.0068840083263815854
-0.0023462079189573715
 0.0024605859315266626
 0.004675686434964965
 0.0026056044367897685
-0.0016023906653563763
-0.004830314005397671
-0.0050221200489901086
-0.002304118760700871
 0.002165848517603944
 0.004808999456520011
 0.0026757624760612025
-0.00021767336521878733
-0.0018643830747520351
-0.0023649468095087584
-0.000907706093473723
 0.0006688273668748052
 0.0008559512169840078
-0.000182599403892314
-0.001906498536216647
-0.0038666440837500093
-0.0030292578234614592
 0.00127463524217164
 0.004673306895073059
 0.005760974011078113
 0.005403093754813987
 0.0038078436604747773
 0.003150562006717997
 0.0037306501910363
 0.002949397646130225
 0.0029844817240751997
 0.0032160479691247246
 0.00025243992530739334
-0.0014574247665094658
-0.0016047884151615677
-0.002678425137306567
-0.001522924892182087
 0.0009447955403906333
 0.0032534589805454095
 0.006834578360043905
 0.009269551764765877
 0.007655589083083364
 0.0038920179303403996
 0.0013517821751650172
 0.00035767394922900375
-0.00014990700578144944
 8.399831268597613e-05
 0.001192717089452247
 0.0019692874408751004
 0.002680363736596428
 0.0028815220272131042
 0.0013026454467992832
 0.0006710936006395218
 0.0010242916634204263
 0.0007716697109623055
 0.001541222842131429
 0.001342399578285275
-0.0004914360046808924
-0.00040255323812396493
 0.0011856755893141224
 0.0030428978598119882
 0.005089585077160674
 0.005601840132359551
 0.003744613815214279
 8.162281944147642e-05
-0.0032796277054207568
-0.004633953237715108
-0.0035603205622175282
 0.00045352739959458876
 0.005155062946272604
 0.006888314325621175
 0.005749183547774664
 0.003870905569868202
 0.0015879678906630668
-0.00012423587457172092
 0.00047222582367197063
 0.002081506311871248
 0.0028955018379806796
 0.004226432589448506
 0.005447426890274512
 0.004450979590920598
 0.0024861558965514063
 0.0005260103490180301
 0.00010263603705237823
 0.001807818535386016
 0.002553980932376035
 0.0016206886153057182
 0.0013072507539819006
 0.0012604672622999746
 6.519872242360947e-05
-0.0005289279490495596
-0.0015557832028363222
-0.0025569086490260656
 0.0008183722696962492
 0.00489537521379195
 0.004932798365154825
 0.0022171321036360964
-0.0017943808314054704
-0.006175467366477047
-0.00728419018989071
-0.0035907952863324655
 0.0008277123767782835
 0.00517136969051589
 0.00824257106490972
 0.006853159431346706
 0.002916496845678282
-0.0007347987830049474
-0.003015397388792168
-0.0033101226627726965
-0.000526627318781947
 0.0034451173215077485
 0.006128032508528308
 0.008389914480324834
 0.00841330319118025
 0.005823946894228743
 0.002825252749142748
-0.0007394971630777791
-0.0037826337031040824
-0.005073804253114808
-0.005022346661244473
-0.002411942750179155
 0.0025889941939915145
 0.0052648921607583304
 0.004308209109508923
-0.000281054959756763
-0.007181323565918801
-0.007817553558914378
-0.0023090376830569442
 0.0020369587040985487
 0.00468244871643253
 0.005255519680497089
 0.0037327808621131497
 0.0031784184387444597
 0.0033912720964506954
 0.0030146792528432664
 0.0023246505712357507
-0.0003161653409098214
-0.00414055240251851
-0.005787262112051758
-0.00520249578089764
-0.0029452919559369295
 0.0002101160615017167
 0.0011036400838201343
 0.0001960775743468507
-0.0010529896541414813
-0.005951011414571453
-0.011653674430762914
-0.012692225051639236
-0.011190541940663865
-0.008156765740956612
-0.003752292518353323
-0.0006670567034520181
 0.0001656514100007167
-0.0005875322538904243
-0.003251738900215101
-0.007419969754256753
-0.009670160405611111
-0.00894972781621814
-0.006091382122854219
-0.001595685036952399
 0.00202519859065059
 0.0021257767242970904
-0.0006039239777291122
-0.0027745861328744986
-0.0043674971537957935
-0.00441661971889562
-0.00024371476466555908
 0.005430875323863549
 0.00797344610580944
 0.005482330892410209
 0.001068497329487883
-0.0016050656105084382
-0.0014998093300261361
 0.0014146741253676515
 0.004163083368089737
 0.004186472078945139
 0.002216970237740118
 0.00022173858893807796
-0.0003466582749380581
-0.0004051371337095433
-0.0004332080380481801
 4.6299989299933286e-05
-0.0004144994973522831
-0.0014998315865868278
-0.0009688639440446623
-0.00010340880274119224
-0.00029053669949778704
 0.00019364947468615556
-0.00015019634107051039
-0.0019933882177083223
-0.0015185583371960104
 0.0004462613105257751
 0.001714037079710004
 0.0033420301552525705
 0.004039072010466438
 0.00302157305035132
 0.0024297854522960655
 0.0014520507402854405
 0.00041817826624493404
 0.0015058453822500012
 0.002649650260284922
 0.002993492029394182
 0.0025139799553986625
 0.0022543407826868256
 0.0044671022127072135
 0.005161804994503166
 0.0021022949405514746
-0.0018788100400572438
-0.0049453373142626655
-0.004489220021093671
-0.00027187267192328723
 0.005276407452038626
 0.009049330851805856
 0.007978033203078772
 0.0047875350377240555
 0.002156075419250142
 0.0006497101147915629
 0.0019338593979011665
 0.0031548536987271725
 0.003449574926060295
 0.004923189156020719
 0.005334864054249405
 0.004263566405522334
 0.0035688595770789616
 0.0026917050220385402
 0.0007947144567887754
-0.0015420219110283268
-0.0025992851192479377
-0.0018601399425116488
-0.001099943105014184
-0.0009666179435169481
-0.0010812345643183008
-0.002309250132045415
-0.00277238869211556
-0.0006461729785578879
 0.0005046491197307629
-0.0005502750150709335
-0.00233031190942512
-0.0038483725809732583
-0.003911529586580573
-0.0040846230428297076
-0.004643663613034199
-0.005476375773134326
-0.00705993050038399
-0.006772226493304598
-0.004292810693642304
-0.003074155466234213
-0.003740793413662638
-0.004482281710464234
-0.005792164847818249
-0.004758296420425162
-0.001067240590284818
 0.00038766105233230264
 0.0008086922442326339
-0.001055551293166354
-0.004896311868700418
-0.004276459436277635
-0.0008567361226150122
 0.0007735960263454827
 0.0006215542308575378
-0.0011000058280488806
-0.002756071831253787
-0.002451994310249006
-0.0024286055993935907
-0.00270461828603083
-0.002433287792876826
-0.004056606768230955
-0.005619109834719416
-0.003934978997146982
-0.0017339129342161391
-0.0003842695954050096
 0.0013372864168540027
 0.00048820074282850123
-0.0015000136857198088
-0.0008450751520283489
 0.001505691609648821
 0.0055639819664012324
 0.008670269442063741
 0.008478463398471303
 0.006609541714236486
 0.003975743022344658
 0.0007337852417958896
-0.0019023525235138533
-0.0019351015746883055
 0.0006051301338396708
 0.004389748900696461
 0.0065978321838810194
 0.005818918712392873
 0.003091557083784585
-0.0011047426512719866
-0.00433032691789538
-0.00508818872862235
-0.004187647486050189
-0.0013901177015519656
 0.0016670492323344055
 0.002172287067279538
 0.00020044615265661647
-0.0018345497442499165
-0.002807606309424726
-0.004154914621465333
-0.00450811673089363
-0.0018930346729924968
 0.001753578762207525
 0.003238888359257494
 0.0018097124775900003
 1.0962995892510596e-05
-0.001972573285819984
-0.00281698081300967
-0.0010088790842879142
-0.00038902665186513197
-0.0012170606651294297
-0.002246254992334107
-0.00549055184630079
-0.007941902811595528
-0.005998134824634932
-0.003832154862972767
-0.0027585221874751875
-0.0025105824285002742
-0.005738505768541569
-0.007570002278089835
-0.005570096529099372
-0.004732710268810808
-0.005455485978269101
-0.00500170775851802
-0.0035070418677963927
-0.0033245961645230054
-0.0040450328005633834
-0.003890655978304944
-0.004225145500389965
-0.005354919984564832
-0.00497365304076898
-0.005467199555271959
-0.007558333214208374
-0.006435579996934643
-0.004929218739123456
-0.004744433962432168
-0.0029597229678895443
-0.0026018467582728244
-0.003359708568999767
-0.004077806131622244
-0.006218060332334796
-0.005827437094867299
-0.0024053747077867615
-0.00019495235118427434
 0.0008623068103879306
 0.0017675261997958935
 0.0022938156955022576
 0.0014236783607155384
 0.00015122039804808807
 0.0013277723039337719
 0.0035311774402825152
 0.005009469817078768
 0.0044784981278892105
 0.0014470569549524526
 0.0001862943593745614
 0.0026142505438428026
 0.005418797548594756
 0.006017598320256334
 0.0037580513752303174
-0.00046163909400535885
-0.0029667887479120636
-0.0021294024876235274
 0.0007406385728299381
 0.004349826833343395
 0.006752053210214604
 0.006485396817249009
 0.003475007305073455
-9.909890081871708e-05
-0.0021645027521580845
-0.0018674424514070614
 0.00024239974822523602
 0.00223061013012614
 0.0036387303043850516
 0.003921756164628615
 0.002698418743737302
 0.0010750997683831587
-0.0007470404474934356
-0.002679117114011878
-0.0029995721955894256
-0.002566845636599535
-0.003163311381490605
-0.0024873211870379414
 0.0008224656759828475
 0.005493593268228014
 0.00853906483502484
 0.006780079601431843
 0.0022212234865990055
-0.002028874937069533
-0.005923434201215563
-0.006723399333464913
-0.0029715275944588865
 0.001713634438293754
 0.006045596384941787
 0.008595184387141408
 0.007385881406757569
 0.003984866633790829
 0.0006937883114659232
 8.437776694222854e-06
 0.0015031036674158366
 0.0027708794366000655
 0.003818782304500626
 0.004812886483789233
 0.005778921782062907
 0.006796416695530619
 0.0063285999886246586
 0.0036269681676134036
 0.002151010817587673
 0.003676084662742135
 0.005615174502866915
 0.007479413993618511
 0.008052484957683098
 0.00654845872664242
 0.00668178388813967
 0.007563612543368528
 0.005975379669283062
 0.004520473980018522
 0.004504098442769444
 0.0036316220345648242
 0.0021439693174495483
 0.0017439857396630148
 0.0017790698176079756
 0.0016925220778215566
 0.001966191644393489
 0.002132263833741488
 0.002462071162343274
 0.0017930941414969481
-0.00012026993767820515
-0.00014600176859891345
 0.0007896255752418979
 0.0019030224988439703
 0.0027216961717892313
 5.0472305210838564e-05
-0.0029271701791139526
-0.0038721578632738285
-0.004646393187926173
-0.003184474325055295
 0.0007708968013090123
 0.0041906201149716354
 0.005390562755036424
 0.0035216410708016066
-0.0011097263199864732
-0.00427449467774417
-0.0033295110402317
-0.0018020981216593235
-0.00035421369929591884
 0.0015872152142467622
 0.0026561697429085263
 0.004885304686854289
 0.006976434299143311
 0.006422071875774621
 0.0058560140853163856
 0.004847871418872912
 0.0019731481649362254
 2.0019837656592987e-05
 0.00020948276118369635
 0.0031192880697416547
 0.007825501763255513
 0.010307256636335707
 0.010833546132042043
 0.008688613784493676
 0.003963683456989137
 0.000981362825828544
-0.0013927987166751365
-0.0016851849172377503
 0.0012994707406933648
 0.0028853604947135375
 0.004003435565151439
 0.006305081785052458
 0.006602142085803495
 0.0029882716318068436
-0.0010279194500705663
-0.002351837027932069
-0.0023003794360617197
-0.0006583519200116794
 0.0026654693835165832
 0.003722728545088788
 0.0010398093114208223
-0.0015401906918590391
-0.0026418962950189723
-0.0026465764651784907
-0.0005788375870686008
 0.0003497725365184806
-0.0025740712591943438
-0.006403136467638848
-0.008597189356963353
-0.008080256154928647
-0.004707314309624247
-0.0007425868895882815
 0.001526312302461974
 0.0007216690233767808
-0.003528429400291744
-0.0076779476669901064
-0.00827441341188119
-0.0061131115970548405
-0.001236145544033465
 0.0020221817037932716
 0.0008549820449318263
 0.0015450066798919637
 0.003549590575718242
 0.004183477448648526
 0.003418598417667826
 0.0001392154624324793
-0.001893441361056153
-0.001577668472961813
-0.0004385417417627213
 0.0015356341996307227
 0.002272440302949083
 0.0012900274441026427
 0.0008970610865698392
 0.00036375032396236684
-0.0014490335982425967
-0.002253676877327776
-0.0025554193715620344
-0.0027261737543932685
-0.0015987423902837222
-0.0006560978261891531
-0.0007941051811696243
-0.0001999825563438612
 0.001086505800183657
-0.0006233588916332161
-0.0026957799632263135
-0.0029484019156844343
-0.0030443059491425117
-7.836287855467194e-05
 0.002925005366719746
 0.0020922932066196193
 0.0002678139173250965
-0.0014701196555066964
-0.003699258646099865
-0.0043565402998566455
-0.0021507960900899875
-0.00020936717654730652
 3.623350900969213e-05
-0.002868897699359843
-0.00795872348005855
-0.009691978906054527
-0.006924857075989152
-0.0015075650634302634
 0.001442004493232188
-0.00033569332770411187
-0.004223235371596398
-0.009025355121891995
-0.009867423575663767
-0.005839541173344204
-0.0027379318445175244
-0.001743827665228903
-0.001584772696134648
-0.002880621392981203
-0.004384647624021881
-0.004454821849882912
-0.004333192055475221
-0.0035402481901269933
-0.002583569185524978
-0.0034934707684161626
-0.003893454346202696
-0.0022584440504063996
-0.000796525187535535
-0.00030766086651577707
 9.699681145919348e-05
-0.00023749271062582789
-0.0011263426327558224
-0.001095936701646677
-0.00013691862362673335
 0.00031452052270644626
-0.0007053175108265863
-0.0005813486430009951
 0.0012080404983774579
 0.002878136895442432
 0.0029716978088351748
 0.00043847927391353625
-0.0015123099799481815
-0.002452619517272228
-0.0034888310647306353
-0.0033017072146214327
-0.0023169593290044838
-0.0007521212357455148
 0.0012454454398270476
 0.0022348714722798257
 0.0002396398234777719
-0.002642100650712645
-0.0023356840562899633
-0.000653892292135444
-0.0003357803306232032
-7.848427797664537e-05
-0.0002164916329571165
-0.0008386871854452332
-0.000649224261918116
-0.0011965694650330483
-0.0004083037465206496
 0.0021810485037834643
 0.0016290251538326889
-0.00045275221143205313
 0.00032615721340870096
 0.0028313028206680135
 0.005109558306389914
 0.006089628045171047
 0.003942356624204779
 0.00018112454487970164
-0.002801196086280905
-0.004363699152769365
-0.004527436315346842
-0.0032456261056551527
-0.00046914798191813323
 0.0009272768252512054
 0.000995107931046943
 0.0006348886013649024
-0.001786054409497001
-0.0035052753949855048
-0.002513510289114812
-0.001629342560468039
-0.0010305417888064466
 0.00017641807151208555
-0.0008176901544239279
-0.0026585429576438113
-0.00172993283405673
-0.0001042788319320781
 0.0010325088258491127
 0.0027634211317797974
 0.0021880070476499036
-0.0012059905050630926
-0.003079590336133753
-0.0034936083544277463
-0.0025766935979302102
 0.0009038456245980958
 0.00509546316617146
 0.007076656327818634
 0.004482621884031299
 0.0002161499464373856
-0.0034819271506040944
-0.005804629077913709
-0.002660916427564622
 0.002934145164755514
 0.0050697171719848305
 0.0057831325411240725
 0.005769096077292923
 0.0023002481752067566
-0.0012995878382824483
-0.0025416378465170503
-0.0029322651306319253
-0.0015662482778954212
 0.00014361236727403193
-0.0007382203346022326
-0.0017019206061053838
-0.0005581157280704491
 0.0002582188714568834
 0.00066287654943184
 0.0005131738273618236
-0.000625956950484674
-0.000810745773823382
-0.00044117419711708905
 0.0005459127619177745
 0.001175121488012229
 0.0009435511963152982
-4.5878882784886055e-05
-0.0037369387595726222
-0.0058561412995239565
-0.0036691096771005877
-0.0003873916950947326
 0.003128233628702251
 0.005488356684051066
 0.005025218123980935
 0.002704855270089221
-0.00020963223195197278
-0.002317139404813748
-0.000876272202704087
 0.004414709845287579
 0.009656571351503107
 0.012227211014463946
 0.010645995360632196
 0.004248627539321079
-0.00191483294019891
-0.004274960042195117
-0.00419543356930982
-0.0018025634861102563
 0.0017107227642688128
 0.004141018022154955
 0.00415738951275664
 0.0020662558538202397
-0.0011686847064747985
-0.004988393621247658
-0.006059691269974729
-0.0028996051057002536
 0.00036340028896231225
 0.0006651387365491646
 0.0008522625866583811
 0.0021223774292605108
 0.0021948866818920637
 0.002966778886479088
 0.004035733415140852
 0.0029620966929958664
 0.0019235460721195446
 0.0017130274411838314
 0.0011914120456659044
 0.0012943292527303196
 0.002606547416854857
 0.0030135441682477143
 0.002454503598043209
 0.0028474659089286203
 0.0032357500729781885
 0.0039819124699681935
 0.006351391818988639
 0.006508107714665007
 0.001745752212473889
-0.0032505106315083576
-0.004651617632160918
-0.003573306809827509
-0.0006518061341799913
 0.0022743726883033555
 0.003275494087845679
 0.003467296084790711
 0.0025035958132875596
 0.00034462902523173244
-0.001613177448883743
-0.0011991634772371418
 0.0018486471629775986
 0.003252089190400681
 0.0036193216936890454
 0.004000588637484884
 0.002166753054518744
 0.0001645041854629603
-0.0014728492303986568
-0.004230618813439779
-0.005496059555853486
-0.004228283786669271
-0.004445819637858714
-0.00488322839033184
-0.003559314859117743
-0.0022564529886648366
 0.0009433974237141179
 0.003041544256256856
 0.0012100477467086035
-0.0016132158920340312
-0.004588519302940908
-0.006508900602369791
-0.005493744762319994
-0.0009512662080599227
 0.003436833500617978
 0.004662505948279799
 0.0025854067298508587
-0.0027780906407434552
-0.007194263277083696
-0.007748625700452372
-0.004908992594431755
 0.00012469137758967797
 0.00497592762301402
 0.007076413528974659
 0.005736122437187782
 0.0029339104592063375
 0.00027906010655331936
-0.0017980391118756212
-0.0017559378136769166
 0.0011141032467765488
 0.0030321414261401253
 0.00408940058771233
 0.005958318225299755
 0.005443720050035572
 0.003256684380964811
 0.0005035929447595039
-0.0023547567952518084
-0.00257463171985918
-0.0009887419658389934
 0.0017082076616890263
 0.005944267598202699
 0.008334798607984348
 0.006992168442779556
 0.004068324647066732
 0.0017058584716526243
 0.0008263648431942605
 0.0002626461261539398
-0.00024025668202068418
 0.0007725600846112124
 0.002564288299407566
 0.003305772549561742
 0.0031934950021783176
 0.0021526053078840812
-0.0011758981891274028
-0.004251781757004469
-0.004443587800596893
-0.0025606357225019943
 0.00046846233036944296
 0.0019069904590611891
 0.0010625829318715169
-1.1053790273468644e-05
-0.0018425502998217214
-0.0039547356195193395
-0.0035991984833205204
-0.001185276739359739
 0.00047312429061566186
 0.0006859779483218975
-0.00019117660671855163
-0.0011174517035351106
-0.0007502192002467462
 0.000648544680340507
 0.0004356869759868792
-0.0016624639032032512
-0.0022869985291092687
-0.0027033556208211768
-0.00269634042389115
-0.0007783022445275734
-0.0003876790070600905
-0.000602875784831633
-0.00013740219799097952
-0.001627393988524184
-0.0035407580676993233
-0.003917350911306738
-0.004457678894167955
-0.0034495402743718873
-8.12765759033024e-05
 0.0016683483173706437
 0.001448473392763286
 0.0006625427010213819
-0.001267194892079132
-0.004649497077702583
-0.007154646731609288
-0.0064295359953804865
-0.0036249889906285193
 0.0001830205104073751
 0.0032425265177116608
 0.003029668813358019
 0.0005923522885707411
-0.0023104398463808656
-0.005512633378825155
-0.007091509959238976
-0.00593834878753241
-0.003582903879019425
-0.00010938187674483513
 0.0025688551634398954
 0.0016495972868770525
-0.001966612240537513
-0.00584947613759397
-0.007737110409172104
-0.006429570391883382
-0.001664879862921742
 0.0032448332179503686
 0.005181583984657234
 0.004797973920796075
 0.002624972692232788
 0.00039817277505752036
-0.0018613741699684966
-0.0031244758389643024
-0.00042518713801836805
 0.0032027137098383784
 0.0057055202436797625
 0.0070130602609684844
 0.0052564141007933884
 0.004154708497633483
 0.004896192747787659
 0.0026530193166870164
 0.0006039889792730097
 0.0013057089813227063
 0.0015559878137155203
 0.0027980337753027162
 0.0034950756305165837
 0.001497504908296643
-0.0005819333835502122
-0.002609912060203015
-0.0033888255316911753
-0.0015924191700590062
 0.0009758814194839177
 0.002269386996265166
 0.0019629663551950782
 0.001462402620438355
 0.0007747130122487539
-0.0002965846364783309
-0.0008790159408619547
-0.0001234972502003051
 0.0015349037797751236
 0.002734846419839912
 0.002840102700322228
 0.001069422099639658
-0.0014333884808491182
-0.002993552473919664
-0.0038075520466765017
-0.0021842371179697506
 0.0011278888184689667
 0.0017828273521604265
 0.0005688462249407583
-0.0005866580668311278
-0.0021187531788867398
-0.0025374493440165485
-0.0016930458634742823
-0.001141026560170913
-0.00014692238088230558
 0.0008612162389137756
-4.8685343977422635e-05
-0.0008884147243312934
-3.93330969531841e-05
 0.0009968744038578309
 0.00106938365648937
 6.591913688172579e-05
-0.0011316884764125679
-0.0017047634871245193
-0.0003410857078059437
 0.0014810504614232584
 0.001258836463397986
 0.0004050726425366552
-0.0009539310365934972
-0.0027690540322163754
-0.0021328280858682047
 0.0012120448784212617
 0.004671532440188392
 0.006512381196760883
 0.004711292641645479
-8.959539023231655e-06
-0.0018357779017356551
 0.0013781069511507732
 0.005366225105365843
 0.0067579717656993665
 0.0055884330334200205
 0.003022467470647619
 0.0015511882674577038
 0.0034949562544182994
 0.007022276945304856
 0.0073567624207424714
 0.0036844151312980244
 0.00029743479883874435
-0.0012229649461273084
-0.0003083892630476731
 0.00310431683036122
 0.004512437004620118
 0.003845799057191693
 0.0029756617224050014
 0.0007137757039610698
-0.0003200967700794366
 0.0012096552219108547
 0.0029662973354385586
 0.00419898700335411
 0.004910063299075437
 0.004224712764303723
 0.0016260001736805862
-0.00047215070550955807
-0.001337609893460448
-0.00227558035736658
-0.0022545307199290793
-0.001695494196371966
-0.0011785609943372743
-0.0005633867087503075
-0.0004955556029545838
-0.00012364495283037624
 0.0009429705024134732
 0.001880936919672213
 0.00019446296203445845
-0.004217031527469953
-0.006478917545913884
-0.006057886354013553
-0.004893029815217428
-0.002663894871271638
-0.0007458566919080756
-0.0004371010240674933
-0.001515415893048308
-0.002434673769611137
-0.0021680214232929484
-0.001398468292123839
-0.001199649074925077
-0.00212592417174165
-0.0031785092331254317
-0.004212381707165924
-0.005891838444549949
-0.007470715024963784
-0.007435630947018795
-0.0053866046562522085
-0.003026481600903394
-0.002628841143182181
-0.0038708911514167693
-0.005615841944502306
-0.007795860393319351
-0.008675354021777701
-0.007522192850071122
-0.005987762711245001
-0.005533984491493907
-0.004935183719832328
-0.0029656859252747136
-0.00170960552318003
-0.0013517293135632963
-0.0014499724204392744
-0.0029937628995844456
-0.005185476715491022
-0.006329285640173349
-0.006015851825496937
-0.004967948957596377
-0.003983201071979414
-0.0035457963661536945
-0.0034662698932684255
-0.004093143592592358
-0.005024096836244746
-0.005583137406449237
-0.0066450787615046775
-0.006843902025350845
-0.004965628094091748
-0.0026897116817877625
 0.0002575188014567742
 0.0029310776948056894
 0.0027228981372878908
 0.0011019182353516621
-0.0012301399856296108
-0.0033914458471033526
-0.0026710132577103807
-0.00010271266816745672
 0.0020024513846290115
 0.0029193661411265476
 0.0020305162189965392
-0.00020563999185034543
-0.0012488687595624964
-0.0016699039981102337
-0.0018500146746131124
-3.2556652219711824e-05
 0.0010855184182181898
 0.0008305573923421544
 0.0003744360525257395
-0.0008605967354551325
-0.0007342887942115989
 0.0014831507826446044
 0.003031615361978185
 0.003115819981699297
 0.0028491635887337163
 0.001450395661499057
-1.8544468272943537e-05
 0.0011720418781202002
 0.0033497172068719383
 0.0044116545152799586
 0.004573048557792142
 0.003695894002751693
 0.0027602626122634893
 0.0027649387357756017
 0.002676051922571268
 0.002643302871396816
 0.0028444611620134924
 0.0026386206779135946
 0.002727503444470522
 0.0029497133958484023
 0.0025965112864200918
 0.0013895473794541674
 0.00011007219653297318
-0.0005168015027909589
-0.0003811372678757946
 0.0009404371899204012
 0.0024093732730449957
 0.004526232692931023
 0.005770617727936134
 0.003251433633521969
-0.00011917318501192264
-0.0020676233654557397
-0.0030664097382275685
-0.003085124348894547
-0.002067629435426835
-0.00043495821304845306
 0.0009684838143746294
 0.0008772579277523812
-0.0012513009058705976
-0.0037026518711653356
-0.005005517788265634
-0.00452367068749962
-0.0022851794498821854
-0.00015428558948869797
 0.001298276979710522
 0.0027344660349843536
 0.001614047844481159
-0.0019951444626796905
-0.0018758537416899146
 0.0021192816327788855
 0.004848978288157696
 0.005246618745878909
 0.002430372327390004
-0.0007039880759348582
 0.0001778405792940141
 0.001366087852269257
 0.0009169837327065861
 0.0005941895777111239
-0.00034611995961292275
-0.0013215155982056193
-0.00010286037079754173
 0.001735649312357035
 0.002297024909332049
 0.0032349913265907887
 0.0024420434145951547
-0.0005753633178341294
-0.001555437103262669
-0.0007297462100636642
-0.00012860636498415734
-0.0008256522668454308
-0.002488735490304067
-0.003281683402299687
-0.0033588748484144754
-0.0031390039704545097
-0.0017355619430314273
 0.0006643253604218663
 0.0013894360966506814
-5.611329894221473e-05
-0.0013800308768037173
-0.0027671034369488173
-0.003330822153989124
-0.001541433012610685
 0.0010245285035143104
 0.0030525031335197073
 0.0037893092368380815
 0.001784721294364383
-0.0021566194381398562
-0.0036746801096879944
-0.0018081015455184701
 0.001249065388367901
 0.004785742372926088
 0.006048839995274488
 0.0043740614047263066
 0.0031577412040887237
 0.0025846661933767584
 0.0015414374256646074
 0.001134436627624344
 0.0018384957030919552
 0.003543678201425593
 0.005445342866863781
 0.005412593815689315
 0.0038945331441411907
 0.0026665175764140486
 0.0014759271833734988
 0.0003484917726165465
-0.0005824614710358417
-0.0006152105222103077
 0.0005847321178544945
 0.0017472495832327045
 0.0031810995650886492
 0.004771667465944637
 0.004231339483083421
 0.001293461246863123
-0.0009286605234763295
-0.0027718524001141137
-0.004086413684303972
-0.002077151641641864
 0.0004537237732144539
 0.002584617633607969
 0.004023145762299715
 0.0029307964528114266
 0.00167237293065145
 0.0010852634794320248
 0.0007975554257052264
 0.0003297387187992662
-0.0011438795578085637
-0.0029706979205209733
-0.0034993305362926302
-0.001347385015137939
 0.001967079994718679
 0.0033705220221417753
 0.0016185540088024947
-0.0017005931945373448
-0.004322696519339614
-0.004923840411066527
-0.004526199953345286
-0.004594035105788416
-0.0037566488454998798
-0.002065500787673716
-0.000573173970369989
 0.0008606760114859419
 0.0008653521349980542
-0.0011906954226696825
-0.002556716322053565
-0.0030198548821237098
-0.005012747457507849
-0.004972985232727059
-0.002900568207781326
-0.0032233623627767882
-0.002444452937936034
-0.0017076468346176737
-0.0035180916834047227
-0.0028070153876833814
-0.0022128927628576184
-0.0036724765989579744
-0.0025029419133260206
-0.0023719558252466716
-0.00508060486651167
-0.005239663882253345
-0.0040701291966213915
-0.003997619943989825
-0.0034432615672685546
-0.0017918777575468836
 0.0008957155763095054
 0.003110816079747822
 0.0033517386184689774
 0.0016676037342491373
-0.0013334294842547584
-0.0029707829001163616
-0.0009755552979617277
 0.0018710950283126332
 0.0033961688734670953
 0.004614824100875187
 0.003225412467312172
-0.000182619525908298
-0.0015720311594713127
-0.0016585788992577316
 0.0006571017611507746
 0.005718854614187127
 0.007686013335326827
 0.004591417180106472
-4.864109412930362e-06
-0.003106477484887016
-0.002563814475255305
 0.0016020732587210262
 0.0042849884457416
 0.003314270953984705
 0.0019482500546008086
 9.156167828636153e-06
-0.0022995113189735322
-0.001960347696700074
 0.0005564932776487841
 0.002860478570967717
 0.004282633185734075
 0.003482668053484725
 0.0009143634172944087
-0.00030663493017898946
 2.3172398422796614e-05
 0.001604384005607154
 0.00303589491404517
 0.0026967272451243196
 0.0013190109786508641
-0.0010574896372707032
-0.002683147686042775
-0.002994246473948678
-0.002867938532705172
-0.0017709151230284742
-0.0011229938095907305
-0.0014878912861086002
-0.001529996630954697
-0.0015487112416216892
-0.0017451954320499286
-0.0011300211464629617
-0.0008236045520402802
-0.0012235881298268275
-0.0015066180367177828
-0.001836429411966975
-0.00040725757694687337
 0.0009844890833866499
-0.0007791742970421622
-0.0023837806850530163
-0.002538161553958862
-0.0026785079823572477
-0.0009171877219937286
 0.0017633883916089305
 0.0025165680088526654
 0.002790237575424584
 0.0028978329293248006
 0.002074477062896332
 0.0016043212825724573
 0.002128271704860879
 0.0032673984360599845
 0.0036089011317513436
 0.002918872450143814
 0.003541063955984511
 0.006361984474661839
 0.008963032092055526
 0.009400436797881231
 0.0069561030528402235
 0.0033632842596047485
 0.0015926036589222065
 0.000710770957045942
 0.0016042949793643596
 0.004336330708161057
 0.004373753859523932
 0.0022171261448860197
 0.0011037251746365412
 0.0008113389740739274
 0.00012364936588429853
 6.750958053074185e-05
 0.0006312242509236565
 0.0008768249364806413
 0.0010850004473510477
-0.0007511742090330203
-0.0038808564655220396
-0.005115889253502912
-0.0038504525577365972
-0.0011862499580593128
 0.0003037377858264856
-0.0006178591641542719
-0.003501938711762617
-0.005602428664370662
-0.0054293392547689195
-0.0040890522096294485
-0.0016049582631313536
-0.0005172911471263003
-0.0016447265578832387
-0.0035346999028792736
-0.006119378052994964
-0.006652688815602437
-0.00524222956792561
-0.0029780085227111702
 0.0010989944213845165
 0.00329538233747953
 0.0028813643191855365
 0.0020930945540257317
-0.0005664339454631295
-0.0030154458373399667
-0.0018271985643647098
 9.083961499885274e-05
 0.0010826047208695455
 0.0020930824140835275
 0.0015200074033715483
 0.0003668421850175907
-0.00049393885609747
-0.0021570220795561063
-0.004035300057462596
-0.004009572273189252
-0.0015979896026463991
-0.0005454085879100234
-0.0007723007327711251
-0.0010553306396620804
-0.0027534999643893804
-0.004732358099266046
-0.00522122646693321
-0.004206070626883399
-0.002989754472893222
-0.0009103202276937866
 0.00035979461490835696
 0.00018904023207713672
 0.0006498356720819609
-0.0013991946653320458
-0.004856347200328653
-0.005855133573100482
-0.005448136821707597
-0.003796753011985926
-0.0012003835414280822
 0.0006825685366668166
 0.0021631999868809842
 0.002434530480034988
 0.00026386832488960177
-0.002704417865763545
-0.0038482267904458717
-0.0006226465704698841
 0.0035923617052825846
 0.004754879170660795
 0.0033420768029186754
-0.0008214759042871472
-0.0035932799278357436
-0.002344216745994804
 0.0006240653980109367
 0.004750188883882789
 0.008078688334246867
 0.007840100822296206
 0.004661298024031049
 0.0018918330739003675
 0.0003316690808298356
 0.00021003523977473904
 0.002467239064735449
 0.002705822530038704
 0.0002895576660126298
-0.00029521271178889474
-0.0016986587858593832
-0.0036213791587061672
-0.0013478018198200825
 0.0004790124962449488
-0.0005314692436164392
-0.0008332117378506837
-0.0016916537055478437
-0.0028892613188421373
-0.0025384023294791336
-0.0018670902818622992
-0.000812170193707995
 0.0009023685982972873
 0.001049728200301997
-0.0007981418231716303
-0.0027255403428542296
-0.0034389597586408777
-0.0019653455286804677
 0.0005117311975638972
 0.0017303864249720025
 0.0020859235611708216
 0.0016251240745185913
-0.000961893149015014
-0.003055365881369329
-0.001478832421020801
 0.0019525862597313676
 0.005463533436692536
 0.007994408851548854
 0.007779212073777325
 0.005648314166736432
 0.003552502360964202
 0.002396998069192316
 0.0035361248003914353
 0.005978115425367123
 0.006448267159043591
 0.006172254472406352
 0.004969968712276257
 0.0015174943241154787
 0.0004976562905824461
 0.0021279884395429133
 0.003508039732786891
 0.005536014362792288
 0.00674297422311082
 0.005311459268025398
 0.0031267626723725517
 0.0011642780514212747
-0.0006812528986344518
 0.00028478239963920793
 0.002588767692958141
 0.002263634464544778
 0.002434384800728606
 0.0028998583875692596
 0.0012952519995583917
 0.0013303360775033801
 0.0027127264441652588
 0.002593431676528077
 0.0016320704784428264
 0.0007362033360591019
 0.0003759840063770614
 0.0014472776084567401
 0.002895162030820131
 0.003414434306272751
 0.004029608591859718
 0.003599217059640336
 0.0019361338361816999
 0.0009583991241710749
 0.0011385057540265475
 0.002871757133375119
 0.004890375469708871
 0.004782776069161249
 0.003002739174807062
 0.0018098097083485976
-0.00013630139867731872
-0.0021736363690017663
-0.0016520250201312314
-0.0016192800156041715
-0.002084757649092231
-0.0007234189431915561
 0.0006262243956195873
 0.0020530571572217743
 0.0042377497062272285
 0.004010857561366127
 0.0019337583429372002
 0.00030342214732932693
-0.003698734494040623
-0.007036594284723752
-0.005612100596539479
-0.0021853600626230985
 0.0025769913929205995
 0.0062820816635684035
 0.004707883229990398
 9.522842654562103e-05
-0.0035724407160630106
-0.0060237916813577624
-0.006304482514830817
-0.0033245050037355034
 0.00028468325677792616
 0.0021957042158877588
 0.001863553767220652
-0.00015506861576049247
-0.0021152141632938687
-0.00326837938164784
-0.002985353521404277
-0.0012450849218019616
-0.0008287318767374457
-0.0028379979660469595
-0.0055793940351627075
-0.008110273496666445
-0.007247157428780862
-0.002604098717550629
 0.0003384536188580922
 0.0006729390942957075
-0.0006860645848344449
-0.004702255666711855
-0.008117304880186069
-0.0075044696680170025
-0.004922134637966619
-0.0024918393800804767
 0.0001606678525072347
 0.0012272833077510842
-0.0006930979916777852
-0.0021830897822109896
-0.0012287498510268752
-0.0003211913882009976
 0.0008904466189533639
 0.0018775335779882413
-0.00017149675942576548
-0.0023515152082427965
-0.0019538747505215837
 0.000457707920021283
 0.0037183742412659343
 0.0053674189775697045
 0.003105532959125773
-0.00176208084687135
-0.005149061179330616
-0.0065150820787145125
-0.005558403074112497
-0.0014042107072257115
 0.0016857032545114087
 0.0005372161829932665
-0.002159737491182173
-0.003415821939924249
-0.0028193602416805574
-0.0010276320268842037
 5.535694228503418e-05
-0.00023469018485967885
-0.0005691797069446725
-0.0013270415176716427
-0.0022579947613240448
-0.0020895834985581313
-0.0014814264332248805
-0.0008756084413095583
 0.0002752136569790925
 0.0005535613703868403
-0.0006183164353104065
-0.0011329146105746035
-0.00126858289213716
-0.0014463544952221241
-0.0011422769742173433
-0.0006393782126901115
 0.00038279484761341576
 0.0010307161610511456
 0.0007547034744139064
 0.0006120179725976338
 0.0006517801973784237
 0.00014653831578588516
-3.591143413490816e-05
 0.0004319012261236599
 0.00046230715723280524
 0.0015148881719691948
 0.003931148989347863
 0.0050117988850992
 0.005000101494685938
 0.004773209349824836
 0.004342817817605454
 0.005416450493103062
 0.006667852748361902
 0.006087760517396193
 0.004534613744579391
 0.002289101240060834
 0.0003827543811394246
 0.0008295153806367889
 0.0028130476157018636
 0.0041229267064085
 0.004670267862876054
 0.003779078867328145
 0.0016224511526902186
-0.00017629832900727116
-0.0014300437043314324
-0.001663953069446264
-0.0005903203939486706
 0.0009464488182953507
 0.0016645423342704357
 0.0018025456426035008
 0.001075091786309379
-8.97687991341517e-05
-6.871916169663705e-05
 0.00012074376183046631
 0.00034997093346207653
 0.0007195425101683556
 0.001112504821053753
 0.001177996853431576
 0.00024002638952544397
-0.00026989363890292384
 0.00033124620617658307
 0.00037568657779320225
-0.0015259821342923918
-0.00396329865907967
-0.00614799525473253
-0.0066017775211310165
-0.0028382104150354304
 0.0022586285392696
 0.004469050895872073
 0.003173202199025532
 0.0012925851477011419
 0.0005932001724219538
-0.0002020868129915948
 0.0001113470016848167
 0.0020808447962424453
 0.0027544959172771943
 0.001996634106550238
 0.001830557870554833
 0.0013954881914996359
 0.0013767735808326437
 0.002536951972792953
 0.00255800161023044
 0.0021439835919364603
 0.0011522144394183614
-0.0007962357410254556
-0.0007962377643491586
-0.0003026952964935714
-0.0008126153249219392
-0.0007167153381112679
-0.0010301531994350854
-0.0018231011114307194
-0.0022605098639038312
-0.0027072749100485877
-0.0021786463409243367
-0.0008313420755311357
 0.00039199129871278493
 0.0016995313160015069
 0.0013042258850507887
-0.0015938881030650165
-0.002997334177135491
-0.0025341996637127523
-0.003149377995947125
-0.0025201692698526845
-0.0001577071410859554
 0.0014539124205312226
 0.002548596756790006
 0.0012644434270329963
-0.002307323705441247
-0.003556390933929579
-0.0025084880660290187
-0.0005834326664117262
 0.0019030003535042833
 0.001725228750419333
-0.000777581830069457
-0.0023517802636474627
-0.0020360073755531505
-0.0001460380772045078
 0.001690132532532168
 0.00209245113708921
 0.0015965655491683162
 0.0016597185081282245
 0.0020947841405360296
 0.002038644355182445
 0.0016737468786645893
 0.0016363196806543079
 0.001510007692763396
 0.0009369326820514307
 0.0008433677220112679
 0.001297145941762362
 0.0020129003843195326
 0.0011755100773835764
 0.0006281648742686302
 0.0024152149422291685
 0.0022444605593979483
 0.0006983310068348764
-0.000574126955832574
-0.0016547808982313034
-0.0004805680657635064
 0.002309944498480973
 0.004620947012053636
 0.0044010720874462644
 0.0021415251424202614
-8.99529215908218e-05
-0.0009460558158700672
 8.781261152303321e-05
 0.0019824600567074913
 0.0031449775220857012
 0.0021719209569109055
 0.00035913703470594194
-0.0008922692672003046
-0.0007776566930463441
 0.0007614515926155918
 0.0016690100554414694
 0.0018608120523865013
 0.0024338830164510744
 0.004094623119844404
 0.004992825288998637
 0.004178825716241799
 0.004567109880291381
 0.005182284165878348
 0.004047831534867666
 0.003975318235588721
 0.005582259650370097
 0.005862946437195746
 0.005947151056916844
 0.006522561094399332
 0.005640728392523067
 0.0037741457817061508
 0.0013789325784412804
-0.0003098804526143889
-0.0003402904303709403
 0.000614049500813188
 0.0010116899585344008
 0.0004058679199716725
 0.00032867647385689813
 0.0006163804809363044
 0.0013017269690606126
 0.0014350521305578484
 0.000684207540084622
 0.0006795273699251037
 0.00012750401997432825
-0.0011051896945886291
-0.0023168317483903828
-0.0036220367389085822
-0.003802147415411447
-0.002777635281690005
-0.002171817289774683
-0.002284094837158121
-0.002146091528825042
-0.003215050104134212
-0.005116718816219806
-0.00539507057627496
-0.004644230032449112
-0.00463253668868327
-0.005682782676649137
-0.005886284087331134
-0.0061506014068788
-0.007100267237874491
-0.00587459479021267
-0.003364771036117542
-0.0011099062845747326
 0.0003637079453856773
-0.0005181247564905872
-0.003895748795278209
-0.007416056312558414
-0.00765932197134489
-0.0046980570475928796
-0.0011637191364526067
 0.001439667554358981
 0.002073554427289251
-0.0003076243354681596
-0.00389810405528572
-0.00579275554711757
-0.005860590699560686
-0.003991673061973261
-0.0015426652167438298
-7.606820703714989e-05
 0.0009975644684604573
 0.0008197928653754932
-0.0005719578416054361
-0.0013368368725861363
-0.001530981989596461
-0.002831508833278845
-0.003678255433886446
-0.0033437699584488306
-0.00413437879702655
-0.003947254946917347
-0.002515744038479331
-0.002333298335205944
-0.0022818407433356086
-0.0023356414552712507
-0.0034864676002073214
-0.004461863238800032
-0.005142535626735931
-0.005996299447597234
-0.00420457123280088
-0.0006678942482426925
 0.0009764723412252485
 0.0011097975027224982
-0.0008854341460795417
-0.004225633010180585
-0.005626740010833159
-0.004723859694843097
-0.002656120816733193
-0.0013696324602056886
-0.001453841126574193
-0.0016900895651069392
-0.0019777976188337237
-0.0012012272674108704
 0.00018116309925100826
 0.0009413599367484732
 0.0026231517009030203
 0.0031892054447138496
 0.0011214625199565537
-0.0007334247237708175
-0.0019544230712442018
-0.0012784328767915382
 0.00205006657357254
 0.004641757897294568
 0.005546977286702545
 0.004754029374706911
 0.0032874283183528252
 0.0028289679051185096
 0.001671124539928709
 0.0008009872051420175
 0.0018512291464604785
 0.0034371189004806513
 0.004931784791202265
 0.006456858636356741
 0.007289566749809462
 0.006304814817545107
 0.004197307644683318
 0.0016781235502691533
-0.00033582068587617586
 0.0004080026376959145
 0.0029692860069850807
 0.004948140095214354
 0.005666233611189425
 0.004272143830790581
 0.0018348273060033032
 0.00014601427494764785
-9.725138383882836e-05
 0.0009342779701363574
 0.0017576297899174337
 0.0032639910477286066
 0.004625329753629295
 0.003530641370723106
 0.002342390051100457
 0.0019143375922989897
 0.001151797634736218
 0.0012710883557259939
 0.0025692720793430573
 0.0033598768712733706
 0.0037107358606363883
 0.004129427979118805
 0.0023610864518541497
 0.0006605780537089351
 0.0018254345925050736
 0.003076836847763914
 0.00472354251064977
 0.00586500831526679
 0.00397971311710657
 0.0014464945821849456
-4.3497208348258765e-05
-0.0007803073583140252
-0.0002353052752643997
 0.0010956254762034545
 0.00048044714396906774
-0.0023779025960422445
-0.004225772619515872
-0.0031778697516152976
-0.0009253440734904167
 0.0007587867640820173
 0.0011049676066091918
-0.0008341262801629667
-0.003493654779651828
-0.0048713710461252835
-0.0038725887200008607
-0.0008622032544727265
 0.0015119542413835618
 0.0020733298383585758
 0.0010067103364673202
-0.0010774061022153641
-0.003238711963689092
-0.004012947288341437
-0.0023568853317839367
-0.00042247363849498565
 0.0005342053661070434
 0.0006534960870968193
-0.0017206654554068612
-0.003952143519417944
-0.0025720922261739665
-0.0008341626999895657
-0.0003406202321339924
 0.00019034741040817316
-0.0016294537320505065
-0.004831647264494782
-0.005007079794161831
-0.0036784881161119193
-0.0019335413696737885
 0.0011446772249738002
 0.002454556315680423
 0.0018089700290132016
 0.0016779798942864604
 0.0017575063671717572
 0.0014838327539524326
 0.0008101775862702776
 5.465484896122197e-05
-0.0005418108959298479
 0.00023943760232882083
 0.0029176746425135652
 0.0039328304825633625
 0.0025574532895078217
 0.0024311413016169098
 0.0034743660226816547
 0.0039117707285073605
 0.003196012239302798
 0.00015755384611232381
-0.0029323641622722024
-0.002480925015939023
 0.000842896287589226
 0.0040146778189532745
 0.004676633572898464
 0.0027585913468874956
-0.0003032577804821107
-0.0018447091862093395
-0.0008693175942640352
 0.001044042438263712
 0.0024919268606271028
 0.0017902028119300278
-0.0010728250749171137
-0.004010703311137412
-0.004193153061058205
-0.0009488602537389146
 0.002105967606729542
 0.002541033239137347
 0.0007352665371861133
-0.0019406354762281086
-0.0028388416920297477
-0.0008342577962034553
 0.0024708509199815043
 0.0045362507246734796
 0.004830971952006616
 0.003998259791906489
 0.0017925115354924248
-0.0002167545538170751
-0.0018587861165145075
-0.002537119431032492
-0.0002916109731613409
 0.0020310869075008814
 0.0027421632032222365
 0.0024638114431670827
 0.0011492501589772247
 0.00018788896089197427
 0.00022297303883694886
 0.0007609579016328583
 0.0011960235340406494
 0.0014579977335230226
 0.0020474422115129565
 0.001778446745129475
 0.001123504164790609
 0.0020404189212881313
 0.002578403784084027
 0.002286017583521427
 0.0024731414336306295
 0.0031608269951728524
 0.004367786855491385
 0.004615726614466284
 0.0037619627936049532
 0.002183086213191132
 0.0006673646150608947
 0.0010486315588567469
 0.00253394115590673
 0.0036145910516580393
 0.00362160624858808
 0.001977235612472733
 0.0007188120903127565
 0.0020661163557059714
 0.004168941335084525
 0.005661268152388238
 0.00573845555185562
 0.00376427556381477
 0.0019093883200874129
 0.0008170390105991243
-9.754071912788931e-05
-0.00012327255004861148
 0.0007234700039115832
 0.0013339661426627208
 0.001701198645951113
 0.0017830641922542967
 0.0014275230094080854
 0.0020824615430995452
 0.0031701286591045985
 0.003013408716780852
 0.0023514489161882424
 0.0023514468928645393
 0.002042687178376551
 0.0004988966992314076
-0.0005069068937941651
-0.0006051500006701432
-2.272274293392551e-05
 0.0018344995275639542
 0.002285938673897134
 0.0010017853441401242
 0.0008450654018163639
 0.0011421257025674147
 0.0008544176488406163
 0.0004193479697854191
-0.00032915754726990654
-0.0009443358795042656
-0.0009139299483951202
-0.0008998975312113633
-0.000974749903908223
-0.001629692484247089
-0.0036483148672282334
-0.004721951589373233
-0.0038985997695921565
-0.0025583127244526715
-3.679360326798442e-05
 0.0016099120596178712
 0.0004824766488609189
-0.001248439703717144
-0.003968784112071674
-0.006647025198903825
-0.006546447065257338
-0.00494886194414762
-0.003629626559769339
-0.003931369054003597
-0.005472820459730854
-0.00530440919696494
-0.003199245144168472
-0.0022542615066559885
-0.0027899113426813893
-0.0038331401103935264
-0.004642461536314549
-0.003646018283608013
-0.0027361207473642207
-0.001994636497210045
-0.0003643043482495639
 3.8014256307492e-05
-0.0003993944961656337
-0.0005865223929222424
-0.0009022993276639607
-0.0013397080801370725
-0.000504660893266437
 0.0005525982683057679
 0.00029062002217600247
 0.0006484962317927223
 0.0006508332818869478
-0.0005420961845715166
-0.0008719075598207227
-0.0008695705097265111
-0.0014636971811996663
-0.0008508619690306141
 0.0008753721900642275
 0.0011537199034719753
 0.0005198289838943132
 0.00022744278333169943
-0.00016552357420110408
-0.0009701668532862973
-0.0021771307602522078
-0.003285853583665871
-0.0036530901336016552
-0.0019619420757754774
 0.000709277744155537
 0.0011724122575782758
 0.00021806827974675536
-0.0015572904677716298
-0.004499846850827743
-0.005929022732495237
-0.005231980877281384
-0.00375836664732096
-0.0012719336274049503
 0.0011840914380782386
 0.0002624944880974811
-0.002247333312645053
-0.0025420585866255813
-0.0022917797542327673
-0.0008976940204813294
 0.000816844771523953
-0.0004462568974718528
-0.0024297931791843336
-0.003339694762075532
-0.003180639792981263
-0.001159682383229596
 0.0020518633962389177
 0.002762939691960259
 0.0005431569950387349
-0.0015362812968081202
-0.0033724559531921883
-0.0039993296525161065
-0.0030870930428543997
-0.0014848297749088663
 0.0007255925816936071
 0.0018483457989673518
 0.0013033396692703064
 0.0008869825775583984
 0.001041359399816838
 0.001251873984105173
 0.002433104036826672
 0.003464633390801858
 0.003941802344732057
 0.004444701106259302
 0.003364047163860573
 0.001130230026431575
-0.0005515657843703503
-0.0008860553064553717
 0.0004799615462811324
 0.0030927045307643647
 0.004292647170829153
 0.003387423734773784
 0.0021804598278078596
 0.0007887091208269303
 0.0001782089354283728
-0.0002030620550148715
-0.0005515860176073389
 0.0005968970072633972
 0.002058815870134262
 0.0030318683886616654
 0.003574531398293404
 0.002697376843252955
-3.93410790269777e-05
-0.001933992570858828
-0.0015878117283316673
-0.0002849498578787607
 0.0016564790556639203
 0.0033242363793109797
 0.004238812062390601
 0.0033710138010218105
 0.0006600256863389109
-0.0022684962562097427
-0.004383020649325262
-0.0038497139333651814
-0.0013749762805387172
 0.0007208314785861064
 0.0016962230705314107
 0.0011863030421030568
-0.000717704743400438
-0.0017328646300976552
-0.00040193387862982877
 0.0010342551766440305
 0.0022809792850670557
 0.0023815574187135286
-0.0006826307820739785
-0.0038614335803391353
-0.004544445041692935
-0.003309416300359469
-0.0011270628247719294
-0.0003434752530953461
-0.002107138633524158
-0.0033819356696095093
-0.003094231662530131
-0.0028252402427940276
-0.0024556686660877347
-0.0028603303907100974
-0.00500292366484055
-0.007517429612418899
-0.00819576292693687
-0.005678921952588012
-0.001550459393298259
 0.000999128608901348
 0.0016891532438614854
 0.000514936364746324
-0.0024416544588172634
-0.003777267403768325
-0.0031878229257783774
-0.0018171279262060441
 0.0002880361265904241
 0.0003231202045353848
-0.0008160105733111128
-0.00013300315860470535
-0.00013300518192840838
-0.0017235771294318025
-0.0033679477655471496
-0.00558773046246866
-0.0057538066984640646
-0.0027621338202792195
 0.00017574036929367265
 0.002039979860045296
 0.0021428970671096975
 0.0007347728462033798
-0.0011762521595538589
-0.003038156623534946
-0.002233517391097159
 0.0008680919377295343
 0.002685549960122907
 0.0027674155064261047
 0.0013850210931168339
-0.0007318423734165996
-0.0017259505993525992
-0.0015037406479747328
-0.0005844868180592822
 0.00015465835867699285
 0.00024120205181600574
-0.00015176430571679778
-0.00037631737715997093
-0.0004792386308717783
-0.0015739270137779676
-0.0030732750979828166
-0.0038194415416202276
-0.0023762352660926384
 0.0006014031715847468
 0.0028609460699633577
 0.004128721839147587
 0.003974340970241755
 0.002250441837917422
-0.0007833384084372508
-0.003648705368702293
-0.0035153802072050433
-0.0008254477999307397
 0.002117104536477968
 0.004465532224737223
 0.005071350216652559
 0.003097170228611709
 0.0011440419013320768
 0.0005990357716350314
 0.0010153888166995612
 0.002851559426436223
 0.003913496734844257
 0.003586024433012966
 0.0023673651589574823
 0.0006598395405585378
 1.4253253891316486e-05
-0.0008699185214028626
-0.001138913987786358
 0.0001849995434277385
 0.0007978347555968046
 0.0006224022259297551
 0.0010036691697255934
 0.0009943108527302597
-0.00046527298337009637
-0.0018359720295898219
-0.003499055253048458
-0.005150443109417535
-0.003573909649069021
-0.0005728804772125173
-0.00036938311317794015
-0.0013798648530393282
-0.001124907873810685
-0.0018570398769406221
-0.0031903137484737693
-0.001653544536229748
 0.0008165149697609009
 0.0014971833110493937
 0.0014223309383525201
 0.00015922926935671433
-0.002329546870624602
-0.003279212701620293
-0.002956422593272237
-0.003611365173611103
-0.0038452745387259207
-0.003024261792362759
-0.0022430132941040903
-0.0005846122641286755
 0.0007767264417720132
-0.00016358309555203343
-0.001765850410144973
-0.001765852433468676
-0.0013354649478967001
-0.001707379644668286
-0.0013658769489769407
-0.0012793332558379278
-0.0018383738260424332
-0.0010384127404404614
 0.0003509948464751611
 0.0004702855674649231
-0.0004676848964412089
-0.0008302432995411502
-0.00038816044687961515
 0.0011252180311853016
 0.0030596297244742388
 0.003307569483449152
 0.0022690188625728303
 0.00029249980111407947
-0.001686358333762586
-0.0014571311621309896
 0.000552130880531132
 0.002507594234581273
 0.00401395549239246
 0.004224470076680767
 0.001429275318953066
-0.001536671798282166
-0.002804451614113787
-0.004130708265393204
-0.0034500399241046975
-0.0009051300687409058
 0.000912327953652467
 0.0024350627253890283
 0.002329802398259334
-0.00010049690627421393
-0.0012770528588073038
-0.0003671553225635116
 5.855401617264888e-05
 4.9195699177301266e-05
-0.0002431905013853125
-0.001396355719739284
-0.002084045327928913
-0.0007063331081028495
 0.001501750175081723
 0.0025028715746240604
 0.0030361782905841267
 0.002147328368454146
-1.6316566437510338e-05
-0.0007928909645077697
 6.554695654198417e-05
 0.0012958975510396348
 0.0006924145858948211
-0.00022684329066802178
-0.00043736192160374887
-0.0013332290639874733
-0.0008233130822065116
 0.0003906639983657506
 0.0003415414332659239
-9.35282457892872e-05
 4.213598912587713e-05
 0.0007181261835785407
 0.0006479519577174964
 0.00025498560018469285
 0.000708763819935801
 0.0009683989460002596
 0.0012116605581393297
 0.002418620418457848
 0.0021706766128355703
 0.0004935589488694603
 0.0003181264192024108
 0.0007040715098340644
 0.0009332986814656885
 0.0011297788252465357
 0.00022689446260906743
-0.0007227713683866238
-0.0006338886018296824
-0.000675993946675793
-0.0013613444814475073
-0.0011859159984278639
-0.0002783575356019724
-0.000750852389343748
-0.0021262295823993027
-0.0025308913070216515
-0.0015063791733002097
 3.272911236174014e-05
-7.720936160379721e-05
-0.0014245176736444043
-0.002074782107147455
-0.0028981379735759233
-0.003429109662765495
-0.002650200237924727
-0.0018946815472630774
-0.001099398608496921
-0.0008187118216712724
-0.001581251779234058
-0.0022595850937520423
-0.003707473562762839
-0.004956540791251171
-0.0046571414170822195
-0.003985829369465385
-0.002191762081251117
-0.0006690273095145416
-0.0014643142949280902
-0.002746128551267185
-0.00412150574432274
-0.004884045701885512
-0.003660712327641605
-0.002682981662278386
-0.002802276429915568
-0.0027531579114631194
-0.003153141489249653
-0.003461901203737641
-0.002643227530792394
-0.001515796166682834
-0.00013340580002095537
 0.0007460837817899885
-0.00017785224160866975
-0.002039756705589771
-0.0022268846023463656
 0.00010984771882331656
 0.002067650146291372
 0.0030430417382366903
 0.002912051603509963
 0.0011577445167527817
 0.0006431463414885985
 0.0005308687941051465
 4.901764669172637e-05
 0.0017542001450253641
 0.003307342871194774
 0.0030266520377217054
 0.00285121950805467
 0.0018079907403425327
 0.0003694585650033805
-0.00022700717988770325
-0.0006129563171667768
 0.000371791568450186
 0.001103919524932731
 0.000846619425638781
 0.0018828269264497821
 0.0027786900221861283
 0.002067609679817381
 0.0005893132563737358
-0.0013240508228014036
-0.002545049170274802
-0.0018059039935385268
-0.0011790343408620008
-0.0007135607540213612
 0.0007670706961928064
 0.0007319825716004397
 0.00011680423936605289
 0.0008302196085053087
 0.0006758387395994631
-0.0002738270913962282
-0.0006761497426006763
-0.0020234580546412834
-0.0030058709134877376
-0.001188412891094337
 0.0015670135718814648
 0.003386810667692766
 0.0030757118797868493
 0.0005565277853726985
-0.002168494769817675
-0.0032795566666492526
-0.0025731585177637406
-0.001085509847295843
 0.0006734713396497616
 0.0013705131948636151
 0.0010594144069577122
 0.001185722348201232
 0.0014500356211015059
 0.0012488732838374372
 0.0005798962629910975
 0.0008582439763988453
 0.001216120186015579
-0.0001265099791892127
-0.0007674181190206047
-6.80371903888366e-05
 0.00030387345973537094
 0.0011786848947104994
 0.0022195705423573298
 0.0018336214050782562
 0.0008629039133213751
 0.0008020859811319753
 0.0013985476793756668
 0.002685036035903171
 0.0052112333039236874
 0.006369072622466082
 0.005557412123127159
 0.004493131694653818
 0.0032885068611057944
 0.0038031009897225854
 0.005534013295653242
 0.006450928052150778
 0.006310581623752393
 0.005653299969995626
 0.005501258174507695
 0.0059597145410946045
 0.007634489084995394
 0.00894904632253786
 0.00755729561555693
 0.005697730224993744
 0.005075534672505627
 0.0033422792465096635
 0.0016394317749465342
 0.0018031648908766185
 0.0018967258042693752
 0.0038545282317374446
 0.007070752158041788
 0.007454358175255527
 0.005987757118901441
 0.003559796887785807
 0.00048391331990875475
-0.0008610559187139516
 0.0006476444125151359
 0.0030732615235654626
 0.004179641226913819
 0.0031270561655300233
 0.000526004501488958
-0.0009826998763875355
-0.000418985205994607
 0.0008955720315478449
 0.0013212813702839915
 0.00010496116964642255
-0.0015323922462151807
-0.0026808793177333368
-0.002500772687877864
-0.0006692802249770174
 0.0012744877619835643
 0.0013657096019584203
-0.0003745630442912873
-0.001373349417063116
-0.002166297329058764
-0.0033662440157709445
-0.0026738803073929063
-0.00185754570786556
-0.0017008298121892057
-0.0015558092836023968
-0.0029241692564042077
-0.0035253131481311206
-0.002725352062529149
-0.0022388268149272916
-0.0013944233343850115
-0.001153500795663856
-0.0016657598975101384
-0.00131957905498295
-0.0005640603643213005
 0.0003926186402807147
 0.002015933568987466
 0.002093120968454834
 0.0012533915881009772
 0.0013048491799713263
 0.00035284427555772047
 0.0002546011686817423
 0.0014732563960898476
 0.0021352121500350374
 0.0038708026028015236
 0.00518769891376189
 0.003510581249795794
 0.0008767825579039656
-0.0008073523263158744
-0.0016166737522368968
 0.0004884903005595853
 0.003494197619251918
 0.0032462538136296126
 0.0024158807269474003
 0.0015972030073547333
-0.0003255173654920368
-0.0013243037382638656
-0.0019979589059460345
-0.0029429465901058965
-0.003113700972937117
-0.0026786353405293117
-0.0022459087815394213
-0.0020447504909227587
-0.0007606012078131413
 0.001304798596878834
 0.0007340626595847694
-0.001595656487978589
-0.002711396531645968
-0.003043546980313075
-0.0015488810895914612
 0.0018263998291308536
 0.003038037836285215
 0.0015737758533490437
 0.0004697311767711959
-0.00016649881622438079
-0.0003980691079212978
 0.0009492351574719171
 0.002177246678551653
 0.0018988949184964993
 0.001126998667262069
-0.0003279070220024438
-0.0021477081644611373
-0.0019886531953668823
-0.00048463101097361017
 0.0009141328696136569
 0.0018216913324395345
 0.0008650082811901133
-0.00042850134223854086
-0.0013454201453834552
-0.001920834229513349
-0.0011933844198666332
-0.0001197517443690399
 0.00044162385260596015
 0.00044629997611810024
 0.0006802052945855258
-0.00046594270351471567
-0.0026061969042272676
-0.0034014838896407884
-0.0033336527838450647
-0.0023114797235415374
-0.001984011468357652
-0.0024986096436218352
-0.0017454300263781003
-0.0003981257609848854
-6.831843238309931e-05
-0.0008051285823488519
-0.0019840236082998425
-0.0022343064873400625
-0.00011510799403612049
 0.001491833420745256
 0.0008509252809138501
-0.0004800095172013824
-0.0023302186140929243
-0.0034319242172528436
-0.002433141891128407
-0.0005782586940484558
 0.000974884032120954
 0.00191986766963341
 0.0002918705474434652
-0.00259922622041861
-0.003523162243817282
-0.0030062290417825904
-0.000975915338359265
 0.0016134369119448488
 0.0025069609342632526
 0.0016157719387153435
 0.00032460138870461785
-4.731330806698186e-05
-0.0002952571136892873
-0.0006882234712220769
-0.0011513620312922218
-0.0016449085457952012
-0.0004730347867453327
 0.0010239701773941956
 0.00024037855907020622
-0.0012332397175376097
-0.0018203491687570489
-0.0018273684123344819
-0.000777126471016007
-9.912413264798192e-06
-0.0006180735252454411
-0.0005174953915989544
-0.0002578602655344958
-0.0009221591395450063
-0.000805207491973145
-0.0003748200064011553
-0.0004052299841577067
-0.00025553130873508245
-0.0007654513371634503
-0.0013876468896515531
-0.0005198526749301685
 0.0001982408410449027
 8.362422024356386e-05
 0.00013975995894972837
-0.0010063880391505131
-0.003544284720907981
-0.005670504481113045
-0.006082183425989138
-0.004603891049192899
-0.0026039853002024355
-0.0018531447563766013
-0.002040272653133196
-0.0016590057093373578
-0.0021244833428254173
-0.003846043401731822
-0.004353624356742275
-0.0040331733218121335
-0.003614481203329717
-0.002491727986055986
-0.0013923655029613735
-0.0006228123717922501
-0.00019710303305610355
 4.0552575605729e-06
 0.000696418965938625
 0.0008999163299732021
-0.0006298397086644814
-0.0015116724105407459
-5.3111527295590655e-06
 0.000991132099976949
 0.0013840944108623465
 0.002392233030658414
 0.0020039448199614535
 0.001187606173786701
 0.0009186107074032057
 0.00017946148401952466
 0.0006519522911139219
 0.00256765139705957
 0.004001501378915501
 0.004583928636651705
 0.0038377621930143074
 0.0023430922556452877
 0.00121799591830625
-0.00030708197349561817
-0.0011772193082823373
-0.0008661245670238127
 0.00013031868568269545
 0.002305654941016505
 0.002920829226603472
 0.002120864094354122
 0.00219103427356776
 0.001788711622363312
 0.0017816923787858652
 0.0018892877326860957
 0.0012366842257651445
 0.0014542160303071955
 0.0012156285183565346
-0.00047786265953495
-0.0017105563740978935
-0.0008544575264660542
 0.0012857926275990778
 0.002913785703141644
 0.0030237201304597894
 0.0012998209981354564
-0.0005480490253381848
-0.001867288456363858
-0.0033245332190462856
-0.003340908756295377
-0.001380767255409407
 0.0008740974961333886
 0.003082180779317975
 0.0041487962345618246
 0.002640091856685331
 1.5649458465147315e-05
-0.0028193095473670465
-0.0043584218796763885
-0.003146783872522027
-0.000980803910859876
 0.0004039255292199173
 0.0004202970198216027
-0.0004638747554725625
-0.0015842929459757848
-0.0015398525743591795
-5.9221124145011905e-05
 0.0007781651361435382
 0.0013184890723573484
 1.5887147495757814e-06
-0.0040005679266203464
-0.0056706683703327265
-0.003111724074461461
 0.0013114617354851033
 0.0045651108364760384
 0.0052972387929585835
 0.0037043277720372747
 0.0010845635206529203
-0.00047326139899971087
-0.0014533351844282366
-0.0013667914912892237
-0.0004147906335230239
 0.00048808968246702444
 0.0012576428136361617
 0.0006892459497600117
 0.0007149737340333279
 0.0009442009056649381
 0.0008436187253710592
 0.001882165299599975
 0.0009020915141714353
-0.0013831852384516147
-0.0021059609479098934
-0.002187830540860483
-0.0009223938450941827
 0.0018306935444637185
 0.0034423131060809242
 0.003449328303010951
 0.001971031879567306
-0.0011820411111008317
-0.0030462846484998474
-0.002124691745166482
 0.0007687400494661017
 0.003453994309904576
 0.003753393684073514
 0.001617817630196805
-0.0017317375275758828
-0.0037035784421988183
-0.0042439064250600345
-0.003132848574875849
-0.0007376394182583706
 0.0007874344268960914
 0.0014610855479308404
-0.00036573281478156916
-0.0037831211016736976
-0.005546784482102524
-0.005071954601590226
-0.0029574342551221128
-0.0015773829618781349
-0.002262733496649849
-0.002964457545346938
-0.0020241520546702974
-0.0008756690297995334
 0.00029620472925032115
 0.0010330108325686815
 2.7207239543108885e-05
-0.0006043446066166247
 8.490605552427533e-06
 0.0012481974937217227
 0.002955719065473275
 0.00368082980170209
 0.0024972566289152565
 0.0004833123927699273
-0.0015914477522410986
-0.002784377218699563
-0.0014721590545750118
 0.0009721706438185901
 0.0028130194003910813
 0.0038351924606946225
 0.0035825705082365156
 0.0021510555531510933
 7.629540814005353e-05
-0.0017341494406469954
-0.0023890920209858474
-0.001902566773384004
-0.0009575831358715342
 0.0006212893978948947
 0.0027077408633480876
 0.0038258159337859893
 0.003227011115476991
 0.0013393768438988707
-0.0009248482479629616
-0.0025481672233171188
-0.001708441889610654
 0.0006446639454844028
 0.0018141986311163566
 0.002438729210374982
 0.0020387456325884484
 0.00023531800405512948
-0.0004523716041344994
 0.0007896743574527243
 0.0024480753874281252
 0.003479604741403311
 0.0034679073509900488
 0.0026609249984869687
 0.0023521652839989665
 0.0027100414936157002
 0.003432813156426587
 0.0039754761660583116
 0.0033813494945851424
 0.00236151146105211
 0.0018960338275640642
 0.0013814356522998672
 0.001678495953050918
 0.0030024094842650145
 0.0027240577242098607
 0.002333430440094972
 0.0030749146902491614
 0.0029345682618507896
 0.0022234879194820423
 0.0015428155315461572
 0.0009463497866550874
 0.0012714789684210442
 0.0031661264136055023
 0.004513430678998717
 0.004146194129062947
 0.002941569295514923
 0.000986101894817376
-0.0006395561539546818
-0.0012828033672039885
 0.0003802758096072417
 0.003343879806777167
 0.003928646137931285
 0.0026070676334876974
 0.0010141566125664164
 6.916892840654054e-05
 0.00038961996333668203
 0.0017275679350582523
 0.003088906640958941
 0.0036456040910981258
 0.0035894643057445552
 0.0024058911329577354
 0.0007802330841856914
-0.0005296500531683512
-0.000981093246148937
 2.236722681131509e-05
 0.0005930991174579875
 0.00010189167637290886
-0.0005998323723241938
-0.0009834424361853389
-0.00039399795819540506
 0.0014772587528099484
 0.0032409180865913684
 0.0031988127417452716
 0.0025204794272272874
 0.0016222732114256622
 0.0001790628892506807
-0.00047354061767027056
 0.00018139791602118926
 0.0014328001712800437
 0.0028526157126285007
 0.003505215172902046
 0.002408187716577942
 0.00048546734373117184
-0.0011893112468170236
-0.0020664658018574728
-0.0014629868833600512
 0.001189520349227674
 0.003984711060307969
 0.004852505275029367
 0.004272413044063658
 0.0018327574458584656
-5.253775230172619e-05
 0.00010651721679252879
 0.0002468595985435085
 0.0012947624664440688
 0.001404696893762214
-0.0007285400866965941
-0.0019752682417670253
-0.0020384252473743397
-0.0017390258732053743
-0.00040107790148381783
 0.0008175773259242736
-0.0001040196240564839
-0.0016220802956046082
-0.0036079556507350036
-0.005937674798298376
-0.005500270092472656
-0.002660636986452039
 0.0008409538968374847
 0.003605736653484945
 0.0039261876884150865
 0.0011964869863888977
-0.0022162231536673876
-0.004092162058155949
-0.004574013205569383
-0.003469972575638955
-0.001191717089917027
 0.0013578709122825938
 0.0017718848839291812
 0.00018599108326161629
-0.0018045624187045944
-0.003933121252327573
-0.004499179042785809
-0.0037717292331391067
-0.0025577521525668306
-0.0018326414163380295
-0.0015028340877362295
-0.000885320728731348
-0.001142620828025298
-0.0013601566792147413
-0.0006186724290605655
-0.0004104969181901591
-0.0016969893213650833
-0.0023823398561367837
-0.0023589511452813683
-0.002751917502814172
-0.0014069523108388715
 5.730562544990769e-05
-0.0007496767270531862
-0.0020478644973176696
-0.003341374120746324
-0.0046255274505033195
-0.0035565729218415554
-0.0010116630664777498
-0.0005227987454579919
-0.0009999717460356106
-0.0019449594301954587
-0.0034372902941465777
-0.0035238380339329967
-0.002735572315420598
-0.0016572614930871754
-0.0013929482201869015
-0.002340274977764678
-0.0025624889757899505
-0.0018022921382924717
-0.0010982330628248743
-0.0008526323772678895
-0.0011918000461887263
-0.0020245122062888393
-0.00205960033088122
-0.0007894854882790764
 0.0002326875720244509
 0.0005086962120142979
 0.0005999180519891401
-0.00041991998154389254
-0.002003474708793543
-0.002272470175177052
-0.001442101135142232
 0.00019057008723616375
 0.0010326344943605292
 4.08653418424304e-05
-0.0012526442815862099
-0.003030342102522496
-0.004957740622205123
-0.005509763972155884
-0.005175278496718255
-0.0051331771985195646
-0.004548410867365432
-0.0027379700652257893
-0.0018233943821461679
-0.001624575164947406
-0.001566100352823327
-0.0022420945939233966
-0.0017953335944260462
-0.0013321990810032935
-0.0021999973423720842
-0.0030701346771587895
-0.0035052043562140006
-0.003028035402283788
-0.0013415654912934394
 0.0014910503944734477
 0.003140095130777218
 0.0025202386517070297
 0.001355378066263499
-0.0004854747369563983
-0.002190661281937442
-0.0022561573609626434
-0.001327547237375562
-0.0006889822176094768
-0.0004246689447092028
-0.0006234922085553568
-0.0012573831281330189
-0.0009579837539640812
-0.00012995378734718954
 0.0005273238197621849
 0.0013389802724537297
 0.0012243636516523632
-0.00022820296419424901
-0.0013018396863392484
-0.0011287502767375057
 0.00022557120890943916
 0.0016898291451982184
 0.001619654919337174
 0.0010278673212819195
-6.214291478844058e-05
-0.0017720076066053136
-0.0021041580552724204
-0.0012761280886555149
-0.0004738279296356285
 0.0005039027357275905
 0.0006863484390009639
-0.00039196642997985087
-0.00034986513178113243
-0.0008714805272990594
-0.003028108241936986
-0.0033415461032608035
-0.002976652673390326
-0.0033415501499081957
-0.0025649797984853423
-0.0006960621608979173
 0.0005319493601818326
 0.000714395063455206
-0.00038263239286889794
-0.002581363429029218
-0.003210576201771051
-0.0025720111820049657
-0.002511197296462972
-0.00179076470707
-0.00047854654294544885
-6.219349788093298e-05
-0.00027972934907039004
-0.0011264759496779908
-0.0037462402010623452
-0.005795270538476338
-0.005215182354158035
-0.004078394696376844
-0.0017931219904012141
 0.0014745615510971949
 0.0023166259582215604
 0.0012453283094944756
-0.0003826688126954969
-0.002815307190646932
-0.004335706935612985
-0.0038070783664887337
-0.0022352230529760486
-0.0003288802407020175
 0.001331859862691298
 0.0014955929786213962
 0.0004102608893868376
-0.000616594364399925
-0.0014259157903209196
-0.001344050244017736
-0.000611922287535191
-0.0007546077893514913
-0.0015428775545112822
-0.001853976342417199
-0.0009557741732629521
 0.0007915116465930794
 0.0018815178360160612
 0.0011072825113637164
-0.0007125186310949772
-0.0016411328013294646
-0.0007242180448319285
 0.0019048984535766783
 0.004070878415238843
 0.003829951829870268
 0.0022931785709788544
 0.000948209332356148
 0.00022777269631577002
 0.0006511429616340159
 0.0016195173333255902
 0.0016241934568377164
 0.0012592959803198606
 0.0017528384481754339
 0.002920034060389473
 0.0035305301991406385
 0.0027633120947420237
 0.0018838184662836738
 0.0015376335771090932
 0.0014487467639047735
 0.0019259157178349862
 0.0023796939375860665
 0.00254810520035198
 0.0025902064985506984
 0.001495518115644509
 0.00061836356060406
 0.002190218874116759
 0.004431049185152081
 0.005298843399873479
 0.004728107462579428
 0.0036310800062553245
 0.0029387122512298663
 0.0036497885469512215
 0.00474213380979209
 0.003188987036975288
 0.0010276811755015325
-0.00011378867576286589
-0.0009207710282659737
 0.0007610207358885596
 0.003123482864655261
 0.0032357563653913207
 0.002625256179992763
 0.0019188539844598451
 0.0012428597433597754
 0.0016171094669018976
 0.0015095100663542749
 0.0006113038505526358
 2.8872546169012026e-05
-0.0011032410114237556
-0.00201314259431494
-0.0010892106175636879
 0.0007071957440684951
 0.0015703118119540643
 0.001902458213973779
 0.0017317038311425448
 0.0012124275090425324
 0.0018299408680474138
 0.0027608900650524237
 0.0040427002747441265
 0.004744420276793809
 0.0038391968407384264
 0.003787735202220699
 0.003252085366195298
 0.001857995585796468
 0.0018229074612040874
 0.001897755787253541
 0.0017433749183477093
 0.0014299370570238917
 0.0009574422032821023
 0.0010533421900927736
 0.0016942462832767735
 0.0021643980169532423
 0.0014205706467337459
 0.00018085971191705852
-0.0009512538456757091
-0.0015383632968951483
-0.0005325637505169817
 0.0012287565098465236
 0.002606468729672587
 0.002976040306378866
 0.001972575786771222
 0.0001434183506408837
-0.001727842407011848
-0.001999176946813272
-0.0004109481193751985
 0.0008053680346149783
 0.0009036070948435504
 0.0005293533246540499
-0.00026593366075949865
-0.0009583014157849429
-0.00040628211248157353
 0.0010766884111504949
 0.0019374654056181495
 0.0021947614582646935
 0.0024380230704037636
 0.0014298804039603041
-0.0001162491486027678
 0.00020186281290947294
 0.0016053048403325415
 0.003027459455098927
 0.0037291794571486236
 0.001738625955182399
-0.0012086085747095437
-0.0019150107702424618
-0.001299836484655481
 0.00022523736049898102
 0.0028122505373851803
 0.0035373612736139814
 0.0010977056754088027
-0.0019734997456324344
-0.003870490310882213
-0.0037933029114148448
-0.0016156275826631067
-0.00017943852738926125
-0.0004998936089668227
-0.0016858058551715571
-0.0036412732558690902
-0.005189741881850077
-0.004443579484860072
-0.0016413715535260331
 6.615001822551925e-05
-0.00043909186336701933
-0.0029419024438558233
-0.005493833566120751
-0.005758150885668431
-0.004768724853215639
-0.0037816378941807754
-0.003631939218758151
-0.002918523849618909
-0.0019735402121064255
-0.0017068878657882508
-0.0008811969725892599
-0.0014004732946892723
-0.002988706168774738
-0.004371100582084023
-0.005730104261214189
-0.005762853312388655
-0.004230762246980435
-0.002628498979034888
-0.0021068876301643807
-0.001683517364846135
-0.0015689047906921882
-0.0025653520900460886
-0.0034705755261014715
-0.0031056820962310078
-0.0014309075523302184
 0.000414619351078116
 0.002290554208919271
 0.0030063086514764276
 0.001443805584987981
-0.00013974914226166923
-0.001257828259346963
-0.001931483427029132
-0.0002239618552775796
 0.0018601505367576987
 0.002299894316001319
 0.0028004540041106363
 0.002571222785831634
 0.0006648759269102106
-0.0007970469826080323
-0.00044618799324504244
 0.000435640661983816
 0.00121455008682457
 0.0019162700888742806
 0.0007326969160874469
-0.0006988180389979615
-0.0003409418293812416
-0.00010235836407797294
 0.00031633375440444367
 0.0008449623235286946
 0.0004566741128317203
 0.0006835622110454159
 0.0014905405169011177
 0.002021508159443283
 0.002517389700716771
 0.0026530539356319355
 0.0022811392388603358
 0.0016472483192826737
 0.0008028407920929875
 0.0004706903434258808
 0.0012753295758636818
 0.002079968808301469
 0.0024986609267838855
 0.003202720002251483
 0.004014376454943014
 0.004416695059500056
 0.003932504838668721
 0.002844833676016262
 0.0010577795614083313
-0.0008555845177668081
-0.000869620981597985
-9.772877701096083e-05
 0.0005080892149043753
 0.0017407788828199267
 0.0018624086772276172
 0.00039346854745561655
-0.0009164145898984122
-0.0009608590081624235
-0.000429891365620258
-0.00028720991045137756
-0.0007971299388797315
-0.002558454245890643
-0.004081193064274596
-0.0042262176395087975
-0.002895286888040971
-0.0007948009820803181
-0.0007784294914786327
-0.0021023470693401353
-0.0027993929712014087
-0.00346603091862982
-0.0036227508609535802
-0.0031525991272771114
-0.002825130872093226
-0.002495323543491426
-0.0027643190098749354
-0.003566623215542214
-0.0036976133502689412
-0.0035432365280105016
-0.003819249214647727
-0.0037748088430311216
-0.002710532461205173
-0.0019222667426927742
-0.0022450608976882225
-0.0027339292653553865
-0.002539788194992454
-0.0019830907448532553
-0.0024930107732816092
-0.0029070287915756166
-0.0018591259236750562
-0.00040656335447583625
 0.000938401837499464
 0.001017928310384747
 6.124525913532575e-05
-0.00025687074902432105
-6.974689891511843e-05
-0.0003808456868210075
-0.0012463048747718974
-0.0012252552373343967
-0.0003831908302100312
 0.0005945398351532016
 0.0018506202372478714
 0.0022061573734466905
 0.0009851590259732923
-0.0005867003341867988
-0.0015270098715108454
-0.001894246421446616
-0.0014007039535910426
-0.0005750130603920378
-0.0007855316913277649
-0.0017094677147264231
-0.002469668598871308
-0.0025141130171353054
-0.0016603532429213808
-0.0008954782585880866
-0.00041830930465788785
 0.0004915882315859044
 0.0013149400513669945
 0.0009921458963715324
-0.00024756503844516886
-0.0008791168846049163
-0.0006919930344956998
 0.0001126461979420873
 0.002135942681111655
 0.0037241715085497284
 0.003799019834599196
 0.003038818950454325
 0.001427195342189727
 0.00018046718711930976
 0.00045179768027332756
 0.0018599178545322254
 0.003749887152880854
 0.005099530491691984
 0.004514760113890445
 0.0024329827486257033
 0.00036056167703257813
-0.0013212341337693473
-0.0013025235697497611
 0.00039564170833016055
 0.0021195367940070875
 0.0031744568821613778
 0.002769795157539015
 0.0012189874581401416
-0.00016574602858705767
-0.0001236447303883531
 0.0015955722084527446
 0.002991997015622111
 0.0027557485770893647
 0.0016750946346906354
 0.0007137334366053849
 0.0006763062385951174
 0.0014809454710329045
 0.002334705245246829
 0.0025498979763709656
 0.002196695866942655
 0.0022528316056488334
 0.0029007529190865633
 0.0037311219591213696
 0.003207167490185542
 0.001223631208473061
-0.0004979288504333573
-0.0016651285092948026
-0.0014616311452602254
 0.0001991089581331179
 0.0020189060539444054
 0.002589637944591064
 0.001770960224998397
 0.0009218745509729093
 0.0002575756769623988
 0.0001336027624894015
 0.00047042731134491755
 0.0003277418095286311
-0.00046988424930281825
-0.0009985168650744752
-0.0007178300782488267
-0.00022428761039323952
 0.0003090191055668545
-0.0005611182292198647
-0.0024721432349770894
-0.003524728296360885
-0.0037001608260279206
-0.0024277069100078763
-0.0007926966142115799
-7.460309823650868e-05
 0.00014760685314137156
-0.0002289859904660435
-0.0008979630113123832
-0.0010897690549048211
-0.0006640597161686468
-0.0006336537850595014
-0.0005751789729354223
 0.00028793709495014697
 0.0005101470463280133
 0.0006247596204819739
 0.0009919921237703522
 0.00010548127505825844
-0.0009915461812658455
-0.0016839139362912758
-0.0018499901722866807
-6.060103090824165e-05
 0.0024328492092615117
 0.0032047414138485497
 0.0024047762815991858
 0.0006785380758569381
-0.0013868657754824432
-0.002525996553328941
-0.003522443852682855
-0.0036160088127230178
-0.0016441719447474884
-0.0005939300034290135
-0.000696851257140807
-0.00013547566016579304
-0.00010039158222083233
-0.0009564944765000638
-0.0004980381099131403
 0.0007790939529427332
 0.0010363900055892633
 0.0015767139418030734
 0.0022503650628378363
 0.002224633231917114
 0.002311176925056127
 0.002648001473911657
 0.0017848813593786955
 0.00032061937644251026
 0.0005311339607308313
-0.00040917557659321535
-0.0021915515443653166
-0.0007226154612407221
 0.0017100188700633345
 0.0038619643912180257
 0.006381144438984798
 0.006479383499213384
 0.003291224407276569
 0.00018025473813083892
-0.0007015779637454256
-0.0001986792022181938
 0.002212903468324659
 0.004416308604673402
 0.0033169420749313977
 0.0012749289577711348
-0.00035774631125465306
-0.0005776212358620247
 0.0009801996371432004
 0.0022994350215214815
 0.0030900398134518087
 0.0018783977596500412
-0.0009378486588388635
-0.0030523730519543824
-0.0031646505993378204
-0.0008209010579143944
 0.0011696483974044242
 0.0014924385057524803
 0.0009170244216226142
-0.0006548349385374908
-0.001988108810070638
-0.0016278935270360034
-0.001440769676926787
-0.0018945519433252733
-0.0009214994247978836
-0.0006454907848080504
-0.0019319831879829608
-0.0017425202644558435
 0.00017317884148980445
 0.0009170021650619087
 0.00022229533661854983
-0.00045369890448151984
-0.001985794016537118
-0.002790437295622311
-0.0020606484125576946
-0.001307468795313932
 0.0006596899258257682
 0.002675969188741606
 0.0030081155907613066
 0.0024911783420792227
 0.000594187776829444
-0.0023998282214207217
-0.004724869222148265
-0.004488624830262911
-0.0018665255521080337
 0.0009356823792260049
 0.0034618796472465074
 0.004586971937938153
 0.0034876054081961344
 0.0017145857340956638
 0.0003719555688908721
-0.0005496413810898854
-0.0006432063411300204
 0.0005520581520989526
 0.001592943799745783
 0.0024069393258552008
 0.0030548606392929445
 0.0025309061703571167
 0.0019110496912869146
 0.001815145657828851
 0.0021168841054157173
 0.00290514982392813
 0.003532019476604656
 0.00338465582795254
 0.0035998485590766904
 0.003946029401603851
 0.003445465666847128
 0.003761238554941454
 0.0035624152910953
 0.0020256420322038726
 0.0010268556594320438
 0.0010268536361083408
 0.002278255891367195
 0.0029495679389840435
 0.00255660158145124
 0.0013239078668882825
-0.001129782171824384
-0.0020654135623125874
-0.0010689703096060793
-0.000741502054422194
-0.0013332896524774623
-0.0017964282125475933
-0.002175360129572923
-0.00129119240092615
 0.0008046153581986737
 0.0013800253956811614
 0.0006478933925512242
-0.000975425582802919
-0.003181173839216983
-0.002858383730868927
-0.0008701733489680091
-0.00021055666844072007
 0.0002759685791611233
-3.279113532687894e-05
-0.0015227829258600556
-0.0018642896681988208
-0.001454953843388035
-0.00048657947169646054
-0.0002737258139902249
-0.001983590505807084
-0.002610464205131016
-0.002109904517021713
-0.0017450110871512353
 0.00028998076310790544
 0.001950720866501221
 0.0012630312583115921
 0.0011320411235848787
 0.0011086483660820573
-0.0002714069738093128
-0.002140328658044144
-0.0035695045397116654
-0.0034361793782144018
-0.002404650024239216
-0.0014479710196372009
-0.0010690431492592772
-0.001216406797911379
-0.0010737253427424848
-0.0004936371584241817
-0.0002620709133746707
-0.001483069260848055
-0.0035742029197844694
-0.004816252928019071
-0.0038853037310140753
-0.002018725166844551
-0.0007603056913319667
 0.00031098791074769816
 8.877391272242574e-05
-0.001894762368990055
-0.004809249871031235
-0.006884010016042261
-0.006259479436783649
-0.0039204080421960524
-0.0013170213513844509
-0.00034630790627497576
-0.0015649671803304593
-0.0030151947227591708
-0.003464298842321828
-0.003019876916242392
-0.0020538416179687186
-0.0009310884006950015
-0.0006387062467797799
-0.00031591613843172384
 0.0003600740560209398
-0.00020130558760146633
-0.0008796389021194367
-0.001043376064696927
-0.0013778655867819484
-0.0014059364911205852
-0.00185504061068327
-0.002444489135320596
-0.002009423502912805
-0.0015696797236691845
-0.001752129473589964
-0.002182521005809332
-0.0027789867507004157
-0.003417555817113907
-0.003504103556900326
-0.0028351305827013784
-0.0019135376793680409
-0.001200122310228785
-0.0014878303639555834
-0.0027626274000409345
-0.003777787286738138
-0.003412893856867688
-0.0015276027053548746
 0.0006828196512475987
 0.00167692383053622
 0.001735398642660299
 0.0005214175154406309
-0.0017334512827495707
-0.002828139665655746
-0.0028912966712630606
-0.0009217988767054458
 0.0015880248773896821
 0.002016073289543757
 0.0016815837674587358
-0.0004306015522388684
-0.0026106200010558994
-0.002535771675006432
-0.0012492833184789137
 0.0010032423596459672
 0.0027832752073527617
 0.0032861739688799935
 0.0027645585733620803
 0.0013774860132169664
 0.00012607971131071982
-0.000601374144983402
-0.0011089550999938413
-0.0010668538017951368
-0.0010668558251188398
-0.0011955068864276663
-0.001020078403408009
-0.001377958659672135
-0.0010949327994285718
-0.00011486306064743823
 0.00037867940720814897
 0.0006827569282129159
 0.00028745149726221164
-0.0005920421311961382
-0.0014715357596544881
-0.002449270471665113
-0.0028703057102128504
-0.0019229829992824798
-0.00012657663765029692
 0.0019224496531163177
 0.0038989646679276624
 0.0050076834446939195
 0.005024054935295591
 0.003094317342195077
 0.00029444443763154693
-0.001483253383304739
-0.002472683462404923
-0.0021335198401314787
-0.0007207215190367516
 0.0008838808223266964
 0.002247558601645286
 0.0026007566644262042
 0.0015879358511469016
-0.00036987062296856
-0.0022294360135317465
-0.0033592104977066134
-0.0036983781666274362
-0.0029451985493837013
-0.0016516929726024532
-0.0011137081098065577
-0.0010224862698317155
-0.0012751082222898363
-0.0014879659266434642
-0.0009219121828326349
-0.00027399086939489115
 0.00041135561872941706
 0.001197282263823915
 0.002088467212724418
 0.002544584505893427
 0.001980865788853106
 0.0007013906059319119
-0.0008096528453624824
-0.0012166536434027458
-0.0005897839907262198
 0.00048150961135345893
 0.0025001279476872112
 0.0036275593117967575
 0.0033632419922490914
 0.003749187082880745
 0.0030661756215269453
 0.0015060116284563996
 0.0018872785722522517
 0.002656831703421375
 0.0024369567788140034
 0.0018919506491169719
 0.0013867087675244472
 0.001110696080887208
 0.0014779285841755724
 0.0031550422014942764
 0.004754966396021923
 0.004783033253713154
 0.004270774151866871
 0.003346838128468199
 0.0019527483480693691
 0.0017983674791635373
 0.0018568422912876165
 0.0011551182425905138
 0.001583166654744575
 0.002170272059316636
 0.0018544951245749036
 0.0020346017544303624
 0.0026076727184949355
 0.003033382057231096
 0.0028719839680715203
 0.0018919101826429807
 0.0008393251212591851
 0.0006521972245026042
 0.001657996770880757
 0.0021679127526617187
 0.001538699979919872
 0.0011223428882079778
 0.0011504097458992085
 0.001199528264351643
 0.0009188374308785746
 0.0009796513164205684
 0.0012743725437537046
 0.0014708526875345518
 0.0022380667452857606
 0.0018895427826932654
 0.00027324102759286595
-0.0006062526008654839
-0.0004588929988607743
 0.0007129807601890803
 0.0022941923673734377
 0.002754987807378262
 0.0013655761738152472
-0.0009009879914645136
-0.002603835463027629
-0.0024073553192467817
-0.0006577304259728356
 0.0013351581027638976
 0.003629787102411186
 0.004708097924744595
 0.0032695657494054425
 0.0010217141714689848
-0.0004706166924821342
-0.0011723407411792092
-0.00044489093153250725
 0.0018029565997565583
 0.003461357629731973
 0.0040788709887368685
 0.004004018616039995
 0.0029888587293427915
 0.002490634068003983
 0.002944412287755091
 0.003519822325237565
 0.003954887957645356
 0.0037326739596200836
 0.002857858477997563
 0.0018964972799123125
 0.001391255398319774
 0.0011830758408019615
 0.0010216777516423858
 0.001812282543572713
 0.003145552368458454
 0.0030169013071496276
 0.0017023400229597696
 0.0001936356450832899
-0.0016051138366141998
-0.002217953095430672
-0.0015279284604705345
-0.0010952019014806302
-0.0011536807602521154
-0.0010297118924265242
 7.900688433973291e-05
 0.0004883427091505188
 0.00017724392124461585
 0.00064505658150317
 0.00023337763662707733
 6.0284180377942476e-05
 0.001026319478651616
 0.001218121475596648
 0.0013374121965864239
 0.0015900301023971386
 0.0012836094613270649
 0.0004228284202120042
-0.001015703755127148
-0.0019068927506750571
-0.0009127885713864498
 0.0011736628940667293
 0.0018870782632059713
 0.0010262972220909106
 0.0001514817404684038
-0.0007724542829302683
-0.001705746600000585
-0.001455467767607771
 0.0004649094851737201
 0.002724452383552331
 0.003629671772960308
 0.0028226894204572
 0.0009561068096402697
-0.0004262876036689872
-0.0010835692574257677
-0.0012613408605107318
 0.0004555370049124652
 0.002958343538753863
 0.004102148416788784
 0.0037161992795097243
 0.0026706314383796587
 0.0020835219871602334
 0.0021466749461201418
 0.0029864002798265926
 0.003255391699562696
 0.0029442929116568067
 0.0029138829339002553
 0.001358397087665525
 0.0001350596667742121
 0.0009186472384507954
 0.0012531327138884246
 0.001105769065236309
 0.0014636452748530426
 0.0025209044364252475
 0.004172288246146932
 0.005126628177331047
 0.004244795475454782
 0.001922093548145154
-0.00023921231332858783
-0.0012239642455929428
-0.0013432590132301248
-0.0009830437301954903
 0.0007268169149739906
 0.002864727995621222
 0.003802694412879948
 0.004085720273123511
 0.002076454183814011
-0.0013736811309288666
-0.0025759668910589756
-0.002211073461188512
-0.0010438778489744727
-3.807830259630607e-05
-0.0005924407259649822
-0.0012637568202292365
-0.0014228158359709114
-0.0011444681225631498
-0.0007772356192747853
-0.0008895131666582234
-0.00042637865323548463
 0.00018411748551566687
-0.0003304806897485163
-0.0021736725663863282
-0.004620345384845251
-0.0062155954791844464
-0.0066576823784933875
-0.0051583383409359446
-0.0027561119640647502
-0.001701191875910446
-0.0012146666283085888
-0.0018508966213041655
-0.003927995839733106
-0.005064787544161703
-0.004442596038320978
-0.0025923909880768425
-0.0006182150466834124
-0.0004451256370816836
-0.001811146536465566
-0.0036449821194317333
-0.005670621722666622
-0.0060799615941248
-0.005202811085731757
-0.004327999650756628
-0.002157341542258648
-5.2177489462179594e-05
-2.6449705188835715e-05
-0.00070478301970682
-0.0019632065418668104
-0.003916334869146443
-0.004182991262112037
-0.0021152523840021337
 0.00039223229667507964
 0.0019523922430982193
 0.0023874578755060105
 0.001643630505286528
-0.00012471102197811335
-0.0016942313087203037
-0.0021129274738501264
-0.0013597478566063775
-0.00043347680643721076
-0.00012939928543244383
 6.240271151258803e-05
-0.00044283917007995055
-0.0015258321858965807
-0.0014346103459217524
-0.000473253194483908
-7.561273676268132e-05
-0.0005176996360716085
-0.0007071666062461318
 0.00027056405911708714
 0.001407351716898278
 0.0015430159518134562
 0.00047405737650428603
-0.001514157052044024
-0.002945672007129446
-0.002473181200035049
-0.0001341098054474521
 0.002123094019513244
 0.0025698550190106084
 0.001819010428537382
 0.00039685176712361825
-0.00032592394233468824
 0.0006892318977151229
 0.0014774976162275355
 0.0010190372029932199
 0.0008108576454754074
 0.0008155337689875336
 0.0002097117304248053
-0.0005341156397946772
-0.0019352226404472511
-0.0027001016714279513
-0.0016358252896020165
-0.0003119117583879061
 0.0005137791348110848
 0.0002564790355171348
-0.0008054623195383054
-0.0015586459834294325
-0.0014978320978874388
-0.0005013888451809306
 0.0009067313290779672
 0.0019920593716651336
 0.0020645686242966726
 0.000707904018584421
-0.0016428667897401411
-0.0033059500131987773
-0.00261592537823864
-0.00017627382668085334
 0.002272734018548578
 0.003769738982688106
 0.0036457660682151227
 0.001477442986487637
-0.002010117502941819
-0.003752729222609441
-0.002863883347126839
-0.0017645208640322263
-0.000499084168265912
 0.0007382836464854686
 8.334106614661663e-05
-0.0014534321927448246
-0.0014768249502476322
-0.0004452955962724603
 0.0003991078842698337
 0.00020496276725949503
-0.000541203676377916
-0.0002488215224627083
 0.0001230891276614854
 0.000513712365128996
 0.0005979169848500943
-0.00037981772716053075
-0.0008967549758426285
-0.0009809636422111329
-0.0012873842832812205
-0.0012686737192616204
 0.0002400266119674671
 0.0016481467862263788
 0.0015990242211265382
 0.0008832657319219755
-0.0007704611978650161
-0.0013973348971889343
-0.0006160863989302656
 0.00025872503604486286
 0.0011662834988707405
 0.0017954922249651811
 0.002284356545984953
 0.0018586431606013865
 0.0009674541650534774
 0.000962773994893959
 0.0010797256424658341
 0.0004575300899777174
 0.0003125055147435163
 0.0010095473699573837
 0.001072700328917306
 0.000841130037220375
 0.000609559745523458
 0.00031249539812501503
 0.00015577545580126861
-0.00019040943337331195
-8.515315289099601e-05
-0.0001342757179908366
-0.000726063316046105
-0.0014652125394297583
-0.002749365869186768
-0.0022581624747490953
 0.0004855686211371474
 0.0023451299650529556
 0.0029158618556996
 0.0023848901665100425
 0.0004060320316333771
-0.001397395596899928
-0.0019564361671044334
-0.001965794484099781
-0.0007050359351692959
 0.0015194208619406652
 0.0021392732943634613
 0.0023497878786517684
 0.0026000667110445824
 0.0010211901306307614
-0.0007682030573950976
-0.0016757655668683813
-0.002272231311759465
-0.0026722148895459985
-0.002080431338138136
-0.00030273756384924244
 0.00033816652933475744
-0.0009062225523177592
-0.0023190249200598784
-0.002632462781383696
-0.0016687665565279508
-0.00034953117214966967
-0.00030041265369722125
-0.001722571315110999
-0.0024570423916588507
-0.0016734548199822674
-0.0005226327216936028
 0.0005065575588636684
 0.000740462877331094
 2.002624129071595e-05
-0.0011682250783319331
-0.0028383255220442855
-0.003072234887159117
-0.0015120749407359912
-0.0007963204981788347
-0.0005998403543979736
-0.00037061318276636335
-0.000637269575731958
-0.001039592226936406
-0.0021997746655440936
-0.0035026405826443924
-0.003023132555296279
-0.0009062731354102516
 0.0010562074388936332
 0.002485379273913735
 0.002852611777202113
 0.0010983046904449317
-0.0011425296672377822
-0.002379901528636569
-0.001996295511422816
-0.00046186537259670923
 0.0007661461484830268
 0.0010515110821445184
 5.9741929626419554e-05
-0.00019288002283170125
 0.0005369088602329153
-0.0004478430720314258
-0.0023775806651319537
-0.003273447807515692
-0.0030769676637348448
-0.002595120562968803
-0.002005676084978855
-0.00134605940445158
-0.0016548191189395683
-0.002279353744845572
-0.002581096239079844
-0.002588115482657277
-0.0013273569337267782
-0.0003870514430501376
-0.0013811596689861372
-0.002616192456967009
-0.003219675422111823
-0.00343019405304755
-0.0021647573572812218
-0.00038238543615651266
 0.0003637769608334923
 0.0008690147957786248
 0.0005649332281264657
-0.00017187692183928682
-0.00014381006414805608
-8.767432544189158e-05
-0.0006794619234971461
-0.0016946218101943494
-0.0015308886942642652
 0.0004666779813082833
 0.0027636460543735003
 0.003998674795706966
 0.0041951549394878135
 0.0031987076401338854
 0.0012268667255109639
-0.00030522838654463424
-0.00044323574152510536
 0.0013625269137787221
 0.0031027955133810237
 0.0036594929635202222
 0.0038817029148981025
 0.0025414118231112254
 0.0009204319211749828
 0.00046664965477649645
-0.00017893663189072484
-0.0011309415363043307
-0.0018279874381655903
-0.002127390858981934
-0.0012198323961560426
 0.0008736362895508665
 0.0027753009549890545
 0.0035425150127402494
 0.0022443272424757937
 0.0005040545962260862
-0.0003426920043815146
-0.00060467025051128
 0.0005367955541057401
 0.0015917156422600443
 0.0026021933354740123
 0.003886342618583616
 0.003956512797797268
 0.0028852151490701833
 0.0014934644420892679
 0.0006046145199592595
-0.0005134645971260343
-0.0007426958154050367
 6.428249045065115e-05
 0.0005671812519778829
 0.0016501702211471347
 0.0023635855902863767
 0.002190492134037228
 0.001133228925817617
-0.0009158014115963897
-0.0019356394451293946
-0.0013532121873931907
-9.24536384627056e-05
 0.0015659473915127092
 0.0015519109276815601
-0.00021175245274726584
-0.0019239562179820535
-0.004220928337694649
-0.004517992685093078
-0.0019496920955501679
 0.0010934403978287294
 0.004021958293729977
 0.004064059591928695
 0.0012103879987531985
-0.0009251880551235242
-0.0015193147265966933
-0.001072553727099343
 0.00022095184968191905
 0.0012524812036571048
 0.0016945640563186398
 0.002174072083666753
 0.002054777316029585
 0.001638420224317677
 0.0010021902313221004
-0.0006608929921365497
-0.0027052451827147134
-0.004141438284635951
-0.003968348875034222
-0.0032713070198203548
-0.0033204295849201815
-0.0028268871170645943
-0.002300597621358258
-0.0024105360953237953
-0.002539187156632608
-0.0031309747546878625
-0.003343832459041504
-0.0024760382443201057
-0.0014187790827479008
-0.0007077027870265595
-0.001009445281260818
-0.0026491377705403496
-0.0038046420623122357
-0.0034374095590238435
-0.00245733982024271
-0.0007685308358344606
 8.288986496156336e-05
 0.00012733023657818254
 0.0003518792613739635
-0.0012597443468906205
-0.002915810350095527
-0.0032830469000312973
-0.003292405217026645
-0.0017720095187079982
 0.00010158626571525609
 0.0002232160601229327
-0.0007358060645443892
-0.0025626244272568127
-0.004854918400133593
-0.004560197172800484
-0.002476084780765192
-0.0012644467736108445
 0.00010157007912565963
 0.0004430727748170049
-0.0016340264436119217
-0.0030210990037570357
-0.0023895512042446804
-0.001507722549015822
-0.0005603998380854375
-7.153551706567951e-05
-0.0002820541480013927
-0.00047386019159383064
-0.0008200450807683834
-0.0008738457927040533
-0.0005978371527142201
-0.00020487484182882265
-4.581987273455379e-05
-1.7753015043309173e-05
 0.00046643315914061956
 0.00089214249787678
 0.0006933192340306121
-0.00044815061723378624
-0.0014679886507668188
-0.0016153522994189345
-0.0017790894619964248
-0.0018211948068425216
-0.0012925662377182706
-0.00045050183059390514
 0.0006020791841424844
 0.0011470812671921238
 0.00012490416024117657
-0.0010095484707695057
-0.0011803028536007398
-0.0021790892263725686
-0.002773215897845724
-0.002263299916064762
-0.002929937863493187
-0.002628199415906335
-0.0004902883352590898
 0.0010277682896416424
 0.0015657531524375379
-1.4280608867378586e-06
-0.002932289076853292
-0.003931075449625121
-0.0029837527386947366
-0.0017908273188836782
-0.0005300687699531792
 0.00047105262958915817
 0.0003611141556236208
 6.171073480727707e-05
 5.235241781194333e-05
-0.000796733256213572
-0.0017580944542988225
-0.002324152244757058
-0.00264694639975252
-0.0016621985141355433
 0.00026285688548174924
 0.0019048844015317895
 0.002622977917506847
 0.0015025597270036523
-0.0004084652787535864
-0.0011405972818835375
-0.0013090125912968431
-0.0008107919766054267
 0.0010253786331312353
 0.0030861002909873952
 0.004353876060171624
 0.00435855218368375
 0.0035071274362403343
 0.0023563012913042636
 0.0011189294299054908
-0.0007289405935681503
-0.0024715523132357586
-0.0024879278504848362
-0.0013581574129573754
 0.0005575416929882726
 0.0018697598571128238
 0.0016335114185800775
 0.001088505288883046
 0.0001996553667530515
-0.00027283948698872407
-0.00013249710523775826
-2.49017513375277e-05
 0.0006557665899509513
 0.0004265353716719489
-0.0015523227632047165
-0.0024575461992600856
-0.001985055392165702
-0.0011172611774443036
 0.0008592538373670411
 0.0018135937685511555
 0.0007259226058986962
-0.0007313221567837452
-0.00214178545110795
-0.002794388958028915
-0.0018470662470985305
-0.0007149567361531689
-0.0003173162784319422
 0.0010580568679762065
 0.002077890854861833
 0.0015866834137767544
 0.001125883927124538
 0.00014113199486018302
-0.0008202292032250674
-0.0011617359455638188
-0.001767557984126547
-0.0017301348327636579
-0.0009208174534900554
-0.0006307743729927623
-0.00012085839121180053
 0.000356310562718426
 4.2872701394608415e-05
 0.00019491045023513343
-0.00025887181616336685
-0.0017090993585920644
-0.002022537219915882
-0.0015289947520602948
-0.0008834125120404795
 0.00042412750524825626
 0.0010486580845068677
 0.0009691275649741787
 0.0012661878657252157
 0.0005176823486699039
-0.0008530166975498216
-0.0010705525487392786
-0.0009208538733166544
-0.0009746545852523103
-0.0008272949832476006
-0.0005138611685711891
 3.072033463516477e-06
-0.00013493532151695464
-0.0005115281651243697
-0.0005536335099704803
-0.001388684743488508
-0.0017746338807675816
-0.0015383894888822275
-0.0007314111830265257
 0.0007328467532622396
 0.00014573730204280044
-0.0012577087720276742
-0.001140757124455813
-0.001253034671839251
-0.0014284672015063005
-0.00023086363485939898
-0.00012092920754128156
-0.0005559988865964788
 0.00013168667494574404
-0.0002566015357512441
 0.00031179128147751367
 0.0012170106708854905
 0.0004708442272480795
 0.00029775077099894465
-0.00037824347010111115
-0.0003712282731710842
 0.0010883515162818658
 0.0016052847183165575
 0.0017479661734854657
 0.0015538210564751131
 0.0002415988457031698
-0.0011618472283673048
-0.0015010148972881415
-0.0010589320446266065
 0.00030006758785615373
 0.00221810576721973
 0.003757214052881666
 0.00441916980682687
 0.0037618881530700893
 0.002753745486626616
 0.0017456028201831425
 0.0008146495765307543
 6.380498605751406e-05
-0.00016074808538567298
 0.0007585057445297777
 0.0018227821263557265
 0.0023443934752262474
 0.0015163594619619358
-0.00022859133112360097
-0.0006730173038504289
 1.466825769178004e-05
 0.0003140676318607316
 0.00033043912246240315
 0.00010588605101922999
-0.0007712685040212053
-0.0014051594235988812
-0.001386448859579295
-0.001136170027186481
-0.0010005057922713168
-0.001678839106789301
-0.0030822851808597757
-0.0033489415738253703
-0.0018425803160141835
-0.00048124161011350863
-0.00035493366887000277
-0.0009888245884476649
-0.0018706572903239155
-0.002289353455453738
-0.0015010877369413395
-0.0005490868791751397
 0.00023683976591937217
 0.0013829837173722076
 0.0013970161345559645
 0.0006391543238290082
 0.0005455893637888454
 0.00033507073285314604
-0.0003362453614111083
-0.0006567004429886558
-0.0006099209979541359
-0.0003689984592329526
 0.00012688308204053533
 0.0006461553574931417
 0.0013010938911846015
 0.0015911369716819224
 0.001368922973656636
 0.0010110427173925102
 0.0009619201522926696
 0.001340848022670607
 0.0014975639183469613
 0.0017688944115009653
 0.0013923015678935502
 0.0006250834634949493
 0.00025784691355917877
-0.0003409579047498196
 0.0004753766947775129
 0.0021735419728574207
 0.0030927958027728714
 0.0035863382706284586
 0.002468259153543151
 9.890967994669042e-06
-0.0010637457541503026
-0.00048131849641409874
 0.0009314798246806283
 0.003053017391402471
 0.003766432760541727
 0.0028050715624564904
 0.001605124875744282
 0.00014788011306184068
-0.00027549419890379734
 0.00031395027908615036
 0.00039113767855351866
 0.00021336607546855457
 0.00020634683189112157
 0.0001806150009703994
-0.00014217915402506276
-0.0008041389546176586
-0.0008111581981950916
-0.0005819310265634814
-0.0009140814752305881
-0.0002357522073600099
 0.0014694302909736279
 0.003125492247531142
 0.0037500228267897534
 0.0025453979932417298
 0.0010998485976488476
-5.799476754093924e-05
-0.0013889295656561718
-0.001545649507979932
-0.0004205572172883004
 0.0008425404050601132
 0.0023980222046474237
 0.002627249376279034
 0.0007209025173576106
-0.00020537257945896226
 0.0002296930529488428
 0.0011770157638792272
 0.0024494696798992716
 0.0021968477274411508
 0.0011255500787140799
 0.0009501175490470304
 0.001263551363723442
 0.002028426348056736
 0.0022763661070316493
 0.0012074075317224792
 0.001380496941324208
 0.0030856794396578457
 0.004325386327827141
 0.004744078446309571
 0.003373379400089846
 0.0010647119132876776
 0.00012206330254571629
 0.0003091871526549328
 0.0006483507749283773
 0.0005524467414703138
-0.0002779263452119124
-0.0007761510065507071
-0.001061519986859591
-0.0010638610836011947
-3.233172962602282e-05
 0.0005173485002594458
 0.0014553149175181718
 0.002238902489194755
 0.001293914805034893
 0.0010412928525767862
 0.001801489690074251
 0.0026248415098553274
 0.002910206443516805
 0.002131292972028645
 0.0005968587865551322
-0.00082763894827656
-0.0008206237513465192
 0.0009079494811662231
 0.0025148908959475996
 0.002194435814370052
 0.0015652230416282054
 0.001137170582826738
 0.00011733254929371939
-0.000514219296866042
-0.0006031061100703755
 0.00045181397808392865
 0.0025733515448057853
 0.0035089788886466106
 0.0026365024804419906
 0.0002459674240129356
-0.0020276139615205413
-0.0016369907240530585
-0.0006662772789435695
-0.0009984277276106762
-0.001363325204128546
-0.0021656294097958106
-0.0031386859749706203
-0.0028884071425778063
-0.002836949550707457
-0.0034147027082552517
-0.0031667629492803523
-0.0028018695194098886
-0.00221710318825577
-0.0014802970849373959
-0.001545793163962611
-0.0021445979822716094
-0.002305996071431199
-0.0015504773807695355
-0.001117750821779645
-0.0008627938425510157
-0.00018914272151626665
 0.0007581799894141317
 0.0015464457079265304
 0.00200490207451344
 0.002142905382846505
 0.0012914806354030889
 0.0002552690879446956
-0.001358693593737803
-0.0026685767310918457
-0.002165677969564614
-0.0009189538611415748
 0.0009359293359383763
 0.002042309039286719
 0.0018832500235450578
 0.0008493775495045652
-0.0014008131018498071
-0.0034545215860996292
-0.003601885234751745
-0.002467436650388455
-0.0007926621064876654
 0.0013475880475774665
 0.0014013847128657303
 3.0685666646004806e-05
-0.000710802630155577
-0.0012043491446585564
-0.00044649138057900606
 0.00042364190756030706
-0.0009727869462564376
-0.0036697406204318633
-0.0051082727957710294
-0.005000677441870813
-0.0037024937182537215
-0.0015552263439348457
-0.0004348122000790433
-8.86313575518688e-05
 0.0004283018444828368
 0.00014059379075605227
-0.0007248653971948377
-0.0015786292180561684
-0.0023762552768876177
-0.0026241990825099093
-0.0023715811766991945
-0.0007342318074849835
 0.002028211875744562
 0.003012959761361525
 0.0015837838796940173
-0.0003249020526453067
-0.0014242685823873252
-0.001043001638591473
 0.00028792911287636724
 0.0007627589933886514
 0.001120635203005385
 0.0013685749619802845
 0.00036511044237264034
 0.00041188988740716026
 0.0014785053426510097
 0.0020936796282379905
 0.0028445201720638247
 0.002294835895530964
 0.0008118613252514895
 0.00020370021327084653
 8.90835924695077e-05
 0.0011416646072058834
 0.0016211726345539967
-0.000137812599039
-0.0017213673262886364
-0.0022687125294035965
-0.0014547170032941648
 0.00048671191024851623
 0.0018316771022238304
 0.0024187825067958635
 0.0016468862555614333
 0.0001241474371774659
 0.0007065746949136975
 0.0019743504640979126
 0.002605898263610268
 0.00454966625057085
 0.006198710986874634
 0.005445527322983493
 0.003342698296957533
 0.0014363514380361098
 0.000687845920980798
 0.0013053592799856933
 0.0022901071656026423
 0.0027625979726970257
 0.0027555787291195927
 0.002243319627273324
 0.0020561917305167154
 0.002547395124954388
 0.001960285673734949
 0.0005264316452316259
-0.0002267520186595151
-0.0005121209989683989
 0.0005919196309620289
 0.00249124522298233
 0.0029029201212110167
 0.0021240066497228427
 0.0010035884592196204
 0.0001053822434179813
 7.263319224352915e-05
 0.0009474446272186576
 0.001637469262178795
 0.001419933410989338
 0.00041646889138169385
-0.0008466327776141119
-0.0011741050794453894
-0.000767108328052532
-0.0004256056323611729
-0.0003835043341624683
-0.0003063169346951
 0.0003626560395038336
 0.0012421456213147913
 0.0016678549600509518
 0.0006994765417119575
-0.0013706054564632392
-0.0024652938393694146
-0.002481669376618506
-0.0016255705289866668
 0.0002924676503768958
 0.0016818752372925044
 0.0020420905203271528
 0.0011251717171822245
-0.0008817552987093746
-0.0023273046943022707
-0.002313272277118486
-0.0009285428370386928
 0.0007275191195188074
 0.001957869714016444
 0.0021379763438719307
 0.0010760349888164905
-0.0005309104726122782
-0.0015975299745035337
-0.0009028271927075671
 0.0002362995384915384
 0.0005894976012724429
 0.00023863456526204696
-0.00041864708849473353
-0.000832665106788727
-0.00114376389469463
-0.0012139381205556743
-0.0015250369084615772
-0.0016045674279942523
-0.0016302992589149884
-0.0014899568771640087
-0.0004116460548306
-0.00023621757181094272
-0.0007835627749258889
-0.0014268099881751956
-0.002362441378663427
-0.002713304414673809
-0.002268882488594373
-0.0012584047953803912
-2.3243932857214267e-06
 0.0002923968340474148
-0.0013870599033366099
-0.0032138782660490334
-0.00334252932735786
-0.0024022238366812193
-0.0015157170346165177
-0.00048184860722343126
 0.0005005602049756169
 0.000533305209502663
 8.654016335792047e-05
-0.00057074149039886
-0.0012350403644093705
-0.0013426397649569932
-0.001127447033832843
-0.0007672317507982085
 0.000629193056371144
 0.001964801954674786
 0.0019133403161570584
 0.0009028585762956703
-0.0008795173914764448
-0.001604632174352652
-0.0014245255444971933
-0.0011555341247610762
-4.915442141273374e-05
 0.0007508066641892241
 0.0009355914408805122
 0.0014735763036764216
 0.002261842022188834
 0.0022057022368352636
 0.0018384656868994792
 0.0012256264280830348
 5.374862238576028e-05
 0.0002408724724949629
 0.0015109873150971065
 0.0026524531197141266
 0.004011452752196887
 0.0048511780859033515
 0.0042570514144301685
 0.002905064955553746
 0.0015437222030056652
 0.0009776644125474299
 0.0011250240145521395
 0.0009098272367805971
 0.0014337776590690465
 0.0022594685522680236
 0.0021144439770338225
 0.0020091836499041144
 0.0006057375758336397
-0.001754389526162567
-0.0016701849064414687
-0.00038603562333186514
 0.0003905347280910021
 0.0008092268465734187
-0.00011003102998942416
-0.0005942212508207589
 0.0003718140474529147
 0.0007834889456816013
 0.00023848281598456977
-0.0009801764580709277
-0.0018549919396934622
-0.0014690468490617808
-0.0004609082292657135
 1.8599798082399865e-05
-0.0012023985493909983
-0.0023649200614166144
-0.0020280955125610844
-0.0022666830245117453
-0.002916947458014782
-0.0025029334863681807
-0.001623443904557223
-0.0009217239025075402
-0.0005053708574430382
-0.0014807664960357347
-0.002865499982762934
-0.002325176046549124
-0.0016000653103203227
-0.0011977467057632668
-6.329812139999058e-05
 0.00024311847302269096
-0.00011710085665934955
-0.0006153255179981582
-0.0016328244781132623
-0.0012889827090040162
 4.896526271755408e-05
 0.0007460071179314215
 0.0015062039554289003
 0.0011787316535976228
-0.0003323117976967854
-0.0012609259679312729
-0.0017451161887626077
-0.0010948558019069632
 0.0013752037040836579
 0.0025002959947753034
 0.0016231414397348681
 0.0014032665151275103
 0.0007179159803557961
 6.531247343483093e-05
 0.0012091173514697517
 0.0029470468776541664
 0.0039037258822561816
 0.003145864071529225
 0.0006336971973687766
-0.0016515795552542595
-0.0011954622620852506
 0.0006921679628454636
 0.002537694866253784
 0.004079142225333635
 0.00391306598933823
 0.0025985047051483856
 0.001400897091854092
 0.0007389372912614961
 0.00030152853878838426
 0.0004769570218080277
 0.0009330743149770365
 0.00021029860551873003
-0.0002458227342976571
 0.00020093826519969327
 0.0008465205052195085
 0.002116635347821652
 0.00268502816505041
 0.0017470577011442778
 0.00023835332326778425
-0.0013241497432206761
-0.0018972247539326276
-0.0013077802759426937
-0.0007113185776990161
-0.00032069534023151935
-6.339928758497537e-05
-0.00046338286537150886
-0.0005499306051579278
-0.0003674849018845544
-0.0013849838619996585
-0.0013849858853233615
-5.171606043762045e-05
 0.0008488251821345272
 0.0015949875791245322
 0.0009961827608155477
-0.00020610299931456133
-0.00019440965554870515
 0.0004511725844711101
 0.001704913913147879
 0.0031621546291829145
 0.0037305474464116584
 0.003066248572401148
 0.0009914884273901359
-0.0012703975910537957
-0.0015674619384522387
 0.00015643314722468826
 0.0029469457114691816
 0.005339815794668745
 0.004759723563703036
 0.0017727247857066003
-0.0006412010049015732
-0.0021522444561959536
-0.002613043942848184
-0.001277435044544542
-0.0003722156551365652
-0.0007792164531768286
-0.000552328354963133
-5.6446813689631226e-05
-0.00013129918638650484
-0.0004634496350535977
-0.000547658301422102
-0.0002552761475068943
-0.00039328350248736543
-0.0005944458397514202
-0.0007184187542244314
-0.0012447122965781737
-0.002075085383260386
-0.0033405261256740926
-0.004287852883251869
-0.0037288163596947838
-0.0019791914664208238
-0.0009125760111769743
-0.0008470839787991513
-0.0012704582907647893
-0.002287957250879921
-0.002416608312188734
-0.0018201466139450423
-0.0015932585157313606
-0.0015885823922192344
-0.001995583190259498
-0.0019300911578816748
-0.0014809910849664099
-0.001268137427260188
-0.00109738709107636
-0.001031895058698537
-0.0010085063478431217
-0.0008260606445697483
-0.00012901878935588085
 0.0003387938709026733
 0.0009095257615493457
 0.0006873117635240733
-0.0014669768776959385
-0.0024493897365423928
-0.00198625522311964
-0.0013617246438610286
-0.0005032867228112886
 7.68014615070145e-05
 0.0002615862381983164
 0.000296670316143291
 0.0005118630472674274
-0.00026705042422074665
-0.0007652750855595414
-3.7825275912825584e-05
-0.00037231479799784695
-0.0011418719758143764
-0.0012728621105410898
-0.0006857567059690567
 0.0004112667037076412
 0.0013468940475484525
 0.0015176443837322806
 0.0005843520666619778
-0.0003629746909157988
-0.0006764125522396164
 0.000219450543496702
 0.0020509430063975626
 0.0026006232362830173
 0.0008954366913019735
-0.0015629314942465083
-0.0026459245100631246
-0.0016869064320431948
 0.00048375167645478556
 0.0020556069899674845
 0.00237605802489764
 0.0018240346749468783
 0.001000678808518396
 0.0009351827294931669
 0.0010825423314978766
 0.0008229031587860397
 0.0007807978139399291
 0.0013000700893925354
 0.0021444735699348155
 0.003522185789760879
 0.004464830353855434
 0.0038075487000986535
 0.0021351091829683727
 0.00042758356456942814
 0.0006989140577234321
 0.002053235543370377
 0.002546778011225964
 0.002822786651215811
 0.002029838739220177
 0.0010895292018961306
 0.0018965075077518184
 0.003061364046547957
 0.003753727754926009
 0.003554904491079841
 0.0017818848169793705
 0.0001749393555506018
-9.849467788078381e-06
 0.0006591235064108553
 0.001512883280624766
 0.0024742404320626105
 0.0036601486316199527
 0.0036484512412066905
 0.002034488559524192
 0.00045327290569245615
-0.000589955862019681
-0.0012612719562839214
-0.0009478381416075099
-9.875651422941445e-05
 0.0002099991536111817
 0.00016555473534717036
-0.00012215331837962806
-0.0004098613721064126
-0.00022975474225095383
-0.0007700827251121561
-0.002594562014406665
-0.004091571025193613
-0.0045593877320995735
-0.0040588280439902424
-0.003031976836850886
-0.0024355151386072083
-0.0022811383163487547
-0.0023045310738515623
-0.0022039529402050756
-0.0024214887913945327
-0.0029828684350169526
-0.003081111541892917
-0.0030647400512912315
-0.002026193477062316
 0.00010236130991325698
 0.0010754138284406745
 0.0005865454607735104
-0.0005385508765655272
-0.0009549079682774492
-0.00016196410292922125
 0.0007619678738220587
 0.0013818203062448547
 0.0004017465208163151
-0.0018578004242097157
-0.002905707338757668
-0.0027045490481409917
-0.0015373534359269525
 0.0003806847434366101
 0.0012882432062625016
 0.0017420214260135958
 0.0019010763951078646
 0.00021226336405219537
-0.001563095383466176
-0.0025221175081335118
-0.0037384377087710946
-0.0037711867599455468
-0.002098751289462672
-0.0008520271810396329
-0.0003538065663482304
-0.00033743507574655884
-0.001036820051025733
-0.0012473386819614463
-0.0012262890445239455
-0.0013853480602656204
-0.0016613607469028596
-0.0025010901272567027
-0.002961889613908933
-0.0024285828979488527
-0.0014906164806901268
-0.000545632843177643
-0.00011758443102358185
-0.001219290034183515
-0.0025642592728062075
-0.0030086852455330493
-0.0030554687372149753
-0.0025174838744190797
-0.0026297614218025317
-0.0033595543515145543
-0.0034835272659875516
-0.0030274099728185427
-0.0016333242390671049
 7.887547952026286e-05
 0.00041336095495789205
-0.000767873144411027
-0.001574855496914121
-0.0018461900367155448
-0.0015304171486212048
 8.821963324971704e-05
 0.0009957780960755946
 0.0013396198651848545
 0.0024015571735929025
 0.002551255849015513
 0.0015150443015571058
 0.0009864116857854488
 0.0008530824776408069
 1.657730197404672e-06
 0.00023556304866483024
 0.002298623779938891
 0.004293851382093539
 0.005821264300665929
 0.006134698115342341
 0.00427513272477914
 0.002104470569633754
 0.0017091651386830498
 0.00164132998623992
 0.002116159866752218
 0.003989755651175472
 0.005131221455792492
 0.0054236036097077
 0.004565161642010554
 0.0026939008843578083
 0.0013886958938396088
 0.001538394569262233
 0.0026658259333717793
 0.003178080988570642
 0.003762847319724774
 0.0036271790381622315
 0.0024202151311962933
 0.0014541757862752136
 0.0010962955300110877
 0.0024506170156580465
 0.0038447027494094704
 0.003924229222294753
 0.0032014535128364607
 0.0023383333983034993
 0.0018003444888601977
 0.0010986204401631089
 0.0016646741839739382
 0.0020248894670085865
 0.0007851785321918991
-5.688992157987238e-05
-0.0003773450031574338
 0.0006027247356236998
 0.002752331183360504
 0.004179163944962691
 0.003802571101355276
 0.0020482640145980946
 0.0003711463506319984
-0.00028145715628895285
 0.0006822390685667923
 0.002962833627706607
 0.004389666389308822
 0.003220127657029462
 0.0019196008133470777
 0.0013722556102321315
 0.0008085368931918108
 0.0014096767382713177
 0.0016108350288879802
 0.000766427501698308
 0.0008202241669865717
 0.0015663865639765767
 0.002118405867279946
 0.002705511271851979
 0.0026166244586476456
 0.0015008844149802664
 0.0003313456827009065
 0.000387481421407071
 0.0014798266842479535
 0.0018564154812079764
 0.0017184081262275053
 0.001561688183903745
 0.0016809789048935209
 0.002029498820838624
 0.002312524681082187
 0.0023569650526987923
 0.0018797920521211875
 0.002066915902230404
 0.0025464239295785174
 0.0023335662252248895
 0.0014236646423336774
 0.00011378150497964867
-0.0007189306551204644
-0.0011516612607577609
-0.0012031228992755022
-0.00024878296809140166
 0.0007874245327196133
 0.00038744095493307984
-0.0001996684962863593
-0.00042422156772954633
-0.0008382395860235398
-0.0008335634625114136
-0.0009481800833127663
-0.0012616179446365838
-0.0015306134110200792
-0.0017949307305677592
-0.0015142439437421107
-0.00023009466063250716
 0.0009792042731039535
 0.0009300817080041129
 0.00036636299096377833
-0.0006183889413005766
-0.00161249716723659
-0.0025481285577247936
-0.003125881715272588
-0.0020592662600287387
-0.00033771024776972636
 0.0006446985644293357
 0.00012074409549349407
-0.0016897007532935548
-0.002856900412155
-0.0020358876657918107
-0.0012593173143689712
-0.0013482041275733048
-0.001214878966076055
-0.0019259593084447885
-0.0027984357166494084
-0.003079126550122463
-0.0027189112670878285
-0.0018674905662918184
-0.0011938394452570417
-0.00010149418241617303
 0.00048795029557377467
 0.00010434023171261575
-0.0006324699182531368
-0.0012149012226367467
-0.0016780397827068916
-0.002552855264329426
-0.0020359220622947066
-0.0009529330931254826
-0.001175147091150755
-0.000686282770130997
 0.0004926082091726153
 0.0007499042618191454
 0.0007148161372267786
 0.0005627743417388337
-0.0006441895652270907
-0.0019751243633423232
-0.0018347819815913435
-0.0008289824352131908
-7.814189138735661e-05
 0.0009908126372744214
 0.001007184127876093
-0.0010699150905528476
-0.002157586253205307
-0.002211386965140949
-0.0020967743909870024
-0.001200911295250684
-0.0002629448779919441
 0.0006095274835652836
 0.0006773585893610073
 4.3467669783331386e-05
-0.000185763548495671
-0.00030505831613283907
-0.0005225941673222961
-0.0003144186564518897
-0.0004804948924472946
-0.0004664624752635377
 0.0008761636432938619
 0.0010586093465672491
 0.00023993162697458215
 0.00026565941124791215
 0.00015572093728238867
-3.608510631004924e-05
 0.00015805596405289724
 0.0007334660015353711
 0.0016293290972717034
 0.0015895628258435213
 0.0008925169239822478
 9.956901198661383e-05
-0.0014910029355167664
-0.0020968249740794948
-0.0011939446580894325
-0.0005109372433830389
 0.0003264490169054973
 0.0008831464670447098
 0.0002586118411386784
-0.00022090023285684102
-0.0010910375676435463
-0.0029201950037738705
-0.0032429891587693327
-0.002092167060480682
-0.0011167754685353637
-0.0009249734715903318
-0.0020313572215860803
-0.0028944773361190557
-0.0022629295366067004
-0.0010021709876762014
 0.0002983518093587767
 0.0008339975987367715
 0.0003498073779054228
-0.0010349261088217626
-0.0030371749778775325
-0.0033085095176789425
-0.0019027284168379593
-0.0005998665463850666
 3.612372112354878e-06
-0.0012641674437192663
-0.0031705143026406896
-0.003893290012098982
-0.003940073503780894
-0.003717863552403028
-0.0028547474845174586
-0.001657143917870571
-0.001077055733552254
-0.0009530868657266628
-0.0012665247270504804
-0.0024360634593298403
-0.0033740339232359584
-0.0028968649693057597
-0.0019472031849574606
-0.0010092367676987346
 0.00019538401920188297
 0.0003614562085498957
-1.0458488221704032e-05
 0.00020941238973824772
 0.00022812295375783387
-0.0003239003961929138
-0.0013109914018751834
-0.0019121352936020963
-0.001563615377657021
-0.0004104542059504279
 0.001149705740472698
 0.0018607820361940391
 0.001675993212855345
 0.0008713499337701658
-0.0007496299681660767
-0.0016478361839677158
-0.0013390805161271335
-0.0005999353393908446
 0.0002795542424200992
 5.88062920077459e-06
-0.0004783095916305602
-0.00023972612632731927
-0.00041515865599435486
 0.0002772050523836833
 0.001210493322806594
 0.0010678078209903075
 0.0008338984558754897
 0.0005508685489845205
 0.0001345114572725986
-0.00044324170027519594
-0.0006631166248825537
-0.00032863114944493843
 0.0006210306349033468
 0.0015426235382366982
 0.001582385763017502
 0.0015496367118430499
 0.001205790896086384
 0.0004947105537176366
-0.0004502771304422254
-0.0014818105310648033
-0.0015402893898362885
-0.0004619785675028798
 0.0008712912573828613
 0.0011051965758503007
 0.0005999546942577622
 0.00011810354684432811
-2.4581954971972242e-05
 0.0008829765078539331
 0.0017811786770081661
 0.002983460390490869
 0.004695660109078237
 0.00455063553384405
 0.003708567080072278
 0.0039050472238531253
 0.00404772867902202
 0.0038418881949221356
 0.00339746222219528
 0.002655973925393698
 0.0021904962919056387
 0.002398671802776045
 0.0023799571921090668
 0.001996347128247908
 0.0017413861023718724
 0.0016665337296750127
 0.0018466403595304853
 0.001610391920997739
 0.001907452221748776
 0.00237526488200733
 0.001603368630772914
 0.0011215174833594799
 0.000948424027110345
 0.0004899636138760294
 3.4343196267799803e-06
-0.00015328562269698032
 5.769346397288544e-06
 0.00017885875599901735
 0.0002607243023022149
-0.0008737283287084535
-0.0015216536887935894
-0.0013976848209679982
-0.0020245585202919303
-0.0014678610701527178
 0.00027708567628539904
 0.0012501381948128026
 0.0007495744600560794
-0.0004527113000740157
-0.0015286870956369158
-0.002155560794960848
-0.0026608026765534004
-0.0027941318846980284
-0.0015520859231108325
-0.00021179887797136143
 0.0009015980456307249
 0.0013179510906952407
-6.678239603194469e-05
-0.0012760853764157976
-0.0018374650200382175
-0.00206669623831722
-0.00143280936538695
-0.00109598481653142
-0.000733430460078871
-0.0004948469947756301
-0.0014912942941295304
-0.0023473971884087758
-0.0029649145940610633
-0.003278352455384881
-0.002557919865991881
-0.0019895270487631372
-0.0010047791631461883
 0.0009974656592621894
 0.0018418691398044834
 0.0013249318911223856
 0.0004501164094998511
-0.0011123866569886093
-0.002621091034865103
-0.002990666658218774
-0.0019708326713331475
-0.0004527760464324154
 0.0007097414189457946
 0.001345967365293979
 0.0013646779293135652
 0.0015611580730944125
 0.0016851269409200176
 0.0014465394289693706
 0.0012734459727202357
 0.001469926116501083
 0.0021599507514612065
 0.0020663857914210715
 0.0011658405022015178
 0.0003705535167879692
-0.0002797109167150813
-0.0003896493906805909
 0.0005834031278467988
 0.002192683616046076
 0.0032008222358421434
 0.003217193726443815
 0.002309631216970545
 0.001320201137870361
 0.0010582228917405956
 0.0012289732279244098
 0.0017646190173024184
 0.002466339019352101
 0.0028522841099837687
 0.002237105777749382
 0.0012617101391566854
 0.0015798221006689123
 0.0031353039002562366
 0.004435826697291215
 0.004077946441027089
 0.00276806330367306
 0.0015868292043041549
 0.0010535184416966686
 0.0020967431627614136
 0.0033200765370053342
 0.003109557906069607
 0.002078024505447029
 0.0008500089377198872
 0.0001342504485153384
 0.000842987670818765
 0.002230056184316459
 0.002620679421783942
 0.0024967065073109584
 0.002447583942211118
 0.0017715897011110482
 0.0009903371562049734
 0.0005646237708214208
 0.0005599436006619024
 0.00027925276718883396
-0.00050667792455307
-0.00020260040354828923
 0.0008289289504268965
 0.0019025616259244899
 0.0023469835520039256
 0.0008897387893214842
-0.000714867598689356
-0.0007639901637891966
 9.210868384262882e-05
 0.0009552247517281981
 0.001317779108180761
 0.0008850485025434646
-0.00015818026516867256
-0.0010984898024927192
-0.001912489375249543
-0.0021206689327673556
-0.0010587316243593214
-7.398373874237252e-05
-0.0003406401317079394
-0.0005347852487182919
 9.208440395823414e-05
-0.00011843422697747907
-0.0012131226098836684
-0.0024668679852078157
-0.003362735127591554
-0.0024996190597059847
-0.0007078908449096311
 0.00044760940021486284
 0.0005271358731001458
 0.0003189563155823333
-0.00016757297866691612
-0.0015406110983045423
-0.0028083909141361774
-0.0035475401375198445
-0.0032107155886643285
-0.0019780259207487494
-0.00028687786292258544
 0.0008545879416944208
 0.00027917385756454083
-0.001465776935520982
-0.004368569070472603
-0.005708860162259494
-0.004314774428508056
-0.0027522754086670015
-0.0009488518267810747
 0.0006791412487614779
 0.0008218227039303722
-0.00017462459542354203
-0.002382711925255507
-0.004906574166505501
-0.005128788164530787
-0.003629444126973344
-0.001886836453953114
-2.2596963201504394e-05
 0.0007118700666989414
 7.797914712127929e-05
-0.0018190114181284855
-0.004188494813796337
-0.005079683809344246
-0.0036411556806524997
-0.0016693188126769704
-0.0007290133220003159
 4.521795600462286e-05
-0.0006377935053491768
-0.0019055733211808118
-0.0015500361849819788
-0.0007524141727979217
 0.0006861139558938245
 0.0011562656895702933
-0.00019104262247031378
-0.0005419056584807097
-0.0010307740261478737
-0.0023219445761586133
-0.0018190458146313815
-0.001122003959417514
-0.0009348801093083114
 0.0005972109560998945
 0.001359746867015288
 0.0007679592689600195
-0.0002448615443192692
-0.0018564851525838671
-0.002525462173430193
-0.0017699434827685434
-0.00047877697940519603
 0.0010252452049880623
 0.0018907003462915462
 0.0011866372241765566
-0.00020277440938647195
-0.0011992217087403861
-0.0010074197117953543
 0.00017614941434407339
 0.001170253593632667
 0.0018813298893540081
 0.0011445197393882417
-0.0007337582385182201
-0.0015571141049467024
-0.0005489754851506351
 0.001371401767630842
 0.0023187244785612127
 0.0019702005159687452
 0.0004872259456892708
-0.0008366916321722317
-0.0014004103492125525
-0.0020810827371484375
-0.002434284846576748
-0.001774668166049459
 0.0002579846107917533
 0.0015702027749163044
 0.001757326625025507
 0.0016965086928361212
 0.00040767721624328235
-0.0010448893996033298
-0.0019173658078079497
-0.0015898975526240644
-0.0008203444214549549
-0.0003314801004351692
 0.000664963152271339
 0.0010626036099925518
 0.001305865222131622
 0.001093007517777994
 0.0002252092564092173
 0.00019012113181683665
 0.0002485959439409158
-8.355450472619097e-05
-0.00021688371287081898
 0.0001246189828205263
 0.001579520625437647
 0.003415691235174323
 0.003663630994149236
 0.0030554698821685933
 0.0014695760815010284
-0.0006262357242712013
-0.0010566272564905693
-0.0005677629354708114
 0.0006696048792805553
 0.0018859210332707321
 0.002091757470723224
 0.0016964520397725336
 0.0009339120822097341
 0.0005269112841694706
 0.0006157940507263981
 0.0009549576729998427
 0.001705798216825677
 0.002180628097337961
 0.0014414788739542939
 0.000990035680973722
 0.0009666429234709006
 0.0004309930874455137
 0.0001269115197933407
-0.0003081581592618565
-0.0002824303749885265
 0.00019239950552375762
 0.00021111006954334377
 0.0003771822588913426
 3.5675516552605147e-05
-0.0007549333220251142
-0.0011385433858862731
-0.0013490620168220002
-0.0011221739186082907
-0.001061360033066297
-0.001147907772852716
-0.0010005481708480063
-0.0013818191612912367
-0.0013841602580328544
-0.0009186866711922148
-0.0009631310894562262
-0.0016531597710637558
-0.0022426082957010957
-0.0020531453721739923
-0.0017771367321841591
-0.0013140022187614064
-0.0010567061661148625
-0.0004883133488861185
-3.687420255295282e-05
-0.0009678274462053549
-0.0008274850644543613
-0.00020529355861365062
-0.00012108893889255234
 0.0002274309770525229
-0.00024272480327133805
-0.0009467879253863415
-0.0011783582170832585
-0.0015151868125861945
-0.0017023147093427893
-0.0008836410363975283
 0.00045898508215985734
 0.0010905328816721988
 0.0010858527115126942
 0.0015747170325324522
 0.0017571627358058256
 0.0005689114161831904
-0.0006263571236931886
-0.001264926190106666
-0.0007152459602212113
 0.0006554490393511081
 0.0015513121350874265
 0.0018998320510325295
 0.0012916709390518866
 0.0006928661207428882
 0.0006226918948818438
 0.00041685141078195986
 0.0004846825165776836
 0.0014273270806722388
 0.002685746556184823
 0.0034155354392494536
 0.003967554742552823
 0.0036728294685722945
 0.002442474827427238
 0.0013805334723718254
 0.001013296922436041
 0.0013688340586348602
 0.0019746520505501824
 0.0025734528222117747
 0.002360595117858161
 0.0019068128514596605
 0.000978198681225173
-0.0002521559599198836
-0.00031531296552717025
-0.0003270103559404325
 0.00029752022331817896
 0.0007559765899051024
 0.0006647507032828681
 0.0017921820673924144
 0.0022482993605614093
 0.0018038733878345675
 0.0015114871872719537
 0.0002530636651119772
-0.0012954049608690094
-0.0009515631917597495
 0.0007419239394843291
 0.002252963344131345
 0.0036049457563603754
 0.003773357019126289
 0.0017757862969063204
-0.000263887746836014
-0.0012065363575779753
-0.0011808085733046592
 0.00018754735284975954
 0.001445966828362344
 0.0022085027392777234
 0.0016330886551478435
-0.00043699334302736703
-0.001124682951216982
 0.0001711616989821807
 0.0017149481314799458
 0.0016494520524547168
 0.001198008859474145
 0.0013944890032549923
 0.0012892286761252841
 0.001488047893324046
 0.0013781094193585086
 0.0006904198111688936
 0.0005009528409943842
 0.001076362878476858
 0.0020657889109296362
 0.0030294851357853952
 0.003401395785909589
 0.0026903154435408555
 0.001537150225186884
 0.0006904036245792972
 0.001034245393688557
 0.0022926648692011414
 0.003034149119355317
 0.002940584159315182
 0.002400256176453966
 0.0015441532821747206
 0.0007535444435970012
 0.0002833886632731264
-0.0004768122208717446
-0.000210159874553556
 0.00017812428949601222
-0.00012595727815614688
 0.000964048911266821
 0.0008400759967938237
-0.000766869464634945
-0.0014428637057350147
-0.0015060207113423152
-0.0005048993117999778
 0.0009967837991753797
 0.001721894535404181
 0.0016985017779013734
 0.001516052027980594
 0.0005008921412833905
-0.0007201062061900215
-0.0003598909231553732
 0.0001874502333121808
 0.00076753841763047
 0.0015113617412025604
 0.0010833092824010931
 0.0005008779780174971
-0.00020084607067960558
-0.0008885356788692345
-0.0005283203958345861
 6.34631555732762e-05
 0.0009476308842200493
 0.0015207018482846085
 0.0007628400375576522
 0.0003020405509054358
 0.00046109551999970466
 0.00015701395234753168
 0.0004283444455015356
 0.001263391632372185
 0.0015300439786903597
 0.001415427357889007
 0.00117683984593836
 0.0018387955998835498
 0.0027978136779034934
 0.0028960527381320655
 0.0024820347198380582
 0.0014505013192154803
 0.0011627932654886958
 0.0015744681637173824
 0.001497276717602608
 0.0011838388562787905
 0.0011744805392834567
 0.0017264998425868122
 0.0019604051610542517
 0.0014458069857900546
-4.6523878161050525e-05
-0.0011762983623359036
-0.0017376780059583236
-0.0027224299382226785
-0.0023551974349343002
-0.0009681289214366062
-0.0001190472940584969
 1.4277867438738934e-05
 4.9361945383713524e-05
-2.5490427313146213e-05
-0.00035764087598025296
-0.0005003263777965394
-0.0009213616163442767
-0.0005728417003991876
 0.0002926134409042963
 0.00032068029859552705
-0.00015415362856417703
-0.0009587969076493424
-0.0015880096803911892
-0.0016605229796701482
-0.0006734360206352846
 0.0010995796068177938
 0.002173212282315387
 0.0017942803652900574
 0.0001428925089209665
-0.001438323144910783
-0.0019038007783988148
-0.001810239865006072
-0.0010687556148518823
 0.00020603737458607663
 0.0006036778323073033
 0.00042590622922233923
 0.00041186976539117626
 0.00014287429900766702
-0.00020097151674898506
 0.00016158283970356402
 0.0008422511809920569
 0.0007603815880414533
 0.00020601916467279102
-0.00034132603844215514
-0.0008231771858555892
-0.0008606043838658706
-0.00040916523753269096
 0.00047968063794991134
 0.0011580099058204757
 0.0005404925001681882
-0.00010509378649903311
-0.0002664918756585949
-0.00038578664329577683
 0.0007252712068883949
 0.0015486230266694712
 0.0014386845527039477
 0.0013006771977234766
 0.00013113846544411667
-0.001178744671909912
-0.0013167520268903693
-0.0008653128805571897
 1.8854848089583376e-05
 0.001487790931214178
 0.0016140988724576977
 0.0003416409097902473
-0.0003717785059964007
-0.0010243820129173659
-0.0011834410286590408
-7.23831784748552e-05
 0.0008562269451122262
 0.0008796156559676416
 0.0006106201895841323
 0.0003158949156036178
 0.0004351856365933937
 0.0007977399930459428
 0.0003860610481698501
-0.0003320365144525994
-0.0015202878340752485
-0.0029073603942203624
-0.002388088118767756
-0.0009752897976730152
-0.00034374199816065987
-0.0008068805582308047
-0.002343653817122232
-0.0031950785645656343
-0.003204436881560982
-0.0028488997453621767
-0.0016349226647899007
-0.0007039734677849047
-5.1374007511345576e-05
 0.0013263382123147038
 0.0018432714143493956
 0.0008538413352492114
-0.0007343915388362404
-0.0024980549192650664
-0.00278342389957395
-0.0016934177101509823
-0.00024553328778757766
 0.001506430678904283
 0.0019672261189091073
 0.0006643602018088085
-0.0010946250317841882
-0.002371761141287454
-0.002755371205148613
-0.0021565704334870206
-0.001129719226347664
-7.713821161126067e-05
 0.000902931527169859
 0.0008748606228312222
 0.0007485486349403103
 0.0008000062268106733
-0.0007508014725882278
-0.002322660832748319
-0.002692236456102018
-0.0023600900540822894
-0.0009239009988084579
 0.00022458202606229216
 0.00023627536982814834
-0.0001894380155554043
-0.0006198295477747862
-0.0007952620774418356
-0.0008069594678550979
-0.0005660369291339284
-0.00041399918029338956
-0.00021751903651254234
-9.588924210486571e-05
-0.0001754197616375408
 0.0002362551365911597
 0.0002690001411182058
 7.719409752578177e-05
 0.00011695632230657171
 1.1695995176863594e-05
-0.0002058398560125796
-0.0006409095350677907
-0.0009005487077796415
-0.0014736237184916068
-0.0018923198836214294
-0.001564851628437558
-0.0009169303149998281
 0.0003578626744381447
 0.0013379324132192782
 0.0010104601113879869
-9.124549177193242e-05
-0.0014198412164692503
-0.002479443498106762
-0.002128584508743772
-0.0010432564661566335
 0.00015668617390816875
 0.0013355771532117672
 0.0011203803754402247
-0.0005356856277646815
-0.0023718602841487496
-0.0025379365201441406
-0.0019461529687362922
-0.0014549495742986196
-0.0007883156735176006
-0.000423422243647123
 0.0005426130546265368
 0.0015016311326464665
 0.002329661099263372
 0.002388135911387465
 0.0007461043486900187
-0.0008257550114700724
-0.0014128644626895115
-0.0010620054733265216
 8.413847812632769e-05
 0.0017939991232957947
 0.00325123983933083
 0.003541282919828123
 0.00239045677489208
 0.0008139192678961599
-1.1775671950237099e-05
 6.934892069349052e-06
 0.0007624535827310125
 0.0010969390581686278
 0.0006478349386059568
-0.0001451129733896911
-0.00029481569545969366
 0.0009495693395454169
 0.0018290589213563607
 0.0017775972828386055
 0.0017752561860969879
 0.0013261520665343307
-0.00025506358729740497
-0.0012468327398155038
-0.0006550491884076415
 0.00021742317314957238
 0.0014173658132143746
 0.001777581096249009
 0.00045834166522333575
-0.0005334274872947492
-0.0011930482144694443
-0.002212886248002463
-0.0024397783928635647
-0.002009390907291575
-0.0018596922318689646
-0.0015415802703567238
-0.0014503584303818817
-0.0016725724284071541
-0.0014527015504471885
-0.0011837101307110992
-0.0008211557742585501
-0.0005685378684478215
-0.0009544870057268812
-0.0016351593936627662
-0.0020538555587926027
-0.0020304668479371873
-0.0017544582079473403
-0.0009989395172856907
-0.00023874267978822583
-0.00015921620690294291
-0.00029722356188340016
-0.0005077421928191272
-0.001202449021262486
-0.00230649369784032
-0.0026690521009402612
-0.001904177116606967
-0.0009685497727661557
-0.00018964034792538775
 0.0003319710009451332
 0.0006220140814424402
 0.0003155934403723526
-0.0003720961678172624
-0.0005147816696335628
-0.0007790989891812289
-0.0014761448910425023
-0.0023041789043068
-0.002297163707376773
-0.0007253083938640603
 0.0005237547879768656
 0.0005167355443994326
 0.00046293483246376277
 0.0002898413762146418
-0.0005522270775571297
-0.0003206608325076188
 0.0007132075948854816
 0.0008722625639797504
 0.0011576274976412282
 0.0009634823806308895
 0.000610280271202579
 0.0013353910074313802
 0.0021517256069587404
 0.0029703992799039874
 0.0029236157882220615
 0.001955237369883081
 0.0008675662072306356
-0.00020840958833226453
-0.0005195083762381675
-0.00040021765524840547
 0.00017519238223409617
 0.0009283719994778311
 0.001159938244527342
 0.0013961826364126823
 0.001026607013059011
-0.00017100060023528263
-0.00037450201091726587
 0.0001354139708636959
-0.0001593113031168325
 2.0827393953509743e-06
 5.120125784778551e-05
-0.001055182492147963
-0.0008259553205163528
 0.00040673434739921244
 0.0010710291747623168
 0.001234762290692415
 0.0004558488192042409
-0.0006879601054780721
-0.0018528206909216027
-0.002365079792767885
-0.0018364512236436342
-0.0013592822697134216
-0.0010247967942758063
-0.0007370927871964139
-0.0005827159649379743
-0.00021080531481378062
 6.520332517606642e-05
-0.0006973366323867192
-0.0015557786000838791
-0.0023323529981541247
-0.0030995711025527256
-0.002292592796697024
-0.0008470474477515477
 0.0009072555923582276
 0.001749319999482607
 0.0007669071406361527
-0.0003394766093595958
-0.0017569571239375442
-0.002830593846082516
-0.0032025085428541156
-0.0019417499939236305
 0.0009891069753955317
 0.0027387318686694917
 0.0027059828174950257
 0.0016417023890216847
 0.0004043305276228981
-0.0002740027868950723
-7.284449627839584e-05
-0.0003816042107663842
-0.0008049785227320361
 0.00011193623376548612
 0.0006312085092181063
 0.0006756488808347255
 0.00041367063470494625
-0.00010092754055923692
-0.0005593879537935387
-0.001277485516416016
-0.0015558372764711698
-0.0014201730415560054
-0.000704418598998835
 0.00040430017776740823
 0.0007879061949811611
 0.00026395172604533335
-0.00044946768974132856
-0.0011652261789458634
-0.0009617288149112863
 0.00043937413909388157
 0.0006288370626209849
 0.00010722166710308567
 0.00021481702100330236
 0.0004487223394707279
 0.0013422463617891456
 0.002275534632212056
 0.002130510056977855
 0.0012580336487732352
 0.0005890566279268955
 0.00034579096914043317
 5.106569515990478e-05
 6.509811234367557e-05
 0.00046039949664698765
 0.0002358464252038145
-0.0003231941450006909
-0.0008448095405186179
-0.0014482925056634455
-0.0009734626251511475
-0.0002670644762656216
-0.0014015171072763039
-0.0028517446497050153
-0.0027979479844167654
-0.002061141881098391
-0.001144227124600869
-0.00023199051493916212
 1.1271097199908042e-05
-0.0009243602932882955
-0.002012031455940755
-0.001918470542548012
-0.0016260883886327904
-0.0009033167258218899
 0.0002732351800637939
 0.0006989445187999405
 0.0005913451182523177
-0.0001641776190567379
-0.0012378143412017095
-0.002185141098779486
-0.0025781074563122897
-0.0019769676112327966
-0.0003887387837947093
 0.0013795986968225399
 0.00192693985329008
 0.000988969389383948
-0.0011372503708211162
-0.003193297928488853
-0.0038225107012306997
-0.0026623323092704043
-0.0009080292691606151
 0.00024279282912804956
 3.227419819232247e-05
-0.0015138553543707495
-0.0019325515195005583
-0.0011863891225105533
-1.4515363460698705e-05
 0.000799480162648733
-1.4519410108104758e-05
-0.0010600872512381426
-0.0016542139227113256
-0.0010600912978855487
 0.00017259837003000267
 0.0005538653138258548
 0.0005842712449350002
 0.00013750619879024373
-0.00022739127772762602
-6.599723521544254e-05
-1.9217790180908745e-05
-1.2202593250881799e-05
-5.898608493280777e-05
-0.0006414173893164177
-0.00147880769625236
-0.001464775279068603
-0.0008987215352577738
-0.0008753328244023584
-0.0013454886047262193
-0.0016823172002291553
-0.0016308596083588062
-0.0013852589228018214
-0.0015115709106927194
-0.002094002215076343
-0.0023255725067732602
-0.0026156196339179594
-0.0024635818850774205
-0.0017618618830277377
-0.0020098056886500293
-0.00225541042085442
-0.0024121303631781665
-0.0019560130700091716
-0.00040287034383976184
 0.00020294764807556043
-0.00040053531706925327
-0.0016683151329008744
-0.002568860422120428
-0.002800430713817359
-0.002676461845991754
-0.0016402543451807389
-0.0004473289253696805
 0.00042514343618753336
 0.0006684050483266035
-9.881305607198354e-05
-0.0013829663858289931
-0.002718579330780055
-0.002863603906014256
-0.001993470617874943
-0.0010157399525117239
 0.00018654176097099295
 0.0004719066946324568
-0.00015964515152727676
-0.00033741675461224085
-0.00022748232729410955
-0.0006836036671105244
-0.0010672137309716695
-0.0015256741442059851
-0.002463644608112117
-0.0024753419985253794
-0.0022297413129683946
-0.0019280028653815284
-0.001429782250690112
-0.0012894398689391462
-0.001067229917561266
-0.0014859260826910886
-0.002309281949119571
-0.0020870719977416907
-0.0011444274336471494
-0.0007818730771945864
-0.0002321928473091317
 0.0003455562635912568
 0.0003361979465959092
 0.0003736210979587984
 6.486138347081005e-05
-8.250226518130566e-05
 0.00014672490645030456
 0.0008390886148283427
 0.0021279160447737755
 0.0035851567608088247
 0.003716142848888146
 0.0024039206381162026
 0.0018729489489266449
 0.0017349415939461738
 0.0018729449022792388
 0.0018495521447764313
 0.0011127419948106787
 0.0005537014246061733
 0.0005373258873570957
 0.0016530618843770828
 0.002878734332038918
 0.0036553046834617575
 0.003419056244929025
 0.0020647307126346742
 0.0013115470487435332
 0.0005911104127031552
 0.00021451756909574016
 0.0008905077635484038
 0.001199263431388986
 0.0010051183143786613
 0.000511571799875668
-0.00011764097286616482
-0.0003375158974735365
-0.0005223047208122167
-0.0008988975644196456
-0.000910594954832894
-0.00017612792493244822
 0.0008928266037293159
 0.0014027425855102776
 0.001498642572320949
 0.0010659119666836525
-0.0002930917124465138
-0.0006907362168151326
-0.00020187189579537468
 0.0005138825467617819
 0.0018331179311400492
 0.0018775583027566822
 0.0014728965781343195
 0.0015781528586166216
 0.0012202726023524957
 0.001203897065103432
 0.0015617732747201518
 0.0019734481729488385
 0.0028716503421030715
 0.0036762895745408725
 0.00325057618915732
 0.0026447541505945915
 0.0024155229323155752
 0.001610879653230396
 0.0016553200248470151
 0.0025231142395683998
 0.0029651970922299348
 0.002983907656249521
 0.0023125915619852944
 0.0020623086829450743
 0.0022845186343229407
 0.0024693034110142426
 0.0030493915953325457
 0.0026587643112176568
 0.0017278110675652547
 0.0015289878037190868
 0.00126233141075352
 0.001486880435549301
 0.001928963288210836
 0.001498571755991454
 0.0008483073224884174
 0.0004997833598959361
 0.0004740515289752001
 0.0004997793132485301
 0.0008904025507160268
 0.0016342258742881172
 0.002202618691516861
 0.0023102140454170778
 0.00149621447266024
 0.0004038651631719653
 9.276637526606235e-05
 0.0003453842810767771
 0.00012317028305150468
-0.000262778854227555
-0.00040546435604384146
-0.0007563273920542374
-0.0009224036280496423
-0.0005317803905821455
-0.00048500094554762563
-0.0013434429132447717
-0.0016030820859566364
-0.0010955051775935754
-0.0005083997730215423
 0.0007125945278044638
 0.0015289291273317962
 0.0016318463343961975
 0.00160143635663966
 0.0005090870471513853
-0.00022070588256065116
 0.00014418754730981254
 9.740405562790044e-05
 0.0008576008931253654
 0.0016949871534139155
 0.0012435439604333298
 0.0010096345953184982
 0.0011476379036515633
 0.0014213074702234818
 0.0011803808848549202
 0.001147631833680468
 0.0020294604889093265
 0.002230618779526003
 0.0019101636979484554
 0.00112657207962448
 2.7205549882461377e-05
-0.000749368848187798
-0.0008078477069592832
-0.0005949940492530614
-0.0004686861080095417
 0.0005581650991298287
 0.0008575644732987664
 0.0012435095639304339
 0.002092591191308543
 0.001400223436283099
 0.000647039772391958
-0.0003400512332903255
-0.0006441328009424846
 0.00016518457833113176
 0.000625980018335956
 0.0007920522076839548
-3.598180558034292e-05
-0.0005318673935012369
-0.00025819782692931836
-0.0003962051819097895
-0.0009388722381889203
-0.001292074347617217
-0.0012382776823289532
-0.0013037737613541683
-0.0011704485998569325
-0.0009575949421506968
-0.00036581139074283453
-0.0002745895507679924
-0.0014371110627936223
-0.0017996694658935636
-0.0013575866132320286
-0.000985675963107835
-0.001203211814297292
-0.00224877965542733
-0.003329433597826059
-0.003324757474313933
-0.0017833101152340824
-0.0006956429992290292
-0.0006979840959706329
-0.0008547040382943932
-0.0014698823705287661
-0.0023517150724050306
-0.003062795414773764
-0.003373894202679667
-0.002971575598122625
-0.0022488039353117384
-0.0016733938978292506
-0.0012149375312423272
-0.0010301527545510392
-0.0012593839728300554
-0.0017973728822733431
-0.0019611100448508334
-0.0014932973845922792
-0.0014465179395577593
-0.0020546790515383884
-0.0021248532773994327
-0.0014488630829467691
-0.0008009417695090393
 0.00020017963003329808
 0.0005861247206649794
-0.00029570798121128505
-0.0012383565919532463
-0.0021365628077548854
-0.0021903635196905413
-0.0015962408948647783
-0.0009155725535762854
-0.0002933810477355886
-0.0005155950457608471
-0.0011822329931892722
-0.0022886167431850207
-0.0025272042551356677
-0.0016991742885187622
-0.000967046332036231
-0.00025129188947907444
-0.0006465973204297787
-0.0014442233792612419
-0.0019634997013612404
-0.00202431763355064
-0.0010840121428739996
 1.0672193384783646e-05
 0.0009462995372256228
 0.00042234506828978113
-0.0013085712842882818
-0.00222549008743321
-0.0025202153614137246
-0.0020009430859611183
-0.0002700307800304613
 0.0008831303916761041
 0.0006655945404866748
-0.0004711971639419221
-0.0026465374659231378
-0.004227753119754887
-0.0037599404594963193
-0.0018255287662073683
-8.526016660506675e-05
 0.0002866504835191269
-0.00010163772717784736
-0.0011331711278004253
-0.0018863547916915663
-0.0013624043694031307
-0.0004361333192339639
 0.00016266745242764225
-1.276507723940723e-05
-0.0009717872019067431
-0.002496865093708625
-0.0038044091576447253
-0.0038745833835057697
-0.002691014257366356
-0.0011472278248685908
 3.4002227852922284e-05
 0.0009017964425743069
 0.0006421572698624561
-0.0010513339080290285
-0.0026512621492040672
-0.003055923873826416
-0.0025577032591349996
-0.0015098003912344393
-0.0007893678018414674
-0.001102805663165271
-0.0010747388054740403
-0.0009273792034693307
-0.0017062926749574908
-0.002227908070475404
-0.002115634569739372
-0.0020524816107794636
-0.0016758928138194407
-0.0008572191408741797
-0.0001929243135110753
 0.000398859237896787
 0.0003895009209014394
-0.000256085365765768
-0.0006092874751940786
-0.0010724260352642234
-0.00120809431682678
-0.0002443980919710348
 0.0011216187607654832
 0.0026186237249050115
 0.0030536893573128165
 0.0020361903971976986
 0.0011520186219035333
 0.0002584905529377096
-0.0001227804375055347
 0.00047134218732022837
 0.0008034885893399568
 0.0013929330673298906
 0.002188216006096033
 0.0017414509599512767
 0.0008268712302242631
 0.0005555366904228531
 0.0002023345809945426
-7.1339032224782e-05
 0.0006678061445114791
 0.0017157090124120533
 0.0020104302397451757
 0.001399930054346632
-0.00019064189315676217
-0.0015379502051973554
-0.0016970092209390303
-0.0016432125556507804
-0.0010935323257653257
-0.00011814073381999357
 0.0005601885340505708
 0.00027248048032378624
-0.001456096798836376
-0.002850186579235206
-0.0036735424456636745
-0.0037741246259575673
-0.0024385157276539254
-0.0015730605863504277
-0.0010912134855843997
-0.00039183255695261765
-0.0008596492638585918
-0.0015824249733168844
-0.0013695713156106487
-0.0012923839161432804
-0.0011216335799594523
-8.236656357379912e-06
 0.0008197933102595395
 0.0011145145375926618
 0.0014583563067019217
 0.0005578110174823681
-0.001173105335095695
-0.0017953008875837978
-0.0020221930324448995
-0.001668994969663995
-8.254866270665517e-06
 0.0008759128623761075
 0.0005367451934552708
 0.00020225567137024947
-0.0005392326254313323
-0.00168538062353156
-0.0019263072089001354
-0.001942682746149213
-0.002141506009995381
-0.001177809785139608
-5.505656786589097e-05
 0.00038936535821355867
 0.00020925468171067996
-0.000981335711329856
-0.002216368499310728
-0.0029929428973809874
-0.002824531634615074
-0.0011310445033709815
 0.0003542650936789876
 0.0003472458501015546
-0.000969654507506218
-0.0023146237461288965
-0.0023426946504675333
-0.001989496587686629
-0.0012456732641145385
-0.0004527293987663106
-0.0006726043233736684
-0.001257374701175193
-0.002235109413185818
-0.003383596484703974
-0.003994096670102518
-0.0035613701111126272
-0.0027473745850031955
-0.002263188410819253
-0.0022608513607250413
-0.0029462018954967556
-0.0031473642327608242
-0.002747384701621697
-0.0016924646134673926
-0.0009533194367311176
-0.0016877905132789695
-0.0021485899999311997
-0.0024058900992251497
-0.002300633818742834
-0.0007147440647226749
 0.00035421046393908917
 0.0001062666583167976
 0.00045946472109771597
 0.0010512482725055644
 0.0005857706390175188
-6.449379448553172e-05
-0.00030775945327199405
-0.0005627204791480295
-0.00047149863917318735
 0.0008220069376080608
 0.0021646330561654603
 0.002290940997408966
 0.0017225441335328162
 0.0008360332848207225
 0.0003120788158849086
 0.00036119733433734313
 0.0008102974072526081
 0.0014465233536007788
 0.0016406644239637114
 0.001614932593043003
 0.0016359822304805038
 0.00135763047042535
 0.0008243197078178638
 0.0005576633148522969
 0.0002559208206180247
-7.389055463116745e-05
-0.00023762771720865772
-0.00024932510762190607
 0.0005880611526666302
 0.001261712273701393
 0.0012827619111388938
 0.0005763597156059896
-0.0006586730723748824
-0.000740542665325486
-0.0007382056152312744
-0.0006820698765251099
 0.00025121839389781464
 0.0007096747604847242
 0.0007868621599520925
 0.0003400971138073361
-0.0005534309551584737
-0.0007054727506464048
-0.0004972972397760123
 0.00011319889897513924
 0.0012523256301742586
 0.0013739554245819352
 0.0007424035784221877
 1.7288795545980506e-05
-0.0004973093797182027
 0.000323703366644959
 0.0009435557990677551
 0.0007353762415499426
 0.0012523094435846621
 0.001675679708902894
 0.0013084431589671236
 0.0010838900875239366
 0.0005692919122597395
-0.0001721963845418284
 0.00013422020988085315
 0.00016696521440789924
-0.00022366206970698965
 0.0004172420234770241
 0.0008710202432281183
 0.0006394499515311874
 0.0004148968800880004
-4.356353314630135e-05
-0.000607282250186636
-0.0002891702886743952
 0.0007610716526440797
 0.0015586936648281369
 0.0016522545782208936
 0.0007540483624192545
-0.0005371221875914989
-0.001627132423661859
-0.0023428909128664077
-0.002406047918473722
-0.0016318166404687834
-0.0005324541573741709
 0.0001645876978397104
 0.0005598890821430086
 0.00014119291701318593
-0.0006377205544749742
-0.00129968035506757
-0.0020902891936452894
-0.002001406427088362
-0.0015873924554417607
-0.0010727983268249697
 0.00023941983729956762
 0.00134579954064791
 0.0018299857148318527
 0.0017995757370753152
 0.0014253219668858008
 0.0007867529004723095
 0.0002487639910290079
 0.0003586984183471392
-0.0006120190734097419
-0.002013126074062316
-0.0016178246897590037
-0.0008740013661869134
 0.00014349354728081243
 0.0012568904708828849
 0.0008428724525888776
-0.00012082781891427363
-0.0009512009055964721
-0.0016763156884726793
-0.0017324554738262637
-0.0006658400185824143
 0.0007516364493481559
 0.001034662309591719
 0.0006814602001634085
 0.0008592277566009665
 0.0015609477586506493
 0.002005369684730113
 0.001640472208212243
 0.00041947386073884485
-0.0011968278943615684
-0.0016014896189839173
-0.0005886728523520207
 0.0005621492459366301
 0.0015609315720610528
 0.0016989348803941318
 0.0007305564620551513
-0.0003922008018659717
-0.0012740335037422362
-0.001613201172663073
-0.001587473388389743
-0.0011500686825640372
 0.0002440170511874007
 0.0018837054938195263
 0.0028193328376603516
 0.002791261933321715
 0.0021714054542515127
 0.0018930536941963588
 0.0017737589265591908
 0.0010556613639367274
-0.0001466243961933955
-0.0012015485309950918
-0.0011126657644381505
-0.00019107286110479904
 0.0007305200422285524
 0.001228740656919955
 0.0011188021829544315
 0.0009971683418993488
 0.0006813914071576166
 0.0010041815155056727
 0.0019959466213763793
 0.002176053251231838
 0.001932787592445362
 0.0011375006070318133
 0.00011532350008087999
-1.632194138373455e-06
 0.00037495660282163557
 0.0010579640175280292
 0.0020661026373241104
 0.001790089950686885
 6.852989178045277e-05
-0.0014004102379915478
-0.0022027144436588264
-0.001638999773265884
-0.00039929288509660266
 0.0002930708232814494
 0.000526976141748875
-0.00024959825632137056
-0.0009840693328692224
-0.0008881693460585649
-0.0004975461085910821
-0.00019580766100421587
-0.0004624640539697966
-0.0008507522646667848
-0.0011829027133338915
-0.0011571749290605615
-0.0002753462738316892
 0.0004614598294866573
 0.0002696537858942333
-2.5071488086295113e-05
-0.00021687753167870527
-0.0004999074385696745
-0.00011396234793802085
 0.0005690450667683727
 0.0009573292308179687
 0.0012941537796734848
 0.0010462099740511932
 0.00025326206205555923
-8.122746002944825e-05
-0.0003946653213532658
-0.0009303151573786667
-0.0006192204161201559
-6.385203951103646e-06
-0.0002449727159017506
-0.0009607312051062994
-0.0013349849752958137
-0.0012624757226642747
-0.0008274100902564557
-0.0004157351920277691
-0.00042977165585894594
-0.0006028651121080808
-0.00041106311516304894
-0.00013505447517321578
-0.0001327174250790042
 0.0005315774022841002
 0.0010508496777367204
 0.000908164175920434
 0.0003280719449547248
-0.0005631170505931843
-0.0002450050890809574
 0.0006087546851329811
 0.0016894045808843045
 0.0025525206487698737
 0.0025618749191178153
 0.0020192078628386984
 0.00045436572293233723
-0.00039238087767524965
-0.00016549277946156793
 0.0003444232023194077
 0.001153740581593024
 0.0016192141684336636
 0.0013361842615426944
 0.00023447865838278903
-0.0007455951270457506
-0.0013116529175039998
-0.0009841846623201145
-0.00031521168812116696
-0.0007830283950271411
-0.001622757775380998
-0.0021326778038093658
-0.001781818814446376
-0.0007713411212323801
 0.0005315207492205126
 0.0013034129538075367
 0.0006227405658716517
-0.00016085105245232378
-0.0010286493138211283
-0.0014660580662942402
-0.0003152359680055755
 0.0005315065859546192
 0.0005595734436458499
 0.00042858330891912266
-0.0007807196714647302
-0.0021139935429978635
-0.0022941042195007283
-0.0020087392858392505
-0.001007617886296927
-0.00011175479056059479
-0.0005912668645561003
-0.0012111233436263025
-0.0018567096302935238
-0.002792341020781755
-0.003016894092224928
-0.0024555184952499143
-0.0010403811007372726
 0.0004355722026410519
 0.00028586948057103545
-0.0008041407554993246
-0.001580715153569584
-0.002011106685788966
-0.0013234211242467292
 7.50962722109727e-06
 0.0006250229862259787
 0.0011162263806636513
 0.0007747196383249
-0.0008415821167755133
-0.001517576357875583
-0.0005679145735272978
 0.00040981609183593504
 0.0008682724584228585
 0.0012121142275321184
 0.0005992749687156462
-0.0002451325584740399
-0.00024513458179772907
-0.00020537235701693912
-6.97081221017748e-05
 2.3852791290968067e-05
-0.0003316883915552432
-0.0004650175996998851
 0.0003910812479319542
 0.0011770078930264383
 0.0013407410089565502
 0.0013781641603194256
 0.0008308189572044794
 0.00018757174395515885
-0.0006451404161449681
-0.0007737914774537807
 0.00046591541071551446
 0.001268215569735387
 0.001953562057859695
 0.002430731011789908
 0.0018763685884212317
 0.001120845851112176
 0.0006202821163554528
 0.00013843096894203266
-0.0002381618746653824
 8.462823368267369e-05
 0.0005875269952098916
 0.001085747609901322
 0.0015980026651001844
 0.0011793064999703617
 0.0005009731854523775
 3.549555196434573e-05
-0.0004907979903893966
-0.0009820054314744753
-0.001208897576335577
-0.0009235326426740992
-0.0007691558204156457
-0.00023818817787348012
 0.0009149729938330853
 0.0019839275224948494
 0.001958195691574141
 0.00018517601747367052
-0.0007995759147906983
-0.0004276652646665047
-0.0005680116930648765
-0.00031071564041833255
 0.0008845488528106404
 0.0012821893105318671
 0.00042374734283472104
-0.0003575052020713537
-0.0007247417520071381
-0.0010124498057339226
-0.0006077921277589798
 0.00044244981355950896
 0.001214342018146533
 0.0019160620201962297
 0.001986232199409868
 0.0008845265962499488
-0.00018209290564130676
-0.0012346779670251024
-0.001707172820766878
-0.0004721440794333981
 0.0005593852745417738
 0.000716101170218128
 0.00023191094938679324
-0.0011762132715194967
-0.0013937491227089538
-0.0006288741383756596
 0.00018044324089794284
 0.0009195884176342317
-1.1364826018170349e-05
-0.0013633512848946067
-0.0017609957892632394
-0.0022428469366766735
-0.0024884516688810504
-0.0019925701276075486
-0.0016510674319162033
-0.0015996098400458542
-0.0018381973519965011
-0.0021913994614248117
-0.002163332603733581
-0.0016791464295496383
-0.0005984965337983011
 4.2407559385684857e-05
 0.00027163473101729507
 0.00020613865199206605
-0.00066633775621254
-0.0014218604935215817
-0.0016651261523080718
-0.0012604684743331152
-0.0005306795912684847
-0.0002008722626666848
-0.0006172293543786067
-0.00044647901819477864
 1.1977348392130938e-05
-0.0003997015964839479
 0.00026693230429707115
 0.00036283229110772863
-0.0005143222639327066
-0.00028743416571899716
-0.0002663845282814964
 0.000173359250962124
 0.000854027592250603
 0.0004657393815536426
 0.00019908298858804796
 0.00038152869186142135
-0.0004301318074775018
-0.0015341764840553218
-0.0013096274592595408
-0.0004067471432694786
 0.0012235850056910025
 0.0019697474026809936
 0.0008142431109091214
-3.2503489698465504e-05
-0.0008418249156194879
-0.001337710503540382
-0.000671076602759349
-0.00041845869694863425
-0.00011905932277968267
 0.0005078103298968434
-2.082228587479973e-05
-0.0001541514940194555
 0.00033237375358240173
-0.00010035685205489475
-0.00023602513361743738
 0.00017798883802915
 0.0005194915337204953
 0.0007931611002924138
 0.000613050423789549
 0.00033469866373440904
 0.00046568475181374414
 0.00024814890062428707
-0.0004488970012369864
 2.5421450962070935e-06
 0.0012141801522505546
 0.0010808509441059128
 0.00033468450046850173
-0.00024306865707927894
-0.0004933515361194851
 0.0008282229216766968
 0.0010457547262187478
 2.1238545849899815e-05
 0.0006364128314368667
 0.0008071631676206947
 0.0006106789771924415
 0.0009311300121225968
 0.0008890246672765001
 0.0011065564718185372
 0.0015860644991666645
 0.001873768506246043
 0.0020258062550865957
 0.0024444983735690123
 0.002353272486946764
 0.0013381126002495608
 0.00012880961986572181
 0.00019664072566144553
 0.0010854866011440478
 0.001111214385417364
 0.0017988999469596006
 0.002622251766740677
 0.0023088139054168594
 0.001670244839003368
 0.001101847975127232
 0.0008936684176094195
 0.0010667578272111622
 0.0012047611355442134
-1.857628534709943e-05
-0.0008045069770889757
 0.00018725812878170323
 0.0004632667687715364
 0.0007205628214180804
 0.0015462537146170852
 0.0015135046634426191
 0.0012351529033874653
 0.0010129389053621929
 0.0009918852212773
 0.001796524453715087
 0.002430411326645343
 0.002198841034948426
 0.0019485581559082338
 0.0017731256262411704
 0.0010597062104545224
 0.0003369305009962298
 0.00020360129285160178
 0.0003439436746025676
 0.0011181749526075063
 0.0016912459166720795
 0.0011228490527959295
 0.0007532734294422583
 0.00036030707190945477
-0.0002431758932353728
-0.0002829421646635688
 5.856053102779035e-05
 0.0008795732773909659
 0.0016725171427391938
 0.0014432859244601776
 0.0011392043568080185
 0.0018315680651860566
 0.0014222281937278786
 0.00046320606906054274
 0.0009403750229907554
 0.0011438723870253464
 0.0013169617966270752
 0.0013567240214078652
 0.0005286900081435536
 0.0003439011848048734
 0.00026670973869009906
-0.0004724394846935681
-0.0012770827637787613
-0.0010712463263262556
 0.0003088049669177084
 0.0008421116828777747
 0.00042107644433003744
 0.0004421260817675521
 0.0005801293901006171
 0.0006970810376724784
 0.0005567346092741066
-8.183445713937088e-05
-0.00013095702223921146
 5.148868103416193e-05
-0.00024089751952845184
-0.00038592209476263906
 0.0002526429250034462
 0.0009333112662919252
 0.00014504150113212044
-0.0004631196108485225
-0.0002596222468139314
-0.00030406666507795665
 0.00043273943824040373
 0.001078321678260219
 0.0011952733258320941
 0.0016864767202697667
 0.001426837547557916
 0.0006175161216368935
 0.0003859458299399904
 0.0006315465154969752
 0.0009987790187853396
 0.0009707081144467028
 0.0009356199898543499
 0.0009753822146351399
 0.0009309377963711146
 0.0007788960008831836
 0.0001567004483950668
 0.00015903749848929227
 0.0006011203511508273
 0.0007601753202450962
 0.0011858846589812427
 0.0017472602559562705
 0.001974148354169966
 0.0011741832219206022
-6.084956606026981e-05
-0.0006760278982946427
-0.00039768018488689494
 0.0005566597462972195
 0.0010244724065557737
 0.0010455220439932883
 0.0012817664358786285
 0.0009776848682264555
 0.0003040297005442866
 0.00035080914557883425
 0.000339111755165572
-0.0007649329214122758
-0.001999965709393134
-0.0025122248112394163
-0.0024584281459511526
-0.0014315769388117822
-0.0006339549266277389
-0.001174282909488955
-0.0009263431505140418
-0.00046788678392713223
-0.0014386042756840273
-0.001876013028157139
-0.0014830507172717278
-0.0003649756468338261
 0.0014478042287237314
 0.001515635334519455
 0.0008653709010164184
 0.00036012901942387987
-0.0008468348875420584
-0.0012070542172240989
-0.0013988602608165368
-0.0009988807296773955
 0.000846646173730925
 0.0013893091833626497
 0.0009261706232925049
 0.001314454787342087
 0.0004349611588837371
-0.0015228453152317245
-0.002173109748734775
-0.0024280707746107966
-0.0016093971016655356
-0.00039775909451118807
-0.0008375069204022145
-0.0014503461792186728
-0.0015111641114080587
-0.00134509192206006
-0.0010176236668761884
-0.0001895937002592829
 0.0009495330309398226
 0.0016255232253924862
 0.0007717594045311693
-0.00046093431003180196
 0.00014254460846563344
 0.0009167758864705722
 0.001538967392311269
 0.002404422533614753
 0.0027763331837389604
 0.002778670233833172
 0.0020675898914644247
 0.001616146698483839
 0.002018465303040895
 0.0023927150265830033
 0.002170501028557731
 0.0023903719065176826
 0.003438274774418257
 0.004158707363811243
 0.004483836545577213
 0.003646446238641257
 0.0018476967569437674
 0.0005869341613658763
-2.5143632714635933e-06
-3.7602487863844236e-05
 0.0004957042280962359
 0.0014266534251012458
 0.0022617006119718813
 0.0023318707911855058
 0.001821950762757138
 0.0015599725166273865
 0.0013564711059454032
 0.0005073854319199017
-0.00019901676361301635
 0.000385749567541116
 0.0013190378379640266
 0.0024090440273869806
 0.0031107640294366773
 0.0025259936516351528
 0.002023090843460529
 0.0008839600656140173
-0.00011950445399362686
 0.0005120433455187146
 0.001644152856464104
 0.002198511233185374
 0.0016979474984286508
 0.0011763321029107238
 0.0008628942415869201
 0.0008558749980094871
 0.0002944953543870671
-0.000372142593041358
 0.00014946875582917685
 0.00034594889961002406
 0.0009564450383611756
 0.0016885729948437067
 0.0018616624044454494
 0.0021049240165845334
 0.001071051542544027
-0.0004633826429294857
-0.000765125137163758
-0.00022714027436783468
 0.0006359757935177207
 0.0012394547120151422
 0.0008488274279002533
 0.0004909471716361274
 0.0004769107078049645
 0.00047690868448126145
 0.001047640575127906
 0.0016815274480581899
 0.001693220791824046
 0.00046988337093271937
-0.0004961559739883464
 6.288054956876676e-05
 0.0007973475794692125
 0.001744670290399583
 0.0028721016545091294
 0.002968001641319787
 0.0022943464736376457
 0.0017212714629256803
 0.0005634280977358797
 0.00017046174020307614
 0.001293214957476807
 0.0008862141594365436
-0.0003675312158876176
-0.0010879678519280095
-0.001838812442401222
-0.001707826354321887
-0.0012072666662125697
-0.0008821374844466129
-0.00013597508745659403
 0.000490894565219932
 0.000331835549478271
-0.00025761297515908277
-0.0010154747858860391
-0.0017873710371204693
-0.0022622049642801734
-0.0018575472863052167
-0.0005266165348373902
 0.0002920571381078846
 0.00045111210720213957
-7.050328831577357e-05
-0.0013499784712369678
-0.0013640149350681169
-0.0005851055102273628
 1.36952614342295e-05
 0.000848742448304865
 0.0006358847439512372
-0.00044944734528330754
-0.0017382788218761325
-0.0023604743743642492
-0.0011464972937919732
 0.00038091562478040353
 0.0008814753128897207
 0.0008346918212077947
 0.0004510817573466358
-0.00029508468629076134
-0.0007629013931967216
-0.0008728398671622589
-0.0003138033436051596
 0.0001937735647579153
-0.0007208061649691122
-0.0013125937630243806
-0.0012166937762137092
-0.0011675752577612608
-0.00037229231899513215
 0.0003317667564724791
 0.0005422813407607863
 0.0010264675149447428
 0.0007294031675462997
-0.0006366177318376104
-0.0011325033197585044
-0.0006249264113954434
-2.8464713151765686e-05
 0.0004884684888829399
 1.5973635141150466e-05
-0.0010155597654814413
-0.0012985896723723966
-0.0016026712400245696
-0.0011021115519152525
 0.0003106867691794746
 0.00023583439648261484
-0.0005407400015876307
-0.0011910044350906812
-0.001226092559683048
-0.0004261314740810762
-0.00035128314803162253
-0.00015714207766868993
 0.0002662281876495559
-8.463484836082613e-05
 0.00014693139668868482
 0.0005188420468128785
 5.1025339906918266e-05
 0.00013990810646384577
-0.000496321886531717
-0.001593349342855821
-0.0007489458623135409
 0.00021241128912430352
 0.0009258266582635594
 0.0009211464881040271
-0.0003419551808917787
-0.0007559731991857721
-0.0008682507465692102
-0.0010202925420571413
-0.0005711924691418763
 0.00023344676329591085
 0.0008930634438231999
 0.0006123726103501453
-0.00042617801052617643
-0.0015232054668502804
-0.002114993064905535
-0.0025617581110502913
-0.002617897896403862
-0.0016822705525630505
-0.001282291021423923
-0.0015559646346432338
-0.0018904541567282551
-0.002498615268708898
-0.002084601297062297
-0.0011934163481617799
-0.0010904991410973786
-0.0007840825466747109
-0.00044491892440126635
-0.0007162534642026763
-0.001537270257213244
-0.002681079181895571
-0.001960646592502599
-2.8441650345156777e-06
 0.0005959566066270766
 0.0012766249479155556
 0.0012181460891440704
-8.939797479205758e-05
-0.0004402610108024396
-0.0008846869835292814
-0.001310400368912848
-0.0010250354352513702
-0.0010531063395899931
-0.001258946823689891
-0.0007911341634313368
-0.0003396950170981572
 0.0001748991115186338
 0.0006661025059563064
-0.00034437923390506775
-0.0008121959408110418
-0.0012402483996124952
-0.0024401950863247035
-0.002133778491902022
-0.0015747419683449226
-0.001282359814429701
-0.0006274212807382412
-0.00025317155719613293
-0.0005783047856095097
-0.0007864843431273083
-0.0014110189690333258
-0.002288173524073761
-0.0010461275624865651
 4.855677377221812e-05
-0.0005408917508651079
-0.0018133497135325721
-0.003022652693916411
-0.0025314492994787385
-0.0011841450340855236
-0.000547919087737353
-0.0008403052882999668
-0.0012098809116536519
-0.0015958300489327115
-0.0022952150242118857
-0.0027115721159238076
-0.0024683105037847375
-0.001401695048540888
-0.0006391591376254807
-0.00011520871533705901
 0.00028009266896625307
-6.141407337249827e-05
-0.0011818322638757067
-0.002540835943005873
-0.002005190153627892
-0.0010204422680109293
-0.00031638319254331804
 0.0010987542019693097
 0.0016063311103323569
 0.001538495957889227
 0.0006777149167741803
-0.0003374449699230231
 6.396799186236812e-06
 0.000705777727818005
 0.0011548778007332838
 0.0010379221065140165
 0.0008437769895036779
 0.0013279631636876205
 0.001938459302438758
 0.0012671432081745315
-4.9757149433241055e-05
-2.4029365159911054e-05
 0.0003689329457254864
 0.00018882226922262157
-0.00011292022501163679
-0.0005643634179922224
-0.0005713826615696554
-0.0003257819760126568
-0.0006906794525305265
-0.0013362657391977478
-0.0016029221321633425
-0.0014836314111735527
-0.0015304149028554787
-0.0013503082730000199
-0.0007047260329802046
-0.0008427333879606758
-0.0012614295530904845
-0.0006532724877572477
-0.000314108865483817
-0.0005152712027478856
-0.00010827445135501435
-0.00036089640381313515
-0.0008871899461668775
-0.00041002099223667876
-0.0003351726661871973
-0.0004357548464810901
-0.00040768798878985935
-0.0007187867766957623
-0.0005012549721536974
-4.981582582053168e-05
 0.0005162379179903115
 0.0010051022390100695
 3.204567383527368e-05
-0.0016193421825338034
-0.0020754635223502182
-0.0016731449177931762
-0.0011024130271465177
-0.0005363592833356745
-0.0008661706585848666
-0.0015164350920879172
-0.001841568320501294
-0.0024473903590640084
-0.002470783116566816
-0.0018392353170544745
-0.001156227902348081
-0.00034223237623863534
-0.0006930954122490313
-0.0015959797748864996
-0.0017105963956878523
-0.002187769396265443
-0.0021316336575592787
-0.0011819718732109935
-0.0009129804534748903
-0.0005293744362611513
-0.0007281977001072915
-0.0019117708728941252
-0.0022252087342179427
-0.002276670372735684
-0.0019562193378055287
-0.0012966026572782396
-0.001036967531213795
-0.00040541973170143963
 3.666312096010926e-05
-3.103150468086735e-06
-0.0003796959940755157
-0.0006931338553993333
-0.001296616820544133
-0.0018556573907486384
-0.0006720882646092247
 0.0007266756159780285
 0.0015453492889233034
 0.0017956281213161035
 0.0011547199814846976
 0.0008295867530713347
 0.0005605912866878254
-0.00012242017466596034
-0.0002136460612882085
 0.00017931624959718895
 0.0004623421098407521
 0.0009324938435172347
 0.001135991207551812
 0.0016459071893327737
 0.002204943712889873
 0.002064597284491515
 0.0021464628307946987
 0.0018610938504858149
 0.0012646281055947312
 0.0009956326392112497
 0.000993291542469632
 0.001311403503981859
 0.001884474468046432
 0.0019031850320660182
 0.0013535007555331713
 0.001243562281567634
 0.0014049563240798174
 0.0016575742298905322
 0.0015733655635220417
 0.0012341978946011911
 0.0007687202611131455
 0.0005044029415654655
 0.0008950261790329622
 0.001542947492470692
 0.00233589135781892
 0.0024645383724803405
 0.0022119164200222335
 0.0017557950802058186
 0.0007125663124936815
-0.0001809617564721422
-0.00019967636713912051
 0.0006213363792240412
 0.0016575438800350423
 0.00315220977075667
 0.0036901946335525654
 0.002925315602571879
 0.0025183148045316017
 0.0015967178545508443
 0.0006681036843163568
 0.0009043480762017109
 0.0012014083769527478
 0.0017323760194948995
 0.0024785384164849045
 0.0020200780032506027
 0.001213095650747495
 0.0005534749235728137
-0.00041958164160199596
-0.0007423757965974442
-0.00031432738444338304
 0.000946431164487116
 0.002300752650134047
 0.0025019109407507234
 0.002160404198411986
 0.0016341106560582436
 0.0007499388807640645
 0.00024937514600734123
 0.0008668885050122366
 0.001531183332375341
 0.0017791230913502404
 0.0020364191439967705
 0.0013534076826429847
 0.0005838505048264692
 0.0011054618536969762
 0.001496085091164473
 0.0018048407590050691
 0.002321773961039761
 0.0012317637249694008
-0.0002044293769518507
-0.000857032883872802
-0.001161114451524961
 0.0003195169986891927
 0.0020574465248735796
 0.002331116091445498
 0.002429355151674084
 0.0017861079384247774
 0.0009838037327574989
 0.0011709275828667015
 0.0009229837772444099
 0.0005931724019952178
 0.0005580842774028372
 9.728479075060692e-05
-2.66881237223765e-05
 0.0005089576656556044
 0.0010516206752873292
 0.000880866292456095
 0.00017212502350529013
-0.00019511152643049423
 6.920174646977972e-05
 0.0007709217485194764
 0.001685497431599084
 0.0022866372766786047
 0.0022351756381608495
 0.0012925270274188883
-0.0002208554972934207
-0.0010839756118263821
-0.001785699660523471
-0.001626644691429216
-0.0006886782741704761
-0.0013061956798227498
-0.0006582743663850199
 0.000333490739485659
-0.001079311628256474
-0.0011962673224757275
-0.0011822349052919567
-0.0017763615767651258
-0.0007424931493720394
-0.0003729215726657603
-0.0008267038390642328
-0.00035655210538776405
-0.00011095141983077927
-0.0006653138431994693
-0.00024194357788120957
 0.00033112738618336357
-0.00015072376123007047
-0.00019049003265826647
-0.00043141661802682807
-0.0006887167173207642
-0.00014839278110696796
-0.00030277365001281364
-0.00036359158220219956
-8.290479537653717e-05
-0.0008384275326855928
-0.0010933885585616282
-0.0012571257211391046
-0.0020243438255377194
-0.001320284750070122
-0.0006185647480204393
-0.0004197455308216774
 9.718767121302818e-05
-0.0006583350660960136
-0.0016407479249424678
-0.0017834334267587681
-0.0017249586146346751
-0.0010840545214506753
 0.0002047729084947436
 0.0009509353054847486
 0.000550951727698229
-0.00016246768808841905
-0.0010396222431288682
-0.0018887079171543697
-0.0021156000620154575
-0.0017530457055629084
-0.0012033654756774537
-0.0008501674128965492
-0.00020224609945881933
 0.0002655665607997487
-0.0001273997967330548
-0.00099753713151976
-0.002113277175187153
-0.0023612209808094448
-0.001586989702804506
-0.000887608774172724
-0.0008127604481232703
-0.0011472499702082778
-0.001568285208756015
-0.0019238263916022263
-0.0012431580503137474
-0.00028647904571170446
 0.00017431639429310586
 0.00022109583932763965
-0.0007987421942053929
-0.001360121837827799
-0.0008361714155393635
-0.00011339975272847691
 0.0006444580113510873
 0.0010374203222364708
 0.0013602104305845408
 0.0017438164477982937
 0.0018888369763850887
 0.0018701223657180965
 0.0016712991018719564
 0.0013976254886526318
 0.0014139969792543033
 0.0013204320192141544
 0.001467791621218864
 0.0023426030561939926
 0.002307514931601626
 0.0018256637841881918
 0.001729759750730142
 0.0018139643704512404
 0.002139093552217211
 0.0016081218630276395
 0.002005762320748866
 0.0025180173759477426
 0.0013250879094892781
 0.0010794831772848873
 0.0011145672552298619
 0.0010841572774733244
 0.0018373368947170593
 0.002415086005617448
 0.0023519290000101334
 0.0018934685867758316
 0.0018232943609147872
 0.0011496391932326322
 0.0004993747597295817
 0.0010139688883463865
 0.0010420357460376173
 0.0009554880062511983
 0.0011449509297783017
 0.001049046896320252
 0.0012619005540264738
 0.00186771854594181
 0.0020150781479465196
 0.0009882228941597432
 0.0001648670277312747
-0.00036844373487619764
-0.0009508750392598214
-0.0002491550372101248
 0.00037771461546641516
 0.0004946662630382764
 0.001336730670162642
 0.0019472268089137934
 0.0014443240007391694
 0.00039173893935537385
-0.0006164037270880995
-0.0010584906263970406
-0.00010415069521291231
 0.001519164233493825
 0.002620865790006352
 0.0028407366679663038
 0.002092231150910992
 0.0011916858616914522
 0.00041043331678536354
 0.0005063333035960349
 0.001636103741123482
 0.0019004170140237697
 0.0013133075628043306
 0.00038703246598775776
-0.0005462598510825589
-0.00022580881615240356
 0.0012173974593751719
 0.002344828823484718
 0.002232551276101266
 0.001512114640060902
 0.0006115693508413483
-0.00011120635861694428
 0.00011802081301465206
 0.0006840745568254952
 0.0008361123056660341
 0.0007776334468945489
 0.00047121280582446134
 0.0004478200483216538
 0.0013226314832967823
 0.0014840255258089657
 0.0009436975429477495
 0.0009811206943106249
 0.0008641650000913714
 0.0005975086071257768
 0.0006746960065931451
 0.0008992450313889261
 0.0006489621523487338
 0.0006045177340847224
 0.0009623939437014423
 0.0005390196317357904
 0.0007167871881733623
 0.0014629495851633673
 0.001537797911212821
 0.0015027097866204542
 0.0009343129227443042
 0.0004360882614055095
 0.0006980624608878688
 0.0006255491616089098
 0.0009506783433748806
 0.0017599957226485108
 0.0015424598714590537
 0.001713210207642868
 0.0020055923615580895
 0.0005881118469801411
-0.000541662637194712
-0.0007404859010408799
-0.0008527634484243318
 0.0005389832119092053
 0.002171654434287601
 0.0015892231299039772
 0.0007799017039829687
 0.0001600452249127804
-0.0009954590668591057
-0.0007054159863618126
 0.0005202564613000088
 0.0015611421089468391
 0.002129534926175597
 0.0020850905079115717
 0.002143565320035651
 0.0020266096258163835
 0.0018979585645075847
 0.001381021315825473
 0.00012727594050131186
-0.00019084006765832107
 0.00034012757488385836
 0.000943606493381266
 0.0015985450270727258
 0.001968116603779005
 0.0022604987576942404
 0.0018885840609226268
 0.0013014746097031876
 0.0011120076395286782
 0.000585714097174922
 0.00020912125356752076
 0.00037051529607969036
 0.0007962246348158508
 0.0009295497963130867
 0.0007962205881684586
 0.00025589260530724245
-0.0003405731395838413
 5.0050097883641564e-05
 0.00040324816066455993
 0.00048511370696775746
 0.00020676194691260363
-0.0004107554587396839
-0.0009019628998247486
-0.001210722614312737
-0.00047157743757647586
 4.535576445822975e-05
-0.0003639841069999483
-0.0006821001151595812
-0.0009510955815430905
-0.0010259479542399502
-0.0007709909750113209
-0.0007873665122603846
-0.0014399700191813497
-0.0018095456425350348
-0.0014095661113959074
-0.0009253799372119509
-0.000976841575729706
-0.0014516755028894102
-0.00152652787558627
-0.0008154515798649287
-0.0002377024689645263
-0.0001722104365867172
-0.0003195740852388329
-0.001231814741547932
-0.0022399574079914053
-0.0022399594313151083
-0.0014329811254594066
 0.00038213782351605163
 0.002440520407954311
 0.0026744257264217364
 0.0017504897030230782
 0.0005786118973258036
-0.0012365110982970606
-0.001900809972307571
-0.0007499878740189064
 0.0004943971609862041
 0.0012569330719015975
 0.0014113098941600372
 0.0004499486960747867
-0.0007195900362045593
-0.0017768532444241564
-0.0031077880425394028
-0.0034937371798184624
-0.002967447684112126
-0.002090297175719069
-0.0014353586420276093
-0.0021347436173067974
-0.002897283574869583
-0.002712498798178295
-0.003194349945591715
-0.003486736146154329
-0.0026002293440896412
-0.00278034002059252
-0.0024949750869310283
-0.00130204966711997
-0.0013581894524735405
-0.0008014920023343558
-0.0003991733977772999
-0.0012693107325640052
-0.0018540811103655297
-0.002326575964107319
-0.0024973303469385394
-0.0020295176866799852
-0.0008927300288987944
 0.00038440203395707917
 0.0005481351498871634
 0.00015516879235437375
-0.0003266823550590464
-0.0010213891835024053
-0.000923150123273847
-0.0004904235642839427
-0.0003454030356971338
 0.00036801233344210815
 0.0014673748165367068
 0.001762096043869843
 0.0008568726078144739
 4.989025531136615e-05
-0.00018869725663928083
-0.0005021351179630845
-6.253576689596585e-06
 0.000948086354494504
 0.0009597796982603601
 0.0011983631635636288
 0.001705940071926676
 0.001698920828349243
 0.001916452632891294
 0.0018790254348809987
 0.0015609094267213797
 0.0014416146590841977
 0.001116481430670821
 0.0007843309820037142
 0.0009925064928741345
 0.0011468833151325741
 0.0011515594386447003
 0.0020357271672914595
 0.0023631954224753587
 0.0017526952370768012
 0.0015702454871560217
 0.0011141241473396207
 0.00013638943532899572
-0.0005536392462785339
-0.0003361074417364829
-0.0001115584169407019
 0.00011065153443716447
 0.0007726072883823681
 0.0010345814878647414
 0.0012825212468396269
 0.0007959919525903775
-2.034669358436103e-05
-0.00022384810426634427
-0.00035717731241098616
 0.00016677310987743554
 0.0004755287777180456
 0.0002743664404539631
 0.0005901393285482892
 0.0010228658875381796
 0.0008380770641994995
 0.00041236367881593294
 0.00014102913901452296
-0.00014200076787644622
-0.0001256292772747608
 0.0001246495551180532
 0.0004684913242272992
 0.00032814489582892736
-0.00018645327943526968
-0.0008273614192666479
-0.0015080338072025468
-0.0013466397646903633
-0.0012460616310438904
-0.001084667588531693
-0.0002917237231834652
 0.0002322266991049704
 0.0003912816681992254
-0.0002753562792291858
-0.0012881770925084746
-0.0011571910044291533
-0.0008180273821557088
-0.0008905406814346539
-0.0005209691047283749
-0.0008344069660521924
-0.0009607189539431044
-5.316049111721288e-05
 1.4670614678524707e-05
 0.00014331762933994519
 0.00023687854273268805
-0.000701091921173444
-0.0013934596761988882
-0.0017770697400600333
-0.0022425473735480927
-0.0021513255335732506
-0.0013069220530309567
-0.0007268338687126674
-0.0006309338819019961
-0.00042509744444950426
-0.00042977761460902264
-0.0004438140784401856
-0.0008905791245849559
-0.0021536807935807617
-0.002857743915695765
-0.0029817168301687486
-0.002008664311641359
-0.00017015462848676832
 0.00048010575836886227
 0.00045437392744815397
-3.449444021901005e-05
-0.0012274239066774745
-0.002287026188315
-0.0030986866876539093
-0.003470601384425509
-0.0026472495646444466
-0.001271876418236298
-0.0004999842136492599
 7.074767699739859e-05
-2.0478209624849586e-05
-0.0010075692153071192
-0.0017654310260340755
-0.0018168926645518169
-0.0016625158422933772
-0.0015759721491543643
-0.0009420852762241083
-0.0007783521602939963
-0.0013514271710059755
-0.0007105230778219757
-6.26017643842458e-05
-0.0008485324561261359
-0.0010099305452857255
-0.0010637312572213814
-0.0018683745363065746
-0.001456699638077874
-0.0009233929221178078
-0.0009608201201280892
-0.0007713571966009719
-0.0011994096554024253
-0.001564307131920295
-0.001491797879288742
-0.001332742910194487
-0.0012461992170554742
-0.0015736715188867378
-0.0013795304485238052
-0.0005000408667128614
-0.00030823886976782955
-0.00038776938930050464
 0.0002999161722417182
 0.0005665685185598929
 0.0006765029458780242
 0.000973563246629075
 0.0005689015220067123
 0.0004776756353844641
 0.0005104206399115241
-0.00014686101384524253
-0.00045562072833323086
 0.00018762243826866976
 0.0009197503947512009
 0.0012378623562634555
 0.0010062920645665246
 0.0002905335753619759
 0.00014083085329194556
 0.0005104024299982246
 0.0008612614193612284
 0.001258901877082455
 0.0012518826335050082
 0.0006834857696288582
 0.0005291049007230264
 0.0003279425634589578
-0.00044863183461130163
 0.0001010483952741531
 0.0008799578201149211
 0.0012682419841645032
 0.0022553289431993667
 0.0018413109249053594
 0.0005711920356558375
-0.0002825717852054932
-0.0003854930389172867
 0.00016418719096815415
 0.0004308395372863427
 0.0012027317418733807
 0.0016284410806095412
 0.0013734800547335058
 0.0010834329275888066
 0.00011505450924982619
-0.00043229069386512
 9.399880184123022e-05
 0.0009056552545327473
 0.0013337036666868224
 0.0012214261193033843
 0.0009571087997557043
 0.000760624609327451
 0.0006296344746007237
 0.0005641383955755086
 0.0008214344482220387
 0.0007419039286893497
 0.000316190543305811
 0.0005524349351911512
 0.0006904382435242162
 0.0008611885797080304
 0.0013477138273098876
 0.0011348561229562598
 0.00022729361348297616
-0.001098963037796441
-0.0017351930307920177
-0.0013024664718021134
-0.00017503510769256714
 0.0012517976539096198
 0.0017570354888547662
 0.0015652294452623422
 0.0008424537358040496
-3.70398926543003e-05
-0.00015633466029148224
 0.0002997826328775405
 0.0009430257994794411
 0.001293884788842431
 0.001214354269309742
 0.0007746064434187155
 0.0003044506630948546
 0.00027170161192038855
 0.000776939446865535
 0.0009359944159598038
 0.0005289936179195404
 0.00023192927052111123
-0.0008978452136537557
-0.002144573368724187
-0.00246970659713755
-0.002469708620461253
-0.0013422772563517066
-0.00011192666185405598
-8.152073074489674e-05
 0.00024828659785688934
 0.0004892091365780449
-0.00029906062858175986
-0.0006124984899055635
-0.0006475866144979442
-0.0010265185315232739
-0.0010756410966231145
-0.0014803028212454772
-0.0013680293205094174
-0.00041135031590740223
 6.581863802279653e-05
-0.00013768277265918671
-0.0013235950188639073
-0.002198410500486428
-0.002118884027601159
-0.0018077892863426481
-0.001115425577964596
-0.0007388367810045732
-0.0008604706220596697
-0.0010218687112192454
-0.0009212905775727587
-0.0005821269552993141
-0.0006850482090111215
-0.0004675164044690705
-0.0001985249847329812
-0.0010125245574897912
-0.0013002326112165896
-0.001026563044644671
-0.0014078340350879154
-0.001344681076128007
-0.000989143939929188
-0.0011458638822529482
-0.0006663558549048348
-7.457230349695865e-05
-0.000930675197776204
-0.0020698059756227155
-0.0024861630673346236
-0.0023879240071060376
-0.0013493774328771219
-7.224537002124831e-05
-0.00027808585412114617
-0.0013517225762661317
-0.0019949697895154384
-0.0025025507445258915
-0.0023575302159390965
-0.0013119664214564508
-0.0005424132902873136
-0.0005868577085513388
-0.0010102320205169907
-0.0011482393754974618
-0.000851179074746411
 0.00017333305897503093
 0.0011487246509203491
 0.000793183468074124
-0.0002009247578618617
-0.0012605270394993873
-0.001110828364076763
 6.806261522682155e-05
 0.00038383550332116156
 0.0011954919560126787
 0.0012446104744651132
-0.00013076671859042766
 0.0003791492631905202
 0.0007370254728072678
 0.00036978892287148346
 0.0011884625958167444
 0.0007112895952391396
-0.00021264642815951862
 0.0005639239232633347
 0.0008703405176860024
 0.0007346722361234459
 0.0013498465217104266
 0.0012118391667299555
 0.0009662344345255786
 0.0008890429884107903
-0.00022903612867448964
-0.0008652661216700663
-0.0005448150867399248
-0.0003226051353620585
 0.00024110953503088395
 0.0013404720181254826
 0.001759164136607913
 0.002121718493060462
 0.0018831309811098013
-1.6198657557864315e-05
-0.0012699440328820255
-0.001927225686638806
-0.001471108393469811
 0.0005732397504609882
 0.0022550315146155075
 0.003038619086292091
 0.0021170221363113334
 0.0004399044723452372
-0.000781093875128161
-0.0014594271896461453
-0.00082787939013379
 0.0004703043334832874
 0.0013287422545330413
 0.0013404355982988836
 0.000577895640736098
-0.00043258609912529
-0.0007811100617177574
-0.0003390272090562224
 9.492706888852842e-06
 0.00035567354941602736
 0.0009006756324656667
 0.0009825411787688643
 0.0009123669529078199
 0.0012959729701215728
 0.0012187815240068123
 0.0006690972474739515
 0.0006831296646577084
 0.0007626561375429913
 0.0006059361952192449
 0.00027144667313422355
-0.00039519127429418766
-0.000530859555856758
 0.0003299174386109244
 0.001349751425496537
 0.0016280991389042848
 0.0010994665231326278
 0.0003439437858235722
 8.898275994755067e-05
 0.00019423904042985274
 0.0006643907741063215
 0.001883046001514413
 0.0021169513199818524
 0.0009193437066875587
 0.00011470042760236554
-0.0007975402287067335
-0.001157759558388774
 0.0004094176082880957
 0.0013193151445319018
 0.0013263303414619287
 0.0013801270067501925
 0.0001895366137096427
-0.00031570526788290976
 0.0003860147341667869
 0.0006596843007387054
 0.0012865539534152454
 0.0011204777174198405
-9.350340979982774e-05
-0.0007297334027954044
-0.0011764984489401609
-0.00043501419878597125
 0.0007555721476071725
 0.0006643462609849243
 0.00047020114397459956
-7.246591230451738e-05
-0.001237326497748062
-0.0018665392704898948
-0.0013519451418731038
-0.00047245556006215994
 0.00023160351540545132
 0.0005731062110967966
-0.00020814633380927816
-0.0009660081445362345
-0.0012747678590242367
-0.0011110347430941386
 0.00044678612991108646
 0.0016911711649162109
 0.001267796852950559
 0.00046549264728328044
-0.0002900300900257752
-0.001527401951424548
-0.0016022543241214077
-0.00046780573975813144
 0.0003602242268587602
 0.0013543284061473815
 0.001284154180286337
 0.0006806712151415234
 0.0004374055563550472
-0.00042571455817791426
-0.0003555443789642898
 5.613051926439683e-05
-0.0002198821673728285
-0.00023625770462191997
-0.000336839884915785
-0.000587122763956005
-6.551141508548408e-05
 0.000561358237591042
 0.00019879983449110072
-0.0003766142496387792
-0.0012911939793658067
-0.001850234549570312
-0.0008631475905354347
 0.0007250812369026388
 0.0016373178465643456
 0.0011882137270016746
 0.00017305384030447124
-0.001015197479318164
-0.0015859334166122285
-0.0004608411259205969
 0.0006759465318606078
 0.0008373405743727913
 0.0006198047231833342
-0.00020589021666306273
-0.0010152116425840713
-0.0008795474076689069
-0.00036729235247003056
 0.00022215212551990327
 0.0008256310440173248
 0.001080588023245968
 0.0009612932556087861
 0.0004934765487028259
 0.00012390092534914077
-0.0002550309916761889
-0.0006503364226268932
-0.0002456787446519504
 9.58239510393949e-05
 0.00013792524923811333
 0.0006267895702578713
 0.0004887822152774002
-0.0001123616764494989
-0.00010300740610155734
-0.00023633661424619923
-0.0005170274477192538
-0.00021996714696821684
-0.00015213604117249313
-7.962678854094019e-05
 0.00036713421095642407
 0.000605717676259665
 0.0009191514909360765
 0.0005285242068212015
-0.0002784581456818924
-0.00021530518672199794
 0.0004185816862082581
 0.0008349347312727878
 0.000806863826934151
 0.0006571611048641207
 0.00012852848909246373
-0.00016619678488806466
-0.0001661988082117538
-0.00048665388978930135
-0.00036736316879952546
-5.159028070521321e-05
-0.00019661485593940042
-0.00010773208938247292
 0.0005167984898761385
 0.000895726360254076
 0.0008021614002139271
 0.00021271287557657337
-0.0006878324136429803
-0.0010153047154742578
-0.00048199799951417766
 9.107296455039549e-05
-0.00013815825372862078
-0.0006176703277241402
-0.0006667928928239669
-0.00047499089587893506
-9.517309038295507e-06
 0.0006781682525039273
 0.000977567626672865
 0.0003202859729160984
-0.0006527705922586974
-0.0012024548687915582
-0.0016375245478467693
-0.0011931026217673057
 0.000327293076551341
 0.0012278343191234886
 0.0014243144629043358
 0.0013845481914761537
 0.0006149910136596243
-0.00022239929327631802
-0.0009030716812122169
-0.001822329557775046
-0.001623510340576284
-7.504576124270357e-05
 0.0011248968788220848
 0.0016207784200955866
 0.001115536538503048
-0.0006878910900302709
-0.002180221953981376
-0.0023112120887081172
-0.0013147688360015952
-0.0002551706010114757
 0.0005892328795308044
 0.0015014694891925112
 0.001204405141794082
 0.0007857089766642594
 0.0009938844875346659
 0.00025941341098681403
-0.0003136615997251513
-0.00023179605342195375
-3.999405647693577e-05
 0.0006313179911399125
 0.0009962114210103762
 0.00033892976725360957
-0.0008890858004735325
-0.0015767754086631613
-0.001955707325688491
-0.0021194444882659813
-0.0010154038583355396
-5.638578031560981e-05
-0.0002762607049229815
-0.0010832430574260615
-0.002163896999824791
-0.0027018859092680925
-0.0023042454515468797
-0.001464520117840401
-0.0012025459183580417
-0.0012937718049802899
-0.0011581075700651394
-0.0014551719174635547
-0.0020960800572949606
-0.0021685933565739057
-0.0015206720431361898
-0.0009335666385641567
-0.0004587367580518448
-9.384332818138108e-05
-0.00020612087556483305
-0.0005523057647393997
-0.0008236403045408097
-0.0006061084999987587
-0.00038389854862089234
-0.00019209655167586048
 0.0004885717896126324
 0.00042541478400533184
-4.4740996318543e-05
 9.794045885033742e-05
-0.0001874285214585325
-0.0006037856131704405
-0.0004681213782552901
-0.0007254214775492401
-0.0011090315414103852
-0.0005102307697487929
 0.00018213293862925917
 0.0003294925406339688
 0.00044878326162373083
 0.00027802887879252447
 0.0001540559643195133
 2.0726756174871408e-05
-0.0005640436216266531
-0.0010692855032191917
-0.0012517352531399711
-0.0006576126283142081
-8.220259083172032e-05
-0.00022254901923009218
 0.00023122920052100204
 0.0004604563721525984
-3.7768289186210224e-05
 0.0002686483052364852
 0.0005165880642113707
 0.0005002125269622931
 0.0009820596277283211
 0.0006007886372850768
 8.619046202089364e-05
 0.0011247370362498094
 0.002334035969986256
 0.002488412792244696
 0.00210948087521938
 0.0010709302543430582
-0.00036994099441400863
-0.0008377577013199689
-0.0005944960891808848
 0.0003387921812420258
 0.001896613054247251
 0.0024813793854013694
 0.0021375335696447173
 0.001227631986753519
 9.084028232492214e-05
-0.000271718120775033
-3.079558205386357e-05
 0.00042298263769723066
 0.0012416563106424777
 0.0018053709810354063
 0.0017632656361892957
 0.0014708794356266958
 0.000914177938840105
 0.0008650553737402644
 0.0012346269504465435
 0.0013047971296601957
 0.00115041626075435
 0.0009539320703260967
 0.00062879884191272
-0.00026239015363517526
-4.1595415281592274e-07
 0.0016556460024046843
 0.002542152804469372
 0.002733954801414404
 0.0027690388793593645
 0.0019550393066025407
 0.0005866793338007159
 0.0001422533610738741
 0.0002638831554815646
 0.0008860746613222753
 0.0020509312001184
 0.0025210829337948687
 0.00242050075350099
 0.0017959661275949723
 0.0008346049295097219
 6.27086782752917e-05
-0.00010804570455592855
 0.00032234178101604727
 0.0005024484108715199
 0.000574957663503059
 0.0005258350984032323
-2.1510104711713884e-05
 0.00017730911248704795
 0.000764414517059081
 0.00030361503040686466
 0.000605353477993717
 0.0008182071356999526
-5.148730728529727e-06
 0.000504767251052432
 0.0006591440733108855
 0.00048371154364383606
 0.0009445069836486603
 0.0002568173754590314
-0.00021333840486482958
 6.0331161707088965e-05
 0.0002357596447267324
 0.0008836809581644622
 0.0017467970260500454
 0.0019105301419801296
 0.0013140643970890459
 0.00021235879392911272
-0.0009899269662009824
-0.0012472270654949325
-0.0004917083748332829
 0.0009000382855002403
 0.001964314667326189
 0.0019502782034950261
 0.0016251449750816493
 0.0008181626225785554
-0.00046832978059636876
-0.0011256114343531354
-0.0006928848753632449
 0.00014917953176112053
 0.0012672546021990222
 0.0025373694448011658
 0.0027829701303581506
 0.0021771480917954222
 0.00046494432656064844
-0.0015373045424951215
-0.001633208575953185
-0.0010484422447990666
-0.00020637783767470108
 0.0008695939112408069
 0.0005584951233349039
 2.7523434145332315e-05
 0.00020295191716497574
-0.00031632440493503666
-0.000335039015602015
 0.0004649220699999568
 0.00014680606184030998
 0.0001093788638300286
-8.242717976238156e-05
-0.0002461643423398857
 0.0005818656242770198
 2.9842274326244422e-05
-0.0003397333490274268
-0.00016430486600778338
-0.0005432367830331131
 2.2816960777716222e-05
 0.0002918083805138194
-0.0001643129593025816
-5.798433724973906e-07
-0.0002438455021589736
-0.0007537655305873414
-0.00014560846525409066
 0.0006333009595866634
 0.0010028725362929564
 0.0011315195509543768
 0.0009256790668544929
 0.0003268742485454945
-0.0002578961292560439
-0.00030234054752005524
-0.00021579685438102847
 0.0007946808388329535
 0.001973571818136552
 0.0016928809846634835
 0.001206351690414248
 0.0005888342847619604
-0.00044036004244271676
-0.0013596179190055596
-0.0019373710765533403
-0.0007631582440855711
 0.0006940824719494643
 0.0006472989802675383
 0.0008040148759438925
 0.0008390989538888671
 0.0003946729811620253
 0.00019584971731585743
-0.00013863980476916393
-0.00016437163568987223
 0.0005092794853448768
 0.0008765119886332551
 0.00024729921589140835
-4.742605808910616e-05
 6.952558948275511e-05
-6.614269207980139e-05
 0.00013501559853686118
-6.526830256814442e-07
-0.00022286668105095386
 8.822806020754304e-05
 0.00037125392045110617
 0.0006262108996797355
 0.0010168341371472323
 0.0017536402404655926
 0.0021629760652763647
 0.0016787858444450299
 0.0012109691375390697
 0.0011805591597825321
 0.0004226973490555619
-0.0003515379755967829
 0.0006261926897664499
 0.0011454649652190563
 0.0010378655646714335
 0.001688125951527078
 0.0012600734927256108
 0.0005840792516255411
 0.0002916930510629273
-0.0010018165723657269
-0.001853241319809129
-0.0010673146747146312
-4.9819761246919225e-05
 0.0006659346813102374
 0.0011618162225837253
 0.0007571544979613903
-7.087951530292125e-05
-0.0013503546982241016
-0.0025924047064587036
-0.002716377620931701
-0.0022251742264940283
-0.000985467338324733
-0.00019720161981233442
-0.0003515824887181662
-0.0003773143196388884
-0.0013924742063361056
-0.0025316049841826033
-0.002540963301177951
-0.0021667135776358426
-0.0017012399907951892
-0.0012965823128202464
-0.0009106372221885789
-0.0008170763087958222
-0.0006486650460299087
-0.0007048048313834793
-0.0012825579889312738
-0.001289577232508693
-0.0010042122988472152
-0.0011422196538276863
-0.0014603356619873331
-0.0011352064802213485
-0.0011562601643062553
-0.001560921888928618
-0.0012147410464014435
-0.0010510079304713454
-0.0004030866170336156
-0.00010134816944676328
-0.0009597901371439094
-0.0012521763377065093
-0.0011562763508958518
-0.0009527789868612746
-0.000686126640543086
-0.00029316432965768857
 0.0002845847812427138
 0.0009020981402475953
 0.0009114524105955368
 0.00019335484797305957
 3.4295832231412415e-05
-4.991283413710579e-05
 3.896993241982172e-05
 0.0005605812812903427
 0.000927813784578721
 0.0011968052043148242
 0.0009909647202149263
 0.0005512168943238999
-7.097865816420301e-05
-0.0004265198410104143
-0.0003586887352146906
-0.0004943570167772471
-0.0003657100021158405
 6.233841003824847e-05
 0.00040618017914750837
 0.000336005953286464
 0.0002681708008433342
 0.0008155119573108882
 0.0009628715593155979
 0.0001816190144095231
-0.0005832600165711771
-0.0007469971791486674
-0.0006019766505618585
-0.00030959449664665073
-0.00016223489464194107
-3.826602681633595e-05
 0.00038978238533772525
 3.891934932732932e-05
-0.0008920338943250727
-0.0012054717556488764
-0.0010019743916142992
-0.000587960419967698
-0.00032598622048533865
-1.7230552644742492e-05
 0.0005301106038228115
-2.8929966381693872e-05
-0.0015119045366611683
-0.001851072205582005
-0.0015540119048309542
-0.0009224641053186128
-0.00012952023997038487
-0.00013887855696573248
 0.0005745368121735234
 0.0011171998218052481
 0.00031489561613796957
-9.44442553202085e-05
-0.00019268736219617277
-0.0004827344893408858
-0.0007096266342019736
-0.0009341797056451745
-0.0008078717644016548
 0.000256404617424294
 0.0010212796017575881
 0.0006446867581501592
 0.00030084094239349324
-0.00011317707590048631
-0.0007564242891498069
-0.0012873959783393785
-0.001271024487737693
-0.00037983953883717614
-0.00017400310138468433
-0.00032136675003680004
 0.00026573865453523304
 3.416836283832991e-05
-0.00033072911367953983
-6.641584077926588e-05
-0.00030500335272992674
 0.0004271246037526044
 0.0016481189045786243
 0.0009580902229710808
 0.00033823374390089256
 0.0006961099535176124
 0.00031249988965646736
 0.00010198125872075414
 0.0002048984657851416
 2.4787789282276762e-05
 0.00031716994319749836
 0.0006001958034410615
 9.963206868433827e-05
-0.000552971438236613
-0.0005716860489036052
-0.0008266470747796406
-0.0008664133462078227
-0.00022784832644175135
 0.0003054583895183427
 0.0006703518193888064
-0.000337790847054667
-0.0012851176046324575
-0.0008827990000754155
-0.0006816407094587251
-0.0005904188694838969
-0.0004898407358374102
-0.000742462688295531
-0.0009295905850521258
-0.0006816508260772264
-0.0009295946316995318
-0.0009225794347695049
-0.0004196806732422592
-0.001186898777640874
-0.0017014969529050572
-0.0016640738015421819
-0.0021903673438959104
-0.0021903693672196134
-0.0020430097652149037
-0.002059385302463995
-0.0011424705459664591
 7.852375485954688e-05
 0.00038727942270014304
-0.0002419333500417037
-0.001362351540544926
-0.00186525434871955
-0.0015728721948043284
-0.0010886860206203997
 0.0002726526852802752
 0.0014515436645838875
 0.0013065190893496864
 0.0010211501090408026
 0.00046210953883629724
 8.317762181098143e-05
 0.0005626856491590948
 0.00039894848658159066
 0.00026561927843694877
 0.0011568042273374657
 0.000962659110327127
-0.00019518425486267366
-0.0008150407339328758
-0.0012875355876746652
-0.000927320304640003
 1.2985186036637564e-05
 0.0006351766918773344
 0.001825763038270492
 0.0019497319060960971
 0.00046441826239872197
-5.485805970129043e-05
-0.0003472442602639042
-0.00013205152913975393
 0.000925207632432451
 0.0007450969559295723
 0.0009205254389492157
 0.0012924360890734232
 0.00048779280998823005
 0.00018137216891815633
-3.4166544205516125e-06
-0.0004244518929682889
-0.0003215346859038737
-0.00029346782821264294
-0.00023967116292437918
 0.0006164276847074462
 0.0010702059044585543
 0.00029363150638829494
-0.0001437772460848169
-1.746930484131104e-05
-0.00030049921173226635
-0.0005414257971008418
-0.0004806119115588481
-4.086813231522768e-05
 0.0008082134950628955
 0.00046904582614204493
-0.0007215445668985049
-0.0010186089142969479
-0.0007098532464563378
-0.000656056581168088
-0.0010887871868053844
-0.0011729958531738888
-0.0006771143119004008
-0.0002397096060746673
-0.0002093036749655358
-0.0003309375160206185
-0.0004151461823891367
-0.0009086926968921022
-0.001498141221529456
-0.001577671741062145
-0.0006771304984899973
 0.0007005817213360799
 0.0008339068828333157
-9.002914056535638e-05
-0.0006256789765907433
-0.001355471906302766
-0.0018069150992833516
-0.0011660110060993517
-0.0008923414395274332
-0.0004455804400300689
-0.0004502606101895873
-0.0013320933120658518
-0.0007824130821803971
-0.0002608017333098761
-0.0007099058528725333
-0.0010560907420471138
-0.0013578332362813722
-0.0014537372697394496
-0.0013742107968541528
-0.0011122365973717796
-0.0008268716637103157
-0.0003730934439592215
-0.00036373917361126606
-0.0009087453033082976
-0.0013718838633784425
-0.00168532172470226
-0.0009695672821450896
 0.00016955944905401588
 0.0007683602207156082
 0.0009765357315860007
 0.0007005230449487754
-0.0004526421734051961
-0.0011029066069082327
-4.5647445336027825e-05
 0.0008525547238182052
 0.001631464148658987
 0.0015355601152009096
 0.0003028664006379522
 0.0005461280127770224
 0.00045256305273688735
-0.00032401134533337206
 0.0002724503529103056
 0.0005320854789747642
 6.660784548671861e-05
-7.607765632956787e-05
-0.00010180948725030392
-7.37426295590593e-05
 0.00019057064334121465
 0.0005648203668833229
 0.00043383023215659566
 0.0005203739252956086
 0.0006677335273003182
-0.0001696567796356241
-0.0013041094106463064
-0.0019824427251642907
-0.0014304234218609213
-0.000773145814751533
-0.0006257862127468233
-0.0004176107018764169
-0.0009158353632152255
-0.0014865713005092762
-0.0014491481491464009
-0.0012947713268879613
-0.001091273962853384
-0.0008082481026097932
-0.000934560090500719
-0.0010000561695259341
-0.001119350937163116
-0.0017883279580094419
-0.0019146399459003538
-0.0017906710780747487
-0.0011380716178012035
 0.0004408009159652254
 0.000957734117999931
 0.0005624286870492268
 0.0005320187092926754
 0.0001764775264464502
-0.00027262659311620696
-0.00012760606452941192
-0.00013930345494267415
 1.0395220479950118e-05
 0.0002583349794548634
-0.00015568303883914392
-0.0005159023685211844
-0.0010515522045465853
-0.0013205476709300806
-0.00042234550177583374
 0.00031446060154252664
 0.0008126812162339292
 0.0009951269195073026
-0.00019312440011531873
-0.0009954286057825973
-0.0005977881480613845
-0.0007381345764597702
-0.000635217369395355
 0.00021152518456482583
 0.0005366543663307966
 0.0006091636189623495
 0.0004009840614445509
-9.490152647634309e-05
-0.0002446042485463734
 7.116863954795272e-05
 0.00037758523397063426
 0.00018110104354239487
 3.60764683081799e-05
 0.00018577514373080417
 3.373334824287311e-05
-0.00036157208270783114
-0.0005253092452853214
-0.0007334888028031339
-0.0007755941476492445
-0.0004621603329728191
-0.0003194788778039248
 4.5414552066525005e-05
 0.0004524113034593963
 0.0005155642624193046
 0.00019978732767758633
-0.0004995976476016017
-0.0009440236203284574
-0.0010843700487268154
-0.000427092441617441
 0.001046521788342969
 0.001811396772676263
 0.0015821655543972607
 0.0009506137082375132
 0.0003330963025852257
-3.414024735054477e-05
-0.0005323649086893673
-0.0006423033826548769
 0.00011087623458885809
 0.0007634756948624033
 0.0010511797019417957
 0.0012570161393943013
 0.0013622724198766034
 0.0012546730193289807
 0.0011681252795425617
 0.0010371351448158345
 0.0008570244683129696
 0.001397348404526766
 0.0020709995255615288
 0.0022300544946557976
 0.001593824501660221
 0.000489779825082387
 0.00021844528528097706
 0.000971624902524712
 0.0019984761096640824
 0.0026300239091764377
 0.002805452392196081
 0.0022604462624990357
 0.0013832917074586143
 0.0008429637245973981
 0.000936524637990141
 0.001179786250129225
 0.0011961577407309104
 0.0015984763452879525
 0.0013014119978895095
 0.0006534866378043735
 0.00037981302458506283
 2.1932768320936935e-05
 0.00042191229946006437
 0.0009201329141514669
 0.0005926606123201894
 0.00022542406238441892
 0.0002464736998219197
-6.1482526362011125e-06
-0.0006493954658855217
-0.0009862240613884299
-0.0013183745100555366
-0.001692628280245051
-0.001065758627568525
 4.76382960335614e-05
 0.0010417424753221688
 0.0017645141381330554
 0.0012499159628688583
 0.000325979939470214
-0.0001394976940178455
-0.00022838450722217907
-0.0003055759533369534
-0.0009488231665862462
-0.0017791962532684585
-0.0018797784335623513
-0.0009441510897215399
 8.971733767156043e-05
 0.0007469949447809487
 0.0007423147746214165
 5.930331326761684e-05
-0.000892701591145989
-0.0015920865664251493
-0.0014774739922712027
-0.0011149196358186536
-0.0005699175527690281
-0.00016058172795824222
 2.4203048733059673e-05
 0.0001902752380810585
-0.0003523918181980723
-0.0010120125453727535
-0.0014353868573383916
-0.0015476644047218435
-0.001327793526761878
-0.0015874326994737425
-0.001552348621528768
-0.0007570656827626254
-0.000766423999757973
-0.001164068504126592
-0.0006985949172859385
-0.00034071870766920476
 0.00010604229182814562
 0.0002767926280119737
-0.0005699539725956132
-0.0008927481275910754
-0.0010237382623178026
-0.0011898144983132214
-0.0007734614532486916
-0.0002752408385572891
 0.0006393348445223324
 0.0012708826440346738
 0.00045220492444203453
-0.00035477742806107326
-0.00037349203872806547
-0.0003945457228129723
-4.602580686788316e-05
 0.0003586318711070735
 0.0007001345667984327
 0.0009012928574150952
 0.00042645893025539117
 4.986608664798997e-05
-3.668165313842897e-05
 0.00014108590329912907
-7.177180105451264e-05
-0.0006378295915127341
-0.00014194805023924617
 0.0011141323518554236
 0.0017901225463080872
 0.0011585707001483536
 0.00034691020080943047
-0.00024955554408166714
-0.0006097748737637076
-4.6060203370779096e-05
 0.00012235105939514823
-5.0742396854000504e-05
 0.0003913404558075345
 0.0004568324881853436
 0.00022292312307052586
 0.0007281609580156723
 0.0010579682866174583
 0.0005527264050249198
 7.030550741582431e-07
-0.000955979996175263
-0.0016272960904395173
-0.0015454305441363198
-0.001332576886430084
-0.00022853625649965625
 0.0002954141657887793
-0.0006144874171024189
-0.0010542352429934315
-0.0013045181220336516
-0.0017208752137455596
-0.0018448481282185708
-0.0019267177211691605
-0.0015243991166121046
-0.0007080645170847721
-6.949949731868688e-05
 0.00025562968444728384
-0.0003291406933542268
-0.0009630316129319028
-0.00048820173241960474
-0.0003852845253552173
-0.0005420044676789637
-2.7410339062172717e-05
 0.00010123667559924776
 0.00030473403963382495
 0.0005129095505042452
 0.0003725631221058595
 0.0007047095241255602
 0.000917563181831782
 0.0011304168395380176
 0.0013666612314233578
 0.0011912287017563084
 0.001001761731581799
 0.00061815166772064
 0.0006181496443969509
 0.0013081742793570744
 0.0017759869396156425
 0.0017572723289486503
 0.0016449947815652122
 0.0016800788595101729
 0.0017081457172014175
 0.0017876721900867004
 0.0018531642224645234
 0.0018250933181258866
 0.0017128157707424346
 0.0012403209170006452
 0.0005760220429901347
 0.00037252063230816534
 0.0008613849533279233
 0.0010297962160938368
 0.00026257811169522194
-0.0003572783673749663
-0.00020524061853442743
 0.0003116925835002643
 0.0009385622361767904
 0.0007724860001813993
-0.0003713229245009275
-0.0015619133175414912
-0.0024718149004326895
-0.0021443466452487903
-0.0010520013824079216
-0.000839147724701686
-0.0009210173176522896
-0.0013069664549313492
-0.0016414559770163567
-0.0010075691040861007
-0.0008695657957530356
-0.0012321241988529907
-0.0013677924804155334
-0.0011432434556197524
-0.0007923844662567625
-0.0009631388490879966
-0.0008719170091131406
-0.0012625442932280295
-0.001959590195089303
-0.0017935180057413042
-0.0013631305201693145
-0.0006567323712838025
-0.00012810380215955153
-0.00017020914700566214
-0.0006310086336578785
-0.0007573206215487904
-0.00046727754105148345
-0.0003947682884199444
-9.536891425099281e-05
 0.00028823710296277394
 9.88534290762011e-06
-0.0008719473589686444
-0.0014613958836059981
-0.0017093396892282897
-0.0012298316618801625
-0.00034098578639757404
-0.00023105135907944274
-0.0003597024203882554
-0.0005632038310702525
-0.0005117462391999034
 0.00021336449702889781
 0.0013431349345563726
 0.002140756946740416
 0.0016472104322374365
 0.0005712346366745363
 0.0001455212512909837
 0.0007139140685197276
 0.0018226328452859847
 0.002341905120738591
 0.0020144328189072996
 0.0015512942588371825
 0.0009454722202744403
 0.0009244185361895474
 0.0017758392369855575
 0.002391013522572538
 0.0023348737372189676
 0.0014834489897755515
 0.0004308639283917559
-1.3562044335085899e-05
 0.0004706241298488567
 0.0009244023495999509
 0.0008355155363956174
 0.0008472088801614736
 0.0008027644618974622
 0.0006928259879319248
-1.123713418307859e-05
-0.0008603228082085801
-0.0007082850593680412
-0.0005094658421692794
-0.0006240824629706321
 9.80440995962395e-06
 0.0008050873487257804
 0.00127056093556642
 0.0017243391553175141
 0.0010272932534562407
 0.0003466208655203695
 0.0004074347510623494
-0.0001305541583809522
 4.9552471474520465e-05
 0.0006974737849122642
 0.0007419141565288695
 0.0007863545281454887
 0.00040040539086641513
 7.4390333336255e-06
 0.0003840278302936484
 0.0004541980095072867
 4.017999121327942e-05
-7.209755617017255e-05
-0.00021244398456853053
-0.0004744222306983098
-0.0006428375401116154
-3.701954819629316e-05
 0.0011067853298386415
 0.0013453687951418963
 0.0009477242907732636
 0.0002296267281508002
-0.0003504655028148951
-0.0002545655160042376
-0.00035280862288021575
-0.0002077880942934207
 0.0006483107533384325
 0.0014740016465374234
 0.0018084871219750248
 0.0011558836150540736
 8.926411316281802e-05
-0.00035048371272819456
-0.00030136519427576003
 0.00014305673180367573
 0.0008424376604354578
 0.001459951019440353
 0.0016096496948629774
 0.001017862096807709
 0.0009242971367675601
 0.0013383111084141613
 0.0015207568116875486
 0.0013616977959458737
 0.0004915604611591684
 0.0003231451517458628
 0.0006576306271834781
 0.0006365769430985713
 0.0007745802514316363
 0.0006576245572123829
 0.0005944675516050685
 0.000484529077639545
 2.6779302261109583e-06
-0.00023824865514246452
-0.00013767052149596393
-0.0003996487676257293
-0.0006826786745166985
-0.00036690578642238625
-3.9437531238487034e-05
 0.0005312943594081715
 0.0004845108677262455
-0.0003341668518664215
-0.00038095034354833357
-0.00017277483267792715
-0.00026633979271808994
-0.0007949724084897469
-0.0014288633280673951
-0.0013142507539134485
-0.0008978977088489326
-0.0009867845220532662
-0.0013797508795860697
-0.0013820919763276734
-0.0011388303641886033
-0.0009025859723032631
-0.0006172210386417853
-0.0003201607378907345
-0.00040670847767716733
-0.001187961022583242
-0.001941144686474383
-0.0018733135806786455
-0.0016019830875246416
-0.0017937891311170656
-0.0017306361721571573
-0.0017540289296599648
-0.0018101687150135354
-0.0014148673307102372
-0.0015388402451832345
-0.001543520415342739
-0.0010359435069796918
-0.0008558368771242331
-0.0008113965055076139
-0.0008956051718761321
-0.0015786166332299179
-0.0021236227629269494
-0.0020230446292804766
-0.0018990757614548714
-0.0010359596935692883
-0.00017518269910163364
-0.0003693278161119723
-0.0005470994191969364
-0.000795043224819228
-0.0011225155266505055
-0.0014055454335414885
-0.0013002891530591726
-0.0006780976472184619
-0.0005705022933182452
-0.0005050102609404222
-0.0004956559905924807
-0.0007248872088714969
-0.0005026772574936167
-0.000626650171966614
-0.001234811283947257
-0.0012254570135993154
-0.0003600018722958176
 0.00033002276266430597
 0.00043995718998243727
 0.000758069151494678
 0.0010995718471860372
 0.0012633049631161214
 0.001113602241046091
 0.000744026617692406
 0.0006481225842343563
 0.0010387458217018392
 0.0016445638136171614
 0.001560355147248657
 0.0014784855542980674
 0.0013474954195713262
 0.0007206217202473941
 0.0005077640158937663
 0.0005802732685253192
 0.0005475242173508671
 0.0001030982446240114
-1.1518376177341305e-05
 0.0005241274132006396
 0.0008960380633248471
 0.0008539327184787504
 0.0005217822698116437
 0.0001989881148161815
 0.0005919504257015928
 0.0015112042556170296
 0.001370857827218644
 0.0010106384975366034
 0.0006574363881083067
-0.00013083337705151188
-0.0001518870611364187
 0.00024341432316689338
 0.0010691052163658843
 0.001459728453833381
 0.0010714402431364067
 0.0010901508071559929
 0.0010854706369964606
 0.0014176170390161752
 0.001478430924558169
 0.0006176498834431082
 0.00032760275629840907
 0.000650392864646479
 0.0010924757173080002
 0.0014059095319844117
 0.0014129247289144525
 0.0014409915866056972
 0.0010363298619833344
 0.00024338194998770046
-0.00011917645311225467
 0.0006644111185643425
 0.00196961206243515
 0.0023953214011712964
 0.0022081935044147016
 0.001796514559538609
 0.001253847503259492
 0.00041879626974145046
-0.0004349675511198803
-0.00030164238962263057
 0.00035329614406884313
 0.0011368837157454265
 0.002182447510228072
 0.002809317162904598
 0.0020584725724313857
 0.0005942105894952004
-0.00028762211238106405
-0.0003718307787495684
 0.000727531704345058
 0.0018526239950366896
 0.0016116974096681141
 0.0010199098116128597
 0.0007836613730801134
 0.0006386367978459262
 0.0007696228859252474
 0.000982476543631483
 0.0008093830873823343
 0.0007368697881034031
 0.0004327882204512301
-2.5672192783085523e-05
 0.00015209536365445864
 0.00021290924919646625
 0.0005520728714699108
 0.0011625690102210484
 0.001197653088166023
 0.0011742603306632154
 0.00032517465663771394
-0.0008817892503282243
-0.0008864694204877566
-0.0002549216209753874
 0.0007999984671789029
 0.0014104946059300544
 0.0012069931952480711
 0.0011508534098944867
 0.0006549678219736066
 0.00022457628975422472
 8.422986135583899e-05
-0.0005192531037889747
-0.0006993637802918395
-0.0005215962238542815
-0.00025494387753609293
 0.00036490855488670315
 0.0006643079290556547
 0.0006689840525677809
 0.0006526085153186895
 5.614277042760574e-05
-0.0008069773441053557
-0.0011110589117575287
-0.001235031826230526
-0.001057264269792968
-0.00020584356899695788
 0.00018711874188845345
 5.8467680579626924e-05
 3.5074923076805486e-05
-0.00046548881167991774
-0.0012467413565859786
-0.0015297712634769478
-0.0014198368361588165
-0.0010175182316017745
-0.00021287899916397346
 0.0001590316509602202
-0.0001380326964382228
-0.00027837912483660854
-0.0004187255532349665
-0.0008467780120364476
-0.0015227722531365173
-0.0017941067929379273
-0.0009263125782165288
-0.0002199144293310168
-7.489390074420788e-05
-0.00010998202533658852
-0.0010362571221531613
-0.0015110910493128515
-0.0011345022523528286
-0.0006947584731092082
 0.000175374815030091
 0.0003414470043781037
-0.00014976043670697492
-0.0002830896448516168
-0.00019654595171260392
 0.00025489319462058957
 0.0005917177434761195
 0.0005402561049583643
 0.0009449137829333071
 0.0012302787165947987
 0.0006431692653753596
 0.0004653976622903955
 0.00046539563896669245
 0.0001659922181503487
 0.000678247273349239
 0.0011647725209510823
 0.0011905003052243984
 0.001279383071781326
 0.0008326180256365834
 0.0003764966858201685
 0.000465379452377096
 0.000795186780978896
 0.0015015849298644218
 0.0018594611394811417
 0.0017799306199484527
 0.001843083578908361
 0.001539002011256202
 0.001082880671439787
 0.00042559901768300656
 0.00013087374370249205
 0.0006852321204237621
 0.0007203161983687367
 0.0005378664484479573
 0.0008980817314825917
 0.0015483421183382362
 0.0014781678924772057
 0.0008208862387204252
 0.0008723438305907744
 0.0009612265971477019
 0.0007273172320328841
 0.000324994580828436
-3.9902895689433726e-05
 6.535338479286834e-05
 7.470765514082378e-05
 0.0001542341280261067
 0.0005799434667622672
 0.0009167680156177832
 0.0009939554150851654
 0.0002781969258806166
-0.0003907800949657231
-0.00033230528284164396
-0.00011243440488169221
 0.0003343265946156859
 0.000247778854829267
 0.0004021556770877066
 0.0005939576740327246
-3.993324554492361e-05
-0.00023407836255526226
-3.525914535650043e-05
 0.0007436502794842537
 0.001223158306832381
 0.0011202370531205874
 0.0008418852930654336
 0.0005237692849057868
 0.0007436401628657663
 0.0006617705699151627
 0.0009120494023079767
 0.001181040822044066
 0.0013096878367054865
 0.0013260593273071858
 0.000750645243177292
 0.0006898273109878922
 0.0011763525585897494
 0.001733050008728948
 0.001342422724614059
 0.0009822033949320186
 0.0006149668449962342
-0.0003206645454919693
-0.0004656891207261843
-0.0003347030326468492
 0.0005307521086566347
 0.0012465065512138052
 0.0008675746341884616
 0.00019859761334213577
-0.0003955290581310472
-0.0002692211168875275
-9.379263386788406e-05
 7.227955548012865e-05
 0.0006664021803058917
 0.0008722386177583835
 0.00044418615895693014
-0.0001639749530237128
-0.0007019638624670144
-0.0003744956072831429
 0.00016816740234859573
-0.00015696582606478104
-0.0003394155759855605
-0.0003253831588018036
-0.0004704077340359908
-0.0005195302991358314
-0.0005476012034744682
-0.0005499423002160858
-0.0003324104956740209
-0.0005733370810425964
-0.0010130849069336229
-0.0008704034517647286
-0.0012844214700587359
-0.0016142328453079141
-0.0013078162508852464
-0.0008633943248057968
-9.634550591872126e-06
 0.0004909251375174589
 0.00019853893695484515
-0.0004774553041452245
-0.001174501206006498
-0.0017709669508975678
-0.0019136524527138682
-0.0015768279038583383
-0.001024808600554969
-0.0007113747858785435
-0.0010037609864411712
-0.0012517047920634627
-0.001085632602715464
-0.0010365140842630155
-0.0015721639202884163
-0.001555792429686731
-0.0008821413086519819
-0.0008072929826025282
-0.0011254089907621473
-0.0012634163457426184
-0.000790925538648235
-0.00034182546573297
-0.00027867250677306166
-0.000613162028858083
-0.0010599270750028394
-0.0009499926476847081
-0.0014318437950981283
-0.0018341664463025764
-0.0013920835936410414
-0.0007441622802033115
-2.8407837646141076e-05
-0.0001453635318654084
-0.0005851113577564349
-0.0007932909152742473
-0.0008658042145532063
-0.0007020710986230944
-0.00037928099027503825
 0.00012595684467009427
 9.001150450826945e-06
-0.0006506195767238543
-0.0011558614583163929
-0.0015956092842074193
-0.0013687211859937237
-0.0008681614978843927
-0.0009944734857753185
-0.0009266423799795948
-0.0006950761349300699
-0.0009009166190299539
-0.001473991629741933
-0.0016377287923194234
-0.0010763531953444094
-0.0010178783832203164
-0.0014155228875889492
-0.0014459328653455006
-0.001272843455743758
-0.0010553116512017069
-0.0007793030112118737
-0.0006646904370579132
-0.00043312419200840224
 1.941440399402805e-06
-1.677317026757552e-05
-7.291295562115996e-05
 0.00012122811474178652
 0.0004837824711943356
 0.000942238837781259
 0.0010077308701590681
 0.0010591884620294173
 0.0011714619627654493
 0.0008252770735908965
 0.0004299716426401784
 0.00030833780158508184
 0.0003176920719330234
 0.0007340451169975393
 0.0006521755240469496
 0.00018903696397681857
 0.0005141661457427754
 0.0005305376363444608
 0.0003714786206027998
 0.0004510050934880827
-4.3809949250295244e-07
-0.00040509982411486567
-0.0005360899588415791
-0.0008869529948519889
-0.0006717602637278525
-0.00015482706169314686
-0.0004565695559274052
-0.0005665080298929287
-0.0005922398608136648
-0.0006226498385702162
-0.0005103763378341564
-0.0009735148979043012
-0.0010226374630041418
-0.0007232380888351903
-0.00048699369694985006
-0.0004869957202735392
-0.0006437156625972995
-0.0005618501162941159
-0.0005805647269611081
-0.000311573307224991
-0.00022269054066806349
-0.0003092382804544963
-0.00041683768100211904
-0.0002975469600123293
 0.0007924592294106386
 0.0013234268719528042
 0.0015316023828232106
 0.001409968541768128
-9.17186158546357e-05
-0.0010367063000144977
-0.0011302712600546605
-0.0010109805390648846
-3.5588947119552516e-05
 0.0014848067511990803
 0.0024485029760548394
 0.0025280294489401223
 0.00198770146607892
 0.0006216805666950098
-0.00021337066682301786
-0.0001923210293855171
-7.536938181364194e-05
 0.0007362870708778751
 0.0013467832096290128
 0.0018379866040666853
 0.002214575401026722
 0.0020274475042701134
 0.00162746392648358
 0.0005351146169952914
-0.0003443790114630446
-0.0007233109284883743
-0.0005876466935732239
 0.00025675678696905624
 0.0010169536244665212
 0.0011572960062175147
 0.0010403403119982474
 0.0010684071696894781
 0.00016318373363409522
-0.0006274251049436103
-0.0009572364801928024
-0.0011303299364419511
-0.00047071325591466207
-0.0003186755070741232
 0.00014913715318444487
 0.0009490982387864028
 0.0009982167572388373
 0.0006590490883180145
 4.620982950154229e-05
-0.00024149822422524225
-0.0006882632703700126
-0.001062517040559527
-0.0008566806031070212
-0.0003070003732215665
-1.461821930635876e-05
-0.0004122627236749776
-0.00046138528877480434
-0.0005666456159045125
-0.0004496939683326512
 9.29690412990597e-05
-0.00011988866305455426
-0.0002906430458857745
-0.00028596692237366217
-0.0002789517254436352
-0.00010586231584187866
 0.0002987953621330641
 0.001051974979376799
 0.0014098511889935328
 0.001309269008699654
 0.000654326428360788
-5.675391400794538e-05
-0.0006462024386452991
-0.0011116800721333586
-0.00027897195868062385
 0.0004437997041302766
 0.0004788837820752373
 0.0007127891005426629
 0.00033151811009943244
-1.7005852493048867e-05
-0.00035149537457807023
-0.0010485412764393437
-0.0010462042263451182
-0.0003912656926536584
 0.00024262118027659763
 0.0001490562202364487
-0.00022285847653513713
-0.0004637850619037126
-0.00028133935863032533
 0.000277697164926774
 2.273613905073857e-05
-0.00014801824378048167
-8.486528482057332e-05
-0.0003187746499354188
-0.0004427475644084161
-0.0005690595522993142
-0.0004333953173841637
-0.00040298938627501835
-0.0008287027716585849
-0.001277806891221242
-0.0014275096132912585
-0.0012497420568537143
-0.00047317170543086096
-0.0004989035363515693
-0.0010649613268098046
-0.0003281552234914581
-0.0005223003405017967
-0.0008801805967659088
-0.0005761030757611418
-0.0013175913725627375
-0.001591264985782062
-0.001340986153389248
-0.0009901271640262443
-0.0005316707974393348
-0.000695407960016825
-0.0010883743175496285
-0.0012988929484853418
-0.0009503730325402526
-0.00020421063555024765
-0.00042408556015761933
-0.0014743315481234864
-0.0017597005284323702
-0.0014205369061589257
-0.000903603704124234
-0.00044748641095521124
-0.0006790567026521421
-0.0014158668526179086
-0.0020567749924493006
-0.0024263506158029857
-0.0021901062239176455
-0.0011001000344946776
-0.0006650344020868726
-0.0012919081014108047
-0.0018135234969287178
-0.001879019575953933
-0.0018509527182627022
-0.0017316619972729264
-0.0012568321167606283
-0.0010509956793081365
-0.0006276254139898907
-0.00035395584741797215
-0.0005504400378462115
-0.00026039695734891843
-0.0002978241553591998
-0.000573836841996439
-0.0002744374678274736
 6.004800761014173e-05
 4.601154377896488e-05
 0.00019337114578367454
 0.0003851731427287064
 0.0007804745270320185
 0.0015219587771861942
 0.0015219567538624912
 0.0007594167962997056
 8.572205826493096e-06
 7.874238504013142e-05
 0.0005933365136569085
 0.0008436153460497225
 0.00121552599617393
 0.0014962127829995786
 0.0014213604103027189
 0.0011079225489789013
 0.0006190541813117512
 0.000270530218719256
 0.0002003559928582116
 0.00014421620750464104
 0.0005137877842109201
 0.0014400588343801146
 0.0020341814592058777
 0.0021324205194344498
 0.0016388740049314704
 0.0010447473334583013
 0.0012435665506570631
 0.0014236731805125358
 0.0017768712432934264
 0.0023242123997609943
 0.0019312460422281907
 0.0020271460290388482
 0.002485602395625758
 0.0023803420684960636
 0.0027101493970978496
 0.0026797394193412982
 0.0019288948288680718
 0.0014283310941113625
 0.0015148747872503754
 0.0019499404196581804
 0.0025183332368869243
 0.002672710059145364
 0.002221266866164792
 0.0017838581136916803
 0.000960502247263198
 0.0001652152618496494
 0.0003523391119588659
 0.0012809492355459473
 0.0019335486958194925
 0.0015709902927195374
 0.0004809800566491912
-0.0007072712629734579
-0.0010487780053122092
-0.0006160514463223188
 0.00023770832789161978
 0.0009136985223442834
 0.0008715931774981728
 0.00043418442502506094
-0.0003587634869705869
-0.0004172423457420582
-0.00010146945764773208
-0.0004897576683447064
-0.0007072935195341634
-0.0004546756137234348
-0.00013422457879327943
 9.032444600250156e-05
 0.00027277014927587495
 0.00031721052089249413
 0.0003078522038971465
-8.979230047147235e-05
-0.0002956327845713702
 0.00011838118707524492
 3.885066754255595e-05
 0.00011135992017409502
 0.00011369697026830661
 0.0002236313975864379
 0.0014586601389199177
 0.0020551218371635954
 0.001463334239108327
 0.0008200870258590204
 0.0003709829062963632
 9.029207282330864e-05
 0.0006727193305595125
 0.001355726745265906
 0.001308943253583994
 0.0012878895694990872
 0.0004855853638318086
-0.0003681784570295221
 0.00010899049690070439
 0.0009300032432638661
 0.0014890397668209654
 0.001465647009318144
 0.0012223813505316816
 0.0010446097474467175
 0.0004551612228093638
-0.0001763906233503837
-0.0006137993758235094
-0.0005483073434456726
-3.605228824679618e-05
 0.0001440543416086626
 0.0005112868448970409
 0.0008691630545137746
 0.0009557067476527875
 0.0011404915243440755
 0.0010258749035427228
 0.0008527814472936018
 0.0003592349327906086
-0.00043839112604084074
-0.001203270157021541
-0.0012126284740168747
 6.918173567481423e-05
 0.000770901737724497
 0.0007054056586992818
 0.0008527652607039915
 0.0005533618398876478
-0.0004711543404812002
-0.001158843948670829
-0.0009062260428601143
-0.000255965656004456
 6.916352576151474e-05
-0.0002933948773384404
-0.0005717466373935942
-0.0006278864227471509
-0.0002863837270558056
 0.0002586183559938199
 0.00024926003899847227
 0.0003966196410031958
 0.0008457197139184608
 0.0008199878829977386
 1.534460391254544e-05
-0.0005624085536352352
-0.000630243706078365
-0.0004969185445811153
-0.00014372048180022468
 0.0006047809886076949
 0.0017368904995530843
 0.0016760725673636845
 0.0011334055110845537
 0.0005205662522680954
-0.00032150220150366227
-0.0001741425994989526
-8.058168610620975e-05
 0.0006772760779733544
 0.001980137948426261
 0.002019900173207051
 0.0014047218409726642
 0.00030769438464856025
-0.0006770575476157809
-0.0008361165633574558
-0.0006723834474273716
-0.00032620260490019704
 0.00023985113891063226
 0.0007006465789154703
 0.000808241932815687
 0.00023282784868580708
-0.0005109995215336893
-0.0005016452511857339
-0.0002958088137332421
-1.5122026907593566e-05
 0.0004550297067688752
 0.00045268861002728533
-0.00028879968677431034
-0.001077069451934115
-0.001355421211989269
-0.001018596663133725
-3.440823083927791e-06
 0.00026087244981634616
-0.00040810457102999353
-0.0008852775716075845
-0.001020945853170141
-0.0006700868638071511
-0.0003332623149516212
-0.0006233094420963342
-0.0009858678451962755
-0.0009437665469975709
-0.0010794348285601274
-0.0005695188467791656
 0.0005251654894796315
 0.0005251634661559285
-0.00013445726101875277
-0.0008642501907307892
-0.001196400639397882
-0.0009554781006767266
-0.0006443833594182158
-0.00012511108396560944
 0.0005274883763079496
 0.0008479394112380911
 0.0005134498891530698
 0.00015556963288894388
 7.60391133562549e-05
-0.00012044507707198449
-0.0002444179915449818
-0.0005321260452717802
-0.0004947028939089049
 4.5621042304919146e-05
 0.00013450380886184665
 0.0003029150716277601
 0.00021402825842342654
-0.0001789380991093631
-0.0005952951908212711
-0.0011824046420407103
-0.0009625337640807585
-0.0009134152456283101
-0.0007917854512206196
-0.0005836099403502271
-0.000861961700405367
-0.0004923901236990741
-0.0007988107647691617
-0.0014163281704214492
-0.001306393743103318
-0.0012759878119941725
-0.0014771501492582273
-0.001690007853611869
-0.0014677979022339888
-0.0012198581432591032
-0.0009953091184633084
-0.0005719388531450625
-0.0006093660511553439
-0.0010888781251508634
-0.0011075927358178417
-0.0010350834831863026
-0.0009204709090323421
-0.0002819058892662568
 6.193587984300308e-05
 0.00026543324387759415
 0.00018122457750907595
-0.00027489676230732507
-2.9296076750340294e-05
 0.00036366623413507104
 8.125051288845886e-06
 8.12302796514286e-06
 0.0001952468780743455
-0.00043162682124957275
-0.0004690540192598541
-0.00024684406788198776
-0.0004924488000863786
-0.0005064852639175277
-0.0005673031961069275
-0.0007824999738784699
-0.001112311349127676
-0.0011029570787797205
-0.0008433219527152619
-0.0009509213532628846
-0.0012807327285120768
-0.0013368725138656473
-0.0013649434182042841
-0.0016924157200355616
-0.0015520733382845958
-0.001208231569175336
-0.0008901196076630813
-0.0005111917372851577
-0.0006047566973253066
-0.000892464751052105
-0.0011544429971818565
-0.001369639774953399
-0.0014257795603069834
-0.0010936331582872827
-0.0003848959359838422
-7.146212130743068e-05
-0.00010888931931771206
-0.00016502910467128262
-0.00030303645965173986
-0.0004527391817217702
-0.000890147934194882
-0.0008831327372648551
-0.0006515664922153441
-0.0008574069763152281
-0.0004387148578327976
-0.00021416583303701664
-0.0002515930310473119
-9.487713537094378e-05
-0.0006141534574709562
-0.0006539197288991383
-0.0002258713167450771
-0.00020716075272547707
-0.0003896105026462565
-0.0008457318424626714
-0.001112388235428266
-0.0008808219903787273
-0.0003404980541649172
 0.00019748680863097834
 0.0004337312005163185
 0.00021385627590896072
-1.3405018625817222e-06
 0.00029805887230635597
 0.0009740490667590196
 0.0012828047345996157
 0.0009342807720071344
 0.0005413144144743448
 0.00010624473541913371
 0.00020916194248352116
 0.0006021242533689325
 0.0006489036984034663
 0.0009623375130798778
 0.0010114560315323123
 0.00016237035750681084
-0.0007872954734888804
-0.0005089477600811326
 5.944505714761128e-05
 0.00036820072498820744
 0.000595088823201903
 0.0002418867137735925
 0.000370533728435013
 0.0004102959532158029
-0.00012301480939166942
-0.0007569057289693315
-0.0010750217371289644
-0.0007077892338406
-0.00030547062928354407
 3.837113982571583e-05
-0.00023296339997569415
-0.00043646481065769127
-0.00045985756816048495
-0.0006586808320066528
-0.00017449465782271023
-6.689930392249355e-05
-0.00029846959561941055
-0.0005931948695999389
-0.0010282645486551362
-0.000785002936516066
-0.00035929359777990555
-9.731939829753233e-05
-8.09479076958608e-05
-0.00031017912597487707
-0.0005043242429852157
-0.000787354149876171
-0.000979160193468595
-0.0005721634420757377
-8.563819447388044e-05
-0.00014645612666326635
-7.862502086754264e-05
 0.00025586045457007267
 0.0004897657730374982
 0.0004546776484451315
 0.0001716477415541623
 8.933587229420503e-07
 0.00026754570504111674
 0.0005692841526279968
 0.00044765031157290025
 0.0006347741616821029
 0.0008640013333137131
 0.001228894763184163
 0.0014534437879799578
 0.0005996799671186409
 9.911623236191769e-05
-0.00011841961882753937
-0.0003967713788826793
-0.0005160661465198613
-0.0006493953546645032
-0.0005605125881075756
-0.0008271689810731564
-0.0010868081537850072
-0.001147626085974407
-0.0009113816940890668
-0.0004997067958603663
-0.0007640241154080463
-0.0012178063818065465
-0.0016365025469363692
-0.001975670215857206
-0.0016598973277628798
-0.0011336078320565435
-0.0005137553996337474
 0.0001809473821622054
-1.7875881683934725e-05
-0.0007640423253213457
-0.0011172444347496563
-0.0013417975061928433
-0.001814292359934619
-0.001430686342720866
-0.00045061660393973246
-0.0002167112854723069
-0.0001488801796765693
-0.0007757538790005014
-0.001538293836563287
-0.001201469287707771
-0.0009348169413895685
-0.0010260428280118028
-0.0010845216867833019
-0.0012131727480921145
-0.001243582725848666
-0.0009044191035752214
-0.0005442038205405869
-9.978189446113728e-05
 0.00041481223415563984
-6.23607664219511e-05
-0.0007711020353727838
-0.0007266616637561646
-0.0006822212921395593
-0.0004225861660750868
 4.288742076555274e-05
 0.0002674364455613337
 0.0006463643159392712
 0.0009059994420037298
 0.0008966411250083822
 0.0006814443472368398
 0.0004966555238981457
 0.0006206243917237508
 0.0007305588190418821
 0.0008802574944645064
 0.00124515092433497
 0.0012287753870858786
 0.0006159361282694342
 0.001006559365736917
 0.0019281522690702685
 0.0022462642305824954
 0.002550341751587276
 0.002279007211785866
 0.0019024143681784511
 0.001916446785362208
 0.0017877957240533954
 0.0017152824247744503
 0.0021246182495852223
 0.002323437466783984
 0.0018509426130422085
 0.0012965801896735185
 0.0007235051789615532
 0.0009480542037573342
 0.0012942350462845087
 0.001614686081214664
 0.002421664387070366
 0.0023912544093138144
 0.0022275172467363102
 0.0019608608537707434
 0.001666135579790215
 0.0019398051463621335
 0.001991262738232469
 0.0018251865022370778
 0.001710569881435725
 0.002007630182186762
 0.002047392406967552
 0.0015678803329720464
 0.0010813510387227832
 0.0006930628280258089
 0.0003749468198661621
 0.0003421977686917238
 0.001041578697323492
 0.001595937074044776
 0.0019491351368256804
 0.0017526509463974271
 0.0007655599407151714
 0.00036791543634653867
 0.00033750545858998726
 0.000438083592236474
 0.0003632312195396281
 9.657482657403349e-05
 0.0007234444792505595
 0.0014976757572554983
 0.0016426962858423072
 0.0014204822878170348
 0.0007936085884931027
 0.00040064223096029916
 0.0003047381975022495
 0.00018310435644715295
 0.0008707899179893758
 0.0017549576466361488
 0.0019093344688945885
 0.0018508556101231172
 0.001488297207023162
 0.000959664591251505
 0.0003515034792708621
-6.0175465605216694e-05
 0.000271970936414484
 0.0008918233688372801
 0.0014765896999913986
 0.0016800870640259896
 0.0014414995520753426
 0.0009035106426320411
 0.00030704489774094346
 5.676201870075115e-05
 0.00010120239031735645
 0.0008286521999640722
 0.001668377533670523
 0.0010859462292869132
 3.57002413210461e-05
-7.891637948030661e-05
-0.00017014226610255478
-0.00012804096790385022
 0.00019942728728003511
 0.00017837360319514217
 0.00035848023305060095
 0.00018304770338355147
-0.0002988034440298687
 1.696944406445744e-05
 0.0003654893600095327
 0.00026958532655146916
 9.88309437202628e-05
-0.0003900374239469012
-0.0008555150574349607
-0.0008134137592362561
-0.0006333071293807835
-0.00014678188177892626
 0.00026021486961393114
-9.064816639646478e-05
-0.0007736596277502644
-0.0016742049169698042
-0.0017841433909353416
-0.0009678087914079953
-0.0007362425463584843
-0.0002216484177416933
 0.0005572610070990747
 0.00029060461413348004
-0.0004906479307725947
-0.0013233600908727078
-0.0013701435825546338
-0.0006894752412661548
-0.00043685733545544003
-0.0006263243056299356
-0.0009350840201179378
-0.0013397457447402866
-0.0017093213680939856
-0.001627455821790788
-0.0014005677235770786
-0.0009842146785125766
-0.00032459799798528755
-0.00031056558080153063
-0.0008579107839164629
-0.0013771871060164753
-0.0014403441116237758
-0.0013374269045593884
-0.0011783719354651057
-0.0007058811283707223
-0.00047899303015702666
-0.0005070639344956634
-0.0005936116742820824
-0.0006965329279938759
-0.0004930355639592987
-0.00043923889867103494
-0.0008860039448157914
-0.0011058788694231492
-0.0008041404218362969
-0.0003994827438613402
-0.00029890461021486736
-0.0004158603044341208
-0.000652108742966867
-0.0008415757131413765
-0.0009000545719128616
-0.0010848433952515557
-0.00017962400584357885
 0.0005946072721613599
 9.638261082255128e-05
 0.00021567333181234105
-7.671286875027272e-05
-0.00026851891234271064
 0.00010339173778148303
-6.268449821390798e-05
 0.0005407944202835135
 0.0007630043716613799
 0.00033495191285991266
 0.00043085189967057014
 0.0005057002257200377
 0.0006951631492471549
 0.000879947925938443
 0.0007629922317191756
 0.0003910775349475898
 0.00010103040780287675
 0.00011038467815081832
 0.00022733632572269347
 0.00029282835810051644
 0.00037235483098579936
 0.0002764507975277358
-0.00048608916003506364
-0.0013679218619113143
-0.0015527106852500083
-0.0009281801059913969
-0.0001352362406431551
 0.0002811168044213608
 0.0002647412671722832
-0.00010015620934558656
-0.00039254240990820033
-0.0004837682965304485
-0.00022413317046597603
 7.526620370296166e-05
 5.091977841917283e-06
-0.00020542665309379593
-0.0003785201093429308
-6.508629466651927e-05
 0.00030448528203977365
-4.27443244822856e-06
-0.0002615745317421647
-0.0003200533905136499
-0.0005165375809419032
-0.00048145350299692857
-0.00039958795669371716
-0.00021714225342034377
 0.0001009697080918831
-1.9515456199103998e-06
-0.0004557338120184107
-0.0006101146809242425
-0.00023352588396421958
-0.0003083782566610932
-0.0006919883205222521
-0.0007528062527116242
-0.0008650838000950761
-0.000886137484179983
-0.0008721050669962122
-0.0005352805181406822
-3.472083003136506e-05
-6.74698812058172e-05
-0.0006124760109028626
-0.0008112992747490028
-0.0004183369638636192
-6.046075424688546e-05
 1.2048498384653605e-05
-0.0006990318439840659
-0.0011598313306362962
-0.0014264877236018908
-0.0011177320557612946
-8.620270178610889e-05
 2.680064770818613e-06
 0.0006365669377010885
 0.0005172721700639066
-0.0009165818584394303
-0.001606610540046946
-0.0015247449937437624
-0.0007972951840970466
-0.0008230270150177688
-0.0007551959092220312
-0.00043942302112770504
-0.000518953540660394
-0.00014704289053620034
-0.00036457874172564353
-0.0006943901169748357
-0.0011224425757763168
-0.0018428792118166948
-0.0016580944351254068
-0.0010709890305533598
-0.00015875242089165298
 9.658841874260471e-06
-0.0008604784929124448
-0.0009400090124451199
-0.0009189593750076192
-0.0008581454894656393
-0.0006055275836549107
-0.0006990925436950596
-0.0003669461416753589
-0.0003622700181632327
-0.0005143118136511776
-0.0004230899736763216
-0.0004979423463731814
-0.0002850886886669596
-0.00019152777527421672
-0.00029444902898599634
-0.0002804166118022394
-4.407971812406264e-06
 6.810128081914668e-05
-0.00015411271720613962
-0.00048158501903740325
-0.0010616772500031124
-0.0013727760379090154
-0.0012815541979341732
-0.0006523454718397326
 0.00020843152262792208
 0.0006060719803491488
 0.00037216261523431715
 8.445456150753261e-05
-0.0001681673909505882
-0.0005330648674684579
-0.0006710722224489291
-0.0006406662913397698
 9.380073856067594e-05
 0.0009592558798641598
 0.001090241967943481
 0.0007744650332017627
 0.0005054695668182674
 0.0002855946422109096
-0.00010971078873980855
 8.209120820520943e-05
 0.000678552906448901
 0.001258641090767204
 0.001291386095294264
 0.0005803057529255168
 0.00021073012957184556
 0.00028791752903921386
 0.0002855764322976101
 0.00021072405960073648
 0.0005802956363070294
 0.0007908102205953504
 0.0007557220960029837
 0.0009334896524405278
 0.0010270505658332985
 0.001452759904569445
 0.0013708903116188553
 0.0006808616300113118
 0.0004048489433740726
 0.0003557263782742459
 0.0002761958587415708
 0.00011011962274615206
 0.00012649111334783747
 3.9943373561432405e-05
-1.3857338374237416e-05
-0.0001588819136084385
-0.00048167606860390066
-3.959321594235177e-05
 0.0004960525734356291
 0.0007510095526642585
 0.0007205995749077071
 0.000376753759151055
-4.662055281459687e-05
-0.0007693962622728895
-0.0007693982855965925
-0.00010042531139765887
 0.0005077317539355919
 0.0009895788547016199
 0.0004913541933628113
-0.0002056917084984622
-5.1314886240008684e-05
 0.00015919969804829848
 0.0001334678671275763
 0.00010773603620685412
 7.966513186823121e-05
-0.0001846521876794488
-0.0005589059578689631
-0.0006828788723419743
-0.00027822119436700377
 0.00015684443804080128
-0.0003062941220293436
-0.0005986803225919574
-9.110341422889634e-05
 0.0003229105574177049
 0.0001755469087655892
-0.00027355721079708184
-0.0005916732189567286
-0.0007016116929222521
-0.0005565911643354432
-0.0006291044636144022
-0.00044899783375892954
-0.00012854679882877418
-0.0005706336981377153
-0.0009940080101033671
-0.0013659227068749669
-0.0011764597833478357
-0.0004864351483877122
-0.00025720797675610196
 0.0001895530227412484
 0.00018721192599965852
 2.5813836840068993e-05
 0.00030416155024781677
 2.1131643356847585e-05
 0.00026205418207800313
 0.0008819066145008131
 0.0006667098367292706
 0.0002877779197039271
 0.00034157458499219084
 0.000867864080698541
 0.0013777800624795028
 0.0014011687733349182
 0.0009824726082050816
 0.0005707936633290028
 0.0002830856096022183
 0.0005567551761741368
 0.0011064354060595916
 0.001036261180198561
 0.0011040922859942848
 0.000540373568953964
-0.0003227465455790113
 6.085947163474159e-05
 0.0004421264154305937
 0.0005567389895845404
 0.0004772084700518514
-6.078043939145017e-05
-0.0003391321994465901
-1.6342091098534017e-05
 0.0002362758147121946
 0.00025264730531386614
 0.00040702412757231965
 7.253460548729829e-05
-0.0004911841115530224
-0.0005379676032349484
-4.660887274868242e-06
 0.0003976577172821738
 0.00023392055470468354
 0.00028303907315711807
 0.00035788739920658563
 0.0001871330163753654
-7.016708291858464e-05
-0.0007391441037649243
-0.0012350296916858183
-0.000947325684606426
-0.000505242831944891
 9.823608655253058e-05
 0.0009847428886172044
 0.0012139700602488285
 0.00044441288243229904
-0.0005403390498320559
-0.0007929610022901767
-0.0005894636382555857
-0.0003578973932060747
-0.00015440002917149753
-0.0001660974195847459
-4.680669859497e-05
-0.00014738887888884888
-0.0004023499047648843
-0.0005286618926557962
-0.0007906401387855616
-0.000755556060840587
-0.000821052139865816
-0.0007532210340700785
-0.00015442026240850004
 7.714598264103867e-05
 0.00035549369604877257
 0.0005987553081878566
 0.0004420353658640963
 0.0005870558944509052
 0.00039291077744056657
-3.0463534525085323e-05
 0.00034144711559910834
 0.0007648173809173681
 0.0006689133474592907
 7.946482282195078e-05
-0.000542730729666166
-0.0003041472643628973
 0.0002198031579255244
 0.0003507892460048595
 0.00037885610369609024
 0.0001964063537753108
-0.00038836402402621373
-0.000591865434708197
-0.0001661560959720365
 0.0004981387313910679
 0.0013823064600378548
 0.0015296660620425645
 0.0010618493551365904
 0.0008583479444546072
 0.0009519088578473778
 0.001354227462404406
 0.0014267367150359589
 0.0014945678208316826
 0.0014992439443438227
 0.000982306695661711
 0.0007343628900394195
 0.0011062735401636131
 0.001793959101705836
 0.0020886803290389583
 0.0017120874854315432
 0.0010290760240777436
 0.0009191375501122062
 0.0009355090407138916
 0.0007109559692707046
 0.0008489592776037697
 0.0010618129353099914
 0.0014384017322700282
 0.00133314140514032
 0.0012115075640852235
 0.0012161836875973497
 0.000869998798422783
 0.0008208762333229425
 0.0005612370606110778
 0.0006173727993172562
 0.0009471801279190561
 0.0010571145552371874
 0.00040918919515205154
-0.00017090303581365762
 0.00036240368014642255
 0.0003951486846734825
 0.0007530248942902162
 0.0009612004051606227
 0.0007553599210607248
 0.000792783072423614
 9.339809714442593e-05
-2.5059363136376023e-06
 0.0004793411644523904
 0.0009471538247109584
 0.0010243412241783267
 0.00048401324131711054
 0.00030858071165006107
 0.0005705549111324343
 0.0009097185334058788
 0.0011576582923807643
 0.001424310638698953
 0.0012933205039722256
 0.0009915780097379673
 0.0007015308825932681
 0.0002734784237918009
 0.0004255161726323259
 0.0007950877493386327
 0.0008582407082985272
 0.0009143764470046917
 0.0007646737249346752
 0.0002758053572675251
-7.27186053249701e-05
 4.4687941423982025e-06
 0.0006032695658039905
 0.0013003114210178718
 0.001279257736932965
 0.0005728555414000469
-0.00020839700350602786
-0.0007159779585164672
-0.0008703588274223129
-0.0007604244001041954
-0.00041658263099493553
-7.040178846776102e-05
-0.00029261578649301956
-0.00041892777438394535
-3.532175717019248e-05
 0.00018454912078977315
 0.00011203582151082803
-0.00014058613094729278
-0.0005382306353159116
-0.000872720157400933
-0.0004306373047393841
-4.46922141077305e-05
-0.00021076845010313539
 0.00015880312660314366
 9.096797416002778e-05
-0.0004025785403429516
-0.0006996428877413946
-0.001132373493378691
-0.0010832549749262566
-0.0011510901273693724
-0.0012165862063945876
-0.00035580921192693293
 0.0002266180458092848
 4.404047784012377e-06
-0.0003932404565846065
-0.0009569591736249411
-0.000978012857709848
-0.00027161470882432204
 8.86005742103263e-05
-7.045844153134861e-05
-0.00030670688006409486
-0.000491495703402775
-0.0009382607495475453
-0.0006645911829756129
 0.00039266797859659197
 0.0005236540666759271
 0.00046049706106862653
 0.0005142937263568764
 0.0004487976473316613
 0.0005213068999632003
 0.00010027166141547694
-0.00048215964296813296
-0.00046578815236646143
 0.00037627625475790405
 0.0009142611175538135
 0.0007598802486479678
 0.0004698331215032686
-0.0001570405778206635
-0.00040264531002504045
-0.00044241158145323645
-0.00037691954907542735
 0.0002616454706906579
 0.0005353150372625903
 0.0006826746392673
 0.0005516845045405588
-0.00024360248087297587
-0.0006856893801819169
-0.0012306955098789485
-0.0018435347686954068
-0.001452911531227924
-0.00044945105826767195
 0.0001984702551700579
 0.00016572120399560575
-0.00019449812568643476
-0.0006974009338610726
-0.0010833500711401323
-0.0008073414311502991
-0.00016175919113048387
 1.3669291889159552e-05
-0.00023661358715103276
-0.0006506316054450401
-0.0010389198161420143
-0.0011652318040329263
-0.0010903834779834587
-0.000500938999993511
-0.0004471423347052611
-0.000725494094760401
-0.00045650267502431174
-0.0009944915844675994
-0.001268165197686924
-0.0011114493020105698
-0.0009874804341849786
-0.0009219884018071417
-0.0018763323796386622
-0.00178511053966382
-0.0011021031249574265
-0.000828433558385494
-7.057579430592986e-05
 0.00028496134189288924
 0.00032004541983784995
 0.0003177043230962462
-4.2515006585794324e-05
-0.0005524350350141621
-0.0002483575140093952
 0.0002989836424581449
 0.000462716758388243
 0.0006475015350795449
 0.0004580345649050216
 0.00013524040990955943
-0.0001290769096381067
-0.00042146311020072047
-0.0006179473006289737
-0.00015715186062414954
 0.00036679856166428604
 0.0004299515206241944
 0.0004346276441363067
 0.00028258584864837566
 8.91223542906494e-06
-0.00045890447147690916
-0.0003957515125170008
-0.00011740379910925303
-6.126806040307464e-05
-0.00029517742551790627
-0.001029648502065758
-0.0010787710671655987
-0.00045424048790698723
 8.608344830683679e-05
 0.00017028806802793506
-1.4500755310759006e-05
-0.0003864154520823587
-0.0013150296223168323
-0.0017009787595959058
-0.0008331845448745073
-8.468307446660162e-05
 0.00015390039083666707
 3.928377003531436e-05
-0.0006203369571393808
-0.0008191602209855486
-0.0007045476468315742
-0.0006460728347074951
-0.00036070790104603123
 0.00010242661237670758
 0.0005164405840233088
 0.00034334712777418785
-8.002718419146404e-05
-0.00021803453917193516
-3.7927909316462505e-05
-9.874584150584842e-05
-0.0002437704167400495
 0.00013749652705578874
 0.0004111660936277073
 9.538915888598898e-05
-0.00017828445433333562
-0.0004519580675526602
-0.0006952237263391364
-7.303222049842573e-05
 0.0004134930271034176
 0.00028016381895877573
 1.8185572829010344e-05
-0.0005736020252262441
-0.0011466770359382095
-0.0011490181326798271
-0.000554895507854064
 6.495692456873203e-05
 0.0002497417012600339
-0.0003350286765414906
-0.0011303156619550392
-0.0016378966169654924
-0.0016074906858563331
-0.0010297415749559446
-0.0005315209602645421
 4.388907721793178e-05
-0.0001081527182699854
-0.0006835668023998792
-0.0007981834232012319
-0.001153724606047457
-0.0011911518040577246
-0.0007210000703812558
-0.0005946921291377499
-0.000482418628401704
 5.790530781210612e-05
 0.0001023456794287253
-7.542592365623879e-05
 0.0001491231011395422
 0.00018888532592033214
-1.227701134372261e-05
-0.0003608009739362178
-0.00018303341749865976
 0.00024033684781958609
 0.0003666447890631058
 0.0005233606847394601
 0.0006309560386396768
 0.0004789142431517457
-0.00027894756757521066
-0.0008473444314513606
-0.0009105014370586612
-0.0006111020628897235
-0.0002251569722580421
-0.0005128650259848405
-0.0008356591809803027
-0.0008543737916472949
-0.0006461982807768885
-0.0001994372812795242
 0.0003245131410089114
 0.000670693983536072
 0.0005139740412123117
 0.0003759666862318545
 0.00023795933125138335
 2.042348006194017e-05
 0.00023327713776816195
 0.00017479827899669065
-0.00024857603296896125
-9.653828412843624e-05
 0.0002098783102942453
 0.00011865242367202489
-0.00014098674903983976
-0.0006158206761995438
-0.0008497300413143755
-0.000728100246906685
-0.000636878406931829
 0.0001677608255059443
 0.0010893537288392957
 0.0011150815131126257
 0.0006823509074753431
-4.2763875400864126e-05
-0.0004614600405306868
-0.00033749117270509554
-6.616067955107774e-05
 0.0003455142186776089
 0.0010215044131302725
 0.0013723634024932763
 0.0009466500171097236
 0.0004647988696962896
 4.610270456646692e-05
-0.00024628349599614685
-0.0003959862180661633
-0.0008053260895243414
-0.0006088459457434942
 0.00019111513985846373
 0.0004811582203557707
 0.000703368171733651
 0.0007244178091711517
-6.151288257075227e-05
-0.0008731733819096754
-0.0011795940229797491
-0.000929315190586949
-0.00026034221638801536
 0.00037354465654224067
 0.00011156641041248916
-0.00035157214965764183
-0.00024397679575742515
-0.00019018013046917526
-0.00010831458416596385
-0.0006252518328480755
-0.001025235410634609
-0.00048257240100288423
 6.476875546465588e-05
 0.0008085920790367601
 0.0013068126937281627
 0.0008319787665684725
-4.5175788471976674e-05
-0.0010135542068109432
-0.00134570465547805
-0.0004638760002491915
 0.0002121141942034721
 0.00035947379620819564
 0.000165328679197857
-0.0005504298100067057
-0.0009223445067783054
-0.0010159094668184543
-0.0005785047609927346
 0.00021911725119130865
 0.000506821258270701
 0.0002448430121409495
-0.00038904790743672646
-0.0006159400522978281
-0.00013643202494970086
 0.00027992102011480113
 0.00021442494108959986
 0.00043663489246746623
 0.0011032687932484853
 0.0010284164205516255
 0.00025184202248138
-0.000276790593290277
-0.00041947609510657735
-0.00013645023486300034
 0.0002144087545000034
 0.0004927564679077373
 0.0007804604749871297
 0.0005792981377230472
 0.0004108828283097554
 0.00013019199483668698
-0.00031423397789015484
-0.0001364664214525968
-0.00041715725492566524
-0.0011142031567869248
-0.0008311772965433617
-0.00011074470715037588
 0.00010678709739167513
 0.0005184619956203756
 0.000668160671042986
 0.0001348499084355137
-0.0001177720440226071
-0.0007446457433465253
-0.00099726769580466
-0.0006323742659341963
-0.00021836029428759507
 0.00038745769762774107
 0.00038043845405030807
 0.0002588046129952115
 4.82859820594983e-05
 8.51971063131618e-06
-8.036710257301738e-05
 0.00012079118804364519
 0.0007523389875560005
 0.0003383209692619932
 0.0006119905358339256
 0.001011970066973053
 0.0005745613144999412
 0.00015820422278801927
-0.0005248072385657665
-0.000435924472008839
 6.69742895183928e-05
 0.0003780690307768897
 0.00023772260237851783
-0.00025816298554237616
-1.957952023912135e-05
 0.0004903364615418404
 0.00028683505085985717
-3.595910413560499e-05
 0.00018157270040644602
 0.00023770843911261053
 0.00017455143350531
 6.461295953978652e-05
 0.0002143116349624108
 0.000635342826862742
 0.0005745248946733422
 0.0005417758434988901
 0.0005183830859960825
 0.0008014089462396456
 0.0011218599811697871
 0.0008435082211146472
 0.0009113393269103848
 0.001049342635243436
 0.00047392855111355603
-8.979016592675082e-05
 0.00021662642849591685
 0.0009534325318142772
 0.0016224055060132109
 0.00168789753839102
 0.0009510873884252813
 0.00031251832201179
-0.00023014873426734084
-0.0004991442006508362
-0.00014126799103410248
 4.585585907510015e-05
 0.00044349631679631296
 0.0011381990985922658
 0.0007686234752385945
 0.00020022661136244457
 0.00024232790956114914
-3.2768226432416947e-06
-0.00021847360041477026
 9.262114084372663e-05
 0.00040371588210222353
 0.00022828335243517406
-9.918894939608958e-05
-0.0004991725271826231
-0.0005529732391182929
-0.00016468907506872466
-0.00017404739206407227
-0.00027229049894003654
-0.00025825808175626574
-0.000302702500020291
-0.000726076811985929
-0.0010254802328022727
-0.0007939139877527479
-0.000740117322464498
-0.0005857405002060584
-0.0006301849184700559
-0.0005997789873609105
-0.0003752299625651295
-0.0008336903757994452
-0.0011354328700337035
-0.001013803075626013
-0.0008570871799496588
-0.00042436062095976834
-0.0001927943759102574
-0.0006185077612937961
-0.0008196700985578786
-0.0006629542028815244
-0.0007073986211455358
-0.0005389873583796084
-0.0005226158677779369
-0.0008313755822659391
-0.0010348769929479223
-0.0011892578618537542
-0.0011986161788491018
-0.0008921995844264202
-0.0008126731115411373
-0.0011728924412231778
-0.0011705553911289662
-0.0011307931663481763
-0.0012641223744928182
-0.0014395549041598538
-0.0018699464363792495
-0.0018699484597029525
-0.0017459795918773474
-0.0018301882582458656
-0.0016360471878829053
-0.0014629577782811765
-0.0012711557813361585
-0.0011869511616150463
-0.001402147939386575
-0.0012501101905460499
-0.0011495320568995632
-0.0012290625764322521
-0.0011238062959499362
-0.0011612334939602176
-0.0011682527375376506
-0.001205679935547932
-0.0012290726930507395
-0.0011191382657326082
-0.0009366925624592348
-0.000955407173126227
-0.0008828979204946741
-0.0003589474982062385
-1.744480251489322e-05
 0.00018371348810178323
-0.00020925286943102028
-0.0006934430902623551
-0.0006887669667502289
-0.0006887689900739319
-0.00032153648678556745
 0.0003263848266521763
 0.000901794864134664
 0.0008550113724527242
 0.00034275227060645563
-0.00035663270467271857
-0.0007659725761308966
-0.0004104354399320914
-0.0002841274986885717
-0.0003800315321466352
-0.00046424019851513953
-0.0005624833053911177
-0.00039407204262520423
 5.907488513923198e-06
 0.0001813359715335805
-0.0001040330087753033
-0.0005905623030245527
-0.0014302916833784096
-0.0017109825168514642
-0.0010116015882196822
-4.7905363363937026e-05
 0.0008877219804768882
 0.0009298232786756067
 0.00048305823253083635
-0.00012978102628562194
-0.0008244878547289808
-0.0004198301767540241
 0.0003520620278330139
 0.0009040813311363693
 0.0010163548318724153
 0.0005040957300261328
 0.0003754446687173202
 0.0004035115264085509
 0.0007029109005775025
 0.0012666255709704172
 0.0015028699628557712
 0.001523919600293272
 0.0008900286807156099
 0.00032163181683945996
 0.0005602152821427148
 0.0009017179778340739
 0.0012900021418836422
 0.002038503612291548
 0.0023566155738038025
 0.0018934770137336576
 0.0014724417751859203
 0.00035670173151852724
-0.0005508607779547425
-6.66746037708138e-05
 0.00026313272483098615
 0.0006981983572387773
 0.0012782865415570804
 0.0014022554093826856
 0.0015098507632829022
 0.001154309580436691
 0.00042919479756048373
 0.0002163370932068559
 0.00010172047240550319
-0.00013218889270932843
 8.153489041651252e-06
 5.0254787240355814e-05
 0.00030287269305108444
 0.0006209846545633113
 0.00033327660083652677
-2.694272884551374e-05
-8.776066103489966e-05
-0.00015793488689594404
-0.00027489058111521136
 5.2577674068660096e-05
 0.0002186498634166728
 0.0002326822806004436
-0.00021642183896222744
-0.0009508929155100793
-0.0006444763210873977
-0.00020473254184377732
 0.0003028443665192837
 0.0005858702267628468
 2.682965655835534e-05
-0.0003591194807207182
-0.0003661387242981512
-0.0003918705552188734
-0.00018135597093055233
 0.0002537096614772527
 8.997249889974857e-05
-0.00022580443584196974
-0.0005018171224791951
-0.0006725715053104292
-0.00047141321469375275
-0.0007193570203160582
-0.0008643815955502593
-0.00034277024667972444
 0.000249013304728124
 0.0006349583953597915
 0.0005811576834241217
 0.00014608800436893832
-0.00025389557341760904
-0.0006445228575324979
-0.0007030017163039831
-9.952279780654771e-05
 0.00046185279916845234
 0.0005624309328149391
 0.0005647679829091506
 0.0004057089671674896
-0.00010888920809669356
-0.0004808039048682933
-0.0009018391434160306
-0.0010211339110532125
-0.0005346086634513553
-0.0006001047424765704
-0.0008269968873376721
-0.000681976358750877
-0.0008667651820895572
-0.0011638295294880002
-0.001350957426244609
-0.0017392456369415832
-0.0015076793918920584
-0.0005580176075437593
-3.874533209115294e-05
-0.00025394210986270926
-0.0008901721028582721
-0.001479620627495612
-0.0020550347116255058
-0.002019950633680531
-0.0008293642872873735
 0.00040800352746400703
 0.0008734771143046466
 0.0004898670504435015
-0.0002820292007909425
-0.0007615412747864481
-0.000558043910751857
 6.882574192466906e-05
 0.000531960255347394
 0.0009342788599044499
 0.0012336782340734015
 0.0012126245499884947
 0.0008196581924556912
 0.00036587592605720476
 0.0001693917356289515
-0.0003171375586202979
-0.000726477430078476
-0.00035456677995426844
 0.0003892565436178219
 0.0012032520697272536
 0.0013623070388215086
 0.0008851340382439038
 0.0005787133971738301
-0.0001300278717769887
-0.0008551426546531959
-0.0006867313918872825
 0.00010387340004304468
 0.0013318849211227807
 0.0021248287864710086
 0.0021388612036547655
 0.0018909173980324878
 0.001261704625290641
 0.0007915488449667663
 0.0007377481330310964
 0.0007868666514835448
 0.0013692939092197626
 0.0021084390859560237
 0.0021224715031397945
 0.001860493257010043
 0.0015914977906265337
 0.001088594982451896
 0.000803226002143026
 0.0006769140142521002
 0.000749423266883667
 0.0008640358410376137
 0.0006745688708631042
 0.0005856820576587707
 0.0005599502267380485
 0.0008757231148323746
 0.0008546694307474678
 0.0005388924960057495
 0.000700286538517933
 0.00028392944680602494
 0.0001201922842285208
 0.0005295281090392928
 0.0007517380604171869
 0.0010698500219294138
 0.0009411989606205873
 0.000255848425848873
-0.0002213245747287318
 0.0001038046070372528
 0.00034706621917632297
 0.0002698747730615486
 0.0008148768561111741
 0.0015353094455041738
 0.0017154160753596326
 0.001242921221617857
 0.00046166867671176837
-0.00014415336185094607
-1.3167273771610977e-05
 0.0002628413662182222
 0.0003727757935363396
 0.001161041512048766
 0.0017458078432028845
 0.00115402024514763
 0.00034235974580870687
 5.465169208192233e-05
-3.423512112241123e-05
 0.00022072185810621814
 0.00047100069049901827
 0.00039848739122007315
 0.00044760590967252156
 0.00032363299519952426
-3.424726106461551e-05
 2.1888477641548998e-05
 0.00043824152270607875
 0.0003516937829196598
 0.00022772086844664863
 0.000482677847675278
 0.0008148242496949926
 0.0011048673301922995
 0.0006697976511370884
-8.338601275405255e-05
-0.00015589931203299767
 2.1868244404560366e-05
-0.00038045440679988773
-0.00032665774151162397
 0.00016922379976186397
 0.00027681915366209453
 0.0003423111860399175
-0.000314970467716863
-0.0009114362126079467
-0.0007593984637674078
-0.0007710958541806701
-0.0005512249762207044
 0.00011774799797822921
 0.0004615897670874891
 0.0009294024273460572
 0.0009223831837686103
-9.043762951067846e-05
-0.0002682092325956287
-0.0003664523394716068
-0.0004132358311535328
 0.0002580762164633016
 0.0006019179855725754
 0.0007726683217564034
 0.00041244899207434904
-6.238493508534115e-05
-0.00020974858373745686
 0.0001107024511926985
 0.0007048250760184754
 0.0006042428957245827
 0.0005270514496098083
 0.00033290633259948355
-0.00021677794393337724
-0.00015830313180929811
 0.0003445956297179198
 0.0008474943912451655
 0.0008662049552647516
 0.00039604917494087677
-0.00021211193703976616
-0.0006518597629307787
-0.00026591467229911125
 8.2605243645964e-05
-0.00013259153412557845
 0.0001083310045955771
 0.0006182469863765527
 0.0006229231098886789
 0.00035860579034099893
 0.00015744345307691643
-0.00017704606900807718
-0.00028698454297361453
-0.00031037730047643597
-0.00015366140480008172
 0.0004100532655928607
 0.0005129704726572482
 0.000672025441751517
 0.0009129479804726726
 0.000697751202701144
 0.0004498073970788524
 7.321455347142347e-05
-0.00015835573822549354
 0.00011531382834643888
 0.00037962710124671284
 0.0003796250779230098
 0.0005620707811963832
 0.0004053508388726229
 0.00010828649147419378
-0.00027532357238695127
-0.0009606741071586655
-0.0007361250823628845
-0.0005723919664327864
-0.0005068999340549774
-0.0003572012586323531
-0.0006121622845083885
-0.00027065958881702934
-0.00011160461972276048
-0.0003010715898972838
-0.0003010736132209868
-6.950736817144809e-05
-2.9745143390658146e-05
-0.00025195914141594444
-0.00036891483563521177
-0.00041803740073505236
-0.00015606320125267914
-0.0004344149613078191
-0.0003268196074076024
 0.00017841822753753012
 0.0001830943510496702
 0.0002485863834274793
-0.0003689310222248082
-0.00044378339492166796
-0.00010695884606613804
-0.0002449662010465953
-0.00028239339905689054
-0.0003174815236492573
 0.00023921592648994128
 0.0007631663487783769
 0.001263726036887694
 0.0015163439426984088
 0.0008590622889416283
-9.762076230779293e-05
-0.0007549024160645595
-0.0004718765558209964
 0.000496497815870578
 0.0016192510331443088
 0.0017619324883132031
 0.0011584495231683756
 0.0006882937428445007
 7.621354908629585e-06
-0.00047189071908688984
-0.0006075590006494463
-0.00017015429482374056
 0.0005011577527931077
 0.0009104935776038936
 0.000987680977071262
 0.0006531914549862405
 0.0003116847126475031
-2.5143882855432897e-05
-0.00011169162264185184
 8.244944772108076e-05
 0.0005175150801288858
 0.0008543396289844157
 0.0009057972208547649
 0.0009432203722176402
 0.0006040527032968035
 0.0005479129179432468
 0.0004987903528434062
 0.0001783352712658448
 0.000440309470748218
 0.0003490835841259837
 0.0005198339203097979
 0.0014858692185834715
 0.0018156765471852576
 0.0019653752226078958
 0.0017642128853438133
 0.000807529834094392
 0.0003139833195913988
 0.0006063654735066204
 0.0009081039210934866
 0.0009197972648593428
 0.0013384893833417594
 0.0013618780941971609
 0.0007350043948732427
 0.0006203877740718899
 0.0007233049811362913
 0.0010343997223947882
 0.0011724030307278671
 0.0007490287187622152
 0.00010110335867707931
-0.0003760696419005255
-0.000221692819642072
 0.0001853039317507993
 0.0007958000705019369
 0.0014437213839396668
 0.0016214889403772387
 0.0014086312360236108
 0.0010881761544460494
 0.0007560257057789427
 0.0005782541026939786
 0.000468315628728469
 0.0002928830990614195
 0.0005478400782900489
 0.0008823255537276503
 0.0010367023759861177
 0.0008940168741698173
 0.000592274379935559
 0.0005688816224327375
 0.0005174199839150101
 0.0005946073833823784
 0.00037005431193919136
 0.00034198340760055457
 0.0005641933589784348
 0.0003068932596844848
 0.0006951774237340669
 0.0011676682308284364
 0.0009969138479972162
 0.000475298452479303
-0.00020771300887449662
-0.0003620938777803562
-0.00015157929349203514
 9.636046548287813e-05
 0.0004682711156070718
 0.0007372625353431611
 0.000994558587989705
 0.0012354811267108745
 0.0009126869717154124
 0.0007325762952125475
 0.0009547862465904139
 0.0007536239093263591
 0.0002273303669726029
 1.4472662618975063e-05
 0.000536084011489496
 0.0009945403780764195
 0.000601574020543616
 0.00018755600224960867
 0.0003208811637468584
 0.0004729189125873834
 0.0005524453854726802
 0.0006904486938057453
 0.0005992228071834971
 0.00028110679902386415
-1.3618474956650362e-05
-0.00017969471095205525
-3.9352329201075564e-05
 0.00029513314623652587
 0.00018051652543518704
-0.00021244983209761648
-0.00023818166301833865
-0.0003247294028047576
-0.0007668163021136848
-0.0010521852824225686
-0.001042831012074627
-0.0008346555012042206
-0.0005352561270352829
-0.0006451946010008064
-0.0008346615711753158
-0.0005680092248571411
-0.0005212297798226073
-0.0004838066284597181
-0.00016569466694749124
 0.00023428486419165007
 0.0005804657067188107
 0.00031380931375322996
-2.7697428585521378e-05
-0.0005703644848646383
-0.0010381811917706124
-0.0007457990378553769
-0.000481485764955103
 1.6734849736299573e-05
 0.0004985819505023276
 0.0002482990714621214
 1.4389706347289755e-05
-1.835934482717627e-05
-0.00031074554538979005
-0.0002616270269373555
-5.8129662902764445e-05
-3.474095204734906e-05
 0.0003699167259276076
 0.0003044206469023786
-9.322385746622641e-05
-9.556495420784406e-05
-9.79060509494617e-05
 7.350229532854247e-06
 7.518133532859184e-05
 0.0001897939094825385
 0.0006973708178455856
 0.0009406324299846558
 0.0007885906344967386
 0.0007979449048446802
 0.0006388858891030053
 0.0007605156835106958
 0.0013920634830230372
 0.0012587342748784092
 0.0009733652945695254
 0.0014060918535594158
 0.0016470143922805713
 0.001714845498076309
 0.0017943719709615918
 0.0018481686362498556
 0.001892609007866461
 0.0014201141541246992
 0.0010669120446963887
 0.0010014159656711596
 0.000985040428422082
 0.0012821007291731329
 0.0013335583210434682
 0.0012119244799883855
 0.0012844337326199246
 0.001134731010549922
 0.0005546387795842128
 0.00031371219421563734
 0.0003745260797576311
 0.0002318405779413446
 0.0005078492179311916
 0.0009288804098315229
 0.0009803380017018581
 0.0009592843176169652
 0.0008657193575768163
 0.0007440855165217336
 0.000999042495750349
 0.0009826669585012715
 0.0005288846921027851
 0.0002856190333163089
-0.00025704802296280804
-0.0003131878083163925
 9.848708991230803e-05
 0.0001078413602602496
 0.0006621997369815336
 0.0008797315415235846
 0.00023414525485636328
-9.332704697491423e-05
-0.0004278165690599356
-0.0005634848506224921
-5.122979542361572e-05
 0.0003814967635662886
 0.0010411134440935638
 0.0015907936739790185
 0.0010691782784610915
 0.0004610171664804624
 0.00020371706718652627
-9.14063716711544e-06
 0.00035341371928543364
 0.0009826224453798882
 0.0010878787258621903
 0.0010878767025384872
 0.0009405130538863715
 0.00045866190647296523
 0.00044228636922387377
 0.0009124381029003426
 0.0012048202568155503
 0.000987284405626107
 0.000657473030376915
 0.00037444312348594577
 0.00019667152040098168
 0.000596651051540123
 0.0007978093421567994
 0.00033467078208665457
 0.00023642767521067642
 0.0003463621025288077
 0.0001685904994438575
 0.0003533752761351455
 0.0007744064680354767
 0.0009825819789058832
 0.00033699569223867576
-0.0008442384071302295
-0.0010313663038868381
-0.0009705524183448444
-0.0007600378340565372
 7.033120597828291e-05
 0.0005451610864905809
 0.0008375432404057886
 0.00032996228539533545
-0.0008442545937198259
-0.0011506752347899135
-0.0008232069796060421
-0.0005074340915117159
-0.00036475263634280775
-0.00014254268496494138
-3.0269184228895463e-05
-6.769638223919072e-05
-6.068118530913602e-05
-0.00024313093522992935
-0.00017763890285210637
 7.030085612277914e-05
 0.00016152269609763514
-0.0003086330842262397
-0.0006711914873261948
-3.0287394142194946e-05
 0.0001568364559669938
 0.00013578277188211474
 0.00026676885996143596
 8.665818345857113e-05
 3.519654494081592e-05
-0.0003788214733531775
-0.000554254003020227
-0.0001683089123885595
 0.00013576860861620743
 0.00015915731947162282
 1.4132744237421724e-05
-7.943221580272719e-05
-0.00019170976318617916
-0.0001800164194203091
-0.00036246616934110243
-0.0005542722129335265
-0.000603394778033367
-0.0007577756469392127
-0.0006291286322777784
-0.0002572179821535847
 7.025027303028675e-05
-9.11478161292889e-05
-0.0004981486141695524
-0.0007227016856127394
-0.0007414162962797316
-0.0005776831803496474
-0.0007039951682405454
-0.0006057561080119733
-0.0004373448452460599
-0.0003929044736294407
-0.00014028656781871207
-0.0003344316848290507
 7.022599314589206e-05
 0.00030647038503123225
-0.0005402762155763408
-0.0006829617173926411
-0.0006081133913431735
-0.00042800676148771477
 0.00014974234941267373
 0.00012868866532778078
-0.00018241012257812217
-0.0002806532294541003
-0.00041164336418084146
-0.0003672029925642084
-9.353342599228986e-05
 9.592949753482738e-05
 0.00016142152991263647
-9.82176427992143e-05
-0.0004022992104513734
-0.00039294494010343184
-3.272965706879738e-05
 0.0002643306436822396
 0.0003672478507466409
 0.0004420961767960946
 9.365571158798103e-06
-0.0007859214142547366
-0.0011461407439367771
-0.0004490988887229097
 0.0002994025816850099
 0.000357877393809089
 7.952563375394905e-05
-0.0005192791845550493
-0.0005754189699086198
-0.0005239613780382707
-0.0007695661102426476
-0.0003157878904915534
-9.37129606888576e-06
-0.0001894819725717506
-5.8495884492415495e-05
 8.886371751229416e-05
 0.0002993783018006152
 0.0005262664000143108
 0.0001683861437501849
-0.0004701829226633064
-0.0005076101206735878
-0.0002713657287882476
-0.00025265516476866146
-6.553131465944495e-05
-0.00048656655320718223
-0.0012701581715311716
-0.0015064066100639179
-0.001976562390387779
-0.0019859207073831264
-0.0012350801635572922
-0.0008959165412838616
-0.0006643502962343367
-0.0006620132461401251
-0.001012876282150521
-0.0012397684270116227
-0.0018947110073504747
-0.0022385568231071407
-0.0016397560514455484
-0.001207029492455658
-0.0008772221638538719
-0.0007017936808342146
-0.001134524286471511
-0.0015742721123625375
-0.0020233762319252085
-0.0024888538654132403
-0.0022876955747965777
-0.0013099649094333587
-0.0006994687706822073
-0.0008398151990805791
-0.0007953748274639599
-0.000781342410280203
-0.0008982981044994703
-0.00100121935821125
-0.0009053193714005925
-0.0007065001542018307
-0.0009123406383017285
-0.0011696407375956785
-0.0016117276369046057
-0.0015626091184521712
-0.0009029924379248822
-0.0005334208612186031
-0.0005451182516318515
-0.0009942223711945225
-0.0012795913515034063
-0.0011860304381106496
-0.0009123608715387171
-0.0003182382467129541
 0.0003764645350829987
 9.343462819202952e-05
-0.0005381172179677179
-0.0005638490488884401
-0.0006246669810778399
-0.0004141523967895189
-0.0004328670074564972
-0.0006925061801683619
-0.0005778936060144152
-0.0004445684445171655
-0.0006176619007663142
-0.0008866573671497957
-0.0009240845651600771
-0.0009755462036778323
-0.000818830308001478
-0.0006012985034594132
-0.0002597958077680679
-0.00020833821589771873
-0.0005334714443110955
-0.0009100642879185106
-0.001429340610018523
-0.0008866776003867982
-0.0004703245553222962
-0.0006738259660042656
-0.0007299657513578361
-0.001048081759517483
-0.0006761711093932893
-0.0005171161402990204
-0.0007603817990854828
-0.0003650804147821707
-0.0001498876836580343
-0.0005358368209371078
-0.0007346600847832618
-0.0002691864979426084
-0.0004165501465947241
-0.0007627350357693047
-0.00028322700842117743
 0.00023604526703142892
 0.0004301863373943754
 0.00039275913938408014
 0.000425504143911154
 0.00011440535600525104
-0.00019669343190065192
-5.635105014968611e-05
-0.00017798489120475491
 2.083432599399304e-05
 0.0006477039786705191
 0.0008278106085259918
 0.00046759127884395124
 4.452718773820252e-06
-1.660096531108657e-05
-0.0001452520266199131
-0.0004844196955407498
-0.0005054733796256428
-0.00032068860293435475
 0.00020092274593616621
 0.0003833684492095396
 0.0002827862689156746
 0.00010735373924861125
-3.533176256767523e-05
 4.4304622131147164e-06
-7.743913073747499e-05
 0.0005353960814315911
 0.0008698815568692064
 0.0008254371386051812
 0.0005798324064007904
 0.0002055786362112899
 0.0003786680458130326
 0.00010733350601160874
 0.0004698878624641578
 0.000909631641707806
 0.0006312798816526521
 0.00046286457223933264
 8.393265521400295e-05
 0.00023597040405454184
 0.0010920692516863811
 0.001845248868930116
 0.0018171779645914793
 0.0011107757690585751
 0.0003552530317495195
 0.0002406364109481668
 0.000404369526878251
 0.0008324179390323261
 0.001665126052485047
 0.0018662843431017234
 0.0017025471805242332
 0.0010733344077823864
 0.0008370859692496541
 0.0011388244168365064
 0.0009797654010948315
 0.0011294640765174557
 0.0011037322455967474
 0.0009470123032729871
 0.001127118933128446
 0.0009095830819390027
 0.0005353293117495023
 0.0008557803466796438
 0.001124771766415747
 0.0010101551456143804
 0.001208974362813156
 0.001208972339489453
 0.0014218259971956748
 0.0014101286067824126
 0.0009797370745630307
 0.0011434701904931427
 0.00103587078994552
 0.0006803296070992948
 0.0004300467280590886
 0.00048150431992943776
 0.0008510758966357307
 0.0009633493973717627
 0.001047554017092861
 0.0010218221861721527
 0.0011177221729828102
 0.001131754590166581
 0.0009165578123950385
 0.0008627571004593826
 0.0006966808644639777
 0.0006615927398716109
 0.0005586714861598036
 0.00034113563497037425
 0.0006054489078706482
 0.0011691635782635629
 0.0012814370789996088
 0.0011504469442728676
 0.0011434277006954485
 0.0006264904520133369
 0.0003574949856298415
 0.00017504523570906205
-0.0003512483066446803
 0.0003668452093303909
 0.0008767611911113526
 0.0005422716690263313
 0.0007808551343296
 0.00022649271096090995
-0.0004237717225421267
-0.0001454240091343928
-8.69491970102998e-05
 0.0002662488657706047
 0.0006826019108351206
 0.000369164049511303
 0.00017735800591886508
 0.00035980370919226623
 0.0001867102529431175
-0.0002249686919329752
-0.0006810900317493762
-0.0007629596246999659
-0.00013608997202343986
 0.0002779239996231614
 0.0007597711003891894
 0.0009188260694834721
 0.0006194226486671145
 0.00029662849367165234
-0.000718531393025551
-0.0009781705657374018
-0.0007653169080311661
-0.0003138777616980004
 0.0006311058758144694
 0.0010591542879685445
 0.0012953986798538847
 0.0005866574109030659
-0.00024605474919706105
-0.0007723482915508173
-0.0009898841427402605
-0.00027880784701891925
 0.00024748164868741707
 0.0004884041874085865
 0.00044395976914457513
 0.00015859078883569133
-0.0004612656902345108
-0.001120886417409192
-0.0010249864305985207
-0.00013380148169801764
 0.0008018258621428076
 0.001129294117326679
 0.0011901080028686867
 0.0006825270478582335
 3.226261435518296e-05
-0.0005571859102821708
-0.0006788197513372535
 0.00013517577477219211
 0.0005187817919859311
 0.0004228777585278676
 0.00030358299089068563
 5.797825868630868e-05
-0.00017827017984642368
-0.00025780069937911265
-0.00039580805435958377
-0.0002344140118474003
 0.0003339788053813436
 0.0007877570251324378
 0.0009351166271371475
 0.0005819145177088508
 0.0004766541905791427
 0.0002942044406583494
-0.00017595133966552545
-8.239042627275484e-05
 0.0004345427757619369
 0.0007058732689159408
 0.0007128884658459816
 0.0007853977184775207
 0.00030354657106410055
-9.409793330451832e-05
-0.00034204173892682377
-0.000505778901504314
 0.000226349054978231
 0.0008766094418338755
 0.000853216684331054
 0.0002918370407086479
-0.0001619452256898385
-0.00030463072750613884
-0.00016662741917307378
 0.0001959269372794753
 0.0005865501747469859
 0.0012297933413488865
 0.0012251131711893543
 0.0006847851883281381
 0.0006613924308253305
 0.0010099123467704196
 0.0011479156551034847
 0.0012157467608992084
 0.0013210030413815244
 0.0012999493572966314
 0.0013350334352415921
 0.0010683770422759975
 0.0005982212619521227
 0.0006637132943299595
 0.0012578359191557226
 0.001393500154070873
 0.0011736252294635152
 0.0013350192719756987
 0.0015198040486669867
 0.00119467082025361
 0.0006543428373924076
 0.0006496626672328892
 0.0006262699097300678
 0.0004180903522122692
 0.0004110711086348223
 0.0005046320220275791
 0.0008110486164502745
 0.0007385353171713155
 8.593181025036423e-05
