
╔══════════════════════════════════════════════════════════════════════╗
║ KDEllipsPy · Inversion cinematica (NA)                               ║
║ Evento Calama  ·  2026-05-25                                         ║
╚══════════════════════════════════════════════════════════════════════╝

┌─[00:34:53 |    0.0s] Cargando KDEllipsPy
│  [32m✓[0m kdellipspy importado (numpy 2.4.6)

┌─[00:34:53 |    0.4s] Validando rutas
│  [32m✓[0m input.ctl : /home/alex/KDEllipsPy/inversions/2020-06-03/input.ctl
│  [32m✓[0m DATA      : /home/alex/KDEllipsPy/inversions/2020-06-03/DATA
│  [32m✓[0m output    : /home/alex/KDEllipsPy/inversions/2020-06-03/output

┌─[00:34:53 |    0.4s] Leyendo configuracion
│  Evento      : -23.247, -68.530, 123.4 km
│  Mecanismo   : strike 333 / dip 60 / rake -91  (doble cupla)
│  Banda       : 0.02–0.1 Hz   |  filtro causal
│  Ventana     : t1=0s  t2=128s  npts=256  dt=0.5s  (units=disp)
│  Estaciones  : 9  [A22F, A08F, A09F, PB19, A05F, PB06, A06F, A18F, A23F]
│  Mod. veloc. : 16 capas
│  Algoritmo   : Neighbourhood Algorithm  |  n_jobs=1
│  [32m✓[0m Configuracion leida

┌─[00:34:53 |    0.4s] Cargando datos observados
│  [32m✓[0m observed shape = (9, 3, 256)  (estaciones, comp, npts)
│  [32m✓[0m eje de tiempo  = 0 … 127.5 s (256 pts)

┌─[00:34:53 |    0.4s] Calculando tiempos P/S por estacion (azi_times)
│  [32m✓[0m azi_times_array shape = (9, 3)  (modelo iasp91)

┌─[00:34:53 |    0.5s] Construyendo modelo de inversion
│  [32m✓[0m NAInversionModel listo  (cache de Green ACTIVADO)
│  checkpoint en vivo → /home/alex/KDEllipsPy/inversions/2020-06-03/output/best_model_live.txt
│  NA: 50 iter · SS1=500 · SS=50 · resample=10 → ~3000 modelos directos

┌─[00:34:53 |    0.5s] Corriendo busqueda NA  (esto puede tardar)
[NA] Starting search: ni=500, ns=50, n=50, nr=10 -> expected evaluations=3000 (n_jobs=1)
NAI - Initial Random Search
[NA] iter=00000 eval=00001 misfit=1.260566e+00 best=1.260566e+00
[NA] iter=00000 eval=00002 misfit=3.109683e+00 best=1.260566e+00
[NA] iter=00000 eval=00003 misfit=2.789857e+00 best=1.260566e+00
[NA] iter=00000 eval=00004 misfit=2.000945e+00 best=1.260566e+00
[NA] iter=00000 eval=00005 misfit=1.267847e+01 best=1.260566e+00
[NA] iter=00000 eval=00006 misfit=1.061040e+01 best=1.260566e+00
[NA] iter=00000 eval=00007 misfit=1.154050e+01 best=1.260566e+00
[NA] iter=00000 eval=00008 misfit=3.881516e+00 best=1.260566e+00
[NA] iter=00000 eval=00009 misfit=5.194412e+00 best=1.260566e+00
[NA] iter=00000 eval=00010 misfit=1.378841e+00 best=1.260566e+00
[NA] iter=00000 eval=00011 misfit=8.955720e+01 best=1.260566e+00
[NA] iter=00000 eval=00012 misfit=3.068972e+01 best=1.260566e+00
[NA] iter=00000 eval=00013 misfit=2.564887e+00 best=1.260566e+00
[NA] iter=00000 eval=00014 misfit=3.136885e+01 best=1.260566e+00
[NA] iter=00000 eval=00015 misfit=2.151533e+00 best=1.260566e+00
[NA] iter=00000 eval=00016 misfit=5.844333e+00 best=1.260566e+00
[NA] iter=00000 eval=00017 misfit=1.763146e+01 best=1.260566e+00
[NA] iter=00000 eval=00018 misfit=1.151548e+02 best=1.260566e+00
[NA] iter=00000 eval=00019 misfit=2.011807e+00 best=1.260566e+00
[NA] iter=00000 eval=00020 misfit=1.039305e+00 best=1.039305e+00
[NA] iter=00000 eval=00021 misfit=1.839173e+01 best=1.039305e+00
[NA] iter=00000 eval=00022 misfit=1.975267e+01 best=1.039305e+00
[NA] iter=00000 eval=00023 misfit=8.585947e-01 best=8.585947e-01
[NA] iter=00000 eval=00024 misfit=9.124853e-01 best=8.585947e-01
[NA] iter=00000 eval=00025 misfit=4.902214e+01 best=8.585947e-01
[NA] iter=00000 eval=00026 misfit=1.733972e+01 best=8.585947e-01
[NA] iter=00000 eval=00027 misfit=5.925448e+00 best=8.585947e-01
[NA] iter=00000 eval=00028 misfit=7.647953e+01 best=8.585947e-01
[NA] iter=00000 eval=00029 misfit=7.044065e+00 best=8.585947e-01
[NA] iter=00000 eval=00030 misfit=4.366273e+01 best=8.585947e-01
[NA] iter=00000 eval=00031 misfit=2.824701e+01 best=8.585947e-01
[NA] iter=00000 eval=00032 misfit=1.568086e+00 best=8.585947e-01
[NA] iter=00000 eval=00033 misfit=1.617798e+02 best=8.585947e-01
[NA] iter=00000 eval=00034 misfit=2.149112e+00 best=8.585947e-01
[NA] iter=00000 eval=00035 misfit=1.832034e+01 best=8.585947e-01
[NA] iter=00000 eval=00036 misfit=5.053217e+00 best=8.585947e-01
[NA] iter=00000 eval=00037 misfit=7.915126e-01 best=7.915126e-01
[NA] iter=00000 eval=00038 misfit=1.480321e+00 best=7.915126e-01
[NA] iter=00000 eval=00039 misfit=8.146563e+00 best=7.915126e-01
[NA] iter=00000 eval=00040 misfit=2.251222e+01 best=7.915126e-01
[NA] iter=00000 eval=00041 misfit=2.139509e+00 best=7.915126e-01
[NA] iter=00000 eval=00042 misfit=4.597300e+01 best=7.915126e-01
[NA] iter=00000 eval=00043 misfit=2.902157e+00 best=7.915126e-01
[NA] iter=00000 eval=00044 misfit=5.519401e+00 best=7.915126e-01
[NA] iter=00000 eval=00045 misfit=4.354166e+00 best=7.915126e-01
[NA] iter=00000 eval=00046 misfit=5.822979e+00 best=7.915126e-01
[NA] iter=00000 eval=00047 misfit=6.380319e+00 best=7.915126e-01
[NA] iter=00000 eval=00048 misfit=5.654052e+01 best=7.915126e-01
[NA] iter=00000 eval=00049 misfit=3.138582e+01 best=7.915126e-01
[NA] iter=00000 eval=00050 misfit=1.541528e+02 best=7.915126e-01
[NA] iter=00000 eval=00051 misfit=1.053869e+01 best=7.915126e-01
[NA] iter=00000 eval=00052 misfit=1.998108e+01 best=7.915126e-01
[NA] iter=00000 eval=00053 misfit=2.701718e+00 best=7.915126e-01
[NA] iter=00000 eval=00054 misfit=3.891585e+00 best=7.915126e-01
[NA] iter=00000 eval=00055 misfit=2.061072e+00 best=7.915126e-01
[NA] iter=00000 eval=00056 misfit=3.482775e+00 best=7.915126e-01
[NA] iter=00000 eval=00057 misfit=2.093214e+00 best=7.915126e-01
[NA] iter=00000 eval=00058 misfit=4.605646e+00 best=7.915126e-01
[NA] iter=00000 eval=00059 misfit=2.997850e+01 best=7.915126e-01
[NA] iter=00000 eval=00060 misfit=1.026057e+01 best=7.915126e-01
[NA] iter=00000 eval=00061 misfit=1.435110e+02 best=7.915126e-01
[NA] iter=00000 eval=00062 misfit=5.409233e+00 best=7.915126e-01
[NA] iter=00000 eval=00063 misfit=8.364966e+01 best=7.915126e-01
[NA] iter=00000 eval=00064 misfit=7.154018e+01 best=7.915126e-01
[NA] iter=00000 eval=00065 misfit=7.548297e+00 best=7.915126e-01
[NA] iter=00000 eval=00066 misfit=2.652989e+01 best=7.915126e-01
[NA] iter=00000 eval=00067 misfit=6.368703e+01 best=7.915126e-01
[NA] iter=00000 eval=00068 misfit=1.575902e+02 best=7.915126e-01
[NA] iter=00000 eval=00069 misfit=6.675616e+00 best=7.915126e-01
[NA] iter=00000 eval=00070 misfit=4.277063e+01 best=7.915126e-01
[NA] iter=00000 eval=00071 misfit=1.663805e+00 best=7.915126e-01
[NA] iter=00000 eval=00072 misfit=7.233434e-01 best=7.233434e-01
[NA] iter=00000 eval=00073 misfit=8.171163e-01 best=7.233434e-01
[NA] iter=00000 eval=00074 misfit=3.267724e+01 best=7.233434e-01
[NA] iter=00000 eval=00075 misfit=3.003424e+01 best=7.233434e-01
[NA] iter=00000 eval=00076 misfit=9.394220e-01 best=7.233434e-01
[NA] iter=00000 eval=00077 misfit=1.454224e+00 best=7.233434e-01
[NA] iter=00000 eval=00078 misfit=1.033068e+01 best=7.233434e-01
[NA] iter=00000 eval=00079 misfit=4.908961e+01 best=7.233434e-01
[NA] iter=00000 eval=00080 misfit=5.860584e+00 best=7.233434e-01
[NA] iter=00000 eval=00081 misfit=1.255378e+00 best=7.233434e-01
[NA] iter=00000 eval=00082 misfit=1.133825e+00 best=7.233434e-01
[NA] iter=00000 eval=00083 misfit=2.936954e+00 best=7.233434e-01
[NA] iter=00000 eval=00084 misfit=1.012639e+01 best=7.233434e-01
[NA] iter=00000 eval=00085 misfit=6.225015e+00 best=7.233434e-01
[NA] iter=00000 eval=00086 misfit=4.549548e+01 best=7.233434e-01
[NA] iter=00000 eval=00087 misfit=7.255723e+00 best=7.233434e-01
[NA] iter=00000 eval=00088 misfit=6.998123e+01 best=7.233434e-01
[NA] iter=00000 eval=00089 misfit=7.070873e+00 best=7.233434e-01
[NA] iter=00000 eval=00090 misfit=1.987448e+01 best=7.233434e-01
[NA] iter=00000 eval=00091 misfit=2.491555e+01 best=7.233434e-01
[NA] iter=00000 eval=00092 misfit=3.113096e+01 best=7.233434e-01
[NA] iter=00000 eval=00093 misfit=3.750551e+00 best=7.233434e-01
[NA] iter=00000 eval=00094 misfit=4.390204e+00 best=7.233434e-01
[NA] iter=00000 eval=00095 misfit=2.667994e+00 best=7.233434e-01
[NA] iter=00000 eval=00096 misfit=4.245445e+01 best=7.233434e-01
[NA] iter=00000 eval=00097 misfit=1.682067e+00 best=7.233434e-01
[NA] iter=00000 eval=00098 misfit=3.305680e+00 best=7.233434e-01
[NA] iter=00000 eval=00099 misfit=1.004847e+00 best=7.233434e-01
[NA] iter=00000 eval=00100 misfit=1.447731e+01 best=7.233434e-01
[NA] iter=00000 eval=00101 misfit=1.096402e+01 best=7.233434e-01
[NA] iter=00000 eval=00102 misfit=1.607583e+01 best=7.233434e-01
[NA] iter=00000 eval=00103 misfit=1.039003e+00 best=7.233434e-01
[NA] iter=00000 eval=00104 misfit=3.093281e+01 best=7.233434e-01
[NA] iter=00000 eval=00105 misfit=6.066274e+00 best=7.233434e-01
[NA] iter=00000 eval=00106 misfit=3.144433e+01 best=7.233434e-01
[NA] iter=00000 eval=00107 misfit=6.724121e+00 best=7.233434e-01
[NA] iter=00000 eval=00108 misfit=2.220293e+00 best=7.233434e-01
[NA] iter=00000 eval=00109 misfit=1.330770e+00 best=7.233434e-01
[NA] iter=00000 eval=00110 misfit=2.421196e+00 best=7.233434e-01
[NA] iter=00000 eval=00111 misfit=1.472640e+02 best=7.233434e-01
[NA] iter=00000 eval=00112 misfit=1.337041e+01 best=7.233434e-01
[NA] iter=00000 eval=00113 misfit=2.602945e+00 best=7.233434e-01
[NA] iter=00000 eval=00114 misfit=1.294160e+01 best=7.233434e-01
[NA] iter=00000 eval=00115 misfit=5.491075e+01 best=7.233434e-01
[NA] iter=00000 eval=00116 misfit=1.999503e+01 best=7.233434e-01
[NA] iter=00000 eval=00117 misfit=2.852158e+01 best=7.233434e-01
[NA] iter=00000 eval=00118 misfit=1.451729e+00 best=7.233434e-01
[NA] iter=00000 eval=00119 misfit=2.632374e+01 best=7.233434e-01
[NA] iter=00000 eval=00120 misfit=1.026988e+01 best=7.233434e-01
[NA] iter=00000 eval=00121 misfit=7.808792e+00 best=7.233434e-01
[NA] iter=00000 eval=00122 misfit=1.755400e+00 best=7.233434e-01
[NA] iter=00000 eval=00123 misfit=8.525962e+00 best=7.233434e-01
[NA] iter=00000 eval=00124 misfit=5.941592e+00 best=7.233434e-01
[NA] iter=00000 eval=00125 misfit=1.345265e+00 best=7.233434e-01
[NA] iter=00000 eval=00126 misfit=3.847774e+00 best=7.233434e-01
[NA] iter=00000 eval=00127 misfit=2.033839e+01 best=7.233434e-01
[NA] iter=00000 eval=00128 misfit=2.762698e+00 best=7.233434e-01
[NA] iter=00000 eval=00129 misfit=4.218661e+00 best=7.233434e-01
[NA] iter=00000 eval=00130 misfit=2.052728e+01 best=7.233434e-01
[NA] iter=00000 eval=00131 misfit=1.120985e+00 best=7.233434e-01
[NA] iter=00000 eval=00132 misfit=6.049666e+01 best=7.233434e-01
[NA] iter=00000 eval=00133 misfit=9.650365e+00 best=7.233434e-01
[NA] iter=00000 eval=00134 misfit=3.398086e+01 best=7.233434e-01
[NA] iter=00000 eval=00135 misfit=5.170808e-01 best=5.170808e-01
[NA] iter=00000 eval=00136 misfit=2.574137e+01 best=5.170808e-01
[NA] iter=00000 eval=00137 misfit=5.955856e+01 best=5.170808e-01
[NA] iter=00000 eval=00138 misfit=8.881542e-01 best=5.170808e-01
[NA] iter=00000 eval=00139 misfit=1.360609e+00 best=5.170808e-01
[NA] iter=00000 eval=00140 misfit=4.137440e+00 best=5.170808e-01
[NA] iter=00000 eval=00141 misfit=4.352874e+00 best=5.170808e-01
[NA] iter=00000 eval=00142 misfit=7.560585e+00 best=5.170808e-01
[NA] iter=00000 eval=00143 misfit=4.479476e+01 best=5.170808e-01
[NA] iter=00000 eval=00144 misfit=2.565718e+01 best=5.170808e-01
[NA] iter=00000 eval=00145 misfit=1.380493e+00 best=5.170808e-01
[NA] iter=00000 eval=00146 misfit=1.914421e+00 best=5.170808e-01
[NA] iter=00000 eval=00147 misfit=2.364367e+00 best=5.170808e-01
[NA] iter=00000 eval=00148 misfit=8.940724e-01 best=5.170808e-01
[NA] iter=00000 eval=00149 misfit=7.136057e+00 best=5.170808e-01
[NA] iter=00000 eval=00150 misfit=7.321934e+01 best=5.170808e-01
[NA] iter=00000 eval=00151 misfit=9.760504e+00 best=5.170808e-01
[NA] iter=00000 eval=00152 misfit=2.112512e+01 best=5.170808e-01
[NA] iter=00000 eval=00153 misfit=3.129036e+01 best=5.170808e-01
[NA] iter=00000 eval=00154 misfit=1.300858e+00 best=5.170808e-01
[NA] iter=00000 eval=00155 misfit=1.345337e+01 best=5.170808e-01
[NA] iter=00000 eval=00156 misfit=1.850257e+00 best=5.170808e-01
[NA] iter=00000 eval=00157 misfit=6.477268e+00 best=5.170808e-01
[NA] iter=00000 eval=00158 misfit=7.693998e+00 best=5.170808e-01
[NA] iter=00000 eval=00159 misfit=3.187914e+01 best=5.170808e-01
[NA] iter=00000 eval=00160 misfit=1.050689e+00 best=5.170808e-01
[NA] iter=00000 eval=00161 misfit=1.352070e+01 best=5.170808e-01
[NA] iter=00000 eval=00162 misfit=1.350350e+00 best=5.170808e-01
[NA] iter=00000 eval=00163 misfit=2.545680e+00 best=5.170808e-01
[NA] iter=00000 eval=00164 misfit=5.647388e+01 best=5.170808e-01
[NA] iter=00000 eval=00165 misfit=4.140501e+00 best=5.170808e-01
[NA] iter=00000 eval=00166 misfit=6.226883e+00 best=5.170808e-01
[NA] iter=00000 eval=00167 misfit=2.621449e+00 best=5.170808e-01
[NA] iter=00000 eval=00168 misfit=1.350081e+00 best=5.170808e-01
[NA] iter=00000 eval=00169 misfit=1.257789e+00 best=5.170808e-01
[NA] iter=00000 eval=00170 misfit=7.521425e+00 best=5.170808e-01
[NA] iter=00000 eval=00171 misfit=3.349528e+01 best=5.170808e-01
[NA] iter=00000 eval=00172 misfit=9.339515e+01 best=5.170808e-01
[NA] iter=00000 eval=00173 misfit=4.897113e+00 best=5.170808e-01
[NA] iter=00000 eval=00174 misfit=1.800821e+00 best=5.170808e-01
[NA] iter=00000 eval=00175 misfit=3.443933e+00 best=5.170808e-01
[NA] iter=00000 eval=00176 misfit=8.176756e-01 best=5.170808e-01
[NA] iter=00000 eval=00177 misfit=6.380708e+00 best=5.170808e-01
[NA] iter=00000 eval=00178 misfit=1.552109e+01 best=5.170808e-01
[NA] iter=00000 eval=00179 misfit=5.839537e+00 best=5.170808e-01
[NA] iter=00000 eval=00180 misfit=1.877566e+02 best=5.170808e-01
[NA] iter=00000 eval=00181 misfit=5.163810e+01 best=5.170808e-01
[NA] iter=00000 eval=00182 misfit=2.941919e+01 best=5.170808e-01
[NA] iter=00000 eval=00183 misfit=2.511397e+00 best=5.170808e-01
[NA] iter=00000 eval=00184 misfit=1.581973e+01 best=5.170808e-01
[NA] iter=00000 eval=00185 misfit=2.010389e+00 best=5.170808e-01
[NA] iter=00000 eval=00186 misfit=3.639109e+00 best=5.170808e-01
[NA] iter=00000 eval=00187 misfit=3.434223e+01 best=5.170808e-01
[NA] iter=00000 eval=00188 misfit=2.512990e+01 best=5.170808e-01
[NA] iter=00000 eval=00189 misfit=1.639943e+00 best=5.170808e-01
[NA] iter=00000 eval=00190 misfit=2.032813e+01 best=5.170808e-01
[NA] iter=00000 eval=00191 misfit=8.053195e-01 best=5.170808e-01
[NA] iter=00000 eval=00192 misfit=1.258917e+01 best=5.170808e-01
[NA] iter=00000 eval=00193 misfit=2.104901e+00 best=5.170808e-01
[NA] iter=00000 eval=00194 misfit=1.116312e+01 best=5.170808e-01
[NA] iter=00000 eval=00195 misfit=3.770742e+00 best=5.170808e-01
[NA] iter=00000 eval=00196 misfit=1.405406e+00 best=5.170808e-01
[NA] iter=00000 eval=00197 misfit=1.031363e+01 best=5.170808e-01
[NA] iter=00000 eval=00198 misfit=1.433991e+01 best=5.170808e-01
[NA] iter=00000 eval=00199 misfit=1.711733e+01 best=5.170808e-01
[NA] iter=00000 eval=00200 misfit=1.629029e+01 best=5.170808e-01
[NA] iter=00000 eval=00201 misfit=3.041699e+01 best=5.170808e-01
[NA] iter=00000 eval=00202 misfit=1.280974e+01 best=5.170808e-01
[NA] iter=00000 eval=00203 misfit=1.924773e+01 best=5.170808e-01
[NA] iter=00000 eval=00204 misfit=5.173179e+00 best=5.170808e-01
[NA] iter=00000 eval=00205 misfit=4.489752e+00 best=5.170808e-01
[NA] iter=00000 eval=00206 misfit=1.639012e+00 best=5.170808e-01
[NA] iter=00000 eval=00207 misfit=2.529781e+01 best=5.170808e-01
[NA] iter=00000 eval=00208 misfit=1.355698e+00 best=5.170808e-01
[NA] iter=00000 eval=00209 misfit=3.213274e+01 best=5.170808e-01
[NA] iter=00000 eval=00210 misfit=6.655822e+01 best=5.170808e-01
[NA] iter=00000 eval=00211 misfit=1.606691e+01 best=5.170808e-01
[NA] iter=00000 eval=00212 misfit=5.853437e+00 best=5.170808e-01
[NA] iter=00000 eval=00213 misfit=3.971730e+00 best=5.170808e-01
[NA] iter=00000 eval=00214 misfit=6.469885e+00 best=5.170808e-01
[NA] iter=00000 eval=00215 misfit=7.736243e+00 best=5.170808e-01
[NA] iter=00000 eval=00216 misfit=1.077205e+00 best=5.170808e-01
[NA] iter=00000 eval=00217 misfit=5.109691e+00 best=5.170808e-01
[NA] iter=00000 eval=00218 misfit=1.095511e+01 best=5.170808e-01
[NA] iter=00000 eval=00219 misfit=1.624336e+02 best=5.170808e-01
[NA] iter=00000 eval=00220 misfit=2.832309e+01 best=5.170808e-01
[NA] iter=00000 eval=00221 misfit=8.559829e+01 best=5.170808e-01
[NA] iter=00000 eval=00222 misfit=1.330123e+00 best=5.170808e-01
[NA] iter=00000 eval=00223 misfit=1.726197e+01 best=5.170808e-01
[NA] iter=00000 eval=00224 misfit=2.524545e+00 best=5.170808e-01
[NA] iter=00000 eval=00225 misfit=6.062324e+01 best=5.170808e-01
[NA] iter=00000 eval=00226 misfit=8.512336e-01 best=5.170808e-01
[NA] iter=00000 eval=00227 misfit=1.063324e+01 best=5.170808e-01
[NA] iter=00000 eval=00228 misfit=3.481209e+00 best=5.170808e-01
[NA] iter=00000 eval=00229 misfit=4.086554e+01 best=5.170808e-01
[NA] iter=00000 eval=00230 misfit=3.826425e+01 best=5.170808e-01
[NA] iter=00000 eval=00231 misfit=1.382183e+00 best=5.170808e-01
[NA] iter=00000 eval=00232 misfit=2.261121e+01 best=5.170808e-01
[NA] iter=00000 eval=00233 misfit=1.039906e+01 best=5.170808e-01
[NA] iter=00000 eval=00234 misfit=4.652449e+01 best=5.170808e-01
[NA] iter=00000 eval=00235 misfit=1.116723e+01 best=5.170808e-01
[NA] iter=00000 eval=00236 misfit=1.355483e+00 best=5.170808e-01
[NA] iter=00000 eval=00237 misfit=5.218586e+01 best=5.170808e-01
[NA] iter=00000 eval=00238 misfit=1.550346e+01 best=5.170808e-01
[NA] iter=00000 eval=00239 misfit=2.932736e+00 best=5.170808e-01
[NA] iter=00000 eval=00240 misfit=2.585419e+00 best=5.170808e-01
[NA] iter=00000 eval=00241 misfit=1.088316e+01 best=5.170808e-01
[NA] iter=00000 eval=00242 misfit=9.027585e+00 best=5.170808e-01
[NA] iter=00000 eval=00243 misfit=1.805976e+00 best=5.170808e-01
[NA] iter=00000 eval=00244 misfit=8.552013e+00 best=5.170808e-01
[NA] iter=00000 eval=00245 misfit=1.720858e+00 best=5.170808e-01
[NA] iter=00000 eval=00246 misfit=2.904979e+01 best=5.170808e-01
[NA] iter=00000 eval=00247 misfit=1.351297e+01 best=5.170808e-01
[NA] iter=00000 eval=00248 misfit=9.470318e-01 best=5.170808e-01
[NA] iter=00000 eval=00249 misfit=6.914739e+00 best=5.170808e-01
[NA] iter=00000 eval=00250 misfit=1.130512e+00 best=5.170808e-01
[NA] iter=00000 eval=00251 misfit=2.271859e+01 best=5.170808e-01
[NA] iter=00000 eval=00252 misfit=2.589435e+00 best=5.170808e-01
[NA] iter=00000 eval=00253 misfit=2.163284e+01 best=5.170808e-01
[NA] iter=00000 eval=00254 misfit=1.181715e+01 best=5.170808e-01
[NA] iter=00000 eval=00255 misfit=2.483926e+00 best=5.170808e-01
[NA] iter=00000 eval=00256 misfit=2.094212e+01 best=5.170808e-01
[NA] iter=00000 eval=00257 misfit=3.253084e+01 best=5.170808e-01
[NA] iter=00000 eval=00258 misfit=8.890265e+01 best=5.170808e-01
[NA] iter=00000 eval=00259 misfit=9.322733e+00 best=5.170808e-01
[NA] iter=00000 eval=00260 misfit=8.550645e-01 best=5.170808e-01
[NA] iter=00000 eval=00261 misfit=4.723071e+00 best=5.170808e-01
[NA] iter=00000 eval=00262 misfit=4.713696e+01 best=5.170808e-01
[NA] iter=00000 eval=00263 misfit=3.633766e+00 best=5.170808e-01
[NA] iter=00000 eval=00264 misfit=5.827814e+00 best=5.170808e-01
[NA] iter=00000 eval=00265 misfit=5.059138e+00 best=5.170808e-01
[NA] iter=00000 eval=00266 misfit=1.119606e+01 best=5.170808e-01
[NA] iter=00000 eval=00267 misfit=2.460542e+02 best=5.170808e-01
[NA] iter=00000 eval=00268 misfit=4.133944e+00 best=5.170808e-01
[NA] iter=00000 eval=00269 misfit=1.846043e+00 best=5.170808e-01
[NA] iter=00000 eval=00270 misfit=1.635439e+01 best=5.170808e-01
[NA] iter=00000 eval=00271 misfit=2.124315e+01 best=5.170808e-01
[NA] iter=00000 eval=00272 misfit=1.085100e+01 best=5.170808e-01
[NA] iter=00000 eval=00273 misfit=1.224020e+01 best=5.170808e-01
[NA] iter=00000 eval=00274 misfit=5.560529e-01 best=5.170808e-01
[NA] iter=00000 eval=00275 misfit=8.372028e-01 best=5.170808e-01
[NA] iter=00000 eval=00276 misfit=3.191726e+01 best=5.170808e-01
[NA] iter=00000 eval=00277 misfit=6.803955e+00 best=5.170808e-01
[NA] iter=00000 eval=00278 misfit=7.744560e+01 best=5.170808e-01
[NA] iter=00000 eval=00279 misfit=1.568490e+00 best=5.170808e-01
[NA] iter=00000 eval=00280 misfit=1.729099e+00 best=5.170808e-01
[NA] iter=00000 eval=00281 misfit=3.137336e+00 best=5.170808e-01
[NA] iter=00000 eval=00282 misfit=1.529406e+01 best=5.170808e-01
[NA] iter=00000 eval=00283 misfit=3.205457e+00 best=5.170808e-01
[NA] iter=00000 eval=00284 misfit=1.416300e+02 best=5.170808e-01
[NA] iter=00000 eval=00285 misfit=7.585798e-01 best=5.170808e-01
[NA] iter=00000 eval=00286 misfit=1.451655e+01 best=5.170808e-01
[NA] iter=00000 eval=00287 misfit=1.751308e+00 best=5.170808e-01
[NA] iter=00000 eval=00288 misfit=2.249979e+01 best=5.170808e-01
[NA] iter=00000 eval=00289 misfit=1.305879e+01 best=5.170808e-01
[NA] iter=00000 eval=00290 misfit=1.015766e+01 best=5.170808e-01
[NA] iter=00000 eval=00291 misfit=2.315723e+00 best=5.170808e-01
[NA] iter=00000 eval=00292 misfit=2.221129e+01 best=5.170808e-01
[NA] iter=00000 eval=00293 misfit=1.241081e+01 best=5.170808e-01
[NA] iter=00000 eval=00294 misfit=1.829061e+00 best=5.170808e-01
[NA] iter=00000 eval=00295 misfit=7.720440e+01 best=5.170808e-01
[NA] iter=00000 eval=00296 misfit=1.263726e+01 best=5.170808e-01
[NA] iter=00000 eval=00297 misfit=1.384955e+00 best=5.170808e-01
[NA] iter=00000 eval=00298 misfit=8.676067e+00 best=5.170808e-01
[NA] iter=00000 eval=00299 misfit=1.113935e+01 best=5.170808e-01
[NA] iter=00000 eval=00300 misfit=6.648958e+00 best=5.170808e-01
[NA] iter=00000 eval=00301 misfit=2.201746e+00 best=5.170808e-01
[NA] iter=00000 eval=00302 misfit=1.715395e+00 best=5.170808e-01
[NA] iter=00000 eval=00303 misfit=1.417004e+01 best=5.170808e-01
[NA] iter=00000 eval=00304 misfit=2.579850e+01 best=5.170808e-01
[NA] iter=00000 eval=00305 misfit=1.861404e+01 best=5.170808e-01
[NA] iter=00000 eval=00306 misfit=4.921435e+00 best=5.170808e-01
[NA] iter=00000 eval=00307 misfit=2.981977e+01 best=5.170808e-01
[NA] iter=00000 eval=00308 misfit=5.429494e+00 best=5.170808e-01
[NA] iter=00000 eval=00309 misfit=2.873759e+00 best=5.170808e-01
[NA] iter=00000 eval=00310 misfit=1.515923e+01 best=5.170808e-01
[NA] iter=00000 eval=00311 misfit=9.691368e+00 best=5.170808e-01
[NA] iter=00000 eval=00312 misfit=2.879882e+00 best=5.170808e-01
[NA] iter=00000 eval=00313 misfit=8.817223e+00 best=5.170808e-01
[NA] iter=00000 eval=00314 misfit=7.356174e+00 best=5.170808e-01
[NA] iter=00000 eval=00315 misfit=1.622851e+01 best=5.170808e-01
[NA] iter=00000 eval=00316 misfit=1.586798e+00 best=5.170808e-01
[NA] iter=00000 eval=00317 misfit=1.318310e+01 best=5.170808e-01
[NA] iter=00000 eval=00318 misfit=2.868787e+00 best=5.170808e-01
[NA] iter=00000 eval=00319 misfit=2.365093e+01 best=5.170808e-01
[NA] iter=00000 eval=00320 misfit=6.109710e+00 best=5.170808e-01
[NA] iter=00000 eval=00321 misfit=9.481975e+00 best=5.170808e-01
[NA] iter=00000 eval=00322 misfit=1.155489e+00 best=5.170808e-01
[NA] iter=00000 eval=00323 misfit=4.987106e+00 best=5.170808e-01
[NA] iter=00000 eval=00324 misfit=2.235811e+01 best=5.170808e-01
[NA] iter=00000 eval=00325 misfit=1.387627e+00 best=5.170808e-01
[NA] iter=00000 eval=00326 misfit=3.363432e+01 best=5.170808e-01
[NA] iter=00000 eval=00327 misfit=3.856983e+01 best=5.170808e-01
[NA] iter=00000 eval=00328 misfit=2.324411e+00 best=5.170808e-01
[NA] iter=00000 eval=00329 misfit=1.289443e+01 best=5.170808e-01
[NA] iter=00000 eval=00330 misfit=1.286438e+00 best=5.170808e-01
[NA] iter=00000 eval=00331 misfit=3.680097e+00 best=5.170808e-01
[NA] iter=00000 eval=00332 misfit=5.589179e+00 best=5.170808e-01
[NA] iter=00000 eval=00333 misfit=3.085306e+00 best=5.170808e-01
[NA] iter=00000 eval=00334 misfit=2.664995e+01 best=5.170808e-01
[NA] iter=00000 eval=00335 misfit=8.400190e+01 best=5.170808e-01
[NA] iter=00000 eval=00336 misfit=6.914699e-01 best=5.170808e-01
[NA] iter=00000 eval=00337 misfit=1.571956e+01 best=5.170808e-01
[NA] iter=00000 eval=00338 misfit=4.220175e+01 best=5.170808e-01
[NA] iter=00000 eval=00339 misfit=7.049718e+01 best=5.170808e-01
[NA] iter=00000 eval=00340 misfit=1.346974e+01 best=5.170808e-01
[NA] iter=00000 eval=00341 misfit=9.308669e+00 best=5.170808e-01
[NA] iter=00000 eval=00342 misfit=3.159207e+00 best=5.170808e-01
[NA] iter=00000 eval=00343 misfit=2.849071e+01 best=5.170808e-01
[NA] iter=00000 eval=00344 misfit=6.711401e-01 best=5.170808e-01
[NA] iter=00000 eval=00345 misfit=7.236756e+00 best=5.170808e-01
[NA] iter=00000 eval=00346 misfit=5.404079e-01 best=5.170808e-01
[NA] iter=00000 eval=00347 misfit=8.766297e+00 best=5.170808e-01
[NA] iter=00000 eval=00348 misfit=8.145925e+00 best=5.170808e-01
[NA] iter=00000 eval=00349 misfit=6.040519e+00 best=5.170808e-01
[NA] iter=00000 eval=00350 misfit=2.346961e+00 best=5.170808e-01
[NA] iter=00000 eval=00351 misfit=4.134479e+01 best=5.170808e-01
[NA] iter=00000 eval=00352 misfit=1.198146e+01 best=5.170808e-01
[NA] iter=00000 eval=00353 misfit=1.614154e+02 best=5.170808e-01
[NA] iter=00000 eval=00354 misfit=1.477243e+00 best=5.170808e-01
[NA] iter=00000 eval=00355 misfit=3.999133e+00 best=5.170808e-01
[NA] iter=00000 eval=00356 misfit=3.959607e+00 best=5.170808e-01
[NA] iter=00000 eval=00357 misfit=2.896376e+00 best=5.170808e-01
[NA] iter=00000 eval=00358 misfit=4.030909e+00 best=5.170808e-01
[NA] iter=00000 eval=00359 misfit=8.212811e+00 best=5.170808e-01
[NA] iter=00000 eval=00360 misfit=8.034206e+00 best=5.170808e-01
[NA] iter=00000 eval=00361 misfit=7.558007e+00 best=5.170808e-01
[NA] iter=00000 eval=00362 misfit=1.576142e+00 best=5.170808e-01
[NA] iter=00000 eval=00363 misfit=1.942027e+01 best=5.170808e-01
[NA] iter=00000 eval=00364 misfit=2.358332e+01 best=5.170808e-01
[NA] iter=00000 eval=00365 misfit=9.966710e-01 best=5.170808e-01
[NA] iter=00000 eval=00366 misfit=5.352862e+01 best=5.170808e-01
[NA] iter=00000 eval=00367 misfit=1.430997e+00 best=5.170808e-01
[NA] iter=00000 eval=00368 misfit=8.978386e+00 best=5.170808e-01
[NA] iter=00000 eval=00369 misfit=1.167839e+01 best=5.170808e-01
[NA] iter=00000 eval=00370 misfit=3.389307e+01 best=5.170808e-01
[NA] iter=00000 eval=00371 misfit=1.760844e+01 best=5.170808e-01
[NA] iter=00000 eval=00372 misfit=2.756911e+00 best=5.170808e-01
[NA] iter=00000 eval=00373 misfit=3.611013e+01 best=5.170808e-01
[NA] iter=00000 eval=00374 misfit=4.534973e+00 best=5.170808e-01
[NA] iter=00000 eval=00375 misfit=1.570358e+01 best=5.170808e-01
[NA] iter=00000 eval=00376 misfit=3.128567e+00 best=5.170808e-01
[NA] iter=00000 eval=00377 misfit=7.582652e+00 best=5.170808e-01
[NA] iter=00000 eval=00378 misfit=1.349017e+00 best=5.170808e-01
[NA] iter=00000 eval=00379 misfit=9.092947e+01 best=5.170808e-01
[NA] iter=00000 eval=00380 misfit=1.628830e+01 best=5.170808e-01
[NA] iter=00000 eval=00381 misfit=8.618387e+01 best=5.170808e-01
[NA] iter=00000 eval=00382 misfit=8.350630e-01 best=5.170808e-01
[NA] iter=00000 eval=00383 misfit=2.494804e+01 best=5.170808e-01
[NA] iter=00000 eval=00384 misfit=5.075529e+00 best=5.170808e-01
[NA] iter=00000 eval=00385 misfit=1.477407e+01 best=5.170808e-01
[NA] iter=00000 eval=00386 misfit=5.233783e+00 best=5.170808e-01
[NA] iter=00000 eval=00387 misfit=1.852210e+00 best=5.170808e-01
[NA] iter=00000 eval=00388 misfit=8.311676e-01 best=5.170808e-01
[NA] iter=00000 eval=00389 misfit=8.411311e-01 best=5.170808e-01
[NA] iter=00000 eval=00390 misfit=3.955851e+01 best=5.170808e-01
[NA] iter=00000 eval=00391 misfit=2.996434e+00 best=5.170808e-01
[NA] iter=00000 eval=00392 misfit=2.035072e+00 best=5.170808e-01
[NA] iter=00000 eval=00393 misfit=1.295250e+01 best=5.170808e-01
[NA] iter=00000 eval=00394 misfit=5.362308e+00 best=5.170808e-01
[NA] iter=00000 eval=00395 misfit=1.559359e+00 best=5.170808e-01
[NA] iter=00000 eval=00396 misfit=3.404688e+01 best=5.170808e-01
[NA] iter=00000 eval=00397 misfit=4.979207e+01 best=5.170808e-01
[NA] iter=00000 eval=00398 misfit=9.974658e+00 best=5.170808e-01
[NA] iter=00000 eval=00399 misfit=3.319099e+01 best=5.170808e-01
[NA] iter=00000 eval=00400 misfit=2.448341e+01 best=5.170808e-01
[NA] iter=00000 eval=00401 misfit=1.675603e+01 best=5.170808e-01
[NA] iter=00000 eval=00402 misfit=4.365734e+00 best=5.170808e-01
[NA] iter=00000 eval=00403 misfit=1.481752e+01 best=5.170808e-01
[NA] iter=00000 eval=00404 misfit=7.172117e+00 best=5.170808e-01
[NA] iter=00000 eval=00405 misfit=2.026976e+00 best=5.170808e-01
[NA] iter=00000 eval=00406 misfit=6.149213e+00 best=5.170808e-01
[NA] iter=00000 eval=00407 misfit=1.955368e+01 best=5.170808e-01
[NA] iter=00000 eval=00408 misfit=1.942874e+00 best=5.170808e-01
[NA] iter=00000 eval=00409 misfit=4.831096e+00 best=5.170808e-01
[NA] iter=00000 eval=00410 misfit=3.532252e+00 best=5.170808e-01
[NA] iter=00000 eval=00411 misfit=1.882489e+01 best=5.170808e-01
[NA] iter=00000 eval=00412 misfit=1.587091e+01 best=5.170808e-01
[NA] iter=00000 eval=00413 misfit=2.274321e+01 best=5.170808e-01
[NA] iter=00000 eval=00414 misfit=3.305164e+00 best=5.170808e-01
[NA] iter=00000 eval=00415 misfit=1.664635e+01 best=5.170808e-01
[NA] iter=00000 eval=00416 misfit=1.117048e+01 best=5.170808e-01
[NA] iter=00000 eval=00417 misfit=5.462812e+00 best=5.170808e-01
[NA] iter=00000 eval=00418 misfit=1.440513e+01 best=5.170808e-01
[NA] iter=00000 eval=00419 misfit=1.535116e+01 best=5.170808e-01
[NA] iter=00000 eval=00420 misfit=1.375679e+02 best=5.170808e-01
[NA] iter=00000 eval=00421 misfit=4.337377e+00 best=5.170808e-01
[NA] iter=00000 eval=00422 misfit=1.209070e+00 best=5.170808e-01
[NA] iter=00000 eval=00423 misfit=2.214826e+01 best=5.170808e-01
[NA] iter=00000 eval=00424 misfit=9.881365e-01 best=5.170808e-01
[NA] iter=00000 eval=00425 misfit=1.191706e+00 best=5.170808e-01
[NA] iter=00000 eval=00426 misfit=1.692485e+00 best=5.170808e-01
[NA] iter=00000 eval=00427 misfit=2.636974e+00 best=5.170808e-01
[NA] iter=00000 eval=00428 misfit=1.563547e+01 best=5.170808e-01
[NA] iter=00000 eval=00429 misfit=1.722323e+00 best=5.170808e-01
[NA] iter=00000 eval=00430 misfit=2.115710e+01 best=5.170808e-01
[NA] iter=00000 eval=00431 misfit=5.833420e+00 best=5.170808e-01
[NA] iter=00000 eval=00432 misfit=1.385385e+01 best=5.170808e-01
[NA] iter=00000 eval=00433 misfit=3.125434e+01 best=5.170808e-01
[NA] iter=00000 eval=00434 misfit=2.573085e+01 best=5.170808e-01
[NA] iter=00000 eval=00435 misfit=2.871950e+01 best=5.170808e-01
[NA] iter=00000 eval=00436 misfit=1.088142e+00 best=5.170808e-01
[NA] iter=00000 eval=00437 misfit=1.116091e+02 best=5.170808e-01
[NA] iter=00000 eval=00438 misfit=7.654699e-01 best=5.170808e-01
[NA] iter=00000 eval=00439 misfit=1.846907e+01 best=5.170808e-01
[NA] iter=00000 eval=00440 misfit=2.654245e+01 best=5.170808e-01
[NA] iter=00000 eval=00441 misfit=1.720007e+01 best=5.170808e-01
[NA] iter=00000 eval=00442 misfit=2.370997e+01 best=5.170808e-01
[NA] iter=00000 eval=00443 misfit=1.212449e+01 best=5.170808e-01
[NA] iter=00000 eval=00444 misfit=8.336502e-01 best=5.170808e-01
[NA] iter=00000 eval=00445 misfit=4.154591e+00 best=5.170808e-01
[NA] iter=00000 eval=00446 misfit=2.825780e+00 best=5.170808e-01
[NA] iter=00000 eval=00447 misfit=2.342771e+01 best=5.170808e-01
[NA] iter=00000 eval=00448 misfit=1.231974e+01 best=5.170808e-01
[NA] iter=00000 eval=00449 misfit=2.460540e+01 best=5.170808e-01
[NA] iter=00000 eval=00450 misfit=1.092884e+01 best=5.170808e-01
[NA] iter=00000 eval=00451 misfit=8.609362e-01 best=5.170808e-01
[NA] iter=00000 eval=00452 misfit=5.549079e-01 best=5.170808e-01
[NA] iter=00000 eval=00453 misfit=9.778437e+00 best=5.170808e-01
[NA] iter=00000 eval=00454 misfit=4.127670e+00 best=5.170808e-01
[NA] iter=00000 eval=00455 misfit=1.871464e+00 best=5.170808e-01
[NA] iter=00000 eval=00456 misfit=1.642267e+01 best=5.170808e-01
[NA] iter=00000 eval=00457 misfit=6.251017e+01 best=5.170808e-01
[NA] iter=00000 eval=00458 misfit=1.344099e+02 best=5.170808e-01
[NA] iter=00000 eval=00459 misfit=2.869321e+00 best=5.170808e-01
[NA] iter=00000 eval=00460 misfit=2.017613e+00 best=5.170808e-01
[NA] iter=00000 eval=00461 misfit=8.493023e-01 best=5.170808e-01
[NA] iter=00000 eval=00462 misfit=1.536781e+00 best=5.170808e-01
[NA] iter=00000 eval=00463 misfit=1.065815e+01 best=5.170808e-01
[NA] iter=00000 eval=00464 misfit=1.931945e+00 best=5.170808e-01
[NA] iter=00000 eval=00465 misfit=7.690951e-01 best=5.170808e-01
[NA] iter=00000 eval=00466 misfit=1.789123e+02 best=5.170808e-01
[NA] iter=00000 eval=00467 misfit=7.032338e-01 best=5.170808e-01
[NA] iter=00000 eval=00468 misfit=9.879442e+01 best=5.170808e-01
[NA] iter=00000 eval=00469 misfit=2.746239e+00 best=5.170808e-01
[NA] iter=00000 eval=00470 misfit=1.026819e+01 best=5.170808e-01
[NA] iter=00000 eval=00471 misfit=7.590264e+00 best=5.170808e-01
[NA] iter=00000 eval=00472 misfit=2.404233e+01 best=5.170808e-01
[NA] iter=00000 eval=00473 misfit=1.138719e+01 best=5.170808e-01
[NA] iter=00000 eval=00474 misfit=6.228246e-01 best=5.170808e-01
[NA] iter=00000 eval=00475 misfit=8.247826e+01 best=5.170808e-01
[NA] iter=00000 eval=00476 misfit=6.630632e-01 best=5.170808e-01
[NA] iter=00000 eval=00477 misfit=1.410627e+00 best=5.170808e-01
[NA] iter=00000 eval=00478 misfit=1.486957e+01 best=5.170808e-01
[NA] iter=00000 eval=00479 misfit=3.717558e+00 best=5.170808e-01
[NA] iter=00000 eval=00480 misfit=1.242865e+00 best=5.170808e-01
[NA] iter=00000 eval=00481 misfit=2.662137e+01 best=5.170808e-01
[NA] iter=00000 eval=00482 misfit=1.228093e+02 best=5.170808e-01
[NA] iter=00000 eval=00483 misfit=5.100678e+01 best=5.170808e-01
[NA] iter=00000 eval=00484 misfit=1.711813e+00 best=5.170808e-01
[NA] iter=00000 eval=00485 misfit=9.031322e+00 best=5.170808e-01
[NA] iter=00000 eval=00486 misfit=5.417241e+01 best=5.170808e-01
[NA] iter=00000 eval=00487 misfit=2.089426e+01 best=5.170808e-01
[NA] iter=00000 eval=00488 misfit=3.481615e+00 best=5.170808e-01
[NA] iter=00000 eval=00489 misfit=6.707408e+00 best=5.170808e-01
[NA] iter=00000 eval=00490 misfit=2.702699e+00 best=5.170808e-01
[NA] iter=00000 eval=00491 misfit=7.037914e+01 best=5.170808e-01
[NA] iter=00000 eval=00492 misfit=2.838669e+00 best=5.170808e-01
[NA] iter=00000 eval=00493 misfit=1.281353e+02 best=5.170808e-01
[NA] iter=00000 eval=00494 misfit=8.569598e+01 best=5.170808e-01
[NA] iter=00000 eval=00495 misfit=3.141216e+00 best=5.170808e-01
[NA] iter=00000 eval=00496 misfit=7.558098e-01 best=5.170808e-01
[NA] iter=00000 eval=00497 misfit=2.268663e+01 best=5.170808e-01
[NA] iter=00000 eval=00498 misfit=5.918331e+01 best=5.170808e-01
[NA] iter=00000 eval=00499 misfit=5.131947e+00 best=5.170808e-01
[NA] iter=00000 eval=00500 misfit=8.887407e-01 best=5.170808e-01
NAI - Optimisation Loop:   0%|          | 0/50 [00:00<?, ?it/s][NA] iter=00001 eval=00501 misfit=5.631373e-01 best=5.170808e-01
[NA] iter=00001 eval=00502 misfit=9.564299e-01 best=5.170808e-01
[NA] iter=00001 eval=00503 misfit=8.861056e-01 best=5.170808e-01
[NA] iter=00001 eval=00504 misfit=5.388029e-01 best=5.170808e-01
[NA] iter=00001 eval=00505 misfit=8.530601e-01 best=5.170808e-01
[NA] iter=00001 eval=00506 misfit=7.339382e-01 best=5.170808e-01
[NA] iter=00001 eval=00507 misfit=9.050151e-01 best=5.170808e-01
[NA] iter=00001 eval=00508 misfit=9.810465e-01 best=5.170808e-01
[NA] iter=00001 eval=00509 misfit=1.133029e+00 best=5.170808e-01
[NA] iter=00001 eval=00510 misfit=5.536589e-01 best=5.170808e-01
[NA] iter=00001 eval=00511 misfit=9.930413e-01 best=5.170808e-01
[NA] iter=00001 eval=00512 misfit=6.327767e-01 best=5.170808e-01
[NA] iter=00001 eval=00513 misfit=9.009553e-01 best=5.170808e-01
[NA] iter=00001 eval=00514 misfit=5.707020e-01 best=5.170808e-01
[NA] iter=00001 eval=00515 misfit=7.766505e-01 best=5.170808e-01
[NA] iter=00001 eval=00516 misfit=8.863794e-01 best=5.170808e-01
[NA] iter=00001 eval=00517 misfit=5.798776e-01 best=5.170808e-01
[NA] iter=00001 eval=00518 misfit=9.504265e-01 best=5.170808e-01
[NA] iter=00001 eval=00519 misfit=5.929478e-01 best=5.170808e-01
[NA] iter=00001 eval=00520 misfit=7.476026e-01 best=5.170808e-01
[NA] iter=00001 eval=00521 misfit=1.296410e+00 best=5.170808e-01
[NA] iter=00001 eval=00522 misfit=1.311707e+00 best=5.170808e-01
[NA] iter=00001 eval=00523 misfit=1.037501e+00 best=5.170808e-01
[NA] iter=00001 eval=00524 misfit=1.325069e+00 best=5.170808e-01
[NA] iter=00001 eval=00525 misfit=6.866914e-01 best=5.170808e-01
[NA] iter=00001 eval=00526 misfit=8.843859e-01 best=5.170808e-01
[NA] iter=00001 eval=00527 misfit=7.014142e-01 best=5.170808e-01
[NA] iter=00001 eval=00528 misfit=1.088961e+00 best=5.170808e-01
[NA] iter=00001 eval=00529 misfit=5.512754e-01 best=5.170808e-01
[NA] iter=00001 eval=00530 misfit=5.957441e-01 best=5.170808e-01
[NA] iter=00001 eval=00531 misfit=6.800589e-01 best=5.170808e-01
[NA] iter=00001 eval=00532 misfit=5.791475e-01 best=5.170808e-01
[NA] iter=00001 eval=00533 misfit=6.370524e-01 best=5.170808e-01
[NA] iter=00001 eval=00534 misfit=7.226892e-01 best=5.170808e-01
[NA] iter=00001 eval=00535 misfit=6.426600e-01 best=5.170808e-01
[NA] iter=00001 eval=00536 misfit=1.497284e+00 best=5.170808e-01
[NA] iter=00001 eval=00537 misfit=2.373516e+00 best=5.170808e-01
[NA] iter=00001 eval=00538 misfit=1.246708e+00 best=5.170808e-01
[NA] iter=00001 eval=00539 misfit=8.693873e-01 best=5.170808e-01
[NA] iter=00001 eval=00540 misfit=1.478752e+00 best=5.170808e-01
[NA] iter=00001 eval=00541 misfit=6.763184e-01 best=5.170808e-01
[NA] iter=00001 eval=00542 misfit=1.003301e+00 best=5.170808e-01
[NA] iter=00001 eval=00543 misfit=8.227485e-01 best=5.170808e-01
[NA] iter=00001 eval=00544 misfit=1.109572e+00 best=5.170808e-01
[NA] iter=00001 eval=00545 misfit=6.605380e-01 best=5.170808e-01
[NA] iter=00001 eval=00546 misfit=5.521658e-01 best=5.170808e-01
[NA] iter=00001 eval=00547 misfit=6.804246e-01 best=5.170808e-01
[NA] iter=00001 eval=00548 misfit=6.701560e-01 best=5.170808e-01
[NA] iter=00001 eval=00549 misfit=7.577370e-01 best=5.170808e-01
[NA] iter=00001 eval=00550 misfit=7.269656e-01 best=5.170808e-01
NAI - Optimisation Loop:   2%|▏         | 1/50 [00:19<15:38, 19.15s/it][NA] iter=00002 eval=00551 misfit=7.256851e-01 best=5.170808e-01
[NA] iter=00002 eval=00552 misfit=5.889913e-01 best=5.170808e-01
[NA] iter=00002 eval=00553 misfit=5.799578e-01 best=5.170808e-01
[NA] iter=00002 eval=00554 misfit=8.304497e-01 best=5.170808e-01
[NA] iter=00002 eval=00555 misfit=9.124661e-01 best=5.170808e-01
[NA] iter=00002 eval=00556 misfit=6.090914e-01 best=5.170808e-01
[NA] iter=00002 eval=00557 misfit=7.074521e-01 best=5.170808e-01
[NA] iter=00002 eval=00558 misfit=8.569241e-01 best=5.170808e-01
[NA] iter=00002 eval=00559 misfit=5.727931e-01 best=5.170808e-01
[NA] iter=00002 eval=00560 misfit=5.610567e-01 best=5.170808e-01
[NA] iter=00002 eval=00561 misfit=6.005688e-01 best=5.170808e-01
[NA] iter=00002 eval=00562 misfit=5.459457e-01 best=5.170808e-01
[NA] iter=00002 eval=00563 misfit=5.528676e-01 best=5.170808e-01
[NA] iter=00002 eval=00564 misfit=5.829206e-01 best=5.170808e-01
[NA] iter=00002 eval=00565 misfit=5.472031e-01 best=5.170808e-01
[NA] iter=00002 eval=00566 misfit=7.205097e-01 best=5.170808e-01
[NA] iter=00002 eval=00567 misfit=5.965947e-01 best=5.170808e-01
[NA] iter=00002 eval=00568 misfit=9.730153e-01 best=5.170808e-01
[NA] iter=00002 eval=00569 misfit=5.635413e-01 best=5.170808e-01
[NA] iter=00002 eval=00570 misfit=7.539076e-01 best=5.170808e-01
[NA] iter=00002 eval=00571 misfit=1.149041e+00 best=5.170808e-01
[NA] iter=00002 eval=00572 misfit=5.294028e-01 best=5.170808e-01
[NA] iter=00002 eval=00573 misfit=1.096826e+00 best=5.170808e-01
[NA] iter=00002 eval=00574 misfit=6.970427e-01 best=5.170808e-01
[NA] iter=00002 eval=00575 misfit=6.423634e-01 best=5.170808e-01
[NA] iter=00002 eval=00576 misfit=5.800560e-01 best=5.170808e-01
[NA] iter=00002 eval=00577 misfit=7.347188e-01 best=5.170808e-01
[NA] iter=00002 eval=00578 misfit=7.604336e-01 best=5.170808e-01
[NA] iter=00002 eval=00579 misfit=9.546447e-01 best=5.170808e-01
[NA] iter=00002 eval=00580 misfit=7.694267e-01 best=5.170808e-01
[NA] iter=00002 eval=00581 misfit=8.340360e-01 best=5.170808e-01
[NA] iter=00002 eval=00582 misfit=7.997031e-01 best=5.170808e-01
[NA] iter=00002 eval=00583 misfit=6.511709e-01 best=5.170808e-01
[NA] iter=00002 eval=00584 misfit=8.081889e-01 best=5.170808e-01
[NA] iter=00002 eval=00585 misfit=6.632322e-01 best=5.170808e-01
[NA] iter=00002 eval=00586 misfit=6.043336e-01 best=5.170808e-01
[NA] iter=00002 eval=00587 misfit=6.277672e-01 best=5.170808e-01
[NA] iter=00002 eval=00588 misfit=6.466697e-01 best=5.170808e-01
[NA] iter=00002 eval=00589 misfit=8.278839e-01 best=5.170808e-01
[NA] iter=00002 eval=00590 misfit=5.693406e-01 best=5.170808e-01
[NA] iter=00002 eval=00591 misfit=5.949685e-01 best=5.170808e-01
[NA] iter=00002 eval=00592 misfit=1.344924e+00 best=5.170808e-01
[NA] iter=00002 eval=00593 misfit=5.138669e-01 best=5.138669e-01
[NA] iter=00002 eval=00594 misfit=6.103502e-01 best=5.138669e-01
[NA] iter=00002 eval=00595 misfit=1.027204e+00 best=5.138669e-01
[NA] iter=00002 eval=00596 misfit=9.127906e-01 best=5.138669e-01
[NA] iter=00002 eval=00597 misfit=8.589094e-01 best=5.138669e-01
[NA] iter=00002 eval=00598 misfit=7.543098e-01 best=5.138669e-01
[NA] iter=00002 eval=00599 misfit=6.026809e-01 best=5.138669e-01
[NA] iter=00002 eval=00600 misfit=7.785297e-01 best=5.138669e-01
NAI - Optimisation Loop:   4%|▍         | 2/50 [00:38<15:24, 19.27s/it][NA] iter=00003 eval=00601 misfit=5.451687e-01 best=5.138669e-01
[NA] iter=00003 eval=00602 misfit=6.166789e-01 best=5.138669e-01
[NA] iter=00003 eval=00603 misfit=5.485199e-01 best=5.138669e-01
[NA] iter=00003 eval=00604 misfit=6.284946e-01 best=5.138669e-01
[NA] iter=00003 eval=00605 misfit=6.689647e-01 best=5.138669e-01
[NA] iter=00003 eval=00606 misfit=5.310136e-01 best=5.138669e-01
[NA] iter=00003 eval=00607 misfit=6.268554e-01 best=5.138669e-01
[NA] iter=00003 eval=00608 misfit=6.766926e-01 best=5.138669e-01
[NA] iter=00003 eval=00609 misfit=6.534922e-01 best=5.138669e-01
[NA] iter=00003 eval=00610 misfit=5.118567e-01 best=5.118567e-01
[NA] iter=00003 eval=00611 misfit=6.417408e-01 best=5.118567e-01
[NA] iter=00003 eval=00612 misfit=6.508941e-01 best=5.118567e-01
[NA] iter=00003 eval=00613 misfit=5.500503e-01 best=5.118567e-01
[NA] iter=00003 eval=00614 misfit=6.444282e-01 best=5.118567e-01
[NA] iter=00003 eval=00615 misfit=5.936805e-01 best=5.118567e-01
[NA] iter=00003 eval=00616 misfit=6.563735e-01 best=5.118567e-01
[NA] iter=00003 eval=00617 misfit=5.896626e-01 best=5.118567e-01
[NA] iter=00003 eval=00618 misfit=5.348154e-01 best=5.118567e-01
[NA] iter=00003 eval=00619 misfit=5.855906e-01 best=5.118567e-01
[NA] iter=00003 eval=00620 misfit=6.473710e-01 best=5.118567e-01
[NA] iter=00003 eval=00621 misfit=5.170443e-01 best=5.118567e-01
[NA] iter=00003 eval=00622 misfit=5.232852e-01 best=5.118567e-01
[NA] iter=00003 eval=00623 misfit=5.559916e-01 best=5.118567e-01
[NA] iter=00003 eval=00624 misfit=5.608345e-01 best=5.118567e-01
[NA] iter=00003 eval=00625 misfit=6.252231e-01 best=5.118567e-01
[NA] iter=00003 eval=00626 misfit=5.860720e-01 best=5.118567e-01
[NA] iter=00003 eval=00627 misfit=5.625414e-01 best=5.118567e-01
[NA] iter=00003 eval=00628 misfit=5.634050e-01 best=5.118567e-01
[NA] iter=00003 eval=00629 misfit=6.079334e-01 best=5.118567e-01
[NA] iter=00003 eval=00630 misfit=5.519557e-01 best=5.118567e-01
[NA] iter=00003 eval=00631 misfit=5.519000e-01 best=5.118567e-01
[NA] iter=00003 eval=00632 misfit=5.367284e-01 best=5.118567e-01
[NA] iter=00003 eval=00633 misfit=5.669547e-01 best=5.118567e-01
[NA] iter=00003 eval=00634 misfit=6.627746e-01 best=5.118567e-01
[NA] iter=00003 eval=00635 misfit=5.637040e-01 best=5.118567e-01
[NA] iter=00003 eval=00636 misfit=8.783717e-01 best=5.118567e-01
[NA] iter=00003 eval=00637 misfit=6.111829e-01 best=5.118567e-01
[NA] iter=00003 eval=00638 misfit=7.549259e-01 best=5.118567e-01
[NA] iter=00003 eval=00639 misfit=5.947397e-01 best=5.118567e-01
[NA] iter=00003 eval=00640 misfit=7.365282e-01 best=5.118567e-01
[NA] iter=00003 eval=00641 misfit=5.761340e-01 best=5.118567e-01
[NA] iter=00003 eval=00642 misfit=5.241339e-01 best=5.118567e-01
[NA] iter=00003 eval=00643 misfit=5.803597e-01 best=5.118567e-01
[NA] iter=00003 eval=00644 misfit=4.976583e-01 best=4.976583e-01
[NA] iter=00003 eval=00645 misfit=7.309375e-01 best=4.976583e-01
[NA] iter=00003 eval=00646 misfit=7.405535e-01 best=4.976583e-01
[NA] iter=00003 eval=00647 misfit=5.175558e-01 best=4.976583e-01
[NA] iter=00003 eval=00648 misfit=6.497794e-01 best=4.976583e-01
[NA] iter=00003 eval=00649 misfit=6.057644e-01 best=4.976583e-01
[NA] iter=00003 eval=00650 misfit=6.038078e-01 best=4.976583e-01
NAI - Optimisation Loop:   6%|▌         | 3/50 [00:58<15:15, 19.48s/it][NA] iter=00004 eval=00651 misfit=6.329743e-01 best=4.976583e-01
[NA] iter=00004 eval=00652 misfit=5.359619e-01 best=4.976583e-01
[NA] iter=00004 eval=00653 misfit=5.449554e-01 best=4.976583e-01
[NA] iter=00004 eval=00654 misfit=5.549694e-01 best=4.976583e-01
[NA] iter=00004 eval=00655 misfit=6.330187e-01 best=4.976583e-01
[NA] iter=00004 eval=00656 misfit=5.983951e-01 best=4.976583e-01
[NA] iter=00004 eval=00657 misfit=5.429784e-01 best=4.976583e-01
[NA] iter=00004 eval=00658 misfit=5.153860e-01 best=4.976583e-01
[NA] iter=00004 eval=00659 misfit=5.009657e-01 best=4.976583e-01
[NA] iter=00004 eval=00660 misfit=6.192996e-01 best=4.976583e-01
[NA] iter=00004 eval=00661 misfit=5.410408e-01 best=4.976583e-01
[NA] iter=00004 eval=00662 misfit=6.787321e-01 best=4.976583e-01
[NA] iter=00004 eval=00663 misfit=6.270067e-01 best=4.976583e-01
[NA] iter=00004 eval=00664 misfit=5.489361e-01 best=4.976583e-01
[NA] iter=00004 eval=00665 misfit=6.050468e-01 best=4.976583e-01
[NA] iter=00004 eval=00666 misfit=5.473253e-01 best=4.976583e-01
[NA] iter=00004 eval=00667 misfit=5.394767e-01 best=4.976583e-01
[NA] iter=00004 eval=00668 misfit=5.213201e-01 best=4.976583e-01
[NA] iter=00004 eval=00669 misfit=5.762204e-01 best=4.976583e-01
[NA] iter=00004 eval=00670 misfit=5.474509e-01 best=4.976583e-01
[NA] iter=00004 eval=00671 misfit=5.555826e-01 best=4.976583e-01
[NA] iter=00004 eval=00672 misfit=5.555311e-01 best=4.976583e-01
[NA] iter=00004 eval=00673 misfit=7.257080e-01 best=4.976583e-01
[NA] iter=00004 eval=00674 misfit=5.767306e-01 best=4.976583e-01
[NA] iter=00004 eval=00675 misfit=7.380730e-01 best=4.976583e-01
[NA] iter=00004 eval=00676 misfit=5.351820e-01 best=4.976583e-01
[NA] iter=00004 eval=00677 misfit=5.333318e-01 best=4.976583e-01
[NA] iter=00004 eval=00678 misfit=5.561415e-01 best=4.976583e-01
[NA] iter=00004 eval=00679 misfit=5.462605e-01 best=4.976583e-01
[NA] iter=00004 eval=00680 misfit=5.647082e-01 best=4.976583e-01
[NA] iter=00004 eval=00681 misfit=5.150661e-01 best=4.976583e-01
[NA] iter=00004 eval=00682 misfit=5.161118e-01 best=4.976583e-01
[NA] iter=00004 eval=00683 misfit=5.382071e-01 best=4.976583e-01
[NA] iter=00004 eval=00684 misfit=5.033509e-01 best=4.976583e-01
[NA] iter=00004 eval=00685 misfit=5.144119e-01 best=4.976583e-01
[NA] iter=00004 eval=00686 misfit=5.502694e-01 best=4.976583e-01
[NA] iter=00004 eval=00687 misfit=6.141967e-01 best=4.976583e-01
[NA] iter=00004 eval=00688 misfit=5.255087e-01 best=4.976583e-01
[NA] iter=00004 eval=00689 misfit=6.387122e-01 best=4.976583e-01
[NA] iter=00004 eval=00690 misfit=5.430550e-01 best=4.976583e-01
[NA] iter=00004 eval=00691 misfit=5.736082e-01 best=4.976583e-01
[NA] iter=00004 eval=00692 misfit=6.526139e-01 best=4.976583e-01
[NA] iter=00004 eval=00693 misfit=5.519241e-01 best=4.976583e-01
[NA] iter=00004 eval=00694 misfit=7.483140e-01 best=4.976583e-01
[NA] iter=00004 eval=00695 misfit=5.683097e-01 best=4.976583e-01
[NA] iter=00004 eval=00696 misfit=7.222707e-01 best=4.976583e-01
[NA] iter=00004 eval=00697 misfit=5.905124e-01 best=4.976583e-01
[NA] iter=00004 eval=00698 misfit=5.508065e-01 best=4.976583e-01
[NA] iter=00004 eval=00699 misfit=5.436997e-01 best=4.976583e-01
[NA] iter=00004 eval=00700 misfit=5.627313e-01 best=4.976583e-01
NAI - Optimisation Loop:   8%|▊         | 4/50 [01:18<15:04, 19.66s/it][NA] iter=00005 eval=00701 misfit=5.098801e-01 best=4.976583e-01
[NA] iter=00005 eval=00702 misfit=4.988455e-01 best=4.976583e-01
[NA] iter=00005 eval=00703 misfit=5.065627e-01 best=4.976583e-01
[NA] iter=00005 eval=00704 misfit=5.131043e-01 best=4.976583e-01
[NA] iter=00005 eval=00705 misfit=5.218751e-01 best=4.976583e-01
[NA] iter=00005 eval=00706 misfit=6.230702e-01 best=4.976583e-01
[NA] iter=00005 eval=00707 misfit=5.599487e-01 best=4.976583e-01
[NA] iter=00005 eval=00708 misfit=5.304854e-01 best=4.976583e-01
[NA] iter=00005 eval=00709 misfit=5.006690e-01 best=4.976583e-01
[NA] iter=00005 eval=00710 misfit=5.613332e-01 best=4.976583e-01
[NA] iter=00005 eval=00711 misfit=5.106914e-01 best=4.976583e-01
[NA] iter=00005 eval=00712 misfit=5.086596e-01 best=4.976583e-01
[NA] iter=00005 eval=00713 misfit=5.088683e-01 best=4.976583e-01
[NA] iter=00005 eval=00714 misfit=4.990011e-01 best=4.976583e-01
[NA] iter=00005 eval=00715 misfit=5.137021e-01 best=4.976583e-01
[NA] iter=00005 eval=00716 misfit=5.737284e-01 best=4.976583e-01
[NA] iter=00005 eval=00717 misfit=5.623992e-01 best=4.976583e-01
[NA] iter=00005 eval=00718 misfit=5.469387e-01 best=4.976583e-01
[NA] iter=00005 eval=00719 misfit=4.967837e-01 best=4.967837e-01
[NA] iter=00005 eval=00720 misfit=5.856102e-01 best=4.967837e-01
[NA] iter=00005 eval=00721 misfit=5.776170e-01 best=4.967837e-01
[NA] iter=00005 eval=00722 misfit=5.693089e-01 best=4.967837e-01
[NA] iter=00005 eval=00723 misfit=5.323223e-01 best=4.967837e-01
[NA] iter=00005 eval=00724 misfit=5.119904e-01 best=4.967837e-01
[NA] iter=00005 eval=00725 misfit=5.558651e-01 best=4.967837e-01
[NA] iter=00005 eval=00726 misfit=5.421192e-01 best=4.967837e-01
[NA] iter=00005 eval=00727 misfit=5.135226e-01 best=4.967837e-01
[NA] iter=00005 eval=00728 misfit=5.221532e-01 best=4.967837e-01
[NA] iter=00005 eval=00729 misfit=5.426270e-01 best=4.967837e-01
[NA] iter=00005 eval=00730 misfit=5.128003e-01 best=4.967837e-01
[NA] iter=00005 eval=00731 misfit=5.457521e-01 best=4.967837e-01
[NA] iter=00005 eval=00732 misfit=5.358051e-01 best=4.967837e-01
[NA] iter=00005 eval=00733 misfit=5.042539e-01 best=4.967837e-01
[NA] iter=00005 eval=00734 misfit=5.756977e-01 best=4.967837e-01
[NA] iter=00005 eval=00735 misfit=5.952952e-01 best=4.967837e-01
[NA] iter=00005 eval=00736 misfit=5.358387e-01 best=4.967837e-01
[NA] iter=00005 eval=00737 misfit=5.044337e-01 best=4.967837e-01
[NA] iter=00005 eval=00738 misfit=4.972641e-01 best=4.967837e-01
[NA] iter=00005 eval=00739 misfit=5.014347e-01 best=4.967837e-01
[NA] iter=00005 eval=00740 misfit=7.089868e-01 best=4.967837e-01
[NA] iter=00005 eval=00741 misfit=5.134433e-01 best=4.967837e-01
[NA] iter=00005 eval=00742 misfit=5.296696e-01 best=4.967837e-01
[NA] iter=00005 eval=00743 misfit=5.276207e-01 best=4.967837e-01
[NA] iter=00005 eval=00744 misfit=5.995463e-01 best=4.967837e-01
[NA] iter=00005 eval=00745 misfit=5.516655e-01 best=4.967837e-01
[NA] iter=00005 eval=00746 misfit=5.133951e-01 best=4.967837e-01
[NA] iter=00005 eval=00747 misfit=5.342604e-01 best=4.967837e-01
[NA] iter=00005 eval=00748 misfit=5.406358e-01 best=4.967837e-01
[NA] iter=00005 eval=00749 misfit=5.301198e-01 best=4.967837e-01
[NA] iter=00005 eval=00750 misfit=5.192009e-01 best=4.967837e-01
NAI - Optimisation Loop:  10%|█         | 5/50 [01:37<14:35, 19.47s/it][NA] iter=00006 eval=00751 misfit=5.220531e-01 best=4.967837e-01
[NA] iter=00006 eval=00752 misfit=4.980598e-01 best=4.967837e-01
[NA] iter=00006 eval=00753 misfit=4.914878e-01 best=4.914878e-01
[NA] iter=00006 eval=00754 misfit=5.018761e-01 best=4.914878e-01
[NA] iter=00006 eval=00755 misfit=5.103812e-01 best=4.914878e-01
[NA] iter=00006 eval=00756 misfit=5.223918e-01 best=4.914878e-01
[NA] iter=00006 eval=00757 misfit=5.253998e-01 best=4.914878e-01
[NA] iter=00006 eval=00758 misfit=5.198277e-01 best=4.914878e-01
[NA] iter=00006 eval=00759 misfit=5.318305e-01 best=4.914878e-01
[NA] iter=00006 eval=00760 misfit=5.177158e-01 best=4.914878e-01
[NA] iter=00006 eval=00761 misfit=5.029024e-01 best=4.914878e-01
[NA] iter=00006 eval=00762 misfit=5.008180e-01 best=4.914878e-01
[NA] iter=00006 eval=00763 misfit=5.049793e-01 best=4.914878e-01
[NA] iter=00006 eval=00764 misfit=5.074118e-01 best=4.914878e-01
[NA] iter=00006 eval=00765 misfit=5.070265e-01 best=4.914878e-01
[NA] iter=00006 eval=00766 misfit=5.238999e-01 best=4.914878e-01
[NA] iter=00006 eval=00767 misfit=5.317693e-01 best=4.914878e-01
[NA] iter=00006 eval=00768 misfit=5.353340e-01 best=4.914878e-01
[NA] iter=00006 eval=00769 misfit=5.248887e-01 best=4.914878e-01
[NA] iter=00006 eval=00770 misfit=5.371514e-01 best=4.914878e-01
[NA] iter=00006 eval=00771 misfit=5.012724e-01 best=4.914878e-01
[NA] iter=00006 eval=00772 misfit=5.266746e-01 best=4.914878e-01
[NA] iter=00006 eval=00773 misfit=5.242029e-01 best=4.914878e-01
[NA] iter=00006 eval=00774 misfit=5.147581e-01 best=4.914878e-01
[NA] iter=00006 eval=00775 misfit=5.080401e-01 best=4.914878e-01
[NA] iter=00006 eval=00776 misfit=5.482345e-01 best=4.914878e-01
[NA] iter=00006 eval=00777 misfit=5.440188e-01 best=4.914878e-01
[NA] iter=00006 eval=00778 misfit=5.136610e-01 best=4.914878e-01
[NA] iter=00006 eval=00779 misfit=5.151861e-01 best=4.914878e-01
[NA] iter=00006 eval=00780 misfit=5.138159e-01 best=4.914878e-01
[NA] iter=00006 eval=00781 misfit=4.903508e-01 best=4.903508e-01
[NA] iter=00006 eval=00782 misfit=4.962525e-01 best=4.903508e-01
[NA] iter=00006 eval=00783 misfit=5.749001e-01 best=4.903508e-01
[NA] iter=00006 eval=00784 misfit=4.910797e-01 best=4.903508e-01
[NA] iter=00006 eval=00785 misfit=4.922573e-01 best=4.903508e-01
[NA] iter=00006 eval=00786 misfit=5.796794e-01 best=4.903508e-01
[NA] iter=00006 eval=00787 misfit=5.706319e-01 best=4.903508e-01
[NA] iter=00006 eval=00788 misfit=5.075039e-01 best=4.903508e-01
[NA] iter=00006 eval=00789 misfit=5.380347e-01 best=4.903508e-01
[NA] iter=00006 eval=00790 misfit=5.078783e-01 best=4.903508e-01
[NA] iter=00006 eval=00791 misfit=5.037879e-01 best=4.903508e-01
[NA] iter=00006 eval=00792 misfit=5.006072e-01 best=4.903508e-01
[NA] iter=00006 eval=00793 misfit=5.280793e-01 best=4.903508e-01
[NA] iter=00006 eval=00794 misfit=5.135447e-01 best=4.903508e-01
[NA] iter=00006 eval=00795 misfit=5.276242e-01 best=4.903508e-01
[NA] iter=00006 eval=00796 misfit=5.166146e-01 best=4.903508e-01
[NA] iter=00006 eval=00797 misfit=5.104120e-01 best=4.903508e-01
[NA] iter=00006 eval=00798 misfit=5.099349e-01 best=4.903508e-01
[NA] iter=00006 eval=00799 misfit=5.108505e-01 best=4.903508e-01
[NA] iter=00006 eval=00800 misfit=5.096036e-01 best=4.903508e-01
NAI - Optimisation Loop:  12%|█▏        | 6/50 [01:57<14:24, 19.64s/it][NA] iter=00007 eval=00801 misfit=5.011266e-01 best=4.903508e-01
[NA] iter=00007 eval=00802 misfit=5.289273e-01 best=4.903508e-01
[NA] iter=00007 eval=00803 misfit=5.365677e-01 best=4.903508e-01
[NA] iter=00007 eval=00804 misfit=4.961190e-01 best=4.903508e-01
[NA] iter=00007 eval=00805 misfit=4.928651e-01 best=4.903508e-01
[NA] iter=00007 eval=00806 misfit=4.938145e-01 best=4.903508e-01
[NA] iter=00007 eval=00807 misfit=5.659635e-01 best=4.903508e-01
[NA] iter=00007 eval=00808 misfit=5.390048e-01 best=4.903508e-01
[NA] iter=00007 eval=00809 misfit=4.999890e-01 best=4.903508e-01
[NA] iter=00007 eval=00810 misfit=5.341152e-01 best=4.903508e-01
[NA] iter=00007 eval=00811 misfit=4.996081e-01 best=4.903508e-01
[NA] iter=00007 eval=00812 misfit=5.724527e-01 best=4.903508e-01
[NA] iter=00007 eval=00813 misfit=5.147710e-01 best=4.903508e-01
[NA] iter=00007 eval=00814 misfit=5.002464e-01 best=4.903508e-01
[NA] iter=00007 eval=00815 misfit=5.363265e-01 best=4.903508e-01
[NA] iter=00007 eval=00816 misfit=5.190206e-01 best=4.903508e-01
[NA] iter=00007 eval=00817 misfit=5.139788e-01 best=4.903508e-01
[NA] iter=00007 eval=00818 misfit=5.300003e-01 best=4.903508e-01
[NA] iter=00007 eval=00819 misfit=5.619702e-01 best=4.903508e-01
[NA] iter=00007 eval=00820 misfit=5.306435e-01 best=4.903508e-01
[NA] iter=00007 eval=00821 misfit=5.398957e-01 best=4.903508e-01
[NA] iter=00007 eval=00822 misfit=5.526005e-01 best=4.903508e-01
[NA] iter=00007 eval=00823 misfit=5.630730e-01 best=4.903508e-01
[NA] iter=00007 eval=00824 misfit=5.853420e-01 best=4.903508e-01
[NA] iter=00007 eval=00825 misfit=5.423965e-01 best=4.903508e-01
[NA] iter=00007 eval=00826 misfit=5.046533e-01 best=4.903508e-01
[NA] iter=00007 eval=00827 misfit=4.977823e-01 best=4.903508e-01
[NA] iter=00007 eval=00828 misfit=4.937688e-01 best=4.903508e-01
[NA] iter=00007 eval=00829 misfit=4.948711e-01 best=4.903508e-01
[NA] iter=00007 eval=00830 misfit=5.048856e-01 best=4.903508e-01
[NA] iter=00007 eval=00831 misfit=5.025324e-01 best=4.903508e-01
[NA] iter=00007 eval=00832 misfit=5.323305e-01 best=4.903508e-01
[NA] iter=00007 eval=00833 misfit=5.140031e-01 best=4.903508e-01
[NA] iter=00007 eval=00834 misfit=4.964353e-01 best=4.903508e-01
[NA] iter=00007 eval=00835 misfit=5.308333e-01 best=4.903508e-01
[NA] iter=00007 eval=00836 misfit=5.020146e-01 best=4.903508e-01
[NA] iter=00007 eval=00837 misfit=5.013637e-01 best=4.903508e-01
[NA] iter=00007 eval=00838 misfit=5.019235e-01 best=4.903508e-01
[NA] iter=00007 eval=00839 misfit=4.989023e-01 best=4.903508e-01
[NA] iter=00007 eval=00840 misfit=5.019642e-01 best=4.903508e-01
[NA] iter=00007 eval=00841 misfit=5.086059e-01 best=4.903508e-01
[NA] iter=00007 eval=00842 misfit=5.053616e-01 best=4.903508e-01
[NA] iter=00007 eval=00843 misfit=4.923347e-01 best=4.903508e-01
[NA] iter=00007 eval=00844 misfit=5.033508e-01 best=4.903508e-01
[NA] iter=00007 eval=00845 misfit=5.038406e-01 best=4.903508e-01
[NA] iter=00007 eval=00846 misfit=5.172850e-01 best=4.903508e-01
[NA] iter=00007 eval=00847 misfit=5.142401e-01 best=4.903508e-01
[NA] iter=00007 eval=00848 misfit=5.238209e-01 best=4.903508e-01
[NA] iter=00007 eval=00849 misfit=5.129806e-01 best=4.903508e-01
[NA] iter=00007 eval=00850 misfit=5.050041e-01 best=4.903508e-01
NAI - Optimisation Loop:  14%|█▍        | 7/50 [02:17<14:12, 19.82s/it][NA] iter=00008 eval=00851 misfit=4.938969e-01 best=4.903508e-01
[NA] iter=00008 eval=00852 misfit=5.037434e-01 best=4.903508e-01
[NA] iter=00008 eval=00853 misfit=5.062904e-01 best=4.903508e-01
[NA] iter=00008 eval=00854 misfit=4.915516e-01 best=4.903508e-01
[NA] iter=00008 eval=00855 misfit=5.063770e-01 best=4.903508e-01
[NA] iter=00008 eval=00856 misfit=5.107604e-01 best=4.903508e-01
[NA] iter=00008 eval=00857 misfit=5.053788e-01 best=4.903508e-01
[NA] iter=00008 eval=00858 misfit=5.039036e-01 best=4.903508e-01
[NA] iter=00008 eval=00859 misfit=5.023323e-01 best=4.903508e-01
[NA] iter=00008 eval=00860 misfit=5.021939e-01 best=4.903508e-01
[NA] iter=00008 eval=00861 misfit=4.941735e-01 best=4.903508e-01
[NA] iter=00008 eval=00862 misfit=5.021888e-01 best=4.903508e-01
[NA] iter=00008 eval=00863 misfit=4.940292e-01 best=4.903508e-01
[NA] iter=00008 eval=00864 misfit=5.068169e-01 best=4.903508e-01
[NA] iter=00008 eval=00865 misfit=5.327359e-01 best=4.903508e-01
[NA] iter=00008 eval=00866 misfit=4.989974e-01 best=4.903508e-01
[NA] iter=00008 eval=00867 misfit=5.043706e-01 best=4.903508e-01
[NA] iter=00008 eval=00868 misfit=4.928050e-01 best=4.903508e-01
[NA] iter=00008 eval=00869 misfit=5.000526e-01 best=4.903508e-01
[NA] iter=00008 eval=00870 misfit=5.369012e-01 best=4.903508e-01
[NA] iter=00008 eval=00871 misfit=4.993852e-01 best=4.903508e-01
[NA] iter=00008 eval=00872 misfit=4.937698e-01 best=4.903508e-01
[NA] iter=00008 eval=00873 misfit=5.160619e-01 best=4.903508e-01
[NA] iter=00008 eval=00874 misfit=4.996572e-01 best=4.903508e-01
[NA] iter=00008 eval=00875 misfit=5.255759e-01 best=4.903508e-01
[NA] iter=00008 eval=00876 misfit=4.934462e-01 best=4.903508e-01
[NA] iter=00008 eval=00877 misfit=4.977236e-01 best=4.903508e-01
[NA] iter=00008 eval=00878 misfit=4.964170e-01 best=4.903508e-01
[NA] iter=00008 eval=00879 misfit=5.242166e-01 best=4.903508e-01
[NA] iter=00008 eval=00880 misfit=4.962386e-01 best=4.903508e-01
[NA] iter=00008 eval=00881 misfit=5.455019e-01 best=4.903508e-01
[NA] iter=00008 eval=00882 misfit=4.953542e-01 best=4.903508e-01
[NA] iter=00008 eval=00883 misfit=5.016774e-01 best=4.903508e-01
[NA] iter=00008 eval=00884 misfit=5.192802e-01 best=4.903508e-01
[NA] iter=00008 eval=00885 misfit=5.014365e-01 best=4.903508e-01
[NA] iter=00008 eval=00886 misfit=5.191958e-01 best=4.903508e-01
[NA] iter=00008 eval=00887 misfit=5.630812e-01 best=4.903508e-01
[NA] iter=00008 eval=00888 misfit=5.124099e-01 best=4.903508e-01
[NA] iter=00008 eval=00889 misfit=4.954179e-01 best=4.903508e-01
[NA] iter=00008 eval=00890 misfit=5.276837e-01 best=4.903508e-01
[NA] iter=00008 eval=00891 misfit=5.092305e-01 best=4.903508e-01
[NA] iter=00008 eval=00892 misfit=5.061773e-01 best=4.903508e-01
[NA] iter=00008 eval=00893 misfit=4.939380e-01 best=4.903508e-01
[NA] iter=00008 eval=00894 misfit=5.139284e-01 best=4.903508e-01
[NA] iter=00008 eval=00895 misfit=5.208771e-01 best=4.903508e-01
[NA] iter=00008 eval=00896 misfit=5.301476e-01 best=4.903508e-01
[NA] iter=00008 eval=00897 misfit=5.117661e-01 best=4.903508e-01
[NA] iter=00008 eval=00898 misfit=5.347447e-01 best=4.903508e-01
[NA] iter=00008 eval=00899 misfit=4.940214e-01 best=4.903508e-01
[NA] iter=00008 eval=00900 misfit=4.977759e-01 best=4.903508e-01
NAI - Optimisation Loop:  16%|█▌        | 8/50 [02:37<13:50, 19.79s/it][NA] iter=00009 eval=00901 misfit=4.903313e-01 best=4.903313e-01
[NA] iter=00009 eval=00902 misfit=4.958573e-01 best=4.903313e-01
[NA] iter=00009 eval=00903 misfit=4.910584e-01 best=4.903313e-01
[NA] iter=00009 eval=00904 misfit=4.980362e-01 best=4.903313e-01
[NA] iter=00009 eval=00905 misfit=4.939398e-01 best=4.903313e-01
[NA] iter=00009 eval=00906 misfit=4.955667e-01 best=4.903313e-01
[NA] iter=00009 eval=00907 misfit=4.907957e-01 best=4.903313e-01
[NA] iter=00009 eval=00908 misfit=4.942408e-01 best=4.903313e-01
[NA] iter=00009 eval=00909 misfit=4.931982e-01 best=4.903313e-01
[NA] iter=00009 eval=00910 misfit=4.921428e-01 best=4.903313e-01
[NA] iter=00009 eval=00911 misfit=4.971500e-01 best=4.903313e-01
[NA] iter=00009 eval=00912 misfit=5.096155e-01 best=4.903313e-01
[NA] iter=00009 eval=00913 misfit=5.089303e-01 best=4.903313e-01
[NA] iter=00009 eval=00914 misfit=4.946997e-01 best=4.903313e-01
[NA] iter=00009 eval=00915 misfit=4.936557e-01 best=4.903313e-01
[NA] iter=00009 eval=00916 misfit=4.935637e-01 best=4.903313e-01
[NA] iter=00009 eval=00917 misfit=5.003943e-01 best=4.903313e-01
[NA] iter=00009 eval=00918 misfit=4.903148e-01 best=4.903148e-01
[NA] iter=00009 eval=00919 misfit=5.056487e-01 best=4.903148e-01
[NA] iter=00009 eval=00920 misfit=4.911269e-01 best=4.903148e-01
[NA] iter=00009 eval=00921 misfit=5.073408e-01 best=4.903148e-01
[NA] iter=00009 eval=00922 misfit=4.987098e-01 best=4.903148e-01
[NA] iter=00009 eval=00923 misfit=4.950552e-01 best=4.903148e-01
[NA] iter=00009 eval=00924 misfit=4.980258e-01 best=4.903148e-01
[NA] iter=00009 eval=00925 misfit=5.084988e-01 best=4.903148e-01
[NA] iter=00009 eval=00926 misfit=4.913231e-01 best=4.903148e-01
[NA] iter=00009 eval=00927 misfit=5.013444e-01 best=4.903148e-01
[NA] iter=00009 eval=00928 misfit=5.010651e-01 best=4.903148e-01
[NA] iter=00009 eval=00929 misfit=4.956175e-01 best=4.903148e-01
[NA] iter=00009 eval=00930 misfit=4.957605e-01 best=4.903148e-01
[NA] iter=00009 eval=00931 misfit=5.124070e-01 best=4.903148e-01
[NA] iter=00009 eval=00932 misfit=5.032473e-01 best=4.903148e-01
[NA] iter=00009 eval=00933 misfit=5.280114e-01 best=4.903148e-01
[NA] iter=00009 eval=00934 misfit=5.109989e-01 best=4.903148e-01
[NA] iter=00009 eval=00935 misfit=5.074059e-01 best=4.903148e-01
[NA] iter=00009 eval=00936 misfit=4.932184e-01 best=4.903148e-01
[NA] iter=00009 eval=00937 misfit=4.995377e-01 best=4.903148e-01
[NA] iter=00009 eval=00938 misfit=4.897112e-01 best=4.897112e-01
[NA] iter=00009 eval=00939 misfit=5.198165e-01 best=4.897112e-01
[NA] iter=00009 eval=00940 misfit=4.922882e-01 best=4.897112e-01
[NA] iter=00009 eval=00941 misfit=4.950446e-01 best=4.897112e-01
[NA] iter=00009 eval=00942 misfit=5.071949e-01 best=4.897112e-01
[NA] iter=00009 eval=00943 misfit=4.974104e-01 best=4.897112e-01
[NA] iter=00009 eval=00944 misfit=5.058026e-01 best=4.897112e-01
[NA] iter=00009 eval=00945 misfit=5.028606e-01 best=4.897112e-01
[NA] iter=00009 eval=00946 misfit=5.011068e-01 best=4.897112e-01
[NA] iter=00009 eval=00947 misfit=4.999010e-01 best=4.897112e-01
[NA] iter=00009 eval=00948 misfit=5.054552e-01 best=4.897112e-01
[NA] iter=00009 eval=00949 misfit=4.983972e-01 best=4.897112e-01
[NA] iter=00009 eval=00950 misfit=4.974505e-01 best=4.897112e-01
NAI - Optimisation Loop:  18%|█▊        | 9/50 [02:56<13:24, 19.63s/it][NA] iter=00010 eval=00951 misfit=4.929129e-01 best=4.897112e-01
[NA] iter=00010 eval=00952 misfit=4.946154e-01 best=4.897112e-01
[NA] iter=00010 eval=00953 misfit=4.931448e-01 best=4.897112e-01
[NA] iter=00010 eval=00954 misfit=4.904296e-01 best=4.897112e-01
[NA] iter=00010 eval=00955 misfit=4.972028e-01 best=4.897112e-01
[NA] iter=00010 eval=00956 misfit=4.948235e-01 best=4.897112e-01
[NA] iter=00010 eval=00957 misfit=5.025723e-01 best=4.897112e-01
[NA] iter=00010 eval=00958 misfit=4.926263e-01 best=4.897112e-01
[NA] iter=00010 eval=00959 misfit=5.024598e-01 best=4.897112e-01
[NA] iter=00010 eval=00960 misfit=4.950321e-01 best=4.897112e-01
[NA] iter=00010 eval=00961 misfit=4.934890e-01 best=4.897112e-01
[NA] iter=00010 eval=00962 misfit=4.899395e-01 best=4.897112e-01
[NA] iter=00010 eval=00963 misfit=4.902507e-01 best=4.897112e-01
[NA] iter=00010 eval=00964 misfit=4.927348e-01 best=4.897112e-01
[NA] iter=00010 eval=00965 misfit=4.902019e-01 best=4.897112e-01
[NA] iter=00010 eval=00966 misfit=4.949084e-01 best=4.897112e-01
[NA] iter=00010 eval=00967 misfit=4.905833e-01 best=4.897112e-01
[NA] iter=00010 eval=00968 misfit=4.939655e-01 best=4.897112e-01
[NA] iter=00010 eval=00969 misfit=4.897085e-01 best=4.897085e-01
[NA] iter=00010 eval=00970 misfit=4.906173e-01 best=4.897085e-01
[NA] iter=00010 eval=00971 misfit=5.002114e-01 best=4.897085e-01
[NA] iter=00010 eval=00972 misfit=4.911622e-01 best=4.897085e-01
[NA] iter=00010 eval=00973 misfit=4.906110e-01 best=4.897085e-01
[NA] iter=00010 eval=00974 misfit=4.997900e-01 best=4.897085e-01
[NA] iter=00010 eval=00975 misfit=4.909117e-01 best=4.897085e-01
[NA] iter=00010 eval=00976 misfit=4.975976e-01 best=4.897085e-01
[NA] iter=00010 eval=00977 misfit=4.913047e-01 best=4.897085e-01
[NA] iter=00010 eval=00978 misfit=5.170141e-01 best=4.897085e-01
[NA] iter=00010 eval=00979 misfit=5.097894e-01 best=4.897085e-01
[NA] iter=00010 eval=00980 misfit=4.968925e-01 best=4.897085e-01
[NA] iter=00010 eval=00981 misfit=4.926929e-01 best=4.897085e-01
[NA] iter=00010 eval=00982 misfit=4.912263e-01 best=4.897085e-01
[NA] iter=00010 eval=00983 misfit=4.913880e-01 best=4.897085e-01
[NA] iter=00010 eval=00984 misfit=4.909721e-01 best=4.897085e-01
[NA] iter=00010 eval=00985 misfit=4.921080e-01 best=4.897085e-01
[NA] iter=00010 eval=00986 misfit=4.944240e-01 best=4.897085e-01
[NA] iter=00010 eval=00987 misfit=4.978354e-01 best=4.897085e-01
[NA] iter=00010 eval=00988 misfit=4.915975e-01 best=4.897085e-01
[NA] iter=00010 eval=00989 misfit=5.344334e-01 best=4.897085e-01
[NA] iter=00010 eval=00990 misfit=5.052354e-01 best=4.897085e-01
[NA] iter=00010 eval=00991 misfit=4.994214e-01 best=4.897085e-01
[NA] iter=00010 eval=00992 misfit=4.991810e-01 best=4.897085e-01
[NA] iter=00010 eval=00993 misfit=4.958191e-01 best=4.897085e-01
[NA] iter=00010 eval=00994 misfit=4.988928e-01 best=4.897085e-01
[NA] iter=00010 eval=00995 misfit=5.013487e-01 best=4.897085e-01
[NA] iter=00010 eval=00996 misfit=4.946816e-01 best=4.897085e-01
[NA] iter=00010 eval=00997 misfit=4.923602e-01 best=4.897085e-01
[NA] iter=00010 eval=00998 misfit=4.984491e-01 best=4.897085e-01
[NA] iter=00010 eval=00999 misfit=4.909824e-01 best=4.897085e-01
[NA] iter=00010 eval=01000 misfit=4.889930e-01 best=4.889930e-01
NAI - Optimisation Loop:  20%|██        | 10/50 [03:15<12:55, 19.40s/it][NA] iter=00011 eval=01001 misfit=4.920089e-01 best=4.889930e-01
[NA] iter=00011 eval=01002 misfit=4.899068e-01 best=4.889930e-01
[NA] iter=00011 eval=01003 misfit=4.889807e-01 best=4.889807e-01
[NA] iter=00011 eval=01004 misfit=4.923062e-01 best=4.889807e-01
[NA] iter=00011 eval=01005 misfit=4.935607e-01 best=4.889807e-01
[NA] iter=00011 eval=01006 misfit=4.895845e-01 best=4.889807e-01
[NA] iter=00011 eval=01007 misfit=4.899834e-01 best=4.889807e-01
[NA] iter=00011 eval=01008 misfit=4.906233e-01 best=4.889807e-01
[NA] iter=00011 eval=01009 misfit=4.898652e-01 best=4.889807e-01
[NA] iter=00011 eval=01010 misfit=4.905023e-01 best=4.889807e-01
[NA] iter=00011 eval=01011 misfit=4.937436e-01 best=4.889807e-01
[NA] iter=00011 eval=01012 misfit=4.929793e-01 best=4.889807e-01
[NA] iter=00011 eval=01013 misfit=4.924425e-01 best=4.889807e-01
[NA] iter=00011 eval=01014 misfit=4.903962e-01 best=4.889807e-01
[NA] iter=00011 eval=01015 misfit=4.931462e-01 best=4.889807e-01
[NA] iter=00011 eval=01016 misfit=4.898087e-01 best=4.889807e-01
[NA] iter=00011 eval=01017 misfit=4.896116e-01 best=4.889807e-01
[NA] iter=00011 eval=01018 misfit=4.927353e-01 best=4.889807e-01
[NA] iter=00011 eval=01019 misfit=4.910493e-01 best=4.889807e-01
[NA] iter=00011 eval=01020 misfit=4.902416e-01 best=4.889807e-01
[NA] iter=00011 eval=01021 misfit=4.937832e-01 best=4.889807e-01
[NA] iter=00011 eval=01022 misfit=4.937696e-01 best=4.889807e-01
[NA] iter=00011 eval=01023 misfit=5.032260e-01 best=4.889807e-01
[NA] iter=00011 eval=01024 misfit=4.959849e-01 best=4.889807e-01
[NA] iter=00011 eval=01025 misfit=4.944525e-01 best=4.889807e-01
[NA] iter=00011 eval=01026 misfit=4.944581e-01 best=4.889807e-01
[NA] iter=00011 eval=01027 misfit=4.902606e-01 best=4.889807e-01
[NA] iter=00011 eval=01028 misfit=4.935650e-01 best=4.889807e-01
[NA] iter=00011 eval=01029 misfit=4.903728e-01 best=4.889807e-01
[NA] iter=00011 eval=01030 misfit=4.906103e-01 best=4.889807e-01
[NA] iter=00011 eval=01031 misfit=4.911659e-01 best=4.889807e-01
[NA] iter=00011 eval=01032 misfit=4.914461e-01 best=4.889807e-01
[NA] iter=00011 eval=01033 misfit=4.983458e-01 best=4.889807e-01
[NA] iter=00011 eval=01034 misfit=4.902688e-01 best=4.889807e-01
[NA] iter=00011 eval=01035 misfit=4.921298e-01 best=4.889807e-01
[NA] iter=00011 eval=01036 misfit=4.912272e-01 best=4.889807e-01
[NA] iter=00011 eval=01037 misfit=4.909595e-01 best=4.889807e-01
[NA] iter=00011 eval=01038 misfit=4.904785e-01 best=4.889807e-01
[NA] iter=00011 eval=01039 misfit=4.905694e-01 best=4.889807e-01
[NA] iter=00011 eval=01040 misfit=4.905199e-01 best=4.889807e-01
[NA] iter=00011 eval=01041 misfit=4.949689e-01 best=4.889807e-01
[NA] iter=00011 eval=01042 misfit=4.911573e-01 best=4.889807e-01
[NA] iter=00011 eval=01043 misfit=4.972083e-01 best=4.889807e-01
[NA] iter=00011 eval=01044 misfit=4.904498e-01 best=4.889807e-01
[NA] iter=00011 eval=01045 misfit=4.916326e-01 best=4.889807e-01
[NA] iter=00011 eval=01046 misfit=4.951634e-01 best=4.889807e-01
[NA] iter=00011 eval=01047 misfit=4.948900e-01 best=4.889807e-01
[NA] iter=00011 eval=01048 misfit=4.894795e-01 best=4.889807e-01
[NA] iter=00011 eval=01049 misfit=4.989594e-01 best=4.889807e-01
[NA] iter=00011 eval=01050 misfit=4.934688e-01 best=4.889807e-01
NAI - Optimisation Loop:  22%|██▏       | 11/50 [03:33<12:27, 19.16s/it][NA] iter=00012 eval=01051 misfit=4.989170e-01 best=4.889807e-01
[NA] iter=00012 eval=01052 misfit=4.915736e-01 best=4.889807e-01
[NA] iter=00012 eval=01053 misfit=4.919467e-01 best=4.889807e-01
[NA] iter=00012 eval=01054 misfit=4.959484e-01 best=4.889807e-01
[NA] iter=00012 eval=01055 misfit=5.018043e-01 best=4.889807e-01
[NA] iter=00012 eval=01056 misfit=4.912879e-01 best=4.889807e-01
[NA] iter=00012 eval=01057 misfit=4.918700e-01 best=4.889807e-01
[NA] iter=00012 eval=01058 misfit=4.869522e-01 best=4.869522e-01
[NA] iter=00012 eval=01059 misfit=4.911110e-01 best=4.869522e-01
[NA] iter=00012 eval=01060 misfit=4.894636e-01 best=4.869522e-01
[NA] iter=00012 eval=01061 misfit=4.935830e-01 best=4.869522e-01
[NA] iter=00012 eval=01062 misfit=4.919096e-01 best=4.869522e-01
[NA] iter=00012 eval=01063 misfit=4.895329e-01 best=4.869522e-01
[NA] iter=00012 eval=01064 misfit=4.897499e-01 best=4.869522e-01
[NA] iter=00012 eval=01065 misfit=4.958969e-01 best=4.869522e-01
[NA] iter=00012 eval=01066 misfit=4.922873e-01 best=4.869522e-01
[NA] iter=00012 eval=01067 misfit=4.891111e-01 best=4.869522e-01
[NA] iter=00012 eval=01068 misfit=4.936207e-01 best=4.869522e-01
[NA] iter=00012 eval=01069 misfit=4.922955e-01 best=4.869522e-01
[NA] iter=00012 eval=01070 misfit=4.894085e-01 best=4.869522e-01
[NA] iter=00012 eval=01071 misfit=4.953256e-01 best=4.869522e-01
[NA] iter=00012 eval=01072 misfit=4.945228e-01 best=4.869522e-01
[NA] iter=00012 eval=01073 misfit=4.965852e-01 best=4.869522e-01
[NA] iter=00012 eval=01074 misfit=4.942691e-01 best=4.869522e-01
[NA] iter=00012 eval=01075 misfit=4.928851e-01 best=4.869522e-01
[NA] iter=00012 eval=01076 misfit=4.894663e-01 best=4.869522e-01
[NA] iter=00012 eval=01077 misfit=4.896670e-01 best=4.869522e-01
[NA] iter=00012 eval=01078 misfit=4.929611e-01 best=4.869522e-01
[NA] iter=00012 eval=01079 misfit=4.930044e-01 best=4.869522e-01
[NA] iter=00012 eval=01080 misfit=4.899545e-01 best=4.869522e-01
[NA] iter=00012 eval=01081 misfit=4.895728e-01 best=4.869522e-01
[NA] iter=00012 eval=01082 misfit=4.903574e-01 best=4.869522e-01
[NA] iter=00012 eval=01083 misfit=4.896566e-01 best=4.869522e-01
[NA] iter=00012 eval=01084 misfit=4.895163e-01 best=4.869522e-01
[NA] iter=00012 eval=01085 misfit=4.898241e-01 best=4.869522e-01
[NA] iter=00012 eval=01086 misfit=4.958069e-01 best=4.869522e-01
[NA] iter=00012 eval=01087 misfit=4.965669e-01 best=4.869522e-01
[NA] iter=00012 eval=01088 misfit=4.904449e-01 best=4.869522e-01
[NA] iter=00012 eval=01089 misfit=4.937368e-01 best=4.869522e-01
[NA] iter=00012 eval=01090 misfit=4.934708e-01 best=4.869522e-01
[NA] iter=00012 eval=01091 misfit=4.929634e-01 best=4.869522e-01
[NA] iter=00012 eval=01092 misfit=4.898104e-01 best=4.869522e-01
[NA] iter=00012 eval=01093 misfit=4.930991e-01 best=4.869522e-01
[NA] iter=00012 eval=01094 misfit=4.899323e-01 best=4.869522e-01
[NA] iter=00012 eval=01095 misfit=4.898603e-01 best=4.869522e-01
[NA] iter=00012 eval=01096 misfit=4.988366e-01 best=4.869522e-01
[NA] iter=00012 eval=01097 misfit=5.004973e-01 best=4.869522e-01
[NA] iter=00012 eval=01098 misfit=5.011481e-01 best=4.869522e-01
[NA] iter=00012 eval=01099 misfit=4.922276e-01 best=4.869522e-01
[NA] iter=00012 eval=01100 misfit=5.199216e-01 best=4.869522e-01
NAI - Optimisation Loop:  24%|██▍       | 12/50 [03:54<12:18, 19.44s/it][NA] iter=00013 eval=01101 misfit=4.908083e-01 best=4.869522e-01
[NA] iter=00013 eval=01102 misfit=4.877986e-01 best=4.869522e-01
[NA] iter=00013 eval=01103 misfit=4.906684e-01 best=4.869522e-01
[NA] iter=00013 eval=01104 misfit=4.877530e-01 best=4.869522e-01
[NA] iter=00013 eval=01105 misfit=4.927446e-01 best=4.869522e-01
[NA] iter=00013 eval=01106 misfit=4.896172e-01 best=4.869522e-01
[NA] iter=00013 eval=01107 misfit=4.916269e-01 best=4.869522e-01
[NA] iter=00013 eval=01108 misfit=4.897996e-01 best=4.869522e-01
[NA] iter=00013 eval=01109 misfit=4.899883e-01 best=4.869522e-01
[NA] iter=00013 eval=01110 misfit=4.918252e-01 best=4.869522e-01
[NA] iter=00013 eval=01111 misfit=4.912524e-01 best=4.869522e-01
[NA] iter=00013 eval=01112 misfit=4.904394e-01 best=4.869522e-01
[NA] iter=00013 eval=01113 misfit=4.890069e-01 best=4.869522e-01
[NA] iter=00013 eval=01114 misfit=4.911222e-01 best=4.869522e-01
[NA] iter=00013 eval=01115 misfit=4.903580e-01 best=4.869522e-01
[NA] iter=00013 eval=01116 misfit=4.933389e-01 best=4.869522e-01
[NA] iter=00013 eval=01117 misfit=4.889175e-01 best=4.869522e-01
[NA] iter=00013 eval=01118 misfit=4.889099e-01 best=4.869522e-01
[NA] iter=00013 eval=01119 misfit=4.892298e-01 best=4.869522e-01
[NA] iter=00013 eval=01120 misfit=4.892979e-01 best=4.869522e-01
[NA] iter=00013 eval=01121 misfit=4.901696e-01 best=4.869522e-01
[NA] iter=00013 eval=01122 misfit=4.923121e-01 best=4.869522e-01
[NA] iter=00013 eval=01123 misfit=4.931765e-01 best=4.869522e-01
[NA] iter=00013 eval=01124 misfit=4.923714e-01 best=4.869522e-01
[NA] iter=00013 eval=01125 misfit=4.926040e-01 best=4.869522e-01
[NA] iter=00013 eval=01126 misfit=4.885958e-01 best=4.869522e-01
[NA] iter=00013 eval=01127 misfit=4.893377e-01 best=4.869522e-01
[NA] iter=00013 eval=01128 misfit=4.927126e-01 best=4.869522e-01
[NA] iter=00013 eval=01129 misfit=4.895433e-01 best=4.869522e-01
[NA] iter=00013 eval=01130 misfit=4.915697e-01 best=4.869522e-01
[NA] iter=00013 eval=01131 misfit=4.931357e-01 best=4.869522e-01
[NA] iter=00013 eval=01132 misfit=4.928602e-01 best=4.869522e-01
[NA] iter=00013 eval=01133 misfit=4.930844e-01 best=4.869522e-01
[NA] iter=00013 eval=01134 misfit=4.929674e-01 best=4.869522e-01
[NA] iter=00013 eval=01135 misfit=4.898161e-01 best=4.869522e-01
[NA] iter=00013 eval=01136 misfit=4.957533e-01 best=4.869522e-01
[NA] iter=00013 eval=01137 misfit=4.932995e-01 best=4.869522e-01
[NA] iter=00013 eval=01138 misfit=4.934281e-01 best=4.869522e-01
[NA] iter=00013 eval=01139 misfit=4.893260e-01 best=4.869522e-01
[NA] iter=00013 eval=01140 misfit=4.893855e-01 best=4.869522e-01
[NA] iter=00013 eval=01141 misfit=4.894289e-01 best=4.869522e-01
[NA] iter=00013 eval=01142 misfit=4.936189e-01 best=4.869522e-01
[NA] iter=00013 eval=01143 misfit=4.978207e-01 best=4.869522e-01
[NA] iter=00013 eval=01144 misfit=4.892951e-01 best=4.869522e-01
[NA] iter=00013 eval=01145 misfit=4.895441e-01 best=4.869522e-01
[NA] iter=00013 eval=01146 misfit=4.940076e-01 best=4.869522e-01
[NA] iter=00013 eval=01147 misfit=4.947746e-01 best=4.869522e-01
[NA] iter=00013 eval=01148 misfit=4.954389e-01 best=4.869522e-01
[NA] iter=00013 eval=01149 misfit=4.958768e-01 best=4.869522e-01
[NA] iter=00013 eval=01150 misfit=4.970442e-01 best=4.869522e-01
NAI - Optimisation Loop:  26%|██▌       | 13/50 [04:13<12:00, 19.48s/it][NA] iter=00014 eval=01151 misfit=4.889756e-01 best=4.869522e-01
[NA] iter=00014 eval=01152 misfit=4.857602e-01 best=4.857602e-01
[NA] iter=00014 eval=01153 misfit=4.924659e-01 best=4.857602e-01
[NA] iter=00014 eval=01154 misfit=4.928075e-01 best=4.857602e-01
[NA] iter=00014 eval=01155 misfit=4.893230e-01 best=4.857602e-01
[NA] iter=00014 eval=01156 misfit=4.882316e-01 best=4.857602e-01
[NA] iter=00014 eval=01157 misfit=4.934973e-01 best=4.857602e-01
[NA] iter=00014 eval=01158 misfit=4.908823e-01 best=4.857602e-01
[NA] iter=00014 eval=01159 misfit=4.959875e-01 best=4.857602e-01
[NA] iter=00014 eval=01160 misfit=4.926550e-01 best=4.857602e-01
[NA] iter=00014 eval=01161 misfit=4.891661e-01 best=4.857602e-01
[NA] iter=00014 eval=01162 misfit=4.942760e-01 best=4.857602e-01
[NA] iter=00014 eval=01163 misfit=5.133883e-01 best=4.857602e-01
[NA] iter=00014 eval=01164 misfit=5.210383e-01 best=4.857602e-01
[NA] iter=00014 eval=01165 misfit=4.952325e-01 best=4.857602e-01
[NA] iter=00014 eval=01166 misfit=4.886477e-01 best=4.857602e-01
[NA] iter=00014 eval=01167 misfit=4.927591e-01 best=4.857602e-01
[NA] iter=00014 eval=01168 misfit=4.893438e-01 best=4.857602e-01
[NA] iter=00014 eval=01169 misfit=4.925754e-01 best=4.857602e-01
[NA] iter=00014 eval=01170 misfit=4.886956e-01 best=4.857602e-01
[NA] iter=00014 eval=01171 misfit=4.925623e-01 best=4.857602e-01
[NA] iter=00014 eval=01172 misfit=4.898217e-01 best=4.857602e-01
[NA] iter=00014 eval=01173 misfit=4.890364e-01 best=4.857602e-01
[NA] iter=00014 eval=01174 misfit=4.885368e-01 best=4.857602e-01
[NA] iter=00014 eval=01175 misfit=4.945817e-01 best=4.857602e-01
[NA] iter=00014 eval=01176 misfit=4.937759e-01 best=4.857602e-01
[NA] iter=00014 eval=01177 misfit=4.925589e-01 best=4.857602e-01
[NA] iter=00014 eval=01178 misfit=4.889960e-01 best=4.857602e-01
[NA] iter=00014 eval=01179 misfit=4.894842e-01 best=4.857602e-01
[NA] iter=00014 eval=01180 misfit=4.921652e-01 best=4.857602e-01
[NA] iter=00014 eval=01181 misfit=4.891633e-01 best=4.857602e-01
[NA] iter=00014 eval=01182 misfit=4.911114e-01 best=4.857602e-01
[NA] iter=00014 eval=01183 misfit=4.920042e-01 best=4.857602e-01
[NA] iter=00014 eval=01184 misfit=4.890895e-01 best=4.857602e-01
[NA] iter=00014 eval=01185 misfit=4.891151e-01 best=4.857602e-01
[NA] iter=00014 eval=01186 misfit=4.888024e-01 best=4.857602e-01
[NA] iter=00014 eval=01187 misfit=4.910827e-01 best=4.857602e-01
[NA] iter=00014 eval=01188 misfit=4.884951e-01 best=4.857602e-01
[NA] iter=00014 eval=01189 misfit=4.912019e-01 best=4.857602e-01
[NA] iter=00014 eval=01190 misfit=4.909592e-01 best=4.857602e-01
[NA] iter=00014 eval=01191 misfit=4.896980e-01 best=4.857602e-01
[NA] iter=00014 eval=01192 misfit=4.907247e-01 best=4.857602e-01
[NA] iter=00014 eval=01193 misfit=4.894603e-01 best=4.857602e-01
[NA] iter=00014 eval=01194 misfit=4.935143e-01 best=4.857602e-01
[NA] iter=00014 eval=01195 misfit=4.932523e-01 best=4.857602e-01
[NA] iter=00014 eval=01196 misfit=4.894256e-01 best=4.857602e-01
[NA] iter=00014 eval=01197 misfit=4.888847e-01 best=4.857602e-01
[NA] iter=00014 eval=01198 misfit=4.924498e-01 best=4.857602e-01
[NA] iter=00014 eval=01199 misfit=4.937054e-01 best=4.857602e-01
[NA] iter=00014 eval=01200 misfit=4.895376e-01 best=4.857602e-01
NAI - Optimisation Loop:  28%|██▊       | 14/50 [04:33<11:45, 19.60s/it][NA] iter=00015 eval=01201 misfit=4.882886e-01 best=4.857602e-01
[NA] iter=00015 eval=01202 misfit=4.948184e-01 best=4.857602e-01
[NA] iter=00015 eval=01203 misfit=4.866714e-01 best=4.857602e-01
[NA] iter=00015 eval=01204 misfit=4.890266e-01 best=4.857602e-01
[NA] iter=00015 eval=01205 misfit=4.862429e-01 best=4.857602e-01
[NA] iter=00015 eval=01206 misfit=4.906543e-01 best=4.857602e-01
[NA] iter=00015 eval=01207 misfit=4.875817e-01 best=4.857602e-01
[NA] iter=00015 eval=01208 misfit=4.918004e-01 best=4.857602e-01
[NA] iter=00015 eval=01209 misfit=4.886111e-01 best=4.857602e-01
[NA] iter=00015 eval=01210 misfit=4.902464e-01 best=4.857602e-01
[NA] iter=00015 eval=01211 misfit=4.882765e-01 best=4.857602e-01
[NA] iter=00015 eval=01212 misfit=4.868499e-01 best=4.857602e-01
[NA] iter=00015 eval=01213 misfit=4.903421e-01 best=4.857602e-01
[NA] iter=00015 eval=01214 misfit=4.919639e-01 best=4.857602e-01
[NA] iter=00015 eval=01215 misfit=4.921855e-01 best=4.857602e-01
[NA] iter=00015 eval=01216 misfit=4.915429e-01 best=4.857602e-01
[NA] iter=00015 eval=01217 misfit=4.927880e-01 best=4.857602e-01
[NA] iter=00015 eval=01218 misfit=4.944846e-01 best=4.857602e-01
[NA] iter=00015 eval=01219 misfit=4.969960e-01 best=4.857602e-01
[NA] iter=00015 eval=01220 misfit=4.897451e-01 best=4.857602e-01
[NA] iter=00015 eval=01221 misfit=4.930199e-01 best=4.857602e-01
[NA] iter=00015 eval=01222 misfit=4.954095e-01 best=4.857602e-01
[NA] iter=00015 eval=01223 misfit=5.073913e-01 best=4.857602e-01
[NA] iter=00015 eval=01224 misfit=4.910101e-01 best=4.857602e-01
[NA] iter=00015 eval=01225 misfit=4.937122e-01 best=4.857602e-01
[NA] iter=00015 eval=01226 misfit=4.911232e-01 best=4.857602e-01
[NA] iter=00015 eval=01227 misfit=4.884169e-01 best=4.857602e-01
[NA] iter=00015 eval=01228 misfit=4.911054e-01 best=4.857602e-01
[NA] iter=00015 eval=01229 misfit=4.889757e-01 best=4.857602e-01
[NA] iter=00015 eval=01230 misfit=4.919120e-01 best=4.857602e-01
[NA] iter=00015 eval=01231 misfit=4.886944e-01 best=4.857602e-01
[NA] iter=00015 eval=01232 misfit=5.031981e-01 best=4.857602e-01
[NA] iter=00015 eval=01233 misfit=4.926685e-01 best=4.857602e-01
[NA] iter=00015 eval=01234 misfit=4.926879e-01 best=4.857602e-01
[NA] iter=00015 eval=01235 misfit=5.013271e-01 best=4.857602e-01
[NA] iter=00015 eval=01236 misfit=4.885771e-01 best=4.857602e-01
[NA] iter=00015 eval=01237 misfit=4.924335e-01 best=4.857602e-01
[NA] iter=00015 eval=01238 misfit=4.922460e-01 best=4.857602e-01
[NA] iter=00015 eval=01239 misfit=4.890574e-01 best=4.857602e-01
[NA] iter=00015 eval=01240 misfit=4.922124e-01 best=4.857602e-01
[NA] iter=00015 eval=01241 misfit=5.024863e-01 best=4.857602e-01
[NA] iter=00015 eval=01242 misfit=4.971440e-01 best=4.857602e-01
[NA] iter=00015 eval=01243 misfit=4.921126e-01 best=4.857602e-01
[NA] iter=00015 eval=01244 misfit=4.922209e-01 best=4.857602e-01
[NA] iter=00015 eval=01245 misfit=4.925789e-01 best=4.857602e-01
[NA] iter=00015 eval=01246 misfit=4.915624e-01 best=4.857602e-01
[NA] iter=00015 eval=01247 misfit=4.889223e-01 best=4.857602e-01
[NA] iter=00015 eval=01248 misfit=4.888986e-01 best=4.857602e-01
[NA] iter=00015 eval=01249 misfit=4.891058e-01 best=4.857602e-01
[NA] iter=00015 eval=01250 misfit=4.885333e-01 best=4.857602e-01
NAI - Optimisation Loop:  30%|███       | 15/50 [04:52<11:24, 19.55s/it][NA] iter=00016 eval=01251 misfit=4.895346e-01 best=4.857602e-01
[NA] iter=00016 eval=01252 misfit=4.861488e-01 best=4.857602e-01
[NA] iter=00016 eval=01253 misfit=4.858277e-01 best=4.857602e-01
[NA] iter=00016 eval=01254 misfit=4.892702e-01 best=4.857602e-01
[NA] iter=00016 eval=01255 misfit=4.856733e-01 best=4.856733e-01
[NA] iter=00016 eval=01256 misfit=4.871255e-01 best=4.856733e-01
[NA] iter=00016 eval=01257 misfit=4.936111e-01 best=4.856733e-01
[NA] iter=00016 eval=01258 misfit=4.956168e-01 best=4.856733e-01
[NA] iter=00016 eval=01259 misfit=4.868796e-01 best=4.856733e-01
[NA] iter=00016 eval=01260 misfit=4.917364e-01 best=4.856733e-01
[NA] iter=00016 eval=01261 misfit=4.866643e-01 best=4.856733e-01
[NA] iter=00016 eval=01262 misfit=4.865371e-01 best=4.856733e-01
[NA] iter=00016 eval=01263 misfit=4.856644e-01 best=4.856644e-01
[NA] iter=00016 eval=01264 misfit=4.867881e-01 best=4.856644e-01
[NA] iter=00016 eval=01265 misfit=4.864104e-01 best=4.856644e-01
[NA] iter=00016 eval=01266 misfit=4.893100e-01 best=4.856644e-01
[NA] iter=00016 eval=01267 misfit=5.072505e-01 best=4.856644e-01
[NA] iter=00016 eval=01268 misfit=4.972725e-01 best=4.856644e-01
[NA] iter=00016 eval=01269 misfit=4.909599e-01 best=4.856644e-01
[NA] iter=00016 eval=01270 misfit=4.873845e-01 best=4.856644e-01
[NA] iter=00016 eval=01271 misfit=4.859288e-01 best=4.856644e-01
[NA] iter=00016 eval=01272 misfit=4.892049e-01 best=4.856644e-01
[NA] iter=00016 eval=01273 misfit=4.877602e-01 best=4.856644e-01
[NA] iter=00016 eval=01274 misfit=4.909543e-01 best=4.856644e-01
[NA] iter=00016 eval=01275 misfit=4.867272e-01 best=4.856644e-01
[NA] iter=00016 eval=01276 misfit=4.897737e-01 best=4.856644e-01
[NA] iter=00016 eval=01277 misfit=4.900321e-01 best=4.856644e-01
[NA] iter=00016 eval=01278 misfit=4.872469e-01 best=4.856644e-01
[NA] iter=00016 eval=01279 misfit=4.876847e-01 best=4.856644e-01
[NA] iter=00016 eval=01280 misfit=4.866090e-01 best=4.856644e-01
[NA] iter=00016 eval=01281 misfit=4.920362e-01 best=4.856644e-01
[NA] iter=00016 eval=01282 misfit=4.907648e-01 best=4.856644e-01
[NA] iter=00016 eval=01283 misfit=5.009316e-01 best=4.856644e-01
[NA] iter=00016 eval=01284 misfit=4.887645e-01 best=4.856644e-01
[NA] iter=00016 eval=01285 misfit=4.868207e-01 best=4.856644e-01
[NA] iter=00016 eval=01286 misfit=4.977020e-01 best=4.856644e-01
[NA] iter=00016 eval=01287 misfit=4.861419e-01 best=4.856644e-01
[NA] iter=00016 eval=01288 misfit=4.966300e-01 best=4.856644e-01
[NA] iter=00016 eval=01289 misfit=5.000660e-01 best=4.856644e-01
[NA] iter=00016 eval=01290 misfit=4.892492e-01 best=4.856644e-01
[NA] iter=00016 eval=01291 misfit=4.933369e-01 best=4.856644e-01
[NA] iter=00016 eval=01292 misfit=4.972018e-01 best=4.856644e-01
[NA] iter=00016 eval=01293 misfit=4.928081e-01 best=4.856644e-01
[NA] iter=00016 eval=01294 misfit=4.978860e-01 best=4.856644e-01
[NA] iter=00016 eval=01295 misfit=4.835451e-01 best=4.835451e-01
[NA] iter=00016 eval=01296 misfit=4.902288e-01 best=4.835451e-01
[NA] iter=00016 eval=01297 misfit=4.876103e-01 best=4.835451e-01
[NA] iter=00016 eval=01298 misfit=4.871039e-01 best=4.835451e-01
[NA] iter=00016 eval=01299 misfit=4.904989e-01 best=4.835451e-01
[NA] iter=00016 eval=01300 misfit=4.913734e-01 best=4.835451e-01
NAI - Optimisation Loop:  32%|███▏      | 16/50 [05:12<11:09, 19.70s/it][NA] iter=00017 eval=01301 misfit=4.928171e-01 best=4.835451e-01
[NA] iter=00017 eval=01302 misfit=4.963966e-01 best=4.835451e-01
[NA] iter=00017 eval=01303 misfit=4.918163e-01 best=4.835451e-01
[NA] iter=00017 eval=01304 misfit=4.949142e-01 best=4.835451e-01
[NA] iter=00017 eval=01305 misfit=4.885037e-01 best=4.835451e-01
[NA] iter=00017 eval=01306 misfit=4.913949e-01 best=4.835451e-01
[NA] iter=00017 eval=01307 misfit=4.860909e-01 best=4.835451e-01
[NA] iter=00017 eval=01308 misfit=4.858354e-01 best=4.835451e-01
[NA] iter=00017 eval=01309 misfit=4.855812e-01 best=4.835451e-01
[NA] iter=00017 eval=01310 misfit=4.925042e-01 best=4.835451e-01
[NA] iter=00017 eval=01311 misfit=4.881123e-01 best=4.835451e-01
[NA] iter=00017 eval=01312 misfit=4.855546e-01 best=4.835451e-01
[NA] iter=00017 eval=01313 misfit=4.856735e-01 best=4.835451e-01
[NA] iter=00017 eval=01314 misfit=4.858423e-01 best=4.835451e-01
[NA] iter=00017 eval=01315 misfit=4.856329e-01 best=4.835451e-01
[NA] iter=00017 eval=01316 misfit=4.902113e-01 best=4.835451e-01
[NA] iter=00017 eval=01317 misfit=4.859507e-01 best=4.835451e-01
[NA] iter=00017 eval=01318 misfit=4.858232e-01 best=4.835451e-01
[NA] iter=00017 eval=01319 misfit=4.856568e-01 best=4.835451e-01
[NA] iter=00017 eval=01320 misfit=4.858493e-01 best=4.835451e-01
[NA] iter=00017 eval=01321 misfit=4.858765e-01 best=4.835451e-01
[NA] iter=00017 eval=01322 misfit=4.858454e-01 best=4.835451e-01
[NA] iter=00017 eval=01323 misfit=4.859113e-01 best=4.835451e-01
[NA] iter=00017 eval=01324 misfit=4.860356e-01 best=4.835451e-01
[NA] iter=00017 eval=01325 misfit=4.857130e-01 best=4.835451e-01
[NA] iter=00017 eval=01326 misfit=4.887777e-01 best=4.835451e-01
[NA] iter=00017 eval=01327 misfit=4.922855e-01 best=4.835451e-01
[NA] iter=00017 eval=01328 misfit=4.854554e-01 best=4.835451e-01
[NA] iter=00017 eval=01329 misfit=4.861188e-01 best=4.835451e-01
[NA] iter=00017 eval=01330 misfit=4.854189e-01 best=4.835451e-01
[NA] iter=00017 eval=01331 misfit=4.861456e-01 best=4.835451e-01
[NA] iter=00017 eval=01332 misfit=4.860176e-01 best=4.835451e-01
[NA] iter=00017 eval=01333 misfit=4.860165e-01 best=4.835451e-01
[NA] iter=00017 eval=01334 misfit=4.859582e-01 best=4.835451e-01
[NA] iter=00017 eval=01335 misfit=4.868487e-01 best=4.835451e-01
[NA] iter=00017 eval=01336 misfit=4.864399e-01 best=4.835451e-01
[NA] iter=00017 eval=01337 misfit=4.868535e-01 best=4.835451e-01
[NA] iter=00017 eval=01338 misfit=4.912178e-01 best=4.835451e-01
[NA] iter=00017 eval=01339 misfit=4.856809e-01 best=4.835451e-01
[NA] iter=00017 eval=01340 misfit=4.859120e-01 best=4.835451e-01
[NA] iter=00017 eval=01341 misfit=4.864586e-01 best=4.835451e-01
[NA] iter=00017 eval=01342 misfit=4.863006e-01 best=4.835451e-01
[NA] iter=00017 eval=01343 misfit=4.868093e-01 best=4.835451e-01
[NA] iter=00017 eval=01344 misfit=4.868615e-01 best=4.835451e-01
[NA] iter=00017 eval=01345 misfit=4.887671e-01 best=4.835451e-01
[NA] iter=00017 eval=01346 misfit=4.861755e-01 best=4.835451e-01
[NA] iter=00017 eval=01347 misfit=4.894819e-01 best=4.835451e-01
[NA] iter=00017 eval=01348 misfit=4.869558e-01 best=4.835451e-01
[NA] iter=00017 eval=01349 misfit=4.865894e-01 best=4.835451e-01
[NA] iter=00017 eval=01350 misfit=4.872719e-01 best=4.835451e-01
NAI - Optimisation Loop:  34%|███▍      | 17/50 [05:33<10:55, 19.88s/it][NA] iter=00018 eval=01351 misfit=4.907723e-01 best=4.835451e-01
[NA] iter=00018 eval=01352 misfit=4.834591e-01 best=4.834591e-01
[NA] iter=00018 eval=01353 misfit=4.872206e-01 best=4.834591e-01
[NA] iter=00018 eval=01354 misfit=4.899797e-01 best=4.834591e-01
[NA] iter=00018 eval=01355 misfit=4.873985e-01 best=4.834591e-01
[NA] iter=00018 eval=01356 misfit=4.854358e-01 best=4.834591e-01
[NA] iter=00018 eval=01357 misfit=4.875602e-01 best=4.834591e-01
[NA] iter=00018 eval=01358 misfit=4.879546e-01 best=4.834591e-01
[NA] iter=00018 eval=01359 misfit=4.921635e-01 best=4.834591e-01
[NA] iter=00018 eval=01360 misfit=4.908669e-01 best=4.834591e-01
[NA] iter=00018 eval=01361 misfit=4.854613e-01 best=4.834591e-01
[NA] iter=00018 eval=01362 misfit=4.880470e-01 best=4.834591e-01
[NA] iter=00018 eval=01363 misfit=4.855769e-01 best=4.834591e-01
[NA] iter=00018 eval=01364 misfit=4.895085e-01 best=4.834591e-01
[NA] iter=00018 eval=01365 misfit=4.877030e-01 best=4.834591e-01
[NA] iter=00018 eval=01366 misfit=4.884964e-01 best=4.834591e-01
[NA] iter=00018 eval=01367 misfit=4.908017e-01 best=4.834591e-01
[NA] iter=00018 eval=01368 misfit=4.907237e-01 best=4.834591e-01
[NA] iter=00018 eval=01369 misfit=4.906756e-01 best=4.834591e-01
[NA] iter=00018 eval=01370 misfit=4.910843e-01 best=4.834591e-01
[NA] iter=00018 eval=01371 misfit=4.899878e-01 best=4.834591e-01
[NA] iter=00018 eval=01372 misfit=4.855297e-01 best=4.834591e-01
[NA] iter=00018 eval=01373 misfit=4.859493e-01 best=4.834591e-01
[NA] iter=00018 eval=01374 misfit=4.886490e-01 best=4.834591e-01
[NA] iter=00018 eval=01375 misfit=4.893918e-01 best=4.834591e-01
[NA] iter=00018 eval=01376 misfit=4.920410e-01 best=4.834591e-01
[NA] iter=00018 eval=01377 misfit=4.888231e-01 best=4.834591e-01
[NA] iter=00018 eval=01378 misfit=4.918464e-01 best=4.834591e-01
[NA] iter=00018 eval=01379 misfit=4.855132e-01 best=4.834591e-01
[NA] iter=00018 eval=01380 misfit=4.913464e-01 best=4.834591e-01
[NA] iter=00018 eval=01381 misfit=4.856983e-01 best=4.834591e-01
[NA] iter=00018 eval=01382 misfit=4.857767e-01 best=4.834591e-01
[NA] iter=00018 eval=01383 misfit=4.857199e-01 best=4.834591e-01
[NA] iter=00018 eval=01384 misfit=4.855579e-01 best=4.834591e-01
[NA] iter=00018 eval=01385 misfit=4.880498e-01 best=4.834591e-01
[NA] iter=00018 eval=01386 misfit=4.860778e-01 best=4.834591e-01
[NA] iter=00018 eval=01387 misfit=4.910516e-01 best=4.834591e-01
[NA] iter=00018 eval=01388 misfit=4.896850e-01 best=4.834591e-01
[NA] iter=00018 eval=01389 misfit=4.897697e-01 best=4.834591e-01
[NA] iter=00018 eval=01390 misfit=4.923748e-01 best=4.834591e-01
[NA] iter=00018 eval=01391 misfit=4.856343e-01 best=4.834591e-01
[NA] iter=00018 eval=01392 misfit=4.857680e-01 best=4.834591e-01
[NA] iter=00018 eval=01393 misfit=4.858624e-01 best=4.834591e-01
[NA] iter=00018 eval=01394 misfit=4.859726e-01 best=4.834591e-01
[NA] iter=00018 eval=01395 misfit=4.855164e-01 best=4.834591e-01
[NA] iter=00018 eval=01396 misfit=4.882586e-01 best=4.834591e-01
[NA] iter=00018 eval=01397 misfit=4.861199e-01 best=4.834591e-01
[NA] iter=00018 eval=01398 misfit=4.913960e-01 best=4.834591e-01
[NA] iter=00018 eval=01399 misfit=4.883224e-01 best=4.834591e-01
[NA] iter=00018 eval=01400 misfit=4.857008e-01 best=4.834591e-01
NAI - Optimisation Loop:  36%|███▌      | 18/50 [05:53<10:39, 19.99s/it][NA] iter=00019 eval=01401 misfit=4.948214e-01 best=4.834591e-01
[NA] iter=00019 eval=01402 misfit=4.831712e-01 best=4.831712e-01
[NA] iter=00019 eval=01403 misfit=4.850679e-01 best=4.831712e-01
[NA] iter=00019 eval=01404 misfit=4.908265e-01 best=4.831712e-01
[NA] iter=00019 eval=01405 misfit=4.837460e-01 best=4.831712e-01
[NA] iter=00019 eval=01406 misfit=4.882772e-01 best=4.831712e-01
[NA] iter=00019 eval=01407 misfit=4.847364e-01 best=4.831712e-01
[NA] iter=00019 eval=01408 misfit=4.870299e-01 best=4.831712e-01
[NA] iter=00019 eval=01409 misfit=4.833917e-01 best=4.831712e-01
[NA] iter=00019 eval=01410 misfit=4.835059e-01 best=4.831712e-01
[NA] iter=00019 eval=01411 misfit=4.891984e-01 best=4.831712e-01
[NA] iter=00019 eval=01412 misfit=4.888713e-01 best=4.831712e-01
[NA] iter=00019 eval=01413 misfit=4.892261e-01 best=4.831712e-01
[NA] iter=00019 eval=01414 misfit=4.879388e-01 best=4.831712e-01
[NA] iter=00019 eval=01415 misfit=4.889895e-01 best=4.831712e-01
[NA] iter=00019 eval=01416 misfit=4.855443e-01 best=4.831712e-01
[NA] iter=00019 eval=01417 misfit=4.877487e-01 best=4.831712e-01
[NA] iter=00019 eval=01418 misfit=4.854339e-01 best=4.831712e-01
[NA] iter=00019 eval=01419 misfit=4.854007e-01 best=4.831712e-01
[NA] iter=00019 eval=01420 misfit=4.878061e-01 best=4.831712e-01
[NA] iter=00019 eval=01421 misfit=4.888718e-01 best=4.831712e-01
[NA] iter=00019 eval=01422 misfit=4.855645e-01 best=4.831712e-01
[NA] iter=00019 eval=01423 misfit=4.854416e-01 best=4.831712e-01
[NA] iter=00019 eval=01424 misfit=4.855488e-01 best=4.831712e-01
[NA] iter=00019 eval=01425 misfit=4.854221e-01 best=4.831712e-01
[NA] iter=00019 eval=01426 misfit=4.853804e-01 best=4.831712e-01
[NA] iter=00019 eval=01427 misfit=4.887308e-01 best=4.831712e-01
[NA] iter=00019 eval=01428 misfit=4.899951e-01 best=4.831712e-01
[NA] iter=00019 eval=01429 misfit=4.855352e-01 best=4.831712e-01
[NA] iter=00019 eval=01430 misfit=4.894792e-01 best=4.831712e-01
[NA] iter=00019 eval=01431 misfit=4.887340e-01 best=4.831712e-01
[NA] iter=00019 eval=01432 misfit=4.860687e-01 best=4.831712e-01
[NA] iter=00019 eval=01433 misfit=4.854601e-01 best=4.831712e-01
[NA] iter=00019 eval=01434 misfit=4.891019e-01 best=4.831712e-01
[NA] iter=00019 eval=01435 misfit=4.889163e-01 best=4.831712e-01
[NA] iter=00019 eval=01436 misfit=4.856126e-01 best=4.831712e-01
[NA] iter=00019 eval=01437 misfit=4.856477e-01 best=4.831712e-01
[NA] iter=00019 eval=01438 misfit=4.856665e-01 best=4.831712e-01
[NA] iter=00019 eval=01439 misfit=4.855831e-01 best=4.831712e-01
[NA] iter=00019 eval=01440 misfit=4.857283e-01 best=4.831712e-01
[NA] iter=00019 eval=01441 misfit=4.921216e-01 best=4.831712e-01
[NA] iter=00019 eval=01442 misfit=4.854855e-01 best=4.831712e-01
[NA] iter=00019 eval=01443 misfit=4.856653e-01 best=4.831712e-01
[NA] iter=00019 eval=01444 misfit=4.887530e-01 best=4.831712e-01
[NA] iter=00019 eval=01445 misfit=4.855779e-01 best=4.831712e-01
[NA] iter=00019 eval=01446 misfit=4.855551e-01 best=4.831712e-01
[NA] iter=00019 eval=01447 misfit=4.856523e-01 best=4.831712e-01
[NA] iter=00019 eval=01448 misfit=4.859180e-01 best=4.831712e-01
[NA] iter=00019 eval=01449 misfit=4.858686e-01 best=4.831712e-01
[NA] iter=00019 eval=01450 misfit=4.881786e-01 best=4.831712e-01
NAI - Optimisation Loop:  38%|███▊      | 19/50 [06:13<10:21, 20.06s/it][NA] iter=00020 eval=01451 misfit=4.831858e-01 best=4.831712e-01
[NA] iter=00020 eval=01452 misfit=4.834817e-01 best=4.831712e-01
[NA] iter=00020 eval=01453 misfit=4.915272e-01 best=4.831712e-01
[NA] iter=00020 eval=01454 misfit=4.871451e-01 best=4.831712e-01
[NA] iter=00020 eval=01455 misfit=4.927024e-01 best=4.831712e-01
[NA] iter=00020 eval=01456 misfit=4.869297e-01 best=4.831712e-01
[NA] iter=00020 eval=01457 misfit=4.832335e-01 best=4.831712e-01
[NA] iter=00020 eval=01458 misfit=4.902741e-01 best=4.831712e-01
[NA] iter=00020 eval=01459 misfit=4.902428e-01 best=4.831712e-01
[NA] iter=00020 eval=01460 misfit=4.836171e-01 best=4.831712e-01
[NA] iter=00020 eval=01461 misfit=4.944213e-01 best=4.831712e-01
[NA] iter=00020 eval=01462 misfit=4.861519e-01 best=4.831712e-01
[NA] iter=00020 eval=01463 misfit=4.841767e-01 best=4.831712e-01
[NA] iter=00020 eval=01464 misfit=4.929176e-01 best=4.831712e-01
[NA] iter=00020 eval=01465 misfit=4.879758e-01 best=4.831712e-01
[NA] iter=00020 eval=01466 misfit=4.833051e-01 best=4.831712e-01
[NA] iter=00020 eval=01467 misfit=4.929126e-01 best=4.831712e-01
[NA] iter=00020 eval=01468 misfit=4.894260e-01 best=4.831712e-01
[NA] iter=00020 eval=01469 misfit=4.934724e-01 best=4.831712e-01
[NA] iter=00020 eval=01470 misfit=4.871754e-01 best=4.831712e-01
[NA] iter=00020 eval=01471 misfit=4.870455e-01 best=4.831712e-01
[NA] iter=00020 eval=01472 misfit=4.883269e-01 best=4.831712e-01
[NA] iter=00020 eval=01473 misfit=4.877267e-01 best=4.831712e-01
[NA] iter=00020 eval=01474 misfit=4.875869e-01 best=4.831712e-01
[NA] iter=00020 eval=01475 misfit=4.835732e-01 best=4.831712e-01
[NA] iter=00020 eval=01476 misfit=4.866557e-01 best=4.831712e-01
[NA] iter=00020 eval=01477 misfit=4.871026e-01 best=4.831712e-01
[NA] iter=00020 eval=01478 misfit=4.970890e-01 best=4.831712e-01
[NA] iter=00020 eval=01479 misfit=4.967667e-01 best=4.831712e-01
[NA] iter=00020 eval=01480 misfit=4.866978e-01 best=4.831712e-01
[NA] iter=00020 eval=01481 misfit=4.901612e-01 best=4.831712e-01
[NA] iter=00020 eval=01482 misfit=4.908444e-01 best=4.831712e-01
[NA] iter=00020 eval=01483 misfit=4.897006e-01 best=4.831712e-01
[NA] iter=00020 eval=01484 misfit=4.901746e-01 best=4.831712e-01
[NA] iter=00020 eval=01485 misfit=4.926107e-01 best=4.831712e-01
[NA] iter=00020 eval=01486 misfit=4.920062e-01 best=4.831712e-01
[NA] iter=00020 eval=01487 misfit=4.955569e-01 best=4.831712e-01
[NA] iter=00020 eval=01488 misfit=4.980860e-01 best=4.831712e-01
[NA] iter=00020 eval=01489 misfit=4.902553e-01 best=4.831712e-01
[NA] iter=00020 eval=01490 misfit=4.908376e-01 best=4.831712e-01
[NA] iter=00020 eval=01491 misfit=4.892376e-01 best=4.831712e-01
[NA] iter=00020 eval=01492 misfit=4.854538e-01 best=4.831712e-01
[NA] iter=00020 eval=01493 misfit=4.853165e-01 best=4.831712e-01
[NA] iter=00020 eval=01494 misfit=4.881146e-01 best=4.831712e-01
[NA] iter=00020 eval=01495 misfit=4.854234e-01 best=4.831712e-01
[NA] iter=00020 eval=01496 misfit=4.877393e-01 best=4.831712e-01
[NA] iter=00020 eval=01497 misfit=4.890822e-01 best=4.831712e-01
[NA] iter=00020 eval=01498 misfit=4.915392e-01 best=4.831712e-01
[NA] iter=00020 eval=01499 misfit=4.878184e-01 best=4.831712e-01
[NA] iter=00020 eval=01500 misfit=4.876505e-01 best=4.831712e-01
NAI - Optimisation Loop:  40%|████      | 20/50 [06:33<10:00, 20.03s/it][NA] iter=00021 eval=01501 misfit=4.921432e-01 best=4.831712e-01
[NA] iter=00021 eval=01502 misfit=4.903376e-01 best=4.831712e-01
[NA] iter=00021 eval=01503 misfit=4.833133e-01 best=4.831712e-01
[NA] iter=00021 eval=01504 misfit=4.832355e-01 best=4.831712e-01
[NA] iter=00021 eval=01505 misfit=4.877234e-01 best=4.831712e-01
[NA] iter=00021 eval=01506 misfit=4.903795e-01 best=4.831712e-01
[NA] iter=00021 eval=01507 misfit=4.833154e-01 best=4.831712e-01
[NA] iter=00021 eval=01508 misfit=4.868869e-01 best=4.831712e-01
[NA] iter=00021 eval=01509 misfit=4.874310e-01 best=4.831712e-01
[NA] iter=00021 eval=01510 misfit=4.831106e-01 best=4.831106e-01
[NA] iter=00021 eval=01511 misfit=4.834297e-01 best=4.831106e-01
[NA] iter=00021 eval=01512 misfit=4.832761e-01 best=4.831106e-01
[NA] iter=00021 eval=01513 misfit=4.872934e-01 best=4.831106e-01
[NA] iter=00021 eval=01514 misfit=4.832731e-01 best=4.831106e-01
[NA] iter=00021 eval=01515 misfit=4.833306e-01 best=4.831106e-01
[NA] iter=00021 eval=01516 misfit=4.897208e-01 best=4.831106e-01
[NA] iter=00021 eval=01517 misfit=4.832561e-01 best=4.831106e-01
[NA] iter=00021 eval=01518 misfit=4.867517e-01 best=4.831106e-01
[NA] iter=00021 eval=01519 misfit=4.829269e-01 best=4.829269e-01
[NA] iter=00021 eval=01520 misfit=4.912229e-01 best=4.829269e-01
[NA] iter=00021 eval=01521 misfit=4.836619e-01 best=4.829269e-01
[NA] iter=00021 eval=01522 misfit=4.871971e-01 best=4.829269e-01
[NA] iter=00021 eval=01523 misfit=4.837764e-01 best=4.829269e-01
[NA] iter=00021 eval=01524 misfit=4.903565e-01 best=4.829269e-01
[NA] iter=00021 eval=01525 misfit=4.836255e-01 best=4.829269e-01
[NA] iter=00021 eval=01526 misfit=4.833027e-01 best=4.829269e-01
[NA] iter=00021 eval=01527 misfit=4.830653e-01 best=4.829269e-01
[NA] iter=00021 eval=01528 misfit=4.835836e-01 best=4.829269e-01
[NA] iter=00021 eval=01529 misfit=4.832781e-01 best=4.829269e-01
[NA] iter=00021 eval=01530 misfit=4.837785e-01 best=4.829269e-01
[NA] iter=00021 eval=01531 misfit=4.835904e-01 best=4.829269e-01
[NA] iter=00021 eval=01532 misfit=4.865145e-01 best=4.829269e-01
[NA] iter=00021 eval=01533 misfit=4.836511e-01 best=4.829269e-01
[NA] iter=00021 eval=01534 misfit=4.889930e-01 best=4.829269e-01
[NA] iter=00021 eval=01535 misfit=4.911430e-01 best=4.829269e-01
[NA] iter=00021 eval=01536 misfit=4.893343e-01 best=4.829269e-01
[NA] iter=00021 eval=01537 misfit=4.887679e-01 best=4.829269e-01
[NA] iter=00021 eval=01538 misfit=4.836271e-01 best=4.829269e-01
[NA] iter=00021 eval=01539 misfit=4.834396e-01 best=4.829269e-01
[NA] iter=00021 eval=01540 misfit=4.885063e-01 best=4.829269e-01
[NA] iter=00021 eval=01541 misfit=4.871261e-01 best=4.829269e-01
[NA] iter=00021 eval=01542 misfit=4.835980e-01 best=4.829269e-01
[NA] iter=00021 eval=01543 misfit=4.833694e-01 best=4.829269e-01
[NA] iter=00021 eval=01544 misfit=4.836559e-01 best=4.829269e-01
[NA] iter=00021 eval=01545 misfit=4.835350e-01 best=4.829269e-01
[NA] iter=00021 eval=01546 misfit=4.926025e-01 best=4.829269e-01
[NA] iter=00021 eval=01547 misfit=4.836280e-01 best=4.829269e-01
[NA] iter=00021 eval=01548 misfit=4.919761e-01 best=4.829269e-01
[NA] iter=00021 eval=01549 misfit=4.837847e-01 best=4.829269e-01
[NA] iter=00021 eval=01550 misfit=4.880912e-01 best=4.829269e-01
NAI - Optimisation Loop:  42%|████▏     | 21/50 [06:53<09:37, 19.92s/it][NA] iter=00022 eval=01551 misfit=4.837257e-01 best=4.829269e-01
[NA] iter=00022 eval=01552 misfit=4.918477e-01 best=4.829269e-01
[NA] iter=00022 eval=01553 misfit=4.946568e-01 best=4.829269e-01
[NA] iter=00022 eval=01554 misfit=4.827487e-01 best=4.827487e-01
[NA] iter=00022 eval=01555 misfit=4.825930e-01 best=4.825930e-01
[NA] iter=00022 eval=01556 misfit=4.873069e-01 best=4.825930e-01
[NA] iter=00022 eval=01557 misfit=4.880978e-01 best=4.825930e-01
[NA] iter=00022 eval=01558 misfit=4.871844e-01 best=4.825930e-01
[NA] iter=00022 eval=01559 misfit=4.900493e-01 best=4.825930e-01
[NA] iter=00022 eval=01560 misfit=4.900183e-01 best=4.825930e-01
[NA] iter=00022 eval=01561 misfit=4.913913e-01 best=4.825930e-01
[NA] iter=00022 eval=01562 misfit=4.906237e-01 best=4.825930e-01
[NA] iter=00022 eval=01563 misfit=4.871376e-01 best=4.825930e-01
[NA] iter=00022 eval=01564 misfit=4.829500e-01 best=4.825930e-01
[NA] iter=00022 eval=01565 misfit=4.833392e-01 best=4.825930e-01
[NA] iter=00022 eval=01566 misfit=4.830987e-01 best=4.825930e-01
[NA] iter=00022 eval=01567 misfit=4.832396e-01 best=4.825930e-01
[NA] iter=00022 eval=01568 misfit=4.864671e-01 best=4.825930e-01
[NA] iter=00022 eval=01569 misfit=4.833112e-01 best=4.825930e-01
[NA] iter=00022 eval=01570 misfit=4.831030e-01 best=4.825930e-01
[NA] iter=00022 eval=01571 misfit=4.916334e-01 best=4.825930e-01
[NA] iter=00022 eval=01572 misfit=4.829439e-01 best=4.825930e-01
[NA] iter=00022 eval=01573 misfit=4.829158e-01 best=4.825930e-01
[NA] iter=00022 eval=01574 misfit=4.909361e-01 best=4.825930e-01
[NA] iter=00022 eval=01575 misfit=4.833137e-01 best=4.825930e-01
[NA] iter=00022 eval=01576 misfit=4.875735e-01 best=4.825930e-01
[NA] iter=00022 eval=01577 misfit=4.834629e-01 best=4.825930e-01
[NA] iter=00022 eval=01578 misfit=4.833976e-01 best=4.825930e-01
[NA] iter=00022 eval=01579 misfit=4.834384e-01 best=4.825930e-01
[NA] iter=00022 eval=01580 misfit=4.873292e-01 best=4.825930e-01
[NA] iter=00022 eval=01581 misfit=4.881457e-01 best=4.825930e-01
[NA] iter=00022 eval=01582 misfit=4.834103e-01 best=4.825930e-01
[NA] iter=00022 eval=01583 misfit=4.890271e-01 best=4.825930e-01
[NA] iter=00022 eval=01584 misfit=4.925599e-01 best=4.825930e-01
[NA] iter=00022 eval=01585 misfit=4.830947e-01 best=4.825930e-01
[NA] iter=00022 eval=01586 misfit=4.864228e-01 best=4.825930e-01
[NA] iter=00022 eval=01587 misfit=4.889084e-01 best=4.825930e-01
[NA] iter=00022 eval=01588 misfit=4.871988e-01 best=4.825930e-01
[NA] iter=00022 eval=01589 misfit=4.926874e-01 best=4.825930e-01
[NA] iter=00022 eval=01590 misfit=4.869610e-01 best=4.825930e-01
[NA] iter=00022 eval=01591 misfit=4.922580e-01 best=4.825930e-01
[NA] iter=00022 eval=01592 misfit=4.831344e-01 best=4.825930e-01
[NA] iter=00022 eval=01593 misfit=4.834093e-01 best=4.825930e-01
[NA] iter=00022 eval=01594 misfit=4.923114e-01 best=4.825930e-01
[NA] iter=00022 eval=01595 misfit=4.912643e-01 best=4.825930e-01
[NA] iter=00022 eval=01596 misfit=4.866458e-01 best=4.825930e-01
[NA] iter=00022 eval=01597 misfit=4.866701e-01 best=4.825930e-01
[NA] iter=00022 eval=01598 misfit=4.867441e-01 best=4.825930e-01
[NA] iter=00022 eval=01599 misfit=4.835915e-01 best=4.825930e-01
[NA] iter=00022 eval=01600 misfit=4.835328e-01 best=4.825930e-01
NAI - Optimisation Loop:  44%|████▍     | 22/50 [07:17<09:49, 21.07s/it][NA] iter=00023 eval=01601 misfit=4.889052e-01 best=4.825930e-01
[NA] iter=00023 eval=01602 misfit=4.916545e-01 best=4.825930e-01
[NA] iter=00023 eval=01603 misfit=4.866054e-01 best=4.825930e-01
[NA] iter=00023 eval=01604 misfit=4.830845e-01 best=4.825930e-01
[NA] iter=00023 eval=01605 misfit=4.919999e-01 best=4.825930e-01
[NA] iter=00023 eval=01606 misfit=4.832768e-01 best=4.825930e-01
[NA] iter=00023 eval=01607 misfit=4.862588e-01 best=4.825930e-01
[NA] iter=00023 eval=01608 misfit=4.865843e-01 best=4.825930e-01
[NA] iter=00023 eval=01609 misfit=4.863540e-01 best=4.825930e-01
[NA] iter=00023 eval=01610 misfit=4.830925e-01 best=4.825930e-01
[NA] iter=00023 eval=01611 misfit=4.829075e-01 best=4.825930e-01
[NA] iter=00023 eval=01612 misfit=4.831101e-01 best=4.825930e-01
[NA] iter=00023 eval=01613 misfit=4.829745e-01 best=4.825930e-01
[NA] iter=00023 eval=01614 misfit=4.879893e-01 best=4.825930e-01
[NA] iter=00023 eval=01615 misfit=4.907107e-01 best=4.825930e-01
[NA] iter=00023 eval=01616 misfit=4.920751e-01 best=4.825930e-01
[NA] iter=00023 eval=01617 misfit=4.829357e-01 best=4.825930e-01
[NA] iter=00023 eval=01618 misfit=4.868325e-01 best=4.825930e-01
[NA] iter=00023 eval=01619 misfit=4.898677e-01 best=4.825930e-01
[NA] iter=00023 eval=01620 misfit=4.831698e-01 best=4.825930e-01
[NA] iter=00023 eval=01621 misfit=4.913328e-01 best=4.825930e-01
[NA] iter=00023 eval=01622 misfit=4.829991e-01 best=4.825930e-01
[NA] iter=00023 eval=01623 misfit=4.870115e-01 best=4.825930e-01
[NA] iter=00023 eval=01624 misfit=4.871346e-01 best=4.825930e-01
[NA] iter=00023 eval=01625 misfit=4.829982e-01 best=4.825930e-01
[NA] iter=00023 eval=01626 misfit=4.826636e-01 best=4.825930e-01
[NA] iter=00023 eval=01627 misfit=4.913744e-01 best=4.825930e-01
[NA] iter=00023 eval=01628 misfit=4.913489e-01 best=4.825930e-01
[NA] iter=00023 eval=01629 misfit=4.917352e-01 best=4.825930e-01
[NA] iter=00023 eval=01630 misfit=4.832405e-01 best=4.825930e-01
[NA] iter=00023 eval=01631 misfit=4.831039e-01 best=4.825930e-01
[NA] iter=00023 eval=01632 misfit=4.879219e-01 best=4.825930e-01
[NA] iter=00023 eval=01633 misfit=4.873902e-01 best=4.825930e-01
[NA] iter=00023 eval=01634 misfit=4.832212e-01 best=4.825930e-01
[NA] iter=00023 eval=01635 misfit=4.877003e-01 best=4.825930e-01
[NA] iter=00023 eval=01636 misfit=4.829737e-01 best=4.825930e-01
[NA] iter=00023 eval=01637 misfit=4.832772e-01 best=4.825930e-01
[NA] iter=00023 eval=01638 misfit=4.830352e-01 best=4.825930e-01
[NA] iter=00023 eval=01639 misfit=4.876082e-01 best=4.825930e-01
[NA] iter=00023 eval=01640 misfit=4.886436e-01 best=4.825930e-01
[NA] iter=00023 eval=01641 misfit=4.832149e-01 best=4.825930e-01
[NA] iter=00023 eval=01642 misfit=4.831633e-01 best=4.825930e-01
[NA] iter=00023 eval=01643 misfit=4.829795e-01 best=4.825930e-01
[NA] iter=00023 eval=01644 misfit=4.831268e-01 best=4.825930e-01
[NA] iter=00023 eval=01645 misfit=4.832430e-01 best=4.825930e-01
[NA] iter=00023 eval=01646 misfit=4.829526e-01 best=4.825930e-01
[NA] iter=00023 eval=01647 misfit=4.902936e-01 best=4.825930e-01
[NA] iter=00023 eval=01648 misfit=4.829991e-01 best=4.825930e-01
[NA] iter=00023 eval=01649 misfit=4.829753e-01 best=4.825930e-01
[NA] iter=00023 eval=01650 misfit=4.830584e-01 best=4.825930e-01
NAI - Optimisation Loop:  46%|████▌     | 23/50 [07:40<09:48, 21.80s/it][NA] iter=00024 eval=01651 misfit=4.827238e-01 best=4.825930e-01
[NA] iter=00024 eval=01652 misfit=4.878592e-01 best=4.825930e-01
[NA] iter=00024 eval=01653 misfit=4.828494e-01 best=4.825930e-01
[NA] iter=00024 eval=01654 misfit=4.875608e-01 best=4.825930e-01
[NA] iter=00024 eval=01655 misfit=4.919985e-01 best=4.825930e-01
[NA] iter=00024 eval=01656 misfit=4.908758e-01 best=4.825930e-01
[NA] iter=00024 eval=01657 misfit=4.908407e-01 best=4.825930e-01
[NA] iter=00024 eval=01658 misfit=4.927888e-01 best=4.825930e-01
[NA] iter=00024 eval=01659 misfit=4.917073e-01 best=4.825930e-01
[NA] iter=00024 eval=01660 misfit=4.907578e-01 best=4.825930e-01
[NA] iter=00024 eval=01661 misfit=4.828292e-01 best=4.825930e-01
[NA] iter=00024 eval=01662 misfit=4.828121e-01 best=4.825930e-01
[NA] iter=00024 eval=01663 misfit=4.875478e-01 best=4.825930e-01
[NA] iter=00024 eval=01664 misfit=4.827481e-01 best=4.825930e-01
[NA] iter=00024 eval=01665 misfit=4.828063e-01 best=4.825930e-01
[NA] iter=00024 eval=01666 misfit=4.830697e-01 best=4.825930e-01
[NA] iter=00024 eval=01667 misfit=4.830303e-01 best=4.825930e-01
[NA] iter=00024 eval=01668 misfit=4.831487e-01 best=4.825930e-01
[NA] iter=00024 eval=01669 misfit=4.874121e-01 best=4.825930e-01
[NA] iter=00024 eval=01670 misfit=4.873102e-01 best=4.825930e-01
[NA] iter=00024 eval=01671 misfit=4.828621e-01 best=4.825930e-01
[NA] iter=00024 eval=01672 misfit=4.870872e-01 best=4.825930e-01
[NA] iter=00024 eval=01673 misfit=4.830104e-01 best=4.825930e-01
[NA] iter=00024 eval=01674 misfit=4.830595e-01 best=4.825930e-01
[NA] iter=00024 eval=01675 misfit=4.907999e-01 best=4.825930e-01
[NA] iter=00024 eval=01676 misfit=4.865340e-01 best=4.825930e-01
[NA] iter=00024 eval=01677 misfit=4.865171e-01 best=4.825930e-01
[NA] iter=00024 eval=01678 misfit=4.869707e-01 best=4.825930e-01
[NA] iter=00024 eval=01679 misfit=4.867400e-01 best=4.825930e-01
[NA] iter=00024 eval=01680 misfit=4.829600e-01 best=4.825930e-01
[NA] iter=00024 eval=01681 misfit=4.869391e-01 best=4.825930e-01
