
╔══════════════════════════════════════════════════════════════════════╗
║ KDEllipsPy · Inversion cinematica (NA)                               ║
║ Evento Calama  ·  2026-05-25                                         ║
╚══════════════════════════════════════════════════════════════════════╝

┌─[17:05:53 |    0.0s] Cargando KDEllipsPy
│  [32m✓[0m kdellipspy importado (numpy 2.4.6)

┌─[17:05:53 |    0.4s] Validando rutas
│  [32m✓[0m input.ctl : /home/alex/KDEllipsPy/inversions/2020-06-03/input.ctl
│  [32m✓[0m DATA      : /home/alex/KDEllipsPy/inversions/2020-06-03/DATA
│  [32m✓[0m output    : /home/alex/KDEllipsPy/inversions/2020-06-03/output

┌─[17:05:53 |    0.4s] Leyendo configuracion
│  Evento      : -23.247, -68.530, 123.4 km
│  Mecanismo   : strike 333 / dip 60 / rake -91  (doble cupla)
│  Banda       : 0.06–0.15 Hz   |  filtro causal
│  Ventana     : t1=0s  t2=128s  npts=128  dt=1s  (units=vel)
│  Estaciones  : 9  [A22F, A08F, A05F, A18F, A23F, PB19, PB06, A09F, A06F]
│  Mod. veloc. : 16 capas
│  Algoritmo   : Neighbourhood Algorithm  |  n_jobs=1
│  [32m✓[0m Configuracion leida

┌─[17:05:53 |    0.4s] Cargando datos observados
│  [32m✓[0m observed shape = (9, 3, 128)  (estaciones, comp, npts)
│  [32m✓[0m eje de tiempo  = 0 … 127 s (128 pts)

┌─[17:05:53 |    0.4s] Calculando tiempos P/S por estacion (azi_times)
│  [32m✓[0m azi_times_array shape = (9, 3)  (modelo iasp91)

┌─[17:05:53 |    0.5s] Construyendo modelo de inversion
│  [32m✓[0m NAInversionModel listo  (cache de Green ACTIVADO)
│  checkpoint en vivo → /home/alex/KDEllipsPy/inversions/2020-06-03/output/best_model_live.txt
│  NA: 50 iter · SS1=500 · SS=50 · resample=10 → ~3000 modelos directos

┌─[17:05:53 |    0.5s] Corriendo busqueda NA  (esto puede tardar)
[NA] Starting search: ni=500, ns=50, n=50, nr=10 -> expected evaluations=3000 (n_jobs=1)
NAI - Initial Random Search
[NA] iter=00000 eval=00001 misfit=8.625170e-01 best=8.625170e-01
[NA] iter=00000 eval=00002 misfit=6.107507e-01 best=6.107507e-01
[NA] iter=00000 eval=00003 misfit=7.406337e-01 best=6.107507e-01
[NA] iter=00000 eval=00004 misfit=7.834707e-01 best=6.107507e-01
[NA] iter=00000 eval=00005 misfit=9.486321e-01 best=6.107507e-01
[NA] iter=00000 eval=00006 misfit=5.602628e-01 best=5.602628e-01
[NA] iter=00000 eval=00007 misfit=4.582163e-01 best=4.582163e-01
[NA] iter=00000 eval=00008 misfit=4.336384e-01 best=4.336384e-01
[NA] iter=00000 eval=00009 misfit=5.532770e-01 best=4.336384e-01
[NA] iter=00000 eval=00010 misfit=6.102701e-01 best=4.336384e-01
[NA] iter=00000 eval=00011 misfit=7.476150e-01 best=4.336384e-01
[NA] iter=00000 eval=00012 misfit=4.258178e-01 best=4.258178e-01
[NA] iter=00000 eval=00013 misfit=7.414990e-01 best=4.258178e-01
[NA] iter=00000 eval=00014 misfit=4.258384e-01 best=4.258178e-01
[NA] iter=00000 eval=00015 misfit=5.770865e-01 best=4.258178e-01
[NA] iter=00000 eval=00016 misfit=6.280048e-01 best=4.258178e-01
[NA] iter=00000 eval=00017 misfit=5.444339e-01 best=4.258178e-01
[NA] iter=00000 eval=00018 misfit=9.188671e-01 best=4.258178e-01
[NA] iter=00000 eval=00019 misfit=8.276855e-01 best=4.258178e-01
[NA] iter=00000 eval=00020 misfit=8.482079e-01 best=4.258178e-01
[NA] iter=00000 eval=00021 misfit=7.163323e-01 best=4.258178e-01
[NA] iter=00000 eval=00022 misfit=1.036057e+00 best=4.258178e-01
[NA] iter=00000 eval=00023 misfit=7.136412e-01 best=4.258178e-01
[NA] iter=00000 eval=00024 misfit=9.355929e-01 best=4.258178e-01
[NA] iter=00000 eval=00025 misfit=8.896934e-01 best=4.258178e-01
[NA] iter=00000 eval=00026 misfit=2.264751e+00 best=4.258178e-01
[NA] iter=00000 eval=00027 misfit=6.962923e-01 best=4.258178e-01
[NA] iter=00000 eval=00028 misfit=8.523062e-01 best=4.258178e-01
[NA] iter=00000 eval=00029 misfit=7.446926e-01 best=4.258178e-01
[NA] iter=00000 eval=00030 misfit=4.750244e-01 best=4.258178e-01
[NA] iter=00000 eval=00031 misfit=9.697291e-01 best=4.258178e-01
[NA] iter=00000 eval=00032 misfit=7.000540e-01 best=4.258178e-01
[NA] iter=00000 eval=00033 misfit=4.981500e-01 best=4.258178e-01
[NA] iter=00000 eval=00034 misfit=4.883158e-01 best=4.258178e-01
[NA] iter=00000 eval=00035 misfit=8.273846e-01 best=4.258178e-01
[NA] iter=00000 eval=00036 misfit=1.395479e+00 best=4.258178e-01
[NA] iter=00000 eval=00037 misfit=6.116121e-01 best=4.258178e-01
[NA] iter=00000 eval=00038 misfit=2.681132e+00 best=4.258178e-01
[NA] iter=00000 eval=00039 misfit=4.628730e-01 best=4.258178e-01
[NA] iter=00000 eval=00040 misfit=3.446197e-01 best=3.446197e-01
[NA] iter=00000 eval=00041 misfit=7.931118e-01 best=3.446197e-01
[NA] iter=00000 eval=00042 misfit=9.584185e-01 best=3.446197e-01
[NA] iter=00000 eval=00043 misfit=4.917079e-01 best=3.446197e-01
[NA] iter=00000 eval=00044 misfit=4.822784e-01 best=3.446197e-01
[NA] iter=00000 eval=00045 misfit=2.576488e+00 best=3.446197e-01
[NA] iter=00000 eval=00046 misfit=3.952816e-01 best=3.446197e-01
[NA] iter=00000 eval=00047 misfit=3.934433e-01 best=3.446197e-01
[NA] iter=00000 eval=00048 misfit=4.259409e-01 best=3.446197e-01
[NA] iter=00000 eval=00049 misfit=7.383527e-01 best=3.446197e-01
[NA] iter=00000 eval=00050 misfit=8.053446e-01 best=3.446197e-01
[NA] iter=00000 eval=00051 misfit=1.025846e+00 best=3.446197e-01
[NA] iter=00000 eval=00052 misfit=4.470470e-01 best=3.446197e-01
[NA] iter=00000 eval=00053 misfit=8.301226e-01 best=3.446197e-01
[NA] iter=00000 eval=00054 misfit=6.313408e-01 best=3.446197e-01
[NA] iter=00000 eval=00055 misfit=6.995304e-01 best=3.446197e-01
[NA] iter=00000 eval=00056 misfit=4.699939e-01 best=3.446197e-01
[NA] iter=00000 eval=00057 misfit=1.773383e+00 best=3.446197e-01
[NA] iter=00000 eval=00058 misfit=8.043687e-01 best=3.446197e-01
[NA] iter=00000 eval=00059 misfit=2.229087e+00 best=3.446197e-01
[NA] iter=00000 eval=00060 misfit=8.250990e-01 best=3.446197e-01
[NA] iter=00000 eval=00061 misfit=6.358265e-01 best=3.446197e-01
[NA] iter=00000 eval=00062 misfit=4.266712e-01 best=3.446197e-01
[NA] iter=00000 eval=00063 misfit=8.907683e-01 best=3.446197e-01
[NA] iter=00000 eval=00064 misfit=7.118732e-01 best=3.446197e-01
[NA] iter=00000 eval=00065 misfit=7.036098e-01 best=3.446197e-01
[NA] iter=00000 eval=00066 misfit=4.359369e-01 best=3.446197e-01
[NA] iter=00000 eval=00067 misfit=7.602821e-01 best=3.446197e-01
[NA] iter=00000 eval=00068 misfit=8.670807e-01 best=3.446197e-01
[NA] iter=00000 eval=00069 misfit=6.932248e-01 best=3.446197e-01
[NA] iter=00000 eval=00070 misfit=7.377788e-01 best=3.446197e-01
[NA] iter=00000 eval=00071 misfit=7.393656e-01 best=3.446197e-01
[NA] iter=00000 eval=00072 misfit=9.903247e-01 best=3.446197e-01
[NA] iter=00000 eval=00073 misfit=4.893791e-01 best=3.446197e-01
[NA] iter=00000 eval=00074 misfit=1.156454e+00 best=3.446197e-01
[NA] iter=00000 eval=00075 misfit=8.524762e-01 best=3.446197e-01
[NA] iter=00000 eval=00076 misfit=9.987485e-01 best=3.446197e-01
[NA] iter=00000 eval=00077 misfit=6.742248e-01 best=3.446197e-01
[NA] iter=00000 eval=00078 misfit=6.762973e-01 best=3.446197e-01
[NA] iter=00000 eval=00079 misfit=8.092580e-01 best=3.446197e-01
[NA] iter=00000 eval=00080 misfit=5.940305e-01 best=3.446197e-01
[NA] iter=00000 eval=00081 misfit=7.990131e-01 best=3.446197e-01
[NA] iter=00000 eval=00082 misfit=1.756268e+00 best=3.446197e-01
[NA] iter=00000 eval=00083 misfit=6.528202e-01 best=3.446197e-01
[NA] iter=00000 eval=00084 misfit=2.624446e+00 best=3.446197e-01
[NA] iter=00000 eval=00085 misfit=7.675251e-01 best=3.446197e-01
[NA] iter=00000 eval=00086 misfit=5.121662e-01 best=3.446197e-01
[NA] iter=00000 eval=00087 misfit=8.567070e-01 best=3.446197e-01
[NA] iter=00000 eval=00088 misfit=6.309939e-01 best=3.446197e-01
[NA] iter=00000 eval=00089 misfit=5.932042e-01 best=3.446197e-01
[NA] iter=00000 eval=00090 misfit=5.837460e-01 best=3.446197e-01
[NA] iter=00000 eval=00091 misfit=4.083211e-01 best=3.446197e-01
[NA] iter=00000 eval=00092 misfit=1.332428e+00 best=3.446197e-01
[NA] iter=00000 eval=00093 misfit=9.244060e-01 best=3.446197e-01
[NA] iter=00000 eval=00094 misfit=1.199855e+00 best=3.446197e-01
[NA] iter=00000 eval=00095 misfit=4.964451e-01 best=3.446197e-01
[NA] iter=00000 eval=00096 misfit=7.683627e-01 best=3.446197e-01
[NA] iter=00000 eval=00097 misfit=6.089644e-01 best=3.446197e-01
[NA] iter=00000 eval=00098 misfit=7.704861e-01 best=3.446197e-01
[NA] iter=00000 eval=00099 misfit=6.631551e-01 best=3.446197e-01
[NA] iter=00000 eval=00100 misfit=5.935074e-01 best=3.446197e-01
[NA] iter=00000 eval=00101 misfit=4.820810e-01 best=3.446197e-01
[NA] iter=00000 eval=00102 misfit=6.642822e-01 best=3.446197e-01
[NA] iter=00000 eval=00103 misfit=7.479478e-01 best=3.446197e-01
[NA] iter=00000 eval=00104 misfit=6.729023e-01 best=3.446197e-01
[NA] iter=00000 eval=00105 misfit=7.002267e-01 best=3.446197e-01
[NA] iter=00000 eval=00106 misfit=8.938963e-01 best=3.446197e-01
[NA] iter=00000 eval=00107 misfit=9.071712e-01 best=3.446197e-01
[NA] iter=00000 eval=00108 misfit=4.810415e-01 best=3.446197e-01
[NA] iter=00000 eval=00109 misfit=3.147063e+00 best=3.446197e-01
[NA] iter=00000 eval=00110 misfit=9.489665e-01 best=3.446197e-01
[NA] iter=00000 eval=00111 misfit=7.581326e-01 best=3.446197e-01
[NA] iter=00000 eval=00112 misfit=5.127528e-01 best=3.446197e-01
[NA] iter=00000 eval=00113 misfit=7.593433e-01 best=3.446197e-01
[NA] iter=00000 eval=00114 misfit=1.010833e+00 best=3.446197e-01
[NA] iter=00000 eval=00115 misfit=9.180756e-01 best=3.446197e-01
[NA] iter=00000 eval=00116 misfit=7.396050e-01 best=3.446197e-01
[NA] iter=00000 eval=00117 misfit=3.582367e-01 best=3.446197e-01
[NA] iter=00000 eval=00118 misfit=7.148783e-01 best=3.446197e-01
[NA] iter=00000 eval=00119 misfit=5.923021e-01 best=3.446197e-01
[NA] iter=00000 eval=00120 misfit=3.277524e-01 best=3.277524e-01
[NA] iter=00000 eval=00121 misfit=7.358527e-01 best=3.277524e-01
[NA] iter=00000 eval=00122 misfit=9.776520e-01 best=3.277524e-01
[NA] iter=00000 eval=00123 misfit=6.576942e-01 best=3.277524e-01
[NA] iter=00000 eval=00124 misfit=4.951194e-01 best=3.277524e-01
[NA] iter=00000 eval=00125 misfit=5.704297e-01 best=3.277524e-01
[NA] iter=00000 eval=00126 misfit=5.384843e-01 best=3.277524e-01
[NA] iter=00000 eval=00127 misfit=7.954151e-01 best=3.277524e-01
[NA] iter=00000 eval=00128 misfit=1.983475e+00 best=3.277524e-01
[NA] iter=00000 eval=00129 misfit=4.925155e-01 best=3.277524e-01
[NA] iter=00000 eval=00130 misfit=6.533726e-01 best=3.277524e-01
[NA] iter=00000 eval=00131 misfit=1.177064e+00 best=3.277524e-01
[NA] iter=00000 eval=00132 misfit=6.516162e-01 best=3.277524e-01
[NA] iter=00000 eval=00133 misfit=3.813591e-01 best=3.277524e-01
[NA] iter=00000 eval=00134 misfit=9.746942e-01 best=3.277524e-01
[NA] iter=00000 eval=00135 misfit=4.012937e-01 best=3.277524e-01
[NA] iter=00000 eval=00136 misfit=8.349435e-01 best=3.277524e-01
[NA] iter=00000 eval=00137 misfit=3.756361e-01 best=3.277524e-01
[NA] iter=00000 eval=00138 misfit=4.237836e-01 best=3.277524e-01
[NA] iter=00000 eval=00139 misfit=6.906706e-01 best=3.277524e-01
[NA] iter=00000 eval=00140 misfit=6.956924e-01 best=3.277524e-01
[NA] iter=00000 eval=00141 misfit=4.453077e-01 best=3.277524e-01
[NA] iter=00000 eval=00142 misfit=3.767420e-01 best=3.277524e-01
[NA] iter=00000 eval=00143 misfit=8.768277e-01 best=3.277524e-01
[NA] iter=00000 eval=00144 misfit=7.397381e-01 best=3.277524e-01
[NA] iter=00000 eval=00145 misfit=7.107573e-01 best=3.277524e-01
[NA] iter=00000 eval=00146 misfit=5.435896e-01 best=3.277524e-01
[NA] iter=00000 eval=00147 misfit=6.395171e-01 best=3.277524e-01
[NA] iter=00000 eval=00148 misfit=8.764032e-01 best=3.277524e-01
[NA] iter=00000 eval=00149 misfit=1.027658e+00 best=3.277524e-01
[NA] iter=00000 eval=00150 misfit=7.226098e-01 best=3.277524e-01
[NA] iter=00000 eval=00151 misfit=9.270070e-01 best=3.277524e-01
[NA] iter=00000 eval=00152 misfit=2.162621e+00 best=3.277524e-01
[NA] iter=00000 eval=00153 misfit=4.697980e-01 best=3.277524e-01
[NA] iter=00000 eval=00154 misfit=6.654741e-01 best=3.277524e-01
[NA] iter=00000 eval=00155 misfit=8.179241e-01 best=3.277524e-01
[NA] iter=00000 eval=00156 misfit=9.284232e-01 best=3.277524e-01
[NA] iter=00000 eval=00157 misfit=4.037843e-01 best=3.277524e-01
[NA] iter=00000 eval=00158 misfit=7.932128e-01 best=3.277524e-01
[NA] iter=00000 eval=00159 misfit=8.491187e-01 best=3.277524e-01
[NA] iter=00000 eval=00160 misfit=6.049684e-01 best=3.277524e-01
[NA] iter=00000 eval=00161 misfit=8.141517e-01 best=3.277524e-01
[NA] iter=00000 eval=00162 misfit=5.630797e-01 best=3.277524e-01
[NA] iter=00000 eval=00163 misfit=5.092677e-01 best=3.277524e-01
[NA] iter=00000 eval=00164 misfit=8.294360e-01 best=3.277524e-01
[NA] iter=00000 eval=00165 misfit=3.801954e-01 best=3.277524e-01
[NA] iter=00000 eval=00166 misfit=7.822759e-01 best=3.277524e-01
[NA] iter=00000 eval=00167 misfit=7.388843e-01 best=3.277524e-01
[NA] iter=00000 eval=00168 misfit=3.977398e-01 best=3.277524e-01
[NA] iter=00000 eval=00169 misfit=7.589112e-01 best=3.277524e-01
[NA] iter=00000 eval=00170 misfit=5.187863e-01 best=3.277524e-01
[NA] iter=00000 eval=00171 misfit=6.258400e-01 best=3.277524e-01
[NA] iter=00000 eval=00172 misfit=8.624169e-01 best=3.277524e-01
[NA] iter=00000 eval=00173 misfit=4.057941e-01 best=3.277524e-01
[NA] iter=00000 eval=00174 misfit=4.093181e-01 best=3.277524e-01
[NA] iter=00000 eval=00175 misfit=1.279118e+00 best=3.277524e-01
[NA] iter=00000 eval=00176 misfit=4.570280e-01 best=3.277524e-01
[NA] iter=00000 eval=00177 misfit=1.373323e+00 best=3.277524e-01
[NA] iter=00000 eval=00178 misfit=7.673521e-01 best=3.277524e-01
[NA] iter=00000 eval=00179 misfit=9.006782e-01 best=3.277524e-01
[NA] iter=00000 eval=00180 misfit=6.062894e-01 best=3.277524e-01
[NA] iter=00000 eval=00181 misfit=8.838341e-01 best=3.277524e-01
[NA] iter=00000 eval=00182 misfit=8.585673e-01 best=3.277524e-01
[NA] iter=00000 eval=00183 misfit=7.119316e-01 best=3.277524e-01
[NA] iter=00000 eval=00184 misfit=9.707866e-01 best=3.277524e-01
[NA] iter=00000 eval=00185 misfit=8.109235e-01 best=3.277524e-01
[NA] iter=00000 eval=00186 misfit=1.886066e+00 best=3.277524e-01
[NA] iter=00000 eval=00187 misfit=6.084947e-01 best=3.277524e-01
[NA] iter=00000 eval=00188 misfit=4.728963e-01 best=3.277524e-01
[NA] iter=00000 eval=00189 misfit=5.215951e-01 best=3.277524e-01
[NA] iter=00000 eval=00190 misfit=7.945272e-01 best=3.277524e-01
[NA] iter=00000 eval=00191 misfit=9.593272e-01 best=3.277524e-01
[NA] iter=00000 eval=00192 misfit=7.540276e-01 best=3.277524e-01
[NA] iter=00000 eval=00193 misfit=4.950335e-01 best=3.277524e-01
[NA] iter=00000 eval=00194 misfit=9.628258e-01 best=3.277524e-01
[NA] iter=00000 eval=00195 misfit=6.162140e-01 best=3.277524e-01
[NA] iter=00000 eval=00196 misfit=3.747258e-01 best=3.277524e-01
[NA] iter=00000 eval=00197 misfit=4.532833e-01 best=3.277524e-01
[NA] iter=00000 eval=00198 misfit=6.962803e-01 best=3.277524e-01
[NA] iter=00000 eval=00199 misfit=1.199364e+00 best=3.277524e-01
[NA] iter=00000 eval=00200 misfit=1.102312e+00 best=3.277524e-01
[NA] iter=00000 eval=00201 misfit=5.494464e-01 best=3.277524e-01
[NA] iter=00000 eval=00202 misfit=6.361176e-01 best=3.277524e-01
[NA] iter=00000 eval=00203 misfit=5.909814e-01 best=3.277524e-01
[NA] iter=00000 eval=00204 misfit=1.118275e+00 best=3.277524e-01
[NA] iter=00000 eval=00205 misfit=8.606713e-01 best=3.277524e-01
[NA] iter=00000 eval=00206 misfit=7.472566e-01 best=3.277524e-01
[NA] iter=00000 eval=00207 misfit=6.375152e-01 best=3.277524e-01
[NA] iter=00000 eval=00208 misfit=3.641091e-01 best=3.277524e-01
[NA] iter=00000 eval=00209 misfit=8.474213e-01 best=3.277524e-01
[NA] iter=00000 eval=00210 misfit=6.034983e-01 best=3.277524e-01
[NA] iter=00000 eval=00211 misfit=6.684661e-01 best=3.277524e-01
[NA] iter=00000 eval=00212 misfit=8.084035e-01 best=3.277524e-01
[NA] iter=00000 eval=00213 misfit=8.557698e-01 best=3.277524e-01
[NA] iter=00000 eval=00214 misfit=4.999565e-01 best=3.277524e-01
[NA] iter=00000 eval=00215 misfit=8.577554e-01 best=3.277524e-01
[NA] iter=00000 eval=00216 misfit=9.548919e-01 best=3.277524e-01
[NA] iter=00000 eval=00217 misfit=9.851308e-01 best=3.277524e-01
[NA] iter=00000 eval=00218 misfit=3.245234e-01 best=3.245234e-01
[NA] iter=00000 eval=00219 misfit=9.281155e-01 best=3.245234e-01
[NA] iter=00000 eval=00220 misfit=1.038251e+00 best=3.245234e-01
[NA] iter=00000 eval=00221 misfit=4.370765e-01 best=3.245234e-01
[NA] iter=00000 eval=00222 misfit=8.365618e-01 best=3.245234e-01
[NA] iter=00000 eval=00223 misfit=7.027132e-01 best=3.245234e-01
[NA] iter=00000 eval=00224 misfit=6.138675e-01 best=3.245234e-01
[NA] iter=00000 eval=00225 misfit=7.696228e-01 best=3.245234e-01
[NA] iter=00000 eval=00226 misfit=8.032307e-01 best=3.245234e-01
[NA] iter=00000 eval=00227 misfit=4.495444e-01 best=3.245234e-01
[NA] iter=00000 eval=00228 misfit=6.288650e-01 best=3.245234e-01
[NA] iter=00000 eval=00229 misfit=2.165637e+00 best=3.245234e-01
[NA] iter=00000 eval=00230 misfit=7.662202e-01 best=3.245234e-01
[NA] iter=00000 eval=00231 misfit=4.115915e-01 best=3.245234e-01
[NA] iter=00000 eval=00232 misfit=6.037759e-01 best=3.245234e-01
[NA] iter=00000 eval=00233 misfit=4.480294e-01 best=3.245234e-01
[NA] iter=00000 eval=00234 misfit=5.230210e+00 best=3.245234e-01
[NA] iter=00000 eval=00235 misfit=7.296328e-01 best=3.245234e-01
[NA] iter=00000 eval=00236 misfit=6.618821e-01 best=3.245234e-01
[NA] iter=00000 eval=00237 misfit=8.700386e-01 best=3.245234e-01
[NA] iter=00000 eval=00238 misfit=9.029547e-01 best=3.245234e-01
[NA] iter=00000 eval=00239 misfit=3.851726e-01 best=3.245234e-01
[NA] iter=00000 eval=00240 misfit=3.855774e-01 best=3.245234e-01
[NA] iter=00000 eval=00241 misfit=1.094055e+00 best=3.245234e-01
[NA] iter=00000 eval=00242 misfit=8.346489e-01 best=3.245234e-01
[NA] iter=00000 eval=00243 misfit=7.230545e-01 best=3.245234e-01
[NA] iter=00000 eval=00244 misfit=4.721714e-01 best=3.245234e-01
[NA] iter=00000 eval=00245 misfit=6.055611e-01 best=3.245234e-01
[NA] iter=00000 eval=00246 misfit=1.166264e+00 best=3.245234e-01
[NA] iter=00000 eval=00247 misfit=9.923048e-01 best=3.245234e-01
[NA] iter=00000 eval=00248 misfit=9.300353e-01 best=3.245234e-01
[NA] iter=00000 eval=00249 misfit=8.698567e-01 best=3.245234e-01
[NA] iter=00000 eval=00250 misfit=4.528820e-01 best=3.245234e-01
[NA] iter=00000 eval=00251 misfit=4.684189e-01 best=3.245234e-01
[NA] iter=00000 eval=00252 misfit=7.771640e-01 best=3.245234e-01
[NA] iter=00000 eval=00253 misfit=6.313723e-01 best=3.245234e-01
[NA] iter=00000 eval=00254 misfit=8.885026e-01 best=3.245234e-01
[NA] iter=00000 eval=00255 misfit=4.666319e-01 best=3.245234e-01
[NA] iter=00000 eval=00256 misfit=7.831649e-01 best=3.245234e-01
[NA] iter=00000 eval=00257 misfit=4.303514e-01 best=3.245234e-01
[NA] iter=00000 eval=00258 misfit=9.063250e-01 best=3.245234e-01
[NA] iter=00000 eval=00259 misfit=1.498464e+00 best=3.245234e-01
[NA] iter=00000 eval=00260 misfit=6.122883e-01 best=3.245234e-01
[NA] iter=00000 eval=00261 misfit=4.502658e-01 best=3.245234e-01
[NA] iter=00000 eval=00262 misfit=9.478910e-01 best=3.245234e-01
[NA] iter=00000 eval=00263 misfit=7.243326e-01 best=3.245234e-01
[NA] iter=00000 eval=00264 misfit=6.918869e-01 best=3.245234e-01
[NA] iter=00000 eval=00265 misfit=7.387755e-01 best=3.245234e-01
[NA] iter=00000 eval=00266 misfit=4.137542e+00 best=3.245234e-01
[NA] iter=00000 eval=00267 misfit=7.865119e-01 best=3.245234e-01
[NA] iter=00000 eval=00268 misfit=6.472384e-01 best=3.245234e-01
[NA] iter=00000 eval=00269 misfit=5.334380e-01 best=3.245234e-01
[NA] iter=00000 eval=00270 misfit=1.183130e+00 best=3.245234e-01
[NA] iter=00000 eval=00271 misfit=7.264102e-01 best=3.245234e-01
[NA] iter=00000 eval=00272 misfit=9.433134e-01 best=3.245234e-01
[NA] iter=00000 eval=00273 misfit=4.095896e-01 best=3.245234e-01
[NA] iter=00000 eval=00274 misfit=4.735410e-01 best=3.245234e-01
[NA] iter=00000 eval=00275 misfit=5.602850e-01 best=3.245234e-01
[NA] iter=00000 eval=00276 misfit=8.572884e-01 best=3.245234e-01
[NA] iter=00000 eval=00277 misfit=1.275418e+00 best=3.245234e-01
[NA] iter=00000 eval=00278 misfit=7.545455e-01 best=3.245234e-01
[NA] iter=00000 eval=00279 misfit=3.738833e-01 best=3.245234e-01
[NA] iter=00000 eval=00280 misfit=9.820751e-01 best=3.245234e-01
[NA] iter=00000 eval=00281 misfit=4.883964e-01 best=3.245234e-01
[NA] iter=00000 eval=00282 misfit=9.468664e-01 best=3.245234e-01
[NA] iter=00000 eval=00283 misfit=7.360069e-01 best=3.245234e-01
[NA] iter=00000 eval=00284 misfit=7.443070e-01 best=3.245234e-01
[NA] iter=00000 eval=00285 misfit=7.693964e-01 best=3.245234e-01
[NA] iter=00000 eval=00286 misfit=6.078677e-01 best=3.245234e-01
[NA] iter=00000 eval=00287 misfit=7.618906e-01 best=3.245234e-01
[NA] iter=00000 eval=00288 misfit=6.107033e-01 best=3.245234e-01
[NA] iter=00000 eval=00289 misfit=5.952988e-01 best=3.245234e-01
[NA] iter=00000 eval=00290 misfit=5.736365e-01 best=3.245234e-01
[NA] iter=00000 eval=00291 misfit=8.058710e-01 best=3.245234e-01
[NA] iter=00000 eval=00292 misfit=1.590167e+00 best=3.245234e-01
[NA] iter=00000 eval=00293 misfit=7.751293e-01 best=3.245234e-01
[NA] iter=00000 eval=00294 misfit=4.518829e-01 best=3.245234e-01
[NA] iter=00000 eval=00295 misfit=6.941806e-01 best=3.245234e-01
[NA] iter=00000 eval=00296 misfit=4.251847e-01 best=3.245234e-01
[NA] iter=00000 eval=00297 misfit=4.826959e-01 best=3.245234e-01
[NA] iter=00000 eval=00298 misfit=4.587102e-01 best=3.245234e-01
[NA] iter=00000 eval=00299 misfit=4.281848e-01 best=3.245234e-01
[NA] iter=00000 eval=00300 misfit=6.153314e-01 best=3.245234e-01
[NA] iter=00000 eval=00301 misfit=5.666685e-01 best=3.245234e-01
[NA] iter=00000 eval=00302 misfit=9.587916e-01 best=3.245234e-01
[NA] iter=00000 eval=00303 misfit=8.388397e-01 best=3.245234e-01
[NA] iter=00000 eval=00304 misfit=7.920635e-01 best=3.245234e-01
[NA] iter=00000 eval=00305 misfit=1.043821e+00 best=3.245234e-01
[NA] iter=00000 eval=00306 misfit=9.537974e-01 best=3.245234e-01
[NA] iter=00000 eval=00307 misfit=3.964942e-01 best=3.245234e-01
[NA] iter=00000 eval=00308 misfit=9.054908e-01 best=3.245234e-01
[NA] iter=00000 eval=00309 misfit=5.581358e-01 best=3.245234e-01
[NA] iter=00000 eval=00310 misfit=6.085841e-01 best=3.245234e-01
[NA] iter=00000 eval=00311 misfit=8.535743e-01 best=3.245234e-01
[NA] iter=00000 eval=00312 misfit=4.758681e-01 best=3.245234e-01
[NA] iter=00000 eval=00313 misfit=9.441416e-01 best=3.245234e-01
[NA] iter=00000 eval=00314 misfit=8.113398e-01 best=3.245234e-01
[NA] iter=00000 eval=00315 misfit=5.729733e-01 best=3.245234e-01
[NA] iter=00000 eval=00316 misfit=6.375908e-01 best=3.245234e-01
[NA] iter=00000 eval=00317 misfit=1.835447e+00 best=3.245234e-01
[NA] iter=00000 eval=00318 misfit=7.566609e-01 best=3.245234e-01
[NA] iter=00000 eval=00319 misfit=7.999588e-01 best=3.245234e-01
[NA] iter=00000 eval=00320 misfit=9.294364e-01 best=3.245234e-01
[NA] iter=00000 eval=00321 misfit=4.507525e-01 best=3.245234e-01
[NA] iter=00000 eval=00322 misfit=5.781186e-01 best=3.245234e-01
[NA] iter=00000 eval=00323 misfit=1.526494e+00 best=3.245234e-01
[NA] iter=00000 eval=00324 misfit=7.568767e-01 best=3.245234e-01
[NA] iter=00000 eval=00325 misfit=8.252231e-01 best=3.245234e-01
[NA] iter=00000 eval=00326 misfit=3.232163e-01 best=3.232163e-01
[NA] iter=00000 eval=00327 misfit=4.840874e-01 best=3.232163e-01
[NA] iter=00000 eval=00328 misfit=5.343756e-01 best=3.232163e-01
[NA] iter=00000 eval=00329 misfit=6.925206e-01 best=3.232163e-01
[NA] iter=00000 eval=00330 misfit=6.287577e-01 best=3.232163e-01
[NA] iter=00000 eval=00331 misfit=3.990872e+00 best=3.232163e-01
[NA] iter=00000 eval=00332 misfit=8.403920e-01 best=3.232163e-01
[NA] iter=00000 eval=00333 misfit=5.730518e-01 best=3.232163e-01
[NA] iter=00000 eval=00334 misfit=5.400893e-01 best=3.232163e-01
[NA] iter=00000 eval=00335 misfit=7.828301e-01 best=3.232163e-01
[NA] iter=00000 eval=00336 misfit=6.653723e-01 best=3.232163e-01
[NA] iter=00000 eval=00337 misfit=5.597200e-01 best=3.232163e-01
[NA] iter=00000 eval=00338 misfit=6.991844e-01 best=3.232163e-01
[NA] iter=00000 eval=00339 misfit=8.707269e-01 best=3.232163e-01
[NA] iter=00000 eval=00340 misfit=6.335393e-01 best=3.232163e-01
[NA] iter=00000 eval=00341 misfit=1.053711e+00 best=3.232163e-01
[NA] iter=00000 eval=00342 misfit=7.283255e-01 best=3.232163e-01
[NA] iter=00000 eval=00343 misfit=9.468321e-01 best=3.232163e-01
[NA] iter=00000 eval=00344 misfit=6.152026e-01 best=3.232163e-01
[NA] iter=00000 eval=00345 misfit=4.325089e-01 best=3.232163e-01
[NA] iter=00000 eval=00346 misfit=9.278236e-01 best=3.232163e-01
[NA] iter=00000 eval=00347 misfit=5.640168e-01 best=3.232163e-01
[NA] iter=00000 eval=00348 misfit=7.095471e-01 best=3.232163e-01
[NA] iter=00000 eval=00349 misfit=5.727908e-01 best=3.232163e-01
[NA] iter=00000 eval=00350 misfit=1.053002e+00 best=3.232163e-01
[NA] iter=00000 eval=00351 misfit=3.625730e-01 best=3.232163e-01
[NA] iter=00000 eval=00352 misfit=8.562331e-01 best=3.232163e-01
[NA] iter=00000 eval=00353 misfit=7.035019e-01 best=3.232163e-01
[NA] iter=00000 eval=00354 misfit=5.766450e-01 best=3.232163e-01
[NA] iter=00000 eval=00355 misfit=3.574958e-01 best=3.232163e-01
[NA] iter=00000 eval=00356 misfit=4.742925e-01 best=3.232163e-01
[NA] iter=00000 eval=00357 misfit=8.010634e-01 best=3.232163e-01
[NA] iter=00000 eval=00358 misfit=6.211150e-01 best=3.232163e-01
[NA] iter=00000 eval=00359 misfit=4.134308e-01 best=3.232163e-01
[NA] iter=00000 eval=00360 misfit=6.441391e-01 best=3.232163e-01
[NA] iter=00000 eval=00361 misfit=6.186744e-01 best=3.232163e-01
[NA] iter=00000 eval=00362 misfit=9.043709e-01 best=3.232163e-01
[NA] iter=00000 eval=00363 misfit=4.093397e-01 best=3.232163e-01
[NA] iter=00000 eval=00364 misfit=7.512635e-01 best=3.232163e-01
[NA] iter=00000 eval=00365 misfit=1.257922e+00 best=3.232163e-01
[NA] iter=00000 eval=00366 misfit=7.465307e-01 best=3.232163e-01
[NA] iter=00000 eval=00367 misfit=8.204380e-01 best=3.232163e-01
[NA] iter=00000 eval=00368 misfit=7.061480e-01 best=3.232163e-01
[NA] iter=00000 eval=00369 misfit=9.278191e-01 best=3.232163e-01
[NA] iter=00000 eval=00370 misfit=3.353174e-01 best=3.232163e-01
[NA] iter=00000 eval=00371 misfit=8.835938e-01 best=3.232163e-01
[NA] iter=00000 eval=00372 misfit=5.048273e-01 best=3.232163e-01
[NA] iter=00000 eval=00373 misfit=4.396986e-01 best=3.232163e-01
[NA] iter=00000 eval=00374 misfit=2.009876e+00 best=3.232163e-01
[NA] iter=00000 eval=00375 misfit=7.305542e-01 best=3.232163e-01
[NA] iter=00000 eval=00376 misfit=7.011132e-01 best=3.232163e-01
[NA] iter=00000 eval=00377 misfit=7.501258e-01 best=3.232163e-01
[NA] iter=00000 eval=00378 misfit=8.481542e-01 best=3.232163e-01
[NA] iter=00000 eval=00379 misfit=6.784718e-01 best=3.232163e-01
[NA] iter=00000 eval=00380 misfit=3.606151e-01 best=3.232163e-01
[NA] iter=00000 eval=00381 misfit=5.555735e-01 best=3.232163e-01
[NA] iter=00000 eval=00382 misfit=8.704917e-01 best=3.232163e-01
[NA] iter=00000 eval=00383 misfit=4.604617e-01 best=3.232163e-01
[NA] iter=00000 eval=00384 misfit=7.538422e-01 best=3.232163e-01
[NA] iter=00000 eval=00385 misfit=4.827961e-01 best=3.232163e-01
[NA] iter=00000 eval=00386 misfit=4.524671e-01 best=3.232163e-01
[NA] iter=00000 eval=00387 misfit=5.368612e-01 best=3.232163e-01
[NA] iter=00000 eval=00388 misfit=5.252290e-01 best=3.232163e-01
[NA] iter=00000 eval=00389 misfit=8.906739e-01 best=3.232163e-01
[NA] iter=00000 eval=00390 misfit=6.300888e-01 best=3.232163e-01
[NA] iter=00000 eval=00391 misfit=8.716393e-01 best=3.232163e-01
[NA] iter=00000 eval=00392 misfit=8.208406e-01 best=3.232163e-01
[NA] iter=00000 eval=00393 misfit=8.029076e-01 best=3.232163e-01
[NA] iter=00000 eval=00394 misfit=1.385156e+00 best=3.232163e-01
[NA] iter=00000 eval=00395 misfit=3.635242e-01 best=3.232163e-01
[NA] iter=00000 eval=00396 misfit=5.171507e-01 best=3.232163e-01
[NA] iter=00000 eval=00397 misfit=9.350641e-01 best=3.232163e-01
[NA] iter=00000 eval=00398 misfit=7.373095e-01 best=3.232163e-01
[NA] iter=00000 eval=00399 misfit=6.586467e-01 best=3.232163e-01
[NA] iter=00000 eval=00400 misfit=8.693380e-01 best=3.232163e-01
[NA] iter=00000 eval=00401 misfit=6.905115e-01 best=3.232163e-01
[NA] iter=00000 eval=00402 misfit=9.180190e-01 best=3.232163e-01
[NA] iter=00000 eval=00403 misfit=8.251147e-01 best=3.232163e-01
[NA] iter=00000 eval=00404 misfit=5.845645e-01 best=3.232163e-01
[NA] iter=00000 eval=00405 misfit=4.670632e-01 best=3.232163e-01
[NA] iter=00000 eval=00406 misfit=6.268781e-01 best=3.232163e-01
[NA] iter=00000 eval=00407 misfit=6.427646e-01 best=3.232163e-01
[NA] iter=00000 eval=00408 misfit=1.022525e+00 best=3.232163e-01
[NA] iter=00000 eval=00409 misfit=3.579850e-01 best=3.232163e-01
[NA] iter=00000 eval=00410 misfit=8.110703e-01 best=3.232163e-01
[NA] iter=00000 eval=00411 misfit=1.977120e+00 best=3.232163e-01
[NA] iter=00000 eval=00412 misfit=6.916827e-01 best=3.232163e-01
[NA] iter=00000 eval=00413 misfit=5.923576e-01 best=3.232163e-01
[NA] iter=00000 eval=00414 misfit=5.377831e-01 best=3.232163e-01
[NA] iter=00000 eval=00415 misfit=5.619905e-01 best=3.232163e-01
[NA] iter=00000 eval=00416 misfit=5.366548e-01 best=3.232163e-01
[NA] iter=00000 eval=00417 misfit=4.221768e-01 best=3.232163e-01
[NA] iter=00000 eval=00418 misfit=4.786754e-01 best=3.232163e-01
[NA] iter=00000 eval=00419 misfit=4.932529e-01 best=3.232163e-01
[NA] iter=00000 eval=00420 misfit=7.665546e-01 best=3.232163e-01
[NA] iter=00000 eval=00421 misfit=9.716553e-01 best=3.232163e-01
[NA] iter=00000 eval=00422 misfit=5.711004e-01 best=3.232163e-01
[NA] iter=00000 eval=00423 misfit=7.446645e-01 best=3.232163e-01
[NA] iter=00000 eval=00424 misfit=3.903704e-01 best=3.232163e-01
[NA] iter=00000 eval=00425 misfit=9.546086e-01 best=3.232163e-01
[NA] iter=00000 eval=00426 misfit=7.191522e-01 best=3.232163e-01
[NA] iter=00000 eval=00427 misfit=6.988166e-01 best=3.232163e-01
[NA] iter=00000 eval=00428 misfit=5.223336e-01 best=3.232163e-01
[NA] iter=00000 eval=00429 misfit=7.819028e-01 best=3.232163e-01
[NA] iter=00000 eval=00430 misfit=8.399494e-01 best=3.232163e-01
[NA] iter=00000 eval=00431 misfit=5.836399e-01 best=3.232163e-01
[NA] iter=00000 eval=00432 misfit=9.596092e-01 best=3.232163e-01
[NA] iter=00000 eval=00433 misfit=6.141241e-01 best=3.232163e-01
[NA] iter=00000 eval=00434 misfit=6.448889e-01 best=3.232163e-01
[NA] iter=00000 eval=00435 misfit=7.842299e-01 best=3.232163e-01
[NA] iter=00000 eval=00436 misfit=7.904737e-01 best=3.232163e-01
[NA] iter=00000 eval=00437 misfit=5.898712e-01 best=3.232163e-01
[NA] iter=00000 eval=00438 misfit=1.079909e+00 best=3.232163e-01
[NA] iter=00000 eval=00439 misfit=7.216181e-01 best=3.232163e-01
[NA] iter=00000 eval=00440 misfit=1.027269e+00 best=3.232163e-01
[NA] iter=00000 eval=00441 misfit=9.478776e-01 best=3.232163e-01
[NA] iter=00000 eval=00442 misfit=8.997431e-01 best=3.232163e-01
[NA] iter=00000 eval=00443 misfit=4.521444e+00 best=3.232163e-01
[NA] iter=00000 eval=00444 misfit=4.199495e-01 best=3.232163e-01
[NA] iter=00000 eval=00445 misfit=5.113666e-01 best=3.232163e-01
[NA] iter=00000 eval=00446 misfit=4.277607e-01 best=3.232163e-01
[NA] iter=00000 eval=00447 misfit=8.241794e-01 best=3.232163e-01
[NA] iter=00000 eval=00448 misfit=8.551668e-01 best=3.232163e-01
[NA] iter=00000 eval=00449 misfit=3.909248e-01 best=3.232163e-01
[NA] iter=00000 eval=00450 misfit=7.680649e-01 best=3.232163e-01
[NA] iter=00000 eval=00451 misfit=5.526688e-01 best=3.232163e-01
[NA] iter=00000 eval=00452 misfit=4.099626e-01 best=3.232163e-01
[NA] iter=00000 eval=00453 misfit=2.255720e+00 best=3.232163e-01
[NA] iter=00000 eval=00454 misfit=8.121467e-01 best=3.232163e-01
[NA] iter=00000 eval=00455 misfit=1.716835e+00 best=3.232163e-01
[NA] iter=00000 eval=00456 misfit=5.916074e-01 best=3.232163e-01
[NA] iter=00000 eval=00457 misfit=5.801710e-01 best=3.232163e-01
[NA] iter=00000 eval=00458 misfit=4.507492e-01 best=3.232163e-01
[NA] iter=00000 eval=00459 misfit=4.796542e-01 best=3.232163e-01
[NA] iter=00000 eval=00460 misfit=5.991002e-01 best=3.232163e-01
[NA] iter=00000 eval=00461 misfit=3.406556e-01 best=3.232163e-01
[NA] iter=00000 eval=00462 misfit=7.568467e-01 best=3.232163e-01
[NA] iter=00000 eval=00463 misfit=8.375226e-01 best=3.232163e-01
[NA] iter=00000 eval=00464 misfit=5.414052e-01 best=3.232163e-01
[NA] iter=00000 eval=00465 misfit=5.337044e-01 best=3.232163e-01
[NA] iter=00000 eval=00466 misfit=4.210343e-01 best=3.232163e-01
[NA] iter=00000 eval=00467 misfit=8.141398e-01 best=3.232163e-01
[NA] iter=00000 eval=00468 misfit=9.526518e-01 best=3.232163e-01
[NA] iter=00000 eval=00469 misfit=5.418782e-01 best=3.232163e-01
[NA] iter=00000 eval=00470 misfit=8.794289e-01 best=3.232163e-01
[NA] iter=00000 eval=00471 misfit=7.975457e-01 best=3.232163e-01
[NA] iter=00000 eval=00472 misfit=8.908862e-01 best=3.232163e-01
[NA] iter=00000 eval=00473 misfit=9.305904e-01 best=3.232163e-01
[NA] iter=00000 eval=00474 misfit=5.694794e-01 best=3.232163e-01
[NA] iter=00000 eval=00475 misfit=7.144456e-01 best=3.232163e-01
[NA] iter=00000 eval=00476 misfit=7.436069e-01 best=3.232163e-01
[NA] iter=00000 eval=00477 misfit=1.242968e+00 best=3.232163e-01
[NA] iter=00000 eval=00478 misfit=7.501852e-01 best=3.232163e-01
[NA] iter=00000 eval=00479 misfit=3.260923e-01 best=3.232163e-01
[NA] iter=00000 eval=00480 misfit=7.678811e-01 best=3.232163e-01
[NA] iter=00000 eval=00481 misfit=6.025056e-01 best=3.232163e-01
[NA] iter=00000 eval=00482 misfit=6.029395e-01 best=3.232163e-01
[NA] iter=00000 eval=00483 misfit=7.333154e-01 best=3.232163e-01
[NA] iter=00000 eval=00484 misfit=5.008162e-01 best=3.232163e-01
[NA] iter=00000 eval=00485 misfit=8.140724e-01 best=3.232163e-01
[NA] iter=00000 eval=00486 misfit=3.778756e-01 best=3.232163e-01
[NA] iter=00000 eval=00487 misfit=1.010465e+00 best=3.232163e-01
[NA] iter=00000 eval=00488 misfit=8.376361e-01 best=3.232163e-01
[NA] iter=00000 eval=00489 misfit=8.064887e-01 best=3.232163e-01
[NA] iter=00000 eval=00490 misfit=8.007823e-01 best=3.232163e-01
[NA] iter=00000 eval=00491 misfit=1.047173e+00 best=3.232163e-01
[NA] iter=00000 eval=00492 misfit=4.243595e-01 best=3.232163e-01
[NA] iter=00000 eval=00493 misfit=4.572496e-01 best=3.232163e-01
[NA] iter=00000 eval=00494 misfit=6.368433e-01 best=3.232163e-01
[NA] iter=00000 eval=00495 misfit=7.012651e-01 best=3.232163e-01
[NA] iter=00000 eval=00496 misfit=7.398806e-01 best=3.232163e-01
[NA] iter=00000 eval=00497 misfit=2.170993e+00 best=3.232163e-01
[NA] iter=00000 eval=00498 misfit=3.856465e-01 best=3.232163e-01
[NA] iter=00000 eval=00499 misfit=5.962932e-01 best=3.232163e-01
[NA] iter=00000 eval=00500 misfit=8.154768e-01 best=3.232163e-01
NAI - Optimisation Loop:   0%|          | 0/50 [00:00<?, ?it/s][NA] iter=00001 eval=00501 misfit=3.177389e-01 best=3.177389e-01
[NA] iter=00001 eval=00502 misfit=3.806037e-01 best=3.177389e-01
[NA] iter=00001 eval=00503 misfit=3.094450e-01 best=3.094450e-01
[NA] iter=00001 eval=00504 misfit=3.736393e-01 best=3.094450e-01
[NA] iter=00001 eval=00505 misfit=3.083482e-01 best=3.083482e-01
[NA] iter=00001 eval=00506 misfit=6.240625e-01 best=3.083482e-01
[NA] iter=00001 eval=00507 misfit=6.628999e-01 best=3.083482e-01
[NA] iter=00001 eval=00508 misfit=2.865095e-01 best=2.865095e-01
[NA] iter=00001 eval=00509 misfit=7.938164e-01 best=2.865095e-01
[NA] iter=00001 eval=00510 misfit=6.280477e-01 best=2.865095e-01
[NA] iter=00001 eval=00511 misfit=4.929146e-01 best=2.865095e-01
[NA] iter=00001 eval=00512 misfit=3.743346e-01 best=2.865095e-01
[NA] iter=00001 eval=00513 misfit=4.400285e-01 best=2.865095e-01
[NA] iter=00001 eval=00514 misfit=5.169890e-01 best=2.865095e-01
[NA] iter=00001 eval=00515 misfit=3.634619e-01 best=2.865095e-01
[NA] iter=00001 eval=00516 misfit=1.245911e+00 best=2.865095e-01
[NA] iter=00001 eval=00517 misfit=1.061663e+00 best=2.865095e-01
[NA] iter=00001 eval=00518 misfit=5.020978e-01 best=2.865095e-01
[NA] iter=00001 eval=00519 misfit=8.614463e-01 best=2.865095e-01
[NA] iter=00001 eval=00520 misfit=3.914336e-01 best=2.865095e-01
[NA] iter=00001 eval=00521 misfit=4.172392e-01 best=2.865095e-01
[NA] iter=00001 eval=00522 misfit=4.080520e-01 best=2.865095e-01
[NA] iter=00001 eval=00523 misfit=4.441061e-01 best=2.865095e-01
[NA] iter=00001 eval=00524 misfit=3.857358e-01 best=2.865095e-01
[NA] iter=00001 eval=00525 misfit=4.500526e-01 best=2.865095e-01
[NA] iter=00001 eval=00526 misfit=3.577922e-01 best=2.865095e-01
[NA] iter=00001 eval=00527 misfit=3.176442e-01 best=2.865095e-01
[NA] iter=00001 eval=00528 misfit=7.331004e-01 best=2.865095e-01
[NA] iter=00001 eval=00529 misfit=3.010313e-01 best=2.865095e-01
[NA] iter=00001 eval=00530 misfit=3.676026e-01 best=2.865095e-01
[NA] iter=00001 eval=00531 misfit=5.428085e-01 best=2.865095e-01
[NA] iter=00001 eval=00532 misfit=2.958444e-01 best=2.865095e-01
[NA] iter=00001 eval=00533 misfit=3.054774e-01 best=2.865095e-01
[NA] iter=00001 eval=00534 misfit=2.961727e-01 best=2.865095e-01
[NA] iter=00001 eval=00535 misfit=3.815999e-01 best=2.865095e-01
[NA] iter=00001 eval=00536 misfit=2.493125e-01 best=2.493125e-01
[NA] iter=00001 eval=00537 misfit=4.412771e-01 best=2.493125e-01
[NA] iter=00001 eval=00538 misfit=4.107500e-01 best=2.493125e-01
[NA] iter=00001 eval=00539 misfit=2.501533e-01 best=2.493125e-01
[NA] iter=00001 eval=00540 misfit=3.439144e-01 best=2.493125e-01
[NA] iter=00001 eval=00541 misfit=3.451396e-01 best=2.493125e-01
[NA] iter=00001 eval=00542 misfit=4.759104e-01 best=2.493125e-01
[NA] iter=00001 eval=00543 misfit=3.992001e-01 best=2.493125e-01
[NA] iter=00001 eval=00544 misfit=3.055800e-01 best=2.493125e-01
[NA] iter=00001 eval=00545 misfit=4.208667e-01 best=2.493125e-01
[NA] iter=00001 eval=00546 misfit=9.042167e-01 best=2.493125e-01
[NA] iter=00001 eval=00547 misfit=5.662051e-01 best=2.493125e-01
[NA] iter=00001 eval=00548 misfit=3.575824e-01 best=2.493125e-01
[NA] iter=00001 eval=00549 misfit=3.428818e-01 best=2.493125e-01
[NA] iter=00001 eval=00550 misfit=5.148801e-01 best=2.493125e-01
NAI - Optimisation Loop:   2%|▏         | 1/50 [00:15<12:16, 15.03s/it][NA] iter=00002 eval=00551 misfit=2.489975e-01 best=2.489975e-01
[NA] iter=00002 eval=00552 misfit=3.466882e-01 best=2.489975e-01
[NA] iter=00002 eval=00553 misfit=3.441846e-01 best=2.489975e-01
[NA] iter=00002 eval=00554 misfit=4.238591e-01 best=2.489975e-01
[NA] iter=00002 eval=00555 misfit=3.571264e-01 best=2.489975e-01
[NA] iter=00002 eval=00556 misfit=2.449062e-01 best=2.449062e-01
[NA] iter=00002 eval=00557 misfit=6.055800e-01 best=2.449062e-01
[NA] iter=00002 eval=00558 misfit=4.819789e-01 best=2.449062e-01
[NA] iter=00002 eval=00559 misfit=3.924713e-01 best=2.449062e-01
[NA] iter=00002 eval=00560 misfit=7.414373e-01 best=2.449062e-01
[NA] iter=00002 eval=00561 misfit=4.121895e-01 best=2.449062e-01
[NA] iter=00002 eval=00562 misfit=3.373059e-01 best=2.449062e-01
[NA] iter=00002 eval=00563 misfit=2.588804e-01 best=2.449062e-01
[NA] iter=00002 eval=00564 misfit=3.669780e-01 best=2.449062e-01
[NA] iter=00002 eval=00565 misfit=4.733763e-01 best=2.449062e-01
[NA] iter=00002 eval=00566 misfit=3.001626e-01 best=2.449062e-01
[NA] iter=00002 eval=00567 misfit=3.249492e-01 best=2.449062e-01
[NA] iter=00002 eval=00568 misfit=3.036301e-01 best=2.449062e-01
[NA] iter=00002 eval=00569 misfit=3.702222e-01 best=2.449062e-01
[NA] iter=00002 eval=00570 misfit=3.353144e-01 best=2.449062e-01
[NA] iter=00002 eval=00571 misfit=3.027609e-01 best=2.449062e-01
[NA] iter=00002 eval=00572 misfit=3.136996e-01 best=2.449062e-01
[NA] iter=00002 eval=00573 misfit=2.952605e-01 best=2.449062e-01
[NA] iter=00002 eval=00574 misfit=3.313111e-01 best=2.449062e-01
[NA] iter=00002 eval=00575 misfit=3.266128e-01 best=2.449062e-01
[NA] iter=00002 eval=00576 misfit=4.511366e-01 best=2.449062e-01
[NA] iter=00002 eval=00577 misfit=4.145304e-01 best=2.449062e-01
[NA] iter=00002 eval=00578 misfit=2.948829e-01 best=2.449062e-01
[NA] iter=00002 eval=00579 misfit=2.977699e-01 best=2.449062e-01
[NA] iter=00002 eval=00580 misfit=5.713673e-01 best=2.449062e-01
[NA] iter=00002 eval=00581 misfit=3.497486e-01 best=2.449062e-01
[NA] iter=00002 eval=00582 misfit=2.932071e-01 best=2.449062e-01
[NA] iter=00002 eval=00583 misfit=2.924495e-01 best=2.449062e-01
[NA] iter=00002 eval=00584 misfit=3.713850e-01 best=2.449062e-01
[NA] iter=00002 eval=00585 misfit=3.141103e-01 best=2.449062e-01
[NA] iter=00002 eval=00586 misfit=3.411419e-01 best=2.449062e-01
[NA] iter=00002 eval=00587 misfit=5.372327e-01 best=2.449062e-01
[NA] iter=00002 eval=00588 misfit=4.464090e-01 best=2.449062e-01
[NA] iter=00002 eval=00589 misfit=3.619757e-01 best=2.449062e-01
[NA] iter=00002 eval=00590 misfit=3.492405e-01 best=2.449062e-01
[NA] iter=00002 eval=00591 misfit=3.163977e-01 best=2.449062e-01
[NA] iter=00002 eval=00592 misfit=3.164629e-01 best=2.449062e-01
[NA] iter=00002 eval=00593 misfit=3.130966e-01 best=2.449062e-01
[NA] iter=00002 eval=00594 misfit=3.125101e-01 best=2.449062e-01
[NA] iter=00002 eval=00595 misfit=3.959870e-01 best=2.449062e-01
[NA] iter=00002 eval=00596 misfit=3.321962e-01 best=2.449062e-01
[NA] iter=00002 eval=00597 misfit=4.920217e-01 best=2.449062e-01
[NA] iter=00002 eval=00598 misfit=5.126190e-01 best=2.449062e-01
[NA] iter=00002 eval=00599 misfit=4.718431e-01 best=2.449062e-01
[NA] iter=00002 eval=00600 misfit=3.227194e-01 best=2.449062e-01
NAI - Optimisation Loop:   4%|▍         | 2/50 [00:29<11:58, 14.97s/it][NA] iter=00003 eval=00601 misfit=4.489133e-01 best=2.449062e-01
[NA] iter=00003 eval=00602 misfit=3.869221e-01 best=2.449062e-01
[NA] iter=00003 eval=00603 misfit=2.690173e-01 best=2.449062e-01
[NA] iter=00003 eval=00604 misfit=3.751739e-01 best=2.449062e-01
[NA] iter=00003 eval=00605 misfit=3.595061e-01 best=2.449062e-01
[NA] iter=00003 eval=00606 misfit=3.244843e-01 best=2.449062e-01
[NA] iter=00003 eval=00607 misfit=4.701577e-01 best=2.449062e-01
[NA] iter=00003 eval=00608 misfit=6.893733e-01 best=2.449062e-01
[NA] iter=00003 eval=00609 misfit=2.487630e-01 best=2.449062e-01
[NA] iter=00003 eval=00610 misfit=2.811715e-01 best=2.449062e-01
[NA] iter=00003 eval=00611 misfit=2.732789e-01 best=2.449062e-01
[NA] iter=00003 eval=00612 misfit=2.548359e-01 best=2.449062e-01
[NA] iter=00003 eval=00613 misfit=3.299399e-01 best=2.449062e-01
[NA] iter=00003 eval=00614 misfit=2.959675e-01 best=2.449062e-01
[NA] iter=00003 eval=00615 misfit=2.872597e-01 best=2.449062e-01
[NA] iter=00003 eval=00616 misfit=2.353162e-01 best=2.353162e-01
[NA] iter=00003 eval=00617 misfit=3.462788e-01 best=2.353162e-01
[NA] iter=00003 eval=00618 misfit=4.318219e-01 best=2.353162e-01
[NA] iter=00003 eval=00619 misfit=2.612370e-01 best=2.353162e-01
[NA] iter=00003 eval=00620 misfit=3.476156e-01 best=2.353162e-01
[NA] iter=00003 eval=00621 misfit=2.983957e-01 best=2.353162e-01
[NA] iter=00003 eval=00622 misfit=2.693539e-01 best=2.353162e-01
[NA] iter=00003 eval=00623 misfit=3.404612e-01 best=2.353162e-01
[NA] iter=00003 eval=00624 misfit=2.818291e-01 best=2.353162e-01
[NA] iter=00003 eval=00625 misfit=2.644736e-01 best=2.353162e-01
[NA] iter=00003 eval=00626 misfit=2.625418e-01 best=2.353162e-01
[NA] iter=00003 eval=00627 misfit=2.706490e-01 best=2.353162e-01
[NA] iter=00003 eval=00628 misfit=4.206875e-01 best=2.353162e-01
[NA] iter=00003 eval=00629 misfit=3.657066e-01 best=2.353162e-01
[NA] iter=00003 eval=00630 misfit=3.308296e-01 best=2.353162e-01
[NA] iter=00003 eval=00631 misfit=4.938154e-01 best=2.353162e-01
[NA] iter=00003 eval=00632 misfit=4.421816e-01 best=2.353162e-01
[NA] iter=00003 eval=00633 misfit=3.685772e-01 best=2.353162e-01
[NA] iter=00003 eval=00634 misfit=2.897980e-01 best=2.353162e-01
[NA] iter=00003 eval=00635 misfit=3.223358e-01 best=2.353162e-01
[NA] iter=00003 eval=00636 misfit=2.930626e-01 best=2.353162e-01
[NA] iter=00003 eval=00637 misfit=3.272618e-01 best=2.353162e-01
[NA] iter=00003 eval=00638 misfit=2.940003e-01 best=2.353162e-01
[NA] iter=00003 eval=00639 misfit=2.940781e-01 best=2.353162e-01
[NA] iter=00003 eval=00640 misfit=2.976947e-01 best=2.353162e-01
[NA] iter=00003 eval=00641 misfit=3.750469e-01 best=2.353162e-01
[NA] iter=00003 eval=00642 misfit=3.132119e-01 best=2.353162e-01
[NA] iter=00003 eval=00643 misfit=2.923851e-01 best=2.353162e-01
[NA] iter=00003 eval=00644 misfit=3.136722e-01 best=2.353162e-01
[NA] iter=00003 eval=00645 misfit=4.272405e-01 best=2.353162e-01
[NA] iter=00003 eval=00646 misfit=3.436042e-01 best=2.353162e-01
[NA] iter=00003 eval=00647 misfit=3.280439e-01 best=2.353162e-01
[NA] iter=00003 eval=00648 misfit=2.950410e-01 best=2.353162e-01
[NA] iter=00003 eval=00649 misfit=4.196356e-01 best=2.353162e-01
[NA] iter=00003 eval=00650 misfit=3.337138e-01 best=2.353162e-01
NAI - Optimisation Loop:   6%|▌         | 3/50 [00:44<11:43, 14.97s/it][NA] iter=00004 eval=00651 misfit=4.704512e-01 best=2.353162e-01
[NA] iter=00004 eval=00652 misfit=3.952249e-01 best=2.353162e-01
[NA] iter=00004 eval=00653 misfit=4.240157e-01 best=2.353162e-01
[NA] iter=00004 eval=00654 misfit=8.305530e-01 best=2.353162e-01
[NA] iter=00004 eval=00655 misfit=2.346253e-01 best=2.346253e-01
[NA] iter=00004 eval=00656 misfit=2.447822e-01 best=2.346253e-01
[NA] iter=00004 eval=00657 misfit=2.750077e-01 best=2.346253e-01
[NA] iter=00004 eval=00658 misfit=3.118852e-01 best=2.346253e-01
[NA] iter=00004 eval=00659 misfit=2.548456e-01 best=2.346253e-01
[NA] iter=00004 eval=00660 misfit=3.065138e-01 best=2.346253e-01
[NA] iter=00004 eval=00661 misfit=1.081295e+00 best=2.346253e-01
[NA] iter=00004 eval=00662 misfit=1.388606e+00 best=2.346253e-01
[NA] iter=00004 eval=00663 misfit=1.208558e+00 best=2.346253e-01
[NA] iter=00004 eval=00664 misfit=2.613201e-01 best=2.346253e-01
[NA] iter=00004 eval=00665 misfit=1.339746e+00 best=2.346253e-01
[NA] iter=00004 eval=00666 misfit=3.198811e-01 best=2.346253e-01
[NA] iter=00004 eval=00667 misfit=2.754293e-01 best=2.346253e-01
[NA] iter=00004 eval=00668 misfit=5.785805e-01 best=2.346253e-01
[NA] iter=00004 eval=00669 misfit=2.655762e-01 best=2.346253e-01
[NA] iter=00004 eval=00670 misfit=3.839806e-01 best=2.346253e-01
[NA] iter=00004 eval=00671 misfit=2.897871e-01 best=2.346253e-01
[NA] iter=00004 eval=00672 misfit=2.639837e-01 best=2.346253e-01
[NA] iter=00004 eval=00673 misfit=2.414225e-01 best=2.346253e-01
[NA] iter=00004 eval=00674 misfit=3.554820e-01 best=2.346253e-01
[NA] iter=00004 eval=00675 misfit=2.683538e-01 best=2.346253e-01
[NA] iter=00004 eval=00676 misfit=2.217319e-01 best=2.217319e-01
[NA] iter=00004 eval=00677 misfit=3.190128e-01 best=2.217319e-01
[NA] iter=00004 eval=00678 misfit=2.267115e-01 best=2.217319e-01
[NA] iter=00004 eval=00679 misfit=2.994610e-01 best=2.217319e-01
[NA] iter=00004 eval=00680 misfit=4.060669e-01 best=2.217319e-01
[NA] iter=00004 eval=00681 misfit=2.592019e-01 best=2.217319e-01
[NA] iter=00004 eval=00682 misfit=2.472897e-01 best=2.217319e-01
[NA] iter=00004 eval=00683 misfit=2.798024e-01 best=2.217319e-01
[NA] iter=00004 eval=00684 misfit=3.487033e-01 best=2.217319e-01
[NA] iter=00004 eval=00685 misfit=3.378355e-01 best=2.217319e-01
[NA] iter=00004 eval=00686 misfit=3.690172e-01 best=2.217319e-01
[NA] iter=00004 eval=00687 misfit=2.695750e-01 best=2.217319e-01
[NA] iter=00004 eval=00688 misfit=3.587984e-01 best=2.217319e-01
[NA] iter=00004 eval=00689 misfit=2.689424e-01 best=2.217319e-01
[NA] iter=00004 eval=00690 misfit=2.521056e-01 best=2.217319e-01
[NA] iter=00004 eval=00691 misfit=5.714722e-01 best=2.217319e-01
[NA] iter=00004 eval=00692 misfit=5.916414e-01 best=2.217319e-01
[NA] iter=00004 eval=00693 misfit=3.932254e-01 best=2.217319e-01
[NA] iter=00004 eval=00694 misfit=2.698413e-01 best=2.217319e-01
[NA] iter=00004 eval=00695 misfit=2.645792e-01 best=2.217319e-01
[NA] iter=00004 eval=00696 misfit=3.683514e-01 best=2.217319e-01
[NA] iter=00004 eval=00697 misfit=3.144878e-01 best=2.217319e-01
[NA] iter=00004 eval=00698 misfit=3.887640e-01 best=2.217319e-01
[NA] iter=00004 eval=00699 misfit=5.068690e-01 best=2.217319e-01
[NA] iter=00004 eval=00700 misfit=5.164623e-01 best=2.217319e-01
NAI - Optimisation Loop:   8%|▊         | 4/50 [00:59<11:28, 14.97s/it][NA] iter=00005 eval=00701 misfit=2.696147e-01 best=2.217319e-01
[NA] iter=00005 eval=00702 misfit=2.373152e-01 best=2.217319e-01
[NA] iter=00005 eval=00703 misfit=3.956676e-01 best=2.217319e-01
[NA] iter=00005 eval=00704 misfit=2.450825e-01 best=2.217319e-01
[NA] iter=00005 eval=00705 misfit=2.278844e-01 best=2.217319e-01
[NA] iter=00005 eval=00706 misfit=3.350874e-01 best=2.217319e-01
[NA] iter=00005 eval=00707 misfit=2.201378e-01 best=2.201378e-01
[NA] iter=00005 eval=00708 misfit=2.500984e-01 best=2.201378e-01
[NA] iter=00005 eval=00709 misfit=2.301580e-01 best=2.201378e-01
[NA] iter=00005 eval=00710 misfit=4.511834e-01 best=2.201378e-01
[NA] iter=00005 eval=00711 misfit=2.694276e-01 best=2.201378e-01
[NA] iter=00005 eval=00712 misfit=2.367254e-01 best=2.201378e-01
[NA] iter=00005 eval=00713 misfit=2.497854e-01 best=2.201378e-01
[NA] iter=00005 eval=00714 misfit=2.418229e-01 best=2.201378e-01
[NA] iter=00005 eval=00715 misfit=2.662163e-01 best=2.201378e-01
[NA] iter=00005 eval=00716 misfit=3.213050e-01 best=2.201378e-01
[NA] iter=00005 eval=00717 misfit=2.497486e-01 best=2.201378e-01
[NA] iter=00005 eval=00718 misfit=2.955238e-01 best=2.201378e-01
[NA] iter=00005 eval=00719 misfit=3.672796e-01 best=2.201378e-01
[NA] iter=00005 eval=00720 misfit=3.709781e-01 best=2.201378e-01
[NA] iter=00005 eval=00721 misfit=3.153994e-01 best=2.201378e-01
[NA] iter=00005 eval=00722 misfit=2.631449e-01 best=2.201378e-01
[NA] iter=00005 eval=00723 misfit=2.928358e-01 best=2.201378e-01
[NA] iter=00005 eval=00724 misfit=3.015552e-01 best=2.201378e-01
[NA] iter=00005 eval=00725 misfit=2.380744e-01 best=2.201378e-01
[NA] iter=00005 eval=00726 misfit=2.374318e-01 best=2.201378e-01
[NA] iter=00005 eval=00727 misfit=2.990538e-01 best=2.201378e-01
[NA] iter=00005 eval=00728 misfit=2.543078e-01 best=2.201378e-01
[NA] iter=00005 eval=00729 misfit=3.669245e-01 best=2.201378e-01
[NA] iter=00005 eval=00730 misfit=2.470254e-01 best=2.201378e-01
[NA] iter=00005 eval=00731 misfit=2.662049e-01 best=2.201378e-01
[NA] iter=00005 eval=00732 misfit=2.906170e-01 best=2.201378e-01
[NA] iter=00005 eval=00733 misfit=2.768385e-01 best=2.201378e-01
[NA] iter=00005 eval=00734 misfit=2.331999e-01 best=2.201378e-01
[NA] iter=00005 eval=00735 misfit=2.818667e-01 best=2.201378e-01
[NA] iter=00005 eval=00736 misfit=2.730512e-01 best=2.201378e-01
[NA] iter=00005 eval=00737 misfit=3.045751e-01 best=2.201378e-01
[NA] iter=00005 eval=00738 misfit=3.089063e-01 best=2.201378e-01
[NA] iter=00005 eval=00739 misfit=2.882783e-01 best=2.201378e-01
[NA] iter=00005 eval=00740 misfit=2.546921e-01 best=2.201378e-01
[NA] iter=00005 eval=00741 misfit=2.947048e-01 best=2.201378e-01
[NA] iter=00005 eval=00742 misfit=3.039126e-01 best=2.201378e-01
[NA] iter=00005 eval=00743 misfit=3.214096e-01 best=2.201378e-01
[NA] iter=00005 eval=00744 misfit=3.196387e-01 best=2.201378e-01
[NA] iter=00005 eval=00745 misfit=3.198523e-01 best=2.201378e-01
[NA] iter=00005 eval=00746 misfit=2.463522e-01 best=2.201378e-01
[NA] iter=00005 eval=00747 misfit=2.437214e-01 best=2.201378e-01
[NA] iter=00005 eval=00748 misfit=2.810245e-01 best=2.201378e-01
[NA] iter=00005 eval=00749 misfit=2.509311e-01 best=2.201378e-01
[NA] iter=00005 eval=00750 misfit=2.272212e-01 best=2.201378e-01
NAI - Optimisation Loop:  10%|█         | 5/50 [01:14<11:12, 14.94s/it][NA] iter=00006 eval=00751 misfit=2.478116e-01 best=2.201378e-01
[NA] iter=00006 eval=00752 misfit=2.165263e-01 best=2.165263e-01
[NA] iter=00006 eval=00753 misfit=2.263243e-01 best=2.165263e-01
[NA] iter=00006 eval=00754 misfit=2.795047e-01 best=2.165263e-01
[NA] iter=00006 eval=00755 misfit=3.355869e-01 best=2.165263e-01
[NA] iter=00006 eval=00756 misfit=2.554784e-01 best=2.165263e-01
[NA] iter=00006 eval=00757 misfit=2.269564e-01 best=2.165263e-01
[NA] iter=00006 eval=00758 misfit=2.646251e-01 best=2.165263e-01
[NA] iter=00006 eval=00759 misfit=2.254337e-01 best=2.165263e-01
[NA] iter=00006 eval=00760 misfit=2.230970e-01 best=2.165263e-01
[NA] iter=00006 eval=00761 misfit=2.508037e-01 best=2.165263e-01
[NA] iter=00006 eval=00762 misfit=2.311623e-01 best=2.165263e-01
[NA] iter=00006 eval=00763 misfit=2.766876e-01 best=2.165263e-01
[NA] iter=00006 eval=00764 misfit=2.527840e-01 best=2.165263e-01
[NA] iter=00006 eval=00765 misfit=3.128680e-01 best=2.165263e-01
[NA] iter=00006 eval=00766 misfit=2.209166e-01 best=2.165263e-01
[NA] iter=00006 eval=00767 misfit=2.230542e-01 best=2.165263e-01
[NA] iter=00006 eval=00768 misfit=2.326525e-01 best=2.165263e-01
[NA] iter=00006 eval=00769 misfit=2.370687e-01 best=2.165263e-01
[NA] iter=00006 eval=00770 misfit=2.648489e-01 best=2.165263e-01
[NA] iter=00006 eval=00771 misfit=2.277346e-01 best=2.165263e-01
[NA] iter=00006 eval=00772 misfit=2.585999e-01 best=2.165263e-01
[NA] iter=00006 eval=00773 misfit=2.345102e-01 best=2.165263e-01
[NA] iter=00006 eval=00774 misfit=2.360132e-01 best=2.165263e-01
[NA] iter=00006 eval=00775 misfit=2.930623e-01 best=2.165263e-01
[NA] iter=00006 eval=00776 misfit=3.088759e-01 best=2.165263e-01
[NA] iter=00006 eval=00777 misfit=4.394712e-01 best=2.165263e-01
[NA] iter=00006 eval=00778 misfit=2.160855e-01 best=2.160855e-01
[NA] iter=00006 eval=00779 misfit=4.468456e-01 best=2.160855e-01
[NA] iter=00006 eval=00780 misfit=3.921344e-01 best=2.160855e-01
[NA] iter=00006 eval=00781 misfit=2.934823e-01 best=2.160855e-01
[NA] iter=00006 eval=00782 misfit=2.477417e-01 best=2.160855e-01
[NA] iter=00006 eval=00783 misfit=2.302735e-01 best=2.160855e-01
[NA] iter=00006 eval=00784 misfit=2.279319e-01 best=2.160855e-01
[NA] iter=00006 eval=00785 misfit=2.482513e-01 best=2.160855e-01
[NA] iter=00006 eval=00786 misfit=2.386588e-01 best=2.160855e-01
[NA] iter=00006 eval=00787 misfit=2.479998e-01 best=2.160855e-01
[NA] iter=00006 eval=00788 misfit=2.545757e-01 best=2.160855e-01
[NA] iter=00006 eval=00789 misfit=2.232446e-01 best=2.160855e-01
[NA] iter=00006 eval=00790 misfit=2.388411e-01 best=2.160855e-01
[NA] iter=00006 eval=00791 misfit=2.242773e-01 best=2.160855e-01
[NA] iter=00006 eval=00792 misfit=2.315855e-01 best=2.160855e-01
[NA] iter=00006 eval=00793 misfit=2.634362e-01 best=2.160855e-01
[NA] iter=00006 eval=00794 misfit=2.399387e-01 best=2.160855e-01
[NA] iter=00006 eval=00795 misfit=2.492013e-01 best=2.160855e-01
[NA] iter=00006 eval=00796 misfit=2.353728e-01 best=2.160855e-01
[NA] iter=00006 eval=00797 misfit=2.550995e-01 best=2.160855e-01
[NA] iter=00006 eval=00798 misfit=2.894448e-01 best=2.160855e-01
[NA] iter=00006 eval=00799 misfit=2.719611e-01 best=2.160855e-01
[NA] iter=00006 eval=00800 misfit=3.155508e-01 best=2.160855e-01
NAI - Optimisation Loop:  12%|█▏        | 6/50 [01:29<10:56, 14.93s/it][NA] iter=00007 eval=00801 misfit=2.295189e-01 best=2.160855e-01
[NA] iter=00007 eval=00802 misfit=2.566232e-01 best=2.160855e-01
[NA] iter=00007 eval=00803 misfit=2.718974e-01 best=2.160855e-01
[NA] iter=00007 eval=00804 misfit=2.260932e-01 best=2.160855e-01
[NA] iter=00007 eval=00805 misfit=2.205890e-01 best=2.160855e-01
[NA] iter=00007 eval=00806 misfit=2.696641e-01 best=2.160855e-01
[NA] iter=00007 eval=00807 misfit=2.175808e-01 best=2.160855e-01
[NA] iter=00007 eval=00808 misfit=2.321262e-01 best=2.160855e-01
[NA] iter=00007 eval=00809 misfit=2.796598e-01 best=2.160855e-01
[NA] iter=00007 eval=00810 misfit=2.667038e-01 best=2.160855e-01
[NA] iter=00007 eval=00811 misfit=2.136782e-01 best=2.136782e-01
[NA] iter=00007 eval=00812 misfit=2.403536e-01 best=2.136782e-01
[NA] iter=00007 eval=00813 misfit=2.583711e-01 best=2.136782e-01
[NA] iter=00007 eval=00814 misfit=2.227489e-01 best=2.136782e-01
[NA] iter=00007 eval=00815 misfit=2.304358e-01 best=2.136782e-01
[NA] iter=00007 eval=00816 misfit=2.567377e-01 best=2.136782e-01
[NA] iter=00007 eval=00817 misfit=2.683611e-01 best=2.136782e-01
[NA] iter=00007 eval=00818 misfit=2.209471e-01 best=2.136782e-01
[NA] iter=00007 eval=00819 misfit=2.226007e-01 best=2.136782e-01
[NA] iter=00007 eval=00820 misfit=2.251667e-01 best=2.136782e-01
[NA] iter=00007 eval=00821 misfit=2.189438e-01 best=2.136782e-01
[NA] iter=00007 eval=00822 misfit=2.354772e-01 best=2.136782e-01
[NA] iter=00007 eval=00823 misfit=2.188253e-01 best=2.136782e-01
[NA] iter=00007 eval=00824 misfit=2.194850e-01 best=2.136782e-01
[NA] iter=00007 eval=00825 misfit=2.252797e-01 best=2.136782e-01
[NA] iter=00007 eval=00826 misfit=2.452345e-01 best=2.136782e-01
[NA] iter=00007 eval=00827 misfit=2.179137e-01 best=2.136782e-01
[NA] iter=00007 eval=00828 misfit=2.376134e-01 best=2.136782e-01
[NA] iter=00007 eval=00829 misfit=2.272360e-01 best=2.136782e-01
[NA] iter=00007 eval=00830 misfit=2.284383e-01 best=2.136782e-01
[NA] iter=00007 eval=00831 misfit=2.431570e-01 best=2.136782e-01
[NA] iter=00007 eval=00832 misfit=2.430694e-01 best=2.136782e-01
[NA] iter=00007 eval=00833 misfit=2.292608e-01 best=2.136782e-01
[NA] iter=00007 eval=00834 misfit=2.430851e-01 best=2.136782e-01
[NA] iter=00007 eval=00835 misfit=2.647331e-01 best=2.136782e-01
[NA] iter=00007 eval=00836 misfit=2.243547e-01 best=2.136782e-01
[NA] iter=00007 eval=00837 misfit=2.237313e-01 best=2.136782e-01
[NA] iter=00007 eval=00838 misfit=2.471597e-01 best=2.136782e-01
[NA] iter=00007 eval=00839 misfit=2.591081e-01 best=2.136782e-01
[NA] iter=00007 eval=00840 misfit=2.539495e-01 best=2.136782e-01
[NA] iter=00007 eval=00841 misfit=2.313239e-01 best=2.136782e-01
[NA] iter=00007 eval=00842 misfit=2.178269e-01 best=2.136782e-01
[NA] iter=00007 eval=00843 misfit=2.186832e-01 best=2.136782e-01
[NA] iter=00007 eval=00844 misfit=2.331291e-01 best=2.136782e-01
[NA] iter=00007 eval=00845 misfit=2.281830e-01 best=2.136782e-01
[NA] iter=00007 eval=00846 misfit=2.504633e-01 best=2.136782e-01
[NA] iter=00007 eval=00847 misfit=2.280267e-01 best=2.136782e-01
[NA] iter=00007 eval=00848 misfit=2.219817e-01 best=2.136782e-01
[NA] iter=00007 eval=00849 misfit=2.321358e-01 best=2.136782e-01
[NA] iter=00007 eval=00850 misfit=2.298002e-01 best=2.136782e-01
NAI - Optimisation Loop:  14%|█▍        | 7/50 [01:44<10:41, 14.91s/it][NA] iter=00008 eval=00851 misfit=2.522465e-01 best=2.136782e-01
[NA] iter=00008 eval=00852 misfit=2.216196e-01 best=2.136782e-01
[NA] iter=00008 eval=00853 misfit=2.129346e-01 best=2.129346e-01
[NA] iter=00008 eval=00854 misfit=2.533097e-01 best=2.129346e-01
[NA] iter=00008 eval=00855 misfit=2.149636e-01 best=2.129346e-01
[NA] iter=00008 eval=00856 misfit=2.373736e-01 best=2.129346e-01
[NA] iter=00008 eval=00857 misfit=2.601878e-01 best=2.129346e-01
[NA] iter=00008 eval=00858 misfit=2.360359e-01 best=2.129346e-01
[NA] iter=00008 eval=00859 misfit=2.405776e-01 best=2.129346e-01
[NA] iter=00008 eval=00860 misfit=2.421826e-01 best=2.129346e-01
[NA] iter=00008 eval=00861 misfit=2.262589e-01 best=2.129346e-01
[NA] iter=00008 eval=00862 misfit=2.161747e-01 best=2.129346e-01
[NA] iter=00008 eval=00863 misfit=2.309110e-01 best=2.129346e-01
[NA] iter=00008 eval=00864 misfit=2.134278e-01 best=2.129346e-01
[NA] iter=00008 eval=00865 misfit=2.154445e-01 best=2.129346e-01
[NA] iter=00008 eval=00866 misfit=2.218400e-01 best=2.129346e-01
[NA] iter=00008 eval=00867 misfit=2.427501e-01 best=2.129346e-01
[NA] iter=00008 eval=00868 misfit=2.371351e-01 best=2.129346e-01
[NA] iter=00008 eval=00869 misfit=2.433554e-01 best=2.129346e-01
[NA] iter=00008 eval=00870 misfit=2.479323e-01 best=2.129346e-01
[NA] iter=00008 eval=00871 misfit=2.211879e-01 best=2.129346e-01
[NA] iter=00008 eval=00872 misfit=2.240022e-01 best=2.129346e-01
[NA] iter=00008 eval=00873 misfit=2.190153e-01 best=2.129346e-01
[NA] iter=00008 eval=00874 misfit=2.319563e-01 best=2.129346e-01
[NA] iter=00008 eval=00875 misfit=2.290779e-01 best=2.129346e-01
[NA] iter=00008 eval=00876 misfit=2.188310e-01 best=2.129346e-01
[NA] iter=00008 eval=00877 misfit=2.314362e-01 best=2.129346e-01
[NA] iter=00008 eval=00878 misfit=2.272244e-01 best=2.129346e-01
[NA] iter=00008 eval=00879 misfit=2.527431e-01 best=2.129346e-01
[NA] iter=00008 eval=00880 misfit=2.447769e-01 best=2.129346e-01
[NA] iter=00008 eval=00881 misfit=2.281734e-01 best=2.129346e-01
[NA] iter=00008 eval=00882 misfit=2.165345e-01 best=2.129346e-01
[NA] iter=00008 eval=00883 misfit=2.242090e-01 best=2.129346e-01
[NA] iter=00008 eval=00884 misfit=2.254680e-01 best=2.129346e-01
[NA] iter=00008 eval=00885 misfit=2.291975e-01 best=2.129346e-01
[NA] iter=00008 eval=00886 misfit=2.248655e-01 best=2.129346e-01
[NA] iter=00008 eval=00887 misfit=2.340744e-01 best=2.129346e-01
[NA] iter=00008 eval=00888 misfit=2.241278e-01 best=2.129346e-01
[NA] iter=00008 eval=00889 misfit=2.468251e-01 best=2.129346e-01
[NA] iter=00008 eval=00890 misfit=2.394679e-01 best=2.129346e-01
[NA] iter=00008 eval=00891 misfit=2.267597e-01 best=2.129346e-01
[NA] iter=00008 eval=00892 misfit=2.380906e-01 best=2.129346e-01
[NA] iter=00008 eval=00893 misfit=2.202201e-01 best=2.129346e-01
[NA] iter=00008 eval=00894 misfit=2.210231e-01 best=2.129346e-01
[NA] iter=00008 eval=00895 misfit=2.186801e-01 best=2.129346e-01
[NA] iter=00008 eval=00896 misfit=2.298495e-01 best=2.129346e-01
[NA] iter=00008 eval=00897 misfit=2.723386e-01 best=2.129346e-01
[NA] iter=00008 eval=00898 misfit=3.062108e-01 best=2.129346e-01
[NA] iter=00008 eval=00899 misfit=2.266537e-01 best=2.129346e-01
[NA] iter=00008 eval=00900 misfit=2.935313e-01 best=2.129346e-01
NAI - Optimisation Loop:  16%|█▌        | 8/50 [01:59<10:29, 14.99s/it][NA] iter=00009 eval=00901 misfit=2.134544e-01 best=2.129346e-01
[NA] iter=00009 eval=00902 misfit=2.196753e-01 best=2.129346e-01
[NA] iter=00009 eval=00903 misfit=2.160309e-01 best=2.129346e-01
[NA] iter=00009 eval=00904 misfit=2.214600e-01 best=2.129346e-01
[NA] iter=00009 eval=00905 misfit=2.171681e-01 best=2.129346e-01
[NA] iter=00009 eval=00906 misfit=2.160815e-01 best=2.129346e-01
[NA] iter=00009 eval=00907 misfit=2.137061e-01 best=2.129346e-01
[NA] iter=00009 eval=00908 misfit=2.264083e-01 best=2.129346e-01
[NA] iter=00009 eval=00909 misfit=2.207626e-01 best=2.129346e-01
[NA] iter=00009 eval=00910 misfit=2.315748e-01 best=2.129346e-01
[NA] iter=00009 eval=00911 misfit=2.231507e-01 best=2.129346e-01
[NA] iter=00009 eval=00912 misfit=2.124458e-01 best=2.124458e-01
[NA] iter=00009 eval=00913 misfit=2.185784e-01 best=2.124458e-01
[NA] iter=00009 eval=00914 misfit=2.178212e-01 best=2.124458e-01
[NA] iter=00009 eval=00915 misfit=2.138787e-01 best=2.124458e-01
[NA] iter=00009 eval=00916 misfit=2.128053e-01 best=2.124458e-01
[NA] iter=00009 eval=00917 misfit=2.210822e-01 best=2.124458e-01
[NA] iter=00009 eval=00918 misfit=2.210868e-01 best=2.124458e-01
[NA] iter=00009 eval=00919 misfit=2.200997e-01 best=2.124458e-01
[NA] iter=00009 eval=00920 misfit=2.209614e-01 best=2.124458e-01
[NA] iter=00009 eval=00921 misfit=2.258734e-01 best=2.124458e-01
[NA] iter=00009 eval=00922 misfit=2.264522e-01 best=2.124458e-01
[NA] iter=00009 eval=00923 misfit=2.208738e-01 best=2.124458e-01
[NA] iter=00009 eval=00924 misfit=2.155219e-01 best=2.124458e-01
[NA] iter=00009 eval=00925 misfit=2.862654e-01 best=2.124458e-01
[NA] iter=00009 eval=00926 misfit=2.419277e-01 best=2.124458e-01
[NA] iter=00009 eval=00927 misfit=2.475981e-01 best=2.124458e-01
[NA] iter=00009 eval=00928 misfit=2.226378e-01 best=2.124458e-01
[NA] iter=00009 eval=00929 misfit=2.595249e-01 best=2.124458e-01
[NA] iter=00009 eval=00930 misfit=2.180064e-01 best=2.124458e-01
[NA] iter=00009 eval=00931 misfit=2.322163e-01 best=2.124458e-01
[NA] iter=00009 eval=00932 misfit=2.175809e-01 best=2.124458e-01
[NA] iter=00009 eval=00933 misfit=2.266537e-01 best=2.124458e-01
[NA] iter=00009 eval=00934 misfit=2.482583e-01 best=2.124458e-01
[NA] iter=00009 eval=00935 misfit=2.191528e-01 best=2.124458e-01
[NA] iter=00009 eval=00936 misfit=2.194877e-01 best=2.124458e-01
[NA] iter=00009 eval=00937 misfit=2.259756e-01 best=2.124458e-01
[NA] iter=00009 eval=00938 misfit=2.318218e-01 best=2.124458e-01
[NA] iter=00009 eval=00939 misfit=2.207048e-01 best=2.124458e-01
[NA] iter=00009 eval=00940 misfit=2.211335e-01 best=2.124458e-01
[NA] iter=00009 eval=00941 misfit=2.217969e-01 best=2.124458e-01
[NA] iter=00009 eval=00942 misfit=2.217598e-01 best=2.124458e-01
[NA] iter=00009 eval=00943 misfit=2.175483e-01 best=2.124458e-01
[NA] iter=00009 eval=00944 misfit=2.285040e-01 best=2.124458e-01
[NA] iter=00009 eval=00945 misfit=2.293936e-01 best=2.124458e-01
[NA] iter=00009 eval=00946 misfit=2.199284e-01 best=2.124458e-01
[NA] iter=00009 eval=00947 misfit=2.189968e-01 best=2.124458e-01
[NA] iter=00009 eval=00948 misfit=2.352773e-01 best=2.124458e-01
[NA] iter=00009 eval=00949 misfit=2.629106e-01 best=2.124458e-01
[NA] iter=00009 eval=00950 misfit=2.227606e-01 best=2.124458e-01
NAI - Optimisation Loop:  18%|█▊        | 9/50 [02:14<10:11, 14.92s/it][NA] iter=00010 eval=00951 misfit=2.151155e-01 best=2.124458e-01
[NA] iter=00010 eval=00952 misfit=2.148207e-01 best=2.124458e-01
[NA] iter=00010 eval=00953 misfit=2.186035e-01 best=2.124458e-01
[NA] iter=00010 eval=00954 misfit=2.130505e-01 best=2.124458e-01
[NA] iter=00010 eval=00955 misfit=2.131494e-01 best=2.124458e-01
[NA] iter=00010 eval=00956 misfit=2.153786e-01 best=2.124458e-01
[NA] iter=00010 eval=00957 misfit=2.151288e-01 best=2.124458e-01
[NA] iter=00010 eval=00958 misfit=2.199610e-01 best=2.124458e-01
[NA] iter=00010 eval=00959 misfit=2.241337e-01 best=2.124458e-01
[NA] iter=00010 eval=00960 misfit=2.204876e-01 best=2.124458e-01
[NA] iter=00010 eval=00961 misfit=2.169620e-01 best=2.124458e-01
[NA] iter=00010 eval=00962 misfit=2.156750e-01 best=2.124458e-01
[NA] iter=00010 eval=00963 misfit=2.129402e-01 best=2.124458e-01
[NA] iter=00010 eval=00964 misfit=2.172214e-01 best=2.124458e-01
[NA] iter=00010 eval=00965 misfit=2.136584e-01 best=2.124458e-01
[NA] iter=00010 eval=00966 misfit=2.208102e-01 best=2.124458e-01
[NA] iter=00010 eval=00967 misfit=2.151858e-01 best=2.124458e-01
[NA] iter=00010 eval=00968 misfit=2.137409e-01 best=2.124458e-01
[NA] iter=00010 eval=00969 misfit=2.165536e-01 best=2.124458e-01
[NA] iter=00010 eval=00970 misfit=2.154703e-01 best=2.124458e-01
[NA] iter=00010 eval=00971 misfit=2.167267e-01 best=2.124458e-01
[NA] iter=00010 eval=00972 misfit=2.140363e-01 best=2.124458e-01
[NA] iter=00010 eval=00973 misfit=2.136578e-01 best=2.124458e-01
[NA] iter=00010 eval=00974 misfit=2.147255e-01 best=2.124458e-01
[NA] iter=00010 eval=00975 misfit=2.164380e-01 best=2.124458e-01
[NA] iter=00010 eval=00976 misfit=2.155817e-01 best=2.124458e-01
[NA] iter=00010 eval=00977 misfit=2.128871e-01 best=2.124458e-01
[NA] iter=00010 eval=00978 misfit=2.232736e-01 best=2.124458e-01
[NA] iter=00010 eval=00979 misfit=2.122544e-01 best=2.122544e-01
[NA] iter=00010 eval=00980 misfit=2.297541e-01 best=2.122544e-01
[NA] iter=00010 eval=00981 misfit=2.342354e-01 best=2.122544e-01
[NA] iter=00010 eval=00982 misfit=2.126110e-01 best=2.122544e-01
[NA] iter=00010 eval=00983 misfit=2.366397e-01 best=2.122544e-01
[NA] iter=00010 eval=00984 misfit=2.220620e-01 best=2.122544e-01
[NA] iter=00010 eval=00985 misfit=2.704985e-01 best=2.122544e-01
[NA] iter=00010 eval=00986 misfit=2.156022e-01 best=2.122544e-01
[NA] iter=00010 eval=00987 misfit=2.260082e-01 best=2.122544e-01
[NA] iter=00010 eval=00988 misfit=2.201741e-01 best=2.122544e-01
[NA] iter=00010 eval=00989 misfit=2.246037e-01 best=2.122544e-01
[NA] iter=00010 eval=00990 misfit=2.131406e-01 best=2.122544e-01
[NA] iter=00010 eval=00991 misfit=2.192795e-01 best=2.122544e-01
[NA] iter=00010 eval=00992 misfit=2.193527e-01 best=2.122544e-01
[NA] iter=00010 eval=00993 misfit=2.194584e-01 best=2.122544e-01
[NA] iter=00010 eval=00994 misfit=2.142469e-01 best=2.122544e-01
[NA] iter=00010 eval=00995 misfit=2.197556e-01 best=2.122544e-01
[NA] iter=00010 eval=00996 misfit=2.155276e-01 best=2.122544e-01
[NA] iter=00010 eval=00997 misfit=2.212958e-01 best=2.122544e-01
[NA] iter=00010 eval=00998 misfit=2.169197e-01 best=2.122544e-01
[NA] iter=00010 eval=00999 misfit=2.151938e-01 best=2.122544e-01
[NA] iter=00010 eval=01000 misfit=2.155453e-01 best=2.122544e-01
NAI - Optimisation Loop:  20%|██        | 10/50 [02:27<09:39, 14.48s/it][NA] iter=00011 eval=01001 misfit=2.126188e-01 best=2.122544e-01
[NA] iter=00011 eval=01002 misfit=2.131929e-01 best=2.122544e-01
[NA] iter=00011 eval=01003 misfit=2.122839e-01 best=2.122544e-01
[NA] iter=00011 eval=01004 misfit=2.147429e-01 best=2.122544e-01
[NA] iter=00011 eval=01005 misfit=2.120255e-01 best=2.120255e-01
[NA] iter=00011 eval=01006 misfit=2.123249e-01 best=2.120255e-01
[NA] iter=00011 eval=01007 misfit=2.145381e-01 best=2.120255e-01
[NA] iter=00011 eval=01008 misfit=2.137950e-01 best=2.120255e-01
[NA] iter=00011 eval=01009 misfit=2.129198e-01 best=2.120255e-01
[NA] iter=00011 eval=01010 misfit=2.135231e-01 best=2.120255e-01
[NA] iter=00011 eval=01011 misfit=2.206072e-01 best=2.120255e-01
[NA] iter=00011 eval=01012 misfit=2.123430e-01 best=2.120255e-01
[NA] iter=00011 eval=01013 misfit=2.132192e-01 best=2.120255e-01
[NA] iter=00011 eval=01014 misfit=2.126098e-01 best=2.120255e-01
[NA] iter=00011 eval=01015 misfit=2.182838e-01 best=2.120255e-01
[NA] iter=00011 eval=01016 misfit=2.130004e-01 best=2.120255e-01
[NA] iter=00011 eval=01017 misfit=2.129998e-01 best=2.120255e-01
[NA] iter=00011 eval=01018 misfit=2.125483e-01 best=2.120255e-01
[NA] iter=00011 eval=01019 misfit=2.127998e-01 best=2.120255e-01
[NA] iter=00011 eval=01020 misfit=2.160550e-01 best=2.120255e-01
[NA] iter=00011 eval=01021 misfit=2.138589e-01 best=2.120255e-01
[NA] iter=00011 eval=01022 misfit=2.143431e-01 best=2.120255e-01
[NA] iter=00011 eval=01023 misfit=2.156394e-01 best=2.120255e-01
[NA] iter=00011 eval=01024 misfit=2.135322e-01 best=2.120255e-01
[NA] iter=00011 eval=01025 misfit=2.130674e-01 best=2.120255e-01
[NA] iter=00011 eval=01026 misfit=2.162886e-01 best=2.120255e-01
[NA] iter=00011 eval=01027 misfit=2.222752e-01 best=2.120255e-01
[NA] iter=00011 eval=01028 misfit=2.125033e-01 best=2.120255e-01
[NA] iter=00011 eval=01029 misfit=2.138415e-01 best=2.120255e-01
[NA] iter=00011 eval=01030 misfit=2.134681e-01 best=2.120255e-01
[NA] iter=00011 eval=01031 misfit=2.138196e-01 best=2.120255e-01
[NA] iter=00011 eval=01032 misfit=2.257879e-01 best=2.120255e-01
[NA] iter=00011 eval=01033 misfit=2.133694e-01 best=2.120255e-01
[NA] iter=00011 eval=01034 misfit=2.139287e-01 best=2.120255e-01
[NA] iter=00011 eval=01035 misfit=2.178359e-01 best=2.120255e-01
[NA] iter=00011 eval=01036 misfit=2.428543e-01 best=2.120255e-01
[NA] iter=00011 eval=01037 misfit=2.340178e-01 best=2.120255e-01
[NA] iter=00011 eval=01038 misfit=2.197109e-01 best=2.120255e-01
[NA] iter=00011 eval=01039 misfit=2.296297e-01 best=2.120255e-01
[NA] iter=00011 eval=01040 misfit=2.378774e-01 best=2.120255e-01
[NA] iter=00011 eval=01041 misfit=2.159666e-01 best=2.120255e-01
[NA] iter=00011 eval=01042 misfit=2.218630e-01 best=2.120255e-01
[NA] iter=00011 eval=01043 misfit=2.149330e-01 best=2.120255e-01
[NA] iter=00011 eval=01044 misfit=2.144168e-01 best=2.120255e-01
[NA] iter=00011 eval=01045 misfit=2.275505e-01 best=2.120255e-01
[NA] iter=00011 eval=01046 misfit=2.142994e-01 best=2.120255e-01
[NA] iter=00011 eval=01047 misfit=2.135266e-01 best=2.120255e-01
[NA] iter=00011 eval=01048 misfit=2.138927e-01 best=2.120255e-01
[NA] iter=00011 eval=01049 misfit=2.130447e-01 best=2.120255e-01
[NA] iter=00011 eval=01050 misfit=2.119605e-01 best=2.119605e-01
NAI - Optimisation Loop:  22%|██▏       | 11/50 [02:42<09:22, 14.42s/it][NA] iter=00012 eval=01051 misfit=2.304219e-01 best=2.119605e-01
[NA] iter=00012 eval=01052 misfit=2.211310e-01 best=2.119605e-01
[NA] iter=00012 eval=01053 misfit=2.153481e-01 best=2.119605e-01
[NA] iter=00012 eval=01054 misfit=2.182983e-01 best=2.119605e-01
[NA] iter=00012 eval=01055 misfit=2.119687e-01 best=2.119605e-01
[NA] iter=00012 eval=01056 misfit=2.167743e-01 best=2.119605e-01
[NA] iter=00012 eval=01057 misfit=2.124134e-01 best=2.119605e-01
[NA] iter=00012 eval=01058 misfit=2.170902e-01 best=2.119605e-01
[NA] iter=00012 eval=01059 misfit=2.161155e-01 best=2.119605e-01
[NA] iter=00012 eval=01060 misfit=2.162849e-01 best=2.119605e-01
[NA] iter=00012 eval=01061 misfit=2.124267e-01 best=2.119605e-01
[NA] iter=00012 eval=01062 misfit=2.121823e-01 best=2.119605e-01
[NA] iter=00012 eval=01063 misfit=2.140603e-01 best=2.119605e-01
[NA] iter=00012 eval=01064 misfit=2.126432e-01 best=2.119605e-01
[NA] iter=00012 eval=01065 misfit=2.129413e-01 best=2.119605e-01
[NA] iter=00012 eval=01066 misfit=2.121268e-01 best=2.119605e-01
[NA] iter=00012 eval=01067 misfit=2.131525e-01 best=2.119605e-01
[NA] iter=00012 eval=01068 misfit=2.126680e-01 best=2.119605e-01
[NA] iter=00012 eval=01069 misfit=2.158506e-01 best=2.119605e-01
[NA] iter=00012 eval=01070 misfit=2.164043e-01 best=2.119605e-01
[NA] iter=00012 eval=01071 misfit=2.254724e-01 best=2.119605e-01
[NA] iter=00012 eval=01072 misfit=2.120788e-01 best=2.119605e-01
[NA] iter=00012 eval=01073 misfit=2.124719e-01 best=2.119605e-01
[NA] iter=00012 eval=01074 misfit=2.125079e-01 best=2.119605e-01
[NA] iter=00012 eval=01075 misfit=2.125578e-01 best=2.119605e-01
[NA] iter=00012 eval=01076 misfit=2.144475e-01 best=2.119605e-01
[NA] iter=00012 eval=01077 misfit=2.154827e-01 best=2.119605e-01
[NA] iter=00012 eval=01078 misfit=2.189888e-01 best=2.119605e-01
[NA] iter=00012 eval=01079 misfit=2.159418e-01 best=2.119605e-01
[NA] iter=00012 eval=01080 misfit=2.184824e-01 best=2.119605e-01
[NA] iter=00012 eval=01081 misfit=2.133356e-01 best=2.119605e-01
[NA] iter=00012 eval=01082 misfit=2.126086e-01 best=2.119605e-01
[NA] iter=00012 eval=01083 misfit=2.133099e-01 best=2.119605e-01
[NA] iter=00012 eval=01084 misfit=2.125580e-01 best=2.119605e-01
[NA] iter=00012 eval=01085 misfit=2.125427e-01 best=2.119605e-01
[NA] iter=00012 eval=01086 misfit=2.130135e-01 best=2.119605e-01
[NA] iter=00012 eval=01087 misfit=2.122488e-01 best=2.119605e-01
[NA] iter=00012 eval=01088 misfit=2.143865e-01 best=2.119605e-01
[NA] iter=00012 eval=01089 misfit=2.126812e-01 best=2.119605e-01
[NA] iter=00012 eval=01090 misfit=2.149397e-01 best=2.119605e-01
[NA] iter=00012 eval=01091 misfit=2.120842e-01 best=2.119605e-01
[NA] iter=00012 eval=01092 misfit=2.132861e-01 best=2.119605e-01
[NA] iter=00012 eval=01093 misfit=2.220193e-01 best=2.119605e-01
[NA] iter=00012 eval=01094 misfit=2.139741e-01 best=2.119605e-01
[NA] iter=00012 eval=01095 misfit=2.217317e-01 best=2.119605e-01
[NA] iter=00012 eval=01096 misfit=2.228190e-01 best=2.119605e-01
[NA] iter=00012 eval=01097 misfit=2.279842e-01 best=2.119605e-01
[NA] iter=00012 eval=01098 misfit=2.177106e-01 best=2.119605e-01
[NA] iter=00012 eval=01099 misfit=2.149387e-01 best=2.119605e-01
[NA] iter=00012 eval=01100 misfit=2.127424e-01 best=2.119605e-01
NAI - Optimisation Loop:  24%|██▍       | 12/50 [02:57<09:16, 14.64s/it][NA] iter=00013 eval=01101 misfit=2.136900e-01 best=2.119605e-01
[NA] iter=00013 eval=01102 misfit=2.174532e-01 best=2.119605e-01
[NA] iter=00013 eval=01103 misfit=2.122623e-01 best=2.119605e-01
[NA] iter=00013 eval=01104 misfit=2.115047e-01 best=2.115047e-01
[NA] iter=00013 eval=01105 misfit=2.170734e-01 best=2.115047e-01
[NA] iter=00013 eval=01106 misfit=2.189009e-01 best=2.115047e-01
[NA] iter=00013 eval=01107 misfit=2.300436e-01 best=2.115047e-01
[NA] iter=00013 eval=01108 misfit=2.752931e-01 best=2.115047e-01
[NA] iter=00013 eval=01109 misfit=2.122956e-01 best=2.115047e-01
[NA] iter=00013 eval=01110 misfit=2.171945e-01 best=2.115047e-01
[NA] iter=00013 eval=01111 misfit=2.135783e-01 best=2.115047e-01
[NA] iter=00013 eval=01112 misfit=2.122086e-01 best=2.115047e-01
[NA] iter=00013 eval=01113 misfit=2.140116e-01 best=2.115047e-01
[NA] iter=00013 eval=01114 misfit=2.119894e-01 best=2.115047e-01
[NA] iter=00013 eval=01115 misfit=2.130274e-01 best=2.115047e-01
[NA] iter=00013 eval=01116 misfit=2.118107e-01 best=2.115047e-01
[NA] iter=00013 eval=01117 misfit=2.152277e-01 best=2.115047e-01
[NA] iter=00013 eval=01118 misfit=2.124078e-01 best=2.115047e-01
[NA] iter=00013 eval=01119 misfit=2.151819e-01 best=2.115047e-01
[NA] iter=00013 eval=01120 misfit=2.116299e-01 best=2.115047e-01
[NA] iter=00013 eval=01121 misfit=2.144469e-01 best=2.115047e-01
[NA] iter=00013 eval=01122 misfit=2.120381e-01 best=2.115047e-01
[NA] iter=00013 eval=01123 misfit=2.218944e-01 best=2.115047e-01
[NA] iter=00013 eval=01124 misfit=2.120425e-01 best=2.115047e-01
[NA] iter=00013 eval=01125 misfit=2.206135e-01 best=2.115047e-01
[NA] iter=00013 eval=01126 misfit=2.134525e-01 best=2.115047e-01
[NA] iter=00013 eval=01127 misfit=2.135402e-01 best=2.115047e-01
[NA] iter=00013 eval=01128 misfit=2.124075e-01 best=2.115047e-01
[NA] iter=00013 eval=01129 misfit=2.123014e-01 best=2.115047e-01
[NA] iter=00013 eval=01130 misfit=2.118998e-01 best=2.115047e-01
[NA] iter=00013 eval=01131 misfit=2.122530e-01 best=2.115047e-01
[NA] iter=00013 eval=01132 misfit=2.131334e-01 best=2.115047e-01
[NA] iter=00013 eval=01133 misfit=2.132179e-01 best=2.115047e-01
[NA] iter=00013 eval=01134 misfit=2.149254e-01 best=2.115047e-01
[NA] iter=00013 eval=01135 misfit=2.145667e-01 best=2.115047e-01
[NA] iter=00013 eval=01136 misfit=2.119608e-01 best=2.115047e-01
[NA] iter=00013 eval=01137 misfit=2.123720e-01 best=2.115047e-01
[NA] iter=00013 eval=01138 misfit=2.123567e-01 best=2.115047e-01
[NA] iter=00013 eval=01139 misfit=2.138023e-01 best=2.115047e-01
[NA] iter=00013 eval=01140 misfit=2.145592e-01 best=2.115047e-01
[NA] iter=00013 eval=01141 misfit=2.123305e-01 best=2.115047e-01
[NA] iter=00013 eval=01142 misfit=2.128204e-01 best=2.115047e-01
[NA] iter=00013 eval=01143 misfit=2.121842e-01 best=2.115047e-01
[NA] iter=00013 eval=01144 misfit=2.128558e-01 best=2.115047e-01
[NA] iter=00013 eval=01145 misfit=2.129622e-01 best=2.115047e-01
[NA] iter=00013 eval=01146 misfit=2.122900e-01 best=2.115047e-01
[NA] iter=00013 eval=01147 misfit=2.134052e-01 best=2.115047e-01
[NA] iter=00013 eval=01148 misfit=2.123752e-01 best=2.115047e-01
[NA] iter=00013 eval=01149 misfit=2.122774e-01 best=2.115047e-01
[NA] iter=00013 eval=01150 misfit=2.127622e-01 best=2.115047e-01
NAI - Optimisation Loop:  26%|██▌       | 13/50 [03:12<09:01, 14.64s/it][NA] iter=00014 eval=01151 misfit=2.107388e-01 best=2.107388e-01
[NA] iter=00014 eval=01152 misfit=2.114278e-01 best=2.107388e-01
[NA] iter=00014 eval=01153 misfit=2.139949e-01 best=2.107388e-01
[NA] iter=00014 eval=01154 misfit=2.132249e-01 best=2.107388e-01
[NA] iter=00014 eval=01155 misfit=2.131555e-01 best=2.107388e-01
[NA] iter=00014 eval=01156 misfit=2.137468e-01 best=2.107388e-01
[NA] iter=00014 eval=01157 misfit=2.154469e-01 best=2.107388e-01
[NA] iter=00014 eval=01158 misfit=2.150187e-01 best=2.107388e-01
[NA] iter=00014 eval=01159 misfit=2.137090e-01 best=2.107388e-01
[NA] iter=00014 eval=01160 misfit=2.114422e-01 best=2.107388e-01
[NA] iter=00014 eval=01161 misfit=2.174340e-01 best=2.107388e-01
[NA] iter=00014 eval=01162 misfit=2.144512e-01 best=2.107388e-01
[NA] iter=00014 eval=01163 misfit=2.124966e-01 best=2.107388e-01
[NA] iter=00014 eval=01164 misfit=2.118032e-01 best=2.107388e-01
[NA] iter=00014 eval=01165 misfit=2.137551e-01 best=2.107388e-01
[NA] iter=00014 eval=01166 misfit=2.123054e-01 best=2.107388e-01
[NA] iter=00014 eval=01167 misfit=2.119999e-01 best=2.107388e-01
[NA] iter=00014 eval=01168 misfit=2.121834e-01 best=2.107388e-01
[NA] iter=00014 eval=01169 misfit=2.122290e-01 best=2.107388e-01
[NA] iter=00014 eval=01170 misfit=2.123136e-01 best=2.107388e-01
[NA] iter=00014 eval=01171 misfit=2.114453e-01 best=2.107388e-01
[NA] iter=00014 eval=01172 misfit=2.110050e-01 best=2.107388e-01
[NA] iter=00014 eval=01173 misfit=2.179188e-01 best=2.107388e-01
[NA] iter=00014 eval=01174 misfit=2.133260e-01 best=2.107388e-01
[NA] iter=00014 eval=01175 misfit=2.124317e-01 best=2.107388e-01
[NA] iter=00014 eval=01176 misfit=2.116959e-01 best=2.107388e-01
[NA] iter=00014 eval=01177 misfit=2.123791e-01 best=2.107388e-01
[NA] iter=00014 eval=01178 misfit=2.119729e-01 best=2.107388e-01
[NA] iter=00014 eval=01179 misfit=2.119554e-01 best=2.107388e-01
[NA] iter=00014 eval=01180 misfit=2.119784e-01 best=2.107388e-01
[NA] iter=00014 eval=01181 misfit=2.089522e-01 best=2.089522e-01
[NA] iter=00014 eval=01182 misfit=2.145579e-01 best=2.089522e-01
[NA] iter=00014 eval=01183 misfit=2.204571e-01 best=2.089522e-01
[NA] iter=00014 eval=01184 misfit=2.087177e-01 best=2.087177e-01
[NA] iter=00014 eval=01185 misfit=2.124060e-01 best=2.087177e-01
[NA] iter=00014 eval=01186 misfit=2.157619e-01 best=2.087177e-01
[NA] iter=00014 eval=01187 misfit=2.117796e-01 best=2.087177e-01
[NA] iter=00014 eval=01188 misfit=2.158864e-01 best=2.087177e-01
[NA] iter=00014 eval=01189 misfit=2.154148e-01 best=2.087177e-01
[NA] iter=00014 eval=01190 misfit=2.163997e-01 best=2.087177e-01
[NA] iter=00014 eval=01191 misfit=2.121543e-01 best=2.087177e-01
[NA] iter=00014 eval=01192 misfit=2.119846e-01 best=2.087177e-01
[NA] iter=00014 eval=01193 misfit=2.129828e-01 best=2.087177e-01
[NA] iter=00014 eval=01194 misfit=2.120400e-01 best=2.087177e-01
[NA] iter=00014 eval=01195 misfit=2.122309e-01 best=2.087177e-01
[NA] iter=00014 eval=01196 misfit=2.122808e-01 best=2.087177e-01
[NA] iter=00014 eval=01197 misfit=2.130498e-01 best=2.087177e-01
[NA] iter=00014 eval=01198 misfit=2.140784e-01 best=2.087177e-01
[NA] iter=00014 eval=01199 misfit=2.120852e-01 best=2.087177e-01
[NA] iter=00014 eval=01200 misfit=2.131024e-01 best=2.087177e-01
NAI - Optimisation Loop:  28%|██▊       | 14/50 [03:26<08:49, 14.72s/it][NA] iter=00015 eval=01201 misfit=2.148121e-01 best=2.087177e-01
[NA] iter=00015 eval=01202 misfit=2.108720e-01 best=2.087177e-01
[NA] iter=00015 eval=01203 misfit=2.154238e-01 best=2.087177e-01
[NA] iter=00015 eval=01204 misfit=2.141537e-01 best=2.087177e-01
[NA] iter=00015 eval=01205 misfit=2.304647e-01 best=2.087177e-01
[NA] iter=00015 eval=01206 misfit=2.115244e-01 best=2.087177e-01
[NA] iter=00015 eval=01207 misfit=2.179763e-01 best=2.087177e-01
[NA] iter=00015 eval=01208 misfit=2.447310e-01 best=2.087177e-01
[NA] iter=00015 eval=01209 misfit=2.103459e-01 best=2.087177e-01
[NA] iter=00015 eval=01210 misfit=2.109692e-01 best=2.087177e-01
[NA] iter=00015 eval=01211 misfit=2.099930e-01 best=2.087177e-01
[NA] iter=00015 eval=01212 misfit=2.122892e-01 best=2.087177e-01
[NA] iter=00015 eval=01213 misfit=2.111213e-01 best=2.087177e-01
[NA] iter=00015 eval=01214 misfit=2.110345e-01 best=2.087177e-01
[NA] iter=00015 eval=01215 misfit=2.102954e-01 best=2.087177e-01
[NA] iter=00015 eval=01216 misfit=2.114376e-01 best=2.087177e-01
[NA] iter=00015 eval=01217 misfit=2.112379e-01 best=2.087177e-01
[NA] iter=00015 eval=01218 misfit=2.116298e-01 best=2.087177e-01
[NA] iter=00015 eval=01219 misfit=2.144720e-01 best=2.087177e-01
[NA] iter=00015 eval=01220 misfit=2.116927e-01 best=2.087177e-01
[NA] iter=00015 eval=01221 misfit=2.121636e-01 best=2.087177e-01
[NA] iter=00015 eval=01222 misfit=2.236904e-01 best=2.087177e-01
[NA] iter=00015 eval=01223 misfit=2.166711e-01 best=2.087177e-01
[NA] iter=00015 eval=01224 misfit=2.195531e-01 best=2.087177e-01
[NA] iter=00015 eval=01225 misfit=2.163002e-01 best=2.087177e-01
[NA] iter=00015 eval=01226 misfit=2.145743e-01 best=2.087177e-01
[NA] iter=00015 eval=01227 misfit=2.132550e-01 best=2.087177e-01
[NA] iter=00015 eval=01228 misfit=2.113695e-01 best=2.087177e-01
[NA] iter=00015 eval=01229 misfit=2.135764e-01 best=2.087177e-01
[NA] iter=00015 eval=01230 misfit=2.116090e-01 best=2.087177e-01
[NA] iter=00015 eval=01231 misfit=2.146609e-01 best=2.087177e-01
[NA] iter=00015 eval=01232 misfit=2.135300e-01 best=2.087177e-01
[NA] iter=00015 eval=01233 misfit=2.122807e-01 best=2.087177e-01
[NA] iter=00015 eval=01234 misfit=2.129394e-01 best=2.087177e-01
[NA] iter=00015 eval=01235 misfit=2.125031e-01 best=2.087177e-01
[NA] iter=00015 eval=01236 misfit=2.126053e-01 best=2.087177e-01
[NA] iter=00015 eval=01237 misfit=2.112771e-01 best=2.087177e-01
[NA] iter=00015 eval=01238 misfit=2.127657e-01 best=2.087177e-01
[NA] iter=00015 eval=01239 misfit=2.119853e-01 best=2.087177e-01
[NA] iter=00015 eval=01240 misfit=2.157135e-01 best=2.087177e-01
[NA] iter=00015 eval=01241 misfit=2.177512e-01 best=2.087177e-01
[NA] iter=00015 eval=01242 misfit=2.116132e-01 best=2.087177e-01
[NA] iter=00015 eval=01243 misfit=2.116947e-01 best=2.087177e-01
[NA] iter=00015 eval=01244 misfit=2.141721e-01 best=2.087177e-01
[NA] iter=00015 eval=01245 misfit=2.117529e-01 best=2.087177e-01
[NA] iter=00015 eval=01246 misfit=2.119357e-01 best=2.087177e-01
[NA] iter=00015 eval=01247 misfit=2.122661e-01 best=2.087177e-01
[NA] iter=00015 eval=01248 misfit=2.122221e-01 best=2.087177e-01
[NA] iter=00015 eval=01249 misfit=2.160993e-01 best=2.087177e-01
[NA] iter=00015 eval=01250 misfit=2.197905e-01 best=2.087177e-01
NAI - Optimisation Loop:  30%|███       | 15/50 [03:41<08:35, 14.74s/it][NA] iter=00016 eval=01251 misfit=2.110799e-01 best=2.087177e-01
[NA] iter=00016 eval=01252 misfit=2.104228e-01 best=2.087177e-01
[NA] iter=00016 eval=01253 misfit=2.125916e-01 best=2.087177e-01
[NA] iter=00016 eval=01254 misfit=2.105260e-01 best=2.087177e-01
[NA] iter=00016 eval=01255 misfit=2.139833e-01 best=2.087177e-01
[NA] iter=00016 eval=01256 misfit=2.094813e-01 best=2.087177e-01
[NA] iter=00016 eval=01257 misfit=2.089584e-01 best=2.087177e-01
[NA] iter=00016 eval=01258 misfit=2.141950e-01 best=2.087177e-01
[NA] iter=00016 eval=01259 misfit=2.091019e-01 best=2.087177e-01
[NA] iter=00016 eval=01260 misfit=2.181859e-01 best=2.087177e-01
[NA] iter=00016 eval=01261 misfit=2.162553e-01 best=2.087177e-01
[NA] iter=00016 eval=01262 misfit=2.107444e-01 best=2.087177e-01
[NA] iter=00016 eval=01263 misfit=2.099814e-01 best=2.087177e-01
[NA] iter=00016 eval=01264 misfit=2.228159e-01 best=2.087177e-01
[NA] iter=00016 eval=01265 misfit=2.105907e-01 best=2.087177e-01
[NA] iter=00016 eval=01266 misfit=2.104584e-01 best=2.087177e-01
[NA] iter=00016 eval=01267 misfit=2.211316e-01 best=2.087177e-01
[NA] iter=00016 eval=01268 misfit=2.137722e-01 best=2.087177e-01
[NA] iter=00016 eval=01269 misfit=2.147337e-01 best=2.087177e-01
[NA] iter=00016 eval=01270 misfit=2.101996e-01 best=2.087177e-01
[NA] iter=00016 eval=01271 misfit=2.106379e-01 best=2.087177e-01
[NA] iter=00016 eval=01272 misfit=2.137560e-01 best=2.087177e-01
[NA] iter=00016 eval=01273 misfit=2.144287e-01 best=2.087177e-01
[NA] iter=00016 eval=01274 misfit=2.123596e-01 best=2.087177e-01
[NA] iter=00016 eval=01275 misfit=2.107465e-01 best=2.087177e-01
[NA] iter=00016 eval=01276 misfit=2.140175e-01 best=2.087177e-01
[NA] iter=00016 eval=01277 misfit=2.110921e-01 best=2.087177e-01
[NA] iter=00016 eval=01278 misfit=2.109039e-01 best=2.087177e-01
[NA] iter=00016 eval=01279 misfit=2.108771e-01 best=2.087177e-01
[NA] iter=00016 eval=01280 misfit=2.126804e-01 best=2.087177e-01
[NA] iter=00016 eval=01281 misfit=2.327711e-01 best=2.087177e-01
[NA] iter=00016 eval=01282 misfit=2.283508e-01 best=2.087177e-01
[NA] iter=00016 eval=01283 misfit=2.178421e-01 best=2.087177e-01
[NA] iter=00016 eval=01284 misfit=2.101488e-01 best=2.087177e-01
[NA] iter=00016 eval=01285 misfit=2.130750e-01 best=2.087177e-01
[NA] iter=00016 eval=01286 misfit=2.137675e-01 best=2.087177e-01
[NA] iter=00016 eval=01287 misfit=2.097268e-01 best=2.087177e-01
[NA] iter=00016 eval=01288 misfit=2.219389e-01 best=2.087177e-01
[NA] iter=00016 eval=01289 misfit=2.130318e-01 best=2.087177e-01
[NA] iter=00016 eval=01290 misfit=2.157125e-01 best=2.087177e-01
[NA] iter=00016 eval=01291 misfit=2.134993e-01 best=2.087177e-01
[NA] iter=00016 eval=01292 misfit=2.112040e-01 best=2.087177e-01
[NA] iter=00016 eval=01293 misfit=2.107314e-01 best=2.087177e-01
[NA] iter=00016 eval=01294 misfit=2.107825e-01 best=2.087177e-01
[NA] iter=00016 eval=01295 misfit=2.114261e-01 best=2.087177e-01
[NA] iter=00016 eval=01296 misfit=2.143733e-01 best=2.087177e-01
[NA] iter=00016 eval=01297 misfit=2.136684e-01 best=2.087177e-01
[NA] iter=00016 eval=01298 misfit=2.174415e-01 best=2.087177e-01
[NA] iter=00016 eval=01299 misfit=2.190789e-01 best=2.087177e-01
[NA] iter=00016 eval=01300 misfit=2.132372e-01 best=2.087177e-01
NAI - Optimisation Loop:  32%|███▏      | 16/50 [03:55<08:15, 14.56s/it][NA] iter=00017 eval=01301 misfit=2.089064e-01 best=2.087177e-01
[NA] iter=00017 eval=01302 misfit=2.145738e-01 best=2.087177e-01
[NA] iter=00017 eval=01303 misfit=2.095800e-01 best=2.087177e-01
[NA] iter=00017 eval=01304 misfit=2.080516e-01 best=2.080516e-01
[NA] iter=00017 eval=01305 misfit=2.121552e-01 best=2.080516e-01
[NA] iter=00017 eval=01306 misfit=2.091449e-01 best=2.080516e-01
[NA] iter=00017 eval=01307 misfit=2.090874e-01 best=2.080516e-01
[NA] iter=00017 eval=01308 misfit=2.097004e-01 best=2.080516e-01
[NA] iter=00017 eval=01309 misfit=2.092137e-01 best=2.080516e-01
[NA] iter=00017 eval=01310 misfit=2.088031e-01 best=2.080516e-01
[NA] iter=00017 eval=01311 misfit=2.142458e-01 best=2.080516e-01
[NA] iter=00017 eval=01312 misfit=2.169789e-01 best=2.080516e-01
[NA] iter=00017 eval=01313 misfit=2.138277e-01 best=2.080516e-01
[NA] iter=00017 eval=01314 misfit=2.217360e-01 best=2.080516e-01
[NA] iter=00017 eval=01315 misfit=2.101873e-01 best=2.080516e-01
[NA] iter=00017 eval=01316 misfit=2.128087e-01 best=2.080516e-01
[NA] iter=00017 eval=01317 misfit=2.092471e-01 best=2.080516e-01
[NA] iter=00017 eval=01318 misfit=2.078886e-01 best=2.078886e-01
[NA] iter=00017 eval=01319 misfit=2.090698e-01 best=2.078886e-01
[NA] iter=00017 eval=01320 misfit=2.116601e-01 best=2.078886e-01
[NA] iter=00017 eval=01321 misfit=2.114533e-01 best=2.078886e-01
[NA] iter=00017 eval=01322 misfit=2.142386e-01 best=2.078886e-01
[NA] iter=00017 eval=01323 misfit=2.095097e-01 best=2.078886e-01
[NA] iter=00017 eval=01324 misfit=2.119933e-01 best=2.078886e-01
[NA] iter=00017 eval=01325 misfit=2.140103e-01 best=2.078886e-01
[NA] iter=00017 eval=01326 misfit=2.142665e-01 best=2.078886e-01
[NA] iter=00017 eval=01327 misfit=2.121527e-01 best=2.078886e-01
[NA] iter=00017 eval=01328 misfit=2.168398e-01 best=2.078886e-01
[NA] iter=00017 eval=01329 misfit=2.090032e-01 best=2.078886e-01
[NA] iter=00017 eval=01330 misfit=2.148913e-01 best=2.078886e-01
[NA] iter=00017 eval=01331 misfit=2.107117e-01 best=2.078886e-01
[NA] iter=00017 eval=01332 misfit=2.106651e-01 best=2.078886e-01
[NA] iter=00017 eval=01333 misfit=2.104884e-01 best=2.078886e-01
[NA] iter=00017 eval=01334 misfit=2.110775e-01 best=2.078886e-01
[NA] iter=00017 eval=01335 misfit=2.163853e-01 best=2.078886e-01
[NA] iter=00017 eval=01336 misfit=2.101561e-01 best=2.078886e-01
[NA] iter=00017 eval=01337 misfit=2.105049e-01 best=2.078886e-01
[NA] iter=00017 eval=01338 misfit=2.100885e-01 best=2.078886e-01
[NA] iter=00017 eval=01339 misfit=2.103776e-01 best=2.078886e-01
[NA] iter=00017 eval=01340 misfit=2.102224e-01 best=2.078886e-01
[NA] iter=00017 eval=01341 misfit=2.139222e-01 best=2.078886e-01
[NA] iter=00017 eval=01342 misfit=2.115551e-01 best=2.078886e-01
[NA] iter=00017 eval=01343 misfit=2.150881e-01 best=2.078886e-01
[NA] iter=00017 eval=01344 misfit=2.151637e-01 best=2.078886e-01
[NA] iter=00017 eval=01345 misfit=2.120134e-01 best=2.078886e-01
[NA] iter=00017 eval=01346 misfit=2.097020e-01 best=2.078886e-01
[NA] iter=00017 eval=01347 misfit=2.144936e-01 best=2.078886e-01
[NA] iter=00017 eval=01348 misfit=2.154073e-01 best=2.078886e-01
[NA] iter=00017 eval=01349 misfit=2.099211e-01 best=2.078886e-01
[NA] iter=00017 eval=01350 misfit=2.122261e-01 best=2.078886e-01
NAI - Optimisation Loop:  34%|███▍      | 17/50 [04:11<08:07, 14.78s/it][NA] iter=00018 eval=01351 misfit=2.087248e-01 best=2.078886e-01
[NA] iter=00018 eval=01352 misfit=2.090576e-01 best=2.078886e-01
[NA] iter=00018 eval=01353 misfit=2.097552e-01 best=2.078886e-01
[NA] iter=00018 eval=01354 misfit=2.080396e-01 best=2.078886e-01
[NA] iter=00018 eval=01355 misfit=2.112715e-01 best=2.078886e-01
[NA] iter=00018 eval=01356 misfit=2.076980e-01 best=2.076980e-01
[NA] iter=00018 eval=01357 misfit=2.084263e-01 best=2.076980e-01
[NA] iter=00018 eval=01358 misfit=2.097517e-01 best=2.076980e-01
[NA] iter=00018 eval=01359 misfit=2.086981e-01 best=2.076980e-01
[NA] iter=00018 eval=01360 misfit=2.086605e-01 best=2.076980e-01
[NA] iter=00018 eval=01361 misfit=2.088750e-01 best=2.076980e-01
[NA] iter=00018 eval=01362 misfit=2.092793e-01 best=2.076980e-01
[NA] iter=00018 eval=01363 misfit=2.109290e-01 best=2.076980e-01
[NA] iter=00018 eval=01364 misfit=2.088189e-01 best=2.076980e-01
[NA] iter=00018 eval=01365 misfit=2.092731e-01 best=2.076980e-01
[NA] iter=00018 eval=01366 misfit=2.112708e-01 best=2.076980e-01
[NA] iter=00018 eval=01367 misfit=2.094869e-01 best=2.076980e-01
[NA] iter=00018 eval=01368 misfit=2.094904e-01 best=2.076980e-01
[NA] iter=00018 eval=01369 misfit=2.091437e-01 best=2.076980e-01
[NA] iter=00018 eval=01370 misfit=2.088809e-01 best=2.076980e-01
[NA] iter=00018 eval=01371 misfit=2.120130e-01 best=2.076980e-01
[NA] iter=00018 eval=01372 misfit=2.080551e-01 best=2.076980e-01
[NA] iter=00018 eval=01373 misfit=2.103900e-01 best=2.076980e-01
[NA] iter=00018 eval=01374 misfit=2.123814e-01 best=2.076980e-01
[NA] iter=00018 eval=01375 misfit=2.076773e-01 best=2.076773e-01
[NA] iter=00018 eval=01376 misfit=2.101501e-01 best=2.076773e-01
[NA] iter=00018 eval=01377 misfit=2.089621e-01 best=2.076773e-01
[NA] iter=00018 eval=01378 misfit=2.089106e-01 best=2.076773e-01
[NA] iter=00018 eval=01379 misfit=2.137628e-01 best=2.076773e-01
[NA] iter=00018 eval=01380 misfit=2.095949e-01 best=2.076773e-01
[NA] iter=00018 eval=01381 misfit=2.076772e-01 best=2.076772e-01
[NA] iter=00018 eval=01382 misfit=2.089797e-01 best=2.076772e-01
[NA] iter=00018 eval=01383 misfit=2.087812e-01 best=2.076772e-01
[NA] iter=00018 eval=01384 misfit=2.083690e-01 best=2.076772e-01
[NA] iter=00018 eval=01385 misfit=2.140806e-01 best=2.076772e-01
[NA] iter=00018 eval=01386 misfit=2.091718e-01 best=2.076772e-01
[NA] iter=00018 eval=01387 misfit=2.126096e-01 best=2.076772e-01
[NA] iter=00018 eval=01388 misfit=2.145927e-01 best=2.076772e-01
[NA] iter=00018 eval=01389 misfit=2.095128e-01 best=2.076772e-01
[NA] iter=00018 eval=01390 misfit=2.095773e-01 best=2.076772e-01
[NA] iter=00018 eval=01391 misfit=2.131565e-01 best=2.076772e-01
[NA] iter=00018 eval=01392 misfit=2.085104e-01 best=2.076772e-01
[NA] iter=00018 eval=01393 misfit=2.084735e-01 best=2.076772e-01
[NA] iter=00018 eval=01394 misfit=2.174512e-01 best=2.076772e-01
[NA] iter=00018 eval=01395 misfit=2.092685e-01 best=2.076772e-01
[NA] iter=00018 eval=01396 misfit=2.103629e-01 best=2.076772e-01
[NA] iter=00018 eval=01397 misfit=2.092020e-01 best=2.076772e-01
[NA] iter=00018 eval=01398 misfit=2.101437e-01 best=2.076772e-01
[NA] iter=00018 eval=01399 misfit=2.091582e-01 best=2.076772e-01
[NA] iter=00018 eval=01400 misfit=2.093868e-01 best=2.076772e-01
NAI - Optimisation Loop:  36%|███▌      | 18/50 [04:26<07:55, 14.85s/it][NA] iter=00019 eval=01401 misfit=2.117001e-01 best=2.076772e-01
[NA] iter=00019 eval=01402 misfit=2.135214e-01 best=2.076772e-01
[NA] iter=00019 eval=01403 misfit=2.140745e-01 best=2.076772e-01
[NA] iter=00019 eval=01404 misfit=2.127740e-01 best=2.076772e-01
[NA] iter=00019 eval=01405 misfit=2.203660e-01 best=2.076772e-01
[NA] iter=00019 eval=01406 misfit=2.077507e-01 best=2.076772e-01
[NA] iter=00019 eval=01407 misfit=2.097847e-01 best=2.076772e-01
[NA] iter=00019 eval=01408 misfit=2.076595e-01 best=2.076595e-01
[NA] iter=00019 eval=01409 misfit=2.094479e-01 best=2.076595e-01
[NA] iter=00019 eval=01410 misfit=2.097258e-01 best=2.076595e-01
[NA] iter=00019 eval=01411 misfit=2.087937e-01 best=2.076595e-01
[NA] iter=00019 eval=01412 misfit=2.096754e-01 best=2.076595e-01
[NA] iter=00019 eval=01413 misfit=2.090490e-01 best=2.076595e-01
[NA] iter=00019 eval=01414 misfit=2.090252e-01 best=2.076595e-01
[NA] iter=00019 eval=01415 misfit=2.086623e-01 best=2.076595e-01
[NA] iter=00019 eval=01416 misfit=2.084752e-01 best=2.076595e-01
[NA] iter=00019 eval=01417 misfit=2.090442e-01 best=2.076595e-01
[NA] iter=00019 eval=01418 misfit=2.088650e-01 best=2.076595e-01
[NA] iter=00019 eval=01419 misfit=2.090617e-01 best=2.076595e-01
[NA] iter=00019 eval=01420 misfit=2.084542e-01 best=2.076595e-01
[NA] iter=00019 eval=01421 misfit=2.080213e-01 best=2.076595e-01
[NA] iter=00019 eval=01422 misfit=2.092855e-01 best=2.076595e-01
[NA] iter=00019 eval=01423 misfit=2.110726e-01 best=2.076595e-01
[NA] iter=00019 eval=01424 misfit=2.137934e-01 best=2.076595e-01
[NA] iter=00019 eval=01425 misfit=2.101151e-01 best=2.076595e-01
[NA] iter=00019 eval=01426 misfit=2.081185e-01 best=2.076595e-01
[NA] iter=00019 eval=01427 misfit=2.092004e-01 best=2.076595e-01
[NA] iter=00019 eval=01428 misfit=2.094428e-01 best=2.076595e-01
[NA] iter=00019 eval=01429 misfit=2.095096e-01 best=2.076595e-01
[NA] iter=00019 eval=01430 misfit=2.083088e-01 best=2.076595e-01
[NA] iter=00019 eval=01431 misfit=2.099334e-01 best=2.076595e-01
[NA] iter=00019 eval=01432 misfit=2.078035e-01 best=2.076595e-01
[NA] iter=00019 eval=01433 misfit=2.099930e-01 best=2.076595e-01
[NA] iter=00019 eval=01434 misfit=2.074628e-01 best=2.074628e-01
[NA] iter=00019 eval=01435 misfit=2.146996e-01 best=2.074628e-01
[NA] iter=00019 eval=01436 misfit=2.167810e-01 best=2.074628e-01
[NA] iter=00019 eval=01437 misfit=2.098812e-01 best=2.074628e-01
[NA] iter=00019 eval=01438 misfit=2.096986e-01 best=2.074628e-01
[NA] iter=00019 eval=01439 misfit=2.083659e-01 best=2.074628e-01
[NA] iter=00019 eval=01440 misfit=2.093123e-01 best=2.074628e-01
[NA] iter=00019 eval=01441 misfit=2.092761e-01 best=2.074628e-01
[NA] iter=00019 eval=01442 misfit=2.083814e-01 best=2.074628e-01
[NA] iter=00019 eval=01443 misfit=2.105629e-01 best=2.074628e-01
[NA] iter=00019 eval=01444 misfit=2.123236e-01 best=2.074628e-01
[NA] iter=00019 eval=01445 misfit=2.122140e-01 best=2.074628e-01
[NA] iter=00019 eval=01446 misfit=2.097963e-01 best=2.074628e-01
[NA] iter=00019 eval=01447 misfit=2.108375e-01 best=2.074628e-01
[NA] iter=00019 eval=01448 misfit=2.103092e-01 best=2.074628e-01
[NA] iter=00019 eval=01449 misfit=2.098536e-01 best=2.074628e-01
[NA] iter=00019 eval=01450 misfit=2.094235e-01 best=2.074628e-01
NAI - Optimisation Loop:  38%|███▊      | 19/50 [04:41<07:42, 14.92s/it][NA] iter=00020 eval=01451 misfit=2.110319e-01 best=2.074628e-01
[NA] iter=00020 eval=01452 misfit=2.133124e-01 best=2.074628e-01
[NA] iter=00020 eval=01453 misfit=2.121426e-01 best=2.074628e-01
[NA] iter=00020 eval=01454 misfit=2.116024e-01 best=2.074628e-01
[NA] iter=00020 eval=01455 misfit=2.089563e-01 best=2.074628e-01
[NA] iter=00020 eval=01456 misfit=2.075436e-01 best=2.074628e-01
[NA] iter=00020 eval=01457 misfit=2.083055e-01 best=2.074628e-01
[NA] iter=00020 eval=01458 misfit=2.088536e-01 best=2.074628e-01
[NA] iter=00020 eval=01459 misfit=2.087759e-01 best=2.074628e-01
[NA] iter=00020 eval=01460 misfit=2.105152e-01 best=2.074628e-01
[NA] iter=00020 eval=01461 misfit=2.086444e-01 best=2.074628e-01
[NA] iter=00020 eval=01462 misfit=2.143722e-01 best=2.074628e-01
[NA] iter=00020 eval=01463 misfit=2.105823e-01 best=2.074628e-01
[NA] iter=00020 eval=01464 misfit=2.107991e-01 best=2.074628e-01
[NA] iter=00020 eval=01465 misfit=2.077146e-01 best=2.074628e-01
[NA] iter=00020 eval=01466 misfit=2.075841e-01 best=2.074628e-01
[NA] iter=00020 eval=01467 misfit=2.088166e-01 best=2.074628e-01
[NA] iter=00020 eval=01468 misfit=2.093063e-01 best=2.074628e-01
[NA] iter=00020 eval=01469 misfit=2.077628e-01 best=2.074628e-01
[NA] iter=00020 eval=01470 misfit=2.091530e-01 best=2.074628e-01
[NA] iter=00020 eval=01471 misfit=2.091558e-01 best=2.074628e-01
[NA] iter=00020 eval=01472 misfit=2.076016e-01 best=2.074628e-01
[NA] iter=00020 eval=01473 misfit=2.079191e-01 best=2.074628e-01
[NA] iter=00020 eval=01474 misfit=2.092973e-01 best=2.074628e-01
[NA] iter=00020 eval=01475 misfit=2.084608e-01 best=2.074628e-01
[NA] iter=00020 eval=01476 misfit=2.094029e-01 best=2.074628e-01
[NA] iter=00020 eval=01477 misfit=2.088607e-01 best=2.074628e-01
[NA] iter=00020 eval=01478 misfit=2.094913e-01 best=2.074628e-01
[NA] iter=00020 eval=01479 misfit=2.093473e-01 best=2.074628e-01
[NA] iter=00020 eval=01480 misfit=2.078658e-01 best=2.074628e-01
[NA] iter=00020 eval=01481 misfit=2.097541e-01 best=2.074628e-01
[NA] iter=00020 eval=01482 misfit=2.124996e-01 best=2.074628e-01
[NA] iter=00020 eval=01483 misfit=2.098009e-01 best=2.074628e-01
[NA] iter=00020 eval=01484 misfit=2.082208e-01 best=2.074628e-01
[NA] iter=00020 eval=01485 misfit=2.076371e-01 best=2.074628e-01
[NA] iter=00020 eval=01486 misfit=2.077366e-01 best=2.074628e-01
[NA] iter=00020 eval=01487 misfit=2.086161e-01 best=2.074628e-01
[NA] iter=00020 eval=01488 misfit=2.090426e-01 best=2.074628e-01
[NA] iter=00020 eval=01489 misfit=2.100298e-01 best=2.074628e-01
[NA] iter=00020 eval=01490 misfit=2.089477e-01 best=2.074628e-01
[NA] iter=00020 eval=01491 misfit=2.103183e-01 best=2.074628e-01
[NA] iter=00020 eval=01492 misfit=2.081071e-01 best=2.074628e-01
[NA] iter=00020 eval=01493 misfit=2.130993e-01 best=2.074628e-01
[NA] iter=00020 eval=01494 misfit=2.091116e-01 best=2.074628e-01
[NA] iter=00020 eval=01495 misfit=2.087181e-01 best=2.074628e-01
[NA] iter=00020 eval=01496 misfit=2.085428e-01 best=2.074628e-01
[NA] iter=00020 eval=01497 misfit=2.095267e-01 best=2.074628e-01
[NA] iter=00020 eval=01498 misfit=2.089906e-01 best=2.074628e-01
[NA] iter=00020 eval=01499 misfit=2.080212e-01 best=2.074628e-01
[NA] iter=00020 eval=01500 misfit=2.087493e-01 best=2.074628e-01
NAI - Optimisation Loop:  40%|████      | 20/50 [04:56<07:27, 14.93s/it][NA] iter=00021 eval=01501 misfit=2.099875e-01 best=2.074628e-01
[NA] iter=00021 eval=01502 misfit=2.091169e-01 best=2.074628e-01
[NA] iter=00021 eval=01503 misfit=2.078339e-01 best=2.074628e-01
[NA] iter=00021 eval=01504 misfit=2.096250e-01 best=2.074628e-01
[NA] iter=00021 eval=01505 misfit=2.115724e-01 best=2.074628e-01
[NA] iter=00021 eval=01506 misfit=2.098467e-01 best=2.074628e-01
[NA] iter=00021 eval=01507 misfit=2.089081e-01 best=2.074628e-01
[NA] iter=00021 eval=01508 misfit=2.102382e-01 best=2.074628e-01
[NA] iter=00021 eval=01509 misfit=2.093220e-01 best=2.074628e-01
[NA] iter=00021 eval=01510 misfit=2.076638e-01 best=2.074628e-01
[NA] iter=00021 eval=01511 misfit=2.109554e-01 best=2.074628e-01
[NA] iter=00021 eval=01512 misfit=2.077118e-01 best=2.074628e-01
[NA] iter=00021 eval=01513 misfit=2.075647e-01 best=2.074628e-01
[NA] iter=00021 eval=01514 misfit=2.106400e-01 best=2.074628e-01
[NA] iter=00021 eval=01515 misfit=2.076138e-01 best=2.074628e-01
[NA] iter=00021 eval=01516 misfit=2.087997e-01 best=2.074628e-01
[NA] iter=00021 eval=01517 misfit=2.086056e-01 best=2.074628e-01
[NA] iter=00021 eval=01518 misfit=2.090503e-01 best=2.074628e-01
[NA] iter=00021 eval=01519 misfit=2.087598e-01 best=2.074628e-01
[NA] iter=00021 eval=01520 misfit=2.076323e-01 best=2.074628e-01
[NA] iter=00021 eval=01521 misfit=2.101985e-01 best=2.074628e-01
[NA] iter=00021 eval=01522 misfit=2.109804e-01 best=2.074628e-01
[NA] iter=00021 eval=01523 misfit=2.119773e-01 best=2.074628e-01
[NA] iter=00021 eval=01524 misfit=2.120269e-01 best=2.074628e-01
[NA] iter=00021 eval=01525 misfit=2.101664e-01 best=2.074628e-01
[NA] iter=00021 eval=01526 misfit=2.103614e-01 best=2.074628e-01
[NA] iter=00021 eval=01527 misfit=2.080587e-01 best=2.074628e-01
[NA] iter=00021 eval=01528 misfit=2.090020e-01 best=2.074628e-01
[NA] iter=00021 eval=01529 misfit=2.074512e-01 best=2.074512e-01
[NA] iter=00021 eval=01530 misfit=2.076902e-01 best=2.074512e-01
[NA] iter=00021 eval=01531 misfit=2.078193e-01 best=2.074512e-01
[NA] iter=00021 eval=01532 misfit=2.119080e-01 best=2.074512e-01
[NA] iter=00021 eval=01533 misfit=2.108300e-01 best=2.074512e-01
[NA] iter=00021 eval=01534 misfit=2.098711e-01 best=2.074512e-01
[NA] iter=00021 eval=01535 misfit=2.075569e-01 best=2.074512e-01
[NA] iter=00021 eval=01536 misfit=2.076621e-01 best=2.074512e-01
[NA] iter=00021 eval=01537 misfit=2.107252e-01 best=2.074512e-01
[NA] iter=00021 eval=01538 misfit=2.095579e-01 best=2.074512e-01
[NA] iter=00021 eval=01539 misfit=2.111663e-01 best=2.074512e-01
[NA] iter=00021 eval=01540 misfit=2.106876e-01 best=2.074512e-01
[NA] iter=00021 eval=01541 misfit=2.085107e-01 best=2.074512e-01
[NA] iter=00021 eval=01542 misfit=2.079483e-01 best=2.074512e-01
[NA] iter=00021 eval=01543 misfit=2.079580e-01 best=2.074512e-01
[NA] iter=00021 eval=01544 misfit=2.088345e-01 best=2.074512e-01
[NA] iter=00021 eval=01545 misfit=2.086159e-01 best=2.074512e-01
[NA] iter=00021 eval=01546 misfit=2.107047e-01 best=2.074512e-01
[NA] iter=00021 eval=01547 misfit=2.094659e-01 best=2.074512e-01
[NA] iter=00021 eval=01548 misfit=2.103393e-01 best=2.074512e-01
[NA] iter=00021 eval=01549 misfit=2.128215e-01 best=2.074512e-01
[NA] iter=00021 eval=01550 misfit=2.099228e-01 best=2.074512e-01
NAI - Optimisation Loop:  42%|████▏     | 21/50 [05:11<07:14, 14.99s/it][NA] iter=00022 eval=01551 misfit=2.097633e-01 best=2.074512e-01
[NA] iter=00022 eval=01552 misfit=2.087829e-01 best=2.074512e-01
[NA] iter=00022 eval=01553 misfit=2.088075e-01 best=2.074512e-01
[NA] iter=00022 eval=01554 misfit=2.076217e-01 best=2.074512e-01
[NA] iter=00022 eval=01555 misfit=2.091789e-01 best=2.074512e-01
[NA] iter=00022 eval=01556 misfit=2.089457e-01 best=2.074512e-01
[NA] iter=00022 eval=01557 misfit=2.073132e-01 best=2.073132e-01
[NA] iter=00022 eval=01558 misfit=2.111928e-01 best=2.073132e-01
[NA] iter=00022 eval=01559 misfit=2.075163e-01 best=2.073132e-01
[NA] iter=00022 eval=01560 misfit=2.088515e-01 best=2.073132e-01
[NA] iter=00022 eval=01561 misfit=2.080210e-01 best=2.073132e-01
[NA] iter=00022 eval=01562 misfit=2.075791e-01 best=2.073132e-01
[NA] iter=00022 eval=01563 misfit=2.087109e-01 best=2.073132e-01
[NA] iter=00022 eval=01564 misfit=2.075733e-01 best=2.073132e-01
[NA] iter=00022 eval=01565 misfit=2.074325e-01 best=2.073132e-01
[NA] iter=00022 eval=01566 misfit=2.072356e-01 best=2.072356e-01
[NA] iter=00022 eval=01567 misfit=2.099194e-01 best=2.072356e-01
[NA] iter=00022 eval=01568 misfit=2.099547e-01 best=2.072356e-01
[NA] iter=00022 eval=01569 misfit=2.099862e-01 best=2.072356e-01
[NA] iter=00022 eval=01570 misfit=2.073968e-01 best=2.072356e-01
[NA] iter=00022 eval=01571 misfit=2.074468e-01 best=2.072356e-01
[NA] iter=00022 eval=01572 misfit=2.082229e-01 best=2.072356e-01
[NA] iter=00022 eval=01573 misfit=2.074985e-01 best=2.072356e-01
[NA] iter=00022 eval=01574 misfit=2.081516e-01 best=2.072356e-01
[NA] iter=00022 eval=01575 misfit=2.095792e-01 best=2.072356e-01
[NA] iter=00022 eval=01576 misfit=2.088913e-01 best=2.072356e-01
[NA] iter=00022 eval=01577 misfit=2.075805e-01 best=2.072356e-01
[NA] iter=00022 eval=01578 misfit=2.093837e-01 best=2.072356e-01
[NA] iter=00022 eval=01579 misfit=2.100477e-01 best=2.072356e-01
[NA] iter=00022 eval=01580 misfit=2.090317e-01 best=2.072356e-01
[NA] iter=00022 eval=01581 misfit=2.075962e-01 best=2.072356e-01
[NA] iter=00022 eval=01582 misfit=2.089855e-01 best=2.072356e-01
[NA] iter=00022 eval=01583 misfit=2.088379e-01 best=2.072356e-01
[NA] iter=00022 eval=01584 misfit=2.076855e-01 best=2.072356e-01
[NA] iter=00022 eval=01585 misfit=2.088501e-01 best=2.072356e-01
[NA] iter=00022 eval=01586 misfit=2.081800e-01 best=2.072356e-01
[NA] iter=00022 eval=01587 misfit=2.087869e-01 best=2.072356e-01
[NA] iter=00022 eval=01588 misfit=2.088924e-01 best=2.072356e-01
[NA] iter=00022 eval=01589 misfit=2.092367e-01 best=2.072356e-01
[NA] iter=00022 eval=01590 misfit=2.081625e-01 best=2.072356e-01
[NA] iter=00022 eval=01591 misfit=2.081556e-01 best=2.072356e-01
[NA] iter=00022 eval=01592 misfit=2.085979e-01 best=2.072356e-01
[NA] iter=00022 eval=01593 misfit=2.075344e-01 best=2.072356e-01
[NA] iter=00022 eval=01594 misfit=2.085876e-01 best=2.072356e-01
[NA] iter=00022 eval=01595 misfit=2.085549e-01 best=2.072356e-01
[NA] iter=00022 eval=01596 misfit=2.092615e-01 best=2.072356e-01
[NA] iter=00022 eval=01597 misfit=2.094018e-01 best=2.072356e-01
[NA] iter=00022 eval=01598 misfit=2.084993e-01 best=2.072356e-01
[NA] iter=00022 eval=01599 misfit=2.078783e-01 best=2.072356e-01
[NA] iter=00022 eval=01600 misfit=2.093077e-01 best=2.072356e-01
NAI - Optimisation Loop:  44%|████▍     | 22/50 [05:26<06:59, 15.00s/it][NA] iter=00023 eval=01601 misfit=2.099980e-01 best=2.072356e-01
[NA] iter=00023 eval=01602 misfit=2.110151e-01 best=2.072356e-01
[NA] iter=00023 eval=01603 misfit=2.104923e-01 best=2.072356e-01
[NA] iter=00023 eval=01604 misfit=2.106853e-01 best=2.072356e-01
[NA] iter=00023 eval=01605 misfit=2.081932e-01 best=2.072356e-01
[NA] iter=00023 eval=01606 misfit=2.083972e-01 best=2.072356e-01
[NA] iter=00023 eval=01607 misfit=2.111992e-01 best=2.072356e-01
[NA] iter=00023 eval=01608 misfit=2.092964e-01 best=2.072356e-01
[NA] iter=00023 eval=01609 misfit=2.071464e-01 best=2.071464e-01
[NA] iter=00023 eval=01610 misfit=2.073183e-01 best=2.071464e-01
[NA] iter=00023 eval=01611 misfit=2.087126e-01 best=2.071464e-01
[NA] iter=00023 eval=01612 misfit=2.100300e-01 best=2.071464e-01
[NA] iter=00023 eval=01613 misfit=2.083011e-01 best=2.071464e-01
[NA] iter=00023 eval=01614 misfit=2.081762e-01 best=2.071464e-01
[NA] iter=00023 eval=01615 misfit=2.110087e-01 best=2.071464e-01
[NA] iter=00023 eval=01616 misfit=2.071938e-01 best=2.071464e-01
[NA] iter=00023 eval=01617 misfit=2.099971e-01 best=2.071464e-01
[NA] iter=00023 eval=01618 misfit=2.099141e-01 best=2.071464e-01
[NA] iter=00023 eval=01619 misfit=2.070635e-01 best=2.070635e-01
[NA] iter=00023 eval=01620 misfit=2.092898e-01 best=2.070635e-01
[NA] iter=00023 eval=01621 misfit=2.085601e-01 best=2.070635e-01
[NA] iter=00023 eval=01622 misfit=2.091966e-01 best=2.070635e-01
[NA] iter=00023 eval=01623 misfit=2.097695e-01 best=2.070635e-01
[NA] iter=00023 eval=01624 misfit=2.085509e-01 best=2.070635e-01
[NA] iter=00023 eval=01625 misfit=2.076234e-01 best=2.070635e-01
[NA] iter=00023 eval=01626 misfit=2.087588e-01 best=2.070635e-01
[NA] iter=00023 eval=01627 misfit=2.096714e-01 best=2.070635e-01
[NA] iter=00023 eval=01628 misfit=2.099761e-01 best=2.070635e-01
[NA] iter=00023 eval=01629 misfit=2.073970e-01 best=2.070635e-01
[NA] iter=00023 eval=01630 misfit=2.075557e-01 best=2.070635e-01
[NA] iter=00023 eval=01631 misfit=2.078590e-01 best=2.070635e-01
[NA] iter=00023 eval=01632 misfit=2.073118e-01 best=2.070635e-01
[NA] iter=00023 eval=01633 misfit=2.092329e-01 best=2.070635e-01
[NA] iter=00023 eval=01634 misfit=2.077409e-01 best=2.070635e-01
[NA] iter=00023 eval=01635 misfit=2.097290e-01 best=2.070635e-01
[NA] iter=00023 eval=01636 misfit=2.074121e-01 best=2.070635e-01
[NA] iter=00023 eval=01637 misfit=2.075289e-01 best=2.070635e-01
[NA] iter=00023 eval=01638 misfit=2.075198e-01 best=2.070635e-01
[NA] iter=00023 eval=01639 misfit=2.076005e-01 best=2.070635e-01
[NA] iter=00023 eval=01640 misfit=2.074917e-01 best=2.070635e-01
[NA] iter=00023 eval=01641 misfit=2.108074e-01 best=2.070635e-01
[NA] iter=00023 eval=01642 misfit=2.106787e-01 best=2.070635e-01
[NA] iter=00023 eval=01643 misfit=2.106037e-01 best=2.070635e-01
[NA] iter=00023 eval=01644 misfit=2.092503e-01 best=2.070635e-01
[NA] iter=00023 eval=01645 misfit=2.102790e-01 best=2.070635e-01
[NA] iter=00023 eval=01646 misfit=2.114682e-01 best=2.070635e-01
[NA] iter=00023 eval=01647 misfit=2.087408e-01 best=2.070635e-01
[NA] iter=00023 eval=01648 misfit=2.083131e-01 best=2.070635e-01
[NA] iter=00023 eval=01649 misfit=2.089035e-01 best=2.070635e-01
[NA] iter=00023 eval=01650 misfit=2.084780e-01 best=2.070635e-01
NAI - Optimisation Loop:  46%|████▌     | 23/50 [05:41<06:44, 14.98s/it][NA] iter=00024 eval=01651 misfit=2.092689e-01 best=2.070635e-01
[NA] iter=00024 eval=01652 misfit=2.084901e-01 best=2.070635e-01
[NA] iter=00024 eval=01653 misfit=2.073446e-01 best=2.070635e-01
[NA] iter=00024 eval=01654 misfit=2.097707e-01 best=2.070635e-01
[NA] iter=00024 eval=01655 misfit=2.087903e-01 best=2.070635e-01
[NA] iter=00024 eval=01656 misfit=2.091193e-01 best=2.070635e-01
[NA] iter=00024 eval=01657 misfit=2.072608e-01 best=2.070635e-01
[NA] iter=00024 eval=01658 misfit=2.111365e-01 best=2.070635e-01
[NA] iter=00024 eval=01659 misfit=2.091755e-01 best=2.070635e-01
[NA] iter=00024 eval=01660 misfit=2.091276e-01 best=2.070635e-01
[NA] iter=00024 eval=01661 misfit=2.081150e-01 best=2.070635e-01
[NA] iter=00024 eval=01662 misfit=2.124974e-01 best=2.070635e-01
[NA] iter=00024 eval=01663 misfit=2.112905e-01 best=2.070635e-01
[NA] iter=00024 eval=01664 misfit=2.128497e-01 best=2.070635e-01
[NA] iter=00024 eval=01665 misfit=2.094005e-01 best=2.070635e-01
[NA] iter=00024 eval=01666 misfit=2.081448e-01 best=2.070635e-01
[NA] iter=00024 eval=01667 misfit=2.074281e-01 best=2.070635e-01
[NA] iter=00024 eval=01668 misfit=2.084485e-01 best=2.070635e-01
[NA] iter=00024 eval=01669 misfit=2.096025e-01 best=2.070635e-01
[NA] iter=00024 eval=01670 misfit=2.088955e-01 best=2.070635e-01
[NA] iter=00024 eval=01671 misfit=2.084413e-01 best=2.070635e-01
[NA] iter=00024 eval=01672 misfit=2.073877e-01 best=2.070635e-01
[NA] iter=00024 eval=01673 misfit=2.073363e-01 best=2.070635e-01
[NA] iter=00024 eval=01674 misfit=2.108701e-01 best=2.070635e-01
[NA] iter=00024 eval=01675 misfit=2.073271e-01 best=2.070635e-01
[NA] iter=00024 eval=01676 misfit=2.089614e-01 best=2.070635e-01
[NA] iter=00024 eval=01677 misfit=2.073744e-01 best=2.070635e-01
[NA] iter=00024 eval=01678 misfit=2.073444e-01 best=2.070635e-01
[NA] iter=00024 eval=01679 misfit=2.073039e-01 best=2.070635e-01
[NA] iter=00024 eval=01680 misfit=2.091052e-01 best=2.070635e-01
[NA] iter=00024 eval=01681 misfit=2.077090e-01 best=2.070635e-01
[NA] iter=00024 eval=01682 misfit=2.076832e-01 best=2.070635e-01
[NA] iter=00024 eval=01683 misfit=2.073008e-01 best=2.070635e-01
[NA] iter=00024 eval=01684 misfit=2.072440e-01 best=2.070635e-01
[NA] iter=00024 eval=01685 misfit=2.077048e-01 best=2.070635e-01
[NA] iter=00024 eval=01686 misfit=2.074648e-01 best=2.070635e-01
[NA] iter=00024 eval=01687 misfit=2.081558e-01 best=2.070635e-01
[NA] iter=00024 eval=01688 misfit=2.082184e-01 best=2.070635e-01
[NA] iter=00024 eval=01689 misfit=2.106733e-01 best=2.070635e-01
[NA] iter=00024 eval=01690 misfit=2.103100e-01 best=2.070635e-01
[NA] iter=00024 eval=01691 misfit=2.087257e-01 best=2.070635e-01
[NA] iter=00024 eval=01692 misfit=2.086342e-01 best=2.070635e-01
[NA] iter=00024 eval=01693 misfit=2.075352e-01 best=2.070635e-01
[NA] iter=00024 eval=01694 misfit=2.075570e-01 best=2.070635e-01
[NA] iter=00024 eval=01695 misfit=2.093058e-01 best=2.070635e-01
[NA] iter=00024 eval=01696 misfit=2.073346e-01 best=2.070635e-01
[NA] iter=00024 eval=01697 misfit=2.103575e-01 best=2.070635e-01
[NA] iter=00024 eval=01698 misfit=2.091767e-01 best=2.070635e-01
[NA] iter=00024 eval=01699 misfit=2.085686e-01 best=2.070635e-01
[NA] iter=00024 eval=01700 misfit=2.085442e-01 best=2.070635e-01
NAI - Optimisation Loop:  48%|████▊     | 24/50 [05:55<06:25, 14.83s/it][NA] iter=00025 eval=01701 misfit=2.083580e-01 best=2.070635e-01
[NA] iter=00025 eval=01702 misfit=2.071470e-01 best=2.070635e-01
[NA] iter=00025 eval=01703 misfit=2.095683e-01 best=2.070635e-01
[NA] iter=00025 eval=01704 misfit=2.097534e-01 best=2.070635e-01
[NA] iter=00025 eval=01705 misfit=2.089324e-01 best=2.070635e-01
[NA] iter=00025 eval=01706 misfit=2.083554e-01 best=2.070635e-01
[NA] iter=00025 eval=01707 misfit=2.072346e-01 best=2.070635e-01
[NA] iter=00025 eval=01708 misfit=2.071973e-01 best=2.070635e-01
[NA] iter=00025 eval=01709 misfit=2.071370e-01 best=2.070635e-01
[NA] iter=00025 eval=01710 misfit=2.084299e-01 best=2.070635e-01
[NA] iter=00025 eval=01711 misfit=2.097292e-01 best=2.070635e-01
[NA] iter=00025 eval=01712 misfit=2.073472e-01 best=2.070635e-01
[NA] iter=00025 eval=01713 misfit=2.073295e-01 best=2.070635e-01
[NA] iter=00025 eval=01714 misfit=2.093398e-01 best=2.070635e-01
[NA] iter=00025 eval=01715 misfit=2.073243e-01 best=2.070635e-01
[NA] iter=00025 eval=01716 misfit=2.080646e-01 best=2.070635e-01
[NA] iter=00025 eval=01717 misfit=2.100216e-01 best=2.070635e-01
[NA] iter=00025 eval=01718 misfit=2.073878e-01 best=2.070635e-01
[NA] iter=00025 eval=01719 misfit=2.081060e-01 best=2.070635e-01
[NA] iter=00025 eval=01720 misfit=2.088183e-01 best=2.070635e-01
[NA] iter=00025 eval=01721 misfit=2.088760e-01 best=2.070635e-01
[NA] iter=00025 eval=01722 misfit=2.072957e-01 best=2.070635e-01
[NA] iter=00025 eval=01723 misfit=2.087123e-01 best=2.070635e-01
[NA] iter=00025 eval=01724 misfit=2.085813e-01 best=2.070635e-01
[NA] iter=00025 eval=01725 misfit=2.071230e-01 best=2.070635e-01
[NA] iter=00025 eval=01726 misfit=2.073255e-01 best=2.070635e-01
[NA] iter=00025 eval=01727 misfit=2.103081e-01 best=2.070635e-01
[NA] iter=00025 eval=01728 misfit=2.101320e-01 best=2.070635e-01
[NA] iter=00025 eval=01729 misfit=2.072731e-01 best=2.070635e-01
[NA] iter=00025 eval=01730 misfit=2.104616e-01 best=2.070635e-01
[NA] iter=00025 eval=01731 misfit=2.072396e-01 best=2.070635e-01
[NA] iter=00025 eval=01732 misfit=2.073478e-01 best=2.070635e-01
[NA] iter=00025 eval=01733 misfit=2.072341e-01 best=2.070635e-01
[NA] iter=00025 eval=01734 misfit=2.072575e-01 best=2.070635e-01
[NA] iter=00025 eval=01735 misfit=2.072446e-01 best=2.070635e-01
[NA] iter=00025 eval=01736 misfit=2.087477e-01 best=2.070635e-01
[NA] iter=00025 eval=01737 misfit=2.091264e-01 best=2.070635e-01
[NA] iter=00025 eval=01738 misfit=2.072707e-01 best=2.070635e-01
[NA] iter=00025 eval=01739 misfit=2.072672e-01 best=2.070635e-01
[NA] iter=00025 eval=01740 misfit=2.085076e-01 best=2.070635e-01
[NA] iter=00025 eval=01741 misfit=2.073009e-01 best=2.070635e-01
[NA] iter=00025 eval=01742 misfit=2.073333e-01 best=2.070635e-01
[NA] iter=00025 eval=01743 misfit=2.085261e-01 best=2.070635e-01
[NA] iter=00025 eval=01744 misfit=2.085293e-01 best=2.070635e-01
[NA] iter=00025 eval=01745 misfit=2.072966e-01 best=2.070635e-01
[NA] iter=00025 eval=01746 misfit=2.073693e-01 best=2.070635e-01
[NA] iter=00025 eval=01747 misfit=2.073749e-01 best=2.070635e-01
[NA] iter=00025 eval=01748 misfit=2.076911e-01 best=2.070635e-01
[NA] iter=00025 eval=01749 misfit=2.073210e-01 best=2.070635e-01
[NA] iter=00025 eval=01750 misfit=2.076393e-01 best=2.070635e-01
NAI - Optimisation Loop:  50%|█████     | 25/50 [06:09<06:00, 14.42s/it][NA] iter=00026 eval=01751 misfit=2.091397e-01 best=2.070635e-01
[NA] iter=00026 eval=01752 misfit=2.099361e-01 best=2.070635e-01
[NA] iter=00026 eval=01753 misfit=2.089090e-01 best=2.070635e-01
[NA] iter=00026 eval=01754 misfit=2.095598e-01 best=2.070635e-01
[NA] iter=00026 eval=01755 misfit=2.071761e-01 best=2.070635e-01
[NA] iter=00026 eval=01756 misfit=2.070949e-01 best=2.070635e-01
[NA] iter=00026 eval=01757 misfit=2.076622e-01 best=2.070635e-01
[NA] iter=00026 eval=01758 misfit=2.071837e-01 best=2.070635e-01
[NA] iter=00026 eval=01759 misfit=2.070163e-01 best=2.070163e-01
[NA] iter=00026 eval=01760 misfit=2.071101e-01 best=2.070163e-01
[NA] iter=00026 eval=01761 misfit=2.088738e-01 best=2.070163e-01
[NA] iter=00026 eval=01762 misfit=2.071751e-01 best=2.070163e-01
[NA] iter=00026 eval=01763 misfit=2.087550e-01 best=2.070163e-01
[NA] iter=00026 eval=01764 misfit=2.087548e-01 best=2.070163e-01
[NA] iter=00026 eval=01765 misfit=2.086735e-01 best=2.070163e-01
[NA] iter=00026 eval=01766 misfit=2.086791e-01 best=2.070163e-01
[NA] iter=00026 eval=01767 misfit=2.071740e-01 best=2.070163e-01
[NA] iter=00026 eval=01768 misfit=2.087052e-01 best=2.070163e-01
[NA] iter=00026 eval=01769 misfit=2.071188e-01 best=2.070163e-01
[NA] iter=00026 eval=01770 misfit=2.071741e-01 best=2.070163e-01
[NA] iter=00026 eval=01771 misfit=2.088763e-01 best=2.070163e-01
[NA] iter=00026 eval=01772 misfit=2.090957e-01 best=2.070163e-01
[NA] iter=00026 eval=01773 misfit=2.072742e-01 best=2.070163e-01
[NA] iter=00026 eval=01774 misfit=2.082280e-01 best=2.070163e-01
[NA] iter=00026 eval=01775 misfit=2.106788e-01 best=2.070163e-01
[NA] iter=00026 eval=01776 misfit=2.102091e-01 best=2.070163e-01
[NA] iter=00026 eval=01777 misfit=2.112902e-01 best=2.070163e-01
[NA] iter=00026 eval=01778 misfit=2.072524e-01 best=2.070163e-01
[NA] iter=00026 eval=01779 misfit=2.100056e-01 best=2.070163e-01
[NA] iter=00026 eval=01780 misfit=2.099971e-01 best=2.070163e-01
[NA] iter=00026 eval=01781 misfit=2.086818e-01 best=2.070163e-01
[NA] iter=00026 eval=01782 misfit=2.086456e-01 best=2.070163e-01
[NA] iter=00026 eval=01783 misfit=2.086893e-01 best=2.070163e-01
[NA] iter=00026 eval=01784 misfit=2.071846e-01 best=2.070163e-01
[NA] iter=00026 eval=01785 misfit=2.072432e-01 best=2.070163e-01
[NA] iter=00026 eval=01786 misfit=2.099843e-01 best=2.070163e-01
[NA] iter=00026 eval=01787 misfit=2.085221e-01 best=2.070163e-01
[NA] iter=00026 eval=01788 misfit=2.095926e-01 best=2.070163e-01
[NA] iter=00026 eval=01789 misfit=2.072098e-01 best=2.070163e-01
[NA] iter=00026 eval=01790 misfit=2.103193e-01 best=2.070163e-01
[NA] iter=00026 eval=01791 misfit=2.073248e-01 best=2.070163e-01
[NA] iter=00026 eval=01792 misfit=2.072725e-01 best=2.070163e-01
[NA] iter=00026 eval=01793 misfit=2.073071e-01 best=2.070163e-01
[NA] iter=00026 eval=01794 misfit=2.073424e-01 best=2.070163e-01
[NA] iter=00026 eval=01795 misfit=2.087155e-01 best=2.070163e-01
[NA] iter=00026 eval=01796 misfit=2.089813e-01 best=2.070163e-01
[NA] iter=00026 eval=01797 misfit=2.099104e-01 best=2.070163e-01
[NA] iter=00026 eval=01798 misfit=2.085591e-01 best=2.070163e-01
[NA] iter=00026 eval=01799 misfit=2.085701e-01 best=2.070163e-01
[NA] iter=00026 eval=01800 misfit=2.072892e-01 best=2.070163e-01
NAI - Optimisation Loop:  52%|█████▏    | 26/50 [06:23<05:41, 14.24s/it][NA] iter=00027 eval=01801 misfit=2.087906e-01 best=2.070163e-01
[NA] iter=00027 eval=01802 misfit=2.085801e-01 best=2.070163e-01
[NA] iter=00027 eval=01803 misfit=2.070278e-01 best=2.070163e-01
[NA] iter=00027 eval=01804 misfit=2.081173e-01 best=2.070163e-01
[NA] iter=00027 eval=01805 misfit=2.104755e-01 best=2.070163e-01
[NA] iter=00027 eval=01806 misfit=2.072105e-01 best=2.070163e-01
[NA] iter=00027 eval=01807 misfit=2.079127e-01 best=2.070163e-01
[NA] iter=00027 eval=01808 misfit=2.088471e-01 best=2.070163e-01
[NA] iter=00027 eval=01809 misfit=2.071010e-01 best=2.070163e-01
[NA] iter=00027 eval=01810 misfit=2.093109e-01 best=2.070163e-01
[NA] iter=00027 eval=01811 misfit=2.071629e-01 best=2.070163e-01
[NA] iter=00027 eval=01812 misfit=2.106249e-01 best=2.070163e-01
[NA] iter=00027 eval=01813 misfit=2.071674e-01 best=2.070163e-01
[NA] iter=00027 eval=01814 misfit=2.070410e-01 best=2.070163e-01
[NA] iter=00027 eval=01815 misfit=2.110257e-01 best=2.070163e-01
[NA] iter=00027 eval=01816 misfit=2.114706e-01 best=2.070163e-01
[NA] iter=00027 eval=01817 misfit=2.070966e-01 best=2.070163e-01
[NA] iter=00027 eval=01818 misfit=2.081905e-01 best=2.070163e-01
[NA] iter=00027 eval=01819 misfit=2.116349e-01 best=2.070163e-01
[NA] iter=00027 eval=01820 misfit=2.071313e-01 best=2.070163e-01
[NA] iter=00027 eval=01821 misfit=2.088801e-01 best=2.070163e-01
[NA] iter=00027 eval=01822 misfit=2.070691e-01 best=2.070163e-01
[NA] iter=00027 eval=01823 misfit=2.070533e-01 best=2.070163e-01
[NA] iter=00027 eval=01824 misfit=2.099899e-01 best=2.070163e-01
[NA] iter=00027 eval=01825 misfit=2.071430e-01 best=2.070163e-01
[NA] iter=00027 eval=01826 misfit=2.072138e-01 best=2.070163e-01
[NA] iter=00027 eval=01827 misfit=2.070771e-01 best=2.070163e-01
[NA] iter=00027 eval=01828 misfit=2.070502e-01 best=2.070163e-01
[NA] iter=00027 eval=01829 misfit=2.071211e-01 best=2.070163e-01
[NA] iter=00027 eval=01830 misfit=2.087826e-01 best=2.070163e-01
[NA] iter=00027 eval=01831 misfit=2.071575e-01 best=2.070163e-01
[NA] iter=00027 eval=01832 misfit=2.070879e-01 best=2.070163e-01
[NA] iter=00027 eval=01833 misfit=2.071227e-01 best=2.070163e-01
[NA] iter=00027 eval=01834 misfit=2.071782e-01 best=2.070163e-01
[NA] iter=00027 eval=01835 misfit=2.071240e-01 best=2.070163e-01
[NA] iter=00027 eval=01836 misfit=2.072192e-01 best=2.070163e-01
[NA] iter=00027 eval=01837 misfit=2.071402e-01 best=2.070163e-01
[NA] iter=00027 eval=01838 misfit=2.072063e-01 best=2.070163e-01
[NA] iter=00027 eval=01839 misfit=2.071119e-01 best=2.070163e-01
[NA] iter=00027 eval=01840 misfit=2.071986e-01 best=2.070163e-01
[NA] iter=00027 eval=01841 misfit=2.071644e-01 best=2.070163e-01
[NA] iter=00027 eval=01842 misfit=2.073235e-01 best=2.070163e-01
[NA] iter=00027 eval=01843 misfit=2.088491e-01 best=2.070163e-01
[NA] iter=00027 eval=01844 misfit=2.072115e-01 best=2.070163e-01
[NA] iter=00027 eval=01845 misfit=2.071448e-01 best=2.070163e-01
[NA] iter=00027 eval=01846 misfit=2.071585e-01 best=2.070163e-01
[NA] iter=00027 eval=01847 misfit=2.069415e-01 best=2.069415e-01
[NA] iter=00027 eval=01848 misfit=2.068937e-01 best=2.068937e-01
[NA] iter=00027 eval=01849 misfit=2.070553e-01 best=2.068937e-01
[NA] iter=00027 eval=01850 misfit=2.071634e-01 best=2.068937e-01
NAI - Optimisation Loop:  54%|█████▍    | 27/50 [06:36<05:22, 14.03s/it][NA] iter=00028 eval=01851 misfit=2.068067e-01 best=2.068067e-01
[NA] iter=00028 eval=01852 misfit=2.098761e-01 best=2.068067e-01
[NA] iter=00028 eval=01853 misfit=2.085357e-01 best=2.068067e-01
[NA] iter=00028 eval=01854 misfit=2.069345e-01 best=2.068067e-01
[NA] iter=00028 eval=01855 misfit=2.068812e-01 best=2.068067e-01
[NA] iter=00028 eval=01856 misfit=2.081206e-01 best=2.068067e-01
[NA] iter=00028 eval=01857 misfit=2.101524e-01 best=2.068067e-01
[NA] iter=00028 eval=01858 misfit=2.100852e-01 best=2.068067e-01
[NA] iter=00028 eval=01859 misfit=2.099963e-01 best=2.068067e-01
[NA] iter=00028 eval=01860 misfit=2.081348e-01 best=2.068067e-01
[NA] iter=00028 eval=01861 misfit=2.070217e-01 best=2.068067e-01
[NA] iter=00028 eval=01862 misfit=2.079938e-01 best=2.068067e-01
[NA] iter=00028 eval=01863 misfit=2.088316e-01 best=2.068067e-01
[NA] iter=00028 eval=01864 misfit=2.070310e-01 best=2.068067e-01
[NA] iter=00028 eval=01865 misfit=2.070416e-01 best=2.068067e-01
[NA] iter=00028 eval=01866 misfit=2.072392e-01 best=2.068067e-01
[NA] iter=00028 eval=01867 misfit=2.117079e-01 best=2.068067e-01
[NA] iter=00028 eval=01868 misfit=2.090440e-01 best=2.068067e-01
[NA] iter=00028 eval=01869 misfit=2.106121e-01 best=2.068067e-01
[NA] iter=00028 eval=01870 misfit=2.087070e-01 best=2.068067e-01
[NA] iter=00028 eval=01871 misfit=2.070835e-01 best=2.068067e-01
[NA] iter=00028 eval=01872 misfit=2.070405e-01 best=2.068067e-01
[NA] iter=00028 eval=01873 misfit=2.083644e-01 best=2.068067e-01
[NA] iter=00028 eval=01874 misfit=2.070556e-01 best=2.068067e-01
[NA] iter=00028 eval=01875 misfit=2.070287e-01 best=2.068067e-01
[NA] iter=00028 eval=01876 misfit=2.083086e-01 best=2.068067e-01
[NA] iter=00028 eval=01877 misfit=2.083284e-01 best=2.068067e-01
[NA] iter=00028 eval=01878 misfit=2.069917e-01 best=2.068067e-01
[NA] iter=00028 eval=01879 misfit=2.089166e-01 best=2.068067e-01
[NA] iter=00028 eval=01880 misfit=2.069429e-01 best=2.068067e-01
[NA] iter=00028 eval=01881 misfit=2.097977e-01 best=2.068067e-01
[NA] iter=00028 eval=01882 misfit=2.100525e-01 best=2.068067e-01
[NA] iter=00028 eval=01883 misfit=2.087960e-01 best=2.068067e-01
[NA] iter=00028 eval=01884 misfit=2.082187e-01 best=2.068067e-01
[NA] iter=00028 eval=01885 misfit=2.102097e-01 best=2.068067e-01
[NA] iter=00028 eval=01886 misfit=2.084981e-01 best=2.068067e-01
[NA] iter=00028 eval=01887 misfit=2.070437e-01 best=2.068067e-01
[NA] iter=00028 eval=01888 misfit=2.085628e-01 best=2.068067e-01
[NA] iter=00028 eval=01889 misfit=2.070501e-01 best=2.068067e-01
[NA] iter=00028 eval=01890 misfit=2.084729e-01 best=2.068067e-01
[NA] iter=00028 eval=01891 misfit=2.093406e-01 best=2.068067e-01
[NA] iter=00028 eval=01892 misfit=2.079279e-01 best=2.068067e-01
[NA] iter=00028 eval=01893 misfit=2.070692e-01 best=2.068067e-01
[NA] iter=00028 eval=01894 misfit=2.072237e-01 best=2.068067e-01
[NA] iter=00028 eval=01895 misfit=2.070680e-01 best=2.068067e-01
[NA] iter=00028 eval=01896 misfit=2.082229e-01 best=2.068067e-01
[NA] iter=00028 eval=01897 misfit=2.071021e-01 best=2.068067e-01
[NA] iter=00028 eval=01898 misfit=2.107993e-01 best=2.068067e-01
[NA] iter=00028 eval=01899 misfit=2.089733e-01 best=2.068067e-01
[NA] iter=00028 eval=01900 misfit=2.070595e-01 best=2.068067e-01
NAI - Optimisation Loop:  56%|█████▌    | 28/50 [06:50<05:10, 14.13s/it][NA] iter=00029 eval=01901 misfit=2.081955e-01 best=2.068067e-01
[NA] iter=00029 eval=01902 misfit=2.103180e-01 best=2.068067e-01
[NA] iter=00029 eval=01903 misfit=2.092484e-01 best=2.068067e-01
[NA] iter=00029 eval=01904 misfit=2.083785e-01 best=2.068067e-01
[NA] iter=00029 eval=01905 misfit=2.093078e-01 best=2.068067e-01
[NA] iter=00029 eval=01906 misfit=2.078518e-01 best=2.068067e-01
[NA] iter=00029 eval=01907 misfit=2.079119e-01 best=2.068067e-01
[NA] iter=00029 eval=01908 misfit=2.081551e-01 best=2.068067e-01
[NA] iter=00029 eval=01909 misfit=2.080772e-01 best=2.068067e-01
[NA] iter=00029 eval=01910 misfit=2.078591e-01 best=2.068067e-01
[NA] iter=00029 eval=01911 misfit=2.084957e-01 best=2.068067e-01
[NA] iter=00029 eval=01912 misfit=2.085804e-01 best=2.068067e-01
[NA] iter=00029 eval=01913 misfit=2.085916e-01 best=2.068067e-01
[NA] iter=00029 eval=01914 misfit=2.108256e-01 best=2.068067e-01
[NA] iter=00029 eval=01915 misfit=2.085495e-01 best=2.068067e-01
[NA] iter=00029 eval=01916 misfit=2.078888e-01 best=2.068067e-01
[NA] iter=00029 eval=01917 misfit=2.072075e-01 best=2.068067e-01
[NA] iter=00029 eval=01918 misfit=2.069238e-01 best=2.068067e-01
[NA] iter=00029 eval=01919 misfit=2.100166e-01 best=2.068067e-01
[NA] iter=00029 eval=01920 misfit=2.099238e-01 best=2.068067e-01
[NA] iter=00029 eval=01921 misfit=2.071215e-01 best=2.068067e-01
[NA] iter=00029 eval=01922 misfit=2.080753e-01 best=2.068067e-01
[NA] iter=00029 eval=01923 misfit=2.069155e-01 best=2.068067e-01
[NA] iter=00029 eval=01924 misfit=2.070539e-01 best=2.068067e-01
[NA] iter=00029 eval=01925 misfit=2.069206e-01 best=2.068067e-01
[NA] iter=00029 eval=01926 misfit=2.070385e-01 best=2.068067e-01
[NA] iter=00029 eval=01927 misfit=2.087536e-01 best=2.068067e-01
[NA] iter=00029 eval=01928 misfit=2.069387e-01 best=2.068067e-01
[NA] iter=00029 eval=01929 misfit=2.069174e-01 best=2.068067e-01
[NA] iter=00029 eval=01930 misfit=2.069702e-01 best=2.068067e-01
[NA] iter=00029 eval=01931 misfit=2.070485e-01 best=2.068067e-01
[NA] iter=00029 eval=01932 misfit=2.082845e-01 best=2.068067e-01
[NA] iter=00029 eval=01933 misfit=2.106026e-01 best=2.068067e-01
[NA] iter=00029 eval=01934 misfit=2.069009e-01 best=2.068067e-01
[NA] iter=00029 eval=01935 misfit=2.083018e-01 best=2.068067e-01
[NA] iter=00029 eval=01936 misfit=2.070180e-01 best=2.068067e-01
[NA] iter=00029 eval=01937 misfit=2.081619e-01 best=2.068067e-01
[NA] iter=00029 eval=01938 misfit=2.082369e-01 best=2.068067e-01
[NA] iter=00029 eval=01939 misfit=2.069455e-01 best=2.068067e-01
[NA] iter=00029 eval=01940 misfit=2.069833e-01 best=2.068067e-01
[NA] iter=00029 eval=01941 misfit=2.069939e-01 best=2.068067e-01
[NA] iter=00029 eval=01942 misfit=2.070339e-01 best=2.068067e-01
[NA] iter=00029 eval=01943 misfit=2.070267e-01 best=2.068067e-01
[NA] iter=00029 eval=01944 misfit=2.070333e-01 best=2.068067e-01
[NA] iter=00029 eval=01945 misfit=2.069953e-01 best=2.068067e-01
[NA] iter=00029 eval=01946 misfit=2.092138e-01 best=2.068067e-01
[NA] iter=00029 eval=01947 misfit=2.082192e-01 best=2.068067e-01
[NA] iter=00029 eval=01948 misfit=2.070190e-01 best=2.068067e-01
[NA] iter=00029 eval=01949 misfit=2.069166e-01 best=2.068067e-01
[NA] iter=00029 eval=01950 misfit=2.089323e-01 best=2.068067e-01
NAI - Optimisation Loop:  58%|█████▊    | 29/50 [07:06<05:03, 14.47s/it][NA] iter=00030 eval=01951 misfit=2.087758e-01 best=2.068067e-01
[NA] iter=00030 eval=01952 misfit=2.095994e-01 best=2.068067e-01
[NA] iter=00030 eval=01953 misfit=2.080168e-01 best=2.068067e-01
[NA] iter=00030 eval=01954 misfit=2.086073e-01 best=2.068067e-01
[NA] iter=00030 eval=01955 misfit=2.078065e-01 best=2.068067e-01
[NA] iter=00030 eval=01956 misfit=2.068943e-01 best=2.068067e-01
[NA] iter=00030 eval=01957 misfit=2.070390e-01 best=2.068067e-01
[NA] iter=00030 eval=01958 misfit=2.070592e-01 best=2.068067e-01
[NA] iter=00030 eval=01959 misfit=2.085216e-01 best=2.068067e-01
[NA] iter=00030 eval=01960 misfit=2.079700e-01 best=2.068067e-01
[NA] iter=00030 eval=01961 misfit=2.085172e-01 best=2.068067e-01
[NA] iter=00030 eval=01962 misfit=2.069013e-01 best=2.068067e-01
[NA] iter=00030 eval=01963 misfit=2.070705e-01 best=2.068067e-01
[NA] iter=00030 eval=01964 misfit=2.070423e-01 best=2.068067e-01
[NA] iter=00030 eval=01965 misfit=2.070588e-01 best=2.068067e-01
[NA] iter=00030 eval=01966 misfit=2.102344e-01 best=2.068067e-01
[NA] iter=00030 eval=01967 misfit=2.076385e-01 best=2.068067e-01
[NA] iter=00030 eval=01968 misfit=2.095631e-01 best=2.068067e-01
[NA] iter=00030 eval=01969 misfit=2.069471e-01 best=2.068067e-01
[NA] iter=00030 eval=01970 misfit=2.082189e-01 best=2.068067e-01
[NA] iter=00030 eval=01971 misfit=2.087971e-01 best=2.068067e-01
[NA] iter=00030 eval=01972 misfit=2.107400e-01 best=2.068067e-01
[NA] iter=00030 eval=01973 misfit=2.088294e-01 best=2.068067e-01
[NA] iter=00030 eval=01974 misfit=2.088963e-01 best=2.068067e-01
[NA] iter=00030 eval=01975 misfit=2.088852e-01 best=2.068067e-01
[NA] iter=00030 eval=01976 misfit=2.123738e-01 best=2.068067e-01
[NA] iter=00030 eval=01977 misfit=2.106436e-01 best=2.068067e-01
[NA] iter=00030 eval=01978 misfit=2.104100e-01 best=2.068067e-01
[NA] iter=00030 eval=01979 misfit=2.091575e-01 best=2.068067e-01
[NA] iter=00030 eval=01980 misfit=2.136840e-01 best=2.068067e-01
[NA] iter=00030 eval=01981 misfit=2.069200e-01 best=2.068067e-01
[NA] iter=00030 eval=01982 misfit=2.094046e-01 best=2.068067e-01
[NA] iter=00030 eval=01983 misfit=2.068849e-01 best=2.068067e-01
[NA] iter=00030 eval=01984 misfit=2.080534e-01 best=2.068067e-01
[NA] iter=00030 eval=01985 misfit=2.069533e-01 best=2.068067e-01
[NA] iter=00030 eval=01986 misfit=2.069174e-01 best=2.068067e-01
[NA] iter=00030 eval=01987 misfit=2.069005e-01 best=2.068067e-01
[NA] iter=00030 eval=01988 misfit=2.086037e-01 best=2.068067e-01
[NA] iter=00030 eval=01989 misfit=2.094825e-01 best=2.068067e-01
[NA] iter=00030 eval=01990 misfit=2.094067e-01 best=2.068067e-01
[NA] iter=00030 eval=01991 misfit=2.085544e-01 best=2.068067e-01
[NA] iter=00030 eval=01992 misfit=2.082156e-01 best=2.068067e-01
[NA] iter=00030 eval=01993 misfit=2.088223e-01 best=2.068067e-01
[NA] iter=00030 eval=01994 misfit=2.102566e-01 best=2.068067e-01
[NA] iter=00030 eval=01995 misfit=2.088072e-01 best=2.068067e-01
[NA] iter=00030 eval=01996 misfit=2.087308e-01 best=2.068067e-01
[NA] iter=00030 eval=01997 misfit=2.088292e-01 best=2.068067e-01
[NA] iter=00030 eval=01998 misfit=2.094749e-01 best=2.068067e-01
[NA] iter=00030 eval=01999 misfit=2.087861e-01 best=2.068067e-01
[NA] iter=00030 eval=02000 misfit=2.087899e-01 best=2.068067e-01
NAI - Optimisation Loop:  60%|██████    | 30/50 [07:21<04:52, 14.63s/it][NA] iter=00031 eval=02001 misfit=2.081555e-01 best=2.068067e-01
[NA] iter=00031 eval=02002 misfit=2.093367e-01 best=2.068067e-01
[NA] iter=00031 eval=02003 misfit=2.100925e-01 best=2.068067e-01
[NA] iter=00031 eval=02004 misfit=2.068263e-01 best=2.068067e-01
[NA] iter=00031 eval=02005 misfit=2.084567e-01 best=2.068067e-01
[NA] iter=00031 eval=02006 misfit=2.068796e-01 best=2.068067e-01
[NA] iter=00031 eval=02007 misfit=2.068944e-01 best=2.068067e-01
[NA] iter=00031 eval=02008 misfit=2.084798e-01 best=2.068067e-01
[NA] iter=00031 eval=02009 misfit=2.080848e-01 best=2.068067e-01
[NA] iter=00031 eval=02010 misfit=2.068937e-01 best=2.068067e-01
[NA] iter=00031 eval=02011 misfit=2.068585e-01 best=2.068067e-01
[NA] iter=00031 eval=02012 misfit=2.082260e-01 best=2.068067e-01
[NA] iter=00031 eval=02013 misfit=2.067838e-01 best=2.067838e-01
[NA] iter=00031 eval=02014 misfit=2.068900e-01 best=2.067838e-01
[NA] iter=00031 eval=02015 misfit=2.068043e-01 best=2.067838e-01
[NA] iter=00031 eval=02016 misfit=2.068859e-01 best=2.067838e-01
[NA] iter=00031 eval=02017 misfit=2.068972e-01 best=2.067838e-01
[NA] iter=00031 eval=02018 misfit=2.069148e-01 best=2.067838e-01
[NA] iter=00031 eval=02019 misfit=2.070668e-01 best=2.067838e-01
[NA] iter=00031 eval=02020 misfit=2.069054e-01 best=2.067838e-01
[NA] iter=00031 eval=02021 misfit=2.068813e-01 best=2.067838e-01
[NA] iter=00031 eval=02022 misfit=2.068825e-01 best=2.067838e-01
[NA] iter=00031 eval=02023 misfit=2.079777e-01 best=2.067838e-01
[NA] iter=00031 eval=02024 misfit=2.079442e-01 best=2.067838e-01
[NA] iter=00031 eval=02025 misfit=2.078779e-01 best=2.067838e-01
[NA] iter=00031 eval=02026 misfit=2.069211e-01 best=2.067838e-01
[NA] iter=00031 eval=02027 misfit=2.072027e-01 best=2.067838e-01
[NA] iter=00031 eval=02028 misfit=2.071443e-01 best=2.067838e-01
[NA] iter=00031 eval=02029 misfit=2.069012e-01 best=2.067838e-01
[NA] iter=00031 eval=02030 misfit=2.071818e-01 best=2.067838e-01
[NA] iter=00031 eval=02031 misfit=2.090191e-01 best=2.067838e-01
[NA] iter=00031 eval=02032 misfit=2.086004e-01 best=2.067838e-01
[NA] iter=00031 eval=02033 misfit=2.097630e-01 best=2.067838e-01
[NA] iter=00031 eval=02034 misfit=2.096981e-01 best=2.067838e-01
[NA] iter=00031 eval=02035 misfit=2.069332e-01 best=2.067838e-01
[NA] iter=00031 eval=02036 misfit=2.068562e-01 best=2.067838e-01
[NA] iter=00031 eval=02037 misfit=2.068960e-01 best=2.067838e-01
[NA] iter=00031 eval=02038 misfit=2.096481e-01 best=2.067838e-01
[NA] iter=00031 eval=02039 misfit=2.070155e-01 best=2.067838e-01
[NA] iter=00031 eval=02040 misfit=2.096395e-01 best=2.067838e-01
[NA] iter=00031 eval=02041 misfit=2.088747e-01 best=2.067838e-01
[NA] iter=00031 eval=02042 misfit=2.071132e-01 best=2.067838e-01
[NA] iter=00031 eval=02043 misfit=2.069378e-01 best=2.067838e-01
[NA] iter=00031 eval=02044 misfit=2.069052e-01 best=2.067838e-01
[NA] iter=00031 eval=02045 misfit=2.069463e-01 best=2.067838e-01
[NA] iter=00031 eval=02046 misfit=2.101624e-01 best=2.067838e-01
[NA] iter=00031 eval=02047 misfit=2.086867e-01 best=2.067838e-01
[NA] iter=00031 eval=02048 misfit=2.089832e-01 best=2.067838e-01
[NA] iter=00031 eval=02049 misfit=2.068886e-01 best=2.067838e-01
[NA] iter=00031 eval=02050 misfit=2.070317e-01 best=2.067838e-01
NAI - Optimisation Loop:  62%|██████▏   | 31/50 [07:35<04:36, 14.54s/it][NA] iter=00032 eval=02051 misfit=2.068173e-01 best=2.067838e-01
[NA] iter=00032 eval=02052 misfit=2.069216e-01 best=2.067838e-01
[NA] iter=00032 eval=02053 misfit=2.083868e-01 best=2.067838e-01
[NA] iter=00032 eval=02054 misfit=2.069219e-01 best=2.067838e-01
[NA] iter=00032 eval=02055 misfit=2.098712e-01 best=2.067838e-01
[NA] iter=00032 eval=02056 misfit=2.067562e-01 best=2.067562e-01
[NA] iter=00032 eval=02057 misfit=2.068133e-01 best=2.067562e-01
[NA] iter=00032 eval=02058 misfit=2.067346e-01 best=2.067346e-01
[NA] iter=00032 eval=02059 misfit=2.082137e-01 best=2.067346e-01
[NA] iter=00032 eval=02060 misfit=2.067816e-01 best=2.067346e-01
[NA] iter=00032 eval=02061 misfit=2.072620e-01 best=2.067346e-01
[NA] iter=00032 eval=02062 misfit=2.067542e-01 best=2.067346e-01
[NA] iter=00032 eval=02063 misfit=2.068080e-01 best=2.067346e-01
[NA] iter=00032 eval=02064 misfit=2.068339e-01 best=2.067346e-01
[NA] iter=00032 eval=02065 misfit=2.081591e-01 best=2.067346e-01
[NA] iter=00032 eval=02066 misfit=2.081213e-01 best=2.067346e-01
[NA] iter=00032 eval=02067 misfit=2.081567e-01 best=2.067346e-01
[NA] iter=00032 eval=02068 misfit=2.084572e-01 best=2.067346e-01
[NA] iter=00032 eval=02069 misfit=2.068442e-01 best=2.067346e-01
[NA] iter=00032 eval=02070 misfit=2.081966e-01 best=2.067346e-01
[NA] iter=00032 eval=02071 misfit=2.068699e-01 best=2.067346e-01
[NA] iter=00032 eval=02072 misfit=2.068408e-01 best=2.067346e-01
[NA] iter=00032 eval=02073 misfit=2.069497e-01 best=2.067346e-01
[NA] iter=00032 eval=02074 misfit=2.075396e-01 best=2.067346e-01
[NA] iter=00032 eval=02075 misfit=2.068599e-01 best=2.067346e-01
[NA] iter=00032 eval=02076 misfit=2.068370e-01 best=2.067346e-01
[NA] iter=00032 eval=02077 misfit=2.083029e-01 best=2.067346e-01
[NA] iter=00032 eval=02078 misfit=2.083282e-01 best=2.067346e-01
[NA] iter=00032 eval=02079 misfit=2.082735e-01 best=2.067346e-01
[NA] iter=00032 eval=02080 misfit=2.086725e-01 best=2.067346e-01
[NA] iter=00032 eval=02081 misfit=2.068455e-01 best=2.067346e-01
[NA] iter=00032 eval=02082 misfit=2.068621e-01 best=2.067346e-01
[NA] iter=00032 eval=02083 misfit=2.068679e-01 best=2.067346e-01
[NA] iter=00032 eval=02084 misfit=2.068697e-01 best=2.067346e-01
[NA] iter=00032 eval=02085 misfit=2.078533e-01 best=2.067346e-01
[NA] iter=00032 eval=02086 misfit=2.068891e-01 best=2.067346e-01
[NA] iter=00032 eval=02087 misfit=2.068942e-01 best=2.067346e-01
[NA] iter=00032 eval=02088 misfit=2.068891e-01 best=2.067346e-01
[NA] iter=00032 eval=02089 misfit=2.069037e-01 best=2.067346e-01
[NA] iter=00032 eval=02090 misfit=2.068978e-01 best=2.067346e-01
[NA] iter=00032 eval=02091 misfit=2.079096e-01 best=2.067346e-01
[NA] iter=00032 eval=02092 misfit=2.068881e-01 best=2.067346e-01
[NA] iter=00032 eval=02093 misfit=2.079443e-01 best=2.067346e-01
[NA] iter=00032 eval=02094 misfit=2.068988e-01 best=2.067346e-01
[NA] iter=00032 eval=02095 misfit=2.068882e-01 best=2.067346e-01
[NA] iter=00032 eval=02096 misfit=2.068650e-01 best=2.067346e-01
[NA] iter=00032 eval=02097 misfit=2.069018e-01 best=2.067346e-01
[NA] iter=00032 eval=02098 misfit=2.068840e-01 best=2.067346e-01
[NA] iter=00032 eval=02099 misfit=2.070315e-01 best=2.067346e-01
[NA] iter=00032 eval=02100 misfit=2.069027e-01 best=2.067346e-01
NAI - Optimisation Loop:  64%|██████▍   | 32/50 [07:49<04:16, 14.23s/it][NA] iter=00033 eval=02101 misfit=2.105240e-01 best=2.067346e-01
[NA] iter=00033 eval=02102 misfit=2.066281e-01 best=2.066281e-01
[NA] iter=00033 eval=02103 misfit=2.076769e-01 best=2.066281e-01
[NA] iter=00033 eval=02104 misfit=2.067788e-01 best=2.066281e-01
[NA] iter=00033 eval=02105 misfit=2.067009e-01 best=2.066281e-01
[NA] iter=00033 eval=02106 misfit=2.072505e-01 best=2.066281e-01
[NA] iter=00033 eval=02107 misfit=2.079847e-01 best=2.066281e-01
[NA] iter=00033 eval=02108 misfit=2.080404e-01 best=2.066281e-01
[NA] iter=00033 eval=02109 misfit=2.081236e-01 best=2.066281e-01
[NA] iter=00033 eval=02110 misfit=2.085145e-01 best=2.066281e-01
[NA] iter=00033 eval=02111 misfit=2.066649e-01 best=2.066281e-01
[NA] iter=00033 eval=02112 misfit=2.066875e-01 best=2.066281e-01
[NA] iter=00033 eval=02113 misfit=2.067961e-01 best=2.066281e-01
[NA] iter=00033 eval=02114 misfit=2.068220e-01 best=2.066281e-01
[NA] iter=00033 eval=02115 misfit=2.067366e-01 best=2.066281e-01
[NA] iter=00033 eval=02116 misfit=2.088100e-01 best=2.066281e-01
[NA] iter=00033 eval=02117 misfit=2.104136e-01 best=2.066281e-01
[NA] iter=00033 eval=02118 misfit=2.088378e-01 best=2.066281e-01
[NA] iter=00033 eval=02119 misfit=2.105529e-01 best=2.066281e-01
[NA] iter=00033 eval=02120 misfit=2.082248e-01 best=2.066281e-01
[NA] iter=00033 eval=02121 misfit=2.081402e-01 best=2.066281e-01
[NA] iter=00033 eval=02122 misfit=2.068958e-01 best=2.066281e-01
[NA] iter=00033 eval=02123 misfit=2.068671e-01 best=2.066281e-01
[NA] iter=00033 eval=02124 misfit=2.068592e-01 best=2.066281e-01
[NA] iter=00033 eval=02125 misfit=2.068924e-01 best=2.066281e-01
[NA] iter=00033 eval=02126 misfit=2.068047e-01 best=2.066281e-01
[NA] iter=00033 eval=02127 misfit=2.068463e-01 best=2.066281e-01
[NA] iter=00033 eval=02128 misfit=2.068029e-01 best=2.066281e-01
[NA] iter=00033 eval=02129 misfit=2.081732e-01 best=2.066281e-01
[NA] iter=00033 eval=02130 misfit=2.068059e-01 best=2.066281e-01
[NA] iter=00033 eval=02131 misfit=2.067823e-01 best=2.066281e-01
[NA] iter=00033 eval=02132 misfit=2.068234e-01 best=2.066281e-01
[NA] iter=00033 eval=02133 misfit=2.081154e-01 best=2.066281e-01
[NA] iter=00033 eval=02134 misfit=2.080567e-01 best=2.066281e-01
[NA] iter=00033 eval=02135 misfit=2.078069e-01 best=2.066281e-01
[NA] iter=00033 eval=02136 misfit=2.073375e-01 best=2.066281e-01
[NA] iter=00033 eval=02137 misfit=2.067996e-01 best=2.066281e-01
[NA] iter=00033 eval=02138 misfit=2.068212e-01 best=2.066281e-01
[NA] iter=00033 eval=02139 misfit=2.085880e-01 best=2.066281e-01
[NA] iter=00033 eval=02140 misfit=2.067916e-01 best=2.066281e-01
[NA] iter=00033 eval=02141 misfit=2.068019e-01 best=2.066281e-01
[NA] iter=00033 eval=02142 misfit=2.068986e-01 best=2.066281e-01
[NA] iter=00033 eval=02143 misfit=2.080252e-01 best=2.066281e-01
[NA] iter=00033 eval=02144 misfit=2.080517e-01 best=2.066281e-01
[NA] iter=00033 eval=02145 misfit=2.080793e-01 best=2.066281e-01
[NA] iter=00033 eval=02146 misfit=2.070266e-01 best=2.066281e-01
[NA] iter=00033 eval=02147 misfit=2.068810e-01 best=2.066281e-01
[NA] iter=00033 eval=02148 misfit=2.083305e-01 best=2.066281e-01
[NA] iter=00033 eval=02149 misfit=2.084514e-01 best=2.066281e-01
[NA] iter=00033 eval=02150 misfit=2.067350e-01 best=2.066281e-01
NAI - Optimisation Loop:  66%|██████▌   | 33/50 [08:02<03:58, 14.01s/it][NA] iter=00034 eval=02151 misfit=2.082731e-01 best=2.066281e-01
[NA] iter=00034 eval=02152 misfit=2.067165e-01 best=2.066281e-01
[NA] iter=00034 eval=02153 misfit=2.079635e-01 best=2.066281e-01
[NA] iter=00034 eval=02154 misfit=2.081157e-01 best=2.066281e-01
[NA] iter=00034 eval=02155 misfit=2.081145e-01 best=2.066281e-01
[NA] iter=00034 eval=02156 misfit=2.086982e-01 best=2.066281e-01
[NA] iter=00034 eval=02157 misfit=2.079892e-01 best=2.066281e-01
[NA] iter=00034 eval=02158 misfit=2.079230e-01 best=2.066281e-01
[NA] iter=00034 eval=02159 misfit=2.066745e-01 best=2.066281e-01
[NA] iter=00034 eval=02160 misfit=2.078787e-01 best=2.066281e-01
[NA] iter=00034 eval=02161 misfit=2.088567e-01 best=2.066281e-01
[NA] iter=00034 eval=02162 misfit=2.086707e-01 best=2.066281e-01
[NA] iter=00034 eval=02163 misfit=2.067421e-01 best=2.066281e-01
[NA] iter=00034 eval=02164 misfit=2.100349e-01 best=2.066281e-01
[NA] iter=00034 eval=02165 misfit=2.087618e-01 best=2.066281e-01
[NA] iter=00034 eval=02166 misfit=2.065959e-01 best=2.065959e-01
[NA] iter=00034 eval=02167 misfit=2.066946e-01 best=2.065959e-01
[NA] iter=00034 eval=02168 misfit=2.067507e-01 best=2.065959e-01
[NA] iter=00034 eval=02169 misfit=2.083255e-01 best=2.065959e-01
[NA] iter=00034 eval=02170 misfit=2.077365e-01 best=2.065959e-01
[NA] iter=00034 eval=02171 misfit=2.077412e-01 best=2.065959e-01
[NA] iter=00034 eval=02172 misfit=2.095510e-01 best=2.065959e-01
[NA] iter=00034 eval=02173 misfit=2.066832e-01 best=2.065959e-01
[NA] iter=00034 eval=02174 misfit=2.067368e-01 best=2.065959e-01
[NA] iter=00034 eval=02175 misfit=2.095709e-01 best=2.065959e-01
[NA] iter=00034 eval=02176 misfit=2.068852e-01 best=2.065959e-01
[NA] iter=00034 eval=02177 misfit=2.079561e-01 best=2.065959e-01
[NA] iter=00034 eval=02178 misfit=2.069760e-01 best=2.065959e-01
[NA] iter=00034 eval=02179 misfit=2.079980e-01 best=2.065959e-01
[NA] iter=00034 eval=02180 misfit=2.069287e-01 best=2.065959e-01
[NA] iter=00034 eval=02181 misfit=2.067209e-01 best=2.065959e-01
[NA] iter=00034 eval=02182 misfit=2.066674e-01 best=2.065959e-01
[NA] iter=00034 eval=02183 misfit=2.067261e-01 best=2.065959e-01
[NA] iter=00034 eval=02184 misfit=2.067469e-01 best=2.065959e-01
[NA] iter=00034 eval=02185 misfit=2.079963e-01 best=2.065959e-01
[NA] iter=00034 eval=02186 misfit=2.080262e-01 best=2.065959e-01
[NA] iter=00034 eval=02187 misfit=2.072560e-01 best=2.065959e-01
[NA] iter=00034 eval=02188 misfit=2.072548e-01 best=2.065959e-01
[NA] iter=00034 eval=02189 misfit=2.067349e-01 best=2.065959e-01
[NA] iter=00034 eval=02190 misfit=2.080403e-01 best=2.065959e-01
[NA] iter=00034 eval=02191 misfit=2.067613e-01 best=2.065959e-01
[NA] iter=00034 eval=02192 misfit=2.067521e-01 best=2.065959e-01
[NA] iter=00034 eval=02193 misfit=2.067490e-01 best=2.065959e-01
[NA] iter=00034 eval=02194 misfit=2.080162e-01 best=2.065959e-01
[NA] iter=00034 eval=02195 misfit=2.067118e-01 best=2.065959e-01
[NA] iter=00034 eval=02196 misfit=2.067487e-01 best=2.065959e-01
[NA] iter=00034 eval=02197 misfit=2.081985e-01 best=2.065959e-01
[NA] iter=00034 eval=02198 misfit=2.083710e-01 best=2.065959e-01
[NA] iter=00034 eval=02199 misfit=2.082222e-01 best=2.065959e-01
[NA] iter=00034 eval=02200 misfit=2.067994e-01 best=2.065959e-01
NAI - Optimisation Loop:  68%|██████▊   | 34/50 [08:17<03:46, 14.16s/it][NA] iter=00035 eval=02201 misfit=2.084074e-01 best=2.065959e-01
[NA] iter=00035 eval=02202 misfit=2.084875e-01 best=2.065959e-01
[NA] iter=00035 eval=02203 misfit=2.095526e-01 best=2.065959e-01
[NA] iter=00035 eval=02204 misfit=2.098101e-01 best=2.065959e-01
[NA] iter=00035 eval=02205 misfit=2.085078e-01 best=2.065959e-01
[NA] iter=00035 eval=02206 misfit=2.072055e-01 best=2.065959e-01
[NA] iter=00035 eval=02207 misfit=2.079255e-01 best=2.065959e-01
[NA] iter=00035 eval=02208 misfit=2.074265e-01 best=2.065959e-01
[NA] iter=00035 eval=02209 misfit=2.066631e-01 best=2.065959e-01
[NA] iter=00035 eval=02210 misfit=2.093277e-01 best=2.065959e-01
[NA] iter=00035 eval=02211 misfit=2.086022e-01 best=2.065959e-01
[NA] iter=00035 eval=02212 misfit=2.082969e-01 best=2.065959e-01
[NA] iter=00035 eval=02213 misfit=2.073647e-01 best=2.065959e-01
[NA] iter=00035 eval=02214 misfit=2.065885e-01 best=2.065885e-01
[NA] iter=00035 eval=02215 misfit=2.080418e-01 best=2.065885e-01
[NA] iter=00035 eval=02216 misfit=2.066794e-01 best=2.065885e-01
[NA] iter=00035 eval=02217 misfit=2.085519e-01 best=2.065885e-01
[NA] iter=00035 eval=02218 misfit=2.087676e-01 best=2.065885e-01
[NA] iter=00035 eval=02219 misfit=2.066451e-01 best=2.065885e-01
[NA] iter=00035 eval=02220 misfit=2.084942e-01 best=2.065885e-01
[NA] iter=00035 eval=02221 misfit=2.080570e-01 best=2.065885e-01
[NA] iter=00035 eval=02222 misfit=2.080963e-01 best=2.065885e-01
[NA] iter=00035 eval=02223 misfit=2.081428e-01 best=2.065885e-01
[NA] iter=00035 eval=02224 misfit=2.080809e-01 best=2.065885e-01
[NA] iter=00035 eval=02225 misfit=2.080581e-01 best=2.065885e-01
[NA] iter=00035 eval=02226 misfit=2.073423e-01 best=2.065885e-01
[NA] iter=00035 eval=02227 misfit=2.078111e-01 best=2.065885e-01
[NA] iter=00035 eval=02228 misfit=2.078425e-01 best=2.065885e-01
[NA] iter=00035 eval=02229 misfit=2.066911e-01 best=2.065885e-01
[NA] iter=00035 eval=02230 misfit=2.078254e-01 best=2.065885e-01
[NA] iter=00035 eval=02231 misfit=2.066487e-01 best=2.065885e-01
[NA] iter=00035 eval=02232 misfit=2.079837e-01 best=2.065885e-01
[NA] iter=00035 eval=02233 misfit=2.066383e-01 best=2.065885e-01
[NA] iter=00035 eval=02234 misfit=2.078908e-01 best=2.065885e-01
[NA] iter=00035 eval=02235 misfit=2.079127e-01 best=2.065885e-01
[NA] iter=00035 eval=02236 misfit=2.079223e-01 best=2.065885e-01
[NA] iter=00035 eval=02237 misfit=2.078983e-01 best=2.065885e-01
[NA] iter=00035 eval=02238 misfit=2.077830e-01 best=2.065885e-01
[NA] iter=00035 eval=02239 misfit=2.066597e-01 best=2.065885e-01
[NA] iter=00035 eval=02240 misfit=2.066315e-01 best=2.065885e-01
[NA] iter=00035 eval=02241 misfit=2.084216e-01 best=2.065885e-01
[NA] iter=00035 eval=02242 misfit=2.067343e-01 best=2.065885e-01
[NA] iter=00035 eval=02243 misfit=2.078410e-01 best=2.065885e-01
[NA] iter=00035 eval=02244 misfit=2.066701e-01 best=2.065885e-01
[NA] iter=00035 eval=02245 misfit=2.087258e-01 best=2.065885e-01
[NA] iter=00035 eval=02246 misfit=2.074581e-01 best=2.065885e-01
[NA] iter=00035 eval=02247 misfit=2.096251e-01 best=2.065885e-01
[NA] iter=00035 eval=02248 misfit=2.067560e-01 best=2.065885e-01
[NA] iter=00035 eval=02249 misfit=2.075301e-01 best=2.065885e-01
[NA] iter=00035 eval=02250 misfit=2.067075e-01 best=2.065885e-01
NAI - Optimisation Loop:  70%|███████   | 35/50 [08:31<03:33, 14.21s/it][NA] iter=00036 eval=02251 misfit=2.073598e-01 best=2.065885e-01
[NA] iter=00036 eval=02252 misfit=2.065851e-01 best=2.065851e-01
[NA] iter=00036 eval=02253 misfit=2.079263e-01 best=2.065851e-01
[NA] iter=00036 eval=02254 misfit=2.066389e-01 best=2.065851e-01
[NA] iter=00036 eval=02255 misfit=2.065671e-01 best=2.065671e-01
[NA] iter=00036 eval=02256 misfit=2.066255e-01 best=2.065671e-01
[NA] iter=00036 eval=02257 misfit=2.066091e-01 best=2.065671e-01
[NA] iter=00036 eval=02258 misfit=2.066349e-01 best=2.065671e-01
[NA] iter=00036 eval=02259 misfit=2.066588e-01 best=2.065671e-01
[NA] iter=00036 eval=02260 misfit=2.065954e-01 best=2.065671e-01
[NA] iter=00036 eval=02261 misfit=2.081986e-01 best=2.065671e-01
[NA] iter=00036 eval=02262 misfit=2.065928e-01 best=2.065671e-01
[NA] iter=00036 eval=02263 misfit=2.066992e-01 best=2.065671e-01
[NA] iter=00036 eval=02264 misfit=2.066085e-01 best=2.065671e-01
[NA] iter=00036 eval=02265 misfit=2.066739e-01 best=2.065671e-01
[NA] iter=00036 eval=02266 misfit=2.066034e-01 best=2.065671e-01
[NA] iter=00036 eval=02267 misfit=2.066217e-01 best=2.065671e-01
[NA] iter=00036 eval=02268 misfit=2.075956e-01 best=2.065671e-01
[NA] iter=00036 eval=02269 misfit=2.072316e-01 best=2.065671e-01
[NA] iter=00036 eval=02270 misfit=2.070961e-01 best=2.065671e-01
[NA] iter=00036 eval=02271 misfit=2.079871e-01 best=2.065671e-01
[NA] iter=00036 eval=02272 misfit=2.084898e-01 best=2.065671e-01
[NA] iter=00036 eval=02273 misfit=2.066695e-01 best=2.065671e-01
[NA] iter=00036 eval=02274 misfit=2.085441e-01 best=2.065671e-01
[NA] iter=00036 eval=02275 misfit=2.085873e-01 best=2.065671e-01
[NA] iter=00036 eval=02276 misfit=2.066534e-01 best=2.065671e-01
[NA] iter=00036 eval=02277 misfit=2.066152e-01 best=2.065671e-01
[NA] iter=00036 eval=02278 misfit=2.067031e-01 best=2.065671e-01
[NA] iter=00036 eval=02279 misfit=2.080175e-01 best=2.065671e-01
[NA] iter=00036 eval=02280 misfit=2.065947e-01 best=2.065671e-01
[NA] iter=00036 eval=02281 misfit=2.065590e-01 best=2.065590e-01
[NA] iter=00036 eval=02282 misfit=2.099813e-01 best=2.065590e-01
[NA] iter=00036 eval=02283 misfit=2.098166e-01 best=2.065590e-01
[NA] iter=00036 eval=02284 misfit=2.095673e-01 best=2.065590e-01
[NA] iter=00036 eval=02285 misfit=2.079517e-01 best=2.065590e-01
[NA] iter=00036 eval=02286 misfit=2.066794e-01 best=2.065590e-01
[NA] iter=00036 eval=02287 misfit=2.085477e-01 best=2.065590e-01
[NA] iter=00036 eval=02288 misfit=2.067079e-01 best=2.065590e-01
[NA] iter=00036 eval=02289 misfit=2.077337e-01 best=2.065590e-01
[NA] iter=00036 eval=02290 misfit=2.084341e-01 best=2.065590e-01
[NA] iter=00036 eval=02291 misfit=2.067014e-01 best=2.065590e-01
[NA] iter=00036 eval=02292 misfit=2.083881e-01 best=2.065590e-01
[NA] iter=00036 eval=02293 misfit=2.093406e-01 best=2.065590e-01
[NA] iter=00036 eval=02294 misfit=2.079630e-01 best=2.065590e-01
[NA] iter=00036 eval=02295 misfit=2.086018e-01 best=2.065590e-01
[NA] iter=00036 eval=02296 misfit=2.066611e-01 best=2.065590e-01
[NA] iter=00036 eval=02297 misfit=2.079553e-01 best=2.065590e-01
[NA] iter=00036 eval=02298 misfit=2.066755e-01 best=2.065590e-01
[NA] iter=00036 eval=02299 misfit=2.066732e-01 best=2.065590e-01
[NA] iter=00036 eval=02300 misfit=2.079830e-01 best=2.065590e-01
NAI - Optimisation Loop:  72%|███████▏  | 36/50 [08:46<03:22, 14.47s/it][NA] iter=00037 eval=02301 misfit=2.082595e-01 best=2.065590e-01
[NA] iter=00037 eval=02302 misfit=2.103514e-01 best=2.065590e-01
[NA] iter=00037 eval=02303 misfit=2.080169e-01 best=2.065590e-01
[NA] iter=00037 eval=02304 misfit=2.142909e-01 best=2.065590e-01
[NA] iter=00037 eval=02305 misfit=2.065850e-01 best=2.065590e-01
[NA] iter=00037 eval=02306 misfit=2.076552e-01 best=2.065590e-01
[NA] iter=00037 eval=02307 misfit=2.076897e-01 best=2.065590e-01
[NA] iter=00037 eval=02308 misfit=2.076492e-01 best=2.065590e-01
[NA] iter=00037 eval=02309 misfit=2.076337e-01 best=2.065590e-01
[NA] iter=00037 eval=02310 misfit=2.066024e-01 best=2.065590e-01
[NA] iter=00037 eval=02311 misfit=2.065952e-01 best=2.065590e-01
[NA] iter=00037 eval=02312 misfit=2.066367e-01 best=2.065590e-01
[NA] iter=00037 eval=02313 misfit=2.065902e-01 best=2.065590e-01
[NA] iter=00037 eval=02314 misfit=2.066525e-01 best=2.065590e-01
[NA] iter=00037 eval=02315 misfit=2.078826e-01 best=2.065590e-01
[NA] iter=00037 eval=02316 misfit=2.076115e-01 best=2.065590e-01
[NA] iter=00037 eval=02317 misfit=2.065917e-01 best=2.065590e-01
[NA] iter=00037 eval=02318 misfit=2.065424e-01 best=2.065424e-01
[NA] iter=00037 eval=02319 misfit=2.066106e-01 best=2.065424e-01
[NA] iter=00037 eval=02320 misfit=2.065938e-01 best=2.065424e-01
[NA] iter=00037 eval=02321 misfit=2.065095e-01 best=2.065095e-01
[NA] iter=00037 eval=02322 misfit=2.066579e-01 best=2.065095e-01
[NA] iter=00037 eval=02323 misfit=2.066177e-01 best=2.065095e-01
[NA] iter=00037 eval=02324 misfit=2.078595e-01 best=2.065095e-01
[NA] iter=00037 eval=02325 misfit=2.077422e-01 best=2.065095e-01
[NA] iter=00037 eval=02326 misfit=2.081284e-01 best=2.065095e-01
[NA] iter=00037 eval=02327 misfit=2.066663e-01 best=2.065095e-01
[NA] iter=00037 eval=02328 misfit=2.081834e-01 best=2.065095e-01
[NA] iter=00037 eval=02329 misfit=2.081660e-01 best=2.065095e-01
[NA] iter=00037 eval=02330 misfit=2.082490e-01 best=2.065095e-01
[NA] iter=00037 eval=02331 misfit=2.085061e-01 best=2.065095e-01
[NA] iter=00037 eval=02332 misfit=2.099000e-01 best=2.065095e-01
[NA] iter=00037 eval=02333 misfit=2.107786e-01 best=2.065095e-01
[NA] iter=00037 eval=02334 misfit=2.084514e-01 best=2.065095e-01
[NA] iter=00037 eval=02335 misfit=2.083003e-01 best=2.065095e-01
[NA] iter=00037 eval=02336 misfit=2.066113e-01 best=2.065095e-01
[NA] iter=00037 eval=02337 misfit=2.076766e-01 best=2.065095e-01
[NA] iter=00037 eval=02338 misfit=2.066186e-01 best=2.065095e-01
[NA] iter=00037 eval=02339 misfit=2.079736e-01 best=2.065095e-01
[NA] iter=00037 eval=02340 misfit=2.066025e-01 best=2.065095e-01
[NA] iter=00037 eval=02341 misfit=2.078152e-01 best=2.065095e-01
[NA] iter=00037 eval=02342 misfit=2.086456e-01 best=2.065095e-01
[NA] iter=00037 eval=02343 misfit=2.080287e-01 best=2.065095e-01
[NA] iter=00037 eval=02344 misfit=2.081656e-01 best=2.065095e-01
[NA] iter=00037 eval=02345 misfit=2.077735e-01 best=2.065095e-01
[NA] iter=00037 eval=02346 misfit=2.072878e-01 best=2.065095e-01
[NA] iter=00037 eval=02347 misfit=2.079086e-01 best=2.065095e-01
[NA] iter=00037 eval=02348 misfit=2.071361e-01 best=2.065095e-01
[NA] iter=00037 eval=02349 misfit=2.080273e-01 best=2.065095e-01
[NA] iter=00037 eval=02350 misfit=2.080786e-01 best=2.065095e-01
NAI - Optimisation Loop:  74%|███████▍  | 37/50 [09:01<03:10, 14.68s/it][NA] iter=00038 eval=02351 misfit=2.065127e-01 best=2.065095e-01
[NA] iter=00038 eval=02352 misfit=2.075789e-01 best=2.065095e-01
[NA] iter=00038 eval=02353 misfit=2.070279e-01 best=2.065095e-01
[NA] iter=00038 eval=02354 misfit=2.071837e-01 best=2.065095e-01
[NA] iter=00038 eval=02355 misfit=2.070149e-01 best=2.065095e-01
[NA] iter=00038 eval=02356 misfit=2.077227e-01 best=2.065095e-01
[NA] iter=00038 eval=02357 misfit=2.065704e-01 best=2.065095e-01
[NA] iter=00038 eval=02358 misfit=2.080881e-01 best=2.065095e-01
[NA] iter=00038 eval=02359 misfit=2.093609e-01 best=2.065095e-01
[NA] iter=00038 eval=02360 misfit=2.065856e-01 best=2.065095e-01
[NA] iter=00038 eval=02361 misfit=2.079268e-01 best=2.065095e-01
[NA] iter=00038 eval=02362 misfit=2.065882e-01 best=2.065095e-01
[NA] iter=00038 eval=02363 misfit=2.082095e-01 best=2.065095e-01
[NA] iter=00038 eval=02364 misfit=2.079013e-01 best=2.065095e-01
[NA] iter=00038 eval=02365 misfit=2.099039e-01 best=2.065095e-01
[NA] iter=00038 eval=02366 misfit=2.076566e-01 best=2.065095e-01
[NA] iter=00038 eval=02367 misfit=2.065610e-01 best=2.065095e-01
[NA] iter=00038 eval=02368 misfit=2.065891e-01 best=2.065095e-01
[NA] iter=00038 eval=02369 misfit=2.076479e-01 best=2.065095e-01
[NA] iter=00038 eval=02370 misfit=2.065791e-01 best=2.065095e-01
[NA] iter=00038 eval=02371 misfit=2.066485e-01 best=2.065095e-01
[NA] iter=00038 eval=02372 misfit=2.066462e-01 best=2.065095e-01
[NA] iter=00038 eval=02373 misfit=2.080266e-01 best=2.065095e-01
[NA] iter=00038 eval=02374 misfit=2.067456e-01 best=2.065095e-01
[NA] iter=00038 eval=02375 misfit=2.065994e-01 best=2.065095e-01
[NA] iter=00038 eval=02376 misfit=2.065728e-01 best=2.065095e-01
[NA] iter=00038 eval=02377 misfit=2.065817e-01 best=2.065095e-01
[NA] iter=00038 eval=02378 misfit=2.066025e-01 best=2.065095e-01
[NA] iter=00038 eval=02379 misfit=2.066214e-01 best=2.065095e-01
[NA] iter=00038 eval=02380 misfit=2.065814e-01 best=2.065095e-01
[NA] iter=00038 eval=02381 misfit=2.065745e-01 best=2.065095e-01
[NA] iter=00038 eval=02382 misfit=2.065856e-01 best=2.065095e-01
[NA] iter=00038 eval=02383 misfit=2.065868e-01 best=2.065095e-01
[NA] iter=00038 eval=02384 misfit=2.065770e-01 best=2.065095e-01
[NA] iter=00038 eval=02385 misfit=2.065756e-01 best=2.065095e-01
[NA] iter=00038 eval=02386 misfit=2.065476e-01 best=2.065095e-01
[NA] iter=00038 eval=02387 misfit=2.076368e-01 best=2.065095e-01
[NA] iter=00038 eval=02388 misfit=2.066251e-01 best=2.065095e-01
[NA] iter=00038 eval=02389 misfit=2.076616e-01 best=2.065095e-01
[NA] iter=00038 eval=02390 misfit=2.066102e-01 best=2.065095e-01
[NA] iter=00038 eval=02391 misfit=2.066162e-01 best=2.065095e-01
[NA] iter=00038 eval=02392 misfit=2.065708e-01 best=2.065095e-01
[NA] iter=00038 eval=02393 misfit=2.065883e-01 best=2.065095e-01
[NA] iter=00038 eval=02394 misfit=2.076783e-01 best=2.065095e-01
[NA] iter=00038 eval=02395 misfit=2.066006e-01 best=2.065095e-01
[NA] iter=00038 eval=02396 misfit=2.065997e-01 best=2.065095e-01
[NA] iter=00038 eval=02397 misfit=2.084720e-01 best=2.065095e-01
[NA] iter=00038 eval=02398 misfit=2.065925e-01 best=2.065095e-01
[NA] iter=00038 eval=02399 misfit=2.066086e-01 best=2.065095e-01
[NA] iter=00038 eval=02400 misfit=2.065951e-01 best=2.065095e-01
NAI - Optimisation Loop:  76%|███████▌  | 38/50 [09:16<02:55, 14.62s/it][NA] iter=00039 eval=02401 misfit=2.082379e-01 best=2.065095e-01
[NA] iter=00039 eval=02402 misfit=2.076926e-01 best=2.065095e-01
[NA] iter=00039 eval=02403 misfit=2.076700e-01 best=2.065095e-01
[NA] iter=00039 eval=02404 misfit=2.077282e-01 best=2.065095e-01
[NA] iter=00039 eval=02405 misfit=2.077572e-01 best=2.065095e-01
[NA] iter=00039 eval=02406 misfit=2.076891e-01 best=2.065095e-01
[NA] iter=00039 eval=02407 misfit=2.065321e-01 best=2.065095e-01
[NA] iter=00039 eval=02408 misfit=2.065133e-01 best=2.065095e-01
[NA] iter=00039 eval=02409 misfit=2.064989e-01 best=2.064989e-01
[NA] iter=00039 eval=02410 misfit=2.070914e-01 best=2.064989e-01
[NA] iter=00039 eval=02411 misfit=2.065461e-01 best=2.064989e-01
[NA] iter=00039 eval=02412 misfit=2.065299e-01 best=2.064989e-01
[NA] iter=00039 eval=02413 misfit=2.072735e-01 best=2.064989e-01
[NA] iter=00039 eval=02414 misfit=2.065503e-01 best=2.064989e-01
[NA] iter=00039 eval=02415 misfit=2.065377e-01 best=2.064989e-01
[NA] iter=00039 eval=02416 misfit=2.075703e-01 best=2.064989e-01
[NA] iter=00039 eval=02417 misfit=2.066066e-01 best=2.064989e-01
[NA] iter=00039 eval=02418 misfit=2.075517e-01 best=2.064989e-01
[NA] iter=00039 eval=02419 misfit=2.075826e-01 best=2.064989e-01
[NA] iter=00039 eval=02420 misfit=2.064851e-01 best=2.064851e-01
[NA] iter=00039 eval=02421 misfit=2.081303e-01 best=2.064851e-01
[NA] iter=00039 eval=02422 misfit=2.098667e-01 best=2.064851e-01
[NA] iter=00039 eval=02423 misfit=2.099778e-01 best=2.064851e-01
[NA] iter=00039 eval=02424 misfit=2.080617e-01 best=2.064851e-01
[NA] iter=00039 eval=02425 misfit=2.079962e-01 best=2.064851e-01
[NA] iter=00039 eval=02426 misfit=2.065575e-01 best=2.064851e-01
[NA] iter=00039 eval=02427 misfit=2.065404e-01 best=2.064851e-01
[NA] iter=00039 eval=02428 misfit=2.065432e-01 best=2.064851e-01
[NA] iter=00039 eval=02429 misfit=2.075975e-01 best=2.064851e-01
[NA] iter=00039 eval=02430 misfit=2.065472e-01 best=2.064851e-01
[NA] iter=00039 eval=02431 misfit=2.065612e-01 best=2.064851e-01
[NA] iter=00039 eval=02432 misfit=2.065889e-01 best=2.064851e-01
[NA] iter=00039 eval=02433 misfit=2.076209e-01 best=2.064851e-01
[NA] iter=00039 eval=02434 misfit=2.076285e-01 best=2.064851e-01
[NA] iter=00039 eval=02435 misfit=2.065689e-01 best=2.064851e-01
[NA] iter=00039 eval=02436 misfit=2.078528e-01 best=2.064851e-01
[NA] iter=00039 eval=02437 misfit=2.065965e-01 best=2.064851e-01
[NA] iter=00039 eval=02438 misfit=2.065684e-01 best=2.064851e-01
[NA] iter=00039 eval=02439 misfit=2.065959e-01 best=2.064851e-01
[NA] iter=00039 eval=02440 misfit=2.065249e-01 best=2.064851e-01
[NA] iter=00039 eval=02441 misfit=2.076886e-01 best=2.064851e-01
[NA] iter=00039 eval=02442 misfit=2.077022e-01 best=2.064851e-01
[NA] iter=00039 eval=02443 misfit=2.076059e-01 best=2.064851e-01
[NA] iter=00039 eval=02444 misfit=2.076519e-01 best=2.064851e-01
[NA] iter=00039 eval=02445 misfit=2.076478e-01 best=2.064851e-01
[NA] iter=00039 eval=02446 misfit=2.065716e-01 best=2.064851e-01
[NA] iter=00039 eval=02447 misfit=2.065602e-01 best=2.064851e-01
[NA] iter=00039 eval=02448 misfit=2.065875e-01 best=2.064851e-01
[NA] iter=00039 eval=02449 misfit=2.065692e-01 best=2.064851e-01
[NA] iter=00039 eval=02450 misfit=2.065917e-01 best=2.064851e-01
NAI - Optimisation Loop:  78%|███████▊  | 39/50 [09:30<02:38, 14.45s/it][NA] iter=00040 eval=02451 misfit=2.071305e-01 best=2.064851e-01
[NA] iter=00040 eval=02452 misfit=2.084501e-01 best=2.064851e-01
[NA] iter=00040 eval=02453 misfit=2.094128e-01 best=2.064851e-01
[NA] iter=00040 eval=02454 misfit=2.082772e-01 best=2.064851e-01
[NA] iter=00040 eval=02455 misfit=2.083941e-01 best=2.064851e-01
[NA] iter=00040 eval=02456 misfit=2.071399e-01 best=2.064851e-01
[NA] iter=00040 eval=02457 misfit=2.065271e-01 best=2.064851e-01
[NA] iter=00040 eval=02458 misfit=2.065025e-01 best=2.064851e-01
[NA] iter=00040 eval=02459 misfit=2.081627e-01 best=2.064851e-01
[NA] iter=00040 eval=02460 misfit=2.065230e-01 best=2.064851e-01
[NA] iter=00040 eval=02461 misfit=2.082278e-01 best=2.064851e-01
[NA] iter=00040 eval=02462 misfit=2.064938e-01 best=2.064851e-01
[NA] iter=00040 eval=02463 misfit=2.071408e-01 best=2.064851e-01
[NA] iter=00040 eval=02464 misfit=2.065478e-01 best=2.064851e-01
[NA] iter=00040 eval=02465 misfit=2.064877e-01 best=2.064851e-01
[NA] iter=00040 eval=02466 misfit=2.065172e-01 best=2.064851e-01
[NA] iter=00040 eval=02467 misfit=2.065024e-01 best=2.064851e-01
[NA] iter=00040 eval=02468 misfit=2.076098e-01 best=2.064851e-01
[NA] iter=00040 eval=02469 misfit=2.065431e-01 best=2.064851e-01
[NA] iter=00040 eval=02470 misfit=2.076437e-01 best=2.064851e-01
[NA] iter=00040 eval=02471 misfit=2.071372e-01 best=2.064851e-01
[NA] iter=00040 eval=02472 misfit=2.071562e-01 best=2.064851e-01
[NA] iter=00040 eval=02473 misfit=2.064832e-01 best=2.064832e-01
[NA] iter=00040 eval=02474 misfit=2.070374e-01 best=2.064832e-01
[NA] iter=00040 eval=02475 misfit=2.065116e-01 best=2.064832e-01
[NA] iter=00040 eval=02476 misfit=2.065214e-01 best=2.064832e-01
[NA] iter=00040 eval=02477 misfit=2.076945e-01 best=2.064832e-01
[NA] iter=00040 eval=02478 misfit=2.072095e-01 best=2.064832e-01
[NA] iter=00040 eval=02479 misfit=2.072248e-01 best=2.064832e-01
[NA] iter=00040 eval=02480 misfit=2.084991e-01 best=2.064832e-01
[NA] iter=00040 eval=02481 misfit=2.065367e-01 best=2.064832e-01
[NA] iter=00040 eval=02482 misfit=2.076429e-01 best=2.064832e-01
[NA] iter=00040 eval=02483 misfit=2.065393e-01 best=2.064832e-01
[NA] iter=00040 eval=02484 misfit=2.065451e-01 best=2.064832e-01
[NA] iter=00040 eval=02485 misfit=2.076072e-01 best=2.064832e-01
[NA] iter=00040 eval=02486 misfit=2.079525e-01 best=2.064832e-01
[NA] iter=00040 eval=02487 misfit=2.077152e-01 best=2.064832e-01
[NA] iter=00040 eval=02488 misfit=2.065518e-01 best=2.064832e-01
[NA] iter=00040 eval=02489 misfit=2.065177e-01 best=2.064832e-01
[NA] iter=00040 eval=02490 misfit=2.077301e-01 best=2.064832e-01
[NA] iter=00040 eval=02491 misfit=2.065305e-01 best=2.064832e-01
[NA] iter=00040 eval=02492 misfit=2.065536e-01 best=2.064832e-01
[NA] iter=00040 eval=02493 misfit=2.065362e-01 best=2.064832e-01
[NA] iter=00040 eval=02494 misfit=2.065256e-01 best=2.064832e-01
[NA] iter=00040 eval=02495 misfit=2.065336e-01 best=2.064832e-01
[NA] iter=00040 eval=02496 misfit=2.065159e-01 best=2.064832e-01
[NA] iter=00040 eval=02497 misfit=2.065298e-01 best=2.064832e-01
[NA] iter=00040 eval=02498 misfit=2.075569e-01 best=2.064832e-01
[NA] iter=00040 eval=02499 misfit=2.065230e-01 best=2.064832e-01
[NA] iter=00040 eval=02500 misfit=2.065458e-01 best=2.064832e-01
NAI - Optimisation Loop:  80%|████████  | 40/50 [09:45<02:26, 14.63s/it][NA] iter=00041 eval=02501 misfit=2.064995e-01 best=2.064832e-01
[NA] iter=00041 eval=02502 misfit=2.064993e-01 best=2.064832e-01
[NA] iter=00041 eval=02503 misfit=2.076437e-01 best=2.064832e-01
[NA] iter=00041 eval=02504 misfit=2.064936e-01 best=2.064832e-01
[NA] iter=00041 eval=02505 misfit=2.076562e-01 best=2.064832e-01
[NA] iter=00041 eval=02506 misfit=2.073016e-01 best=2.064832e-01
[NA] iter=00041 eval=02507 misfit=2.064860e-01 best=2.064832e-01
[NA] iter=00041 eval=02508 misfit=2.085111e-01 best=2.064832e-01
[NA] iter=00041 eval=02509 misfit=2.084054e-01 best=2.064832e-01
[NA] iter=00041 eval=02510 misfit=2.064636e-01 best=2.064636e-01
[NA] iter=00041 eval=02511 misfit=2.076202e-01 best=2.064636e-01
[NA] iter=00041 eval=02512 misfit=2.076402e-01 best=2.064636e-01
[NA] iter=00041 eval=02513 misfit=2.076056e-01 best=2.064636e-01
[NA] iter=00041 eval=02514 misfit=2.064914e-01 best=2.064636e-01
[NA] iter=00041 eval=02515 misfit=2.075948e-01 best=2.064636e-01
[NA] iter=00041 eval=02516 misfit=2.083067e-01 best=2.064636e-01
[NA] iter=00041 eval=02517 misfit=2.074215e-01 best=2.064636e-01
[NA] iter=00041 eval=02518 misfit=2.081710e-01 best=2.064636e-01
[NA] iter=00041 eval=02519 misfit=2.074225e-01 best=2.064636e-01
[NA] iter=00041 eval=02520 misfit=2.064568e-01 best=2.064568e-01
[NA] iter=00041 eval=02521 misfit=2.065034e-01 best=2.064568e-01
[NA] iter=00041 eval=02522 misfit=2.071547e-01 best=2.064568e-01
[NA] iter=00041 eval=02523 misfit=2.065066e-01 best=2.064568e-01
[NA] iter=00041 eval=02524 misfit=2.071064e-01 best=2.064568e-01
[NA] iter=00041 eval=02525 misfit=2.064879e-01 best=2.064568e-01
[NA] iter=00041 eval=02526 misfit=2.071348e-01 best=2.064568e-01
[NA] iter=00041 eval=02527 misfit=2.071422e-01 best=2.064568e-01
[NA] iter=00041 eval=02528 misfit=2.065186e-01 best=2.064568e-01
[NA] iter=00041 eval=02529 misfit=2.072004e-01 best=2.064568e-01
[NA] iter=00041 eval=02530 misfit=2.065138e-01 best=2.064568e-01
[NA] iter=00041 eval=02531 misfit=2.077218e-01 best=2.064568e-01
[NA] iter=00041 eval=02532 misfit=2.077122e-01 best=2.064568e-01
[NA] iter=00041 eval=02533 misfit=2.076824e-01 best=2.064568e-01
[NA] iter=00041 eval=02534 misfit=2.077409e-01 best=2.064568e-01
[NA] iter=00041 eval=02535 misfit=2.076721e-01 best=2.064568e-01
[NA] iter=00041 eval=02536 misfit=2.065189e-01 best=2.064568e-01
[NA] iter=00041 eval=02537 misfit=2.065301e-01 best=2.064568e-01
[NA] iter=00041 eval=02538 misfit=2.065394e-01 best=2.064568e-01
[NA] iter=00041 eval=02539 misfit=2.065232e-01 best=2.064568e-01
[NA] iter=00041 eval=02540 misfit=2.071375e-01 best=2.064568e-01
[NA] iter=00041 eval=02541 misfit=2.071097e-01 best=2.064568e-01
[NA] iter=00041 eval=02542 misfit=2.070695e-01 best=2.064568e-01
[NA] iter=00041 eval=02543 misfit=2.070720e-01 best=2.064568e-01
[NA] iter=00041 eval=02544 misfit=2.071231e-01 best=2.064568e-01
[NA] iter=00041 eval=02545 misfit=2.071140e-01 best=2.064568e-01
[NA] iter=00041 eval=02546 misfit=2.076741e-01 best=2.064568e-01
[NA] iter=00041 eval=02547 misfit=2.065005e-01 best=2.064568e-01
[NA] iter=00041 eval=02548 misfit=2.065061e-01 best=2.064568e-01
[NA] iter=00041 eval=02549 misfit=2.064977e-01 best=2.064568e-01
[NA] iter=00041 eval=02550 misfit=2.065384e-01 best=2.064568e-01
NAI - Optimisation Loop:  82%|████████▏ | 41/50 [10:00<02:12, 14.78s/it][NA] iter=00042 eval=02551 misfit=2.075784e-01 best=2.064568e-01
[NA] iter=00042 eval=02552 misfit=2.064461e-01 best=2.064461e-01
[NA] iter=00042 eval=02553 misfit=2.076964e-01 best=2.064461e-01
[NA] iter=00042 eval=02554 misfit=2.076979e-01 best=2.064461e-01
[NA] iter=00042 eval=02555 misfit=2.070722e-01 best=2.064461e-01
[NA] iter=00042 eval=02556 misfit=2.064657e-01 best=2.064461e-01
[NA] iter=00042 eval=02557 misfit=2.072127e-01 best=2.064461e-01
[NA] iter=00042 eval=02558 misfit=2.064477e-01 best=2.064461e-01
[NA] iter=00042 eval=02559 misfit=2.084028e-01 best=2.064461e-01
[NA] iter=00042 eval=02560 misfit=2.071703e-01 best=2.064461e-01
[NA] iter=00042 eval=02561 misfit=2.071089e-01 best=2.064461e-01
[NA] iter=00042 eval=02562 misfit=2.070997e-01 best=2.064461e-01
[NA] iter=00042 eval=02563 misfit=2.064916e-01 best=2.064461e-01
[NA] iter=00042 eval=02564 misfit=2.071367e-01 best=2.064461e-01
[NA] iter=00042 eval=02565 misfit=2.070856e-01 best=2.064461e-01
[NA] iter=00042 eval=02566 misfit=2.083916e-01 best=2.064461e-01
[NA] iter=00042 eval=02567 misfit=2.071786e-01 best=2.064461e-01
[NA] iter=00042 eval=02568 misfit=2.064925e-01 best=2.064461e-01
[NA] iter=00042 eval=02569 misfit=2.072382e-01 best=2.064461e-01
[NA] iter=00042 eval=02570 misfit=2.064806e-01 best=2.064461e-01
[NA] iter=00042 eval=02571 misfit=2.074464e-01 best=2.064461e-01
[NA] iter=00042 eval=02572 misfit=2.064982e-01 best=2.064461e-01
[NA] iter=00042 eval=02573 misfit=2.065243e-01 best=2.064461e-01
[NA] iter=00042 eval=02574 misfit=2.072721e-01 best=2.064461e-01
[NA] iter=00042 eval=02575 misfit=2.073384e-01 best=2.064461e-01
[NA] iter=00042 eval=02576 misfit=2.071073e-01 best=2.064461e-01
[NA] iter=00042 eval=02577 misfit=2.071068e-01 best=2.064461e-01
[NA] iter=00042 eval=02578 misfit=2.064943e-01 best=2.064461e-01
[NA] iter=00042 eval=02579 misfit=2.065025e-01 best=2.064461e-01
[NA] iter=00042 eval=02580 misfit=2.075967e-01 best=2.064461e-01
[NA] iter=00042 eval=02581 misfit=2.064842e-01 best=2.064461e-01
[NA] iter=00042 eval=02582 misfit=2.070922e-01 best=2.064461e-01
[NA] iter=00042 eval=02583 misfit=2.076439e-01 best=2.064461e-01
[NA] iter=00042 eval=02584 misfit=2.079478e-01 best=2.064461e-01
[NA] iter=00042 eval=02585 misfit=2.064865e-01 best=2.064461e-01
[NA] iter=00042 eval=02586 misfit=2.065047e-01 best=2.064461e-01
[NA] iter=00042 eval=02587 misfit=2.065133e-01 best=2.064461e-01
[NA] iter=00042 eval=02588 misfit=2.065039e-01 best=2.064461e-01
[NA] iter=00042 eval=02589 misfit=2.076456e-01 best=2.064461e-01
[NA] iter=00042 eval=02590 misfit=2.075903e-01 best=2.064461e-01
[NA] iter=00042 eval=02591 misfit=2.076664e-01 best=2.064461e-01
[NA] iter=00042 eval=02592 misfit=2.076522e-01 best=2.064461e-01
[NA] iter=00042 eval=02593 misfit=2.076692e-01 best=2.064461e-01
[NA] iter=00042 eval=02594 misfit=2.065019e-01 best=2.064461e-01
[NA] iter=00042 eval=02595 misfit=2.065261e-01 best=2.064461e-01
[NA] iter=00042 eval=02596 misfit=2.071533e-01 best=2.064461e-01
[NA] iter=00042 eval=02597 misfit=2.076153e-01 best=2.064461e-01
[NA] iter=00042 eval=02598 misfit=2.065002e-01 best=2.064461e-01
[NA] iter=00042 eval=02599 misfit=2.065000e-01 best=2.064461e-01
[NA] iter=00042 eval=02600 misfit=2.064859e-01 best=2.064461e-01
NAI - Optimisation Loop:  84%|████████▍ | 42/50 [10:15<01:58, 14.86s/it][NA] iter=00043 eval=02601 misfit=2.075548e-01 best=2.064461e-01
[NA] iter=00043 eval=02602 misfit=2.082202e-01 best=2.064461e-01
[NA] iter=00043 eval=02603 misfit=2.064657e-01 best=2.064461e-01
[NA] iter=00043 eval=02604 misfit=2.076636e-01 best=2.064461e-01
[NA] iter=00043 eval=02605 misfit=2.071066e-01 best=2.064461e-01
[NA] iter=00043 eval=02606 misfit=2.074650e-01 best=2.064461e-01
[NA] iter=00043 eval=02607 misfit=2.074228e-01 best=2.064461e-01
[NA] iter=00043 eval=02608 misfit=2.074570e-01 best=2.064461e-01
[NA] iter=00043 eval=02609 misfit=2.074693e-01 best=2.064461e-01
[NA] iter=00043 eval=02610 misfit=2.064716e-01 best=2.064461e-01
[NA] iter=00043 eval=02611 misfit=2.070529e-01 best=2.064461e-01
[NA] iter=00043 eval=02612 misfit=2.076049e-01 best=2.064461e-01
[NA] iter=00043 eval=02613 misfit=2.076776e-01 best=2.064461e-01
[NA] iter=00043 eval=02614 misfit=2.077069e-01 best=2.064461e-01
[NA] iter=00043 eval=02615 misfit=2.076529e-01 best=2.064461e-01
[NA] iter=00043 eval=02616 misfit=2.064142e-01 best=2.064142e-01
[NA] iter=00043 eval=02617 misfit=2.072431e-01 best=2.064142e-01
[NA] iter=00043 eval=02618 misfit=2.072320e-01 best=2.064142e-01
[NA] iter=00043 eval=02619 misfit=2.064598e-01 best=2.064142e-01
[NA] iter=00043 eval=02620 misfit=2.072180e-01 best=2.064142e-01
[NA] iter=00043 eval=02621 misfit=2.075282e-01 best=2.064142e-01
[NA] iter=00043 eval=02622 misfit=2.075489e-01 best=2.064142e-01
[NA] iter=00043 eval=02623 misfit=2.075292e-01 best=2.064142e-01
[NA] iter=00043 eval=02624 misfit=2.065031e-01 best=2.064142e-01
[NA] iter=00043 eval=02625 misfit=2.076317e-01 best=2.064142e-01
[NA] iter=00043 eval=02626 misfit=2.064617e-01 best=2.064142e-01
[NA] iter=00043 eval=02627 misfit=2.064842e-01 best=2.064142e-01
[NA] iter=00043 eval=02628 misfit=2.064658e-01 best=2.064142e-01
[NA] iter=00043 eval=02629 misfit=2.074620e-01 best=2.064142e-01
[NA] iter=00043 eval=02630 misfit=2.064920e-01 best=2.064142e-01
[NA] iter=00043 eval=02631 misfit=2.064670e-01 best=2.064142e-01
[NA] iter=00043 eval=02632 misfit=2.065009e-01 best=2.064142e-01
[NA] iter=00043 eval=02633 misfit=2.076334e-01 best=2.064142e-01
[NA] iter=00043 eval=02634 misfit=2.064779e-01 best=2.064142e-01
[NA] iter=00043 eval=02635 misfit=2.064805e-01 best=2.064142e-01
[NA] iter=00043 eval=02636 misfit=2.075974e-01 best=2.064142e-01
[NA] iter=00043 eval=02637 misfit=2.064495e-01 best=2.064142e-01
[NA] iter=00043 eval=02638 misfit=2.076346e-01 best=2.064142e-01
[NA] iter=00043 eval=02639 misfit=2.064710e-01 best=2.064142e-01
[NA] iter=00043 eval=02640 misfit=2.064867e-01 best=2.064142e-01
[NA] iter=00043 eval=02641 misfit=2.072960e-01 best=2.064142e-01
[NA] iter=00043 eval=02642 misfit=2.064720e-01 best=2.064142e-01
[NA] iter=00043 eval=02643 misfit=2.084250e-01 best=2.064142e-01
[NA] iter=00043 eval=02644 misfit=2.072878e-01 best=2.064142e-01
[NA] iter=00043 eval=02645 misfit=2.064676e-01 best=2.064142e-01
[NA] iter=00043 eval=02646 misfit=2.071160e-01 best=2.064142e-01
[NA] iter=00043 eval=02647 misfit=2.070889e-01 best=2.064142e-01
[NA] iter=00043 eval=02648 misfit=2.064804e-01 best=2.064142e-01
[NA] iter=00043 eval=02649 misfit=2.064872e-01 best=2.064142e-01
[NA] iter=00043 eval=02650 misfit=2.064702e-01 best=2.064142e-01
NAI - Optimisation Loop:  86%|████████▌ | 43/50 [10:30<01:44, 14.90s/it][NA] iter=00044 eval=02651 misfit=2.064036e-01 best=2.064036e-01
[NA] iter=00044 eval=02652 misfit=2.071969e-01 best=2.064036e-01
[NA] iter=00044 eval=02653 misfit=2.064161e-01 best=2.064036e-01
[NA] iter=00044 eval=02654 misfit=2.063905e-01 best=2.063905e-01
[NA] iter=00044 eval=02655 misfit=2.071380e-01 best=2.063905e-01
[NA] iter=00044 eval=02656 misfit=2.075790e-01 best=2.063905e-01
[NA] iter=00044 eval=02657 misfit=2.075556e-01 best=2.063905e-01
[NA] iter=00044 eval=02658 misfit=2.064534e-01 best=2.063905e-01
[NA] iter=00044 eval=02659 misfit=2.076125e-01 best=2.063905e-01
[NA] iter=00044 eval=02660 misfit=2.075916e-01 best=2.063905e-01
[NA] iter=00044 eval=02661 misfit=2.064606e-01 best=2.063905e-01
[NA] iter=00044 eval=02662 misfit=2.064586e-01 best=2.063905e-01
[NA] iter=00044 eval=02663 misfit=2.074353e-01 best=2.063905e-01
[NA] iter=00044 eval=02664 misfit=2.064224e-01 best=2.063905e-01
[NA] iter=00044 eval=02665 misfit=2.064671e-01 best=2.063905e-01
[NA] iter=00044 eval=02666 misfit=2.080754e-01 best=2.063905e-01
[NA] iter=00044 eval=02667 misfit=2.095159e-01 best=2.063905e-01
[NA] iter=00044 eval=02668 misfit=2.081052e-01 best=2.063905e-01
[NA] iter=00044 eval=02669 misfit=2.070367e-01 best=2.063905e-01
[NA] iter=00044 eval=02670 misfit=2.094519e-01 best=2.063905e-01
[NA] iter=00044 eval=02671 misfit=2.064725e-01 best=2.063905e-01
[NA] iter=00044 eval=02672 misfit=2.076298e-01 best=2.063905e-01
[NA] iter=00044 eval=02673 misfit=2.076793e-01 best=2.063905e-01
[NA] iter=00044 eval=02674 misfit=2.069986e-01 best=2.063905e-01
[NA] iter=00044 eval=02675 misfit=2.070358e-01 best=2.063905e-01
[NA] iter=00044 eval=02676 misfit=2.064298e-01 best=2.063905e-01
[NA] iter=00044 eval=02677 misfit=2.064870e-01 best=2.063905e-01
[NA] iter=00044 eval=02678 misfit=2.064421e-01 best=2.063905e-01
[NA] iter=00044 eval=02679 misfit=2.064772e-01 best=2.063905e-01
[NA] iter=00044 eval=02680 misfit=2.064569e-01 best=2.063905e-01
[NA] iter=00044 eval=02681 misfit=2.075280e-01 best=2.063905e-01
[NA] iter=00044 eval=02682 misfit=2.064266e-01 best=2.063905e-01
[NA] iter=00044 eval=02683 misfit=2.075768e-01 best=2.063905e-01
[NA] iter=00044 eval=02684 misfit=2.064625e-01 best=2.063905e-01
[NA] iter=00044 eval=02685 misfit=2.075408e-01 best=2.063905e-01
[NA] iter=00044 eval=02686 misfit=2.064645e-01 best=2.063905e-01
[NA] iter=00044 eval=02687 misfit=2.064510e-01 best=2.063905e-01
[NA] iter=00044 eval=02688 misfit=2.083324e-01 best=2.063905e-01
[NA] iter=00044 eval=02689 misfit=2.072233e-01 best=2.063905e-01
[NA] iter=00044 eval=02690 misfit=2.064713e-01 best=2.063905e-01
[NA] iter=00044 eval=02691 misfit=2.074698e-01 best=2.063905e-01
[NA] iter=00044 eval=02692 misfit=2.074709e-01 best=2.063905e-01
[NA] iter=00044 eval=02693 misfit=2.064729e-01 best=2.063905e-01
[NA] iter=00044 eval=02694 misfit=2.064210e-01 best=2.063905e-01
[NA] iter=00044 eval=02695 misfit=2.074764e-01 best=2.063905e-01
[NA] iter=00044 eval=02696 misfit=2.064848e-01 best=2.063905e-01
[NA] iter=00044 eval=02697 misfit=2.070874e-01 best=2.063905e-01
[NA] iter=00044 eval=02698 misfit=2.064904e-01 best=2.063905e-01
[NA] iter=00044 eval=02699 misfit=2.064424e-01 best=2.063905e-01
[NA] iter=00044 eval=02700 misfit=2.076113e-01 best=2.063905e-01
NAI - Optimisation Loop:  88%|████████▊ | 44/50 [10:45<01:29, 14.99s/it][NA] iter=00045 eval=02701 misfit=2.071585e-01 best=2.063905e-01
[NA] iter=00045 eval=02702 misfit=2.071166e-01 best=2.063905e-01
[NA] iter=00045 eval=02703 misfit=2.070517e-01 best=2.063905e-01
[NA] iter=00045 eval=02704 misfit=2.063740e-01 best=2.063740e-01
[NA] iter=00045 eval=02705 misfit=2.074334e-01 best=2.063740e-01
[NA] iter=00045 eval=02706 misfit=2.064024e-01 best=2.063740e-01
[NA] iter=00045 eval=02707 misfit=2.083138e-01 best=2.063740e-01
[NA] iter=00045 eval=02708 misfit=2.063964e-01 best=2.063740e-01
[NA] iter=00045 eval=02709 misfit=2.064182e-01 best=2.063740e-01
[NA] iter=00045 eval=02710 misfit=2.064366e-01 best=2.063740e-01
[NA] iter=00045 eval=02711 misfit=2.072099e-01 best=2.063740e-01
[NA] iter=00045 eval=02712 misfit=2.071682e-01 best=2.063740e-01
[NA] iter=00045 eval=02713 misfit=2.071952e-01 best=2.063740e-01
[NA] iter=00045 eval=02714 misfit=2.064017e-01 best=2.063740e-01
[NA] iter=00045 eval=02715 misfit=2.064260e-01 best=2.063740e-01
[NA] iter=00045 eval=02716 misfit=2.064096e-01 best=2.063740e-01
[NA] iter=00045 eval=02717 misfit=2.063960e-01 best=2.063740e-01
[NA] iter=00045 eval=02718 misfit=2.064465e-01 best=2.063740e-01
[NA] iter=00045 eval=02719 misfit=2.064054e-01 best=2.063740e-01
[NA] iter=00045 eval=02720 misfit=2.064294e-01 best=2.063740e-01
[NA] iter=00045 eval=02721 misfit=2.064336e-01 best=2.063740e-01
[NA] iter=00045 eval=02722 misfit=2.064387e-01 best=2.063740e-01
[NA] iter=00045 eval=02723 misfit=2.064420e-01 best=2.063740e-01
[NA] iter=00045 eval=02724 misfit=2.064461e-01 best=2.063740e-01
[NA] iter=00045 eval=02725 misfit=2.074629e-01 best=2.063740e-01
[NA] iter=00045 eval=02726 misfit=2.064168e-01 best=2.063740e-01
[NA] iter=00045 eval=02727 misfit=2.074081e-01 best=2.063740e-01
[NA] iter=00045 eval=02728 misfit=2.064307e-01 best=2.063740e-01
[NA] iter=00045 eval=02729 misfit=2.064035e-01 best=2.063740e-01
[NA] iter=00045 eval=02730 misfit=2.064163e-01 best=2.063740e-01
[NA] iter=00045 eval=02731 misfit=2.075153e-01 best=2.063740e-01
[NA] iter=00045 eval=02732 misfit=2.074733e-01 best=2.063740e-01
[NA] iter=00045 eval=02733 misfit=2.071642e-01 best=2.063740e-01
[NA] iter=00045 eval=02734 misfit=2.064189e-01 best=2.063740e-01
[NA] iter=00045 eval=02735 misfit=2.064060e-01 best=2.063740e-01
[NA] iter=00045 eval=02736 misfit=2.064337e-01 best=2.063740e-01
[NA] iter=00045 eval=02737 misfit=2.064187e-01 best=2.063740e-01
[NA] iter=00045 eval=02738 misfit=2.074680e-01 best=2.063740e-01
[NA] iter=00045 eval=02739 misfit=2.064314e-01 best=2.063740e-01
[NA] iter=00045 eval=02740 misfit=2.064174e-01 best=2.063740e-01
[NA] iter=00045 eval=02741 misfit=2.064158e-01 best=2.063740e-01
[NA] iter=00045 eval=02742 misfit=2.064202e-01 best=2.063740e-01
[NA] iter=00045 eval=02743 misfit=2.074966e-01 best=2.063740e-01
[NA] iter=00045 eval=02744 misfit=2.075250e-01 best=2.063740e-01
[NA] iter=00045 eval=02745 misfit=2.064360e-01 best=2.063740e-01
[NA] iter=00045 eval=02746 misfit=2.075526e-01 best=2.063740e-01
[NA] iter=00045 eval=02747 misfit=2.070545e-01 best=2.063740e-01
[NA] iter=00045 eval=02748 misfit=2.070025e-01 best=2.063740e-01
[NA] iter=00045 eval=02749 misfit=2.070161e-01 best=2.063740e-01
[NA] iter=00045 eval=02750 misfit=2.070972e-01 best=2.063740e-01
NAI - Optimisation Loop:  90%|█████████ | 45/50 [11:00<01:15, 15.00s/it][NA] iter=00046 eval=02751 misfit=2.071382e-01 best=2.063740e-01
[NA] iter=00046 eval=02752 misfit=2.074247e-01 best=2.063740e-01
[NA] iter=00046 eval=02753 misfit=2.063767e-01 best=2.063740e-01
[NA] iter=00046 eval=02754 misfit=2.071601e-01 best=2.063740e-01
[NA] iter=00046 eval=02755 misfit=2.074442e-01 best=2.063740e-01
[NA] iter=00046 eval=02756 misfit=2.074806e-01 best=2.063740e-01
[NA] iter=00046 eval=02757 misfit=2.063727e-01 best=2.063727e-01
[NA] iter=00046 eval=02758 misfit=2.075208e-01 best=2.063727e-01
[NA] iter=00046 eval=02759 misfit=2.063878e-01 best=2.063727e-01
[NA] iter=00046 eval=02760 misfit=2.074138e-01 best=2.063727e-01
[NA] iter=00046 eval=02761 misfit=2.075282e-01 best=2.063727e-01
[NA] iter=00046 eval=02762 misfit=2.063938e-01 best=2.063727e-01
[NA] iter=00046 eval=02763 misfit=2.074915e-01 best=2.063727e-01
[NA] iter=00046 eval=02764 misfit=2.074178e-01 best=2.063727e-01
[NA] iter=00046 eval=02765 misfit=2.064044e-01 best=2.063727e-01
[NA] iter=00046 eval=02766 misfit=2.074083e-01 best=2.063727e-01
[NA] iter=00046 eval=02767 misfit=2.063781e-01 best=2.063727e-01
[NA] iter=00046 eval=02768 misfit=2.083088e-01 best=2.063727e-01
[NA] iter=00046 eval=02769 misfit=2.082075e-01 best=2.063727e-01
[NA] iter=00046 eval=02770 misfit=2.063491e-01 best=2.063491e-01
[NA] iter=00046 eval=02771 misfit=2.063720e-01 best=2.063491e-01
[NA] iter=00046 eval=02772 misfit=2.071180e-01 best=2.063491e-01
[NA] iter=00046 eval=02773 misfit=2.071363e-01 best=2.063491e-01
[NA] iter=00046 eval=02774 misfit=2.074263e-01 best=2.063491e-01
[NA] iter=00046 eval=02775 misfit=2.071282e-01 best=2.063491e-01
[NA] iter=00046 eval=02776 misfit=2.063915e-01 best=2.063491e-01
[NA] iter=00046 eval=02777 misfit=2.063844e-01 best=2.063491e-01
[NA] iter=00046 eval=02778 misfit=2.064102e-01 best=2.063491e-01
[NA] iter=00046 eval=02779 misfit=2.074020e-01 best=2.063491e-01
[NA] iter=00046 eval=02780 misfit=2.064201e-01 best=2.063491e-01
[NA] iter=00046 eval=02781 misfit=2.064019e-01 best=2.063491e-01
[NA] iter=00046 eval=02782 misfit=2.064243e-01 best=2.063491e-01
[NA] iter=00046 eval=02783 misfit=2.074099e-01 best=2.063491e-01
[NA] iter=00046 eval=02784 misfit=2.064012e-01 best=2.063491e-01
[NA] iter=00046 eval=02785 misfit=2.063924e-01 best=2.063491e-01
[NA] iter=00046 eval=02786 misfit=2.064246e-01 best=2.063491e-01
[NA] iter=00046 eval=02787 misfit=2.063948e-01 best=2.063491e-01
[NA] iter=00046 eval=02788 misfit=2.063892e-01 best=2.063491e-01
[NA] iter=00046 eval=02789 misfit=2.074227e-01 best=2.063491e-01
[NA] iter=00046 eval=02790 misfit=2.064140e-01 best=2.063491e-01
[NA] iter=00046 eval=02791 misfit=2.064068e-01 best=2.063491e-01
[NA] iter=00046 eval=02792 misfit=2.064189e-01 best=2.063491e-01
[NA] iter=00046 eval=02793 misfit=2.063931e-01 best=2.063491e-01
[NA] iter=00046 eval=02794 misfit=2.064123e-01 best=2.063491e-01
[NA] iter=00046 eval=02795 misfit=2.071472e-01 best=2.063491e-01
[NA] iter=00046 eval=02796 misfit=2.071328e-01 best=2.063491e-01
[NA] iter=00046 eval=02797 misfit=2.064335e-01 best=2.063491e-01
[NA] iter=00046 eval=02798 misfit=2.070737e-01 best=2.063491e-01
[NA] iter=00046 eval=02799 misfit=2.070395e-01 best=2.063491e-01
[NA] iter=00046 eval=02800 misfit=2.063980e-01 best=2.063491e-01
NAI - Optimisation Loop:  92%|█████████▏| 46/50 [11:15<01:00, 15.04s/it][NA] iter=00047 eval=02801 misfit=2.081714e-01 best=2.063491e-01
[NA] iter=00047 eval=02802 misfit=2.073953e-01 best=2.063491e-01
[NA] iter=00047 eval=02803 misfit=2.074393e-01 best=2.063491e-01
[NA] iter=00047 eval=02804 misfit=2.073997e-01 best=2.063491e-01
[NA] iter=00047 eval=02805 misfit=2.070834e-01 best=2.063491e-01
[NA] iter=00047 eval=02806 misfit=2.063684e-01 best=2.063491e-01
[NA] iter=00047 eval=02807 misfit=2.071288e-01 best=2.063491e-01
[NA] iter=00047 eval=02808 misfit=2.070916e-01 best=2.063491e-01
[NA] iter=00047 eval=02809 misfit=2.063612e-01 best=2.063491e-01
[NA] iter=00047 eval=02810 misfit=2.063752e-01 best=2.063491e-01
[NA] iter=00047 eval=02811 misfit=2.063611e-01 best=2.063491e-01
[NA] iter=00047 eval=02812 misfit=2.074438e-01 best=2.063491e-01
[NA] iter=00047 eval=02813 misfit=2.074121e-01 best=2.063491e-01
[NA] iter=00047 eval=02814 misfit=2.070930e-01 best=2.063491e-01
[NA] iter=00047 eval=02815 misfit=2.070485e-01 best=2.063491e-01
[NA] iter=00047 eval=02816 misfit=2.071247e-01 best=2.063491e-01
[NA] iter=00047 eval=02817 misfit=2.063542e-01 best=2.063491e-01
[NA] iter=00047 eval=02818 misfit=2.063749e-01 best=2.063491e-01
[NA] iter=00047 eval=02819 misfit=2.063649e-01 best=2.063491e-01
[NA] iter=00047 eval=02820 misfit=2.071237e-01 best=2.063491e-01
[NA] iter=00047 eval=02821 misfit=2.091525e-01 best=2.063491e-01
[NA] iter=00047 eval=02822 misfit=2.079869e-01 best=2.063491e-01
[NA] iter=00047 eval=02823 misfit=2.073944e-01 best=2.063491e-01
[NA] iter=00047 eval=02824 misfit=2.071470e-01 best=2.063491e-01
[NA] iter=00047 eval=02825 misfit=2.091933e-01 best=2.063491e-01
[NA] iter=00047 eval=02826 misfit=2.073894e-01 best=2.063491e-01
[NA] iter=00047 eval=02827 misfit=2.063543e-01 best=2.063491e-01
[NA] iter=00047 eval=02828 misfit=2.063662e-01 best=2.063491e-01
[NA] iter=00047 eval=02829 misfit=2.063743e-01 best=2.063491e-01
[NA] iter=00047 eval=02830 misfit=2.063717e-01 best=2.063491e-01
[NA] iter=00047 eval=02831 misfit=2.071705e-01 best=2.063491e-01
[NA] iter=00047 eval=02832 misfit=2.082522e-01 best=2.063491e-01
[NA] iter=00047 eval=02833 misfit=2.063527e-01 best=2.063491e-01
[NA] iter=00047 eval=02834 misfit=2.070955e-01 best=2.063491e-01
[NA] iter=00047 eval=02835 misfit=2.071276e-01 best=2.063491e-01
[NA] iter=00047 eval=02836 misfit=2.074094e-01 best=2.063491e-01
[NA] iter=00047 eval=02837 misfit=2.063743e-01 best=2.063491e-01
[NA] iter=00047 eval=02838 misfit=2.063927e-01 best=2.063491e-01
[NA] iter=00047 eval=02839 misfit=2.074161e-01 best=2.063491e-01
[NA] iter=00047 eval=02840 misfit=2.064111e-01 best=2.063491e-01
[NA] iter=00047 eval=02841 misfit=2.063881e-01 best=2.063491e-01
[NA] iter=00047 eval=02842 misfit=2.063914e-01 best=2.063491e-01
[NA] iter=00047 eval=02843 misfit=2.063774e-01 best=2.063491e-01
[NA] iter=00047 eval=02844 misfit=2.063688e-01 best=2.063491e-01
[NA] iter=00047 eval=02845 misfit=2.073882e-01 best=2.063491e-01
[NA] iter=00047 eval=02846 misfit=2.063981e-01 best=2.063491e-01
[NA] iter=00047 eval=02847 misfit=2.063789e-01 best=2.063491e-01
[NA] iter=00047 eval=02848 misfit=2.064125e-01 best=2.063491e-01
[NA] iter=00047 eval=02849 misfit=2.063951e-01 best=2.063491e-01
[NA] iter=00047 eval=02850 misfit=2.063994e-01 best=2.063491e-01
NAI - Optimisation Loop:  94%|█████████▍| 47/50 [11:29<00:44, 14.75s/it][NA] iter=00048 eval=02851 misfit=2.063470e-01 best=2.063470e-01
[NA] iter=00048 eval=02852 misfit=2.063692e-01 best=2.063470e-01
[NA] iter=00048 eval=02853 misfit=2.073560e-01 best=2.063470e-01
[NA] iter=00048 eval=02854 misfit=2.073546e-01 best=2.063470e-01
[NA] iter=00048 eval=02855 misfit=2.063797e-01 best=2.063470e-01
[NA] iter=00048 eval=02856 misfit=2.063231e-01 best=2.063231e-01
[NA] iter=00048 eval=02857 misfit=2.070535e-01 best=2.063231e-01
[NA] iter=00048 eval=02858 misfit=2.063745e-01 best=2.063231e-01
[NA] iter=00048 eval=02859 misfit=2.073212e-01 best=2.063231e-01
[NA] iter=00048 eval=02860 misfit=2.070886e-01 best=2.063231e-01
[NA] iter=00048 eval=02861 misfit=2.063376e-01 best=2.063231e-01
[NA] iter=00048 eval=02862 misfit=2.071348e-01 best=2.063231e-01
[NA] iter=00048 eval=02863 misfit=2.070583e-01 best=2.063231e-01
[NA] iter=00048 eval=02864 misfit=2.063664e-01 best=2.063231e-01
[NA] iter=00048 eval=02865 misfit=2.063401e-01 best=2.063231e-01
[NA] iter=00048 eval=02866 misfit=2.063338e-01 best=2.063231e-01
[NA] iter=00048 eval=02867 misfit=2.073427e-01 best=2.063231e-01
[NA] iter=00048 eval=02868 misfit=2.070900e-01 best=2.063231e-01
[NA] iter=00048 eval=02869 misfit=2.070938e-01 best=2.063231e-01
[NA] iter=00048 eval=02870 misfit=2.063313e-01 best=2.063231e-01
[NA] iter=00048 eval=02871 misfit=2.069964e-01 best=2.063231e-01
[NA] iter=00048 eval=02872 misfit=2.070289e-01 best=2.063231e-01
[NA] iter=00048 eval=02873 misfit=2.063396e-01 best=2.063231e-01
[NA] iter=00048 eval=02874 misfit=2.071059e-01 best=2.063231e-01
[NA] iter=00048 eval=02875 misfit=2.070705e-01 best=2.063231e-01
[NA] iter=00048 eval=02876 misfit=2.063534e-01 best=2.063231e-01
[NA] iter=00048 eval=02877 misfit=2.063522e-01 best=2.063231e-01
[NA] iter=00048 eval=02878 misfit=2.070972e-01 best=2.063231e-01
[NA] iter=00048 eval=02879 misfit=2.071086e-01 best=2.063231e-01
[NA] iter=00048 eval=02880 misfit=2.073820e-01 best=2.063231e-01
[NA] iter=00048 eval=02881 misfit=2.063857e-01 best=2.063231e-01
[NA] iter=00048 eval=02882 misfit=2.063567e-01 best=2.063231e-01
[NA] iter=00048 eval=02883 misfit=2.063835e-01 best=2.063231e-01
[NA] iter=00048 eval=02884 misfit=2.070609e-01 best=2.063231e-01
[NA] iter=00048 eval=02885 misfit=2.070954e-01 best=2.063231e-01
[NA] iter=00048 eval=02886 misfit=2.063654e-01 best=2.063231e-01
[NA] iter=00048 eval=02887 misfit=2.073712e-01 best=2.063231e-01
[NA] iter=00048 eval=02888 misfit=2.073679e-01 best=2.063231e-01
[NA] iter=00048 eval=02889 misfit=2.063731e-01 best=2.063231e-01
[NA] iter=00048 eval=02890 misfit=2.073230e-01 best=2.063231e-01
[NA] iter=00048 eval=02891 misfit=2.074212e-01 best=2.063231e-01
[NA] iter=00048 eval=02892 misfit=2.074275e-01 best=2.063231e-01
[NA] iter=00048 eval=02893 misfit=2.073983e-01 best=2.063231e-01
[NA] iter=00048 eval=02894 misfit=2.074024e-01 best=2.063231e-01
[NA] iter=00048 eval=02895 misfit=2.073705e-01 best=2.063231e-01
[NA] iter=00048 eval=02896 misfit=2.074124e-01 best=2.063231e-01
[NA] iter=00048 eval=02897 misfit=2.063640e-01 best=2.063231e-01
[NA] iter=00048 eval=02898 misfit=2.074073e-01 best=2.063231e-01
[NA] iter=00048 eval=02899 misfit=2.063771e-01 best=2.063231e-01
[NA] iter=00048 eval=02900 misfit=2.063629e-01 best=2.063231e-01
NAI - Optimisation Loop:  96%|█████████▌| 48/50 [11:43<00:28, 14.44s/it][NA] iter=00049 eval=02901 misfit=2.062961e-01 best=2.062961e-01
[NA] iter=00049 eval=02902 misfit=2.063168e-01 best=2.062961e-01
[NA] iter=00049 eval=02903 misfit=2.063183e-01 best=2.062961e-01
[NA] iter=00049 eval=02904 misfit=2.073040e-01 best=2.062961e-01
[NA] iter=00049 eval=02905 misfit=2.072822e-01 best=2.062961e-01
[NA] iter=00049 eval=02906 misfit=2.063267e-01 best=2.062961e-01
[NA] iter=00049 eval=02907 misfit=2.063458e-01 best=2.062961e-01
[NA] iter=00049 eval=02908 misfit=2.073072e-01 best=2.062961e-01
[NA] iter=00049 eval=02909 misfit=2.073134e-01 best=2.062961e-01
[NA] iter=00049 eval=02910 misfit=2.073009e-01 best=2.062961e-01
[NA] iter=00049 eval=02911 misfit=2.063128e-01 best=2.062961e-01
[NA] iter=00049 eval=02912 misfit=2.072752e-01 best=2.062961e-01
[NA] iter=00049 eval=02913 misfit=2.071097e-01 best=2.062961e-01
[NA] iter=00049 eval=02914 misfit=2.070675e-01 best=2.062961e-01
[NA] iter=00049 eval=02915 misfit=2.063399e-01 best=2.062961e-01
[NA] iter=00049 eval=02916 misfit=2.063186e-01 best=2.062961e-01
[NA] iter=00049 eval=02917 misfit=2.073643e-01 best=2.062961e-01
[NA] iter=00049 eval=02918 misfit=2.073579e-01 best=2.062961e-01
[NA] iter=00049 eval=02919 misfit=2.063369e-01 best=2.062961e-01
[NA] iter=00049 eval=02920 misfit=2.073952e-01 best=2.062961e-01
[NA] iter=00049 eval=02921 misfit=2.074002e-01 best=2.062961e-01
[NA] iter=00049 eval=02922 misfit=2.074039e-01 best=2.062961e-01
[NA] iter=00049 eval=02923 misfit=2.073801e-01 best=2.062961e-01
[NA] iter=00049 eval=02924 misfit=2.063469e-01 best=2.062961e-01
[NA] iter=00049 eval=02925 misfit=2.063469e-01 best=2.062961e-01
[NA] iter=00049 eval=02926 misfit=2.073483e-01 best=2.062961e-01
[NA] iter=00049 eval=02927 misfit=2.073274e-01 best=2.062961e-01
[NA] iter=00049 eval=02928 misfit=2.063324e-01 best=2.062961e-01
[NA] iter=00049 eval=02929 misfit=2.063027e-01 best=2.062961e-01
[NA] iter=00049 eval=02930 misfit=2.063437e-01 best=2.062961e-01
[NA] iter=00049 eval=02931 misfit=2.063679e-01 best=2.062961e-01
[NA] iter=00049 eval=02932 misfit=2.071047e-01 best=2.062961e-01
[NA] iter=00049 eval=02933 misfit=2.070617e-01 best=2.062961e-01
[NA] iter=00049 eval=02934 misfit=2.063628e-01 best=2.062961e-01
[NA] iter=00049 eval=02935 misfit=2.070489e-01 best=2.062961e-01
[NA] iter=00049 eval=02936 misfit=2.063635e-01 best=2.062961e-01
[NA] iter=00049 eval=02937 misfit=2.070591e-01 best=2.062961e-01
[NA] iter=00049 eval=02938 misfit=2.073736e-01 best=2.062961e-01
[NA] iter=00049 eval=02939 misfit=2.073765e-01 best=2.062961e-01
[NA] iter=00049 eval=02940 misfit=2.073561e-01 best=2.062961e-01
[NA] iter=00049 eval=02941 misfit=2.070752e-01 best=2.062961e-01
[NA] iter=00049 eval=02942 misfit=2.070468e-01 best=2.062961e-01
[NA] iter=00049 eval=02943 misfit=2.073661e-01 best=2.062961e-01
[NA] iter=00049 eval=02944 misfit=2.070714e-01 best=2.062961e-01
[NA] iter=00049 eval=02945 misfit=2.063636e-01 best=2.062961e-01
[NA] iter=00049 eval=02946 misfit=2.063649e-01 best=2.062961e-01
[NA] iter=00049 eval=02947 misfit=2.071589e-01 best=2.062961e-01
[NA] iter=00049 eval=02948 misfit=2.071201e-01 best=2.062961e-01
[NA] iter=00049 eval=02949 misfit=2.071703e-01 best=2.062961e-01
[NA] iter=00049 eval=02950 misfit=2.063386e-01 best=2.062961e-01
NAI - Optimisation Loop:  98%|█████████▊| 49/50 [11:57<00:14, 14.24s/it][NA] iter=00050 eval=02951 misfit=2.070827e-01 best=2.062961e-01
[NA] iter=00050 eval=02952 misfit=2.072118e-01 best=2.062961e-01
[NA] iter=00050 eval=02953 misfit=2.062576e-01 best=2.062576e-01
[NA] iter=00050 eval=02954 misfit=2.072467e-01 best=2.062576e-01
[NA] iter=00050 eval=02955 misfit=2.072115e-01 best=2.062576e-01
[NA] iter=00050 eval=02956 misfit=2.069767e-01 best=2.062576e-01
[NA] iter=00050 eval=02957 misfit=2.070426e-01 best=2.062576e-01
[NA] iter=00050 eval=02958 misfit=2.070949e-01 best=2.062576e-01
[NA] iter=00050 eval=02959 misfit=2.062907e-01 best=2.062576e-01
[NA] iter=00050 eval=02960 misfit=2.070927e-01 best=2.062576e-01
[NA] iter=00050 eval=02961 misfit=2.063072e-01 best=2.062576e-01
[NA] iter=00050 eval=02962 misfit=2.062971e-01 best=2.062576e-01
[NA] iter=00050 eval=02963 misfit=2.063069e-01 best=2.062576e-01
[NA] iter=00050 eval=02964 misfit=2.072902e-01 best=2.062576e-01
[NA] iter=00050 eval=02965 misfit=2.063160e-01 best=2.062576e-01
[NA] iter=00050 eval=02966 misfit=2.073398e-01 best=2.062576e-01
[NA] iter=00050 eval=02967 misfit=2.063314e-01 best=2.062576e-01
[NA] iter=00050 eval=02968 misfit=2.063336e-01 best=2.062576e-01
[NA] iter=00050 eval=02969 misfit=2.063336e-01 best=2.062576e-01
[NA] iter=00050 eval=02970 misfit=2.073375e-01 best=2.062576e-01
[NA] iter=00050 eval=02971 misfit=2.073196e-01 best=2.062576e-01
[NA] iter=00050 eval=02972 misfit=2.072979e-01 best=2.062576e-01
[NA] iter=00050 eval=02973 misfit=2.073179e-01 best=2.062576e-01
[NA] iter=00050 eval=02974 misfit=2.073106e-01 best=2.062576e-01
[NA] iter=00050 eval=02975 misfit=2.073298e-01 best=2.062576e-01
[NA] iter=00050 eval=02976 misfit=2.063276e-01 best=2.062576e-01
[NA] iter=00050 eval=02977 misfit=2.063293e-01 best=2.062576e-01
[NA] iter=00050 eval=02978 misfit=2.063257e-01 best=2.062576e-01
[NA] iter=00050 eval=02979 misfit=2.063174e-01 best=2.062576e-01
[NA] iter=00050 eval=02980 misfit=2.063081e-01 best=2.062576e-01
[NA] iter=00050 eval=02981 misfit=2.070735e-01 best=2.062576e-01
[NA] iter=00050 eval=02982 misfit=2.073259e-01 best=2.062576e-01
[NA] iter=00050 eval=02983 misfit=2.070893e-01 best=2.062576e-01
[NA] iter=00050 eval=02984 misfit=2.071009e-01 best=2.062576e-01
[NA] iter=00050 eval=02985 misfit=2.063121e-01 best=2.062576e-01
[NA] iter=00050 eval=02986 misfit=2.070434e-01 best=2.062576e-01
[NA] iter=00050 eval=02987 misfit=2.070439e-01 best=2.062576e-01
[NA] iter=00050 eval=02988 misfit=2.063214e-01 best=2.062576e-01
[NA] iter=00050 eval=02989 misfit=2.063451e-01 best=2.062576e-01
[NA] iter=00050 eval=02990 misfit=2.070804e-01 best=2.062576e-01
[NA] iter=00050 eval=02991 misfit=2.063335e-01 best=2.062576e-01
[NA] iter=00050 eval=02992 misfit=2.063274e-01 best=2.062576e-01
[NA] iter=00050 eval=02993 misfit=2.063345e-01 best=2.062576e-01
[NA] iter=00050 eval=02994 misfit=2.073479e-01 best=2.062576e-01
[NA] iter=00050 eval=02995 misfit=2.063374e-01 best=2.062576e-01
[NA] iter=00050 eval=02996 misfit=2.063030e-01 best=2.062576e-01
[NA] iter=00050 eval=02997 misfit=2.063260e-01 best=2.062576e-01
[NA] iter=00050 eval=02998 misfit=2.063462e-01 best=2.062576e-01
[NA] iter=00050 eval=02999 misfit=2.063229e-01 best=2.062576e-01
[NA] iter=00050 eval=03000 misfit=2.063479e-01 best=2.062576e-01
NAI - Optimisation Loop: 100%|██████████| 50/50 [12:11<00:00, 14.37s/it]NAI - Optimisation Loop: 100%|██████████| 50/50 [12:11<00:00, 14.64s/it]
│  [32m✓[0m Inversion terminada en 875.2 s

┌─[17:20:28 |  875.7s] Mejor solucion
│  ┌──────────────────────────────────────────────┐
│  │ a1 (km)                                5.2391 │
│  │ a2 (km)                               10.3002 │
│  │ theta (x pi)                           0.1107 │
│  │ np (frac)                              0.9966 │
│  │ tp (x 2pi)                             0.5536 │
│  │ dmax (m)                               2.9769 │
│  │ vr (km/s)                              4.2738 │
│  └──────────────────────────────────────────────┘
│  [32m✓[0m misfit minimo = 0.206258

┌─[17:20:28 |  875.7s] Guardando resultados
Inversion results saved to /home/alex/KDEllipsPy/inversions/2020-06-03/output/inversion_result.joblib
│  [32m✓[0m resultado     → /home/alex/KDEllipsPy/inversions/2020-06-03/output/inversion_result.joblib
│  [32m✓[0m figura        → /home/alex/KDEllipsPy/inversions/2020-06-03/output/na_results.png
│  [32m✓[0m figura        → /home/alex/KDEllipsPy/inversions/2020-06-03/output/parameter_convergence.png
│  [32m✓[0m figura        → /home/alex/KDEllipsPy/inversions/2020-06-03/output/waveform_fit.png
│  [32m✓[0m figura        → /home/alex/KDEllipsPy/inversions/2020-06-03/output/ellipse_fit.png
│  [32m✓[0m figura        → /home/alex/KDEllipsPy/inversions/2020-06-03/output/mapa_azimutal.png  (gap azimutal 106°)

┌─[17:20:32 |  879.4s] Desglose de misfit por estacion/componente
Desglose de misfit (ventana 20s (P->R,Z ; S->T)) — E = 0.206258
==============================================================================
Est   Cmp    %resid  aporte_E  mf_local  peso_obs
------------------------------------------------------------------------------
A08F  R        7.7%    0.0159     0.577      2.8%
A08F  T        9.9%    0.0204     1.062      1.9%
A08F  Z        2.7%    0.0055     0.230      2.4%
  -> A08F total               20.3% del residuo  (peso obs 7.1%)
------------------------------------------------------------------------------
A05F  R        0.9%    0.0019     3.494      0.1%
A05F  T       14.1%    0.0292     0.121     24.1%
A05F  Z        0.7%    0.0015     1.323      0.1%
  -> A05F total               15.8% del residuo  (peso obs 24.3%)
------------------------------------------------------------------------------
A18F  R        0.2%    0.0005     0.221      0.2%
A18F  T       13.6%    0.0281     0.180     15.6%
A18F  Z        0.7%    0.0014     0.466      0.3%
  -> A18F total               14.5% del residuo  (peso obs 16.1%)
------------------------------------------------------------------------------
A22F  R        5.7%    0.0117     0.345      3.4%
A22F  T        6.4%    0.0132     1.082      1.2%
A22F  Z        1.7%    0.0035     0.076      4.6%
  -> A22F total               13.8% del residuo  (peso obs 9.2%)
------------------------------------------------------------------------------
PB06  R        0.2%    0.0005     0.811      0.1%
PB06  T       13.0%    0.0268     0.116     23.1%
PB06  Z        0.3%    0.0006     0.569      0.1%
  -> PB06 total               13.5% del residuo  (peso obs 23.3%)
------------------------------------------------------------------------------
A06F  R        0.1%    0.0002     1.419      0.0%
A06F  T        7.5%    0.0155     0.139     11.1%
A06F  Z        0.1%    0.0002     1.034      0.0%
  -> A06F total                7.7% del residuo  (peso obs 11.2%)
------------------------------------------------------------------------------
PB19  R        1.8%    0.0038     0.569      0.7%
PB19  T        3.0%    0.0062     0.172      3.6%
PB19  Z        0.9%    0.0019     0.201      1.0%
  -> PB19 total                5.8% del residuo  (peso obs 5.3%)
------------------------------------------------------------------------------
A23F  R        1.0%    0.0020     0.354      0.6%
A23F  T        3.8%    0.0079     0.360      2.2%
A23F  Z        0.7%    0.0014     0.290      0.5%
  -> A23F total                5.5% del residuo  (peso obs 3.3%)
------------------------------------------------------------------------------
A09F  R        1.0%    0.0020    11.648      0.0%
A09F  T        0.7%    0.0015     0.512      0.3%
A09F  Z        1.5%    0.0030     3.421      0.1%
  -> A09F total                3.1% del residuo  (peso obs 0.4%)
------------------------------------------------------------------------------
Por componente:
  R:  18.6% del residuo   (peso obs  7.7%)
  T:  72.1% del residuo   (peso obs 83.2%)
  Z:   9.2% del residuo   (peso obs  9.1%)
│  [32m✓[0m desglose      → /home/alex/KDEllipsPy/inversions/2020-06-03/output/misfit_breakdown.txt

┌─[17:20:32 |  879.4s] Generando PDF con todos los plots (plot_yolo)
🎲 plot_yolo dashboard: 6 paneles → /home/alex/KDEllipsPy/inversions/2020-06-03/output/all_plots.pdf
│  [32m✓[0m PDF           → /home/alex/KDEllipsPy/inversions/2020-06-03/output/all_plots.pdf

╔══════════════════════════════════════════════════════════════════════╗
║ Inversion completada                                                 ║
║ tiempo total 996.2s  ·  salida en /home/alex/KDEllipsPy/inversions/2020-06-03/output ║
╚══════════════════════════════════════════════════════════════════════╝
