
╔══════════════════════════════════════════════════════════════════════╗
║ KDEllipsPy · Inversion cinematica (NA)                               ║
║ Evento Calama  ·  2026-05-25                                         ║
╚══════════════════════════════════════════════════════════════════════╝

┌─[02:37:22 |    0.0s] Cargando KDEllipsPy
│  [32m✓[0m kdellipspy importado (numpy 2.4.6)

┌─[02:37:23 |    0.4s] Validando rutas
│  [32m✓[0m input.ctl : /home/alex/KDEllipsPy/inversions/2026-05-25_Calama/input.ctl
│  [32m✓[0m DATA      : /home/alex/KDEllipsPy/inversions/2026-05-25_Calama/DATA
│  [32m✓[0m output    : /home/alex/KDEllipsPy/inversions/2026-05-25_Calama/output

┌─[02:37:23 |    0.4s] Leyendo configuracion
│  Evento      : -22.380, -68.760, 114.0 km
│  Mecanismo   : strike 201 / dip 20 / rake -70  (doble cupla)
│  Banda       : 0.06–0.15 Hz   |  filtro causal
│  Ventana     : t1=0s  t2=128s  npts=256  dt=0.5s  (units=disp)
│  Estaciones  : 8  [A20F, PB09, AF01, A06F, PB03, PB15, PB01, PB19]
│  Mod. veloc. : 16 capas
│  Algoritmo   : Neighbourhood Algorithm  |  n_jobs=1
│  [32m✓[0m Configuracion leida

┌─[02:37:23 |    0.4s] Cargando datos observados
│  [32m✓[0m observed shape = (8, 3, 256)  (estaciones, comp, npts)
│  [32m✓[0m eje de tiempo  = 0 … 127.5 s (256 pts)

┌─[02:37:23 |    0.4s] Calculando tiempos P/S por estacion (azi_times)
│  [32m✓[0m azi_times_array shape = (8, 3)  (modelo iasp91)

┌─[02:37:23 |    0.5s] Construyendo modelo de inversion
│  [32m✓[0m NAInversionModel listo  (cache de Green ACTIVADO)
│  NA: 30 iter · SS1=1000 · SS=200 · resample=20 → ~7000 modelos directos

┌─[02:37:23 |    0.5s] Corriendo busqueda NA  (esto puede tardar)
[NA] Starting search: ni=1000, ns=200, n=30, nr=20 -> expected evaluations=7000 (n_jobs=1)
NAI - Initial Random Search
[NA] iter=00000 eval=00001 misfit=2.516292e+00 best=2.516292e+00
[NA] iter=00000 eval=00002 misfit=6.137164e-01 best=6.137164e-01
[NA] iter=00000 eval=00003 misfit=1.536686e+00 best=6.137164e-01
[NA] iter=00000 eval=00004 misfit=2.161904e+00 best=6.137164e-01
[NA] iter=00000 eval=00005 misfit=2.856292e+00 best=6.137164e-01
[NA] iter=00000 eval=00006 misfit=1.977149e+00 best=6.137164e-01
[NA] iter=00000 eval=00007 misfit=2.555160e+00 best=6.137164e-01
[NA] iter=00000 eval=00008 misfit=1.127019e+00 best=6.137164e-01
[NA] iter=00000 eval=00009 misfit=1.062238e+00 best=6.137164e-01
[NA] iter=00000 eval=00010 misfit=1.720338e+00 best=6.137164e-01
[NA] iter=00000 eval=00011 misfit=7.571973e-01 best=6.137164e-01
[NA] iter=00000 eval=00012 misfit=8.398278e-01 best=6.137164e-01
[NA] iter=00000 eval=00013 misfit=6.928194e-01 best=6.137164e-01
[NA] iter=00000 eval=00014 misfit=2.605059e+00 best=6.137164e-01
[NA] iter=00000 eval=00015 misfit=1.386185e+00 best=6.137164e-01
[NA] iter=00000 eval=00016 misfit=3.102663e+00 best=6.137164e-01
[NA] iter=00000 eval=00017 misfit=9.944578e-01 best=6.137164e-01
[NA] iter=00000 eval=00018 misfit=1.544315e+00 best=6.137164e-01
[NA] iter=00000 eval=00019 misfit=1.433414e+00 best=6.137164e-01
[NA] iter=00000 eval=00020 misfit=7.968194e-01 best=6.137164e-01
[NA] iter=00000 eval=00021 misfit=3.341399e+00 best=6.137164e-01
[NA] iter=00000 eval=00022 misfit=1.306194e+00 best=6.137164e-01
[NA] iter=00000 eval=00023 misfit=2.806301e+00 best=6.137164e-01
[NA] iter=00000 eval=00024 misfit=9.264824e-01 best=6.137164e-01
[NA] iter=00000 eval=00025 misfit=1.069484e+00 best=6.137164e-01
[NA] iter=00000 eval=00026 misfit=6.186471e-01 best=6.137164e-01
[NA] iter=00000 eval=00027 misfit=6.120506e-01 best=6.120506e-01
[NA] iter=00000 eval=00028 misfit=1.073840e+00 best=6.120506e-01
[NA] iter=00000 eval=00029 misfit=8.405733e-01 best=6.120506e-01
[NA] iter=00000 eval=00030 misfit=1.266636e+00 best=6.120506e-01
[NA] iter=00000 eval=00031 misfit=3.329888e+00 best=6.120506e-01
[NA] iter=00000 eval=00032 misfit=3.518224e+00 best=6.120506e-01
[NA] iter=00000 eval=00033 misfit=1.096705e+00 best=6.120506e-01
[NA] iter=00000 eval=00034 misfit=1.842211e+00 best=6.120506e-01
[NA] iter=00000 eval=00035 misfit=9.249454e-01 best=6.120506e-01
[NA] iter=00000 eval=00036 misfit=4.598915e+00 best=6.120506e-01
[NA] iter=00000 eval=00037 misfit=1.071951e+00 best=6.120506e-01
[NA] iter=00000 eval=00038 misfit=1.279471e+00 best=6.120506e-01
[NA] iter=00000 eval=00039 misfit=1.522307e+00 best=6.120506e-01
[NA] iter=00000 eval=00040 misfit=9.397562e+00 best=6.120506e-01
[NA] iter=00000 eval=00041 misfit=2.139132e+00 best=6.120506e-01
[NA] iter=00000 eval=00042 misfit=7.455558e-01 best=6.120506e-01
[NA] iter=00000 eval=00043 misfit=1.051424e+00 best=6.120506e-01
[NA] iter=00000 eval=00044 misfit=1.059512e+00 best=6.120506e-01
[NA] iter=00000 eval=00045 misfit=6.758773e-01 best=6.120506e-01
[NA] iter=00000 eval=00046 misfit=6.411093e+00 best=6.120506e-01
[NA] iter=00000 eval=00047 misfit=1.418924e+00 best=6.120506e-01
[NA] iter=00000 eval=00048 misfit=7.828368e-01 best=6.120506e-01
[NA] iter=00000 eval=00049 misfit=1.577302e+01 best=6.120506e-01
[NA] iter=00000 eval=00050 misfit=1.003820e+00 best=6.120506e-01
[NA] iter=00000 eval=00051 misfit=1.878823e+00 best=6.120506e-01
[NA] iter=00000 eval=00052 misfit=1.498847e+00 best=6.120506e-01
[NA] iter=00000 eval=00053 misfit=2.748010e+00 best=6.120506e-01
[NA] iter=00000 eval=00054 misfit=1.362357e+00 best=6.120506e-01
[NA] iter=00000 eval=00055 misfit=8.972512e-01 best=6.120506e-01
[NA] iter=00000 eval=00056 misfit=5.879046e+00 best=6.120506e-01
[NA] iter=00000 eval=00057 misfit=3.134910e+00 best=6.120506e-01
[NA] iter=00000 eval=00058 misfit=7.962849e-01 best=6.120506e-01
[NA] iter=00000 eval=00059 misfit=8.104546e-01 best=6.120506e-01
[NA] iter=00000 eval=00060 misfit=6.831624e+00 best=6.120506e-01
[NA] iter=00000 eval=00061 misfit=1.095120e+00 best=6.120506e-01
[NA] iter=00000 eval=00062 misfit=1.823092e+00 best=6.120506e-01
[NA] iter=00000 eval=00063 misfit=1.856974e+00 best=6.120506e-01
[NA] iter=00000 eval=00064 misfit=7.499149e-01 best=6.120506e-01
[NA] iter=00000 eval=00065 misfit=1.026722e+01 best=6.120506e-01
[NA] iter=00000 eval=00066 misfit=7.541216e+00 best=6.120506e-01
[NA] iter=00000 eval=00067 misfit=7.948979e-01 best=6.120506e-01
[NA] iter=00000 eval=00068 misfit=9.166570e-01 best=6.120506e-01
[NA] iter=00000 eval=00069 misfit=2.444799e+00 best=6.120506e-01
[NA] iter=00000 eval=00070 misfit=2.821617e+00 best=6.120506e-01
[NA] iter=00000 eval=00071 misfit=8.469232e-01 best=6.120506e-01
[NA] iter=00000 eval=00072 misfit=1.500946e+00 best=6.120506e-01
[NA] iter=00000 eval=00073 misfit=6.724787e-01 best=6.120506e-01
[NA] iter=00000 eval=00074 misfit=8.602324e-01 best=6.120506e-01
[NA] iter=00000 eval=00075 misfit=1.341932e+00 best=6.120506e-01
[NA] iter=00000 eval=00076 misfit=1.088358e+00 best=6.120506e-01
[NA] iter=00000 eval=00077 misfit=2.624176e+00 best=6.120506e-01
[NA] iter=00000 eval=00078 misfit=6.759644e-01 best=6.120506e-01
[NA] iter=00000 eval=00079 misfit=1.111759e+00 best=6.120506e-01
[NA] iter=00000 eval=00080 misfit=6.556677e-01 best=6.120506e-01
[NA] iter=00000 eval=00081 misfit=1.921621e+00 best=6.120506e-01
[NA] iter=00000 eval=00082 misfit=9.092121e-01 best=6.120506e-01
[NA] iter=00000 eval=00083 misfit=1.180113e+00 best=6.120506e-01
[NA] iter=00000 eval=00084 misfit=2.050641e+00 best=6.120506e-01
[NA] iter=00000 eval=00085 misfit=7.166741e-01 best=6.120506e-01
[NA] iter=00000 eval=00086 misfit=8.462029e-01 best=6.120506e-01
[NA] iter=00000 eval=00087 misfit=7.454818e+00 best=6.120506e-01
[NA] iter=00000 eval=00088 misfit=7.018228e-01 best=6.120506e-01
[NA] iter=00000 eval=00089 misfit=1.499930e+00 best=6.120506e-01
[NA] iter=00000 eval=00090 misfit=1.093343e+00 best=6.120506e-01
[NA] iter=00000 eval=00091 misfit=6.158796e-01 best=6.120506e-01
[NA] iter=00000 eval=00092 misfit=8.130527e+00 best=6.120506e-01
[NA] iter=00000 eval=00093 misfit=6.880379e-01 best=6.120506e-01
[NA] iter=00000 eval=00094 misfit=8.429459e-01 best=6.120506e-01
[NA] iter=00000 eval=00095 misfit=1.473389e+00 best=6.120506e-01
[NA] iter=00000 eval=00096 misfit=3.845187e+00 best=6.120506e-01
[NA] iter=00000 eval=00097 misfit=8.340791e-01 best=6.120506e-01
[NA] iter=00000 eval=00098 misfit=9.035710e-01 best=6.120506e-01
[NA] iter=00000 eval=00099 misfit=6.982247e-01 best=6.120506e-01
[NA] iter=00000 eval=00100 misfit=1.105404e+00 best=6.120506e-01
[NA] iter=00000 eval=00101 misfit=7.411326e-01 best=6.120506e-01
[NA] iter=00000 eval=00102 misfit=1.933126e+00 best=6.120506e-01
[NA] iter=00000 eval=00103 misfit=9.051207e-01 best=6.120506e-01
[NA] iter=00000 eval=00104 misfit=9.733087e-01 best=6.120506e-01
[NA] iter=00000 eval=00105 misfit=1.580837e+00 best=6.120506e-01
[NA] iter=00000 eval=00106 misfit=1.142294e+00 best=6.120506e-01
[NA] iter=00000 eval=00107 misfit=3.217721e+00 best=6.120506e-01
[NA] iter=00000 eval=00108 misfit=2.361272e+00 best=6.120506e-01
[NA] iter=00000 eval=00109 misfit=7.043100e+00 best=6.120506e-01
[NA] iter=00000 eval=00110 misfit=7.680192e-01 best=6.120506e-01
[NA] iter=00000 eval=00111 misfit=8.301521e-01 best=6.120506e-01
[NA] iter=00000 eval=00112 misfit=2.036108e+00 best=6.120506e-01
[NA] iter=00000 eval=00113 misfit=8.667701e-01 best=6.120506e-01
[NA] iter=00000 eval=00114 misfit=6.281838e-01 best=6.120506e-01
[NA] iter=00000 eval=00115 misfit=7.202069e-01 best=6.120506e-01
[NA] iter=00000 eval=00116 misfit=2.835898e+00 best=6.120506e-01
[NA] iter=00000 eval=00117 misfit=6.125400e+00 best=6.120506e-01
[NA] iter=00000 eval=00118 misfit=1.353772e+00 best=6.120506e-01
[NA] iter=00000 eval=00119 misfit=9.124717e-01 best=6.120506e-01
[NA] iter=00000 eval=00120 misfit=7.516169e-01 best=6.120506e-01
[NA] iter=00000 eval=00121 misfit=7.128956e-01 best=6.120506e-01
[NA] iter=00000 eval=00122 misfit=6.382299e-01 best=6.120506e-01
[NA] iter=00000 eval=00123 misfit=1.169172e+01 best=6.120506e-01
[NA] iter=00000 eval=00124 misfit=6.766751e+00 best=6.120506e-01
[NA] iter=00000 eval=00125 misfit=9.781904e-01 best=6.120506e-01
[NA] iter=00000 eval=00126 misfit=1.480028e+00 best=6.120506e-01
[NA] iter=00000 eval=00127 misfit=7.690318e-01 best=6.120506e-01
[NA] iter=00000 eval=00128 misfit=7.452553e+00 best=6.120506e-01
[NA] iter=00000 eval=00129 misfit=8.256594e-01 best=6.120506e-01
[NA] iter=00000 eval=00130 misfit=9.461984e+00 best=6.120506e-01
[NA] iter=00000 eval=00131 misfit=6.025752e-01 best=6.025752e-01
[NA] iter=00000 eval=00132 misfit=3.176970e+00 best=6.025752e-01
[NA] iter=00000 eval=00133 misfit=1.261419e+00 best=6.025752e-01
[NA] iter=00000 eval=00134 misfit=7.036509e-01 best=6.025752e-01
[NA] iter=00000 eval=00135 misfit=6.475764e-01 best=6.025752e-01
[NA] iter=00000 eval=00136 misfit=7.350219e-01 best=6.025752e-01
[NA] iter=00000 eval=00137 misfit=1.009221e+00 best=6.025752e-01
[NA] iter=00000 eval=00138 misfit=1.316091e+00 best=6.025752e-01
[NA] iter=00000 eval=00139 misfit=9.193069e-01 best=6.025752e-01
[NA] iter=00000 eval=00140 misfit=1.123194e+00 best=6.025752e-01
[NA] iter=00000 eval=00141 misfit=8.664153e-01 best=6.025752e-01
[NA] iter=00000 eval=00142 misfit=5.946388e+00 best=6.025752e-01
[NA] iter=00000 eval=00143 misfit=6.434634e+00 best=6.025752e-01
[NA] iter=00000 eval=00144 misfit=9.486174e-01 best=6.025752e-01
[NA] iter=00000 eval=00145 misfit=9.111596e-01 best=6.025752e-01
[NA] iter=00000 eval=00146 misfit=1.546808e+00 best=6.025752e-01
[NA] iter=00000 eval=00147 misfit=6.165093e-01 best=6.025752e-01
[NA] iter=00000 eval=00148 misfit=4.703829e+00 best=6.025752e-01
[NA] iter=00000 eval=00149 misfit=6.732912e-01 best=6.025752e-01
[NA] iter=00000 eval=00150 misfit=8.944103e-01 best=6.025752e-01
[NA] iter=00000 eval=00151 misfit=8.088162e-01 best=6.025752e-01
[NA] iter=00000 eval=00152 misfit=8.532674e-01 best=6.025752e-01
[NA] iter=00000 eval=00153 misfit=9.029240e+00 best=6.025752e-01
[NA] iter=00000 eval=00154 misfit=8.154419e-01 best=6.025752e-01
[NA] iter=00000 eval=00155 misfit=3.020628e+00 best=6.025752e-01
[NA] iter=00000 eval=00156 misfit=2.895972e+00 best=6.025752e-01
[NA] iter=00000 eval=00157 misfit=1.244458e+00 best=6.025752e-01
[NA] iter=00000 eval=00158 misfit=7.942337e-01 best=6.025752e-01
[NA] iter=00000 eval=00159 misfit=2.159167e+00 best=6.025752e-01
[NA] iter=00000 eval=00160 misfit=2.185626e+00 best=6.025752e-01
[NA] iter=00000 eval=00161 misfit=3.190727e+00 best=6.025752e-01
[NA] iter=00000 eval=00162 misfit=7.542443e-01 best=6.025752e-01
[NA] iter=00000 eval=00163 misfit=4.687144e+00 best=6.025752e-01
[NA] iter=00000 eval=00164 misfit=2.126024e+00 best=6.025752e-01
[NA] iter=00000 eval=00165 misfit=5.962824e-01 best=5.962824e-01
[NA] iter=00000 eval=00166 misfit=1.858917e+00 best=5.962824e-01
[NA] iter=00000 eval=00167 misfit=4.629129e+00 best=5.962824e-01
[NA] iter=00000 eval=00168 misfit=6.588997e-01 best=5.962824e-01
[NA] iter=00000 eval=00169 misfit=1.068776e+00 best=5.962824e-01
[NA] iter=00000 eval=00170 misfit=3.853751e+00 best=5.962824e-01
[NA] iter=00000 eval=00171 misfit=1.087797e+01 best=5.962824e-01
[NA] iter=00000 eval=00172 misfit=4.050806e+00 best=5.962824e-01
[NA] iter=00000 eval=00173 misfit=2.138675e+00 best=5.962824e-01
[NA] iter=00000 eval=00174 misfit=8.947623e-01 best=5.962824e-01
[NA] iter=00000 eval=00175 misfit=8.396199e-01 best=5.962824e-01
[NA] iter=00000 eval=00176 misfit=8.386012e-01 best=5.962824e-01
[NA] iter=00000 eval=00177 misfit=9.366577e-01 best=5.962824e-01
[NA] iter=00000 eval=00178 misfit=8.679688e-01 best=5.962824e-01
[NA] iter=00000 eval=00179 misfit=2.350192e+00 best=5.962824e-01
[NA] iter=00000 eval=00180 misfit=1.393531e+00 best=5.962824e-01
[NA] iter=00000 eval=00181 misfit=7.696878e-01 best=5.962824e-01
[NA] iter=00000 eval=00182 misfit=6.771785e-01 best=5.962824e-01
[NA] iter=00000 eval=00183 misfit=1.264861e+00 best=5.962824e-01
[NA] iter=00000 eval=00184 misfit=7.537461e-01 best=5.962824e-01
[NA] iter=00000 eval=00185 misfit=7.495510e-01 best=5.962824e-01
[NA] iter=00000 eval=00186 misfit=8.243612e+00 best=5.962824e-01
[NA] iter=00000 eval=00187 misfit=1.379617e+00 best=5.962824e-01
[NA] iter=00000 eval=00188 misfit=6.773173e-01 best=5.962824e-01
[NA] iter=00000 eval=00189 misfit=6.739669e-01 best=5.962824e-01
[NA] iter=00000 eval=00190 misfit=2.924221e+00 best=5.962824e-01
[NA] iter=00000 eval=00191 misfit=1.056457e+00 best=5.962824e-01
[NA] iter=00000 eval=00192 misfit=2.344494e+00 best=5.962824e-01
[NA] iter=00000 eval=00193 misfit=7.478930e-01 best=5.962824e-01
[NA] iter=00000 eval=00194 misfit=8.858096e-01 best=5.962824e-01
[NA] iter=00000 eval=00195 misfit=6.149118e-01 best=5.962824e-01
[NA] iter=00000 eval=00196 misfit=1.139171e+00 best=5.962824e-01
[NA] iter=00000 eval=00197 misfit=8.612442e-01 best=5.962824e-01
[NA] iter=00000 eval=00198 misfit=7.563464e-01 best=5.962824e-01
[NA] iter=00000 eval=00199 misfit=8.021390e-01 best=5.962824e-01
[NA] iter=00000 eval=00200 misfit=4.026785e+00 best=5.962824e-01
[NA] iter=00000 eval=00201 misfit=7.005790e-01 best=5.962824e-01
[NA] iter=00000 eval=00202 misfit=6.144445e-01 best=5.962824e-01
[NA] iter=00000 eval=00203 misfit=9.240139e-01 best=5.962824e-01
[NA] iter=00000 eval=00204 misfit=6.213890e-01 best=5.962824e-01
[NA] iter=00000 eval=00205 misfit=6.696428e-01 best=5.962824e-01
[NA] iter=00000 eval=00206 misfit=9.458689e-01 best=5.962824e-01
[NA] iter=00000 eval=00207 misfit=2.520662e+00 best=5.962824e-01
[NA] iter=00000 eval=00208 misfit=5.944857e-01 best=5.944857e-01
[NA] iter=00000 eval=00209 misfit=7.996943e+00 best=5.944857e-01
[NA] iter=00000 eval=00210 misfit=6.886155e-01 best=5.944857e-01
[NA] iter=00000 eval=00211 misfit=1.205134e+00 best=5.944857e-01
[NA] iter=00000 eval=00212 misfit=9.272438e-01 best=5.944857e-01
[NA] iter=00000 eval=00213 misfit=2.871980e+00 best=5.944857e-01
[NA] iter=00000 eval=00214 misfit=8.438256e-01 best=5.944857e-01
[NA] iter=00000 eval=00215 misfit=1.412836e+01 best=5.944857e-01
[NA] iter=00000 eval=00216 misfit=5.848574e+00 best=5.944857e-01
[NA] iter=00000 eval=00217 misfit=6.220744e-01 best=5.944857e-01
[NA] iter=00000 eval=00218 misfit=7.724354e-01 best=5.944857e-01
[NA] iter=00000 eval=00219 misfit=2.237350e+00 best=5.944857e-01
[NA] iter=00000 eval=00220 misfit=8.635225e-01 best=5.944857e-01
[NA] iter=00000 eval=00221 misfit=7.515127e-01 best=5.944857e-01
[NA] iter=00000 eval=00222 misfit=1.124950e+01 best=5.944857e-01
[NA] iter=00000 eval=00223 misfit=1.062243e+00 best=5.944857e-01
[NA] iter=00000 eval=00224 misfit=6.882588e-01 best=5.944857e-01
[NA] iter=00000 eval=00225 misfit=6.099464e+00 best=5.944857e-01
[NA] iter=00000 eval=00226 misfit=7.059551e-01 best=5.944857e-01
[NA] iter=00000 eval=00227 misfit=5.975569e+00 best=5.944857e-01
[NA] iter=00000 eval=00228 misfit=7.503208e+00 best=5.944857e-01
[NA] iter=00000 eval=00229 misfit=6.653923e-01 best=5.944857e-01
[NA] iter=00000 eval=00230 misfit=6.694941e-01 best=5.944857e-01
[NA] iter=00000 eval=00231 misfit=1.201988e+00 best=5.944857e-01
[NA] iter=00000 eval=00232 misfit=8.129363e-01 best=5.944857e-01
[NA] iter=00000 eval=00233 misfit=1.079368e+01 best=5.944857e-01
[NA] iter=00000 eval=00234 misfit=6.528280e-01 best=5.944857e-01
[NA] iter=00000 eval=00235 misfit=1.120581e+00 best=5.944857e-01
[NA] iter=00000 eval=00236 misfit=8.011518e-01 best=5.944857e-01
[NA] iter=00000 eval=00237 misfit=2.143007e+00 best=5.944857e-01
[NA] iter=00000 eval=00238 misfit=1.924890e+00 best=5.944857e-01
[NA] iter=00000 eval=00239 misfit=6.865641e-01 best=5.944857e-01
[NA] iter=00000 eval=00240 misfit=9.382290e-01 best=5.944857e-01
[NA] iter=00000 eval=00241 misfit=1.959433e+00 best=5.944857e-01
[NA] iter=00000 eval=00242 misfit=6.780668e-01 best=5.944857e-01
[NA] iter=00000 eval=00243 misfit=8.467266e-01 best=5.944857e-01
[NA] iter=00000 eval=00244 misfit=7.371428e-01 best=5.944857e-01
[NA] iter=00000 eval=00245 misfit=2.450485e+00 best=5.944857e-01
[NA] iter=00000 eval=00246 misfit=7.712015e-01 best=5.944857e-01
[NA] iter=00000 eval=00247 misfit=2.634265e+00 best=5.944857e-01
[NA] iter=00000 eval=00248 misfit=7.484768e-01 best=5.944857e-01
[NA] iter=00000 eval=00249 misfit=2.143813e+00 best=5.944857e-01
[NA] iter=00000 eval=00250 misfit=1.805930e+00 best=5.944857e-01
[NA] iter=00000 eval=00251 misfit=1.680745e+00 best=5.944857e-01
[NA] iter=00000 eval=00252 misfit=3.196030e+00 best=5.944857e-01
[NA] iter=00000 eval=00253 misfit=2.784377e+00 best=5.944857e-01
[NA] iter=00000 eval=00254 misfit=1.075726e+00 best=5.944857e-01
[NA] iter=00000 eval=00255 misfit=1.997896e+00 best=5.944857e-01
[NA] iter=00000 eval=00256 misfit=2.355876e+00 best=5.944857e-01
[NA] iter=00000 eval=00257 misfit=1.000266e+00 best=5.944857e-01
[NA] iter=00000 eval=00258 misfit=8.909011e-01 best=5.944857e-01
[NA] iter=00000 eval=00259 misfit=9.896454e-01 best=5.944857e-01
[NA] iter=00000 eval=00260 misfit=1.345445e+00 best=5.944857e-01
[NA] iter=00000 eval=00261 misfit=8.581930e-01 best=5.944857e-01
[NA] iter=00000 eval=00262 misfit=1.042459e+00 best=5.944857e-01
[NA] iter=00000 eval=00263 misfit=6.870284e-01 best=5.944857e-01
[NA] iter=00000 eval=00264 misfit=3.491591e+00 best=5.944857e-01
[NA] iter=00000 eval=00265 misfit=2.306954e+00 best=5.944857e-01
[NA] iter=00000 eval=00266 misfit=1.963849e+00 best=5.944857e-01
[NA] iter=00000 eval=00267 misfit=3.409307e+00 best=5.944857e-01
[NA] iter=00000 eval=00268 misfit=6.512211e-01 best=5.944857e-01
[NA] iter=00000 eval=00269 misfit=7.609512e+00 best=5.944857e-01
[NA] iter=00000 eval=00270 misfit=7.644660e-01 best=5.944857e-01
[NA] iter=00000 eval=00271 misfit=6.385133e-01 best=5.944857e-01
[NA] iter=00000 eval=00272 misfit=7.531190e-01 best=5.944857e-01
[NA] iter=00000 eval=00273 misfit=6.598412e-01 best=5.944857e-01
[NA] iter=00000 eval=00274 misfit=1.502763e+00 best=5.944857e-01
[NA] iter=00000 eval=00275 misfit=6.764936e-01 best=5.944857e-01
[NA] iter=00000 eval=00276 misfit=9.035216e-01 best=5.944857e-01
[NA] iter=00000 eval=00277 misfit=1.387912e+00 best=5.944857e-01
[NA] iter=00000 eval=00278 misfit=7.211597e-01 best=5.944857e-01
[NA] iter=00000 eval=00279 misfit=1.092699e+00 best=5.944857e-01
[NA] iter=00000 eval=00280 misfit=7.967579e-01 best=5.944857e-01
[NA] iter=00000 eval=00281 misfit=1.137019e+00 best=5.944857e-01
[NA] iter=00000 eval=00282 misfit=1.382216e+00 best=5.944857e-01
[NA] iter=00000 eval=00283 misfit=8.128498e-01 best=5.944857e-01
[NA] iter=00000 eval=00284 misfit=1.058105e+00 best=5.944857e-01
[NA] iter=00000 eval=00285 misfit=6.122706e-01 best=5.944857e-01
[NA] iter=00000 eval=00286 misfit=7.660542e-01 best=5.944857e-01
[NA] iter=00000 eval=00287 misfit=1.444997e+00 best=5.944857e-01
[NA] iter=00000 eval=00288 misfit=7.292264e-01 best=5.944857e-01
[NA] iter=00000 eval=00289 misfit=2.463366e+00 best=5.944857e-01
[NA] iter=00000 eval=00290 misfit=3.046517e+00 best=5.944857e-01
[NA] iter=00000 eval=00291 misfit=4.359840e+00 best=5.944857e-01
[NA] iter=00000 eval=00292 misfit=9.523809e-01 best=5.944857e-01
[NA] iter=00000 eval=00293 misfit=9.899792e-01 best=5.944857e-01
[NA] iter=00000 eval=00294 misfit=6.664898e-01 best=5.944857e-01
[NA] iter=00000 eval=00295 misfit=8.126757e-01 best=5.944857e-01
[NA] iter=00000 eval=00296 misfit=9.890693e-01 best=5.944857e-01
[NA] iter=00000 eval=00297 misfit=1.256769e+00 best=5.944857e-01
[NA] iter=00000 eval=00298 misfit=5.271619e+00 best=5.944857e-01
[NA] iter=00000 eval=00299 misfit=9.526190e+00 best=5.944857e-01
[NA] iter=00000 eval=00300 misfit=8.638576e-01 best=5.944857e-01
[NA] iter=00000 eval=00301 misfit=1.231990e+00 best=5.944857e-01
[NA] iter=00000 eval=00302 misfit=8.501052e-01 best=5.944857e-01
[NA] iter=00000 eval=00303 misfit=1.465220e+00 best=5.944857e-01
[NA] iter=00000 eval=00304 misfit=3.091157e+00 best=5.944857e-01
[NA] iter=00000 eval=00305 misfit=9.617706e-01 best=5.944857e-01
[NA] iter=00000 eval=00306 misfit=7.679018e-01 best=5.944857e-01
[NA] iter=00000 eval=00307 misfit=1.228574e+00 best=5.944857e-01
[NA] iter=00000 eval=00308 misfit=8.238146e-01 best=5.944857e-01
[NA] iter=00000 eval=00309 misfit=1.586164e+00 best=5.944857e-01
[NA] iter=00000 eval=00310 misfit=7.604470e-01 best=5.944857e-01
[NA] iter=00000 eval=00311 misfit=8.945301e-01 best=5.944857e-01
[NA] iter=00000 eval=00312 misfit=9.471877e-01 best=5.944857e-01
[NA] iter=00000 eval=00313 misfit=8.190241e-01 best=5.944857e-01
[NA] iter=00000 eval=00314 misfit=8.483087e-01 best=5.944857e-01
[NA] iter=00000 eval=00315 misfit=1.537419e+00 best=5.944857e-01
[NA] iter=00000 eval=00316 misfit=2.279054e+00 best=5.944857e-01
[NA] iter=00000 eval=00317 misfit=1.141531e+00 best=5.944857e-01
[NA] iter=00000 eval=00318 misfit=8.195929e-01 best=5.944857e-01
[NA] iter=00000 eval=00319 misfit=7.290805e-01 best=5.944857e-01
[NA] iter=00000 eval=00320 misfit=1.131053e+00 best=5.944857e-01
[NA] iter=00000 eval=00321 misfit=1.035745e+00 best=5.944857e-01
[NA] iter=00000 eval=00322 misfit=6.526042e-01 best=5.944857e-01
[NA] iter=00000 eval=00323 misfit=6.549322e-01 best=5.944857e-01
[NA] iter=00000 eval=00324 misfit=1.297920e+00 best=5.944857e-01
[NA] iter=00000 eval=00325 misfit=2.790074e+00 best=5.944857e-01
[NA] iter=00000 eval=00326 misfit=3.360380e+00 best=5.944857e-01
[NA] iter=00000 eval=00327 misfit=3.127045e+00 best=5.944857e-01
[NA] iter=00000 eval=00328 misfit=4.343349e+00 best=5.944857e-01
[NA] iter=00000 eval=00329 misfit=1.121159e+00 best=5.944857e-01
[NA] iter=00000 eval=00330 misfit=1.117665e+00 best=5.944857e-01
[NA] iter=00000 eval=00331 misfit=1.916331e+00 best=5.944857e-01
[NA] iter=00000 eval=00332 misfit=1.198730e+00 best=5.944857e-01
[NA] iter=00000 eval=00333 misfit=6.567704e-01 best=5.944857e-01
[NA] iter=00000 eval=00334 misfit=7.085925e-01 best=5.944857e-01
[NA] iter=00000 eval=00335 misfit=4.374277e+00 best=5.944857e-01
[NA] iter=00000 eval=00336 misfit=6.069933e-01 best=5.944857e-01
[NA] iter=00000 eval=00337 misfit=8.547994e-01 best=5.944857e-01
[NA] iter=00000 eval=00338 misfit=6.928438e-01 best=5.944857e-01
[NA] iter=00000 eval=00339 misfit=2.068870e+00 best=5.944857e-01
[NA] iter=00000 eval=00340 misfit=6.474776e-01 best=5.944857e-01
[NA] iter=00000 eval=00341 misfit=1.451633e+00 best=5.944857e-01
[NA] iter=00000 eval=00342 misfit=6.859231e-01 best=5.944857e-01
[NA] iter=00000 eval=00343 misfit=3.408521e+00 best=5.944857e-01
[NA] iter=00000 eval=00344 misfit=9.211152e-01 best=5.944857e-01
[NA] iter=00000 eval=00345 misfit=1.872097e+00 best=5.944857e-01
[NA] iter=00000 eval=00346 misfit=7.044046e-01 best=5.944857e-01
[NA] iter=00000 eval=00347 misfit=8.031994e-01 best=5.944857e-01
[NA] iter=00000 eval=00348 misfit=7.322602e+00 best=5.944857e-01
[NA] iter=00000 eval=00349 misfit=7.056262e-01 best=5.944857e-01
[NA] iter=00000 eval=00350 misfit=8.909584e-01 best=5.944857e-01
[NA] iter=00000 eval=00351 misfit=1.108491e+00 best=5.944857e-01
[NA] iter=00000 eval=00352 misfit=8.311204e-01 best=5.944857e-01
[NA] iter=00000 eval=00353 misfit=8.084134e-01 best=5.944857e-01
[NA] iter=00000 eval=00354 misfit=8.978854e-01 best=5.944857e-01
[NA] iter=00000 eval=00355 misfit=1.263002e+00 best=5.944857e-01
[NA] iter=00000 eval=00356 misfit=2.215235e+00 best=5.944857e-01
[NA] iter=00000 eval=00357 misfit=2.239364e+00 best=5.944857e-01
[NA] iter=00000 eval=00358 misfit=1.047616e+00 best=5.944857e-01
[NA] iter=00000 eval=00359 misfit=9.273097e+00 best=5.944857e-01
[NA] iter=00000 eval=00360 misfit=2.529808e+00 best=5.944857e-01
[NA] iter=00000 eval=00361 misfit=2.243949e+00 best=5.944857e-01
[NA] iter=00000 eval=00362 misfit=7.149743e-01 best=5.944857e-01
[NA] iter=00000 eval=00363 misfit=7.027350e-01 best=5.944857e-01
[NA] iter=00000 eval=00364 misfit=6.032440e-01 best=5.944857e-01
[NA] iter=00000 eval=00365 misfit=1.209518e+00 best=5.944857e-01
[NA] iter=00000 eval=00366 misfit=1.012415e+00 best=5.944857e-01
[NA] iter=00000 eval=00367 misfit=7.369684e-01 best=5.944857e-01
[NA] iter=00000 eval=00368 misfit=7.838008e+00 best=5.944857e-01
[NA] iter=00000 eval=00369 misfit=9.718026e-01 best=5.944857e-01
[NA] iter=00000 eval=00370 misfit=9.110754e-01 best=5.944857e-01
[NA] iter=00000 eval=00371 misfit=1.631995e+00 best=5.944857e-01
[NA] iter=00000 eval=00372 misfit=1.557522e+00 best=5.944857e-01
[NA] iter=00000 eval=00373 misfit=2.510463e+00 best=5.944857e-01
[NA] iter=00000 eval=00374 misfit=8.924764e-01 best=5.944857e-01
[NA] iter=00000 eval=00375 misfit=2.720243e+00 best=5.944857e-01
[NA] iter=00000 eval=00376 misfit=9.859074e-01 best=5.944857e-01
[NA] iter=00000 eval=00377 misfit=1.728960e+00 best=5.944857e-01
[NA] iter=00000 eval=00378 misfit=4.007486e+00 best=5.944857e-01
[NA] iter=00000 eval=00379 misfit=6.772914e-01 best=5.944857e-01
[NA] iter=00000 eval=00380 misfit=1.114152e+00 best=5.944857e-01
[NA] iter=00000 eval=00381 misfit=9.197842e-01 best=5.944857e-01
[NA] iter=00000 eval=00382 misfit=7.948545e-01 best=5.944857e-01
[NA] iter=00000 eval=00383 misfit=1.523457e+00 best=5.944857e-01
[NA] iter=00000 eval=00384 misfit=8.635747e-01 best=5.944857e-01
[NA] iter=00000 eval=00385 misfit=3.541846e+00 best=5.944857e-01
[NA] iter=00000 eval=00386 misfit=7.640794e-01 best=5.944857e-01
[NA] iter=00000 eval=00387 misfit=7.197706e+00 best=5.944857e-01
[NA] iter=00000 eval=00388 misfit=1.086577e+00 best=5.944857e-01
[NA] iter=00000 eval=00389 misfit=7.711546e-01 best=5.944857e-01
[NA] iter=00000 eval=00390 misfit=9.076079e-01 best=5.944857e-01
[NA] iter=00000 eval=00391 misfit=1.262918e+00 best=5.944857e-01
[NA] iter=00000 eval=00392 misfit=7.615682e-01 best=5.944857e-01
[NA] iter=00000 eval=00393 misfit=7.916714e-01 best=5.944857e-01
[NA] iter=00000 eval=00394 misfit=7.513922e-01 best=5.944857e-01
[NA] iter=00000 eval=00395 misfit=2.715737e+00 best=5.944857e-01
[NA] iter=00000 eval=00396 misfit=1.122865e+00 best=5.944857e-01
[NA] iter=00000 eval=00397 misfit=6.870420e-01 best=5.944857e-01
[NA] iter=00000 eval=00398 misfit=2.520679e+00 best=5.944857e-01
[NA] iter=00000 eval=00399 misfit=1.469027e+01 best=5.944857e-01
[NA] iter=00000 eval=00400 misfit=2.908332e+01 best=5.944857e-01
[NA] iter=00000 eval=00401 misfit=1.219554e+00 best=5.944857e-01
[NA] iter=00000 eval=00402 misfit=8.858605e-01 best=5.944857e-01
[NA] iter=00000 eval=00403 misfit=1.000045e+00 best=5.944857e-01
[NA] iter=00000 eval=00404 misfit=8.247972e-01 best=5.944857e-01
[NA] iter=00000 eval=00405 misfit=7.011988e-01 best=5.944857e-01
[NA] iter=00000 eval=00406 misfit=2.717166e+00 best=5.944857e-01
[NA] iter=00000 eval=00407 misfit=1.184987e+01 best=5.944857e-01
[NA] iter=00000 eval=00408 misfit=1.393957e+00 best=5.944857e-01
[NA] iter=00000 eval=00409 misfit=5.963280e-01 best=5.944857e-01
[NA] iter=00000 eval=00410 misfit=1.936558e+00 best=5.944857e-01
[NA] iter=00000 eval=00411 misfit=7.122214e-01 best=5.944857e-01
[NA] iter=00000 eval=00412 misfit=1.712012e+00 best=5.944857e-01
[NA] iter=00000 eval=00413 misfit=1.360088e+00 best=5.944857e-01
[NA] iter=00000 eval=00414 misfit=1.123984e+00 best=5.944857e-01
[NA] iter=00000 eval=00415 misfit=8.417137e-01 best=5.944857e-01
[NA] iter=00000 eval=00416 misfit=2.448088e+00 best=5.944857e-01
[NA] iter=00000 eval=00417 misfit=2.184006e+00 best=5.944857e-01
[NA] iter=00000 eval=00418 misfit=1.122815e+00 best=5.944857e-01
[NA] iter=00000 eval=00419 misfit=8.336426e-01 best=5.944857e-01
[NA] iter=00000 eval=00420 misfit=6.810934e-01 best=5.944857e-01
[NA] iter=00000 eval=00421 misfit=8.641882e+00 best=5.944857e-01
[NA] iter=00000 eval=00422 misfit=1.084731e+00 best=5.944857e-01
[NA] iter=00000 eval=00423 misfit=2.462117e+00 best=5.944857e-01
[NA] iter=00000 eval=00424 misfit=9.199166e+00 best=5.944857e-01
[NA] iter=00000 eval=00425 misfit=6.959833e-01 best=5.944857e-01
[NA] iter=00000 eval=00426 misfit=6.992760e-01 best=5.944857e-01
[NA] iter=00000 eval=00427 misfit=1.247352e+00 best=5.944857e-01
[NA] iter=00000 eval=00428 misfit=1.256643e+00 best=5.944857e-01
[NA] iter=00000 eval=00429 misfit=9.008222e-01 best=5.944857e-01
[NA] iter=00000 eval=00430 misfit=8.052656e-01 best=5.944857e-01
[NA] iter=00000 eval=00431 misfit=2.183981e+00 best=5.944857e-01
[NA] iter=00000 eval=00432 misfit=2.012182e+00 best=5.944857e-01
[NA] iter=00000 eval=00433 misfit=9.201503e-01 best=5.944857e-01
[NA] iter=00000 eval=00434 misfit=1.474471e+00 best=5.944857e-01
[NA] iter=00000 eval=00435 misfit=2.298601e+00 best=5.944857e-01
[NA] iter=00000 eval=00436 misfit=7.247802e-01 best=5.944857e-01
[NA] iter=00000 eval=00437 misfit=9.315263e-01 best=5.944857e-01
[NA] iter=00000 eval=00438 misfit=5.998949e-01 best=5.944857e-01
[NA] iter=00000 eval=00439 misfit=1.659150e+00 best=5.944857e-01
[NA] iter=00000 eval=00440 misfit=2.190164e+00 best=5.944857e-01
[NA] iter=00000 eval=00441 misfit=6.949519e-01 best=5.944857e-01
[NA] iter=00000 eval=00442 misfit=9.539029e-01 best=5.944857e-01
[NA] iter=00000 eval=00443 misfit=8.457629e+00 best=5.944857e-01
[NA] iter=00000 eval=00444 misfit=1.560113e+00 best=5.944857e-01
[NA] iter=00000 eval=00445 misfit=1.923675e+01 best=5.944857e-01
[NA] iter=00000 eval=00446 misfit=9.450832e-01 best=5.944857e-01
[NA] iter=00000 eval=00447 misfit=9.300777e-01 best=5.944857e-01
[NA] iter=00000 eval=00448 misfit=7.846014e-01 best=5.944857e-01
[NA] iter=00000 eval=00449 misfit=1.110882e+00 best=5.944857e-01
[NA] iter=00000 eval=00450 misfit=6.852479e-01 best=5.944857e-01
[NA] iter=00000 eval=00451 misfit=1.963008e+00 best=5.944857e-01
[NA] iter=00000 eval=00452 misfit=3.888989e+00 best=5.944857e-01
[NA] iter=00000 eval=00453 misfit=8.763789e-01 best=5.944857e-01
[NA] iter=00000 eval=00454 misfit=1.519162e+00 best=5.944857e-01
[NA] iter=00000 eval=00455 misfit=9.298116e-01 best=5.944857e-01
[NA] iter=00000 eval=00456 misfit=8.035363e-01 best=5.944857e-01
[NA] iter=00000 eval=00457 misfit=7.507052e-01 best=5.944857e-01
[NA] iter=00000 eval=00458 misfit=7.967339e-01 best=5.944857e-01
[NA] iter=00000 eval=00459 misfit=7.240591e-01 best=5.944857e-01
[NA] iter=00000 eval=00460 misfit=1.439933e+00 best=5.944857e-01
[NA] iter=00000 eval=00461 misfit=1.459190e+00 best=5.944857e-01
[NA] iter=00000 eval=00462 misfit=8.151680e+00 best=5.944857e-01
[NA] iter=00000 eval=00463 misfit=1.367192e+00 best=5.944857e-01
[NA] iter=00000 eval=00464 misfit=6.269545e-01 best=5.944857e-01
[NA] iter=00000 eval=00465 misfit=9.320557e-01 best=5.944857e-01
[NA] iter=00000 eval=00466 misfit=2.247886e+00 best=5.944857e-01
[NA] iter=00000 eval=00467 misfit=8.307402e-01 best=5.944857e-01
[NA] iter=00000 eval=00468 misfit=5.331301e+00 best=5.944857e-01
[NA] iter=00000 eval=00469 misfit=1.319301e+00 best=5.944857e-01
[NA] iter=00000 eval=00470 misfit=6.066063e+00 best=5.944857e-01
[NA] iter=00000 eval=00471 misfit=3.504329e+00 best=5.944857e-01
[NA] iter=00000 eval=00472 misfit=9.165452e-01 best=5.944857e-01
[NA] iter=00000 eval=00473 misfit=8.319310e-01 best=5.944857e-01
[NA] iter=00000 eval=00474 misfit=1.067341e+00 best=5.944857e-01
[NA] iter=00000 eval=00475 misfit=1.275185e+00 best=5.944857e-01
[NA] iter=00000 eval=00476 misfit=9.277340e-01 best=5.944857e-01
[NA] iter=00000 eval=00477 misfit=1.207158e+00 best=5.944857e-01
[NA] iter=00000 eval=00478 misfit=7.158211e-01 best=5.944857e-01
[NA] iter=00000 eval=00479 misfit=6.590831e-01 best=5.944857e-01
[NA] iter=00000 eval=00480 misfit=7.256570e-01 best=5.944857e-01
[NA] iter=00000 eval=00481 misfit=6.611295e-01 best=5.944857e-01
[NA] iter=00000 eval=00482 misfit=1.004753e+00 best=5.944857e-01
[NA] iter=00000 eval=00483 misfit=1.650215e+00 best=5.944857e-01
[NA] iter=00000 eval=00484 misfit=1.896079e+00 best=5.944857e-01
[NA] iter=00000 eval=00485 misfit=7.457825e-01 best=5.944857e-01
[NA] iter=00000 eval=00486 misfit=1.067474e+00 best=5.944857e-01
[NA] iter=00000 eval=00487 misfit=6.599005e-01 best=5.944857e-01
[NA] iter=00000 eval=00488 misfit=6.198063e-01 best=5.944857e-01
[NA] iter=00000 eval=00489 misfit=9.720293e-01 best=5.944857e-01
[NA] iter=00000 eval=00490 misfit=4.723800e+00 best=5.944857e-01
[NA] iter=00000 eval=00491 misfit=8.853787e-01 best=5.944857e-01
[NA] iter=00000 eval=00492 misfit=8.500176e-01 best=5.944857e-01
[NA] iter=00000 eval=00493 misfit=7.139167e-01 best=5.944857e-01
[NA] iter=00000 eval=00494 misfit=1.422039e+01 best=5.944857e-01
[NA] iter=00000 eval=00495 misfit=9.111796e+00 best=5.944857e-01
[NA] iter=00000 eval=00496 misfit=2.200586e+00 best=5.944857e-01
[NA] iter=00000 eval=00497 misfit=9.020946e-01 best=5.944857e-01
[NA] iter=00000 eval=00498 misfit=1.077492e+00 best=5.944857e-01
[NA] iter=00000 eval=00499 misfit=1.777314e+00 best=5.944857e-01
[NA] iter=00000 eval=00500 misfit=1.086931e+00 best=5.944857e-01
[NA] iter=00000 eval=00501 misfit=4.979655e+00 best=5.944857e-01
[NA] iter=00000 eval=00502 misfit=1.198597e+00 best=5.944857e-01
[NA] iter=00000 eval=00503 misfit=8.784582e-01 best=5.944857e-01
[NA] iter=00000 eval=00504 misfit=7.100737e-01 best=5.944857e-01
[NA] iter=00000 eval=00505 misfit=7.215060e-01 best=5.944857e-01
[NA] iter=00000 eval=00506 misfit=7.841279e-01 best=5.944857e-01
[NA] iter=00000 eval=00507 misfit=9.042256e-01 best=5.944857e-01
[NA] iter=00000 eval=00508 misfit=7.891775e+00 best=5.944857e-01
[NA] iter=00000 eval=00509 misfit=1.165177e+00 best=5.944857e-01
[NA] iter=00000 eval=00510 misfit=2.265985e+00 best=5.944857e-01
[NA] iter=00000 eval=00511 misfit=1.367604e+00 best=5.944857e-01
[NA] iter=00000 eval=00512 misfit=9.064918e-01 best=5.944857e-01
[NA] iter=00000 eval=00513 misfit=1.790994e+00 best=5.944857e-01
[NA] iter=00000 eval=00514 misfit=7.484061e-01 best=5.944857e-01
[NA] iter=00000 eval=00515 misfit=1.181552e+00 best=5.944857e-01
[NA] iter=00000 eval=00516 misfit=1.026710e+00 best=5.944857e-01
[NA] iter=00000 eval=00517 misfit=1.486093e+00 best=5.944857e-01
[NA] iter=00000 eval=00518 misfit=1.517261e+00 best=5.944857e-01
[NA] iter=00000 eval=00519 misfit=1.347037e+00 best=5.944857e-01
[NA] iter=00000 eval=00520 misfit=1.920670e+00 best=5.944857e-01
[NA] iter=00000 eval=00521 misfit=1.284220e+00 best=5.944857e-01
[NA] iter=00000 eval=00522 misfit=6.171058e-01 best=5.944857e-01
[NA] iter=00000 eval=00523 misfit=7.377103e-01 best=5.944857e-01
[NA] iter=00000 eval=00524 misfit=8.182809e-01 best=5.944857e-01
[NA] iter=00000 eval=00525 misfit=3.105175e+00 best=5.944857e-01
[NA] iter=00000 eval=00526 misfit=8.220937e-01 best=5.944857e-01
[NA] iter=00000 eval=00527 misfit=7.294940e+00 best=5.944857e-01
[NA] iter=00000 eval=00528 misfit=8.774961e-01 best=5.944857e-01
[NA] iter=00000 eval=00529 misfit=9.772268e-01 best=5.944857e-01
[NA] iter=00000 eval=00530 misfit=1.200113e+00 best=5.944857e-01
[NA] iter=00000 eval=00531 misfit=8.908563e-01 best=5.944857e-01
[NA] iter=00000 eval=00532 misfit=9.000998e-01 best=5.944857e-01
[NA] iter=00000 eval=00533 misfit=8.802669e-01 best=5.944857e-01
[NA] iter=00000 eval=00534 misfit=1.242760e+00 best=5.944857e-01
[NA] iter=00000 eval=00535 misfit=6.871136e-01 best=5.944857e-01
[NA] iter=00000 eval=00536 misfit=8.224654e-01 best=5.944857e-01
[NA] iter=00000 eval=00537 misfit=6.943594e-01 best=5.944857e-01
[NA] iter=00000 eval=00538 misfit=8.158611e-01 best=5.944857e-01
[NA] iter=00000 eval=00539 misfit=7.814934e-01 best=5.944857e-01
[NA] iter=00000 eval=00540 misfit=3.091461e+00 best=5.944857e-01
[NA] iter=00000 eval=00541 misfit=1.090485e+00 best=5.944857e-01
[NA] iter=00000 eval=00542 misfit=6.704175e-01 best=5.944857e-01
[NA] iter=00000 eval=00543 misfit=3.745293e+00 best=5.944857e-01
[NA] iter=00000 eval=00544 misfit=1.058629e+00 best=5.944857e-01
[NA] iter=00000 eval=00545 misfit=1.936396e+00 best=5.944857e-01
[NA] iter=00000 eval=00546 misfit=1.208944e+00 best=5.944857e-01
[NA] iter=00000 eval=00547 misfit=8.703351e-01 best=5.944857e-01
[NA] iter=00000 eval=00548 misfit=7.442642e-01 best=5.944857e-01
[NA] iter=00000 eval=00549 misfit=6.738210e-01 best=5.944857e-01
[NA] iter=00000 eval=00550 misfit=1.663876e+00 best=5.944857e-01
[NA] iter=00000 eval=00551 misfit=8.056297e+00 best=5.944857e-01
[NA] iter=00000 eval=00552 misfit=8.523205e-01 best=5.944857e-01
[NA] iter=00000 eval=00553 misfit=5.118754e+00 best=5.944857e-01
[NA] iter=00000 eval=00554 misfit=2.221241e+00 best=5.944857e-01
[NA] iter=00000 eval=00555 misfit=8.292889e-01 best=5.944857e-01
[NA] iter=00000 eval=00556 misfit=7.916932e-01 best=5.944857e-01
[NA] iter=00000 eval=00557 misfit=6.946389e-01 best=5.944857e-01
[NA] iter=00000 eval=00558 misfit=1.545572e+00 best=5.944857e-01
[NA] iter=00000 eval=00559 misfit=1.996825e+00 best=5.944857e-01
[NA] iter=00000 eval=00560 misfit=2.131158e+00 best=5.944857e-01
[NA] iter=00000 eval=00561 misfit=1.343902e+00 best=5.944857e-01
[NA] iter=00000 eval=00562 misfit=9.259377e-01 best=5.944857e-01
[NA] iter=00000 eval=00563 misfit=8.778581e-01 best=5.944857e-01
[NA] iter=00000 eval=00564 misfit=8.218198e-01 best=5.944857e-01
[NA] iter=00000 eval=00565 misfit=4.973332e+00 best=5.944857e-01
[NA] iter=00000 eval=00566 misfit=7.581971e-01 best=5.944857e-01
[NA] iter=00000 eval=00567 misfit=2.334091e+00 best=5.944857e-01
[NA] iter=00000 eval=00568 misfit=6.975148e-01 best=5.944857e-01
[NA] iter=00000 eval=00569 misfit=1.032709e+00 best=5.944857e-01
[NA] iter=00000 eval=00570 misfit=1.252613e+00 best=5.944857e-01
[NA] iter=00000 eval=00571 misfit=7.947855e-01 best=5.944857e-01
[NA] iter=00000 eval=00572 misfit=1.463454e+00 best=5.944857e-01
[NA] iter=00000 eval=00573 misfit=7.392895e-01 best=5.944857e-01
[NA] iter=00000 eval=00574 misfit=8.642784e-01 best=5.944857e-01
[NA] iter=00000 eval=00575 misfit=1.507188e+00 best=5.944857e-01
[NA] iter=00000 eval=00576 misfit=8.340294e-01 best=5.944857e-01
[NA] iter=00000 eval=00577 misfit=6.109190e-01 best=5.944857e-01
[NA] iter=00000 eval=00578 misfit=6.970772e-01 best=5.944857e-01
[NA] iter=00000 eval=00579 misfit=3.062450e+00 best=5.944857e-01
[NA] iter=00000 eval=00580 misfit=2.971779e+00 best=5.944857e-01
[NA] iter=00000 eval=00581 misfit=2.332130e+00 best=5.944857e-01
[NA] iter=00000 eval=00582 misfit=7.567572e-01 best=5.944857e-01
[NA] iter=00000 eval=00583 misfit=3.119798e+00 best=5.944857e-01
[NA] iter=00000 eval=00584 misfit=8.256912e-01 best=5.944857e-01
[NA] iter=00000 eval=00585 misfit=6.895387e-01 best=5.944857e-01
[NA] iter=00000 eval=00586 misfit=1.927412e+00 best=5.944857e-01
[NA] iter=00000 eval=00587 misfit=4.403701e+00 best=5.944857e-01
[NA] iter=00000 eval=00588 misfit=7.550776e-01 best=5.944857e-01
[NA] iter=00000 eval=00589 misfit=1.593007e+00 best=5.944857e-01
[NA] iter=00000 eval=00590 misfit=3.481422e+00 best=5.944857e-01
[NA] iter=00000 eval=00591 misfit=7.677598e-01 best=5.944857e-01
[NA] iter=00000 eval=00592 misfit=9.895912e-01 best=5.944857e-01
[NA] iter=00000 eval=00593 misfit=7.099357e-01 best=5.944857e-01
[NA] iter=00000 eval=00594 misfit=7.267051e-01 best=5.944857e-01
[NA] iter=00000 eval=00595 misfit=8.620191e-01 best=5.944857e-01
[NA] iter=00000 eval=00596 misfit=1.197077e+00 best=5.944857e-01
[NA] iter=00000 eval=00597 misfit=1.841230e+00 best=5.944857e-01
[NA] iter=00000 eval=00598 misfit=9.695751e+00 best=5.944857e-01
[NA] iter=00000 eval=00599 misfit=3.099509e+00 best=5.944857e-01
[NA] iter=00000 eval=00600 misfit=8.385400e-01 best=5.944857e-01
[NA] iter=00000 eval=00601 misfit=1.034525e+00 best=5.944857e-01
[NA] iter=00000 eval=00602 misfit=6.355832e-01 best=5.944857e-01
[NA] iter=00000 eval=00603 misfit=1.087996e+00 best=5.944857e-01
[NA] iter=00000 eval=00604 misfit=6.558435e-01 best=5.944857e-01
[NA] iter=00000 eval=00605 misfit=6.900552e-01 best=5.944857e-01
[NA] iter=00000 eval=00606 misfit=1.594017e+00 best=5.944857e-01
[NA] iter=00000 eval=00607 misfit=1.718513e+00 best=5.944857e-01
[NA] iter=00000 eval=00608 misfit=1.048153e+01 best=5.944857e-01
[NA] iter=00000 eval=00609 misfit=1.313641e+00 best=5.944857e-01
[NA] iter=00000 eval=00610 misfit=1.046221e+00 best=5.944857e-01
[NA] iter=00000 eval=00611 misfit=1.635301e+00 best=5.944857e-01
[NA] iter=00000 eval=00612 misfit=1.830909e+00 best=5.944857e-01
[NA] iter=00000 eval=00613 misfit=3.167686e+00 best=5.944857e-01
[NA] iter=00000 eval=00614 misfit=6.481374e-01 best=5.944857e-01
[NA] iter=00000 eval=00615 misfit=8.894623e-01 best=5.944857e-01
[NA] iter=00000 eval=00616 misfit=1.558269e+00 best=5.944857e-01
[NA] iter=00000 eval=00617 misfit=1.369739e+00 best=5.944857e-01
[NA] iter=00000 eval=00618 misfit=5.319682e+00 best=5.944857e-01
[NA] iter=00000 eval=00619 misfit=1.990639e+00 best=5.944857e-01
[NA] iter=00000 eval=00620 misfit=1.116830e+00 best=5.944857e-01
[NA] iter=00000 eval=00621 misfit=1.557378e+00 best=5.944857e-01
[NA] iter=00000 eval=00622 misfit=3.123946e+00 best=5.944857e-01
[NA] iter=00000 eval=00623 misfit=7.974654e-01 best=5.944857e-01
[NA] iter=00000 eval=00624 misfit=8.686911e-01 best=5.944857e-01
[NA] iter=00000 eval=00625 misfit=1.336800e+00 best=5.944857e-01
[NA] iter=00000 eval=00626 misfit=1.000052e+00 best=5.944857e-01
[NA] iter=00000 eval=00627 misfit=3.722390e+00 best=5.944857e-01
[NA] iter=00000 eval=00628 misfit=8.463735e-01 best=5.944857e-01
[NA] iter=00000 eval=00629 misfit=6.150830e-01 best=5.944857e-01
[NA] iter=00000 eval=00630 misfit=9.606128e-01 best=5.944857e-01
[NA] iter=00000 eval=00631 misfit=9.138365e-01 best=5.944857e-01
[NA] iter=00000 eval=00632 misfit=6.108643e+00 best=5.944857e-01
[NA] iter=00000 eval=00633 misfit=2.303395e+00 best=5.944857e-01
[NA] iter=00000 eval=00634 misfit=8.499563e-01 best=5.944857e-01
[NA] iter=00000 eval=00635 misfit=9.218673e-01 best=5.944857e-01
[NA] iter=00000 eval=00636 misfit=1.198897e+00 best=5.944857e-01
[NA] iter=00000 eval=00637 misfit=9.368747e-01 best=5.944857e-01
[NA] iter=00000 eval=00638 misfit=8.033437e-01 best=5.944857e-01
[NA] iter=00000 eval=00639 misfit=1.206988e+00 best=5.944857e-01
[NA] iter=00000 eval=00640 misfit=9.184845e-01 best=5.944857e-01
[NA] iter=00000 eval=00641 misfit=1.661565e+00 best=5.944857e-01
[NA] iter=00000 eval=00642 misfit=1.673459e+01 best=5.944857e-01
[NA] iter=00000 eval=00643 misfit=1.371018e+01 best=5.944857e-01
[NA] iter=00000 eval=00644 misfit=1.027433e+00 best=5.944857e-01
[NA] iter=00000 eval=00645 misfit=8.236803e-01 best=5.944857e-01
[NA] iter=00000 eval=00646 misfit=2.155218e+00 best=5.944857e-01
[NA] iter=00000 eval=00647 misfit=6.609847e-01 best=5.944857e-01
[NA] iter=00000 eval=00648 misfit=7.095573e-01 best=5.944857e-01
[NA] iter=00000 eval=00649 misfit=7.653064e-01 best=5.944857e-01
[NA] iter=00000 eval=00650 misfit=9.523763e-01 best=5.944857e-01
[NA] iter=00000 eval=00651 misfit=1.627435e+00 best=5.944857e-01
[NA] iter=00000 eval=00652 misfit=7.032992e-01 best=5.944857e-01
[NA] iter=00000 eval=00653 misfit=9.735051e-01 best=5.944857e-01
[NA] iter=00000 eval=00654 misfit=4.014359e+00 best=5.944857e-01
[NA] iter=00000 eval=00655 misfit=1.031567e+00 best=5.944857e-01
[NA] iter=00000 eval=00656 misfit=1.657016e+00 best=5.944857e-01
[NA] iter=00000 eval=00657 misfit=5.640818e+00 best=5.944857e-01
[NA] iter=00000 eval=00658 misfit=9.491222e-01 best=5.944857e-01
[NA] iter=00000 eval=00659 misfit=1.743132e+00 best=5.944857e-01
[NA] iter=00000 eval=00660 misfit=8.054970e-01 best=5.944857e-01
[NA] iter=00000 eval=00661 misfit=7.200562e-01 best=5.944857e-01
[NA] iter=00000 eval=00662 misfit=9.471296e-01 best=5.944857e-01
[NA] iter=00000 eval=00663 misfit=1.703538e+00 best=5.944857e-01
[NA] iter=00000 eval=00664 misfit=1.977258e+00 best=5.944857e-01
[NA] iter=00000 eval=00665 misfit=7.764344e-01 best=5.944857e-01
[NA] iter=00000 eval=00666 misfit=6.047966e-01 best=5.944857e-01
[NA] iter=00000 eval=00667 misfit=9.218735e-01 best=5.944857e-01
[NA] iter=00000 eval=00668 misfit=3.656275e+00 best=5.944857e-01
[NA] iter=00000 eval=00669 misfit=1.807835e+00 best=5.944857e-01
[NA] iter=00000 eval=00670 misfit=8.869931e-01 best=5.944857e-01
[NA] iter=00000 eval=00671 misfit=1.768798e+00 best=5.944857e-01
[NA] iter=00000 eval=00672 misfit=1.948087e+00 best=5.944857e-01
[NA] iter=00000 eval=00673 misfit=2.856543e+00 best=5.944857e-01
[NA] iter=00000 eval=00674 misfit=1.002849e+00 best=5.944857e-01
[NA] iter=00000 eval=00675 misfit=7.332938e-01 best=5.944857e-01
[NA] iter=00000 eval=00676 misfit=1.137458e+00 best=5.944857e-01
[NA] iter=00000 eval=00677 misfit=7.761580e-01 best=5.944857e-01
[NA] iter=00000 eval=00678 misfit=9.954251e-01 best=5.944857e-01
[NA] iter=00000 eval=00679 misfit=8.430640e-01 best=5.944857e-01
[NA] iter=00000 eval=00680 misfit=1.205298e+00 best=5.944857e-01
[NA] iter=00000 eval=00681 misfit=1.272057e+00 best=5.944857e-01
[NA] iter=00000 eval=00682 misfit=4.042332e+00 best=5.944857e-01
[NA] iter=00000 eval=00683 misfit=1.048700e+00 best=5.944857e-01
[NA] iter=00000 eval=00684 misfit=2.023105e+00 best=5.944857e-01
[NA] iter=00000 eval=00685 misfit=7.280384e-01 best=5.944857e-01
[NA] iter=00000 eval=00686 misfit=4.651963e+00 best=5.944857e-01
[NA] iter=00000 eval=00687 misfit=1.518107e+00 best=5.944857e-01
[NA] iter=00000 eval=00688 misfit=9.998022e-01 best=5.944857e-01
[NA] iter=00000 eval=00689 misfit=7.147928e-01 best=5.944857e-01
[NA] iter=00000 eval=00690 misfit=7.872035e-01 best=5.944857e-01
[NA] iter=00000 eval=00691 misfit=9.729712e-01 best=5.944857e-01
[NA] iter=00000 eval=00692 misfit=3.173719e+00 best=5.944857e-01
[NA] iter=00000 eval=00693 misfit=1.449043e+00 best=5.944857e-01
[NA] iter=00000 eval=00694 misfit=7.369596e-01 best=5.944857e-01
[NA] iter=00000 eval=00695 misfit=4.341689e+00 best=5.944857e-01
[NA] iter=00000 eval=00696 misfit=1.206821e+00 best=5.944857e-01
[NA] iter=00000 eval=00697 misfit=1.838390e+00 best=5.944857e-01
[NA] iter=00000 eval=00698 misfit=9.389357e-01 best=5.944857e-01
[NA] iter=00000 eval=00699 misfit=9.406377e-01 best=5.944857e-01
[NA] iter=00000 eval=00700 misfit=9.862218e-01 best=5.944857e-01
[NA] iter=00000 eval=00701 misfit=6.692347e-01 best=5.944857e-01
[NA] iter=00000 eval=00702 misfit=8.596502e+00 best=5.944857e-01
[NA] iter=00000 eval=00703 misfit=8.628274e-01 best=5.944857e-01
[NA] iter=00000 eval=00704 misfit=8.762088e-01 best=5.944857e-01
[NA] iter=00000 eval=00705 misfit=9.981431e-01 best=5.944857e-01
[NA] iter=00000 eval=00706 misfit=1.267232e+00 best=5.944857e-01
[NA] iter=00000 eval=00707 misfit=6.690586e-01 best=5.944857e-01
[NA] iter=00000 eval=00708 misfit=1.139373e+00 best=5.944857e-01
[NA] iter=00000 eval=00709 misfit=9.691223e-01 best=5.944857e-01
[NA] iter=00000 eval=00710 misfit=8.149187e-01 best=5.944857e-01
[NA] iter=00000 eval=00711 misfit=3.806573e+00 best=5.944857e-01
[NA] iter=00000 eval=00712 misfit=4.596877e+00 best=5.944857e-01
[NA] iter=00000 eval=00713 misfit=6.199837e+00 best=5.944857e-01
[NA] iter=00000 eval=00714 misfit=1.326127e+00 best=5.944857e-01
[NA] iter=00000 eval=00715 misfit=3.690458e+00 best=5.944857e-01
[NA] iter=00000 eval=00716 misfit=1.101051e+00 best=5.944857e-01
[NA] iter=00000 eval=00717 misfit=6.501418e-01 best=5.944857e-01
[NA] iter=00000 eval=00718 misfit=1.463801e+00 best=5.944857e-01
[NA] iter=00000 eval=00719 misfit=1.428323e+00 best=5.944857e-01
[NA] iter=00000 eval=00720 misfit=2.765712e+00 best=5.944857e-01
[NA] iter=00000 eval=00721 misfit=8.289873e-01 best=5.944857e-01
[NA] iter=00000 eval=00722 misfit=5.178249e+00 best=5.944857e-01
[NA] iter=00000 eval=00723 misfit=9.518242e-01 best=5.944857e-01
[NA] iter=00000 eval=00724 misfit=7.712296e-01 best=5.944857e-01
[NA] iter=00000 eval=00725 misfit=6.411389e-01 best=5.944857e-01
[NA] iter=00000 eval=00726 misfit=5.432555e+00 best=5.944857e-01
[NA] iter=00000 eval=00727 misfit=1.032916e+00 best=5.944857e-01
[NA] iter=00000 eval=00728 misfit=1.047849e+00 best=5.944857e-01
[NA] iter=00000 eval=00729 misfit=6.275110e-01 best=5.944857e-01
[NA] iter=00000 eval=00730 misfit=9.929555e-01 best=5.944857e-01
[NA] iter=00000 eval=00731 misfit=1.722709e+00 best=5.944857e-01
[NA] iter=00000 eval=00732 misfit=1.025093e+00 best=5.944857e-01
[NA] iter=00000 eval=00733 misfit=1.746270e+00 best=5.944857e-01
[NA] iter=00000 eval=00734 misfit=7.913784e-01 best=5.944857e-01
[NA] iter=00000 eval=00735 misfit=1.087074e+00 best=5.944857e-01
[NA] iter=00000 eval=00736 misfit=1.008927e+00 best=5.944857e-01
[NA] iter=00000 eval=00737 misfit=2.286908e+00 best=5.944857e-01
[NA] iter=00000 eval=00738 misfit=1.472457e+00 best=5.944857e-01
[NA] iter=00000 eval=00739 misfit=6.250140e+00 best=5.944857e-01
[NA] iter=00000 eval=00740 misfit=1.010108e+00 best=5.944857e-01
[NA] iter=00000 eval=00741 misfit=1.274699e+00 best=5.944857e-01
[NA] iter=00000 eval=00742 misfit=7.621171e-01 best=5.944857e-01
[NA] iter=00000 eval=00743 misfit=7.301973e-01 best=5.944857e-01
[NA] iter=00000 eval=00744 misfit=9.993838e-01 best=5.944857e-01
[NA] iter=00000 eval=00745 misfit=1.890542e+00 best=5.944857e-01
[NA] iter=00000 eval=00746 misfit=9.491414e+00 best=5.944857e-01
[NA] iter=00000 eval=00747 misfit=8.988396e-01 best=5.944857e-01
[NA] iter=00000 eval=00748 misfit=9.484644e-01 best=5.944857e-01
[NA] iter=00000 eval=00749 misfit=9.065881e-01 best=5.944857e-01
[NA] iter=00000 eval=00750 misfit=1.067031e+00 best=5.944857e-01
[NA] iter=00000 eval=00751 misfit=6.436938e-01 best=5.944857e-01
[NA] iter=00000 eval=00752 misfit=6.430837e-01 best=5.944857e-01
[NA] iter=00000 eval=00753 misfit=6.377616e-01 best=5.944857e-01
[NA] iter=00000 eval=00754 misfit=7.853973e-01 best=5.944857e-01
[NA] iter=00000 eval=00755 misfit=1.445974e+00 best=5.944857e-01
[NA] iter=00000 eval=00756 misfit=9.339464e-01 best=5.944857e-01
[NA] iter=00000 eval=00757 misfit=1.068319e+01 best=5.944857e-01
[NA] iter=00000 eval=00758 misfit=2.443261e+00 best=5.944857e-01
[NA] iter=00000 eval=00759 misfit=1.176238e+00 best=5.944857e-01
[NA] iter=00000 eval=00760 misfit=8.633536e-01 best=5.944857e-01
[NA] iter=00000 eval=00761 misfit=8.496997e-01 best=5.944857e-01
[NA] iter=00000 eval=00762 misfit=1.581917e+00 best=5.944857e-01
[NA] iter=00000 eval=00763 misfit=7.392339e+00 best=5.944857e-01
[NA] iter=00000 eval=00764 misfit=1.749732e+00 best=5.944857e-01
[NA] iter=00000 eval=00765 misfit=8.338786e-01 best=5.944857e-01
[NA] iter=00000 eval=00766 misfit=1.119251e+00 best=5.944857e-01
[NA] iter=00000 eval=00767 misfit=3.268660e+00 best=5.944857e-01
[NA] iter=00000 eval=00768 misfit=9.412067e-01 best=5.944857e-01
[NA] iter=00000 eval=00769 misfit=1.006572e+00 best=5.944857e-01
[NA] iter=00000 eval=00770 misfit=7.756925e-01 best=5.944857e-01
[NA] iter=00000 eval=00771 misfit=9.976624e-01 best=5.944857e-01
[NA] iter=00000 eval=00772 misfit=1.089118e+00 best=5.944857e-01
[NA] iter=00000 eval=00773 misfit=1.624628e+00 best=5.944857e-01
[NA] iter=00000 eval=00774 misfit=1.213011e+00 best=5.944857e-01
[NA] iter=00000 eval=00775 misfit=4.864262e+00 best=5.944857e-01
[NA] iter=00000 eval=00776 misfit=2.436336e+00 best=5.944857e-01
[NA] iter=00000 eval=00777 misfit=7.023901e-01 best=5.944857e-01
[NA] iter=00000 eval=00778 misfit=7.447638e-01 best=5.944857e-01
[NA] iter=00000 eval=00779 misfit=1.112134e+00 best=5.944857e-01
[NA] iter=00000 eval=00780 misfit=3.551744e+00 best=5.944857e-01
[NA] iter=00000 eval=00781 misfit=8.357572e-01 best=5.944857e-01
[NA] iter=00000 eval=00782 misfit=7.502587e-01 best=5.944857e-01
[NA] iter=00000 eval=00783 misfit=6.171882e-01 best=5.944857e-01
[NA] iter=00000 eval=00784 misfit=1.142262e+00 best=5.944857e-01
[NA] iter=00000 eval=00785 misfit=6.672320e-01 best=5.944857e-01
[NA] iter=00000 eval=00786 misfit=8.384422e-01 best=5.944857e-01
[NA] iter=00000 eval=00787 misfit=1.025778e+01 best=5.944857e-01
[NA] iter=00000 eval=00788 misfit=6.728722e-01 best=5.944857e-01
[NA] iter=00000 eval=00789 misfit=8.520431e-01 best=5.944857e-01
[NA] iter=00000 eval=00790 misfit=1.102854e+00 best=5.944857e-01
[NA] iter=00000 eval=00791 misfit=8.751335e-01 best=5.944857e-01
[NA] iter=00000 eval=00792 misfit=8.544445e-01 best=5.944857e-01
[NA] iter=00000 eval=00793 misfit=1.496207e+00 best=5.944857e-01
[NA] iter=00000 eval=00794 misfit=4.902883e+00 best=5.944857e-01
[NA] iter=00000 eval=00795 misfit=1.636685e+00 best=5.944857e-01
[NA] iter=00000 eval=00796 misfit=3.451413e+00 best=5.944857e-01
[NA] iter=00000 eval=00797 misfit=5.097778e+00 best=5.944857e-01
[NA] iter=00000 eval=00798 misfit=1.508619e+00 best=5.944857e-01
[NA] iter=00000 eval=00799 misfit=7.932328e-01 best=5.944857e-01
[NA] iter=00000 eval=00800 misfit=1.736434e+01 best=5.944857e-01
[NA] iter=00000 eval=00801 misfit=3.427940e+00 best=5.944857e-01
[NA] iter=00000 eval=00802 misfit=7.003102e-01 best=5.944857e-01
[NA] iter=00000 eval=00803 misfit=7.299593e-01 best=5.944857e-01
[NA] iter=00000 eval=00804 misfit=1.150387e+00 best=5.944857e-01
[NA] iter=00000 eval=00805 misfit=7.604940e+00 best=5.944857e-01
[NA] iter=00000 eval=00806 misfit=4.196273e+00 best=5.944857e-01
[NA] iter=00000 eval=00807 misfit=6.126138e-01 best=5.944857e-01
[NA] iter=00000 eval=00808 misfit=8.180185e-01 best=5.944857e-01
[NA] iter=00000 eval=00809 misfit=2.852222e+00 best=5.944857e-01
[NA] iter=00000 eval=00810 misfit=9.459164e-01 best=5.944857e-01
[NA] iter=00000 eval=00811 misfit=1.035806e+00 best=5.944857e-01
[NA] iter=00000 eval=00812 misfit=8.460581e-01 best=5.944857e-01
[NA] iter=00000 eval=00813 misfit=6.267018e-01 best=5.944857e-01
[NA] iter=00000 eval=00814 misfit=6.267235e-01 best=5.944857e-01
[NA] iter=00000 eval=00815 misfit=2.911453e+00 best=5.944857e-01
[NA] iter=00000 eval=00816 misfit=5.519923e+00 best=5.944857e-01
[NA] iter=00000 eval=00817 misfit=7.306240e-01 best=5.944857e-01
[NA] iter=00000 eval=00818 misfit=6.084081e-01 best=5.944857e-01
[NA] iter=00000 eval=00819 misfit=1.556578e+00 best=5.944857e-01
[NA] iter=00000 eval=00820 misfit=1.166914e+00 best=5.944857e-01
[NA] iter=00000 eval=00821 misfit=2.868804e+00 best=5.944857e-01
[NA] iter=00000 eval=00822 misfit=1.875039e+00 best=5.944857e-01
[NA] iter=00000 eval=00823 misfit=9.013885e-01 best=5.944857e-01
[NA] iter=00000 eval=00824 misfit=1.373442e+00 best=5.944857e-01
[NA] iter=00000 eval=00825 misfit=6.638659e-01 best=5.944857e-01
[NA] iter=00000 eval=00826 misfit=3.171762e+00 best=5.944857e-01
[NA] iter=00000 eval=00827 misfit=8.512399e-01 best=5.944857e-01
[NA] iter=00000 eval=00828 misfit=1.235592e+00 best=5.944857e-01
[NA] iter=00000 eval=00829 misfit=2.824929e+00 best=5.944857e-01
[NA] iter=00000 eval=00830 misfit=7.888405e-01 best=5.944857e-01
[NA] iter=00000 eval=00831 misfit=8.767574e-01 best=5.944857e-01
[NA] iter=00000 eval=00832 misfit=2.232592e+00 best=5.944857e-01
[NA] iter=00000 eval=00833 misfit=9.516794e+00 best=5.944857e-01
[NA] iter=00000 eval=00834 misfit=7.885682e-01 best=5.944857e-01
[NA] iter=00000 eval=00835 misfit=1.580146e+00 best=5.944857e-01
[NA] iter=00000 eval=00836 misfit=1.014269e+00 best=5.944857e-01
[NA] iter=00000 eval=00837 misfit=9.538445e-01 best=5.944857e-01
[NA] iter=00000 eval=00838 misfit=1.205939e+00 best=5.944857e-01
[NA] iter=00000 eval=00839 misfit=2.099639e+00 best=5.944857e-01
[NA] iter=00000 eval=00840 misfit=1.112261e+00 best=5.944857e-01
[NA] iter=00000 eval=00841 misfit=3.237057e+00 best=5.944857e-01
[NA] iter=00000 eval=00842 misfit=6.824392e+00 best=5.944857e-01
[NA] iter=00000 eval=00843 misfit=7.761581e-01 best=5.944857e-01
[NA] iter=00000 eval=00844 misfit=7.422718e+00 best=5.944857e-01
[NA] iter=00000 eval=00845 misfit=4.326788e+00 best=5.944857e-01
[NA] iter=00000 eval=00846 misfit=7.662984e-01 best=5.944857e-01
[NA] iter=00000 eval=00847 misfit=8.417082e-01 best=5.944857e-01
[NA] iter=00000 eval=00848 misfit=9.561230e-01 best=5.944857e-01
[NA] iter=00000 eval=00849 misfit=8.327467e-01 best=5.944857e-01
[NA] iter=00000 eval=00850 misfit=6.176310e+00 best=5.944857e-01
[NA] iter=00000 eval=00851 misfit=7.373793e-01 best=5.944857e-01
[NA] iter=00000 eval=00852 misfit=1.199147e+00 best=5.944857e-01
[NA] iter=00000 eval=00853 misfit=1.791144e+00 best=5.944857e-01
[NA] iter=00000 eval=00854 misfit=7.585084e-01 best=5.944857e-01
[NA] iter=00000 eval=00855 misfit=7.772366e-01 best=5.944857e-01
[NA] iter=00000 eval=00856 misfit=1.612011e+00 best=5.944857e-01
[NA] iter=00000 eval=00857 misfit=1.270996e+00 best=5.944857e-01
[NA] iter=00000 eval=00858 misfit=8.807443e-01 best=5.944857e-01
[NA] iter=00000 eval=00859 misfit=6.351853e-01 best=5.944857e-01
[NA] iter=00000 eval=00860 misfit=8.626499e-01 best=5.944857e-01
[NA] iter=00000 eval=00861 misfit=8.130855e-01 best=5.944857e-01
[NA] iter=00000 eval=00862 misfit=8.404965e-01 best=5.944857e-01
[NA] iter=00000 eval=00863 misfit=7.177952e-01 best=5.944857e-01
[NA] iter=00000 eval=00864 misfit=6.172146e-01 best=5.944857e-01
[NA] iter=00000 eval=00865 misfit=7.527814e-01 best=5.944857e-01
[NA] iter=00000 eval=00866 misfit=1.203785e+00 best=5.944857e-01
[NA] iter=00000 eval=00867 misfit=1.101739e+00 best=5.944857e-01
[NA] iter=00000 eval=00868 misfit=9.841501e-01 best=5.944857e-01
[NA] iter=00000 eval=00869 misfit=2.510570e+00 best=5.944857e-01
[NA] iter=00000 eval=00870 misfit=8.356711e-01 best=5.944857e-01
[NA] iter=00000 eval=00871 misfit=9.282588e+00 best=5.944857e-01
[NA] iter=00000 eval=00872 misfit=3.347207e+00 best=5.944857e-01
[NA] iter=00000 eval=00873 misfit=1.070181e+00 best=5.944857e-01
[NA] iter=00000 eval=00874 misfit=2.599010e+00 best=5.944857e-01
[NA] iter=00000 eval=00875 misfit=3.092258e+00 best=5.944857e-01
[NA] iter=00000 eval=00876 misfit=6.117238e-01 best=5.944857e-01
[NA] iter=00000 eval=00877 misfit=2.016149e+00 best=5.944857e-01
[NA] iter=00000 eval=00878 misfit=1.665601e+00 best=5.944857e-01
[NA] iter=00000 eval=00879 misfit=1.051672e+00 best=5.944857e-01
[NA] iter=00000 eval=00880 misfit=1.299796e+00 best=5.944857e-01
[NA] iter=00000 eval=00881 misfit=1.310261e+00 best=5.944857e-01
[NA] iter=00000 eval=00882 misfit=6.032631e-01 best=5.944857e-01
[NA] iter=00000 eval=00883 misfit=1.819537e+00 best=5.944857e-01
[NA] iter=00000 eval=00884 misfit=1.885535e+00 best=5.944857e-01
[NA] iter=00000 eval=00885 misfit=1.059599e+00 best=5.944857e-01
[NA] iter=00000 eval=00886 misfit=6.681130e-01 best=5.944857e-01
[NA] iter=00000 eval=00887 misfit=7.949506e-01 best=5.944857e-01
[NA] iter=00000 eval=00888 misfit=7.105574e-01 best=5.944857e-01
[NA] iter=00000 eval=00889 misfit=1.047628e+00 best=5.944857e-01
[NA] iter=00000 eval=00890 misfit=2.442222e+00 best=5.944857e-01
[NA] iter=00000 eval=00891 misfit=1.235140e+00 best=5.944857e-01
[NA] iter=00000 eval=00892 misfit=3.441291e+00 best=5.944857e-01
[NA] iter=00000 eval=00893 misfit=1.492574e+00 best=5.944857e-01
[NA] iter=00000 eval=00894 misfit=9.003591e-01 best=5.944857e-01
[NA] iter=00000 eval=00895 misfit=3.956631e+00 best=5.944857e-01
[NA] iter=00000 eval=00896 misfit=1.257782e+00 best=5.944857e-01
[NA] iter=00000 eval=00897 misfit=1.343298e+00 best=5.944857e-01
[NA] iter=00000 eval=00898 misfit=6.188778e+00 best=5.944857e-01
[NA] iter=00000 eval=00899 misfit=9.487037e-01 best=5.944857e-01
[NA] iter=00000 eval=00900 misfit=1.128974e+00 best=5.944857e-01
[NA] iter=00000 eval=00901 misfit=6.815193e-01 best=5.944857e-01
[NA] iter=00000 eval=00902 misfit=1.656740e+00 best=5.944857e-01
[NA] iter=00000 eval=00903 misfit=3.613094e+00 best=5.944857e-01
[NA] iter=00000 eval=00904 misfit=8.029730e-01 best=5.944857e-01
[NA] iter=00000 eval=00905 misfit=1.970211e+00 best=5.944857e-01
[NA] iter=00000 eval=00906 misfit=7.623395e-01 best=5.944857e-01
[NA] iter=00000 eval=00907 misfit=6.993100e-01 best=5.944857e-01
[NA] iter=00000 eval=00908 misfit=7.358930e-01 best=5.944857e-01
[NA] iter=00000 eval=00909 misfit=1.654798e+00 best=5.944857e-01
[NA] iter=00000 eval=00910 misfit=1.016999e+00 best=5.944857e-01
[NA] iter=00000 eval=00911 misfit=9.186563e-01 best=5.944857e-01
[NA] iter=00000 eval=00912 misfit=1.041196e+01 best=5.944857e-01
[NA] iter=00000 eval=00913 misfit=1.217547e+00 best=5.944857e-01
[NA] iter=00000 eval=00914 misfit=6.368098e+00 best=5.944857e-01
[NA] iter=00000 eval=00915 misfit=1.831175e+00 best=5.944857e-01
[NA] iter=00000 eval=00916 misfit=2.602909e+00 best=5.944857e-01
[NA] iter=00000 eval=00917 misfit=1.043405e+00 best=5.944857e-01
[NA] iter=00000 eval=00918 misfit=1.983635e+00 best=5.944857e-01
[NA] iter=00000 eval=00919 misfit=1.238490e+00 best=5.944857e-01
[NA] iter=00000 eval=00920 misfit=8.867350e-01 best=5.944857e-01
[NA] iter=00000 eval=00921 misfit=1.470169e+01 best=5.944857e-01
[NA] iter=00000 eval=00922 misfit=8.449089e-01 best=5.944857e-01
[NA] iter=00000 eval=00923 misfit=6.623368e-01 best=5.944857e-01
[NA] iter=00000 eval=00924 misfit=9.660909e-01 best=5.944857e-01
[NA] iter=00000 eval=00925 misfit=8.323887e-01 best=5.944857e-01
[NA] iter=00000 eval=00926 misfit=9.112454e-01 best=5.944857e-01
[NA] iter=00000 eval=00927 misfit=8.537251e-01 best=5.944857e-01
[NA] iter=00000 eval=00928 misfit=9.295949e-01 best=5.944857e-01
[NA] iter=00000 eval=00929 misfit=8.398971e-01 best=5.944857e-01
[NA] iter=00000 eval=00930 misfit=6.138478e-01 best=5.944857e-01
[NA] iter=00000 eval=00931 misfit=9.826799e-01 best=5.944857e-01
[NA] iter=00000 eval=00932 misfit=4.403480e+00 best=5.944857e-01
[NA] iter=00000 eval=00933 misfit=6.504347e-01 best=5.944857e-01
[NA] iter=00000 eval=00934 misfit=4.516961e+00 best=5.944857e-01
[NA] iter=00000 eval=00935 misfit=7.504589e-01 best=5.944857e-01
[NA] iter=00000 eval=00936 misfit=8.573498e-01 best=5.944857e-01
[NA] iter=00000 eval=00937 misfit=2.718562e+00 best=5.944857e-01
[NA] iter=00000 eval=00938 misfit=1.937272e+01 best=5.944857e-01
[NA] iter=00000 eval=00939 misfit=1.157474e+00 best=5.944857e-01
[NA] iter=00000 eval=00940 misfit=1.035329e+00 best=5.944857e-01
[NA] iter=00000 eval=00941 misfit=9.339686e-01 best=5.944857e-01
[NA] iter=00000 eval=00942 misfit=1.050457e+00 best=5.944857e-01
[NA] iter=00000 eval=00943 misfit=7.191710e-01 best=5.944857e-01
[NA] iter=00000 eval=00944 misfit=9.209099e-01 best=5.944857e-01
[NA] iter=00000 eval=00945 misfit=1.239791e+00 best=5.944857e-01
[NA] iter=00000 eval=00946 misfit=9.553323e-01 best=5.944857e-01
[NA] iter=00000 eval=00947 misfit=8.871129e-01 best=5.944857e-01
[NA] iter=00000 eval=00948 misfit=8.254349e-01 best=5.944857e-01
[NA] iter=00000 eval=00949 misfit=1.627872e+00 best=5.944857e-01
[NA] iter=00000 eval=00950 misfit=7.779891e-01 best=5.944857e-01
[NA] iter=00000 eval=00951 misfit=8.439809e-01 best=5.944857e-01
[NA] iter=00000 eval=00952 misfit=5.742908e+00 best=5.944857e-01
[NA] iter=00000 eval=00953 misfit=1.642924e+00 best=5.944857e-01
[NA] iter=00000 eval=00954 misfit=6.342173e-01 best=5.944857e-01
[NA] iter=00000 eval=00955 misfit=9.550046e-01 best=5.944857e-01
[NA] iter=00000 eval=00956 misfit=7.635680e-01 best=5.944857e-01
[NA] iter=00000 eval=00957 misfit=1.378450e+00 best=5.944857e-01
[NA] iter=00000 eval=00958 misfit=1.816897e+00 best=5.944857e-01
[NA] iter=00000 eval=00959 misfit=8.780787e-01 best=5.944857e-01
[NA] iter=00000 eval=00960 misfit=1.695559e+00 best=5.944857e-01
[NA] iter=00000 eval=00961 misfit=7.598266e-01 best=5.944857e-01
[NA] iter=00000 eval=00962 misfit=2.553947e+00 best=5.944857e-01
[NA] iter=00000 eval=00963 misfit=7.100678e-01 best=5.944857e-01
[NA] iter=00000 eval=00964 misfit=6.277511e+00 best=5.944857e-01
[NA] iter=00000 eval=00965 misfit=6.623577e-01 best=5.944857e-01
[NA] iter=00000 eval=00966 misfit=7.618377e-01 best=5.944857e-01
[NA] iter=00000 eval=00967 misfit=7.922640e-01 best=5.944857e-01
[NA] iter=00000 eval=00968 misfit=2.331391e+00 best=5.944857e-01
[NA] iter=00000 eval=00969 misfit=1.668075e+00 best=5.944857e-01
[NA] iter=00000 eval=00970 misfit=9.727732e-01 best=5.944857e-01
[NA] iter=00000 eval=00971 misfit=7.684000e-01 best=5.944857e-01
[NA] iter=00000 eval=00972 misfit=1.467015e+00 best=5.944857e-01
[NA] iter=00000 eval=00973 misfit=3.680769e+00 best=5.944857e-01
[NA] iter=00000 eval=00974 misfit=5.990648e-01 best=5.944857e-01
[NA] iter=00000 eval=00975 misfit=6.908118e-01 best=5.944857e-01
[NA] iter=00000 eval=00976 misfit=4.401517e+00 best=5.944857e-01
[NA] iter=00000 eval=00977 misfit=1.257877e+00 best=5.944857e-01
[NA] iter=00000 eval=00978 misfit=1.136926e+00 best=5.944857e-01
[NA] iter=00000 eval=00979 misfit=1.628046e+00 best=5.944857e-01
[NA] iter=00000 eval=00980 misfit=2.294691e+01 best=5.944857e-01
[NA] iter=00000 eval=00981 misfit=5.338280e+00 best=5.944857e-01
[NA] iter=00000 eval=00982 misfit=6.840117e-01 best=5.944857e-01
[NA] iter=00000 eval=00983 misfit=2.660486e+00 best=5.944857e-01
[NA] iter=00000 eval=00984 misfit=1.027239e+00 best=5.944857e-01
[NA] iter=00000 eval=00985 misfit=8.498115e-01 best=5.944857e-01
[NA] iter=00000 eval=00986 misfit=8.566489e-01 best=5.944857e-01
[NA] iter=00000 eval=00987 misfit=1.050357e+00 best=5.944857e-01
[NA] iter=00000 eval=00988 misfit=1.732403e+00 best=5.944857e-01
[NA] iter=00000 eval=00989 misfit=9.993303e-01 best=5.944857e-01
[NA] iter=00000 eval=00990 misfit=1.022750e+00 best=5.944857e-01
[NA] iter=00000 eval=00991 misfit=5.603205e+00 best=5.944857e-01
[NA] iter=00000 eval=00992 misfit=4.186248e+00 best=5.944857e-01
[NA] iter=00000 eval=00993 misfit=7.894040e-01 best=5.944857e-01
[NA] iter=00000 eval=00994 misfit=7.859628e-01 best=5.944857e-01
[NA] iter=00000 eval=00995 misfit=8.386876e-01 best=5.944857e-01
[NA] iter=00000 eval=00996 misfit=6.685117e-01 best=5.944857e-01
[NA] iter=00000 eval=00997 misfit=8.549746e-01 best=5.944857e-01
[NA] iter=00000 eval=00998 misfit=1.464759e+00 best=5.944857e-01
[NA] iter=00000 eval=00999 misfit=8.069416e-01 best=5.944857e-01
[NA] iter=00000 eval=01000 misfit=6.858658e-01 best=5.944857e-01
NAI - Optimisation Loop:   0%|          | 0/30 [00:00<?, ?it/s][NA] iter=00001 eval=01001 misfit=6.106747e-01 best=5.944857e-01
[NA] iter=00001 eval=01002 misfit=6.142861e-01 best=5.944857e-01
[NA] iter=00001 eval=01003 misfit=5.891302e-01 best=5.891302e-01
[NA] iter=00001 eval=01004 misfit=6.174486e-01 best=5.891302e-01
[NA] iter=00001 eval=01005 misfit=5.867626e-01 best=5.867626e-01
[NA] iter=00001 eval=01006 misfit=6.671878e-01 best=5.867626e-01
[NA] iter=00001 eval=01007 misfit=6.196796e-01 best=5.867626e-01
[NA] iter=00001 eval=01008 misfit=6.831664e-01 best=5.867626e-01
[NA] iter=00001 eval=01009 misfit=5.890616e-01 best=5.867626e-01
[NA] iter=00001 eval=01010 misfit=5.903881e-01 best=5.867626e-01
[NA] iter=00001 eval=01011 misfit=6.396518e-01 best=5.867626e-01
[NA] iter=00001 eval=01012 misfit=7.205297e-01 best=5.867626e-01
[NA] iter=00001 eval=01013 misfit=8.639131e-01 best=5.867626e-01
[NA] iter=00001 eval=01014 misfit=6.631126e-01 best=5.867626e-01
[NA] iter=00001 eval=01015 misfit=6.506792e-01 best=5.867626e-01
[NA] iter=00001 eval=01016 misfit=6.099108e-01 best=5.867626e-01
[NA] iter=00001 eval=01017 misfit=6.796680e-01 best=5.867626e-01
[NA] iter=00001 eval=01018 misfit=6.222477e-01 best=5.867626e-01
[NA] iter=00001 eval=01019 misfit=7.286241e-01 best=5.867626e-01
[NA] iter=00001 eval=01020 misfit=9.340022e-01 best=5.867626e-01
[NA] iter=00001 eval=01021 misfit=6.516078e-01 best=5.867626e-01
[NA] iter=00001 eval=01022 misfit=7.246724e-01 best=5.867626e-01
[NA] iter=00001 eval=01023 misfit=6.334888e-01 best=5.867626e-01
[NA] iter=00001 eval=01024 misfit=6.188122e-01 best=5.867626e-01
[NA] iter=00001 eval=01025 misfit=6.863765e-01 best=5.867626e-01
[NA] iter=00001 eval=01026 misfit=6.937704e-01 best=5.867626e-01
[NA] iter=00001 eval=01027 misfit=6.626252e-01 best=5.867626e-01
[NA] iter=00001 eval=01028 misfit=6.053440e-01 best=5.867626e-01
[NA] iter=00001 eval=01029 misfit=6.578657e-01 best=5.867626e-01
[NA] iter=00001 eval=01030 misfit=6.487457e-01 best=5.867626e-01
[NA] iter=00001 eval=01031 misfit=6.448205e-01 best=5.867626e-01
[NA] iter=00001 eval=01032 misfit=5.962220e-01 best=5.867626e-01
[NA] iter=00001 eval=01033 misfit=6.419720e-01 best=5.867626e-01
[NA] iter=00001 eval=01034 misfit=6.962792e-01 best=5.867626e-01
[NA] iter=00001 eval=01035 misfit=5.782001e-01 best=5.782001e-01
[NA] iter=00001 eval=01036 misfit=7.273359e-01 best=5.782001e-01
[NA] iter=00001 eval=01037 misfit=9.518814e-01 best=5.782001e-01
[NA] iter=00001 eval=01038 misfit=5.936049e-01 best=5.782001e-01
[NA] iter=00001 eval=01039 misfit=5.895099e-01 best=5.782001e-01
[NA] iter=00001 eval=01040 misfit=7.113990e-01 best=5.782001e-01
[NA] iter=00001 eval=01041 misfit=7.726698e-01 best=5.782001e-01
[NA] iter=00001 eval=01042 misfit=5.939210e-01 best=5.782001e-01
[NA] iter=00001 eval=01043 misfit=8.570749e-01 best=5.782001e-01
[NA] iter=00001 eval=01044 misfit=5.860308e-01 best=5.782001e-01
[NA] iter=00001 eval=01045 misfit=7.208434e-01 best=5.782001e-01
[NA] iter=00001 eval=01046 misfit=6.641694e-01 best=5.782001e-01
[NA] iter=00001 eval=01047 misfit=6.735053e-01 best=5.782001e-01
[NA] iter=00001 eval=01048 misfit=6.794231e-01 best=5.782001e-01
[NA] iter=00001 eval=01049 misfit=8.341257e-01 best=5.782001e-01
[NA] iter=00001 eval=01050 misfit=6.422906e-01 best=5.782001e-01
[NA] iter=00001 eval=01051 misfit=6.042395e-01 best=5.782001e-01
[NA] iter=00001 eval=01052 misfit=6.113800e-01 best=5.782001e-01
[NA] iter=00001 eval=01053 misfit=8.612571e-01 best=5.782001e-01
[NA] iter=00001 eval=01054 misfit=7.337049e-01 best=5.782001e-01
[NA] iter=00001 eval=01055 misfit=6.719721e-01 best=5.782001e-01
[NA] iter=00001 eval=01056 misfit=6.331118e-01 best=5.782001e-01
[NA] iter=00001 eval=01057 misfit=7.109376e-01 best=5.782001e-01
[NA] iter=00001 eval=01058 misfit=7.850060e-01 best=5.782001e-01
[NA] iter=00001 eval=01059 misfit=5.940217e-01 best=5.782001e-01
[NA] iter=00001 eval=01060 misfit=6.110123e-01 best=5.782001e-01
[NA] iter=00001 eval=01061 misfit=6.528390e-01 best=5.782001e-01
[NA] iter=00001 eval=01062 misfit=7.199144e-01 best=5.782001e-01
[NA] iter=00001 eval=01063 misfit=7.757822e-01 best=5.782001e-01
[NA] iter=00001 eval=01064 misfit=6.883032e-01 best=5.782001e-01
[NA] iter=00001 eval=01065 misfit=7.227516e-01 best=5.782001e-01
[NA] iter=00001 eval=01066 misfit=7.540923e-01 best=5.782001e-01
[NA] iter=00001 eval=01067 misfit=6.191037e-01 best=5.782001e-01
[NA] iter=00001 eval=01068 misfit=5.806138e-01 best=5.782001e-01
[NA] iter=00001 eval=01069 misfit=6.186100e-01 best=5.782001e-01
[NA] iter=00001 eval=01070 misfit=6.747960e-01 best=5.782001e-01
[NA] iter=00001 eval=01071 misfit=6.788897e-01 best=5.782001e-01
[NA] iter=00001 eval=01072 misfit=6.610043e-01 best=5.782001e-01
[NA] iter=00001 eval=01073 misfit=7.431420e-01 best=5.782001e-01
[NA] iter=00001 eval=01074 misfit=6.415462e-01 best=5.782001e-01
[NA] iter=00001 eval=01075 misfit=6.531278e-01 best=5.782001e-01
[NA] iter=00001 eval=01076 misfit=6.647195e-01 best=5.782001e-01
[NA] iter=00001 eval=01077 misfit=6.802974e-01 best=5.782001e-01
[NA] iter=00001 eval=01078 misfit=6.706530e-01 best=5.782001e-01
[NA] iter=00001 eval=01079 misfit=7.021661e-01 best=5.782001e-01
[NA] iter=00001 eval=01080 misfit=6.313752e-01 best=5.782001e-01
[NA] iter=00001 eval=01081 misfit=6.648633e-01 best=5.782001e-01
[NA] iter=00001 eval=01082 misfit=6.349198e-01 best=5.782001e-01
[NA] iter=00001 eval=01083 misfit=6.343225e-01 best=5.782001e-01
[NA] iter=00001 eval=01084 misfit=6.640312e-01 best=5.782001e-01
[NA] iter=00001 eval=01085 misfit=6.467080e-01 best=5.782001e-01
[NA] iter=00001 eval=01086 misfit=6.184752e-01 best=5.782001e-01
[NA] iter=00001 eval=01087 misfit=5.939347e-01 best=5.782001e-01
[NA] iter=00001 eval=01088 misfit=6.293877e-01 best=5.782001e-01
[NA] iter=00001 eval=01089 misfit=6.014152e-01 best=5.782001e-01
[NA] iter=00001 eval=01090 misfit=6.302399e-01 best=5.782001e-01
[NA] iter=00001 eval=01091 misfit=6.378101e-01 best=5.782001e-01
[NA] iter=00001 eval=01092 misfit=6.005407e-01 best=5.782001e-01
[NA] iter=00001 eval=01093 misfit=7.087945e-01 best=5.782001e-01
[NA] iter=00001 eval=01094 misfit=7.202462e-01 best=5.782001e-01
[NA] iter=00001 eval=01095 misfit=6.616985e-01 best=5.782001e-01
[NA] iter=00001 eval=01096 misfit=6.518124e-01 best=5.782001e-01
[NA] iter=00001 eval=01097 misfit=6.552602e-01 best=5.782001e-01
[NA] iter=00001 eval=01098 misfit=7.636670e-01 best=5.782001e-01
[NA] iter=00001 eval=01099 misfit=6.028378e-01 best=5.782001e-01
[NA] iter=00001 eval=01100 misfit=6.602055e-01 best=5.782001e-01
[NA] iter=00001 eval=01101 misfit=6.076066e-01 best=5.782001e-01
[NA] iter=00001 eval=01102 misfit=6.464128e-01 best=5.782001e-01
[NA] iter=00001 eval=01103 misfit=6.234404e-01 best=5.782001e-01
[NA] iter=00001 eval=01104 misfit=6.069733e-01 best=5.782001e-01
[NA] iter=00001 eval=01105 misfit=6.639014e-01 best=5.782001e-01
[NA] iter=00001 eval=01106 misfit=6.222080e-01 best=5.782001e-01
[NA] iter=00001 eval=01107 misfit=6.696947e-01 best=5.782001e-01
[NA] iter=00001 eval=01108 misfit=6.063027e-01 best=5.782001e-01
[NA] iter=00001 eval=01109 misfit=6.911202e-01 best=5.782001e-01
[NA] iter=00001 eval=01110 misfit=6.042157e-01 best=5.782001e-01
[NA] iter=00001 eval=01111 misfit=7.608265e-01 best=5.782001e-01
[NA] iter=00001 eval=01112 misfit=6.075597e-01 best=5.782001e-01
[NA] iter=00001 eval=01113 misfit=6.196664e-01 best=5.782001e-01
[NA] iter=00001 eval=01114 misfit=6.952454e-01 best=5.782001e-01
[NA] iter=00001 eval=01115 misfit=7.411510e-01 best=5.782001e-01
[NA] iter=00001 eval=01116 misfit=6.590465e-01 best=5.782001e-01
[NA] iter=00001 eval=01117 misfit=6.509124e-01 best=5.782001e-01
[NA] iter=00001 eval=01118 misfit=6.504104e-01 best=5.782001e-01
[NA] iter=00001 eval=01119 misfit=6.115101e-01 best=5.782001e-01
[NA] iter=00001 eval=01120 misfit=5.949240e-01 best=5.782001e-01
[NA] iter=00001 eval=01121 misfit=7.319143e-01 best=5.782001e-01
[NA] iter=00001 eval=01122 misfit=6.509904e-01 best=5.782001e-01
[NA] iter=00001 eval=01123 misfit=6.416375e-01 best=5.782001e-01
[NA] iter=00001 eval=01124 misfit=7.597253e-01 best=5.782001e-01
[NA] iter=00001 eval=01125 misfit=7.511827e-01 best=5.782001e-01
[NA] iter=00001 eval=01126 misfit=6.635436e-01 best=5.782001e-01
[NA] iter=00001 eval=01127 misfit=7.543528e-01 best=5.782001e-01
[NA] iter=00001 eval=01128 misfit=6.173321e-01 best=5.782001e-01
[NA] iter=00001 eval=01129 misfit=6.069171e-01 best=5.782001e-01
[NA] iter=00001 eval=01130 misfit=7.039027e-01 best=5.782001e-01
[NA] iter=00001 eval=01131 misfit=6.641833e-01 best=5.782001e-01
[NA] iter=00001 eval=01132 misfit=6.598253e-01 best=5.782001e-01
[NA] iter=00001 eval=01133 misfit=6.167440e-01 best=5.782001e-01
[NA] iter=00001 eval=01134 misfit=6.238944e-01 best=5.782001e-01
[NA] iter=00001 eval=01135 misfit=6.877435e-01 best=5.782001e-01
[NA] iter=00001 eval=01136 misfit=6.481629e-01 best=5.782001e-01
[NA] iter=00001 eval=01137 misfit=6.261571e-01 best=5.782001e-01
[NA] iter=00001 eval=01138 misfit=6.397588e-01 best=5.782001e-01
[NA] iter=00001 eval=01139 misfit=6.516100e-01 best=5.782001e-01
[NA] iter=00001 eval=01140 misfit=7.212513e-01 best=5.782001e-01
[NA] iter=00001 eval=01141 misfit=8.155273e-01 best=5.782001e-01
[NA] iter=00001 eval=01142 misfit=5.904207e-01 best=5.782001e-01
[NA] iter=00001 eval=01143 misfit=7.190564e-01 best=5.782001e-01
[NA] iter=00001 eval=01144 misfit=6.456892e-01 best=5.782001e-01
[NA] iter=00001 eval=01145 misfit=7.074716e-01 best=5.782001e-01
[NA] iter=00001 eval=01146 misfit=6.546322e-01 best=5.782001e-01
[NA] iter=00001 eval=01147 misfit=6.042578e-01 best=5.782001e-01
[NA] iter=00001 eval=01148 misfit=7.194472e-01 best=5.782001e-01
[NA] iter=00001 eval=01149 misfit=6.033451e-01 best=5.782001e-01
[NA] iter=00001 eval=01150 misfit=6.396909e-01 best=5.782001e-01
[NA] iter=00001 eval=01151 misfit=8.962686e-01 best=5.782001e-01
[NA] iter=00001 eval=01152 misfit=7.095897e-01 best=5.782001e-01
[NA] iter=00001 eval=01153 misfit=6.010371e-01 best=5.782001e-01
[NA] iter=00001 eval=01154 misfit=7.206176e-01 best=5.782001e-01
[NA] iter=00001 eval=01155 misfit=6.304024e-01 best=5.782001e-01
[NA] iter=00001 eval=01156 misfit=6.595138e-01 best=5.782001e-01
[NA] iter=00001 eval=01157 misfit=6.833754e-01 best=5.782001e-01
[NA] iter=00001 eval=01158 misfit=6.720485e-01 best=5.782001e-01
[NA] iter=00001 eval=01159 misfit=6.254864e-01 best=5.782001e-01
[NA] iter=00001 eval=01160 misfit=6.122005e-01 best=5.782001e-01
[NA] iter=00001 eval=01161 misfit=7.800116e-01 best=5.782001e-01
[NA] iter=00001 eval=01162 misfit=6.669122e-01 best=5.782001e-01
[NA] iter=00001 eval=01163 misfit=6.912178e-01 best=5.782001e-01
[NA] iter=00001 eval=01164 misfit=6.150949e-01 best=5.782001e-01
[NA] iter=00001 eval=01165 misfit=7.521804e-01 best=5.782001e-01
[NA] iter=00001 eval=01166 misfit=6.031111e-01 best=5.782001e-01
[NA] iter=00001 eval=01167 misfit=6.829523e-01 best=5.782001e-01
[NA] iter=00001 eval=01168 misfit=6.294580e-01 best=5.782001e-01
[NA] iter=00001 eval=01169 misfit=5.844972e-01 best=5.782001e-01
[NA] iter=00001 eval=01170 misfit=6.390880e-01 best=5.782001e-01
[NA] iter=00001 eval=01171 misfit=6.187144e-01 best=5.782001e-01
[NA] iter=00001 eval=01172 misfit=6.005866e-01 best=5.782001e-01
[NA] iter=00001 eval=01173 misfit=5.946498e-01 best=5.782001e-01
[NA] iter=00001 eval=01174 misfit=6.240733e-01 best=5.782001e-01
[NA] iter=00001 eval=01175 misfit=6.480529e-01 best=5.782001e-01
[NA] iter=00001 eval=01176 misfit=6.296884e-01 best=5.782001e-01
[NA] iter=00001 eval=01177 misfit=5.881394e-01 best=5.782001e-01
[NA] iter=00001 eval=01178 misfit=6.148623e-01 best=5.782001e-01
[NA] iter=00001 eval=01179 misfit=6.265140e-01 best=5.782001e-01
[NA] iter=00001 eval=01180 misfit=6.431820e-01 best=5.782001e-01
[NA] iter=00001 eval=01181 misfit=6.485080e-01 best=5.782001e-01
[NA] iter=00001 eval=01182 misfit=6.578719e-01 best=5.782001e-01
[NA] iter=00001 eval=01183 misfit=6.491027e-01 best=5.782001e-01
[NA] iter=00001 eval=01184 misfit=6.589502e-01 best=5.782001e-01
[NA] iter=00001 eval=01185 misfit=6.483627e-01 best=5.782001e-01
[NA] iter=00001 eval=01186 misfit=6.728552e-01 best=5.782001e-01
[NA] iter=00001 eval=01187 misfit=6.141128e-01 best=5.782001e-01
[NA] iter=00001 eval=01188 misfit=6.136298e-01 best=5.782001e-01
[NA] iter=00001 eval=01189 misfit=7.113553e-01 best=5.782001e-01
[NA] iter=00001 eval=01190 misfit=6.230126e-01 best=5.782001e-01
[NA] iter=00001 eval=01191 misfit=6.031050e-01 best=5.782001e-01
[NA] iter=00001 eval=01192 misfit=7.106312e-01 best=5.782001e-01
[NA] iter=00001 eval=01193 misfit=7.240845e-01 best=5.782001e-01
[NA] iter=00001 eval=01194 misfit=6.456825e-01 best=5.782001e-01
[NA] iter=00001 eval=01195 misfit=6.249952e-01 best=5.782001e-01
[NA] iter=00001 eval=01196 misfit=6.702621e-01 best=5.782001e-01
[NA] iter=00001 eval=01197 misfit=6.510337e-01 best=5.782001e-01
[NA] iter=00001 eval=01198 misfit=6.533502e-01 best=5.782001e-01
[NA] iter=00001 eval=01199 misfit=5.970275e-01 best=5.782001e-01
[NA] iter=00001 eval=01200 misfit=6.284265e-01 best=5.782001e-01
NAI - Optimisation Loop:   3%|▎         | 1/30 [02:02<59:00, 122.07s/it][NA] iter=00002 eval=01201 misfit=5.948322e-01 best=5.782001e-01
[NA] iter=00002 eval=01202 misfit=5.733381e-01 best=5.733381e-01
[NA] iter=00002 eval=01203 misfit=6.104514e-01 best=5.733381e-01
[NA] iter=00002 eval=01204 misfit=6.134871e-01 best=5.733381e-01
[NA] iter=00002 eval=01205 misfit=6.304080e-01 best=5.733381e-01
[NA] iter=00002 eval=01206 misfit=5.965194e-01 best=5.733381e-01
[NA] iter=00002 eval=01207 misfit=6.076723e-01 best=5.733381e-01
[NA] iter=00002 eval=01208 misfit=6.302841e-01 best=5.733381e-01
[NA] iter=00002 eval=01209 misfit=5.979941e-01 best=5.733381e-01
[NA] iter=00002 eval=01210 misfit=5.900925e-01 best=5.733381e-01
[NA] iter=00002 eval=01211 misfit=6.010311e-01 best=5.733381e-01
[NA] iter=00002 eval=01212 misfit=5.975282e-01 best=5.733381e-01
[NA] iter=00002 eval=01213 misfit=6.164758e-01 best=5.733381e-01
[NA] iter=00002 eval=01214 misfit=6.354599e-01 best=5.733381e-01
[NA] iter=00002 eval=01215 misfit=5.957932e-01 best=5.733381e-01
[NA] iter=00002 eval=01216 misfit=5.875002e-01 best=5.733381e-01
[NA] iter=00002 eval=01217 misfit=7.631629e-01 best=5.733381e-01
[NA] iter=00002 eval=01218 misfit=7.914381e-01 best=5.733381e-01
[NA] iter=00002 eval=01219 misfit=5.805607e-01 best=5.733381e-01
[NA] iter=00002 eval=01220 misfit=6.489323e-01 best=5.733381e-01
[NA] iter=00002 eval=01221 misfit=6.637887e-01 best=5.733381e-01
[NA] iter=00002 eval=01222 misfit=5.888355e-01 best=5.733381e-01
[NA] iter=00002 eval=01223 misfit=6.071896e-01 best=5.733381e-01
[NA] iter=00002 eval=01224 misfit=6.199778e-01 best=5.733381e-01
[NA] iter=00002 eval=01225 misfit=6.059847e-01 best=5.733381e-01
[NA] iter=00002 eval=01226 misfit=6.688022e-01 best=5.733381e-01
[NA] iter=00002 eval=01227 misfit=6.279407e-01 best=5.733381e-01
[NA] iter=00002 eval=01228 misfit=8.881253e-01 best=5.733381e-01
[NA] iter=00002 eval=01229 misfit=6.326100e-01 best=5.733381e-01
[NA] iter=00002 eval=01230 misfit=7.601200e-01 best=5.733381e-01
[NA] iter=00002 eval=01231 misfit=6.263511e-01 best=5.733381e-01
[NA] iter=00002 eval=01232 misfit=6.369900e-01 best=5.733381e-01
[NA] iter=00002 eval=01233 misfit=6.302610e-01 best=5.733381e-01
[NA] iter=00002 eval=01234 misfit=5.959146e-01 best=5.733381e-01
[NA] iter=00002 eval=01235 misfit=6.442448e-01 best=5.733381e-01
[NA] iter=00002 eval=01236 misfit=5.930443e-01 best=5.733381e-01
[NA] iter=00002 eval=01237 misfit=6.712710e-01 best=5.733381e-01
[NA] iter=00002 eval=01238 misfit=6.125798e-01 best=5.733381e-01
[NA] iter=00002 eval=01239 misfit=5.891466e-01 best=5.733381e-01
[NA] iter=00002 eval=01240 misfit=8.250141e-01 best=5.733381e-01
[NA] iter=00002 eval=01241 misfit=5.953230e-01 best=5.733381e-01
[NA] iter=00002 eval=01242 misfit=5.878370e-01 best=5.733381e-01
[NA] iter=00002 eval=01243 misfit=5.839423e-01 best=5.733381e-01
[NA] iter=00002 eval=01244 misfit=6.501038e-01 best=5.733381e-01
[NA] iter=00002 eval=01245 misfit=6.233235e-01 best=5.733381e-01
[NA] iter=00002 eval=01246 misfit=6.147761e-01 best=5.733381e-01
[NA] iter=00002 eval=01247 misfit=6.646077e-01 best=5.733381e-01
[NA] iter=00002 eval=01248 misfit=5.772430e-01 best=5.733381e-01
[NA] iter=00002 eval=01249 misfit=6.167620e-01 best=5.733381e-01
[NA] iter=00002 eval=01250 misfit=5.832262e-01 best=5.733381e-01
[NA] iter=00002 eval=01251 misfit=5.840271e-01 best=5.733381e-01
[NA] iter=00002 eval=01252 misfit=5.875578e-01 best=5.733381e-01
[NA] iter=00002 eval=01253 misfit=6.044256e-01 best=5.733381e-01
[NA] iter=00002 eval=01254 misfit=5.930912e-01 best=5.733381e-01
[NA] iter=00002 eval=01255 misfit=6.170982e-01 best=5.733381e-01
[NA] iter=00002 eval=01256 misfit=6.210671e-01 best=5.733381e-01
[NA] iter=00002 eval=01257 misfit=6.097603e-01 best=5.733381e-01
[NA] iter=00002 eval=01258 misfit=5.926692e-01 best=5.733381e-01
[NA] iter=00002 eval=01259 misfit=6.097874e-01 best=5.733381e-01
[NA] iter=00002 eval=01260 misfit=6.156117e-01 best=5.733381e-01
[NA] iter=00002 eval=01261 misfit=5.785179e-01 best=5.733381e-01
[NA] iter=00002 eval=01262 misfit=5.881415e-01 best=5.733381e-01
[NA] iter=00002 eval=01263 misfit=6.377179e-01 best=5.733381e-01
[NA] iter=00002 eval=01264 misfit=6.219728e-01 best=5.733381e-01
[NA] iter=00002 eval=01265 misfit=6.180873e-01 best=5.733381e-01
[NA] iter=00002 eval=01266 misfit=5.808234e-01 best=5.733381e-01
[NA] iter=00002 eval=01267 misfit=5.950164e-01 best=5.733381e-01
[NA] iter=00002 eval=01268 misfit=5.821390e-01 best=5.733381e-01
[NA] iter=00002 eval=01269 misfit=6.670083e-01 best=5.733381e-01
[NA] iter=00002 eval=01270 misfit=5.978156e-01 best=5.733381e-01
[NA] iter=00002 eval=01271 misfit=6.379033e-01 best=5.733381e-01
[NA] iter=00002 eval=01272 misfit=6.324144e-01 best=5.733381e-01
[NA] iter=00002 eval=01273 misfit=7.845653e-01 best=5.733381e-01
[NA] iter=00002 eval=01274 misfit=7.298828e-01 best=5.733381e-01
[NA] iter=00002 eval=01275 misfit=6.768610e-01 best=5.733381e-01
[NA] iter=00002 eval=01276 misfit=5.914027e-01 best=5.733381e-01
[NA] iter=00002 eval=01277 misfit=5.840999e-01 best=5.733381e-01
[NA] iter=00002 eval=01278 misfit=6.536345e-01 best=5.733381e-01
[NA] iter=00002 eval=01279 misfit=6.616422e-01 best=5.733381e-01
[NA] iter=00002 eval=01280 misfit=6.728383e-01 best=5.733381e-01
[NA] iter=00002 eval=01281 misfit=6.685346e-01 best=5.733381e-01
[NA] iter=00002 eval=01282 misfit=5.802515e-01 best=5.733381e-01
[NA] iter=00002 eval=01283 misfit=6.201788e-01 best=5.733381e-01
[NA] iter=00002 eval=01284 misfit=6.032403e-01 best=5.733381e-01
[NA] iter=00002 eval=01285 misfit=6.313907e-01 best=5.733381e-01
[NA] iter=00002 eval=01286 misfit=5.954923e-01 best=5.733381e-01
[NA] iter=00002 eval=01287 misfit=6.756524e-01 best=5.733381e-01
[NA] iter=00002 eval=01288 misfit=7.713393e-01 best=5.733381e-01
[NA] iter=00002 eval=01289 misfit=6.494209e-01 best=5.733381e-01
[NA] iter=00002 eval=01290 misfit=6.351759e-01 best=5.733381e-01
[NA] iter=00002 eval=01291 misfit=6.475321e-01 best=5.733381e-01
[NA] iter=00002 eval=01292 misfit=6.855610e-01 best=5.733381e-01
[NA] iter=00002 eval=01293 misfit=6.090583e-01 best=5.733381e-01
[NA] iter=00002 eval=01294 misfit=7.809182e-01 best=5.733381e-01
[NA] iter=00002 eval=01295 misfit=6.089680e-01 best=5.733381e-01
[NA] iter=00002 eval=01296 misfit=7.704433e-01 best=5.733381e-01
[NA] iter=00002 eval=01297 misfit=6.588286e-01 best=5.733381e-01
[NA] iter=00002 eval=01298 misfit=7.659934e-01 best=5.733381e-01
[NA] iter=00002 eval=01299 misfit=7.177066e-01 best=5.733381e-01
[NA] iter=00002 eval=01300 misfit=7.808424e-01 best=5.733381e-01
[NA] iter=00002 eval=01301 misfit=6.519211e-01 best=5.733381e-01
[NA] iter=00002 eval=01302 misfit=6.185955e-01 best=5.733381e-01
[NA] iter=00002 eval=01303 misfit=5.717472e-01 best=5.717472e-01
[NA] iter=00002 eval=01304 misfit=6.206510e-01 best=5.717472e-01
[NA] iter=00002 eval=01305 misfit=6.148808e-01 best=5.717472e-01
[NA] iter=00002 eval=01306 misfit=6.642892e-01 best=5.717472e-01
[NA] iter=00002 eval=01307 misfit=5.819084e-01 best=5.717472e-01
[NA] iter=00002 eval=01308 misfit=5.885077e-01 best=5.717472e-01
[NA] iter=00002 eval=01309 misfit=8.193483e-01 best=5.717472e-01
[NA] iter=00002 eval=01310 misfit=5.830519e-01 best=5.717472e-01
[NA] iter=00002 eval=01311 misfit=6.928857e-01 best=5.717472e-01
[NA] iter=00002 eval=01312 misfit=5.833607e-01 best=5.717472e-01
[NA] iter=00002 eval=01313 misfit=6.562127e-01 best=5.717472e-01
[NA] iter=00002 eval=01314 misfit=5.886914e-01 best=5.717472e-01
[NA] iter=00002 eval=01315 misfit=6.296478e-01 best=5.717472e-01
[NA] iter=00002 eval=01316 misfit=5.952387e-01 best=5.717472e-01
[NA] iter=00002 eval=01317 misfit=6.152773e-01 best=5.717472e-01
[NA] iter=00002 eval=01318 misfit=5.850151e-01 best=5.717472e-01
[NA] iter=00002 eval=01319 misfit=6.571080e-01 best=5.717472e-01
[NA] iter=00002 eval=01320 misfit=6.098098e-01 best=5.717472e-01
[NA] iter=00002 eval=01321 misfit=5.883445e-01 best=5.717472e-01
[NA] iter=00002 eval=01322 misfit=6.044081e-01 best=5.717472e-01
[NA] iter=00002 eval=01323 misfit=6.011593e-01 best=5.717472e-01
[NA] iter=00002 eval=01324 misfit=5.815150e-01 best=5.717472e-01
[NA] iter=00002 eval=01325 misfit=5.826681e-01 best=5.717472e-01
[NA] iter=00002 eval=01326 misfit=5.845168e-01 best=5.717472e-01
[NA] iter=00002 eval=01327 misfit=6.053098e-01 best=5.717472e-01
[NA] iter=00002 eval=01328 misfit=6.082407e-01 best=5.717472e-01
[NA] iter=00002 eval=01329 misfit=5.824515e-01 best=5.717472e-01
[NA] iter=00002 eval=01330 misfit=5.799572e-01 best=5.717472e-01
[NA] iter=00002 eval=01331 misfit=6.428781e-01 best=5.717472e-01
[NA] iter=00002 eval=01332 misfit=6.082308e-01 best=5.717472e-01
[NA] iter=00002 eval=01333 misfit=6.618279e-01 best=5.717472e-01
[NA] iter=00002 eval=01334 misfit=6.333547e-01 best=5.717472e-01
[NA] iter=00002 eval=01335 misfit=6.586775e-01 best=5.717472e-01
[NA] iter=00002 eval=01336 misfit=6.591524e-01 best=5.717472e-01
[NA] iter=00002 eval=01337 misfit=5.981089e-01 best=5.717472e-01
[NA] iter=00002 eval=01338 misfit=6.155166e-01 best=5.717472e-01
[NA] iter=00002 eval=01339 misfit=6.207708e-01 best=5.717472e-01
[NA] iter=00002 eval=01340 misfit=6.780491e-01 best=5.717472e-01
[NA] iter=00002 eval=01341 misfit=6.311232e-01 best=5.717472e-01
[NA] iter=00002 eval=01342 misfit=6.512128e-01 best=5.717472e-01
[NA] iter=00002 eval=01343 misfit=7.521219e-01 best=5.717472e-01
[NA] iter=00002 eval=01344 misfit=6.187645e-01 best=5.717472e-01
[NA] iter=00002 eval=01345 misfit=6.212725e-01 best=5.717472e-01
[NA] iter=00002 eval=01346 misfit=7.669928e-01 best=5.717472e-01
[NA] iter=00002 eval=01347 misfit=1.093651e+00 best=5.717472e-01
[NA] iter=00002 eval=01348 misfit=6.202555e-01 best=5.717472e-01
[NA] iter=00002 eval=01349 misfit=7.868951e-01 best=5.717472e-01
[NA] iter=00002 eval=01350 misfit=6.468884e-01 best=5.717472e-01
[NA] iter=00002 eval=01351 misfit=6.974229e-01 best=5.717472e-01
[NA] iter=00002 eval=01352 misfit=7.156472e-01 best=5.717472e-01
[NA] iter=00002 eval=01353 misfit=5.778611e-01 best=5.717472e-01
[NA] iter=00002 eval=01354 misfit=6.283148e-01 best=5.717472e-01
[NA] iter=00002 eval=01355 misfit=6.843599e-01 best=5.717472e-01
[NA] iter=00002 eval=01356 misfit=5.867514e-01 best=5.717472e-01
[NA] iter=00002 eval=01357 misfit=6.176843e-01 best=5.717472e-01
[NA] iter=00002 eval=01358 misfit=6.987179e-01 best=5.717472e-01
[NA] iter=00002 eval=01359 misfit=6.100773e-01 best=5.717472e-01
[NA] iter=00002 eval=01360 misfit=6.906014e-01 best=5.717472e-01
[NA] iter=00002 eval=01361 misfit=6.034550e-01 best=5.717472e-01
[NA] iter=00002 eval=01362 misfit=5.919866e-01 best=5.717472e-01
[NA] iter=00002 eval=01363 misfit=6.076645e-01 best=5.717472e-01
[NA] iter=00002 eval=01364 misfit=6.128869e-01 best=5.717472e-01
[NA] iter=00002 eval=01365 misfit=6.133897e-01 best=5.717472e-01
[NA] iter=00002 eval=01366 misfit=6.123410e-01 best=5.717472e-01
[NA] iter=00002 eval=01367 misfit=6.018724e-01 best=5.717472e-01
[NA] iter=00002 eval=01368 misfit=6.223827e-01 best=5.717472e-01
[NA] iter=00002 eval=01369 misfit=6.824875e-01 best=5.717472e-01
[NA] iter=00002 eval=01370 misfit=6.375161e-01 best=5.717472e-01
[NA] iter=00002 eval=01371 misfit=5.994538e-01 best=5.717472e-01
[NA] iter=00002 eval=01372 misfit=5.908304e-01 best=5.717472e-01
[NA] iter=00002 eval=01373 misfit=5.943227e-01 best=5.717472e-01
[NA] iter=00002 eval=01374 misfit=6.059027e-01 best=5.717472e-01
[NA] iter=00002 eval=01375 misfit=6.004327e-01 best=5.717472e-01
[NA] iter=00002 eval=01376 misfit=6.432094e-01 best=5.717472e-01
[NA] iter=00002 eval=01377 misfit=5.987421e-01 best=5.717472e-01
[NA] iter=00002 eval=01378 misfit=6.094618e-01 best=5.717472e-01
[NA] iter=00002 eval=01379 misfit=5.986065e-01 best=5.717472e-01
[NA] iter=00002 eval=01380 misfit=6.020127e-01 best=5.717472e-01
[NA] iter=00002 eval=01381 misfit=6.043704e-01 best=5.717472e-01
[NA] iter=00002 eval=01382 misfit=6.479928e-01 best=5.717472e-01
[NA] iter=00002 eval=01383 misfit=5.958565e-01 best=5.717472e-01
[NA] iter=00002 eval=01384 misfit=6.192393e-01 best=5.717472e-01
[NA] iter=00002 eval=01385 misfit=6.393810e-01 best=5.717472e-01
[NA] iter=00002 eval=01386 misfit=6.321519e-01 best=5.717472e-01
[NA] iter=00002 eval=01387 misfit=6.050811e-01 best=5.717472e-01
[NA] iter=00002 eval=01388 misfit=6.009523e-01 best=5.717472e-01
[NA] iter=00002 eval=01389 misfit=5.953391e-01 best=5.717472e-01
[NA] iter=00002 eval=01390 misfit=6.466587e-01 best=5.717472e-01
[NA] iter=00002 eval=01391 misfit=7.334798e-01 best=5.717472e-01
[NA] iter=00002 eval=01392 misfit=6.274272e-01 best=5.717472e-01
[NA] iter=00002 eval=01393 misfit=6.181769e-01 best=5.717472e-01
[NA] iter=00002 eval=01394 misfit=6.630299e-01 best=5.717472e-01
[NA] iter=00002 eval=01395 misfit=6.832257e-01 best=5.717472e-01
[NA] iter=00002 eval=01396 misfit=6.078797e-01 best=5.717472e-01
[NA] iter=00002 eval=01397 misfit=6.005355e-01 best=5.717472e-01
[NA] iter=00002 eval=01398 misfit=6.062488e-01 best=5.717472e-01
[NA] iter=00002 eval=01399 misfit=6.302148e-01 best=5.717472e-01
[NA] iter=00002 eval=01400 misfit=6.707001e-01 best=5.717472e-01
NAI - Optimisation Loop:   7%|▋         | 2/30 [04:07<57:46, 123.80s/it][NA] iter=00003 eval=01401 misfit=6.284028e-01 best=5.717472e-01
[NA] iter=00003 eval=01402 misfit=5.843148e-01 best=5.717472e-01
[NA] iter=00003 eval=01403 misfit=6.478904e-01 best=5.717472e-01
[NA] iter=00003 eval=01404 misfit=6.147353e-01 best=5.717472e-01
[NA] iter=00003 eval=01405 misfit=5.828245e-01 best=5.717472e-01
[NA] iter=00003 eval=01406 misfit=6.007051e-01 best=5.717472e-01
[NA] iter=00003 eval=01407 misfit=6.887395e-01 best=5.717472e-01
[NA] iter=00003 eval=01408 misfit=6.514156e-01 best=5.717472e-01
[NA] iter=00003 eval=01409 misfit=6.073888e-01 best=5.717472e-01
[NA] iter=00003 eval=01410 misfit=6.796551e-01 best=5.717472e-01
[NA] iter=00003 eval=01411 misfit=7.482503e-01 best=5.717472e-01
[NA] iter=00003 eval=01412 misfit=7.010908e-01 best=5.717472e-01
[NA] iter=00003 eval=01413 misfit=5.952916e-01 best=5.717472e-01
[NA] iter=00003 eval=01414 misfit=6.783724e-01 best=5.717472e-01
[NA] iter=00003 eval=01415 misfit=6.904800e-01 best=5.717472e-01
[NA] iter=00003 eval=01416 misfit=8.108561e-01 best=5.717472e-01
[NA] iter=00003 eval=01417 misfit=6.412567e-01 best=5.717472e-01
[NA] iter=00003 eval=01418 misfit=5.866088e-01 best=5.717472e-01
[NA] iter=00003 eval=01419 misfit=6.407852e-01 best=5.717472e-01
[NA] iter=00003 eval=01420 misfit=7.101207e-01 best=5.717472e-01
[NA] iter=00003 eval=01421 misfit=5.828588e-01 best=5.717472e-01
[NA] iter=00003 eval=01422 misfit=5.807723e-01 best=5.717472e-01
[NA] iter=00003 eval=01423 misfit=5.820095e-01 best=5.717472e-01
[NA] iter=00003 eval=01424 misfit=5.755584e-01 best=5.717472e-01
[NA] iter=00003 eval=01425 misfit=5.820069e-01 best=5.717472e-01
[NA] iter=00003 eval=01426 misfit=5.996549e-01 best=5.717472e-01
[NA] iter=00003 eval=01427 misfit=5.793263e-01 best=5.717472e-01
[NA] iter=00003 eval=01428 misfit=5.876876e-01 best=5.717472e-01
[NA] iter=00003 eval=01429 misfit=5.914622e-01 best=5.717472e-01
[NA] iter=00003 eval=01430 misfit=5.754995e-01 best=5.717472e-01
[NA] iter=00003 eval=01431 misfit=5.804351e-01 best=5.717472e-01
[NA] iter=00003 eval=01432 misfit=5.772604e-01 best=5.717472e-01
[NA] iter=00003 eval=01433 misfit=5.860225e-01 best=5.717472e-01
[NA] iter=00003 eval=01434 misfit=5.814179e-01 best=5.717472e-01
[NA] iter=00003 eval=01435 misfit=5.878982e-01 best=5.717472e-01
[NA] iter=00003 eval=01436 misfit=5.811857e-01 best=5.717472e-01
[NA] iter=00003 eval=01437 misfit=5.814540e-01 best=5.717472e-01
[NA] iter=00003 eval=01438 misfit=5.815912e-01 best=5.717472e-01
[NA] iter=00003 eval=01439 misfit=5.896332e-01 best=5.717472e-01
[NA] iter=00003 eval=01440 misfit=5.826910e-01 best=5.717472e-01
[NA] iter=00003 eval=01441 misfit=5.815521e-01 best=5.717472e-01
[NA] iter=00003 eval=01442 misfit=6.093184e-01 best=5.717472e-01
[NA] iter=00003 eval=01443 misfit=5.886046e-01 best=5.717472e-01
[NA] iter=00003 eval=01444 misfit=6.047421e-01 best=5.717472e-01
[NA] iter=00003 eval=01445 misfit=5.891428e-01 best=5.717472e-01
[NA] iter=00003 eval=01446 misfit=5.794786e-01 best=5.717472e-01
[NA] iter=00003 eval=01447 misfit=5.771687e-01 best=5.717472e-01
[NA] iter=00003 eval=01448 misfit=6.034439e-01 best=5.717472e-01
[NA] iter=00003 eval=01449 misfit=5.772626e-01 best=5.717472e-01
[NA] iter=00003 eval=01450 misfit=6.294100e-01 best=5.717472e-01
[NA] iter=00003 eval=01451 misfit=5.956051e-01 best=5.717472e-01
[NA] iter=00003 eval=01452 misfit=5.902828e-01 best=5.717472e-01
[NA] iter=00003 eval=01453 misfit=6.175936e-01 best=5.717472e-01
[NA] iter=00003 eval=01454 misfit=6.390017e-01 best=5.717472e-01
[NA] iter=00003 eval=01455 misfit=6.052337e-01 best=5.717472e-01
[NA] iter=00003 eval=01456 misfit=5.875832e-01 best=5.717472e-01
[NA] iter=00003 eval=01457 misfit=6.270933e-01 best=5.717472e-01
[NA] iter=00003 eval=01458 misfit=6.379090e-01 best=5.717472e-01
[NA] iter=00003 eval=01459 misfit=6.096545e-01 best=5.717472e-01
[NA] iter=00003 eval=01460 misfit=6.038420e-01 best=5.717472e-01
[NA] iter=00003 eval=01461 misfit=5.859798e-01 best=5.717472e-01
[NA] iter=00003 eval=01462 misfit=5.813918e-01 best=5.717472e-01
[NA] iter=00003 eval=01463 misfit=5.937648e-01 best=5.717472e-01
[NA] iter=00003 eval=01464 misfit=5.748983e-01 best=5.717472e-01
[NA] iter=00003 eval=01465 misfit=5.766781e-01 best=5.717472e-01
[NA] iter=00003 eval=01466 misfit=6.388720e-01 best=5.717472e-01
[NA] iter=00003 eval=01467 misfit=5.738170e-01 best=5.717472e-01
[NA] iter=00003 eval=01468 misfit=5.911309e-01 best=5.717472e-01
[NA] iter=00003 eval=01469 misfit=6.080844e-01 best=5.717472e-01
[NA] iter=00003 eval=01470 misfit=5.987249e-01 best=5.717472e-01
[NA] iter=00003 eval=01471 misfit=5.909722e-01 best=5.717472e-01
[NA] iter=00003 eval=01472 misfit=5.850172e-01 best=5.717472e-01
[NA] iter=00003 eval=01473 misfit=5.806480e-01 best=5.717472e-01
[NA] iter=00003 eval=01474 misfit=6.053709e-01 best=5.717472e-01
[NA] iter=00003 eval=01475 misfit=6.072436e-01 best=5.717472e-01
[NA] iter=00003 eval=01476 misfit=5.868514e-01 best=5.717472e-01
[NA] iter=00003 eval=01477 misfit=5.746214e-01 best=5.717472e-01
[NA] iter=00003 eval=01478 misfit=5.897572e-01 best=5.717472e-01
[NA] iter=00003 eval=01479 misfit=5.806252e-01 best=5.717472e-01
[NA] iter=00003 eval=01480 misfit=5.903162e-01 best=5.717472e-01
[NA] iter=00003 eval=01481 misfit=5.958859e-01 best=5.717472e-01
[NA] iter=00003 eval=01482 misfit=6.395243e-01 best=5.717472e-01
[NA] iter=00003 eval=01483 misfit=7.467913e-01 best=5.717472e-01
[NA] iter=00003 eval=01484 misfit=6.494224e-01 best=5.717472e-01
[NA] iter=00003 eval=01485 misfit=7.355915e-01 best=5.717472e-01
[NA] iter=00003 eval=01486 misfit=5.980894e-01 best=5.717472e-01
[NA] iter=00003 eval=01487 misfit=6.277775e-01 best=5.717472e-01
[NA] iter=00003 eval=01488 misfit=7.317059e-01 best=5.717472e-01
[NA] iter=00003 eval=01489 misfit=6.894189e-01 best=5.717472e-01
[NA] iter=00003 eval=01490 misfit=8.144529e-01 best=5.717472e-01
[NA] iter=00003 eval=01491 misfit=6.020327e-01 best=5.717472e-01
[NA] iter=00003 eval=01492 misfit=6.930417e-01 best=5.717472e-01
[NA] iter=00003 eval=01493 misfit=6.485176e-01 best=5.717472e-01
[NA] iter=00003 eval=01494 misfit=5.870241e-01 best=5.717472e-01
[NA] iter=00003 eval=01495 misfit=6.077353e-01 best=5.717472e-01
[NA] iter=00003 eval=01496 misfit=5.858613e-01 best=5.717472e-01
[NA] iter=00003 eval=01497 misfit=5.707296e-01 best=5.707296e-01
[NA] iter=00003 eval=01498 misfit=5.779978e-01 best=5.707296e-01
[NA] iter=00003 eval=01499 misfit=6.048786e-01 best=5.707296e-01
[NA] iter=00003 eval=01500 misfit=6.458203e-01 best=5.707296e-01
[NA] iter=00003 eval=01501 misfit=5.766647e-01 best=5.707296e-01
[NA] iter=00003 eval=01502 misfit=5.881873e-01 best=5.707296e-01
[NA] iter=00003 eval=01503 misfit=6.025528e-01 best=5.707296e-01
[NA] iter=00003 eval=01504 misfit=5.830506e-01 best=5.707296e-01
[NA] iter=00003 eval=01505 misfit=5.879839e-01 best=5.707296e-01
[NA] iter=00003 eval=01506 misfit=5.904370e-01 best=5.707296e-01
[NA] iter=00003 eval=01507 misfit=5.835703e-01 best=5.707296e-01
[NA] iter=00003 eval=01508 misfit=5.825309e-01 best=5.707296e-01
[NA] iter=00003 eval=01509 misfit=5.952085e-01 best=5.707296e-01
[NA] iter=00003 eval=01510 misfit=5.770210e-01 best=5.707296e-01
[NA] iter=00003 eval=01511 misfit=5.954605e-01 best=5.707296e-01
[NA] iter=00003 eval=01512 misfit=6.034226e-01 best=5.707296e-01
[NA] iter=00003 eval=01513 misfit=5.943983e-01 best=5.707296e-01
[NA] iter=00003 eval=01514 misfit=5.853674e-01 best=5.707296e-01
[NA] iter=00003 eval=01515 misfit=5.936844e-01 best=5.707296e-01
[NA] iter=00003 eval=01516 misfit=5.921100e-01 best=5.707296e-01
[NA] iter=00003 eval=01517 misfit=5.965215e-01 best=5.707296e-01
[NA] iter=00003 eval=01518 misfit=5.803021e-01 best=5.707296e-01
[NA] iter=00003 eval=01519 misfit=6.221529e-01 best=5.707296e-01
[NA] iter=00003 eval=01520 misfit=6.348717e-01 best=5.707296e-01
[NA] iter=00003 eval=01521 misfit=5.824461e-01 best=5.707296e-01
[NA] iter=00003 eval=01522 misfit=5.944950e-01 best=5.707296e-01
[NA] iter=00003 eval=01523 misfit=5.975044e-01 best=5.707296e-01
[NA] iter=00003 eval=01524 misfit=5.883571e-01 best=5.707296e-01
[NA] iter=00003 eval=01525 misfit=5.857160e-01 best=5.707296e-01
[NA] iter=00003 eval=01526 misfit=5.886432e-01 best=5.707296e-01
[NA] iter=00003 eval=01527 misfit=6.263460e-01 best=5.707296e-01
[NA] iter=00003 eval=01528 misfit=5.762469e-01 best=5.707296e-01
[NA] iter=00003 eval=01529 misfit=5.842874e-01 best=5.707296e-01
[NA] iter=00003 eval=01530 misfit=5.778510e-01 best=5.707296e-01
[NA] iter=00003 eval=01531 misfit=5.882058e-01 best=5.707296e-01
[NA] iter=00003 eval=01532 misfit=5.923446e-01 best=5.707296e-01
[NA] iter=00003 eval=01533 misfit=5.837312e-01 best=5.707296e-01
[NA] iter=00003 eval=01534 misfit=6.407510e-01 best=5.707296e-01
[NA] iter=00003 eval=01535 misfit=5.792985e-01 best=5.707296e-01
[NA] iter=00003 eval=01536 misfit=6.317217e-01 best=5.707296e-01
[NA] iter=00003 eval=01537 misfit=5.921669e-01 best=5.707296e-01
[NA] iter=00003 eval=01538 misfit=5.845835e-01 best=5.707296e-01
[NA] iter=00003 eval=01539 misfit=6.006614e-01 best=5.707296e-01
[NA] iter=00003 eval=01540 misfit=6.387485e-01 best=5.707296e-01
[NA] iter=00003 eval=01541 misfit=6.437052e-01 best=5.707296e-01
[NA] iter=00003 eval=01542 misfit=5.794479e-01 best=5.707296e-01
[NA] iter=00003 eval=01543 misfit=5.750107e-01 best=5.707296e-01
[NA] iter=00003 eval=01544 misfit=5.942282e-01 best=5.707296e-01
[NA] iter=00003 eval=01545 misfit=5.938969e-01 best=5.707296e-01
[NA] iter=00003 eval=01546 misfit=5.984327e-01 best=5.707296e-01
[NA] iter=00003 eval=01547 misfit=6.852241e-01 best=5.707296e-01
[NA] iter=00003 eval=01548 misfit=6.104089e-01 best=5.707296e-01
[NA] iter=00003 eval=01549 misfit=6.459949e-01 best=5.707296e-01
[NA] iter=00003 eval=01550 misfit=6.980301e-01 best=5.707296e-01
[NA] iter=00003 eval=01551 misfit=5.905068e-01 best=5.707296e-01
[NA] iter=00003 eval=01552 misfit=5.781906e-01 best=5.707296e-01
[NA] iter=00003 eval=01553 misfit=5.936373e-01 best=5.707296e-01
[NA] iter=00003 eval=01554 misfit=6.066364e-01 best=5.707296e-01
[NA] iter=00003 eval=01555 misfit=6.362295e-01 best=5.707296e-01
[NA] iter=00003 eval=01556 misfit=6.126433e-01 best=5.707296e-01
[NA] iter=00003 eval=01557 misfit=5.949189e-01 best=5.707296e-01
[NA] iter=00003 eval=01558 misfit=5.966996e-01 best=5.707296e-01
[NA] iter=00003 eval=01559 misfit=5.909827e-01 best=5.707296e-01
[NA] iter=00003 eval=01560 misfit=6.252841e-01 best=5.707296e-01
[NA] iter=00003 eval=01561 misfit=5.800708e-01 best=5.707296e-01
[NA] iter=00003 eval=01562 misfit=7.354726e-01 best=5.707296e-01
[NA] iter=00003 eval=01563 misfit=5.716955e-01 best=5.707296e-01
[NA] iter=00003 eval=01564 misfit=6.157216e-01 best=5.707296e-01
[NA] iter=00003 eval=01565 misfit=5.854377e-01 best=5.707296e-01
[NA] iter=00003 eval=01566 misfit=5.921297e-01 best=5.707296e-01
[NA] iter=00003 eval=01567 misfit=6.391157e-01 best=5.707296e-01
[NA] iter=00003 eval=01568 misfit=5.837533e-01 best=5.707296e-01
[NA] iter=00003 eval=01569 misfit=6.640213e-01 best=5.707296e-01
[NA] iter=00003 eval=01570 misfit=5.889444e-01 best=5.707296e-01
[NA] iter=00003 eval=01571 misfit=5.979929e-01 best=5.707296e-01
[NA] iter=00003 eval=01572 misfit=6.314957e-01 best=5.707296e-01
[NA] iter=00003 eval=01573 misfit=5.989894e-01 best=5.707296e-01
[NA] iter=00003 eval=01574 misfit=5.871578e-01 best=5.707296e-01
[NA] iter=00003 eval=01575 misfit=6.014880e-01 best=5.707296e-01
[NA] iter=00003 eval=01576 misfit=5.824144e-01 best=5.707296e-01
[NA] iter=00003 eval=01577 misfit=5.948393e-01 best=5.707296e-01
[NA] iter=00003 eval=01578 misfit=5.952504e-01 best=5.707296e-01
[NA] iter=00003 eval=01579 misfit=5.892346e-01 best=5.707296e-01
[NA] iter=00003 eval=01580 misfit=5.847723e-01 best=5.707296e-01
[NA] iter=00003 eval=01581 misfit=5.963447e-01 best=5.707296e-01
[NA] iter=00003 eval=01582 misfit=5.869784e-01 best=5.707296e-01
[NA] iter=00003 eval=01583 misfit=5.965497e-01 best=5.707296e-01
[NA] iter=00003 eval=01584 misfit=5.923648e-01 best=5.707296e-01
[NA] iter=00003 eval=01585 misfit=5.919681e-01 best=5.707296e-01
[NA] iter=00003 eval=01586 misfit=5.849492e-01 best=5.707296e-01
[NA] iter=00003 eval=01587 misfit=5.834888e-01 best=5.707296e-01
[NA] iter=00003 eval=01588 misfit=5.998390e-01 best=5.707296e-01
[NA] iter=00003 eval=01589 misfit=5.923986e-01 best=5.707296e-01
[NA] iter=00003 eval=01590 misfit=5.964950e-01 best=5.707296e-01
[NA] iter=00003 eval=01591 misfit=5.861090e-01 best=5.707296e-01
[NA] iter=00003 eval=01592 misfit=5.870362e-01 best=5.707296e-01
[NA] iter=00003 eval=01593 misfit=5.887792e-01 best=5.707296e-01
[NA] iter=00003 eval=01594 misfit=6.029245e-01 best=5.707296e-01
[NA] iter=00003 eval=01595 misfit=5.935714e-01 best=5.707296e-01
[NA] iter=00003 eval=01596 misfit=5.870860e-01 best=5.707296e-01
[NA] iter=00003 eval=01597 misfit=6.024709e-01 best=5.707296e-01
[NA] iter=00003 eval=01598 misfit=5.792177e-01 best=5.707296e-01
[NA] iter=00003 eval=01599 misfit=5.916318e-01 best=5.707296e-01
[NA] iter=00003 eval=01600 misfit=5.800782e-01 best=5.707296e-01
NAI - Optimisation Loop:  10%|█         | 3/30 [06:11<55:50, 124.11s/it][NA] iter=00004 eval=01601 misfit=6.364836e-01 best=5.707296e-01
[NA] iter=00004 eval=01602 misfit=5.760260e-01 best=5.707296e-01
[NA] iter=00004 eval=01603 misfit=6.603970e-01 best=5.707296e-01
[NA] iter=00004 eval=01604 misfit=5.789297e-01 best=5.707296e-01
[NA] iter=00004 eval=01605 misfit=7.232132e-01 best=5.707296e-01
[NA] iter=00004 eval=01606 misfit=5.883977e-01 best=5.707296e-01
[NA] iter=00004 eval=01607 misfit=6.533564e-01 best=5.707296e-01
[NA] iter=00004 eval=01608 misfit=8.533183e-01 best=5.707296e-01
[NA] iter=00004 eval=01609 misfit=5.841867e-01 best=5.707296e-01
[NA] iter=00004 eval=01610 misfit=5.934996e-01 best=5.707296e-01
[NA] iter=00004 eval=01611 misfit=5.991507e-01 best=5.707296e-01
[NA] iter=00004 eval=01612 misfit=6.376350e-01 best=5.707296e-01
[NA] iter=00004 eval=01613 misfit=6.217584e-01 best=5.707296e-01
[NA] iter=00004 eval=01614 misfit=5.867810e-01 best=5.707296e-01
[NA] iter=00004 eval=01615 misfit=5.790910e-01 best=5.707296e-01
[NA] iter=00004 eval=01616 misfit=6.130708e-01 best=5.707296e-01
[NA] iter=00004 eval=01617 misfit=5.903826e-01 best=5.707296e-01
[NA] iter=00004 eval=01618 misfit=6.176461e-01 best=5.707296e-01
[NA] iter=00004 eval=01619 misfit=7.361341e-01 best=5.707296e-01
[NA] iter=00004 eval=01620 misfit=5.766379e-01 best=5.707296e-01
[NA] iter=00004 eval=01621 misfit=5.839590e-01 best=5.707296e-01
[NA] iter=00004 eval=01622 misfit=5.908369e-01 best=5.707296e-01
[NA] iter=00004 eval=01623 misfit=5.846554e-01 best=5.707296e-01
[NA] iter=00004 eval=01624 misfit=5.907056e-01 best=5.707296e-01
[NA] iter=00004 eval=01625 misfit=5.895457e-01 best=5.707296e-01
[NA] iter=00004 eval=01626 misfit=6.005049e-01 best=5.707296e-01
[NA] iter=00004 eval=01627 misfit=5.715901e-01 best=5.707296e-01
[NA] iter=00004 eval=01628 misfit=6.497459e-01 best=5.707296e-01
[NA] iter=00004 eval=01629 misfit=5.760232e-01 best=5.707296e-01
[NA] iter=00004 eval=01630 misfit=6.195369e-01 best=5.707296e-01
[NA] iter=00004 eval=01631 misfit=6.140789e-01 best=5.707296e-01
[NA] iter=00004 eval=01632 misfit=5.708054e-01 best=5.707296e-01
[NA] iter=00004 eval=01633 misfit=6.127274e-01 best=5.707296e-01
[NA] iter=00004 eval=01634 misfit=5.775270e-01 best=5.707296e-01
[NA] iter=00004 eval=01635 misfit=6.118359e-01 best=5.707296e-01
[NA] iter=00004 eval=01636 misfit=5.757228e-01 best=5.707296e-01
[NA] iter=00004 eval=01637 misfit=5.823707e-01 best=5.707296e-01
[NA] iter=00004 eval=01638 misfit=5.823200e-01 best=5.707296e-01
[NA] iter=00004 eval=01639 misfit=5.769685e-01 best=5.707296e-01
[NA] iter=00004 eval=01640 misfit=5.863722e-01 best=5.707296e-01
[NA] iter=00004 eval=01641 misfit=5.813544e-01 best=5.707296e-01
[NA] iter=00004 eval=01642 misfit=5.897001e-01 best=5.707296e-01
[NA] iter=00004 eval=01643 misfit=5.758818e-01 best=5.707296e-01
[NA] iter=00004 eval=01644 misfit=5.724216e-01 best=5.707296e-01
[NA] iter=00004 eval=01645 misfit=5.791153e-01 best=5.707296e-01
[NA] iter=00004 eval=01646 misfit=5.732347e-01 best=5.707296e-01
[NA] iter=00004 eval=01647 misfit=5.781902e-01 best=5.707296e-01
[NA] iter=00004 eval=01648 misfit=5.910423e-01 best=5.707296e-01
[NA] iter=00004 eval=01649 misfit=5.788618e-01 best=5.707296e-01
[NA] iter=00004 eval=01650 misfit=5.841188e-01 best=5.707296e-01
[NA] iter=00004 eval=01651 misfit=5.837520e-01 best=5.707296e-01
[NA] iter=00004 eval=01652 misfit=5.748162e-01 best=5.707296e-01
[NA] iter=00004 eval=01653 misfit=5.826840e-01 best=5.707296e-01
[NA] iter=00004 eval=01654 misfit=5.806581e-01 best=5.707296e-01
[NA] iter=00004 eval=01655 misfit=5.747966e-01 best=5.707296e-01
[NA] iter=00004 eval=01656 misfit=5.811635e-01 best=5.707296e-01
[NA] iter=00004 eval=01657 misfit=5.736235e-01 best=5.707296e-01
[NA] iter=00004 eval=01658 misfit=5.841498e-01 best=5.707296e-01
[NA] iter=00004 eval=01659 misfit=5.750423e-01 best=5.707296e-01
[NA] iter=00004 eval=01660 misfit=5.801471e-01 best=5.707296e-01
[NA] iter=00004 eval=01661 misfit=5.740555e-01 best=5.707296e-01
[NA] iter=00004 eval=01662 misfit=5.766266e-01 best=5.707296e-01
[NA] iter=00004 eval=01663 misfit=5.734454e-01 best=5.707296e-01
[NA] iter=00004 eval=01664 misfit=5.871277e-01 best=5.707296e-01
[NA] iter=00004 eval=01665 misfit=5.720177e-01 best=5.707296e-01
[NA] iter=00004 eval=01666 misfit=5.845023e-01 best=5.707296e-01
[NA] iter=00004 eval=01667 misfit=5.715623e-01 best=5.707296e-01
[NA] iter=00004 eval=01668 misfit=5.739819e-01 best=5.707296e-01
[NA] iter=00004 eval=01669 misfit=5.861233e-01 best=5.707296e-01
[NA] iter=00004 eval=01670 misfit=5.757886e-01 best=5.707296e-01
[NA] iter=00004 eval=01671 misfit=5.999484e-01 best=5.707296e-01
[NA] iter=00004 eval=01672 misfit=5.924242e-01 best=5.707296e-01
[NA] iter=00004 eval=01673 misfit=5.797988e-01 best=5.707296e-01
[NA] iter=00004 eval=01674 misfit=6.237859e-01 best=5.707296e-01
[NA] iter=00004 eval=01675 misfit=6.016277e-01 best=5.707296e-01
[NA] iter=00004 eval=01676 misfit=5.818815e-01 best=5.707296e-01
[NA] iter=00004 eval=01677 misfit=6.272072e-01 best=5.707296e-01
[NA] iter=00004 eval=01678 misfit=5.813984e-01 best=5.707296e-01
[NA] iter=00004 eval=01679 misfit=5.665457e-01 best=5.665457e-01
[NA] iter=00004 eval=01680 misfit=6.163833e-01 best=5.665457e-01
[NA] iter=00004 eval=01681 misfit=5.751378e-01 best=5.665457e-01
[NA] iter=00004 eval=01682 misfit=5.790711e-01 best=5.665457e-01
[NA] iter=00004 eval=01683 misfit=5.746876e-01 best=5.665457e-01
[NA] iter=00004 eval=01684 misfit=5.761912e-01 best=5.665457e-01
[NA] iter=00004 eval=01685 misfit=5.818999e-01 best=5.665457e-01
[NA] iter=00004 eval=01686 misfit=5.756295e-01 best=5.665457e-01
[NA] iter=00004 eval=01687 misfit=5.832991e-01 best=5.665457e-01
[NA] iter=00004 eval=01688 misfit=5.762346e-01 best=5.665457e-01
[NA] iter=00004 eval=01689 misfit=5.770649e-01 best=5.665457e-01
[NA] iter=00004 eval=01690 misfit=5.777889e-01 best=5.665457e-01
[NA] iter=00004 eval=01691 misfit=5.754730e-01 best=5.665457e-01
[NA] iter=00004 eval=01692 misfit=5.847349e-01 best=5.665457e-01
[NA] iter=00004 eval=01693 misfit=5.771414e-01 best=5.665457e-01
[NA] iter=00004 eval=01694 misfit=5.763748e-01 best=5.665457e-01
[NA] iter=00004 eval=01695 misfit=5.770453e-01 best=5.665457e-01
[NA] iter=00004 eval=01696 misfit=5.765830e-01 best=5.665457e-01
[NA] iter=00004 eval=01697 misfit=5.807279e-01 best=5.665457e-01
[NA] iter=00004 eval=01698 misfit=5.832734e-01 best=5.665457e-01
[NA] iter=00004 eval=01699 misfit=5.866152e-01 best=5.665457e-01
[NA] iter=00004 eval=01700 misfit=5.765646e-01 best=5.665457e-01
[NA] iter=00004 eval=01701 misfit=6.448909e-01 best=5.665457e-01
[NA] iter=00004 eval=01702 misfit=6.012343e-01 best=5.665457e-01
[NA] iter=00004 eval=01703 misfit=6.810074e-01 best=5.665457e-01
[NA] iter=00004 eval=01704 misfit=6.093220e-01 best=5.665457e-01
[NA] iter=00004 eval=01705 misfit=5.829648e-01 best=5.665457e-01
[NA] iter=00004 eval=01706 misfit=6.614041e-01 best=5.665457e-01
[NA] iter=00004 eval=01707 misfit=5.676058e-01 best=5.665457e-01
[NA] iter=00004 eval=01708 misfit=6.166804e-01 best=5.665457e-01
[NA] iter=00004 eval=01709 misfit=5.920703e-01 best=5.665457e-01
[NA] iter=00004 eval=01710 misfit=6.380530e-01 best=5.665457e-01
[NA] iter=00004 eval=01711 misfit=5.823869e-01 best=5.665457e-01
[NA] iter=00004 eval=01712 misfit=5.848146e-01 best=5.665457e-01
[NA] iter=00004 eval=01713 misfit=5.808664e-01 best=5.665457e-01
[NA] iter=00004 eval=01714 misfit=5.773857e-01 best=5.665457e-01
[NA] iter=00004 eval=01715 misfit=5.814451e-01 best=5.665457e-01
[NA] iter=00004 eval=01716 misfit=5.899752e-01 best=5.665457e-01
[NA] iter=00004 eval=01717 misfit=5.812044e-01 best=5.665457e-01
[NA] iter=00004 eval=01718 misfit=5.791004e-01 best=5.665457e-01
[NA] iter=00004 eval=01719 misfit=5.761477e-01 best=5.665457e-01
[NA] iter=00004 eval=01720 misfit=5.863839e-01 best=5.665457e-01
[NA] iter=00004 eval=01721 misfit=5.668365e-01 best=5.665457e-01
[NA] iter=00004 eval=01722 misfit=5.742414e-01 best=5.665457e-01
[NA] iter=00004 eval=01723 misfit=6.190479e-01 best=5.665457e-01
[NA] iter=00004 eval=01724 misfit=5.939087e-01 best=5.665457e-01
[NA] iter=00004 eval=01725 misfit=6.042458e-01 best=5.665457e-01
[NA] iter=00004 eval=01726 misfit=6.064482e-01 best=5.665457e-01
[NA] iter=00004 eval=01727 misfit=5.763012e-01 best=5.665457e-01
[NA] iter=00004 eval=01728 misfit=5.959190e-01 best=5.665457e-01
[NA] iter=00004 eval=01729 misfit=5.803035e-01 best=5.665457e-01
[NA] iter=00004 eval=01730 misfit=6.090296e-01 best=5.665457e-01
[NA] iter=00004 eval=01731 misfit=5.896975e-01 best=5.665457e-01
[NA] iter=00004 eval=01732 misfit=5.733374e-01 best=5.665457e-01
[NA] iter=00004 eval=01733 misfit=5.914620e-01 best=5.665457e-01
[NA] iter=00004 eval=01734 misfit=5.804102e-01 best=5.665457e-01
[NA] iter=00004 eval=01735 misfit=5.769702e-01 best=5.665457e-01
[NA] iter=00004 eval=01736 misfit=5.810730e-01 best=5.665457e-01
[NA] iter=00004 eval=01737 misfit=5.924473e-01 best=5.665457e-01
[NA] iter=00004 eval=01738 misfit=5.776872e-01 best=5.665457e-01
[NA] iter=00004 eval=01739 misfit=6.030146e-01 best=5.665457e-01
[NA] iter=00004 eval=01740 misfit=5.768211e-01 best=5.665457e-01
[NA] iter=00004 eval=01741 misfit=5.983148e-01 best=5.665457e-01
[NA] iter=00004 eval=01742 misfit=5.893058e-01 best=5.665457e-01
[NA] iter=00004 eval=01743 misfit=5.819344e-01 best=5.665457e-01
[NA] iter=00004 eval=01744 misfit=5.778219e-01 best=5.665457e-01
[NA] iter=00004 eval=01745 misfit=5.958004e-01 best=5.665457e-01
[NA] iter=00004 eval=01746 misfit=6.012908e-01 best=5.665457e-01
[NA] iter=00004 eval=01747 misfit=5.956946e-01 best=5.665457e-01
[NA] iter=00004 eval=01748 misfit=5.778064e-01 best=5.665457e-01
[NA] iter=00004 eval=01749 misfit=6.063459e-01 best=5.665457e-01
[NA] iter=00004 eval=01750 misfit=5.860116e-01 best=5.665457e-01
[NA] iter=00004 eval=01751 misfit=5.772536e-01 best=5.665457e-01
[NA] iter=00004 eval=01752 misfit=5.874457e-01 best=5.665457e-01
[NA] iter=00004 eval=01753 misfit=5.822436e-01 best=5.665457e-01
[NA] iter=00004 eval=01754 misfit=5.741769e-01 best=5.665457e-01
[NA] iter=00004 eval=01755 misfit=5.854984e-01 best=5.665457e-01
[NA] iter=00004 eval=01756 misfit=5.825088e-01 best=5.665457e-01
[NA] iter=00004 eval=01757 misfit=5.738216e-01 best=5.665457e-01
[NA] iter=00004 eval=01758 misfit=5.941987e-01 best=5.665457e-01
[NA] iter=00004 eval=01759 misfit=5.824541e-01 best=5.665457e-01
[NA] iter=00004 eval=01760 misfit=5.800000e-01 best=5.665457e-01
[NA] iter=00004 eval=01761 misfit=5.707378e-01 best=5.665457e-01
[NA] iter=00004 eval=01762 misfit=5.788615e-01 best=5.665457e-01
[NA] iter=00004 eval=01763 misfit=5.801645e-01 best=5.665457e-01
[NA] iter=00004 eval=01764 misfit=5.790788e-01 best=5.665457e-01
[NA] iter=00004 eval=01765 misfit=5.857139e-01 best=5.665457e-01
[NA] iter=00004 eval=01766 misfit=5.803725e-01 best=5.665457e-01
[NA] iter=00004 eval=01767 misfit=5.733318e-01 best=5.665457e-01
[NA] iter=00004 eval=01768 misfit=5.755736e-01 best=5.665457e-01
[NA] iter=00004 eval=01769 misfit=5.731812e-01 best=5.665457e-01
[NA] iter=00004 eval=01770 misfit=5.834928e-01 best=5.665457e-01
[NA] iter=00004 eval=01771 misfit=5.850827e-01 best=5.665457e-01
[NA] iter=00004 eval=01772 misfit=5.921848e-01 best=5.665457e-01
[NA] iter=00004 eval=01773 misfit=5.924306e-01 best=5.665457e-01
[NA] iter=00004 eval=01774 misfit=5.737086e-01 best=5.665457e-01
[NA] iter=00004 eval=01775 misfit=5.881612e-01 best=5.665457e-01
[NA] iter=00004 eval=01776 misfit=5.967516e-01 best=5.665457e-01
[NA] iter=00004 eval=01777 misfit=5.928178e-01 best=5.665457e-01
[NA] iter=00004 eval=01778 misfit=5.810290e-01 best=5.665457e-01
[NA] iter=00004 eval=01779 misfit=5.942200e-01 best=5.665457e-01
[NA] iter=00004 eval=01780 misfit=5.961222e-01 best=5.665457e-01
[NA] iter=00004 eval=01781 misfit=5.833441e-01 best=5.665457e-01
[NA] iter=00004 eval=01782 misfit=5.899629e-01 best=5.665457e-01
[NA] iter=00004 eval=01783 misfit=5.816845e-01 best=5.665457e-01
[NA] iter=00004 eval=01784 misfit=5.764724e-01 best=5.665457e-01
[NA] iter=00004 eval=01785 misfit=5.883259e-01 best=5.665457e-01
[NA] iter=00004 eval=01786 misfit=5.701082e-01 best=5.665457e-01
[NA] iter=00004 eval=01787 misfit=5.782861e-01 best=5.665457e-01
[NA] iter=00004 eval=01788 misfit=5.749261e-01 best=5.665457e-01
[NA] iter=00004 eval=01789 misfit=6.262377e-01 best=5.665457e-01
[NA] iter=00004 eval=01790 misfit=5.909744e-01 best=5.665457e-01
[NA] iter=00004 eval=01791 misfit=5.742639e-01 best=5.665457e-01
[NA] iter=00004 eval=01792 misfit=5.776298e-01 best=5.665457e-01
[NA] iter=00004 eval=01793 misfit=5.822673e-01 best=5.665457e-01
[NA] iter=00004 eval=01794 misfit=5.785618e-01 best=5.665457e-01
[NA] iter=00004 eval=01795 misfit=5.914012e-01 best=5.665457e-01
[NA] iter=00004 eval=01796 misfit=5.785990e-01 best=5.665457e-01
[NA] iter=00004 eval=01797 misfit=5.770837e-01 best=5.665457e-01
[NA] iter=00004 eval=01798 misfit=5.895124e-01 best=5.665457e-01
[NA] iter=00004 eval=01799 misfit=5.756123e-01 best=5.665457e-01
[NA] iter=00004 eval=01800 misfit=5.868048e-01 best=5.665457e-01
NAI - Optimisation Loop:  13%|█▎        | 4/30 [08:12<53:16, 122.94s/it][NA] iter=00005 eval=01801 misfit=5.833081e-01 best=5.665457e-01
[NA] iter=00005 eval=01802 misfit=6.002592e-01 best=5.665457e-01
[NA] iter=00005 eval=01803 misfit=5.775259e-01 best=5.665457e-01
[NA] iter=00005 eval=01804 misfit=5.847100e-01 best=5.665457e-01
[NA] iter=00005 eval=01805 misfit=5.733662e-01 best=5.665457e-01
[NA] iter=00005 eval=01806 misfit=5.720201e-01 best=5.665457e-01
[NA] iter=00005 eval=01807 misfit=5.763580e-01 best=5.665457e-01
[NA] iter=00005 eval=01808 misfit=5.785587e-01 best=5.665457e-01
[NA] iter=00005 eval=01809 misfit=5.798928e-01 best=5.665457e-01
[NA] iter=00005 eval=01810 misfit=5.746370e-01 best=5.665457e-01
[NA] iter=00005 eval=01811 misfit=5.698018e-01 best=5.665457e-01
[NA] iter=00005 eval=01812 misfit=5.707757e-01 best=5.665457e-01
[NA] iter=00005 eval=01813 misfit=5.769828e-01 best=5.665457e-01
[NA] iter=00005 eval=01814 misfit=5.731190e-01 best=5.665457e-01
[NA] iter=00005 eval=01815 misfit=5.738544e-01 best=5.665457e-01
[NA] iter=00005 eval=01816 misfit=5.688594e-01 best=5.665457e-01
[NA] iter=00005 eval=01817 misfit=5.922095e-01 best=5.665457e-01
[NA] iter=00005 eval=01818 misfit=5.710749e-01 best=5.665457e-01
[NA] iter=00005 eval=01819 misfit=5.705468e-01 best=5.665457e-01
[NA] iter=00005 eval=01820 misfit=5.715069e-01 best=5.665457e-01
[NA] iter=00005 eval=01821 misfit=5.763407e-01 best=5.665457e-01
[NA] iter=00005 eval=01822 misfit=5.807126e-01 best=5.665457e-01
[NA] iter=00005 eval=01823 misfit=5.745627e-01 best=5.665457e-01
[NA] iter=00005 eval=01824 misfit=5.659209e-01 best=5.659209e-01
[NA] iter=00005 eval=01825 misfit=7.391941e-01 best=5.659209e-01
[NA] iter=00005 eval=01826 misfit=6.748044e-01 best=5.659209e-01
[NA] iter=00005 eval=01827 misfit=5.829885e-01 best=5.659209e-01
[NA] iter=00005 eval=01828 misfit=5.688650e-01 best=5.659209e-01
[NA] iter=00005 eval=01829 misfit=6.074737e-01 best=5.659209e-01
[NA] iter=00005 eval=01830 misfit=5.786777e-01 best=5.659209e-01
[NA] iter=00005 eval=01831 misfit=5.759654e-01 best=5.659209e-01
[NA] iter=00005 eval=01832 misfit=5.680994e-01 best=5.659209e-01
[NA] iter=00005 eval=01833 misfit=5.669431e-01 best=5.659209e-01
[NA] iter=00005 eval=01834 misfit=5.832991e-01 best=5.659209e-01
[NA] iter=00005 eval=01835 misfit=5.689157e-01 best=5.659209e-01
[NA] iter=00005 eval=01836 misfit=5.737765e-01 best=5.659209e-01
[NA] iter=00005 eval=01837 misfit=5.696275e-01 best=5.659209e-01
[NA] iter=00005 eval=01838 misfit=5.691376e-01 best=5.659209e-01
[NA] iter=00005 eval=01839 misfit=5.655275e-01 best=5.655275e-01
[NA] iter=00005 eval=01840 misfit=5.817486e-01 best=5.655275e-01
[NA] iter=00005 eval=01841 misfit=5.843837e-01 best=5.655275e-01
[NA] iter=00005 eval=01842 misfit=5.755637e-01 best=5.655275e-01
[NA] iter=00005 eval=01843 misfit=5.738908e-01 best=5.655275e-01
[NA] iter=00005 eval=01844 misfit=6.171946e-01 best=5.655275e-01
[NA] iter=00005 eval=01845 misfit=5.917033e-01 best=5.655275e-01
[NA] iter=00005 eval=01846 misfit=5.719287e-01 best=5.655275e-01
[NA] iter=00005 eval=01847 misfit=5.777335e-01 best=5.655275e-01
[NA] iter=00005 eval=01848 misfit=5.765232e-01 best=5.655275e-01
[NA] iter=00005 eval=01849 misfit=5.747500e-01 best=5.655275e-01
[NA] iter=00005 eval=01850 misfit=5.712576e-01 best=5.655275e-01
[NA] iter=00005 eval=01851 misfit=5.726007e-01 best=5.655275e-01
[NA] iter=00005 eval=01852 misfit=5.859343e-01 best=5.655275e-01
[NA] iter=00005 eval=01853 misfit=5.946632e-01 best=5.655275e-01
[NA] iter=00005 eval=01854 misfit=5.706323e-01 best=5.655275e-01
[NA] iter=00005 eval=01855 misfit=6.149926e-01 best=5.655275e-01
[NA] iter=00005 eval=01856 misfit=5.763703e-01 best=5.655275e-01
[NA] iter=00005 eval=01857 misfit=6.119480e-01 best=5.655275e-01
[NA] iter=00005 eval=01858 misfit=5.712275e-01 best=5.655275e-01
[NA] iter=00005 eval=01859 misfit=5.848328e-01 best=5.655275e-01
[NA] iter=00005 eval=01860 misfit=6.195408e-01 best=5.655275e-01
[NA] iter=00005 eval=01861 misfit=5.939571e-01 best=5.655275e-01
[NA] iter=00005 eval=01862 misfit=5.870060e-01 best=5.655275e-01
[NA] iter=00005 eval=01863 misfit=5.901553e-01 best=5.655275e-01
[NA] iter=00005 eval=01864 misfit=5.816864e-01 best=5.655275e-01
[NA] iter=00005 eval=01865 misfit=5.888097e-01 best=5.655275e-01
[NA] iter=00005 eval=01866 misfit=5.757033e-01 best=5.655275e-01
[NA] iter=00005 eval=01867 misfit=5.769363e-01 best=5.655275e-01
[NA] iter=00005 eval=01868 misfit=5.704047e-01 best=5.655275e-01
[NA] iter=00005 eval=01869 misfit=5.707160e-01 best=5.655275e-01
[NA] iter=00005 eval=01870 misfit=5.703679e-01 best=5.655275e-01
[NA] iter=00005 eval=01871 misfit=5.718082e-01 best=5.655275e-01
[NA] iter=00005 eval=01872 misfit=5.745918e-01 best=5.655275e-01
[NA] iter=00005 eval=01873 misfit=5.714311e-01 best=5.655275e-01
[NA] iter=00005 eval=01874 misfit=5.733415e-01 best=5.655275e-01
[NA] iter=00005 eval=01875 misfit=5.725857e-01 best=5.655275e-01
[NA] iter=00005 eval=01876 misfit=5.704129e-01 best=5.655275e-01
[NA] iter=00005 eval=01877 misfit=5.766669e-01 best=5.655275e-01
[NA] iter=00005 eval=01878 misfit=5.713424e-01 best=5.655275e-01
[NA] iter=00005 eval=01879 misfit=5.690295e-01 best=5.655275e-01
[NA] iter=00005 eval=01880 misfit=5.710478e-01 best=5.655275e-01
[NA] iter=00005 eval=01881 misfit=5.936298e-01 best=5.655275e-01
[NA] iter=00005 eval=01882 misfit=5.681115e-01 best=5.655275e-01
[NA] iter=00005 eval=01883 misfit=5.855172e-01 best=5.655275e-01
[NA] iter=00005 eval=01884 misfit=6.376132e-01 best=5.655275e-01
[NA] iter=00005 eval=01885 misfit=5.734671e-01 best=5.655275e-01
[NA] iter=00005 eval=01886 misfit=5.728984e-01 best=5.655275e-01
[NA] iter=00005 eval=01887 misfit=5.873617e-01 best=5.655275e-01
[NA] iter=00005 eval=01888 misfit=5.912096e-01 best=5.655275e-01
[NA] iter=00005 eval=01889 misfit=6.361680e-01 best=5.655275e-01
[NA] iter=00005 eval=01890 misfit=5.820153e-01 best=5.655275e-01
[NA] iter=00005 eval=01891 misfit=5.725125e-01 best=5.655275e-01
[NA] iter=00005 eval=01892 misfit=5.842840e-01 best=5.655275e-01
[NA] iter=00005 eval=01893 misfit=5.701032e-01 best=5.655275e-01
[NA] iter=00005 eval=01894 misfit=5.770492e-01 best=5.655275e-01
[NA] iter=00005 eval=01895 misfit=5.719559e-01 best=5.655275e-01
[NA] iter=00005 eval=01896 misfit=5.766201e-01 best=5.655275e-01
[NA] iter=00005 eval=01897 misfit=6.216425e-01 best=5.655275e-01
[NA] iter=00005 eval=01898 misfit=5.964407e-01 best=5.655275e-01
[NA] iter=00005 eval=01899 misfit=5.743282e-01 best=5.655275e-01
[NA] iter=00005 eval=01900 misfit=5.848471e-01 best=5.655275e-01
[NA] iter=00005 eval=01901 misfit=5.649805e-01 best=5.649805e-01
[NA] iter=00005 eval=01902 misfit=5.677489e-01 best=5.649805e-01
[NA] iter=00005 eval=01903 misfit=5.737008e-01 best=5.649805e-01
[NA] iter=00005 eval=01904 misfit=5.757681e-01 best=5.649805e-01
[NA] iter=00005 eval=01905 misfit=5.843920e-01 best=5.649805e-01
[NA] iter=00005 eval=01906 misfit=5.730622e-01 best=5.649805e-01
[NA] iter=00005 eval=01907 misfit=5.691907e-01 best=5.649805e-01
[NA] iter=00005 eval=01908 misfit=5.947238e-01 best=5.649805e-01
[NA] iter=00005 eval=01909 misfit=5.763088e-01 best=5.649805e-01
[NA] iter=00005 eval=01910 misfit=6.003398e-01 best=5.649805e-01
[NA] iter=00005 eval=01911 misfit=5.743666e-01 best=5.649805e-01
[NA] iter=00005 eval=01912 misfit=5.744280e-01 best=5.649805e-01
[NA] iter=00005 eval=01913 misfit=5.811401e-01 best=5.649805e-01
[NA] iter=00005 eval=01914 misfit=5.749318e-01 best=5.649805e-01
[NA] iter=00005 eval=01915 misfit=5.747154e-01 best=5.649805e-01
[NA] iter=00005 eval=01916 misfit=5.726924e-01 best=5.649805e-01
[NA] iter=00005 eval=01917 misfit=5.752249e-01 best=5.649805e-01
[NA] iter=00005 eval=01918 misfit=5.797462e-01 best=5.649805e-01
[NA] iter=00005 eval=01919 misfit=5.757455e-01 best=5.649805e-01
[NA] iter=00005 eval=01920 misfit=5.708198e-01 best=5.649805e-01
[NA] iter=00005 eval=01921 misfit=5.702601e-01 best=5.649805e-01
[NA] iter=00005 eval=01922 misfit=5.816858e-01 best=5.649805e-01
[NA] iter=00005 eval=01923 misfit=5.766118e-01 best=5.649805e-01
[NA] iter=00005 eval=01924 misfit=5.711506e-01 best=5.649805e-01
[NA] iter=00005 eval=01925 misfit=5.717643e-01 best=5.649805e-01
[NA] iter=00005 eval=01926 misfit=5.823655e-01 best=5.649805e-01
[NA] iter=00005 eval=01927 misfit=5.832718e-01 best=5.649805e-01
[NA] iter=00005 eval=01928 misfit=5.848103e-01 best=5.649805e-01
[NA] iter=00005 eval=01929 misfit=5.776838e-01 best=5.649805e-01
[NA] iter=00005 eval=01930 misfit=5.703832e-01 best=5.649805e-01
[NA] iter=00005 eval=01931 misfit=5.737966e-01 best=5.649805e-01
[NA] iter=00005 eval=01932 misfit=5.735495e-01 best=5.649805e-01
[NA] iter=00005 eval=01933 misfit=5.746034e-01 best=5.649805e-01
[NA] iter=00005 eval=01934 misfit=5.796643e-01 best=5.649805e-01
[NA] iter=00005 eval=01935 misfit=5.752010e-01 best=5.649805e-01
[NA] iter=00005 eval=01936 misfit=5.725826e-01 best=5.649805e-01
[NA] iter=00005 eval=01937 misfit=5.760096e-01 best=5.649805e-01
[NA] iter=00005 eval=01938 misfit=5.751174e-01 best=5.649805e-01
[NA] iter=00005 eval=01939 misfit=5.751037e-01 best=5.649805e-01
[NA] iter=00005 eval=01940 misfit=5.753550e-01 best=5.649805e-01
[NA] iter=00005 eval=01941 misfit=6.097382e-01 best=5.649805e-01
[NA] iter=00005 eval=01942 misfit=5.858073e-01 best=5.649805e-01
[NA] iter=00005 eval=01943 misfit=5.989586e-01 best=5.649805e-01
[NA] iter=00005 eval=01944 misfit=6.035450e-01 best=5.649805e-01
[NA] iter=00005 eval=01945 misfit=5.775252e-01 best=5.649805e-01
[NA] iter=00005 eval=01946 misfit=5.816251e-01 best=5.649805e-01
[NA] iter=00005 eval=01947 misfit=5.855934e-01 best=5.649805e-01
[NA] iter=00005 eval=01948 misfit=5.962389e-01 best=5.649805e-01
[NA] iter=00005 eval=01949 misfit=5.906026e-01 best=5.649805e-01
[NA] iter=00005 eval=01950 misfit=5.874792e-01 best=5.649805e-01
[NA] iter=00005 eval=01951 misfit=5.782228e-01 best=5.649805e-01
[NA] iter=00005 eval=01952 misfit=5.718000e-01 best=5.649805e-01
[NA] iter=00005 eval=01953 misfit=5.825212e-01 best=5.649805e-01
[NA] iter=00005 eval=01954 misfit=5.767598e-01 best=5.649805e-01
[NA] iter=00005 eval=01955 misfit=5.752302e-01 best=5.649805e-01
[NA] iter=00005 eval=01956 misfit=5.805973e-01 best=5.649805e-01
[NA] iter=00005 eval=01957 misfit=5.766843e-01 best=5.649805e-01
[NA] iter=00005 eval=01958 misfit=5.817396e-01 best=5.649805e-01
[NA] iter=00005 eval=01959 misfit=5.756241e-01 best=5.649805e-01
[NA] iter=00005 eval=01960 misfit=5.817351e-01 best=5.649805e-01
[NA] iter=00005 eval=01961 misfit=5.720376e-01 best=5.649805e-01
[NA] iter=00005 eval=01962 misfit=5.745605e-01 best=5.649805e-01
[NA] iter=00005 eval=01963 misfit=5.743096e-01 best=5.649805e-01
[NA] iter=00005 eval=01964 misfit=5.807703e-01 best=5.649805e-01
[NA] iter=00005 eval=01965 misfit=5.727671e-01 best=5.649805e-01
[NA] iter=00005 eval=01966 misfit=5.718501e-01 best=5.649805e-01
[NA] iter=00005 eval=01967 misfit=5.730205e-01 best=5.649805e-01
[NA] iter=00005 eval=01968 misfit=5.818937e-01 best=5.649805e-01
[NA] iter=00005 eval=01969 misfit=5.731218e-01 best=5.649805e-01
[NA] iter=00005 eval=01970 misfit=5.748343e-01 best=5.649805e-01
[NA] iter=00005 eval=01971 misfit=5.850998e-01 best=5.649805e-01
[NA] iter=00005 eval=01972 misfit=5.811867e-01 best=5.649805e-01
[NA] iter=00005 eval=01973 misfit=5.726161e-01 best=5.649805e-01
[NA] iter=00005 eval=01974 misfit=5.716468e-01 best=5.649805e-01
[NA] iter=00005 eval=01975 misfit=5.864311e-01 best=5.649805e-01
[NA] iter=00005 eval=01976 misfit=5.754324e-01 best=5.649805e-01
[NA] iter=00005 eval=01977 misfit=5.743016e-01 best=5.649805e-01
[NA] iter=00005 eval=01978 misfit=5.858097e-01 best=5.649805e-01
[NA] iter=00005 eval=01979 misfit=5.934445e-01 best=5.649805e-01
[NA] iter=00005 eval=01980 misfit=5.708362e-01 best=5.649805e-01
[NA] iter=00005 eval=01981 misfit=5.739260e-01 best=5.649805e-01
[NA] iter=00005 eval=01982 misfit=5.720006e-01 best=5.649805e-01
[NA] iter=00005 eval=01983 misfit=5.754606e-01 best=5.649805e-01
[NA] iter=00005 eval=01984 misfit=5.756127e-01 best=5.649805e-01
[NA] iter=00005 eval=01985 misfit=5.743955e-01 best=5.649805e-01
[NA] iter=00005 eval=01986 misfit=5.759179e-01 best=5.649805e-01
[NA] iter=00005 eval=01987 misfit=5.721619e-01 best=5.649805e-01
[NA] iter=00005 eval=01988 misfit=5.753653e-01 best=5.649805e-01
[NA] iter=00005 eval=01989 misfit=5.873411e-01 best=5.649805e-01
[NA] iter=00005 eval=01990 misfit=5.717093e-01 best=5.649805e-01
[NA] iter=00005 eval=01991 misfit=5.819260e-01 best=5.649805e-01
[NA] iter=00005 eval=01992 misfit=5.742943e-01 best=5.649805e-01
[NA] iter=00005 eval=01993 misfit=5.774818e-01 best=5.649805e-01
[NA] iter=00005 eval=01994 misfit=5.822725e-01 best=5.649805e-01
[NA] iter=00005 eval=01995 misfit=5.797051e-01 best=5.649805e-01
[NA] iter=00005 eval=01996 misfit=5.742988e-01 best=5.649805e-01
[NA] iter=00005 eval=01997 misfit=5.766429e-01 best=5.649805e-01
[NA] iter=00005 eval=01998 misfit=5.760684e-01 best=5.649805e-01
[NA] iter=00005 eval=01999 misfit=5.799638e-01 best=5.649805e-01
[NA] iter=00005 eval=02000 misfit=5.781088e-01 best=5.649805e-01
NAI - Optimisation Loop:  17%|█▋        | 5/30 [10:18<51:40, 124.02s/it][NA] iter=00006 eval=02001 misfit=5.732903e-01 best=5.649805e-01
[NA] iter=00006 eval=02002 misfit=5.661737e-01 best=5.649805e-01
[NA] iter=00006 eval=02003 misfit=5.821821e-01 best=5.649805e-01
[NA] iter=00006 eval=02004 misfit=5.673826e-01 best=5.649805e-01
[NA] iter=00006 eval=02005 misfit=5.670435e-01 best=5.649805e-01
[NA] iter=00006 eval=02006 misfit=5.759613e-01 best=5.649805e-01
[NA] iter=00006 eval=02007 misfit=5.680508e-01 best=5.649805e-01
[NA] iter=00006 eval=02008 misfit=5.651829e-01 best=5.649805e-01
[NA] iter=00006 eval=02009 misfit=5.815812e-01 best=5.649805e-01
[NA] iter=00006 eval=02010 misfit=5.725136e-01 best=5.649805e-01
[NA] iter=00006 eval=02011 misfit=6.010607e-01 best=5.649805e-01
[NA] iter=00006 eval=02012 misfit=5.935271e-01 best=5.649805e-01
[NA] iter=00006 eval=02013 misfit=5.673574e-01 best=5.649805e-01
[NA] iter=00006 eval=02014 misfit=6.106346e-01 best=5.649805e-01
[NA] iter=00006 eval=02015 misfit=5.670350e-01 best=5.649805e-01
[NA] iter=00006 eval=02016 misfit=5.963885e-01 best=5.649805e-01
[NA] iter=00006 eval=02017 misfit=5.704359e-01 best=5.649805e-01
[NA] iter=00006 eval=02018 misfit=6.058199e-01 best=5.649805e-01
[NA] iter=00006 eval=02019 misfit=5.667074e-01 best=5.649805e-01
[NA] iter=00006 eval=02020 misfit=5.715225e-01 best=5.649805e-01
[NA] iter=00006 eval=02021 misfit=5.677749e-01 best=5.649805e-01
[NA] iter=00006 eval=02022 misfit=5.742124e-01 best=5.649805e-01
[NA] iter=00006 eval=02023 misfit=5.977775e-01 best=5.649805e-01
[NA] iter=00006 eval=02024 misfit=5.732388e-01 best=5.649805e-01
[NA] iter=00006 eval=02025 misfit=5.741783e-01 best=5.649805e-01
[NA] iter=00006 eval=02026 misfit=5.706454e-01 best=5.649805e-01
[NA] iter=00006 eval=02027 misfit=5.718509e-01 best=5.649805e-01
[NA] iter=00006 eval=02028 misfit=5.725348e-01 best=5.649805e-01
[NA] iter=00006 eval=02029 misfit=5.667488e-01 best=5.649805e-01
[NA] iter=00006 eval=02030 misfit=5.721349e-01 best=5.649805e-01
[NA] iter=00006 eval=02031 misfit=5.687948e-01 best=5.649805e-01
[NA] iter=00006 eval=02032 misfit=5.701388e-01 best=5.649805e-01
[NA] iter=00006 eval=02033 misfit=5.702223e-01 best=5.649805e-01
[NA] iter=00006 eval=02034 misfit=5.734090e-01 best=5.649805e-01
[NA] iter=00006 eval=02035 misfit=5.676086e-01 best=5.649805e-01
[NA] iter=00006 eval=02036 misfit=5.751520e-01 best=5.649805e-01
[NA] iter=00006 eval=02037 misfit=5.774216e-01 best=5.649805e-01
[NA] iter=00006 eval=02038 misfit=5.788231e-01 best=5.649805e-01
[NA] iter=00006 eval=02039 misfit=5.710093e-01 best=5.649805e-01
[NA] iter=00006 eval=02040 misfit=5.673236e-01 best=5.649805e-01
[NA] iter=00006 eval=02041 misfit=5.690220e-01 best=5.649805e-01
[NA] iter=00006 eval=02042 misfit=5.695318e-01 best=5.649805e-01
[NA] iter=00006 eval=02043 misfit=5.732469e-01 best=5.649805e-01
[NA] iter=00006 eval=02044 misfit=5.723118e-01 best=5.649805e-01
[NA] iter=00006 eval=02045 misfit=5.726308e-01 best=5.649805e-01
[NA] iter=00006 eval=02046 misfit=5.690318e-01 best=5.649805e-01
[NA] iter=00006 eval=02047 misfit=5.705957e-01 best=5.649805e-01
[NA] iter=00006 eval=02048 misfit=5.685500e-01 best=5.649805e-01
[NA] iter=00006 eval=02049 misfit=5.711331e-01 best=5.649805e-01
[NA] iter=00006 eval=02050 misfit=5.739259e-01 best=5.649805e-01
[NA] iter=00006 eval=02051 misfit=5.749677e-01 best=5.649805e-01
[NA] iter=00006 eval=02052 misfit=5.857925e-01 best=5.649805e-01
[NA] iter=00006 eval=02053 misfit=5.681407e-01 best=5.649805e-01
[NA] iter=00006 eval=02054 misfit=5.655483e-01 best=5.649805e-01
[NA] iter=00006 eval=02055 misfit=5.796296e-01 best=5.649805e-01
[NA] iter=00006 eval=02056 misfit=6.023284e-01 best=5.649805e-01
[NA] iter=00006 eval=02057 misfit=5.756056e-01 best=5.649805e-01
[NA] iter=00006 eval=02058 misfit=5.825817e-01 best=5.649805e-01
[NA] iter=00006 eval=02059 misfit=5.659415e-01 best=5.649805e-01
[NA] iter=00006 eval=02060 misfit=5.731730e-01 best=5.649805e-01
[NA] iter=00006 eval=02061 misfit=5.784856e-01 best=5.649805e-01
[NA] iter=00006 eval=02062 misfit=5.820380e-01 best=5.649805e-01
[NA] iter=00006 eval=02063 misfit=5.781330e-01 best=5.649805e-01
[NA] iter=00006 eval=02064 misfit=5.660092e-01 best=5.649805e-01
[NA] iter=00006 eval=02065 misfit=5.748572e-01 best=5.649805e-01
[NA] iter=00006 eval=02066 misfit=5.777407e-01 best=5.649805e-01
[NA] iter=00006 eval=02067 misfit=5.665069e-01 best=5.649805e-01
[NA] iter=00006 eval=02068 misfit=5.652754e-01 best=5.649805e-01
[NA] iter=00006 eval=02069 misfit=5.782653e-01 best=5.649805e-01
[NA] iter=00006 eval=02070 misfit=5.678918e-01 best=5.649805e-01
[NA] iter=00006 eval=02071 misfit=5.637159e-01 best=5.637159e-01
[NA] iter=00006 eval=02072 misfit=5.857359e-01 best=5.637159e-01
[NA] iter=00006 eval=02073 misfit=5.645416e-01 best=5.637159e-01
[NA] iter=00006 eval=02074 misfit=5.644376e-01 best=5.637159e-01
[NA] iter=00006 eval=02075 misfit=5.665712e-01 best=5.637159e-01
[NA] iter=00006 eval=02076 misfit=5.706261e-01 best=5.637159e-01
[NA] iter=00006 eval=02077 misfit=5.665649e-01 best=5.637159e-01
[NA] iter=00006 eval=02078 misfit=5.720491e-01 best=5.637159e-01
[NA] iter=00006 eval=02079 misfit=5.636411e-01 best=5.636411e-01
[NA] iter=00006 eval=02080 misfit=5.701598e-01 best=5.636411e-01
[NA] iter=00006 eval=02081 misfit=5.804035e-01 best=5.636411e-01
[NA] iter=00006 eval=02082 misfit=5.771450e-01 best=5.636411e-01
[NA] iter=00006 eval=02083 misfit=5.737155e-01 best=5.636411e-01
[NA] iter=00006 eval=02084 misfit=5.768736e-01 best=5.636411e-01
[NA] iter=00006 eval=02085 misfit=5.785126e-01 best=5.636411e-01
[NA] iter=00006 eval=02086 misfit=5.803723e-01 best=5.636411e-01
[NA] iter=00006 eval=02087 misfit=5.797894e-01 best=5.636411e-01
[NA] iter=00006 eval=02088 misfit=5.738387e-01 best=5.636411e-01
[NA] iter=00006 eval=02089 misfit=5.733034e-01 best=5.636411e-01
[NA] iter=00006 eval=02090 misfit=5.860891e-01 best=5.636411e-01
[NA] iter=00006 eval=02091 misfit=5.824009e-01 best=5.636411e-01
[NA] iter=00006 eval=02092 misfit=5.966497e-01 best=5.636411e-01
[NA] iter=00006 eval=02093 misfit=5.708970e-01 best=5.636411e-01
[NA] iter=00006 eval=02094 misfit=5.934202e-01 best=5.636411e-01
[NA] iter=00006 eval=02095 misfit=5.755710e-01 best=5.636411e-01
[NA] iter=00006 eval=02096 misfit=5.798367e-01 best=5.636411e-01
[NA] iter=00006 eval=02097 misfit=5.656887e-01 best=5.636411e-01
[NA] iter=00006 eval=02098 misfit=6.035480e-01 best=5.636411e-01
[NA] iter=00006 eval=02099 misfit=5.831347e-01 best=5.636411e-01
[NA] iter=00006 eval=02100 misfit=5.701249e-01 best=5.636411e-01
[NA] iter=00006 eval=02101 misfit=5.811174e-01 best=5.636411e-01
[NA] iter=00006 eval=02102 misfit=5.917776e-01 best=5.636411e-01
[NA] iter=00006 eval=02103 misfit=5.785070e-01 best=5.636411e-01
[NA] iter=00006 eval=02104 misfit=5.699681e-01 best=5.636411e-01
[NA] iter=00006 eval=02105 misfit=5.678974e-01 best=5.636411e-01
[NA] iter=00006 eval=02106 misfit=5.790904e-01 best=5.636411e-01
[NA] iter=00006 eval=02107 misfit=5.868364e-01 best=5.636411e-01
[NA] iter=00006 eval=02108 misfit=5.697241e-01 best=5.636411e-01
[NA] iter=00006 eval=02109 misfit=5.865099e-01 best=5.636411e-01
[NA] iter=00006 eval=02110 misfit=5.864965e-01 best=5.636411e-01
[NA] iter=00006 eval=02111 misfit=5.657427e-01 best=5.636411e-01
[NA] iter=00006 eval=02112 misfit=5.642481e-01 best=5.636411e-01
[NA] iter=00006 eval=02113 misfit=5.646037e-01 best=5.636411e-01
[NA] iter=00006 eval=02114 misfit=5.694997e-01 best=5.636411e-01
[NA] iter=00006 eval=02115 misfit=5.638932e-01 best=5.636411e-01
[NA] iter=00006 eval=02116 misfit=5.851440e-01 best=5.636411e-01
[NA] iter=00006 eval=02117 misfit=5.964896e-01 best=5.636411e-01
[NA] iter=00006 eval=02118 misfit=5.875976e-01 best=5.636411e-01
[NA] iter=00006 eval=02119 misfit=5.668147e-01 best=5.636411e-01
[NA] iter=00006 eval=02120 misfit=5.690696e-01 best=5.636411e-01
[NA] iter=00006 eval=02121 misfit=5.788704e-01 best=5.636411e-01
[NA] iter=00006 eval=02122 misfit=5.734953e-01 best=5.636411e-01
[NA] iter=00006 eval=02123 misfit=5.802308e-01 best=5.636411e-01
[NA] iter=00006 eval=02124 misfit=5.738769e-01 best=5.636411e-01
[NA] iter=00006 eval=02125 misfit=5.675288e-01 best=5.636411e-01
[NA] iter=00006 eval=02126 misfit=5.757069e-01 best=5.636411e-01
[NA] iter=00006 eval=02127 misfit=5.751395e-01 best=5.636411e-01
[NA] iter=00006 eval=02128 misfit=5.814201e-01 best=5.636411e-01
[NA] iter=00006 eval=02129 misfit=5.725686e-01 best=5.636411e-01
[NA] iter=00006 eval=02130 misfit=5.718418e-01 best=5.636411e-01
[NA] iter=00006 eval=02131 misfit=5.714689e-01 best=5.636411e-01
[NA] iter=00006 eval=02132 misfit=5.706488e-01 best=5.636411e-01
[NA] iter=00006 eval=02133 misfit=5.677776e-01 best=5.636411e-01
[NA] iter=00006 eval=02134 misfit=5.676491e-01 best=5.636411e-01
[NA] iter=00006 eval=02135 misfit=5.706322e-01 best=5.636411e-01
[NA] iter=00006 eval=02136 misfit=5.691084e-01 best=5.636411e-01
[NA] iter=00006 eval=02137 misfit=5.690655e-01 best=5.636411e-01
[NA] iter=00006 eval=02138 misfit=5.691631e-01 best=5.636411e-01
[NA] iter=00006 eval=02139 misfit=5.701632e-01 best=5.636411e-01
[NA] iter=00006 eval=02140 misfit=5.673405e-01 best=5.636411e-01
[NA] iter=00006 eval=02141 misfit=5.704737e-01 best=5.636411e-01
[NA] iter=00006 eval=02142 misfit=5.713244e-01 best=5.636411e-01
[NA] iter=00006 eval=02143 misfit=5.850013e-01 best=5.636411e-01
[NA] iter=00006 eval=02144 misfit=5.681135e-01 best=5.636411e-01
[NA] iter=00006 eval=02145 misfit=5.668274e-01 best=5.636411e-01
[NA] iter=00006 eval=02146 misfit=5.848643e-01 best=5.636411e-01
[NA] iter=00006 eval=02147 misfit=5.704762e-01 best=5.636411e-01
[NA] iter=00006 eval=02148 misfit=5.705837e-01 best=5.636411e-01
[NA] iter=00006 eval=02149 misfit=5.829980e-01 best=5.636411e-01
[NA] iter=00006 eval=02150 misfit=6.113361e-01 best=5.636411e-01
[NA] iter=00006 eval=02151 misfit=5.686567e-01 best=5.636411e-01
[NA] iter=00006 eval=02152 misfit=5.719144e-01 best=5.636411e-01
[NA] iter=00006 eval=02153 misfit=5.658354e-01 best=5.636411e-01
[NA] iter=00006 eval=02154 misfit=5.636457e-01 best=5.636411e-01
[NA] iter=00006 eval=02155 misfit=5.652072e-01 best=5.636411e-01
[NA] iter=00006 eval=02156 misfit=5.651820e-01 best=5.636411e-01
[NA] iter=00006 eval=02157 misfit=5.635691e-01 best=5.635691e-01
[NA] iter=00006 eval=02158 misfit=5.643500e-01 best=5.635691e-01
[NA] iter=00006 eval=02159 misfit=5.662714e-01 best=5.635691e-01
[NA] iter=00006 eval=02160 misfit=5.649074e-01 best=5.635691e-01
[NA] iter=00006 eval=02161 misfit=5.816054e-01 best=5.635691e-01
[NA] iter=00006 eval=02162 misfit=5.760764e-01 best=5.635691e-01
[NA] iter=00006 eval=02163 misfit=5.754612e-01 best=5.635691e-01
[NA] iter=00006 eval=02164 misfit=5.904736e-01 best=5.635691e-01
[NA] iter=00006 eval=02165 misfit=5.758613e-01 best=5.635691e-01
[NA] iter=00006 eval=02166 misfit=5.725376e-01 best=5.635691e-01
[NA] iter=00006 eval=02167 misfit=5.868906e-01 best=5.635691e-01
[NA] iter=00006 eval=02168 misfit=5.864536e-01 best=5.635691e-01
[NA] iter=00006 eval=02169 misfit=5.716966e-01 best=5.635691e-01
[NA] iter=00006 eval=02170 misfit=5.701278e-01 best=5.635691e-01
[NA] iter=00006 eval=02171 misfit=5.757738e-01 best=5.635691e-01
[NA] iter=00006 eval=02172 misfit=5.691901e-01 best=5.635691e-01
[NA] iter=00006 eval=02173 misfit=5.750054e-01 best=5.635691e-01
[NA] iter=00006 eval=02174 misfit=5.809912e-01 best=5.635691e-01
[NA] iter=00006 eval=02175 misfit=5.824345e-01 best=5.635691e-01
[NA] iter=00006 eval=02176 misfit=5.785583e-01 best=5.635691e-01
[NA] iter=00006 eval=02177 misfit=5.872806e-01 best=5.635691e-01
[NA] iter=00006 eval=02178 misfit=5.805983e-01 best=5.635691e-01
[NA] iter=00006 eval=02179 misfit=5.731864e-01 best=5.635691e-01
[NA] iter=00006 eval=02180 misfit=5.874018e-01 best=5.635691e-01
[NA] iter=00006 eval=02181 misfit=5.778622e-01 best=5.635691e-01
[NA] iter=00006 eval=02182 misfit=5.713532e-01 best=5.635691e-01
[NA] iter=00006 eval=02183 misfit=5.780095e-01 best=5.635691e-01
[NA] iter=00006 eval=02184 misfit=5.679101e-01 best=5.635691e-01
[NA] iter=00006 eval=02185 misfit=5.754771e-01 best=5.635691e-01
[NA] iter=00006 eval=02186 misfit=5.950777e-01 best=5.635691e-01
[NA] iter=00006 eval=02187 misfit=5.730241e-01 best=5.635691e-01
[NA] iter=00006 eval=02188 misfit=5.709651e-01 best=5.635691e-01
[NA] iter=00006 eval=02189 misfit=5.697594e-01 best=5.635691e-01
[NA] iter=00006 eval=02190 misfit=5.737988e-01 best=5.635691e-01
[NA] iter=00006 eval=02191 misfit=5.683101e-01 best=5.635691e-01
[NA] iter=00006 eval=02192 misfit=5.684165e-01 best=5.635691e-01
[NA] iter=00006 eval=02193 misfit=5.687748e-01 best=5.635691e-01
[NA] iter=00006 eval=02194 misfit=5.782969e-01 best=5.635691e-01
[NA] iter=00006 eval=02195 misfit=5.766589e-01 best=5.635691e-01
[NA] iter=00006 eval=02196 misfit=5.965165e-01 best=5.635691e-01
[NA] iter=00006 eval=02197 misfit=6.003226e-01 best=5.635691e-01
[NA] iter=00006 eval=02198 misfit=5.709008e-01 best=5.635691e-01
[NA] iter=00006 eval=02199 misfit=5.919323e-01 best=5.635691e-01
[NA] iter=00006 eval=02200 misfit=5.657181e-01 best=5.635691e-01
NAI - Optimisation Loop:  20%|██        | 6/30 [12:19<49:14, 123.09s/it][NA] iter=00007 eval=02201 misfit=5.640502e-01 best=5.635691e-01
[NA] iter=00007 eval=02202 misfit=5.655477e-01 best=5.635691e-01
[NA] iter=00007 eval=02203 misfit=5.657755e-01 best=5.635691e-01
[NA] iter=00007 eval=02204 misfit=5.688319e-01 best=5.635691e-01
[NA] iter=00007 eval=02205 misfit=5.691160e-01 best=5.635691e-01
[NA] iter=00007 eval=02206 misfit=5.643146e-01 best=5.635691e-01
[NA] iter=00007 eval=02207 misfit=5.760594e-01 best=5.635691e-01
[NA] iter=00007 eval=02208 misfit=5.648256e-01 best=5.635691e-01
[NA] iter=00007 eval=02209 misfit=5.637875e-01 best=5.635691e-01
[NA] iter=00007 eval=02210 misfit=5.641544e-01 best=5.635691e-01
[NA] iter=00007 eval=02211 misfit=5.636951e-01 best=5.635691e-01
[NA] iter=00007 eval=02212 misfit=5.734441e-01 best=5.635691e-01
[NA] iter=00007 eval=02213 misfit=5.835925e-01 best=5.635691e-01
[NA] iter=00007 eval=02214 misfit=5.658450e-01 best=5.635691e-01
[NA] iter=00007 eval=02215 misfit=5.666614e-01 best=5.635691e-01
[NA] iter=00007 eval=02216 misfit=6.006698e-01 best=5.635691e-01
[NA] iter=00007 eval=02217 misfit=5.700754e-01 best=5.635691e-01
[NA] iter=00007 eval=02218 misfit=5.644209e-01 best=5.635691e-01
[NA] iter=00007 eval=02219 misfit=5.805019e-01 best=5.635691e-01
[NA] iter=00007 eval=02220 misfit=5.634094e-01 best=5.634094e-01
[NA] iter=00007 eval=02221 misfit=5.661724e-01 best=5.634094e-01
[NA] iter=00007 eval=02222 misfit=5.662979e-01 best=5.634094e-01
[NA] iter=00007 eval=02223 misfit=5.751275e-01 best=5.634094e-01
[NA] iter=00007 eval=02224 misfit=5.645527e-01 best=5.634094e-01
[NA] iter=00007 eval=02225 misfit=5.736954e-01 best=5.634094e-01
[NA] iter=00007 eval=02226 misfit=5.769231e-01 best=5.634094e-01
[NA] iter=00007 eval=02227 misfit=5.730190e-01 best=5.634094e-01
[NA] iter=00007 eval=02228 misfit=5.645785e-01 best=5.634094e-01
[NA] iter=00007 eval=02229 misfit=5.648374e-01 best=5.634094e-01
[NA] iter=00007 eval=02230 misfit=5.691648e-01 best=5.634094e-01
[NA] iter=00007 eval=02231 misfit=5.685078e-01 best=5.634094e-01
[NA] iter=00007 eval=02232 misfit=5.649503e-01 best=5.634094e-01
[NA] iter=00007 eval=02233 misfit=5.687737e-01 best=5.634094e-01
[NA] iter=00007 eval=02234 misfit=5.640386e-01 best=5.634094e-01
[NA] iter=00007 eval=02235 misfit=5.695372e-01 best=5.634094e-01
[NA] iter=00007 eval=02236 misfit=5.637032e-01 best=5.634094e-01
[NA] iter=00007 eval=02237 misfit=5.633135e-01 best=5.633135e-01
[NA] iter=00007 eval=02238 misfit=5.673195e-01 best=5.633135e-01
[NA] iter=00007 eval=02239 misfit=5.720061e-01 best=5.633135e-01
[NA] iter=00007 eval=02240 misfit=5.655440e-01 best=5.633135e-01
[NA] iter=00007 eval=02241 misfit=5.719763e-01 best=5.633135e-01
[NA] iter=00007 eval=02242 misfit=5.766218e-01 best=5.633135e-01
[NA] iter=00007 eval=02243 misfit=5.791972e-01 best=5.633135e-01
[NA] iter=00007 eval=02244 misfit=5.631711e-01 best=5.631711e-01
[NA] iter=00007 eval=02245 misfit=5.629985e-01 best=5.629985e-01
[NA] iter=00007 eval=02246 misfit=5.641440e-01 best=5.629985e-01
[NA] iter=00007 eval=02247 misfit=5.646633e-01 best=5.629985e-01
[NA] iter=00007 eval=02248 misfit=5.710598e-01 best=5.629985e-01
[NA] iter=00007 eval=02249 misfit=5.681539e-01 best=5.629985e-01
[NA] iter=00007 eval=02250 misfit=5.619407e-01 best=5.619407e-01
[NA] iter=00007 eval=02251 misfit=5.682617e-01 best=5.619407e-01
[NA] iter=00007 eval=02252 misfit=5.662608e-01 best=5.619407e-01
[NA] iter=00007 eval=02253 misfit=5.667063e-01 best=5.619407e-01
[NA] iter=00007 eval=02254 misfit=5.701930e-01 best=5.619407e-01
[NA] iter=00007 eval=02255 misfit=5.653918e-01 best=5.619407e-01
[NA] iter=00007 eval=02256 misfit=5.661320e-01 best=5.619407e-01
[NA] iter=00007 eval=02257 misfit=5.655856e-01 best=5.619407e-01
[NA] iter=00007 eval=02258 misfit=5.682077e-01 best=5.619407e-01
[NA] iter=00007 eval=02259 misfit=5.707184e-01 best=5.619407e-01
[NA] iter=00007 eval=02260 misfit=5.648574e-01 best=5.619407e-01
[NA] iter=00007 eval=02261 misfit=5.654687e-01 best=5.619407e-01
[NA] iter=00007 eval=02262 misfit=5.652914e-01 best=5.619407e-01
[NA] iter=00007 eval=02263 misfit=5.635933e-01 best=5.619407e-01
[NA] iter=00007 eval=02264 misfit=5.664529e-01 best=5.619407e-01
[NA] iter=00007 eval=02265 misfit=5.638182e-01 best=5.619407e-01
[NA] iter=00007 eval=02266 misfit=5.642269e-01 best=5.619407e-01
[NA] iter=00007 eval=02267 misfit=5.629795e-01 best=5.619407e-01
[NA] iter=00007 eval=02268 misfit=5.643020e-01 best=5.619407e-01
[NA] iter=00007 eval=02269 misfit=5.641932e-01 best=5.619407e-01
[NA] iter=00007 eval=02270 misfit=5.630231e-01 best=5.619407e-01
[NA] iter=00007 eval=02271 misfit=5.882932e-01 best=5.619407e-01
[NA] iter=00007 eval=02272 misfit=6.111376e-01 best=5.619407e-01
[NA] iter=00007 eval=02273 misfit=5.641845e-01 best=5.619407e-01
[NA] iter=00007 eval=02274 misfit=5.653865e-01 best=5.619407e-01
[NA] iter=00007 eval=02275 misfit=5.661908e-01 best=5.619407e-01
[NA] iter=00007 eval=02276 misfit=6.018615e-01 best=5.619407e-01
[NA] iter=00007 eval=02277 misfit=6.026390e-01 best=5.619407e-01
[NA] iter=00007 eval=02278 misfit=5.887723e-01 best=5.619407e-01
[NA] iter=00007 eval=02279 misfit=5.655271e-01 best=5.619407e-01
[NA] iter=00007 eval=02280 misfit=5.676262e-01 best=5.619407e-01
[NA] iter=00007 eval=02281 misfit=5.641438e-01 best=5.619407e-01
[NA] iter=00007 eval=02282 misfit=5.664777e-01 best=5.619407e-01
[NA] iter=00007 eval=02283 misfit=5.705044e-01 best=5.619407e-01
[NA] iter=00007 eval=02284 misfit=5.829866e-01 best=5.619407e-01
[NA] iter=00007 eval=02285 misfit=5.651212e-01 best=5.619407e-01
[NA] iter=00007 eval=02286 misfit=5.737194e-01 best=5.619407e-01
[NA] iter=00007 eval=02287 misfit=5.640984e-01 best=5.619407e-01
[NA] iter=00007 eval=02288 misfit=5.670530e-01 best=5.619407e-01
[NA] iter=00007 eval=02289 misfit=5.667566e-01 best=5.619407e-01
[NA] iter=00007 eval=02290 misfit=5.741596e-01 best=5.619407e-01
[NA] iter=00007 eval=02291 misfit=5.636362e-01 best=5.619407e-01
[NA] iter=00007 eval=02292 misfit=5.692301e-01 best=5.619407e-01
[NA] iter=00007 eval=02293 misfit=5.648166e-01 best=5.619407e-01
[NA] iter=00007 eval=02294 misfit=5.682145e-01 best=5.619407e-01
[NA] iter=00007 eval=02295 misfit=5.650580e-01 best=5.619407e-01
[NA] iter=00007 eval=02296 misfit=5.662101e-01 best=5.619407e-01
[NA] iter=00007 eval=02297 misfit=5.690904e-01 best=5.619407e-01
[NA] iter=00007 eval=02298 misfit=5.643874e-01 best=5.619407e-01
[NA] iter=00007 eval=02299 misfit=5.655194e-01 best=5.619407e-01
[NA] iter=00007 eval=02300 misfit=5.693649e-01 best=5.619407e-01
[NA] iter=00007 eval=02301 misfit=5.649447e-01 best=5.619407e-01
[NA] iter=00007 eval=02302 misfit=5.676153e-01 best=5.619407e-01
[NA] iter=00007 eval=02303 misfit=5.689833e-01 best=5.619407e-01
[NA] iter=00007 eval=02304 misfit=5.638324e-01 best=5.619407e-01
[NA] iter=00007 eval=02305 misfit=5.681619e-01 best=5.619407e-01
[NA] iter=00007 eval=02306 misfit=5.716238e-01 best=5.619407e-01
[NA] iter=00007 eval=02307 misfit=5.677386e-01 best=5.619407e-01
[NA] iter=00007 eval=02308 misfit=5.638063e-01 best=5.619407e-01
[NA] iter=00007 eval=02309 misfit=5.668044e-01 best=5.619407e-01
[NA] iter=00007 eval=02310 misfit=5.659130e-01 best=5.619407e-01
[NA] iter=00007 eval=02311 misfit=5.688241e-01 best=5.619407e-01
[NA] iter=00007 eval=02312 misfit=5.681324e-01 best=5.619407e-01
[NA] iter=00007 eval=02313 misfit=5.704454e-01 best=5.619407e-01
[NA] iter=00007 eval=02314 misfit=5.724982e-01 best=5.619407e-01
[NA] iter=00007 eval=02315 misfit=5.719870e-01 best=5.619407e-01
[NA] iter=00007 eval=02316 misfit=5.690563e-01 best=5.619407e-01
[NA] iter=00007 eval=02317 misfit=5.669149e-01 best=5.619407e-01
[NA] iter=00007 eval=02318 misfit=5.723484e-01 best=5.619407e-01
[NA] iter=00007 eval=02319 misfit=5.702905e-01 best=5.619407e-01
[NA] iter=00007 eval=02320 misfit=5.726695e-01 best=5.619407e-01
[NA] iter=00007 eval=02321 misfit=5.660912e-01 best=5.619407e-01
[NA] iter=00007 eval=02322 misfit=5.762060e-01 best=5.619407e-01
[NA] iter=00007 eval=02323 misfit=5.748500e-01 best=5.619407e-01
[NA] iter=00007 eval=02324 misfit=5.682334e-01 best=5.619407e-01
[NA] iter=00007 eval=02325 misfit=5.637031e-01 best=5.619407e-01
[NA] iter=00007 eval=02326 misfit=5.681140e-01 best=5.619407e-01
[NA] iter=00007 eval=02327 misfit=5.665088e-01 best=5.619407e-01
[NA] iter=00007 eval=02328 misfit=5.641826e-01 best=5.619407e-01
[NA] iter=00007 eval=02329 misfit=5.694194e-01 best=5.619407e-01
[NA] iter=00007 eval=02330 misfit=5.707963e-01 best=5.619407e-01
[NA] iter=00007 eval=02331 misfit=5.639592e-01 best=5.619407e-01
[NA] iter=00007 eval=02332 misfit=5.711226e-01 best=5.619407e-01
[NA] iter=00007 eval=02333 misfit=5.810269e-01 best=5.619407e-01
[NA] iter=00007 eval=02334 misfit=5.662991e-01 best=5.619407e-01
[NA] iter=00007 eval=02335 misfit=5.686491e-01 best=5.619407e-01
[NA] iter=00007 eval=02336 misfit=5.675481e-01 best=5.619407e-01
[NA] iter=00007 eval=02337 misfit=5.752171e-01 best=5.619407e-01
[NA] iter=00007 eval=02338 misfit=5.683516e-01 best=5.619407e-01
[NA] iter=00007 eval=02339 misfit=5.814268e-01 best=5.619407e-01
[NA] iter=00007 eval=02340 misfit=5.768805e-01 best=5.619407e-01
[NA] iter=00007 eval=02341 misfit=5.660088e-01 best=5.619407e-01
[NA] iter=00007 eval=02342 misfit=5.672170e-01 best=5.619407e-01
[NA] iter=00007 eval=02343 misfit=5.648905e-01 best=5.619407e-01
[NA] iter=00007 eval=02344 misfit=5.645121e-01 best=5.619407e-01
[NA] iter=00007 eval=02345 misfit=5.693759e-01 best=5.619407e-01
[NA] iter=00007 eval=02346 misfit=5.658253e-01 best=5.619407e-01
[NA] iter=00007 eval=02347 misfit=5.699670e-01 best=5.619407e-01
[NA] iter=00007 eval=02348 misfit=5.664432e-01 best=5.619407e-01
[NA] iter=00007 eval=02349 misfit=5.674011e-01 best=5.619407e-01
[NA] iter=00007 eval=02350 misfit=5.668430e-01 best=5.619407e-01
[NA] iter=00007 eval=02351 misfit=5.660944e-01 best=5.619407e-01
[NA] iter=00007 eval=02352 misfit=5.681806e-01 best=5.619407e-01
[NA] iter=00007 eval=02353 misfit=5.721196e-01 best=5.619407e-01
[NA] iter=00007 eval=02354 misfit=5.707369e-01 best=5.619407e-01
[NA] iter=00007 eval=02355 misfit=5.724512e-01 best=5.619407e-01
[NA] iter=00007 eval=02356 misfit=5.700195e-01 best=5.619407e-01
[NA] iter=00007 eval=02357 misfit=5.762194e-01 best=5.619407e-01
[NA] iter=00007 eval=02358 misfit=5.702133e-01 best=5.619407e-01
[NA] iter=00007 eval=02359 misfit=5.681428e-01 best=5.619407e-01
[NA] iter=00007 eval=02360 misfit=5.734670e-01 best=5.619407e-01
[NA] iter=00007 eval=02361 misfit=5.652898e-01 best=5.619407e-01
[NA] iter=00007 eval=02362 misfit=5.659640e-01 best=5.619407e-01
[NA] iter=00007 eval=02363 misfit=5.642666e-01 best=5.619407e-01
[NA] iter=00007 eval=02364 misfit=5.667887e-01 best=5.619407e-01
[NA] iter=00007 eval=02365 misfit=5.653336e-01 best=5.619407e-01
[NA] iter=00007 eval=02366 misfit=5.696183e-01 best=5.619407e-01
[NA] iter=00007 eval=02367 misfit=5.665374e-01 best=5.619407e-01
[NA] iter=00007 eval=02368 misfit=5.655604e-01 best=5.619407e-01
[NA] iter=00007 eval=02369 misfit=5.663446e-01 best=5.619407e-01
[NA] iter=00007 eval=02370 misfit=5.672398e-01 best=5.619407e-01
[NA] iter=00007 eval=02371 misfit=5.641782e-01 best=5.619407e-01
[NA] iter=00007 eval=02372 misfit=5.676509e-01 best=5.619407e-01
[NA] iter=00007 eval=02373 misfit=5.645570e-01 best=5.619407e-01
[NA] iter=00007 eval=02374 misfit=5.704959e-01 best=5.619407e-01
[NA] iter=00007 eval=02375 misfit=5.677900e-01 best=5.619407e-01
[NA] iter=00007 eval=02376 misfit=5.638798e-01 best=5.619407e-01
[NA] iter=00007 eval=02377 misfit=5.639213e-01 best=5.619407e-01
[NA] iter=00007 eval=02378 misfit=5.658200e-01 best=5.619407e-01
[NA] iter=00007 eval=02379 misfit=5.640415e-01 best=5.619407e-01
[NA] iter=00007 eval=02380 misfit=5.681377e-01 best=5.619407e-01
[NA] iter=00007 eval=02381 misfit=5.689638e-01 best=5.619407e-01
[NA] iter=00007 eval=02382 misfit=5.711320e-01 best=5.619407e-01
[NA] iter=00007 eval=02383 misfit=5.693370e-01 best=5.619407e-01
[NA] iter=00007 eval=02384 misfit=5.741708e-01 best=5.619407e-01
[NA] iter=00007 eval=02385 misfit=5.674414e-01 best=5.619407e-01
[NA] iter=00007 eval=02386 misfit=5.726249e-01 best=5.619407e-01
[NA] iter=00007 eval=02387 misfit=5.742051e-01 best=5.619407e-01
[NA] iter=00007 eval=02388 misfit=5.705060e-01 best=5.619407e-01
[NA] iter=00007 eval=02389 misfit=5.695867e-01 best=5.619407e-01
[NA] iter=00007 eval=02390 misfit=5.755599e-01 best=5.619407e-01
[NA] iter=00007 eval=02391 misfit=5.648993e-01 best=5.619407e-01
[NA] iter=00007 eval=02392 misfit=5.646604e-01 best=5.619407e-01
[NA] iter=00007 eval=02393 misfit=5.673515e-01 best=5.619407e-01
[NA] iter=00007 eval=02394 misfit=5.657435e-01 best=5.619407e-01
[NA] iter=00007 eval=02395 misfit=5.663199e-01 best=5.619407e-01
[NA] iter=00007 eval=02396 misfit=5.651085e-01 best=5.619407e-01
[NA] iter=00007 eval=02397 misfit=5.683988e-01 best=5.619407e-01
[NA] iter=00007 eval=02398 misfit=5.665468e-01 best=5.619407e-01
[NA] iter=00007 eval=02399 misfit=5.652482e-01 best=5.619407e-01
[NA] iter=00007 eval=02400 misfit=5.659706e-01 best=5.619407e-01
NAI - Optimisation Loop:  23%|██▎       | 7/30 [14:22<47:04, 122.80s/it][NA] iter=00008 eval=02401 misfit=5.677875e-01 best=5.619407e-01
[NA] iter=00008 eval=02402 misfit=5.645604e-01 best=5.619407e-01
[NA] iter=00008 eval=02403 misfit=5.617261e-01 best=5.617261e-01
[NA] iter=00008 eval=02404 misfit=5.643667e-01 best=5.617261e-01
[NA] iter=00008 eval=02405 misfit=5.682113e-01 best=5.617261e-01
[NA] iter=00008 eval=02406 misfit=5.627791e-01 best=5.617261e-01
[NA] iter=00008 eval=02407 misfit=5.660688e-01 best=5.617261e-01
[NA] iter=00008 eval=02408 misfit=5.641491e-01 best=5.617261e-01
[NA] iter=00008 eval=02409 misfit=5.627413e-01 best=5.617261e-01
[NA] iter=00008 eval=02410 misfit=5.651353e-01 best=5.617261e-01
[NA] iter=00008 eval=02411 misfit=5.675895e-01 best=5.617261e-01
[NA] iter=00008 eval=02412 misfit=5.625880e-01 best=5.617261e-01
[NA] iter=00008 eval=02413 misfit=5.658740e-01 best=5.617261e-01
[NA] iter=00008 eval=02414 misfit=5.628368e-01 best=5.617261e-01
[NA] iter=00008 eval=02415 misfit=5.669907e-01 best=5.617261e-01
[NA] iter=00008 eval=02416 misfit=5.637003e-01 best=5.617261e-01
[NA] iter=00008 eval=02417 misfit=5.628398e-01 best=5.617261e-01
[NA] iter=00008 eval=02418 misfit=5.689132e-01 best=5.617261e-01
[NA] iter=00008 eval=02419 misfit=5.643137e-01 best=5.617261e-01
[NA] iter=00008 eval=02420 misfit=5.625527e-01 best=5.617261e-01
[NA] iter=00008 eval=02421 misfit=5.636550e-01 best=5.617261e-01
[NA] iter=00008 eval=02422 misfit=5.639587e-01 best=5.617261e-01
[NA] iter=00008 eval=02423 misfit=5.695519e-01 best=5.617261e-01
[NA] iter=00008 eval=02424 misfit=5.631579e-01 best=5.617261e-01
[NA] iter=00008 eval=02425 misfit=5.652971e-01 best=5.617261e-01
[NA] iter=00008 eval=02426 misfit=5.633513e-01 best=5.617261e-01
[NA] iter=00008 eval=02427 misfit=5.670663e-01 best=5.617261e-01
[NA] iter=00008 eval=02428 misfit=5.665535e-01 best=5.617261e-01
[NA] iter=00008 eval=02429 misfit=5.649796e-01 best=5.617261e-01
[NA] iter=00008 eval=02430 misfit=5.672815e-01 best=5.617261e-01
[NA] iter=00008 eval=02431 misfit=5.632126e-01 best=5.617261e-01
[NA] iter=00008 eval=02432 misfit=5.638990e-01 best=5.617261e-01
[NA] iter=00008 eval=02433 misfit=5.630579e-01 best=5.617261e-01
[NA] iter=00008 eval=02434 misfit=5.623111e-01 best=5.617261e-01
[NA] iter=00008 eval=02435 misfit=5.628666e-01 best=5.617261e-01
[NA] iter=00008 eval=02436 misfit=5.633035e-01 best=5.617261e-01
[NA] iter=00008 eval=02437 misfit=5.634640e-01 best=5.617261e-01
[NA] iter=00008 eval=02438 misfit=5.633809e-01 best=5.617261e-01
[NA] iter=00008 eval=02439 misfit=5.641670e-01 best=5.617261e-01
[NA] iter=00008 eval=02440 misfit=5.646383e-01 best=5.617261e-01
[NA] iter=00008 eval=02441 misfit=5.652927e-01 best=5.617261e-01
[NA] iter=00008 eval=02442 misfit=5.636603e-01 best=5.617261e-01
[NA] iter=00008 eval=02443 misfit=5.641375e-01 best=5.617261e-01
[NA] iter=00008 eval=02444 misfit=5.665049e-01 best=5.617261e-01
[NA] iter=00008 eval=02445 misfit=5.628785e-01 best=5.617261e-01
[NA] iter=00008 eval=02446 misfit=5.635093e-01 best=5.617261e-01
[NA] iter=00008 eval=02447 misfit=5.716382e-01 best=5.617261e-01
[NA] iter=00008 eval=02448 misfit=5.644616e-01 best=5.617261e-01
[NA] iter=00008 eval=02449 misfit=5.681711e-01 best=5.617261e-01
[NA] iter=00008 eval=02450 misfit=5.648905e-01 best=5.617261e-01
[NA] iter=00008 eval=02451 misfit=5.638032e-01 best=5.617261e-01
[NA] iter=00008 eval=02452 misfit=5.669410e-01 best=5.617261e-01
[NA] iter=00008 eval=02453 misfit=5.678104e-01 best=5.617261e-01
[NA] iter=00008 eval=02454 misfit=5.648475e-01 best=5.617261e-01
[NA] iter=00008 eval=02455 misfit=5.664670e-01 best=5.617261e-01
[NA] iter=00008 eval=02456 misfit=5.633399e-01 best=5.617261e-01
[NA] iter=00008 eval=02457 misfit=5.692739e-01 best=5.617261e-01
[NA] iter=00008 eval=02458 misfit=5.688828e-01 best=5.617261e-01
[NA] iter=00008 eval=02459 misfit=5.638135e-01 best=5.617261e-01
[NA] iter=00008 eval=02460 misfit=5.625290e-01 best=5.617261e-01
[NA] iter=00008 eval=02461 misfit=5.653915e-01 best=5.617261e-01
[NA] iter=00008 eval=02462 misfit=5.690246e-01 best=5.617261e-01
[NA] iter=00008 eval=02463 misfit=5.837808e-01 best=5.617261e-01
[NA] iter=00008 eval=02464 misfit=5.649145e-01 best=5.617261e-01
[NA] iter=00008 eval=02465 misfit=5.869556e-01 best=5.617261e-01
[NA] iter=00008 eval=02466 misfit=5.732321e-01 best=5.617261e-01
[NA] iter=00008 eval=02467 misfit=5.687275e-01 best=5.617261e-01
[NA] iter=00008 eval=02468 misfit=5.700798e-01 best=5.617261e-01
[NA] iter=00008 eval=02469 misfit=5.633524e-01 best=5.617261e-01
[NA] iter=00008 eval=02470 misfit=5.698536e-01 best=5.617261e-01
[NA] iter=00008 eval=02471 misfit=5.635705e-01 best=5.617261e-01
[NA] iter=00008 eval=02472 misfit=5.629752e-01 best=5.617261e-01
[NA] iter=00008 eval=02473 misfit=5.640040e-01 best=5.617261e-01
[NA] iter=00008 eval=02474 misfit=5.656199e-01 best=5.617261e-01
[NA] iter=00008 eval=02475 misfit=5.653902e-01 best=5.617261e-01
[NA] iter=00008 eval=02476 misfit=5.631978e-01 best=5.617261e-01
[NA] iter=00008 eval=02477 misfit=5.632675e-01 best=5.617261e-01
[NA] iter=00008 eval=02478 misfit=5.625993e-01 best=5.617261e-01
[NA] iter=00008 eval=02479 misfit=5.668737e-01 best=5.617261e-01
[NA] iter=00008 eval=02480 misfit=5.628279e-01 best=5.617261e-01
[NA] iter=00008 eval=02481 misfit=5.635813e-01 best=5.617261e-01
[NA] iter=00008 eval=02482 misfit=5.648226e-01 best=5.617261e-01
[NA] iter=00008 eval=02483 misfit=5.634885e-01 best=5.617261e-01
[NA] iter=00008 eval=02484 misfit=5.651852e-01 best=5.617261e-01
[NA] iter=00008 eval=02485 misfit=5.634062e-01 best=5.617261e-01
[NA] iter=00008 eval=02486 misfit=5.639302e-01 best=5.617261e-01
[NA] iter=00008 eval=02487 misfit=5.627920e-01 best=5.617261e-01
[NA] iter=00008 eval=02488 misfit=5.625797e-01 best=5.617261e-01
[NA] iter=00008 eval=02489 misfit=5.635743e-01 best=5.617261e-01
[NA] iter=00008 eval=02490 misfit=5.637039e-01 best=5.617261e-01
[NA] iter=00008 eval=02491 misfit=5.634317e-01 best=5.617261e-01
[NA] iter=00008 eval=02492 misfit=5.664507e-01 best=5.617261e-01
[NA] iter=00008 eval=02493 misfit=5.705581e-01 best=5.617261e-01
[NA] iter=00008 eval=02494 misfit=5.651293e-01 best=5.617261e-01
[NA] iter=00008 eval=02495 misfit=5.662982e-01 best=5.617261e-01
[NA] iter=00008 eval=02496 misfit=5.650076e-01 best=5.617261e-01
[NA] iter=00008 eval=02497 misfit=5.651368e-01 best=5.617261e-01
[NA] iter=00008 eval=02498 misfit=5.643396e-01 best=5.617261e-01
[NA] iter=00008 eval=02499 misfit=5.636690e-01 best=5.617261e-01
[NA] iter=00008 eval=02500 misfit=5.646578e-01 best=5.617261e-01
[NA] iter=00008 eval=02501 misfit=5.651005e-01 best=5.617261e-01
[NA] iter=00008 eval=02502 misfit=5.643962e-01 best=5.617261e-01
[NA] iter=00008 eval=02503 misfit=5.675832e-01 best=5.617261e-01
[NA] iter=00008 eval=02504 misfit=5.654609e-01 best=5.617261e-01
[NA] iter=00008 eval=02505 misfit=5.637932e-01 best=5.617261e-01
[NA] iter=00008 eval=02506 misfit=5.657248e-01 best=5.617261e-01
[NA] iter=00008 eval=02507 misfit=5.658759e-01 best=5.617261e-01
[NA] iter=00008 eval=02508 misfit=5.664847e-01 best=5.617261e-01
[NA] iter=00008 eval=02509 misfit=5.650109e-01 best=5.617261e-01
[NA] iter=00008 eval=02510 misfit=5.649395e-01 best=5.617261e-01
[NA] iter=00008 eval=02511 misfit=5.633249e-01 best=5.617261e-01
[NA] iter=00008 eval=02512 misfit=5.635003e-01 best=5.617261e-01
[NA] iter=00008 eval=02513 misfit=5.658543e-01 best=5.617261e-01
[NA] iter=00008 eval=02514 misfit=5.660559e-01 best=5.617261e-01
[NA] iter=00008 eval=02515 misfit=5.656290e-01 best=5.617261e-01
[NA] iter=00008 eval=02516 misfit=5.642574e-01 best=5.617261e-01
[NA] iter=00008 eval=02517 misfit=5.662016e-01 best=5.617261e-01
[NA] iter=00008 eval=02518 misfit=5.675704e-01 best=5.617261e-01
[NA] iter=00008 eval=02519 misfit=5.643912e-01 best=5.617261e-01
[NA] iter=00008 eval=02520 misfit=5.628697e-01 best=5.617261e-01
[NA] iter=00008 eval=02521 misfit=5.659265e-01 best=5.617261e-01
[NA] iter=00008 eval=02522 misfit=5.739070e-01 best=5.617261e-01
[NA] iter=00008 eval=02523 misfit=5.659804e-01 best=5.617261e-01
[NA] iter=00008 eval=02524 misfit=5.642885e-01 best=5.617261e-01
[NA] iter=00008 eval=02525 misfit=5.672812e-01 best=5.617261e-01
[NA] iter=00008 eval=02526 misfit=5.756373e-01 best=5.617261e-01
[NA] iter=00008 eval=02527 misfit=5.973886e-01 best=5.617261e-01
[NA] iter=00008 eval=02528 misfit=5.813184e-01 best=5.617261e-01
[NA] iter=00008 eval=02529 misfit=5.650914e-01 best=5.617261e-01
[NA] iter=00008 eval=02530 misfit=5.827936e-01 best=5.617261e-01
[NA] iter=00008 eval=02531 misfit=5.639030e-01 best=5.617261e-01
[NA] iter=00008 eval=02532 misfit=5.628754e-01 best=5.617261e-01
[NA] iter=00008 eval=02533 misfit=5.638685e-01 best=5.617261e-01
[NA] iter=00008 eval=02534 misfit=5.662889e-01 best=5.617261e-01
[NA] iter=00008 eval=02535 misfit=5.625078e-01 best=5.617261e-01
[NA] iter=00008 eval=02536 misfit=5.635724e-01 best=5.617261e-01
[NA] iter=00008 eval=02537 misfit=5.630497e-01 best=5.617261e-01
[NA] iter=00008 eval=02538 misfit=5.657217e-01 best=5.617261e-01
[NA] iter=00008 eval=02539 misfit=5.639644e-01 best=5.617261e-01
[NA] iter=00008 eval=02540 misfit=5.665082e-01 best=5.617261e-01
[NA] iter=00008 eval=02541 misfit=5.627870e-01 best=5.617261e-01
[NA] iter=00008 eval=02542 misfit=5.694456e-01 best=5.617261e-01
[NA] iter=00008 eval=02543 misfit=5.645399e-01 best=5.617261e-01
[NA] iter=00008 eval=02544 misfit=5.844078e-01 best=5.617261e-01
[NA] iter=00008 eval=02545 misfit=5.924761e-01 best=5.617261e-01
[NA] iter=00008 eval=02546 misfit=5.901817e-01 best=5.617261e-01
[NA] iter=00008 eval=02547 misfit=5.645857e-01 best=5.617261e-01
[NA] iter=00008 eval=02548 misfit=5.721019e-01 best=5.617261e-01
[NA] iter=00008 eval=02549 misfit=5.719266e-01 best=5.617261e-01
[NA] iter=00008 eval=02550 misfit=5.640932e-01 best=5.617261e-01
[NA] iter=00008 eval=02551 misfit=5.644906e-01 best=5.617261e-01
[NA] iter=00008 eval=02552 misfit=5.678537e-01 best=5.617261e-01
[NA] iter=00008 eval=02553 misfit=5.749505e-01 best=5.617261e-01
[NA] iter=00008 eval=02554 misfit=5.641175e-01 best=5.617261e-01
[NA] iter=00008 eval=02555 misfit=5.696120e-01 best=5.617261e-01
[NA] iter=00008 eval=02556 misfit=5.746180e-01 best=5.617261e-01
[NA] iter=00008 eval=02557 misfit=5.700061e-01 best=5.617261e-01
[NA] iter=00008 eval=02558 misfit=5.658159e-01 best=5.617261e-01
[NA] iter=00008 eval=02559 misfit=5.677995e-01 best=5.617261e-01
[NA] iter=00008 eval=02560 misfit=5.631659e-01 best=5.617261e-01
[NA] iter=00008 eval=02561 misfit=5.672112e-01 best=5.617261e-01
[NA] iter=00008 eval=02562 misfit=5.661264e-01 best=5.617261e-01
[NA] iter=00008 eval=02563 misfit=5.634479e-01 best=5.617261e-01
[NA] iter=00008 eval=02564 misfit=5.640336e-01 best=5.617261e-01
[NA] iter=00008 eval=02565 misfit=5.654103e-01 best=5.617261e-01
[NA] iter=00008 eval=02566 misfit=5.634359e-01 best=5.617261e-01
[NA] iter=00008 eval=02567 misfit=5.688780e-01 best=5.617261e-01
[NA] iter=00008 eval=02568 misfit=5.680851e-01 best=5.617261e-01
[NA] iter=00008 eval=02569 misfit=5.634030e-01 best=5.617261e-01
[NA] iter=00008 eval=02570 misfit=5.636164e-01 best=5.617261e-01
[NA] iter=00008 eval=02571 misfit=5.705741e-01 best=5.617261e-01
[NA] iter=00008 eval=02572 misfit=5.664422e-01 best=5.617261e-01
[NA] iter=00008 eval=02573 misfit=5.718148e-01 best=5.617261e-01
[NA] iter=00008 eval=02574 misfit=5.739077e-01 best=5.617261e-01
[NA] iter=00008 eval=02575 misfit=5.719345e-01 best=5.617261e-01
[NA] iter=00008 eval=02576 misfit=5.656422e-01 best=5.617261e-01
[NA] iter=00008 eval=02577 misfit=5.798977e-01 best=5.617261e-01
[NA] iter=00008 eval=02578 misfit=5.659203e-01 best=5.617261e-01
[NA] iter=00008 eval=02579 misfit=5.667403e-01 best=5.617261e-01
[NA] iter=00008 eval=02580 misfit=5.635089e-01 best=5.617261e-01
[NA] iter=00008 eval=02581 misfit=5.640986e-01 best=5.617261e-01
[NA] iter=00008 eval=02582 misfit=5.645768e-01 best=5.617261e-01
[NA] iter=00008 eval=02583 misfit=5.685291e-01 best=5.617261e-01
[NA] iter=00008 eval=02584 misfit=5.642208e-01 best=5.617261e-01
[NA] iter=00008 eval=02585 misfit=5.715178e-01 best=5.617261e-01
[NA] iter=00008 eval=02586 misfit=5.659543e-01 best=5.617261e-01
[NA] iter=00008 eval=02587 misfit=5.649790e-01 best=5.617261e-01
[NA] iter=00008 eval=02588 misfit=5.734649e-01 best=5.617261e-01
[NA] iter=00008 eval=02589 misfit=5.668183e-01 best=5.617261e-01
[NA] iter=00008 eval=02590 misfit=5.872196e-01 best=5.617261e-01
[NA] iter=00008 eval=02591 misfit=5.647999e-01 best=5.617261e-01
[NA] iter=00008 eval=02592 misfit=5.661403e-01 best=5.617261e-01
[NA] iter=00008 eval=02593 misfit=5.641170e-01 best=5.617261e-01
[NA] iter=00008 eval=02594 misfit=5.634366e-01 best=5.617261e-01
[NA] iter=00008 eval=02595 misfit=5.664394e-01 best=5.617261e-01
[NA] iter=00008 eval=02596 misfit=5.651488e-01 best=5.617261e-01
[NA] iter=00008 eval=02597 misfit=5.651515e-01 best=5.617261e-01
[NA] iter=00008 eval=02598 misfit=5.648859e-01 best=5.617261e-01
[NA] iter=00008 eval=02599 misfit=5.643734e-01 best=5.617261e-01
[NA] iter=00008 eval=02600 misfit=5.636824e-01 best=5.617261e-01
NAI - Optimisation Loop:  27%|██▋       | 8/30 [16:28<45:23, 123.79s/it][NA] iter=00009 eval=02601 misfit=5.628271e-01 best=5.617261e-01
[NA] iter=00009 eval=02602 misfit=5.615636e-01 best=5.615636e-01
[NA] iter=00009 eval=02603 misfit=5.624056e-01 best=5.615636e-01
[NA] iter=00009 eval=02604 misfit=5.633798e-01 best=5.615636e-01
[NA] iter=00009 eval=02605 misfit=5.615369e-01 best=5.615369e-01
[NA] iter=00009 eval=02606 misfit=5.617336e-01 best=5.615369e-01
[NA] iter=00009 eval=02607 misfit=5.618528e-01 best=5.615369e-01
[NA] iter=00009 eval=02608 misfit=5.613714e-01 best=5.613714e-01
[NA] iter=00009 eval=02609 misfit=5.623065e-01 best=5.613714e-01
[NA] iter=00009 eval=02610 misfit=5.632855e-01 best=5.613714e-01
[NA] iter=00009 eval=02611 misfit=5.619125e-01 best=5.613714e-01
[NA] iter=00009 eval=02612 misfit=5.626938e-01 best=5.613714e-01
[NA] iter=00009 eval=02613 misfit=5.633506e-01 best=5.613714e-01
[NA] iter=00009 eval=02614 misfit=5.655548e-01 best=5.613714e-01
[NA] iter=00009 eval=02615 misfit=5.631946e-01 best=5.613714e-01
[NA] iter=00009 eval=02616 misfit=5.634010e-01 best=5.613714e-01
[NA] iter=00009 eval=02617 misfit=5.650803e-01 best=5.613714e-01
[NA] iter=00009 eval=02618 misfit=5.664315e-01 best=5.613714e-01
[NA] iter=00009 eval=02619 misfit=5.616252e-01 best=5.613714e-01
[NA] iter=00009 eval=02620 misfit=5.643686e-01 best=5.613714e-01
[NA] iter=00009 eval=02621 misfit=5.616940e-01 best=5.613714e-01
[NA] iter=00009 eval=02622 misfit=5.628659e-01 best=5.613714e-01
[NA] iter=00009 eval=02623 misfit=5.628761e-01 best=5.613714e-01
[NA] iter=00009 eval=02624 misfit=5.620274e-01 best=5.613714e-01
[NA] iter=00009 eval=02625 misfit=5.625412e-01 best=5.613714e-01
[NA] iter=00009 eval=02626 misfit=5.630516e-01 best=5.613714e-01
[NA] iter=00009 eval=02627 misfit=5.629208e-01 best=5.613714e-01
[NA] iter=00009 eval=02628 misfit=5.630362e-01 best=5.613714e-01
[NA] iter=00009 eval=02629 misfit=5.623514e-01 best=5.613714e-01
[NA] iter=00009 eval=02630 misfit=5.636715e-01 best=5.613714e-01
[NA] iter=00009 eval=02631 misfit=5.631605e-01 best=5.613714e-01
[NA] iter=00009 eval=02632 misfit=5.635835e-01 best=5.613714e-01
[NA] iter=00009 eval=02633 misfit=5.629864e-01 best=5.613714e-01
[NA] iter=00009 eval=02634 misfit=5.649837e-01 best=5.613714e-01
[NA] iter=00009 eval=02635 misfit=5.619310e-01 best=5.613714e-01
[NA] iter=00009 eval=02636 misfit=5.632364e-01 best=5.613714e-01
[NA] iter=00009 eval=02637 misfit=5.637085e-01 best=5.613714e-01
[NA] iter=00009 eval=02638 misfit=5.639060e-01 best=5.613714e-01
[NA] iter=00009 eval=02639 misfit=5.629685e-01 best=5.613714e-01
[NA] iter=00009 eval=02640 misfit=5.634867e-01 best=5.613714e-01
[NA] iter=00009 eval=02641 misfit=5.652168e-01 best=5.613714e-01
[NA] iter=00009 eval=02642 misfit=5.631647e-01 best=5.613714e-01
[NA] iter=00009 eval=02643 misfit=5.625937e-01 best=5.613714e-01
[NA] iter=00009 eval=02644 misfit=5.645000e-01 best=5.613714e-01
[NA] iter=00009 eval=02645 misfit=5.659212e-01 best=5.613714e-01
[NA] iter=00009 eval=02646 misfit=5.645064e-01 best=5.613714e-01
[NA] iter=00009 eval=02647 misfit=5.630066e-01 best=5.613714e-01
[NA] iter=00009 eval=02648 misfit=5.643707e-01 best=5.613714e-01
[NA] iter=00009 eval=02649 misfit=5.634191e-01 best=5.613714e-01
[NA] iter=00009 eval=02650 misfit=5.644344e-01 best=5.613714e-01
[NA] iter=00009 eval=02651 misfit=5.648687e-01 best=5.613714e-01
[NA] iter=00009 eval=02652 misfit=5.629659e-01 best=5.613714e-01
[NA] iter=00009 eval=02653 misfit=5.644178e-01 best=5.613714e-01
[NA] iter=00009 eval=02654 misfit=5.661539e-01 best=5.613714e-01
[NA] iter=00009 eval=02655 misfit=5.625153e-01 best=5.613714e-01
[NA] iter=00009 eval=02656 misfit=5.627237e-01 best=5.613714e-01
[NA] iter=00009 eval=02657 misfit=5.630373e-01 best=5.613714e-01
[NA] iter=00009 eval=02658 misfit=5.643213e-01 best=5.613714e-01
[NA] iter=00009 eval=02659 misfit=5.626570e-01 best=5.613714e-01
[NA] iter=00009 eval=02660 misfit=5.646343e-01 best=5.613714e-01
[NA] iter=00009 eval=02661 misfit=5.682194e-01 best=5.613714e-01
[NA] iter=00009 eval=02662 misfit=5.643455e-01 best=5.613714e-01
[NA] iter=00009 eval=02663 misfit=5.649292e-01 best=5.613714e-01
[NA] iter=00009 eval=02664 misfit=5.636803e-01 best=5.613714e-01
[NA] iter=00009 eval=02665 misfit=5.624568e-01 best=5.613714e-01
[NA] iter=00009 eval=02666 misfit=5.652788e-01 best=5.613714e-01
[NA] iter=00009 eval=02667 misfit=5.693465e-01 best=5.613714e-01
[NA] iter=00009 eval=02668 misfit=5.654230e-01 best=5.613714e-01
[NA] iter=00009 eval=02669 misfit=5.664977e-01 best=5.613714e-01
[NA] iter=00009 eval=02670 misfit=5.675620e-01 best=5.613714e-01
[NA] iter=00009 eval=02671 misfit=5.631147e-01 best=5.613714e-01
[NA] iter=00009 eval=02672 misfit=5.656074e-01 best=5.613714e-01
[NA] iter=00009 eval=02673 misfit=5.637138e-01 best=5.613714e-01
[NA] iter=00009 eval=02674 misfit=5.662168e-01 best=5.613714e-01
[NA] iter=00009 eval=02675 misfit=5.634914e-01 best=5.613714e-01
[NA] iter=00009 eval=02676 misfit=5.620851e-01 best=5.613714e-01
[NA] iter=00009 eval=02677 misfit=5.624899e-01 best=5.613714e-01
[NA] iter=00009 eval=02678 misfit=5.617784e-01 best=5.613714e-01
[NA] iter=00009 eval=02679 misfit=5.625468e-01 best=5.613714e-01
[NA] iter=00009 eval=02680 misfit=5.623273e-01 best=5.613714e-01
[NA] iter=00009 eval=02681 misfit=5.636723e-01 best=5.613714e-01
[NA] iter=00009 eval=02682 misfit=5.641206e-01 best=5.613714e-01
[NA] iter=00009 eval=02683 misfit=5.650685e-01 best=5.613714e-01
[NA] iter=00009 eval=02684 misfit=5.618289e-01 best=5.613714e-01
[NA] iter=00009 eval=02685 misfit=5.625645e-01 best=5.613714e-01
[NA] iter=00009 eval=02686 misfit=5.650731e-01 best=5.613714e-01
[NA] iter=00009 eval=02687 misfit=5.620139e-01 best=5.613714e-01
[NA] iter=00009 eval=02688 misfit=5.619350e-01 best=5.613714e-01
[NA] iter=00009 eval=02689 misfit=5.635627e-01 best=5.613714e-01
[NA] iter=00009 eval=02690 misfit=5.624633e-01 best=5.613714e-01
[NA] iter=00009 eval=02691 misfit=5.629818e-01 best=5.613714e-01
[NA] iter=00009 eval=02692 misfit=5.635204e-01 best=5.613714e-01
[NA] iter=00009 eval=02693 misfit=5.633240e-01 best=5.613714e-01
[NA] iter=00009 eval=02694 misfit=5.620687e-01 best=5.613714e-01
[NA] iter=00009 eval=02695 misfit=5.666407e-01 best=5.613714e-01
[NA] iter=00009 eval=02696 misfit=5.641259e-01 best=5.613714e-01
[NA] iter=00009 eval=02697 misfit=5.630006e-01 best=5.613714e-01
[NA] iter=00009 eval=02698 misfit=5.646642e-01 best=5.613714e-01
[NA] iter=00009 eval=02699 misfit=5.634070e-01 best=5.613714e-01
[NA] iter=00009 eval=02700 misfit=5.643296e-01 best=5.613714e-01
[NA] iter=00009 eval=02701 misfit=5.678479e-01 best=5.613714e-01
[NA] iter=00009 eval=02702 misfit=5.623255e-01 best=5.613714e-01
[NA] iter=00009 eval=02703 misfit=5.627817e-01 best=5.613714e-01
[NA] iter=00009 eval=02704 misfit=5.665196e-01 best=5.613714e-01
[NA] iter=00009 eval=02705 misfit=5.622154e-01 best=5.613714e-01
[NA] iter=00009 eval=02706 misfit=5.654060e-01 best=5.613714e-01
[NA] iter=00009 eval=02707 misfit=5.619355e-01 best=5.613714e-01
[NA] iter=00009 eval=02708 misfit=5.625143e-01 best=5.613714e-01
[NA] iter=00009 eval=02709 misfit=5.624301e-01 best=5.613714e-01
[NA] iter=00009 eval=02710 misfit=5.624903e-01 best=5.613714e-01
[NA] iter=00009 eval=02711 misfit=5.631754e-01 best=5.613714e-01
[NA] iter=00009 eval=02712 misfit=5.644842e-01 best=5.613714e-01
[NA] iter=00009 eval=02713 misfit=5.651409e-01 best=5.613714e-01
[NA] iter=00009 eval=02714 misfit=5.648971e-01 best=5.613714e-01
[NA] iter=00009 eval=02715 misfit=5.641514e-01 best=5.613714e-01
[NA] iter=00009 eval=02716 misfit=5.637622e-01 best=5.613714e-01
[NA] iter=00009 eval=02717 misfit=5.629032e-01 best=5.613714e-01
[NA] iter=00009 eval=02718 misfit=5.644663e-01 best=5.613714e-01
[NA] iter=00009 eval=02719 misfit=5.653309e-01 best=5.613714e-01
[NA] iter=00009 eval=02720 misfit=5.631378e-01 best=5.613714e-01
[NA] iter=00009 eval=02721 misfit=5.634445e-01 best=5.613714e-01
[NA] iter=00009 eval=02722 misfit=5.667733e-01 best=5.613714e-01
[NA] iter=00009 eval=02723 misfit=5.676424e-01 best=5.613714e-01
[NA] iter=00009 eval=02724 misfit=5.665992e-01 best=5.613714e-01
[NA] iter=00009 eval=02725 misfit=5.632433e-01 best=5.613714e-01
[NA] iter=00009 eval=02726 misfit=5.629386e-01 best=5.613714e-01
[NA] iter=00009 eval=02727 misfit=5.672687e-01 best=5.613714e-01
[NA] iter=00009 eval=02728 misfit=5.631533e-01 best=5.613714e-01
[NA] iter=00009 eval=02729 misfit=5.648408e-01 best=5.613714e-01
[NA] iter=00009 eval=02730 misfit=5.663725e-01 best=5.613714e-01
[NA] iter=00009 eval=02731 misfit=5.630031e-01 best=5.613714e-01
[NA] iter=00009 eval=02732 misfit=5.631889e-01 best=5.613714e-01
[NA] iter=00009 eval=02733 misfit=5.636137e-01 best=5.613714e-01
[NA] iter=00009 eval=02734 misfit=5.631107e-01 best=5.613714e-01
[NA] iter=00009 eval=02735 misfit=5.632152e-01 best=5.613714e-01
[NA] iter=00009 eval=02736 misfit=5.636486e-01 best=5.613714e-01
[NA] iter=00009 eval=02737 misfit=5.638496e-01 best=5.613714e-01
[NA] iter=00009 eval=02738 misfit=5.639770e-01 best=5.613714e-01
[NA] iter=00009 eval=02739 misfit=5.626061e-01 best=5.613714e-01
[NA] iter=00009 eval=02740 misfit=5.629758e-01 best=5.613714e-01
[NA] iter=00009 eval=02741 misfit=5.642002e-01 best=5.613714e-01
[NA] iter=00009 eval=02742 misfit=5.633859e-01 best=5.613714e-01
[NA] iter=00009 eval=02743 misfit=5.721574e-01 best=5.613714e-01
[NA] iter=00009 eval=02744 misfit=5.693306e-01 best=5.613714e-01
[NA] iter=00009 eval=02745 misfit=5.636586e-01 best=5.613714e-01
[NA] iter=00009 eval=02746 misfit=5.655994e-01 best=5.613714e-01
[NA] iter=00009 eval=02747 misfit=5.690229e-01 best=5.613714e-01
[NA] iter=00009 eval=02748 misfit=5.672324e-01 best=5.613714e-01
[NA] iter=00009 eval=02749 misfit=5.677394e-01 best=5.613714e-01
[NA] iter=00009 eval=02750 misfit=5.667195e-01 best=5.613714e-01
[NA] iter=00009 eval=02751 misfit=5.635465e-01 best=5.613714e-01
[NA] iter=00009 eval=02752 misfit=5.644180e-01 best=5.613714e-01
[NA] iter=00009 eval=02753 misfit=5.649862e-01 best=5.613714e-01
[NA] iter=00009 eval=02754 misfit=5.651745e-01 best=5.613714e-01
[NA] iter=00009 eval=02755 misfit=5.626468e-01 best=5.613714e-01
[NA] iter=00009 eval=02756 misfit=5.638414e-01 best=5.613714e-01
[NA] iter=00009 eval=02757 misfit=5.639879e-01 best=5.613714e-01
[NA] iter=00009 eval=02758 misfit=5.665915e-01 best=5.613714e-01
[NA] iter=00009 eval=02759 misfit=5.719818e-01 best=5.613714e-01
[NA] iter=00009 eval=02760 misfit=5.731031e-01 best=5.613714e-01
[NA] iter=00009 eval=02761 misfit=5.628390e-01 best=5.613714e-01
[NA] iter=00009 eval=02762 misfit=5.629502e-01 best=5.613714e-01
[NA] iter=00009 eval=02763 misfit=5.647021e-01 best=5.613714e-01
[NA] iter=00009 eval=02764 misfit=5.632177e-01 best=5.613714e-01
[NA] iter=00009 eval=02765 misfit=5.627210e-01 best=5.613714e-01
[NA] iter=00009 eval=02766 misfit=5.636527e-01 best=5.613714e-01
[NA] iter=00009 eval=02767 misfit=5.631314e-01 best=5.613714e-01
[NA] iter=00009 eval=02768 misfit=5.624169e-01 best=5.613714e-01
[NA] iter=00009 eval=02769 misfit=5.657147e-01 best=5.613714e-01
[NA] iter=00009 eval=02770 misfit=5.628173e-01 best=5.613714e-01
[NA] iter=00009 eval=02771 misfit=5.640181e-01 best=5.613714e-01
[NA] iter=00009 eval=02772 misfit=5.638229e-01 best=5.613714e-01
[NA] iter=00009 eval=02773 misfit=5.639234e-01 best=5.613714e-01
[NA] iter=00009 eval=02774 misfit=5.631118e-01 best=5.613714e-01
[NA] iter=00009 eval=02775 misfit=5.633583e-01 best=5.613714e-01
[NA] iter=00009 eval=02776 misfit=5.648674e-01 best=5.613714e-01
[NA] iter=00009 eval=02777 misfit=5.629989e-01 best=5.613714e-01
[NA] iter=00009 eval=02778 misfit=5.630540e-01 best=5.613714e-01
[NA] iter=00009 eval=02779 misfit=5.633686e-01 best=5.613714e-01
[NA] iter=00009 eval=02780 misfit=5.636687e-01 best=5.613714e-01
[NA] iter=00009 eval=02781 misfit=5.638818e-01 best=5.613714e-01
[NA] iter=00009 eval=02782 misfit=5.667708e-01 best=5.613714e-01
[NA] iter=00009 eval=02783 misfit=5.719364e-01 best=5.613714e-01
[NA] iter=00009 eval=02784 misfit=5.770390e-01 best=5.613714e-01
[NA] iter=00009 eval=02785 misfit=5.647977e-01 best=5.613714e-01
[NA] iter=00009 eval=02786 misfit=5.715724e-01 best=5.613714e-01
[NA] iter=00009 eval=02787 misfit=5.688512e-01 best=5.613714e-01
[NA] iter=00009 eval=02788 misfit=5.635138e-01 best=5.613714e-01
[NA] iter=00009 eval=02789 misfit=5.647488e-01 best=5.613714e-01
[NA] iter=00009 eval=02790 misfit=5.725151e-01 best=5.613714e-01
[NA] iter=00009 eval=02791 misfit=5.649686e-01 best=5.613714e-01
[NA] iter=00009 eval=02792 misfit=5.648642e-01 best=5.613714e-01
[NA] iter=00009 eval=02793 misfit=5.644688e-01 best=5.613714e-01
[NA] iter=00009 eval=02794 misfit=5.650456e-01 best=5.613714e-01
[NA] iter=00009 eval=02795 misfit=5.696786e-01 best=5.613714e-01
[NA] iter=00009 eval=02796 misfit=5.621610e-01 best=5.613714e-01
[NA] iter=00009 eval=02797 misfit=5.632740e-01 best=5.613714e-01
[NA] iter=00009 eval=02798 misfit=5.652005e-01 best=5.613714e-01
[NA] iter=00009 eval=02799 misfit=5.673525e-01 best=5.613714e-01
[NA] iter=00009 eval=02800 misfit=5.641938e-01 best=5.613714e-01
NAI - Optimisation Loop:  30%|███       | 9/30 [18:34<43:39, 124.74s/it][NA] iter=00010 eval=02801 misfit=5.623380e-01 best=5.613714e-01
[NA] iter=00010 eval=02802 misfit=5.627176e-01 best=5.613714e-01
[NA] iter=00010 eval=02803 misfit=5.636396e-01 best=5.613714e-01
[NA] iter=00010 eval=02804 misfit=5.619426e-01 best=5.613714e-01
[NA] iter=00010 eval=02805 misfit=5.639631e-01 best=5.613714e-01
[NA] iter=00010 eval=02806 misfit=5.625065e-01 best=5.613714e-01
[NA] iter=00010 eval=02807 misfit=5.613917e-01 best=5.613714e-01
[NA] iter=00010 eval=02808 misfit=5.635890e-01 best=5.613714e-01
[NA] iter=00010 eval=02809 misfit=5.624544e-01 best=5.613714e-01
[NA] iter=00010 eval=02810 misfit=5.620608e-01 best=5.613714e-01
[NA] iter=00010 eval=02811 misfit=5.613702e-01 best=5.613702e-01
[NA] iter=00010 eval=02812 misfit=5.612574e-01 best=5.612574e-01
[NA] iter=00010 eval=02813 misfit=5.613410e-01 best=5.612574e-01
[NA] iter=00010 eval=02814 misfit=5.608484e-01 best=5.608484e-01
[NA] iter=00010 eval=02815 misfit=5.619144e-01 best=5.608484e-01
[NA] iter=00010 eval=02816 misfit=5.617233e-01 best=5.608484e-01
[NA] iter=00010 eval=02817 misfit=5.629222e-01 best=5.608484e-01
[NA] iter=00010 eval=02818 misfit=5.627914e-01 best=5.608484e-01
[NA] iter=00010 eval=02819 misfit=5.608722e-01 best=5.608484e-01
[NA] iter=00010 eval=02820 misfit=5.612431e-01 best=5.608484e-01
[NA] iter=00010 eval=02821 misfit=5.634183e-01 best=5.608484e-01
[NA] iter=00010 eval=02822 misfit=5.618600e-01 best=5.608484e-01
[NA] iter=00010 eval=02823 misfit=5.643227e-01 best=5.608484e-01
[NA] iter=00010 eval=02824 misfit=5.635079e-01 best=5.608484e-01
[NA] iter=00010 eval=02825 misfit=5.641499e-01 best=5.608484e-01
[NA] iter=00010 eval=02826 misfit=5.639934e-01 best=5.608484e-01
[NA] iter=00010 eval=02827 misfit=5.650258e-01 best=5.608484e-01
[NA] iter=00010 eval=02828 misfit=5.640032e-01 best=5.608484e-01
[NA] iter=00010 eval=02829 misfit=5.618517e-01 best=5.608484e-01
[NA] iter=00010 eval=02830 misfit=5.630701e-01 best=5.608484e-01
[NA] iter=00010 eval=02831 misfit=5.622103e-01 best=5.608484e-01
[NA] iter=00010 eval=02832 misfit=5.668983e-01 best=5.608484e-01
[NA] iter=00010 eval=02833 misfit=5.655397e-01 best=5.608484e-01
[NA] iter=00010 eval=02834 misfit=5.622256e-01 best=5.608484e-01
[NA] iter=00010 eval=02835 misfit=5.666406e-01 best=5.608484e-01
[NA] iter=00010 eval=02836 misfit=5.621100e-01 best=5.608484e-01
[NA] iter=00010 eval=02837 misfit=5.653949e-01 best=5.608484e-01
[NA] iter=00010 eval=02838 misfit=5.638341e-01 best=5.608484e-01
[NA] iter=00010 eval=02839 misfit=5.677040e-01 best=5.608484e-01
[NA] iter=00010 eval=02840 misfit=5.616160e-01 best=5.608484e-01
[NA] iter=00010 eval=02841 misfit=5.620408e-01 best=5.608484e-01
[NA] iter=00010 eval=02842 misfit=5.619241e-01 best=5.608484e-01
[NA] iter=00010 eval=02843 misfit=5.622417e-01 best=5.608484e-01
[NA] iter=00010 eval=02844 misfit=5.629593e-01 best=5.608484e-01
[NA] iter=00010 eval=02845 misfit=5.633366e-01 best=5.608484e-01
[NA] iter=00010 eval=02846 misfit=5.623082e-01 best=5.608484e-01
[NA] iter=00010 eval=02847 misfit=5.629028e-01 best=5.608484e-01
[NA] iter=00010 eval=02848 misfit=5.625033e-01 best=5.608484e-01
[NA] iter=00010 eval=02849 misfit=5.625522e-01 best=5.608484e-01
[NA] iter=00010 eval=02850 misfit=5.625406e-01 best=5.608484e-01
[NA] iter=00010 eval=02851 misfit=5.615074e-01 best=5.608484e-01
[NA] iter=00010 eval=02852 misfit=5.620096e-01 best=5.608484e-01
[NA] iter=00010 eval=02853 misfit=5.619234e-01 best=5.608484e-01
[NA] iter=00010 eval=02854 misfit=5.631706e-01 best=5.608484e-01
[NA] iter=00010 eval=02855 misfit=5.626355e-01 best=5.608484e-01
[NA] iter=00010 eval=02856 misfit=5.650532e-01 best=5.608484e-01
[NA] iter=00010 eval=02857 misfit=5.616269e-01 best=5.608484e-01
[NA] iter=00010 eval=02858 misfit=5.654432e-01 best=5.608484e-01
[NA] iter=00010 eval=02859 misfit=5.617145e-01 best=5.608484e-01
[NA] iter=00010 eval=02860 misfit=5.620502e-01 best=5.608484e-01
[NA] iter=00010 eval=02861 misfit=5.611597e-01 best=5.608484e-01
[NA] iter=00010 eval=02862 misfit=5.658019e-01 best=5.608484e-01
[NA] iter=00010 eval=02863 misfit=5.641408e-01 best=5.608484e-01
[NA] iter=00010 eval=02864 misfit=5.680475e-01 best=5.608484e-01
[NA] iter=00010 eval=02865 misfit=5.612061e-01 best=5.608484e-01
[NA] iter=00010 eval=02866 misfit=5.609485e-01 best=5.608484e-01
[NA] iter=00010 eval=02867 misfit=5.634292e-01 best=5.608484e-01
[NA] iter=00010 eval=02868 misfit=5.610156e-01 best=5.608484e-01
[NA] iter=00010 eval=02869 misfit=5.654672e-01 best=5.608484e-01
[NA] iter=00010 eval=02870 misfit=5.668324e-01 best=5.608484e-01
[NA] iter=00010 eval=02871 misfit=5.623329e-01 best=5.608484e-01
[NA] iter=00010 eval=02872 misfit=5.627802e-01 best=5.608484e-01
[NA] iter=00010 eval=02873 misfit=5.622982e-01 best=5.608484e-01
[NA] iter=00010 eval=02874 misfit=5.624187e-01 best=5.608484e-01
[NA] iter=00010 eval=02875 misfit=5.618889e-01 best=5.608484e-01
[NA] iter=00010 eval=02876 misfit=5.617006e-01 best=5.608484e-01
[NA] iter=00010 eval=02877 misfit=5.620631e-01 best=5.608484e-01
[NA] iter=00010 eval=02878 misfit=5.636261e-01 best=5.608484e-01
[NA] iter=00010 eval=02879 misfit=5.609405e-01 best=5.608484e-01
[NA] iter=00010 eval=02880 misfit=5.628194e-01 best=5.608484e-01
[NA] iter=00010 eval=02881 misfit=5.623810e-01 best=5.608484e-01
[NA] iter=00010 eval=02882 misfit=5.627318e-01 best=5.608484e-01
[NA] iter=00010 eval=02883 misfit=5.622598e-01 best=5.608484e-01
[NA] iter=00010 eval=02884 misfit=5.618871e-01 best=5.608484e-01
[NA] iter=00010 eval=02885 misfit=5.635147e-01 best=5.608484e-01
[NA] iter=00010 eval=02886 misfit=5.622660e-01 best=5.608484e-01
[NA] iter=00010 eval=02887 misfit=5.624751e-01 best=5.608484e-01
[NA] iter=00010 eval=02888 misfit=5.619157e-01 best=5.608484e-01
[NA] iter=00010 eval=02889 misfit=5.631224e-01 best=5.608484e-01
[NA] iter=00010 eval=02890 misfit=5.623707e-01 best=5.608484e-01
[NA] iter=00010 eval=02891 misfit=5.679139e-01 best=5.608484e-01
[NA] iter=00010 eval=02892 misfit=5.618751e-01 best=5.608484e-01
[NA] iter=00010 eval=02893 misfit=5.620310e-01 best=5.608484e-01
[NA] iter=00010 eval=02894 misfit=5.622446e-01 best=5.608484e-01
[NA] iter=00010 eval=02895 misfit=5.629028e-01 best=5.608484e-01
[NA] iter=00010 eval=02896 misfit=5.630991e-01 best=5.608484e-01
[NA] iter=00010 eval=02897 misfit=5.702302e-01 best=5.608484e-01
[NA] iter=00010 eval=02898 misfit=5.654901e-01 best=5.608484e-01
[NA] iter=00010 eval=02899 misfit=5.637414e-01 best=5.608484e-01
[NA] iter=00010 eval=02900 misfit=5.636207e-01 best=5.608484e-01
[NA] iter=00010 eval=02901 misfit=5.631234e-01 best=5.608484e-01
[NA] iter=00010 eval=02902 misfit=5.629893e-01 best=5.608484e-01
[NA] iter=00010 eval=02903 misfit=5.634194e-01 best=5.608484e-01
[NA] iter=00010 eval=02904 misfit=5.623764e-01 best=5.608484e-01
[NA] iter=00010 eval=02905 misfit=5.619591e-01 best=5.608484e-01
[NA] iter=00010 eval=02906 misfit=5.637958e-01 best=5.608484e-01
[NA] iter=00010 eval=02907 misfit=5.623973e-01 best=5.608484e-01
[NA] iter=00010 eval=02908 misfit=5.629433e-01 best=5.608484e-01
[NA] iter=00010 eval=02909 misfit=5.652032e-01 best=5.608484e-01
[NA] iter=00010 eval=02910 misfit=5.617905e-01 best=5.608484e-01
[NA] iter=00010 eval=02911 misfit=5.622907e-01 best=5.608484e-01
[NA] iter=00010 eval=02912 misfit=5.623475e-01 best=5.608484e-01
[NA] iter=00010 eval=02913 misfit=5.626643e-01 best=5.608484e-01
[NA] iter=00010 eval=02914 misfit=5.613847e-01 best=5.608484e-01
[NA] iter=00010 eval=02915 misfit=5.644947e-01 best=5.608484e-01
[NA] iter=00010 eval=02916 misfit=5.631219e-01 best=5.608484e-01
[NA] iter=00010 eval=02917 misfit=5.626467e-01 best=5.608484e-01
[NA] iter=00010 eval=02918 misfit=5.626959e-01 best=5.608484e-01
[NA] iter=00010 eval=02919 misfit=5.623327e-01 best=5.608484e-01
[NA] iter=00010 eval=02920 misfit=5.614497e-01 best=5.608484e-01
[NA] iter=00010 eval=02921 misfit=5.637332e-01 best=5.608484e-01
[NA] iter=00010 eval=02922 misfit=5.638985e-01 best=5.608484e-01
[NA] iter=00010 eval=02923 misfit=5.629912e-01 best=5.608484e-01
[NA] iter=00010 eval=02924 misfit=5.627642e-01 best=5.608484e-01
[NA] iter=00010 eval=02925 misfit=5.620383e-01 best=5.608484e-01
[NA] iter=00010 eval=02926 misfit=5.624264e-01 best=5.608484e-01
[NA] iter=00010 eval=02927 misfit=5.628061e-01 best=5.608484e-01
[NA] iter=00010 eval=02928 misfit=5.633722e-01 best=5.608484e-01
[NA] iter=00010 eval=02929 misfit=5.621736e-01 best=5.608484e-01
[NA] iter=00010 eval=02930 misfit=5.638740e-01 best=5.608484e-01
[NA] iter=00010 eval=02931 misfit=5.630610e-01 best=5.608484e-01
[NA] iter=00010 eval=02932 misfit=5.614015e-01 best=5.608484e-01
[NA] iter=00010 eval=02933 misfit=5.617556e-01 best=5.608484e-01
[NA] iter=00010 eval=02934 misfit=5.667453e-01 best=5.608484e-01
[NA] iter=00010 eval=02935 misfit=5.651642e-01 best=5.608484e-01
[NA] iter=00010 eval=02936 misfit=5.614384e-01 best=5.608484e-01
[NA] iter=00010 eval=02937 misfit=5.649293e-01 best=5.608484e-01
[NA] iter=00010 eval=02938 misfit=5.621081e-01 best=5.608484e-01
[NA] iter=00010 eval=02939 misfit=5.617458e-01 best=5.608484e-01
[NA] iter=00010 eval=02940 misfit=5.640778e-01 best=5.608484e-01
[NA] iter=00010 eval=02941 misfit=5.624320e-01 best=5.608484e-01
[NA] iter=00010 eval=02942 misfit=5.630664e-01 best=5.608484e-01
[NA] iter=00010 eval=02943 misfit=5.623862e-01 best=5.608484e-01
[NA] iter=00010 eval=02944 misfit=5.615960e-01 best=5.608484e-01
[NA] iter=00010 eval=02945 misfit=5.627555e-01 best=5.608484e-01
[NA] iter=00010 eval=02946 misfit=5.621566e-01 best=5.608484e-01
[NA] iter=00010 eval=02947 misfit=5.623608e-01 best=5.608484e-01
[NA] iter=00010 eval=02948 misfit=5.623143e-01 best=5.608484e-01
[NA] iter=00010 eval=02949 misfit=5.645326e-01 best=5.608484e-01
[NA] iter=00010 eval=02950 misfit=5.623366e-01 best=5.608484e-01
[NA] iter=00010 eval=02951 misfit=5.644647e-01 best=5.608484e-01
[NA] iter=00010 eval=02952 misfit=5.623025e-01 best=5.608484e-01
[NA] iter=00010 eval=02953 misfit=5.630750e-01 best=5.608484e-01
[NA] iter=00010 eval=02954 misfit=5.632381e-01 best=5.608484e-01
[NA] iter=00010 eval=02955 misfit=5.621458e-01 best=5.608484e-01
[NA] iter=00010 eval=02956 misfit=5.618335e-01 best=5.608484e-01
[NA] iter=00010 eval=02957 misfit=5.621912e-01 best=5.608484e-01
[NA] iter=00010 eval=02958 misfit=5.628613e-01 best=5.608484e-01
[NA] iter=00010 eval=02959 misfit=5.631295e-01 best=5.608484e-01
[NA] iter=00010 eval=02960 misfit=5.617517e-01 best=5.608484e-01
[NA] iter=00010 eval=02961 misfit=5.620837e-01 best=5.608484e-01
[NA] iter=00010 eval=02962 misfit=5.613368e-01 best=5.608484e-01
[NA] iter=00010 eval=02963 misfit=5.654612e-01 best=5.608484e-01
[NA] iter=00010 eval=02964 misfit=5.646168e-01 best=5.608484e-01
[NA] iter=00010 eval=02965 misfit=5.637144e-01 best=5.608484e-01
[NA] iter=00010 eval=02966 misfit=5.645002e-01 best=5.608484e-01
[NA] iter=00010 eval=02967 misfit=5.635518e-01 best=5.608484e-01
[NA] iter=00010 eval=02968 misfit=5.648245e-01 best=5.608484e-01
[NA] iter=00010 eval=02969 misfit=5.653137e-01 best=5.608484e-01
[NA] iter=00010 eval=02970 misfit=5.650895e-01 best=5.608484e-01
[NA] iter=00010 eval=02971 misfit=5.631562e-01 best=5.608484e-01
[NA] iter=00010 eval=02972 misfit=5.627831e-01 best=5.608484e-01
[NA] iter=00010 eval=02973 misfit=5.627590e-01 best=5.608484e-01
[NA] iter=00010 eval=02974 misfit=5.616680e-01 best=5.608484e-01
[NA] iter=00010 eval=02975 misfit=5.629015e-01 best=5.608484e-01
[NA] iter=00010 eval=02976 misfit=5.620815e-01 best=5.608484e-01
[NA] iter=00010 eval=02977 misfit=5.623631e-01 best=5.608484e-01
[NA] iter=00010 eval=02978 misfit=5.633679e-01 best=5.608484e-01
[NA] iter=00010 eval=02979 misfit=5.624495e-01 best=5.608484e-01
[NA] iter=00010 eval=02980 misfit=5.617718e-01 best=5.608484e-01
[NA] iter=00010 eval=02981 misfit=5.627043e-01 best=5.608484e-01
[NA] iter=00010 eval=02982 misfit=5.662469e-01 best=5.608484e-01
[NA] iter=00010 eval=02983 misfit=5.618345e-01 best=5.608484e-01
[NA] iter=00010 eval=02984 misfit=5.636706e-01 best=5.608484e-01
[NA] iter=00010 eval=02985 misfit=5.655728e-01 best=5.608484e-01
[NA] iter=00010 eval=02986 misfit=5.645500e-01 best=5.608484e-01
[NA] iter=00010 eval=02987 misfit=5.670142e-01 best=5.608484e-01
[NA] iter=00010 eval=02988 misfit=5.623327e-01 best=5.608484e-01
[NA] iter=00010 eval=02989 misfit=5.622549e-01 best=5.608484e-01
[NA] iter=00010 eval=02990 misfit=5.624261e-01 best=5.608484e-01
[NA] iter=00010 eval=02991 misfit=5.660516e-01 best=5.608484e-01
[NA] iter=00010 eval=02992 misfit=5.638024e-01 best=5.608484e-01
[NA] iter=00010 eval=02993 misfit=5.642774e-01 best=5.608484e-01
[NA] iter=00010 eval=02994 misfit=5.657284e-01 best=5.608484e-01
[NA] iter=00010 eval=02995 misfit=5.640534e-01 best=5.608484e-01
[NA] iter=00010 eval=02996 misfit=5.643520e-01 best=5.608484e-01
[NA] iter=00010 eval=02997 misfit=5.660119e-01 best=5.608484e-01
[NA] iter=00010 eval=02998 misfit=5.628572e-01 best=5.608484e-01
[NA] iter=00010 eval=02999 misfit=5.629881e-01 best=5.608484e-01
[NA] iter=00010 eval=03000 misfit=5.642176e-01 best=5.608484e-01
NAI - Optimisation Loop:  33%|███▎      | 10/30 [20:40<41:38, 124.92s/it][NA] iter=00011 eval=03001 misfit=5.608710e-01 best=5.608484e-01
[NA] iter=00011 eval=03002 misfit=5.651926e-01 best=5.608484e-01
[NA] iter=00011 eval=03003 misfit=5.612618e-01 best=5.608484e-01
[NA] iter=00011 eval=03004 misfit=5.608895e-01 best=5.608484e-01
[NA] iter=00011 eval=03005 misfit=5.615071e-01 best=5.608484e-01
[NA] iter=00011 eval=03006 misfit=5.637552e-01 best=5.608484e-01
[NA] iter=00011 eval=03007 misfit=5.612263e-01 best=5.608484e-01
[NA] iter=00011 eval=03008 misfit=5.624791e-01 best=5.608484e-01
[NA] iter=00011 eval=03009 misfit=5.620711e-01 best=5.608484e-01
[NA] iter=00011 eval=03010 misfit=5.647562e-01 best=5.608484e-01
[NA] iter=00011 eval=03011 misfit=5.614594e-01 best=5.608484e-01
[NA] iter=00011 eval=03012 misfit=5.611930e-01 best=5.608484e-01
[NA] iter=00011 eval=03013 misfit=5.611942e-01 best=5.608484e-01
[NA] iter=00011 eval=03014 misfit=5.758570e-01 best=5.608484e-01
[NA] iter=00011 eval=03015 misfit=5.628446e-01 best=5.608484e-01
[NA] iter=00011 eval=03016 misfit=5.636728e-01 best=5.608484e-01
[NA] iter=00011 eval=03017 misfit=5.642835e-01 best=5.608484e-01
[NA] iter=00011 eval=03018 misfit=5.629636e-01 best=5.608484e-01
[NA] iter=00011 eval=03019 misfit=5.626592e-01 best=5.608484e-01
[NA] iter=00011 eval=03020 misfit=5.636910e-01 best=5.608484e-01
[NA] iter=00011 eval=03021 misfit=5.614545e-01 best=5.608484e-01
[NA] iter=00011 eval=03022 misfit=5.624311e-01 best=5.608484e-01
[NA] iter=00011 eval=03023 misfit=5.617821e-01 best=5.608484e-01
[NA] iter=00011 eval=03024 misfit=5.611028e-01 best=5.608484e-01
[NA] iter=00011 eval=03025 misfit=5.637537e-01 best=5.608484e-01
[NA] iter=00011 eval=03026 misfit=5.618735e-01 best=5.608484e-01
[NA] iter=00011 eval=03027 misfit=5.614298e-01 best=5.608484e-01
[NA] iter=00011 eval=03028 misfit=5.617003e-01 best=5.608484e-01
[NA] iter=00011 eval=03029 misfit=5.620981e-01 best=5.608484e-01
[NA] iter=00011 eval=03030 misfit=5.625555e-01 best=5.608484e-01
[NA] iter=00011 eval=03031 misfit=5.723624e-01 best=5.608484e-01
[NA] iter=00011 eval=03032 misfit=5.692568e-01 best=5.608484e-01
[NA] iter=00011 eval=03033 misfit=5.624558e-01 best=5.608484e-01
[NA] iter=00011 eval=03034 misfit=5.607680e-01 best=5.607680e-01
[NA] iter=00011 eval=03035 misfit=5.608665e-01 best=5.607680e-01
[NA] iter=00011 eval=03036 misfit=5.604957e-01 best=5.604957e-01
[NA] iter=00011 eval=03037 misfit=5.666404e-01 best=5.604957e-01
[NA] iter=00011 eval=03038 misfit=5.622129e-01 best=5.604957e-01
[NA] iter=00011 eval=03039 misfit=5.629006e-01 best=5.604957e-01
[NA] iter=00011 eval=03040 misfit=5.625449e-01 best=5.604957e-01
[NA] iter=00011 eval=03041 misfit=5.618128e-01 best=5.604957e-01
[NA] iter=00011 eval=03042 misfit=5.622345e-01 best=5.604957e-01
[NA] iter=00011 eval=03043 misfit=5.616666e-01 best=5.604957e-01
[NA] iter=00011 eval=03044 misfit=5.617987e-01 best=5.604957e-01
[NA] iter=00011 eval=03045 misfit=5.615973e-01 best=5.604957e-01
[NA] iter=00011 eval=03046 misfit=5.616506e-01 best=5.604957e-01
[NA] iter=00011 eval=03047 misfit=5.624810e-01 best=5.604957e-01
[NA] iter=00011 eval=03048 misfit=5.625581e-01 best=5.604957e-01
[NA] iter=00011 eval=03049 misfit=5.629343e-01 best=5.604957e-01
[NA] iter=00011 eval=03050 misfit=5.625890e-01 best=5.604957e-01
[NA] iter=00011 eval=03051 misfit=5.610055e-01 best=5.604957e-01
[NA] iter=00011 eval=03052 misfit=5.637775e-01 best=5.604957e-01
[NA] iter=00011 eval=03053 misfit=5.606898e-01 best=5.604957e-01
[NA] iter=00011 eval=03054 misfit=5.650295e-01 best=5.604957e-01
[NA] iter=00011 eval=03055 misfit=5.641237e-01 best=5.604957e-01
[NA] iter=00011 eval=03056 misfit=5.618880e-01 best=5.604957e-01
[NA] iter=00011 eval=03057 misfit=5.619729e-01 best=5.604957e-01
[NA] iter=00011 eval=03058 misfit=5.613044e-01 best=5.604957e-01
[NA] iter=00011 eval=03059 misfit=5.611063e-01 best=5.604957e-01
[NA] iter=00011 eval=03060 misfit=5.610874e-01 best=5.604957e-01
[NA] iter=00011 eval=03061 misfit=5.617785e-01 best=5.604957e-01
[NA] iter=00011 eval=03062 misfit=5.612297e-01 best=5.604957e-01
[NA] iter=00011 eval=03063 misfit=5.611239e-01 best=5.604957e-01
[NA] iter=00011 eval=03064 misfit=5.642160e-01 best=5.604957e-01
[NA] iter=00011 eval=03065 misfit=5.623337e-01 best=5.604957e-01
[NA] iter=00011 eval=03066 misfit=5.609970e-01 best=5.604957e-01
[NA] iter=00011 eval=03067 misfit=5.610121e-01 best=5.604957e-01
[NA] iter=00011 eval=03068 misfit=5.621352e-01 best=5.604957e-01
[NA] iter=00011 eval=03069 misfit=5.611828e-01 best=5.604957e-01
[NA] iter=00011 eval=03070 misfit=5.617651e-01 best=5.604957e-01
[NA] iter=00011 eval=03071 misfit=5.614347e-01 best=5.604957e-01
[NA] iter=00011 eval=03072 misfit=5.634223e-01 best=5.604957e-01
[NA] iter=00011 eval=03073 misfit=5.619842e-01 best=5.604957e-01
[NA] iter=00011 eval=03074 misfit=5.625332e-01 best=5.604957e-01
[NA] iter=00011 eval=03075 misfit=5.620981e-01 best=5.604957e-01
[NA] iter=00011 eval=03076 misfit=5.610338e-01 best=5.604957e-01
[NA] iter=00011 eval=03077 misfit=5.626705e-01 best=5.604957e-01
[NA] iter=00011 eval=03078 misfit=5.634401e-01 best=5.604957e-01
[NA] iter=00011 eval=03079 misfit=5.641515e-01 best=5.604957e-01
[NA] iter=00011 eval=03080 misfit=5.634585e-01 best=5.604957e-01
[NA] iter=00011 eval=03081 misfit=5.611056e-01 best=5.604957e-01
[NA] iter=00011 eval=03082 misfit=5.609946e-01 best=5.604957e-01
[NA] iter=00011 eval=03083 misfit=5.628886e-01 best=5.604957e-01
[NA] iter=00011 eval=03084 misfit=5.613587e-01 best=5.604957e-01
[NA] iter=00011 eval=03085 misfit=5.633607e-01 best=5.604957e-01
[NA] iter=00011 eval=03086 misfit=5.631261e-01 best=5.604957e-01
[NA] iter=00011 eval=03087 misfit=5.636254e-01 best=5.604957e-01
[NA] iter=00011 eval=03088 misfit=5.616981e-01 best=5.604957e-01
[NA] iter=00011 eval=03089 misfit=5.612493e-01 best=5.604957e-01
[NA] iter=00011 eval=03090 misfit=5.635863e-01 best=5.604957e-01
[NA] iter=00011 eval=03091 misfit=5.612826e-01 best=5.604957e-01
[NA] iter=00011 eval=03092 misfit=5.631998e-01 best=5.604957e-01
[NA] iter=00011 eval=03093 misfit=5.622093e-01 best=5.604957e-01
[NA] iter=00011 eval=03094 misfit=5.620673e-01 best=5.604957e-01
[NA] iter=00011 eval=03095 misfit=5.622868e-01 best=5.604957e-01
[NA] iter=00011 eval=03096 misfit=5.617419e-01 best=5.604957e-01
[NA] iter=00011 eval=03097 misfit=5.612857e-01 best=5.604957e-01
[NA] iter=00011 eval=03098 misfit=5.611685e-01 best=5.604957e-01
[NA] iter=00011 eval=03099 misfit=5.621680e-01 best=5.604957e-01
[NA] iter=00011 eval=03100 misfit=5.615538e-01 best=5.604957e-01
[NA] iter=00011 eval=03101 misfit=5.611101e-01 best=5.604957e-01
[NA] iter=00011 eval=03102 misfit=5.630688e-01 best=5.604957e-01
[NA] iter=00011 eval=03103 misfit=5.622845e-01 best=5.604957e-01
[NA] iter=00011 eval=03104 misfit=5.618435e-01 best=5.604957e-01
[NA] iter=00011 eval=03105 misfit=5.623674e-01 best=5.604957e-01
[NA] iter=00011 eval=03106 misfit=5.613492e-01 best=5.604957e-01
[NA] iter=00011 eval=03107 misfit=5.655247e-01 best=5.604957e-01
[NA] iter=00011 eval=03108 misfit=5.628586e-01 best=5.604957e-01
[NA] iter=00011 eval=03109 misfit=5.614228e-01 best=5.604957e-01
[NA] iter=00011 eval=03110 misfit=5.615305e-01 best=5.604957e-01
[NA] iter=00011 eval=03111 misfit=5.617429e-01 best=5.604957e-01
[NA] iter=00011 eval=03112 misfit=5.610225e-01 best=5.604957e-01
[NA] iter=00011 eval=03113 misfit=5.610945e-01 best=5.604957e-01
[NA] iter=00011 eval=03114 misfit=5.629191e-01 best=5.604957e-01
[NA] iter=00011 eval=03115 misfit=5.620838e-01 best=5.604957e-01
[NA] iter=00011 eval=03116 misfit=5.640260e-01 best=5.604957e-01
[NA] iter=00011 eval=03117 misfit=5.638136e-01 best=5.604957e-01
[NA] iter=00011 eval=03118 misfit=5.632557e-01 best=5.604957e-01
[NA] iter=00011 eval=03119 misfit=5.620933e-01 best=5.604957e-01
[NA] iter=00011 eval=03120 misfit=5.631856e-01 best=5.604957e-01
[NA] iter=00011 eval=03121 misfit=5.620666e-01 best=5.604957e-01
[NA] iter=00011 eval=03122 misfit=5.615695e-01 best=5.604957e-01
[NA] iter=00011 eval=03123 misfit=5.614898e-01 best=5.604957e-01
[NA] iter=00011 eval=03124 misfit=5.611316e-01 best=5.604957e-01
[NA] iter=00011 eval=03125 misfit=5.616490e-01 best=5.604957e-01
[NA] iter=00011 eval=03126 misfit=5.620943e-01 best=5.604957e-01
[NA] iter=00011 eval=03127 misfit=5.615330e-01 best=5.604957e-01
[NA] iter=00011 eval=03128 misfit=5.609706e-01 best=5.604957e-01
[NA] iter=00011 eval=03129 misfit=5.613711e-01 best=5.604957e-01
[NA] iter=00011 eval=03130 misfit=5.612189e-01 best=5.604957e-01
[NA] iter=00011 eval=03131 misfit=5.634094e-01 best=5.604957e-01
[NA] iter=00011 eval=03132 misfit=5.659951e-01 best=5.604957e-01
[NA] iter=00011 eval=03133 misfit=5.669909e-01 best=5.604957e-01
[NA] iter=00011 eval=03134 misfit=5.631705e-01 best=5.604957e-01
[NA] iter=00011 eval=03135 misfit=5.627400e-01 best=5.604957e-01
[NA] iter=00011 eval=03136 misfit=5.619386e-01 best=5.604957e-01
[NA] iter=00011 eval=03137 misfit=5.631817e-01 best=5.604957e-01
[NA] iter=00011 eval=03138 misfit=5.636469e-01 best=5.604957e-01
[NA] iter=00011 eval=03139 misfit=5.618509e-01 best=5.604957e-01
[NA] iter=00011 eval=03140 misfit=5.637171e-01 best=5.604957e-01
[NA] iter=00011 eval=03141 misfit=5.612641e-01 best=5.604957e-01
[NA] iter=00011 eval=03142 misfit=5.615935e-01 best=5.604957e-01
[NA] iter=00011 eval=03143 misfit=5.615180e-01 best=5.604957e-01
[NA] iter=00011 eval=03144 misfit=5.619437e-01 best=5.604957e-01
[NA] iter=00011 eval=03145 misfit=5.612703e-01 best=5.604957e-01
[NA] iter=00011 eval=03146 misfit=5.617688e-01 best=5.604957e-01
[NA] iter=00011 eval=03147 misfit=5.612268e-01 best=5.604957e-01
[NA] iter=00011 eval=03148 misfit=5.617470e-01 best=5.604957e-01
[NA] iter=00011 eval=03149 misfit=5.614096e-01 best=5.604957e-01
[NA] iter=00011 eval=03150 misfit=5.615721e-01 best=5.604957e-01
[NA] iter=00011 eval=03151 misfit=5.618578e-01 best=5.604957e-01
[NA] iter=00011 eval=03152 misfit=5.613043e-01 best=5.604957e-01
[NA] iter=00011 eval=03153 misfit=5.618019e-01 best=5.604957e-01
[NA] iter=00011 eval=03154 misfit=5.635980e-01 best=5.604957e-01
[NA] iter=00011 eval=03155 misfit=5.618488e-01 best=5.604957e-01
[NA] iter=00011 eval=03156 misfit=5.611530e-01 best=5.604957e-01
[NA] iter=00011 eval=03157 misfit=5.630497e-01 best=5.604957e-01
[NA] iter=00011 eval=03158 misfit=5.624978e-01 best=5.604957e-01
[NA] iter=00011 eval=03159 misfit=5.638395e-01 best=5.604957e-01
[NA] iter=00011 eval=03160 misfit=5.630855e-01 best=5.604957e-01
[NA] iter=00011 eval=03161 misfit=5.615774e-01 best=5.604957e-01
[NA] iter=00011 eval=03162 misfit=5.616975e-01 best=5.604957e-01
[NA] iter=00011 eval=03163 misfit=5.611819e-01 best=5.604957e-01
[NA] iter=00011 eval=03164 misfit=5.642446e-01 best=5.604957e-01
[NA] iter=00011 eval=03165 misfit=5.619564e-01 best=5.604957e-01
[NA] iter=00011 eval=03166 misfit=5.612094e-01 best=5.604957e-01
[NA] iter=00011 eval=03167 misfit=5.667173e-01 best=5.604957e-01
[NA] iter=00011 eval=03168 misfit=5.618677e-01 best=5.604957e-01
[NA] iter=00011 eval=03169 misfit=5.648449e-01 best=5.604957e-01
[NA] iter=00011 eval=03170 misfit=5.611256e-01 best=5.604957e-01
[NA] iter=00011 eval=03171 misfit=5.622548e-01 best=5.604957e-01
[NA] iter=00011 eval=03172 misfit=5.613429e-01 best=5.604957e-01
[NA] iter=00011 eval=03173 misfit=5.621386e-01 best=5.604957e-01
[NA] iter=00011 eval=03174 misfit=5.614596e-01 best=5.604957e-01
[NA] iter=00011 eval=03175 misfit=5.642629e-01 best=5.604957e-01
[NA] iter=00011 eval=03176 misfit=5.615264e-01 best=5.604957e-01
[NA] iter=00011 eval=03177 misfit=5.624927e-01 best=5.604957e-01
[NA] iter=00011 eval=03178 misfit=5.613996e-01 best=5.604957e-01
[NA] iter=00011 eval=03179 misfit=5.612818e-01 best=5.604957e-01
[NA] iter=00011 eval=03180 misfit=5.614346e-01 best=5.604957e-01
[NA] iter=00011 eval=03181 misfit=5.617007e-01 best=5.604957e-01
[NA] iter=00011 eval=03182 misfit=5.618016e-01 best=5.604957e-01
[NA] iter=00011 eval=03183 misfit=5.616722e-01 best=5.604957e-01
[NA] iter=00011 eval=03184 misfit=5.614071e-01 best=5.604957e-01
[NA] iter=00011 eval=03185 misfit=5.616636e-01 best=5.604957e-01
[NA] iter=00011 eval=03186 misfit=5.611721e-01 best=5.604957e-01
[NA] iter=00011 eval=03187 misfit=5.613892e-01 best=5.604957e-01
[NA] iter=00011 eval=03188 misfit=5.611077e-01 best=5.604957e-01
[NA] iter=00011 eval=03189 misfit=5.613480e-01 best=5.604957e-01
[NA] iter=00011 eval=03190 misfit=5.617354e-01 best=5.604957e-01
[NA] iter=00011 eval=03191 misfit=5.608974e-01 best=5.604957e-01
[NA] iter=00011 eval=03192 misfit=5.611124e-01 best=5.604957e-01
[NA] iter=00011 eval=03193 misfit=5.621500e-01 best=5.604957e-01
[NA] iter=00011 eval=03194 misfit=5.613466e-01 best=5.604957e-01
[NA] iter=00011 eval=03195 misfit=5.616290e-01 best=5.604957e-01
[NA] iter=00011 eval=03196 misfit=5.612360e-01 best=5.604957e-01
[NA] iter=00011 eval=03197 misfit=5.618642e-01 best=5.604957e-01
[NA] iter=00011 eval=03198 misfit=5.631088e-01 best=5.604957e-01
[NA] iter=00011 eval=03199 misfit=5.627279e-01 best=5.604957e-01
[NA] iter=00011 eval=03200 misfit=5.627457e-01 best=5.604957e-01
NAI - Optimisation Loop:  37%|███▋      | 11/30 [22:44<39:32, 124.85s/it][NA] iter=00012 eval=03201 misfit=5.628909e-01 best=5.604957e-01
[NA] iter=00012 eval=03202 misfit=5.609465e-01 best=5.604957e-01
[NA] iter=00012 eval=03203 misfit=5.614517e-01 best=5.604957e-01
[NA] iter=00012 eval=03204 misfit=5.604901e-01 best=5.604901e-01
[NA] iter=00012 eval=03205 misfit=5.610065e-01 best=5.604901e-01
[NA] iter=00012 eval=03206 misfit=5.606413e-01 best=5.604901e-01
[NA] iter=00012 eval=03207 misfit=5.631156e-01 best=5.604901e-01
[NA] iter=00012 eval=03208 misfit=5.607131e-01 best=5.604901e-01
[NA] iter=00012 eval=03209 misfit=5.609616e-01 best=5.604901e-01
[NA] iter=00012 eval=03210 misfit=5.612352e-01 best=5.604901e-01
[NA] iter=00012 eval=03211 misfit=5.623466e-01 best=5.604901e-01
[NA] iter=00012 eval=03212 misfit=5.614677e-01 best=5.604901e-01
[NA] iter=00012 eval=03213 misfit=5.612832e-01 best=5.604901e-01
[NA] iter=00012 eval=03214 misfit=5.603685e-01 best=5.603685e-01
[NA] iter=00012 eval=03215 misfit=5.617039e-01 best=5.603685e-01
[NA] iter=00012 eval=03216 misfit=5.604681e-01 best=5.603685e-01
[NA] iter=00012 eval=03217 misfit=5.605816e-01 best=5.603685e-01
[NA] iter=00012 eval=03218 misfit=5.612389e-01 best=5.603685e-01
[NA] iter=00012 eval=03219 misfit=5.619800e-01 best=5.603685e-01
[NA] iter=00012 eval=03220 misfit=5.605869e-01 best=5.603685e-01
[NA] iter=00012 eval=03221 misfit=5.612538e-01 best=5.603685e-01
[NA] iter=00012 eval=03222 misfit=5.605868e-01 best=5.603685e-01
[NA] iter=00012 eval=03223 misfit=5.619905e-01 best=5.603685e-01
[NA] iter=00012 eval=03224 misfit=5.609914e-01 best=5.603685e-01
[NA] iter=00012 eval=03225 misfit=5.617925e-01 best=5.603685e-01
[NA] iter=00012 eval=03226 misfit=5.606108e-01 best=5.603685e-01
[NA] iter=00012 eval=03227 misfit=5.619970e-01 best=5.603685e-01
[NA] iter=00012 eval=03228 misfit=5.612844e-01 best=5.603685e-01
[NA] iter=00012 eval=03229 misfit=5.625520e-01 best=5.603685e-01
[NA] iter=00012 eval=03230 misfit=5.620479e-01 best=5.603685e-01
[NA] iter=00012 eval=03231 misfit=5.619122e-01 best=5.603685e-01
[NA] iter=00012 eval=03232 misfit=5.606016e-01 best=5.603685e-01
[NA] iter=00012 eval=03233 misfit=5.608850e-01 best=5.603685e-01
[NA] iter=00012 eval=03234 misfit=5.624937e-01 best=5.603685e-01
[NA] iter=00012 eval=03235 misfit=5.610440e-01 best=5.603685e-01
[NA] iter=00012 eval=03236 misfit=5.614806e-01 best=5.603685e-01
[NA] iter=00012 eval=03237 misfit=5.633830e-01 best=5.603685e-01
[NA] iter=00012 eval=03238 misfit=5.605436e-01 best=5.603685e-01
[NA] iter=00012 eval=03239 misfit=5.625686e-01 best=5.603685e-01
[NA] iter=00012 eval=03240 misfit=5.609507e-01 best=5.603685e-01
[NA] iter=00012 eval=03241 misfit=5.659126e-01 best=5.603685e-01
[NA] iter=00012 eval=03242 misfit=5.628222e-01 best=5.603685e-01
[NA] iter=00012 eval=03243 misfit=5.673325e-01 best=5.603685e-01
[NA] iter=00012 eval=03244 misfit=5.640346e-01 best=5.603685e-01
[NA] iter=00012 eval=03245 misfit=5.627044e-01 best=5.603685e-01
[NA] iter=00012 eval=03246 misfit=5.645485e-01 best=5.603685e-01
[NA] iter=00012 eval=03247 misfit=5.619715e-01 best=5.603685e-01
[NA] iter=00012 eval=03248 misfit=5.651057e-01 best=5.603685e-01
[NA] iter=00012 eval=03249 misfit=5.613048e-01 best=5.603685e-01
[NA] iter=00012 eval=03250 misfit=5.661899e-01 best=5.603685e-01
[NA] iter=00012 eval=03251 misfit=5.610091e-01 best=5.603685e-01
[NA] iter=00012 eval=03252 misfit=5.616206e-01 best=5.603685e-01
[NA] iter=00012 eval=03253 misfit=5.609633e-01 best=5.603685e-01
[NA] iter=00012 eval=03254 misfit=5.609924e-01 best=5.603685e-01
[NA] iter=00012 eval=03255 misfit=5.638699e-01 best=5.603685e-01
[NA] iter=00012 eval=03256 misfit=5.612585e-01 best=5.603685e-01
[NA] iter=00012 eval=03257 misfit=5.609956e-01 best=5.603685e-01
[NA] iter=00012 eval=03258 misfit=5.606950e-01 best=5.603685e-01
[NA] iter=00012 eval=03259 misfit=5.614089e-01 best=5.603685e-01
[NA] iter=00012 eval=03260 misfit=5.609217e-01 best=5.603685e-01
[NA] iter=00012 eval=03261 misfit=5.610967e-01 best=5.603685e-01
[NA] iter=00012 eval=03262 misfit=5.610365e-01 best=5.603685e-01
[NA] iter=00012 eval=03263 misfit=5.618722e-01 best=5.603685e-01
[NA] iter=00012 eval=03264 misfit=5.641443e-01 best=5.603685e-01
[NA] iter=00012 eval=03265 misfit=5.610009e-01 best=5.603685e-01
[NA] iter=00012 eval=03266 misfit=5.622632e-01 best=5.603685e-01
[NA] iter=00012 eval=03267 misfit=5.621909e-01 best=5.603685e-01
[NA] iter=00012 eval=03268 misfit=5.629190e-01 best=5.603685e-01
[NA] iter=00012 eval=03269 misfit=5.605940e-01 best=5.603685e-01
[NA] iter=00012 eval=03270 misfit=5.610317e-01 best=5.603685e-01
[NA] iter=00012 eval=03271 misfit=5.609371e-01 best=5.603685e-01
[NA] iter=00012 eval=03272 misfit=5.614657e-01 best=5.603685e-01
[NA] iter=00012 eval=03273 misfit=5.608048e-01 best=5.603685e-01
[NA] iter=00012 eval=03274 misfit=5.606883e-01 best=5.603685e-01
[NA] iter=00012 eval=03275 misfit=5.608185e-01 best=5.603685e-01
[NA] iter=00012 eval=03276 misfit=5.624652e-01 best=5.603685e-01
[NA] iter=00012 eval=03277 misfit=5.610224e-01 best=5.603685e-01
[NA] iter=00012 eval=03278 misfit=5.610318e-01 best=5.603685e-01
[NA] iter=00012 eval=03279 misfit=5.628811e-01 best=5.603685e-01
[NA] iter=00012 eval=03280 misfit=5.608889e-01 best=5.603685e-01
[NA] iter=00012 eval=03281 misfit=5.619411e-01 best=5.603685e-01
[NA] iter=00012 eval=03282 misfit=5.608635e-01 best=5.603685e-01
[NA] iter=00012 eval=03283 misfit=5.614926e-01 best=5.603685e-01
[NA] iter=00012 eval=03284 misfit=5.608914e-01 best=5.603685e-01
[NA] iter=00012 eval=03285 misfit=5.610250e-01 best=5.603685e-01
[NA] iter=00012 eval=03286 misfit=5.610104e-01 best=5.603685e-01
[NA] iter=00012 eval=03287 misfit=5.609164e-01 best=5.603685e-01
[NA] iter=00012 eval=03288 misfit=5.608693e-01 best=5.603685e-01
[NA] iter=00012 eval=03289 misfit=5.613585e-01 best=5.603685e-01
[NA] iter=00012 eval=03290 misfit=5.611030e-01 best=5.603685e-01
[NA] iter=00012 eval=03291 misfit=5.610466e-01 best=5.603685e-01
[NA] iter=00012 eval=03292 misfit=5.609592e-01 best=5.603685e-01
[NA] iter=00012 eval=03293 misfit=5.613032e-01 best=5.603685e-01
[NA] iter=00012 eval=03294 misfit=5.611326e-01 best=5.603685e-01
[NA] iter=00012 eval=03295 misfit=5.610056e-01 best=5.603685e-01
[NA] iter=00012 eval=03296 misfit=5.612410e-01 best=5.603685e-01
[NA] iter=00012 eval=03297 misfit=5.611568e-01 best=5.603685e-01
[NA] iter=00012 eval=03298 misfit=5.608969e-01 best=5.603685e-01
[NA] iter=00012 eval=03299 misfit=5.615832e-01 best=5.603685e-01
[NA] iter=00012 eval=03300 misfit=5.610700e-01 best=5.603685e-01
[NA] iter=00012 eval=03301 misfit=5.605063e-01 best=5.603685e-01
[NA] iter=00012 eval=03302 misfit=5.609273e-01 best=5.603685e-01
[NA] iter=00012 eval=03303 misfit=5.616081e-01 best=5.603685e-01
[NA] iter=00012 eval=03304 misfit=5.611199e-01 best=5.603685e-01
[NA] iter=00012 eval=03305 misfit=5.603133e-01 best=5.603133e-01
[NA] iter=00012 eval=03306 misfit=5.620428e-01 best=5.603133e-01
[NA] iter=00012 eval=03307 misfit=5.611624e-01 best=5.603133e-01
[NA] iter=00012 eval=03308 misfit=5.610922e-01 best=5.603133e-01
[NA] iter=00012 eval=03309 misfit=5.620899e-01 best=5.603133e-01
[NA] iter=00012 eval=03310 misfit=5.610818e-01 best=5.603133e-01
[NA] iter=00012 eval=03311 misfit=5.622965e-01 best=5.603133e-01
[NA] iter=00012 eval=03312 misfit=5.630141e-01 best=5.603133e-01
[NA] iter=00012 eval=03313 misfit=5.622700e-01 best=5.603133e-01
[NA] iter=00012 eval=03314 misfit=5.618006e-01 best=5.603133e-01
[NA] iter=00012 eval=03315 misfit=5.617466e-01 best=5.603133e-01
[NA] iter=00012 eval=03316 misfit=5.614012e-01 best=5.603133e-01
[NA] iter=00012 eval=03317 misfit=5.624062e-01 best=5.603133e-01
[NA] iter=00012 eval=03318 misfit=5.616181e-01 best=5.603133e-01
[NA] iter=00012 eval=03319 misfit=5.634047e-01 best=5.603133e-01
[NA] iter=00012 eval=03320 misfit=5.615630e-01 best=5.603133e-01
[NA] iter=00012 eval=03321 misfit=5.614665e-01 best=5.603133e-01
[NA] iter=00012 eval=03322 misfit=5.615080e-01 best=5.603133e-01
[NA] iter=00012 eval=03323 misfit=5.617416e-01 best=5.603133e-01
[NA] iter=00012 eval=03324 misfit=5.609193e-01 best=5.603133e-01
[NA] iter=00012 eval=03325 misfit=5.614826e-01 best=5.603133e-01
[NA] iter=00012 eval=03326 misfit=5.610256e-01 best=5.603133e-01
[NA] iter=00012 eval=03327 misfit=5.620610e-01 best=5.603133e-01
[NA] iter=00012 eval=03328 misfit=5.607093e-01 best=5.603133e-01
[NA] iter=00012 eval=03329 misfit=5.614445e-01 best=5.603133e-01
[NA] iter=00012 eval=03330 misfit=5.614980e-01 best=5.603133e-01
[NA] iter=00012 eval=03331 misfit=5.627031e-01 best=5.603133e-01
[NA] iter=00012 eval=03332 misfit=5.610802e-01 best=5.603133e-01
[NA] iter=00012 eval=03333 misfit=5.630193e-01 best=5.603133e-01
[NA] iter=00012 eval=03334 misfit=5.625341e-01 best=5.603133e-01
[NA] iter=00012 eval=03335 misfit=5.605710e-01 best=5.603133e-01
[NA] iter=00012 eval=03336 misfit=5.604909e-01 best=5.603133e-01
[NA] iter=00012 eval=03337 misfit=5.613049e-01 best=5.603133e-01
[NA] iter=00012 eval=03338 misfit=5.610965e-01 best=5.603133e-01
[NA] iter=00012 eval=03339 misfit=5.604542e-01 best=5.603133e-01
[NA] iter=00012 eval=03340 misfit=5.622124e-01 best=5.603133e-01
[NA] iter=00012 eval=03341 misfit=5.610722e-01 best=5.603133e-01
[NA] iter=00012 eval=03342 misfit=5.620425e-01 best=5.603133e-01
[NA] iter=00012 eval=03343 misfit=5.618701e-01 best=5.603133e-01
[NA] iter=00012 eval=03344 misfit=5.602930e-01 best=5.602930e-01
[NA] iter=00012 eval=03345 misfit=5.639279e-01 best=5.602930e-01
[NA] iter=00012 eval=03346 misfit=5.621208e-01 best=5.602930e-01
[NA] iter=00012 eval=03347 misfit=5.610380e-01 best=5.602930e-01
[NA] iter=00012 eval=03348 misfit=5.609129e-01 best=5.602930e-01
[NA] iter=00012 eval=03349 misfit=5.645887e-01 best=5.602930e-01
[NA] iter=00012 eval=03350 misfit=5.602647e-01 best=5.602647e-01
[NA] iter=00012 eval=03351 misfit=5.629421e-01 best=5.602647e-01
[NA] iter=00012 eval=03352 misfit=5.612576e-01 best=5.602647e-01
[NA] iter=00012 eval=03353 misfit=5.643049e-01 best=5.602647e-01
[NA] iter=00012 eval=03354 misfit=5.636801e-01 best=5.602647e-01
[NA] iter=00012 eval=03355 misfit=5.611395e-01 best=5.602647e-01
[NA] iter=00012 eval=03356 misfit=5.633663e-01 best=5.602647e-01
[NA] iter=00012 eval=03357 misfit=5.616939e-01 best=5.602647e-01
[NA] iter=00012 eval=03358 misfit=5.619400e-01 best=5.602647e-01
[NA] iter=00012 eval=03359 misfit=5.617221e-01 best=5.602647e-01
[NA] iter=00012 eval=03360 misfit=5.616488e-01 best=5.602647e-01
[NA] iter=00012 eval=03361 misfit=5.615923e-01 best=5.602647e-01
[NA] iter=00012 eval=03362 misfit=5.612333e-01 best=5.602647e-01
[NA] iter=00012 eval=03363 misfit=5.614093e-01 best=5.602647e-01
[NA] iter=00012 eval=03364 misfit=5.612120e-01 best=5.602647e-01
[NA] iter=00012 eval=03365 misfit=5.611782e-01 best=5.602647e-01
[NA] iter=00012 eval=03366 misfit=5.613049e-01 best=5.602647e-01
[NA] iter=00012 eval=03367 misfit=5.609423e-01 best=5.602647e-01
[NA] iter=00012 eval=03368 misfit=5.613340e-01 best=5.602647e-01
[NA] iter=00012 eval=03369 misfit=5.616928e-01 best=5.602647e-01
[NA] iter=00012 eval=03370 misfit=5.615937e-01 best=5.602647e-01
[NA] iter=00012 eval=03371 misfit=5.607039e-01 best=5.602647e-01
[NA] iter=00012 eval=03372 misfit=5.612611e-01 best=5.602647e-01
[NA] iter=00012 eval=03373 misfit=5.611883e-01 best=5.602647e-01
[NA] iter=00012 eval=03374 misfit=5.606308e-01 best=5.602647e-01
[NA] iter=00012 eval=03375 misfit=5.616340e-01 best=5.602647e-01
[NA] iter=00012 eval=03376 misfit=5.627485e-01 best=5.602647e-01
[NA] iter=00012 eval=03377 misfit=5.611630e-01 best=5.602647e-01
[NA] iter=00012 eval=03378 misfit=5.616642e-01 best=5.602647e-01
[NA] iter=00012 eval=03379 misfit=5.607119e-01 best=5.602647e-01
[NA] iter=00012 eval=03380 misfit=5.616875e-01 best=5.602647e-01
[NA] iter=00012 eval=03381 misfit=5.620446e-01 best=5.602647e-01
[NA] iter=00012 eval=03382 misfit=5.647843e-01 best=5.602647e-01
[NA] iter=00012 eval=03383 misfit=5.626371e-01 best=5.602647e-01
[NA] iter=00012 eval=03384 misfit=5.632334e-01 best=5.602647e-01
[NA] iter=00012 eval=03385 misfit=5.654226e-01 best=5.602647e-01
[NA] iter=00012 eval=03386 misfit=5.649119e-01 best=5.602647e-01
[NA] iter=00012 eval=03387 misfit=5.643012e-01 best=5.602647e-01
[NA] iter=00012 eval=03388 misfit=5.667852e-01 best=5.602647e-01
[NA] iter=00012 eval=03389 misfit=5.632498e-01 best=5.602647e-01
[NA] iter=00012 eval=03390 misfit=5.614915e-01 best=5.602647e-01
[NA] iter=00012 eval=03391 misfit=5.609847e-01 best=5.602647e-01
[NA] iter=00012 eval=03392 misfit=5.606189e-01 best=5.602647e-01
[NA] iter=00012 eval=03393 misfit=5.603963e-01 best=5.602647e-01
[NA] iter=00012 eval=03394 misfit=5.612226e-01 best=5.602647e-01
[NA] iter=00012 eval=03395 misfit=5.611137e-01 best=5.602647e-01
[NA] iter=00012 eval=03396 misfit=5.619938e-01 best=5.602647e-01
[NA] iter=00012 eval=03397 misfit=5.614502e-01 best=5.602647e-01
[NA] iter=00012 eval=03398 misfit=5.603826e-01 best=5.602647e-01
[NA] iter=00012 eval=03399 misfit=5.615877e-01 best=5.602647e-01
[NA] iter=00012 eval=03400 misfit=5.610238e-01 best=5.602647e-01
NAI - Optimisation Loop:  40%|████      | 12/30 [24:46<37:08, 123.78s/it][NA] iter=00013 eval=03401 misfit=5.609516e-01 best=5.602647e-01
[NA] iter=00013 eval=03402 misfit=5.602781e-01 best=5.602647e-01
[NA] iter=00013 eval=03403 misfit=5.609531e-01 best=5.602647e-01
[NA] iter=00013 eval=03404 misfit=5.606613e-01 best=5.602647e-01
[NA] iter=00013 eval=03405 misfit=5.605836e-01 best=5.602647e-01
[NA] iter=00013 eval=03406 misfit=5.609985e-01 best=5.602647e-01
[NA] iter=00013 eval=03407 misfit=5.609588e-01 best=5.602647e-01
[NA] iter=00013 eval=03408 misfit=5.605395e-01 best=5.602647e-01
[NA] iter=00013 eval=03409 misfit=5.607364e-01 best=5.602647e-01
[NA] iter=00013 eval=03410 misfit=5.605461e-01 best=5.602647e-01
[NA] iter=00013 eval=03411 misfit=5.600125e-01 best=5.600125e-01
[NA] iter=00013 eval=03412 misfit=5.613499e-01 best=5.600125e-01
[NA] iter=00013 eval=03413 misfit=5.611428e-01 best=5.600125e-01
[NA] iter=00013 eval=03414 misfit=5.610678e-01 best=5.600125e-01
[NA] iter=00013 eval=03415 misfit=5.607953e-01 best=5.600125e-01
[NA] iter=00013 eval=03416 misfit=5.603457e-01 best=5.600125e-01
[NA] iter=00013 eval=03417 misfit=5.605784e-01 best=5.600125e-01
[NA] iter=00013 eval=03418 misfit=5.626568e-01 best=5.600125e-01
[NA] iter=00013 eval=03419 misfit=5.604591e-01 best=5.600125e-01
[NA] iter=00013 eval=03420 misfit=5.613775e-01 best=5.600125e-01
[NA] iter=00013 eval=03421 misfit=5.604484e-01 best=5.600125e-01
[NA] iter=00013 eval=03422 misfit=5.603963e-01 best=5.600125e-01
[NA] iter=00013 eval=03423 misfit=5.615107e-01 best=5.600125e-01
[NA] iter=00013 eval=03424 misfit=5.608415e-01 best=5.600125e-01
[NA] iter=00013 eval=03425 misfit=5.605710e-01 best=5.600125e-01
[NA] iter=00013 eval=03426 misfit=5.616680e-01 best=5.600125e-01
[NA] iter=00013 eval=03427 misfit=5.608099e-01 best=5.600125e-01
[NA] iter=00013 eval=03428 misfit=5.609159e-01 best=5.600125e-01
[NA] iter=00013 eval=03429 misfit=5.603912e-01 best=5.600125e-01
[NA] iter=00013 eval=03430 misfit=5.605875e-01 best=5.600125e-01
[NA] iter=00013 eval=03431 misfit=5.615147e-01 best=5.600125e-01
[NA] iter=00013 eval=03432 misfit=5.606731e-01 best=5.600125e-01
[NA] iter=00013 eval=03433 misfit=5.604664e-01 best=5.600125e-01
[NA] iter=00013 eval=03434 misfit=5.634771e-01 best=5.600125e-01
[NA] iter=00013 eval=03435 misfit=5.625713e-01 best=5.600125e-01
[NA] iter=00013 eval=03436 misfit=5.604984e-01 best=5.600125e-01
[NA] iter=00013 eval=03437 misfit=5.607107e-01 best=5.600125e-01
[NA] iter=00013 eval=03438 misfit=5.604173e-01 best=5.600125e-01
[NA] iter=00013 eval=03439 misfit=5.602598e-01 best=5.600125e-01
[NA] iter=00013 eval=03440 misfit=5.612258e-01 best=5.600125e-01
[NA] iter=00013 eval=03441 misfit=5.611118e-01 best=5.600125e-01
[NA] iter=00013 eval=03442 misfit=5.614411e-01 best=5.600125e-01
[NA] iter=00013 eval=03443 misfit=5.601582e-01 best=5.600125e-01
[NA] iter=00013 eval=03444 misfit=5.601555e-01 best=5.600125e-01
[NA] iter=00013 eval=03445 misfit=5.606253e-01 best=5.600125e-01
[NA] iter=00013 eval=03446 misfit=5.606102e-01 best=5.600125e-01
[NA] iter=00013 eval=03447 misfit=5.609917e-01 best=5.600125e-01
[NA] iter=00013 eval=03448 misfit=5.601197e-01 best=5.600125e-01
[NA] iter=00013 eval=03449 misfit=5.599439e-01 best=5.599439e-01
[NA] iter=00013 eval=03450 misfit=5.607834e-01 best=5.599439e-01
[NA] iter=00013 eval=03451 misfit=5.609459e-01 best=5.599439e-01
[NA] iter=00013 eval=03452 misfit=5.619022e-01 best=5.599439e-01
[NA] iter=00013 eval=03453 misfit=5.608652e-01 best=5.599439e-01
[NA] iter=00013 eval=03454 misfit=5.599707e-01 best=5.599439e-01
[NA] iter=00013 eval=03455 misfit=5.607823e-01 best=5.599439e-01
[NA] iter=00013 eval=03456 misfit=5.606351e-01 best=5.599439e-01
[NA] iter=00013 eval=03457 misfit=5.607364e-01 best=5.599439e-01
[NA] iter=00013 eval=03458 misfit=5.608191e-01 best=5.599439e-01
[NA] iter=00013 eval=03459 misfit=5.607335e-01 best=5.599439e-01
[NA] iter=00013 eval=03460 misfit=5.607809e-01 best=5.599439e-01
[NA] iter=00013 eval=03461 misfit=5.632768e-01 best=5.599439e-01
[NA] iter=00013 eval=03462 misfit=5.607129e-01 best=5.599439e-01
[NA] iter=00013 eval=03463 misfit=5.604373e-01 best=5.599439e-01
[NA] iter=00013 eval=03464 misfit=5.610767e-01 best=5.599439e-01
[NA] iter=00013 eval=03465 misfit=5.634600e-01 best=5.599439e-01
[NA] iter=00013 eval=03466 misfit=5.623524e-01 best=5.599439e-01
[NA] iter=00013 eval=03467 misfit=5.624735e-01 best=5.599439e-01
[NA] iter=00013 eval=03468 misfit=5.626082e-01 best=5.599439e-01
[NA] iter=00013 eval=03469 misfit=5.605697e-01 best=5.599439e-01
[NA] iter=00013 eval=03470 misfit=5.610619e-01 best=5.599439e-01
[NA] iter=00013 eval=03471 misfit=5.619305e-01 best=5.599439e-01
[NA] iter=00013 eval=03472 misfit=5.635516e-01 best=5.599439e-01
[NA] iter=00013 eval=03473 misfit=5.615700e-01 best=5.599439e-01
[NA] iter=00013 eval=03474 misfit=5.602864e-01 best=5.599439e-01
[NA] iter=00013 eval=03475 misfit=5.631446e-01 best=5.599439e-01
[NA] iter=00013 eval=03476 misfit=5.617234e-01 best=5.599439e-01
[NA] iter=00013 eval=03477 misfit=5.604860e-01 best=5.599439e-01
[NA] iter=00013 eval=03478 misfit=5.604493e-01 best=5.599439e-01
[NA] iter=00013 eval=03479 misfit=5.618555e-01 best=5.599439e-01
[NA] iter=00013 eval=03480 misfit=5.612403e-01 best=5.599439e-01
[NA] iter=00013 eval=03481 misfit=5.605115e-01 best=5.599439e-01
[NA] iter=00013 eval=03482 misfit=5.607769e-01 best=5.599439e-01
[NA] iter=00013 eval=03483 misfit=5.609326e-01 best=5.599439e-01
[NA] iter=00013 eval=03484 misfit=5.606755e-01 best=5.599439e-01
[NA] iter=00013 eval=03485 misfit=5.607121e-01 best=5.599439e-01
[NA] iter=00013 eval=03486 misfit=5.608656e-01 best=5.599439e-01
[NA] iter=00013 eval=03487 misfit=5.607275e-01 best=5.599439e-01
[NA] iter=00013 eval=03488 misfit=5.604830e-01 best=5.599439e-01
[NA] iter=00013 eval=03489 misfit=5.612535e-01 best=5.599439e-01
[NA] iter=00013 eval=03490 misfit=5.610881e-01 best=5.599439e-01
[NA] iter=00013 eval=03491 misfit=5.605449e-01 best=5.599439e-01
[NA] iter=00013 eval=03492 misfit=5.606264e-01 best=5.599439e-01
[NA] iter=00013 eval=03493 misfit=5.611397e-01 best=5.599439e-01
[NA] iter=00013 eval=03494 misfit=5.607841e-01 best=5.599439e-01
[NA] iter=00013 eval=03495 misfit=5.609052e-01 best=5.599439e-01
[NA] iter=00013 eval=03496 misfit=5.603595e-01 best=5.599439e-01
[NA] iter=00013 eval=03497 misfit=5.609313e-01 best=5.599439e-01
[NA] iter=00013 eval=03498 misfit=5.617734e-01 best=5.599439e-01
[NA] iter=00013 eval=03499 misfit=5.616940e-01 best=5.599439e-01
[NA] iter=00013 eval=03500 misfit=5.604413e-01 best=5.599439e-01
[NA] iter=00013 eval=03501 misfit=5.604746e-01 best=5.599439e-01
[NA] iter=00013 eval=03502 misfit=5.609055e-01 best=5.599439e-01
[NA] iter=00013 eval=03503 misfit=5.617459e-01 best=5.599439e-01
[NA] iter=00013 eval=03504 misfit=5.613783e-01 best=5.599439e-01
[NA] iter=00013 eval=03505 misfit=5.603129e-01 best=5.599439e-01
[NA] iter=00013 eval=03506 misfit=5.602729e-01 best=5.599439e-01
[NA] iter=00013 eval=03507 misfit=5.614274e-01 best=5.599439e-01
[NA] iter=00013 eval=03508 misfit=5.606311e-01 best=5.599439e-01
[NA] iter=00013 eval=03509 misfit=5.614943e-01 best=5.599439e-01
[NA] iter=00013 eval=03510 misfit=5.604606e-01 best=5.599439e-01
[NA] iter=00013 eval=03511 misfit=5.611615e-01 best=5.599439e-01
[NA] iter=00013 eval=03512 misfit=5.613658e-01 best=5.599439e-01
[NA] iter=00013 eval=03513 misfit=5.620992e-01 best=5.599439e-01
[NA] iter=00013 eval=03514 misfit=5.612355e-01 best=5.599439e-01
[NA] iter=00013 eval=03515 misfit=5.621104e-01 best=5.599439e-01
[NA] iter=00013 eval=03516 misfit=5.612921e-01 best=5.599439e-01
[NA] iter=00013 eval=03517 misfit=5.632679e-01 best=5.599439e-01
[NA] iter=00013 eval=03518 misfit=5.621120e-01 best=5.599439e-01
[NA] iter=00013 eval=03519 misfit=5.631617e-01 best=5.599439e-01
[NA] iter=00013 eval=03520 misfit=5.615813e-01 best=5.599439e-01
[NA] iter=00013 eval=03521 misfit=5.614593e-01 best=5.599439e-01
[NA] iter=00013 eval=03522 misfit=5.605219e-01 best=5.599439e-01
[NA] iter=00013 eval=03523 misfit=5.608016e-01 best=5.599439e-01
[NA] iter=00013 eval=03524 misfit=5.608430e-01 best=5.599439e-01
[NA] iter=00013 eval=03525 misfit=5.614733e-01 best=5.599439e-01
[NA] iter=00013 eval=03526 misfit=5.608810e-01 best=5.599439e-01
[NA] iter=00013 eval=03527 misfit=5.608093e-01 best=5.599439e-01
[NA] iter=00013 eval=03528 misfit=5.613947e-01 best=5.599439e-01
[NA] iter=00013 eval=03529 misfit=5.614249e-01 best=5.599439e-01
[NA] iter=00013 eval=03530 misfit=5.607455e-01 best=5.599439e-01
[NA] iter=00013 eval=03531 misfit=5.616141e-01 best=5.599439e-01
[NA] iter=00013 eval=03532 misfit=5.617379e-01 best=5.599439e-01
[NA] iter=00013 eval=03533 misfit=5.609595e-01 best=5.599439e-01
[NA] iter=00013 eval=03534 misfit=5.626094e-01 best=5.599439e-01
[NA] iter=00013 eval=03535 misfit=5.617427e-01 best=5.599439e-01
[NA] iter=00013 eval=03536 misfit=5.614526e-01 best=5.599439e-01
[NA] iter=00013 eval=03537 misfit=5.611398e-01 best=5.599439e-01
[NA] iter=00013 eval=03538 misfit=5.618948e-01 best=5.599439e-01
[NA] iter=00013 eval=03539 misfit=5.610787e-01 best=5.599439e-01
[NA] iter=00013 eval=03540 misfit=5.614881e-01 best=5.599439e-01
[NA] iter=00013 eval=03541 misfit=5.605025e-01 best=5.599439e-01
[NA] iter=00013 eval=03542 misfit=5.605447e-01 best=5.599439e-01
[NA] iter=00013 eval=03543 misfit=5.607484e-01 best=5.599439e-01
[NA] iter=00013 eval=03544 misfit=5.613483e-01 best=5.599439e-01
[NA] iter=00013 eval=03545 misfit=5.602641e-01 best=5.599439e-01
[NA] iter=00013 eval=03546 misfit=5.606723e-01 best=5.599439e-01
[NA] iter=00013 eval=03547 misfit=5.607287e-01 best=5.599439e-01
[NA] iter=00013 eval=03548 misfit=5.606788e-01 best=5.599439e-01
[NA] iter=00013 eval=03549 misfit=5.606823e-01 best=5.599439e-01
[NA] iter=00013 eval=03550 misfit=5.606632e-01 best=5.599439e-01
[NA] iter=00013 eval=03551 misfit=5.611393e-01 best=5.599439e-01
[NA] iter=00013 eval=03552 misfit=5.608166e-01 best=5.599439e-01
[NA] iter=00013 eval=03553 misfit=5.609793e-01 best=5.599439e-01
[NA] iter=00013 eval=03554 misfit=5.608804e-01 best=5.599439e-01
[NA] iter=00013 eval=03555 misfit=5.611077e-01 best=5.599439e-01
[NA] iter=00013 eval=03556 misfit=5.607565e-01 best=5.599439e-01
[NA] iter=00013 eval=03557 misfit=5.607961e-01 best=5.599439e-01
[NA] iter=00013 eval=03558 misfit=5.606647e-01 best=5.599439e-01
[NA] iter=00013 eval=03559 misfit=5.610880e-01 best=5.599439e-01
[NA] iter=00013 eval=03560 misfit=5.622297e-01 best=5.599439e-01
[NA] iter=00013 eval=03561 misfit=5.617330e-01 best=5.599439e-01
[NA] iter=00013 eval=03562 misfit=5.602773e-01 best=5.599439e-01
[NA] iter=00013 eval=03563 misfit=5.603132e-01 best=5.599439e-01
[NA] iter=00013 eval=03564 misfit=5.602879e-01 best=5.599439e-01
[NA] iter=00013 eval=03565 misfit=5.601710e-01 best=5.599439e-01
[NA] iter=00013 eval=03566 misfit=5.601826e-01 best=5.599439e-01
[NA] iter=00013 eval=03567 misfit=5.616222e-01 best=5.599439e-01
[NA] iter=00013 eval=03568 misfit=5.612624e-01 best=5.599439e-01
[NA] iter=00013 eval=03569 misfit=5.604938e-01 best=5.599439e-01
[NA] iter=00013 eval=03570 misfit=5.618692e-01 best=5.599439e-01
[NA] iter=00013 eval=03571 misfit=5.618949e-01 best=5.599439e-01
[NA] iter=00013 eval=03572 misfit=5.610897e-01 best=5.599439e-01
[NA] iter=00013 eval=03573 misfit=5.619710e-01 best=5.599439e-01
[NA] iter=00013 eval=03574 misfit=5.612491e-01 best=5.599439e-01
[NA] iter=00013 eval=03575 misfit=5.610231e-01 best=5.599439e-01
[NA] iter=00013 eval=03576 misfit=5.612274e-01 best=5.599439e-01
[NA] iter=00013 eval=03577 misfit=5.610050e-01 best=5.599439e-01
[NA] iter=00013 eval=03578 misfit=5.612393e-01 best=5.599439e-01
[NA] iter=00013 eval=03579 misfit=5.609585e-01 best=5.599439e-01
[NA] iter=00013 eval=03580 misfit=5.613181e-01 best=5.599439e-01
[NA] iter=00013 eval=03581 misfit=5.608160e-01 best=5.599439e-01
[NA] iter=00013 eval=03582 misfit=5.607029e-01 best=5.599439e-01
[NA] iter=00013 eval=03583 misfit=5.615156e-01 best=5.599439e-01
[NA] iter=00013 eval=03584 misfit=5.606092e-01 best=5.599439e-01
[NA] iter=00013 eval=03585 misfit=5.611583e-01 best=5.599439e-01
[NA] iter=00013 eval=03586 misfit=5.605376e-01 best=5.599439e-01
[NA] iter=00013 eval=03587 misfit=5.613524e-01 best=5.599439e-01
[NA] iter=00013 eval=03588 misfit=5.617350e-01 best=5.599439e-01
[NA] iter=00013 eval=03589 misfit=5.610444e-01 best=5.599439e-01
[NA] iter=00013 eval=03590 misfit=5.606382e-01 best=5.599439e-01
[NA] iter=00013 eval=03591 misfit=5.608309e-01 best=5.599439e-01
[NA] iter=00013 eval=03592 misfit=5.611809e-01 best=5.599439e-01
[NA] iter=00013 eval=03593 misfit=5.614490e-01 best=5.599439e-01
[NA] iter=00013 eval=03594 misfit=5.606726e-01 best=5.599439e-01
[NA] iter=00013 eval=03595 misfit=5.610037e-01 best=5.599439e-01
[NA] iter=00013 eval=03596 misfit=5.612536e-01 best=5.599439e-01
[NA] iter=00013 eval=03597 misfit=5.608415e-01 best=5.599439e-01
[NA] iter=00013 eval=03598 misfit=5.627978e-01 best=5.599439e-01
[NA] iter=00013 eval=03599 misfit=5.611898e-01 best=5.599439e-01
[NA] iter=00013 eval=03600 misfit=5.607583e-01 best=5.599439e-01
NAI - Optimisation Loop:  43%|████▎     | 13/30 [26:46<34:48, 122.85s/it][NA] iter=00014 eval=03601 misfit=5.605190e-01 best=5.599439e-01
[NA] iter=00014 eval=03602 misfit=5.604927e-01 best=5.599439e-01
[NA] iter=00014 eval=03603 misfit=5.605663e-01 best=5.599439e-01
[NA] iter=00014 eval=03604 misfit=5.603284e-01 best=5.599439e-01
[NA] iter=00014 eval=03605 misfit=5.609382e-01 best=5.599439e-01
[NA] iter=00014 eval=03606 misfit=5.607222e-01 best=5.599439e-01
[NA] iter=00014 eval=03607 misfit=5.613845e-01 best=5.599439e-01
[NA] iter=00014 eval=03608 misfit=5.603512e-01 best=5.599439e-01
[NA] iter=00014 eval=03609 misfit=5.613070e-01 best=5.599439e-01
[NA] iter=00014 eval=03610 misfit=5.609832e-01 best=5.599439e-01
[NA] iter=00014 eval=03611 misfit=5.609534e-01 best=5.599439e-01
[NA] iter=00014 eval=03612 misfit=5.604652e-01 best=5.599439e-01
[NA] iter=00014 eval=03613 misfit=5.603785e-01 best=5.599439e-01
[NA] iter=00014 eval=03614 misfit=5.608087e-01 best=5.599439e-01
[NA] iter=00014 eval=03615 misfit=5.607800e-01 best=5.599439e-01
[NA] iter=00014 eval=03616 misfit=5.600128e-01 best=5.599439e-01
[NA] iter=00014 eval=03617 misfit=5.608139e-01 best=5.599439e-01
[NA] iter=00014 eval=03618 misfit=5.610851e-01 best=5.599439e-01
[NA] iter=00014 eval=03619 misfit=5.608000e-01 best=5.599439e-01
[NA] iter=00014 eval=03620 misfit=5.610972e-01 best=5.599439e-01
[NA] iter=00014 eval=03621 misfit=5.598824e-01 best=5.598824e-01
[NA] iter=00014 eval=03622 misfit=5.611669e-01 best=5.598824e-01
[NA] iter=00014 eval=03623 misfit=5.612710e-01 best=5.598824e-01
[NA] iter=00014 eval=03624 misfit=5.613704e-01 best=5.598824e-01
[NA] iter=00014 eval=03625 misfit=5.604450e-01 best=5.598824e-01
[NA] iter=00014 eval=03626 misfit=5.614151e-01 best=5.598824e-01
[NA] iter=00014 eval=03627 misfit=5.611546e-01 best=5.598824e-01
[NA] iter=00014 eval=03628 misfit=5.599411e-01 best=5.598824e-01
[NA] iter=00014 eval=03629 misfit=5.599452e-01 best=5.598824e-01
[NA] iter=00014 eval=03630 misfit=5.613501e-01 best=5.598824e-01
[NA] iter=00014 eval=03631 misfit=5.606298e-01 best=5.598824e-01
[NA] iter=00014 eval=03632 misfit=5.608043e-01 best=5.598824e-01
[NA] iter=00014 eval=03633 misfit=5.601333e-01 best=5.598824e-01
[NA] iter=00014 eval=03634 misfit=5.606184e-01 best=5.598824e-01
[NA] iter=00014 eval=03635 misfit=5.613068e-01 best=5.598824e-01
[NA] iter=00014 eval=03636 misfit=5.600577e-01 best=5.598824e-01
[NA] iter=00014 eval=03637 misfit=5.603704e-01 best=5.598824e-01
[NA] iter=00014 eval=03638 misfit=5.609646e-01 best=5.598824e-01
[NA] iter=00014 eval=03639 misfit=5.607874e-01 best=5.598824e-01
[NA] iter=00014 eval=03640 misfit=5.601484e-01 best=5.598824e-01
[NA] iter=00014 eval=03641 misfit=5.607902e-01 best=5.598824e-01
[NA] iter=00014 eval=03642 misfit=5.605533e-01 best=5.598824e-01
[NA] iter=00014 eval=03643 misfit=5.616441e-01 best=5.598824e-01
[NA] iter=00014 eval=03644 misfit=5.612234e-01 best=5.598824e-01
[NA] iter=00014 eval=03645 misfit=5.610823e-01 best=5.598824e-01
[NA] iter=00014 eval=03646 misfit=5.603793e-01 best=5.598824e-01
[NA] iter=00014 eval=03647 misfit=5.604970e-01 best=5.598824e-01
[NA] iter=00014 eval=03648 misfit=5.603556e-01 best=5.598824e-01
[NA] iter=00014 eval=03649 misfit=5.603265e-01 best=5.598824e-01
[NA] iter=00014 eval=03650 misfit=5.607999e-01 best=5.598824e-01
[NA] iter=00014 eval=03651 misfit=5.601987e-01 best=5.598824e-01
[NA] iter=00014 eval=03652 misfit=5.606611e-01 best=5.598824e-01
[NA] iter=00014 eval=03653 misfit=5.605147e-01 best=5.598824e-01
[NA] iter=00014 eval=03654 misfit=5.610090e-01 best=5.598824e-01
[NA] iter=00014 eval=03655 misfit=5.604035e-01 best=5.598824e-01
[NA] iter=00014 eval=03656 misfit=5.616079e-01 best=5.598824e-01
[NA] iter=00014 eval=03657 misfit=5.600654e-01 best=5.598824e-01
[NA] iter=00014 eval=03658 misfit=5.611842e-01 best=5.598824e-01
[NA] iter=00014 eval=03659 misfit=5.614878e-01 best=5.598824e-01
[NA] iter=00014 eval=03660 misfit=5.604009e-01 best=5.598824e-01
[NA] iter=00014 eval=03661 misfit=5.602531e-01 best=5.598824e-01
[NA] iter=00014 eval=03662 misfit=5.601781e-01 best=5.598824e-01
[NA] iter=00014 eval=03663 misfit=5.602963e-01 best=5.598824e-01
[NA] iter=00014 eval=03664 misfit=5.602435e-01 best=5.598824e-01
[NA] iter=00014 eval=03665 misfit=5.602747e-01 best=5.598824e-01
[NA] iter=00014 eval=03666 misfit=5.606593e-01 best=5.598824e-01
[NA] iter=00014 eval=03667 misfit=5.602227e-01 best=5.598824e-01
[NA] iter=00014 eval=03668 misfit=5.606386e-01 best=5.598824e-01
[NA] iter=00014 eval=03669 misfit=5.602559e-01 best=5.598824e-01
[NA] iter=00014 eval=03670 misfit=5.602849e-01 best=5.598824e-01
[NA] iter=00014 eval=03671 misfit=5.607006e-01 best=5.598824e-01
[NA] iter=00014 eval=03672 misfit=5.602712e-01 best=5.598824e-01
[NA] iter=00014 eval=03673 misfit=5.602824e-01 best=5.598824e-01
[NA] iter=00014 eval=03674 misfit=5.603139e-01 best=5.598824e-01
[NA] iter=00014 eval=03675 misfit=5.604842e-01 best=5.598824e-01
[NA] iter=00014 eval=03676 misfit=5.601897e-01 best=5.598824e-01
[NA] iter=00014 eval=03677 misfit=5.606816e-01 best=5.598824e-01
[NA] iter=00014 eval=03678 misfit=5.606670e-01 best=5.598824e-01
[NA] iter=00014 eval=03679 misfit=5.606907e-01 best=5.598824e-01
[NA] iter=00014 eval=03680 misfit=5.609659e-01 best=5.598824e-01
[NA] iter=00014 eval=03681 misfit=5.602843e-01 best=5.598824e-01
[NA] iter=00014 eval=03682 misfit=5.606433e-01 best=5.598824e-01
[NA] iter=00014 eval=03683 misfit=5.602784e-01 best=5.598824e-01
[NA] iter=00014 eval=03684 misfit=5.602800e-01 best=5.598824e-01
[NA] iter=00014 eval=03685 misfit=5.603712e-01 best=5.598824e-01
[NA] iter=00014 eval=03686 misfit=5.601881e-01 best=5.598824e-01
[NA] iter=00014 eval=03687 misfit=5.608920e-01 best=5.598824e-01
[NA] iter=00014 eval=03688 misfit=5.610499e-01 best=5.598824e-01
[NA] iter=00014 eval=03689 misfit=5.608478e-01 best=5.598824e-01
[NA] iter=00014 eval=03690 misfit=5.601284e-01 best=5.598824e-01
[NA] iter=00014 eval=03691 misfit=5.603333e-01 best=5.598824e-01
[NA] iter=00014 eval=03692 misfit=5.602664e-01 best=5.598824e-01
[NA] iter=00014 eval=03693 misfit=5.603546e-01 best=5.598824e-01
[NA] iter=00014 eval=03694 misfit=5.603113e-01 best=5.598824e-01
[NA] iter=00014 eval=03695 misfit=5.604118e-01 best=5.598824e-01
[NA] iter=00014 eval=03696 misfit=5.603719e-01 best=5.598824e-01
[NA] iter=00014 eval=03697 misfit=5.604356e-01 best=5.598824e-01
[NA] iter=00014 eval=03698 misfit=5.602457e-01 best=5.598824e-01
[NA] iter=00014 eval=03699 misfit=5.603830e-01 best=5.598824e-01
[NA] iter=00014 eval=03700 misfit=5.603330e-01 best=5.598824e-01
[NA] iter=00014 eval=03701 misfit=5.606353e-01 best=5.598824e-01
[NA] iter=00014 eval=03702 misfit=5.605773e-01 best=5.598824e-01
[NA] iter=00014 eval=03703 misfit=5.605827e-01 best=5.598824e-01
[NA] iter=00014 eval=03704 misfit=5.605000e-01 best=5.598824e-01
[NA] iter=00014 eval=03705 misfit=5.603224e-01 best=5.598824e-01
[NA] iter=00014 eval=03706 misfit=5.607787e-01 best=5.598824e-01
[NA] iter=00014 eval=03707 misfit=5.605033e-01 best=5.598824e-01
[NA] iter=00014 eval=03708 misfit=5.607219e-01 best=5.598824e-01
[NA] iter=00014 eval=03709 misfit=5.606337e-01 best=5.598824e-01
[NA] iter=00014 eval=03710 misfit=5.604997e-01 best=5.598824e-01
[NA] iter=00014 eval=03711 misfit=5.607114e-01 best=5.598824e-01
[NA] iter=00014 eval=03712 misfit=5.615298e-01 best=5.598824e-01
[NA] iter=00014 eval=03713 misfit=5.606924e-01 best=5.598824e-01
[NA] iter=00014 eval=03714 misfit=5.606308e-01 best=5.598824e-01
[NA] iter=00014 eval=03715 misfit=5.609737e-01 best=5.598824e-01
[NA] iter=00014 eval=03716 misfit=5.619460e-01 best=5.598824e-01
[NA] iter=00014 eval=03717 misfit=5.611015e-01 best=5.598824e-01
[NA] iter=00014 eval=03718 misfit=5.614087e-01 best=5.598824e-01
[NA] iter=00014 eval=03719 misfit=5.605327e-01 best=5.598824e-01
[NA] iter=00014 eval=03720 misfit=5.608920e-01 best=5.598824e-01
[NA] iter=00014 eval=03721 misfit=5.603243e-01 best=5.598824e-01
[NA] iter=00014 eval=03722 misfit=5.602527e-01 best=5.598824e-01
[NA] iter=00014 eval=03723 misfit=5.602410e-01 best=5.598824e-01
[NA] iter=00014 eval=03724 misfit=5.603828e-01 best=5.598824e-01
[NA] iter=00014 eval=03725 misfit=5.608498e-01 best=5.598824e-01
[NA] iter=00014 eval=03726 misfit=5.605743e-01 best=5.598824e-01
[NA] iter=00014 eval=03727 misfit=5.603898e-01 best=5.598824e-01
[NA] iter=00014 eval=03728 misfit=5.603354e-01 best=5.598824e-01
[NA] iter=00014 eval=03729 misfit=5.604783e-01 best=5.598824e-01
[NA] iter=00014 eval=03730 misfit=5.606091e-01 best=5.598824e-01
[NA] iter=00014 eval=03731 misfit=5.611220e-01 best=5.598824e-01
[NA] iter=00014 eval=03732 misfit=5.616953e-01 best=5.598824e-01
[NA] iter=00014 eval=03733 misfit=5.608461e-01 best=5.598824e-01
[NA] iter=00014 eval=03734 misfit=5.610437e-01 best=5.598824e-01
[NA] iter=00014 eval=03735 misfit=5.622452e-01 best=5.598824e-01
[NA] iter=00014 eval=03736 misfit=5.608556e-01 best=5.598824e-01
[NA] iter=00014 eval=03737 misfit=5.625727e-01 best=5.598824e-01
[NA] iter=00014 eval=03738 misfit=5.611924e-01 best=5.598824e-01
[NA] iter=00014 eval=03739 misfit=5.619999e-01 best=5.598824e-01
[NA] iter=00014 eval=03740 misfit=5.614058e-01 best=5.598824e-01
[NA] iter=00014 eval=03741 misfit=5.604209e-01 best=5.598824e-01
[NA] iter=00014 eval=03742 misfit=5.602887e-01 best=5.598824e-01
[NA] iter=00014 eval=03743 misfit=5.607863e-01 best=5.598824e-01
[NA] iter=00014 eval=03744 misfit=5.604381e-01 best=5.598824e-01
[NA] iter=00014 eval=03745 misfit=5.604301e-01 best=5.598824e-01
[NA] iter=00014 eval=03746 misfit=5.606181e-01 best=5.598824e-01
[NA] iter=00014 eval=03747 misfit=5.604126e-01 best=5.598824e-01
[NA] iter=00014 eval=03748 misfit=5.608007e-01 best=5.598824e-01
[NA] iter=00014 eval=03749 misfit=5.608940e-01 best=5.598824e-01
[NA] iter=00014 eval=03750 misfit=5.602721e-01 best=5.598824e-01
[NA] iter=00014 eval=03751 misfit=5.603241e-01 best=5.598824e-01
[NA] iter=00014 eval=03752 misfit=5.612616e-01 best=5.598824e-01
[NA] iter=00014 eval=03753 misfit=5.602946e-01 best=5.598824e-01
[NA] iter=00014 eval=03754 misfit=5.605419e-01 best=5.598824e-01
[NA] iter=00014 eval=03755 misfit=5.605303e-01 best=5.598824e-01
[NA] iter=00014 eval=03756 misfit=5.606833e-01 best=5.598824e-01
[NA] iter=00014 eval=03757 misfit=5.605050e-01 best=5.598824e-01
[NA] iter=00014 eval=03758 misfit=5.606878e-01 best=5.598824e-01
[NA] iter=00014 eval=03759 misfit=5.611632e-01 best=5.598824e-01
[NA] iter=00014 eval=03760 misfit=5.610151e-01 best=5.598824e-01
[NA] iter=00014 eval=03761 misfit=5.616525e-01 best=5.598824e-01
[NA] iter=00014 eval=03762 misfit=5.603469e-01 best=5.598824e-01
[NA] iter=00014 eval=03763 misfit=5.605473e-01 best=5.598824e-01
[NA] iter=00014 eval=03764 misfit=5.609151e-01 best=5.598824e-01
[NA] iter=00014 eval=03765 misfit=5.617501e-01 best=5.598824e-01
[NA] iter=00014 eval=03766 misfit=5.603961e-01 best=5.598824e-01
[NA] iter=00014 eval=03767 misfit=5.607345e-01 best=5.598824e-01
[NA] iter=00014 eval=03768 misfit=5.605225e-01 best=5.598824e-01
[NA] iter=00014 eval=03769 misfit=5.611675e-01 best=5.598824e-01
[NA] iter=00014 eval=03770 misfit=5.608450e-01 best=5.598824e-01
[NA] iter=00014 eval=03771 misfit=5.606752e-01 best=5.598824e-01
[NA] iter=00014 eval=03772 misfit=5.602787e-01 best=5.598824e-01
[NA] iter=00014 eval=03773 misfit=5.604143e-01 best=5.598824e-01
[NA] iter=00014 eval=03774 misfit=5.602861e-01 best=5.598824e-01
[NA] iter=00014 eval=03775 misfit=5.603176e-01 best=5.598824e-01
[NA] iter=00014 eval=03776 misfit=5.606808e-01 best=5.598824e-01
[NA] iter=00014 eval=03777 misfit=5.607445e-01 best=5.598824e-01
[NA] iter=00014 eval=03778 misfit=5.606456e-01 best=5.598824e-01
[NA] iter=00014 eval=03779 misfit=5.603311e-01 best=5.598824e-01
[NA] iter=00014 eval=03780 misfit=5.606273e-01 best=5.598824e-01
[NA] iter=00014 eval=03781 misfit=5.606421e-01 best=5.598824e-01
[NA] iter=00014 eval=03782 misfit=5.609339e-01 best=5.598824e-01
[NA] iter=00014 eval=03783 misfit=5.613833e-01 best=5.598824e-01
[NA] iter=00014 eval=03784 misfit=5.604484e-01 best=5.598824e-01
[NA] iter=00014 eval=03785 misfit=5.612219e-01 best=5.598824e-01
[NA] iter=00014 eval=03786 misfit=5.611989e-01 best=5.598824e-01
[NA] iter=00014 eval=03787 misfit=5.613335e-01 best=5.598824e-01
[NA] iter=00014 eval=03788 misfit=5.611981e-01 best=5.598824e-01
[NA] iter=00014 eval=03789 misfit=5.608936e-01 best=5.598824e-01
[NA] iter=00014 eval=03790 misfit=5.613802e-01 best=5.598824e-01
[NA] iter=00014 eval=03791 misfit=5.603007e-01 best=5.598824e-01
[NA] iter=00014 eval=03792 misfit=5.607736e-01 best=5.598824e-01
[NA] iter=00014 eval=03793 misfit=5.606537e-01 best=5.598824e-01
[NA] iter=00014 eval=03794 misfit=5.602618e-01 best=5.598824e-01
[NA] iter=00014 eval=03795 misfit=5.603894e-01 best=5.598824e-01
[NA] iter=00014 eval=03796 misfit=5.604175e-01 best=5.598824e-01
[NA] iter=00014 eval=03797 misfit=5.604089e-01 best=5.598824e-01
[NA] iter=00014 eval=03798 misfit=5.602788e-01 best=5.598824e-01
[NA] iter=00014 eval=03799 misfit=5.603506e-01 best=5.598824e-01
[NA] iter=00014 eval=03800 misfit=5.602780e-01 best=5.598824e-01
NAI - Optimisation Loop:  47%|████▋     | 14/30 [28:50<32:48, 123.06s/it][NA] iter=00015 eval=03801 misfit=5.607059e-01 best=5.598824e-01
[NA] iter=00015 eval=03802 misfit=5.600163e-01 best=5.598824e-01
[NA] iter=00015 eval=03803 misfit=5.602226e-01 best=5.598824e-01
[NA] iter=00015 eval=03804 misfit=5.599815e-01 best=5.598824e-01
[NA] iter=00015 eval=03805 misfit=5.602672e-01 best=5.598824e-01
[NA] iter=00015 eval=03806 misfit=5.608070e-01 best=5.598824e-01
[NA] iter=00015 eval=03807 misfit=5.599545e-01 best=5.598824e-01
[NA] iter=00015 eval=03808 misfit=5.608265e-01 best=5.598824e-01
[NA] iter=00015 eval=03809 misfit=5.598709e-01 best=5.598709e-01
[NA] iter=00015 eval=03810 misfit=5.599819e-01 best=5.598709e-01
[NA] iter=00015 eval=03811 misfit=5.597521e-01 best=5.597521e-01
[NA] iter=00015 eval=03812 misfit=5.623468e-01 best=5.597521e-01
[NA] iter=00015 eval=03813 misfit=5.608751e-01 best=5.597521e-01
[NA] iter=00015 eval=03814 misfit=5.591642e-01 best=5.591642e-01
[NA] iter=00015 eval=03815 misfit=5.604346e-01 best=5.591642e-01
[NA] iter=00015 eval=03816 misfit=5.611665e-01 best=5.591642e-01
[NA] iter=00015 eval=03817 misfit=5.606900e-01 best=5.591642e-01
[NA] iter=00015 eval=03818 misfit=5.602500e-01 best=5.591642e-01
[NA] iter=00015 eval=03819 misfit=5.617838e-01 best=5.591642e-01
[NA] iter=00015 eval=03820 misfit=5.597925e-01 best=5.591642e-01
[NA] iter=00015 eval=03821 misfit=5.599169e-01 best=5.591642e-01
[NA] iter=00015 eval=03822 misfit=5.602124e-01 best=5.591642e-01
[NA] iter=00015 eval=03823 misfit=5.601502e-01 best=5.591642e-01
[NA] iter=00015 eval=03824 misfit=5.601880e-01 best=5.591642e-01
[NA] iter=00015 eval=03825 misfit=5.601448e-01 best=5.591642e-01
[NA] iter=00015 eval=03826 misfit=5.600012e-01 best=5.591642e-01
[NA] iter=00015 eval=03827 misfit=5.599853e-01 best=5.591642e-01
[NA] iter=00015 eval=03828 misfit=5.599438e-01 best=5.591642e-01
[NA] iter=00015 eval=03829 misfit=5.603437e-01 best=5.591642e-01
[NA] iter=00015 eval=03830 misfit=5.603411e-01 best=5.591642e-01
[NA] iter=00015 eval=03831 misfit=5.606036e-01 best=5.591642e-01
[NA] iter=00015 eval=03832 misfit=5.606843e-01 best=5.591642e-01
[NA] iter=00015 eval=03833 misfit=5.604340e-01 best=5.591642e-01
[NA] iter=00015 eval=03834 misfit=5.614798e-01 best=5.591642e-01
[NA] iter=00015 eval=03835 misfit=5.615574e-01 best=5.591642e-01
[NA] iter=00015 eval=03836 misfit=5.612013e-01 best=5.591642e-01
[NA] iter=00015 eval=03837 misfit=5.620658e-01 best=5.591642e-01
[NA] iter=00015 eval=03838 misfit=5.605946e-01 best=5.591642e-01
[NA] iter=00015 eval=03839 misfit=5.606017e-01 best=5.591642e-01
[NA] iter=00015 eval=03840 misfit=5.602680e-01 best=5.591642e-01
[NA] iter=00015 eval=03841 misfit=5.604039e-01 best=5.591642e-01
[NA] iter=00015 eval=03842 misfit=5.610930e-01 best=5.591642e-01
[NA] iter=00015 eval=03843 misfit=5.604090e-01 best=5.591642e-01
[NA] iter=00015 eval=03844 misfit=5.600398e-01 best=5.591642e-01
[NA] iter=00015 eval=03845 misfit=5.604853e-01 best=5.591642e-01
[NA] iter=00015 eval=03846 misfit=5.600412e-01 best=5.591642e-01
[NA] iter=00015 eval=03847 misfit=5.606037e-01 best=5.591642e-01
[NA] iter=00015 eval=03848 misfit=5.607195e-01 best=5.591642e-01
[NA] iter=00015 eval=03849 misfit=5.609694e-01 best=5.591642e-01
[NA] iter=00015 eval=03850 misfit=5.600667e-01 best=5.591642e-01
[NA] iter=00015 eval=03851 misfit=5.600511e-01 best=5.591642e-01
[NA] iter=00015 eval=03852 misfit=5.599489e-01 best=5.591642e-01
[NA] iter=00015 eval=03853 misfit=5.604225e-01 best=5.591642e-01
[NA] iter=00015 eval=03854 misfit=5.604161e-01 best=5.591642e-01
[NA] iter=00015 eval=03855 misfit=5.600921e-01 best=5.591642e-01
[NA] iter=00015 eval=03856 misfit=5.600179e-01 best=5.591642e-01
[NA] iter=00015 eval=03857 misfit=5.600840e-01 best=5.591642e-01
[NA] iter=00015 eval=03858 misfit=5.609662e-01 best=5.591642e-01
[NA] iter=00015 eval=03859 misfit=5.610170e-01 best=5.591642e-01
[NA] iter=00015 eval=03860 misfit=5.609100e-01 best=5.591642e-01
[NA] iter=00015 eval=03861 misfit=5.601096e-01 best=5.591642e-01
[NA] iter=00015 eval=03862 misfit=5.606533e-01 best=5.591642e-01
[NA] iter=00015 eval=03863 misfit=5.599838e-01 best=5.591642e-01
[NA] iter=00015 eval=03864 misfit=5.610992e-01 best=5.591642e-01
[NA] iter=00015 eval=03865 misfit=5.599619e-01 best=5.591642e-01
[NA] iter=00015 eval=03866 misfit=5.608263e-01 best=5.591642e-01
[NA] iter=00015 eval=03867 misfit=5.605384e-01 best=5.591642e-01
[NA] iter=00015 eval=03868 misfit=5.603448e-01 best=5.591642e-01
[NA] iter=00015 eval=03869 misfit=5.600356e-01 best=5.591642e-01
[NA] iter=00015 eval=03870 misfit=5.607093e-01 best=5.591642e-01
[NA] iter=00015 eval=03871 misfit=5.604977e-01 best=5.591642e-01
[NA] iter=00015 eval=03872 misfit=5.600691e-01 best=5.591642e-01
[NA] iter=00015 eval=03873 misfit=5.600540e-01 best=5.591642e-01
[NA] iter=00015 eval=03874 misfit=5.604885e-01 best=5.591642e-01
[NA] iter=00015 eval=03875 misfit=5.600813e-01 best=5.591642e-01
[NA] iter=00015 eval=03876 misfit=5.600699e-01 best=5.591642e-01
[NA] iter=00015 eval=03877 misfit=5.601093e-01 best=5.591642e-01
[NA] iter=00015 eval=03878 misfit=5.602080e-01 best=5.591642e-01
[NA] iter=00015 eval=03879 misfit=5.602264e-01 best=5.591642e-01
[NA] iter=00015 eval=03880 misfit=5.605700e-01 best=5.591642e-01
[NA] iter=00015 eval=03881 misfit=5.604408e-01 best=5.591642e-01
[NA] iter=00015 eval=03882 misfit=5.605161e-01 best=5.591642e-01
[NA] iter=00015 eval=03883 misfit=5.601956e-01 best=5.591642e-01
[NA] iter=00015 eval=03884 misfit=5.602124e-01 best=5.591642e-01
[NA] iter=00015 eval=03885 misfit=5.603673e-01 best=5.591642e-01
[NA] iter=00015 eval=03886 misfit=5.604418e-01 best=5.591642e-01
[NA] iter=00015 eval=03887 misfit=5.600374e-01 best=5.591642e-01
[NA] iter=00015 eval=03888 misfit=5.601999e-01 best=5.591642e-01
[NA] iter=00015 eval=03889 misfit=5.600293e-01 best=5.591642e-01
[NA] iter=00015 eval=03890 misfit=5.605493e-01 best=5.591642e-01
[NA] iter=00015 eval=03891 misfit=5.604285e-01 best=5.591642e-01
[NA] iter=00015 eval=03892 misfit=5.605965e-01 best=5.591642e-01
[NA] iter=00015 eval=03893 misfit=5.604711e-01 best=5.591642e-01
[NA] iter=00015 eval=03894 misfit=5.604582e-01 best=5.591642e-01
[NA] iter=00015 eval=03895 misfit=5.602070e-01 best=5.591642e-01
[NA] iter=00015 eval=03896 misfit=5.607248e-01 best=5.591642e-01
[NA] iter=00015 eval=03897 misfit=5.607892e-01 best=5.591642e-01
[NA] iter=00015 eval=03898 misfit=5.611563e-01 best=5.591642e-01
[NA] iter=00015 eval=03899 misfit=5.604364e-01 best=5.591642e-01
[NA] iter=00015 eval=03900 misfit=5.604461e-01 best=5.591642e-01
[NA] iter=00015 eval=03901 misfit=5.606343e-01 best=5.591642e-01
[NA] iter=00015 eval=03902 misfit=5.605893e-01 best=5.591642e-01
[NA] iter=00015 eval=03903 misfit=5.602299e-01 best=5.591642e-01
[NA] iter=00015 eval=03904 misfit=5.608284e-01 best=5.591642e-01
[NA] iter=00015 eval=03905 misfit=5.606290e-01 best=5.591642e-01
[NA] iter=00015 eval=03906 misfit=5.614241e-01 best=5.591642e-01
[NA] iter=00015 eval=03907 misfit=5.605960e-01 best=5.591642e-01
[NA] iter=00015 eval=03908 misfit=5.607041e-01 best=5.591642e-01
[NA] iter=00015 eval=03909 misfit=5.606932e-01 best=5.591642e-01
[NA] iter=00015 eval=03910 misfit=5.612725e-01 best=5.591642e-01
[NA] iter=00015 eval=03911 misfit=5.606889e-01 best=5.591642e-01
[NA] iter=00015 eval=03912 misfit=5.601815e-01 best=5.591642e-01
[NA] iter=00015 eval=03913 misfit=5.601691e-01 best=5.591642e-01
[NA] iter=00015 eval=03914 misfit=5.601325e-01 best=5.591642e-01
[NA] iter=00015 eval=03915 misfit=5.604616e-01 best=5.591642e-01
[NA] iter=00015 eval=03916 misfit=5.609044e-01 best=5.591642e-01
[NA] iter=00015 eval=03917 misfit=5.601787e-01 best=5.591642e-01
[NA] iter=00015 eval=03918 misfit=5.601542e-01 best=5.591642e-01
[NA] iter=00015 eval=03919 misfit=5.604248e-01 best=5.591642e-01
[NA] iter=00015 eval=03920 misfit=5.601957e-01 best=5.591642e-01
[NA] iter=00015 eval=03921 misfit=5.601012e-01 best=5.591642e-01
[NA] iter=00015 eval=03922 misfit=5.608351e-01 best=5.591642e-01
[NA] iter=00015 eval=03923 misfit=5.608692e-01 best=5.591642e-01
[NA] iter=00015 eval=03924 misfit=5.602435e-01 best=5.591642e-01
[NA] iter=00015 eval=03925 misfit=5.608705e-01 best=5.591642e-01
[NA] iter=00015 eval=03926 misfit=5.602263e-01 best=5.591642e-01
[NA] iter=00015 eval=03927 misfit=5.612986e-01 best=5.591642e-01
[NA] iter=00015 eval=03928 misfit=5.600061e-01 best=5.591642e-01
[NA] iter=00015 eval=03929 misfit=5.609871e-01 best=5.591642e-01
[NA] iter=00015 eval=03930 misfit=5.600707e-01 best=5.591642e-01
[NA] iter=00015 eval=03931 misfit=5.606098e-01 best=5.591642e-01
[NA] iter=00015 eval=03932 misfit=5.601692e-01 best=5.591642e-01
[NA] iter=00015 eval=03933 misfit=5.602056e-01 best=5.591642e-01
[NA] iter=00015 eval=03934 misfit=5.604847e-01 best=5.591642e-01
[NA] iter=00015 eval=03935 misfit=5.601459e-01 best=5.591642e-01
[NA] iter=00015 eval=03936 misfit=5.601727e-01 best=5.591642e-01
[NA] iter=00015 eval=03937 misfit=5.605250e-01 best=5.591642e-01
[NA] iter=00015 eval=03938 misfit=5.604882e-01 best=5.591642e-01
[NA] iter=00015 eval=03939 misfit=5.605834e-01 best=5.591642e-01
[NA] iter=00015 eval=03940 misfit=5.604555e-01 best=5.591642e-01
[NA] iter=00015 eval=03941 misfit=5.601360e-01 best=5.591642e-01
[NA] iter=00015 eval=03942 misfit=5.604693e-01 best=5.591642e-01
[NA] iter=00015 eval=03943 misfit=5.601046e-01 best=5.591642e-01
[NA] iter=00015 eval=03944 misfit=5.605009e-01 best=5.591642e-01
[NA] iter=00015 eval=03945 misfit=5.604755e-01 best=5.591642e-01
[NA] iter=00015 eval=03946 misfit=5.600181e-01 best=5.591642e-01
[NA] iter=00015 eval=03947 misfit=5.600263e-01 best=5.591642e-01
[NA] iter=00015 eval=03948 misfit=5.603990e-01 best=5.591642e-01
[NA] iter=00015 eval=03949 misfit=5.601466e-01 best=5.591642e-01
[NA] iter=00015 eval=03950 misfit=5.600026e-01 best=5.591642e-01
[NA] iter=00015 eval=03951 misfit=5.602022e-01 best=5.591642e-01
[NA] iter=00015 eval=03952 misfit=5.601170e-01 best=5.591642e-01
[NA] iter=00015 eval=03953 misfit=5.602065e-01 best=5.591642e-01
[NA] iter=00015 eval=03954 misfit=5.601519e-01 best=5.591642e-01
[NA] iter=00015 eval=03955 misfit=5.605757e-01 best=5.591642e-01
[NA] iter=00015 eval=03956 misfit=5.601700e-01 best=5.591642e-01
[NA] iter=00015 eval=03957 misfit=5.601767e-01 best=5.591642e-01
[NA] iter=00015 eval=03958 misfit=5.606064e-01 best=5.591642e-01
[NA] iter=00015 eval=03959 misfit=5.602975e-01 best=5.591642e-01
[NA] iter=00015 eval=03960 misfit=5.602071e-01 best=5.591642e-01
[NA] iter=00015 eval=03961 misfit=5.604067e-01 best=5.591642e-01
[NA] iter=00015 eval=03962 misfit=5.603354e-01 best=5.591642e-01
[NA] iter=00015 eval=03963 misfit=5.605836e-01 best=5.591642e-01
[NA] iter=00015 eval=03964 misfit=5.606283e-01 best=5.591642e-01
[NA] iter=00015 eval=03965 misfit=5.601658e-01 best=5.591642e-01
[NA] iter=00015 eval=03966 misfit=5.602607e-01 best=5.591642e-01
[NA] iter=00015 eval=03967 misfit=5.603630e-01 best=5.591642e-01
[NA] iter=00015 eval=03968 misfit=5.607163e-01 best=5.591642e-01
[NA] iter=00015 eval=03969 misfit=5.606571e-01 best=5.591642e-01
[NA] iter=00015 eval=03970 misfit=5.605838e-01 best=5.591642e-01
[NA] iter=00015 eval=03971 misfit=5.603738e-01 best=5.591642e-01
[NA] iter=00015 eval=03972 misfit=5.602700e-01 best=5.591642e-01
[NA] iter=00015 eval=03973 misfit=5.607954e-01 best=5.591642e-01
[NA] iter=00015 eval=03974 misfit=5.605850e-01 best=5.591642e-01
[NA] iter=00015 eval=03975 misfit=5.605787e-01 best=5.591642e-01
[NA] iter=00015 eval=03976 misfit=5.608255e-01 best=5.591642e-01
[NA] iter=00015 eval=03977 misfit=5.602330e-01 best=5.591642e-01
[NA] iter=00015 eval=03978 misfit=5.602025e-01 best=5.591642e-01
[NA] iter=00015 eval=03979 misfit=5.605299e-01 best=5.591642e-01
[NA] iter=00015 eval=03980 misfit=5.602689e-01 best=5.591642e-01
[NA] iter=00015 eval=03981 misfit=5.605670e-01 best=5.591642e-01
[NA] iter=00015 eval=03982 misfit=5.602805e-01 best=5.591642e-01
[NA] iter=00015 eval=03983 misfit=5.601221e-01 best=5.591642e-01
[NA] iter=00015 eval=03984 misfit=5.607282e-01 best=5.591642e-01
[NA] iter=00015 eval=03985 misfit=5.601873e-01 best=5.591642e-01
[NA] iter=00015 eval=03986 misfit=5.601445e-01 best=5.591642e-01
[NA] iter=00015 eval=03987 misfit=5.611711e-01 best=5.591642e-01
[NA] iter=00015 eval=03988 misfit=5.602263e-01 best=5.591642e-01
[NA] iter=00015 eval=03989 misfit=5.603025e-01 best=5.591642e-01
[NA] iter=00015 eval=03990 misfit=5.601997e-01 best=5.591642e-01
[NA] iter=00015 eval=03991 misfit=5.601465e-01 best=5.591642e-01
[NA] iter=00015 eval=03992 misfit=5.601769e-01 best=5.591642e-01
[NA] iter=00015 eval=03993 misfit=5.601966e-01 best=5.591642e-01
[NA] iter=00015 eval=03994 misfit=5.605160e-01 best=5.591642e-01
[NA] iter=00015 eval=03995 misfit=5.604230e-01 best=5.591642e-01
[NA] iter=00015 eval=03996 misfit=5.604890e-01 best=5.591642e-01
[NA] iter=00015 eval=03997 misfit=5.606429e-01 best=5.591642e-01
[NA] iter=00015 eval=03998 misfit=5.601663e-01 best=5.591642e-01
[NA] iter=00015 eval=03999 misfit=5.602578e-01 best=5.591642e-01
[NA] iter=00015 eval=04000 misfit=5.604059e-01 best=5.591642e-01
NAI - Optimisation Loop:  50%|█████     | 15/30 [30:54<30:49, 123.28s/it][NA] iter=00016 eval=04001 misfit=5.619760e-01 best=5.591642e-01
[NA] iter=00016 eval=04002 misfit=5.602053e-01 best=5.591642e-01
[NA] iter=00016 eval=04003 misfit=5.632249e-01 best=5.591642e-01
[NA] iter=00016 eval=04004 misfit=5.611630e-01 best=5.591642e-01
[NA] iter=00016 eval=04005 misfit=5.632773e-01 best=5.591642e-01
[NA] iter=00016 eval=04006 misfit=5.616569e-01 best=5.591642e-01
[NA] iter=00016 eval=04007 misfit=5.610631e-01 best=5.591642e-01
[NA] iter=00016 eval=04008 misfit=5.637457e-01 best=5.591642e-01
[NA] iter=00016 eval=04009 misfit=5.623838e-01 best=5.591642e-01
[NA] iter=00016 eval=04010 misfit=5.615836e-01 best=5.591642e-01
[NA] iter=00016 eval=04011 misfit=5.606032e-01 best=5.591642e-01
[NA] iter=00016 eval=04012 misfit=5.602053e-01 best=5.591642e-01
[NA] iter=00016 eval=04013 misfit=5.608640e-01 best=5.591642e-01
[NA] iter=00016 eval=04014 misfit=5.621270e-01 best=5.591642e-01
[NA] iter=00016 eval=04015 misfit=5.605680e-01 best=5.591642e-01
[NA] iter=00016 eval=04016 misfit=5.606444e-01 best=5.591642e-01
[NA] iter=00016 eval=04017 misfit=5.617257e-01 best=5.591642e-01
[NA] iter=00016 eval=04018 misfit=5.632113e-01 best=5.591642e-01
[NA] iter=00016 eval=04019 misfit=5.598139e-01 best=5.591642e-01
[NA] iter=00016 eval=04020 misfit=5.630452e-01 best=5.591642e-01
[NA] iter=00016 eval=04021 misfit=5.609553e-01 best=5.591642e-01
[NA] iter=00016 eval=04022 misfit=5.615374e-01 best=5.591642e-01
[NA] iter=00016 eval=04023 misfit=5.604592e-01 best=5.591642e-01
[NA] iter=00016 eval=04024 misfit=5.610996e-01 best=5.591642e-01
[NA] iter=00016 eval=04025 misfit=5.607542e-01 best=5.591642e-01
[NA] iter=00016 eval=04026 misfit=5.605713e-01 best=5.591642e-01
[NA] iter=00016 eval=04027 misfit=5.606669e-01 best=5.591642e-01
[NA] iter=00016 eval=04028 misfit=5.601231e-01 best=5.591642e-01
[NA] iter=00016 eval=04029 misfit=5.604860e-01 best=5.591642e-01
[NA] iter=00016 eval=04030 misfit=5.608568e-01 best=5.591642e-01
[NA] iter=00016 eval=04031 misfit=5.595118e-01 best=5.591642e-01
[NA] iter=00016 eval=04032 misfit=5.600512e-01 best=5.591642e-01
[NA] iter=00016 eval=04033 misfit=5.601605e-01 best=5.591642e-01
[NA] iter=00016 eval=04034 misfit=5.604567e-01 best=5.591642e-01
[NA] iter=00016 eval=04035 misfit=5.598595e-01 best=5.591642e-01
[NA] iter=00016 eval=04036 misfit=5.600106e-01 best=5.591642e-01
[NA] iter=00016 eval=04037 misfit=5.600617e-01 best=5.591642e-01
[NA] iter=00016 eval=04038 misfit=5.599917e-01 best=5.591642e-01
[NA] iter=00016 eval=04039 misfit=5.601159e-01 best=5.591642e-01
[NA] iter=00016 eval=04040 misfit=5.603082e-01 best=5.591642e-01
[NA] iter=00016 eval=04041 misfit=5.604649e-01 best=5.591642e-01
[NA] iter=00016 eval=04042 misfit=5.607541e-01 best=5.591642e-01
[NA] iter=00016 eval=04043 misfit=5.607278e-01 best=5.591642e-01
[NA] iter=00016 eval=04044 misfit=5.601945e-01 best=5.591642e-01
[NA] iter=00016 eval=04045 misfit=5.598430e-01 best=5.591642e-01
[NA] iter=00016 eval=04046 misfit=5.600193e-01 best=5.591642e-01
[NA] iter=00016 eval=04047 misfit=5.601899e-01 best=5.591642e-01
[NA] iter=00016 eval=04048 misfit=5.599190e-01 best=5.591642e-01
[NA] iter=00016 eval=04049 misfit=5.599760e-01 best=5.591642e-01
[NA] iter=00016 eval=04050 misfit=5.605703e-01 best=5.591642e-01
[NA] iter=00016 eval=04051 misfit=5.600272e-01 best=5.591642e-01
[NA] iter=00016 eval=04052 misfit=5.600099e-01 best=5.591642e-01
[NA] iter=00016 eval=04053 misfit=5.606846e-01 best=5.591642e-01
[NA] iter=00016 eval=04054 misfit=5.599806e-01 best=5.591642e-01
[NA] iter=00016 eval=04055 misfit=5.607670e-01 best=5.591642e-01
[NA] iter=00016 eval=04056 misfit=5.599911e-01 best=5.591642e-01
[NA] iter=00016 eval=04057 misfit=5.599080e-01 best=5.591642e-01
[NA] iter=00016 eval=04058 misfit=5.599213e-01 best=5.591642e-01
[NA] iter=00016 eval=04059 misfit=5.606602e-01 best=5.591642e-01
[NA] iter=00016 eval=04060 misfit=5.604105e-01 best=5.591642e-01
[NA] iter=00016 eval=04061 misfit=5.603895e-01 best=5.591642e-01
[NA] iter=00016 eval=04062 misfit=5.599562e-01 best=5.591642e-01
[NA] iter=00016 eval=04063 misfit=5.602412e-01 best=5.591642e-01
[NA] iter=00016 eval=04064 misfit=5.609101e-01 best=5.591642e-01
[NA] iter=00016 eval=04065 misfit=5.599488e-01 best=5.591642e-01
[NA] iter=00016 eval=04066 misfit=5.599987e-01 best=5.591642e-01
[NA] iter=00016 eval=04067 misfit=5.599655e-01 best=5.591642e-01
[NA] iter=00016 eval=04068 misfit=5.607166e-01 best=5.591642e-01
[NA] iter=00016 eval=04069 misfit=5.608373e-01 best=5.591642e-01
[NA] iter=00016 eval=04070 misfit=5.609254e-01 best=5.591642e-01
[NA] iter=00016 eval=04071 misfit=5.604278e-01 best=5.591642e-01
[NA] iter=00016 eval=04072 misfit=5.601545e-01 best=5.591642e-01
[NA] iter=00016 eval=04073 misfit=5.599146e-01 best=5.591642e-01
[NA] iter=00016 eval=04074 misfit=5.603585e-01 best=5.591642e-01
[NA] iter=00016 eval=04075 misfit=5.600904e-01 best=5.591642e-01
[NA] iter=00016 eval=04076 misfit=5.603324e-01 best=5.591642e-01
[NA] iter=00016 eval=04077 misfit=5.609902e-01 best=5.591642e-01
[NA] iter=00016 eval=04078 misfit=5.606360e-01 best=5.591642e-01
[NA] iter=00016 eval=04079 misfit=5.600449e-01 best=5.591642e-01
[NA] iter=00016 eval=04080 misfit=5.605880e-01 best=5.591642e-01
[NA] iter=00016 eval=04081 misfit=5.599385e-01 best=5.591642e-01
[NA] iter=00016 eval=04082 misfit=5.600127e-01 best=5.591642e-01
[NA] iter=00016 eval=04083 misfit=5.599773e-01 best=5.591642e-01
[NA] iter=00016 eval=04084 misfit=5.599838e-01 best=5.591642e-01
[NA] iter=00016 eval=04085 misfit=5.604003e-01 best=5.591642e-01
[NA] iter=00016 eval=04086 misfit=5.599523e-01 best=5.591642e-01
[NA] iter=00016 eval=04087 misfit=5.602260e-01 best=5.591642e-01
[NA] iter=00016 eval=04088 misfit=5.604569e-01 best=5.591642e-01
[NA] iter=00016 eval=04089 misfit=5.601427e-01 best=5.591642e-01
[NA] iter=00016 eval=04090 misfit=5.601231e-01 best=5.591642e-01
[NA] iter=00016 eval=04091 misfit=5.603060e-01 best=5.591642e-01
[NA] iter=00016 eval=04092 misfit=5.612230e-01 best=5.591642e-01
[NA] iter=00016 eval=04093 misfit=5.602443e-01 best=5.591642e-01
[NA] iter=00016 eval=04094 misfit=5.600033e-01 best=5.591642e-01
[NA] iter=00016 eval=04095 misfit=5.608343e-01 best=5.591642e-01
[NA] iter=00016 eval=04096 misfit=5.611348e-01 best=5.591642e-01
[NA] iter=00016 eval=04097 misfit=5.610327e-01 best=5.591642e-01
[NA] iter=00016 eval=04098 misfit=5.606815e-01 best=5.591642e-01
[NA] iter=00016 eval=04099 misfit=5.604525e-01 best=5.591642e-01
[NA] iter=00016 eval=04100 misfit=5.604168e-01 best=5.591642e-01
[NA] iter=00016 eval=04101 misfit=5.599766e-01 best=5.591642e-01
[NA] iter=00016 eval=04102 misfit=5.600132e-01 best=5.591642e-01
[NA] iter=00016 eval=04103 misfit=5.610182e-01 best=5.591642e-01
[NA] iter=00016 eval=04104 misfit=5.599762e-01 best=5.591642e-01
[NA] iter=00016 eval=04105 misfit=5.610682e-01 best=5.591642e-01
[NA] iter=00016 eval=04106 misfit=5.599924e-01 best=5.591642e-01
[NA] iter=00016 eval=04107 misfit=5.600076e-01 best=5.591642e-01
[NA] iter=00016 eval=04108 misfit=5.602306e-01 best=5.591642e-01
[NA] iter=00016 eval=04109 misfit=5.599513e-01 best=5.591642e-01
[NA] iter=00016 eval=04110 misfit=5.600064e-01 best=5.591642e-01
[NA] iter=00016 eval=04111 misfit=5.600067e-01 best=5.591642e-01
[NA] iter=00016 eval=04112 misfit=5.610522e-01 best=5.591642e-01
[NA] iter=00016 eval=04113 misfit=5.600878e-01 best=5.591642e-01
[NA] iter=00016 eval=04114 misfit=5.600104e-01 best=5.591642e-01
[NA] iter=00016 eval=04115 misfit=5.599926e-01 best=5.591642e-01
[NA] iter=00016 eval=04116 misfit=5.599665e-01 best=5.591642e-01
[NA] iter=00016 eval=04117 misfit=5.599917e-01 best=5.591642e-01
[NA] iter=00016 eval=04118 misfit=5.599956e-01 best=5.591642e-01
[NA] iter=00016 eval=04119 misfit=5.599021e-01 best=5.591642e-01
[NA] iter=00016 eval=04120 misfit=5.600578e-01 best=5.591642e-01
[NA] iter=00016 eval=04121 misfit=5.603646e-01 best=5.591642e-01
[NA] iter=00016 eval=04122 misfit=5.603482e-01 best=5.591642e-01
[NA] iter=00016 eval=04123 misfit=5.602855e-01 best=5.591642e-01
[NA] iter=00016 eval=04124 misfit=5.600305e-01 best=5.591642e-01
[NA] iter=00016 eval=04125 misfit=5.611634e-01 best=5.591642e-01
[NA] iter=00016 eval=04126 misfit=5.603549e-01 best=5.591642e-01
[NA] iter=00016 eval=04127 misfit=5.605718e-01 best=5.591642e-01
[NA] iter=00016 eval=04128 misfit=5.599540e-01 best=5.591642e-01
[NA] iter=00016 eval=04129 misfit=5.600716e-01 best=5.591642e-01
[NA] iter=00016 eval=04130 misfit=5.602503e-01 best=5.591642e-01
[NA] iter=00016 eval=04131 misfit=5.603441e-01 best=5.591642e-01
[NA] iter=00016 eval=04132 misfit=5.600198e-01 best=5.591642e-01
[NA] iter=00016 eval=04133 misfit=5.600140e-01 best=5.591642e-01
[NA] iter=00016 eval=04134 misfit=5.610396e-01 best=5.591642e-01
[NA] iter=00016 eval=04135 misfit=5.600475e-01 best=5.591642e-01
[NA] iter=00016 eval=04136 misfit=5.608875e-01 best=5.591642e-01
[NA] iter=00016 eval=04137 misfit=5.603937e-01 best=5.591642e-01
[NA] iter=00016 eval=04138 misfit=5.603743e-01 best=5.591642e-01
[NA] iter=00016 eval=04139 misfit=5.609876e-01 best=5.591642e-01
[NA] iter=00016 eval=04140 misfit=5.599890e-01 best=5.591642e-01
[NA] iter=00016 eval=04141 misfit=5.600101e-01 best=5.591642e-01
[NA] iter=00016 eval=04142 misfit=5.607527e-01 best=5.591642e-01
[NA] iter=00016 eval=04143 misfit=5.609232e-01 best=5.591642e-01
[NA] iter=00016 eval=04144 misfit=5.611034e-01 best=5.591642e-01
[NA] iter=00016 eval=04145 misfit=5.608681e-01 best=5.591642e-01
[NA] iter=00016 eval=04146 misfit=5.604806e-01 best=5.591642e-01
[NA] iter=00016 eval=04147 misfit=5.608992e-01 best=5.591642e-01
[NA] iter=00016 eval=04148 misfit=5.599697e-01 best=5.591642e-01
[NA] iter=00016 eval=04149 misfit=5.599866e-01 best=5.591642e-01
[NA] iter=00016 eval=04150 misfit=5.599169e-01 best=5.591642e-01
[NA] iter=00016 eval=04151 misfit=5.599516e-01 best=5.591642e-01
[NA] iter=00016 eval=04152 misfit=5.599365e-01 best=5.591642e-01
[NA] iter=00016 eval=04153 misfit=5.599417e-01 best=5.591642e-01
[NA] iter=00016 eval=04154 misfit=5.599955e-01 best=5.591642e-01
[NA] iter=00016 eval=04155 misfit=5.600040e-01 best=5.591642e-01
[NA] iter=00016 eval=04156 misfit=5.600159e-01 best=5.591642e-01
[NA] iter=00016 eval=04157 misfit=5.600017e-01 best=5.591642e-01
[NA] iter=00016 eval=04158 misfit=5.600077e-01 best=5.591642e-01
[NA] iter=00016 eval=04159 misfit=5.599776e-01 best=5.591642e-01
[NA] iter=00016 eval=04160 misfit=5.599573e-01 best=5.591642e-01
[NA] iter=00016 eval=04161 misfit=5.600384e-01 best=5.591642e-01
[NA] iter=00016 eval=04162 misfit=5.610687e-01 best=5.591642e-01
[NA] iter=00016 eval=04163 misfit=5.608480e-01 best=5.591642e-01
[NA] iter=00016 eval=04164 misfit=5.600079e-01 best=5.591642e-01
[NA] iter=00016 eval=04165 misfit=5.610789e-01 best=5.591642e-01
[NA] iter=00016 eval=04166 misfit=5.599588e-01 best=5.591642e-01
[NA] iter=00016 eval=04167 misfit=5.609301e-01 best=5.591642e-01
[NA] iter=00016 eval=04168 misfit=5.605565e-01 best=5.591642e-01
[NA] iter=00016 eval=04169 misfit=5.603480e-01 best=5.591642e-01
[NA] iter=00016 eval=04170 misfit=5.605735e-01 best=5.591642e-01
[NA] iter=00016 eval=04171 misfit=5.600746e-01 best=5.591642e-01
[NA] iter=00016 eval=04172 misfit=5.603847e-01 best=5.591642e-01
[NA] iter=00016 eval=04173 misfit=5.599732e-01 best=5.591642e-01
[NA] iter=00016 eval=04174 misfit=5.601128e-01 best=5.591642e-01
[NA] iter=00016 eval=04175 misfit=5.599933e-01 best=5.591642e-01
[NA] iter=00016 eval=04176 misfit=5.600783e-01 best=5.591642e-01
[NA] iter=00016 eval=04177 misfit=5.600225e-01 best=5.591642e-01
[NA] iter=00016 eval=04178 misfit=5.603959e-01 best=5.591642e-01
[NA] iter=00016 eval=04179 misfit=5.600034e-01 best=5.591642e-01
[NA] iter=00016 eval=04180 misfit=5.603799e-01 best=5.591642e-01
[NA] iter=00016 eval=04181 misfit=5.599430e-01 best=5.591642e-01
[NA] iter=00016 eval=04182 misfit=5.600401e-01 best=5.591642e-01
[NA] iter=00016 eval=04183 misfit=5.603698e-01 best=5.591642e-01
[NA] iter=00016 eval=04184 misfit=5.601650e-01 best=5.591642e-01
[NA] iter=00016 eval=04185 misfit=5.599738e-01 best=5.591642e-01
[NA] iter=00016 eval=04186 misfit=5.599876e-01 best=5.591642e-01
[NA] iter=00016 eval=04187 misfit=5.605053e-01 best=5.591642e-01
[NA] iter=00016 eval=04188 misfit=5.599813e-01 best=5.591642e-01
[NA] iter=00016 eval=04189 misfit=5.604865e-01 best=5.591642e-01
[NA] iter=00016 eval=04190 misfit=5.599407e-01 best=5.591642e-01
[NA] iter=00016 eval=04191 misfit=5.604941e-01 best=5.591642e-01
[NA] iter=00016 eval=04192 misfit=5.604216e-01 best=5.591642e-01
[NA] iter=00016 eval=04193 misfit=5.604704e-01 best=5.591642e-01
[NA] iter=00016 eval=04194 misfit=5.603881e-01 best=5.591642e-01
[NA] iter=00016 eval=04195 misfit=5.605135e-01 best=5.591642e-01
[NA] iter=00016 eval=04196 misfit=5.603504e-01 best=5.591642e-01
[NA] iter=00016 eval=04197 misfit=5.600134e-01 best=5.591642e-01
[NA] iter=00016 eval=04198 misfit=5.607275e-01 best=5.591642e-01
[NA] iter=00016 eval=04199 misfit=5.604037e-01 best=5.591642e-01
[NA] iter=00016 eval=04200 misfit=5.599695e-01 best=5.591642e-01
NAI - Optimisation Loop:  53%|█████▎    | 16/30 [32:53<28:29, 122.09s/it][NA] iter=00017 eval=04201 misfit=5.615619e-01 best=5.591642e-01
[NA] iter=00017 eval=04202 misfit=5.611329e-01 best=5.591642e-01
[NA] iter=00017 eval=04203 misfit=5.594650e-01 best=5.591642e-01
[NA] iter=00017 eval=04204 misfit=5.594776e-01 best=5.591642e-01
[NA] iter=00017 eval=04205 misfit=5.599490e-01 best=5.591642e-01
[NA] iter=00017 eval=04206 misfit=5.604569e-01 best=5.591642e-01
[NA] iter=00017 eval=04207 misfit=5.621118e-01 best=5.591642e-01
[NA] iter=00017 eval=04208 misfit=5.607239e-01 best=5.591642e-01
[NA] iter=00017 eval=04209 misfit=5.601259e-01 best=5.591642e-01
[NA] iter=00017 eval=04210 misfit=5.596318e-01 best=5.591642e-01
[NA] iter=00017 eval=04211 misfit=5.600067e-01 best=5.591642e-01
[NA] iter=00017 eval=04212 misfit=5.599886e-01 best=5.591642e-01
[NA] iter=00017 eval=04213 misfit=5.599771e-01 best=5.591642e-01
[NA] iter=00017 eval=04214 misfit=5.602102e-01 best=5.591642e-01
[NA] iter=00017 eval=04215 misfit=5.601656e-01 best=5.591642e-01
[NA] iter=00017 eval=04216 misfit=5.600302e-01 best=5.591642e-01
[NA] iter=00017 eval=04217 misfit=5.600258e-01 best=5.591642e-01
[NA] iter=00017 eval=04218 misfit=5.599718e-01 best=5.591642e-01
[NA] iter=00017 eval=04219 misfit=5.594934e-01 best=5.591642e-01
[NA] iter=00017 eval=04220 misfit=5.599714e-01 best=5.591642e-01
[NA] iter=00017 eval=04221 misfit=5.605229e-01 best=5.591642e-01
[NA] iter=00017 eval=04222 misfit=5.601179e-01 best=5.591642e-01
[NA] iter=00017 eval=04223 misfit=5.602115e-01 best=5.591642e-01
[NA] iter=00017 eval=04224 misfit=5.598984e-01 best=5.591642e-01
[NA] iter=00017 eval=04225 misfit=5.604725e-01 best=5.591642e-01
[NA] iter=00017 eval=04226 misfit=5.598232e-01 best=5.591642e-01
[NA] iter=00017 eval=04227 misfit=5.599619e-01 best=5.591642e-01
[NA] iter=00017 eval=04228 misfit=5.605760e-01 best=5.591642e-01
[NA] iter=00017 eval=04229 misfit=5.605087e-01 best=5.591642e-01
[NA] iter=00017 eval=04230 misfit=5.607457e-01 best=5.591642e-01
[NA] iter=00017 eval=04231 misfit=5.606499e-01 best=5.591642e-01
[NA] iter=00017 eval=04232 misfit=5.605106e-01 best=5.591642e-01
[NA] iter=00017 eval=04233 misfit=5.600808e-01 best=5.591642e-01
[NA] iter=00017 eval=04234 misfit=5.600690e-01 best=5.591642e-01
[NA] iter=00017 eval=04235 misfit=5.600064e-01 best=5.591642e-01
[NA] iter=00017 eval=04236 misfit=5.615604e-01 best=5.591642e-01
[NA] iter=00017 eval=04237 misfit=5.603281e-01 best=5.591642e-01
[NA] iter=00017 eval=04238 misfit=5.609098e-01 best=5.591642e-01
[NA] iter=00017 eval=04239 misfit=5.603147e-01 best=5.591642e-01
[NA] iter=00017 eval=04240 misfit=5.610951e-01 best=5.591642e-01
[NA] iter=00017 eval=04241 misfit=5.607111e-01 best=5.591642e-01
[NA] iter=00017 eval=04242 misfit=5.608008e-01 best=5.591642e-01
[NA] iter=00017 eval=04243 misfit=5.599227e-01 best=5.591642e-01
[NA] iter=00017 eval=04244 misfit=5.605183e-01 best=5.591642e-01
[NA] iter=00017 eval=04245 misfit=5.601560e-01 best=5.591642e-01
[NA] iter=00017 eval=04246 misfit=5.601876e-01 best=5.591642e-01
[NA] iter=00017 eval=04247 misfit=5.601954e-01 best=5.591642e-01
[NA] iter=00017 eval=04248 misfit=5.605254e-01 best=5.591642e-01
[NA] iter=00017 eval=04249 misfit=5.602184e-01 best=5.591642e-01
[NA] iter=00017 eval=04250 misfit=5.606017e-01 best=5.591642e-01
[NA] iter=00017 eval=04251 misfit=5.594506e-01 best=5.591642e-01
[NA] iter=00017 eval=04252 misfit=5.599059e-01 best=5.591642e-01
[NA] iter=00017 eval=04253 misfit=5.599247e-01 best=5.591642e-01
[NA] iter=00017 eval=04254 misfit=5.598647e-01 best=5.591642e-01
[NA] iter=00017 eval=04255 misfit=5.599288e-01 best=5.591642e-01
[NA] iter=00017 eval=04256 misfit=5.597732e-01 best=5.591642e-01
[NA] iter=00017 eval=04257 misfit=5.605709e-01 best=5.591642e-01
[NA] iter=00017 eval=04258 misfit=5.599176e-01 best=5.591642e-01
[NA] iter=00017 eval=04259 misfit=5.598699e-01 best=5.591642e-01
[NA] iter=00017 eval=04260 misfit=5.602033e-01 best=5.591642e-01
[NA] iter=00017 eval=04261 misfit=5.598683e-01 best=5.591642e-01
[NA] iter=00017 eval=04262 misfit=5.599373e-01 best=5.591642e-01
[NA] iter=00017 eval=04263 misfit=5.602394e-01 best=5.591642e-01
[NA] iter=00017 eval=04264 misfit=5.599731e-01 best=5.591642e-01
[NA] iter=00017 eval=04265 misfit=5.601365e-01 best=5.591642e-01
[NA] iter=00017 eval=04266 misfit=5.599407e-01 best=5.591642e-01
[NA] iter=00017 eval=04267 misfit=5.605260e-01 best=5.591642e-01
[NA] iter=00017 eval=04268 misfit=5.593708e-01 best=5.591642e-01
[NA] iter=00017 eval=04269 misfit=5.599725e-01 best=5.591642e-01
[NA] iter=00017 eval=04270 misfit=5.601208e-01 best=5.591642e-01
[NA] iter=00017 eval=04271 misfit=5.601890e-01 best=5.591642e-01
[NA] iter=00017 eval=04272 misfit=5.604632e-01 best=5.591642e-01
[NA] iter=00017 eval=04273 misfit=5.599896e-01 best=5.591642e-01
[NA] iter=00017 eval=04274 misfit=5.599653e-01 best=5.591642e-01
[NA] iter=00017 eval=04275 misfit=5.601955e-01 best=5.591642e-01
[NA] iter=00017 eval=04276 misfit=5.598268e-01 best=5.591642e-01
[NA] iter=00017 eval=04277 misfit=5.601886e-01 best=5.591642e-01
[NA] iter=00017 eval=04278 misfit=5.599750e-01 best=5.591642e-01
[NA] iter=00017 eval=04279 misfit=5.602022e-01 best=5.591642e-01
[NA] iter=00017 eval=04280 misfit=5.604383e-01 best=5.591642e-01
[NA] iter=00017 eval=04281 misfit=5.598583e-01 best=5.591642e-01
[NA] iter=00017 eval=04282 misfit=5.594927e-01 best=5.591642e-01
[NA] iter=00017 eval=04283 misfit=5.602704e-01 best=5.591642e-01
[NA] iter=00017 eval=04284 misfit=5.596436e-01 best=5.591642e-01
[NA] iter=00017 eval=04285 misfit=5.594541e-01 best=5.591642e-01
[NA] iter=00017 eval=04286 misfit=5.598675e-01 best=5.591642e-01
[NA] iter=00017 eval=04287 misfit=5.601843e-01 best=5.591642e-01
[NA] iter=00017 eval=04288 misfit=5.598818e-01 best=5.591642e-01
[NA] iter=00017 eval=04289 misfit=5.599758e-01 best=5.591642e-01
[NA] iter=00017 eval=04290 misfit=5.601889e-01 best=5.591642e-01
[NA] iter=00017 eval=04291 misfit=5.599087e-01 best=5.591642e-01
[NA] iter=00017 eval=04292 misfit=5.599615e-01 best=5.591642e-01
[NA] iter=00017 eval=04293 misfit=5.598722e-01 best=5.591642e-01
[NA] iter=00017 eval=04294 misfit=5.599692e-01 best=5.591642e-01
[NA] iter=00017 eval=04295 misfit=5.607893e-01 best=5.591642e-01
[NA] iter=00017 eval=04296 misfit=5.599832e-01 best=5.591642e-01
[NA] iter=00017 eval=04297 misfit=5.598501e-01 best=5.591642e-01
[NA] iter=00017 eval=04298 misfit=5.599642e-01 best=5.591642e-01
[NA] iter=00017 eval=04299 misfit=5.598777e-01 best=5.591642e-01
[NA] iter=00017 eval=04300 misfit=5.599633e-01 best=5.591642e-01
[NA] iter=00017 eval=04301 misfit=5.604042e-01 best=5.591642e-01
[NA] iter=00017 eval=04302 misfit=5.600360e-01 best=5.591642e-01
[NA] iter=00017 eval=04303 misfit=5.602947e-01 best=5.591642e-01
[NA] iter=00017 eval=04304 misfit=5.603101e-01 best=5.591642e-01
[NA] iter=00017 eval=04305 misfit=5.604120e-01 best=5.591642e-01
[NA] iter=00017 eval=04306 misfit=5.599118e-01 best=5.591642e-01
[NA] iter=00017 eval=04307 misfit=5.599102e-01 best=5.591642e-01
[NA] iter=00017 eval=04308 misfit=5.602788e-01 best=5.591642e-01
[NA] iter=00017 eval=04309 misfit=5.603511e-01 best=5.591642e-01
[NA] iter=00017 eval=04310 misfit=5.602979e-01 best=5.591642e-01
[NA] iter=00017 eval=04311 misfit=5.599228e-01 best=5.591642e-01
[NA] iter=00017 eval=04312 misfit=5.599708e-01 best=5.591642e-01
[NA] iter=00017 eval=04313 misfit=5.599408e-01 best=5.591642e-01
[NA] iter=00017 eval=04314 misfit=5.603415e-01 best=5.591642e-01
[NA] iter=00017 eval=04315 misfit=5.599241e-01 best=5.591642e-01
[NA] iter=00017 eval=04316 misfit=5.600473e-01 best=5.591642e-01
[NA] iter=00017 eval=04317 misfit=5.601238e-01 best=5.591642e-01
[NA] iter=00017 eval=04318 misfit=5.599121e-01 best=5.591642e-01
[NA] iter=00017 eval=04319 misfit=5.599248e-01 best=5.591642e-01
[NA] iter=00017 eval=04320 misfit=5.599127e-01 best=5.591642e-01
[NA] iter=00017 eval=04321 misfit=5.598836e-01 best=5.591642e-01
[NA] iter=00017 eval=04322 misfit=5.598926e-01 best=5.591642e-01
[NA] iter=00017 eval=04323 misfit=5.608108e-01 best=5.591642e-01
[NA] iter=00017 eval=04324 misfit=5.608098e-01 best=5.591642e-01
[NA] iter=00017 eval=04325 misfit=5.598355e-01 best=5.591642e-01
[NA] iter=00017 eval=04326 misfit=5.599241e-01 best=5.591642e-01
[NA] iter=00017 eval=04327 misfit=5.598713e-01 best=5.591642e-01
[NA] iter=00017 eval=04328 misfit=5.598919e-01 best=5.591642e-01
[NA] iter=00017 eval=04329 misfit=5.598740e-01 best=5.591642e-01
[NA] iter=00017 eval=04330 misfit=5.598664e-01 best=5.591642e-01
[NA] iter=00017 eval=04331 misfit=5.599534e-01 best=5.591642e-01
[NA] iter=00017 eval=04332 misfit=5.599052e-01 best=5.591642e-01
[NA] iter=00017 eval=04333 misfit=5.603847e-01 best=5.591642e-01
[NA] iter=00017 eval=04334 misfit=5.604094e-01 best=5.591642e-01
[NA] iter=00017 eval=04335 misfit=5.599661e-01 best=5.591642e-01
[NA] iter=00017 eval=04336 misfit=5.599147e-01 best=5.591642e-01
[NA] iter=00017 eval=04337 misfit=5.599092e-01 best=5.591642e-01
[NA] iter=00017 eval=04338 misfit=5.599335e-01 best=5.591642e-01
[NA] iter=00017 eval=04339 misfit=5.599263e-01 best=5.591642e-01
[NA] iter=00017 eval=04340 misfit=5.599290e-01 best=5.591642e-01
[NA] iter=00017 eval=04341 misfit=5.599024e-01 best=5.591642e-01
[NA] iter=00017 eval=04342 misfit=5.600266e-01 best=5.591642e-01
[NA] iter=00017 eval=04343 misfit=5.600310e-01 best=5.591642e-01
[NA] iter=00017 eval=04344 misfit=5.599157e-01 best=5.591642e-01
[NA] iter=00017 eval=04345 misfit=5.594875e-01 best=5.591642e-01
[NA] iter=00017 eval=04346 misfit=5.598826e-01 best=5.591642e-01
[NA] iter=00017 eval=04347 misfit=5.599942e-01 best=5.591642e-01
[NA] iter=00017 eval=04348 misfit=5.600011e-01 best=5.591642e-01
[NA] iter=00017 eval=04349 misfit=5.595890e-01 best=5.591642e-01
[NA] iter=00017 eval=04350 misfit=5.600284e-01 best=5.591642e-01
[NA] iter=00017 eval=04351 misfit=5.603022e-01 best=5.591642e-01
[NA] iter=00017 eval=04352 misfit=5.600703e-01 best=5.591642e-01
[NA] iter=00017 eval=04353 misfit=5.600263e-01 best=5.591642e-01
[NA] iter=00017 eval=04354 misfit=5.604336e-01 best=5.591642e-01
[NA] iter=00017 eval=04355 misfit=5.603896e-01 best=5.591642e-01
[NA] iter=00017 eval=04356 misfit=5.603947e-01 best=5.591642e-01
[NA] iter=00017 eval=04357 misfit=5.605645e-01 best=5.591642e-01
[NA] iter=00017 eval=04358 misfit=5.599005e-01 best=5.591642e-01
[NA] iter=00017 eval=04359 misfit=5.600856e-01 best=5.591642e-01
[NA] iter=00017 eval=04360 misfit=5.602720e-01 best=5.591642e-01
[NA] iter=00017 eval=04361 misfit=5.599811e-01 best=5.591642e-01
[NA] iter=00017 eval=04362 misfit=5.599802e-01 best=5.591642e-01
[NA] iter=00017 eval=04363 misfit=5.599930e-01 best=5.591642e-01
[NA] iter=00017 eval=04364 misfit=5.599827e-01 best=5.591642e-01
[NA] iter=00017 eval=04365 misfit=5.599517e-01 best=5.591642e-01
[NA] iter=00017 eval=04366 misfit=5.599918e-01 best=5.591642e-01
[NA] iter=00017 eval=04367 misfit=5.599778e-01 best=5.591642e-01
[NA] iter=00017 eval=04368 misfit=5.600003e-01 best=5.591642e-01
[NA] iter=00017 eval=04369 misfit=5.600413e-01 best=5.591642e-01
[NA] iter=00017 eval=04370 misfit=5.599712e-01 best=5.591642e-01
[NA] iter=00017 eval=04371 misfit=5.599507e-01 best=5.591642e-01
[NA] iter=00017 eval=04372 misfit=5.599423e-01 best=5.591642e-01
[NA] iter=00017 eval=04373 misfit=5.599371e-01 best=5.591642e-01
[NA] iter=00017 eval=04374 misfit=5.599525e-01 best=5.591642e-01
[NA] iter=00017 eval=04375 misfit=5.599760e-01 best=5.591642e-01
[NA] iter=00017 eval=04376 misfit=5.599681e-01 best=5.591642e-01
[NA] iter=00017 eval=04377 misfit=5.599351e-01 best=5.591642e-01
[NA] iter=00017 eval=04378 misfit=5.599404e-01 best=5.591642e-01
[NA] iter=00017 eval=04379 misfit=5.599744e-01 best=5.591642e-01
[NA] iter=00017 eval=04380 misfit=5.599305e-01 best=5.591642e-01
[NA] iter=00017 eval=04381 misfit=5.603448e-01 best=5.591642e-01
[NA] iter=00017 eval=04382 misfit=5.599106e-01 best=5.591642e-01
[NA] iter=00017 eval=04383 misfit=5.603257e-01 best=5.591642e-01
[NA] iter=00017 eval=04384 misfit=5.604076e-01 best=5.591642e-01
[NA] iter=00017 eval=04385 misfit=5.603345e-01 best=5.591642e-01
[NA] iter=00017 eval=04386 misfit=5.600073e-01 best=5.591642e-01
[NA] iter=00017 eval=04387 misfit=5.599143e-01 best=5.591642e-01
[NA] iter=00017 eval=04388 misfit=5.603307e-01 best=5.591642e-01
[NA] iter=00017 eval=04389 misfit=5.599552e-01 best=5.591642e-01
[NA] iter=00017 eval=04390 misfit=5.599575e-01 best=5.591642e-01
[NA] iter=00017 eval=04391 misfit=5.599492e-01 best=5.591642e-01
[NA] iter=00017 eval=04392 misfit=5.602284e-01 best=5.591642e-01
[NA] iter=00017 eval=04393 misfit=5.609085e-01 best=5.591642e-01
[NA] iter=00017 eval=04394 misfit=5.608478e-01 best=5.591642e-01
[NA] iter=00017 eval=04395 misfit=5.602348e-01 best=5.591642e-01
[NA] iter=00017 eval=04396 misfit=5.604246e-01 best=5.591642e-01
[NA] iter=00017 eval=04397 misfit=5.607883e-01 best=5.591642e-01
[NA] iter=00017 eval=04398 misfit=5.599884e-01 best=5.591642e-01
[NA] iter=00017 eval=04399 misfit=5.607227e-01 best=5.591642e-01
[NA] iter=00017 eval=04400 misfit=5.599254e-01 best=5.591642e-01
NAI - Optimisation Loop:  57%|█████▋    | 17/30 [34:58<26:39, 123.06s/it][NA] iter=00018 eval=04401 misfit=5.595048e-01 best=5.591642e-01
[NA] iter=00018 eval=04402 misfit=5.591752e-01 best=5.591642e-01
[NA] iter=00018 eval=04403 misfit=5.604484e-01 best=5.591642e-01
[NA] iter=00018 eval=04404 misfit=5.591808e-01 best=5.591642e-01
[NA] iter=00018 eval=04405 misfit=5.591925e-01 best=5.591642e-01
[NA] iter=00018 eval=04406 misfit=5.592023e-01 best=5.591642e-01
[NA] iter=00018 eval=04407 misfit=5.599474e-01 best=5.591642e-01
[NA] iter=00018 eval=04408 misfit=5.599832e-01 best=5.591642e-01
[NA] iter=00018 eval=04409 misfit=5.591519e-01 best=5.591519e-01
[NA] iter=00018 eval=04410 misfit=5.592117e-01 best=5.591519e-01
[NA] iter=00018 eval=04411 misfit=5.606031e-01 best=5.591519e-01
[NA] iter=00018 eval=04412 misfit=5.606004e-01 best=5.591519e-01
[NA] iter=00018 eval=04413 misfit=5.597304e-01 best=5.591519e-01
[NA] iter=00018 eval=04414 misfit=5.593309e-01 best=5.591519e-01
[NA] iter=00018 eval=04415 misfit=5.599453e-01 best=5.591519e-01
[NA] iter=00018 eval=04416 misfit=5.604293e-01 best=5.591519e-01
[NA] iter=00018 eval=04417 misfit=5.604033e-01 best=5.591519e-01
[NA] iter=00018 eval=04418 misfit=5.606259e-01 best=5.591519e-01
[NA] iter=00018 eval=04419 misfit=5.597150e-01 best=5.591519e-01
[NA] iter=00018 eval=04420 misfit=5.604471e-01 best=5.591519e-01
[NA] iter=00018 eval=04421 misfit=5.602035e-01 best=5.591519e-01
[NA] iter=00018 eval=04422 misfit=5.605402e-01 best=5.591519e-01
[NA] iter=00018 eval=04423 misfit=5.605171e-01 best=5.591519e-01
[NA] iter=00018 eval=04424 misfit=5.598413e-01 best=5.591519e-01
[NA] iter=00018 eval=04425 misfit=5.597137e-01 best=5.591519e-01
[NA] iter=00018 eval=04426 misfit=5.605658e-01 best=5.591519e-01
[NA] iter=00018 eval=04427 misfit=5.605401e-01 best=5.591519e-01
[NA] iter=00018 eval=04428 misfit=5.609273e-01 best=5.591519e-01
[NA] iter=00018 eval=04429 misfit=5.607245e-01 best=5.591519e-01
[NA] iter=00018 eval=04430 misfit=5.597199e-01 best=5.591519e-01
[NA] iter=00018 eval=04431 misfit=5.601874e-01 best=5.591519e-01
[NA] iter=00018 eval=04432 misfit=5.605611e-01 best=5.591519e-01
[NA] iter=00018 eval=04433 misfit=5.593209e-01 best=5.591519e-01
[NA] iter=00018 eval=04434 misfit=5.605660e-01 best=5.591519e-01
[NA] iter=00018 eval=04435 misfit=5.598710e-01 best=5.591519e-01
[NA] iter=00018 eval=04436 misfit=5.598538e-01 best=5.591519e-01
[NA] iter=00018 eval=04437 misfit=5.605676e-01 best=5.591519e-01
[NA] iter=00018 eval=04438 misfit=5.598641e-01 best=5.591519e-01
[NA] iter=00018 eval=04439 misfit=5.602139e-01 best=5.591519e-01
[NA] iter=00018 eval=04440 misfit=5.602434e-01 best=5.591519e-01
[NA] iter=00018 eval=04441 misfit=5.596029e-01 best=5.591519e-01
[NA] iter=00018 eval=04442 misfit=5.595816e-01 best=5.591519e-01
[NA] iter=00018 eval=04443 misfit=5.592343e-01 best=5.591519e-01
[NA] iter=00018 eval=04444 misfit=5.592144e-01 best=5.591519e-01
[NA] iter=00018 eval=04445 misfit=5.602527e-01 best=5.591519e-01
[NA] iter=00018 eval=04446 misfit=5.595205e-01 best=5.591519e-01
[NA] iter=00018 eval=04447 misfit=5.594376e-01 best=5.591519e-01
[NA] iter=00018 eval=04448 misfit=5.594547e-01 best=5.591519e-01
[NA] iter=00018 eval=04449 misfit=5.604184e-01 best=5.591519e-01
[NA] iter=00018 eval=04450 misfit=5.605997e-01 best=5.591519e-01
[NA] iter=00018 eval=04451 misfit=5.607424e-01 best=5.591519e-01
[NA] iter=00018 eval=04452 misfit=5.603903e-01 best=5.591519e-01
[NA] iter=00018 eval=04453 misfit=5.591604e-01 best=5.591519e-01
[NA] iter=00018 eval=04454 misfit=5.614520e-01 best=5.591519e-01
[NA] iter=00018 eval=04455 misfit=5.594953e-01 best=5.591519e-01
[NA] iter=00018 eval=04456 misfit=5.591371e-01 best=5.591371e-01
[NA] iter=00018 eval=04457 misfit=5.599364e-01 best=5.591371e-01
[NA] iter=00018 eval=04458 misfit=5.604389e-01 best=5.591371e-01
[NA] iter=00018 eval=04459 misfit=5.596876e-01 best=5.591371e-01
[NA] iter=00018 eval=04460 misfit=5.613918e-01 best=5.591371e-01
[NA] iter=00018 eval=04461 misfit=5.606140e-01 best=5.591371e-01
[NA] iter=00018 eval=04462 misfit=5.602770e-01 best=5.591371e-01
[NA] iter=00018 eval=04463 misfit=5.606274e-01 best=5.591371e-01
[NA] iter=00018 eval=04464 misfit=5.603023e-01 best=5.591371e-01
[NA] iter=00018 eval=04465 misfit=5.606071e-01 best=5.591371e-01
[NA] iter=00018 eval=04466 misfit=5.602501e-01 best=5.591371e-01
[NA] iter=00018 eval=04467 misfit=5.607041e-01 best=5.591371e-01
[NA] iter=00018 eval=04468 misfit=5.598731e-01 best=5.591371e-01
[NA] iter=00018 eval=04469 misfit=5.598531e-01 best=5.591371e-01
[NA] iter=00018 eval=04470 misfit=5.606778e-01 best=5.591371e-01
[NA] iter=00018 eval=04471 misfit=5.599001e-01 best=5.591371e-01
[NA] iter=00018 eval=04472 misfit=5.602252e-01 best=5.591371e-01
[NA] iter=00018 eval=04473 misfit=5.599894e-01 best=5.591371e-01
[NA] iter=00018 eval=04474 misfit=5.602010e-01 best=5.591371e-01
[NA] iter=00018 eval=04475 misfit=5.601941e-01 best=5.591371e-01
[NA] iter=00018 eval=04476 misfit=5.604762e-01 best=5.591371e-01
[NA] iter=00018 eval=04477 misfit=5.602151e-01 best=5.591371e-01
[NA] iter=00018 eval=04478 misfit=5.601834e-01 best=5.591371e-01
[NA] iter=00018 eval=04479 misfit=5.604924e-01 best=5.591371e-01
[NA] iter=00018 eval=04480 misfit=5.602207e-01 best=5.591371e-01
[NA] iter=00018 eval=04481 misfit=5.599714e-01 best=5.591371e-01
[NA] iter=00018 eval=04482 misfit=5.600165e-01 best=5.591371e-01
[NA] iter=00018 eval=04483 misfit=5.598461e-01 best=5.591371e-01
[NA] iter=00018 eval=04484 misfit=5.596790e-01 best=5.591371e-01
[NA] iter=00018 eval=04485 misfit=5.597613e-01 best=5.591371e-01
[NA] iter=00018 eval=04486 misfit=5.599275e-01 best=5.591371e-01
[NA] iter=00018 eval=04487 misfit=5.596541e-01 best=5.591371e-01
[NA] iter=00018 eval=04488 misfit=5.595381e-01 best=5.591371e-01
[NA] iter=00018 eval=04489 misfit=5.598908e-01 best=5.591371e-01
[NA] iter=00018 eval=04490 misfit=5.598162e-01 best=5.591371e-01
[NA] iter=00018 eval=04491 misfit=5.594644e-01 best=5.591371e-01
[NA] iter=00018 eval=04492 misfit=5.604113e-01 best=5.591371e-01
[NA] iter=00018 eval=04493 misfit=5.600267e-01 best=5.591371e-01
[NA] iter=00018 eval=04494 misfit=5.601802e-01 best=5.591371e-01
[NA] iter=00018 eval=04495 misfit=5.599797e-01 best=5.591371e-01
[NA] iter=00018 eval=04496 misfit=5.603359e-01 best=5.591371e-01
[NA] iter=00018 eval=04497 misfit=5.599725e-01 best=5.591371e-01
[NA] iter=00018 eval=04498 misfit=5.594834e-01 best=5.591371e-01
[NA] iter=00018 eval=04499 misfit=5.605212e-01 best=5.591371e-01
[NA] iter=00018 eval=04500 misfit=5.595023e-01 best=5.591371e-01
[NA] iter=00018 eval=04501 misfit=5.599984e-01 best=5.591371e-01
[NA] iter=00018 eval=04502 misfit=5.599955e-01 best=5.591371e-01
[NA] iter=00018 eval=04503 misfit=5.600404e-01 best=5.591371e-01
[NA] iter=00018 eval=04504 misfit=5.609371e-01 best=5.591371e-01
[NA] iter=00018 eval=04505 misfit=5.600743e-01 best=5.591371e-01
[NA] iter=00018 eval=04506 misfit=5.603623e-01 best=5.591371e-01
[NA] iter=00018 eval=04507 misfit=5.603955e-01 best=5.591371e-01
[NA] iter=00018 eval=04508 misfit=5.600216e-01 best=5.591371e-01
[NA] iter=00018 eval=04509 misfit=5.608502e-01 best=5.591371e-01
[NA] iter=00018 eval=04510 misfit=5.609158e-01 best=5.591371e-01
[NA] iter=00018 eval=04511 misfit=5.605238e-01 best=5.591371e-01
[NA] iter=00018 eval=04512 misfit=5.605193e-01 best=5.591371e-01
[NA] iter=00018 eval=04513 misfit=5.610610e-01 best=5.591371e-01
[NA] iter=00018 eval=04514 misfit=5.607505e-01 best=5.591371e-01
[NA] iter=00018 eval=04515 misfit=5.604786e-01 best=5.591371e-01
[NA] iter=00018 eval=04516 misfit=5.608334e-01 best=5.591371e-01
[NA] iter=00018 eval=04517 misfit=5.604204e-01 best=5.591371e-01
[NA] iter=00018 eval=04518 misfit=5.596943e-01 best=5.591371e-01
[NA] iter=00018 eval=04519 misfit=5.606865e-01 best=5.591371e-01
[NA] iter=00018 eval=04520 misfit=5.603689e-01 best=5.591371e-01
[NA] iter=00018 eval=04521 misfit=5.601675e-01 best=5.591371e-01
[NA] iter=00018 eval=04522 misfit=5.602456e-01 best=5.591371e-01
[NA] iter=00018 eval=04523 misfit=5.601904e-01 best=5.591371e-01
[NA] iter=00018 eval=04524 misfit=5.602240e-01 best=5.591371e-01
[NA] iter=00018 eval=04525 misfit=5.601688e-01 best=5.591371e-01
[NA] iter=00018 eval=04526 misfit=5.601897e-01 best=5.591371e-01
[NA] iter=00018 eval=04527 misfit=5.598901e-01 best=5.591371e-01
[NA] iter=00018 eval=04528 misfit=5.602372e-01 best=5.591371e-01
[NA] iter=00018 eval=04529 misfit=5.602257e-01 best=5.591371e-01
[NA] iter=00018 eval=04530 misfit=5.593227e-01 best=5.591371e-01
[NA] iter=00018 eval=04531 misfit=5.600531e-01 best=5.591371e-01
[NA] iter=00018 eval=04532 misfit=5.598820e-01 best=5.591371e-01
[NA] iter=00018 eval=04533 misfit=5.604733e-01 best=5.591371e-01
[NA] iter=00018 eval=04534 misfit=5.598361e-01 best=5.591371e-01
[NA] iter=00018 eval=04535 misfit=5.601795e-01 best=5.591371e-01
[NA] iter=00018 eval=04536 misfit=5.605683e-01 best=5.591371e-01
[NA] iter=00018 eval=04537 misfit=5.598599e-01 best=5.591371e-01
[NA] iter=00018 eval=04538 misfit=5.596999e-01 best=5.591371e-01
[NA] iter=00018 eval=04539 misfit=5.602119e-01 best=5.591371e-01
[NA] iter=00018 eval=04540 misfit=5.598566e-01 best=5.591371e-01
[NA] iter=00018 eval=04541 misfit=5.605533e-01 best=5.591371e-01
[NA] iter=00018 eval=04542 misfit=5.605564e-01 best=5.591371e-01
[NA] iter=00018 eval=04543 misfit=5.599274e-01 best=5.591371e-01
[NA] iter=00018 eval=04544 misfit=5.599542e-01 best=5.591371e-01
[NA] iter=00018 eval=04545 misfit=5.606941e-01 best=5.591371e-01
[NA] iter=00018 eval=04546 misfit=5.605604e-01 best=5.591371e-01
[NA] iter=00018 eval=04547 misfit=5.598475e-01 best=5.591371e-01
[NA] iter=00018 eval=04548 misfit=5.605513e-01 best=5.591371e-01
[NA] iter=00018 eval=04549 misfit=5.599821e-01 best=5.591371e-01
[NA] iter=00018 eval=04550 misfit=5.599135e-01 best=5.591371e-01
[NA] iter=00018 eval=04551 misfit=5.606225e-01 best=5.591371e-01
[NA] iter=00018 eval=04552 misfit=5.597586e-01 best=5.591371e-01
[NA] iter=00018 eval=04553 misfit=5.598998e-01 best=5.591371e-01
[NA] iter=00018 eval=04554 misfit=5.597563e-01 best=5.591371e-01
[NA] iter=00018 eval=04555 misfit=5.597916e-01 best=5.591371e-01
[NA] iter=00018 eval=04556 misfit=5.597754e-01 best=5.591371e-01
[NA] iter=00018 eval=04557 misfit=5.602842e-01 best=5.591371e-01
[NA] iter=00018 eval=04558 misfit=5.606429e-01 best=5.591371e-01
[NA] iter=00018 eval=04559 misfit=5.603834e-01 best=5.591371e-01
[NA] iter=00018 eval=04560 misfit=5.605578e-01 best=5.591371e-01
[NA] iter=00018 eval=04561 misfit=5.601642e-01 best=5.591371e-01
[NA] iter=00018 eval=04562 misfit=5.601337e-01 best=5.591371e-01
[NA] iter=00018 eval=04563 misfit=5.596172e-01 best=5.591371e-01
[NA] iter=00018 eval=04564 misfit=5.601633e-01 best=5.591371e-01
[NA] iter=00018 eval=04565 misfit=5.599717e-01 best=5.591371e-01
[NA] iter=00018 eval=04566 misfit=5.600789e-01 best=5.591371e-01
[NA] iter=00018 eval=04567 misfit=5.598073e-01 best=5.591371e-01
[NA] iter=00018 eval=04568 misfit=5.601945e-01 best=5.591371e-01
[NA] iter=00018 eval=04569 misfit=5.607892e-01 best=5.591371e-01
[NA] iter=00018 eval=04570 misfit=5.607185e-01 best=5.591371e-01
[NA] iter=00018 eval=04571 misfit=5.605727e-01 best=5.591371e-01
[NA] iter=00018 eval=04572 misfit=5.598369e-01 best=5.591371e-01
[NA] iter=00018 eval=04573 misfit=5.602418e-01 best=5.591371e-01
[NA] iter=00018 eval=04574 misfit=5.602600e-01 best=5.591371e-01
[NA] iter=00018 eval=04575 misfit=5.598154e-01 best=5.591371e-01
[NA] iter=00018 eval=04576 misfit=5.599230e-01 best=5.591371e-01
[NA] iter=00018 eval=04577 misfit=5.598499e-01 best=5.591371e-01
[NA] iter=00018 eval=04578 misfit=5.602154e-01 best=5.591371e-01
[NA] iter=00018 eval=04579 misfit=5.598678e-01 best=5.591371e-01
[NA] iter=00018 eval=04580 misfit=5.602058e-01 best=5.591371e-01
[NA] iter=00018 eval=04581 misfit=5.598432e-01 best=5.591371e-01
[NA] iter=00018 eval=04582 misfit=5.599316e-01 best=5.591371e-01
[NA] iter=00018 eval=04583 misfit=5.599230e-01 best=5.591371e-01
[NA] iter=00018 eval=04584 misfit=5.599564e-01 best=5.591371e-01
[NA] iter=00018 eval=04585 misfit=5.599321e-01 best=5.591371e-01
[NA] iter=00018 eval=04586 misfit=5.598445e-01 best=5.591371e-01
[NA] iter=00018 eval=04587 misfit=5.598768e-01 best=5.591371e-01
[NA] iter=00018 eval=04588 misfit=5.598182e-01 best=5.591371e-01
[NA] iter=00018 eval=04589 misfit=5.598582e-01 best=5.591371e-01
[NA] iter=00018 eval=04590 misfit=5.592028e-01 best=5.591371e-01
[NA] iter=00018 eval=04591 misfit=5.599726e-01 best=5.591371e-01
[NA] iter=00018 eval=04592 misfit=5.599317e-01 best=5.591371e-01
[NA] iter=00018 eval=04593 misfit=5.599522e-01 best=5.591371e-01
[NA] iter=00018 eval=04594 misfit=5.600173e-01 best=5.591371e-01
[NA] iter=00018 eval=04595 misfit=5.599281e-01 best=5.591371e-01
[NA] iter=00018 eval=04596 misfit=5.598567e-01 best=5.591371e-01
[NA] iter=00018 eval=04597 misfit=5.599931e-01 best=5.591371e-01
[NA] iter=00018 eval=04598 misfit=5.598436e-01 best=5.591371e-01
[NA] iter=00018 eval=04599 misfit=5.600041e-01 best=5.591371e-01
[NA] iter=00018 eval=04600 misfit=5.598442e-01 best=5.591371e-01
NAI - Optimisation Loop:  60%|██████    | 18/30 [36:56<24:17, 121.45s/it][NA] iter=00019 eval=04601 misfit=5.594699e-01 best=5.591371e-01
[NA] iter=00019 eval=04602 misfit=5.594252e-01 best=5.591371e-01
[NA] iter=00019 eval=04603 misfit=5.599912e-01 best=5.591371e-01
[NA] iter=00019 eval=04604 misfit=5.594284e-01 best=5.591371e-01
[NA] iter=00019 eval=04605 misfit=5.593713e-01 best=5.591371e-01
[NA] iter=00019 eval=04606 misfit=5.601646e-01 best=5.591371e-01
[NA] iter=00019 eval=04607 misfit=5.592007e-01 best=5.591371e-01
[NA] iter=00019 eval=04608 misfit=5.600431e-01 best=5.591371e-01
[NA] iter=00019 eval=04609 misfit=5.603758e-01 best=5.591371e-01
[NA] iter=00019 eval=04610 misfit=5.594089e-01 best=5.591371e-01
[NA] iter=00019 eval=04611 misfit=5.603966e-01 best=5.591371e-01
[NA] iter=00019 eval=04612 misfit=5.591295e-01 best=5.591295e-01
[NA] iter=00019 eval=04613 misfit=5.593243e-01 best=5.591295e-01
[NA] iter=00019 eval=04614 misfit=5.601246e-01 best=5.591295e-01
[NA] iter=00019 eval=04615 misfit=5.603836e-01 best=5.591295e-01
[NA] iter=00019 eval=04616 misfit=5.603879e-01 best=5.591295e-01
[NA] iter=00019 eval=04617 misfit=5.604234e-01 best=5.591295e-01
[NA] iter=00019 eval=04618 misfit=5.591533e-01 best=5.591295e-01
[NA] iter=00019 eval=04619 misfit=5.598772e-01 best=5.591295e-01
[NA] iter=00019 eval=04620 misfit=5.607000e-01 best=5.591295e-01
[NA] iter=00019 eval=04621 misfit=5.595013e-01 best=5.591295e-01
[NA] iter=00019 eval=04622 misfit=5.600159e-01 best=5.591295e-01
[NA] iter=00019 eval=04623 misfit=5.599867e-01 best=5.591295e-01
[NA] iter=00019 eval=04624 misfit=5.601225e-01 best=5.591295e-01
[NA] iter=00019 eval=04625 misfit=5.594259e-01 best=5.591295e-01
[NA] iter=00019 eval=04626 misfit=5.594394e-01 best=5.591295e-01
[NA] iter=00019 eval=04627 misfit=5.602723e-01 best=5.591295e-01
[NA] iter=00019 eval=04628 misfit=5.600970e-01 best=5.591295e-01
[NA] iter=00019 eval=04629 misfit=5.596120e-01 best=5.591295e-01
[NA] iter=00019 eval=04630 misfit=5.599454e-01 best=5.591295e-01
[NA] iter=00019 eval=04631 misfit=5.597105e-01 best=5.591295e-01
[NA] iter=00019 eval=04632 misfit=5.592065e-01 best=5.591295e-01
[NA] iter=00019 eval=04633 misfit=5.604159e-01 best=5.591295e-01
[NA] iter=00019 eval=04634 misfit=5.591436e-01 best=5.591295e-01
[NA] iter=00019 eval=04635 misfit=5.592031e-01 best=5.591295e-01
[NA] iter=00019 eval=04636 misfit=5.591194e-01 best=5.591194e-01
[NA] iter=00019 eval=04637 misfit=5.596574e-01 best=5.591194e-01
[NA] iter=00019 eval=04638 misfit=5.604217e-01 best=5.591194e-01
[NA] iter=00019 eval=04639 misfit=5.604312e-01 best=5.591194e-01
[NA] iter=00019 eval=04640 misfit=5.592136e-01 best=5.591194e-01
[NA] iter=00019 eval=04641 misfit=5.592349e-01 best=5.591194e-01
[NA] iter=00019 eval=04642 misfit=5.593860e-01 best=5.591194e-01
[NA] iter=00019 eval=04643 misfit=5.599772e-01 best=5.591194e-01
[NA] iter=00019 eval=04644 misfit=5.591772e-01 best=5.591194e-01
[NA] iter=00019 eval=04645 misfit=5.596554e-01 best=5.591194e-01
[NA] iter=00019 eval=04646 misfit=5.594184e-01 best=5.591194e-01
[NA] iter=00019 eval=04647 misfit=5.591502e-01 best=5.591194e-01
[NA] iter=00019 eval=04648 misfit=5.591564e-01 best=5.591194e-01
[NA] iter=00019 eval=04649 misfit=5.593708e-01 best=5.591194e-01
[NA] iter=00019 eval=04650 misfit=5.594962e-01 best=5.591194e-01
[NA] iter=00019 eval=04651 misfit=5.594728e-01 best=5.591194e-01
[NA] iter=00019 eval=04652 misfit=5.591536e-01 best=5.591194e-01
[NA] iter=00019 eval=04653 misfit=5.591750e-01 best=5.591194e-01
[NA] iter=00019 eval=04654 misfit=5.592051e-01 best=5.591194e-01
[NA] iter=00019 eval=04655 misfit=5.594752e-01 best=5.591194e-01
[NA] iter=00019 eval=04656 misfit=5.599903e-01 best=5.591194e-01
[NA] iter=00019 eval=04657 misfit=5.594048e-01 best=5.591194e-01
[NA] iter=00019 eval=04658 misfit=5.592279e-01 best=5.591194e-01
[NA] iter=00019 eval=04659 misfit=5.601914e-01 best=5.591194e-01
[NA] iter=00019 eval=04660 misfit=5.600504e-01 best=5.591194e-01
[NA] iter=00019 eval=04661 misfit=5.605992e-01 best=5.591194e-01
[NA] iter=00019 eval=04662 misfit=5.607435e-01 best=5.591194e-01
[NA] iter=00019 eval=04663 misfit=5.604002e-01 best=5.591194e-01
[NA] iter=00019 eval=04664 misfit=5.604782e-01 best=5.591194e-01
[NA] iter=00019 eval=04665 misfit=5.605034e-01 best=5.591194e-01
[NA] iter=00019 eval=04666 misfit=5.591937e-01 best=5.591194e-01
[NA] iter=00019 eval=04667 misfit=5.597262e-01 best=5.591194e-01
[NA] iter=00019 eval=04668 misfit=5.605086e-01 best=5.591194e-01
[NA] iter=00019 eval=04669 misfit=5.599660e-01 best=5.591194e-01
[NA] iter=00019 eval=04670 misfit=5.592456e-01 best=5.591194e-01
[NA] iter=00019 eval=04671 misfit=5.599650e-01 best=5.591194e-01
[NA] iter=00019 eval=04672 misfit=5.592272e-01 best=5.591194e-01
[NA] iter=00019 eval=04673 misfit=5.595767e-01 best=5.591194e-01
[NA] iter=00019 eval=04674 misfit=5.592076e-01 best=5.591194e-01
[NA] iter=00019 eval=04675 misfit=5.592737e-01 best=5.591194e-01
[NA] iter=00019 eval=04676 misfit=5.600312e-01 best=5.591194e-01
[NA] iter=00019 eval=04677 misfit=5.599753e-01 best=5.591194e-01
[NA] iter=00019 eval=04678 misfit=5.592041e-01 best=5.591194e-01
[NA] iter=00019 eval=04679 misfit=5.592308e-01 best=5.591194e-01
[NA] iter=00019 eval=04680 misfit=5.595419e-01 best=5.591194e-01
[NA] iter=00019 eval=04681 misfit=5.592063e-01 best=5.591194e-01
[NA] iter=00019 eval=04682 misfit=5.598427e-01 best=5.591194e-01
[NA] iter=00019 eval=04683 misfit=5.594076e-01 best=5.591194e-01
[NA] iter=00019 eval=04684 misfit=5.601705e-01 best=5.591194e-01
[NA] iter=00019 eval=04685 misfit=5.601519e-01 best=5.591194e-01
[NA] iter=00019 eval=04686 misfit=5.601842e-01 best=5.591194e-01
[NA] iter=00019 eval=04687 misfit=5.598176e-01 best=5.591194e-01
[NA] iter=00019 eval=04688 misfit=5.592099e-01 best=5.591194e-01
[NA] iter=00019 eval=04689 misfit=5.600833e-01 best=5.591194e-01
[NA] iter=00019 eval=04690 misfit=5.592148e-01 best=5.591194e-01
[NA] iter=00019 eval=04691 misfit=5.591989e-01 best=5.591194e-01
[NA] iter=00019 eval=04692 misfit=5.603230e-01 best=5.591194e-01
[NA] iter=00019 eval=04693 misfit=5.596323e-01 best=5.591194e-01
[NA] iter=00019 eval=04694 misfit=5.592491e-01 best=5.591194e-01
[NA] iter=00019 eval=04695 misfit=5.591960e-01 best=5.591194e-01
[NA] iter=00019 eval=04696 misfit=5.595069e-01 best=5.591194e-01
[NA] iter=00019 eval=04697 misfit=5.595776e-01 best=5.591194e-01
[NA] iter=00019 eval=04698 misfit=5.595198e-01 best=5.591194e-01
[NA] iter=00019 eval=04699 misfit=5.596910e-01 best=5.591194e-01
[NA] iter=00019 eval=04700 misfit=5.592560e-01 best=5.591194e-01
[NA] iter=00019 eval=04701 misfit=5.600716e-01 best=5.591194e-01
[NA] iter=00019 eval=04702 misfit=5.602356e-01 best=5.591194e-01
[NA] iter=00019 eval=04703 misfit=5.600871e-01 best=5.591194e-01
[NA] iter=00019 eval=04704 misfit=5.596009e-01 best=5.591194e-01
[NA] iter=00019 eval=04705 misfit=5.600581e-01 best=5.591194e-01
[NA] iter=00019 eval=04706 misfit=5.595658e-01 best=5.591194e-01
[NA] iter=00019 eval=04707 misfit=5.596478e-01 best=5.591194e-01
[NA] iter=00019 eval=04708 misfit=5.598843e-01 best=5.591194e-01
[NA] iter=00019 eval=04709 misfit=5.594428e-01 best=5.591194e-01
[NA] iter=00019 eval=04710 misfit=5.595629e-01 best=5.591194e-01
[NA] iter=00019 eval=04711 misfit=5.603156e-01 best=5.591194e-01
[NA] iter=00019 eval=04712 misfit=5.591825e-01 best=5.591194e-01
[NA] iter=00019 eval=04713 misfit=5.592345e-01 best=5.591194e-01
[NA] iter=00019 eval=04714 misfit=5.602140e-01 best=5.591194e-01
[NA] iter=00019 eval=04715 misfit=5.603354e-01 best=5.591194e-01
[NA] iter=00019 eval=04716 misfit=5.599544e-01 best=5.591194e-01
[NA] iter=00019 eval=04717 misfit=5.603887e-01 best=5.591194e-01
[NA] iter=00019 eval=04718 misfit=5.596976e-01 best=5.591194e-01
[NA] iter=00019 eval=04719 misfit=5.603126e-01 best=5.591194e-01
[NA] iter=00019 eval=04720 misfit=5.595324e-01 best=5.591194e-01
[NA] iter=00019 eval=04721 misfit=5.594653e-01 best=5.591194e-01
[NA] iter=00019 eval=04722 misfit=5.594555e-01 best=5.591194e-01
[NA] iter=00019 eval=04723 misfit=5.602511e-01 best=5.591194e-01
[NA] iter=00019 eval=04724 misfit=5.594988e-01 best=5.591194e-01
[NA] iter=00019 eval=04725 misfit=5.593335e-01 best=5.591194e-01
[NA] iter=00019 eval=04726 misfit=5.592827e-01 best=5.591194e-01
[NA] iter=00019 eval=04727 misfit=5.593051e-01 best=5.591194e-01
[NA] iter=00019 eval=04728 misfit=5.594489e-01 best=5.591194e-01
[NA] iter=00019 eval=04729 misfit=5.596913e-01 best=5.591194e-01
[NA] iter=00019 eval=04730 misfit=5.594383e-01 best=5.591194e-01
[NA] iter=00019 eval=04731 misfit=5.598872e-01 best=5.591194e-01
[NA] iter=00019 eval=04732 misfit=5.592968e-01 best=5.591194e-01
[NA] iter=00019 eval=04733 misfit=5.601749e-01 best=5.591194e-01
[NA] iter=00019 eval=04734 misfit=5.593396e-01 best=5.591194e-01
[NA] iter=00019 eval=04735 misfit=5.598862e-01 best=5.591194e-01
[NA] iter=00019 eval=04736 misfit=5.593140e-01 best=5.591194e-01
[NA] iter=00019 eval=04737 misfit=5.593262e-01 best=5.591194e-01
[NA] iter=00019 eval=04738 misfit=5.594757e-01 best=5.591194e-01
[NA] iter=00019 eval=04739 misfit=5.594821e-01 best=5.591194e-01
[NA] iter=00019 eval=04740 misfit=5.596201e-01 best=5.591194e-01
[NA] iter=00019 eval=04741 misfit=5.599314e-01 best=5.591194e-01
[NA] iter=00019 eval=04742 misfit=5.598960e-01 best=5.591194e-01
[NA] iter=00019 eval=04743 misfit=5.596190e-01 best=5.591194e-01
[NA] iter=00019 eval=04744 misfit=5.604084e-01 best=5.591194e-01
[NA] iter=00019 eval=04745 misfit=5.598041e-01 best=5.591194e-01
[NA] iter=00019 eval=04746 misfit=5.596286e-01 best=5.591194e-01
[NA] iter=00019 eval=04747 misfit=5.596164e-01 best=5.591194e-01
[NA] iter=00019 eval=04748 misfit=5.597735e-01 best=5.591194e-01
[NA] iter=00019 eval=04749 misfit=5.596041e-01 best=5.591194e-01
[NA] iter=00019 eval=04750 misfit=5.595837e-01 best=5.591194e-01
[NA] iter=00019 eval=04751 misfit=5.599531e-01 best=5.591194e-01
[NA] iter=00019 eval=04752 misfit=5.596969e-01 best=5.591194e-01
[NA] iter=00019 eval=04753 misfit=5.593866e-01 best=5.591194e-01
[NA] iter=00019 eval=04754 misfit=5.597412e-01 best=5.591194e-01
[NA] iter=00019 eval=04755 misfit=5.594107e-01 best=5.591194e-01
[NA] iter=00019 eval=04756 misfit=5.596600e-01 best=5.591194e-01
[NA] iter=00019 eval=04757 misfit=5.593974e-01 best=5.591194e-01
[NA] iter=00019 eval=04758 misfit=5.594146e-01 best=5.591194e-01
[NA] iter=00019 eval=04759 misfit=5.593838e-01 best=5.591194e-01
[NA] iter=00019 eval=04760 misfit=5.599758e-01 best=5.591194e-01
[NA] iter=00019 eval=04761 misfit=5.600622e-01 best=5.591194e-01
[NA] iter=00019 eval=04762 misfit=5.599623e-01 best=5.591194e-01
[NA] iter=00019 eval=04763 misfit=5.600069e-01 best=5.591194e-01
[NA] iter=00019 eval=04764 misfit=5.596792e-01 best=5.591194e-01
[NA] iter=00019 eval=04765 misfit=5.600344e-01 best=5.591194e-01
[NA] iter=00019 eval=04766 misfit=5.605137e-01 best=5.591194e-01
[NA] iter=00019 eval=04767 misfit=5.594847e-01 best=5.591194e-01
[NA] iter=00019 eval=04768 misfit=5.595154e-01 best=5.591194e-01
[NA] iter=00019 eval=04769 misfit=5.605198e-01 best=5.591194e-01
[NA] iter=00019 eval=04770 misfit=5.594410e-01 best=5.591194e-01
[NA] iter=00019 eval=04771 misfit=5.605350e-01 best=5.591194e-01
[NA] iter=00019 eval=04772 misfit=5.605374e-01 best=5.591194e-01
[NA] iter=00019 eval=04773 misfit=5.599539e-01 best=5.591194e-01
[NA] iter=00019 eval=04774 misfit=5.592410e-01 best=5.591194e-01
[NA] iter=00019 eval=04775 misfit=5.598579e-01 best=5.591194e-01
[NA] iter=00019 eval=04776 misfit=5.594555e-01 best=5.591194e-01
[NA] iter=00019 eval=04777 misfit=5.604908e-01 best=5.591194e-01
[NA] iter=00019 eval=04778 misfit=5.605213e-01 best=5.591194e-01
[NA] iter=00019 eval=04779 misfit=5.602055e-01 best=5.591194e-01
[NA] iter=00019 eval=04780 misfit=5.593044e-01 best=5.591194e-01
[NA] iter=00019 eval=04781 misfit=5.602224e-01 best=5.591194e-01
[NA] iter=00019 eval=04782 misfit=5.602182e-01 best=5.591194e-01
[NA] iter=00019 eval=04783 misfit=5.594649e-01 best=5.591194e-01
[NA] iter=00019 eval=04784 misfit=5.599928e-01 best=5.591194e-01
[NA] iter=00019 eval=04785 misfit=5.593274e-01 best=5.591194e-01
[NA] iter=00019 eval=04786 misfit=5.602299e-01 best=5.591194e-01
[NA] iter=00019 eval=04787 misfit=5.594607e-01 best=5.591194e-01
[NA] iter=00019 eval=04788 misfit=5.602233e-01 best=5.591194e-01
[NA] iter=00019 eval=04789 misfit=5.600164e-01 best=5.591194e-01
[NA] iter=00019 eval=04790 misfit=5.597094e-01 best=5.591194e-01
[NA] iter=00019 eval=04791 misfit=5.599352e-01 best=5.591194e-01
[NA] iter=00019 eval=04792 misfit=5.593963e-01 best=5.591194e-01
[NA] iter=00019 eval=04793 misfit=5.594578e-01 best=5.591194e-01
[NA] iter=00019 eval=04794 misfit=5.599974e-01 best=5.591194e-01
[NA] iter=00019 eval=04795 misfit=5.594224e-01 best=5.591194e-01
[NA] iter=00019 eval=04796 misfit=5.599746e-01 best=5.591194e-01
[NA] iter=00019 eval=04797 misfit=5.601867e-01 best=5.591194e-01
[NA] iter=00019 eval=04798 misfit=5.594765e-01 best=5.591194e-01
[NA] iter=00019 eval=04799 misfit=5.600374e-01 best=5.591194e-01
[NA] iter=00019 eval=04800 misfit=5.602083e-01 best=5.591194e-01
NAI - Optimisation Loop:  63%|██████▎   | 19/30 [39:01<22:27, 122.49s/it][NA] iter=00020 eval=04801 misfit=5.606795e-01 best=5.591194e-01
[NA] iter=00020 eval=04802 misfit=5.591576e-01 best=5.591194e-01
[NA] iter=00020 eval=04803 misfit=5.591518e-01 best=5.591194e-01
[NA] iter=00020 eval=04804 misfit=5.591519e-01 best=5.591194e-01
[NA] iter=00020 eval=04805 misfit=5.591334e-01 best=5.591194e-01
[NA] iter=00020 eval=04806 misfit=5.594792e-01 best=5.591194e-01
[NA] iter=00020 eval=04807 misfit=5.602124e-01 best=5.591194e-01
[NA] iter=00020 eval=04808 misfit=5.591459e-01 best=5.591194e-01
[NA] iter=00020 eval=04809 misfit=5.606878e-01 best=5.591194e-01
[NA] iter=00020 eval=04810 misfit=5.591528e-01 best=5.591194e-01
[NA] iter=00020 eval=04811 misfit=5.591480e-01 best=5.591194e-01
[NA] iter=00020 eval=04812 misfit=5.591320e-01 best=5.591194e-01
[NA] iter=00020 eval=04813 misfit=5.596253e-01 best=5.591194e-01
[NA] iter=00020 eval=04814 misfit=5.594996e-01 best=5.591194e-01
[NA] iter=00020 eval=04815 misfit=5.596529e-01 best=5.591194e-01
[NA] iter=00020 eval=04816 misfit=5.601962e-01 best=5.591194e-01
[NA] iter=00020 eval=04817 misfit=5.599603e-01 best=5.591194e-01
[NA] iter=00020 eval=04818 misfit=5.594817e-01 best=5.591194e-01
[NA] iter=00020 eval=04819 misfit=5.606757e-01 best=5.591194e-01
[NA] iter=00020 eval=04820 misfit=5.599705e-01 best=5.591194e-01
[NA] iter=00020 eval=04821 misfit=5.594374e-01 best=5.591194e-01
[NA] iter=00020 eval=04822 misfit=5.591624e-01 best=5.591194e-01
[NA] iter=00020 eval=04823 misfit=5.594256e-01 best=5.591194e-01
[NA] iter=00020 eval=04824 misfit=5.594169e-01 best=5.591194e-01
[NA] iter=00020 eval=04825 misfit=5.591495e-01 best=5.591194e-01
[NA] iter=00020 eval=04826 misfit=5.596857e-01 best=5.591194e-01
[NA] iter=00020 eval=04827 misfit=5.591683e-01 best=5.591194e-01
[NA] iter=00020 eval=04828 misfit=5.594347e-01 best=5.591194e-01
[NA] iter=00020 eval=04829 misfit=5.591394e-01 best=5.591194e-01
[NA] iter=00020 eval=04830 misfit=5.594394e-01 best=5.591194e-01
[NA] iter=00020 eval=04831 misfit=5.599243e-01 best=5.591194e-01
[NA] iter=00020 eval=04832 misfit=5.599367e-01 best=5.591194e-01
[NA] iter=00020 eval=04833 misfit=5.591537e-01 best=5.591194e-01
[NA] iter=00020 eval=04834 misfit=5.599603e-01 best=5.591194e-01
[NA] iter=00020 eval=04835 misfit=5.599458e-01 best=5.591194e-01
[NA] iter=00020 eval=04836 misfit=5.596981e-01 best=5.591194e-01
[NA] iter=00020 eval=04837 misfit=5.591505e-01 best=5.591194e-01
[NA] iter=00020 eval=04838 misfit=5.599515e-01 best=5.591194e-01
[NA] iter=00020 eval=04839 misfit=5.591563e-01 best=5.591194e-01
[NA] iter=00020 eval=04840 misfit=5.599423e-01 best=5.591194e-01
[NA] iter=00020 eval=04841 misfit=5.599051e-01 best=5.591194e-01
[NA] iter=00020 eval=04842 misfit=5.599473e-01 best=5.591194e-01
[NA] iter=00020 eval=04843 misfit=5.591629e-01 best=5.591194e-01
[NA] iter=00020 eval=04844 misfit=5.599252e-01 best=5.591194e-01
[NA] iter=00020 eval=04845 misfit=5.594018e-01 best=5.591194e-01
[NA] iter=00020 eval=04846 misfit=5.591275e-01 best=5.591194e-01
[NA] iter=00020 eval=04847 misfit=5.591369e-01 best=5.591194e-01
[NA] iter=00020 eval=04848 misfit=5.599430e-01 best=5.591194e-01
[NA] iter=00020 eval=04849 misfit=5.594749e-01 best=5.591194e-01
[NA] iter=00020 eval=04850 misfit=5.593837e-01 best=5.591194e-01
[NA] iter=00020 eval=04851 misfit=5.591723e-01 best=5.591194e-01
[NA] iter=00020 eval=04852 misfit=5.591672e-01 best=5.591194e-01
[NA] iter=00020 eval=04853 misfit=5.604166e-01 best=5.591194e-01
[NA] iter=00020 eval=04854 misfit=5.596714e-01 best=5.591194e-01
[NA] iter=00020 eval=04855 misfit=5.591679e-01 best=5.591194e-01
[NA] iter=00020 eval=04856 misfit=5.602289e-01 best=5.591194e-01
[NA] iter=00020 eval=04857 misfit=5.603913e-01 best=5.591194e-01
[NA] iter=00020 eval=04858 misfit=5.591695e-01 best=5.591194e-01
[NA] iter=00020 eval=04859 misfit=5.591997e-01 best=5.591194e-01
[NA] iter=00020 eval=04860 misfit=5.603886e-01 best=5.591194e-01
[NA] iter=00020 eval=04861 misfit=5.591395e-01 best=5.591194e-01
[NA] iter=00020 eval=04862 misfit=5.599197e-01 best=5.591194e-01
[NA] iter=00020 eval=04863 misfit=5.591525e-01 best=5.591194e-01
[NA] iter=00020 eval=04864 misfit=5.598930e-01 best=5.591194e-01
[NA] iter=00020 eval=04865 misfit=5.591430e-01 best=5.591194e-01
[NA] iter=00020 eval=04866 misfit=5.599016e-01 best=5.591194e-01
[NA] iter=00020 eval=04867 misfit=5.591792e-01 best=5.591194e-01
[NA] iter=00020 eval=04868 misfit=5.599090e-01 best=5.591194e-01
[NA] iter=00020 eval=04869 misfit=5.599625e-01 best=5.591194e-01
[NA] iter=00020 eval=04870 misfit=5.599467e-01 best=5.591194e-01
[NA] iter=00020 eval=04871 misfit=5.591659e-01 best=5.591194e-01
[NA] iter=00020 eval=04872 misfit=5.600993e-01 best=5.591194e-01
[NA] iter=00020 eval=04873 misfit=5.591594e-01 best=5.591194e-01
[NA] iter=00020 eval=04874 misfit=5.591895e-01 best=5.591194e-01
[NA] iter=00020 eval=04875 misfit=5.591412e-01 best=5.591194e-01
[NA] iter=00020 eval=04876 misfit=5.592227e-01 best=5.591194e-01
[NA] iter=00020 eval=04877 misfit=5.594197e-01 best=5.591194e-01
[NA] iter=00020 eval=04878 misfit=5.594222e-01 best=5.591194e-01
[NA] iter=00020 eval=04879 misfit=5.601237e-01 best=5.591194e-01
[NA] iter=00020 eval=04880 misfit=5.594331e-01 best=5.591194e-01
[NA] iter=00020 eval=04881 misfit=5.596195e-01 best=5.591194e-01
[NA] iter=00020 eval=04882 misfit=5.596401e-01 best=5.591194e-01
[NA] iter=00020 eval=04883 misfit=5.591614e-01 best=5.591194e-01
[NA] iter=00020 eval=04884 misfit=5.596174e-01 best=5.591194e-01
[NA] iter=00020 eval=04885 misfit=5.599404e-01 best=5.591194e-01
[NA] iter=00020 eval=04886 misfit=5.591677e-01 best=5.591194e-01
[NA] iter=00020 eval=04887 misfit=5.598957e-01 best=5.591194e-01
[NA] iter=00020 eval=04888 misfit=5.596463e-01 best=5.591194e-01
[NA] iter=00020 eval=04889 misfit=5.591613e-01 best=5.591194e-01
[NA] iter=00020 eval=04890 misfit=5.594685e-01 best=5.591194e-01
[NA] iter=00020 eval=04891 misfit=5.591919e-01 best=5.591194e-01
[NA] iter=00020 eval=04892 misfit=5.596820e-01 best=5.591194e-01
[NA] iter=00020 eval=04893 misfit=5.594467e-01 best=5.591194e-01
[NA] iter=00020 eval=04894 misfit=5.599338e-01 best=5.591194e-01
[NA] iter=00020 eval=04895 misfit=5.594709e-01 best=5.591194e-01
[NA] iter=00020 eval=04896 misfit=5.594577e-01 best=5.591194e-01
[NA] iter=00020 eval=04897 misfit=5.600997e-01 best=5.591194e-01
[NA] iter=00020 eval=04898 misfit=5.594806e-01 best=5.591194e-01
[NA] iter=00020 eval=04899 misfit=5.593928e-01 best=5.591194e-01
[NA] iter=00020 eval=04900 misfit=5.595136e-01 best=5.591194e-01
[NA] iter=00020 eval=04901 misfit=5.591598e-01 best=5.591194e-01
[NA] iter=00020 eval=04902 misfit=5.591499e-01 best=5.591194e-01
[NA] iter=00020 eval=04903 misfit=5.593804e-01 best=5.591194e-01
[NA] iter=00020 eval=04904 misfit=5.591607e-01 best=5.591194e-01
[NA] iter=00020 eval=04905 misfit=5.591647e-01 best=5.591194e-01
[NA] iter=00020 eval=04906 misfit=5.591653e-01 best=5.591194e-01
[NA] iter=00020 eval=04907 misfit=5.591684e-01 best=5.591194e-01
[NA] iter=00020 eval=04908 misfit=5.593716e-01 best=5.591194e-01
[NA] iter=00020 eval=04909 misfit=5.591641e-01 best=5.591194e-01
[NA] iter=00020 eval=04910 misfit=5.593861e-01 best=5.591194e-01
[NA] iter=00020 eval=04911 misfit=5.591914e-01 best=5.591194e-01
[NA] iter=00020 eval=04912 misfit=5.598964e-01 best=5.591194e-01
[NA] iter=00020 eval=04913 misfit=5.594509e-01 best=5.591194e-01
[NA] iter=00020 eval=04914 misfit=5.591815e-01 best=5.591194e-01
[NA] iter=00020 eval=04915 misfit=5.591690e-01 best=5.591194e-01
[NA] iter=00020 eval=04916 misfit=5.604953e-01 best=5.591194e-01
[NA] iter=00020 eval=04917 misfit=5.602940e-01 best=5.591194e-01
[NA] iter=00020 eval=04918 misfit=5.604802e-01 best=5.591194e-01
[NA] iter=00020 eval=04919 misfit=5.596795e-01 best=5.591194e-01
[NA] iter=00020 eval=04920 misfit=5.604717e-01 best=5.591194e-01
[NA] iter=00020 eval=04921 misfit=5.591680e-01 best=5.591194e-01
[NA] iter=00020 eval=04922 misfit=5.599229e-01 best=5.591194e-01
[NA] iter=00020 eval=04923 misfit=5.594135e-01 best=5.591194e-01
[NA] iter=00020 eval=04924 misfit=5.599320e-01 best=5.591194e-01
[NA] iter=00020 eval=04925 misfit=5.591638e-01 best=5.591194e-01
[NA] iter=00020 eval=04926 misfit=5.594008e-01 best=5.591194e-01
[NA] iter=00020 eval=04927 misfit=5.591909e-01 best=5.591194e-01
[NA] iter=00020 eval=04928 misfit=5.591758e-01 best=5.591194e-01
[NA] iter=00020 eval=04929 misfit=5.591685e-01 best=5.591194e-01
[NA] iter=00020 eval=04930 misfit=5.591665e-01 best=5.591194e-01
[NA] iter=00020 eval=04931 misfit=5.596719e-01 best=5.591194e-01
[NA] iter=00020 eval=04932 misfit=5.594237e-01 best=5.591194e-01
[NA] iter=00020 eval=04933 misfit=5.593862e-01 best=5.591194e-01
[NA] iter=00020 eval=04934 misfit=5.593817e-01 best=5.591194e-01
[NA] iter=00020 eval=04935 misfit=5.602717e-01 best=5.591194e-01
[NA] iter=00020 eval=04936 misfit=5.591582e-01 best=5.591194e-01
[NA] iter=00020 eval=04937 misfit=5.594098e-01 best=5.591194e-01
[NA] iter=00020 eval=04938 misfit=5.593676e-01 best=5.591194e-01
[NA] iter=00020 eval=04939 misfit=5.594978e-01 best=5.591194e-01
[NA] iter=00020 eval=04940 misfit=5.591532e-01 best=5.591194e-01
[NA] iter=00020 eval=04941 misfit=5.591881e-01 best=5.591194e-01
[NA] iter=00020 eval=04942 misfit=5.591674e-01 best=5.591194e-01
[NA] iter=00020 eval=04943 misfit=5.591687e-01 best=5.591194e-01
[NA] iter=00020 eval=04944 misfit=5.591642e-01 best=5.591194e-01
[NA] iter=00020 eval=04945 misfit=5.591628e-01 best=5.591194e-01
[NA] iter=00020 eval=04946 misfit=5.591579e-01 best=5.591194e-01
[NA] iter=00020 eval=04947 misfit=5.591759e-01 best=5.591194e-01
[NA] iter=00020 eval=04948 misfit=5.591624e-01 best=5.591194e-01
[NA] iter=00020 eval=04949 misfit=5.591772e-01 best=5.591194e-01
[NA] iter=00020 eval=04950 misfit=5.591538e-01 best=5.591194e-01
[NA] iter=00020 eval=04951 misfit=5.592243e-01 best=5.591194e-01
[NA] iter=00020 eval=04952 misfit=5.591944e-01 best=5.591194e-01
[NA] iter=00020 eval=04953 misfit=5.595497e-01 best=5.591194e-01
[NA] iter=00020 eval=04954 misfit=5.602836e-01 best=5.591194e-01
[NA] iter=00020 eval=04955 misfit=5.591528e-01 best=5.591194e-01
[NA] iter=00020 eval=04956 misfit=5.591840e-01 best=5.591194e-01
[NA] iter=00020 eval=04957 misfit=5.592268e-01 best=5.591194e-01
[NA] iter=00020 eval=04958 misfit=5.591865e-01 best=5.591194e-01
[NA] iter=00020 eval=04959 misfit=5.592174e-01 best=5.591194e-01
[NA] iter=00020 eval=04960 misfit=5.602687e-01 best=5.591194e-01
[NA] iter=00020 eval=04961 misfit=5.604951e-01 best=5.591194e-01
[NA] iter=00020 eval=04962 misfit=5.596722e-01 best=5.591194e-01
[NA] iter=00020 eval=04963 misfit=5.604694e-01 best=5.591194e-01
[NA] iter=00020 eval=04964 misfit=5.595693e-01 best=5.591194e-01
[NA] iter=00020 eval=04965 misfit=5.596900e-01 best=5.591194e-01
[NA] iter=00020 eval=04966 misfit=5.604669e-01 best=5.591194e-01
[NA] iter=00020 eval=04967 misfit=5.591997e-01 best=5.591194e-01
[NA] iter=00020 eval=04968 misfit=5.596665e-01 best=5.591194e-01
[NA] iter=00020 eval=04969 misfit=5.604870e-01 best=5.591194e-01
[NA] iter=00020 eval=04970 misfit=5.602959e-01 best=5.591194e-01
[NA] iter=00020 eval=04971 misfit=5.592407e-01 best=5.591194e-01
[NA] iter=00020 eval=04972 misfit=5.592285e-01 best=5.591194e-01
[NA] iter=00020 eval=04973 misfit=5.592341e-01 best=5.591194e-01
[NA] iter=00020 eval=04974 misfit=5.599851e-01 best=5.591194e-01
[NA] iter=00020 eval=04975 misfit=5.591783e-01 best=5.591194e-01
[NA] iter=00020 eval=04976 misfit=5.592226e-01 best=5.591194e-01
[NA] iter=00020 eval=04977 misfit=5.592202e-01 best=5.591194e-01
[NA] iter=00020 eval=04978 misfit=5.599980e-01 best=5.591194e-01
[NA] iter=00020 eval=04979 misfit=5.591656e-01 best=5.591194e-01
[NA] iter=00020 eval=04980 misfit=5.600103e-01 best=5.591194e-01
[NA] iter=00020 eval=04981 misfit=5.594402e-01 best=5.591194e-01
[NA] iter=00020 eval=04982 misfit=5.595308e-01 best=5.591194e-01
[NA] iter=00020 eval=04983 misfit=5.604860e-01 best=5.591194e-01
[NA] iter=00020 eval=04984 misfit=5.592035e-01 best=5.591194e-01
[NA] iter=00020 eval=04985 misfit=5.602359e-01 best=5.591194e-01
[NA] iter=00020 eval=04986 misfit=5.596774e-01 best=5.591194e-01
[NA] iter=00020 eval=04987 misfit=5.593788e-01 best=5.591194e-01
[NA] iter=00020 eval=04988 misfit=5.592296e-01 best=5.591194e-01
[NA] iter=00020 eval=04989 misfit=5.592288e-01 best=5.591194e-01
[NA] iter=00020 eval=04990 misfit=5.595844e-01 best=5.591194e-01
[NA] iter=00020 eval=04991 misfit=5.594370e-01 best=5.591194e-01
[NA] iter=00020 eval=04992 misfit=5.599553e-01 best=5.591194e-01
[NA] iter=00020 eval=04993 misfit=5.591984e-01 best=5.591194e-01
[NA] iter=00020 eval=04994 misfit=5.592116e-01 best=5.591194e-01
[NA] iter=00020 eval=04995 misfit=5.594062e-01 best=5.591194e-01
[NA] iter=00020 eval=04996 misfit=5.594418e-01 best=5.591194e-01
[NA] iter=00020 eval=04997 misfit=5.599375e-01 best=5.591194e-01
[NA] iter=00020 eval=04998 misfit=5.594173e-01 best=5.591194e-01
[NA] iter=00020 eval=04999 misfit=5.604523e-01 best=5.591194e-01
[NA] iter=00020 eval=05000 misfit=5.594391e-01 best=5.591194e-01
NAI - Optimisation Loop:  67%|██████▋   | 20/30 [41:01<20:18, 121.89s/it][NA] iter=00021 eval=05001 misfit=5.594626e-01 best=5.591194e-01
[NA] iter=00021 eval=05002 misfit=5.601823e-01 best=5.591194e-01
[NA] iter=00021 eval=05003 misfit=5.599502e-01 best=5.591194e-01
[NA] iter=00021 eval=05004 misfit=5.591364e-01 best=5.591194e-01
[NA] iter=00021 eval=05005 misfit=5.591294e-01 best=5.591194e-01
[NA] iter=00021 eval=05006 misfit=5.599440e-01 best=5.591194e-01
[NA] iter=00021 eval=05007 misfit=5.593280e-01 best=5.591194e-01
[NA] iter=00021 eval=05008 misfit=5.596895e-01 best=5.591194e-01
[NA] iter=00021 eval=05009 misfit=5.591356e-01 best=5.591194e-01
[NA] iter=00021 eval=05010 misfit=5.599313e-01 best=5.591194e-01
[NA] iter=00021 eval=05011 misfit=5.591489e-01 best=5.591194e-01
[NA] iter=00021 eval=05012 misfit=5.591245e-01 best=5.591194e-01
[NA] iter=00021 eval=05013 misfit=5.591258e-01 best=5.591194e-01
[NA] iter=00021 eval=05014 misfit=5.591228e-01 best=5.591194e-01
[NA] iter=00021 eval=05015 misfit=5.591347e-01 best=5.591194e-01
[NA] iter=00021 eval=05016 misfit=5.591391e-01 best=5.591194e-01
[NA] iter=00021 eval=05017 misfit=5.594792e-01 best=5.591194e-01
[NA] iter=00021 eval=05018 misfit=5.593478e-01 best=5.591194e-01
[NA] iter=00021 eval=05019 misfit=5.593861e-01 best=5.591194e-01
[NA] iter=00021 eval=05020 misfit=5.593952e-01 best=5.591194e-01
[NA] iter=00021 eval=05021 misfit=5.594975e-01 best=5.591194e-01
[NA] iter=00021 eval=05022 misfit=5.599467e-01 best=5.591194e-01
[NA] iter=00021 eval=05023 misfit=5.599604e-01 best=5.591194e-01
[NA] iter=00021 eval=05024 misfit=5.599536e-01 best=5.591194e-01
[NA] iter=00021 eval=05025 misfit=5.602174e-01 best=5.591194e-01
[NA] iter=00021 eval=05026 misfit=5.597079e-01 best=5.591194e-01
[NA] iter=00021 eval=05027 misfit=5.591274e-01 best=5.591194e-01
[NA] iter=00021 eval=05028 misfit=5.599602e-01 best=5.591194e-01
[NA] iter=00021 eval=05029 misfit=5.599448e-01 best=5.591194e-01
[NA] iter=00021 eval=05030 misfit=5.594968e-01 best=5.591194e-01
[NA] iter=00021 eval=05031 misfit=5.594734e-01 best=5.591194e-01
[NA] iter=00021 eval=05032 misfit=5.591315e-01 best=5.591194e-01
[NA] iter=00021 eval=05033 misfit=5.591357e-01 best=5.591194e-01
[NA] iter=00021 eval=05034 misfit=5.594747e-01 best=5.591194e-01
[NA] iter=00021 eval=05035 misfit=5.591363e-01 best=5.591194e-01
[NA] iter=00021 eval=05036 misfit=5.591246e-01 best=5.591194e-01
[NA] iter=00021 eval=05037 misfit=5.591373e-01 best=5.591194e-01
[NA] iter=00021 eval=05038 misfit=5.596872e-01 best=5.591194e-01
[NA] iter=00021 eval=05039 misfit=5.596813e-01 best=5.591194e-01
[NA] iter=00021 eval=05040 misfit=5.599282e-01 best=5.591194e-01
[NA] iter=00021 eval=05041 misfit=5.591299e-01 best=5.591194e-01
[NA] iter=00021 eval=05042 misfit=5.594731e-01 best=5.591194e-01
[NA] iter=00021 eval=05043 misfit=5.591289e-01 best=5.591194e-01
[NA] iter=00021 eval=05044 misfit=5.591305e-01 best=5.591194e-01
[NA] iter=00021 eval=05045 misfit=5.591576e-01 best=5.591194e-01
[NA] iter=00021 eval=05046 misfit=5.591389e-01 best=5.591194e-01
[NA] iter=00021 eval=05047 misfit=5.594875e-01 best=5.591194e-01
[NA] iter=00021 eval=05048 misfit=5.591458e-01 best=5.591194e-01
[NA] iter=00021 eval=05049 misfit=5.594777e-01 best=5.591194e-01
[NA] iter=00021 eval=05050 misfit=5.591413e-01 best=5.591194e-01
[NA] iter=00021 eval=05051 misfit=5.597118e-01 best=5.591194e-01
[NA] iter=00021 eval=05052 misfit=5.594795e-01 best=5.591194e-01
[NA] iter=00021 eval=05053 misfit=5.594731e-01 best=5.591194e-01
[NA] iter=00021 eval=05054 misfit=5.601738e-01 best=5.591194e-01
[NA] iter=00021 eval=05055 misfit=5.594661e-01 best=5.591194e-01
[NA] iter=00021 eval=05056 misfit=5.594677e-01 best=5.591194e-01
[NA] iter=00021 eval=05057 misfit=5.594821e-01 best=5.591194e-01
[NA] iter=00021 eval=05058 misfit=5.601850e-01 best=5.591194e-01
[NA] iter=00021 eval=05059 misfit=5.597154e-01 best=5.591194e-01
[NA] iter=00021 eval=05060 misfit=5.594818e-01 best=5.591194e-01
[NA] iter=00021 eval=05061 misfit=5.593900e-01 best=5.591194e-01
[NA] iter=00021 eval=05062 misfit=5.594450e-01 best=5.591194e-01
[NA] iter=00021 eval=05063 misfit=5.591315e-01 best=5.591194e-01
[NA] iter=00021 eval=05064 misfit=5.599418e-01 best=5.591194e-01
[NA] iter=00021 eval=05065 misfit=5.599222e-01 best=5.591194e-01
[NA] iter=00021 eval=05066 misfit=5.591426e-01 best=5.591194e-01
[NA] iter=00021 eval=05067 misfit=5.601380e-01 best=5.591194e-01
[NA] iter=00021 eval=05068 misfit=5.594286e-01 best=5.591194e-01
[NA] iter=00021 eval=05069 misfit=5.591429e-01 best=5.591194e-01
[NA] iter=00021 eval=05070 misfit=5.591403e-01 best=5.591194e-01
[NA] iter=00021 eval=05071 misfit=5.601073e-01 best=5.591194e-01
[NA] iter=00021 eval=05072 misfit=5.591866e-01 best=5.591194e-01
[NA] iter=00021 eval=05073 misfit=5.594265e-01 best=5.591194e-01
[NA] iter=00021 eval=05074 misfit=5.592165e-01 best=5.591194e-01
[NA] iter=00021 eval=05075 misfit=5.601127e-01 best=5.591194e-01
[NA] iter=00021 eval=05076 misfit=5.593767e-01 best=5.591194e-01
[NA] iter=00021 eval=05077 misfit=5.591617e-01 best=5.591194e-01
[NA] iter=00021 eval=05078 misfit=5.591601e-01 best=5.591194e-01
[NA] iter=00021 eval=05079 misfit=5.594452e-01 best=5.591194e-01
[NA] iter=00021 eval=05080 misfit=5.591661e-01 best=5.591194e-01
[NA] iter=00021 eval=05081 misfit=5.591401e-01 best=5.591194e-01
[NA] iter=00021 eval=05082 misfit=5.591233e-01 best=5.591194e-01
[NA] iter=00021 eval=05083 misfit=5.591660e-01 best=5.591194e-01
[NA] iter=00021 eval=05084 misfit=5.591143e-01 best=5.591143e-01
[NA] iter=00021 eval=05085 misfit=5.599113e-01 best=5.591143e-01
[NA] iter=00021 eval=05086 misfit=5.591185e-01 best=5.591143e-01
[NA] iter=00021 eval=05087 misfit=5.591317e-01 best=5.591143e-01
[NA] iter=00021 eval=05088 misfit=5.591513e-01 best=5.591143e-01
[NA] iter=00021 eval=05089 misfit=5.591257e-01 best=5.591143e-01
[NA] iter=00021 eval=05090 misfit=5.591099e-01 best=5.591099e-01
[NA] iter=00021 eval=05091 misfit=5.591476e-01 best=5.591099e-01
[NA] iter=00021 eval=05092 misfit=5.591460e-01 best=5.591099e-01
[NA] iter=00021 eval=05093 misfit=5.591634e-01 best=5.591099e-01
[NA] iter=00021 eval=05094 misfit=5.600066e-01 best=5.591099e-01
[NA] iter=00021 eval=05095 misfit=5.599577e-01 best=5.591099e-01
[NA] iter=00021 eval=05096 misfit=5.591557e-01 best=5.591099e-01
[NA] iter=00021 eval=05097 misfit=5.591788e-01 best=5.591099e-01
[NA] iter=00021 eval=05098 misfit=5.591325e-01 best=5.591099e-01
[NA] iter=00021 eval=05099 misfit=5.600384e-01 best=5.591099e-01
[NA] iter=00021 eval=05100 misfit=5.591499e-01 best=5.591099e-01
[NA] iter=00021 eval=05101 misfit=5.591477e-01 best=5.591099e-01
[NA] iter=00021 eval=05102 misfit=5.591574e-01 best=5.591099e-01
[NA] iter=00021 eval=05103 misfit=5.591543e-01 best=5.591099e-01
[NA] iter=00021 eval=05104 misfit=5.591395e-01 best=5.591099e-01
[NA] iter=00021 eval=05105 misfit=5.595228e-01 best=5.591099e-01
[NA] iter=00021 eval=05106 misfit=5.591779e-01 best=5.591099e-01
[NA] iter=00021 eval=05107 misfit=5.591279e-01 best=5.591099e-01
[NA] iter=00021 eval=05108 misfit=5.591511e-01 best=5.591099e-01
[NA] iter=00021 eval=05109 misfit=5.591476e-01 best=5.591099e-01
[NA] iter=00021 eval=05110 misfit=5.593630e-01 best=5.591099e-01
[NA] iter=00021 eval=05111 misfit=5.596463e-01 best=5.591099e-01
[NA] iter=00021 eval=05112 misfit=5.596733e-01 best=5.591099e-01
[NA] iter=00021 eval=05113 misfit=5.594764e-01 best=5.591099e-01
[NA] iter=00021 eval=05114 misfit=5.591448e-01 best=5.591099e-01
[NA] iter=00021 eval=05115 misfit=5.591456e-01 best=5.591099e-01
[NA] iter=00021 eval=05116 misfit=5.594880e-01 best=5.591099e-01
[NA] iter=00021 eval=05117 misfit=5.594826e-01 best=5.591099e-01
[NA] iter=00021 eval=05118 misfit=5.594766e-01 best=5.591099e-01
[NA] iter=00021 eval=05119 misfit=5.596971e-01 best=5.591099e-01
[NA] iter=00021 eval=05120 misfit=5.594733e-01 best=5.591099e-01
[NA] iter=00021 eval=05121 misfit=5.591607e-01 best=5.591099e-01
[NA] iter=00021 eval=05122 misfit=5.591644e-01 best=5.591099e-01
[NA] iter=00021 eval=05123 misfit=5.591433e-01 best=5.591099e-01
[NA] iter=00021 eval=05124 misfit=5.591498e-01 best=5.591099e-01
[NA] iter=00021 eval=05125 misfit=5.591454e-01 best=5.591099e-01
[NA] iter=00021 eval=05126 misfit=5.591561e-01 best=5.591099e-01
[NA] iter=00021 eval=05127 misfit=5.591592e-01 best=5.591099e-01
[NA] iter=00021 eval=05128 misfit=5.591623e-01 best=5.591099e-01
[NA] iter=00021 eval=05129 misfit=5.591330e-01 best=5.591099e-01
[NA] iter=00021 eval=05130 misfit=5.591594e-01 best=5.591099e-01
[NA] iter=00021 eval=05131 misfit=5.594726e-01 best=5.591099e-01
[NA] iter=00021 eval=05132 misfit=5.591278e-01 best=5.591099e-01
[NA] iter=00021 eval=05133 misfit=5.594784e-01 best=5.591099e-01
[NA] iter=00021 eval=05134 misfit=5.591355e-01 best=5.591099e-01
[NA] iter=00021 eval=05135 misfit=5.591295e-01 best=5.591099e-01
[NA] iter=00021 eval=05136 misfit=5.591394e-01 best=5.591099e-01
[NA] iter=00021 eval=05137 misfit=5.591433e-01 best=5.591099e-01
[NA] iter=00021 eval=05138 misfit=5.591229e-01 best=5.591099e-01
[NA] iter=00021 eval=05139 misfit=5.591383e-01 best=5.591099e-01
[NA] iter=00021 eval=05140 misfit=5.594946e-01 best=5.591099e-01
[NA] iter=00021 eval=05141 misfit=5.591759e-01 best=5.591099e-01
[NA] iter=00021 eval=05142 misfit=5.591675e-01 best=5.591099e-01
[NA] iter=00021 eval=05143 misfit=5.594571e-01 best=5.591099e-01
[NA] iter=00021 eval=05144 misfit=5.597883e-01 best=5.591099e-01
[NA] iter=00021 eval=05145 misfit=5.591730e-01 best=5.591099e-01
[NA] iter=00021 eval=05146 misfit=5.591447e-01 best=5.591099e-01
[NA] iter=00021 eval=05147 misfit=5.591689e-01 best=5.591099e-01
[NA] iter=00021 eval=05148 misfit=5.591865e-01 best=5.591099e-01
[NA] iter=00021 eval=05149 misfit=5.591609e-01 best=5.591099e-01
[NA] iter=00021 eval=05150 misfit=5.595167e-01 best=5.591099e-01
[NA] iter=00021 eval=05151 misfit=5.591482e-01 best=5.591099e-01
[NA] iter=00021 eval=05152 misfit=5.594240e-01 best=5.591099e-01
[NA] iter=00021 eval=05153 misfit=5.591635e-01 best=5.591099e-01
[NA] iter=00021 eval=05154 misfit=5.591552e-01 best=5.591099e-01
[NA] iter=00021 eval=05155 misfit=5.591903e-01 best=5.591099e-01
[NA] iter=00021 eval=05156 misfit=5.591527e-01 best=5.591099e-01
[NA] iter=00021 eval=05157 misfit=5.591581e-01 best=5.591099e-01
[NA] iter=00021 eval=05158 misfit=5.591584e-01 best=5.591099e-01
[NA] iter=00021 eval=05159 misfit=5.591755e-01 best=5.591099e-01
[NA] iter=00021 eval=05160 misfit=5.591811e-01 best=5.591099e-01
[NA] iter=00021 eval=05161 misfit=5.591552e-01 best=5.591099e-01
[NA] iter=00021 eval=05162 misfit=5.599583e-01 best=5.591099e-01
[NA] iter=00021 eval=05163 misfit=5.591624e-01 best=5.591099e-01
[NA] iter=00021 eval=05164 misfit=5.591563e-01 best=5.591099e-01
[NA] iter=00021 eval=05165 misfit=5.599427e-01 best=5.591099e-01
[NA] iter=00021 eval=05166 misfit=5.591362e-01 best=5.591099e-01
[NA] iter=00021 eval=05167 misfit=5.591816e-01 best=5.591099e-01
[NA] iter=00021 eval=05168 misfit=5.594825e-01 best=5.591099e-01
[NA] iter=00021 eval=05169 misfit=5.591430e-01 best=5.591099e-01
[NA] iter=00021 eval=05170 misfit=5.596284e-01 best=5.591099e-01
[NA] iter=00021 eval=05171 misfit=5.591555e-01 best=5.591099e-01
[NA] iter=00021 eval=05172 misfit=5.594709e-01 best=5.591099e-01
[NA] iter=00021 eval=05173 misfit=5.591720e-01 best=5.591099e-01
[NA] iter=00021 eval=05174 misfit=5.594690e-01 best=5.591099e-01
[NA] iter=00021 eval=05175 misfit=5.591562e-01 best=5.591099e-01
[NA] iter=00021 eval=05176 misfit=5.594609e-01 best=5.591099e-01
[NA] iter=00021 eval=05177 misfit=5.591561e-01 best=5.591099e-01
[NA] iter=00021 eval=05178 misfit=5.599190e-01 best=5.591099e-01
[NA] iter=00021 eval=05179 misfit=5.591631e-01 best=5.591099e-01
[NA] iter=00021 eval=05180 misfit=5.591544e-01 best=5.591099e-01
[NA] iter=00021 eval=05181 misfit=5.591556e-01 best=5.591099e-01
[NA] iter=00021 eval=05182 misfit=5.591665e-01 best=5.591099e-01
[NA] iter=00021 eval=05183 misfit=5.591376e-01 best=5.591099e-01
[NA] iter=00021 eval=05184 misfit=5.591556e-01 best=5.591099e-01
[NA] iter=00021 eval=05185 misfit=5.591682e-01 best=5.591099e-01
[NA] iter=00021 eval=05186 misfit=5.591543e-01 best=5.591099e-01
[NA] iter=00021 eval=05187 misfit=5.591684e-01 best=5.591099e-01
[NA] iter=00021 eval=05188 misfit=5.591601e-01 best=5.591099e-01
[NA] iter=00021 eval=05189 misfit=5.591517e-01 best=5.591099e-01
[NA] iter=00021 eval=05190 misfit=5.591452e-01 best=5.591099e-01
[NA] iter=00021 eval=05191 misfit=5.591439e-01 best=5.591099e-01
[NA] iter=00021 eval=05192 misfit=5.591477e-01 best=5.591099e-01
[NA] iter=00021 eval=05193 misfit=5.591401e-01 best=5.591099e-01
[NA] iter=00021 eval=05194 misfit=5.591445e-01 best=5.591099e-01
[NA] iter=00021 eval=05195 misfit=5.591534e-01 best=5.591099e-01
[NA] iter=00021 eval=05196 misfit=5.591292e-01 best=5.591099e-01
[NA] iter=00021 eval=05197 misfit=5.591494e-01 best=5.591099e-01
[NA] iter=00021 eval=05198 misfit=5.591426e-01 best=5.591099e-01
[NA] iter=00021 eval=05199 misfit=5.591503e-01 best=5.591099e-01
[NA] iter=00021 eval=05200 misfit=5.591418e-01 best=5.591099e-01
NAI - Optimisation Loop:  70%|███████   | 21/30 [43:08<18:28, 123.20s/it][NA] iter=00022 eval=05201 misfit=5.591182e-01 best=5.591099e-01
[NA] iter=00022 eval=05202 misfit=5.594756e-01 best=5.591099e-01
[NA] iter=00022 eval=05203 misfit=5.594793e-01 best=5.591099e-01
[NA] iter=00022 eval=05204 misfit=5.594775e-01 best=5.591099e-01
[NA] iter=00022 eval=05205 misfit=5.591077e-01 best=5.591077e-01
[NA] iter=00022 eval=05206 misfit=5.594852e-01 best=5.591077e-01
[NA] iter=00022 eval=05207 misfit=5.591192e-01 best=5.591077e-01
[NA] iter=00022 eval=05208 misfit=5.591053e-01 best=5.591053e-01
[NA] iter=00022 eval=05209 misfit=5.591207e-01 best=5.591053e-01
[NA] iter=00022 eval=05210 misfit=5.591080e-01 best=5.591053e-01
[NA] iter=00022 eval=05211 misfit=5.591251e-01 best=5.591053e-01
[NA] iter=00022 eval=05212 misfit=5.598479e-01 best=5.591053e-01
[NA] iter=00022 eval=05213 misfit=5.600838e-01 best=5.591053e-01
[NA] iter=00022 eval=05214 misfit=5.600585e-01 best=5.591053e-01
[NA] iter=00022 eval=05215 misfit=5.591129e-01 best=5.591053e-01
[NA] iter=00022 eval=05216 misfit=5.590923e-01 best=5.590923e-01
[NA] iter=00022 eval=05217 misfit=5.601979e-01 best=5.590923e-01
[NA] iter=00022 eval=05218 misfit=5.591318e-01 best=5.590923e-01
[NA] iter=00022 eval=05219 misfit=5.591176e-01 best=5.590923e-01
[NA] iter=00022 eval=05220 misfit=5.591346e-01 best=5.590923e-01
[NA] iter=00022 eval=05221 misfit=5.591359e-01 best=5.590923e-01
[NA] iter=00022 eval=05222 misfit=5.591349e-01 best=5.590923e-01
[NA] iter=00022 eval=05223 misfit=5.591481e-01 best=5.590923e-01
[NA] iter=00022 eval=05224 misfit=5.591360e-01 best=5.590923e-01
[NA] iter=00022 eval=05225 misfit=5.591507e-01 best=5.590923e-01
[NA] iter=00022 eval=05226 misfit=5.591400e-01 best=5.590923e-01
[NA] iter=00022 eval=05227 misfit=5.591338e-01 best=5.590923e-01
[NA] iter=00022 eval=05228 misfit=5.591107e-01 best=5.590923e-01
[NA] iter=00022 eval=05229 misfit=5.590998e-01 best=5.590923e-01
[NA] iter=00022 eval=05230 misfit=5.591481e-01 best=5.590923e-01
[NA] iter=00022 eval=05231 misfit=5.594682e-01 best=5.590923e-01
[NA] iter=00022 eval=05232 misfit=5.594714e-01 best=5.590923e-01
[NA] iter=00022 eval=05233 misfit=5.594654e-01 best=5.590923e-01
[NA] iter=00022 eval=05234 misfit=5.591222e-01 best=5.590923e-01
[NA] iter=00022 eval=05235 misfit=5.591504e-01 best=5.590923e-01
[NA] iter=00022 eval=05236 misfit=5.594718e-01 best=5.590923e-01
[NA] iter=00022 eval=05237 misfit=5.596789e-01 best=5.590923e-01
[NA] iter=00022 eval=05238 misfit=5.594750e-01 best=5.590923e-01
[NA] iter=00022 eval=05239 misfit=5.591354e-01 best=5.590923e-01
[NA] iter=00022 eval=05240 misfit=5.594792e-01 best=5.590923e-01
[NA] iter=00022 eval=05241 misfit=5.594802e-01 best=5.590923e-01
[NA] iter=00022 eval=05242 misfit=5.591341e-01 best=5.590923e-01
[NA] iter=00022 eval=05243 misfit=5.591257e-01 best=5.590923e-01
[NA] iter=00022 eval=05244 misfit=5.594801e-01 best=5.590923e-01
[NA] iter=00022 eval=05245 misfit=5.593706e-01 best=5.590923e-01
[NA] iter=00022 eval=05246 misfit=5.594815e-01 best=5.590923e-01
[NA] iter=00022 eval=05247 misfit=5.594750e-01 best=5.590923e-01
[NA] iter=00022 eval=05248 misfit=5.591298e-01 best=5.590923e-01
[NA] iter=00022 eval=05249 misfit=5.594838e-01 best=5.590923e-01
[NA] iter=00022 eval=05250 misfit=5.591349e-01 best=5.590923e-01
[NA] iter=00022 eval=05251 misfit=5.591250e-01 best=5.590923e-01
[NA] iter=00022 eval=05252 misfit=5.591243e-01 best=5.590923e-01
[NA] iter=00022 eval=05253 misfit=5.591372e-01 best=5.590923e-01
[NA] iter=00022 eval=05254 misfit=5.591237e-01 best=5.590923e-01
[NA] iter=00022 eval=05255 misfit=5.591327e-01 best=5.590923e-01
[NA] iter=00022 eval=05256 misfit=5.591243e-01 best=5.590923e-01
[NA] iter=00022 eval=05257 misfit=5.591289e-01 best=5.590923e-01
[NA] iter=00022 eval=05258 misfit=5.591339e-01 best=5.590923e-01
[NA] iter=00022 eval=05259 misfit=5.591192e-01 best=5.590923e-01
[NA] iter=00022 eval=05260 misfit=5.591269e-01 best=5.590923e-01
[NA] iter=00022 eval=05261 misfit=5.591280e-01 best=5.590923e-01
[NA] iter=00022 eval=05262 misfit=5.591158e-01 best=5.590923e-01
[NA] iter=00022 eval=05263 misfit=5.591279e-01 best=5.590923e-01
[NA] iter=00022 eval=05264 misfit=5.591210e-01 best=5.590923e-01
[NA] iter=00022 eval=05265 misfit=5.591367e-01 best=5.590923e-01
[NA] iter=00022 eval=05266 misfit=5.591155e-01 best=5.590923e-01
[NA] iter=00022 eval=05267 misfit=5.591131e-01 best=5.590923e-01
[NA] iter=00022 eval=05268 misfit=5.594588e-01 best=5.590923e-01
[NA] iter=00022 eval=05269 misfit=5.591334e-01 best=5.590923e-01
[NA] iter=00022 eval=05270 misfit=5.591440e-01 best=5.590923e-01
[NA] iter=00022 eval=05271 misfit=5.599002e-01 best=5.590923e-01
[NA] iter=00022 eval=05272 misfit=5.591381e-01 best=5.590923e-01
[NA] iter=00022 eval=05273 misfit=5.594734e-01 best=5.590923e-01
[NA] iter=00022 eval=05274 misfit=5.593683e-01 best=5.590923e-01
[NA] iter=00022 eval=05275 misfit=5.593786e-01 best=5.590923e-01
[NA] iter=00022 eval=05276 misfit=5.591426e-01 best=5.590923e-01
[NA] iter=00022 eval=05277 misfit=5.593837e-01 best=5.590923e-01
[NA] iter=00022 eval=05278 misfit=5.591406e-01 best=5.590923e-01
[NA] iter=00022 eval=05279 misfit=5.591348e-01 best=5.590923e-01
[NA] iter=00022 eval=05280 misfit=5.593805e-01 best=5.590923e-01
[NA] iter=00022 eval=05281 misfit=5.591421e-01 best=5.590923e-01
[NA] iter=00022 eval=05282 misfit=5.591370e-01 best=5.590923e-01
[NA] iter=00022 eval=05283 misfit=5.591290e-01 best=5.590923e-01
[NA] iter=00022 eval=05284 misfit=5.591317e-01 best=5.590923e-01
[NA] iter=00022 eval=05285 misfit=5.591273e-01 best=5.590923e-01
[NA] iter=00022 eval=05286 misfit=5.591140e-01 best=5.590923e-01
[NA] iter=00022 eval=05287 misfit=5.591229e-01 best=5.590923e-01
[NA] iter=00022 eval=05288 misfit=5.591347e-01 best=5.590923e-01
[NA] iter=00022 eval=05289 misfit=5.591189e-01 best=5.590923e-01
[NA] iter=00022 eval=05290 misfit=5.591238e-01 best=5.590923e-01
[NA] iter=00022 eval=05291 misfit=5.591134e-01 best=5.590923e-01
[NA] iter=00022 eval=05292 misfit=5.599110e-01 best=5.590923e-01
[NA] iter=00022 eval=05293 misfit=5.599864e-01 best=5.590923e-01
[NA] iter=00022 eval=05294 misfit=5.600017e-01 best=5.590923e-01
[NA] iter=00022 eval=05295 misfit=5.594524e-01 best=5.590923e-01
[NA] iter=00022 eval=05296 misfit=5.599251e-01 best=5.590923e-01
[NA] iter=00022 eval=05297 misfit=5.599329e-01 best=5.590923e-01
[NA] iter=00022 eval=05298 misfit=5.593722e-01 best=5.590923e-01
[NA] iter=00022 eval=05299 misfit=5.594413e-01 best=5.590923e-01
[NA] iter=00022 eval=05300 misfit=5.591263e-01 best=5.590923e-01
[NA] iter=00022 eval=05301 misfit=5.593708e-01 best=5.590923e-01
[NA] iter=00022 eval=05302 misfit=5.593660e-01 best=5.590923e-01
[NA] iter=00022 eval=05303 misfit=5.594740e-01 best=5.590923e-01
[NA] iter=00022 eval=05304 misfit=5.594775e-01 best=5.590923e-01
[NA] iter=00022 eval=05305 misfit=5.594754e-01 best=5.590923e-01
[NA] iter=00022 eval=05306 misfit=5.593952e-01 best=5.590923e-01
[NA] iter=00022 eval=05307 misfit=5.593871e-01 best=5.590923e-01
[NA] iter=00022 eval=05308 misfit=5.594712e-01 best=5.590923e-01
[NA] iter=00022 eval=05309 misfit=5.593704e-01 best=5.590923e-01
[NA] iter=00022 eval=05310 misfit=5.594785e-01 best=5.590923e-01
[NA] iter=00022 eval=05311 misfit=5.595013e-01 best=5.590923e-01
[NA] iter=00022 eval=05312 misfit=5.591342e-01 best=5.590923e-01
[NA] iter=00022 eval=05313 misfit=5.591317e-01 best=5.590923e-01
[NA] iter=00022 eval=05314 misfit=5.594962e-01 best=5.590923e-01
[NA] iter=00022 eval=05315 misfit=5.594877e-01 best=5.590923e-01
[NA] iter=00022 eval=05316 misfit=5.594953e-01 best=5.590923e-01
[NA] iter=00022 eval=05317 misfit=5.594883e-01 best=5.590923e-01
[NA] iter=00022 eval=05318 misfit=5.591478e-01 best=5.590923e-01
[NA] iter=00022 eval=05319 misfit=5.591326e-01 best=5.590923e-01
[NA] iter=00022 eval=05320 misfit=5.594992e-01 best=5.590923e-01
[NA] iter=00022 eval=05321 misfit=5.591499e-01 best=5.590923e-01
[NA] iter=00022 eval=05322 misfit=5.591536e-01 best=5.590923e-01
[NA] iter=00022 eval=05323 misfit=5.594847e-01 best=5.590923e-01
[NA] iter=00022 eval=05324 misfit=5.591326e-01 best=5.590923e-01
[NA] iter=00022 eval=05325 misfit=5.591291e-01 best=5.590923e-01
[NA] iter=00022 eval=05326 misfit=5.591313e-01 best=5.590923e-01
[NA] iter=00022 eval=05327 misfit=5.591441e-01 best=5.590923e-01
[NA] iter=00022 eval=05328 misfit=5.591396e-01 best=5.590923e-01
[NA] iter=00022 eval=05329 misfit=5.591367e-01 best=5.590923e-01
[NA] iter=00022 eval=05330 misfit=5.591548e-01 best=5.590923e-01
[NA] iter=00022 eval=05331 misfit=5.591645e-01 best=5.590923e-01
[NA] iter=00022 eval=05332 misfit=5.591484e-01 best=5.590923e-01
[NA] iter=00022 eval=05333 misfit=5.591648e-01 best=5.590923e-01
[NA] iter=00022 eval=05334 misfit=5.591863e-01 best=5.590923e-01
[NA] iter=00022 eval=05335 misfit=5.591572e-01 best=5.590923e-01
[NA] iter=00022 eval=05336 misfit=5.591426e-01 best=5.590923e-01
[NA] iter=00022 eval=05337 misfit=5.594856e-01 best=5.590923e-01
[NA] iter=00022 eval=05338 misfit=5.591432e-01 best=5.590923e-01
[NA] iter=00022 eval=05339 misfit=5.591484e-01 best=5.590923e-01
[NA] iter=00022 eval=05340 misfit=5.591377e-01 best=5.590923e-01
[NA] iter=00022 eval=05341 misfit=5.591498e-01 best=5.590923e-01
[NA] iter=00022 eval=05342 misfit=5.591286e-01 best=5.590923e-01
[NA] iter=00022 eval=05343 misfit=5.593356e-01 best=5.590923e-01
[NA] iter=00022 eval=05344 misfit=5.591410e-01 best=5.590923e-01
[NA] iter=00022 eval=05345 misfit=5.591584e-01 best=5.590923e-01
[NA] iter=00022 eval=05346 misfit=5.591331e-01 best=5.590923e-01
[NA] iter=00022 eval=05347 misfit=5.591226e-01 best=5.590923e-01
[NA] iter=00022 eval=05348 misfit=5.598721e-01 best=5.590923e-01
[NA] iter=00022 eval=05349 misfit=5.598528e-01 best=5.590923e-01
[NA] iter=00022 eval=05350 misfit=5.591128e-01 best=5.590923e-01
[NA] iter=00022 eval=05351 misfit=5.594830e-01 best=5.590923e-01
[NA] iter=00022 eval=05352 misfit=5.594862e-01 best=5.590923e-01
[NA] iter=00022 eval=05353 misfit=5.594844e-01 best=5.590923e-01
[NA] iter=00022 eval=05354 misfit=5.591345e-01 best=5.590923e-01
[NA] iter=00022 eval=05355 misfit=5.594856e-01 best=5.590923e-01
[NA] iter=00022 eval=05356 misfit=5.594803e-01 best=5.590923e-01
[NA] iter=00022 eval=05357 misfit=5.594760e-01 best=5.590923e-01
[NA] iter=00022 eval=05358 misfit=5.594798e-01 best=5.590923e-01
[NA] iter=00022 eval=05359 misfit=5.591285e-01 best=5.590923e-01
[NA] iter=00022 eval=05360 misfit=5.591310e-01 best=5.590923e-01
[NA] iter=00022 eval=05361 misfit=5.591397e-01 best=5.590923e-01
[NA] iter=00022 eval=05362 misfit=5.591468e-01 best=5.590923e-01
[NA] iter=00022 eval=05363 misfit=5.591321e-01 best=5.590923e-01
[NA] iter=00022 eval=05364 misfit=5.591285e-01 best=5.590923e-01
[NA] iter=00022 eval=05365 misfit=5.591354e-01 best=5.590923e-01
[NA] iter=00022 eval=05366 misfit=5.591314e-01 best=5.590923e-01
[NA] iter=00022 eval=05367 misfit=5.591386e-01 best=5.590923e-01
[NA] iter=00022 eval=05368 misfit=5.591244e-01 best=5.590923e-01
[NA] iter=00022 eval=05369 misfit=5.591380e-01 best=5.590923e-01
[NA] iter=00022 eval=05370 misfit=5.591217e-01 best=5.590923e-01
[NA] iter=00022 eval=05371 misfit=5.594719e-01 best=5.590923e-01
[NA] iter=00022 eval=05372 misfit=5.599584e-01 best=5.590923e-01
[NA] iter=00022 eval=05373 misfit=5.594656e-01 best=5.590923e-01
[NA] iter=00022 eval=05374 misfit=5.594783e-01 best=5.590923e-01
[NA] iter=00022 eval=05375 misfit=5.594699e-01 best=5.590923e-01
[NA] iter=00022 eval=05376 misfit=5.591346e-01 best=5.590923e-01
[NA] iter=00022 eval=05377 misfit=5.594663e-01 best=5.590923e-01
[NA] iter=00022 eval=05378 misfit=5.594773e-01 best=5.590923e-01
[NA] iter=00022 eval=05379 misfit=5.596702e-01 best=5.590923e-01
[NA] iter=00022 eval=05380 misfit=5.591453e-01 best=5.590923e-01
[NA] iter=00022 eval=05381 misfit=5.591461e-01 best=5.590923e-01
[NA] iter=00022 eval=05382 misfit=5.594996e-01 best=5.590923e-01
[NA] iter=00022 eval=05383 misfit=5.591323e-01 best=5.590923e-01
[NA] iter=00022 eval=05384 misfit=5.591340e-01 best=5.590923e-01
[NA] iter=00022 eval=05385 misfit=5.591309e-01 best=5.590923e-01
[NA] iter=00022 eval=05386 misfit=5.591290e-01 best=5.590923e-01
[NA] iter=00022 eval=05387 misfit=5.591390e-01 best=5.590923e-01
[NA] iter=00022 eval=05388 misfit=5.595046e-01 best=5.590923e-01
[NA] iter=00022 eval=05389 misfit=5.595006e-01 best=5.590923e-01
[NA] iter=00022 eval=05390 misfit=5.596168e-01 best=5.590923e-01
[NA] iter=00022 eval=05391 misfit=5.591345e-01 best=5.590923e-01
[NA] iter=00022 eval=05392 misfit=5.591255e-01 best=5.590923e-01
[NA] iter=00022 eval=05393 misfit=5.591229e-01 best=5.590923e-01
[NA] iter=00022 eval=05394 misfit=5.591242e-01 best=5.590923e-01
[NA] iter=00022 eval=05395 misfit=5.594632e-01 best=5.590923e-01
[NA] iter=00022 eval=05396 misfit=5.591255e-01 best=5.590923e-01
[NA] iter=00022 eval=05397 misfit=5.591426e-01 best=5.590923e-01
[NA] iter=00022 eval=05398 misfit=5.591494e-01 best=5.590923e-01
[NA] iter=00022 eval=05399 misfit=5.591273e-01 best=5.590923e-01
[NA] iter=00022 eval=05400 misfit=5.591405e-01 best=5.590923e-01
NAI - Optimisation Loop:  73%|███████▎  | 22/30 [45:09<16:20, 122.56s/it][NA] iter=00023 eval=05401 misfit=5.591158e-01 best=5.590923e-01
[NA] iter=00023 eval=05402 misfit=5.591033e-01 best=5.590923e-01
[NA] iter=00023 eval=05403 misfit=5.591004e-01 best=5.590923e-01
[NA] iter=00023 eval=05404 misfit=5.590935e-01 best=5.590923e-01
[NA] iter=00023 eval=05405 misfit=5.591041e-01 best=5.590923e-01
[NA] iter=00023 eval=05406 misfit=5.591054e-01 best=5.590923e-01
[NA] iter=00023 eval=05407 misfit=5.594723e-01 best=5.590923e-01
[NA] iter=00023 eval=05408 misfit=5.590955e-01 best=5.590923e-01
[NA] iter=00023 eval=05409 misfit=5.590864e-01 best=5.590864e-01
[NA] iter=00023 eval=05410 misfit=5.594511e-01 best=5.590864e-01
[NA] iter=00023 eval=05411 misfit=5.591132e-01 best=5.590864e-01
[NA] iter=00023 eval=05412 misfit=5.591041e-01 best=5.590864e-01
[NA] iter=00023 eval=05413 misfit=5.591279e-01 best=5.590864e-01
[NA] iter=00023 eval=05414 misfit=5.591222e-01 best=5.590864e-01
[NA] iter=00023 eval=05415 misfit=5.591199e-01 best=5.590864e-01
[NA] iter=00023 eval=05416 misfit=5.591115e-01 best=5.590864e-01
[NA] iter=00023 eval=05417 misfit=5.591028e-01 best=5.590864e-01
[NA] iter=00023 eval=05418 misfit=5.591106e-01 best=5.590864e-01
[NA] iter=00023 eval=05419 misfit=5.591044e-01 best=5.590864e-01
[NA] iter=00023 eval=05420 misfit=5.591111e-01 best=5.590864e-01
[NA] iter=00023 eval=05421 misfit=5.591034e-01 best=5.590864e-01
[NA] iter=00023 eval=05422 misfit=5.591354e-01 best=5.590864e-01
[NA] iter=00023 eval=05423 misfit=5.590996e-01 best=5.590864e-01
[NA] iter=00023 eval=05424 misfit=5.591260e-01 best=5.590864e-01
[NA] iter=00023 eval=05425 misfit=5.591299e-01 best=5.590864e-01
[NA] iter=00023 eval=05426 misfit=5.591253e-01 best=5.590864e-01
[NA] iter=00023 eval=05427 misfit=5.591301e-01 best=5.590864e-01
[NA] iter=00023 eval=05428 misfit=5.591252e-01 best=5.590864e-01
[NA] iter=00023 eval=05429 misfit=5.591092e-01 best=5.590864e-01
[NA] iter=00023 eval=05430 misfit=5.591056e-01 best=5.590864e-01
[NA] iter=00023 eval=05431 misfit=5.591094e-01 best=5.590864e-01
[NA] iter=00023 eval=05432 misfit=5.591151e-01 best=5.590864e-01
[NA] iter=00023 eval=05433 misfit=5.591056e-01 best=5.590864e-01
[NA] iter=00023 eval=05434 misfit=5.591073e-01 best=5.590864e-01
[NA] iter=00023 eval=05435 misfit=5.591057e-01 best=5.590864e-01
[NA] iter=00023 eval=05436 misfit=5.591096e-01 best=5.590864e-01
[NA] iter=00023 eval=05437 misfit=5.591143e-01 best=5.590864e-01
[NA] iter=00023 eval=05438 misfit=5.591236e-01 best=5.590864e-01
[NA] iter=00023 eval=05439 misfit=5.591110e-01 best=5.590864e-01
[NA] iter=00023 eval=05440 misfit=5.591068e-01 best=5.590864e-01
[NA] iter=00023 eval=05441 misfit=5.591138e-01 best=5.590864e-01
[NA] iter=00023 eval=05442 misfit=5.594931e-01 best=5.590864e-01
[NA] iter=00023 eval=05443 misfit=5.594943e-01 best=5.590864e-01
[NA] iter=00023 eval=05444 misfit=5.594771e-01 best=5.590864e-01
[NA] iter=00023 eval=05445 misfit=5.594902e-01 best=5.590864e-01
[NA] iter=00023 eval=05446 misfit=5.591212e-01 best=5.590864e-01
[NA] iter=00023 eval=05447 misfit=5.591157e-01 best=5.590864e-01
[NA] iter=00023 eval=05448 misfit=5.591058e-01 best=5.590864e-01
[NA] iter=00023 eval=05449 misfit=5.591222e-01 best=5.590864e-01
[NA] iter=00023 eval=05450 misfit=5.591053e-01 best=5.590864e-01
[NA] iter=00023 eval=05451 misfit=5.594753e-01 best=5.590864e-01
[NA] iter=00023 eval=05452 misfit=5.591109e-01 best=5.590864e-01
[NA] iter=00023 eval=05453 misfit=5.591131e-01 best=5.590864e-01
[NA] iter=00023 eval=05454 misfit=5.594732e-01 best=5.590864e-01
[NA] iter=00023 eval=05455 misfit=5.594703e-01 best=5.590864e-01
[NA] iter=00023 eval=05456 misfit=5.591060e-01 best=5.590864e-01
[NA] iter=00023 eval=05457 misfit=5.594750e-01 best=5.590864e-01
[NA] iter=00023 eval=05458 misfit=5.594723e-01 best=5.590864e-01
[NA] iter=00023 eval=05459 misfit=5.591122e-01 best=5.590864e-01
[NA] iter=00023 eval=05460 misfit=5.594693e-01 best=5.590864e-01
[NA] iter=00023 eval=05461 misfit=5.591201e-01 best=5.590864e-01
[NA] iter=00023 eval=05462 misfit=5.590986e-01 best=5.590864e-01
[NA] iter=00023 eval=05463 misfit=5.591127e-01 best=5.590864e-01
[NA] iter=00023 eval=05464 misfit=5.594630e-01 best=5.590864e-01
[NA] iter=00023 eval=05465 misfit=5.591050e-01 best=5.590864e-01
[NA] iter=00023 eval=05466 misfit=5.591236e-01 best=5.590864e-01
[NA] iter=00023 eval=05467 misfit=5.591136e-01 best=5.590864e-01
[NA] iter=00023 eval=05468 misfit=5.591116e-01 best=5.590864e-01
[NA] iter=00023 eval=05469 misfit=5.591069e-01 best=5.590864e-01
[NA] iter=00023 eval=05470 misfit=5.591136e-01 best=5.590864e-01
[NA] iter=00023 eval=05471 misfit=5.594685e-01 best=5.590864e-01
[NA] iter=00023 eval=05472 misfit=5.601793e-01 best=5.590864e-01
[NA] iter=00023 eval=05473 misfit=5.601642e-01 best=5.590864e-01
[NA] iter=00023 eval=05474 misfit=5.594734e-01 best=5.590864e-01
[NA] iter=00023 eval=05475 misfit=5.594707e-01 best=5.590864e-01
[NA] iter=00023 eval=05476 misfit=5.601735e-01 best=5.590864e-01
[NA] iter=00023 eval=05477 misfit=5.591045e-01 best=5.590864e-01
[NA] iter=00023 eval=05478 misfit=5.591048e-01 best=5.590864e-01
[NA] iter=00023 eval=05479 misfit=5.591071e-01 best=5.590864e-01
[NA] iter=00023 eval=05480 misfit=5.594633e-01 best=5.590864e-01
[NA] iter=00023 eval=05481 misfit=5.594502e-01 best=5.590864e-01
[NA] iter=00023 eval=05482 misfit=5.590913e-01 best=5.590864e-01
[NA] iter=00023 eval=05483 misfit=5.591328e-01 best=5.590864e-01
[NA] iter=00023 eval=05484 misfit=5.594653e-01 best=5.590864e-01
[NA] iter=00023 eval=05485 misfit=5.594569e-01 best=5.590864e-01
[NA] iter=00023 eval=05486 misfit=5.594638e-01 best=5.590864e-01
[NA] iter=00023 eval=05487 misfit=5.594637e-01 best=5.590864e-01
[NA] iter=00023 eval=05488 misfit=5.591090e-01 best=5.590864e-01
[NA] iter=00023 eval=05489 misfit=5.591231e-01 best=5.590864e-01
[NA] iter=00023 eval=05490 misfit=5.591252e-01 best=5.590864e-01
[NA] iter=00023 eval=05491 misfit=5.591053e-01 best=5.590864e-01
[NA] iter=00023 eval=05492 misfit=5.596391e-01 best=5.590864e-01
[NA] iter=00023 eval=05493 misfit=5.594425e-01 best=5.590864e-01
[NA] iter=00023 eval=05494 misfit=5.591194e-01 best=5.590864e-01
[NA] iter=00023 eval=05495 misfit=5.591010e-01 best=5.590864e-01
[NA] iter=00023 eval=05496 misfit=5.598754e-01 best=5.590864e-01
[NA] iter=00023 eval=05497 misfit=5.594778e-01 best=5.590864e-01
[NA] iter=00023 eval=05498 misfit=5.591348e-01 best=5.590864e-01
[NA] iter=00023 eval=05499 misfit=5.593749e-01 best=5.590864e-01
[NA] iter=00023 eval=05500 misfit=5.594654e-01 best=5.590864e-01
[NA] iter=00023 eval=05501 misfit=5.591317e-01 best=5.590864e-01
[NA] iter=00023 eval=05502 misfit=5.591319e-01 best=5.590864e-01
[NA] iter=00023 eval=05503 misfit=5.591301e-01 best=5.590864e-01
[NA] iter=00023 eval=05504 misfit=5.590901e-01 best=5.590864e-01
[NA] iter=00023 eval=05505 misfit=5.598799e-01 best=5.590864e-01
[NA] iter=00023 eval=05506 misfit=5.591181e-01 best=5.590864e-01
[NA] iter=00023 eval=05507 misfit=5.591113e-01 best=5.590864e-01
[NA] iter=00023 eval=05508 misfit=5.591100e-01 best=5.590864e-01
[NA] iter=00023 eval=05509 misfit=5.591081e-01 best=5.590864e-01
[NA] iter=00023 eval=05510 misfit=5.591071e-01 best=5.590864e-01
[NA] iter=00023 eval=05511 misfit=5.591182e-01 best=5.590864e-01
[NA] iter=00023 eval=05512 misfit=5.594881e-01 best=5.590864e-01
[NA] iter=00023 eval=05513 misfit=5.591225e-01 best=5.590864e-01
[NA] iter=00023 eval=05514 misfit=5.594752e-01 best=5.590864e-01
[NA] iter=00023 eval=05515 misfit=5.591240e-01 best=5.590864e-01
[NA] iter=00023 eval=05516 misfit=5.591238e-01 best=5.590864e-01
[NA] iter=00023 eval=05517 misfit=5.594887e-01 best=5.590864e-01
[NA] iter=00023 eval=05518 misfit=5.594708e-01 best=5.590864e-01
[NA] iter=00023 eval=05519 misfit=5.594834e-01 best=5.590864e-01
[NA] iter=00023 eval=05520 misfit=5.591224e-01 best=5.590864e-01
[NA] iter=00023 eval=05521 misfit=5.594669e-01 best=5.590864e-01
[NA] iter=00023 eval=05522 misfit=5.591072e-01 best=5.590864e-01
[NA] iter=00023 eval=05523 misfit=5.591271e-01 best=5.590864e-01
[NA] iter=00023 eval=05524 misfit=5.594637e-01 best=5.590864e-01
[NA] iter=00023 eval=05525 misfit=5.600610e-01 best=5.590864e-01
[NA] iter=00023 eval=05526 misfit=5.591063e-01 best=5.590864e-01
[NA] iter=00023 eval=05527 misfit=5.594708e-01 best=5.590864e-01
[NA] iter=00023 eval=05528 misfit=5.594901e-01 best=5.590864e-01
[NA] iter=00023 eval=05529 misfit=5.591321e-01 best=5.590864e-01
[NA] iter=00023 eval=05530 misfit=5.594724e-01 best=5.590864e-01
[NA] iter=00023 eval=05531 misfit=5.594880e-01 best=5.590864e-01
[NA] iter=00023 eval=05532 misfit=5.591082e-01 best=5.590864e-01
[NA] iter=00023 eval=05533 misfit=5.591231e-01 best=5.590864e-01
[NA] iter=00023 eval=05534 misfit=5.591035e-01 best=5.590864e-01
[NA] iter=00023 eval=05535 misfit=5.591179e-01 best=5.590864e-01
[NA] iter=00023 eval=05536 misfit=5.594910e-01 best=5.590864e-01
[NA] iter=00023 eval=05537 misfit=5.591277e-01 best=5.590864e-01
[NA] iter=00023 eval=05538 misfit=5.591105e-01 best=5.590864e-01
[NA] iter=00023 eval=05539 misfit=5.594927e-01 best=5.590864e-01
[NA] iter=00023 eval=05540 misfit=5.591021e-01 best=5.590864e-01
[NA] iter=00023 eval=05541 misfit=5.591255e-01 best=5.590864e-01
[NA] iter=00023 eval=05542 misfit=5.594780e-01 best=5.590864e-01
[NA] iter=00023 eval=05543 misfit=5.594792e-01 best=5.590864e-01
[NA] iter=00023 eval=05544 misfit=5.601760e-01 best=5.590864e-01
[NA] iter=00023 eval=05545 misfit=5.594676e-01 best=5.590864e-01
[NA] iter=00023 eval=05546 misfit=5.591143e-01 best=5.590864e-01
[NA] iter=00023 eval=05547 misfit=5.591144e-01 best=5.590864e-01
[NA] iter=00023 eval=05548 misfit=5.598726e-01 best=5.590864e-01
[NA] iter=00023 eval=05549 misfit=5.591171e-01 best=5.590864e-01
[NA] iter=00023 eval=05550 misfit=5.598599e-01 best=5.590864e-01
[NA] iter=00023 eval=05551 misfit=5.591313e-01 best=5.590864e-01
[NA] iter=00023 eval=05552 misfit=5.591148e-01 best=5.590864e-01
[NA] iter=00023 eval=05553 misfit=5.591030e-01 best=5.590864e-01
[NA] iter=00023 eval=05554 misfit=5.591639e-01 best=5.590864e-01
[NA] iter=00023 eval=05555 misfit=5.591352e-01 best=5.590864e-01
[NA] iter=00023 eval=05556 misfit=5.591268e-01 best=5.590864e-01
[NA] iter=00023 eval=05557 misfit=5.591300e-01 best=5.590864e-01
[NA] iter=00023 eval=05558 misfit=5.594921e-01 best=5.590864e-01
[NA] iter=00023 eval=05559 misfit=5.591185e-01 best=5.590864e-01
[NA] iter=00023 eval=05560 misfit=5.591045e-01 best=5.590864e-01
[NA] iter=00023 eval=05561 misfit=5.598611e-01 best=5.590864e-01
[NA] iter=00023 eval=05562 misfit=5.601303e-01 best=5.590864e-01
[NA] iter=00023 eval=05563 misfit=5.598538e-01 best=5.590864e-01
[NA] iter=00023 eval=05564 misfit=5.598569e-01 best=5.590864e-01
[NA] iter=00023 eval=05565 misfit=5.598669e-01 best=5.590864e-01
[NA] iter=00023 eval=05566 misfit=5.591258e-01 best=5.590864e-01
[NA] iter=00023 eval=05567 misfit=5.594991e-01 best=5.590864e-01
[NA] iter=00023 eval=05568 misfit=5.591307e-01 best=5.590864e-01
[NA] iter=00023 eval=05569 misfit=5.596331e-01 best=5.590864e-01
[NA] iter=00023 eval=05570 misfit=5.598355e-01 best=5.590864e-01
[NA] iter=00023 eval=05571 misfit=5.591191e-01 best=5.590864e-01
[NA] iter=00023 eval=05572 misfit=5.591106e-01 best=5.590864e-01
[NA] iter=00023 eval=05573 misfit=5.591360e-01 best=5.590864e-01
[NA] iter=00023 eval=05574 misfit=5.591255e-01 best=5.590864e-01
[NA] iter=00023 eval=05575 misfit=5.591225e-01 best=5.590864e-01
[NA] iter=00023 eval=05576 misfit=5.591065e-01 best=5.590864e-01
[NA] iter=00023 eval=05577 misfit=5.591271e-01 best=5.590864e-01
[NA] iter=00023 eval=05578 misfit=5.591226e-01 best=5.590864e-01
[NA] iter=00023 eval=05579 misfit=5.591249e-01 best=5.590864e-01
[NA] iter=00023 eval=05580 misfit=5.591257e-01 best=5.590864e-01
[NA] iter=00023 eval=05581 misfit=5.591323e-01 best=5.590864e-01
[NA] iter=00023 eval=05582 misfit=5.594815e-01 best=5.590864e-01
[NA] iter=00023 eval=05583 misfit=5.594778e-01 best=5.590864e-01
[NA] iter=00023 eval=05584 misfit=5.594763e-01 best=5.590864e-01
[NA] iter=00023 eval=05585 misfit=5.591328e-01 best=5.590864e-01
[NA] iter=00023 eval=05586 misfit=5.591263e-01 best=5.590864e-01
[NA] iter=00023 eval=05587 misfit=5.594832e-01 best=5.590864e-01
[NA] iter=00023 eval=05588 misfit=5.594880e-01 best=5.590864e-01
[NA] iter=00023 eval=05589 misfit=5.594767e-01 best=5.590864e-01
[NA] iter=00023 eval=05590 misfit=5.591225e-01 best=5.590864e-01
[NA] iter=00023 eval=05591 misfit=5.591231e-01 best=5.590864e-01
[NA] iter=00023 eval=05592 misfit=5.591110e-01 best=5.590864e-01
[NA] iter=00023 eval=05593 misfit=5.591175e-01 best=5.590864e-01
[NA] iter=00023 eval=05594 misfit=5.591143e-01 best=5.590864e-01
[NA] iter=00023 eval=05595 misfit=5.591416e-01 best=5.590864e-01
[NA] iter=00023 eval=05596 misfit=5.591237e-01 best=5.590864e-01
[NA] iter=00023 eval=05597 misfit=5.594687e-01 best=5.590864e-01
[NA] iter=00023 eval=05598 misfit=5.591271e-01 best=5.590864e-01
[NA] iter=00023 eval=05599 misfit=5.591127e-01 best=5.590864e-01
[NA] iter=00023 eval=05600 misfit=5.591276e-01 best=5.590864e-01
NAI - Optimisation Loop:  77%|███████▋  | 23/30 [47:07<14:09, 121.34s/it][NA] iter=00024 eval=05601 misfit=5.594794e-01 best=5.590864e-01
[NA] iter=00024 eval=05602 misfit=5.601432e-01 best=5.590864e-01
[NA] iter=00024 eval=05603 misfit=5.606989e-01 best=5.590864e-01
[NA] iter=00024 eval=05604 misfit=5.601426e-01 best=5.590864e-01
[NA] iter=00024 eval=05605 misfit=5.601534e-01 best=5.590864e-01
[NA] iter=00024 eval=05606 misfit=5.594679e-01 best=5.590864e-01
[NA] iter=00024 eval=05607 misfit=5.591041e-01 best=5.590864e-01
[NA] iter=00024 eval=05608 misfit=5.594689e-01 best=5.590864e-01
[NA] iter=00024 eval=05609 misfit=5.594623e-01 best=5.590864e-01
[NA] iter=00024 eval=05610 misfit=5.598289e-01 best=5.590864e-01
[NA] iter=00024 eval=05611 misfit=5.599335e-01 best=5.590864e-01
[NA] iter=00024 eval=05612 misfit=5.596127e-01 best=5.590864e-01
[NA] iter=00024 eval=05613 misfit=5.591006e-01 best=5.590864e-01
[NA] iter=00024 eval=05614 misfit=5.590994e-01 best=5.590864e-01
[NA] iter=00024 eval=05615 misfit=5.590924e-01 best=5.590864e-01
[NA] iter=00024 eval=05616 misfit=5.590964e-01 best=5.590864e-01
[NA] iter=00024 eval=05617 misfit=5.594636e-01 best=5.590864e-01
[NA] iter=00024 eval=05618 misfit=5.596139e-01 best=5.590864e-01
[NA] iter=00024 eval=05619 misfit=5.591049e-01 best=5.590864e-01
[NA] iter=00024 eval=05620 misfit=5.594719e-01 best=5.590864e-01
[NA] iter=00024 eval=05621 misfit=5.591047e-01 best=5.590864e-01
[NA] iter=00024 eval=05622 misfit=5.591079e-01 best=5.590864e-01
[NA] iter=00024 eval=05623 misfit=5.594711e-01 best=5.590864e-01
[NA] iter=00024 eval=05624 misfit=5.591077e-01 best=5.590864e-01
[NA] iter=00024 eval=05625 misfit=5.594703e-01 best=5.590864e-01
[NA] iter=00024 eval=05626 misfit=5.591103e-01 best=5.590864e-01
[NA] iter=00024 eval=05627 misfit=5.594999e-01 best=5.590864e-01
[NA] iter=00024 eval=05628 misfit=5.594866e-01 best=5.590864e-01
[NA] iter=00024 eval=05629 misfit=5.594845e-01 best=5.590864e-01
[NA] iter=00024 eval=05630 misfit=5.591014e-01 best=5.590864e-01
[NA] iter=00024 eval=05631 misfit=5.591005e-01 best=5.590864e-01
[NA] iter=00024 eval=05632 misfit=5.591016e-01 best=5.590864e-01
[NA] iter=00024 eval=05633 misfit=5.591059e-01 best=5.590864e-01
[NA] iter=00024 eval=05634 misfit=5.591080e-01 best=5.590864e-01
[NA] iter=00024 eval=05635 misfit=5.594606e-01 best=5.590864e-01
[NA] iter=00024 eval=05636 misfit=5.591040e-01 best=5.590864e-01
[NA] iter=00024 eval=05637 misfit=5.591079e-01 best=5.590864e-01
[NA] iter=00024 eval=05638 misfit=5.591135e-01 best=5.590864e-01
[NA] iter=00024 eval=05639 misfit=5.590915e-01 best=5.590864e-01
[NA] iter=00024 eval=05640 misfit=5.591143e-01 best=5.590864e-01
[NA] iter=00024 eval=05641 misfit=5.606711e-01 best=5.590864e-01
[NA] iter=00024 eval=05642 misfit=5.598098e-01 best=5.590864e-01
[NA] iter=00024 eval=05643 misfit=5.594638e-01 best=5.590864e-01
[NA] iter=00024 eval=05644 misfit=5.606731e-01 best=5.590864e-01
[NA] iter=00024 eval=05645 misfit=5.590933e-01 best=5.590864e-01
[NA] iter=00024 eval=05646 misfit=5.606720e-01 best=5.590864e-01
[NA] iter=00024 eval=05647 misfit=5.594630e-01 best=5.590864e-01
[NA] iter=00024 eval=05648 misfit=5.594585e-01 best=5.590864e-01
[NA] iter=00024 eval=05649 misfit=5.594769e-01 best=5.590864e-01
[NA] iter=00024 eval=05650 misfit=5.594511e-01 best=5.590864e-01
[NA] iter=00024 eval=05651 misfit=5.594616e-01 best=5.590864e-01
[NA] iter=00024 eval=05652 misfit=5.590936e-01 best=5.590864e-01
[NA] iter=00024 eval=05653 misfit=5.591191e-01 best=5.590864e-01
[NA] iter=00024 eval=05654 misfit=5.600705e-01 best=5.590864e-01
[NA] iter=00024 eval=05655 misfit=5.594627e-01 best=5.590864e-01
[NA] iter=00024 eval=05656 misfit=5.590996e-01 best=5.590864e-01
[NA] iter=00024 eval=05657 misfit=5.594765e-01 best=5.590864e-01
[NA] iter=00024 eval=05658 misfit=5.590853e-01 best=5.590853e-01
[NA] iter=00024 eval=05659 misfit=5.591015e-01 best=5.590853e-01
[NA] iter=00024 eval=05660 misfit=5.591177e-01 best=5.590853e-01
[NA] iter=00024 eval=05661 misfit=5.591175e-01 best=5.590853e-01
[NA] iter=00024 eval=05662 misfit=5.594606e-01 best=5.590853e-01
[NA] iter=00024 eval=05663 misfit=5.591143e-01 best=5.590853e-01
[NA] iter=00024 eval=05664 misfit=5.594482e-01 best=5.590853e-01
[NA] iter=00024 eval=05665 misfit=5.591064e-01 best=5.590853e-01
[NA] iter=00024 eval=05666 misfit=5.591157e-01 best=5.590853e-01
[NA] iter=00024 eval=05667 misfit=5.591159e-01 best=5.590853e-01
[NA] iter=00024 eval=05668 misfit=5.591111e-01 best=5.590853e-01
[NA] iter=00024 eval=05669 misfit=5.590947e-01 best=5.590853e-01
[NA] iter=00024 eval=05670 misfit=5.590962e-01 best=5.590853e-01
[NA] iter=00024 eval=05671 misfit=5.591111e-01 best=5.590853e-01
[NA] iter=00024 eval=05672 misfit=5.591077e-01 best=5.590853e-01
[NA] iter=00024 eval=05673 misfit=5.591022e-01 best=5.590853e-01
[NA] iter=00024 eval=05674 misfit=5.591025e-01 best=5.590853e-01
[NA] iter=00024 eval=05675 misfit=5.591011e-01 best=5.590853e-01
[NA] iter=00024 eval=05676 misfit=5.591047e-01 best=5.590853e-01
[NA] iter=00024 eval=05677 misfit=5.591068e-01 best=5.590853e-01
[NA] iter=00024 eval=05678 misfit=5.591106e-01 best=5.590853e-01
[NA] iter=00024 eval=05679 misfit=5.591028e-01 best=5.590853e-01
[NA] iter=00024 eval=05680 misfit=5.591098e-01 best=5.590853e-01
[NA] iter=00024 eval=05681 misfit=5.591148e-01 best=5.590853e-01
[NA] iter=00024 eval=05682 misfit=5.594885e-01 best=5.590853e-01
[NA] iter=00024 eval=05683 misfit=5.591131e-01 best=5.590853e-01
[NA] iter=00024 eval=05684 misfit=5.594704e-01 best=5.590853e-01
[NA] iter=00024 eval=05685 misfit=5.594737e-01 best=5.590853e-01
[NA] iter=00024 eval=05686 misfit=5.591182e-01 best=5.590853e-01
[NA] iter=00024 eval=05687 misfit=5.594628e-01 best=5.590853e-01
[NA] iter=00024 eval=05688 misfit=5.590999e-01 best=5.590853e-01
[NA] iter=00024 eval=05689 misfit=5.594748e-01 best=5.590853e-01
[NA] iter=00024 eval=05690 misfit=5.591007e-01 best=5.590853e-01
[NA] iter=00024 eval=05691 misfit=5.591280e-01 best=5.590853e-01
[NA] iter=00024 eval=05692 misfit=5.591360e-01 best=5.590853e-01
[NA] iter=00024 eval=05693 misfit=5.591106e-01 best=5.590853e-01
[NA] iter=00024 eval=05694 misfit=5.591280e-01 best=5.590853e-01
[NA] iter=00024 eval=05695 misfit=5.591363e-01 best=5.590853e-01
[NA] iter=00024 eval=05696 misfit=5.591040e-01 best=5.590853e-01
[NA] iter=00024 eval=05697 misfit=5.591228e-01 best=5.590853e-01
[NA] iter=00024 eval=05698 misfit=5.591356e-01 best=5.590853e-01
[NA] iter=00024 eval=05699 misfit=5.591139e-01 best=5.590853e-01
[NA] iter=00024 eval=05700 misfit=5.591165e-01 best=5.590853e-01
[NA] iter=00024 eval=05701 misfit=5.591222e-01 best=5.590853e-01
[NA] iter=00024 eval=05702 misfit=5.591362e-01 best=5.590853e-01
[NA] iter=00024 eval=05703 misfit=5.591104e-01 best=5.590853e-01
[NA] iter=00024 eval=05704 misfit=5.591415e-01 best=5.590853e-01
[NA] iter=00024 eval=05705 misfit=5.591280e-01 best=5.590853e-01
[NA] iter=00024 eval=05706 misfit=5.591141e-01 best=5.590853e-01
[NA] iter=00024 eval=05707 misfit=5.591085e-01 best=5.590853e-01
[NA] iter=00024 eval=05708 misfit=5.591183e-01 best=5.590853e-01
[NA] iter=00024 eval=05709 misfit=5.591008e-01 best=5.590853e-01
[NA] iter=00024 eval=05710 misfit=5.591139e-01 best=5.590853e-01
[NA] iter=00024 eval=05711 misfit=5.594966e-01 best=5.590853e-01
[NA] iter=00024 eval=05712 misfit=5.598301e-01 best=5.590853e-01
[NA] iter=00024 eval=05713 misfit=5.591211e-01 best=5.590853e-01
[NA] iter=00024 eval=05714 misfit=5.591204e-01 best=5.590853e-01
[NA] iter=00024 eval=05715 misfit=5.591218e-01 best=5.590853e-01
[NA] iter=00024 eval=05716 misfit=5.591232e-01 best=5.590853e-01
[NA] iter=00024 eval=05717 misfit=5.591058e-01 best=5.590853e-01
[NA] iter=00024 eval=05718 misfit=5.594943e-01 best=5.590853e-01
[NA] iter=00024 eval=05719 misfit=5.594852e-01 best=5.590853e-01
[NA] iter=00024 eval=05720 misfit=5.591250e-01 best=5.590853e-01
[NA] iter=00024 eval=05721 misfit=5.594547e-01 best=5.590853e-01
[NA] iter=00024 eval=05722 misfit=5.594553e-01 best=5.590853e-01
[NA] iter=00024 eval=05723 misfit=5.594685e-01 best=5.590853e-01
[NA] iter=00024 eval=05724 misfit=5.594784e-01 best=5.590853e-01
[NA] iter=00024 eval=05725 misfit=5.591058e-01 best=5.590853e-01
[NA] iter=00024 eval=05726 misfit=5.591295e-01 best=5.590853e-01
[NA] iter=00024 eval=05727 misfit=5.594513e-01 best=5.590853e-01
[NA] iter=00024 eval=05728 misfit=5.594746e-01 best=5.590853e-01
[NA] iter=00024 eval=05729 misfit=5.599409e-01 best=5.590853e-01
[NA] iter=00024 eval=05730 misfit=5.591180e-01 best=5.590853e-01
[NA] iter=00024 eval=05731 misfit=5.591010e-01 best=5.590853e-01
[NA] iter=00024 eval=05732 misfit=5.590991e-01 best=5.590853e-01
[NA] iter=00024 eval=05733 misfit=5.591077e-01 best=5.590853e-01
[NA] iter=00024 eval=05734 misfit=5.591064e-01 best=5.590853e-01
[NA] iter=00024 eval=05735 misfit=5.591080e-01 best=5.590853e-01
[NA] iter=00024 eval=05736 misfit=5.591136e-01 best=5.590853e-01
[NA] iter=00024 eval=05737 misfit=5.591308e-01 best=5.590853e-01
[NA] iter=00024 eval=05738 misfit=5.591092e-01 best=5.590853e-01
[NA] iter=00024 eval=05739 misfit=5.591159e-01 best=5.590853e-01
[NA] iter=00024 eval=05740 misfit=5.591164e-01 best=5.590853e-01
[NA] iter=00024 eval=05741 misfit=5.591046e-01 best=5.590853e-01
[NA] iter=00024 eval=05742 misfit=5.591194e-01 best=5.590853e-01
[NA] iter=00024 eval=05743 misfit=5.591095e-01 best=5.590853e-01
[NA] iter=00024 eval=05744 misfit=5.590970e-01 best=5.590853e-01
[NA] iter=00024 eval=05745 misfit=5.591141e-01 best=5.590853e-01
[NA] iter=00024 eval=05746 misfit=5.590987e-01 best=5.590853e-01
[NA] iter=00024 eval=05747 misfit=5.590914e-01 best=5.590853e-01
[NA] iter=00024 eval=05748 misfit=5.594757e-01 best=5.590853e-01
[NA] iter=00024 eval=05749 misfit=5.591136e-01 best=5.590853e-01
[NA] iter=00024 eval=05750 misfit=5.590934e-01 best=5.590853e-01
[NA] iter=00024 eval=05751 misfit=5.591009e-01 best=5.590853e-01
[NA] iter=00024 eval=05752 misfit=5.591000e-01 best=5.590853e-01
[NA] iter=00024 eval=05753 misfit=5.591036e-01 best=5.590853e-01
[NA] iter=00024 eval=05754 misfit=5.591109e-01 best=5.590853e-01
[NA] iter=00024 eval=05755 misfit=5.591029e-01 best=5.590853e-01
[NA] iter=00024 eval=05756 misfit=5.591123e-01 best=5.590853e-01
[NA] iter=00024 eval=05757 misfit=5.591021e-01 best=5.590853e-01
[NA] iter=00024 eval=05758 misfit=5.591209e-01 best=5.590853e-01
[NA] iter=00024 eval=05759 misfit=5.591162e-01 best=5.590853e-01
[NA] iter=00024 eval=05760 misfit=5.591090e-01 best=5.590853e-01
[NA] iter=00024 eval=05761 misfit=5.591291e-01 best=5.590853e-01
[NA] iter=00024 eval=05762 misfit=5.594646e-01 best=5.590853e-01
[NA] iter=00024 eval=05763 misfit=5.591040e-01 best=5.590853e-01
[NA] iter=00024 eval=05764 misfit=5.591252e-01 best=5.590853e-01
[NA] iter=00024 eval=05765 misfit=5.591034e-01 best=5.590853e-01
[NA] iter=00024 eval=05766 misfit=5.591051e-01 best=5.590853e-01
[NA] iter=00024 eval=05767 misfit=5.591115e-01 best=5.590853e-01
[NA] iter=00024 eval=05768 misfit=5.591124e-01 best=5.590853e-01
[NA] iter=00024 eval=05769 misfit=5.594894e-01 best=5.590853e-01
[NA] iter=00024 eval=05770 misfit=5.591130e-01 best=5.590853e-01
[NA] iter=00024 eval=05771 misfit=5.591089e-01 best=5.590853e-01
[NA] iter=00024 eval=05772 misfit=5.591246e-01 best=5.590853e-01
[NA] iter=00024 eval=05773 misfit=5.591032e-01 best=5.590853e-01
[NA] iter=00024 eval=05774 misfit=5.591101e-01 best=5.590853e-01
[NA] iter=00024 eval=05775 misfit=5.590947e-01 best=5.590853e-01
[NA] iter=00024 eval=05776 misfit=5.591270e-01 best=5.590853e-01
[NA] iter=00024 eval=05777 misfit=5.591189e-01 best=5.590853e-01
[NA] iter=00024 eval=05778 misfit=5.591020e-01 best=5.590853e-01
[NA] iter=00024 eval=05779 misfit=5.591064e-01 best=5.590853e-01
[NA] iter=00024 eval=05780 misfit=5.591131e-01 best=5.590853e-01
[NA] iter=00024 eval=05781 misfit=5.606840e-01 best=5.590853e-01
[NA] iter=00024 eval=05782 misfit=5.601427e-01 best=5.590853e-01
[NA] iter=00024 eval=05783 misfit=5.599038e-01 best=5.590853e-01
[NA] iter=00024 eval=05784 misfit=5.606797e-01 best=5.590853e-01
[NA] iter=00024 eval=05785 misfit=5.591040e-01 best=5.590853e-01
[NA] iter=00024 eval=05786 misfit=5.590976e-01 best=5.590853e-01
[NA] iter=00024 eval=05787 misfit=5.606802e-01 best=5.590853e-01
[NA] iter=00024 eval=05788 misfit=5.598271e-01 best=5.590853e-01
[NA] iter=00024 eval=05789 misfit=5.594826e-01 best=5.590853e-01
[NA] iter=00024 eval=05790 misfit=5.591092e-01 best=5.590853e-01
[NA] iter=00024 eval=05791 misfit=5.591100e-01 best=5.590853e-01
[NA] iter=00024 eval=05792 misfit=5.590977e-01 best=5.590853e-01
[NA] iter=00024 eval=05793 misfit=5.594806e-01 best=5.590853e-01
[NA] iter=00024 eval=05794 misfit=5.594773e-01 best=5.590853e-01
[NA] iter=00024 eval=05795 misfit=5.594597e-01 best=5.590853e-01
[NA] iter=00024 eval=05796 misfit=5.594723e-01 best=5.590853e-01
[NA] iter=00024 eval=05797 misfit=5.594831e-01 best=5.590853e-01
[NA] iter=00024 eval=05798 misfit=5.594770e-01 best=5.590853e-01
[NA] iter=00024 eval=05799 misfit=5.594897e-01 best=5.590853e-01
[NA] iter=00024 eval=05800 misfit=5.591133e-01 best=5.590853e-01
NAI - Optimisation Loop:  80%|████████  | 24/30 [49:12<12:13, 122.22s/it][NA] iter=00025 eval=05801 misfit=5.590881e-01 best=5.590853e-01
[NA] iter=00025 eval=05802 misfit=5.591123e-01 best=5.590853e-01
[NA] iter=00025 eval=05803 misfit=5.590975e-01 best=5.590853e-01
[NA] iter=00025 eval=05804 misfit=5.591076e-01 best=5.590853e-01
[NA] iter=00025 eval=05805 misfit=5.590879e-01 best=5.590853e-01
[NA] iter=00025 eval=05806 misfit=5.590834e-01 best=5.590834e-01
[NA] iter=00025 eval=05807 misfit=5.590858e-01 best=5.590834e-01
[NA] iter=00025 eval=05808 misfit=5.590925e-01 best=5.590834e-01
[NA] iter=00025 eval=05809 misfit=5.590917e-01 best=5.590834e-01
[NA] iter=00025 eval=05810 misfit=5.590876e-01 best=5.590834e-01
[NA] iter=00025 eval=05811 misfit=5.594857e-01 best=5.590834e-01
[NA] iter=00025 eval=05812 misfit=5.591011e-01 best=5.590834e-01
[NA] iter=00025 eval=05813 misfit=5.590846e-01 best=5.590834e-01
[NA] iter=00025 eval=05814 misfit=5.594648e-01 best=5.590834e-01
[NA] iter=00025 eval=05815 misfit=5.594805e-01 best=5.590834e-01
[NA] iter=00025 eval=05816 misfit=5.594792e-01 best=5.590834e-01
[NA] iter=00025 eval=05817 misfit=5.590903e-01 best=5.590834e-01
[NA] iter=00025 eval=05818 misfit=5.591064e-01 best=5.590834e-01
[NA] iter=00025 eval=05819 misfit=5.594646e-01 best=5.590834e-01
[NA] iter=00025 eval=05820 misfit=5.594687e-01 best=5.590834e-01
[NA] iter=00025 eval=05821 misfit=5.598522e-01 best=5.590834e-01
[NA] iter=00025 eval=05822 misfit=5.590977e-01 best=5.590834e-01
[NA] iter=00025 eval=05823 misfit=5.590956e-01 best=5.590834e-01
[NA] iter=00025 eval=05824 misfit=5.590969e-01 best=5.590834e-01
[NA] iter=00025 eval=05825 misfit=5.596121e-01 best=5.590834e-01
[NA] iter=00025 eval=05826 misfit=5.591047e-01 best=5.590834e-01
[NA] iter=00025 eval=05827 misfit=5.596270e-01 best=5.590834e-01
[NA] iter=00025 eval=05828 misfit=5.594748e-01 best=5.590834e-01
[NA] iter=00025 eval=05829 misfit=5.591045e-01 best=5.590834e-01
[NA] iter=00025 eval=05830 misfit=5.591001e-01 best=5.590834e-01
[NA] iter=00025 eval=05831 misfit=5.591066e-01 best=5.590834e-01
[NA] iter=00025 eval=05832 misfit=5.591045e-01 best=5.590834e-01
[NA] iter=00025 eval=05833 misfit=5.590976e-01 best=5.590834e-01
[NA] iter=00025 eval=05834 misfit=5.591152e-01 best=5.590834e-01
[NA] iter=00025 eval=05835 misfit=5.590974e-01 best=5.590834e-01
[NA] iter=00025 eval=05836 misfit=5.591103e-01 best=5.590834e-01
[NA] iter=00025 eval=05837 misfit=5.590950e-01 best=5.590834e-01
[NA] iter=00025 eval=05838 misfit=5.591052e-01 best=5.590834e-01
[NA] iter=00025 eval=05839 misfit=5.591104e-01 best=5.590834e-01
[NA] iter=00025 eval=05840 misfit=5.590976e-01 best=5.590834e-01
[NA] iter=00025 eval=05841 misfit=5.590957e-01 best=5.590834e-01
[NA] iter=00025 eval=05842 misfit=5.591037e-01 best=5.590834e-01
[NA] iter=00025 eval=05843 misfit=5.590998e-01 best=5.590834e-01
[NA] iter=00025 eval=05844 misfit=5.594856e-01 best=5.590834e-01
[NA] iter=00025 eval=05845 misfit=5.598392e-01 best=5.590834e-01
[NA] iter=00025 eval=05846 misfit=5.594764e-01 best=5.590834e-01
[NA] iter=00025 eval=05847 misfit=5.594767e-01 best=5.590834e-01
[NA] iter=00025 eval=05848 misfit=5.594806e-01 best=5.590834e-01
[NA] iter=00025 eval=05849 misfit=5.594950e-01 best=5.590834e-01
[NA] iter=00025 eval=05850 misfit=5.594860e-01 best=5.590834e-01
[NA] iter=00025 eval=05851 misfit=5.591014e-01 best=5.590834e-01
[NA] iter=00025 eval=05852 misfit=5.591120e-01 best=5.590834e-01
[NA] iter=00025 eval=05853 misfit=5.590922e-01 best=5.590834e-01
[NA] iter=00025 eval=05854 misfit=5.590901e-01 best=5.590834e-01
[NA] iter=00025 eval=05855 misfit=5.591006e-01 best=5.590834e-01
[NA] iter=00025 eval=05856 misfit=5.591025e-01 best=5.590834e-01
[NA] iter=00025 eval=05857 misfit=5.590854e-01 best=5.590834e-01
[NA] iter=00025 eval=05858 misfit=5.590863e-01 best=5.590834e-01
[NA] iter=00025 eval=05859 misfit=5.591093e-01 best=5.590834e-01
[NA] iter=00025 eval=05860 misfit=5.594914e-01 best=5.590834e-01
[NA] iter=00025 eval=05861 misfit=5.590846e-01 best=5.590834e-01
[NA] iter=00025 eval=05862 misfit=5.591002e-01 best=5.590834e-01
[NA] iter=00025 eval=05863 misfit=5.590840e-01 best=5.590834e-01
[NA] iter=00025 eval=05864 misfit=5.590872e-01 best=5.590834e-01
[NA] iter=00025 eval=05865 misfit=5.591047e-01 best=5.590834e-01
[NA] iter=00025 eval=05866 misfit=5.590968e-01 best=5.590834e-01
[NA] iter=00025 eval=05867 misfit=5.590986e-01 best=5.590834e-01
[NA] iter=00025 eval=05868 misfit=5.590889e-01 best=5.590834e-01
[NA] iter=00025 eval=05869 misfit=5.590899e-01 best=5.590834e-01
[NA] iter=00025 eval=05870 misfit=5.591066e-01 best=5.590834e-01
[NA] iter=00025 eval=05871 misfit=5.598381e-01 best=5.590834e-01
[NA] iter=00025 eval=05872 misfit=5.598590e-01 best=5.590834e-01
[NA] iter=00025 eval=05873 misfit=5.590932e-01 best=5.590834e-01
[NA] iter=00025 eval=05874 misfit=5.594434e-01 best=5.590834e-01
[NA] iter=00025 eval=05875 misfit=5.594668e-01 best=5.590834e-01
[NA] iter=00025 eval=05876 misfit=5.591026e-01 best=5.590834e-01
[NA] iter=00025 eval=05877 misfit=5.594440e-01 best=5.590834e-01
[NA] iter=00025 eval=05878 misfit=5.590772e-01 best=5.590772e-01
[NA] iter=00025 eval=05879 misfit=5.596127e-01 best=5.590772e-01
[NA] iter=00025 eval=05880 misfit=5.594626e-01 best=5.590772e-01
[NA] iter=00025 eval=05881 misfit=5.590866e-01 best=5.590772e-01
[NA] iter=00025 eval=05882 misfit=5.590928e-01 best=5.590772e-01
[NA] iter=00025 eval=05883 misfit=5.591091e-01 best=5.590772e-01
[NA] iter=00025 eval=05884 misfit=5.600993e-01 best=5.590772e-01
[NA] iter=00025 eval=05885 misfit=5.594673e-01 best=5.590772e-01
[NA] iter=00025 eval=05886 misfit=5.591054e-01 best=5.590772e-01
[NA] iter=00025 eval=05887 misfit=5.594652e-01 best=5.590772e-01
[NA] iter=00025 eval=05888 misfit=5.590991e-01 best=5.590772e-01
[NA] iter=00025 eval=05889 misfit=5.594735e-01 best=5.590772e-01
[NA] iter=00025 eval=05890 misfit=5.590952e-01 best=5.590772e-01
[NA] iter=00025 eval=05891 misfit=5.596296e-01 best=5.590772e-01
[NA] iter=00025 eval=05892 misfit=5.598655e-01 best=5.590772e-01
[NA] iter=00025 eval=05893 misfit=5.590882e-01 best=5.590772e-01
[NA] iter=00025 eval=05894 misfit=5.598567e-01 best=5.590772e-01
[NA] iter=00025 eval=05895 misfit=5.590939e-01 best=5.590772e-01
[NA] iter=00025 eval=05896 misfit=5.598721e-01 best=5.590772e-01
[NA] iter=00025 eval=05897 misfit=5.591025e-01 best=5.590772e-01
[NA] iter=00025 eval=05898 misfit=5.598626e-01 best=5.590772e-01
[NA] iter=00025 eval=05899 misfit=5.596080e-01 best=5.590772e-01
[NA] iter=00025 eval=05900 misfit=5.591308e-01 best=5.590772e-01
[NA] iter=00025 eval=05901 misfit=5.590830e-01 best=5.590772e-01
[NA] iter=00025 eval=05902 misfit=5.594659e-01 best=5.590772e-01
[NA] iter=00025 eval=05903 misfit=5.590816e-01 best=5.590772e-01
[NA] iter=00025 eval=05904 misfit=5.590848e-01 best=5.590772e-01
[NA] iter=00025 eval=05905 misfit=5.590902e-01 best=5.590772e-01
[NA] iter=00025 eval=05906 misfit=5.590857e-01 best=5.590772e-01
[NA] iter=00025 eval=05907 misfit=5.590882e-01 best=5.590772e-01
[NA] iter=00025 eval=05908 misfit=5.594584e-01 best=5.590772e-01
[NA] iter=00025 eval=05909 misfit=5.590919e-01 best=5.590772e-01
[NA] iter=00025 eval=05910 misfit=5.594643e-01 best=5.590772e-01
[NA] iter=00025 eval=05911 misfit=5.594675e-01 best=5.590772e-01
[NA] iter=00025 eval=05912 misfit=5.590897e-01 best=5.590772e-01
[NA] iter=00025 eval=05913 misfit=5.590915e-01 best=5.590772e-01
[NA] iter=00025 eval=05914 misfit=5.594741e-01 best=5.590772e-01
[NA] iter=00025 eval=05915 misfit=5.590900e-01 best=5.590772e-01
[NA] iter=00025 eval=05916 misfit=5.594793e-01 best=5.590772e-01
[NA] iter=00025 eval=05917 misfit=5.590896e-01 best=5.590772e-01
[NA] iter=00025 eval=05918 misfit=5.590951e-01 best=5.590772e-01
[NA] iter=00025 eval=05919 misfit=5.590802e-01 best=5.590772e-01
[NA] iter=00025 eval=05920 misfit=5.594767e-01 best=5.590772e-01
[NA] iter=00025 eval=05921 misfit=5.591141e-01 best=5.590772e-01
[NA] iter=00025 eval=05922 misfit=5.591064e-01 best=5.590772e-01
[NA] iter=00025 eval=05923 misfit=5.591077e-01 best=5.590772e-01
[NA] iter=00025 eval=05924 misfit=5.591095e-01 best=5.590772e-01
[NA] iter=00025 eval=05925 misfit=5.591052e-01 best=5.590772e-01
[NA] iter=00025 eval=05926 misfit=5.591024e-01 best=5.590772e-01
[NA] iter=00025 eval=05927 misfit=5.591038e-01 best=5.590772e-01
[NA] iter=00025 eval=05928 misfit=5.594689e-01 best=5.590772e-01
[NA] iter=00025 eval=05929 misfit=5.591215e-01 best=5.590772e-01
[NA] iter=00025 eval=05930 misfit=5.591111e-01 best=5.590772e-01
[NA] iter=00025 eval=05931 misfit=5.590978e-01 best=5.590772e-01
[NA] iter=00025 eval=05932 misfit=5.590970e-01 best=5.590772e-01
[NA] iter=00025 eval=05933 misfit=5.590977e-01 best=5.590772e-01
[NA] iter=00025 eval=05934 misfit=5.591059e-01 best=5.590772e-01
[NA] iter=00025 eval=05935 misfit=5.591137e-01 best=5.590772e-01
[NA] iter=00025 eval=05936 misfit=5.590880e-01 best=5.590772e-01
[NA] iter=00025 eval=05937 misfit=5.591066e-01 best=5.590772e-01
[NA] iter=00025 eval=05938 misfit=5.591084e-01 best=5.590772e-01
[NA] iter=00025 eval=05939 misfit=5.591040e-01 best=5.590772e-01
[NA] iter=00025 eval=05940 misfit=5.591105e-01 best=5.590772e-01
[NA] iter=00025 eval=05941 misfit=5.590946e-01 best=5.590772e-01
[NA] iter=00025 eval=05942 misfit=5.590863e-01 best=5.590772e-01
[NA] iter=00025 eval=05943 misfit=5.594550e-01 best=5.590772e-01
[NA] iter=00025 eval=05944 misfit=5.590944e-01 best=5.590772e-01
[NA] iter=00025 eval=05945 misfit=5.591083e-01 best=5.590772e-01
[NA] iter=00025 eval=05946 misfit=5.590920e-01 best=5.590772e-01
[NA] iter=00025 eval=05947 misfit=5.590906e-01 best=5.590772e-01
[NA] iter=00025 eval=05948 misfit=5.591084e-01 best=5.590772e-01
[NA] iter=00025 eval=05949 misfit=5.590903e-01 best=5.590772e-01
[NA] iter=00025 eval=05950 misfit=5.591032e-01 best=5.590772e-01
[NA] iter=00025 eval=05951 misfit=5.594733e-01 best=5.590772e-01
[NA] iter=00025 eval=05952 misfit=5.591087e-01 best=5.590772e-01
[NA] iter=00025 eval=05953 misfit=5.591134e-01 best=5.590772e-01
[NA] iter=00025 eval=05954 misfit=5.594570e-01 best=5.590772e-01
[NA] iter=00025 eval=05955 misfit=5.598187e-01 best=5.590772e-01
[NA] iter=00025 eval=05956 misfit=5.594594e-01 best=5.590772e-01
[NA] iter=00025 eval=05957 misfit=5.604039e-01 best=5.590772e-01
[NA] iter=00025 eval=05958 misfit=5.598130e-01 best=5.590772e-01
[NA] iter=00025 eval=05959 misfit=5.594585e-01 best=5.590772e-01
[NA] iter=00025 eval=05960 misfit=5.590996e-01 best=5.590772e-01
[NA] iter=00025 eval=05961 misfit=5.596113e-01 best=5.590772e-01
[NA] iter=00025 eval=05962 misfit=5.596262e-01 best=5.590772e-01
[NA] iter=00025 eval=05963 misfit=5.590966e-01 best=5.590772e-01
[NA] iter=00025 eval=05964 misfit=5.596227e-01 best=5.590772e-01
[NA] iter=00025 eval=05965 misfit=5.598451e-01 best=5.590772e-01
[NA] iter=00025 eval=05966 misfit=5.591027e-01 best=5.590772e-01
[NA] iter=00025 eval=05967 misfit=5.599485e-01 best=5.590772e-01
[NA] iter=00025 eval=05968 misfit=5.594579e-01 best=5.590772e-01
[NA] iter=00025 eval=05969 misfit=5.598354e-01 best=5.590772e-01
[NA] iter=00025 eval=05970 misfit=5.596074e-01 best=5.590772e-01
[NA] iter=00025 eval=05971 misfit=5.598551e-01 best=5.590772e-01
[NA] iter=00025 eval=05972 misfit=5.596304e-01 best=5.590772e-01
[NA] iter=00025 eval=05973 misfit=5.590815e-01 best=5.590772e-01
[NA] iter=00025 eval=05974 misfit=5.590860e-01 best=5.590772e-01
[NA] iter=00025 eval=05975 misfit=5.596143e-01 best=5.590772e-01
[NA] iter=00025 eval=05976 misfit=5.590925e-01 best=5.590772e-01
[NA] iter=00025 eval=05977 misfit=5.596154e-01 best=5.590772e-01
[NA] iter=00025 eval=05978 misfit=5.598526e-01 best=5.590772e-01
[NA] iter=00025 eval=05979 misfit=5.590997e-01 best=5.590772e-01
[NA] iter=00025 eval=05980 misfit=5.591046e-01 best=5.590772e-01
[NA] iter=00025 eval=05981 misfit=5.590959e-01 best=5.590772e-01
[NA] iter=00025 eval=05982 misfit=5.591038e-01 best=5.590772e-01
[NA] iter=00025 eval=05983 misfit=5.594803e-01 best=5.590772e-01
[NA] iter=00025 eval=05984 misfit=5.590982e-01 best=5.590772e-01
[NA] iter=00025 eval=05985 misfit=5.594858e-01 best=5.590772e-01
[NA] iter=00025 eval=05986 misfit=5.591221e-01 best=5.590772e-01
[NA] iter=00025 eval=05987 misfit=5.590984e-01 best=5.590772e-01
[NA] iter=00025 eval=05988 misfit=5.591125e-01 best=5.590772e-01
[NA] iter=00025 eval=05989 misfit=5.591148e-01 best=5.590772e-01
[NA] iter=00025 eval=05990 misfit=5.591169e-01 best=5.590772e-01
[NA] iter=00025 eval=05991 misfit=5.591075e-01 best=5.590772e-01
[NA] iter=00025 eval=05992 misfit=5.590990e-01 best=5.590772e-01
[NA] iter=00025 eval=05993 misfit=5.591022e-01 best=5.590772e-01
[NA] iter=00025 eval=05994 misfit=5.591016e-01 best=5.590772e-01
[NA] iter=00025 eval=05995 misfit=5.591109e-01 best=5.590772e-01
[NA] iter=00025 eval=05996 misfit=5.594867e-01 best=5.590772e-01
[NA] iter=00025 eval=05997 misfit=5.591239e-01 best=5.590772e-01
[NA] iter=00025 eval=05998 misfit=5.591018e-01 best=5.590772e-01
[NA] iter=00025 eval=05999 misfit=5.594671e-01 best=5.590772e-01
[NA] iter=00025 eval=06000 misfit=5.591122e-01 best=5.590772e-01
NAI - Optimisation Loop:  83%|████████▎ | 25/30 [51:11<10:07, 121.44s/it][NA] iter=00026 eval=06001 misfit=5.590826e-01 best=5.590772e-01
[NA] iter=00026 eval=06002 misfit=5.590887e-01 best=5.590772e-01
[NA] iter=00026 eval=06003 misfit=5.590920e-01 best=5.590772e-01
[NA] iter=00026 eval=06004 misfit=5.590901e-01 best=5.590772e-01
[NA] iter=00026 eval=06005 misfit=5.590950e-01 best=5.590772e-01
[NA] iter=00026 eval=06006 misfit=5.590979e-01 best=5.590772e-01
[NA] iter=00026 eval=06007 misfit=5.594605e-01 best=5.590772e-01
[NA] iter=00026 eval=06008 misfit=5.590958e-01 best=5.590772e-01
[NA] iter=00026 eval=06009 misfit=5.591000e-01 best=5.590772e-01
[NA] iter=00026 eval=06010 misfit=5.590971e-01 best=5.590772e-01
[NA] iter=00026 eval=06011 misfit=5.590945e-01 best=5.590772e-01
[NA] iter=00026 eval=06012 misfit=5.594802e-01 best=5.590772e-01
[NA] iter=00026 eval=06013 misfit=5.590913e-01 best=5.590772e-01
[NA] iter=00026 eval=06014 misfit=5.590809e-01 best=5.590772e-01
[NA] iter=00026 eval=06015 misfit=5.594592e-01 best=5.590772e-01
[NA] iter=00026 eval=06016 misfit=5.590854e-01 best=5.590772e-01
[NA] iter=00026 eval=06017 misfit=5.590866e-01 best=5.590772e-01
[NA] iter=00026 eval=06018 misfit=5.590915e-01 best=5.590772e-01
[NA] iter=00026 eval=06019 misfit=5.594656e-01 best=5.590772e-01
[NA] iter=00026 eval=06020 misfit=5.590892e-01 best=5.590772e-01
[NA] iter=00026 eval=06021 misfit=5.590817e-01 best=5.590772e-01
[NA] iter=00026 eval=06022 misfit=5.590924e-01 best=5.590772e-01
[NA] iter=00026 eval=06023 misfit=5.594691e-01 best=5.590772e-01
[NA] iter=00026 eval=06024 misfit=5.594631e-01 best=5.590772e-01
[NA] iter=00026 eval=06025 misfit=5.595975e-01 best=5.590772e-01
[NA] iter=00026 eval=06026 misfit=5.590905e-01 best=5.590772e-01
[NA] iter=00026 eval=06027 misfit=5.599184e-01 best=5.590772e-01
[NA] iter=00026 eval=06028 misfit=5.599273e-01 best=5.590772e-01
[NA] iter=00026 eval=06029 misfit=5.591050e-01 best=5.590772e-01
[NA] iter=00026 eval=06030 misfit=5.599260e-01 best=5.590772e-01
[NA] iter=00026 eval=06031 misfit=5.590817e-01 best=5.590772e-01
[NA] iter=00026 eval=06032 misfit=5.590951e-01 best=5.590772e-01
[NA] iter=00026 eval=06033 misfit=5.590926e-01 best=5.590772e-01
[NA] iter=00026 eval=06034 misfit=5.590823e-01 best=5.590772e-01
[NA] iter=00026 eval=06035 misfit=5.594592e-01 best=5.590772e-01
[NA] iter=00026 eval=06036 misfit=5.594617e-01 best=5.590772e-01
[NA] iter=00026 eval=06037 misfit=5.590919e-01 best=5.590772e-01
[NA] iter=00026 eval=06038 misfit=5.590931e-01 best=5.590772e-01
[NA] iter=00026 eval=06039 misfit=5.590752e-01 best=5.590752e-01
[NA] iter=00026 eval=06040 misfit=5.590835e-01 best=5.590752e-01
[NA] iter=00026 eval=06041 misfit=5.594558e-01 best=5.590752e-01
[NA] iter=00026 eval=06042 misfit=5.594628e-01 best=5.590752e-01
[NA] iter=00026 eval=06043 misfit=5.591030e-01 best=5.590752e-01
[NA] iter=00026 eval=06044 misfit=5.594608e-01 best=5.590752e-01
[NA] iter=00026 eval=06045 misfit=5.594553e-01 best=5.590752e-01
[NA] iter=00026 eval=06046 misfit=5.594632e-01 best=5.590752e-01
[NA] iter=00026 eval=06047 misfit=5.600712e-01 best=5.590752e-01
[NA] iter=00026 eval=06048 misfit=5.594473e-01 best=5.590752e-01
[NA] iter=00026 eval=06049 misfit=5.590935e-01 best=5.590752e-01
[NA] iter=00026 eval=06050 misfit=5.594608e-01 best=5.590752e-01
[NA] iter=00026 eval=06051 misfit=5.591001e-01 best=5.590752e-01
[NA] iter=00026 eval=06052 misfit=5.590900e-01 best=5.590752e-01
[NA] iter=00026 eval=06053 misfit=5.590909e-01 best=5.590752e-01
[NA] iter=00026 eval=06054 misfit=5.590954e-01 best=5.590752e-01
[NA] iter=00026 eval=06055 misfit=5.590983e-01 best=5.590752e-01
[NA] iter=00026 eval=06056 misfit=5.590946e-01 best=5.590752e-01
[NA] iter=00026 eval=06057 misfit=5.590993e-01 best=5.590752e-01
[NA] iter=00026 eval=06058 misfit=5.591029e-01 best=5.590752e-01
[NA] iter=00026 eval=06059 misfit=5.590933e-01 best=5.590752e-01
[NA] iter=00026 eval=06060 misfit=5.590844e-01 best=5.590752e-01
[NA] iter=00026 eval=06061 misfit=5.590896e-01 best=5.590752e-01
[NA] iter=00026 eval=06062 misfit=5.590912e-01 best=5.590752e-01
[NA] iter=00026 eval=06063 misfit=5.590867e-01 best=5.590752e-01
[NA] iter=00026 eval=06064 misfit=5.591023e-01 best=5.590752e-01
[NA] iter=00026 eval=06065 misfit=5.590923e-01 best=5.590752e-01
[NA] iter=00026 eval=06066 misfit=5.590990e-01 best=5.590752e-01
[NA] iter=00026 eval=06067 misfit=5.590975e-01 best=5.590752e-01
[NA] iter=00026 eval=06068 misfit=5.590820e-01 best=5.590752e-01
[NA] iter=00026 eval=06069 misfit=5.590829e-01 best=5.590752e-01
[NA] iter=00026 eval=06070 misfit=5.590905e-01 best=5.590752e-01
[NA] iter=00026 eval=06071 misfit=5.591083e-01 best=5.590752e-01
[NA] iter=00026 eval=06072 misfit=5.591024e-01 best=5.590752e-01
[NA] iter=00026 eval=06073 misfit=5.591085e-01 best=5.590752e-01
[NA] iter=00026 eval=06074 misfit=5.590939e-01 best=5.590752e-01
[NA] iter=00026 eval=06075 misfit=5.591059e-01 best=5.590752e-01
[NA] iter=00026 eval=06076 misfit=5.590899e-01 best=5.590752e-01
[NA] iter=00026 eval=06077 misfit=5.590982e-01 best=5.590752e-01
[NA] iter=00026 eval=06078 misfit=5.590897e-01 best=5.590752e-01
[NA] iter=00026 eval=06079 misfit=5.590949e-01 best=5.590752e-01
[NA] iter=00026 eval=06080 misfit=5.590888e-01 best=5.590752e-01
[NA] iter=00026 eval=06081 misfit=5.594719e-01 best=5.590752e-01
[NA] iter=00026 eval=06082 misfit=5.590809e-01 best=5.590752e-01
[NA] iter=00026 eval=06083 misfit=5.590703e-01 best=5.590703e-01
[NA] iter=00026 eval=06084 misfit=5.594592e-01 best=5.590703e-01
[NA] iter=00026 eval=06085 misfit=5.594603e-01 best=5.590703e-01
[NA] iter=00026 eval=06086 misfit=5.591002e-01 best=5.590703e-01
[NA] iter=00026 eval=06087 misfit=5.594625e-01 best=5.590703e-01
[NA] iter=00026 eval=06088 misfit=5.594602e-01 best=5.590703e-01
[NA] iter=00026 eval=06089 misfit=5.595969e-01 best=5.590703e-01
[NA] iter=00026 eval=06090 misfit=5.590770e-01 best=5.590703e-01
[NA] iter=00026 eval=06091 misfit=5.590791e-01 best=5.590703e-01
[NA] iter=00026 eval=06092 misfit=5.590910e-01 best=5.590703e-01
[NA] iter=00026 eval=06093 misfit=5.594535e-01 best=5.590703e-01
[NA] iter=00026 eval=06094 misfit=5.590888e-01 best=5.590703e-01
[NA] iter=00026 eval=06095 misfit=5.590729e-01 best=5.590703e-01
[NA] iter=00026 eval=06096 misfit=5.590896e-01 best=5.590703e-01
[NA] iter=00026 eval=06097 misfit=5.594533e-01 best=5.590703e-01
[NA] iter=00026 eval=06098 misfit=5.594681e-01 best=5.590703e-01
[NA] iter=00026 eval=06099 misfit=5.594562e-01 best=5.590703e-01
[NA] iter=00026 eval=06100 misfit=5.594557e-01 best=5.590703e-01
[NA] iter=00026 eval=06101 misfit=5.590887e-01 best=5.590703e-01
[NA] iter=00026 eval=06102 misfit=5.590975e-01 best=5.590703e-01
[NA] iter=00026 eval=06103 misfit=5.591055e-01 best=5.590703e-01
[NA] iter=00026 eval=06104 misfit=5.591026e-01 best=5.590703e-01
[NA] iter=00026 eval=06105 misfit=5.590918e-01 best=5.590703e-01
[NA] iter=00026 eval=06106 misfit=5.590909e-01 best=5.590703e-01
[NA] iter=00026 eval=06107 misfit=5.590850e-01 best=5.590703e-01
[NA] iter=00026 eval=06108 misfit=5.591100e-01 best=5.590703e-01
[NA] iter=00026 eval=06109 misfit=5.591059e-01 best=5.590703e-01
[NA] iter=00026 eval=06110 misfit=5.590889e-01 best=5.590703e-01
[NA] iter=00026 eval=06111 misfit=5.590856e-01 best=5.590703e-01
[NA] iter=00026 eval=06112 misfit=5.590977e-01 best=5.590703e-01
[NA] iter=00026 eval=06113 misfit=5.590907e-01 best=5.590703e-01
[NA] iter=00026 eval=06114 misfit=5.590847e-01 best=5.590703e-01
[NA] iter=00026 eval=06115 misfit=5.590880e-01 best=5.590703e-01
[NA] iter=00026 eval=06116 misfit=5.590851e-01 best=5.590703e-01
[NA] iter=00026 eval=06117 misfit=5.591047e-01 best=5.590703e-01
[NA] iter=00026 eval=06118 misfit=5.590960e-01 best=5.590703e-01
[NA] iter=00026 eval=06119 misfit=5.590940e-01 best=5.590703e-01
[NA] iter=00026 eval=06120 misfit=5.590878e-01 best=5.590703e-01
[NA] iter=00026 eval=06121 misfit=5.594664e-01 best=5.590703e-01
[NA] iter=00026 eval=06122 misfit=5.590814e-01 best=5.590703e-01
[NA] iter=00026 eval=06123 misfit=5.590951e-01 best=5.590703e-01
[NA] iter=00026 eval=06124 misfit=5.590973e-01 best=5.590703e-01
[NA] iter=00026 eval=06125 misfit=5.590840e-01 best=5.590703e-01
[NA] iter=00026 eval=06126 misfit=5.590849e-01 best=5.590703e-01
[NA] iter=00026 eval=06127 misfit=5.594576e-01 best=5.590703e-01
[NA] iter=00026 eval=06128 misfit=5.590792e-01 best=5.590703e-01
[NA] iter=00026 eval=06129 misfit=5.594508e-01 best=5.590703e-01
[NA] iter=00026 eval=06130 misfit=5.594660e-01 best=5.590703e-01
[NA] iter=00026 eval=06131 misfit=5.590844e-01 best=5.590703e-01
[NA] iter=00026 eval=06132 misfit=5.590956e-01 best=5.590703e-01
[NA] iter=00026 eval=06133 misfit=5.594662e-01 best=5.590703e-01
[NA] iter=00026 eval=06134 misfit=5.590881e-01 best=5.590703e-01
[NA] iter=00026 eval=06135 misfit=5.591097e-01 best=5.590703e-01
[NA] iter=00026 eval=06136 misfit=5.590918e-01 best=5.590703e-01
[NA] iter=00026 eval=06137 misfit=5.591119e-01 best=5.590703e-01
[NA] iter=00026 eval=06138 misfit=5.591117e-01 best=5.590703e-01
[NA] iter=00026 eval=06139 misfit=5.591087e-01 best=5.590703e-01
[NA] iter=00026 eval=06140 misfit=5.590967e-01 best=5.590703e-01
[NA] iter=00026 eval=06141 misfit=5.591342e-01 best=5.590703e-01
[NA] iter=00026 eval=06142 misfit=5.591089e-01 best=5.590703e-01
[NA] iter=00026 eval=06143 misfit=5.591280e-01 best=5.590703e-01
[NA] iter=00026 eval=06144 misfit=5.598266e-01 best=5.590703e-01
[NA] iter=00026 eval=06145 misfit=5.596096e-01 best=5.590703e-01
[NA] iter=00026 eval=06146 misfit=5.591151e-01 best=5.590703e-01
[NA] iter=00026 eval=06147 misfit=5.591161e-01 best=5.590703e-01
[NA] iter=00026 eval=06148 misfit=5.596219e-01 best=5.590703e-01
[NA] iter=00026 eval=06149 misfit=5.595973e-01 best=5.590703e-01
[NA] iter=00026 eval=06150 misfit=5.591145e-01 best=5.590703e-01
[NA] iter=00026 eval=06151 misfit=5.590927e-01 best=5.590703e-01
[NA] iter=00026 eval=06152 misfit=5.594930e-01 best=5.590703e-01
[NA] iter=00026 eval=06153 misfit=5.590944e-01 best=5.590703e-01
[NA] iter=00026 eval=06154 misfit=5.590839e-01 best=5.590703e-01
[NA] iter=00026 eval=06155 misfit=5.594830e-01 best=5.590703e-01
[NA] iter=00026 eval=06156 misfit=5.590955e-01 best=5.590703e-01
[NA] iter=00026 eval=06157 misfit=5.590897e-01 best=5.590703e-01
[NA] iter=00026 eval=06158 misfit=5.590877e-01 best=5.590703e-01
[NA] iter=00026 eval=06159 misfit=5.590900e-01 best=5.590703e-01
[NA] iter=00026 eval=06160 misfit=5.590944e-01 best=5.590703e-01
[NA] iter=00026 eval=06161 misfit=5.590894e-01 best=5.590703e-01
[NA] iter=00026 eval=06162 misfit=5.590931e-01 best=5.590703e-01
[NA] iter=00026 eval=06163 misfit=5.590993e-01 best=5.590703e-01
[NA] iter=00026 eval=06164 misfit=5.590875e-01 best=5.590703e-01
[NA] iter=00026 eval=06165 misfit=5.590928e-01 best=5.590703e-01
[NA] iter=00026 eval=06166 misfit=5.590904e-01 best=5.590703e-01
[NA] iter=00026 eval=06167 misfit=5.590963e-01 best=5.590703e-01
[NA] iter=00026 eval=06168 misfit=5.590911e-01 best=5.590703e-01
[NA] iter=00026 eval=06169 misfit=5.590928e-01 best=5.590703e-01
[NA] iter=00026 eval=06170 misfit=5.590906e-01 best=5.590703e-01
[NA] iter=00026 eval=06171 misfit=5.590972e-01 best=5.590703e-01
[NA] iter=00026 eval=06172 misfit=5.591026e-01 best=5.590703e-01
[NA] iter=00026 eval=06173 misfit=5.590946e-01 best=5.590703e-01
[NA] iter=00026 eval=06174 misfit=5.594756e-01 best=5.590703e-01
[NA] iter=00026 eval=06175 misfit=5.591009e-01 best=5.590703e-01
[NA] iter=00026 eval=06176 misfit=5.590967e-01 best=5.590703e-01
[NA] iter=00026 eval=06177 misfit=5.590871e-01 best=5.590703e-01
[NA] iter=00026 eval=06178 misfit=5.591033e-01 best=5.590703e-01
[NA] iter=00026 eval=06179 misfit=5.590924e-01 best=5.590703e-01
[NA] iter=00026 eval=06180 misfit=5.594809e-01 best=5.590703e-01
[NA] iter=00026 eval=06181 misfit=5.590746e-01 best=5.590703e-01
[NA] iter=00026 eval=06182 misfit=5.590891e-01 best=5.590703e-01
[NA] iter=00026 eval=06183 misfit=5.590870e-01 best=5.590703e-01
[NA] iter=00026 eval=06184 misfit=5.590955e-01 best=5.590703e-01
[NA] iter=00026 eval=06185 misfit=5.590857e-01 best=5.590703e-01
[NA] iter=00026 eval=06186 misfit=5.590911e-01 best=5.590703e-01
[NA] iter=00026 eval=06187 misfit=5.590950e-01 best=5.590703e-01
[NA] iter=00026 eval=06188 misfit=5.590863e-01 best=5.590703e-01
[NA] iter=00026 eval=06189 misfit=5.590965e-01 best=5.590703e-01
[NA] iter=00026 eval=06190 misfit=5.590926e-01 best=5.590703e-01
[NA] iter=00026 eval=06191 misfit=5.591069e-01 best=5.590703e-01
[NA] iter=00026 eval=06192 misfit=5.590989e-01 best=5.590703e-01
[NA] iter=00026 eval=06193 misfit=5.591007e-01 best=5.590703e-01
[NA] iter=00026 eval=06194 misfit=5.591028e-01 best=5.590703e-01
[NA] iter=00026 eval=06195 misfit=5.590938e-01 best=5.590703e-01
[NA] iter=00026 eval=06196 misfit=5.591164e-01 best=5.590703e-01
[NA] iter=00026 eval=06197 misfit=5.590999e-01 best=5.590703e-01
[NA] iter=00026 eval=06198 misfit=5.591086e-01 best=5.590703e-01
[NA] iter=00026 eval=06199 misfit=5.591091e-01 best=5.590703e-01
[NA] iter=00026 eval=06200 misfit=5.591132e-01 best=5.590703e-01
NAI - Optimisation Loop:  87%|████████▋ | 26/30 [53:17<08:11, 122.87s/it][NA] iter=00027 eval=06201 misfit=5.590850e-01 best=5.590703e-01
[NA] iter=00027 eval=06202 misfit=5.594608e-01 best=5.590703e-01
[NA] iter=00027 eval=06203 misfit=5.590867e-01 best=5.590703e-01
[NA] iter=00027 eval=06204 misfit=5.594622e-01 best=5.590703e-01
[NA] iter=00027 eval=06205 misfit=5.590751e-01 best=5.590703e-01
[NA] iter=00027 eval=06206 misfit=5.590797e-01 best=5.590703e-01
[NA] iter=00027 eval=06207 misfit=5.590745e-01 best=5.590703e-01
[NA] iter=00027 eval=06208 misfit=5.590772e-01 best=5.590703e-01
[NA] iter=00027 eval=06209 misfit=5.594671e-01 best=5.590703e-01
[NA] iter=00027 eval=06210 misfit=5.594753e-01 best=5.590703e-01
[NA] iter=00027 eval=06211 misfit=5.590807e-01 best=5.590703e-01
[NA] iter=00027 eval=06212 misfit=5.591016e-01 best=5.590703e-01
[NA] iter=00027 eval=06213 misfit=5.590725e-01 best=5.590703e-01
[NA] iter=00027 eval=06214 misfit=5.590987e-01 best=5.590703e-01
[NA] iter=00027 eval=06215 misfit=5.590793e-01 best=5.590703e-01
[NA] iter=00027 eval=06216 misfit=5.590828e-01 best=5.590703e-01
[NA] iter=00027 eval=06217 misfit=5.590962e-01 best=5.590703e-01
[NA] iter=00027 eval=06218 misfit=5.594622e-01 best=5.590703e-01
[NA] iter=00027 eval=06219 misfit=5.590904e-01 best=5.590703e-01
[NA] iter=00027 eval=06220 misfit=5.590807e-01 best=5.590703e-01
[NA] iter=00027 eval=06221 misfit=5.590764e-01 best=5.590703e-01
[NA] iter=00027 eval=06222 misfit=5.594518e-01 best=5.590703e-01
[NA] iter=00027 eval=06223 misfit=5.594529e-01 best=5.590703e-01
[NA] iter=00027 eval=06224 misfit=5.594533e-01 best=5.590703e-01
[NA] iter=00027 eval=06225 misfit=5.590656e-01 best=5.590656e-01
[NA] iter=00027 eval=06226 misfit=5.590910e-01 best=5.590656e-01
[NA] iter=00027 eval=06227 misfit=5.590706e-01 best=5.590656e-01
[NA] iter=00027 eval=06228 misfit=5.590779e-01 best=5.590656e-01
[NA] iter=00027 eval=06229 misfit=5.590870e-01 best=5.590656e-01
[NA] iter=00027 eval=06230 misfit=5.590725e-01 best=5.590656e-01
[NA] iter=00027 eval=06231 misfit=5.590930e-01 best=5.590656e-01
[NA] iter=00027 eval=06232 misfit=5.590820e-01 best=5.590656e-01
[NA] iter=00027 eval=06233 misfit=5.590891e-01 best=5.590656e-01
[NA] iter=00027 eval=06234 misfit=5.594585e-01 best=5.590656e-01
[NA] iter=00027 eval=06235 misfit=5.590795e-01 best=5.590656e-01
[NA] iter=00027 eval=06236 misfit=5.590840e-01 best=5.590656e-01
[NA] iter=00027 eval=06237 misfit=5.590855e-01 best=5.590656e-01
[NA] iter=00027 eval=06238 misfit=5.594675e-01 best=5.590656e-01
[NA] iter=00027 eval=06239 misfit=5.594699e-01 best=5.590656e-01
[NA] iter=00027 eval=06240 misfit=5.594650e-01 best=5.590656e-01
[NA] iter=00027 eval=06241 misfit=5.590889e-01 best=5.590656e-01
[NA] iter=00027 eval=06242 misfit=5.590998e-01 best=5.590656e-01
[NA] iter=00027 eval=06243 misfit=5.590822e-01 best=5.590656e-01
[NA] iter=00027 eval=06244 misfit=5.590660e-01 best=5.590656e-01
[NA] iter=00027 eval=06245 misfit=5.594525e-01 best=5.590656e-01
[NA] iter=00027 eval=06246 misfit=5.590920e-01 best=5.590656e-01
[NA] iter=00027 eval=06247 misfit=5.590989e-01 best=5.590656e-01
[NA] iter=00027 eval=06248 misfit=5.590989e-01 best=5.590656e-01
[NA] iter=00027 eval=06249 misfit=5.590809e-01 best=5.590656e-01
[NA] iter=00027 eval=06250 misfit=5.590904e-01 best=5.590656e-01
[NA] iter=00027 eval=06251 misfit=5.594457e-01 best=5.590656e-01
[NA] iter=00027 eval=06252 misfit=5.590817e-01 best=5.590656e-01
[NA] iter=00027 eval=06253 misfit=5.590817e-01 best=5.590656e-01
[NA] iter=00027 eval=06254 misfit=5.590776e-01 best=5.590656e-01
[NA] iter=00027 eval=06255 misfit=5.590830e-01 best=5.590656e-01
[NA] iter=00027 eval=06256 misfit=5.590852e-01 best=5.590656e-01
[NA] iter=00027 eval=06257 misfit=5.594439e-01 best=5.590656e-01
[NA] iter=00027 eval=06258 misfit=5.594485e-01 best=5.590656e-01
[NA] iter=00027 eval=06259 misfit=5.594492e-01 best=5.590656e-01
[NA] iter=00027 eval=06260 misfit=5.594461e-01 best=5.590656e-01
[NA] iter=00027 eval=06261 misfit=5.590859e-01 best=5.590656e-01
[NA] iter=00027 eval=06262 misfit=5.594592e-01 best=5.590656e-01
[NA] iter=00027 eval=06263 misfit=5.590998e-01 best=5.590656e-01
[NA] iter=00027 eval=06264 misfit=5.590823e-01 best=5.590656e-01
[NA] iter=00027 eval=06265 misfit=5.591129e-01 best=5.590656e-01
[NA] iter=00027 eval=06266 misfit=5.590848e-01 best=5.590656e-01
[NA] iter=00027 eval=06267 misfit=5.594619e-01 best=5.590656e-01
[NA] iter=00027 eval=06268 misfit=5.590830e-01 best=5.590656e-01
[NA] iter=00027 eval=06269 misfit=5.590927e-01 best=5.590656e-01
[NA] iter=00027 eval=06270 misfit=5.590817e-01 best=5.590656e-01
[NA] iter=00027 eval=06271 misfit=5.590778e-01 best=5.590656e-01
[NA] iter=00027 eval=06272 misfit=5.594574e-01 best=5.590656e-01
[NA] iter=00027 eval=06273 misfit=5.594551e-01 best=5.590656e-01
[NA] iter=00027 eval=06274 misfit=5.590754e-01 best=5.590656e-01
[NA] iter=00027 eval=06275 misfit=5.590853e-01 best=5.590656e-01
[NA] iter=00027 eval=06276 misfit=5.594582e-01 best=5.590656e-01
[NA] iter=00027 eval=06277 misfit=5.590869e-01 best=5.590656e-01
[NA] iter=00027 eval=06278 misfit=5.590834e-01 best=5.590656e-01
[NA] iter=00027 eval=06279 misfit=5.590909e-01 best=5.590656e-01
[NA] iter=00027 eval=06280 misfit=5.594528e-01 best=5.590656e-01
[NA] iter=00027 eval=06281 misfit=5.590882e-01 best=5.590656e-01
[NA] iter=00027 eval=06282 misfit=5.590944e-01 best=5.590656e-01
[NA] iter=00027 eval=06283 misfit=5.590920e-01 best=5.590656e-01
[NA] iter=00027 eval=06284 misfit=5.590795e-01 best=5.590656e-01
[NA] iter=00027 eval=06285 misfit=5.590811e-01 best=5.590656e-01
[NA] iter=00027 eval=06286 misfit=5.590892e-01 best=5.590656e-01
[NA] iter=00027 eval=06287 misfit=5.590861e-01 best=5.590656e-01
[NA] iter=00027 eval=06288 misfit=5.594661e-01 best=5.590656e-01
[NA] iter=00027 eval=06289 misfit=5.590813e-01 best=5.590656e-01
[NA] iter=00027 eval=06290 misfit=5.590833e-01 best=5.590656e-01
[NA] iter=00027 eval=06291 misfit=5.591022e-01 best=5.590656e-01
[NA] iter=00027 eval=06292 misfit=5.590830e-01 best=5.590656e-01
[NA] iter=00027 eval=06293 misfit=5.590956e-01 best=5.590656e-01
[NA] iter=00027 eval=06294 misfit=5.590743e-01 best=5.590656e-01
[NA] iter=00027 eval=06295 misfit=5.590803e-01 best=5.590656e-01
[NA] iter=00027 eval=06296 misfit=5.590994e-01 best=5.590656e-01
[NA] iter=00027 eval=06297 misfit=5.590900e-01 best=5.590656e-01
[NA] iter=00027 eval=06298 misfit=5.590982e-01 best=5.590656e-01
[NA] iter=00027 eval=06299 misfit=5.590948e-01 best=5.590656e-01
[NA] iter=00027 eval=06300 misfit=5.590955e-01 best=5.590656e-01
[NA] iter=00027 eval=06301 misfit=5.590904e-01 best=5.590656e-01
[NA] iter=00027 eval=06302 misfit=5.590934e-01 best=5.590656e-01
[NA] iter=00027 eval=06303 misfit=5.590896e-01 best=5.590656e-01
[NA] iter=00027 eval=06304 misfit=5.590853e-01 best=5.590656e-01
[NA] iter=00027 eval=06305 misfit=5.590850e-01 best=5.590656e-01
[NA] iter=00027 eval=06306 misfit=5.594748e-01 best=5.590656e-01
[NA] iter=00027 eval=06307 misfit=5.590854e-01 best=5.590656e-01
[NA] iter=00027 eval=06308 misfit=5.591037e-01 best=5.590656e-01
[NA] iter=00027 eval=06309 misfit=5.590858e-01 best=5.590656e-01
[NA] iter=00027 eval=06310 misfit=5.590865e-01 best=5.590656e-01
[NA] iter=00027 eval=06311 misfit=5.598144e-01 best=5.590656e-01
[NA] iter=00027 eval=06312 misfit=5.594563e-01 best=5.590656e-01
[NA] iter=00027 eval=06313 misfit=5.594513e-01 best=5.590656e-01
[NA] iter=00027 eval=06314 misfit=5.594630e-01 best=5.590656e-01
[NA] iter=00027 eval=06315 misfit=5.594426e-01 best=5.590656e-01
[NA] iter=00027 eval=06316 misfit=5.594610e-01 best=5.590656e-01
[NA] iter=00027 eval=06317 misfit=5.598356e-01 best=5.590656e-01
[NA] iter=00027 eval=06318 misfit=5.590808e-01 best=5.590656e-01
[NA] iter=00027 eval=06319 misfit=5.590773e-01 best=5.590656e-01
[NA] iter=00027 eval=06320 misfit=5.590788e-01 best=5.590656e-01
[NA] iter=00027 eval=06321 misfit=5.590812e-01 best=5.590656e-01
[NA] iter=00027 eval=06322 misfit=5.590809e-01 best=5.590656e-01
[NA] iter=00027 eval=06323 misfit=5.590784e-01 best=5.590656e-01
[NA] iter=00027 eval=06324 misfit=5.594760e-01 best=5.590656e-01
[NA] iter=00027 eval=06325 misfit=5.590953e-01 best=5.590656e-01
[NA] iter=00027 eval=06326 misfit=5.590869e-01 best=5.590656e-01
[NA] iter=00027 eval=06327 misfit=5.594686e-01 best=5.590656e-01
[NA] iter=00027 eval=06328 misfit=5.595850e-01 best=5.590656e-01
[NA] iter=00027 eval=06329 misfit=5.595868e-01 best=5.590656e-01
[NA] iter=00027 eval=06330 misfit=5.594712e-01 best=5.590656e-01
[NA] iter=00027 eval=06331 misfit=5.590903e-01 best=5.590656e-01
[NA] iter=00027 eval=06332 misfit=5.594703e-01 best=5.590656e-01
[NA] iter=00027 eval=06333 misfit=5.594662e-01 best=5.590656e-01
[NA] iter=00027 eval=06334 misfit=5.590889e-01 best=5.590656e-01
[NA] iter=00027 eval=06335 misfit=5.594676e-01 best=5.590656e-01
[NA] iter=00027 eval=06336 misfit=5.594708e-01 best=5.590656e-01
[NA] iter=00027 eval=06337 misfit=5.590888e-01 best=5.590656e-01
[NA] iter=00027 eval=06338 misfit=5.594724e-01 best=5.590656e-01
[NA] iter=00027 eval=06339 misfit=5.590812e-01 best=5.590656e-01
[NA] iter=00027 eval=06340 misfit=5.590933e-01 best=5.590656e-01
[NA] iter=00027 eval=06341 misfit=5.594723e-01 best=5.590656e-01
[NA] iter=00027 eval=06342 misfit=5.594719e-01 best=5.590656e-01
[NA] iter=00027 eval=06343 misfit=5.594676e-01 best=5.590656e-01
[NA] iter=00027 eval=06344 misfit=5.595968e-01 best=5.590656e-01
[NA] iter=00027 eval=06345 misfit=5.594521e-01 best=5.590656e-01
[NA] iter=00027 eval=06346 misfit=5.596074e-01 best=5.590656e-01
[NA] iter=00027 eval=06347 misfit=5.594621e-01 best=5.590656e-01
[NA] iter=00027 eval=06348 misfit=5.594585e-01 best=5.590656e-01
[NA] iter=00027 eval=06349 misfit=5.596062e-01 best=5.590656e-01
[NA] iter=00027 eval=06350 misfit=5.594588e-01 best=5.590656e-01
[NA] iter=00027 eval=06351 misfit=5.594588e-01 best=5.590656e-01
[NA] iter=00027 eval=06352 misfit=5.590838e-01 best=5.590656e-01
[NA] iter=00027 eval=06353 misfit=5.594576e-01 best=5.590656e-01
[NA] iter=00027 eval=06354 misfit=5.598253e-01 best=5.590656e-01
[NA] iter=00027 eval=06355 misfit=5.594619e-01 best=5.590656e-01
[NA] iter=00027 eval=06356 misfit=5.590853e-01 best=5.590656e-01
[NA] iter=00027 eval=06357 misfit=5.590850e-01 best=5.590656e-01
[NA] iter=00027 eval=06358 misfit=5.590803e-01 best=5.590656e-01
[NA] iter=00027 eval=06359 misfit=5.594414e-01 best=5.590656e-01
[NA] iter=00027 eval=06360 misfit=5.594626e-01 best=5.590656e-01
[NA] iter=00027 eval=06361 misfit=5.590902e-01 best=5.590656e-01
[NA] iter=00027 eval=06362 misfit=5.590841e-01 best=5.590656e-01
[NA] iter=00027 eval=06363 misfit=5.590898e-01 best=5.590656e-01
[NA] iter=00027 eval=06364 misfit=5.590792e-01 best=5.590656e-01
[NA] iter=00027 eval=06365 misfit=5.590824e-01 best=5.590656e-01
[NA] iter=00027 eval=06366 misfit=5.590815e-01 best=5.590656e-01
[NA] iter=00027 eval=06367 misfit=5.590831e-01 best=5.590656e-01
[NA] iter=00027 eval=06368 misfit=5.590858e-01 best=5.590656e-01
[NA] iter=00027 eval=06369 misfit=5.590834e-01 best=5.590656e-01
[NA] iter=00027 eval=06370 misfit=5.590930e-01 best=5.590656e-01
[NA] iter=00027 eval=06371 misfit=5.594759e-01 best=5.590656e-01
[NA] iter=00027 eval=06372 misfit=5.590877e-01 best=5.590656e-01
[NA] iter=00027 eval=06373 misfit=5.590958e-01 best=5.590656e-01
[NA] iter=00027 eval=06374 misfit=5.590925e-01 best=5.590656e-01
[NA] iter=00027 eval=06375 misfit=5.590935e-01 best=5.590656e-01
[NA] iter=00027 eval=06376 misfit=5.590903e-01 best=5.590656e-01
[NA] iter=00027 eval=06377 misfit=5.594775e-01 best=5.590656e-01
[NA] iter=00027 eval=06378 misfit=5.590946e-01 best=5.590656e-01
[NA] iter=00027 eval=06379 misfit=5.594769e-01 best=5.590656e-01
[NA] iter=00027 eval=06380 misfit=5.590860e-01 best=5.590656e-01
[NA] iter=00027 eval=06381 misfit=5.590825e-01 best=5.590656e-01
[NA] iter=00027 eval=06382 misfit=5.599274e-01 best=5.590656e-01
[NA] iter=00027 eval=06383 misfit=5.598347e-01 best=5.590656e-01
[NA] iter=00027 eval=06384 misfit=5.590890e-01 best=5.590656e-01
[NA] iter=00027 eval=06385 misfit=5.599159e-01 best=5.590656e-01
[NA] iter=00027 eval=06386 misfit=5.598298e-01 best=5.590656e-01
[NA] iter=00027 eval=06387 misfit=5.590735e-01 best=5.590656e-01
[NA] iter=00027 eval=06388 misfit=5.591007e-01 best=5.590656e-01
[NA] iter=00027 eval=06389 misfit=5.590765e-01 best=5.590656e-01
[NA] iter=00027 eval=06390 misfit=5.596112e-01 best=5.590656e-01
[NA] iter=00027 eval=06391 misfit=5.590858e-01 best=5.590656e-01
[NA] iter=00027 eval=06392 misfit=5.590992e-01 best=5.590656e-01
[NA] iter=00027 eval=06393 misfit=5.590932e-01 best=5.590656e-01
[NA] iter=00027 eval=06394 misfit=5.590987e-01 best=5.590656e-01
[NA] iter=00027 eval=06395 misfit=5.590993e-01 best=5.590656e-01
[NA] iter=00027 eval=06396 misfit=5.590932e-01 best=5.590656e-01
[NA] iter=00027 eval=06397 misfit=5.590900e-01 best=5.590656e-01
[NA] iter=00027 eval=06398 misfit=5.590818e-01 best=5.590656e-01
[NA] iter=00027 eval=06399 misfit=5.590868e-01 best=5.590656e-01
[NA] iter=00027 eval=06400 misfit=5.590903e-01 best=5.590656e-01
NAI - Optimisation Loop:  90%|█████████ | 27/30 [55:24<06:11, 123.84s/it][NA] iter=00028 eval=06401 misfit=5.590730e-01 best=5.590656e-01
[NA] iter=00028 eval=06402 misfit=5.590610e-01 best=5.590610e-01
[NA] iter=00028 eval=06403 misfit=5.594548e-01 best=5.590610e-01
[NA] iter=00028 eval=06404 misfit=5.590644e-01 best=5.590610e-01
[NA] iter=00028 eval=06405 misfit=5.590730e-01 best=5.590610e-01
[NA] iter=00028 eval=06406 misfit=5.590682e-01 best=5.590610e-01
[NA] iter=00028 eval=06407 misfit=5.590666e-01 best=5.590610e-01
[NA] iter=00028 eval=06408 misfit=5.590808e-01 best=5.590610e-01
[NA] iter=00028 eval=06409 misfit=5.590720e-01 best=5.590610e-01
[NA] iter=00028 eval=06410 misfit=5.594480e-01 best=5.590610e-01
[NA] iter=00028 eval=06411 misfit=5.590693e-01 best=5.590610e-01
[NA] iter=00028 eval=06412 misfit=5.590889e-01 best=5.590610e-01
[NA] iter=00028 eval=06413 misfit=5.590855e-01 best=5.590610e-01
[NA] iter=00028 eval=06414 misfit=5.590817e-01 best=5.590610e-01
[NA] iter=00028 eval=06415 misfit=5.590863e-01 best=5.590610e-01
[NA] iter=00028 eval=06416 misfit=5.590975e-01 best=5.590610e-01
[NA] iter=00028 eval=06417 misfit=5.590830e-01 best=5.590610e-01
[NA] iter=00028 eval=06418 misfit=5.590922e-01 best=5.590610e-01
[NA] iter=00028 eval=06419 misfit=5.590921e-01 best=5.590610e-01
[NA] iter=00028 eval=06420 misfit=5.590970e-01 best=5.590610e-01
[NA] iter=00028 eval=06421 misfit=5.590694e-01 best=5.590610e-01
[NA] iter=00028 eval=06422 misfit=5.590764e-01 best=5.590610e-01
[NA] iter=00028 eval=06423 misfit=5.594609e-01 best=5.590610e-01
[NA] iter=00028 eval=06424 misfit=5.594570e-01 best=5.590610e-01
[NA] iter=00028 eval=06425 misfit=5.590669e-01 best=5.590610e-01
[NA] iter=00028 eval=06426 misfit=5.590701e-01 best=5.590610e-01
[NA] iter=00028 eval=06427 misfit=5.594606e-01 best=5.590610e-01
[NA] iter=00028 eval=06428 misfit=5.594612e-01 best=5.590610e-01
[NA] iter=00028 eval=06429 misfit=5.590794e-01 best=5.590610e-01
[NA] iter=00028 eval=06430 misfit=5.590764e-01 best=5.590610e-01
[NA] iter=00028 eval=06431 misfit=5.590643e-01 best=5.590610e-01
[NA] iter=00028 eval=06432 misfit=5.590673e-01 best=5.590610e-01
[NA] iter=00028 eval=06433 misfit=5.590744e-01 best=5.590610e-01
[NA] iter=00028 eval=06434 misfit=5.590700e-01 best=5.590610e-01
[NA] iter=00028 eval=06435 misfit=5.590715e-01 best=5.590610e-01
[NA] iter=00028 eval=06436 misfit=5.590625e-01 best=5.590610e-01
[NA] iter=00028 eval=06437 misfit=5.590601e-01 best=5.590601e-01
[NA] iter=00028 eval=06438 misfit=5.590731e-01 best=5.590601e-01
[NA] iter=00028 eval=06439 misfit=5.590681e-01 best=5.590601e-01
[NA] iter=00028 eval=06440 misfit=5.590736e-01 best=5.590601e-01
[NA] iter=00028 eval=06441 misfit=5.590605e-01 best=5.590601e-01
[NA] iter=00028 eval=06442 misfit=5.590661e-01 best=5.590601e-01
[NA] iter=00028 eval=06443 misfit=5.594449e-01 best=5.590601e-01
[NA] iter=00028 eval=06444 misfit=5.594484e-01 best=5.590601e-01
[NA] iter=00028 eval=06445 misfit=5.590760e-01 best=5.590601e-01
[NA] iter=00028 eval=06446 misfit=5.594528e-01 best=5.590601e-01
[NA] iter=00028 eval=06447 misfit=5.590833e-01 best=5.590601e-01
[NA] iter=00028 eval=06448 misfit=5.594448e-01 best=5.590601e-01
[NA] iter=00028 eval=06449 misfit=5.594447e-01 best=5.590601e-01
[NA] iter=00028 eval=06450 misfit=5.594454e-01 best=5.590601e-01
[NA] iter=00028 eval=06451 misfit=5.594547e-01 best=5.590601e-01
[NA] iter=00028 eval=06452 misfit=5.590678e-01 best=5.590601e-01
[NA] iter=00028 eval=06453 misfit=5.594516e-01 best=5.590601e-01
[NA] iter=00028 eval=06454 misfit=5.594524e-01 best=5.590601e-01
[NA] iter=00028 eval=06455 misfit=5.590688e-01 best=5.590601e-01
[NA] iter=00028 eval=06456 misfit=5.590713e-01 best=5.590601e-01
[NA] iter=00028 eval=06457 misfit=5.594537e-01 best=5.590601e-01
[NA] iter=00028 eval=06458 misfit=5.594579e-01 best=5.590601e-01
[NA] iter=00028 eval=06459 misfit=5.590768e-01 best=5.590601e-01
[NA] iter=00028 eval=06460 misfit=5.594549e-01 best=5.590601e-01
[NA] iter=00028 eval=06461 misfit=5.590773e-01 best=5.590601e-01
[NA] iter=00028 eval=06462 misfit=5.594543e-01 best=5.590601e-01
[NA] iter=00028 eval=06463 misfit=5.594593e-01 best=5.590601e-01
[NA] iter=00028 eval=06464 misfit=5.590716e-01 best=5.590601e-01
[NA] iter=00028 eval=06465 misfit=5.590742e-01 best=5.590601e-01
[NA] iter=00028 eval=06466 misfit=5.594547e-01 best=5.590601e-01
[NA] iter=00028 eval=06467 misfit=5.590819e-01 best=5.590601e-01
[NA] iter=00028 eval=06468 misfit=5.594590e-01 best=5.590601e-01
[NA] iter=00028 eval=06469 misfit=5.594555e-01 best=5.590601e-01
[NA] iter=00028 eval=06470 misfit=5.594553e-01 best=5.590601e-01
[NA] iter=00028 eval=06471 misfit=5.590821e-01 best=5.590601e-01
[NA] iter=00028 eval=06472 misfit=5.590789e-01 best=5.590601e-01
[NA] iter=00028 eval=06473 misfit=5.590755e-01 best=5.590601e-01
[NA] iter=00028 eval=06474 misfit=5.594359e-01 best=5.590601e-01
[NA] iter=00028 eval=06475 misfit=5.590842e-01 best=5.590601e-01
[NA] iter=00028 eval=06476 misfit=5.594392e-01 best=5.590601e-01
[NA] iter=00028 eval=06477 misfit=5.590723e-01 best=5.590601e-01
[NA] iter=00028 eval=06478 misfit=5.590826e-01 best=5.590601e-01
[NA] iter=00028 eval=06479 misfit=5.594456e-01 best=5.590601e-01
[NA] iter=00028 eval=06480 misfit=5.594375e-01 best=5.590601e-01
[NA] iter=00028 eval=06481 misfit=5.590723e-01 best=5.590601e-01
[NA] iter=00028 eval=06482 misfit=5.594602e-01 best=5.590601e-01
[NA] iter=00028 eval=06483 misfit=5.594492e-01 best=5.590601e-01
[NA] iter=00028 eval=06484 misfit=5.590873e-01 best=5.590601e-01
[NA] iter=00028 eval=06485 misfit=5.594723e-01 best=5.590601e-01
[NA] iter=00028 eval=06486 misfit=5.594577e-01 best=5.590601e-01
[NA] iter=00028 eval=06487 misfit=5.590774e-01 best=5.590601e-01
[NA] iter=00028 eval=06488 misfit=5.590836e-01 best=5.590601e-01
[NA] iter=00028 eval=06489 misfit=5.590854e-01 best=5.590601e-01
[NA] iter=00028 eval=06490 misfit=5.590996e-01 best=5.590601e-01
[NA] iter=00028 eval=06491 misfit=5.590779e-01 best=5.590601e-01
[NA] iter=00028 eval=06492 misfit=5.594611e-01 best=5.590601e-01
[NA] iter=00028 eval=06493 misfit=5.594728e-01 best=5.590601e-01
[NA] iter=00028 eval=06494 misfit=5.594624e-01 best=5.590601e-01
[NA] iter=00028 eval=06495 misfit=5.590677e-01 best=5.590601e-01
[NA] iter=00028 eval=06496 misfit=5.590735e-01 best=5.590601e-01
[NA] iter=00028 eval=06497 misfit=5.590743e-01 best=5.590601e-01
[NA] iter=00028 eval=06498 misfit=5.594616e-01 best=5.590601e-01
[NA] iter=00028 eval=06499 misfit=5.594598e-01 best=5.590601e-01
[NA] iter=00028 eval=06500 misfit=5.594654e-01 best=5.590601e-01
[NA] iter=00028 eval=06501 misfit=5.590873e-01 best=5.590601e-01
[NA] iter=00028 eval=06502 misfit=5.590792e-01 best=5.590601e-01
[NA] iter=00028 eval=06503 misfit=5.590880e-01 best=5.590601e-01
[NA] iter=00028 eval=06504 misfit=5.590860e-01 best=5.590601e-01
[NA] iter=00028 eval=06505 misfit=5.590715e-01 best=5.590601e-01
[NA] iter=00028 eval=06506 misfit=5.590807e-01 best=5.590601e-01
[NA] iter=00028 eval=06507 misfit=5.590829e-01 best=5.590601e-01
[NA] iter=00028 eval=06508 misfit=5.590874e-01 best=5.590601e-01
[NA] iter=00028 eval=06509 misfit=5.590824e-01 best=5.590601e-01
[NA] iter=00028 eval=06510 misfit=5.590754e-01 best=5.590601e-01
[NA] iter=00028 eval=06511 misfit=5.591020e-01 best=5.590601e-01
[NA] iter=00028 eval=06512 misfit=5.590811e-01 best=5.590601e-01
[NA] iter=00028 eval=06513 misfit=5.594627e-01 best=5.590601e-01
[NA] iter=00028 eval=06514 misfit=5.594590e-01 best=5.590601e-01
[NA] iter=00028 eval=06515 misfit=5.590849e-01 best=5.590601e-01
[NA] iter=00028 eval=06516 misfit=5.591029e-01 best=5.590601e-01
[NA] iter=00028 eval=06517 misfit=5.590844e-01 best=5.590601e-01
[NA] iter=00028 eval=06518 misfit=5.590797e-01 best=5.590601e-01
[NA] iter=00028 eval=06519 misfit=5.590866e-01 best=5.590601e-01
[NA] iter=00028 eval=06520 misfit=5.590763e-01 best=5.590601e-01
[NA] iter=00028 eval=06521 misfit=5.590794e-01 best=5.590601e-01
[NA] iter=00028 eval=06522 misfit=5.590872e-01 best=5.590601e-01
[NA] iter=00028 eval=06523 misfit=5.590765e-01 best=5.590601e-01
[NA] iter=00028 eval=06524 misfit=5.590857e-01 best=5.590601e-01
[NA] iter=00028 eval=06525 misfit=5.590862e-01 best=5.590601e-01
[NA] iter=00028 eval=06526 misfit=5.590832e-01 best=5.590601e-01
[NA] iter=00028 eval=06527 misfit=5.590749e-01 best=5.590601e-01
[NA] iter=00028 eval=06528 misfit=5.590790e-01 best=5.590601e-01
[NA] iter=00028 eval=06529 misfit=5.590937e-01 best=5.590601e-01
[NA] iter=00028 eval=06530 misfit=5.590884e-01 best=5.590601e-01
[NA] iter=00028 eval=06531 misfit=5.590748e-01 best=5.590601e-01
[NA] iter=00028 eval=06532 misfit=5.594374e-01 best=5.590601e-01
[NA] iter=00028 eval=06533 misfit=5.594457e-01 best=5.590601e-01
[NA] iter=00028 eval=06534 misfit=5.594597e-01 best=5.590601e-01
[NA] iter=00028 eval=06535 misfit=5.590812e-01 best=5.590601e-01
[NA] iter=00028 eval=06536 misfit=5.594551e-01 best=5.590601e-01
[NA] iter=00028 eval=06537 misfit=5.594598e-01 best=5.590601e-01
[NA] iter=00028 eval=06538 misfit=5.594597e-01 best=5.590601e-01
[NA] iter=00028 eval=06539 misfit=5.594399e-01 best=5.590601e-01
[NA] iter=00028 eval=06540 misfit=5.594473e-01 best=5.590601e-01
[NA] iter=00028 eval=06541 misfit=5.590854e-01 best=5.590601e-01
[NA] iter=00028 eval=06542 misfit=5.590836e-01 best=5.590601e-01
[NA] iter=00028 eval=06543 misfit=5.590785e-01 best=5.590601e-01
[NA] iter=00028 eval=06544 misfit=5.590775e-01 best=5.590601e-01
[NA] iter=00028 eval=06545 misfit=5.594561e-01 best=5.590601e-01
[NA] iter=00028 eval=06546 misfit=5.590880e-01 best=5.590601e-01
[NA] iter=00028 eval=06547 misfit=5.590980e-01 best=5.590601e-01
[NA] iter=00028 eval=06548 misfit=5.594505e-01 best=5.590601e-01
[NA] iter=00028 eval=06549 misfit=5.590950e-01 best=5.590601e-01
[NA] iter=00028 eval=06550 misfit=5.590800e-01 best=5.590601e-01
[NA] iter=00028 eval=06551 misfit=5.594428e-01 best=5.590601e-01
[NA] iter=00028 eval=06552 misfit=5.594436e-01 best=5.590601e-01
[NA] iter=00028 eval=06553 misfit=5.590859e-01 best=5.590601e-01
[NA] iter=00028 eval=06554 misfit=5.594395e-01 best=5.590601e-01
[NA] iter=00028 eval=06555 misfit=5.594380e-01 best=5.590601e-01
[NA] iter=00028 eval=06556 misfit=5.594438e-01 best=5.590601e-01
[NA] iter=00028 eval=06557 misfit=5.594490e-01 best=5.590601e-01
[NA] iter=00028 eval=06558 misfit=5.594422e-01 best=5.590601e-01
[NA] iter=00028 eval=06559 misfit=5.594406e-01 best=5.590601e-01
[NA] iter=00028 eval=06560 misfit=5.594405e-01 best=5.590601e-01
[NA] iter=00028 eval=06561 misfit=5.590835e-01 best=5.590601e-01
[NA] iter=00028 eval=06562 misfit=5.590849e-01 best=5.590601e-01
[NA] iter=00028 eval=06563 misfit=5.590692e-01 best=5.590601e-01
[NA] iter=00028 eval=06564 misfit=5.590734e-01 best=5.590601e-01
[NA] iter=00028 eval=06565 misfit=5.590980e-01 best=5.590601e-01
[NA] iter=00028 eval=06566 misfit=5.590901e-01 best=5.590601e-01
[NA] iter=00028 eval=06567 misfit=5.590835e-01 best=5.590601e-01
[NA] iter=00028 eval=06568 misfit=5.590995e-01 best=5.590601e-01
[NA] iter=00028 eval=06569 misfit=5.594742e-01 best=5.590601e-01
[NA] iter=00028 eval=06570 misfit=5.590701e-01 best=5.590601e-01
[NA] iter=00028 eval=06571 misfit=5.590944e-01 best=5.590601e-01
[NA] iter=00028 eval=06572 misfit=5.590808e-01 best=5.590601e-01
[NA] iter=00028 eval=06573 misfit=5.590888e-01 best=5.590601e-01
[NA] iter=00028 eval=06574 misfit=5.590740e-01 best=5.590601e-01
[NA] iter=00028 eval=06575 misfit=5.590859e-01 best=5.590601e-01
[NA] iter=00028 eval=06576 misfit=5.590944e-01 best=5.590601e-01
[NA] iter=00028 eval=06577 misfit=5.590884e-01 best=5.590601e-01
[NA] iter=00028 eval=06578 misfit=5.590879e-01 best=5.590601e-01
[NA] iter=00028 eval=06579 misfit=5.590765e-01 best=5.590601e-01
[NA] iter=00028 eval=06580 misfit=5.590887e-01 best=5.590601e-01
[NA] iter=00028 eval=06581 misfit=5.594483e-01 best=5.590601e-01
[NA] iter=00028 eval=06582 misfit=5.590779e-01 best=5.590601e-01
[NA] iter=00028 eval=06583 misfit=5.594474e-01 best=5.590601e-01
[NA] iter=00028 eval=06584 misfit=5.594437e-01 best=5.590601e-01
[NA] iter=00028 eval=06585 misfit=5.590787e-01 best=5.590601e-01
[NA] iter=00028 eval=06586 misfit=5.590871e-01 best=5.590601e-01
[NA] iter=00028 eval=06587 misfit=5.590755e-01 best=5.590601e-01
[NA] iter=00028 eval=06588 misfit=5.590785e-01 best=5.590601e-01
[NA] iter=00028 eval=06589 misfit=5.594454e-01 best=5.590601e-01
[NA] iter=00028 eval=06590 misfit=5.594460e-01 best=5.590601e-01
[NA] iter=00028 eval=06591 misfit=5.590807e-01 best=5.590601e-01
[NA] iter=00028 eval=06592 misfit=5.590799e-01 best=5.590601e-01
[NA] iter=00028 eval=06593 misfit=5.590875e-01 best=5.590601e-01
[NA] iter=00028 eval=06594 misfit=5.590901e-01 best=5.590601e-01
[NA] iter=00028 eval=06595 misfit=5.590888e-01 best=5.590601e-01
[NA] iter=00028 eval=06596 misfit=5.590778e-01 best=5.590601e-01
[NA] iter=00028 eval=06597 misfit=5.590848e-01 best=5.590601e-01
[NA] iter=00028 eval=06598 misfit=5.594518e-01 best=5.590601e-01
[NA] iter=00028 eval=06599 misfit=5.590854e-01 best=5.590601e-01
[NA] iter=00028 eval=06600 misfit=5.590894e-01 best=5.590601e-01
NAI - Optimisation Loop:  93%|█████████▎| 28/30 [57:29<04:08, 124.21s/it][NA] iter=00029 eval=06601 misfit=5.594621e-01 best=5.590601e-01
[NA] iter=00029 eval=06602 misfit=5.594631e-01 best=5.590601e-01
[NA] iter=00029 eval=06603 misfit=5.590824e-01 best=5.590601e-01
[NA] iter=00029 eval=06604 misfit=5.590682e-01 best=5.590601e-01
[NA] iter=00029 eval=06605 misfit=5.590651e-01 best=5.590601e-01
[NA] iter=00029 eval=06606 misfit=5.590756e-01 best=5.590601e-01
[NA] iter=00029 eval=06607 misfit=5.590700e-01 best=5.590601e-01
[NA] iter=00029 eval=06608 misfit=5.590694e-01 best=5.590601e-01
[NA] iter=00029 eval=06609 misfit=5.594452e-01 best=5.590601e-01
[NA] iter=00029 eval=06610 misfit=5.590738e-01 best=5.590601e-01
[NA] iter=00029 eval=06611 misfit=5.594452e-01 best=5.590601e-01
[NA] iter=00029 eval=06612 misfit=5.594440e-01 best=5.590601e-01
[NA] iter=00029 eval=06613 misfit=5.594459e-01 best=5.590601e-01
[NA] iter=00029 eval=06614 misfit=5.590622e-01 best=5.590601e-01
[NA] iter=00029 eval=06615 misfit=5.594443e-01 best=5.590601e-01
[NA] iter=00029 eval=06616 misfit=5.594492e-01 best=5.590601e-01
[NA] iter=00029 eval=06617 misfit=5.594426e-01 best=5.590601e-01
[NA] iter=00029 eval=06618 misfit=5.594455e-01 best=5.590601e-01
[NA] iter=00029 eval=06619 misfit=5.590609e-01 best=5.590601e-01
[NA] iter=00029 eval=06620 misfit=5.590593e-01 best=5.590593e-01
[NA] iter=00029 eval=06621 misfit=5.590636e-01 best=5.590593e-01
[NA] iter=00029 eval=06622 misfit=5.594539e-01 best=5.590593e-01
[NA] iter=00029 eval=06623 misfit=5.590737e-01 best=5.590593e-01
[NA] iter=00029 eval=06624 misfit=5.590728e-01 best=5.590593e-01
[NA] iter=00029 eval=06625 misfit=5.590772e-01 best=5.590593e-01
[NA] iter=00029 eval=06626 misfit=5.590718e-01 best=5.590593e-01
[NA] iter=00029 eval=06627 misfit=5.590708e-01 best=5.590593e-01
[NA] iter=00029 eval=06628 misfit=5.594583e-01 best=5.590593e-01
[NA] iter=00029 eval=06629 misfit=5.590738e-01 best=5.590593e-01
[NA] iter=00029 eval=06630 misfit=5.590772e-01 best=5.590593e-01
[NA] iter=00029 eval=06631 misfit=5.590620e-01 best=5.590593e-01
[NA] iter=00029 eval=06632 misfit=5.590694e-01 best=5.590593e-01
[NA] iter=00029 eval=06633 misfit=5.590730e-01 best=5.590593e-01
[NA] iter=00029 eval=06634 misfit=5.590761e-01 best=5.590593e-01
[NA] iter=00029 eval=06635 misfit=5.590714e-01 best=5.590593e-01
[NA] iter=00029 eval=06636 misfit=5.590744e-01 best=5.590593e-01
[NA] iter=00029 eval=06637 misfit=5.590720e-01 best=5.590593e-01
[NA] iter=00029 eval=06638 misfit=5.590711e-01 best=5.590593e-01
[NA] iter=00029 eval=06639 misfit=5.590654e-01 best=5.590593e-01
[NA] iter=00029 eval=06640 misfit=5.590731e-01 best=5.590593e-01
[NA] iter=00029 eval=06641 misfit=5.594586e-01 best=5.590593e-01
[NA] iter=00029 eval=06642 misfit=5.590748e-01 best=5.590593e-01
[NA] iter=00029 eval=06643 misfit=5.590754e-01 best=5.590593e-01
[NA] iter=00029 eval=06644 misfit=5.590787e-01 best=5.590593e-01
[NA] iter=00029 eval=06645 misfit=5.590833e-01 best=5.590593e-01
[NA] iter=00029 eval=06646 misfit=5.590781e-01 best=5.590593e-01
[NA] iter=00029 eval=06647 misfit=5.590785e-01 best=5.590593e-01
[NA] iter=00029 eval=06648 misfit=5.590645e-01 best=5.590593e-01
[NA] iter=00029 eval=06649 misfit=5.590836e-01 best=5.590593e-01
[NA] iter=00029 eval=06650 misfit=5.590840e-01 best=5.590593e-01
[NA] iter=00029 eval=06651 misfit=5.590679e-01 best=5.590593e-01
[NA] iter=00029 eval=06652 misfit=5.590696e-01 best=5.590593e-01
[NA] iter=00029 eval=06653 misfit=5.590687e-01 best=5.590593e-01
[NA] iter=00029 eval=06654 misfit=5.590710e-01 best=5.590593e-01
[NA] iter=00029 eval=06655 misfit=5.590646e-01 best=5.590593e-01
[NA] iter=00029 eval=06656 misfit=5.590656e-01 best=5.590593e-01
[NA] iter=00029 eval=06657 misfit=5.590687e-01 best=5.590593e-01
[NA] iter=00029 eval=06658 misfit=5.590722e-01 best=5.590593e-01
[NA] iter=00029 eval=06659 misfit=5.590646e-01 best=5.590593e-01
[NA] iter=00029 eval=06660 misfit=5.590593e-01 best=5.590593e-01
[NA] iter=00029 eval=06661 misfit=5.590707e-01 best=5.590593e-01
[NA] iter=00029 eval=06662 misfit=5.590682e-01 best=5.590593e-01
[NA] iter=00029 eval=06663 misfit=5.590727e-01 best=5.590593e-01
[NA] iter=00029 eval=06664 misfit=5.590667e-01 best=5.590593e-01
[NA] iter=00029 eval=06665 misfit=5.590742e-01 best=5.590593e-01
[NA] iter=00029 eval=06666 misfit=5.590625e-01 best=5.590593e-01
[NA] iter=00029 eval=06667 misfit=5.590664e-01 best=5.590593e-01
[NA] iter=00029 eval=06668 misfit=5.590672e-01 best=5.590593e-01
[NA] iter=00029 eval=06669 misfit=5.590741e-01 best=5.590593e-01
[NA] iter=00029 eval=06670 misfit=5.590687e-01 best=5.590593e-01
[NA] iter=00029 eval=06671 misfit=5.590789e-01 best=5.590593e-01
[NA] iter=00029 eval=06672 misfit=5.590765e-01 best=5.590593e-01
[NA] iter=00029 eval=06673 misfit=5.590758e-01 best=5.590593e-01
[NA] iter=00029 eval=06674 misfit=5.590786e-01 best=5.590593e-01
[NA] iter=00029 eval=06675 misfit=5.590786e-01 best=5.590593e-01
[NA] iter=00029 eval=06676 misfit=5.590876e-01 best=5.590593e-01
[NA] iter=00029 eval=06677 misfit=5.590767e-01 best=5.590593e-01
[NA] iter=00029 eval=06678 misfit=5.590801e-01 best=5.590593e-01
[NA] iter=00029 eval=06679 misfit=5.590747e-01 best=5.590593e-01
[NA] iter=00029 eval=06680 misfit=5.590749e-01 best=5.590593e-01
[NA] iter=00029 eval=06681 misfit=5.590726e-01 best=5.590593e-01
[NA] iter=00029 eval=06682 misfit=5.590672e-01 best=5.590593e-01
[NA] iter=00029 eval=06683 misfit=5.594435e-01 best=5.590593e-01
[NA] iter=00029 eval=06684 misfit=5.590909e-01 best=5.590593e-01
[NA] iter=00029 eval=06685 misfit=5.590697e-01 best=5.590593e-01
[NA] iter=00029 eval=06686 misfit=5.590924e-01 best=5.590593e-01
[NA] iter=00029 eval=06687 misfit=5.590849e-01 best=5.590593e-01
[NA] iter=00029 eval=06688 misfit=5.594466e-01 best=5.590593e-01
[NA] iter=00029 eval=06689 misfit=5.590685e-01 best=5.590593e-01
[NA] iter=00029 eval=06690 misfit=5.590706e-01 best=5.590593e-01
[NA] iter=00029 eval=06691 misfit=5.590720e-01 best=5.590593e-01
[NA] iter=00029 eval=06692 misfit=5.590787e-01 best=5.590593e-01
[NA] iter=00029 eval=06693 misfit=5.590668e-01 best=5.590593e-01
[NA] iter=00029 eval=06694 misfit=5.590793e-01 best=5.590593e-01
[NA] iter=00029 eval=06695 misfit=5.590784e-01 best=5.590593e-01
[NA] iter=00029 eval=06696 misfit=5.594587e-01 best=5.590593e-01
[NA] iter=00029 eval=06697 misfit=5.590746e-01 best=5.590593e-01
[NA] iter=00029 eval=06698 misfit=5.590769e-01 best=5.590593e-01
[NA] iter=00029 eval=06699 misfit=5.590705e-01 best=5.590593e-01
[NA] iter=00029 eval=06700 misfit=5.594605e-01 best=5.590593e-01
[NA] iter=00029 eval=06701 misfit=5.590738e-01 best=5.590593e-01
[NA] iter=00029 eval=06702 misfit=5.590745e-01 best=5.590593e-01
[NA] iter=00029 eval=06703 misfit=5.590768e-01 best=5.590593e-01
[NA] iter=00029 eval=06704 misfit=5.590789e-01 best=5.590593e-01
[NA] iter=00029 eval=06705 misfit=5.590772e-01 best=5.590593e-01
[NA] iter=00029 eval=06706 misfit=5.590789e-01 best=5.590593e-01
[NA] iter=00029 eval=06707 misfit=5.590713e-01 best=5.590593e-01
[NA] iter=00029 eval=06708 misfit=5.590652e-01 best=5.590593e-01
[NA] iter=00029 eval=06709 misfit=5.590738e-01 best=5.590593e-01
[NA] iter=00029 eval=06710 misfit=5.590745e-01 best=5.590593e-01
[NA] iter=00029 eval=06711 misfit=5.590715e-01 best=5.590593e-01
[NA] iter=00029 eval=06712 misfit=5.594540e-01 best=5.590593e-01
[NA] iter=00029 eval=06713 misfit=5.590578e-01 best=5.590578e-01
[NA] iter=00029 eval=06714 misfit=5.590595e-01 best=5.590578e-01
[NA] iter=00029 eval=06715 misfit=5.590613e-01 best=5.590578e-01
[NA] iter=00029 eval=06716 misfit=5.590661e-01 best=5.590578e-01
[NA] iter=00029 eval=06717 misfit=5.594503e-01 best=5.590578e-01
[NA] iter=00029 eval=06718 misfit=5.590684e-01 best=5.590578e-01
[NA] iter=00029 eval=06719 misfit=5.590626e-01 best=5.590578e-01
[NA] iter=00029 eval=06720 misfit=5.590706e-01 best=5.590578e-01
[NA] iter=00029 eval=06721 misfit=5.590769e-01 best=5.590578e-01
[NA] iter=00029 eval=06722 misfit=5.590749e-01 best=5.590578e-01
[NA] iter=00029 eval=06723 misfit=5.590677e-01 best=5.590578e-01
[NA] iter=00029 eval=06724 misfit=5.590901e-01 best=5.590578e-01
[NA] iter=00029 eval=06725 misfit=5.590772e-01 best=5.590578e-01
[NA] iter=00029 eval=06726 misfit=5.590851e-01 best=5.590578e-01
[NA] iter=00029 eval=06727 misfit=5.590812e-01 best=5.590578e-01
[NA] iter=00029 eval=06728 misfit=5.590827e-01 best=5.590578e-01
[NA] iter=00029 eval=06729 misfit=5.594781e-01 best=5.590578e-01
[NA] iter=00029 eval=06730 misfit=5.594870e-01 best=5.590578e-01
[NA] iter=00029 eval=06731 misfit=5.590761e-01 best=5.590578e-01
[NA] iter=00029 eval=06732 misfit=5.590795e-01 best=5.590578e-01
[NA] iter=00029 eval=06733 misfit=5.594605e-01 best=5.590578e-01
[NA] iter=00029 eval=06734 misfit=5.590742e-01 best=5.590578e-01
[NA] iter=00029 eval=06735 misfit=5.590750e-01 best=5.590578e-01
[NA] iter=00029 eval=06736 misfit=5.590880e-01 best=5.590578e-01
[NA] iter=00029 eval=06737 misfit=5.590767e-01 best=5.590578e-01
[NA] iter=00029 eval=06738 misfit=5.590808e-01 best=5.590578e-01
[NA] iter=00029 eval=06739 misfit=5.590811e-01 best=5.590578e-01
[NA] iter=00029 eval=06740 misfit=5.590880e-01 best=5.590578e-01
[NA] iter=00029 eval=06741 misfit=5.590756e-01 best=5.590578e-01
[NA] iter=00029 eval=06742 misfit=5.590667e-01 best=5.590578e-01
[NA] iter=00029 eval=06743 misfit=5.590737e-01 best=5.590578e-01
[NA] iter=00029 eval=06744 misfit=5.590665e-01 best=5.590578e-01
[NA] iter=00029 eval=06745 misfit=5.594469e-01 best=5.590578e-01
[NA] iter=00029 eval=06746 misfit=5.590718e-01 best=5.590578e-01
[NA] iter=00029 eval=06747 misfit=5.590720e-01 best=5.590578e-01
[NA] iter=00029 eval=06748 misfit=5.590739e-01 best=5.590578e-01
[NA] iter=00029 eval=06749 misfit=5.590755e-01 best=5.590578e-01
[NA] iter=00029 eval=06750 misfit=5.590712e-01 best=5.590578e-01
[NA] iter=00029 eval=06751 misfit=5.594516e-01 best=5.590578e-01
[NA] iter=00029 eval=06752 misfit=5.594523e-01 best=5.590578e-01
[NA] iter=00029 eval=06753 misfit=5.594544e-01 best=5.590578e-01
[NA] iter=00029 eval=06754 misfit=5.594469e-01 best=5.590578e-01
[NA] iter=00029 eval=06755 misfit=5.594596e-01 best=5.590578e-01
[NA] iter=00029 eval=06756 misfit=5.594465e-01 best=5.590578e-01
[NA] iter=00029 eval=06757 misfit=5.594532e-01 best=5.590578e-01
[NA] iter=00029 eval=06758 misfit=5.594569e-01 best=5.590578e-01
[NA] iter=00029 eval=06759 misfit=5.590649e-01 best=5.590578e-01
[NA] iter=00029 eval=06760 misfit=5.590677e-01 best=5.590578e-01
[NA] iter=00029 eval=06761 misfit=5.590695e-01 best=5.590578e-01
[NA] iter=00029 eval=06762 misfit=5.594551e-01 best=5.590578e-01
[NA] iter=00029 eval=06763 misfit=5.594597e-01 best=5.590578e-01
[NA] iter=00029 eval=06764 misfit=5.594583e-01 best=5.590578e-01
[NA] iter=00029 eval=06765 misfit=5.590674e-01 best=5.590578e-01
[NA] iter=00029 eval=06766 misfit=5.594530e-01 best=5.590578e-01
[NA] iter=00029 eval=06767 misfit=5.590703e-01 best=5.590578e-01
[NA] iter=00029 eval=06768 misfit=5.594565e-01 best=5.590578e-01
[NA] iter=00029 eval=06769 misfit=5.594586e-01 best=5.590578e-01
[NA] iter=00029 eval=06770 misfit=5.590648e-01 best=5.590578e-01
[NA] iter=00029 eval=06771 misfit=5.594594e-01 best=5.590578e-01
[NA] iter=00029 eval=06772 misfit=5.594678e-01 best=5.590578e-01
[NA] iter=00029 eval=06773 misfit=5.590673e-01 best=5.590578e-01
[NA] iter=00029 eval=06774 misfit=5.594609e-01 best=5.590578e-01
[NA] iter=00029 eval=06775 misfit=5.590723e-01 best=5.590578e-01
[NA] iter=00029 eval=06776 misfit=5.594567e-01 best=5.590578e-01
[NA] iter=00029 eval=06777 misfit=5.594554e-01 best=5.590578e-01
[NA] iter=00029 eval=06778 misfit=5.590823e-01 best=5.590578e-01
[NA] iter=00029 eval=06779 misfit=5.590725e-01 best=5.590578e-01
[NA] iter=00029 eval=06780 misfit=5.594624e-01 best=5.590578e-01
[NA] iter=00029 eval=06781 misfit=5.590616e-01 best=5.590578e-01
[NA] iter=00029 eval=06782 misfit=5.590660e-01 best=5.590578e-01
[NA] iter=00029 eval=06783 misfit=5.594682e-01 best=5.590578e-01
[NA] iter=00029 eval=06784 misfit=5.590664e-01 best=5.590578e-01
[NA] iter=00029 eval=06785 misfit=5.590774e-01 best=5.590578e-01
[NA] iter=00029 eval=06786 misfit=5.590780e-01 best=5.590578e-01
[NA] iter=00029 eval=06787 misfit=5.594593e-01 best=5.590578e-01
[NA] iter=00029 eval=06788 misfit=5.590655e-01 best=5.590578e-01
[NA] iter=00029 eval=06789 misfit=5.590633e-01 best=5.590578e-01
[NA] iter=00029 eval=06790 misfit=5.594647e-01 best=5.590578e-01
[NA] iter=00029 eval=06791 misfit=5.590676e-01 best=5.590578e-01
[NA] iter=00029 eval=06792 misfit=5.590810e-01 best=5.590578e-01
[NA] iter=00029 eval=06793 misfit=5.590829e-01 best=5.590578e-01
[NA] iter=00029 eval=06794 misfit=5.590780e-01 best=5.590578e-01
[NA] iter=00029 eval=06795 misfit=5.590719e-01 best=5.590578e-01
[NA] iter=00029 eval=06796 misfit=5.590689e-01 best=5.590578e-01
[NA] iter=00029 eval=06797 misfit=5.590680e-01 best=5.590578e-01
[NA] iter=00029 eval=06798 misfit=5.590686e-01 best=5.590578e-01
[NA] iter=00029 eval=06799 misfit=5.590799e-01 best=5.590578e-01
[NA] iter=00029 eval=06800 misfit=5.590707e-01 best=5.590578e-01
NAI - Optimisation Loop:  97%|█████████▋| 29/30 [59:32<02:04, 124.01s/it][NA] iter=00030 eval=06801 misfit=5.590683e-01 best=5.590578e-01
[NA] iter=00030 eval=06802 misfit=5.590547e-01 best=5.590547e-01
[NA] iter=00030 eval=06803 misfit=5.590718e-01 best=5.590547e-01
[NA] iter=00030 eval=06804 misfit=5.590642e-01 best=5.590547e-01
[NA] iter=00030 eval=06805 misfit=5.590599e-01 best=5.590547e-01
[NA] iter=00030 eval=06806 misfit=5.590698e-01 best=5.590547e-01
[NA] iter=00030 eval=06807 misfit=5.590643e-01 best=5.590547e-01
[NA] iter=00030 eval=06808 misfit=5.590572e-01 best=5.590547e-01
[NA] iter=00030 eval=06809 misfit=5.590631e-01 best=5.590547e-01
[NA] iter=00030 eval=06810 misfit=5.590600e-01 best=5.590547e-01
[NA] iter=00030 eval=06811 misfit=5.594461e-01 best=5.590547e-01
[NA] iter=00030 eval=06812 misfit=5.594522e-01 best=5.590547e-01
[NA] iter=00030 eval=06813 misfit=5.594555e-01 best=5.590547e-01
[NA] iter=00030 eval=06814 misfit=5.594567e-01 best=5.590547e-01
[NA] iter=00030 eval=06815 misfit=5.594501e-01 best=5.590547e-01
[NA] iter=00030 eval=06816 misfit=5.594544e-01 best=5.590547e-01
[NA] iter=00030 eval=06817 misfit=5.594530e-01 best=5.590547e-01
[NA] iter=00030 eval=06818 misfit=5.594485e-01 best=5.590547e-01
[NA] iter=00030 eval=06819 misfit=5.590696e-01 best=5.590547e-01
[NA] iter=00030 eval=06820 misfit=5.590616e-01 best=5.590547e-01
[NA] iter=00030 eval=06821 misfit=5.590594e-01 best=5.590547e-01
[NA] iter=00030 eval=06822 misfit=5.594449e-01 best=5.590547e-01
[NA] iter=00030 eval=06823 misfit=5.590614e-01 best=5.590547e-01
[NA] iter=00030 eval=06824 misfit=5.594437e-01 best=5.590547e-01
[NA] iter=00030 eval=06825 misfit=5.590687e-01 best=5.590547e-01
[NA] iter=00030 eval=06826 misfit=5.594459e-01 best=5.590547e-01
[NA] iter=00030 eval=06827 misfit=5.590623e-01 best=5.590547e-01
[NA] iter=00030 eval=06828 misfit=5.590666e-01 best=5.590547e-01
[NA] iter=00030 eval=06829 misfit=5.590705e-01 best=5.590547e-01
[NA] iter=00030 eval=06830 misfit=5.590654e-01 best=5.590547e-01
[NA] iter=00030 eval=06831 misfit=5.590650e-01 best=5.590547e-01
[NA] iter=00030 eval=06832 misfit=5.590579e-01 best=5.590547e-01
[NA] iter=00030 eval=06833 misfit=5.590600e-01 best=5.590547e-01
[NA] iter=00030 eval=06834 misfit=5.590614e-01 best=5.590547e-01
[NA] iter=00030 eval=06835 misfit=5.594512e-01 best=5.590547e-01
[NA] iter=00030 eval=06836 misfit=5.590613e-01 best=5.590547e-01
[NA] iter=00030 eval=06837 misfit=5.594469e-01 best=5.590547e-01
[NA] iter=00030 eval=06838 misfit=5.590604e-01 best=5.590547e-01
[NA] iter=00030 eval=06839 misfit=5.590651e-01 best=5.590547e-01
[NA] iter=00030 eval=06840 misfit=5.590634e-01 best=5.590547e-01
[NA] iter=00030 eval=06841 misfit=5.590618e-01 best=5.590547e-01
[NA] iter=00030 eval=06842 misfit=5.590767e-01 best=5.590547e-01
[NA] iter=00030 eval=06843 misfit=5.590650e-01 best=5.590547e-01
[NA] iter=00030 eval=06844 misfit=5.590657e-01 best=5.590547e-01
[NA] iter=00030 eval=06845 misfit=5.590731e-01 best=5.590547e-01
[NA] iter=00030 eval=06846 misfit=5.590644e-01 best=5.590547e-01
[NA] iter=00030 eval=06847 misfit=5.590721e-01 best=5.590547e-01
[NA] iter=00030 eval=06848 misfit=5.594490e-01 best=5.590547e-01
[NA] iter=00030 eval=06849 misfit=5.590658e-01 best=5.590547e-01
[NA] iter=00030 eval=06850 misfit=5.590622e-01 best=5.590547e-01
[NA] iter=00030 eval=06851 misfit=5.590648e-01 best=5.590547e-01
[NA] iter=00030 eval=06852 misfit=5.594444e-01 best=5.590547e-01
[NA] iter=00030 eval=06853 misfit=5.590608e-01 best=5.590547e-01
[NA] iter=00030 eval=06854 misfit=5.594438e-01 best=5.590547e-01
[NA] iter=00030 eval=06855 misfit=5.590639e-01 best=5.590547e-01
[NA] iter=00030 eval=06856 misfit=5.594444e-01 best=5.590547e-01
[NA] iter=00030 eval=06857 misfit=5.590579e-01 best=5.590547e-01
[NA] iter=00030 eval=06858 misfit=5.590651e-01 best=5.590547e-01
[NA] iter=00030 eval=06859 misfit=5.590583e-01 best=5.590547e-01
[NA] iter=00030 eval=06860 misfit=5.590637e-01 best=5.590547e-01
[NA] iter=00030 eval=06861 misfit=5.590656e-01 best=5.590547e-01
[NA] iter=00030 eval=06862 misfit=5.590703e-01 best=5.590547e-01
[NA] iter=00030 eval=06863 misfit=5.590645e-01 best=5.590547e-01
[NA] iter=00030 eval=06864 misfit=5.590722e-01 best=5.590547e-01
[NA] iter=00030 eval=06865 misfit=5.590655e-01 best=5.590547e-01
[NA] iter=00030 eval=06866 misfit=5.590730e-01 best=5.590547e-01
[NA] iter=00030 eval=06867 misfit=5.590648e-01 best=5.590547e-01
[NA] iter=00030 eval=06868 misfit=5.590771e-01 best=5.590547e-01
[NA] iter=00030 eval=06869 misfit=5.590706e-01 best=5.590547e-01
[NA] iter=00030 eval=06870 misfit=5.590709e-01 best=5.590547e-01
[NA] iter=00030 eval=06871 misfit=5.590634e-01 best=5.590547e-01
[NA] iter=00030 eval=06872 misfit=5.590628e-01 best=5.590547e-01
[NA] iter=00030 eval=06873 misfit=5.590695e-01 best=5.590547e-01
[NA] iter=00030 eval=06874 misfit=5.590651e-01 best=5.590547e-01
[NA] iter=00030 eval=06875 misfit=5.590692e-01 best=5.590547e-01
[NA] iter=00030 eval=06876 misfit=5.590723e-01 best=5.590547e-01
[NA] iter=00030 eval=06877 misfit=5.590733e-01 best=5.590547e-01
[NA] iter=00030 eval=06878 misfit=5.590658e-01 best=5.590547e-01
[NA] iter=00030 eval=06879 misfit=5.590725e-01 best=5.590547e-01
[NA] iter=00030 eval=06880 misfit=5.590697e-01 best=5.590547e-01
[NA] iter=00030 eval=06881 misfit=5.590702e-01 best=5.590547e-01
[NA] iter=00030 eval=06882 misfit=5.590618e-01 best=5.590547e-01
[NA] iter=00030 eval=06883 misfit=5.590683e-01 best=5.590547e-01
[NA] iter=00030 eval=06884 misfit=5.590759e-01 best=5.590547e-01
[NA] iter=00030 eval=06885 misfit=5.590643e-01 best=5.590547e-01
[NA] iter=00030 eval=06886 misfit=5.590622e-01 best=5.590547e-01
[NA] iter=00030 eval=06887 misfit=5.590782e-01 best=5.590547e-01
[NA] iter=00030 eval=06888 misfit=5.590583e-01 best=5.590547e-01
[NA] iter=00030 eval=06889 misfit=5.590588e-01 best=5.590547e-01
[NA] iter=00030 eval=06890 misfit=5.590674e-01 best=5.590547e-01
[NA] iter=00030 eval=06891 misfit=5.590681e-01 best=5.590547e-01
[NA] iter=00030 eval=06892 misfit=5.590610e-01 best=5.590547e-01
[NA] iter=00030 eval=06893 misfit=5.590685e-01 best=5.590547e-01
[NA] iter=00030 eval=06894 misfit=5.590684e-01 best=5.590547e-01
[NA] iter=00030 eval=06895 misfit=5.590623e-01 best=5.590547e-01
[NA] iter=00030 eval=06896 misfit=5.594666e-01 best=5.590547e-01
[NA] iter=00030 eval=06897 misfit=5.590658e-01 best=5.590547e-01
[NA] iter=00030 eval=06898 misfit=5.594617e-01 best=5.590547e-01
[NA] iter=00030 eval=06899 misfit=5.590714e-01 best=5.590547e-01
[NA] iter=00030 eval=06900 misfit=5.590772e-01 best=5.590547e-01
[NA] iter=00030 eval=06901 misfit=5.590738e-01 best=5.590547e-01
[NA] iter=00030 eval=06902 misfit=5.590731e-01 best=5.590547e-01
[NA] iter=00030 eval=06903 misfit=5.590693e-01 best=5.590547e-01
[NA] iter=00030 eval=06904 misfit=5.590628e-01 best=5.590547e-01
[NA] iter=00030 eval=06905 misfit=5.590705e-01 best=5.590547e-01
[NA] iter=00030 eval=06906 misfit=5.590638e-01 best=5.590547e-01
[NA] iter=00030 eval=06907 misfit=5.590690e-01 best=5.590547e-01
[NA] iter=00030 eval=06908 misfit=5.590730e-01 best=5.590547e-01
[NA] iter=00030 eval=06909 misfit=5.590714e-01 best=5.590547e-01
[NA] iter=00030 eval=06910 misfit=5.590685e-01 best=5.590547e-01
[NA] iter=00030 eval=06911 misfit=5.590684e-01 best=5.590547e-01
[NA] iter=00030 eval=06912 misfit=5.594426e-01 best=5.590547e-01
[NA] iter=00030 eval=06913 misfit=5.594460e-01 best=5.590547e-01
[NA] iter=00030 eval=06914 misfit=5.590664e-01 best=5.590547e-01
[NA] iter=00030 eval=06915 misfit=5.590682e-01 best=5.590547e-01
[NA] iter=00030 eval=06916 misfit=5.590678e-01 best=5.590547e-01
[NA] iter=00030 eval=06917 misfit=5.590735e-01 best=5.590547e-01
[NA] iter=00030 eval=06918 misfit=5.594444e-01 best=5.590547e-01
[NA] iter=00030 eval=06919 misfit=5.594392e-01 best=5.590547e-01
[NA] iter=00030 eval=06920 misfit=5.590740e-01 best=5.590547e-01
[NA] iter=00030 eval=06921 misfit=5.590654e-01 best=5.590547e-01
[NA] iter=00030 eval=06922 misfit=5.590673e-01 best=5.590547e-01
[NA] iter=00030 eval=06923 misfit=5.594538e-01 best=5.590547e-01
[NA] iter=00030 eval=06924 misfit=5.590661e-01 best=5.590547e-01
[NA] iter=00030 eval=06925 misfit=5.590616e-01 best=5.590547e-01
[NA] iter=00030 eval=06926 misfit=5.590620e-01 best=5.590547e-01
[NA] iter=00030 eval=06927 misfit=5.590673e-01 best=5.590547e-01
[NA] iter=00030 eval=06928 misfit=5.590652e-01 best=5.590547e-01
[NA] iter=00030 eval=06929 misfit=5.590620e-01 best=5.590547e-01
[NA] iter=00030 eval=06930 misfit=5.590688e-01 best=5.590547e-01
[NA] iter=00030 eval=06931 misfit=5.590706e-01 best=5.590547e-01
[NA] iter=00030 eval=06932 misfit=5.590705e-01 best=5.590547e-01
[NA] iter=00030 eval=06933 misfit=5.590694e-01 best=5.590547e-01
[NA] iter=00030 eval=06934 misfit=5.590720e-01 best=5.590547e-01
[NA] iter=00030 eval=06935 misfit=5.590708e-01 best=5.590547e-01
[NA] iter=00030 eval=06936 misfit=5.590717e-01 best=5.590547e-01
[NA] iter=00030 eval=06937 misfit=5.590680e-01 best=5.590547e-01
[NA] iter=00030 eval=06938 misfit=5.590694e-01 best=5.590547e-01
[NA] iter=00030 eval=06939 misfit=5.590740e-01 best=5.590547e-01
[NA] iter=00030 eval=06940 misfit=5.590756e-01 best=5.590547e-01
[NA] iter=00030 eval=06941 misfit=5.590764e-01 best=5.590547e-01
[NA] iter=00030 eval=06942 misfit=5.590680e-01 best=5.590547e-01
[NA] iter=00030 eval=06943 misfit=5.590747e-01 best=5.590547e-01
[NA] iter=00030 eval=06944 misfit=5.590836e-01 best=5.590547e-01
[NA] iter=00030 eval=06945 misfit=5.590758e-01 best=5.590547e-01
[NA] iter=00030 eval=06946 misfit=5.590705e-01 best=5.590547e-01
[NA] iter=00030 eval=06947 misfit=5.590768e-01 best=5.590547e-01
[NA] iter=00030 eval=06948 misfit=5.590717e-01 best=5.590547e-01
[NA] iter=00030 eval=06949 misfit=5.590741e-01 best=5.590547e-01
[NA] iter=00030 eval=06950 misfit=5.590633e-01 best=5.590547e-01
[NA] iter=00030 eval=06951 misfit=5.590697e-01 best=5.590547e-01
[NA] iter=00030 eval=06952 misfit=5.590579e-01 best=5.590547e-01
[NA] iter=00030 eval=06953 misfit=5.594632e-01 best=5.590547e-01
[NA] iter=00030 eval=06954 misfit=5.590671e-01 best=5.590547e-01
[NA] iter=00030 eval=06955 misfit=5.594616e-01 best=5.590547e-01
[NA] iter=00030 eval=06956 misfit=5.594633e-01 best=5.590547e-01
[NA] iter=00030 eval=06957 misfit=5.590792e-01 best=5.590547e-01
[NA] iter=00030 eval=06958 misfit=5.590668e-01 best=5.590547e-01
[NA] iter=00030 eval=06959 misfit=5.590702e-01 best=5.590547e-01
[NA] iter=00030 eval=06960 misfit=5.594665e-01 best=5.590547e-01
[NA] iter=00030 eval=06961 misfit=5.590735e-01 best=5.590547e-01
[NA] iter=00030 eval=06962 misfit=5.590750e-01 best=5.590547e-01
[NA] iter=00030 eval=06963 misfit=5.590725e-01 best=5.590547e-01
[NA] iter=00030 eval=06964 misfit=5.590780e-01 best=5.590547e-01
[NA] iter=00030 eval=06965 misfit=5.590676e-01 best=5.590547e-01
[NA] iter=00030 eval=06966 misfit=5.590702e-01 best=5.590547e-01
[NA] iter=00030 eval=06967 misfit=5.590738e-01 best=5.590547e-01
[NA] iter=00030 eval=06968 misfit=5.590715e-01 best=5.590547e-01
[NA] iter=00030 eval=06969 misfit=5.590699e-01 best=5.590547e-01
[NA] iter=00030 eval=06970 misfit=5.590707e-01 best=5.590547e-01
[NA] iter=00030 eval=06971 misfit=5.590700e-01 best=5.590547e-01
[NA] iter=00030 eval=06972 misfit=5.590757e-01 best=5.590547e-01
[NA] iter=00030 eval=06973 misfit=5.590620e-01 best=5.590547e-01
[NA] iter=00030 eval=06974 misfit=5.590682e-01 best=5.590547e-01
[NA] iter=00030 eval=06975 misfit=5.590740e-01 best=5.590547e-01
[NA] iter=00030 eval=06976 misfit=5.590738e-01 best=5.590547e-01
[NA] iter=00030 eval=06977 misfit=5.590663e-01 best=5.590547e-01
[NA] iter=00030 eval=06978 misfit=5.590769e-01 best=5.590547e-01
[NA] iter=00030 eval=06979 misfit=5.590704e-01 best=5.590547e-01
[NA] iter=00030 eval=06980 misfit=5.590716e-01 best=5.590547e-01
[NA] iter=00030 eval=06981 misfit=5.590638e-01 best=5.590547e-01
[NA] iter=00030 eval=06982 misfit=5.590591e-01 best=5.590547e-01
[NA] iter=00030 eval=06983 misfit=5.590629e-01 best=5.590547e-01
[NA] iter=00030 eval=06984 misfit=5.590646e-01 best=5.590547e-01
[NA] iter=00030 eval=06985 misfit=5.590641e-01 best=5.590547e-01
[NA] iter=00030 eval=06986 misfit=5.590650e-01 best=5.590547e-01
[NA] iter=00030 eval=06987 misfit=5.590646e-01 best=5.590547e-01
[NA] iter=00030 eval=06988 misfit=5.590653e-01 best=5.590547e-01
[NA] iter=00030 eval=06989 misfit=5.590650e-01 best=5.590547e-01
[NA] iter=00030 eval=06990 misfit=5.590657e-01 best=5.590547e-01
[NA] iter=00030 eval=06991 misfit=5.590724e-01 best=5.590547e-01
[NA] iter=00030 eval=06992 misfit=5.594525e-01 best=5.590547e-01
[NA] iter=00030 eval=06993 misfit=5.594593e-01 best=5.590547e-01
[NA] iter=00030 eval=06994 misfit=5.594522e-01 best=5.590547e-01
[NA] iter=00030 eval=06995 misfit=5.594566e-01 best=5.590547e-01
[NA] iter=00030 eval=06996 misfit=5.590703e-01 best=5.590547e-01
[NA] iter=00030 eval=06997 misfit=5.590749e-01 best=5.590547e-01
[NA] iter=00030 eval=06998 misfit=5.594617e-01 best=5.590547e-01
[NA] iter=00030 eval=06999 misfit=5.594505e-01 best=5.590547e-01
[NA] iter=00030 eval=07000 misfit=5.590693e-01 best=5.590547e-01
NAI - Optimisation Loop: 100%|██████████| 30/30 [1:01:30<00:00, 122.16s/it]NAI - Optimisation Loop: 100%|██████████| 30/30 [1:01:30<00:00, 123.02s/it]
│  [32m✓[0m Inversion terminada en 4320.4 s

┌─[03:49:23 | 4320.9s] Mejor solucion
│  ┌──────────────────────────────────────────────┐
│  │ a1 (km)                                9.0004 │
│  │ a2 (km)                                4.0451 │
│  │ theta (x pi)                           0.7901 │
│  │ np (frac)                              0.9999 │
│  │ tp (x 2pi)                             0.1969 │
│  │ dmax (m)                               2.2728 │
│  │ vr (km/s)                              2.1008 │
│  └──────────────────────────────────────────────┘
│  [32m✓[0m misfit minimo = 0.559055

┌─[03:49:23 | 4320.9s] Guardando resultados
Inversion results saved to /home/alex/KDEllipsPy/inversions/2026-05-25_Calama/output/inversion_result.joblib
│  [32m✓[0m resultado     → /home/alex/KDEllipsPy/inversions/2026-05-25_Calama/output/inversion_result.joblib
│  [32m✓[0m figura        → /home/alex/KDEllipsPy/inversions/2026-05-25_Calama/output/na_results.png
│  [32m✓[0m figura        → /home/alex/KDEllipsPy/inversions/2026-05-25_Calama/output/parameter_convergence.png
│  [32m✓[0m figura        → /home/alex/KDEllipsPy/inversions/2026-05-25_Calama/output/waveform_fit.png
│  [32m✓[0m figura        → /home/alex/KDEllipsPy/inversions/2026-05-25_Calama/output/ellipse_fit.png

╔══════════════════════════════════════════════════════════════════════╗
║ Inversion completada                                                 ║
║ tiempo total 4324.4s  ·  salida en /home/alex/KDEllipsPy/inversions/2026-05-25_Calama/output ║
╚══════════════════════════════════════════════════════════════════════╝
