
╔══════════════════════════════════════════════════════════════════════╗
║ KDEllipsPy · Inversion cinematica (NA)                               ║
║ Evento Calama  ·  2026-05-25                                         ║
╚══════════════════════════════════════════════════════════════════════╝

┌─[16:42:05 |    0.0s] Cargando KDEllipsPy
│  [32m✓[0m kdellipspy importado (numpy 2.4.6)

┌─[16:42:05 |    0.5s] Validando rutas
│  [32m✓[0m input.ctl : /home/alex/KDEllipsPy/inversions/2026-05-25_Calama/input.ctl
│  [32m✓[0m DATA      : /home/alex/KDEllipsPy/inversions/2026-05-25_Calama/DATA
│  [32m✓[0m output    : /home/alex/KDEllipsPy/inversions/2026-05-25_Calama/output

┌─[16:42:05 |    0.5s] Leyendo configuracion
│  Evento      : -22.380, -68.760, 114.0 km
│  Mecanismo   : strike 201 / dip 20 / rake -70  (doble cupla)
│  Banda       : 0.06–0.15 Hz   |  filtro causal
│  Ventana     : t1=0s  t2=128s  npts=256  dt=0.5s  (units=disp)
│  Estaciones  : 7  [A20F, PB09, A06F, PB03, PB15, PB01, PB19]
│  Mod. veloc. : 16 capas
│  Algoritmo   : Neighbourhood Algorithm  |  n_jobs=1
│  [32m✓[0m Configuracion leida

┌─[16:42:05 |    0.5s] Cargando datos observados
│  [32m✓[0m observed shape = (7, 3, 256)  (estaciones, comp, npts)
│  [32m✓[0m eje de tiempo  = 0 … 127.5 s (256 pts)

┌─[16:42:05 |    0.5s] Calculando tiempos P/S por estacion (azi_times)
│  [32m✓[0m azi_times_array shape = (7, 3)  (modelo iasp91)

┌─[16:42:05 |    0.6s] Construyendo modelo de inversion
│  [32m✓[0m NAInversionModel listo  (cache de Green ACTIVADO)
│  checkpoint en vivo → /home/alex/KDEllipsPy/inversions/2026-05-25_Calama/output/best_model_live.txt
│  NA: 50 iter · SS1=500 · SS=50 · resample=10 → ~3000 modelos directos

┌─[16:42:05 |    0.6s] Corriendo busqueda NA  (esto puede tardar)
[NA] Starting search: ni=500, ns=50, n=50, nr=10 -> expected evaluations=3000 (n_jobs=1)
NAI - Initial Random Search
[NA] iter=00000 eval=00001 misfit=7.276215e-01 best=7.276215e-01
[NA] iter=00000 eval=00002 misfit=9.513704e-01 best=7.276215e-01
[NA] iter=00000 eval=00003 misfit=9.183460e-01 best=7.276215e-01
[NA] iter=00000 eval=00004 misfit=3.359700e+00 best=7.276215e-01
[NA] iter=00000 eval=00005 misfit=9.160303e-01 best=7.276215e-01
[NA] iter=00000 eval=00006 misfit=1.439060e+00 best=7.276215e-01
[NA] iter=00000 eval=00007 misfit=2.229290e+01 best=7.276215e-01
[NA] iter=00000 eval=00008 misfit=3.505619e+00 best=7.276215e-01
[NA] iter=00000 eval=00009 misfit=1.830800e+00 best=7.276215e-01
[NA] iter=00000 eval=00010 misfit=7.571816e+00 best=7.276215e-01
[NA] iter=00000 eval=00011 misfit=9.271695e-01 best=7.276215e-01
[NA] iter=00000 eval=00012 misfit=5.597310e-01 best=5.597310e-01
[NA] iter=00000 eval=00013 misfit=9.925057e-01 best=5.597310e-01
[NA] iter=00000 eval=00014 misfit=3.418641e+01 best=5.597310e-01
[NA] iter=00000 eval=00015 misfit=7.484239e+00 best=5.597310e-01
[NA] iter=00000 eval=00016 misfit=1.643697e+01 best=5.597310e-01
[NA] iter=00000 eval=00017 misfit=1.194592e+00 best=5.597310e-01
[NA] iter=00000 eval=00018 misfit=6.564001e-01 best=5.597310e-01
[NA] iter=00000 eval=00019 misfit=5.256369e-01 best=5.256369e-01
[NA] iter=00000 eval=00020 misfit=9.288711e+00 best=5.256369e-01
[NA] iter=00000 eval=00021 misfit=8.793591e-01 best=5.256369e-01
[NA] iter=00000 eval=00022 misfit=6.686347e+00 best=5.256369e-01
[NA] iter=00000 eval=00023 misfit=4.995434e+00 best=5.256369e-01
[NA] iter=00000 eval=00024 misfit=5.952960e+01 best=5.256369e-01
[NA] iter=00000 eval=00025 misfit=1.360754e+00 best=5.256369e-01
[NA] iter=00000 eval=00026 misfit=1.067073e+01 best=5.256369e-01
[NA] iter=00000 eval=00027 misfit=1.322280e+00 best=5.256369e-01
[NA] iter=00000 eval=00028 misfit=6.957407e-01 best=5.256369e-01
[NA] iter=00000 eval=00029 misfit=3.079934e+00 best=5.256369e-01
[NA] iter=00000 eval=00030 misfit=1.490381e+00 best=5.256369e-01
[NA] iter=00000 eval=00031 misfit=8.723894e-01 best=5.256369e-01
[NA] iter=00000 eval=00032 misfit=3.783338e+00 best=5.256369e-01
[NA] iter=00000 eval=00033 misfit=5.512730e+00 best=5.256369e-01
[NA] iter=00000 eval=00034 misfit=2.472175e+00 best=5.256369e-01
[NA] iter=00000 eval=00035 misfit=1.585949e+00 best=5.256369e-01
[NA] iter=00000 eval=00036 misfit=3.042264e+01 best=5.256369e-01
[NA] iter=00000 eval=00037 misfit=1.435577e+01 best=5.256369e-01
[NA] iter=00000 eval=00038 misfit=6.218768e-01 best=5.256369e-01
[NA] iter=00000 eval=00039 misfit=8.384291e-01 best=5.256369e-01
[NA] iter=00000 eval=00040 misfit=1.425192e+00 best=5.256369e-01
[NA] iter=00000 eval=00041 misfit=7.199844e+00 best=5.256369e-01
[NA] iter=00000 eval=00042 misfit=2.021278e+00 best=5.256369e-01
[NA] iter=00000 eval=00043 misfit=2.984927e+00 best=5.256369e-01
[NA] iter=00000 eval=00044 misfit=9.457909e-01 best=5.256369e-01
[NA] iter=00000 eval=00045 misfit=6.647367e+01 best=5.256369e-01
[NA] iter=00000 eval=00046 misfit=5.220787e+00 best=5.256369e-01
[NA] iter=00000 eval=00047 misfit=9.240448e+00 best=5.256369e-01
[NA] iter=00000 eval=00048 misfit=1.052852e+01 best=5.256369e-01
[NA] iter=00000 eval=00049 misfit=3.349392e+00 best=5.256369e-01
[NA] iter=00000 eval=00050 misfit=5.643692e+00 best=5.256369e-01
[NA] iter=00000 eval=00051 misfit=8.514758e-01 best=5.256369e-01
[NA] iter=00000 eval=00052 misfit=2.351424e+01 best=5.256369e-01
[NA] iter=00000 eval=00053 misfit=3.421787e+00 best=5.256369e-01
[NA] iter=00000 eval=00054 misfit=7.147499e+00 best=5.256369e-01
[NA] iter=00000 eval=00055 misfit=1.432051e+00 best=5.256369e-01
[NA] iter=00000 eval=00056 misfit=8.488032e-01 best=5.256369e-01
[NA] iter=00000 eval=00057 misfit=1.493214e+00 best=5.256369e-01
[NA] iter=00000 eval=00058 misfit=6.147901e-01 best=5.256369e-01
[NA] iter=00000 eval=00059 misfit=8.395941e-01 best=5.256369e-01
[NA] iter=00000 eval=00060 misfit=7.487694e-01 best=5.256369e-01
[NA] iter=00000 eval=00061 misfit=1.399658e+00 best=5.256369e-01
[NA] iter=00000 eval=00062 misfit=1.653070e+01 best=5.256369e-01
[NA] iter=00000 eval=00063 misfit=1.733684e+00 best=5.256369e-01
[NA] iter=00000 eval=00064 misfit=6.260719e-01 best=5.256369e-01
[NA] iter=00000 eval=00065 misfit=2.701540e+00 best=5.256369e-01
[NA] iter=00000 eval=00066 misfit=1.731895e+00 best=5.256369e-01
[NA] iter=00000 eval=00067 misfit=9.213225e-01 best=5.256369e-01
[NA] iter=00000 eval=00068 misfit=1.637734e+01 best=5.256369e-01
[NA] iter=00000 eval=00069 misfit=9.519015e+00 best=5.256369e-01
[NA] iter=00000 eval=00070 misfit=7.968220e-01 best=5.256369e-01
[NA] iter=00000 eval=00071 misfit=4.854214e+00 best=5.256369e-01
[NA] iter=00000 eval=00072 misfit=1.012877e+00 best=5.256369e-01
[NA] iter=00000 eval=00073 misfit=8.935587e-01 best=5.256369e-01
[NA] iter=00000 eval=00074 misfit=3.167371e+00 best=5.256369e-01
[NA] iter=00000 eval=00075 misfit=7.428609e-01 best=5.256369e-01
[NA] iter=00000 eval=00076 misfit=2.970210e+00 best=5.256369e-01
[NA] iter=00000 eval=00077 misfit=1.251161e+00 best=5.256369e-01
[NA] iter=00000 eval=00078 misfit=7.464521e-01 best=5.256369e-01
[NA] iter=00000 eval=00079 misfit=4.791479e-01 best=4.791479e-01
[NA] iter=00000 eval=00080 misfit=6.667251e+00 best=4.791479e-01
[NA] iter=00000 eval=00081 misfit=1.526496e+00 best=4.791479e-01
[NA] iter=00000 eval=00082 misfit=9.677290e+01 best=4.791479e-01
[NA] iter=00000 eval=00083 misfit=9.908164e-01 best=4.791479e-01
[NA] iter=00000 eval=00084 misfit=9.576810e-01 best=4.791479e-01
[NA] iter=00000 eval=00085 misfit=8.109882e+00 best=4.791479e-01
[NA] iter=00000 eval=00086 misfit=1.540891e+01 best=4.791479e-01
[NA] iter=00000 eval=00087 misfit=3.487987e+01 best=4.791479e-01
[NA] iter=00000 eval=00088 misfit=1.112779e+00 best=4.791479e-01
[NA] iter=00000 eval=00089 misfit=1.216955e+01 best=4.791479e-01
[NA] iter=00000 eval=00090 misfit=5.161490e+00 best=4.791479e-01
[NA] iter=00000 eval=00091 misfit=1.658922e+00 best=4.791479e-01
[NA] iter=00000 eval=00092 misfit=1.648297e+01 best=4.791479e-01
[NA] iter=00000 eval=00093 misfit=1.158001e+00 best=4.791479e-01
[NA] iter=00000 eval=00094 misfit=1.621572e+00 best=4.791479e-01
[NA] iter=00000 eval=00095 misfit=9.068696e-01 best=4.791479e-01
[NA] iter=00000 eval=00096 misfit=1.052090e+00 best=4.791479e-01
[NA] iter=00000 eval=00097 misfit=2.693401e+00 best=4.791479e-01
[NA] iter=00000 eval=00098 misfit=6.839757e-01 best=4.791479e-01
[NA] iter=00000 eval=00099 misfit=7.719135e-01 best=4.791479e-01
[NA] iter=00000 eval=00100 misfit=2.343295e+00 best=4.791479e-01
[NA] iter=00000 eval=00101 misfit=1.253519e+01 best=4.791479e-01
[NA] iter=00000 eval=00102 misfit=8.801704e-01 best=4.791479e-01
[NA] iter=00000 eval=00103 misfit=8.274623e-01 best=4.791479e-01
[NA] iter=00000 eval=00104 misfit=6.562627e+00 best=4.791479e-01
[NA] iter=00000 eval=00105 misfit=1.059091e+00 best=4.791479e-01
[NA] iter=00000 eval=00106 misfit=6.118383e-01 best=4.791479e-01
[NA] iter=00000 eval=00107 misfit=6.539254e-01 best=4.791479e-01
[NA] iter=00000 eval=00108 misfit=2.612530e+00 best=4.791479e-01
[NA] iter=00000 eval=00109 misfit=3.595340e+00 best=4.791479e-01
[NA] iter=00000 eval=00110 misfit=8.486064e-01 best=4.791479e-01
[NA] iter=00000 eval=00111 misfit=5.131135e+01 best=4.791479e-01
[NA] iter=00000 eval=00112 misfit=1.840980e+00 best=4.791479e-01
[NA] iter=00000 eval=00113 misfit=2.189749e+01 best=4.791479e-01
[NA] iter=00000 eval=00114 misfit=1.846186e+01 best=4.791479e-01
[NA] iter=00000 eval=00115 misfit=1.116061e+00 best=4.791479e-01
[NA] iter=00000 eval=00116 misfit=2.443273e+00 best=4.791479e-01
[NA] iter=00000 eval=00117 misfit=7.937113e-01 best=4.791479e-01
[NA] iter=00000 eval=00118 misfit=4.365177e-01 best=4.365177e-01
[NA] iter=00000 eval=00119 misfit=2.593302e+00 best=4.365177e-01
[NA] iter=00000 eval=00120 misfit=4.022786e+00 best=4.365177e-01
[NA] iter=00000 eval=00121 misfit=1.688908e+00 best=4.365177e-01
[NA] iter=00000 eval=00122 misfit=8.477914e-01 best=4.365177e-01
[NA] iter=00000 eval=00123 misfit=6.486779e-01 best=4.365177e-01
[NA] iter=00000 eval=00124 misfit=1.251390e+01 best=4.365177e-01
[NA] iter=00000 eval=00125 misfit=2.284045e+01 best=4.365177e-01
[NA] iter=00000 eval=00126 misfit=5.205953e+00 best=4.365177e-01
[NA] iter=00000 eval=00127 misfit=2.058263e+00 best=4.365177e-01
[NA] iter=00000 eval=00128 misfit=2.345655e+01 best=4.365177e-01
[NA] iter=00000 eval=00129 misfit=4.760989e+00 best=4.365177e-01
[NA] iter=00000 eval=00130 misfit=6.904886e+00 best=4.365177e-01
[NA] iter=00000 eval=00131 misfit=3.258737e+00 best=4.365177e-01
[NA] iter=00000 eval=00132 misfit=2.163457e+00 best=4.365177e-01
[NA] iter=00000 eval=00133 misfit=2.982476e+00 best=4.365177e-01
[NA] iter=00000 eval=00134 misfit=3.472176e+01 best=4.365177e-01
[NA] iter=00000 eval=00135 misfit=1.011888e+00 best=4.365177e-01
[NA] iter=00000 eval=00136 misfit=3.452590e+01 best=4.365177e-01
[NA] iter=00000 eval=00137 misfit=4.904513e+00 best=4.365177e-01
[NA] iter=00000 eval=00138 misfit=1.080461e+00 best=4.365177e-01
[NA] iter=00000 eval=00139 misfit=8.474642e-01 best=4.365177e-01
[NA] iter=00000 eval=00140 misfit=2.628145e+00 best=4.365177e-01
[NA] iter=00000 eval=00141 misfit=1.916617e+00 best=4.365177e-01
[NA] iter=00000 eval=00142 misfit=9.774724e-01 best=4.365177e-01
[NA] iter=00000 eval=00143 misfit=3.005821e+00 best=4.365177e-01
[NA] iter=00000 eval=00144 misfit=7.500110e-01 best=4.365177e-01
[NA] iter=00000 eval=00145 misfit=4.636751e-01 best=4.365177e-01
[NA] iter=00000 eval=00146 misfit=7.527172e+00 best=4.365177e-01
[NA] iter=00000 eval=00147 misfit=1.335263e+01 best=4.365177e-01
[NA] iter=00000 eval=00148 misfit=3.439881e+00 best=4.365177e-01
[NA] iter=00000 eval=00149 misfit=3.829908e+00 best=4.365177e-01
[NA] iter=00000 eval=00150 misfit=5.918256e+00 best=4.365177e-01
[NA] iter=00000 eval=00151 misfit=4.695968e+00 best=4.365177e-01
[NA] iter=00000 eval=00152 misfit=9.705654e-01 best=4.365177e-01
[NA] iter=00000 eval=00153 misfit=1.157708e+00 best=4.365177e-01
[NA] iter=00000 eval=00154 misfit=1.937072e+00 best=4.365177e-01
[NA] iter=00000 eval=00155 misfit=8.543476e-01 best=4.365177e-01
[NA] iter=00000 eval=00156 misfit=2.986804e+00 best=4.365177e-01
[NA] iter=00000 eval=00157 misfit=4.578818e+00 best=4.365177e-01
[NA] iter=00000 eval=00158 misfit=7.169489e-01 best=4.365177e-01
[NA] iter=00000 eval=00159 misfit=1.632669e+00 best=4.365177e-01
[NA] iter=00000 eval=00160 misfit=2.820691e+01 best=4.365177e-01
[NA] iter=00000 eval=00161 misfit=6.100810e-01 best=4.365177e-01
[NA] iter=00000 eval=00162 misfit=2.210545e+00 best=4.365177e-01
[NA] iter=00000 eval=00163 misfit=7.154283e-01 best=4.365177e-01
[NA] iter=00000 eval=00164 misfit=1.057321e+00 best=4.365177e-01
[NA] iter=00000 eval=00165 misfit=9.841514e-01 best=4.365177e-01
[NA] iter=00000 eval=00166 misfit=1.979999e+01 best=4.365177e-01
[NA] iter=00000 eval=00167 misfit=1.372524e+00 best=4.365177e-01
[NA] iter=00000 eval=00168 misfit=5.940898e+01 best=4.365177e-01
[NA] iter=00000 eval=00169 misfit=1.521095e+01 best=4.365177e-01
[NA] iter=00000 eval=00170 misfit=1.489329e+00 best=4.365177e-01
[NA] iter=00000 eval=00171 misfit=6.328424e+00 best=4.365177e-01
[NA] iter=00000 eval=00172 misfit=2.238571e+01 best=4.365177e-01
[NA] iter=00000 eval=00173 misfit=9.450660e+00 best=4.365177e-01
[NA] iter=00000 eval=00174 misfit=1.088452e+01 best=4.365177e-01
[NA] iter=00000 eval=00175 misfit=2.157667e+01 best=4.365177e-01
[NA] iter=00000 eval=00176 misfit=1.248672e+01 best=4.365177e-01
[NA] iter=00000 eval=00177 misfit=9.425738e-01 best=4.365177e-01
[NA] iter=00000 eval=00178 misfit=5.858769e-01 best=4.365177e-01
[NA] iter=00000 eval=00179 misfit=1.005748e+00 best=4.365177e-01
[NA] iter=00000 eval=00180 misfit=4.310218e+00 best=4.365177e-01
[NA] iter=00000 eval=00181 misfit=6.425240e+01 best=4.365177e-01
[NA] iter=00000 eval=00182 misfit=8.202291e-01 best=4.365177e-01
[NA] iter=00000 eval=00183 misfit=3.736029e+00 best=4.365177e-01
[NA] iter=00000 eval=00184 misfit=2.746869e+00 best=4.365177e-01
[NA] iter=00000 eval=00185 misfit=5.819466e-01 best=4.365177e-01
[NA] iter=00000 eval=00186 misfit=2.043718e+01 best=4.365177e-01
[NA] iter=00000 eval=00187 misfit=2.034860e+00 best=4.365177e-01
[NA] iter=00000 eval=00188 misfit=7.545013e-01 best=4.365177e-01
[NA] iter=00000 eval=00189 misfit=3.463673e+00 best=4.365177e-01
[NA] iter=00000 eval=00190 misfit=1.439167e+00 best=4.365177e-01
[NA] iter=00000 eval=00191 misfit=9.254377e-01 best=4.365177e-01
[NA] iter=00000 eval=00192 misfit=6.007328e+00 best=4.365177e-01
[NA] iter=00000 eval=00193 misfit=1.178811e+01 best=4.365177e-01
[NA] iter=00000 eval=00194 misfit=1.271815e+01 best=4.365177e-01
[NA] iter=00000 eval=00195 misfit=4.449623e+00 best=4.365177e-01
[NA] iter=00000 eval=00196 misfit=1.389093e+00 best=4.365177e-01
[NA] iter=00000 eval=00197 misfit=5.845131e+00 best=4.365177e-01
[NA] iter=00000 eval=00198 misfit=8.492630e-01 best=4.365177e-01
[NA] iter=00000 eval=00199 misfit=2.525450e+00 best=4.365177e-01
[NA] iter=00000 eval=00200 misfit=1.013945e+00 best=4.365177e-01
[NA] iter=00000 eval=00201 misfit=1.451498e+00 best=4.365177e-01
[NA] iter=00000 eval=00202 misfit=6.177030e-01 best=4.365177e-01
[NA] iter=00000 eval=00203 misfit=8.788263e+00 best=4.365177e-01
[NA] iter=00000 eval=00204 misfit=5.866935e-01 best=4.365177e-01
[NA] iter=00000 eval=00205 misfit=5.587762e-01 best=4.365177e-01
[NA] iter=00000 eval=00206 misfit=4.159377e-01 best=4.159377e-01
[NA] iter=00000 eval=00207 misfit=1.108390e+00 best=4.159377e-01
[NA] iter=00000 eval=00208 misfit=1.040449e+00 best=4.159377e-01
[NA] iter=00000 eval=00209 misfit=3.602888e+00 best=4.159377e-01
[NA] iter=00000 eval=00210 misfit=2.086449e+01 best=4.159377e-01
[NA] iter=00000 eval=00211 misfit=4.700864e+00 best=4.159377e-01
[NA] iter=00000 eval=00212 misfit=4.292043e-01 best=4.159377e-01
[NA] iter=00000 eval=00213 misfit=1.460150e+00 best=4.159377e-01
[NA] iter=00000 eval=00214 misfit=7.012674e+00 best=4.159377e-01
[NA] iter=00000 eval=00215 misfit=5.783402e+00 best=4.159377e-01
[NA] iter=00000 eval=00216 misfit=1.011792e+00 best=4.159377e-01
[NA] iter=00000 eval=00217 misfit=1.171001e+00 best=4.159377e-01
[NA] iter=00000 eval=00218 misfit=9.150707e-01 best=4.159377e-01
[NA] iter=00000 eval=00219 misfit=4.169634e+01 best=4.159377e-01
[NA] iter=00000 eval=00220 misfit=9.647673e+00 best=4.159377e-01
[NA] iter=00000 eval=00221 misfit=1.138638e+00 best=4.159377e-01
[NA] iter=00000 eval=00222 misfit=4.484617e-01 best=4.159377e-01
[NA] iter=00000 eval=00223 misfit=9.044373e+00 best=4.159377e-01
[NA] iter=00000 eval=00224 misfit=9.526499e-01 best=4.159377e-01
[NA] iter=00000 eval=00225 misfit=8.920742e-01 best=4.159377e-01
[NA] iter=00000 eval=00226 misfit=9.898764e+00 best=4.159377e-01
[NA] iter=00000 eval=00227 misfit=3.065374e+00 best=4.159377e-01
[NA] iter=00000 eval=00228 misfit=3.245063e+00 best=4.159377e-01
[NA] iter=00000 eval=00229 misfit=9.922003e-01 best=4.159377e-01
[NA] iter=00000 eval=00230 misfit=4.004585e+00 best=4.159377e-01
[NA] iter=00000 eval=00231 misfit=3.204579e+00 best=4.159377e-01
[NA] iter=00000 eval=00232 misfit=1.185932e+00 best=4.159377e-01
[NA] iter=00000 eval=00233 misfit=1.978565e+00 best=4.159377e-01
[NA] iter=00000 eval=00234 misfit=8.374413e-01 best=4.159377e-01
[NA] iter=00000 eval=00235 misfit=2.167464e+00 best=4.159377e-01
[NA] iter=00000 eval=00236 misfit=2.561243e+00 best=4.159377e-01
[NA] iter=00000 eval=00237 misfit=9.943239e+00 best=4.159377e-01
[NA] iter=00000 eval=00238 misfit=6.420228e-01 best=4.159377e-01
[NA] iter=00000 eval=00239 misfit=1.169468e+00 best=4.159377e-01
[NA] iter=00000 eval=00240 misfit=1.217192e+01 best=4.159377e-01
[NA] iter=00000 eval=00241 misfit=1.031402e+00 best=4.159377e-01
[NA] iter=00000 eval=00242 misfit=6.169108e+00 best=4.159377e-01
[NA] iter=00000 eval=00243 misfit=5.566887e+00 best=4.159377e-01
[NA] iter=00000 eval=00244 misfit=2.246062e+01 best=4.159377e-01
[NA] iter=00000 eval=00245 misfit=4.995317e-01 best=4.159377e-01
[NA] iter=00000 eval=00246 misfit=1.409735e+00 best=4.159377e-01
[NA] iter=00000 eval=00247 misfit=1.192226e+00 best=4.159377e-01
[NA] iter=00000 eval=00248 misfit=5.174560e+01 best=4.159377e-01
[NA] iter=00000 eval=00249 misfit=1.763736e+00 best=4.159377e-01
[NA] iter=00000 eval=00250 misfit=1.088837e+00 best=4.159377e-01
[NA] iter=00000 eval=00251 misfit=4.511250e+01 best=4.159377e-01
[NA] iter=00000 eval=00252 misfit=9.446523e-01 best=4.159377e-01
[NA] iter=00000 eval=00253 misfit=2.247700e+00 best=4.159377e-01
[NA] iter=00000 eval=00254 misfit=9.155496e-01 best=4.159377e-01
[NA] iter=00000 eval=00255 misfit=5.362686e+01 best=4.159377e-01
[NA] iter=00000 eval=00256 misfit=9.548462e-01 best=4.159377e-01
[NA] iter=00000 eval=00257 misfit=6.616206e-01 best=4.159377e-01
[NA] iter=00000 eval=00258 misfit=1.035425e+00 best=4.159377e-01
[NA] iter=00000 eval=00259 misfit=5.939426e-01 best=4.159377e-01
[NA] iter=00000 eval=00260 misfit=9.895878e-01 best=4.159377e-01
[NA] iter=00000 eval=00261 misfit=7.755794e-01 best=4.159377e-01
[NA] iter=00000 eval=00262 misfit=2.211580e+00 best=4.159377e-01
[NA] iter=00000 eval=00263 misfit=5.500631e+00 best=4.159377e-01
[NA] iter=00000 eval=00264 misfit=7.887237e+00 best=4.159377e-01
[NA] iter=00000 eval=00265 misfit=5.644668e-01 best=4.159377e-01
[NA] iter=00000 eval=00266 misfit=4.718529e+00 best=4.159377e-01
[NA] iter=00000 eval=00267 misfit=2.052756e+00 best=4.159377e-01
[NA] iter=00000 eval=00268 misfit=5.067806e+00 best=4.159377e-01
[NA] iter=00000 eval=00269 misfit=7.913443e-01 best=4.159377e-01
[NA] iter=00000 eval=00270 misfit=1.096386e+00 best=4.159377e-01
[NA] iter=00000 eval=00271 misfit=6.622510e-01 best=4.159377e-01
[NA] iter=00000 eval=00272 misfit=9.126174e+00 best=4.159377e-01
[NA] iter=00000 eval=00273 misfit=5.826255e-01 best=4.159377e-01
[NA] iter=00000 eval=00274 misfit=1.792455e+00 best=4.159377e-01
[NA] iter=00000 eval=00275 misfit=1.065772e+01 best=4.159377e-01
[NA] iter=00000 eval=00276 misfit=2.181411e+01 best=4.159377e-01
[NA] iter=00000 eval=00277 misfit=8.443013e-01 best=4.159377e-01
[NA] iter=00000 eval=00278 misfit=5.093539e-01 best=4.159377e-01
[NA] iter=00000 eval=00279 misfit=6.612585e-01 best=4.159377e-01
[NA] iter=00000 eval=00280 misfit=6.839653e-01 best=4.159377e-01
[NA] iter=00000 eval=00281 misfit=3.276465e+00 best=4.159377e-01
[NA] iter=00000 eval=00282 misfit=3.965227e+00 best=4.159377e-01
[NA] iter=00000 eval=00283 misfit=7.544626e-01 best=4.159377e-01
[NA] iter=00000 eval=00284 misfit=2.452253e+00 best=4.159377e-01
[NA] iter=00000 eval=00285 misfit=2.559461e+00 best=4.159377e-01
[NA] iter=00000 eval=00286 misfit=8.362231e+00 best=4.159377e-01
[NA] iter=00000 eval=00287 misfit=1.500002e+00 best=4.159377e-01
[NA] iter=00000 eval=00288 misfit=3.103435e+00 best=4.159377e-01
[NA] iter=00000 eval=00289 misfit=7.632895e-01 best=4.159377e-01
[NA] iter=00000 eval=00290 misfit=1.184871e+00 best=4.159377e-01
[NA] iter=00000 eval=00291 misfit=8.478493e-01 best=4.159377e-01
[NA] iter=00000 eval=00292 misfit=4.793370e+00 best=4.159377e-01
[NA] iter=00000 eval=00293 misfit=7.000083e-01 best=4.159377e-01
[NA] iter=00000 eval=00294 misfit=2.494041e+00 best=4.159377e-01
[NA] iter=00000 eval=00295 misfit=8.103065e-01 best=4.159377e-01
[NA] iter=00000 eval=00296 misfit=8.364051e-01 best=4.159377e-01
[NA] iter=00000 eval=00297 misfit=3.270917e+00 best=4.159377e-01
[NA] iter=00000 eval=00298 misfit=3.241886e+01 best=4.159377e-01
[NA] iter=00000 eval=00299 misfit=3.360402e+00 best=4.159377e-01
[NA] iter=00000 eval=00300 misfit=1.045652e+00 best=4.159377e-01
[NA] iter=00000 eval=00301 misfit=1.423888e+01 best=4.159377e-01
[NA] iter=00000 eval=00302 misfit=5.104978e+00 best=4.159377e-01
[NA] iter=00000 eval=00303 misfit=8.566347e-01 best=4.159377e-01
[NA] iter=00000 eval=00304 misfit=3.973687e+00 best=4.159377e-01
[NA] iter=00000 eval=00305 misfit=1.344695e+00 best=4.159377e-01
[NA] iter=00000 eval=00306 misfit=8.539843e+00 best=4.159377e-01
[NA] iter=00000 eval=00307 misfit=3.795167e+00 best=4.159377e-01
[NA] iter=00000 eval=00308 misfit=1.180044e+00 best=4.159377e-01
[NA] iter=00000 eval=00309 misfit=2.467626e+01 best=4.159377e-01
[NA] iter=00000 eval=00310 misfit=6.428101e+00 best=4.159377e-01
[NA] iter=00000 eval=00311 misfit=9.399102e-01 best=4.159377e-01
[NA] iter=00000 eval=00312 misfit=1.192247e+00 best=4.159377e-01
[NA] iter=00000 eval=00313 misfit=9.003720e-01 best=4.159377e-01
[NA] iter=00000 eval=00314 misfit=5.127492e-01 best=4.159377e-01
[NA] iter=00000 eval=00315 misfit=2.085987e+00 best=4.159377e-01
[NA] iter=00000 eval=00316 misfit=5.346845e-01 best=4.159377e-01
[NA] iter=00000 eval=00317 misfit=1.087500e+00 best=4.159377e-01
[NA] iter=00000 eval=00318 misfit=4.132354e+01 best=4.159377e-01
[NA] iter=00000 eval=00319 misfit=1.354626e+00 best=4.159377e-01
[NA] iter=00000 eval=00320 misfit=6.770726e-01 best=4.159377e-01
[NA] iter=00000 eval=00321 misfit=8.815220e+00 best=4.159377e-01
[NA] iter=00000 eval=00322 misfit=1.285108e+00 best=4.159377e-01
[NA] iter=00000 eval=00323 misfit=6.076855e+00 best=4.159377e-01
[NA] iter=00000 eval=00324 misfit=6.368066e+00 best=4.159377e-01
[NA] iter=00000 eval=00325 misfit=1.153233e+00 best=4.159377e-01
[NA] iter=00000 eval=00326 misfit=9.511557e+00 best=4.159377e-01
[NA] iter=00000 eval=00327 misfit=2.124533e+00 best=4.159377e-01
[NA] iter=00000 eval=00328 misfit=7.317029e-01 best=4.159377e-01
[NA] iter=00000 eval=00329 misfit=6.639955e+00 best=4.159377e-01
[NA] iter=00000 eval=00330 misfit=2.736752e+01 best=4.159377e-01
[NA] iter=00000 eval=00331 misfit=2.890475e+00 best=4.159377e-01
[NA] iter=00000 eval=00332 misfit=2.906412e+00 best=4.159377e-01
[NA] iter=00000 eval=00333 misfit=2.005834e+00 best=4.159377e-01
[NA] iter=00000 eval=00334 misfit=1.365693e+00 best=4.159377e-01
[NA] iter=00000 eval=00335 misfit=1.030210e+00 best=4.159377e-01
[NA] iter=00000 eval=00336 misfit=8.445999e-01 best=4.159377e-01
[NA] iter=00000 eval=00337 misfit=2.108019e+00 best=4.159377e-01
[NA] iter=00000 eval=00338 misfit=1.171011e+01 best=4.159377e-01
[NA] iter=00000 eval=00339 misfit=1.367015e+00 best=4.159377e-01
[NA] iter=00000 eval=00340 misfit=1.575218e+01 best=4.159377e-01
[NA] iter=00000 eval=00341 misfit=1.979010e+00 best=4.159377e-01
[NA] iter=00000 eval=00342 misfit=2.124357e+00 best=4.159377e-01
[NA] iter=00000 eval=00343 misfit=4.924380e+00 best=4.159377e-01
[NA] iter=00000 eval=00344 misfit=1.643548e+00 best=4.159377e-01
[NA] iter=00000 eval=00345 misfit=5.133546e+00 best=4.159377e-01
[NA] iter=00000 eval=00346 misfit=3.499638e+00 best=4.159377e-01
[NA] iter=00000 eval=00347 misfit=6.159242e+00 best=4.159377e-01
[NA] iter=00000 eval=00348 misfit=2.243148e+01 best=4.159377e-01
[NA] iter=00000 eval=00349 misfit=3.554213e+01 best=4.159377e-01
[NA] iter=00000 eval=00350 misfit=1.531182e+01 best=4.159377e-01
[NA] iter=00000 eval=00351 misfit=1.381499e+00 best=4.159377e-01
[NA] iter=00000 eval=00352 misfit=9.458375e-01 best=4.159377e-01
[NA] iter=00000 eval=00353 misfit=7.653797e+00 best=4.159377e-01
[NA] iter=00000 eval=00354 misfit=1.627058e+00 best=4.159377e-01
[NA] iter=00000 eval=00355 misfit=6.914766e-01 best=4.159377e-01
[NA] iter=00000 eval=00356 misfit=3.888336e+00 best=4.159377e-01
[NA] iter=00000 eval=00357 misfit=2.200090e+00 best=4.159377e-01
[NA] iter=00000 eval=00358 misfit=8.736994e+00 best=4.159377e-01
[NA] iter=00000 eval=00359 misfit=4.974224e+01 best=4.159377e-01
[NA] iter=00000 eval=00360 misfit=8.870265e-01 best=4.159377e-01
[NA] iter=00000 eval=00361 misfit=1.033957e+00 best=4.159377e-01
[NA] iter=00000 eval=00362 misfit=5.482372e+00 best=4.159377e-01
[NA] iter=00000 eval=00363 misfit=3.035107e+00 best=4.159377e-01
[NA] iter=00000 eval=00364 misfit=1.005464e+01 best=4.159377e-01
[NA] iter=00000 eval=00365 misfit=3.896289e+00 best=4.159377e-01
[NA] iter=00000 eval=00366 misfit=9.800085e+00 best=4.159377e-01
[NA] iter=00000 eval=00367 misfit=8.220462e-01 best=4.159377e-01
[NA] iter=00000 eval=00368 misfit=1.844712e+00 best=4.159377e-01
[NA] iter=00000 eval=00369 misfit=1.033785e+00 best=4.159377e-01
[NA] iter=00000 eval=00370 misfit=2.432952e+00 best=4.159377e-01
[NA] iter=00000 eval=00371 misfit=2.608754e+00 best=4.159377e-01
[NA] iter=00000 eval=00372 misfit=1.734284e+00 best=4.159377e-01
[NA] iter=00000 eval=00373 misfit=6.731927e-01 best=4.159377e-01
[NA] iter=00000 eval=00374 misfit=1.694983e+00 best=4.159377e-01
[NA] iter=00000 eval=00375 misfit=5.266920e+00 best=4.159377e-01
[NA] iter=00000 eval=00376 misfit=6.737148e-01 best=4.159377e-01
[NA] iter=00000 eval=00377 misfit=1.134667e+01 best=4.159377e-01
[NA] iter=00000 eval=00378 misfit=2.938599e+00 best=4.159377e-01
[NA] iter=00000 eval=00379 misfit=2.476264e+00 best=4.159377e-01
[NA] iter=00000 eval=00380 misfit=1.014740e+00 best=4.159377e-01
[NA] iter=00000 eval=00381 misfit=4.477862e+00 best=4.159377e-01
[NA] iter=00000 eval=00382 misfit=2.848384e+00 best=4.159377e-01
[NA] iter=00000 eval=00383 misfit=4.782161e+00 best=4.159377e-01
[NA] iter=00000 eval=00384 misfit=9.323963e-01 best=4.159377e-01
[NA] iter=00000 eval=00385 misfit=3.353372e+00 best=4.159377e-01
[NA] iter=00000 eval=00386 misfit=3.625916e+00 best=4.159377e-01
[NA] iter=00000 eval=00387 misfit=2.285842e+00 best=4.159377e-01
[NA] iter=00000 eval=00388 misfit=5.886049e+00 best=4.159377e-01
[NA] iter=00000 eval=00389 misfit=3.463512e+00 best=4.159377e-01
[NA] iter=00000 eval=00390 misfit=8.355478e-01 best=4.159377e-01
[NA] iter=00000 eval=00391 misfit=1.484165e+00 best=4.159377e-01
[NA] iter=00000 eval=00392 misfit=9.702653e+00 best=4.159377e-01
[NA] iter=00000 eval=00393 misfit=7.409652e-01 best=4.159377e-01
[NA] iter=00000 eval=00394 misfit=5.745299e-01 best=4.159377e-01
[NA] iter=00000 eval=00395 misfit=1.010581e+00 best=4.159377e-01
[NA] iter=00000 eval=00396 misfit=1.591549e+00 best=4.159377e-01
[NA] iter=00000 eval=00397 misfit=1.026305e+01 best=4.159377e-01
[NA] iter=00000 eval=00398 misfit=8.183252e-01 best=4.159377e-01
[NA] iter=00000 eval=00399 misfit=3.230992e+01 best=4.159377e-01
[NA] iter=00000 eval=00400 misfit=2.563078e+00 best=4.159377e-01
[NA] iter=00000 eval=00401 misfit=9.518432e-01 best=4.159377e-01
[NA] iter=00000 eval=00402 misfit=1.678792e+00 best=4.159377e-01
[NA] iter=00000 eval=00403 misfit=6.274549e+00 best=4.159377e-01
[NA] iter=00000 eval=00404 misfit=5.493964e-01 best=4.159377e-01
[NA] iter=00000 eval=00405 misfit=6.938553e-01 best=4.159377e-01
[NA] iter=00000 eval=00406 misfit=8.555263e-01 best=4.159377e-01
[NA] iter=00000 eval=00407 misfit=8.012942e-01 best=4.159377e-01
[NA] iter=00000 eval=00408 misfit=5.592608e-01 best=4.159377e-01
[NA] iter=00000 eval=00409 misfit=8.317351e-01 best=4.159377e-01
[NA] iter=00000 eval=00410 misfit=1.622305e+01 best=4.159377e-01
[NA] iter=00000 eval=00411 misfit=2.256734e+00 best=4.159377e-01
[NA] iter=00000 eval=00412 misfit=7.668052e-01 best=4.159377e-01
[NA] iter=00000 eval=00413 misfit=1.241140e+00 best=4.159377e-01
[NA] iter=00000 eval=00414 misfit=9.064682e+00 best=4.159377e-01
[NA] iter=00000 eval=00415 misfit=2.755739e+00 best=4.159377e-01
[NA] iter=00000 eval=00416 misfit=9.449485e-01 best=4.159377e-01
[NA] iter=00000 eval=00417 misfit=8.300497e-01 best=4.159377e-01
[NA] iter=00000 eval=00418 misfit=1.152940e+01 best=4.159377e-01
[NA] iter=00000 eval=00419 misfit=1.741364e+00 best=4.159377e-01
[NA] iter=00000 eval=00420 misfit=2.168475e+00 best=4.159377e-01
[NA] iter=00000 eval=00421 misfit=2.077214e+01 best=4.159377e-01
[NA] iter=00000 eval=00422 misfit=1.923832e+00 best=4.159377e-01
[NA] iter=00000 eval=00423 misfit=1.080979e+00 best=4.159377e-01
[NA] iter=00000 eval=00424 misfit=1.656766e+00 best=4.159377e-01
[NA] iter=00000 eval=00425 misfit=7.626704e-01 best=4.159377e-01
[NA] iter=00000 eval=00426 misfit=9.414922e-01 best=4.159377e-01
[NA] iter=00000 eval=00427 misfit=7.816112e+00 best=4.159377e-01
[NA] iter=00000 eval=00428 misfit=5.417478e+00 best=4.159377e-01
[NA] iter=00000 eval=00429 misfit=4.309566e-01 best=4.159377e-01
[NA] iter=00000 eval=00430 misfit=9.215604e-01 best=4.159377e-01
[NA] iter=00000 eval=00431 misfit=1.963063e+00 best=4.159377e-01
[NA] iter=00000 eval=00432 misfit=3.014518e+01 best=4.159377e-01
[NA] iter=00000 eval=00433 misfit=6.198469e-01 best=4.159377e-01
[NA] iter=00000 eval=00434 misfit=1.688459e+00 best=4.159377e-01
[NA] iter=00000 eval=00435 misfit=1.085586e+00 best=4.159377e-01
[NA] iter=00000 eval=00436 misfit=1.278902e+00 best=4.159377e-01
[NA] iter=00000 eval=00437 misfit=3.507051e+00 best=4.159377e-01
[NA] iter=00000 eval=00438 misfit=1.786154e+00 best=4.159377e-01
[NA] iter=00000 eval=00439 misfit=3.618113e+00 best=4.159377e-01
[NA] iter=00000 eval=00440 misfit=8.581173e-01 best=4.159377e-01
[NA] iter=00000 eval=00441 misfit=6.443479e-01 best=4.159377e-01
[NA] iter=00000 eval=00442 misfit=9.854278e+00 best=4.159377e-01
[NA] iter=00000 eval=00443 misfit=7.762118e+00 best=4.159377e-01
[NA] iter=00000 eval=00444 misfit=4.442487e+00 best=4.159377e-01
[NA] iter=00000 eval=00445 misfit=7.722769e+00 best=4.159377e-01
[NA] iter=00000 eval=00446 misfit=2.017221e+00 best=4.159377e-01
[NA] iter=00000 eval=00447 misfit=1.183109e+00 best=4.159377e-01
[NA] iter=00000 eval=00448 misfit=1.813830e+00 best=4.159377e-01
[NA] iter=00000 eval=00449 misfit=3.432041e+01 best=4.159377e-01
[NA] iter=00000 eval=00450 misfit=1.196431e+00 best=4.159377e-01
[NA] iter=00000 eval=00451 misfit=1.692094e+01 best=4.159377e-01
[NA] iter=00000 eval=00452 misfit=3.719011e+00 best=4.159377e-01
[NA] iter=00000 eval=00453 misfit=4.787618e+00 best=4.159377e-01
[NA] iter=00000 eval=00454 misfit=5.789781e+00 best=4.159377e-01
[NA] iter=00000 eval=00455 misfit=8.238623e-01 best=4.159377e-01
[NA] iter=00000 eval=00456 misfit=4.869116e+01 best=4.159377e-01
[NA] iter=00000 eval=00457 misfit=9.558125e-01 best=4.159377e-01
[NA] iter=00000 eval=00458 misfit=1.071929e+01 best=4.159377e-01
[NA] iter=00000 eval=00459 misfit=1.216054e+00 best=4.159377e-01
[NA] iter=00000 eval=00460 misfit=7.374442e+00 best=4.159377e-01
[NA] iter=00000 eval=00461 misfit=2.556640e+00 best=4.159377e-01
[NA] iter=00000 eval=00462 misfit=9.417731e-01 best=4.159377e-01
[NA] iter=00000 eval=00463 misfit=1.351229e+00 best=4.159377e-01
[NA] iter=00000 eval=00464 misfit=1.042783e+00 best=4.159377e-01
[NA] iter=00000 eval=00465 misfit=9.774692e-01 best=4.159377e-01
[NA] iter=00000 eval=00466 misfit=2.497920e+01 best=4.159377e-01
[NA] iter=00000 eval=00467 misfit=4.865850e+01 best=4.159377e-01
[NA] iter=00000 eval=00468 misfit=1.019634e+00 best=4.159377e-01
[NA] iter=00000 eval=00469 misfit=3.650089e+00 best=4.159377e-01
[NA] iter=00000 eval=00470 misfit=4.848831e-01 best=4.159377e-01
[NA] iter=00000 eval=00471 misfit=1.956398e+00 best=4.159377e-01
[NA] iter=00000 eval=00472 misfit=2.911844e+00 best=4.159377e-01
[NA] iter=00000 eval=00473 misfit=1.456210e+00 best=4.159377e-01
[NA] iter=00000 eval=00474 misfit=1.398056e+00 best=4.159377e-01
[NA] iter=00000 eval=00475 misfit=8.398499e-01 best=4.159377e-01
[NA] iter=00000 eval=00476 misfit=1.115747e+01 best=4.159377e-01
[NA] iter=00000 eval=00477 misfit=1.174296e+00 best=4.159377e-01
[NA] iter=00000 eval=00478 misfit=3.152097e+00 best=4.159377e-01
[NA] iter=00000 eval=00479 misfit=9.938472e-01 best=4.159377e-01
[NA] iter=00000 eval=00480 misfit=7.412083e+00 best=4.159377e-01
[NA] iter=00000 eval=00481 misfit=1.167341e+01 best=4.159377e-01
[NA] iter=00000 eval=00482 misfit=1.498266e+00 best=4.159377e-01
[NA] iter=00000 eval=00483 misfit=1.056921e+00 best=4.159377e-01
[NA] iter=00000 eval=00484 misfit=9.398164e+00 best=4.159377e-01
[NA] iter=00000 eval=00485 misfit=7.765623e-01 best=4.159377e-01
[NA] iter=00000 eval=00486 misfit=1.196229e+00 best=4.159377e-01
[NA] iter=00000 eval=00487 misfit=8.716358e+00 best=4.159377e-01
[NA] iter=00000 eval=00488 misfit=2.489933e+00 best=4.159377e-01
[NA] iter=00000 eval=00489 misfit=1.192800e+00 best=4.159377e-01
[NA] iter=00000 eval=00490 misfit=1.055240e+01 best=4.159377e-01
[NA] iter=00000 eval=00491 misfit=7.744618e-01 best=4.159377e-01
[NA] iter=00000 eval=00492 misfit=1.005568e+00 best=4.159377e-01
[NA] iter=00000 eval=00493 misfit=3.596013e+00 best=4.159377e-01
[NA] iter=00000 eval=00494 misfit=1.938732e+00 best=4.159377e-01
[NA] iter=00000 eval=00495 misfit=1.543100e+00 best=4.159377e-01
[NA] iter=00000 eval=00496 misfit=5.601110e+00 best=4.159377e-01
[NA] iter=00000 eval=00497 misfit=1.047694e+00 best=4.159377e-01
[NA] iter=00000 eval=00498 misfit=9.102954e-01 best=4.159377e-01
[NA] iter=00000 eval=00499 misfit=4.444408e+00 best=4.159377e-01
[NA] iter=00000 eval=00500 misfit=5.485458e-01 best=4.159377e-01
NAI - Optimisation Loop:   0%|          | 0/50 [00:00<?, ?it/s][NA] iter=00001 eval=00501 misfit=6.721547e-01 best=4.159377e-01
[NA] iter=00001 eval=00502 misfit=8.946206e-01 best=4.159377e-01
[NA] iter=00001 eval=00503 misfit=1.093681e+00 best=4.159377e-01
[NA] iter=00001 eval=00504 misfit=4.382714e-01 best=4.159377e-01
[NA] iter=00001 eval=00505 misfit=7.337110e-01 best=4.159377e-01
[NA] iter=00001 eval=00506 misfit=6.135132e-01 best=4.159377e-01
[NA] iter=00001 eval=00507 misfit=4.193704e-01 best=4.159377e-01
[NA] iter=00001 eval=00508 misfit=8.246651e-01 best=4.159377e-01
[NA] iter=00001 eval=00509 misfit=4.234470e-01 best=4.159377e-01
[NA] iter=00001 eval=00510 misfit=5.989852e-01 best=4.159377e-01
[NA] iter=00001 eval=00511 misfit=4.788635e-01 best=4.159377e-01
[NA] iter=00001 eval=00512 misfit=4.478026e-01 best=4.159377e-01
[NA] iter=00001 eval=00513 misfit=4.294127e-01 best=4.159377e-01
[NA] iter=00001 eval=00514 misfit=5.329898e-01 best=4.159377e-01
[NA] iter=00001 eval=00515 misfit=4.485788e-01 best=4.159377e-01
[NA] iter=00001 eval=00516 misfit=1.070547e+00 best=4.159377e-01
[NA] iter=00001 eval=00517 misfit=4.996238e-01 best=4.159377e-01
[NA] iter=00001 eval=00518 misfit=4.119869e-01 best=4.119869e-01
[NA] iter=00001 eval=00519 misfit=5.120413e-01 best=4.119869e-01
[NA] iter=00001 eval=00520 misfit=5.756863e-01 best=4.119869e-01
[NA] iter=00001 eval=00521 misfit=5.302533e-01 best=4.119869e-01
[NA] iter=00001 eval=00522 misfit=5.539305e-01 best=4.119869e-01
[NA] iter=00001 eval=00523 misfit=7.639927e-01 best=4.119869e-01
[NA] iter=00001 eval=00524 misfit=5.768935e-01 best=4.119869e-01
[NA] iter=00001 eval=00525 misfit=5.033882e-01 best=4.119869e-01
[NA] iter=00001 eval=00526 misfit=8.557391e-01 best=4.119869e-01
[NA] iter=00001 eval=00527 misfit=5.998203e-01 best=4.119869e-01
[NA] iter=00001 eval=00528 misfit=6.501705e-01 best=4.119869e-01
[NA] iter=00001 eval=00529 misfit=7.396548e-01 best=4.119869e-01
[NA] iter=00001 eval=00530 misfit=8.998132e-01 best=4.119869e-01
[NA] iter=00001 eval=00531 misfit=4.533644e-01 best=4.119869e-01
[NA] iter=00001 eval=00532 misfit=5.897653e-01 best=4.119869e-01
[NA] iter=00001 eval=00533 misfit=6.242468e-01 best=4.119869e-01
[NA] iter=00001 eval=00534 misfit=6.802646e-01 best=4.119869e-01
[NA] iter=00001 eval=00535 misfit=7.837124e-01 best=4.119869e-01
[NA] iter=00001 eval=00536 misfit=5.269620e-01 best=4.119869e-01
[NA] iter=00001 eval=00537 misfit=8.210261e-01 best=4.119869e-01
[NA] iter=00001 eval=00538 misfit=6.305110e-01 best=4.119869e-01
[NA] iter=00001 eval=00539 misfit=1.258664e+00 best=4.119869e-01
[NA] iter=00001 eval=00540 misfit=4.792015e-01 best=4.119869e-01
[NA] iter=00001 eval=00541 misfit=6.671048e-01 best=4.119869e-01
[NA] iter=00001 eval=00542 misfit=1.345152e+00 best=4.119869e-01
[NA] iter=00001 eval=00543 misfit=6.166593e-01 best=4.119869e-01
[NA] iter=00001 eval=00544 misfit=5.696397e-01 best=4.119869e-01
[NA] iter=00001 eval=00545 misfit=7.633455e-01 best=4.119869e-01
[NA] iter=00001 eval=00546 misfit=7.402640e-01 best=4.119869e-01
[NA] iter=00001 eval=00547 misfit=5.997355e-01 best=4.119869e-01
[NA] iter=00001 eval=00548 misfit=5.768747e-01 best=4.119869e-01
[NA] iter=00001 eval=00549 misfit=6.258001e-01 best=4.119869e-01
[NA] iter=00001 eval=00550 misfit=7.180133e-01 best=4.119869e-01
NAI - Optimisation Loop:   2%|▏         | 1/50 [00:18<15:06, 18.51s/it][NA] iter=00002 eval=00551 misfit=4.485886e-01 best=4.119869e-01
[NA] iter=00002 eval=00552 misfit=4.787652e-01 best=4.119869e-01
[NA] iter=00002 eval=00553 misfit=4.879733e-01 best=4.119869e-01
[NA] iter=00002 eval=00554 misfit=5.286018e-01 best=4.119869e-01
[NA] iter=00002 eval=00555 misfit=4.486764e-01 best=4.119869e-01
[NA] iter=00002 eval=00556 misfit=4.927868e-01 best=4.119869e-01
[NA] iter=00002 eval=00557 misfit=4.497657e-01 best=4.119869e-01
[NA] iter=00002 eval=00558 misfit=5.670745e-01 best=4.119869e-01
[NA] iter=00002 eval=00559 misfit=5.725490e-01 best=4.119869e-01
[NA] iter=00002 eval=00560 misfit=5.463214e-01 best=4.119869e-01
[NA] iter=00002 eval=00561 misfit=4.944084e-01 best=4.119869e-01
[NA] iter=00002 eval=00562 misfit=5.378684e-01 best=4.119869e-01
[NA] iter=00002 eval=00563 misfit=5.288478e-01 best=4.119869e-01
[NA] iter=00002 eval=00564 misfit=4.657409e-01 best=4.119869e-01
[NA] iter=00002 eval=00565 misfit=4.624110e-01 best=4.119869e-01
[NA] iter=00002 eval=00566 misfit=4.398754e-01 best=4.119869e-01
[NA] iter=00002 eval=00567 misfit=7.303631e-01 best=4.119869e-01
[NA] iter=00002 eval=00568 misfit=5.510808e-01 best=4.119869e-01
[NA] iter=00002 eval=00569 misfit=7.732931e-01 best=4.119869e-01
[NA] iter=00002 eval=00570 misfit=5.647567e-01 best=4.119869e-01
[NA] iter=00002 eval=00571 misfit=6.320170e-01 best=4.119869e-01
[NA] iter=00002 eval=00572 misfit=8.447089e-01 best=4.119869e-01
[NA] iter=00002 eval=00573 misfit=9.315932e-01 best=4.119869e-01
[NA] iter=00002 eval=00574 misfit=7.679350e-01 best=4.119869e-01
[NA] iter=00002 eval=00575 misfit=7.075949e-01 best=4.119869e-01
[NA] iter=00002 eval=00576 misfit=9.684312e-01 best=4.119869e-01
[NA] iter=00002 eval=00577 misfit=8.201649e-01 best=4.119869e-01
[NA] iter=00002 eval=00578 misfit=5.363422e-01 best=4.119869e-01
[NA] iter=00002 eval=00579 misfit=4.591447e-01 best=4.119869e-01
[NA] iter=00002 eval=00580 misfit=6.887310e-01 best=4.119869e-01
[NA] iter=00002 eval=00581 misfit=4.932475e-01 best=4.119869e-01
[NA] iter=00002 eval=00582 misfit=3.904769e-01 best=3.904769e-01
[NA] iter=00002 eval=00583 misfit=4.678809e-01 best=3.904769e-01
[NA] iter=00002 eval=00584 misfit=5.002431e-01 best=3.904769e-01
[NA] iter=00002 eval=00585 misfit=4.525405e-01 best=3.904769e-01
[NA] iter=00002 eval=00586 misfit=4.654250e-01 best=3.904769e-01
[NA] iter=00002 eval=00587 misfit=5.237481e-01 best=3.904769e-01
[NA] iter=00002 eval=00588 misfit=4.680966e-01 best=3.904769e-01
[NA] iter=00002 eval=00589 misfit=4.265799e-01 best=3.904769e-01
[NA] iter=00002 eval=00590 misfit=6.675897e-01 best=3.904769e-01
[NA] iter=00002 eval=00591 misfit=6.217354e-01 best=3.904769e-01
[NA] iter=00002 eval=00592 misfit=1.253572e+00 best=3.904769e-01
[NA] iter=00002 eval=00593 misfit=3.616620e-01 best=3.616620e-01
[NA] iter=00002 eval=00594 misfit=4.554374e-01 best=3.616620e-01
[NA] iter=00002 eval=00595 misfit=5.486618e-01 best=3.616620e-01
[NA] iter=00002 eval=00596 misfit=4.405543e-01 best=3.616620e-01
[NA] iter=00002 eval=00597 misfit=5.863502e-01 best=3.616620e-01
[NA] iter=00002 eval=00598 misfit=5.824735e-01 best=3.616620e-01
[NA] iter=00002 eval=00599 misfit=4.923060e-01 best=3.616620e-01
[NA] iter=00002 eval=00600 misfit=6.331312e-01 best=3.616620e-01
NAI - Optimisation Loop:   4%|▍         | 2/50 [00:37<14:49, 18.53s/it][NA] iter=00003 eval=00601 misfit=4.418493e-01 best=3.616620e-01
[NA] iter=00003 eval=00602 misfit=5.698059e-01 best=3.616620e-01
[NA] iter=00003 eval=00603 misfit=4.954277e-01 best=3.616620e-01
[NA] iter=00003 eval=00604 misfit=4.517594e-01 best=3.616620e-01
[NA] iter=00003 eval=00605 misfit=7.346131e-01 best=3.616620e-01
[NA] iter=00003 eval=00606 misfit=4.660334e-01 best=3.616620e-01
[NA] iter=00003 eval=00607 misfit=4.273924e-01 best=3.616620e-01
[NA] iter=00003 eval=00608 misfit=4.010380e-01 best=3.616620e-01
[NA] iter=00003 eval=00609 misfit=4.007384e-01 best=3.616620e-01
[NA] iter=00003 eval=00610 misfit=4.067314e-01 best=3.616620e-01
[NA] iter=00003 eval=00611 misfit=4.578003e-01 best=3.616620e-01
[NA] iter=00003 eval=00612 misfit=4.373101e-01 best=3.616620e-01
[NA] iter=00003 eval=00613 misfit=4.589987e-01 best=3.616620e-01
[NA] iter=00003 eval=00614 misfit=4.247622e-01 best=3.616620e-01
[NA] iter=00003 eval=00615 misfit=4.375852e-01 best=3.616620e-01
[NA] iter=00003 eval=00616 misfit=4.618916e-01 best=3.616620e-01
[NA] iter=00003 eval=00617 misfit=3.542080e-01 best=3.542080e-01
[NA] iter=00003 eval=00618 misfit=5.617035e-01 best=3.542080e-01
[NA] iter=00003 eval=00619 misfit=3.670673e-01 best=3.542080e-01
[NA] iter=00003 eval=00620 misfit=3.504926e-01 best=3.504926e-01
[NA] iter=00003 eval=00621 misfit=4.367875e-01 best=3.504926e-01
[NA] iter=00003 eval=00622 misfit=5.428770e-01 best=3.504926e-01
[NA] iter=00003 eval=00623 misfit=4.394208e-01 best=3.504926e-01
[NA] iter=00003 eval=00624 misfit=4.954212e-01 best=3.504926e-01
[NA] iter=00003 eval=00625 misfit=4.642101e-01 best=3.504926e-01
[NA] iter=00003 eval=00626 misfit=6.229970e-01 best=3.504926e-01
[NA] iter=00003 eval=00627 misfit=5.060136e-01 best=3.504926e-01
[NA] iter=00003 eval=00628 misfit=4.670005e-01 best=3.504926e-01
[NA] iter=00003 eval=00629 misfit=5.236588e-01 best=3.504926e-01
[NA] iter=00003 eval=00630 misfit=4.401766e-01 best=3.504926e-01
[NA] iter=00003 eval=00631 misfit=4.973449e-01 best=3.504926e-01
[NA] iter=00003 eval=00632 misfit=4.407125e-01 best=3.504926e-01
[NA] iter=00003 eval=00633 misfit=3.915485e-01 best=3.504926e-01
[NA] iter=00003 eval=00634 misfit=5.686182e-01 best=3.504926e-01
[NA] iter=00003 eval=00635 misfit=4.430039e-01 best=3.504926e-01
[NA] iter=00003 eval=00636 misfit=4.324595e-01 best=3.504926e-01
[NA] iter=00003 eval=00637 misfit=4.826986e-01 best=3.504926e-01
[NA] iter=00003 eval=00638 misfit=5.604112e-01 best=3.504926e-01
[NA] iter=00003 eval=00639 misfit=5.042009e-01 best=3.504926e-01
[NA] iter=00003 eval=00640 misfit=5.105728e-01 best=3.504926e-01
[NA] iter=00003 eval=00641 misfit=3.763441e-01 best=3.504926e-01
[NA] iter=00003 eval=00642 misfit=4.751473e-01 best=3.504926e-01
[NA] iter=00003 eval=00643 misfit=6.117819e-01 best=3.504926e-01
[NA] iter=00003 eval=00644 misfit=4.157970e-01 best=3.504926e-01
[NA] iter=00003 eval=00645 misfit=3.731844e-01 best=3.504926e-01
[NA] iter=00003 eval=00646 misfit=4.376228e-01 best=3.504926e-01
[NA] iter=00003 eval=00647 misfit=4.481845e-01 best=3.504926e-01
[NA] iter=00003 eval=00648 misfit=3.906795e-01 best=3.504926e-01
[NA] iter=00003 eval=00649 misfit=4.405065e-01 best=3.504926e-01
[NA] iter=00003 eval=00650 misfit=4.078713e-01 best=3.504926e-01
NAI - Optimisation Loop:   6%|▌         | 3/50 [00:55<14:35, 18.63s/it][NA] iter=00004 eval=00651 misfit=3.262942e-01 best=3.262942e-01
[NA] iter=00004 eval=00652 misfit=3.428146e-01 best=3.262942e-01
[NA] iter=00004 eval=00653 misfit=4.072793e-01 best=3.262942e-01
[NA] iter=00004 eval=00654 misfit=3.746129e-01 best=3.262942e-01
[NA] iter=00004 eval=00655 misfit=3.870667e-01 best=3.262942e-01
[NA] iter=00004 eval=00656 misfit=4.825826e-01 best=3.262942e-01
[NA] iter=00004 eval=00657 misfit=5.015305e-01 best=3.262942e-01
[NA] iter=00004 eval=00658 misfit=3.328886e-01 best=3.262942e-01
[NA] iter=00004 eval=00659 misfit=3.462917e-01 best=3.262942e-01
[NA] iter=00004 eval=00660 misfit=3.422366e-01 best=3.262942e-01
[NA] iter=00004 eval=00661 misfit=4.021811e-01 best=3.262942e-01
[NA] iter=00004 eval=00662 misfit=3.927884e-01 best=3.262942e-01
[NA] iter=00004 eval=00663 misfit=4.250283e-01 best=3.262942e-01
[NA] iter=00004 eval=00664 misfit=4.429289e-01 best=3.262942e-01
[NA] iter=00004 eval=00665 misfit=3.927550e-01 best=3.262942e-01
[NA] iter=00004 eval=00666 misfit=4.382730e-01 best=3.262942e-01
[NA] iter=00004 eval=00667 misfit=7.412515e-01 best=3.262942e-01
[NA] iter=00004 eval=00668 misfit=6.305114e-01 best=3.262942e-01
[NA] iter=00004 eval=00669 misfit=4.527359e-01 best=3.262942e-01
[NA] iter=00004 eval=00670 misfit=3.538165e-01 best=3.262942e-01
[NA] iter=00004 eval=00671 misfit=3.715279e-01 best=3.262942e-01
[NA] iter=00004 eval=00672 misfit=4.413421e-01 best=3.262942e-01
[NA] iter=00004 eval=00673 misfit=4.585535e-01 best=3.262942e-01
[NA] iter=00004 eval=00674 misfit=4.012731e-01 best=3.262942e-01
[NA] iter=00004 eval=00675 misfit=3.684987e-01 best=3.262942e-01
[NA] iter=00004 eval=00676 misfit=4.465557e-01 best=3.262942e-01
[NA] iter=00004 eval=00677 misfit=4.161385e-01 best=3.262942e-01
[NA] iter=00004 eval=00678 misfit=4.419824e-01 best=3.262942e-01
[NA] iter=00004 eval=00679 misfit=4.632098e-01 best=3.262942e-01
[NA] iter=00004 eval=00680 misfit=4.386607e-01 best=3.262942e-01
[NA] iter=00004 eval=00681 misfit=4.073400e-01 best=3.262942e-01
[NA] iter=00004 eval=00682 misfit=4.064137e-01 best=3.262942e-01
[NA] iter=00004 eval=00683 misfit=3.844535e-01 best=3.262942e-01
[NA] iter=00004 eval=00684 misfit=3.879170e-01 best=3.262942e-01
[NA] iter=00004 eval=00685 misfit=3.892407e-01 best=3.262942e-01
[NA] iter=00004 eval=00686 misfit=4.033054e-01 best=3.262942e-01
[NA] iter=00004 eval=00687 misfit=3.813633e-01 best=3.262942e-01
[NA] iter=00004 eval=00688 misfit=4.455320e-01 best=3.262942e-01
[NA] iter=00004 eval=00689 misfit=3.954610e-01 best=3.262942e-01
[NA] iter=00004 eval=00690 misfit=4.514934e-01 best=3.262942e-01
[NA] iter=00004 eval=00691 misfit=4.276211e-01 best=3.262942e-01
[NA] iter=00004 eval=00692 misfit=4.395220e-01 best=3.262942e-01
[NA] iter=00004 eval=00693 misfit=4.470959e-01 best=3.262942e-01
[NA] iter=00004 eval=00694 misfit=6.573209e-01 best=3.262942e-01
[NA] iter=00004 eval=00695 misfit=4.615940e-01 best=3.262942e-01
[NA] iter=00004 eval=00696 misfit=4.398599e-01 best=3.262942e-01
[NA] iter=00004 eval=00697 misfit=3.843229e-01 best=3.262942e-01
[NA] iter=00004 eval=00698 misfit=4.776404e-01 best=3.262942e-01
[NA] iter=00004 eval=00699 misfit=4.383058e-01 best=3.262942e-01
[NA] iter=00004 eval=00700 misfit=4.886254e-01 best=3.262942e-01
NAI - Optimisation Loop:   8%|▊         | 4/50 [01:14<14:16, 18.61s/it][NA] iter=00005 eval=00701 misfit=7.215624e-01 best=3.262942e-01
[NA] iter=00005 eval=00702 misfit=5.250834e-01 best=3.262942e-01
[NA] iter=00005 eval=00703 misfit=5.642380e-01 best=3.262942e-01
[NA] iter=00005 eval=00704 misfit=6.841665e-01 best=3.262942e-01
[NA] iter=00005 eval=00705 misfit=4.269577e-01 best=3.262942e-01
[NA] iter=00005 eval=00706 misfit=4.250934e-01 best=3.262942e-01
[NA] iter=00005 eval=00707 misfit=4.053841e-01 best=3.262942e-01
[NA] iter=00005 eval=00708 misfit=3.730601e-01 best=3.262942e-01
[NA] iter=00005 eval=00709 misfit=3.965304e-01 best=3.262942e-01
[NA] iter=00005 eval=00710 misfit=4.012083e-01 best=3.262942e-01
[NA] iter=00005 eval=00711 misfit=3.382183e-01 best=3.262942e-01
[NA] iter=00005 eval=00712 misfit=4.276403e-01 best=3.262942e-01
[NA] iter=00005 eval=00713 misfit=3.463103e-01 best=3.262942e-01
[NA] iter=00005 eval=00714 misfit=3.490939e-01 best=3.262942e-01
[NA] iter=00005 eval=00715 misfit=3.448884e-01 best=3.262942e-01
[NA] iter=00005 eval=00716 misfit=3.480769e-01 best=3.262942e-01
[NA] iter=00005 eval=00717 misfit=5.834723e-01 best=3.262942e-01
[NA] iter=00005 eval=00718 misfit=3.673940e-01 best=3.262942e-01
[NA] iter=00005 eval=00719 misfit=3.699526e-01 best=3.262942e-01
[NA] iter=00005 eval=00720 misfit=4.167887e-01 best=3.262942e-01
[NA] iter=00005 eval=00721 misfit=4.090544e-01 best=3.262942e-01
[NA] iter=00005 eval=00722 misfit=3.485562e-01 best=3.262942e-01
[NA] iter=00005 eval=00723 misfit=3.793794e-01 best=3.262942e-01
[NA] iter=00005 eval=00724 misfit=4.533830e-01 best=3.262942e-01
[NA] iter=00005 eval=00725 misfit=3.347992e-01 best=3.262942e-01
[NA] iter=00005 eval=00726 misfit=3.258481e-01 best=3.258481e-01
[NA] iter=00005 eval=00727 misfit=3.460032e-01 best=3.258481e-01
[NA] iter=00005 eval=00728 misfit=3.844637e-01 best=3.258481e-01
[NA] iter=00005 eval=00729 misfit=3.373245e-01 best=3.258481e-01
[NA] iter=00005 eval=00730 misfit=3.258696e-01 best=3.258481e-01
[NA] iter=00005 eval=00731 misfit=3.314801e-01 best=3.258481e-01
[NA] iter=00005 eval=00732 misfit=3.608490e-01 best=3.258481e-01
[NA] iter=00005 eval=00733 misfit=3.502702e-01 best=3.258481e-01
[NA] iter=00005 eval=00734 misfit=3.575847e-01 best=3.258481e-01
[NA] iter=00005 eval=00735 misfit=3.451805e-01 best=3.258481e-01
[NA] iter=00005 eval=00736 misfit=3.484045e-01 best=3.258481e-01
[NA] iter=00005 eval=00737 misfit=3.769934e-01 best=3.258481e-01
[NA] iter=00005 eval=00738 misfit=3.741374e-01 best=3.258481e-01
[NA] iter=00005 eval=00739 misfit=3.898086e-01 best=3.258481e-01
[NA] iter=00005 eval=00740 misfit=3.952328e-01 best=3.258481e-01
[NA] iter=00005 eval=00741 misfit=3.691895e-01 best=3.258481e-01
[NA] iter=00005 eval=00742 misfit=3.733303e-01 best=3.258481e-01
[NA] iter=00005 eval=00743 misfit=4.030775e-01 best=3.258481e-01
[NA] iter=00005 eval=00744 misfit=3.747277e-01 best=3.258481e-01
[NA] iter=00005 eval=00745 misfit=3.780346e-01 best=3.258481e-01
[NA] iter=00005 eval=00746 misfit=4.829054e-01 best=3.258481e-01
[NA] iter=00005 eval=00747 misfit=3.837127e-01 best=3.258481e-01
[NA] iter=00005 eval=00748 misfit=4.784478e-01 best=3.258481e-01
[NA] iter=00005 eval=00749 misfit=4.396218e-01 best=3.258481e-01
[NA] iter=00005 eval=00750 misfit=4.688921e-01 best=3.258481e-01
NAI - Optimisation Loop:  10%|█         | 5/50 [01:33<14:01, 18.71s/it][NA] iter=00006 eval=00751 misfit=3.273431e-01 best=3.258481e-01
[NA] iter=00006 eval=00752 misfit=3.180494e-01 best=3.180494e-01
[NA] iter=00006 eval=00753 misfit=3.292322e-01 best=3.180494e-01
[NA] iter=00006 eval=00754 misfit=3.992798e-01 best=3.180494e-01
[NA] iter=00006 eval=00755 misfit=3.186656e-01 best=3.180494e-01
[NA] iter=00006 eval=00756 misfit=3.494859e-01 best=3.180494e-01
[NA] iter=00006 eval=00757 misfit=3.410662e-01 best=3.180494e-01
[NA] iter=00006 eval=00758 misfit=3.328418e-01 best=3.180494e-01
[NA] iter=00006 eval=00759 misfit=3.436765e-01 best=3.180494e-01
[NA] iter=00006 eval=00760 misfit=3.390781e-01 best=3.180494e-01
[NA] iter=00006 eval=00761 misfit=5.629182e-01 best=3.180494e-01
[NA] iter=00006 eval=00762 misfit=4.260928e-01 best=3.180494e-01
[NA] iter=00006 eval=00763 misfit=3.334079e-01 best=3.180494e-01
[NA] iter=00006 eval=00764 misfit=4.947121e-01 best=3.180494e-01
[NA] iter=00006 eval=00765 misfit=4.615613e-01 best=3.180494e-01
[NA] iter=00006 eval=00766 misfit=3.522911e-01 best=3.180494e-01
[NA] iter=00006 eval=00767 misfit=4.010705e-01 best=3.180494e-01
[NA] iter=00006 eval=00768 misfit=3.297559e-01 best=3.180494e-01
[NA] iter=00006 eval=00769 misfit=3.445501e-01 best=3.180494e-01
[NA] iter=00006 eval=00770 misfit=3.421700e-01 best=3.180494e-01
[NA] iter=00006 eval=00771 misfit=3.352517e-01 best=3.180494e-01
[NA] iter=00006 eval=00772 misfit=3.414830e-01 best=3.180494e-01
[NA] iter=00006 eval=00773 misfit=3.761291e-01 best=3.180494e-01
[NA] iter=00006 eval=00774 misfit=3.488964e-01 best=3.180494e-01
[NA] iter=00006 eval=00775 misfit=3.368487e-01 best=3.180494e-01
[NA] iter=00006 eval=00776 misfit=3.686420e-01 best=3.180494e-01
[NA] iter=00006 eval=00777 misfit=3.724624e-01 best=3.180494e-01
[NA] iter=00006 eval=00778 misfit=3.442078e-01 best=3.180494e-01
[NA] iter=00006 eval=00779 misfit=3.493419e-01 best=3.180494e-01
[NA] iter=00006 eval=00780 misfit=3.735820e-01 best=3.180494e-01
[NA] iter=00006 eval=00781 misfit=3.285249e-01 best=3.180494e-01
[NA] iter=00006 eval=00782 misfit=3.770798e-01 best=3.180494e-01
[NA] iter=00006 eval=00783 misfit=3.251613e-01 best=3.180494e-01
[NA] iter=00006 eval=00784 misfit=4.214560e-01 best=3.180494e-01
[NA] iter=00006 eval=00785 misfit=4.106980e-01 best=3.180494e-01
[NA] iter=00006 eval=00786 misfit=3.612032e-01 best=3.180494e-01
[NA] iter=00006 eval=00787 misfit=4.309870e-01 best=3.180494e-01
[NA] iter=00006 eval=00788 misfit=3.394791e-01 best=3.180494e-01
[NA] iter=00006 eval=00789 misfit=3.662233e-01 best=3.180494e-01
[NA] iter=00006 eval=00790 misfit=3.765879e-01 best=3.180494e-01
[NA] iter=00006 eval=00791 misfit=3.969578e-01 best=3.180494e-01
[NA] iter=00006 eval=00792 misfit=3.491313e-01 best=3.180494e-01
[NA] iter=00006 eval=00793 misfit=3.352026e-01 best=3.180494e-01
[NA] iter=00006 eval=00794 misfit=3.604153e-01 best=3.180494e-01
[NA] iter=00006 eval=00795 misfit=3.472043e-01 best=3.180494e-01
[NA] iter=00006 eval=00796 misfit=3.923495e-01 best=3.180494e-01
[NA] iter=00006 eval=00797 misfit=4.158370e-01 best=3.180494e-01
[NA] iter=00006 eval=00798 misfit=3.400045e-01 best=3.180494e-01
[NA] iter=00006 eval=00799 misfit=3.419343e-01 best=3.180494e-01
[NA] iter=00006 eval=00800 misfit=3.265942e-01 best=3.180494e-01
NAI - Optimisation Loop:  12%|█▏        | 6/50 [01:51<13:39, 18.61s/it][NA] iter=00007 eval=00801 misfit=3.420673e-01 best=3.180494e-01
[NA] iter=00007 eval=00802 misfit=3.214957e-01 best=3.180494e-01
[NA] iter=00007 eval=00803 misfit=3.179187e-01 best=3.179187e-01
[NA] iter=00007 eval=00804 misfit=3.116898e-01 best=3.116898e-01
[NA] iter=00007 eval=00805 misfit=3.174006e-01 best=3.116898e-01
[NA] iter=00007 eval=00806 misfit=3.500199e-01 best=3.116898e-01
[NA] iter=00007 eval=00807 misfit=3.289010e-01 best=3.116898e-01
[NA] iter=00007 eval=00808 misfit=3.164377e-01 best=3.116898e-01
[NA] iter=00007 eval=00809 misfit=3.699752e-01 best=3.116898e-01
[NA] iter=00007 eval=00810 misfit=3.735967e-01 best=3.116898e-01
[NA] iter=00007 eval=00811 misfit=3.317060e-01 best=3.116898e-01
[NA] iter=00007 eval=00812 misfit=3.234570e-01 best=3.116898e-01
[NA] iter=00007 eval=00813 misfit=3.800163e-01 best=3.116898e-01
[NA] iter=00007 eval=00814 misfit=3.809958e-01 best=3.116898e-01
[NA] iter=00007 eval=00815 misfit=3.269442e-01 best=3.116898e-01
[NA] iter=00007 eval=00816 misfit=3.319488e-01 best=3.116898e-01
[NA] iter=00007 eval=00817 misfit=3.473836e-01 best=3.116898e-01
[NA] iter=00007 eval=00818 misfit=3.216023e-01 best=3.116898e-01
[NA] iter=00007 eval=00819 misfit=3.521207e-01 best=3.116898e-01
[NA] iter=00007 eval=00820 misfit=3.449518e-01 best=3.116898e-01
[NA] iter=00007 eval=00821 misfit=3.399438e-01 best=3.116898e-01
[NA] iter=00007 eval=00822 misfit=3.224270e-01 best=3.116898e-01
[NA] iter=00007 eval=00823 misfit=3.470863e-01 best=3.116898e-01
[NA] iter=00007 eval=00824 misfit=3.493914e-01 best=3.116898e-01
[NA] iter=00007 eval=00825 misfit=3.319651e-01 best=3.116898e-01
[NA] iter=00007 eval=00826 misfit=3.628715e-01 best=3.116898e-01
[NA] iter=00007 eval=00827 misfit=3.124390e-01 best=3.116898e-01
[NA] iter=00007 eval=00828 misfit=3.871053e-01 best=3.116898e-01
[NA] iter=00007 eval=00829 misfit=3.562188e-01 best=3.116898e-01
[NA] iter=00007 eval=00830 misfit=3.189946e-01 best=3.116898e-01
[NA] iter=00007 eval=00831 misfit=3.512518e-01 best=3.116898e-01
[NA] iter=00007 eval=00832 misfit=3.147372e-01 best=3.116898e-01
[NA] iter=00007 eval=00833 misfit=3.371602e-01 best=3.116898e-01
[NA] iter=00007 eval=00834 misfit=3.167048e-01 best=3.116898e-01
[NA] iter=00007 eval=00835 misfit=3.285529e-01 best=3.116898e-01
[NA] iter=00007 eval=00836 misfit=3.401628e-01 best=3.116898e-01
[NA] iter=00007 eval=00837 misfit=3.232614e-01 best=3.116898e-01
[NA] iter=00007 eval=00838 misfit=3.360749e-01 best=3.116898e-01
[NA] iter=00007 eval=00839 misfit=3.696270e-01 best=3.116898e-01
[NA] iter=00007 eval=00840 misfit=3.553902e-01 best=3.116898e-01
[NA] iter=00007 eval=00841 misfit=3.163124e-01 best=3.116898e-01
[NA] iter=00007 eval=00842 misfit=3.617313e-01 best=3.116898e-01
[NA] iter=00007 eval=00843 misfit=4.474817e-01 best=3.116898e-01
[NA] iter=00007 eval=00844 misfit=3.169277e-01 best=3.116898e-01
[NA] iter=00007 eval=00845 misfit=3.240789e-01 best=3.116898e-01
[NA] iter=00007 eval=00846 misfit=3.655724e-01 best=3.116898e-01
[NA] iter=00007 eval=00847 misfit=3.360790e-01 best=3.116898e-01
[NA] iter=00007 eval=00848 misfit=3.608952e-01 best=3.116898e-01
[NA] iter=00007 eval=00849 misfit=3.697868e-01 best=3.116898e-01
[NA] iter=00007 eval=00850 misfit=3.655665e-01 best=3.116898e-01
NAI - Optimisation Loop:  14%|█▍        | 7/50 [02:10<13:22, 18.67s/it][NA] iter=00008 eval=00851 misfit=3.176345e-01 best=3.116898e-01
[NA] iter=00008 eval=00852 misfit=3.175136e-01 best=3.116898e-01
[NA] iter=00008 eval=00853 misfit=3.174592e-01 best=3.116898e-01
[NA] iter=00008 eval=00854 misfit=3.346989e-01 best=3.116898e-01
[NA] iter=00008 eval=00855 misfit=3.204677e-01 best=3.116898e-01
[NA] iter=00008 eval=00856 misfit=4.142907e-01 best=3.116898e-01
[NA] iter=00008 eval=00857 misfit=3.761068e-01 best=3.116898e-01
[NA] iter=00008 eval=00858 misfit=3.620470e-01 best=3.116898e-01
[NA] iter=00008 eval=00859 misfit=3.602762e-01 best=3.116898e-01
[NA] iter=00008 eval=00860 misfit=3.249455e-01 best=3.116898e-01
[NA] iter=00008 eval=00861 misfit=3.528144e-01 best=3.116898e-01
[NA] iter=00008 eval=00862 misfit=3.208294e-01 best=3.116898e-01
[NA] iter=00008 eval=00863 misfit=3.057391e-01 best=3.057391e-01
[NA] iter=00008 eval=00864 misfit=3.068865e-01 best=3.057391e-01
[NA] iter=00008 eval=00865 misfit=3.336285e-01 best=3.057391e-01
[NA] iter=00008 eval=00866 misfit=3.318964e-01 best=3.057391e-01
[NA] iter=00008 eval=00867 misfit=3.232587e-01 best=3.057391e-01
[NA] iter=00008 eval=00868 misfit=3.554049e-01 best=3.057391e-01
[NA] iter=00008 eval=00869 misfit=3.392802e-01 best=3.057391e-01
[NA] iter=00008 eval=00870 misfit=3.376223e-01 best=3.057391e-01
[NA] iter=00008 eval=00871 misfit=3.354421e-01 best=3.057391e-01
[NA] iter=00008 eval=00872 misfit=3.444569e-01 best=3.057391e-01
[NA] iter=00008 eval=00873 misfit=3.664043e-01 best=3.057391e-01
[NA] iter=00008 eval=00874 misfit=3.392550e-01 best=3.057391e-01
[NA] iter=00008 eval=00875 misfit=3.243179e-01 best=3.057391e-01
[NA] iter=00008 eval=00876 misfit=3.275360e-01 best=3.057391e-01
[NA] iter=00008 eval=00877 misfit=3.604222e-01 best=3.057391e-01
[NA] iter=00008 eval=00878 misfit=3.226241e-01 best=3.057391e-01
[NA] iter=00008 eval=00879 misfit=3.450058e-01 best=3.057391e-01
[NA] iter=00008 eval=00880 misfit=3.205602e-01 best=3.057391e-01
[NA] iter=00008 eval=00881 misfit=3.106469e-01 best=3.057391e-01
[NA] iter=00008 eval=00882 misfit=3.023689e-01 best=3.023689e-01
[NA] iter=00008 eval=00883 misfit=3.213337e-01 best=3.023689e-01
[NA] iter=00008 eval=00884 misfit=3.216723e-01 best=3.023689e-01
[NA] iter=00008 eval=00885 misfit=3.438431e-01 best=3.023689e-01
[NA] iter=00008 eval=00886 misfit=3.212185e-01 best=3.023689e-01
[NA] iter=00008 eval=00887 misfit=3.173505e-01 best=3.023689e-01
[NA] iter=00008 eval=00888 misfit=3.151288e-01 best=3.023689e-01
[NA] iter=00008 eval=00889 misfit=3.248264e-01 best=3.023689e-01
[NA] iter=00008 eval=00890 misfit=3.571816e-01 best=3.023689e-01
[NA] iter=00008 eval=00891 misfit=3.931778e-01 best=3.023689e-01
[NA] iter=00008 eval=00892 misfit=3.636880e-01 best=3.023689e-01
[NA] iter=00008 eval=00893 misfit=3.869764e-01 best=3.023689e-01
[NA] iter=00008 eval=00894 misfit=3.116237e-01 best=3.023689e-01
[NA] iter=00008 eval=00895 misfit=3.120807e-01 best=3.023689e-01
[NA] iter=00008 eval=00896 misfit=3.224788e-01 best=3.023689e-01
[NA] iter=00008 eval=00897 misfit=3.116220e-01 best=3.023689e-01
[NA] iter=00008 eval=00898 misfit=3.538124e-01 best=3.023689e-01
[NA] iter=00008 eval=00899 misfit=3.585696e-01 best=3.023689e-01
[NA] iter=00008 eval=00900 misfit=3.173970e-01 best=3.023689e-01
NAI - Optimisation Loop:  16%|█▌        | 8/50 [02:30<13:15, 18.95s/it][NA] iter=00009 eval=00901 misfit=3.096218e-01 best=3.023689e-01
[NA] iter=00009 eval=00902 misfit=3.064282e-01 best=3.023689e-01
[NA] iter=00009 eval=00903 misfit=3.094863e-01 best=3.023689e-01
[NA] iter=00009 eval=00904 misfit=3.049486e-01 best=3.023689e-01
[NA] iter=00009 eval=00905 misfit=3.132176e-01 best=3.023689e-01
[NA] iter=00009 eval=00906 misfit=3.080012e-01 best=3.023689e-01
[NA] iter=00009 eval=00907 misfit=2.997984e-01 best=2.997984e-01
[NA] iter=00009 eval=00908 misfit=3.090159e-01 best=2.997984e-01
[NA] iter=00009 eval=00909 misfit=3.245491e-01 best=2.997984e-01
[NA] iter=00009 eval=00910 misfit=3.065260e-01 best=2.997984e-01
[NA] iter=00009 eval=00911 misfit=3.118410e-01 best=2.997984e-01
[NA] iter=00009 eval=00912 misfit=3.007220e-01 best=2.997984e-01
[NA] iter=00009 eval=00913 misfit=3.397470e-01 best=2.997984e-01
[NA] iter=00009 eval=00914 misfit=3.459480e-01 best=2.997984e-01
[NA] iter=00009 eval=00915 misfit=3.134634e-01 best=2.997984e-01
[NA] iter=00009 eval=00916 misfit=3.905614e-01 best=2.997984e-01
[NA] iter=00009 eval=00917 misfit=3.165103e-01 best=2.997984e-01
[NA] iter=00009 eval=00918 misfit=3.712112e-01 best=2.997984e-01
[NA] iter=00009 eval=00919 misfit=4.178333e-01 best=2.997984e-01
[NA] iter=00009 eval=00920 misfit=3.131607e-01 best=2.997984e-01
[NA] iter=00009 eval=00921 misfit=3.070566e-01 best=2.997984e-01
[NA] iter=00009 eval=00922 misfit=3.117808e-01 best=2.997984e-01
[NA] iter=00009 eval=00923 misfit=3.116280e-01 best=2.997984e-01
[NA] iter=00009 eval=00924 misfit=3.090033e-01 best=2.997984e-01
[NA] iter=00009 eval=00925 misfit=3.147910e-01 best=2.997984e-01
[NA] iter=00009 eval=00926 misfit=3.156282e-01 best=2.997984e-01
[NA] iter=00009 eval=00927 misfit=3.530991e-01 best=2.997984e-01
[NA] iter=00009 eval=00928 misfit=3.117602e-01 best=2.997984e-01
[NA] iter=00009 eval=00929 misfit=3.725194e-01 best=2.997984e-01
[NA] iter=00009 eval=00930 misfit=3.066023e-01 best=2.997984e-01
[NA] iter=00009 eval=00931 misfit=3.114204e-01 best=2.997984e-01
[NA] iter=00009 eval=00932 misfit=3.110355e-01 best=2.997984e-01
[NA] iter=00009 eval=00933 misfit=3.100209e-01 best=2.997984e-01
[NA] iter=00009 eval=00934 misfit=3.071293e-01 best=2.997984e-01
[NA] iter=00009 eval=00935 misfit=3.139380e-01 best=2.997984e-01
[NA] iter=00009 eval=00936 misfit=3.062236e-01 best=2.997984e-01
[NA] iter=00009 eval=00937 misfit=3.321048e-01 best=2.997984e-01
[NA] iter=00009 eval=00938 misfit=3.272331e-01 best=2.997984e-01
[NA] iter=00009 eval=00939 misfit=3.147152e-01 best=2.997984e-01
[NA] iter=00009 eval=00940 misfit=3.186713e-01 best=2.997984e-01
[NA] iter=00009 eval=00941 misfit=3.441110e-01 best=2.997984e-01
[NA] iter=00009 eval=00942 misfit=3.537553e-01 best=2.997984e-01
[NA] iter=00009 eval=00943 misfit=3.379135e-01 best=2.997984e-01
[NA] iter=00009 eval=00944 misfit=3.331705e-01 best=2.997984e-01
[NA] iter=00009 eval=00945 misfit=3.055721e-01 best=2.997984e-01
[NA] iter=00009 eval=00946 misfit=3.057618e-01 best=2.997984e-01
[NA] iter=00009 eval=00947 misfit=3.097209e-01 best=2.997984e-01
[NA] iter=00009 eval=00948 misfit=3.104091e-01 best=2.997984e-01
[NA] iter=00009 eval=00949 misfit=3.440073e-01 best=2.997984e-01
[NA] iter=00009 eval=00950 misfit=3.235853e-01 best=2.997984e-01
NAI - Optimisation Loop:  18%|█▊        | 9/50 [02:48<12:55, 18.93s/it][NA] iter=00010 eval=00951 misfit=3.278302e-01 best=2.997984e-01
[NA] iter=00010 eval=00952 misfit=3.232526e-01 best=2.997984e-01
[NA] iter=00010 eval=00953 misfit=3.220767e-01 best=2.997984e-01
[NA] iter=00010 eval=00954 misfit=3.726576e-01 best=2.997984e-01
[NA] iter=00010 eval=00955 misfit=2.970647e-01 best=2.970647e-01
[NA] iter=00010 eval=00956 misfit=3.041403e-01 best=2.970647e-01
[NA] iter=00010 eval=00957 misfit=3.063826e-01 best=2.970647e-01
[NA] iter=00010 eval=00958 misfit=3.142631e-01 best=2.970647e-01
[NA] iter=00010 eval=00959 misfit=3.163630e-01 best=2.970647e-01
[NA] iter=00010 eval=00960 misfit=3.086466e-01 best=2.970647e-01
[NA] iter=00010 eval=00961 misfit=3.051296e-01 best=2.970647e-01
[NA] iter=00010 eval=00962 misfit=3.120459e-01 best=2.970647e-01
[NA] iter=00010 eval=00963 misfit=3.102133e-01 best=2.970647e-01
[NA] iter=00010 eval=00964 misfit=3.077515e-01 best=2.970647e-01
[NA] iter=00010 eval=00965 misfit=3.141475e-01 best=2.970647e-01
[NA] iter=00010 eval=00966 misfit=3.026402e-01 best=2.970647e-01
[NA] iter=00010 eval=00967 misfit=3.180231e-01 best=2.970647e-01
[NA] iter=00010 eval=00968 misfit=3.128837e-01 best=2.970647e-01
[NA] iter=00010 eval=00969 misfit=3.216777e-01 best=2.970647e-01
[NA] iter=00010 eval=00970 misfit=3.016252e-01 best=2.970647e-01
[NA] iter=00010 eval=00971 misfit=3.174807e-01 best=2.970647e-01
[NA] iter=00010 eval=00972 misfit=3.098283e-01 best=2.970647e-01
[NA] iter=00010 eval=00973 misfit=3.279271e-01 best=2.970647e-01
[NA] iter=00010 eval=00974 misfit=3.401764e-01 best=2.970647e-01
[NA] iter=00010 eval=00975 misfit=2.997357e-01 best=2.970647e-01
[NA] iter=00010 eval=00976 misfit=3.084656e-01 best=2.970647e-01
[NA] iter=00010 eval=00977 misfit=3.149396e-01 best=2.970647e-01
[NA] iter=00010 eval=00978 misfit=3.106090e-01 best=2.970647e-01
[NA] iter=00010 eval=00979 misfit=3.118392e-01 best=2.970647e-01
[NA] iter=00010 eval=00980 misfit=3.108366e-01 best=2.970647e-01
[NA] iter=00010 eval=00981 misfit=3.028002e-01 best=2.970647e-01
[NA] iter=00010 eval=00982 misfit=3.003554e-01 best=2.970647e-01
[NA] iter=00010 eval=00983 misfit=2.986330e-01 best=2.970647e-01
[NA] iter=00010 eval=00984 misfit=3.066790e-01 best=2.970647e-01
[NA] iter=00010 eval=00985 misfit=3.022021e-01 best=2.970647e-01
[NA] iter=00010 eval=00986 misfit=3.112205e-01 best=2.970647e-01
[NA] iter=00010 eval=00987 misfit=3.085998e-01 best=2.970647e-01
[NA] iter=00010 eval=00988 misfit=3.059755e-01 best=2.970647e-01
[NA] iter=00010 eval=00989 misfit=3.165115e-01 best=2.970647e-01
[NA] iter=00010 eval=00990 misfit=3.056374e-01 best=2.970647e-01
[NA] iter=00010 eval=00991 misfit=3.099320e-01 best=2.970647e-01
[NA] iter=00010 eval=00992 misfit=3.101639e-01 best=2.970647e-01
[NA] iter=00010 eval=00993 misfit=3.076376e-01 best=2.970647e-01
[NA] iter=00010 eval=00994 misfit=3.056528e-01 best=2.970647e-01
[NA] iter=00010 eval=00995 misfit=3.097619e-01 best=2.970647e-01
[NA] iter=00010 eval=00996 misfit=3.203403e-01 best=2.970647e-01
[NA] iter=00010 eval=00997 misfit=3.268623e-01 best=2.970647e-01
[NA] iter=00010 eval=00998 misfit=3.141902e-01 best=2.970647e-01
[NA] iter=00010 eval=00999 misfit=3.111986e-01 best=2.970647e-01
[NA] iter=00010 eval=01000 misfit=3.565212e-01 best=2.970647e-01
NAI - Optimisation Loop:  20%|██        | 10/50 [03:07<12:32, 18.81s/it][NA] iter=00011 eval=01001 misfit=3.069776e-01 best=2.970647e-01
[NA] iter=00011 eval=01002 misfit=3.313319e-01 best=2.970647e-01
[NA] iter=00011 eval=01003 misfit=3.036207e-01 best=2.970647e-01
[NA] iter=00011 eval=01004 misfit=3.169499e-01 best=2.970647e-01
[NA] iter=00011 eval=01005 misfit=3.018410e-01 best=2.970647e-01
[NA] iter=00011 eval=01006 misfit=3.138992e-01 best=2.970647e-01
[NA] iter=00011 eval=01007 misfit=3.069588e-01 best=2.970647e-01
[NA] iter=00011 eval=01008 misfit=3.104532e-01 best=2.970647e-01
[NA] iter=00011 eval=01009 misfit=3.045610e-01 best=2.970647e-01
[NA] iter=00011 eval=01010 misfit=2.989809e-01 best=2.970647e-01
[NA] iter=00011 eval=01011 misfit=3.022689e-01 best=2.970647e-01
[NA] iter=00011 eval=01012 misfit=3.013037e-01 best=2.970647e-01
[NA] iter=00011 eval=01013 misfit=3.004261e-01 best=2.970647e-01
[NA] iter=00011 eval=01014 misfit=3.029233e-01 best=2.970647e-01
[NA] iter=00011 eval=01015 misfit=3.040204e-01 best=2.970647e-01
[NA] iter=00011 eval=01016 misfit=3.019490e-01 best=2.970647e-01
[NA] iter=00011 eval=01017 misfit=3.223250e-01 best=2.970647e-01
[NA] iter=00011 eval=01018 misfit=3.088007e-01 best=2.970647e-01
[NA] iter=00011 eval=01019 misfit=3.111212e-01 best=2.970647e-01
[NA] iter=00011 eval=01020 misfit=3.091862e-01 best=2.970647e-01
[NA] iter=00011 eval=01021 misfit=3.152159e-01 best=2.970647e-01
[NA] iter=00011 eval=01022 misfit=2.988129e-01 best=2.970647e-01
[NA] iter=00011 eval=01023 misfit=3.044677e-01 best=2.970647e-01
[NA] iter=00011 eval=01024 misfit=3.088261e-01 best=2.970647e-01
[NA] iter=00011 eval=01025 misfit=3.033235e-01 best=2.970647e-01
[NA] iter=00011 eval=01026 misfit=3.069618e-01 best=2.970647e-01
[NA] iter=00011 eval=01027 misfit=3.116214e-01 best=2.970647e-01
[NA] iter=00011 eval=01028 misfit=3.015759e-01 best=2.970647e-01
[NA] iter=00011 eval=01029 misfit=3.064925e-01 best=2.970647e-01
[NA] iter=00011 eval=01030 misfit=3.111502e-01 best=2.970647e-01
[NA] iter=00011 eval=01031 misfit=3.054127e-01 best=2.970647e-01
[NA] iter=00011 eval=01032 misfit=3.305968e-01 best=2.970647e-01
[NA] iter=00011 eval=01033 misfit=3.017172e-01 best=2.970647e-01
[NA] iter=00011 eval=01034 misfit=3.232122e-01 best=2.970647e-01
[NA] iter=00011 eval=01035 misfit=3.146836e-01 best=2.970647e-01
[NA] iter=00011 eval=01036 misfit=3.346543e-01 best=2.970647e-01
[NA] iter=00011 eval=01037 misfit=3.175050e-01 best=2.970647e-01
[NA] iter=00011 eval=01038 misfit=3.006967e-01 best=2.970647e-01
[NA] iter=00011 eval=01039 misfit=3.058962e-01 best=2.970647e-01
[NA] iter=00011 eval=01040 misfit=3.147882e-01 best=2.970647e-01
[NA] iter=00011 eval=01041 misfit=3.062302e-01 best=2.970647e-01
[NA] iter=00011 eval=01042 misfit=3.039616e-01 best=2.970647e-01
[NA] iter=00011 eval=01043 misfit=3.083301e-01 best=2.970647e-01
[NA] iter=00011 eval=01044 misfit=3.019887e-01 best=2.970647e-01
[NA] iter=00011 eval=01045 misfit=3.120165e-01 best=2.970647e-01
[NA] iter=00011 eval=01046 misfit=3.090906e-01 best=2.970647e-01
[NA] iter=00011 eval=01047 misfit=3.143584e-01 best=2.970647e-01
[NA] iter=00011 eval=01048 misfit=3.050123e-01 best=2.970647e-01
[NA] iter=00011 eval=01049 misfit=3.018895e-01 best=2.970647e-01
[NA] iter=00011 eval=01050 misfit=3.115473e-01 best=2.970647e-01
NAI - Optimisation Loop:  22%|██▏       | 11/50 [03:25<12:09, 18.70s/it][NA] iter=00012 eval=01051 misfit=3.020298e-01 best=2.970647e-01
[NA] iter=00012 eval=01052 misfit=3.005693e-01 best=2.970647e-01
[NA] iter=00012 eval=01053 misfit=3.020041e-01 best=2.970647e-01
[NA] iter=00012 eval=01054 misfit=3.044126e-01 best=2.970647e-01
[NA] iter=00012 eval=01055 misfit=3.069162e-01 best=2.970647e-01
[NA] iter=00012 eval=01056 misfit=2.975637e-01 best=2.970647e-01
[NA] iter=00012 eval=01057 misfit=2.994289e-01 best=2.970647e-01
[NA] iter=00012 eval=01058 misfit=2.973388e-01 best=2.970647e-01
[NA] iter=00012 eval=01059 misfit=2.989021e-01 best=2.970647e-01
[NA] iter=00012 eval=01060 misfit=2.972792e-01 best=2.970647e-01
[NA] iter=00012 eval=01061 misfit=3.014373e-01 best=2.970647e-01
[NA] iter=00012 eval=01062 misfit=3.009973e-01 best=2.970647e-01
[NA] iter=00012 eval=01063 misfit=2.981187e-01 best=2.970647e-01
[NA] iter=00012 eval=01064 misfit=3.011902e-01 best=2.970647e-01
[NA] iter=00012 eval=01065 misfit=3.060186e-01 best=2.970647e-01
[NA] iter=00012 eval=01066 misfit=3.040428e-01 best=2.970647e-01
[NA] iter=00012 eval=01067 misfit=2.995057e-01 best=2.970647e-01
[NA] iter=00012 eval=01068 misfit=3.052792e-01 best=2.970647e-01
[NA] iter=00012 eval=01069 misfit=2.991630e-01 best=2.970647e-01
[NA] iter=00012 eval=01070 misfit=2.980863e-01 best=2.970647e-01
[NA] iter=00012 eval=01071 misfit=3.067187e-01 best=2.970647e-01
[NA] iter=00012 eval=01072 misfit=3.400797e-01 best=2.970647e-01
[NA] iter=00012 eval=01073 misfit=2.968470e-01 best=2.968470e-01
[NA] iter=00012 eval=01074 misfit=3.050866e-01 best=2.968470e-01
[NA] iter=00012 eval=01075 misfit=2.987367e-01 best=2.968470e-01
[NA] iter=00012 eval=01076 misfit=3.018875e-01 best=2.968470e-01
[NA] iter=00012 eval=01077 misfit=3.123126e-01 best=2.968470e-01
[NA] iter=00012 eval=01078 misfit=3.019636e-01 best=2.968470e-01
[NA] iter=00012 eval=01079 misfit=2.967448e-01 best=2.967448e-01
[NA] iter=00012 eval=01080 misfit=3.067213e-01 best=2.967448e-01
[NA] iter=00012 eval=01081 misfit=3.124839e-01 best=2.967448e-01
[NA] iter=00012 eval=01082 misfit=3.002121e-01 best=2.967448e-01
[NA] iter=00012 eval=01083 misfit=3.133087e-01 best=2.967448e-01
[NA] iter=00012 eval=01084 misfit=3.121200e-01 best=2.967448e-01
[NA] iter=00012 eval=01085 misfit=3.010924e-01 best=2.967448e-01
[NA] iter=00012 eval=01086 misfit=3.009091e-01 best=2.967448e-01
[NA] iter=00012 eval=01087 misfit=2.991088e-01 best=2.967448e-01
[NA] iter=00012 eval=01088 misfit=3.033803e-01 best=2.967448e-01
[NA] iter=00012 eval=01089 misfit=3.044140e-01 best=2.967448e-01
[NA] iter=00012 eval=01090 misfit=3.024702e-01 best=2.967448e-01
[NA] iter=00012 eval=01091 misfit=3.064013e-01 best=2.967448e-01
[NA] iter=00012 eval=01092 misfit=3.102184e-01 best=2.967448e-01
[NA] iter=00012 eval=01093 misfit=3.072905e-01 best=2.967448e-01
[NA] iter=00012 eval=01094 misfit=3.116648e-01 best=2.967448e-01
[NA] iter=00012 eval=01095 misfit=3.022058e-01 best=2.967448e-01
[NA] iter=00012 eval=01096 misfit=3.005748e-01 best=2.967448e-01
[NA] iter=00012 eval=01097 misfit=3.058975e-01 best=2.967448e-01
[NA] iter=00012 eval=01098 misfit=3.075915e-01 best=2.967448e-01
[NA] iter=00012 eval=01099 misfit=3.016713e-01 best=2.967448e-01
[NA] iter=00012 eval=01100 misfit=3.080154e-01 best=2.967448e-01
NAI - Optimisation Loop:  24%|██▍       | 12/50 [03:43<11:42, 18.49s/it][NA] iter=00013 eval=01101 misfit=2.998800e-01 best=2.967448e-01
[NA] iter=00013 eval=01102 misfit=3.082251e-01 best=2.967448e-01
[NA] iter=00013 eval=01103 misfit=3.058421e-01 best=2.967448e-01
[NA] iter=00013 eval=01104 misfit=3.043029e-01 best=2.967448e-01
[NA] iter=00013 eval=01105 misfit=3.005067e-01 best=2.967448e-01
[NA] iter=00013 eval=01106 misfit=2.972868e-01 best=2.967448e-01
[NA] iter=00013 eval=01107 misfit=3.001783e-01 best=2.967448e-01
[NA] iter=00013 eval=01108 misfit=2.996247e-01 best=2.967448e-01
[NA] iter=00013 eval=01109 misfit=2.977129e-01 best=2.967448e-01
[NA] iter=00013 eval=01110 misfit=3.000272e-01 best=2.967448e-01
[NA] iter=00013 eval=01111 misfit=3.005194e-01 best=2.967448e-01
[NA] iter=00013 eval=01112 misfit=2.973267e-01 best=2.967448e-01
[NA] iter=00013 eval=01113 misfit=3.054589e-01 best=2.967448e-01
[NA] iter=00013 eval=01114 misfit=2.991072e-01 best=2.967448e-01
[NA] iter=00013 eval=01115 misfit=2.970123e-01 best=2.967448e-01
[NA] iter=00013 eval=01116 misfit=3.059103e-01 best=2.967448e-01
[NA] iter=00013 eval=01117 misfit=2.995506e-01 best=2.967448e-01
[NA] iter=00013 eval=01118 misfit=3.023152e-01 best=2.967448e-01
[NA] iter=00013 eval=01119 misfit=2.968395e-01 best=2.967448e-01
[NA] iter=00013 eval=01120 misfit=2.981950e-01 best=2.967448e-01
[NA] iter=00013 eval=01121 misfit=2.981431e-01 best=2.967448e-01
[NA] iter=00013 eval=01122 misfit=2.965980e-01 best=2.965980e-01
[NA] iter=00013 eval=01123 misfit=2.973913e-01 best=2.965980e-01
[NA] iter=00013 eval=01124 misfit=3.010215e-01 best=2.965980e-01
[NA] iter=00013 eval=01125 misfit=3.088266e-01 best=2.965980e-01
[NA] iter=00013 eval=01126 misfit=3.023865e-01 best=2.965980e-01
[NA] iter=00013 eval=01127 misfit=3.018854e-01 best=2.965980e-01
[NA] iter=00013 eval=01128 misfit=3.002137e-01 best=2.965980e-01
[NA] iter=00013 eval=01129 misfit=3.040723e-01 best=2.965980e-01
[NA] iter=00013 eval=01130 misfit=2.979532e-01 best=2.965980e-01
[NA] iter=00013 eval=01131 misfit=3.079470e-01 best=2.965980e-01
[NA] iter=00013 eval=01132 misfit=2.982740e-01 best=2.965980e-01
[NA] iter=00013 eval=01133 misfit=3.035084e-01 best=2.965980e-01
[NA] iter=00013 eval=01134 misfit=3.030746e-01 best=2.965980e-01
[NA] iter=00013 eval=01135 misfit=3.058349e-01 best=2.965980e-01
[NA] iter=00013 eval=01136 misfit=3.046818e-01 best=2.965980e-01
[NA] iter=00013 eval=01137 misfit=3.017289e-01 best=2.965980e-01
[NA] iter=00013 eval=01138 misfit=2.985919e-01 best=2.965980e-01
[NA] iter=00013 eval=01139 misfit=3.006014e-01 best=2.965980e-01
[NA] iter=00013 eval=01140 misfit=2.979682e-01 best=2.965980e-01
[NA] iter=00013 eval=01141 misfit=3.010212e-01 best=2.965980e-01
[NA] iter=00013 eval=01142 misfit=2.987971e-01 best=2.965980e-01
[NA] iter=00013 eval=01143 misfit=3.012301e-01 best=2.965980e-01
[NA] iter=00013 eval=01144 misfit=2.994851e-01 best=2.965980e-01
[NA] iter=00013 eval=01145 misfit=2.970457e-01 best=2.965980e-01
[NA] iter=00013 eval=01146 misfit=3.002883e-01 best=2.965980e-01
[NA] iter=00013 eval=01147 misfit=3.014197e-01 best=2.965980e-01
[NA] iter=00013 eval=01148 misfit=3.022234e-01 best=2.965980e-01
[NA] iter=00013 eval=01149 misfit=2.986014e-01 best=2.965980e-01
[NA] iter=00013 eval=01150 misfit=3.008851e-01 best=2.965980e-01
NAI - Optimisation Loop:  26%|██▌       | 13/50 [04:03<11:39, 18.92s/it][NA] iter=00014 eval=01151 misfit=3.119467e-01 best=2.965980e-01
[NA] iter=00014 eval=01152 misfit=3.013053e-01 best=2.965980e-01
[NA] iter=00014 eval=01153 misfit=3.067753e-01 best=2.965980e-01
[NA] iter=00014 eval=01154 misfit=2.984366e-01 best=2.965980e-01
[NA] iter=00014 eval=01155 misfit=2.972674e-01 best=2.965980e-01
[NA] iter=00014 eval=01156 misfit=3.019497e-01 best=2.965980e-01
[NA] iter=00014 eval=01157 misfit=2.976604e-01 best=2.965980e-01
[NA] iter=00014 eval=01158 misfit=2.981961e-01 best=2.965980e-01
[NA] iter=00014 eval=01159 misfit=3.023509e-01 best=2.965980e-01
[NA] iter=00014 eval=01160 misfit=2.989248e-01 best=2.965980e-01
[NA] iter=00014 eval=01161 misfit=2.970286e-01 best=2.965980e-01
[NA] iter=00014 eval=01162 misfit=2.972588e-01 best=2.965980e-01
[NA] iter=00014 eval=01163 misfit=2.984756e-01 best=2.965980e-01
[NA] iter=00014 eval=01164 misfit=2.976449e-01 best=2.965980e-01
[NA] iter=00014 eval=01165 misfit=2.992825e-01 best=2.965980e-01
[NA] iter=00014 eval=01166 misfit=2.984622e-01 best=2.965980e-01
[NA] iter=00014 eval=01167 misfit=2.987472e-01 best=2.965980e-01
[NA] iter=00014 eval=01168 misfit=3.007542e-01 best=2.965980e-01
[NA] iter=00014 eval=01169 misfit=2.968264e-01 best=2.965980e-01
[NA] iter=00014 eval=01170 misfit=2.973927e-01 best=2.965980e-01
[NA] iter=00014 eval=01171 misfit=2.993308e-01 best=2.965980e-01
[NA] iter=00014 eval=01172 misfit=3.173839e-01 best=2.965980e-01
[NA] iter=00014 eval=01173 misfit=3.048966e-01 best=2.965980e-01
[NA] iter=00014 eval=01174 misfit=3.019388e-01 best=2.965980e-01
[NA] iter=00014 eval=01175 misfit=3.093954e-01 best=2.965980e-01
[NA] iter=00014 eval=01176 misfit=2.973988e-01 best=2.965980e-01
[NA] iter=00014 eval=01177 misfit=2.971033e-01 best=2.965980e-01
[NA] iter=00014 eval=01178 misfit=2.978174e-01 best=2.965980e-01
[NA] iter=00014 eval=01179 misfit=2.979675e-01 best=2.965980e-01
[NA] iter=00014 eval=01180 misfit=2.985030e-01 best=2.965980e-01
[NA] iter=00014 eval=01181 misfit=2.994650e-01 best=2.965980e-01
[NA] iter=00014 eval=01182 misfit=3.001366e-01 best=2.965980e-01
[NA] iter=00014 eval=01183 misfit=3.033036e-01 best=2.965980e-01
[NA] iter=00014 eval=01184 misfit=2.968493e-01 best=2.965980e-01
[NA] iter=00014 eval=01185 misfit=3.003923e-01 best=2.965980e-01
[NA] iter=00014 eval=01186 misfit=2.967908e-01 best=2.965980e-01
[NA] iter=00014 eval=01187 misfit=3.003117e-01 best=2.965980e-01
[NA] iter=00014 eval=01188 misfit=3.010507e-01 best=2.965980e-01
[NA] iter=00014 eval=01189 misfit=2.973071e-01 best=2.965980e-01
[NA] iter=00014 eval=01190 misfit=3.038684e-01 best=2.965980e-01
[NA] iter=00014 eval=01191 misfit=3.000053e-01 best=2.965980e-01
[NA] iter=00014 eval=01192 misfit=2.998702e-01 best=2.965980e-01
[NA] iter=00014 eval=01193 misfit=2.976239e-01 best=2.965980e-01
[NA] iter=00014 eval=01194 misfit=3.007893e-01 best=2.965980e-01
[NA] iter=00014 eval=01195 misfit=2.978334e-01 best=2.965980e-01
[NA] iter=00014 eval=01196 misfit=3.140007e-01 best=2.965980e-01
[NA] iter=00014 eval=01197 misfit=3.022463e-01 best=2.965980e-01
[NA] iter=00014 eval=01198 misfit=3.045730e-01 best=2.965980e-01
[NA] iter=00014 eval=01199 misfit=3.034284e-01 best=2.965980e-01
[NA] iter=00014 eval=01200 misfit=2.975927e-01 best=2.965980e-01
NAI - Optimisation Loop:  28%|██▊       | 14/50 [04:23<11:29, 19.15s/it][NA] iter=00015 eval=01201 misfit=3.010475e-01 best=2.965980e-01
[NA] iter=00015 eval=01202 misfit=3.031557e-01 best=2.965980e-01
[NA] iter=00015 eval=01203 misfit=2.976787e-01 best=2.965980e-01
[NA] iter=00015 eval=01204 misfit=2.974795e-01 best=2.965980e-01
[NA] iter=00015 eval=01205 misfit=2.962236e-01 best=2.962236e-01
[NA] iter=00015 eval=01206 misfit=3.020631e-01 best=2.962236e-01
[NA] iter=00015 eval=01207 misfit=2.983957e-01 best=2.962236e-01
[NA] iter=00015 eval=01208 misfit=2.962191e-01 best=2.962191e-01
[NA] iter=00015 eval=01209 misfit=2.974082e-01 best=2.962191e-01
[NA] iter=00015 eval=01210 misfit=3.038439e-01 best=2.962191e-01
[NA] iter=00015 eval=01211 misfit=2.973582e-01 best=2.962191e-01
[NA] iter=00015 eval=01212 misfit=3.028702e-01 best=2.962191e-01
[NA] iter=00015 eval=01213 misfit=2.974968e-01 best=2.962191e-01
[NA] iter=00015 eval=01214 misfit=2.984672e-01 best=2.962191e-01
[NA] iter=00015 eval=01215 misfit=2.984490e-01 best=2.962191e-01
[NA] iter=00015 eval=01216 misfit=2.976436e-01 best=2.962191e-01
[NA] iter=00015 eval=01217 misfit=2.961480e-01 best=2.961480e-01
[NA] iter=00015 eval=01218 misfit=2.994137e-01 best=2.961480e-01
[NA] iter=00015 eval=01219 misfit=2.966576e-01 best=2.961480e-01
[NA] iter=00015 eval=01220 misfit=2.973731e-01 best=2.961480e-01
[NA] iter=00015 eval=01221 misfit=2.966459e-01 best=2.961480e-01
[NA] iter=00015 eval=01222 misfit=2.973222e-01 best=2.961480e-01
[NA] iter=00015 eval=01223 misfit=3.024900e-01 best=2.961480e-01
[NA] iter=00015 eval=01224 misfit=2.967848e-01 best=2.961480e-01
[NA] iter=00015 eval=01225 misfit=3.020666e-01 best=2.961480e-01
[NA] iter=00015 eval=01226 misfit=2.982314e-01 best=2.961480e-01
[NA] iter=00015 eval=01227 misfit=2.980381e-01 best=2.961480e-01
[NA] iter=00015 eval=01228 misfit=2.962355e-01 best=2.961480e-01
[NA] iter=00015 eval=01229 misfit=2.998538e-01 best=2.961480e-01
[NA] iter=00015 eval=01230 misfit=2.961118e-01 best=2.961118e-01
[NA] iter=00015 eval=01231 misfit=2.946887e-01 best=2.946887e-01
[NA] iter=00015 eval=01232 misfit=2.973518e-01 best=2.946887e-01
[NA] iter=00015 eval=01233 misfit=2.933176e-01 best=2.933176e-01
[NA] iter=00015 eval=01234 misfit=3.034603e-01 best=2.933176e-01
[NA] iter=00015 eval=01235 misfit=2.988163e-01 best=2.933176e-01
[NA] iter=00015 eval=01236 misfit=3.058505e-01 best=2.933176e-01
[NA] iter=00015 eval=01237 misfit=3.105343e-01 best=2.933176e-01
[NA] iter=00015 eval=01238 misfit=3.066885e-01 best=2.933176e-01
[NA] iter=00015 eval=01239 misfit=2.987920e-01 best=2.933176e-01
[NA] iter=00015 eval=01240 misfit=2.995731e-01 best=2.933176e-01
[NA] iter=00015 eval=01241 misfit=2.974488e-01 best=2.933176e-01
[NA] iter=00015 eval=01242 misfit=2.979511e-01 best=2.933176e-01
[NA] iter=00015 eval=01243 misfit=3.013040e-01 best=2.933176e-01
[NA] iter=00015 eval=01244 misfit=2.976150e-01 best=2.933176e-01
[NA] iter=00015 eval=01245 misfit=3.028977e-01 best=2.933176e-01
[NA] iter=00015 eval=01246 misfit=2.979453e-01 best=2.933176e-01
[NA] iter=00015 eval=01247 misfit=2.976984e-01 best=2.933176e-01
[NA] iter=00015 eval=01248 misfit=2.978518e-01 best=2.933176e-01
[NA] iter=00015 eval=01249 misfit=2.969406e-01 best=2.933176e-01
[NA] iter=00015 eval=01250 misfit=2.972143e-01 best=2.933176e-01
NAI - Optimisation Loop:  30%|███       | 15/50 [04:42<11:11, 19.17s/it][NA] iter=00016 eval=01251 misfit=3.041135e-01 best=2.933176e-01
[NA] iter=00016 eval=01252 misfit=2.933200e-01 best=2.933176e-01
[NA] iter=00016 eval=01253 misfit=2.945175e-01 best=2.933176e-01
[NA] iter=00016 eval=01254 misfit=2.983114e-01 best=2.933176e-01
[NA] iter=00016 eval=01255 misfit=2.975976e-01 best=2.933176e-01
[NA] iter=00016 eval=01256 misfit=2.909755e-01 best=2.909755e-01
[NA] iter=00016 eval=01257 misfit=2.975589e-01 best=2.909755e-01
[NA] iter=00016 eval=01258 misfit=2.979593e-01 best=2.909755e-01
[NA] iter=00016 eval=01259 misfit=2.966900e-01 best=2.909755e-01
[NA] iter=00016 eval=01260 misfit=3.083892e-01 best=2.909755e-01
[NA] iter=00016 eval=01261 misfit=2.945264e-01 best=2.909755e-01
[NA] iter=00016 eval=01262 misfit=2.970146e-01 best=2.909755e-01
[NA] iter=00016 eval=01263 misfit=2.960435e-01 best=2.909755e-01
[NA] iter=00016 eval=01264 misfit=2.975376e-01 best=2.909755e-01
[NA] iter=00016 eval=01265 misfit=2.963591e-01 best=2.909755e-01
[NA] iter=00016 eval=01266 misfit=2.968865e-01 best=2.909755e-01
[NA] iter=00016 eval=01267 misfit=2.985892e-01 best=2.909755e-01
[NA] iter=00016 eval=01268 misfit=2.930757e-01 best=2.909755e-01
[NA] iter=00016 eval=01269 misfit=2.937416e-01 best=2.909755e-01
[NA] iter=00016 eval=01270 misfit=2.975604e-01 best=2.909755e-01
[NA] iter=00016 eval=01271 misfit=3.038998e-01 best=2.909755e-01
[NA] iter=00016 eval=01272 misfit=2.994060e-01 best=2.909755e-01
[NA] iter=00016 eval=01273 misfit=3.017070e-01 best=2.909755e-01
[NA] iter=00016 eval=01274 misfit=2.958120e-01 best=2.909755e-01
[NA] iter=00016 eval=01275 misfit=2.972821e-01 best=2.909755e-01
[NA] iter=00016 eval=01276 misfit=3.012428e-01 best=2.909755e-01
[NA] iter=00016 eval=01277 misfit=2.949519e-01 best=2.909755e-01
[NA] iter=00016 eval=01278 misfit=2.961850e-01 best=2.909755e-01
[NA] iter=00016 eval=01279 misfit=2.961709e-01 best=2.909755e-01
[NA] iter=00016 eval=01280 misfit=3.021749e-01 best=2.909755e-01
[NA] iter=00016 eval=01281 misfit=2.979761e-01 best=2.909755e-01
[NA] iter=00016 eval=01282 misfit=2.963406e-01 best=2.909755e-01
[NA] iter=00016 eval=01283 misfit=2.964234e-01 best=2.909755e-01
[NA] iter=00016 eval=01284 misfit=2.995760e-01 best=2.909755e-01
[NA] iter=00016 eval=01285 misfit=2.985534e-01 best=2.909755e-01
[NA] iter=00016 eval=01286 misfit=2.977315e-01 best=2.909755e-01
[NA] iter=00016 eval=01287 misfit=2.973532e-01 best=2.909755e-01
[NA] iter=00016 eval=01288 misfit=2.976137e-01 best=2.909755e-01
[NA] iter=00016 eval=01289 misfit=2.984962e-01 best=2.909755e-01
[NA] iter=00016 eval=01290 misfit=2.968804e-01 best=2.909755e-01
[NA] iter=00016 eval=01291 misfit=2.968988e-01 best=2.909755e-01
[NA] iter=00016 eval=01292 misfit=2.985742e-01 best=2.909755e-01
[NA] iter=00016 eval=01293 misfit=2.970888e-01 best=2.909755e-01
[NA] iter=00016 eval=01294 misfit=3.031244e-01 best=2.909755e-01
[NA] iter=00016 eval=01295 misfit=2.975212e-01 best=2.909755e-01
[NA] iter=00016 eval=01296 misfit=3.063840e-01 best=2.909755e-01
[NA] iter=00016 eval=01297 misfit=3.060657e-01 best=2.909755e-01
[NA] iter=00016 eval=01298 misfit=3.010522e-01 best=2.909755e-01
[NA] iter=00016 eval=01299 misfit=3.085567e-01 best=2.909755e-01
[NA] iter=00016 eval=01300 misfit=3.043856e-01 best=2.909755e-01
NAI - Optimisation Loop:  32%|███▏      | 16/50 [05:02<10:54, 19.25s/it][NA] iter=00017 eval=01301 misfit=2.963013e-01 best=2.909755e-01
[NA] iter=00017 eval=01302 misfit=3.025770e-01 best=2.909755e-01
[NA] iter=00017 eval=01303 misfit=2.957034e-01 best=2.909755e-01
[NA] iter=00017 eval=01304 misfit=2.964105e-01 best=2.909755e-01
[NA] iter=00017 eval=01305 misfit=2.967484e-01 best=2.909755e-01
[NA] iter=00017 eval=01306 misfit=2.972901e-01 best=2.909755e-01
[NA] iter=00017 eval=01307 misfit=2.974634e-01 best=2.909755e-01
[NA] iter=00017 eval=01308 misfit=2.952145e-01 best=2.909755e-01
[NA] iter=00017 eval=01309 misfit=2.957708e-01 best=2.909755e-01
[NA] iter=00017 eval=01310 misfit=2.920795e-01 best=2.909755e-01
[NA] iter=00017 eval=01311 misfit=2.939091e-01 best=2.909755e-01
[NA] iter=00017 eval=01312 misfit=2.901213e-01 best=2.901213e-01
[NA] iter=00017 eval=01313 misfit=2.933143e-01 best=2.901213e-01
[NA] iter=00017 eval=01314 misfit=2.952762e-01 best=2.901213e-01
[NA] iter=00017 eval=01315 misfit=2.909231e-01 best=2.901213e-01
[NA] iter=00017 eval=01316 misfit=3.041497e-01 best=2.901213e-01
[NA] iter=00017 eval=01317 misfit=2.973509e-01 best=2.901213e-01
[NA] iter=00017 eval=01318 misfit=3.027461e-01 best=2.901213e-01
[NA] iter=00017 eval=01319 misfit=3.008421e-01 best=2.901213e-01
[NA] iter=00017 eval=01320 misfit=2.955535e-01 best=2.901213e-01
[NA] iter=00017 eval=01321 misfit=2.948175e-01 best=2.901213e-01
[NA] iter=00017 eval=01322 misfit=2.911906e-01 best=2.901213e-01
[NA] iter=00017 eval=01323 misfit=2.926570e-01 best=2.901213e-01
[NA] iter=00017 eval=01324 misfit=2.915325e-01 best=2.901213e-01
[NA] iter=00017 eval=01325 misfit=2.961039e-01 best=2.901213e-01
[NA] iter=00017 eval=01326 misfit=2.955857e-01 best=2.901213e-01
[NA] iter=00017 eval=01327 misfit=2.966634e-01 best=2.901213e-01
[NA] iter=00017 eval=01328 misfit=2.982689e-01 best=2.901213e-01
[NA] iter=00017 eval=01329 misfit=2.944233e-01 best=2.901213e-01
[NA] iter=00017 eval=01330 misfit=3.063046e-01 best=2.901213e-01
[NA] iter=00017 eval=01331 misfit=2.985683e-01 best=2.901213e-01
[NA] iter=00017 eval=01332 misfit=2.982311e-01 best=2.901213e-01
[NA] iter=00017 eval=01333 misfit=2.977625e-01 best=2.901213e-01
[NA] iter=00017 eval=01334 misfit=2.982348e-01 best=2.901213e-01
[NA] iter=00017 eval=01335 misfit=2.999597e-01 best=2.901213e-01
[NA] iter=00017 eval=01336 misfit=2.965594e-01 best=2.901213e-01
[NA] iter=00017 eval=01337 misfit=2.943043e-01 best=2.901213e-01
[NA] iter=00017 eval=01338 misfit=2.940575e-01 best=2.901213e-01
[NA] iter=00017 eval=01339 misfit=2.947999e-01 best=2.901213e-01
[NA] iter=00017 eval=01340 misfit=2.935866e-01 best=2.901213e-01
[NA] iter=00017 eval=01341 misfit=3.022999e-01 best=2.901213e-01
[NA] iter=00017 eval=01342 misfit=3.043501e-01 best=2.901213e-01
[NA] iter=00017 eval=01343 misfit=3.091518e-01 best=2.901213e-01
[NA] iter=00017 eval=01344 misfit=3.053275e-01 best=2.901213e-01
[NA] iter=00017 eval=01345 misfit=3.076764e-01 best=2.901213e-01
[NA] iter=00017 eval=01346 misfit=3.012868e-01 best=2.901213e-01
[NA] iter=00017 eval=01347 misfit=2.984059e-01 best=2.901213e-01
[NA] iter=00017 eval=01348 misfit=3.055460e-01 best=2.901213e-01
[NA] iter=00017 eval=01349 misfit=3.000305e-01 best=2.901213e-01
[NA] iter=00017 eval=01350 misfit=3.013039e-01 best=2.901213e-01
NAI - Optimisation Loop:  34%|███▍      | 17/50 [05:20<10:25, 18.96s/it][NA] iter=00018 eval=01351 misfit=2.948578e-01 best=2.901213e-01
[NA] iter=00018 eval=01352 misfit=2.895407e-01 best=2.895407e-01
[NA] iter=00018 eval=01353 misfit=2.971701e-01 best=2.895407e-01
[NA] iter=00018 eval=01354 misfit=2.944575e-01 best=2.895407e-01
[NA] iter=00018 eval=01355 misfit=2.959526e-01 best=2.895407e-01
[NA] iter=00018 eval=01356 misfit=2.905487e-01 best=2.895407e-01
[NA] iter=00018 eval=01357 misfit=2.935588e-01 best=2.895407e-01
[NA] iter=00018 eval=01358 misfit=2.930104e-01 best=2.895407e-01
[NA] iter=00018 eval=01359 misfit=2.898153e-01 best=2.895407e-01
[NA] iter=00018 eval=01360 misfit=2.941680e-01 best=2.895407e-01
[NA] iter=00018 eval=01361 misfit=2.945977e-01 best=2.895407e-01
[NA] iter=00018 eval=01362 misfit=2.913817e-01 best=2.895407e-01
[NA] iter=00018 eval=01363 misfit=2.903059e-01 best=2.895407e-01
[NA] iter=00018 eval=01364 misfit=2.944443e-01 best=2.895407e-01
[NA] iter=00018 eval=01365 misfit=2.961590e-01 best=2.895407e-01
[NA] iter=00018 eval=01366 misfit=2.928209e-01 best=2.895407e-01
[NA] iter=00018 eval=01367 misfit=2.908727e-01 best=2.895407e-01
[NA] iter=00018 eval=01368 misfit=2.908928e-01 best=2.895407e-01
[NA] iter=00018 eval=01369 misfit=2.946598e-01 best=2.895407e-01
[NA] iter=00018 eval=01370 misfit=2.866894e-01 best=2.866894e-01
[NA] iter=00018 eval=01371 misfit=2.925172e-01 best=2.866894e-01
[NA] iter=00018 eval=01372 misfit=2.926909e-01 best=2.866894e-01
[NA] iter=00018 eval=01373 misfit=2.926739e-01 best=2.866894e-01
[NA] iter=00018 eval=01374 misfit=2.917724e-01 best=2.866894e-01
[NA] iter=00018 eval=01375 misfit=2.923806e-01 best=2.866894e-01
[NA] iter=00018 eval=01376 misfit=2.953195e-01 best=2.866894e-01
[NA] iter=00018 eval=01377 misfit=2.923840e-01 best=2.866894e-01
[NA] iter=00018 eval=01378 misfit=2.949637e-01 best=2.866894e-01
[NA] iter=00018 eval=01379 misfit=2.890477e-01 best=2.866894e-01
[NA] iter=00018 eval=01380 misfit=2.943505e-01 best=2.866894e-01
[NA] iter=00018 eval=01381 misfit=2.891457e-01 best=2.866894e-01
[NA] iter=00018 eval=01382 misfit=2.955655e-01 best=2.866894e-01
[NA] iter=00018 eval=01383 misfit=2.946169e-01 best=2.866894e-01
[NA] iter=00018 eval=01384 misfit=2.940085e-01 best=2.866894e-01
[NA] iter=00018 eval=01385 misfit=2.965944e-01 best=2.866894e-01
[NA] iter=00018 eval=01386 misfit=2.959659e-01 best=2.866894e-01
[NA] iter=00018 eval=01387 misfit=2.952584e-01 best=2.866894e-01
[NA] iter=00018 eval=01388 misfit=2.935194e-01 best=2.866894e-01
[NA] iter=00018 eval=01389 misfit=2.966278e-01 best=2.866894e-01
[NA] iter=00018 eval=01390 misfit=2.984705e-01 best=2.866894e-01
[NA] iter=00018 eval=01391 misfit=2.942086e-01 best=2.866894e-01
[NA] iter=00018 eval=01392 misfit=2.977447e-01 best=2.866894e-01
[NA] iter=00018 eval=01393 misfit=2.950533e-01 best=2.866894e-01
[NA] iter=00018 eval=01394 misfit=2.914398e-01 best=2.866894e-01
[NA] iter=00018 eval=01395 misfit=2.960312e-01 best=2.866894e-01
[NA] iter=00018 eval=01396 misfit=2.975443e-01 best=2.866894e-01
[NA] iter=00018 eval=01397 misfit=2.927482e-01 best=2.866894e-01
[NA] iter=00018 eval=01398 misfit=2.917591e-01 best=2.866894e-01
[NA] iter=00018 eval=01399 misfit=2.930855e-01 best=2.866894e-01
[NA] iter=00018 eval=01400 misfit=2.968936e-01 best=2.866894e-01
NAI - Optimisation Loop:  36%|███▌      | 18/50 [05:38<09:53, 18.55s/it][NA] iter=00019 eval=01401 misfit=2.932893e-01 best=2.866894e-01
[NA] iter=00019 eval=01402 misfit=2.896032e-01 best=2.866894e-01
[NA] iter=00019 eval=01403 misfit=2.912345e-01 best=2.866894e-01
[NA] iter=00019 eval=01404 misfit=2.925985e-01 best=2.866894e-01
[NA] iter=00019 eval=01405 misfit=2.872550e-01 best=2.866894e-01
[NA] iter=00019 eval=01406 misfit=2.883484e-01 best=2.866894e-01
[NA] iter=00019 eval=01407 misfit=2.909909e-01 best=2.866894e-01
[NA] iter=00019 eval=01408 misfit=2.883574e-01 best=2.866894e-01
[NA] iter=00019 eval=01409 misfit=2.904853e-01 best=2.866894e-01
[NA] iter=00019 eval=01410 misfit=2.916035e-01 best=2.866894e-01
[NA] iter=00019 eval=01411 misfit=2.978649e-01 best=2.866894e-01
[NA] iter=00019 eval=01412 misfit=2.909851e-01 best=2.866894e-01
[NA] iter=00019 eval=01413 misfit=2.981076e-01 best=2.866894e-01
[NA] iter=00019 eval=01414 misfit=2.961167e-01 best=2.866894e-01
[NA] iter=00019 eval=01415 misfit=2.973816e-01 best=2.866894e-01
[NA] iter=00019 eval=01416 misfit=2.899512e-01 best=2.866894e-01
[NA] iter=00019 eval=01417 misfit=2.942564e-01 best=2.866894e-01
[NA] iter=00019 eval=01418 misfit=2.962799e-01 best=2.866894e-01
[NA] iter=00019 eval=01419 misfit=2.931711e-01 best=2.866894e-01
[NA] iter=00019 eval=01420 misfit=2.946294e-01 best=2.866894e-01
[NA] iter=00019 eval=01421 misfit=2.960362e-01 best=2.866894e-01
[NA] iter=00019 eval=01422 misfit=2.942101e-01 best=2.866894e-01
[NA] iter=00019 eval=01423 misfit=2.958787e-01 best=2.866894e-01
[NA] iter=00019 eval=01424 misfit=2.938243e-01 best=2.866894e-01
[NA] iter=00019 eval=01425 misfit=2.919387e-01 best=2.866894e-01
[NA] iter=00019 eval=01426 misfit=2.924438e-01 best=2.866894e-01
[NA] iter=00019 eval=01427 misfit=2.936549e-01 best=2.866894e-01
[NA] iter=00019 eval=01428 misfit=2.937094e-01 best=2.866894e-01
[NA] iter=00019 eval=01429 misfit=2.916644e-01 best=2.866894e-01
[NA] iter=00019 eval=01430 misfit=2.939809e-01 best=2.866894e-01
[NA] iter=00019 eval=01431 misfit=2.964577e-01 best=2.866894e-01
[NA] iter=00019 eval=01432 misfit=2.927741e-01 best=2.866894e-01
[NA] iter=00019 eval=01433 misfit=2.990773e-01 best=2.866894e-01
[NA] iter=00019 eval=01434 misfit=2.998842e-01 best=2.866894e-01
[NA] iter=00019 eval=01435 misfit=2.946057e-01 best=2.866894e-01
[NA] iter=00019 eval=01436 misfit=2.929034e-01 best=2.866894e-01
[NA] iter=00019 eval=01437 misfit=2.927250e-01 best=2.866894e-01
[NA] iter=00019 eval=01438 misfit=2.958554e-01 best=2.866894e-01
[NA] iter=00019 eval=01439 misfit=2.916879e-01 best=2.866894e-01
[NA] iter=00019 eval=01440 misfit=2.941272e-01 best=2.866894e-01
[NA] iter=00019 eval=01441 misfit=2.908255e-01 best=2.866894e-01
[NA] iter=00019 eval=01442 misfit=3.038182e-01 best=2.866894e-01
[NA] iter=00019 eval=01443 misfit=2.984700e-01 best=2.866894e-01
[NA] iter=00019 eval=01444 misfit=3.010904e-01 best=2.866894e-01
[NA] iter=00019 eval=01445 misfit=2.993832e-01 best=2.866894e-01
[NA] iter=00019 eval=01446 misfit=2.934365e-01 best=2.866894e-01
[NA] iter=00019 eval=01447 misfit=2.921798e-01 best=2.866894e-01
[NA] iter=00019 eval=01448 misfit=2.929789e-01 best=2.866894e-01
[NA] iter=00019 eval=01449 misfit=2.906750e-01 best=2.866894e-01
[NA] iter=00019 eval=01450 misfit=2.946734e-01 best=2.866894e-01
NAI - Optimisation Loop:  38%|███▊      | 19/50 [05:56<09:29, 18.38s/it][NA] iter=00020 eval=01451 misfit=2.888572e-01 best=2.866894e-01
[NA] iter=00020 eval=01452 misfit=2.878423e-01 best=2.866894e-01
[NA] iter=00020 eval=01453 misfit=2.927415e-01 best=2.866894e-01
[NA] iter=00020 eval=01454 misfit=2.948328e-01 best=2.866894e-01
[NA] iter=00020 eval=01455 misfit=2.938028e-01 best=2.866894e-01
[NA] iter=00020 eval=01456 misfit=2.951513e-01 best=2.866894e-01
[NA] iter=00020 eval=01457 misfit=3.039897e-01 best=2.866894e-01
[NA] iter=00020 eval=01458 misfit=2.911788e-01 best=2.866894e-01
[NA] iter=00020 eval=01459 misfit=2.967873e-01 best=2.866894e-01
[NA] iter=00020 eval=01460 misfit=2.874879e-01 best=2.866894e-01
[NA] iter=00020 eval=01461 misfit=2.901604e-01 best=2.866894e-01
[NA] iter=00020 eval=01462 misfit=2.928186e-01 best=2.866894e-01
[NA] iter=00020 eval=01463 misfit=2.963011e-01 best=2.866894e-01
[NA] iter=00020 eval=01464 misfit=2.927212e-01 best=2.866894e-01
[NA] iter=00020 eval=01465 misfit=2.955850e-01 best=2.866894e-01
[NA] iter=00020 eval=01466 misfit=2.919739e-01 best=2.866894e-01
[NA] iter=00020 eval=01467 misfit=2.909272e-01 best=2.866894e-01
[NA] iter=00020 eval=01468 misfit=2.909840e-01 best=2.866894e-01
[NA] iter=00020 eval=01469 misfit=2.915325e-01 best=2.866894e-01
[NA] iter=00020 eval=01470 misfit=2.902543e-01 best=2.866894e-01
[NA] iter=00020 eval=01471 misfit=2.930348e-01 best=2.866894e-01
[NA] iter=00020 eval=01472 misfit=2.899170e-01 best=2.866894e-01
[NA] iter=00020 eval=01473 misfit=2.908568e-01 best=2.866894e-01
[NA] iter=00020 eval=01474 misfit=2.897750e-01 best=2.866894e-01
[NA] iter=00020 eval=01475 misfit=2.909995e-01 best=2.866894e-01
[NA] iter=00020 eval=01476 misfit=2.935177e-01 best=2.866894e-01
[NA] iter=00020 eval=01477 misfit=2.936165e-01 best=2.866894e-01
[NA] iter=00020 eval=01478 misfit=2.894112e-01 best=2.866894e-01
[NA] iter=00020 eval=01479 misfit=2.914067e-01 best=2.866894e-01
[NA] iter=00020 eval=01480 misfit=2.952639e-01 best=2.866894e-01
[NA] iter=00020 eval=01481 misfit=2.954992e-01 best=2.866894e-01
[NA] iter=00020 eval=01482 misfit=2.912589e-01 best=2.866894e-01
[NA] iter=00020 eval=01483 misfit=2.905863e-01 best=2.866894e-01
[NA] iter=00020 eval=01484 misfit=2.921997e-01 best=2.866894e-01
[NA] iter=00020 eval=01485 misfit=2.929270e-01 best=2.866894e-01
[NA] iter=00020 eval=01486 misfit=2.919370e-01 best=2.866894e-01
[NA] iter=00020 eval=01487 misfit=2.943496e-01 best=2.866894e-01
[NA] iter=00020 eval=01488 misfit=2.920838e-01 best=2.866894e-01
[NA] iter=00020 eval=01489 misfit=2.909959e-01 best=2.866894e-01
[NA] iter=00020 eval=01490 misfit=2.901926e-01 best=2.866894e-01
[NA] iter=00020 eval=01491 misfit=2.908406e-01 best=2.866894e-01
[NA] iter=00020 eval=01492 misfit=2.905015e-01 best=2.866894e-01
[NA] iter=00020 eval=01493 misfit=2.911041e-01 best=2.866894e-01
[NA] iter=00020 eval=01494 misfit=2.926937e-01 best=2.866894e-01
[NA] iter=00020 eval=01495 misfit=2.901422e-01 best=2.866894e-01
[NA] iter=00020 eval=01496 misfit=2.930755e-01 best=2.866894e-01
[NA] iter=00020 eval=01497 misfit=2.899692e-01 best=2.866894e-01
[NA] iter=00020 eval=01498 misfit=2.936447e-01 best=2.866894e-01
[NA] iter=00020 eval=01499 misfit=2.921363e-01 best=2.866894e-01
[NA] iter=00020 eval=01500 misfit=2.919795e-01 best=2.866894e-01
NAI - Optimisation Loop:  40%|████      | 20/50 [06:13<09:02, 18.08s/it][NA] iter=00021 eval=01501 misfit=2.870618e-01 best=2.866894e-01
[NA] iter=00021 eval=01502 misfit=2.888082e-01 best=2.866894e-01
[NA] iter=00021 eval=01503 misfit=2.882497e-01 best=2.866894e-01
[NA] iter=00021 eval=01504 misfit=2.897317e-01 best=2.866894e-01
[NA] iter=00021 eval=01505 misfit=2.869534e-01 best=2.866894e-01
[NA] iter=00021 eval=01506 misfit=2.908592e-01 best=2.866894e-01
[NA] iter=00021 eval=01507 misfit=2.933704e-01 best=2.866894e-01
[NA] iter=00021 eval=01508 misfit=2.928094e-01 best=2.866894e-01
[NA] iter=00021 eval=01509 misfit=2.920675e-01 best=2.866894e-01
[NA] iter=00021 eval=01510 misfit=2.858177e-01 best=2.858177e-01
[NA] iter=00021 eval=01511 misfit=2.858683e-01 best=2.858177e-01
[NA] iter=00021 eval=01512 misfit=2.868655e-01 best=2.858177e-01
[NA] iter=00021 eval=01513 misfit=2.884286e-01 best=2.858177e-01
[NA] iter=00021 eval=01514 misfit=2.922998e-01 best=2.858177e-01
[NA] iter=00021 eval=01515 misfit=2.914825e-01 best=2.858177e-01
[NA] iter=00021 eval=01516 misfit=2.905648e-01 best=2.858177e-01
[NA] iter=00021 eval=01517 misfit=2.876904e-01 best=2.858177e-01
[NA] iter=00021 eval=01518 misfit=2.877842e-01 best=2.858177e-01
[NA] iter=00021 eval=01519 misfit=2.901846e-01 best=2.858177e-01
[NA] iter=00021 eval=01520 misfit=2.923971e-01 best=2.858177e-01
[NA] iter=00021 eval=01521 misfit=2.921562e-01 best=2.858177e-01
[NA] iter=00021 eval=01522 misfit=2.894253e-01 best=2.858177e-01
[NA] iter=00021 eval=01523 misfit=2.923622e-01 best=2.858177e-01
[NA] iter=00021 eval=01524 misfit=2.970634e-01 best=2.858177e-01
[NA] iter=00021 eval=01525 misfit=2.906826e-01 best=2.858177e-01
[NA] iter=00021 eval=01526 misfit=2.905924e-01 best=2.858177e-01
[NA] iter=00021 eval=01527 misfit=2.900323e-01 best=2.858177e-01
[NA] iter=00021 eval=01528 misfit=2.920538e-01 best=2.858177e-01
[NA] iter=00021 eval=01529 misfit=2.913386e-01 best=2.858177e-01
[NA] iter=00021 eval=01530 misfit=2.914580e-01 best=2.858177e-01
[NA] iter=00021 eval=01531 misfit=2.914977e-01 best=2.858177e-01
[NA] iter=00021 eval=01532 misfit=2.905634e-01 best=2.858177e-01
[NA] iter=00021 eval=01533 misfit=2.926411e-01 best=2.858177e-01
[NA] iter=00021 eval=01534 misfit=2.942944e-01 best=2.858177e-01
[NA] iter=00021 eval=01535 misfit=2.907074e-01 best=2.858177e-01
[NA] iter=00021 eval=01536 misfit=2.884266e-01 best=2.858177e-01
[NA] iter=00021 eval=01537 misfit=2.927395e-01 best=2.858177e-01
[NA] iter=00021 eval=01538 misfit=2.924220e-01 best=2.858177e-01
[NA] iter=00021 eval=01539 misfit=2.886623e-01 best=2.858177e-01
[NA] iter=00021 eval=01540 misfit=2.905182e-01 best=2.858177e-01
[NA] iter=00021 eval=01541 misfit=2.951077e-01 best=2.858177e-01
[NA] iter=00021 eval=01542 misfit=2.934507e-01 best=2.858177e-01
[NA] iter=00021 eval=01543 misfit=2.899029e-01 best=2.858177e-01
[NA] iter=00021 eval=01544 misfit=2.948233e-01 best=2.858177e-01
[NA] iter=00021 eval=01545 misfit=2.874701e-01 best=2.858177e-01
[NA] iter=00021 eval=01546 misfit=2.950136e-01 best=2.858177e-01
[NA] iter=00021 eval=01547 misfit=2.945219e-01 best=2.858177e-01
[NA] iter=00021 eval=01548 misfit=2.891861e-01 best=2.858177e-01
[NA] iter=00021 eval=01549 misfit=2.902936e-01 best=2.858177e-01
[NA] iter=00021 eval=01550 misfit=2.962851e-01 best=2.858177e-01
NAI - Optimisation Loop:  42%|████▏     | 21/50 [06:31<08:48, 18.21s/it][NA] iter=00022 eval=01551 misfit=2.893222e-01 best=2.858177e-01
[NA] iter=00022 eval=01552 misfit=2.960732e-01 best=2.858177e-01
[NA] iter=00022 eval=01553 misfit=2.911952e-01 best=2.858177e-01
[NA] iter=00022 eval=01554 misfit=2.907969e-01 best=2.858177e-01
[NA] iter=00022 eval=01555 misfit=2.894307e-01 best=2.858177e-01
[NA] iter=00022 eval=01556 misfit=2.910136e-01 best=2.858177e-01
[NA] iter=00022 eval=01557 misfit=2.863651e-01 best=2.858177e-01
[NA] iter=00022 eval=01558 misfit=2.924982e-01 best=2.858177e-01
[NA] iter=00022 eval=01559 misfit=2.894373e-01 best=2.858177e-01
[NA] iter=00022 eval=01560 misfit=2.892333e-01 best=2.858177e-01
[NA] iter=00022 eval=01561 misfit=2.917609e-01 best=2.858177e-01
[NA] iter=00022 eval=01562 misfit=2.883187e-01 best=2.858177e-01
[NA] iter=00022 eval=01563 misfit=2.894200e-01 best=2.858177e-01
[NA] iter=00022 eval=01564 misfit=2.879105e-01 best=2.858177e-01
[NA] iter=00022 eval=01565 misfit=2.877542e-01 best=2.858177e-01
[NA] iter=00022 eval=01566 misfit=2.911825e-01 best=2.858177e-01
[NA] iter=00022 eval=01567 misfit=2.918632e-01 best=2.858177e-01
[NA] iter=00022 eval=01568 misfit=2.909530e-01 best=2.858177e-01
[NA] iter=00022 eval=01569 misfit=2.938417e-01 best=2.858177e-01
[NA] iter=00022 eval=01570 misfit=2.874806e-01 best=2.858177e-01
[NA] iter=00022 eval=01571 misfit=2.919646e-01 best=2.858177e-01
[NA] iter=00022 eval=01572 misfit=2.920821e-01 best=2.858177e-01
[NA] iter=00022 eval=01573 misfit=2.882179e-01 best=2.858177e-01
[NA] iter=00022 eval=01574 misfit=2.887529e-01 best=2.858177e-01
[NA] iter=00022 eval=01575 misfit=2.869170e-01 best=2.858177e-01
[NA] iter=00022 eval=01576 misfit=2.945275e-01 best=2.858177e-01
[NA] iter=00022 eval=01577 misfit=2.944991e-01 best=2.858177e-01
[NA] iter=00022 eval=01578 misfit=2.906660e-01 best=2.858177e-01
[NA] iter=00022 eval=01579 misfit=2.932016e-01 best=2.858177e-01
[NA] iter=00022 eval=01580 misfit=2.900383e-01 best=2.858177e-01
[NA] iter=00022 eval=01581 misfit=2.888169e-01 best=2.858177e-01
[NA] iter=00022 eval=01582 misfit=2.874811e-01 best=2.858177e-01
[NA] iter=00022 eval=01583 misfit=2.900371e-01 best=2.858177e-01
[NA] iter=00022 eval=01584 misfit=2.895427e-01 best=2.858177e-01
[NA] iter=00022 eval=01585 misfit=2.874733e-01 best=2.858177e-01
[NA] iter=00022 eval=01586 misfit=2.892442e-01 best=2.858177e-01
[NA] iter=00022 eval=01587 misfit=2.893351e-01 best=2.858177e-01
[NA] iter=00022 eval=01588 misfit=2.899472e-01 best=2.858177e-01
[NA] iter=00022 eval=01589 misfit=2.908540e-01 best=2.858177e-01
[NA] iter=00022 eval=01590 misfit=2.898687e-01 best=2.858177e-01
[NA] iter=00022 eval=01591 misfit=2.950795e-01 best=2.858177e-01
[NA] iter=00022 eval=01592 misfit=2.946931e-01 best=2.858177e-01
[NA] iter=00022 eval=01593 misfit=2.928148e-01 best=2.858177e-01
[NA] iter=00022 eval=01594 misfit=2.946558e-01 best=2.858177e-01
[NA] iter=00022 eval=01595 misfit=2.886801e-01 best=2.858177e-01
[NA] iter=00022 eval=01596 misfit=2.904300e-01 best=2.858177e-01
[NA] iter=00022 eval=01597 misfit=2.877757e-01 best=2.858177e-01
[NA] iter=00022 eval=01598 misfit=2.916583e-01 best=2.858177e-01
[NA] iter=00022 eval=01599 misfit=2.926400e-01 best=2.858177e-01
[NA] iter=00022 eval=01600 misfit=2.922387e-01 best=2.858177e-01
NAI - Optimisation Loop:  44%|████▍     | 22/50 [06:51<08:44, 18.73s/it][NA] iter=00023 eval=01601 misfit=2.877702e-01 best=2.858177e-01
[NA] iter=00023 eval=01602 misfit=2.903995e-01 best=2.858177e-01
[NA] iter=00023 eval=01603 misfit=2.868631e-01 best=2.858177e-01
[NA] iter=00023 eval=01604 misfit=2.891002e-01 best=2.858177e-01
[NA] iter=00023 eval=01605 misfit=2.865566e-01 best=2.858177e-01
[NA] iter=00023 eval=01606 misfit=2.880346e-01 best=2.858177e-01
[NA] iter=00023 eval=01607 misfit=2.867751e-01 best=2.858177e-01
[NA] iter=00023 eval=01608 misfit=2.870039e-01 best=2.858177e-01
[NA] iter=00023 eval=01609 misfit=2.862557e-01 best=2.858177e-01
[NA] iter=00023 eval=01610 misfit=2.895626e-01 best=2.858177e-01
[NA] iter=00023 eval=01611 misfit=2.877657e-01 best=2.858177e-01
[NA] iter=00023 eval=01612 misfit=2.905842e-01 best=2.858177e-01
[NA] iter=00023 eval=01613 misfit=2.866274e-01 best=2.858177e-01
[NA] iter=00023 eval=01614 misfit=2.879480e-01 best=2.858177e-01
[NA] iter=00023 eval=01615 misfit=2.889878e-01 best=2.858177e-01
[NA] iter=00023 eval=01616 misfit=2.868864e-01 best=2.858177e-01
[NA] iter=00023 eval=01617 misfit=2.868348e-01 best=2.858177e-01
[NA] iter=00023 eval=01618 misfit=2.906287e-01 best=2.858177e-01
[NA] iter=00023 eval=01619 misfit=2.861503e-01 best=2.858177e-01
[NA] iter=00023 eval=01620 misfit=2.867701e-01 best=2.858177e-01
[NA] iter=00023 eval=01621 misfit=2.877076e-01 best=2.858177e-01
[NA] iter=00023 eval=01622 misfit=2.869857e-01 best=2.858177e-01
[NA] iter=00023 eval=01623 misfit=2.871512e-01 best=2.858177e-01
[NA] iter=00023 eval=01624 misfit=2.890141e-01 best=2.858177e-01
[NA] iter=00023 eval=01625 misfit=2.867056e-01 best=2.858177e-01
[NA] iter=00023 eval=01626 misfit=2.873358e-01 best=2.858177e-01
[NA] iter=00023 eval=01627 misfit=2.919226e-01 best=2.858177e-01
[NA] iter=00023 eval=01628 misfit=2.914748e-01 best=2.858177e-01
[NA] iter=00023 eval=01629 misfit=2.919031e-01 best=2.858177e-01
[NA] iter=00023 eval=01630 misfit=2.874788e-01 best=2.858177e-01
[NA] iter=00023 eval=01631 misfit=2.909110e-01 best=2.858177e-01
[NA] iter=00023 eval=01632 misfit=2.873206e-01 best=2.858177e-01
[NA] iter=00023 eval=01633 misfit=2.886422e-01 best=2.858177e-01
[NA] iter=00023 eval=01634 misfit=2.872263e-01 best=2.858177e-01
[NA] iter=00023 eval=01635 misfit=2.892274e-01 best=2.858177e-01
[NA] iter=00023 eval=01636 misfit=2.899684e-01 best=2.858177e-01
[NA] iter=00023 eval=01637 misfit=2.886735e-01 best=2.858177e-01
[NA] iter=00023 eval=01638 misfit=2.870652e-01 best=2.858177e-01
[NA] iter=00023 eval=01639 misfit=2.899911e-01 best=2.858177e-01
[NA] iter=00023 eval=01640 misfit=2.867339e-01 best=2.858177e-01
[NA] iter=00023 eval=01641 misfit=2.870898e-01 best=2.858177e-01
[NA] iter=00023 eval=01642 misfit=2.918090e-01 best=2.858177e-01
[NA] iter=00023 eval=01643 misfit=2.911768e-01 best=2.858177e-01
[NA] iter=00023 eval=01644 misfit=2.906114e-01 best=2.858177e-01
[NA] iter=00023 eval=01645 misfit=2.920966e-01 best=2.858177e-01
[NA] iter=00023 eval=01646 misfit=2.881670e-01 best=2.858177e-01
[NA] iter=00023 eval=01647 misfit=2.875260e-01 best=2.858177e-01
[NA] iter=00023 eval=01648 misfit=2.888317e-01 best=2.858177e-01
[NA] iter=00023 eval=01649 misfit=2.885042e-01 best=2.858177e-01
[NA] iter=00023 eval=01650 misfit=2.898945e-01 best=2.858177e-01
NAI - Optimisation Loop:  46%|████▌     | 23/50 [07:10<08:25, 18.72s/it][NA] iter=00024 eval=01651 misfit=2.870705e-01 best=2.858177e-01
[NA] iter=00024 eval=01652 misfit=2.868217e-01 best=2.858177e-01
[NA] iter=00024 eval=01653 misfit=2.877694e-01 best=2.858177e-01
[NA] iter=00024 eval=01654 misfit=2.858746e-01 best=2.858177e-01
[NA] iter=00024 eval=01655 misfit=2.864779e-01 best=2.858177e-01
[NA] iter=00024 eval=01656 misfit=2.889672e-01 best=2.858177e-01
[NA] iter=00024 eval=01657 misfit=2.869193e-01 best=2.858177e-01
[NA] iter=00024 eval=01658 misfit=2.866067e-01 best=2.858177e-01
[NA] iter=00024 eval=01659 misfit=2.865919e-01 best=2.858177e-01
[NA] iter=00024 eval=01660 misfit=2.859907e-01 best=2.858177e-01
[NA] iter=00024 eval=01661 misfit=2.874757e-01 best=2.858177e-01
[NA] iter=00024 eval=01662 misfit=2.903880e-01 best=2.858177e-01
[NA] iter=00024 eval=01663 misfit=2.916851e-01 best=2.858177e-01
[NA] iter=00024 eval=01664 misfit=2.860008e-01 best=2.858177e-01
[NA] iter=00024 eval=01665 misfit=2.871286e-01 best=2.858177e-01
[NA] iter=00024 eval=01666 misfit=2.889705e-01 best=2.858177e-01
[NA] iter=00024 eval=01667 misfit=2.911790e-01 best=2.858177e-01
[NA] iter=00024 eval=01668 misfit=2.874247e-01 best=2.858177e-01
[NA] iter=00024 eval=01669 misfit=2.870725e-01 best=2.858177e-01
[NA] iter=00024 eval=01670 misfit=2.871892e-01 best=2.858177e-01
[NA] iter=00024 eval=01671 misfit=2.875426e-01 best=2.858177e-01
[NA] iter=00024 eval=01672 misfit=2.894388e-01 best=2.858177e-01
[NA] iter=00024 eval=01673 misfit=2.873015e-01 best=2.858177e-01
[NA] iter=00024 eval=01674 misfit=2.892607e-01 best=2.858177e-01
[NA] iter=00024 eval=01675 misfit=2.864573e-01 best=2.858177e-01
[NA] iter=00024 eval=01676 misfit=2.903185e-01 best=2.858177e-01
[NA] iter=00024 eval=01677 misfit=2.887686e-01 best=2.858177e-01
[NA] iter=00024 eval=01678 misfit=2.867054e-01 best=2.858177e-01
[NA] iter=00024 eval=01679 misfit=2.902673e-01 best=2.858177e-01
[NA] iter=00024 eval=01680 misfit=2.935591e-01 best=2.858177e-01
[NA] iter=00024 eval=01681 misfit=2.862353e-01 best=2.858177e-01
[NA] iter=00024 eval=01682 misfit=2.885422e-01 best=2.858177e-01
[NA] iter=00024 eval=01683 misfit=2.888734e-01 best=2.858177e-01
[NA] iter=00024 eval=01684 misfit=2.904580e-01 best=2.858177e-01
[NA] iter=00024 eval=01685 misfit=2.890564e-01 best=2.858177e-01
[NA] iter=00024 eval=01686 misfit=2.866593e-01 best=2.858177e-01
[NA] iter=00024 eval=01687 misfit=2.907780e-01 best=2.858177e-01
[NA] iter=00024 eval=01688 misfit=2.891733e-01 best=2.858177e-01
[NA] iter=00024 eval=01689 misfit=2.907305e-01 best=2.858177e-01
[NA] iter=00024 eval=01690 misfit=2.867634e-01 best=2.858177e-01
[NA] iter=00024 eval=01691 misfit=2.890048e-01 best=2.858177e-01
[NA] iter=00024 eval=01692 misfit=2.886324e-01 best=2.858177e-01
[NA] iter=00024 eval=01693 misfit=2.870326e-01 best=2.858177e-01
[NA] iter=00024 eval=01694 misfit=2.876006e-01 best=2.858177e-01
[NA] iter=00024 eval=01695 misfit=2.889498e-01 best=2.858177e-01
[NA] iter=00024 eval=01696 misfit=2.866950e-01 best=2.858177e-01
[NA] iter=00024 eval=01697 misfit=2.897198e-01 best=2.858177e-01
[NA] iter=00024 eval=01698 misfit=2.926659e-01 best=2.858177e-01
[NA] iter=00024 eval=01699 misfit=2.853102e-01 best=2.853102e-01
[NA] iter=00024 eval=01700 misfit=2.920333e-01 best=2.853102e-01
NAI - Optimisation Loop:  48%|████▊     | 24/50 [07:27<07:55, 18.29s/it][NA] iter=00025 eval=01701 misfit=2.866682e-01 best=2.853102e-01
[NA] iter=00025 eval=01702 misfit=2.895733e-01 best=2.853102e-01
[NA] iter=00025 eval=01703 misfit=2.910673e-01 best=2.853102e-01
[NA] iter=00025 eval=01704 misfit=2.907577e-01 best=2.853102e-01
[NA] iter=00025 eval=01705 misfit=2.895660e-01 best=2.853102e-01
[NA] iter=00025 eval=01706 misfit=2.870787e-01 best=2.853102e-01
[NA] iter=00025 eval=01707 misfit=2.858970e-01 best=2.853102e-01
[NA] iter=00025 eval=01708 misfit=2.871773e-01 best=2.853102e-01
[NA] iter=00025 eval=01709 misfit=2.857973e-01 best=2.853102e-01
[NA] iter=00025 eval=01710 misfit=2.858038e-01 best=2.853102e-01
[NA] iter=00025 eval=01711 misfit=2.857888e-01 best=2.853102e-01
[NA] iter=00025 eval=01712 misfit=2.866128e-01 best=2.853102e-01
[NA] iter=00025 eval=01713 misfit=2.865456e-01 best=2.853102e-01
[NA] iter=00025 eval=01714 misfit=2.866398e-01 best=2.853102e-01
[NA] iter=00025 eval=01715 misfit=2.881388e-01 best=2.853102e-01
[NA] iter=00025 eval=01716 misfit=2.870106e-01 best=2.853102e-01
[NA] iter=00025 eval=01717 misfit=2.870224e-01 best=2.853102e-01
[NA] iter=00025 eval=01718 misfit=2.881029e-01 best=2.853102e-01
[NA] iter=00025 eval=01719 misfit=2.872053e-01 best=2.853102e-01
[NA] iter=00025 eval=01720 misfit=2.859645e-01 best=2.853102e-01
[NA] iter=00025 eval=01721 misfit=2.861558e-01 best=2.853102e-01
[NA] iter=00025 eval=01722 misfit=2.872410e-01 best=2.853102e-01
[NA] iter=00025 eval=01723 misfit=2.860338e-01 best=2.853102e-01
[NA] iter=00025 eval=01724 misfit=2.882447e-01 best=2.853102e-01
[NA] iter=00025 eval=01725 misfit=2.861103e-01 best=2.853102e-01
[NA] iter=00025 eval=01726 misfit=2.904021e-01 best=2.853102e-01
[NA] iter=00025 eval=01727 misfit=2.875087e-01 best=2.853102e-01
[NA] iter=00025 eval=01728 misfit=2.925426e-01 best=2.853102e-01
[NA] iter=00025 eval=01729 misfit=2.903349e-01 best=2.853102e-01
[NA] iter=00025 eval=01730 misfit=2.923457e-01 best=2.853102e-01
[NA] iter=00025 eval=01731 misfit=2.859667e-01 best=2.853102e-01
[NA] iter=00025 eval=01732 misfit=2.868176e-01 best=2.853102e-01
[NA] iter=00025 eval=01733 misfit=2.867458e-01 best=2.853102e-01
[NA] iter=00025 eval=01734 misfit=2.867575e-01 best=2.853102e-01
[NA] iter=00025 eval=01735 misfit=2.876061e-01 best=2.853102e-01
[NA] iter=00025 eval=01736 misfit=2.864315e-01 best=2.853102e-01
[NA] iter=00025 eval=01737 misfit=2.906194e-01 best=2.853102e-01
[NA] iter=00025 eval=01738 misfit=2.862184e-01 best=2.853102e-01
[NA] iter=00025 eval=01739 misfit=2.876082e-01 best=2.853102e-01
[NA] iter=00025 eval=01740 misfit=2.894374e-01 best=2.853102e-01
[NA] iter=00025 eval=01741 misfit=2.885348e-01 best=2.853102e-01
[NA] iter=00025 eval=01742 misfit=2.869038e-01 best=2.853102e-01
[NA] iter=00025 eval=01743 misfit=2.892119e-01 best=2.853102e-01
[NA] iter=00025 eval=01744 misfit=2.860446e-01 best=2.853102e-01
[NA] iter=00025 eval=01745 misfit=2.885625e-01 best=2.853102e-01
[NA] iter=00025 eval=01746 misfit=2.863711e-01 best=2.853102e-01
[NA] iter=00025 eval=01747 misfit=2.877196e-01 best=2.853102e-01
[NA] iter=00025 eval=01748 misfit=2.866396e-01 best=2.853102e-01
[NA] iter=00025 eval=01749 misfit=2.874820e-01 best=2.853102e-01
[NA] iter=00025 eval=01750 misfit=2.865236e-01 best=2.853102e-01
NAI - Optimisation Loop:  50%|█████     | 25/50 [07:45<07:29, 18.00s/it][NA] iter=00026 eval=01751 misfit=2.869701e-01 best=2.853102e-01
[NA] iter=00026 eval=01752 misfit=2.864685e-01 best=2.853102e-01
[NA] iter=00026 eval=01753 misfit=2.908991e-01 best=2.853102e-01
[NA] iter=00026 eval=01754 misfit=2.863490e-01 best=2.853102e-01
[NA] iter=00026 eval=01755 misfit=2.860060e-01 best=2.853102e-01
[NA] iter=00026 eval=01756 misfit=2.878773e-01 best=2.853102e-01
[NA] iter=00026 eval=01757 misfit=2.868416e-01 best=2.853102e-01
[NA] iter=00026 eval=01758 misfit=2.885536e-01 best=2.853102e-01
[NA] iter=00026 eval=01759 misfit=2.877256e-01 best=2.853102e-01
[NA] iter=00026 eval=01760 misfit=2.859227e-01 best=2.853102e-01
[NA] iter=00026 eval=01761 misfit=2.866228e-01 best=2.853102e-01
[NA] iter=00026 eval=01762 misfit=2.866083e-01 best=2.853102e-01
[NA] iter=00026 eval=01763 misfit=2.857643e-01 best=2.853102e-01
[NA] iter=00026 eval=01764 misfit=2.871099e-01 best=2.853102e-01
[NA] iter=00026 eval=01765 misfit=2.871063e-01 best=2.853102e-01
[NA] iter=00026 eval=01766 misfit=2.909900e-01 best=2.853102e-01
[NA] iter=00026 eval=01767 misfit=2.857197e-01 best=2.853102e-01
[NA] iter=00026 eval=01768 misfit=2.865239e-01 best=2.853102e-01
[NA] iter=00026 eval=01769 misfit=2.900871e-01 best=2.853102e-01
[NA] iter=00026 eval=01770 misfit=2.867834e-01 best=2.853102e-01
[NA] iter=00026 eval=01771 misfit=2.865560e-01 best=2.853102e-01
[NA] iter=00026 eval=01772 misfit=2.879045e-01 best=2.853102e-01
[NA] iter=00026 eval=01773 misfit=2.872245e-01 best=2.853102e-01
[NA] iter=00026 eval=01774 misfit=2.866258e-01 best=2.853102e-01
[NA] iter=00026 eval=01775 misfit=2.866884e-01 best=2.853102e-01
[NA] iter=00026 eval=01776 misfit=2.858043e-01 best=2.853102e-01
[NA] iter=00026 eval=01777 misfit=2.857225e-01 best=2.853102e-01
[NA] iter=00026 eval=01778 misfit=2.859116e-01 best=2.853102e-01
[NA] iter=00026 eval=01779 misfit=2.858541e-01 best=2.853102e-01
[NA] iter=00026 eval=01780 misfit=2.866407e-01 best=2.853102e-01
[NA] iter=00026 eval=01781 misfit=2.865252e-01 best=2.853102e-01
[NA] iter=00026 eval=01782 misfit=2.880067e-01 best=2.853102e-01
[NA] iter=00026 eval=01783 misfit=2.865737e-01 best=2.853102e-01
[NA] iter=00026 eval=01784 misfit=2.859601e-01 best=2.853102e-01
[NA] iter=00026 eval=01785 misfit=2.860185e-01 best=2.853102e-01
[NA] iter=00026 eval=01786 misfit=2.867521e-01 best=2.853102e-01
[NA] iter=00026 eval=01787 misfit=2.870338e-01 best=2.853102e-01
[NA] iter=00026 eval=01788 misfit=2.871224e-01 best=2.853102e-01
[NA] iter=00026 eval=01789 misfit=2.859267e-01 best=2.853102e-01
[NA] iter=00026 eval=01790 misfit=2.889423e-01 best=2.853102e-01
[NA] iter=00026 eval=01791 misfit=2.865524e-01 best=2.853102e-01
[NA] iter=00026 eval=01792 misfit=2.859481e-01 best=2.853102e-01
[NA] iter=00026 eval=01793 misfit=2.868013e-01 best=2.853102e-01
[NA] iter=00026 eval=01794 misfit=2.909593e-01 best=2.853102e-01
[NA] iter=00026 eval=01795 misfit=2.870461e-01 best=2.853102e-01
[NA] iter=00026 eval=01796 misfit=2.874808e-01 best=2.853102e-01
[NA] iter=00026 eval=01797 misfit=2.874541e-01 best=2.853102e-01
[NA] iter=00026 eval=01798 misfit=2.860078e-01 best=2.853102e-01
[NA] iter=00026 eval=01799 misfit=2.874765e-01 best=2.853102e-01
[NA] iter=00026 eval=01800 misfit=2.857966e-01 best=2.853102e-01
NAI - Optimisation Loop:  52%|█████▏    | 26/50 [08:03<07:10, 17.95s/it][NA] iter=00027 eval=01801 misfit=2.855707e-01 best=2.853102e-01
[NA] iter=00027 eval=01802 misfit=2.874518e-01 best=2.853102e-01
[NA] iter=00027 eval=01803 misfit=2.896016e-01 best=2.853102e-01
[NA] iter=00027 eval=01804 misfit=2.853285e-01 best=2.853102e-01
[NA] iter=00027 eval=01805 misfit=2.874622e-01 best=2.853102e-01
[NA] iter=00027 eval=01806 misfit=2.903287e-01 best=2.853102e-01
[NA] iter=00027 eval=01807 misfit=2.857171e-01 best=2.853102e-01
[NA] iter=00027 eval=01808 misfit=2.879429e-01 best=2.853102e-01
[NA] iter=00027 eval=01809 misfit=2.880151e-01 best=2.853102e-01
[NA] iter=00027 eval=01810 misfit=2.878889e-01 best=2.853102e-01
[NA] iter=00027 eval=01811 misfit=2.865779e-01 best=2.853102e-01
[NA] iter=00027 eval=01812 misfit=2.878375e-01 best=2.853102e-01
[NA] iter=00027 eval=01813 misfit=2.855376e-01 best=2.853102e-01
[NA] iter=00027 eval=01814 misfit=2.866067e-01 best=2.853102e-01
[NA] iter=00027 eval=01815 misfit=2.888124e-01 best=2.853102e-01
[NA] iter=00027 eval=01816 misfit=2.871168e-01 best=2.853102e-01
[NA] iter=00027 eval=01817 misfit=2.863339e-01 best=2.853102e-01
[NA] iter=00027 eval=01818 misfit=2.865995e-01 best=2.853102e-01
[NA] iter=00027 eval=01819 misfit=2.864391e-01 best=2.853102e-01
[NA] iter=00027 eval=01820 misfit=2.877132e-01 best=2.853102e-01
[NA] iter=00027 eval=01821 misfit=2.858804e-01 best=2.853102e-01
[NA] iter=00027 eval=01822 misfit=2.856957e-01 best=2.853102e-01
[NA] iter=00027 eval=01823 misfit=2.857632e-01 best=2.853102e-01
[NA] iter=00027 eval=01824 misfit=2.857926e-01 best=2.853102e-01
[NA] iter=00027 eval=01825 misfit=2.868276e-01 best=2.853102e-01
[NA] iter=00027 eval=01826 misfit=2.892770e-01 best=2.853102e-01
[NA] iter=00027 eval=01827 misfit=2.873887e-01 best=2.853102e-01
[NA] iter=00027 eval=01828 misfit=2.858574e-01 best=2.853102e-01
[NA] iter=00027 eval=01829 misfit=2.874437e-01 best=2.853102e-01
[NA] iter=00027 eval=01830 misfit=2.872915e-01 best=2.853102e-01
[NA] iter=00027 eval=01831 misfit=2.869550e-01 best=2.853102e-01
[NA] iter=00027 eval=01832 misfit=2.870994e-01 best=2.853102e-01
[NA] iter=00027 eval=01833 misfit=2.870653e-01 best=2.853102e-01
[NA] iter=00027 eval=01834 misfit=2.857374e-01 best=2.853102e-01
[NA] iter=00027 eval=01835 misfit=2.855927e-01 best=2.853102e-01
[NA] iter=00027 eval=01836 misfit=2.858021e-01 best=2.853102e-01
[NA] iter=00027 eval=01837 misfit=2.858235e-01 best=2.853102e-01
[NA] iter=00027 eval=01838 misfit=2.902875e-01 best=2.853102e-01
[NA] iter=00027 eval=01839 misfit=2.879682e-01 best=2.853102e-01
[NA] iter=00027 eval=01840 misfit=2.902677e-01 best=2.853102e-01
[NA] iter=00027 eval=01841 misfit=2.869723e-01 best=2.853102e-01
[NA] iter=00027 eval=01842 misfit=2.859856e-01 best=2.853102e-01
[NA] iter=00027 eval=01843 misfit=2.869355e-01 best=2.853102e-01
[NA] iter=00027 eval=01844 misfit=2.868545e-01 best=2.853102e-01
[NA] iter=00027 eval=01845 misfit=2.856344e-01 best=2.853102e-01
[NA] iter=00027 eval=01846 misfit=2.858871e-01 best=2.853102e-01
[NA] iter=00027 eval=01847 misfit=2.857543e-01 best=2.853102e-01
[NA] iter=00027 eval=01848 misfit=2.880270e-01 best=2.853102e-01
[NA] iter=00027 eval=01849 misfit=2.857688e-01 best=2.853102e-01
[NA] iter=00027 eval=01850 misfit=2.858333e-01 best=2.853102e-01
NAI - Optimisation Loop:  54%|█████▍    | 27/50 [08:22<07:02, 18.35s/it][NA] iter=00028 eval=01851 misfit=2.887600e-01 best=2.853102e-01
[NA] iter=00028 eval=01852 misfit=2.868264e-01 best=2.853102e-01
[NA] iter=00028 eval=01853 misfit=2.887758e-01 best=2.853102e-01
[NA] iter=00028 eval=01854 misfit=2.897023e-01 best=2.853102e-01
[NA] iter=00028 eval=01855 misfit=2.866995e-01 best=2.853102e-01
[NA] iter=00028 eval=01856 misfit=2.854261e-01 best=2.853102e-01
[NA] iter=00028 eval=01857 misfit=2.854802e-01 best=2.853102e-01
[NA] iter=00028 eval=01858 misfit=2.854215e-01 best=2.853102e-01
[NA] iter=00028 eval=01859 misfit=2.853789e-01 best=2.853102e-01
[NA] iter=00028 eval=01860 misfit=2.868673e-01 best=2.853102e-01
[NA] iter=00028 eval=01861 misfit=2.855460e-01 best=2.853102e-01
[NA] iter=00028 eval=01862 misfit=2.875449e-01 best=2.853102e-01
[NA] iter=00028 eval=01863 misfit=2.855799e-01 best=2.853102e-01
[NA] iter=00028 eval=01864 misfit=2.876809e-01 best=2.853102e-01
[NA] iter=00028 eval=01865 misfit=2.877245e-01 best=2.853102e-01
[NA] iter=00028 eval=01866 misfit=2.856792e-01 best=2.853102e-01
[NA] iter=00028 eval=01867 misfit=2.854188e-01 best=2.853102e-01
[NA] iter=00028 eval=01868 misfit=2.856886e-01 best=2.853102e-01
[NA] iter=00028 eval=01869 misfit=2.855171e-01 best=2.853102e-01
[NA] iter=00028 eval=01870 misfit=2.861683e-01 best=2.853102e-01
[NA] iter=00028 eval=01871 misfit=2.877774e-01 best=2.853102e-01
[NA] iter=00028 eval=01872 misfit=2.869048e-01 best=2.853102e-01
[NA] iter=00028 eval=01873 misfit=2.855783e-01 best=2.853102e-01
[NA] iter=00028 eval=01874 misfit=2.868203e-01 best=2.853102e-01
[NA] iter=00028 eval=01875 misfit=2.889861e-01 best=2.853102e-01
[NA] iter=00028 eval=01876 misfit=2.856543e-01 best=2.853102e-01
[NA] iter=00028 eval=01877 misfit=2.866993e-01 best=2.853102e-01
[NA] iter=00028 eval=01878 misfit=2.857299e-01 best=2.853102e-01
[NA] iter=00028 eval=01879 misfit=2.856159e-01 best=2.853102e-01
[NA] iter=00028 eval=01880 misfit=2.877514e-01 best=2.853102e-01
[NA] iter=00028 eval=01881 misfit=2.868627e-01 best=2.853102e-01
[NA] iter=00028 eval=01882 misfit=2.867924e-01 best=2.853102e-01
[NA] iter=00028 eval=01883 misfit=2.857442e-01 best=2.853102e-01
[NA] iter=00028 eval=01884 misfit=2.857050e-01 best=2.853102e-01
[NA] iter=00028 eval=01885 misfit=2.857984e-01 best=2.853102e-01
[NA] iter=00028 eval=01886 misfit=2.870819e-01 best=2.853102e-01
[NA] iter=00028 eval=01887 misfit=2.880238e-01 best=2.853102e-01
[NA] iter=00028 eval=01888 misfit=2.858013e-01 best=2.853102e-01
[NA] iter=00028 eval=01889 misfit=2.857607e-01 best=2.853102e-01
[NA] iter=00028 eval=01890 misfit=2.856751e-01 best=2.853102e-01
[NA] iter=00028 eval=01891 misfit=2.857409e-01 best=2.853102e-01
[NA] iter=00028 eval=01892 misfit=2.879615e-01 best=2.853102e-01
[NA] iter=00028 eval=01893 misfit=2.857477e-01 best=2.853102e-01
[NA] iter=00028 eval=01894 misfit=2.857135e-01 best=2.853102e-01
[NA] iter=00028 eval=01895 misfit=2.879361e-01 best=2.853102e-01
[NA] iter=00028 eval=01896 misfit=2.856997e-01 best=2.853102e-01
[NA] iter=00028 eval=01897 misfit=2.878598e-01 best=2.853102e-01
[NA] iter=00028 eval=01898 misfit=2.877366e-01 best=2.853102e-01
[NA] iter=00028 eval=01899 misfit=2.876593e-01 best=2.853102e-01
[NA] iter=00028 eval=01900 misfit=2.878348e-01 best=2.853102e-01
NAI - Optimisation Loop:  56%|█████▌    | 28/50 [08:40<06:42, 18.29s/it][NA] iter=00029 eval=01901 misfit=2.866365e-01 best=2.853102e-01
[NA] iter=00029 eval=01902 misfit=2.866500e-01 best=2.853102e-01
[NA] iter=00029 eval=01903 misfit=2.887146e-01 best=2.853102e-01
[NA] iter=00029 eval=01904 misfit=2.853623e-01 best=2.853102e-01
[NA] iter=00029 eval=01905 misfit=2.874069e-01 best=2.853102e-01
[NA] iter=00029 eval=01906 misfit=2.854358e-01 best=2.853102e-01
[NA] iter=00029 eval=01907 misfit=2.875118e-01 best=2.853102e-01
[NA] iter=00029 eval=01908 misfit=2.874771e-01 best=2.853102e-01
[NA] iter=00029 eval=01909 misfit=2.854202e-01 best=2.853102e-01
[NA] iter=00029 eval=01910 misfit=2.853933e-01 best=2.853102e-01
[NA] iter=00029 eval=01911 misfit=2.853935e-01 best=2.853102e-01
[NA] iter=00029 eval=01912 misfit=2.855433e-01 best=2.853102e-01
[NA] iter=00029 eval=01913 misfit=2.875143e-01 best=2.853102e-01
[NA] iter=00029 eval=01914 misfit=2.875922e-01 best=2.853102e-01
[NA] iter=00029 eval=01915 misfit=2.854435e-01 best=2.853102e-01
[NA] iter=00029 eval=01916 misfit=2.853326e-01 best=2.853102e-01
[NA] iter=00029 eval=01917 misfit=2.852871e-01 best=2.852871e-01
[NA] iter=00029 eval=01918 misfit=2.854467e-01 best=2.852871e-01
[NA] iter=00029 eval=01919 misfit=2.854200e-01 best=2.852871e-01
[NA] iter=00029 eval=01920 misfit=2.854326e-01 best=2.852871e-01
[NA] iter=00029 eval=01921 misfit=2.861773e-01 best=2.852871e-01
[NA] iter=00029 eval=01922 misfit=2.920835e-01 best=2.852871e-01
[NA] iter=00029 eval=01923 misfit=2.904305e-01 best=2.852871e-01
[NA] iter=00029 eval=01924 misfit=2.915958e-01 best=2.852871e-01
[NA] iter=00029 eval=01925 misfit=2.852183e-01 best=2.852183e-01
[NA] iter=00029 eval=01926 misfit=2.887148e-01 best=2.852183e-01
[NA] iter=00029 eval=01927 misfit=2.855703e-01 best=2.852183e-01
[NA] iter=00029 eval=01928 misfit=2.896685e-01 best=2.852183e-01
[NA] iter=00029 eval=01929 misfit=2.867116e-01 best=2.852183e-01
[NA] iter=00029 eval=01930 misfit=2.853549e-01 best=2.852183e-01
[NA] iter=00029 eval=01931 misfit=2.867620e-01 best=2.852183e-01
[NA] iter=00029 eval=01932 misfit=2.867703e-01 best=2.852183e-01
[NA] iter=00029 eval=01933 misfit=2.867782e-01 best=2.852183e-01
[NA] iter=00029 eval=01934 misfit=2.853170e-01 best=2.852183e-01
[NA] iter=00029 eval=01935 misfit=2.860799e-01 best=2.852183e-01
[NA] iter=00029 eval=01936 misfit=2.855378e-01 best=2.852183e-01
[NA] iter=00029 eval=01937 misfit=2.900183e-01 best=2.852183e-01
[NA] iter=00029 eval=01938 misfit=2.898673e-01 best=2.852183e-01
[NA] iter=00029 eval=01939 misfit=2.875834e-01 best=2.852183e-01
[NA] iter=00029 eval=01940 misfit=2.860699e-01 best=2.852183e-01
[NA] iter=00029 eval=01941 misfit=2.865766e-01 best=2.852183e-01
[NA] iter=00029 eval=01942 misfit=2.866307e-01 best=2.852183e-01
[NA] iter=00029 eval=01943 misfit=2.866259e-01 best=2.852183e-01
[NA] iter=00029 eval=01944 misfit=2.865990e-01 best=2.852183e-01
[NA] iter=00029 eval=01945 misfit=2.866842e-01 best=2.852183e-01
[NA] iter=00029 eval=01946 misfit=2.889416e-01 best=2.852183e-01
[NA] iter=00029 eval=01947 misfit=2.855876e-01 best=2.852183e-01
[NA] iter=00029 eval=01948 misfit=2.886545e-01 best=2.852183e-01
[NA] iter=00029 eval=01949 misfit=2.855963e-01 best=2.852183e-01
[NA] iter=00029 eval=01950 misfit=2.865459e-01 best=2.852183e-01
NAI - Optimisation Loop:  58%|█████▊    | 29/50 [08:58<06:24, 18.31s/it][NA] iter=00030 eval=01951 misfit=2.852088e-01 best=2.852088e-01
[NA] iter=00030 eval=01952 misfit=2.893243e-01 best=2.852088e-01
[NA] iter=00030 eval=01953 misfit=2.891002e-01 best=2.852088e-01
[NA] iter=00030 eval=01954 misfit=2.892977e-01 best=2.852088e-01
[NA] iter=00030 eval=01955 misfit=2.871161e-01 best=2.852088e-01
[NA] iter=00030 eval=01956 misfit=2.852576e-01 best=2.852088e-01
[NA] iter=00030 eval=01957 misfit=2.852232e-01 best=2.852088e-01
[NA] iter=00030 eval=01958 misfit=2.865988e-01 best=2.852088e-01
[NA] iter=00030 eval=01959 misfit=2.852210e-01 best=2.852088e-01
[NA] iter=00030 eval=01960 misfit=2.852385e-01 best=2.852088e-01
[NA] iter=00030 eval=01961 misfit=2.853631e-01 best=2.852088e-01
[NA] iter=00030 eval=01962 misfit=2.852325e-01 best=2.852088e-01
[NA] iter=00030 eval=01963 misfit=2.865408e-01 best=2.852088e-01
[NA] iter=00030 eval=01964 misfit=2.866594e-01 best=2.852088e-01
[NA] iter=00030 eval=01965 misfit=2.865886e-01 best=2.852088e-01
[NA] iter=00030 eval=01966 misfit=2.853064e-01 best=2.852088e-01
[NA] iter=00030 eval=01967 misfit=2.852598e-01 best=2.852088e-01
[NA] iter=00030 eval=01968 misfit=2.852982e-01 best=2.852088e-01
[NA] iter=00030 eval=01969 misfit=2.865322e-01 best=2.852088e-01
[NA] iter=00030 eval=01970 misfit=2.853918e-01 best=2.852088e-01
[NA] iter=00030 eval=01971 misfit=2.873797e-01 best=2.852088e-01
[NA] iter=00030 eval=01972 misfit=2.873573e-01 best=2.852088e-01
[NA] iter=00030 eval=01973 misfit=2.867273e-01 best=2.852088e-01
[NA] iter=00030 eval=01974 misfit=2.874043e-01 best=2.852088e-01
[NA] iter=00030 eval=01975 misfit=2.852972e-01 best=2.852088e-01
[NA] iter=00030 eval=01976 misfit=2.853134e-01 best=2.852088e-01
[NA] iter=00030 eval=01977 misfit=2.866319e-01 best=2.852088e-01
[NA] iter=00030 eval=01978 misfit=2.867343e-01 best=2.852088e-01
[NA] iter=00030 eval=01979 misfit=2.853106e-01 best=2.852088e-01
[NA] iter=00030 eval=01980 misfit=2.867425e-01 best=2.852088e-01
[NA] iter=00030 eval=01981 misfit=2.852504e-01 best=2.852088e-01
[NA] iter=00030 eval=01982 misfit=2.868360e-01 best=2.852088e-01
[NA] iter=00030 eval=01983 misfit=2.855221e-01 best=2.852088e-01
[NA] iter=00030 eval=01984 misfit=2.854538e-01 best=2.852088e-01
[NA] iter=00030 eval=01985 misfit=2.853433e-01 best=2.852088e-01
[NA] iter=00030 eval=01986 misfit=2.868501e-01 best=2.852088e-01
[NA] iter=00030 eval=01987 misfit=2.853786e-01 best=2.852088e-01
[NA] iter=00030 eval=01988 misfit=2.854028e-01 best=2.852088e-01
[NA] iter=00030 eval=01989 misfit=2.868288e-01 best=2.852088e-01
[NA] iter=00030 eval=01990 misfit=2.868386e-01 best=2.852088e-01
[NA] iter=00030 eval=01991 misfit=2.854319e-01 best=2.852088e-01
[NA] iter=00030 eval=01992 misfit=2.853783e-01 best=2.852088e-01
[NA] iter=00030 eval=01993 misfit=2.854352e-01 best=2.852088e-01
[NA] iter=00030 eval=01994 misfit=2.854887e-01 best=2.852088e-01
[NA] iter=00030 eval=01995 misfit=2.854252e-01 best=2.852088e-01
[NA] iter=00030 eval=01996 misfit=2.887673e-01 best=2.852088e-01
[NA] iter=00030 eval=01997 misfit=2.867287e-01 best=2.852088e-01
[NA] iter=00030 eval=01998 misfit=2.854511e-01 best=2.852088e-01
[NA] iter=00030 eval=01999 misfit=2.866915e-01 best=2.852088e-01
[NA] iter=00030 eval=02000 misfit=2.864523e-01 best=2.852088e-01
NAI - Optimisation Loop:  60%|██████    | 30/50 [09:19<06:23, 19.16s/it][NA] iter=00031 eval=02001 misfit=2.872523e-01 best=2.852088e-01
[NA] iter=00031 eval=02002 misfit=2.863993e-01 best=2.852088e-01
[NA] iter=00031 eval=02003 misfit=2.858010e-01 best=2.852088e-01
[NA] iter=00031 eval=02004 misfit=2.874591e-01 best=2.852088e-01
[NA] iter=00031 eval=02005 misfit=2.852853e-01 best=2.852088e-01
[NA] iter=00031 eval=02006 misfit=2.879711e-01 best=2.852088e-01
[NA] iter=00031 eval=02007 misfit=2.860371e-01 best=2.852088e-01
[NA] iter=00031 eval=02008 misfit=2.860401e-01 best=2.852088e-01
[NA] iter=00031 eval=02009 misfit=2.851815e-01 best=2.851815e-01
[NA] iter=00031 eval=02010 misfit=2.874109e-01 best=2.851815e-01
[NA] iter=00031 eval=02011 misfit=2.866530e-01 best=2.851815e-01
[NA] iter=00031 eval=02012 misfit=2.895320e-01 best=2.851815e-01
[NA] iter=00031 eval=02013 misfit=2.895761e-01 best=2.851815e-01
[NA] iter=00031 eval=02014 misfit=2.852581e-01 best=2.851815e-01
[NA] iter=00031 eval=02015 misfit=2.865946e-01 best=2.851815e-01
[NA] iter=00031 eval=02016 misfit=2.873165e-01 best=2.851815e-01
[NA] iter=00031 eval=02017 misfit=2.853100e-01 best=2.851815e-01
[NA] iter=00031 eval=02018 misfit=2.853150e-01 best=2.851815e-01
[NA] iter=00031 eval=02019 misfit=2.852381e-01 best=2.851815e-01
[NA] iter=00031 eval=02020 misfit=2.853278e-01 best=2.851815e-01
[NA] iter=00031 eval=02021 misfit=2.895576e-01 best=2.851815e-01
[NA] iter=00031 eval=02022 misfit=2.874481e-01 best=2.851815e-01
[NA] iter=00031 eval=02023 misfit=2.873101e-01 best=2.851815e-01
[NA] iter=00031 eval=02024 misfit=2.873154e-01 best=2.851815e-01
[NA] iter=00031 eval=02025 misfit=2.853016e-01 best=2.851815e-01
[NA] iter=00031 eval=02026 misfit=2.866265e-01 best=2.851815e-01
[NA] iter=00031 eval=02027 misfit=2.852929e-01 best=2.851815e-01
[NA] iter=00031 eval=02028 misfit=2.852508e-01 best=2.851815e-01
[NA] iter=00031 eval=02029 misfit=2.866758e-01 best=2.851815e-01
[NA] iter=00031 eval=02030 misfit=2.865956e-01 best=2.851815e-01
[NA] iter=00031 eval=02031 misfit=2.884764e-01 best=2.851815e-01
[NA] iter=00031 eval=02032 misfit=2.873563e-01 best=2.851815e-01
[NA] iter=00031 eval=02033 misfit=2.856280e-01 best=2.851815e-01
[NA] iter=00031 eval=02034 misfit=2.895739e-01 best=2.851815e-01
[NA] iter=00031 eval=02035 misfit=2.886231e-01 best=2.851815e-01
[NA] iter=00031 eval=02036 misfit=2.852760e-01 best=2.851815e-01
[NA] iter=00031 eval=02037 misfit=2.852385e-01 best=2.851815e-01
[NA] iter=00031 eval=02038 misfit=2.896421e-01 best=2.851815e-01
[NA] iter=00031 eval=02039 misfit=2.853257e-01 best=2.851815e-01
[NA] iter=00031 eval=02040 misfit=2.852591e-01 best=2.851815e-01
[NA] iter=00031 eval=02041 misfit=2.865639e-01 best=2.851815e-01
[NA] iter=00031 eval=02042 misfit=2.866938e-01 best=2.851815e-01
[NA] iter=00031 eval=02043 misfit=2.866118e-01 best=2.851815e-01
[NA] iter=00031 eval=02044 misfit=2.851816e-01 best=2.851815e-01
[NA] iter=00031 eval=02045 misfit=2.866095e-01 best=2.851815e-01
[NA] iter=00031 eval=02046 misfit=2.896024e-01 best=2.851815e-01
[NA] iter=00031 eval=02047 misfit=2.852904e-01 best=2.851815e-01
[NA] iter=00031 eval=02048 misfit=2.852758e-01 best=2.851815e-01
[NA] iter=00031 eval=02049 misfit=2.874496e-01 best=2.851815e-01
[NA] iter=00031 eval=02050 misfit=2.874520e-01 best=2.851815e-01
NAI - Optimisation Loop:  62%|██████▏   | 31/50 [09:40<06:13, 19.65s/it][NA] iter=00032 eval=02051 misfit=2.893728e-01 best=2.851815e-01
[NA] iter=00032 eval=02052 misfit=2.893682e-01 best=2.851815e-01
[NA] iter=00032 eval=02053 misfit=2.863746e-01 best=2.851815e-01
[NA] iter=00032 eval=02054 misfit=2.894786e-01 best=2.851815e-01
[NA] iter=00032 eval=02055 misfit=2.852786e-01 best=2.851815e-01
[NA] iter=00032 eval=02056 misfit=2.852752e-01 best=2.851815e-01
[NA] iter=00032 eval=02057 misfit=2.865709e-01 best=2.851815e-01
[NA] iter=00032 eval=02058 misfit=2.852258e-01 best=2.851815e-01
[NA] iter=00032 eval=02059 misfit=2.872611e-01 best=2.851815e-01
[NA] iter=00032 eval=02060 misfit=2.873521e-01 best=2.851815e-01
[NA] iter=00032 eval=02061 misfit=2.872043e-01 best=2.851815e-01
[NA] iter=00032 eval=02062 misfit=2.865306e-01 best=2.851815e-01
[NA] iter=00032 eval=02063 misfit=2.852931e-01 best=2.851815e-01
[NA] iter=00032 eval=02064 misfit=2.852669e-01 best=2.851815e-01
[NA] iter=00032 eval=02065 misfit=2.863940e-01 best=2.851815e-01
[NA] iter=00032 eval=02066 misfit=2.858621e-01 best=2.851815e-01
[NA] iter=00032 eval=02067 misfit=2.851682e-01 best=2.851682e-01
[NA] iter=00032 eval=02068 misfit=2.896107e-01 best=2.851682e-01
[NA] iter=00032 eval=02069 misfit=2.852525e-01 best=2.851682e-01
[NA] iter=00032 eval=02070 misfit=2.852887e-01 best=2.851682e-01
[NA] iter=00032 eval=02071 misfit=2.865701e-01 best=2.851682e-01
[NA] iter=00032 eval=02072 misfit=2.873388e-01 best=2.851682e-01
[NA] iter=00032 eval=02073 misfit=2.873322e-01 best=2.851682e-01
[NA] iter=00032 eval=02074 misfit=2.887252e-01 best=2.851682e-01
[NA] iter=00032 eval=02075 misfit=2.865504e-01 best=2.851682e-01
[NA] iter=00032 eval=02076 misfit=2.852892e-01 best=2.851682e-01
[NA] iter=00032 eval=02077 misfit=2.852162e-01 best=2.851682e-01
[NA] iter=00032 eval=02078 misfit=2.851985e-01 best=2.851682e-01
[NA] iter=00032 eval=02079 misfit=2.852278e-01 best=2.851682e-01
[NA] iter=00032 eval=02080 misfit=2.851842e-01 best=2.851682e-01
[NA] iter=00032 eval=02081 misfit=2.852539e-01 best=2.851682e-01
[NA] iter=00032 eval=02082 misfit=2.865856e-01 best=2.851682e-01
[NA] iter=00032 eval=02083 misfit=2.852255e-01 best=2.851682e-01
[NA] iter=00032 eval=02084 misfit=2.852618e-01 best=2.851682e-01
[NA] iter=00032 eval=02085 misfit=2.873184e-01 best=2.851682e-01
[NA] iter=00032 eval=02086 misfit=2.852318e-01 best=2.851682e-01
[NA] iter=00032 eval=02087 misfit=2.851441e-01 best=2.851441e-01
[NA] iter=00032 eval=02088 misfit=2.852336e-01 best=2.851441e-01
[NA] iter=00032 eval=02089 misfit=2.852502e-01 best=2.851441e-01
[NA] iter=00032 eval=02090 misfit=2.851459e-01 best=2.851441e-01
[NA] iter=00032 eval=02091 misfit=2.852302e-01 best=2.851441e-01
[NA] iter=00032 eval=02092 misfit=2.852661e-01 best=2.851441e-01
[NA] iter=00032 eval=02093 misfit=2.852425e-01 best=2.851441e-01
[NA] iter=00032 eval=02094 misfit=2.866245e-01 best=2.851441e-01
[NA] iter=00032 eval=02095 misfit=2.852353e-01 best=2.851441e-01
[NA] iter=00032 eval=02096 misfit=2.895978e-01 best=2.851441e-01
[NA] iter=00032 eval=02097 misfit=2.852825e-01 best=2.851441e-01
[NA] iter=00032 eval=02098 misfit=2.852823e-01 best=2.851441e-01
[NA] iter=00032 eval=02099 misfit=2.852870e-01 best=2.851441e-01
[NA] iter=00032 eval=02100 misfit=2.851691e-01 best=2.851441e-01
NAI - Optimisation Loop:  64%|██████▍   | 32/50 [10:00<05:55, 19.76s/it][NA] iter=00033 eval=02101 misfit=2.851323e-01 best=2.851323e-01
[NA] iter=00033 eval=02102 misfit=2.852094e-01 best=2.851323e-01
[NA] iter=00033 eval=02103 misfit=2.864297e-01 best=2.851323e-01
[NA] iter=00033 eval=02104 misfit=2.851167e-01 best=2.851167e-01
[NA] iter=00033 eval=02105 misfit=2.851529e-01 best=2.851167e-01
[NA] iter=00033 eval=02106 misfit=2.851820e-01 best=2.851167e-01
[NA] iter=00033 eval=02107 misfit=2.894525e-01 best=2.851167e-01
[NA] iter=00033 eval=02108 misfit=2.851787e-01 best=2.851167e-01
[NA] iter=00033 eval=02109 misfit=2.850953e-01 best=2.850953e-01
[NA] iter=00033 eval=02110 misfit=2.894723e-01 best=2.850953e-01
[NA] iter=00033 eval=02111 misfit=2.852419e-01 best=2.850953e-01
[NA] iter=00033 eval=02112 misfit=2.852652e-01 best=2.850953e-01
[NA] iter=00033 eval=02113 misfit=2.853593e-01 best=2.850953e-01
[NA] iter=00033 eval=02114 misfit=2.873638e-01 best=2.850953e-01
[NA] iter=00033 eval=02115 misfit=2.894971e-01 best=2.850953e-01
[NA] iter=00033 eval=02116 misfit=2.872751e-01 best=2.850953e-01
[NA] iter=00033 eval=02117 misfit=2.851545e-01 best=2.850953e-01
[NA] iter=00033 eval=02118 misfit=2.894918e-01 best=2.850953e-01
[NA] iter=00033 eval=02119 misfit=2.894562e-01 best=2.850953e-01
[NA] iter=00033 eval=02120 misfit=2.851640e-01 best=2.850953e-01
[NA] iter=00033 eval=02121 misfit=2.851409e-01 best=2.850953e-01
[NA] iter=00033 eval=02122 misfit=2.850726e-01 best=2.850726e-01
[NA] iter=00033 eval=02123 misfit=2.852826e-01 best=2.850726e-01
[NA] iter=00033 eval=02124 misfit=2.851452e-01 best=2.850726e-01
[NA] iter=00033 eval=02125 misfit=2.851266e-01 best=2.850726e-01
[NA] iter=00033 eval=02126 misfit=2.851635e-01 best=2.850726e-01
[NA] iter=00033 eval=02127 misfit=2.851387e-01 best=2.850726e-01
[NA] iter=00033 eval=02128 misfit=2.851920e-01 best=2.850726e-01
[NA] iter=00033 eval=02129 misfit=2.853060e-01 best=2.850726e-01
[NA] iter=00033 eval=02130 misfit=2.851658e-01 best=2.850726e-01
[NA] iter=00033 eval=02131 misfit=2.895814e-01 best=2.850726e-01
[NA] iter=00033 eval=02132 misfit=2.896486e-01 best=2.850726e-01
[NA] iter=00033 eval=02133 misfit=2.896117e-01 best=2.850726e-01
[NA] iter=00033 eval=02134 misfit=2.895758e-01 best=2.850726e-01
[NA] iter=00033 eval=02135 misfit=2.896058e-01 best=2.850726e-01
[NA] iter=00033 eval=02136 misfit=2.851853e-01 best=2.850726e-01
[NA] iter=00033 eval=02137 misfit=2.872218e-01 best=2.850726e-01
[NA] iter=00033 eval=02138 misfit=2.851727e-01 best=2.850726e-01
[NA] iter=00033 eval=02139 misfit=2.851995e-01 best=2.850726e-01
[NA] iter=00033 eval=02140 misfit=2.851444e-01 best=2.850726e-01
[NA] iter=00033 eval=02141 misfit=2.851479e-01 best=2.850726e-01
[NA] iter=00033 eval=02142 misfit=2.852320e-01 best=2.850726e-01
[NA] iter=00033 eval=02143 misfit=2.851780e-01 best=2.850726e-01
[NA] iter=00033 eval=02144 misfit=2.858216e-01 best=2.850726e-01
[NA] iter=00033 eval=02145 misfit=2.851469e-01 best=2.850726e-01
[NA] iter=00033 eval=02146 misfit=2.852113e-01 best=2.850726e-01
[NA] iter=00033 eval=02147 misfit=2.852295e-01 best=2.850726e-01
[NA] iter=00033 eval=02148 misfit=2.873533e-01 best=2.850726e-01
[NA] iter=00033 eval=02149 misfit=2.851991e-01 best=2.850726e-01
[NA] iter=00033 eval=02150 misfit=2.873766e-01 best=2.850726e-01
NAI - Optimisation Loop:  66%|██████▌   | 33/50 [10:18<05:27, 19.26s/it][NA] iter=00034 eval=02151 misfit=2.850554e-01 best=2.850554e-01
[NA] iter=00034 eval=02152 misfit=2.851487e-01 best=2.850554e-01
[NA] iter=00034 eval=02153 misfit=2.865729e-01 best=2.850554e-01
[NA] iter=00034 eval=02154 misfit=2.865492e-01 best=2.850554e-01
[NA] iter=00034 eval=02155 misfit=2.851841e-01 best=2.850554e-01
[NA] iter=00034 eval=02156 misfit=2.851466e-01 best=2.850554e-01
[NA] iter=00034 eval=02157 misfit=2.851184e-01 best=2.850554e-01
[NA] iter=00034 eval=02158 misfit=2.852029e-01 best=2.850554e-01
[NA] iter=00034 eval=02159 misfit=2.851966e-01 best=2.850554e-01
[NA] iter=00034 eval=02160 misfit=2.851323e-01 best=2.850554e-01
[NA] iter=00034 eval=02161 misfit=2.864547e-01 best=2.850554e-01
[NA] iter=00034 eval=02162 misfit=2.864899e-01 best=2.850554e-01
[NA] iter=00034 eval=02163 misfit=2.872521e-01 best=2.850554e-01
[NA] iter=00034 eval=02164 misfit=2.872024e-01 best=2.850554e-01
[NA] iter=00034 eval=02165 misfit=2.864948e-01 best=2.850554e-01
[NA] iter=00034 eval=02166 misfit=2.873403e-01 best=2.850554e-01
[NA] iter=00034 eval=02167 misfit=2.872234e-01 best=2.850554e-01
[NA] iter=00034 eval=02168 misfit=2.872962e-01 best=2.850554e-01
[NA] iter=00034 eval=02169 misfit=2.851335e-01 best=2.850554e-01
[NA] iter=00034 eval=02170 misfit=2.852346e-01 best=2.850554e-01
[NA] iter=00034 eval=02171 misfit=2.851952e-01 best=2.850554e-01
[NA] iter=00034 eval=02172 misfit=2.852018e-01 best=2.850554e-01
[NA] iter=00034 eval=02173 misfit=2.851644e-01 best=2.850554e-01
[NA] iter=00034 eval=02174 misfit=2.851171e-01 best=2.850554e-01
[NA] iter=00034 eval=02175 misfit=2.851487e-01 best=2.850554e-01
[NA] iter=00034 eval=02176 misfit=2.873081e-01 best=2.850554e-01
[NA] iter=00034 eval=02177 misfit=2.894986e-01 best=2.850554e-01
[NA] iter=00034 eval=02178 misfit=2.894984e-01 best=2.850554e-01
[NA] iter=00034 eval=02179 misfit=2.852136e-01 best=2.850554e-01
[NA] iter=00034 eval=02180 misfit=2.873300e-01 best=2.850554e-01
[NA] iter=00034 eval=02181 misfit=2.851842e-01 best=2.850554e-01
[NA] iter=00034 eval=02182 misfit=2.871374e-01 best=2.850554e-01
[NA] iter=00034 eval=02183 misfit=2.850740e-01 best=2.850554e-01
[NA] iter=00034 eval=02184 misfit=2.851305e-01 best=2.850554e-01
[NA] iter=00034 eval=02185 misfit=2.852319e-01 best=2.850554e-01
[NA] iter=00034 eval=02186 misfit=2.851541e-01 best=2.850554e-01
[NA] iter=00034 eval=02187 misfit=2.852198e-01 best=2.850554e-01
[NA] iter=00034 eval=02188 misfit=2.851639e-01 best=2.850554e-01
[NA] iter=00034 eval=02189 misfit=2.851444e-01 best=2.850554e-01
[NA] iter=00034 eval=02190 misfit=2.851387e-01 best=2.850554e-01
[NA] iter=00034 eval=02191 misfit=2.863922e-01 best=2.850554e-01
[NA] iter=00034 eval=02192 misfit=2.867107e-01 best=2.850554e-01
[NA] iter=00034 eval=02193 misfit=2.866872e-01 best=2.850554e-01
[NA] iter=00034 eval=02194 misfit=2.894498e-01 best=2.850554e-01
[NA] iter=00034 eval=02195 misfit=2.911756e-01 best=2.850554e-01
[NA] iter=00034 eval=02196 misfit=2.851188e-01 best=2.850554e-01
[NA] iter=00034 eval=02197 misfit=2.851099e-01 best=2.850554e-01
[NA] iter=00034 eval=02198 misfit=2.851230e-01 best=2.850554e-01
[NA] iter=00034 eval=02199 misfit=2.851344e-01 best=2.850554e-01
[NA] iter=00034 eval=02200 misfit=2.852260e-01 best=2.850554e-01
NAI - Optimisation Loop:  68%|██████▊   | 34/50 [10:37<05:06, 19.18s/it][NA] iter=00035 eval=02201 misfit=2.870109e-01 best=2.850554e-01
[NA] iter=00035 eval=02202 misfit=2.870762e-01 best=2.850554e-01
[NA] iter=00035 eval=02203 misfit=2.863109e-01 best=2.850554e-01
[NA] iter=00035 eval=02204 misfit=2.869059e-01 best=2.850554e-01
[NA] iter=00035 eval=02205 misfit=2.850197e-01 best=2.850197e-01
[NA] iter=00035 eval=02206 misfit=2.863960e-01 best=2.850197e-01
[NA] iter=00035 eval=02207 misfit=2.851424e-01 best=2.850197e-01
[NA] iter=00035 eval=02208 misfit=2.850842e-01 best=2.850197e-01
[NA] iter=00035 eval=02209 misfit=2.850892e-01 best=2.850197e-01
[NA] iter=00035 eval=02210 misfit=2.851094e-01 best=2.850197e-01
[NA] iter=00035 eval=02211 misfit=2.850789e-01 best=2.850197e-01
[NA] iter=00035 eval=02212 misfit=2.850379e-01 best=2.850197e-01
[NA] iter=00035 eval=02213 misfit=2.851091e-01 best=2.850197e-01
[NA] iter=00035 eval=02214 misfit=2.851498e-01 best=2.850197e-01
[NA] iter=00035 eval=02215 misfit=2.851194e-01 best=2.850197e-01
[NA] iter=00035 eval=02216 misfit=2.851565e-01 best=2.850197e-01
[NA] iter=00035 eval=02217 misfit=2.851518e-01 best=2.850197e-01
[NA] iter=00035 eval=02218 misfit=2.894811e-01 best=2.850197e-01
[NA] iter=00035 eval=02219 misfit=2.872538e-01 best=2.850197e-01
[NA] iter=00035 eval=02220 misfit=2.872211e-01 best=2.850197e-01
[NA] iter=00035 eval=02221 misfit=2.864026e-01 best=2.850197e-01
[NA] iter=00035 eval=02222 misfit=2.850629e-01 best=2.850197e-01
[NA] iter=00035 eval=02223 misfit=2.864487e-01 best=2.850197e-01
[NA] iter=00035 eval=02224 misfit=2.850998e-01 best=2.850197e-01
[NA] iter=00035 eval=02225 misfit=2.864076e-01 best=2.850197e-01
[NA] iter=00035 eval=02226 misfit=2.851537e-01 best=2.850197e-01
[NA] iter=00035 eval=02227 misfit=2.865006e-01 best=2.850197e-01
[NA] iter=00035 eval=02228 misfit=2.894437e-01 best=2.850197e-01
[NA] iter=00035 eval=02229 misfit=2.864760e-01 best=2.850197e-01
[NA] iter=00035 eval=02230 misfit=2.872663e-01 best=2.850197e-01
[NA] iter=00035 eval=02231 misfit=2.893660e-01 best=2.850197e-01
[NA] iter=00035 eval=02232 misfit=2.850809e-01 best=2.850197e-01
[NA] iter=00035 eval=02233 misfit=2.894335e-01 best=2.850197e-01
[NA] iter=00035 eval=02234 misfit=2.892547e-01 best=2.850197e-01
[NA] iter=00035 eval=02235 misfit=2.872601e-01 best=2.850197e-01
[NA] iter=00035 eval=02236 misfit=2.852639e-01 best=2.850197e-01
[NA] iter=00035 eval=02237 misfit=2.894511e-01 best=2.850197e-01
[NA] iter=00035 eval=02238 misfit=2.850640e-01 best=2.850197e-01
[NA] iter=00035 eval=02239 misfit=2.895348e-01 best=2.850197e-01
[NA] iter=00035 eval=02240 misfit=2.894642e-01 best=2.850197e-01
[NA] iter=00035 eval=02241 misfit=2.851133e-01 best=2.850197e-01
[NA] iter=00035 eval=02242 misfit=2.872474e-01 best=2.850197e-01
[NA] iter=00035 eval=02243 misfit=2.850886e-01 best=2.850197e-01
[NA] iter=00035 eval=02244 misfit=2.851098e-01 best=2.850197e-01
[NA] iter=00035 eval=02245 misfit=2.872267e-01 best=2.850197e-01
[NA] iter=00035 eval=02246 misfit=2.851622e-01 best=2.850197e-01
[NA] iter=00035 eval=02247 misfit=2.851635e-01 best=2.850197e-01
[NA] iter=00035 eval=02248 misfit=2.851315e-01 best=2.850197e-01
[NA] iter=00035 eval=02249 misfit=2.851405e-01 best=2.850197e-01
[NA] iter=00035 eval=02250 misfit=2.872155e-01 best=2.850197e-01
NAI - Optimisation Loop:  70%|███████   | 35/50 [10:56<04:43, 18.91s/it][NA] iter=00036 eval=02251 misfit=2.851000e-01 best=2.850197e-01
[NA] iter=00036 eval=02252 misfit=2.871163e-01 best=2.850197e-01
[NA] iter=00036 eval=02253 misfit=2.850316e-01 best=2.850197e-01
[NA] iter=00036 eval=02254 misfit=2.851052e-01 best=2.850197e-01
[NA] iter=00036 eval=02255 misfit=2.850033e-01 best=2.850033e-01
[NA] iter=00036 eval=02256 misfit=2.892210e-01 best=2.850033e-01
[NA] iter=00036 eval=02257 misfit=2.892985e-01 best=2.850033e-01
[NA] iter=00036 eval=02258 misfit=2.892510e-01 best=2.850033e-01
[NA] iter=00036 eval=02259 misfit=2.849551e-01 best=2.849551e-01
[NA] iter=00036 eval=02260 misfit=2.850386e-01 best=2.849551e-01
[NA] iter=00036 eval=02261 misfit=2.851194e-01 best=2.849551e-01
[NA] iter=00036 eval=02262 misfit=2.850397e-01 best=2.849551e-01
[NA] iter=00036 eval=02263 misfit=2.870583e-01 best=2.849551e-01
[NA] iter=00036 eval=02264 misfit=2.850891e-01 best=2.849551e-01
[NA] iter=00036 eval=02265 misfit=2.849910e-01 best=2.849551e-01
[NA] iter=00036 eval=02266 misfit=2.863966e-01 best=2.849551e-01
[NA] iter=00036 eval=02267 misfit=2.850790e-01 best=2.849551e-01
[NA] iter=00036 eval=02268 misfit=2.850404e-01 best=2.849551e-01
[NA] iter=00036 eval=02269 misfit=2.871593e-01 best=2.849551e-01
[NA] iter=00036 eval=02270 misfit=2.850648e-01 best=2.849551e-01
[NA] iter=00036 eval=02271 misfit=2.851146e-01 best=2.849551e-01
[NA] iter=00036 eval=02272 misfit=2.862587e-01 best=2.849551e-01
[NA] iter=00036 eval=02273 misfit=2.862537e-01 best=2.849551e-01
[NA] iter=00036 eval=02274 misfit=2.850356e-01 best=2.849551e-01
[NA] iter=00036 eval=02275 misfit=2.851069e-01 best=2.849551e-01
[NA] iter=00036 eval=02276 misfit=2.850719e-01 best=2.849551e-01
[NA] iter=00036 eval=02277 misfit=2.864438e-01 best=2.849551e-01
[NA] iter=00036 eval=02278 misfit=2.851455e-01 best=2.849551e-01
[NA] iter=00036 eval=02279 misfit=2.850634e-01 best=2.849551e-01
[NA] iter=00036 eval=02280 misfit=2.850573e-01 best=2.849551e-01
[NA] iter=00036 eval=02281 misfit=2.871723e-01 best=2.849551e-01
[NA] iter=00036 eval=02282 misfit=2.850886e-01 best=2.849551e-01
[NA] iter=00036 eval=02283 misfit=2.871279e-01 best=2.849551e-01
[NA] iter=00036 eval=02284 misfit=2.851355e-01 best=2.849551e-01
[NA] iter=00036 eval=02285 misfit=2.894558e-01 best=2.849551e-01
[NA] iter=00036 eval=02286 misfit=2.849833e-01 best=2.849551e-01
[NA] iter=00036 eval=02287 misfit=2.851357e-01 best=2.849551e-01
[NA] iter=00036 eval=02288 misfit=2.850052e-01 best=2.849551e-01
[NA] iter=00036 eval=02289 misfit=2.850752e-01 best=2.849551e-01
[NA] iter=00036 eval=02290 misfit=2.849983e-01 best=2.849551e-01
[NA] iter=00036 eval=02291 misfit=2.850801e-01 best=2.849551e-01
[NA] iter=00036 eval=02292 misfit=2.893269e-01 best=2.849551e-01
[NA] iter=00036 eval=02293 misfit=2.851178e-01 best=2.849551e-01
[NA] iter=00036 eval=02294 misfit=2.849359e-01 best=2.849359e-01
[NA] iter=00036 eval=02295 misfit=2.850318e-01 best=2.849359e-01
[NA] iter=00036 eval=02296 misfit=2.850856e-01 best=2.849359e-01
[NA] iter=00036 eval=02297 misfit=2.850566e-01 best=2.849359e-01
[NA] iter=00036 eval=02298 misfit=2.850811e-01 best=2.849359e-01
[NA] iter=00036 eval=02299 misfit=2.850817e-01 best=2.849359e-01
[NA] iter=00036 eval=02300 misfit=2.850986e-01 best=2.849359e-01
NAI - Optimisation Loop:  72%|███████▏  | 36/50 [11:13<04:17, 18.38s/it][NA] iter=00037 eval=02301 misfit=2.849475e-01 best=2.849359e-01
[NA] iter=00037 eval=02302 misfit=2.869401e-01 best=2.849359e-01
[NA] iter=00037 eval=02303 misfit=2.892390e-01 best=2.849359e-01
[NA] iter=00037 eval=02304 misfit=2.869938e-01 best=2.849359e-01
[NA] iter=00037 eval=02305 misfit=2.892125e-01 best=2.849359e-01
[NA] iter=00037 eval=02306 misfit=2.882895e-01 best=2.849359e-01
[NA] iter=00037 eval=02307 misfit=2.861840e-01 best=2.849359e-01
[NA] iter=00037 eval=02308 misfit=2.863333e-01 best=2.849359e-01
[NA] iter=00037 eval=02309 misfit=2.870240e-01 best=2.849359e-01
[NA] iter=00037 eval=02310 misfit=2.870247e-01 best=2.849359e-01
[NA] iter=00037 eval=02311 misfit=2.850411e-01 best=2.849359e-01
[NA] iter=00037 eval=02312 misfit=2.891263e-01 best=2.849359e-01
[NA] iter=00037 eval=02313 misfit=2.891834e-01 best=2.849359e-01
[NA] iter=00037 eval=02314 misfit=2.849855e-01 best=2.849359e-01
[NA] iter=00037 eval=02315 misfit=2.849418e-01 best=2.849359e-01
[NA] iter=00037 eval=02316 misfit=2.870144e-01 best=2.849359e-01
[NA] iter=00037 eval=02317 misfit=2.850667e-01 best=2.849359e-01
[NA] iter=00037 eval=02318 misfit=2.849414e-01 best=2.849359e-01
[NA] iter=00037 eval=02319 misfit=2.870384e-01 best=2.849359e-01
[NA] iter=00037 eval=02320 misfit=2.850121e-01 best=2.849359e-01
[NA] iter=00037 eval=02321 misfit=2.849381e-01 best=2.849359e-01
[NA] iter=00037 eval=02322 misfit=2.848999e-01 best=2.848999e-01
[NA] iter=00037 eval=02323 misfit=2.893298e-01 best=2.848999e-01
[NA] iter=00037 eval=02324 misfit=2.850617e-01 best=2.848999e-01
[NA] iter=00037 eval=02325 misfit=2.850595e-01 best=2.848999e-01
[NA] iter=00037 eval=02326 misfit=2.862229e-01 best=2.848999e-01
[NA] iter=00037 eval=02327 misfit=2.862697e-01 best=2.848999e-01
[NA] iter=00037 eval=02328 misfit=2.861254e-01 best=2.848999e-01
[NA] iter=00037 eval=02329 misfit=2.848092e-01 best=2.848092e-01
[NA] iter=00037 eval=02330 misfit=2.891281e-01 best=2.848092e-01
[NA] iter=00037 eval=02331 misfit=2.849811e-01 best=2.848092e-01
[NA] iter=00037 eval=02332 misfit=2.849599e-01 best=2.848092e-01
[NA] iter=00037 eval=02333 misfit=2.850175e-01 best=2.848092e-01
[NA] iter=00037 eval=02334 misfit=2.850080e-01 best=2.848092e-01
[NA] iter=00037 eval=02335 misfit=2.849884e-01 best=2.848092e-01
[NA] iter=00037 eval=02336 misfit=2.849176e-01 best=2.848092e-01
[NA] iter=00037 eval=02337 misfit=2.850409e-01 best=2.848092e-01
[NA] iter=00037 eval=02338 misfit=2.870626e-01 best=2.848092e-01
[NA] iter=00037 eval=02339 misfit=2.850326e-01 best=2.848092e-01
[NA] iter=00037 eval=02340 misfit=2.871214e-01 best=2.848092e-01
[NA] iter=00037 eval=02341 misfit=2.851423e-01 best=2.848092e-01
[NA] iter=00037 eval=02342 misfit=2.852118e-01 best=2.848092e-01
[NA] iter=00037 eval=02343 misfit=2.870628e-01 best=2.848092e-01
[NA] iter=00037 eval=02344 misfit=2.893051e-01 best=2.848092e-01
[NA] iter=00037 eval=02345 misfit=2.870437e-01 best=2.848092e-01
[NA] iter=00037 eval=02346 misfit=2.864884e-01 best=2.848092e-01
[NA] iter=00037 eval=02347 misfit=2.863966e-01 best=2.848092e-01
[NA] iter=00037 eval=02348 misfit=2.851626e-01 best=2.848092e-01
[NA] iter=00037 eval=02349 misfit=2.865336e-01 best=2.848092e-01
[NA] iter=00037 eval=02350 misfit=2.864394e-01 best=2.848092e-01
NAI - Optimisation Loop:  74%|███████▍  | 37/50 [11:30<03:55, 18.08s/it][NA] iter=00038 eval=02351 misfit=2.861500e-01 best=2.848092e-01
[NA] iter=00038 eval=02352 misfit=2.848628e-01 best=2.848092e-01
[NA] iter=00038 eval=02353 misfit=2.848926e-01 best=2.848092e-01
[NA] iter=00038 eval=02354 misfit=2.860945e-01 best=2.848092e-01
[NA] iter=00038 eval=02355 misfit=2.848315e-01 best=2.848092e-01
[NA] iter=00038 eval=02356 misfit=2.890612e-01 best=2.848092e-01
[NA] iter=00038 eval=02357 misfit=2.889436e-01 best=2.848092e-01
[NA] iter=00038 eval=02358 misfit=2.890709e-01 best=2.848092e-01
[NA] iter=00038 eval=02359 misfit=2.890954e-01 best=2.848092e-01
[NA] iter=00038 eval=02360 misfit=2.889691e-01 best=2.848092e-01
[NA] iter=00038 eval=02361 misfit=2.869551e-01 best=2.848092e-01
[NA] iter=00038 eval=02362 misfit=2.869900e-01 best=2.848092e-01
[NA] iter=00038 eval=02363 misfit=2.848055e-01 best=2.848055e-01
[NA] iter=00038 eval=02364 misfit=2.849493e-01 best=2.848055e-01
[NA] iter=00038 eval=02365 misfit=2.848938e-01 best=2.848055e-01
[NA] iter=00038 eval=02366 misfit=2.892007e-01 best=2.848055e-01
[NA] iter=00038 eval=02367 misfit=2.892320e-01 best=2.848055e-01
[NA] iter=00038 eval=02368 misfit=2.863386e-01 best=2.848055e-01
[NA] iter=00038 eval=02369 misfit=2.870738e-01 best=2.848055e-01
[NA] iter=00038 eval=02370 misfit=2.892125e-01 best=2.848055e-01
[NA] iter=00038 eval=02371 misfit=2.849661e-01 best=2.848055e-01
[NA] iter=00038 eval=02372 misfit=2.892051e-01 best=2.848055e-01
[NA] iter=00038 eval=02373 misfit=2.849230e-01 best=2.848055e-01
[NA] iter=00038 eval=02374 misfit=2.849133e-01 best=2.848055e-01
[NA] iter=00038 eval=02375 misfit=2.849837e-01 best=2.848055e-01
[NA] iter=00038 eval=02376 misfit=2.849327e-01 best=2.848055e-01
[NA] iter=00038 eval=02377 misfit=2.849274e-01 best=2.848055e-01
[NA] iter=00038 eval=02378 misfit=2.849256e-01 best=2.848055e-01
[NA] iter=00038 eval=02379 misfit=2.870191e-01 best=2.848055e-01
[NA] iter=00038 eval=02380 misfit=2.848557e-01 best=2.848055e-01
[NA] iter=00038 eval=02381 misfit=2.869692e-01 best=2.848055e-01
[NA] iter=00038 eval=02382 misfit=2.849497e-01 best=2.848055e-01
[NA] iter=00038 eval=02383 misfit=2.849110e-01 best=2.848055e-01
[NA] iter=00038 eval=02384 misfit=2.849635e-01 best=2.848055e-01
[NA] iter=00038 eval=02385 misfit=2.891900e-01 best=2.848055e-01
[NA] iter=00038 eval=02386 misfit=2.849261e-01 best=2.848055e-01
[NA] iter=00038 eval=02387 misfit=2.862522e-01 best=2.848055e-01
[NA] iter=00038 eval=02388 misfit=2.864436e-01 best=2.848055e-01
[NA] iter=00038 eval=02389 misfit=2.863502e-01 best=2.848055e-01
[NA] iter=00038 eval=02390 misfit=2.850013e-01 best=2.848055e-01
[NA] iter=00038 eval=02391 misfit=2.849461e-01 best=2.848055e-01
[NA] iter=00038 eval=02392 misfit=2.850103e-01 best=2.848055e-01
[NA] iter=00038 eval=02393 misfit=2.892299e-01 best=2.848055e-01
[NA] iter=00038 eval=02394 misfit=2.870686e-01 best=2.848055e-01
[NA] iter=00038 eval=02395 misfit=2.849736e-01 best=2.848055e-01
[NA] iter=00038 eval=02396 misfit=2.849581e-01 best=2.848055e-01
[NA] iter=00038 eval=02397 misfit=2.891833e-01 best=2.848055e-01
[NA] iter=00038 eval=02398 misfit=2.849327e-01 best=2.848055e-01
[NA] iter=00038 eval=02399 misfit=2.849727e-01 best=2.848055e-01
[NA] iter=00038 eval=02400 misfit=2.850176e-01 best=2.848055e-01
NAI - Optimisation Loop:  76%|███████▌  | 38/50 [11:48<03:37, 18.15s/it][NA] iter=00039 eval=02401 misfit=2.861252e-01 best=2.848055e-01
[NA] iter=00039 eval=02402 misfit=2.861345e-01 best=2.848055e-01
[NA] iter=00039 eval=02403 misfit=2.861287e-01 best=2.848055e-01
[NA] iter=00039 eval=02404 misfit=2.847945e-01 best=2.847945e-01
[NA] iter=00039 eval=02405 misfit=2.860828e-01 best=2.847945e-01
[NA] iter=00039 eval=02406 misfit=2.868509e-01 best=2.847945e-01
[NA] iter=00039 eval=02407 misfit=2.861275e-01 best=2.847945e-01
[NA] iter=00039 eval=02408 misfit=2.860756e-01 best=2.847945e-01
[NA] iter=00039 eval=02409 misfit=2.868573e-01 best=2.847945e-01
[NA] iter=00039 eval=02410 misfit=2.868036e-01 best=2.847945e-01
[NA] iter=00039 eval=02411 misfit=2.862641e-01 best=2.847945e-01
[NA] iter=00039 eval=02412 misfit=2.849779e-01 best=2.847945e-01
[NA] iter=00039 eval=02413 misfit=2.848535e-01 best=2.847945e-01
[NA] iter=00039 eval=02414 misfit=2.848850e-01 best=2.847945e-01
[NA] iter=00039 eval=02415 misfit=2.868036e-01 best=2.847945e-01
[NA] iter=00039 eval=02416 misfit=2.862331e-01 best=2.847945e-01
[NA] iter=00039 eval=02417 misfit=2.869152e-01 best=2.847945e-01
[NA] iter=00039 eval=02418 misfit=2.861640e-01 best=2.847945e-01
[NA] iter=00039 eval=02419 misfit=2.861570e-01 best=2.847945e-01
[NA] iter=00039 eval=02420 misfit=2.849190e-01 best=2.847945e-01
[NA] iter=00039 eval=02421 misfit=2.849597e-01 best=2.847945e-01
[NA] iter=00039 eval=02422 misfit=2.869726e-01 best=2.847945e-01
[NA] iter=00039 eval=02423 misfit=2.869274e-01 best=2.847945e-01
[NA] iter=00039 eval=02424 misfit=2.891247e-01 best=2.847945e-01
[NA] iter=00039 eval=02425 misfit=2.849385e-01 best=2.847945e-01
[NA] iter=00039 eval=02426 misfit=2.870265e-01 best=2.847945e-01
[NA] iter=00039 eval=02427 misfit=2.870494e-01 best=2.847945e-01
[NA] iter=00039 eval=02428 misfit=2.869191e-01 best=2.847945e-01
[NA] iter=00039 eval=02429 misfit=2.869783e-01 best=2.847945e-01
[NA] iter=00039 eval=02430 misfit=2.862301e-01 best=2.847945e-01
[NA] iter=00039 eval=02431 misfit=2.849814e-01 best=2.847945e-01
[NA] iter=00039 eval=02432 misfit=2.849096e-01 best=2.847945e-01
[NA] iter=00039 eval=02433 misfit=2.848292e-01 best=2.847945e-01
[NA] iter=00039 eval=02434 misfit=2.850257e-01 best=2.847945e-01
[NA] iter=00039 eval=02435 misfit=2.849264e-01 best=2.847945e-01
[NA] iter=00039 eval=02436 misfit=2.848945e-01 best=2.847945e-01
[NA] iter=00039 eval=02437 misfit=2.869442e-01 best=2.847945e-01
[NA] iter=00039 eval=02438 misfit=2.891152e-01 best=2.847945e-01
[NA] iter=00039 eval=02439 misfit=2.848738e-01 best=2.847945e-01
[NA] iter=00039 eval=02440 misfit=2.848612e-01 best=2.847945e-01
[NA] iter=00039 eval=02441 misfit=2.848746e-01 best=2.847945e-01
[NA] iter=00039 eval=02442 misfit=2.849947e-01 best=2.847945e-01
[NA] iter=00039 eval=02443 misfit=2.871102e-01 best=2.847945e-01
[NA] iter=00039 eval=02444 misfit=2.849265e-01 best=2.847945e-01
[NA] iter=00039 eval=02445 misfit=2.849922e-01 best=2.847945e-01
[NA] iter=00039 eval=02446 misfit=2.849283e-01 best=2.847945e-01
[NA] iter=00039 eval=02447 misfit=2.870061e-01 best=2.847945e-01
[NA] iter=00039 eval=02448 misfit=2.892193e-01 best=2.847945e-01
[NA] iter=00039 eval=02449 misfit=2.892015e-01 best=2.847945e-01
[NA] iter=00039 eval=02450 misfit=2.870144e-01 best=2.847945e-01
NAI - Optimisation Loop:  78%|███████▊  | 39/50 [12:08<03:24, 18.62s/it][NA] iter=00040 eval=02451 misfit=2.848889e-01 best=2.847945e-01
[NA] iter=00040 eval=02452 misfit=2.860163e-01 best=2.847945e-01
[NA] iter=00040 eval=02453 misfit=2.849125e-01 best=2.847945e-01
[NA] iter=00040 eval=02454 misfit=2.848944e-01 best=2.847945e-01
[NA] iter=00040 eval=02455 misfit=2.861042e-01 best=2.847945e-01
[NA] iter=00040 eval=02456 misfit=2.848273e-01 best=2.847945e-01
[NA] iter=00040 eval=02457 misfit=2.861340e-01 best=2.847945e-01
[NA] iter=00040 eval=02458 misfit=2.868797e-01 best=2.847945e-01
[NA] iter=00040 eval=02459 misfit=2.862607e-01 best=2.847945e-01
[NA] iter=00040 eval=02460 misfit=2.868836e-01 best=2.847945e-01
[NA] iter=00040 eval=02461 misfit=2.848659e-01 best=2.847945e-01
[NA] iter=00040 eval=02462 misfit=2.869188e-01 best=2.847945e-01
[NA] iter=00040 eval=02463 misfit=2.849210e-01 best=2.847945e-01
[NA] iter=00040 eval=02464 misfit=2.847934e-01 best=2.847934e-01
[NA] iter=00040 eval=02465 misfit=2.861320e-01 best=2.847934e-01
[NA] iter=00040 eval=02466 misfit=2.889643e-01 best=2.847934e-01
[NA] iter=00040 eval=02467 misfit=2.849780e-01 best=2.847934e-01
[NA] iter=00040 eval=02468 misfit=2.848325e-01 best=2.847934e-01
[NA] iter=00040 eval=02469 misfit=2.889777e-01 best=2.847934e-01
[NA] iter=00040 eval=02470 misfit=2.868093e-01 best=2.847934e-01
[NA] iter=00040 eval=02471 misfit=2.861011e-01 best=2.847934e-01
[NA] iter=00040 eval=02472 misfit=2.861302e-01 best=2.847934e-01
[NA] iter=00040 eval=02473 misfit=2.860764e-01 best=2.847934e-01
[NA] iter=00040 eval=02474 misfit=2.860666e-01 best=2.847934e-01
[NA] iter=00040 eval=02475 misfit=2.868108e-01 best=2.847934e-01
[NA] iter=00040 eval=02476 misfit=2.848828e-01 best=2.847934e-01
[NA] iter=00040 eval=02477 misfit=2.848287e-01 best=2.847934e-01
[NA] iter=00040 eval=02478 misfit=2.848926e-01 best=2.847934e-01
[NA] iter=00040 eval=02479 misfit=2.848517e-01 best=2.847934e-01
[NA] iter=00040 eval=02480 misfit=2.848983e-01 best=2.847934e-01
[NA] iter=00040 eval=02481 misfit=2.870169e-01 best=2.847934e-01
[NA] iter=00040 eval=02482 misfit=2.869529e-01 best=2.847934e-01
[NA] iter=00040 eval=02483 misfit=2.848573e-01 best=2.847934e-01
[NA] iter=00040 eval=02484 misfit=2.869451e-01 best=2.847934e-01
[NA] iter=00040 eval=02485 misfit=2.848731e-01 best=2.847934e-01
[NA] iter=00040 eval=02486 misfit=2.848315e-01 best=2.847934e-01
[NA] iter=00040 eval=02487 misfit=2.848221e-01 best=2.847934e-01
[NA] iter=00040 eval=02488 misfit=2.848878e-01 best=2.847934e-01
[NA] iter=00040 eval=02489 misfit=2.848939e-01 best=2.847934e-01
[NA] iter=00040 eval=02490 misfit=2.869790e-01 best=2.847934e-01
[NA] iter=00040 eval=02491 misfit=2.869639e-01 best=2.847934e-01
[NA] iter=00040 eval=02492 misfit=2.868860e-01 best=2.847934e-01
[NA] iter=00040 eval=02493 misfit=2.849115e-01 best=2.847934e-01
[NA] iter=00040 eval=02494 misfit=2.848627e-01 best=2.847934e-01
[NA] iter=00040 eval=02495 misfit=2.869579e-01 best=2.847934e-01
[NA] iter=00040 eval=02496 misfit=2.848059e-01 best=2.847934e-01
[NA] iter=00040 eval=02497 misfit=2.847944e-01 best=2.847934e-01
[NA] iter=00040 eval=02498 misfit=2.848977e-01 best=2.847934e-01
[NA] iter=00040 eval=02499 misfit=2.848263e-01 best=2.847934e-01
[NA] iter=00040 eval=02500 misfit=2.848449e-01 best=2.847934e-01
NAI - Optimisation Loop:  80%|████████  | 40/50 [12:28<03:08, 18.84s/it][NA] iter=00041 eval=02501 misfit=2.848509e-01 best=2.847934e-01
[NA] iter=00041 eval=02502 misfit=2.848878e-01 best=2.847934e-01
[NA] iter=00041 eval=02503 misfit=2.847887e-01 best=2.847887e-01
[NA] iter=00041 eval=02504 misfit=2.868593e-01 best=2.847887e-01
[NA] iter=00041 eval=02505 misfit=2.848703e-01 best=2.847887e-01
[NA] iter=00041 eval=02506 misfit=2.860696e-01 best=2.847887e-01
[NA] iter=00041 eval=02507 misfit=2.847844e-01 best=2.847844e-01
[NA] iter=00041 eval=02508 misfit=2.847842e-01 best=2.847842e-01
[NA] iter=00041 eval=02509 misfit=2.848045e-01 best=2.847842e-01
[NA] iter=00041 eval=02510 misfit=2.848047e-01 best=2.847842e-01
[NA] iter=00041 eval=02511 misfit=2.847856e-01 best=2.847842e-01
[NA] iter=00041 eval=02512 misfit=2.847485e-01 best=2.847485e-01
[NA] iter=00041 eval=02513 misfit=2.847947e-01 best=2.847485e-01
[NA] iter=00041 eval=02514 misfit=2.848336e-01 best=2.847485e-01
[NA] iter=00041 eval=02515 misfit=2.847607e-01 best=2.847485e-01
[NA] iter=00041 eval=02516 misfit=2.848285e-01 best=2.847485e-01
[NA] iter=00041 eval=02517 misfit=2.848824e-01 best=2.847485e-01
[NA] iter=00041 eval=02518 misfit=2.848454e-01 best=2.847485e-01
[NA] iter=00041 eval=02519 misfit=2.848838e-01 best=2.847485e-01
[NA] iter=00041 eval=02520 misfit=2.861658e-01 best=2.847485e-01
[NA] iter=00041 eval=02521 misfit=2.860186e-01 best=2.847485e-01
[NA] iter=00041 eval=02522 misfit=2.881370e-01 best=2.847485e-01
[NA] iter=00041 eval=02523 misfit=2.868843e-01 best=2.847485e-01
[NA] iter=00041 eval=02524 misfit=2.861046e-01 best=2.847485e-01
[NA] iter=00041 eval=02525 misfit=2.860260e-01 best=2.847485e-01
[NA] iter=00041 eval=02526 misfit=2.848581e-01 best=2.847485e-01
[NA] iter=00041 eval=02527 misfit=2.861784e-01 best=2.847485e-01
[NA] iter=00041 eval=02528 misfit=2.860809e-01 best=2.847485e-01
[NA] iter=00041 eval=02529 misfit=2.860789e-01 best=2.847485e-01
[NA] iter=00041 eval=02530 misfit=2.848805e-01 best=2.847485e-01
[NA] iter=00041 eval=02531 misfit=2.891559e-01 best=2.847485e-01
[NA] iter=00041 eval=02532 misfit=2.848273e-01 best=2.847485e-01
[NA] iter=00041 eval=02533 misfit=2.891382e-01 best=2.847485e-01
[NA] iter=00041 eval=02534 misfit=2.890568e-01 best=2.847485e-01
[NA] iter=00041 eval=02535 misfit=2.891159e-01 best=2.847485e-01
[NA] iter=00041 eval=02536 misfit=2.848882e-01 best=2.847485e-01
[NA] iter=00041 eval=02537 misfit=2.847692e-01 best=2.847485e-01
[NA] iter=00041 eval=02538 misfit=2.848040e-01 best=2.847485e-01
[NA] iter=00041 eval=02539 misfit=2.847836e-01 best=2.847485e-01
[NA] iter=00041 eval=02540 misfit=2.868808e-01 best=2.847485e-01
[NA] iter=00041 eval=02541 misfit=2.848479e-01 best=2.847485e-01
[NA] iter=00041 eval=02542 misfit=2.869292e-01 best=2.847485e-01
[NA] iter=00041 eval=02543 misfit=2.848962e-01 best=2.847485e-01
[NA] iter=00041 eval=02544 misfit=2.848565e-01 best=2.847485e-01
[NA] iter=00041 eval=02545 misfit=2.868832e-01 best=2.847485e-01
[NA] iter=00041 eval=02546 misfit=2.860379e-01 best=2.847485e-01
[NA] iter=00041 eval=02547 misfit=2.860346e-01 best=2.847485e-01
[NA] iter=00041 eval=02548 misfit=2.847512e-01 best=2.847485e-01
[NA] iter=00041 eval=02549 misfit=2.848083e-01 best=2.847485e-01
[NA] iter=00041 eval=02550 misfit=2.848492e-01 best=2.847485e-01
NAI - Optimisation Loop:  82%|████████▏ | 41/50 [12:47<02:50, 18.95s/it][NA] iter=00042 eval=02551 misfit=2.881398e-01 best=2.847485e-01
[NA] iter=00042 eval=02552 misfit=2.868504e-01 best=2.847485e-01
[NA] iter=00042 eval=02553 misfit=2.867997e-01 best=2.847485e-01
[NA] iter=00042 eval=02554 misfit=2.868113e-01 best=2.847485e-01
[NA] iter=00042 eval=02555 misfit=2.860683e-01 best=2.847485e-01
[NA] iter=00042 eval=02556 misfit=2.848384e-01 best=2.847485e-01
[NA] iter=00042 eval=02557 misfit=2.868319e-01 best=2.847485e-01
[NA] iter=00042 eval=02558 misfit=2.867343e-01 best=2.847485e-01
[NA] iter=00042 eval=02559 misfit=2.888580e-01 best=2.847485e-01
[NA] iter=00042 eval=02560 misfit=2.889437e-01 best=2.847485e-01
[NA] iter=00042 eval=02561 misfit=2.847315e-01 best=2.847315e-01
[NA] iter=00042 eval=02562 misfit=2.847833e-01 best=2.847315e-01
[NA] iter=00042 eval=02563 misfit=2.860537e-01 best=2.847315e-01
[NA] iter=00042 eval=02564 misfit=2.861399e-01 best=2.847315e-01
[NA] iter=00042 eval=02565 misfit=2.860705e-01 best=2.847315e-01
[NA] iter=00042 eval=02566 misfit=2.847644e-01 best=2.847315e-01
[NA] iter=00042 eval=02567 misfit=2.847254e-01 best=2.847254e-01
[NA] iter=00042 eval=02568 misfit=2.847774e-01 best=2.847254e-01
[NA] iter=00042 eval=02569 misfit=2.848226e-01 best=2.847254e-01
[NA] iter=00042 eval=02570 misfit=2.848365e-01 best=2.847254e-01
[NA] iter=00042 eval=02571 misfit=2.848474e-01 best=2.847254e-01
[NA] iter=00042 eval=02572 misfit=2.848869e-01 best=2.847254e-01
[NA] iter=00042 eval=02573 misfit=2.848654e-01 best=2.847254e-01
[NA] iter=00042 eval=02574 misfit=2.848232e-01 best=2.847254e-01
[NA] iter=00042 eval=02575 misfit=2.847800e-01 best=2.847254e-01
[NA] iter=00042 eval=02576 misfit=2.848073e-01 best=2.847254e-01
[NA] iter=00042 eval=02577 misfit=2.847752e-01 best=2.847254e-01
[NA] iter=00042 eval=02578 misfit=2.848044e-01 best=2.847254e-01
[NA] iter=00042 eval=02579 misfit=2.847600e-01 best=2.847254e-01
[NA] iter=00042 eval=02580 misfit=2.847775e-01 best=2.847254e-01
[NA] iter=00042 eval=02581 misfit=2.861351e-01 best=2.847254e-01
[NA] iter=00042 eval=02582 misfit=2.860925e-01 best=2.847254e-01
[NA] iter=00042 eval=02583 misfit=2.848690e-01 best=2.847254e-01
[NA] iter=00042 eval=02584 misfit=2.848156e-01 best=2.847254e-01
[NA] iter=00042 eval=02585 misfit=2.848800e-01 best=2.847254e-01
[NA] iter=00042 eval=02586 misfit=2.891097e-01 best=2.847254e-01
[NA] iter=00042 eval=02587 misfit=2.868533e-01 best=2.847254e-01
[NA] iter=00042 eval=02588 misfit=2.890504e-01 best=2.847254e-01
[NA] iter=00042 eval=02589 misfit=2.848650e-01 best=2.847254e-01
[NA] iter=00042 eval=02590 misfit=2.869779e-01 best=2.847254e-01
[NA] iter=00042 eval=02591 misfit=2.848755e-01 best=2.847254e-01
[NA] iter=00042 eval=02592 misfit=2.847659e-01 best=2.847254e-01
[NA] iter=00042 eval=02593 misfit=2.848225e-01 best=2.847254e-01
[NA] iter=00042 eval=02594 misfit=2.848715e-01 best=2.847254e-01
[NA] iter=00042 eval=02595 misfit=2.847750e-01 best=2.847254e-01
[NA] iter=00042 eval=02596 misfit=2.861175e-01 best=2.847254e-01
[NA] iter=00042 eval=02597 misfit=2.860990e-01 best=2.847254e-01
[NA] iter=00042 eval=02598 misfit=2.860975e-01 best=2.847254e-01
[NA] iter=00042 eval=02599 misfit=2.847999e-01 best=2.847254e-01
[NA] iter=00042 eval=02600 misfit=2.861062e-01 best=2.847254e-01
NAI - Optimisation Loop:  84%|████████▍ | 42/50 [13:06<02:31, 18.98s/it][NA] iter=00043 eval=02601 misfit=2.847464e-01 best=2.847254e-01
[NA] iter=00043 eval=02602 misfit=2.859055e-01 best=2.847254e-01
[NA] iter=00043 eval=02603 misfit=2.846933e-01 best=2.846933e-01
[NA] iter=00043 eval=02604 misfit=2.859452e-01 best=2.846933e-01
[NA] iter=00043 eval=02605 misfit=2.858886e-01 best=2.846933e-01
[NA] iter=00043 eval=02606 misfit=2.860608e-01 best=2.846933e-01
[NA] iter=00043 eval=02607 misfit=2.867962e-01 best=2.846933e-01
[NA] iter=00043 eval=02608 misfit=2.847588e-01 best=2.846933e-01
[NA] iter=00043 eval=02609 misfit=2.847930e-01 best=2.846933e-01
[NA] iter=00043 eval=02610 misfit=2.867758e-01 best=2.846933e-01
[NA] iter=00043 eval=02611 misfit=2.847370e-01 best=2.846933e-01
[NA] iter=00043 eval=02612 misfit=2.847661e-01 best=2.846933e-01
[NA] iter=00043 eval=02613 misfit=2.868519e-01 best=2.846933e-01
[NA] iter=00043 eval=02614 misfit=2.860683e-01 best=2.846933e-01
[NA] iter=00043 eval=02615 misfit=2.847627e-01 best=2.846933e-01
[NA] iter=00043 eval=02616 misfit=2.847376e-01 best=2.846933e-01
[NA] iter=00043 eval=02617 misfit=2.868372e-01 best=2.846933e-01
[NA] iter=00043 eval=02618 misfit=2.868311e-01 best=2.846933e-01
[NA] iter=00043 eval=02619 misfit=2.867624e-01 best=2.846933e-01
[NA] iter=00043 eval=02620 misfit=2.847713e-01 best=2.846933e-01
[NA] iter=00043 eval=02621 misfit=2.868924e-01 best=2.846933e-01
[NA] iter=00043 eval=02622 misfit=2.847499e-01 best=2.846933e-01
[NA] iter=00043 eval=02623 misfit=2.890906e-01 best=2.846933e-01
[NA] iter=00043 eval=02624 misfit=2.870021e-01 best=2.846933e-01
[NA] iter=00043 eval=02625 misfit=2.890492e-01 best=2.846933e-01
[NA] iter=00043 eval=02626 misfit=2.860710e-01 best=2.846933e-01
[NA] iter=00043 eval=02627 misfit=2.847160e-01 best=2.846933e-01
[NA] iter=00043 eval=02628 misfit=2.847900e-01 best=2.846933e-01
[NA] iter=00043 eval=02629 misfit=2.860686e-01 best=2.846933e-01
[NA] iter=00043 eval=02630 misfit=2.860523e-01 best=2.846933e-01
[NA] iter=00043 eval=02631 misfit=2.847449e-01 best=2.846933e-01
[NA] iter=00043 eval=02632 misfit=2.847407e-01 best=2.846933e-01
[NA] iter=00043 eval=02633 misfit=2.847436e-01 best=2.846933e-01
[NA] iter=00043 eval=02634 misfit=2.847441e-01 best=2.846933e-01
[NA] iter=00043 eval=02635 misfit=2.847523e-01 best=2.846933e-01
[NA] iter=00043 eval=02636 misfit=2.868466e-01 best=2.846933e-01
[NA] iter=00043 eval=02637 misfit=2.868619e-01 best=2.846933e-01
[NA] iter=00043 eval=02638 misfit=2.882036e-01 best=2.846933e-01
[NA] iter=00043 eval=02639 misfit=2.882079e-01 best=2.846933e-01
[NA] iter=00043 eval=02640 misfit=2.868463e-01 best=2.846933e-01
[NA] iter=00043 eval=02641 misfit=2.847964e-01 best=2.846933e-01
[NA] iter=00043 eval=02642 misfit=2.847822e-01 best=2.846933e-01
[NA] iter=00043 eval=02643 misfit=2.847806e-01 best=2.846933e-01
[NA] iter=00043 eval=02644 misfit=2.847768e-01 best=2.846933e-01
[NA] iter=00043 eval=02645 misfit=2.847601e-01 best=2.846933e-01
[NA] iter=00043 eval=02646 misfit=2.861198e-01 best=2.846933e-01
[NA] iter=00043 eval=02647 misfit=2.881768e-01 best=2.846933e-01
[NA] iter=00043 eval=02648 misfit=2.868667e-01 best=2.846933e-01
[NA] iter=00043 eval=02649 misfit=2.868782e-01 best=2.846933e-01
[NA] iter=00043 eval=02650 misfit=2.881909e-01 best=2.846933e-01
NAI - Optimisation Loop:  86%|████████▌ | 43/50 [13:25<02:12, 18.97s/it][NA] iter=00044 eval=02651 misfit=2.860068e-01 best=2.846933e-01
[NA] iter=00044 eval=02652 misfit=2.847439e-01 best=2.846933e-01
[NA] iter=00044 eval=02653 misfit=2.846880e-01 best=2.846880e-01
[NA] iter=00044 eval=02654 misfit=2.867558e-01 best=2.846880e-01
[NA] iter=00044 eval=02655 misfit=2.859651e-01 best=2.846880e-01
[NA] iter=00044 eval=02656 misfit=2.867954e-01 best=2.846880e-01
[NA] iter=00044 eval=02657 misfit=2.847191e-01 best=2.846880e-01
[NA] iter=00044 eval=02658 misfit=2.847354e-01 best=2.846880e-01
[NA] iter=00044 eval=02659 misfit=2.847074e-01 best=2.846880e-01
[NA] iter=00044 eval=02660 misfit=2.867885e-01 best=2.846880e-01
[NA] iter=00044 eval=02661 misfit=2.860183e-01 best=2.846880e-01
[NA] iter=00044 eval=02662 misfit=2.847401e-01 best=2.846880e-01
[NA] iter=00044 eval=02663 misfit=2.847842e-01 best=2.846880e-01
[NA] iter=00044 eval=02664 misfit=2.847172e-01 best=2.846880e-01
[NA] iter=00044 eval=02665 misfit=2.860301e-01 best=2.846880e-01
[NA] iter=00044 eval=02666 misfit=2.846975e-01 best=2.846880e-01
[NA] iter=00044 eval=02667 misfit=2.868112e-01 best=2.846880e-01
[NA] iter=00044 eval=02668 misfit=2.867993e-01 best=2.846880e-01
[NA] iter=00044 eval=02669 misfit=2.860138e-01 best=2.846880e-01
[NA] iter=00044 eval=02670 misfit=2.860582e-01 best=2.846880e-01
[NA] iter=00044 eval=02671 misfit=2.868574e-01 best=2.846880e-01
[NA] iter=00044 eval=02672 misfit=2.868310e-01 best=2.846880e-01
[NA] iter=00044 eval=02673 misfit=2.847523e-01 best=2.846880e-01
[NA] iter=00044 eval=02674 misfit=2.847571e-01 best=2.846880e-01
[NA] iter=00044 eval=02675 misfit=2.868183e-01 best=2.846880e-01
[NA] iter=00044 eval=02676 misfit=2.868417e-01 best=2.846880e-01
[NA] iter=00044 eval=02677 misfit=2.847179e-01 best=2.846880e-01
[NA] iter=00044 eval=02678 misfit=2.847598e-01 best=2.846880e-01
[NA] iter=00044 eval=02679 misfit=2.847522e-01 best=2.846880e-01
[NA] iter=00044 eval=02680 misfit=2.867779e-01 best=2.846880e-01
[NA] iter=00044 eval=02681 misfit=2.860213e-01 best=2.846880e-01
[NA] iter=00044 eval=02682 misfit=2.860545e-01 best=2.846880e-01
[NA] iter=00044 eval=02683 misfit=2.860239e-01 best=2.846880e-01
[NA] iter=00044 eval=02684 misfit=2.847753e-01 best=2.846880e-01
[NA] iter=00044 eval=02685 misfit=2.847444e-01 best=2.846880e-01
[NA] iter=00044 eval=02686 misfit=2.847783e-01 best=2.846880e-01
[NA] iter=00044 eval=02687 misfit=2.847363e-01 best=2.846880e-01
[NA] iter=00044 eval=02688 misfit=2.847660e-01 best=2.846880e-01
[NA] iter=00044 eval=02689 misfit=2.847702e-01 best=2.846880e-01
[NA] iter=00044 eval=02690 misfit=2.847523e-01 best=2.846880e-01
[NA] iter=00044 eval=02691 misfit=2.847669e-01 best=2.846880e-01
[NA] iter=00044 eval=02692 misfit=2.860187e-01 best=2.846880e-01
[NA] iter=00044 eval=02693 misfit=2.847558e-01 best=2.846880e-01
[NA] iter=00044 eval=02694 misfit=2.860045e-01 best=2.846880e-01
[NA] iter=00044 eval=02695 misfit=2.860303e-01 best=2.846880e-01
[NA] iter=00044 eval=02696 misfit=2.859724e-01 best=2.846880e-01
[NA] iter=00044 eval=02697 misfit=2.868717e-01 best=2.846880e-01
[NA] iter=00044 eval=02698 misfit=2.868427e-01 best=2.846880e-01
[NA] iter=00044 eval=02699 misfit=2.868323e-01 best=2.846880e-01
[NA] iter=00044 eval=02700 misfit=2.881493e-01 best=2.846880e-01
NAI - Optimisation Loop:  88%|████████▊ | 44/50 [13:44<01:54, 19.03s/it][NA] iter=00045 eval=02701 misfit=2.867849e-01 best=2.846880e-01
[NA] iter=00045 eval=02702 misfit=2.889674e-01 best=2.846880e-01
[NA] iter=00045 eval=02703 misfit=2.859566e-01 best=2.846880e-01
[NA] iter=00045 eval=02704 misfit=2.868074e-01 best=2.846880e-01
[NA] iter=00045 eval=02705 misfit=2.847023e-01 best=2.846880e-01
[NA] iter=00045 eval=02706 misfit=2.859847e-01 best=2.846880e-01
[NA] iter=00045 eval=02707 misfit=2.859759e-01 best=2.846880e-01
[NA] iter=00045 eval=02708 misfit=2.846831e-01 best=2.846831e-01
[NA] iter=00045 eval=02709 misfit=2.846704e-01 best=2.846704e-01
[NA] iter=00045 eval=02710 misfit=2.847006e-01 best=2.846704e-01
[NA] iter=00045 eval=02711 misfit=2.846933e-01 best=2.846704e-01
[NA] iter=00045 eval=02712 misfit=2.846876e-01 best=2.846704e-01
[NA] iter=00045 eval=02713 misfit=2.880663e-01 best=2.846704e-01
[NA] iter=00045 eval=02714 misfit=2.859825e-01 best=2.846704e-01
[NA] iter=00045 eval=02715 misfit=2.880795e-01 best=2.846704e-01
[NA] iter=00045 eval=02716 misfit=2.867739e-01 best=2.846704e-01
[NA] iter=00045 eval=02717 misfit=2.868017e-01 best=2.846704e-01
[NA] iter=00045 eval=02718 misfit=2.867805e-01 best=2.846704e-01
[NA] iter=00045 eval=02719 misfit=2.860191e-01 best=2.846704e-01
[NA] iter=00045 eval=02720 misfit=2.847153e-01 best=2.846704e-01
[NA] iter=00045 eval=02721 misfit=2.868047e-01 best=2.846704e-01
[NA] iter=00045 eval=02722 misfit=2.868083e-01 best=2.846704e-01
[NA] iter=00045 eval=02723 misfit=2.847376e-01 best=2.846704e-01
[NA] iter=00045 eval=02724 misfit=2.847247e-01 best=2.846704e-01
[NA] iter=00045 eval=02725 misfit=2.847258e-01 best=2.846704e-01
[NA] iter=00045 eval=02726 misfit=2.847228e-01 best=2.846704e-01
[NA] iter=00045 eval=02727 misfit=2.860057e-01 best=2.846704e-01
[NA] iter=00045 eval=02728 misfit=2.847256e-01 best=2.846704e-01
[NA] iter=00045 eval=02729 misfit=2.860229e-01 best=2.846704e-01
[NA] iter=00045 eval=02730 misfit=2.847171e-01 best=2.846704e-01
[NA] iter=00045 eval=02731 misfit=2.846165e-01 best=2.846165e-01
[NA] iter=00045 eval=02732 misfit=2.846755e-01 best=2.846165e-01
[NA] iter=00045 eval=02733 misfit=2.846401e-01 best=2.846165e-01
[NA] iter=00045 eval=02734 misfit=2.846710e-01 best=2.846165e-01
[NA] iter=00045 eval=02735 misfit=2.846285e-01 best=2.846165e-01
[NA] iter=00045 eval=02736 misfit=2.847619e-01 best=2.846165e-01
[NA] iter=00045 eval=02737 misfit=2.847000e-01 best=2.846165e-01
[NA] iter=00045 eval=02738 misfit=2.847480e-01 best=2.846165e-01
[NA] iter=00045 eval=02739 misfit=2.847335e-01 best=2.846165e-01
[NA] iter=00045 eval=02740 misfit=2.847167e-01 best=2.846165e-01
[NA] iter=00045 eval=02741 misfit=2.847309e-01 best=2.846165e-01
[NA] iter=00045 eval=02742 misfit=2.847311e-01 best=2.846165e-01
[NA] iter=00045 eval=02743 misfit=2.847358e-01 best=2.846165e-01
[NA] iter=00045 eval=02744 misfit=2.847397e-01 best=2.846165e-01
[NA] iter=00045 eval=02745 misfit=2.847299e-01 best=2.846165e-01
[NA] iter=00045 eval=02746 misfit=2.848092e-01 best=2.846165e-01
[NA] iter=00045 eval=02747 misfit=2.847769e-01 best=2.846165e-01
[NA] iter=00045 eval=02748 misfit=2.847696e-01 best=2.846165e-01
[NA] iter=00045 eval=02749 misfit=2.860053e-01 best=2.846165e-01
[NA] iter=00045 eval=02750 misfit=2.847522e-01 best=2.846165e-01
NAI - Optimisation Loop:  90%|█████████ | 45/50 [14:03<01:35, 19.13s/it][NA] iter=00046 eval=02751 misfit=2.866073e-01 best=2.846165e-01
[NA] iter=00046 eval=02752 misfit=2.846165e-01 best=2.846165e-01
[NA] iter=00046 eval=02753 misfit=2.846210e-01 best=2.846165e-01
[NA] iter=00046 eval=02754 misfit=2.845968e-01 best=2.845968e-01
[NA] iter=00046 eval=02755 misfit=2.846611e-01 best=2.845968e-01
[NA] iter=00046 eval=02756 misfit=2.858233e-01 best=2.845968e-01
[NA] iter=00046 eval=02757 misfit=2.866568e-01 best=2.845968e-01
[NA] iter=00046 eval=02758 misfit=2.858289e-01 best=2.845968e-01
[NA] iter=00046 eval=02759 misfit=2.857879e-01 best=2.845968e-01
[NA] iter=00046 eval=02760 misfit=2.858724e-01 best=2.845968e-01
[NA] iter=00046 eval=02761 misfit=2.846441e-01 best=2.845968e-01
[NA] iter=00046 eval=02762 misfit=2.847134e-01 best=2.845968e-01
[NA] iter=00046 eval=02763 misfit=2.860234e-01 best=2.845968e-01
[NA] iter=00046 eval=02764 misfit=2.852464e-01 best=2.845968e-01
[NA] iter=00046 eval=02765 misfit=2.846112e-01 best=2.845968e-01
[NA] iter=00046 eval=02766 misfit=2.859489e-01 best=2.845968e-01
[NA] iter=00046 eval=02767 misfit=2.859566e-01 best=2.845968e-01
[NA] iter=00046 eval=02768 misfit=2.847012e-01 best=2.845968e-01
[NA] iter=00046 eval=02769 misfit=2.859578e-01 best=2.845968e-01
[NA] iter=00046 eval=02770 misfit=2.859289e-01 best=2.845968e-01
[NA] iter=00046 eval=02771 misfit=2.846585e-01 best=2.845968e-01
[NA] iter=00046 eval=02772 misfit=2.846896e-01 best=2.845968e-01
[NA] iter=00046 eval=02773 misfit=2.846894e-01 best=2.845968e-01
[NA] iter=00046 eval=02774 misfit=2.846573e-01 best=2.845968e-01
[NA] iter=00046 eval=02775 misfit=2.846991e-01 best=2.845968e-01
[NA] iter=00046 eval=02776 misfit=2.848012e-01 best=2.845968e-01
[NA] iter=00046 eval=02777 misfit=2.847632e-01 best=2.845968e-01
[NA] iter=00046 eval=02778 misfit=2.848087e-01 best=2.845968e-01
[NA] iter=00046 eval=02779 misfit=2.848329e-01 best=2.845968e-01
[NA] iter=00046 eval=02780 misfit=2.846147e-01 best=2.845968e-01
[NA] iter=00046 eval=02781 misfit=2.846790e-01 best=2.845968e-01
[NA] iter=00046 eval=02782 misfit=2.868057e-01 best=2.845968e-01
[NA] iter=00046 eval=02783 misfit=2.846858e-01 best=2.845968e-01
[NA] iter=00046 eval=02784 misfit=2.846791e-01 best=2.845968e-01
[NA] iter=00046 eval=02785 misfit=2.846908e-01 best=2.845968e-01
[NA] iter=00046 eval=02786 misfit=2.859463e-01 best=2.845968e-01
[NA] iter=00046 eval=02787 misfit=2.867229e-01 best=2.845968e-01
[NA] iter=00046 eval=02788 misfit=2.867385e-01 best=2.845968e-01
[NA] iter=00046 eval=02789 misfit=2.859732e-01 best=2.845968e-01
[NA] iter=00046 eval=02790 misfit=2.846846e-01 best=2.845968e-01
[NA] iter=00046 eval=02791 misfit=2.868042e-01 best=2.845968e-01
[NA] iter=00046 eval=02792 misfit=2.868421e-01 best=2.845968e-01
[NA] iter=00046 eval=02793 misfit=2.868491e-01 best=2.845968e-01
[NA] iter=00046 eval=02794 misfit=2.847305e-01 best=2.845968e-01
[NA] iter=00046 eval=02795 misfit=2.868124e-01 best=2.845968e-01
[NA] iter=00046 eval=02796 misfit=2.859618e-01 best=2.845968e-01
[NA] iter=00046 eval=02797 misfit=2.846822e-01 best=2.845968e-01
[NA] iter=00046 eval=02798 misfit=2.846983e-01 best=2.845968e-01
[NA] iter=00046 eval=02799 misfit=2.859184e-01 best=2.845968e-01
[NA] iter=00046 eval=02800 misfit=2.846796e-01 best=2.845968e-01
NAI - Optimisation Loop:  92%|█████████▏| 46/50 [14:23<01:16, 19.24s/it][NA] iter=00047 eval=02801 misfit=2.846186e-01 best=2.845968e-01
[NA] iter=00047 eval=02802 misfit=2.858708e-01 best=2.845968e-01
[NA] iter=00047 eval=02803 misfit=2.846097e-01 best=2.845968e-01
[NA] iter=00047 eval=02804 misfit=2.858908e-01 best=2.845968e-01
[NA] iter=00047 eval=02805 misfit=2.858511e-01 best=2.845968e-01
[NA] iter=00047 eval=02806 misfit=2.886550e-01 best=2.845968e-01
[NA] iter=00047 eval=02807 misfit=2.888906e-01 best=2.845968e-01
[NA] iter=00047 eval=02808 misfit=2.856481e-01 best=2.845968e-01
[NA] iter=00047 eval=02809 misfit=2.873996e-01 best=2.845968e-01
[NA] iter=00047 eval=02810 misfit=2.855747e-01 best=2.845968e-01
[NA] iter=00047 eval=02811 misfit=2.845080e-01 best=2.845080e-01
[NA] iter=00047 eval=02812 misfit=2.844772e-01 best=2.844772e-01
[NA] iter=00047 eval=02813 misfit=2.887800e-01 best=2.844772e-01
[NA] iter=00047 eval=02814 misfit=2.858250e-01 best=2.844772e-01
[NA] iter=00047 eval=02815 misfit=2.886641e-01 best=2.844772e-01
[NA] iter=00047 eval=02816 misfit=2.866780e-01 best=2.844772e-01
[NA] iter=00047 eval=02817 misfit=2.866475e-01 best=2.844772e-01
[NA] iter=00047 eval=02818 misfit=2.846802e-01 best=2.844772e-01
[NA] iter=00047 eval=02819 misfit=2.867048e-01 best=2.844772e-01
[NA] iter=00047 eval=02820 misfit=2.846981e-01 best=2.844772e-01
[NA] iter=00047 eval=02821 misfit=2.846316e-01 best=2.844772e-01
[NA] iter=00047 eval=02822 misfit=2.846226e-01 best=2.844772e-01
[NA] iter=00047 eval=02823 misfit=2.846314e-01 best=2.844772e-01
[NA] iter=00047 eval=02824 misfit=2.846545e-01 best=2.844772e-01
[NA] iter=00047 eval=02825 misfit=2.846441e-01 best=2.844772e-01
[NA] iter=00047 eval=02826 misfit=2.846675e-01 best=2.844772e-01
[NA] iter=00047 eval=02827 misfit=2.846602e-01 best=2.844772e-01
[NA] iter=00047 eval=02828 misfit=2.846250e-01 best=2.844772e-01
[NA] iter=00047 eval=02829 misfit=2.846068e-01 best=2.844772e-01
[NA] iter=00047 eval=02830 misfit=2.846083e-01 best=2.844772e-01
[NA] iter=00047 eval=02831 misfit=2.845698e-01 best=2.844772e-01
[NA] iter=00047 eval=02832 misfit=2.846053e-01 best=2.844772e-01
[NA] iter=00047 eval=02833 misfit=2.845412e-01 best=2.844772e-01
[NA] iter=00047 eval=02834 misfit=2.857393e-01 best=2.844772e-01
[NA] iter=00047 eval=02835 misfit=2.857653e-01 best=2.844772e-01
[NA] iter=00047 eval=02836 misfit=2.846379e-01 best=2.844772e-01
[NA] iter=00047 eval=02837 misfit=2.847498e-01 best=2.844772e-01
[NA] iter=00047 eval=02838 misfit=2.847131e-01 best=2.844772e-01
[NA] iter=00047 eval=02839 misfit=2.846744e-01 best=2.844772e-01
[NA] iter=00047 eval=02840 misfit=2.846871e-01 best=2.844772e-01
[NA] iter=00047 eval=02841 misfit=2.845424e-01 best=2.844772e-01
[NA] iter=00047 eval=02842 misfit=2.846086e-01 best=2.844772e-01
[NA] iter=00047 eval=02843 misfit=2.846415e-01 best=2.844772e-01
[NA] iter=00047 eval=02844 misfit=2.844603e-01 best=2.844603e-01
[NA] iter=00047 eval=02845 misfit=2.846499e-01 best=2.844603e-01
[NA] iter=00047 eval=02846 misfit=2.865477e-01 best=2.844603e-01
[NA] iter=00047 eval=02847 misfit=2.879261e-01 best=2.844603e-01
[NA] iter=00047 eval=02848 misfit=2.847372e-01 best=2.844603e-01
[NA] iter=00047 eval=02849 misfit=2.846315e-01 best=2.844603e-01
[NA] iter=00047 eval=02850 misfit=2.878693e-01 best=2.844603e-01
NAI - Optimisation Loop:  94%|█████████▍| 47/50 [14:42<00:57, 19.15s/it][NA] iter=00048 eval=02851 misfit=2.853803e-01 best=2.844603e-01
[NA] iter=00048 eval=02852 misfit=2.863102e-01 best=2.844603e-01
[NA] iter=00048 eval=02853 misfit=2.854320e-01 best=2.844603e-01
[NA] iter=00048 eval=02854 misfit=2.855809e-01 best=2.844603e-01
[NA] iter=00048 eval=02855 misfit=2.844585e-01 best=2.844585e-01
[NA] iter=00048 eval=02856 misfit=2.858442e-01 best=2.844585e-01
[NA] iter=00048 eval=02857 misfit=2.845872e-01 best=2.844585e-01
[NA] iter=00048 eval=02858 misfit=2.856310e-01 best=2.844585e-01
[NA] iter=00048 eval=02859 misfit=2.884991e-01 best=2.844585e-01
[NA] iter=00048 eval=02860 misfit=2.884561e-01 best=2.844585e-01
[NA] iter=00048 eval=02861 misfit=2.866721e-01 best=2.844585e-01
[NA] iter=00048 eval=02862 misfit=2.845590e-01 best=2.844585e-01
[NA] iter=00048 eval=02863 misfit=2.866396e-01 best=2.844585e-01
[NA] iter=00048 eval=02864 misfit=2.845178e-01 best=2.844585e-01
[NA] iter=00048 eval=02865 misfit=2.878470e-01 best=2.844585e-01
[NA] iter=00048 eval=02866 misfit=2.865928e-01 best=2.844585e-01
[NA] iter=00048 eval=02867 misfit=2.865516e-01 best=2.844585e-01
[NA] iter=00048 eval=02868 misfit=2.864952e-01 best=2.844585e-01
[NA] iter=00048 eval=02869 misfit=2.845416e-01 best=2.844585e-01
[NA] iter=00048 eval=02870 misfit=2.844996e-01 best=2.844585e-01
[NA] iter=00048 eval=02871 misfit=2.857473e-01 best=2.844585e-01
[NA] iter=00048 eval=02872 misfit=2.845063e-01 best=2.844585e-01
[NA] iter=00048 eval=02873 misfit=2.864980e-01 best=2.844585e-01
[NA] iter=00048 eval=02874 misfit=2.857799e-01 best=2.844585e-01
[NA] iter=00048 eval=02875 misfit=2.857289e-01 best=2.844585e-01
[NA] iter=00048 eval=02876 misfit=2.858472e-01 best=2.844585e-01
[NA] iter=00048 eval=02877 misfit=2.846038e-01 best=2.844585e-01
[NA] iter=00048 eval=02878 misfit=2.858407e-01 best=2.844585e-01
[NA] iter=00048 eval=02879 misfit=2.846259e-01 best=2.844585e-01
[NA] iter=00048 eval=02880 misfit=2.858489e-01 best=2.844585e-01
[NA] iter=00048 eval=02881 misfit=2.846155e-01 best=2.844585e-01
[NA] iter=00048 eval=02882 misfit=2.858588e-01 best=2.844585e-01
[NA] iter=00048 eval=02883 misfit=2.846615e-01 best=2.844585e-01
[NA] iter=00048 eval=02884 misfit=2.846243e-01 best=2.844585e-01
[NA] iter=00048 eval=02885 misfit=2.846022e-01 best=2.844585e-01
[NA] iter=00048 eval=02886 misfit=2.858901e-01 best=2.844585e-01
[NA] iter=00048 eval=02887 misfit=2.859213e-01 best=2.844585e-01
[NA] iter=00048 eval=02888 misfit=2.859406e-01 best=2.844585e-01
[NA] iter=00048 eval=02889 misfit=2.846547e-01 best=2.844585e-01
[NA] iter=00048 eval=02890 misfit=2.847068e-01 best=2.844585e-01
[NA] iter=00048 eval=02891 misfit=2.845985e-01 best=2.844585e-01
[NA] iter=00048 eval=02892 misfit=2.866624e-01 best=2.844585e-01
[NA] iter=00048 eval=02893 misfit=2.846102e-01 best=2.844585e-01
[NA] iter=00048 eval=02894 misfit=2.866395e-01 best=2.844585e-01
[NA] iter=00048 eval=02895 misfit=2.845914e-01 best=2.844585e-01
[NA] iter=00048 eval=02896 misfit=2.867137e-01 best=2.844585e-01
[NA] iter=00048 eval=02897 misfit=2.845643e-01 best=2.844585e-01
[NA] iter=00048 eval=02898 misfit=2.865857e-01 best=2.844585e-01
[NA] iter=00048 eval=02899 misfit=2.845543e-01 best=2.844585e-01
[NA] iter=00048 eval=02900 misfit=2.845527e-01 best=2.844585e-01
NAI - Optimisation Loop:  96%|█████████▌| 48/50 [15:00<00:37, 18.98s/it][NA] iter=00049 eval=02901 misfit=2.865001e-01 best=2.844585e-01
[NA] iter=00049 eval=02902 misfit=2.864995e-01 best=2.844585e-01
[NA] iter=00049 eval=02903 misfit=2.843700e-01 best=2.843700e-01
[NA] iter=00049 eval=02904 misfit=2.885038e-01 best=2.843700e-01
[NA] iter=00049 eval=02905 misfit=2.844389e-01 best=2.843700e-01
[NA] iter=00049 eval=02906 misfit=2.844107e-01 best=2.843700e-01
[NA] iter=00049 eval=02907 misfit=2.844326e-01 best=2.843700e-01
[NA] iter=00049 eval=02908 misfit=2.857139e-01 best=2.843700e-01
[NA] iter=00049 eval=02909 misfit=2.856662e-01 best=2.843700e-01
[NA] iter=00049 eval=02910 misfit=2.845190e-01 best=2.843700e-01
[NA] iter=00049 eval=02911 misfit=2.845639e-01 best=2.843700e-01
[NA] iter=00049 eval=02912 misfit=2.856970e-01 best=2.843700e-01
[NA] iter=00049 eval=02913 misfit=2.846693e-01 best=2.843700e-01
[NA] iter=00049 eval=02914 misfit=2.857248e-01 best=2.843700e-01
[NA] iter=00049 eval=02915 misfit=2.844475e-01 best=2.843700e-01
[NA] iter=00049 eval=02916 misfit=2.844208e-01 best=2.843700e-01
[NA] iter=00049 eval=02917 misfit=2.856816e-01 best=2.843700e-01
[NA] iter=00049 eval=02918 misfit=2.856100e-01 best=2.843700e-01
[NA] iter=00049 eval=02919 misfit=2.856176e-01 best=2.843700e-01
[NA] iter=00049 eval=02920 misfit=2.856073e-01 best=2.843700e-01
[NA] iter=00049 eval=02921 misfit=2.845586e-01 best=2.843700e-01
[NA] iter=00049 eval=02922 misfit=2.845205e-01 best=2.843700e-01
[NA] iter=00049 eval=02923 misfit=2.845653e-01 best=2.843700e-01
[NA] iter=00049 eval=02924 misfit=2.865693e-01 best=2.843700e-01
[NA] iter=00049 eval=02925 misfit=2.865885e-01 best=2.843700e-01
[NA] iter=00049 eval=02926 misfit=2.887352e-01 best=2.843700e-01
[NA] iter=00049 eval=02927 misfit=2.845049e-01 best=2.843700e-01
[NA] iter=00049 eval=02928 misfit=2.865216e-01 best=2.843700e-01
[NA] iter=00049 eval=02929 misfit=2.865547e-01 best=2.843700e-01
[NA] iter=00049 eval=02930 misfit=2.845449e-01 best=2.843700e-01
[NA] iter=00049 eval=02931 misfit=2.844798e-01 best=2.843700e-01
[NA] iter=00049 eval=02932 misfit=2.845493e-01 best=2.843700e-01
[NA] iter=00049 eval=02933 misfit=2.847082e-01 best=2.843700e-01
[NA] iter=00049 eval=02934 misfit=2.845363e-01 best=2.843700e-01
[NA] iter=00049 eval=02935 misfit=2.864937e-01 best=2.843700e-01
[NA] iter=00049 eval=02936 misfit=2.865598e-01 best=2.843700e-01
[NA] iter=00049 eval=02937 misfit=2.845957e-01 best=2.843700e-01
[NA] iter=00049 eval=02938 misfit=2.845334e-01 best=2.843700e-01
[NA] iter=00049 eval=02939 misfit=2.845856e-01 best=2.843700e-01
[NA] iter=00049 eval=02940 misfit=2.845888e-01 best=2.843700e-01
[NA] iter=00049 eval=02941 misfit=2.845447e-01 best=2.843700e-01
[NA] iter=00049 eval=02942 misfit=2.845828e-01 best=2.843700e-01
[NA] iter=00049 eval=02943 misfit=2.845001e-01 best=2.843700e-01
[NA] iter=00049 eval=02944 misfit=2.845157e-01 best=2.843700e-01
[NA] iter=00049 eval=02945 misfit=2.845976e-01 best=2.843700e-01
[NA] iter=00049 eval=02946 misfit=2.846144e-01 best=2.843700e-01
[NA] iter=00049 eval=02947 misfit=2.846046e-01 best=2.843700e-01
[NA] iter=00049 eval=02948 misfit=2.845421e-01 best=2.843700e-01
[NA] iter=00049 eval=02949 misfit=2.845440e-01 best=2.843700e-01
[NA] iter=00049 eval=02950 misfit=2.845200e-01 best=2.843700e-01
NAI - Optimisation Loop:  98%|█████████▊| 49/50 [15:17<00:18, 18.35s/it][NA] iter=00050 eval=02951 misfit=2.844524e-01 best=2.843700e-01
[NA] iter=00050 eval=02952 misfit=2.855254e-01 best=2.843700e-01
[NA] iter=00050 eval=02953 misfit=2.843531e-01 best=2.843531e-01
[NA] iter=00050 eval=02954 misfit=2.856275e-01 best=2.843531e-01
[NA] iter=00050 eval=02955 misfit=2.875971e-01 best=2.843531e-01
[NA] iter=00050 eval=02956 misfit=2.855960e-01 best=2.843531e-01
[NA] iter=00050 eval=02957 misfit=2.864068e-01 best=2.843531e-01
[NA] iter=00050 eval=02958 misfit=2.863308e-01 best=2.843531e-01
[NA] iter=00050 eval=02959 misfit=2.864111e-01 best=2.843531e-01
[NA] iter=00050 eval=02960 misfit=2.864494e-01 best=2.843531e-01
[NA] iter=00050 eval=02961 misfit=2.844982e-01 best=2.843531e-01
[NA] iter=00050 eval=02962 misfit=2.864949e-01 best=2.843531e-01
[NA] iter=00050 eval=02963 misfit=2.844643e-01 best=2.843531e-01
[NA] iter=00050 eval=02964 misfit=2.877856e-01 best=2.843531e-01
[NA] iter=00050 eval=02965 misfit=2.845220e-01 best=2.843531e-01
[NA] iter=00050 eval=02966 misfit=2.845239e-01 best=2.843531e-01
[NA] iter=00050 eval=02967 misfit=2.843844e-01 best=2.843531e-01
[NA] iter=00050 eval=02968 misfit=2.843939e-01 best=2.843531e-01
[NA] iter=00050 eval=02969 misfit=2.843859e-01 best=2.843531e-01
[NA] iter=00050 eval=02970 misfit=2.844827e-01 best=2.843531e-01
[NA] iter=00050 eval=02971 misfit=2.844639e-01 best=2.843531e-01
[NA] iter=00050 eval=02972 misfit=2.844802e-01 best=2.843531e-01
[NA] iter=00050 eval=02973 misfit=2.844138e-01 best=2.843531e-01
[NA] iter=00050 eval=02974 misfit=2.844144e-01 best=2.843531e-01
[NA] iter=00050 eval=02975 misfit=2.844224e-01 best=2.843531e-01
[NA] iter=00050 eval=02976 misfit=2.864924e-01 best=2.843531e-01
[NA] iter=00050 eval=02977 misfit=2.844238e-01 best=2.843531e-01
[NA] iter=00050 eval=02978 misfit=2.864986e-01 best=2.843531e-01
[NA] iter=00050 eval=02979 misfit=2.845309e-01 best=2.843531e-01
[NA] iter=00050 eval=02980 misfit=2.865270e-01 best=2.843531e-01
[NA] iter=00050 eval=02981 misfit=2.844639e-01 best=2.843531e-01
[NA] iter=00050 eval=02982 misfit=2.844679e-01 best=2.843531e-01
[NA] iter=00050 eval=02983 misfit=2.844392e-01 best=2.843531e-01
[NA] iter=00050 eval=02984 misfit=2.844726e-01 best=2.843531e-01
[NA] iter=00050 eval=02985 misfit=2.844741e-01 best=2.843531e-01
[NA] iter=00050 eval=02986 misfit=2.844770e-01 best=2.843531e-01
[NA] iter=00050 eval=02987 misfit=2.844671e-01 best=2.843531e-01
[NA] iter=00050 eval=02988 misfit=2.856460e-01 best=2.843531e-01
[NA] iter=00050 eval=02989 misfit=2.844601e-01 best=2.843531e-01
[NA] iter=00050 eval=02990 misfit=2.844834e-01 best=2.843531e-01
[NA] iter=00050 eval=02991 misfit=2.844833e-01 best=2.843531e-01
[NA] iter=00050 eval=02992 misfit=2.857030e-01 best=2.843531e-01
[NA] iter=00050 eval=02993 misfit=2.858329e-01 best=2.843531e-01
[NA] iter=00050 eval=02994 misfit=2.844807e-01 best=2.843531e-01
[NA] iter=00050 eval=02995 misfit=2.844717e-01 best=2.843531e-01
[NA] iter=00050 eval=02996 misfit=2.844509e-01 best=2.843531e-01
[NA] iter=00050 eval=02997 misfit=2.877376e-01 best=2.843531e-01
[NA] iter=00050 eval=02998 misfit=2.865153e-01 best=2.843531e-01
[NA] iter=00050 eval=02999 misfit=2.886781e-01 best=2.843531e-01
[NA] iter=00050 eval=03000 misfit=2.886044e-01 best=2.843531e-01
NAI - Optimisation Loop: 100%|██████████| 50/50 [15:34<00:00, 18.00s/it]NAI - Optimisation Loop: 100%|██████████| 50/50 [15:34<00:00, 18.70s/it]
│  [32m✓[0m Inversion terminada en 1132.8 s

┌─[17:00:58 | 1133.3s] Mejor solucion
│  ┌──────────────────────────────────────────────┐
│  │ a1 (km)                                7.7882 │
│  │ a2 (km)                               19.1928 │
│  │ theta (x pi)                           0.4019 │
│  │ np (frac)                              0.9866 │
│  │ tp (x 2pi)                             0.9581 │
│  │ dmax (m)                               0.6643 │
│  │ vr (km/s)                              3.5745 │
│  └──────────────────────────────────────────────┘
│  [32m✓[0m misfit minimo = 0.284353

┌─[17:00:58 | 1133.3s] Guardando resultados
Inversion results saved to /home/alex/KDEllipsPy/inversions/2026-05-25_Calama/output/inversion_result.joblib
│  [32m✓[0m resultado     → /home/alex/KDEllipsPy/inversions/2026-05-25_Calama/output/inversion_result.joblib
│  [32m✓[0m figura        → /home/alex/KDEllipsPy/inversions/2026-05-25_Calama/output/na_results.png
│  [32m✓[0m figura        → /home/alex/KDEllipsPy/inversions/2026-05-25_Calama/output/parameter_convergence.png
│  [32m✓[0m figura        → /home/alex/KDEllipsPy/inversions/2026-05-25_Calama/output/waveform_fit.png
│  [32m✓[0m figura        → /home/alex/KDEllipsPy/inversions/2026-05-25_Calama/output/ellipse_fit.png
│  [32m✓[0m figura        → /home/alex/KDEllipsPy/inversions/2026-05-25_Calama/output/mapa_azimutal.png  (gap azimutal 225°)

┌─[17:01:01 | 1136.8s] Desglose de misfit por estacion/componente
Desglose de misfit (ventana 20s (P->R,Z ; S->T)) — E = 0.284353
==============================================================================
Est   Cmp    %resid  aporte_E  mf_local  peso_obs
------------------------------------------------------------------------------
A20F  R        5.7%    0.0163     2.835      0.6%
A20F  T       35.6%    0.1012     0.388     26.1%
A20F  Z        0.8%    0.0023     2.036      0.1%
  -> A20F total               42.1% del residuo  (peso obs 26.8%)
------------------------------------------------------------------------------
PB01  R        0.0%    0.0001     0.152      0.1%
PB01  T       16.9%    0.0479     0.247     19.4%
PB01  Z        0.0%    0.0001     0.150      0.1%
  -> PB01 total               16.9% del residuo  (peso obs 19.6%)
------------------------------------------------------------------------------
PB09  R        0.4%    0.0010     0.490      0.2%
PB09  T       15.0%    0.0427     0.110     38.7%
PB09  Z        0.1%    0.0002     0.059      0.4%
  -> PB09 total               15.5% del residuo  (peso obs 39.2%)
------------------------------------------------------------------------------
PB03  R        0.3%    0.0010     0.177      0.5%
PB03  T       10.2%    0.0289     0.452      6.4%
PB03  Z        0.2%    0.0006     0.063      0.9%
  -> PB03 total               10.7% del residuo  (peso obs 7.8%)
------------------------------------------------------------------------------
PB15  R        0.1%    0.0002     0.193      0.1%
PB15  T        7.2%    0.0204     0.545      3.7%
PB15  Z        0.1%    0.0003     0.176      0.1%
  -> PB15 total                7.3% del residuo  (peso obs 4.0%)
------------------------------------------------------------------------------
PB19  R        0.0%    0.0000     0.292      0.0%
PB19  T        5.8%    0.0164     2.707      0.6%
PB19  Z        0.0%    0.0000     0.344      0.0%
  -> PB19 total                5.8% del residuo  (peso obs 0.6%)
------------------------------------------------------------------------------
A06F  R        0.5%    0.0015     0.283      0.5%
A06F  T        0.4%    0.0012     0.644      0.2%
A06F  Z        0.7%    0.0019     0.162      1.2%
  -> A06F total                1.6% del residuo  (peso obs 1.9%)
------------------------------------------------------------------------------
Por componente:
  R:   7.1% del residuo   (peso obs  2.1%)
  T:  91.0% del residuo   (peso obs 95.1%)
  Z:   1.9% del residuo   (peso obs  2.8%)
│  [32m✓[0m desglose      → /home/alex/KDEllipsPy/inversions/2026-05-25_Calama/output/misfit_breakdown.txt

┌─[17:01:01 | 1136.8s] Generando PDF con todos los plots (plot_yolo)
🎲 plot_yolo dashboard: 6 paneles → /home/alex/KDEllipsPy/inversions/2026-05-25_Calama/output/all_plots.pdf
│  [32m✓[0m PDF           → /home/alex/KDEllipsPy/inversions/2026-05-25_Calama/output/all_plots.pdf

╔══════════════════════════════════════════════════════════════════════╗
║ Inversion completada                                                 ║
║ tiempo total 1252.3s  ·  salida en /home/alex/KDEllipsPy/inversions/2026-05-25_Calama/output ║
╚══════════════════════════════════════════════════════════════════════╝
