
╔══════════════════════════════════════════════════════════════════════╗
║ KDEllipsPy · Inversion cinematica (NA)                               ║
║ Evento Calama  ·  2026-05-25                                         ║
╚══════════════════════════════════════════════════════════════════════╝

┌─[23:20:10 |    0.0s] Cargando KDEllipsPy
│  [32m✓[0m kdellipspy importado (numpy 2.4.6)

┌─[23:20:11 |    0.6s] Validando rutas
│  [32m✓[0m input.ctl : /home/alex/KDEllipsPy/inversions/2026-05-25_Calama/input.ctl
│  [32m✓[0m DATA      : /home/alex/KDEllipsPy/inversions/2026-05-25_Calama/DATA
│  [32m✓[0m output    : /home/alex/KDEllipsPy/inversions/2026-05-25_Calama/output

┌─[23:20:11 |    0.6s] Leyendo configuracion
│  Evento      : -22.380, -68.760, 114.0 km
│  Mecanismo   : strike 201 / dip 20 / rake -70  (doble cupla)
│  Banda       : 0.06–0.15 Hz   |  filtro causal
│  Ventana     : t1=0s  t2=128s  npts=256  dt=0.5s  (units=disp)
│  Estaciones  : 7  [A20F, PB09, A06F, PB03, PB15, PB01, PB19]
│  Mod. veloc. : 16 capas
│  Algoritmo   : Neighbourhood Algorithm  |  n_jobs=1
│  [32m✓[0m Configuracion leida

┌─[23:20:11 |    0.6s] Cargando datos observados
│  [32m✓[0m observed shape = (7, 3, 256)  (estaciones, comp, npts)
│  [32m✓[0m eje de tiempo  = 0 … 127.5 s (256 pts)

┌─[23:20:11 |    0.6s] Calculando tiempos P/S por estacion (azi_times)
│  [32m✓[0m azi_times_array shape = (7, 3)  (modelo iasp91)

┌─[23:20:11 |    0.7s] Construyendo modelo de inversion
│  [32m✓[0m NAInversionModel listo  (cache de Green ACTIVADO)
│  NA: 30 iter · SS1=1000 · SS=200 · resample=20 → ~7000 modelos directos

┌─[23:20:11 |    0.7s] Corriendo busqueda NA  (esto puede tardar)
[NA] Starting search: ni=1000, ns=200, n=30, nr=20 -> expected evaluations=7000 (n_jobs=1)
NAI - Initial Random Search
[NA] iter=00000 eval=00001 misfit=1.325886e+00 best=1.325886e+00
[NA] iter=00000 eval=00002 misfit=2.318904e+00 best=1.325886e+00
[NA] iter=00000 eval=00003 misfit=1.420448e+00 best=1.325886e+00
[NA] iter=00000 eval=00004 misfit=9.259728e-01 best=9.259728e-01
[NA] iter=00000 eval=00005 misfit=9.097997e-01 best=9.097997e-01
[NA] iter=00000 eval=00006 misfit=1.273915e+00 best=9.097997e-01
[NA] iter=00000 eval=00007 misfit=5.816274e-01 best=5.816274e-01
[NA] iter=00000 eval=00008 misfit=9.177194e-01 best=5.816274e-01
[NA] iter=00000 eval=00009 misfit=2.267175e+00 best=5.816274e-01
[NA] iter=00000 eval=00010 misfit=2.214467e+00 best=5.816274e-01
[NA] iter=00000 eval=00011 misfit=1.077242e+00 best=5.816274e-01
[NA] iter=00000 eval=00012 misfit=6.438753e-01 best=5.816274e-01
[NA] iter=00000 eval=00013 misfit=5.406405e-01 best=5.406405e-01
[NA] iter=00000 eval=00014 misfit=9.739873e+00 best=5.406405e-01
[NA] iter=00000 eval=00015 misfit=7.809915e-01 best=5.406405e-01
[NA] iter=00000 eval=00016 misfit=8.500347e-01 best=5.406405e-01
[NA] iter=00000 eval=00017 misfit=7.507887e-01 best=5.406405e-01
[NA] iter=00000 eval=00018 misfit=1.682752e+00 best=5.406405e-01
[NA] iter=00000 eval=00019 misfit=7.187072e-01 best=5.406405e-01
[NA] iter=00000 eval=00020 misfit=1.776491e+00 best=5.406405e-01
[NA] iter=00000 eval=00021 misfit=7.858800e-01 best=5.406405e-01
[NA] iter=00000 eval=00022 misfit=5.796006e+00 best=5.406405e-01
[NA] iter=00000 eval=00023 misfit=2.724659e+00 best=5.406405e-01
[NA] iter=00000 eval=00024 misfit=1.041930e+00 best=5.406405e-01
[NA] iter=00000 eval=00025 misfit=5.786310e-01 best=5.406405e-01
[NA] iter=00000 eval=00026 misfit=6.281303e-01 best=5.406405e-01
[NA] iter=00000 eval=00027 misfit=2.097873e+00 best=5.406405e-01
[NA] iter=00000 eval=00028 misfit=1.013713e+00 best=5.406405e-01
[NA] iter=00000 eval=00029 misfit=3.290165e+00 best=5.406405e-01
[NA] iter=00000 eval=00030 misfit=9.248164e-01 best=5.406405e-01
[NA] iter=00000 eval=00031 misfit=9.005888e-01 best=5.406405e-01
[NA] iter=00000 eval=00032 misfit=2.092859e+00 best=5.406405e-01
[NA] iter=00000 eval=00033 misfit=1.174933e+00 best=5.406405e-01
[NA] iter=00000 eval=00034 misfit=7.585673e-01 best=5.406405e-01
[NA] iter=00000 eval=00035 misfit=8.780938e-01 best=5.406405e-01
[NA] iter=00000 eval=00036 misfit=1.288127e+00 best=5.406405e-01
[NA] iter=00000 eval=00037 misfit=8.556695e-01 best=5.406405e-01
[NA] iter=00000 eval=00038 misfit=6.992196e-01 best=5.406405e-01
[NA] iter=00000 eval=00039 misfit=2.565048e+00 best=5.406405e-01
[NA] iter=00000 eval=00040 misfit=6.403283e-01 best=5.406405e-01
[NA] iter=00000 eval=00041 misfit=2.033934e+00 best=5.406405e-01
[NA] iter=00000 eval=00042 misfit=8.983793e-01 best=5.406405e-01
[NA] iter=00000 eval=00043 misfit=2.040948e+00 best=5.406405e-01
[NA] iter=00000 eval=00044 misfit=1.167501e+00 best=5.406405e-01
[NA] iter=00000 eval=00045 misfit=4.611558e+00 best=5.406405e-01
[NA] iter=00000 eval=00046 misfit=7.050656e-01 best=5.406405e-01
[NA] iter=00000 eval=00047 misfit=8.984718e-01 best=5.406405e-01
[NA] iter=00000 eval=00048 misfit=7.297730e-01 best=5.406405e-01
[NA] iter=00000 eval=00049 misfit=7.123701e-01 best=5.406405e-01
[NA] iter=00000 eval=00050 misfit=2.947788e+00 best=5.406405e-01
[NA] iter=00000 eval=00051 misfit=1.016374e+00 best=5.406405e-01
[NA] iter=00000 eval=00052 misfit=1.631171e+00 best=5.406405e-01
[NA] iter=00000 eval=00053 misfit=2.425944e+00 best=5.406405e-01
[NA] iter=00000 eval=00054 misfit=7.448352e-01 best=5.406405e-01
[NA] iter=00000 eval=00055 misfit=1.710217e+00 best=5.406405e-01
[NA] iter=00000 eval=00056 misfit=1.255090e+00 best=5.406405e-01
[NA] iter=00000 eval=00057 misfit=8.408675e+00 best=5.406405e-01
[NA] iter=00000 eval=00058 misfit=6.596839e-01 best=5.406405e-01
[NA] iter=00000 eval=00059 misfit=1.713630e+01 best=5.406405e-01
[NA] iter=00000 eval=00060 misfit=6.209140e-01 best=5.406405e-01
[NA] iter=00000 eval=00061 misfit=3.390284e+00 best=5.406405e-01
[NA] iter=00000 eval=00062 misfit=7.341588e-01 best=5.406405e-01
[NA] iter=00000 eval=00063 misfit=7.683535e-01 best=5.406405e-01
[NA] iter=00000 eval=00064 misfit=9.156473e-01 best=5.406405e-01
[NA] iter=00000 eval=00065 misfit=1.153479e+00 best=5.406405e-01
[NA] iter=00000 eval=00066 misfit=6.373581e-01 best=5.406405e-01
[NA] iter=00000 eval=00067 misfit=7.887427e-01 best=5.406405e-01
[NA] iter=00000 eval=00068 misfit=1.501149e+00 best=5.406405e-01
[NA] iter=00000 eval=00069 misfit=9.342341e-01 best=5.406405e-01
[NA] iter=00000 eval=00070 misfit=1.802999e+00 best=5.406405e-01
[NA] iter=00000 eval=00071 misfit=6.907647e-01 best=5.406405e-01
[NA] iter=00000 eval=00072 misfit=1.361279e+00 best=5.406405e-01
[NA] iter=00000 eval=00073 misfit=1.174210e+00 best=5.406405e-01
[NA] iter=00000 eval=00074 misfit=7.582294e-01 best=5.406405e-01
[NA] iter=00000 eval=00075 misfit=1.543503e+00 best=5.406405e-01
[NA] iter=00000 eval=00076 misfit=9.596427e-01 best=5.406405e-01
[NA] iter=00000 eval=00077 misfit=8.048060e-01 best=5.406405e-01
[NA] iter=00000 eval=00078 misfit=4.518538e+00 best=5.406405e-01
[NA] iter=00000 eval=00079 misfit=1.821592e+00 best=5.406405e-01
[NA] iter=00000 eval=00080 misfit=8.269908e+00 best=5.406405e-01
[NA] iter=00000 eval=00081 misfit=6.602764e-01 best=5.406405e-01
[NA] iter=00000 eval=00082 misfit=2.161184e+00 best=5.406405e-01
[NA] iter=00000 eval=00083 misfit=1.370522e+00 best=5.406405e-01
[NA] iter=00000 eval=00084 misfit=1.240011e+00 best=5.406405e-01
[NA] iter=00000 eval=00085 misfit=2.947491e+00 best=5.406405e-01
[NA] iter=00000 eval=00086 misfit=8.209865e-01 best=5.406405e-01
[NA] iter=00000 eval=00087 misfit=7.651673e-01 best=5.406405e-01
[NA] iter=00000 eval=00088 misfit=7.794342e-01 best=5.406405e-01
[NA] iter=00000 eval=00089 misfit=1.312958e+00 best=5.406405e-01
[NA] iter=00000 eval=00090 misfit=4.103790e+00 best=5.406405e-01
[NA] iter=00000 eval=00091 misfit=1.115914e+00 best=5.406405e-01
[NA] iter=00000 eval=00092 misfit=4.524227e+00 best=5.406405e-01
[NA] iter=00000 eval=00093 misfit=6.828418e-01 best=5.406405e-01
[NA] iter=00000 eval=00094 misfit=1.435108e+00 best=5.406405e-01
[NA] iter=00000 eval=00095 misfit=2.866124e+00 best=5.406405e-01
[NA] iter=00000 eval=00096 misfit=4.247388e+00 best=5.406405e-01
[NA] iter=00000 eval=00097 misfit=8.189093e-01 best=5.406405e-01
[NA] iter=00000 eval=00098 misfit=1.283834e+01 best=5.406405e-01
[NA] iter=00000 eval=00099 misfit=6.873249e-01 best=5.406405e-01
[NA] iter=00000 eval=00100 misfit=1.952444e+01 best=5.406405e-01
[NA] iter=00000 eval=00101 misfit=7.721197e-01 best=5.406405e-01
[NA] iter=00000 eval=00102 misfit=9.307003e-01 best=5.406405e-01
[NA] iter=00000 eval=00103 misfit=1.340727e+00 best=5.406405e-01
[NA] iter=00000 eval=00104 misfit=2.275987e+00 best=5.406405e-01
[NA] iter=00000 eval=00105 misfit=7.683342e-01 best=5.406405e-01
[NA] iter=00000 eval=00106 misfit=9.740822e-01 best=5.406405e-01
[NA] iter=00000 eval=00107 misfit=6.229829e-01 best=5.406405e-01
[NA] iter=00000 eval=00108 misfit=6.845522e-01 best=5.406405e-01
[NA] iter=00000 eval=00109 misfit=1.440775e+01 best=5.406405e-01
[NA] iter=00000 eval=00110 misfit=6.184163e+00 best=5.406405e-01
[NA] iter=00000 eval=00111 misfit=8.623715e-01 best=5.406405e-01
[NA] iter=00000 eval=00112 misfit=7.142128e-01 best=5.406405e-01
[NA] iter=00000 eval=00113 misfit=5.467359e-01 best=5.406405e-01
[NA] iter=00000 eval=00114 misfit=6.790695e-01 best=5.406405e-01
[NA] iter=00000 eval=00115 misfit=8.038803e-01 best=5.406405e-01
[NA] iter=00000 eval=00116 misfit=1.405907e+00 best=5.406405e-01
[NA] iter=00000 eval=00117 misfit=6.503238e-01 best=5.406405e-01
[NA] iter=00000 eval=00118 misfit=1.128820e+00 best=5.406405e-01
[NA] iter=00000 eval=00119 misfit=9.016686e+00 best=5.406405e-01
[NA] iter=00000 eval=00120 misfit=6.547224e-01 best=5.406405e-01
[NA] iter=00000 eval=00121 misfit=6.476165e-01 best=5.406405e-01
[NA] iter=00000 eval=00122 misfit=6.462627e-01 best=5.406405e-01
[NA] iter=00000 eval=00123 misfit=7.671185e-01 best=5.406405e-01
[NA] iter=00000 eval=00124 misfit=8.112634e+00 best=5.406405e-01
[NA] iter=00000 eval=00125 misfit=1.067235e+00 best=5.406405e-01
[NA] iter=00000 eval=00126 misfit=8.115704e-01 best=5.406405e-01
[NA] iter=00000 eval=00127 misfit=7.194513e-01 best=5.406405e-01
[NA] iter=00000 eval=00128 misfit=6.764544e-01 best=5.406405e-01
[NA] iter=00000 eval=00129 misfit=8.427321e-01 best=5.406405e-01
[NA] iter=00000 eval=00130 misfit=8.904588e-01 best=5.406405e-01
[NA] iter=00000 eval=00131 misfit=2.814663e+00 best=5.406405e-01
[NA] iter=00000 eval=00132 misfit=5.532426e-01 best=5.406405e-01
[NA] iter=00000 eval=00133 misfit=4.157228e+00 best=5.406405e-01
[NA] iter=00000 eval=00134 misfit=8.539401e-01 best=5.406405e-01
[NA] iter=00000 eval=00135 misfit=1.121399e+00 best=5.406405e-01
[NA] iter=00000 eval=00136 misfit=8.829981e-01 best=5.406405e-01
[NA] iter=00000 eval=00137 misfit=6.465149e+00 best=5.406405e-01
[NA] iter=00000 eval=00138 misfit=7.042748e-01 best=5.406405e-01
[NA] iter=00000 eval=00139 misfit=5.874356e-01 best=5.406405e-01
[NA] iter=00000 eval=00140 misfit=3.881441e+00 best=5.406405e-01
[NA] iter=00000 eval=00141 misfit=7.427989e-01 best=5.406405e-01
[NA] iter=00000 eval=00142 misfit=8.984439e-01 best=5.406405e-01
[NA] iter=00000 eval=00143 misfit=7.601636e-01 best=5.406405e-01
[NA] iter=00000 eval=00144 misfit=3.119773e+00 best=5.406405e-01
[NA] iter=00000 eval=00145 misfit=7.392761e-01 best=5.406405e-01
[NA] iter=00000 eval=00146 misfit=1.167261e+00 best=5.406405e-01
[NA] iter=00000 eval=00147 misfit=7.484612e-01 best=5.406405e-01
[NA] iter=00000 eval=00148 misfit=1.026339e+00 best=5.406405e-01
[NA] iter=00000 eval=00149 misfit=1.112983e+00 best=5.406405e-01
[NA] iter=00000 eval=00150 misfit=9.506318e-01 best=5.406405e-01
[NA] iter=00000 eval=00151 misfit=5.533430e-01 best=5.406405e-01
[NA] iter=00000 eval=00152 misfit=9.034552e-01 best=5.406405e-01
[NA] iter=00000 eval=00153 misfit=5.575393e+00 best=5.406405e-01
[NA] iter=00000 eval=00154 misfit=7.447577e-01 best=5.406405e-01
[NA] iter=00000 eval=00155 misfit=1.184321e+00 best=5.406405e-01
[NA] iter=00000 eval=00156 misfit=2.551408e+00 best=5.406405e-01
[NA] iter=00000 eval=00157 misfit=1.679617e+00 best=5.406405e-01
[NA] iter=00000 eval=00158 misfit=8.335681e-01 best=5.406405e-01
[NA] iter=00000 eval=00159 misfit=1.101114e+01 best=5.406405e-01
[NA] iter=00000 eval=00160 misfit=7.025575e-01 best=5.406405e-01
[NA] iter=00000 eval=00161 misfit=1.052737e+01 best=5.406405e-01
[NA] iter=00000 eval=00162 misfit=6.387764e-01 best=5.406405e-01
[NA] iter=00000 eval=00163 misfit=9.644629e+00 best=5.406405e-01
[NA] iter=00000 eval=00164 misfit=7.765535e-01 best=5.406405e-01
[NA] iter=00000 eval=00165 misfit=8.233827e-01 best=5.406405e-01
[NA] iter=00000 eval=00166 misfit=5.867403e-01 best=5.406405e-01
[NA] iter=00000 eval=00167 misfit=4.150032e+00 best=5.406405e-01
[NA] iter=00000 eval=00168 misfit=8.100247e+00 best=5.406405e-01
[NA] iter=00000 eval=00169 misfit=6.354953e-01 best=5.406405e-01
[NA] iter=00000 eval=00170 misfit=6.012857e-01 best=5.406405e-01
[NA] iter=00000 eval=00171 misfit=7.779703e-01 best=5.406405e-01
[NA] iter=00000 eval=00172 misfit=9.150961e-01 best=5.406405e-01
[NA] iter=00000 eval=00173 misfit=1.132945e+00 best=5.406405e-01
[NA] iter=00000 eval=00174 misfit=1.510808e+00 best=5.406405e-01
[NA] iter=00000 eval=00175 misfit=6.586676e+00 best=5.406405e-01
[NA] iter=00000 eval=00176 misfit=4.943355e+00 best=5.406405e-01
[NA] iter=00000 eval=00177 misfit=2.242021e+00 best=5.406405e-01
[NA] iter=00000 eval=00178 misfit=7.006916e-01 best=5.406405e-01
[NA] iter=00000 eval=00179 misfit=1.173192e+00 best=5.406405e-01
[NA] iter=00000 eval=00180 misfit=1.134962e+00 best=5.406405e-01
[NA] iter=00000 eval=00181 misfit=2.265929e+00 best=5.406405e-01
[NA] iter=00000 eval=00182 misfit=2.460983e+00 best=5.406405e-01
[NA] iter=00000 eval=00183 misfit=1.159399e+00 best=5.406405e-01
[NA] iter=00000 eval=00184 misfit=1.326061e+00 best=5.406405e-01
[NA] iter=00000 eval=00185 misfit=6.163771e-01 best=5.406405e-01
[NA] iter=00000 eval=00186 misfit=6.522475e+00 best=5.406405e-01
[NA] iter=00000 eval=00187 misfit=7.962963e-01 best=5.406405e-01
[NA] iter=00000 eval=00188 misfit=5.406276e+00 best=5.406405e-01
[NA] iter=00000 eval=00189 misfit=9.029268e-01 best=5.406405e-01
[NA] iter=00000 eval=00190 misfit=7.737931e-01 best=5.406405e-01
[NA] iter=00000 eval=00191 misfit=7.443343e-01 best=5.406405e-01
[NA] iter=00000 eval=00192 misfit=1.120250e+00 best=5.406405e-01
[NA] iter=00000 eval=00193 misfit=1.085020e+01 best=5.406405e-01
[NA] iter=00000 eval=00194 misfit=8.896914e-01 best=5.406405e-01
[NA] iter=00000 eval=00195 misfit=1.302603e+00 best=5.406405e-01
[NA] iter=00000 eval=00196 misfit=1.403711e+00 best=5.406405e-01
[NA] iter=00000 eval=00197 misfit=4.568110e+00 best=5.406405e-01
[NA] iter=00000 eval=00198 misfit=8.864353e-01 best=5.406405e-01
[NA] iter=00000 eval=00199 misfit=1.653159e+00 best=5.406405e-01
[NA] iter=00000 eval=00200 misfit=4.745513e+00 best=5.406405e-01
[NA] iter=00000 eval=00201 misfit=1.788208e+00 best=5.406405e-01
[NA] iter=00000 eval=00202 misfit=6.163682e-01 best=5.406405e-01
[NA] iter=00000 eval=00203 misfit=4.425296e+00 best=5.406405e-01
[NA] iter=00000 eval=00204 misfit=8.558735e-01 best=5.406405e-01
[NA] iter=00000 eval=00205 misfit=4.049266e+00 best=5.406405e-01
[NA] iter=00000 eval=00206 misfit=1.404714e+00 best=5.406405e-01
[NA] iter=00000 eval=00207 misfit=1.956137e+00 best=5.406405e-01
[NA] iter=00000 eval=00208 misfit=1.290411e+00 best=5.406405e-01
[NA] iter=00000 eval=00209 misfit=1.171734e+00 best=5.406405e-01
[NA] iter=00000 eval=00210 misfit=3.993883e+00 best=5.406405e-01
[NA] iter=00000 eval=00211 misfit=2.401717e+00 best=5.406405e-01
[NA] iter=00000 eval=00212 misfit=8.201377e-01 best=5.406405e-01
[NA] iter=00000 eval=00213 misfit=6.241755e-01 best=5.406405e-01
[NA] iter=00000 eval=00214 misfit=6.827200e-01 best=5.406405e-01
[NA] iter=00000 eval=00215 misfit=2.085484e+00 best=5.406405e-01
[NA] iter=00000 eval=00216 misfit=8.572243e-01 best=5.406405e-01
[NA] iter=00000 eval=00217 misfit=7.766404e-01 best=5.406405e-01
[NA] iter=00000 eval=00218 misfit=1.213064e+00 best=5.406405e-01
[NA] iter=00000 eval=00219 misfit=6.626200e-01 best=5.406405e-01
[NA] iter=00000 eval=00220 misfit=6.283622e-01 best=5.406405e-01
[NA] iter=00000 eval=00221 misfit=6.387457e-01 best=5.406405e-01
[NA] iter=00000 eval=00222 misfit=8.014317e-01 best=5.406405e-01
[NA] iter=00000 eval=00223 misfit=1.018784e+00 best=5.406405e-01
[NA] iter=00000 eval=00224 misfit=6.335931e-01 best=5.406405e-01
[NA] iter=00000 eval=00225 misfit=6.614596e-01 best=5.406405e-01
[NA] iter=00000 eval=00226 misfit=8.347880e-01 best=5.406405e-01
[NA] iter=00000 eval=00227 misfit=1.435875e+00 best=5.406405e-01
[NA] iter=00000 eval=00228 misfit=2.518726e+01 best=5.406405e-01
[NA] iter=00000 eval=00229 misfit=8.136792e-01 best=5.406405e-01
[NA] iter=00000 eval=00230 misfit=1.845074e+00 best=5.406405e-01
[NA] iter=00000 eval=00231 misfit=1.399674e+00 best=5.406405e-01
[NA] iter=00000 eval=00232 misfit=8.584170e-01 best=5.406405e-01
[NA] iter=00000 eval=00233 misfit=1.754825e+00 best=5.406405e-01
[NA] iter=00000 eval=00234 misfit=4.145067e+00 best=5.406405e-01
[NA] iter=00000 eval=00235 misfit=9.521054e-01 best=5.406405e-01
[NA] iter=00000 eval=00236 misfit=8.243657e+00 best=5.406405e-01
[NA] iter=00000 eval=00237 misfit=1.912181e+00 best=5.406405e-01
[NA] iter=00000 eval=00238 misfit=1.022187e+00 best=5.406405e-01
[NA] iter=00000 eval=00239 misfit=1.246980e+00 best=5.406405e-01
[NA] iter=00000 eval=00240 misfit=5.637600e-01 best=5.406405e-01
[NA] iter=00000 eval=00241 misfit=2.368313e+00 best=5.406405e-01
[NA] iter=00000 eval=00242 misfit=1.201624e+00 best=5.406405e-01
[NA] iter=00000 eval=00243 misfit=7.300303e-01 best=5.406405e-01
[NA] iter=00000 eval=00244 misfit=8.380016e-01 best=5.406405e-01
[NA] iter=00000 eval=00245 misfit=6.247327e-01 best=5.406405e-01
[NA] iter=00000 eval=00246 misfit=8.472570e-01 best=5.406405e-01
[NA] iter=00000 eval=00247 misfit=8.596564e-01 best=5.406405e-01
[NA] iter=00000 eval=00248 misfit=8.191067e-01 best=5.406405e-01
[NA] iter=00000 eval=00249 misfit=2.122744e+00 best=5.406405e-01
[NA] iter=00000 eval=00250 misfit=1.682176e+00 best=5.406405e-01
[NA] iter=00000 eval=00251 misfit=1.133782e+00 best=5.406405e-01
[NA] iter=00000 eval=00252 misfit=8.503958e-01 best=5.406405e-01
[NA] iter=00000 eval=00253 misfit=9.348348e-01 best=5.406405e-01
[NA] iter=00000 eval=00254 misfit=8.222682e-01 best=5.406405e-01
[NA] iter=00000 eval=00255 misfit=9.315650e-01 best=5.406405e-01
[NA] iter=00000 eval=00256 misfit=9.439441e-01 best=5.406405e-01
[NA] iter=00000 eval=00257 misfit=2.317745e+00 best=5.406405e-01
[NA] iter=00000 eval=00258 misfit=6.084676e-01 best=5.406405e-01
[NA] iter=00000 eval=00259 misfit=2.081264e+00 best=5.406405e-01
[NA] iter=00000 eval=00260 misfit=3.523087e+00 best=5.406405e-01
[NA] iter=00000 eval=00261 misfit=7.710126e-01 best=5.406405e-01
[NA] iter=00000 eval=00262 misfit=1.419879e+00 best=5.406405e-01
[NA] iter=00000 eval=00263 misfit=6.948534e-01 best=5.406405e-01
[NA] iter=00000 eval=00264 misfit=8.310953e-01 best=5.406405e-01
[NA] iter=00000 eval=00265 misfit=5.832813e-01 best=5.406405e-01
[NA] iter=00000 eval=00266 misfit=1.836777e+00 best=5.406405e-01
[NA] iter=00000 eval=00267 misfit=6.598615e-01 best=5.406405e-01
[NA] iter=00000 eval=00268 misfit=1.527391e+00 best=5.406405e-01
[NA] iter=00000 eval=00269 misfit=1.450615e+00 best=5.406405e-01
[NA] iter=00000 eval=00270 misfit=9.505666e-01 best=5.406405e-01
[NA] iter=00000 eval=00271 misfit=7.771881e-01 best=5.406405e-01
[NA] iter=00000 eval=00272 misfit=1.062270e+00 best=5.406405e-01
[NA] iter=00000 eval=00273 misfit=6.981504e-01 best=5.406405e-01
[NA] iter=00000 eval=00274 misfit=7.160070e-01 best=5.406405e-01
[NA] iter=00000 eval=00275 misfit=2.202570e+00 best=5.406405e-01
[NA] iter=00000 eval=00276 misfit=4.814456e+00 best=5.406405e-01
[NA] iter=00000 eval=00277 misfit=9.442185e-01 best=5.406405e-01
[NA] iter=00000 eval=00278 misfit=3.739319e+00 best=5.406405e-01
[NA] iter=00000 eval=00279 misfit=6.664321e-01 best=5.406405e-01
[NA] iter=00000 eval=00280 misfit=1.311983e+00 best=5.406405e-01
[NA] iter=00000 eval=00281 misfit=3.256142e+00 best=5.406405e-01
[NA] iter=00000 eval=00282 misfit=1.091050e+00 best=5.406405e-01
[NA] iter=00000 eval=00283 misfit=1.146092e+00 best=5.406405e-01
[NA] iter=00000 eval=00284 misfit=1.242777e+00 best=5.406405e-01
[NA] iter=00000 eval=00285 misfit=1.993016e+00 best=5.406405e-01
[NA] iter=00000 eval=00286 misfit=8.689731e+00 best=5.406405e-01
[NA] iter=00000 eval=00287 misfit=5.530056e-01 best=5.406405e-01
[NA] iter=00000 eval=00288 misfit=7.203828e-01 best=5.406405e-01
[NA] iter=00000 eval=00289 misfit=2.718727e+00 best=5.406405e-01
[NA] iter=00000 eval=00290 misfit=6.023557e-01 best=5.406405e-01
[NA] iter=00000 eval=00291 misfit=1.643877e+00 best=5.406405e-01
[NA] iter=00000 eval=00292 misfit=7.292238e-01 best=5.406405e-01
[NA] iter=00000 eval=00293 misfit=4.375249e+00 best=5.406405e-01
[NA] iter=00000 eval=00294 misfit=3.605752e+00 best=5.406405e-01
[NA] iter=00000 eval=00295 misfit=1.098719e+00 best=5.406405e-01
[NA] iter=00000 eval=00296 misfit=6.252428e-01 best=5.406405e-01
[NA] iter=00000 eval=00297 misfit=5.488800e-01 best=5.406405e-01
[NA] iter=00000 eval=00298 misfit=6.790816e-01 best=5.406405e-01
[NA] iter=00000 eval=00299 misfit=4.805611e+00 best=5.406405e-01
[NA] iter=00000 eval=00300 misfit=7.426405e-01 best=5.406405e-01
[NA] iter=00000 eval=00301 misfit=9.465170e-01 best=5.406405e-01
[NA] iter=00000 eval=00302 misfit=2.361668e+00 best=5.406405e-01
[NA] iter=00000 eval=00303 misfit=5.630428e-01 best=5.406405e-01
[NA] iter=00000 eval=00304 misfit=1.180979e+00 best=5.406405e-01
[NA] iter=00000 eval=00305 misfit=5.291144e+00 best=5.406405e-01
[NA] iter=00000 eval=00306 misfit=6.717148e-01 best=5.406405e-01
[NA] iter=00000 eval=00307 misfit=1.793680e+00 best=5.406405e-01
[NA] iter=00000 eval=00308 misfit=5.787668e-01 best=5.406405e-01
[NA] iter=00000 eval=00309 misfit=1.694873e+01 best=5.406405e-01
[NA] iter=00000 eval=00310 misfit=5.244393e+00 best=5.406405e-01
[NA] iter=00000 eval=00311 misfit=1.167303e+01 best=5.406405e-01
[NA] iter=00000 eval=00312 misfit=6.837324e-01 best=5.406405e-01
[NA] iter=00000 eval=00313 misfit=1.654565e+00 best=5.406405e-01
[NA] iter=00000 eval=00314 misfit=9.457202e-01 best=5.406405e-01
[NA] iter=00000 eval=00315 misfit=7.265233e-01 best=5.406405e-01
[NA] iter=00000 eval=00316 misfit=1.493691e+00 best=5.406405e-01
[NA] iter=00000 eval=00317 misfit=1.339464e+00 best=5.406405e-01
[NA] iter=00000 eval=00318 misfit=2.156085e+00 best=5.406405e-01
[NA] iter=00000 eval=00319 misfit=6.417704e-01 best=5.406405e-01
[NA] iter=00000 eval=00320 misfit=1.489651e+00 best=5.406405e-01
[NA] iter=00000 eval=00321 misfit=5.840095e+00 best=5.406405e-01
[NA] iter=00000 eval=00322 misfit=1.902137e+00 best=5.406405e-01
[NA] iter=00000 eval=00323 misfit=1.750542e+00 best=5.406405e-01
[NA] iter=00000 eval=00324 misfit=9.852322e-01 best=5.406405e-01
[NA] iter=00000 eval=00325 misfit=1.074992e+00 best=5.406405e-01
[NA] iter=00000 eval=00326 misfit=1.281747e+01 best=5.406405e-01
[NA] iter=00000 eval=00327 misfit=1.681249e+00 best=5.406405e-01
[NA] iter=00000 eval=00328 misfit=7.872046e-01 best=5.406405e-01
[NA] iter=00000 eval=00329 misfit=5.771530e+00 best=5.406405e-01
[NA] iter=00000 eval=00330 misfit=5.515802e-01 best=5.406405e-01
[NA] iter=00000 eval=00331 misfit=9.100646e+00 best=5.406405e-01
[NA] iter=00000 eval=00332 misfit=7.679197e-01 best=5.406405e-01
[NA] iter=00000 eval=00333 misfit=1.002124e+00 best=5.406405e-01
[NA] iter=00000 eval=00334 misfit=7.224629e-01 best=5.406405e-01
[NA] iter=00000 eval=00335 misfit=1.219650e+00 best=5.406405e-01
[NA] iter=00000 eval=00336 misfit=1.057467e+00 best=5.406405e-01
[NA] iter=00000 eval=00337 misfit=6.282311e-01 best=5.406405e-01
[NA] iter=00000 eval=00338 misfit=5.420038e-01 best=5.406405e-01
[NA] iter=00000 eval=00339 misfit=1.257982e+01 best=5.406405e-01
[NA] iter=00000 eval=00340 misfit=9.247381e+00 best=5.406405e-01
[NA] iter=00000 eval=00341 misfit=7.418003e-01 best=5.406405e-01
[NA] iter=00000 eval=00342 misfit=2.107526e+00 best=5.406405e-01
[NA] iter=00000 eval=00343 misfit=6.292752e-01 best=5.406405e-01
[NA] iter=00000 eval=00344 misfit=6.904222e-01 best=5.406405e-01
[NA] iter=00000 eval=00345 misfit=7.311400e-01 best=5.406405e-01
[NA] iter=00000 eval=00346 misfit=7.178249e-01 best=5.406405e-01
[NA] iter=00000 eval=00347 misfit=9.994285e+00 best=5.406405e-01
[NA] iter=00000 eval=00348 misfit=6.401399e-01 best=5.406405e-01
[NA] iter=00000 eval=00349 misfit=1.401693e+00 best=5.406405e-01
[NA] iter=00000 eval=00350 misfit=1.160725e+00 best=5.406405e-01
[NA] iter=00000 eval=00351 misfit=1.319847e+00 best=5.406405e-01
[NA] iter=00000 eval=00352 misfit=1.076484e+00 best=5.406405e-01
[NA] iter=00000 eval=00353 misfit=6.468689e-01 best=5.406405e-01
[NA] iter=00000 eval=00354 misfit=1.403255e+01 best=5.406405e-01
[NA] iter=00000 eval=00355 misfit=6.265765e-01 best=5.406405e-01
[NA] iter=00000 eval=00356 misfit=7.509067e-01 best=5.406405e-01
[NA] iter=00000 eval=00357 misfit=1.575706e+00 best=5.406405e-01
[NA] iter=00000 eval=00358 misfit=6.070862e-01 best=5.406405e-01
[NA] iter=00000 eval=00359 misfit=1.046711e+00 best=5.406405e-01
[NA] iter=00000 eval=00360 misfit=1.336989e+00 best=5.406405e-01
[NA] iter=00000 eval=00361 misfit=2.820223e+00 best=5.406405e-01
[NA] iter=00000 eval=00362 misfit=1.045387e+00 best=5.406405e-01
[NA] iter=00000 eval=00363 misfit=7.242529e-01 best=5.406405e-01
[NA] iter=00000 eval=00364 misfit=5.442400e-01 best=5.406405e-01
[NA] iter=00000 eval=00365 misfit=1.081613e+00 best=5.406405e-01
[NA] iter=00000 eval=00366 misfit=1.878179e+00 best=5.406405e-01
[NA] iter=00000 eval=00367 misfit=3.063611e+00 best=5.406405e-01
[NA] iter=00000 eval=00368 misfit=9.047433e-01 best=5.406405e-01
[NA] iter=00000 eval=00369 misfit=8.203787e-01 best=5.406405e-01
[NA] iter=00000 eval=00370 misfit=1.153787e+01 best=5.406405e-01
[NA] iter=00000 eval=00371 misfit=5.381509e-01 best=5.381509e-01
[NA] iter=00000 eval=00372 misfit=1.294950e+00 best=5.381509e-01
[NA] iter=00000 eval=00373 misfit=8.165099e-01 best=5.381509e-01
[NA] iter=00000 eval=00374 misfit=1.544125e+00 best=5.381509e-01
[NA] iter=00000 eval=00375 misfit=8.332896e-01 best=5.381509e-01
[NA] iter=00000 eval=00376 misfit=6.886772e-01 best=5.381509e-01
[NA] iter=00000 eval=00377 misfit=8.679214e-01 best=5.381509e-01
[NA] iter=00000 eval=00378 misfit=7.840600e-01 best=5.381509e-01
[NA] iter=00000 eval=00379 misfit=9.881093e+00 best=5.381509e-01
[NA] iter=00000 eval=00380 misfit=4.725492e+00 best=5.381509e-01
[NA] iter=00000 eval=00381 misfit=1.026596e+00 best=5.381509e-01
[NA] iter=00000 eval=00382 misfit=6.817875e-01 best=5.381509e-01
[NA] iter=00000 eval=00383 misfit=9.543228e-01 best=5.381509e-01
[NA] iter=00000 eval=00384 misfit=6.203506e-01 best=5.381509e-01
[NA] iter=00000 eval=00385 misfit=1.553029e+00 best=5.381509e-01
[NA] iter=00000 eval=00386 misfit=6.141938e-01 best=5.381509e-01
[NA] iter=00000 eval=00387 misfit=6.487748e-01 best=5.381509e-01
[NA] iter=00000 eval=00388 misfit=1.840914e+00 best=5.381509e-01
[NA] iter=00000 eval=00389 misfit=3.993872e+00 best=5.381509e-01
[NA] iter=00000 eval=00390 misfit=3.077112e+00 best=5.381509e-01
[NA] iter=00000 eval=00391 misfit=7.436558e-01 best=5.381509e-01
[NA] iter=00000 eval=00392 misfit=2.278058e+00 best=5.381509e-01
[NA] iter=00000 eval=00393 misfit=2.480351e+00 best=5.381509e-01
[NA] iter=00000 eval=00394 misfit=9.336816e-01 best=5.381509e-01
[NA] iter=00000 eval=00395 misfit=1.818565e+01 best=5.381509e-01
[NA] iter=00000 eval=00396 misfit=8.966559e-01 best=5.381509e-01
[NA] iter=00000 eval=00397 misfit=2.117745e+01 best=5.381509e-01
[NA] iter=00000 eval=00398 misfit=1.067905e+00 best=5.381509e-01
[NA] iter=00000 eval=00399 misfit=3.427373e+00 best=5.381509e-01
[NA] iter=00000 eval=00400 misfit=1.615548e+00 best=5.381509e-01
[NA] iter=00000 eval=00401 misfit=1.037228e+01 best=5.381509e-01
[NA] iter=00000 eval=00402 misfit=6.860766e+00 best=5.381509e-01
[NA] iter=00000 eval=00403 misfit=5.898819e-01 best=5.381509e-01
[NA] iter=00000 eval=00404 misfit=6.807162e-01 best=5.381509e-01
[NA] iter=00000 eval=00405 misfit=3.919336e+00 best=5.381509e-01
[NA] iter=00000 eval=00406 misfit=7.345492e-01 best=5.381509e-01
[NA] iter=00000 eval=00407 misfit=7.223149e-01 best=5.381509e-01
[NA] iter=00000 eval=00408 misfit=7.251176e-01 best=5.381509e-01
[NA] iter=00000 eval=00409 misfit=6.359055e-01 best=5.381509e-01
[NA] iter=00000 eval=00410 misfit=1.263856e+00 best=5.381509e-01
[NA] iter=00000 eval=00411 misfit=6.587993e-01 best=5.381509e-01
[NA] iter=00000 eval=00412 misfit=8.018983e-01 best=5.381509e-01
[NA] iter=00000 eval=00413 misfit=7.813336e-01 best=5.381509e-01
[NA] iter=00000 eval=00414 misfit=8.961327e-01 best=5.381509e-01
[NA] iter=00000 eval=00415 misfit=3.394294e+00 best=5.381509e-01
[NA] iter=00000 eval=00416 misfit=2.807051e+00 best=5.381509e-01
[NA] iter=00000 eval=00417 misfit=8.863067e-01 best=5.381509e-01
[NA] iter=00000 eval=00418 misfit=8.500988e-01 best=5.381509e-01
[NA] iter=00000 eval=00419 misfit=7.960615e-01 best=5.381509e-01
[NA] iter=00000 eval=00420 misfit=1.575084e+00 best=5.381509e-01
[NA] iter=00000 eval=00421 misfit=2.863548e+00 best=5.381509e-01
[NA] iter=00000 eval=00422 misfit=2.500513e+00 best=5.381509e-01
[NA] iter=00000 eval=00423 misfit=1.955666e+00 best=5.381509e-01
[NA] iter=00000 eval=00424 misfit=8.414729e-01 best=5.381509e-01
[NA] iter=00000 eval=00425 misfit=6.135724e-01 best=5.381509e-01
[NA] iter=00000 eval=00426 misfit=1.193016e+00 best=5.381509e-01
[NA] iter=00000 eval=00427 misfit=1.140385e+00 best=5.381509e-01
[NA] iter=00000 eval=00428 misfit=4.768362e+00 best=5.381509e-01
[NA] iter=00000 eval=00429 misfit=6.526483e-01 best=5.381509e-01
[NA] iter=00000 eval=00430 misfit=3.639601e+00 best=5.381509e-01
[NA] iter=00000 eval=00431 misfit=1.023153e+00 best=5.381509e-01
[NA] iter=00000 eval=00432 misfit=2.663668e+00 best=5.381509e-01
[NA] iter=00000 eval=00433 misfit=2.395144e+00 best=5.381509e-01
[NA] iter=00000 eval=00434 misfit=3.096448e+00 best=5.381509e-01
[NA] iter=00000 eval=00435 misfit=1.643175e+00 best=5.381509e-01
[NA] iter=00000 eval=00436 misfit=2.826715e+00 best=5.381509e-01
[NA] iter=00000 eval=00437 misfit=8.932009e-01 best=5.381509e-01
[NA] iter=00000 eval=00438 misfit=3.682357e+00 best=5.381509e-01
[NA] iter=00000 eval=00439 misfit=1.079930e+00 best=5.381509e-01
[NA] iter=00000 eval=00440 misfit=1.031671e+00 best=5.381509e-01
[NA] iter=00000 eval=00441 misfit=7.664544e-01 best=5.381509e-01
[NA] iter=00000 eval=00442 misfit=6.339112e-01 best=5.381509e-01
[NA] iter=00000 eval=00443 misfit=1.056248e+00 best=5.381509e-01
[NA] iter=00000 eval=00444 misfit=2.109126e+00 best=5.381509e-01
[NA] iter=00000 eval=00445 misfit=1.183027e+00 best=5.381509e-01
[NA] iter=00000 eval=00446 misfit=1.346882e+00 best=5.381509e-01
[NA] iter=00000 eval=00447 misfit=6.965561e-01 best=5.381509e-01
[NA] iter=00000 eval=00448 misfit=2.262159e+00 best=5.381509e-01
[NA] iter=00000 eval=00449 misfit=7.616284e-01 best=5.381509e-01
[NA] iter=00000 eval=00450 misfit=1.038840e+00 best=5.381509e-01
[NA] iter=00000 eval=00451 misfit=2.313632e+00 best=5.381509e-01
[NA] iter=00000 eval=00452 misfit=7.764617e-01 best=5.381509e-01
[NA] iter=00000 eval=00453 misfit=7.729058e-01 best=5.381509e-01
[NA] iter=00000 eval=00454 misfit=1.336816e+00 best=5.381509e-01
[NA] iter=00000 eval=00455 misfit=2.304922e+00 best=5.381509e-01
[NA] iter=00000 eval=00456 misfit=1.103256e+00 best=5.381509e-01
[NA] iter=00000 eval=00457 misfit=1.818686e+00 best=5.381509e-01
[NA] iter=00000 eval=00458 misfit=1.352862e+00 best=5.381509e-01
[NA] iter=00000 eval=00459 misfit=2.258443e+00 best=5.381509e-01
[NA] iter=00000 eval=00460 misfit=4.699698e+00 best=5.381509e-01
[NA] iter=00000 eval=00461 misfit=5.735459e-01 best=5.381509e-01
[NA] iter=00000 eval=00462 misfit=1.477403e+01 best=5.381509e-01
[NA] iter=00000 eval=00463 misfit=6.195043e-01 best=5.381509e-01
[NA] iter=00000 eval=00464 misfit=5.410912e-01 best=5.381509e-01
[NA] iter=00000 eval=00465 misfit=1.223096e+00 best=5.381509e-01
[NA] iter=00000 eval=00466 misfit=8.320732e-01 best=5.381509e-01
[NA] iter=00000 eval=00467 misfit=5.586079e-01 best=5.381509e-01
[NA] iter=00000 eval=00468 misfit=6.787309e-01 best=5.381509e-01
[NA] iter=00000 eval=00469 misfit=7.518412e-01 best=5.381509e-01
[NA] iter=00000 eval=00470 misfit=1.212988e+00 best=5.381509e-01
[NA] iter=00000 eval=00471 misfit=7.721161e-01 best=5.381509e-01
[NA] iter=00000 eval=00472 misfit=1.077235e+00 best=5.381509e-01
[NA] iter=00000 eval=00473 misfit=9.720831e-01 best=5.381509e-01
[NA] iter=00000 eval=00474 misfit=1.031745e+00 best=5.381509e-01
[NA] iter=00000 eval=00475 misfit=3.409854e+00 best=5.381509e-01
[NA] iter=00000 eval=00476 misfit=6.832692e-01 best=5.381509e-01
[NA] iter=00000 eval=00477 misfit=5.997021e-01 best=5.381509e-01
[NA] iter=00000 eval=00478 misfit=7.742131e-01 best=5.381509e-01
[NA] iter=00000 eval=00479 misfit=7.543751e-01 best=5.381509e-01
[NA] iter=00000 eval=00480 misfit=7.375758e-01 best=5.381509e-01
[NA] iter=00000 eval=00481 misfit=2.291002e+00 best=5.381509e-01
[NA] iter=00000 eval=00482 misfit=6.872710e-01 best=5.381509e-01
[NA] iter=00000 eval=00483 misfit=1.012697e+00 best=5.381509e-01
[NA] iter=00000 eval=00484 misfit=2.364494e+00 best=5.381509e-01
[NA] iter=00000 eval=00485 misfit=3.247783e+00 best=5.381509e-01
[NA] iter=00000 eval=00486 misfit=1.916079e+00 best=5.381509e-01
[NA] iter=00000 eval=00487 misfit=8.639120e-01 best=5.381509e-01
[NA] iter=00000 eval=00488 misfit=6.616689e+00 best=5.381509e-01
[NA] iter=00000 eval=00489 misfit=6.170007e+00 best=5.381509e-01
[NA] iter=00000 eval=00490 misfit=1.410068e+00 best=5.381509e-01
[NA] iter=00000 eval=00491 misfit=6.085834e-01 best=5.381509e-01
[NA] iter=00000 eval=00492 misfit=8.276338e-01 best=5.381509e-01
[NA] iter=00000 eval=00493 misfit=4.329777e+00 best=5.381509e-01
[NA] iter=00000 eval=00494 misfit=1.004509e+00 best=5.381509e-01
[NA] iter=00000 eval=00495 misfit=3.076185e+00 best=5.381509e-01
[NA] iter=00000 eval=00496 misfit=7.225356e-01 best=5.381509e-01
[NA] iter=00000 eval=00497 misfit=1.336764e+00 best=5.381509e-01
[NA] iter=00000 eval=00498 misfit=1.021853e+00 best=5.381509e-01
[NA] iter=00000 eval=00499 misfit=7.384717e-01 best=5.381509e-01
[NA] iter=00000 eval=00500 misfit=1.867818e+00 best=5.381509e-01
[NA] iter=00000 eval=00501 misfit=1.380282e+01 best=5.381509e-01
[NA] iter=00000 eval=00502 misfit=6.869012e-01 best=5.381509e-01
[NA] iter=00000 eval=00503 misfit=1.067104e+00 best=5.381509e-01
[NA] iter=00000 eval=00504 misfit=7.679891e-01 best=5.381509e-01
[NA] iter=00000 eval=00505 misfit=7.297793e-01 best=5.381509e-01
[NA] iter=00000 eval=00506 misfit=4.836542e+00 best=5.381509e-01
[NA] iter=00000 eval=00507 misfit=1.093027e+00 best=5.381509e-01
[NA] iter=00000 eval=00508 misfit=1.379047e+00 best=5.381509e-01
[NA] iter=00000 eval=00509 misfit=1.335781e+00 best=5.381509e-01
[NA] iter=00000 eval=00510 misfit=6.709891e-01 best=5.381509e-01
[NA] iter=00000 eval=00511 misfit=6.072829e-01 best=5.381509e-01
[NA] iter=00000 eval=00512 misfit=1.458294e+00 best=5.381509e-01
[NA] iter=00000 eval=00513 misfit=4.629278e+00 best=5.381509e-01
[NA] iter=00000 eval=00514 misfit=9.809765e-01 best=5.381509e-01
[NA] iter=00000 eval=00515 misfit=6.294166e-01 best=5.381509e-01
[NA] iter=00000 eval=00516 misfit=6.111722e-01 best=5.381509e-01
[NA] iter=00000 eval=00517 misfit=1.472034e+00 best=5.381509e-01
[NA] iter=00000 eval=00518 misfit=2.394914e+00 best=5.381509e-01
[NA] iter=00000 eval=00519 misfit=7.202134e-01 best=5.381509e-01
[NA] iter=00000 eval=00520 misfit=7.633672e+00 best=5.381509e-01
[NA] iter=00000 eval=00521 misfit=5.423842e+00 best=5.381509e-01
[NA] iter=00000 eval=00522 misfit=7.575145e-01 best=5.381509e-01
[NA] iter=00000 eval=00523 misfit=1.214359e+00 best=5.381509e-01
[NA] iter=00000 eval=00524 misfit=6.251756e-01 best=5.381509e-01
[NA] iter=00000 eval=00525 misfit=3.743162e+00 best=5.381509e-01
[NA] iter=00000 eval=00526 misfit=8.179651e-01 best=5.381509e-01
[NA] iter=00000 eval=00527 misfit=7.265443e-01 best=5.381509e-01
[NA] iter=00000 eval=00528 misfit=1.844754e+00 best=5.381509e-01
[NA] iter=00000 eval=00529 misfit=9.687103e-01 best=5.381509e-01
[NA] iter=00000 eval=00530 misfit=6.313863e-01 best=5.381509e-01
[NA] iter=00000 eval=00531 misfit=2.054414e+01 best=5.381509e-01
[NA] iter=00000 eval=00532 misfit=3.243072e+00 best=5.381509e-01
[NA] iter=00000 eval=00533 misfit=6.991057e-01 best=5.381509e-01
[NA] iter=00000 eval=00534 misfit=4.868375e+00 best=5.381509e-01
[NA] iter=00000 eval=00535 misfit=1.237146e+00 best=5.381509e-01
[NA] iter=00000 eval=00536 misfit=8.890344e+00 best=5.381509e-01
[NA] iter=00000 eval=00537 misfit=2.616482e+00 best=5.381509e-01
[NA] iter=00000 eval=00538 misfit=4.668808e+00 best=5.381509e-01
[NA] iter=00000 eval=00539 misfit=1.121668e+00 best=5.381509e-01
[NA] iter=00000 eval=00540 misfit=1.927311e+00 best=5.381509e-01
[NA] iter=00000 eval=00541 misfit=5.873834e+00 best=5.381509e-01
[NA] iter=00000 eval=00542 misfit=1.551338e+00 best=5.381509e-01
[NA] iter=00000 eval=00543 misfit=9.265429e-01 best=5.381509e-01
[NA] iter=00000 eval=00544 misfit=7.908616e-01 best=5.381509e-01
[NA] iter=00000 eval=00545 misfit=9.745051e-01 best=5.381509e-01
[NA] iter=00000 eval=00546 misfit=9.513370e+00 best=5.381509e-01
[NA] iter=00000 eval=00547 misfit=1.186403e+00 best=5.381509e-01
[NA] iter=00000 eval=00548 misfit=1.003953e+00 best=5.381509e-01
[NA] iter=00000 eval=00549 misfit=9.939711e-01 best=5.381509e-01
[NA] iter=00000 eval=00550 misfit=1.136247e+00 best=5.381509e-01
[NA] iter=00000 eval=00551 misfit=1.381494e+00 best=5.381509e-01
[NA] iter=00000 eval=00552 misfit=4.344102e+00 best=5.381509e-01
[NA] iter=00000 eval=00553 misfit=1.056730e+00 best=5.381509e-01
[NA] iter=00000 eval=00554 misfit=8.596397e-01 best=5.381509e-01
[NA] iter=00000 eval=00555 misfit=3.581325e+00 best=5.381509e-01
[NA] iter=00000 eval=00556 misfit=1.619481e+01 best=5.381509e-01
[NA] iter=00000 eval=00557 misfit=2.919720e+00 best=5.381509e-01
[NA] iter=00000 eval=00558 misfit=2.454747e+01 best=5.381509e-01
[NA] iter=00000 eval=00559 misfit=3.576313e+00 best=5.381509e-01
[NA] iter=00000 eval=00560 misfit=7.677253e-01 best=5.381509e-01
[NA] iter=00000 eval=00561 misfit=9.078461e-01 best=5.381509e-01
[NA] iter=00000 eval=00562 misfit=2.712612e+00 best=5.381509e-01
[NA] iter=00000 eval=00563 misfit=5.545751e-01 best=5.381509e-01
[NA] iter=00000 eval=00564 misfit=1.321935e+00 best=5.381509e-01
[NA] iter=00000 eval=00565 misfit=7.389653e-01 best=5.381509e-01
[NA] iter=00000 eval=00566 misfit=8.960704e-01 best=5.381509e-01
[NA] iter=00000 eval=00567 misfit=1.024463e+00 best=5.381509e-01
[NA] iter=00000 eval=00568 misfit=1.301449e+00 best=5.381509e-01
[NA] iter=00000 eval=00569 misfit=1.352934e+00 best=5.381509e-01
[NA] iter=00000 eval=00570 misfit=8.777086e-01 best=5.381509e-01
[NA] iter=00000 eval=00571 misfit=2.053318e+00 best=5.381509e-01
[NA] iter=00000 eval=00572 misfit=1.566802e+00 best=5.381509e-01
[NA] iter=00000 eval=00573 misfit=9.490586e-01 best=5.381509e-01
[NA] iter=00000 eval=00574 misfit=9.658506e-01 best=5.381509e-01
[NA] iter=00000 eval=00575 misfit=1.127283e+00 best=5.381509e-01
[NA] iter=00000 eval=00576 misfit=2.003395e+00 best=5.381509e-01
[NA] iter=00000 eval=00577 misfit=1.405055e+00 best=5.381509e-01
[NA] iter=00000 eval=00578 misfit=5.784918e-01 best=5.381509e-01
[NA] iter=00000 eval=00579 misfit=1.181662e+00 best=5.381509e-01
[NA] iter=00000 eval=00580 misfit=1.008509e+01 best=5.381509e-01
[NA] iter=00000 eval=00581 misfit=1.854223e+00 best=5.381509e-01
[NA] iter=00000 eval=00582 misfit=2.616133e+00 best=5.381509e-01
[NA] iter=00000 eval=00583 misfit=5.789088e+00 best=5.381509e-01
[NA] iter=00000 eval=00584 misfit=7.530129e-01 best=5.381509e-01
[NA] iter=00000 eval=00585 misfit=9.908523e-01 best=5.381509e-01
[NA] iter=00000 eval=00586 misfit=1.739209e+00 best=5.381509e-01
[NA] iter=00000 eval=00587 misfit=5.635025e-01 best=5.381509e-01
[NA] iter=00000 eval=00588 misfit=6.055104e+00 best=5.381509e-01
[NA] iter=00000 eval=00589 misfit=7.040139e-01 best=5.381509e-01
[NA] iter=00000 eval=00590 misfit=1.013647e+00 best=5.381509e-01
[NA] iter=00000 eval=00591 misfit=8.480990e-01 best=5.381509e-01
[NA] iter=00000 eval=00592 misfit=8.980385e-01 best=5.381509e-01
[NA] iter=00000 eval=00593 misfit=6.842317e-01 best=5.381509e-01
[NA] iter=00000 eval=00594 misfit=7.320308e-01 best=5.381509e-01
[NA] iter=00000 eval=00595 misfit=6.100481e-01 best=5.381509e-01
[NA] iter=00000 eval=00596 misfit=1.379989e+00 best=5.381509e-01
[NA] iter=00000 eval=00597 misfit=2.981160e+00 best=5.381509e-01
[NA] iter=00000 eval=00598 misfit=1.702544e+00 best=5.381509e-01
[NA] iter=00000 eval=00599 misfit=4.205168e+00 best=5.381509e-01
[NA] iter=00000 eval=00600 misfit=1.272287e+00 best=5.381509e-01
[NA] iter=00000 eval=00601 misfit=1.107036e+00 best=5.381509e-01
[NA] iter=00000 eval=00602 misfit=7.042574e-01 best=5.381509e-01
[NA] iter=00000 eval=00603 misfit=2.312972e+00 best=5.381509e-01
[NA] iter=00000 eval=00604 misfit=9.131495e-01 best=5.381509e-01
[NA] iter=00000 eval=00605 misfit=9.680417e-01 best=5.381509e-01
[NA] iter=00000 eval=00606 misfit=1.110364e+00 best=5.381509e-01
[NA] iter=00000 eval=00607 misfit=5.474651e-01 best=5.381509e-01
[NA] iter=00000 eval=00608 misfit=1.104076e+00 best=5.381509e-01
[NA] iter=00000 eval=00609 misfit=1.698284e+00 best=5.381509e-01
[NA] iter=00000 eval=00610 misfit=1.878139e+00 best=5.381509e-01
[NA] iter=00000 eval=00611 misfit=5.702512e-01 best=5.381509e-01
[NA] iter=00000 eval=00612 misfit=5.700258e-01 best=5.381509e-01
[NA] iter=00000 eval=00613 misfit=9.710992e-01 best=5.381509e-01
[NA] iter=00000 eval=00614 misfit=4.231239e+00 best=5.381509e-01
[NA] iter=00000 eval=00615 misfit=2.396669e+00 best=5.381509e-01
[NA] iter=00000 eval=00616 misfit=1.251364e+00 best=5.381509e-01
[NA] iter=00000 eval=00617 misfit=6.008373e-01 best=5.381509e-01
[NA] iter=00000 eval=00618 misfit=1.270235e+00 best=5.381509e-01
[NA] iter=00000 eval=00619 misfit=2.571535e+00 best=5.381509e-01
[NA] iter=00000 eval=00620 misfit=2.806734e+00 best=5.381509e-01
[NA] iter=00000 eval=00621 misfit=6.177910e-01 best=5.381509e-01
[NA] iter=00000 eval=00622 misfit=6.903809e-01 best=5.381509e-01
[NA] iter=00000 eval=00623 misfit=5.817676e-01 best=5.381509e-01
[NA] iter=00000 eval=00624 misfit=8.184614e-01 best=5.381509e-01
[NA] iter=00000 eval=00625 misfit=6.295110e-01 best=5.381509e-01
[NA] iter=00000 eval=00626 misfit=2.300196e+00 best=5.381509e-01
[NA] iter=00000 eval=00627 misfit=1.048391e+00 best=5.381509e-01
[NA] iter=00000 eval=00628 misfit=5.827094e-01 best=5.381509e-01
[NA] iter=00000 eval=00629 misfit=6.198597e-01 best=5.381509e-01
[NA] iter=00000 eval=00630 misfit=9.192941e-01 best=5.381509e-01
[NA] iter=00000 eval=00631 misfit=8.560256e-01 best=5.381509e-01
[NA] iter=00000 eval=00632 misfit=1.718905e+00 best=5.381509e-01
[NA] iter=00000 eval=00633 misfit=6.186502e-01 best=5.381509e-01
[NA] iter=00000 eval=00634 misfit=1.004710e+00 best=5.381509e-01
[NA] iter=00000 eval=00635 misfit=2.790195e+00 best=5.381509e-01
[NA] iter=00000 eval=00636 misfit=9.134645e+00 best=5.381509e-01
[NA] iter=00000 eval=00637 misfit=8.137519e-01 best=5.381509e-01
[NA] iter=00000 eval=00638 misfit=9.718903e-01 best=5.381509e-01
[NA] iter=00000 eval=00639 misfit=8.650443e-01 best=5.381509e-01
[NA] iter=00000 eval=00640 misfit=6.263483e-01 best=5.381509e-01
[NA] iter=00000 eval=00641 misfit=9.878535e-01 best=5.381509e-01
[NA] iter=00000 eval=00642 misfit=1.046063e+00 best=5.381509e-01
[NA] iter=00000 eval=00643 misfit=8.387376e-01 best=5.381509e-01
[NA] iter=00000 eval=00644 misfit=1.063979e+00 best=5.381509e-01
[NA] iter=00000 eval=00645 misfit=2.513858e+00 best=5.381509e-01
[NA] iter=00000 eval=00646 misfit=2.395946e+00 best=5.381509e-01
[NA] iter=00000 eval=00647 misfit=2.195784e+00 best=5.381509e-01
[NA] iter=00000 eval=00648 misfit=2.400545e+00 best=5.381509e-01
[NA] iter=00000 eval=00649 misfit=1.213699e+00 best=5.381509e-01
[NA] iter=00000 eval=00650 misfit=5.579573e-01 best=5.381509e-01
[NA] iter=00000 eval=00651 misfit=9.002643e+00 best=5.381509e-01
[NA] iter=00000 eval=00652 misfit=6.640836e-01 best=5.381509e-01
[NA] iter=00000 eval=00653 misfit=9.015996e-01 best=5.381509e-01
[NA] iter=00000 eval=00654 misfit=1.326802e+00 best=5.381509e-01
[NA] iter=00000 eval=00655 misfit=1.130948e+00 best=5.381509e-01
[NA] iter=00000 eval=00656 misfit=7.466924e+00 best=5.381509e-01
[NA] iter=00000 eval=00657 misfit=7.738671e-01 best=5.381509e-01
[NA] iter=00000 eval=00658 misfit=2.211492e+00 best=5.381509e-01
[NA] iter=00000 eval=00659 misfit=2.563039e+00 best=5.381509e-01
[NA] iter=00000 eval=00660 misfit=6.165833e-01 best=5.381509e-01
[NA] iter=00000 eval=00661 misfit=6.170467e-01 best=5.381509e-01
[NA] iter=00000 eval=00662 misfit=1.096214e+00 best=5.381509e-01
[NA] iter=00000 eval=00663 misfit=3.717696e+00 best=5.381509e-01
[NA] iter=00000 eval=00664 misfit=8.261632e-01 best=5.381509e-01
[NA] iter=00000 eval=00665 misfit=8.670454e-01 best=5.381509e-01
[NA] iter=00000 eval=00666 misfit=7.423866e-01 best=5.381509e-01
[NA] iter=00000 eval=00667 misfit=7.531734e-01 best=5.381509e-01
[NA] iter=00000 eval=00668 misfit=3.518367e+00 best=5.381509e-01
[NA] iter=00000 eval=00669 misfit=8.855850e-01 best=5.381509e-01
[NA] iter=00000 eval=00670 misfit=5.930763e+00 best=5.381509e-01
[NA] iter=00000 eval=00671 misfit=2.069623e+00 best=5.381509e-01
[NA] iter=00000 eval=00672 misfit=1.808589e+00 best=5.381509e-01
[NA] iter=00000 eval=00673 misfit=1.358120e+00 best=5.381509e-01
[NA] iter=00000 eval=00674 misfit=7.102812e+00 best=5.381509e-01
[NA] iter=00000 eval=00675 misfit=7.211810e-01 best=5.381509e-01
[NA] iter=00000 eval=00676 misfit=2.579304e+00 best=5.381509e-01
[NA] iter=00000 eval=00677 misfit=3.209783e+01 best=5.381509e-01
[NA] iter=00000 eval=00678 misfit=2.343157e+00 best=5.381509e-01
[NA] iter=00000 eval=00679 misfit=8.187299e-01 best=5.381509e-01
[NA] iter=00000 eval=00680 misfit=1.703610e+00 best=5.381509e-01
[NA] iter=00000 eval=00681 misfit=5.942032e-01 best=5.381509e-01
[NA] iter=00000 eval=00682 misfit=7.774773e-01 best=5.381509e-01
[NA] iter=00000 eval=00683 misfit=2.665894e+00 best=5.381509e-01
[NA] iter=00000 eval=00684 misfit=7.560083e-01 best=5.381509e-01
[NA] iter=00000 eval=00685 misfit=5.522603e-01 best=5.381509e-01
[NA] iter=00000 eval=00686 misfit=6.575259e-01 best=5.381509e-01
[NA] iter=00000 eval=00687 misfit=1.721347e+00 best=5.381509e-01
[NA] iter=00000 eval=00688 misfit=1.134387e+00 best=5.381509e-01
[NA] iter=00000 eval=00689 misfit=1.534135e+00 best=5.381509e-01
[NA] iter=00000 eval=00690 misfit=2.443737e+00 best=5.381509e-01
[NA] iter=00000 eval=00691 misfit=6.044021e+00 best=5.381509e-01
[NA] iter=00000 eval=00692 misfit=7.271857e-01 best=5.381509e-01
[NA] iter=00000 eval=00693 misfit=1.507647e+00 best=5.381509e-01
[NA] iter=00000 eval=00694 misfit=1.936161e+00 best=5.381509e-01
[NA] iter=00000 eval=00695 misfit=6.771905e-01 best=5.381509e-01
[NA] iter=00000 eval=00696 misfit=9.902696e-01 best=5.381509e-01
[NA] iter=00000 eval=00697 misfit=6.912895e-01 best=5.381509e-01
[NA] iter=00000 eval=00698 misfit=9.728211e-01 best=5.381509e-01
[NA] iter=00000 eval=00699 misfit=1.498480e+00 best=5.381509e-01
[NA] iter=00000 eval=00700 misfit=8.568437e-01 best=5.381509e-01
[NA] iter=00000 eval=00701 misfit=2.962528e+00 best=5.381509e-01
[NA] iter=00000 eval=00702 misfit=8.577278e-01 best=5.381509e-01
[NA] iter=00000 eval=00703 misfit=4.362426e+00 best=5.381509e-01
[NA] iter=00000 eval=00704 misfit=6.892651e+00 best=5.381509e-01
[NA] iter=00000 eval=00705 misfit=3.011220e+00 best=5.381509e-01
[NA] iter=00000 eval=00706 misfit=8.180721e-01 best=5.381509e-01
[NA] iter=00000 eval=00707 misfit=9.645630e-01 best=5.381509e-01
[NA] iter=00000 eval=00708 misfit=8.336555e-01 best=5.381509e-01
[NA] iter=00000 eval=00709 misfit=1.035421e+00 best=5.381509e-01
[NA] iter=00000 eval=00710 misfit=2.016539e+00 best=5.381509e-01
[NA] iter=00000 eval=00711 misfit=8.501414e-01 best=5.381509e-01
[NA] iter=00000 eval=00712 misfit=7.172580e-01 best=5.381509e-01
[NA] iter=00000 eval=00713 misfit=1.490923e+00 best=5.381509e-01
[NA] iter=00000 eval=00714 misfit=2.535883e+00 best=5.381509e-01
[NA] iter=00000 eval=00715 misfit=6.315794e-01 best=5.381509e-01
[NA] iter=00000 eval=00716 misfit=8.485723e-01 best=5.381509e-01
[NA] iter=00000 eval=00717 misfit=4.765575e+00 best=5.381509e-01
[NA] iter=00000 eval=00718 misfit=9.299719e-01 best=5.381509e-01
[NA] iter=00000 eval=00719 misfit=6.205438e-01 best=5.381509e-01
[NA] iter=00000 eval=00720 misfit=9.175021e-01 best=5.381509e-01
[NA] iter=00000 eval=00721 misfit=5.385237e+00 best=5.381509e-01
[NA] iter=00000 eval=00722 misfit=8.373715e-01 best=5.381509e-01
[NA] iter=00000 eval=00723 misfit=7.819974e-01 best=5.381509e-01
[NA] iter=00000 eval=00724 misfit=1.156536e+00 best=5.381509e-01
[NA] iter=00000 eval=00725 misfit=8.662173e-01 best=5.381509e-01
[NA] iter=00000 eval=00726 misfit=1.015532e+00 best=5.381509e-01
[NA] iter=00000 eval=00727 misfit=6.095403e-01 best=5.381509e-01
[NA] iter=00000 eval=00728 misfit=8.546570e-01 best=5.381509e-01
[NA] iter=00000 eval=00729 misfit=5.671846e-01 best=5.381509e-01
[NA] iter=00000 eval=00730 misfit=4.547904e+00 best=5.381509e-01
[NA] iter=00000 eval=00731 misfit=5.413811e-01 best=5.381509e-01
[NA] iter=00000 eval=00732 misfit=2.840973e+00 best=5.381509e-01
[NA] iter=00000 eval=00733 misfit=1.639002e+00 best=5.381509e-01
[NA] iter=00000 eval=00734 misfit=2.851238e+00 best=5.381509e-01
[NA] iter=00000 eval=00735 misfit=1.591152e+00 best=5.381509e-01
[NA] iter=00000 eval=00736 misfit=3.425207e+00 best=5.381509e-01
[NA] iter=00000 eval=00737 misfit=7.377617e-01 best=5.381509e-01
[NA] iter=00000 eval=00738 misfit=6.163265e-01 best=5.381509e-01
[NA] iter=00000 eval=00739 misfit=6.557169e+00 best=5.381509e-01
[NA] iter=00000 eval=00740 misfit=6.089619e-01 best=5.381509e-01
[NA] iter=00000 eval=00741 misfit=2.438697e+00 best=5.381509e-01
[NA] iter=00000 eval=00742 misfit=7.122765e-01 best=5.381509e-01
[NA] iter=00000 eval=00743 misfit=3.417038e+00 best=5.381509e-01
[NA] iter=00000 eval=00744 misfit=6.767346e-01 best=5.381509e-01
[NA] iter=00000 eval=00745 misfit=1.137941e+00 best=5.381509e-01
[NA] iter=00000 eval=00746 misfit=7.598203e-01 best=5.381509e-01
[NA] iter=00000 eval=00747 misfit=3.208584e+00 best=5.381509e-01
[NA] iter=00000 eval=00748 misfit=1.444698e+00 best=5.381509e-01
[NA] iter=00000 eval=00749 misfit=7.967404e-01 best=5.381509e-01
[NA] iter=00000 eval=00750 misfit=7.120852e-01 best=5.381509e-01
[NA] iter=00000 eval=00751 misfit=1.203583e+00 best=5.381509e-01
[NA] iter=00000 eval=00752 misfit=1.693112e+00 best=5.381509e-01
[NA] iter=00000 eval=00753 misfit=1.113972e+00 best=5.381509e-01
[NA] iter=00000 eval=00754 misfit=1.292213e+00 best=5.381509e-01
[NA] iter=00000 eval=00755 misfit=1.041389e+00 best=5.381509e-01
[NA] iter=00000 eval=00756 misfit=5.392171e-01 best=5.381509e-01
[NA] iter=00000 eval=00757 misfit=4.225398e+00 best=5.381509e-01
[NA] iter=00000 eval=00758 misfit=9.370055e-01 best=5.381509e-01
[NA] iter=00000 eval=00759 misfit=7.686046e-01 best=5.381509e-01
[NA] iter=00000 eval=00760 misfit=6.529380e-01 best=5.381509e-01
[NA] iter=00000 eval=00761 misfit=5.063315e+00 best=5.381509e-01
[NA] iter=00000 eval=00762 misfit=1.779138e+00 best=5.381509e-01
[NA] iter=00000 eval=00763 misfit=1.050913e+00 best=5.381509e-01
[NA] iter=00000 eval=00764 misfit=1.554773e+00 best=5.381509e-01
[NA] iter=00000 eval=00765 misfit=1.361137e+00 best=5.381509e-01
[NA] iter=00000 eval=00766 misfit=3.885248e+00 best=5.381509e-01
[NA] iter=00000 eval=00767 misfit=4.893433e+00 best=5.381509e-01
[NA] iter=00000 eval=00768 misfit=6.286336e-01 best=5.381509e-01
[NA] iter=00000 eval=00769 misfit=8.323009e-01 best=5.381509e-01
[NA] iter=00000 eval=00770 misfit=7.360991e-01 best=5.381509e-01
[NA] iter=00000 eval=00771 misfit=2.095845e+00 best=5.381509e-01
[NA] iter=00000 eval=00772 misfit=8.403420e-01 best=5.381509e-01
[NA] iter=00000 eval=00773 misfit=2.689904e+00 best=5.381509e-01
[NA] iter=00000 eval=00774 misfit=7.087706e-01 best=5.381509e-01
[NA] iter=00000 eval=00775 misfit=7.982710e-01 best=5.381509e-01
[NA] iter=00000 eval=00776 misfit=1.659605e+00 best=5.381509e-01
[NA] iter=00000 eval=00777 misfit=1.005653e+00 best=5.381509e-01
[NA] iter=00000 eval=00778 misfit=1.012831e+00 best=5.381509e-01
[NA] iter=00000 eval=00779 misfit=9.131618e-01 best=5.381509e-01
[NA] iter=00000 eval=00780 misfit=2.264038e+00 best=5.381509e-01
[NA] iter=00000 eval=00781 misfit=5.941471e-01 best=5.381509e-01
[NA] iter=00000 eval=00782 misfit=7.685076e-01 best=5.381509e-01
[NA] iter=00000 eval=00783 misfit=5.460776e-01 best=5.381509e-01
[NA] iter=00000 eval=00784 misfit=1.427368e+00 best=5.381509e-01
[NA] iter=00000 eval=00785 misfit=2.693390e+00 best=5.381509e-01
[NA] iter=00000 eval=00786 misfit=1.315061e+00 best=5.381509e-01
[NA] iter=00000 eval=00787 misfit=1.974183e+00 best=5.381509e-01
[NA] iter=00000 eval=00788 misfit=9.715230e+00 best=5.381509e-01
[NA] iter=00000 eval=00789 misfit=9.269433e+00 best=5.381509e-01
[NA] iter=00000 eval=00790 misfit=1.079545e+00 best=5.381509e-01
[NA] iter=00000 eval=00791 misfit=6.852665e+00 best=5.381509e-01
[NA] iter=00000 eval=00792 misfit=4.975729e+00 best=5.381509e-01
[NA] iter=00000 eval=00793 misfit=9.407322e-01 best=5.381509e-01
[NA] iter=00000 eval=00794 misfit=8.096022e-01 best=5.381509e-01
[NA] iter=00000 eval=00795 misfit=6.863090e-01 best=5.381509e-01
[NA] iter=00000 eval=00796 misfit=1.208473e+00 best=5.381509e-01
[NA] iter=00000 eval=00797 misfit=1.585637e+00 best=5.381509e-01
[NA] iter=00000 eval=00798 misfit=1.178091e+00 best=5.381509e-01
[NA] iter=00000 eval=00799 misfit=2.233087e+00 best=5.381509e-01
[NA] iter=00000 eval=00800 misfit=7.839795e-01 best=5.381509e-01
[NA] iter=00000 eval=00801 misfit=6.320311e-01 best=5.381509e-01
[NA] iter=00000 eval=00802 misfit=5.731314e-01 best=5.381509e-01
[NA] iter=00000 eval=00803 misfit=1.192747e+00 best=5.381509e-01
[NA] iter=00000 eval=00804 misfit=1.011512e+00 best=5.381509e-01
[NA] iter=00000 eval=00805 misfit=4.457605e+00 best=5.381509e-01
[NA] iter=00000 eval=00806 misfit=1.124044e+00 best=5.381509e-01
[NA] iter=00000 eval=00807 misfit=2.921155e+00 best=5.381509e-01
[NA] iter=00000 eval=00808 misfit=8.567821e-01 best=5.381509e-01
[NA] iter=00000 eval=00809 misfit=1.484130e+00 best=5.381509e-01
[NA] iter=00000 eval=00810 misfit=7.164907e-01 best=5.381509e-01
[NA] iter=00000 eval=00811 misfit=1.700796e+00 best=5.381509e-01
[NA] iter=00000 eval=00812 misfit=1.942175e+00 best=5.381509e-01
[NA] iter=00000 eval=00813 misfit=6.119771e+00 best=5.381509e-01
[NA] iter=00000 eval=00814 misfit=7.221696e-01 best=5.381509e-01
[NA] iter=00000 eval=00815 misfit=6.723652e-01 best=5.381509e-01
[NA] iter=00000 eval=00816 misfit=1.541426e+00 best=5.381509e-01
[NA] iter=00000 eval=00817 misfit=9.234099e-01 best=5.381509e-01
[NA] iter=00000 eval=00818 misfit=4.983678e+00 best=5.381509e-01
[NA] iter=00000 eval=00819 misfit=1.679040e+00 best=5.381509e-01
[NA] iter=00000 eval=00820 misfit=1.160911e+00 best=5.381509e-01
[NA] iter=00000 eval=00821 misfit=6.290526e-01 best=5.381509e-01
[NA] iter=00000 eval=00822 misfit=2.234133e+00 best=5.381509e-01
[NA] iter=00000 eval=00823 misfit=1.152762e+00 best=5.381509e-01
[NA] iter=00000 eval=00824 misfit=7.897048e-01 best=5.381509e-01
[NA] iter=00000 eval=00825 misfit=3.022204e+00 best=5.381509e-01
[NA] iter=00000 eval=00826 misfit=2.022002e+00 best=5.381509e-01
[NA] iter=00000 eval=00827 misfit=4.447429e+00 best=5.381509e-01
[NA] iter=00000 eval=00828 misfit=4.261610e+00 best=5.381509e-01
[NA] iter=00000 eval=00829 misfit=4.975955e-01 best=4.975955e-01
[NA] iter=00000 eval=00830 misfit=7.251821e-01 best=4.975955e-01
[NA] iter=00000 eval=00831 misfit=2.317209e+00 best=4.975955e-01
[NA] iter=00000 eval=00832 misfit=1.755306e+00 best=4.975955e-01
[NA] iter=00000 eval=00833 misfit=1.784383e+00 best=4.975955e-01
[NA] iter=00000 eval=00834 misfit=1.919554e+00 best=4.975955e-01
[NA] iter=00000 eval=00835 misfit=6.262795e-01 best=4.975955e-01
[NA] iter=00000 eval=00836 misfit=1.658883e+00 best=4.975955e-01
[NA] iter=00000 eval=00837 misfit=3.639502e+00 best=4.975955e-01
[NA] iter=00000 eval=00838 misfit=8.536677e-01 best=4.975955e-01
[NA] iter=00000 eval=00839 misfit=1.817101e+00 best=4.975955e-01
[NA] iter=00000 eval=00840 misfit=2.280885e+00 best=4.975955e-01
[NA] iter=00000 eval=00841 misfit=7.856702e-01 best=4.975955e-01
[NA] iter=00000 eval=00842 misfit=1.706942e+00 best=4.975955e-01
[NA] iter=00000 eval=00843 misfit=9.103261e-01 best=4.975955e-01
[NA] iter=00000 eval=00844 misfit=6.028866e-01 best=4.975955e-01
[NA] iter=00000 eval=00845 misfit=6.233896e-01 best=4.975955e-01
[NA] iter=00000 eval=00846 misfit=7.186182e-01 best=4.975955e-01
[NA] iter=00000 eval=00847 misfit=1.325251e+00 best=4.975955e-01
[NA] iter=00000 eval=00848 misfit=1.049329e+00 best=4.975955e-01
[NA] iter=00000 eval=00849 misfit=8.468224e-01 best=4.975955e-01
[NA] iter=00000 eval=00850 misfit=7.935279e-01 best=4.975955e-01
[NA] iter=00000 eval=00851 misfit=2.096537e+00 best=4.975955e-01
[NA] iter=00000 eval=00852 misfit=5.095495e-01 best=4.975955e-01
[NA] iter=00000 eval=00853 misfit=1.205426e+00 best=4.975955e-01
[NA] iter=00000 eval=00854 misfit=8.670922e+00 best=4.975955e-01
[NA] iter=00000 eval=00855 misfit=1.005440e+01 best=4.975955e-01
[NA] iter=00000 eval=00856 misfit=4.985359e+00 best=4.975955e-01
[NA] iter=00000 eval=00857 misfit=2.770429e+00 best=4.975955e-01
[NA] iter=00000 eval=00858 misfit=1.301839e+00 best=4.975955e-01
[NA] iter=00000 eval=00859 misfit=1.720629e+00 best=4.975955e-01
[NA] iter=00000 eval=00860 misfit=6.352193e-01 best=4.975955e-01
[NA] iter=00000 eval=00861 misfit=1.065954e+01 best=4.975955e-01
[NA] iter=00000 eval=00862 misfit=1.580653e+00 best=4.975955e-01
[NA] iter=00000 eval=00863 misfit=4.005848e+00 best=4.975955e-01
[NA] iter=00000 eval=00864 misfit=5.251181e+00 best=4.975955e-01
[NA] iter=00000 eval=00865 misfit=7.622549e-01 best=4.975955e-01
[NA] iter=00000 eval=00866 misfit=9.286887e+00 best=4.975955e-01
[NA] iter=00000 eval=00867 misfit=2.080495e+00 best=4.975955e-01
[NA] iter=00000 eval=00868 misfit=8.902807e+00 best=4.975955e-01
[NA] iter=00000 eval=00869 misfit=7.681734e-01 best=4.975955e-01
[NA] iter=00000 eval=00870 misfit=1.082060e+00 best=4.975955e-01
[NA] iter=00000 eval=00871 misfit=6.705208e-01 best=4.975955e-01
[NA] iter=00000 eval=00872 misfit=1.536475e+00 best=4.975955e-01
[NA] iter=00000 eval=00873 misfit=1.584713e+00 best=4.975955e-01
[NA] iter=00000 eval=00874 misfit=7.777897e-01 best=4.975955e-01
[NA] iter=00000 eval=00875 misfit=1.757018e+00 best=4.975955e-01
[NA] iter=00000 eval=00876 misfit=1.559330e+00 best=4.975955e-01
[NA] iter=00000 eval=00877 misfit=1.457770e+00 best=4.975955e-01
[NA] iter=00000 eval=00878 misfit=4.011410e+00 best=4.975955e-01
[NA] iter=00000 eval=00879 misfit=2.536354e+00 best=4.975955e-01
[NA] iter=00000 eval=00880 misfit=8.550937e-01 best=4.975955e-01
[NA] iter=00000 eval=00881 misfit=5.629621e-01 best=4.975955e-01
[NA] iter=00000 eval=00882 misfit=1.094663e+00 best=4.975955e-01
[NA] iter=00000 eval=00883 misfit=2.374149e+00 best=4.975955e-01
[NA] iter=00000 eval=00884 misfit=1.028598e+00 best=4.975955e-01
[NA] iter=00000 eval=00885 misfit=9.325708e-01 best=4.975955e-01
[NA] iter=00000 eval=00886 misfit=5.451115e-01 best=4.975955e-01
[NA] iter=00000 eval=00887 misfit=1.117014e+00 best=4.975955e-01
[NA] iter=00000 eval=00888 misfit=3.584173e+00 best=4.975955e-01
[NA] iter=00000 eval=00889 misfit=3.541809e+00 best=4.975955e-01
[NA] iter=00000 eval=00890 misfit=6.611498e-01 best=4.975955e-01
[NA] iter=00000 eval=00891 misfit=1.820207e+00 best=4.975955e-01
[NA] iter=00000 eval=00892 misfit=1.306079e+00 best=4.975955e-01
[NA] iter=00000 eval=00893 misfit=1.584804e+00 best=4.975955e-01
[NA] iter=00000 eval=00894 misfit=1.492260e+00 best=4.975955e-01
[NA] iter=00000 eval=00895 misfit=1.759569e+00 best=4.975955e-01
[NA] iter=00000 eval=00896 misfit=1.061973e+01 best=4.975955e-01
[NA] iter=00000 eval=00897 misfit=3.948642e+00 best=4.975955e-01
[NA] iter=00000 eval=00898 misfit=1.047413e+00 best=4.975955e-01
[NA] iter=00000 eval=00899 misfit=7.754652e-01 best=4.975955e-01
[NA] iter=00000 eval=00900 misfit=1.539354e+00 best=4.975955e-01
[NA] iter=00000 eval=00901 misfit=1.698690e+00 best=4.975955e-01
[NA] iter=00000 eval=00902 misfit=8.142390e+00 best=4.975955e-01
[NA] iter=00000 eval=00903 misfit=7.812074e+00 best=4.975955e-01
[NA] iter=00000 eval=00904 misfit=9.092815e-01 best=4.975955e-01
[NA] iter=00000 eval=00905 misfit=1.124809e+00 best=4.975955e-01
[NA] iter=00000 eval=00906 misfit=6.845615e-01 best=4.975955e-01
[NA] iter=00000 eval=00907 misfit=1.405433e+00 best=4.975955e-01
[NA] iter=00000 eval=00908 misfit=6.174523e+00 best=4.975955e-01
[NA] iter=00000 eval=00909 misfit=6.061786e-01 best=4.975955e-01
[NA] iter=00000 eval=00910 misfit=2.528819e+00 best=4.975955e-01
[NA] iter=00000 eval=00911 misfit=5.979379e-01 best=4.975955e-01
[NA] iter=00000 eval=00912 misfit=6.402369e-01 best=4.975955e-01
[NA] iter=00000 eval=00913 misfit=8.926744e-01 best=4.975955e-01
[NA] iter=00000 eval=00914 misfit=6.376499e-01 best=4.975955e-01
[NA] iter=00000 eval=00915 misfit=5.557472e-01 best=4.975955e-01
[NA] iter=00000 eval=00916 misfit=1.149631e+00 best=4.975955e-01
[NA] iter=00000 eval=00917 misfit=8.555735e-01 best=4.975955e-01
[NA] iter=00000 eval=00918 misfit=8.866019e-01 best=4.975955e-01
[NA] iter=00000 eval=00919 misfit=6.396339e-01 best=4.975955e-01
[NA] iter=00000 eval=00920 misfit=3.997261e+00 best=4.975955e-01
[NA] iter=00000 eval=00921 misfit=8.458910e-01 best=4.975955e-01
[NA] iter=00000 eval=00922 misfit=1.120730e+00 best=4.975955e-01
[NA] iter=00000 eval=00923 misfit=2.410247e+00 best=4.975955e-01
[NA] iter=00000 eval=00924 misfit=7.791568e-01 best=4.975955e-01
[NA] iter=00000 eval=00925 misfit=5.675818e+00 best=4.975955e-01
[NA] iter=00000 eval=00926 misfit=8.585568e-01 best=4.975955e-01
[NA] iter=00000 eval=00927 misfit=8.927447e-01 best=4.975955e-01
[NA] iter=00000 eval=00928 misfit=5.882521e-01 best=4.975955e-01
[NA] iter=00000 eval=00929 misfit=1.083936e+00 best=4.975955e-01
[NA] iter=00000 eval=00930 misfit=5.538825e+00 best=4.975955e-01
[NA] iter=00000 eval=00931 misfit=6.437861e-01 best=4.975955e-01
[NA] iter=00000 eval=00932 misfit=7.885132e-01 best=4.975955e-01
[NA] iter=00000 eval=00933 misfit=7.771698e-01 best=4.975955e-01
[NA] iter=00000 eval=00934 misfit=3.202652e+00 best=4.975955e-01
[NA] iter=00000 eval=00935 misfit=1.394017e+00 best=4.975955e-01
[NA] iter=00000 eval=00936 misfit=8.189943e-01 best=4.975955e-01
[NA] iter=00000 eval=00937 misfit=8.105602e-01 best=4.975955e-01
[NA] iter=00000 eval=00938 misfit=1.319314e+00 best=4.975955e-01
[NA] iter=00000 eval=00939 misfit=5.923115e+00 best=4.975955e-01
[NA] iter=00000 eval=00940 misfit=9.067700e-01 best=4.975955e-01
[NA] iter=00000 eval=00941 misfit=8.584709e-01 best=4.975955e-01
[NA] iter=00000 eval=00942 misfit=1.211511e+00 best=4.975955e-01
[NA] iter=00000 eval=00943 misfit=1.304102e+00 best=4.975955e-01
[NA] iter=00000 eval=00944 misfit=8.317205e-01 best=4.975955e-01
[NA] iter=00000 eval=00945 misfit=3.445159e+00 best=4.975955e-01
[NA] iter=00000 eval=00946 misfit=8.095166e-01 best=4.975955e-01
[NA] iter=00000 eval=00947 misfit=5.230530e+00 best=4.975955e-01
[NA] iter=00000 eval=00948 misfit=8.180595e-01 best=4.975955e-01
[NA] iter=00000 eval=00949 misfit=2.363201e+00 best=4.975955e-01
[NA] iter=00000 eval=00950 misfit=1.071110e+00 best=4.975955e-01
[NA] iter=00000 eval=00951 misfit=2.594319e+00 best=4.975955e-01
[NA] iter=00000 eval=00952 misfit=8.323627e-01 best=4.975955e-01
[NA] iter=00000 eval=00953 misfit=1.078718e+00 best=4.975955e-01
[NA] iter=00000 eval=00954 misfit=2.953807e+00 best=4.975955e-01
[NA] iter=00000 eval=00955 misfit=6.770681e-01 best=4.975955e-01
[NA] iter=00000 eval=00956 misfit=7.466326e-01 best=4.975955e-01
[NA] iter=00000 eval=00957 misfit=8.646171e-01 best=4.975955e-01
[NA] iter=00000 eval=00958 misfit=1.216325e+00 best=4.975955e-01
[NA] iter=00000 eval=00959 misfit=3.840127e+00 best=4.975955e-01
[NA] iter=00000 eval=00960 misfit=7.703912e-01 best=4.975955e-01
[NA] iter=00000 eval=00961 misfit=1.396787e+00 best=4.975955e-01
[NA] iter=00000 eval=00962 misfit=8.979561e-01 best=4.975955e-01
[NA] iter=00000 eval=00963 misfit=1.672817e+00 best=4.975955e-01
[NA] iter=00000 eval=00964 misfit=3.957576e+00 best=4.975955e-01
[NA] iter=00000 eval=00965 misfit=7.521963e-01 best=4.975955e-01
[NA] iter=00000 eval=00966 misfit=2.114969e+00 best=4.975955e-01
[NA] iter=00000 eval=00967 misfit=6.867412e-01 best=4.975955e-01
[NA] iter=00000 eval=00968 misfit=7.026351e-01 best=4.975955e-01
[NA] iter=00000 eval=00969 misfit=1.343636e+00 best=4.975955e-01
[NA] iter=00000 eval=00970 misfit=5.500717e-01 best=4.975955e-01
[NA] iter=00000 eval=00971 misfit=1.074910e+00 best=4.975955e-01
[NA] iter=00000 eval=00972 misfit=1.877078e+00 best=4.975955e-01
[NA] iter=00000 eval=00973 misfit=2.074311e+00 best=4.975955e-01
[NA] iter=00000 eval=00974 misfit=7.131760e-01 best=4.975955e-01
[NA] iter=00000 eval=00975 misfit=9.083110e-01 best=4.975955e-01
[NA] iter=00000 eval=00976 misfit=6.288051e-01 best=4.975955e-01
[NA] iter=00000 eval=00977 misfit=1.334111e+01 best=4.975955e-01
[NA] iter=00000 eval=00978 misfit=7.923470e-01 best=4.975955e-01
[NA] iter=00000 eval=00979 misfit=3.398068e+00 best=4.975955e-01
[NA] iter=00000 eval=00980 misfit=7.872246e-01 best=4.975955e-01
[NA] iter=00000 eval=00981 misfit=6.994241e-01 best=4.975955e-01
[NA] iter=00000 eval=00982 misfit=2.063769e+00 best=4.975955e-01
[NA] iter=00000 eval=00983 misfit=8.752071e-01 best=4.975955e-01
[NA] iter=00000 eval=00984 misfit=7.774686e-01 best=4.975955e-01
[NA] iter=00000 eval=00985 misfit=1.390781e+00 best=4.975955e-01
[NA] iter=00000 eval=00986 misfit=5.263154e-01 best=4.975955e-01
[NA] iter=00000 eval=00987 misfit=1.094203e+01 best=4.975955e-01
[NA] iter=00000 eval=00988 misfit=7.558569e-01 best=4.975955e-01
[NA] iter=00000 eval=00989 misfit=9.446341e-01 best=4.975955e-01
[NA] iter=00000 eval=00990 misfit=1.084409e+00 best=4.975955e-01
[NA] iter=00000 eval=00991 misfit=5.754586e-01 best=4.975955e-01
[NA] iter=00000 eval=00992 misfit=1.231942e+00 best=4.975955e-01
[NA] iter=00000 eval=00993 misfit=2.574709e+00 best=4.975955e-01
[NA] iter=00000 eval=00994 misfit=4.102144e+00 best=4.975955e-01
[NA] iter=00000 eval=00995 misfit=4.655776e+00 best=4.975955e-01
[NA] iter=00000 eval=00996 misfit=3.637272e+00 best=4.975955e-01
[NA] iter=00000 eval=00997 misfit=7.618524e-01 best=4.975955e-01
[NA] iter=00000 eval=00998 misfit=8.272085e+00 best=4.975955e-01
[NA] iter=00000 eval=00999 misfit=5.584975e-01 best=4.975955e-01
[NA] iter=00000 eval=01000 misfit=8.460496e-01 best=4.975955e-01
NAI - Optimisation Loop:   0%|          | 0/30 [00:00<?, ?it/s][NA] iter=00001 eval=01001 misfit=6.298615e-01 best=4.975955e-01
[NA] iter=00001 eval=01002 misfit=8.114729e-01 best=4.975955e-01
[NA] iter=00001 eval=01003 misfit=6.379191e-01 best=4.975955e-01
[NA] iter=00001 eval=01004 misfit=7.763482e-01 best=4.975955e-01
[NA] iter=00001 eval=01005 misfit=6.020734e-01 best=4.975955e-01
[NA] iter=00001 eval=01006 misfit=8.234173e-01 best=4.975955e-01
[NA] iter=00001 eval=01007 misfit=5.577424e-01 best=4.975955e-01
[NA] iter=00001 eval=01008 misfit=9.713519e-01 best=4.975955e-01
[NA] iter=00001 eval=01009 misfit=1.075728e+00 best=4.975955e-01
[NA] iter=00001 eval=01010 misfit=7.313069e-01 best=4.975955e-01
[NA] iter=00001 eval=01011 misfit=7.513281e-01 best=4.975955e-01
[NA] iter=00001 eval=01012 misfit=7.741147e-01 best=4.975955e-01
[NA] iter=00001 eval=01013 misfit=5.102533e-01 best=4.975955e-01
[NA] iter=00001 eval=01014 misfit=5.304627e-01 best=4.975955e-01
[NA] iter=00001 eval=01015 misfit=5.675299e-01 best=4.975955e-01
[NA] iter=00001 eval=01016 misfit=6.244621e-01 best=4.975955e-01
[NA] iter=00001 eval=01017 misfit=5.208341e-01 best=4.975955e-01
[NA] iter=00001 eval=01018 misfit=5.396920e-01 best=4.975955e-01
[NA] iter=00001 eval=01019 misfit=5.422482e-01 best=4.975955e-01
[NA] iter=00001 eval=01020 misfit=6.648423e-01 best=4.975955e-01
[NA] iter=00001 eval=01021 misfit=6.737415e-01 best=4.975955e-01
[NA] iter=00001 eval=01022 misfit=6.308089e-01 best=4.975955e-01
[NA] iter=00001 eval=01023 misfit=5.267387e-01 best=4.975955e-01
[NA] iter=00001 eval=01024 misfit=5.877242e-01 best=4.975955e-01
[NA] iter=00001 eval=01025 misfit=5.867440e-01 best=4.975955e-01
[NA] iter=00001 eval=01026 misfit=5.587621e-01 best=4.975955e-01
[NA] iter=00001 eval=01027 misfit=6.054380e-01 best=4.975955e-01
[NA] iter=00001 eval=01028 misfit=6.212261e-01 best=4.975955e-01
[NA] iter=00001 eval=01029 misfit=7.218807e-01 best=4.975955e-01
[NA] iter=00001 eval=01030 misfit=6.007908e-01 best=4.975955e-01
[NA] iter=00001 eval=01031 misfit=6.407939e-01 best=4.975955e-01
[NA] iter=00001 eval=01032 misfit=6.869941e-01 best=4.975955e-01
[NA] iter=00001 eval=01033 misfit=7.419054e-01 best=4.975955e-01
[NA] iter=00001 eval=01034 misfit=6.644897e-01 best=4.975955e-01
[NA] iter=00001 eval=01035 misfit=6.558294e-01 best=4.975955e-01
[NA] iter=00001 eval=01036 misfit=8.324238e-01 best=4.975955e-01
[NA] iter=00001 eval=01037 misfit=8.539501e-01 best=4.975955e-01
[NA] iter=00001 eval=01038 misfit=5.592679e-01 best=4.975955e-01
[NA] iter=00001 eval=01039 misfit=6.545290e-01 best=4.975955e-01
[NA] iter=00001 eval=01040 misfit=6.787588e-01 best=4.975955e-01
[NA] iter=00001 eval=01041 misfit=6.734531e-01 best=4.975955e-01
[NA] iter=00001 eval=01042 misfit=5.616656e-01 best=4.975955e-01
[NA] iter=00001 eval=01043 misfit=8.013617e-01 best=4.975955e-01
[NA] iter=00001 eval=01044 misfit=6.264657e-01 best=4.975955e-01
[NA] iter=00001 eval=01045 misfit=5.632213e-01 best=4.975955e-01
[NA] iter=00001 eval=01046 misfit=5.924761e-01 best=4.975955e-01
[NA] iter=00001 eval=01047 misfit=6.598613e-01 best=4.975955e-01
[NA] iter=00001 eval=01048 misfit=5.194935e-01 best=4.975955e-01
[NA] iter=00001 eval=01049 misfit=6.666315e-01 best=4.975955e-01
[NA] iter=00001 eval=01050 misfit=5.935983e-01 best=4.975955e-01
[NA] iter=00001 eval=01051 misfit=6.310053e-01 best=4.975955e-01
[NA] iter=00001 eval=01052 misfit=5.783882e-01 best=4.975955e-01
[NA] iter=00001 eval=01053 misfit=6.091096e-01 best=4.975955e-01
[NA] iter=00001 eval=01054 misfit=6.347503e-01 best=4.975955e-01
[NA] iter=00001 eval=01055 misfit=6.769198e-01 best=4.975955e-01
[NA] iter=00001 eval=01056 misfit=5.868024e-01 best=4.975955e-01
[NA] iter=00001 eval=01057 misfit=6.407827e-01 best=4.975955e-01
[NA] iter=00001 eval=01058 misfit=5.592857e-01 best=4.975955e-01
[NA] iter=00001 eval=01059 misfit=5.978254e-01 best=4.975955e-01
[NA] iter=00001 eval=01060 misfit=6.082170e-01 best=4.975955e-01
[NA] iter=00001 eval=01061 misfit=6.734914e-01 best=4.975955e-01
[NA] iter=00001 eval=01062 misfit=6.335447e-01 best=4.975955e-01
[NA] iter=00001 eval=01063 misfit=5.796240e-01 best=4.975955e-01
[NA] iter=00001 eval=01064 misfit=5.509203e-01 best=4.975955e-01
[NA] iter=00001 eval=01065 misfit=5.180802e-01 best=4.975955e-01
[NA] iter=00001 eval=01066 misfit=5.881308e-01 best=4.975955e-01
[NA] iter=00001 eval=01067 misfit=6.158270e-01 best=4.975955e-01
[NA] iter=00001 eval=01068 misfit=6.017416e-01 best=4.975955e-01
[NA] iter=00001 eval=01069 misfit=5.101833e-01 best=4.975955e-01
[NA] iter=00001 eval=01070 misfit=6.318574e-01 best=4.975955e-01
[NA] iter=00001 eval=01071 misfit=5.914744e-01 best=4.975955e-01
[NA] iter=00001 eval=01072 misfit=5.694019e-01 best=4.975955e-01
[NA] iter=00001 eval=01073 misfit=5.687386e-01 best=4.975955e-01
[NA] iter=00001 eval=01074 misfit=5.697616e-01 best=4.975955e-01
[NA] iter=00001 eval=01075 misfit=5.490219e-01 best=4.975955e-01
[NA] iter=00001 eval=01076 misfit=6.708928e-01 best=4.975955e-01
[NA] iter=00001 eval=01077 misfit=6.269380e-01 best=4.975955e-01
[NA] iter=00001 eval=01078 misfit=5.592769e-01 best=4.975955e-01
[NA] iter=00001 eval=01079 misfit=6.637458e-01 best=4.975955e-01
[NA] iter=00001 eval=01080 misfit=6.216355e-01 best=4.975955e-01
[NA] iter=00001 eval=01081 misfit=5.816926e-01 best=4.975955e-01
[NA] iter=00001 eval=01082 misfit=5.818785e-01 best=4.975955e-01
[NA] iter=00001 eval=01083 misfit=6.942782e-01 best=4.975955e-01
[NA] iter=00001 eval=01084 misfit=6.542085e-01 best=4.975955e-01
[NA] iter=00001 eval=01085 misfit=6.101221e-01 best=4.975955e-01
[NA] iter=00001 eval=01086 misfit=6.516300e-01 best=4.975955e-01
[NA] iter=00001 eval=01087 misfit=6.870361e-01 best=4.975955e-01
[NA] iter=00001 eval=01088 misfit=7.570810e-01 best=4.975955e-01
[NA] iter=00001 eval=01089 misfit=5.601324e-01 best=4.975955e-01
[NA] iter=00001 eval=01090 misfit=5.510296e-01 best=4.975955e-01
[NA] iter=00001 eval=01091 misfit=5.765464e-01 best=4.975955e-01
[NA] iter=00001 eval=01092 misfit=5.819768e-01 best=4.975955e-01
[NA] iter=00001 eval=01093 misfit=5.785241e-01 best=4.975955e-01
[NA] iter=00001 eval=01094 misfit=5.753046e-01 best=4.975955e-01
[NA] iter=00001 eval=01095 misfit=6.143981e-01 best=4.975955e-01
[NA] iter=00001 eval=01096 misfit=5.479471e-01 best=4.975955e-01
[NA] iter=00001 eval=01097 misfit=5.613971e-01 best=4.975955e-01
[NA] iter=00001 eval=01098 misfit=5.390131e-01 best=4.975955e-01
[NA] iter=00001 eval=01099 misfit=5.637881e-01 best=4.975955e-01
[NA] iter=00001 eval=01100 misfit=6.060536e-01 best=4.975955e-01
[NA] iter=00001 eval=01101 misfit=5.350675e-01 best=4.975955e-01
[NA] iter=00001 eval=01102 misfit=5.441894e-01 best=4.975955e-01
[NA] iter=00001 eval=01103 misfit=8.433456e-01 best=4.975955e-01
[NA] iter=00001 eval=01104 misfit=5.447325e-01 best=4.975955e-01
[NA] iter=00001 eval=01105 misfit=5.580697e-01 best=4.975955e-01
[NA] iter=00001 eval=01106 misfit=5.525495e-01 best=4.975955e-01
[NA] iter=00001 eval=01107 misfit=5.914539e-01 best=4.975955e-01
[NA] iter=00001 eval=01108 misfit=6.877120e-01 best=4.975955e-01
[NA] iter=00001 eval=01109 misfit=6.239263e-01 best=4.975955e-01
[NA] iter=00001 eval=01110 misfit=5.422379e-01 best=4.975955e-01
[NA] iter=00001 eval=01111 misfit=5.637987e-01 best=4.975955e-01
[NA] iter=00001 eval=01112 misfit=5.487272e-01 best=4.975955e-01
[NA] iter=00001 eval=01113 misfit=6.231666e-01 best=4.975955e-01
[NA] iter=00001 eval=01114 misfit=5.393562e-01 best=4.975955e-01
[NA] iter=00001 eval=01115 misfit=5.547864e-01 best=4.975955e-01
[NA] iter=00001 eval=01116 misfit=8.139704e-01 best=4.975955e-01
[NA] iter=00001 eval=01117 misfit=5.633778e-01 best=4.975955e-01
[NA] iter=00001 eval=01118 misfit=5.707954e-01 best=4.975955e-01
[NA] iter=00001 eval=01119 misfit=5.514993e-01 best=4.975955e-01
[NA] iter=00001 eval=01120 misfit=5.489966e-01 best=4.975955e-01
[NA] iter=00001 eval=01121 misfit=6.386377e-01 best=4.975955e-01
[NA] iter=00001 eval=01122 misfit=5.446432e-01 best=4.975955e-01
[NA] iter=00001 eval=01123 misfit=5.976126e-01 best=4.975955e-01
[NA] iter=00001 eval=01124 misfit=5.457679e-01 best=4.975955e-01
[NA] iter=00001 eval=01125 misfit=5.472217e-01 best=4.975955e-01
[NA] iter=00001 eval=01126 misfit=5.486808e-01 best=4.975955e-01
[NA] iter=00001 eval=01127 misfit=5.784273e-01 best=4.975955e-01
[NA] iter=00001 eval=01128 misfit=5.601418e-01 best=4.975955e-01
[NA] iter=00001 eval=01129 misfit=5.496585e-01 best=4.975955e-01
[NA] iter=00001 eval=01130 misfit=6.022484e-01 best=4.975955e-01
[NA] iter=00001 eval=01131 misfit=5.996332e-01 best=4.975955e-01
[NA] iter=00001 eval=01132 misfit=7.722949e-01 best=4.975955e-01
[NA] iter=00001 eval=01133 misfit=6.335039e-01 best=4.975955e-01
[NA] iter=00001 eval=01134 misfit=6.044128e-01 best=4.975955e-01
[NA] iter=00001 eval=01135 misfit=5.376222e-01 best=4.975955e-01
[NA] iter=00001 eval=01136 misfit=6.919230e-01 best=4.975955e-01
[NA] iter=00001 eval=01137 misfit=6.287700e-01 best=4.975955e-01
[NA] iter=00001 eval=01138 misfit=7.692178e-01 best=4.975955e-01
[NA] iter=00001 eval=01139 misfit=7.478456e-01 best=4.975955e-01
[NA] iter=00001 eval=01140 misfit=6.673570e-01 best=4.975955e-01
[NA] iter=00001 eval=01141 misfit=5.704767e-01 best=4.975955e-01
[NA] iter=00001 eval=01142 misfit=5.584823e-01 best=4.975955e-01
[NA] iter=00001 eval=01143 misfit=5.820693e-01 best=4.975955e-01
[NA] iter=00001 eval=01144 misfit=5.410533e-01 best=4.975955e-01
[NA] iter=00001 eval=01145 misfit=5.636850e-01 best=4.975955e-01
[NA] iter=00001 eval=01146 misfit=6.083439e-01 best=4.975955e-01
[NA] iter=00001 eval=01147 misfit=5.802015e-01 best=4.975955e-01
[NA] iter=00001 eval=01148 misfit=6.215805e-01 best=4.975955e-01
[NA] iter=00001 eval=01149 misfit=5.661652e-01 best=4.975955e-01
[NA] iter=00001 eval=01150 misfit=6.280664e-01 best=4.975955e-01
[NA] iter=00001 eval=01151 misfit=6.211880e-01 best=4.975955e-01
[NA] iter=00001 eval=01152 misfit=6.407163e-01 best=4.975955e-01
[NA] iter=00001 eval=01153 misfit=6.376408e-01 best=4.975955e-01
[NA] iter=00001 eval=01154 misfit=5.284258e-01 best=4.975955e-01
[NA] iter=00001 eval=01155 misfit=6.156075e-01 best=4.975955e-01
[NA] iter=00001 eval=01156 misfit=7.579816e-01 best=4.975955e-01
[NA] iter=00001 eval=01157 misfit=7.808431e-01 best=4.975955e-01
[NA] iter=00001 eval=01158 misfit=6.600471e-01 best=4.975955e-01
[NA] iter=00001 eval=01159 misfit=5.997737e-01 best=4.975955e-01
[NA] iter=00001 eval=01160 misfit=5.975350e-01 best=4.975955e-01
[NA] iter=00001 eval=01161 misfit=6.754751e-01 best=4.975955e-01
[NA] iter=00001 eval=01162 misfit=6.130578e-01 best=4.975955e-01
[NA] iter=00001 eval=01163 misfit=7.560307e-01 best=4.975955e-01
[NA] iter=00001 eval=01164 misfit=5.587036e-01 best=4.975955e-01
[NA] iter=00001 eval=01165 misfit=5.173031e-01 best=4.975955e-01
[NA] iter=00001 eval=01166 misfit=5.791377e-01 best=4.975955e-01
[NA] iter=00001 eval=01167 misfit=9.136750e-01 best=4.975955e-01
[NA] iter=00001 eval=01168 misfit=7.579848e-01 best=4.975955e-01
[NA] iter=00001 eval=01169 misfit=6.802180e-01 best=4.975955e-01
[NA] iter=00001 eval=01170 misfit=6.216297e-01 best=4.975955e-01
[NA] iter=00001 eval=01171 misfit=7.100506e-01 best=4.975955e-01
[NA] iter=00001 eval=01172 misfit=7.361635e-01 best=4.975955e-01
[NA] iter=00001 eval=01173 misfit=5.970652e-01 best=4.975955e-01
[NA] iter=00001 eval=01174 misfit=8.750830e-01 best=4.975955e-01
[NA] iter=00001 eval=01175 misfit=7.381234e-01 best=4.975955e-01
[NA] iter=00001 eval=01176 misfit=8.482176e-01 best=4.975955e-01
[NA] iter=00001 eval=01177 misfit=5.966315e-01 best=4.975955e-01
[NA] iter=00001 eval=01178 misfit=8.705233e-01 best=4.975955e-01
[NA] iter=00001 eval=01179 misfit=5.741166e-01 best=4.975955e-01
[NA] iter=00001 eval=01180 misfit=8.176978e-01 best=4.975955e-01
[NA] iter=00001 eval=01181 misfit=5.894135e-01 best=4.975955e-01
[NA] iter=00001 eval=01182 misfit=5.654706e-01 best=4.975955e-01
[NA] iter=00001 eval=01183 misfit=5.930899e-01 best=4.975955e-01
[NA] iter=00001 eval=01184 misfit=6.017530e-01 best=4.975955e-01
[NA] iter=00001 eval=01185 misfit=5.495875e-01 best=4.975955e-01
[NA] iter=00001 eval=01186 misfit=5.885829e-01 best=4.975955e-01
[NA] iter=00001 eval=01187 misfit=5.843970e-01 best=4.975955e-01
[NA] iter=00001 eval=01188 misfit=5.519132e-01 best=4.975955e-01
[NA] iter=00001 eval=01189 misfit=6.301734e-01 best=4.975955e-01
[NA] iter=00001 eval=01190 misfit=5.605915e-01 best=4.975955e-01
[NA] iter=00001 eval=01191 misfit=6.482961e-01 best=4.975955e-01
[NA] iter=00001 eval=01192 misfit=6.305261e-01 best=4.975955e-01
[NA] iter=00001 eval=01193 misfit=6.395833e-01 best=4.975955e-01
[NA] iter=00001 eval=01194 misfit=5.491717e-01 best=4.975955e-01
[NA] iter=00001 eval=01195 misfit=6.008482e-01 best=4.975955e-01
[NA] iter=00001 eval=01196 misfit=6.562690e-01 best=4.975955e-01
[NA] iter=00001 eval=01197 misfit=5.981340e-01 best=4.975955e-01
[NA] iter=00001 eval=01198 misfit=5.809818e-01 best=4.975955e-01
[NA] iter=00001 eval=01199 misfit=6.035678e-01 best=4.975955e-01
[NA] iter=00001 eval=01200 misfit=6.375892e-01 best=4.975955e-01
NAI - Optimisation Loop:   3%|▎         | 1/30 [02:20<1:08:08, 141.00s/it][NA] iter=00002 eval=01201 misfit=5.573118e-01 best=4.975955e-01
[NA] iter=00002 eval=01202 misfit=5.376324e-01 best=4.975955e-01
[NA] iter=00002 eval=01203 misfit=5.543262e-01 best=4.975955e-01
[NA] iter=00002 eval=01204 misfit=5.222802e-01 best=4.975955e-01
[NA] iter=00002 eval=01205 misfit=6.128410e-01 best=4.975955e-01
[NA] iter=00002 eval=01206 misfit=5.680567e-01 best=4.975955e-01
[NA] iter=00002 eval=01207 misfit=4.901325e-01 best=4.901325e-01
[NA] iter=00002 eval=01208 misfit=6.430863e-01 best=4.901325e-01
[NA] iter=00002 eval=01209 misfit=4.914277e-01 best=4.901325e-01
[NA] iter=00002 eval=01210 misfit=5.432837e-01 best=4.901325e-01
[NA] iter=00002 eval=01211 misfit=6.841450e-01 best=4.901325e-01
[NA] iter=00002 eval=01212 misfit=5.339233e-01 best=4.901325e-01
[NA] iter=00002 eval=01213 misfit=5.259723e-01 best=4.901325e-01
[NA] iter=00002 eval=01214 misfit=5.328478e-01 best=4.901325e-01
[NA] iter=00002 eval=01215 misfit=6.476680e-01 best=4.901325e-01
[NA] iter=00002 eval=01216 misfit=5.258687e-01 best=4.901325e-01
[NA] iter=00002 eval=01217 misfit=4.965868e-01 best=4.901325e-01
[NA] iter=00002 eval=01218 misfit=5.823002e-01 best=4.901325e-01
[NA] iter=00002 eval=01219 misfit=5.458753e-01 best=4.901325e-01
[NA] iter=00002 eval=01220 misfit=5.383912e-01 best=4.901325e-01
[NA] iter=00002 eval=01221 misfit=5.154463e-01 best=4.901325e-01
[NA] iter=00002 eval=01222 misfit=6.230193e-01 best=4.901325e-01
[NA] iter=00002 eval=01223 misfit=5.102535e-01 best=4.901325e-01
[NA] iter=00002 eval=01224 misfit=7.747144e-01 best=4.901325e-01
[NA] iter=00002 eval=01225 misfit=5.530079e-01 best=4.901325e-01
[NA] iter=00002 eval=01226 misfit=6.727740e-01 best=4.901325e-01
[NA] iter=00002 eval=01227 misfit=4.988980e-01 best=4.901325e-01
[NA] iter=00002 eval=01228 misfit=6.916734e-01 best=4.901325e-01
[NA] iter=00002 eval=01229 misfit=5.469941e-01 best=4.901325e-01
[NA] iter=00002 eval=01230 misfit=6.791797e-01 best=4.901325e-01
[NA] iter=00002 eval=01231 misfit=5.287825e-01 best=4.901325e-01
[NA] iter=00002 eval=01232 misfit=6.848039e-01 best=4.901325e-01
[NA] iter=00002 eval=01233 misfit=6.113522e-01 best=4.901325e-01
[NA] iter=00002 eval=01234 misfit=6.463910e-01 best=4.901325e-01
[NA] iter=00002 eval=01235 misfit=5.165390e-01 best=4.901325e-01
[NA] iter=00002 eval=01236 misfit=6.286321e-01 best=4.901325e-01
[NA] iter=00002 eval=01237 misfit=6.592561e-01 best=4.901325e-01
[NA] iter=00002 eval=01238 misfit=6.034708e-01 best=4.901325e-01
[NA] iter=00002 eval=01239 misfit=5.504256e-01 best=4.901325e-01
[NA] iter=00002 eval=01240 misfit=5.984301e-01 best=4.901325e-01
[NA] iter=00002 eval=01241 misfit=8.016246e-01 best=4.901325e-01
[NA] iter=00002 eval=01242 misfit=5.664064e-01 best=4.901325e-01
[NA] iter=00002 eval=01243 misfit=6.420920e-01 best=4.901325e-01
[NA] iter=00002 eval=01244 misfit=5.392597e-01 best=4.901325e-01
[NA] iter=00002 eval=01245 misfit=5.052475e-01 best=4.901325e-01
[NA] iter=00002 eval=01246 misfit=6.094499e-01 best=4.901325e-01
[NA] iter=00002 eval=01247 misfit=6.580622e-01 best=4.901325e-01
[NA] iter=00002 eval=01248 misfit=5.148100e-01 best=4.901325e-01
[NA] iter=00002 eval=01249 misfit=5.407057e-01 best=4.901325e-01
[NA] iter=00002 eval=01250 misfit=6.024224e-01 best=4.901325e-01
[NA] iter=00002 eval=01251 misfit=5.630450e-01 best=4.901325e-01
[NA] iter=00002 eval=01252 misfit=5.352587e-01 best=4.901325e-01
[NA] iter=00002 eval=01253 misfit=5.769412e-01 best=4.901325e-01
[NA] iter=00002 eval=01254 misfit=5.381910e-01 best=4.901325e-01
[NA] iter=00002 eval=01255 misfit=5.371765e-01 best=4.901325e-01
[NA] iter=00002 eval=01256 misfit=5.364104e-01 best=4.901325e-01
[NA] iter=00002 eval=01257 misfit=5.457927e-01 best=4.901325e-01
[NA] iter=00002 eval=01258 misfit=5.523400e-01 best=4.901325e-01
[NA] iter=00002 eval=01259 misfit=5.089079e-01 best=4.901325e-01
[NA] iter=00002 eval=01260 misfit=6.047652e-01 best=4.901325e-01
[NA] iter=00002 eval=01261 misfit=5.282662e-01 best=4.901325e-01
[NA] iter=00002 eval=01262 misfit=6.158669e-01 best=4.901325e-01
[NA] iter=00002 eval=01263 misfit=5.860421e-01 best=4.901325e-01
[NA] iter=00002 eval=01264 misfit=5.870782e-01 best=4.901325e-01
[NA] iter=00002 eval=01265 misfit=7.211842e-01 best=4.901325e-01
[NA] iter=00002 eval=01266 misfit=5.829199e-01 best=4.901325e-01
[NA] iter=00002 eval=01267 misfit=5.381162e-01 best=4.901325e-01
[NA] iter=00002 eval=01268 misfit=6.003819e-01 best=4.901325e-01
[NA] iter=00002 eval=01269 misfit=5.673572e-01 best=4.901325e-01
[NA] iter=00002 eval=01270 misfit=5.883511e-01 best=4.901325e-01
[NA] iter=00002 eval=01271 misfit=4.970311e-01 best=4.901325e-01
[NA] iter=00002 eval=01272 misfit=5.143150e-01 best=4.901325e-01
[NA] iter=00002 eval=01273 misfit=6.291343e-01 best=4.901325e-01
[NA] iter=00002 eval=01274 misfit=6.137852e-01 best=4.901325e-01
[NA] iter=00002 eval=01275 misfit=5.179458e-01 best=4.901325e-01
[NA] iter=00002 eval=01276 misfit=6.440112e-01 best=4.901325e-01
[NA] iter=00002 eval=01277 misfit=5.482731e-01 best=4.901325e-01
[NA] iter=00002 eval=01278 misfit=5.442097e-01 best=4.901325e-01
[NA] iter=00002 eval=01279 misfit=6.352107e-01 best=4.901325e-01
[NA] iter=00002 eval=01280 misfit=6.340780e-01 best=4.901325e-01
[NA] iter=00002 eval=01281 misfit=5.859554e-01 best=4.901325e-01
[NA] iter=00002 eval=01282 misfit=5.162341e-01 best=4.901325e-01
[NA] iter=00002 eval=01283 misfit=5.111782e-01 best=4.901325e-01
[NA] iter=00002 eval=01284 misfit=5.408166e-01 best=4.901325e-01
[NA] iter=00002 eval=01285 misfit=6.085783e-01 best=4.901325e-01
[NA] iter=00002 eval=01286 misfit=5.275675e-01 best=4.901325e-01
[NA] iter=00002 eval=01287 misfit=5.214955e-01 best=4.901325e-01
[NA] iter=00002 eval=01288 misfit=5.376389e-01 best=4.901325e-01
[NA] iter=00002 eval=01289 misfit=5.289801e-01 best=4.901325e-01
[NA] iter=00002 eval=01290 misfit=5.288257e-01 best=4.901325e-01
[NA] iter=00002 eval=01291 misfit=5.274495e-01 best=4.901325e-01
[NA] iter=00002 eval=01292 misfit=5.196837e-01 best=4.901325e-01
[NA] iter=00002 eval=01293 misfit=5.052343e-01 best=4.901325e-01
[NA] iter=00002 eval=01294 misfit=5.447159e-01 best=4.901325e-01
[NA] iter=00002 eval=01295 misfit=5.745708e-01 best=4.901325e-01
[NA] iter=00002 eval=01296 misfit=5.091815e-01 best=4.901325e-01
[NA] iter=00002 eval=01297 misfit=6.034510e-01 best=4.901325e-01
[NA] iter=00002 eval=01298 misfit=5.485677e-01 best=4.901325e-01
[NA] iter=00002 eval=01299 misfit=5.591939e-01 best=4.901325e-01
[NA] iter=00002 eval=01300 misfit=5.530710e-01 best=4.901325e-01
[NA] iter=00002 eval=01301 misfit=6.330066e-01 best=4.901325e-01
[NA] iter=00002 eval=01302 misfit=6.139802e-01 best=4.901325e-01
[NA] iter=00002 eval=01303 misfit=6.316161e-01 best=4.901325e-01
[NA] iter=00002 eval=01304 misfit=5.383352e-01 best=4.901325e-01
[NA] iter=00002 eval=01305 misfit=6.385442e-01 best=4.901325e-01
[NA] iter=00002 eval=01306 misfit=5.544286e-01 best=4.901325e-01
[NA] iter=00002 eval=01307 misfit=7.159066e-01 best=4.901325e-01
[NA] iter=00002 eval=01308 misfit=6.322281e-01 best=4.901325e-01
[NA] iter=00002 eval=01309 misfit=5.328208e-01 best=4.901325e-01
[NA] iter=00002 eval=01310 misfit=5.879371e-01 best=4.901325e-01
[NA] iter=00002 eval=01311 misfit=5.137593e-01 best=4.901325e-01
[NA] iter=00002 eval=01312 misfit=5.458089e-01 best=4.901325e-01
[NA] iter=00002 eval=01313 misfit=5.166268e-01 best=4.901325e-01
[NA] iter=00002 eval=01314 misfit=5.162594e-01 best=4.901325e-01
[NA] iter=00002 eval=01315 misfit=5.255254e-01 best=4.901325e-01
[NA] iter=00002 eval=01316 misfit=5.140272e-01 best=4.901325e-01
[NA] iter=00002 eval=01317 misfit=5.047139e-01 best=4.901325e-01
[NA] iter=00002 eval=01318 misfit=5.256549e-01 best=4.901325e-01
[NA] iter=00002 eval=01319 misfit=5.389741e-01 best=4.901325e-01
[NA] iter=00002 eval=01320 misfit=6.240055e-01 best=4.901325e-01
[NA] iter=00002 eval=01321 misfit=5.437102e-01 best=4.901325e-01
[NA] iter=00002 eval=01322 misfit=5.617573e-01 best=4.901325e-01
[NA] iter=00002 eval=01323 misfit=6.411954e-01 best=4.901325e-01
[NA] iter=00002 eval=01324 misfit=6.070090e-01 best=4.901325e-01
[NA] iter=00002 eval=01325 misfit=5.798422e-01 best=4.901325e-01
[NA] iter=00002 eval=01326 misfit=5.820387e-01 best=4.901325e-01
[NA] iter=00002 eval=01327 misfit=5.477016e-01 best=4.901325e-01
[NA] iter=00002 eval=01328 misfit=5.920665e-01 best=4.901325e-01
[NA] iter=00002 eval=01329 misfit=5.200341e-01 best=4.901325e-01
[NA] iter=00002 eval=01330 misfit=5.995266e-01 best=4.901325e-01
[NA] iter=00002 eval=01331 misfit=6.264049e-01 best=4.901325e-01
[NA] iter=00002 eval=01332 misfit=5.416878e-01 best=4.901325e-01
[NA] iter=00002 eval=01333 misfit=5.577895e-01 best=4.901325e-01
[NA] iter=00002 eval=01334 misfit=6.313243e-01 best=4.901325e-01
[NA] iter=00002 eval=01335 misfit=5.151486e-01 best=4.901325e-01
[NA] iter=00002 eval=01336 misfit=5.424388e-01 best=4.901325e-01
[NA] iter=00002 eval=01337 misfit=6.160029e-01 best=4.901325e-01
[NA] iter=00002 eval=01338 misfit=6.188919e-01 best=4.901325e-01
[NA] iter=00002 eval=01339 misfit=5.283378e-01 best=4.901325e-01
[NA] iter=00002 eval=01340 misfit=5.444513e-01 best=4.901325e-01
[NA] iter=00002 eval=01341 misfit=5.849302e-01 best=4.901325e-01
[NA] iter=00002 eval=01342 misfit=5.747485e-01 best=4.901325e-01
[NA] iter=00002 eval=01343 misfit=5.990488e-01 best=4.901325e-01
[NA] iter=00002 eval=01344 misfit=6.320486e-01 best=4.901325e-01
[NA] iter=00002 eval=01345 misfit=6.109634e-01 best=4.901325e-01
[NA] iter=00002 eval=01346 misfit=5.555358e-01 best=4.901325e-01
[NA] iter=00002 eval=01347 misfit=5.114758e-01 best=4.901325e-01
[NA] iter=00002 eval=01348 misfit=5.345720e-01 best=4.901325e-01
[NA] iter=00002 eval=01349 misfit=5.177093e-01 best=4.901325e-01
[NA] iter=00002 eval=01350 misfit=5.847192e-01 best=4.901325e-01
[NA] iter=00002 eval=01351 misfit=5.624436e-01 best=4.901325e-01
[NA] iter=00002 eval=01352 misfit=5.634457e-01 best=4.901325e-01
[NA] iter=00002 eval=01353 misfit=5.421093e-01 best=4.901325e-01
[NA] iter=00002 eval=01354 misfit=5.444295e-01 best=4.901325e-01
[NA] iter=00002 eval=01355 misfit=5.444532e-01 best=4.901325e-01
[NA] iter=00002 eval=01356 misfit=5.825647e-01 best=4.901325e-01
[NA] iter=00002 eval=01357 misfit=5.482253e-01 best=4.901325e-01
[NA] iter=00002 eval=01358 misfit=6.088846e-01 best=4.901325e-01
[NA] iter=00002 eval=01359 misfit=5.665708e-01 best=4.901325e-01
[NA] iter=00002 eval=01360 misfit=5.622827e-01 best=4.901325e-01
[NA] iter=00002 eval=01361 misfit=5.121105e-01 best=4.901325e-01
[NA] iter=00002 eval=01362 misfit=5.431230e-01 best=4.901325e-01
[NA] iter=00002 eval=01363 misfit=5.262493e-01 best=4.901325e-01
[NA] iter=00002 eval=01364 misfit=5.302685e-01 best=4.901325e-01
[NA] iter=00002 eval=01365 misfit=5.377557e-01 best=4.901325e-01
[NA] iter=00002 eval=01366 misfit=5.485800e-01 best=4.901325e-01
[NA] iter=00002 eval=01367 misfit=5.447535e-01 best=4.901325e-01
[NA] iter=00002 eval=01368 misfit=5.326781e-01 best=4.901325e-01
[NA] iter=00002 eval=01369 misfit=5.318321e-01 best=4.901325e-01
[NA] iter=00002 eval=01370 misfit=5.196143e-01 best=4.901325e-01
[NA] iter=00002 eval=01371 misfit=6.379956e-01 best=4.901325e-01
[NA] iter=00002 eval=01372 misfit=5.827562e-01 best=4.901325e-01
[NA] iter=00002 eval=01373 misfit=5.506371e-01 best=4.901325e-01
[NA] iter=00002 eval=01374 misfit=5.520269e-01 best=4.901325e-01
[NA] iter=00002 eval=01375 misfit=5.571514e-01 best=4.901325e-01
[NA] iter=00002 eval=01376 misfit=5.630291e-01 best=4.901325e-01
[NA] iter=00002 eval=01377 misfit=5.719096e-01 best=4.901325e-01
[NA] iter=00002 eval=01378 misfit=5.768730e-01 best=4.901325e-01
[NA] iter=00002 eval=01379 misfit=5.452737e-01 best=4.901325e-01
[NA] iter=00002 eval=01380 misfit=5.673815e-01 best=4.901325e-01
[NA] iter=00002 eval=01381 misfit=5.884716e-01 best=4.901325e-01
[NA] iter=00002 eval=01382 misfit=5.579071e-01 best=4.901325e-01
[NA] iter=00002 eval=01383 misfit=5.541941e-01 best=4.901325e-01
[NA] iter=00002 eval=01384 misfit=5.529706e-01 best=4.901325e-01
[NA] iter=00002 eval=01385 misfit=6.084080e-01 best=4.901325e-01
[NA] iter=00002 eval=01386 misfit=5.965171e-01 best=4.901325e-01
[NA] iter=00002 eval=01387 misfit=5.715376e-01 best=4.901325e-01
[NA] iter=00002 eval=01388 misfit=5.386341e-01 best=4.901325e-01
[NA] iter=00002 eval=01389 misfit=6.327696e-01 best=4.901325e-01
[NA] iter=00002 eval=01390 misfit=5.225138e-01 best=4.901325e-01
[NA] iter=00002 eval=01391 misfit=5.692412e-01 best=4.901325e-01
[NA] iter=00002 eval=01392 misfit=6.096778e-01 best=4.901325e-01
[NA] iter=00002 eval=01393 misfit=5.624186e-01 best=4.901325e-01
[NA] iter=00002 eval=01394 misfit=5.301235e-01 best=4.901325e-01
[NA] iter=00002 eval=01395 misfit=5.360972e-01 best=4.901325e-01
[NA] iter=00002 eval=01396 misfit=5.594339e-01 best=4.901325e-01
[NA] iter=00002 eval=01397 misfit=5.205238e-01 best=4.901325e-01
[NA] iter=00002 eval=01398 misfit=5.399150e-01 best=4.901325e-01
[NA] iter=00002 eval=01399 misfit=5.629331e-01 best=4.901325e-01
[NA] iter=00002 eval=01400 misfit=5.676507e-01 best=4.901325e-01
NAI - Optimisation Loop:   7%|▋         | 2/30 [04:37<1:04:29, 138.20s/it][NA] iter=00003 eval=01401 misfit=5.332082e-01 best=4.901325e-01
[NA] iter=00003 eval=01402 misfit=5.042392e-01 best=4.901325e-01
[NA] iter=00003 eval=01403 misfit=5.884976e-01 best=4.901325e-01
[NA] iter=00003 eval=01404 misfit=4.925849e-01 best=4.901325e-01
[NA] iter=00003 eval=01405 misfit=6.602331e-01 best=4.901325e-01
[NA] iter=00003 eval=01406 misfit=5.261859e-01 best=4.901325e-01
[NA] iter=00003 eval=01407 misfit=4.935518e-01 best=4.901325e-01
[NA] iter=00003 eval=01408 misfit=6.005164e-01 best=4.901325e-01
[NA] iter=00003 eval=01409 misfit=5.522355e-01 best=4.901325e-01
[NA] iter=00003 eval=01410 misfit=5.218086e-01 best=4.901325e-01
[NA] iter=00003 eval=01411 misfit=5.129494e-01 best=4.901325e-01
[NA] iter=00003 eval=01412 misfit=4.982300e-01 best=4.901325e-01
[NA] iter=00003 eval=01413 misfit=5.296414e-01 best=4.901325e-01
[NA] iter=00003 eval=01414 misfit=5.865026e-01 best=4.901325e-01
[NA] iter=00003 eval=01415 misfit=4.857119e-01 best=4.857119e-01
[NA] iter=00003 eval=01416 misfit=4.985370e-01 best=4.857119e-01
[NA] iter=00003 eval=01417 misfit=4.909959e-01 best=4.857119e-01
[NA] iter=00003 eval=01418 misfit=6.965371e-01 best=4.857119e-01
[NA] iter=00003 eval=01419 misfit=5.067698e-01 best=4.857119e-01
[NA] iter=00003 eval=01420 misfit=5.257800e-01 best=4.857119e-01
[NA] iter=00003 eval=01421 misfit=4.958283e-01 best=4.857119e-01
[NA] iter=00003 eval=01422 misfit=5.006173e-01 best=4.857119e-01
[NA] iter=00003 eval=01423 misfit=5.068286e-01 best=4.857119e-01
[NA] iter=00003 eval=01424 misfit=5.137917e-01 best=4.857119e-01
[NA] iter=00003 eval=01425 misfit=5.229090e-01 best=4.857119e-01
[NA] iter=00003 eval=01426 misfit=5.132399e-01 best=4.857119e-01
[NA] iter=00003 eval=01427 misfit=5.066299e-01 best=4.857119e-01
[NA] iter=00003 eval=01428 misfit=5.030127e-01 best=4.857119e-01
[NA] iter=00003 eval=01429 misfit=5.018898e-01 best=4.857119e-01
[NA] iter=00003 eval=01430 misfit=5.075378e-01 best=4.857119e-01
[NA] iter=00003 eval=01431 misfit=5.119123e-01 best=4.857119e-01
[NA] iter=00003 eval=01432 misfit=5.211855e-01 best=4.857119e-01
[NA] iter=00003 eval=01433 misfit=5.466188e-01 best=4.857119e-01
[NA] iter=00003 eval=01434 misfit=5.075502e-01 best=4.857119e-01
[NA] iter=00003 eval=01435 misfit=5.187323e-01 best=4.857119e-01
[NA] iter=00003 eval=01436 misfit=5.227279e-01 best=4.857119e-01
[NA] iter=00003 eval=01437 misfit=5.296750e-01 best=4.857119e-01
[NA] iter=00003 eval=01438 misfit=5.181433e-01 best=4.857119e-01
[NA] iter=00003 eval=01439 misfit=5.208614e-01 best=4.857119e-01
[NA] iter=00003 eval=01440 misfit=5.210265e-01 best=4.857119e-01
[NA] iter=00003 eval=01441 misfit=5.985450e-01 best=4.857119e-01
[NA] iter=00003 eval=01442 misfit=5.520463e-01 best=4.857119e-01
[NA] iter=00003 eval=01443 misfit=5.231257e-01 best=4.857119e-01
[NA] iter=00003 eval=01444 misfit=6.354989e-01 best=4.857119e-01
[NA] iter=00003 eval=01445 misfit=5.424477e-01 best=4.857119e-01
[NA] iter=00003 eval=01446 misfit=5.710055e-01 best=4.857119e-01
[NA] iter=00003 eval=01447 misfit=5.330065e-01 best=4.857119e-01
[NA] iter=00003 eval=01448 misfit=5.040675e-01 best=4.857119e-01
[NA] iter=00003 eval=01449 misfit=5.315255e-01 best=4.857119e-01
[NA] iter=00003 eval=01450 misfit=5.811128e-01 best=4.857119e-01
[NA] iter=00003 eval=01451 misfit=5.428876e-01 best=4.857119e-01
[NA] iter=00003 eval=01452 misfit=4.988778e-01 best=4.857119e-01
[NA] iter=00003 eval=01453 misfit=5.395033e-01 best=4.857119e-01
[NA] iter=00003 eval=01454 misfit=5.065466e-01 best=4.857119e-01
[NA] iter=00003 eval=01455 misfit=6.071204e-01 best=4.857119e-01
[NA] iter=00003 eval=01456 misfit=5.116654e-01 best=4.857119e-01
[NA] iter=00003 eval=01457 misfit=5.354858e-01 best=4.857119e-01
[NA] iter=00003 eval=01458 misfit=5.139690e-01 best=4.857119e-01
[NA] iter=00003 eval=01459 misfit=4.981458e-01 best=4.857119e-01
[NA] iter=00003 eval=01460 misfit=5.511515e-01 best=4.857119e-01
[NA] iter=00003 eval=01461 misfit=5.019044e-01 best=4.857119e-01
[NA] iter=00003 eval=01462 misfit=4.938996e-01 best=4.857119e-01
[NA] iter=00003 eval=01463 misfit=5.214484e-01 best=4.857119e-01
[NA] iter=00003 eval=01464 misfit=5.295857e-01 best=4.857119e-01
[NA] iter=00003 eval=01465 misfit=4.988634e-01 best=4.857119e-01
[NA] iter=00003 eval=01466 misfit=5.049891e-01 best=4.857119e-01
[NA] iter=00003 eval=01467 misfit=5.144130e-01 best=4.857119e-01
[NA] iter=00003 eval=01468 misfit=5.925177e-01 best=4.857119e-01
[NA] iter=00003 eval=01469 misfit=4.993569e-01 best=4.857119e-01
[NA] iter=00003 eval=01470 misfit=5.032465e-01 best=4.857119e-01
[NA] iter=00003 eval=01471 misfit=4.978293e-01 best=4.857119e-01
[NA] iter=00003 eval=01472 misfit=5.121348e-01 best=4.857119e-01
[NA] iter=00003 eval=01473 misfit=4.955535e-01 best=4.857119e-01
[NA] iter=00003 eval=01474 misfit=5.097387e-01 best=4.857119e-01
[NA] iter=00003 eval=01475 misfit=5.206803e-01 best=4.857119e-01
[NA] iter=00003 eval=01476 misfit=5.220465e-01 best=4.857119e-01
[NA] iter=00003 eval=01477 misfit=5.020937e-01 best=4.857119e-01
[NA] iter=00003 eval=01478 misfit=5.019294e-01 best=4.857119e-01
[NA] iter=00003 eval=01479 misfit=5.103778e-01 best=4.857119e-01
[NA] iter=00003 eval=01480 misfit=5.114126e-01 best=4.857119e-01
[NA] iter=00003 eval=01481 misfit=5.098916e-01 best=4.857119e-01
[NA] iter=00003 eval=01482 misfit=5.154691e-01 best=4.857119e-01
[NA] iter=00003 eval=01483 misfit=5.275561e-01 best=4.857119e-01
[NA] iter=00003 eval=01484 misfit=5.387089e-01 best=4.857119e-01
[NA] iter=00003 eval=01485 misfit=5.942482e-01 best=4.857119e-01
[NA] iter=00003 eval=01486 misfit=5.254599e-01 best=4.857119e-01
[NA] iter=00003 eval=01487 misfit=5.237236e-01 best=4.857119e-01
[NA] iter=00003 eval=01488 misfit=5.151001e-01 best=4.857119e-01
[NA] iter=00003 eval=01489 misfit=5.407851e-01 best=4.857119e-01
[NA] iter=00003 eval=01490 misfit=5.087695e-01 best=4.857119e-01
[NA] iter=00003 eval=01491 misfit=5.668533e-01 best=4.857119e-01
[NA] iter=00003 eval=01492 misfit=5.292793e-01 best=4.857119e-01
[NA] iter=00003 eval=01493 misfit=5.489566e-01 best=4.857119e-01
[NA] iter=00003 eval=01494 misfit=5.382035e-01 best=4.857119e-01
[NA] iter=00003 eval=01495 misfit=5.192029e-01 best=4.857119e-01
[NA] iter=00003 eval=01496 misfit=5.102613e-01 best=4.857119e-01
[NA] iter=00003 eval=01497 misfit=5.100498e-01 best=4.857119e-01
[NA] iter=00003 eval=01498 misfit=5.174408e-01 best=4.857119e-01
[NA] iter=00003 eval=01499 misfit=5.345206e-01 best=4.857119e-01
[NA] iter=00003 eval=01500 misfit=5.941119e-01 best=4.857119e-01
[NA] iter=00003 eval=01501 misfit=5.616467e-01 best=4.857119e-01
[NA] iter=00003 eval=01502 misfit=4.993888e-01 best=4.857119e-01
[NA] iter=00003 eval=01503 misfit=5.018537e-01 best=4.857119e-01
[NA] iter=00003 eval=01504 misfit=5.066079e-01 best=4.857119e-01
[NA] iter=00003 eval=01505 misfit=5.016991e-01 best=4.857119e-01
[NA] iter=00003 eval=01506 misfit=5.172762e-01 best=4.857119e-01
[NA] iter=00003 eval=01507 misfit=5.629647e-01 best=4.857119e-01
[NA] iter=00003 eval=01508 misfit=5.008345e-01 best=4.857119e-01
[NA] iter=00003 eval=01509 misfit=5.773480e-01 best=4.857119e-01
[NA] iter=00003 eval=01510 misfit=5.365534e-01 best=4.857119e-01
[NA] iter=00003 eval=01511 misfit=5.462388e-01 best=4.857119e-01
[NA] iter=00003 eval=01512 misfit=5.197063e-01 best=4.857119e-01
[NA] iter=00003 eval=01513 misfit=5.607074e-01 best=4.857119e-01
[NA] iter=00003 eval=01514 misfit=5.081079e-01 best=4.857119e-01
[NA] iter=00003 eval=01515 misfit=5.307890e-01 best=4.857119e-01
[NA] iter=00003 eval=01516 misfit=4.972554e-01 best=4.857119e-01
[NA] iter=00003 eval=01517 misfit=5.387104e-01 best=4.857119e-01
[NA] iter=00003 eval=01518 misfit=5.527718e-01 best=4.857119e-01
[NA] iter=00003 eval=01519 misfit=5.203481e-01 best=4.857119e-01
[NA] iter=00003 eval=01520 misfit=5.257520e-01 best=4.857119e-01
[NA] iter=00003 eval=01521 misfit=5.683638e-01 best=4.857119e-01
[NA] iter=00003 eval=01522 misfit=5.522309e-01 best=4.857119e-01
[NA] iter=00003 eval=01523 misfit=5.513716e-01 best=4.857119e-01
[NA] iter=00003 eval=01524 misfit=5.942685e-01 best=4.857119e-01
[NA] iter=00003 eval=01525 misfit=6.000349e-01 best=4.857119e-01
[NA] iter=00003 eval=01526 misfit=5.120639e-01 best=4.857119e-01
[NA] iter=00003 eval=01527 misfit=5.556048e-01 best=4.857119e-01
[NA] iter=00003 eval=01528 misfit=5.122980e-01 best=4.857119e-01
[NA] iter=00003 eval=01529 misfit=5.299830e-01 best=4.857119e-01
[NA] iter=00003 eval=01530 misfit=5.400354e-01 best=4.857119e-01
[NA] iter=00003 eval=01531 misfit=6.034352e-01 best=4.857119e-01
[NA] iter=00003 eval=01532 misfit=4.921333e-01 best=4.857119e-01
[NA] iter=00003 eval=01533 misfit=5.561533e-01 best=4.857119e-01
[NA] iter=00003 eval=01534 misfit=6.060133e-01 best=4.857119e-01
[NA] iter=00003 eval=01535 misfit=5.214345e-01 best=4.857119e-01
[NA] iter=00003 eval=01536 misfit=5.059585e-01 best=4.857119e-01
[NA] iter=00003 eval=01537 misfit=5.317533e-01 best=4.857119e-01
[NA] iter=00003 eval=01538 misfit=5.111126e-01 best=4.857119e-01
[NA] iter=00003 eval=01539 misfit=5.120786e-01 best=4.857119e-01
[NA] iter=00003 eval=01540 misfit=5.104021e-01 best=4.857119e-01
[NA] iter=00003 eval=01541 misfit=5.272244e-01 best=4.857119e-01
[NA] iter=00003 eval=01542 misfit=5.425432e-01 best=4.857119e-01
[NA] iter=00003 eval=01543 misfit=5.401494e-01 best=4.857119e-01
[NA] iter=00003 eval=01544 misfit=5.446381e-01 best=4.857119e-01
[NA] iter=00003 eval=01545 misfit=6.880875e-01 best=4.857119e-01
[NA] iter=00003 eval=01546 misfit=5.193672e-01 best=4.857119e-01
[NA] iter=00003 eval=01547 misfit=5.568152e-01 best=4.857119e-01
[NA] iter=00003 eval=01548 misfit=5.133514e-01 best=4.857119e-01
[NA] iter=00003 eval=01549 misfit=5.278846e-01 best=4.857119e-01
[NA] iter=00003 eval=01550 misfit=5.496614e-01 best=4.857119e-01
[NA] iter=00003 eval=01551 misfit=5.016968e-01 best=4.857119e-01
[NA] iter=00003 eval=01552 misfit=5.234861e-01 best=4.857119e-01
[NA] iter=00003 eval=01553 misfit=5.120064e-01 best=4.857119e-01
[NA] iter=00003 eval=01554 misfit=5.130899e-01 best=4.857119e-01
[NA] iter=00003 eval=01555 misfit=5.103464e-01 best=4.857119e-01
[NA] iter=00003 eval=01556 misfit=5.187844e-01 best=4.857119e-01
[NA] iter=00003 eval=01557 misfit=5.004308e-01 best=4.857119e-01
[NA] iter=00003 eval=01558 misfit=5.130872e-01 best=4.857119e-01
[NA] iter=00003 eval=01559 misfit=4.973177e-01 best=4.857119e-01
[NA] iter=00003 eval=01560 misfit=5.124411e-01 best=4.857119e-01
[NA] iter=00003 eval=01561 misfit=5.378728e-01 best=4.857119e-01
[NA] iter=00003 eval=01562 misfit=5.641396e-01 best=4.857119e-01
[NA] iter=00003 eval=01563 misfit=5.361347e-01 best=4.857119e-01
[NA] iter=00003 eval=01564 misfit=5.051662e-01 best=4.857119e-01
[NA] iter=00003 eval=01565 misfit=5.269601e-01 best=4.857119e-01
[NA] iter=00003 eval=01566 misfit=5.315576e-01 best=4.857119e-01
[NA] iter=00003 eval=01567 misfit=5.671275e-01 best=4.857119e-01
[NA] iter=00003 eval=01568 misfit=5.255673e-01 best=4.857119e-01
[NA] iter=00003 eval=01569 misfit=5.579207e-01 best=4.857119e-01
[NA] iter=00003 eval=01570 misfit=5.504052e-01 best=4.857119e-01
[NA] iter=00003 eval=01571 misfit=5.216662e-01 best=4.857119e-01
[NA] iter=00003 eval=01572 misfit=5.281770e-01 best=4.857119e-01
[NA] iter=00003 eval=01573 misfit=5.248186e-01 best=4.857119e-01
[NA] iter=00003 eval=01574 misfit=5.282218e-01 best=4.857119e-01
[NA] iter=00003 eval=01575 misfit=5.231399e-01 best=4.857119e-01
[NA] iter=00003 eval=01576 misfit=5.376993e-01 best=4.857119e-01
[NA] iter=00003 eval=01577 misfit=5.342539e-01 best=4.857119e-01
[NA] iter=00003 eval=01578 misfit=5.275422e-01 best=4.857119e-01
[NA] iter=00003 eval=01579 misfit=5.133969e-01 best=4.857119e-01
[NA] iter=00003 eval=01580 misfit=5.147137e-01 best=4.857119e-01
[NA] iter=00003 eval=01581 misfit=5.154681e-01 best=4.857119e-01
[NA] iter=00003 eval=01582 misfit=5.827166e-01 best=4.857119e-01
[NA] iter=00003 eval=01583 misfit=5.220647e-01 best=4.857119e-01
[NA] iter=00003 eval=01584 misfit=6.024207e-01 best=4.857119e-01
[NA] iter=00003 eval=01585 misfit=5.176502e-01 best=4.857119e-01
[NA] iter=00003 eval=01586 misfit=5.079619e-01 best=4.857119e-01
[NA] iter=00003 eval=01587 misfit=5.194367e-01 best=4.857119e-01
[NA] iter=00003 eval=01588 misfit=5.339243e-01 best=4.857119e-01
[NA] iter=00003 eval=01589 misfit=5.331315e-01 best=4.857119e-01
[NA] iter=00003 eval=01590 misfit=5.161173e-01 best=4.857119e-01
[NA] iter=00003 eval=01591 misfit=5.318650e-01 best=4.857119e-01
[NA] iter=00003 eval=01592 misfit=5.295844e-01 best=4.857119e-01
[NA] iter=00003 eval=01593 misfit=5.898064e-01 best=4.857119e-01
[NA] iter=00003 eval=01594 misfit=5.062650e-01 best=4.857119e-01
[NA] iter=00003 eval=01595 misfit=5.593071e-01 best=4.857119e-01
[NA] iter=00003 eval=01596 misfit=5.291585e-01 best=4.857119e-01
[NA] iter=00003 eval=01597 misfit=5.062321e-01 best=4.857119e-01
[NA] iter=00003 eval=01598 misfit=5.279793e-01 best=4.857119e-01
[NA] iter=00003 eval=01599 misfit=5.009962e-01 best=4.857119e-01
[NA] iter=00003 eval=01600 misfit=5.187350e-01 best=4.857119e-01
NAI - Optimisation Loop:  10%|█         | 3/30 [06:53<1:01:53, 137.52s/it][NA] iter=00004 eval=01601 misfit=4.913326e-01 best=4.857119e-01
[NA] iter=00004 eval=01602 misfit=4.933751e-01 best=4.857119e-01
[NA] iter=00004 eval=01603 misfit=5.224844e-01 best=4.857119e-01
[NA] iter=00004 eval=01604 misfit=5.106180e-01 best=4.857119e-01
[NA] iter=00004 eval=01605 misfit=5.109110e-01 best=4.857119e-01
[NA] iter=00004 eval=01606 misfit=5.952167e-01 best=4.857119e-01
[NA] iter=00004 eval=01607 misfit=5.644793e-01 best=4.857119e-01
[NA] iter=00004 eval=01608 misfit=4.985732e-01 best=4.857119e-01
[NA] iter=00004 eval=01609 misfit=4.901510e-01 best=4.857119e-01
[NA] iter=00004 eval=01610 misfit=5.403086e-01 best=4.857119e-01
[NA] iter=00004 eval=01611 misfit=4.932794e-01 best=4.857119e-01
[NA] iter=00004 eval=01612 misfit=4.938145e-01 best=4.857119e-01
[NA] iter=00004 eval=01613 misfit=5.021882e-01 best=4.857119e-01
[NA] iter=00004 eval=01614 misfit=4.929699e-01 best=4.857119e-01
[NA] iter=00004 eval=01615 misfit=5.023672e-01 best=4.857119e-01
[NA] iter=00004 eval=01616 misfit=4.977050e-01 best=4.857119e-01
[NA] iter=00004 eval=01617 misfit=5.136712e-01 best=4.857119e-01
[NA] iter=00004 eval=01618 misfit=5.100669e-01 best=4.857119e-01
[NA] iter=00004 eval=01619 misfit=4.946183e-01 best=4.857119e-01
[NA] iter=00004 eval=01620 misfit=5.033455e-01 best=4.857119e-01
[NA] iter=00004 eval=01621 misfit=4.955401e-01 best=4.857119e-01
[NA] iter=00004 eval=01622 misfit=5.103897e-01 best=4.857119e-01
[NA] iter=00004 eval=01623 misfit=4.896873e-01 best=4.857119e-01
[NA] iter=00004 eval=01624 misfit=7.551492e-01 best=4.857119e-01
[NA] iter=00004 eval=01625 misfit=5.893534e-01 best=4.857119e-01
[NA] iter=00004 eval=01626 misfit=5.034593e-01 best=4.857119e-01
[NA] iter=00004 eval=01627 misfit=6.544722e-01 best=4.857119e-01
[NA] iter=00004 eval=01628 misfit=5.597265e-01 best=4.857119e-01
[NA] iter=00004 eval=01629 misfit=5.488875e-01 best=4.857119e-01
[NA] iter=00004 eval=01630 misfit=5.817963e-01 best=4.857119e-01
[NA] iter=00004 eval=01631 misfit=4.895890e-01 best=4.857119e-01
[NA] iter=00004 eval=01632 misfit=4.923210e-01 best=4.857119e-01
[NA] iter=00004 eval=01633 misfit=4.990014e-01 best=4.857119e-01
[NA] iter=00004 eval=01634 misfit=4.961014e-01 best=4.857119e-01
[NA] iter=00004 eval=01635 misfit=5.101264e-01 best=4.857119e-01
[NA] iter=00004 eval=01636 misfit=4.919756e-01 best=4.857119e-01
[NA] iter=00004 eval=01637 misfit=4.919806e-01 best=4.857119e-01
[NA] iter=00004 eval=01638 misfit=5.157221e-01 best=4.857119e-01
[NA] iter=00004 eval=01639 misfit=4.996479e-01 best=4.857119e-01
[NA] iter=00004 eval=01640 misfit=4.966925e-01 best=4.857119e-01
[NA] iter=00004 eval=01641 misfit=5.048147e-01 best=4.857119e-01
[NA] iter=00004 eval=01642 misfit=4.990229e-01 best=4.857119e-01
[NA] iter=00004 eval=01643 misfit=4.951945e-01 best=4.857119e-01
[NA] iter=00004 eval=01644 misfit=4.948178e-01 best=4.857119e-01
[NA] iter=00004 eval=01645 misfit=5.114129e-01 best=4.857119e-01
[NA] iter=00004 eval=01646 misfit=4.957163e-01 best=4.857119e-01
[NA] iter=00004 eval=01647 misfit=4.963718e-01 best=4.857119e-01
[NA] iter=00004 eval=01648 misfit=4.928289e-01 best=4.857119e-01
[NA] iter=00004 eval=01649 misfit=4.989640e-01 best=4.857119e-01
[NA] iter=00004 eval=01650 misfit=4.930823e-01 best=4.857119e-01
[NA] iter=00004 eval=01651 misfit=4.979170e-01 best=4.857119e-01
[NA] iter=00004 eval=01652 misfit=4.958239e-01 best=4.857119e-01
[NA] iter=00004 eval=01653 misfit=4.969847e-01 best=4.857119e-01
[NA] iter=00004 eval=01654 misfit=5.024885e-01 best=4.857119e-01
[NA] iter=00004 eval=01655 misfit=4.999823e-01 best=4.857119e-01
[NA] iter=00004 eval=01656 misfit=4.933517e-01 best=4.857119e-01
[NA] iter=00004 eval=01657 misfit=5.069590e-01 best=4.857119e-01
[NA] iter=00004 eval=01658 misfit=5.046723e-01 best=4.857119e-01
[NA] iter=00004 eval=01659 misfit=5.020869e-01 best=4.857119e-01
[NA] iter=00004 eval=01660 misfit=4.960481e-01 best=4.857119e-01
[NA] iter=00004 eval=01661 misfit=5.553510e-01 best=4.857119e-01
[NA] iter=00004 eval=01662 misfit=5.029474e-01 best=4.857119e-01
[NA] iter=00004 eval=01663 misfit=4.916522e-01 best=4.857119e-01
[NA] iter=00004 eval=01664 misfit=5.451811e-01 best=4.857119e-01
[NA] iter=00004 eval=01665 misfit=5.036739e-01 best=4.857119e-01
[NA] iter=00004 eval=01666 misfit=5.437737e-01 best=4.857119e-01
[NA] iter=00004 eval=01667 misfit=5.094626e-01 best=4.857119e-01
[NA] iter=00004 eval=01668 misfit=5.272408e-01 best=4.857119e-01
[NA] iter=00004 eval=01669 misfit=5.052519e-01 best=4.857119e-01
[NA] iter=00004 eval=01670 misfit=4.916629e-01 best=4.857119e-01
[NA] iter=00004 eval=01671 misfit=5.089039e-01 best=4.857119e-01
[NA] iter=00004 eval=01672 misfit=4.963307e-01 best=4.857119e-01
[NA] iter=00004 eval=01673 misfit=5.017694e-01 best=4.857119e-01
[NA] iter=00004 eval=01674 misfit=4.996201e-01 best=4.857119e-01
[NA] iter=00004 eval=01675 misfit=5.064503e-01 best=4.857119e-01
[NA] iter=00004 eval=01676 misfit=5.149599e-01 best=4.857119e-01
[NA] iter=00004 eval=01677 misfit=4.975662e-01 best=4.857119e-01
[NA] iter=00004 eval=01678 misfit=5.019488e-01 best=4.857119e-01
[NA] iter=00004 eval=01679 misfit=5.180408e-01 best=4.857119e-01
[NA] iter=00004 eval=01680 misfit=5.101860e-01 best=4.857119e-01
[NA] iter=00004 eval=01681 misfit=5.124334e-01 best=4.857119e-01
[NA] iter=00004 eval=01682 misfit=5.195865e-01 best=4.857119e-01
[NA] iter=00004 eval=01683 misfit=5.236754e-01 best=4.857119e-01
[NA] iter=00004 eval=01684 misfit=4.929454e-01 best=4.857119e-01
[NA] iter=00004 eval=01685 misfit=4.934294e-01 best=4.857119e-01
[NA] iter=00004 eval=01686 misfit=5.718285e-01 best=4.857119e-01
[NA] iter=00004 eval=01687 misfit=5.177705e-01 best=4.857119e-01
[NA] iter=00004 eval=01688 misfit=4.960146e-01 best=4.857119e-01
[NA] iter=00004 eval=01689 misfit=4.957323e-01 best=4.857119e-01
[NA] iter=00004 eval=01690 misfit=5.463732e-01 best=4.857119e-01
[NA] iter=00004 eval=01691 misfit=5.469295e-01 best=4.857119e-01
[NA] iter=00004 eval=01692 misfit=5.185417e-01 best=4.857119e-01
[NA] iter=00004 eval=01693 misfit=5.065526e-01 best=4.857119e-01
[NA] iter=00004 eval=01694 misfit=5.002317e-01 best=4.857119e-01
[NA] iter=00004 eval=01695 misfit=5.309198e-01 best=4.857119e-01
[NA] iter=00004 eval=01696 misfit=4.967773e-01 best=4.857119e-01
[NA] iter=00004 eval=01697 misfit=5.407588e-01 best=4.857119e-01
[NA] iter=00004 eval=01698 misfit=4.995773e-01 best=4.857119e-01
[NA] iter=00004 eval=01699 misfit=5.036162e-01 best=4.857119e-01
[NA] iter=00004 eval=01700 misfit=4.986821e-01 best=4.857119e-01
[NA] iter=00004 eval=01701 misfit=4.945984e-01 best=4.857119e-01
[NA] iter=00004 eval=01702 misfit=4.927108e-01 best=4.857119e-01
[NA] iter=00004 eval=01703 misfit=4.980716e-01 best=4.857119e-01
[NA] iter=00004 eval=01704 misfit=4.926507e-01 best=4.857119e-01
[NA] iter=00004 eval=01705 misfit=4.952284e-01 best=4.857119e-01
[NA] iter=00004 eval=01706 misfit=4.978988e-01 best=4.857119e-01
[NA] iter=00004 eval=01707 misfit=4.995499e-01 best=4.857119e-01
[NA] iter=00004 eval=01708 misfit=4.979928e-01 best=4.857119e-01
[NA] iter=00004 eval=01709 misfit=4.977854e-01 best=4.857119e-01
[NA] iter=00004 eval=01710 misfit=4.957584e-01 best=4.857119e-01
[NA] iter=00004 eval=01711 misfit=5.018988e-01 best=4.857119e-01
[NA] iter=00004 eval=01712 misfit=4.996085e-01 best=4.857119e-01
[NA] iter=00004 eval=01713 misfit=4.962394e-01 best=4.857119e-01
[NA] iter=00004 eval=01714 misfit=5.052528e-01 best=4.857119e-01
[NA] iter=00004 eval=01715 misfit=4.954317e-01 best=4.857119e-01
[NA] iter=00004 eval=01716 misfit=5.096798e-01 best=4.857119e-01
[NA] iter=00004 eval=01717 misfit=5.184660e-01 best=4.857119e-01
[NA] iter=00004 eval=01718 misfit=5.110062e-01 best=4.857119e-01
[NA] iter=00004 eval=01719 misfit=5.049481e-01 best=4.857119e-01
[NA] iter=00004 eval=01720 misfit=4.981146e-01 best=4.857119e-01
[NA] iter=00004 eval=01721 misfit=4.980592e-01 best=4.857119e-01
[NA] iter=00004 eval=01722 misfit=5.215272e-01 best=4.857119e-01
[NA] iter=00004 eval=01723 misfit=5.020701e-01 best=4.857119e-01
[NA] iter=00004 eval=01724 misfit=5.107201e-01 best=4.857119e-01
[NA] iter=00004 eval=01725 misfit=5.021030e-01 best=4.857119e-01
[NA] iter=00004 eval=01726 misfit=5.305947e-01 best=4.857119e-01
[NA] iter=00004 eval=01727 misfit=4.995103e-01 best=4.857119e-01
[NA] iter=00004 eval=01728 misfit=4.972986e-01 best=4.857119e-01
[NA] iter=00004 eval=01729 misfit=4.975031e-01 best=4.857119e-01
[NA] iter=00004 eval=01730 misfit=5.247218e-01 best=4.857119e-01
[NA] iter=00004 eval=01731 misfit=4.986656e-01 best=4.857119e-01
[NA] iter=00004 eval=01732 misfit=5.185736e-01 best=4.857119e-01
[NA] iter=00004 eval=01733 misfit=5.031084e-01 best=4.857119e-01
[NA] iter=00004 eval=01734 misfit=4.966806e-01 best=4.857119e-01
[NA] iter=00004 eval=01735 misfit=5.068069e-01 best=4.857119e-01
[NA] iter=00004 eval=01736 misfit=4.941281e-01 best=4.857119e-01
[NA] iter=00004 eval=01737 misfit=5.013743e-01 best=4.857119e-01
[NA] iter=00004 eval=01738 misfit=5.016281e-01 best=4.857119e-01
[NA] iter=00004 eval=01739 misfit=5.047562e-01 best=4.857119e-01
[NA] iter=00004 eval=01740 misfit=5.098794e-01 best=4.857119e-01
[NA] iter=00004 eval=01741 misfit=5.029162e-01 best=4.857119e-01
[NA] iter=00004 eval=01742 misfit=5.381481e-01 best=4.857119e-01
[NA] iter=00004 eval=01743 misfit=5.141149e-01 best=4.857119e-01
[NA] iter=00004 eval=01744 misfit=4.973048e-01 best=4.857119e-01
[NA] iter=00004 eval=01745 misfit=5.451466e-01 best=4.857119e-01
[NA] iter=00004 eval=01746 misfit=5.032587e-01 best=4.857119e-01
[NA] iter=00004 eval=01747 misfit=5.018365e-01 best=4.857119e-01
[NA] iter=00004 eval=01748 misfit=5.261789e-01 best=4.857119e-01
[NA] iter=00004 eval=01749 misfit=5.269414e-01 best=4.857119e-01
[NA] iter=00004 eval=01750 misfit=5.246250e-01 best=4.857119e-01
[NA] iter=00004 eval=01751 misfit=4.962007e-01 best=4.857119e-01
[NA] iter=00004 eval=01752 misfit=5.015246e-01 best=4.857119e-01
[NA] iter=00004 eval=01753 misfit=4.962887e-01 best=4.857119e-01
[NA] iter=00004 eval=01754 misfit=4.994840e-01 best=4.857119e-01
[NA] iter=00004 eval=01755 misfit=5.024052e-01 best=4.857119e-01
[NA] iter=00004 eval=01756 misfit=4.994682e-01 best=4.857119e-01
[NA] iter=00004 eval=01757 misfit=5.050819e-01 best=4.857119e-01
[NA] iter=00004 eval=01758 misfit=5.040801e-01 best=4.857119e-01
[NA] iter=00004 eval=01759 misfit=5.034936e-01 best=4.857119e-01
[NA] iter=00004 eval=01760 misfit=5.005384e-01 best=4.857119e-01
[NA] iter=00004 eval=01761 misfit=5.318726e-01 best=4.857119e-01
[NA] iter=00004 eval=01762 misfit=5.244314e-01 best=4.857119e-01
[NA] iter=00004 eval=01763 misfit=4.984990e-01 best=4.857119e-01
[NA] iter=00004 eval=01764 misfit=5.697817e-01 best=4.857119e-01
[NA] iter=00004 eval=01765 misfit=5.036194e-01 best=4.857119e-01
[NA] iter=00004 eval=01766 misfit=5.306571e-01 best=4.857119e-01
[NA] iter=00004 eval=01767 misfit=5.398018e-01 best=4.857119e-01
[NA] iter=00004 eval=01768 misfit=5.760865e-01 best=4.857119e-01
[NA] iter=00004 eval=01769 misfit=5.337564e-01 best=4.857119e-01
[NA] iter=00004 eval=01770 misfit=5.174837e-01 best=4.857119e-01
[NA] iter=00004 eval=01771 misfit=5.421367e-01 best=4.857119e-01
[NA] iter=00004 eval=01772 misfit=5.148037e-01 best=4.857119e-01
[NA] iter=00004 eval=01773 misfit=8.816434e-01 best=4.857119e-01
[NA] iter=00004 eval=01774 misfit=5.125268e-01 best=4.857119e-01
[NA] iter=00004 eval=01775 misfit=5.712718e-01 best=4.857119e-01
[NA] iter=00004 eval=01776 misfit=6.033216e-01 best=4.857119e-01
[NA] iter=00004 eval=01777 misfit=7.276445e-01 best=4.857119e-01
[NA] iter=00004 eval=01778 misfit=5.958320e-01 best=4.857119e-01
[NA] iter=00004 eval=01779 misfit=6.599007e-01 best=4.857119e-01
[NA] iter=00004 eval=01780 misfit=7.602680e-01 best=4.857119e-01
[NA] iter=00004 eval=01781 misfit=5.140658e-01 best=4.857119e-01
[NA] iter=00004 eval=01782 misfit=5.401872e-01 best=4.857119e-01
[NA] iter=00004 eval=01783 misfit=5.122798e-01 best=4.857119e-01
[NA] iter=00004 eval=01784 misfit=5.108464e-01 best=4.857119e-01
[NA] iter=00004 eval=01785 misfit=5.043655e-01 best=4.857119e-01
[NA] iter=00004 eval=01786 misfit=5.485841e-01 best=4.857119e-01
[NA] iter=00004 eval=01787 misfit=5.021377e-01 best=4.857119e-01
[NA] iter=00004 eval=01788 misfit=5.212895e-01 best=4.857119e-01
[NA] iter=00004 eval=01789 misfit=5.050149e-01 best=4.857119e-01
[NA] iter=00004 eval=01790 misfit=4.980572e-01 best=4.857119e-01
[NA] iter=00004 eval=01791 misfit=5.238504e-01 best=4.857119e-01
[NA] iter=00004 eval=01792 misfit=5.102941e-01 best=4.857119e-01
[NA] iter=00004 eval=01793 misfit=5.052551e-01 best=4.857119e-01
[NA] iter=00004 eval=01794 misfit=5.084939e-01 best=4.857119e-01
[NA] iter=00004 eval=01795 misfit=5.194285e-01 best=4.857119e-01
[NA] iter=00004 eval=01796 misfit=5.024815e-01 best=4.857119e-01
[NA] iter=00004 eval=01797 misfit=5.087590e-01 best=4.857119e-01
[NA] iter=00004 eval=01798 misfit=5.289059e-01 best=4.857119e-01
[NA] iter=00004 eval=01799 misfit=5.021829e-01 best=4.857119e-01
[NA] iter=00004 eval=01800 misfit=5.140136e-01 best=4.857119e-01
NAI - Optimisation Loop:  13%|█▎        | 4/30 [09:08<59:03, 136.30s/it]  [NA] iter=00005 eval=01801 misfit=5.004774e-01 best=4.857119e-01
[NA] iter=00005 eval=01802 misfit=4.901108e-01 best=4.857119e-01
[NA] iter=00005 eval=01803 misfit=4.983621e-01 best=4.857119e-01
[NA] iter=00005 eval=01804 misfit=5.519159e-01 best=4.857119e-01
[NA] iter=00005 eval=01805 misfit=5.111829e-01 best=4.857119e-01
[NA] iter=00005 eval=01806 misfit=5.373836e-01 best=4.857119e-01
[NA] iter=00005 eval=01807 misfit=5.446040e-01 best=4.857119e-01
[NA] iter=00005 eval=01808 misfit=4.998815e-01 best=4.857119e-01
[NA] iter=00005 eval=01809 misfit=5.013228e-01 best=4.857119e-01
[NA] iter=00005 eval=01810 misfit=5.276901e-01 best=4.857119e-01
[NA] iter=00005 eval=01811 misfit=4.966397e-01 best=4.857119e-01
[NA] iter=00005 eval=01812 misfit=4.940657e-01 best=4.857119e-01
[NA] iter=00005 eval=01813 misfit=4.891821e-01 best=4.857119e-01
[NA] iter=00005 eval=01814 misfit=4.909579e-01 best=4.857119e-01
[NA] iter=00005 eval=01815 misfit=4.916700e-01 best=4.857119e-01
[NA] iter=00005 eval=01816 misfit=5.014540e-01 best=4.857119e-01
[NA] iter=00005 eval=01817 misfit=4.905507e-01 best=4.857119e-01
[NA] iter=00005 eval=01818 misfit=4.951433e-01 best=4.857119e-01
[NA] iter=00005 eval=01819 misfit=4.969859e-01 best=4.857119e-01
[NA] iter=00005 eval=01820 misfit=4.923155e-01 best=4.857119e-01
[NA] iter=00005 eval=01821 misfit=4.987691e-01 best=4.857119e-01
[NA] iter=00005 eval=01822 misfit=5.017860e-01 best=4.857119e-01
[NA] iter=00005 eval=01823 misfit=4.940195e-01 best=4.857119e-01
[NA] iter=00005 eval=01824 misfit=5.034131e-01 best=4.857119e-01
[NA] iter=00005 eval=01825 misfit=4.855142e-01 best=4.855142e-01
[NA] iter=00005 eval=01826 misfit=5.026101e-01 best=4.855142e-01
[NA] iter=00005 eval=01827 misfit=5.016606e-01 best=4.855142e-01
[NA] iter=00005 eval=01828 misfit=4.903480e-01 best=4.855142e-01
[NA] iter=00005 eval=01829 misfit=4.921386e-01 best=4.855142e-01
[NA] iter=00005 eval=01830 misfit=4.908710e-01 best=4.855142e-01
[NA] iter=00005 eval=01831 misfit=4.908350e-01 best=4.855142e-01
[NA] iter=00005 eval=01832 misfit=4.886229e-01 best=4.855142e-01
[NA] iter=00005 eval=01833 misfit=4.929213e-01 best=4.855142e-01
[NA] iter=00005 eval=01834 misfit=5.034538e-01 best=4.855142e-01
[NA] iter=00005 eval=01835 misfit=4.996235e-01 best=4.855142e-01
[NA] iter=00005 eval=01836 misfit=5.002980e-01 best=4.855142e-01
[NA] iter=00005 eval=01837 misfit=4.888656e-01 best=4.855142e-01
[NA] iter=00005 eval=01838 misfit=5.159484e-01 best=4.855142e-01
[NA] iter=00005 eval=01839 misfit=4.980409e-01 best=4.855142e-01
[NA] iter=00005 eval=01840 misfit=4.995331e-01 best=4.855142e-01
[NA] iter=00005 eval=01841 misfit=4.969549e-01 best=4.855142e-01
[NA] iter=00005 eval=01842 misfit=4.843610e-01 best=4.843610e-01
[NA] iter=00005 eval=01843 misfit=4.898253e-01 best=4.843610e-01
[NA] iter=00005 eval=01844 misfit=4.948606e-01 best=4.843610e-01
[NA] iter=00005 eval=01845 misfit=4.896564e-01 best=4.843610e-01
[NA] iter=00005 eval=01846 misfit=4.927246e-01 best=4.843610e-01
[NA] iter=00005 eval=01847 misfit=5.048587e-01 best=4.843610e-01
[NA] iter=00005 eval=01848 misfit=4.948766e-01 best=4.843610e-01
[NA] iter=00005 eval=01849 misfit=4.864599e-01 best=4.843610e-01
[NA] iter=00005 eval=01850 misfit=4.962431e-01 best=4.843610e-01
[NA] iter=00005 eval=01851 misfit=4.974249e-01 best=4.843610e-01
[NA] iter=00005 eval=01852 misfit=4.870517e-01 best=4.843610e-01
[NA] iter=00005 eval=01853 misfit=5.178426e-01 best=4.843610e-01
[NA] iter=00005 eval=01854 misfit=4.890495e-01 best=4.843610e-01
[NA] iter=00005 eval=01855 misfit=5.008986e-01 best=4.843610e-01
[NA] iter=00005 eval=01856 misfit=4.884595e-01 best=4.843610e-01
[NA] iter=00005 eval=01857 misfit=4.848694e-01 best=4.843610e-01
[NA] iter=00005 eval=01858 misfit=4.961648e-01 best=4.843610e-01
[NA] iter=00005 eval=01859 misfit=4.934905e-01 best=4.843610e-01
[NA] iter=00005 eval=01860 misfit=4.983133e-01 best=4.843610e-01
[NA] iter=00005 eval=01861 misfit=4.945852e-01 best=4.843610e-01
[NA] iter=00005 eval=01862 misfit=4.902711e-01 best=4.843610e-01
[NA] iter=00005 eval=01863 misfit=4.942138e-01 best=4.843610e-01
[NA] iter=00005 eval=01864 misfit=4.962056e-01 best=4.843610e-01
[NA] iter=00005 eval=01865 misfit=4.926783e-01 best=4.843610e-01
[NA] iter=00005 eval=01866 misfit=4.926892e-01 best=4.843610e-01
[NA] iter=00005 eval=01867 misfit=4.919151e-01 best=4.843610e-01
[NA] iter=00005 eval=01868 misfit=4.988402e-01 best=4.843610e-01
[NA] iter=00005 eval=01869 misfit=4.923562e-01 best=4.843610e-01
[NA] iter=00005 eval=01870 misfit=4.984050e-01 best=4.843610e-01
[NA] iter=00005 eval=01871 misfit=4.928830e-01 best=4.843610e-01
[NA] iter=00005 eval=01872 misfit=4.903280e-01 best=4.843610e-01
[NA] iter=00005 eval=01873 misfit=4.905149e-01 best=4.843610e-01
[NA] iter=00005 eval=01874 misfit=4.909197e-01 best=4.843610e-01
[NA] iter=00005 eval=01875 misfit=4.880999e-01 best=4.843610e-01
[NA] iter=00005 eval=01876 misfit=5.013457e-01 best=4.843610e-01
[NA] iter=00005 eval=01877 misfit=4.917172e-01 best=4.843610e-01
[NA] iter=00005 eval=01878 misfit=4.951351e-01 best=4.843610e-01
[NA] iter=00005 eval=01879 misfit=4.933917e-01 best=4.843610e-01
[NA] iter=00005 eval=01880 misfit=4.905407e-01 best=4.843610e-01
[NA] iter=00005 eval=01881 misfit=4.900892e-01 best=4.843610e-01
[NA] iter=00005 eval=01882 misfit=4.921751e-01 best=4.843610e-01
[NA] iter=00005 eval=01883 misfit=4.886723e-01 best=4.843610e-01
[NA] iter=00005 eval=01884 misfit=4.958676e-01 best=4.843610e-01
[NA] iter=00005 eval=01885 misfit=4.922749e-01 best=4.843610e-01
[NA] iter=00005 eval=01886 misfit=4.912484e-01 best=4.843610e-01
[NA] iter=00005 eval=01887 misfit=4.940846e-01 best=4.843610e-01
[NA] iter=00005 eval=01888 misfit=4.909531e-01 best=4.843610e-01
[NA] iter=00005 eval=01889 misfit=4.917783e-01 best=4.843610e-01
[NA] iter=00005 eval=01890 misfit=4.953851e-01 best=4.843610e-01
[NA] iter=00005 eval=01891 misfit=4.890812e-01 best=4.843610e-01
[NA] iter=00005 eval=01892 misfit=4.894494e-01 best=4.843610e-01
[NA] iter=00005 eval=01893 misfit=5.220854e-01 best=4.843610e-01
[NA] iter=00005 eval=01894 misfit=4.939328e-01 best=4.843610e-01
[NA] iter=00005 eval=01895 misfit=4.990301e-01 best=4.843610e-01
[NA] iter=00005 eval=01896 misfit=5.029958e-01 best=4.843610e-01
[NA] iter=00005 eval=01897 misfit=4.981604e-01 best=4.843610e-01
[NA] iter=00005 eval=01898 misfit=4.941378e-01 best=4.843610e-01
[NA] iter=00005 eval=01899 misfit=5.107100e-01 best=4.843610e-01
[NA] iter=00005 eval=01900 misfit=4.967152e-01 best=4.843610e-01
[NA] iter=00005 eval=01901 misfit=4.950733e-01 best=4.843610e-01
[NA] iter=00005 eval=01902 misfit=5.057324e-01 best=4.843610e-01
[NA] iter=00005 eval=01903 misfit=5.080114e-01 best=4.843610e-01
[NA] iter=00005 eval=01904 misfit=5.121260e-01 best=4.843610e-01
[NA] iter=00005 eval=01905 misfit=4.968384e-01 best=4.843610e-01
[NA] iter=00005 eval=01906 misfit=5.092684e-01 best=4.843610e-01
[NA] iter=00005 eval=01907 misfit=5.130814e-01 best=4.843610e-01
[NA] iter=00005 eval=01908 misfit=5.015510e-01 best=4.843610e-01
[NA] iter=00005 eval=01909 misfit=4.995739e-01 best=4.843610e-01
[NA] iter=00005 eval=01910 misfit=5.061264e-01 best=4.843610e-01
[NA] iter=00005 eval=01911 misfit=4.918291e-01 best=4.843610e-01
[NA] iter=00005 eval=01912 misfit=4.877533e-01 best=4.843610e-01
[NA] iter=00005 eval=01913 misfit=4.882641e-01 best=4.843610e-01
[NA] iter=00005 eval=01914 misfit=4.909370e-01 best=4.843610e-01
[NA] iter=00005 eval=01915 misfit=4.914009e-01 best=4.843610e-01
[NA] iter=00005 eval=01916 misfit=4.944702e-01 best=4.843610e-01
[NA] iter=00005 eval=01917 misfit=4.903156e-01 best=4.843610e-01
[NA] iter=00005 eval=01918 misfit=4.948400e-01 best=4.843610e-01
[NA] iter=00005 eval=01919 misfit=4.933177e-01 best=4.843610e-01
[NA] iter=00005 eval=01920 misfit=4.906947e-01 best=4.843610e-01
[NA] iter=00005 eval=01921 misfit=4.927209e-01 best=4.843610e-01
[NA] iter=00005 eval=01922 misfit=4.966886e-01 best=4.843610e-01
[NA] iter=00005 eval=01923 misfit=4.937845e-01 best=4.843610e-01
[NA] iter=00005 eval=01924 misfit=4.924890e-01 best=4.843610e-01
[NA] iter=00005 eval=01925 misfit=4.949412e-01 best=4.843610e-01
[NA] iter=00005 eval=01926 misfit=4.930876e-01 best=4.843610e-01
[NA] iter=00005 eval=01927 misfit=4.957718e-01 best=4.843610e-01
[NA] iter=00005 eval=01928 misfit=4.967457e-01 best=4.843610e-01
[NA] iter=00005 eval=01929 misfit=4.909157e-01 best=4.843610e-01
[NA] iter=00005 eval=01930 misfit=4.923101e-01 best=4.843610e-01
[NA] iter=00005 eval=01931 misfit=4.881893e-01 best=4.843610e-01
[NA] iter=00005 eval=01932 misfit=4.930434e-01 best=4.843610e-01
[NA] iter=00005 eval=01933 misfit=4.919053e-01 best=4.843610e-01
[NA] iter=00005 eval=01934 misfit=4.990494e-01 best=4.843610e-01
[NA] iter=00005 eval=01935 misfit=4.894256e-01 best=4.843610e-01
[NA] iter=00005 eval=01936 misfit=5.056531e-01 best=4.843610e-01
[NA] iter=00005 eval=01937 misfit=4.909106e-01 best=4.843610e-01
[NA] iter=00005 eval=01938 misfit=4.853467e-01 best=4.843610e-01
[NA] iter=00005 eval=01939 misfit=4.938714e-01 best=4.843610e-01
[NA] iter=00005 eval=01940 misfit=4.866772e-01 best=4.843610e-01
[NA] iter=00005 eval=01941 misfit=4.994448e-01 best=4.843610e-01
[NA] iter=00005 eval=01942 misfit=4.951370e-01 best=4.843610e-01
[NA] iter=00005 eval=01943 misfit=4.989659e-01 best=4.843610e-01
[NA] iter=00005 eval=01944 misfit=4.944933e-01 best=4.843610e-01
[NA] iter=00005 eval=01945 misfit=5.029041e-01 best=4.843610e-01
[NA] iter=00005 eval=01946 misfit=4.945074e-01 best=4.843610e-01
[NA] iter=00005 eval=01947 misfit=4.929373e-01 best=4.843610e-01
[NA] iter=00005 eval=01948 misfit=4.920415e-01 best=4.843610e-01
[NA] iter=00005 eval=01949 misfit=4.947497e-01 best=4.843610e-01
[NA] iter=00005 eval=01950 misfit=4.967383e-01 best=4.843610e-01
[NA] iter=00005 eval=01951 misfit=4.913611e-01 best=4.843610e-01
[NA] iter=00005 eval=01952 misfit=4.924213e-01 best=4.843610e-01
[NA] iter=00005 eval=01953 misfit=4.914868e-01 best=4.843610e-01
[NA] iter=00005 eval=01954 misfit=4.932514e-01 best=4.843610e-01
[NA] iter=00005 eval=01955 misfit=4.983167e-01 best=4.843610e-01
[NA] iter=00005 eval=01956 misfit=4.974527e-01 best=4.843610e-01
[NA] iter=00005 eval=01957 misfit=4.948456e-01 best=4.843610e-01
[NA] iter=00005 eval=01958 misfit=4.969032e-01 best=4.843610e-01
[NA] iter=00005 eval=01959 misfit=4.977579e-01 best=4.843610e-01
[NA] iter=00005 eval=01960 misfit=5.021723e-01 best=4.843610e-01
[NA] iter=00005 eval=01961 misfit=4.995186e-01 best=4.843610e-01
[NA] iter=00005 eval=01962 misfit=4.959211e-01 best=4.843610e-01
[NA] iter=00005 eval=01963 misfit=4.950365e-01 best=4.843610e-01
[NA] iter=00005 eval=01964 misfit=4.989713e-01 best=4.843610e-01
[NA] iter=00005 eval=01965 misfit=4.966937e-01 best=4.843610e-01
[NA] iter=00005 eval=01966 misfit=4.957305e-01 best=4.843610e-01
[NA] iter=00005 eval=01967 misfit=5.106874e-01 best=4.843610e-01
[NA] iter=00005 eval=01968 misfit=4.990694e-01 best=4.843610e-01
[NA] iter=00005 eval=01969 misfit=5.060234e-01 best=4.843610e-01
[NA] iter=00005 eval=01970 misfit=5.062022e-01 best=4.843610e-01
[NA] iter=00005 eval=01971 misfit=4.966676e-01 best=4.843610e-01
[NA] iter=00005 eval=01972 misfit=4.962436e-01 best=4.843610e-01
[NA] iter=00005 eval=01973 misfit=4.926588e-01 best=4.843610e-01
[NA] iter=00005 eval=01974 misfit=4.962217e-01 best=4.843610e-01
[NA] iter=00005 eval=01975 misfit=4.972455e-01 best=4.843610e-01
[NA] iter=00005 eval=01976 misfit=4.922752e-01 best=4.843610e-01
[NA] iter=00005 eval=01977 misfit=4.962832e-01 best=4.843610e-01
[NA] iter=00005 eval=01978 misfit=5.114300e-01 best=4.843610e-01
[NA] iter=00005 eval=01979 misfit=5.048955e-01 best=4.843610e-01
[NA] iter=00005 eval=01980 misfit=5.100289e-01 best=4.843610e-01
[NA] iter=00005 eval=01981 misfit=4.905065e-01 best=4.843610e-01
[NA] iter=00005 eval=01982 misfit=4.957867e-01 best=4.843610e-01
[NA] iter=00005 eval=01983 misfit=4.940231e-01 best=4.843610e-01
[NA] iter=00005 eval=01984 misfit=4.928871e-01 best=4.843610e-01
[NA] iter=00005 eval=01985 misfit=4.969798e-01 best=4.843610e-01
[NA] iter=00005 eval=01986 misfit=4.982754e-01 best=4.843610e-01
[NA] iter=00005 eval=01987 misfit=4.923623e-01 best=4.843610e-01
[NA] iter=00005 eval=01988 misfit=4.941429e-01 best=4.843610e-01
[NA] iter=00005 eval=01989 misfit=4.954194e-01 best=4.843610e-01
[NA] iter=00005 eval=01990 misfit=4.959948e-01 best=4.843610e-01
[NA] iter=00005 eval=01991 misfit=4.904818e-01 best=4.843610e-01
[NA] iter=00005 eval=01992 misfit=4.942006e-01 best=4.843610e-01
[NA] iter=00005 eval=01993 misfit=5.043329e-01 best=4.843610e-01
[NA] iter=00005 eval=01994 misfit=4.906460e-01 best=4.843610e-01
[NA] iter=00005 eval=01995 misfit=4.948746e-01 best=4.843610e-01
[NA] iter=00005 eval=01996 misfit=5.044486e-01 best=4.843610e-01
[NA] iter=00005 eval=01997 misfit=4.938897e-01 best=4.843610e-01
[NA] iter=00005 eval=01998 misfit=5.009958e-01 best=4.843610e-01
[NA] iter=00005 eval=01999 misfit=5.030205e-01 best=4.843610e-01
[NA] iter=00005 eval=02000 misfit=5.116039e-01 best=4.843610e-01
NAI - Optimisation Loop:  17%|█▋        | 5/30 [11:28<57:23, 137.72s/it][NA] iter=00006 eval=02001 misfit=4.898004e-01 best=4.843610e-01
[NA] iter=00006 eval=02002 misfit=4.911794e-01 best=4.843610e-01
[NA] iter=00006 eval=02003 misfit=4.871635e-01 best=4.843610e-01
[NA] iter=00006 eval=02004 misfit=4.895255e-01 best=4.843610e-01
[NA] iter=00006 eval=02005 misfit=4.942837e-01 best=4.843610e-01
[NA] iter=00006 eval=02006 misfit=4.912899e-01 best=4.843610e-01
[NA] iter=00006 eval=02007 misfit=4.890833e-01 best=4.843610e-01
[NA] iter=00006 eval=02008 misfit=4.886700e-01 best=4.843610e-01
[NA] iter=00006 eval=02009 misfit=4.870082e-01 best=4.843610e-01
[NA] iter=00006 eval=02010 misfit=4.861389e-01 best=4.843610e-01
[NA] iter=00006 eval=02011 misfit=4.839313e-01 best=4.839313e-01
[NA] iter=00006 eval=02012 misfit=4.869952e-01 best=4.839313e-01
[NA] iter=00006 eval=02013 misfit=4.892645e-01 best=4.839313e-01
[NA] iter=00006 eval=02014 misfit=4.883131e-01 best=4.839313e-01
[NA] iter=00006 eval=02015 misfit=4.840252e-01 best=4.839313e-01
[NA] iter=00006 eval=02016 misfit=4.886716e-01 best=4.839313e-01
[NA] iter=00006 eval=02017 misfit=4.870757e-01 best=4.839313e-01
[NA] iter=00006 eval=02018 misfit=4.861195e-01 best=4.839313e-01
[NA] iter=00006 eval=02019 misfit=4.878313e-01 best=4.839313e-01
[NA] iter=00006 eval=02020 misfit=4.841384e-01 best=4.839313e-01
[NA] iter=00006 eval=02021 misfit=4.939555e-01 best=4.839313e-01
[NA] iter=00006 eval=02022 misfit=4.925713e-01 best=4.839313e-01
[NA] iter=00006 eval=02023 misfit=5.002247e-01 best=4.839313e-01
[NA] iter=00006 eval=02024 misfit=4.853596e-01 best=4.839313e-01
[NA] iter=00006 eval=02025 misfit=5.102903e-01 best=4.839313e-01
[NA] iter=00006 eval=02026 misfit=5.027691e-01 best=4.839313e-01
[NA] iter=00006 eval=02027 misfit=4.972338e-01 best=4.839313e-01
[NA] iter=00006 eval=02028 misfit=5.110889e-01 best=4.839313e-01
[NA] iter=00006 eval=02029 misfit=5.092121e-01 best=4.839313e-01
[NA] iter=00006 eval=02030 misfit=4.897557e-01 best=4.839313e-01
[NA] iter=00006 eval=02031 misfit=4.862452e-01 best=4.839313e-01
[NA] iter=00006 eval=02032 misfit=4.868762e-01 best=4.839313e-01
[NA] iter=00006 eval=02033 misfit=4.823829e-01 best=4.823829e-01
[NA] iter=00006 eval=02034 misfit=4.858066e-01 best=4.823829e-01
[NA] iter=00006 eval=02035 misfit=4.888755e-01 best=4.823829e-01
[NA] iter=00006 eval=02036 misfit=4.851366e-01 best=4.823829e-01
[NA] iter=00006 eval=02037 misfit=4.879572e-01 best=4.823829e-01
[NA] iter=00006 eval=02038 misfit=4.905597e-01 best=4.823829e-01
[NA] iter=00006 eval=02039 misfit=4.872359e-01 best=4.823829e-01
[NA] iter=00006 eval=02040 misfit=4.871104e-01 best=4.823829e-01
[NA] iter=00006 eval=02041 misfit=4.869157e-01 best=4.823829e-01
[NA] iter=00006 eval=02042 misfit=4.961661e-01 best=4.823829e-01
[NA] iter=00006 eval=02043 misfit=4.838090e-01 best=4.823829e-01
[NA] iter=00006 eval=02044 misfit=4.882713e-01 best=4.823829e-01
[NA] iter=00006 eval=02045 misfit=4.873674e-01 best=4.823829e-01
[NA] iter=00006 eval=02046 misfit=4.993767e-01 best=4.823829e-01
[NA] iter=00006 eval=02047 misfit=4.846174e-01 best=4.823829e-01
[NA] iter=00006 eval=02048 misfit=4.903399e-01 best=4.823829e-01
[NA] iter=00006 eval=02049 misfit=4.875985e-01 best=4.823829e-01
[NA] iter=00006 eval=02050 misfit=4.828728e-01 best=4.823829e-01
[NA] iter=00006 eval=02051 misfit=4.966168e-01 best=4.823829e-01
[NA] iter=00006 eval=02052 misfit=4.865796e-01 best=4.823829e-01
[NA] iter=00006 eval=02053 misfit=4.957065e-01 best=4.823829e-01
[NA] iter=00006 eval=02054 misfit=4.857752e-01 best=4.823829e-01
[NA] iter=00006 eval=02055 misfit=4.856825e-01 best=4.823829e-01
[NA] iter=00006 eval=02056 misfit=4.987257e-01 best=4.823829e-01
[NA] iter=00006 eval=02057 misfit=4.931667e-01 best=4.823829e-01
[NA] iter=00006 eval=02058 misfit=4.889971e-01 best=4.823829e-01
[NA] iter=00006 eval=02059 misfit=4.872354e-01 best=4.823829e-01
[NA] iter=00006 eval=02060 misfit=4.894882e-01 best=4.823829e-01
[NA] iter=00006 eval=02061 misfit=4.918486e-01 best=4.823829e-01
[NA] iter=00006 eval=02062 misfit=4.926423e-01 best=4.823829e-01
[NA] iter=00006 eval=02063 misfit=4.970851e-01 best=4.823829e-01
[NA] iter=00006 eval=02064 misfit=4.933120e-01 best=4.823829e-01
[NA] iter=00006 eval=02065 misfit=4.951706e-01 best=4.823829e-01
[NA] iter=00006 eval=02066 misfit=4.991124e-01 best=4.823829e-01
[NA] iter=00006 eval=02067 misfit=4.902536e-01 best=4.823829e-01
[NA] iter=00006 eval=02068 misfit=4.935505e-01 best=4.823829e-01
[NA] iter=00006 eval=02069 misfit=4.892894e-01 best=4.823829e-01
[NA] iter=00006 eval=02070 misfit=4.927017e-01 best=4.823829e-01
[NA] iter=00006 eval=02071 misfit=4.888943e-01 best=4.823829e-01
[NA] iter=00006 eval=02072 misfit=4.839700e-01 best=4.823829e-01
[NA] iter=00006 eval=02073 misfit=4.863738e-01 best=4.823829e-01
[NA] iter=00006 eval=02074 misfit=4.889488e-01 best=4.823829e-01
[NA] iter=00006 eval=02075 misfit=4.867218e-01 best=4.823829e-01
[NA] iter=00006 eval=02076 misfit=4.855959e-01 best=4.823829e-01
[NA] iter=00006 eval=02077 misfit=4.869655e-01 best=4.823829e-01
[NA] iter=00006 eval=02078 misfit=4.844418e-01 best=4.823829e-01
[NA] iter=00006 eval=02079 misfit=4.945610e-01 best=4.823829e-01
[NA] iter=00006 eval=02080 misfit=4.891498e-01 best=4.823829e-01
[NA] iter=00006 eval=02081 misfit=4.882365e-01 best=4.823829e-01
[NA] iter=00006 eval=02082 misfit=4.869670e-01 best=4.823829e-01
[NA] iter=00006 eval=02083 misfit=4.855349e-01 best=4.823829e-01
[NA] iter=00006 eval=02084 misfit=4.884952e-01 best=4.823829e-01
[NA] iter=00006 eval=02085 misfit=4.880063e-01 best=4.823829e-01
[NA] iter=00006 eval=02086 misfit=4.900256e-01 best=4.823829e-01
[NA] iter=00006 eval=02087 misfit=4.878189e-01 best=4.823829e-01
[NA] iter=00006 eval=02088 misfit=4.872064e-01 best=4.823829e-01
[NA] iter=00006 eval=02089 misfit=4.913337e-01 best=4.823829e-01
[NA] iter=00006 eval=02090 misfit=4.907154e-01 best=4.823829e-01
[NA] iter=00006 eval=02091 misfit=4.936116e-01 best=4.823829e-01
[NA] iter=00006 eval=02092 misfit=4.927079e-01 best=4.823829e-01
[NA] iter=00006 eval=02093 misfit=4.872599e-01 best=4.823829e-01
[NA] iter=00006 eval=02094 misfit=4.904761e-01 best=4.823829e-01
[NA] iter=00006 eval=02095 misfit=4.960153e-01 best=4.823829e-01
[NA] iter=00006 eval=02096 misfit=4.969805e-01 best=4.823829e-01
[NA] iter=00006 eval=02097 misfit=4.934784e-01 best=4.823829e-01
[NA] iter=00006 eval=02098 misfit=4.964276e-01 best=4.823829e-01
[NA] iter=00006 eval=02099 misfit=4.957632e-01 best=4.823829e-01
[NA] iter=00006 eval=02100 misfit=4.961062e-01 best=4.823829e-01
[NA] iter=00006 eval=02101 misfit=4.936984e-01 best=4.823829e-01
[NA] iter=00006 eval=02102 misfit=5.131818e-01 best=4.823829e-01
[NA] iter=00006 eval=02103 misfit=4.922110e-01 best=4.823829e-01
[NA] iter=00006 eval=02104 misfit=5.016901e-01 best=4.823829e-01
[NA] iter=00006 eval=02105 misfit=5.004666e-01 best=4.823829e-01
[NA] iter=00006 eval=02106 misfit=4.916213e-01 best=4.823829e-01
[NA] iter=00006 eval=02107 misfit=4.875046e-01 best=4.823829e-01
[NA] iter=00006 eval=02108 misfit=5.195256e-01 best=4.823829e-01
[NA] iter=00006 eval=02109 misfit=5.101915e-01 best=4.823829e-01
[NA] iter=00006 eval=02110 misfit=4.887637e-01 best=4.823829e-01
[NA] iter=00006 eval=02111 misfit=4.903017e-01 best=4.823829e-01
[NA] iter=00006 eval=02112 misfit=4.907119e-01 best=4.823829e-01
[NA] iter=00006 eval=02113 misfit=4.887750e-01 best=4.823829e-01
[NA] iter=00006 eval=02114 misfit=4.876794e-01 best=4.823829e-01
[NA] iter=00006 eval=02115 misfit=4.888740e-01 best=4.823829e-01
[NA] iter=00006 eval=02116 misfit=4.906756e-01 best=4.823829e-01
[NA] iter=00006 eval=02117 misfit=4.919472e-01 best=4.823829e-01
[NA] iter=00006 eval=02118 misfit=4.864422e-01 best=4.823829e-01
[NA] iter=00006 eval=02119 misfit=4.902844e-01 best=4.823829e-01
[NA] iter=00006 eval=02120 misfit=4.865222e-01 best=4.823829e-01
[NA] iter=00006 eval=02121 misfit=4.875235e-01 best=4.823829e-01
[NA] iter=00006 eval=02122 misfit=4.947838e-01 best=4.823829e-01
[NA] iter=00006 eval=02123 misfit=4.934916e-01 best=4.823829e-01
[NA] iter=00006 eval=02124 misfit=4.862646e-01 best=4.823829e-01
[NA] iter=00006 eval=02125 misfit=4.894477e-01 best=4.823829e-01
[NA] iter=00006 eval=02126 misfit=4.962579e-01 best=4.823829e-01
[NA] iter=00006 eval=02127 misfit=4.921969e-01 best=4.823829e-01
[NA] iter=00006 eval=02128 misfit=4.859223e-01 best=4.823829e-01
[NA] iter=00006 eval=02129 misfit=4.932903e-01 best=4.823829e-01
[NA] iter=00006 eval=02130 misfit=4.940984e-01 best=4.823829e-01
[NA] iter=00006 eval=02131 misfit=4.882356e-01 best=4.823829e-01
[NA] iter=00006 eval=02132 misfit=4.979643e-01 best=4.823829e-01
[NA] iter=00006 eval=02133 misfit=4.893928e-01 best=4.823829e-01
[NA] iter=00006 eval=02134 misfit=4.930158e-01 best=4.823829e-01
[NA] iter=00006 eval=02135 misfit=4.943025e-01 best=4.823829e-01
[NA] iter=00006 eval=02136 misfit=4.846650e-01 best=4.823829e-01
[NA] iter=00006 eval=02137 misfit=4.924134e-01 best=4.823829e-01
[NA] iter=00006 eval=02138 misfit=4.929696e-01 best=4.823829e-01
[NA] iter=00006 eval=02139 misfit=4.904086e-01 best=4.823829e-01
[NA] iter=00006 eval=02140 misfit=4.924625e-01 best=4.823829e-01
[NA] iter=00006 eval=02141 misfit=5.077631e-01 best=4.823829e-01
[NA] iter=00006 eval=02142 misfit=4.894947e-01 best=4.823829e-01
[NA] iter=00006 eval=02143 misfit=4.965110e-01 best=4.823829e-01
[NA] iter=00006 eval=02144 misfit=5.003506e-01 best=4.823829e-01
[NA] iter=00006 eval=02145 misfit=4.969685e-01 best=4.823829e-01
[NA] iter=00006 eval=02146 misfit=4.875298e-01 best=4.823829e-01
[NA] iter=00006 eval=02147 misfit=4.854928e-01 best=4.823829e-01
[NA] iter=00006 eval=02148 misfit=4.901475e-01 best=4.823829e-01
[NA] iter=00006 eval=02149 misfit=4.959947e-01 best=4.823829e-01
[NA] iter=00006 eval=02150 misfit=4.868648e-01 best=4.823829e-01
[NA] iter=00006 eval=02151 misfit=4.924883e-01 best=4.823829e-01
[NA] iter=00006 eval=02152 misfit=4.881063e-01 best=4.823829e-01
[NA] iter=00006 eval=02153 misfit=4.868614e-01 best=4.823829e-01
[NA] iter=00006 eval=02154 misfit=4.909224e-01 best=4.823829e-01
[NA] iter=00006 eval=02155 misfit=4.927741e-01 best=4.823829e-01
[NA] iter=00006 eval=02156 misfit=4.895119e-01 best=4.823829e-01
[NA] iter=00006 eval=02157 misfit=4.959373e-01 best=4.823829e-01
[NA] iter=00006 eval=02158 misfit=4.942180e-01 best=4.823829e-01
[NA] iter=00006 eval=02159 misfit=4.920127e-01 best=4.823829e-01
[NA] iter=00006 eval=02160 misfit=4.922174e-01 best=4.823829e-01
[NA] iter=00006 eval=02161 misfit=4.985959e-01 best=4.823829e-01
[NA] iter=00006 eval=02162 misfit=4.944253e-01 best=4.823829e-01
[NA] iter=00006 eval=02163 misfit=5.127495e-01 best=4.823829e-01
[NA] iter=00006 eval=02164 misfit=5.062797e-01 best=4.823829e-01
[NA] iter=00006 eval=02165 misfit=4.994987e-01 best=4.823829e-01
[NA] iter=00006 eval=02166 misfit=4.986284e-01 best=4.823829e-01
[NA] iter=00006 eval=02167 misfit=4.921191e-01 best=4.823829e-01
[NA] iter=00006 eval=02168 misfit=4.929329e-01 best=4.823829e-01
[NA] iter=00006 eval=02169 misfit=4.973188e-01 best=4.823829e-01
[NA] iter=00006 eval=02170 misfit=5.131327e-01 best=4.823829e-01
[NA] iter=00006 eval=02171 misfit=5.020543e-01 best=4.823829e-01
[NA] iter=00006 eval=02172 misfit=4.938881e-01 best=4.823829e-01
[NA] iter=00006 eval=02173 misfit=4.888751e-01 best=4.823829e-01
[NA] iter=00006 eval=02174 misfit=4.967618e-01 best=4.823829e-01
[NA] iter=00006 eval=02175 misfit=4.910436e-01 best=4.823829e-01
[NA] iter=00006 eval=02176 misfit=4.925461e-01 best=4.823829e-01
[NA] iter=00006 eval=02177 misfit=4.948048e-01 best=4.823829e-01
[NA] iter=00006 eval=02178 misfit=5.038103e-01 best=4.823829e-01
[NA] iter=00006 eval=02179 misfit=5.024879e-01 best=4.823829e-01
[NA] iter=00006 eval=02180 misfit=4.874191e-01 best=4.823829e-01
[NA] iter=00006 eval=02181 misfit=4.903231e-01 best=4.823829e-01
[NA] iter=00006 eval=02182 misfit=4.910050e-01 best=4.823829e-01
[NA] iter=00006 eval=02183 misfit=4.946510e-01 best=4.823829e-01
[NA] iter=00006 eval=02184 misfit=4.908116e-01 best=4.823829e-01
[NA] iter=00006 eval=02185 misfit=4.933753e-01 best=4.823829e-01
[NA] iter=00006 eval=02186 misfit=4.906599e-01 best=4.823829e-01
[NA] iter=00006 eval=02187 misfit=4.951850e-01 best=4.823829e-01
[NA] iter=00006 eval=02188 misfit=4.913755e-01 best=4.823829e-01
[NA] iter=00006 eval=02189 misfit=4.896729e-01 best=4.823829e-01
[NA] iter=00006 eval=02190 misfit=4.891549e-01 best=4.823829e-01
[NA] iter=00006 eval=02191 misfit=4.870103e-01 best=4.823829e-01
[NA] iter=00006 eval=02192 misfit=5.147390e-01 best=4.823829e-01
[NA] iter=00006 eval=02193 misfit=4.864018e-01 best=4.823829e-01
[NA] iter=00006 eval=02194 misfit=5.014612e-01 best=4.823829e-01
[NA] iter=00006 eval=02195 misfit=5.015144e-01 best=4.823829e-01
[NA] iter=00006 eval=02196 misfit=5.020052e-01 best=4.823829e-01
[NA] iter=00006 eval=02197 misfit=5.061085e-01 best=4.823829e-01
[NA] iter=00006 eval=02198 misfit=4.910188e-01 best=4.823829e-01
[NA] iter=00006 eval=02199 misfit=4.990507e-01 best=4.823829e-01
[NA] iter=00006 eval=02200 misfit=4.917113e-01 best=4.823829e-01
NAI - Optimisation Loop:  20%|██        | 6/30 [13:50<55:36, 139.01s/it][NA] iter=00007 eval=02201 misfit=4.833623e-01 best=4.823829e-01
[NA] iter=00007 eval=02202 misfit=4.831666e-01 best=4.823829e-01
[NA] iter=00007 eval=02203 misfit=4.819279e-01 best=4.819279e-01
[NA] iter=00007 eval=02204 misfit=4.848496e-01 best=4.819279e-01
[NA] iter=00007 eval=02205 misfit=4.826645e-01 best=4.819279e-01
[NA] iter=00007 eval=02206 misfit=4.834158e-01 best=4.819279e-01
[NA] iter=00007 eval=02207 misfit=4.841865e-01 best=4.819279e-01
[NA] iter=00007 eval=02208 misfit=4.851119e-01 best=4.819279e-01
[NA] iter=00007 eval=02209 misfit=4.845987e-01 best=4.819279e-01
[NA] iter=00007 eval=02210 misfit=4.828495e-01 best=4.819279e-01
[NA] iter=00007 eval=02211 misfit=4.889887e-01 best=4.819279e-01
[NA] iter=00007 eval=02212 misfit=5.063855e-01 best=4.819279e-01
[NA] iter=00007 eval=02213 misfit=4.841156e-01 best=4.819279e-01
[NA] iter=00007 eval=02214 misfit=4.836041e-01 best=4.819279e-01
[NA] iter=00007 eval=02215 misfit=4.852749e-01 best=4.819279e-01
[NA] iter=00007 eval=02216 misfit=4.850835e-01 best=4.819279e-01
[NA] iter=00007 eval=02217 misfit=4.918183e-01 best=4.819279e-01
[NA] iter=00007 eval=02218 misfit=4.909407e-01 best=4.819279e-01
[NA] iter=00007 eval=02219 misfit=4.835696e-01 best=4.819279e-01
[NA] iter=00007 eval=02220 misfit=4.867503e-01 best=4.819279e-01
[NA] iter=00007 eval=02221 misfit=4.923652e-01 best=4.819279e-01
[NA] iter=00007 eval=02222 misfit=4.935934e-01 best=4.819279e-01
[NA] iter=00007 eval=02223 misfit=4.873222e-01 best=4.819279e-01
[NA] iter=00007 eval=02224 misfit=5.034916e-01 best=4.819279e-01
[NA] iter=00007 eval=02225 misfit=4.958020e-01 best=4.819279e-01
[NA] iter=00007 eval=02226 misfit=4.833521e-01 best=4.819279e-01
[NA] iter=00007 eval=02227 misfit=5.307469e-01 best=4.819279e-01
[NA] iter=00007 eval=02228 misfit=5.333718e-01 best=4.819279e-01
[NA] iter=00007 eval=02229 misfit=4.920013e-01 best=4.819279e-01
[NA] iter=00007 eval=02230 misfit=4.909534e-01 best=4.819279e-01
[NA] iter=00007 eval=02231 misfit=4.857173e-01 best=4.819279e-01
[NA] iter=00007 eval=02232 misfit=4.846866e-01 best=4.819279e-01
[NA] iter=00007 eval=02233 misfit=4.839436e-01 best=4.819279e-01
[NA] iter=00007 eval=02234 misfit=4.833936e-01 best=4.819279e-01
[NA] iter=00007 eval=02235 misfit=4.889479e-01 best=4.819279e-01
[NA] iter=00007 eval=02236 misfit=4.865627e-01 best=4.819279e-01
[NA] iter=00007 eval=02237 misfit=4.822442e-01 best=4.819279e-01
[NA] iter=00007 eval=02238 misfit=4.846715e-01 best=4.819279e-01
[NA] iter=00007 eval=02239 misfit=4.856985e-01 best=4.819279e-01
[NA] iter=00007 eval=02240 misfit=4.885317e-01 best=4.819279e-01
[NA] iter=00007 eval=02241 misfit=4.904183e-01 best=4.819279e-01
[NA] iter=00007 eval=02242 misfit=4.854388e-01 best=4.819279e-01
[NA] iter=00007 eval=02243 misfit=4.932336e-01 best=4.819279e-01
[NA] iter=00007 eval=02244 misfit=4.888828e-01 best=4.819279e-01
[NA] iter=00007 eval=02245 misfit=4.832901e-01 best=4.819279e-01
[NA] iter=00007 eval=02246 misfit=4.864524e-01 best=4.819279e-01
[NA] iter=00007 eval=02247 misfit=4.886580e-01 best=4.819279e-01
[NA] iter=00007 eval=02248 misfit=4.925398e-01 best=4.819279e-01
[NA] iter=00007 eval=02249 misfit=4.857372e-01 best=4.819279e-01
[NA] iter=00007 eval=02250 misfit=4.880927e-01 best=4.819279e-01
[NA] iter=00007 eval=02251 misfit=4.878301e-01 best=4.819279e-01
[NA] iter=00007 eval=02252 misfit=4.862117e-01 best=4.819279e-01
[NA] iter=00007 eval=02253 misfit=4.841342e-01 best=4.819279e-01
[NA] iter=00007 eval=02254 misfit=4.867178e-01 best=4.819279e-01
[NA] iter=00007 eval=02255 misfit=4.863195e-01 best=4.819279e-01
[NA] iter=00007 eval=02256 misfit=4.917679e-01 best=4.819279e-01
[NA] iter=00007 eval=02257 misfit=4.866255e-01 best=4.819279e-01
[NA] iter=00007 eval=02258 misfit=4.877410e-01 best=4.819279e-01
[NA] iter=00007 eval=02259 misfit=4.864579e-01 best=4.819279e-01
[NA] iter=00007 eval=02260 misfit=4.841384e-01 best=4.819279e-01
[NA] iter=00007 eval=02261 misfit=4.873658e-01 best=4.819279e-01
[NA] iter=00007 eval=02262 misfit=4.869268e-01 best=4.819279e-01
[NA] iter=00007 eval=02263 misfit=4.868486e-01 best=4.819279e-01
[NA] iter=00007 eval=02264 misfit=4.856666e-01 best=4.819279e-01
[NA] iter=00007 eval=02265 misfit=4.858769e-01 best=4.819279e-01
[NA] iter=00007 eval=02266 misfit=4.860213e-01 best=4.819279e-01
[NA] iter=00007 eval=02267 misfit=4.864655e-01 best=4.819279e-01
[NA] iter=00007 eval=02268 misfit=4.857387e-01 best=4.819279e-01
[NA] iter=00007 eval=02269 misfit=4.836946e-01 best=4.819279e-01
[NA] iter=00007 eval=02270 misfit=4.866185e-01 best=4.819279e-01
[NA] iter=00007 eval=02271 misfit=4.869256e-01 best=4.819279e-01
[NA] iter=00007 eval=02272 misfit=4.896381e-01 best=4.819279e-01
[NA] iter=00007 eval=02273 misfit=4.899037e-01 best=4.819279e-01
[NA] iter=00007 eval=02274 misfit=4.889302e-01 best=4.819279e-01
[NA] iter=00007 eval=02275 misfit=4.865407e-01 best=4.819279e-01
[NA] iter=00007 eval=02276 misfit=4.823199e-01 best=4.819279e-01
[NA] iter=00007 eval=02277 misfit=4.883894e-01 best=4.819279e-01
[NA] iter=00007 eval=02278 misfit=4.903502e-01 best=4.819279e-01
[NA] iter=00007 eval=02279 misfit=4.883461e-01 best=4.819279e-01
[NA] iter=00007 eval=02280 misfit=4.871841e-01 best=4.819279e-01
[NA] iter=00007 eval=02281 misfit=4.855738e-01 best=4.819279e-01
[NA] iter=00007 eval=02282 misfit=4.863985e-01 best=4.819279e-01
[NA] iter=00007 eval=02283 misfit=4.871780e-01 best=4.819279e-01
[NA] iter=00007 eval=02284 misfit=4.857772e-01 best=4.819279e-01
[NA] iter=00007 eval=02285 misfit=4.872473e-01 best=4.819279e-01
[NA] iter=00007 eval=02286 misfit=4.871261e-01 best=4.819279e-01
[NA] iter=00007 eval=02287 misfit=4.879991e-01 best=4.819279e-01
[NA] iter=00007 eval=02288 misfit=4.865168e-01 best=4.819279e-01
[NA] iter=00007 eval=02289 misfit=4.852080e-01 best=4.819279e-01
[NA] iter=00007 eval=02290 misfit=4.863986e-01 best=4.819279e-01
[NA] iter=00007 eval=02291 misfit=4.874097e-01 best=4.819279e-01
[NA] iter=00007 eval=02292 misfit=4.859970e-01 best=4.819279e-01
[NA] iter=00007 eval=02293 misfit=4.862581e-01 best=4.819279e-01
[NA] iter=00007 eval=02294 misfit=4.851506e-01 best=4.819279e-01
[NA] iter=00007 eval=02295 misfit=4.876617e-01 best=4.819279e-01
[NA] iter=00007 eval=02296 misfit=4.858363e-01 best=4.819279e-01
[NA] iter=00007 eval=02297 misfit=4.861207e-01 best=4.819279e-01
[NA] iter=00007 eval=02298 misfit=4.834567e-01 best=4.819279e-01
[NA] iter=00007 eval=02299 misfit=4.859389e-01 best=4.819279e-01
[NA] iter=00007 eval=02300 misfit=4.844057e-01 best=4.819279e-01
[NA] iter=00007 eval=02301 misfit=4.852578e-01 best=4.819279e-01
[NA] iter=00007 eval=02302 misfit=4.873825e-01 best=4.819279e-01
[NA] iter=00007 eval=02303 misfit=4.844466e-01 best=4.819279e-01
[NA] iter=00007 eval=02304 misfit=4.875599e-01 best=4.819279e-01
[NA] iter=00007 eval=02305 misfit=4.877923e-01 best=4.819279e-01
[NA] iter=00007 eval=02306 misfit=4.856185e-01 best=4.819279e-01
[NA] iter=00007 eval=02307 misfit=4.888905e-01 best=4.819279e-01
[NA] iter=00007 eval=02308 misfit=4.885907e-01 best=4.819279e-01
[NA] iter=00007 eval=02309 misfit=4.874596e-01 best=4.819279e-01
[NA] iter=00007 eval=02310 misfit=4.899748e-01 best=4.819279e-01
[NA] iter=00007 eval=02311 misfit=4.858110e-01 best=4.819279e-01
[NA] iter=00007 eval=02312 misfit=4.844201e-01 best=4.819279e-01
[NA] iter=00007 eval=02313 misfit=4.867555e-01 best=4.819279e-01
[NA] iter=00007 eval=02314 misfit=4.866426e-01 best=4.819279e-01
[NA] iter=00007 eval=02315 misfit=4.860703e-01 best=4.819279e-01
[NA] iter=00007 eval=02316 misfit=4.876118e-01 best=4.819279e-01
[NA] iter=00007 eval=02317 misfit=4.854277e-01 best=4.819279e-01
[NA] iter=00007 eval=02318 misfit=4.842975e-01 best=4.819279e-01
[NA] iter=00007 eval=02319 misfit=4.850697e-01 best=4.819279e-01
[NA] iter=00007 eval=02320 misfit=4.863939e-01 best=4.819279e-01
[NA] iter=00007 eval=02321 misfit=4.872558e-01 best=4.819279e-01
[NA] iter=00007 eval=02322 misfit=4.844849e-01 best=4.819279e-01
[NA] iter=00007 eval=02323 misfit=4.841684e-01 best=4.819279e-01
[NA] iter=00007 eval=02324 misfit=4.843160e-01 best=4.819279e-01
[NA] iter=00007 eval=02325 misfit=4.856588e-01 best=4.819279e-01
[NA] iter=00007 eval=02326 misfit=4.866247e-01 best=4.819279e-01
[NA] iter=00007 eval=02327 misfit=4.878187e-01 best=4.819279e-01
[NA] iter=00007 eval=02328 misfit=4.872337e-01 best=4.819279e-01
[NA] iter=00007 eval=02329 misfit=4.868921e-01 best=4.819279e-01
[NA] iter=00007 eval=02330 misfit=4.868111e-01 best=4.819279e-01
[NA] iter=00007 eval=02331 misfit=4.857241e-01 best=4.819279e-01
[NA] iter=00007 eval=02332 misfit=4.843292e-01 best=4.819279e-01
[NA] iter=00007 eval=02333 misfit=4.877755e-01 best=4.819279e-01
[NA] iter=00007 eval=02334 misfit=4.849594e-01 best=4.819279e-01
[NA] iter=00007 eval=02335 misfit=4.889493e-01 best=4.819279e-01
[NA] iter=00007 eval=02336 misfit=4.896340e-01 best=4.819279e-01
[NA] iter=00007 eval=02337 misfit=4.906274e-01 best=4.819279e-01
[NA] iter=00007 eval=02338 misfit=4.848273e-01 best=4.819279e-01
[NA] iter=00007 eval=02339 misfit=4.889700e-01 best=4.819279e-01
[NA] iter=00007 eval=02340 misfit=4.883803e-01 best=4.819279e-01
[NA] iter=00007 eval=02341 misfit=4.840386e-01 best=4.819279e-01
[NA] iter=00007 eval=02342 misfit=4.850341e-01 best=4.819279e-01
[NA] iter=00007 eval=02343 misfit=4.918454e-01 best=4.819279e-01
[NA] iter=00007 eval=02344 misfit=4.876951e-01 best=4.819279e-01
[NA] iter=00007 eval=02345 misfit=4.848274e-01 best=4.819279e-01
[NA] iter=00007 eval=02346 misfit=4.865849e-01 best=4.819279e-01
[NA] iter=00007 eval=02347 misfit=4.897334e-01 best=4.819279e-01
[NA] iter=00007 eval=02348 misfit=4.884151e-01 best=4.819279e-01
[NA] iter=00007 eval=02349 misfit=4.835530e-01 best=4.819279e-01
[NA] iter=00007 eval=02350 misfit=4.922767e-01 best=4.819279e-01
[NA] iter=00007 eval=02351 misfit=4.848801e-01 best=4.819279e-01
[NA] iter=00007 eval=02352 misfit=4.857807e-01 best=4.819279e-01
[NA] iter=00007 eval=02353 misfit=4.875594e-01 best=4.819279e-01
[NA] iter=00007 eval=02354 misfit=4.886043e-01 best=4.819279e-01
[NA] iter=00007 eval=02355 misfit=4.872256e-01 best=4.819279e-01
[NA] iter=00007 eval=02356 misfit=4.871793e-01 best=4.819279e-01
[NA] iter=00007 eval=02357 misfit=4.927952e-01 best=4.819279e-01
[NA] iter=00007 eval=02358 misfit=4.864605e-01 best=4.819279e-01
[NA] iter=00007 eval=02359 misfit=4.842413e-01 best=4.819279e-01
[NA] iter=00007 eval=02360 misfit=4.874508e-01 best=4.819279e-01
[NA] iter=00007 eval=02361 misfit=4.867557e-01 best=4.819279e-01
[NA] iter=00007 eval=02362 misfit=4.881717e-01 best=4.819279e-01
[NA] iter=00007 eval=02363 misfit=4.860616e-01 best=4.819279e-01
[NA] iter=00007 eval=02364 misfit=4.867329e-01 best=4.819279e-01
[NA] iter=00007 eval=02365 misfit=4.921292e-01 best=4.819279e-01
[NA] iter=00007 eval=02366 misfit=4.872378e-01 best=4.819279e-01
[NA] iter=00007 eval=02367 misfit=4.870439e-01 best=4.819279e-01
[NA] iter=00007 eval=02368 misfit=4.865310e-01 best=4.819279e-01
[NA] iter=00007 eval=02369 misfit=4.852417e-01 best=4.819279e-01
[NA] iter=00007 eval=02370 misfit=4.831701e-01 best=4.819279e-01
[NA] iter=00007 eval=02371 misfit=4.858430e-01 best=4.819279e-01
[NA] iter=00007 eval=02372 misfit=4.876409e-01 best=4.819279e-01
[NA] iter=00007 eval=02373 misfit=4.868405e-01 best=4.819279e-01
[NA] iter=00007 eval=02374 misfit=4.917072e-01 best=4.819279e-01
[NA] iter=00007 eval=02375 misfit=4.898708e-01 best=4.819279e-01
[NA] iter=00007 eval=02376 misfit=4.885649e-01 best=4.819279e-01
[NA] iter=00007 eval=02377 misfit=4.881949e-01 best=4.819279e-01
[NA] iter=00007 eval=02378 misfit=4.848950e-01 best=4.819279e-01
[NA] iter=00007 eval=02379 misfit=4.882649e-01 best=4.819279e-01
[NA] iter=00007 eval=02380 misfit=4.868565e-01 best=4.819279e-01
[NA] iter=00007 eval=02381 misfit=4.857975e-01 best=4.819279e-01
[NA] iter=00007 eval=02382 misfit=4.884846e-01 best=4.819279e-01
[NA] iter=00007 eval=02383 misfit=4.851580e-01 best=4.819279e-01
[NA] iter=00007 eval=02384 misfit=4.993864e-01 best=4.819279e-01
[NA] iter=00007 eval=02385 misfit=4.885485e-01 best=4.819279e-01
[NA] iter=00007 eval=02386 misfit=4.890953e-01 best=4.819279e-01
[NA] iter=00007 eval=02387 misfit=4.849778e-01 best=4.819279e-01
[NA] iter=00007 eval=02388 misfit=4.860491e-01 best=4.819279e-01
[NA] iter=00007 eval=02389 misfit=4.835076e-01 best=4.819279e-01
[NA] iter=00007 eval=02390 misfit=4.866725e-01 best=4.819279e-01
[NA] iter=00007 eval=02391 misfit=4.890137e-01 best=4.819279e-01
[NA] iter=00007 eval=02392 misfit=4.904091e-01 best=4.819279e-01
[NA] iter=00007 eval=02393 misfit=4.840802e-01 best=4.819279e-01
[NA] iter=00007 eval=02394 misfit=4.891492e-01 best=4.819279e-01
[NA] iter=00007 eval=02395 misfit=4.865933e-01 best=4.819279e-01
[NA] iter=00007 eval=02396 misfit=4.894193e-01 best=4.819279e-01
[NA] iter=00007 eval=02397 misfit=4.908231e-01 best=4.819279e-01
[NA] iter=00007 eval=02398 misfit=4.885595e-01 best=4.819279e-01
[NA] iter=00007 eval=02399 misfit=4.856947e-01 best=4.819279e-01
[NA] iter=00007 eval=02400 misfit=4.868175e-01 best=4.819279e-01
NAI - Optimisation Loop:  23%|██▎       | 7/30 [16:09<53:21, 139.19s/it][NA] iter=00008 eval=02401 misfit=4.842367e-01 best=4.819279e-01
[NA] iter=00008 eval=02402 misfit=4.830912e-01 best=4.819279e-01
[NA] iter=00008 eval=02403 misfit=4.829677e-01 best=4.819279e-01
[NA] iter=00008 eval=02404 misfit=4.827138e-01 best=4.819279e-01
[NA] iter=00008 eval=02405 misfit=4.821479e-01 best=4.819279e-01
[NA] iter=00008 eval=02406 misfit=4.818734e-01 best=4.818734e-01
[NA] iter=00008 eval=02407 misfit=4.826535e-01 best=4.818734e-01
[NA] iter=00008 eval=02408 misfit=4.842902e-01 best=4.818734e-01
[NA] iter=00008 eval=02409 misfit=4.829360e-01 best=4.818734e-01
[NA] iter=00008 eval=02410 misfit=4.839043e-01 best=4.818734e-01
[NA] iter=00008 eval=02411 misfit=4.843282e-01 best=4.818734e-01
[NA] iter=00008 eval=02412 misfit=4.832650e-01 best=4.818734e-01
[NA] iter=00008 eval=02413 misfit=4.866379e-01 best=4.818734e-01
[NA] iter=00008 eval=02414 misfit=4.857797e-01 best=4.818734e-01
[NA] iter=00008 eval=02415 misfit=4.826651e-01 best=4.818734e-01
[NA] iter=00008 eval=02416 misfit=4.884330e-01 best=4.818734e-01
[NA] iter=00008 eval=02417 misfit=4.843368e-01 best=4.818734e-01
[NA] iter=00008 eval=02418 misfit=4.870830e-01 best=4.818734e-01
[NA] iter=00008 eval=02419 misfit=4.816303e-01 best=4.816303e-01
[NA] iter=00008 eval=02420 misfit=4.845532e-01 best=4.816303e-01
[NA] iter=00008 eval=02421 misfit=4.863476e-01 best=4.816303e-01
[NA] iter=00008 eval=02422 misfit=4.864633e-01 best=4.816303e-01
[NA] iter=00008 eval=02423 misfit=4.848354e-01 best=4.816303e-01
[NA] iter=00008 eval=02424 misfit=4.842093e-01 best=4.816303e-01
[NA] iter=00008 eval=02425 misfit=4.855910e-01 best=4.816303e-01
[NA] iter=00008 eval=02426 misfit=4.851075e-01 best=4.816303e-01
[NA] iter=00008 eval=02427 misfit=4.861341e-01 best=4.816303e-01
[NA] iter=00008 eval=02428 misfit=4.861250e-01 best=4.816303e-01
[NA] iter=00008 eval=02429 misfit=4.884708e-01 best=4.816303e-01
[NA] iter=00008 eval=02430 misfit=4.846059e-01 best=4.816303e-01
[NA] iter=00008 eval=02431 misfit=4.844174e-01 best=4.816303e-01
[NA] iter=00008 eval=02432 misfit=4.853315e-01 best=4.816303e-01
[NA] iter=00008 eval=02433 misfit=4.829826e-01 best=4.816303e-01
[NA] iter=00008 eval=02434 misfit=4.823681e-01 best=4.816303e-01
[NA] iter=00008 eval=02435 misfit=4.823567e-01 best=4.816303e-01
[NA] iter=00008 eval=02436 misfit=4.825135e-01 best=4.816303e-01
[NA] iter=00008 eval=02437 misfit=4.842667e-01 best=4.816303e-01
[NA] iter=00008 eval=02438 misfit=4.810429e-01 best=4.810429e-01
[NA] iter=00008 eval=02439 misfit=4.840571e-01 best=4.810429e-01
[NA] iter=00008 eval=02440 misfit=4.833442e-01 best=4.810429e-01
[NA] iter=00008 eval=02441 misfit=4.824954e-01 best=4.810429e-01
[NA] iter=00008 eval=02442 misfit=4.824383e-01 best=4.810429e-01
[NA] iter=00008 eval=02443 misfit=4.814380e-01 best=4.810429e-01
[NA] iter=00008 eval=02444 misfit=4.842369e-01 best=4.810429e-01
[NA] iter=00008 eval=02445 misfit=4.844141e-01 best=4.810429e-01
[NA] iter=00008 eval=02446 misfit=4.828691e-01 best=4.810429e-01
[NA] iter=00008 eval=02447 misfit=4.835160e-01 best=4.810429e-01
[NA] iter=00008 eval=02448 misfit=4.828971e-01 best=4.810429e-01
[NA] iter=00008 eval=02449 misfit=4.821646e-01 best=4.810429e-01
[NA] iter=00008 eval=02450 misfit=4.827749e-01 best=4.810429e-01
[NA] iter=00008 eval=02451 misfit=4.852342e-01 best=4.810429e-01
[NA] iter=00008 eval=02452 misfit=4.821317e-01 best=4.810429e-01
[NA] iter=00008 eval=02453 misfit=4.828488e-01 best=4.810429e-01
[NA] iter=00008 eval=02454 misfit=4.848938e-01 best=4.810429e-01
[NA] iter=00008 eval=02455 misfit=4.849820e-01 best=4.810429e-01
[NA] iter=00008 eval=02456 misfit=4.825324e-01 best=4.810429e-01
[NA] iter=00008 eval=02457 misfit=4.817203e-01 best=4.810429e-01
[NA] iter=00008 eval=02458 misfit=4.843266e-01 best=4.810429e-01
[NA] iter=00008 eval=02459 misfit=4.837180e-01 best=4.810429e-01
[NA] iter=00008 eval=02460 misfit=4.839903e-01 best=4.810429e-01
[NA] iter=00008 eval=02461 misfit=4.833436e-01 best=4.810429e-01
[NA] iter=00008 eval=02462 misfit=4.843145e-01 best=4.810429e-01
[NA] iter=00008 eval=02463 misfit=4.848918e-01 best=4.810429e-01
[NA] iter=00008 eval=02464 misfit=4.853091e-01 best=4.810429e-01
[NA] iter=00008 eval=02465 misfit=4.836862e-01 best=4.810429e-01
[NA] iter=00008 eval=02466 misfit=4.874721e-01 best=4.810429e-01
[NA] iter=00008 eval=02467 misfit=4.840703e-01 best=4.810429e-01
[NA] iter=00008 eval=02468 misfit=4.842594e-01 best=4.810429e-01
[NA] iter=00008 eval=02469 misfit=4.863410e-01 best=4.810429e-01
[NA] iter=00008 eval=02470 misfit=4.832716e-01 best=4.810429e-01
[NA] iter=00008 eval=02471 misfit=4.863206e-01 best=4.810429e-01
[NA] iter=00008 eval=02472 misfit=4.832113e-01 best=4.810429e-01
[NA] iter=00008 eval=02473 misfit=4.832889e-01 best=4.810429e-01
[NA] iter=00008 eval=02474 misfit=4.828603e-01 best=4.810429e-01
[NA] iter=00008 eval=02475 misfit=4.837160e-01 best=4.810429e-01
[NA] iter=00008 eval=02476 misfit=4.859409e-01 best=4.810429e-01
[NA] iter=00008 eval=02477 misfit=4.848380e-01 best=4.810429e-01
[NA] iter=00008 eval=02478 misfit=4.858278e-01 best=4.810429e-01
[NA] iter=00008 eval=02479 misfit=4.850329e-01 best=4.810429e-01
[NA] iter=00008 eval=02480 misfit=4.845200e-01 best=4.810429e-01
[NA] iter=00008 eval=02481 misfit=4.835105e-01 best=4.810429e-01
[NA] iter=00008 eval=02482 misfit=4.838748e-01 best=4.810429e-01
[NA] iter=00008 eval=02483 misfit=4.847545e-01 best=4.810429e-01
[NA] iter=00008 eval=02484 misfit=4.839444e-01 best=4.810429e-01
[NA] iter=00008 eval=02485 misfit=4.843788e-01 best=4.810429e-01
[NA] iter=00008 eval=02486 misfit=4.836307e-01 best=4.810429e-01
[NA] iter=00008 eval=02487 misfit=4.836544e-01 best=4.810429e-01
[NA] iter=00008 eval=02488 misfit=4.852258e-01 best=4.810429e-01
[NA] iter=00008 eval=02489 misfit=4.871590e-01 best=4.810429e-01
[NA] iter=00008 eval=02490 misfit=4.839594e-01 best=4.810429e-01
[NA] iter=00008 eval=02491 misfit=4.836995e-01 best=4.810429e-01
[NA] iter=00008 eval=02492 misfit=4.825205e-01 best=4.810429e-01
[NA] iter=00008 eval=02493 misfit=4.839185e-01 best=4.810429e-01
[NA] iter=00008 eval=02494 misfit=4.846321e-01 best=4.810429e-01
[NA] iter=00008 eval=02495 misfit=4.837426e-01 best=4.810429e-01
[NA] iter=00008 eval=02496 misfit=4.845069e-01 best=4.810429e-01
[NA] iter=00008 eval=02497 misfit=4.829580e-01 best=4.810429e-01
[NA] iter=00008 eval=02498 misfit=4.853061e-01 best=4.810429e-01
[NA] iter=00008 eval=02499 misfit=4.842063e-01 best=4.810429e-01
[NA] iter=00008 eval=02500 misfit=4.831813e-01 best=4.810429e-01
[NA] iter=00008 eval=02501 misfit=4.832378e-01 best=4.810429e-01
[NA] iter=00008 eval=02502 misfit=4.835925e-01 best=4.810429e-01
[NA] iter=00008 eval=02503 misfit=4.839477e-01 best=4.810429e-01
[NA] iter=00008 eval=02504 misfit=4.835110e-01 best=4.810429e-01
[NA] iter=00008 eval=02505 misfit=4.825099e-01 best=4.810429e-01
[NA] iter=00008 eval=02506 misfit=4.826968e-01 best=4.810429e-01
[NA] iter=00008 eval=02507 misfit=4.852942e-01 best=4.810429e-01
[NA] iter=00008 eval=02508 misfit=4.834353e-01 best=4.810429e-01
[NA] iter=00008 eval=02509 misfit=4.830939e-01 best=4.810429e-01
[NA] iter=00008 eval=02510 misfit=4.829105e-01 best=4.810429e-01
[NA] iter=00008 eval=02511 misfit=4.846652e-01 best=4.810429e-01
[NA] iter=00008 eval=02512 misfit=4.856758e-01 best=4.810429e-01
[NA] iter=00008 eval=02513 misfit=4.840962e-01 best=4.810429e-01
[NA] iter=00008 eval=02514 misfit=4.849341e-01 best=4.810429e-01
[NA] iter=00008 eval=02515 misfit=4.841383e-01 best=4.810429e-01
[NA] iter=00008 eval=02516 misfit=4.834016e-01 best=4.810429e-01
[NA] iter=00008 eval=02517 misfit=4.829324e-01 best=4.810429e-01
[NA] iter=00008 eval=02518 misfit=4.830569e-01 best=4.810429e-01
[NA] iter=00008 eval=02519 misfit=4.830043e-01 best=4.810429e-01
[NA] iter=00008 eval=02520 misfit=4.843365e-01 best=4.810429e-01
[NA] iter=00008 eval=02521 misfit=4.820750e-01 best=4.810429e-01
[NA] iter=00008 eval=02522 misfit=4.838031e-01 best=4.810429e-01
[NA] iter=00008 eval=02523 misfit=4.819150e-01 best=4.810429e-01
[NA] iter=00008 eval=02524 misfit=4.860377e-01 best=4.810429e-01
[NA] iter=00008 eval=02525 misfit=4.854445e-01 best=4.810429e-01
[NA] iter=00008 eval=02526 misfit=4.823392e-01 best=4.810429e-01
[NA] iter=00008 eval=02527 misfit=4.840134e-01 best=4.810429e-01
[NA] iter=00008 eval=02528 misfit=4.850803e-01 best=4.810429e-01
[NA] iter=00008 eval=02529 misfit=4.854206e-01 best=4.810429e-01
[NA] iter=00008 eval=02530 misfit=4.830819e-01 best=4.810429e-01
[NA] iter=00008 eval=02531 misfit=4.843463e-01 best=4.810429e-01
[NA] iter=00008 eval=02532 misfit=4.862723e-01 best=4.810429e-01
[NA] iter=00008 eval=02533 misfit=4.834686e-01 best=4.810429e-01
[NA] iter=00008 eval=02534 misfit=4.843153e-01 best=4.810429e-01
[NA] iter=00008 eval=02535 misfit=4.841533e-01 best=4.810429e-01
[NA] iter=00008 eval=02536 misfit=4.849651e-01 best=4.810429e-01
[NA] iter=00008 eval=02537 misfit=4.845999e-01 best=4.810429e-01
[NA] iter=00008 eval=02538 misfit=4.832379e-01 best=4.810429e-01
[NA] iter=00008 eval=02539 misfit=4.839754e-01 best=4.810429e-01
[NA] iter=00008 eval=02540 misfit=4.838234e-01 best=4.810429e-01
[NA] iter=00008 eval=02541 misfit=4.863236e-01 best=4.810429e-01
[NA] iter=00008 eval=02542 misfit=4.854394e-01 best=4.810429e-01
[NA] iter=00008 eval=02543 misfit=4.854417e-01 best=4.810429e-01
[NA] iter=00008 eval=02544 misfit=4.857469e-01 best=4.810429e-01
[NA] iter=00008 eval=02545 misfit=4.846451e-01 best=4.810429e-01
[NA] iter=00008 eval=02546 misfit=4.867824e-01 best=4.810429e-01
[NA] iter=00008 eval=02547 misfit=4.835966e-01 best=4.810429e-01
[NA] iter=00008 eval=02548 misfit=4.870415e-01 best=4.810429e-01
[NA] iter=00008 eval=02549 misfit=4.866146e-01 best=4.810429e-01
[NA] iter=00008 eval=02550 misfit=4.871132e-01 best=4.810429e-01
[NA] iter=00008 eval=02551 misfit=4.845224e-01 best=4.810429e-01
[NA] iter=00008 eval=02552 misfit=4.841896e-01 best=4.810429e-01
[NA] iter=00008 eval=02553 misfit=4.831857e-01 best=4.810429e-01
[NA] iter=00008 eval=02554 misfit=4.845703e-01 best=4.810429e-01
[NA] iter=00008 eval=02555 misfit=4.847108e-01 best=4.810429e-01
[NA] iter=00008 eval=02556 misfit=4.850722e-01 best=4.810429e-01
[NA] iter=00008 eval=02557 misfit=4.845225e-01 best=4.810429e-01
[NA] iter=00008 eval=02558 misfit=4.846695e-01 best=4.810429e-01
[NA] iter=00008 eval=02559 misfit=4.854833e-01 best=4.810429e-01
[NA] iter=00008 eval=02560 misfit=4.839767e-01 best=4.810429e-01
[NA] iter=00008 eval=02561 misfit=4.836845e-01 best=4.810429e-01
[NA] iter=00008 eval=02562 misfit=4.859984e-01 best=4.810429e-01
[NA] iter=00008 eval=02563 misfit=4.854650e-01 best=4.810429e-01
[NA] iter=00008 eval=02564 misfit=4.860081e-01 best=4.810429e-01
[NA] iter=00008 eval=02565 misfit=4.840803e-01 best=4.810429e-01
[NA] iter=00008 eval=02566 misfit=4.838031e-01 best=4.810429e-01
[NA] iter=00008 eval=02567 misfit=4.856722e-01 best=4.810429e-01
[NA] iter=00008 eval=02568 misfit=4.844223e-01 best=4.810429e-01
[NA] iter=00008 eval=02569 misfit=4.843008e-01 best=4.810429e-01
[NA] iter=00008 eval=02570 misfit=4.861213e-01 best=4.810429e-01
[NA] iter=00008 eval=02571 misfit=4.870921e-01 best=4.810429e-01
[NA] iter=00008 eval=02572 misfit=4.873617e-01 best=4.810429e-01
[NA] iter=00008 eval=02573 misfit=4.862634e-01 best=4.810429e-01
[NA] iter=00008 eval=02574 misfit=4.837479e-01 best=4.810429e-01
[NA] iter=00008 eval=02575 misfit=4.846817e-01 best=4.810429e-01
[NA] iter=00008 eval=02576 misfit=4.832026e-01 best=4.810429e-01
[NA] iter=00008 eval=02577 misfit=4.812576e-01 best=4.810429e-01
[NA] iter=00008 eval=02578 misfit=4.844865e-01 best=4.810429e-01
[NA] iter=00008 eval=02579 misfit=4.870784e-01 best=4.810429e-01
[NA] iter=00008 eval=02580 misfit=4.837434e-01 best=4.810429e-01
[NA] iter=00008 eval=02581 misfit=4.931883e-01 best=4.810429e-01
[NA] iter=00008 eval=02582 misfit=4.856936e-01 best=4.810429e-01
[NA] iter=00008 eval=02583 misfit=4.906160e-01 best=4.810429e-01
[NA] iter=00008 eval=02584 misfit=4.893494e-01 best=4.810429e-01
[NA] iter=00008 eval=02585 misfit=4.833437e-01 best=4.810429e-01
[NA] iter=00008 eval=02586 misfit=4.868074e-01 best=4.810429e-01
[NA] iter=00008 eval=02587 misfit=4.871819e-01 best=4.810429e-01
[NA] iter=00008 eval=02588 misfit=4.877240e-01 best=4.810429e-01
[NA] iter=00008 eval=02589 misfit=4.868823e-01 best=4.810429e-01
[NA] iter=00008 eval=02590 misfit=5.032321e-01 best=4.810429e-01
[NA] iter=00008 eval=02591 misfit=4.858526e-01 best=4.810429e-01
[NA] iter=00008 eval=02592 misfit=4.860142e-01 best=4.810429e-01
[NA] iter=00008 eval=02593 misfit=4.835435e-01 best=4.810429e-01
[NA] iter=00008 eval=02594 misfit=4.829950e-01 best=4.810429e-01
[NA] iter=00008 eval=02595 misfit=4.838110e-01 best=4.810429e-01
[NA] iter=00008 eval=02596 misfit=4.858468e-01 best=4.810429e-01
[NA] iter=00008 eval=02597 misfit=4.838734e-01 best=4.810429e-01
[NA] iter=00008 eval=02598 misfit=4.861562e-01 best=4.810429e-01
[NA] iter=00008 eval=02599 misfit=4.832611e-01 best=4.810429e-01
[NA] iter=00008 eval=02600 misfit=4.849802e-01 best=4.810429e-01
NAI - Optimisation Loop:  27%|██▋       | 8/30 [18:24<50:30, 137.75s/it][NA] iter=00009 eval=02601 misfit=4.838744e-01 best=4.810429e-01
[NA] iter=00009 eval=02602 misfit=4.829397e-01 best=4.810429e-01
[NA] iter=00009 eval=02603 misfit=4.833943e-01 best=4.810429e-01
[NA] iter=00009 eval=02604 misfit=4.817635e-01 best=4.810429e-01
[NA] iter=00009 eval=02605 misfit=4.817960e-01 best=4.810429e-01
[NA] iter=00009 eval=02606 misfit=4.838675e-01 best=4.810429e-01
[NA] iter=00009 eval=02607 misfit=4.840013e-01 best=4.810429e-01
[NA] iter=00009 eval=02608 misfit=4.843012e-01 best=4.810429e-01
[NA] iter=00009 eval=02609 misfit=4.837541e-01 best=4.810429e-01
[NA] iter=00009 eval=02610 misfit=4.842734e-01 best=4.810429e-01
[NA] iter=00009 eval=02611 misfit=4.846520e-01 best=4.810429e-01
[NA] iter=00009 eval=02612 misfit=4.854278e-01 best=4.810429e-01
[NA] iter=00009 eval=02613 misfit=4.825994e-01 best=4.810429e-01
[NA] iter=00009 eval=02614 misfit=4.835801e-01 best=4.810429e-01
[NA] iter=00009 eval=02615 misfit=4.835217e-01 best=4.810429e-01
[NA] iter=00009 eval=02616 misfit=4.819358e-01 best=4.810429e-01
[NA] iter=00009 eval=02617 misfit=4.839440e-01 best=4.810429e-01
[NA] iter=00009 eval=02618 misfit=4.830818e-01 best=4.810429e-01
[NA] iter=00009 eval=02619 misfit=4.829038e-01 best=4.810429e-01
[NA] iter=00009 eval=02620 misfit=4.843689e-01 best=4.810429e-01
[NA] iter=00009 eval=02621 misfit=4.841328e-01 best=4.810429e-01
[NA] iter=00009 eval=02622 misfit=4.834675e-01 best=4.810429e-01
[NA] iter=00009 eval=02623 misfit=4.828616e-01 best=4.810429e-01
[NA] iter=00009 eval=02624 misfit=4.820502e-01 best=4.810429e-01
[NA] iter=00009 eval=02625 misfit=4.823397e-01 best=4.810429e-01
[NA] iter=00009 eval=02626 misfit=4.837400e-01 best=4.810429e-01
[NA] iter=00009 eval=02627 misfit=4.833083e-01 best=4.810429e-01
[NA] iter=00009 eval=02628 misfit=4.825530e-01 best=4.810429e-01
[NA] iter=00009 eval=02629 misfit=4.818698e-01 best=4.810429e-01
[NA] iter=00009 eval=02630 misfit=4.837248e-01 best=4.810429e-01
[NA] iter=00009 eval=02631 misfit=4.845082e-01 best=4.810429e-01
[NA] iter=00009 eval=02632 misfit=4.823799e-01 best=4.810429e-01
[NA] iter=00009 eval=02633 misfit=4.814380e-01 best=4.810429e-01
[NA] iter=00009 eval=02634 misfit=4.839596e-01 best=4.810429e-01
[NA] iter=00009 eval=02635 misfit=4.820900e-01 best=4.810429e-01
[NA] iter=00009 eval=02636 misfit=4.820035e-01 best=4.810429e-01
[NA] iter=00009 eval=02637 misfit=4.846970e-01 best=4.810429e-01
[NA] iter=00009 eval=02638 misfit=4.821352e-01 best=4.810429e-01
[NA] iter=00009 eval=02639 misfit=4.834408e-01 best=4.810429e-01
[NA] iter=00009 eval=02640 misfit=4.849759e-01 best=4.810429e-01
[NA] iter=00009 eval=02641 misfit=4.809023e-01 best=4.809023e-01
[NA] iter=00009 eval=02642 misfit=4.825136e-01 best=4.809023e-01
[NA] iter=00009 eval=02643 misfit=4.823172e-01 best=4.809023e-01
[NA] iter=00009 eval=02644 misfit=4.824246e-01 best=4.809023e-01
[NA] iter=00009 eval=02645 misfit=4.826897e-01 best=4.809023e-01
[NA] iter=00009 eval=02646 misfit=4.823868e-01 best=4.809023e-01
[NA] iter=00009 eval=02647 misfit=4.823695e-01 best=4.809023e-01
[NA] iter=00009 eval=02648 misfit=4.823561e-01 best=4.809023e-01
[NA] iter=00009 eval=02649 misfit=4.815914e-01 best=4.809023e-01
[NA] iter=00009 eval=02650 misfit=4.826703e-01 best=4.809023e-01
[NA] iter=00009 eval=02651 misfit=4.818490e-01 best=4.809023e-01
[NA] iter=00009 eval=02652 misfit=4.817698e-01 best=4.809023e-01
[NA] iter=00009 eval=02653 misfit=4.820419e-01 best=4.809023e-01
[NA] iter=00009 eval=02654 misfit=4.823340e-01 best=4.809023e-01
[NA] iter=00009 eval=02655 misfit=4.815783e-01 best=4.809023e-01
[NA] iter=00009 eval=02656 misfit=4.819168e-01 best=4.809023e-01
[NA] iter=00009 eval=02657 misfit=4.817696e-01 best=4.809023e-01
[NA] iter=00009 eval=02658 misfit=4.843047e-01 best=4.809023e-01
[NA] iter=00009 eval=02659 misfit=4.837324e-01 best=4.809023e-01
[NA] iter=00009 eval=02660 misfit=4.824927e-01 best=4.809023e-01
[NA] iter=00009 eval=02661 misfit=4.888252e-01 best=4.809023e-01
[NA] iter=00009 eval=02662 misfit=4.860138e-01 best=4.809023e-01
[NA] iter=00009 eval=02663 misfit=4.847631e-01 best=4.809023e-01
[NA] iter=00009 eval=02664 misfit=4.855644e-01 best=4.809023e-01
[NA] iter=00009 eval=02665 misfit=4.875586e-01 best=4.809023e-01
[NA] iter=00009 eval=02666 misfit=4.852247e-01 best=4.809023e-01
[NA] iter=00009 eval=02667 misfit=4.870419e-01 best=4.809023e-01
[NA] iter=00009 eval=02668 misfit=4.849114e-01 best=4.809023e-01
[NA] iter=00009 eval=02669 misfit=4.851582e-01 best=4.809023e-01
[NA] iter=00009 eval=02670 misfit=4.878141e-01 best=4.809023e-01
[NA] iter=00009 eval=02671 misfit=4.818776e-01 best=4.809023e-01
[NA] iter=00009 eval=02672 misfit=4.823143e-01 best=4.809023e-01
[NA] iter=00009 eval=02673 misfit=4.827580e-01 best=4.809023e-01
[NA] iter=00009 eval=02674 misfit=4.821584e-01 best=4.809023e-01
[NA] iter=00009 eval=02675 misfit=4.825876e-01 best=4.809023e-01
[NA] iter=00009 eval=02676 misfit=4.817359e-01 best=4.809023e-01
[NA] iter=00009 eval=02677 misfit=4.823861e-01 best=4.809023e-01
[NA] iter=00009 eval=02678 misfit=4.825177e-01 best=4.809023e-01
[NA] iter=00009 eval=02679 misfit=4.826528e-01 best=4.809023e-01
[NA] iter=00009 eval=02680 misfit=4.826578e-01 best=4.809023e-01
[NA] iter=00009 eval=02681 misfit=4.842179e-01 best=4.809023e-01
[NA] iter=00009 eval=02682 misfit=4.825404e-01 best=4.809023e-01
[NA] iter=00009 eval=02683 misfit=4.826581e-01 best=4.809023e-01
[NA] iter=00009 eval=02684 misfit=4.855729e-01 best=4.809023e-01
[NA] iter=00009 eval=02685 misfit=4.849848e-01 best=4.809023e-01
[NA] iter=00009 eval=02686 misfit=4.830582e-01 best=4.809023e-01
[NA] iter=00009 eval=02687 misfit=4.831483e-01 best=4.809023e-01
[NA] iter=00009 eval=02688 misfit=4.832199e-01 best=4.809023e-01
[NA] iter=00009 eval=02689 misfit=4.848257e-01 best=4.809023e-01
[NA] iter=00009 eval=02690 misfit=4.831376e-01 best=4.809023e-01
[NA] iter=00009 eval=02691 misfit=4.861313e-01 best=4.809023e-01
[NA] iter=00009 eval=02692 misfit=4.822312e-01 best=4.809023e-01
[NA] iter=00009 eval=02693 misfit=4.843060e-01 best=4.809023e-01
[NA] iter=00009 eval=02694 misfit=4.839058e-01 best=4.809023e-01
[NA] iter=00009 eval=02695 misfit=4.838764e-01 best=4.809023e-01
[NA] iter=00009 eval=02696 misfit=4.812525e-01 best=4.809023e-01
[NA] iter=00009 eval=02697 misfit=4.833004e-01 best=4.809023e-01
[NA] iter=00009 eval=02698 misfit=4.842657e-01 best=4.809023e-01
[NA] iter=00009 eval=02699 misfit=4.838740e-01 best=4.809023e-01
[NA] iter=00009 eval=02700 misfit=4.853853e-01 best=4.809023e-01
[NA] iter=00009 eval=02701 misfit=4.836834e-01 best=4.809023e-01
[NA] iter=00009 eval=02702 misfit=4.829462e-01 best=4.809023e-01
[NA] iter=00009 eval=02703 misfit=4.819264e-01 best=4.809023e-01
[NA] iter=00009 eval=02704 misfit=4.823496e-01 best=4.809023e-01
[NA] iter=00009 eval=02705 misfit=4.819522e-01 best=4.809023e-01
[NA] iter=00009 eval=02706 misfit=4.818917e-01 best=4.809023e-01
[NA] iter=00009 eval=02707 misfit=4.818470e-01 best=4.809023e-01
[NA] iter=00009 eval=02708 misfit=4.832308e-01 best=4.809023e-01
[NA] iter=00009 eval=02709 misfit=4.827102e-01 best=4.809023e-01
[NA] iter=00009 eval=02710 misfit=4.821710e-01 best=4.809023e-01
[NA] iter=00009 eval=02711 misfit=4.827633e-01 best=4.809023e-01
[NA] iter=00009 eval=02712 misfit=4.818079e-01 best=4.809023e-01
[NA] iter=00009 eval=02713 misfit=4.822871e-01 best=4.809023e-01
[NA] iter=00009 eval=02714 misfit=4.826342e-01 best=4.809023e-01
[NA] iter=00009 eval=02715 misfit=4.819243e-01 best=4.809023e-01
[NA] iter=00009 eval=02716 misfit=4.822493e-01 best=4.809023e-01
[NA] iter=00009 eval=02717 misfit=4.825985e-01 best=4.809023e-01
[NA] iter=00009 eval=02718 misfit=4.827416e-01 best=4.809023e-01
[NA] iter=00009 eval=02719 misfit=4.819331e-01 best=4.809023e-01
[NA] iter=00009 eval=02720 misfit=4.821000e-01 best=4.809023e-01
[NA] iter=00009 eval=02721 misfit=4.818704e-01 best=4.809023e-01
[NA] iter=00009 eval=02722 misfit=4.824409e-01 best=4.809023e-01
[NA] iter=00009 eval=02723 misfit=4.832612e-01 best=4.809023e-01
[NA] iter=00009 eval=02724 misfit=4.835501e-01 best=4.809023e-01
[NA] iter=00009 eval=02725 misfit=4.836251e-01 best=4.809023e-01
[NA] iter=00009 eval=02726 misfit=4.835808e-01 best=4.809023e-01
[NA] iter=00009 eval=02727 misfit=4.855569e-01 best=4.809023e-01
[NA] iter=00009 eval=02728 misfit=4.821033e-01 best=4.809023e-01
[NA] iter=00009 eval=02729 misfit=4.827570e-01 best=4.809023e-01
[NA] iter=00009 eval=02730 misfit=4.859621e-01 best=4.809023e-01
[NA] iter=00009 eval=02731 misfit=4.853215e-01 best=4.809023e-01
[NA] iter=00009 eval=02732 misfit=4.829772e-01 best=4.809023e-01
[NA] iter=00009 eval=02733 misfit=4.861445e-01 best=4.809023e-01
[NA] iter=00009 eval=02734 misfit=4.836176e-01 best=4.809023e-01
[NA] iter=00009 eval=02735 misfit=4.857632e-01 best=4.809023e-01
[NA] iter=00009 eval=02736 misfit=4.822344e-01 best=4.809023e-01
[NA] iter=00009 eval=02737 misfit=4.818816e-01 best=4.809023e-01
[NA] iter=00009 eval=02738 misfit=4.818389e-01 best=4.809023e-01
[NA] iter=00009 eval=02739 misfit=4.850334e-01 best=4.809023e-01
[NA] iter=00009 eval=02740 misfit=4.841949e-01 best=4.809023e-01
[NA] iter=00009 eval=02741 misfit=4.833898e-01 best=4.809023e-01
[NA] iter=00009 eval=02742 misfit=4.840802e-01 best=4.809023e-01
[NA] iter=00009 eval=02743 misfit=4.823133e-01 best=4.809023e-01
[NA] iter=00009 eval=02744 misfit=4.818582e-01 best=4.809023e-01
[NA] iter=00009 eval=02745 misfit=4.837889e-01 best=4.809023e-01
[NA] iter=00009 eval=02746 misfit=4.817451e-01 best=4.809023e-01
[NA] iter=00009 eval=02747 misfit=4.830647e-01 best=4.809023e-01
[NA] iter=00009 eval=02748 misfit=4.818115e-01 best=4.809023e-01
[NA] iter=00009 eval=02749 misfit=4.834016e-01 best=4.809023e-01
[NA] iter=00009 eval=02750 misfit=4.829113e-01 best=4.809023e-01
[NA] iter=00009 eval=02751 misfit=4.826212e-01 best=4.809023e-01
[NA] iter=00009 eval=02752 misfit=4.830219e-01 best=4.809023e-01
[NA] iter=00009 eval=02753 misfit=4.832403e-01 best=4.809023e-01
[NA] iter=00009 eval=02754 misfit=4.830560e-01 best=4.809023e-01
[NA] iter=00009 eval=02755 misfit=4.829712e-01 best=4.809023e-01
[NA] iter=00009 eval=02756 misfit=4.834550e-01 best=4.809023e-01
[NA] iter=00009 eval=02757 misfit=4.831143e-01 best=4.809023e-01
[NA] iter=00009 eval=02758 misfit=4.818373e-01 best=4.809023e-01
[NA] iter=00009 eval=02759 misfit=4.831384e-01 best=4.809023e-01
[NA] iter=00009 eval=02760 misfit=4.832798e-01 best=4.809023e-01
[NA] iter=00009 eval=02761 misfit=4.860210e-01 best=4.809023e-01
[NA] iter=00009 eval=02762 misfit=4.842483e-01 best=4.809023e-01
[NA] iter=00009 eval=02763 misfit=4.844958e-01 best=4.809023e-01
[NA] iter=00009 eval=02764 misfit=4.832359e-01 best=4.809023e-01
[NA] iter=00009 eval=02765 misfit=4.841643e-01 best=4.809023e-01
[NA] iter=00009 eval=02766 misfit=4.838329e-01 best=4.809023e-01
[NA] iter=00009 eval=02767 misfit=4.841632e-01 best=4.809023e-01
[NA] iter=00009 eval=02768 misfit=4.854782e-01 best=4.809023e-01
[NA] iter=00009 eval=02769 misfit=4.836130e-01 best=4.809023e-01
[NA] iter=00009 eval=02770 misfit=4.814534e-01 best=4.809023e-01
[NA] iter=00009 eval=02771 misfit=4.831425e-01 best=4.809023e-01
[NA] iter=00009 eval=02772 misfit=4.831040e-01 best=4.809023e-01
[NA] iter=00009 eval=02773 misfit=4.848560e-01 best=4.809023e-01
[NA] iter=00009 eval=02774 misfit=4.833551e-01 best=4.809023e-01
[NA] iter=00009 eval=02775 misfit=4.833595e-01 best=4.809023e-01
[NA] iter=00009 eval=02776 misfit=4.829914e-01 best=4.809023e-01
[NA] iter=00009 eval=02777 misfit=4.830396e-01 best=4.809023e-01
[NA] iter=00009 eval=02778 misfit=4.822472e-01 best=4.809023e-01
[NA] iter=00009 eval=02779 misfit=4.830860e-01 best=4.809023e-01
[NA] iter=00009 eval=02780 misfit=4.836262e-01 best=4.809023e-01
[NA] iter=00009 eval=02781 misfit=4.817910e-01 best=4.809023e-01
[NA] iter=00009 eval=02782 misfit=4.833823e-01 best=4.809023e-01
[NA] iter=00009 eval=02783 misfit=4.831992e-01 best=4.809023e-01
[NA] iter=00009 eval=02784 misfit=4.824401e-01 best=4.809023e-01
[NA] iter=00009 eval=02785 misfit=4.825152e-01 best=4.809023e-01
[NA] iter=00009 eval=02786 misfit=4.822698e-01 best=4.809023e-01
[NA] iter=00009 eval=02787 misfit=4.825250e-01 best=4.809023e-01
[NA] iter=00009 eval=02788 misfit=4.817593e-01 best=4.809023e-01
[NA] iter=00009 eval=02789 misfit=4.820341e-01 best=4.809023e-01
[NA] iter=00009 eval=02790 misfit=4.824912e-01 best=4.809023e-01
[NA] iter=00009 eval=02791 misfit=4.833228e-01 best=4.809023e-01
[NA] iter=00009 eval=02792 misfit=4.824791e-01 best=4.809023e-01
[NA] iter=00009 eval=02793 misfit=4.824071e-01 best=4.809023e-01
[NA] iter=00009 eval=02794 misfit=4.833824e-01 best=4.809023e-01
[NA] iter=00009 eval=02795 misfit=4.834409e-01 best=4.809023e-01
[NA] iter=00009 eval=02796 misfit=4.827409e-01 best=4.809023e-01
[NA] iter=00009 eval=02797 misfit=4.823068e-01 best=4.809023e-01
[NA] iter=00009 eval=02798 misfit=4.826725e-01 best=4.809023e-01
[NA] iter=00009 eval=02799 misfit=4.831684e-01 best=4.809023e-01
[NA] iter=00009 eval=02800 misfit=4.826143e-01 best=4.809023e-01
NAI - Optimisation Loop:  30%|███       | 9/30 [20:39<47:53, 136.85s/it][NA] iter=00010 eval=02801 misfit=4.822701e-01 best=4.809023e-01
[NA] iter=00010 eval=02802 misfit=4.826220e-01 best=4.809023e-01
[NA] iter=00010 eval=02803 misfit=4.839919e-01 best=4.809023e-01
[NA] iter=00010 eval=02804 misfit=4.820288e-01 best=4.809023e-01
[NA] iter=00010 eval=02805 misfit=4.815260e-01 best=4.809023e-01
[NA] iter=00010 eval=02806 misfit=4.843700e-01 best=4.809023e-01
[NA] iter=00010 eval=02807 misfit=4.815539e-01 best=4.809023e-01
[NA] iter=00010 eval=02808 misfit=4.815407e-01 best=4.809023e-01
[NA] iter=00010 eval=02809 misfit=4.807715e-01 best=4.807715e-01
[NA] iter=00010 eval=02810 misfit=4.821631e-01 best=4.807715e-01
[NA] iter=00010 eval=02811 misfit=4.815704e-01 best=4.807715e-01
[NA] iter=00010 eval=02812 misfit=4.819061e-01 best=4.807715e-01
[NA] iter=00010 eval=02813 misfit=4.815037e-01 best=4.807715e-01
[NA] iter=00010 eval=02814 misfit=4.810005e-01 best=4.807715e-01
[NA] iter=00010 eval=02815 misfit=4.825477e-01 best=4.807715e-01
[NA] iter=00010 eval=02816 misfit=4.821039e-01 best=4.807715e-01
[NA] iter=00010 eval=02817 misfit=4.839287e-01 best=4.807715e-01
[NA] iter=00010 eval=02818 misfit=4.813137e-01 best=4.807715e-01
[NA] iter=00010 eval=02819 misfit=4.814825e-01 best=4.807715e-01
[NA] iter=00010 eval=02820 misfit=4.816454e-01 best=4.807715e-01
[NA] iter=00010 eval=02821 misfit=4.814406e-01 best=4.807715e-01
[NA] iter=00010 eval=02822 misfit=4.814436e-01 best=4.807715e-01
[NA] iter=00010 eval=02823 misfit=4.809887e-01 best=4.807715e-01
[NA] iter=00010 eval=02824 misfit=4.814488e-01 best=4.807715e-01
[NA] iter=00010 eval=02825 misfit=4.816041e-01 best=4.807715e-01
[NA] iter=00010 eval=02826 misfit=4.820500e-01 best=4.807715e-01
[NA] iter=00010 eval=02827 misfit=4.815153e-01 best=4.807715e-01
[NA] iter=00010 eval=02828 misfit=4.811534e-01 best=4.807715e-01
[NA] iter=00010 eval=02829 misfit=4.816333e-01 best=4.807715e-01
[NA] iter=00010 eval=02830 misfit=4.813907e-01 best=4.807715e-01
[NA] iter=00010 eval=02831 misfit=4.820530e-01 best=4.807715e-01
[NA] iter=00010 eval=02832 misfit=4.831341e-01 best=4.807715e-01
[NA] iter=00010 eval=02833 misfit=4.824026e-01 best=4.807715e-01
[NA] iter=00010 eval=02834 misfit=4.820087e-01 best=4.807715e-01
[NA] iter=00010 eval=02835 misfit=4.831665e-01 best=4.807715e-01
[NA] iter=00010 eval=02836 misfit=4.816733e-01 best=4.807715e-01
[NA] iter=00010 eval=02837 misfit=4.817173e-01 best=4.807715e-01
[NA] iter=00010 eval=02838 misfit=4.821299e-01 best=4.807715e-01
[NA] iter=00010 eval=02839 misfit=4.829321e-01 best=4.807715e-01
[NA] iter=00010 eval=02840 misfit=4.828943e-01 best=4.807715e-01
[NA] iter=00010 eval=02841 misfit=4.834331e-01 best=4.807715e-01
[NA] iter=00010 eval=02842 misfit=4.809013e-01 best=4.807715e-01
[NA] iter=00010 eval=02843 misfit=4.818806e-01 best=4.807715e-01
[NA] iter=00010 eval=02844 misfit=4.809988e-01 best=4.807715e-01
[NA] iter=00010 eval=02845 misfit=4.819678e-01 best=4.807715e-01
[NA] iter=00010 eval=02846 misfit=4.834845e-01 best=4.807715e-01
[NA] iter=00010 eval=02847 misfit=4.809858e-01 best=4.807715e-01
[NA] iter=00010 eval=02848 misfit=4.810728e-01 best=4.807715e-01
[NA] iter=00010 eval=02849 misfit=4.833716e-01 best=4.807715e-01
[NA] iter=00010 eval=02850 misfit=4.814508e-01 best=4.807715e-01
[NA] iter=00010 eval=02851 misfit=4.850791e-01 best=4.807715e-01
[NA] iter=00010 eval=02852 misfit=4.847913e-01 best=4.807715e-01
[NA] iter=00010 eval=02853 misfit=4.818791e-01 best=4.807715e-01
[NA] iter=00010 eval=02854 misfit=4.827250e-01 best=4.807715e-01
[NA] iter=00010 eval=02855 misfit=4.833748e-01 best=4.807715e-01
[NA] iter=00010 eval=02856 misfit=4.845772e-01 best=4.807715e-01
[NA] iter=00010 eval=02857 misfit=4.846966e-01 best=4.807715e-01
[NA] iter=00010 eval=02858 misfit=4.856887e-01 best=4.807715e-01
[NA] iter=00010 eval=02859 misfit=4.838634e-01 best=4.807715e-01
[NA] iter=00010 eval=02860 misfit=4.836172e-01 best=4.807715e-01
[NA] iter=00010 eval=02861 misfit=4.817280e-01 best=4.807715e-01
[NA] iter=00010 eval=02862 misfit=4.837294e-01 best=4.807715e-01
[NA] iter=00010 eval=02863 misfit=4.823471e-01 best=4.807715e-01
[NA] iter=00010 eval=02864 misfit=4.833778e-01 best=4.807715e-01
[NA] iter=00010 eval=02865 misfit=4.816229e-01 best=4.807715e-01
[NA] iter=00010 eval=02866 misfit=4.834400e-01 best=4.807715e-01
[NA] iter=00010 eval=02867 misfit=4.821239e-01 best=4.807715e-01
[NA] iter=00010 eval=02868 misfit=4.813556e-01 best=4.807715e-01
[NA] iter=00010 eval=02869 misfit=4.837173e-01 best=4.807715e-01
[NA] iter=00010 eval=02870 misfit=4.824786e-01 best=4.807715e-01
[NA] iter=00010 eval=02871 misfit=4.827606e-01 best=4.807715e-01
[NA] iter=00010 eval=02872 misfit=4.820170e-01 best=4.807715e-01
[NA] iter=00010 eval=02873 misfit=4.812600e-01 best=4.807715e-01
[NA] iter=00010 eval=02874 misfit=4.817201e-01 best=4.807715e-01
[NA] iter=00010 eval=02875 misfit=4.817190e-01 best=4.807715e-01
[NA] iter=00010 eval=02876 misfit=4.830828e-01 best=4.807715e-01
[NA] iter=00010 eval=02877 misfit=4.827936e-01 best=4.807715e-01
[NA] iter=00010 eval=02878 misfit=4.815210e-01 best=4.807715e-01
[NA] iter=00010 eval=02879 misfit=4.839153e-01 best=4.807715e-01
[NA] iter=00010 eval=02880 misfit=4.814630e-01 best=4.807715e-01
[NA] iter=00010 eval=02881 misfit=4.826115e-01 best=4.807715e-01
[NA] iter=00010 eval=02882 misfit=4.824507e-01 best=4.807715e-01
[NA] iter=00010 eval=02883 misfit=4.822207e-01 best=4.807715e-01
[NA] iter=00010 eval=02884 misfit=4.848904e-01 best=4.807715e-01
[NA] iter=00010 eval=02885 misfit=4.830061e-01 best=4.807715e-01
[NA] iter=00010 eval=02886 misfit=4.815899e-01 best=4.807715e-01
[NA] iter=00010 eval=02887 misfit=4.848054e-01 best=4.807715e-01
[NA] iter=00010 eval=02888 misfit=4.812071e-01 best=4.807715e-01
[NA] iter=00010 eval=02889 misfit=4.851601e-01 best=4.807715e-01
[NA] iter=00010 eval=02890 misfit=4.817234e-01 best=4.807715e-01
[NA] iter=00010 eval=02891 misfit=4.825472e-01 best=4.807715e-01
[NA] iter=00010 eval=02892 misfit=4.838438e-01 best=4.807715e-01
[NA] iter=00010 eval=02893 misfit=4.839785e-01 best=4.807715e-01
[NA] iter=00010 eval=02894 misfit=4.823895e-01 best=4.807715e-01
[NA] iter=00010 eval=02895 misfit=4.819403e-01 best=4.807715e-01
[NA] iter=00010 eval=02896 misfit=4.840627e-01 best=4.807715e-01
[NA] iter=00010 eval=02897 misfit=4.854870e-01 best=4.807715e-01
[NA] iter=00010 eval=02898 misfit=4.845510e-01 best=4.807715e-01
[NA] iter=00010 eval=02899 misfit=4.838287e-01 best=4.807715e-01
[NA] iter=00010 eval=02900 misfit=4.847414e-01 best=4.807715e-01
[NA] iter=00010 eval=02901 misfit=4.818664e-01 best=4.807715e-01
[NA] iter=00010 eval=02902 misfit=4.823311e-01 best=4.807715e-01
[NA] iter=00010 eval=02903 misfit=4.816192e-01 best=4.807715e-01
[NA] iter=00010 eval=02904 misfit=4.822041e-01 best=4.807715e-01
[NA] iter=00010 eval=02905 misfit=4.821677e-01 best=4.807715e-01
[NA] iter=00010 eval=02906 misfit=4.823072e-01 best=4.807715e-01
[NA] iter=00010 eval=02907 misfit=4.817118e-01 best=4.807715e-01
[NA] iter=00010 eval=02908 misfit=4.824367e-01 best=4.807715e-01
[NA] iter=00010 eval=02909 misfit=4.819366e-01 best=4.807715e-01
[NA] iter=00010 eval=02910 misfit=4.823095e-01 best=4.807715e-01
[NA] iter=00010 eval=02911 misfit=4.822540e-01 best=4.807715e-01
[NA] iter=00010 eval=02912 misfit=4.816379e-01 best=4.807715e-01
[NA] iter=00010 eval=02913 misfit=4.829533e-01 best=4.807715e-01
[NA] iter=00010 eval=02914 misfit=4.822328e-01 best=4.807715e-01
[NA] iter=00010 eval=02915 misfit=4.820612e-01 best=4.807715e-01
[NA] iter=00010 eval=02916 misfit=4.821124e-01 best=4.807715e-01
[NA] iter=00010 eval=02917 misfit=4.825371e-01 best=4.807715e-01
[NA] iter=00010 eval=02918 misfit=4.830434e-01 best=4.807715e-01
[NA] iter=00010 eval=02919 misfit=4.825082e-01 best=4.807715e-01
[NA] iter=00010 eval=02920 misfit=4.821700e-01 best=4.807715e-01
[NA] iter=00010 eval=02921 misfit=4.837095e-01 best=4.807715e-01
[NA] iter=00010 eval=02922 misfit=4.841556e-01 best=4.807715e-01
[NA] iter=00010 eval=02923 misfit=4.842304e-01 best=4.807715e-01
[NA] iter=00010 eval=02924 misfit=4.839710e-01 best=4.807715e-01
[NA] iter=00010 eval=02925 misfit=4.831562e-01 best=4.807715e-01
[NA] iter=00010 eval=02926 misfit=4.837273e-01 best=4.807715e-01
[NA] iter=00010 eval=02927 misfit=4.842132e-01 best=4.807715e-01
[NA] iter=00010 eval=02928 misfit=4.821487e-01 best=4.807715e-01
[NA] iter=00010 eval=02929 misfit=4.815879e-01 best=4.807715e-01
[NA] iter=00010 eval=02930 misfit=4.816008e-01 best=4.807715e-01
[NA] iter=00010 eval=02931 misfit=4.817425e-01 best=4.807715e-01
[NA] iter=00010 eval=02932 misfit=4.815670e-01 best=4.807715e-01
[NA] iter=00010 eval=02933 misfit=4.819987e-01 best=4.807715e-01
[NA] iter=00010 eval=02934 misfit=4.839423e-01 best=4.807715e-01
[NA] iter=00010 eval=02935 misfit=4.839150e-01 best=4.807715e-01
[NA] iter=00010 eval=02936 misfit=4.826383e-01 best=4.807715e-01
[NA] iter=00010 eval=02937 misfit=4.817104e-01 best=4.807715e-01
[NA] iter=00010 eval=02938 misfit=4.814804e-01 best=4.807715e-01
[NA] iter=00010 eval=02939 misfit=4.844838e-01 best=4.807715e-01
[NA] iter=00010 eval=02940 misfit=4.820233e-01 best=4.807715e-01
[NA] iter=00010 eval=02941 misfit=4.811462e-01 best=4.807715e-01
[NA] iter=00010 eval=02942 misfit=4.827331e-01 best=4.807715e-01
[NA] iter=00010 eval=02943 misfit=4.815467e-01 best=4.807715e-01
[NA] iter=00010 eval=02944 misfit=4.840640e-01 best=4.807715e-01
[NA] iter=00010 eval=02945 misfit=4.817316e-01 best=4.807715e-01
[NA] iter=00010 eval=02946 misfit=4.831576e-01 best=4.807715e-01
[NA] iter=00010 eval=02947 misfit=4.812330e-01 best=4.807715e-01
[NA] iter=00010 eval=02948 misfit=4.822985e-01 best=4.807715e-01
[NA] iter=00010 eval=02949 misfit=4.841440e-01 best=4.807715e-01
[NA] iter=00010 eval=02950 misfit=4.819421e-01 best=4.807715e-01
[NA] iter=00010 eval=02951 misfit=4.819255e-01 best=4.807715e-01
[NA] iter=00010 eval=02952 misfit=4.817651e-01 best=4.807715e-01
[NA] iter=00010 eval=02953 misfit=4.824733e-01 best=4.807715e-01
[NA] iter=00010 eval=02954 misfit=4.815988e-01 best=4.807715e-01
[NA] iter=00010 eval=02955 misfit=4.816119e-01 best=4.807715e-01
[NA] iter=00010 eval=02956 misfit=4.823375e-01 best=4.807715e-01
[NA] iter=00010 eval=02957 misfit=4.822207e-01 best=4.807715e-01
[NA] iter=00010 eval=02958 misfit=4.823377e-01 best=4.807715e-01
[NA] iter=00010 eval=02959 misfit=4.823849e-01 best=4.807715e-01
[NA] iter=00010 eval=02960 misfit=4.822038e-01 best=4.807715e-01
[NA] iter=00010 eval=02961 misfit=4.819403e-01 best=4.807715e-01
[NA] iter=00010 eval=02962 misfit=4.825464e-01 best=4.807715e-01
[NA] iter=00010 eval=02963 misfit=4.823764e-01 best=4.807715e-01
[NA] iter=00010 eval=02964 misfit=4.825006e-01 best=4.807715e-01
[NA] iter=00010 eval=02965 misfit=4.820996e-01 best=4.807715e-01
[NA] iter=00010 eval=02966 misfit=4.818047e-01 best=4.807715e-01
[NA] iter=00010 eval=02967 misfit=4.823828e-01 best=4.807715e-01
[NA] iter=00010 eval=02968 misfit=4.818200e-01 best=4.807715e-01
[NA] iter=00010 eval=02969 misfit=4.818280e-01 best=4.807715e-01
[NA] iter=00010 eval=02970 misfit=4.823953e-01 best=4.807715e-01
[NA] iter=00010 eval=02971 misfit=4.839309e-01 best=4.807715e-01
[NA] iter=00010 eval=02972 misfit=4.811935e-01 best=4.807715e-01
[NA] iter=00010 eval=02973 misfit=4.816981e-01 best=4.807715e-01
[NA] iter=00010 eval=02974 misfit=4.815229e-01 best=4.807715e-01
[NA] iter=00010 eval=02975 misfit=4.821597e-01 best=4.807715e-01
[NA] iter=00010 eval=02976 misfit=4.843906e-01 best=4.807715e-01
[NA] iter=00010 eval=02977 misfit=4.826587e-01 best=4.807715e-01
[NA] iter=00010 eval=02978 misfit=4.818202e-01 best=4.807715e-01
[NA] iter=00010 eval=02979 misfit=4.832161e-01 best=4.807715e-01
[NA] iter=00010 eval=02980 misfit=4.821142e-01 best=4.807715e-01
[NA] iter=00010 eval=02981 misfit=4.812437e-01 best=4.807715e-01
[NA] iter=00010 eval=02982 misfit=4.825420e-01 best=4.807715e-01
[NA] iter=00010 eval=02983 misfit=4.816593e-01 best=4.807715e-01
[NA] iter=00010 eval=02984 misfit=4.812686e-01 best=4.807715e-01
[NA] iter=00010 eval=02985 misfit=4.820836e-01 best=4.807715e-01
[NA] iter=00010 eval=02986 misfit=4.815429e-01 best=4.807715e-01
[NA] iter=00010 eval=02987 misfit=4.817543e-01 best=4.807715e-01
[NA] iter=00010 eval=02988 misfit=4.820535e-01 best=4.807715e-01
[NA] iter=00010 eval=02989 misfit=4.817678e-01 best=4.807715e-01
[NA] iter=00010 eval=02990 misfit=4.824949e-01 best=4.807715e-01
[NA] iter=00010 eval=02991 misfit=4.819709e-01 best=4.807715e-01
[NA] iter=00010 eval=02992 misfit=4.831857e-01 best=4.807715e-01
[NA] iter=00010 eval=02993 misfit=4.818647e-01 best=4.807715e-01
[NA] iter=00010 eval=02994 misfit=4.841685e-01 best=4.807715e-01
[NA] iter=00010 eval=02995 misfit=4.822489e-01 best=4.807715e-01
[NA] iter=00010 eval=02996 misfit=4.817236e-01 best=4.807715e-01
[NA] iter=00010 eval=02997 misfit=4.818316e-01 best=4.807715e-01
[NA] iter=00010 eval=02998 misfit=4.822708e-01 best=4.807715e-01
[NA] iter=00010 eval=02999 misfit=4.819182e-01 best=4.807715e-01
[NA] iter=00010 eval=03000 misfit=4.836976e-01 best=4.807715e-01
NAI - Optimisation Loop:  33%|███▎      | 10/30 [22:54<45:30, 136.51s/it][NA] iter=00011 eval=03001 misfit=4.813840e-01 best=4.807715e-01
[NA] iter=00011 eval=03002 misfit=4.815201e-01 best=4.807715e-01
[NA] iter=00011 eval=03003 misfit=4.808646e-01 best=4.807715e-01
[NA] iter=00011 eval=03004 misfit=4.815877e-01 best=4.807715e-01
[NA] iter=00011 eval=03005 misfit=4.815945e-01 best=4.807715e-01
[NA] iter=00011 eval=03006 misfit=4.821144e-01 best=4.807715e-01
[NA] iter=00011 eval=03007 misfit=4.814116e-01 best=4.807715e-01
[NA] iter=00011 eval=03008 misfit=4.813610e-01 best=4.807715e-01
[NA] iter=00011 eval=03009 misfit=4.815000e-01 best=4.807715e-01
[NA] iter=00011 eval=03010 misfit=4.815347e-01 best=4.807715e-01
[NA] iter=00011 eval=03011 misfit=4.813627e-01 best=4.807715e-01
[NA] iter=00011 eval=03012 misfit=4.834843e-01 best=4.807715e-01
[NA] iter=00011 eval=03013 misfit=4.812111e-01 best=4.807715e-01
[NA] iter=00011 eval=03014 misfit=4.818500e-01 best=4.807715e-01
[NA] iter=00011 eval=03015 misfit=4.835799e-01 best=4.807715e-01
[NA] iter=00011 eval=03016 misfit=4.834866e-01 best=4.807715e-01
[NA] iter=00011 eval=03017 misfit=4.836684e-01 best=4.807715e-01
[NA] iter=00011 eval=03018 misfit=4.836210e-01 best=4.807715e-01
[NA] iter=00011 eval=03019 misfit=4.833859e-01 best=4.807715e-01
[NA] iter=00011 eval=03020 misfit=4.836239e-01 best=4.807715e-01
[NA] iter=00011 eval=03021 misfit=4.811745e-01 best=4.807715e-01
[NA] iter=00011 eval=03022 misfit=4.811842e-01 best=4.807715e-01
[NA] iter=00011 eval=03023 misfit=4.815456e-01 best=4.807715e-01
[NA] iter=00011 eval=03024 misfit=4.815886e-01 best=4.807715e-01
[NA] iter=00011 eval=03025 misfit=4.814969e-01 best=4.807715e-01
[NA] iter=00011 eval=03026 misfit=4.815850e-01 best=4.807715e-01
[NA] iter=00011 eval=03027 misfit=4.811634e-01 best=4.807715e-01
[NA] iter=00011 eval=03028 misfit=4.813000e-01 best=4.807715e-01
[NA] iter=00011 eval=03029 misfit=4.812242e-01 best=4.807715e-01
[NA] iter=00011 eval=03030 misfit=4.812568e-01 best=4.807715e-01
[NA] iter=00011 eval=03031 misfit=4.815100e-01 best=4.807715e-01
[NA] iter=00011 eval=03032 misfit=4.811209e-01 best=4.807715e-01
[NA] iter=00011 eval=03033 misfit=4.814413e-01 best=4.807715e-01
[NA] iter=00011 eval=03034 misfit=4.815786e-01 best=4.807715e-01
[NA] iter=00011 eval=03035 misfit=4.812745e-01 best=4.807715e-01
[NA] iter=00011 eval=03036 misfit=4.816362e-01 best=4.807715e-01
[NA] iter=00011 eval=03037 misfit=4.810382e-01 best=4.807715e-01
[NA] iter=00011 eval=03038 misfit=4.813232e-01 best=4.807715e-01
[NA] iter=00011 eval=03039 misfit=4.817548e-01 best=4.807715e-01
[NA] iter=00011 eval=03040 misfit=4.816678e-01 best=4.807715e-01
[NA] iter=00011 eval=03041 misfit=4.839383e-01 best=4.807715e-01
[NA] iter=00011 eval=03042 misfit=4.829807e-01 best=4.807715e-01
[NA] iter=00011 eval=03043 misfit=4.840161e-01 best=4.807715e-01
[NA] iter=00011 eval=03044 misfit=4.839439e-01 best=4.807715e-01
[NA] iter=00011 eval=03045 misfit=4.809870e-01 best=4.807715e-01
[NA] iter=00011 eval=03046 misfit=4.822007e-01 best=4.807715e-01
[NA] iter=00011 eval=03047 misfit=4.837305e-01 best=4.807715e-01
[NA] iter=00011 eval=03048 misfit=4.813164e-01 best=4.807715e-01
[NA] iter=00011 eval=03049 misfit=4.837990e-01 best=4.807715e-01
[NA] iter=00011 eval=03050 misfit=4.835921e-01 best=4.807715e-01
[NA] iter=00011 eval=03051 misfit=4.832187e-01 best=4.807715e-01
[NA] iter=00011 eval=03052 misfit=4.833287e-01 best=4.807715e-01
[NA] iter=00011 eval=03053 misfit=4.826705e-01 best=4.807715e-01
[NA] iter=00011 eval=03054 misfit=4.814204e-01 best=4.807715e-01
[NA] iter=00011 eval=03055 misfit=4.828241e-01 best=4.807715e-01
[NA] iter=00011 eval=03056 misfit=4.811362e-01 best=4.807715e-01
[NA] iter=00011 eval=03057 misfit=4.810110e-01 best=4.807715e-01
[NA] iter=00011 eval=03058 misfit=4.833720e-01 best=4.807715e-01
[NA] iter=00011 eval=03059 misfit=4.819135e-01 best=4.807715e-01
[NA] iter=00011 eval=03060 misfit=4.809489e-01 best=4.807715e-01
[NA] iter=00011 eval=03061 misfit=4.814643e-01 best=4.807715e-01
[NA] iter=00011 eval=03062 misfit=4.815247e-01 best=4.807715e-01
[NA] iter=00011 eval=03063 misfit=4.814418e-01 best=4.807715e-01
[NA] iter=00011 eval=03064 misfit=4.810985e-01 best=4.807715e-01
[NA] iter=00011 eval=03065 misfit=4.814860e-01 best=4.807715e-01
[NA] iter=00011 eval=03066 misfit=4.820737e-01 best=4.807715e-01
[NA] iter=00011 eval=03067 misfit=4.812007e-01 best=4.807715e-01
[NA] iter=00011 eval=03068 misfit=4.820262e-01 best=4.807715e-01
[NA] iter=00011 eval=03069 misfit=4.811557e-01 best=4.807715e-01
[NA] iter=00011 eval=03070 misfit=4.809768e-01 best=4.807715e-01
[NA] iter=00011 eval=03071 misfit=4.823264e-01 best=4.807715e-01
[NA] iter=00011 eval=03072 misfit=4.811783e-01 best=4.807715e-01
[NA] iter=00011 eval=03073 misfit=4.813251e-01 best=4.807715e-01
[NA] iter=00011 eval=03074 misfit=4.814957e-01 best=4.807715e-01
[NA] iter=00011 eval=03075 misfit=4.815444e-01 best=4.807715e-01
[NA] iter=00011 eval=03076 misfit=4.812845e-01 best=4.807715e-01
[NA] iter=00011 eval=03077 misfit=4.815608e-01 best=4.807715e-01
[NA] iter=00011 eval=03078 misfit=4.817242e-01 best=4.807715e-01
[NA] iter=00011 eval=03079 misfit=4.822841e-01 best=4.807715e-01
[NA] iter=00011 eval=03080 misfit=4.814293e-01 best=4.807715e-01
[NA] iter=00011 eval=03081 misfit=4.819806e-01 best=4.807715e-01
[NA] iter=00011 eval=03082 misfit=4.819429e-01 best=4.807715e-01
[NA] iter=00011 eval=03083 misfit=4.819222e-01 best=4.807715e-01
[NA] iter=00011 eval=03084 misfit=4.817013e-01 best=4.807715e-01
[NA] iter=00011 eval=03085 misfit=4.813393e-01 best=4.807715e-01
[NA] iter=00011 eval=03086 misfit=4.813075e-01 best=4.807715e-01
[NA] iter=00011 eval=03087 misfit=4.820514e-01 best=4.807715e-01
[NA] iter=00011 eval=03088 misfit=4.810919e-01 best=4.807715e-01
[NA] iter=00011 eval=03089 misfit=4.810862e-01 best=4.807715e-01
[NA] iter=00011 eval=03090 misfit=4.820255e-01 best=4.807715e-01
[NA] iter=00011 eval=03091 misfit=4.815694e-01 best=4.807715e-01
[NA] iter=00011 eval=03092 misfit=4.822683e-01 best=4.807715e-01
[NA] iter=00011 eval=03093 misfit=4.838072e-01 best=4.807715e-01
[NA] iter=00011 eval=03094 misfit=4.811821e-01 best=4.807715e-01
[NA] iter=00011 eval=03095 misfit=4.813762e-01 best=4.807715e-01
[NA] iter=00011 eval=03096 misfit=4.832309e-01 best=4.807715e-01
[NA] iter=00011 eval=03097 misfit=4.811808e-01 best=4.807715e-01
[NA] iter=00011 eval=03098 misfit=4.813004e-01 best=4.807715e-01
[NA] iter=00011 eval=03099 misfit=4.810471e-01 best=4.807715e-01
[NA] iter=00011 eval=03100 misfit=4.810017e-01 best=4.807715e-01
[NA] iter=00011 eval=03101 misfit=4.815897e-01 best=4.807715e-01
[NA] iter=00011 eval=03102 misfit=4.817031e-01 best=4.807715e-01
[NA] iter=00011 eval=03103 misfit=4.816928e-01 best=4.807715e-01
[NA] iter=00011 eval=03104 misfit=4.816118e-01 best=4.807715e-01
[NA] iter=00011 eval=03105 misfit=4.816627e-01 best=4.807715e-01
[NA] iter=00011 eval=03106 misfit=4.816175e-01 best=4.807715e-01
[NA] iter=00011 eval=03107 misfit=4.818965e-01 best=4.807715e-01
[NA] iter=00011 eval=03108 misfit=4.816315e-01 best=4.807715e-01
[NA] iter=00011 eval=03109 misfit=4.812360e-01 best=4.807715e-01
[NA] iter=00011 eval=03110 misfit=4.807701e-01 best=4.807701e-01
[NA] iter=00011 eval=03111 misfit=4.837776e-01 best=4.807701e-01
[NA] iter=00011 eval=03112 misfit=4.817704e-01 best=4.807701e-01
[NA] iter=00011 eval=03113 misfit=4.812102e-01 best=4.807701e-01
[NA] iter=00011 eval=03114 misfit=4.815392e-01 best=4.807701e-01
[NA] iter=00011 eval=03115 misfit=4.818758e-01 best=4.807701e-01
[NA] iter=00011 eval=03116 misfit=4.815233e-01 best=4.807701e-01
[NA] iter=00011 eval=03117 misfit=4.812471e-01 best=4.807701e-01
[NA] iter=00011 eval=03118 misfit=4.840286e-01 best=4.807701e-01
[NA] iter=00011 eval=03119 misfit=4.809632e-01 best=4.807701e-01
[NA] iter=00011 eval=03120 misfit=4.841033e-01 best=4.807701e-01
[NA] iter=00011 eval=03121 misfit=4.843921e-01 best=4.807701e-01
[NA] iter=00011 eval=03122 misfit=4.810113e-01 best=4.807701e-01
[NA] iter=00011 eval=03123 misfit=4.813210e-01 best=4.807701e-01
[NA] iter=00011 eval=03124 misfit=4.816281e-01 best=4.807701e-01
[NA] iter=00011 eval=03125 misfit=4.813052e-01 best=4.807701e-01
[NA] iter=00011 eval=03126 misfit=4.815438e-01 best=4.807701e-01
[NA] iter=00011 eval=03127 misfit=4.824028e-01 best=4.807701e-01
[NA] iter=00011 eval=03128 misfit=4.815884e-01 best=4.807701e-01
[NA] iter=00011 eval=03129 misfit=4.830903e-01 best=4.807701e-01
[NA] iter=00011 eval=03130 misfit=4.824694e-01 best=4.807701e-01
[NA] iter=00011 eval=03131 misfit=4.812293e-01 best=4.807701e-01
[NA] iter=00011 eval=03132 misfit=4.812244e-01 best=4.807701e-01
[NA] iter=00011 eval=03133 misfit=4.812251e-01 best=4.807701e-01
[NA] iter=00011 eval=03134 misfit=4.825041e-01 best=4.807701e-01
[NA] iter=00011 eval=03135 misfit=4.817077e-01 best=4.807701e-01
[NA] iter=00011 eval=03136 misfit=4.816872e-01 best=4.807701e-01
[NA] iter=00011 eval=03137 misfit=4.810754e-01 best=4.807701e-01
[NA] iter=00011 eval=03138 misfit=4.813522e-01 best=4.807701e-01
[NA] iter=00011 eval=03139 misfit=4.815467e-01 best=4.807701e-01
[NA] iter=00011 eval=03140 misfit=4.814844e-01 best=4.807701e-01
[NA] iter=00011 eval=03141 misfit=4.814834e-01 best=4.807701e-01
[NA] iter=00011 eval=03142 misfit=4.814978e-01 best=4.807701e-01
[NA] iter=00011 eval=03143 misfit=4.814843e-01 best=4.807701e-01
[NA] iter=00011 eval=03144 misfit=4.809896e-01 best=4.807701e-01
[NA] iter=00011 eval=03145 misfit=4.812988e-01 best=4.807701e-01
[NA] iter=00011 eval=03146 misfit=4.811943e-01 best=4.807701e-01
[NA] iter=00011 eval=03147 misfit=4.812040e-01 best=4.807701e-01
[NA] iter=00011 eval=03148 misfit=4.821937e-01 best=4.807701e-01
[NA] iter=00011 eval=03149 misfit=4.821959e-01 best=4.807701e-01
[NA] iter=00011 eval=03150 misfit=4.812440e-01 best=4.807701e-01
[NA] iter=00011 eval=03151 misfit=4.815197e-01 best=4.807701e-01
[NA] iter=00011 eval=03152 misfit=4.815949e-01 best=4.807701e-01
[NA] iter=00011 eval=03153 misfit=4.817036e-01 best=4.807701e-01
[NA] iter=00011 eval=03154 misfit=4.814758e-01 best=4.807701e-01
[NA] iter=00011 eval=03155 misfit=4.814060e-01 best=4.807701e-01
[NA] iter=00011 eval=03156 misfit=4.810052e-01 best=4.807701e-01
[NA] iter=00011 eval=03157 misfit=4.828078e-01 best=4.807701e-01
[NA] iter=00011 eval=03158 misfit=4.815674e-01 best=4.807701e-01
[NA] iter=00011 eval=03159 misfit=4.810028e-01 best=4.807701e-01
[NA] iter=00011 eval=03160 misfit=4.814949e-01 best=4.807701e-01
[NA] iter=00011 eval=03161 misfit=4.814685e-01 best=4.807701e-01
[NA] iter=00011 eval=03162 misfit=4.808567e-01 best=4.807701e-01
[NA] iter=00011 eval=03163 misfit=4.813797e-01 best=4.807701e-01
[NA] iter=00011 eval=03164 misfit=4.831008e-01 best=4.807701e-01
[NA] iter=00011 eval=03165 misfit=4.829448e-01 best=4.807701e-01
[NA] iter=00011 eval=03166 misfit=4.812801e-01 best=4.807701e-01
[NA] iter=00011 eval=03167 misfit=4.830918e-01 best=4.807701e-01
[NA] iter=00011 eval=03168 misfit=4.811898e-01 best=4.807701e-01
[NA] iter=00011 eval=03169 misfit=4.813640e-01 best=4.807701e-01
[NA] iter=00011 eval=03170 misfit=4.817445e-01 best=4.807701e-01
[NA] iter=00011 eval=03171 misfit=4.811690e-01 best=4.807701e-01
[NA] iter=00011 eval=03172 misfit=4.812316e-01 best=4.807701e-01
[NA] iter=00011 eval=03173 misfit=4.814170e-01 best=4.807701e-01
[NA] iter=00011 eval=03174 misfit=4.816792e-01 best=4.807701e-01
[NA] iter=00011 eval=03175 misfit=4.812130e-01 best=4.807701e-01
[NA] iter=00011 eval=03176 misfit=4.814754e-01 best=4.807701e-01
[NA] iter=00011 eval=03177 misfit=4.811651e-01 best=4.807701e-01
[NA] iter=00011 eval=03178 misfit=4.812842e-01 best=4.807701e-01
[NA] iter=00011 eval=03179 misfit=4.810172e-01 best=4.807701e-01
[NA] iter=00011 eval=03180 misfit=4.819861e-01 best=4.807701e-01
[NA] iter=00011 eval=03181 misfit=4.816065e-01 best=4.807701e-01
[NA] iter=00011 eval=03182 misfit=4.812548e-01 best=4.807701e-01
[NA] iter=00011 eval=03183 misfit=4.814790e-01 best=4.807701e-01
[NA] iter=00011 eval=03184 misfit=4.815909e-01 best=4.807701e-01
[NA] iter=00011 eval=03185 misfit=4.813206e-01 best=4.807701e-01
[NA] iter=00011 eval=03186 misfit=4.815575e-01 best=4.807701e-01
[NA] iter=00011 eval=03187 misfit=4.817378e-01 best=4.807701e-01
[NA] iter=00011 eval=03188 misfit=4.815594e-01 best=4.807701e-01
[NA] iter=00011 eval=03189 misfit=4.812551e-01 best=4.807701e-01
[NA] iter=00011 eval=03190 misfit=4.816744e-01 best=4.807701e-01
[NA] iter=00011 eval=03191 misfit=4.815748e-01 best=4.807701e-01
[NA] iter=00011 eval=03192 misfit=4.817675e-01 best=4.807701e-01
[NA] iter=00011 eval=03193 misfit=4.817172e-01 best=4.807701e-01
[NA] iter=00011 eval=03194 misfit=4.817806e-01 best=4.807701e-01
[NA] iter=00011 eval=03195 misfit=4.816418e-01 best=4.807701e-01
[NA] iter=00011 eval=03196 misfit=4.815647e-01 best=4.807701e-01
[NA] iter=00011 eval=03197 misfit=4.821513e-01 best=4.807701e-01
[NA] iter=00011 eval=03198 misfit=4.816724e-01 best=4.807701e-01
[NA] iter=00011 eval=03199 misfit=4.816146e-01 best=4.807701e-01
[NA] iter=00011 eval=03200 misfit=4.813568e-01 best=4.807701e-01
NAI - Optimisation Loop:  37%|███▋      | 11/30 [25:10<43:09, 136.29s/it][NA] iter=00012 eval=03201 misfit=4.822621e-01 best=4.807701e-01
[NA] iter=00012 eval=03202 misfit=4.813101e-01 best=4.807701e-01
[NA] iter=00012 eval=03203 misfit=4.822195e-01 best=4.807701e-01
[NA] iter=00012 eval=03204 misfit=4.807660e-01 best=4.807660e-01
[NA] iter=00012 eval=03205 misfit=4.816060e-01 best=4.807660e-01
[NA] iter=00012 eval=03206 misfit=4.809904e-01 best=4.807660e-01
[NA] iter=00012 eval=03207 misfit=4.809508e-01 best=4.807660e-01
[NA] iter=00012 eval=03208 misfit=4.812490e-01 best=4.807660e-01
[NA] iter=00012 eval=03209 misfit=4.816300e-01 best=4.807660e-01
[NA] iter=00012 eval=03210 misfit=4.807916e-01 best=4.807660e-01
[NA] iter=00012 eval=03211 misfit=4.815533e-01 best=4.807660e-01
[NA] iter=00012 eval=03212 misfit=4.812296e-01 best=4.807660e-01
[NA] iter=00012 eval=03213 misfit=4.814946e-01 best=4.807660e-01
[NA] iter=00012 eval=03214 misfit=4.811353e-01 best=4.807660e-01
[NA] iter=00012 eval=03215 misfit=4.808170e-01 best=4.807660e-01
[NA] iter=00012 eval=03216 misfit=4.813114e-01 best=4.807660e-01
[NA] iter=00012 eval=03217 misfit=4.810223e-01 best=4.807660e-01
[NA] iter=00012 eval=03218 misfit=4.810124e-01 best=4.807660e-01
[NA] iter=00012 eval=03219 misfit=4.808111e-01 best=4.807660e-01
[NA] iter=00012 eval=03220 misfit=4.810630e-01 best=4.807660e-01
[NA] iter=00012 eval=03221 misfit=4.831255e-01 best=4.807660e-01
[NA] iter=00012 eval=03222 misfit=4.817052e-01 best=4.807660e-01
[NA] iter=00012 eval=03223 misfit=4.810015e-01 best=4.807660e-01
[NA] iter=00012 eval=03224 misfit=4.831394e-01 best=4.807660e-01
[NA] iter=00012 eval=03225 misfit=4.819376e-01 best=4.807660e-01
[NA] iter=00012 eval=03226 misfit=4.831379e-01 best=4.807660e-01
[NA] iter=00012 eval=03227 misfit=4.831615e-01 best=4.807660e-01
[NA] iter=00012 eval=03228 misfit=4.808919e-01 best=4.807660e-01
[NA] iter=00012 eval=03229 misfit=4.813186e-01 best=4.807660e-01
[NA] iter=00012 eval=03230 misfit=4.813418e-01 best=4.807660e-01
[NA] iter=00012 eval=03231 misfit=4.823159e-01 best=4.807660e-01
[NA] iter=00012 eval=03232 misfit=4.813296e-01 best=4.807660e-01
[NA] iter=00012 eval=03233 misfit=4.815603e-01 best=4.807660e-01
[NA] iter=00012 eval=03234 misfit=4.816897e-01 best=4.807660e-01
[NA] iter=00012 eval=03235 misfit=4.815257e-01 best=4.807660e-01
[NA] iter=00012 eval=03236 misfit=4.811642e-01 best=4.807660e-01
[NA] iter=00012 eval=03237 misfit=4.812606e-01 best=4.807660e-01
[NA] iter=00012 eval=03238 misfit=4.811987e-01 best=4.807660e-01
[NA] iter=00012 eval=03239 misfit=4.811215e-01 best=4.807660e-01
[NA] iter=00012 eval=03240 misfit=4.815323e-01 best=4.807660e-01
[NA] iter=00012 eval=03241 misfit=4.813765e-01 best=4.807660e-01
[NA] iter=00012 eval=03242 misfit=4.819220e-01 best=4.807660e-01
[NA] iter=00012 eval=03243 misfit=4.812919e-01 best=4.807660e-01
[NA] iter=00012 eval=03244 misfit=4.809524e-01 best=4.807660e-01
[NA] iter=00012 eval=03245 misfit=4.809057e-01 best=4.807660e-01
[NA] iter=00012 eval=03246 misfit=4.829987e-01 best=4.807660e-01
[NA] iter=00012 eval=03247 misfit=4.810057e-01 best=4.807660e-01
[NA] iter=00012 eval=03248 misfit=4.835371e-01 best=4.807660e-01
[NA] iter=00012 eval=03249 misfit=4.813413e-01 best=4.807660e-01
[NA] iter=00012 eval=03250 misfit=4.814575e-01 best=4.807660e-01
[NA] iter=00012 eval=03251 misfit=4.814784e-01 best=4.807660e-01
[NA] iter=00012 eval=03252 misfit=4.811662e-01 best=4.807660e-01
[NA] iter=00012 eval=03253 misfit=4.815051e-01 best=4.807660e-01
[NA] iter=00012 eval=03254 misfit=4.811890e-01 best=4.807660e-01
[NA] iter=00012 eval=03255 misfit=4.814608e-01 best=4.807660e-01
[NA] iter=00012 eval=03256 misfit=4.812125e-01 best=4.807660e-01
[NA] iter=00012 eval=03257 misfit=4.811111e-01 best=4.807660e-01
[NA] iter=00012 eval=03258 misfit=4.816496e-01 best=4.807660e-01
[NA] iter=00012 eval=03259 misfit=4.808556e-01 best=4.807660e-01
[NA] iter=00012 eval=03260 misfit=4.811679e-01 best=4.807660e-01
[NA] iter=00012 eval=03261 misfit=4.810818e-01 best=4.807660e-01
[NA] iter=00012 eval=03262 misfit=4.809347e-01 best=4.807660e-01
[NA] iter=00012 eval=03263 misfit=4.826741e-01 best=4.807660e-01
[NA] iter=00012 eval=03264 misfit=4.810485e-01 best=4.807660e-01
[NA] iter=00012 eval=03265 misfit=4.813400e-01 best=4.807660e-01
[NA] iter=00012 eval=03266 misfit=4.808898e-01 best=4.807660e-01
[NA] iter=00012 eval=03267 misfit=4.809726e-01 best=4.807660e-01
[NA] iter=00012 eval=03268 misfit=4.812563e-01 best=4.807660e-01
[NA] iter=00012 eval=03269 misfit=4.817677e-01 best=4.807660e-01
[NA] iter=00012 eval=03270 misfit=4.811349e-01 best=4.807660e-01
[NA] iter=00012 eval=03271 misfit=4.838889e-01 best=4.807660e-01
[NA] iter=00012 eval=03272 misfit=4.809957e-01 best=4.807660e-01
[NA] iter=00012 eval=03273 misfit=4.840714e-01 best=4.807660e-01
[NA] iter=00012 eval=03274 misfit=4.812238e-01 best=4.807660e-01
[NA] iter=00012 eval=03275 misfit=4.817906e-01 best=4.807660e-01
[NA] iter=00012 eval=03276 misfit=4.838324e-01 best=4.807660e-01
[NA] iter=00012 eval=03277 misfit=4.815706e-01 best=4.807660e-01
[NA] iter=00012 eval=03278 misfit=4.832499e-01 best=4.807660e-01
[NA] iter=00012 eval=03279 misfit=4.809151e-01 best=4.807660e-01
[NA] iter=00012 eval=03280 misfit=4.823959e-01 best=4.807660e-01
[NA] iter=00012 eval=03281 misfit=4.808558e-01 best=4.807660e-01
[NA] iter=00012 eval=03282 misfit=4.813937e-01 best=4.807660e-01
[NA] iter=00012 eval=03283 misfit=4.812009e-01 best=4.807660e-01
[NA] iter=00012 eval=03284 misfit=4.811691e-01 best=4.807660e-01
[NA] iter=00012 eval=03285 misfit=4.811392e-01 best=4.807660e-01
[NA] iter=00012 eval=03286 misfit=4.809589e-01 best=4.807660e-01
[NA] iter=00012 eval=03287 misfit=4.811212e-01 best=4.807660e-01
[NA] iter=00012 eval=03288 misfit=4.811375e-01 best=4.807660e-01
[NA] iter=00012 eval=03289 misfit=4.809092e-01 best=4.807660e-01
[NA] iter=00012 eval=03290 misfit=4.809028e-01 best=4.807660e-01
[NA] iter=00012 eval=03291 misfit=4.813350e-01 best=4.807660e-01
[NA] iter=00012 eval=03292 misfit=4.809909e-01 best=4.807660e-01
[NA] iter=00012 eval=03293 misfit=4.810671e-01 best=4.807660e-01
[NA] iter=00012 eval=03294 misfit=4.810294e-01 best=4.807660e-01
[NA] iter=00012 eval=03295 misfit=4.815039e-01 best=4.807660e-01
[NA] iter=00012 eval=03296 misfit=4.811027e-01 best=4.807660e-01
[NA] iter=00012 eval=03297 misfit=4.813398e-01 best=4.807660e-01
[NA] iter=00012 eval=03298 misfit=4.814877e-01 best=4.807660e-01
[NA] iter=00012 eval=03299 misfit=4.815326e-01 best=4.807660e-01
[NA] iter=00012 eval=03300 misfit=4.810073e-01 best=4.807660e-01
[NA] iter=00012 eval=03301 misfit=4.810357e-01 best=4.807660e-01
[NA] iter=00012 eval=03302 misfit=4.815003e-01 best=4.807660e-01
[NA] iter=00012 eval=03303 misfit=4.841015e-01 best=4.807660e-01
[NA] iter=00012 eval=03304 misfit=4.838784e-01 best=4.807660e-01
[NA] iter=00012 eval=03305 misfit=4.809749e-01 best=4.807660e-01
[NA] iter=00012 eval=03306 misfit=4.841311e-01 best=4.807660e-01
[NA] iter=00012 eval=03307 misfit=4.839420e-01 best=4.807660e-01
[NA] iter=00012 eval=03308 misfit=4.829386e-01 best=4.807660e-01
[NA] iter=00012 eval=03309 misfit=4.815719e-01 best=4.807660e-01
[NA] iter=00012 eval=03310 misfit=4.809765e-01 best=4.807660e-01
[NA] iter=00012 eval=03311 misfit=4.821639e-01 best=4.807660e-01
[NA] iter=00012 eval=03312 misfit=4.822234e-01 best=4.807660e-01
[NA] iter=00012 eval=03313 misfit=4.812329e-01 best=4.807660e-01
[NA] iter=00012 eval=03314 misfit=4.814933e-01 best=4.807660e-01
[NA] iter=00012 eval=03315 misfit=4.809597e-01 best=4.807660e-01
[NA] iter=00012 eval=03316 misfit=4.820574e-01 best=4.807660e-01
[NA] iter=00012 eval=03317 misfit=4.831727e-01 best=4.807660e-01
[NA] iter=00012 eval=03318 misfit=4.810469e-01 best=4.807660e-01
[NA] iter=00012 eval=03319 misfit=4.814837e-01 best=4.807660e-01
[NA] iter=00012 eval=03320 misfit=4.809758e-01 best=4.807660e-01
[NA] iter=00012 eval=03321 misfit=4.810119e-01 best=4.807660e-01
[NA] iter=00012 eval=03322 misfit=4.813101e-01 best=4.807660e-01
[NA] iter=00012 eval=03323 misfit=4.813719e-01 best=4.807660e-01
[NA] iter=00012 eval=03324 misfit=4.809700e-01 best=4.807660e-01
[NA] iter=00012 eval=03325 misfit=4.810460e-01 best=4.807660e-01
[NA] iter=00012 eval=03326 misfit=4.815013e-01 best=4.807660e-01
[NA] iter=00012 eval=03327 misfit=4.810061e-01 best=4.807660e-01
[NA] iter=00012 eval=03328 misfit=4.812052e-01 best=4.807660e-01
[NA] iter=00012 eval=03329 misfit=4.810945e-01 best=4.807660e-01
[NA] iter=00012 eval=03330 misfit=4.816702e-01 best=4.807660e-01
[NA] iter=00012 eval=03331 misfit=4.811606e-01 best=4.807660e-01
[NA] iter=00012 eval=03332 misfit=4.810383e-01 best=4.807660e-01
[NA] iter=00012 eval=03333 misfit=4.809722e-01 best=4.807660e-01
[NA] iter=00012 eval=03334 misfit=4.808873e-01 best=4.807660e-01
[NA] iter=00012 eval=03335 misfit=4.818296e-01 best=4.807660e-01
[NA] iter=00012 eval=03336 misfit=4.809777e-01 best=4.807660e-01
[NA] iter=00012 eval=03337 misfit=4.814079e-01 best=4.807660e-01
[NA] iter=00012 eval=03338 misfit=4.809818e-01 best=4.807660e-01
[NA] iter=00012 eval=03339 misfit=4.811872e-01 best=4.807660e-01
[NA] iter=00012 eval=03340 misfit=4.813367e-01 best=4.807660e-01
[NA] iter=00012 eval=03341 misfit=4.811232e-01 best=4.807660e-01
[NA] iter=00012 eval=03342 misfit=4.816045e-01 best=4.807660e-01
[NA] iter=00012 eval=03343 misfit=4.816056e-01 best=4.807660e-01
[NA] iter=00012 eval=03344 misfit=4.816242e-01 best=4.807660e-01
[NA] iter=00012 eval=03345 misfit=4.811466e-01 best=4.807660e-01
[NA] iter=00012 eval=03346 misfit=4.812246e-01 best=4.807660e-01
[NA] iter=00012 eval=03347 misfit=4.816072e-01 best=4.807660e-01
[NA] iter=00012 eval=03348 misfit=4.816751e-01 best=4.807660e-01
[NA] iter=00012 eval=03349 misfit=4.811795e-01 best=4.807660e-01
[NA] iter=00012 eval=03350 misfit=4.814306e-01 best=4.807660e-01
[NA] iter=00012 eval=03351 misfit=4.837128e-01 best=4.807660e-01
[NA] iter=00012 eval=03352 misfit=4.815149e-01 best=4.807660e-01
[NA] iter=00012 eval=03353 misfit=4.838202e-01 best=4.807660e-01
[NA] iter=00012 eval=03354 misfit=4.810252e-01 best=4.807660e-01
[NA] iter=00012 eval=03355 misfit=4.838061e-01 best=4.807660e-01
[NA] iter=00012 eval=03356 misfit=4.838323e-01 best=4.807660e-01
[NA] iter=00012 eval=03357 misfit=4.824287e-01 best=4.807660e-01
[NA] iter=00012 eval=03358 misfit=4.823912e-01 best=4.807660e-01
[NA] iter=00012 eval=03359 misfit=4.823909e-01 best=4.807660e-01
[NA] iter=00012 eval=03360 misfit=4.821398e-01 best=4.807660e-01
[NA] iter=00012 eval=03361 misfit=4.815080e-01 best=4.807660e-01
[NA] iter=00012 eval=03362 misfit=4.810166e-01 best=4.807660e-01
[NA] iter=00012 eval=03363 misfit=4.812986e-01 best=4.807660e-01
[NA] iter=00012 eval=03364 misfit=4.816606e-01 best=4.807660e-01
[NA] iter=00012 eval=03365 misfit=4.810219e-01 best=4.807660e-01
[NA] iter=00012 eval=03366 misfit=4.810171e-01 best=4.807660e-01
[NA] iter=00012 eval=03367 misfit=4.809772e-01 best=4.807660e-01
[NA] iter=00012 eval=03368 misfit=4.809835e-01 best=4.807660e-01
[NA] iter=00012 eval=03369 misfit=4.814355e-01 best=4.807660e-01
[NA] iter=00012 eval=03370 misfit=4.810295e-01 best=4.807660e-01
[NA] iter=00012 eval=03371 misfit=4.814996e-01 best=4.807660e-01
[NA] iter=00012 eval=03372 misfit=4.809893e-01 best=4.807660e-01
[NA] iter=00012 eval=03373 misfit=4.814577e-01 best=4.807660e-01
[NA] iter=00012 eval=03374 misfit=4.814890e-01 best=4.807660e-01
[NA] iter=00012 eval=03375 misfit=4.810261e-01 best=4.807660e-01
[NA] iter=00012 eval=03376 misfit=4.814542e-01 best=4.807660e-01
[NA] iter=00012 eval=03377 misfit=4.809099e-01 best=4.807660e-01
[NA] iter=00012 eval=03378 misfit=4.812591e-01 best=4.807660e-01
[NA] iter=00012 eval=03379 misfit=4.810130e-01 best=4.807660e-01
[NA] iter=00012 eval=03380 misfit=4.814857e-01 best=4.807660e-01
[NA] iter=00012 eval=03381 misfit=4.831300e-01 best=4.807660e-01
[NA] iter=00012 eval=03382 misfit=4.831975e-01 best=4.807660e-01
[NA] iter=00012 eval=03383 misfit=4.820388e-01 best=4.807660e-01
[NA] iter=00012 eval=03384 misfit=4.815030e-01 best=4.807660e-01
[NA] iter=00012 eval=03385 misfit=4.830708e-01 best=4.807660e-01
[NA] iter=00012 eval=03386 misfit=4.810839e-01 best=4.807660e-01
[NA] iter=00012 eval=03387 misfit=4.830957e-01 best=4.807660e-01
[NA] iter=00012 eval=03388 misfit=4.815458e-01 best=4.807660e-01
[NA] iter=00012 eval=03389 misfit=4.831438e-01 best=4.807660e-01
[NA] iter=00012 eval=03390 misfit=4.831999e-01 best=4.807660e-01
[NA] iter=00012 eval=03391 misfit=4.841253e-01 best=4.807660e-01
[NA] iter=00012 eval=03392 misfit=4.816491e-01 best=4.807660e-01
[NA] iter=00012 eval=03393 misfit=4.822041e-01 best=4.807660e-01
[NA] iter=00012 eval=03394 misfit=4.816977e-01 best=4.807660e-01
[NA] iter=00012 eval=03395 misfit=4.816995e-01 best=4.807660e-01
[NA] iter=00012 eval=03396 misfit=4.842317e-01 best=4.807660e-01
[NA] iter=00012 eval=03397 misfit=4.840839e-01 best=4.807660e-01
[NA] iter=00012 eval=03398 misfit=4.843887e-01 best=4.807660e-01
[NA] iter=00012 eval=03399 misfit=4.840641e-01 best=4.807660e-01
[NA] iter=00012 eval=03400 misfit=4.814610e-01 best=4.807660e-01
NAI - Optimisation Loop:  40%|████      | 12/30 [27:23<40:34, 135.27s/it][NA] iter=00013 eval=03401 misfit=4.808251e-01 best=4.807660e-01
[NA] iter=00013 eval=03402 misfit=4.815020e-01 best=4.807660e-01
[NA] iter=00013 eval=03403 misfit=4.814326e-01 best=4.807660e-01
[NA] iter=00013 eval=03404 misfit=4.808004e-01 best=4.807660e-01
[NA] iter=00013 eval=03405 misfit=4.815376e-01 best=4.807660e-01
[NA] iter=00013 eval=03406 misfit=4.808179e-01 best=4.807660e-01
[NA] iter=00013 eval=03407 misfit=4.809566e-01 best=4.807660e-01
[NA] iter=00013 eval=03408 misfit=4.813262e-01 best=4.807660e-01
[NA] iter=00013 eval=03409 misfit=4.814700e-01 best=4.807660e-01
[NA] iter=00013 eval=03410 misfit=4.809566e-01 best=4.807660e-01
[NA] iter=00013 eval=03411 misfit=4.813140e-01 best=4.807660e-01
[NA] iter=00013 eval=03412 misfit=4.810357e-01 best=4.807660e-01
[NA] iter=00013 eval=03413 misfit=4.807968e-01 best=4.807660e-01
[NA] iter=00013 eval=03414 misfit=4.811539e-01 best=4.807660e-01
[NA] iter=00013 eval=03415 misfit=4.807753e-01 best=4.807660e-01
[NA] iter=00013 eval=03416 misfit=4.809510e-01 best=4.807660e-01
[NA] iter=00013 eval=03417 misfit=4.815123e-01 best=4.807660e-01
[NA] iter=00013 eval=03418 misfit=4.810776e-01 best=4.807660e-01
[NA] iter=00013 eval=03419 misfit=4.810401e-01 best=4.807660e-01
[NA] iter=00013 eval=03420 misfit=4.808665e-01 best=4.807660e-01
[NA] iter=00013 eval=03421 misfit=4.812912e-01 best=4.807660e-01
[NA] iter=00013 eval=03422 misfit=4.808043e-01 best=4.807660e-01
[NA] iter=00013 eval=03423 misfit=4.808175e-01 best=4.807660e-01
[NA] iter=00013 eval=03424 misfit=4.811085e-01 best=4.807660e-01
[NA] iter=00013 eval=03425 misfit=4.808197e-01 best=4.807660e-01
[NA] iter=00013 eval=03426 misfit=4.807978e-01 best=4.807660e-01
[NA] iter=00013 eval=03427 misfit=4.810317e-01 best=4.807660e-01
[NA] iter=00013 eval=03428 misfit=4.808481e-01 best=4.807660e-01
[NA] iter=00013 eval=03429 misfit=4.808130e-01 best=4.807660e-01
[NA] iter=00013 eval=03430 misfit=4.808679e-01 best=4.807660e-01
[NA] iter=00013 eval=03431 misfit=4.810280e-01 best=4.807660e-01
[NA] iter=00013 eval=03432 misfit=4.808724e-01 best=4.807660e-01
[NA] iter=00013 eval=03433 misfit=4.809474e-01 best=4.807660e-01
[NA] iter=00013 eval=03434 misfit=4.808446e-01 best=4.807660e-01
[NA] iter=00013 eval=03435 misfit=4.809833e-01 best=4.807660e-01
[NA] iter=00013 eval=03436 misfit=4.812008e-01 best=4.807660e-01
[NA] iter=00013 eval=03437 misfit=4.809465e-01 best=4.807660e-01
[NA] iter=00013 eval=03438 misfit=4.807842e-01 best=4.807660e-01
[NA] iter=00013 eval=03439 misfit=4.812504e-01 best=4.807660e-01
[NA] iter=00013 eval=03440 misfit=4.811763e-01 best=4.807660e-01
[NA] iter=00013 eval=03441 misfit=4.808060e-01 best=4.807660e-01
[NA] iter=00013 eval=03442 misfit=4.808422e-01 best=4.807660e-01
[NA] iter=00013 eval=03443 misfit=4.811025e-01 best=4.807660e-01
[NA] iter=00013 eval=03444 misfit=4.808088e-01 best=4.807660e-01
[NA] iter=00013 eval=03445 misfit=4.815833e-01 best=4.807660e-01
[NA] iter=00013 eval=03446 misfit=4.809409e-01 best=4.807660e-01
[NA] iter=00013 eval=03447 misfit=4.813737e-01 best=4.807660e-01
[NA] iter=00013 eval=03448 misfit=4.808454e-01 best=4.807660e-01
[NA] iter=00013 eval=03449 misfit=4.813276e-01 best=4.807660e-01
[NA] iter=00013 eval=03450 misfit=4.810281e-01 best=4.807660e-01
[NA] iter=00013 eval=03451 misfit=4.811962e-01 best=4.807660e-01
[NA] iter=00013 eval=03452 misfit=4.808020e-01 best=4.807660e-01
[NA] iter=00013 eval=03453 misfit=4.811516e-01 best=4.807660e-01
[NA] iter=00013 eval=03454 misfit=4.810451e-01 best=4.807660e-01
[NA] iter=00013 eval=03455 misfit=4.811746e-01 best=4.807660e-01
[NA] iter=00013 eval=03456 misfit=4.808393e-01 best=4.807660e-01
[NA] iter=00013 eval=03457 misfit=4.808056e-01 best=4.807660e-01
[NA] iter=00013 eval=03458 misfit=4.807835e-01 best=4.807660e-01
[NA] iter=00013 eval=03459 misfit=4.812090e-01 best=4.807660e-01
[NA] iter=00013 eval=03460 misfit=4.812543e-01 best=4.807660e-01
[NA] iter=00013 eval=03461 misfit=4.811913e-01 best=4.807660e-01
[NA] iter=00013 eval=03462 misfit=4.812348e-01 best=4.807660e-01
[NA] iter=00013 eval=03463 misfit=4.812032e-01 best=4.807660e-01
[NA] iter=00013 eval=03464 misfit=4.812623e-01 best=4.807660e-01
[NA] iter=00013 eval=03465 misfit=4.812014e-01 best=4.807660e-01
[NA] iter=00013 eval=03466 misfit=4.811901e-01 best=4.807660e-01
[NA] iter=00013 eval=03467 misfit=4.812099e-01 best=4.807660e-01
[NA] iter=00013 eval=03468 misfit=4.812510e-01 best=4.807660e-01
[NA] iter=00013 eval=03469 misfit=4.812701e-01 best=4.807660e-01
[NA] iter=00013 eval=03470 misfit=4.815464e-01 best=4.807660e-01
[NA] iter=00013 eval=03471 misfit=4.811654e-01 best=4.807660e-01
[NA] iter=00013 eval=03472 misfit=4.814373e-01 best=4.807660e-01
[NA] iter=00013 eval=03473 misfit=4.811357e-01 best=4.807660e-01
[NA] iter=00013 eval=03474 misfit=4.808618e-01 best=4.807660e-01
[NA] iter=00013 eval=03475 misfit=4.811474e-01 best=4.807660e-01
[NA] iter=00013 eval=03476 misfit=4.811155e-01 best=4.807660e-01
[NA] iter=00013 eval=03477 misfit=4.810168e-01 best=4.807660e-01
[NA] iter=00013 eval=03478 misfit=4.810488e-01 best=4.807660e-01
[NA] iter=00013 eval=03479 misfit=4.809138e-01 best=4.807660e-01
[NA] iter=00013 eval=03480 misfit=4.812925e-01 best=4.807660e-01
[NA] iter=00013 eval=03481 misfit=4.805471e-01 best=4.805471e-01
[NA] iter=00013 eval=03482 misfit=4.813523e-01 best=4.805471e-01
[NA] iter=00013 eval=03483 misfit=4.812610e-01 best=4.805471e-01
[NA] iter=00013 eval=03484 misfit=4.809138e-01 best=4.805471e-01
[NA] iter=00013 eval=03485 misfit=4.810126e-01 best=4.805471e-01
[NA] iter=00013 eval=03486 misfit=4.809767e-01 best=4.805471e-01
[NA] iter=00013 eval=03487 misfit=4.807928e-01 best=4.805471e-01
[NA] iter=00013 eval=03488 misfit=4.808829e-01 best=4.805471e-01
[NA] iter=00013 eval=03489 misfit=4.807616e-01 best=4.805471e-01
[NA] iter=00013 eval=03490 misfit=4.817931e-01 best=4.805471e-01
[NA] iter=00013 eval=03491 misfit=4.811513e-01 best=4.805471e-01
[NA] iter=00013 eval=03492 misfit=4.810905e-01 best=4.805471e-01
[NA] iter=00013 eval=03493 misfit=4.808668e-01 best=4.805471e-01
[NA] iter=00013 eval=03494 misfit=4.811505e-01 best=4.805471e-01
[NA] iter=00013 eval=03495 misfit=4.808365e-01 best=4.805471e-01
[NA] iter=00013 eval=03496 misfit=4.814947e-01 best=4.805471e-01
[NA] iter=00013 eval=03497 misfit=4.813585e-01 best=4.805471e-01
[NA] iter=00013 eval=03498 misfit=4.811322e-01 best=4.805471e-01
[NA] iter=00013 eval=03499 misfit=4.810776e-01 best=4.805471e-01
[NA] iter=00013 eval=03500 misfit=4.811537e-01 best=4.805471e-01
[NA] iter=00013 eval=03501 misfit=4.808875e-01 best=4.805471e-01
[NA] iter=00013 eval=03502 misfit=4.808750e-01 best=4.805471e-01
[NA] iter=00013 eval=03503 misfit=4.813653e-01 best=4.805471e-01
[NA] iter=00013 eval=03504 misfit=4.811397e-01 best=4.805471e-01
[NA] iter=00013 eval=03505 misfit=4.812602e-01 best=4.805471e-01
[NA] iter=00013 eval=03506 misfit=4.831755e-01 best=4.805471e-01
[NA] iter=00013 eval=03507 misfit=4.809176e-01 best=4.805471e-01
[NA] iter=00013 eval=03508 misfit=4.831394e-01 best=4.805471e-01
[NA] iter=00013 eval=03509 misfit=4.813701e-01 best=4.805471e-01
[NA] iter=00013 eval=03510 misfit=4.817353e-01 best=4.805471e-01
[NA] iter=00013 eval=03511 misfit=4.833038e-01 best=4.805471e-01
[NA] iter=00013 eval=03512 misfit=4.811151e-01 best=4.805471e-01
[NA] iter=00013 eval=03513 misfit=4.833701e-01 best=4.805471e-01
[NA] iter=00013 eval=03514 misfit=4.807804e-01 best=4.805471e-01
[NA] iter=00013 eval=03515 misfit=4.833482e-01 best=4.805471e-01
[NA] iter=00013 eval=03516 misfit=4.825731e-01 best=4.805471e-01
[NA] iter=00013 eval=03517 misfit=4.832804e-01 best=4.805471e-01
[NA] iter=00013 eval=03518 misfit=4.824539e-01 best=4.805471e-01
[NA] iter=00013 eval=03519 misfit=4.832263e-01 best=4.805471e-01
[NA] iter=00013 eval=03520 misfit=4.809448e-01 best=4.805471e-01
[NA] iter=00013 eval=03521 misfit=4.812107e-01 best=4.805471e-01
[NA] iter=00013 eval=03522 misfit=4.808648e-01 best=4.805471e-01
[NA] iter=00013 eval=03523 misfit=4.808872e-01 best=4.805471e-01
[NA] iter=00013 eval=03524 misfit=4.817506e-01 best=4.805471e-01
[NA] iter=00013 eval=03525 misfit=4.809149e-01 best=4.805471e-01
[NA] iter=00013 eval=03526 misfit=4.811778e-01 best=4.805471e-01
[NA] iter=00013 eval=03527 misfit=4.808955e-01 best=4.805471e-01
[NA] iter=00013 eval=03528 misfit=4.813476e-01 best=4.805471e-01
[NA] iter=00013 eval=03529 misfit=4.812069e-01 best=4.805471e-01
[NA] iter=00013 eval=03530 misfit=4.808015e-01 best=4.805471e-01
[NA] iter=00013 eval=03531 misfit=4.809360e-01 best=4.805471e-01
[NA] iter=00013 eval=03532 misfit=4.814326e-01 best=4.805471e-01
[NA] iter=00013 eval=03533 misfit=4.809690e-01 best=4.805471e-01
[NA] iter=00013 eval=03534 misfit=4.813515e-01 best=4.805471e-01
[NA] iter=00013 eval=03535 misfit=4.814034e-01 best=4.805471e-01
[NA] iter=00013 eval=03536 misfit=4.814288e-01 best=4.805471e-01
[NA] iter=00013 eval=03537 misfit=4.809146e-01 best=4.805471e-01
[NA] iter=00013 eval=03538 misfit=4.808594e-01 best=4.805471e-01
[NA] iter=00013 eval=03539 misfit=4.813787e-01 best=4.805471e-01
[NA] iter=00013 eval=03540 misfit=4.814355e-01 best=4.805471e-01
[NA] iter=00013 eval=03541 misfit=4.812008e-01 best=4.805471e-01
[NA] iter=00013 eval=03542 misfit=4.811964e-01 best=4.805471e-01
[NA] iter=00013 eval=03543 misfit=4.808756e-01 best=4.805471e-01
[NA] iter=00013 eval=03544 misfit=4.809011e-01 best=4.805471e-01
[NA] iter=00013 eval=03545 misfit=4.811903e-01 best=4.805471e-01
[NA] iter=00013 eval=03546 misfit=4.812250e-01 best=4.805471e-01
[NA] iter=00013 eval=03547 misfit=4.811883e-01 best=4.805471e-01
[NA] iter=00013 eval=03548 misfit=4.811737e-01 best=4.805471e-01
[NA] iter=00013 eval=03549 misfit=4.808947e-01 best=4.805471e-01
[NA] iter=00013 eval=03550 misfit=4.811127e-01 best=4.805471e-01
[NA] iter=00013 eval=03551 misfit=4.820991e-01 best=4.805471e-01
[NA] iter=00013 eval=03552 misfit=4.814022e-01 best=4.805471e-01
[NA] iter=00013 eval=03553 misfit=4.831446e-01 best=4.805471e-01
[NA] iter=00013 eval=03554 misfit=4.821030e-01 best=4.805471e-01
[NA] iter=00013 eval=03555 misfit=4.820845e-01 best=4.805471e-01
[NA] iter=00013 eval=03556 misfit=4.837940e-01 best=4.805471e-01
[NA] iter=00013 eval=03557 misfit=4.808688e-01 best=4.805471e-01
[NA] iter=00013 eval=03558 misfit=4.820666e-01 best=4.805471e-01
[NA] iter=00013 eval=03559 misfit=4.837591e-01 best=4.805471e-01
[NA] iter=00013 eval=03560 misfit=4.814129e-01 best=4.805471e-01
[NA] iter=00013 eval=03561 misfit=4.814032e-01 best=4.805471e-01
[NA] iter=00013 eval=03562 misfit=4.809365e-01 best=4.805471e-01
[NA] iter=00013 eval=03563 misfit=4.809467e-01 best=4.805471e-01
[NA] iter=00013 eval=03564 misfit=4.808956e-01 best=4.805471e-01
[NA] iter=00013 eval=03565 misfit=4.809015e-01 best=4.805471e-01
[NA] iter=00013 eval=03566 misfit=4.812919e-01 best=4.805471e-01
[NA] iter=00013 eval=03567 misfit=4.809700e-01 best=4.805471e-01
[NA] iter=00013 eval=03568 misfit=4.808959e-01 best=4.805471e-01
[NA] iter=00013 eval=03569 misfit=4.815237e-01 best=4.805471e-01
[NA] iter=00013 eval=03570 misfit=4.809836e-01 best=4.805471e-01
[NA] iter=00013 eval=03571 misfit=4.809445e-01 best=4.805471e-01
[NA] iter=00013 eval=03572 misfit=4.811275e-01 best=4.805471e-01
[NA] iter=00013 eval=03573 misfit=4.809163e-01 best=4.805471e-01
[NA] iter=00013 eval=03574 misfit=4.811028e-01 best=4.805471e-01
[NA] iter=00013 eval=03575 misfit=4.808801e-01 best=4.805471e-01
[NA] iter=00013 eval=03576 misfit=4.809689e-01 best=4.805471e-01
[NA] iter=00013 eval=03577 misfit=4.809027e-01 best=4.805471e-01
[NA] iter=00013 eval=03578 misfit=4.811363e-01 best=4.805471e-01
[NA] iter=00013 eval=03579 misfit=4.808674e-01 best=4.805471e-01
[NA] iter=00013 eval=03580 misfit=4.808884e-01 best=4.805471e-01
[NA] iter=00013 eval=03581 misfit=4.821561e-01 best=4.805471e-01
[NA] iter=00013 eval=03582 misfit=4.836542e-01 best=4.805471e-01
[NA] iter=00013 eval=03583 misfit=4.837269e-01 best=4.805471e-01
[NA] iter=00013 eval=03584 misfit=4.837132e-01 best=4.805471e-01
[NA] iter=00013 eval=03585 misfit=4.837464e-01 best=4.805471e-01
[NA] iter=00013 eval=03586 misfit=4.820870e-01 best=4.805471e-01
[NA] iter=00013 eval=03587 misfit=4.820995e-01 best=4.805471e-01
[NA] iter=00013 eval=03588 misfit=4.809543e-01 best=4.805471e-01
[NA] iter=00013 eval=03589 misfit=4.831498e-01 best=4.805471e-01
[NA] iter=00013 eval=03590 misfit=4.837291e-01 best=4.805471e-01
[NA] iter=00013 eval=03591 misfit=4.815134e-01 best=4.805471e-01
[NA] iter=00013 eval=03592 misfit=4.812507e-01 best=4.805471e-01
[NA] iter=00013 eval=03593 misfit=4.835865e-01 best=4.805471e-01
[NA] iter=00013 eval=03594 misfit=4.809714e-01 best=4.805471e-01
[NA] iter=00013 eval=03595 misfit=4.812806e-01 best=4.805471e-01
[NA] iter=00013 eval=03596 misfit=4.809604e-01 best=4.805471e-01
[NA] iter=00013 eval=03597 misfit=4.812904e-01 best=4.805471e-01
[NA] iter=00013 eval=03598 misfit=4.831572e-01 best=4.805471e-01
[NA] iter=00013 eval=03599 misfit=4.826138e-01 best=4.805471e-01
[NA] iter=00013 eval=03600 misfit=4.812768e-01 best=4.805471e-01
NAI - Optimisation Loop:  43%|████▎     | 13/30 [29:38<38:18, 135.19s/it][NA] iter=00014 eval=03601 misfit=4.808183e-01 best=4.805471e-01
[NA] iter=00014 eval=03602 misfit=4.808572e-01 best=4.805471e-01
[NA] iter=00014 eval=03603 misfit=4.807935e-01 best=4.805471e-01
[NA] iter=00014 eval=03604 misfit=4.812384e-01 best=4.805471e-01
[NA] iter=00014 eval=03605 misfit=4.807731e-01 best=4.805471e-01
[NA] iter=00014 eval=03606 misfit=4.808158e-01 best=4.805471e-01
[NA] iter=00014 eval=03607 misfit=4.808120e-01 best=4.805471e-01
[NA] iter=00014 eval=03608 misfit=4.807888e-01 best=4.805471e-01
[NA] iter=00014 eval=03609 misfit=4.809285e-01 best=4.805471e-01
[NA] iter=00014 eval=03610 misfit=4.807990e-01 best=4.805471e-01
[NA] iter=00014 eval=03611 misfit=4.812351e-01 best=4.805471e-01
[NA] iter=00014 eval=03612 misfit=4.807733e-01 best=4.805471e-01
[NA] iter=00014 eval=03613 misfit=4.809514e-01 best=4.805471e-01
[NA] iter=00014 eval=03614 misfit=4.812156e-01 best=4.805471e-01
[NA] iter=00014 eval=03615 misfit=4.812459e-01 best=4.805471e-01
[NA] iter=00014 eval=03616 misfit=4.808280e-01 best=4.805471e-01
[NA] iter=00014 eval=03617 misfit=4.813128e-01 best=4.805471e-01
[NA] iter=00014 eval=03618 misfit=4.811789e-01 best=4.805471e-01
[NA] iter=00014 eval=03619 misfit=4.805314e-01 best=4.805314e-01
[NA] iter=00014 eval=03620 misfit=4.811711e-01 best=4.805314e-01
[NA] iter=00014 eval=03621 misfit=4.808135e-01 best=4.805314e-01
[NA] iter=00014 eval=03622 misfit=4.807596e-01 best=4.805314e-01
[NA] iter=00014 eval=03623 misfit=4.807824e-01 best=4.805314e-01
[NA] iter=00014 eval=03624 misfit=4.808062e-01 best=4.805314e-01
[NA] iter=00014 eval=03625 misfit=4.808052e-01 best=4.805314e-01
[NA] iter=00014 eval=03626 misfit=4.807856e-01 best=4.805314e-01
[NA] iter=00014 eval=03627 misfit=4.809693e-01 best=4.805314e-01
[NA] iter=00014 eval=03628 misfit=4.807932e-01 best=4.805314e-01
[NA] iter=00014 eval=03629 misfit=4.807517e-01 best=4.805314e-01
[NA] iter=00014 eval=03630 misfit=4.809607e-01 best=4.805314e-01
[NA] iter=00014 eval=03631 misfit=4.808221e-01 best=4.805314e-01
[NA] iter=00014 eval=03632 misfit=4.808512e-01 best=4.805314e-01
[NA] iter=00014 eval=03633 misfit=4.807715e-01 best=4.805314e-01
[NA] iter=00014 eval=03634 misfit=4.807871e-01 best=4.805314e-01
[NA] iter=00014 eval=03635 misfit=4.808410e-01 best=4.805314e-01
[NA] iter=00014 eval=03636 misfit=4.807882e-01 best=4.805314e-01
[NA] iter=00014 eval=03637 misfit=4.808036e-01 best=4.805314e-01
[NA] iter=00014 eval=03638 misfit=4.808568e-01 best=4.805314e-01
[NA] iter=00014 eval=03639 misfit=4.808287e-01 best=4.805314e-01
[NA] iter=00014 eval=03640 misfit=4.808102e-01 best=4.805314e-01
[NA] iter=00014 eval=03641 misfit=4.807972e-01 best=4.805314e-01
[NA] iter=00014 eval=03642 misfit=4.807870e-01 best=4.805314e-01
[NA] iter=00014 eval=03643 misfit=4.808233e-01 best=4.805314e-01
[NA] iter=00014 eval=03644 misfit=4.807942e-01 best=4.805314e-01
[NA] iter=00014 eval=03645 misfit=4.808059e-01 best=4.805314e-01
[NA] iter=00014 eval=03646 misfit=4.811178e-01 best=4.805314e-01
[NA] iter=00014 eval=03647 misfit=4.808357e-01 best=4.805314e-01
[NA] iter=00014 eval=03648 misfit=4.807864e-01 best=4.805314e-01
[NA] iter=00014 eval=03649 misfit=4.808252e-01 best=4.805314e-01
[NA] iter=00014 eval=03650 misfit=4.807731e-01 best=4.805314e-01
[NA] iter=00014 eval=03651 misfit=4.810993e-01 best=4.805314e-01
[NA] iter=00014 eval=03652 misfit=4.808106e-01 best=4.805314e-01
[NA] iter=00014 eval=03653 misfit=4.807480e-01 best=4.805314e-01
[NA] iter=00014 eval=03654 misfit=4.815586e-01 best=4.805314e-01
[NA] iter=00014 eval=03655 misfit=4.807883e-01 best=4.805314e-01
[NA] iter=00014 eval=03656 misfit=4.807560e-01 best=4.805314e-01
[NA] iter=00014 eval=03657 misfit=4.808142e-01 best=4.805314e-01
[NA] iter=00014 eval=03658 misfit=4.807793e-01 best=4.805314e-01
[NA] iter=00014 eval=03659 misfit=4.807947e-01 best=4.805314e-01
[NA] iter=00014 eval=03660 misfit=4.808359e-01 best=4.805314e-01
[NA] iter=00014 eval=03661 misfit=4.812998e-01 best=4.805314e-01
[NA] iter=00014 eval=03662 misfit=4.809503e-01 best=4.805314e-01
[NA] iter=00014 eval=03663 misfit=4.812537e-01 best=4.805314e-01
[NA] iter=00014 eval=03664 misfit=4.809154e-01 best=4.805314e-01
[NA] iter=00014 eval=03665 misfit=4.810005e-01 best=4.805314e-01
[NA] iter=00014 eval=03666 misfit=4.808276e-01 best=4.805314e-01
[NA] iter=00014 eval=03667 misfit=4.813022e-01 best=4.805314e-01
[NA] iter=00014 eval=03668 misfit=4.817420e-01 best=4.805314e-01
[NA] iter=00014 eval=03669 misfit=4.809633e-01 best=4.805314e-01
[NA] iter=00014 eval=03670 misfit=4.811509e-01 best=4.805314e-01
[NA] iter=00014 eval=03671 misfit=4.810260e-01 best=4.805314e-01
[NA] iter=00014 eval=03672 misfit=4.808481e-01 best=4.805314e-01
[NA] iter=00014 eval=03673 misfit=4.809865e-01 best=4.805314e-01
[NA] iter=00014 eval=03674 misfit=4.810756e-01 best=4.805314e-01
[NA] iter=00014 eval=03675 misfit=4.812528e-01 best=4.805314e-01
[NA] iter=00014 eval=03676 misfit=4.814568e-01 best=4.805314e-01
[NA] iter=00014 eval=03677 misfit=4.814861e-01 best=4.805314e-01
[NA] iter=00014 eval=03678 misfit=4.807970e-01 best=4.805314e-01
[NA] iter=00014 eval=03679 misfit=4.808131e-01 best=4.805314e-01
[NA] iter=00014 eval=03680 misfit=4.814551e-01 best=4.805314e-01
[NA] iter=00014 eval=03681 misfit=4.807677e-01 best=4.805314e-01
[NA] iter=00014 eval=03682 misfit=4.810965e-01 best=4.805314e-01
[NA] iter=00014 eval=03683 misfit=4.812008e-01 best=4.805314e-01
[NA] iter=00014 eval=03684 misfit=4.807754e-01 best=4.805314e-01
[NA] iter=00014 eval=03685 misfit=4.807926e-01 best=4.805314e-01
[NA] iter=00014 eval=03686 misfit=4.814993e-01 best=4.805314e-01
[NA] iter=00014 eval=03687 misfit=4.816378e-01 best=4.805314e-01
[NA] iter=00014 eval=03688 misfit=4.811444e-01 best=4.805314e-01
[NA] iter=00014 eval=03689 misfit=4.808172e-01 best=4.805314e-01
[NA] iter=00014 eval=03690 misfit=4.808105e-01 best=4.805314e-01
[NA] iter=00014 eval=03691 misfit=4.807748e-01 best=4.805314e-01
[NA] iter=00014 eval=03692 misfit=4.808072e-01 best=4.805314e-01
[NA] iter=00014 eval=03693 misfit=4.809482e-01 best=4.805314e-01
[NA] iter=00014 eval=03694 misfit=4.808106e-01 best=4.805314e-01
[NA] iter=00014 eval=03695 misfit=4.808208e-01 best=4.805314e-01
[NA] iter=00014 eval=03696 misfit=4.809966e-01 best=4.805314e-01
[NA] iter=00014 eval=03697 misfit=4.812755e-01 best=4.805314e-01
[NA] iter=00014 eval=03698 misfit=4.811450e-01 best=4.805314e-01
[NA] iter=00014 eval=03699 misfit=4.807993e-01 best=4.805314e-01
[NA] iter=00014 eval=03700 misfit=4.807925e-01 best=4.805314e-01
[NA] iter=00014 eval=03701 misfit=4.813918e-01 best=4.805314e-01
[NA] iter=00014 eval=03702 misfit=4.807912e-01 best=4.805314e-01
[NA] iter=00014 eval=03703 misfit=4.817238e-01 best=4.805314e-01
[NA] iter=00014 eval=03704 misfit=4.811555e-01 best=4.805314e-01
[NA] iter=00014 eval=03705 misfit=4.830117e-01 best=4.805314e-01
[NA] iter=00014 eval=03706 misfit=4.817601e-01 best=4.805314e-01
[NA] iter=00014 eval=03707 misfit=4.807937e-01 best=4.805314e-01
[NA] iter=00014 eval=03708 misfit=4.812052e-01 best=4.805314e-01
[NA] iter=00014 eval=03709 misfit=4.807874e-01 best=4.805314e-01
[NA] iter=00014 eval=03710 misfit=4.812171e-01 best=4.805314e-01
[NA] iter=00014 eval=03711 misfit=4.812882e-01 best=4.805314e-01
[NA] iter=00014 eval=03712 misfit=4.812666e-01 best=4.805314e-01
[NA] iter=00014 eval=03713 misfit=4.811023e-01 best=4.805314e-01
[NA] iter=00014 eval=03714 misfit=4.811203e-01 best=4.805314e-01
[NA] iter=00014 eval=03715 misfit=4.812866e-01 best=4.805314e-01
[NA] iter=00014 eval=03716 misfit=4.812921e-01 best=4.805314e-01
[NA] iter=00014 eval=03717 misfit=4.812705e-01 best=4.805314e-01
[NA] iter=00014 eval=03718 misfit=4.809783e-01 best=4.805314e-01
[NA] iter=00014 eval=03719 misfit=4.811940e-01 best=4.805314e-01
[NA] iter=00014 eval=03720 misfit=4.812947e-01 best=4.805314e-01
[NA] iter=00014 eval=03721 misfit=4.808438e-01 best=4.805314e-01
[NA] iter=00014 eval=03722 misfit=4.811575e-01 best=4.805314e-01
[NA] iter=00014 eval=03723 misfit=4.807802e-01 best=4.805314e-01
[NA] iter=00014 eval=03724 misfit=4.808139e-01 best=4.805314e-01
[NA] iter=00014 eval=03725 misfit=4.808483e-01 best=4.805314e-01
[NA] iter=00014 eval=03726 misfit=4.808431e-01 best=4.805314e-01
[NA] iter=00014 eval=03727 misfit=4.811611e-01 best=4.805314e-01
[NA] iter=00014 eval=03728 misfit=4.808200e-01 best=4.805314e-01
[NA] iter=00014 eval=03729 misfit=4.811344e-01 best=4.805314e-01
[NA] iter=00014 eval=03730 misfit=4.808262e-01 best=4.805314e-01
[NA] iter=00014 eval=03731 misfit=4.807650e-01 best=4.805314e-01
[NA] iter=00014 eval=03732 misfit=4.808337e-01 best=4.805314e-01
[NA] iter=00014 eval=03733 misfit=4.808441e-01 best=4.805314e-01
[NA] iter=00014 eval=03734 misfit=4.807722e-01 best=4.805314e-01
[NA] iter=00014 eval=03735 misfit=4.808057e-01 best=4.805314e-01
[NA] iter=00014 eval=03736 misfit=4.808617e-01 best=4.805314e-01
[NA] iter=00014 eval=03737 misfit=4.810030e-01 best=4.805314e-01
[NA] iter=00014 eval=03738 misfit=4.808283e-01 best=4.805314e-01
[NA] iter=00014 eval=03739 misfit=4.807938e-01 best=4.805314e-01
[NA] iter=00014 eval=03740 misfit=4.807999e-01 best=4.805314e-01
[NA] iter=00014 eval=03741 misfit=4.811888e-01 best=4.805314e-01
[NA] iter=00014 eval=03742 misfit=4.809543e-01 best=4.805314e-01
[NA] iter=00014 eval=03743 misfit=4.811588e-01 best=4.805314e-01
[NA] iter=00014 eval=03744 misfit=4.807479e-01 best=4.805314e-01
[NA] iter=00014 eval=03745 misfit=4.812808e-01 best=4.805314e-01
[NA] iter=00014 eval=03746 misfit=4.808092e-01 best=4.805314e-01
[NA] iter=00014 eval=03747 misfit=4.809321e-01 best=4.805314e-01
[NA] iter=00014 eval=03748 misfit=4.807723e-01 best=4.805314e-01
[NA] iter=00014 eval=03749 misfit=4.817440e-01 best=4.805314e-01
[NA] iter=00014 eval=03750 misfit=4.808128e-01 best=4.805314e-01
[NA] iter=00014 eval=03751 misfit=4.815484e-01 best=4.805314e-01
[NA] iter=00014 eval=03752 misfit=4.808215e-01 best=4.805314e-01
[NA] iter=00014 eval=03753 misfit=4.808358e-01 best=4.805314e-01
[NA] iter=00014 eval=03754 misfit=4.809056e-01 best=4.805314e-01
[NA] iter=00014 eval=03755 misfit=4.811149e-01 best=4.805314e-01
[NA] iter=00014 eval=03756 misfit=4.814356e-01 best=4.805314e-01
[NA] iter=00014 eval=03757 misfit=4.812571e-01 best=4.805314e-01
[NA] iter=00014 eval=03758 misfit=4.812558e-01 best=4.805314e-01
[NA] iter=00014 eval=03759 misfit=4.814566e-01 best=4.805314e-01
[NA] iter=00014 eval=03760 misfit=4.808241e-01 best=4.805314e-01
[NA] iter=00014 eval=03761 misfit=4.808622e-01 best=4.805314e-01
[NA] iter=00014 eval=03762 misfit=4.807797e-01 best=4.805314e-01
[NA] iter=00014 eval=03763 misfit=4.810461e-01 best=4.805314e-01
[NA] iter=00014 eval=03764 misfit=4.807998e-01 best=4.805314e-01
[NA] iter=00014 eval=03765 misfit=4.807972e-01 best=4.805314e-01
[NA] iter=00014 eval=03766 misfit=4.811322e-01 best=4.805314e-01
[NA] iter=00014 eval=03767 misfit=4.808394e-01 best=4.805314e-01
[NA] iter=00014 eval=03768 misfit=4.808246e-01 best=4.805314e-01
[NA] iter=00014 eval=03769 misfit=4.808284e-01 best=4.805314e-01
[NA] iter=00014 eval=03770 misfit=4.810234e-01 best=4.805314e-01
[NA] iter=00014 eval=03771 misfit=4.810259e-01 best=4.805314e-01
[NA] iter=00014 eval=03772 misfit=4.810585e-01 best=4.805314e-01
[NA] iter=00014 eval=03773 misfit=4.810150e-01 best=4.805314e-01
[NA] iter=00014 eval=03774 misfit=4.813128e-01 best=4.805314e-01
[NA] iter=00014 eval=03775 misfit=4.810457e-01 best=4.805314e-01
[NA] iter=00014 eval=03776 misfit=4.813038e-01 best=4.805314e-01
[NA] iter=00014 eval=03777 misfit=4.808438e-01 best=4.805314e-01
[NA] iter=00014 eval=03778 misfit=4.810469e-01 best=4.805314e-01
[NA] iter=00014 eval=03779 misfit=4.812861e-01 best=4.805314e-01
[NA] iter=00014 eval=03780 misfit=4.808429e-01 best=4.805314e-01
[NA] iter=00014 eval=03781 misfit=4.808048e-01 best=4.805314e-01
[NA] iter=00014 eval=03782 misfit=4.808478e-01 best=4.805314e-01
[NA] iter=00014 eval=03783 misfit=4.808507e-01 best=4.805314e-01
[NA] iter=00014 eval=03784 misfit=4.811637e-01 best=4.805314e-01
[NA] iter=00014 eval=03785 misfit=4.808040e-01 best=4.805314e-01
[NA] iter=00014 eval=03786 misfit=4.809969e-01 best=4.805314e-01
[NA] iter=00014 eval=03787 misfit=4.808505e-01 best=4.805314e-01
[NA] iter=00014 eval=03788 misfit=4.807945e-01 best=4.805314e-01
[NA] iter=00014 eval=03789 misfit=4.808363e-01 best=4.805314e-01
[NA] iter=00014 eval=03790 misfit=4.810961e-01 best=4.805314e-01
[NA] iter=00014 eval=03791 misfit=4.807891e-01 best=4.805314e-01
[NA] iter=00014 eval=03792 misfit=4.810546e-01 best=4.805314e-01
[NA] iter=00014 eval=03793 misfit=4.808531e-01 best=4.805314e-01
[NA] iter=00014 eval=03794 misfit=4.810253e-01 best=4.805314e-01
[NA] iter=00014 eval=03795 misfit=4.810119e-01 best=4.805314e-01
[NA] iter=00014 eval=03796 misfit=4.808219e-01 best=4.805314e-01
[NA] iter=00014 eval=03797 misfit=4.810779e-01 best=4.805314e-01
[NA] iter=00014 eval=03798 misfit=4.808447e-01 best=4.805314e-01
[NA] iter=00014 eval=03799 misfit=4.810881e-01 best=4.805314e-01
[NA] iter=00014 eval=03800 misfit=4.807720e-01 best=4.805314e-01
NAI - Optimisation Loop:  47%|████▋     | 14/30 [31:53<36:03, 135.20s/it][NA] iter=00015 eval=03801 misfit=4.808370e-01 best=4.805314e-01
[NA] iter=00015 eval=03802 misfit=4.808511e-01 best=4.805314e-01
[NA] iter=00015 eval=03803 misfit=4.810043e-01 best=4.805314e-01
[NA] iter=00015 eval=03804 misfit=4.808719e-01 best=4.805314e-01
[NA] iter=00015 eval=03805 misfit=4.807614e-01 best=4.805314e-01
[NA] iter=00015 eval=03806 misfit=4.807696e-01 best=4.805314e-01
[NA] iter=00015 eval=03807 misfit=4.807484e-01 best=4.805314e-01
[NA] iter=00015 eval=03808 misfit=4.808842e-01 best=4.805314e-01
[NA] iter=00015 eval=03809 misfit=4.809585e-01 best=4.805314e-01
[NA] iter=00015 eval=03810 misfit=4.808259e-01 best=4.805314e-01
[NA] iter=00015 eval=03811 misfit=4.807401e-01 best=4.805314e-01
[NA] iter=00015 eval=03812 misfit=4.809539e-01 best=4.805314e-01
[NA] iter=00015 eval=03813 misfit=4.807438e-01 best=4.805314e-01
[NA] iter=00015 eval=03814 misfit=4.807605e-01 best=4.805314e-01
[NA] iter=00015 eval=03815 misfit=4.807631e-01 best=4.805314e-01
[NA] iter=00015 eval=03816 misfit=4.809316e-01 best=4.805314e-01
[NA] iter=00015 eval=03817 misfit=4.808080e-01 best=4.805314e-01
[NA] iter=00015 eval=03818 misfit=4.809257e-01 best=4.805314e-01
[NA] iter=00015 eval=03819 misfit=4.809166e-01 best=4.805314e-01
[NA] iter=00015 eval=03820 misfit=4.807502e-01 best=4.805314e-01
[NA] iter=00015 eval=03821 misfit=4.812414e-01 best=4.805314e-01
[NA] iter=00015 eval=03822 misfit=4.812438e-01 best=4.805314e-01
[NA] iter=00015 eval=03823 misfit=4.807420e-01 best=4.805314e-01
[NA] iter=00015 eval=03824 misfit=4.805339e-01 best=4.805314e-01
[NA] iter=00015 eval=03825 misfit=4.807543e-01 best=4.805314e-01
[NA] iter=00015 eval=03826 misfit=4.808165e-01 best=4.805314e-01
[NA] iter=00015 eval=03827 misfit=4.807671e-01 best=4.805314e-01
[NA] iter=00015 eval=03828 misfit=4.807689e-01 best=4.805314e-01
[NA] iter=00015 eval=03829 misfit=4.807370e-01 best=4.805314e-01
[NA] iter=00015 eval=03830 misfit=4.807609e-01 best=4.805314e-01
[NA] iter=00015 eval=03831 misfit=4.807312e-01 best=4.805314e-01
[NA] iter=00015 eval=03832 misfit=4.814506e-01 best=4.805314e-01
[NA] iter=00015 eval=03833 misfit=4.807596e-01 best=4.805314e-01
[NA] iter=00015 eval=03834 misfit=4.814845e-01 best=4.805314e-01
[NA] iter=00015 eval=03835 misfit=4.807752e-01 best=4.805314e-01
[NA] iter=00015 eval=03836 misfit=4.807478e-01 best=4.805314e-01
[NA] iter=00015 eval=03837 misfit=4.814727e-01 best=4.805314e-01
[NA] iter=00015 eval=03838 misfit=4.807470e-01 best=4.805314e-01
[NA] iter=00015 eval=03839 misfit=4.814480e-01 best=4.805314e-01
[NA] iter=00015 eval=03840 misfit=4.812094e-01 best=4.805314e-01
[NA] iter=00015 eval=03841 misfit=4.807520e-01 best=4.805314e-01
[NA] iter=00015 eval=03842 misfit=4.807525e-01 best=4.805314e-01
[NA] iter=00015 eval=03843 misfit=4.807615e-01 best=4.805314e-01
[NA] iter=00015 eval=03844 misfit=4.811996e-01 best=4.805314e-01
[NA] iter=00015 eval=03845 misfit=4.809499e-01 best=4.805314e-01
[NA] iter=00015 eval=03846 misfit=4.807565e-01 best=4.805314e-01
[NA] iter=00015 eval=03847 misfit=4.807607e-01 best=4.805314e-01
[NA] iter=00015 eval=03848 misfit=4.807515e-01 best=4.805314e-01
[NA] iter=00015 eval=03849 misfit=4.809583e-01 best=4.805314e-01
[NA] iter=00015 eval=03850 misfit=4.809510e-01 best=4.805314e-01
[NA] iter=00015 eval=03851 misfit=4.808271e-01 best=4.805314e-01
[NA] iter=00015 eval=03852 misfit=4.809977e-01 best=4.805314e-01
[NA] iter=00015 eval=03853 misfit=4.815023e-01 best=4.805314e-01
[NA] iter=00015 eval=03854 misfit=4.807622e-01 best=4.805314e-01
[NA] iter=00015 eval=03855 misfit=4.815400e-01 best=4.805314e-01
[NA] iter=00015 eval=03856 misfit=4.812693e-01 best=4.805314e-01
[NA] iter=00015 eval=03857 misfit=4.807747e-01 best=4.805314e-01
[NA] iter=00015 eval=03858 misfit=4.807767e-01 best=4.805314e-01
[NA] iter=00015 eval=03859 misfit=4.807700e-01 best=4.805314e-01
[NA] iter=00015 eval=03860 misfit=4.807935e-01 best=4.805314e-01
[NA] iter=00015 eval=03861 misfit=4.807657e-01 best=4.805314e-01
[NA] iter=00015 eval=03862 misfit=4.807602e-01 best=4.805314e-01
[NA] iter=00015 eval=03863 misfit=4.807795e-01 best=4.805314e-01
[NA] iter=00015 eval=03864 misfit=4.807722e-01 best=4.805314e-01
[NA] iter=00015 eval=03865 misfit=4.813202e-01 best=4.805314e-01
[NA] iter=00015 eval=03866 misfit=4.807865e-01 best=4.805314e-01
[NA] iter=00015 eval=03867 misfit=4.807684e-01 best=4.805314e-01
[NA] iter=00015 eval=03868 misfit=4.812981e-01 best=4.805314e-01
[NA] iter=00015 eval=03869 misfit=4.807492e-01 best=4.805314e-01
[NA] iter=00015 eval=03870 misfit=4.807664e-01 best=4.805314e-01
[NA] iter=00015 eval=03871 misfit=4.808073e-01 best=4.805314e-01
[NA] iter=00015 eval=03872 misfit=4.807822e-01 best=4.805314e-01
[NA] iter=00015 eval=03873 misfit=4.808092e-01 best=4.805314e-01
[NA] iter=00015 eval=03874 misfit=4.807661e-01 best=4.805314e-01
[NA] iter=00015 eval=03875 misfit=4.807988e-01 best=4.805314e-01
[NA] iter=00015 eval=03876 misfit=4.807855e-01 best=4.805314e-01
[NA] iter=00015 eval=03877 misfit=4.807606e-01 best=4.805314e-01
[NA] iter=00015 eval=03878 misfit=4.807711e-01 best=4.805314e-01
[NA] iter=00015 eval=03879 misfit=4.809386e-01 best=4.805314e-01
[NA] iter=00015 eval=03880 misfit=4.812241e-01 best=4.805314e-01
[NA] iter=00015 eval=03881 misfit=4.807494e-01 best=4.805314e-01
[NA] iter=00015 eval=03882 misfit=4.807551e-01 best=4.805314e-01
[NA] iter=00015 eval=03883 misfit=4.807646e-01 best=4.805314e-01
[NA] iter=00015 eval=03884 misfit=4.807688e-01 best=4.805314e-01
[NA] iter=00015 eval=03885 misfit=4.812096e-01 best=4.805314e-01
[NA] iter=00015 eval=03886 misfit=4.812121e-01 best=4.805314e-01
[NA] iter=00015 eval=03887 misfit=4.807669e-01 best=4.805314e-01
[NA] iter=00015 eval=03888 misfit=4.807283e-01 best=4.805314e-01
[NA] iter=00015 eval=03889 misfit=4.812203e-01 best=4.805314e-01
[NA] iter=00015 eval=03890 misfit=4.809665e-01 best=4.805314e-01
[NA] iter=00015 eval=03891 misfit=4.807960e-01 best=4.805314e-01
[NA] iter=00015 eval=03892 misfit=4.807892e-01 best=4.805314e-01
[NA] iter=00015 eval=03893 misfit=4.807893e-01 best=4.805314e-01
[NA] iter=00015 eval=03894 misfit=4.807628e-01 best=4.805314e-01
[NA] iter=00015 eval=03895 misfit=4.807625e-01 best=4.805314e-01
[NA] iter=00015 eval=03896 misfit=4.807745e-01 best=4.805314e-01
[NA] iter=00015 eval=03897 misfit=4.807583e-01 best=4.805314e-01
[NA] iter=00015 eval=03898 misfit=4.807753e-01 best=4.805314e-01
[NA] iter=00015 eval=03899 misfit=4.807803e-01 best=4.805314e-01
[NA] iter=00015 eval=03900 misfit=4.807914e-01 best=4.805314e-01
[NA] iter=00015 eval=03901 misfit=4.809315e-01 best=4.805314e-01
[NA] iter=00015 eval=03902 misfit=4.814861e-01 best=4.805314e-01
[NA] iter=00015 eval=03903 misfit=4.807737e-01 best=4.805314e-01
[NA] iter=00015 eval=03904 misfit=4.809658e-01 best=4.805314e-01
[NA] iter=00015 eval=03905 misfit=4.807539e-01 best=4.805314e-01
[NA] iter=00015 eval=03906 misfit=4.807550e-01 best=4.805314e-01
[NA] iter=00015 eval=03907 misfit=4.809597e-01 best=4.805314e-01
[NA] iter=00015 eval=03908 misfit=4.809437e-01 best=4.805314e-01
[NA] iter=00015 eval=03909 misfit=4.807571e-01 best=4.805314e-01
[NA] iter=00015 eval=03910 misfit=4.812134e-01 best=4.805314e-01
[NA] iter=00015 eval=03911 misfit=4.807972e-01 best=4.805314e-01
[NA] iter=00015 eval=03912 misfit=4.807731e-01 best=4.805314e-01
[NA] iter=00015 eval=03913 misfit=4.807684e-01 best=4.805314e-01
[NA] iter=00015 eval=03914 misfit=4.807671e-01 best=4.805314e-01
[NA] iter=00015 eval=03915 misfit=4.807518e-01 best=4.805314e-01
[NA] iter=00015 eval=03916 misfit=4.807824e-01 best=4.805314e-01
[NA] iter=00015 eval=03917 misfit=4.807753e-01 best=4.805314e-01
[NA] iter=00015 eval=03918 misfit=4.807897e-01 best=4.805314e-01
[NA] iter=00015 eval=03919 misfit=4.807660e-01 best=4.805314e-01
[NA] iter=00015 eval=03920 misfit=4.807635e-01 best=4.805314e-01
[NA] iter=00015 eval=03921 misfit=4.808211e-01 best=4.805314e-01
[NA] iter=00015 eval=03922 misfit=4.807666e-01 best=4.805314e-01
[NA] iter=00015 eval=03923 misfit=4.808132e-01 best=4.805314e-01
[NA] iter=00015 eval=03924 misfit=4.807933e-01 best=4.805314e-01
[NA] iter=00015 eval=03925 misfit=4.807754e-01 best=4.805314e-01
[NA] iter=00015 eval=03926 misfit=4.807750e-01 best=4.805314e-01
[NA] iter=00015 eval=03927 misfit=4.807865e-01 best=4.805314e-01
[NA] iter=00015 eval=03928 misfit=4.808280e-01 best=4.805314e-01
[NA] iter=00015 eval=03929 misfit=4.807540e-01 best=4.805314e-01
[NA] iter=00015 eval=03930 misfit=4.808301e-01 best=4.805314e-01
[NA] iter=00015 eval=03931 misfit=4.815165e-01 best=4.805314e-01
[NA] iter=00015 eval=03932 misfit=4.807998e-01 best=4.805314e-01
[NA] iter=00015 eval=03933 misfit=4.815026e-01 best=4.805314e-01
[NA] iter=00015 eval=03934 misfit=4.807988e-01 best=4.805314e-01
[NA] iter=00015 eval=03935 misfit=4.807195e-01 best=4.805314e-01
[NA] iter=00015 eval=03936 misfit=4.807741e-01 best=4.805314e-01
[NA] iter=00015 eval=03937 misfit=4.812291e-01 best=4.805314e-01
[NA] iter=00015 eval=03938 misfit=4.815001e-01 best=4.805314e-01
[NA] iter=00015 eval=03939 misfit=4.815303e-01 best=4.805314e-01
[NA] iter=00015 eval=03940 misfit=4.807729e-01 best=4.805314e-01
[NA] iter=00015 eval=03941 misfit=4.807828e-01 best=4.805314e-01
[NA] iter=00015 eval=03942 misfit=4.808120e-01 best=4.805314e-01
[NA] iter=00015 eval=03943 misfit=4.807668e-01 best=4.805314e-01
[NA] iter=00015 eval=03944 misfit=4.807997e-01 best=4.805314e-01
[NA] iter=00015 eval=03945 misfit=4.807956e-01 best=4.805314e-01
[NA] iter=00015 eval=03946 misfit=4.810030e-01 best=4.805314e-01
[NA] iter=00015 eval=03947 misfit=4.807849e-01 best=4.805314e-01
[NA] iter=00015 eval=03948 misfit=4.807792e-01 best=4.805314e-01
[NA] iter=00015 eval=03949 misfit=4.807737e-01 best=4.805314e-01
[NA] iter=00015 eval=03950 misfit=4.810026e-01 best=4.805314e-01
[NA] iter=00015 eval=03951 misfit=4.807999e-01 best=4.805314e-01
[NA] iter=00015 eval=03952 misfit=4.807869e-01 best=4.805314e-01
[NA] iter=00015 eval=03953 misfit=4.807761e-01 best=4.805314e-01
[NA] iter=00015 eval=03954 misfit=4.808112e-01 best=4.805314e-01
[NA] iter=00015 eval=03955 misfit=4.807589e-01 best=4.805314e-01
[NA] iter=00015 eval=03956 misfit=4.807836e-01 best=4.805314e-01
[NA] iter=00015 eval=03957 misfit=4.807617e-01 best=4.805314e-01
[NA] iter=00015 eval=03958 misfit=4.807993e-01 best=4.805314e-01
[NA] iter=00015 eval=03959 misfit=4.809673e-01 best=4.805314e-01
[NA] iter=00015 eval=03960 misfit=4.807552e-01 best=4.805314e-01
[NA] iter=00015 eval=03961 misfit=4.808147e-01 best=4.805314e-01
[NA] iter=00015 eval=03962 misfit=4.807761e-01 best=4.805314e-01
[NA] iter=00015 eval=03963 misfit=4.809402e-01 best=4.805314e-01
[NA] iter=00015 eval=03964 misfit=4.809229e-01 best=4.805314e-01
[NA] iter=00015 eval=03965 misfit=4.808115e-01 best=4.805314e-01
[NA] iter=00015 eval=03966 misfit=4.807732e-01 best=4.805314e-01
[NA] iter=00015 eval=03967 misfit=4.807359e-01 best=4.805314e-01
[NA] iter=00015 eval=03968 misfit=4.807549e-01 best=4.805314e-01
[NA] iter=00015 eval=03969 misfit=4.808063e-01 best=4.805314e-01
[NA] iter=00015 eval=03970 misfit=4.805185e-01 best=4.805185e-01
[NA] iter=00015 eval=03971 misfit=4.808192e-01 best=4.805185e-01
[NA] iter=00015 eval=03972 misfit=4.808281e-01 best=4.805185e-01
[NA] iter=00015 eval=03973 misfit=4.812630e-01 best=4.805185e-01
[NA] iter=00015 eval=03974 misfit=4.809361e-01 best=4.805185e-01
[NA] iter=00015 eval=03975 misfit=4.812341e-01 best=4.805185e-01
[NA] iter=00015 eval=03976 misfit=4.809474e-01 best=4.805185e-01
[NA] iter=00015 eval=03977 misfit=4.807930e-01 best=4.805185e-01
[NA] iter=00015 eval=03978 misfit=4.809457e-01 best=4.805185e-01
[NA] iter=00015 eval=03979 misfit=4.807874e-01 best=4.805185e-01
[NA] iter=00015 eval=03980 misfit=4.812369e-01 best=4.805185e-01
[NA] iter=00015 eval=03981 misfit=4.810267e-01 best=4.805185e-01
[NA] iter=00015 eval=03982 misfit=4.807715e-01 best=4.805185e-01
[NA] iter=00015 eval=03983 misfit=4.808035e-01 best=4.805185e-01
[NA] iter=00015 eval=03984 misfit=4.810127e-01 best=4.805185e-01
[NA] iter=00015 eval=03985 misfit=4.808134e-01 best=4.805185e-01
[NA] iter=00015 eval=03986 misfit=4.808134e-01 best=4.805185e-01
[NA] iter=00015 eval=03987 misfit=4.810239e-01 best=4.805185e-01
[NA] iter=00015 eval=03988 misfit=4.807966e-01 best=4.805185e-01
[NA] iter=00015 eval=03989 misfit=4.807909e-01 best=4.805185e-01
[NA] iter=00015 eval=03990 misfit=4.810315e-01 best=4.805185e-01
[NA] iter=00015 eval=03991 misfit=4.809091e-01 best=4.805185e-01
[NA] iter=00015 eval=03992 misfit=4.812451e-01 best=4.805185e-01
[NA] iter=00015 eval=03993 misfit=4.809763e-01 best=4.805185e-01
[NA] iter=00015 eval=03994 misfit=4.812292e-01 best=4.805185e-01
[NA] iter=00015 eval=03995 misfit=4.812166e-01 best=4.805185e-01
[NA] iter=00015 eval=03996 misfit=4.809348e-01 best=4.805185e-01
[NA] iter=00015 eval=03997 misfit=4.809577e-01 best=4.805185e-01
[NA] iter=00015 eval=03998 misfit=4.807436e-01 best=4.805185e-01
[NA] iter=00015 eval=03999 misfit=4.804966e-01 best=4.804966e-01
[NA] iter=00015 eval=04000 misfit=4.807572e-01 best=4.804966e-01
NAI - Optimisation Loop:  50%|█████     | 15/30 [34:09<33:51, 135.44s/it][NA] iter=00016 eval=04001 misfit=4.807647e-01 best=4.804966e-01
[NA] iter=00016 eval=04002 misfit=4.804972e-01 best=4.804966e-01
[NA] iter=00016 eval=04003 misfit=4.807278e-01 best=4.804966e-01
[NA] iter=00016 eval=04004 misfit=4.808802e-01 best=4.804966e-01
[NA] iter=00016 eval=04005 misfit=4.807517e-01 best=4.804966e-01
[NA] iter=00016 eval=04006 misfit=4.809003e-01 best=4.804966e-01
[NA] iter=00016 eval=04007 misfit=4.809037e-01 best=4.804966e-01
[NA] iter=00016 eval=04008 misfit=4.807078e-01 best=4.804966e-01
[NA] iter=00016 eval=04009 misfit=4.809105e-01 best=4.804966e-01
[NA] iter=00016 eval=04010 misfit=4.809152e-01 best=4.804966e-01
[NA] iter=00016 eval=04011 misfit=4.807629e-01 best=4.804966e-01
[NA] iter=00016 eval=04012 misfit=4.807427e-01 best=4.804966e-01
[NA] iter=00016 eval=04013 misfit=4.807350e-01 best=4.804966e-01
[NA] iter=00016 eval=04014 misfit=4.807899e-01 best=4.804966e-01
[NA] iter=00016 eval=04015 misfit=4.807528e-01 best=4.804966e-01
[NA] iter=00016 eval=04016 misfit=4.807617e-01 best=4.804966e-01
[NA] iter=00016 eval=04017 misfit=4.807267e-01 best=4.804966e-01
[NA] iter=00016 eval=04018 misfit=4.807575e-01 best=4.804966e-01
[NA] iter=00016 eval=04019 misfit=4.809021e-01 best=4.804966e-01
[NA] iter=00016 eval=04020 misfit=4.807683e-01 best=4.804966e-01
[NA] iter=00016 eval=04021 misfit=4.809221e-01 best=4.804966e-01
[NA] iter=00016 eval=04022 misfit=4.805094e-01 best=4.804966e-01
[NA] iter=00016 eval=04023 misfit=4.809600e-01 best=4.804966e-01
[NA] iter=00016 eval=04024 misfit=4.809044e-01 best=4.804966e-01
[NA] iter=00016 eval=04025 misfit=4.807683e-01 best=4.804966e-01
[NA] iter=00016 eval=04026 misfit=4.809201e-01 best=4.804966e-01
[NA] iter=00016 eval=04027 misfit=4.805296e-01 best=4.804966e-01
[NA] iter=00016 eval=04028 misfit=4.807394e-01 best=4.804966e-01
[NA] iter=00016 eval=04029 misfit=4.809208e-01 best=4.804966e-01
[NA] iter=00016 eval=04030 misfit=4.805161e-01 best=4.804966e-01
[NA] iter=00016 eval=04031 misfit=4.809168e-01 best=4.804966e-01
[NA] iter=00016 eval=04032 misfit=4.807330e-01 best=4.804966e-01
[NA] iter=00016 eval=04033 misfit=4.807823e-01 best=4.804966e-01
[NA] iter=00016 eval=04034 misfit=4.808948e-01 best=4.804966e-01
[NA] iter=00016 eval=04035 misfit=4.807704e-01 best=4.804966e-01
[NA] iter=00016 eval=04036 misfit=4.809413e-01 best=4.804966e-01
[NA] iter=00016 eval=04037 misfit=4.808764e-01 best=4.804966e-01
[NA] iter=00016 eval=04038 misfit=4.808181e-01 best=4.804966e-01
[NA] iter=00016 eval=04039 misfit=4.808151e-01 best=4.804966e-01
[NA] iter=00016 eval=04040 misfit=4.807894e-01 best=4.804966e-01
[NA] iter=00016 eval=04041 misfit=4.805397e-01 best=4.804966e-01
[NA] iter=00016 eval=04042 misfit=4.809501e-01 best=4.804966e-01
[NA] iter=00016 eval=04043 misfit=4.807447e-01 best=4.804966e-01
[NA] iter=00016 eval=04044 misfit=4.809492e-01 best=4.804966e-01
[NA] iter=00016 eval=04045 misfit=4.809350e-01 best=4.804966e-01
[NA] iter=00016 eval=04046 misfit=4.807737e-01 best=4.804966e-01
[NA] iter=00016 eval=04047 misfit=4.807780e-01 best=4.804966e-01
[NA] iter=00016 eval=04048 misfit=4.807524e-01 best=4.804966e-01
[NA] iter=00016 eval=04049 misfit=4.809281e-01 best=4.804966e-01
[NA] iter=00016 eval=04050 misfit=4.809198e-01 best=4.804966e-01
[NA] iter=00016 eval=04051 misfit=4.807541e-01 best=4.804966e-01
[NA] iter=00016 eval=04052 misfit=4.812133e-01 best=4.804966e-01
[NA] iter=00016 eval=04053 misfit=4.807663e-01 best=4.804966e-01
[NA] iter=00016 eval=04054 misfit=4.812068e-01 best=4.804966e-01
[NA] iter=00016 eval=04055 misfit=4.807494e-01 best=4.804966e-01
[NA] iter=00016 eval=04056 misfit=4.807709e-01 best=4.804966e-01
[NA] iter=00016 eval=04057 misfit=4.807754e-01 best=4.804966e-01
[NA] iter=00016 eval=04058 misfit=4.807754e-01 best=4.804966e-01
[NA] iter=00016 eval=04059 misfit=4.812158e-01 best=4.804966e-01
[NA] iter=00016 eval=04060 misfit=4.807718e-01 best=4.804966e-01
[NA] iter=00016 eval=04061 misfit=4.809864e-01 best=4.804966e-01
[NA] iter=00016 eval=04062 misfit=4.811818e-01 best=4.804966e-01
[NA] iter=00016 eval=04063 misfit=4.812158e-01 best=4.804966e-01
[NA] iter=00016 eval=04064 misfit=4.807553e-01 best=4.804966e-01
[NA] iter=00016 eval=04065 misfit=4.812047e-01 best=4.804966e-01
[NA] iter=00016 eval=04066 misfit=4.814936e-01 best=4.804966e-01
[NA] iter=00016 eval=04067 misfit=4.807818e-01 best=4.804966e-01
[NA] iter=00016 eval=04068 misfit=4.812018e-01 best=4.804966e-01
[NA] iter=00016 eval=04069 misfit=4.814763e-01 best=4.804966e-01
[NA] iter=00016 eval=04070 misfit=4.810002e-01 best=4.804966e-01
[NA] iter=00016 eval=04071 misfit=4.809583e-01 best=4.804966e-01
[NA] iter=00016 eval=04072 misfit=4.809769e-01 best=4.804966e-01
[NA] iter=00016 eval=04073 misfit=4.807847e-01 best=4.804966e-01
[NA] iter=00016 eval=04074 misfit=4.807903e-01 best=4.804966e-01
[NA] iter=00016 eval=04075 misfit=4.809868e-01 best=4.804966e-01
[NA] iter=00016 eval=04076 misfit=4.810112e-01 best=4.804966e-01
[NA] iter=00016 eval=04077 misfit=4.810186e-01 best=4.804966e-01
[NA] iter=00016 eval=04078 misfit=4.810172e-01 best=4.804966e-01
[NA] iter=00016 eval=04079 misfit=4.809582e-01 best=4.804966e-01
[NA] iter=00016 eval=04080 misfit=4.810048e-01 best=4.804966e-01
[NA] iter=00016 eval=04081 misfit=4.808481e-01 best=4.804966e-01
[NA] iter=00016 eval=04082 misfit=4.807822e-01 best=4.804966e-01
[NA] iter=00016 eval=04083 misfit=4.807525e-01 best=4.804966e-01
[NA] iter=00016 eval=04084 misfit=4.807871e-01 best=4.804966e-01
[NA] iter=00016 eval=04085 misfit=4.807566e-01 best=4.804966e-01
[NA] iter=00016 eval=04086 misfit=4.807582e-01 best=4.804966e-01
[NA] iter=00016 eval=04087 misfit=4.807840e-01 best=4.804966e-01
[NA] iter=00016 eval=04088 misfit=4.807596e-01 best=4.804966e-01
[NA] iter=00016 eval=04089 misfit=4.804896e-01 best=4.804896e-01
[NA] iter=00016 eval=04090 misfit=4.807691e-01 best=4.804896e-01
[NA] iter=00016 eval=04091 misfit=4.811147e-01 best=4.804896e-01
[NA] iter=00016 eval=04092 misfit=4.808203e-01 best=4.804896e-01
[NA] iter=00016 eval=04093 misfit=4.807998e-01 best=4.804896e-01
[NA] iter=00016 eval=04094 misfit=4.811281e-01 best=4.804896e-01
[NA] iter=00016 eval=04095 misfit=4.810835e-01 best=4.804896e-01
[NA] iter=00016 eval=04096 misfit=4.808228e-01 best=4.804896e-01
[NA] iter=00016 eval=04097 misfit=4.811196e-01 best=4.804896e-01
[NA] iter=00016 eval=04098 misfit=4.807964e-01 best=4.804896e-01
[NA] iter=00016 eval=04099 misfit=4.808668e-01 best=4.804896e-01
[NA] iter=00016 eval=04100 misfit=4.811148e-01 best=4.804896e-01
[NA] iter=00016 eval=04101 misfit=4.807471e-01 best=4.804896e-01
[NA] iter=00016 eval=04102 misfit=4.807556e-01 best=4.804896e-01
[NA] iter=00016 eval=04103 misfit=4.807398e-01 best=4.804896e-01
[NA] iter=00016 eval=04104 misfit=4.805313e-01 best=4.804896e-01
[NA] iter=00016 eval=04105 misfit=4.807612e-01 best=4.804896e-01
[NA] iter=00016 eval=04106 misfit=4.807711e-01 best=4.804896e-01
[NA] iter=00016 eval=04107 misfit=4.809334e-01 best=4.804896e-01
[NA] iter=00016 eval=04108 misfit=4.807560e-01 best=4.804896e-01
[NA] iter=00016 eval=04109 misfit=4.807665e-01 best=4.804896e-01
[NA] iter=00016 eval=04110 misfit=4.809497e-01 best=4.804896e-01
[NA] iter=00016 eval=04111 misfit=4.807493e-01 best=4.804896e-01
[NA] iter=00016 eval=04112 misfit=4.807965e-01 best=4.804896e-01
[NA] iter=00016 eval=04113 misfit=4.806980e-01 best=4.804896e-01
[NA] iter=00016 eval=04114 misfit=4.809135e-01 best=4.804896e-01
[NA] iter=00016 eval=04115 misfit=4.809623e-01 best=4.804896e-01
[NA] iter=00016 eval=04116 misfit=4.807474e-01 best=4.804896e-01
[NA] iter=00016 eval=04117 misfit=4.808778e-01 best=4.804896e-01
[NA] iter=00016 eval=04118 misfit=4.808025e-01 best=4.804896e-01
[NA] iter=00016 eval=04119 misfit=4.807586e-01 best=4.804896e-01
[NA] iter=00016 eval=04120 misfit=4.811305e-01 best=4.804896e-01
[NA] iter=00016 eval=04121 misfit=4.807623e-01 best=4.804896e-01
[NA] iter=00016 eval=04122 misfit=4.812325e-01 best=4.804896e-01
[NA] iter=00016 eval=04123 misfit=4.807624e-01 best=4.804896e-01
[NA] iter=00016 eval=04124 misfit=4.807775e-01 best=4.804896e-01
[NA] iter=00016 eval=04125 misfit=4.808369e-01 best=4.804896e-01
[NA] iter=00016 eval=04126 misfit=4.808059e-01 best=4.804896e-01
[NA] iter=00016 eval=04127 misfit=4.807138e-01 best=4.804896e-01
[NA] iter=00016 eval=04128 misfit=4.807865e-01 best=4.804896e-01
[NA] iter=00016 eval=04129 misfit=4.812564e-01 best=4.804896e-01
[NA] iter=00016 eval=04130 misfit=4.808415e-01 best=4.804896e-01
[NA] iter=00016 eval=04131 misfit=4.807160e-01 best=4.804896e-01
[NA] iter=00016 eval=04132 misfit=4.807461e-01 best=4.804896e-01
[NA] iter=00016 eval=04133 misfit=4.807730e-01 best=4.804896e-01
[NA] iter=00016 eval=04134 misfit=4.807492e-01 best=4.804896e-01
[NA] iter=00016 eval=04135 misfit=4.808264e-01 best=4.804896e-01
[NA] iter=00016 eval=04136 misfit=4.808426e-01 best=4.804896e-01
[NA] iter=00016 eval=04137 misfit=4.807437e-01 best=4.804896e-01
[NA] iter=00016 eval=04138 misfit=4.807480e-01 best=4.804896e-01
[NA] iter=00016 eval=04139 misfit=4.808431e-01 best=4.804896e-01
[NA] iter=00016 eval=04140 misfit=4.807244e-01 best=4.804896e-01
[NA] iter=00016 eval=04141 misfit=4.809879e-01 best=4.804896e-01
[NA] iter=00016 eval=04142 misfit=4.814283e-01 best=4.804896e-01
[NA] iter=00016 eval=04143 misfit=4.814289e-01 best=4.804896e-01
[NA] iter=00016 eval=04144 misfit=4.807706e-01 best=4.804896e-01
[NA] iter=00016 eval=04145 misfit=4.807619e-01 best=4.804896e-01
[NA] iter=00016 eval=04146 misfit=4.807688e-01 best=4.804896e-01
[NA] iter=00016 eval=04147 misfit=4.807433e-01 best=4.804896e-01
[NA] iter=00016 eval=04148 misfit=4.808061e-01 best=4.804896e-01
[NA] iter=00016 eval=04149 misfit=4.812077e-01 best=4.804896e-01
[NA] iter=00016 eval=04150 misfit=4.807925e-01 best=4.804896e-01
[NA] iter=00016 eval=04151 misfit=4.807748e-01 best=4.804896e-01
[NA] iter=00016 eval=04152 misfit=4.807695e-01 best=4.804896e-01
[NA] iter=00016 eval=04153 misfit=4.807725e-01 best=4.804896e-01
[NA] iter=00016 eval=04154 misfit=4.808083e-01 best=4.804896e-01
[NA] iter=00016 eval=04155 misfit=4.811990e-01 best=4.804896e-01
[NA] iter=00016 eval=04156 misfit=4.807967e-01 best=4.804896e-01
[NA] iter=00016 eval=04157 misfit=4.811916e-01 best=4.804896e-01
[NA] iter=00016 eval=04158 misfit=4.807544e-01 best=4.804896e-01
[NA] iter=00016 eval=04159 misfit=4.808044e-01 best=4.804896e-01
[NA] iter=00016 eval=04160 misfit=4.807504e-01 best=4.804896e-01
[NA] iter=00016 eval=04161 misfit=4.808864e-01 best=4.804896e-01
[NA] iter=00016 eval=04162 misfit=4.807610e-01 best=4.804896e-01
[NA] iter=00016 eval=04163 misfit=4.808073e-01 best=4.804896e-01
[NA] iter=00016 eval=04164 misfit=4.807394e-01 best=4.804896e-01
[NA] iter=00016 eval=04165 misfit=4.807847e-01 best=4.804896e-01
[NA] iter=00016 eval=04166 misfit=4.807406e-01 best=4.804896e-01
[NA] iter=00016 eval=04167 misfit=4.809265e-01 best=4.804896e-01
[NA] iter=00016 eval=04168 misfit=4.808746e-01 best=4.804896e-01
[NA] iter=00016 eval=04169 misfit=4.808972e-01 best=4.804896e-01
[NA] iter=00016 eval=04170 misfit=4.809070e-01 best=4.804896e-01
[NA] iter=00016 eval=04171 misfit=4.812266e-01 best=4.804896e-01
[NA] iter=00016 eval=04172 misfit=4.807578e-01 best=4.804896e-01
[NA] iter=00016 eval=04173 misfit=4.807755e-01 best=4.804896e-01
[NA] iter=00016 eval=04174 misfit=4.807630e-01 best=4.804896e-01
[NA] iter=00016 eval=04175 misfit=4.814771e-01 best=4.804896e-01
[NA] iter=00016 eval=04176 misfit=4.815030e-01 best=4.804896e-01
[NA] iter=00016 eval=04177 misfit=4.812106e-01 best=4.804896e-01
[NA] iter=00016 eval=04178 misfit=4.812027e-01 best=4.804896e-01
[NA] iter=00016 eval=04179 misfit=4.807857e-01 best=4.804896e-01
[NA] iter=00016 eval=04180 misfit=4.812190e-01 best=4.804896e-01
[NA] iter=00016 eval=04181 misfit=4.807780e-01 best=4.804896e-01
[NA] iter=00016 eval=04182 misfit=4.807765e-01 best=4.804896e-01
[NA] iter=00016 eval=04183 misfit=4.807593e-01 best=4.804896e-01
[NA] iter=00016 eval=04184 misfit=4.807653e-01 best=4.804896e-01
[NA] iter=00016 eval=04185 misfit=4.807298e-01 best=4.804896e-01
[NA] iter=00016 eval=04186 misfit=4.807530e-01 best=4.804896e-01
[NA] iter=00016 eval=04187 misfit=4.809709e-01 best=4.804896e-01
[NA] iter=00016 eval=04188 misfit=4.809691e-01 best=4.804896e-01
[NA] iter=00016 eval=04189 misfit=4.807511e-01 best=4.804896e-01
[NA] iter=00016 eval=04190 misfit=4.807923e-01 best=4.804896e-01
[NA] iter=00016 eval=04191 misfit=4.807784e-01 best=4.804896e-01
[NA] iter=00016 eval=04192 misfit=4.807970e-01 best=4.804896e-01
[NA] iter=00016 eval=04193 misfit=4.807846e-01 best=4.804896e-01
[NA] iter=00016 eval=04194 misfit=4.807522e-01 best=4.804896e-01
[NA] iter=00016 eval=04195 misfit=4.807577e-01 best=4.804896e-01
[NA] iter=00016 eval=04196 misfit=4.807841e-01 best=4.804896e-01
[NA] iter=00016 eval=04197 misfit=4.807736e-01 best=4.804896e-01
[NA] iter=00016 eval=04198 misfit=4.807552e-01 best=4.804896e-01
[NA] iter=00016 eval=04199 misfit=4.807533e-01 best=4.804896e-01
[NA] iter=00016 eval=04200 misfit=4.807796e-01 best=4.804896e-01
NAI - Optimisation Loop:  53%|█████▎    | 16/30 [36:26<31:39, 135.65s/it][NA] iter=00017 eval=04201 misfit=4.808325e-01 best=4.804896e-01
[NA] iter=00017 eval=04202 misfit=4.807407e-01 best=4.804896e-01
[NA] iter=00017 eval=04203 misfit=4.807312e-01 best=4.804896e-01
[NA] iter=00017 eval=04204 misfit=4.807386e-01 best=4.804896e-01
[NA] iter=00017 eval=04205 misfit=4.807274e-01 best=4.804896e-01
[NA] iter=00017 eval=04206 misfit=4.807663e-01 best=4.804896e-01
[NA] iter=00017 eval=04207 misfit=4.810508e-01 best=4.804896e-01
[NA] iter=00017 eval=04208 misfit=4.808013e-01 best=4.804896e-01
[NA] iter=00017 eval=04209 misfit=4.810872e-01 best=4.804896e-01
[NA] iter=00017 eval=04210 misfit=4.811058e-01 best=4.804896e-01
[NA] iter=00017 eval=04211 misfit=4.807338e-01 best=4.804896e-01
[NA] iter=00017 eval=04212 misfit=4.807102e-01 best=4.804896e-01
[NA] iter=00017 eval=04213 misfit=4.807342e-01 best=4.804896e-01
[NA] iter=00017 eval=04214 misfit=4.807357e-01 best=4.804896e-01
[NA] iter=00017 eval=04215 misfit=4.807012e-01 best=4.804896e-01
[NA] iter=00017 eval=04216 misfit=4.808846e-01 best=4.804896e-01
[NA] iter=00017 eval=04217 misfit=4.807621e-01 best=4.804896e-01
[NA] iter=00017 eval=04218 misfit=4.807438e-01 best=4.804896e-01
[NA] iter=00017 eval=04219 misfit=4.807579e-01 best=4.804896e-01
[NA] iter=00017 eval=04220 misfit=4.805180e-01 best=4.804896e-01
[NA] iter=00017 eval=04221 misfit=4.807209e-01 best=4.804896e-01
[NA] iter=00017 eval=04222 misfit=4.807234e-01 best=4.804896e-01
[NA] iter=00017 eval=04223 misfit=4.807042e-01 best=4.804896e-01
[NA] iter=00017 eval=04224 misfit=4.804951e-01 best=4.804896e-01
[NA] iter=00017 eval=04225 misfit=4.807150e-01 best=4.804896e-01
[NA] iter=00017 eval=04226 misfit=4.804892e-01 best=4.804892e-01
[NA] iter=00017 eval=04227 misfit=4.805171e-01 best=4.804892e-01
[NA] iter=00017 eval=04228 misfit=4.808998e-01 best=4.804892e-01
[NA] iter=00017 eval=04229 misfit=4.804682e-01 best=4.804682e-01
[NA] iter=00017 eval=04230 misfit=4.807306e-01 best=4.804682e-01
[NA] iter=00017 eval=04231 misfit=4.805274e-01 best=4.804682e-01
[NA] iter=00017 eval=04232 misfit=4.807344e-01 best=4.804682e-01
[NA] iter=00017 eval=04233 misfit=4.807277e-01 best=4.804682e-01
[NA] iter=00017 eval=04234 misfit=4.807405e-01 best=4.804682e-01
[NA] iter=00017 eval=04235 misfit=4.807530e-01 best=4.804682e-01
[NA] iter=00017 eval=04236 misfit=4.804974e-01 best=4.804682e-01
[NA] iter=00017 eval=04237 misfit=4.807231e-01 best=4.804682e-01
[NA] iter=00017 eval=04238 misfit=4.807227e-01 best=4.804682e-01
[NA] iter=00017 eval=04239 misfit=4.807359e-01 best=4.804682e-01
[NA] iter=00017 eval=04240 misfit=4.809111e-01 best=4.804682e-01
[NA] iter=00017 eval=04241 misfit=4.807336e-01 best=4.804682e-01
[NA] iter=00017 eval=04242 misfit=4.804900e-01 best=4.804682e-01
[NA] iter=00017 eval=04243 misfit=4.807329e-01 best=4.804682e-01
[NA] iter=00017 eval=04244 misfit=4.809043e-01 best=4.804682e-01
[NA] iter=00017 eval=04245 misfit=4.807352e-01 best=4.804682e-01
[NA] iter=00017 eval=04246 misfit=4.805109e-01 best=4.804682e-01
[NA] iter=00017 eval=04247 misfit=4.807351e-01 best=4.804682e-01
[NA] iter=00017 eval=04248 misfit=4.805056e-01 best=4.804682e-01
[NA] iter=00017 eval=04249 misfit=4.807361e-01 best=4.804682e-01
[NA] iter=00017 eval=04250 misfit=4.809164e-01 best=4.804682e-01
[NA] iter=00017 eval=04251 misfit=4.807423e-01 best=4.804682e-01
[NA] iter=00017 eval=04252 misfit=4.805249e-01 best=4.804682e-01
[NA] iter=00017 eval=04253 misfit=4.807372e-01 best=4.804682e-01
[NA] iter=00017 eval=04254 misfit=4.807455e-01 best=4.804682e-01
[NA] iter=00017 eval=04255 misfit=4.807406e-01 best=4.804682e-01
[NA] iter=00017 eval=04256 misfit=4.805274e-01 best=4.804682e-01
[NA] iter=00017 eval=04257 misfit=4.805180e-01 best=4.804682e-01
[NA] iter=00017 eval=04258 misfit=4.809226e-01 best=4.804682e-01
[NA] iter=00017 eval=04259 misfit=4.807344e-01 best=4.804682e-01
[NA] iter=00017 eval=04260 misfit=4.807389e-01 best=4.804682e-01
[NA] iter=00017 eval=04261 misfit=4.805324e-01 best=4.804682e-01
[NA] iter=00017 eval=04262 misfit=4.809274e-01 best=4.804682e-01
[NA] iter=00017 eval=04263 misfit=4.809369e-01 best=4.804682e-01
[NA] iter=00017 eval=04264 misfit=4.805351e-01 best=4.804682e-01
[NA] iter=00017 eval=04265 misfit=4.805262e-01 best=4.804682e-01
[NA] iter=00017 eval=04266 misfit=4.807132e-01 best=4.804682e-01
[NA] iter=00017 eval=04267 misfit=4.809120e-01 best=4.804682e-01
[NA] iter=00017 eval=04268 misfit=4.807204e-01 best=4.804682e-01
[NA] iter=00017 eval=04269 misfit=4.807288e-01 best=4.804682e-01
[NA] iter=00017 eval=04270 misfit=4.807289e-01 best=4.804682e-01
[NA] iter=00017 eval=04271 misfit=4.807566e-01 best=4.804682e-01
[NA] iter=00017 eval=04272 misfit=4.805533e-01 best=4.804682e-01
[NA] iter=00017 eval=04273 misfit=4.805378e-01 best=4.804682e-01
[NA] iter=00017 eval=04274 misfit=4.809386e-01 best=4.804682e-01
[NA] iter=00017 eval=04275 misfit=4.805480e-01 best=4.804682e-01
[NA] iter=00017 eval=04276 misfit=4.807508e-01 best=4.804682e-01
[NA] iter=00017 eval=04277 misfit=4.805334e-01 best=4.804682e-01
[NA] iter=00017 eval=04278 misfit=4.809496e-01 best=4.804682e-01
[NA] iter=00017 eval=04279 misfit=4.807482e-01 best=4.804682e-01
[NA] iter=00017 eval=04280 misfit=4.805322e-01 best=4.804682e-01
[NA] iter=00017 eval=04281 misfit=4.809115e-01 best=4.804682e-01
[NA] iter=00017 eval=04282 misfit=4.807483e-01 best=4.804682e-01
[NA] iter=00017 eval=04283 misfit=4.805050e-01 best=4.804682e-01
[NA] iter=00017 eval=04284 misfit=4.807368e-01 best=4.804682e-01
[NA] iter=00017 eval=04285 misfit=4.809141e-01 best=4.804682e-01
[NA] iter=00017 eval=04286 misfit=4.809254e-01 best=4.804682e-01
[NA] iter=00017 eval=04287 misfit=4.809159e-01 best=4.804682e-01
[NA] iter=00017 eval=04288 misfit=4.809276e-01 best=4.804682e-01
[NA] iter=00017 eval=04289 misfit=4.809279e-01 best=4.804682e-01
[NA] iter=00017 eval=04290 misfit=4.805113e-01 best=4.804682e-01
[NA] iter=00017 eval=04291 misfit=4.807489e-01 best=4.804682e-01
[NA] iter=00017 eval=04292 misfit=4.809093e-01 best=4.804682e-01
[NA] iter=00017 eval=04293 misfit=4.807410e-01 best=4.804682e-01
[NA] iter=00017 eval=04294 misfit=4.808964e-01 best=4.804682e-01
[NA] iter=00017 eval=04295 misfit=4.808920e-01 best=4.804682e-01
[NA] iter=00017 eval=04296 misfit=4.809070e-01 best=4.804682e-01
[NA] iter=00017 eval=04297 misfit=4.807620e-01 best=4.804682e-01
[NA] iter=00017 eval=04298 misfit=4.809213e-01 best=4.804682e-01
[NA] iter=00017 eval=04299 misfit=4.805379e-01 best=4.804682e-01
[NA] iter=00017 eval=04300 misfit=4.805247e-01 best=4.804682e-01
[NA] iter=00017 eval=04301 misfit=4.809171e-01 best=4.804682e-01
[NA] iter=00017 eval=04302 misfit=4.805316e-01 best=4.804682e-01
[NA] iter=00017 eval=04303 misfit=4.809555e-01 best=4.804682e-01
[NA] iter=00017 eval=04304 misfit=4.807594e-01 best=4.804682e-01
[NA] iter=00017 eval=04305 misfit=4.809541e-01 best=4.804682e-01
[NA] iter=00017 eval=04306 misfit=4.805449e-01 best=4.804682e-01
[NA] iter=00017 eval=04307 misfit=4.805425e-01 best=4.804682e-01
[NA] iter=00017 eval=04308 misfit=4.807653e-01 best=4.804682e-01
[NA] iter=00017 eval=04309 misfit=4.807579e-01 best=4.804682e-01
[NA] iter=00017 eval=04310 misfit=4.807429e-01 best=4.804682e-01
[NA] iter=00017 eval=04311 misfit=4.807515e-01 best=4.804682e-01
[NA] iter=00017 eval=04312 misfit=4.809552e-01 best=4.804682e-01
[NA] iter=00017 eval=04313 misfit=4.807517e-01 best=4.804682e-01
[NA] iter=00017 eval=04314 misfit=4.809213e-01 best=4.804682e-01
[NA] iter=00017 eval=04315 misfit=4.809345e-01 best=4.804682e-01
[NA] iter=00017 eval=04316 misfit=4.809386e-01 best=4.804682e-01
[NA] iter=00017 eval=04317 misfit=4.805453e-01 best=4.804682e-01
[NA] iter=00017 eval=04318 misfit=4.809344e-01 best=4.804682e-01
[NA] iter=00017 eval=04319 misfit=4.809360e-01 best=4.804682e-01
[NA] iter=00017 eval=04320 misfit=4.809452e-01 best=4.804682e-01
[NA] iter=00017 eval=04321 misfit=4.807383e-01 best=4.804682e-01
[NA] iter=00017 eval=04322 misfit=4.811829e-01 best=4.804682e-01
[NA] iter=00017 eval=04323 misfit=4.811824e-01 best=4.804682e-01
[NA] iter=00017 eval=04324 misfit=4.809610e-01 best=4.804682e-01
[NA] iter=00017 eval=04325 misfit=4.809675e-01 best=4.804682e-01
[NA] iter=00017 eval=04326 misfit=4.807377e-01 best=4.804682e-01
[NA] iter=00017 eval=04327 misfit=4.807356e-01 best=4.804682e-01
[NA] iter=00017 eval=04328 misfit=4.809646e-01 best=4.804682e-01
[NA] iter=00017 eval=04329 misfit=4.807383e-01 best=4.804682e-01
[NA] iter=00017 eval=04330 misfit=4.809641e-01 best=4.804682e-01
[NA] iter=00017 eval=04331 misfit=4.807245e-01 best=4.804682e-01
[NA] iter=00017 eval=04332 misfit=4.809226e-01 best=4.804682e-01
[NA] iter=00017 eval=04333 misfit=4.807361e-01 best=4.804682e-01
[NA] iter=00017 eval=04334 misfit=4.807453e-01 best=4.804682e-01
[NA] iter=00017 eval=04335 misfit=4.809039e-01 best=4.804682e-01
[NA] iter=00017 eval=04336 misfit=4.807431e-01 best=4.804682e-01
[NA] iter=00017 eval=04337 misfit=4.809588e-01 best=4.804682e-01
[NA] iter=00017 eval=04338 misfit=4.809722e-01 best=4.804682e-01
[NA] iter=00017 eval=04339 misfit=4.807891e-01 best=4.804682e-01
[NA] iter=00017 eval=04340 misfit=4.807101e-01 best=4.804682e-01
[NA] iter=00017 eval=04341 misfit=4.806954e-01 best=4.804682e-01
[NA] iter=00017 eval=04342 misfit=4.805003e-01 best=4.804682e-01
[NA] iter=00017 eval=04343 misfit=4.807516e-01 best=4.804682e-01
[NA] iter=00017 eval=04344 misfit=4.807541e-01 best=4.804682e-01
[NA] iter=00017 eval=04345 misfit=4.807562e-01 best=4.804682e-01
[NA] iter=00017 eval=04346 misfit=4.807028e-01 best=4.804682e-01
[NA] iter=00017 eval=04347 misfit=4.805115e-01 best=4.804682e-01
[NA] iter=00017 eval=04348 misfit=4.807137e-01 best=4.804682e-01
[NA] iter=00017 eval=04349 misfit=4.804959e-01 best=4.804682e-01
[NA] iter=00017 eval=04350 misfit=4.807455e-01 best=4.804682e-01
[NA] iter=00017 eval=04351 misfit=4.809294e-01 best=4.804682e-01
[NA] iter=00017 eval=04352 misfit=4.807187e-01 best=4.804682e-01
[NA] iter=00017 eval=04353 misfit=4.807243e-01 best=4.804682e-01
[NA] iter=00017 eval=04354 misfit=4.810085e-01 best=4.804682e-01
[NA] iter=00017 eval=04355 misfit=4.809609e-01 best=4.804682e-01
[NA] iter=00017 eval=04356 misfit=4.808970e-01 best=4.804682e-01
[NA] iter=00017 eval=04357 misfit=4.807827e-01 best=4.804682e-01
[NA] iter=00017 eval=04358 misfit=4.807264e-01 best=4.804682e-01
[NA] iter=00017 eval=04359 misfit=4.807447e-01 best=4.804682e-01
[NA] iter=00017 eval=04360 misfit=4.805000e-01 best=4.804682e-01
[NA] iter=00017 eval=04361 misfit=4.807487e-01 best=4.804682e-01
[NA] iter=00017 eval=04362 misfit=4.807590e-01 best=4.804682e-01
[NA] iter=00017 eval=04363 misfit=4.807583e-01 best=4.804682e-01
[NA] iter=00017 eval=04364 misfit=4.807516e-01 best=4.804682e-01
[NA] iter=00017 eval=04365 misfit=4.812126e-01 best=4.804682e-01
[NA] iter=00017 eval=04366 misfit=4.807622e-01 best=4.804682e-01
[NA] iter=00017 eval=04367 misfit=4.807677e-01 best=4.804682e-01
[NA] iter=00017 eval=04368 misfit=4.807168e-01 best=4.804682e-01
[NA] iter=00017 eval=04369 misfit=4.807329e-01 best=4.804682e-01
[NA] iter=00017 eval=04370 misfit=4.807508e-01 best=4.804682e-01
[NA] iter=00017 eval=04371 misfit=4.807368e-01 best=4.804682e-01
[NA] iter=00017 eval=04372 misfit=4.807452e-01 best=4.804682e-01
[NA] iter=00017 eval=04373 misfit=4.807342e-01 best=4.804682e-01
[NA] iter=00017 eval=04374 misfit=4.807329e-01 best=4.804682e-01
[NA] iter=00017 eval=04375 misfit=4.805053e-01 best=4.804682e-01
[NA] iter=00017 eval=04376 misfit=4.807393e-01 best=4.804682e-01
[NA] iter=00017 eval=04377 misfit=4.805144e-01 best=4.804682e-01
[NA] iter=00017 eval=04378 misfit=4.807694e-01 best=4.804682e-01
[NA] iter=00017 eval=04379 misfit=4.807705e-01 best=4.804682e-01
[NA] iter=00017 eval=04380 misfit=4.807435e-01 best=4.804682e-01
[NA] iter=00017 eval=04381 misfit=4.807315e-01 best=4.804682e-01
[NA] iter=00017 eval=04382 misfit=4.809177e-01 best=4.804682e-01
[NA] iter=00017 eval=04383 misfit=4.807378e-01 best=4.804682e-01
[NA] iter=00017 eval=04384 misfit=4.808826e-01 best=4.804682e-01
[NA] iter=00017 eval=04385 misfit=4.807288e-01 best=4.804682e-01
[NA] iter=00017 eval=04386 misfit=4.808830e-01 best=4.804682e-01
[NA] iter=00017 eval=04387 misfit=4.807412e-01 best=4.804682e-01
[NA] iter=00017 eval=04388 misfit=4.808817e-01 best=4.804682e-01
[NA] iter=00017 eval=04389 misfit=4.809105e-01 best=4.804682e-01
[NA] iter=00017 eval=04390 misfit=4.807308e-01 best=4.804682e-01
[NA] iter=00017 eval=04391 misfit=4.808047e-01 best=4.804682e-01
[NA] iter=00017 eval=04392 misfit=4.805140e-01 best=4.804682e-01
[NA] iter=00017 eval=04393 misfit=4.808009e-01 best=4.804682e-01
[NA] iter=00017 eval=04394 misfit=4.807758e-01 best=4.804682e-01
[NA] iter=00017 eval=04395 misfit=4.805166e-01 best=4.804682e-01
[NA] iter=00017 eval=04396 misfit=4.807432e-01 best=4.804682e-01
[NA] iter=00017 eval=04397 misfit=4.807404e-01 best=4.804682e-01
[NA] iter=00017 eval=04398 misfit=4.807801e-01 best=4.804682e-01
[NA] iter=00017 eval=04399 misfit=4.807570e-01 best=4.804682e-01
[NA] iter=00017 eval=04400 misfit=4.807420e-01 best=4.804682e-01
NAI - Optimisation Loop:  57%|█████▋    | 17/30 [38:40<29:18, 135.30s/it][NA] iter=00018 eval=04401 misfit=4.804692e-01 best=4.804682e-01
[NA] iter=00018 eval=04402 misfit=4.808802e-01 best=4.804682e-01
[NA] iter=00018 eval=04403 misfit=4.804680e-01 best=4.804680e-01
[NA] iter=00018 eval=04404 misfit=4.804810e-01 best=4.804680e-01
[NA] iter=00018 eval=04405 misfit=4.804678e-01 best=4.804678e-01
[NA] iter=00018 eval=04406 misfit=4.809246e-01 best=4.804678e-01
[NA] iter=00018 eval=04407 misfit=4.804788e-01 best=4.804678e-01
[NA] iter=00018 eval=04408 misfit=4.804740e-01 best=4.804678e-01
[NA] iter=00018 eval=04409 misfit=4.809067e-01 best=4.804678e-01
[NA] iter=00018 eval=04410 misfit=4.807112e-01 best=4.804678e-01
[NA] iter=00018 eval=04411 misfit=4.804947e-01 best=4.804678e-01
[NA] iter=00018 eval=04412 misfit=4.804754e-01 best=4.804678e-01
[NA] iter=00018 eval=04413 misfit=4.804867e-01 best=4.804678e-01
[NA] iter=00018 eval=04414 misfit=4.808844e-01 best=4.804678e-01
[NA] iter=00018 eval=04415 misfit=4.808891e-01 best=4.804678e-01
[NA] iter=00018 eval=04416 misfit=4.808937e-01 best=4.804678e-01
[NA] iter=00018 eval=04417 misfit=4.804752e-01 best=4.804678e-01
[NA] iter=00018 eval=04418 misfit=4.808802e-01 best=4.804678e-01
[NA] iter=00018 eval=04419 misfit=4.804768e-01 best=4.804678e-01
[NA] iter=00018 eval=04420 misfit=4.808894e-01 best=4.804678e-01
[NA] iter=00018 eval=04421 misfit=4.808453e-01 best=4.804678e-01
[NA] iter=00018 eval=04422 misfit=4.805186e-01 best=4.804678e-01
[NA] iter=00018 eval=04423 misfit=4.808529e-01 best=4.804678e-01
[NA] iter=00018 eval=04424 misfit=4.808361e-01 best=4.804678e-01
[NA] iter=00018 eval=04425 misfit=4.807478e-01 best=4.804678e-01
[NA] iter=00018 eval=04426 misfit=4.807666e-01 best=4.804678e-01
[NA] iter=00018 eval=04427 misfit=4.808475e-01 best=4.804678e-01
[NA] iter=00018 eval=04428 misfit=4.808470e-01 best=4.804678e-01
[NA] iter=00018 eval=04429 misfit=4.807182e-01 best=4.804678e-01
[NA] iter=00018 eval=04430 misfit=4.808624e-01 best=4.804678e-01
[NA] iter=00018 eval=04431 misfit=4.807241e-01 best=4.804678e-01
[NA] iter=00018 eval=04432 misfit=4.807142e-01 best=4.804678e-01
[NA] iter=00018 eval=04433 misfit=4.804886e-01 best=4.804678e-01
[NA] iter=00018 eval=04434 misfit=4.804870e-01 best=4.804678e-01
[NA] iter=00018 eval=04435 misfit=4.805029e-01 best=4.804678e-01
[NA] iter=00018 eval=04436 misfit=4.805057e-01 best=4.804678e-01
[NA] iter=00018 eval=04437 misfit=4.807142e-01 best=4.804678e-01
[NA] iter=00018 eval=04438 misfit=4.807159e-01 best=4.804678e-01
[NA] iter=00018 eval=04439 misfit=4.807209e-01 best=4.804678e-01
[NA] iter=00018 eval=04440 misfit=4.807193e-01 best=4.804678e-01
[NA] iter=00018 eval=04441 misfit=4.809096e-01 best=4.804678e-01
[NA] iter=00018 eval=04442 misfit=4.807211e-01 best=4.804678e-01
[NA] iter=00018 eval=04443 misfit=4.807067e-01 best=4.804678e-01
[NA] iter=00018 eval=04444 misfit=4.807103e-01 best=4.804678e-01
[NA] iter=00018 eval=04445 misfit=4.807119e-01 best=4.804678e-01
[NA] iter=00018 eval=04446 misfit=4.809004e-01 best=4.804678e-01
[NA] iter=00018 eval=04447 misfit=4.804865e-01 best=4.804678e-01
[NA] iter=00018 eval=04448 misfit=4.807071e-01 best=4.804678e-01
[NA] iter=00018 eval=04449 misfit=4.804835e-01 best=4.804678e-01
[NA] iter=00018 eval=04450 misfit=4.807107e-01 best=4.804678e-01
[NA] iter=00018 eval=04451 misfit=4.804943e-01 best=4.804678e-01
[NA] iter=00018 eval=04452 misfit=4.807007e-01 best=4.804678e-01
[NA] iter=00018 eval=04453 misfit=4.804782e-01 best=4.804678e-01
[NA] iter=00018 eval=04454 misfit=4.809300e-01 best=4.804678e-01
[NA] iter=00018 eval=04455 misfit=4.809042e-01 best=4.804678e-01
[NA] iter=00018 eval=04456 misfit=4.807244e-01 best=4.804678e-01
[NA] iter=00018 eval=04457 misfit=4.807456e-01 best=4.804678e-01
[NA] iter=00018 eval=04458 misfit=4.807091e-01 best=4.804678e-01
[NA] iter=00018 eval=04459 misfit=4.804939e-01 best=4.804678e-01
[NA] iter=00018 eval=04460 misfit=4.806939e-01 best=4.804678e-01
[NA] iter=00018 eval=04461 misfit=4.808867e-01 best=4.804678e-01
[NA] iter=00018 eval=04462 misfit=4.804808e-01 best=4.804678e-01
[NA] iter=00018 eval=04463 misfit=4.805063e-01 best=4.804678e-01
[NA] iter=00018 eval=04464 misfit=4.808959e-01 best=4.804678e-01
[NA] iter=00018 eval=04465 misfit=4.808944e-01 best=4.804678e-01
[NA] iter=00018 eval=04466 misfit=4.805014e-01 best=4.804678e-01
[NA] iter=00018 eval=04467 misfit=4.805035e-01 best=4.804678e-01
[NA] iter=00018 eval=04468 misfit=4.809087e-01 best=4.804678e-01
[NA] iter=00018 eval=04469 misfit=4.809067e-01 best=4.804678e-01
[NA] iter=00018 eval=04470 misfit=4.804800e-01 best=4.804678e-01
[NA] iter=00018 eval=04471 misfit=4.807325e-01 best=4.804678e-01
[NA] iter=00018 eval=04472 misfit=4.807336e-01 best=4.804678e-01
[NA] iter=00018 eval=04473 misfit=4.807280e-01 best=4.804678e-01
[NA] iter=00018 eval=04474 misfit=4.804967e-01 best=4.804678e-01
[NA] iter=00018 eval=04475 misfit=4.805021e-01 best=4.804678e-01
[NA] iter=00018 eval=04476 misfit=4.804997e-01 best=4.804678e-01
[NA] iter=00018 eval=04477 misfit=4.809152e-01 best=4.804678e-01
[NA] iter=00018 eval=04478 misfit=4.807393e-01 best=4.804678e-01
[NA] iter=00018 eval=04479 misfit=4.804947e-01 best=4.804678e-01
[NA] iter=00018 eval=04480 misfit=4.805091e-01 best=4.804678e-01
[NA] iter=00018 eval=04481 misfit=4.807235e-01 best=4.804678e-01
[NA] iter=00018 eval=04482 misfit=4.807376e-01 best=4.804678e-01
[NA] iter=00018 eval=04483 misfit=4.804911e-01 best=4.804678e-01
[NA] iter=00018 eval=04484 misfit=4.805102e-01 best=4.804678e-01
[NA] iter=00018 eval=04485 misfit=4.805180e-01 best=4.804678e-01
[NA] iter=00018 eval=04486 misfit=4.807286e-01 best=4.804678e-01
[NA] iter=00018 eval=04487 misfit=4.805141e-01 best=4.804678e-01
[NA] iter=00018 eval=04488 misfit=4.807191e-01 best=4.804678e-01
[NA] iter=00018 eval=04489 misfit=4.804869e-01 best=4.804678e-01
[NA] iter=00018 eval=04490 misfit=4.807256e-01 best=4.804678e-01
[NA] iter=00018 eval=04491 misfit=4.811589e-01 best=4.804678e-01
[NA] iter=00018 eval=04492 misfit=4.807870e-01 best=4.804678e-01
[NA] iter=00018 eval=04493 misfit=4.807808e-01 best=4.804678e-01
[NA] iter=00018 eval=04494 misfit=4.807245e-01 best=4.804678e-01
[NA] iter=00018 eval=04495 misfit=4.807251e-01 best=4.804678e-01
[NA] iter=00018 eval=04496 misfit=4.807684e-01 best=4.804678e-01
[NA] iter=00018 eval=04497 misfit=4.807508e-01 best=4.804678e-01
[NA] iter=00018 eval=04498 misfit=4.809589e-01 best=4.804678e-01
[NA] iter=00018 eval=04499 misfit=4.809607e-01 best=4.804678e-01
[NA] iter=00018 eval=04500 misfit=4.809341e-01 best=4.804678e-01
[NA] iter=00018 eval=04501 misfit=4.804774e-01 best=4.804678e-01
[NA] iter=00018 eval=04502 misfit=4.805025e-01 best=4.804678e-01
[NA] iter=00018 eval=04503 misfit=4.805019e-01 best=4.804678e-01
[NA] iter=00018 eval=04504 misfit=4.807206e-01 best=4.804678e-01
[NA] iter=00018 eval=04505 misfit=4.807281e-01 best=4.804678e-01
[NA] iter=00018 eval=04506 misfit=4.808984e-01 best=4.804678e-01
[NA] iter=00018 eval=04507 misfit=4.804982e-01 best=4.804678e-01
[NA] iter=00018 eval=04508 misfit=4.807086e-01 best=4.804678e-01
[NA] iter=00018 eval=04509 misfit=4.804898e-01 best=4.804678e-01
[NA] iter=00018 eval=04510 misfit=4.805056e-01 best=4.804678e-01
[NA] iter=00018 eval=04511 misfit=4.809235e-01 best=4.804678e-01
[NA] iter=00018 eval=04512 misfit=4.805079e-01 best=4.804678e-01
[NA] iter=00018 eval=04513 misfit=4.807296e-01 best=4.804678e-01
[NA] iter=00018 eval=04514 misfit=4.807245e-01 best=4.804678e-01
[NA] iter=00018 eval=04515 misfit=4.805240e-01 best=4.804678e-01
[NA] iter=00018 eval=04516 misfit=4.807208e-01 best=4.804678e-01
[NA] iter=00018 eval=04517 misfit=4.804955e-01 best=4.804678e-01
[NA] iter=00018 eval=04518 misfit=4.805124e-01 best=4.804678e-01
[NA] iter=00018 eval=04519 misfit=4.805185e-01 best=4.804678e-01
[NA] iter=00018 eval=04520 misfit=4.805120e-01 best=4.804678e-01
[NA] iter=00018 eval=04521 misfit=4.809281e-01 best=4.804678e-01
[NA] iter=00018 eval=04522 misfit=4.805247e-01 best=4.804678e-01
[NA] iter=00018 eval=04523 misfit=4.805310e-01 best=4.804678e-01
[NA] iter=00018 eval=04524 misfit=4.805206e-01 best=4.804678e-01
[NA] iter=00018 eval=04525 misfit=4.805294e-01 best=4.804678e-01
[NA] iter=00018 eval=04526 misfit=4.809154e-01 best=4.804678e-01
[NA] iter=00018 eval=04527 misfit=4.807126e-01 best=4.804678e-01
[NA] iter=00018 eval=04528 misfit=4.805275e-01 best=4.804678e-01
[NA] iter=00018 eval=04529 misfit=4.805113e-01 best=4.804678e-01
[NA] iter=00018 eval=04530 misfit=4.809074e-01 best=4.804678e-01
[NA] iter=00018 eval=04531 misfit=4.805008e-01 best=4.804678e-01
[NA] iter=00018 eval=04532 misfit=4.807321e-01 best=4.804678e-01
[NA] iter=00018 eval=04533 misfit=4.807149e-01 best=4.804678e-01
[NA] iter=00018 eval=04534 misfit=4.805175e-01 best=4.804678e-01
[NA] iter=00018 eval=04535 misfit=4.804964e-01 best=4.804678e-01
[NA] iter=00018 eval=04536 misfit=4.805066e-01 best=4.804678e-01
[NA] iter=00018 eval=04537 misfit=4.807242e-01 best=4.804678e-01
[NA] iter=00018 eval=04538 misfit=4.807226e-01 best=4.804678e-01
[NA] iter=00018 eval=04539 misfit=4.805038e-01 best=4.804678e-01
[NA] iter=00018 eval=04540 misfit=4.805119e-01 best=4.804678e-01
[NA] iter=00018 eval=04541 misfit=4.805187e-01 best=4.804678e-01
[NA] iter=00018 eval=04542 misfit=4.805237e-01 best=4.804678e-01
[NA] iter=00018 eval=04543 misfit=4.809126e-01 best=4.804678e-01
[NA] iter=00018 eval=04544 misfit=4.805203e-01 best=4.804678e-01
[NA] iter=00018 eval=04545 misfit=4.805163e-01 best=4.804678e-01
[NA] iter=00018 eval=04546 misfit=4.805008e-01 best=4.804678e-01
[NA] iter=00018 eval=04547 misfit=4.805041e-01 best=4.804678e-01
[NA] iter=00018 eval=04548 misfit=4.809150e-01 best=4.804678e-01
[NA] iter=00018 eval=04549 misfit=4.807244e-01 best=4.804678e-01
[NA] iter=00018 eval=04550 misfit=4.809107e-01 best=4.804678e-01
[NA] iter=00018 eval=04551 misfit=4.807362e-01 best=4.804678e-01
[NA] iter=00018 eval=04552 misfit=4.809245e-01 best=4.804678e-01
[NA] iter=00018 eval=04553 misfit=4.807324e-01 best=4.804678e-01
[NA] iter=00018 eval=04554 misfit=4.807403e-01 best=4.804678e-01
[NA] iter=00018 eval=04555 misfit=4.809178e-01 best=4.804678e-01
[NA] iter=00018 eval=04556 misfit=4.807323e-01 best=4.804678e-01
[NA] iter=00018 eval=04557 misfit=4.807462e-01 best=4.804678e-01
[NA] iter=00018 eval=04558 misfit=4.807412e-01 best=4.804678e-01
[NA] iter=00018 eval=04559 misfit=4.807303e-01 best=4.804678e-01
[NA] iter=00018 eval=04560 misfit=4.805121e-01 best=4.804678e-01
[NA] iter=00018 eval=04561 misfit=4.807293e-01 best=4.804678e-01
[NA] iter=00018 eval=04562 misfit=4.805441e-01 best=4.804678e-01
[NA] iter=00018 eval=04563 misfit=4.807218e-01 best=4.804678e-01
[NA] iter=00018 eval=04564 misfit=4.805356e-01 best=4.804678e-01
[NA] iter=00018 eval=04565 misfit=4.807312e-01 best=4.804678e-01
[NA] iter=00018 eval=04566 misfit=4.807377e-01 best=4.804678e-01
[NA] iter=00018 eval=04567 misfit=4.805387e-01 best=4.804678e-01
[NA] iter=00018 eval=04568 misfit=4.807398e-01 best=4.804678e-01
[NA] iter=00018 eval=04569 misfit=4.807427e-01 best=4.804678e-01
[NA] iter=00018 eval=04570 misfit=4.807371e-01 best=4.804678e-01
[NA] iter=00018 eval=04571 misfit=4.805266e-01 best=4.804678e-01
[NA] iter=00018 eval=04572 misfit=4.809410e-01 best=4.804678e-01
[NA] iter=00018 eval=04573 misfit=4.807326e-01 best=4.804678e-01
[NA] iter=00018 eval=04574 misfit=4.809116e-01 best=4.804678e-01
[NA] iter=00018 eval=04575 misfit=4.805132e-01 best=4.804678e-01
[NA] iter=00018 eval=04576 misfit=4.809215e-01 best=4.804678e-01
[NA] iter=00018 eval=04577 misfit=4.805119e-01 best=4.804678e-01
[NA] iter=00018 eval=04578 misfit=4.809396e-01 best=4.804678e-01
[NA] iter=00018 eval=04579 misfit=4.807211e-01 best=4.804678e-01
[NA] iter=00018 eval=04580 misfit=4.809222e-01 best=4.804678e-01
[NA] iter=00018 eval=04581 misfit=4.807599e-01 best=4.804678e-01
[NA] iter=00018 eval=04582 misfit=4.807902e-01 best=4.804678e-01
[NA] iter=00018 eval=04583 misfit=4.807512e-01 best=4.804678e-01
[NA] iter=00018 eval=04584 misfit=4.807542e-01 best=4.804678e-01
[NA] iter=00018 eval=04585 misfit=4.807727e-01 best=4.804678e-01
[NA] iter=00018 eval=04586 misfit=4.807519e-01 best=4.804678e-01
[NA] iter=00018 eval=04587 misfit=4.807770e-01 best=4.804678e-01
[NA] iter=00018 eval=04588 misfit=4.807295e-01 best=4.804678e-01
[NA] iter=00018 eval=04589 misfit=4.807403e-01 best=4.804678e-01
[NA] iter=00018 eval=04590 misfit=4.807442e-01 best=4.804678e-01
[NA] iter=00018 eval=04591 misfit=4.807418e-01 best=4.804678e-01
[NA] iter=00018 eval=04592 misfit=4.805151e-01 best=4.804678e-01
[NA] iter=00018 eval=04593 misfit=4.807314e-01 best=4.804678e-01
[NA] iter=00018 eval=04594 misfit=4.808948e-01 best=4.804678e-01
[NA] iter=00018 eval=04595 misfit=4.808984e-01 best=4.804678e-01
[NA] iter=00018 eval=04596 misfit=4.805093e-01 best=4.804678e-01
[NA] iter=00018 eval=04597 misfit=4.807728e-01 best=4.804678e-01
[NA] iter=00018 eval=04598 misfit=4.807826e-01 best=4.804678e-01
[NA] iter=00018 eval=04599 misfit=4.808812e-01 best=4.804678e-01
[NA] iter=00018 eval=04600 misfit=4.807619e-01 best=4.804678e-01
NAI - Optimisation Loop:  60%|██████    | 18/30 [40:56<27:06, 135.56s/it][NA] iter=00019 eval=04601 misfit=4.807474e-01 best=4.804678e-01
[NA] iter=00019 eval=04602 misfit=4.811252e-01 best=4.804678e-01
[NA] iter=00019 eval=04603 misfit=4.807591e-01 best=4.804678e-01
[NA] iter=00019 eval=04604 misfit=4.808952e-01 best=4.804678e-01
[NA] iter=00019 eval=04605 misfit=4.811117e-01 best=4.804678e-01
[NA] iter=00019 eval=04606 misfit=4.811337e-01 best=4.804678e-01
[NA] iter=00019 eval=04607 misfit=4.808866e-01 best=4.804678e-01
[NA] iter=00019 eval=04608 misfit=4.807337e-01 best=4.804678e-01
[NA] iter=00019 eval=04609 misfit=4.807545e-01 best=4.804678e-01
[NA] iter=00019 eval=04610 misfit=4.807558e-01 best=4.804678e-01
[NA] iter=00019 eval=04611 misfit=4.804671e-01 best=4.804671e-01
[NA] iter=00019 eval=04612 misfit=4.804905e-01 best=4.804671e-01
[NA] iter=00019 eval=04613 misfit=4.804764e-01 best=4.804671e-01
[NA] iter=00019 eval=04614 misfit=4.807057e-01 best=4.804671e-01
[NA] iter=00019 eval=04615 misfit=4.807093e-01 best=4.804671e-01
[NA] iter=00019 eval=04616 misfit=4.804653e-01 best=4.804653e-01
[NA] iter=00019 eval=04617 misfit=4.807035e-01 best=4.804653e-01
[NA] iter=00019 eval=04618 misfit=4.804959e-01 best=4.804653e-01
[NA] iter=00019 eval=04619 misfit=4.804595e-01 best=4.804595e-01
[NA] iter=00019 eval=04620 misfit=4.804919e-01 best=4.804595e-01
[NA] iter=00019 eval=04621 misfit=4.804792e-01 best=4.804595e-01
[NA] iter=00019 eval=04622 misfit=4.804926e-01 best=4.804595e-01
[NA] iter=00019 eval=04623 misfit=4.807347e-01 best=4.804595e-01
[NA] iter=00019 eval=04624 misfit=4.804738e-01 best=4.804595e-01
[NA] iter=00019 eval=04625 misfit=4.807286e-01 best=4.804595e-01
[NA] iter=00019 eval=04626 misfit=4.804736e-01 best=4.804595e-01
[NA] iter=00019 eval=04627 misfit=4.804692e-01 best=4.804595e-01
[NA] iter=00019 eval=04628 misfit=4.804875e-01 best=4.804595e-01
[NA] iter=00019 eval=04629 misfit=4.804662e-01 best=4.804595e-01
[NA] iter=00019 eval=04630 misfit=4.804734e-01 best=4.804595e-01
[NA] iter=00019 eval=04631 misfit=4.804878e-01 best=4.804595e-01
[NA] iter=00019 eval=04632 misfit=4.804770e-01 best=4.804595e-01
[NA] iter=00019 eval=04633 misfit=4.807094e-01 best=4.804595e-01
[NA] iter=00019 eval=04634 misfit=4.804700e-01 best=4.804595e-01
[NA] iter=00019 eval=04635 misfit=4.804914e-01 best=4.804595e-01
[NA] iter=00019 eval=04636 misfit=4.804877e-01 best=4.804595e-01
[NA] iter=00019 eval=04637 misfit=4.807130e-01 best=4.804595e-01
[NA] iter=00019 eval=04638 misfit=4.804875e-01 best=4.804595e-01
[NA] iter=00019 eval=04639 misfit=4.804696e-01 best=4.804595e-01
[NA] iter=00019 eval=04640 misfit=4.804886e-01 best=4.804595e-01
[NA] iter=00019 eval=04641 misfit=4.804837e-01 best=4.804595e-01
[NA] iter=00019 eval=04642 misfit=4.807109e-01 best=4.804595e-01
[NA] iter=00019 eval=04643 misfit=4.804728e-01 best=4.804595e-01
[NA] iter=00019 eval=04644 misfit=4.804956e-01 best=4.804595e-01
[NA] iter=00019 eval=04645 misfit=4.804972e-01 best=4.804595e-01
[NA] iter=00019 eval=04646 misfit=4.804908e-01 best=4.804595e-01
[NA] iter=00019 eval=04647 misfit=4.804915e-01 best=4.804595e-01
[NA] iter=00019 eval=04648 misfit=4.807113e-01 best=4.804595e-01
[NA] iter=00019 eval=04649 misfit=4.804903e-01 best=4.804595e-01
[NA] iter=00019 eval=04650 misfit=4.807068e-01 best=4.804595e-01
[NA] iter=00019 eval=04651 misfit=4.804795e-01 best=4.804595e-01
[NA] iter=00019 eval=04652 misfit=4.807098e-01 best=4.804595e-01
[NA] iter=00019 eval=04653 misfit=4.807121e-01 best=4.804595e-01
[NA] iter=00019 eval=04654 misfit=4.804697e-01 best=4.804595e-01
[NA] iter=00019 eval=04655 misfit=4.807052e-01 best=4.804595e-01
[NA] iter=00019 eval=04656 misfit=4.804774e-01 best=4.804595e-01
[NA] iter=00019 eval=04657 misfit=4.804933e-01 best=4.804595e-01
[NA] iter=00019 eval=04658 misfit=4.804795e-01 best=4.804595e-01
[NA] iter=00019 eval=04659 misfit=4.804707e-01 best=4.804595e-01
[NA] iter=00019 eval=04660 misfit=4.804943e-01 best=4.804595e-01
[NA] iter=00019 eval=04661 misfit=4.804688e-01 best=4.804595e-01
[NA] iter=00019 eval=04662 misfit=4.804964e-01 best=4.804595e-01
[NA] iter=00019 eval=04663 misfit=4.807153e-01 best=4.804595e-01
[NA] iter=00019 eval=04664 misfit=4.807151e-01 best=4.804595e-01
[NA] iter=00019 eval=04665 misfit=4.807209e-01 best=4.804595e-01
[NA] iter=00019 eval=04666 misfit=4.807315e-01 best=4.804595e-01
[NA] iter=00019 eval=04667 misfit=4.804695e-01 best=4.804595e-01
[NA] iter=00019 eval=04668 misfit=4.807119e-01 best=4.804595e-01
[NA] iter=00019 eval=04669 misfit=4.807171e-01 best=4.804595e-01
[NA] iter=00019 eval=04670 misfit=4.807065e-01 best=4.804595e-01
[NA] iter=00019 eval=04671 misfit=4.804929e-01 best=4.804595e-01
[NA] iter=00019 eval=04672 misfit=4.804787e-01 best=4.804595e-01
[NA] iter=00019 eval=04673 misfit=4.804691e-01 best=4.804595e-01
[NA] iter=00019 eval=04674 misfit=4.804644e-01 best=4.804595e-01
[NA] iter=00019 eval=04675 misfit=4.804950e-01 best=4.804595e-01
[NA] iter=00019 eval=04676 misfit=4.804811e-01 best=4.804595e-01
[NA] iter=00019 eval=04677 misfit=4.804808e-01 best=4.804595e-01
[NA] iter=00019 eval=04678 misfit=4.804855e-01 best=4.804595e-01
[NA] iter=00019 eval=04679 misfit=4.804936e-01 best=4.804595e-01
[NA] iter=00019 eval=04680 misfit=4.808860e-01 best=4.804595e-01
[NA] iter=00019 eval=04681 misfit=4.807109e-01 best=4.804595e-01
[NA] iter=00019 eval=04682 misfit=4.805007e-01 best=4.804595e-01
[NA] iter=00019 eval=04683 misfit=4.804895e-01 best=4.804595e-01
[NA] iter=00019 eval=04684 misfit=4.804960e-01 best=4.804595e-01
[NA] iter=00019 eval=04685 misfit=4.804956e-01 best=4.804595e-01
[NA] iter=00019 eval=04686 misfit=4.804955e-01 best=4.804595e-01
[NA] iter=00019 eval=04687 misfit=4.804915e-01 best=4.804595e-01
[NA] iter=00019 eval=04688 misfit=4.805080e-01 best=4.804595e-01
[NA] iter=00019 eval=04689 misfit=4.804880e-01 best=4.804595e-01
[NA] iter=00019 eval=04690 misfit=4.804989e-01 best=4.804595e-01
[NA] iter=00019 eval=04691 misfit=4.804915e-01 best=4.804595e-01
[NA] iter=00019 eval=04692 misfit=4.807143e-01 best=4.804595e-01
[NA] iter=00019 eval=04693 misfit=4.807225e-01 best=4.804595e-01
[NA] iter=00019 eval=04694 misfit=4.807320e-01 best=4.804595e-01
[NA] iter=00019 eval=04695 misfit=4.807374e-01 best=4.804595e-01
[NA] iter=00019 eval=04696 misfit=4.804935e-01 best=4.804595e-01
[NA] iter=00019 eval=04697 misfit=4.804661e-01 best=4.804595e-01
[NA] iter=00019 eval=04698 misfit=4.804910e-01 best=4.804595e-01
[NA] iter=00019 eval=04699 misfit=4.804712e-01 best=4.804595e-01
[NA] iter=00019 eval=04700 misfit=4.804968e-01 best=4.804595e-01
[NA] iter=00019 eval=04701 misfit=4.804979e-01 best=4.804595e-01
[NA] iter=00019 eval=04702 misfit=4.804826e-01 best=4.804595e-01
[NA] iter=00019 eval=04703 misfit=4.804784e-01 best=4.804595e-01
[NA] iter=00019 eval=04704 misfit=4.808901e-01 best=4.804595e-01
[NA] iter=00019 eval=04705 misfit=4.804885e-01 best=4.804595e-01
[NA] iter=00019 eval=04706 misfit=4.804822e-01 best=4.804595e-01
[NA] iter=00019 eval=04707 misfit=4.804783e-01 best=4.804595e-01
[NA] iter=00019 eval=04708 misfit=4.804799e-01 best=4.804595e-01
[NA] iter=00019 eval=04709 misfit=4.804809e-01 best=4.804595e-01
[NA] iter=00019 eval=04710 misfit=4.804781e-01 best=4.804595e-01
[NA] iter=00019 eval=04711 misfit=4.809019e-01 best=4.804595e-01
[NA] iter=00019 eval=04712 misfit=4.804952e-01 best=4.804595e-01
[NA] iter=00019 eval=04713 misfit=4.804927e-01 best=4.804595e-01
[NA] iter=00019 eval=04714 misfit=4.804925e-01 best=4.804595e-01
[NA] iter=00019 eval=04715 misfit=4.804954e-01 best=4.804595e-01
[NA] iter=00019 eval=04716 misfit=4.804943e-01 best=4.804595e-01
[NA] iter=00019 eval=04717 misfit=4.804800e-01 best=4.804595e-01
[NA] iter=00019 eval=04718 misfit=4.807054e-01 best=4.804595e-01
[NA] iter=00019 eval=04719 misfit=4.804771e-01 best=4.804595e-01
[NA] iter=00019 eval=04720 misfit=4.804964e-01 best=4.804595e-01
[NA] iter=00019 eval=04721 misfit=4.804965e-01 best=4.804595e-01
[NA] iter=00019 eval=04722 misfit=4.804815e-01 best=4.804595e-01
[NA] iter=00019 eval=04723 misfit=4.804777e-01 best=4.804595e-01
[NA] iter=00019 eval=04724 misfit=4.804978e-01 best=4.804595e-01
[NA] iter=00019 eval=04725 misfit=4.804899e-01 best=4.804595e-01
[NA] iter=00019 eval=04726 misfit=4.804831e-01 best=4.804595e-01
[NA] iter=00019 eval=04727 misfit=4.804865e-01 best=4.804595e-01
[NA] iter=00019 eval=04728 misfit=4.808983e-01 best=4.804595e-01
[NA] iter=00019 eval=04729 misfit=4.804915e-01 best=4.804595e-01
[NA] iter=00019 eval=04730 misfit=4.804808e-01 best=4.804595e-01
[NA] iter=00019 eval=04731 misfit=4.804971e-01 best=4.804595e-01
[NA] iter=00019 eval=04732 misfit=4.807429e-01 best=4.804595e-01
[NA] iter=00019 eval=04733 misfit=4.807337e-01 best=4.804595e-01
[NA] iter=00019 eval=04734 misfit=4.809106e-01 best=4.804595e-01
[NA] iter=00019 eval=04735 misfit=4.809113e-01 best=4.804595e-01
[NA] iter=00019 eval=04736 misfit=4.804808e-01 best=4.804595e-01
[NA] iter=00019 eval=04737 misfit=4.809198e-01 best=4.804595e-01
[NA] iter=00019 eval=04738 misfit=4.807107e-01 best=4.804595e-01
[NA] iter=00019 eval=04739 misfit=4.804704e-01 best=4.804595e-01
[NA] iter=00019 eval=04740 misfit=4.804896e-01 best=4.804595e-01
[NA] iter=00019 eval=04741 misfit=4.809140e-01 best=4.804595e-01
[NA] iter=00019 eval=04742 misfit=4.804949e-01 best=4.804595e-01
[NA] iter=00019 eval=04743 misfit=4.804923e-01 best=4.804595e-01
[NA] iter=00019 eval=04744 misfit=4.809120e-01 best=4.804595e-01
[NA] iter=00019 eval=04745 misfit=4.804829e-01 best=4.804595e-01
[NA] iter=00019 eval=04746 misfit=4.804944e-01 best=4.804595e-01
[NA] iter=00019 eval=04747 misfit=4.804908e-01 best=4.804595e-01
[NA] iter=00019 eval=04748 misfit=4.807443e-01 best=4.804595e-01
[NA] iter=00019 eval=04749 misfit=4.807466e-01 best=4.804595e-01
[NA] iter=00019 eval=04750 misfit=4.804895e-01 best=4.804595e-01
[NA] iter=00019 eval=04751 misfit=4.808953e-01 best=4.804595e-01
[NA] iter=00019 eval=04752 misfit=4.807159e-01 best=4.804595e-01
[NA] iter=00019 eval=04753 misfit=4.804836e-01 best=4.804595e-01
[NA] iter=00019 eval=04754 misfit=4.807160e-01 best=4.804595e-01
[NA] iter=00019 eval=04755 misfit=4.807130e-01 best=4.804595e-01
[NA] iter=00019 eval=04756 misfit=4.804867e-01 best=4.804595e-01
[NA] iter=00019 eval=04757 misfit=4.807066e-01 best=4.804595e-01
[NA] iter=00019 eval=04758 misfit=4.804747e-01 best=4.804595e-01
[NA] iter=00019 eval=04759 misfit=4.804924e-01 best=4.804595e-01
[NA] iter=00019 eval=04760 misfit=4.804956e-01 best=4.804595e-01
[NA] iter=00019 eval=04761 misfit=4.808807e-01 best=4.804595e-01
[NA] iter=00019 eval=04762 misfit=4.804920e-01 best=4.804595e-01
[NA] iter=00019 eval=04763 misfit=4.804820e-01 best=4.804595e-01
[NA] iter=00019 eval=04764 misfit=4.808965e-01 best=4.804595e-01
[NA] iter=00019 eval=04765 misfit=4.804844e-01 best=4.804595e-01
[NA] iter=00019 eval=04766 misfit=4.804853e-01 best=4.804595e-01
[NA] iter=00019 eval=04767 misfit=4.804904e-01 best=4.804595e-01
[NA] iter=00019 eval=04768 misfit=4.808938e-01 best=4.804595e-01
[NA] iter=00019 eval=04769 misfit=4.808843e-01 best=4.804595e-01
[NA] iter=00019 eval=04770 misfit=4.804996e-01 best=4.804595e-01
[NA] iter=00019 eval=04771 misfit=4.807200e-01 best=4.804595e-01
[NA] iter=00019 eval=04772 misfit=4.808906e-01 best=4.804595e-01
[NA] iter=00019 eval=04773 misfit=4.805201e-01 best=4.804595e-01
[NA] iter=00019 eval=04774 misfit=4.805227e-01 best=4.804595e-01
[NA] iter=00019 eval=04775 misfit=4.807255e-01 best=4.804595e-01
[NA] iter=00019 eval=04776 misfit=4.805116e-01 best=4.804595e-01
[NA] iter=00019 eval=04777 misfit=4.807193e-01 best=4.804595e-01
[NA] iter=00019 eval=04778 misfit=4.804971e-01 best=4.804595e-01
[NA] iter=00019 eval=04779 misfit=4.804983e-01 best=4.804595e-01
[NA] iter=00019 eval=04780 misfit=4.805175e-01 best=4.804595e-01
[NA] iter=00019 eval=04781 misfit=4.804788e-01 best=4.804595e-01
[NA] iter=00019 eval=04782 misfit=4.807140e-01 best=4.804595e-01
[NA] iter=00019 eval=04783 misfit=4.807177e-01 best=4.804595e-01
[NA] iter=00019 eval=04784 misfit=4.808920e-01 best=4.804595e-01
[NA] iter=00019 eval=04785 misfit=4.807125e-01 best=4.804595e-01
[NA] iter=00019 eval=04786 misfit=4.804819e-01 best=4.804595e-01
[NA] iter=00019 eval=04787 misfit=4.804939e-01 best=4.804595e-01
[NA] iter=00019 eval=04788 misfit=4.804983e-01 best=4.804595e-01
[NA] iter=00019 eval=04789 misfit=4.809017e-01 best=4.804595e-01
[NA] iter=00019 eval=04790 misfit=4.804998e-01 best=4.804595e-01
[NA] iter=00019 eval=04791 misfit=4.809031e-01 best=4.804595e-01
[NA] iter=00019 eval=04792 misfit=4.804846e-01 best=4.804595e-01
[NA] iter=00019 eval=04793 misfit=4.804889e-01 best=4.804595e-01
[NA] iter=00019 eval=04794 misfit=4.804902e-01 best=4.804595e-01
[NA] iter=00019 eval=04795 misfit=4.804926e-01 best=4.804595e-01
[NA] iter=00019 eval=04796 misfit=4.804849e-01 best=4.804595e-01
[NA] iter=00019 eval=04797 misfit=4.804895e-01 best=4.804595e-01
[NA] iter=00019 eval=04798 misfit=4.804834e-01 best=4.804595e-01
[NA] iter=00019 eval=04799 misfit=4.809018e-01 best=4.804595e-01
[NA] iter=00019 eval=04800 misfit=4.809002e-01 best=4.804595e-01
NAI - Optimisation Loop:  63%|██████▎   | 19/30 [43:14<24:57, 136.15s/it][NA] iter=00020 eval=04801 misfit=4.808659e-01 best=4.804595e-01
[NA] iter=00020 eval=04802 misfit=4.808575e-01 best=4.804595e-01
[NA] iter=00020 eval=04803 misfit=4.808653e-01 best=4.804595e-01
[NA] iter=00020 eval=04804 misfit=4.808608e-01 best=4.804595e-01
[NA] iter=00020 eval=04805 misfit=4.811091e-01 best=4.804595e-01
[NA] iter=00020 eval=04806 misfit=4.807273e-01 best=4.804595e-01
[NA] iter=00020 eval=04807 misfit=4.804692e-01 best=4.804595e-01
[NA] iter=00020 eval=04808 misfit=4.808743e-01 best=4.804595e-01
[NA] iter=00020 eval=04809 misfit=4.807362e-01 best=4.804595e-01
[NA] iter=00020 eval=04810 misfit=4.811149e-01 best=4.804595e-01
[NA] iter=00020 eval=04811 misfit=4.804731e-01 best=4.804595e-01
[NA] iter=00020 eval=04812 misfit=4.804716e-01 best=4.804595e-01
[NA] iter=00020 eval=04813 misfit=4.804781e-01 best=4.804595e-01
[NA] iter=00020 eval=04814 misfit=4.804655e-01 best=4.804595e-01
[NA] iter=00020 eval=04815 misfit=4.804703e-01 best=4.804595e-01
[NA] iter=00020 eval=04816 misfit=4.804808e-01 best=4.804595e-01
[NA] iter=00020 eval=04817 misfit=4.804776e-01 best=4.804595e-01
[NA] iter=00020 eval=04818 misfit=4.804745e-01 best=4.804595e-01
[NA] iter=00020 eval=04819 misfit=4.804748e-01 best=4.804595e-01
[NA] iter=00020 eval=04820 misfit=4.804646e-01 best=4.804595e-01
[NA] iter=00020 eval=04821 misfit=4.804874e-01 best=4.804595e-01
[NA] iter=00020 eval=04822 misfit=4.804768e-01 best=4.804595e-01
[NA] iter=00020 eval=04823 misfit=4.804766e-01 best=4.804595e-01
[NA] iter=00020 eval=04824 misfit=4.804865e-01 best=4.804595e-01
[NA] iter=00020 eval=04825 misfit=4.804769e-01 best=4.804595e-01
[NA] iter=00020 eval=04826 misfit=4.808781e-01 best=4.804595e-01
[NA] iter=00020 eval=04827 misfit=4.804758e-01 best=4.804595e-01
[NA] iter=00020 eval=04828 misfit=4.804742e-01 best=4.804595e-01
[NA] iter=00020 eval=04829 misfit=4.804789e-01 best=4.804595e-01
[NA] iter=00020 eval=04830 misfit=4.804831e-01 best=4.804595e-01
[NA] iter=00020 eval=04831 misfit=4.808757e-01 best=4.804595e-01
[NA] iter=00020 eval=04832 misfit=4.804868e-01 best=4.804595e-01
[NA] iter=00020 eval=04833 misfit=4.808784e-01 best=4.804595e-01
[NA] iter=00020 eval=04834 misfit=4.804759e-01 best=4.804595e-01
[NA] iter=00020 eval=04835 misfit=4.808832e-01 best=4.804595e-01
[NA] iter=00020 eval=04836 misfit=4.808737e-01 best=4.804595e-01
[NA] iter=00020 eval=04837 misfit=4.804718e-01 best=4.804595e-01
[NA] iter=00020 eval=04838 misfit=4.807475e-01 best=4.804595e-01
[NA] iter=00020 eval=04839 misfit=4.804680e-01 best=4.804595e-01
[NA] iter=00020 eval=04840 misfit=4.808665e-01 best=4.804595e-01
[NA] iter=00020 eval=04841 misfit=4.807355e-01 best=4.804595e-01
[NA] iter=00020 eval=04842 misfit=4.804839e-01 best=4.804595e-01
[NA] iter=00020 eval=04843 misfit=4.804723e-01 best=4.804595e-01
[NA] iter=00020 eval=04844 misfit=4.807407e-01 best=4.804595e-01
[NA] iter=00020 eval=04845 misfit=4.807282e-01 best=4.804595e-01
[NA] iter=00020 eval=04846 misfit=4.804694e-01 best=4.804595e-01
[NA] iter=00020 eval=04847 misfit=4.807270e-01 best=4.804595e-01
[NA] iter=00020 eval=04848 misfit=4.807264e-01 best=4.804595e-01
[NA] iter=00020 eval=04849 misfit=4.804874e-01 best=4.804595e-01
[NA] iter=00020 eval=04850 misfit=4.807252e-01 best=4.804595e-01
[NA] iter=00020 eval=04851 misfit=4.807497e-01 best=4.804595e-01
[NA] iter=00020 eval=04852 misfit=4.804784e-01 best=4.804595e-01
[NA] iter=00020 eval=04853 misfit=4.807302e-01 best=4.804595e-01
[NA] iter=00020 eval=04854 misfit=4.807498e-01 best=4.804595e-01
[NA] iter=00020 eval=04855 misfit=4.804648e-01 best=4.804595e-01
[NA] iter=00020 eval=04856 misfit=4.804741e-01 best=4.804595e-01
[NA] iter=00020 eval=04857 misfit=4.807332e-01 best=4.804595e-01
[NA] iter=00020 eval=04858 misfit=4.804923e-01 best=4.804595e-01
[NA] iter=00020 eval=04859 misfit=4.807429e-01 best=4.804595e-01
[NA] iter=00020 eval=04860 misfit=4.807513e-01 best=4.804595e-01
[NA] iter=00020 eval=04861 misfit=4.804753e-01 best=4.804595e-01
[NA] iter=00020 eval=04862 misfit=4.808838e-01 best=4.804595e-01
[NA] iter=00020 eval=04863 misfit=4.808831e-01 best=4.804595e-01
[NA] iter=00020 eval=04864 misfit=4.811281e-01 best=4.804595e-01
[NA] iter=00020 eval=04865 misfit=4.811271e-01 best=4.804595e-01
[NA] iter=00020 eval=04866 misfit=4.807369e-01 best=4.804595e-01
[NA] iter=00020 eval=04867 misfit=4.807391e-01 best=4.804595e-01
[NA] iter=00020 eval=04868 misfit=4.807260e-01 best=4.804595e-01
[NA] iter=00020 eval=04869 misfit=4.808678e-01 best=4.804595e-01
[NA] iter=00020 eval=04870 misfit=4.807505e-01 best=4.804595e-01
[NA] iter=00020 eval=04871 misfit=4.804689e-01 best=4.804595e-01
[NA] iter=00020 eval=04872 misfit=4.808790e-01 best=4.804595e-01
[NA] iter=00020 eval=04873 misfit=4.807316e-01 best=4.804595e-01
[NA] iter=00020 eval=04874 misfit=4.808764e-01 best=4.804595e-01
[NA] iter=00020 eval=04875 misfit=4.804749e-01 best=4.804595e-01
[NA] iter=00020 eval=04876 misfit=4.808742e-01 best=4.804595e-01
[NA] iter=00020 eval=04877 misfit=4.804862e-01 best=4.804595e-01
[NA] iter=00020 eval=04878 misfit=4.804630e-01 best=4.804595e-01
[NA] iter=00020 eval=04879 misfit=4.804751e-01 best=4.804595e-01
[NA] iter=00020 eval=04880 misfit=4.804669e-01 best=4.804595e-01
[NA] iter=00020 eval=04881 misfit=4.804869e-01 best=4.804595e-01
[NA] iter=00020 eval=04882 misfit=4.804709e-01 best=4.804595e-01
[NA] iter=00020 eval=04883 misfit=4.804727e-01 best=4.804595e-01
[NA] iter=00020 eval=04884 misfit=4.804757e-01 best=4.804595e-01
[NA] iter=00020 eval=04885 misfit=4.804830e-01 best=4.804595e-01
[NA] iter=00020 eval=04886 misfit=4.804739e-01 best=4.804595e-01
[NA] iter=00020 eval=04887 misfit=4.804784e-01 best=4.804595e-01
[NA] iter=00020 eval=04888 misfit=4.804837e-01 best=4.804595e-01
[NA] iter=00020 eval=04889 misfit=4.804684e-01 best=4.804595e-01
[NA] iter=00020 eval=04890 misfit=4.804790e-01 best=4.804595e-01
[NA] iter=00020 eval=04891 misfit=4.804896e-01 best=4.804595e-01
[NA] iter=00020 eval=04892 misfit=4.804598e-01 best=4.804595e-01
[NA] iter=00020 eval=04893 misfit=4.804665e-01 best=4.804595e-01
[NA] iter=00020 eval=04894 misfit=4.804959e-01 best=4.804595e-01
[NA] iter=00020 eval=04895 misfit=4.804713e-01 best=4.804595e-01
[NA] iter=00020 eval=04896 misfit=4.804980e-01 best=4.804595e-01
[NA] iter=00020 eval=04897 misfit=4.804691e-01 best=4.804595e-01
[NA] iter=00020 eval=04898 misfit=4.804616e-01 best=4.804595e-01
[NA] iter=00020 eval=04899 misfit=4.807150e-01 best=4.804595e-01
[NA] iter=00020 eval=04900 misfit=4.804672e-01 best=4.804595e-01
[NA] iter=00020 eval=04901 misfit=4.804797e-01 best=4.804595e-01
[NA] iter=00020 eval=04902 misfit=4.804719e-01 best=4.804595e-01
[NA] iter=00020 eval=04903 misfit=4.804780e-01 best=4.804595e-01
[NA] iter=00020 eval=04904 misfit=4.804773e-01 best=4.804595e-01
[NA] iter=00020 eval=04905 misfit=4.804668e-01 best=4.804595e-01
[NA] iter=00020 eval=04906 misfit=4.804751e-01 best=4.804595e-01
[NA] iter=00020 eval=04907 misfit=4.804761e-01 best=4.804595e-01
[NA] iter=00020 eval=04908 misfit=4.804781e-01 best=4.804595e-01
[NA] iter=00020 eval=04909 misfit=4.804717e-01 best=4.804595e-01
[NA] iter=00020 eval=04910 misfit=4.804804e-01 best=4.804595e-01
[NA] iter=00020 eval=04911 misfit=4.804817e-01 best=4.804595e-01
[NA] iter=00020 eval=04912 misfit=4.804751e-01 best=4.804595e-01
[NA] iter=00020 eval=04913 misfit=4.804804e-01 best=4.804595e-01
[NA] iter=00020 eval=04914 misfit=4.804901e-01 best=4.804595e-01
[NA] iter=00020 eval=04915 misfit=4.804791e-01 best=4.804595e-01
[NA] iter=00020 eval=04916 misfit=4.804887e-01 best=4.804595e-01
[NA] iter=00020 eval=04917 misfit=4.804818e-01 best=4.804595e-01
[NA] iter=00020 eval=04918 misfit=4.804752e-01 best=4.804595e-01
[NA] iter=00020 eval=04919 misfit=4.804814e-01 best=4.804595e-01
[NA] iter=00020 eval=04920 misfit=4.804806e-01 best=4.804595e-01
[NA] iter=00020 eval=04921 misfit=4.804676e-01 best=4.804595e-01
[NA] iter=00020 eval=04922 misfit=4.804809e-01 best=4.804595e-01
[NA] iter=00020 eval=04923 misfit=4.804772e-01 best=4.804595e-01
[NA] iter=00020 eval=04924 misfit=4.804841e-01 best=4.804595e-01
[NA] iter=00020 eval=04925 misfit=4.804704e-01 best=4.804595e-01
[NA] iter=00020 eval=04926 misfit=4.804695e-01 best=4.804595e-01
[NA] iter=00020 eval=04927 misfit=4.804680e-01 best=4.804595e-01
[NA] iter=00020 eval=04928 misfit=4.804673e-01 best=4.804595e-01
[NA] iter=00020 eval=04929 misfit=4.804729e-01 best=4.804595e-01
[NA] iter=00020 eval=04930 misfit=4.804714e-01 best=4.804595e-01
[NA] iter=00020 eval=04931 misfit=4.804700e-01 best=4.804595e-01
[NA] iter=00020 eval=04932 misfit=4.807106e-01 best=4.804595e-01
[NA] iter=00020 eval=04933 misfit=4.804807e-01 best=4.804595e-01
[NA] iter=00020 eval=04934 misfit=4.804598e-01 best=4.804595e-01
[NA] iter=00020 eval=04935 misfit=4.804971e-01 best=4.804595e-01
[NA] iter=00020 eval=04936 misfit=4.804705e-01 best=4.804595e-01
[NA] iter=00020 eval=04937 misfit=4.804825e-01 best=4.804595e-01
[NA] iter=00020 eval=04938 misfit=4.804769e-01 best=4.804595e-01
[NA] iter=00020 eval=04939 misfit=4.804785e-01 best=4.804595e-01
[NA] iter=00020 eval=04940 misfit=4.804775e-01 best=4.804595e-01
[NA] iter=00020 eval=04941 misfit=4.804987e-01 best=4.804595e-01
[NA] iter=00020 eval=04942 misfit=4.804661e-01 best=4.804595e-01
[NA] iter=00020 eval=04943 misfit=4.804717e-01 best=4.804595e-01
[NA] iter=00020 eval=04944 misfit=4.804769e-01 best=4.804595e-01
[NA] iter=00020 eval=04945 misfit=4.804976e-01 best=4.804595e-01
[NA] iter=00020 eval=04946 misfit=4.804679e-01 best=4.804595e-01
[NA] iter=00020 eval=04947 misfit=4.804851e-01 best=4.804595e-01
[NA] iter=00020 eval=04948 misfit=4.804682e-01 best=4.804595e-01
[NA] iter=00020 eval=04949 misfit=4.804919e-01 best=4.804595e-01
[NA] iter=00020 eval=04950 misfit=4.804657e-01 best=4.804595e-01
[NA] iter=00020 eval=04951 misfit=4.808827e-01 best=4.804595e-01
[NA] iter=00020 eval=04952 misfit=4.804824e-01 best=4.804595e-01
[NA] iter=00020 eval=04953 misfit=4.804649e-01 best=4.804595e-01
[NA] iter=00020 eval=04954 misfit=4.804671e-01 best=4.804595e-01
[NA] iter=00020 eval=04955 misfit=4.804993e-01 best=4.804595e-01
[NA] iter=00020 eval=04956 misfit=4.804688e-01 best=4.804595e-01
[NA] iter=00020 eval=04957 misfit=4.804767e-01 best=4.804595e-01
[NA] iter=00020 eval=04958 misfit=4.804691e-01 best=4.804595e-01
[NA] iter=00020 eval=04959 misfit=4.804704e-01 best=4.804595e-01
[NA] iter=00020 eval=04960 misfit=4.808779e-01 best=4.804595e-01
[NA] iter=00020 eval=04961 misfit=4.808818e-01 best=4.804595e-01
[NA] iter=00020 eval=04962 misfit=4.804743e-01 best=4.804595e-01
[NA] iter=00020 eval=04963 misfit=4.804739e-01 best=4.804595e-01
[NA] iter=00020 eval=04964 misfit=4.804724e-01 best=4.804595e-01
[NA] iter=00020 eval=04965 misfit=4.808803e-01 best=4.804595e-01
[NA] iter=00020 eval=04966 misfit=4.804748e-01 best=4.804595e-01
[NA] iter=00020 eval=04967 misfit=4.804718e-01 best=4.804595e-01
[NA] iter=00020 eval=04968 misfit=4.804713e-01 best=4.804595e-01
[NA] iter=00020 eval=04969 misfit=4.804737e-01 best=4.804595e-01
[NA] iter=00020 eval=04970 misfit=4.804784e-01 best=4.804595e-01
[NA] iter=00020 eval=04971 misfit=4.807453e-01 best=4.804595e-01
[NA] iter=00020 eval=04972 misfit=4.807326e-01 best=4.804595e-01
[NA] iter=00020 eval=04973 misfit=4.804653e-01 best=4.804595e-01
[NA] iter=00020 eval=04974 misfit=4.807334e-01 best=4.804595e-01
[NA] iter=00020 eval=04975 misfit=4.804777e-01 best=4.804595e-01
[NA] iter=00020 eval=04976 misfit=4.804879e-01 best=4.804595e-01
[NA] iter=00020 eval=04977 misfit=4.807336e-01 best=4.804595e-01
[NA] iter=00020 eval=04978 misfit=4.804803e-01 best=4.804595e-01
[NA] iter=00020 eval=04979 misfit=4.804708e-01 best=4.804595e-01
[NA] iter=00020 eval=04980 misfit=4.804798e-01 best=4.804595e-01
[NA] iter=00020 eval=04981 misfit=4.804777e-01 best=4.804595e-01
[NA] iter=00020 eval=04982 misfit=4.808870e-01 best=4.804595e-01
[NA] iter=00020 eval=04983 misfit=4.804654e-01 best=4.804595e-01
[NA] iter=00020 eval=04984 misfit=4.804722e-01 best=4.804595e-01
[NA] iter=00020 eval=04985 misfit=4.808815e-01 best=4.804595e-01
[NA] iter=00020 eval=04986 misfit=4.804737e-01 best=4.804595e-01
[NA] iter=00020 eval=04987 misfit=4.808806e-01 best=4.804595e-01
[NA] iter=00020 eval=04988 misfit=4.804712e-01 best=4.804595e-01
[NA] iter=00020 eval=04989 misfit=4.804657e-01 best=4.804595e-01
[NA] iter=00020 eval=04990 misfit=4.804809e-01 best=4.804595e-01
[NA] iter=00020 eval=04991 misfit=4.807068e-01 best=4.804595e-01
[NA] iter=00020 eval=04992 misfit=4.804807e-01 best=4.804595e-01
[NA] iter=00020 eval=04993 misfit=4.804793e-01 best=4.804595e-01
[NA] iter=00020 eval=04994 misfit=4.807354e-01 best=4.804595e-01
[NA] iter=00020 eval=04995 misfit=4.804955e-01 best=4.804595e-01
[NA] iter=00020 eval=04996 misfit=4.804675e-01 best=4.804595e-01
[NA] iter=00020 eval=04997 misfit=4.809143e-01 best=4.804595e-01
[NA] iter=00020 eval=04998 misfit=4.804775e-01 best=4.804595e-01
[NA] iter=00020 eval=04999 misfit=4.807488e-01 best=4.804595e-01
[NA] iter=00020 eval=05000 misfit=4.807052e-01 best=4.804595e-01
NAI - Optimisation Loop:  67%|██████▋   | 20/30 [45:29<22:40, 136.02s/it][NA] iter=00021 eval=05001 misfit=4.804664e-01 best=4.804595e-01
[NA] iter=00021 eval=05002 misfit=4.804576e-01 best=4.804576e-01
[NA] iter=00021 eval=05003 misfit=4.804623e-01 best=4.804576e-01
[NA] iter=00021 eval=05004 misfit=4.804707e-01 best=4.804576e-01
[NA] iter=00021 eval=05005 misfit=4.807333e-01 best=4.804576e-01
[NA] iter=00021 eval=05006 misfit=4.804601e-01 best=4.804576e-01
[NA] iter=00021 eval=05007 misfit=4.807345e-01 best=4.804576e-01
[NA] iter=00021 eval=05008 misfit=4.804627e-01 best=4.804576e-01
[NA] iter=00021 eval=05009 misfit=4.807250e-01 best=4.804576e-01
[NA] iter=00021 eval=05010 misfit=4.807376e-01 best=4.804576e-01
[NA] iter=00021 eval=05011 misfit=4.804697e-01 best=4.804576e-01
[NA] iter=00021 eval=05012 misfit=4.804746e-01 best=4.804576e-01
[NA] iter=00021 eval=05013 misfit=4.804792e-01 best=4.804576e-01
[NA] iter=00021 eval=05014 misfit=4.804608e-01 best=4.804576e-01
[NA] iter=00021 eval=05015 misfit=4.804745e-01 best=4.804576e-01
[NA] iter=00021 eval=05016 misfit=4.804689e-01 best=4.804576e-01
[NA] iter=00021 eval=05017 misfit=4.804686e-01 best=4.804576e-01
[NA] iter=00021 eval=05018 misfit=4.804611e-01 best=4.804576e-01
[NA] iter=00021 eval=05019 misfit=4.804730e-01 best=4.804576e-01
[NA] iter=00021 eval=05020 misfit=4.804725e-01 best=4.804576e-01
[NA] iter=00021 eval=05021 misfit=4.804666e-01 best=4.804576e-01
[NA] iter=00021 eval=05022 misfit=4.804752e-01 best=4.804576e-01
[NA] iter=00021 eval=05023 misfit=4.804758e-01 best=4.804576e-01
[NA] iter=00021 eval=05024 misfit=4.804930e-01 best=4.804576e-01
[NA] iter=00021 eval=05025 misfit=4.804679e-01 best=4.804576e-01
[NA] iter=00021 eval=05026 misfit=4.804955e-01 best=4.804576e-01
[NA] iter=00021 eval=05027 misfit=4.804706e-01 best=4.804576e-01
[NA] iter=00021 eval=05028 misfit=4.804656e-01 best=4.804576e-01
[NA] iter=00021 eval=05029 misfit=4.804667e-01 best=4.804576e-01
[NA] iter=00021 eval=05030 misfit=4.804814e-01 best=4.804576e-01
[NA] iter=00021 eval=05031 misfit=4.804692e-01 best=4.804576e-01
[NA] iter=00021 eval=05032 misfit=4.804905e-01 best=4.804576e-01
[NA] iter=00021 eval=05033 misfit=4.804852e-01 best=4.804576e-01
[NA] iter=00021 eval=05034 misfit=4.804920e-01 best=4.804576e-01
[NA] iter=00021 eval=05035 misfit=4.804950e-01 best=4.804576e-01
[NA] iter=00021 eval=05036 misfit=4.804849e-01 best=4.804576e-01
[NA] iter=00021 eval=05037 misfit=4.804947e-01 best=4.804576e-01
[NA] iter=00021 eval=05038 misfit=4.804703e-01 best=4.804576e-01
[NA] iter=00021 eval=05039 misfit=4.804705e-01 best=4.804576e-01
[NA] iter=00021 eval=05040 misfit=4.804697e-01 best=4.804576e-01
[NA] iter=00021 eval=05041 misfit=4.804617e-01 best=4.804576e-01
[NA] iter=00021 eval=05042 misfit=4.808732e-01 best=4.804576e-01
[NA] iter=00021 eval=05043 misfit=4.804619e-01 best=4.804576e-01
[NA] iter=00021 eval=05044 misfit=4.807234e-01 best=4.804576e-01
[NA] iter=00021 eval=05045 misfit=4.804679e-01 best=4.804576e-01
[NA] iter=00021 eval=05046 misfit=4.804811e-01 best=4.804576e-01
[NA] iter=00021 eval=05047 misfit=4.807202e-01 best=4.804576e-01
[NA] iter=00021 eval=05048 misfit=4.807533e-01 best=4.804576e-01
[NA] iter=00021 eval=05049 misfit=4.804623e-01 best=4.804576e-01
[NA] iter=00021 eval=05050 misfit=4.804716e-01 best=4.804576e-01
[NA] iter=00021 eval=05051 misfit=4.804803e-01 best=4.804576e-01
[NA] iter=00021 eval=05052 misfit=4.804675e-01 best=4.804576e-01
[NA] iter=00021 eval=05053 misfit=4.804638e-01 best=4.804576e-01
[NA] iter=00021 eval=05054 misfit=4.804741e-01 best=4.804576e-01
[NA] iter=00021 eval=05055 misfit=4.804694e-01 best=4.804576e-01
[NA] iter=00021 eval=05056 misfit=4.804668e-01 best=4.804576e-01
[NA] iter=00021 eval=05057 misfit=4.804672e-01 best=4.804576e-01
[NA] iter=00021 eval=05058 misfit=4.804728e-01 best=4.804576e-01
[NA] iter=00021 eval=05059 misfit=4.804636e-01 best=4.804576e-01
[NA] iter=00021 eval=05060 misfit=4.804741e-01 best=4.804576e-01
[NA] iter=00021 eval=05061 misfit=4.804745e-01 best=4.804576e-01
[NA] iter=00021 eval=05062 misfit=4.804710e-01 best=4.804576e-01
[NA] iter=00021 eval=05063 misfit=4.804742e-01 best=4.804576e-01
[NA] iter=00021 eval=05064 misfit=4.804710e-01 best=4.804576e-01
[NA] iter=00021 eval=05065 misfit=4.804757e-01 best=4.804576e-01
[NA] iter=00021 eval=05066 misfit=4.804694e-01 best=4.804576e-01
[NA] iter=00021 eval=05067 misfit=4.804713e-01 best=4.804576e-01
[NA] iter=00021 eval=05068 misfit=4.804667e-01 best=4.804576e-01
[NA] iter=00021 eval=05069 misfit=4.804743e-01 best=4.804576e-01
[NA] iter=00021 eval=05070 misfit=4.804714e-01 best=4.804576e-01
[NA] iter=00021 eval=05071 misfit=4.804722e-01 best=4.804576e-01
[NA] iter=00021 eval=05072 misfit=4.804601e-01 best=4.804576e-01
[NA] iter=00021 eval=05073 misfit=4.804712e-01 best=4.804576e-01
[NA] iter=00021 eval=05074 misfit=4.804576e-01 best=4.804576e-01
[NA] iter=00021 eval=05075 misfit=4.804666e-01 best=4.804576e-01
[NA] iter=00021 eval=05076 misfit=4.804639e-01 best=4.804576e-01
[NA] iter=00021 eval=05077 misfit=4.804778e-01 best=4.804576e-01
[NA] iter=00021 eval=05078 misfit=4.804757e-01 best=4.804576e-01
[NA] iter=00021 eval=05079 misfit=4.804590e-01 best=4.804576e-01
[NA] iter=00021 eval=05080 misfit=4.804730e-01 best=4.804576e-01
[NA] iter=00021 eval=05081 misfit=4.804714e-01 best=4.804576e-01
[NA] iter=00021 eval=05082 misfit=4.804658e-01 best=4.804576e-01
[NA] iter=00021 eval=05083 misfit=4.804648e-01 best=4.804576e-01
[NA] iter=00021 eval=05084 misfit=4.804706e-01 best=4.804576e-01
[NA] iter=00021 eval=05085 misfit=4.804735e-01 best=4.804576e-01
[NA] iter=00021 eval=05086 misfit=4.804664e-01 best=4.804576e-01
[NA] iter=00021 eval=05087 misfit=4.804727e-01 best=4.804576e-01
[NA] iter=00021 eval=05088 misfit=4.804675e-01 best=4.804576e-01
[NA] iter=00021 eval=05089 misfit=4.804649e-01 best=4.804576e-01
[NA] iter=00021 eval=05090 misfit=4.804684e-01 best=4.804576e-01
[NA] iter=00021 eval=05091 misfit=4.804630e-01 best=4.804576e-01
[NA] iter=00021 eval=05092 misfit=4.804642e-01 best=4.804576e-01
[NA] iter=00021 eval=05093 misfit=4.804691e-01 best=4.804576e-01
[NA] iter=00021 eval=05094 misfit=4.804687e-01 best=4.804576e-01
[NA] iter=00021 eval=05095 misfit=4.804733e-01 best=4.804576e-01
[NA] iter=00021 eval=05096 misfit=4.804697e-01 best=4.804576e-01
[NA] iter=00021 eval=05097 misfit=4.804721e-01 best=4.804576e-01
[NA] iter=00021 eval=05098 misfit=4.807292e-01 best=4.804576e-01
[NA] iter=00021 eval=05099 misfit=4.804653e-01 best=4.804576e-01
[NA] iter=00021 eval=05100 misfit=4.804642e-01 best=4.804576e-01
[NA] iter=00021 eval=05101 misfit=4.804798e-01 best=4.804576e-01
[NA] iter=00021 eval=05102 misfit=4.804764e-01 best=4.804576e-01
[NA] iter=00021 eval=05103 misfit=4.804713e-01 best=4.804576e-01
[NA] iter=00021 eval=05104 misfit=4.804701e-01 best=4.804576e-01
[NA] iter=00021 eval=05105 misfit=4.808779e-01 best=4.804576e-01
[NA] iter=00021 eval=05106 misfit=4.804700e-01 best=4.804576e-01
[NA] iter=00021 eval=05107 misfit=4.804770e-01 best=4.804576e-01
[NA] iter=00021 eval=05108 misfit=4.804739e-01 best=4.804576e-01
[NA] iter=00021 eval=05109 misfit=4.804779e-01 best=4.804576e-01
[NA] iter=00021 eval=05110 misfit=4.804743e-01 best=4.804576e-01
[NA] iter=00021 eval=05111 misfit=4.804689e-01 best=4.804576e-01
[NA] iter=00021 eval=05112 misfit=4.804691e-01 best=4.804576e-01
[NA] iter=00021 eval=05113 misfit=4.804698e-01 best=4.804576e-01
[NA] iter=00021 eval=05114 misfit=4.804688e-01 best=4.804576e-01
[NA] iter=00021 eval=05115 misfit=4.804675e-01 best=4.804576e-01
[NA] iter=00021 eval=05116 misfit=4.804730e-01 best=4.804576e-01
[NA] iter=00021 eval=05117 misfit=4.804691e-01 best=4.804576e-01
[NA] iter=00021 eval=05118 misfit=4.804698e-01 best=4.804576e-01
[NA] iter=00021 eval=05119 misfit=4.804725e-01 best=4.804576e-01
[NA] iter=00021 eval=05120 misfit=4.804663e-01 best=4.804576e-01
[NA] iter=00021 eval=05121 misfit=4.804691e-01 best=4.804576e-01
[NA] iter=00021 eval=05122 misfit=4.804699e-01 best=4.804576e-01
[NA] iter=00021 eval=05123 misfit=4.804651e-01 best=4.804576e-01
[NA] iter=00021 eval=05124 misfit=4.804709e-01 best=4.804576e-01
[NA] iter=00021 eval=05125 misfit=4.804658e-01 best=4.804576e-01
[NA] iter=00021 eval=05126 misfit=4.804741e-01 best=4.804576e-01
[NA] iter=00021 eval=05127 misfit=4.804639e-01 best=4.804576e-01
[NA] iter=00021 eval=05128 misfit=4.804676e-01 best=4.804576e-01
[NA] iter=00021 eval=05129 misfit=4.804745e-01 best=4.804576e-01
[NA] iter=00021 eval=05130 misfit=4.804737e-01 best=4.804576e-01
[NA] iter=00021 eval=05131 misfit=4.804637e-01 best=4.804576e-01
[NA] iter=00021 eval=05132 misfit=4.804701e-01 best=4.804576e-01
[NA] iter=00021 eval=05133 misfit=4.804771e-01 best=4.804576e-01
[NA] iter=00021 eval=05134 misfit=4.804684e-01 best=4.804576e-01
[NA] iter=00021 eval=05135 misfit=4.804766e-01 best=4.804576e-01
[NA] iter=00021 eval=05136 misfit=4.804707e-01 best=4.804576e-01
[NA] iter=00021 eval=05137 misfit=4.804764e-01 best=4.804576e-01
[NA] iter=00021 eval=05138 misfit=4.804685e-01 best=4.804576e-01
[NA] iter=00021 eval=05139 misfit=4.804783e-01 best=4.804576e-01
[NA] iter=00021 eval=05140 misfit=4.804663e-01 best=4.804576e-01
[NA] iter=00021 eval=05141 misfit=4.804716e-01 best=4.804576e-01
[NA] iter=00021 eval=05142 misfit=4.804829e-01 best=4.804576e-01
[NA] iter=00021 eval=05143 misfit=4.804697e-01 best=4.804576e-01
[NA] iter=00021 eval=05144 misfit=4.807153e-01 best=4.804576e-01
[NA] iter=00021 eval=05145 misfit=4.804735e-01 best=4.804576e-01
[NA] iter=00021 eval=05146 misfit=4.804734e-01 best=4.804576e-01
[NA] iter=00021 eval=05147 misfit=4.804722e-01 best=4.804576e-01
[NA] iter=00021 eval=05148 misfit=4.804801e-01 best=4.804576e-01
[NA] iter=00021 eval=05149 misfit=4.804748e-01 best=4.804576e-01
[NA] iter=00021 eval=05150 misfit=4.804689e-01 best=4.804576e-01
[NA] iter=00021 eval=05151 misfit=4.804701e-01 best=4.804576e-01
[NA] iter=00021 eval=05152 misfit=4.804704e-01 best=4.804576e-01
[NA] iter=00021 eval=05153 misfit=4.804668e-01 best=4.804576e-01
[NA] iter=00021 eval=05154 misfit=4.804644e-01 best=4.804576e-01
[NA] iter=00021 eval=05155 misfit=4.804698e-01 best=4.804576e-01
[NA] iter=00021 eval=05156 misfit=4.804675e-01 best=4.804576e-01
[NA] iter=00021 eval=05157 misfit=4.804696e-01 best=4.804576e-01
[NA] iter=00021 eval=05158 misfit=4.804683e-01 best=4.804576e-01
[NA] iter=00021 eval=05159 misfit=4.804718e-01 best=4.804576e-01
[NA] iter=00021 eval=05160 misfit=4.804666e-01 best=4.804576e-01
[NA] iter=00021 eval=05161 misfit=4.804655e-01 best=4.804576e-01
[NA] iter=00021 eval=05162 misfit=4.804710e-01 best=4.804576e-01
[NA] iter=00021 eval=05163 misfit=4.804852e-01 best=4.804576e-01
[NA] iter=00021 eval=05164 misfit=4.804799e-01 best=4.804576e-01
[NA] iter=00021 eval=05165 misfit=4.804648e-01 best=4.804576e-01
[NA] iter=00021 eval=05166 misfit=4.807510e-01 best=4.804576e-01
[NA] iter=00021 eval=05167 misfit=4.808787e-01 best=4.804576e-01
[NA] iter=00021 eval=05168 misfit=4.804661e-01 best=4.804576e-01
[NA] iter=00021 eval=05169 misfit=4.808761e-01 best=4.804576e-01
[NA] iter=00021 eval=05170 misfit=4.808653e-01 best=4.804576e-01
[NA] iter=00021 eval=05171 misfit=4.804695e-01 best=4.804576e-01
[NA] iter=00021 eval=05172 misfit=4.804782e-01 best=4.804576e-01
[NA] iter=00021 eval=05173 misfit=4.804775e-01 best=4.804576e-01
[NA] iter=00021 eval=05174 misfit=4.804673e-01 best=4.804576e-01
[NA] iter=00021 eval=05175 misfit=4.804659e-01 best=4.804576e-01
[NA] iter=00021 eval=05176 misfit=4.807335e-01 best=4.804576e-01
[NA] iter=00021 eval=05177 misfit=4.804701e-01 best=4.804576e-01
[NA] iter=00021 eval=05178 misfit=4.804768e-01 best=4.804576e-01
[NA] iter=00021 eval=05179 misfit=4.807288e-01 best=4.804576e-01
[NA] iter=00021 eval=05180 misfit=4.804669e-01 best=4.804576e-01
[NA] iter=00021 eval=05181 misfit=4.804687e-01 best=4.804576e-01
[NA] iter=00021 eval=05182 misfit=4.808844e-01 best=4.804576e-01
[NA] iter=00021 eval=05183 misfit=4.808719e-01 best=4.804576e-01
[NA] iter=00021 eval=05184 misfit=4.804720e-01 best=4.804576e-01
[NA] iter=00021 eval=05185 misfit=4.804694e-01 best=4.804576e-01
[NA] iter=00021 eval=05186 misfit=4.808717e-01 best=4.804576e-01
[NA] iter=00021 eval=05187 misfit=4.808766e-01 best=4.804576e-01
[NA] iter=00021 eval=05188 misfit=4.804690e-01 best=4.804576e-01
[NA] iter=00021 eval=05189 misfit=4.804786e-01 best=4.804576e-01
[NA] iter=00021 eval=05190 misfit=4.808830e-01 best=4.804576e-01
[NA] iter=00021 eval=05191 misfit=4.804695e-01 best=4.804576e-01
[NA] iter=00021 eval=05192 misfit=4.804644e-01 best=4.804576e-01
[NA] iter=00021 eval=05193 misfit=4.804607e-01 best=4.804576e-01
[NA] iter=00021 eval=05194 misfit=4.804694e-01 best=4.804576e-01
[NA] iter=00021 eval=05195 misfit=4.804791e-01 best=4.804576e-01
[NA] iter=00021 eval=05196 misfit=4.804710e-01 best=4.804576e-01
[NA] iter=00021 eval=05197 misfit=4.804714e-01 best=4.804576e-01
[NA] iter=00021 eval=05198 misfit=4.804721e-01 best=4.804576e-01
[NA] iter=00021 eval=05199 misfit=4.804663e-01 best=4.804576e-01
[NA] iter=00021 eval=05200 misfit=4.804690e-01 best=4.804576e-01
NAI - Optimisation Loop:  70%|███████   | 21/30 [47:46<20:26, 136.29s/it][NA] iter=00022 eval=05201 misfit=4.808675e-01 best=4.804576e-01
[NA] iter=00022 eval=05202 misfit=4.808703e-01 best=4.804576e-01
[NA] iter=00022 eval=05203 misfit=4.804605e-01 best=4.804576e-01
[NA] iter=00022 eval=05204 misfit=4.804703e-01 best=4.804576e-01
[NA] iter=00022 eval=05205 misfit=4.808706e-01 best=4.804576e-01
[NA] iter=00022 eval=05206 misfit=4.808724e-01 best=4.804576e-01
[NA] iter=00022 eval=05207 misfit=4.808700e-01 best=4.804576e-01
[NA] iter=00022 eval=05208 misfit=4.804588e-01 best=4.804576e-01
[NA] iter=00022 eval=05209 misfit=4.808713e-01 best=4.804576e-01
[NA] iter=00022 eval=05210 misfit=4.804580e-01 best=4.804576e-01
[NA] iter=00022 eval=05211 misfit=4.804590e-01 best=4.804576e-01
[NA] iter=00022 eval=05212 misfit=4.804719e-01 best=4.804576e-01
[NA] iter=00022 eval=05213 misfit=4.804640e-01 best=4.804576e-01
[NA] iter=00022 eval=05214 misfit=4.804660e-01 best=4.804576e-01
[NA] iter=00022 eval=05215 misfit=4.804713e-01 best=4.804576e-01
[NA] iter=00022 eval=05216 misfit=4.804654e-01 best=4.804576e-01
[NA] iter=00022 eval=05217 misfit=4.804724e-01 best=4.804576e-01
[NA] iter=00022 eval=05218 misfit=4.804689e-01 best=4.804576e-01
[NA] iter=00022 eval=05219 misfit=4.804654e-01 best=4.804576e-01
[NA] iter=00022 eval=05220 misfit=4.804653e-01 best=4.804576e-01
[NA] iter=00022 eval=05221 misfit=4.804677e-01 best=4.804576e-01
[NA] iter=00022 eval=05222 misfit=4.804585e-01 best=4.804576e-01
[NA] iter=00022 eval=05223 misfit=4.804659e-01 best=4.804576e-01
[NA] iter=00022 eval=05224 misfit=4.804662e-01 best=4.804576e-01
[NA] iter=00022 eval=05225 misfit=4.804605e-01 best=4.804576e-01
[NA] iter=00022 eval=05226 misfit=4.804621e-01 best=4.804576e-01
[NA] iter=00022 eval=05227 misfit=4.804615e-01 best=4.804576e-01
[NA] iter=00022 eval=05228 misfit=4.804614e-01 best=4.804576e-01
[NA] iter=00022 eval=05229 misfit=4.804666e-01 best=4.804576e-01
[NA] iter=00022 eval=05230 misfit=4.804647e-01 best=4.804576e-01
[NA] iter=00022 eval=05231 misfit=4.804608e-01 best=4.804576e-01
[NA] iter=00022 eval=05232 misfit=4.804662e-01 best=4.804576e-01
[NA] iter=00022 eval=05233 misfit=4.804577e-01 best=4.804576e-01
[NA] iter=00022 eval=05234 misfit=4.804595e-01 best=4.804576e-01
[NA] iter=00022 eval=05235 misfit=4.804607e-01 best=4.804576e-01
[NA] iter=00022 eval=05236 misfit=4.804625e-01 best=4.804576e-01
[NA] iter=00022 eval=05237 misfit=4.804667e-01 best=4.804576e-01
[NA] iter=00022 eval=05238 misfit=4.804599e-01 best=4.804576e-01
[NA] iter=00022 eval=05239 misfit=4.804597e-01 best=4.804576e-01
[NA] iter=00022 eval=05240 misfit=4.804591e-01 best=4.804576e-01
[NA] iter=00022 eval=05241 misfit=4.804686e-01 best=4.804576e-01
[NA] iter=00022 eval=05242 misfit=4.804706e-01 best=4.804576e-01
[NA] iter=00022 eval=05243 misfit=4.804659e-01 best=4.804576e-01
[NA] iter=00022 eval=05244 misfit=4.804746e-01 best=4.804576e-01
[NA] iter=00022 eval=05245 misfit=4.804573e-01 best=4.804573e-01
[NA] iter=00022 eval=05246 misfit=4.804749e-01 best=4.804573e-01
[NA] iter=00022 eval=05247 misfit=4.804686e-01 best=4.804573e-01
[NA] iter=00022 eval=05248 misfit=4.804718e-01 best=4.804573e-01
[NA] iter=00022 eval=05249 misfit=4.804746e-01 best=4.804573e-01
[NA] iter=00022 eval=05250 misfit=4.804683e-01 best=4.804573e-01
[NA] iter=00022 eval=05251 misfit=4.804668e-01 best=4.804573e-01
[NA] iter=00022 eval=05252 misfit=4.804957e-01 best=4.804573e-01
[NA] iter=00022 eval=05253 misfit=4.804715e-01 best=4.804573e-01
[NA] iter=00022 eval=05254 misfit=4.804697e-01 best=4.804573e-01
[NA] iter=00022 eval=05255 misfit=4.804675e-01 best=4.804573e-01
[NA] iter=00022 eval=05256 misfit=4.804832e-01 best=4.804573e-01
[NA] iter=00022 eval=05257 misfit=4.804688e-01 best=4.804573e-01
[NA] iter=00022 eval=05258 misfit=4.804758e-01 best=4.804573e-01
[NA] iter=00022 eval=05259 misfit=4.804704e-01 best=4.804573e-01
[NA] iter=00022 eval=05260 misfit=4.804887e-01 best=4.804573e-01
[NA] iter=00022 eval=05261 misfit=4.804724e-01 best=4.804573e-01
[NA] iter=00022 eval=05262 misfit=4.804623e-01 best=4.804573e-01
[NA] iter=00022 eval=05263 misfit=4.804690e-01 best=4.804573e-01
[NA] iter=00022 eval=05264 misfit=4.804718e-01 best=4.804573e-01
[NA] iter=00022 eval=05265 misfit=4.804698e-01 best=4.804573e-01
[NA] iter=00022 eval=05266 misfit=4.804632e-01 best=4.804573e-01
[NA] iter=00022 eval=05267 misfit=4.804684e-01 best=4.804573e-01
[NA] iter=00022 eval=05268 misfit=4.804695e-01 best=4.804573e-01
[NA] iter=00022 eval=05269 misfit=4.804618e-01 best=4.804573e-01
[NA] iter=00022 eval=05270 misfit=4.804679e-01 best=4.804573e-01
[NA] iter=00022 eval=05271 misfit=4.807251e-01 best=4.804573e-01
[NA] iter=00022 eval=05272 misfit=4.807348e-01 best=4.804573e-01
[NA] iter=00022 eval=05273 misfit=4.807307e-01 best=4.804573e-01
[NA] iter=00022 eval=05274 misfit=4.807321e-01 best=4.804573e-01
[NA] iter=00022 eval=05275 misfit=4.807236e-01 best=4.804573e-01
[NA] iter=00022 eval=05276 misfit=4.807334e-01 best=4.804573e-01
[NA] iter=00022 eval=05277 misfit=4.807226e-01 best=4.804573e-01
[NA] iter=00022 eval=05278 misfit=4.807277e-01 best=4.804573e-01
[NA] iter=00022 eval=05279 misfit=4.804627e-01 best=4.804573e-01
[NA] iter=00022 eval=05280 misfit=4.807260e-01 best=4.804573e-01
[NA] iter=00022 eval=05281 misfit=4.804706e-01 best=4.804573e-01
[NA] iter=00022 eval=05282 misfit=4.804708e-01 best=4.804573e-01
[NA] iter=00022 eval=05283 misfit=4.808802e-01 best=4.804573e-01
[NA] iter=00022 eval=05284 misfit=4.808797e-01 best=4.804573e-01
[NA] iter=00022 eval=05285 misfit=4.804676e-01 best=4.804573e-01
[NA] iter=00022 eval=05286 misfit=4.808768e-01 best=4.804573e-01
[NA] iter=00022 eval=05287 misfit=4.808779e-01 best=4.804573e-01
[NA] iter=00022 eval=05288 misfit=4.804717e-01 best=4.804573e-01
[NA] iter=00022 eval=05289 misfit=4.808851e-01 best=4.804573e-01
[NA] iter=00022 eval=05290 misfit=4.804704e-01 best=4.804573e-01
[NA] iter=00022 eval=05291 misfit=4.804656e-01 best=4.804573e-01
[NA] iter=00022 eval=05292 misfit=4.804682e-01 best=4.804573e-01
[NA] iter=00022 eval=05293 misfit=4.804675e-01 best=4.804573e-01
[NA] iter=00022 eval=05294 misfit=4.804662e-01 best=4.804573e-01
[NA] iter=00022 eval=05295 misfit=4.804631e-01 best=4.804573e-01
[NA] iter=00022 eval=05296 misfit=4.804770e-01 best=4.804573e-01
[NA] iter=00022 eval=05297 misfit=4.804664e-01 best=4.804573e-01
[NA] iter=00022 eval=05298 misfit=4.804648e-01 best=4.804573e-01
[NA] iter=00022 eval=05299 misfit=4.804673e-01 best=4.804573e-01
[NA] iter=00022 eval=05300 misfit=4.804649e-01 best=4.804573e-01
[NA] iter=00022 eval=05301 misfit=4.804615e-01 best=4.804573e-01
[NA] iter=00022 eval=05302 misfit=4.804724e-01 best=4.804573e-01
[NA] iter=00022 eval=05303 misfit=4.804744e-01 best=4.804573e-01
[NA] iter=00022 eval=05304 misfit=4.804671e-01 best=4.804573e-01
[NA] iter=00022 eval=05305 misfit=4.804660e-01 best=4.804573e-01
[NA] iter=00022 eval=05306 misfit=4.808824e-01 best=4.804573e-01
[NA] iter=00022 eval=05307 misfit=4.804661e-01 best=4.804573e-01
[NA] iter=00022 eval=05308 misfit=4.804695e-01 best=4.804573e-01
[NA] iter=00022 eval=05309 misfit=4.808800e-01 best=4.804573e-01
[NA] iter=00022 eval=05310 misfit=4.804737e-01 best=4.804573e-01
[NA] iter=00022 eval=05311 misfit=4.804706e-01 best=4.804573e-01
[NA] iter=00022 eval=05312 misfit=4.804685e-01 best=4.804573e-01
[NA] iter=00022 eval=05313 misfit=4.804812e-01 best=4.804573e-01
[NA] iter=00022 eval=05314 misfit=4.804707e-01 best=4.804573e-01
[NA] iter=00022 eval=05315 misfit=4.804695e-01 best=4.804573e-01
[NA] iter=00022 eval=05316 misfit=4.804802e-01 best=4.804573e-01
[NA] iter=00022 eval=05317 misfit=4.804695e-01 best=4.804573e-01
[NA] iter=00022 eval=05318 misfit=4.804665e-01 best=4.804573e-01
[NA] iter=00022 eval=05319 misfit=4.804680e-01 best=4.804573e-01
[NA] iter=00022 eval=05320 misfit=4.804642e-01 best=4.804573e-01
[NA] iter=00022 eval=05321 misfit=4.807322e-01 best=4.804573e-01
[NA] iter=00022 eval=05322 misfit=4.804618e-01 best=4.804573e-01
[NA] iter=00022 eval=05323 misfit=4.804624e-01 best=4.804573e-01
[NA] iter=00022 eval=05324 misfit=4.804688e-01 best=4.804573e-01
[NA] iter=00022 eval=05325 misfit=4.804591e-01 best=4.804573e-01
[NA] iter=00022 eval=05326 misfit=4.804637e-01 best=4.804573e-01
[NA] iter=00022 eval=05327 misfit=4.804587e-01 best=4.804573e-01
[NA] iter=00022 eval=05328 misfit=4.804682e-01 best=4.804573e-01
[NA] iter=00022 eval=05329 misfit=4.808691e-01 best=4.804573e-01
[NA] iter=00022 eval=05330 misfit=4.804673e-01 best=4.804573e-01
[NA] iter=00022 eval=05331 misfit=4.804610e-01 best=4.804573e-01
[NA] iter=00022 eval=05332 misfit=4.804686e-01 best=4.804573e-01
[NA] iter=00022 eval=05333 misfit=4.804600e-01 best=4.804573e-01
[NA] iter=00022 eval=05334 misfit=4.804681e-01 best=4.804573e-01
[NA] iter=00022 eval=05335 misfit=4.804616e-01 best=4.804573e-01
[NA] iter=00022 eval=05336 misfit=4.804652e-01 best=4.804573e-01
[NA] iter=00022 eval=05337 misfit=4.804602e-01 best=4.804573e-01
[NA] iter=00022 eval=05338 misfit=4.808680e-01 best=4.804573e-01
[NA] iter=00022 eval=05339 misfit=4.808672e-01 best=4.804573e-01
[NA] iter=00022 eval=05340 misfit=4.804687e-01 best=4.804573e-01
[NA] iter=00022 eval=05341 misfit=4.804683e-01 best=4.804573e-01
[NA] iter=00022 eval=05342 misfit=4.804795e-01 best=4.804573e-01
[NA] iter=00022 eval=05343 misfit=4.807338e-01 best=4.804573e-01
[NA] iter=00022 eval=05344 misfit=4.804724e-01 best=4.804573e-01
[NA] iter=00022 eval=05345 misfit=4.804674e-01 best=4.804573e-01
[NA] iter=00022 eval=05346 misfit=4.808727e-01 best=4.804573e-01
[NA] iter=00022 eval=05347 misfit=4.808682e-01 best=4.804573e-01
[NA] iter=00022 eval=05348 misfit=4.808711e-01 best=4.804573e-01
[NA] iter=00022 eval=05349 misfit=4.808700e-01 best=4.804573e-01
[NA] iter=00022 eval=05350 misfit=4.808688e-01 best=4.804573e-01
[NA] iter=00022 eval=05351 misfit=4.804800e-01 best=4.804573e-01
[NA] iter=00022 eval=05352 misfit=4.804769e-01 best=4.804573e-01
[NA] iter=00022 eval=05353 misfit=4.804613e-01 best=4.804573e-01
[NA] iter=00022 eval=05354 misfit=4.804900e-01 best=4.804573e-01
[NA] iter=00022 eval=05355 misfit=4.804763e-01 best=4.804573e-01
[NA] iter=00022 eval=05356 misfit=4.804576e-01 best=4.804573e-01
[NA] iter=00022 eval=05357 misfit=4.804600e-01 best=4.804573e-01
[NA] iter=00022 eval=05358 misfit=4.804745e-01 best=4.804573e-01
[NA] iter=00022 eval=05359 misfit=4.804679e-01 best=4.804573e-01
[NA] iter=00022 eval=05360 misfit=4.804666e-01 best=4.804573e-01
[NA] iter=00022 eval=05361 misfit=4.807210e-01 best=4.804573e-01
[NA] iter=00022 eval=05362 misfit=4.804771e-01 best=4.804573e-01
[NA] iter=00022 eval=05363 misfit=4.807275e-01 best=4.804573e-01
[NA] iter=00022 eval=05364 misfit=4.807396e-01 best=4.804573e-01
[NA] iter=00022 eval=05365 misfit=4.804778e-01 best=4.804573e-01
[NA] iter=00022 eval=05366 misfit=4.804688e-01 best=4.804573e-01
[NA] iter=00022 eval=05367 misfit=4.807334e-01 best=4.804573e-01
[NA] iter=00022 eval=05368 misfit=4.804768e-01 best=4.804573e-01
[NA] iter=00022 eval=05369 misfit=4.807287e-01 best=4.804573e-01
[NA] iter=00022 eval=05370 misfit=4.807290e-01 best=4.804573e-01
[NA] iter=00022 eval=05371 misfit=4.811157e-01 best=4.804573e-01
[NA] iter=00022 eval=05372 misfit=4.804833e-01 best=4.804573e-01
[NA] iter=00022 eval=05373 misfit=4.808855e-01 best=4.804573e-01
[NA] iter=00022 eval=05374 misfit=4.808832e-01 best=4.804573e-01
[NA] iter=00022 eval=05375 misfit=4.808752e-01 best=4.804573e-01
[NA] iter=00022 eval=05376 misfit=4.808821e-01 best=4.804573e-01
[NA] iter=00022 eval=05377 misfit=4.807415e-01 best=4.804573e-01
[NA] iter=00022 eval=05378 misfit=4.807319e-01 best=4.804573e-01
[NA] iter=00022 eval=05379 misfit=4.808836e-01 best=4.804573e-01
[NA] iter=00022 eval=05380 misfit=4.808808e-01 best=4.804573e-01
[NA] iter=00022 eval=05381 misfit=4.808741e-01 best=4.804573e-01
[NA] iter=00022 eval=05382 misfit=4.808746e-01 best=4.804573e-01
[NA] iter=00022 eval=05383 misfit=4.804682e-01 best=4.804573e-01
[NA] iter=00022 eval=05384 misfit=4.804681e-01 best=4.804573e-01
[NA] iter=00022 eval=05385 misfit=4.804632e-01 best=4.804573e-01
[NA] iter=00022 eval=05386 misfit=4.804717e-01 best=4.804573e-01
[NA] iter=00022 eval=05387 misfit=4.808744e-01 best=4.804573e-01
[NA] iter=00022 eval=05388 misfit=4.808750e-01 best=4.804573e-01
[NA] iter=00022 eval=05389 misfit=4.808807e-01 best=4.804573e-01
[NA] iter=00022 eval=05390 misfit=4.804617e-01 best=4.804573e-01
[NA] iter=00022 eval=05391 misfit=4.804649e-01 best=4.804573e-01
[NA] iter=00022 eval=05392 misfit=4.804628e-01 best=4.804573e-01
[NA] iter=00022 eval=05393 misfit=4.804635e-01 best=4.804573e-01
[NA] iter=00022 eval=05394 misfit=4.804635e-01 best=4.804573e-01
[NA] iter=00022 eval=05395 misfit=4.804632e-01 best=4.804573e-01
[NA] iter=00022 eval=05396 misfit=4.804635e-01 best=4.804573e-01
[NA] iter=00022 eval=05397 misfit=4.804625e-01 best=4.804573e-01
[NA] iter=00022 eval=05398 misfit=4.804647e-01 best=4.804573e-01
[NA] iter=00022 eval=05399 misfit=4.804678e-01 best=4.804573e-01
[NA] iter=00022 eval=05400 misfit=4.804637e-01 best=4.804573e-01
NAI - Optimisation Loop:  73%|███████▎  | 22/30 [50:01<18:06, 135.83s/it][NA] iter=00023 eval=05401 misfit=4.804702e-01 best=4.804573e-01
[NA] iter=00023 eval=05402 misfit=4.804717e-01 best=4.804573e-01
[NA] iter=00023 eval=05403 misfit=4.804572e-01 best=4.804572e-01
[NA] iter=00023 eval=05404 misfit=4.804623e-01 best=4.804572e-01
[NA] iter=00023 eval=05405 misfit=4.804734e-01 best=4.804572e-01
[NA] iter=00023 eval=05406 misfit=4.804669e-01 best=4.804572e-01
[NA] iter=00023 eval=05407 misfit=4.804671e-01 best=4.804572e-01
[NA] iter=00023 eval=05408 misfit=4.804658e-01 best=4.804572e-01
[NA] iter=00023 eval=05409 misfit=4.804684e-01 best=4.804572e-01
[NA] iter=00023 eval=05410 misfit=4.804686e-01 best=4.804572e-01
[NA] iter=00023 eval=05411 misfit=4.804603e-01 best=4.804572e-01
[NA] iter=00023 eval=05412 misfit=4.804691e-01 best=4.804572e-01
[NA] iter=00023 eval=05413 misfit=4.804614e-01 best=4.804572e-01
[NA] iter=00023 eval=05414 misfit=4.804638e-01 best=4.804572e-01
[NA] iter=00023 eval=05415 misfit=4.804624e-01 best=4.804572e-01
[NA] iter=00023 eval=05416 misfit=4.804677e-01 best=4.804572e-01
[NA] iter=00023 eval=05417 misfit=4.804595e-01 best=4.804572e-01
[NA] iter=00023 eval=05418 misfit=4.804614e-01 best=4.804572e-01
[NA] iter=00023 eval=05419 misfit=4.804650e-01 best=4.804572e-01
[NA] iter=00023 eval=05420 misfit=4.804665e-01 best=4.804572e-01
[NA] iter=00023 eval=05421 misfit=4.808669e-01 best=4.804572e-01
[NA] iter=00023 eval=05422 misfit=4.808692e-01 best=4.804572e-01
[NA] iter=00023 eval=05423 misfit=4.808669e-01 best=4.804572e-01
[NA] iter=00023 eval=05424 misfit=4.808678e-01 best=4.804572e-01
[NA] iter=00023 eval=05425 misfit=4.804602e-01 best=4.804572e-01
[NA] iter=00023 eval=05426 misfit=4.804581e-01 best=4.804572e-01
[NA] iter=00023 eval=05427 misfit=4.804583e-01 best=4.804572e-01
[NA] iter=00023 eval=05428 misfit=4.808701e-01 best=4.804572e-01
[NA] iter=00023 eval=05429 misfit=4.804647e-01 best=4.804572e-01
[NA] iter=00023 eval=05430 misfit=4.804595e-01 best=4.804572e-01
[NA] iter=00023 eval=05431 misfit=4.804599e-01 best=4.804572e-01
[NA] iter=00023 eval=05432 misfit=4.804653e-01 best=4.804572e-01
[NA] iter=00023 eval=05433 misfit=4.804637e-01 best=4.804572e-01
[NA] iter=00023 eval=05434 misfit=4.804633e-01 best=4.804572e-01
[NA] iter=00023 eval=05435 misfit=4.804584e-01 best=4.804572e-01
[NA] iter=00023 eval=05436 misfit=4.804591e-01 best=4.804572e-01
[NA] iter=00023 eval=05437 misfit=4.804584e-01 best=4.804572e-01
[NA] iter=00023 eval=05438 misfit=4.804576e-01 best=4.804572e-01
[NA] iter=00023 eval=05439 misfit=4.804577e-01 best=4.804572e-01
[NA] iter=00023 eval=05440 misfit=4.804633e-01 best=4.804572e-01
[NA] iter=00023 eval=05441 misfit=4.804625e-01 best=4.804572e-01
[NA] iter=00023 eval=05442 misfit=4.804577e-01 best=4.804572e-01
[NA] iter=00023 eval=05443 misfit=4.804588e-01 best=4.804572e-01
[NA] iter=00023 eval=05444 misfit=4.804621e-01 best=4.804572e-01
[NA] iter=00023 eval=05445 misfit=4.804615e-01 best=4.804572e-01
[NA] iter=00023 eval=05446 misfit=4.804634e-01 best=4.804572e-01
[NA] iter=00023 eval=05447 misfit=4.804621e-01 best=4.804572e-01
[NA] iter=00023 eval=05448 misfit=4.804595e-01 best=4.804572e-01
[NA] iter=00023 eval=05449 misfit=4.804619e-01 best=4.804572e-01
[NA] iter=00023 eval=05450 misfit=4.804607e-01 best=4.804572e-01
[NA] iter=00023 eval=05451 misfit=4.807216e-01 best=4.804572e-01
[NA] iter=00023 eval=05452 misfit=4.807243e-01 best=4.804572e-01
[NA] iter=00023 eval=05453 misfit=4.804574e-01 best=4.804572e-01
[NA] iter=00023 eval=05454 misfit=4.807221e-01 best=4.804572e-01
[NA] iter=00023 eval=05455 misfit=4.808573e-01 best=4.804572e-01
[NA] iter=00023 eval=05456 misfit=4.807292e-01 best=4.804572e-01
[NA] iter=00023 eval=05457 misfit=4.807229e-01 best=4.804572e-01
[NA] iter=00023 eval=05458 misfit=4.804582e-01 best=4.804572e-01
[NA] iter=00023 eval=05459 misfit=4.807216e-01 best=4.804572e-01
[NA] iter=00023 eval=05460 misfit=4.807294e-01 best=4.804572e-01
[NA] iter=00023 eval=05461 misfit=4.807230e-01 best=4.804572e-01
[NA] iter=00023 eval=05462 misfit=4.804621e-01 best=4.804572e-01
[NA] iter=00023 eval=05463 misfit=4.807215e-01 best=4.804572e-01
[NA] iter=00023 eval=05464 misfit=4.804609e-01 best=4.804572e-01
[NA] iter=00023 eval=05465 misfit=4.804678e-01 best=4.804572e-01
[NA] iter=00023 eval=05466 misfit=4.804626e-01 best=4.804572e-01
[NA] iter=00023 eval=05467 misfit=4.804674e-01 best=4.804572e-01
[NA] iter=00023 eval=05468 misfit=4.807230e-01 best=4.804572e-01
[NA] iter=00023 eval=05469 misfit=4.807214e-01 best=4.804572e-01
[NA] iter=00023 eval=05470 misfit=4.804626e-01 best=4.804572e-01
[NA] iter=00023 eval=05471 misfit=4.807382e-01 best=4.804572e-01
[NA] iter=00023 eval=05472 misfit=4.808685e-01 best=4.804572e-01
[NA] iter=00023 eval=05473 misfit=4.808615e-01 best=4.804572e-01
[NA] iter=00023 eval=05474 misfit=4.804589e-01 best=4.804572e-01
[NA] iter=00023 eval=05475 misfit=4.804626e-01 best=4.804572e-01
[NA] iter=00023 eval=05476 misfit=4.804624e-01 best=4.804572e-01
[NA] iter=00023 eval=05477 misfit=4.808598e-01 best=4.804572e-01
[NA] iter=00023 eval=05478 misfit=4.808597e-01 best=4.804572e-01
[NA] iter=00023 eval=05479 misfit=4.804626e-01 best=4.804572e-01
[NA] iter=00023 eval=05480 misfit=4.804600e-01 best=4.804572e-01
[NA] iter=00023 eval=05481 misfit=4.804619e-01 best=4.804572e-01
[NA] iter=00023 eval=05482 misfit=4.804590e-01 best=4.804572e-01
[NA] iter=00023 eval=05483 misfit=4.804595e-01 best=4.804572e-01
[NA] iter=00023 eval=05484 misfit=4.804588e-01 best=4.804572e-01
[NA] iter=00023 eval=05485 misfit=4.804593e-01 best=4.804572e-01
[NA] iter=00023 eval=05486 misfit=4.808635e-01 best=4.804572e-01
[NA] iter=00023 eval=05487 misfit=4.804606e-01 best=4.804572e-01
[NA] iter=00023 eval=05488 misfit=4.804629e-01 best=4.804572e-01
[NA] iter=00023 eval=05489 misfit=4.804593e-01 best=4.804572e-01
[NA] iter=00023 eval=05490 misfit=4.804696e-01 best=4.804572e-01
[NA] iter=00023 eval=05491 misfit=4.804726e-01 best=4.804572e-01
[NA] iter=00023 eval=05492 misfit=4.804701e-01 best=4.804572e-01
[NA] iter=00023 eval=05493 misfit=4.804640e-01 best=4.804572e-01
[NA] iter=00023 eval=05494 misfit=4.804681e-01 best=4.804572e-01
[NA] iter=00023 eval=05495 misfit=4.804667e-01 best=4.804572e-01
[NA] iter=00023 eval=05496 misfit=4.804701e-01 best=4.804572e-01
[NA] iter=00023 eval=05497 misfit=4.804694e-01 best=4.804572e-01
[NA] iter=00023 eval=05498 misfit=4.804650e-01 best=4.804572e-01
[NA] iter=00023 eval=05499 misfit=4.804609e-01 best=4.804572e-01
[NA] iter=00023 eval=05500 misfit=4.804702e-01 best=4.804572e-01
[NA] iter=00023 eval=05501 misfit=4.804590e-01 best=4.804572e-01
[NA] iter=00023 eval=05502 misfit=4.804658e-01 best=4.804572e-01
[NA] iter=00023 eval=05503 misfit=4.804650e-01 best=4.804572e-01
[NA] iter=00023 eval=05504 misfit=4.804667e-01 best=4.804572e-01
[NA] iter=00023 eval=05505 misfit=4.804631e-01 best=4.804572e-01
[NA] iter=00023 eval=05506 misfit=4.804622e-01 best=4.804572e-01
[NA] iter=00023 eval=05507 misfit=4.804597e-01 best=4.804572e-01
[NA] iter=00023 eval=05508 misfit=4.804588e-01 best=4.804572e-01
[NA] iter=00023 eval=05509 misfit=4.804664e-01 best=4.804572e-01
[NA] iter=00023 eval=05510 misfit=4.804611e-01 best=4.804572e-01
[NA] iter=00023 eval=05511 misfit=4.808710e-01 best=4.804572e-01
[NA] iter=00023 eval=05512 misfit=4.804593e-01 best=4.804572e-01
[NA] iter=00023 eval=05513 misfit=4.808719e-01 best=4.804572e-01
[NA] iter=00023 eval=05514 misfit=4.804597e-01 best=4.804572e-01
[NA] iter=00023 eval=05515 misfit=4.804616e-01 best=4.804572e-01
[NA] iter=00023 eval=05516 misfit=4.804676e-01 best=4.804572e-01
[NA] iter=00023 eval=05517 misfit=4.804590e-01 best=4.804572e-01
[NA] iter=00023 eval=05518 misfit=4.808666e-01 best=4.804572e-01
[NA] iter=00023 eval=05519 misfit=4.808726e-01 best=4.804572e-01
[NA] iter=00023 eval=05520 misfit=4.804606e-01 best=4.804572e-01
[NA] iter=00023 eval=05521 misfit=4.804604e-01 best=4.804572e-01
[NA] iter=00023 eval=05522 misfit=4.804587e-01 best=4.804572e-01
[NA] iter=00023 eval=05523 misfit=4.808697e-01 best=4.804572e-01
[NA] iter=00023 eval=05524 misfit=4.804628e-01 best=4.804572e-01
[NA] iter=00023 eval=05525 misfit=4.804589e-01 best=4.804572e-01
[NA] iter=00023 eval=05526 misfit=4.804619e-01 best=4.804572e-01
[NA] iter=00023 eval=05527 misfit=4.808673e-01 best=4.804572e-01
[NA] iter=00023 eval=05528 misfit=4.804621e-01 best=4.804572e-01
[NA] iter=00023 eval=05529 misfit=4.804628e-01 best=4.804572e-01
[NA] iter=00023 eval=05530 misfit=4.808670e-01 best=4.804572e-01
[NA] iter=00023 eval=05531 misfit=4.804609e-01 best=4.804572e-01
[NA] iter=00023 eval=05532 misfit=4.804608e-01 best=4.804572e-01
[NA] iter=00023 eval=05533 misfit=4.804605e-01 best=4.804572e-01
[NA] iter=00023 eval=05534 misfit=4.804666e-01 best=4.804572e-01
[NA] iter=00023 eval=05535 misfit=4.804590e-01 best=4.804572e-01
[NA] iter=00023 eval=05536 misfit=4.804590e-01 best=4.804572e-01
[NA] iter=00023 eval=05537 misfit=4.804615e-01 best=4.804572e-01
[NA] iter=00023 eval=05538 misfit=4.804591e-01 best=4.804572e-01
[NA] iter=00023 eval=05539 misfit=4.804595e-01 best=4.804572e-01
[NA] iter=00023 eval=05540 misfit=4.804616e-01 best=4.804572e-01
[NA] iter=00023 eval=05541 misfit=4.804686e-01 best=4.804572e-01
[NA] iter=00023 eval=05542 misfit=4.804643e-01 best=4.804572e-01
[NA] iter=00023 eval=05543 misfit=4.804593e-01 best=4.804572e-01
[NA] iter=00023 eval=05544 misfit=4.804595e-01 best=4.804572e-01
[NA] iter=00023 eval=05545 misfit=4.804661e-01 best=4.804572e-01
[NA] iter=00023 eval=05546 misfit=4.804672e-01 best=4.804572e-01
[NA] iter=00023 eval=05547 misfit=4.804610e-01 best=4.804572e-01
[NA] iter=00023 eval=05548 misfit=4.804612e-01 best=4.804572e-01
[NA] iter=00023 eval=05549 misfit=4.804661e-01 best=4.804572e-01
[NA] iter=00023 eval=05550 misfit=4.804599e-01 best=4.804572e-01
[NA] iter=00023 eval=05551 misfit=4.808667e-01 best=4.804572e-01
[NA] iter=00023 eval=05552 misfit=4.808668e-01 best=4.804572e-01
[NA] iter=00023 eval=05553 misfit=4.804603e-01 best=4.804572e-01
[NA] iter=00023 eval=05554 misfit=4.804606e-01 best=4.804572e-01
[NA] iter=00023 eval=05555 misfit=4.804614e-01 best=4.804572e-01
[NA] iter=00023 eval=05556 misfit=4.804606e-01 best=4.804572e-01
[NA] iter=00023 eval=05557 misfit=4.804606e-01 best=4.804572e-01
[NA] iter=00023 eval=05558 misfit=4.804606e-01 best=4.804572e-01
[NA] iter=00023 eval=05559 misfit=4.804602e-01 best=4.804572e-01
[NA] iter=00023 eval=05560 misfit=4.808649e-01 best=4.804572e-01
[NA] iter=00023 eval=05561 misfit=4.804623e-01 best=4.804572e-01
[NA] iter=00023 eval=05562 misfit=4.804685e-01 best=4.804572e-01
[NA] iter=00023 eval=05563 misfit=4.804559e-01 best=4.804559e-01
[NA] iter=00023 eval=05564 misfit=4.804659e-01 best=4.804559e-01
[NA] iter=00023 eval=05565 misfit=4.804683e-01 best=4.804559e-01
[NA] iter=00023 eval=05566 misfit=4.804569e-01 best=4.804559e-01
[NA] iter=00023 eval=05567 misfit=4.804654e-01 best=4.804559e-01
[NA] iter=00023 eval=05568 misfit=4.804566e-01 best=4.804559e-01
[NA] iter=00023 eval=05569 misfit=4.804700e-01 best=4.804559e-01
[NA] iter=00023 eval=05570 misfit=4.804660e-01 best=4.804559e-01
[NA] iter=00023 eval=05571 misfit=4.804704e-01 best=4.804559e-01
[NA] iter=00023 eval=05572 misfit=4.804582e-01 best=4.804559e-01
[NA] iter=00023 eval=05573 misfit=4.804688e-01 best=4.804559e-01
[NA] iter=00023 eval=05574 misfit=4.804684e-01 best=4.804559e-01
[NA] iter=00023 eval=05575 misfit=4.804612e-01 best=4.804559e-01
[NA] iter=00023 eval=05576 misfit=4.804679e-01 best=4.804559e-01
[NA] iter=00023 eval=05577 misfit=4.804820e-01 best=4.804559e-01
[NA] iter=00023 eval=05578 misfit=4.804685e-01 best=4.804559e-01
[NA] iter=00023 eval=05579 misfit=4.804679e-01 best=4.804559e-01
[NA] iter=00023 eval=05580 misfit=4.804703e-01 best=4.804559e-01
[NA] iter=00023 eval=05581 misfit=4.808698e-01 best=4.804559e-01
[NA] iter=00023 eval=05582 misfit=4.804600e-01 best=4.804559e-01
[NA] iter=00023 eval=05583 misfit=4.804603e-01 best=4.804559e-01
[NA] iter=00023 eval=05584 misfit=4.804611e-01 best=4.804559e-01
[NA] iter=00023 eval=05585 misfit=4.804697e-01 best=4.804559e-01
[NA] iter=00023 eval=05586 misfit=4.804603e-01 best=4.804559e-01
[NA] iter=00023 eval=05587 misfit=4.804607e-01 best=4.804559e-01
[NA] iter=00023 eval=05588 misfit=4.808677e-01 best=4.804559e-01
[NA] iter=00023 eval=05589 misfit=4.804609e-01 best=4.804559e-01
[NA] iter=00023 eval=05590 misfit=4.808719e-01 best=4.804559e-01
[NA] iter=00023 eval=05591 misfit=4.804696e-01 best=4.804559e-01
[NA] iter=00023 eval=05592 misfit=4.804709e-01 best=4.804559e-01
[NA] iter=00023 eval=05593 misfit=4.804623e-01 best=4.804559e-01
[NA] iter=00023 eval=05594 misfit=4.808694e-01 best=4.804559e-01
[NA] iter=00023 eval=05595 misfit=4.808594e-01 best=4.804559e-01
[NA] iter=00023 eval=05596 misfit=4.804581e-01 best=4.804559e-01
[NA] iter=00023 eval=05597 misfit=4.804587e-01 best=4.804559e-01
[NA] iter=00023 eval=05598 misfit=4.804593e-01 best=4.804559e-01
[NA] iter=00023 eval=05599 misfit=4.804599e-01 best=4.804559e-01
[NA] iter=00023 eval=05600 misfit=4.804634e-01 best=4.804559e-01
NAI - Optimisation Loop:  77%|███████▋  | 23/30 [52:17<15:51, 135.94s/it][NA] iter=00024 eval=05601 misfit=4.804569e-01 best=4.804559e-01
[NA] iter=00024 eval=05602 misfit=4.804600e-01 best=4.804559e-01
[NA] iter=00024 eval=05603 misfit=4.804661e-01 best=4.804559e-01
[NA] iter=00024 eval=05604 misfit=4.804749e-01 best=4.804559e-01
[NA] iter=00024 eval=05605 misfit=4.804562e-01 best=4.804559e-01
[NA] iter=00024 eval=05606 misfit=4.804573e-01 best=4.804559e-01
[NA] iter=00024 eval=05607 misfit=4.804599e-01 best=4.804559e-01
[NA] iter=00024 eval=05608 misfit=4.804744e-01 best=4.804559e-01
[NA] iter=00024 eval=05609 misfit=4.804659e-01 best=4.804559e-01
[NA] iter=00024 eval=05610 misfit=4.804595e-01 best=4.804559e-01
[NA] iter=00024 eval=05611 misfit=4.804647e-01 best=4.804559e-01
[NA] iter=00024 eval=05612 misfit=4.804656e-01 best=4.804559e-01
[NA] iter=00024 eval=05613 misfit=4.804654e-01 best=4.804559e-01
[NA] iter=00024 eval=05614 misfit=4.804681e-01 best=4.804559e-01
[NA] iter=00024 eval=05615 misfit=4.804654e-01 best=4.804559e-01
[NA] iter=00024 eval=05616 misfit=4.804645e-01 best=4.804559e-01
[NA] iter=00024 eval=05617 misfit=4.804595e-01 best=4.804559e-01
[NA] iter=00024 eval=05618 misfit=4.804648e-01 best=4.804559e-01
[NA] iter=00024 eval=05619 misfit=4.804648e-01 best=4.804559e-01
[NA] iter=00024 eval=05620 misfit=4.804569e-01 best=4.804559e-01
[NA] iter=00024 eval=05621 misfit=4.804680e-01 best=4.804559e-01
[NA] iter=00024 eval=05622 misfit=4.804694e-01 best=4.804559e-01
[NA] iter=00024 eval=05623 misfit=4.804564e-01 best=4.804559e-01
[NA] iter=00024 eval=05624 misfit=4.804583e-01 best=4.804559e-01
[NA] iter=00024 eval=05625 misfit=4.804563e-01 best=4.804559e-01
[NA] iter=00024 eval=05626 misfit=4.804546e-01 best=4.804546e-01
[NA] iter=00024 eval=05627 misfit=4.804552e-01 best=4.804546e-01
[NA] iter=00024 eval=05628 misfit=4.804659e-01 best=4.804546e-01
[NA] iter=00024 eval=05629 misfit=4.804592e-01 best=4.804546e-01
[NA] iter=00024 eval=05630 misfit=4.804654e-01 best=4.804546e-01
[NA] iter=00024 eval=05631 misfit=4.804574e-01 best=4.804546e-01
[NA] iter=00024 eval=05632 misfit=4.804652e-01 best=4.804546e-01
[NA] iter=00024 eval=05633 misfit=4.804696e-01 best=4.804546e-01
[NA] iter=00024 eval=05634 misfit=4.804668e-01 best=4.804546e-01
[NA] iter=00024 eval=05635 misfit=4.804661e-01 best=4.804546e-01
[NA] iter=00024 eval=05636 misfit=4.804657e-01 best=4.804546e-01
[NA] iter=00024 eval=05637 misfit=4.804678e-01 best=4.804546e-01
[NA] iter=00024 eval=05638 misfit=4.804696e-01 best=4.804546e-01
[NA] iter=00024 eval=05639 misfit=4.804652e-01 best=4.804546e-01
[NA] iter=00024 eval=05640 misfit=4.804664e-01 best=4.804546e-01
[NA] iter=00024 eval=05641 misfit=4.804709e-01 best=4.804546e-01
[NA] iter=00024 eval=05642 misfit=4.804614e-01 best=4.804546e-01
[NA] iter=00024 eval=05643 misfit=4.804688e-01 best=4.804546e-01
[NA] iter=00024 eval=05644 misfit=4.804692e-01 best=4.804546e-01
[NA] iter=00024 eval=05645 misfit=4.804706e-01 best=4.804546e-01
[NA] iter=00024 eval=05646 misfit=4.804709e-01 best=4.804546e-01
[NA] iter=00024 eval=05647 misfit=4.804709e-01 best=4.804546e-01
[NA] iter=00024 eval=05648 misfit=4.804629e-01 best=4.804546e-01
[NA] iter=00024 eval=05649 misfit=4.804660e-01 best=4.804546e-01
[NA] iter=00024 eval=05650 misfit=4.804683e-01 best=4.804546e-01
[NA] iter=00024 eval=05651 misfit=4.804584e-01 best=4.804546e-01
[NA] iter=00024 eval=05652 misfit=4.804574e-01 best=4.804546e-01
[NA] iter=00024 eval=05653 misfit=4.804584e-01 best=4.804546e-01
[NA] iter=00024 eval=05654 misfit=4.808606e-01 best=4.804546e-01
[NA] iter=00024 eval=05655 misfit=4.804576e-01 best=4.804546e-01
[NA] iter=00024 eval=05656 misfit=4.804574e-01 best=4.804546e-01
[NA] iter=00024 eval=05657 misfit=4.804559e-01 best=4.804546e-01
[NA] iter=00024 eval=05658 misfit=4.804589e-01 best=4.804546e-01
[NA] iter=00024 eval=05659 misfit=4.804595e-01 best=4.804546e-01
[NA] iter=00024 eval=05660 misfit=4.804588e-01 best=4.804546e-01
[NA] iter=00024 eval=05661 misfit=4.804644e-01 best=4.804546e-01
[NA] iter=00024 eval=05662 misfit=4.804600e-01 best=4.804546e-01
[NA] iter=00024 eval=05663 misfit=4.804624e-01 best=4.804546e-01
[NA] iter=00024 eval=05664 misfit=4.804653e-01 best=4.804546e-01
[NA] iter=00024 eval=05665 misfit=4.804644e-01 best=4.804546e-01
[NA] iter=00024 eval=05666 misfit=4.804651e-01 best=4.804546e-01
[NA] iter=00024 eval=05667 misfit=4.804671e-01 best=4.804546e-01
[NA] iter=00024 eval=05668 misfit=4.804602e-01 best=4.804546e-01
[NA] iter=00024 eval=05669 misfit=4.804679e-01 best=4.804546e-01
[NA] iter=00024 eval=05670 misfit=4.804600e-01 best=4.804546e-01
[NA] iter=00024 eval=05671 misfit=4.808690e-01 best=4.804546e-01
[NA] iter=00024 eval=05672 misfit=4.804575e-01 best=4.804546e-01
[NA] iter=00024 eval=05673 misfit=4.804602e-01 best=4.804546e-01
[NA] iter=00024 eval=05674 misfit=4.804588e-01 best=4.804546e-01
[NA] iter=00024 eval=05675 misfit=4.804608e-01 best=4.804546e-01
[NA] iter=00024 eval=05676 misfit=4.808620e-01 best=4.804546e-01
[NA] iter=00024 eval=05677 misfit=4.804599e-01 best=4.804546e-01
[NA] iter=00024 eval=05678 misfit=4.808662e-01 best=4.804546e-01
[NA] iter=00024 eval=05679 misfit=4.804588e-01 best=4.804546e-01
[NA] iter=00024 eval=05680 misfit=4.808674e-01 best=4.804546e-01
[NA] iter=00024 eval=05681 misfit=4.804576e-01 best=4.804546e-01
[NA] iter=00024 eval=05682 misfit=4.804582e-01 best=4.804546e-01
[NA] iter=00024 eval=05683 misfit=4.804651e-01 best=4.804546e-01
[NA] iter=00024 eval=05684 misfit=4.804617e-01 best=4.804546e-01
[NA] iter=00024 eval=05685 misfit=4.804639e-01 best=4.804546e-01
[NA] iter=00024 eval=05686 misfit=4.804645e-01 best=4.804546e-01
[NA] iter=00024 eval=05687 misfit=4.804693e-01 best=4.804546e-01
[NA] iter=00024 eval=05688 misfit=4.804653e-01 best=4.804546e-01
[NA] iter=00024 eval=05689 misfit=4.804647e-01 best=4.804546e-01
[NA] iter=00024 eval=05690 misfit=4.804673e-01 best=4.804546e-01
[NA] iter=00024 eval=05691 misfit=4.804639e-01 best=4.804546e-01
[NA] iter=00024 eval=05692 misfit=4.804667e-01 best=4.804546e-01
[NA] iter=00024 eval=05693 misfit=4.804582e-01 best=4.804546e-01
[NA] iter=00024 eval=05694 misfit=4.804650e-01 best=4.804546e-01
[NA] iter=00024 eval=05695 misfit=4.804647e-01 best=4.804546e-01
[NA] iter=00024 eval=05696 misfit=4.804663e-01 best=4.804546e-01
[NA] iter=00024 eval=05697 misfit=4.804637e-01 best=4.804546e-01
[NA] iter=00024 eval=05698 misfit=4.804676e-01 best=4.804546e-01
[NA] iter=00024 eval=05699 misfit=4.804617e-01 best=4.804546e-01
[NA] iter=00024 eval=05700 misfit=4.804626e-01 best=4.804546e-01
[NA] iter=00024 eval=05701 misfit=4.804652e-01 best=4.804546e-01
[NA] iter=00024 eval=05702 misfit=4.804656e-01 best=4.804546e-01
[NA] iter=00024 eval=05703 misfit=4.804617e-01 best=4.804546e-01
[NA] iter=00024 eval=05704 misfit=4.804623e-01 best=4.804546e-01
[NA] iter=00024 eval=05705 misfit=4.804656e-01 best=4.804546e-01
[NA] iter=00024 eval=05706 misfit=4.804651e-01 best=4.804546e-01
[NA] iter=00024 eval=05707 misfit=4.804619e-01 best=4.804546e-01
[NA] iter=00024 eval=05708 misfit=4.804653e-01 best=4.804546e-01
[NA] iter=00024 eval=05709 misfit=4.804637e-01 best=4.804546e-01
[NA] iter=00024 eval=05710 misfit=4.804640e-01 best=4.804546e-01
[NA] iter=00024 eval=05711 misfit=4.804593e-01 best=4.804546e-01
[NA] iter=00024 eval=05712 misfit=4.804593e-01 best=4.804546e-01
[NA] iter=00024 eval=05713 misfit=4.804577e-01 best=4.804546e-01
[NA] iter=00024 eval=05714 misfit=4.804608e-01 best=4.804546e-01
[NA] iter=00024 eval=05715 misfit=4.804580e-01 best=4.804546e-01
[NA] iter=00024 eval=05716 misfit=4.804605e-01 best=4.804546e-01
[NA] iter=00024 eval=05717 misfit=4.804602e-01 best=4.804546e-01
[NA] iter=00024 eval=05718 misfit=4.804609e-01 best=4.804546e-01
[NA] iter=00024 eval=05719 misfit=4.804577e-01 best=4.804546e-01
[NA] iter=00024 eval=05720 misfit=4.804590e-01 best=4.804546e-01
[NA] iter=00024 eval=05721 misfit=4.804604e-01 best=4.804546e-01
[NA] iter=00024 eval=05722 misfit=4.808659e-01 best=4.804546e-01
[NA] iter=00024 eval=05723 misfit=4.804594e-01 best=4.804546e-01
[NA] iter=00024 eval=05724 misfit=4.804594e-01 best=4.804546e-01
[NA] iter=00024 eval=05725 misfit=4.804619e-01 best=4.804546e-01
[NA] iter=00024 eval=05726 misfit=4.808673e-01 best=4.804546e-01
[NA] iter=00024 eval=05727 misfit=4.804574e-01 best=4.804546e-01
[NA] iter=00024 eval=05728 misfit=4.804587e-01 best=4.804546e-01
[NA] iter=00024 eval=05729 misfit=4.804593e-01 best=4.804546e-01
[NA] iter=00024 eval=05730 misfit=4.804609e-01 best=4.804546e-01
[NA] iter=00024 eval=05731 misfit=4.804663e-01 best=4.804546e-01
[NA] iter=00024 eval=05732 misfit=4.804585e-01 best=4.804546e-01
[NA] iter=00024 eval=05733 misfit=4.804591e-01 best=4.804546e-01
[NA] iter=00024 eval=05734 misfit=4.804580e-01 best=4.804546e-01
[NA] iter=00024 eval=05735 misfit=4.804582e-01 best=4.804546e-01
[NA] iter=00024 eval=05736 misfit=4.804633e-01 best=4.804546e-01
[NA] iter=00024 eval=05737 misfit=4.804569e-01 best=4.804546e-01
[NA] iter=00024 eval=05738 misfit=4.804596e-01 best=4.804546e-01
[NA] iter=00024 eval=05739 misfit=4.804598e-01 best=4.804546e-01
[NA] iter=00024 eval=05740 misfit=4.804566e-01 best=4.804546e-01
[NA] iter=00024 eval=05741 misfit=4.804596e-01 best=4.804546e-01
[NA] iter=00024 eval=05742 misfit=4.804625e-01 best=4.804546e-01
[NA] iter=00024 eval=05743 misfit=4.804595e-01 best=4.804546e-01
[NA] iter=00024 eval=05744 misfit=4.808704e-01 best=4.804546e-01
[NA] iter=00024 eval=05745 misfit=4.804588e-01 best=4.804546e-01
[NA] iter=00024 eval=05746 misfit=4.808678e-01 best=4.804546e-01
[NA] iter=00024 eval=05747 misfit=4.808647e-01 best=4.804546e-01
[NA] iter=00024 eval=05748 misfit=4.804627e-01 best=4.804546e-01
[NA] iter=00024 eval=05749 misfit=4.808704e-01 best=4.804546e-01
[NA] iter=00024 eval=05750 misfit=4.804597e-01 best=4.804546e-01
[NA] iter=00024 eval=05751 misfit=4.804664e-01 best=4.804546e-01
[NA] iter=00024 eval=05752 misfit=4.804584e-01 best=4.804546e-01
[NA] iter=00024 eval=05753 misfit=4.804581e-01 best=4.804546e-01
[NA] iter=00024 eval=05754 misfit=4.804588e-01 best=4.804546e-01
[NA] iter=00024 eval=05755 misfit=4.804632e-01 best=4.804546e-01
[NA] iter=00024 eval=05756 misfit=4.804595e-01 best=4.804546e-01
[NA] iter=00024 eval=05757 misfit=4.804593e-01 best=4.804546e-01
[NA] iter=00024 eval=05758 misfit=4.804602e-01 best=4.804546e-01
[NA] iter=00024 eval=05759 misfit=4.808690e-01 best=4.804546e-01
[NA] iter=00024 eval=05760 misfit=4.804681e-01 best=4.804546e-01
[NA] iter=00024 eval=05761 misfit=4.804603e-01 best=4.804546e-01
[NA] iter=00024 eval=05762 misfit=4.807232e-01 best=4.804546e-01
[NA] iter=00024 eval=05763 misfit=4.804583e-01 best=4.804546e-01
[NA] iter=00024 eval=05764 misfit=4.804596e-01 best=4.804546e-01
[NA] iter=00024 eval=05765 misfit=4.804607e-01 best=4.804546e-01
[NA] iter=00024 eval=05766 misfit=4.807260e-01 best=4.804546e-01
[NA] iter=00024 eval=05767 misfit=4.804578e-01 best=4.804546e-01
[NA] iter=00024 eval=05768 misfit=4.804573e-01 best=4.804546e-01
[NA] iter=00024 eval=05769 misfit=4.811109e-01 best=4.804546e-01
[NA] iter=00024 eval=05770 misfit=4.804593e-01 best=4.804546e-01
[NA] iter=00024 eval=05771 misfit=4.804686e-01 best=4.804546e-01
[NA] iter=00024 eval=05772 misfit=4.804715e-01 best=4.804546e-01
[NA] iter=00024 eval=05773 misfit=4.804689e-01 best=4.804546e-01
[NA] iter=00024 eval=05774 misfit=4.804684e-01 best=4.804546e-01
[NA] iter=00024 eval=05775 misfit=4.804631e-01 best=4.804546e-01
[NA] iter=00024 eval=05776 misfit=4.804677e-01 best=4.804546e-01
[NA] iter=00024 eval=05777 misfit=4.804685e-01 best=4.804546e-01
[NA] iter=00024 eval=05778 misfit=4.804599e-01 best=4.804546e-01
[NA] iter=00024 eval=05779 misfit=4.804600e-01 best=4.804546e-01
[NA] iter=00024 eval=05780 misfit=4.804659e-01 best=4.804546e-01
[NA] iter=00024 eval=05781 misfit=4.808691e-01 best=4.804546e-01
[NA] iter=00024 eval=05782 misfit=4.804618e-01 best=4.804546e-01
[NA] iter=00024 eval=05783 misfit=4.808638e-01 best=4.804546e-01
[NA] iter=00024 eval=05784 misfit=4.804597e-01 best=4.804546e-01
[NA] iter=00024 eval=05785 misfit=4.804657e-01 best=4.804546e-01
[NA] iter=00024 eval=05786 misfit=4.804600e-01 best=4.804546e-01
[NA] iter=00024 eval=05787 misfit=4.804596e-01 best=4.804546e-01
[NA] iter=00024 eval=05788 misfit=4.804593e-01 best=4.804546e-01
[NA] iter=00024 eval=05789 misfit=4.808708e-01 best=4.804546e-01
[NA] iter=00024 eval=05790 misfit=4.804578e-01 best=4.804546e-01
[NA] iter=00024 eval=05791 misfit=4.804713e-01 best=4.804546e-01
[NA] iter=00024 eval=05792 misfit=4.804636e-01 best=4.804546e-01
[NA] iter=00024 eval=05793 misfit=4.804687e-01 best=4.804546e-01
[NA] iter=00024 eval=05794 misfit=4.804604e-01 best=4.804546e-01
[NA] iter=00024 eval=05795 misfit=4.804630e-01 best=4.804546e-01
[NA] iter=00024 eval=05796 misfit=4.804584e-01 best=4.804546e-01
[NA] iter=00024 eval=05797 misfit=4.804639e-01 best=4.804546e-01
[NA] iter=00024 eval=05798 misfit=4.804633e-01 best=4.804546e-01
[NA] iter=00024 eval=05799 misfit=4.804582e-01 best=4.804546e-01
[NA] iter=00024 eval=05800 misfit=4.804638e-01 best=4.804546e-01
NAI - Optimisation Loop:  80%|████████  | 24/30 [54:31<13:31, 135.28s/it][NA] iter=00025 eval=05801 misfit=4.804546e-01 best=4.804546e-01
[NA] iter=00025 eval=05802 misfit=4.804563e-01 best=4.804546e-01
[NA] iter=00025 eval=05803 misfit=4.804569e-01 best=4.804546e-01
[NA] iter=00025 eval=05804 misfit=4.804609e-01 best=4.804546e-01
[NA] iter=00025 eval=05805 misfit=4.804545e-01 best=4.804545e-01
[NA] iter=00025 eval=05806 misfit=4.804562e-01 best=4.804545e-01
[NA] iter=00025 eval=05807 misfit=4.804554e-01 best=4.804545e-01
[NA] iter=00025 eval=05808 misfit=4.804546e-01 best=4.804545e-01
[NA] iter=00025 eval=05809 misfit=4.804563e-01 best=4.804545e-01
[NA] iter=00025 eval=05810 misfit=4.804604e-01 best=4.804545e-01
[NA] iter=00025 eval=05811 misfit=4.804573e-01 best=4.804545e-01
[NA] iter=00025 eval=05812 misfit=4.804599e-01 best=4.804545e-01
[NA] iter=00025 eval=05813 misfit=4.804654e-01 best=4.804545e-01
[NA] iter=00025 eval=05814 misfit=4.804683e-01 best=4.804545e-01
[NA] iter=00025 eval=05815 misfit=4.804569e-01 best=4.804545e-01
[NA] iter=00025 eval=05816 misfit=4.804648e-01 best=4.804545e-01
[NA] iter=00025 eval=05817 misfit=4.804552e-01 best=4.804545e-01
[NA] iter=00025 eval=05818 misfit=4.804643e-01 best=4.804545e-01
[NA] iter=00025 eval=05819 misfit=4.804552e-01 best=4.804545e-01
[NA] iter=00025 eval=05820 misfit=4.804600e-01 best=4.804545e-01
[NA] iter=00025 eval=05821 misfit=4.804584e-01 best=4.804545e-01
[NA] iter=00025 eval=05822 misfit=4.804575e-01 best=4.804545e-01
[NA] iter=00025 eval=05823 misfit=4.804577e-01 best=4.804545e-01
[NA] iter=00025 eval=05824 misfit=4.804575e-01 best=4.804545e-01
[NA] iter=00025 eval=05825 misfit=4.804579e-01 best=4.804545e-01
[NA] iter=00025 eval=05826 misfit=4.804588e-01 best=4.804545e-01
[NA] iter=00025 eval=05827 misfit=4.804575e-01 best=4.804545e-01
[NA] iter=00025 eval=05828 misfit=4.804575e-01 best=4.804545e-01
[NA] iter=00025 eval=05829 misfit=4.804573e-01 best=4.804545e-01
[NA] iter=00025 eval=05830 misfit=4.804575e-01 best=4.804545e-01
[NA] iter=00025 eval=05831 misfit=4.804661e-01 best=4.804545e-01
[NA] iter=00025 eval=05832 misfit=4.804661e-01 best=4.804545e-01
[NA] iter=00025 eval=05833 misfit=4.804569e-01 best=4.804545e-01
[NA] iter=00025 eval=05834 misfit=4.804661e-01 best=4.804545e-01
[NA] iter=00025 eval=05835 misfit=4.804685e-01 best=4.804545e-01
[NA] iter=00025 eval=05836 misfit=4.804685e-01 best=4.804545e-01
[NA] iter=00025 eval=05837 misfit=4.804645e-01 best=4.804545e-01
[NA] iter=00025 eval=05838 misfit=4.804559e-01 best=4.804545e-01
[NA] iter=00025 eval=05839 misfit=4.804559e-01 best=4.804545e-01
[NA] iter=00025 eval=05840 misfit=4.804600e-01 best=4.804545e-01
[NA] iter=00025 eval=05841 misfit=4.804647e-01 best=4.804545e-01
[NA] iter=00025 eval=05842 misfit=4.804562e-01 best=4.804545e-01
[NA] iter=00025 eval=05843 misfit=4.804647e-01 best=4.804545e-01
[NA] iter=00025 eval=05844 misfit=4.804686e-01 best=4.804545e-01
[NA] iter=00025 eval=05845 misfit=4.804647e-01 best=4.804545e-01
[NA] iter=00025 eval=05846 misfit=4.804601e-01 best=4.804545e-01
[NA] iter=00025 eval=05847 misfit=4.804651e-01 best=4.804545e-01
[NA] iter=00025 eval=05848 misfit=4.804569e-01 best=4.804545e-01
[NA] iter=00025 eval=05849 misfit=4.804545e-01 best=4.804545e-01
[NA] iter=00025 eval=05850 misfit=4.804654e-01 best=4.804545e-01
[NA] iter=00025 eval=05851 misfit=4.804569e-01 best=4.804545e-01
[NA] iter=00025 eval=05852 misfit=4.804609e-01 best=4.804545e-01
[NA] iter=00025 eval=05853 misfit=4.804572e-01 best=4.804545e-01
[NA] iter=00025 eval=05854 misfit=4.804654e-01 best=4.804545e-01
[NA] iter=00025 eval=05855 misfit=4.804648e-01 best=4.804545e-01
[NA] iter=00025 eval=05856 misfit=4.804660e-01 best=4.804545e-01
[NA] iter=00025 eval=05857 misfit=4.804552e-01 best=4.804545e-01
[NA] iter=00025 eval=05858 misfit=4.804563e-01 best=4.804545e-01
[NA] iter=00025 eval=05859 misfit=4.804648e-01 best=4.804545e-01
[NA] iter=00025 eval=05860 misfit=4.804661e-01 best=4.804545e-01
[NA] iter=00025 eval=05861 misfit=4.804652e-01 best=4.804545e-01
[NA] iter=00025 eval=05862 misfit=4.804573e-01 best=4.804545e-01
[NA] iter=00025 eval=05863 misfit=4.804652e-01 best=4.804545e-01
[NA] iter=00025 eval=05864 misfit=4.804652e-01 best=4.804545e-01
[NA] iter=00025 eval=05865 misfit=4.804652e-01 best=4.804545e-01
[NA] iter=00025 eval=05866 misfit=4.804645e-01 best=4.804545e-01
[NA] iter=00025 eval=05867 misfit=4.804683e-01 best=4.804545e-01
[NA] iter=00025 eval=05868 misfit=4.804652e-01 best=4.804545e-01
[NA] iter=00025 eval=05869 misfit=4.804647e-01 best=4.804545e-01
[NA] iter=00025 eval=05870 misfit=4.804652e-01 best=4.804545e-01
[NA] iter=00025 eval=05871 misfit=4.804588e-01 best=4.804545e-01
[NA] iter=00025 eval=05872 misfit=4.804605e-01 best=4.804545e-01
[NA] iter=00025 eval=05873 misfit=4.804587e-01 best=4.804545e-01
[NA] iter=00025 eval=05874 misfit=4.804602e-01 best=4.804545e-01
[NA] iter=00025 eval=05875 misfit=4.804580e-01 best=4.804545e-01
[NA] iter=00025 eval=05876 misfit=4.808643e-01 best=4.804545e-01
[NA] iter=00025 eval=05877 misfit=4.804601e-01 best=4.804545e-01
[NA] iter=00025 eval=05878 misfit=4.804589e-01 best=4.804545e-01
[NA] iter=00025 eval=05879 misfit=4.804569e-01 best=4.804545e-01
[NA] iter=00025 eval=05880 misfit=4.808614e-01 best=4.804545e-01
[NA] iter=00025 eval=05881 misfit=4.804707e-01 best=4.804545e-01
[NA] iter=00025 eval=05882 misfit=4.804659e-01 best=4.804545e-01
[NA] iter=00025 eval=05883 misfit=4.804685e-01 best=4.804545e-01
[NA] iter=00025 eval=05884 misfit=4.804654e-01 best=4.804545e-01
[NA] iter=00025 eval=05885 misfit=4.804654e-01 best=4.804545e-01
[NA] iter=00025 eval=05886 misfit=4.804652e-01 best=4.804545e-01
[NA] iter=00025 eval=05887 misfit=4.804566e-01 best=4.804545e-01
[NA] iter=00025 eval=05888 misfit=4.804683e-01 best=4.804545e-01
[NA] iter=00025 eval=05889 misfit=4.804685e-01 best=4.804545e-01
[NA] iter=00025 eval=05890 misfit=4.804600e-01 best=4.804545e-01
[NA] iter=00025 eval=05891 misfit=4.804569e-01 best=4.804545e-01
[NA] iter=00025 eval=05892 misfit=4.804547e-01 best=4.804545e-01
[NA] iter=00025 eval=05893 misfit=4.804648e-01 best=4.804545e-01
[NA] iter=00025 eval=05894 misfit=4.804647e-01 best=4.804545e-01
[NA] iter=00025 eval=05895 misfit=4.804559e-01 best=4.804545e-01
[NA] iter=00025 eval=05896 misfit=4.804648e-01 best=4.804545e-01
[NA] iter=00025 eval=05897 misfit=4.804562e-01 best=4.804545e-01
[NA] iter=00025 eval=05898 misfit=4.804647e-01 best=4.804545e-01
[NA] iter=00025 eval=05899 misfit=4.804648e-01 best=4.804545e-01
[NA] iter=00025 eval=05900 misfit=4.804654e-01 best=4.804545e-01
[NA] iter=00025 eval=05901 misfit=4.804654e-01 best=4.804545e-01
[NA] iter=00025 eval=05902 misfit=4.804661e-01 best=4.804545e-01
[NA] iter=00025 eval=05903 misfit=4.804654e-01 best=4.804545e-01
[NA] iter=00025 eval=05904 misfit=4.804601e-01 best=4.804545e-01
[NA] iter=00025 eval=05905 misfit=4.804598e-01 best=4.804545e-01
[NA] iter=00025 eval=05906 misfit=4.804655e-01 best=4.804545e-01
[NA] iter=00025 eval=05907 misfit=4.804657e-01 best=4.804545e-01
[NA] iter=00025 eval=05908 misfit=4.804654e-01 best=4.804545e-01
[NA] iter=00025 eval=05909 misfit=4.804545e-01 best=4.804545e-01
[NA] iter=00025 eval=05910 misfit=4.804562e-01 best=4.804545e-01
[NA] iter=00025 eval=05911 misfit=4.804661e-01 best=4.804545e-01
[NA] iter=00025 eval=05912 misfit=4.804558e-01 best=4.804545e-01
[NA] iter=00025 eval=05913 misfit=4.804652e-01 best=4.804545e-01
[NA] iter=00025 eval=05914 misfit=4.804654e-01 best=4.804545e-01
[NA] iter=00025 eval=05915 misfit=4.804654e-01 best=4.804545e-01
[NA] iter=00025 eval=05916 misfit=4.804547e-01 best=4.804545e-01
[NA] iter=00025 eval=05917 misfit=4.804654e-01 best=4.804545e-01
[NA] iter=00025 eval=05918 misfit=4.804654e-01 best=4.804545e-01
[NA] iter=00025 eval=05919 misfit=4.804569e-01 best=4.804545e-01
[NA] iter=00025 eval=05920 misfit=4.804654e-01 best=4.804545e-01
[NA] iter=00025 eval=05921 misfit=4.808613e-01 best=4.804545e-01
[NA] iter=00025 eval=05922 misfit=4.808618e-01 best=4.804545e-01
[NA] iter=00025 eval=05923 misfit=4.808606e-01 best=4.804545e-01
[NA] iter=00025 eval=05924 misfit=4.808598e-01 best=4.804545e-01
[NA] iter=00025 eval=05925 misfit=4.808604e-01 best=4.804545e-01
[NA] iter=00025 eval=05926 misfit=4.804578e-01 best=4.804545e-01
[NA] iter=00025 eval=05927 misfit=4.808593e-01 best=4.804545e-01
[NA] iter=00025 eval=05928 misfit=4.808594e-01 best=4.804545e-01
[NA] iter=00025 eval=05929 misfit=4.804599e-01 best=4.804545e-01
[NA] iter=00025 eval=05930 misfit=4.808570e-01 best=4.804545e-01
[NA] iter=00025 eval=05931 misfit=4.804657e-01 best=4.804545e-01
[NA] iter=00025 eval=05932 misfit=4.804667e-01 best=4.804545e-01
[NA] iter=00025 eval=05933 misfit=4.804683e-01 best=4.804545e-01
[NA] iter=00025 eval=05934 misfit=4.804669e-01 best=4.804545e-01
[NA] iter=00025 eval=05935 misfit=4.804747e-01 best=4.804545e-01
[NA] iter=00025 eval=05936 misfit=4.804649e-01 best=4.804545e-01
[NA] iter=00025 eval=05937 misfit=4.804572e-01 best=4.804545e-01
[NA] iter=00025 eval=05938 misfit=4.804709e-01 best=4.804545e-01
[NA] iter=00025 eval=05939 misfit=4.804733e-01 best=4.804545e-01
[NA] iter=00025 eval=05940 misfit=4.804657e-01 best=4.804545e-01
[NA] iter=00025 eval=05941 misfit=4.804653e-01 best=4.804545e-01
[NA] iter=00025 eval=05942 misfit=4.804566e-01 best=4.804545e-01
[NA] iter=00025 eval=05943 misfit=4.804652e-01 best=4.804545e-01
[NA] iter=00025 eval=05944 misfit=4.804659e-01 best=4.804545e-01
[NA] iter=00025 eval=05945 misfit=4.804653e-01 best=4.804545e-01
[NA] iter=00025 eval=05946 misfit=4.804683e-01 best=4.804545e-01
[NA] iter=00025 eval=05947 misfit=4.804653e-01 best=4.804545e-01
[NA] iter=00025 eval=05948 misfit=4.804581e-01 best=4.804545e-01
[NA] iter=00025 eval=05949 misfit=4.804652e-01 best=4.804545e-01
[NA] iter=00025 eval=05950 misfit=4.804736e-01 best=4.804545e-01
[NA] iter=00025 eval=05951 misfit=4.804701e-01 best=4.804545e-01
[NA] iter=00025 eval=05952 misfit=4.804637e-01 best=4.804545e-01
[NA] iter=00025 eval=05953 misfit=4.804641e-01 best=4.804545e-01
[NA] iter=00025 eval=05954 misfit=4.804677e-01 best=4.804545e-01
[NA] iter=00025 eval=05955 misfit=4.804749e-01 best=4.804545e-01
[NA] iter=00025 eval=05956 misfit=4.804751e-01 best=4.804545e-01
[NA] iter=00025 eval=05957 misfit=4.804696e-01 best=4.804545e-01
[NA] iter=00025 eval=05958 misfit=4.804680e-01 best=4.804545e-01
[NA] iter=00025 eval=05959 misfit=4.804680e-01 best=4.804545e-01
[NA] iter=00025 eval=05960 misfit=4.804639e-01 best=4.804545e-01
[NA] iter=00025 eval=05961 misfit=4.808624e-01 best=4.804545e-01
[NA] iter=00025 eval=05962 misfit=4.804594e-01 best=4.804545e-01
[NA] iter=00025 eval=05963 misfit=4.804600e-01 best=4.804545e-01
[NA] iter=00025 eval=05964 misfit=4.804594e-01 best=4.804545e-01
[NA] iter=00025 eval=05965 misfit=4.807211e-01 best=4.804545e-01
[NA] iter=00025 eval=05966 misfit=4.804600e-01 best=4.804545e-01
[NA] iter=00025 eval=05967 misfit=4.807231e-01 best=4.804545e-01
[NA] iter=00025 eval=05968 misfit=4.804594e-01 best=4.804545e-01
[NA] iter=00025 eval=05969 misfit=4.807224e-01 best=4.804545e-01
[NA] iter=00025 eval=05970 misfit=4.804597e-01 best=4.804545e-01
[NA] iter=00025 eval=05971 misfit=4.804587e-01 best=4.804545e-01
[NA] iter=00025 eval=05972 misfit=4.804577e-01 best=4.804545e-01
[NA] iter=00025 eval=05973 misfit=4.804593e-01 best=4.804545e-01
[NA] iter=00025 eval=05974 misfit=4.804581e-01 best=4.804545e-01
[NA] iter=00025 eval=05975 misfit=4.804587e-01 best=4.804545e-01
[NA] iter=00025 eval=05976 misfit=4.804577e-01 best=4.804545e-01
[NA] iter=00025 eval=05977 misfit=4.804581e-01 best=4.804545e-01
[NA] iter=00025 eval=05978 misfit=4.804594e-01 best=4.804545e-01
[NA] iter=00025 eval=05979 misfit=4.804574e-01 best=4.804545e-01
[NA] iter=00025 eval=05980 misfit=4.804581e-01 best=4.804545e-01
[NA] iter=00025 eval=05981 misfit=4.804578e-01 best=4.804545e-01
[NA] iter=00025 eval=05982 misfit=4.804601e-01 best=4.804545e-01
[NA] iter=00025 eval=05983 misfit=4.808581e-01 best=4.804545e-01
[NA] iter=00025 eval=05984 misfit=4.804575e-01 best=4.804545e-01
[NA] iter=00025 eval=05985 misfit=4.804588e-01 best=4.804545e-01
[NA] iter=00025 eval=05986 misfit=4.804592e-01 best=4.804545e-01
[NA] iter=00025 eval=05987 misfit=4.804588e-01 best=4.804545e-01
[NA] iter=00025 eval=05988 misfit=4.804595e-01 best=4.804545e-01
[NA] iter=00025 eval=05989 misfit=4.804590e-01 best=4.804545e-01
[NA] iter=00025 eval=05990 misfit=4.804586e-01 best=4.804545e-01
[NA] iter=00025 eval=05991 misfit=4.804574e-01 best=4.804545e-01
[NA] iter=00025 eval=05992 misfit=4.804590e-01 best=4.804545e-01
[NA] iter=00025 eval=05993 misfit=4.804590e-01 best=4.804545e-01
[NA] iter=00025 eval=05994 misfit=4.804593e-01 best=4.804545e-01
[NA] iter=00025 eval=05995 misfit=4.804593e-01 best=4.804545e-01
[NA] iter=00025 eval=05996 misfit=4.804584e-01 best=4.804545e-01
[NA] iter=00025 eval=05997 misfit=4.804584e-01 best=4.804545e-01
[NA] iter=00025 eval=05998 misfit=4.804590e-01 best=4.804545e-01
[NA] iter=00025 eval=05999 misfit=4.804595e-01 best=4.804545e-01
[NA] iter=00025 eval=06000 misfit=4.804581e-01 best=4.804545e-01
NAI - Optimisation Loop:  83%|████████▎ | 25/30 [56:47<11:17, 135.47s/it][NA] iter=00026 eval=06001 misfit=4.804657e-01 best=4.804545e-01
[NA] iter=00026 eval=06002 misfit=4.804652e-01 best=4.804545e-01
[NA] iter=00026 eval=06003 misfit=4.804550e-01 best=4.804545e-01
[NA] iter=00026 eval=06004 misfit=4.804652e-01 best=4.804545e-01
[NA] iter=00026 eval=06005 misfit=4.804692e-01 best=4.804545e-01
[NA] iter=00026 eval=06006 misfit=4.804566e-01 best=4.804545e-01
[NA] iter=00026 eval=06007 misfit=4.804569e-01 best=4.804545e-01
[NA] iter=00026 eval=06008 misfit=4.804559e-01 best=4.804545e-01
[NA] iter=00026 eval=06009 misfit=4.804703e-01 best=4.804545e-01
[NA] iter=00026 eval=06010 misfit=4.804566e-01 best=4.804545e-01
[NA] iter=00026 eval=06011 misfit=4.804569e-01 best=4.804545e-01
[NA] iter=00026 eval=06012 misfit=4.804600e-01 best=4.804545e-01
[NA] iter=00026 eval=06013 misfit=4.804562e-01 best=4.804545e-01
[NA] iter=00026 eval=06014 misfit=4.804569e-01 best=4.804545e-01
[NA] iter=00026 eval=06015 misfit=4.804647e-01 best=4.804545e-01
[NA] iter=00026 eval=06016 misfit=4.804565e-01 best=4.804545e-01
[NA] iter=00026 eval=06017 misfit=4.804562e-01 best=4.804545e-01
[NA] iter=00026 eval=06018 misfit=4.804562e-01 best=4.804545e-01
[NA] iter=00026 eval=06019 misfit=4.804647e-01 best=4.804545e-01
[NA] iter=00026 eval=06020 misfit=4.804687e-01 best=4.804545e-01
[NA] iter=00026 eval=06021 misfit=4.804545e-01 best=4.804545e-01
[NA] iter=00026 eval=06022 misfit=4.804546e-01 best=4.804545e-01
[NA] iter=00026 eval=06023 misfit=4.804563e-01 best=4.804545e-01
[NA] iter=00026 eval=06024 misfit=4.804563e-01 best=4.804545e-01
[NA] iter=00026 eval=06025 misfit=4.804545e-01 best=4.804545e-01
[NA] iter=00026 eval=06026 misfit=4.804574e-01 best=4.804545e-01
[NA] iter=00026 eval=06027 misfit=4.804563e-01 best=4.804545e-01
[NA] iter=00026 eval=06028 misfit=4.804563e-01 best=4.804545e-01
[NA] iter=00026 eval=06029 misfit=4.804554e-01 best=4.804545e-01
[NA] iter=00026 eval=06030 misfit=4.804571e-01 best=4.804545e-01
[NA] iter=00026 eval=06031 misfit=4.804604e-01 best=4.804545e-01
[NA] iter=00026 eval=06032 misfit=4.804648e-01 best=4.804545e-01
[NA] iter=00026 eval=06033 misfit=4.804546e-01 best=4.804545e-01
[NA] iter=00026 eval=06034 misfit=4.804563e-01 best=4.804545e-01
[NA] iter=00026 eval=06035 misfit=4.804602e-01 best=4.804545e-01
[NA] iter=00026 eval=06036 misfit=4.804656e-01 best=4.804545e-01
[NA] iter=00026 eval=06037 misfit=4.804609e-01 best=4.804545e-01
[NA] iter=00026 eval=06038 misfit=4.804609e-01 best=4.804545e-01
[NA] iter=00026 eval=06039 misfit=4.804648e-01 best=4.804545e-01
[NA] iter=00026 eval=06040 misfit=4.804570e-01 best=4.804545e-01
[NA] iter=00026 eval=06041 misfit=4.804585e-01 best=4.804545e-01
[NA] iter=00026 eval=06042 misfit=4.804546e-01 best=4.804545e-01
[NA] iter=00026 eval=06043 misfit=4.804592e-01 best=4.804545e-01
[NA] iter=00026 eval=06044 misfit=4.804592e-01 best=4.804545e-01
[NA] iter=00026 eval=06045 misfit=4.804546e-01 best=4.804545e-01
[NA] iter=00026 eval=06046 misfit=4.804563e-01 best=4.804545e-01
[NA] iter=00026 eval=06047 misfit=4.804546e-01 best=4.804545e-01
[NA] iter=00026 eval=06048 misfit=4.804571e-01 best=4.804545e-01
[NA] iter=00026 eval=06049 misfit=4.804563e-01 best=4.804545e-01
[NA] iter=00026 eval=06050 misfit=4.804546e-01 best=4.804545e-01
[NA] iter=00026 eval=06051 misfit=4.804569e-01 best=4.804545e-01
[NA] iter=00026 eval=06052 misfit=4.804569e-01 best=4.804545e-01
[NA] iter=00026 eval=06053 misfit=4.804569e-01 best=4.804545e-01
[NA] iter=00026 eval=06054 misfit=4.804547e-01 best=4.804545e-01
[NA] iter=00026 eval=06055 misfit=4.804569e-01 best=4.804545e-01
[NA] iter=00026 eval=06056 misfit=4.804563e-01 best=4.804545e-01
[NA] iter=00026 eval=06057 misfit=4.804563e-01 best=4.804545e-01
[NA] iter=00026 eval=06058 misfit=4.804563e-01 best=4.804545e-01
[NA] iter=00026 eval=06059 misfit=4.804565e-01 best=4.804545e-01
[NA] iter=00026 eval=06060 misfit=4.804552e-01 best=4.804545e-01
[NA] iter=00026 eval=06061 misfit=4.804659e-01 best=4.804545e-01
[NA] iter=00026 eval=06062 misfit=4.804655e-01 best=4.804545e-01
[NA] iter=00026 eval=06063 misfit=4.804574e-01 best=4.804545e-01
[NA] iter=00026 eval=06064 misfit=4.804586e-01 best=4.804545e-01
[NA] iter=00026 eval=06065 misfit=4.804631e-01 best=4.804545e-01
[NA] iter=00026 eval=06066 misfit=4.804587e-01 best=4.804545e-01
[NA] iter=00026 eval=06067 misfit=4.804734e-01 best=4.804545e-01
[NA] iter=00026 eval=06068 misfit=4.804646e-01 best=4.804545e-01
[NA] iter=00026 eval=06069 misfit=4.804661e-01 best=4.804545e-01
[NA] iter=00026 eval=06070 misfit=4.804648e-01 best=4.804545e-01
[NA] iter=00026 eval=06071 misfit=4.804562e-01 best=4.804545e-01
[NA] iter=00026 eval=06072 misfit=4.804654e-01 best=4.804545e-01
[NA] iter=00026 eval=06073 misfit=4.804566e-01 best=4.804545e-01
[NA] iter=00026 eval=06074 misfit=4.804654e-01 best=4.804545e-01
[NA] iter=00026 eval=06075 misfit=4.804647e-01 best=4.804545e-01
[NA] iter=00026 eval=06076 misfit=4.804552e-01 best=4.804545e-01
[NA] iter=00026 eval=06077 misfit=4.804563e-01 best=4.804545e-01
[NA] iter=00026 eval=06078 misfit=4.804569e-01 best=4.804545e-01
[NA] iter=00026 eval=06079 misfit=4.804546e-01 best=4.804545e-01
[NA] iter=00026 eval=06080 misfit=4.804569e-01 best=4.804545e-01
[NA] iter=00026 eval=06081 misfit=4.804570e-01 best=4.804545e-01
[NA] iter=00026 eval=06082 misfit=4.804569e-01 best=4.804545e-01
[NA] iter=00026 eval=06083 misfit=4.804563e-01 best=4.804545e-01
[NA] iter=00026 eval=06084 misfit=4.804648e-01 best=4.804545e-01
[NA] iter=00026 eval=06085 misfit=4.804552e-01 best=4.804545e-01
[NA] iter=00026 eval=06086 misfit=4.804661e-01 best=4.804545e-01
[NA] iter=00026 eval=06087 misfit=4.804552e-01 best=4.804545e-01
[NA] iter=00026 eval=06088 misfit=4.804552e-01 best=4.804545e-01
[NA] iter=00026 eval=06089 misfit=4.804569e-01 best=4.804545e-01
[NA] iter=00026 eval=06090 misfit=4.804569e-01 best=4.804545e-01
[NA] iter=00026 eval=06091 misfit=4.804654e-01 best=4.804545e-01
[NA] iter=00026 eval=06092 misfit=4.804557e-01 best=4.804545e-01
[NA] iter=00026 eval=06093 misfit=4.804654e-01 best=4.804545e-01
[NA] iter=00026 eval=06094 misfit=4.804569e-01 best=4.804545e-01
[NA] iter=00026 eval=06095 misfit=4.804659e-01 best=4.804545e-01
[NA] iter=00026 eval=06096 misfit=4.804566e-01 best=4.804545e-01
[NA] iter=00026 eval=06097 misfit=4.804566e-01 best=4.804545e-01
[NA] iter=00026 eval=06098 misfit=4.804576e-01 best=4.804545e-01
[NA] iter=00026 eval=06099 misfit=4.804559e-01 best=4.804545e-01
[NA] iter=00026 eval=06100 misfit=4.804566e-01 best=4.804545e-01
[NA] iter=00026 eval=06101 misfit=4.804550e-01 best=4.804545e-01
[NA] iter=00026 eval=06102 misfit=4.804569e-01 best=4.804545e-01
[NA] iter=00026 eval=06103 misfit=4.804563e-01 best=4.804545e-01
[NA] iter=00026 eval=06104 misfit=4.804563e-01 best=4.804545e-01
[NA] iter=00026 eval=06105 misfit=4.804574e-01 best=4.804545e-01
[NA] iter=00026 eval=06106 misfit=4.804550e-01 best=4.804545e-01
[NA] iter=00026 eval=06107 misfit=4.804566e-01 best=4.804545e-01
[NA] iter=00026 eval=06108 misfit=4.804574e-01 best=4.804545e-01
[NA] iter=00026 eval=06109 misfit=4.804569e-01 best=4.804545e-01
[NA] iter=00026 eval=06110 misfit=4.804552e-01 best=4.804545e-01
[NA] iter=00026 eval=06111 misfit=4.804553e-01 best=4.804545e-01
[NA] iter=00026 eval=06112 misfit=4.804569e-01 best=4.804545e-01
[NA] iter=00026 eval=06113 misfit=4.804541e-01 best=4.804541e-01
[NA] iter=00026 eval=06114 misfit=4.804573e-01 best=4.804541e-01
[NA] iter=00026 eval=06115 misfit=4.804570e-01 best=4.804541e-01
[NA] iter=00026 eval=06116 misfit=4.804661e-01 best=4.804541e-01
[NA] iter=00026 eval=06117 misfit=4.804559e-01 best=4.804541e-01
[NA] iter=00026 eval=06118 misfit=4.804569e-01 best=4.804541e-01
[NA] iter=00026 eval=06119 misfit=4.804552e-01 best=4.804541e-01
[NA] iter=00026 eval=06120 misfit=4.804571e-01 best=4.804541e-01
[NA] iter=00026 eval=06121 misfit=4.804569e-01 best=4.804541e-01
[NA] iter=00026 eval=06122 misfit=4.804562e-01 best=4.804541e-01
[NA] iter=00026 eval=06123 misfit=4.804569e-01 best=4.804541e-01
[NA] iter=00026 eval=06124 misfit=4.804569e-01 best=4.804541e-01
[NA] iter=00026 eval=06125 misfit=4.804546e-01 best=4.804541e-01
[NA] iter=00026 eval=06126 misfit=4.804569e-01 best=4.804541e-01
[NA] iter=00026 eval=06127 misfit=4.804563e-01 best=4.804541e-01
[NA] iter=00026 eval=06128 misfit=4.804569e-01 best=4.804541e-01
[NA] iter=00026 eval=06129 misfit=4.804554e-01 best=4.804541e-01
[NA] iter=00026 eval=06130 misfit=4.804562e-01 best=4.804541e-01
[NA] iter=00026 eval=06131 misfit=4.804687e-01 best=4.804541e-01
[NA] iter=00026 eval=06132 misfit=4.804562e-01 best=4.804541e-01
[NA] iter=00026 eval=06133 misfit=4.804587e-01 best=4.804541e-01
[NA] iter=00026 eval=06134 misfit=4.804694e-01 best=4.804541e-01
[NA] iter=00026 eval=06135 misfit=4.804552e-01 best=4.804541e-01
[NA] iter=00026 eval=06136 misfit=4.804692e-01 best=4.804541e-01
[NA] iter=00026 eval=06137 misfit=4.804654e-01 best=4.804541e-01
[NA] iter=00026 eval=06138 misfit=4.804654e-01 best=4.804541e-01
[NA] iter=00026 eval=06139 misfit=4.804609e-01 best=4.804541e-01
[NA] iter=00026 eval=06140 misfit=4.804589e-01 best=4.804541e-01
[NA] iter=00026 eval=06141 misfit=4.804559e-01 best=4.804541e-01
[NA] iter=00026 eval=06142 misfit=4.804543e-01 best=4.804541e-01
[NA] iter=00026 eval=06143 misfit=4.804647e-01 best=4.804541e-01
[NA] iter=00026 eval=06144 misfit=4.804634e-01 best=4.804541e-01
[NA] iter=00026 eval=06145 misfit=4.804562e-01 best=4.804541e-01
[NA] iter=00026 eval=06146 misfit=4.804562e-01 best=4.804541e-01
[NA] iter=00026 eval=06147 misfit=4.804562e-01 best=4.804541e-01
[NA] iter=00026 eval=06148 misfit=4.804562e-01 best=4.804541e-01
[NA] iter=00026 eval=06149 misfit=4.804592e-01 best=4.804541e-01
[NA] iter=00026 eval=06150 misfit=4.804670e-01 best=4.804541e-01
[NA] iter=00026 eval=06151 misfit=4.804569e-01 best=4.804541e-01
[NA] iter=00026 eval=06152 misfit=4.804575e-01 best=4.804541e-01
[NA] iter=00026 eval=06153 misfit=4.804573e-01 best=4.804541e-01
[NA] iter=00026 eval=06154 misfit=4.804575e-01 best=4.804541e-01
[NA] iter=00026 eval=06155 misfit=4.804575e-01 best=4.804541e-01
[NA] iter=00026 eval=06156 misfit=4.804569e-01 best=4.804541e-01
[NA] iter=00026 eval=06157 misfit=4.804566e-01 best=4.804541e-01
[NA] iter=00026 eval=06158 misfit=4.804575e-01 best=4.804541e-01
[NA] iter=00026 eval=06159 misfit=4.804566e-01 best=4.804541e-01
[NA] iter=00026 eval=06160 misfit=4.804566e-01 best=4.804541e-01
[NA] iter=00026 eval=06161 misfit=4.804552e-01 best=4.804541e-01
[NA] iter=00026 eval=06162 misfit=4.804562e-01 best=4.804541e-01
[NA] iter=00026 eval=06163 misfit=4.804613e-01 best=4.804541e-01
[NA] iter=00026 eval=06164 misfit=4.804569e-01 best=4.804541e-01
[NA] iter=00026 eval=06165 misfit=4.804557e-01 best=4.804541e-01
[NA] iter=00026 eval=06166 misfit=4.804569e-01 best=4.804541e-01
[NA] iter=00026 eval=06167 misfit=4.804569e-01 best=4.804541e-01
[NA] iter=00026 eval=06168 misfit=4.804573e-01 best=4.804541e-01
[NA] iter=00026 eval=06169 misfit=4.804557e-01 best=4.804541e-01
[NA] iter=00026 eval=06170 misfit=4.804569e-01 best=4.804541e-01
[NA] iter=00026 eval=06171 misfit=4.804598e-01 best=4.804541e-01
[NA] iter=00026 eval=06172 misfit=4.804598e-01 best=4.804541e-01
[NA] iter=00026 eval=06173 misfit=4.804552e-01 best=4.804541e-01
[NA] iter=00026 eval=06174 misfit=4.804576e-01 best=4.804541e-01
[NA] iter=00026 eval=06175 misfit=4.804569e-01 best=4.804541e-01
[NA] iter=00026 eval=06176 misfit=4.804576e-01 best=4.804541e-01
[NA] iter=00026 eval=06177 misfit=4.804600e-01 best=4.804541e-01
[NA] iter=00026 eval=06178 misfit=4.804600e-01 best=4.804541e-01
[NA] iter=00026 eval=06179 misfit=4.804559e-01 best=4.804541e-01
[NA] iter=00026 eval=06180 misfit=4.804576e-01 best=4.804541e-01
[NA] iter=00026 eval=06181 misfit=4.804576e-01 best=4.804541e-01
[NA] iter=00026 eval=06182 misfit=4.804617e-01 best=4.804541e-01
[NA] iter=00026 eval=06183 misfit=4.804585e-01 best=4.804541e-01
[NA] iter=00026 eval=06184 misfit=4.804702e-01 best=4.804541e-01
[NA] iter=00026 eval=06185 misfit=4.804639e-01 best=4.804541e-01
[NA] iter=00026 eval=06186 misfit=4.804718e-01 best=4.804541e-01
[NA] iter=00026 eval=06187 misfit=4.804632e-01 best=4.804541e-01
[NA] iter=00026 eval=06188 misfit=4.804559e-01 best=4.804541e-01
[NA] iter=00026 eval=06189 misfit=4.804599e-01 best=4.804541e-01
[NA] iter=00026 eval=06190 misfit=4.804561e-01 best=4.804541e-01
[NA] iter=00026 eval=06191 misfit=4.804563e-01 best=4.804541e-01
[NA] iter=00026 eval=06192 misfit=4.804569e-01 best=4.804541e-01
[NA] iter=00026 eval=06193 misfit=4.804642e-01 best=4.804541e-01
[NA] iter=00026 eval=06194 misfit=4.804562e-01 best=4.804541e-01
[NA] iter=00026 eval=06195 misfit=4.804563e-01 best=4.804541e-01
[NA] iter=00026 eval=06196 misfit=4.804647e-01 best=4.804541e-01
[NA] iter=00026 eval=06197 misfit=4.804647e-01 best=4.804541e-01
[NA] iter=00026 eval=06198 misfit=4.804569e-01 best=4.804541e-01
[NA] iter=00026 eval=06199 misfit=4.804569e-01 best=4.804541e-01
[NA] iter=00026 eval=06200 misfit=4.804562e-01 best=4.804541e-01
NAI - Optimisation Loop:  87%|████████▋ | 26/30 [59:06<09:06, 136.58s/it][NA] iter=00027 eval=06201 misfit=4.804591e-01 best=4.804541e-01
[NA] iter=00027 eval=06202 misfit=4.804695e-01 best=4.804541e-01
[NA] iter=00027 eval=06203 misfit=4.804671e-01 best=4.804541e-01
[NA] iter=00027 eval=06204 misfit=4.804673e-01 best=4.804541e-01
[NA] iter=00027 eval=06205 misfit=4.804695e-01 best=4.804541e-01
[NA] iter=00027 eval=06206 misfit=4.804673e-01 best=4.804541e-01
[NA] iter=00027 eval=06207 misfit=4.804602e-01 best=4.804541e-01
[NA] iter=00027 eval=06208 misfit=4.804655e-01 best=4.804541e-01
[NA] iter=00027 eval=06209 misfit=4.804623e-01 best=4.804541e-01
[NA] iter=00027 eval=06210 misfit=4.804600e-01 best=4.804541e-01
[NA] iter=00027 eval=06211 misfit=4.804669e-01 best=4.804541e-01
[NA] iter=00027 eval=06212 misfit=4.804559e-01 best=4.804541e-01
[NA] iter=00027 eval=06213 misfit=4.804563e-01 best=4.804541e-01
[NA] iter=00027 eval=06214 misfit=4.804620e-01 best=4.804541e-01
[NA] iter=00027 eval=06215 misfit=4.804549e-01 best=4.804541e-01
[NA] iter=00027 eval=06216 misfit=4.804549e-01 best=4.804541e-01
[NA] iter=00027 eval=06217 misfit=4.804556e-01 best=4.804541e-01
[NA] iter=00027 eval=06218 misfit=4.804552e-01 best=4.804541e-01
[NA] iter=00027 eval=06219 misfit=4.804584e-01 best=4.804541e-01
[NA] iter=00027 eval=06220 misfit=4.804573e-01 best=4.804541e-01
[NA] iter=00027 eval=06221 misfit=4.804544e-01 best=4.804541e-01
[NA] iter=00027 eval=06222 misfit=4.804572e-01 best=4.804541e-01
[NA] iter=00027 eval=06223 misfit=4.804549e-01 best=4.804541e-01
[NA] iter=00027 eval=06224 misfit=4.804566e-01 best=4.804541e-01
[NA] iter=00027 eval=06225 misfit=4.804599e-01 best=4.804541e-01
[NA] iter=00027 eval=06226 misfit=4.804560e-01 best=4.804541e-01
[NA] iter=00027 eval=06227 misfit=4.804566e-01 best=4.804541e-01
[NA] iter=00027 eval=06228 misfit=4.804599e-01 best=4.804541e-01
[NA] iter=00027 eval=06229 misfit=4.804599e-01 best=4.804541e-01
[NA] iter=00027 eval=06230 misfit=4.804566e-01 best=4.804541e-01
[NA] iter=00027 eval=06231 misfit=4.804545e-01 best=4.804541e-01
[NA] iter=00027 eval=06232 misfit=4.804562e-01 best=4.804541e-01
[NA] iter=00027 eval=06233 misfit=4.804545e-01 best=4.804541e-01
[NA] iter=00027 eval=06234 misfit=4.804562e-01 best=4.804541e-01
[NA] iter=00027 eval=06235 misfit=4.804539e-01 best=4.804539e-01
[NA] iter=00027 eval=06236 misfit=4.804545e-01 best=4.804539e-01
[NA] iter=00027 eval=06237 misfit=4.804545e-01 best=4.804539e-01
[NA] iter=00027 eval=06238 misfit=4.804562e-01 best=4.804539e-01
[NA] iter=00027 eval=06239 misfit=4.804562e-01 best=4.804539e-01
[NA] iter=00027 eval=06240 misfit=4.804569e-01 best=4.804539e-01
[NA] iter=00027 eval=06241 misfit=4.804562e-01 best=4.804539e-01
[NA] iter=00027 eval=06242 misfit=4.804563e-01 best=4.804539e-01
[NA] iter=00027 eval=06243 misfit=4.804546e-01 best=4.804539e-01
[NA] iter=00027 eval=06244 misfit=4.804571e-01 best=4.804539e-01
[NA] iter=00027 eval=06245 misfit=4.804552e-01 best=4.804539e-01
[NA] iter=00027 eval=06246 misfit=4.804549e-01 best=4.804539e-01
[NA] iter=00027 eval=06247 misfit=4.804545e-01 best=4.804539e-01
[NA] iter=00027 eval=06248 misfit=4.804562e-01 best=4.804539e-01
[NA] iter=00027 eval=06249 misfit=4.804569e-01 best=4.804539e-01
[NA] iter=00027 eval=06250 misfit=4.804565e-01 best=4.804539e-01
[NA] iter=00027 eval=06251 misfit=4.804574e-01 best=4.804539e-01
[NA] iter=00027 eval=06252 misfit=4.804574e-01 best=4.804539e-01
[NA] iter=00027 eval=06253 misfit=4.804546e-01 best=4.804539e-01
[NA] iter=00027 eval=06254 misfit=4.804562e-01 best=4.804539e-01
[NA] iter=00027 eval=06255 misfit=4.804546e-01 best=4.804539e-01
[NA] iter=00027 eval=06256 misfit=4.804545e-01 best=4.804539e-01
[NA] iter=00027 eval=06257 misfit=4.804562e-01 best=4.804539e-01
[NA] iter=00027 eval=06258 misfit=4.804571e-01 best=4.804539e-01
[NA] iter=00027 eval=06259 misfit=4.804563e-01 best=4.804539e-01
[NA] iter=00027 eval=06260 misfit=4.804563e-01 best=4.804539e-01
[NA] iter=00027 eval=06261 misfit=4.804545e-01 best=4.804539e-01
[NA] iter=00027 eval=06262 misfit=4.804545e-01 best=4.804539e-01
[NA] iter=00027 eval=06263 misfit=4.804554e-01 best=4.804539e-01
[NA] iter=00027 eval=06264 misfit=4.804545e-01 best=4.804539e-01
[NA] iter=00027 eval=06265 misfit=4.804554e-01 best=4.804539e-01
[NA] iter=00027 eval=06266 misfit=4.804554e-01 best=4.804539e-01
[NA] iter=00027 eval=06267 misfit=4.804546e-01 best=4.804539e-01
[NA] iter=00027 eval=06268 misfit=4.804545e-01 best=4.804539e-01
[NA] iter=00027 eval=06269 misfit=4.804545e-01 best=4.804539e-01
[NA] iter=00027 eval=06270 misfit=4.804554e-01 best=4.804539e-01
[NA] iter=00027 eval=06271 misfit=4.804564e-01 best=4.804539e-01
[NA] iter=00027 eval=06272 misfit=4.804650e-01 best=4.804539e-01
[NA] iter=00027 eval=06273 misfit=4.804705e-01 best=4.804539e-01
[NA] iter=00027 eval=06274 misfit=4.804700e-01 best=4.804539e-01
[NA] iter=00027 eval=06275 misfit=4.804546e-01 best=4.804539e-01
[NA] iter=00027 eval=06276 misfit=4.804694e-01 best=4.804539e-01
[NA] iter=00027 eval=06277 misfit=4.804562e-01 best=4.804539e-01
[NA] iter=00027 eval=06278 misfit=4.804705e-01 best=4.804539e-01
[NA] iter=00027 eval=06279 misfit=4.804608e-01 best=4.804539e-01
[NA] iter=00027 eval=06280 misfit=4.804649e-01 best=4.804539e-01
[NA] iter=00027 eval=06281 misfit=4.804563e-01 best=4.804539e-01
[NA] iter=00027 eval=06282 misfit=4.804563e-01 best=4.804539e-01
[NA] iter=00027 eval=06283 misfit=4.804563e-01 best=4.804539e-01
[NA] iter=00027 eval=06284 misfit=4.804609e-01 best=4.804539e-01
[NA] iter=00027 eval=06285 misfit=4.804546e-01 best=4.804539e-01
[NA] iter=00027 eval=06286 misfit=4.804546e-01 best=4.804539e-01
[NA] iter=00027 eval=06287 misfit=4.804563e-01 best=4.804539e-01
[NA] iter=00027 eval=06288 misfit=4.804546e-01 best=4.804539e-01
[NA] iter=00027 eval=06289 misfit=4.804609e-01 best=4.804539e-01
[NA] iter=00027 eval=06290 misfit=4.804563e-01 best=4.804539e-01
[NA] iter=00027 eval=06291 misfit=4.804546e-01 best=4.804539e-01
[NA] iter=00027 eval=06292 misfit=4.804563e-01 best=4.804539e-01
[NA] iter=00027 eval=06293 misfit=4.804546e-01 best=4.804539e-01
[NA] iter=00027 eval=06294 misfit=4.804546e-01 best=4.804539e-01
[NA] iter=00027 eval=06295 misfit=4.804563e-01 best=4.804539e-01
[NA] iter=00027 eval=06296 misfit=4.804592e-01 best=4.804539e-01
[NA] iter=00027 eval=06297 misfit=4.804601e-01 best=4.804539e-01
[NA] iter=00027 eval=06298 misfit=4.804601e-01 best=4.804539e-01
[NA] iter=00027 eval=06299 misfit=4.804601e-01 best=4.804539e-01
[NA] iter=00027 eval=06300 misfit=4.804563e-01 best=4.804539e-01
[NA] iter=00027 eval=06301 misfit=4.804546e-01 best=4.804539e-01
[NA] iter=00027 eval=06302 misfit=4.804546e-01 best=4.804539e-01
[NA] iter=00027 eval=06303 misfit=4.804546e-01 best=4.804539e-01
[NA] iter=00027 eval=06304 misfit=4.804609e-01 best=4.804539e-01
[NA] iter=00027 eval=06305 misfit=4.804609e-01 best=4.804539e-01
[NA] iter=00027 eval=06306 misfit=4.804546e-01 best=4.804539e-01
[NA] iter=00027 eval=06307 misfit=4.804546e-01 best=4.804539e-01
[NA] iter=00027 eval=06308 misfit=4.804609e-01 best=4.804539e-01
[NA] iter=00027 eval=06309 misfit=4.804592e-01 best=4.804539e-01
[NA] iter=00027 eval=06310 misfit=4.804585e-01 best=4.804539e-01
[NA] iter=00027 eval=06311 misfit=4.804563e-01 best=4.804539e-01
[NA] iter=00027 eval=06312 misfit=4.804563e-01 best=4.804539e-01
[NA] iter=00027 eval=06313 misfit=4.804609e-01 best=4.804539e-01
[NA] iter=00027 eval=06314 misfit=4.804563e-01 best=4.804539e-01
[NA] iter=00027 eval=06315 misfit=4.804546e-01 best=4.804539e-01
[NA] iter=00027 eval=06316 misfit=4.804554e-01 best=4.804539e-01
[NA] iter=00027 eval=06317 misfit=4.804609e-01 best=4.804539e-01
[NA] iter=00027 eval=06318 misfit=4.804592e-01 best=4.804539e-01
[NA] iter=00027 eval=06319 misfit=4.804609e-01 best=4.804539e-01
[NA] iter=00027 eval=06320 misfit=4.804609e-01 best=4.804539e-01
[NA] iter=00027 eval=06321 misfit=4.804546e-01 best=4.804539e-01
[NA] iter=00027 eval=06322 misfit=4.804585e-01 best=4.804539e-01
[NA] iter=00027 eval=06323 misfit=4.804546e-01 best=4.804539e-01
[NA] iter=00027 eval=06324 misfit=4.804563e-01 best=4.804539e-01
[NA] iter=00027 eval=06325 misfit=4.804546e-01 best=4.804539e-01
[NA] iter=00027 eval=06326 misfit=4.804609e-01 best=4.804539e-01
[NA] iter=00027 eval=06327 misfit=4.804601e-01 best=4.804539e-01
[NA] iter=00027 eval=06328 misfit=4.804609e-01 best=4.804539e-01
[NA] iter=00027 eval=06329 misfit=4.804592e-01 best=4.804539e-01
[NA] iter=00027 eval=06330 misfit=4.804592e-01 best=4.804539e-01
[NA] iter=00027 eval=06331 misfit=4.804592e-01 best=4.804539e-01
[NA] iter=00027 eval=06332 misfit=4.804592e-01 best=4.804539e-01
[NA] iter=00027 eval=06333 misfit=4.804546e-01 best=4.804539e-01
[NA] iter=00027 eval=06334 misfit=4.804563e-01 best=4.804539e-01
[NA] iter=00027 eval=06335 misfit=4.804585e-01 best=4.804539e-01
[NA] iter=00027 eval=06336 misfit=4.804585e-01 best=4.804539e-01
[NA] iter=00027 eval=06337 misfit=4.804546e-01 best=4.804539e-01
[NA] iter=00027 eval=06338 misfit=4.804592e-01 best=4.804539e-01
[NA] iter=00027 eval=06339 misfit=4.804585e-01 best=4.804539e-01
[NA] iter=00027 eval=06340 misfit=4.804546e-01 best=4.804539e-01
[NA] iter=00027 eval=06341 misfit=4.804563e-01 best=4.804539e-01
[NA] iter=00027 eval=06342 misfit=4.804546e-01 best=4.804539e-01
[NA] iter=00027 eval=06343 misfit=4.804546e-01 best=4.804539e-01
[NA] iter=00027 eval=06344 misfit=4.804552e-01 best=4.804539e-01
[NA] iter=00027 eval=06345 misfit=4.804569e-01 best=4.804539e-01
[NA] iter=00027 eval=06346 misfit=4.804563e-01 best=4.804539e-01
[NA] iter=00027 eval=06347 misfit=4.804546e-01 best=4.804539e-01
[NA] iter=00027 eval=06348 misfit=4.804563e-01 best=4.804539e-01
[NA] iter=00027 eval=06349 misfit=4.804563e-01 best=4.804539e-01
[NA] iter=00027 eval=06350 misfit=4.804552e-01 best=4.804539e-01
[NA] iter=00027 eval=06351 misfit=4.804563e-01 best=4.804539e-01
[NA] iter=00027 eval=06352 misfit=4.804546e-01 best=4.804539e-01
[NA] iter=00027 eval=06353 misfit=4.804546e-01 best=4.804539e-01
[NA] iter=00027 eval=06354 misfit=4.804569e-01 best=4.804539e-01
[NA] iter=00027 eval=06355 misfit=4.804574e-01 best=4.804539e-01
[NA] iter=00027 eval=06356 misfit=4.804552e-01 best=4.804539e-01
[NA] iter=00027 eval=06357 misfit=4.804569e-01 best=4.804539e-01
[NA] iter=00027 eval=06358 misfit=4.804563e-01 best=4.804539e-01
[NA] iter=00027 eval=06359 misfit=4.804546e-01 best=4.804539e-01
[NA] iter=00027 eval=06360 misfit=4.804654e-01 best=4.804539e-01
[NA] iter=00027 eval=06361 misfit=4.804562e-01 best=4.804539e-01
[NA] iter=00027 eval=06362 misfit=4.804563e-01 best=4.804539e-01
[NA] iter=00027 eval=06363 misfit=4.804571e-01 best=4.804539e-01
[NA] iter=00027 eval=06364 misfit=4.804574e-01 best=4.804539e-01
[NA] iter=00027 eval=06365 misfit=4.804563e-01 best=4.804539e-01
[NA] iter=00027 eval=06366 misfit=4.804574e-01 best=4.804539e-01
[NA] iter=00027 eval=06367 misfit=4.804562e-01 best=4.804539e-01
[NA] iter=00027 eval=06368 misfit=4.804569e-01 best=4.804539e-01
[NA] iter=00027 eval=06369 misfit=4.804552e-01 best=4.804539e-01
[NA] iter=00027 eval=06370 misfit=4.804574e-01 best=4.804539e-01
[NA] iter=00027 eval=06371 misfit=4.804546e-01 best=4.804539e-01
[NA] iter=00027 eval=06372 misfit=4.804545e-01 best=4.804539e-01
[NA] iter=00027 eval=06373 misfit=4.804562e-01 best=4.804539e-01
[NA] iter=00027 eval=06374 misfit=4.804545e-01 best=4.804539e-01
[NA] iter=00027 eval=06375 misfit=4.804545e-01 best=4.804539e-01
[NA] iter=00027 eval=06376 misfit=4.804563e-01 best=4.804539e-01
[NA] iter=00027 eval=06377 misfit=4.804546e-01 best=4.804539e-01
[NA] iter=00027 eval=06378 misfit=4.804546e-01 best=4.804539e-01
[NA] iter=00027 eval=06379 misfit=4.804545e-01 best=4.804539e-01
[NA] iter=00027 eval=06380 misfit=4.804546e-01 best=4.804539e-01
[NA] iter=00027 eval=06381 misfit=4.804586e-01 best=4.804539e-01
[NA] iter=00027 eval=06382 misfit=4.804571e-01 best=4.804539e-01
[NA] iter=00027 eval=06383 misfit=4.804650e-01 best=4.804539e-01
[NA] iter=00027 eval=06384 misfit=4.804687e-01 best=4.804539e-01
[NA] iter=00027 eval=06385 misfit=4.804689e-01 best=4.804539e-01
[NA] iter=00027 eval=06386 misfit=4.804648e-01 best=4.804539e-01
[NA] iter=00027 eval=06387 misfit=4.804661e-01 best=4.804539e-01
[NA] iter=00027 eval=06388 misfit=4.804601e-01 best=4.804539e-01
[NA] iter=00027 eval=06389 misfit=4.804692e-01 best=4.804539e-01
[NA] iter=00027 eval=06390 misfit=4.804609e-01 best=4.804539e-01
[NA] iter=00027 eval=06391 misfit=4.804569e-01 best=4.804539e-01
[NA] iter=00027 eval=06392 misfit=4.804563e-01 best=4.804539e-01
[NA] iter=00027 eval=06393 misfit=4.804553e-01 best=4.804539e-01
[NA] iter=00027 eval=06394 misfit=4.804586e-01 best=4.804539e-01
[NA] iter=00027 eval=06395 misfit=4.804556e-01 best=4.804539e-01
[NA] iter=00027 eval=06396 misfit=4.804566e-01 best=4.804539e-01
[NA] iter=00027 eval=06397 misfit=4.804563e-01 best=4.804539e-01
[NA] iter=00027 eval=06398 misfit=4.804555e-01 best=4.804539e-01
[NA] iter=00027 eval=06399 misfit=4.804569e-01 best=4.804539e-01
[NA] iter=00027 eval=06400 misfit=4.804586e-01 best=4.804539e-01
NAI - Optimisation Loop:  90%|█████████ | 27/30 [1:01:22<06:49, 136.45s/it][NA] iter=00028 eval=06401 misfit=4.804569e-01 best=4.804539e-01
[NA] iter=00028 eval=06402 misfit=4.804569e-01 best=4.804539e-01
[NA] iter=00028 eval=06403 misfit=4.804562e-01 best=4.804539e-01
[NA] iter=00028 eval=06404 misfit=4.804643e-01 best=4.804539e-01
[NA] iter=00028 eval=06405 misfit=4.804562e-01 best=4.804539e-01
[NA] iter=00028 eval=06406 misfit=4.804545e-01 best=4.804539e-01
[NA] iter=00028 eval=06407 misfit=4.804552e-01 best=4.804539e-01
[NA] iter=00028 eval=06408 misfit=4.804542e-01 best=4.804539e-01
[NA] iter=00028 eval=06409 misfit=4.804562e-01 best=4.804539e-01
[NA] iter=00028 eval=06410 misfit=4.804552e-01 best=4.804539e-01
[NA] iter=00028 eval=06411 misfit=4.804537e-01 best=4.804537e-01
[NA] iter=00028 eval=06412 misfit=4.804578e-01 best=4.804537e-01
[NA] iter=00028 eval=06413 misfit=4.804656e-01 best=4.804537e-01
[NA] iter=00028 eval=06414 misfit=4.804544e-01 best=4.804537e-01
[NA] iter=00028 eval=06415 misfit=4.804570e-01 best=4.804537e-01
[NA] iter=00028 eval=06416 misfit=4.804633e-01 best=4.804537e-01
[NA] iter=00028 eval=06417 misfit=4.804654e-01 best=4.804537e-01
[NA] iter=00028 eval=06418 misfit=4.804626e-01 best=4.804537e-01
[NA] iter=00028 eval=06419 misfit=4.804654e-01 best=4.804537e-01
[NA] iter=00028 eval=06420 misfit=4.804548e-01 best=4.804537e-01
[NA] iter=00028 eval=06421 misfit=4.804552e-01 best=4.804537e-01
[NA] iter=00028 eval=06422 misfit=4.804678e-01 best=4.804537e-01
[NA] iter=00028 eval=06423 misfit=4.804613e-01 best=4.804537e-01
[NA] iter=00028 eval=06424 misfit=4.804593e-01 best=4.804537e-01
[NA] iter=00028 eval=06425 misfit=4.804552e-01 best=4.804537e-01
[NA] iter=00028 eval=06426 misfit=4.804549e-01 best=4.804537e-01
[NA] iter=00028 eval=06427 misfit=4.804546e-01 best=4.804537e-01
[NA] iter=00028 eval=06428 misfit=4.804563e-01 best=4.804537e-01
[NA] iter=00028 eval=06429 misfit=4.804563e-01 best=4.804537e-01
[NA] iter=00028 eval=06430 misfit=4.804602e-01 best=4.804537e-01
[NA] iter=00028 eval=06431 misfit=4.804601e-01 best=4.804537e-01
[NA] iter=00028 eval=06432 misfit=4.804599e-01 best=4.804537e-01
[NA] iter=00028 eval=06433 misfit=4.804606e-01 best=4.804537e-01
[NA] iter=00028 eval=06434 misfit=4.804559e-01 best=4.804537e-01
[NA] iter=00028 eval=06435 misfit=4.804599e-01 best=4.804537e-01
[NA] iter=00028 eval=06436 misfit=4.804645e-01 best=4.804537e-01
[NA] iter=00028 eval=06437 misfit=4.804563e-01 best=4.804537e-01
[NA] iter=00028 eval=06438 misfit=4.804545e-01 best=4.804537e-01
[NA] iter=00028 eval=06439 misfit=4.804585e-01 best=4.804537e-01
[NA] iter=00028 eval=06440 misfit=4.804560e-01 best=4.804537e-01
[NA] iter=00028 eval=06441 misfit=4.804566e-01 best=4.804537e-01
[NA] iter=00028 eval=06442 misfit=4.804543e-01 best=4.804537e-01
[NA] iter=00028 eval=06443 misfit=4.804550e-01 best=4.804537e-01
[NA] iter=00028 eval=06444 misfit=4.804552e-01 best=4.804537e-01
[NA] iter=00028 eval=06445 misfit=4.804544e-01 best=4.804537e-01
[NA] iter=00028 eval=06446 misfit=4.804560e-01 best=4.804537e-01
[NA] iter=00028 eval=06447 misfit=4.804550e-01 best=4.804537e-01
[NA] iter=00028 eval=06448 misfit=4.804566e-01 best=4.804537e-01
[NA] iter=00028 eval=06449 misfit=4.804559e-01 best=4.804537e-01
[NA] iter=00028 eval=06450 misfit=4.804550e-01 best=4.804537e-01
[NA] iter=00028 eval=06451 misfit=4.804545e-01 best=4.804537e-01
[NA] iter=00028 eval=06452 misfit=4.804563e-01 best=4.804537e-01
[NA] iter=00028 eval=06453 misfit=4.804545e-01 best=4.804537e-01
[NA] iter=00028 eval=06454 misfit=4.804562e-01 best=4.804537e-01
[NA] iter=00028 eval=06455 misfit=4.804562e-01 best=4.804537e-01
[NA] iter=00028 eval=06456 misfit=4.804565e-01 best=4.804537e-01
[NA] iter=00028 eval=06457 misfit=4.804545e-01 best=4.804537e-01
[NA] iter=00028 eval=06458 misfit=4.804562e-01 best=4.804537e-01
[NA] iter=00028 eval=06459 misfit=4.804545e-01 best=4.804537e-01
[NA] iter=00028 eval=06460 misfit=4.804545e-01 best=4.804537e-01
[NA] iter=00028 eval=06461 misfit=4.804562e-01 best=4.804537e-01
[NA] iter=00028 eval=06462 misfit=4.804545e-01 best=4.804537e-01
[NA] iter=00028 eval=06463 misfit=4.804545e-01 best=4.804537e-01
[NA] iter=00028 eval=06464 misfit=4.804562e-01 best=4.804537e-01
[NA] iter=00028 eval=06465 misfit=4.804545e-01 best=4.804537e-01
[NA] iter=00028 eval=06466 misfit=4.804545e-01 best=4.804537e-01
[NA] iter=00028 eval=06467 misfit=4.804562e-01 best=4.804537e-01
[NA] iter=00028 eval=06468 misfit=4.804545e-01 best=4.804537e-01
[NA] iter=00028 eval=06469 misfit=4.804583e-01 best=4.804537e-01
[NA] iter=00028 eval=06470 misfit=4.804545e-01 best=4.804537e-01
[NA] iter=00028 eval=06471 misfit=4.804545e-01 best=4.804537e-01
[NA] iter=00028 eval=06472 misfit=4.804562e-01 best=4.804537e-01
[NA] iter=00028 eval=06473 misfit=4.804562e-01 best=4.804537e-01
[NA] iter=00028 eval=06474 misfit=4.804562e-01 best=4.804537e-01
[NA] iter=00028 eval=06475 misfit=4.804562e-01 best=4.804537e-01
[NA] iter=00028 eval=06476 misfit=4.804562e-01 best=4.804537e-01
[NA] iter=00028 eval=06477 misfit=4.804562e-01 best=4.804537e-01
[NA] iter=00028 eval=06478 misfit=4.804545e-01 best=4.804537e-01
[NA] iter=00028 eval=06479 misfit=4.804562e-01 best=4.804537e-01
[NA] iter=00028 eval=06480 misfit=4.804563e-01 best=4.804537e-01
[NA] iter=00028 eval=06481 misfit=4.804562e-01 best=4.804537e-01
[NA] iter=00028 eval=06482 misfit=4.804583e-01 best=4.804537e-01
[NA] iter=00028 eval=06483 misfit=4.804562e-01 best=4.804537e-01
[NA] iter=00028 eval=06484 misfit=4.804601e-01 best=4.804537e-01
[NA] iter=00028 eval=06485 misfit=4.804562e-01 best=4.804537e-01
[NA] iter=00028 eval=06486 misfit=4.804583e-01 best=4.804537e-01
[NA] iter=00028 eval=06487 misfit=4.804585e-01 best=4.804537e-01
[NA] iter=00028 eval=06488 misfit=4.804562e-01 best=4.804537e-01
[NA] iter=00028 eval=06489 misfit=4.804562e-01 best=4.804537e-01
[NA] iter=00028 eval=06490 misfit=4.804600e-01 best=4.804537e-01
[NA] iter=00028 eval=06491 misfit=4.804558e-01 best=4.804537e-01
[NA] iter=00028 eval=06492 misfit=4.804545e-01 best=4.804537e-01
[NA] iter=00028 eval=06493 misfit=4.804562e-01 best=4.804537e-01
[NA] iter=00028 eval=06494 misfit=4.804571e-01 best=4.804537e-01
[NA] iter=00028 eval=06495 misfit=4.804565e-01 best=4.804537e-01
[NA] iter=00028 eval=06496 misfit=4.804569e-01 best=4.804537e-01
[NA] iter=00028 eval=06497 misfit=4.804545e-01 best=4.804537e-01
[NA] iter=00028 eval=06498 misfit=4.804562e-01 best=4.804537e-01
[NA] iter=00028 eval=06499 misfit=4.804545e-01 best=4.804537e-01
[NA] iter=00028 eval=06500 misfit=4.804545e-01 best=4.804537e-01
[NA] iter=00028 eval=06501 misfit=4.804546e-01 best=4.804537e-01
[NA] iter=00028 eval=06502 misfit=4.804546e-01 best=4.804537e-01
[NA] iter=00028 eval=06503 misfit=4.804546e-01 best=4.804537e-01
[NA] iter=00028 eval=06504 misfit=4.804546e-01 best=4.804537e-01
[NA] iter=00028 eval=06505 misfit=4.804545e-01 best=4.804537e-01
[NA] iter=00028 eval=06506 misfit=4.804545e-01 best=4.804537e-01
[NA] iter=00028 eval=06507 misfit=4.804562e-01 best=4.804537e-01
[NA] iter=00028 eval=06508 misfit=4.804546e-01 best=4.804537e-01
[NA] iter=00028 eval=06509 misfit=4.804563e-01 best=4.804537e-01
[NA] iter=00028 eval=06510 misfit=4.804545e-01 best=4.804537e-01
[NA] iter=00028 eval=06511 misfit=4.804546e-01 best=4.804537e-01
[NA] iter=00028 eval=06512 misfit=4.804545e-01 best=4.804537e-01
[NA] iter=00028 eval=06513 misfit=4.804545e-01 best=4.804537e-01
[NA] iter=00028 eval=06514 misfit=4.804545e-01 best=4.804537e-01
[NA] iter=00028 eval=06515 misfit=4.804545e-01 best=4.804537e-01
[NA] iter=00028 eval=06516 misfit=4.804546e-01 best=4.804537e-01
[NA] iter=00028 eval=06517 misfit=4.804554e-01 best=4.804537e-01
[NA] iter=00028 eval=06518 misfit=4.804545e-01 best=4.804537e-01
[NA] iter=00028 eval=06519 misfit=4.804545e-01 best=4.804537e-01
[NA] iter=00028 eval=06520 misfit=4.804546e-01 best=4.804537e-01
[NA] iter=00028 eval=06521 misfit=4.804546e-01 best=4.804537e-01
[NA] iter=00028 eval=06522 misfit=4.804546e-01 best=4.804537e-01
[NA] iter=00028 eval=06523 misfit=4.804562e-01 best=4.804537e-01
[NA] iter=00028 eval=06524 misfit=4.804545e-01 best=4.804537e-01
[NA] iter=00028 eval=06525 misfit=4.804545e-01 best=4.804537e-01
[NA] iter=00028 eval=06526 misfit=4.804546e-01 best=4.804537e-01
[NA] iter=00028 eval=06527 misfit=4.804554e-01 best=4.804537e-01
[NA] iter=00028 eval=06528 misfit=4.804546e-01 best=4.804537e-01
[NA] iter=00028 eval=06529 misfit=4.804546e-01 best=4.804537e-01
[NA] iter=00028 eval=06530 misfit=4.804546e-01 best=4.804537e-01
[NA] iter=00028 eval=06531 misfit=4.804546e-01 best=4.804537e-01
[NA] iter=00028 eval=06532 misfit=4.804562e-01 best=4.804537e-01
[NA] iter=00028 eval=06533 misfit=4.804545e-01 best=4.804537e-01
[NA] iter=00028 eval=06534 misfit=4.804545e-01 best=4.804537e-01
[NA] iter=00028 eval=06535 misfit=4.804545e-01 best=4.804537e-01
[NA] iter=00028 eval=06536 misfit=4.804546e-01 best=4.804537e-01
[NA] iter=00028 eval=06537 misfit=4.804562e-01 best=4.804537e-01
[NA] iter=00028 eval=06538 misfit=4.804562e-01 best=4.804537e-01
[NA] iter=00028 eval=06539 misfit=4.804552e-01 best=4.804537e-01
[NA] iter=00028 eval=06540 misfit=4.804545e-01 best=4.804537e-01
[NA] iter=00028 eval=06541 misfit=4.804563e-01 best=4.804537e-01
[NA] iter=00028 eval=06542 misfit=4.804546e-01 best=4.804537e-01
[NA] iter=00028 eval=06543 misfit=4.804545e-01 best=4.804537e-01
[NA] iter=00028 eval=06544 misfit=4.804545e-01 best=4.804537e-01
[NA] iter=00028 eval=06545 misfit=4.804563e-01 best=4.804537e-01
[NA] iter=00028 eval=06546 misfit=4.804545e-01 best=4.804537e-01
[NA] iter=00028 eval=06547 misfit=4.804571e-01 best=4.804537e-01
[NA] iter=00028 eval=06548 misfit=4.804545e-01 best=4.804537e-01
[NA] iter=00028 eval=06549 misfit=4.804549e-01 best=4.804537e-01
[NA] iter=00028 eval=06550 misfit=4.804545e-01 best=4.804537e-01
[NA] iter=00028 eval=06551 misfit=4.804562e-01 best=4.804537e-01
[NA] iter=00028 eval=06552 misfit=4.804562e-01 best=4.804537e-01
[NA] iter=00028 eval=06553 misfit=4.804545e-01 best=4.804537e-01
[NA] iter=00028 eval=06554 misfit=4.804562e-01 best=4.804537e-01
[NA] iter=00028 eval=06555 misfit=4.804563e-01 best=4.804537e-01
[NA] iter=00028 eval=06556 misfit=4.804546e-01 best=4.804537e-01
[NA] iter=00028 eval=06557 misfit=4.804546e-01 best=4.804537e-01
[NA] iter=00028 eval=06558 misfit=4.804562e-01 best=4.804537e-01
[NA] iter=00028 eval=06559 misfit=4.804563e-01 best=4.804537e-01
[NA] iter=00028 eval=06560 misfit=4.804562e-01 best=4.804537e-01
[NA] iter=00028 eval=06561 misfit=4.804558e-01 best=4.804537e-01
[NA] iter=00028 eval=06562 misfit=4.804545e-01 best=4.804537e-01
[NA] iter=00028 eval=06563 misfit=4.804571e-01 best=4.804537e-01
[NA] iter=00028 eval=06564 misfit=4.804562e-01 best=4.804537e-01
[NA] iter=00028 eval=06565 misfit=4.804562e-01 best=4.804537e-01
[NA] iter=00028 eval=06566 misfit=4.804546e-01 best=4.804537e-01
[NA] iter=00028 eval=06567 misfit=4.804562e-01 best=4.804537e-01
[NA] iter=00028 eval=06568 misfit=4.804549e-01 best=4.804537e-01
[NA] iter=00028 eval=06569 misfit=4.804545e-01 best=4.804537e-01
[NA] iter=00028 eval=06570 misfit=4.804545e-01 best=4.804537e-01
[NA] iter=00028 eval=06571 misfit=4.804552e-01 best=4.804537e-01
[NA] iter=00028 eval=06572 misfit=4.804554e-01 best=4.804537e-01
[NA] iter=00028 eval=06573 misfit=4.804545e-01 best=4.804537e-01
[NA] iter=00028 eval=06574 misfit=4.804545e-01 best=4.804537e-01
[NA] iter=00028 eval=06575 misfit=4.804546e-01 best=4.804537e-01
[NA] iter=00028 eval=06576 misfit=4.804545e-01 best=4.804537e-01
[NA] iter=00028 eval=06577 misfit=4.804545e-01 best=4.804537e-01
[NA] iter=00028 eval=06578 misfit=4.804549e-01 best=4.804537e-01
[NA] iter=00028 eval=06579 misfit=4.804545e-01 best=4.804537e-01
[NA] iter=00028 eval=06580 misfit=4.804545e-01 best=4.804537e-01
[NA] iter=00028 eval=06581 misfit=4.804546e-01 best=4.804537e-01
[NA] iter=00028 eval=06582 misfit=4.804554e-01 best=4.804537e-01
[NA] iter=00028 eval=06583 misfit=4.804545e-01 best=4.804537e-01
[NA] iter=00028 eval=06584 misfit=4.804554e-01 best=4.804537e-01
[NA] iter=00028 eval=06585 misfit=4.804545e-01 best=4.804537e-01
[NA] iter=00028 eval=06586 misfit=4.804554e-01 best=4.804537e-01
[NA] iter=00028 eval=06587 misfit=4.804546e-01 best=4.804537e-01
[NA] iter=00028 eval=06588 misfit=4.804554e-01 best=4.804537e-01
[NA] iter=00028 eval=06589 misfit=4.804549e-01 best=4.804537e-01
[NA] iter=00028 eval=06590 misfit=4.804552e-01 best=4.804537e-01
[NA] iter=00028 eval=06591 misfit=4.804563e-01 best=4.804537e-01
[NA] iter=00028 eval=06592 misfit=4.804563e-01 best=4.804537e-01
[NA] iter=00028 eval=06593 misfit=4.804546e-01 best=4.804537e-01
[NA] iter=00028 eval=06594 misfit=4.804565e-01 best=4.804537e-01
[NA] iter=00028 eval=06595 misfit=4.804563e-01 best=4.804537e-01
[NA] iter=00028 eval=06596 misfit=4.804563e-01 best=4.804537e-01
[NA] iter=00028 eval=06597 misfit=4.804546e-01 best=4.804537e-01
[NA] iter=00028 eval=06598 misfit=4.804562e-01 best=4.804537e-01
[NA] iter=00028 eval=06599 misfit=4.804563e-01 best=4.804537e-01
[NA] iter=00028 eval=06600 misfit=4.804563e-01 best=4.804537e-01
NAI - Optimisation Loop:  93%|█████████▎| 28/30 [1:03:35<04:30, 135.39s/it][NA] iter=00029 eval=06601 misfit=4.804537e-01 best=4.804537e-01
[NA] iter=00029 eval=06602 misfit=4.804598e-01 best=4.804537e-01
[NA] iter=00029 eval=06603 misfit=4.804587e-01 best=4.804537e-01
[NA] iter=00029 eval=06604 misfit=4.804581e-01 best=4.804537e-01
[NA] iter=00029 eval=06605 misfit=4.804548e-01 best=4.804537e-01
[NA] iter=00029 eval=06606 misfit=4.804587e-01 best=4.804537e-01
[NA] iter=00029 eval=06607 misfit=4.804587e-01 best=4.804537e-01
[NA] iter=00029 eval=06608 misfit=4.804671e-01 best=4.804537e-01
[NA] iter=00029 eval=06609 misfit=4.804608e-01 best=4.804537e-01
[NA] iter=00029 eval=06610 misfit=4.804563e-01 best=4.804537e-01
[NA] iter=00029 eval=06611 misfit=4.804545e-01 best=4.804537e-01
[NA] iter=00029 eval=06612 misfit=4.804545e-01 best=4.804537e-01
[NA] iter=00029 eval=06613 misfit=4.804545e-01 best=4.804537e-01
[NA] iter=00029 eval=06614 misfit=4.804552e-01 best=4.804537e-01
[NA] iter=00029 eval=06615 misfit=4.804545e-01 best=4.804537e-01
[NA] iter=00029 eval=06616 misfit=4.804545e-01 best=4.804537e-01
[NA] iter=00029 eval=06617 misfit=4.804549e-01 best=4.804537e-01
[NA] iter=00029 eval=06618 misfit=4.804565e-01 best=4.804537e-01
[NA] iter=00029 eval=06619 misfit=4.804569e-01 best=4.804537e-01
[NA] iter=00029 eval=06620 misfit=4.804542e-01 best=4.804537e-01
[NA] iter=00029 eval=06621 misfit=4.804672e-01 best=4.804537e-01
[NA] iter=00029 eval=06622 misfit=4.804587e-01 best=4.804537e-01
[NA] iter=00029 eval=06623 misfit=4.804672e-01 best=4.804537e-01
[NA] iter=00029 eval=06624 misfit=4.804587e-01 best=4.804537e-01
[NA] iter=00029 eval=06625 misfit=4.804587e-01 best=4.804537e-01
[NA] iter=00029 eval=06626 misfit=4.804645e-01 best=4.804537e-01
[NA] iter=00029 eval=06627 misfit=4.804557e-01 best=4.804537e-01
[NA] iter=00029 eval=06628 misfit=4.804623e-01 best=4.804537e-01
[NA] iter=00029 eval=06629 misfit=4.804563e-01 best=4.804537e-01
[NA] iter=00029 eval=06630 misfit=4.804587e-01 best=4.804537e-01
[NA] iter=00029 eval=06631 misfit=4.804539e-01 best=4.804537e-01
[NA] iter=00029 eval=06632 misfit=4.804545e-01 best=4.804537e-01
[NA] iter=00029 eval=06633 misfit=4.804552e-01 best=4.804537e-01
[NA] iter=00029 eval=06634 misfit=4.804545e-01 best=4.804537e-01
[NA] iter=00029 eval=06635 misfit=4.804542e-01 best=4.804537e-01
[NA] iter=00029 eval=06636 misfit=4.804539e-01 best=4.804537e-01
[NA] iter=00029 eval=06637 misfit=4.804545e-01 best=4.804537e-01
[NA] iter=00029 eval=06638 misfit=4.804545e-01 best=4.804537e-01
[NA] iter=00029 eval=06639 misfit=4.804545e-01 best=4.804537e-01
[NA] iter=00029 eval=06640 misfit=4.804545e-01 best=4.804537e-01
[NA] iter=00029 eval=06641 misfit=4.804566e-01 best=4.804537e-01
[NA] iter=00029 eval=06642 misfit=4.804543e-01 best=4.804537e-01
[NA] iter=00029 eval=06643 misfit=4.804550e-01 best=4.804537e-01
[NA] iter=00029 eval=06644 misfit=4.804568e-01 best=4.804537e-01
[NA] iter=00029 eval=06645 misfit=4.804550e-01 best=4.804537e-01
[NA] iter=00029 eval=06646 misfit=4.804550e-01 best=4.804537e-01
[NA] iter=00029 eval=06647 misfit=4.804550e-01 best=4.804537e-01
[NA] iter=00029 eval=06648 misfit=4.804543e-01 best=4.804537e-01
[NA] iter=00029 eval=06649 misfit=4.804561e-01 best=4.804537e-01
[NA] iter=00029 eval=06650 misfit=4.804555e-01 best=4.804537e-01
[NA] iter=00029 eval=06651 misfit=4.804559e-01 best=4.804537e-01
[NA] iter=00029 eval=06652 misfit=4.804559e-01 best=4.804537e-01
[NA] iter=00029 eval=06653 misfit=4.804532e-01 best=4.804532e-01
[NA] iter=00029 eval=06654 misfit=4.804559e-01 best=4.804532e-01
[NA] iter=00029 eval=06655 misfit=4.804546e-01 best=4.804532e-01
[NA] iter=00029 eval=06656 misfit=4.804532e-01 best=4.804532e-01
[NA] iter=00029 eval=06657 misfit=4.804546e-01 best=4.804532e-01
[NA] iter=00029 eval=06658 misfit=4.804560e-01 best=4.804532e-01
[NA] iter=00029 eval=06659 misfit=4.804549e-01 best=4.804532e-01
[NA] iter=00029 eval=06660 misfit=4.804563e-01 best=4.804532e-01
[NA] iter=00029 eval=06661 misfit=4.804599e-01 best=4.804532e-01
[NA] iter=00029 eval=06662 misfit=4.804559e-01 best=4.804532e-01
[NA] iter=00029 eval=06663 misfit=4.804599e-01 best=4.804532e-01
[NA] iter=00029 eval=06664 misfit=4.804582e-01 best=4.804532e-01
[NA] iter=00029 eval=06665 misfit=4.804563e-01 best=4.804532e-01
[NA] iter=00029 eval=06666 misfit=4.804560e-01 best=4.804532e-01
[NA] iter=00029 eval=06667 misfit=4.804563e-01 best=4.804532e-01
[NA] iter=00029 eval=06668 misfit=4.804559e-01 best=4.804532e-01
[NA] iter=00029 eval=06669 misfit=4.804545e-01 best=4.804532e-01
[NA] iter=00029 eval=06670 misfit=4.804563e-01 best=4.804532e-01
[NA] iter=00029 eval=06671 misfit=4.804599e-01 best=4.804532e-01
[NA] iter=00029 eval=06672 misfit=4.804559e-01 best=4.804532e-01
[NA] iter=00029 eval=06673 misfit=4.804544e-01 best=4.804532e-01
[NA] iter=00029 eval=06674 misfit=4.804543e-01 best=4.804532e-01
[NA] iter=00029 eval=06675 misfit=4.804543e-01 best=4.804532e-01
[NA] iter=00029 eval=06676 misfit=4.804560e-01 best=4.804532e-01
[NA] iter=00029 eval=06677 misfit=4.804544e-01 best=4.804532e-01
[NA] iter=00029 eval=06678 misfit=4.804582e-01 best=4.804532e-01
[NA] iter=00029 eval=06679 misfit=4.804544e-01 best=4.804532e-01
[NA] iter=00029 eval=06680 misfit=4.804582e-01 best=4.804532e-01
[NA] iter=00029 eval=06681 misfit=4.804644e-01 best=4.804532e-01
[NA] iter=00029 eval=06682 misfit=4.804633e-01 best=4.804532e-01
[NA] iter=00029 eval=06683 misfit=4.804602e-01 best=4.804532e-01
[NA] iter=00029 eval=06684 misfit=4.804541e-01 best=4.804532e-01
[NA] iter=00029 eval=06685 misfit=4.804598e-01 best=4.804532e-01
[NA] iter=00029 eval=06686 misfit=4.804537e-01 best=4.804532e-01
[NA] iter=00029 eval=06687 misfit=4.804538e-01 best=4.804532e-01
[NA] iter=00029 eval=06688 misfit=4.804537e-01 best=4.804532e-01
[NA] iter=00029 eval=06689 misfit=4.804531e-01 best=4.804531e-01
[NA] iter=00029 eval=06690 misfit=4.804548e-01 best=4.804531e-01
[NA] iter=00029 eval=06691 misfit=4.804552e-01 best=4.804531e-01
[NA] iter=00029 eval=06692 misfit=4.804555e-01 best=4.804531e-01
[NA] iter=00029 eval=06693 misfit=4.804559e-01 best=4.804531e-01
[NA] iter=00029 eval=06694 misfit=4.804550e-01 best=4.804531e-01
[NA] iter=00029 eval=06695 misfit=4.804545e-01 best=4.804531e-01
[NA] iter=00029 eval=06696 misfit=4.804565e-01 best=4.804531e-01
[NA] iter=00029 eval=06697 misfit=4.804545e-01 best=4.804531e-01
[NA] iter=00029 eval=06698 misfit=4.804552e-01 best=4.804531e-01
[NA] iter=00029 eval=06699 misfit=4.804550e-01 best=4.804531e-01
[NA] iter=00029 eval=06700 misfit=4.804549e-01 best=4.804531e-01
[NA] iter=00029 eval=06701 misfit=4.804562e-01 best=4.804531e-01
[NA] iter=00029 eval=06702 misfit=4.804563e-01 best=4.804531e-01
[NA] iter=00029 eval=06703 misfit=4.804560e-01 best=4.804531e-01
[NA] iter=00029 eval=06704 misfit=4.804562e-01 best=4.804531e-01
[NA] iter=00029 eval=06705 misfit=4.804552e-01 best=4.804531e-01
[NA] iter=00029 eval=06706 misfit=4.804601e-01 best=4.804531e-01
[NA] iter=00029 eval=06707 misfit=4.804559e-01 best=4.804531e-01
[NA] iter=00029 eval=06708 misfit=4.804582e-01 best=4.804531e-01
[NA] iter=00029 eval=06709 misfit=4.804545e-01 best=4.804531e-01
[NA] iter=00029 eval=06710 misfit=4.804562e-01 best=4.804531e-01
[NA] iter=00029 eval=06711 misfit=4.804545e-01 best=4.804531e-01
[NA] iter=00029 eval=06712 misfit=4.804545e-01 best=4.804531e-01
[NA] iter=00029 eval=06713 misfit=4.804562e-01 best=4.804531e-01
[NA] iter=00029 eval=06714 misfit=4.804545e-01 best=4.804531e-01
[NA] iter=00029 eval=06715 misfit=4.804545e-01 best=4.804531e-01
[NA] iter=00029 eval=06716 misfit=4.804562e-01 best=4.804531e-01
[NA] iter=00029 eval=06717 misfit=4.804562e-01 best=4.804531e-01
[NA] iter=00029 eval=06718 misfit=4.804545e-01 best=4.804531e-01
[NA] iter=00029 eval=06719 misfit=4.804545e-01 best=4.804531e-01
[NA] iter=00029 eval=06720 misfit=4.804562e-01 best=4.804531e-01
[NA] iter=00029 eval=06721 misfit=4.804545e-01 best=4.804531e-01
[NA] iter=00029 eval=06722 misfit=4.804545e-01 best=4.804531e-01
[NA] iter=00029 eval=06723 misfit=4.804545e-01 best=4.804531e-01
[NA] iter=00029 eval=06724 misfit=4.804545e-01 best=4.804531e-01
[NA] iter=00029 eval=06725 misfit=4.804562e-01 best=4.804531e-01
[NA] iter=00029 eval=06726 misfit=4.804562e-01 best=4.804531e-01
[NA] iter=00029 eval=06727 misfit=4.804545e-01 best=4.804531e-01
[NA] iter=00029 eval=06728 misfit=4.804562e-01 best=4.804531e-01
[NA] iter=00029 eval=06729 misfit=4.804545e-01 best=4.804531e-01
[NA] iter=00029 eval=06730 misfit=4.804545e-01 best=4.804531e-01
[NA] iter=00029 eval=06731 misfit=4.804562e-01 best=4.804531e-01
[NA] iter=00029 eval=06732 misfit=4.804562e-01 best=4.804531e-01
[NA] iter=00029 eval=06733 misfit=4.804545e-01 best=4.804531e-01
[NA] iter=00029 eval=06734 misfit=4.804562e-01 best=4.804531e-01
[NA] iter=00029 eval=06735 misfit=4.804562e-01 best=4.804531e-01
[NA] iter=00029 eval=06736 misfit=4.804545e-01 best=4.804531e-01
[NA] iter=00029 eval=06737 misfit=4.804545e-01 best=4.804531e-01
[NA] iter=00029 eval=06738 misfit=4.804562e-01 best=4.804531e-01
[NA] iter=00029 eval=06739 misfit=4.804562e-01 best=4.804531e-01
[NA] iter=00029 eval=06740 misfit=4.804545e-01 best=4.804531e-01
[NA] iter=00029 eval=06741 misfit=4.804545e-01 best=4.804531e-01
[NA] iter=00029 eval=06742 misfit=4.804545e-01 best=4.804531e-01
[NA] iter=00029 eval=06743 misfit=4.804601e-01 best=4.804531e-01
[NA] iter=00029 eval=06744 misfit=4.804562e-01 best=4.804531e-01
[NA] iter=00029 eval=06745 misfit=4.804592e-01 best=4.804531e-01
[NA] iter=00029 eval=06746 misfit=4.804545e-01 best=4.804531e-01
[NA] iter=00029 eval=06747 misfit=4.804592e-01 best=4.804531e-01
[NA] iter=00029 eval=06748 misfit=4.804545e-01 best=4.804531e-01
[NA] iter=00029 eval=06749 misfit=4.804545e-01 best=4.804531e-01
[NA] iter=00029 eval=06750 misfit=4.804585e-01 best=4.804531e-01
[NA] iter=00029 eval=06751 misfit=4.804583e-01 best=4.804531e-01
[NA] iter=00029 eval=06752 misfit=4.804545e-01 best=4.804531e-01
[NA] iter=00029 eval=06753 misfit=4.804585e-01 best=4.804531e-01
[NA] iter=00029 eval=06754 misfit=4.804545e-01 best=4.804531e-01
[NA] iter=00029 eval=06755 misfit=4.804545e-01 best=4.804531e-01
[NA] iter=00029 eval=06756 misfit=4.804562e-01 best=4.804531e-01
[NA] iter=00029 eval=06757 misfit=4.804545e-01 best=4.804531e-01
[NA] iter=00029 eval=06758 misfit=4.804562e-01 best=4.804531e-01
[NA] iter=00029 eval=06759 misfit=4.804562e-01 best=4.804531e-01
[NA] iter=00029 eval=06760 misfit=4.804545e-01 best=4.804531e-01
[NA] iter=00029 eval=06761 misfit=4.804562e-01 best=4.804531e-01
[NA] iter=00029 eval=06762 misfit=4.804545e-01 best=4.804531e-01
[NA] iter=00029 eval=06763 misfit=4.804545e-01 best=4.804531e-01
[NA] iter=00029 eval=06764 misfit=4.804545e-01 best=4.804531e-01
[NA] iter=00029 eval=06765 misfit=4.804545e-01 best=4.804531e-01
[NA] iter=00029 eval=06766 misfit=4.804562e-01 best=4.804531e-01
[NA] iter=00029 eval=06767 misfit=4.804562e-01 best=4.804531e-01
[NA] iter=00029 eval=06768 misfit=4.804545e-01 best=4.804531e-01
[NA] iter=00029 eval=06769 misfit=4.804562e-01 best=4.804531e-01
[NA] iter=00029 eval=06770 misfit=4.804545e-01 best=4.804531e-01
[NA] iter=00029 eval=06771 misfit=4.804600e-01 best=4.804531e-01
[NA] iter=00029 eval=06772 misfit=4.804600e-01 best=4.804531e-01
[NA] iter=00029 eval=06773 misfit=4.804600e-01 best=4.804531e-01
[NA] iter=00029 eval=06774 misfit=4.804600e-01 best=4.804531e-01
[NA] iter=00029 eval=06775 misfit=4.804545e-01 best=4.804531e-01
[NA] iter=00029 eval=06776 misfit=4.804583e-01 best=4.804531e-01
[NA] iter=00029 eval=06777 misfit=4.804545e-01 best=4.804531e-01
[NA] iter=00029 eval=06778 misfit=4.804562e-01 best=4.804531e-01
[NA] iter=00029 eval=06779 misfit=4.804545e-01 best=4.804531e-01
[NA] iter=00029 eval=06780 misfit=4.804545e-01 best=4.804531e-01
[NA] iter=00029 eval=06781 misfit=4.804554e-01 best=4.804531e-01
[NA] iter=00029 eval=06782 misfit=4.804549e-01 best=4.804531e-01
[NA] iter=00029 eval=06783 misfit=4.804549e-01 best=4.804531e-01
[NA] iter=00029 eval=06784 misfit=4.804545e-01 best=4.804531e-01
[NA] iter=00029 eval=06785 misfit=4.804554e-01 best=4.804531e-01
[NA] iter=00029 eval=06786 misfit=4.804545e-01 best=4.804531e-01
[NA] iter=00029 eval=06787 misfit=4.804545e-01 best=4.804531e-01
[NA] iter=00029 eval=06788 misfit=4.804545e-01 best=4.804531e-01
[NA] iter=00029 eval=06789 misfit=4.804554e-01 best=4.804531e-01
[NA] iter=00029 eval=06790 misfit=4.804545e-01 best=4.804531e-01
[NA] iter=00029 eval=06791 misfit=4.804545e-01 best=4.804531e-01
[NA] iter=00029 eval=06792 misfit=4.804562e-01 best=4.804531e-01
[NA] iter=00029 eval=06793 misfit=4.804562e-01 best=4.804531e-01
[NA] iter=00029 eval=06794 misfit=4.804562e-01 best=4.804531e-01
[NA] iter=00029 eval=06795 misfit=4.804545e-01 best=4.804531e-01
[NA] iter=00029 eval=06796 misfit=4.804545e-01 best=4.804531e-01
[NA] iter=00029 eval=06797 misfit=4.804562e-01 best=4.804531e-01
[NA] iter=00029 eval=06798 misfit=4.804545e-01 best=4.804531e-01
[NA] iter=00029 eval=06799 misfit=4.804569e-01 best=4.804531e-01
[NA] iter=00029 eval=06800 misfit=4.804569e-01 best=4.804531e-01
NAI - Optimisation Loop:  97%|█████████▋| 29/30 [1:05:54<02:16, 136.43s/it][NA] iter=00030 eval=06801 misfit=4.804548e-01 best=4.804531e-01
[NA] iter=00030 eval=06802 misfit=4.804570e-01 best=4.804531e-01
[NA] iter=00030 eval=06803 misfit=4.804553e-01 best=4.804531e-01
[NA] iter=00030 eval=06804 misfit=4.804570e-01 best=4.804531e-01
[NA] iter=00030 eval=06805 misfit=4.804559e-01 best=4.804531e-01
[NA] iter=00030 eval=06806 misfit=4.804542e-01 best=4.804531e-01
[NA] iter=00030 eval=06807 misfit=4.804548e-01 best=4.804531e-01
[NA] iter=00030 eval=06808 misfit=4.804548e-01 best=4.804531e-01
[NA] iter=00030 eval=06809 misfit=4.804542e-01 best=4.804531e-01
[NA] iter=00030 eval=06810 misfit=4.804548e-01 best=4.804531e-01
[NA] iter=00030 eval=06811 misfit=4.804532e-01 best=4.804531e-01
[NA] iter=00030 eval=06812 misfit=4.804549e-01 best=4.804531e-01
[NA] iter=00030 eval=06813 misfit=4.804559e-01 best=4.804531e-01
[NA] iter=00030 eval=06814 misfit=4.804543e-01 best=4.804531e-01
[NA] iter=00030 eval=06815 misfit=4.804532e-01 best=4.804531e-01
[NA] iter=00030 eval=06816 misfit=4.804532e-01 best=4.804531e-01
[NA] iter=00030 eval=06817 misfit=4.804532e-01 best=4.804531e-01
[NA] iter=00030 eval=06818 misfit=4.804532e-01 best=4.804531e-01
[NA] iter=00030 eval=06819 misfit=4.804532e-01 best=4.804531e-01
[NA] iter=00030 eval=06820 misfit=4.804532e-01 best=4.804531e-01
[NA] iter=00030 eval=06821 misfit=4.804532e-01 best=4.804531e-01
[NA] iter=00030 eval=06822 misfit=4.804532e-01 best=4.804531e-01
[NA] iter=00030 eval=06823 misfit=4.804536e-01 best=4.804531e-01
[NA] iter=00030 eval=06824 misfit=4.804549e-01 best=4.804531e-01
[NA] iter=00030 eval=06825 misfit=4.804559e-01 best=4.804531e-01
[NA] iter=00030 eval=06826 misfit=4.804549e-01 best=4.804531e-01
[NA] iter=00030 eval=06827 misfit=4.804556e-01 best=4.804531e-01
[NA] iter=00030 eval=06828 misfit=4.804532e-01 best=4.804531e-01
[NA] iter=00030 eval=06829 misfit=4.804549e-01 best=4.804531e-01
[NA] iter=00030 eval=06830 misfit=4.804549e-01 best=4.804531e-01
[NA] iter=00030 eval=06831 misfit=4.804587e-01 best=4.804531e-01
[NA] iter=00030 eval=06832 misfit=4.804633e-01 best=4.804531e-01
[NA] iter=00030 eval=06833 misfit=4.804587e-01 best=4.804531e-01
[NA] iter=00030 eval=06834 misfit=4.804630e-01 best=4.804531e-01
[NA] iter=00030 eval=06835 misfit=4.804531e-01 best=4.804531e-01
[NA] iter=00030 eval=06836 misfit=4.804665e-01 best=4.804531e-01
[NA] iter=00030 eval=06837 misfit=4.804544e-01 best=4.804531e-01
[NA] iter=00030 eval=06838 misfit=4.804626e-01 best=4.804531e-01
[NA] iter=00030 eval=06839 misfit=4.804571e-01 best=4.804531e-01
[NA] iter=00030 eval=06840 misfit=4.804587e-01 best=4.804531e-01
[NA] iter=00030 eval=06841 misfit=4.804577e-01 best=4.804531e-01
[NA] iter=00030 eval=06842 misfit=4.804652e-01 best=4.804531e-01
[NA] iter=00030 eval=06843 misfit=4.804567e-01 best=4.804531e-01
[NA] iter=00030 eval=06844 misfit=4.804645e-01 best=4.804531e-01
[NA] iter=00030 eval=06845 misfit=4.804655e-01 best=4.804531e-01
[NA] iter=00030 eval=06846 misfit=4.804540e-01 best=4.804531e-01
[NA] iter=00030 eval=06847 misfit=4.804550e-01 best=4.804531e-01
[NA] iter=00030 eval=06848 misfit=4.804670e-01 best=4.804531e-01
[NA] iter=00030 eval=06849 misfit=4.804569e-01 best=4.804531e-01
[NA] iter=00030 eval=06850 misfit=4.804567e-01 best=4.804531e-01
[NA] iter=00030 eval=06851 misfit=4.804537e-01 best=4.804531e-01
[NA] iter=00030 eval=06852 misfit=4.804537e-01 best=4.804531e-01
[NA] iter=00030 eval=06853 misfit=4.804630e-01 best=4.804531e-01
[NA] iter=00030 eval=06854 misfit=4.804544e-01 best=4.804531e-01
[NA] iter=00030 eval=06855 misfit=4.804541e-01 best=4.804531e-01
[NA] iter=00030 eval=06856 misfit=4.804626e-01 best=4.804531e-01
[NA] iter=00030 eval=06857 misfit=4.804623e-01 best=4.804531e-01
[NA] iter=00030 eval=06858 misfit=4.804579e-01 best=4.804531e-01
[NA] iter=00030 eval=06859 misfit=4.804623e-01 best=4.804531e-01
[NA] iter=00030 eval=06860 misfit=4.804544e-01 best=4.804531e-01
[NA] iter=00030 eval=06861 misfit=4.804630e-01 best=4.804531e-01
[NA] iter=00030 eval=06862 misfit=4.804633e-01 best=4.804531e-01
[NA] iter=00030 eval=06863 misfit=4.804672e-01 best=4.804531e-01
[NA] iter=00030 eval=06864 misfit=4.804673e-01 best=4.804531e-01
[NA] iter=00030 eval=06865 misfit=4.804684e-01 best=4.804531e-01
[NA] iter=00030 eval=06866 misfit=4.804548e-01 best=4.804531e-01
[NA] iter=00030 eval=06867 misfit=4.804548e-01 best=4.804531e-01
[NA] iter=00030 eval=06868 misfit=4.804548e-01 best=4.804531e-01
[NA] iter=00030 eval=06869 misfit=4.804647e-01 best=4.804531e-01
[NA] iter=00030 eval=06870 misfit=4.804598e-01 best=4.804531e-01
[NA] iter=00030 eval=06871 misfit=4.804565e-01 best=4.804531e-01
[NA] iter=00030 eval=06872 misfit=4.804548e-01 best=4.804531e-01
[NA] iter=00030 eval=06873 misfit=4.804633e-01 best=4.804531e-01
[NA] iter=00030 eval=06874 misfit=4.804542e-01 best=4.804531e-01
[NA] iter=00030 eval=06875 misfit=4.804566e-01 best=4.804531e-01
[NA] iter=00030 eval=06876 misfit=4.804644e-01 best=4.804531e-01
[NA] iter=00030 eval=06877 misfit=4.804599e-01 best=4.804531e-01
[NA] iter=00030 eval=06878 misfit=4.804644e-01 best=4.804531e-01
[NA] iter=00030 eval=06879 misfit=4.804672e-01 best=4.804531e-01
[NA] iter=00030 eval=06880 misfit=4.804650e-01 best=4.804531e-01
[NA] iter=00030 eval=06881 misfit=4.804562e-01 best=4.804531e-01
[NA] iter=00030 eval=06882 misfit=4.804565e-01 best=4.804531e-01
[NA] iter=00030 eval=06883 misfit=4.804549e-01 best=4.804531e-01
[NA] iter=00030 eval=06884 misfit=4.804556e-01 best=4.804531e-01
[NA] iter=00030 eval=06885 misfit=4.804558e-01 best=4.804531e-01
[NA] iter=00030 eval=06886 misfit=4.804545e-01 best=4.804531e-01
[NA] iter=00030 eval=06887 misfit=4.804569e-01 best=4.804531e-01
[NA] iter=00030 eval=06888 misfit=4.804552e-01 best=4.804531e-01
[NA] iter=00030 eval=06889 misfit=4.804569e-01 best=4.804531e-01
[NA] iter=00030 eval=06890 misfit=4.804569e-01 best=4.804531e-01
[NA] iter=00030 eval=06891 misfit=4.804545e-01 best=4.804531e-01
[NA] iter=00030 eval=06892 misfit=4.804552e-01 best=4.804531e-01
[NA] iter=00030 eval=06893 misfit=4.804562e-01 best=4.804531e-01
[NA] iter=00030 eval=06894 misfit=4.804545e-01 best=4.804531e-01
[NA] iter=00030 eval=06895 misfit=4.804556e-01 best=4.804531e-01
[NA] iter=00030 eval=06896 misfit=4.804545e-01 best=4.804531e-01
[NA] iter=00030 eval=06897 misfit=4.804565e-01 best=4.804531e-01
[NA] iter=00030 eval=06898 misfit=4.804556e-01 best=4.804531e-01
[NA] iter=00030 eval=06899 misfit=4.804562e-01 best=4.804531e-01
[NA] iter=00030 eval=06900 misfit=4.804561e-01 best=4.804531e-01
[NA] iter=00030 eval=06901 misfit=4.804552e-01 best=4.804531e-01
[NA] iter=00030 eval=06902 misfit=4.804545e-01 best=4.804531e-01
[NA] iter=00030 eval=06903 misfit=4.804549e-01 best=4.804531e-01
[NA] iter=00030 eval=06904 misfit=4.804558e-01 best=4.804531e-01
[NA] iter=00030 eval=06905 misfit=4.804552e-01 best=4.804531e-01
[NA] iter=00030 eval=06906 misfit=4.804545e-01 best=4.804531e-01
[NA] iter=00030 eval=06907 misfit=4.804539e-01 best=4.804531e-01
[NA] iter=00030 eval=06908 misfit=4.804562e-01 best=4.804531e-01
[NA] iter=00030 eval=06909 misfit=4.804539e-01 best=4.804531e-01
[NA] iter=00030 eval=06910 misfit=4.804552e-01 best=4.804531e-01
[NA] iter=00030 eval=06911 misfit=4.804627e-01 best=4.804531e-01
[NA] iter=00030 eval=06912 misfit=4.804541e-01 best=4.804531e-01
[NA] iter=00030 eval=06913 misfit=4.804619e-01 best=4.804531e-01
[NA] iter=00030 eval=06914 misfit=4.804665e-01 best=4.804531e-01
[NA] iter=00030 eval=06915 misfit=4.804665e-01 best=4.804531e-01
[NA] iter=00030 eval=06916 misfit=4.804587e-01 best=4.804531e-01
[NA] iter=00030 eval=06917 misfit=4.804541e-01 best=4.804531e-01
[NA] iter=00030 eval=06918 misfit=4.804672e-01 best=4.804531e-01
[NA] iter=00030 eval=06919 misfit=4.804672e-01 best=4.804531e-01
[NA] iter=00030 eval=06920 misfit=4.804663e-01 best=4.804531e-01
[NA] iter=00030 eval=06921 misfit=4.804559e-01 best=4.804531e-01
[NA] iter=00030 eval=06922 misfit=4.804684e-01 best=4.804531e-01
[NA] iter=00030 eval=06923 misfit=4.804598e-01 best=4.804531e-01
[NA] iter=00030 eval=06924 misfit=4.804634e-01 best=4.804531e-01
[NA] iter=00030 eval=06925 misfit=4.804633e-01 best=4.804531e-01
[NA] iter=00030 eval=06926 misfit=4.804633e-01 best=4.804531e-01
[NA] iter=00030 eval=06927 misfit=4.804548e-01 best=4.804531e-01
[NA] iter=00030 eval=06928 misfit=4.804633e-01 best=4.804531e-01
[NA] iter=00030 eval=06929 misfit=4.804554e-01 best=4.804531e-01
[NA] iter=00030 eval=06930 misfit=4.804546e-01 best=4.804531e-01
[NA] iter=00030 eval=06931 misfit=4.804562e-01 best=4.804531e-01
[NA] iter=00030 eval=06932 misfit=4.804562e-01 best=4.804531e-01
[NA] iter=00030 eval=06933 misfit=4.804569e-01 best=4.804531e-01
[NA] iter=00030 eval=06934 misfit=4.804545e-01 best=4.804531e-01
[NA] iter=00030 eval=06935 misfit=4.804562e-01 best=4.804531e-01
[NA] iter=00030 eval=06936 misfit=4.804552e-01 best=4.804531e-01
[NA] iter=00030 eval=06937 misfit=4.804565e-01 best=4.804531e-01
[NA] iter=00030 eval=06938 misfit=4.804539e-01 best=4.804531e-01
[NA] iter=00030 eval=06939 misfit=4.804569e-01 best=4.804531e-01
[NA] iter=00030 eval=06940 misfit=4.804558e-01 best=4.804531e-01
[NA] iter=00030 eval=06941 misfit=4.804552e-01 best=4.804531e-01
[NA] iter=00030 eval=06942 misfit=4.804542e-01 best=4.804531e-01
[NA] iter=00030 eval=06943 misfit=4.804545e-01 best=4.804531e-01
[NA] iter=00030 eval=06944 misfit=4.804545e-01 best=4.804531e-01
[NA] iter=00030 eval=06945 misfit=4.804549e-01 best=4.804531e-01
[NA] iter=00030 eval=06946 misfit=4.804549e-01 best=4.804531e-01
[NA] iter=00030 eval=06947 misfit=4.804549e-01 best=4.804531e-01
[NA] iter=00030 eval=06948 misfit=4.804542e-01 best=4.804531e-01
[NA] iter=00030 eval=06949 misfit=4.804539e-01 best=4.804531e-01
[NA] iter=00030 eval=06950 misfit=4.804542e-01 best=4.804531e-01
[NA] iter=00030 eval=06951 misfit=4.804562e-01 best=4.804531e-01
[NA] iter=00030 eval=06952 misfit=4.804558e-01 best=4.804531e-01
[NA] iter=00030 eval=06953 misfit=4.804562e-01 best=4.804531e-01
[NA] iter=00030 eval=06954 misfit=4.804552e-01 best=4.804531e-01
[NA] iter=00030 eval=06955 misfit=4.804552e-01 best=4.804531e-01
[NA] iter=00030 eval=06956 misfit=4.804562e-01 best=4.804531e-01
[NA] iter=00030 eval=06957 misfit=4.804556e-01 best=4.804531e-01
[NA] iter=00030 eval=06958 misfit=4.804558e-01 best=4.804531e-01
[NA] iter=00030 eval=06959 misfit=4.804565e-01 best=4.804531e-01
[NA] iter=00030 eval=06960 misfit=4.804556e-01 best=4.804531e-01
[NA] iter=00030 eval=06961 misfit=4.804543e-01 best=4.804531e-01
[NA] iter=00030 eval=06962 misfit=4.804544e-01 best=4.804531e-01
[NA] iter=00030 eval=06963 misfit=4.804544e-01 best=4.804531e-01
[NA] iter=00030 eval=06964 misfit=4.804544e-01 best=4.804531e-01
[NA] iter=00030 eval=06965 misfit=4.804544e-01 best=4.804531e-01
[NA] iter=00030 eval=06966 misfit=4.804543e-01 best=4.804531e-01
[NA] iter=00030 eval=06967 misfit=4.804544e-01 best=4.804531e-01
[NA] iter=00030 eval=06968 misfit=4.804544e-01 best=4.804531e-01
[NA] iter=00030 eval=06969 misfit=4.804544e-01 best=4.804531e-01
[NA] iter=00030 eval=06970 misfit=4.804544e-01 best=4.804531e-01
[NA] iter=00030 eval=06971 misfit=4.804543e-01 best=4.804531e-01
[NA] iter=00030 eval=06972 misfit=4.804543e-01 best=4.804531e-01
[NA] iter=00030 eval=06973 misfit=4.804543e-01 best=4.804531e-01
[NA] iter=00030 eval=06974 misfit=4.804559e-01 best=4.804531e-01
[NA] iter=00030 eval=06975 misfit=4.804544e-01 best=4.804531e-01
[NA] iter=00030 eval=06976 misfit=4.804543e-01 best=4.804531e-01
[NA] iter=00030 eval=06977 misfit=4.804543e-01 best=4.804531e-01
[NA] iter=00030 eval=06978 misfit=4.804544e-01 best=4.804531e-01
[NA] iter=00030 eval=06979 misfit=4.804559e-01 best=4.804531e-01
[NA] iter=00030 eval=06980 misfit=4.804543e-01 best=4.804531e-01
[NA] iter=00030 eval=06981 misfit=4.804543e-01 best=4.804531e-01
[NA] iter=00030 eval=06982 misfit=4.804552e-01 best=4.804531e-01
[NA] iter=00030 eval=06983 misfit=4.804543e-01 best=4.804531e-01
[NA] iter=00030 eval=06984 misfit=4.804543e-01 best=4.804531e-01
[NA] iter=00030 eval=06985 misfit=4.804552e-01 best=4.804531e-01
[NA] iter=00030 eval=06986 misfit=4.804543e-01 best=4.804531e-01
[NA] iter=00030 eval=06987 misfit=4.804543e-01 best=4.804531e-01
[NA] iter=00030 eval=06988 misfit=4.804543e-01 best=4.804531e-01
[NA] iter=00030 eval=06989 misfit=4.804552e-01 best=4.804531e-01
[NA] iter=00030 eval=06990 misfit=4.804545e-01 best=4.804531e-01
[NA] iter=00030 eval=06991 misfit=4.804543e-01 best=4.804531e-01
[NA] iter=00030 eval=06992 misfit=4.804544e-01 best=4.804531e-01
[NA] iter=00030 eval=06993 misfit=4.804544e-01 best=4.804531e-01
[NA] iter=00030 eval=06994 misfit=4.804545e-01 best=4.804531e-01
[NA] iter=00030 eval=06995 misfit=4.804543e-01 best=4.804531e-01
[NA] iter=00030 eval=06996 misfit=4.804543e-01 best=4.804531e-01
[NA] iter=00030 eval=06997 misfit=4.804543e-01 best=4.804531e-01
[NA] iter=00030 eval=06998 misfit=4.804543e-01 best=4.804531e-01
[NA] iter=00030 eval=06999 misfit=4.804544e-01 best=4.804531e-01
[NA] iter=00030 eval=07000 misfit=4.804543e-01 best=4.804531e-01
NAI - Optimisation Loop: 100%|██████████| 30/30 [1:08:11<00:00, 136.55s/it]NAI - Optimisation Loop: 100%|██████████| 30/30 [1:08:11<00:00, 136.38s/it]
│  [32m✓[0m Inversion terminada en 4793.7 s

┌─[00:40:04 | 4794.3s] Mejor solucion
│  ┌──────────────────────────────────────────────┐
│  │ a1 (km)                                3.4393 │
│  │ a2 (km)                               13.1693 │
│  │ theta (x pi)                           1.0000 │
│  │ np (frac)                              0.9184 │
│  │ tp (x 2pi)                             0.2816 │
│  │ dmax (m)                               2.6878 │
│  │ vr (km/s)                              3.5000 │
│  └──────────────────────────────────────────────┘
│  [32m✓[0m misfit minimo = 0.480453

┌─[00:40:04 | 4794.3s] Guardando resultados
Inversion results saved to /home/alex/KDEllipsPy/inversions/2026-05-25_Calama/output/inversion_result.joblib
│  [32m✓[0m resultado     → /home/alex/KDEllipsPy/inversions/2026-05-25_Calama/output/inversion_result.joblib
│  [32m✓[0m figura        → /home/alex/KDEllipsPy/inversions/2026-05-25_Calama/output/na_results.png
│  [32m✓[0m figura        → /home/alex/KDEllipsPy/inversions/2026-05-25_Calama/output/parameter_convergence.png
│  [32m✓[0m figura        → /home/alex/KDEllipsPy/inversions/2026-05-25_Calama/output/waveform_fit.png
│  [32m✓[0m figura        → /home/alex/KDEllipsPy/inversions/2026-05-25_Calama/output/ellipse_fit.png

╔══════════════════════════════════════════════════════════════════════╗
║ Inversion completada                                                 ║
║ tiempo total 4798.5s  ·  salida en /home/alex/KDEllipsPy/inversions/2026-05-25_Calama/output ║
╚══════════════════════════════════════════════════════════════════════╝
