# Tiempo de Origen: 2020-06-03T07:36:04.000000Z
# Tasa de muestreo: 200.0 muestras/seg
# Numero total de muestras: 32200
# Estacion: T07A Componente: HNN
# Latitud: -20.256 Longitud: -69.786
# Unidades: m/seg/seg
-2.6432936979063626e-05
-5.2100849237381175e-05
-2.8765836971852976e-05
 2.4904319046524515e-05
 2.4904605348319286e-05
 1.5701656863736924e-06
 1.7904760162779088e-05
-3.576482325202274e-05
 2.723922315185645e-05
 3.904783489910857e-06
-4.509785473214012e-05
 1.790619167173213e-05
-7.76172058657848e-06
-1.0094906881162602e-05
-2.1761983561241482e-05
 2.7241227264392098e-05
 5.757665731903616e-05
 1.0907491693357141e-05
-3.3428201335942986e-05
-3.576138763052711e-05
 2.724265877335208e-05
-1.2426089063204138e-05
-7.758857568665456e-06
 2.49100450823575e-05
 5.5245475136994626e-05
 3.191103547505597e-05
-6.609452727083381e-05
 1.0910354711277104e-05
 1.576750627577117e-06
-4.0425469805351055e-05
 3.1912466984009014e-05
-1.7090171238035023e-05
-2.642377532174195e-05
 2.4912908100270525e-05
 1.3245831420191645e-05
-1.008860824174701e-05
-7.754849343587222e-06
 1.5580162921940977e-05
-1.7088167125499376e-05
-5.420517841837891e-06
 2.258143961642728e-05
-1.7087308220122e-05
 1.5807588526622895e-06
 1.3248408136316836e-05
 2.0249112227227473e-05
 1.791592593264335e-05
-2.408629450028482e-05
-3.0847548311355166e-06
-7.751413722084655e-06
-1.0084600016668777e-05
 1.0916939652480528e-05
-1.2417500009465066e-05
-1.00837411112914e-05
 6.250853365107056e-06
-3.0827507185929304e-06
-7.749409609549007e-06
-7.487055186383706e-07
-1.0082309602338357e-05
-1.0082023300543586e-05
-7.748264402383798e-06
-5.414505504217071e-06
-1.0081164395173148e-05
-1.241435068975727e-05
 1.0920661575770929e-05
-1.0080305489795771e-05
-7.461288025131796e-07
 1.5876300956535472e-06
-2.4080282162664002e-05
-1.2412632879009455e-05
-3.078456191719925e-06
 1.5887753028187568e-06
-2.1745664359126837e-05
-7.744542479093397e-06
 1.5896342081961334e-06
-1.9411332857377506e-05
 8.590624600894603e-06
 3.892605465553867e-05
 3.1925923168210635e-05
-2.4077132842963145e-05
 1.0925242404431768e-05
-5.408779468391023e-06
-1.2408910955719055e-05
 3.426082727353563e-05
-2.6409173930375118e-05
 1.3260146509770643e-05
-2.1741656134048604e-05
-3.3408732814120545e-05
 2.25948958006289e-05
-1.2406906843176468e-05
 5.526408475343969e-05
-5.40591645047106e-06
-4.9741609479778126e-05
 1.3262436924101062e-05
-2.407283831609014e-05
-1.4738661628800609e-05
-7.375397487741076e-07
-4.0406287585323386e-05
-1.940474791617408e-05
 1.7931099927592786e-05
-1.707070271621952e-05
 1.3264727338431481e-05
 3.931123254724556e-06
-4.7404987563698375e-05
-1.4736084912682357e-05
 1.326587254559669e-05
 4.12678300038688e-05
 2.7267280727417964e-05
-1.2401467109138253e-05
-2.8735488981961044e-05
 8.600358861805824e-06
 6.2671725672217016e-06
-1.7067267094716954e-05
 8.601217767176261e-06
 3.934558876227123e-06
-2.406682597846932e-05
-4.040084785128517e-05
-2.4066253374886715e-05
 2.260348485437491e-05
 7.62736408727524e-05
-7.30668505775911e-07
-4.039941634233213e-05
 3.9368492905575425e-06
 3.9371355923453755e-06
 2.493867526150162e-05
-5.9066051906156436e-05
-4.5064930026122996e-05
 3.193995195599486e-05
 1.0938984890421222e-05
 1.7939688981338797e-05
 8.606084897631872e-06
 6.694318610876021e-05
 6.227652721780413e-05
-2.6395145142590892e-05
-7.266602806976774e-07
 3.194224237032528e-05
-7.260876771150726e-07
-6.139608888102582e-05
-1.9393295844515046e-05
 1.5609079402879866e-05
-5.206133959016063e-05
-6.139494367386061e-05
-1.9392150637349836e-05
 2.9611060188283744e-05
 6.27662052633815e-06
 1.7944269809999636e-05
 4.5946227268264805e-05
 4.127956837731567e-05
 4.594679987185435e-05
-3.1057509506673964e-05
-2.1723332819391372e-05
 2.727987800624221e-05
-7.215068484472953e-07
-1.938900131764204e-05
-3.105607799771398e-05
-7.206479430768575e-07
 2.9614782111574145e-05
 4.3615903991600646e-05
-7.720206826815346e-06
-1.4720338314150316e-05
 2.0282036933244596e-05
-4.272143686704505e-05
-7.719061619650136e-06
-1.0052247914234258e-05
-6.138835873265719e-05
-3.0512575215357884e-06
-1.938527939435164e-05
-4.038624645992528e-05
-1.705123419439708e-05
-1.4717475296230353e-05
-1.471718899444252e-05
 8.617823271085678e-06
 3.661978072935779e-05
 2.261923145290695e-05
 4.362077112205626e-05
 5.062147521297383e-05
 2.262009035827739e-05
 2.0286904063700206e-05
 6.286354787249371e-06
 2.2620949263654766e-05
 3.953454794460021e-06
-2.8714875252973393e-05
-7.07170956859085e-05
-5.2049028613124215e-05
 2.7289325965358657e-05
-1.237942187119756e-05
 6.28864520157979e-06
 2.2623239677985185e-05
 1.3289635594285198e-05
-7.711331471281502e-06
-4.271313411508687e-05
 2.2624384885150395e-05
 2.962508897606797e-05
-7.710186264116292e-06
-2.8711153329682992e-05
-2.1710449238779295e-05
-3.0423821659950057e-06
-2.170987663519669e-05
-1.704264514065107e-05
 1.7959730106736904e-05
 5.529557795050377e-05
 1.5626830113947554e-05
 1.0960171222991477e-05
 7.163074503049177e-05
 4.8296305368553116e-05
 8.62755753198996e-06
-7.706464340825891e-06
-4.504173958101709e-05
-4.270798068284343e-05
-4.737463957380644e-05
-7.07090792357451e-05
-3.5706703988350186e-05
 2.029692462639926e-05
 8.629847946327318e-06
-2.4038482101113035e-05
-1.9371250606567414e-05
-1.4704019112035671e-05
-5.369842424746141e-06
-2.4037336893947825e-05
-1.0036215013907446e-05
 5.063435879358591e-05
 6.463548067361935e-05
 4.830145880079656e-05
 1.6322931751244774e-06
 1.6325794769123103e-06
-7.701024606787676e-06
-2.8701991672361316e-05
 1.33008013641564e-05
 1.096761506956534e-05
 2.496873694960572e-05
-2.170042867608024e-05
-3.803445054889609e-05
 2.26361232586042e-05
-1.2365679385208106e-05
-2.1699283468908093e-05
-6.370150390183626e-05
-4.736690942543087e-05
 6.303246592946621e-06
-1.003077527986923e-05
 3.197201775663461e-05
-3.029784887170761e-06
 2.9639117763845257e-05
 4.597371224025065e-05
-1.7029761560038992e-05
 1.330566849461201e-05
 2.9640262971010467e-05
 3.1974021869177194e-05
-2.4029034141996586e-05
-6.94021876468387e-07
 2.4974462985431767e-05
-2.869512042936312e-05
-2.4027888934831376e-05
-2.169413003666465e-05
 6.307827421607459e-06
-1.0026194451208392e-05
-1.002590814941362e-05
-1.2359094444004681e-05
-5.358390353087106e-06
 4.131134787616758e-05
-5.357817749504501e-06
-5.357531447716668e-06
 1.0977063028688727e-05
-1.2357376633256867e-05
-6.897273495953815e-07
-1.7023749222418172e-05
-7.689572535128641e-06
 2.9646275308631287e-05
 1.564572603218739e-05
 2.2646430123091088e-05
-7.688427327963432e-06
-2.868939439353707e-05
 1.56468712393526e-05
 8.64673975201763e-06
-2.4021590295415784e-05
-4.0355612168238575e-05
 1.6471808682791411e-06
-5.352950619048891e-06
-4.502169845561205e-05
-4.0354466961066426e-05
-3.335376287016273e-05
 2.965028353371646e-05
 6.315843871770865e-06
-5.351232808301076e-06
 4.3651978017325566e-05
-2.1684968379336034e-05
 1.6500438861921651e-06
 7.398798067555917e-05
 2.0318397260757348e-05
 2.031868356255212e-05
 4.365369582807338e-05
 2.0319256166134725e-05
 3.665385064254012e-05
 1.3319410980601465e-05
-2.634933685596169e-05
-7.681269783177402e-06
-3.0140382886456596e-06
-1.2347642372345646e-05
-2.4014719052417588e-05
-4.501568611799123e-05
-3.334803683432974e-05
 1.3321701394931884e-05
 2.965629587133728e-05
-7.678979368846983e-06
-1.4679110856175015e-05
 1.565631919846905e-05
-1.2345065656220455e-05
-3.0108889689378637e-06
 1.799065070021838e-05
 8.657046616511455e-06
 4.365942186390637e-05
 1.3324564412844908e-05
-6.759848636059274e-07
 2.732597259466618e-05
 2.032584110733815e-05
 1.6583466381434042e-06
-2.4009565620174145e-05
 6.325864434469919e-06
 1.566004112175945e-05
 6.3264370380594626e-06
-2.634189300938089e-05
-4.267591488219674e-05
 1.7994658925296614e-05
-1.934061631488071e-05
-5.200894636232106e-05
-1.0006153325803346e-05
 1.099538634333902e-05
 4.599776159073393e-05
 1.0995958946921625e-05
 2.4997080826962004e-05
 3.8998202706988505e-05
-5.337490322311622e-06
 1.3330576750465728e-05
-2.167122589334658e-05
-1.2337049206063988e-05
 3.997545270348346e-06
-5.3360588133585796e-06
 2.9666316434036333e-05
 1.6649315793468289e-06
 1.099910826662942e-05
 2.033328495391895e-05
-7.668099900770553e-06
-2.8669066966337253e-05
-2.400183547180551e-05
-3.0002958026492665e-06
-7.666954693605343e-06
 6.334167186428097e-06
-3.1001108053756166e-05
-4.7335129926578956e-05
 8.66849868817049e-06
-1.699941357014012e-05
-4.733427102120852e-05
-3.800009433391899e-05
-1.9332027261141638e-05
 4.833896433548146e-05
 7.167397660100272e-05
 8.567509848103616e-05
 7.167454920458532e-05
-3.3331431330427264e-05
-5.666587099237286e-05
-1.6996550552227097e-05
 1.6715165205571925e-06
-6.616697740338684e-07
-4.033041761058315e-05
-1.2328460152317977e-05
 7.401031221529464e-05
 3.434156437873148e-05
 1.800754250591563e-05
 2.2674774000447373e-05
-9.166509692005304e-05
-3.566146830530359e-05
-1.69934012325193e-05
-2.866047791259818e-05
 6.001176705138639e-05
 2.0343019214823232e-05
 5.0678449269474235e-05
-9.991551934443454e-06
-2.1658628614522335e-05
 6.70136163494553e-05
 1.6766699528006357e-06
-2.1657769709151897e-05
-4.499220937109055e-05
-7.656361527316746e-06
 4.0112877563378e-06
-9.989261520106096e-06
 3.43470041127697e-05
 1.678674065343222e-06
-7.654930018363704e-06
-2.987698523825022e-06
 4.013005567085615e-06
 4.8349271199975286e-05
 5.768344788725094e-05
-2.9865533166598124e-06
-3.332141076772821e-05
-3.0987651869554544e-05
-2.8653892971394757e-05
-3.565402445872279e-05
-5.665499152429643e-05
-6.513629095400431e-07
 2.501712195236011e-05
 8.68310007953732e-06
 6.349913784953198e-06
 5.535312461058678e-05
 7.168771908699911e-05
 1.5684663075825334e-05
-6.493587969974568e-07
-2.1650325862571096e-05
-1.6983094368025475e-05
-2.63166984517324e-05
-2.981686186204202e-06
 4.135457944667853e-05
-1.464847656448831e-05
-7.647772473577674e-06
 2.0354184984694434e-05
-7.64719986999507e-06
-3.798205732105653e-05
-5.431607919387932e-05
-4.731537510296868e-05
-4.9648561397552804e-05
-4.0314384710263274e-05
-4.498104360122629e-05
-6.447779683366184e-07
 4.135801506817416e-05
-1.2311568346620727e-05
 6.235984103912517e-05
 8.102790811189559e-05
 2.9691797293479594e-05
 5.3026809559000854e-05
 4.024171336956817e-06
-2.975960150378154e-06
 1.1025161729655286e-05
-2.9753875467955493e-06
-2.397635461236225e-05
-6.131162985254651e-05
-2.3975782008779645e-05
 3.669479179872065e-05
 1.3360352136781994e-05
 2.0361056227685692e-05
 4.836301368596474e-05
-5.306569728837085e-06
-3.79748997762705e-05
-5.1975449052721334e-05
-3.097390938356509e-05
-1.697278750353859e-05
-3.0973336779982485e-05
-7.638324514454287e-06
-2.971093019922544e-06
 3.203128222747237e-05
 2.2697678143765443e-05
 8.697128867321546e-06
 5.0699921903832323e-05
-6.361889145906074e-07
-7.63632040191864e-06
-3.0970760063857294e-05
-5.897214491855374e-05
 1.1032319274441316e-05
-6.130504491134309e-05
-2.396919706757622e-05
 3.903484933629603e-05
 6.366519288862615e-06
 4.836931232537339e-05
 1.103403708518913e-05
 2.970210415796648e-05
-6.327532930949786e-07
-9.966357376794965e-06
-9.966071075000194e-06
-7.063607227891788e-05
 1.8036172685059748e-05
-3.796688332610709e-05
-2.6299234042452546e-05
 7.870731909614265e-05
 6.00398246269479e-05
 7.170747391060939e-05
-3.796545181715405e-05
-5.6632946286348795e-05
-2.6297516231704732e-05
-5.196542849001534e-05
-5.295690260760655e-06
-4.0297492904566024e-05
 8.705717921060618e-06
 2.0373367204722104e-05
-2.3962325824584962e-05
 3.9041720579294226e-05
 2.97081164955873e-05
 8.337827251397173e-05
 6.373963135436478e-06
-7.296381883946379e-05
 3.670967949188225e-05
 1.1041767233557764e-05
 1.1042053535352536e-05
-9.958913530214164e-06
-5.1961133963142336e-05
-7.624868330259604e-06
-7.6245820284648325e-06
-5.662722025052275e-05
-4.729304356323322e-05
 4.371267399711637e-05
-1.4623854610422427e-05
-6.227327303959251e-07
 7.404867665534998e-05
 4.371381920428158e-05
 4.83810506988272e-05
-1.4622423101469384e-05
-2.1622554588797416e-05
-1.4621850497886779e-05
-5.8957543527186906e-05
-8.22919831891325e-05
-4.495613534536563e-05
-2.953342308847917e-06
-7.062376130188841e-05
-6.595652980734279e-05
 1.7144617892733693e-06
 8.105281636775624e-05
 0.00012072213680789506
 9.738769714595641e-05
 8.572062046587753e-05
 6.705312599668278e-05
 2.0383960371003762e-05
-5.8953821603896506e-05
-4.261922712749111e-05
-7.062061198218061e-05
-7.295379827676474e-05
-1.9283642258380307e-05
-3.5617664131210036e-05
 1.105207409805159e-05
-2.8616673738504628e-05
-3.561680522583266e-05
 3.4387658967155454e-05
 5.772267123268365e-05
 4.13886493598678e-05
-4.494955040416221e-05
-3.328190112050072e-05
-5.2799436622286144e-06
-5.428258188427265e-05
-7.295007635347434e-05
-1.9279920335089906e-05
 6.939232462888079e-05
 6.472566573793165e-05
 7.405984242521424e-05
 7.172665613063706e-05
 3.4391380890445855e-05
 2.039083161400196e-05
-7.528125853551587e-05
-0.00011728347896844404
-0.00011028277487753341
-7.761387222651045e-05
-3.561107919000661e-05
-5.275649135355609e-06
 0.0001043978491959835
 0.00010206466290139937
 8.106369583583267e-05
 9.506481771586611e-05
 5.306259728293794e-05
 3.9062048006487105e-05
-7.994476810676415e-05
-0.00013361435152155904
-4.960905175032532e-05
-7.061001881589896e-05
-9.161098588146566e-05
-2.9387409174880252e-06
 8.10665588537457e-05
 7.639989996278962e-05
 4.8398515108107054e-05
 1.57301850606667e-05
 8.73005357333867e-06
-2.937023106740211e-06
-7.294091469614572e-05
-5.893979281611922e-05
-5.42725613215736e-05
-2.8604076459680383e-05
 1.3398716576837333e-05
-3.79373942415856e-05
 5.073485072239203e-05
 8.10702807770361e-05
-1.6935281968853688e-05
-1.4601523070686961e-05
 4.1402105544062484e-05
 7.407100819508544e-05
 2.9735315165778375e-05
-3.5601631230883224e-05
-4.2601762718211256e-05
-7.599387470816343e-06
-4.4934662711007545e-05
-0.00010093771872216745
-4.960103530016885e-05
-9.931714860023089e-06
 8.736352212747323e-06
-7.597669660068529e-06
 2.7404705587319445e-05
 9.974264237668645e-05
 9.274251088935148e-05
 7.640848901653563e-05
 2.2738905601740744e-05
 6.007475344550761e-05
 4.374073157268482e-05
-8.45999749260612e-05
-7.759927083514362e-05
-5.426425856962236e-05
-5.8930917460578436e-05
-8.459882971889598e-05
-8.693201601347317e-05
-7.593661434990295e-06
 4.374302198701524e-05
 2.0408582325069646e-05
 4.074560452253795e-06
 9.274680541622449e-05
 9.274709171801926e-05
-2.3926251798860043e-05
-5.659458184629346e-05
-6.359471333362149e-05
-1.2258029911615953e-05
-1.692468880257203e-05
-8.692858039197754e-05
 6.410609764750941e-06
 3.6746039819395004e-05
 2.7412435735695018e-05
 5.774786579033214e-05
 3.674689872477238e-05
 8.108316435764817e-05
 3.6747471328354986e-05
-3.5589892857436356e-05
-1.2254880591908157e-05
-6.592446400670304e-05
-0.00010559321184325926
-6.592389140312044e-05
-7.525749548682042e-05
-2.8587757257565738e-05
 2.508239876081869e-05
-1.4586349075744465e-05
 3.675033434626801e-05
 7.408618219002794e-05
 2.7417016564355856e-05
-2.9178408867125416e-06
-1.2251444970412528e-05
 3.9085238451599946e-05
 6.416908404159594e-06
-4.2585729817884443e-05
 8.750953604114153e-06
 2.7419020676898442e-05
 2.7419306978686275e-05
 1.5752230298614334e-05
-2.6249990134320778e-05
-2.6249703832526006e-05
-2.6249417530738173e-05
-7.05851105600383e-05
-1.22480093489169e-05
 4.3755619265839485e-05
 4.142243297125536e-05
 3.908924667667818e-05
-2.9129737562569313e-06
 2.5088983702022116e-05
 4.088016636448477e-06
-1.2246005236374313e-05
 4.375762337837513e-05
 1.8089711120064522e-05
-1.6912091523740846e-05
-3.091264080019168e-05
-3.557929969114776e-05
 4.090020748991063e-06
 8.757252243529745e-06
-5.1912748960387944e-05
-7.5764833274982735e-06
 3.675978230538446e-05
 1.75797966157909e-06
-1.2242569614878684e-05
 1.7585522651616947e-06
 1.5759674145188196e-05
-4.491032705872949e-05
-5.1910458546057525e-05
-3.3242391473280175e-05
 1.7599837741147373e-06
 2.9761941232386846e-05
-2.857458737515889e-05
-7.573047706002645e-06
 2.5095854945013374e-05
 2.2762668650429252e-05
 1.7617015848694906e-06
-2.6239683269826952e-05
 1.1096164573939915e-05
 5.076548501407874e-05
 4.609882612312266e-05
 2.7431331653927915e-05
 3.6765508341217445e-05
 2.743190425751052e-05
-3.790504213915108e-05
-6.823989959021948e-05
-2.623710655370176e-05
-1.9236402462791125e-05
-5.890515029934734e-05
-4.7237501015692795e-05
-2.3902488750164597e-05
-1.9235257255625915e-05
-2.3901916146581992e-05
-4.7236355808527586e-05
 1.3434217998979647e-05
 4.143617545724482e-05
 2.5102153584428966e-05
 2.043549469347289e-05
 3.910356176625024e-05
 0.00010444108076650138
 1.7685728278607482e-06
-4.256712020143938e-05
-4.023336130327959e-05
-4.023307500148482e-05
 4.843916996249281e-05
-2.1564721626919636e-05
 1.7702906386085626e-06
 3.443919328962458e-05
 2.27721166095457e-05
 2.9772820700463276e-05
-5.889885165993869e-05
-5.22869564155426e-06
-2.8563135303499854e-05
-4.256368457994375e-05
-2.1562144910801384e-05
-6.123089274735066e-05
 2.9774824812998923e-05
-1.689434081267316e-05
-2.1560999703629236e-05
 3.910957410387106e-05
-5.2261189254290685e-06
 8.775002954597433e-06
 4.144390560562039e-05
 6.477891787114165e-05
 6.011225898019251e-05
 2.5110456336380205e-05
-1.4558291500176013e-05
-9.891060005637331e-06
-2.3891609282088166e-05
-6.356035711864438e-05
-3.789187225674423e-05
-5.2229696057282116e-06
 1.1111624870677184e-05
-3.322406815862988e-05
-2.3889891471340352e-05
 2.044637416154238e-05
-1.2221955885891034e-05
-2.8555977758713824e-05
-2.6222218860547097e-05
 4.611571792881991e-05
 4.378253163423579e-05
 8.78072899043042e-06
 5.07835220269412e-05
 2.0448664575879738e-05
 5.545103982326771e-05
-5.520161878991292e-07
-5.188812700632206e-05
 2.2783282379416903e-05
-6.122144478823421e-05
-5.655421329369553e-05
-1.22179476608128e-05
-2.1551551744512787e-05
-1.2217375057230195e-05
-2.8551396930046047e-05
-2.3884165435514304e-05
-4.4885132501081004e-05
 2.04523864991632e-05
 2.978656318645273e-05
 3.212032208461252e-05
 8.11235329102461e-05
 4.119223531717786e-06
-1.2214798341105004e-05
-2.880621653815474e-06
 4.378911657543921e-05
 8.112496441920608e-05
-4.021532429041713e-05
-7.988407212697335e-05
 1.7877550478884174e-06
 1.7880413496831893e-06
-2.1546398312269344e-05
 1.788613953265794e-06
 8.789318044169492e-06
 2.9790857713325736e-05
-2.387872570147609e-05
-7.988178171264293e-05
-5.210372326903967e-06
 3.21254755168629e-05
 1.3457981047668155e-05
-1.2209931210649394e-05
 2.0458971440366625e-05
 6.246176447688434e-05
-5.208654516156153e-06
-3.7876984563589566e-05
 2.5127061840289622e-05
 7.179680006954431e-05
-5.207509308984004e-06
-4.487625714554716e-05
-1.2207354494524203e-05
 8.794185174625102e-06
 2.9795724843781346e-05
-4.7208584534753906e-05
-1.4539681883730948e-05
 6.246520009837997e-05
-1.4539109280148343e-05
-6.820869269495017e-05
-7.28753515858993e-05
 2.279731116719419e-05
 3.4464960450855675e-05
-7.754143787327278e-05
-2.8538227047639197e-05
 3.213234675985416e-05
 1.3464852290666351e-05
-5.356969857914229e-07
-2.8537081840473988e-05
 1.8132656388787638e-05
 8.113670279265295e-05
-1.4535387356857943e-05
-4.253677221154745e-05
 4.6135472752430184e-05
 2.746797828323544e-05
 1.3467429006791543e-05
-1.920090104064881e-05
 1.1134529013995254e-05
 5.0803849454134076e-05
-4.0201295502632906e-05
-6.120226256820654e-05
-2.3866414724439677e-05
 1.1135960522948296e-05
-4.253362289183965e-05
-9.153626111389757e-05
-2.8640161499129957e-06
 4.380572207934169e-05
 1.8035016464204578e-06
-5.6533026961132216e-05
-4.019843248471988e-05
 4.137833148169789e-06
-5.288257427932264e-07
 3.4473549504601686e-05
 7.180939734836855e-05
 6.714273845741248e-05
 6.24760795664564e-05
-1.9195175004815823e-05
-5.27107932045412e-07
 4.380915770084426e-05
-3.319515167769099e-05
-1.686055720127866e-05
-4.252846945959621e-05
-1.2193039404952144e-05
 3.214322622793059e-05
 1.8083687768760681e-06
 2.7476853638769283e-05
-5.1860928336130985e-05
-7.519536799807658e-05
-6.819466390716594e-05
-1.6857980485160406e-05
 6.948079188244527e-05
-2.3857825670693666e-05
-4.019184754351646e-05
-1.6856835277988258e-05
 1.1145122180276912e-05
 6.71487507950333e-05
 1.811804398371697e-06
 8.812508489282334e-06
 4.381488373667031e-05
 2.981433446022641e-05
 6.479894798280816e-06
 1.3480598889198392e-05
 5.7816864522074185e-05
-2.6187862645569993e-05
-7.052355567487706e-05
-1.9186872252864584e-05
-2.852277776466128e-06
 1.3482316699946206e-05
-1.9186013347494146e-05
-2.3852672238450223e-05
 3.681790156905007e-05
-7.517791460250056e-06
-7.05212652605397e-05
-5.185319818776235e-05
-2.6184713325862197e-05
 8.817661921525777e-06
-3.3184558511402396e-05
-3.085079961323567e-05
 3.9153664579759384e-05
 3.682047828517526e-05
 2.7486874201475275e-05
-5.145106532211674e-07
 1.1153138630440318e-05
 3.448815089596158e-05
 1.8154129023145726e-05
-3.318198179528414e-05
 2.0488174223100286e-05
 7.882527543422169e-05
-2.3847232504412008e-05
-2.618041879899613e-05
-1.217929691896269e-05
-3.0846791388157435e-05
-3.784692287548547e-05
-5.884788994105217e-05
-5.177733922674677e-06
 1.8157278342853522e-05
 8.823674259146597e-06
-3.3178546173781576e-05
 8.824246862729201e-06
 5.316051249561887e-05
-1.6843379093793576e-05
-5.087846173881805e-07
-1.2175861297467061e-05
 2.0493041353555896e-05
 2.7493745444466533e-05
-5.417750912680569e-05
 2.282737285529829e-05
 4.616238512082649e-05
 2.5161418055259788e-05
-2.3841220166791188e-05
-3.3174824250498114e-05
 3.682963994250388e-05
-2.850730645416466e-05
-3.317396534512074e-05
-7.505480483213645e-06
 2.0496476975051525e-05
 6.249927001156924e-05
-4.250671052344335e-05
-3.3172533836160756e-05
 3.916540295320625e-05
-1.2170707865216679e-05
-1.6837366756172756e-05
-1.6837080454377984e-05
 1.8309866183993662e-06
 6.716850561864357e-05
 2.9833230378459308e-05
-2.835099668974106e-06
-1.2168703752681032e-05
-4.250356120373555e-05
-1.916854893821429e-05
-3.083562561828623e-05
-1.9167976334631687e-05
-4.999092618543366e-07
-3.78351845020386e-05
 8.834553727223027e-06
 1.1168312625389754e-05
 1.5835544119928435e-05
 2.2836248210839072e-05
-2.1499444818467994e-05
-5.16485034205566e-06
-2.8499290004001254e-05
-7.49775033484501e-06
 3.450504270165883e-05
 3.6838801599832494e-05
 3.450561530524143e-05
-2.1497440705925408e-05
-1.916368180775868e-05
-5.162559927725241e-06
-3.083047218604279e-05
-4.4831021462493625e-05
-6.816546112443922e-05
-9.828359913303941e-06
 5.5509159086933324e-05
 4.617555500323334e-05
 4.617584130502117e-05
 2.050792904671056e-05
-1.4493873597094808e-05
-8.449776518650726e-05
-9.61648418665792e-05
-1.2159542095352416e-05
 2.2842833152042497e-05
-5.158551702647007e-06
-1.4492155786346994e-05
 5.7845781003013075e-05
 1.8177033166463796e-05
-8.449547477217684e-05
-5.8826989910276684e-05
-4.898886991552831e-07
 6.718110289746781e-05
 3.451277285002746e-05
-5.155974986521816e-06
 6.018154401372239e-05
 4.38475221408996e-05
-9.822061273895288e-06
-5.182428170682346e-05
-1.9155379055807442e-05
 2.051394138433138e-05
-7.982509395793036e-05
-4.9489663903286296e-05
 2.9848690675203515e-05
 1.584814139875268e-05
-1.915366124505269e-05
-0.00010082491581633185
-1.9153088641470084e-05
 2.5183176991412648e-05
-2.1485988634266373e-05
 1.351638661312854e-05
 8.849727722172462e-06
 7.185377412604471e-05
 3.685197148223934e-05
-1.6817611932562482e-05
 5.0853379664060616e-05
 3.218588519485893e-05
 1.8185335918415035e-05
-2.615035711089203e-05
-2.3816598212725304e-05
 3.218703040202414e-05
 8.852590740085486e-06
-4.015004748195855e-05
-4.4816706372921566e-05
-1.681474891464252e-05
-5.1816551558454826e-05
-7.048404602764957e-05
-2.614778039476684e-05
 2.285543043086674e-05
 4.6190442696388e-05
 1.1188640052582632e-05
 6.5219811616265555e-06
 6.0192137180010985e-05
 2.2856861939819784e-05
-5.1813974842329635e-05
-2.3812017384064466e-05
 2.9858138634319964e-05
 4.152578791797451e-05
 1.857040081425232e-06
-2.614434477327121e-05
 1.819192085961846e-05
 5.786124129975034e-05
-2.381001327152188e-05
-7.281265149356592e-05
 8.859175681288911e-06
 3.4527660543189065e-05
-1.914192287160582e-05
-5.1810252919039235e-05
-2.8475240653517975e-05
 4.386269613584903e-05
 8.860893492036725e-06
-5.6476052904624874e-05
 2.5195774270236893e-05
 4.153036874664229e-05
-1.9139632457275402e-05
-5.1385105772419615e-06
 2.0529974284651253e-05
 4.15315139538075e-05
-9.804596864615434e-06
-4.947334470117165e-05
 3.6865427666434025e-05
 3.219876877547795e-05
-3.313817762119059e-05
-1.913705574115021e-05
-1.2136351650239574e-05
 4.198242826165821e-06
-3.5470505010390396e-05
-5.6471472075964035e-05
 4.199101731543198e-06
-4.67557159419818e-07
-3.780283239959714e-05
-4.480296388693211e-05
 1.8667743423364525e-06
 4.853651257159114e-05
 8.867764735034922e-06
 4.201105844078845e-06
 4.620389888058962e-05
 3.6870294796889636e-05
-1.4465816021533295e-05
-2.798166737878749e-06
 5.3205461876877636e-05
 2.2870604425809238e-05
-1.679814341074004e-05
-8.446856240378053e-05
-7.980133090924185e-05
-1.913075710173462e-05
-5.646603234192582e-05
-5.4132273443752155e-05
-9.796007810869423e-06
 5.087456599663087e-05
-3.546363376739914e-05
-4.4797237851099125e-05
 4.8541952305629354e-05
 4.154182081830132e-05
 5.320947010195587e-05
-8.213165418590601e-05
-3.779538855302328e-05
 8.354547276018948e-05
 2.7542416749015697e-05
 3.921006603267718e-05
 3.220993454534221e-05
 0.00010221439873833726
 4.854481532354238e-05
-3.312643924773678e-05
 2.2877189367012662e-05
 3.687831124705304e-05
 8.876926392363538e-06
-0.00010079599933539296
-6.579362408799805e-05
 2.5212093472351538e-05
-9.789709171453831e-06
-0.00010079485412822775
-0.0001194623485974225
 1.8785127157833204e-06
-5.1216187715447115e-06
-7.045856516821325e-05
 1.354673460302741e-05
 8.121772619963663e-05
 5.088286874858211e-05
-1.4454077648086427e-05
-1.21203187499197e-05
 7.421845361768598e-05
 3.454970578112976e-05
-2.612029542278793e-05
-9.785700946375597e-06
 4.1550982475623e-05
 0.0001092219740722461
-2.6119150215615783e-05
-5.178706247393333e-05
 6.255338105015662e-05
 1.58842154244776e-05
-2.6118005008450573e-05
-4.2452026881273364e-05
 1.8842387516163073e-06
 6.55147024614805e-06
-5.878547615051355e-05
-6.578560763784158e-05
-4.245059537231338e-05
 1.3553033242436063e-05
-2.780988630386727e-06
-3.3115846081455125e-05
 1.8865291659467265e-06
 2.9888486624211896e-05
 6.554046962273241e-06
-1.9113865296044308e-05
 2.5222400336845363e-05
 3.222310442774906e-05
 6.555192169438451e-06
 2.522325924222274e-05
 2.289007294763168e-05
 5.0892030405910726e-05
 2.055717295484233e-05
-5.1780191230935135e-05
-5.110453001680448e-06
 6.0227065998570695e-05
 1.89053739102496e-06
-6.344640900563664e-05
 6.558055187351475e-06
 4.224868892774292e-06
-1.2109152980055438e-05
-2.844317485287129e-05
-5.877803230393969e-05
 3.456115785278879e-05
-2.377537075475694e-05
-2.844202964570608e-05
 3.456201675815923e-05
-2.7732584820180928e-06
 1.8228281187131212e-05
-1.2106576263930247e-05
 3.689663456171027e-05
 1.1228722303385785e-05
-1.677266255129678e-05
 4.3897911256196576e-05
-2.7712543694755065e-06
 5.323237424527394e-05
-3.077235292237024e-05
-6.110721037343864e-05
 2.989850718691789e-05
-3.07714940169998e-05
 1.356477161588987e-05
-3.0770921413417196e-05
-2.1436744726134604e-05
 4.6234246870481555e-05
-2.3769644718923955e-05
-2.7681050497746496e-06
-7.4347639407237875e-06
 1.8233720921169427e-05
-4.33773548025318e-07
-4.243599398095349e-05
 5.3236668772146944e-05
 6.490431805580843e-05
 1.5901679833757454e-05
-4.323420390653365e-07
-2.7655283336494585e-06
-5.0987146282266416e-06
-3.3100099482923084e-05
-8.676968289771103e-05
-8.443592399955124e-05
 1.590368394630004e-05
 3.2238278422698496e-05
-7.430469413850782e-06
 4.237179869803764e-06
-7.429896810268177e-06
 2.523900584074784e-05
-2.3763632381303135e-05
-3.0763763868631167e-05
 4.3907645517107796e-05
-2.1429300879560742e-05
 8.90612917509026e-06
 1.5906833266000897e-05
 2.2907537356911534e-05
 5.7909912604306446e-05
-5.093561195983198e-06
-7.426747490560381e-06
-2.1427296767018156e-05
-2.842742825433925e-05
-4.476145012716898e-05
-1.209254747614602e-05
 4.3911081138603425e-05
 2.057664147666477e-05
-3.3092941938137055e-05
-6.109432679281962e-05
 3.9245281153024725e-05
 1.8244314087458025e-05
-5.1759577501954424e-05
-2.3757620043682315e-05
 1.3578227800084552e-05
 5.091407564385142e-05
 6.578382614544354e-06
-4.009078301112773e-05
-2.8423133727473182e-05
 8.912714116293685e-06
-5.1757287087617065e-05
-3.075574741846776e-05
 4.158218937089925e-05
 6.58038672708694e-06
 3.691581678173794e-05
 1.8248322312536258e-05
 4.858375236718726e-05
-4.188858548706542e-07
-4.7088051480542736e-05
 3.6917248290690985e-05
-2.8419698105970614e-05
 1.3583094930540163e-05
 2.7584216810573603e-05
-3.075231179697213e-05
 1.1250481239538646e-05
 8.917294944954524e-06
-2.6084507698850845e-05
-8.208756371002462e-05
-5.082681727906768e-06
 4.858747429047072e-05
-1.9082944702562832e-05
-1.441571320802415e-05
-1.4415426906236317e-05
 1.919167570176017e-06
 1.5920289450202518e-05
-3.308234877184846e-05
-5.080391313576349e-06
 4.392281951205723e-05
 3.69226880247292e-05
 2.525561134465726e-05
-9.74619129915505e-06
 4.254930580878391e-06
 3.9257305828266365e-05
-1.907922277927243e-05
-9.74504609198984e-06
 2.5257329155405073e-05
-9.744473488407235e-06
-2.6078495361230025e-05
-1.6744318673947434e-05
-5.076669390285948e-06
-9.743328281242025e-06
-3.774471313593153e-05
-1.2076228274038314e-05
 2.5259619569735492e-05
-3.774385423055415e-05
-1.4408841965032892e-05
 3.226089626422873e-05
 2.0593819584149853e-05
 4.392883184967805e-05
-2.1408114546990487e-05
 1.926897718544651e-06
 3.459580036955373e-05
-5.072947466995548e-06
 1.8262064798525712e-05
 6.594988118453771e-06
 4.1597363365841744e-05
 1.1262505914780285e-05
-5.174096788550936e-05
-1.90720652344864e-05
 1.3596837416529617e-05
 1.929760736457675e-06
-6.340718566021086e-05
-5.873995416567218e-05
 4.159965378017216e-05
 1.3598268925489598e-05
-6.107256785666676e-05
 1.126536893269331e-05
 3.69338537946004e-05
 1.8266359325398718e-05
 1.826664562719349e-05
-7.401266631124059e-06
 5.560277977274819e-05
 4.1602230496297354e-05
-4.240249667134682e-05
-7.40012142395885e-06
 2.2935308630685214e-05
 2.526906752885194e-05
-1.4399680307704277e-05
-5.173495554788854e-05
-2.7317447222549585e-06
 4.268959368655678e-06
-1.6732007696911022e-05
-2.7308858168845207e-06
 2.0604126448643678e-05
 6.603577172192843e-06
-7.396972104251054e-06
-3.773182955531251e-05
-7.396399500668449e-06
 5.7941119499575755e-05
-4.2397915842685985e-05
-8.673360887198611e-05
-5.173123362459814e-05
 6.605867586530201e-06
 8.939626484689989e-06
-3.072912135185929e-05
 2.9941452455634066e-05
-1.6727713170038017e-05
-4.472909802473446e-05
 1.827494837914473e-05
 3.4609542855543185e-05
 2.9942883964594047e-05
 3.461011545912579e-05
 1.1275675797187135e-05
 3.927763325545924e-05
 7.661348109922611e-05
-3.908282793091411e-07
-2.3725267941247796e-05
-2.605845423582498e-05
 1.3610866204313843e-05
-2.6057881632242375e-05
-9.372830062528287e-05
-2.8390781625031725e-05
-3.0723967919615847e-05
-2.1389791232333255e-05
-7.73928472435001e-05
-5.8724780170722746e-05
 6.961649893159894e-05
 5.094900446241113e-05
 4.1615400378704204e-05
 4.6282631873242885e-05
 2.5281664807676185e-05
-2.7197200470133187e-06
-4.005499528719758e-05
-1.4386510425297427e-05
 8.948501840223833e-06
-5.052047436220064e-06
-5.051761134432231e-06
-7.384947429009414e-06
 4.282701854652071e-06
 4.282988156439904e-06
-2.37183966982496e-05
 1.950088163650554e-06
 1.361773744731204e-05
-2.8384482985623072e-05
-3.771808706932306e-05
-2.3716965189296557e-05
-5.048898116512268e-06
 1.3619168956265082e-05
 1.9520922761931403e-06
-2.1382347385759393e-05
 3.928822642174784e-05
 2.5287677145297005e-05
-2.6048433673125926e-05
 4.862297571261304e-05
 3.46224264361622e-05
-4.704882813511696e-05
-7.038326779705562e-05
-1.904658437505008e-05
-7.378935091388594e-06
-1.4379066578716626e-05
 1.8289836072299392e-05
-9.711548782383173e-06
 4.862555242873823e-05
 1.5957222381304814e-05
-6.338055959360239e-05
-1.6710821364340767e-05
 1.8291553883047207e-05
 5.796087432318603e-05
-5.042599477103615e-06
-1.2042730964431647e-05
 4.862784284306865e-05
 1.1292567602884385e-05
-4.0043543215538546e-05
-5.871103768473329e-05
-2.3708662437345318e-05
-1.4374485750055788e-05
-3.770892541200138e-05
-2.7065501646064694e-06
 7.429833181750445e-05
 5.096389215556579e-05
-4.470819799395204e-05
-5.4041802077652024e-05
-2.705118655646488e-06
-1.6705667932097323e-05
-4.704052538315878e-05
-3.070593090675339e-05
 4.8632423671736424e-05
 8.13013263227455e-05
-3.7705489790498814e-05
-5.0365871394827955e-06
 5.096704147527359e-05
 1.596523883146128e-05
-2.3703509005094936e-05
-6.570572943802311e-05
 2.9966933315077326e-05
 1.1299438845875642e-05
-7.270528832176854e-05
-4.003638567075252e-05
 6.633352558509109e-06
 2.996836482403037e-05
-2.6999652234030447e-06
-3.662063252363179e-07
 1.967552572930409e-06
-9.699524107141533e-06
-2.3700073383599307e-05
-5.8701876027404676e-05
-2.6032973376388657e-05
 2.5303710045623817e-05
 8.969688172794088e-06
 8.96997447458886e-06
 5.79731853002155e-05
 8.13081975657437e-05
 4.397292232555944e-05
-3.7698332245712785e-05
-4.4698463733047755e-05
 6.638219688964719e-06
-3.6191179837025134e-07
-2.3696351460308906e-05
-1.202870217665436e-05
-2.6945254893648296e-06
-3.0695910344054333e-05
-1.9028261060392848e-05
-1.2027556969482212e-05
-9.693798071315485e-06
 1.9738512123460006e-06
-4.2361841816961066e-05
 6.641369008672515e-06
 6.731194281616587e-05
-1.9026256947850262e-05
-2.6026388435185233e-05
 3.464418537231506e-05
 4.16448894632257e-05
-1.9025111740685052e-05
-8.669553073372555e-05
 1.9767142302590246e-06
 2.297825389940139e-05
-1.9023966533519843e-05
-1.43567350389881e-05
-9.68950354444248e-06
 3.698023468481221e-05
-4.4691019886466954e-05
-5.1691151373794986e-05
 1.3646367626456157e-05
-1.2021544631861392e-05
 4.3130498445440035e-06
-3.768917058838417e-05
-9.68721313011206e-06
 3.464905250277067e-05
 2.0648503226319836e-05
 2.2982262124486563e-05
 2.2982548426274396e-05
 7.665270444465883e-05
-9.685495319364246e-06
-0.00011235800325799794
-5.868784723962739e-05
 2.2983979935234378e-05
-7.350877515827081e-06
-6.568740612336588e-05
-5.0168323158725214e-06
 4.398637850976106e-05
 4.865361000429974e-05
-3.068417197060053e-05
-7.349159705079267e-06
 4.6320996313298224e-05
-4.001720345071791e-05
-4.235038974530203e-05
-2.6015795268896635e-05
 2.7654360749480855e-05
 2.7654647051275627e-05
-3.3015354152649e-05
 6.65396628749676e-06
 5.56571771131234e-05
 2.0655374469318033e-05
-1.201295557812232e-05
 3.9323727843890155e-05
 1.3655815585572606e-05
 2.0656519676483243e-05
-9.678337774578216e-06
-3.5346250032895765e-05
 5.099252233470991e-05
-3.3012204832941205e-05
-7.968137045862023e-05
-4.9345940403969224e-05
-2.834440073481992e-05
 1.3658392301697797e-05
-3.7677718516725134e-05
-1.4342706251203874e-05
 1.132577861069628e-05
 1.8326482701606917e-05
 2.5327186792524492e-05
-6.567795816424943e-05
-1.2007802145871938e-05
 3.699540867976164e-05
-5.006811753166529e-06
 2.0661673108726686e-05
-1.4340129535078683e-05
 2.532919090506014e-05
 2.7662949803226866e-05
-4.000746918981363e-05
-9.672039135162624e-06
-2.6006061007992354e-05
-2.671048742464155e-06
-5.004235037048277e-06
-3.370035425095952e-07
 7.433440584322937e-05
 1.3664404639318617e-05
-5.003089829876128e-06
 8.998032050150373e-06
-3.767113357552171e-05
-3.533737467736192e-05
-5.001944622710919e-06
 6.665704660943628e-06
 4.332518366366445e-06
 1.3666695053649036e-05
-2.8335525379279136e-05
-1.666787609562459e-05
-2.6667542155911494e-06
-3.066813907028065e-05
-1.4333544593875258e-05
 2.0668830653512715e-05
 6.267162369003043e-05
 4.400412922082875e-05
 9.002326577023378e-06
 2.767039364980073e-05
 2.5337207355223546e-05
-5.1667102023311706e-05
-9.366932245623988e-05
-5.8666947208844966e-05
 9.004044387771193e-06
 1.133780328593792e-05
-1.6663581568751584e-05
 3.467310185325395e-05
 1.1338662191308357e-05
 2.0050581076153096e-06
-1.899590895795833e-05
-5.39977116017637e-05
 4.339389609357702e-06
 3.0007874471257856e-05
 1.8340797791178975e-05
 1.3674138900229837e-05
 9.007480009266822e-06
-5.632946638739478e-05
-3.299445412187352e-05
 3.934348266750043e-05
 6.675152620060076e-06
 2.0084937291109384e-06
-1.89924733364627e-05
 9.009484121809408e-06
 5.1012277158327124e-05
 2.009638936276148e-06
-6.0993834864013496e-05
-3.999229519486419e-05
 3.467911419087477e-05
 1.834509231805198e-05
-1.6656710325753388e-05
-2.365684181308836e-05
 4.868109497628559e-05
 5.334832647081733e-05
-6.565848964242699e-05
-1.89887514131723e-05
 1.8347096430594567e-05
-2.132165140596859e-05
-6.099039924251787e-05
-5.6323167747986125e-05
 2.534865942688258e-05
 3.0015890921414323e-05
 2.301575943408629e-05
-7.319098016975167e-06
 3.7017167615914504e-05
 5.1018289495947944e-05
-4.698727324994878e-05
 2.0159375756917397e-06
 2.068400464846215e-05
-7.317380206220414e-06
-4.698612804278357e-05
-5.165278693373271e-05
 2.535209504837821e-05
 2.017655386439554e-06
-4.982476100895417e-06
-1.8983025377339313e-05
 4.351986888181947e-06
 7.202297848480504e-05
 6.6860320881365065e-06
-3.298271574841971e-05
-1.1981176079270406e-05
-7.313944584724785e-06
-7.313658282936952e-06
-4.4648933523121215e-05
-4.231517462495449e-05
 1.3688453989801896e-05
 9.02179509884582e-06
 4.355136207889743e-06
 4.3554225096845145e-06
 4.3557088114723475e-06
 2.0225225168951644e-06
-6.564789647614533e-05
-2.831204863237846e-05
 5.8026723735220276e-05
 4.1692701862404424e-05
 2.023954025848207e-06
-7.30965005785178e-06
 2.0245266294308117e-06
-9.64255005064113e-06
-4.697782529083233e-05
 6.692330727552098e-06
 4.169470597494007e-05
-4.9744596507320105e-06
 9.026662229294491e-06
-1.197430483627221e-05
-7.307073341733528e-06
-2.8308040407300228e-05
-5.164248006923888e-05
 3.702976489473875e-05
-4.972455538189424e-06
-3.530731298925782e-05
 1.1362425240003804e-05
-9.638541825562896e-06
 2.029107458098589e-06
-1.430491441473114e-05
-3.2972408883925886e-05
-3.03506232909867e-07
-7.30363772023096e-06
-2.1304186996688734e-05
 4.364297865218358e-06
 2.0311115706342364e-06
 2.0313978724290083e-06
-3.017884221620526e-07
-7.3019199094831455e-06
 3.7034345723399587e-05
 5.570241279617694e-05
 4.366301977754006e-06
-9.63424729868989e-06
-1.6634378786017923e-05
-5.3969654026202185e-05
-5.863631291715826e-05
-4.463519103713176e-05
-2.596712396434747e-05
 4.368306090296592e-06
 3.0036790952196746e-05
 1.3702769079373955e-05
 9.036110188417878e-06
 2.0703759472072425e-05
-4.229971432821028e-05
-4.6966373219173296e-05
-9.63052537539949e-06
 6.704069100998966e-06
 3.237255396289912e-05
-7.2961938736570975e-06
-4.962434975490371e-06
 4.404077585013627e-05
 5.5708425133797757e-05
 2.3040095086357404e-05
 1.603996359903631e-05
 3.470803067181366e-05
-1.4294607550237315e-05
-3.0628629423053166e-05
-3.0628343121265333e-05
-6.56301457650707e-05
-7.029680465603372e-05
-4.4628319794133564e-05
-2.1293307528612304e-05
 2.3042958104277367e-05
 2.771018959881605e-05
-7.29161304498932e-06
 2.071034441327585e-05
 3.471146629330929e-05
 6.710081438619786e-06
-2.8291721205185583e-05
-5.162616086713118e-05
-4.956422637869551e-06
 3.0045952609518423e-05
-2.1290158208904508e-05
 4.3783266529956455e-06
 6.504890046049594e-05
 9.045844449329099e-06
-2.3622485598111254e-05
-5.629081564554467e-05
-7.495831011473941e-05
 3.2381715620227736e-05
 4.171589230751033e-05
-3.062147187826714e-05
 2.3048684140103415e-05
 5.338411419475442e-05
 2.0715784147314065e-05
-3.5287271863852776e-05
 1.1382466365401911e-05
 7.205304017290914e-05
-7.495544709682639e-05
-7.728863339140357e-05
-1.6618059583910216e-05
 9.050425277989937e-06
 3.471891013988315e-05
-7.283310293038081e-06
 1.138475677973233e-05
-3.761788144231171e-05
-1.6616341773155463e-05
 9.052143088737752e-06
-2.3616186958695662e-05
 5.572216761978721e-05
 3.938814574697136e-05
-1.8948382860574375e-05
-2.8281986944274362e-05
-9.613919871497012e-06
 1.3721092394031187e-05
-1.1946819864293301e-05
-1.661347875524244e-05
-4.228139101355999e-05
-5.861541288638278e-05
-4.945256868005288e-06
-1.4278860951705274e-05
 3.9391295066672216e-05
 7.672714291043908e-05
-4.928009099193498e-05
-2.3611606130034823e-05
 5.105980325570414e-05
 2.3058418401014635e-05
 9.057869124570739e-06
-1.661004313374681e-05
-2.8277119813818752e-05
-1.894294312653616e-05
-3.2943492402986996e-05
-4.694404167943783e-05
 1.6060004724441357e-05
 3.0061126604467858e-05
-1.1941093828460314e-05
-2.8275115701283104e-05
-1.4273993821249664e-05
-2.5941070501328545e-05
-4.2275092374144396e-05
 5.5731042975321055e-05
 2.772965812063849e-05
 9.062163651436805e-06
 3.706412110971585e-05
 4.3957910622755e-06
 6.739983746614775e-05
 1.3730254051352864e-05
-2.5938493785203354e-05
-3.060515267615249e-05
-2.127097598887684e-05
-4.936381512464505e-06
-5.1605547138143526e-05
 1.1398499265728723e-05
-1.1935940396216871e-05
-7.26870890167125e-06
 6.732412978355251e-06
-4.2270225243688786e-05
 6.732985581937856e-06
 4.399799287360673e-06
 4.400085589148506e-06
-1.6600881476418194e-05
 2.0671855963591557e-06
 4.173650603649798e-05
-3.9934748534781184e-05
-4.932373287386271e-06
 5.5738200520107084e-05
 6.735562298063047e-06
-2.5980417856438787e-06
 9.069607498017607e-06
 2.7737674570794957e-05
 2.0737543083466925e-05
-4.930369174843685e-06
-3.0598281433161234e-05
 9.071039006977588e-06
 3.240605127249885e-05
-3.5264367720534706e-05
-2.1263245840508205e-05
-2.5951787677239158e-06
-2.594892465936083e-06
-2.8262804724246693e-05
-7.02650251571818e-05
-2.6056096418675123e-07
-1.659458283700954e-05
-4.4595967691699046e-05
 1.14076609230504e-05
 2.074056839357352e-06
-2.5926020516056636e-06
 4.408102039311912e-06
-2.5926755411756486e-05
-3.759383209182843e-05
 9.07590613742626e-06
 4.407828138482117e-05
 2.774425951200532e-05
 2.54110732174212e-05
 2.3077886922837076e-05
 4.410392453642331e-06
-2.1257519804675218e-05
-3.759154167749801e-05
-2.5569383373114096e-07
 2.5412791028169013e-05
 4.411823962602313e-06
 2.0786376680181906e-06
-3.058969237941522e-05
-3.058940607762739e-05
-9.587866408471146e-06
-3.9922723859539544e-05
-2.825507457587806e-05
-2.5865897139848437e-06
-2.8254501972295454e-05
 6.74787327509252e-06
 5.57510841007261e-05
 2.541622664966464e-05
 2.0749567758708565e-05
-4.918344499602045e-06
-4.918058197814212e-06
-2.3585552667008958e-05
-3.058568415433699e-05
 6.74204511951354e-05
 2.083504798473801e-06
-2.3584407459843748e-05
 3.24192211549057e-05
-2.125036225988919e-05
-5.39186923073226e-05
-2.5916734849050493e-05
 1.3752585591088329e-05
-4.691741561282936e-05
-4.691712931104153e-05
-2.473910817799019e-07
 2.3087621183741358e-05
 6.0423469027515164e-05
 3.242208417281872e-05
 1.608806230000287e-05
 4.420985619923989e-06
-6.091596077673761e-05
-6.091567447494284e-05
-7.2455184565653474e-06
-1.1912177347521424e-05
 3.242408828536131e-05
 2.0757011605289366e-05
-7.724855114060042e-05
-2.3578395122222928e-05
 3.7092178685277366e-05
-9.576986940394716e-06
-3.0577954005968355e-05
-2.5910722511429674e-05
-2.8243908806013795e-05
 4.409402798335321e-05
 9.092225339540905e-06
-3.290999509338727e-05
 6.042919506334121e-05
-3.524289508617662e-05
-7.240937627904509e-06
 5.8096581372339695e-05
-3.524203618080618e-05
 4.427284259339581e-06
 2.094097964762398e-06
-1.6573396504439286e-05
-2.572274624405846e-06
-9.572406111733878e-06
-1.4239065002689955e-05
-3.9906977261007504e-05
-1.6571964995479305e-05
-1.8905151290063427e-05
-1.8904864988268655e-05
-3.0571941668347535e-05
-5.1572908733914236e-05
 1.6098082862701923e-05
-1.657024718473149e-05
-1.4236488286571702e-05
 4.8767558117307486e-05
 2.3099645858982998e-05
 4.876813072089009e-05
 6.043578000454464e-05
 5.3435648517216605e-05
 4.876898962626053e-05
 3.7101912946188587e-05
-3.290197864322386e-05
-4.69025279196747e-05
-3.290140603964126e-05
-0.0001029052976290537
-3.290083343605865e-05
-1.6566238959653257e-05
 2.1018281131310323e-06
 5.810545672787354e-05
-7.2314896687811214e-06
 1.8436995193112093e-05
 1.1436863705784062e-05
 2.3104512989438608e-05
 2.310479929123338e-05
-4.689909229817907e-05
-9.563244454405262e-06
-2.5625403635015642e-06
-1.1896144447201551e-05
-2.356322112728043e-05
-1.6562517036362856e-05
 4.6441529367502454e-05
 1.1439726723697086e-05
-2.27349956374856e-07
-1.6561371829197646e-05
-5.856359226212582e-05
-2.559963647376373e-06
-7.226622538325511e-06
-2.822758960389915e-05
 2.077562122173443e-05
 2.5442852716273112e-05
-2.250595420444368e-07
 9.109117145238155e-06
-2.355921290219526e-05
-5.8561015546007567e-05
-3.289253068410741e-05
-2.1224881400452866e-05
 2.1101308650822714e-06
 3.7112506112470245e-05
 6.777648661408786e-06
-1.4223318404164853e-05
-2.5556691205033677e-06
-1.1889273204210293e-05
 2.0779629446812664e-05
-4.888282811497946e-06
-1.888883208794878e-05
 4.178174171955151e-05
 9.11341167211116e-06
 2.0781060955772646e-05
 1.8447874661188524e-05
-4.455559913910112e-05
-5.388920322280111e-05
-3.055419095727291e-05
 2.11471169374311e-06
-2.355320056457444e-05
 2.545001026105914e-05
 4.645154993020845e-05
 6.782802093652229e-06
 1.3783506184569805e-05
-4.2219549826603975e-05
-2.167567900931977e-07
 9.117419897189394e-06
-1.6550492361121216e-05
 3.478619106087738e-05
 2.1178610134509057e-06
 4.4516199116176325e-06
-2.1216292346706855e-05
-6.321851277962809e-05
-3.988350051410683e-05
-3.521626901956815e-05
 4.453051420570675e-06
 2.078764589697607e-05
 6.787096620525235e-06
-1.654734304141342e-05
-1.8880529335997542e-05
-2.5880660823325574e-05
-4.454815529252726e-05
 3.712367188234145e-05
 6.512562934060662e-05
 4.8791607467790765e-05
 6.045925675144531e-05
 2.0790508914889094e-05
 3.0124685602171686e-05
 3.245844450033841e-05
-1.1877248528968654e-05
-3.2878215594535354e-05
-2.5877511503617778e-05
-7.209444430840428e-06
-4.6878192267396646e-05
-5.154485115835272e-05
 1.6126140438270375e-05
 1.3792954143686253e-05
-4.874540325508492e-06
-2.540781427348704e-06
-2.587522108928736e-05
-2.540208823766099e-06
-7.206867714715237e-06
-5.15425607440223e-05
-1.1873240303883481e-05
 2.779608013625534e-05
 1.61290034561834e-05
-7.2054362057621946e-06
 4.462213077899291e-06
 2.129026783315169e-06
 2.7797511645215323e-05
 5.813294169985245e-05
 1.1463776074180365e-05
 2.0797952761469896e-05
-1.4203849882342412e-05
-4.920565252614778e-05
-2.120369506788261e-05
-2.3536881362459794e-05
-2.1203122464300006e-05
-1.886936356612634e-05
-1.6535604667966552e-05
-1.4201845769799826e-05
 3.0134419863082906e-05
-1.4201273166217221e-05
-5.620349359915233e-05
-4.220237171911195e-05
-6.086986618831364e-05
-7.199710169929208e-06
-3.2867622428253696e-05
-4.865664969974648e-06
 3.0136710277413326e-05
-3.5200236119248274e-05
 3.947117326649069e-05
 5.1138822550152174e-05
 5.34725814483189e-05
 9.080842929207883e-05
-7.197133453804017e-06
-2.8198100519377656e-05
 1.6138165113512015e-05
-2.5864055319423096e-05
-4.6865022384989796e-05
-3.986431829407916e-05
-5.619834016690195e-05
-4.4530690883247404e-05
-0.00011920152766539682
-6.786484424339823e-05
 6.74768526480532e-05
-1.4194401923225963e-05
 4.473665149558326e-06
 1.3807841836840917e-05
-1.927074396099182e-07
 7.6812174542501e-05
-3.752769637799941e-05
-5.38617182508222e-05
 5.347830748414495e-05
-2.3526001894383364e-05
-3.5193078574462244e-05
-2.1191956694428804e-05
 1.3810418552966108e-05
 7.681446495683836e-05
-1.4190679999935563e-05
-1.6523866294512746e-05
 2.547892674199803e-05
 4.6480466411147336e-05
 3.9480334923819305e-05
-1.6522721087347536e-05
-4.85507180369299e-06
 9.14605007634045e-06
-1.4188389585605143e-05
-8.652575377138261e-05
-3.985601554212792e-05
 3.248192124723909e-05
 1.1480954181665448e-05
-2.352084846213992e-05
-1.6520144371229284e-05
 6.748515540000444e-05
 2.5482934967083204e-05
-3.0520121044090576e-05
-2.351941695317994e-05
-1.4185240265897348e-05
-1.185148136773062e-05
-7.252148257164831e-05
-6.0853833287986825e-05
 6.817158308629334e-06
 2.315175278503473e-05
-2.81843580333882e-05
-3.985143471346014e-05
 2.0819139094033212e-05
 6.818589817589316e-06
-7.18195945886152e-06
 1.148610761391583e-05
 3.7154592475815984e-05
 2.5487515795744042e-05
-1.4181232040819114e-05
 1.148725282108104e-05
 2.153648737381053e-06
-1.6513845731813692e-05
-2.8180922411885634e-05
-4.918188947745927e-05
 3.715688289015334e-05
 1.1488970631828854e-05
-3.518019499384323e-05
 3.0157324006400976e-05
 5.582580886830113e-05
 7.216040334470653e-05
-2.8178631997555215e-05
-3.5178763484890185e-05
 1.149097474437144e-05
-7.251375242327968e-05
-2.8177486790390005e-05
 2.1579432642540586e-06
-3.751080457230216e-05
-9.50884711403005e-06
-2.117592379410893e-05
-3.750994566693172e-05
 3.9494936315186135e-05
 7.216383896620215e-05
 3.2495091129645937e-05
 4.882968560605827e-05
 6.516428008245673e-05
 4.416331301689003e-05
-3.050752376526633e-05
-7.25097441981945e-05
-3.9840841547178485e-05
-3.0506664859888954e-05
-4.2173741539967835e-05
-3.2839564852685244e-05
 4.183184453305372e-05
 6.983380199132583e-05
 2.7831581558397656e-05
-3.2838419645520034e-05
-2.5837715554609397e-05
 4.497714500041605e-06
-5.617228670388302e-05
-4.917158261296545e-05
-4.835316980082716e-06
 2.7833585670940242e-05
-2.8169470340233538e-05
-3.7503074423933525e-05
 4.183528015455629e-05
 1.3833895299866783e-05
-7.167071765699917e-06
-1.1833730656662933e-05
 4.6503370554465406e-05
 3.0169348681642616e-05
-1.1832871751285556e-05
-2.3499948431364437e-05
-4.216744290055224e-05
 1.8503130906941112e-05
-3.9833397700597684e-05
-8.65025633262767e-05
 6.836626830451775e-06
 5.350636505970646e-05
 1.3837617223157184e-05
-7.1633498424164554e-06
-1.8830426522488397e-05
 3.0172784303138245e-05
 1.6172235026694348e-05
-5.6165129159096994e-05
 9.17238984115415e-06
 1.383962133569977e-05
 4.506017251992844e-06
-3.982967577730728e-05
-7.160773126291264e-06
 7.217758145219855e-05
-1.8827563504575373e-05
-2.349422239553145e-05
 2.3175515833723237e-05
 6.051136367749704e-05
 3.25099788228006e-05
-7.4829474308577e-05
-7.016224281404526e-05
-2.8159449777527545e-05
-1.6491800493873e-05
-3.0492349770316896e-05
-9.49081010116759e-06
 7.451448967006613e-05
 7.218130337548201e-05
 3.0179082942553836e-05
 4.418020482258034e-05
 3.7180073335259245e-05
 2.0846051462436455e-05
-7.482603868708138e-05
-8.415964277078136e-05
-3.982337713789863e-05
-5.615739901072142e-05
-9.487660781459795e-06
-1.6487792268787826e-05
 2.0848055574972102e-05
 3.951612264775639e-05
-9.486515574294585e-06
 4.514606305738855e-06
 3.2516563764004025e-05
 3.0183377469426842e-05
-5.3821349698224275e-05
-6.548842637829622e-05
-5.848772228739252e-05
-2.8152292232741516e-05
-3.0485478527325638e-05
-5.381991818926429e-05
 4.651968975657311e-05
 4.885344865474678e-05
 9.55231868840084e-05
 6.985527462568392e-05
 1.618569121089597e-05
 5.818848424739981e-05
-6.548527705858842e-05
-3.0482901811200447e-05
 4.5194734361944655e-06
-7.71517811350847e-05
-3.981593329131783e-05
-1.8814393622168524e-05
 2.7855344607093102e-05
 3.7189521294375694e-05
-3.048089769865786e-05
-3.0480611396870028e-05
 6.85523644689684e-06
 2.1885775559407628e-06
 2.1888638577355346e-06
-1.4145158015094195e-05
-1.440361350607544e-07
 2.3190976130460506e-05
-4.914638805531696e-05
-1.6477485404294e-05
 4.88600335959502e-05
 2.7859066530383503e-05
-1.4231832431294e-07
 2.1914405738607257e-06
 1.6192562453887227e-05
 1.6192848755682e-05
-1.411731171477304e-07
-7.9478955092048e-05
-2.3475326477298553e-05
 1.3860521366475254e-05
-4.2142534644698526e-05
-9.473631993675569e-06
-1.8807236077382494e-05
 4.4196810326489755e-05
-2.472355299189266e-06
-4.2141103135738545e-05
 6.519892259922166e-05
 3.4864065148160206e-05
 3.2530878853576084e-05
-7.1378689829731945e-06
-1.1804527873929271e-05
 2.0864374777086747e-05
-3.280520863770814e-05
-3.7471867528664216e-05
-1.3601968489734828e-07
 8.153580748995748e-05
 2.7866224075169532e-05
-1.4135996357765579e-05
 2.7866796678752137e-05
 2.320013778778912e-05
 2.0866951493211938e-05
-0.00011214070019827799
-7.713832495088307e-05
 9.200447416715662e-06
-6.31369167690618e-05
-3.0468014118045783e-05
 4.534361129349129e-06
 5.5871044551347726e-05
 6.053827604589335e-05
-2.5799923718136664e-05
-1.6465747030847133e-05
 6.753955274038659e-05
 4.653858567481295e-05
-3.5132668896459274e-05
-1.4131129227309969e-05
 2.2034652491023654e-06
-1.2972104548869545e-07
-4.913235926753273e-05
-6.079943594761161e-05
 2.3205863823622108e-05
 4.420740349277141e-05
 1.8539491234460803e-05
-9.4618936202287e-06
-4.794662125690019e-06
-4.794375823902186e-06
-2.346187029309693e-05
-4.912978255141448e-05
-3.979560586412495e-05
 1.6208022750624496e-05
 4.654345280526856e-05
 3.954332131794053e-05
 7.68791691617074e-05
 6.987903767437242e-05
-1.8792634686015663e-05
 4.542377579512535e-06
-1.1791644293317194e-05
-4.912691953349452e-05
-1.64580168824785e-05
-7.246107289364534e-05
-3.512522504988541e-05
 3.487923914310964e-05
-1.645687167531329e-05
-3.0457420951757186e-05
 1.1545372084746652e-05
 3.2546911753902896e-05
 1.6212889881080106e-05
 2.5547066568369636e-05
 2.3213880273778575e-05
 2.212913208218814e-06
-2.4537456827442017e-06
-3.0455130537426767e-05
-2.5787899042895024e-05
 1.3881421397250737e-05
-9.453018264694857e-06
-1.645314975202289e-05
 9.215335109877265e-06
-1.1785631955696374e-05
-4.7849278647787985e-06
 2.215776226131838e-06
 2.7884261088031992e-05
 6.055316373904801e-05
 2.3217888498863748e-05
-2.8118222319559183e-05
-5.845307977062064e-05
 1.1551384422367472e-05
-3.2784308606932655e-05
-7.478652903986083e-05
 3.722044188785717e-05
 4.552111840416817e-06
 2.0886706316822212e-05
 6.886157040371377e-06
-1.1781337428823369e-05
 5.8223126764164745e-05
-1.878118261435663e-05
-3.044825929443551e-05
 6.887588549331358e-06
 9.221347447498085e-06
-2.1113510003570313e-05
-7.1123881235299335e-06
 4.189082270209671e-05
 6.88902005829134e-06
 2.089014193831784e-05
 1.1556537854617854e-05
 1.855724194552849e-05
 4.8892672000179493e-05
-1.0996622187842142e-07
-7.478080300402784e-05
-0.00010278218785872428
-7.478023040044524e-05
-5.844563592404678e-05
-9.44242509840626e-06
 1.6226059763486955e-05
 4.656148981813102e-05
 5.12287213126697e-05
-1.0738950575323036e-07
 6.989707468723488e-05
 8.623166916364722e-05
 4.560414592374995e-06
-1.6440552473198644e-05
 4.5609871959576e-06
 3.722988984697362e-05
 1.8562395377778873e-05
-5.377496880800553e-05
-7.944288106632308e-05
-1.177188946970692e-05
 2.3230485777687992e-05
-6.0774241389963124e-05
-6.544090028091226e-05
 2.230091315703897e-06
 4.563850213870624e-06
 1.1564554304774322e-05
-1.025223752976201e-07
 3.723332546846925e-05
 6.990222811948527e-05
 3.490042547567296e-05
 1.6232931006485152e-05
-5.3770960582927296e-05
-2.8102475721027143e-05
-9.434408648242854e-06
-3.7435793502939296e-05
 2.0901307708189043e-05
-1.643396753199522e-05
-1.4100208633828493e-05
 1.8568694017187526e-05
-2.4322730483791744e-06
 3.25701021990088e-05
-2.1099481215786087e-05
-2.5766140106742164e-05
 2.557054331527031e-05
 9.236521442440582e-06
 3.4905006304340735e-05
-7.097214128587437e-06
-1.4097345615915469e-05
-2.576442229599435e-05
-7.943400571078923e-05
-3.0430794885155654e-05
-1.1762727812378304e-05
 7.690951715159933e-05
 7.924327604976605e-05
-4.761451117878124e-06
 2.090703374401509e-05
-7.094351110667474e-06
 2.79080241367205e-05
 9.240529667525754e-06
-2.34278003799146e-05
-7.093205903502264e-06
-7.94305700892936e-05
-4.759160703547705e-06
-1.6426237383626585e-05
-6.776234820204952e-05
 2.242115990945537e-06
 1.8576710467350932e-05
 2.3243941961882675e-05
-2.4239702964279353e-06
-9.021139826814739e-08
-1.8757705867455954e-05
 1.8578141976303975e-05
 6.291440760919365e-05
-1.8756846962085516e-05
-2.1090033256669638e-05
 2.3246232376220033e-05
 5.3581662430864097e-05
-4.754866176674699e-06
-2.8089305838620293e-05
-2.5755546940453566e-05
-4.6756514006027206e-05
-7.0871935658814444e-06
-3.97555236133218e-05
 3.258241317604521e-05
 5.8250898037938426e-05
-3.2754246918828556e-05
-2.418816864184492e-06
 3.0250085786838465e-05
 6.525246103422644e-05
 4.582459830315688e-06
-3.975323319899138e-05
-2.8085583915329893e-05
-3.975266059540877e-05
-2.5751538715375333e-05
-4.208556058819812e-05
 2.325195841204608e-05
 4.192002548483037e-05
 3.725336659387429e-05
-4.748853839053879e-06
-2.8083293500999473e-05
 5.358853367386229e-05
-4.7479949336834415e-06
-1.4081599017383428e-05
-1.174784011922364e-05
-2.3414916799295582e-05
-4.908282905761313e-05
-7.008379612317983e-05
 4.192317480453123e-05
-4.745990821140855e-06
-3.974779346495316e-05
-3.974750716315839e-05
-2.3412912686759935e-05
 1.3922935157013872e-05
-9.411504504931723e-06
 3.72582337243299e-05
 2.5591157044251023e-05
 7.692784046625656e-05
 3.259214743695643e-05
-5.374605232706664e-05
 9.257994076805609e-06
 2.0925643360460155e-05
 4.19271830296164e-05
-7.503740331871178e-08
-7.475110152393993e-08
 2.326026116399732e-05
-1.8741959268923913e-05
-5.1410289316364266e-05
-9.107903715292048e-05
-4.674277152003775e-05
-3.0408177043625417e-05
-1.6407055163598916e-05
 1.3928374891052087e-05
 5.5931167927555925e-05
 9.093354317495084e-05
 3.726395976015595e-05
 5.3598554236561347e-05
 2.326369678549295e-05
-3.507283182204585e-05
-3.740601811662303e-05
-0.00010274296451329157
-6.774058926589666e-05
-9.403488054768316e-06
-1.8737092138468303e-05
 2.264447530681002e-06
 1.3932096814342487e-05
 4.893447206173046e-05
 6.0602121345391946e-05
 1.626642831608488e-05
 7.927047471995713e-05
 5.360256246163958e-05
-3.5069109898755446e-05
-3.973576878971152e-05
-0.00011207313297548899
-7.24038125353571e-05
-1.640018392060072e-05
 4.4270389886892636e-05
 0.00010960790888714378
-1.639932501523028e-05
 1.1602632443041827e-05
 4.4271535094064784e-05
-2.1065411302603754e-05
 2.7937799523036766e-05
-2.573178389176506e-05
-9.397189415352725e-06
 1.3937822850168535e-05
-8.17342672993493e-05
-3.506452907009461e-05
 6.938263966423108e-06
 1.1605495460954851e-05
 3.96074529192339e-05
 4.605650275421591e-06
-5.839782352486805e-05
-2.1061975681108125e-05
 6.939981777170923e-06
-2.8061820866641385e-05
 4.6070817843815726e-06
-5.957710658144322e-08
-1.872707157576925e-05
-6.772970979782716e-05
-4.4394697532298966e-05
 0.00010961478013014198
 0.00012594937460654043
 6.061242820988577e-05
 3.4944515951561284e-05
 1.6277021482373477e-05
 4.609944802294597e-06
-4.2059220823377486e-05
-4.9059352310712456e-05
-5.614148507887551e-08
-7.239350567086328e-05
-9.572794533280193e-05
-1.638959075431906e-05
-3.0390140030762958e-05
 4.612235216625016e-06
 6.294933642775336e-05
 4.894878715130252e-05
 5.828296383858511e-05
 3.0281578983895607e-05
-3.505536741276599e-05
-3.972202630372207e-05
 2.328202010015018e-05
 1.3948416016457132e-05
-5.372200297658336e-05
-6.53890796566553e-05
-2.3386286620151464e-05
 4.195123238009968e-05
 6.949429736287371e-06
-1.4051537329279329e-05
 2.0950837918108645e-05
 2.328459681627537e-05
 1.161752013619649e-05
 1.3951279034370156e-05
-4.716215434831528e-06
-5.605232625325446e-05
-2.1049951005866485e-05
-0.00010038773298075981
-0.0001190552274499615
-9.381729118615456e-06
-4.205005916605581e-05
 1.1620096852321682e-05
 4.42889995033377e-05
 3.4955395419637714e-05
 7.229124326341152e-05
 3.028902283047641e-05
 3.962319951776594e-05
 7.695904736152587e-05
 4.4290717314092454e-05
 1.3955859863030995e-05
-2.3379415377153268e-05
-4.671385503909886e-05
-5.3713986526419955e-05
-3.73793920500215e-05
-3.504563315185477e-05
-5.604660021742841e-05
 9.290918782822732e-06
-6.0712972806589716e-05
-6.30461591011669e-05
 6.062817480841087e-05
 3.729373514647222e-05
 8.163000077934801e-05
 4.662819813554264e-05
-4.707912682880289e-06
-1.4041516766580275e-05
-5.13767920067576e-05
 2.562808997535332e-05
 3.2628794066263955e-05
-4.706481173920307e-06
-3.737481122135372e-05
-3.737452491956589e-05
-1.87064578467816e-05
-3.504047971961133e-05
 1.6296203702401146e-05
 4.629127022322266e-06
 2.2959407277450827e-06
 2.0964007800515494e-05
-4.4372938596146105e-05
 3.263194338596481e-05
 4.196612007325434e-05
-2.3695729560527234e-06
 1.863196671310352e-05
-1.6369835930708787e-05
-2.368714050675347e-06
-2.103620851987703e-05
 4.196783788400216e-05
 4.4301596782168884e-05
-2.803576740361552e-05
-4.2036316680059416e-05
-9.80393726912332e-05
-1.8701018112743384e-05
 4.633994152777876e-06
 2.563553382193412e-05
 6.763832685843796e-05
 1.863568863639392e-05
 4.197070090191518e-05
-1.1698882512879705e-05
-5.8368048138558726e-05
-3.0946927430386406e-08
 1.163670235622416e-05
-1.6364682498458405e-05
-6.770079331688827e-05
-4.669925364773203e-05
 3.9639518719873645e-05
 9.304661268812187e-06
-2.362415411266694e-06
 2.5639542047012354e-05
 2.797330094517908e-05
 1.3972751668728245e-05
-9.36168799321041e-06
-7.027929095050622e-06
 2.306247592238908e-06
 3.0308205050504078e-05
-4.2029159135273386e-05
-2.8028037255246885e-05
 2.79755913595095e-05
-7.026211284302808e-06
 2.564269136672015e-05
 1.864255987938518e-05
 4.664451733765729e-05
 5.597869402493988e-05
-1.1691724968093675e-05
-1.8691856455421707e-05
-2.3789382644356927e-08
-1.6357811255467147e-05
-5.1359613899272516e-05
-5.602627279023553e-05
-2.569084273558453e-05
 3.9646676264666614e-05
 3.264654477733164e-05
 3.031335848275446e-05
 5.831531594101963e-05
 4.898171185732658e-05
 3.264768998449685e-05
-4.687585255680471e-06
-2.568855232125411e-05
-7.002424535055424e-05
-5.135617827777689e-05
-3.735505639774345e-05
-3.035435230683281e-05
-9.352812637676566e-06
-3.735419749237301e-05
-9.352240034093962e-06
-2.101931671417978e-05
 1.1649585936843176e-05
 6.065279676247676e-05
 4.198530229328201e-05
 5.365295157693656e-05
 5.365323787873133e-05
 4.650599656687293e-06
-4.435203856537062e-05
-9.34966331796877e-06
 2.5652711929419203e-05
-1.634950850350897e-05
-5.6018256340072126e-05
-3.268324407454393e-05
-9.348231809015728e-06
 3.965497901661785e-05
 3.732179272203373e-05
 2.3199900782283622e-06
 3.265542013286549e-05
-3.034805366741722e-05
-3.5014712558380234e-05
-2.345809907357277e-06
-2.8013722165674826e-05
-9.345655092890537e-06
-9.345368791102704e-06
 1.1656170878046601e-05
 3.032423795082395e-05
 3.265799684899068e-05
 6.990084590680068e-06
-1.4010882474893571e-05
 1.1657602387006583e-05
-3.7345035835044393e-05
-7.934725626797257e-05
-5.6012244002451306e-05
-3.967764952603897e-05
-4.675274278650998e-06
 3.0327100968743914e-05
 8.166378439074251e-05
 0.00010266532405989875
 2.5661014681370442e-05
 1.1660465404919607e-05
 1.166075170670744e-05
-7.006742762480367e-06
-1.8673819442559247e-05
-8.401076583922085e-05
-6.300922617007154e-05
-1.6339487940809916e-05
-3.034003721726075e-05
-6.067489466832221e-05
-3.0339464613671208e-05
 1.8663746211955434e-05
 1.633055991737825e-05
 4.899946256839427e-05
 7.466794743029442e-05
 8.400212411757702e-05
 8.166893782299289e-05
 4.66462844446458e-06
-7.934009872318654e-05
-5.367161386128638e-05
-4.668403035652802e-06
-4.433715087221596e-05
-2.566908379943167e-05
-7.001016726654319e-06
-3.0335456388592974e-05
-4.433600566505075e-05
-5.133613715237184e-05
 3.0335690022482986e-05
 1.8668613342411045e-05
-6.066916863249616e-05
-4.433457415609077e-05
 1.6335999651416466e-05
 9.100740903714849e-05
 3.733782562236054e-05
 2.5670748942281663e-05
 6.0673124189676575e-05
 5.133952010596965e-05
 1.4004244865792326e-05
-0.00010500257124746587
-4.666547003633753e-05
 2.33774078929605e-06
-7.233309599286031e-05
-8.400017267293919e-05
-5.133127002191623e-05
 7.701000908040545e-05
 7.934376797857218e-05
 2.1007239371026443e-05
 7.234392279303892e-05
 4.4342537938342474e-05
 2.340317505421241e-06
-1.1660231771036533e-05
 7.007835301747756e-06
 4.201021054914267e-05
-1.6326318058403066e-05
-6.999590147319795e-05
-7.932950555690488e-05
-7.466227406235926e-05
-3.265948102585542e-05
-4.199308510954847e-05
-5.599363438600624e-05
 3.0345137981606374e-05
 5.601362284349959e-05
 2.101182019969422e-05
 2.56790516942329e-05
 4.20136461706383e-05
 3.5013514683303326e-05
-6.0658575466207565e-05
-7.932606993540925e-05
-2.7989386513396775e-05
-1.1654792036998318e-05
 3.0348000999519398e-05
 3.7348705090430034e-05
 5.1349826970463475e-05
 6.535094885049691e-05
 1.634831062844594e-05
-2.5653909804482233e-05
-1.3986260520827687e-05
-2.3186112371662015e-06
-2.798652349548375e-05
-4.651511229955552e-06
-1.8652060506406387e-05
-3.731955497560113e-05
-2.0984960499202676e-05
-3.265203717927462e-05
 3.7352427013720435e-05
 3.268576812276436e-05
-5.131895904488676e-05
-6.531950832133065e-05
-5.365185903767611e-05
-3.731726456127071e-05
-7.698601239782693e-05
-1.1648493397582727e-05
 3.968819002442281e-05
 3.7355003729845626e-05
 7.702432416997751e-05
 7.020432580572e-06
 4.668975302071082e-05
 2.5688785955144122e-05
-3.964816044151748e-05
 2.1022413365975878e-05
-6.978971488706687e-06
 4.68867779494786e-06
 4.688964096742632e-06
-2.311167390592339e-06
 2.8024262664058663e-05
 3.7358439351341255e-05
 2.5691362671269313e-05
-2.0977802954416647e-05
 2.102499008210107e-05
 2.1025276383888902e-05
-5.131208780188856e-05
-7.23130548674622e-05
-3.9644152216439243e-05
-3.964386591465141e-05
-9.097997673307434e-05
-4.8977183696563564e-05
-1.6308281045540607e-05
-1.1641049551001925e-05
-4.6403454600912886e-06
 4.693831227198242e-06
 8.636565840205307e-05
 0.00012836845143857079
 0.0001167013747584919
 5.369790095820226e-05
 2.5696516103512757e-05
-1.1638759136671506e-05
-0.00012597863005717885
-0.00011197750817713847
-4.4306516580529254e-05
-4.637196140383493e-06
-1.6304272820462373e-05
-2.563787690416236e-05
 6.303436805981527e-05
 7.470201734347676e-05
 2.3365906525046887e-05
-2.563673169699715e-05
-3.263686318433212e-05
-2.0969213900670636e-05
-6.530490692996382e-05
-7.463851101367075e-05
-5.8303916537265355e-05
 3.0368328426712277e-05
 3.970250511400181e-05
-3.7301804264533445e-05
-1.3966791999005246e-05
 1.4035165459266863e-05
 3.503670512841617e-05
 2.3369628448337287e-05
-4.631756406345278e-06
 1.8703255859175982e-05
 3.270437773920942e-05
 3.970508183012006e-05
 3.270495034279203e-05
 3.5038709240951815e-05
 2.3703791935253404e-06
-5.596614941402733e-05
-1.1629883781137662e-05
-1.629654267209374e-05
-9.295838581176163e-06
-3.0296805646742864e-05
-0.00011896847800714483
-6.996526718151125e-05
-4.429678231961803e-05
-3.962955082507241e-05
 3.504185856065961e-05
 8.637854198267209e-05
 5.837715712797564e-05
-1.6293679654173776e-05
-5.362895489435804e-05
 1.6375509298637014e-05
 4.904441194965303e-05
 9.375664113096815e-06
 4.904498455323564e-05
 5.371221604777432e-05
 5.604597494593411e-05
 2.5711117494879587e-05
-3.7292356305416996e-05
 2.376964134728765e-06
-6.762692745469062e-05
-0.00018663374356793494
-9.562802600757841e-05
 9.105006800407683e-05
 0.0001797223129680614
 8.638369541491553e-05
-5.362437406569026e-05
-3.2622834396547895e-05
 7.046486043597866e-06
-3.4955734389337245e-05
 4.713586050808516e-06
 7.047344948968304e-06
-6.29565466404372e-05
-0.00013996085601897246
-0.00019129696683738845
-8.62904136988002e-05
-9.285531716682338e-06
 2.1049898337954787e-05
 0.0001517246500366623
 0.00030573412769908936
 0.00039440637266307393
 0.0002660656661643279
-3.261853986967489e-05
-0.00021462911608499669
-0.0002566313365179318
-0.0003219682829145934
-0.0003826382841185111
-0.0002846321487690387
-0.00011195489033561518
-6.99520972991044e-05
 4.905529141772946e-05
 0.00031740492630245865
 0.00045274662319390313
 0.0003827427316044976
 0.00021706646356377257
 0.00012372784601063364
 0.0001470628582761549
 0.00011206105563234953
-6.061563019749139e-05
-0.0002519600967983149
-0.0003429652417550888
-0.00041530260594086627
-0.00042230273742820124
-0.00017728782850719854
 0.00012139695013038687
 0.0003220758797202808
 0.00036174520016042655
 0.00022173713067981382
 0.00012839851312667488
 5.372767634451159e-05
-7.227955755785553e-05
-0.0002869587501224194
-0.00045263501816313056
-0.0003849640265665144
-0.00019595245995848026
 0.00019607122253403192
 0.0006394313021467687
 0.0007864403620200799
 0.0005694276968591511
 0.00015873680619922503
-0.00017961643397311489
-0.0005273035645309634
-0.0008469890239323208
-0.0010173322371657897
-0.0009333269373945491
-0.0003686262827704012
 0.0004387555218765757
 0.0012438038539271806
 0.001747834221045616
 0.001617160041950505
 0.00099879009021335
 0.0002707469264466508
-0.0004409619291454378
-0.0012810117775380603
-0.0018200436609985202
-0.001920382696340775
-0.0016963690407871476
-0.0009169889072966481
 8.873806804206297e-05
 0.0011458014405009917
 0.0019508497725515966
 0.0020348550723228304
 0.0016591662706085045
 0.000980126031365651
 0.00019841299788236205
-0.00053663058367346
-0.0012250047133018083
-0.0014910203029865829
-0.0014770191811065495
-0.0012390046899746765
-0.0005856320766883388
 0.00026608570728973296
 0.000989462498467271
 0.0011598062843043155
 0.0009474605643361306
 0.0006021069063746609
 0.00020308337869660853
-0.00013526986147573833
-0.0004899574098226958
-0.0006649675682489156
-0.0005576275425139415
-0.00018893858598516278
 0.00022641982247108977
 0.0004667677861993347
 0.0006137768460726528
 0.0006674470020910303
 0.0005134380970321789
 5.607775444479296e-05
-0.0004479520400700668
-0.0009006454374647019
-0.0011993296434987047
-0.0011643272682513098
-0.0007933048391261591
 5.374599965916882e-05
 0.0009054637836372337
 0.0013558242810390933
 0.0014561638889849376
 0.0012391512238240088
 0.0007747904634474931
 2.41132034970587e-06
-0.0008166372746755621
-0.001358002630732387
-0.0014583416660746557
-0.0012319945379246425
-0.0007886344583119195
-6.059072194163073e-05
 0.0006674530144286511
 0.0011644829637579707
 0.001225153537565471
 0.000891467242585868
 0.00047377593413683305
-5.592205893813901e-05
-0.0005436175452783742
-0.0006859590873553659
-0.0005716186438312759
-0.00042927652915070863
-0.0002635996885064079
 1.641730936018798e-05
 0.000289433889437668
 0.00042477558632910556
 0.00035010474954695614
 0.00013075861178964837
-2.249039901841554e-06
-0.00015625794496069295
-0.0002869321240558109
-0.00018192557091722267
-9.091985335686614e-05
-0.0001282551285970504
-6.991802738592207e-05
 0.00021943286086617553
 0.0004107779000705747
 0.0003407740084811692
 0.00013776217889847203
-4.42483973168567e-05
-7.22497821715462e-05
-0.00019825701607391333
-0.0003125968869944207
-0.0004059355045475596
-0.000436270361998628
-0.00016325378192114798
 0.00016109919527653588
 0.000347777289288205
 0.0003384436852044981
 0.0003781130056446369
 0.0003314438400189579
 0.0001844353527492293
 0.00012143187894893964
-0.00011191509438659986
-0.0003779306840713814
-0.00038959776075145336
-0.00017025105039056299
-1.1574627535385074e-05
 0.00015643568570529454
 0.0001984384787418053
-3.9575439786485034e-05
-0.00012591363955051504
 2.1095420322803093e-05
 0.0001751048979852371
 0.00011910184197407025
-7.457609722313213e-05
-0.00015624735179440435
 7.94336667410897e-05
 0.00012143645977760742
-0.00017491427366002343
-0.00018424787774372342
-0.00020758231740566901
-0.00011424312724894053
 0.00012610483647930437
 8.876956123912705e-05
 0.00012610540908288698
 0.00023344543481786106
 0.0002731147552579999
-1.6235560390508164e-05
-0.0003312540745991216
-0.0001515763983765822
-0.0002052459817913771
-0.00033592016088649507
-0.00011423997792923274
 3.0435609347706505e-05
 0.00011677438171531912
 0.00018677884590830723
 0.00030345276202876914
 0.0004691296026730629
 0.00042246043704739084
 0.0003711243262289679
 6.777317500222119e-05
-0.0006416022079934955
-0.001035958790478797
-0.0009146179291655981
-0.00030791476780672733
 0.0003781264618288316
 0.0008144861236524525
 0.0008168198825506193
 0.0003501256495777316
 0.00020311716230800303
 0.00012611285292946778
-0.0002215742776283669
-0.0003592488745126077
-0.00044558707427663075
-0.0006509323764556998
-0.0006229304189974208
-0.00020057159275205239
 0.0003874637878358289
 0.0006511464775278072
 0.00029179198398810585
 0.00014478349671837032
 0.0004084661864103556
 0.0002847924251043535
-3.25595617006319e-05
-0.00035457849369836814
-0.0004969200357753459
-0.0002752398528180905
-0.0001188969025592776
-5.5892856155405346e-05
-1.1556590522522614e-05
 0.00015878719531452895
 0.000434137247988374
 0.00033613168524249115
 0.00018678972537638366
 0.0001447875049434555
-0.00019589920782527026
-0.00039191061961883766
-0.00033824046360046017
-0.00035457448547328296
-0.0002915704390694107
-0.00019589777631631028
 3.2782824430067914e-05
 0.0003781370549951202
 0.0006744883610363267
 0.0007981626949459114
 0.0003921387494787362
-0.00024023203783665736
-0.0006485894559002045
-0.0007092594571041222
-0.0004992466371287196
-9.322211905796879e-05
 0.0003198028168019118
 0.000303468794929089
 0.00019379586920133252
 0.00023346518964147134
 0.00016112782545568693
 1.1785865589579447e-05
-5.121760821070326e-05
-0.00010022024643275423
-0.00020522622696776682
-0.00024956191999706695
-0.0002635624692735178
-8.38847930509784e-05
 9.812635576793988e-05
 0.0001354622036116998
 0.00022413444857568438
 0.0002568033512267004
 0.00020546724040827746
 3.51240271748085e-05
-0.0001095509874985412
-6.754819446203042e-05
-1.1544565847280974e-05
-5.354678628020221e-05
-7.68812259421478e-05
-6.0546631465742407e-05
-2.7877728814726388e-05
-7.688036703677043e-05
-0.00014455078602981092
-5.354506846945439e-05
-3.254352880031203e-05
 6.54626065491673e-05
 7.012983804369904e-05
 1.2594645429353513e-07
 0.00011679986257475544
 7.946458733457118e-05
 0.0001564694693166821
 0.00017047059119671554
 3.979641210159757e-05
-5.820915064429222e-05
-0.0002658879254197333
-0.00020055040641948213
-6.0541764335286796e-05
-8.154273140086044e-05
-0.00010487717106279909
-9.55429943755165e-05
-9.204222007903884e-06
 9.813580372705633e-05
 0.00017514068570917418
 0.00015413971864360054
 0.00013780569677077775
 6.31348599886214e-05
-9.20250419715607e-06
 3.0466816242975814e-05
 5.846877370124792e-05
 6.31360051957866e-05
-7.453859168844723e-05
-0.00013987553808511577
-0.00010020621764497001
-0.0001632096914452666
-0.00014920856956523315
-4.42020164266449e-05
 2.813592036272905e-05
 3.747009705001858e-05
 2.468294406206273e-06
 1.6469416286239713e-05
 0.00013314333240669468
 0.00016347876246134568
 4.213847375171553e-05
-2.1972192775845945e-06
 5.380640933716485e-05
-6.8635918667458995e-06
-0.00019120764067845353
-0.00028687973082797136
-0.00027287860894794486
-0.00014920427503836015
 1.3825743132300783e-07
 0.00015881468028650786
 0.0003361588839126753
 0.00032215833463622445
 0.00020548499111934515
 8.181122981334998e-05
 4.806920434821671e-06
-4.526683648878316e-06
-0.0001328673901476174
-0.0002075382269297807
-0.00016553543389326297
-9.786444229664681e-05
-9.086373820573618e-05
-0.00011886512306042568
-9.19162472907964e-06
 7.01467298493963e-05
 0.00010981605028954206
 8.648161062759646e-05
 4.447939019466829e-05
 7.481482024931235e-05
-2.5524215092949387e-05
-8.852768889323903e-05
-3.0190587682110692e-05
-1.618946580208419e-05
-3.4856960271278936e-05
-7.452570810783515e-05
 9.479591663398568e-06
 0.00010981919960924291
 5.381614359807607e-05
-2.0854693184080286e-05
-5.818996842426455e-05
-2.552106577324159e-05
-5.8189395820681944e-05
-0.00010252508884998207
-6.852426096881636e-06
 7.015245588522928e-05
 0.00010048788593987334
 9.815469964529616e-05
 0.00017049263643465623
 0.0001588255597545843
-2.3185016460751384e-05
-0.00016085961334498522
-0.00020752877897066424
-0.00012585695179580247
-8.38541587592917e-05
 2.484613608320918e-06
 0.0001354928379033865
 0.00011215839824144785
 0.00010049132156136897
 2.5820484779219555e-05
-5.818424238843156e-05
-2.5515339737415543e-05
-0.00010251964911594386
-0.0001725235407053563
-0.00012118685728334383
-7.68505916504611e-05
-7.218336015592242e-05
-6.518265606501178e-05
 2.1156116302593897e-05
 0.00015416434059766643
 0.0001915001884414333
 0.00014949796800849818
 0.0001028288023828261
 2.115754781154694e-05
-6.051370675972528e-05
-0.00012818412575276578
-0.00010018216829448673
-3.717812189062142e-05
-2.3177000010587978e-05
-2.175460341438673e-06
 6.0828586062440515e-05
 0.00016816861179740072
 0.00011216555578623388
-2.3175568501627997e-05
-7.684515191642288e-05
-7.451139301825616e-05
-6.984416152372441e-05
-0.00010951290936027369
-8.151095190200852e-05
 2.816254642933752e-05
 3.516325052024122e-05
-5.350842184014687e-05
-3.484035476737646e-05
-1.3838815098220214e-05
 2.5830505341918608e-05
-6.837824705514806e-06
-0.00012117769562602215
-1.8504615083798914e-05
 3.516554093457164e-05
-3.0171405462083023e-05
-2.550417396755128e-05
 6.316807099643329e-05
 0.00011917169961118274
 5.8501698407265046e-05
 3.050031355258248e-05
 6.31692162035985e-05
 5.850255731264242e-05
-1.850175206588589e-05
-3.2502301342336726e-05
 3.283521765790748e-05
 3.75024491524531e-05
-0.00010483909292453852
-0.00017250951191757208
-4.8835178007994307e-05
 4.683748474510613e-05
 9.502209504921866e-06
-0.00012117196959018917
-9.3170012131924e-05
-3.0165965728044808e-05
-5.116693279361845e-05
-2.5498447931718293e-05
 5.1506434050392624e-05
 0.00015651298718898782
 0.00016351369127989845
 0.00011451105305784748
 5.150757925756477e-05
-6.828949349980962e-06
-8.850020392125318e-05
-0.00016317104070341648
-0.00010483393949228814
-2.3162112317433314e-05
-4.494045244649025e-06
 2.5066588462616113e-06
 5.851028746101106e-05
 6.0844046359177784e-05
 2.1175298522621566e-05
-5.816248345228564e-05
-8.14969231142243e-05
 4.917782858447628e-05
 9.351409421735901e-05
 3.0510620417069367e-05
-4.88271615578309e-05
-6.516118343065369e-05
-2.1571370267814416e-06
-3.715893967059375e-05
-2.156564423198837e-06
 8.184873534803488e-05
 4.918040530060147e-05
 7.951583535524553e-05
 7.484917646428946e-05
 6.784904497696143e-05
-3.482346296167921e-05
-0.00020283320359876233
-0.00013516221200214618
-5.1156912230912455e-05
 6.318353129317056e-05
 1.6514365667498476e-05
-9.782550525300887e-05
-1.1486732885403195e-05
 1.884869716924087e-05
 6.0851490205758585e-05
 2.5849687561946277e-05
 2.5152479000076222e-06
 2.515534201795455e-06
-9.549002854409433e-05
-4.415334512209573e-05
 3.985195464914493e-05
 2.585140537270103e-05
 9.517383499871301e-06
-1.615052875843931e-05
-7.448705736598504e-05
-4.415162731134098e-05
-6.815779467574112e-06
 4.685437655080338e-05
 0.0001681952378640092
 0.00011452565444921431
 4.2188290263429906e-05
 2.5195424268806277e-06
-4.181615060242644e-05
 2.118789580144581e-05
-9.146961649615648e-06
-5.8149599871666624e-05
-6.748320395537355e-05
-7.448333544269464e-05
-6.514915875541205e-05
-9.781748880284546e-05
-1.1478716435246727e-05
 9.522823233909516e-06
-4.414676018088537e-05
 2.819117660848164e-05
 3.752535329577117e-05
-9.143812329907852e-06
-3.947866978096931e-05
 2.1191904026524044e-05
 8.886289562314714e-05
 3.9860257401096166e-05
-7.914655871215509e-05
-7.214585462124445e-05
 4.686153409558941e-05
 0.00012153294348132837
 0.0001868704624815795
 3.7528502615472026e-05
-7.914484090140728e-05
-8.614497238873531e-05
-0.0001398145558035302
-2.7807584875819136e-05
 1.886215335344249e-05
 4.219716561896375e-05
 4.686439711350243e-05
-3.94738026505137e-05
-4.4140461541476717e-05
-3.4806284854187186e-05
-9.137799992287032e-06
 3.51984656405957e-05
 4.2199169731506336e-05
 1.6531257473195726e-05
 1.9723560036599697e-07
-3.7138039639811327e-05
-6.802609585167263e-06
 9.353699836067708e-05
 3.286699715675939e-05
-8.613981895648493e-05
-9.080647784744794e-05
-4.647021221455827e-05
-6.0470761491009106e-05
-9.313909153844252e-05
-8.847186004390384e-05
-1.146697806179292e-05
 7.020484911306191e-05
 7.720555320397948e-05
 6.78719491202795e-05
 6.787223542206733e-05
 5.387168614562343e-05
-3.946693140752244e-05
-3.946664510572767e-05
 1.1870038316270926e-05
-2.5465236923906398e-05
-5.813356697134675e-05
-7.913453403691345e-05
 5.6207162854531034e-05
 8.887606550555399e-05
 1.653870131976959e-05
 0.00012387872705473674
 0.0001028777599891631
 2.052520505294031e-07
-0.00013746934483371137
-0.00023314143498322226
-0.00013280182703737792
-8.146514361537238e-05
-4.646276836798441e-05
 3.054211361413345e-05
 8.654574222888983e-05
 3.287615881408801e-05
-7.44632943172896e-05
-3.4793973877157713e-05
 5.15447984904549e-05
 0.00011921579008707106
 0.00014721774754534317
 9.588163672692024e-05
 1.1876909559269122e-05
-3.7125728662781854e-05
-7.679447649933113e-05
-0.00013979795029962772
-8.612779428124329e-05
-5.579236422660616e-05
-7.212638609942201e-05
 4.9214475213783804e-05
 0.00012621935719589472
 0.00011221880791944389
 9.546299980810191e-06
-9.54596805542024e-05
-6.0457305306807485e-05
-7.212438198687943e-05
-6.512367789596879e-05
 1.6548149278892976e-05
 6.088441491177571e-05
 3.988344784620901e-05
-1.611960816496477e-05
-4.178752042327538e-05
-2.311945335050497e-05
 3.055070266787946e-05
-2.3118880746922366e-05
-9.117758866881986e-06
 5.8553232729727234e-05
 2.121795748954991e-05
 1.6551298598593833e-05
-4.8785647798067766e-05
-8.612092303825203e-05
-0.00014679092424216972
-0.0001584580009222486
 4.455440126403115e-05
 0.0001495609544026194
 0.00019623069263188103
 0.0001098924928678649
-0.00012112100787130958
-0.0001491223927259991
-0.0001514555790205832
-0.00011878667636956025
 5.855752725660024e-05
 0.0001425628270278409
 0.00019623298304621145
 0.00020790063232987294
 0.00015423104891507805
 4.22246505909496e-05
-0.00010945078187152985
-0.00019112203644280207
-0.0002377912020684811
-8.611519700241904e-05
 1.189093834704641e-05
-6.511337103147496e-05
-5.344572174782042e-05
-6.7759835185587924e-06
 2.822639172882918e-05
 3.756056841611871e-05
 0.00011689892299460852
 0.00012389962708551222
 3.5227954725117194e-05
-9.544622437000078e-05
-0.00018645136932676776
-9.077870657367426e-05
-3.477507795891788e-05
-5.5776045024491516e-05
-7.911048468643017e-05
 4.923079441589845e-05
 0.00021024068986745525
 0.00021257444876561504
 0.00014723750236895344
-2.104457497154044e-06
-0.00016078030774874935
-0.00029612143203661817
-0.00025411863900010045
-8.377485316305583e-05
 0.00011457060383047307
 0.0002429118829328017
 0.00016357410095790142
 0.00015890744206694535
 9.357049567027681e-05
-7.677271756317827e-05
-0.00013977619136347486
-0.0001141077065015747
 4.923566154635406e-05
 6.32367834263875e-05
-9.100580759396903e-06
-1.843418484309689e-05
-0.00011643974758899361
-0.00018877711177477108
-0.00018877682547298325
-5.5768601177910715e-05
 7.023920532803901e-05
 0.0001449106147137849
 0.0001845799351539168
 0.00010057520798627262
 0.00010057549428806045
 1.1903821927665426e-05
-0.00019110800765502478
-0.00016077257760038072
-2.096154745195866e-06
 5.390747386955358e-05
 7.238308243881497e-06
-9.095713628941293e-06
 9.572353443836057e-06
 1.4239584938374739e-05
-6.761382127191962e-06
 4.4575301294806635e-05
 0.00010524587510231387
 8.191143544036134e-05
 7.491130395304024e-05
-2.0930054254950092e-06
-0.00011876634894236737
-0.00023077274726650276
-0.00027044149510305204
-0.00021910481168105345
-0.00012576562152432497
 5.157858210184246e-05
 0.00022658931313163794
 0.0002942603047282541
 0.00024992461169895397
 0.00018925461049504322
 2.1244869857946214e-05
-0.00015376528856825972
-0.00024943737871777755
-0.00025177056501236167
-0.00011176192292816634
-2.088424596827232e-06
 0.0001355867448909892
 0.00011458577782542251
 5.1582304025132864e-05
 0.000116919823025384
 4.4582458839592665e-05
 3.058190956314877e-05
 2.1248305479441842e-05
-3.708822312809695e-05
-4.4088354615431924e-05
-0.00016776211592142015
-0.0001514275214450217
 2.5819562174192456e-06
 4.9157151155790335e-06
 9.582946610117715e-06
-7.208830796115451e-05
-1.8418151942777017e-05
 0.0001985950858217414
 0.00014025855721419567
-1.375034784465573e-05
-9.075465722319098e-05
 4.458703966826044e-05
 0.00010759108607213269
-4.875129158309066e-05
-0.00012808907355799787
-8.37528079251082e-05
 9.586382231613344e-06
-3.0082365604935934e-05
-6.741764084512714e-05
-6.041693675420956e-05
 2.587109649662689e-06
 2.5873959514574607e-06
-8.14173312162006e-05
 7.49256190426123e-05
 0.00020326689814493398
 0.00018459940367573924
 0.00010992856689358982
-4.1746865568889624e-05
-0.0001397524283147794
-0.0002120897925005638
-0.0001280844927293301
 9.592916282430419e-05
 2.5925271234898684e-05
-5.107903814363657e-05
 0.0001309321106752817
 0.00019626962967551898
 2.3592943845685e-05
-0.00015608415977327178
 7.026296837673446e-05
 0.00019393730228631223
-1.607494508549384e-05
-0.00018408468572259085
-0.00035442789895605287
-0.00035442761265426503
-0.00014441479267886248
 0.00010526706143487718
 0.00011926818331491063
 0.00021727431866438301
 0.00043895450162164534
 0.00032461463070114494
 4.226473284175275e-05
-0.00022375085684301493
-0.0002494187691013325
-0.0002330841746249271
-0.00024008430611226206
-6.0406629889715735e-05
 8.660242998359546e-05
 0.00020560981870042933
 0.0002639469199115507
 2.8266473979639273e-05
-0.0002027470267595352
-0.00022841493901785276
-0.00014674311184299793
 0.00015894208458371029
 0.0002686155829150494
 0.0002639489240240933
 0.00025928226513313724
-6.0403194268220106e-05
-0.0002820828046218929
-0.0005177632505538182
-0.0005434311628121288
-0.0001537409529159886
 0.00023828272957653052
 0.0006069716861053093
 0.00046929708922107544
 7.260703413939501e-05
 8.89416286158004e-05
 0.00016127956540516047
-5.106615456301755e-05
-0.0002727457649167042
-0.0003357492387169869
-0.000298413390873227
-6.506584493409101e-05
-2.3063051897587172e-05
-0.0001910727925346703
-0.00017473819805827184
-6.50646997269258e-05
 6.0943106779023926e-05
 0.0001869509132849806
 0.0004226319318204816
 0.0005883087724647823
 0.00046930195635153105
 0.0001846185858957669
-0.0001817363254330573
-0.00043375107953959324
-0.0005714256764238271
-0.0005130885752127057
-0.0001490665638766639
 0.00023829017342310438
 0.0004343021578202613
 0.0004156346633510666
 0.0002406245049248537
 3.7612675342163504e-05
-0.00019573429799338293
-0.000403413072768824
-0.0002027341431789162
 0.00013328619700063438
 0.0002242919145609909
 0.00023595956384464545
 9.361802176766076e-05
-0.00030073856071764077
-0.0006530926364682332
-0.0005037501039985431
-0.00012572725708426963
 0.0001986257201134281
 0.000604650238184179
 0.0006163178874678404
 0.00031763368143383763
 0.00017762561195323184
-9.539039552066558e-05
-0.00022606457461577661
-0.00022139734312124487
-0.000508414186173374
-0.00019572857195755688
 0.00037363902785934183
 0.0003153024992517961
 0.00022196388169865716
 0.00011695790116364457
-0.000151391161117502
-0.0004197402233986486
-0.00031940061545280424
 6.328917665422706e-05
 7.262335334150966e-05
 2.362071511945868e-05
 8.195781633058008e-05
 6.795726705413618e-05
 5.395671777768535e-05
 5.6290476675852075e-05
 7.287838453801099e-06
-0.00016772231997240483
-7.905007500843414e-05
 4.2290786304778616e-05
-3.4713523073756636e-05
 3.762441371561731e-05
 4.956083668176958e-06
-2.0440478191510736e-06
-4.4046268252086185e-05
-0.00013971835840159708
 0.00010062960532664783
 0.0003386440964585277
 0.0004343167592116212
 0.00018463547770146416
-0.0002493901389221814
-0.00038706473580642914
-0.0004150661206611117
-0.00017705162952923875
 9.363147795186239e-05
 0.0001333007983920012
 0.00019163789960312955
 0.00015196915176657333
 6.096400680980635e-05
-0.00011871309680915737
-0.00019338393359131373
 6.329833831154874e-05
 0.00024997643232321093
 0.00011930225322809296
-5.104096000536906e-05
-9.304318043830417e-05
-0.00022138388693704325
-0.00025638568958085556
-0.0001373783008640217
 0.00010296966286422321
 0.00038765360592356995
 0.0003643191662616313
 0.00013563913811882877
-0.00017237895830066186
-0.0003053866099921518
-0.00027738465253387967
-0.00018637893497353009
 9.830500808581666e-05
 0.00027098226651923324
 0.00015897586819510479
 9.633908328997298e-06
 3.530239319089745e-05
 9.363949440201885e-05
-1.1366486132986797e-05
-0.00012570635705349414
-9.537092699884314e-05
-7.903633252244469e-05
-0.00018404231305745034
-0.0002260445334903785
-5.103380246058303e-05
 0.0001753133256894232
 0.00021731611872593398
 0.00018931473387124448
 0.00023365099950413415
 0.0002919881007152625
 0.00010297710671080401
-0.00018870668153406905
-0.0003287147510146818
-0.00045238851232067695
-0.00040105182889867835
-0.0002470423512362374
 2.3640756244856787e-05
 0.00048333514403221117
 0.0005766743341889327
 0.00038999681278085313
 0.00022898748993287893
-3.46946271555168e-05
-0.00028670938126205275
-0.0005457245531576976
-0.0005597251024341554
-0.0002657072689893139
 9.642783684531142e-06
 0.00032932881568947803
 0.00041800106065345566
 0.0003246624431003167
 0.00020798909958343742
 3.9979358946347354e-05
 2.5978809669903458e-05
-7.669369826873718e-05
-0.00019103356918923758
-0.00016769855692371632
-0.00011869534609808274
-8.835991604343868e-05
-2.535586963956643e-05
 0.00013565402581198344
 0.0002056584900049785
 0.00019165794072852765
 1.6647782302321723e-05
-0.00033103934825552683
-0.0004360453287905325
-0.00021436514583327015
-8.135692153819762e-05
 7.498602872060833e-05
 0.0003270013554307269
 0.0003596702580817429
 0.0002826659487032146
 0.00011465620806612453
-1.8351443625365393e-05
-0.00017002687608784484
-0.0003007010551829628
-0.0001280237967495393
-9.768836669489522e-05
-0.00017935962126616745
 2.598625351647732e-05
 0.0002826685254193398
 0.000348006044419584
 0.00017999630378249393
 0.00010065852180758672
 0.00016132909561508701
-3.468231617848733e-05
-0.00027502970730314963
-0.0004057038863982676
-0.000356700675572634
 3.998995211262901e-05
 0.00028033791584088086
 0.00011932859299290666
-6.501545581879403e-05
-9.535031326985549e-05
-0.00020735671159399088
-0.0003100292195326246
 2.132417545418208e-05
 0.0004016804949648345
 0.00037601258270651694
 0.0003200095266953501
 6.099435479969828e-05
-0.0002680249949871538
-4.167786683714758e-05
 0.00018466926131285866
-6.267854760092645e-05
-0.0005993769584650074
-0.00043136664522433477
 0.00018933735171277472
 0.00011699998752699031
 0.0001706701435453678
 0.00035968171015340195
 0.0001776711339380732
 0.00014033585869788895
 0.0002850114459748282
 7.499919860302212e-05
-0.00035902641802063734
-0.00034035835094785305
-0.00013967942135795913
-7.900884755045884e-05
-0.00032635665646424394
-0.0002493517744821261
 0.0003853530580332151
 0.0002803470774982095
-0.00014434464873995523
-1.6003369637626608e-05
 0.00022201112149424634
 9.833736018825118e-05
-0.00015367739391828478
-0.00013034238165275658
 0.0001730093421775658
 0.000681706654488759
 0.00033401952393091044
-0.0003356868249264483
-0.0002516815251552215
-0.0002983506907808936
-0.0004710273766107276
-0.0006040350283022175
-0.0001816762020568491
 0.0004250269593020148
 0.0007633807720779512
 0.0006443739559646999
-0.0002796809058973615
 2.8337763125711735e-05
 0.00028268656243220225
 4.700611650027692e-05
-0.000412687698683481
-0.001066059739366236
 0.000261686454272006
 0.0002873549391338992
 0.0004833669235310631
 0.0004086960867488998
-0.0012527361155671435
 0.0007563840762121118
 0.0008263885404051138
-0.000685701415743048
 0.0006583790860698116
 0.0002966911199337313
-0.0014580799862372526
-0.0017614311374639993
 0.00011701458891835714
 0.0007120503872953612
 0.0006607142764769314
 0.001958125326362317
 0.001311753703468685
-0.00027500737576341416
-0.001381073100142599
-0.0014067410124009166
-0.0007650357620964526
-0.0003870129151821722
 0.0006047132245783002
 0.00112507789987136
 0.0007213874270005499
 2.8346352179457746e-05
 0.0001403533231071688
 0.0006210489642618777
-0.00025400297307635183
-0.0013694025878410246
-0.001033382247661467
-0.0002890042031165746
-2.298804082821737e-05
 0.0006980552777529417
 0.00014735603131062203
-0.0004523461396555434
 0.00029669885008209995
 4.9351041168314846e-05
 0.0006350529491598242
 0.0008263979883642303
 0.0006373869943597787
 0.000539381431613882
-0.0004896796970849729
 7.268748494279609e-05
-0.0019457660246183783
-0.0020274372791896575
 0.0018811296060375349
 0.0006677241422251706
-0.0004150068561902809
 0.000516048996064479
 0.00025003340637971133
-0.0006553536747113606
-0.001292391407219505
 0.00024070037489959395
 0.00015669564773194283
 1.9021050847708998e-05
 0.0015637801959486677
 0.0015614470096540906
 0.0006210578396174116
-0.000781358904501192
-0.0015327367942316317
-0.0012970557756961237
-0.000522342587398375
 0.00044371535380199195
 0.000635060393006398
-3.4645955850967636e-05
-0.0003729991960233145
 0.00033871023217235674
 0.0005557234699368682
 8.43622917712436e-05
-0.00040099972197263356
-0.00017465259382262038
 0.0004460514031144891
 0.0002430395735317989
-0.00015831742674263238
-0.00033332758516884525
-0.00030999257290331705
-0.000279657142848673
-0.0003776627055945628
 0.00027104296249902404
 0.001314105499379714
 0.0006840681846606925
 5.869781513442168e-05
 0.00026637716251344534
-0.0010450341503465965
-0.0011360392953033704
 2.6030343992365645e-05
-0.00025631955386702654
 0.00022437608728768238
 0.00042972196207032715
-0.0004803320642134956
 0.0004437233702521484
 0.0009244190114068573
 0.00034571809380806034
-0.00036365728918765633
-0.002741465578590327
-0.0005690023050649307
 0.003850595078768025
 0.00041572370320821367
-0.0035161773353791226
 0.00031538495416773976
 0.004891325001957714
 0.002525184075536903
-0.003539510916135691
-0.004377227291931941
 0.0003620558376041666
 0.0021051601533968595
-0.0007790116894188306
-0.0016820652979135375
 0.00104109750835598
 0.0030945536794663372
 0.0011741060189528474
-0.0021580925623665356
-0.001586391489953265
 0.00028738729123634066
-0.001075360418743919
-0.0014720504738255924
 0.0010270989631920718
 0.002630194923202371
 0.0015871329589252636
-0.0009633523026090357
-0.001448714316352906
-0.00014663632127477622
-0.0003753163494175718
-0.00069966875401168
 0.0005627402069280987
 0.00119277809425071
 0.00026172281459951874
-0.0004709872943599244
-0.00018396987870421266
 0.0006770817956593539
 0.0009967678276642938
 0.0002780585542830963
-0.0006599971431572108
-0.0012807005674907376
-0.0009330128643293065
 0.0005184073769167186
 0.00101777079884241
-0.0003449769111378495
-0.0013577037316620938
-0.00047331733133480075
 0.001108777375308137
 0.001062108209682458
-0.0005433206503206237
-0.0014603750943935692
-0.00022363433201388894
 0.0014938017852186986
 0.0008614309979033119
-0.0006273242322811165
-0.0008840059315803894
 0.00018472480386039908
 0.0009594379921581547
-0.0005619858543754949
-0.0020904101186982535
-0.001145353430865255
 0.0014751365811638342
 0.0020235029276133715
-9.528990359185946e-05
-0.0004826460682880451
 0.0006117528657128557
 0.00044374312507576563
-0.0010216773791449224
-0.001334362420757157
 0.000285067847427746
 0.001125118268423958
 0.00046007886475933624
-0.0002936324975674684
 0.0004810806907302734
 0.0012487934612389062
 0.0004624134825628734
-0.00045930790670281607
-0.0011476820363311713
-0.0006226504158453675
-0.00018862422661813233
-0.0007533243086386976
-0.00022595921555652182
 0.0006397594039997886
 0.0009267768196555073
 0.00038774493619504746
-0.0003776337891136239
-0.0004686389340703978
-0.000431303086226624
-0.00038930029319012016
-0.0002306238703349353
-5.0946194112395926e-05
-0.0002306232977313527
 0.0004950869660425572
 0.0014938135235921524
 0.0012114636257327602
 0.0008381082966148201
-0.000785988344159258
-0.002293411355114662
-0.0005829756556711974
 0.0014938152414029002
 0.00025474157903043054
-0.0016587056636939435
-0.00044296615468162465
 0.001470481660646332
 0.001416812077231537
-9.527787891661782e-05
-0.0006716453239190429
 0.0003457490144015349
 0.001265137503674435
 0.0011461306875611768
-5.560741326931379e-05
-0.00043362968758001164
-0.0009049908657456363
-0.0016423679198978303
-0.0015350278941628631
-0.0008373193015454375
 0.000756442768079367
 0.0006817719312972106
 0.0005417638618166049
 0.0010364603385495455
-0.000291285282485107
-0.0011546698568414698
-0.000958657872444306
-0.00011627397885173585
 0.00026641581325529545
 0.0004437600168814629
 0.0016314978547372974
 0.0010107944304037775
-0.001206004249849138
-0.0011966700731618485
 0.0014238199388672337
 0.001318813958332228
-0.0019550478080778283
-0.0019293793232159212
 0.0006467747094820661
 0.001374818445852348
 0.00029208744743689646
-0.0005269611475883645
 0.0007541155941224037
 0.002718899806570578
 0.0018555152322142152
-0.0013623431918828657
-0.002650419778779174
-0.001168664393780293
-0.00043595371221726714
-0.001180331184158577
-0.0006156305295344291
 0.0012814829776189099
 0.0019068539197487702
 0.0010061337838504353
-0.0002609415496785117
-0.0012876692057810016
-0.0015536847954657693
-0.001245666126442703
-0.0007229679785532711
 0.00028042552418906797
 0.0019138566279522234
 0.0019208573320431271
-0.0002259371703185742
-0.0010216510393801087
 0.000523108105720857
 0.0014681647935538625
-0.0012293292415519602
-0.003481130010750476
-0.000928310704016215
 0.00185785586235538
 0.0017271816832602621
-7.425887483818172e-05
-0.0006179577034913925
 0.0016105089123469724
 0.0028565835651121405
 0.000677120446401204
-0.0019363685752351797
-0.001894365782198662
-0.0007882994852159014
-0.0007579640551612504
-0.0006249558308661779
 0.0004974447742912072
 0.0013701638116366335
 0.001101814749355494
 0.0005161134139675602
 1.2083619452707417e-05
-0.0009563072217404489
-0.001815024850904054
-0.0010496455529918
 3.0752545430862144e-05
-0.0003239350029161023
 0.0002921020488282633
 0.0021892155559816093
 0.001582512967226321
-0.001425332923197159
-0.001672680732110951
 0.0008008005063466148
 0.00040177697866855544
-0.0022957170564372603
-0.0020553690927090154
 0.0015358455194113968
 0.003222946492891128
 0.0012161603463118273
-0.0007019538416052976
 0.0008218040501283067
 0.003715310355933074
 0.001563848908378622
-0.002953753751898436
-0.003394779786311204
-0.0015280014229107214
-0.001226983171676764
-0.0023820518205797947
-0.0007252859908529058
 0.0030152708674354017
 0.00356130374128856
 0.0012605000475662057
-0.000424266880713578
-0.0017380116661699918
-0.003450780265606253
-0.0038311360125133226
-0.0023540475727071852
 0.000586128185025056
 0.0026745864450810064
 0.0027515913270631243
 0.002506576990745704
 0.0022895643255847753
 0.0021962257080316294
 0.00025244332155440613
-0.0029794159381209204
-0.003037752466728459
-0.001308648986514005
-0.000827953345359296
-0.0016353345774026973
-0.0018290125165998927
 0.0009734883579463199
 0.004039671635882716
 0.0036989849231140043
-0.00016757888277488253
-0.0026830620553635817
-0.0006972765895480598
-0.0008139499330649322
-0.004307158123534077
-0.003558113133796434
 0.003136620031500552
 0.009464997999166926
 0.007927239844458665
-0.0007532779277484788
-0.006225270879942242
-0.00438649418769823
-0.0024637124819847853
-0.002963075331306894
-0.0022700336838822124
 0.0001241094862986583
 0.0034026387705050343
 0.005465428832000886
 0.004401365614356424
 0.002056225941302975
-0.0009796216202769825
-0.0033014265673666984
-0.002158024708841952
 0.00035745903635032994
 0.0015825324357481435
 0.0007168143887954087
-0.0008162768207201007
-0.0007649401372981021
-0.001149962829397909
-0.0028860661547979102
-0.0006926016279051456
 0.004917066780078222
 0.00395800982927056
-0.0019363416628667834
-0.002734389004524683
 0.0005954766768019037
 0.003008287627753764
 0.0015778692124786761
-0.0018009988207681668
-0.001882670075339446
 0.00019878776692739547
-0.000601593047326876
-0.004874181084984733
-0.0044518222587393574
 0.00233391633781619
 0.003960347023790223
 0.001671210693049735
 0.003997683157935784
 0.0058947966650891165
 0.001967562571694531
-0.004857844486395785
-0.007611341863814569
-0.00482050835225023
-0.00199000580654754
 0.0006608193492343983
 0.003304644087227221
 0.0032836431201616473
 0.0015055372880269369
 0.0016478794027074972
 0.004534385290723156
 0.003255642594212335
-0.0011009504569149536
-0.003492759581895863
-0.006927630957455674
-0.006318594323500432
-0.00029590126595897825
 0.0032766455653904514
 0.002196248039571365
 0.00335365073367435
 0.005451442884115802
 0.0038926834760401804
 0.0050990890946670045
-0.0033760830890592827
-0.012173274491085097
-0.005261528374325385
-0.0004405737039162097
 0.0012861963037018795
-0.001541972196800856
 0.0007751663776996917
 0.010020385090832772
 0.009668031015082186
 0.004200705008081167
-0.008670729547212545
-0.011172211884223002
-0.0018476551028132268
-0.002741374820922432
-0.004314135064576299
-0.00411112266239002
 0.0026419473178162997
 0.012006173133364426
 0.010347074403644754
 0.0017715628982744105
-0.008810735039977032
-0.005058510818706861
 0.002422602611567952
-0.006521597564029383
-0.009853796145348766
-0.0015583007789396405
 0.007605246393320372
 0.013732945717698633
 0.005617128313813842
-0.005756216834608169
-0.002391349064335982
 0.0008381772953465622
-0.0027507032715738886
-0.0070979624323156895
-0.005408527986239572
 0.00953969775243002
 0.006629857711054225
-0.0025453562515840786
 0.0044177262622958485
-0.002253671604433828
-0.004022443546183044
-0.0017169723346643698
-0.0030703861542591276
 0.004578737302954564
 0.0008568487980408351
 0.0007005064203856118
 0.004865755291213872
 0.0006631714314472154
-0.00335273462060956
-0.004489135488741601
 0.004592740142645352
 0.0056124679535623015
-0.002652691696490385
-0.002127660076004581
-0.0007322431770715176
-0.0007719119249080669
-0.003285061624900401
-0.002127658930797416
 0.004669747028739998
 0.003626685064462898
 0.0031389895781226557
 0.0031856593163519173
-0.0031893875306383407
-0.006754933371595058
-0.005905549060213365
-0.0016656290663011539
 0.003451676623847433
 0.0071875665369429895
 0.005157445664399948
-0.001931643797080558
-0.0036630801772878085
-0.0015582876090572337
-0.0029560374079830934
-0.003838089763110432
 0.0022172719107802566
 0.004994104586766357
-0.0009469163572984468
-0.002246660307176629
 0.0016899082492070408
-0.00042188416420907426
-0.0015979540664794525
 0.002716637050516696
 0.0021146014069541585
-0.0021976556648420423
-0.003194048177191676
-0.0017846304426803739
-0.0021276506280454646
 0.001608239285050092
 0.004798096610594285
-0.0006505616156357516
-0.0008279052466583295
 0.0019209257581712866
-0.0019363041573320985
-0.0037307442976414334
-0.0012782643125512222
 0.00017082245609843089
 0.0008661975761194846
 0.0022056111327395933
 0.002781979150345601
 0.002653638443846862
 0.0012558886449210022
-0.00328271526872341
-0.004346778486367879
-0.0010799165651433629
-0.0003682071369476986
 0.00332334679681677
 0.006072177801646386
-0.0007532292564439297
-0.0053898390191360265
-0.0025150004941022347
 0.001507906548347239
 0.006879560751500528
 0.00522046202178085
-0.005224161033284554
-0.0062532221619834225
-0.0010705792391363725
 0.0013632329651828423
 0.004931112851339514
 0.003339684826914671
-0.0018662922492925296
-0.0029023537957805073
-0.0026270037431066623
 0.0008195355680385985
 0.007126912282337604
 0.002616310039849676
-0.006852921469931671
-0.0061458789869287475
-0.0026970062031871148
 0.003983726126531632
 0.008888685810410246
 0.0009548792690425856
-0.00470145801826468
-0.0053011601892308385
-0.003061026210410614
 0.005395478765148273
 0.005183133045180081
-0.0018756212725475688
-0.0031030275719381648
-0.0031683645183348333
-0.00011384860338029684
 0.005689498030102061
 0.002058614956446894
-0.0034413796669033464
-0.0033620413123248635
-0.0030843577870546396
 0.0023316323954297447
 0.005915846589761027
 0.00042285238419990934
-0.002893011888944863
-0.0030050182872689846
-0.00043586467236012005
 0.004574101278355301
 0.0013772441076255748
-0.0026829979237622953
-0.0004008614382073547
-0.0012759133755455704
 0.0010622264523223318
 0.004056072079771163
-0.000867554812274858
-0.0026479941170059473
-0.002626992577336791
-0.0003145209480289943
 0.0069869150923250745
 0.004653442782253492
-0.0031706905470846244
-0.005732843171600797
-0.005168142516976643
 0.002301303550316297
 0.006359212681711385
-0.0008068813754494447
-0.0025709863720059165
-0.0020109526625745194
-0.003366699954765656
 0.0026396587946011865
 0.0037293907834093434
-0.00076021020571123
-0.0026269879965081303
-0.005564829709040417
 0.0001708462191471194
 0.007684628265771168
 0.0017692755202664626
-0.0039173969107936454
-0.004155410829321943
-0.002374970951987264
 0.004030411611359426
 0.004403767513080956
-0.0012665706098045418
-0.002762326257778079
-0.004426091932690501
-0.00250331022697705
 0.005274154223037175
 0.004828461243431656
-0.0017145956304974869
-0.004710774157939093
-0.004353752564392181
 0.002480988956687212
 0.00700792607995334
 0.0003225273776454249
-0.004304748494661177
-0.002787991020716689
 0.00030619392837619164
 0.005841191213275615
 0.005264823768273183
-0.0010028833392838957
-0.0030446715748088035
-0.005198466494959635
-0.0031450103238492774
 0.005838859458489991
 0.0051154832399160355
-0.0018242639753965756
-0.00407139779940234
-0.003572034377476649
 0.0025346636935342573
 0.006552903790790987
 0.000992238879935041
-0.0032850161029155597
-0.0031380070430422416
-0.0010448818377935404
 0.004252101242275805
 0.004842470095460051
-0.0010705491774482684
-0.003359685508188749
-0.003455357598338274
-0.0006831918675449106
 0.006779253781958913
 0.0037154045492224716
-0.004190400320988719
-0.00381471094667081
-0.002451962664086975
 0.0029243584842590653
 0.006335895706458719
-0.0011148820074596555
-0.004386410301273333
-0.0027623130878956723
-0.0012128869976019696
 0.004555457546934795
 0.0037200746437349164
-0.002883652517699925
-0.0034716873256842237
-0.003672365682670542
-0.00034016652874757636
 0.0067932594846676075
 0.0028450241379056607
-0.003749369133143693
-0.003756369264631021
-0.003513687828306404
 0.0015499479921256068
 0.004844811584506593
-0.0020435992336858
-0.0051471175005606
-0.0034110136025570156
-0.001581570800698505
 0.004105102202965193
 0.00340039376516222
-0.002379617569752822
-0.0017495796824302245
-0.0017682471768994124
 0.0011625946904473272
 0.007490972658113701
 0.0019583094184142252
-0.0038590374780427886
-0.0022839431891889736
-0.0018592508903472263
 0.004205444673928957
 0.007360299910527536
-0.0008931923765432767
-0.00419038886891706
-0.0019735896160605615
 0.0005208928757643588
 0.005409518251468362
 0.002770361031271866
-0.003002649885854053
-0.0021322643211049985
-0.0029139773545882805
 0.000588565298869935
 0.006692929897284462
 0.00069590561090669
-0.0044050651984637035
-0.0029839801009705277
-0.0012945456548944176
 0.005939219680164816
 0.007642654961819172
-0.0007835142973832768
-0.0034040037368087764
-0.002253601460494914
 0.0011182667275663957
 0.006944948087012494
 0.002231333728640074
-0.003175321990855226
-0.0017449030029765625
-0.002946641103807053
 0.0017599734093798197
 0.007157295811093221
 0.0012162748670284107
-0.002540615726830925
-0.003354997376663442
-0.0033829987615181245
 0.004347796236568634
 0.00445746973489998
-0.003144983697782676
-0.0033713302533290926
-0.002594283592434972
 0.0015592979154114214
 0.006097902401659409
-0.00039148460255313683
-0.0043490538397005785
-0.003943029321629821
-0.0052591075796826064
 0.0006959147725640186
 0.003069056689377528
-0.003226652089336035
-0.004202043348318307
-0.00408303595960148
-0.0004451518955536013
 0.007276309212147669
 0.0031483964754649707
-0.003235984261910782
-0.003011970606357141
-0.002479938568082221
 0.0030877273331664304
 0.005262524079288199
-0.001779895930264834
-0.0037120109537601975
-0.003546334113115897
-0.0026432799320176142
 0.005430535537736043
 0.005491206111543544
-0.001504544446082029
-0.0032756498604276235
-0.0041320340169948636
 0.0007682587216910064
 0.005075849420898039
-0.001341199932826935
-0.0047737378357903745
-0.003798346004204513
-0.0013948689436381542
 0.00486817179132977
 0.0033957508693199592
-0.002598939944461434
-0.0023959275422751614
-0.0030422991651687936
-0.0004101417901578447
 0.006314926518892004
 0.0030060626635363547
-0.0027926164521496766
-0.003557995177458355
-0.0013458628697946007
 0.006814291086024868
 0.007897022657043895
-0.00011845542519683255
-0.002463595098250282
-0.0018452245739095444
 0.0018976657569751282
 0.006527275674481692
 0.0014683073718460143
-0.003233639623544532
-0.002622269516992924
-0.0023842550258610443
 0.0035824346893674475
 0.008051034997724249
 0.003062070872979772
-0.0014321970613335455
-0.003284974016552214
 1.6889993617902332e-05
 0.006508611043030403
 0.002448369011642533
-0.005247423324895049
-0.0057817882631627585
-0.00198989500775424
 0.005848239729765697
 0.008230715536964708
 0.0010506206442256333
-0.0033526418588291224
-0.004902067376519249
-0.0028836132943544923
 0.004567164992167465
 0.004721174469829906
-0.000445133572238951
-0.0036069886540230703
-0.005214750986622531
 8.456556604318627e-05
 0.0029594040910769642
-0.0031472934073303524
-0.005767782846755859
-0.004020011585770408
-5.077441303751734e-05
 0.005192538797315238
 0.002595384083853465
-0.0034296418736807777
-0.004633713447107647
-0.004393365483379402
 0.0010249581717013609
 0.007304333214843889
 0.003276759799805247
-0.0027132640687834095
-0.005627771055351956
-0.003364302350567998
 0.004728180899956642
 0.0037084536616432684
-0.0032476278618439533
-0.004428364709307089
-0.0036163159594673616
 0.0016806671206019766
 0.006214604661657228
 0.0019396831514030058
-0.0010961644101769585
-0.0031006170841598943
-0.0047620492864759376
 0.0013983186542515444
 0.004793521568276594
 0.0009316247075804654
-0.002631587660779887
-0.004596371300624465
 0.001370318414604027
 0.007633359149571944
 0.0016993386232962565
-0.0037143175139881662
-0.004708376553741435
-0.0027412588686968886
 0.004704852472632318
 0.004182154897346482
-0.0016795279784416334
-0.003408630886052512
-0.005945115312008573
-0.002890599397054036
 0.005073542860670063
 0.005131879961881192
 0.00031559280926834327
-0.003952328283196756
-0.0035626380733006155
 0.004627851026271709
 0.005115547085215534
-0.0035556367966061153
-0.006241463468730071
-0.0051050620279944545
 0.0004789381814288146
 0.006541300273108619
 0.0035521221634561284
 0.0008802963269104042
-0.00022343592487240188
-0.0019175367435376803
 0.0030714279538103795
 0.00624728444377632
 0.002021365858045944
-0.0028322568561088765
-0.0055997550691058995
 0.0009199676514630856
 0.009675157119357763
 0.005250893362935639
-0.0014531731201432585
-0.0032032772811214985
-0.001691186752369761
 0.00567091957549002
 0.006555305975817313
 0.0012676573587370524
-0.0007461292056313781
-0.004533354943243563
-0.00371897272080747
 0.0022780521381738847
 0.0014426692349740061
-0.002902256453171409
-0.006488803547495495
-0.0046010239307276435
 0.005736259957508177
 0.007430361348777038
-0.0012968258753575795
-0.0057700925563035355
-0.007149174574458409
-0.002839250402655001
 0.003591800359251794
 0.0016083489386362268
 0.00030160457096892884
-0.0005337783322309428
-0.0038309748246047326
 0.0006189577029810794
 0.003918488240554824
 0.00012659555774988118
-0.002958254928353915
-0.005585744785568544
-0.0008814637449780366
 0.0057595995506023664
-9.508290739662639e-05
-0.007230841820804603
-0.008283237675467198
-0.004759693768641625
 0.004301180609377966
 0.007092014120942305
 0.0029524340212777403
 0.0014403440651295854
-0.0026689008907821235
-0.003189264993471594
 0.004469192354127599
 0.005241572069828969
 0.0019070400159132209
-0.001756511674091181
-0.0036046216841170986
 0.0051412338933920915
 0.007276361605375509
-0.0008604570518766369
-0.002853242362877706
-0.0007297820138761416
 0.0053885834201166175
 0.009717175372691012
 0.003687482469964018
-0.0005781051499047091
-0.0008907901915169575
-0.0019245182654085632
 0.0029921087814519173
 0.006319640990182139
 0.0023107353559144728
-0.002528886522662102
-0.0065984624444354704
-0.0005594350787193961
 0.008744120449323017
 0.0033748002913696895
-0.004570673612979845
-0.007947208173630316
-0.007893538017611935
 0.0008499840873008729
 0.004417863973457545
 0.0012186733301314465
 0.0009643251034285455
-0.0030562478938209875
-0.0027925652041290022
 0.003801828639523934
 0.00302944949642614
 0.00020128099592340437
-0.003807624638344248
-0.005207707909866487
 0.003678156023425104
 0.004154184719387055
-0.0037702879315951107
-0.006143429275805044
-0.007674187012724178
-0.0031075808553197026
 0.002378413505055882
-0.0013481419450506044
-0.0012641366452793637
-0.0013178062286941586
-0.005315044499979951
-0.0017891671205579954
-0.0005640937211601887
-0.002997905352875821
-0.004082969823887651
-0.007387166734050547
-0.000503422288447318
 0.007157368531748254
-0.0006807656331681081
-0.007214488616711749
-0.006960139817405266
-0.0011451258209410342
 0.009546845901943539
 0.00814909610301768
 0.0015150337978299816
 0.0008779960653218441
-0.0032009137468370155
-0.0020855135594687532
 0.0038065050326757943
 0.0026024334592489318
 0.0015033681526588696
-0.0024355333037175964
-0.0035369320829040304
 0.005642949397530593
 0.00526259365062353
-0.000939776224235099
-0.0024308649270158855
-0.0038192808355562505
 0.0020074005238898476
 0.004877572103730882
-0.0015394772499940923
-0.0016561505935109716
-0.0019595017447377183
-0.002955894257087359
 0.004373543454423187
 0.006349995029853221
 0.003192806893261846
-0.0004870791049171666
-0.0047199981084366655
 0.004970913870603728
 0.013026061559586397
 0.004700231622028005
-0.00030973375608383397
-0.0019618320680143825
-0.00025839678636003366
 0.006800358103971206
 0.0035824996798741113
 0.00039264292693351466
 0.001874398311932389
-0.0033782482162022717
-0.0012897899561463144
 0.004618562944172851
 0.0030878052072537063
 0.0014777094020578738
-0.003963948406383033
-0.0015628048184130397
 0.009990218292533298
 0.00532093991349198
-0.003912610864055657
-0.00601040244189352
-0.006260083723403684
 0.0029291316474164414
 0.0067303587932104544
 0.0007590027053927945
 0.0022990949053010093
 0.001008684845808322
-0.00036806369975016934
 0.005871642309254008
 0.003582505978513527
-0.0007787540178065128
-0.005009339548729633
-0.008983243094051699
 0.0027634582423936432
 0.00809310993881221
-0.0017168085700396477
-0.005849388251915097
-0.00794017941196384
-0.0028882109545137064
 0.005901980602326572
 0.001823070790167712
 0.0006283331071263373
 0.0015733897949593428
-0.004339629477948984
-0.0007950843177560382
 0.0020797542072777397
-0.001425121346173265
-0.0022698381397586384
-0.007429145764038365
-0.002867206551826637
 0.00518327419196328
-0.0038052619629651493
-0.009837288338288518
-0.010485993433778526
-0.009827953875299441
-0.0007180765727560143
 3.0968416981629054e-05
-0.003060882486911297
 0.0005770015771365822
-0.003522909488389646
-0.005135338766181843
 0.0005069982581507523
-2.9700152713328654e-05
-1.1032085640558242e-05
-0.003933599233842393
-0.005350016813539235
 0.007810768916308358
 0.008814162419050704
 0.0006773437617985448
 0.0008780226913884526
-0.0001463714921176723
 0.005698977648099415
 0.010041570436252048
 0.0017670768958138738
 0.0014543918542016254
 0.001580399660707582
-0.00369324812079444
-0.0012197668823368743
-0.002734190311081408
-0.003765584912376642
 0.00028065685603657214
 0.0012607156328151778
 0.013280433263036198
 0.019856159325918145
 0.0071690691057379255
-0.00032371111491517196
-0.0037189134563366325
-0.000580392527912657
 0.011068302959485
 0.009591215092282439
 0.005208953842595045
 0.003400512866707471
-0.006582082614276008
-0.007499137058348954
-0.003632572679856484
-0.004446954329689001
 0.00015932086185382194
-0.0006877294043279233
 0.0032931751313868413
 0.015324560124589721
 0.006763049454797623
-0.0056206893278540615
-0.007468799337879976
-0.006386067766860945
 0.004189230326204961
 0.0063920287434832135
 0.00011965469073339091
 0.0025161313335106336
-0.0023631595792042923
-0.007809484332837943
-0.006089714743008984
-0.011118347901891801
-0.011036676074716943
-0.010089285914287562
-0.010054283539040174
 0.0033538502860230024
 0.002705145190532998
-0.013045794548685458
-0.01812343063209212
-0.01869979807709455
-0.009162895289414798
 0.0016714182618485507
-0.0018684593805480612
 0.0010437147060276958
 0.0040468942238620145
-0.0005873820662337034
 0.003078503668970646
 0.0019654375268023452
-0.0011637489386325459
 0.0007123633151534317
-0.002073802678614581
 0.00813980716201345
 0.017760714963162644
 0.006588048458028739
-0.001775117041071625
-0.006780415473990716
-0.00563001319767685
 0.005355976072350763
 0.0031181761387304996
 0.0010927222113802024
 0.0061866931755650625
 0.0005186885252759371
 0.0015594175895602552
 0.0064503764378606235
 0.0015220826006218588
-0.00015568390986880204
-0.004822628816313748
-0.0005920427127870387
 0.016257963191926857
 0.012951432809167586
 0.0031415143003157286
-0.00089772647770478
-0.0056720111235829054
 0.0016620935331203915
 0.0034752020268042846
-0.0010237328527017767
 0.0067887336862580555
 0.007530778258206576
 0.005451654461139696
 0.0079741386241211
 0.000815044984749394
-0.002759834746592818
-0.005632339226426648
-0.007620457592234963
 0.008219154678249262
 0.012841764177966696
 0.0022454654041370176
 0.00013367299072090943
-0.0013340809860961506
 0.00632204288890667
 0.014857885932742253
 0.006361712495648597
 0.004058575329329878
 0.0033351991107559223
-0.005233311976825299
-0.005597333415557758
-0.008297160923259952
-0.010014596467888964
-0.007118756689487818
-0.012359735854640619
-0.005228643313821807
 0.004168251118075547
-0.004444595948836769
-0.007886467742185703
-0.008754519261734803
-0.0059753531131523305
 0.004312927850559652
-0.0018497729901606266
-0.007361434976492734
-0.003065511640267575
-0.006750064583639328
-0.0030351759239111292
 0.001494094671951371
-0.0020621172786198516
-0.0007203702494033778
-0.004873951184646182
-0.001425078400904549
 0.011178007378409814
 0.0027635054821892324
-0.007116417204553822
-0.007398767102413214
-0.007958800239241025
 0.0018254506436543028
 0.003227867960376489
-0.00335719142028737
 0.001587437297729595
-0.0012804002369114914
-0.004183239860498164
 8.23483319741386e-05
-0.004988287333643399
-0.005706996607024603
-0.008040468917096182
-0.009804573913652654
 0.007318448284836923
 0.01158170300471286
 0.0005047088760302618
-0.0040362285102105155
-0.00934721185325452
-0.0042159053275276845
 0.0027565110767377304
-0.0034901947774519868
-0.0012827294149809904
 0.0014007643571501832
-0.0018474292106997608
 0.0028428509943125083
 0.0021451429742986583
 0.002637505978435234
 0.00621005280978465
 0.00020369463302138957
 0.0071364420031484604
 0.013093797827991471
-0.0003726722393774598
-0.005858666027149462
-0.005800328925938333
 0.0005187151513425456
 0.01294912395852528
 0.007820151477998402
 0.004193935349535979
 0.007929825262631529
 0.003902251847592887
 0.007598472726550093
 0.009609926390925734
 0.00462796268397038
 0.0036479044797953566
-0.004698926711130397
-0.003116832004487459
 0.009710267144078744
 0.004529958266431655
-0.001072709151159014
-0.0013900611379639993
-0.004540248856766259
 0.001543114488280907
-0.0017564154766892479
-0.009921235805097874
-0.005268291161627581
-0.008206132874159867
-0.006939056968027331
 0.0033678917764556338
 0.004984988572044172
 0.008942558381795196
 0.004954654000894898
-0.0007156841219905993
 0.010069626504748908
 0.007701152105731725
-0.0026431316276896294
-0.004171555892012395
-0.006638036140077255
 0.0013587747339960723
 0.0043829555051977526
-0.006360352042203456
-0.004645249397567233
-0.0050442729252452925
-0.010236249165874244
-0.0036861913015524064
-0.0037258600493889557
-0.003910204098200656
-0.001336383538099048
-0.006250676539759567
 0.00371091826046014
 0.010027628865144647
-0.0015230602006017502
-0.004451568022748535
-0.00603366215678789
-0.0017004032590207455
 0.005426022336605309
-0.004967264321339884
-0.008563145306049458
-0.006913379894111692
-0.011225636965907889
-0.003352500139442348
 0.001067097244390608
-0.0012057047781752622
-0.0002933167066914849
-0.007557416612899992
-0.004400227903705034
 0.0053863564517866724
-0.0021274250222337865
-0.005424621514607569
-0.0030444791800049373
-0.0005453297429872661
 0.009635611481291537
 0.006851778960119896
 0.0025651900868838076
 0.008522545911726812
 0.00302488476097295
 0.0007870848273526729
 0.0030645543677148765
-0.0011496968550336398
 0.0010624354526301075
-0.0020317489238591904
-0.0016327248235775485
 0.011861747487551436
 0.009206255959180336
 0.0031695626386642126
 0.006739775997417263
 0.00885856940122607
 0.018311467175436386
 0.016078334187008866
 0.0022035064152746003
 0.0036152576223822813
 0.0021101680840232492
-0.001866068933895182
-0.0001229646181024821
-0.005737299398675018
-0.0037001775357392783
-0.0009676808390842659
-0.004456222084360667
 0.004126290411402382
 0.0028498811874879335
-0.008714808713836692
-0.00928650921364638
-0.009391515194181386
-0.00039831152145663323
 0.008319542384896073
-0.0009583443719826529
-0.0015510461251596955
 0.00089910038733413
-0.003170475534439235
 0.0016038096840424731
-0.0010610157347141214
-0.006367332132565372
-0.0058983038543925365
-0.010434574295440573
-0.0022604195040428696
 0.0037412723001312292
-0.007265717650660166
-0.008175771676943985
-0.006110648142851768
-0.0011753533152202914
 0.00966596065383217
 0.002576871192351664
-0.002146077056406244
 0.001697152596122492
-0.004568221038838222
-0.002979125914406161
-0.0015627077621057361
-0.004852903836690396
 0.0010461151732432741
-0.0006316513372473867
 0.0015431454088743884
 0.010050986781553486
-0.0003002973696569905
-0.009169826422170381
-0.009200161279621439
-0.007412720984497651
 0.003748278730257973
 0.0018371649601299708
-0.00562528011677027
 0.0012794655822003162
 0.0019141704147156713
 0.005594056985498259
 0.01312650681289329
 0.01004398979938586
 0.012461467695530463
 0.0077851888987000226
 0.00036007938334175343
 0.00792986477227875
 0.0024952073816269654
-0.005996299110273939
-0.001840384129831174
 8.706452107502122e-05
 0.008979928872155728
 0.010291340757619359
-0.003532150616994696
-0.007048693533427571
-0.010579237285438692
-0.012264004213718472
-0.0025380901457324814
-0.0007553167958014306
 0.0005934306512041659
-0.00011827820438791575
-0.004176186763179421
 0.010422018086034178
 0.016570718663779793
 0.005727071794734542
 0.004758680953541379
 0.005104035184106431
 0.010930716543552522
 0.013966564677736076
-0.0014576888979901115
-0.005396590354366564
-0.002580088644242119
-0.005951956259699846
-0.00012060795506099731
 0.0003134182341662378
-0.0009513236267663372
 0.002805567539696574
-0.0006479716166342131
 0.007082823381452545
 0.013866228505411728
 0.000826783923179128
-0.007487378651397397
-0.011269937443816842
-0.008626112705824019
 0.0015174929569128082
-0.0059706203185475384
-0.012693354582397433
-0.008570108218303892
-0.010896580110586356
-0.006108294056526409
-0.0028087635189526713
-0.005158570137198865
-0.00025827739851299464
-0.004390857080388437
-0.0047852136628737454
 0.002490554178920211
-0.006103625107221115
-0.010917578787237592
-0.007123352059232695
-0.0036441441317382126
 0.005055041993843504
-0.00011126604822534608
-0.0072983613587535336
-0.0001929370164948374
-0.0012990027408740154
 0.0008197906629347912
 0.007901880279229764
 0.004497344047422802
 0.005395731283328348
 0.002411220118868594
 0.0004464364790240094
 0.012405483821739317
 0.011406757836793312
 0.005605745248510902
 0.008930943984644751
 0.011161744073079488
 0.018530850818728378
 0.013574555310333136
-0.00389848720500887
-0.007870057277734554
-0.012842687094304417
-0.016090880662154354
-0.008129071877026627
-0.006378967143444804
-0.0028834249077757113
-0.0036231354345242703
-0.011780955345143788
-0.003492460396523782
 0.0013051595479216527
-0.0037678095902922565
-0.00026760040943041297
 0.0009131370106363057
 0.006259123015229483
 0.007810882578119571
-0.007674041285112326
-0.010275862943766836
-0.004379177406429534
-0.0016886832165092514
 0.008935617801080493
 0.008282245760397738
 0.002240885494688878
 0.002037873665106181
-0.003854144354434784
 0.002222218572823259
 0.007110843948527269
-0.004369840939327928
-0.007158340405692309
-0.006782651031374407
-0.0003842688858168297
 0.011598113182862212
 0.005006053384409237
-0.00023725925333993592
 0.0020098751432694115
-0.0012896548217007434
 0.004679368366124127
 0.008576267888369446
 0.004567362254101787
 0.005484417270778322
 0.00206121325820037
 0.006805163332929229
 0.01644007196965666
 0.006203127975668479
-0.0032334349177636362
-0.006292617205307334
-0.0062809495560236794
 0.0037576498398763578
-0.0006362787727929101
-0.008087056486711288
-0.002080697737344449
-0.004946201799389149
-0.006364952851682371
-0.004533176577227481
-0.008906103936529387
-0.006789644005316946
-0.0098441593476679
-0.0098884950406972
 0.004719043698901887
 0.004432026855849758
-0.0027457345642929384
-0.0034714442554632657
-0.00499520157459328
 0.004691043459254363
 0.007593883655444632
-0.0010026291032930734
 0.0012701734918763793
-0.0021833656644544217
-0.006756971667044427
-0.0029277428500939437
-0.0057535778780003
-0.003221759824633401
-0.0009396233390784534
-0.0006269377248626362
 0.012984208216085029
 0.013772922239961016
 0.0026515921319473293
-0.00019057720413364482
-0.003387434374863371
 0.002308572519185814
 0.00739320959298518
-0.00017890869594460596
 0.0022735712891455914
 0.003703990277024262
-0.001133298128955948
 0.001617866348470054
-0.001063293378461165
 0.0002947879589299332
 0.005024737198080539
 0.0005748052430983169
 0.005804117617872827
 0.007124863393721953
-0.0035601073387699217
-0.004269482721765631
-0.0023653687968231696
 0.004910399044970787
 0.013569916136414152
 0.005692112937359453
 0.0033143046479567756
 0.0064691598845553686
 0.0032559684056510246
 0.008391941876570608
 0.007771238452237081
-0.00042858396511714913
-0.005237870699940868
-0.013860051657238685
-0.007849025962679088
 0.00289194868472932
-0.00532420804079952
-0.010574521096337816
-0.012854323536692802
-0.013293016098509209
-0.0053965445460799275
-0.009949149295302585
-0.010530183685497761
 0.001333191280766241
 0.0030529608705952074
 0.007234544049598071
 0.009955373383271217
 0.005941800803810814
 0.007348885065725744
 0.002504596241956418
 0.0026866073907753363
 0.008331277887704311
-0.003282414938144164
-0.012011935634875143
-0.008875748179047547
-0.002337357677707569
 0.009040654988510768
 0.003255976708402983
-0.0109245359734562
-0.010994539865045606
-0.014210064816546322
-0.013792372935493694
-0.009692461297363893
-0.01497544296925141
-0.012081936663446643
-0.007284316719001201
 0.0017042200085308074
 0.022546797525639546
 0.026077341850254246
 0.019076924347435922
 0.01625108931952956
 0.012316854808345858
 0.01722181449222447
 0.01657077592413809
 0.008163274445706636
 0.010027719336510747
 0.0050224209035916595
-0.0031470663700097212
-0.0035017539183566787
-0.008273705091638432
-0.006686943439802744
-0.00392177812679851
-0.006187579731575257
 0.001130190616953415
 0.0005608235897401059
-0.006222580961615494
-0.003035057108667673
-0.00132695488182058
 0.00404936626652546
 0.0033796599176680944
-0.009365767117421459
-0.006558599297682509
 6.379621712691158e-05
-5.5210598986339676e-05
 0.003881357957397323
-0.0008205890379932163
-0.005856222614665167
-0.006164240711084651
-0.008717059445215333
 0.002460274577714902
 0.009540030721413496
-0.001238278914933305
-0.00699495552388462
-0.00903441028681315
-0.0031493921124577245
 0.005325780643872152
-0.0036114191139360666
-0.00903674261420236
-0.009125414286562758
-0.0126886266549231
-0.005041836670305777
 0.0015478902281544152
 0.0044507304243446705
 0.007134224196475844
 0.00035315311771662306
 0.002289935659008306
 0.007437576492909756
-0.00165129898366273
-0.007545650475800067
-0.01053016164025982
-0.009235084062970807
-0.0010095928744528887
-0.005797878355909246
-0.006803604758644385
 0.003155656568978954
 0.004908094775157142
 0.010207411327822859
 0.01275789716196074
 0.008256628809858307
 0.0098597247698686
 0.0070595579405223485
 0.010335753752132346
 0.018589246611806755
 0.009794388682377309
 0.0034520104517362857
 0.004103049592426251
 0.005580138032232382
 0.014830023690558213
 0.008935672198420869
-0.002773693003878905
-0.00034688121734881283
-0.0034807346279764548
-0.004299783223001716
-0.002075983552356102
-0.0053008423942423125
-0.0023186641297753482
-0.005228504171151158
-0.00693893929799104
 0.001298219253508745
-0.0019453073691484482
-0.006462910029425506
-0.003926425030865856
 0.00037183177795568206
 0.011021800994105532
 0.007458588625745187
-0.007837323957180457
-0.009566426864791328
-0.011323531443558691
-0.012683945680942568
-0.008698374200035067
-0.014256705638294637
-0.016524840715667767
-0.016139817450964364
-0.015204094653516857
-0.0009255755500064133
 0.0030856641294612006
-0.0036137354084249534
-0.004008091990910262
-0.0042787745257877804
 0.003722703293478298
 0.008452652532628911
 0.0047844338974317585
 0.014354005301460748
 0.02235081617553407
 0.022514159543582005
 0.02161343940768367
 0.009929742403944002
 0.002518633724163971
 0.00043017603671159643
-0.005716190495834064
-0.0019779671101421425
-0.0037700737778550916
-0.01601613767732075
-0.01692619170360457
-0.011286188151868347
 0.0009062064504843023
 0.007495933348944488
-0.002297650851732752
-0.0021249735932993286
 0.0017672589837532462
 0.0020752776527763195
 0.010513114847564217
 0.011623848089739729
 0.010660124193739323
 0.012013538585937664
 0.0069802384818620986
 0.012167548349901892
 0.016582478788542097
 0.005629158707467295
-0.00324970423543159
-0.009435739802115598
-0.010369128554363158
-0.007158269975451607
-0.012667598489187342
-0.00903438137033221
 0.001078889148651764
 0.0013029028042053983
 0.004245412034534005
 0.0016389234306867437
-0.002647665442549345
 0.002504642336544849
 0.0023459664862932467
 0.006051521255635954
 0.006410876321779238
-0.010576803893517096
-0.021611795515464976
-0.022675858733109434
-0.015624104260567324
-0.003926405848645828
-0.0065492287606677
-0.008579349633210744
-0.0030070167867693454
-0.0040617461140283195
-0.0007225465423162311
 0.0003415172479318135
-0.0035483812839208
 0.002371638979380232
 0.006417880747793446
 0.014942056428647155
 0.028368858034481324
 0.02450462770118881
 0.01740620434932281
 0.017179857793776385
 0.020801407549649646
 0.02640640901244027
 0.01589411525208003
 0.002084624713044214
-5.0502426335620465e-05
-0.006014858096364165
-0.009361057513261786
-0.011421513529557677
-0.017486208521230277
-0.013073611555186437
-0.009916422845991483
-0.008310993413384808
-0.0014879192552872886
-0.009454394413004177
-0.0202840404464712
-0.0189259591090801
-0.012492574874576935
-0.001674595631488196
-0.003466702299201159
-0.013579972245581547
-0.01057445925515086
-0.007921300626772543
-0.007027580336059755
-0.004358087399506827
-0.0064558789773446965
-0.0004378528649959801
 0.006793578997466881
 0.010977495649066131
 0.020722077497823115
 0.015737780318271388
 0.0006682145771939596
-0.006192194569841963
-0.0065212139196288155
 0.005381830080773538
 0.01181288084268034
 0.005286158276925808
 0.007288278050915954
 0.007416619330018276
 0.0037834027837667372
 0.0050224770187427825
 0.00041620239980354884
-0.00018816671635536741
 0.0022409785427711035
-1.548917162015606e-05
 0.006063207228234266
 0.00589986443278992
-0.005825835077684471
-0.01059545277836985
-0.011638514742646953
-0.004855109618687771
 0.0021289741485595107
-0.0041177317056302065
-0.0025543047797582583
 0.00318370462102565
 0.0037157366593005697
 0.007626637017124134
 0.0031323690828108097
-0.0008788700240532216
 0.0022339827058106415
 0.0006308873184039318
 0.007057271135117983
 0.010349801254902605
-0.0032706780038269725
-0.012695573534277214
-0.01403498651829374
-0.003557694274275519
 0.010937837780697644
 0.007288286926271488
 0.003631735654056209
 0.0024346644984184623
-0.005786159172303122
-0.0051351200316131634
-0.004376741151490025
-0.004404742536344722
 5.4523881626585e-05
-0.004276400970940598
-0.004302068883198916
-0.0008181940105116831
-0.008868674181698018
-0.01226154305052311
-0.008721664835522912
-0.0016372417466315736
 0.00912940109933695
 0.007337294431623988
 0.005820537530283096
 0.014594394778948756
 0.017494901502542647
 0.01764891098020508
 0.010580822772091936
-0.000591843733041969
-0.0031446624671726472
-0.008436978029445652
-0.005536471305851769
 0.003830087982292736
-0.00359502153306554
-0.008672657616472196
-0.004864430052889071
 0.0017976344960586935
 0.014067033694091666
 0.010772170674314262
 0.0018209700809277973
 0.004471795236709743
 0.0025163454872506458
-9.247658919298712e-05
-0.0028109718776661713
-0.008366969843329373
-0.007281904799713967
-0.008913001858277158
-0.00755492052088607
 0.0009809225229495122
 0.00028788144812840616
 0.002065987852866713
 0.010184139301951459
 0.013812689475613836
 0.01595248413279001
 0.005297848544050993
-0.008749656199814899
-0.005842149058431889
-0.0025962883905747414
-0.00343167129377462
-0.007403241366500297
-0.0186202438509653
-0.021576753344268566
-0.018918927770697508
-0.009594370989287726
 0.011124532480213209
 0.01860564591048803
 0.0150494339599168
 0.014354059412499336
 0.013649350974696363
 0.016148500411714034
 0.008135355802069671
-0.008261955846344201
-0.011332805496869769
-0.009795046769557923
-0.007533911537370333
-0.005611129831656889
-0.011855502213250234
-0.01432431593391147
-0.015855073670830607
-0.018613237993442142
-0.010483419181375526
-0.007050880705808511
-0.012179853186335382
-0.012324528201008746
-0.011412140129524961
-0.005347444565248785
-9.946440970327874e-05
-2.945994551029063e-05
 0.012139599930878625
 0.02491769615492099
 0.030221679652779457
 0.0326788265830624
 0.02180251109766792
 0.011404557494529968
 0.0075729957775866885
 0.0025256948379328847
 0.006042238326969339
 0.004824165917964238
-0.007188550721864084
-0.012452864612980612
-0.011762156438152305
-0.004659065568489974
-0.0020572433372318816
-0.012497199447104541
-0.012707211694476354
-0.005688125838283466
-0.0005008159702436787
 0.009388441179488463
 0.010695186119759337
 0.009628789429518503
 0.013950380964303767
 0.012732308555298666
 0.01652653528330355
 0.018955680542430027
 0.008282377172920019
-0.0007248267627793931
-0.009622357486449257
-0.016312423133949924
-0.017577164994882495
-0.023095827399003725
-0.017654169017959232
-0.003702336077941064
 0.0027730506632968333
 0.009521453698310402
 0.008991755705235444
 0.006653616449971117
 0.01283731911666234
 0.012979661231342907
 0.016316527330458616
 0.021373162733101497
 0.0120229383257352
 0.0017883278043433898
-0.004019685201728136
-0.004288034264009283
-0.0009138326033516012
-0.009043650842814631
-0.016324085057197752
-0.014165622619250588
-0.012399183577494161
-0.0074732226402481824
-0.008775300062722733
-0.016506094488205912
-0.017936512903481
-0.019511606619731232
-0.010523069892199224
 0.0072416572702930365
 0.009834145611165641
 0.007162319774619924
 0.008042039229754473
 0.012685649982839275
 0.02056578722709393
 0.013789383093527459
 0.004574500096750811
 0.007944034812215749
 0.007645350606181746
 0.005346880385055777
-1.5439355108441688e-05
-0.011260443510729919
-0.015208678857491865
-0.01814885404262052
-0.016900445917258974
-0.007309873259862636
-0.007529219397619937
-0.00998636575529931
-0.007736897886093587
-0.00531941998994899
 0.0006589370882613826
-0.005067404376937083
-0.015516694377195234
-0.010460058974552357
-0.003034948886590498
 0.0029784102805654675
 0.00612859857197131
 0.00237870839590109
 0.001760338444163942
-0.0019242144992078214
-0.005025399293486235
 0.0015036573174682447
 0.0014103186999151057
-0.003074615344012717
-0.0021668942177216904
 0.0017720078112583512
 0.011658931488394107
 0.014069408966749596
 0.007594022798115281
 0.010300851296210181
 0.011861944749485757
 0.009143449461012573
 0.008520412564082674
 0.004177820348533624
 0.0036387884650731644
 0.0009086258136181205
-0.004596035754924871
-0.00013676933695357107
-0.002743257940800832
-0.012805191490061013
-0.01684443226808153
-0.017192119398639363
-0.008168580582161755
-0.001158828616354357
-0.003527303015371533
 0.001697342414210233
 0.008611422003566321
 0.011549264288702184
 0.01276267032511813
 0.007596362283049274
 0.008389743252118012
 0.011766278385372066
 0.008807435419472431
 0.010790887412691581
 0.005720251747074044
-0.009790340314717958
-0.01708710883727569
-0.01692609894182414
-0.007454533386842835
 0.0036831316019490454
 0.004308502544078906
 0.008473751414907159
 0.013248036633388867
 0.013201367467763188
 0.015656180925449764
 0.013500052532702568
 0.013381045716589317
 0.014225763082778266
 0.0056759197759680274
 0.0029037546177782605
-0.0006244556616364846
-0.013043196533233766
-0.015199324925980973
-0.009762333490129227
-0.0018728623554890717
 0.002236383173026227
-0.007666874239680568
-0.010632717623369328
-0.0043440086898413055
-0.0021295429095811863
 0.0018770298246936767
 0.0012306582018000514
-0.0005404472125455501
 0.0012026571032471498
-0.002416558607426157
-0.0003140995117919543
 0.0016996876251800588
-0.007799879028354145
-0.011512433642882382
-0.0067451488421897965
 0.004310844605729024
 0.015586184477706932
 0.009183135959560204
 0.0005982905638043656
 0.0012726644304580578
-0.0012638199954980028
-0.0036089596685514452
-0.00926063001066596
-0.016830414826999377
-0.018134825722070303
-0.02298378149103237
-0.02370249076441358
-0.020531301219640377
-0.027461714544567497
-0.02909514507572706
-0.021074999475690002
-0.00798188445113723
 0.007482038731330888
 0.0069803424094124
 0.0014150105533637103
 0.005223238116946839
 0.008037406354474919
 0.013175713297990867
 0.016321234644203965
 0.013551402958610556
 0.012786024233301892
 0.007323365171493616
 0.005552259757148022
 0.011910972868567245
 0.008658112355524564
 0.0027800951715618305
 0.002586417232364635
 0.006665327617127077
 0.01608088982979542
 0.013990098669746667
 0.005713271656712121
 0.009852852328980262
 0.014064770651735989
 0.014379789738548192
 0.010730238884122029
 0.0025724189735025216
 0.00385349571521329
 0.008821459159193988
 0.016402911911112858
 0.02751257522874826
 0.020213473233594154
 0.002873438656245432
-0.008259558814750125
-0.013628878972703456
-0.006453450452553557
-0.0036649504135855826
-0.011850771995361577
-0.014041902477054377
-0.015077964023542365
-0.012151789101388363
-0.006943477979981214
-0.00810088010148061
-0.0035692760330217413
-6.0630920578064185e-06
-0.0002977468803026864
 0.006175306388338832
 0.003967841598471418
-0.004827016330958028
-0.005251708057196186
-0.0025565469220831527
 0.005125245151479774
 0.0072323711923067135
-0.001151795560161005
-0.0010421220618296728
 0.00024128815247747432
-0.0007761056132395278
-0.0006921003134682871
-0.008075207322091844
-0.010464682974476378
-0.010602357571360622
-0.014055896727691412
-0.007137150193142584
-0.005522386870150414
-0.013974224327912975
-0.014781605559956366
-0.010214999402551887
-0.0004074137936928221
 0.00486623456041279
-0.0030792393439367516
-0.005636725023260167
-0.0022765241981807308
 0.0010603419009349857
 0.003998184186070848
 0.0007219889470644267
 0.0037601705538443456
 0.009698858597916367
 0.00897081543414966
 0.01387344164543191
 0.015329528831870678
 0.009358172744053019
 0.008583460128358845
 0.00917849592673585
 0.012494360772484198
 0.012786045133332667
 0.0021874128869066034
-0.0017164864805242486
 0.0017533875565847457
 0.0023227551564016374
 0.0012680258291426702
-0.0075711680796178675
-0.01385054255015681
-0.008296877484486403
-0.001994167715380135
 0.007841419564635403
 0.013332080870203739
 0.0046072271186654995
-0.00138279674992315
 0.0012120250635458268
 0.008868148938548648
 0.012303020886712035
 0.0035828340803665468
 0.0005073174846482384
 0.004079864315997661
 0.0020660777516292306
-0.001651143808091754
-0.010651347326002054
-0.01851981663467126
-0.016835049133787895
-0.015264621790126828
-0.011318719343357667
-0.006964459192223171
-0.00928626413931288
-0.00973662406411115
-0.006824449977535389
-0.0006594150916151564
 0.0019750757559921714
-0.008068190012497027
-0.010870690314439647
-0.0014621285195604364
 0.003704180095112003
 0.005930313238353982
 0.0034148300657652897
-0.0006314111300443487
 0.00014096858565703502
 1.2627879158282063e-05
 0.0024581074464593705
 0.0024627746779539023
-0.0055853720206360535
-0.009748286846264349
-0.008282865769440085
-0.001863482370515153
 0.004770580507276127
 0.00043265523691982805
-0.0019404861072900986
 0.00497359348206599
 0.00923684820194192
 0.010779273874446514
 0.007419073621970654
 0.0006100008720549555
-0.0006220723725283983
 0.002068421817391891
 0.010921617134334247
 0.020724535798000564
 0.01889509356874563
 0.011481651416369233
 0.004579239762598587
 0.0013847160644652398
 0.0008806862699503801
-0.007193128627199685
-0.011342042617249741
-0.004780317389946033
 0.0010276961887290756
 0.007307071231871604
 0.009306857533265378
 0.007836770083851939
 0.010412924116549933
 0.010781613073078712
 0.011918014513814343
 0.013959803321942826
 0.008872833348150679
-0.00018104003947621433
-0.007613149972623599
-0.006990112503090121
-0.0010934269657528195
-0.005746371036619534
-0.014977588341570789
-0.014900583459588682
-0.012462104310076716
-0.00891989262248015
-0.007083449402832516
-0.00833652390078322
-0.0035389039563377828
-0.00159512099725697
-0.0020198127234951346
 0.0005586747817992316
-0.0031258781615725317
-0.006427741599139052
-0.005888709143075016
-0.0024631710852971167
 0.004224561662210746
 0.0008060245948255593
-0.007235121685975288
-0.0073891305910341355
-0.005212000372315992
-0.00019270053121508285
 0.004807931529114837
 0.005288627170269546
 0.0072697456908923305
 0.004936273380820755
-0.001277763857019741
-0.002906527442986563
-0.007540803733082278
-0.012814451514584307
-0.012070073470039407
-0.006385733938972092
 0.0022224467553510624
-2.9354013847446292e-05
-0.007720479405192281
-0.003132871994420451
 0.005582648439335883
 0.010783959142953915
 0.007507763903947494
-0.004955312946980886
-0.010091285845296876
-0.006588743191838661
 0.0005470162941728987
 0.009684895267872806
 0.006870727602948316
-0.0046589602094307195
-0.009111225637009314
-0.0030511970179258815
 0.012226048356832366
 0.022416323471496663
 0.01925913533490528
 0.014456849017870685
 0.008711839771901236
 0.001541078769547663
-0.003608894964346576
-0.007468458352446337
-0.0036205617547248603
 0.001951771091716542
 0.0012820647428591694
-0.0008273941979605598
-0.007368117599293327
-0.013197131858732211
-0.010123948163006696
-0.0013454239691482808
 0.011596015336640217
 0.01493988185354505
 0.004322581826348003
 0.0002646732675565047
 0.0033378569632820237
 0.005010957101183523
 0.006873068519391269
 0.007552109331237705
 0.008935858867188909
 0.0062686999758359355
 0.00051902378467375
 0.0015597528489580612
 0.0019867786203961804
 0.0004000175411640744
 0.0015527532900743157
 0.0034568672150167706
 0.008219485070516619
 0.00508563165988897
-0.010366623586993692
-0.01900513885246612
-0.016685666805369197
-0.011461021375787434
-0.006679735739516603
-0.008245495565381348
-0.011636030961610058
-0.012926441021102745
-0.01458320627822604
-0.009601241998667104
-0.004565607849391584
-0.006154702401220055
-0.005832682896618736
-0.003979905368796492
 0.0007967133222815878
 0.001916780454842601
-0.00651638922214897
-0.00929555479812786
-0.00672406771062262
-0.00432292412265263
-0.00238614158136094
-0.00635771165408662
-0.006245704683158916
-0.00038868817995996174
 0.0033775368768884442
 0.009127213640654226
 0.01045029288909971
 0.006271043755296801
 0.009094545883210368
 0.017546383913576512
 0.025132503610688126
 0.02320038858719277
 0.007939478093212722
-0.0013827446429971052
 0.0023438113797129637
 0.0069267518452920535
 0.008345503470188857
 0.004278261021011857
 0.0035712191106125196
 0.010002269872519315
 0.011855047400341566
 0.010790984182697097
 0.003487215242350246
-0.010161265687535805
-0.014947217696395794
-0.008252484531098808
 0.007426118130235658
 0.017665396169423794
 0.009358234012636392
-0.0014994136919871115
-0.0069224037196570255
-0.008355155607528489
-0.0027034846928103914
-0.00017866705723260795
-0.0017094247941517524
-0.0012567308241535277
-0.0031771784846670176
-0.0021294490025935836
 0.0007710577210003067
-0.002325460128085363
-0.004577260897283879
-0.0025308051439626375
 0.005141653039214794
 0.010086281757231759
 0.0004047042411804355
-0.007393760889597575
-0.0050859562054825225
-0.0012380596077610426
 0.0033005448784869523
 8.96868721789873e-05
-0.00822214222980117
-0.010315266862446285
-0.010329267411722739
-0.007482430557845431
-0.005711324570896251
-0.013883145317094003
-0.02253099447295192
-0.02451911283876024
-0.016120944678110687
-0.0034128526319595273
-0.004647259349139246
-0.007979457930458629
-0.001956764872917169
 0.003799912308637722
 0.011549375087495484
 0.015448608082337167
 0.012704444595303878
 0.012489765402739321
 0.012228416758247297
 0.01653134051226158
 0.02436014135939603
 0.021881993748349295
 0.013117470962672718
 0.005739030899241909
 0.002861859474215335
 0.004322613605846862
-0.00040966853329654773
-0.004677589625761647
-0.0011773804448998032
-0.0019147574990519903
-0.005020609238523155
-0.00920685879011519
-0.011953355749744859
-0.005972665198938118
-0.00326817017343959
-0.0014830633509121671
 0.002843195129065848
-0.001828416722571849
-0.006460359540071195
-0.004787259402169695
 0.00023204043893121362
 0.007414469376870236
 0.005015659834100204
-0.0022927760514393977
-0.0015530649520872492
-0.00014131374497956817
-0.0015530643794836596
-0.00518394745313884
-0.007617759084854469
-0.00045399792768643227
 0.0065627544559100845
 0.01060666275172692
 0.01686036959630935
 0.015117265853120225
 0.007321134194938593
 0.0005470635339684879
-0.0016860694544590313
 0.002481512888965594
-0.001714070553011933
-0.01112963219307669
-0.01167333102172989
-0.010394587752615495
-0.00751974922758171
-0.00555263154253717
-0.010170573524458274
-0.0109756212839053
-0.008061113724733164
-0.0044418974414562745
 0.0011771048569125878
 0.001037096787431982
-0.0024047750059169523
-0.0032168231831530905
-0.0004959938494799518
 0.007948843763097069
 0.010004633406803798
 0.0034312413891218058
 0.004308627371659983
 0.010314986121026833
 0.015812647844384277
 0.018251126993896243
 0.013171157437893204
 0.006189407715845877
-0.004273883119990524
-0.01345609750041794
-0.012697718620294809
-0.014709171712066857
-0.020437846649861695
-0.02123356051892322
-0.01688396731298146
-0.005249272661162048
 0.0009180956973545568
-0.0032914885802012087
-0.0026287820765293762
 0.0008060898716340109
 0.003347241815386405
 0.005078678768197231
 0.0011327768940316563
 0.000204055086976844
 0.00499467461363317
 0.012069763812139013
 0.021580998401258662
 0.021363985736097726
 0.01150739777531841
 0.00432263593738659
 0.0029155522480752427
 0.009043251572453503
 0.011206380955593412
 0.004411309041255945
 0.002838548797602085
 0.00152713748474205
-0.004936581320910398
-0.010718926128421815
-0.01572189108874453
-0.013878447451307774
-0.007753081599525893
-0.0012146910981859146
 0.008053862340910899
 0.008786573022473931
 0.0006567547830109016
-0.004649561614840349
-0.0026031058615191144
 0.006021409140978651
 0.006168418200851962
-0.006366996300563983
-0.012884384975933017
-0.011211284838031518
-0.007622403698507488
-0.0035364928959559228
-0.004110526868361983
-0.00264277231894134
 0.002241186111569919
 0.003900285413893173
 0.005874403516726842
 0.004364647033175059
-0.0013873626305835052
-0.003984517344045278
-0.0014737005440457404
 0.007185816547397625
 0.010637022803735637
 0.003032235898456609
-0.000995337516582033
-0.0002602933624226353
-4.328012465811687e-05
-0.00017395430375323484
-0.002897116537419163
-0.002122403349121414
 0.0026565488145530378
 0.006180092721378615
 0.009682635374836837
 0.0065394480738237
-0.0024350872455264905
-0.005319259088342181
-0.00023462201454281517
 0.012191119847447175
 0.019014194005544695
 0.009320949126511512
 0.0011677961610847415
 0.0015108169190534218
 0.0007571055567266102
-0.0026777658188331943
-0.008982808487932252
-0.013836431202087066
-0.016218906436682487
-0.018977070759294015
-0.018435704830633608
-0.01676493816532848
-0.015838549258266464
-0.01274436430917358
-0.008565114602767088
-4.560586710612019e-05
 0.005204707761035751
-0.0017980432143789374
-0.005650606184689579
-0.0014993581494395641
 0.003400934589246306
 0.007708525288453338
 0.0069244787823736775
 0.005715740263754064
 0.008462237795987315
 0.012135123948980787
 0.016487050627518915
 0.01576367440894496
 0.009115611268179023
 0.005050702291598402
 0.005543065295734978
 0.009621975680497413
 0.011449085009759559
 0.004378663329050035
-0.0018820433607179207
-0.003543475563033971
-0.00520024082015727
-0.004570202932834673
-0.00589094813608021
-0.00626430346519815
-0.0035994774738379726
-0.003419799797615433
 0.0022622062608555135
 0.011038396982117553
 0.013059184536878675
 0.009773655407486766
 0.004236325222594546
 0.002964582943872855
 0.0021828699103895663
-0.004775545085694027
-0.008663110144950276
-0.008999129912526244
-0.012683682855898007
-0.01769598170660621
-0.021606881491826192
-0.01806933674942237
-0.006597985179349095
 0.0028665799578430906
 0.008399243770146135
 0.007932549537173254
 0.0010768073353300892
-0.004329848384165218
-0.00488754804839666
 0.0019425265274899822
 0.009005948363013966
 0.004763695469108972
-0.0010886535162936486
-0.0011376561545156996
-0.0018493650101077813
-0.004304177895190782
-0.009188135753098448
-0.013449056427774435
-0.011785290180258427
-0.006840661462241469
 0.0005401126463892916
 0.00608444382167421
 0.0031956050336657688
-0.0038958179004111096
-0.00853709460829595
-0.005216562817354858
 0.0015085054916949905
 0.0005167799245381008
 0.00021576224590772602
 0.008016561421885698
 0.01565168404352115
 0.018111164446400478
 0.012270482823979724
 0.003062600244992199
-0.0030254294726441353
-0.006723983251594134
-0.004866538778579142
-0.0025960696560060614
-0.005001879616565216
-0.005561912753393031
-0.004350840189573463
 0.00023443374860200594
 0.006525476154726394
 0.0024255650892001795
-0.0018376890580721755
 0.007542871065650561
 0.018853213026574077
 0.02214340967376232
 0.01647307155087683
 0.007017840876673724
 0.00019010034598703623
-0.002843413742996556
 0.0020312107971292084
 0.009659333000975538
 0.01035704159359297
 0.004294680074516749
-0.0030720926259321865
-0.0014596627755363994
 0.006917504131745793
 0.008205581291245677
 0.005545422817681833
 0.006303801697804964
 0.006639822037984522
 0.005298075581371624
 0.001104825611990476
-0.004000812142572668
-0.006187275679072721
-0.00897344167284074
-0.009703818309203811
-0.005837253930711342
-0.0009369611920254789
 0.005750771555482398
 0.013619241436755185
 0.019735273398151586
 0.018344524017014842
 0.003652980836549899
-0.014587774162998942
-0.020785477092664817
-0.01639621485258472
-0.011591594490350157
-0.011904279531962401
-0.01557483163975592
-0.016291207440540755
-0.014107076804033485
-0.0077810323089634904
 0.00052846389302387
 0.0012028377596775622
-0.002605389231301977
-0.006089263531385634
-0.005916586272952211
-0.0030650824738821594
-0.010466857263276699
-0.02251924293724336
-0.0251630671026326
-0.018437998793582752
-0.007265331715845268
-0.0014923202261157564
-0.0016836646927165869
-0.0006406021558358968
 0.00031378842238260346
 0.00226223832665616
 0.005340088967574423
 0.004152351702322171
 0.0029062776221605788
 0.0065581625217866965
 0.011750139335019234
 0.0133649026580114
 0.006877849126395219
-0.0005029244096319552
-0.00047492245217368306
 0.003923673678291911
 0.009255658847306857
 0.010235717624085462
 0.008882303804490697
 0.011381453241508369
 0.014025277979501191
 0.015808051329432235
 0.015220016521447936
 0.008613955887416716
 0.0024675893548710554
 0.002353249483950548
 0.0075965626943033035
 0.01452464311923763
 0.01162180349565095
 0.001228516837705751
-0.001823665032048824
-0.0004655836946577327
 0.00042113617826593924
 0.00020879045829774734
-0.00161598482576443
 0.0006381499886340333
 0.003561991438191664
 0.003673998409119375
 0.0007361566965870953
-0.007921026349656315
-0.01563081952177214
-0.018521991782376953
-0.014958778841413028
-0.007830019773190589
-0.010826198300632209
-0.01864099773958483
-0.018244307111899567
-0.011852925384131113
-0.0034547572234815693
 0.00034646992231245066
-0.00021823015970812154
 0.0035409944793511755
 0.008044596876653563
 0.009946377328999653
 0.01152380509044984
 0.008756306877452817
 0.003559663691631111
 0.0022272511254037147
 0.008128603607933764
 0.01840055026347112
 0.01786851879779979
 0.007036539291736393
-0.00040957147698923724
-0.005134853198343517
-0.008574391519096072
-0.012536627701436268
-0.01622584759000077
-0.013458348804400166
-0.009276765625397292
-0.0069666274686858674
-0.004021784765760879
-0.0039191116852186625
-0.007421653766073299
-0.009281431139081087
-0.005370530781257522
 0.00251193993559351
 0.004397386079764989
-0.0005845776271903719
-0.0003978995331787097
 0.005484785168580357
 0.011379137233321276
 0.012874893453898396
 0.009409686934585736
 0.008177613690002389
 0.007932599353684969
 0.008977995363162038
 0.012522540523354976
 0.010459751034462707
 0.003583007579252173
-0.002428017542703831
-0.0011562746913785574
 0.008630309664113149
 0.011526149442514289
 0.003991366715126475
-0.001527295688994755
-0.005253851139101234
-0.01062317129705457
-0.01534145260061973
-0.017989943711201717
-0.015619135266984576
-0.011117866342278553
-0.009353760773118495
-0.010352486758064505
-0.013570345182161592
-0.012870303116947788
-0.004959830728940275
 0.007580251290272011
 0.019765645474835537
 0.018307225388403972
 0.006019158982203593
 0.00048182879731138023
 0.0015528930053485476
 0.0036646859913682384
 0.003709022257001121
 5.801532858382141e-06
 9.914072301510368e-05
 0.004756752311678145
 0.007664259453061151
 0.006063497538250813
-0.0004795593356783298
-0.008154350418848547
-0.012865631304624585
-0.010340813669046812
-0.002178326240630968
-0.0016649619831270376
-0.009388755990821097
-0.012230925326902075
-0.008460033324860915
-0.0017489658513893183
 0.0031116578531582076
 0.0024699531754573192
 0.0011492079722117896
 0.0007501844445337302
 0.0019099206112330874
 0.0059958314137846455
 0.009405035163387934
 0.011201809348897217
 0.012137532146344734
 0.015178047225721025
 0.02099539469478163
 0.018680590165481036
 0.007990952487796424
 0.0020849336326772133
 0.0006428478544202587
-0.0017256265445969171
-0.007302625763627481
-0.015047421024688899
-0.01625849301590489
-0.009834442671787208
-0.0009462452658992523
 0.005522141057549522
 0.004010051101401367
-0.0028713592990019104
-0.007463633082362912
-0.005169829233826098
 0.0016229097805185722
 0.002423291167376433
-0.005190829628288082
-0.01034313683477869
-0.009302407770494379
-0.004574792003940141
-0.0009509087754705076
-0.0032680467773674657
-0.003942420071417575
-0.001489940086327378
 0.0008902022482752542
 0.004997114304194174
 0.0047520999678767675
 0.00021116258163597634
-0.004280771880080969
-0.0051628242352083145
-0.00010152188737268253
-0.0008575667222958661
-0.008887045640114836
-0.011306856436252233
-0.008436684856411192
-0.006231552966536567
-0.005519843538340896
-0.003926081468716099
 0.0014455727344371977
 0.006943234457794642
 0.012328889496526177
 0.018416919786766087
 0.01567742324492554
 0.005557152880756026
-0.0016696114639105086
-0.0011982497131412875
 0.008042302054799041
 0.014368346549869043
 0.010501782743980156
 0.006978239409758162
 0.006681888676320531
 0.004098734798437004
 0.001928605570111562
 0.002206289095381786
 0.004178073725619069
 0.007451936064632701
 0.008658341683259525
 0.006506880235705073
-8.751303534428045e-05
-0.008908039163333825
-0.014107015821751907
-0.013465310571447436
-0.006649236831139035
-0.0028526766305377663
-0.00731894289369461
-0.008905703972926705
-0.006723906809015811
-0.00656989733135338
-0.007797303630743976
-0.011127168739466987
-0.013934335986602358
-0.014242354083021855
-0.01230323806913379
-0.008672354422875037
-0.006455555170018543
-0.00408241325320504
-0.0016556014666749344
 0.0006195346010908834
 0.007164925520219981
 0.009013036102849481
-0.0003161870511494552
-0.005566500106687751
 0.00040018960854074775
 0.01003509824526818
 0.015546760804203877
 0.013175952932590322
 0.009220717168039252
 0.006070529449237
 0.002369642197690619
 0.001790941280091822
 0.0021689641270060955
 0.0023253070772649015
 0.00411741431758144
 0.00684291059644733
 0.011117832679305134
 0.010548465652091825
 0.004441768153684501
 0.0058441854704066945
 0.014944728882564623
 0.0218074720748005
 0.018771624513220536
 0.007115929180637345
-0.00043285438232872064
-1.5162501276089202e-05
 0.0054614979687140006
 0.010415460577116453
 0.005218817391294747
-0.008929026674215197
-0.02265217872718519
-0.026178055534003566
-0.01766788068872809
-0.009344383651162493
-0.008170646648884894
-0.007134584529793327
-0.0032190172267770184
-0.001373240116743897
-0.005435815620728139
-0.01194620387830805
-0.010023422172594599
 0.0017886163965491891
 0.01442437079221278
 0.0214224553950383
 0.018668958017619523
 0.009465742383824735
 0.001181914953001073
-0.0005891904613445284
 0.006152212155879931
 0.011031503641198433
 0.007843980360854208
 0.003823407363604682
-0.0001271614557536438
-0.005748496654115295
-0.011694184543372853
-0.01833524726634967
-0.02005034933838231
-0.015301732318460708
-0.008749340981542498
-0.001923933350848596
-0.0013709000592063217
-0.006866227737363811
-0.009979079894624099
-0.007057571917662844
 0.0013942661127032893
 0.004794135971921083
-0.0017255861760443261
-0.005608484290107817
-0.0027336457650740387
 0.00021586388304369736
 0.0010045779069196847
-0.0018749269907032615
-0.003984385931522991
-0.0015155716382581758
 0.002136313261367942
 0.0089733882550437
 0.013661334987459597
 0.009727100476275882
 0.0024536666796818873
-0.003062662251842971
-0.002087270420257109
 0.000215867318665193
-0.0029693224890826597
-0.004357738397623032
-0.0007571898951171246
 0.0034383941194639847
 0.0028316915307087034
-0.006040170994401066
-0.013824635289600831
-0.013280935888344048
-0.009132021325690402
-0.002455955941164399
 0.0024956731946416816
-0.000570509510691132
-0.007713268841888228
-0.011764176982890603
-0.009496041332913898
-0.00841330976189486
-0.012137531739404971
-0.008669991174892349
 0.004066102542415295
 0.015157098079279716
 0.015227102543472704
 0.002670686788689397
-0.009993068705527096
-0.013649619977742371
-0.009071346457356032
 0.004152443032593649
 0.018841653313065802
 0.025676394834145196
 0.025452381751195137
 0.022425868080000674
 0.021065453842616787
 0.017488240638678203
 0.006208234394111133
-0.0012962131895238385
 0.0017256341090814697
 0.0066329272655564556
 0.005851214232073174
-0.000985860188999016
-0.004903760392008107
-0.0036926878281885386
-0.0024932826273508374
-0.0005728343942337649
 5.9536965685211274e-05
-0.0012215392034219813
-0.0010371945820066841
 0.001951984100249389
 0.008770391313154172
 0.010970856257836045
 0.001888981199052682
-0.004882755989321044
-0.0020849220599675825
 0.0028923752743986036
 0.0069059484264625964
 0.006504591426188172
 0.0035177467891320466
 0.0017676426281538135
-0.0014385484329614076
-0.004175711502205581
-0.005748471745859442
-0.005699468535033808
-0.003195652152823393
-0.0011305286187311692
 0.002953048711224017
 0.004437137568819277
-0.002906300405665932
-0.008709646466544707
-0.006656190295434353
-0.00130320387305205
 0.0017069760625713845
-0.0004164837138265834
-0.0018329012935234326
-0.0015552177682532087
-0.000617161498209326
 0.004556147534252229
 0.006054237227425728
-0.0010838551585786171
-0.008926656268687723
-0.012741883677456396
-0.011225126203511907
-0.007927929138534549
-0.010578753721712901
-0.014314643062204879
-0.011236792421286609
-0.006177823546047359
-0.006240827019847642
-0.013157239509196523
-0.017212814595391646
-0.012524867862975759
-0.005571119239481323
 0.0030417284000345754
 0.009937140208619681
 0.008803072813084012
 0.0025750347396652773
-0.002238918940351192
-5.71217764403012e-05
 0.00297172593995413
-0.002754615525244329
-0.007281552075906875
-0.0017302204828328407
 0.007862685647159876
 0.01433107197060865
 0.01198826577015158
 0.00796069235511293
 0.00877507457754903
 0.008614065254701056
 0.009115762149223126
 0.010063152309652504
 0.007739013889966423
 0.003963455515336098
 0.0005519188657400198
 0.003041734412372196
 0.0080703681438586
 0.006289928839127511
 0.0030907381958014124
 0.0020220080329641996
 6.42248109087376e-05
-0.0034709858862951234
-0.012030163083490857
-0.019331598551241336
-0.016505762950731397
-0.009388671245490823
-0.0026939380801938376
-2.677861623728156e-05
-0.004397372502942816
-0.006217480841812249
-0.00016445264051793973
 0.009216107483204804
 0.014405750823840963
 0.009260444035139474
 0.003513101316573654
 0.004637835394327418
 0.005788237670641273
 0.004098803797168746
-8.977922701966512e-05
-0.002654265324132203
-0.0007454844539969974
 0.0035131033206861964
 0.010450517636006018
 0.013528368276924281
 0.007834695428075057
-0.0013941884042798364
-0.008959306275420503
-0.009538007193019313
-0.0062011410939036005
-0.00868628912273945
-0.01209549229973915
-0.007498550998581821
 0.0005519297452080962
 0.005300546765129692
 0.002367371997790163
-0.007241867867773585
-0.01543235639474232
-0.01673443381721687
-0.010879750786614292
-0.004196684984299176
-0.0006334720433352412
 0.0031514207942841543
 0.008530075415226566
 0.015565495579594066
 0.018659680528686946
 0.011008224171480459
 0.0027080624324821723
 0.00473118345983968
 0.010123838916360324
 0.010107504894487508
 0.005718243227010984
 0.003690455827064322
 0.003557448175372825
 0.00021358223107158236
-0.0011071629721739612
-0.00039545354397828303
-0.0037089843445266835
-0.0065184850642584224
-0.0061101270735913
-0.004161677169317736
-0.0030112748930038805
-0.007573213532612023
-0.013248218600690271
-0.011176094648808924
-0.002990272494429347
 0.0027267356529872
 0.0008622913347866717
-0.0030229402518732046
-0.003008939129993171
-0.001200497581502022
 0.0022273739488722563
 0.004924868556581662
 0.0015483339959311906
-0.003491966525933504
-0.0033706256646202915
 0.003086093295846609
 0.008982778833183908
 0.006679641666865181
 0.0030954280451374813
 0.004227162540680354
 0.006385624978627512
 0.006600304743795651
 0.002267046418632096
-0.0015715157161003065
 0.0009743031728448315
 0.004558517367176128
 0.006282953902197831
 0.006576971735642673
 0.00185635695948113
-0.005930440808315007
-0.00865826998717369
-0.004593360437989483
-0.0015925143927515428
-0.0046983661322227005
-0.006464804601375558
-0.0006451236597185758
 0.008187070403856418
 0.013990417037338783
 0.01379673909814158
 0.013327711392572328
 0.01673691514217561
 0.016424230100563375
 0.009939510041543566
 0.0008926370717058027
-0.00761987067356246
-0.013479220076754197
-0.015236324655521553
-0.009416643713864577
-0.0013381612989181793
-0.0009041351096909442
-0.0027989145716443217
 0.0009089736702947507
 0.005146560191610583
 0.005267901052923789
 0.0004772820988710527
-0.005909432111101072
-0.008135564681739472
-0.006945493371287265
-0.002693906014393191
 0.0010209826453349974
-0.002220210504725817
-0.009337301637362804
-0.012359148363364526
-0.008308239649758568
-0.006457795594532689
-0.013878238164698218
-0.01883453367309346
-0.012685833095347838
-0.00326093699229401
 0.00160435365744626
-5.4745072273418294e-05
-0.0019075220274920729
 0.0031911158818855243
 0.010515886648203326
 0.01385741969251178
 0.012118982894515413
 0.007848728329453936
 0.002964770471546266
-0.0002344201717798325
 0.004731209799604494
 0.012345331167872585
 0.011647623147858742
 0.006920007953908083
 0.005512924264596736
 0.0045842024575419235
-0.002507220476534955
-0.015768344955423026
-0.026752000180250684
-0.028560441156138254
-0.023396466014062194
-0.016060027884762525
-0.009731649917096158
-0.007330506329126168
-0.007281503118300538
-0.003713623232143859
 0.006595658984935478
 0.016228234149066538
 0.01458780320011785
 0.007781063922798523
 0.008856795076028434
 0.015901549130781435
 0.01959777000973864
 0.016050891949552913
 0.010249879361270503
 0.007753063969452793
 0.006152302054642449
 0.00568794129426594
 0.0052515822050459085
 0.000801650250063686
-0.004303987504499451
-0.006674795376113006
-0.004616672259809898
-0.001702164700637776
-0.004768347405970583
-0.010317344953844673
-0.011449078876783963
-0.008333892674323724
-0.00770385478700112
-0.011719760839057902
-0.011089722951735298
-0.003393930042594133
 0.0034408114784852603
 0.006717007290095257
 0.007081029301431299
 0.005419597099115249
 0.0029157812895084165
 0.0011376754573736991
 0.0022974116240730563
 0.0034128118114413117
-0.0008341080276564258
-0.006327102233217544
-0.005571056825690784
-0.002105849733774534
-0.0016531557637763095
-0.0056760622336222075
-0.009092265828411033
-0.004105634603659349
 0.0042388636872736155
 0.009752859718805684
 0.010249889668134997
 0.0037161666845913557
-0.0037042758855741695
-0.005764731901870067
 0.001084010454787565
 0.009962873970290033
 0.0075010606674179164
 0.0010746774233074477
 0.0001786242326018636
 0.003310144743236716
 0.009318836965199938
 0.008289775836501076
-0.0008317682564206313
-0.005139358383024088
-0.0026962122883193718
 0.0026007707917499595
 0.007069371100106761
 0.004605224324638273
-0.003083567594110187
-0.007017802105293902
-0.0023461896810526225
 0.005445275604539848
 0.006380998401987366
 0.004626227295816382
 0.008632800030091252
 0.013740771829854344
 0.015110520530227309
 0.008786810080357262
-0.0018958271795382273
-0.004460313276650779
-0.0016858140732610438
 0.00046098100170424705
 0.00114002181355069
-0.005965401956104427
-0.016561700729934112
-0.021690673210460986
-0.0177471042362882
-0.00751482661488918
-0.004324969289344997
-0.00735148296053946
-0.006180079430858243
-0.0019004904028076877
 0.001954406612702908
 0.0009813488263170078
-0.0026308664665671833
-0.00215717124320159
 0.0012566994515944355
 0.006446342792230608
 0.01122062801071231
 0.011918336603329742
 0.01058359056450596
 0.009755208079095211
 0.00991155102935401
 0.009069167708365022
 0.0023184317733586507
-0.005701713254074828
-0.005825387015380823
-0.0027662041552335495
-0.0037929318113360325
-0.008583550765388775
-0.012660127104951256
-0.012482782901325092
-0.010744345530725136
-0.007365476924874711
-0.004128950147403054
-0.0058767208357849154
-0.007211466874608691
-0.003834931741354637
 0.004467564042843611
 0.014361488137768483
 0.01214002251232283
-0.0004933978381408063
-0.0069174476096549
-0.004268955926469337
 0.0021200923287027426
 0.004812919991219404
 0.0033288317062277334
 0.005116272001351528
 0.008709820086068305
 0.011965014644310955
 0.012763062558572437
 0.0063250119514801015
-0.005223343641669917
-0.016428678763153046
-0.021578652497047286
-0.02010389752983752
-0.017091384121617714
-0.012254095143033921
-0.0035922445789941873
 0.004238889740736641
 0.007221068005203592
 0.003713858979156215
-0.002859533038525784
-0.002626185492586648
 0.002586792574013244
 0.0060916687000678454
 0.007517420742753758
 0.004966935481219459
-0.00026237632095146846
-0.0027755260209437957
 0.0024514528812343422
 0.011120303863063202
 0.012422381858141339
 0.009055181187876356
 0.008012119223599248
 0.006833715848732484
 0.0034501808702928974
-0.003834920289282978
-0.012788454355265804
-0.01462723047490623
-0.0097759406607442
-0.003839586089268557
 0.0005240079522514374
 0.001623073831445082
 0.0010840419479846292
 0.0016300748218377875
 0.00819646699433424
 0.017684366857490155
 0.017483688500503837
 0.010728285620304728
 0.0073074150803231555
 0.005440637289526255
 0.0035108557386272637
-0.0003090386153341493
-0.005722694752618579
-0.006415735827439671
-0.003470893124514693
-0.0011047516254902995
-0.0005913873679863693
-0.004506954098399095
-0.011974066120492087
-0.01651500350673287
-0.012167743773387495
-0.0020101372750724184
 0.002789816141969388
 0.00013199114100191645
-0.0017907899921079523
-0.0011350839062252427
-0.0006240531213176845
-0.0027008434457881925
-0.005732024062175406
-0.003305212275645314
 0.002974162767497221
 0.00844615629229456
 0.010940638784119487
 0.007930459421099628
 0.0036415370752671677
 0.0037768787721586122
 0.010553283478328672
 0.020486876607391902
 0.020654886920632574
 0.009736568928503365
 0.0011423896423620392
-0.001011405277788792
-0.0033425441152639956
-0.011400024704239453
-0.021298615171753493
-0.02587922159213263
-0.024943498794685114
-0.0197935244881873
-0.012529424009375203
-0.008823869240032499
-0.008184497462324407
-0.00541233173153105
 0.0009650491606591621
 0.009671235704029994
 0.01035260998847281
 0.0017490968119459882
-0.00169744192659569
 0.0013897426047080746
 0.006691392629970157
 0.008411162219799123
 0.0034081972594764073
 0.0007177036421597074
 0.0012637365160128658
 0.0030091743044019376
 0.007937468714244285
 0.013276454301048346
 0.014825880391342056
 0.011253334132596222
 0.008313158947467564
 0.009300218142035292
 0.006488383949707174
 0.0011493989355066958
 0.004189914014882987
 0.011057324152311601
 0.01466020612741388
 0.014037169230483981
 0.008194154135466855
 0.005758009031154844
 0.009437895601937446
 0.013171452042436624
 0.014398858914430816
 0.011157665764369988
 0.005445325134749775
-0.002035787722921463
-0.008212489399219976
-0.00873285350190945
-0.011619358817321512
-0.01619996523770065
-0.013084779035240406
-0.008543841076396042
-0.007841465538585862
-0.009668574295244415
-0.01419784431850334
-0.015420583672701191
-0.011295003836011286
-0.004282918397607513
 0.004549275665967481
 0.0073167744515680935
 0.0004050289074119598
-0.007316431627685728
-0.006180030186950111
 0.0032798680050493273
 0.00849284607164922
 0.006264380028414451
 0.00615704057528306
 0.006257380183228911
 0.0027151690682359203
-0.0035058685873936846
-0.011932037846596136
-0.014764873292291612
-0.010436281339717225
-0.004042566139352395
 0.0022438093215792557
 0.0037488994325418704
-0.00016666729787084833
-0.004873281238454152
-0.005619992182991834
-0.0025234737613025818
-0.004994620954560186
-0.013388121597413413
-0.014979549621838256
-0.009204204659512376
-0.003130175204850698
-0.002600476639172157
-0.010307936338691603
-0.014795203855215804
-0.012657742670636005
-0.008037466643514943
 0.0013174252816476884
 0.006187382876580702
 0.0034548867525292792
 0.001429432825178982
 0.0026965087313115185
 0.008429851186902683
 0.009493914977150728
 0.0028388514185956684
 0.0019824672620284284
 0.007809148621474533
 0.01532993108588769
 0.02061524680297517
 0.017528062844274987
 0.012072404200255842
 0.007351789424094306
 0.0018447943829549424
 0.0011470863629410924
 0.0004680461236982389
-0.0032188402922698964
-0.003487189354551043
-0.000936703520413161
 0.004115264937036983
 0.004229605380561066
-0.004457912809435194
-0.008359478704269684
-0.008473818575190185
-0.01127165193194006
-0.014561848006524724
-0.01935480043317383
-0.018680426566520136
-0.010377930782321892
-0.0018910906630101587
 0.005643692636981244
 0.007221120398431431
 0.0009907488524163316
-0.003853539971353001
-0.00171841225936957
 0.007869826925430395
 0.014704568446509789
 0.00940058552125491
 0.0045562966974855845
 0.006791763731113065
 0.010378311398040727
 0.015066258130456617
 0.015866639517314478
 0.012371097854248954
 0.006831434196760369
-0.0006076761541761386
-0.0018864188506869592
-0.00010364550075590839
-0.002395115304092768
-0.005449630646443715
-0.0062873470222399655
-0.0017254078100282372
 0.0010747595919215966
-0.006723705538856411
-0.014209485341720392
-0.013621449961132508
-0.009253188974419773
-0.006539360058535747
-0.009320859107111019
-0.008056116673574858
 0.00024871258321975537
 0.006376411907598016
 0.011766733891522288
 0.01362417836453729
 0.00805184609069947
 0.002614855227451314
 0.0038912650239693383
 0.014436227973282388
 0.024008132849907743
 0.019446194210299597
 0.009290921757184482
 0.0040079400852969585
 0.0023395074651917994
 0.0015694617946903702
-0.004019204787322053
-0.01006756547082004
-0.01083061072353234
-0.012034682296959209
-0.01052959218599659
-0.006537020287299966
-0.007930103141033075
-0.011698661097874277
-0.0127837255688861
-0.008567140300937633
-0.00354317351464397
-0.004278217096199799
-0.0039841992627549574
-0.00041631937659827867
 0.0009814309949311567
-0.0003509815712962397
-0.003622509865109917
-0.0012983708728202467
 0.009491606699112004
 0.02048926333212149
 0.026658965163234467
 0.024712849304160872
 0.01501727095253131
 0.003494583557941404
-0.0039981966627117005
-0.002934132872463649
 0.0010141030469018805
-0.003435828908080342
-0.01016323011712298
-0.01029157082362172
-0.009127167711729622
-0.009666199595190075
-0.012620375615896972
-0.01563522192410957
-0.014186135155459915
-0.009232172547057462
-0.0018327306576557123
 0.0011331132986366274
-0.005680626396471815
-0.014522153777828728
-0.01629325919217432
-0.005902305434221919
 0.008726234558744536
 0.012025765096318267
 0.008688899569806147
 0.008047194892105251
 0.006686780654721378
 0.0034502544498533003
-0.0025001003845969982
-0.007020036517470431
-0.005178926352630044
-0.002329756026156371
 0.0018308258994791382
 0.005263364375046153
 0.0007480951873654815
-0.004588556354238625
-0.0032468093250221514
 0.0029625615402291833
 0.006845460226896256
-0.00033930161103554873
-0.009549517662619456
-0.009138826199355948
-0.004210531789513604
-0.0009856723750238106
-0.004637556702046346
-0.010527241248990935
-0.00838744659181477
-0.0025654321775614164
 0.0028668923130975785
 0.007897859517180354
 0.008418224192473407
 0.005244701747707421
 0.004799008768101895
 0.01026633534770649
 0.01402089304157303
 0.007298158777723149
-0.0015737037473866067
-0.0022690782948040847
 0.0002044029436534811
-0.0006963171922448538
-0.006352654479552106
-0.00912481963774188
-0.002819776396039239
 0.003702279797126118
 0.007946866736231073
 0.01120439476707008
 0.007837194096805104
-0.0008526575657875346
-0.00822643068402559
-0.006800678641339673
 0.0013244732255341951
 0.004500329715500136
 0.005737070477879823
 0.011428410426736257
 0.017654115600162203
 0.02303977063889373
 0.02436051641474285
 0.0227784222807035
 0.02355080199640487
 0.02301877053073354
 0.021418008615923197
 0.020864975896884505
 0.01735309992564437
 0.009769314273732711
 0.002841234421401967
 0.0017678373133720102
 0.0022298651737557226
-0.004086844858325195
-0.01326439229355987
-0.018437700753417836
-0.021972911450621704
-0.027171888109039775
-0.034461656213808395
-0.03706347787246291
-0.027930265843955752
-0.012863033002871109
 0.001161137587634635
 0.010618702307037695
 0.011860110014610126
 0.005109374079603754
-0.0038838290205174195
-0.004399526178014146
 0.0036042851138483045
 0.005660074757555034
-0.0003136148028589983
-0.006546319821470484
-0.011049921646169292
-0.012506008260004486
-0.013362392416571719
-0.012272660427763569
-0.0085111023161079
-0.008893791535611345
-0.010282207444151707
-0.009948520576568524
-0.011726626408703238
-0.01429577945100853
-0.013945758275250731
-0.008422428353333178
-0.0026914193703383854
-0.004628201339026486
-0.010165531523918706
-0.009519159328421487
-0.002584078485698048
 0.003013922559303467
 0.0005404418934494767
-0.005801936337191546
-0.007993066818884353
-0.006849664960359606
-0.003720477922321129
-0.00015959845395357303
 0.001331490821430803
 0.0012124840053175517
 0.003132932238434624
 0.01163844013851735
 0.02109600485792041
 0.02180071386832696
 0.017502457632109003
 0.016919089769317455
 0.01740211888306853
 0.01594369879663697
 0.013591558705794406
 0.010474039603341374
 0.0109967377512308
 0.014209929802738719
 0.015124651346818875
 0.012968522954071672
 0.008135901493284213
 0.0024422286444349822
-4.291938440086768e-05
 0.0061874527342178215
 0.0149076401131669
 0.013759571882052991
 0.0061197828878283705
 0.0014551714539797894
 0.00027910155170941114
-0.0019050285121942762
-0.006597641617199331
-0.010170187875945171
-0.008037393636558116
-0.001576007730898471
 0.0020012060456437025
 0.000148429090425041
-0.005505574724285846
-0.013626059073363377
-0.019242727326532292
-0.017716635962202312
-0.013241035236056402
-0.01544616655332744
-0.02101149840937614
-0.019557744695533737
-0.013913074198604766
-0.009318466370043806
-0.007743372081189994
-0.006702643016905676
 0.00027444033255248634
 0.011260429602580106
 0.020594320274375376
 0.02206440829639239
 0.014303278727156352
 0.004344017972136606
-0.0009809662064856409
 0.0044700260649443505
 0.014249610002646934
 0.01300120244988897
 0.0025005760525106044
-0.004112484999309739
-0.0019773572873263145
 0.0020338823921412993
 0.001550853850993808
 0.0006711349684628345
 0.002344235106364334
 0.005116400837157684
 0.007860564896794563
 0.0073752028830506924
 0.0052984125585801845
 0.0046403735727046855
 0.0034969722867835284
 0.0030349449990033847
 0.001716533268354227
-0.006490289566789126
-0.015079801907737705
-0.012547983854370812
-0.0012866448179711318
 0.008660949146670337
 0.01193247801308759
 0.011062093020942118
 0.010110036487923572
 0.011591791872922454
 0.01308288114830683
 0.007958575612972703
 0.00042145941298850353
-0.0031114178116189856
-0.004019138365306436
-0.0006869392113834707
 0.005403424551452811
 0.006955184114342899
 0.005818783246210858
 0.006110467607059321
 0.0036019848522597375
-0.003442768629889674
-0.013747383329172684
-0.020897143078158896
-0.01769795186222922
-0.00840373022457229
 0.0025472569565097233
 0.010992094569086744
 0.01295921225413129
 0.009029644688140319
 0.0023442459858324105
 0.0005848079344686757
 0.0014365257184467545
-0.0038044534467060465
-0.011266898523606291
-0.014169738147192974
-0.013630705691128932
-0.01384305141109712
-0.01725225458809682
-0.018692006893757402
-0.013542032587259577
-0.010081492440536084
-0.011553913362545885
-0.013255014599000282
-0.015532483566758896
-0.017746948774415437
-0.015968842369677137
-0.007229987209957076
 0.0005801458564063874
-0.0041358019745623975
-0.015618820335013963
-0.019865740174111704
-0.012783650557816738
 0.000717822171101376
 0.011559136140153838
 0.01601140214033602
 0.01855722102928116
 0.01921526058776024
 0.017514159351305847
 0.015379032211926005
 0.010933767202136527
 0.004400044218592886
-0.0015129750543154477
-0.0019680019243064617
 0.002535600472995933
 0.002736279402585834
 0.00023713053817174534
 0.0024585967362209873
 0.006535173648387051
 0.007804583027115959
 0.0033289828735736313
-0.0027427125358880852
-0.001543307335050384
 0.005667123274045116
 0.01455998762512583
 0.020167322560512825
 0.017593502573014792
 0.008679637541170307
 0.00025346828196785853
 0.0006034894577256547
 0.0050627558756969615
 0.0021739170876885136
-0.004859169031479024
-0.005722553605835387
-0.0005982474978976707
 0.002691949149290565
 0.001100521124865722
-0.0012679532741514607
-0.00015488655937956342
 0.0013922060583177673
 0.0013642046734630778
 0.0016582225069079193
 0.0020969156413278983
 0.0010491867318580539
-0.0020753327883841002
 0.00012046521110503638
 0.007627246839939955
 0.007249224565629264
-0.0018909873080634396
-0.009099083871958985
-0.009283427920770693
-0.0053655271451580125
-0.004292129464524473
-0.007353645224664539
-0.007759669170131718
-0.004537143228238297
-0.002350679119134662
-0.0038301004589335885
-0.009570442759710286
-0.016577860680317722
-0.02028574834965322
-0.01466674605128435
-0.0025676903527866307
 0.00343633492398384
 0.0037770222093561415
 0.005608798483811024
 0.00705321830726794
 0.0050067631265502816
-0.0011722720223446073
-0.008163355634777436
-0.010982190244894673
-0.011411548916325585
-0.010625168365045966
-0.007586986758266051
-0.005465859881860859
-0.00375075723722465
-0.0018349759493003145
-0.0006355707484626133
 0.0015485598880446566
-0.0010882638595554675
-0.006394580257406718
-0.0014382841764078863
 0.010525430111500172
 0.017626187508566135
 0.013024579834819631
 0.0007341799560228873
-0.007295298961796089
-0.008170350899134309
-0.002605018470482029
 0.007454582178785363
 0.01521804579322135
 0.017126826663356562
 0.01332326661756976
 0.010607104801692947
 0.012994247554084695
 0.012107528253764606
 0.007762602565619184
 0.007011224675888751
 0.008371639485876214
 0.009888396959820696
 0.009543043301859226
 0.007095230834565355
 0.006735876341025647
 0.006710208428767336
 0.006721876078050998
 0.008037954908707366
 0.0058678256803819245
 0.00041683398155552276
-0.003970094213324622
-0.003946759201059101
-0.0013262691890300118
-0.004742472783818834
-0.012540937914596841
-0.015135759155462242
-0.010912173469724649
-0.0035267324159011446
 9.715081256849584e-05
-0.0011675910483640861
 0.0004495057472244518
 0.0044304102829392095
 0.0066075405016573635
 0.005842161776348685
 0.00015082240009582637
-0.007271953642666074
-0.010613486114370945
-0.0047891382275212155
 0.00555047913331097
 0.006819888512039879
 0.0015882432372725727
 0.0002534971984487974
 0.001961599425295897
 0.0038540459872564922
 0.002306953942162737
-0.004091427630791247
-0.00868136794155588
-0.009129394393757772
-0.009143394943034226
-0.011161848452595394
-0.015065747820026256
-0.016141478400652585
-0.011087176470606076
-0.001449934361282268
 0.008455657096624478
 0.009743734256124376
 0.0023139577955733487
-0.0018349561944767043
-8.46447425442709e-07
 0.003093338501667438
 0.0025356388374359953
-0.00220364371949653
-0.0034473843270617435
-0.003636395321066202
-0.006114542932112922
-0.0067749153905848
-0.01024712232768658
-0.016750510167477372
-0.017172868421119158
-0.008695362192192916
 0.0025776442071886244
 0.0072282553780625425
 0.005573823593535615
 0.006049852289497573
 0.009312047265529338
 0.011328167875097717
 0.008999362510218892
 0.004808446013434102
 0.005034793141584115
 0.007272593647807975
 0.007988970021196383
 0.00734493187089913
 0.004715108541088128
 0.0018496044790434277
 0.003662712972727321
 0.011871869853070635
 0.01828425283420644
 0.01350763471573195
 0.0003865185926262768
-0.0076779624141382966
-0.0054354949627217
-0.0013799193039229843
-0.0015035930652289864
-0.0036107185334523437
-0.0025303204350296885
 0.002351304522885199
 0.007851299718839015
 0.011085493023714303
 0.00661222634276834
-0.00561983672111907
-0.016220802440141496
-0.018033910361221817
-0.012053219810415072
-0.005526496672056971
-0.002229299607079606
 0.0018076082709481134
 0.00598452450475824
 0.006096531475685951
 0.0008112163312020623
-0.006548555951457757
-0.008030310763853053
-0.003748388263206129
 0.001975620301999541
 0.005170144572736471
 0.0023326421818482476
-0.0014102475764328493
-0.0022666317330000824
 0.0012289105026690172
 0.007377611080414639
 0.006621566245491456
-0.0006588679688916618
-0.004359755220438036
-0.0009972209227622209
 0.007944646352842324
 0.015166744324919698
 0.012163565379688962
 0.005076809390804828
-0.0001034994868422609
-0.004068069141778825
-0.004100737471826259
-0.0037880518576104416
-0.0063572048999157235
-0.009311380920622624
-0.007467937283185868
 0.00146926304722593
 0.0058561918147096576
 0.002383984877607874
 0.000710885312309957
 0.0032730385094297057
 0.008644692712583002
 0.011426192333761846
 0.009993440445890393
 0.009967772533632076
 0.011309519562848556
 0.011430860424161762
 0.00890370988859119
 0.003186702313778232
-0.0050574560829071
-0.011217823451030999
-0.009017358506349125
-0.001706588575609562
-3.582191030444132e-05
-0.007603273254041483
-0.01366330130052134
-0.01076746152212019
-0.0033563522697365802
 0.0021226416728498884
 0.0020339700004894865
-0.00031817009035307875
-0.002868655351887378
-0.005188126826380715
-0.006224188372868707
-0.009358041783496345
-0.013695967053852644
-0.015103050743163999
-0.012230545690726586
-0.007348920732811709
-0.006112179970432029
-0.008174969459324298
-0.0066255433690305884
 0.0004705470828426164
 0.007113943851019398
 0.006427903193987415
-0.00017115702225468238
-0.0046350898128151505
-0.004551084513043917
-0.00240895638327137
-0.0008735311285558989
-0.0011302128278551857
-0.00047917368716521996
 0.0030210354936966236
 0.009428751529639692
 0.013594000400467945
 0.006747592089010275
-0.007115568319742121
-0.013630623522514783
-0.010072077526743599
-0.004835764734179966
-0.004282731442537685
-0.008151628721022944
-0.00895434300787359
-0.003811369119164895
 0.0042227773164504115
 0.011092520926475405
 0.012851959550442715
 0.010439149172094438
 0.0058935448406609095
 0.005270507943731011
 0.009015731747212062
 0.006192230191902071
-0.0018932520682298573
-0.0038463683450925823
 0.0006362327988424579
 0.0036860817686042366
 0.0018076366148254697
-0.003241997797424706
-0.0045277409117246425
 0.002050318623753676
 0.008532705782780689
 0.010469488324072379
 0.010723837123378863
 0.009223414530212581
 0.007879334601003311
 0.009354089568213077
 0.011024856233518197
 0.006927278640588355
-0.002117260856653043
-0.005967490354367305
-0.0018232427369064136
 0.006196902863130654
 0.012438942344731203
 0.011559223462200237
 0.00843237046936171
 0.0064862546102881155
 0.006714935211034494
 0.009902459063982315
 0.010868517005182682
 0.00864471790714065
 0.0040104416170449325
 0.0014436220473360087
 0.0014786244225834036
-0.0046910768359259974
-0.013471933929777191
-0.01480667996860097
-0.0082589555768755
-0.0038276908300606816
-0.00870231479758286
-0.017028144735141255
-0.022161784160860874
-0.023013501372235366
-0.02107205188575093
-0.018225215031873628
-0.016951138707951972
-0.01837922365063069
-0.021342733561723073
-0.021030047947507253
-0.013579269660985289
-0.009719705700281939
-0.01313124234987802
-0.011413806232645422
-0.0038766894600576543
 0.0035904231346389273
 0.0065352658375639056
 0.005051177552572242
 0.008061357488195676
 0.016534196771929174
 0.024012976729607616
 0.028383571188916726
 0.02888760155603516
 0.020354092557399547
 0.00510484942640136
-0.0043643820833799765
-0.00811193878685382
-0.013378586150566724
-0.018232208864721544
-0.016589443870572897
-0.00834995184647674
 0.0007412576752957034
 0.007470992929538296
 0.011967594909051568
 0.01713157005112763
 0.023672294025063975
 0.027037161795336162
 0.024386337212157806
 0.017535261955507392
 0.008773072642427174
 0.0021693454809923324
 0.0028880553269771195
 0.006556274534777848
 0.005613551892144797
-0.0002714657096070522
-0.007691908279772577
-0.014872003172511642
-0.021867753730137218
-0.02689171994382729
-0.02609600550216218
-0.015686383963438782
 7.85571839614918e-05
 0.011244223843909863
 0.01414006362231101
 0.010322502740945962
 0.00259637526065553
-0.0036316628127632047
-0.002821947535519849
 0.0015883159579276052
 0.0002792381176639422
-0.0070175304048938
-0.012258509570046594
-0.011705476278404316
-0.009386004231307393
-0.010305392147976714
-0.013518583626881048
-0.013777598798776707
-0.009479341989955162
-0.004331701156053719
-0.0016902098906572752
-0.002635266005886698
-0.005778453306899835
-0.006912520702435504
-0.0032443014946347687
 0.0046895056193364815
 0.012123949597683828
 0.015470149587185032
 0.01994341684073457
 0.027821220612392866
 0.032817185727530035
 0.029975016391449068
 0.020538453498016945
 0.011769263767147618
 0.008420730877653618
 0.008558406047141441
 0.00869841468922563
 0.0073870033763655946
 0.004656840724910537
 0.0013759785407113714
-0.0006378080236570591
-0.003617652242924055
-0.011061429539053317
-0.0199659606805123
-0.021996081553055345
-0.013383233913539443
-0.00296194501183418
-0.0009318235666875563
-0.003981671963845759
-0.0023599082230644775
 0.006294941923186144
 0.016018522518575766
 0.019567734623961455
 0.017119922156667577
 0.012413308216084287
 0.009578139297792429
 0.014522768015809394
 0.021929210323000263
 0.020638800263507583
 0.011108898466220526
 0.0005826038702820488
-0.00703151692538247
-0.012286496926113503
-0.01619039629354436
-0.01837219288485167
-0.018437529831248335
-0.01579837203844826
-0.013751916285127019
-0.01741313450253505
-0.023424159624491056
-0.028098104948725125
-0.029222838453875296
-0.02121902716201285
-0.006947508476291525
 0.0033944423571370397
 0.006941320989926357
 0.012828672636878154
 0.023779659817960173
 0.03169246567856406
 0.03317422106356295
 0.029330991983637797
 0.023473976053042432
 0.016604233015621014
 0.009456806739231181
 0.0028367452696217155
-0.005570756208809743
-0.014682966411345963
-0.02254443530222605
-0.024558221866594482
-0.019424581868271274
-0.017343124026004433
-0.022017069350238505
-0.025059917329607585
-0.02285245196713659
-0.019926277044982586
-0.019846938690404103
-0.022091739041813493
-0.024812567802883052
-0.02581129378782906
-0.022969123879144508
-0.0190885586650738
-0.017828483176730393
-0.017744477876959156
-0.01523132760436325
-0.0066324808004255865
 0.0046521929619378205
 0.009258468153480644
 0.00680365526839765
 0.005972939310390522
 0.01013118776342966
 0.01683525481911214
 0.02140652792170937
 0.019574752219858063
 0.017728975682428524
 0.020699486583913608
 0.023205636438720402
 0.023438983984659524
 0.020195457362002338
 0.012249983457652804
 0.004827207414890906
 0.004754870050705122
 0.010516214177452764
 0.010348204436815674
 0.002206718834370777
-0.003787971979410623
-0.006317455987577561
-0.00850391952407762
-0.011203747031779815
-0.014246595011148902
-0.014185924437341398
-0.009953004861218317
-0.002798577594435768
 0.004789875575272225
 0.00960382982789227
 0.009666833874296149
 0.0077370523233971575
 0.01252067143226436
 0.023161306758028716
 0.027905256832757568
 0.02474106827837707
 0.023219644431843427
 0.024885744151955796
 0.023476326990048084
 0.01629623209730901
 0.004920553476290626
-0.0024835547857002885
-0.002628229800373638
 0.0005756283607487797
 0.00760404810732717
 0.015808538042477727
 0.018928391190130713
 0.014634801899105501
 0.0072703626712529446
 0.0041435096784144185
 0.003665148082459664
 0.004257850408240296
 0.010327212917709223
 0.018510701599492425
 0.02062249458551211
 0.01293370266676365
 0.0005662981922865823
-0.007897206628457838
-0.010851382649164736
-0.00960530799639956
-0.007990544673407401
-0.010844381372470239
-0.015541661422668045
-0.016951078584575764
-0.01308218073348693
-0.007404841620208727
-0.008440903166696715
-0.015098300197848143
-0.018479501703691368
-0.01738743624228684
-0.01597335156258278
-0.01981424716991156
-0.0283897586752819
-0.032879359664402474
-0.030772233623575528
-0.027675715201886275
-0.02531190717545826
-0.021636687549868413
-0.0182298172728615
-0.013490534143325395
-0.004551000340317225
 0.0026290951250254255
-0.0012071335371105982
-0.014785610289105452
-0.02362480419786598
-0.021958704477753607
-0.017893794928569403
-0.019900581075148714
-0.027493700617445865
-0.030830566143957995
-0.027979062344887944
-0.020591287818468057
-0.010422013957171124
-0.005437716205015812
-0.005878742239428594
-0.008172545515361819
-0.009490957246010984
-0.0071551508907394465
-0.005290705999935336
-0.0030739067470788375
 0.005559942145804415
 0.01925042615502877
 0.029755720070203467
 0.03095279179844481
 0.02874299353598101
 0.029762721346897975
 0.03189784905888139
 0.0330622521707735
 0.031531494433854355
 0.02645852529564044
 0.019936469675078658
 0.01513184988544769
 0.01601623628577499
 0.02147422897499409
 0.022556960546013125
 0.017318314853456702
 0.014879836276548326
 0.01862039313483662
 0.023457682113420412
 0.022426287512125172
 0.01608390928148415
 0.01146130035437029
 0.008712469922144257
 0.006866693384714705
 0.005825964893033976
 0.004295207156114839
 0.004106196162110387
 0.007914423725693516
 0.016125914078633195
 0.022169608389542017
 0.019033421506317996
 0.010418240966809308
 0.0038775175654765445
 0.001574380399157825
 0.0019944057528068146
-0.0003880694817885999
-0.007199475704300677
-0.010209655067320529
-0.008048859156777
-0.004917338646142147
-0.0012187842945885624
 0.000743666445263233
-0.00165981004269955
-0.006492431503487002
-0.007680168768739261
-0.006357089520293763
-0.010475668366590977
-0.01959487898691631
-0.0264669554969341
-0.02706899114049663
-0.024758852983785207
-0.024978199121542508
-0.02789970652590018
-0.028987104469508376
-0.02404247575149141
-0.015165945708585322
-0.007162134416722869
-0.0009597639692606671
 0.003086477799152554
 0.005037261176022476
 0.007011379278856145
 0.008546804533571609
 0.0046079030771951565
-0.004772656473924004
-0.008254197301411276
-0.0003740600571566152
 0.009652871975761548
 0.012385368672416554
 0.00896683160503136
 0.005879647646331178
 0.005450288974900269
 0.007555081543130837
 0.009043837345918848
 0.0064700173584208084
 0.0008930181393902448
-0.0056337044263642735
-0.00851787626917997
-0.006665098741357723
-0.007327804672425969
-0.01174040106586622
-0.011805738012262885
-0.005535696859505848
-0.000112706259232348
 0.0005523337170358564
-0.00046039310348839485
-0.0005607321388306566
 0.0014647223611232163
 0.004344227831349752
 0.003693189263263369
 0.0006970107358217556
-0.0017764699300322276
-0.0032488908520420315
-0.001125430503040474
 0.0028298058341141782
 0.002269772697286364
-0.00290120228997523
-0.005570694653924575
-0.0011394299071097527
 0.005093275684105308
 0.005473632003615961
 0.0024027823530903963
 0.0005990083223955736
 0.00037266176684915
 0.0026197961634584904
 0.005452632181757559
 0.006309016910928375
 0.0035695203690878294
-0.0019654763432080183
-0.0039162591474743574
-0.0019234732638697127
-0.0017811311491891385
-0.002131151752343359
 0.0029068158695285395
 0.013174095579873153
 0.022346976642518668
 0.02376106132222272
 0.020235184515404354
 0.021037899374858587
 0.02651689331744505
 0.031729871384044955
 0.03221056702519966
 0.02688791631917379
 0.017936715725787332
 0.010243256861846121
 0.010915297255903442
 0.01237838486013134
 0.004572919311564207
-0.007199449650837651
-0.014034190599313462
-0.012638773700380395
-0.010022950633544057
-0.011334361946404099
-0.011539707248583164
-0.005325669438139086
 0.005970671687206185
 0.013708467103082073
 0.012821747802761983
 0.00691572894764278
-0.0005443826566610896
-0.006777087675272575
-0.007215780237088975
-0.005409672161194201
-0.009959943437820473
-0.017408387679142483
-0.017996422487126778
-0.013054127241706192
-0.01161437436344203
-0.016794683241089122
-0.024908167172377534
-0.0313438843068735
-0.03329700058373622
-0.03137655235061915
-0.02972211999348863
-0.030580837622652242
-0.03144655566960497
-0.02870939202775722
-0.019405836499714797
-0.0076544682180767175
-0.0048029644190066695
-0.011472028813139964
-0.016972023436490208
-0.017009358711730385
-0.01431653104921373
-0.013842835825848141
-0.016699005997507357
-0.015646609570241173
-0.006963757752834077
 0.005270639356253298
 0.01579926799739173
 0.021324931391905666
 0.01991318075740156
 0.013589470307531527
 0.010583957889704412
 0.011823032124680465
 0.009510561067976243
 0.0049929584076991995
 0.004766611852152769
 0.008028806828184534
 0.011783364522051074
 0.011659690760745078
 0.0069834119639146375
 0.005970685143390386
 0.011155661538833808
 0.017220357103109984
 0.0205222211132801
 0.02008819549665644
 0.015099231371911971
 0.0076647879661682
 0.0037888902698938257
 0.0037118859605152973
 0.0010493940143550748
-0.004200919041183221
-0.006077030722365616
-0.006704734564488262
-0.009868923118868757
-0.01439585966953131
-0.015935951296835938
-0.007932140004973491
 0.006894745158684698
 0.020326213709711598
 0.026502915958613704
 0.024909154461592482
 0.019768514618083745
 0.016111963345868466
 0.01978951644405469
 0.025434186940983657
 0.02339239870545875
 0.015488927307843944
 0.00906721100892622
 0.008808195837030568
 0.010483629447528432
 0.008628519019713399
 0.006589064256784863
 0.007417447314799201
 0.006918084465477092
 0.0014390910954942132
-0.006254367768446997
-0.011042653249903361
-0.010909645025608289
-0.006462045970618856
 0.001492762396719756
 0.00564401043196977
-0.004490260767777976
-0.0226890132605921
-0.0320392376679584
-0.026774923204238292
-0.01588693978325835
-0.010984313571976111
-0.01125499610685363
-0.012197718749486684
-0.011542012663603971
-0.007962465414465433
-0.007372096561281176
-0.010587621512781892
-0.01274141643293272
-0.010888638905110475
-0.003587202864756403
 0.005536675273365259
 0.010217621587992033
 0.008873541658782763
 0.009844266545175874
 0.014905568893011506
 0.014294199359063474
 0.006626408693682376
 0.00042637229142011845
 0.00044504035849290274
 0.0038589110532889284
 0.008864210058811606
 0.010513975470749365
 0.005361668264258761
-0.0008780371721418476
-0.0044202482871348245
-0.000511681401907646
 0.010565313299378536
 0.01670234651414229
 0.014616222299286288
 0.013330479184986352
 0.014030521250200156
 0.010523312224152773
 0.0031075365991799983
-0.0046955954767907634
-0.010225925243893857
-0.010510608614349621
-0.007859783458567676
-0.00857849273194888
-0.013301440980706791
-0.017856379202525818
-0.018589089311485268
-0.013861473544931023
-0.006968395208942303
-0.004751595956085805
-0.006765382520454236
-0.005822659305217602
-0.002667804068619016
-0.001501067484130536
-0.0026678034960154334
-0.0016620765206767155
 0.006456074928408023
 0.015778298237221433
 0.020750928626394875
 0.019511854964022406
 0.011841730826044929
 0.003984928880357584
 0.00038204747785889476
 0.003490233262530014
 0.010273638386489196
 0.010586324000705014
 0.0016561246606859245
-0.00828213484096647
-0.013644454581130679
-0.016229941931610585
-0.016621965041499518
-0.014836858218972102
-0.010190913993290928
-0.001664404839840844
 0.008087177426705262
 0.015561290439190953
 0.017869095123306013
 0.014380553878029612
 0.008439532933964808
 0.004911322654550056
 0.003184553219535556
-0.0029291446966608833
-0.01209269129631731
-0.015679238390641392
-0.013490440808941375
-0.013639782768807479
-0.018297393784866937
-0.022121955084021094
-0.020763873746630006
-0.013863794992852157
-0.0062823422409332905
-0.003876531707770553
-0.007841101362707117
-0.015847245554562354
-0.020217839441267888
-0.01291640340091382
 0.0018544784204313977
 0.008458206154469829
 0.0015697953362774283
-0.007554082229240651
-0.012069351416921333
-0.012312032280642368
-0.011621324105814065
-0.010524591699216785
-0.003694517123330146
 0.005284685713816378
 0.008325200793192676
 0.003982608577643619
-0.003944197545934919
-0.012053014532030594
-0.018290386495834816
-0.01724499048635776
-0.010886277374938531
-0.008732481882184125
-0.008949494547345054
-0.0037341830081487823
 0.0048599968505961336
 0.011267712886539195
 0.011839413958952466
 0.008061522111725769
 0.009092917285624592
 0.01642235499713513
 0.023765793544223923
 0.028460740694428936
 0.028479408761501707
 0.022832405364579943
 0.015831987861761633
 0.013960543125771982
 0.01664403689790315
 0.01728807562080399
 0.0168307152782166
 0.019882897720574763
 0.023392440791822094
 0.024036479514722944
 0.01992723455881123
 0.013778534553669189
 0.012875480945174482
 0.015570642080287522
 0.018156130003371004
 0.019007847787349076
 0.015318627898784569
 0.006388428558765473
-0.00446455220066528
-0.010958606150070573
-0.012501031249971584
-0.014736497710995475
-0.018101364908664087
-0.016663945502996297
-0.011338960751770471
-0.00797642645409466
-0.010867598714699469
-0.01738732086266488
-0.019093089044312016
-0.014934840591272883
-0.009332172601078628
-0.008478121344504184
-0.011646976844077426
-0.01485316790519265
-0.016694277497429442
-0.011824319902496432
-0.002196411683558115
 0.0054760464996193164
 0.009862975267103044
 0.014133230404768098
 0.018433820686186014
 0.01610034837611443
 0.007793186219327029
 0.0022278543632783324
 0.0006130916128897559
-0.00039730173503813027
 0.00035407672729589196
 0.0025965441787124954
 0.004521659357022312
 0.004260310712530288
 0.002582544202039627
 0.00408530084040587
 0.004556662591175077
-0.0024040858775048884
-0.01186398349690074
-0.01465714990845787
-0.009976203593831102
-0.008317104291507841
-0.015907890361208626
-0.024635077585343237
-0.02589515250108307
-0.020178144353666515
-0.010606239477041163
-0.0028147741914486893
-0.0015897007920508827
-0.003932506992507946
-0.00455321041684148
 0.0015931566883077702
 0.011834768200092285
 0.0164947132613517
 0.014562598237856342
 0.011755430990720961
 0.011109059367827336
 0.010019327951622761
 0.007436174073739234
 0.007130489449916108
 0.008840925149359587
 0.008486237601012622
 0.0022535325824011437
-0.008636783738571584
-0.01948043060761684
-0.028485301070719886
-0.029598367212888187
-0.017765327390377044
-0.00258842133726285
 0.002883572187534489
 0.000557100295252036
 0.0019548506667814713
 0.008269227798869606
 0.011148733269096135
 0.006110766219827819
-0.0011626675767661757
-0.0017927048914851973
 0.004274324145387358
 0.010234013442826734
 0.009792987408413958
 0.004087647196582854
-0.0038064903106464557
-0.010638897786525898
-0.00894012945006429
 0.00039609469432735217
 0.00811522232943225
 0.010448695212107409
 0.01249515096542865
 0.01604202959821796
 0.015750345809973088
 0.008448910342222601
-0.0017063621108925134
-0.0062496329697296765
-0.004851882598200234
-0.0015313508072591353
 0.00013474891285324142
-0.0020330468428758214
-0.003227784525917203
-3.792720037300995e-05
 0.008728929630503528
 0.018121157117208138
 0.016788744550980728
 0.0097019885620966
 0.009587648691176093
 0.013913907171154115
 0.016221711855269168
 0.013134527896568993
 0.005616079477355783
 0.0021345386498685115
 0.004496013203700147
 0.007265845461897132
 0.007517860788607243
 0.0031472669019017158
-0.0057315960409971695
-0.012251318188962568
-0.009775503477908627
-0.0026630787178608117
-0.00012192677410841068
-0.003073769322218936
-0.006163286753515483
-0.007404693888484332
-0.00868110311239877
-0.013807742120329276
-0.01992844045431483
-0.01843268423373771
-0.011646945637182157
-0.005647587305604433
-0.003353783457067619
-0.006921662770620712
-0.01147893446503611
-0.010452206236330037
-0.0005069457442849409
 0.013841577537116699
 0.02049430819567897
 0.0182915103510043
 0.015507677829832658
 0.0147329652141385
 0.01193046491219587
 0.003952322391497114
-0.003479787541650285
-0.006522635521019365
-0.007906384484366983
-0.008760435168337844
-0.009997175358113942
-0.011716944375339319
-0.014724790265762806
-0.017375614848941158
-0.015294157006674327
-0.012479988769146248
-0.016528563437552254
-0.023862667521651962
-0.02397000697478335
-0.01391974021590145
-0.0007496205956683613
 0.006836499101443259
 0.010525719562611342
 0.014765639556523553
 0.01724145426757749
 0.017577474607757042
 0.014494957594249618
 0.006309136012473626
-0.003174096332885956
-0.007038326666178471
-0.00018025041913534434
 0.013806584609828428
 0.02381718233457198
 0.02414853572955878
 0.021208360544430135
 0.01888655559734042
 0.014837980928934416
 0.008087244993928044
 0.0009934885872547941
-0.0027283999176589413
-0.006753639860101211
-0.012232633230084097
-0.017275267224545154
-0.02312294926475503
-0.02595811818304688
-0.02430368582591637
-0.017333602894247322
-0.0059089207761015075
 0.0010588286829711635
 0.0036816521675966246
 0.009487332273675354
 0.016982446539528413
 0.02001829467371196
 0.01723446215254032
 0.012145158706151793
 0.009186315740252152
 0.01018504229780174
 0.011202436636122325
 0.007471214240823094
-0.0010086248880959367
-0.010358849295462241
-0.013721383020534474
-0.006590290479715665
 0.005851785690448939
 0.01088508636712808
 0.007515552224266732
 0.005868120857528927
 0.006894849086235
 0.006668502530688576
 0.0017938785631663942
-0.007178323283587418
-0.01333402370651858
-0.014293080657326242
-0.01384038668732802
-0.014307080920300898
-0.0132126819863
-0.010022824660755807
-0.006216930569769054
 0.0007111498551652731
 0.007130533254090202
 0.00393134261076411
-0.004784177250388641
-0.007350996820097551
-0.003778449988748135
-0.0018113323037035889
-0.006177259245216379
-0.014764438113568583
-0.021921198280343914
-0.024910376389996415
-0.023393618916051927
-0.020455776630916068
-0.019930745010430264
-0.021550174706011595
-0.02025509712872258
-0.010004151726552578
 0.004953407902502517
 0.013244236323718891
 0.014380637764454515
 0.016294085579782465
 0.018601890263897525
 0.01812352866794277
 0.014329302512541463
 0.010623748315802345
 0.015342030191971091
 0.02323383479920762
 0.024519578486111138
 0.021136043507671537
 0.016233417868992885
 0.010861764238443178
 0.007282217561908222
 0.01079176063315556
 0.01686579008781723
 0.01368293375266575
 0.0035299947721470076
-0.004977846027928508
-0.008844409833817391
-0.009775465113468572
-0.011201216583550912
-0.013721366701332359
-0.016633540215304537
-0.019387037592723318
-0.02155483334845239
-0.023092591503160648
-0.023288602914954222
-0.0207497844437982
-0.014694422769907518
-0.0065062671429315655
 0.001296865505642772
 0.004519391447536186
 0.002094913706206049
 0.002482270443505817
 0.009762705230492524
 0.015552051028396643
 0.013808947285207533
 0.010640091785634284
 0.014128633603514268
 0.021794091368902577
 0.0282321425485985
 0.029921576994674598
 0.022774150718284765
 0.009818711149521604
 0.00032614491377653404
 0.00045915313807159963
 0.00701154447498982
 0.00925867887159916
 0.005973149742207251
 0.005753803604449943
 0.00843729737658111
 0.008472299751828505
 0.000753172689327189
-0.014507737804652854
-0.026091095486748477
-0.027519180429427186
-0.02090845227759964
-0.011450887558196576
-0.005493531733353575
-0.004422467525316401
-0.005871553721362478
-0.004959165649878694
-0.0013329489488126886
 9.5136566469603e-05
 0.0033923336314469685
 0.014067971046156931
 0.024689938591150297
 0.026622054187249236
 0.019943655902730444
 0.009989062092903442
 0.0036746855334188894
 0.0034226707793123604
 0.007389574479448879
 0.011582825021433617
 0.012516214346284762
 0.01084778172617959
 0.00758092037755867
 0.004899760650627451
 0.003789027981055522
-0.0007145738436432902
-0.0077896624695455545
-0.010704169456114104
-0.009579435378360347
-0.007178291790390361
-0.009024068327819903
-0.017396567717305765
-0.022800889964204693
-0.0228102235682884
-0.021536147244366748
-0.018822318328482728
-0.016404840432338124
-0.016640520878270046
-0.01914667016047325
-0.018290285431302435
-0.013908023609011451
-0.01411803585638326
-0.016159824091908172
-0.012883628280298164
-0.004611467639852783
 0.005028107942067407
 0.008619322554187805
 0.003310672683740183
-0.0026373486781137434
-0.0025276751797824043
 0.0011335436102292012
 0.005893827993132671
 0.011531498072272522
 0.015909092949370755
 0.019917999156241997
 0.025933691795994335
 0.031305345999147624
 0.028869200894835627
 0.019362633823512297
 0.011043804303743028
 0.0032266713921940277
-0.0054118438732783936
-0.014577723945531192
-0.023806607777886082
-0.026296422751914676
-0.021295790691584757
-0.012962959763633656
-0.0057058597026106855
-0.002943027862202824
-0.004786470927035998
-0.00923640288201822
-0.008860713507700319
-0.004795803958516115
-0.006473570469006783
-0.010034449364770746
-0.005794529370858545
 0.004624426058250343
 0.012247881316903929
 0.011158149900699361
 0.006045511728347094
 0.005247464386689202
 0.008098968185759246
 0.009135030304850814
 0.00675722201544815
 0.005252132477089111
 0.0036840391786280013
 0.000890872767070866
 0.003761044346911907
 0.008992690194282789
 0.008633335700743087
 0.004465753929922031
 0.0030516698228215677
 0.00519613142519048
 0.006073517407728664
 0.005774833201694661
 0.006134188267837952
 0.007263589290784453
 0.0067595594962696
 0.00334568937407715
-0.0014775981963248142
-0.007640299037045096
-0.013273301598388618
-0.015700112812315134
-0.011649204098709169
-0.0034517145813477215
-0.0019886269771198367
-0.00727160864900735
-0.007794306224293196
-0.004000079496288299
-0.0038530704364149945
-0.007292608757167543
-0.009549076471558806
-0.006900584788373236
-0.0012069113669204226
 0.004423758294430313
 0.007811960790666234
 0.00837432797269401
 0.008747683874415539
 0.011130159681614543
 0.01873961410468989
 0.02773981819520377
 0.02935924846338868
 0.023033204540922267
 0.015484420977956201
 0.012331899786557576
 0.009517732121633087
 0.003086681932329867
-0.003167024339648973
-0.005568167355015377
-0.003141355568485278
-0.0006468730766603578
-0.004504102992163743
-0.012141558513791999
-0.018672948024739264
-0.020458054274663105
-0.014272018135375507
-0.007906304606167164
-0.00822365659297215
-0.01168419616709207
-0.012694589515019943
-0.006228536664167547
 0.001782275045484026
 0.004384097276742119
 0.0049534648765590175
 0.006537893055798327
 0.009923762079437876
 0.010238781166250079
 0.004059746017355183
-0.004095740420667952
-0.011686526490368734
-0.014489026792311357
-0.008732349610756467
-0.0010505575371935402
 0.0006038748199369698
-0.0028473308637974523
-0.0037807196160450085
 0.0009795647668584609
 0.004547444653015133
 0.002664332554043615
 0.0008978940848907643
 0.0054248312081568925
 0.01498040177660763
 0.021231775148593687
 0.017827238916786725
 0.006306884994793191
-0.00817231217940178
-0.01766254494255048
-0.015455079580079478
-0.007171251576652226
-0.0029523328361073797
-0.0033723576171528005
-0.004086399945341254
-0.0032230147983813157
-0.0036547069424085962
-0.007028908030462702
-0.008779012191440935
-0.00585283726928694
 0.001252587072971767
 0.008603026037849668
 0.011503532761443558
 0.01032046244138405
 0.007265947099033103
 0.005508842520265747
 0.006204217640286801
 0.007240279759378368
 0.005233493612799067
 0.0010355766982251616
 0.0031007002323173855
 0.01104384123667413
 0.015213757052695134
 0.011505869383359645
 0.0030773666515608172
-0.007593603245352808
-0.02020835581504546
-0.028571521314145823
-0.030249287824636484
-0.028093158859285698
-0.023185865702810712
-0.016715145906765563
-0.007133907139754717
-0.0007541927749681321
-0.004429411827954401
-0.009920072560919143
-0.010305095253018964
-0.007409255474617817
-0.005789825206432911
-0.007320582943352045
-0.010683116668424284
-0.012706237123178199
-0.008223635979243162
 7.185938716595258e-05
 0.007046609264027753
 0.00967643316644233
 0.006705922837560822
 0.0055158520997121915
 0.010775499618239565
 0.01769657962538477
 0.018032599965564326
 0.014551059138077048
 0.01609348481058164
 0.019978716969845087
 0.020655424309095158
 0.014406384982309062
 0.0056045266350905065
 0.0017332958840088758
 0.0025500115790413475
 0.00634657177964261
 0.00970443913212568
 0.010299474930502678
 0.007172621937664159
 0.004059769780403871
 0.004591801818678791
 0.00347873567651049
-0.0011112046342541398
-0.003918371881389507
 0.001478950520323881
 0.012334265324954595
 0.015771470745714354
 0.006554254276341341
-0.005040770768736144
-0.008475642144295952
-0.005024435887957951
 0.0013856136205814898
 0.006276572468881865
 0.005350184134423432
 0.00033788528371522103
-0.0028053020172979157
-0.0013842169198047469
-0.0010411961618360666
-0.007024219612635597
-0.016689462820512303
-0.020243341298487157
-0.013623279256274112
-0.004415396104683
 0.0022023324649336692
 0.005452860077983568
 0.005511197179194689
 0.002428680165687258
-0.00350534036058843
-0.009063671798848004
-0.01044508728959925
-0.00857830892619876
-0.008942330364931219
-0.007770926835249992
-0.0031273160821651963
-0.002704957255919821
-0.0026886226614434225
 0.0001862158635903624
 0.001859316001491862
 0.0003775611890965633
-0.0050594296741516
-0.00887232361032389
-0.007178222219055036
-0.001020187750923919
 0.006682605576006369
 0.011645902074794316
 0.012621293906380178
 0.008551717984606806
 0.0024520209039886123
 0.0004452347574093046
 0.0002258886196520038
-0.004063033726180464
-0.00828195189412172
-0.005638127156128908
 1.5877231185568164e-05
 0.0027110383662985946
 0.002519693899697771
 0.0031753999855804807
 0.008073359251669979
 0.015514803647806441
 0.02081645367306853
 0.021777844669076146
 0.020373094452361178
 0.017278910075871873
 0.013412346269982993
 0.013501018514946977
 0.012401953208356908
 0.0023376861865003554
-0.0072482189530996555
-0.007292554646128956
-0.0027236150161281114
-0.0005558186877954521
-0.007250551280488866
-0.019736962857380972
-0.024284900661410883
-0.018854909643348256
-0.01238885679249586
-0.010568747881022838
-0.01384494312002926
-0.01974162808476297
-0.022670135906909764
-0.01848155231011777
-0.013982616858008123
-0.016292754442115965
-0.019410273544569
-0.015340697050192049
-0.0075352309290213325
-0.003043295894700808
-0.003925348249828146
-0.007481560200399372
-0.0066975131217161255
 0.0007532651648058317
 0.010686858293869061
 0.01910836118048234
 0.02374263804318165
 0.0221862121077024
 0.016833226257923682
 0.014586092433917917
 0.010607521943403114
-0.0007144868078986857
-0.010452067666262964
-0.01262686383978116
-0.009726357116187266
-0.004133023016378509
-0.0008498267869793824
-0.004109687717811193
-0.008834969439165473
-0.010272388272229673
-0.010855756135021228
-0.010246719501065985
-0.006373154704784403
-0.0034516467278231447
-0.002844943566464281
 0.0014369789341826464
 0.006302269583922909
 0.0051892034417546085
 0.0039221281082256546
 0.006246267100515325
 0.008698747085605522
 0.010122165655695077
 0.010805873412734257
 0.012306296578504135
 0.01443909081789118
 0.016492546989001537
 0.018193648798059514
 0.01626853419235328
 0.011606256231101071
 0.007702356863670219
 0.007202994014348117
 0.011683261685686772
 0.013496370179370679
 0.006171599985656452
-0.003909001344374705
-0.009693679624482504
-0.012169493762932856
-0.014946325866315377
-0.016269404542157282
-0.011875475356884439
-0.0032719616077540314
 0.006484287603984819
 0.014847453675688772
 0.01908737366960097
 0.019715078084327202
 0.017395606609833858
 0.015356151846905329
 0.016532222321779297
 0.015155473776220806
 0.008526078416225845
 0.00432116108386283
 0.007735031778658863
 0.01506213601757303
 0.018167988329647784
 0.012721663576014126
 0.005186880848626306
 0.0019433542259691128
 0.00048726761213392644
-0.0021915586422009137
-0.008085910134338254
-0.017751153342214963
-0.02710604469477401
-0.030454577584268006
-0.02521826479170437
-0.01820151240810786
-0.01859353551799679
-0.023269814314827234
-0.02413553236177996
-0.018390522543206937
-0.009341315528169213
-0.0030969425739722847
 0.0017566807127861184
 0.006792314862061645
 0.009051116621652852
 0.009398804324814283
 0.007700036560956254
 0.0022817134784790874
-0.004343014936323122
-0.005533085674171746
-0.0007914690720392734
 0.002354052274173825
 0.001245653077198261
-0.002700248796967314
-0.007805886551530458
-0.01170278550117219
-0.014127263242502335
-0.015765360718854645
-0.014320940895397743
-0.008251578385928812
-0.0035472973453383114
-0.003911318784070764
-0.004877376152667548
-0.006359130965062847
-0.00973799899830969
-0.009250302939365865
-0.003239277244806271
 0.00255240202569422
 0.003747140281339184
 0.002452063276653746
 0.0055812503146922335
 0.01336338170989921
 0.01765463810093163
 0.013020361810835906
 0.0059919426368611126
 0.005821599423627644
 0.011671615509037475
 0.018919381679674954
 0.022323918484085492
 0.020662486281769442
 0.01637356393593698
 0.011335596886668665
 0.009951847923321051
 0.00842809060419103
 0.0016516864706245596
-0.004198329042181689
-0.00529972782136813
-0.004324335989782269
-0.006625139683504623
-0.013567220371413603
-0.018871203296668485
-0.017006758405864367
-0.006550467415213507
 0.005308240605857752
 0.011806962073059375
 0.014618796837991083
 0.013974758687693815
 0.012763686696477837
 0.011795295855284674
 0.004804212242851852
-0.00827723484611547
-0.019113881297371606
-0.018959871819709175
-0.009310962347403497
-0.00024075407899842166
 0.0033154584441763904
 0.003408797634333119
 0.0031007795379136213
 0.00412284082142695
 0.0047412113457676805
 0.0042418484964455785
 0.005116901006387377
 0.00662432458994637
 0.0105375584203663
 0.017218290750085054
 0.017754989733552717
 0.008764120106027916
-0.0026558944943215687
-0.008335566507592557
-0.00722950021060979
-0.005320719340474581
-0.005990425689331946
-0.006725469270887765
-0.00468601393535565
-0.001927849040140532
-0.0022312001913672858
-0.005057035219273642
-0.0081628869587448
-0.011161398958782792
-0.01058036399598403
-0.0042729872816850215
 0.0005619682243023921
-0.001587159750655695
-0.005803744446000576
-0.006755800979019122
-0.007528180122116913
-0.011772766488618285
-0.018292488636583688
-0.023444795843074302
-0.023078440359141885
-0.01937521906239556
-0.017510774171591442
-0.016166693669778593
-0.012122785373961747
-0.0056380647423383695
 0.002757769945714812
 0.01092959126451614
 0.012560688895682924
 0.006727007691051293
 0.004610548332442434
 0.013153391794067139
 0.023826695736180716
 0.028544977612349462
 0.02745057925095215
 0.021056864623190903
 0.013419409101562654
 0.01094826190830505
 0.008642791269389945
 0.0029934543998718158
-0.0007261006324455477
-0.004711671540749474
-0.0061864259353556494
-0.000210402329741656
 0.004944238921948903
 0.003294474082614726
-0.0008334386540679792
-0.00025940410905833655
 0.00315913353093044
 0.002949121283558634
-0.0006000902492234658
-0.004520323924828942
-0.004795673404899205
-0.0014588073057834952
-0.00024073432417480445
-0.0018554970745633878
-0.0031015711547249733
-0.0035962670588543383
 0.00010462076529561826
 0.008866810650979412
 0.013097396754506128
 0.00945717979046546
 0.0035581613531353723
-0.0008357672595338955
-0.00232452248971831
-0.004230969314653568
-0.007731177922911826
-0.007416158836099633
-0.0012511239501793933
 0.006650014547442622
 0.011043943732715472
 0.011480303394539086
 0.00863113364066899
 0.0021207453830890816
-0.002074838058888445
-0.0015521399109990133
-0.003715268721535346
-0.011210382414784812
-0.016936723879983274
-0.014439907915561972
-0.006842120855468495
-0.0018904917196624071
-0.0006910865188247059
-0.00015672100795341426
 9.996126394944821e-05
 0.0015257133066353679
 0.004832244261998221
 0.007534405814900384
 0.007592742916111506
 0.005219601571901579
 0.004955919454813176
 0.007240389412964503
 0.005074927129831812
-0.002518192412465349
-0.006636771258762553
 0.00013029955702201224
 0.012649380322866936
 0.017736350869262667
 0.011732326165095779
 0.002939801708262711
-0.0024248515044978727
-0.005540037134354532
-0.010692344340845136
-0.015993993793503646
-0.018584148089176293
-0.021907012780110185
-0.021239639331245605
-0.012328107199393916
-0.00587372171152338
-0.006793109628192701
-0.007915509660746497
-0.007997180915317776
-0.010192978342203323
-0.015412956253988759
-0.021447316101908503
-0.022068019526242027
-0.015496960408552828
-0.0046813146380604645
 0.0032291577499470453
 0.0036165144872468205
-0.0003877242018280949
-0.006139733865586652
-0.006123399271110254
 0.0005083301340846613
 0.004015539732735621
 0.004041208217597521
 0.006703700736361326
 0.0139257987084387
 0.018641747112011067
 0.015797244303333728
 0.011536323628657738
 0.011634329764007217
 0.01365511731876834
 0.012462713108323344
 0.00827879702932769
 0.0009750280889808255
-0.009765945985824
-0.01771375336276991
-0.016953041010050397
-0.009929288208664764
-0.006361408322508089
-0.0081488480450283
-0.00803450760150421
-0.0031132136094509863
 0.004160220759746605
 0.0072987416881705736
 0.004255893708801493
-0.0006140633135279447
-0.003654577820300646
-0.0028191943444971918
-0.0024668396961430167
-0.0036872455777445037
-0.003446897614016252
-0.002513508289165113
 0.0034975174053944805
 0.013389108027722987
 0.018002383637054926
 0.0165322961876415
 0.015190549731028603
 0.016658304280449246
 0.01613794017775977
 0.010430266493332306
 0.003744867791024384
 0.002179107965159653
 0.005653648947461384
 0.010523606542394405
 0.01423382825692985
 0.01392814363310673
 0.009118856898283005
 0.002916487023424383
 0.0015280711148840179
 0.00641202954539527
 0.011279653667731912
 0.014131157466801963
 0.017293013121189665
 0.019253130388445096
 0.015001543604154607
 0.0018547592824888284
-0.014012854086548291
-0.024282466696885704
-0.025428201455403233
-0.016904025774549525
-0.004179599420223744
 0.006729385254123546
 0.01134032739085912
 0.010899301356446345
 0.014149828969496243
 0.01772237580084566
 0.014964211478234131
 0.007833119510018902
-0.00016602426404721538
-0.0018181225759777778
 0.002519803266982111
 0.004164901733727126
-0.0006607193092712099
-0.007985489502985426
-0.009924604944269902
-0.008643528202559127
-0.011138010121780471
-0.014257862696829875
-0.01540359745534741
-0.015872625160916663
-0.01112634161359144
-0.003414214396275657
-0.0031948676859147734
-0.007656467003878863
-0.00777080687479937
-0.004093253776613147
-0.00453194633842955
-0.01243075079085161
-0.019533841087910363
-0.020198880491574978
-0.013914838503239706
-0.004580947831444429
-0.001104073376546319
-0.002739837380302257
-0.0058130205034242
-0.0086435224765233
-0.006613401031376677
-0.0009943987330078147
 0.0003193466250521887
-0.005736014476234917
-0.009709918021556973
-0.006461723881103457
-0.004968301133122702
-0.00834483569377318
-0.009072878857539875
-0.0036288870038990173
 0.0054156530659459565
 0.01432018478000853
 0.018961462060496953
 0.019393154777127816
 0.01624996747611468
 0.011018322201347373
 0.008451502631638463
 0.00636071147158971
 0.0024264769604060016
-0.0007237107583962579
-0.0017597723048842426
 0.0006460382282785018
 0.0034928750821557955
 0.003455539806915618
 0.0018384435839306629
-0.0019231139551214166
-0.005285647680193656
-0.006167700035320994
-0.00813715062035833
-0.009952592014035016
-0.01051495862345921
-0.007068419312313948
 0.00407857956686343
 0.012880438486685575
 0.010563300484788603
 0.002683163813137532
-0.0025368140986479146
-0.003096847235475722
-0.0021097880409080005
-0.002634819088790215
-0.003318526273225826
 0.0006670452076816824
 0.009163219217378914
 0.014520872584953964
 0.012117396096991188
 0.002839509340112456
-0.012820424967847431
-0.024896145367777834
-0.021685286788866283
-0.010094928116377966
-0.0015054152028257939
 0.000564375276459167
-0.0013817405826144283
-0.0017527624391360033
-0.0026464821572452085
-0.0070544116054927185
-0.008650506575110309
-0.003992894986447275
 0.004437941790551507
 0.012497756424726912
 0.015981631297414152
 0.01634798678134656
 0.015636277925754477
 0.01670034171600252
 0.020688246669506402
 0.01993686877977597
 0.012663434983181968
 0.0053176635361003935
 0.0035232233957910586
 0.008033826210882576
 0.009856268594951964
 0.005032981024550007
 0.0009540712123911471
 0.0019877998588863424
 0.0064353989138757756
 0.009569252897107
 0.008985885034315445
 0.005476342535671697
-0.0022287836912513875
-0.008309812991098592
-0.00563565310935292
-0.0031178358915642593
-0.005511978489141554
-0.006363695700516037
-0.0034911906480786306
 0.0035558968792707424
 0.009214568211777956
 0.00870353799947398
 0.005369005945558225
 0.0037542431951696417
 0.006806425637527806
 0.007903158044125079
 0.00444028499740879
 0.002662179165274073
-0.000516010224684664
-0.005838660930710532
-0.00652703506033888
-0.005836326885510577
-0.012199706369518962
-0.02111590487395982
-0.021841614565130143
-0.015275222392633691
-0.010680614564072731
-0.01249138901255668
-0.01590292566215275
-0.015100210802698525
-0.00831447220614297
 0.0005480570011848832
 0.0031125436709010038
 0.00046171908772265485
-0.0018110829348432222
-0.003337173726569609
-0.0015263987054820877
 0.002132486611933153
 0.0012994371813296463
-0.0011250405600004912
 0.001007753679386554
 0.006645423758526413
 0.0091865757022788
 0.003084545149064234
-0.00631934912801866
-0.012041023648024368
-0.01449817000570374
-0.01557390058633007
-0.01722133195306788
-0.018213057520224767
-0.016682299210702047
-0.011543992267186092
-0.0022684384103001526
 0.005504359094521329
 0.0061857333789641505
 0.0033062284813411974
 0.0008490821236618318
-0.0033628356264903125
-0.009376194221042689
-0.01414581192172807
-0.011508987601524367
-0.0009103547824947308
 0.0084795392316135
 0.011790737132169105
 0.008855228892233197
 0.006353746555222729
 0.010089636468318293
 0.016516020285032337
 0.02500519387694046
 0.029949822594957418
 0.02252704655219552
 0.01193541472355858
 0.01101836027948564
 0.014817253952683282
 0.014882591471683526
 0.011788407095194228
 0.00780050271429393
 0.005539368054709927
 0.007044458165672542
 0.01037899079219188
 0.012360109312814657
 0.011317047348537557
 0.007868175137399507
 0.0038102665786080084
 0.002722868634999806
 0.0035815868367670006
-0.0009663509672629064
-0.006265666947325034
-0.003143480327075683
 0.002930549127585995
 0.004977004880907229
 0.0015631347587147862
-0.005383612874386948
-0.009504525193280527
-0.007913096596252094
-0.003369825164811352
 0.0010964416709490707
 0.0038242714224113253
 0.0032829060663545004
 0.0019831621164763183
 0.0031078961942300823
 0.001129111718807252
-0.00727372281443146
-0.015247198389937478
-0.01684562683215144
-0.013434089609951787
-0.01123129119267353
-0.013492425852257538
-0.016712617748950994
-0.01634859573761496
-0.012129676997070113
-0.007796418099302975
-0.004970582498793029
-0.003101470662796174
-0.004207536387175359
-0.008405453301749254
-0.010412239448328565
-0.00789208875794353
-0.006081313736856005
-0.005024250364397076
-0.0013560311565963476
 0.0015398086218047988
 0.0015281415451247199
-0.0009033366139945403
-0.001981400667217248
 0.00307523473542564
 0.010983373650836778
 0.01298082647963418
 0.006748121461022695
-0.0015963762573066795
-0.008937480759195517
-0.01021155651051358
-0.0035564923793549447
 0.00011872724623491343
-0.004356872907307428
-0.010570910145147914
-0.011959326053688275
-0.008904810138733746
-0.00315046642977522
 0.0014418079261893577
-0.0001706213516028468
-0.00187405606065362
-0.0016757106036600841
-0.003834172469003666
-0.004923903885208233
-0.0028634472963087604
 0.001894503613998337
 0.00884591876489639
 0.016786726296656763
 0.020041920854899406
 0.013265516721332929
 0.006241764492550879
 0.007550842905418131
 0.010677696470860233
 0.009123604007977362
 0.0056187284545263505
 0.005931414068742175
 0.006594120572414007
 0.0035536060656412988
 0.0019038412263071222
 0.0015164850616109296
-0.00026628771571653165
-0.001997724095923782
-0.0036941583871854325
-0.0011530064434330453
 0.003891961596227976
 0.0021558582708279816
-0.0015310281451401536
 0.001558489858759976
 0.009247282350112025
 0.013949229918106154
 0.012353134948488567
 0.009286952243155747
 0.008929931222212417
 0.014236248192667243
 0.02183870219795348
 0.023735815705106814
 0.01912487414097483
 0.011055726189017512
 0.006027093030134691
 0.004951362449508362
-0.00018694392140401056
-0.011534620871265916
-0.020775172066602673
-0.019414757256615203
-0.01257768226293944
-0.009810183477338828
-0.012299998451367426
-0.016143227531292572
-0.018350692321159993
-0.019909451729235608
-0.019837113792446247
-0.016864269418364778
-0.013606741387525767
-0.011142594039453693
-0.006678660676289649
 0.003205929528249739
 0.009832991988251896
 0.0031522602311367387
-0.004496862653473377
-0.002067717394346913
 0.0038663037045323645
 0.003681959655720657
-0.004324184536134583
-0.008804451634869665
-0.004877216968871487
 0.0024078847633079645
 0.008841268997811139
 0.010383694670315725
 0.009744323465211216
 0.010257687722715146
 0.014222257950255293
 0.02323179593115466
 0.02913548188628108
 0.02440553321973405
 0.013575887186267038
 0.005940765137235154
 0.0042279965377989
 0.0027112396364579947
-0.003318453266268999
-0.009215138231002708
-0.010675891790030652
-0.008074069558772549
-0.0015356790574325777
 0.0024942284028060258
-0.0006909614049418339
-0.005941274460480123
-0.00776604974454231
-0.0032017770597342066
 0.003336613441605768
 0.003450953885129858
 0.001007808363028724
 0.0018011893320974692
 0.0031196016353502096
 0.0027462463062322626
-8.658913946321678e-05
-0.0015520096436838979
 0.0016588489352276428
 0.005415740101690561
 0.0053854052442394995
 0.0016985188282713712
-0.004186498773480478
-0.012026966410993212
-0.016084874969784706
-0.010855562595010197
-0.002312719133385495
 0.00012342654353009186
-0.003414117626270141
-0.006482633804199334
-0.006088276649110443
-0.004209830922728093
-0.007297014881428265
-0.013275371387035051
-0.01219730676120876
-0.006426628744075624
-0.002270713763632859
-0.0012043165007884424
-0.006508299426043321
-0.015837522580042264
-0.021498526812542263
-0.019916432105899332
-0.015555171536975707
-0.014899465451092997
-0.013387374922341266
-0.006865318729175902
 0.0010288193506569968
 0.006535814964399943
 0.0041883418187501215
-0.0023220464388297862
-0.003885472792098152
-0.0002242540020865394
 0.005889444486713476
 0.00999402307003603
 0.008136579169624611
 0.0006437989489715135
-0.007250338558257807
-0.006069601138191084
 0.0001234354188856257
 0.0006904695461061455
 0.0031662842571600833
 0.0109367482893852
 0.015106664105406196
 0.013445231903090153
 0.00841426527161096
 0.008094579812209603
 0.015043661490511291
 0.021843400922645077
 0.023308821999469348
 0.017307130767898832
 0.008094581243718563
 0.002151226827057373
 0.0037053198625438336
 0.013090546931459314
 0.020711668717516535
 0.01667476141209239
 0.007329203949918844
 0.005443758378350948
 0.010127038165574094
 0.013468571209882547
 0.012420842300412703
 0.01129377532266615
 0.013564244445239237
 0.018067846842541625
 0.023420833264923932
 0.024015869063300936
 0.019516934183794868
 0.015536030220683693
 0.013981937757800815
 0.015155674760078418
 0.014173283083307016
 0.005247750688480671
-0.006781300259522265
-0.01434875160325931
-0.01993041776748262
-0.026837496366446
-0.03347389214423008
-0.03621805563126337
-0.030578052079527143
-0.019760072836438405
-0.009467124927533682
-0.0029334013713864515
-0.004830514305936215
-0.013011668942519455
-0.01788162596484889
-0.014400084564758029
-0.009138103573634284
-0.0110655516519369
-0.013847050700512162
-0.007467336335725581
 0.002400919560639196
 0.005607111194357993
-0.0003409101674959336
-0.007635345217457297
-0.0068116291046357025
 0.0015072009877371492
 0.011788481533660009
 0.01795351641958024
 0.015986399307139285
 0.008369945038878397
 0.002657604409258177
 0.0031126318518527735
 0.004942074653711291
 0.002545598583537631
-0.0014516396877481616
-0.002378028022206602
-0.0025740394340001693
-0.004620494614717821
-0.007514000347919009
-0.009376111193523162
-0.0060065764780582315
 0.0034299869879774736
 0.012679872646303297
 0.013886278264930128
 0.005693456265365014
-0.005581883034009319
-0.01166291233385653
-0.00881374200738285
-0.0052598629568044244
-0.009807800760834325
-0.015727820451531777
-0.013618360938108455
-0.007747343599331269
-0.00605557568065878
-0.0059179005111709634
-0.0027257097130303984
 0.0005714873519469602
 0.0010055135411742022
 0.000760499204856796
 0.00204857636435668
 0.003376322557994922
 0.0029142952702147853
 0.0030986398916300756
 0.007494902549499291
 0.011384801653955494
 0.008978991693396339
 0.005114761360103831
 0.005147430262754847
 0.00740856549494244
 0.006440174653749277
 0.0011735272900363775
-4.454511896873764e-05
 0.006456509820829265
 0.013330920376047002
 0.015627057697180195
 0.016016747907076335
 0.01701547446462593
 0.01756150733847909
 0.017582508878148245
 0.017164817569699203
 0.012138517883412754
 0.0010545233369410392
-0.007866342112692565
-0.006386920200290053
 0.0015422199684884466
 0.004260715829565213
-0.0015846327380482847
-0.00915908449957445
-0.012589288929941517
-0.011597562790181041
-0.009553440509456178
-0.00870638967067085
-0.011749237650039938
-0.018453304133118836
-0.020453089861909024
-0.015842147725173453
-0.01284830209772463
-0.013370999673010472
-0.012304602410166052
-0.011002524415087919
-0.012505280480850572
-0.01587248115111556
-0.021339807158116567
-0.024270648452859735
-0.02104578903836994
-0.01605915781361826
-0.015009094858948451
-0.01639984424008519
-0.013840024515561811
-0.009980460554858468
-0.004160779613201486
 0.0043703964854413385
 0.0060668313493065715
 0.002137263783315607
 0.0013508838046395744
 0.0077469324776007695
 0.017498514744146876
 0.02154475651256009
 0.0162244392791306
 0.00770259764347684
 0.0067738758364220344
 0.013846631562331513
 0.021656764628694973
 0.025906018512992672
 0.024935294199203144
 0.020702375195683638
 0.018996607014036493
 0.01984365785282182
 0.01292024494568382
 2.0808719233628148e-05
-0.005507187575273097
-0.002947367850749713
 0.001703243320124198
 0.003028656041166068
-0.0005112216012305507
-0.002933365869964309
-0.00051355450122334
 0.0033156743157271573
 0.001294887333569604
-0.006032216332740981
-0.013718674778893072
-0.021157785129829583
-0.020933771474275942
-0.009866110663375262
-0.001274264277226718
-0.0032460483348604324
-0.007112612140749309
-0.005117492784548289
 0.0006625191229703425
 0.00573082188859509
 0.00695122834280016
 0.007623268736857473
 0.011410495047073248
 0.015218722610656377
 0.014866368534905791
 0.009105024980761732
 0.001635579486072368
-0.0024456637986828705
-1.842313817820851e-07
 0.008082965128757363
 0.015683085661447223
 0.017164841046446097
 0.014276002258437663
 0.012563233659001395
 0.010078085630165552
 0.0019062648839678065
-0.007789313467661759
-0.012759609811635243
-0.012899617881115856
-0.010988503538384271
-0.011763216154078444
-0.015536441056112387
-0.019935036613974402
-0.025176015779127196
-0.02707312871367696
-0.023771264703506843
-0.018908307526362952
-0.012946284756327198
-0.004422109075473489
 0.005432145985313046
 0.012273887924181555
 0.013223611557207311
 0.0118561969020343
 0.012430231447043943
 0.013386955497858816
 0.014621362787642124
 0.014397349704692072
 0.009954418167498966
 0.004365751585486542
 0.0006275287723981893
 0.003185015024325194
 0.008150644995709513
 0.005527822083687642
-0.0015075975080762818
-0.003057023025766402
 0.0034977017837481833
 0.009028032123454863
 0.0063095368349816786
-0.0008028873524625613
-0.005234151526673801
-0.003213363971912672
 0.0025829822437805697
 0.006484548711218639
 0.006888239756693018
 0.00460610384374166
-0.0018296132907543103
-0.006071866184659297
-0.003526047295714159
-0.002268305279967124
-0.002646327554277815
 0.000916885386686106
 0.008411999652539165
 0.01307427818639495
 0.008325661739076937
 0.0003895217251128902
-0.0042167528938263435
-0.00578484619228746
-0.007282935312857373
-0.011679197398123013
-0.014766381356823188
-0.014164345140657068
-0.008232657514374169
 0.0031430216792477997
 0.009312723510360783
 0.004624777350548469
-0.0034793726903544486
-0.004076741388724242
 0.0029073423785230465
 0.006885913441641439
 0.001010229730275078
-0.009359722201706382
-0.011821535504578498
-0.004559768498362773
 0.0039947423262437845
 0.00531082115690016
 0.001115237714922633
-0.0030056746039709495
-0.007639950894066671
-0.006918907575485505
-0.0015309190641576084
-0.001395577367266157
-0.004713775113007301
-0.0030103398313529456
 0.004571112920565924
 0.01000810435641767
 0.00937573356910227
 0.003924741870275875
-0.0014305774520992215
-0.0009522152835408845
-0.0007748710799147171
-0.005985515101314662
-0.010251102721183385
-0.011665186828283863
-0.012750251299295683
-0.01232322552785757
-0.01153917844917432
-0.013580966684699231
-0.01888728308255048
-0.021622112679198283
-0.015774430066384824
-0.008008632979352458
-0.00824898037047712
-0.014862041422297464
-0.020576715524514053
-0.02411892663950704
-0.025841029129328792
-0.024179596354409166
-0.018245575255529892
-0.009355044377045565
-4.448843121402507e-05
 0.012383586903372337
 0.025439366366383137
 0.031191376602745284
 0.028314205177718703
 0.022928550711590764
 0.02230551381466086
 0.02003737873728774
 0.012105905668516444
 0.007791315124123878
 0.009798101843306761
 0.015879131715757562
 0.020443404400565662
 0.01757089992073184
 0.012626271775318457
 0.010626486046528272
 0.010477144086662164
 0.01275694709962074
 0.013071966186432929
 0.00491181280321705
-0.0077519426909994395
-0.014610018365438977
-0.009492712675290383
 0.00013286207105155795
 0.0020113077974339144
-0.003089663011936486
-0.008246637163619838
-0.007917617241229406
-0.003638028213178851
-0.003283340092228311
-0.005845492716744477
-0.00901901516151047
-0.011609169457183117
-0.008031955680640954
-0.002954319024630704
-0.002725638423884326
-0.0015238997504502458
 0.004424122184007263
 0.012161917599883151
 0.017428565536199633
 0.01788592645139061
 0.017792587833837463
 0.02258320736049379
 0.0301529927494308
 0.031142385416594892
 0.02425164112580612
 0.015715798654574127
 0.005250174346141355
-0.0020325933408381416
 0.0008235774034246537
 0.008024674122134659
 0.009819114835047577
 0.0052291745242829465
 0.001266938341942761
-0.0003968273329696681
-0.0022846063771339298
-0.003955372469835475
-0.004037043724406747
-0.00478842161413718
-0.006680867603494189
-0.006253841832056073
-0.00406971119554881
 0.00041288994838622334
 0.0031243853916738742
 0.0012249389845277459
 0.001332279010262713
 0.001444285981190424
-0.003024313754562788
-0.010300081023753162
-0.015118701648962382
-0.015480389615098459
-0.016315772518298337
-0.017153488894094585
-0.01536138165377805
-0.011128462077654961
-0.0027092926636380563
 0.0063725829677488965
 0.008517044570117809
 0.004221121806496232
-0.0016288937063100167
-0.003453668990372201
 0.0017849772747878037
 0.0073013067789162445
 0.006895282833449069
 0.002036993174101505
-0.0005648284845530052
 0.003227064770855506
 0.00457581221786111
-0.002993972598472311
-0.011889169849545807
-0.01621309428432387
-0.016840798126446514
-0.01599141381506482
-0.015065024908002798
-0.01620142577613484
-0.021038714182115042
-0.02053235034240023
-0.00868530968431084
 0.004239795313303048
 0.009060749983712223
 0.006521932085159783
 0.0029353849908357113
 0.003096394886287261
 0.0020696672301847713
-0.004930750272633552
-0.01144813894800258
-0.01244919840554496
-0.007511570105317122
-0.0003314746399744675
 0.0025060283235173383
 0.0025200294453973718
 0.0013766281594762078
 0.0017103150270594003
 0.005868563480098531
 0.006563938600119591
 0.0017336506119285042
-0.0037943456825782138
-0.006624847655677328
-0.0039786894450881335
-0.00016579493631225378
-8.412310913739202e-05
-0.0002661336853527277
 0.0005622493726616107
 0.0016029784369459218
 0.001182953655900515
-0.0012485245032187522
-0.0024665969122238535
-0.003925016998655419
-0.0023569231275907265
 0.004799837611788198
 0.006888295871844148
-0.001472536154659844
-0.01023705894033643
-0.010584746070894269
-0.006692513493841697
-0.003740670373127593
-0.0029962923285827003
-0.002580933920126441
 0.0005062506111773099
 0.00507752371377454
 0.008862416551393935
 0.009644130157480807
 0.008631403336956549
 0.006759958600966905
 0.006512610792053113
 0.012019606405796066
 0.015839501332361054
 0.012964663379930859
 0.0076956825436215875
 0.0037917831761907217
 0.005338875793888066
 0.00862673896847993
 0.007516006298908001
 0.0048161787912058
 0.0035911059644115756
 0.0029470678141143153
 0.0009052795785894074
-0.0031292942542383573
-0.008608287624221236
-0.013170226263829389
-0.01256585657506689
-0.007588559240700704
-0.00655249712160913
-0.013655587418667882
-0.019997965649308908
-0.022128425843496006
-0.022585786186083392
-0.020917352993374647
-0.021288374849896215
-0.018436871050826163
-0.007856906012567517
 0.003717118351746193
 0.013592374665900082
 0.019724740935471094
 0.021171494231524368
 0.016469547236133822
 0.009763147280458545
 0.011417579637589062
 0.016406544334937115
 0.014040403408516311
 0.007308335254280929
 0.00470418012303004
 0.008176387632735406
 0.012017283812667763
 0.012539981960557188
 0.014756781213413686
 0.02107815876329093
 0.02592711510485659
 0.024641371990556653
 0.018714351882070088
 0.014418429118448504
 0.014119744912414502
 0.017505613936054057
 0.02373598605467274
 0.024524700078548733
 0.01554316434140942
 0.005637573456106264
 0.0037264596859782617
 0.01060553718638875
 0.019668745037004706
 0.02357964539482827
 0.02153085674151424
 0.016670233609570304
 0.011977620504565245
 0.006099603320602519
-0.002683587245845054
-0.01169079118154447
-0.017127782044792633
-0.016168724521381385
-0.01113075689950949
-0.007842893724917616
-0.008400593389149058
-0.007975901090307318
-0.003514301199739639
 0.0006322798903176247
 0.0008142910391365429
-0.004515360084678441
-0.010293037946997114
-0.00972833729237297
-0.006564148165388882
-0.0037943159071919044
-0.003740645751173527
-0.009529990976474067
-0.015204996044552308
-0.013473559091741482
-0.001948537651951611
 0.008836772974787889
 0.008738767412042006
 0.005154553790314299
 0.0037661378817739344
 0.0054182367663080724
 0.005110218669888582
-0.0023918954411500104
-0.007978228550566069
-0.006566477343458388
-0.0033836204357033245
-0.0021725478718837496
-0.0034326227876235807
-0.00806923255031567
-0.014080257672271685
-0.013989251954711329
-0.0059854406628488815
 0.0012249899462466254
 0.00039894093343224163
-0.004155997288386781
-0.008899946790512054
-0.014105923866719248
-0.019554582092949278
-0.024867898908589647
-0.023404811304361756
-0.018212834491129214
-0.017186106262423142
-0.01856518828057801
-0.022007060073926936
-0.023169129140619086
-0.01790481467689897
-0.008321242437291751
 0.002741751428416192
 0.00728035591466418
 0.0019110357567108521
-0.002914585286287491
-0.001145812771934679
 0.00015626522314345082
-0.006186113007497572
-0.01863052207765497
-0.027133695932537734
-0.027605057110703365
-0.023278798630725343
-0.01765746285976011
-0.015116310916007715
-0.013492213702630061
-0.010258020397754777
-0.005203718467708271
 0.0032854551241998445
 0.009035131887965626
 0.005721601087417226
 0.00024027424483797494
-0.0005461057338380648
 0.0012063324723401367
 0.0014886829428030976
-0.001535497255794993
-0.001220478168982804
 0.006692327691621092
 0.016604919567316953
 0.022179585886354727
 0.01947275796086341
 0.012605348396038378
 0.005086899976825168
-0.0010267979393712712
-0.0003687583808921896
 0.0008516480733128801
-0.003327601060490043
-0.0029939141929068505
 0.006645661389013326
 0.015333180151613175
 0.015431186286962655
 0.007765729094177921
-0.0019391831478371285
-0.004821021518056454
-0.0009847922833168404
 0.0028981064033502327
 0.005712274640878312
 0.008087750030288193
 0.010677904898564426
 0.013898097367861469
 0.017949006081467433
 0.017122957068653043
 0.005385590195196792
-0.003257592015468387
 0.0004106271923323482
 0.008225427203888552
 0.014605141568675137
 0.013221392605327523
 0.005849952959685836
-0.0008844486671459179
-0.007488175828580759
-0.013902891709709361
-0.020100594639375243
-0.023796814945728866
-0.02481654218404224
-0.025077890828534264
-0.021827363215484372
-0.01941221879193614
-0.022406063846781385
-0.023024433798518533
-0.017389097191975057
-0.011714091551293226
-0.010892708911068014
-0.015793001077150294
-0.020224265251361534
-0.01692240124119142
-0.010850705259126125
-0.008790248670226646
-0.012362794928972486
-0.02032460314149663
-0.02624928977738683
-0.02407215955866868
-0.01460292747628375
-0.00789186000281215
-0.00852423079012754
-0.008629236770662553
-0.0031875783896180565
 0.005317929510464663
 0.009266165429830199
 0.006311989409123302
 0.0041605279615688495
 0.0060203059071802095
 0.008171767927338251
 0.007933754008809954
 0.004918907700597358
 0.0003009657186762438
-0.002837554637144142
 0.00013295626434094848
 0.009961543126567378
 0.01829670752711484
 0.018581391470174187
 0.02102453756487889
 0.03517004873039606
 0.05136901578072179
 0.057622722625304205
 0.05207839202262288
 0.03997000300634325
 0.0288183377545767
 0.02326700673410624
 0.021729248579397988
 0.01864906503848693
 0.013650767023356963
 0.010017550477105418
 0.009917211441763156
 0.014194466997217332
 0.017603670746820614
 0.01689896230901765
 0.01607291329620327
 0.013793110855848272
 0.009014159264777409
 0.00495158376079316
-0.0005204091914005962
-0.007380818338436519
-0.011795748204473138
-0.013627523906324449
-0.014889932294660645
-0.014717255036227221
-0.009933635927360025
-0.0016381405609509
 0.008643139984971952
 0.018735409250588572
 0.01888008483786551
 0.009147170924693977
 0.003187482199858184
 0.0034021619650263235
 0.004888584295217949
 0.006258332995590914
 0.005761303618865177
 0.004389222018499429
 0.0035958416220342668
 0.00317581684098886
 0.0039948660086176965
 0.005754304632585014
 0.005455620426551011
 0.004195545510811187
 0.00695604387862267
 0.012988070826549625
 0.014591166786559924
 0.006538353142777217
-0.002895876278058526
-0.005175678718413519
-0.005339021513857858
-0.010825015301629867
-0.02042025433161537
-0.025822243105917932
-0.024055804064161496
-0.016735700243036448
-0.004762652064742891
 0.005448624303288761
 0.007950107212902811
 0.0054649591840669615
 0.0037871926735763006
 0.005413623359550326
 0.0040578760673591965
-0.0058033788386128785
-0.015321613272918061
-0.018548805587400644
-0.01895249606027144
-0.021129625706386
-0.026767295212922274
-0.02768901660218796
-0.02060459351329662
-0.010276643515446292
-0.001876141882200373
-0.002289166245456664
-0.011004686106609412
-0.02035491051397571
-0.021722325169148717
-0.013055807659916228
-0.0058850460849590724
-0.009655937514396643
-0.018016769540900642
-0.02486784479755106
-0.028540730377940957
-0.028174374894008543
-0.02943911675494112
-0.029609459968174583
-0.02453882372995346
-0.020770265200508675
-0.019563859581881848
-0.020168228698040764
-0.023274080437511925
-0.024660162873455918
-0.02044124413291107
-0.013468827728645653
-0.012547105766776378
-0.01898282290127234
-0.021792323621004087
-0.018665470055561982
-0.013501494913485918
-0.0051593300951493365
 0.0012647202489683498
 0.004750928594251948
 0.00850081934292575
 0.012278711762756023
 0.01768770152745129
 0.022149301418018963
 0.025476833626749178
 0.028059988077236288
 0.028629355677053187
 0.030143779678401296
 0.028463679695314263
 0.0201705183741051
 0.013811805835289452
 0.015841927280436083
 0.021488931249961422
 0.02166860892618397
 0.01648363310334413
 0.01495054189382862
 0.018033059479939627
 0.020665216854950583
 0.02052520878546997
 0.015111552648185547
 0.008050464857861518
 0.004834939906360809
 0.006456703647142084
 0.013263443497065
 0.018537091851170605
 0.017281683880623525
 0.01538690441867014
 0.016558307948351364
 0.017867386361218623
 0.013571463597597033
 0.0061323532466605254
 0.005103292117961657
 0.008846182448846336
 0.011637015960410675
 0.011455005384195346
 0.00627702997914463
-0.0013930941588328472
-0.005791689716694859
-0.003574890463838361
 0.0015050796647682538
 0.0014747448073171923
-0.006260716563358741
-0.012194737089634426
-0.009492575536732276
-0.007016760825678335
-0.00836317422748398
-0.008948875562871904
-0.008643190366445203
-0.006897752578056127
-0.003693894416933699
-0.002209805559338446
-0.0034768808928673928
-0.007021425480456752
-0.014630879330928517
-0.02225433401697853
-0.023964769143818412
-0.024508467972471623
-0.026960947384958238
-0.02538351962350805
-0.018056415384593877
-0.008363169932957108
 0.0009870550470127762
 0.007364435939202989
 0.01053329201137982
 0.010929982639065076
 0.008549840877066034
 0.002863168446005919
-0.0038105628933201227
-0.0074577802751499105
-0.009231219162091877
-0.004274923081093042
 0.007772796220284449
 0.014649540248098565
 0.014906222520001428
 0.013226122536914395
 0.00987292270222765
 0.007019086003164816
 0.004295923769498881
-0.0023614732616525497
-0.00908420752550244
-0.009632573299348388
-0.00411857726781633
 0.006491722914195176
 0.01699001641158076
 0.0211389309742344
 0.01931882263536496
 0.018331764013400823
 0.022181994083718674
 0.02176196930267326
 0.015223579373936862
 0.01204072303878538
 0.011795708702467975
 0.012057057919563581
 0.009653581431600805
 0.001414089980108224
-0.00349786954895593
 0.0010687366084485492
 0.010437629369189419
 0.018971138940428622
 0.02304304890740195
 0.022667360105687623
 0.0204785630965912
 0.020707243697337577
 0.023792094756044962
 0.02198365378015739
 0.013167794597360595
 0.007712135953341442
 0.009604582515302038
 0.01319346365482607
 0.013970510315720198
 0.009583582120840053
 0.005525673562048555
 0.006461396359496073
 0.008629192687828718
 0.010673314968553588
 0.010001275147099843
 0.0031245316918893165
-0.0044265853436731215
-0.0032551818139918906
 0.005789358255853076
 0.008465851610195127
-0.003707874638782957
-0.020410871197321743
-0.029376072626286442
-0.033403646041325084
-0.03852328463146647
-0.04146579328919149
-0.03827360249105094
-0.032113234550323444
-0.028302673514143943
-0.02693759175896373
-0.028706363700712955
-0.03265693252007128
-0.03147619510000456
-0.02404875153944633
-0.01309543088576794
-0.005730991085311797
-0.007994459217492169
-0.01080629340982029
-0.00884150919737212
-0.003906214369740653
-0.0010943796048089524
-0.006326024879576259
-0.011924025351974177
-0.015522239809280126
-0.022270642271690115
-0.030505466777989952
-0.038845297551126576
-0.0456007004313257
-0.04794350663178276
-0.042042154149252726
-0.030794815948431288
-0.023785063982623898
-0.022594992672171684
-0.019801825688010966
-0.010201919140229134
-0.0005133406337851087
 0.0005250549579028305
-0.006335354189133086
-0.01148299445043095
-0.009074850444671836
-0.001229715289362776
 0.009704937583544626
 0.01671468954935202
 0.01879614739161886
 0.01978087311359021
 0.02146797408706995
 0.028265380046607363
 0.03180759173420394
 0.02774501623021968
 0.028995757828177607
 0.03542214164489166
 0.03541280804080795
 0.0273109914725014
 0.017830092599738195
 0.013268153960130057
 0.016056653999098017
 0.024263477406844952
 0.030099492656676538
 0.027476669744654673
 0.02051125433078195
 0.013429165287090566
 0.00971894414515869
 0.015095265293504731
 0.023348758153179133
 0.02522253693436874
 0.02193467433238045
 0.01732839971344121
 0.015146603122133902
 0.014740579176666727
 0.014241216327344618
 0.01509293411132269
 0.015461623067851468
 0.01370451848908412
 0.010874016515985005
 0.010087636537308979
 0.010748009568384433
 0.008946569010285982
 0.005766046147730873
 0.0015261267264222445
-0.005686636782666045
-0.015312210956404407
-0.018492733818959516
-0.012159688906100401
-0.007714423323707337
-0.009280183149572081
-0.015365879394612033
-0.022762987238813828
-0.026806894962027084
-0.02822331254172393
-0.028309650741487953
-0.028463659646546804
-0.02825364682657141
-0.02691890021514405
-0.022263622099077385
-0.013688110021103463
-0.011230963090820511
-0.016681954789646906
-0.019559126214673483
-0.015881573116487257
-0.006916371114918985
 0.0015821363673746217
 0.003936610503417141
 0.0024711899991964603
-0.0013930403340960545
-0.0057846354741689365
-0.006038983700871851
-0.006106654119864885
-0.010061889884415955
-0.012302023290632597
-0.009550858813206605
-0.0028304574493495036
 0.002081502652318226
 0.0009964381813064027
 0.001584473561894284
 0.006715780087621116
 0.013081493616829455
 0.015554974855287021
 0.013009156538945472
 0.014644921115304993
 0.01817779891251607
 0.018065792514191936
 0.014516580981409836
 0.006251421331357143
-0.0007559965892502893
-0.0033204826863628342
-0.001964734821568115
 0.002772214835371614
 0.002573869950981675
-0.0034954919858836697
-0.005670288159401855
-0.0025947709910799713
-0.0002963001973504062
-0.0032224745469008192
-0.009770198366022703
-0.012803712455006298
-0.009697860142931548
-0.002121074336205425
 0.007509167355329263
 0.016021675673201112
 0.02041093791328121
 0.020044583001952387
 0.019491550282913682
 0.018908182420122134
 0.013291514166953226
 0.005721729350619806
 0.0030055675347429936
 0.005614390183790216
 0.008556899414118822
 0.003861952836517399
-0.007917416543673589
-0.013636757591082922
-0.009947537129914835
-0.004599217652725279
 0.0008774428172648105
 0.003843286773557157
-0.0004806376612209104
-0.006458994166827686
-0.005376262595808659
 0.0003500794419933895
 0.0031689146247142128
 0.0025225430018205805
 0.0018155010914212427
 0.002006846130625642
 0.0009404494403848079
-0.0029377817284859456
-0.006785677753603836
-0.006580331878821191
-0.0019133863997726555
 0.005707735386284558
 0.012229791579449922
 0.010960382773324596
 0.0007771086490530044
-0.01340573750540255
-0.022410607968505587
-0.021906577601387155
-0.01994179338893898
-0.020273146211322212
-0.01944476315330787
-0.016329576950847635
-0.014308789396086503
-0.017104289280240003
-0.02145621538617455
-0.023745351716915032
-0.022223927297777807
-0.018030676755793066
-0.015405519798571236
-0.01565986802527414
-0.02000012676822682
-0.02280729401536219
-0.0159025483163916
-0.0035958135568166516
 0.0031992589301243907
 0.0016941693917653586
 0.001794508999711203
 0.008869598198217053
 0.017232764269921
 0.018999203311677433
 0.013569212866218393
 0.00808555255104277
 0.002993915632057864
-0.001222669063287024
-0.0036588141675990282
-0.00673433076331734
-0.007002679825598483
-0.0033484614533759935
 0.003920305970628847
 0.012444481651482556
 0.015302985868341723
 0.015386991168112957
 0.02078431356982635
 0.03066190335657662
 0.036829271715093224
 0.033833093187651604
 0.027761397778189895
 0.027626056653902026
 0.03309338323350663
 0.03977644903582175
 0.043463336024393465
 0.043176319181341336
 0.04028981386592926
 0.03640691575186577
 0.036726601783870716
 0.03733097147263321
 0.030916255591504606
 0.024944899503686946
 0.026204974992030353
 0.030519566109026515
 0.032659360766202676
 0.029546508608942396
 0.022515755962371223
 0.01771346964533662
 0.01671707713298698
 0.015319327334061127
 0.013034857948513383
 0.011669776765936758
 0.007926887007655661
 0.0017571857491462672
-0.0013323316821502867
-0.0028560890012803014
-0.008115735947204092
-0.014838470211053976
-0.015958536771011406
-0.012075638084344323
-0.010446873925773918
-0.014056755746061734
-0.020403800921895504
-0.025208420711526486
-0.025903795258943953
-0.025402098364421893
-0.028414611200038117
-0.03270586701846696
-0.035643708730999236
-0.03731680829629715
-0.034152619169313066
-0.02821159765264468
-0.02756989240234021
-0.031004763777900023
-0.03186114793446725
-0.03009237542011445
-0.02784990796869785
-0.02963501421862169
-0.03398460685195986
-0.030846085923535885
-0.023974008840914517
-0.020695479556708137
-0.022716266538865687
-0.030776080600437513
-0.03596338989587373
-0.032719862700612945
-0.02273026622923676
-0.010099178778765917
-0.0031267623745004983
-0.0009823007721315793
 0.0027069196890365105
 0.0073621978051031725
 0.010279038836871673
 0.008598938853784648
 0.0057591029903000385
 0.011168092754995307
 0.02280278740681472
 0.03300472988446088
 0.037982027218827076
 0.03602657746936798
 0.031644316219680585
 0.03005755514044848
 0.03311907147319214
 0.038518727347501905
 0.03910209578289705
 0.032974397031122364
 0.02744640073661564
 0.026870033291613207
 0.026718357859150728
 0.022350097445041572
 0.013895926514682647
 0.005572430049720627
-0.00047593063377734945
-0.005196545409938892
-0.007681693438774735
-0.008710754567473604
-0.00974914958655796
-0.010598533325336078
-0.008979103057151164
-0.005226878835881001
-0.0059735897804186824
-0.010642868159460007
-0.013408032899860655
-0.014299419145373495
-0.0150531305077003
-0.01457943528433471
-0.009947491894231782
-0.00444983017087433
-0.0014956535775638574
 0.0006138059358594683
 0.000581137605812028
-0.001171300027762577
-0.0023707046559967027
 0.0005764715195246545
 0.01032338684087801
 0.019773951142491954
 0.02007030244853316
 0.013326566931315918
 0.00873896009314766
 0.007331876403836313
 0.0037663305628795885
-0.004725175929021309
-0.013660042214233153
-0.015407812902615014
-0.012283292809769284
-0.008598739293793938
-0.005772903693283989
-0.005446217243489933
-0.009004762666657527
-0.016044849203614195
-0.018667672115636066
-0.01454209227894616
-0.01140123787792581
-0.008944090947642865
-0.0043424827012927825
-0.003875787895716326
-0.008680407685347297
-0.017171914177248202
-0.02893728272186094
-0.03523765844576725
-0.032488827440937625
-0.02544173991358826
-0.01955438826663645
-0.017083240500775268
-0.016663215147126265
-0.016726218620926558
-0.012040605361107036
-0.006801959095947028
-0.012028937425521587
-0.02389697876437475
-0.03375590019775045
-0.038763532103265906
-0.03864219124195271
-0.036469727968427304
-0.03260083011733847
-0.026482464683345697
-0.023052259680375057
-0.023859640912418448
-0.024949372328623022
-0.02407665329127759
-0.02194385905189054
-0.018123964125325537
-0.011886591588917732
-0.006538272111728173
-0.005411204561378051
-0.0066689460045215
-0.005464873858491051
-0.002027668437731285
-0.0010149410446034512
-0.003472087402282817
-0.0036214293621489174
 0.003294983699803536
 0.01253786894034025
 0.019944311247531113
 0.022989493272100155
 0.01996764654609843
 0.017848853714893205
 0.021181052868816164
 0.02770777600717428
 0.03229071647275336
 0.02980556844391751
 0.02465092776483053
 0.02282381900817198
 0.024583257632139283
 0.02698906816530202
 0.02305250018152194
 0.014630997867512242
 0.010528753329389642
 0.011863499940817007
 0.017736850752190572
 0.02492394663532234
 0.025241299194730914
 0.01808687250055195
 0.011128457504468357
 0.007532576519758777
 0.004174709739879295
-0.004041446985649552
-0.01282230407950075
-0.012084926452744976
-0.004834826809511118
 0.0009171834268510218
 0.0009101832953637007
-0.002522354607599739
-0.004788156212376486
-0.003934104955802049
 0.005278445140981809
 0.01749184099670182
 0.02400456329948169
 0.02469293800171362
 0.020313010224622598
 0.020023659908974097
 0.027591111825314728
 0.03153234732689114
 0.027689118246965988
 0.02354720467470505
 0.023820221254782524
 0.025586660296538957
 0.024382588723112088
 0.020744705231667798
 0.019706310212583435
 0.021764433328886543
 0.02289150087923667
 0.021785435154857487
 0.017274832912369552
 0.01000139911577555
 0.004349728773661035
 0.005481463269203915
 0.011067796951223549
 0.009707382713839668
 0.003066319990862848
 0.0014632246034561383
 0.004391732998206513
 0.007581590323750699
 0.005840820053157961
 0.0012532132149897027
 0.003101323797619203
 0.008568650377223798
 0.010876455061338858
 0.011200808038536542
 0.011212475687820203
 0.010066740929302667
 0.009532375991034958
 0.013513280526749716
 0.016857147043654548
 0.010157747505768394
-0.0028466949875186054
-0.010178465599021944
-0.009795775806914916
-0.007667648512720615
-0.0056328601223812405
-0.003063706507472376
-0.0004618842762142694
 0.0005485096443171925
-9.086156078732394e-05
-0.0004992189788508711
-0.0018316315450782744
-0.0057331974399127544
-0.01053548375694736
-0.012894624265579042
-0.014075361113042181
-0.02006071803643808
-0.027868517057601586
-0.03076202279080277
-0.029361938946676963
-0.026412429298559227
-0.027719173666226525
-0.0331374967487037
-0.03623634807038575
-0.03689205358366487
-0.0367497114689843
-0.03767143285824999
-0.03950787550529404
-0.04173167460333607
-0.04245738429450639
-0.037935114116433015
-0.03422955934709031
-0.03791644576305844
-0.04390180268645434
-0.04193701847400618
-0.032554124877687066
-0.023861939169894472
-0.02034539568085801
-0.024281963664638098
-0.02660143513913143
-0.02113410855952684
-0.013832672519172768
-0.007756309591914725
-0.005285161826053535
-0.003896745344909587
 0.0005625210730617128
 0.009714400882339859
 0.021780787964488353
 0.0248773063861776
 0.02094307187499389
 0.02244116156816739
 0.02549801095571829
 0.02520399369487704
 0.0218507938601903
 0.01652347620897169
 0.01305593621706265
 0.01143417304888495
 0.010780801008202195
 0.00995708546798419
 0.00873667958638271
 0.008781015852015593
 0.011289499179418759
 0.019774005826134124
 0.02909622913494752
 0.028281847485115016
 0.020791400737058284
 0.017284191711010907
 0.01990701519563636
 0.024863311276635186
 0.027411463638176703
 0.02727612251388884
 0.029777605423502884
 0.034974249181928166
 0.03740572791365101
 0.034682565679985074
 0.02746280175310767
 0.019239644609789698
 0.014019666698004266
 0.014747710434374547
 0.0201753679798408
 0.01856993911983771
 0.01077614093425245
 0.00979608273007742
 0.01189620835311525
 0.01177486806440562
 0.008232656949412644
 0.0011669022138958637
-0.002743997571324111
-0.0026529918537637615
-0.0032316927713625584
-0.00503780027465376
-0.0046201083936011356
-0.0036657178153826284
-0.0024476448337739445
 0.003607716840116744
 0.009982764259710578
 0.008454339995387819
 0.0019392847926151605
 0.0009685604788256322
 0.0022473037479400285
-0.0011222303949213266
-0.0057565066850170515
-0.009931088873627213
-0.009007033439161573
-0.0036633809071647608
-0.0013042398259294971
-0.0023916377695376925
-0.007172922833204937
-0.014789377101465825
-0.02168945528264009
-0.024361281119185806
-0.02304986923372218
-0.024599294751412305
-0.026720421055213904
-0.02453629041870664
-0.02440094872181519
-0.02736212516031121
-0.02920790169774075
-0.024659963321107266
-0.011522512317223399
-0.0002425055000527393
 0.0041794253563765885
 0.004069752430648832
-0.002582977655309855
-0.010883139394308142
-0.009518057639127924
 0.0008285601394933881
 0.009562748354020704
 0.011716543846775111
 0.010904495669538973
 0.014131688556625131
 0.0197156887660484
 0.021780812300140624
 0.01767623428942166
 0.009313068790321295
 0.0038224080573565425
-0.0014349054159708621
-0.0068998979503755095
-0.007966294640616343
-0.010019750239123121
-0.01432267342053382
-0.016373795546444227
-0.01299492694059379
-0.007478597436465357
-0.008386317990152804
-0.013972651099568863
-0.01662580915534359
-0.014448678936625447
-0.010547112469187377
-0.011146814640153546
-0.015690085498990702
-0.017003830284447123
-0.013846641575252158
-0.008689666850965224
-0.0037940410574720945
 4.918859505663453e-05
 0.004268107335601477
 0.008671370411259822
 0.011354864183390982
 0.011163519716790166
 0.006564245515640041
-0.000503842692473104
-0.0010895440278610308
 0.006389235929817411
 0.012754949459025756
 0.01241659621885341
 0.009992118477523265
 0.009910447222951993
 0.008496363115851523
 0.007184951802991481
 0.005467516258362469
-0.0037193650672576947
-0.013573619555440647
-0.016518461685762046
-0.013566618565047945
-0.00545313406115594
-0.00010714805656275583
 0.000744569727415309
 0.001871637277765445
 0.0020956509333190723
 0.002665018533135971
 0.0011249269058313319
-0.0013812223763718726
 0.002244994324694133
 0.008795052189015981
 0.012012911185716645
 0.011273200658968079
 0.00931541743691261
 0.006587588258053938
 0.0048864870215995365
 0.007035615569161206
 0.009119406884024413
 0.005693869398850103
-0.0017055719179480677
-0.004552408199221786
-0.0028303051367964474
-0.0022376028110158153
-0.004655080134556837
-0.009147014596273782
-0.007093558425163425
-0.00042449345842654473
 0.004858488786064562
 0.011329208582109701
 0.013445668513322143
 0.009282753687693837
 0.0032623946753523383
 0.0012369407480020411
 0.004886492175031787
 0.003414071253021976
-0.0045244022335384285
-0.010568095971843671
-0.012544546974670119
-0.013237588049491222
-0.013447600296863031
-0.008675648550977702
 0.0011109358045140044
 0.010248814778213912
 0.01456573936780644
 0.015062769317135759
 0.01540345660250806
 0.017522250006316874
 0.02215185992382343
 0.026968147649039854
 0.030342349309697543
 0.029266618729071214
 0.021806507124767338
 0.01662619824712025
 0.01787927331767454
 0.018229294493432337
 0.011527561482949804
 0.004233126432988447
 0.005152514922261341
 0.009453105203679257
 0.01418305444282987
 0.017741600438601055
 0.01324733250428773
 0.0011716121043573308
-0.009956718421445479
-0.01167648743867086
-0.010337073882050747
-0.01698280355022032
-0.026403032135477816
-0.03093230215873674
-0.029539218732400042
-0.02387121350950734
-0.0212903925316166
-0.024545586517255663
-0.025840663521941087
-0.02257846854590933
-0.020329000676703606
-0.020749025457749024
-0.022004433428296104
-0.024312237539807578
-0.024942274854526592
-0.018109866806043578
-0.007392226884598896
-0.0036773382248707007
-0.005042419407447332
-0.0045080538965760406
-0.004755401705489819
-0.0039620207364210805
-0.001959900962430941
-0.0008281664668880612
 0.0052621972959482205
 0.013812041175362041
 0.017837281690407894
 0.014661425773045529
 0.005899236459965318
-0.002267917341039684
-0.0070118668431649565
-0.005028414849945796
 0.001890331684603029
 0.003099070775826232
 0.0003689081243711742
 0.003806113545130947
 0.008221043983771152
 0.005185196422191188
-0.002461592989822556
-0.01007104684029432
-0.014303965843813826
-0.014583982269076836
-0.011697476381061181
-0.00769323711938269
-0.006127476720914363
-0.005425101183104193
-0.0024685911171973413
 0.004321814424550957
 0.012668646188080293
 0.015312470926073109
 0.011889266913495171
 0.012708316081124015
 0.020709793900390093
 0.026305461472795215
 0.025764096116738397
 0.023920653051905216
 0.02296159610109756
 0.02065845893477883
 0.01781628959869786
 0.013506365999498032
 0.004100138249818773
-0.003924673722807456
-0.006379486607890443
-0.0047857245382656385
-0.0004711334212694901
-0.0017988790423041426
-0.009020976441777934
-0.014093945579991846
-0.015223346030334768
-0.017391141786063834
-0.02660135783764774
-0.03428081586601071
-0.030089898796622345
-0.018289527590460417
-0.007431879313233341
-0.00311495472364081
-0.0035513138128608415
-0.004377362825675218
-0.0019435506213560105
 0.003899465046264705
 0.005901584820254845
 0.0007796127575170897
-0.0033249652532018753
 0.00015657614688898563
 0.007033320174703102
 0.013637047908741526
 0.016374211550589282
 0.014302088171311518
 0.015179474153849702
 0.019711078222308574
 0.022784261918034093
 0.02292193708752191
 0.018656349467653183
 0.007476682544730155
-0.005714437756266705
-0.009721009917937996
-0.007954570876181559
-0.010411717233860932
-0.013020539310304561
-0.012740522312437972
-0.01502265822538933
-0.021264697134386307
-0.029581193181559204
-0.03623158979492152
-0.03733065510151158
-0.03303239829269004
-0.023959856551688592
-0.015129995960709963
-0.01224582354529069
-0.011823464719045315
-0.008512266818489718
-0.0016098545921154964
 0.003075758667704022
 0.0015543348211703792
 0.0016966769358509395
 0.009275796215173444
 0.0212651787016416
 0.030979425406645743
 0.03176813943052172
 0.02684684601107208
 0.021780877290647288
 0.016665905645698656
 0.012288311341203999
 0.009922170414783195
 0.008368077951900317
 0.004863202398449312
 0.0011413138935355768
 0.0009733041528984868
 0.002011699744586433
-0.0039433220350566164
-0.015202327026256336
-0.020468974389969242
-0.01988093900938136
-0.01653473901988016
-0.012126808999029067
-0.009277638672555395
-0.007854220102465847
-0.009578656064883978
-0.010470042310396811
-0.009293971835522843
-0.00690449561053472
 0.001218322783742773
 0.013375715297149822
 0.028188599625229765
 0.04011031140640311
 0.03871722855266999
 0.028379945237037754
 0.021953561992927285
 0.021715548074398995
 0.021885891860236047
 0.02041813788341898
 0.018234007819515306
 0.016693916192210667
 0.015438508221663587
 0.01503015080360004
 0.013424721943596951
 0.005530584436367628
-0.0028722500968710804
-0.00838157861060682
-0.01136375630247019
-0.01094606442141757
-0.014642284727771192
-0.02041996259008987
-0.02179671113564836
-0.018994210261102158
-0.015062308649911232
-0.016469392339222587
-0.01835717138338685
-0.01585102152858006
-0.012430150415994906
-0.009938001396766354
-0.010666044560533057
-0.013221196767260104
-0.016229042657683587
-0.01587435453673304
-0.007014158802001569
 0.002756091245315527
 0.0032461207768557238
-0.0020275270046462984
-0.002942247976122872
 0.0009873201624716749
 0.004410524747653202
 0.004258849315190723
 0.0021563907921601094
 0.0031154483155713536
 0.0036848159153882454
 1.4263807594727673e-05
-0.005758747109531198
-0.012971510618619491
-0.01887519600114233
-0.02167069588529583
-0.018595178716973935
-0.01279416555608795
-0.015652669200343534
-0.02280942936711887
-0.024407857809332835
-0.019934590555783296
-0.01394456611459106
-0.013365864624388678
-0.013305194050581174
-0.006997817336282169
 0.00048096262139627616
 0.004641544547031785
 0.005654271940159619
 0.003981172374861702
 0.0008659867450050499
 0.002268404061727229
 0.013305729728875067
 0.027525912017476173
 0.03498369072178726
 0.03489735252202323
 0.03143447947530695
 0.028699649878659146
 0.02832862802213757
 0.02517844030333531
 0.020154474089645234
 0.020107804924019562
 0.01922808604148859
 0.013919436171040973
 0.009219822648246792
 0.0051409128360879325
 0.0017690452206302054
 8.661176494680067e-05
 0.00298245154334794
 0.008515115355650991
 0.009609514289651892
 0.010902258394344534
 0.01568121055801898
 0.018766061616726372
 0.016332249985010733
 0.007500056494039328
 0.00039929966957694824
 0.00021962256595799146
 0.002574096702000518
 0.00471855830436943
 0.003624159942972119
-0.002139517083768319
-0.007273156509487937
-0.005441380235033051
 0.004221530072850865
 0.014969505138048393
 0.017459320684680577
 0.01315639750326987
 0.011273285404298353
 0.01418545949087411
 0.01731931347410534
 0.014222795625019664
 0.0069866973899676416
 0.0033324795903487275
 0.0021960787222166933
 0.0005159787391296536
 0.00020329369751741905
 5.1618265054939605e-05
-0.0008047658915122935
 0.0016593814565597775
 0.007096372892411516
 0.011940662288784432
 0.010314232175413975
 0.0026394410922437606
-0.0013437963434637934
-0.0010614458730008255
-0.0009074363953383915
-0.0039199492309546155
-0.007112139456491601
-0.005625717126299973
-0.004582654589419283
-0.0062907562436628
-0.010635681931808225
-0.016117008774387476
-0.020846957440934507
-0.024984204068002697
-0.022786072595917195
-0.01701772805138043
-0.01751475742810617
-0.023117424845696836
-0.02490253109562067
-0.02150032776380651
-0.020151580316800907
-0.0222913744013735
-0.02350011291999311
-0.02058327188822461
-0.01740274845306591
-0.01828713428078963
-0.02151666006786858
-0.024456835252997237
-0.023556114544495323
-0.019290526352023014
-0.010969362787053783
 0.00032697833829149064
 0.005306609145254056
 0.008146445581342233
 0.016019582407807778
 0.023752710878490915
 0.029301708998968577
 0.030244432214205218
 0.027964629773850225
 0.027315924678360227
 0.025696494982778893
 0.023617371185712013
 0.019935151714936622
 0.013527436251597143
 0.009236180433168303
 0.00673469809615785
 0.00633100762328704
 0.006109328012933367
 0.0012883739151277745
-0.001054432285329296
 0.005122269963572804
 0.01141797931488995
 0.00961420528419512
-0.00017937891648212023
-0.01219442902890681
-0.01834079556145247
-0.0210382895965583
-0.02497952452553113
-0.027212657513958655
-0.027532342973360012
-0.023287756034255057
-0.014553567819727744
-0.005803045297025813
-4.636811547092251e-05
-0.002267833740916575
-0.0065497556689599196
-0.006325742013406285
-0.0012037693780649478
 0.0074160786792400735
 0.009322526076778907
 0.005073272765084791
 0.0008566880697399026
-0.004153277308371929
-0.007058450404554984
-0.006388743483094032
-0.004353955092754665
-0.0018571391283333655
 0.005416295240864212
 0.01682697652343179
 0.020803214113953798
 0.012253370807143567
 0.0003666616875194137
-0.005728368447906036
-0.006850768480459835
-0.0050003244252339665
-0.004335284448965762
-0.005875376076270394
-0.003103210345477038
 0.0005626753897273115
-0.0002983757120326655
-0.0031802140822519906
-0.008325520870953475
-0.015899972632479647
-0.017671078046825238
-0.005233668821853388
 0.013154095523870563
 0.022964014605325996
 0.025852853965938026
 0.02736727796728613
 0.02577584994286128
 0.02205162796535117
 0.01776503909211509
 0.015324227042610335
 0.017097666502155884
 0.01952214481608961
 0.021267582604478683
 0.02407475042421764
 0.02493346862598482
 0.020163850925299452
 0.013917145071109728
 0.012029366026945466
 0.012470392633961824
 0.009835902358958086
 0.006011341059803915
 0.009425211754599955
 0.01769270544985259
 0.02070055191287966
 0.018859442320642857
 0.016357959983632403
 0.014026821146157192
 0.012335053800088293
 0.009418213340923368
 0.004468918250317248
-0.0006460533946313837
-0.007660471733027949
-0.016539334675926824
-0.020517905166441634
-0.019358168999742274
-0.01825443617535588
-0.016681675359098435
-0.012756774165696639
-0.009244897621852925
-0.011303020165552447
-0.016933689254299594
-0.021640303194882894
-0.022261006619216414
-0.017904412995485546
-0.016121639645554495
-0.018009418689718764
-0.021665969961934043
-0.02778433482332323
-0.029261422690525778
-0.02521284744951619
-0.023348402558712074
-0.023290065457500946
-0.01824976436303268
-0.009881931346135981
-0.004328266280465572
-0.004517277274470023
-0.010854988559918306
-0.01557793680867621
-0.012838439694232089
-0.005791352166882716
 0.0005300253829945284
 0.003745550907098827
 0.00435458754105407
 0.0016664273963337417
-0.001066068727717688
-0.0011057374755542443
-0.002132465131656734
-0.004125250442657796
-0.0011617399589618285
 0.0071804248593747635
 0.012638417548593864
 0.013310457942651184
 0.010461288188781094
 0.0051643056813153315
 0.004583271291120163
 0.006545722030971951
 0.004725613692102518
 0.0013887481655903838
-0.0009353902540956971
-0.0010100610908778535
 0.003502875196810036
 0.012416740801258097
 0.01776039333325491
 0.01601262264487304
 0.015307914207070082
 0.020229208199123307
 0.028566706072267148
 0.034087702521588326
 0.03222792514858055
 0.029143074662476738
 0.030169802891182818
 0.031271202242972834
 0.029486095993049
 0.026408245924734328
 0.020688904877324985
 0.009901261350592688
 0.0016407686457327458
 0.0012114099743018442
 0.000317690256192632
-0.004750611936828533
-0.008444498770585791
-0.00630937105860236
-0.0023658020844295816
-0.0057050010835380735
-0.014322515095643144
-0.021535278604731437
-0.026493907585723057
-0.029028058539082743
-0.03195423288863316
-0.035167424367537496
-0.035879133223129585
-0.034348374913606865
-0.029445748702324623
-0.021668284252310387
-0.01246506804591202
-0.008789848420322176
-0.011982038645859151
-0.011326332559976445
-0.007686115023332194
-0.007074744916780583
-0.007322092725694368
-0.004503257542973545
-0.001290065491465625
 0.0018484554369583503
 0.006851420969884649
 0.007175773947082333
 0.004326604193212243
 0.002277815539898212
 0.0018834589574129104
 0.00667174501147285
 0.012015397543469662
 0.012153072712957479
 0.009226898363407066
 0.008400849350592682
 0.008816207759048941
 0.006377729182140558
-0.0002960021571854904
-0.00645636952530939
-0.005056285681183582
 8.902168012149547e-05
 0.0038832484081263788
 0.005778028442683353
 0.006088380584302798
 0.0065457414994937735
 0.00705443881180496
 0.009618925481521087
 0.012911455601305695
 0.012715444189512128
 0.01393585064371719
 0.02097593775327744
 0.029959807535616702
 0.03402005013960817
 0.029749795574546684
 0.024863504244042635
 0.0246814936678273
 0.023825109511260073
 0.02212400827480568
 0.020422907038351285
 0.014428216224569891
 0.005582021898020234
-0.00164007550145355
-0.004979274500562056
-0.008796835381927093
-0.019332463868251073
-0.026666567952350777
-0.025187146039948274
-0.023098687779892314
-0.020909890198192303
-0.019425801340597047
-0.015636241557784907
-0.006804047494209906
-0.0028021417051277905
-0.0066267030042819475
-0.013109089590705381
-0.017433014025483442
-0.017477349718512745
-0.013505779073183476
-0.005686312116434521
-0.0008560235556398579
-0.003413509234963273
-0.004314229370861608
 0.0006840692168719464
 0.0053020117713966294
 0.007623817291089928
 0.0074698083860310766
 0.005701036444281854
 0.0064010785094956515
 0.009042569774892102
 0.008274857576987052
 0.0014121149573547709
-0.006967384849920218
-0.012948074828123369
-0.015799578054589838
-0.012696059215111462
-0.009422196876097837
-0.015710905237022274
-0.024935122124184417
-0.02843999767763542
-0.03067079719346657
-0.03631780059038834
-0.044050928488467894
-0.04675775641395921
-0.03973400361257357
-0.02762561402369037
-0.015092532422267206
-0.006533354652467897
-0.0032524918956651425
 0.0007540808386097206
 0.006762773060572942
 0.014838922002922965
 0.020411254849364367
 0.016894711932931482
 0.017258733944267524
 0.027259997778625575
 0.03800097242603399
 0.04699650957135513
 0.04889362307850846
 0.04437602041823141
 0.03718192468991411
 0.02498719718756867
 0.012073760125540227
 0.002044495192629281
-0.006815699969498618
-0.012175686237066455
-0.009781543066885588
-0.0017917326106013723
 0.006123406722598881
 0.01169107262384754
 0.01756675690781747
 0.02484252474961144
 0.028909767771392002
 0.025822583812691827
 0.014626582581594189
 0.004823664490531461
 0.007089466667911791
 0.017884111185036793
 0.029889827979679567
 0.0381759894557032
 0.04138451456201837
 0.03832299880187831
 0.033072685746340015
 0.03324536300477344
 0.032017956705382836
 0.023710794548595426
 0.015793322315402376
 0.012351450522053442
 0.0081838687512324
 0.0008894337012710363
-0.006902031011717852
-0.015792561317598604
-0.02328067459305895
-0.02931036749578595
-0.039131953367619675
-0.050120275537640084
-0.05802608040785126
-0.06267435753352524
-0.06183430711252902
-0.05393783556009975
-0.04825116255643605
-0.05084831726989783
-0.050649971812904294
-0.043245862978309804
-0.0351417123648033
-0.03150616177335179
-0.03476135575899086
-0.03438333291207658
-0.019689455686411676
 0.0016081489869898685
 0.018259809721012023
 0.026996331408135718
 0.029133792592715507
 0.027540031095694285
 0.02557758092844608
 0.029922507189195077
 0.03688325623047864
 0.03621354988162127
 0.037265946308887445
 0.042929284586587416
 0.040003110237036996
 0.028842111094884958
 0.0163510325728001
 0.00948595648057144
 0.01315184221577579
 0.0233677855290002
 0.03155127421078341
 0.033861412367494834
 0.030237529711628776
 0.01773245035396568
 0.0015964876363456226
-0.01297138149651154
-0.03058443236763594
-0.04786146318488259
-0.053226116397643165
-0.04548598750917091
-0.03206851979372224
-0.017162296561787364
-0.0070163574264541576
-0.0017380421271558089
 0.005680067543016927
 0.010179002995126578
 0.006520118250314927
-0.0010636674015967393
-0.00987485963920079
-0.015283848831292472
-0.012588687696179435
-0.004687549198557413
-0.0001326104041348003
-0.002183732530045203
-0.0037051563765788526
-0.002272403916103803
 0.0007517768550978701
 0.0015941607486904472
-0.004169516278049984
-0.011039259315471391
-0.01431312108188144
-0.012238663657403722
-0.006500654256619817
-0.0024474120704174804
-0.0041928492862029695
-0.011463949610200596
-0.015841543914695253
-0.012553680740103379
-0.00615296512194944
-0.005744607131282303
-0.008299759338009353
-0.0027880967790736635
 0.005542400676281062
 0.01003433571060159
 0.009943330565644823
 0.007738199248373774
 0.009730985131978426
 0.014486602569689144
 0.018376501674145347
 0.016502723465559317
 0.005880756493169534
-0.010567891552364563
-0.02685086304355614
-0.030680091287903055
-0.022062576703194406
-0.010579557770139265
 0.004903033193099843
 0.02215206291179358
 0.03219766272548273
 0.03461747409422371
 0.03393143343719173
 0.03340406891671314
 0.03625323924318681
 0.03824135818159872
 0.03208799123126393
 0.01931689599761427
 0.004758360755142604
-0.0058776070528254246
-0.0066173175795739905
 0.0020211982585020202
 0.010942064280739197
 0.011894121386361332
 0.012195139637595283
 0.018936542254819742
 0.02689601756735109
 0.032076327017601776
 0.0293648321469177
 0.01967392074048089
 0.009240965048397345
-0.0007416304325861406
-0.006908998218499166
-0.009695164212267175
-0.012016969159356891
-0.012896688041887858
-0.01119791970542625
-0.00821340796836292
-0.007665041621913383
-0.012539665589435565
-0.02120151558087172
-0.024281699121782782
-0.02076048868755357
-0.018415348441896545
-0.01827533979981235
-0.018784036539519957
-0.018289340062787006
-0.017939318887029213
-0.017841312751679737
-0.018994047927986396
-0.02638415535439906
-0.037869507187447
-0.048885831028623886
-0.05046792516266324
-0.04150972357888408
-0.03588138739012973
-0.03005003908549088
-0.01606553752912348
 0.0010948202309080737
 0.01554368283395377
 0.02054431489428369
 0.018056833392851475
 0.014603294236520674
 0.012381828611075021
 0.01080440142222841
 0.008071905298176987
 0.006426807404035555
 0.008734612088150608
 0.01615972217611246
 0.02751440011636707
 0.03613191470107572
 0.03402012228765962
 0.02698936964108843
 0.024338545057910083
 0.021347033475661213
 0.017305459225044326
 0.013739913384087608
 0.011112423526872986
 0.012839193534491075
 0.014670969808945958
 0.016255397988185274
 0.015030325161391044
 0.004539032654398166
-0.009643813500057389
-0.021843207947595575
-0.025352750446239334
-0.019922759428176708
-0.01281966855851438
 0.001818205324837563
 0.021832400070233744
 0.03411580010384496
 0.034538158930090324
 0.02486124835923175
 0.012605850569380607
 0.004277687159225843
-0.0022840374954742892
-0.01339136676790973
-0.028208917468578842
-0.042286757356197587
-0.04936184598209985
-0.03823351488369346
-0.014163744765800356
 0.006905179593156591
 0.016141064415904183
 0.01610606261326037
 0.01639074655631971
 0.01657275770513862
 0.01682477303184874
 0.017277467001846965
 0.018038179354566475
 0.02387186113180169
 0.028520138830079235
 0.03237036890039708
 0.035098198651859355
 0.02805811211490268
 0.016414084145301357
 0.003127291467853177
-0.008537737755115501
-0.01710624884269673
-0.028054901978578784
-0.030836401027154046
-0.017393265113145276
 0.003281302377024578
 0.017641493021408085
 0.0182528631279597
 0.012078494924257555
 0.007110532052880439
 0.0025275921599049317
-0.004377152966462072
-0.0118419315159587
-0.017563606035964408
-0.021931866450073566
-0.02269257823018949
-0.01729758930107247
-0.009394117330854074
-0.005977913163461669
-0.001453309512791913
 0.011957157784867632
 0.02675837474996571
 0.03777003221855343
 0.039737149903597974
 0.031810343780019436
 0.022714467885657827
 0.008914311237007512
-0.007284655240714633
-0.01620318721775186
-0.019813069038039675
-0.01640153181584001
-0.003775111310561921
 0.010680751710272898
 0.015450369983561855
 0.006888859313769757
-0.003406421495127765
-0.012033269397618316
-0.027716538431541947
-0.048330435061602506
-0.06560279893365639
-0.07137814332337869
-0.05894540104359959
-0.03468428617280387
-0.014905772159641398
-0.009681126730059629
-0.01616117984388668
-0.026659472768668688
-0.033587552620999425
-0.031249412793131523
-0.023630624479670674
-0.01755426155241263
-0.008806072502307073
 0.005743129422382677
 0.01471766531433645
 0.010018051791542276
-0.0032127375435929417
-0.016954557377333927
-0.025569737916842614
-0.02956697618812841
-0.03234380829151092
-0.03401924132940522
-0.0339772385363687
-0.033965570887085045
-0.03484295629701964
-0.03113273458248419
-0.018868002329643967
-0.002918716847130187
 0.017380161555023546
 0.043620061187543885
 0.0648756633542107
 0.0748559259352014
 0.07673670513418013
 0.07737841038448459
 0.0805052639499267
 0.08397280451443931
 0.08614060084277197
 0.08055426773335592
 0.07015398065762159
 0.06513234791652789
 0.06490366788838509
 0.06481732968862107
 0.05840728075268521
 0.04317670540245803
 0.025719997195290632
 0.019874648627677134
 0.02841515861670546
 0.03680399288696951
 0.037602040801231
 0.033049436052008344
 0.025675662933770292
 0.015161035700813674
 0.002028252214726141
-0.011832574721429887
-0.02636777523793781
-0.03914820436197297
-0.046701654870131774
-0.04609728518136928
-0.039626565385324136
-0.032203788769958656
-0.024951355654128426
-0.02097745153620279
-0.023217584942419434
-0.030932045059728006
-0.04069996106184514
-0.04437751358742778
-0.037675780004341665
-0.03027400464234355
-0.02990298221321839
-0.03284315739834704
-0.04044561083102969
-0.0515739413568325
-0.05223664728790075
-0.036334031257314436
-0.016770196723018316
-0.007578647879601816
-0.00353007263859223
 0.004161053325356191
 0.011212807797898301
 0.010419427401433153
-0.0029630376524663396
-0.021990172916993
-0.03662571275514499
-0.04621861831253412
-0.05026485950834375
-0.05188428920392508
-0.05312569633889393
-0.05070121802496019
-0.04405315431159068
-0.03621268610147436
-0.03391654878034117
-0.03863716355650271
-0.041259986468524586
-0.032803481492965705
-0.016611514860429093
-0.0036560747190623535
 0.00041816872050734477
-0.0021323165410269615
-0.005044490054999136
-0.007321959022757757
-0.011736888888794376
-0.018415287173313172
-0.024764665821743317
-0.022351854870791464
-0.006358233408946597
 0.019954003874061314
 0.048672051403930175
 0.06588374556108194
 0.07130906963395181
 0.07603668540050604
 0.08076663463965666
 0.08178169550538086
 0.07698874307873177
 0.06936762186527813
 0.0625608825879588
 0.054624742573994765
 0.04393977184150289
 0.03037296245248991
 0.015980103764360758
 0.004226402582729882
-0.003273378055712338
-0.004815803155613342
-0.002311986773402927
-0.00474346493252218
-0.01216857444788046
-0.01689618964183111
-0.019010315527843595
-0.020016041930578723
-0.018090926752268907
-0.010271459795519949
 0.00229195694965606
 0.013429621938447954
 0.01797522684248507
 0.013926652174079061
 0.006704554774605277
 0.0019886069436364853
 0.002555641070857005
 0.012953595246598532
 0.02402125605749922
 0.024191599843336263
 0.021190754370701906
 0.019197969059700837
 0.012029541529943635
-0.0018476197143870027
-0.019014977319604092
-0.032213098038390085
-0.03907584065802237
-0.04518020468383332
-0.05119589675098207
-0.05478244384530616
-0.05576716899467392
-0.05001982570350452
-0.0376057512044964
-0.02478331900112294
-0.01535142248027999
-0.009811758250187815
-0.004540443368678586
 0.0010038878066063392
 0.004252081947059859
 0.0034400337698237207
-0.002668997201179975
-0.007335942107624921
-0.0011429055505482108
 0.014237012618450465
 0.030428979250987073
 0.04593023799499716
 0.0599450746951174
 0.06993933811168634
 0.08073864957400409
 0.09485615906836478
 0.10188457881494314
 0.09170363816326793
 0.07519898677542088
 0.06395164914720303
 0.05344168885943916
 0.04386978455541739
 0.03588464161692951
 0.024760978036319443
 0.008251659703279644
-0.016424812717066955
-0.04852639493907361
-0.07465895425955718
-0.08250408884226267
-0.07585602512889314
-0.05895001588186628
-0.0355359515635541
-0.016303470137942994
-0.008327660517237028
-0.007578615527499381
-0.008355661615789926
-0.017600879756319424
-0.03705737397857879
-0.06073745360027395
-0.07848351240939164
-0.07834350376730745
-0.06931529800563709
-0.053219003749551796
-0.030238965334165053
-0.015094727897400094
-0.005179802549107854
 0.00038319640694805396
 0.005481834316325658
 0.016761841133496318
 0.02252785220543671
 0.02535368780594665
 0.030456992660517004
 0.03257345259172943
 0.030298317096567197
 0.02102509728488121
 0.01281594097714149
 0.01302595379711688
 0.017606560790099604
 0.023944272648151466
 0.02957027536430945
 0.033882533008709234
 0.04001956622347299
 0.04971514514770613
 0.05346270242378355
 0.03773976435572158
 0.00379707225517633
-0.032222410456141215
-0.05659786491155565
-0.06962797560340275
-0.0734105343958222
-0.06839123455472128
-0.05839697113815235
-0.04749965382678692
-0.03578562110669081
-0.02306586169755778
-0.0129619250689593
-0.00630219399260791
-0.004409747430647315
-0.006248523550287738
-0.00753660013718405
-0.007942624082651221
-0.011293490444741594
-0.017311515984486717
-0.016312789426937122
-0.011601507968557502
-0.01569675208889097
-0.029305563984638676
-0.04170330360286859
-0.041444287858369365
-0.027802806773668847
-0.005842495882897272
 0.013431988049448555
 0.022322518927932883
 0.023934948778328677
 0.024667659459891703
 0.02801619292198928
 0.03091669964558317
 0.03251279518780435
 0.03673404740094556
 0.047414351760848274
 0.05752295533463949
 0.056407555719874825
 0.0469803267168282
 0.03749709437146861
 0.03358852805884501
 0.035074950389036644
 0.03694872917022624
 0.033625864479292354
 0.02209384319431696
 0.006044218962762707
-0.006785213085796285
-0.010822120391220425
-0.007814273928193359
-0.005196117388760649
-0.004955769425032397
-0.002652631686110095
 0.002014313792938441
 0.006048888198369788
 0.005684866759637336
 0.0006935691622964868
-0.005917158416927477
-0.01634544716381828
-0.029363890492683516
-0.03673299666572883
-0.03197271228282536
-0.01362695044383614
 0.013324658330578082
 0.03424424044336713
 0.03346486088248021
 0.010977185757531843
-0.016497120305866423
-0.029755911312158115
-0.02752744469631976
-0.01670013156284553
-0.0009958607029509625
 0.014920756163213589
 0.03411590202728272
 0.052214315771056376
 0.0631279673905964
 0.06946101230345553
 0.06623615346156932
 0.055107822935766514
 0.04446485471000936
 0.03670139166817696
 0.024985026048088055
 0.0016993032951799908
-0.02097504963747826
-0.031755692746421434
-0.0351065591085118
-0.03626162775741483
-0.03961016064690882
-0.042113976456515656
-0.03788572382558532
-0.028890186680264187
-0.01795553380735678
-0.01003106058377103
-0.009767377894079044
-0.016623120095922216
-0.024402917445929238
-0.025231299931339997
-0.02591034017058285
-0.03365513543164428
-0.04256900046348876
-0.04784731519018353
-0.04817166759477763
-0.04836301206137846
-0.04903038493763945
-0.042375320806480814
-0.02934520954203012
-0.01736282747335107
-0.010815103081625609
-0.014275642655745522
-0.029303205890088238
-0.04463878750715223
-0.05236491498744267
-0.05069648179473391
-0.03979449753817574
-0.030896966241902288
-0.027693108080779863
-0.029270535269626467
-0.032700739699993535
-0.03263073523580054
-0.034371505506393285
-0.033202435449308426
-0.02073002413539098
-0.0012735293405280249
 0.016845885656612977
 0.03012801196147199
 0.04226440322151168
 0.054552470200315645
 0.06796060402537882
 0.07928261334928419
 0.08156241636224278
 0.07604375395812155
 0.07548838776648648
 0.0908286369013468
 0.11068648898278598
 0.12331290948806407
 0.12669411156651086
 0.11722488005672954
 0.10254267076665008
 0.08794213301744369
 0.07158449040316817
 0.05450813822920963
 0.032242143000916726
 0.0069473003425311805
-0.010850094863706715
-0.016324421288496854
-0.014973340368894878
-0.01843621341561117
-0.028337137355721582
-0.04089822005569764
-0.056875506636764314
-0.07617565819506666
-0.09301866310938786
-0.09824330796636604
-0.09429273857440414
-0.09003415079972094
-0.09082286425099335
-0.0979516227466122
-0.10242955637275092
-0.09755959877781789
-0.07944485072586963
-0.0492263803165327
-0.021661068249272296
-0.008735963251658405
-0.011062435143940865
-0.012975882386665236
-0.004899733444315213
 0.0036734451610623414
 0.011266565275963078
 0.019496723409673747
 0.02639680216345159
 0.03296086086335167
 0.03958092290556471
 0.04614264813286842
 0.05143263079514864
 0.052377687482981654
 0.04669101505192154
 0.035469345622263795
 0.019604065725823044
 0.0010902944324985148
-0.015311684161108105
-0.025669968730107705
-0.029681207836971736
-0.035022526323768594
-0.04415107083447942
-0.04750893761435891
-0.04164725416596721
-0.02995655617183484
-0.01747481096753189
-0.009499001346825922
-0.007279868621373052
-0.008724287872226375
-0.006822507419880289
 0.0006072696132743138
 0.008312396412800967
 0.012895336878380063
 0.01901370231237283
 0.028009239457693964
 0.027603215512226782
 0.01827865930342059
 0.009339126073016
 0.0040444770381466225
 0.00470951701441482
 0.009796487560810557
 0.017895971229124313
 0.02182553936771886
 0.017030253468473373
 0.009264456954044598
 0.0015826654530852469
-0.006974178271514104
-0.02099834828941627
-0.0432270079561672
-0.06234514865195242
-0.06282351024790717
-0.047070236463488756
-0.024624563272671526
-0.002430905122262607
 0.015669842094107406
 0.03074640882557754
 0.03527567942144004
 0.029757017017318817
 0.02424068808579396
 0.020234115924122678
 0.02129351276917798
 0.03168679999972677
 0.04759641644810219
 0.053784786059986156
 0.04252344759619006
 0.027260203629613643
 0.01715626757361874
 0.01024218855686624
 0.006200614306249352
 0.005932265243968206
 0.01042420027828874
 0.021652870698339183
 0.03870355524634119
 0.05559089671259706
 0.05867108082611171
 0.04051666431262867
 0.012841679605942298
-0.009526988416591036
-0.016140049468411372
-0.009760335103624791
-0.004857708892342542
-0.004883376804600867
-0.004414348526428025
-0.0018708631100792586
 0.000408939902879317
 0.0019606994657693916
 0.00551224504375146
 0.013009692782200884
 0.023141631081955848
 0.034699321138094937
 0.04438789964453897
 0.046154338686295406
 0.036685107176514055
 0.016512236867168066
-0.0043956773100355395
-0.022148736536942343
-0.04021214761916681
-0.049590373697689594
-0.048836661762759206
-0.04651018929787316
-0.04470174774938201
-0.04350467602114068
-0.042421944450121644
-0.04177090530943168
-0.04036148757492038
-0.03792067495281204
-0.033120721535770226
-0.025448263352592794
-0.023135791723284997
-0.02371682611348017
-0.017432784125144898
-0.007550527393201882
-0.002090201231386403
-0.0006737830790859781
-0.0007904564226028504
-0.0051727176722902515
-0.012467152722251611
-0.02135068261034324
-0.02826242815449937
-0.028176089382131765
-0.024134514558911295
-0.021474355512743865
-0.026717668150493035
-0.03519050686162295
-0.03672359807113846
-0.027819066357075893
-0.010943392253801885
 0.00018727231720087195
-0.002547557279446923
-0.01361055057255128
-0.020902652149916264
-0.01829382950086905
-0.009526972669992504
 0.0037388193266919
 0.018677711174976
 0.03605974883166303
 0.054967877566378234
 0.06371373314388742
 0.06198929718146929
 0.05971182821371067
 0.05979350004088553
 0.06329837616694012
 0.06695726148435535
 0.06138726268311391
 0.04307183656048112
 0.02305530891509215
 0.017870333092252312
 0.024504395970043592
 0.029309016332278157
 0.02857397275072234
 0.02445072695923238
 0.021753232924126557
 0.024369055990962896
 0.0354787193085983
 0.04810280634128003
 0.047206753150574446
 0.03248254135376027
 0.012582687338189964
-0.0035719431602010826
-0.013771551592647296
-0.020622626849297714
-0.015565991446654832
 0.0008429881373444997
 0.017060622968441207
 0.027817931924024243
 0.029640374308093624
 0.026114497501275258
 0.020766178596689285
 0.015499531232976385
 0.009311162193695995
-0.004017632990486901
-0.01987357899654216
-0.03326771141342351
-0.043551324859339165
-0.050766421841023826
-0.058963910785781684
-0.07274773312625739
-0.09166986212394726
-0.10345389844933098
-0.10127676823061282
-0.08822565571279478
-0.06835146932318101
-0.04886230591196883
-0.033379714948729725
-0.020907303634812274
-0.009879311858049935
-0.006402437403151821
-0.016261358836527517
-0.03089223172948676
-0.038968380099233195
-0.03366206312877837
-0.023366781747277264
-0.021121980823264292
-0.017922789607334608
-0.007426829582545404
 0.003171803236484236
 0.008270441145861847
 0.004730563503465228
 0.0015873762024520982
 0.006258988626693371
 0.011756650350050822
 0.014596486786139007
 0.016899624525061316
 0.016477266271419523
 0.01093993608652731
 0.00207040703401392
-0.008280877117196554
-0.01959121850551649
-0.028782766776329398
-0.02589392741571738
-0.007597168501251993
 0.020675185762709547
 0.05245008239382752
 0.07084484715734059
 0.07062550101958329
 0.06786967016956813
 0.07126954002878591
 0.07869465011674778
 0.08442799257233893
 0.07947403053654006
 0.062164331102944184
 0.04608203825504072
 0.04246748948956016
 0.047232440817656374
 0.051255347860105854
 0.0502776231285272
 0.0442829323147458
 0.03313593400817201
 0.020957540814001183
 0.01420913835159119
 0.013698108139287207
 0.01559055470124781
 0.011254962903487875
-0.005137681799733257
-0.03046986001966077
-0.06187373393535179
-0.08941104375885214
-0.09933996937011903
-0.09156250492010479
-0.07337308574507259
-0.055347009651786516
-0.03785996572826269
-0.013519512789190277
 0.015340876569057353
 0.043671567647928226
 0.0653611957175205
 0.07794094677087113
 0.08152749443779878
 0.07569147976057078
 0.06154363569506082
 0.03838625393495329
 0.009784880607506687
-0.016954381588033963
-0.03352437020857948
-0.036977909364910265
-0.03463276911925324
-0.03334469195975335
-0.03398172969226149
-0.03461643395217325
-0.03725792464496611
-0.044524358023771
-0.0529715285363408
-0.05889388169963462
-0.05763847315648396
-0.04756953861683108
-0.0339863943470399
-0.022396035674551583
-0.020655264831355255
-0.02884808683092037
-0.03859500157967014
-0.04412999829196598
-0.04184552833381466
-0.03415906931505899
-0.02078127063374867
-0.0017424674336365548
 0.017539016916498396
 0.0300324294837832
 0.026805237169300625
 0.01115930369691897
-0.008257521491202045
-0.02373544493664481
-0.02946645334703602
-0.030567852126222456
-0.030297169018741358
-0.027398995767743836
-0.022781053213219153
-0.018237781781778404
-0.01474923996389843
-0.011958406452334085
-0.009015897222005478
-0.004528629132877694
 0.0016387392256389105
 0.008184130144768008
 0.016323282847220115
 0.028186657813484124
 0.039847020663863635
 0.04891256198707597
 0.053385829240625515
 0.048028176445654054
 0.03646115307173304
 0.02614720448206455
 0.025694511084669906
 0.037865904433655194
 0.049320921695553854
 0.05084701305988383
 0.05141171371450797
 0.06025790861366121
 0.06889409097914084
 0.06662362242917134
 0.05555362871827787
 0.04014804292332267
 0.021657606355961888
 0.0028194823717414552
-0.01199573485633127
-0.022370353733505488
-0.026145912108135806
-0.021063608506932816
-0.014466881190683505
-0.011823056452690689
-0.015138920725835454
-0.024512479859165492
-0.030584175268627205
-0.02833004045422874
-0.02369809706412581
-0.02204833165218804
-0.01892147808674594
-0.002307152914265753
 0.027262612113279378
 0.0521630984754814
 0.05921251947542714
 0.046889450980281175
 0.019853837765001096
-0.007965822242660424
-0.024764491177650526
-0.030763848936624667
-0.032502285734621036
-0.038615983650817476
-0.04471801420403205
-0.04339493495558655
-0.038158622163022925
-0.029769787892758862
-0.022382013366338986
-0.017666064962766608
-0.009573581712241968
-0.003709564791253901
-0.006435060497516201
-0.013946508498940292
-0.02587055318010642
-0.03974771442443706
-0.04847490164857167
-0.05289449845980104
-0.055538322625190276
-0.05917620611663457
-0.06055528813478944
-0.05213145177557979
-0.04263421802203838
-0.04006739787972588
-0.04454299803326821
-0.055720331483594863
-0.06527123453424927
-0.06644263749132692
-0.05988791268181233
-0.05106038556343008
-0.0451356983549363
-0.04123879883269098
-0.03525577480928787
-0.02444479598398825
-0.017159694251808803
-0.019117477473864265
-0.016657997070984944
-0.003200860321397929
 0.013453133885220604
 0.02532117579667735
 0.03320364651352839
 0.04785552123245857
 0.07071188560023753
 0.09690278230823403
 0.1180487112628713
 0.12960173437381764
 0.13331428956094946
 0.1268085682485623
 0.12284633206622209
 0.127321932792368
 0.12937772243607473
 0.12859600940259147
 0.12756461480129622
 0.1258728474552273
 0.11826806054994829
 0.10229077396888162
 0.0829976228283684
 0.0678627198545925
 0.06124032491238668
 0.05895352205424256
 0.05383154999150481
 0.04252354207578125
 0.029675442246451272
 0.015354921208809685
-0.00018833946933153461
-0.01550525330562455
-0.03903365720855544
-0.06539489684348361
-0.07888470163681627
-0.07404974613082886
-0.061383656591412414
-0.05629435257242031
-0.05861849099210639
-0.06339977605577364
-0.06398547739116156
-0.061196977352193586
-0.0686267538127446
-0.0876072196253438
-0.11233502844281061
-0.13430000570617134
-0.1452929948213845
-0.14826817209545876
-0.14636639164311266
-0.14005434798362093
-0.12318334082553967
-0.095622695703472
-0.07647188581873396
-0.07259365407725962
-0.07463544231278454
-0.0756388352429233
-0.06572624336722743
-0.04335057435430139
-0.01738835796074949
 0.0076848053735841665
 0.028298702576248308
 0.04718116311240341
 0.0683084242862697
 0.08685253129595065
 0.09566839105135105
 0.0900983922501096
 0.08201057651738128
 0.08334532312880864
 0.09037140940279065
 0.09916160095963092
 0.10386354852762507
 0.10678972344977906
 0.11520189244600684
 0.12394308107832328
 0.12406442193963649
 0.11040427364676858
 0.08648617982024331
 0.06043062509544007
 0.039119020159063864
 0.021265621610513
-0.0031401679886542758
-0.03396067375525196
-0.06196701157062335
-0.07837132363682635
-0.08015876335934656
-0.07359937160463922
-0.06251070954037118
-0.04399927114703944
-0.01688198581828272
 0.010419643845587502
 0.03055984611118784
 0.04601443540327047
 0.0535025492513344
 0.04795821864865307
 0.0353714677501169
 0.023263078733837275
 0.011346034470460266
-0.0012057143391302969
-0.008637824272277696
-0.010476600391918115
-0.012371379853871503
-0.013367772366221137
-0.014802857726688972
-0.02118957193666109
-0.026395549012868284
-0.025548498174082963
-0.022970010668788593
-0.022104292049232286
-0.026225204368125865
-0.03585544548705697
-0.04020503812039514
-0.031190833194303023
-0.022192962576385516
-0.025963854005823093
-0.03463037094245199
-0.03588577891299908
-0.030304112176172182
-0.028460668538735433
-0.030581794842537032
-0.029856084578763126
-0.020491858763214996
-0.004906595005735474
 0.0024275096509678226
 0.0005047285178579539
-0.008808160327966368
-0.02226062955975705
-0.025760838168015318
-0.01914544307099502
-0.0072657337965564076
 0.005897385405887565
 0.0182927921241247
 0.032965668096422235
 0.043074271670213465
 0.043701976084939705
 0.03730592798458208
 0.02676563255306537
 0.02120496764220941
 0.025878913539047067
 0.036076189071500474
 0.04691050262276383
 0.05129743139024755
 0.04268925126852798
 0.029428126789639915
 0.022847734354168807
 0.015308284681588236
 7.770933136104496e-05
-0.011752996445950147
-0.014000130269955915
-0.011463645271396265
-0.006827034936100592
-0.0025801145243992615
 0.00025738843909254433
 0.008968241927656127
 0.026779638542075844
 0.045690100749387424
 0.057553475715651434
 0.06211074798267042
 0.060579990245751274
 0.05210248458942862
 0.0414735171992497
 0.02533055406384053
-0.002818125579909646
-0.028497991216696786
-0.04105907391667285
-0.04953657957299551
-0.0603685590790589
-0.07044215999130095
-0.06876905985339944
-0.0501619490836164
-0.028437318925078538
-0.017563336339676848
-0.019857139615610073
-0.03148016633184404
-0.04590102669112967
-0.05598162802116084
-0.05812608905092617
-0.05367148957814762
-0.04441460350203267
-0.03389530875127973
-0.022080936709539565
-0.010019216572583829
-0.003919518919362042
 0.002210513877612584
 0.016199682379172735
 0.035142813202833544
 0.055364687009306954
 0.07291706816552923
 0.08519813472654408
 0.09181586329616073
 0.09439201732885874
 0.09777088593470917
 0.10167945281993634
 0.0981255743419615
 0.08023717370446504
 0.054776654491736985
 0.03326670438466906
 0.011952765975696493
-0.01143562957145201
-0.031116137162963214
-0.04420458466971966
-0.04533631859265895
-0.037218167143574205
-0.027594925869828636
-0.0207555174035565
-0.01926909507336487
-0.01983612862798181
-0.02232361012941403
-0.024857761082773717
-0.02509110805610926
-0.02865198695187323
-0.0327565649625922
-0.03150815683723065
-0.03203318788511287
-0.03463500954376739
-0.02818995794628235
-0.014396801142817564
 0.0007077672598090473
 0.012244456062580782
 0.012928163819619969
 0.005370046366268415
-0.009169821095432264
-0.028341631660934077
-0.04265048533559379
-0.0532094485478815
-0.06492114722277766
-0.07730955295062208
-0.08405095499524295
-0.08236852096695596
-0.07358999677309755
-0.05249773768817687
-0.0260501589945793
-0.00464288110914822
 0.009752311624180894
 0.01562799590815083
 0.018673177932719873
 0.022941099597788554
 0.02692667107869607
 0.026646654653433043
 0.023228117586047856
 0.022999437557905053
 0.025045893311226287
 0.0254472508841043
 0.022551411678306744
 0.019468894664799306
 0.015693336290168988
 0.006805139456884615
-0.002519416751921577
-0.0037304887431375694
 0.003960637220810852
 0.014491599334545656
 0.024128841443869474
 0.027874065247350525
 0.026434312941689943
 0.028833123057063564
 0.036540583329186596
 0.04585347274761451
 0.04391902425152277
 0.023559476134466913
 0.00020841614886038529
-0.011071590095706688
-0.007513044099935511
 0.0020868624478463244
 0.007514519993312575
 0.010293686141895055
 0.018222826310673554
 0.030405887022640715
 0.041102525690718025
 0.047598913685323284
 0.04367401306452506
 0.03387576191865507
 0.028140086563071126
 0.024457867092295735
 0.01776080102700596
 0.006128440420386502
-0.005681264103557328
-0.013428392837215131
-0.01858303351630211
-0.02518676067773696
-0.032831216617154324
-0.03582506167199957
-0.03163881154780395
-0.022713278580374023
-0.018132671587391302
-0.020979507868665027
-0.0306470845491381
-0.04705139661534111
-0.057890376539193614
-0.05675630857105437
-0.04983756203650553
-0.04134838844459742
-0.029825700477403926
-0.017661307546207764
-0.014518119672591038
-0.017864319089488656
-0.020272462522644186
-0.017990326037089235
-0.006693984911743965
 0.006161115907978722
 0.012265480506393249
 0.012363486641742721
 0.010018346968689279
 0.00753786588504618
 0.002873254451197599
-0.0015183406888752901
-0.005520245905353827
-0.0156265154339451
-0.026201812954407426
-0.025889127340191595
-0.012284981817033063
 0.013957251288083651
 0.047339910538102874
 0.07922914732644314
 0.1047480039266841
 0.11808380010125968
 0.11621702231046281
 0.10030040601690184
 0.07306878110352641
 0.046037834833439074
 0.0328303802242676
 0.03262503492208853
 0.03554187595385703
 0.036435596244569816
 0.03832804280653042
 0.0447777613492082
 0.0466352058222232
 0.03501217910598923
 0.013653904717685565
-0.009993506287660377
-0.02777690065832003
-0.038247191911945554
-0.0451309357849452
-0.05108595756458825
-0.06083987273112715
-0.06976773859854987
-0.06477644042860543
-0.045464620934717634
-0.02361398325597561
-0.011850947611355658
-0.012669996206380922
-0.015971859643947445
-0.015649840139346134
-0.014704783451513125
-0.020090437917641073
-0.031050758416505
-0.03951192976465305
-0.04460356668363795
-0.045273273032495315
-0.04251977508247295
-0.038527203183776323
-0.02960167021634639
-0.016564558534106582
-0.0018100110209359685
 0.008221587957174939
 0.011574788364465266
 0.019989290833289423
 0.03326908366555207
 0.04124722675885441
 0.03954379204980364
 0.02976887562989739
 0.017011781231825965
 8.243783143895705e-05
-0.018078979099833192
-0.030906077675795812
-0.03792516295938512
-0.03409126719724188
-0.019187377437903375
 0.0018722130306680837
 0.02961253554265649
 0.05816957346337559
 0.07340948327659186
 0.07350515593934495
 0.06981126910558769
 0.05795722860231277
 0.0320510161236774
 0.005041071106957451
-0.01545848536588082
-0.031715788658512295
-0.04465489391910083
-0.05564554956171762
-0.06859398871269165
-0.08142342076125064
-0.0882814964356902
-0.08737610878199553
-0.07778786959719557
-0.060907528548728815
-0.0380301629275825
-0.012765654840346242
 0.007785238602215819
 0.019951965006008363
 0.02123770869291188
 0.01420928951893708
 0.010993764567436372
 0.018855234030920043
 0.03451283543888715
 0.053922660781822625
 0.07312247359108451
 0.0887800749990516
 0.09631952524423576
 0.09310866723792781
 0.0806292560788248
 0.058435598501019474
 0.031189972752065802
 0.006868188166367958
-0.008129039924221901
-0.014912444475577491
-0.02229788495679742
-0.02793788793593006
-0.024727029357018517
-0.01555181482177663
-0.006796625353881959
-0.0024540325657293194
-0.0016933202130098163
 0.0009925070317177292
 0.0077899129912551435
 0.019935638141680326
 0.0389254384172686
 0.05444536494204968
 0.05513373964428161
 0.0466072310634351
 0.044297093479327275
 0.053129287542902255
 0.05850327521865192
 0.04853001362805394
 0.0342584955149362
 0.029694223402731666
 0.030786288864136202
 0.023956214860853142
 0.003937353742867793
-0.02359528913543981
-0.05060990109735252
-0.06645651321302229
-0.06680886728877287
-0.06191090802268338
-0.060583161829045135
-0.05886805918440892
-0.05160162523300045
-0.0427484299160581
-0.03835216725818887
-0.03773613020644452
-0.03772446255716086
-0.03805114843435133
-0.03495229654006571
-0.030091672835518186
-0.031081064930078707
-0.034924294010003853
-0.034205584164019066
-0.02211352888331047
 0.0005468237863731143
 0.018528563900328095
 0.019482954478546595
 0.01276255368729308
 0.015516051637315446
 0.027346757987230227
 0.03714034276051105
 0.0409205686529377
 0.044052089163572554
 0.045181490186519055
 0.037609371897589255
 0.024341247000912072
 0.009843382045946113
-0.003942773767125957
-0.01627050920746468
-0.024979028650828308
-0.02596842074538882
-0.021747168532247608
-0.016678865766622853
-0.007860672538626101
 0.008100280306869545
 0.024271245686038785
 0.03261807744956812
 0.03366113998644881
 0.03361680429341951
 0.0405122161020046
 0.05439171139153521
 0.0652656939769369
 0.06268720704424612
 0.04700627148291886
 0.02665839072884487
 0.00914101223417177
 0.00019681205857443457
-0.004453798539695901
-0.014200713288445674
-0.02483901456901007
-0.027940199363288492
-0.02894592576602362
-0.0336362053984323
-0.0402352656146744
-0.04961582516579356
-0.054940809344415795
-0.04775371346128403
-0.03394422234964463
-0.020435749202937406
-0.015101430561326085
-0.02537337664425987
-0.045291898440601164
-0.061738213013538885
-0.06962535010297907
-0.07616374003171547
-0.08082368452037131
-0.07725813810681101
-0.06475772512173707
-0.04596393654424416
-0.031314395297910344
-0.023590600717612705
-0.019385682812646098
-0.016097819638054223
-0.008749714145772695
 0.0034496808743690807
 0.01858458442074854
 0.030426958133645196
 0.03964184170302541
 0.04771799064537544
 0.048476369525498574
 0.04579987674376011
 0.04457480391696589
 0.04230666883959277
 0.035602602356513864
 0.02507864123317176
 0.01398297932371817
 0.0028756500512827216
-0.005709195344473117
-0.00939841523303762
-0.009071728783243558
-0.007949328178086173
-0.010173127276128208
-0.015950805138446877
-0.018550293324505016
-0.009795103856610345
 0.005701487942206998
 0.019324301246136523
 0.03408818264969262
 0.05271629467284302
 0.06893859644913249
 0.07687240356310374
 0.07934355132896492
 0.08023727161967772
 0.07991291921508362
 0.07690507332466012
 0.06355994383230262
 0.0390514814388949
 0.015191724427278994
 0.0010065448002270633
-0.0009092359150936757
 0.004191735466880293
 0.0023926283813782215
-0.00884537535645414
-0.013645328200892367
-0.005151487663791504
 0.002992331983853347
-0.005058148187332988
-0.029489605985060383
-0.056378210426768924
-0.07316054505358441
-0.0789895593130233
-0.08143503830772081
-0.08138603509689517
-0.0768637649188218
-0.07190746883782295
-0.06611112262212972
-0.05794396824852113
-0.051650592369800366
-0.04582157753775789
-0.03262812319156107
-0.016058133998411973
-0.006462894395822892
-0.0063368865893169354
-0.016039465358735617
-0.028628549729868155
-0.03716439220110015
-0.04337376249374789
-0.04352543792621037
-0.035880981414189425
-0.02559270045047744
-0.013603317964009275
-0.0007248824183228517
 0.006310537746044648
 0.0023366342007225885
-0.005282153540134678
-0.0067032380650242605
 0.00035084988011422485
 0.016685158341029606
 0.033187476828883865
 0.041720986400123075
 0.051472568666669175
 0.06555740954468064
 0.07809282461870015
 0.08664733544330673
 0.08999586890540431
 0.0870253585765228
 0.07910088592554063
 0.0723898190246726
 0.06734018461242242
 0.062348887015081574
 0.056771887796051024
 0.04823371185222265
 0.04138730354076497
 0.0335585032662341
 0.018535606977084146
 0.003561713612458016
-0.0054361564328559014
-0.009627072929640684
-0.01234790169071024
-0.019002965249265303
-0.03344716033451467
-0.05444841341557321
-0.07558500790722139
-0.09190764843255134
-0.10336266512184641
-0.11052175876121811
-0.11031174594124273
-0.0985557107144119
-0.07596302875002314
-0.04429547185833834
-0.01059312686261597
 0.01467604816981305
 0.030980021486975574
 0.04137564219012073
 0.04739600177506581
 0.047566345560902855
 0.03991022225850362
 0.027857836584536957
 0.02095542493076632
 0.02971528134385374
 0.051124892701881204
 0.07210047815698321
 0.08465456101177374
 0.09456248594227684
 0.10450541296172558
 0.10225827913771983
 0.08267111045006353
 0.05231963267533691
 0.02348491208825297
 0.0021756406244731463
-0.010376108185117413
-0.013591633136618129
-0.018603931987326332
-0.024780633663624856
-0.024302271495066523
-0.021602443414760742
-0.020249029022562395
-0.025826028241592962
-0.039843197841706
-0.04925175906398164
-0.04339940950597543
-0.03091766430167249
-0.024591619806602488
-0.02449594714384939
-0.02586802874421514
-0.024733960776075894
-0.02481096508545442
-0.03153836629449706
-0.041310949241806935
-0.049193419386054385
-0.047996347657813056
-0.034151854457228056
-0.01423566556087956
-0.0018425923152387974
-0.006845557275561513
-0.012263880358038683
-8.081964607153241e-05
 0.020736089672477094
 0.039366535168223867
 0.050627874204623544
 0.05111090331837462
 0.04270806878513591
 0.03171041272473001
 0.024971344152705507
 0.021340461079050334
 0.01896031931705129
 0.018582297042740593
 0.01869430401366831
 0.019840039344789423
 0.018446956491056314
 0.01267861251912314
 0.0075869756001382335
 0.0025816771672191527
-0.006616871521382885
-0.02334786975107815
-0.039206149229729786
-0.042862700501945065
-0.038454770481093976
-0.028789526700613688
-0.016993822439644514
-0.01072611475948385
-0.010397094837093415
-0.01104813340517979
-0.008453311591710814
-0.005947161736904023
-0.008551316868154912
-0.015003368310825486
-0.017201499210307412
-0.010945458893128614
-0.00010181145147977744
 0.009400089247254384
 0.0084690339676032
-0.0010188653229491335
-0.011811175794874174
-0.021450750804190778
-0.02480161716628114
-0.02304684548750658
-0.021296740753924757
-0.023282525647136707
-0.028028808621858345
-0.027569114234071004
-0.024691942236440848
-0.027877132044188707
-0.031473013028898274
-0.03165735707770998
-0.03386015492238465
-0.03560559213817014
-0.03271675277755812
-0.027361432882579445
-0.020571027340831143
-0.01455533470107881
-0.017131488161173214
-0.026768729697893436
-0.03478654125273055
-0.03888645231825676
-0.03242973335778986
-0.013066577466781845
 0.005006168078431697
 0.010958856958081957
 0.012022920748330002
 0.014174382768488043
 0.013600348796081983
 0.010179478256100417
 0.00537952541166218
 0.003452077333359574
 0.0065439288098560755
 0.01273463189433642
 0.018852997328329187
 0.01514977660418644
-0.0034153310862582997
-0.027324091022398057
-0.04358372778762591
-0.050836160330852545
-0.0487640363789712
-0.03596027195636873
-0.014674334645949059
 0.01418138776710582
 0.03999659538708621
 0.055866542801323284
 0.06817327756089823
 0.08508628722571421
 0.10638155842651939
 0.11908031658228505
 0.12141145599236383
 0.1193533334486643
 0.11165754111212672
 0.10035186666899953
 0.08884551358258426
 0.0775188378860897
 0.06234659935077184
 0.046637662118288105
 0.04013427427849732
 0.04074564438504892
 0.043128120192247925
 0.04404984215411721
 0.04022061390977029
 0.02890793904885399
 0.011913258415768527
-0.007347224108395473
-0.03162233924216585
-0.05756588728234319
-0.07906417002642925
-0.09076653481093991
-0.08926377817257367
-0.08173599529037139
-0.07501792739911067
-0.06927058410794126
-0.059112977609626194
-0.041847613582757834
-0.022974486936988232
-0.0055434463557773594
 0.014102059719391824
 0.03652206471164896
 0.05480248931793973
 0.06258228724055034
 0.05792000927929814
 0.04255175904588491
 0.0233099443024919
 0.00764067610414651
-0.00292295405333394
-0.00834827755360024
-0.01423796210054483
-0.026663703389931237
-0.03900077272065545
-0.0474269419798579
-0.055486756041429726
-0.06546235110462409
-0.07575296496832887
-0.07972220156845818
-0.07256777430167563
-0.05968700528339284
-0.05187687221702937
-0.051004153179683945
-0.05449736137015308
-0.05705018010428377
-0.04767662039835014
-0.023543846520354957
 0.004387820744536065
 0.0236273025879363
 0.03635172894226207
 0.047286381815169476
 0.05144229679561224
 0.048614128295109506
 0.04347582192419714
 0.0394039125298274
 0.038057499128021754
 0.03648007193917515
 0.030420043892695293
 0.01960906563999927
 0.004873186480203226
-0.011255775819627712
-0.023261492041666915
-0.029130175335244143
-0.028894494316708645
-0.02536861693728669
-0.01872755364170629
-0.007216533037494661
 0.0006986062957056033
 0.00041392292524983915
-0.00558776830632067
-0.010623401882992618
-0.004827055667299372
 0.0075473497975704
 0.014400759099420783
 0.00929278787226126
-0.00525174653463216
-0.020584994679099786
-0.02714905280639628
-0.017927168819226933
-0.0017188678785157105
 0.00870242102318955
 0.018381665639248077
 0.029930021805001678
 0.03480231287253107
 0.03306620954713107
 0.029054970440267044
 0.024838385744922142
 0.021732534005450985
 0.01922405125065141
 0.01675523752999017
 0.012246968760098613
 0.004460170992302469
-0.004463027929927504
-0.011181095248584648
-0.017007776035427156
-0.023968524504107133
-0.026201657492534655
-0.017628478887157104
-0.0028505966480227574
 0.009894830959670378
 0.020068771766160065
 0.02571344226308904
 0.024833723380558066
 0.01753228791280758
-0.0003141102179541541
-0.022052740639466682
-0.03852238993836813
-0.04915602427373979
-0.0508384577294232
-0.04083252694987239
-0.020921004998716637
-0.004722037948390913
-0.0030676055912604028
-0.00733319321112913
-0.00992334750680178
-0.009722668577211876
-0.005510750254456159
 0.004313169662577526
 0.016675907764465425
 0.02529808929436682
 0.028781964167054058
 0.025062409134736695
 0.015462503159558438
 0.005636250342531977
-0.0036999732292560886
-0.0132858783688561
-0.01704276896271544
-0.014928642504099369
-0.015456007024577962
-0.014949643184863148
-0.013939249264331682
-0.018092830199574493
-0.02375850137726724
-0.031146275331083544
-0.037939013772824624
-0.03822369714328039
-0.028341440411337376
-0.009526650580477105
 0.009565822489351603
 0.01826267514233694
 0.011311260564042469
 0.0017860257119481568
 0.0030881037070262934
 0.01062755395221044
 0.020306798568268974
 0.034076620645770016
 0.04626201483033354
 0.04903884750631965
 0.04305115711032737
 0.029666358583831508
 0.014792804540849448
 0.0033797903582890865
-0.00998867386003216
-0.02213206496525738
-0.026385985222144248
-0.024990568323211178
-0.018188495418481016
-0.005534073242046439
 0.007958065596486173
 0.012216653371169374
 0.005342243388555212
 0.001326337336498437
 0.008651108102816232
 0.022136246523559736
 0.03152147359247521
 0.032580870437530524
 0.032566869888254066
 0.034746333579568585
 0.03821620761667758
 0.041912428495634785
 0.040433007155835865
 0.035157025901737464
 0.03149580768432944
 0.02804926894578777
 0.023025302732097692
 0.01677859687790797
 0.009824848827017126
 0.007113353956333057
 0.011941309044531355
 0.017025946118330713
 0.012893366436455271
 0.0015410225414006148
-0.00606843130907115
-0.007568853902237441
-0.006346113975436003
-0.005692741362149666
-0.010306016398878026
-0.015425654989019412
-0.017224762074521484
-0.014209915193705302
-0.006586459935051709
-0.005769744240019241
-0.0116360940610001
-0.012532147251705678
-0.005898084373914397
 0.0011560035712240915
 0.0007896486598952604
-0.008012209687323295
-0.02146701239171036
-0.03200030740543795
-0.03727395518693998
-0.04447038438785366
-0.054961676894846545
-0.067312747061149
-0.08086322214198736
-0.08454777508535913
-0.07346144649368747
-0.05442264329357534
-0.03020819787470709
-0.003832956831597095
 0.01713329473311942
 0.027344571101151086
 0.02544512469400495
 0.012636693898813313
 0.000903993970549806
-0.0026918870141597676
-0.0035599385337088674
-0.004143306396500422
-0.009398286397231458
-0.0173344264111955
-0.023490126834126657
-0.02671965262120561
-0.023844814096171826
-0.023534461954552378
-0.026689316618547378
-0.023683803628116694
-0.016902731976753883
-0.013316184309826225
-0.017728780703266472
-0.027797714670315776
-0.03565685008859949
-0.03767530359816067
-0.031806619731979846
-0.017731112744353895
-0.001728157392123529
 0.011355623742043748
 0.022418617607751684
 0.03422832270429911
 0.047522116372139975
 0.054545869173525614
 0.05327412689480392
 0.05160802774729513
 0.052130725895184554
 0.0564896529915118
 0.061987314714869256
 0.06674759909777273
 0.07554245759980574
 0.08524737041442437
 0.08983264435259983
 0.08836722384837915
 0.08703714475474812
 0.08929361304174296
 0.09363387235729922
 0.1027040806257043
 0.10863110130679446
 0.10137633529097143
 0.0847386759651311
 0.06496949641495771
 0.0454289971792289
 0.026112511312751933
 0.004453218959516107
-0.01760743068029594
-0.03141692121933175
-0.033477377235627645
-0.030616539546172102
-0.03134224923734243
-0.039227052854186255
-0.04854227517260696
-0.05227349756790618
-0.04950599878230558
-0.04385199439499111
-0.04406200664236293
-0.052747191359762816
-0.06184540072672079
-0.06666868829712275
-0.06939885094857781
-0.0706449250287394
-0.0665613476987842
-0.057785156977522165
-0.04868928051055698
-0.03673723358563079
-0.022071358031122364
-0.010137978886967165
 0.00010363262481734997
 0.010443249985649543
 0.017833357984665794
 0.018673408405662
 0.01096594870614255
-0.002134166163595755
-0.012555454492697432
-0.019632876591196075
-0.030105501317417967
-0.047263525032249565
-0.06627199251600524
-0.07603524157292964
-0.07432947281867891
-0.06750873213317776
-0.06217908043675918
-0.06001128410842654
-0.05434327888553383
-0.04456369494783124
-0.0336943793076223
-0.02114729687062089
-0.009036573809141312
 0.002245766480625723
 0.01480218280801262
 0.02589784529006979
 0.02845999848718954
 0.018570741910060987
 0.004968930432102399
 0.004674913171261154
 0.021550587274535148
 0.04089274191217581
 0.04587937313692749
 0.036468478442055474
 0.023856059344959206
 0.012431377799416977
 0.006098333459161442
 0.007580088844160324
 0.011136301367335129
 0.01681364048061333
 0.030718803968704037
 0.046822098642578455
 0.05283079086454167
 0.04692243853682609
 0.03774489110159142
 0.033852659097142426
 0.0338106568767095
 0.034692709804440426
 0.0338969959353789
 0.025398489025688878
 0.012982081626687972
 0.0052816223449576385
 0.004257228161451521
 0.004289897064102537
-0.0026591840415955623
-0.01058832363777049
-0.006432408657327721
 0.008907840477532597
 0.025104474055261956
 0.03402534007749914
 0.03662482883616086
 0.04057073128293003
 0.04722346194149229
 0.05134437483298945
 0.05036665010141081
 0.04344790413946555
 0.028838032499873677
 0.011899355209101181
 0.0006100150741486024
-0.006901432927275478
-0.015773295452385244
-0.022337353579681737
-0.018827810508434403
-0.008411188551921883
-0.0006897274442206128
-7.60238650726261e-05
-0.0055806854336156175
-0.011416700110843617
-0.012256749959236243
-0.00970159717990561
-0.009482250469544724
-0.014821235483745199
-0.02494150584791471
-0.0343804022139432
-0.035589140732562814
-0.029708789503400133
-0.029181424410317958
-0.03574314906501809
-0.037196902206256904
-0.03277963829502033
-0.025165516926752222
-0.015229590325092628
-0.008821874289149559
-0.004952976438060724
-0.0012707563946817504
 0.004264240890217673
 0.011290327164199684
 0.013833812580548444
 0.014239837098619201
 0.015079887519615406
 0.01647763789114485
 0.019648827435918045
 0.016083281594961335
 0.003792881716164584
-0.006775415386508617
-0.013108459726764148
-0.018291102077007616
-0.02636258350156131
-0.03739057470572006
-0.041840506660702284
-0.041212802245976066
-0.04289523570165947
-0.042069186116241504
-0.038855994064733584
-0.03341200221109272
-0.021956984949194052
-0.0097039200593357
-0.0010560703308741953
 0.0036202090385598212
 0.009642902096101288
 0.020283537421865644
 0.0329752951598422
 0.04613608088968979
 0.04910892526377126
 0.038846313071222965
 0.02618489104960285
 0.01579860480944678
 0.008109812890698315
 0.005206973267111635
 0.006124028283788156
 0.0020567858346111703
-0.002031457867933184
 0.005491658069076352
 0.016816000865578107
 0.024782476595898585
 0.0300724592581788
 0.03769358104423602
 0.045802398602935265
 0.04313990665677505
 0.031022183750109934
 0.015504591270528813
 0.0058043459737065
 0.006121698533115075
 0.006450718455505509
 5.2336882551524966e-05
-0.011591691087049799
-0.020902246460277756
-0.026518914713446664
-0.024393120891848738
-0.012882100287637106
-0.00826415773311242
-0.011589355896642676
-0.014618203040433524
-0.01701934605579993
-0.01643831109300117
-0.014205177531970061
-0.008098479460959162
 0.007286105653232261
 0.028961732887246273
 0.048684243558095794
 0.05959322823244309
 0.05765644626375498
 0.04525870664552507
 0.033698683689393175
 0.02709028958276559
 0.020948589995412673
 0.012461750448704519
 0.0009950663964275672
-0.00716275351419194
-0.008593171929467028
-0.00844616286959371
-0.014256509348261615
-0.02928407258260432
-0.0465144339479235
-0.05976155759123332
-0.06725900475707917
-0.06959947748493986
-0.06817139196965757
-0.06117564083942842
-0.050238654493924645
-0.037161873777546484
-0.02416443112944503
-0.01633796375490695
-0.009080863693883983
 0.0034452174897500604
 0.017726070065856872
 0.02779267113291338
 0.028177694397616783
 0.022887712307940143
 0.0188251368039559
 0.017191706272796328
 0.01837944411065217
 0.016818351229980176
 0.011971728933614478
 0.008863543721546942
 0.007055102745659375
 0.006821755772323822
 0.0068217560586256165
 0.0034195532994150332
-0.0050392845761366364
-0.013043095295395511
-0.015647250426646397
-0.017306349156366075
-0.019537148672197222
-0.01879977104544145
-0.012345385557570913
-0.0040405563007763
 0.0015434439086469687
 0.005468345102048772
 0.004831307369540627
 0.002444165189752469
 0.0065067412663402935
 0.01585696624631018
 0.024850169919034937
 0.02789535194360398
 0.02787901792173115
 0.0345597502514499
 0.04625744866337139
 0.051904452632896746
 0.047431185951950776
 0.03739258712865434
 0.024805836230118172
 0.012186416715232781
 0.001482778201969924
-0.00812646166359382
-0.016312283245369815
-0.025482830262815365
-0.03537442031254029
-0.04282053108126592
-0.049806947748506
-0.057019711257594294
-0.06204834441647711
-0.06185933284986908
-0.05468857127491192
-0.04369558158709519
-0.03456003608599165
-0.02832033007698747
-0.02239797634109006
-0.016928316288889095
-0.012450382090146803
-0.007498752954340725
-0.0015530644924795847
 0.002707856754799981
 0.006737764215038584
 0.013332158058691514
 0.016487013295290107
 0.013577173253914304
 0.007120454866050979
 0.00011537041803991177
 8.03686153961064e-05
 0.004628306992029603
 0.0049689942774018975
 0.005393686576243645
 0.009278918735507097
 0.011582056474429406
 0.011582056760731194
 0.0080935155154548
 0.0011864369164914165
-0.003580847311597586
-0.0029344751161003713
 0.003176889900103279
 0.009885623900978503
 0.012681124357735593
 0.011631061975669363
 0.010520329306097434
 0.013290161564294412
 0.013262160179439729
 0.006800774846383653
 0.002831538246254345
 0.006632765392048358
 0.016862709540851006
 0.02918344513600419
 0.03632387156720849
 0.036396209503997856
 0.03353070544195315
 0.02776936188780909
 0.020078236496464258
 0.012527119460901827
 0.0026915327534898573
-0.0024001041654950414
 0.0049760029979429715
 0.017301405538288905
 0.026334278245152012
 0.028028379636420873
 0.023261095408331864
 0.016447355713223415
 0.006464760232239929
-0.007230390149573586
-0.023214677148429383
-0.03938330848239867
-0.0526304321257085
-0.05971485464199626
-0.05599996598226806
-0.04482729890453057
-0.034466680290331016
-0.02494611181082588
-0.01296372974214683
-0.001872734205282417
 0.000187722383617063
-0.009262841345393295
-0.020542847589960368
-0.025097785811779398
-0.025090785107688484
-0.022775980005784312
-0.020507844355807603
-0.019159096908802006
-0.016757953320832016
-0.012585704032214644
-0.006324996769843098
-0.0028457888423486163
-0.0008460025409548419
 0.005078684667538934
 0.010578679863492757
 0.013299509197165903
 0.01386420985179005
 0.013313510605347724
 0.01466225805235332
 0.01749509407065239
 0.020719953485142176
 0.022136371637442608
 0.016655044794863343
 0.005410040639241873
-0.004889907114848394
-0.006574674043128177
 0.0038512818037698335
 0.015868665961394482
 0.021520336876112572
 0.025531576555580193
 0.03129058720973145
 0.038083326224076126
 0.04168154125398565
 0.041702542793654804
 0.0445587135379176
 0.04972502215259004
 0.05140278923568428
 0.04809159190773225
 0.040878828398643964
 0.031885625298522784
 0.019676896960599113
 0.004894348348875602
-0.0045142128734000295
-0.009857864832793262
-0.021032864810523536
-0.038036879333994494
-0.052483407891840236
-0.06129460012944429
-0.06516116393533317
-0.0663769028717419
-0.06570719595028096
-0.058445428944065236
-0.04692740792206449
-0.03683280518385151
-0.03186950868506355
-0.0303154156495771
-0.02426005397568641
-0.014048777607654748
 0.0028315634408119933
 0.023095439754020133
 0.030742229738637453
 0.029213805474314687
 0.02698300595848354
 0.02052395409802385
 0.011614756011372109
 0.0047916824258781715
 0.002866567820171931
 0.005818410940886032
 0.009743312134287828
 0.00944229445565746
 0.0006287687454570312
-0.011663964605936088
-0.017793996830307142
-0.014739480915352605
-0.0051722429839200015
 0.004530336358102266
 0.006476452789779444
 0.0015808275688899073
 0.00019241166034954932
 0.0041546484152933175
 0.004572340296345949
 1.0677663523014913e-06
-0.003359132486123559
-0.00410817690325762
-0.0017303680412513595
 0.0030835862113686927
 0.006618797481176136
 0.007937209784428884
 0.00615210353450505
 0.0024558832281514203
 0.003106922368841386
 0.013087184949832076
 0.02916947837033914
 0.047158218902083236
 0.06481093937994957
 0.07428250493493087
 0.07145666990702451
 0.06093970920147152
 0.05078677022095278
 0.04814294605556355
 0.05193017236577931
 0.05136547228375875
 0.03893739752177597
 0.02248641600364551
 0.011297415190336987
 0.007069163132010239
 0.009185623063222674
 0.008639590761973098
-0.004122170581291072
-0.02170488630866262
-0.0294800167134769
-0.02826194373186821
-0.03067708758281286
-0.041705078786971606
-0.05821673059260779
-0.07505040161654347
-0.08722646133811794
-0.09630366945170855
-0.10508686001815613
-0.11054718560736801
-0.11064285769751753
-0.10461083074959059
-0.09025297357780344
-0.06875702373371018
-0.04708139649969614
-0.027193209274504124
-0.0036088014566566795
 0.02015761722370788
 0.036004229911981225
 0.0432169939936731
 0.04431605987286675
 0.043966039269712535
 0.0491206805214031
 0.0599153250385281
 0.0682294881857082
 0.07077764054724972
 0.06957590244641923
 0.06740810669069015
 0.06828782614582471
 0.07247174279742397
 0.0757526055542267
 0.07462320510388379
 0.06634171114565648
 0.05126514498678994
 0.0350475107282968
 0.019366575166969553
 0.00528640180675443
-0.00505321498147418
-0.011579937547228705
-0.01151693350082483
-0.008630427612809181
-0.008247737820702154
-0.011024569924084678
-0.017152268675859353
-0.02390767155605847
-0.03153345971470485
-0.04020931054171925
-0.04676170130603388
-0.049027502910810636
-0.05129563798818375
-0.06041718208110547
-0.07290359365799758
-0.08029370108441025
-0.07996001421682707
-0.07795089402504779
-0.07482170698700932
-0.06378438131986149
-0.04733573270172381
-0.030478726379220795
-0.014802457190482707
-0.00039326362157535155
 0.0073025292875658065
 0.0016671932536259162
-0.004532843148636341
 0.0010208219170340718
 0.013493233230951522
 0.028343453120573438
 0.041200887412892497
 0.050646784769313696
 0.05872060023906735
 0.059756662358158914
 0.052926588354875855
 0.04505811904620664
 0.0403725063589907
 0.04194060023005541
 0.04798429454096423
 0.052770247122427796
 0.05091513669461276
 0.041555578396860963
 0.03293339743956315
 0.03180866393441298
 0.036228261318245934
 0.040370175463110454
 0.03900509428053382
 0.03378278289615201
 0.028765817100251063
 0.022285763986424005
 0.0137242533166319
 0.004497702956873385
-0.0056972385303800735
-0.014772113171374321
-0.019161374838850834
-0.01595751667772841
-0.009400458395617445
-0.007678355333192111
-0.006399612064077707
-0.002484044761061399
-0.0015996583607341061
-0.005874579870988321
-0.01681156564388852
-0.028616603222639606
-0.03326721382090994
-0.03230815629749869
-0.032137812511661645
-0.036114049529580076
-0.0389958878997994
-0.03673708614020818
-0.028329584089173146
-0.015122128907398075
-0.003650777337324801
 0.001046503285476584
 0.00043280027893218
-0.00013423327568475724
-0.0012309651096784544
-0.007391332477802354
-0.02281558605352854
-0.04349715338888392
-0.06009047673539316
-0.06992839691540151
-0.07002640247814738
-0.06285564090319024
-0.051759978421133064
-0.03592503309584159
-0.01786862185880266
 0.00437870616132284
 0.025711312923669974
 0.03694698376150954
 0.0416815999458529
 0.04465677779253074
 0.04657255908045507
 0.045039467870939556
 0.03969114896635358
 0.03915211708289313
 0.04606853014484559
 0.05438269329202569
 0.059962026556256216
 0.057439542965878394
 0.04523548157314747
 0.030245253900346734
 0.020904363383365918
 0.01755116354867918
 0.011320792002664067
 0.001760555061624168
-0.001123616781191529
 0.004831405571055103
 0.016130080168996752
 0.026712378679851774
 0.02593533259156123
 0.015026348489817522
 0.0002508002958831329
-0.01759793130747498
-0.03523665037715949
-0.051874309702999825
-0.06735456662103897
-0.07904759751516413
-0.0809097083607683
-0.07050242029464127
-0.05756564793404552
-0.04970417847056184
-0.045618267668010276
-0.04034461931390468
-0.03248081637782462
-0.028558248657019204
-0.030329354071364795
-0.028140556489664785
-0.018832334016429617
-0.008380709970971508
-0.0008365927805946069
-0.0026146986127293242
-0.013182995715402525
-0.02193818461069362
-0.023986973264007644
-0.0186643219853782
-0.009986137113163842
-0.004581814293661328
-0.0002392215055086952
 0.0052817749438124895
 0.011836499753327075
 0.01775885348922448
 0.01680679695620594
 0.011005784367923536
 0.005151101909924537
 0.002658953463299571
 0.005848810788843757
 0.00695254361323016
 0.0052071063974446635
 0.008625644037433447
 0.020948713105183002
 0.04180995840306272
 0.060160387187244695
 0.06685278687994531
 0.06862389286689448
 0.07237145014297192
 0.07397687957557858
 0.0681385314257542
 0.056709182935019226
 0.04466846462403443
 0.03411416835693947
 0.021714095266113176
 0.006702866339945074
-0.007715660546744184
-0.022743223781086893
-0.036709056984079724
-0.04228138925791754
-0.03829348430441366
-0.03257880962959348
-0.02694580649564638
-0.013143315801796101
 0.008361967932682665
 0.028089145548724923
 0.03746270525465854
 0.035663598169156464
 0.032280063190716864
 0.03260908311310731
 0.036683326552677004
 0.04300003715736151
 0.047235290206080964
 0.050229135833529795
 0.056090819281921486
 0.06533603799505458
 0.07316483884218902
 0.07083836694990656
 0.05204224547242086
 0.022243800703034715
-0.006569918630681862
-0.0316197466664482
-0.05746528885757785
-0.08302381391935358
-0.09943979334853845
-0.1051404666151768
-0.10608318925780985
-0.1021186190302697
-0.09449749724421248
-0.08703271812211229
-0.07806518264794762
-0.06783290502654862
-0.06084415431410858
-0.062157899099565
-0.07179280716368885
-0.07748648001253808
-0.06997969838370316
-0.05464411619403558
-0.04052894017227127
-0.03247845942848135
-0.025170022970338168
-0.014972747437884747
-0.00468913341936552
 0.00938404009566407
 0.024880631894481406
 0.03469988486632234
 0.039658514419917544
 0.04212266176798962
 0.043896101227535164
 0.042330341401670434
 0.03522025068682256
 0.028436846135466973
 0.0254710027517782
 0.024203927418249255
 0.019245298437257634
 0.005470809987167424
-0.009766765780848893
-0.014970409384459711
-0.009827435495751019
-0.0029670257761115135
-0.0016042774935276713
-0.004292437638248006
-0.006359894072333019
-0.0025399991457680238
 0.007920958790075587
 0.019639658455364438
 0.028166167608814532
 0.03569395049101681
 0.048787065515569585
 0.06232587380602966
 0.07059336750128231
 0.07608869575204338
 0.07742810930866348
 0.07328852920899892
 0.06477368799113428
 0.05672087434735157
 0.05186958510579313
 0.046000901812215896
 0.03808809652421559
 0.033421151617770636
 0.03349582302715639
 0.030228961678535463
 0.01980767334943378
 0.008705011022191081
 0.0013032362327965383
-0.0048384633545563785
-0.01411168316624236
-0.028840561908249275
-0.0441388079637713
-0.05281232531818932
-0.056461876172615486
-0.058746345558163215
-0.059395050653653234
-0.05733459406475375
-0.051806597197643446
-0.04290673242877362
-0.031013022318756765
-0.022397841206644488
-0.02592138454086649
-0.03682570169741745
-0.04581190437974951
-0.052933662457579245
-0.05877667755259637
-0.05978007048273513
-0.0522732888539002
-0.040171899682806114
-0.027701821841485036
-0.015042732719857715
-0.006987585030875047
-0.000750212494467245
 0.01017977343324742
 0.022969537020271644
 0.033344156470049444
 0.033953193104004686
 0.020554393741930584
 0.003058016500624844
-0.007860301491504358
-0.010445788841984265
-0.007993308856894057
-0.003191021967255875
 0.0035573810677577075
 0.011304510374019083
 0.020430721984737124
 0.030021294642133475
 0.0343288853413405
 0.031066690937912318
 0.025683369944380745
 0.022236831205839074
 0.021828473787775526
 0.018059915830934324
 0.0052234833645862025
-0.001900608185839897
 0.0024979879446256903
 0.006345884542347177
 0.006586232506075422
 0.007447284180438989
 0.014690383405883717
 0.02817085488143447
 0.04232569993733711
 0.0513865743153567
 0.048348393281180374
 0.03161739505148511
 0.0079489827927718
-0.013350954780622527
-0.0253846726738182
-0.030529979462519695
-0.03733671873983902
-0.041632641503460605
-0.037362386365795544
-0.028637532041653726
-0.019555656410266777
-0.016844160966979133
-0.020850733128650413
-0.025690355007226995
-0.031076009473354937
-0.036146645138972484
-0.04124761594834288
-0.047477987494357984
-0.05237594618784389
-0.05257662454483021
-0.04398944510387442
-0.030438969450432472
-0.018724936730336362
-0.0055478166923141545
 0.00956841907329433
 0.024868999174016318
 0.04017424621993103
 0.050350520499017094
 0.05698925032200112
 0.060029765401377416
 0.055880851411327356
 0.048259730197873725
 0.035873657942625654
 0.018426283625843767
 0.0032447112001404155
-0.0013802311995698147
 0.009020056448768084
 0.02482466663030672
 0.034107220904981764
 0.03744642047669385
 0.03795045084381229
 0.037973785856077816
 0.03469059019928228
 0.023452586461449924
 0.01240126053132743
 0.005064822974631351
-0.00287365051192906
-0.010102748329191974
-0.016977158311806125
-0.020827387809520398
-0.016043768700653195
-0.005069446793607449
 0.0060168817980642275
 0.01131853182332631
 0.00769931611265301
 0.003954092881775541
 0.008065671882887211
 0.01527376901938634
 0.020115724943162876
 0.020955775364159074
 0.021497141292819495
 0.023758276525007074
 0.025468712224450553
 0.025496714181908818
 0.01812760800886351
 0.0026730192893844734
-0.015777748243837972
-0.032609085795177295
-0.04122193286208961
-0.0448948184424795
-0.04743363634103194
-0.0442134438717349
-0.03840309682046342
-0.03509189891990781
-0.03206071773091702
-0.029489230643411767
-0.028873193591667408
-0.02699241439268868
-0.024679942763380883
-0.02629470551376946
-0.03193470849290211
-0.039847513780902406
-0.04728662413183892
-0.049428751689007885
-0.04342705988483379
-0.03652231418586319
-0.03312477779924178
-0.022416471768182587
-0.0023392732626843146
 0.015546794474819353
 0.02558306039812301
 0.027951535369743763
 0.028980597071046214
 0.03629370047438215
 0.04617129026113241
 0.04982317516075853
 0.04214371713239556
 0.02499036036275671
 0.005788214653502044
-0.00693854460081653
-0.00947036208157984
-0.00976671281501747
-0.01150048266782109
-0.0077342576109726835
 0.00033255744099185136
 0.006996955462535981
 0.01291697572583702
 0.02005973562963769
 0.027246831512769472
 0.0322287957923284
 0.03512930251592229
 0.036895741557678725
 0.03568000262126999
 0.03181577228797748
 0.029430963580785688
 0.02870525388961536
 0.028114885609034683
 0.023816629372816735
 0.012928646524440382
 0.004010114547403153
 0.0029530517475478066
 0.006257249230314295
 0.009293097364497835
 0.009759792170074305
 0.011600902334914683
 0.016326184628872552
 0.020192749007365014
 0.020853122038440468
 0.016806880842630836
 0.008751733726251758
 0.0007129209180472898
-0.0034196587638281595
-0.0017582259889085267
 0.0006055820375194879
-0.004068363286714581
-0.009909044909135335
-0.012282186253345258
-0.017376156644926536
-0.026180348464741467
-0.038606089754127874
-0.05230357360853776
-0.06032605210856762
-0.062029486817618384
-0.06258018606406071
-0.0678561673181591
-0.07908250369300959
-0.08908610042736044
-0.08836739058137566
-0.07395819701246831
-0.05444803234788877
-0.038356405036996215
-0.02149473176930045
-0.0035526606894838164
 0.00788135531904749
 0.010254497235860992
 0.005125524755334121
 0.0021480140086634902
 0.008817078975400378
 0.019672393780031078
 0.030742388063528137
 0.04195705764800034
 0.051160273854398704
 0.05522985034877565
 0.05536052510047436
 0.055159846743488034
 0.05325106644595642
 0.05291738015097681
 0.06328499918296548
 0.08276249523119579
 0.09787873099680428
 0.0993744872173814
 0.0879311378910682
 0.07091778947721175
 0.054977838457687035
 0.038342512604443074
 0.021534509779067484
 0.007699351041471569
-6.411200036084835e-05
 0.0004469187845467168
 0.0035364367884468464
 0.005111531077300668
 0.0011352940593822303
-0.008672290976873248
-0.015413693021494125
-0.016006394774671168
-0.016732104465841495
-0.025715973675577174
-0.03729699788507642
-0.037878032275271596
-0.02900850265015463
-0.022145759457918756
-0.022824799697161616
-0.029365523098494377
-0.03930844954533951
-0.04680823018378173
-0.04798663355864849
-0.04724925593189272
-0.04937738265348344
-0.05358229998584646
-0.05023843346894163
-0.0394204542258529
-0.02941218997370572
-0.022495776911753265
-0.023648512088059914
-0.028224451563246305
-0.031960340903738275
-0.038307386079572056
-0.0440080593462104
-0.04690389855200797
-0.0456041540295262
-0.04144123863129432
-0.03312707548411421
-0.019399255913347888
-0.00856727583468091
-0.0012565059039413573
 0.008145055473148748
 0.016491887236678084
 0.01838433379863868
 0.01681390702758119
 0.014559772785786303
 0.016802240237202906
 0.029888354843966555
 0.04658901850251256
 0.06219061656816669
 0.07177418880777392
 0.06745026437299585
 0.05426614448978811
 0.041359707845548786
 0.03599972157798095
 0.03378292289772804
 0.02895496838213333
 0.029162647729512346
 0.0361770666405125
 0.044428226027590514
 0.04608732532991378
 0.039322588559329165
 0.0329055392056042
 0.0289526369136495
 0.025541100264053422
 0.02326596476889118
 0.023083954192675844
 0.027111528180318083
 0.03288920661524033
 0.03590172002346015
 0.03466264636108768
 0.023933339649264716
 0.0029974238009046264
-0.014739301117827563
-0.023508490848696897
-0.02857212609652532
-0.03131395611096224
-0.032809711758935774
-0.03195566050236133
-0.028586125786896392
-0.026600340321080867
-0.026831353821820038
-0.029762195116563202
-0.03392277646959512
-0.03566354674018787
-0.03508484524998548
-0.03321106646879587
-0.036095238311611565
-0.04793761145190462
-0.06072270752113253
-0.07217305726523486
-0.08308437483957495
-0.08846536236051014
-0.08455212853009023
-0.06826682299369867
-0.04457740890901443
-0.019539247663626382
 0.0026777452127462603
 0.015080152348772517
 0.02040047015480559
 0.023928681006823917
 0.027018199010724053
 0.03200483023547573
 0.03396494750273115
 0.029484680403996072
 0.02879397280177135
 0.034982342413655325
 0.03951861342730695
 0.03841954812071688
 0.0294006768220356
 0.0165619108830911
 0.009356147791791933
 0.010000186514692769
 0.014417450425929353
 0.016508242158581682
 0.014403450162954697
 0.007851059398640059
 0.0008343075876471318
 0.0010023179008878044
 0.002514408429639542
 0.00036061350948871085
 0.0015973542718683911
 0.006597986332198311
 0.012277658918072885
 0.01939241715071708
 0.02674052264299861
 0.035904069815258635
 0.04693439506461734
 0.0535614575246195
 0.05464418909563854
 0.05304809412602095
 0.05276341075556518
 0.05606294129313893
 0.06001117721250445
 0.06191529113744691
 0.05388114527443519
 0.033547265355939444
 0.013234386690811048
-0.0019985221320125215
-0.014020572662226331
-0.022558748606054696
-0.02891512767227397
-0.03159628739920518
-0.030105198123820807
-0.027267695160328995
-0.026292303328743136
-0.03106658797462126
-0.04155554700901776
-0.054051292476295365
-0.06435124023038563
-0.07243205554532482
-0.08149992976852993
-0.08879203134589493
-0.0838614034634562
-0.06401755221759528
-0.04105618158297953
-0.02439518695857188
-0.0185055018390237
-0.017828794499773634
-0.013297190431314755
-0.0077528592560298405
-0.002896902496675062
-0.0030462444565411695
-0.008508903518349435
-0.010576359952434451
-0.007139154531674685
 0.0015786993746780137
 0.008758794840020664
 0.010553235552933582
 0.01192298425330654
 0.013869100684983725
 0.017833670912523865
 0.020190478521162764
 0.01938543076171574
 0.020981526303936925
 0.022617290880296445
 0.022799302029115356
 0.023343001430372143
 0.020724845463543015
 0.011712974582650852
 0.002505092003663327
 0.0041011875458844965
 0.014314797386512534
 0.020083141931049292
 0.014482807986055002
 0.002143405182734405
-0.00922760649309123
-0.01763277449892632
-0.022271717734214783
-0.021784021675270954
-0.013686871479553574
 0.004682225085399387
 0.027305242193540996
 0.04512597269834622
 0.05419384749415492
 0.056436314945571525
 0.057155024791556305
 0.057745393644740566
 0.05735803748004437
 0.05088731825660281
 0.036261112308836316
 0.023949711176672217
 0.01689095685894456
 0.01037823512876828
 0.0034618226394194027
-0.008123868515272588
-0.020654616071495796
-0.025823257586161018
-0.02784637804091494
-0.02954747927736933
-0.028005053604864737
-0.024073151993673825
-0.017581430944261314
-0.0047169962341531355
 0.013495757666842807
 0.02653986976687174
 0.03173418005270066
 0.037215507467883484
 0.036683476002212154
 0.022101606033776748
 0.0016067165061312352
-0.017077398286728548
-0.02712999794560323
-0.028502079545968985
-0.027904710274995605
-0.026565296718375504
-0.02806805278413816
-0.030847218360117053
-0.030084172534801168
-0.024311161045071663
-0.011680073594600816
-0.0012144487135644574
-0.0021128353768664204
-0.008583554600307977
-0.012534123419666306
-0.014468571915758035
-0.018836832329867194
-0.02558756826487356
-0.029020106167836998
-0.028994437682975098
-0.02908077588273912
-0.027949041387196245
-0.024196817165926077
-0.015140609733099233
-0.0024861875566646596
 0.010259240051028483
 0.020736532295046697
 0.02082053759481793
 0.012718721026511379
 0.007575747710406269
 0.0074404065861184004
 0.007482409379154918
 0.00428321873582882
-0.00034872408167052615
-0.0026168591590436524
-0.0014454556293624285
 0.0019194121409097653
 0.006145331299243724
 0.006005323229763118
-0.0007407457600505096
-0.004177950608206686
-7.570549748051741e-05
 0.007426409186161664
 0.011701331269019469
 0.0070413867803636385
 0.0006383382622169032
-0.004562971868797547
-0.009003569933394281
-0.013336828258557833
-0.02261238154284019
-0.028019037262335494
-0.02563422798254012
-0.020376913936609124
-0.014666906206981693
-0.011999746743025144
-0.009453927854080002
-0.0056293659823222625
 0.002211102227794054
 0.012581054732379096
 0.012508717368193319
 0.0022134365592957964
-0.006483415521085958
-0.009208911227348262
-0.007213791871147238
-0.0031068798152283153
-0.00018070489307431964
 0.006103337095260952
 0.020143841993941314
 0.03558209697784932
 0.045392016059304756
 0.04583537613891749
 0.04245417463307427
 0.042899868185283366
 0.048350860456713364
 0.05993655218400894
 0.06897409183606479
 0.06891575530745725
 0.06718898587244274
 0.06423480985173585
 0.05638267485124125
 0.045095668188885045
 0.03459037484631392
 0.03053246628752243
 0.028700690585671124
 0.02265466337476952
 0.012289378387980797
-0.0029925333593666045
-0.019508852110195533
-0.03155423736637307
-0.036839552510856965
-0.03954638043634828
-0.04788854468208129
-0.061315345715311866
-0.06869845272393542
-0.06283210233035097
-0.05144475577374714
-0.043632289234787305
-0.03835630740808532
-0.029951138829646652
-0.01816476845906297
-0.007584803420804323
 0.000636020822520858
 0.0029344916162504092
-0.0005633835194114728
-0.004336608421445426
-0.007573134626313496
-0.0077971477092635515
-0.008254508051850937
-0.013679831552117234
-0.016566336867529296
-0.014155859389173818
-0.010419969476078258
-0.009701259630093474
-0.013920177798034731
-0.018734131478051204
-0.02576721759721875
-0.034184052966035695
-0.03871565646189099
-0.03957904103624735
-0.03460174370188116
-0.024000777410255147
-0.008842539137911946
 0.007526771411949039
 0.013922820084910234
 0.012441065272514935
 0.01462752938161857
 0.018540763212038507
 0.01993618011097157
 0.020267533505958384
 0.023450390413713447
 0.03529743107180284
 0.05134238893076792
 0.06459418009187408
 0.07214763117263646
 0.0697254869039027
 0.059010181027657975
 0.043366581027872705
 0.026789591989538085
 0.014545861562668794
 0.0044862614860049915
-0.008037485652429097
-0.019917194354264128
-0.027316635671062295
-0.0319345776529834
-0.034461728188553975
-0.03590848091200367
-0.036095158433411746
-0.03662018948129396
-0.037992271081659715
-0.035192103679709874
-0.03039448373526444
-0.02066856966727844
-0.0028805077788224553
 0.013201785641684609
 0.02464280206800503
 0.029634100237949462
 0.027872328713989356
 0.030789169745757856
 0.04116145572293929
 0.048756909310436386
 0.04746649925094371
 0.04090710806883995
 0.036174825929696564
 0.03371301262682444
 0.027580646929857018
 0.016636660739167704
 0.0017094368264690477
-0.01620229853699115
-0.029353749803849666
-0.03467406703727916
-0.03579180012464021
-0.03623749310424574
-0.03768424582769543
-0.03503108719931712
-0.02811467413736466
-0.02267301575632017
-0.02238133139547171
-0.02595621112681392
-0.023636739079716997
-0.015964280896539562
-0.010783971446288895
-0.007974470153953563
-0.008021139319579242
-0.01046195136908399
-0.010891310040514905
-0.005748336151806199
 0.0005007037475834725
-0.002010112479812483
-0.00905019901676915
-0.00820781512317657
-0.0012750677530494955
 0.004626284729480547
 0.003926243236870325
-0.004849946911788125
-0.01045494780197517
-0.008135475754878246
-0.0029528328320312033
 0.0018704553109743435
 0.001028071989985349
-0.005918675643116378
-0.012242386092986418
-0.011131652850810907
-0.0029178290252748484
 0.004364939234308224
 0.008411181002721445
 0.012044398121576573
 0.013085127185860891
 0.009048219880436748
 0.0003256996014948804
-0.009246204702526892
-0.01247573048960584
-0.01088663536517379
-0.012153710698702733
-0.01721267900133841
-0.024854801468159403
-0.03298695318021881
-0.037978250777559654
-0.036713508344023496
-0.029694422487830607
-0.02626888443005271
-0.024693790141198893
-0.012534064155195469
 0.005020650473623184
 0.01841478346310812
 0.026549269220367475
 0.026243584596544363
 0.019971210543794526
 0.016578341674969445
 0.01832377946335851
 0.023121399407803958
 0.02765067000366645
 0.029844134530559216
 0.031374892840081936
 0.03209360268606672
 0.03193959378100788
 0.026490935554777856
 0.016095315424236277
 0.015313602390752988
 0.025083852438070077
 0.03395104859059067
 0.03466275801878635
 0.025011515646487882
 0.01433587880438151
 0.009209239796451003
 0.007246789629202791
 0.005769701762000236
 0.0005473903776184313
-0.004217560377874206
-0.00063334618354291
 0.01015663138838934
 0.024327810752466608
 0.032287286064997964
 0.030604852609314552
 0.029120764324322874
 0.028738075104819447
 0.025013853127309332
 0.015679963028117645
 0.0026895213704088844
-0.006840380426878165
-0.012748732754593747
-0.01750434961970088
-0.020934554050067947
-0.02414774552897228
-0.028016642807457533
-0.029267383832811873
-0.022906337248796274
-0.010898286981557124
-0.0057086436409209546
-0.01399247107174463
-0.02162525964818013
-0.02163225977966746
-0.02144791515825217
-0.02284566495717803
-0.0272652617684074
-0.029941754550145864
-0.02821731801512415
-0.027262927436905653
-0.027507941773223063
-0.03216088584408977
-0.03748120307751926
-0.03477670805202074
-0.02475910990948807
-0.010415253573279173
 0.0006430733472360187
 0.00412461474732688
 0.00849520920663599
 0.016198002533566284
 0.022038684728590614
 0.02442582748098237
 0.021683997466545445
 0.016102331302322137
 0.011965084675253944
 0.00901790907233617
 0.005650708402071186
 0.0003023894974852129
-0.0056502988095614645
-0.008079443496084346
-0.004394889980109007
 0.0023185109659589753
 0.0047383223346999445
 0.0007924204605343696
-0.0032958232420099848
-0.002493108382555752
 0.0013851233589185774
 0.003023221407874477
 0.0007457524401158558
 0.0015041313202389939
 0.007424151583540033
 0.011449392098585885
 0.011498395309411519
 0.007902514324701945
 0.0012777859098997424
-0.0033728246883706
-0.0006846639710466826
 0.009120588165216006
 0.015847989946862227
 0.014429238894569006
 0.012646466117241545
 0.013092159669450647
 0.014641585759744363
 0.01814646188579895
 0.02330343661008589
 0.0301545124393399
 0.03362671994904526
 0.032088961794337
 0.029482473190489737
 0.024010480238295974
 0.016342689572914876
 0.01085669578514288
 0.010294329175718687
 0.013344178145480473
 0.011883424586452529
 0.0037092703676584113
-0.0020334054057146653
-0.002145411804038787
-0.0026914441052883695
-0.00971519633407042
-0.02593283059256355
-0.04354354799109158
-0.05477921825632757
-0.06023020995515396
-0.060230209668852175
-0.05702401803513337
-0.052046720700767185
-0.04456327379789599
-0.03335560463121291
-0.019168090958961027
-0.010104883108345071
-0.00708770275493251
-0.0021617418176865313
 0.00391228763697514
 0.009472953120434675
 0.014881942885129937
 0.019147531077602246
 0.027440692971414993
 0.039222396396805935
 0.04753189259879329
 0.047468889124993
 0.036202883716004164
 0.01903552611078707
 0.004175972903383243
-0.0032654709201496365
-0.002892115018428114
 0.0009394472711187554
 0.003996296658669657
 0.005359044941253499
 0.006273766485333648
 0.0031445800198987572
-0.008221764710734141
-0.021132868300166203
-0.024619076072846222
-0.018104020297469985
-0.004971236238778862
 0.013404860743963208
 0.02797973086721308
 0.035442176516716904
 0.045448107296267706
 0.06036833136378082
 0.07552190269093129
 0.08392240432417719
 0.080872555927019
 0.07365745894533432
 0.06798712082244884
 0.06130872253793004
 0.048880647775947264
 0.02928881214309824
 0.008215221411552127
-0.008956803138857713
-0.018556709114035962
-0.023580675327726043
-0.03139780823927504
-0.04219945260158557
-0.05363580151010967
-0.06234898789866604
-0.06799365782299144
-0.07492873809311129
-0.08151613094637153
-0.08090942778501266
-0.07279594328112066
-0.06508614953640125
-0.06043553836552734
-0.05466952729358694
-0.043977555570702376
-0.029729371610944785
-0.020509821096371814
-0.020523821645648258
-0.028128608550927282
-0.03886258220794299
-0.04320284095089567
-0.03728048721499826
-0.026126487918031766
-0.019350083211861706
-0.02130319948872442
-0.02163455231110765
-0.01635157006661655
-0.010368546043213439
-0.0038791584663973033
 0.002187870570475245
 0.011122737428290674
 0.020374956559212877
 0.025424591544066642
 0.02800541252195738
 0.021161337683096075
 0.007911880567189868
-0.0015083480180676304
-0.001982042668829634
 0.010649044781641213
 0.024556541742328283
 0.030551233128713266
 0.036111898612172795
 0.0437166860900554
 0.04766958895461368
 0.04352300843716
 0.03544686006741356
 0.03268402879960927
 0.03544686064001714
 0.03896340412905359
 0.04155122552473346
 0.03958177493969611
 0.03498483421114238
 0.03365708859010772
 0.03292904542634102
 0.02677334500340986
 0.012324482972967746
-0.004128832017759099
-0.012433660701950126
-0.012211980518992867
-0.00828941279818744
-0.00730468707621609
-0.012830349898126432
-0.017746976372383337
-0.018080662667362933
-0.016953595117012808
-0.016808919529735865
-0.019968441138923612
-0.024983073462228195
-0.027801908072345432
-0.02485706536942045
-0.016783249899666796
-0.010758223369528967
-0.007435358105991496
 0.0023768944480603155
 0.018818542648408876
 0.03206333339172591
 0.03534652962112503
 0.029424176457831214
 0.024733896825422534
 0.024348874133322713
 0.024381543035973736
 0.024743231574713392
 0.01862953365851696
 0.004782707557939171
-0.009367469980167149
-0.017630296157623463
-0.017308276653022144
-0.01749495417443022
-0.021333516309162626
-0.01992643204724769
-0.014694786199876804
-0.01076055111608951
-0.00972915594219069
-0.014475438916912331
-0.020003435211419056
-0.02121917414782779
-0.020383790672024334
-0.01805031778934917
-0.0163398820899057
-0.01656389517285575
-0.015317820520090581
-0.008989442552424207
 0.0013595086987934768
 0.0037839870127272038
-0.005297888046056166
-0.01308001886865956
-0.015698174835488694
-0.015359821022712761
-0.013490709186715896
-0.013738056995629685
-0.013287696498227829
-0.011273909361255822
-0.008581081698739161
-0.003977139979792717
-0.0018956821375258753
-0.0018186772555437644
 0.00016477473767539247
 0.005072067894150378
 0.013183218925446008
 0.0170124477423965
 0.013733919030793705
 0.012058485992899416
 0.01333489578941744
 0.012772529179993247
 0.009687678693889451
 0.006231806064962278
 0.006955182856139816
 0.013201889282933116
 0.021378377546927195
 0.025303278740329005
 0.02031198114298815
 0.010103038820156451
-0.00022724407768667104
-0.008501737618124845
-0.013192017250533532
-0.019072367907092626
-0.029185637853473025
-0.033150207508409586
-0.027335193511945362
-0.02034410932690895
-0.01644487633206726
-0.01655921620298776
-0.016596551478227948
-0.015182466798523891
-0.01524313679972781
-0.01616719166158987
-0.015114795234323693
-0.007029312401588172
 0.006294816410005559
 0.023252162054152634
 0.03994115834971677
 0.04458010215760882
 0.03934378993764877
 0.0344504981893556
 0.03268172624760638
 0.03160832913957642
 0.03158499469991448
 0.034452832807159134
 0.036025593623416584
 0.03521587891877682
 0.03414248181074686
 0.03057926944238651
 0.021744742478818725
 0.010877760883809734
 0.003438650532873226
 0.00010178500636109228
 0.0004634735451007621
-9.889306432343814e-05
-0.0019913390536804437
 0.00142019816851921
 0.005734789285515365
 0.0055574456544927875
-0.001204957643495451
-0.014029722746861699
-0.025207056197188354
-0.03483263037092671
-0.043657823444109005
-0.05172463792346995
-0.06263828897040641
-0.07201184810373645
-0.07520403832927343
-0.06933302099049624
-0.0555888671115553
-0.04383516535732084
-0.03863152118110644
-0.034284261447761054
-0.028562586355151763
-0.025491736132022616
-0.025396063469269516
-0.025347060258443882
-0.02108613901116432
-0.013413680827986885
-0.005388868282757073
 0.0032403136649334363
 0.010401741349505104
 0.017595837650425994
 0.025734990352878094
 0.035367565517009154
 0.045966198336038794
 0.04898571216204772
 0.04695092434431194
 0.0489437102279166
 0.052553592620807985
 0.05188155279935425
 0.04472479263257891
 0.03532323182809239
 0.03028293130622771
 0.030688955824298467
 0.03234338818142898
 0.031925696872979935
 0.030938638251015796
 0.02849315925631829
 0.023298849543092963
 0.01827254985680652
 0.010982781752037901
-0.002110332699911281
-0.015523132897563626
-0.02242554455133426
-0.025617734776871244
-0.0286535823384512
-0.029607972344066123
-0.02864891482065487
-0.02435532495702608
-0.01714722782052695
-0.011040529749516054
-0.005197514081895338
-0.00042089539081726496
 0.0006221671460634251
 0.0009605209588393546
 0.002871635301570939
 0.005825811894881412
 0.008348296057862824
 0.009365690396183395
 0.012168191270729607
 0.013775954175932657
 0.010147404574873856
 0.003707020495185148
-0.003139387816272529
-0.0031720561463199626
 0.002442279206856149
 0.0062575071882284075
 0.007540917402535548
 0.003172656988426392
-0.005337517284245495
-0.01071383785998795
-0.006368911599238948
 0.008079951003806755
 0.019182613903653035
 0.021404080101702277
 0.02346687016319813
 0.025464322991995532
 0.02546665675089369
 0.024596271758748213
 0.021590759340921105
 0.01839390217019138
 0.015262382232160115
 0.010719111373322952
 0.0054337962288390634
 0.0001554815021442904
-0.005780872496727769
-0.012727620129829503
-0.017977933185367792
-0.019821376250200966
-0.022308857751633184
-0.02650677466620709
-0.026336430880370038
-0.02659077910707295
-0.03126005748611427
-0.0352712965929783
-0.039030520659434007
-0.03711707284410606
-0.0273958257213128
-0.01553945117283792
-0.0060492178370856325
-0.006394571495047102
-0.012505935938647163
-0.014953748405941034
-0.012921293488198038
-0.0060118808440346935
 0.0013315577030540843
 0.006749881358134847
 0.017220173184363946
 0.028924872014074565
 0.03249275190023124
 0.027027759365826597
 0.016667141324230625
 0.011237150878771585
 0.010929132782352087
 0.009517382147847996
 0.0071652420570054234
 0.0006478533816363999
-0.005227830329729961
-0.003545396301442967
 0.002647640255633743
 0.011307157347077115
 0.0151107179654675
 0.012340886279874098
 0.012492562284940167
 0.017787211892413127
 0.02576768845831185
 0.03062597869026299
 0.030313293648650763
 0.032054064491847084
 0.0351715841669037
 0.03589962790327398
 0.034126189016332006
 0.029466244527676183
 0.025156320928476354
 0.02236548798951559
 0.02286951835663404
 0.026089710825931076
 0.02038903755929273
 0.004353414163316714
-0.010193453716173077
-0.021284448680433915
-0.030025636740146765
-0.03411154697009475
-0.03686037740232078
-0.03781010046274295
-0.035716975257494246
-0.03662236233858532
-0.041403647402252566
-0.04844840088440198
-0.05570783384541774
-0.056599220090930574
-0.04873075020965778
-0.032844468487246085
-0.016153138719085584
-0.003515050850825617
 0.0125439078437177
 0.02828551426515425
 0.03597897370169904
 0.03420553481475708
 0.02451228993572388
 0.01722952224874439
 0.012592912486052286
 0.009242046123961928
 0.011412175924890945
 0.010775138192382815
 0.0022556300293254325
-0.008261330676227557
-0.015705107972356813
-0.019263653395524414
-0.021851474218600685
-0.023337895976188735
-0.01875962245580239
-0.010489795287953376
-0.007185597805186891
-0.011437184589477383
-0.02085507970213851
-0.02688477260486551
-0.025267675809276968
-0.02314188198767904
-0.022434839504676115
-0.02305320945641327
-0.02417794296156344
-0.020220373151812417
-0.010062766653497344
 0.00403840853268872
 0.013761989128078349
 0.015619433601093344
 0.019009969569925636
 0.023086546482091706
 0.02097708754127197
 0.011386515456479215
-0.004229082872149591
-0.016969842962046393
-0.022761521659943308
-0.024646967231511198
-0.02266118176569567
-0.018337256758314022
-0.012669251535421318
-0.0023086329212217635
 0.013477309479545875
 0.027013784297409582
 0.032308433904882555
 0.03189307606902989
 0.029428929293561397
 0.025364020316980776
 0.018279597800693013
 0.009487073343859953
 0.0024329859713250537
 0.0013502549729095953
 0.006549232203931256
 0.014322029708752744
 0.02196881969337007
 0.024922996286680543
 0.02301421598914892
 0.020629407281957127
 0.022626860110754522
 0.028490877031742592
 0.027723164833837542
 0.02125477908299235
 0.02005304098216186
 0.0245263082357114
 0.029109248701290495
 0.028910903816900542
 0.0237095936858861
 0.01992703489346665
 0.02127111539527951
 0.02481332708287607
 0.02692278659629939
 0.026026733405593812
 0.022587195084841256
 0.017922583650992682
 0.015808457764980195
 0.016431495234513684
 0.009585086923056006
-0.004915111504506325
-0.016547472111125783
-0.02589536304589571
-0.03627464886826267
-0.048147357152308584
-0.05858731326218125
-0.06047042536115277
-0.054720748597386994
-0.04468681614667971
-0.03479522552435121
-0.0329121128527761
-0.03788474266934597
-0.04241401269260488
-0.04173963882595119
-0.037875407920055094
-0.03751371938131543
-0.03883913152975371
-0.03430286051610209
-0.02551033548666544
-0.01901861443725293
-0.01913295430817344
-0.025377326689766784
-0.03279543578733594
-0.040815580814769416
-0.04744497617476437
-0.0485557088443363
-0.04447446498697749
-0.035369254629626805
-0.023384539088351388
-0.010450100200352003
 0.0017072923130550394
 0.006325234867579736
 0.003165713258391982
 0.000316543504521892
 0.00032587768120916766
 0.0011659281022053797
-0.00042083297702672634
-0.0009878665316436566
 0.008670376831047516
 0.023842615938968956
 0.03824947603527993
 0.04942914353080654
 0.05043020356095251
 0.04594993646221743
 0.04319643908479864
 0.04220938046283449
 0.04435384206520342
 0.04546690877997531
 0.04163768053562839
 0.03728575442969385
 0.0333725211718775
 0.026845798606122975
 0.017313563336239554
 0.008581709166912192
 0.006446582027532351
 0.010275810844482841
 0.015136434549030367
 0.016979878186467116
 0.01674886468572795
 0.01825162132409419
 0.02056409295340199
 0.02554139028776818
 0.03201677702900607
 0.029426622733333428
 0.018993667041249877
 0.014135377381902313
 0.0164315147030355
 0.018732318969361436
 0.01744190890986875
 0.009137080225677718
-0.0034170020565092232
-0.015198704909296569
-0.02751010604146068
-0.03992651344046159
-0.051402531383124034
-0.06097910263233855
-0.06593773161333016
-0.06454931513218623
-0.05964202197571124
-0.05997570827069083
-0.0645703155266482
-0.06452364578841895
-0.06215750428939456
-0.06209916718818344
-0.06372559730155389
-0.06391927524075108
-0.05743455460912769
-0.044210765119178014
-0.028863515566528566
-0.016573115115128243
-0.009337016307472627
-0.00270995384747047
 0.008521050045176358
 0.026705802275015816
 0.049170143246604035
 0.0646387333742649
 0.06882965044365326
 0.0704724154378019
 0.0682812849561091
 0.06047115246234922
 0.051601623409835845
 0.04146268526489535
 0.034863625048653236
 0.0314054189471297
 0.02771619905856519
 0.024787691236418406
 0.019635384029927795
 0.014070052173879105
 0.01043450215503118
 0.01043916938652572
 0.014046718306820742
 0.013057326212260224
 0.008574725640928767
 0.006621609364066056
 0.003977785198676816
 0.0006059175832190886
-0.00291062533321379
-0.008489958024840726
-0.012512864494686627
-0.014094958628725975
-0.013639931186131382
-0.011243454543354136
-0.011992498960488193
-0.016099410443803537
-0.02018298720115514
-0.02182341815010383
-0.019186593829900126
-0.01591039801829013
-0.011066108621917217
 5.988900389279628e-05
 0.01014049090652755
 0.01225228389254724
 0.009578124583405151
 0.0046031612942389125
 0.0026127094558342223
 0.006348599368929779
 0.011148552785971592
 0.014968447712536588
 0.014816772280074116
 0.013220677310456515
 0.013825046999219014
 0.013913719244182991
 0.015173794732526405
 0.012534637512329916
 0.003191413522752734
-0.0017742158760280027
-0.0001524521352467209
-0.00018745393789052628
-0.006156476553111821
-0.013488247164615153
-0.01574238140641004
-0.013037886380911513
-0.006109805955977189
 0.0033034227840947825
 0.008609739754549608
 0.008404394452370546
 0.006355605799056516
 0.0053405455059358994
 0.005095531169618479
-0.001547865025954706
-0.011563129123287424
-0.0119248170894235
-0.003316636395100353
 0.008514069954814428
 0.019038031650760123
 0.021373838006031654
 0.016172527875017204
 0.0074476741234789645
-0.003886001990804702
-0.016365413149907693
-0.027885767071901227
-0.03458983355498013
-0.03289339869111489
-0.02443922718815239
-0.013450904445528395
-0.008200590817386524
-0.010258713361086042
-0.010074368739670759
-0.010214376809151365
-0.017021116086470698
-0.028508801392115
-0.03892542277602394
-0.03955779356333933
-0.034288812154426467
-0.029143504793121396
-0.02039064879782309
-0.011385777762116467
-0.004539368878055207
 0.0053522217442733
 0.018253992015923454
 0.029856018051393644
 0.03414494096982969
 0.03231549874057475
 0.03240883793073148
 0.03034604844183921
 0.020771810665221067
 0.006292613491026097
-0.010298376382886769
-0.023197812609336968
-0.03099627774011498
-0.036773955602433656
-0.040934536955465575
-0.04215027589187431
-0.03743432748830194
-0.030062887270056675
-0.023004132379725435
-0.014181272206535932
-0.011185093106490736
-0.015600022972527359
-0.01830685089801868
-0.02155737793846499
-0.02821244149702005
-0.03408579173579003
-0.035280529418831405
-0.029603190305553202
-0.020012617648156865
-0.009887679766191017
-0.0013425028319699467
 0.0031470987297542094
 0.007538694442430681
 0.017532957858999616
 0.031090433930230678
 0.0442068836807472
 0.05147331763215565
 0.051650661835781826
 0.052528047818319996
 0.053799790669645284
 0.050521261958042483
 0.042748465025824585
 0.03441096772528433
 0.029692686421719156
 0.021728544736598646
 0.00564158494350242
-0.01134842874439029
-0.023970181731872063
-0.030674248214950958
-0.030531906100270394
-0.025699284066879352
-0.021527034778261976
-0.023265471576258343
-0.028410778364959838
-0.03048756868943034
-0.02859278865487338
-0.024254862811913486
-0.020222621879078514
-0.017151771655949367
-0.011110410817636925
-0.0021102067271230388
 0.006633315377789772
 0.013409720083959825
 0.016783921744617514
 0.0167139178530281
 0.015059486068501174
 0.014849473821129361
 0.016704584821547984
 0.015213496118767184
 0.012114644797085149
 0.01560785356015787
 0.02196890014417347
 0.02707453847134019
 0.02983737031174806
 0.030320399425499134
 0.03598140423060272
 0.04507961417016428
 0.05372746389862579
 0.062295975558810585
 0.06777730297399343
 0.07139418578467394
 0.07517207820450422
 0.08013537470329216
 0.08234517353835955
 0.07541009326823968
 0.06114324210031469
 0.04421623217252405
 0.02778391843516457
 0.010383213570310142
-0.010067339978004283
-0.026807672098085045
-0.03358174275905515
-0.03508216535222143
-0.03574020433809693
-0.03602488770855269
-0.0400734623769587
-0.04678686275042309
-0.049136669368669283
-0.04556412253731986
-0.03975144201345201
-0.03772598751349813
-0.040785169801041826
-0.043153644200059
-0.04164855408909639
-0.036988609027836974
-0.03218165519300604
-0.027631383343776184
-0.01997059252358061
-0.01573067252966841
-0.019494563541316862
-0.02628496851046158
-0.03900939429218377
-0.05553271346080182
-0.06790711835306801
-0.07575691988096622
-0.07909145193488198
-0.08109590460886493
-0.08050786922827703
-0.07327877083841056
-0.06254713008138763
-0.049162330982288185
-0.03802699946609267
-0.030909907760852104
-0.021025317556312716
-0.010426684737283073
-0.001694829995352136
 0.007471050649504256
 0.015185511339416403
 0.018114019734166778
 0.02099819214958605
 0.032252530768196605
 0.04969057176719659
 0.06416043562360965
 0.07455138938156206
 0.08714280779789456
 0.0974520900149739
 0.1004109335534771
 0.09879150385789578
 0.09124738724012248
 0.08265087448138476
 0.07474040266598084
 0.06500048833502017
 0.057078349156634386
 0.04830915942576505
 0.039927326145893706
 0.036884478166524626
 0.03827756159286132
 0.03962164209467416
 0.03390463451986119
 0.02446573815383271
 0.016949623207215873
 0.010014542937096013
 0.0034154827208539087
-0.006422437459154419
-0.017767780936419956
-0.022616736705382025
-0.023501122533105746
-0.024826534681544023
-0.027505360935878867
-0.034771794314683746
-0.044812726610576566
-0.05110610191669375
-0.04975035405189904
-0.04462138099876857
-0.04673550688478106
-0.05525034810264569
-0.05939926209269575
-0.06051932865265318
-0.0624281089501848
-0.06520027410837458
-0.06810078025936488
-0.06596798601997783
-0.05983328627781044
-0.051969483341730405
-0.043048617319493214
-0.037959313300501105
-0.03223297126269906
-0.021188645177762113
-0.00932060326630536
 0.0018240621402756396
 0.009382180166230783
 0.016069912913738646
 0.030469772592260504
 0.04906054905386894
 0.061651967470201435
 0.059759521480844416
 0.04796148431988246
 0.03828924069421663
 0.03079412700096716
 0.024813437022764
 0.019108096810932902
 0.009662200027115292
-0.0002900603101153379
-0.007806175256732169
-0.011805747000614337
-0.014547577015051254
-0.022815070137700316
-0.03359571324664349
-0.03750194608667072
-0.03409740928226018
-0.028340732100705292
-0.02277773314464938
-0.016206674026960185
-0.00411228527365521
 0.013505433115265517
 0.029153700632847133
 0.037239183465582644
 0.036322129021509705
 0.03229222213387469
 0.03425933981891923
 0.03986667475430623
 0.043901249159737574
 0.04347422396090305
 0.04132976293113771
 0.046398065696762456
 0.05446254727613062
 0.056429664961175165
 0.04928223868478531
 0.036830829196838805
 0.028073306828951344
 0.02435841874182673
 0.02483211396519231
 0.025653496605417533
 0.02082554208982282
 0.012135690427230186
 0.003833195215635521
 0.000575667757400089
-0.0022384999075244078
-0.014230215293985358
-0.028833086515788114
-0.03664088553695162
-0.040582120465924444
-0.04558741889884354
-0.05327387734499563
-0.060757323675263236
-0.06170004631789628
-0.056078710546931046
-0.04986000579129422
-0.045699423865658714
-0.0432119417916229
-0.03999874974011498
-0.033490694382527865
-0.024033129663124805
-0.01395019428789368
-0.00826352128422999
-0.004954656856270757
 0.003126159031272009
 0.013951138692149867
 0.023406369938956548
 0.02883869442961555
 0.03145685096904826
 0.03472371289027277
 0.03458837176598491
 0.030434790830742103
 0.023096019801449645
 0.011514995591950399
 0.0018497523840736996
-0.000892077630363225
 0.005751319137813557
 0.014758523646116552
 0.013682793065490223
 0.0070487307603025184
 0.0019734281494922304
-0.0021381502790158574
-0.005314006196378215
-0.009241240289772811
-0.013292148430775187
-0.013226810911774946
-0.008321851227896325
-0.0018978008837786525
 0.004017552434329635
 0.0073684193690235905
 0.006026672912410692
 0.0029371554811141454
 0.0036535318545025536
 0.007289082445954061
 0.007529430409682306
 0.00905785524660866
 0.018048725446737038
 0.02554617318518647
 0.02578652114891472
 0.019257465110563823
 0.008000793591960473
-0.0003343702359834069
-0.004564955766906541
-0.0069777661452548115
-0.009077891195689056
-0.013639829835297199
-0.016624340999756952
-0.01261076784769296
-0.0005723824367009564
 0.01323010825714932
 0.01855275953577877
 0.01702900221664875
 0.017432693262123135
 0.021684280619017206
 0.027828314251570084
 0.033720332843714625
 0.03913865649879539
 0.046006066636224
 0.05138005431197367
 0.05382320040667838
 0.055262953284942545
 0.05301581946093677
 0.047735171261645636
 0.04354425476486085
 0.042449856403463535
 0.04351858713890433
 0.03978269779841235
 0.030236461692950682
 0.023047032909826126
 0.017388362149922496
 0.0068760683895622565
-0.007593794894247222
-0.020913256188044623
-0.02752631723986496
-0.0263759149635511
-0.022908374399038478
-0.02270769546944858
-0.027040953794612133
-0.03359334455892677
-0.03812261458218568
-0.036654860032765045
-0.029988128538624537
-0.024287454699382604
-0.020416223375697387
-0.013385470156522639
-0.005601005288719277
-0.002278140025181813
-0.006121369105106959
-0.015371254190829211
-0.024378458126528623
-0.03214192116836104
-0.03811094378358232
-0.042945898716966156
-0.04645077427041716
-0.04831988553381043
-0.05172675523821377
-0.05268581218902143
-0.05077469784628985
-0.054755601809401026
-0.06283408365174384
-0.06432283888192826
-0.05811346801667694
-0.04934661118580039
-0.04165548522185197
-0.03534110808976384
-0.024966488639986052
-0.010666968283108244
 0.00557866821914494
 0.021259604353075785
 0.02898806587856618
 0.03202158054015335
 0.0368005327038278
 0.045289706295735914
 0.05499695258295092
 0.05731875810264421
 0.05443458625982852
 0.05130539979439363
 0.045868408931145466
 0.03876531863408672
 0.02986312096522411
 0.02367708539854009
 0.024111111587767332
 0.023140387273977797
 0.017171364658756516
 0.0074991210330906805
-0.007502774002691916
-0.02327704846787411
-0.03397135309075147
-0.03989370625404529
-0.04311156467814238
-0.04600040346615082
-0.04534003043507536
-0.03458505495208871
-0.018330084559450024
-0.005855339772936202
-0.00032034248803677196
 0.0005033736247848225
 0.0024401561660765056
 0.005592677930078727
 0.008607524810894905
 0.014471541731882982
 0.018366107781531922
 0.018275102636575155
 0.021469626907312085
 0.02893673950200866
 0.038564647720946976
 0.04566307164541656
 0.049464298791210566
 0.0558323457930153
 0.061801368980840155
 0.06548358902421914
 0.06560026294033958
 0.061554021744529966
 0.05900120301039928
 0.05486862332852383
 0.04784953804493453
 0.04009074194829487
 0.028374376328205976
 0.012397089747139295
-0.0038578800728958015
-0.015518242350671743
-0.02435976973202865
-0.03509841033423711
-0.045398358088327366
-0.04892890184033849
-0.047052789586552506
-0.04567137352319768
-0.046280409584549334
-0.047787832595504745
-0.04470064806420098
-0.036496158129050424
-0.029481739218050283
-0.0258531890443879
-0.024499774652189554
-0.022380981248380748
-0.015116880769568651
-0.0008336947208654674
 0.013057467931646999
 0.018065100409766048
 0.019217836158676276
 0.023140403879481707
 0.02788202048161418
 0.030154823076783646
 0.026253257181949152
 0.016779358726975065
 0.007391798758066788
 0.0006247285148858125
-0.0012350488581219787
 0.002328164082841949
 0.006540082405597676
 0.007823492619904823
 0.0076064799547438874
 0.00949192609891536
 0.012527774233098907
 0.009148906199852057
-0.0017227423403496853
-0.011084634110697846
-0.01867308670780226
-0.029999762404296804
-0.043771917381790634
-0.05572163026151687
-0.06066392493433388
-0.060080556498938745
-0.05744606565133142
-0.05279778795305388
-0.049841277887147026
-0.0465674155481334
-0.038792284570715534
-0.02666289372846497
-0.012830067890861836
-0.005724643548603137
-0.002268770347072381
 0.007695157925743691
 0.019878218637710852
 0.028873755783031987
 0.03235996412831559
 0.029396454217223193
 0.026344272347468625
 0.02659862114677511
 0.033071674415416634
 0.045359741394220596
 0.05640640095175392
 0.06615798321830002
 0.07460748777606979
 0.08185758741930364
 0.08732958094410097
 0.08183191979334711
 0.06752539959128376
 0.056457739352986674
 0.04826491735342156
 0.03779462609979604
 0.023810125116032227
 0.009757953426973588
 0.0032172300256408173
 0.003704926084584649
 0.0048996643402295995
 0.0012897825199417942
-0.010081229155883852
-0.026490208167279594
-0.04164611239442284
-0.04914122608767231
-0.05251776064832278
-0.05860112342076637
-0.06368342644936578
-0.06366009143710025
-0.06107227004142039
-0.056496329993630426
-0.05103833730441132
-0.045977034956575694
-0.03487203858413303
-0.019646129606495005
-0.005953312124674273
 0.006780448120036996
 0.013946542749801408
 0.017626429320583996
 0.020540936879756132
 0.01976622426406196
 0.016116673409635802
 0.00529869473915065
-0.009406849276892532
-0.018005695508226612
-0.022483629134365316
-0.026431864481127262
-0.029568051364351283
-0.030223756877630403
-0.02789961788534074
-0.025995503960398278
-0.026018838400060224
-0.028391979744270143
-0.03349761749883329
-0.03637478892385986
-0.0326132308122042
-0.02358735852313021
-0.014113459495552542
-0.011982998728761858
-0.013033061110828088
-0.005771294104612364
 0.005501712294769173
 0.013414518155373062
 0.01657170686456802
 0.017575100367310366
 0.024113490868650334
 0.03628955116282838
 0.0500173707335947
 0.06357017985963304
 0.07332176212617914
 0.07746367627104365
 0.07682663853853552
 0.07559456529395217
 0.07463084139795176
 0.06821612551682316
 0.060188980071600555
 0.05595839454067742
 0.050885425402463505
 0.043369310455846674
 0.03162260969200493
 0.016847061498070533
 0.007732517822937948
 0.001770495625505776
-0.005694282923990844
-0.013777431711526407
-0.022763634393858458
-0.027052556739690925
-0.02491276208251475
-0.018278699204723466
-0.010368226816715953
-0.011436956979553162
-0.017627659491429925
-0.016703604056964274
-0.010907257841271036
-0.005334924994829633
-0.004058515198311616
-0.006303315549721002
-0.004996570609450128
-0.0030294529244055818
-0.002581425899600108
-0.002140399292583743
-0.002716766737586175
-0.0024274158493340844
-0.0006889784787341355
 0.004516999170076648
 0.01013600146844551
 0.007233161844858831
 0.001210469359920953
 0.002162526465543081
 0.0025358823672646177
-0.0034751427546914
-0.012683025333678922
-0.02537944944424464
-0.03559072523967271
-0.041242395581787224
-0.04285949180477218
-0.04025533610091771
-0.04082937007332376
-0.040414011664867515
-0.03432831484722397
-0.026515848308264138
-0.019002066261640093
-0.016164563298148287
-0.014482129269861293
-0.008209754644507888
-0.0012723403291880625
 0.0022465366324447636
 0.0002280831228835961
-0.005659267951464632
-0.01051755761081219
-0.01411343859552176
-0.01583087414015077
-0.013957095358961159
-0.0132010499514344
-0.0124566719068895
-0.006599655403690556
 0.0010214663823666648
 0.0066591364615065166
 0.004290662062489341
-0.0026304173720522878
-0.0022057250732105405
 0.0021648693860985696
 0.004696687439465469
 0.003431945578532894
 0.002370215833484804
 0.00862858962325997
 0.017243770735372248
 0.023730824839592005
 0.025245248840940114
 0.019864261320004913
 0.01299685175517988
 0.009711322625787971
 0.013678226325924484
 0.0204849661758474
 0.018655523946592464
 0.009806996147446442
 0.004061986901476994
-0.0002852722592648002
-0.008625103032401438
-0.02033913517989396
-0.031187448994131967
-0.03472966010912495
-0.03232851652115496
-0.02676318409250268
-0.01793332350152406
-0.011112582816022905
-0.007159679951464628
-0.003913819283607477
-0.0012443263470545557
 0.0012524896173667435
 8.749009801529983e-06
-0.0014310032958590457
 0.0041086609342331284
 0.01318120267523458
 0.022006396321020458
 0.02797308603624895
 0.03329107036968566
 0.042867642191503755
 0.05255855417054415
 0.06124840640574037
 0.06704941956662637
 0.06698641609282607
 0.06672506744833404
 0.06787080277945517
 0.07077364297564542
 0.0734291350766201
 0.0687411889168078
 0.06046436190377325
 0.055529067648745364
 0.05210586363616743
 0.0454741348035761
 0.03355242359500634
 0.020260963972365424
 0.011162754605407443
 0.0075388719495413925
 0.007226186907929151
 0.005625424993118813
-0.0003529315124879695
-0.007164337735000047
-0.011373922012555812
-0.014136753280360095
-0.016939253582302718
-0.024098347221674428
-0.032272501440468546
-0.03191081290172889
-0.026100465850457402
-0.01913038291878836
-0.015777182511498032
-0.016801576695004154
-0.013385372527611746
-0.008730094411545083
-0.005789918653812842
-0.004788858623666882
-0.009133784311812297
-0.013926736738461405
-0.015816849255222046
-0.014363095541379642
-0.015408490978253125
-0.02621713575835278
-0.03777249176929192
-0.04219908899831041
-0.044448556294912546
-0.046880034454031806
-0.05006755773437604
-0.05436114702540125
-0.054909512799247204
-0.05188999897323826
-0.04653234560566322
-0.03841419415657847
-0.0336632436640605
-0.03253617611371037
-0.03123176464603587
-0.02804424079308805
-0.02341696434817787
-0.024952389030289752
-0.028307922337572865
-0.023724981871993775
-0.01330135949769214
-0.0005139293832642847
 0.0068901794513302125
 0.009263321368143715
 0.014058607839992791
 0.018569210655084302
 0.020814011579097277
 0.01871388652866303
 0.01211715978501731
 0.006400152210204339
 0.005406093170451078
 0.009821023609091283
 0.015008333477131083
 0.01554503246059874
 0.012551187405753506
 0.012502184767531455
 0.01428962506265525
 0.01269586356563402
 0.007914578501966786
 0.003448312238809946
 0.004367700728082846
 0.008234265106575316
 0.0122035022793082
 0.015307021118786582
 0.012376179824043418
 0.00608980493571535
 0.0029769527784550623
 0.004960404771674219
 0.01021071839981609
 0.011559465846821694
 0.008992646277112777
 0.010490735970286276
 0.013216232249152159
 0.011167443595838135
 0.004290700140627601
-0.0030247361627011166
-0.003300085642771386
-0.00014523040617279992
 0.0018335546418536061
 0.0032383054311721712
 0.0015535385028923945
-0.00042524597253043583
-0.0008149356098229935
 7.178426310067154e-05
 0.0011148467999813616
-0.003979123591599916
-0.012559302042163
-0.016897227312519306
-0.01883400928120741
-0.02191419282211847
-0.025388733231816625
-0.026933491804314008
-0.025272059029394372
-0.02348228526167421
-0.022656235676256242
-0.02311826296403638
-0.02803022249310053
-0.031882785463411174
-0.030818721673163123
-0.026816815884081007
-0.020052078540892814
-0.0199307376795796
-0.026431792046774025
-0.02939530195786641
-0.031329750453958145
-0.03366088929143335
-0.03576568128706034
-0.0358566864320171
-0.030177013846142534
-0.0212514808787126
-0.010776522107290756
-0.0015663054831032697
 0.0025989433877249835
 0.005457447604584158
 0.013351585684417057
 0.02632336013395841
 0.03824507191513175
 0.042863014469656444
 0.043084694652613706
 0.046099541533429884
 0.04873169890844083
 0.04854502138703276
 0.04773764015498937
 0.047989655481699485
 0.05375566655363988
 0.06083075575214572
 0.06376859803728158
 0.061040768858422904
 0.04698159675157515
 0.024664265126162023
 0.0018825724540706065
-0.016932216804186082
-0.03123873700624942
-0.04489888529911734
-0.054064765371370144
-0.05473213824763114
-0.05105225167684854
-0.04774805419408206
-0.04892412409635244
-0.05048055003183169
-0.04394915994828084
-0.033257188225396264
-0.026835471353874957
-0.024611671683229343
-0.023885961419455436
-0.02164816091323158
-0.01396170189447591
-0.002175331523892224
 0.006633527813719037
 0.006019824807174633
 0.0018942455430883062
 0.004027039782475358
 0.009284353828406346
 0.014319987977681872
 0.018328894184553114
 0.022244461487569422
 0.029725574917844236
 0.03544258306526079
 0.03619862847278755
 0.034177841490629995
 0.028477168223991642
 0.021726432288985284
 0.018531908590851923
 0.018681251123321613
 0.016112098081016324
 0.0061015009288763605
-0.005673201506121869
-0.012416937023339118
-0.016509847671076217
-0.020810437379890547
-0.026893800152334127
-0.03366320386811149
-0.03497228170837515
-0.0314207361303931
-0.026149421248883857
-0.018749979359482114
-0.011149858826792255
-0.0034423985546692265
 0.005903159480107917
 0.018566915546927985
 0.033638815333205375
 0.0417849684534466
 0.04405310410342331
 0.04909573867048794
 0.0509041802189791
 0.045926883457216496
 0.03676333685756006
 0.025158977922097085
 0.01619377649313239
 0.010700782287571271
 0.007163238117771031
 0.0022886141502488563
-0.00499415353673064
-0.009346079642665185
-0.009448752150603822
-0.004891479883584834
 0.0031450000246268373
 0.006442197089604203
 0.006248519150407
 0.008252972396993519
 0.006850555652874915
 0.0006948552299437596
-0.008615700143284201
-0.01877797301418843
-0.021790485849804666
-0.019216665289703044
-0.014496049940937929
-0.009220068114235945
-0.008611031480280699
-0.010643485825420115
-0.010384470080920877
-0.0044457820368488665
 0.004538087745490409
 0.005742159891520854
 0.0011172174918106306
-0.00025953105374787455
-0.0026980096306562507
-0.009446412093066247
-0.01850728589848225
-0.027355813697628278
-0.029577279323073934
-0.025510036301293358
-0.01817359817199369
-0.009815099045482494
-0.004994144375073312
 0.00019083202037010333
 0.009657730630158658
 0.02125975666562884
 0.03120268368507756
 0.032649436981130854
 0.029573920385412532
 0.029608922760659934
 0.028386183406462068
 0.022414827318644415
 0.011608516011141122
 0.0021742865903053854
 0.0009935497428422493
 0.0027716561475805493
 0.006355870341911832
 0.011487176867638671
 0.012369229795369592
 0.012261890342238214
 0.01576209952310005
 0.021710121457557567
 0.025952374924066143
 0.021915467618642007
 0.012250224410765294
 0.0058425089474258216
 0.0014439133895638029
-0.004175088336201477
-0.010265451526434176
-0.012930276945190777
-0.005810851767353832
 0.006696561635509218
 0.019115303079710086
 0.030696327861812908
 0.03759407314299439
 0.039953214224229656
 0.03884948197244684
 0.03726738783840748
 0.03485691093265559
 0.022473172150003905
 0.005835512824163572
-0.0020609581556621237
-0.005449160079294461
-0.01115916723631831
-0.02032971425376386
-0.030907345246822558
-0.03645167584950389
-0.037133049561343126
-0.033770515263667304
-0.027726820952758482
-0.02688443705916591
-0.029210908951448365
-0.029362584383910845
-0.027829492601791746
-0.02739546641256451
-0.03382418312927135
-0.04252103520965311
-0.043690104694134375
-0.03816444129962045
-0.028811882847054188
-0.019251645333410703
-0.011404176705505264
-0.0007938765234937611
 0.009394065118574164
 0.014803054883269426
 0.01645048682261082
 0.014527705689500951
 0.015379423473479023
 0.02067407308095199
 0.027242798726044813
 0.03418954693175014
 0.032920138125624804
 0.025679372945380037
 0.021889813735171473
 0.018165591757661366
 0.012698265750660354
 0.0026690008177494007
-0.011166157919846521
-0.020994744209469358
-0.02791115669881824
-0.03271344301585284
-0.03587529809763697
-0.041806985151316284
-0.04940477163880619
-0.05449874203038746
-0.055128779345106474
-0.05353735074807804
-0.05535512561435112
-0.05784027364318696
-0.05281397338429693
-0.045174183817468724
-0.04068924920093731
-0.038673128591368934
-0.03809209362857017
-0.03367482971733359
-0.02596970291780693
-0.01761820420908485
-0.00876500889214249
-0.0017529234537387237
 0.005534511751037106
 0.015316429161336055
 0.027352481099731693
 0.03753575579660687
 0.038420142196934175
 0.03467258549346033
 0.03401921345277757
 0.03493860194205048
 0.03667937278524681
 0.036880051714836694
 0.03659303487178457
 0.041523662754223284
 0.04870375821956594
 0.054728784749703774
 0.057909308184862465
 0.055431160573815745
 0.05011317681298263
 0.045917593371005094
 0.045579240130832754
 0.04648696125712378
 0.04087962689434036
 0.033165166777031796
 0.02838854865855729
 0.019094327593503962
 0.004146102427437938
-0.011877853605556196
-0.022520821831313348
-0.022784503948401744
-0.018782598159319628
-0.0164631261122227
-0.01965764981035606
-0.029532905551906366
-0.04012687085313968
-0.047997673634405255
-0.04978744682952184
-0.04529784526779769
-0.04316505102841063
-0.041384611151075966
-0.031243338960935504
-0.016395452543909964
-0.004018713606443812
 0.0002492080586248696
-0.0015428986090880864
-0.0008311891808924221
 0.0005992298069862484
 0.001054257249580845
 0.0008115763858598107
-0.0038413676850069037
-0.007938945277936746
-0.006837545926146726
-0.0011928754292177476
 0.007065284375649392
 0.009660106189118375
 0.007466642234829193
 0.0093147528174587
 0.013136981216620075
 0.014656072163160928
 0.012324933325685725
 0.007891335678878113
 0.006915944419895834
 0.0071982948903588015
 0.005427189476013207
 0.0022653343942290807
-0.0035030095777040943
-0.00843597036013561
-0.007882937068493329
-0.0010971984719377811
 0.007933340762328954
 0.008680052279470225
 0.0028767062185914433
-0.00022214510309059854
-0.0034353365819949355
-0.008302960131727998
-0.016950809287585914
-0.028951858564432366
-0.03478787324166037
-0.036089950664134916
-0.036626649074999004
-0.036897331609876516
-0.04027619964312337
-0.04341471999894376
-0.04313003605588442
-0.03796606091380836
-0.030489614428726292
-0.028286816011448036
-0.02557998751335314
-0.015151698193858754
-0.002441272675111218
 0.008327703643453678
 0.014343396283206009
 0.017682595854918097
 0.0236749537687067
 0.02945029873103259
 0.035300314816442406
 0.04178270197546943
 0.045628265100594534
 0.05100225277634419
 0.05870037915808174
 0.06521543493345798
 0.06727822499495384
 0.05877271766747468
 0.045287579819334775
 0.03723009923035932
 0.034462601017362295
 0.03335886876557948
 0.02986799404770671
 0.026230110556262412
 0.0275718575854789
 0.029713985715251433
 0.029947333261190576
 0.02825556591512167
 0.02126914924788159
 0.012525627715572363
 0.007590333460544475
 0.008327711087300252
 0.012903651135090226
 0.013188335078149559
 0.010462839371887259
 0.010605181486567833
 0.00897175095540826
 0.0016119786727484472
-0.010741424966150385
-0.02323250348823524
-0.030545606318967595
-0.032855743903075434
-0.030554939636749504
-0.026938056826068986
-0.02645269423972154
-0.026497029932750837
-0.024263896371719735
-0.020126649172047956
-0.017550495139349965
-0.022560460517461797
-0.02914785337072203
-0.02694738842604015
-0.019505944029903684
-0.01112644365002512
-0.003969682910646206
 0.0016516528603190347
 0.010217831047907473
 0.01894735231724204
 0.026610476610033983
 0.033377547425818534
 0.035477673048856365
 0.03676575020835625
 0.041309021639797
 0.04896281204220344
 0.05569254729644603
 0.0527243704401609
 0.041376693490298995
 0.02909329402929136
 0.014933782600799549
-0.0013445219451992951
-0.016645101473317683
-0.028452472524665148
-0.03406914077783405
-0.037739692885627577
-0.04495945681250499
-0.054573363623261484
-0.06430394406383665
-0.07133236323781145
-0.07268811053000257
-0.06831751607069346
-0.06282452129252876
-0.06455829114533237
-0.07135102958707347
-0.07331581322691805
-0.07213507580685134
-0.07164737974790751
-0.07156804139332903
-0.07162871139453295
-0.0669454316073098
-0.0572545196282694
-0.04919937193928674
-0.04512979544490979
-0.044114734579185584
-0.0442897447376118
-0.041788261827997754
-0.034188141295307894
-0.024305884563364882
-0.01794483797934928
-0.010925752123156392
 0.003847463170785201
 0.021087158999093455
 0.03641107382577916
 0.048510129524276885
 0.05810770259946234
 0.06939237636182574
 0.07889661053315628
 0.08506397889167289
 0.08901688175623115
 0.0879878206275323
 0.08485396721690466
 0.08395091360840995
 0.08726911192675467
 0.09030962700613096
 0.08258349952584051
 0.06822097598146423
 0.05820571188413151
 0.05230202650160868
 0.047163720130696314
 0.03902223452825142
 0.029335990067007357
 0.02290727335030051
 0.01634088175040764
 0.00824139865469746
-0.0012791692522040946
-0.012930197639594541
-0.02171338820604211
-0.025985976243699964
-0.02670701898967754
-0.027236716982752505
-0.0339407834658314
-0.04075452316093986
-0.03984913550724519
-0.035959236402788995
-0.03414146096391235
-0.0369859637725897
-0.0404908393260407
-0.03868473125014593
-0.03561388102701678
-0.031975996962968906
-0.027274049394974773
-0.025019914580576303
-0.023139135381597578
-0.018518859354476513
-0.009864009208225895
-0.0015031766091183132
 0.0010519761702123126
 0.0036491314562776683
 0.009692825767186483
 0.013209369256222944
 0.01215463992896397
 0.006222952875284661
-0.0005114487515471
-0.0010364797994293143
 0.0011079818029396046
 0.0033014463298323624
 0.005697922972609605
 0.0037284723875722764
-0.0022078816112997904
-0.007908554877938137
-0.009810334757680648
-0.010069349929576296
-0.01587736293564782
-0.023258136471675
-0.024471541935487357
-0.022366749367256793
-0.019874600348028237
-0.018334508148120026
-0.017417453131443494
-0.012897516425966489
-0.004560018552822648
 0.006673318812420545
 0.016578910270327298
 0.01929040571361494
 0.018326681817614536
 0.019572756470379697
 0.025509111041855353
 0.03281288055480579
 0.03341958371616465
 0.030855097619052106
 0.031454800362621854
 0.031107113232064013
 0.029368676434067646
 0.025415774142112962
 0.019696433094703612
 0.0178133209957321
 0.016821595428575205
 0.014114767503083887
 0.010173532574111056
 0.0049628885527111186
 0.0032664542614494613
 0.006012951793682712
 0.009795511158705736
 0.012976034593864434
 0.01260267926474648
 0.011932972915889122
 0.016380571970878548
 0.02156788183891835
 0.024242041720664013
 0.023922356261262656
 0.020811837576598748
 0.017444636906333764
 0.01240900332966182
 0.0034461353732935032
-0.00882326325213588
-0.02318345332391581
-0.037916999011115476
-0.04927867679655562
-0.054344645516980414
-0.05706780775064635
-0.0646609272929435
-0.07324110574350659
-0.07331811005288512
-0.06809579809589973
-0.06553597837137634
-0.06669104702027938
-0.06748909436193729
-0.06318383713532662
-0.053996955237102864
-0.04299929860409339
-0.033191712995234324
-0.02649464635734096
-0.01959923454875586
-0.009532633481699353
 0.004412199040529703
 0.02182690531356595
 0.03451166263375338
 0.04284449356170448
 0.05435318069331973
 0.06284468775782422
 0.06447811886158736
 0.06131859725239961
 0.05672865694163499
 0.05645797440675747
 0.058443759872573
 0.05978550690178947
 0.05865610645144655
 0.05379314984690624
 0.04790579877255802
 0.042636817936248746
 0.0399929937708595
 0.03828022517142325
 0.03315125269089636
 0.027343239684824848
 0.024991099593982276
 0.02414871627299328
 0.021479223909043936
 0.016088902497723247
 0.01098326474316011
 0.012586360703170402
 0.019908797996891832
 0.025532467240453445
 0.02959504331704127
 0.03581141460008172
 0.043864228816468016
 0.05359247635705038
 0.06518983544732782
 0.07343866136180947
 0.07085784095652231
 0.06185297049341928
 0.054894555497335684
 0.04552099636400564
 0.02976305620699806
 0.009361505583207481
-0.011490405251683156
-0.025642916262385858
-0.034745792574536576
-0.042268907938942536
-0.04868829076526388
-0.057581154543741
-0.06770375838050689
-0.07394813076210023
-0.07391079491425648
-0.07183400401718237
-0.07469250766143797
-0.07774935647638528
-0.07350476953728034
-0.06573197203245885
-0.058365198759406337
-0.053385567952443765
-0.04969168054608293
-0.040957492331555614
-0.030043840712015577
-0.021669007277329757
-0.016547034641988423
-0.01753175979135619
-0.020303924949545967
-0.021435658872485257
-0.020541938581772466
-0.01730774527689718
-0.020607275241867333
-0.028223729510128224
-0.03040552610143553
-0.03277866744564546
-0.038402336116603486
-0.043377299405769724
-0.044663042520069654
-0.038887697557743774
-0.028277397375732267
-0.018138458658188188
-0.013749196418108085
-0.015667310606025206
-0.01771609925933923
-0.014841260734305452
-0.00560537591155786
 0.005000257325260896
 0.009599532099014603
 0.01171832550282341
 0.018560067441691926
 0.026652550692216566
 0.030789797891888335
 0.029343045168438643
 0.025315471753399994
 0.02466910013050637
 0.02532713968898545
 0.025567487652713695
 0.02491178213943456
 0.020237836815200506
 0.015192869348143068
 0.013515102837652407
 0.014499828559623756
 0.014730842632966513
 0.009968225350070255
 0.005602298408557478
 0.008283458708092266
 0.013239754789091097
 0.014782180461595684
 0.011886341255798127
 0.008733820064399489
 0.009961226936393675
 0.011856006970950642
 0.01310908204150494
 0.014352823221673736
 0.012381039164040028
 0.01043258983237006
 0.012602719633299078
 0.018786422299990307
 0.026435545757204
 0.028589341249958412
 0.028871691720421387
 0.034220011197610936
 0.03824991865784953
 0.03672382786612315
 0.02878068743436999
 0.017321003799882162
 0.007896108269431906
-0.001024757180201695
-0.009000566228304082
-0.016976375276406466
-0.02658794861456659
-0.03498378273001618
-0.04035543636056589
-0.03989107502758579
-0.03678288924291467
-0.03897401972460748
-0.0427752462977979
-0.040241094771834636
-0.033707371215687405
-0.027038306248950525
-0.02309240380218136
-0.02270271359228522
-0.019566526136457617
-0.012612777512963188
-0.005864374477949609
-0.0009290796503181389
 0.0025781299483328274
 0.0062510161013263
 0.009608883453809378
 0.012579394355294461
 0.011830349938160407
 0.002391453572131913
-0.007943496270903946
-0.010512649313209239
-0.008774211942609286
-0.005864371328629901
-0.004431618868154859
-0.0048166415602546725
-0.0033208853396775526
-0.0017994609205403203
 0.0005083437635747257
 0.004752930702679681
 0.007725775076761143
 0.01112797840857531
 0.017019997000719857
 0.027023594307674294
 0.038147258460887935
 0.04234984289325816
 0.04348391086139741
 0.047842837957724656
 0.05235577424541255
 0.05346184054239532
 0.04983095746874014
 0.047348142912500675
 0.051947417686254375
 0.05953353738336599
 0.06631927597992154
 0.06959780526412793
 0.0671639936324123
 0.061818008200422686
 0.05691304908914766
 0.05511860894883832
 0.05370919178693061
 0.04728280854282013
 0.040154050047201274
 0.03604713856388594
 0.03052380921457197
 0.021504937915890678
 0.00887851798321617
-0.0051153168909331415
-0.014766559263231605
-0.018353106357555687
-0.017109365177386884
-0.014766558404326235
-0.015207584438739007
-0.017235371838685676
-0.020411227756048037
-0.023038717613262656
-0.024882160678095833
-0.032125259330936975
-0.03979538346891446
-0.04020607435957438
-0.04027141130597104
-0.04422431359792574
-0.0496613044611739
-0.05187343619623406
-0.04763584967491823
-0.0422151925472411
-0.039380023056345664
-0.04149181546976177
-0.04947695840824966
-0.05759044233953807
-0.061912033301719765
-0.06193770121397807
-0.061265660819920756
-0.06549624635084388
-0.06970816410099603
-0.06533523616909054
-0.0546922673707298
-0.043253584417005754
-0.034685072756820944
-0.029322752444053152
-0.02188130804791668
-0.013406135291586813
-0.0064500531954960055
 5.800216209111281e-05
 0.004484599963713191
 0.009958926961106902
 0.018109747026540883
 0.027354965739673956
 0.03513709713488094
 0.03430638117687381
 0.030878510219103122
 0.032847961376744034
 0.035603792799362786
 0.036023818153011776
 0.03152488327350571
 0.026393577320382458
 0.026472915674960955
 0.0273969711094266
 0.027922002729912396
 0.02629323914394558
 0.017967409206387182
 0.008262496964372132
 0.0037705625026551795
 0.0037238933370295074
 0.00515664579750455
 0.0035045474855739944
 0.0003426924037898682
 0.001558431912802187
 0.004108917746940069
 0.004232592080849654
 0.0007977207052898422
-0.0026348171976735904
-0.000345680294329527
 0.002480155306180419
 0.003359874761314968
 0.0022911445984777554
-0.0028704964983983505
-0.006846733516316778
-0.007831458665684545
-0.007021743388441196
-0.007789455586346243
-0.01587493784647818
-0.024632460214365645
-0.02629155894408532
-0.024914809825923236
-0.023566062378917643
-0.023066698956991948
-0.023017695746166317
-0.018607432252718853
-0.012638409064893986
-0.009019192781617093
-0.006989071336470476
-0.008181475546915472
-0.009896577618948112
-0.00820947664546837
-0.0009173744954997995
 0.008262506984934831
 0.011433696529708028
 0.014296867691759946
 0.023882773403963546
 0.034045046847471366
 0.04016107880886776
 0.040942792414954625
 0.038735327625087204
 0.04007474118170731
 0.04235921113985864
 0.04289824359592267
 0.041817846070103595
 0.035685480373136166
 0.02651960030088337
 0.017491395111816584
 0.011104680901844466
 0.006008377037666816
-0.0036381983894389
-0.012150706134707166
-0.012174040574369105
-0.007563098437633538
-0.00282381530809743
-0.0014937356418628228
-0.003201837296106333
-0.0029894910035345584
-0.0009733703939661803
 0.0010170820170420994
 0.0011010873168133262
-0.0015334029581904121
-0.004046552658182746
-0.0051829535263147805
-0.005047611829423336
-0.006695043196161141
-0.013737463205714184
-0.019753155272862935
-0.018208396127761976
-0.013737462346808806
-0.010736616301570866
-0.012164701244249572
-0.016355617741034358
-0.01703932492546996
-0.017513019576231966
-0.019377463894432494
-0.020894220795773397
-0.025157474943045748
-0.03177053599486608
-0.03632547421668511
-0.0341716787239307
-0.02901237052704739
-0.029091708309022288
-0.030209441396383346
-0.024735114398989625
-0.015363888165652383
-0.006270345171283567
 0.0005830641305668086
 0.006405078544820163
 0.015185936211274939
 0.02427714573304738
 0.031732590964762095
 0.03742393091361853
 0.03778095250716545
 0.03601218056541622
 0.03765261208696849
 0.04348396039160734
 0.04823957782931806
 0.044858376323474836
 0.03902236164624683
 0.03807030511322828
 0.03951939188187795
 0.039619731489823784
 0.035634160581519865
 0.032586645656958034
 0.03744026894371644
 0.04641247136307383
 0.05531466960454003
 0.06230575378957643
 0.06272344567062907
 0.05744279747133792
 0.05299286551635569
 0.050687394877440596
 0.04624913028544024
 0.035732169579887244
 0.022506047189944783
 0.013809195109563022
 0.007158798496200713
-0.0015380535841810483
-0.012057347762330407
-0.024627764352691955
-0.03520072840055791
-0.04305052992845613
-0.05093533354529996
-0.059149156798232426
-0.06917608825854701
-0.07975838619679845
-0.08929528841187462
-0.09539731896508918
-0.09830015858867587
-0.10527024094774134
-0.1113209351038357
-0.1078160589777811
-0.09956256611810671
-0.09029167920641351
-0.08239754112658061
-0.07502843438093171
-0.06378109618011028
-0.05235408058936809
-0.04130042061404565
-0.03083946267820204
-0.02483310392883519
-0.018787076145330005
-0.009714534404328547
 0.003033226675960961
 0.01641569230246403
 0.021946022642170708
 0.025653910884109787
 0.03633888218920524
 0.04920098342671705
 0.05871921843362581
 0.06126503732257095
 0.05825952490474384
 0.05414561300363938
 0.047387876650843895
 0.0384133413314937
 0.027399350962913183
 0.012399789399726961
-0.002604439108652025
-0.012811047958887347
-0.01540820267234912
-0.011921994327065512
-0.0075070638884253
-0.000940671715928848
 0.010696356408486943
 0.022508394977630727
 0.02845875038468461
 0.028853107539773507
 0.029996509398298253
 0.038856705133029724
 0.05311188951057644
 0.06572430918027629
 0.07411314345054035
 0.07613393100530147
 0.07274339560907275
 0.06869482094066676
 0.06500326757950586
 0.05834353707575806
 0.04657116811335621
 0.036621241248721945
 0.03407775640497677
 0.032140974436288654
 0.025541914220046563
 0.013834882490343162
-0.0010526723882171504
-0.013947441669474599
-0.02377369448650107
-0.03182184118509103
-0.04191877682329681
-0.05574926861569998
-0.06733729324298834
-0.07341365559764282
-0.07256193781366474
-0.06792532747836906
-0.06866737147771401
-0.0731989749735693
-0.07340432027574836
-0.06916673375443252
-0.06527216770478358
-0.06561052094495592
-0.06902672453974476
-0.07063915381753696
-0.06969643060230032
-0.06750296607540757
-0.06437611250996546
-0.061473272313775196
-0.05734535900448891
-0.050186264792513625
-0.04057469088174992
-0.03161182235277801
-0.029493028948969203
-0.030277075455048867
-0.025071097806238084
-0.017018283589851798
-0.008960802428272754
-0.0004786292541537687
 0.008407234679137822
 0.01992525570113856
 0.03275468832230114
 0.04517809671169475
 0.05363926863244639
 0.05514435874340899
 0.053571598499755145
 0.052225185097949496
 0.05457732576139565
 0.059045926069752445
 0.058191875385781584
 0.05478033873618551
 0.054467653694573265
 0.05506268949295027
 0.05164648589816145
 0.04148187955466083
 0.03048189002165856
 0.024540869077593758
 0.020821314045276387
 0.018308164345284067
 0.01773879731807075
 0.017234767523555898
 0.01819149157437077
 0.02238707558895188
 0.027882403839712952
 0.03133127662345459
 0.029161147395129143
 0.027030687200942052
 0.031172601345806572
 0.035678537215705346
 0.039755114127871416
 0.04353534002029806
 0.046909541680955756
 0.05507669605456434
 0.06291016384689153
 0.06796446577693804
 0.07136433563615582
 0.06910320097657183
 0.06235713198675821
 0.05380028826215885
 0.04736223765506651
 0.04223793211973239
 0.03177930822908874
 0.019969603705144896
 0.014406605321692578
 0.01073138626870631
 0.0022095446330525556
-0.0100715213553587
-0.021722549742749144
-0.02977069644133911
-0.034803996545414675
-0.03735448180694897
-0.03958061437758738
-0.04574564869090403
-0.05283007120719179
-0.05676897266356824
-0.057786366429285245
-0.05701632018618023
-0.060609867698293435
-0.0681749855694341
-0.07039178424968702
-0.06693824452075264
-0.0623249689114207
-0.05837206604686242
-0.052543051214819954
-0.04212642925830743
-0.03177047758930063
-0.024354701391724264
-0.02021512071945612
-0.019596750195115382
-0.018962045362600037
-0.016122208926511852
-0.011315255091680923
-0.007084668988154207
-0.008279406671195578
-0.010661881905791003
-0.005626247756515476
 0.0031756111633066617
 0.010304370231529102
 0.012206150683875192
 0.007597542592339579
 0.004802042708186072
 0.004876714117571811
 0.005065725684179845
 0.005005055682975927
-0.0005182736663380469
-0.009198791438545191
-0.01457744548688402
-0.015191148493428421
-0.01509080888548258
-0.021566195054116884
-0.03093508724225418
-0.03344590346965013
-0.029474332824320867
-0.02369898786199498
-0.018563014391075397
-0.012418980758522529
-0.002840075464108048
 0.00626046794804988
 0.013538569262440216
 0.017876495105400098
 0.016966441079116282
 0.016884769824544996
 0.020891342558819873
 0.0279594313395366
 0.034761504244266765
 0.03263804446786878
 0.02670169046899673
 0.026725025481262252
 0.02776342107295019
 0.02590831064513515
 0.01898723121059353
 0.009529667063794052
 0.004440363617405525
-0.00048559674723686747
-0.007871037228456793
-0.01857700921431602
-0.03391259083138002
-0.048060434896889964
-0.056946298257577965
-0.05706763854628759
-0.051600311966682993
-0.05218834677466729
-0.05740132426866361
-0.05946644723015225
-0.06030883055114125
-0.060371834024941534
-0.05875707070194937
-0.05481116825518021
-0.04447855131213714
-0.031308431691904046
-0.019953753751649442
-0.011693260474185917
-0.009558132762202496
-0.008981764744596478
-0.005677567261829997
 0.00020978438512180703
 0.007616226692312683
 0.008022251210383434
 0.006918518958600628
 0.014740319387945948
 0.023808194183754662
 0.03295774052043643
 0.04018217196511018
 0.044048736343602644
 0.052505241319161525
 0.06058605720670429
 0.06695877115370177
 0.07316814201895308
 0.07443755139768199
 0.07362083627525311
 0.07333615290479734
 0.0744445526743765
 0.07159071597531365
 0.056598154829916536
 0.03729100285382506
 0.023024151685900072
 0.012721870459213441
 0.005317762197222534
-0.0017829946272398464
-0.007021640319796265
-0.0045504925539350816
 0.0021652418647292726
 0.009679023911353314
 0.015902395612182887
 0.015589710570570639
 0.01148046561465893
 0.009034986619961424
 0.010204056677046283
 0.01344058345451793
 0.012948221022984943
 0.012936553946304864
 0.01944694277648836
 0.02532729400565105
 0.02631902014541152
 0.022212108662096178
 0.016688779312782204
 0.015977070457190115
 0.01697346354214334
 0.018480887125702332
 0.018716568144237833
 0.013440586890139432
 0.006580177743103516
 0.0016822190496176073
 0.0005831537430275383
 0.0007021611317443721
-0.006125579398942316
-0.015055778738961412
-0.01653753355135671
-0.013893708813363888
-0.01105387237727571
-0.009506779759578372
-0.006774283062923367
-2.8213500506163447e-05
 0.005177764148304613
 0.009151668266230262
 0.010757097698836926
 0.005936143601031341
 0.002069579795142454
 0.0038056836931460378
 0.00995438427089166
 0.015755397431777646
 0.012770886267317899
 0.005968813935191317
 0.003679677604450836
 0.0020765822170441123
-0.00023122189446735109
-0.004457140480197741
-0.010146146383854217
-0.00984046118742752
-0.005026506934807461
-0.0013839559255668446
-0.0022380066095377057
-0.009574444166233792
-0.018443973218747176
-0.022970909769409725
-0.02096178957763046
-0.01695988378854834
-0.019657377823654162
-0.02413531144979287
-0.021300141958897432
-0.015830481906696458
-0.01314465466196892
-0.01564613699897938
-0.020747107808349777
-0.021461150136538234
-0.02061876624294566
-0.02092678433936515
-0.02239220484358584
-0.027899199884725195
-0.03397322876678329
-0.035725666400357896
-0.03219978902093595
-0.02694247497500495
-0.02698214372284151
-0.028442897281869446
-0.022802893730133222
-0.014099040659358755
-0.007145292035864326
-0.003260059876600871
-0.001645296553608712
 0.00252228578981592
 0.0075252513227422255
 0.012157194712845147
 0.017022485362585424
 0.01970364566212021
 0.021836439901507264
 0.024666942447209954
 0.02998025983545391
 0.035461587250636736
 0.0310489908571965
 0.020165674954012884
 0.013006581314641184
 0.007833272854783205
 0.001483894206353066
-0.008270020960185837
-0.01848363022821028
-0.02374561064673044
-0.02780351920552194
-0.033263844794733835
-0.04211703953907261
-0.054115755343322684
-0.06374132951706105
-0.06789491045230385
-0.0634659791780854
-0.05379373497981599
-0.048293739783862165
-0.04403048506398623
-0.03321250582089749
-0.021202122081061966
-0.012584607496353324
-0.007765986298540518
-0.005791868195706859
 8.61495608594498e-05
 0.00757893035411613
 0.013176931399117638
 0.016931489092984184
 0.015503404150305475
 0.014609684432196263
 0.019726990122344856
 0.030369958920705584
 0.04308971832983862
 0.04873205535417121
 0.05013680614348978
 0.05452140143837713
 0.05842530137841157
 0.05935635723066633
 0.054297388928030654
 0.04386910018113987
 0.03379549926889782
 0.02490730243561344
 0.01779254477557283
 0.012040535111814264
 0.0052104611085311975
-0.000905570280261607
-0.0003292022626555993
 0.008841345327393543
 0.01788588539723851
 0.01884260944805339
 0.016614143404818607
 0.01871193555526006
 0.023021859727063464
 0.024419610098592906
 0.022142141130834285
 0.02052971185304208
 0.023390549542497627
 0.02788481804941452
 0.03177005020867798
 0.032225077651272575
 0.02639839686443006
 0.018224242645635942
 0.011905199140958646
 0.010381441821828624
 0.010990478455783867
 0.006043516837774113
-0.0009218985760986037
-0.002905349996714178
-0.003397712428247164
-0.0050871463017196986
-0.009756424680761013
-0.016619167300393308
-0.019599011519660307
-0.022686195478360486
-0.028473207231064647
-0.03578864353439338
-0.045381549091782505
-0.05160258674741211
-0.0532523515867463
-0.04981981311117928
-0.04338409540407973
-0.04163632414309429
-0.040378582127347254
-0.033882194132741995
-0.025178341061967535
-0.018028580740377737
-0.01364631891808676
-0.008405339180330377
-0.000478532484148253
 0.0058988484080419595
 0.010663799736138173
 0.014243346985276718
 0.011912208147801508
 0.006001522347489553
 0.0020999564526550663
 0.0020042843625055554
 0.003878063143695161
 0.0010778963143489098
-0.001738604823171952
 0.001780272138460881
 0.0041860826716236185
 0.0028000002356796255
-0.0021889638890648447
-0.008218656791791849
-0.009119376927690173
-0.009814751475107651
-0.012773594441007289
-0.015160736620795458
-0.018009906374665548
-0.017515209897932604
-0.012341900865471048
-0.0038387264379847047
 0.0068929143190382194
 0.012588921213087405
 0.016268807783870007
 0.024358957561798268
 0.030383984091936107
 0.03014363670081143
 0.02292387277393402
 0.01272893128668056
 0.006470558069508969
 0.0031336925429968493
 0.003103357685545781
 0.004606114323912024
 0.0022073047811419916
-0.0009265486294856504
-0.0015822541427647774
 0.001843283915013122
 0.009744422412635137
 0.015041405492704482
 0.01968968319098203
 0.028293196940112432
 0.03320749051437654
 0.03205008839287714
 0.0261557369007398
 0.018914971720495027
 0.016926853354686702
 0.017500887899696345
 0.01820326343750652
 0.017904579231472526
 0.013006620537986617
 0.006598905074647131
 0.0022283111879416034
 0.0015586048390842308
 0.0016402766662590926
-0.0052994705490535185
-0.013104936097620649
-0.015055718901886998
-0.016574809275824266
-0.018103233540147035
-0.01983466992035428
-0.02114141428802158
-0.02011935300450825
-0.020614048908637616
-0.021668778235896583
-0.02181578672316632
-0.023736234383679805
-0.027348449676563996
-0.03058030893623932
-0.029733258097453998
-0.025075646508790957
-0.022403820099641654
-0.018317909297090096
-0.007476595328037624
 0.0032363776482143072
 0.00973743258801231
 0.011823557375471888
 0.01083649875350775
 0.01150853914756507
 0.01158787750214356
 0.010808497941256635
 0.010362804961651123
 0.007242952386601713
 0.0045337909885140235
 0.005691193682617002
 0.011424536138208166
 0.01813093666648702
 0.017001536216144107
 0.01130786336729487
 0.009354747090432151
 0.00879471395360433
 0.00606921824734203
 0.00037554539849280616
-0.002538961588075747
 0.0033810586752252847
 0.01260060918979826
 0.02083543426870168
 0.025266699015516494
 0.02255287067223606
 0.01747056764363665
 0.01352933271466382
 0.012756953571566025
 0.013590003574773114
 0.007800658349472571
 0.0003312128547832069
-0.0009755315128840911
-0.0014422257458569718
-0.004305396335305307
-0.009856727355775762
-0.016406784647494024
-0.020117005789425886
-0.022886837475019288
-0.026202701748164053
-0.030426286861298057
-0.0369343416462816
-0.04169462545658148
-0.04091057837789824
-0.03389615946689809
-0.024569269212891945
-0.023145850642802397
-0.02663672536067517
-0.0256706674194748
-0.022828497510790247
-0.020275678204055986
-0.01991165619271995
-0.019841651728526956
-0.01431132138882028
-0.007635256004294277
-0.0019952524525580495
 0.0018759788711271638
 0.0009775922078252008
 0.0007815807960316334
 0.004309791648049961
 0.010432824027235478
 0.016499853064108033
 0.01588148311237088
 0.012971643070995083
 0.016154499978750146
 0.021318475120826207
 0.023689283565043337
 0.021642828384325685
 0.01625717391819774
 0.013608682807615756
 0.012418612069767125
 0.010400158560205958
 0.00846337659151785
 0.003348404946569218
-0.0014562148430617636
-0.0014422137211817301
 0.003208397449692181
 0.009742121005839412
 0.009613780299340666
 0.007165967832046795
 0.011160873203339791
 0.01513477732126544
 0.014259725383927217
 0.00721963884697055
-0.0021002504166428987
-0.005885142681658712
-0.006615519318021783
-0.004739407064235805
-0.0005881590289857838
 0.001315954895956671
 0.004064785900786294
 0.008276704223542014
 0.011674240610163436
 0.0139983796024531
 0.010418832925918144
 0.004967841227091742
 0.007656001944415659
 0.014472075684724063
 0.0186653262267088
 0.017839277213894417
 0.015165117904752327
 0.016287518509909706
 0.017157904074658767
 0.016740212766209732
 0.015349463385072988
 0.00928010144820765
 0.0037217700099480694
 0.003735771131828103
 0.009021086848915574
 0.014532749407851271
 0.011545904770795146
 0.005110187636299189
 0.0027440467098783783
 0.0005855848445348033
-0.001969567362192247
-0.007350554883127445
-0.014726661473961879
-0.01651643466907846
-0.015515374638932496
-0.014061620925090092
-0.013296241627177838
-0.01719314057681957
-0.023008154000680223
-0.02683504877243075
-0.02559830801005107
-0.020807688483394756
-0.01920692599598083
-0.01775083880954206
-0.01092076423365541
-0.004970408826601526
-0.003969348796455559
-0.008279272395655384
-0.015114013344131191
-0.01637875520506377
-0.014003279815653885
-0.008862639399541562
 0.0003919132039770165
 0.008559067577585601
 0.01696423615602427
 0.026617812573522692
 0.03611971327225685
 0.04267910502696418
 0.0384625203316193
 0.02924997080743902
 0.024783704544282185
 0.02051578345181708
 0.014264410652434611
 0.005831240975443054
-0.002522590633271829
-0.004016012808648987
-0.0020232269250443427
 0.00042225264225674575
 0.0024990435393308294
 0.0010569577610738817
-0.0014701927744966911
-0.0027652697791821154
-0.0009008248883780046
 0.001981014054444903
-0.0005858055152640138
-0.004844392717343618
-0.004781388670939753
-0.003770994750408291
-0.004543373893506085
-0.0070658574838839035
-0.010171709223355072
-0.010211377971191624
-0.00999903167861986
-0.011903145030958736
-0.013839926999646836
-0.018082179893551834
-0.02224976166437288
-0.02276079187667686
-0.019134575175610846
-0.013751253609475697
-0.015354348996882407
-0.019888285965334075
-0.019337586146288166
-0.01744747305692395
-0.015965717671925065
-0.017405469977585644
-0.019913952732385224
-0.016663425119335332
-0.010398050911771036
-0.0030289441661221495
 0.0049912014339149186
 0.00910044696243021
 0.011263576345570118
 0.014297091007157287
 0.01954273769010642
 0.026235137382807035
 0.02676016900329283
 0.02567977147747376
 0.030059699827168357
 0.03312821657770113
 0.0319218115316779
 0.026697166674699707
 0.01999310019162081
 0.01654889492567551
 0.016131203617226468
 0.01768296318011655
 0.0167402405374835
 0.010152847684223268
 0.002793075401563448
-0.00044111733070825027
 0.000837625938406146
 0.001276319072826132
-0.006223461565616088
-0.016950434804842675
-0.022662775434462896
-0.025910969002312833
-0.02836344841479945
-0.031275621928771626
-0.0333290775272784
-0.028881478472288967
-0.021918395958409036
-0.014964647334914608
-0.008507928374447696
-0.005621422486432048
-0.00435201310770314
-0.0024992355798808957
 0.0036564654156538423
 0.010950901038218788
 0.010708220174497754
 0.009868170326105125
 0.015629514452852773
 0.02209790077630154
 0.026669173878898764
 0.027940916730224044
 0.02682085017026662
 0.029018981642352122
 0.03289954685642282
 0.036565432591627194
 0.039904632163339275
 0.04002597302465248
 0.03766216557082805
 0.035557373575201064
 0.035522371772557244
 0.034147956699595125
 0.024298369156604917
 0.011457269745064058
 0.0061649541827910465
 0.004853542869931005
 0.0007396309688265448
-0.008470585082757356
-0.0190178809320632
-0.024564545007340906
-0.026891016899623366
-0.026937686065249038
-0.027469717530920378
-0.0333477347148831
-0.038945735187281026
-0.039356426077940945
-0.034827155482078445
-0.028706456575489307
-0.02798541325690814
-0.027670394170095945
-0.019423901728210662
-0.009154288545269673
-0.0023778838390996135
-0.0011551439122981788
-0.0038456375296148787
-0.004639017926080034
-0.0052083849532933435
-0.00434266633373704
-0.0027185691203593793
-0.005560738456440353
-0.008283900690106281
-0.00846124432112887
-0.005229384488849957
-0.0003990959280552944
-0.001801512672173891
-0.004646015480851244
-0.0021958689683574117
 0.002027716717380182
 0.004771880777017054
 0.0028000967193833534
-0.0005414357523215244
 0.0002682795249218245
 0.0012670060824714197
 0.0028350999535361188
 0.003635481340393973
-0.0013044798598266585
-0.007054156050988854
-0.010687372597240397
-0.009007272041549781
-0.00419098431633335
-0.008258226765510347
-0.015214308288997568
-0.015421987063773013
-0.014404592725452428
-0.015835011140727516
-0.02092431458711604
-0.02713835182495654
-0.029523160532148325
-0.029446155650166207
-0.02853143410608606
-0.02810440833464794
-0.02919647322344889
-0.02887678719144394
-0.024797876806681503
-0.014539930986722373
-0.0004690909442891661
 0.00797107972309511
 0.014404463957598278
 0.026405513807048316
 0.038205885013210227
 0.0473297631513319
 0.05173069275439386
 0.05204804531380244
 0.05631130003367837
 0.0613819362718995
 0.06396509072238661
 0.06392775544714643
 0.058336755392537624
 0.05214371940806449
 0.04910553837388817
 0.048739183462559336
 0.04715008891073086
 0.0371558260667655
 0.024237722059544324
 0.01727464011826798
 0.0142317921388989
 0.010810921598917327
 0.0021747398060412773
-0.009597629156360588
-0.01738442692415673
-0.023173772149457268
-0.026916661907738358
-0.02814640167972534
-0.031373593994207916
-0.03331504290808877
-0.030283861719097967
-0.023376782547531005
-0.016138350267279018
-0.014640260574105526
-0.014467583315672102
-0.008512560963425467
-0.0004294116032863282
 0.006734349553881712
 0.01012255205011764
 0.011501634640876092
 0.01639259348917646
 0.01887540861801952
 0.01928143313609028
 0.02153790142308512
 0.020434169171302308
 0.019155426474791494
 0.02109454248867955
 0.024662422374836228
 0.02718257306522126
 0.022202942830862278
 0.014308805323632955
 0.010554248202369998
 0.006960700690256796
-0.0003033992159517107
-0.013646195235712848
-0.030743548663038738
-0.04493106176268703
-0.0549766610037726
-0.05999596027226992
-0.061083358215878125
-0.0634518326148953
-0.06567563171293733
-0.06337016050141865
-0.05529867850426137
-0.04608846188007389
-0.04425435213302263
-0.04459503884579135
-0.03956640511430495
-0.034173749657784296
-0.02988716021194463
-0.02917545078374896
-0.03142025113515835
-0.028279396734138
-0.022646393600190898
-0.01777643600525788
-0.014413901707582066
-0.014672916879477717
-0.012271773291507724
-0.005271355216085828
 0.0051125981240774665
 0.016299266037393186
 0.01840872555081651
 0.01521420185268315
 0.015057859475027933
 0.014236477407406294
 0.01317008071716546
 0.010589260311878297
 0.006057656816023008
 0.0060576571023247955
 0.008227786903253827
 0.011905340001440043
 0.017456671594514084
 0.02019150176376546
 0.02321801600756352
 0.0286433400804334
 0.0378255550334644
 0.04920823464487548
 0.05185905980065743
 0.04953492138097134
 0.05245176241273985
 0.05565562057386228
 0.054003522261931725
 0.04676042360909057
 0.036896835230522125
 0.030332777103225628
 0.026447545516565765
 0.023206352366504944
 0.0201681713323286
 0.015309881672981043
 0.009338525585163376
 0.004827923342675448
 0.0038782002822532746
 0.0036285190007431176
-0.00401126999348151
-0.014199211062945846
-0.01755941131542171
-0.017426403091126634
-0.017627081448112956
-0.02112495658377484
-0.02535087516950522
-0.02302906964981193
-0.015897977108993117
-0.0072967968324590855
-0.0007864080022755918
 0.00012598006920818555
-0.0009660848195927538
-0.00010736661782556611
 0.003318171439952333
 0.005331958576924339
-0.0007164021065736437
-0.009793610220164263
-0.014185205360237148
-0.016602682683778174
-0.018810147473645587
-0.023309082353151656
-0.02844505525146765
-0.028228042013703138
-0.026685616341198544
-0.025563215736041166
-0.024681162808310238
-0.026393931407746495
-0.02753033227587854
-0.026477935848612355
-0.02215867778642346
-0.01704603904146761
-0.018551128579826645
-0.022140009146747096
-0.02076326002858502
-0.017211714450602954
-0.0129414593129379
-0.010932339121158634
-0.010229963583348461
-0.004123265512337555
 0.004146561655511451
 0.012458391330095193
 0.018709764702081237
 0.0180027227916819
 0.01637862615090782
 0.01831540869219951
 0.02268366967891225
 0.023876074461960835
 0.013545791564117726
 0.0003243361193679961
-0.005796362214617559
-0.00910755954256958
-0.010019947041449772
-0.011000005245624802
-0.015251592029915287
-0.017494058908728308
-0.017848746457075265
-0.017888415204911825
-0.017351716221444154
-0.01824776941214974
-0.017270044107967505
-0.011606705830267548
-0.0019134603786307713
 0.009497220903936794
 0.013667136719957798
 0.0140078240053301
 0.02011918902153375
 0.024725464213076566
 0.024443114315217188
 0.019549822566924023
 0.012073376654445536
 0.01005258967228799
 0.010572954347581043
 0.012551739395607456
 0.015848936460584814
 0.015288903323757
 0.013986825901282446
 0.014105833289999287
 0.015776599955304407
 0.01671698969794467
 0.010120262954298936
 0.0032855220058231327
 0.005294642197602395
 0.009933586005494446
 0.014353183389327395
 0.01660265125853312
 0.017139350242000785
 0.023234380950029818
 0.0302184647172771
 0.034271706903479436
 0.0347570694898269
 0.02770764906248474
 0.02006786006826012
 0.017575711621635147
 0.020224203304820713
 0.023736079848664424
 0.018324757183976373
 0.009130875440567086
 0.0055466618188393865
 0.0037475547333373008
 0.00043169046019254226
-0.0057100091271603814
-0.01100232468943339
-0.009984930351112812
-0.008001478357893655
-0.009107544082272843
-0.013349796976177834
-0.020884579703565657
-0.0275233089539461
-0.02841469519945894
-0.02143061143221165
-0.013088446613875059
-0.013881827010340214
-0.019353819962533974
-0.019960522551289262
-0.018084410297503278
-0.015258574696993338
-0.013195784635497483
-0.0133357927049781
-0.00917054383414984
-0.0025294805385694397
 0.003348537217996876
 0.008367837059097778
 0.008262831078562773
 0.005565337043456943
 0.002958848439609682
 0.0018364484070558795
 0.0019461219053872256
-0.003059176527531862
-0.00867584478070077
-0.008911525226632695
-0.009912584684175076
-0.014560861809849033
-0.021255594402542443
-0.025290168235370204
-0.022046641040109432
-0.015811601976297995
-0.009730572103847205
-0.006365704333575008
-0.010486616652468594
-0.017482367210094163
-0.019836840773533104
-0.014864210384359658
-0.0061696912039706925
-0.002835158577451355
-0.001134056768393378
 0.007653801315850528
 0.018789132832046036
 0.02690261733593803
 0.028911737527717293
 0.026484926313790784
 0.025880557197631875
 0.026361252838786584
 0.027292308691041343
 0.028158027310597654
 0.027189636469404505
 0.026368254401782865
 0.025934228785159212
 0.026468594296030497
 0.026389256514055603
 0.019832198804548222
 0.011849389338656716
 0.010099285177678476
 0.009368908541315411
 0.006022709124417783
 0.000730393562144778
-0.00550931187425583
-0.008661833065654455
-0.010295263596814028
-0.013090763480967528
-0.0186934308985582
-0.029028380741594063
-0.03841360723790597
-0.04263719235103997
-0.04027571779720833
-0.03362298713864606
-0.03145752428290978
-0.030871822374918277
-0.02675790990121023
-0.024557444956528354
-0.02741128165559119
-0.0359727923253833
-0.044650976624994065
-0.04618173436191321
-0.04292653980367056
-0.03618513718644611
-0.028428673989799234
-0.025595837971500175
-0.024643780865878047
-0.02106656708933588
-0.01433216488990054
-0.005961998400407474
-0.0013673905718465176
 0.003299554907202011
 0.013114140933850202
 0.022303356304670327
 0.02867840372426416
 0.030209162033786888
 0.029642128479169944
 0.033282346015814195
 0.03677322130629055
 0.040378436753989194
 0.04427066933104176
 0.04403032193991711
 0.04341895240596907
 0.045355734947260765
 0.05007868376862225
 0.053504221826400154
 0.04902862167285781
 0.04345862287161638
 0.044438681648394984
 0.04680482314741937
 0.0442426705229032
 0.03479910721168196
 0.023575104309427844
 0.017547744879297222
 0.015393949959146398
 0.013907528201558349
 0.011212367639048905
 0.006302741582581123
 0.0014677866491972918
-0.001873745822507586
-0.002480448411262867
-0.0022307665571491275
-0.007278067496802931
-0.012941405201899313
-0.012759394053080395
-0.012631052773978073
-0.015587562267281335
-0.021516915848364283
-0.02806930661267891
-0.029940751348668564
-0.030318773622979255
-0.031168157361757376
-0.03258224146885784
-0.03561808903043781
-0.03692249992550873
-0.035438411067913476
-0.03000842004985085
-0.02509645994818311
-0.028967690699264744
-0.035723093579463856
-0.03903895785260863
-0.04301519487052705
-0.04910789153335614
-0.05635099018619728
-0.06080325561377588
-0.05853745343639555
-0.05315413187026039
-0.0463543924381266
-0.040261695202693945
-0.037914221484440534
-0.035319399670971564
-0.03042377387747844
-0.022646309427464206
-0.01328208361191608
-0.008332787948706375
-0.003091808210949988
 0.00699112716428113
 0.015020606654703693
 0.019363199442856326
 0.018320137478579218
 0.013821202599073157
 0.013097826380499202
 0.013706863014454444
 0.015466301638421748
 0.01805878997929436
 0.01885683789355584
 0.021171642995460017
 0.02514788058598203
 0.03179361082675518
 0.03841833981416097
 0.037662294979237794
 0.03650955980293113
 0.042308239491220756
 0.048426604925213515
 0.04972868292029165
 0.045943790655275825
 0.04073081316127952
 0.0400564398672294
 0.042378245386922704
 0.04382733215557236
 0.042009557289299296
 0.0366192358779786
 0.03270833609275862
 0.03196162514822093
 0.03328703786926279
 0.03235364911701525
 0.022450391704308452
 0.011291726034752793
 0.007544169331278945
 0.006617780996820512
 0.0050800228421122515
 0.0008891063453274756
-0.0039061795539180114
-0.00592930000867193
-0.008776136289945655
-0.011459629489473235
-0.013853772087050523
-0.017657332132837322
-0.019041081096184943
-0.01715096800682072
-0.010460901786716471
-0.0029097841785504577
-0.0031641324052533656
-0.00530625996242233
-0.0023287486431481166
 0.0006954321280535636
-0.0013276883267003547
-0.007299044414518022
-0.010551904927560703
-0.007779739196767353
-0.004606216179397778
-0.003789500484365306
-0.005383261981386528
-0.01077358339270722
-0.014614479000035992
-0.013216728628506556
-0.008755128737938878
-0.005940960500410805
-0.012147997320462175
-0.021927580685561183
-0.02608349509340036
-0.02706588677017175
-0.026949212854051295
-0.02906800568525652
-0.032619550690635005
-0.03127780366141852
-0.027856932548833372
-0.02514543710554572
-0.023726685480648924
-0.02481408342425712
-0.024802415774973465
-0.020438821733453467
-0.011018592575592387
-0.0014653554797380147
 0.0014888211135724583
 0.0030032451149205677
 0.008512574201259886
 0.013349863179843678
 0.015657667863958724
 0.013622880046222939
 0.009189282399415327
 0.00949963454103478
 0.01119373593230364
 0.011336078046984208
 0.009247620359531833
 0.0030475839572695756
-0.001922712386703905
-0.0014583510537238206
 0.005082372920212533
 0.011823775537436985
 0.0097539856307556
 0.004092981398255598
 0.003017250817629269
 0.0040019765396006185
 0.0037942977648251774
-0.0003452823348393877
-0.004981892097531478
-0.002538746002826775
 0.0031175918570840663
 0.008654922614579862
 0.01247015059595212
 0.010458697504180062
 0.006764810670422811
 0.005108045413299511
 0.006503462312232575
 0.008188229813115941
 0.002380216807044415
-0.006120623575241978
-0.009984853908534489
-0.013412724866305174
-0.017883658074654765
-0.022947293322483183
-0.026022809918201495
-0.024291372965390662
-0.022359257369291723
-0.019895110021219648
-0.018161339595812447
-0.020725825692924988
-0.022193579669742048
-0.020844832222736445
-0.016597911811035124
-0.013226043622973811
-0.019321073758399265
-0.025738123112124235
-0.022557599676965537
-0.015144156951985555
-0.007217350255803424
-0.0025270700507911623
 0.0004644421040612967
 0.007091504564063454
 0.01396358164668482
 0.021076006406732642
 0.02833777341294836
 0.032050328600080176
 0.03621791094350481
 0.04223593705585352
 0.048578315859098144
 0.05370028849443947
 0.050566435083811825
 0.04411205016854487
 0.04228494141188633
 0.04060017448360654
 0.03758766164799031
 0.031273285088505756
 0.024347538708771398
 0.023682499305106776
 0.02532059735406267
 0.0282444388036203
 0.030379566515603716
 0.0264733336755765
 0.02123468798302007
 0.01897588679603244
 0.021608044171043388
 0.024839904003322297
 0.019619926091536857
 0.012610174698333053
 0.011900799315337336
 0.012647510832478608
 0.011303430903269338
 0.005476750116426829
-0.001584337673897207
-0.004120822099853261
-0.0063306203623170534
-0.00865009183681039
-0.011921620130624068
-0.02005610531527984
-0.02691651446231575
-0.029238319409405467
-0.026615495924780005
-0.02151452454280603
-0.022566920397468625
-0.025103404823424692
-0.024312357326952326
-0.025432423886909753
-0.028104249723455467
-0.03369991672325702
-0.03943559207884097
-0.03913924077279976
-0.037036781677165564
-0.034385956521383626
-0.03268485471232564
-0.03682210133939384
-0.04291246452962654
-0.04518760002478879
-0.041435375803518616
-0.035870043374866344
-0.03529834230245307
-0.034117604882386354
-0.02692817552665821
-0.0187890228242061
-0.012665990445020592
-0.011454917881201017
-0.011195902136701786
-0.0047951865185478365
 0.0027069281650943314
 0.008507941325980324
 0.010654736400945615
 0.006181469719999659
 0.0010594976572619041
-0.00024257976521264296
 0.003362635682486001
 0.007236200478767586
 0.0033626362550895836
-0.0003079158527039341
 0.004760386912920814
 0.012731529588434043
 0.01902723893975118
 0.019762283093910586
 0.018089183528612676
 0.021806405660937243
 0.027899102896369904
 0.03378412107072533
 0.03658195500007879
 0.03277839495429199
 0.026800038448685212
 0.02290313949904347
 0.023311497489710606
 0.024783918984323992
 0.019115914334034867
 0.011662803147520114
 0.010360725725045566
 0.010241718908932315
 0.008734295897976911
 0.004205025874717987
-0.0009636156399472282
-0.00015390036270388624
 0.003269304222477648
 0.007376216278396568
 0.01031405856353243
 0.008197599204923578
 0.006027469976598136
 0.00723387559522496
 0.010731751303490432
 0.013086225439532959
 0.00814626423931232
 0.0008028262648271181
-0.0012599632240651512
-0.0015119779781716802
-0.002627377592936367
-0.006370267351217457
-0.010073488075360206
-0.009529788674103416
-0.010614853145115243
-0.012297286600798648
-0.01399838783725305
-0.01975039750101161
-0.023845641621345087
-0.024699692305315945
-0.021579839157662963
-0.01630385733096098
-0.01740292263755104
-0.018957015100433915
-0.015510475789288655
-0.01349902212491302
-0.014703093698339886
-0.02050177281402592
-0.026837150626877825
-0.026132441616471283
-0.021941524547082914
-0.0168615544184763
-0.012220277137987873
-0.011860922071844585
-0.01323067019961396
-0.012236610587257116
-0.00629558907058872
 0.0018458971044597525
 0.004051028994334384
 0.0036613393570418193
 0.006797526812869423
 0.009114665387369963
 0.008923320920769147
 0.004683401499460525
-0.001031272602756067
-0.0004199024962044523
 0.0035610020395103054
 0.008554633682051109
 0.012967230648094942
 0.012922894955065642
 0.013109573049077304
 0.016224759251537546
 0.022219450637922522
 0.02820247466132563
 0.02780345113364758
 0.027014737682375167
 0.031368997833509674
 0.036082612764485676
 0.038012394887988236
 0.034194834006623195
 0.028083469563023128
 0.02513396048750898
 0.022182117939398456
 0.018315554133509576
 0.012486539874070696
 0.0037733534855143233
-0.0029027113264080973
-0.005273519198021652
-0.0019669882426587917
 0.002870300735924994
 0.0009405191850260092
-0.0017896434664290417
-0.0003055546088337885
-0.00011420956962938239
-0.0018596467854148716
-0.007732997024184854
-0.016616526912276476
-0.021675495214912157
-0.0242656495105848
-0.024447660086800136
-0.023147915564318375
-0.024559666198822473
-0.024022967215354806
-0.018072611808300925
-0.006981616271436501
 0.005082437338115614
 0.007674925678988219
 0.004429065583734654
 0.003682354639196965
 0.0014608890137513125
-0.00290737140035785
-0.009287085192540848
-0.016021486819372606
-0.017209224084624858
-0.017353899099298218
-0.020142398565662602
-0.024664668171132404
-0.03197777100186475
-0.03700173721555483
-0.036509374211418255
-0.030414343503389223
-0.02217018453410031
-0.02100578142220821
-0.021801495291269738
-0.016294499677526796
-0.00977011001176506
-0.005698200044791733
-0.004953822000246841
-0.0049771564399087795
-0.0004012163921188125
 0.007044894949210408
 0.015265719192535575
 0.022445814657878226
 0.026086032194522477
 0.030043602004273508
 0.03613396576710979
 0.042044652140025326
 0.04442012752943521
 0.03826442710650405
 0.030260616387245177
 0.0277171315435
 0.025243650877646018
 0.02095706200440993
 0.014705689205027461
 0.008636327268162124
 0.006638875011968304
 0.004160727400921584
-0.00025653593771141764
-0.006533576935653991
-0.015624785884822846
-0.023199237646349017
-0.027070468397430644
-0.026491766907228258
-0.02573338802710512
-0.030941698575908692
-0.03480359543660483
-0.032124768609666406
-0.02835387660762525
-0.025215355679201277
-0.02360759277399823
-0.01997670912773948
-0.009130728213494262
 0.004527087179380863
 0.01916962800792555
 0.031959391594949774
 0.037501389297638334
 0.0386331237931812
 0.037986752170287574
 0.038551452824911715
 0.03887580580210941
 0.031128677068451613
 0.02146810080576765
 0.017505864623427465
 0.015039384375362598
 0.013310281467751726
 0.010736461480253687
 0.008216311362472244
 0.009385381419557089
 0.010153094190065722
 0.010269768106186176
 0.008248981124028637
 0.002566975638161266
-0.0022096424803132245
-0.004867467481280703
-0.003626059773708279
-0.0023146478882446545
-0.00668290830235381
-0.010619476286133897
-0.009179723407869735
-0.005770519658266443
-0.0034580480289586463
-0.004907134225004717
-0.007140267213432243
-0.004382102318217125
-0.001346254184033585
-0.0011805773433892774
-0.004379767986715383
-0.012766268211779477
-0.021036094807024914
-0.024606307593174375
-0.021656797945056646
-0.016397150426529276
-0.017785566335069645
-0.021757136407795325
-0.022296168291255785
-0.023381232762267605
-0.025546695045400306
-0.028829890702195844
-0.030755005307902088
-0.026246735965406942
-0.02085641398148266
-0.01720452908185655
-0.015655102991562836
-0.01835026355407229
-0.018807623896659676
-0.014213016068098723
-0.004825455526586864
 0.004692779480321901
 0.005252813189753305
 0.004828121463515141
 0.01118216762974162
 0.01722119499545769
 0.019493997590627143
 0.017221195568061273
 0.01419001495167406
 0.016495486163192734
 0.020915083547025697
 0.025507357902990267
 0.02791550190874939
 0.025390684845775183
 0.0228215318034699
 0.022133157673841553
 0.02444796277574572
 0.027182792944997113
 0.02276086266117136
 0.016612162656029328
 0.01559943583550507
 0.015473428601602703
 0.012612591484750739
 0.005703179413190984
-0.0022259601829839396
-0.004837115732023944
-0.00336702771000693
-0.0012715690321618497
 7.174236952546542e-06
-0.0006928672556576754
 0.0002848580485245583
 0.005306491362221846
 0.01378633106374446
 0.021811143608974272
 0.02179247611450507
 0.018884969545725647
 0.019554676467186595
 0.01887096928275099
 0.017293542093904386
 0.012922948207198852
 0.005927197649573286
 0.0040020830438670454
 0.003479385468581203
 0.002104970395619077
 0.00028252858415327153
-0.005254801600738948
-0.010925139723624445
-0.012052206701370995
-0.005268801577411816
 0.003544724705392195
 0.002725676110366934
-0.0024499658220874104
-0.004365746537408156
-0.005954841089236627
-0.006717886341948927
-0.008846013063539652
-0.012080205795811351
-0.009455048838589521
-0.003623700533950676
 0.003880747622287878
 0.010731823451541882
 0.010083118356051878
 0.005913203112634456
 0.002744347613061214
 0.0036940712460869635
 0.007114942358672119
 0.004807138247160642
 0.0026043404024859718
 0.004963481483721242
 0.005168827358503894
 0.002004638804123389
-0.005443805437198614
-0.013092928321808733
-0.014047318327423643
-0.010297427578749851
-0.004067055460131162
 0.0007165636487360405
 0.0010735852422829595
 0.0006022240641173279
 0.0012485962596145428
 0.003782747785577814
 0.005159496903739895
-0.0008865303071617162
-0.00735724953060328
-0.005086780408030199
-0.0006438482982335098
 0.0009149116824456946
-0.0005178402054257653
-0.003665694451631646
-0.003588689569649542
-0.00220727350629471
-0.001374223503087628
-0.003201332259746184
-0.01003840668081837
-0.014530341142535312
-0.014539674746619016
-0.011244811154238026
-0.008010617849362744
-0.014700683496863404
-0.02429592252684891
-0.027667790142306636
-0.029861254096595808
-0.03127300473109991
-0.033006774583903525
-0.03206871831385964
-0.02215845991076015
-0.009693049014631819
 0.0021656590064394396
 0.01145054675371087
 0.013648678225796379
 0.016147827662814043
 0.023131911430061332
 0.03309350623028104
 0.04332811732427643
 0.04456719155925248
 0.04153834441546164
 0.04169702083831682
 0.039771906232610586
 0.03632070054887616
 0.030057660386511822
 0.023346593485643802
 0.02228486374059571
 0.022053850239856544
 0.022798228284401437
 0.02230586585286845
 0.01527744667889365
 0.006496589585042456
-0.0009215195125267042
-0.004951426400161718
-0.00806894550261475
-0.016572119357497517
-0.02357487033291221
-0.022825825343174566
-0.0204316821729937
-0.021052385597327222
-0.026265363091323542
-0.03174435646130642
-0.031242659566784358
-0.02772378260515152
-0.02308950574245222
-0.01873757906391409
-0.017491504411148922
-0.015974746937204437
-0.012201521462566905
-0.006094823391556009
-0.0005294909629037226
-0.002382267918122391
-0.00610882336822887
-0.0049747554000896255
-0.004841747175794546
-0.007312894369052157
-0.012404531288037056
-0.018459892389324165
-0.021470071752344017
-0.02438691221150894
-0.02604601094122861
-0.027310752802161192
-0.031083977704195135
-0.03206636938096653
-0.02874117064483269
-0.020557681963049492
-0.010542417293113195
-0.00826728122534737
-0.008631302664079823
-0.003544332117684082
 0.001974330859040724
 0.005642550066841459
 0.006258587118585818
 0.006274921713062223
 0.010750522439208134
 0.015009110213891334
 0.01885934028420918
 0.020917463400512287
 0.016150179172423278
 0.011424897451068998
 0.010953536272903366
 0.015256460026917655
 0.02261623288218105
 0.023668629309447235
 0.021916191675872623
 0.024576350722040063
 0.027476857445633954
 0.029047284789295018
 0.026923825012897036
 0.023409615569060543
 0.02477236385164438
 0.02702649866604285
 0.029903670663673013
 0.0329348518526638
 0.0317167794436587
 0.030435703274551508
 0.03100973781956115
 0.032724840464197366
 0.03282051312695047
 0.025908767582794333
 0.019025023709794683
 0.018401986812864785
 0.018955020104507066
 0.018376319186908262
 0.01367903913671046
 0.0061279221011480214
 0.0026323804380825114
-0.0002587918225223085
-0.003744999595202324
-0.006538166006759459
-0.013050887736935742
-0.02021231484890382
-0.024526905393296394
-0.025161609653208156
-0.024771919443312015
-0.03083894790758098
-0.03767835580124954
-0.03885442570351993
-0.040070164639928664
-0.04313634734526148
-0.04827232024357747
-0.05240256645285654
-0.04959306516052122
-0.043458365418353836
-0.03584424405008574
-0.02845880299626223
-0.025513960293337253
-0.021759402599470703
-0.015050668598595478
-0.005623439022945272
 0.004965859905698873
 0.007486010596083906
 0.006333275419777254
 0.008368063810116622
 0.00981248363357353
 0.01079720935554488
 0.00810671573822818
 0.0038737967347086746
 0.004209817074888239
 0.004804852873265236
 0.005208543918739622
 0.003934468167421552
-0.002911940144036125
-0.01029738062525605
-0.014861652737460568
-0.016730764000853847
-0.01836886147720616
-0.026424008593585242
-0.036224593212051605
-0.03855339857693044
-0.03621992569425527
-0.032015007789288674
-0.027819423774707558
-0.023425494589434707
-0.014369287156607874
-0.003135949791364674
 0.008344735669094092
 0.016654231871081455
 0.017412610751204594
 0.017267935736531237
 0.020096104809637548
 0.026167800791702847
 0.03282519839545786
 0.03143678248691751
 0.02906830808790032
 0.034222949339590886
 0.04042298631445672
 0.045211272368516665
 0.04723439339587417
 0.04888415880781194
 0.053567438595035086
 0.055100530377154185
 0.054559165021097346
 0.05318008300294248
 0.047400071668027434
 0.04197708164035751
 0.03970661309038802
 0.039615607945431244
 0.038696220028761934
 0.030757746542201515
 0.021526529237250257
 0.01907871676995638
 0.018154661908094318
 0.012911349270345145
 0.0005952811929882951
-0.013375218955197284
-0.0209100016825851
-0.024655224913462573
-0.025968969698918983
-0.027534729524783724
-0.03343141448951744
-0.03944243961147345
-0.041967256674447645
-0.04073051591206797
-0.03861172250825915
-0.0404574990456887
-0.040606841005554804
-0.03255869373436125
-0.02332980932940279
-0.017498461024763944
-0.01556401195606863
-0.01524899286925643
-0.010633383787328119
-0.0046480262913286274
 0.0010689818560879125
 0.0060906151697852
 0.00618162088734555
 0.00531356936779645
 0.008202408728408474
 0.015216827639408619
 0.02218224362588491
 0.020868498840428504
 0.016798922918655132
 0.01801466242766745
 0.019811436613176733
 0.019666761598503384
 0.015436176067580257
 0.00890478655663298
 0.005042889695936852
 0.001124989492927747
-0.0021862078350242675
-0.0063304548798815835
-0.013907240114004123
-0.019187888313295272
-0.02153069451375234
-0.021120003050488837
-0.01943523554960547
-0.023880500559394953
-0.028470440870159576
-0.025665606523017
-0.019815590437607163
-0.013942239626233605
-0.011396420737288464
-0.010936726349501123
-0.00811322422158755
-0.0056700781268828465
-0.00392697381109014
-0.0030029183766244957
-0.006358451683907612
-0.00982365820322027
-0.00903261070674791
-0.0040623137901708364
 0.001988380938527101
 0.0016780293695112386
 0.0005229607206082079
 0.005733605314611735
 0.01116126286007798
 0.014435125199091611
 0.013065377071322236
 0.00857344260960529
 0.007308700748672715
 0.006011290271390912
 0.004307855562340139
 0.0006186356737756388
-0.008120218913340842
-0.015335315895025507
-0.01788813462915619
-0.014303920434824896
-0.008712919807612508
-0.009809651641606205
-0.011249403947266777
-0.007557850013502319
-0.0030145785820615764
 0.0002896189007049049
-0.00102179241215513
-0.004020304412193122
-0.001845507666071347
 0.002529753738430507
 0.00741837911413451
 0.010850917589701525
 0.009933863145628587
 0.009779854240569735
 0.011627964823199236
 0.016413917404662803
 0.02203525317562805
 0.02093152092384523
 0.020460159745679607
 0.025505127785340614
 0.02890033069936567
 0.027843267899510332
 0.020268816137984154
 0.010736580868100733
 0.005602941442381111
 0.0024177516346332514
 0.0009849997467617916
-0.000380081435814833
-0.005478718772588861
-0.010703363629567041
-0.012138448990034877
-0.008787582055340921
-0.004379652034489839
-0.007107481213348511
-0.013813881169023792
-0.01614968695169174
-0.015528982954754633
-0.015106624128509258
-0.017164746672208783
-0.020107255329933807
-0.019752567208983267
-0.01815647166676209
-0.015596651942238707
-0.013711205798067238
-0.015325968548455814
-0.014737933167867937
-0.009961314476789853
-0.002237519896492214
 0.0053112642390774345
 0.005661285414835231
 0.005329932592452007
 0.010608247891750355
 0.015142185432805606
 0.018264372053054964
 0.01931676848032115
 0.019400773780092376
 0.022828645310466654
 0.025957832348505128
 0.030197752342417332
 0.03398731212522948
 0.031103140282413788
 0.025897163206206594
 0.022536962953730727
 0.024177394475283005
 0.027899283552800316
 0.025367466072037
 0.022119272504187062
 0.02298032417855063
 0.022415624096530064
 0.0193797765349501
 0.013877448439003487
 0.0089421541839756
 0.009110164497216272
 0.010554584320673181
 0.011844994952769444
 0.011840328293878495
 0.007131380880698819
 0.0013140339842418053
-0.00147913242731533
 0.0009780145029676182
 0.004382551307378156
-0.0011151098433757126
-0.00897891220685218
-0.010026641116322028
-0.009725622865088067
-0.009303264038842698
-0.01082235441277997
-0.015160279683136275
-0.01589532326469209
-0.01623134303226807
-0.017360743482610984
-0.01828246487187668
-0.023143088003820613
-0.02755801786985724
-0.027366672830652833
-0.022251700613100618
-0.01595599126178347
-0.01744241301937152
-0.020219245122754033
-0.017498415789080898
-0.015265282228049785
-0.014385562772915236
-0.01688937858252207
-0.019871556274385447
-0.01773642856240202
-0.014474233586370254
-0.010413990982378801
-0.0077958344429460875
-0.010252980800625457
-0.013200156403543228
-0.012994810528760583
-0.006918447601502533
 0.001325711367786371
 0.001160035099745653
-0.0012504418060062458
 0.003047815002815292
 0.008104450405458173
 0.011571990969970795
 0.01179600462552443
 0.010024899211178835
 0.012391040710203222
 0.01586558169250496
 0.018481404759341298
 0.018987768599056112
 0.013718787762746834
 0.0071243944916974805
 0.002882141597792494
 0.003064152746611405
 0.006071999209638475
 0.002779469662457436
-0.0014044464165382242
 5.6307715093295574e-05
 0.00046233223316405336
-0.001353109160512636
-0.006162395895336362
-0.010243639180091597
-0.008551871261419108
-0.006160061563834612
-0.0033622276344811505
-0.0012224329773049825
-0.0037845856018211485
-0.008351191186622045
-0.012124416088655988
-0.012257423740347485
-0.010087293939418453
-0.011783728230680107
-0.012542106538199656
-0.007177452752835486
-0.0011804278938541343
 0.003544854400103735
 0.00467892236824298
 0.004244896751619327
 0.009411205366291753
 0.015580907197404736
 0.020980563071714503
 0.024914798155501808
 0.022646663078128675
 0.019188456976605137
 0.017790707177679277
 0.019827829040615023
 0.023428377543120917
 0.019974838386790122
 0.015174885542351892
 0.016031270271522714
 0.016299619906407437
 0.01344344973474823
 0.007635436728676698
 0.003162170047730742
 0.004228567310575165
 0.006247021392739922
 0.007868785133521211
 0.007066070846670554
 0.0018880954416198442
-0.0038545803317532323
-0.008131835314603823
-0.008523858424492763
-0.007809815523700716
-0.010873664756437165
-0.010913333504273717
-0.0037822409634549123
 0.003953220979824604
 0.008069466926129018
 0.006571377805559109
 0.0029148265333438297
 0.0037712112625146454
 0.00624002555577946
 0.007999464179746778
 0.007908459034790004
 0.003276516217290658
-0.0012970897852993546
-0.0030378600558921
-0.0017987858209160407
-0.0010030713792509374
-0.007268445014211641
-0.014112519853072946
-0.01569694745970867
-0.016961689320641248
-0.01987386283461342
-0.025443861635854863
-0.030064137090372343
-0.02923808750495438
-0.02672260375976209
-0.023133722620238065
-0.021145603681826157
-0.02405544372320196
-0.025506863391844402
-0.0233087319197589
-0.01758472335455323
-0.012453416828826402
-0.016663001106382167
-0.021787306641716297
-0.01955650655328156
-0.015139242642044977
-0.010913323483711018
-0.010656641211808152
-0.012623758324249116
-0.010948324713751241
-0.008880867707062645
-0.006979087254716555
-0.006743406236181058
-0.011681033963805314
-0.01740270848381103
-0.019780516773213696
-0.0156806051350839
-0.009207551866442374
-0.008806194293564367
-0.008365167686548006
-0.00247548256699983
 0.003794558585757203
 0.008253825003728503
 0.009756581642094753
 0.010048266002943208
 0.012860100767874916
 0.01641397981845335
 0.01979284842430378
 0.02123260130256794
 0.01945216199783685
 0.01993285763899156
 0.024326786824264403
 0.03285796292290724
 0.04244620210770721
 0.043164911953691994
 0.04067043003447065
 0.043181246834470194
 0.04469800430841467
 0.04379028375472722
 0.03902066605404184
 0.03201324813343441
 0.02932508798871407
 0.026562256720909803
 0.02297804309918209
 0.019228152923111877
 0.011110002046630714
 0.002737502657144855
-0.0029538367191079967
-0.004909286468567094
-0.005359646393365357
-0.010941312557588671
-0.014492857562967146
-0.010299607020982413
-0.005070294646207896
-0.0013274043153232232
-0.0017030931170375421
-0.0037308805169842113
-0.0014534109766220077
-0.0001373321459656393
-0.001458077349211176
-0.004731939115621225
-0.012175716411750477
-0.018872782477040263
-0.021693950559753872
-0.01926947224582015
-0.014569858150422391
-0.015909271134438917
-0.016646648188591108
-0.011232991478703092
-0.006918400361706944
-0.0046059287323991435
-0.0056676584774472336
-0.008218143738981536
-0.006808726004470231
-0.00539697479736255
-0.0041228984734408974
-0.003047167320210979
-0.0052289639115182945
-0.007623106509095579
-0.00846082288489183
-0.005107622477601499
 0.0004997124577854964
-0.00037533947955272623
-0.003345849808434234
-0.002109109046054554
-0.0011080490159085937
-0.0020951076378727326
-0.006512370976505734
-0.01160167442289426
-0.011991364060186818
-0.011029973064179202
-0.008929847441141375
-0.007697773623954449
-0.010971635390364491
-0.01175334842384778
-0.008358145509822733
-0.0018127545906936465
 0.005236666409252105
 0.002492502922218809
-0.0031778352006666885
-0.0021277722459968826
-1.9784243989462436e-06
 0.0023501622390471946
 0.00172012492432818
-0.002179107497909935
-0.0009470336807229987
 0.003645240675241579
 0.009623597753451951
 0.014442218951264747
 0.01277145285856321
 0.010318973446076594
 0.01062932558769604
 0.01372351053678892
 0.01769274770952181
 0.01295113167999292
 0.004825980385722635
 0.0026815193559572986
 0.0014681138921449344
 0.0008427435226186705
-0.0008606911864321026
-0.0034741802080684864
-0.0009096935383523658
 0.0019978136030306473
 0.004396623718404262
 0.006627423806838999
 0.0030992135274242535
-0.001593399577580798
-0.002813805459182285
 0.0006187330163847371
 0.005577362569979934
 0.002557849316574587
-0.0029958151764922364
-0.002970146691630343
-0.0025571217557704626
-0.003037816824321589
-0.0050516033886900125
-0.006981384939588997
-0.0040155409832966504
-0.0011827049649975885
 0.0009057532950583688
 0.0026978605353749074
-0.0009260221204911434
-0.005322284205756783
-0.006993050298458321
-0.005266280290840239
-0.0027344622374733396
-0.009732546267695288
-0.01916210874333828
-0.020895878596141906
-0.020214504311699088
-0.01750534234100782
-0.01584857651128093
-0.016865970276997926
-0.01352910417788222
-0.007639419058334037
-0.0005526624968463234
 0.006396419181455365
 0.007831505114526773
 0.007378811717132137
 0.0075328211947945645
 0.008519880389362293
 0.009672616138272527
 0.002693199888821572
-0.007056048332524576
-0.00926351312239199
-0.008850488186532116
-0.006717693947145061
-0.004484560386113959
-0.0036631777458887363
 0.0015334660125365454
 0.007546825179692511
 0.012563791548197048
 0.015034939314058242
 0.009327265629630772
 0.002070166141211381
-0.0020017432531583557
-0.0018547341932850445
 0.0026838702929629504
 0.0012091158983567746
-0.0036655080691654005
-0.002547774409200773
-0.00029363959480230295
 0.0013724601253100738
 0.0014237968087320793
 0.0008404289459405245
 0.0048073326460770505
 0.008767235928424447
 0.010666682908174165
 0.011544068890712342
 0.00800885819350848
 0.002676873597097118
 0.0005744150740665047
 0.0034025841471728158
 0.007973857249770046
 0.006065076952238423
 0.001906829071802868
 0.0043126396049656054
 0.00846388764021562
 0.011056375981088225
 0.010718022740915878
 0.00918259805880399
 0.012643138205527489
 0.017501428437478636
 0.02196536180064268
 0.025029211605982718
 0.022054034331908452
 0.017786113239443353
 0.01627635675589157
 0.0183064782010382
 0.02155000539629897
 0.017655439919253613
 0.011961767070404375
 0.013114502819314616
 0.01581199742702402
 0.015611319070037703
 0.008911919532151556
-0.0017753846729366904
-0.008451449484859107
-0.013470748753356441
-0.017246307127986756
-0.0197407890472081
-0.026127503257180218
-0.0332282600816426
-0.03662112895046768
-0.03495502923035531
-0.03056110004508246
-0.03195884984400832
-0.03516037395993079
-0.03236254003057733
-0.029053675602618095
-0.027116893061326412
-0.02698855178222408
-0.027490248104142568
-0.02300298001501478
-0.017710663880138193
-0.013253730934763262
-0.009632181178889997
-0.010971594162906523
-0.012577023022909604
-0.012000655005303597
-0.009431501390394722
-0.0055812713200768735
-0.009468836379333111
-0.017794666316891507
-0.020760509700580267
-0.022685624306286508
-0.025833478552492392
-0.03130313803208978
-0.039346617785486995
-0.04295883307837118
-0.04382455112532391
-0.04328085172406712
-0.040702364218772755
-0.04081670408969326
-0.03959163069029545
-0.03391429157701725
-0.02350233656569748
-0.009898191042538938
-0.003065782994055924
 0.0006771073368287556
 0.01019067539854477
 0.020173271452131845
 0.027537711252587985
 0.031264267275298054
 0.03177063111501286
 0.03605255361565979
 0.04369000970989162
 0.05097744491466744
 0.056500774836585006
 0.05620209063055101
 0.05269488160450361
 0.050524752376178185
 0.051063784832242214
 0.05288156027111887
 0.04705721295687272
 0.03692760870231771
 0.033348062025782756
 0.03240533938314971
 0.03075090759862279
 0.02646431872538669
 0.01911854727830512
 0.015510998930613674
 0.013179860093138478
 0.01006234099068544
 0.007595860742620586
 0.0018041820447236706
-0.002671418108818664
-0.000739302512719725
 0.006641471595911039
 0.015865689055676757
 0.01660073320983617
 0.01174477702308497
 0.011210412084817267
 0.011973457910133142
 0.012587161489281136
 0.010407698370570193
 0.005477071060735063
 0.00419599489162787
 0.0032042693244709805
 0.00200253122364049
 0.0004274375073902506
-0.006768991693523425
-0.01560585212968759
-0.02257593448875305
-0.024704061210343777
-0.02108251145447051
-0.02148153498214857
-0.023362313608523713
-0.01760563642696882
-0.010343869420753098
-0.004906877984901359
-0.001906031939663412
-0.002368059227443549
-0.0005712850419342594
 0.0018625271623849554
 0.0027865825968505994
 0.0028542535884472156
-0.0010449788337908855
-0.005525245932525971
-0.0060479435078118135
-0.001049644920078259
 0.0063824655856727155
 0.006328796002257921
 0.001930200444395909
 0.002452898592285334
 0.0033839544445401007
 0.002588240575478573
-0.00045694087648688597
-0.0059989380065718426
-0.006876323416506444
-0.00430016938380845
-0.0005082761283999385
 0.002417898793754064
-0.0012059838621119867
-0.006276619527729531
-0.008292739564694333
-0.006292953263300559
-0.0009726354572674872
-0.0021020359076104056
-0.008411745521902207
-0.010264522477120869
-0.009823495870104507
-0.008960110723144572
-0.009611149291230948
-0.01126558107575788
-0.0070723305337731385
-0.0010776391473881625
 0.0038179866461049636
 0.007640215045266331
 0.005411749002031556
 0.0018648709418458212
 0.0013281725309817402
 0.004200677583419146
 0.00895162807593712
 0.0060371210893685676
 0.00033411435013384894
 0.001381843832207283
 0.004301018336572163
 0.0068585045884991605
 0.005418752282838585
 0.0009571529648744956
 0.0015895243247934718
 0.004924056951312809
 0.009161643472628642
 0.012524177770304457
 0.010001694179926635
 0.0053300823282889445
 0.0038156588995444107
 0.007873568030939498
 0.014862318743379531
 0.015093332816722288
 0.00999936242514101
 0.00849893983197473
 0.008503607063469261
 0.007766230009317074
 0.0059111195815020265
 0.0028939398006930586
 0.0031319542918249316
 0.004210018917651222
 0.0044970363333069335
 0.004683714427318596
 0.00033645526657679475
-0.004666509693745914
-0.005625566644553576
-0.002949073290211532
 0.0007331467531674421
-0.003691117003254682
-0.012156955296595471
-0.014476426771088811
-0.014215077553993202
-0.0147681102730319
-0.019379051837163885
-0.026911501091955337
-0.02932664494289998
-0.02769321383913683
-0.024725036410248112
-0.021810528851075983
-0.02297259791776813
-0.026111118273588522
-0.027665210736471393
-0.02611111770098494
-0.022372894315293004
-0.023103270951656082
-0.024452017826058096
-0.018319651556487085
-0.010910875776699847
-0.006157591811585497
-0.005088861076144709
-0.006243929725047732
-0.0023890327095371366
 0.002879948699375731
 0.007532893342846014
 0.011992159760817321
 0.010937430433558347
 0.008489617966264476
 0.008666962169890637
 0.01229551234355302
 0.018355540962636453
 0.0170627974305474
 0.011674809491823077
 0.012610532289270594
 0.015686049457592485
 0.018238868764326746
 0.01923292837668359
 0.018042857638834967
 0.020047310885421485
 0.022840477869582196
 0.02450891106229095
 0.024413238972141427
 0.01776284235877912
 0.009114993202921196
 0.0031949735122237533
 0.0016758831382864756
 0.0039393518430704405
 0.0009221720622614588
-0.0038567795288094037
-0.0010332774008958365
 0.003031632148288367
 0.004205369150565956
 0.0017528897380793412
-0.003194071879930413
-0.0030680640734244563
-0.0006715874306472205
 0.0007448307216532113
 0.001724889498431817
-0.002902386373874785
-0.010304161163269317
-0.01616117709386469
-0.018697661519820746
-0.016742211197758074
-0.020237752860823587
-0.026937152398709745
-0.025056373199731016
-0.019460705627325887
-0.01349168243950101
-0.009963471587482689
-0.011018200914741656
-0.009781460152361983
-0.008943743203962146
-0.009023080985937054
-0.008334706283705116
-0.012411282623267603
-0.01550080005456415
-0.013183661480063606
-0.006614935834970775
 0.003701346799897677
 0.006030152737380098
 0.001290870180447573
 0.0020795842043235674
 0.004814414373574952
 0.007339232009152721
 0.009271347605251667
 0.008484967626575628
 0.01074610285876322
 0.013637275691971616
 0.015233371234192793
 0.01693447304325077
 0.012496208451250414
 0.0053371148118787
 0.0017692354983256109
 0.0026186198097073107
 0.007910935944583905
 0.008799989290103949
 0.006363844185791945
 0.011107794260520797
 0.017760524919083066
 0.020712368039797167
 0.017702188676777315
 0.008739320720408991
 0.003311663747546323
 0.001351547052894489
 0.0013678816473708874
 0.004242720172404679
 0.0023922766897823827
-0.0023936753190776025
-0.006122564241780461
-0.008337029449436994
-0.007069953543304468
-0.010542160480406248
-0.018002272084710124
-0.019876050293296144
-0.019862049171416117
-0.019614700789898742
-0.020027725153155044
-0.02254554179834011
-0.0201467316829665
-0.014460058679302806
-0.00921907894154643
-0.0048951539341647796
-0.005924215062863648
-0.007683653114227373
-0.005989551722958515
-0.00037288289718602485
 0.009264359212137786
 0.011516160553939878
 0.007768603850466044
 0.00987106294610024
 0.013562616879864701
 0.01549473247596364
 0.014731687223251341
 0.010834788273609605
 0.010111412055035657
 0.011394822269342797
 0.013128592694750002
 0.015156380667300247
 0.012937248514450966
 0.009745058288913984
 0.00915002306314057
 0.012111200074240165
 0.018213231200058327
 0.018145560781065287
 0.012815909657250303
 0.012538226704583669
 0.01406665154151001
 0.01290458247481787
 0.00953738180455288
 0.004072389270148247
 0.002021267144237844
 0.004109725404293801
 0.007339251763976332
 0.01048477311018943
 0.00901701913337237
 0.00616784937950228
 0.006835222828366849
 0.009922407359670614
 0.013590626567471342
 0.009080024324983407
-0.0013972673464312316
-0.0057468599797693976
-0.007142276306098889
-0.008052330332382708
-0.008582028325457673
-0.010192124130653506
-0.007499296468136841
-0.0034087187203925354
-0.0003051998809141601
 0.002606974205661597
-0.0002981988905214547
-0.005912533671093997
-0.008596026870621578
-0.006971929657243924
-0.0018686248026735658
-0.001786952975498711
-0.005763189993417142
-0.004703793148361841
-0.0018172872603461898
-0.00029352936861259254
-0.0016306088800327398
-0.006654575093722814
-0.007277611990652709
-0.004379438739655198
-0.002344650349315823
-0.0011125765321288936
-0.00453811401730321
-0.009760425401685015
-0.013232632338786802
-0.013052954662564259
-0.008133994143107406
-0.009002045662656506
-0.014429702635519175
-0.012121897951404118
-0.007128266308863318
-0.0044844415708704954
-0.005088810687029412
-0.010350791105549564
-0.012658595217061041
-0.011566529755656509
-0.008649688723888008
-0.0048974645026178334
-0.007058259840557787
-0.010971493098374134
-0.011603863885689528
-0.007734966034600686
 0.000805543954427633
 0.0048704535036118435
 0.004865786844720887
 0.009752078747828512
 0.01675483029584679
 0.02182546653406791
 0.02223849146992779
 0.018063909281317618
 0.01721685901513588
 0.018528270900599504
 0.020117366025031565
 0.022749523400042514
 0.02012436701542427
 0.0163698098941613
 0.016297472529975522
 0.018003241284226243
 0.02137744294488393
 0.017429207598121978
 0.0066415640713896815
 0.0015592610427902706
 0.00026651751070121826
-0.00017450852371155706
-0.001565257904848294
-0.006017523332426888
-0.006514552709152625
-0.005578829911705115
-0.005865846754757251
-0.005830844379509856
-0.010362447875365149
-0.01451369533801158
-0.013717980896346474
-0.007795627160449067
 0.002658330357605418
 0.005540169300428326
 0.0010412344209222574
 0.0011392405562717298
 0.0032090310355566976
 0.0032743685545569487
-0.0004638542585314043
-0.00812464450612338
-0.011330835567238604
-0.01057712363230821
-0.00937071801368139
-0.00734526351372751
-0.009303046735782972
-0.011767193511251463
-0.009970419325742174
-0.004899783087521051
 0.0033210411558041233
 0.00528115842305954
 0.001087908453678392
 0.002791343735332741
 0.007416286707646554
 0.011229181216422426
 0.013032955819720839
 0.0107391525437876
 0.010760154083456756
 0.011798549675144696
 0.010991168443101301
 0.009971441204787927
 0.0036640650630925045
-0.004146067430667373
-0.007326590293222485
-0.0066405490635869265
-0.0016655852018171088
-0.0012875623549028284
-0.006134184651268526
-0.004972115011972797
-0.0009072054627885934
 0.0027353455464520296
 0.004340774979058694
 0.0024436620445089374
 0.0037014040602559722
 0.005841198717432147
 0.007388291335129485
 0.009924776333689128
 0.007602971386599412
 0.0031530394316171897
 0.0010412470182010816
 0.0019746363430522204
 0.00608154839897114
 0.004604460531768592
-0.0017052490825232094
-0.0024496265544645193
-0.00032849967805934077
 0.00021986666839019647
-0.003943048157238102
-0.012051865143333774
-0.01492670309576397
-0.015484402759995419
-0.016511130416097905
-0.015762085426360265
-0.018935607871126255
-0.022480152458715614
-0.020704379526573686
-0.014518343387286095
-0.005476136790037493
-0.0036980303852991933
-0.008696328400429158
-0.008157295944365123
-0.005137782118356186
-0.003084325947245836
-0.0021019336978708517
-0.00463608465123054
-0.004365401543749439
-0.002346947461584682
-0.001555899965112316
 0.0007449043012136211
-0.001124206962179658
-0.005252119698862356
-0.005753816020780844
-0.003294335617901517
 0.00301537456899386
 0.004172777263096852
-0.0008535224231896038
 0.0006328999070020283
 0.004557801100403824
 0.006697595757579999
 0.006930943303519128
 0.003045711716859259
 0.0029010367021858954
 0.00527184514640304
 0.006886608469395199
 0.009768447412218106
 0.0074069734309900395
 0.0016269620960749978
-0.0009211896928629365
 0.0018813111816832762
 0.010641167594770705
 0.014463395993932072
 0.011457883576104964
 0.012904636872158246
 0.01479708343411884
 0.013896363298220506
 0.01047549275823894
 0.0018556452735375012
-0.003133318851206969
-0.004402727657332295
-0.005434122258627529
-0.0039010304765084367
-0.00664986090873447
-0.011876839238309032
-0.014242980164729836
-0.013372594599980778
-0.00661719114717808
-0.0038286911082101166
-0.007445573346287045
-0.00594048323532443
-0.003196319175687551
-0.002874299671086232
-0.004584734797926128
-0.009690372552489265
-0.010852441619181415
-0.009410355268320878
-0.007653250116949943
-0.0027482904330713223
-0.0013715413149092484
-0.002687619572962034
-0.0018382352615803413
 0.0010552710442244331
 0.007780339353274275
 0.010064809311425595
 0.005619544301636116
 0.005521538738890226
 0.007119967753707775
 0.007024295663558264
 0.005519206125199225
-0.0004754846885821687
-0.003424993764096315
-0.0026059445964674716
-0.001952571983181134
 0.001127612130333501
 0.0009246003007508177
-0.001926902925715658
-0.002181251152418559
-0.0006201576991429827
 0.0032884091860842027
 0.0007379239245498964
-0.009151332652578649
-0.012807883924793931
-0.011946832250430361
-0.011267791438583925
-0.01127479157007125
-0.014709662945631061
-0.015780726581064643
-0.01414262853210875
-0.01181148912202996
-0.006330161706847123
-0.005000082040612509
-0.0074525614530991345
-0.005963805650311127
-0.0009398388640174671
 0.007866687000997415
 0.011954931276145359
 0.006170252996037559
 0.003561430919593926
 0.0051621934070078465
 0.0060839153688771255
 0.00565455669744621
 0.00023390014237266443
-0.003655998389479956
-0.0047713980042446286
-0.006815519712365912
-0.007991589614636297
-0.01265853452108125
-0.018814234944012406
-0.021024033206476198
-0.01960294810898302
-0.01472599009626089
-0.015120346678746194
-0.023399507164377123
-0.026283679007192813
-0.022928145127306114
-0.01900557740650069
-0.015591706711704654
-0.015911392171106018
-0.014567311669293162
-0.009674019348396418
-0.0045450462952659546
 0.0020936835277180696
 0.004676837978205187
 0.0029757367417507855
 0.0036897796425428286
 0.008954094106262939
 0.018689342064634434
 0.02350796326244723
 0.021435839883169473
 0.02443435245581104
 0.030863069745121464
 0.035329336580881894
 0.03580769874944023
 0.030569053056883802
 0.028643938451177568
 0.03181046105075802
 0.03534800579316183
 0.03863120202256096
 0.03579136615907636
 0.02819124619899009
 0.02329328750550417
 0.02193987368590941
 0.024355018109457637
 0.02347996617211942
 0.015324479734096279
 0.010414853677628504
 0.008191054579586472
 0.0033957686803409923
-0.003770325376819844
-0.013871927960218366
-0.018468868688772115
-0.017341801138421983
-0.016385077087607114
-0.014688642223741877
-0.018125847071898064
-0.024983922746337605
-0.027847093335785937
-0.02643767560127463
-0.02014663319515023
-0.017558811799470376
-0.02190607096021217
-0.02155838325705075
-0.017654483317016308
-0.014662971162163859
-0.012544177758355046
-0.014891650904004867
-0.01602571829954053
-0.014511294298192423
-0.013738914582491043
-0.010896744673806493
-0.011739127994795484
-0.016548414729619213
-0.0188282171699742
-0.01783649103021373
-0.011097421885585643
-0.007531875472025346
-0.011855799906803403
-0.011151090896396851
-0.007055846203459799
-0.004365352013539513
-0.0030002702583592986
-0.006997508529645088
-0.008584269608877194
-0.00640013897236992
-0.004626699512824371
-0.00014176489629296601
 0.0010786415579120967
-0.0002281028097551943
 0.0028964172830905355
 0.009712491023398946
 0.021389188181953074
 0.029519006994019693
 0.027892576880649243
 0.029222656546883857
 0.033670255601873283
 0.034479970879116646
 0.03324556416193692
 0.02608180357737247
 0.019046383985608546
 0.017991654658349572
 0.017881981732621823
 0.01989343539699745
 0.019494411869319397
 0.015025812133566185
 0.01332704436970817
 0.01471079390565936
 0.020402133854515808
 0.023276972379549586
 0.01692526025852307
 0.013695734471444114
 0.015140154294901023
 0.014708462150873736
 0.012680674750927073
 0.006055946336124864
 0.0011416533344643445
 0.0012886623943376488
 0.0005629527031673284
 0.0005279509005235161
-0.003483288206340515
-0.012880182065634276
-0.018237834860605748
-0.017512124596831834
-0.011424094306591925
-0.007720873009845593
-0.013773900638536327
-0.017495789143450055
-0.016067703628167767
-0.01687041791501841
-0.018422176905304913
-0.02374016066613803
-0.02840010515479386
-0.02847710946417239
-0.02919348526495722
-0.02797307881075216
-0.028941469651945315
-0.034334124535862376
-0.03672126671565055
-0.03532584981671748
-0.02824142672782614
-0.02141135215193949
-0.02346247427784989
-0.023415804539620635
-0.019395230969767523
-0.01826349647422465
-0.017003420985881236
-0.018307831880952162
-0.018345167156192343
-0.013631552225216347
-0.009048611759637254
-0.002076195355371839
 0.0016270259413744964
-0.0007111133138898301
-0.00034942477515016723
 0.003251123727355733
 0.010692568123492202
 0.01698594400221297
 0.014171776337288479
 0.012895367113374037
 0.016967277080347364
 0.019265747874076915
 0.01978144560417723
 0.01541785213526082
 0.012559348491005227
 0.016831937101266667
 0.02155721939522453
 0.02741190242582711
 0.029463025124341083
 0.025113432491002917
 0.022798627961702324
 0.023405331123061195
 0.028298623443957935
 0.03243587064362972
 0.02769192114150445
 0.024882420421772702
 0.028067610802124138
 0.030450086609323142
 0.031903840323165546
 0.028814322891869
 0.025197440653792064
 0.025860147157463896
 0.025472790992767703
 0.025528794621382453
 0.023379666646424373
 0.01676893906720041
 0.012017989147286023
 0.009593511405955879
 0.009539841822541091
 0.0058272872080128435
-0.006421110164049178
-0.014459922972253653
-0.015239302533140563
-0.016245028935875698
-0.01787145904924614
-0.022158047922482233
-0.025077221854243523
-0.023296781976908855
-0.021180322045696413
-0.01751443631049206
-0.01633836583561809
-0.02036827272325311
-0.023714472140150728
-0.024349176400062497
-0.01941854851762377
-0.015131959071784103
-0.01960755922532643
-0.02250339843112399
-0.01976623478927624
-0.016686050675761597
-0.014074894554118006
-0.014949946491456225
-0.014163565940176613
-0.007874857006648587
-0.0020715103731662257
 0.0035591592881845102
 0.006181982772809964
 0.0030457958895859505
 0.000625985093448557
 0.001874393218810104
 0.006840023190194423
 0.010776591746578093
 0.008594795155270778
 0.008305444839622277
 0.012288682847933406
 0.014430810977705953
 0.014983844269348227
 0.011408964538006022
 0.00711770871957719
 0.007180712765981055
 0.0066323469921351075
 0.006172653176951343
 0.0030014642047817286
-0.0055600464650103765
-0.011715746887941532
-0.012873149009440935
-0.007907519038056608
-0.0027575447315587934
-0.005121352185383225
-0.0039009457311781626
 0.0038345162121013535
 0.010678591623566235
 0.01688562901622119
 0.01880374377674189
 0.020439508353101418
 0.026695548670280206
 0.03130649080701579
 0.035128719206177154
 0.03686949004937348
 0.03339961658486807
 0.030774460200249827
 0.03126215625919365
 0.03550440972570222
 0.038222905586778995
 0.030639119934867336
 0.02302499913920282
 0.021704253935957284
 0.020521183615897776
 0.018964757680418526
 0.01358143668688696
 0.008223783891915491
 0.00728106124928244
 0.005922980484494925
 0.005491288340467651
 0.003136814777028707
-0.002962882303589487
-0.006901783759965949
-0.007473484259775627
-0.0038239328327458882
-0.001534795929401818
-0.007809503454748016
-0.012730796874197665
-0.011190704674289446
-0.010093972267692174
-0.010654005404519988
-0.01493359385996696
-0.019231850096184916
-0.019385859001243767
-0.0193135210644544
-0.017337069489024366
-0.018074446543176557
-0.025182203785428056
-0.031081222222758137
-0.03402839782567592
-0.03225029142093761
-0.029884149921913232
-0.03561982527749718
-0.03977807315793273
-0.03710391327618706
-0.03362703882128895
-0.028675409685482864
-0.026227596645585403
-0.02413913838552945
-0.01757041274043662
-0.011972411695435118
-0.005464356337847996
-0.0009000836530398959
-0.0023025003971584926
-0.002617518911367113
-0.0009280844652909959
 0.0055403018581577715
 0.012865072624475574
 0.009703217542691447
 0.00710139588403693
 0.011987687787144555
 0.01658929603349464
 0.020609869603347743
 0.019520138187143175
 0.01548089740912266
 0.015245216963190741
 0.014888195942247405
 0.016682636655160323
 0.018131723423809976
 0.013364439195720973
 0.008706828179661522
 0.006609036601823645
 0.008620490266199286
 0.012095031248501024
 0.007407085088688717
 0.002485791669239068
 0.0038835420407685103
 0.0052066212892140015
 0.006184346593396235
 0.0025651308827229283
-0.0032522160137340855
-0.0038215830409474016
-0.003954590692638892
-0.0025265051773566
-0.0018964672900339957
-0.0077301484946656306
-0.012408760764092443
-0.013363150769707365
-0.009732267123448605
-0.0037375757370636253
-0.005534349349969332
-0.00688776316956409
-0.001383101028417523
 0.003792541476640404
 0.010316931142402133
 0.013644463351132355
 0.014559184895212504
 0.01983750019451086
 0.022481324932503675
 0.024385438857446144
 0.02525582442219519
 0.019571485463731463
 0.015163556015483956
 0.015084218233509056
 0.02023419254000687
 0.026788917349521456
 0.02302969328306575
 0.01620661969757181
 0.014428513865437094
 0.011929365001023005
 0.008534162659601552
 0.0018510974298900085
-0.005847028379243946
-0.007478125437807143
-0.007613466562095005
-0.005282327152016222
-0.001943127580304134
-0.004708292320704792
-0.00679675000815716
-0.005116649452466544
 7.76608333623724e-05
 0.005883340939441102
 0.00039968062426547907
-0.007825809991648863
-0.008558520100608306
-0.009585247756710803
-0.01022461896181531
-0.012198736492045392
-0.015418928388738849
-0.012464751795428376
-0.007783805480801601
-0.0021134667853125177
 0.001862770805209496
-0.0028205084094100677
-0.008108157026490332
-0.01033195612453236
-0.009771922415100963
-0.006439723261177997
-0.010663308374312008
-0.016763005454930202
-0.014877559310758733
-0.013043449563707468
-0.0135148107418731
-0.017204030630437604
-0.022181327392200214
-0.021644628408732543
-0.01951416764194187
-0.01598595678992354
-0.012233732568653372
-0.01350314137477869
-0.014308189134225716
-0.01211239113473658
-0.0065143900897350684
-6.700501965366257e-05
-0.0038028943601456297
-0.010777643664403848
-0.0103879534545077
-0.008950534048839918
-0.007282100856131162
-0.007571451171779674
-0.010646967767497979
-0.00886652789016331
-0.005340650510741354
-0.0013924145913758249
 0.002495151040484006
 0.0010250635910705672
-0.000480025947288458
 0.0010717336156016236
 0.005804016327348609
 0.012235067089255404
 0.01050363070904816
 0.0056640088304715785
 0.006721072202930507
 0.007920477403768215
 0.008592517797825536
 0.006723406534432257
 0.002166134840016855
 0.0022548070849808394
 0.0038975720791294757
 0.007150433164775753
 0.010904990858642293
 0.008587852856745327
 0.006777078408261382
 0.008321837553362348
 0.011969055507795714
 0.01677600934262665
 0.013054120837712915
 0.006156376129135027
 0.006268383100062738
 0.007738471122079753
 0.009728923533088026
 0.010827989412281677
 0.011192011423617712
 0.0177560701235178
 0.02474248736336146
 0.029509772164054038
 0.03265296003767077
 0.028049018891327902
 0.020623909375969626
 0.015592942744490433
 0.013474149913285202
 0.013135796673112855
 0.0061843820948183775
-0.0022674553629441763
-0.002727149178127934
-0.00143907201862805
-0.0018637637448662078
-0.005851668125766513
-0.01192803048042097
-0.013155436779811576
-0.013230107616593729
-0.013192771768749965
-0.013615130022391751
-0.019822166842443128
-0.02692525713950187
-0.031293517553611025
-0.030418465043669223
-0.024349102534200293
-0.024421439898386077
-0.027545959418628224
-0.023915075772369475
-0.018459416555746743
-0.012905751490076334
-0.009200196720733626
-0.007522429637639386
-0.0011753838892020266
 0.006119051733362919
 0.012706445159226733
 0.01808743325276551
 0.016778355412501847
 0.013814845501409455
 0.013847514404060478
 0.01843512181483231
 0.025239528192158855
 0.022264350918084597
 0.013488160769426147
 0.010760331590567468
 0.010001953283047912
 0.009276243591877592
 0.006856432795740192
 0.0014241088776847793
 0.0005723916663102901
 0.0018838035517739146
 0.0035522367444826633
 0.007150451774392198
 0.005591692366316577
 0.0020121456897816206
 0.0014964485322848942
 0.0042732812082709945
 0.010919011449044141
 0.010552656537715317
 0.0046956406071199455
 0.0046046354621631785
 0.0051226666648598596
 0.00527200919732955
 0.0038905937065783006
-0.0013317176778035109
-0.0029908164075231752
-0.0029908161212213874
-0.0025077870074703065
-0.0001953153781625097
-0.0022114354151273052
-0.00612933561813641
-0.00810111967577011
-0.008110453279853817
-0.006017328074605109
-0.01036458723534691
-0.018564409652701137
-0.019115108899143463
-0.016681296694824245
-0.014744514153532558
-0.015092201284090397
-0.01883975798756424
-0.018807089084913218
-0.01669296262629716
-0.012651387803076685
-0.006320676362813943
-0.005555297064901689
-0.006988048952773142
-0.006007990175994536
-0.0019500810445994554
 0.005454027789995035
 0.005006001337793144
-0.0013223760572696475
-0.0003283164449127962
 0.0031322237018107033
 0.005328021701299833
 0.004644314516864229
-0.0002443102862361851
-0.0015673889620781006
-0.0011846991699710763
 0.0005840733443817289
 0.004938333495516228
 0.003078556122508444
-0.002449440171998274
-0.006073322827864332
-0.007235391894556475
-0.00391952704880813
-0.005438617422745394
-0.01214735085101704
-0.011393638916086656
-0.0069460398610972154
-0.0020014111430802575
 0.0010787729704343843
-0.0014227093665760762
 0.00018972048381971085
 0.0037692677329582494
 0.006399091635372833
 0.011553732887063399
 0.010697348730496166
 0.006868120486149251
 0.007351149599900332
 0.01105437089664666
 0.01791944756147891
 0.01832313860695329
 0.0122841118138408
 0.012013429278963282
 0.01341818006828184
 0.013070492937723999
 0.011369391701269604
 0.006441097864030847
 0.006296422849357483
 0.009313603202770047
 0.010373000047825341
 0.011845421542438735
 0.007488828491311439
-0.0011310189933899928
-0.006668349178282212
-0.008460455845995165
-0.006061645730621554
-0.008472122636373449
-0.01575722379594932
-0.015253193428830879
-0.010082217868965702
-0.004344208468181794
-0.0005289804868095424
-0.0018217240188985948
-0.00016262471657534083
 0.0022991891589003582
 0.0020775095485466716
 0.0030038984556086945
-0.0005313122415951665
-0.00696702937609113
-0.010583911614168058
-0.010567577019691656
-0.006108310601720353
-0.007377719407845679
-0.01474449210829461
-0.01600223355143807
-0.014791160987618495
-0.012987386384320093
-0.011489296691146594
-0.014571813704654029
-0.013923108036560439
-0.010236221047988724
-0.0072167072219797915
-0.0036861628973650917
-0.005788621420395705
-0.009960870136409502
-0.01093159445019903
-0.009118485956515134
-0.0031657970768648735
-0.001660706965902252
-0.005363927690045005
-0.002722436424648554
 0.003071576318448309
 0.007246159079662064
 0.007869196549195545
 0.0028242290821381133
 0.001004120743268673
 0.002903567723018391
 0.004975691674899731
 0.00894259537503625
 0.009502629084467647
 0.007822529101380614
 0.008492236022841562
 0.011817434758975412
 0.01784946170690236
 0.01750644152153727
 0.010508357491315318
 0.00840123202309196
 0.008930930588770501
 0.008872594060162962
 0.007565849692495671
 0.002798565464406662
 0.0012188048029636855
 0.0022221983057060246
 0.002527883502132733
 0.003199923896190046
-0.0012523415313885483
-0.0076997260288663785
-0.009251485019152874
-0.005520262051250072
 0.002516217856961614
 0.004618676952595803
-0.0008626498899834481
-0.002587085852401576
-0.001408681904931229
-0.0006596369151935927
-0.0013923470241530359
-0.004796883255959991
-0.004451529025394939
-0.0008976499748165126
 0.0013214827506363575
 0.0023552113971315597
-0.0016490272919433557
-0.008423097952913454
-0.011869636691455136
-0.011143926427681222
-0.005837609457226389
-0.004421191304925957
-0.009463825299387024
-0.01063989520165741
-0.009699505459017155
-0.00984651394628688
-0.01160361852505424
-0.015871539617519338
-0.015505184133586931
-0.011783295056069613
-0.007503706028019065
-0.0020200451402398525
-0.0006736311658306279
-0.0014250090555610606
-0.0011029895509597487
 0.0007871235384044814
 0.0056454137703556215
 0.005265058023448559
-0.0008696411461152354
-0.0019663729801089325
 0.000682118703076634
 0.0034076149819425236
 0.0047026925592315375
 0.0025488976390807064
 0.002513895836436901
 0.004226665008476738
 0.00495937569003977
 0.005535743707645785
 0.001386829717595725
-0.004540190390890847
-0.006301961914850947
-0.0038564823475498652
 0.001638845903211214
 0.0016108445183565245
-0.0044421831103342024
-0.005879601943398413
-0.00411316290164198
-0.0028764221392623066
-0.002794750312087438
-0.00445851598699986
-0.0017726887422723214
 0.004504352828273835
 0.010734724946892524
 0.01675275105924124
 0.017382788946563837
 0.013674901277228348
 0.011061412255591957
 0.013016862577654637
 0.019800267701613812
 0.021370695045274883
 0.0170047681037621
 0.017427126930007475
 0.020791994700279662
 0.02243009274923556
 0.020161957671862435
 0.013373886175314098
 0.010046354539187459
 0.010293702920704827
 0.01037770822047606
 0.011255094203014238
 0.008305585127500098
 0.002509239484410432
-0.0008486272954690496
-0.0007249529615594719
 0.003003936533746962
 0.0017321942550252642
-0.006017267951228901
-0.008108059111277651
-0.005853924296879184
-0.005006873458093863
-0.006901652920047244
-0.012641995220823946
-0.01568017625500028
-0.015346489387417096
-0.014718784972690867
-0.014247423221921657
-0.018111653555214165
-0.022372574229890148
-0.021558192007454048
-0.016618230234629838
-0.00797504745136108
-0.0037701295463944753
-0.006525960396409632
-0.005954259323996361
-0.003772462160085477
-0.004150484434396168
-0.007169997687801518
-0.013797059575200096
-0.016947247294002356
-0.016594892645648184
-0.014527435638959588
-0.008754424149230076
-0.006945982600738927
-0.008976103473281965
-0.00906944209083511
-0.005991591449916844
 0.0015105232337253305
 0.004002672252953886
-0.0006199366741599724
-0.0007786125244115677
 0.00162019759096204
 0.0022292342249172897
-0.00035625312556260974
-0.007359004100977305
-0.01068886920970031
-0.010401851794044598
-0.010574528479874432
-0.009601470120884949
-0.011167229946749686
-0.013535704345766869
-0.01259064765793386
-0.008425398787105607
-0.00039125235149029686
 0.002037892907636167
-0.002143689698763114
-0.00043325399931964936
 0.004721387252370916
 0.00973135320308633
 0.013028550268063696
 0.011427788353253358
 0.012573523684374477
 0.016888114801370625
 0.02096002476834395
 0.024740250660770603
 0.022780133966118762
 0.017842506238494503
 0.014535975855735225
 0.013532582925596469
 0.016797111374224606
 0.015100677082962956
 0.006907855083397849
 0.003930344336727218
 0.004173025773051842
 0.003937345327119923
 0.001424195627127589
-0.005195865842481863
-0.009102098682509097
-0.010646857255006473
-0.011703920054861823
-0.011220890941110739
-0.014060726804595344
-0.017542267632082616
-0.01617951934949878
-0.01042750911313663
-0.0005755875249464637
 0.004705061246948257
 0.002621270504688633
 0.004378375656059565
 0.007682573138826053
 0.008695300531953887
 0.007712908855182492
 0.0018372251438161305
-0.0014203023144192944
-0.0002955682366655443
 0.0017672218248303076
 0.003932684680566588
 0.00041847523673008147
-0.006437266965113091
-0.010931534899426405
-0.010807860565516827
-0.005277530225810144
-0.0038727794364915927
-0.00892474732133814
-0.0092887687600706
-0.005695220675353815
-0.002804047842145413
-0.0011332811768402923
-0.0020293343675458694
 0.00037180922042411024
 0.006373501024598216
 0.011600479926776354
 0.016836792719339987
 0.017851853585064192
 0.015448377097101416
 0.015609386992552966
 0.019191267714287884
 0.02632469372770306
 0.02917853099936949
 0.0250226165915303
 0.02485460685089322
 0.027890454985076765
 0.029236868959485983
 0.028263811173100083
 0.022817486419466432
 0.019531957290074516
 0.020295003115390398
 0.020862037242610924
 0.021279729123663542
 0.016540446566731024
 0.0072485589742740525
-0.00019988526704795007
-0.004640483331644685
-0.005090843256442948
-0.008934072336368101
-0.017707929012430176
-0.018998339071922863
-0.015652139082421655
-0.013290664528590016
-0.012522951758081383
-0.016137500523561946
-0.016153834545434766
-0.012137927920774408
-0.008899067670706376
-0.004484137232066171
-0.003961439084176739
-0.00623890805193536
-0.006115233718025782
-0.004306792169534626
 0.0005771662609766262
 0.0007941794987411446
-0.006593594455075156
-0.00937042655845767
-0.009130078594729425
-0.01081251205041283
-0.014182046193274189
-0.02219985774811129
-0.026904138216098217
-0.026316102835510335
-0.02544571727076128
-0.022330531068301036
-0.023126244937362567
-0.02769985093995258
-0.028714911233073206
-0.025378045133957493
-0.016025486681391237
-0.009953790699325935
-0.011932575174748765
-0.009995792633457071
-0.005373183133739634
-0.0017002969807461618
 0.001174541544287623
-0.0014132792787886553
-0.002575348345480795
 0.00019448391271618265
 0.0030996575815028238
 0.007806272094689697
 0.008272966900266167
 0.00421272486887829
 0.0017672458741807909
 0.0017812469960608243
 0.006821548090529095
 0.010135079463681071
 0.00677021226601246
 0.007901946761555333
 0.013268934019515878
 0.017060827274924396
 0.018780596864753363
 0.014398335615065962
 0.01146282737513006
 0.01369596093616117
 0.016321117893382996
 0.02144309052872434
 0.021860782409776958
 0.016190444286891467
 0.0130402565680892
 0.012575895807712699
 0.016220780289549687
 0.017683867893777586
 0.011131477129462955
 0.008468985183302732
 0.010013744328403691
 0.008457318392924448
 0.005265128167387466
-0.0013502663570292422
-0.0054011744980316245
-0.004670797289064964
-0.005473511575915614
-0.005471177817017447
-0.008836045014686062
-0.016086144085316327
-0.020291061417679345
-0.021404127559847653
-0.01713853936737534
-0.014840068573645782
-0.02079042340809608
-0.02267820245226035
-0.01913132381947103
-0.01490540466113707
-0.010117118607077123
-0.010051781088076878
-0.008896711866570265
-0.0032193727532920657
 0.0020379412926389284
 0.009309042189240134
 0.012916591109535164
 0.010347438067229868
 0.008837681583678092
 0.009586726573415735
 0.015306068193428654
 0.019097961448837172
 0.01271824765665417
 0.008478328235345556
 0.00796029760525245
 0.004931450461461616
 0.0018676012287251673
-0.00486680039810658
-0.009657419352159323
-0.008493016240267218
-0.007372949107706212
-0.0037443989340438244
-0.002057297960564093
-0.005422165158232697
-0.006621569786466823
-0.005627510174109972
-0.0015159311729983083
 0.0015712533583054564
-0.004544778030487355
-0.008507014212827544
-0.005802519187329019
-0.004519108973021872
-0.003770063983284236
-0.0073846127487647885
-0.01091982344596865
-0.007876974893995987
-0.004248424720333599
 0.0024533088627525027
 0.00801864129140479
 0.006938243765585703
 0.006898575017749153
 0.008242655519561999
 0.01232389937692082
 0.015415750853417322
 0.008289325830394843
 0.0034427035340291456
 0.005288480644062274
 0.005309482183731423
 0.0051531398060762
 0.00038118863279444637
-0.0042997571092287384
-0.0037863928517248083
-0.004932127610242337
-0.002556652220832463
-0.0006105357891552782
-0.00416208079453375
-0.0044677654183568755
-0.00165826412602154
 0.005556833428266704
 0.011808206800252762
 0.006387550245179209
 0.0016576015786321854
 0.003454375764141468
 0.004527773444775014
 0.006345548883651651
 0.004203421326482694
 0.0013449176822271022
 0.004637447802011724
 0.00735127671789574
 0.011075499268009437
 0.012708930371772578
 0.007085261700814555
 0.0028243410261385715
 0.0008408896055229972
 0.002065963004920804
 0.0035803870062689203
-0.005655497243875082
-0.014807376480549653
-0.016289131292944948
-0.018424258432324793
-0.02001568645674964
-0.0245239552266412
-0.029424247392723483
-0.0270231038047535
-0.024087594992214002
-0.019378647006430754
-0.015512082627938285
-0.018923619277534366
-0.020851067355836975
-0.02070172482336729
-0.01778955073679153
-0.013215944161597937
-0.018867614503712445
-0.024148262703003593
-0.020365703337980566
-0.016314794624374608
-0.010737794832740458
-0.008012298553874569
-0.007358925940588235
-0.002120279675428223
 0.0011302479376216687
 0.005771525218110092
 0.010424469861580382
 0.007262614779796263
 0.0049968131750195086
 0.006931262243714827
 0.011833888454997062
 0.01689285733023632
 0.012645937491138577
 0.007523965428400822
 0.009955444160123665
 0.01221891286490763
 0.014055356084555257
 0.01298662592171805
 0.010312466612575955
 0.013623664513131559
 0.017287216775739543
 0.022038167268257518
 0.02696179473290712
 0.02428063500597591
 0.02104644227370421
 0.020831763081139647
 0.023263241812862497
 0.026985130890379808
 0.022413858360386174
 0.016934864990403288
 0.019249670092307464
 0.02177215425528886
 0.023748605830718902
 0.02311856851599988
 0.020666089103513266
 0.022455862871233426
 0.02328424592924777
 0.023027564229948484
 0.022077841169526317
 0.016129819807672384
 0.010800168683857407
 0.009600764055623282
 0.012687948586927046
 0.01610415275431945
 0.009570429770775803
 0.0007779053139427422
-0.0004985039099717065
-0.00089519396505338
-0.0016535722725729424
-0.004915766676001118
-0.009911731218534715
-0.009883729261076439
-0.008800997690057408
-0.006126837808311733
-0.002887977558243708
-0.005373125587079551
-0.008140623800076578
-0.008590983724874844
-0.005415127234908897
-0.0003444909966877699
-0.004761754335320771
-0.01178317309150645
-0.012583553905760728
-0.013458605843098947
-0.013740955740958329
-0.015936753167843883
-0.019380958433789182
-0.017474511036250348
-0.01512937079059332
-0.012952240571875176
-0.012046852918180515
-0.017136156364569045
-0.02223246022874669
-0.023221852323307212
-0.01882558966543799
-0.012270864855923404
-0.013465602538964776
-0.016083758505793907
-0.012077185771519037
-0.007629586716529607
-0.003513340770225186
-0.002337270295351218
-0.0045190668866585265
-0.0024189412636207094
 0.0012492779441800259
 0.0054331945957792754
 0.009281091193500748
 0.00592322441362126
-0.0005474948098203036
-0.005933149275948249
-0.007092884870044024
-0.0033056585598282492
-0.005272775672269213
-0.008142946679506661
-0.003539004960560213
 0.0015339647502572856
 0.005727215292242016
 0.005909226441060934
 0.0031347278102747886
 0.004796160585194421
 0.006564933099547227
 0.008688393448548784
 0.011175875522584582
 0.008567053446140956
 0.005384197110989461
 0.00500617483667877
 0.008711729606021477
 0.013738029864911502
 0.010233154311460498
 0.005099514885740869
 0.007724671842962709
 0.01228894452777081
 0.01738524896455204
 0.018759664610117743
 0.015772819973061625
 0.016916221831586364
 0.01896967800269673
 0.021718509007526345
 0.024693686854204186
 0.020260089207396567
 0.012792977185303582
 0.007178642404731039
 0.0056618855033901475
 0.007362987312448117
 0.0021196746746989514
-0.00550844695654381
-0.007270218480503906
-0.008826644415983149
-0.010212726851927142
-0.013498255981319051
-0.01872290083829724
-0.018547890107267442
-0.016741782031372665
-0.013948615047211947
-0.010474074064910213
-0.012814546792770908
-0.015899397278874714
-0.01566371626033921
-0.011482133081336342
-0.0049810781415383365
-0.00716054126024928
-0.012310514994143512
-0.009790364303758483
-0.005450104988202219
-0.0012358531928501268
-0.00043547180599226576
-0.003032626519454039
-0.002633602419172397
-0.002680271584798076
-0.0022182437244143566
-0.0012288510572502562
-0.004988075123705964
-0.008219934383381287
-0.007797575557135918
-0.003338309139164615
 0.003263085122277437
 0.0012632993934872522
-0.004285698154386834
-0.0036346590136968684
-0.0020245626358974533
 0.00020623745253728343
 0.0003905820739525667
-0.0026592663232056363
-0.0019032209156788701
 3.226481859963659e-06
 0.0031627486636512936
 0.0068869712137649905
 0.004901186320553037
 0.0018886734849368134
 0.0013403077110908587
 0.0047098424265557964
 0.010660197833609684
 0.008595074872121043
 0.0029877405093376302
 0.002619052125412427
 0.0028874017602971563
 0.0035664425721435994
 0.002364704471313102
-0.0008181518638383858
 0.0002202437278495603
 0.0018420074686308421
 0.0030320787790830556
 0.0029410736341262816
-0.0033849702883401306
-0.010271047633936155
-0.013332563394076225
-0.011811138974939
-0.00689217845548214
-0.008091583083716266
-0.011426115137632014
-0.007825566635126117
-0.0032052906080050486
 6.623825841221148e-05
-0.0001717756601160858
-0.0031936223861178045
-0.0006618043327509121
 0.003302765894789235
 0.006196272200594002
 0.008602082733756747
 0.0045955105720854525
-0.0011354978383057435
-0.0036043115589669827
-0.0013945127238996075
 0.005122876524073006
 0.004520840880510468
 0.00021791769909976222
 0.002201369692318919
 0.004306162260549487
 0.005918592110945281
 0.005643242630875012
 0.0021967038923333404
 0.0028057405262885762
 0.0044905080271719425
 0.006135606493916965
 0.0075520246462173896
 0.00289674710275431
-0.0018122003104253659
-0.0029766028497138775
-0.0007248015079117862
 0.004840530920740493
 0.0026774021102041676
-0.0039006568526705684
-0.004353350250065217
-0.003366291055497482
-0.002684916771054674
-0.00438835148010544
-0.007561873924871433
-0.00488304709793301
-6.442590012021437e-05
 0.005199888563599903
 0.010079180048918411
 0.008760768318269246
 0.006147279296632863
 0.005920932741086439
 0.008158733247310299
 0.011787283420972676
 0.007199676582804425
-0.0005077831167150312
-0.0007504639804360655
 0.0009156357396763112
 0.0026727408910472497
 0.0024627286436754367
-0.000479780014049587
 0.001499005033976819
 0.005027215885995147
 0.007078338584509125
 0.008424752558918357
 0.004142830630875012
-0.0015648430535524574
-0.003991654267478974
-0.002939257840212789
 0.0014220027287108264
-0.00023242905581609408
-0.005377735844517589
-0.003699968761423339
-0.0005567808878066197
 0.001804693666025023
 0.0013379994330521422
-0.0026475714752517907
-0.002192544032657187
-0.0007481242092002849
 0.0009039746753338601
 0.0032794500647437344
-0.000283762303616604
-0.005205055723066253
-0.0073985196773554245
-0.004726693268206128
 0.0020520449105603036
 0.0021617184088916427
-0.0007387877420986649
 0.0024464026382527773
 0.006739992501881571
 0.009330147370157797
 0.00887045355497404
 0.005218569227951504
 0.004686537762280167
 0.006413307769898256
 0.008525100755917947
 0.01071389833761796
 0.008602105924201853
 0.006469312257418383
 0.007827393594809474
 0.012181653745943974
 0.018486696987646607
 0.016507912512223784
 0.010237871932070333
 0.010618228251580986
 0.01252234217652344
 0.014573464875037426
 0.014218777326690461
 0.009981191377978219
 0.009052469570923406
 0.008081745257133878
 0.005899948665826563
 0.004539534428442689
-0.0003934263539888336
-0.005655406772508982
-0.007601522631582581
-0.005186378208034352
-0.000129742805391464
-0.002164530623127256
-0.0076458574657065105
-0.007937541253951394
-0.007853535954180157
-0.008849928466529797
-0.01361254574942605
-0.020883646073423683
-0.021572020203052034
-0.02005059578391481
-0.018181483947917944
-0.01607902485228375
-0.02068763294381936
-0.026014950595037976
-0.027051012141525957
-0.024096835548215484
-0.017915466354120634
-0.019593232864611298
-0.025268237932689536
-0.02363947377411913
-0.020262938640865077
-0.016312369248903166
-0.014384920597996974
-0.015703332328646135
-0.012100450353543863
-0.007015813279744498
-0.0020898523424985258
 0.002691433293772305
 0.0019073867876926442
 0.0009483298368849827
 0.003655158334979876
 0.009330163975661707
 0.016822944768918387
 0.01644958943980044
 0.01088192411115537
 0.011217944451334928
 0.013693759162388866
 0.016647935755699346
 0.01795001375077747
 0.014407802635784492
 0.013908439786462383
 0.014937501487764827
 0.015611875354418527
 0.017590660402444933
 0.014188457643234356
 0.00986686668105266
 0.009561182057229542
 0.012520025595732766
 0.01840737724268457
 0.01625824926772649
 0.008700131814374935
 0.006817019715403418
 0.005400602135706575
 0.0037648381319506305
 0.0009856725559717408
-0.004518989012571251
-0.004598326794546151
-0.002612541328730622
-0.0019124992635168175
-0.0005334166727583717
-0.0038352801103248915
-0.008266544284536128
-0.009073925516579526
-0.005468710068880875
 0.002934125036961416
 0.00486390716046399
 0.0013590316070129782
 0.002976128402601516
 0.004401880445287436
 0.004693564806135898
 0.00284078785091723
-0.0030792318397802124
-0.004208632290123138
-0.0027572120488771057
-0.0008951006306693668
 0.0021150793049540748
-0.001387462775900565
-0.007328483719965372
-0.00985330078293957
-0.008390213178711674
-0.003277574433755835
-0.005443036716888526
-0.012884480540421406
-0.014093219059041023
-0.013036155686582094
-0.01122538066549457
-0.010719016825779755
-0.013138827621917152
-0.010660679438266839
-0.005872393384206892
-0.0003513969348857074
 0.006035317847689993
 0.006198661215737929
 0.003935193083557546
 0.003202482974598103
 0.004875583112499596
 0.009701204728101522
 0.007659416492576607
 0.00048398854503028943
-0.0014994628755852848
-0.002239173402333851
-0.0034852474824954432
-0.006745108413327244
-0.013458508786791636
-0.014975265688132539
-0.012868139647305588
-0.01051833245645582
-0.006441755544289746
-0.007517486124916081
-0.011188038232709599
-0.011003693611294316
-0.006833777795273308
 0.0009250188739699378
 0.002131424492596762
-0.0019148167032128696
-0.0003980592292683882
 0.0011070308816942265
 0.001361379681000717
 0.0002926495181634972
-0.00411294645748763
-0.003524911076899749
-0.0003490545869338016
 0.0021500948500838696
 0.005846315729041082
 0.00369485428148663
-0.0014037830552873984
-0.0030675487301998136
-0.0014877874961532547
 0.003748525296410378
 0.0029154758658068783
-0.0037512550557300475
-0.004094275241095145
-0.0015741245507101126
 0.001191040762294121
 0.0020940949433924105
-0.001620793143732209
-0.0010514255439153103
 0.0023227761167423713
 0.005920991146651899
 0.012594723058581524
 0.014216486799362812
 0.01251771903550479
 0.01366578783922228
 0.01678797445947164
 0.02297401059875924
 0.02201728712054795
 0.013966806949361608
 0.012506053390333678
 0.01233571017710021
 0.010475932804092425
 0.00752875720117465
 0.00104637061475122
-0.0002697076433015727
 0.0014873975080693727
 0.0027941424483402463
 0.005757652932036221
 0.0017300795169975722
-0.006243396058508439
-0.01063965814377408
-0.011969737237405104
-0.008649205446464012
-0.01003062093721525
-0.017334389877562112
-0.01788508912400443
-0.01552128109757642
-0.013859848322656788
-0.013134138058882874
-0.015812964313217714
-0.013586831169975725
-0.008415855610110549
-0.0035832335767195037
 0.004602588577660063
 0.007946455094564896
 0.007393422375526197
 0.008828508308597612
 0.01132065732782616
 0.01661297346270276
 0.01579159139508112
 0.007559100361377663
 0.0053446351537211265
 0.006597710224275417
 0.007321087015452955
 0.0067377191526614075
 0.000953040872553608
-0.001935797915454826
-0.0012404227954337793
 0.0001223254871500698
 0.005405307731641169
 0.00567132389392952
 0.000619356009082972
-0.0016277778149227928
-0.0005030437371690358
 0.0062103572088989395
 0.009290541322413581
 0.00394455589042398
 0.002966831158845329
 0.00470760200204165
 0.005302637800418654
 0.005216299600654631
 0.0003673438316925612
-0.0012077498845576781
 0.0009157104644438863
 0.0023927989042500167
 0.007202086211677325
 0.007246422477310208
 0.0031045089050492705
 0.0029014970754665734
 0.004072900605147804
 0.008945191672677197
 0.00939321869748267
 0.0009367142945273729
-0.0016511065285489054
-0.0017234438927346898
-0.00354355223160413
-0.004567946415110241
-0.00963158166293867
-0.011164672872454179
-0.008394840614257201
-0.005590006267114617
 0.0007500390635336168
 0.002194458886990533
-0.001910119123728439
-0.003695225373652272
-0.003499213389255122
 0.0009110501041923388
 0.0017160984362429438
-0.005576003141122041
-0.006973752940047904
-0.004182919428483561
-0.0028528397622489404
-0.0018891152936449523
-0.005655339777889776
-0.007092758610953986
-0.004941296590795945
-0.003933236142860862
-0.0004913637769083448
-0.0013314136253009742
-0.0066610647491159546
-0.008842861340423266
-0.007820800056909934
-0.0013174116445155634
 0.0010953993064362968
-0.005879349997821921
-0.007652788884763888
-0.006017024308404367
-0.0063833792197331915
-0.006523387289213804
-0.009862586288322303
-0.009699242920274381
-0.00609402747257573
-0.0051653050929173355
-0.0026918238544597697
-0.003746553181718744
-0.00826648931459217
-0.007970138008550957
-0.00438825728681605
 0.0026121607886058565
 0.005314322341508006
-0.0015904227848589983
-0.004404590449783495
-0.003480535015317844
-0.003902893268959637
-0.0036345436340749077
-0.007265426707730081
-0.007830126789750643
-0.0027804918048968813
 0.001254082600534466
 0.006789079885433889
 0.008051488846373675
 0.0036785614870717687
 0.001746446463576412
 0.002542160905241529
 0.0074704553150838765
 0.009059550439515937
 0.0012377505827741858
-0.0022764588610623138
 0.00023202446634084523
 0.0026004994379616106
 0.004735627149945035
 0.0025141615244993823
 0.002920186042570133
 0.008315174971687156
 0.01132768837990697
 0.014349535678512278
 0.01260176499013041
 0.00510665129688094
 0.0006847210130551951
 0.0002833640127807707
 0.004840636279799748
 0.005736690043108915
-0.003039500105549542
-0.008089134517799718
-0.007986461437257494
-0.007400759529265992
-0.006271358506319484
-0.008737838754384348
-0.009029522542629224
-0.004913276596324817
-0.0011703862654401306
 0.0029201914823041714
 0.0020451395449659557
-0.003730204844756349
-0.006945729796257058
-0.006306358018548966
-0.0008623661649081044
 0.001300763218231804
-0.005615649271117074
-0.009125191769760833
-0.00819880286269881
-0.008042459912440007
-0.007953787667476023
-0.012469056855156709
-0.01538123036912888
-0.013411779211487958
-0.011411992910094194
-0.006861721060864329
-0.0047242598762845325
-0.006292353174745642
-0.005384632048454616
-0.0019497601002912215
 0.005531353329983592
 0.010424645650880346
 0.006674755474810126
 0.005550021969659959
 0.008716544569240411
 0.010660327528321217
 0.01158204949019049
 0.008049172265583
 0.006257065597870044
 0.00944692292341423
 0.01227275852392417
 0.017082045831351485
 0.018615137613470577
 0.014734572972003451
 0.012541109017714276
 0.012517774578052338
 0.01579163691706597
 0.01597131459328851
 0.008361860742816744
 0.005295678037483924
 0.008245187685601653
 0.01115736177217741
 0.012401102952346213
 0.008079511990164517
 0.004772981607405247
 0.005048331660079092
 0.003886262593386945
 0.0035852449147565704
-2.2303432934862866e-05
-0.007162729291535587
-0.010578932886324405
-0.009888224711496103
-0.0043695617347712865
-0.0009626914577643766
-0.0051536079545491595
-0.006016992528905515
-0.002712795046139027
-0.0010140267096774222
-0.0010980314368450733
-0.005309949186997211
-0.007053052930186331
-0.0034175023387348277
 0.000843418908544738
 0.006420418700178884
 0.008217192885688167
 0.005935056972736802
 0.005680708746033894
 0.007624491705114707
 0.01335316721551312
 0.016405349657871278
 0.011535392635541847
 0.009173918654313794
 0.010410659416693467
 0.010517999442428434
 0.008870568075690623
 0.0024605191397547715
-0.0027664591898197907
-0.00389352616756633
-0.004460559722183267
-0.004126872854600089
-0.007431069764762984
-0.014263477240642423
-0.019065763557677026
-0.0193667812363074
-0.013586769328788769
-0.010016555970035725
-0.01389945408409922
-0.014919181322412593
-0.011815662482934215
-0.00909483314926108
-0.007029709615168852
-0.008639805420364688
-0.00833878716913073
-0.0040895332848330385
-6.662624238355092e-05
 0.004649322161188817
 0.004873335816742458
 0.0010674422983592766
-0.0011750245804537374
-0.0011493560955918372
 0.0028712174742612714
 0.0035922607928424374
-0.0022110852680363446
-0.003921520394876234
-0.002043074668493884
-0.0012030242474976721
-0.0017910590554819777
-0.006135984743627393
-0.00805643240414089
-0.005818631897917037
-0.0029204586469195187
 0.001263458004679724
 0.0012634582909815117
-0.001149352087366759
-0.0003793058442617542
 0.0034802581164415924
 0.011383730086659986
 0.014391576549687049
 0.008896248871529552
 0.006705118389836756
 0.009320941456673094
 0.012111774968237433
 0.013441854634472047
 0.01150973961097669
 0.011684750342006486
 0.015546647775306198
 0.019396877845624057
 0.02368113381886735
 0.02405915666578163
 0.02012492215459792
 0.017280419345920575
 0.016585044798503097
 0.01938754567304931
 0.019086527994418935
 0.011285729391044552
 0.005706396699417617
 0.003043904753257394
 8.057191677429687e-06
-0.0031654652530885632
-0.008973478259160093
-0.01126728153509332
-0.008646791523064232
-0.006327319475967312
-0.0037745001692330513
-0.005764952007637748
-0.011722307259877166
-0.014520140616627049
-0.013437409045608011
-0.007841741473202882
-0.004642550257273198
-0.007974748838592581
-0.007316709280113496
-0.003090790121779534
-0.0004796340001359395
-0.0005963073436528188
-0.006698337896867388
-0.010550900867178033
-0.009755186425512919
-0.009437833866104355
-0.008135755871026218
-0.011194938158569919
-0.017751995868077294
-0.02110519570276403
-0.020454156562074072
-0.015014831653625955
-0.013306729426778859
-0.018370364674607276
-0.018650381099870293
-0.014314788729506776
-0.010004864557703375
-0.006994684622079934
-0.008782124344600146
-0.008905798105906141
-0.004924893570191387
-0.000831982349850699
 0.004058976498449676
 0.004614343262688329
 0.0020778588367322617
 0.0020451905066848353
 0.004334327410028899
 0.010956722924838312
 0.013969236333058126
 0.009320959207384162
 0.008424906016678585
 0.010627704433956837
 0.012079124675202862
 0.012592488932706793
 0.008550914682089912
 0.006334116001836997
 0.007778535825293913
 0.008837932670349206
 0.010935724820790658
 0.009129617317499464
 0.003603954495589118
 0.0007314500157552875
 0.0018165150593707005
 0.007706200178918869
 0.01018901530776193
 0.005008706430114841
 0.0024278860248276857
 0.002766239837603615
 0.00260756398735202
 0.0012518166951608761
-0.0041688398599126625
-0.006768328045970804
-0.004852546758046479
-0.0025237408205640646
 0.0017651820978719784
 0.0023695517866344773
-0.0006802966105237326
-0.001973040142612785
-0.0016370198024332275
 0.0031489327790303473
 0.0046726906707639446
-0.001074652047801869
-0.0027640859212744034
-0.001814362288248647
-0.0013289997019011943
-0.0014083374838760945
-0.005683258994130323
-0.007279353963747914
-0.005421909490732922
-0.0037908118595661386
-0.0004026093633302183
-0.001394334930487108
-0.005687924221512312
-0.006826658562240729
-0.004796537117094102
 0.0023928922386340368
 0.0065324729109021915
 0.002404560174219486
 0.0007571288074816815
 0.0021595461242038677
 0.0024745652110160637
 0.00124249196643271
-0.003067431632767105
-0.00442084545236187
-0.0022927181581675685
-8.291932310019318e-05
 0.0036436366996098687
 0.0032376127541426936
-0.0008692987291726434
-0.003529457202736501
-0.004945874782433336
-0.002612401899758178
-0.002864416653864707
-0.009174126268156509
-0.011164578106561206
-0.009169458750360179
-0.006954992970100063
-0.005083547661506822
-0.007141670205206351
-0.007120668665537195
-0.002803744075944671
 0.0010511529395659316
 0.00536574405656208
 0.005536087842399132
 0.001982209364424274
 0.0013055025977777926
 0.0029155989755772077
 0.0077038850296371544
 0.008893956340089361
 0.002833928293609511
 0.001254167632166528
 0.0030019388931519786
 0.003344959651120652
 0.002483908549360675
-0.002358046801812272
-0.004220157647416435
-0.002493387639798346
-0.0015506644245617193
 0.001426846894712501
 0.0006428003886328332
-0.004684517262585779
-0.007064659024584825
-0.004560842642374406
 0.0038116573197150352
 0.009026968858911313
 0.005860446831934436
 0.0059654533850730315
 0.009383991025061808
 0.01153545304521985
 0.012184158713313437
 0.007451876574170034
 0.004448697628939298
 0.006014458027407618
 0.00768989163790549
 0.011297440558200512
 0.011362778077200764
 0.007535883305450221
 0.006002792095934711
 0.006240806587066584
 0.00955667143281494
 0.008856629940204717
 0.00044212804398413574
-0.003930799315317771
-0.0052025415940394615
-0.006600291392965321
-0.008152050383251817
-0.01463443696967525
-0.018262986570734045
-0.01682323369246989
-0.014898118514160064
-0.010791206458241144
-0.010256840947369849
-0.013190015714709388
-0.014123404466956941
-0.012447970856459073
-0.00591191382771547
-0.00314674851471123
-0.007769357441825088
-0.007578012402620678
-0.004024133352042249
-0.001830668825149484
-0.0011422941229175532
-0.0043018157321053005
-0.00445349116456778
-0.0009556154563023084
 0.0018818875071894975
 0.005587442276532205
 0.005221087365203374
 0.0008784951496543306
-0.0021713532475038794
-0.0028620608497285996
 0.0008738290633669502
 0.0014268623550092382
-0.004556161095790295
-0.006014581182221861
-0.0034314267317347505
-0.000943944657698946
 0.0006754856104859708
-0.0016649871173747346
-0.00218768469266057
 0.0006288170174638744
 0.0028479497429167444
 0.0057601238294924945
 0.005265427925363136
 0.0019378962892364973
 0.0017652196034066633
 0.004822068990957565
 0.01145379839615248
 0.014104623551934412
 0.00943067822770035
 0.008324612503321158
 0.009939375826313324
 0.010275396166492881
 0.009489016187816848
 0.0051347566092859315
 0.004012356576732129
 0.006483504342593316
 0.007122876120301415
 0.00759890481626338
 0.0037160067021998824
-0.002638038891423014
-0.005165189426993587
-0.003867778377108194
 0.002532937241045745
 0.005634122607927748
 0.0020405750958145466
 0.0021665829023205033
 0.005041421427354281
 0.0071672152489522176
 0.00726522138430169
 0.00315130948319723
 0.0018865676222646552
 0.0042573760664817925
 0.006555846860211351
 0.010063056458862317
 0.009325679404710123
 0.004686736169421654
 0.0015108802520592893
 7.112794639871356e-05
 0.002917964800276021
 0.002707952552904201
-0.00485483184564009
-0.008761064685667327
-0.00923009239123658
-0.009930133883846802
-0.011339551045754521
-0.01624451015702956
-0.01826996408437985
-0.01605316483152336
-0.012998648916568822
-0.008450710539935336
-0.007720333330968679
-0.009545108615030867
-0.008558049420463135
-0.00467281726119969
 0.0032563229075788166
 0.006833536684120983
 0.0023089336060548166
 0.0010021892383875117
 0.002392939192127838
 0.002663622299608946
 0.002332269477225715
-0.0018936491085046678
-0.004073112227215604
-0.0029460446768654752
-0.003044050239611365
-0.002129328695531209
-0.005589868269651133
-0.013243658099453989
-0.018127615957361665
-0.01985905233756891
-0.016211834383135545
-0.01482575137458797
-0.02050308991526259
-0.021917174022363057
-0.02005506260415532
-0.01843096539077766
-0.016685527602388592
-0.019364353856723426
-0.0196653715353538
-0.01522943984334623
-0.010639498959978018
-0.004763814676008081
-0.0031677191337869046
-0.0049224902399578885
-0.0036250791900725027
 0.00020881657207073162
 0.008634986403876763
 0.01452700499602131
 0.011848178741686477
 0.011736172343362342
 0.014125648568350468
 0.014559674757577704
 0.015189712644900308
 0.012415214014114162
 0.01098012865364633
 0.012121197039574698
 0.011743174765264007
 0.013598285765682623
 0.012207536384545893
 0.006943222493429359
 0.0044720753001717545
 0.0042993986143419205
 0.008688660854422013
 0.010578773943786236
 0.004346068925174758
 0.002381285285330173
 0.004945771955046294
 0.006558201805442088
 0.008158964292856008
 0.005874494907308271
 0.004908437538711487
 0.007582597420457159
 0.009664055262723993
 0.013626292017667775
 0.01413032238478621
 0.010406100407276103
 0.008581325123213919
 0.008301308697950906
 0.01269523788322375
 0.015285392751499989
 0.009419042930519123
 0.007188243414687975
 0.007878951589516285
 0.005433472594818786
 0.00280131579241142
-0.0035060603492840167
-0.007589637106635617
-0.006184886317317062
-0.0047544673294383916
-0.0005822180408210156
 0.0003815064277829794
-0.004308773204625707
-0.007496296484969935
-0.008826375578600967
-0.005753191882875444
-0.005375169035961171
-0.013873675945651188
-0.017308547321211
-0.014937738876993862
-0.012613599884704198
-0.009339737545690566
-0.01026145893495626
-0.010046779169788113
-0.006082208942247966
-0.0033077097388582374
 0.0008085362074461769
 0.0002975059951422013
-0.005568843825838658
-0.009335068310083489
-0.010700149492660113
-0.007195273366605526
-0.00642056017830777
-0.014289029486976988
-0.017779904204849754
-0.015315756856777687
-0.012653264338013878
-0.011024500179443477
-0.0142913615280644
-0.015572437697171593
-0.01164053608598067
-0.007801973378644689
-0.002453653901455133
-0.0012145796664790806
-0.006159207811892456
-0.009164720229719564
-0.008336337171705229
-0.0023929821824404604
 0.002572647788943859
 0.0005261926082262072
 0.0015669216725105184
 0.007349267052625522
 0.012312563551413469
 0.015717100355824007
 0.014020666064562357
 0.013605308228709694
 0.017224524511986576
 0.019128638436929038
 0.02143644312104409
 0.019943020945666932
 0.01536474799788417
 0.014191011568210156
 0.015707769042154637
 0.022474839857939202
 0.02682209959128458
 0.02248650779352465
 0.021044422015267704
 0.0234618999114123
 0.024633303441093525
 0.024252947694186455
 0.01952299902763943
 0.016249137261229382
 0.01691651071009396
 0.016991182119479697
 0.01771922585584998
 0.014884056937558128
 0.007673626901066204
 0.0021502975517522296
-0.0005285287025826035
 0.0014455894002510516
 0.0012355771528792456
-0.005937517322070707
-0.008686347754296744
-0.006950243856293167
-0.005613163772269433
-0.004845451001760807
-0.008289656267706103
-0.009986090558967757
-0.008163648174898359
-0.006814900727892755
-0.004847783042848219
-0.006775231121150829
-0.011871534985328478
-0.015633092524380558
-0.01724785527476914
-0.01403699669585759
-0.012821257186845274
-0.017971230920739507
-0.019359646829279875
-0.016890832536015053
-0.01567975997219549
-0.01661314872444304
-0.022901857085367485
-0.02760380408075803
-0.026794088803514686
-0.02452828662613435
-0.020260364961065664
-0.01953232122469538
-0.022178478862680994
-0.021919463118181753
-0.018724938847444816
-0.011306829177272087
-0.006943235135752089
-0.009682731677592638
-0.008775010551301601
-0.0035153630327742352
 0.0018329564444153207
 0.0060122061508218125
 0.00652557040832575
 0.008359680155377004
 0.013112964120491358
 0.01777057570915439
 0.022607864687738177
 0.02353192012220382
 0.020463403944274636
 0.01786391575821649
 0.017723907688735885
 0.02155313650568637
 0.022936886041637572
 0.01904465403718858
 0.018955982364828185
 0.022873883140440872
 0.025415035084193252
 0.024960008214202252
 0.01941567761152091
 0.01486073938970188
 0.014776734662534229
 0.014643727010842746
 0.014172365832677107
 0.009300075337751311
 0.0013896035223473699
-0.002689306289811483
-0.002761643653997274
 0.002010308091888062
 0.002813022951342295
-0.00400771716155527
-0.005706484925413299
-0.0032376706321484774
-0.0017069123226257574
-0.001972927912310532
-0.006800882427905244
-0.009624383983215225
-0.009335033094963134
-0.009414370876938041
-0.008331639305919004
-0.01079345260879112
-0.014643682106505386
-0.014459337485090103
-0.011148139584534495
-0.0029996529916968967
 0.001219265748847946
-0.0028946461522565137
-0.0037300290554563853
-0.001758244425219102
-0.0007431835594948893
-0.0013218844770937002
-0.006203508862404991
-0.008919670678281807
-0.008546314776560274
-0.008147290676278639
-0.006488191373955378
-0.008492644047938317
-0.012557553024518931
-0.014041641309510602
-0.01308491725869573
-0.007787934178626388
-0.006026162082062705
-0.011593827410707771
-0.01344660436592644
-0.010777111429373508
-0.007603588412003936
-0.005694807541868727
-0.008212624187053805
-0.009503034246546482
-0.007836934526434108
-0.005764810574552762
-0.002343939461967613
-0.002812967167536866
-0.0059561544685500095
-0.005988822798597443
-0.0022739341388692477
 0.006254908487177212
 0.011220538458561531
 0.008229026876312669
 0.007533652328895198
 0.010273149443339326
 0.01277929929814612
 0.013584347630196718
 0.010247482103684591
 0.009155417214883645
 0.011232208111957735
 0.011901915033418684
 0.013449007651116021
 0.012335941508947713
 0.008702724962696168
 0.007792670936412345
 0.008924405431955225
 0.012713965214767364
 0.012648628268370703
 0.0060822366684778265
 0.004297130418553993
 0.006726275677680464
 0.008560385424731726
 0.008894072292314904
 0.005001840287865919
 0.003912108871661352
 0.007290977477511777
 0.010571840234314532
 0.014067382469983625
 0.01252495737008262
 0.006889621336142723
 0.002750041236478158
 0.0015226349370875553
 0.005228189706430263
 0.005424201690827413
-0.0009158430672172382
-0.0035479998696246115
-0.0033589883030165774
-0.003179310626794038
-0.003746344181410975
-0.0064601725246914155
-0.005641123357062565
-0.0027779521950106537
-0.000866837852279069
 0.0011049467779582142
-0.0009881778546869044
-0.004686731633636899
-0.005832466392154435
-0.0032796470854201745
 0.0037254379351944686
 0.005916568989490861
 0.0013592972950754595
-4.0785976446772176e-05
 0.00165098194222571
 0.0030884013478935032
 0.001629981261461931
-0.0039166828138157694
-0.00642516556861536
-0.00568078752407046
-0.004892073500194473
-0.003522324799821508
-0.006275822177240299
-0.010723420659626146
-0.012114170040762887
-0.010772423011546402
-0.005554777999753763
-0.004712394106161179
-0.009731693374658502
-0.009566016534014204
-0.005755455497834697
-0.002217910755430881
-0.0009555017944910954
-0.0037603355690300974
-0.003064960449009037
 0.0006989311352429972
 0.003291419476115602
 0.005470883167430121
 0.00270571842702947
-0.001921557445277132
-0.0030742926215837837
-0.0004911381710966736
 0.006656288677896756
 0.00848573147975526
 0.0034034284511558557
 0.002052348104157463
 0.0019286743428514677
 0.0010629562958987399
-0.0014851954930391875
-0.00765256327895221
-0.009689684569284374
-0.00849261284104304
-0.007248871660874245
-0.005293421338811569
-0.007843906600345871
-0.01158446288603059
-0.011612464270885282
-0.007342209133220222
 0.0013593104649578663
 0.0045491677905020525
 0.0020220172549314866
 0.004229482617402483
 0.008534739844013144
 0.012545979523480758
 0.014443093030634097
 0.011759599831106513
 0.011701263302498967
 0.013992733678439416
 0.01555849407690773
 0.016330873792609113
 0.011150564914962025
 0.00362278260536332
-0.00042812553563905537
-0.00023211355124189842
 0.004448832763384876
 0.004628510439607408
-0.0009974917039469872
-0.0022809013456505586
-0.0008994852822957269
-0.0005121285449959587
-0.001965881686234773
-0.005741440060865098
-0.005515092932715085
-0.0018608745604926022
 0.0019520199482832776
 0.006007595607081986
 0.005398559545730333
 0.0023393772581866284
 0.001942687203104955
 0.004910864631993667
 0.011726938372302077
 0.013171358195758986
 0.00784637401713674
 0.0067076396764083335
 0.00798638294552273
 0.008478745949659305
 0.006607301213669647
 0.0015343320754557382
 0.0007199504256232211
 0.002750071870769845
 0.004966871123626336
 0.007743703799612443
 0.005606243187636223
 0.0011469773422685056
-0.0012611660908870212
-0.00045611775883641625
 0.003919143645665438
 0.002920417660719432
-0.003564302398300377
-0.005783434551149658
-0.006009781106696081
-0.006758825523830142
-0.009274308696418838
-0.014503620498589772
-0.015378672435927991
-0.012951860649397899
-0.01035937230852529
-0.007967562610940799
-0.010359371735921708
-0.01371023809801208
-0.014113928570882877
-0.011796789996382333
-0.006047113232616558
-0.0061054497612241035
-0.012258816711558883
-0.013236541443137538
-0.011129415402310591
-0.008310580219589771
-0.007442528127437082
-0.010550713339504622
-0.009248635344426489
-0.005613084752974992
-0.0022948864346302653
 0.0013920005539414526
-0.0006287864282160938
-0.004234001303311155
-0.005347067445479463
-0.0035502932599701734
 0.0030160989125262716
 0.004038160196039607
-0.0008667989152354311
-0.0007337906909403516
 0.00032093920892219824
 7.125792741204118e-05
-0.0018048537537703607
-0.006847487748231417
-0.006950160256170058
-0.0037463020950476295
-7.80828872469011e-05
 0.004934216536064892
 0.004703203035325718
 0.0025120725536329144
 0.002360397121170435
 0.0042365093749564195
 0.01019386519979943
 0.010716563347688848
 0.0057135983873661395
 0.006327301966514126
 0.009073799498747377
 0.01178062799684227
 0.01303603653999294
 0.00974117352021553
 0.009678170046415246
 0.011673289402616263
 0.012627679980834763
 0.01497515369908816
 0.013381392202066945
 0.010156533360180735
 0.009848515263761244
 0.011976642557955545
 0.016645921509600453
 0.014641468835617517
 0.006983012060621914
 0.005111567324632263
 0.00511390108353043
 0.004558534891895359
 0.002649754594363729
-0.002271538825085913
-0.002388212168602792
-1.069416211037233e-06
 0.001648695995726722
 0.0035668107562474294
-0.00010140787894972331
-0.0057810798922207085
-0.00843890489318819
-0.007673525595275933
-0.0032492612662502335
-0.004791686366151238
-0.01207678752572711
-0.013661215132362833
-0.011523753947783037
-0.008478571923213996
-0.006835806929065356
-0.00883559265785554
-0.007262831841598101
-0.003830293366031079
-0.0012611397511222006
 0.0012146749599317302
-0.0024465432574762927
-0.008590576317425588
-0.011752431399209708
-0.010877378889267906
-0.006196432574641135
-0.007762192400505876
-0.01416057397345986
-0.014466258597282986
-0.011740762318417093
-0.009080603272249663
-0.008515902617625516
-0.011682424644602389
-0.01139540722894667
-0.008149546561089526
-0.005398382083663528
-0.0036692786034490735
-0.008420228523363459
-0.015534986183404077
-0.018762178497886653
-0.017761118467740682
-0.01214211616937182
-0.011512078282049212
-0.015908340367314856
-0.014032228113528871
-0.009050263833969938
-0.003771948534671582
-0.0007594351264517754
-0.0026308798624414195
-0.0011631253130207839
 0.0027081060106644295
 0.006072973780936623
 0.00984386578297778
 0.008012090081126473
 0.0036881656463484125
 0.0024747601825360482
 0.0048455686267531856
 0.011675643202639828
 0.013456083079974507
 0.00990220460199965
 0.011136611891782958
 0.012973055111430598
 0.013985782504558425
 0.013190068635496897
 0.00866079861223798
 0.00837378176918585
 0.010261561385953695
 0.011787652750283671
 0.013971783386790934
 0.010987272222331187
 0.006812690033721015
 0.006623679039716571
 0.010011881535952491
 0.016442932297859293
 0.016708948460147643
 0.011647646684915601
 0.011682649060162989
 0.013484090190865022
 0.014296138940704743
 0.012800383292731206
 0.008275780214665032
 0.007816086399481274
 0.009141499120523144
 0.009827540350158703
 0.011460971453921852
 0.008490461125040344
 0.0032168133435383217
 0.00047031638390865327
 0.0008296714500519442
 0.004021862248192502
 0.001553048527531277
-0.005071679887270933
-0.005519706339472831
-0.002357850685085122
 0.0012543651804026446
 0.0019847423893692984
-0.0014384616232086395
-0.0009087630575300987
 0.0013873742636030945
 0.002663784060121119
 0.005011257778374523
 0.0024187700101054935
-0.0018444841371668547
-0.0025141904860242204
 0.0002556417721727572
 0.007118384964408635
 0.006777698251639909
-1.2706717504799847e-05
-0.0019308209054219247
-0.003720594100538502
-0.00539836061102917
-0.008100521591327736
-0.014697248334973465
-0.016921047433015493
-0.016512689442348363
-0.01606232894494651
-0.014979597373927477
-0.018533475851902327
-0.022691723732337882
-0.023548107888905115
-0.020561262679245414
-0.012643789873448774
-0.010501661743676234
-0.014167546906277004
-0.011911078619282159
-0.007647823899406225
-0.004740316758023208
-0.004462633232752991
-0.008595212914628437
-0.008877562812487826
-0.006278074053826098
-0.003757923363441072
-0.00019004347728439341
-0.0014104493588858735
-0.0038629287713724952
-0.0023695060233917473
 0.002799136063877057
 0.011577660257735468
 0.01326942817640795
 0.007914108854032854
 0.007603757285016992
 0.009090179615208617
 0.010429593171828726
 0.010361922752835685
 0.005729979935336346
 0.004703252279233856
 0.006399687143099082
 0.008842833237803799
 0.013192426443745547
 0.011657001761633659
 0.006938720458068495
 0.0036368570205019754
 0.002747804247585507
 0.006495361523662931
 0.00513494728627905
-0.0007664046236474098
-0.00039304872192588713
 0.0020897664069171734
 0.0041058870164855585
 0.003634525838319927
-0.0005423898228866172
 0.00029066018032047197
 0.0034315145813408193
 0.005778988299594223
 0.00889650797465083
 0.006474363705917072
 0.002360451804812605
 0.001452731251125161
 0.0033335104501038895
 0.008467150448427094
 0.006028671871518718
-0.0030158676257226805
-0.006077383385862743
-0.006343398975547525
-0.0059210401493021494
-0.007052774072241443
-0.011831725663312309
-0.01182239148662503
-0.009080560899584523
-0.006294394333212931
-0.0021594806061375274
-0.003204876043011007
-0.006203388043048992
-0.006051712037982937
-0.002535168548946476
 0.004843272087087909
 0.005669321672505875
 0.0012240566627163968
 0.0034478563333620108
 0.0074637629580223755
 0.010823963783101818
 0.011386330965129594
 0.006593378538480479
 0.005655322841040179
 0.007169746842388282
 0.008670170008158153
 0.01133499599951833
 0.008553496950943068
 0.003599534915144191
 0.001641751693088729
 0.0029998330304798204
 0.008075136213893691
 0.007134747043857012
 0.0005520211357895322
-0.00012701910345332829
 0.002008108608530096
 0.003692876109413462
 0.0035855366562820776
 0.00024633765717357176
 0.000874042071899804
 0.0038352190829994068
 0.005669328830050661
 0.007330761604970294
 0.0038258860515192825
-0.0014477617299827397
-0.003438213568387437
-0.0023181464358264237
 0.0025844797754558183
 0.0017560972900450625
-0.004541944961264872
-0.004562945928330439
-0.002094131635065624
 0.00013900192596548455
 0.00016700388342374972
-0.00513464556923475
-0.007624460543263347
-0.008186827152687533
-0.008604518461136579
-0.007017756809300894
-0.009710583899213976
-0.013229460288243223
-0.01358414783659018
-0.011052329783223284
-0.004910629623266778
-0.006133368977464637
-0.013278461781258102
-0.014211850533505661
-0.01321079050335969
-0.011913379453474312
-0.011381347415199389
-0.014295854401767939
-0.012951773899955082
-0.008753856412777601
-0.004338925974137389
 0.000834383058324159
 0.00014134198350305993
-0.0023671407712965234
-0.0015037556243365849
 0.002719830061401002
 0.011456351748524697
 0.014366192362504075
 0.01130234312976764
 0.013862162854291017
 0.017682057780856013
 0.019852187581785044
 0.019436829745932367
 0.013946169012967628
 0.011876379106286236
 0.01283543662969748
 0.01427985645315439
 0.017343706258494414
 0.014709215983490669
 0.009461236400548759
 0.00697375489911653
 0.007125430904182592
 0.011012996536042416
 0.009220889868329467
 0.0023721480842754106
 0.0012334137435470044
 0.0022741428078313156
 0.00355055260434934
 0.002808508605004395
-0.0019331074245244953
-0.0021361192541071855
 2.234318383997208e-05
 0.0013687571582491967
 0.003503884870232621
 1.0676679763482744e-05
-0.005405312930117326
-0.007015408735313155
-0.00504595757767224
 0.0011144103630552488
 4.334672762166397e-05
-0.008473827962839343
-0.011154987689770558
-0.01122732505395634
-0.010972976254649852
-0.01124365878952737
-0.01448251846699182
-0.01342778856712926
-0.010436276412276811
-0.008690838623887736
-0.006665384123933863
-0.00961489319944801
-0.013028763321640456
-0.011995034675145264
-0.00711340971723038
 0.002523832392093424
 0.005716023190233989
 0.001893795363676197
 0.003506225214071991
 0.006542073348255538
 0.008476522416950856
 0.008308512676313759
 0.004056925892023271
 0.004222602732667571
 0.0066004115946738315
 0.008287512568153563
 0.0096945968300685
 0.0036882386533052328
-0.0040145541010214655
-0.007461092839563144
-0.007234745711413134
-0.0021804437813666283
-0.00203343472149331
-0.006747049079865723
-0.005626981947304717
-0.0024114564232004185
 0.00012269510276285284
 0.0006313924150740391
-0.003146499432152658
-0.003431182802608415
-0.0003930011958285032
 0.0030255364441602803
 0.008287517435284018
 0.008716876679318517
 0.006105721130278498
 0.005779035253088025
 0.0069131032212272694
 0.011045683475706301
 0.009734272162846253
 0.002694185625889592
 0.001669791442383474
 0.0025308431167470405
 0.002418836718422905
 0.0007247358997576336
-0.004740256634647
-0.006168341577325716
-0.005148613766408759
-0.004663251180061313
-0.0035361836297111773
-0.008441142740986216
-0.015492896640924743
-0.018258061381325397
-0.016743637379977288
-0.010590269857038922
-0.010426926488990993
-0.01641461688498327
-0.016344612420790276
-0.01357011321740055
-0.010335919912525266
-0.008378136117866222
-0.010774612188039878
-0.009593874767973163
-0.0065206910722476405
-0.003993539964073492
 0.000580066611120103
 0.00030938407624259145
-0.0024534471915616946
-0.0017907406878898621
 0.0014527865073709137
 0.007804499201001021
 0.008338864711872312
 0.0029345424649733776
 0.0036952548176928876
 0.006581760705708539
 0.008558212281138573
 0.009160248497304693
 0.005699708923184776
 0.005522365292162192
 0.006787107725698349
 0.00655376075236281
 0.00704845722909575
 0.0031375574438757756
-0.0018047372289412347
-0.0032771581509510386
-0.0017790684577775467
 0.003818932587223968
 0.004563310631768867
 2.9373663317192045e-05
 0.0011657751040528228
 0.004362632847386125
 0.006684438367079423
 0.006966788837542391
 0.0031772296273338274
 0.003788599733885442
 0.007230472099837959
 0.010210316891708537
 0.014191221427423302
 0.012746802176569975
 0.009398269287075982
 0.008474214425213913
 0.009311931373613754
 0.013983543797855026
 0.012711801519133335
 0.0049086694431625735
 0.0027058715984879037
 0.0032332366915700725
 0.0033032411557630675
 0.0017584825832656914
-0.002822123837113444
-0.003022802194099755
-0.0005446540104494524
 0.0016348096808650736
 0.003767603920252119
-0.000626324692417142
-0.006919699998534333
-0.009647529177393008
-0.008933486276600969
-0.0037555102989466627
-0.004651563489652254
-0.011479304020338938
-0.012702043374536794
-0.011556308043415675
-0.00995087861080901
-0.01010722098846423
-0.014167463019852108
-0.013705435159468385
-0.010751258566157908
-0.008273110382507595
-0.005101920837734392
-0.00691969570400746
-0.010478241127175054
-0.01143729807798272
-0.009687193344400897
-0.004756565461962181
-0.005388936249277568
-0.01122028398131283
-0.01171964683063494
-0.008774804127709958
-0.004835902098729916
-0.0020730702583220545
-0.002917787051907421
-0.00013628743072857663
 0.005167696067129884
 0.009860309744738519
 0.014585592038696388
 0.013327850595552936
 0.010032987575775532
 0.009857977417349312
 0.011787759540851886
 0.016403368622780204
 0.015052288275781811
 0.008376223463859397
 0.007225821760149111
 0.008324887639342762
 0.009206940567073683
 0.008252550561458773
 0.0037419483189708377
 0.0032519193600342236
 0.004771010306575077
 0.005506054460734482
 0.006140759293249823
 0.0009231148540607623
-0.005489267554471468
-0.008144759082842568
-0.006849681505553561
-0.0013100172754613865
-0.0022014035209742266
-0.008777129011252584
-0.009703517345711024
-0.008126089584260834
-0.006483324590112187
-0.006672335584116642
-0.01019354544574226
-0.009201819305981792
-0.005584936495301271
-0.0017977101850855035
 0.0030255779579200434
 0.00233953730088806
-0.0003532897890250117
-0.0006543074676553864
 0.0014574855183643043
 0.007020484474420205
 0.006045093215437933
-0.0005703013089787823
-0.0015970289650812722
-0.0006566392224410175
 0.00015774299999508912
-0.0011490013676722158
-0.006385313587632259
-0.007421375134120247
-0.006023624762590808
-0.004901224157433423
-0.0034778055873438754
-0.007573049707677346
-0.012900367358895961
-0.014603802067946727
-0.012625017019920321
-0.005792608971437296
-0.004341188730191278
-0.008074744598086873
-0.00657432143231701
-0.004208179933292616
-0.002315733371332028
-0.0025397464542820727
-0.005771605713957406
-0.004163842808754356
-0.00041628553267693963
 0.0036719587424710043
 0.0073471783680608485
 0.0047453567094063315
 0.000785453999662511
-0.0002366067112472281
 0.002344214266643517
 0.009386634848800132
 0.011064401931894383
 0.007596861939985343
 0.009167289283646414
 0.011276748797069726
 0.011605768719460167
 0.009407637819978242
 0.0035996248139067155
 0.002152872090457017
 0.0027689091422013826
 0.003429282173276829
 0.005284393173695459
 0.0018495217981356407
-0.002343728171245507
-0.0024954036037079866
 0.0008414624954077229
 0.008012224070364879
 0.008420582061032016
 0.0027105749040081673
 0.002068870226307286
 0.003237940283392138
 0.004880705277540774
 0.005156055330214626
 0.0022088797272968516
 0.0031819380862863414
 0.005580748201659949
 0.008215239049267284
 0.012252146927294996
 0.010819395039423543
 0.007377523246074616
 0.0060917801317746795
 0.006150117232985801
 0.008565261656534033
 0.004605358946790213
-0.004086826188398791
-0.005699255466191003
-0.004429846087462094
-0.002495397018766783
-0.002299385034369626
-0.0061869500936258745
-0.00478686624950006
-0.0009623043777423068
 0.0027595846997750043
 0.007711213835581092
 0.005909773277482634
 0.0018215295749382868
 0.0007457989943119511
 0.0029555978293793264
 0.010016686192306931
 0.010086690656499926
 0.0037046433917205523
 0.0029906010635320918
 0.0038026498133718126
 0.005529419820989902
 0.006486143871804774
 0.004320681588672076
 0.007351862777662872
 0.011122754779704036
 0.012917195492616947
 0.014975318608920048
 0.010329374955842456
 0.0035319695689086245
-0.00043960050381705584
-0.0016320047142620586
 0.002106218671429877
 0.0010374885085926572
-0.004373834156095387
-0.003757797104351035
-0.0019096865217215278
-0.0007126147934801985
-0.001676338689480611
-0.006928985217615275
-0.008268398201631798
-0.007813370759037201
-0.008035050369390877
-0.00714133007867809
-0.01184094360147226
-0.017826300524868166
-0.019926425575302404
-0.01919604836633575
-0.013878064032899047
-0.013922399725928354
-0.01925438432233971
-0.018869361057636307
-0.016930245043748248
-0.014592105215880339
-0.014242084040122546
-0.018545007221533245
-0.019193712317023253
-0.01839799787535814
-0.01762095121446402
-0.015471822666902352
-0.018215986153935645
-0.02140817637947262
-0.020974150190245386
-0.017098251921367425
-0.009080439793926736
-0.007577683155560493
-0.011311239023456095
-0.009456128023037472
-0.0063176070946135005
-0.003335428830146543
-0.0018676742807259006
-0.003601444133529523
-0.0013473093191310528
 0.002418915737717353
 0.006010130349837765
 0.010026036974498123
 0.007797570931263348
 0.00416202091241543
 0.004061681877073169
 0.006875850114601241
 0.01326489836977332
 0.013365237977719165
 0.00803558685390418
 0.009050647719628387
 0.012863542228404266
 0.015743047698630795
 0.015428029184422182
 0.010355060046208266
 0.00906931693190833
 0.011554465533347762
 0.014562311996374824
 0.017693832507009677
 0.015206351005577462
 0.011346787617477698
 0.011141442315298629
 0.013635924807123556
 0.019436937968009542
 0.019189590159095764
 0.013059557934724707
 0.011906822758418055
 0.0122171749000375
 0.011741146776679132
 0.00823627122322812
 0.000799494344887984
-0.0018279955123266453
-0.0019400019106507738
-0.001169955667545769
 0.0015882092276693488
-0.0007872655891369568
-0.004908177908030532
-0.005857900968452706
-0.0035710975377050078
 0.0020969076851876933
 0.0018822284926231364
-0.002852387119116631
-0.0023156881356489745
-0.00017356000587642056
 0.002316255540755749
 0.002586938648236857
-0.001552641451427715
-0.0017439859180285386
 5.045479488437199e-05
 0.001660551172683794
 0.004183035335665192
 0.001364200725547958
-0.0030787308116451487
-0.004670158836069992
-0.0024113570764787845
 0.003996358959464284
 0.0037420107327613764
-0.00124228644679035
-0.0008572631820869536
 0.0007061637437850016
 0.0031073073317549812
 0.004201706265755889
 0.000708498075286744
 0.0002954737120304529
 0.0016138860152832002
 0.0031003083454748254
 0.005709130994522048
 0.003104975863271152
-8.721436226582363e-05
 0.0005731586688096299
 0.004250711766995853
 0.010954778822678334
 0.010511419315669186
 0.0046964058918085375
 0.004514395315593209
 0.005060428189446367
 0.004332385025679668
 0.0017118955862541613
-0.0048358282328677185
-0.007444650309311358
-0.007869342035549516
-0.007853007441073114
-0.005449530380506745
-0.008485377942086713
-0.012335607439800979
-0.011752239004405841
-0.008193693008634664
-0.0010485996322376137
-0.0017999775219680464
-0.008168023951169182
-0.008672053745684041
-0.008471374816094137
-0.007715329408567378
-0.008198357949714869
-0.011488554024299533
-0.009778118324856058
-0.006212571911295761
-0.0026423585525427104
 0.0005171636292486195
-0.0028500370410163567
-0.007442310824377362
-0.009031405376205833
-0.007134291869052494
-0.0011185992293001532
-0.0010719294910708985
-0.00581821246579254
-0.005192841523662679
-0.00290837156551136
-0.0008875840107502309
-0.000360218917668062
-0.00239500673540384
-0.001106929575903956
 0.0010211977182903523
 0.0033733383817365
 0.006565529179877065
 0.0043533974448168936
 0.00031415666679638493
-0.0013449420629232933
 0.0004121630884476521
 0.005590139066101944
 0.003998711041677101
-0.003018040769315833
-0.004208111507164457
-0.002747357375532937
-0.0017882998521216859
-0.00260268150195421
-0.00625689930157311
-0.0060865555157360585
-0.003606073859489377
-0.0004792202940472681
 0.004092052808549948
 0.004124721711200971
 0.003100327527694853
 0.0037653675039630574
 0.005793155476513302
 0.011563833493646439
 0.011372489027045615
 0.006747546627335385
 0.007986620862311437
 0.010152083718047718
 0.011937190540575134
 0.010989800952749339
 0.006472198292472281
 0.006469865106177704
 0.007505927225269271
 0.007746275188997523
 0.007435923619981653
 0.0010958788619370025
-0.005055154615801409
-0.006900931153230958
-0.004947814303764654
 0.0012965586504322738
 0.0008321978900557719
-0.004828806342444238
-0.004859141199895299
-0.003729740176948798
-0.002721679729013708
-0.0042594378837219685
-0.00974543167149397
-0.010795494053560197
-0.010209792145568688
-0.008707035507202449
-0.005412171914821455
-0.007306951376774843
-0.00966142494021378
-0.009047721361065797
-0.005435505495578023
 0.0019149334692998773
 0.0017072546945244432
-0.0038674110519097415
-0.0037040676838618197
-0.0018676244642141793
 0.0008065354175314857
 0.0016652536192986803
-0.0012025839153423992
-0.0002271920837565375
 0.0011962264863330033
 0.0025193057347785014
 0.0046591003919546695
 0.0001438312042739906
-0.0046444542771823735
-0.005288492427479627
-0.002887348839509647
 0.0038353859969438298
 0.003828385865456495
-0.0014079263545035484
-0.0012819185479975986
-0.00011984890870186948
 0.0010352203128047369
-0.000236521965916954
-0.0044881087502074354
-0.004138087574449646
-0.0025093234158792346
-0.00023885429330616076
 0.0022462943081332717
-0.0020449615102955676
-0.007138931901876838
-0.009162052356630764
-0.007829639217799774
-0.0023973147271407827
-0.003697058677018951
-0.008520346247420922
-0.007283605485041238
-0.0053561568341350466
-0.002994682280303404
-0.002478984550203102
-0.004707450593437877
-0.002698330401658615
-0.0003811918271580672
 0.0015042543170134051
 0.0033897004611848844
 2.4833263516280124e-05
-0.003104353201918618
-0.0034193717161272313
-0.0006635402935084925
 0.005405822215960435
 0.004318424272352232
-0.00022718005908129585
 0.0011775707302372623
 0.0035250444484906662
 0.005846849968183958
 0.005025467900562325
 0.0008485522393557807
 0.001357249551666967
 0.0030793526140923053
 0.005261149778003203
 0.0074732820856669435
 0.003345369348984245
-0.001400913625737403
-0.0028616671847653333
-0.0001571721592668121
 0.006131536774261218
 0.005503832932138575
 0.0015322628594128876
 0.0026966659713049887
 0.004456104595272299
 0.006315882540883673
 0.005270487104010187
 0.0009255614158647715
 0.0010889047839126934
 0.0026966676891157365
 0.004873797907833884
 0.007237605934261898
 0.003420045052896857
-0.0005888605813708023
-0.001538583641792976
 9.25139893738075e-05
 0.004488776647243023
 0.0010912408332251905
-0.005211468363277495
-0.004695770633177186
-0.003977060787192399
-0.0033586902628516616
-0.0055638215801226965
-0.010888805758744943
-0.010811800876762825
-0.009190037135981547
-0.007029241225438011
-0.00498278547211678
-0.009416383118924385
-0.014097328860947576
-0.015457743098331457
-0.013077600763728832
-0.0064925408104613905
-0.0068635626669829655
-0.011423167833994736
-0.011080147076026062
-0.01085379994787605
-0.010216761642764333
-0.011826857447960162
-0.016092445067828896
-0.01421399934144654
-0.010375436634110557
-0.00625219027001702
-0.0025723036992344184
-0.005577816117061533
-0.008289310987745591
-0.007190245108551947
-0.002700643546827787
 0.0051421581358848945
 0.005730193516472783
 0.0027270145712420396
 0.0051748276111395
 0.007312288795719296
 0.00865870277012852
 0.007624974696236908
 0.003564732664849038
 0.003989424963690778
 0.006355566462715172
 0.00875904352328153
 0.0110831825155712
 0.008047334953991236
 0.004043096264916328
 0.002939364013133515
 0.0056275247304574325
 0.012217251628917618
 0.012207918024833918
 0.00839502408866162
 0.010852171018944569
 0.013881018735339
 0.016667185301710588
 0.017462899743375705
 0.014380382729868267
 0.015614790019651575
 0.017857257471068172
 0.019931714895545898
 0.02268987979076101
 0.019432352332525576
 0.015960145395423793
 0.01483774536286999
 0.01602081625553308
 0.020435746694173293
 0.01681653098349998
 0.009855782514820013
 0.009034400447198374
 0.008616709138749339
 0.008742716945255295
 0.006063890690920455
 0.0004915584170826423
 0.0005708967716611252
 0.0025683496004585207
 0.005382517837986593
 0.008096346753870616
 0.004320788379240291
-0.0006005050402093509
-0.0037390253960297437
-0.0035640146649999482
 0.0008065797943091618
-0.0020192552335971947
-0.00815862134835374
-0.007981277144727569
-0.006749203327540643
-0.004219718746770115
-0.0032956633123044712
-0.00493609426125316
-0.0019655833597680694
 0.0014669551157989527
 0.0047104823110597285
 0.006887612529777876
 0.002164664281019968
-0.0030086441788380047
-0.005246444112458275
-0.0033609979682868024
 0.00245868297337018
 0.0012756126533106649
-0.0028056306314445598
-0.0008898493435202381
 0.0014949599362751378
 0.0034480767857414385
 0.002117997692110414
-0.0023622694066246716
-0.002635285414098562
-0.0023342671628646047
-0.0012188669754963424
-1.712830206226923e-05
-0.005178769398938368
-0.010160733105893723
-0.011537481651452217
-0.009190007933198813
-0.0033399918477889853
-0.004672404414016389
-0.009250677361799148
-0.007843593099884211
-0.005610459538853106
-0.0025979461306332927
-0.0025699441731750275
-0.006546181191093452
-0.005946478447523711
-0.004782075335631603
-0.003400659272276778
-0.0014265411694431157
-0.005316439701295736
-0.010125726436119455
-0.01199017075431999
-0.009327678235556181
-0.003881352909318944
-0.0056034553991407
-0.008655637268895278
-0.004882411794257746
-0.0005911554032253241
 0.0028997198872510246
 0.002549699284096818
-0.001393869117472392
-0.001034514051329101
 3.655015670806644e-05
 0.0011356160359017181
 0.002073672305945601
-0.0021755810057485087
-0.0057877962986327
-0.005437775122874897
-0.00034613763128641534
 0.007172311360530377
 0.006469936395323776
 0.0025987056442421524
 0.003924118365284016
 0.005811897982051867
 0.007541001462266321
 0.006147918608533212
 0.002547370678630888
 0.004150466638641187
 0.007022971691078607
 0.0096597960112823
 0.011241890717925238
 0.007190982576922855
 0.002738717149344261
 0.0012289606657924779
 0.00443281882691491
 0.010163827809909695
 0.008355386834022129
 0.00480384182864365
 0.006763959095899073
 0.009466120648801223
 0.011727255880988816
 0.009099766023774186
 0.003861120331217764
 0.00366510891942419
 0.004687170202937518
 0.006992641414456199
 0.008826751161507461
 0.005559889812886534
 0.003046740112894207
 0.0033057558573934484
 0.007319329009457427
 0.01308534008139782
 0.01107155351702939
 0.007265659998646222
 0.008252719193213943
 0.008462732013189339
 0.007844362061452184
 0.0034714347021502848
-0.003157960657844669
-0.004348031395693293
-0.004065680925230332
-0.003538315832148149
-0.003801997949236552
-0.008541280506169074
-0.01172180336872419
-0.0116074629252001
-0.00765922700583457
-0.002016889981501964
-0.004721384434396916
-0.009147981663415402
-0.008095585236149217
-0.007087524788214134
-0.005969791128249496
-0.007705894453649494
-0.010506061282995745
-0.008153920619549601
-0.005083070396420447
-0.0010158273746398785
 0.0013923166311192309
-0.0027052609618106183
-0.006819172862915071
-0.009196981152317749
-0.007983575115901802
-0.004747048338430149
-0.009031303739069862
-0.013779920186387882
-0.013009873943282874
-0.012834863212253085
-0.013198884650985534
-0.01674109576597852
-0.021151358686822396
-0.020371978553331897
-0.01835819141635989
-0.01469230568115553
-0.012083483032108315
-0.014612967040275253
-0.016279066187784054
-0.015931378484622626
-0.011537449299349783
-0.004945388928293215
-0.005640763475710693
-0.006952174788570735
-0.0026842531235020534
 0.0017703463492765026
 0.005363894433993287
 0.004694188085135921
 0.0019616919610844913
 0.0034014448393486565
 0.005718583413849204
 0.008894439903815152
 0.01047420113786171
 0.007391684124354286
 0.005611244819623197
 0.005851592783351442
 0.009302799039689454
 0.01375039809467888
 0.010191852671511285
 0.005342896902549216
 0.005564577085506478
 0.00627395304110577
 0.007139671660662088
 0.005016211884264106
 0.0020130329390333768
 0.0036044615360618024
 0.005695253268714132
 0.009342471223147499
 0.012868348602569454
 0.011029572482929031
 0.009062455370488075
 0.009592153936166616
 0.01399075006663221
 0.019094054921202558
 0.015733854668726704
 0.011811287520524863
 0.013941748287315536
 0.01597420320505854
 0.01687259044096407
 0.012898686895642018
 0.007585370080001645
 0.008189739768764137
 0.009267804394590427
 0.011148583593569156
 0.011379597666911906
 0.00511889097714395
-0.00012908860579796677
-0.002352887703839998
-0.0004791089226503925
 0.0030817705457171635
-0.0015851743607277896
-0.006963828409066612
-0.00682381976698242
-0.006084108667630268
-0.0041753277974950626
-0.006025771280117352
-0.0097196581138746
-0.009140956623672217
-0.008765267249354308
-0.007078166275874577
-0.0073278475573847306
-0.01322453252211845
-0.017289441498699064
-0.01873152727695602
-0.015198649479744943
-0.009437305352997305
-0.011857116149134695
-0.014673617286655564
-0.012575825136214108
-0.011124404894968087
-0.009747655776806002
-0.011637768293566643
-0.013516213447345413
-0.009437303062582975
-0.004978036644611668
 0.0003212799080540424
 0.003772486164392047
 0.0011403293619846738
-0.00014774722491162767
 0.0005966308196332717
 0.004122508199055221
 0.008836123130031223
 0.0049205563996184976
 6.263397957971539e-06
 0.0009326523050199875
 0.0021460583414359344
 0.0035998120552783314
 0.00141801546397103
-0.0017788417067587034
 0.00033995169705011014
 0.0025077480253827625
 0.005394253913398414
 0.006206302663238135
 0.00044729258169045466
-0.0032349268890849367
-0.0034566064994386095
 0.00030028466702430173
 0.005926287383182294
 0.0023280729258763413
-0.0017858389752281115
 0.0003726234627190461
 0.001828710649157822
 0.0038704994572863125
 0.00265942746607032
 0.000911656777688459
 0.005802615625988834
 0.010586234734856037
 0.014802820002804501
 0.016909946043631455
 0.012933709025713017
 0.00942649999966564
 0.007951745605059457
 0.00987686078336928
 0.012677028185319114
 0.006715005987886949
 0.00015094786059044463
 0.0001136125853502673
 0.0015603658814035415
 0.004043181010246602
 0.0028017738752777605
 0.00020928610700873818
 0.002561426770454893
 0.004575213907426899
 0.006684673420850218
 0.006964690418716807
 0.0021927392454350603
-0.000724101213729858
-0.0007054331466570807
 0.0031354630332752764
 0.007116367568990041
 0.0018987231298009735
-0.00397229363637263
-0.004651333875615497
-0.004870680013372798
-0.004373650064043479
-0.007481835276111015
-0.011217724616602993
-0.009752303539778722
-0.007528503869133112
-0.004137967900300812
-0.003062236747070901
-0.007757183324672325
-0.011651748801717685
-0.013278178915088135
-0.010468677622752803
-0.005946407444679426
-0.009397613128413845
-0.01226078371786218
-0.009031257358179643
-0.005974407970628738
-0.002222183749358564
-0.002709879235698813
-0.004777335669783826
-0.0016178134879924963
 0.0014693710433112683
 0.006210987645443748
 0.009452181368108152
 0.006164318766119857
 0.0038285129834519094
 0.004225203611137172
 0.009006489247408003
 0.014910175202534418
 0.011545308004865813
 0.007741747959079011
 0.009508187000835444
 0.010551249537716134
 0.012007336724154903
 0.00978587109870925
 0.0057676315740560966
 0.006687020063328997
 0.007468733669415861
 0.008217778659153512
 0.006554012984241089
-0.0009224329282373975
-0.006651107866032232
-0.009063918244380503
-0.00687978760787324
-0.00276120818897245
-0.006399091680416739
-0.009745291097314361
-0.007080465105954184
-0.004452974676135972
-0.001783481739583051
-0.003286237805345704
-0.006170409648161394
-0.0045089768732417684
-0.003517250733481296
-0.0014754619253528056
-0.0006470788673384673
-0.004870663980472478
-0.006700106209727403
-0.0055263692074498105
-0.0009504291596598366
 0.003921861907869549
 3.6630321209679684e-05
-0.0034449105062775986
-0.0006330757413458982
 0.0022440962562842587
 0.00550162428712328
 0.004458562322846166
 0.001392379617513352
 0.0027411270645189487
 0.00344116912973276
 0.005867980916262852
 0.0068993760901616755
 0.0012827078369927677
-0.002457848448691957
-0.0029338765720503326
 0.0015650588800593182
 0.007473411780378483
 0.0038495291245124255
 0.00017197659892979195
 0.0017470708877836
 0.0028158016232244024
 0.0045075695418968845
 0.0022301005741382704
-0.0004697269335639312
 0.0020970932087485683
 0.0037818607096319276
 0.006283343619245978
 0.006773373150786174
 0.0018427458409510378
-0.00043472312680758324
 0.00024898463023161066
 0.004859926766967171
 0.010226914024927716
 0.006540027608959588
 0.002752801871347396
 0.0049602672338183995
 0.0073030740068790526
 0.009258524328941732
 0.0060289985418627776
 0.000932694677685128
 0.0012407133467082013
 0.002169435726366596
 0.004670918635980639
 0.005034940647316681
-0.0018348023901047367
-0.007668483594736365
-0.010412647081769658
-0.008417527725568634
-0.0051179971879948966
-0.010438314421424389
-0.014909247629773976
-0.01358383490873211
-0.012701781981001185
-0.011311032027260862
-0.013681839898874414
-0.016500674508991654
-0.013532497080102936
-0.01037064142571523
-0.005435346598083757
-0.0020751457730043207
-0.0049733184513982495
-0.005906707203645806
-0.003792580745029743
 0.0028274812971832985
 0.010021577598104195
 0.007125738392306624
 0.0038565435710893325
 0.005006945847403188
 0.005340632714986374
 0.0068760579697018445
 0.004253235057679966
 0.0005826829498864483
 0.001961765540644901
 0.0025428005034436596
 0.004736265030336424
 0.005207626781105638
-0.0005537167730384276
-0.004198600682271833
-0.005414339618680569
-0.0025698362373996406
 0.00129439466849645
-0.004560287789502543
-0.009775598756095235
-0.008524857158137313
-0.00747479420346751
-0.005269662313592882
-0.006548405010103696
-0.00853185643071927
-0.004844969442147559
-0.001459100418508004
 0.0032965170192027146
 0.0066147153375474416
 0.0032545150850715743
 0.0009583783365419776
 0.0012547296425831772
 0.005335973499941998
 0.01050461558721081
 0.006836396952013657
 0.0032008469331657394
 0.0047712742768268104
 0.00519830004826493
 0.005625325819703042
 0.001644421856591867
-0.0028521795503178224
-0.001048404947019417
 0.0007857048000318376
 0.0039405600366304305
 0.005251971922094055
-7.675023829728511e-06
-0.003941909535013444
-0.005061976094970867
-0.0014170916131338723
 0.00424391319196972
 0.0009630510077705476
-0.002712168045215714
-0.0009527294212484036
 0.00039835149835357186
 0.0027668264699743372
 0.0013854109792230881
-0.0009247266048847541
 0.0017284320234935563
 0.003548540934966579
 0.007214426670170929
 0.009167543519637236
 0.004659274749745673
 0.002031784892531051
 0.0017611023576535323
 0.00530798099044285
 0.009715911011293932
 0.004659276181254633
-0.0003110201627188544
 0.001042394229479493
 0.0023864747312923387
 0.0044959342447156644
 0.0028555032957669688
-0.0003833563816974736
 0.0014834219817030092
 0.00351354342684964
 0.007468779764004292
 0.010089269776033374
 0.0060593628883983605
 0.0035392127706169105
 0.0037002226660684673
 0.007702128455150586
 0.01299444459002718
 0.00970424851544252
 0.006500390926923678
 0.008479175974950084
 0.009624911306071203
 0.011265342827623467
 0.008980873442075737
 0.005249651046776507
 0.006598398493782104
 0.0074991192022840145
 0.009382231873859122
 0.009498905789979577
 0.003161194504531298
-0.0009970533759042569
-0.0012654024381854034
 0.0030585225691962467
 0.008556184292553691
 0.004220592494793771
-0.0012280657314362661
-0.0008757110830820911
-0.000724035078016029
-0.0004650193335167946
-0.004191574783623281
-0.009000861518447
-0.008825850787417207
-0.008856185644868265
-0.006679055426150125
-0.005493651060890656
-0.01052228421977348
-0.013457792459709388
-0.013338785070992558
-0.009367214425663288
-0.004235907899936456
-0.00820047755487302
-0.011565344752541631
-0.00858316648807467
-0.006583380186680896
-0.004478587618450332
-0.006924066613147827
-0.010589951775748601
-0.008961187617178196
-0.008193474846669567
-0.005250965616340954
-0.0032815144587000425
-0.007047738942944866
-0.00845482263225622
-0.007598437903085398
-0.002896490335091269
 0.0024868312310438873
-0.0017437542998792466
-0.005883334399543805
-0.004284905384726263
-0.0026211391372102516
-4.731857710863624e-05
-0.0012537236231318777
-0.003440187159631937
-0.0005396804360380397
 0.0020691422130091827
 0.005751362256388143
 0.00738712683274767
 0.00292086056959083
 0.000690061053759683
 0.0019688043228740792
 0.007611141347206682
 0.013937185842276677
 0.010677324911444873
 0.006253061155022749
 0.0064210714682634285
 0.006024381413181741
 0.0059193754326467354
 0.0017377928262474474
-0.0034705177225561254
-0.0028614810886008826
-0.002201108057525429
-0.00035999789268505167
 0.00032370986435414223
-0.004625585226251984
-0.00736508176809253
-0.006795714168275631
-0.0017974155805420833
 0.0037982519918630525
-2.3975834694739406e-05
-0.003699194887681001
-0.002119433653634442
-0.0008313564941345511
 0.0008347432259778256
-0.0012747157148419105
-0.003087823635922228
 0.0009117486805635192
 0.004967324339362228
 0.010271307837220689
 0.013031806205032179
 0.009258581302998233
 0.006913441629944783
 0.006754765779693188
 0.009960957413411985
 0.013647844401983703
 0.0078001623617738255
 0.0013014414671757915
 0.00010203683894167287
-0.0007963498243602901
-0.0002386495875252581
-0.0036338519289467255
-0.008153788061820148
-0.007915773570688275
-0.008289128899806219
-0.006686032939795927
-0.006333678291441755
-0.011826672497002876
-0.016054924555329628
-0.017870365949006324
-0.014895188102328483
-0.010608598656488815
-0.015004860741754448
-0.018712748411089945
-0.016362941220240165
-0.013805454968313164
-0.010109234089355951
-0.010118567693439658
-0.011016954356741611
-0.005983653680062456
-0.0006166664221019177
 0.005641707367673256
 0.008873567199952158
 0.0046196469430652976
 0.0014927939502267715
 0.0008627566355077568
 0.00404561354326282
 0.008903903775213974
 0.005569371721298212
 0.002283842591906303
 0.004694320070261784
 0.006404755769705256
 0.008427876797062757
 0.006757110704361219
 0.003942943039436722
 0.006449092894243516
 0.00873822979758758
 0.012896478250626724
 0.015738648159311273
 0.012161434955372696
 0.010119646719847789
 0.010217652855197261
 0.01358952104325857
 0.016639370013020356
 0.010320326508343067
 0.004432975433994839
 0.003770269502926596
 0.003604593234885878
 0.005060680421324654
 0.0026758717141328603
-0.0008756732912456183
 0.0003377327451703216
 0.000515076948796496
 0.0017774859097362747
 0.0021018388869339655
-0.002833455368093922
-0.005761963190240707
-0.00634299758043589
-0.0029617955019890785
 0.0016234784361863833
-0.002348091636539297
-0.0054212747596612335
-0.0031951416164192475
-0.0017390544299804717
 0.0004870787132615073
-0.0013936999131136316
-0.004217201468423623
-0.0019490658184469142
-0.00015462510553400366
 0.003044566110395684
 0.003898617366970121
-0.0013610295789536556
-0.004406211030919115
-0.005250927824504481
-0.0023247529023504854
 0.0016071487088404335
-0.0032254727519470255
-0.007579732330477939
-0.0064479978349350694
-0.005010578429267276
-0.0027377758340978234
-0.004721227254713398
-0.007673069802823916
-0.006191314417825035
-0.005122583682384239
-0.0026397685535411858
-0.001545369619540278
-0.005523940110055088
-0.007992753830716317
-0.007423386230899429
-0.002709771299923426
 0.0015721512007234942
-0.0030714589797577185
-0.007019694326519669
-0.0057246167492306516
-0.004945236615740159
-0.003328139820151621
-0.004777226016197698
-0.006879684539228308
-0.0043478664858614124
-0.002516090211406523
 3.2062150134987144e-05
 0.0009864527283534874
-0.003108791391979983
-0.005549603441484738
-0.005227583936883419
 0.0005710957514061948
 0.007667186203279407
 0.005329046948015073
 0.002722558344167819
 0.004257983598883283
 0.004528666706364391
 0.005035030546079199
 0.001562823608977415
-0.002009722649768425
 0.00015574020596785532
 0.002265199719391174
 0.005609066236296006
 0.0065751241774963665
 0.001275808197434239
-0.002394743910359279
-0.0039581702636276445
-0.0016433651617234757
 0.0013808156094782045
-0.004280188623021791
-0.008506107208752178
-0.006770003310748597
-0.0049382270362937145
-0.0027634302901719393
-0.005208909284869438
-0.008032410840179423
-0.005962620360894455
-0.003659482621972146
 0.0005010993036633632
 0.001999188996836855
-0.0013470104200607666
-0.002642087424746191
-0.002002715647038099
 0.0026012260719083524
 0.006089767889788329
 0.00022341806880746967
-0.004702542295834923
-0.004396857099408215
-0.003591808767357617
-0.0023994039843090315
-0.005302243607895718
-0.008111744327627457
-0.005491254315598368
-0.002859096940587419
 0.0006527796032562982
 0.001462494880499647
-0.0035101349360702125
-0.00597661518413508
-0.0051482321261207345
 0.0003167609808874816
 0.0066358050581683675
 0.003989647420182749
 0.0020481985063019043
 0.00517971901693675
 0.008299572164589743
 0.012658499260916986
 0.012441486595756057
 0.011769446774302313
 0.015794687289348172
 0.017941482364313463
 0.020743983238859676
 0.0202236191361702
 0.013521886125687672
 0.009225963362066096
 0.00699283037363857
 0.008675264401925564
 0.010740387936017781
 0.0046733594717488156
 0.0005407797898733663
 0.0016445126142597619
 0.0019221961395299858
 0.001947864624391886
-0.002926759343130296
-0.008433754384269652
-0.008354416029691173
-0.007766380649103288
-0.004998881863502683
-0.0042055008944339445
-0.009369475463906422
-0.012101971587957845
-0.011583940385261168
-0.006552973181178388
-0.0009853072799297369
-0.0043735092035620746
-0.006965996971831097
-0.005089884718045119
-0.004422511269180543
-0.003041095205825718
-0.005533243652450684
-0.00843141633084462
-0.006935660110267496
-0.006419962380167191
-0.004296502031165633
-0.004268500073707361
-0.009017116521025374
-0.010965565852695352
-0.01045453506778779
-0.005698917630077072
-0.0014473302731830007
-0.00659730400707724
-0.010813888702422121
-0.010533871704555532
-0.010610876013934057
-0.010048508831906288
-0.013280368091581611
-0.015473832045870783
-0.011334251373602635
-0.00658330088108466
-0.0005466069879649649
 0.0017098612990298773
-0.002509056868911383
-0.004564845940014529
-0.0038858051281680933
 0.0014391796230577361
 0.007048848031041104
 0.0038076548809802893
 0.002066884610387537
 0.005618430188369605
 0.008808287513913791
 0.012215157790920701
 0.010416050705418622
 0.007415205232784265
 0.0088129556043137
 0.00894596382860878
 0.010208372789548559
 0.00920264638681343
 0.0026502556224987997
-0.00118130609444448
-0.00252538602365375
 0.00023277887156136073
 0.004097009777457458
-0.0002362485477061041
-0.003008413705895871
-0.0007799470900575131
 0.000302784480961521
 0.0020622231049288314
-0.00017090988349868774
-0.0024623796868355474
 0.0005291324680169046
 0.0027459317208733958
 0.006150468525283934
 0.006171470064953083
 0.00028411899060486884
-0.0023433708666097605
-0.0021940283341400704
 0.002437915055962858
 0.00735920904801609
 0.003555649002229287
 0.0015511963282463515
 0.0039733411695837065
 0.0054270948834261035
 0.007312541027597583
 0.0045170411434440755
 0.0018312144713201195
 0.0040946831761040775
 0.0055064343832117585
 0.008427942360173003
 0.008301935126270636
 0.0019128874437021395
-0.0020750169371981583
-0.003321091017359744
-0.0003809152596275095
 0.002759939141392838
-0.0024250366814469945
-0.004653502724681777
-0.0006609308259851454
 0.00296528587508086
 0.006999860280512207
 0.0050327431680712575
 0.0014461960737471719
 0.0025872644596755465
 0.003014290231113659
 0.005156418360886206
 0.005044411962562077
 0.0001861223032145129
-0.0018066630077865561
-0.001055284545452534
 0.0041133575418162635
 0.008392946569866819
 0.003151967404714018
-0.0008149357228189116
 0.00017445694434518183
 0.0006341513321325293
 0.0017962209714282584
-0.0008476031939609746
-0.0037457758723549173
-0.0019233334882855155
-0.0006562575821529928
 0.0019082290875631416
 0.001483537361324977
-0.004408480658215988
-0.0072739847202606955
-0.006809623387280608
-0.0013866327870070971
 0.0036886703964067666
-0.00014755826572925707
-0.0026537075479324684
-0.0005512484522982655
 0.0013178633836985892
 0.0032523124523939073
 0.0013715338260187615
 0.00045681285454219483
 0.004288375144089057
 0.00726121951817052
 0.010852434130290925
 0.010560750342046052
 0.004267375035928861
 0.00022113384011922949
-0.001190616794384869
 0.0018522317575878008
 0.004517057748947985
-0.0012466192777924531
-0.004550816187955352
-0.002975721899101537
-0.002457690696404856
-0.0017576486311910583
-0.0057152178683385
-0.009677454050678692
-0.008235367699818155
-0.006739611479241035
-0.0030153889291273453
-0.0015639686878813203
-0.005178517453361876
-0.006366254718614135
-0.005180850353354666
 0.0006481644786877974
 0.006141159256852505
 0.0025639460529139207
 0.0003844829342029843
 0.002654952056776065
 0.00397103088743244
 0.005413117238292978
 0.0018965743218600992
-0.0023130099556956663
-0.001596633582307258
-0.0010599345988395875
 0.0011265295102640474
 0.00020014117580561402
-0.006242576376479472
-0.009726450676563116
-0.010526831490817394
-0.0067676068517581005
-0.0031133884795356143
-0.00846404085671796
-0.011464886329352324
-0.009425430993820205
-0.008172355923265918
-0.005677873431440987
-0.008053348248247293
-0.01121286985743504
-0.009497767212798824
-0.008163020601371463
-0.004917159933514312
-0.004998831188085591
-0.01067150278356746
-0.013289658750396591
-0.01261295141114652
-0.00630324122425114
 0.0004684965367261762
-0.0016316285137080722
-0.002329336533721915
 0.000697177710076137
 0.0022139351840206184
 0.004258057464745481
 0.001322549224809573
-0.0018369723843781813
-4.2531671465263765e-05
 0.0010401998995537703
 0.00478309023043845
 0.006598532196718715
 0.003308336122134062
 0.002486954054512422
 0.003123992359624149
 0.006953221176574639
 0.009132684867889158
 0.0021369343102635927
-0.002457672945693788
-0.002317664303609593
-0.002681685742342052
-0.0024810068127521442
-0.0065319149537545265
-0.009705437398520516
-0.007679982898566643
-0.006286899472229948
-0.003181047160155201
-0.0029150309978668437
-0.008284351155820179
-0.010911841013034801
-0.010543152056506019
-0.005561187776947078
-0.0007752351954835104
-0.005355841615862639
-0.008200344424539992
-0.0055448523235653024
-0.0033257195981124324
-0.0001381957451646182
-0.0010552501892375568
-0.0018392966953172246
 0.001938595724513055
 0.003758704635986071
 0.007569265672165579
 0.009545717247595613
 0.005742157201808817
 0.004771432888019282
 0.005858831404231067
 0.01061911578713453
 0.015094716513280447
 0.010220092545758265
 0.0073545884837135575
 0.00897635222449484
 0.009398711050740215
 0.010670453902065488
 0.007179579184192722
 0.0032290103648343962
 0.0033246830275874967
 0.0027063130758503487
 0.005485479224432821
 0.006906564321925997
 0.002993331064109643
 0.0015722465392200569
 0.0023516266727105495
 0.006572878885851771
 0.010250431984037994
 0.004808774175597087
 0.0007438651990164663
 0.001681921469060356
 0.0021392823842513245
 0.0037190436182978903
 0.0016235855130563928
 8.349388575176059e-05
 0.004356082496013186
 0.008131641443247094
 0.012546571881887299
 0.013496295514913055
 0.008476996246415729
 0.005623159547352888
 0.005184466985536491
 0.009149037213076631
 0.012728584462215177
 0.006761895319590261
 0.0022676273852769435
 0.0021439536239709414
 0.0006551983937865269
-7.984518776929517e-05
-0.004681452861515785
-0.008272666901032615
-0.006401221592439381
-0.005603173678177899
-0.0032790346858882283
-0.003778397535210337
-0.009714751534082397
-0.012762266458644232
-0.012671260741083875
-0.007448948784098484
-0.0021332979232581567
-0.00569417681902213
-0.007780301033878126
-0.005246149507914855
-0.003538047281067755
-0.0014052530416807027
-0.003029349682454781
-0.003993073578455186
-0.0003085200624798473
 0.002351638983687586
 0.006183201273234448
 0.006920578899990232
 0.0020622892406426604
-0.0009805587387264197
-0.0018229420597154211
 0.001609596415851601
 0.00420675170191695
-0.002051621515254634
-0.006704565586121342
-0.007201594962847075
-0.008482671131954268
-0.009376390850063473
-0.014160009386327093
-0.01749687491283922
-0.014997725475821545
-0.012575580634484197
-0.008622677769925917
-0.007483942856593921
-0.011331838881711815
-0.012129886223369718
-0.009367054382961856
-0.0017015966175735475
 0.0050211382188799294
 0.0019782902395108423
-3.549632485758125e-05
 0.0022023041813662644
 0.0037633976346418477
 0.005980196887498332
 0.00409241784333407
 0.002998019481936752
 0.006969590127266022
 0.009804759618161456
 0.013603653291359097
 0.013974675720484248
 0.008782699479855292
 0.006199545601971772
 0.005721184006017017
 0.009368401960450384
 0.012287576464815264
 0.006395558445274299
 0.0034063803356217948
 0.005177486322570979
 0.006215881914258918
 0.007576296724246388
 0.0034647182957383005
 3.451386537123985e-05
 0.002328317713908047
 0.004675791432161451
 0.009046385891470561
 0.009520081114836154
 0.004829801482427468
 0.002979357999805178
 0.0031427013678531
 0.007622969039191768
 0.010383467407003251
 0.004262769073017696
 0.0008045629714941577
 0.0020319698434883363
 0.00325704324288615
 0.004428446772567374
 0.0014696038066677325
 4.183302447044457e-06
 0.0030050293476849912
 0.005336168757763778
 0.008484023576573248
 0.007706977488282703
 0.001929299625964033
-0.0013865646471807325
-0.0019559316743940416
 0.0016516172459009743
 0.003565065061228931
-0.003103999332904367
-0.007131572747943012
-0.006296189272139555
-0.005803826268002979
-0.005253126448957077
-0.009129024145231451
-0.011793849563988046
-0.00906135286733304
-0.006398860348569228
-0.002686305161437412
-0.003015324511224264
-0.007924950567692046
-0.009642386112321051
-0.008921342793739892
-0.0036453609670379084
 6.252727490116405e-05
-0.005274124266702936
-0.00762159741235276
-0.005302125365255837
-0.003379343659542393
-0.0016922426860626477
-0.005332459650103316
-0.0080509549385765
-0.006011499603044389
-0.0040863844247345585
-0.00029915811451879104
-0.0002478214310967855
-0.004774757981759324
-0.006158506945106945
-0.00467208461491532
 0.0017986351811298262
 0.006829602385212609
 0.002923369545185371
 0.0012992729044113
 0.003397065054852752
 0.004815816679749556
 0.006577588776313238
 0.004087773802284644
 0.0027436938730753743
 0.00558119683656718
 0.007758327055285327
 0.011106860517382904
 0.01028547844976127
 0.0045614704571591835
 0.0012712743825745235
 0.0007882458414270321
 0.005751542340214973
 0.009375425568684613
 0.004428463950674866
 0.002340006263222484
 0.004120446140557163
 0.005464526642370009
 0.006827274924953851
 0.0032243935224551615
 0.0007649136921794239
 0.0024006782685389444
 0.0036840884828460915
 0.007032621944943661
 0.006523925205236064
 0.0017473070867615598
 0.0002865535277336295
 0.0009142579424598549
 0.0052988532373472105
 0.007597324031076769
 0.0017193068471140424
-0.0010411909480938647
 0.00023988579361691048
 0.001716974233423041
 0.0035860860694199026
 0.0008675907809467254
-0.0004018180251786005
 0.0020226602887551265
 0.002965383503991753
 0.004745823381326425
 0.001903654045245451
-0.0053091094638428385
-0.00856196997688553
-0.008685643738191525
-0.003369992877351201
 0.0009889342189760494
-0.002618614128715391
-0.00309930919726651
-0.0005301555823576456
 0.0008559274261899369
 0.0015583029640001064
-0.0029079632991567267
-0.005605457334262556
-0.0037270116078802
-0.001981573819491128
 0.0015069679983888487
 0.0007065871841345772
-0.004473721693512511
-0.006235493217472611
-0.004746737414684614
 0.001576973607789016
 0.005688552608900679
 0.0013599612289298749
-4.71224603814796e-05
 0.002025001491499867
 0.002753045227870142
 0.0031754040541155173
-0.0003341384445282383
-0.002378260152649518
-0.00032013703634641705
 0.0013646304645369492
 0.004531153064117402
 0.003828778098910808
-0.001127517409484441
-0.00360799849312754
-0.004226368444864695
-0.0005278140933111033
 0.0014136353931733237
-0.0037690069570701368
-0.00441304510736739
-0.0008241639678433568
 0.0023960285014536856
 0.005072521855795729
 0.002242019882696629
 0.0008209353578070358
 0.002986398213543316
 0.004580160283168114
 0.00840472215492586
 0.00795436223012759
 0.003656105993909635
 0.0020926796406412693
 0.002468369014959171
 0.007711682225311926
 0.010224832497907836
 0.004437820745203672
 0.0019083367370367338
 0.003184746533554751
 0.004799509856546917
 0.006127256050185152
 0.0031544122487072723
 0.002298028092140046
 0.004601165831062348
 0.005415548053498448
 0.006808631479835139
 0.003898791438459337
-0.002562593894596732
-0.006676505795701188
-0.007980916690772114
-0.004000012155057353
-0.0026442642902626337
-0.008365938810268345
-0.010270052162607225
-0.008501279648254416
-0.006622833921872066
-0.005521434570082043
-0.00913364986296623
-0.010774080811914916
-0.008501278216745463
-0.006326481470623688
-0.0026815969887866997
-0.003771328404991267
-0.009128981199962728
-0.01190581330334525
-0.012010819283880259
-0.0068095085802622295
-0.004112013972552821
-0.009196650473748604
-0.010650403614987418
-0.008529276738582236
-0.005848116439047438
-0.003253294625578468
-0.005654437640944865
-0.006398815112886182
-0.003680319251809415
-0.0010551622945875819
 0.003322432582510651
 0.0030564169928258764
-0.0007844786145028981
-0.0015055213604804815
 0.00019558044857750229
 0.006320946300359384
 0.00942446513983776
 0.004965199294470049
 0.004727185375941752
 0.007926376591871433
 0.010355521850997904
 0.011918948776869852
 0.008271731395040068
 0.006393286241261294
 0.008677756199412613
 0.010796549603221427
 0.014070411942235052
 0.012955012327470379
 0.008318402564778282
 0.006586966184571032
 0.007466685639705581
 0.012478985063017374
 0.014189420762460846
 0.007651030833724454
 0.00449617616972945
 0.00515188225561216
 0.0056069096982067565
 0.005970931709542798
 0.0019316909315222897
 3.2244524376154327e-05
 0.0022887128113709965
 0.0040248167093745665
 0.007030329699805264
 0.005284892484019775
 2.291206549961955e-05
-0.0018578665608755332
-0.0014378412072265298
 0.0034554511136702173
 0.005217223210233907
-0.0009804797194319786
-0.0032999511939253157
-0.0019675380550943297
-0.001155489305254602
-0.0016315174286129844
-0.00683982797741655
-0.009303974752885042
-0.0077148796284529815
-0.006181787846333886
-0.002536903364496891
-0.00352396198646103
-0.00809756798905105
-0.009518652513940636
-0.009161630920393724
-0.00423800345574412
-0.0025345681740897713
-0.008246908803709985
-0.009021621419404154
-0.006795488276162165
-0.004651026673793253
-0.002879920686844069
-0.005969438118140623
-0.006258788433789124
-0.003379282963562602
-0.0007191239173951619
 0.0035908002544082426
 0.0022443868526026006
-0.0019838652057241613
-0.003050261895964995
-0.002534564165864693
 0.002151049093954832
 0.002711082803386236
-0.00403265271383102
-0.005985768990693731
-0.004441009845592772
-0.0024948934139155873
-0.0008171263308213508
-0.0033489438115846606
-0.0032089351695004723
-0.00036443178821953665
 0.0008069717414616803
 0.002641081488512949
-0.00039943301825976635
-0.005990433072868569
-0.007945882822327662
-0.007182836997011777
-0.001253482843325257
 0.0007883059648032403
-0.00475369116528173
-0.00602076649881067
-0.0048400290787439584
-0.0036266230423280116
-0.003089924058860341
-0.007465184890758623
-0.008657589101203622
-0.00601843130840355
-0.003971975555082309
-0.0010551345233138082
-0.0033279365458796784
-0.008461575971599303
-0.010195345824402922
-0.009273623862533654
-0.00328593289393779
-0.0003130885198563346
-0.003761960730994378
-0.0021168622642493626
 0.002074054805139003
 0.00556259662301898
 0.00774672725952625
 0.004323523246948305
 0.003327130734598671
 0.005259246330697603
 0.0069066782700389975
 0.00995186029460804
 0.007063021506599598
 0.0015816946640203472
-0.0005347646945885118
-0.00014507448469236461
 0.006178636537781258
 0.00903014033685131
 0.004423865717912062
 0.003940837176764571
 0.005823949848339671
 0.007483049150662932
 0.008019748134130596
 0.004059845424386782
 0.002965447062989457
 0.004549875242228767
 0.005634940285844173
 0.007462049615106318
 0.0036374883159521545
-0.0027352250584417245
-0.005780406510407184
-0.005757071498141655
-0.00042275285653033817
 0.0013436861852260881
-0.003610275850572782
-0.004361653740303215
-0.0028402293211659824
-0.0019161738867003453
-0.0022801953254327975
-0.006937806341492252
-0.007994869141347595
-0.005782736833683855
-0.004142305312131576
-0.0010621211986169415
-0.003290587241851717
-0.00802753632618787
-0.009030929256326623
-0.007873526562223645
-0.0020281774220065538
 1.9440231400630337e-06
-0.005085025950652092
-0.005173697623012487
-0.002373530221062653
 0.00031229702366489254
 0.001626042381724889
-0.0026138770395837327
-0.0036522720586680893
-0.0008847732730674837
 0.0020997384639958455
 0.007245045825300923
 0.006923026893303187
 0.0031778036624257183
 0.002699442066470971
 0.004764565600563195
 0.011200283307662741
 0.013400748252344621
 0.008866811283892953
 0.008369781907167216
 0.009790867004660385
 0.01123061988292455
 0.011468634374056423
 0.0065776760983596375
 0.00426987198684816
 0.004955913216483726
 0.005564949850438969
 0.007821418137433804
 0.0050329186710694265
-0.00035506926765489777
-0.002420192229143539
-0.0016128104244965621
 0.003999191456083184
 0.004475220152045142
-0.0020375015781311373
-0.0033372455280093194
-0.002590534010868048
-0.0018508229115158994
-0.0016501439819259917
-0.0057173864311029915
-0.005799057685674264
-0.0027702099692798396
-0.0006444161476819102
 0.0028021231634633506
 0.0007370002019747093
-0.003558922561646874
-0.004144623897034794
-0.002730539217330741
 0.0030611400531697502
 0.004209208856887248
-0.0011974468626080662
-0.0015568013561477675
 2.2959877898791337e-05
 0.0016657248720474346
 0.0017007272472948226
-0.0031645628298418577
-0.0039906118426562415
-0.0018951531648111614
-0.00010071245189825079
 0.0029164679015143136
 0.00016063705149915036
-0.004751322477564997
-0.006209742563996569
-0.0046556495285101085
 0.0016540606583852688
 0.003016808940969111
-0.0016828045818250634
-0.001463457871464173
 0.0006646694227301353
 0.002571116820268962
 0.002883802434484793
-0.0011017684738191397
-0.002231168924162051
-0.0013981189209549688
-0.000994427875480583
 0.0004849940369219194
-0.0030572170780710575
-0.008998238022135872
-0.011653729550506971
-0.010713339807866717
-0.0049566626263118155
-0.003729255754317637
-0.008790557529549683
-0.008825559332193495
-0.006193401957182536
-0.0034469044249492917
-0.0017504695610840587
-0.004475965267346366
-0.0038809294689693616
-0.0007680767391054916
 0.0012877129046012306
 0.003693523437763975
 0.00016297968575285093
-0.005523692745307257
-0.007677487665458088
-0.006844437662251002
-0.0010294236657867745
 0.00012331208312346686
-0.0049379896921085895
-0.004613636714910892
-0.002135488531260589
 0.00037532826873895586
 0.0017497439143046578
-0.0014121111674794684
-0.0009244151085356436
 0.001553733075114673
 0.002921148302891252
 0.004869598207164809
 0.0009680323123303219
-0.004149272805214682
-0.00578503680897062
-0.004706972183144337
 0.0010310372176395785
 0.0011057086270253105
-0.004671969235293359
-0.004786309106213867
-0.003152878002450711
-0.001580117186193268
-0.0011180893258095487
-0.004713970310519122
-0.0050336557699204795
-0.003325553543073387
-0.0016897889667138594
 0.0007790253265509556
-0.0015381126753460095
-0.004006926396007242
-0.002835522866326018
 0.0011990515391053294
 0.009370872857906665
 0.0117673495006839
 0.00803846057798105
 0.008439818150859063
 0.01007091578202584
 0.0115900067285667
 0.01108130998885909
 0.0066547127598406
 0.006734051114419083
 0.009349874181255428
 0.011739350406243548
 0.014821867992354562
 0.012138374792826978
 0.008059464980668118
 0.006930064530325193
 0.008346482682625625
 0.014026155268500193
 0.013606130487454786
 0.00762077356405888
 0.006694385229600447
 0.007056073768340103
 0.007672110820084468
 0.0061623543365326855
 0.0004756819054725775
-0.0015777736930341901
-0.0015801068793287742
-0.0006817196434232356
 0.0013017323497959213
-0.0017061135406275588
-0.005278659799373406
-0.006268051893933917
-0.004347603660816844
 0.0016260864722007773
 0.0012177290541372232
-0.004027917056208315
-0.004170258598285306
-0.00309686091765176
-0.001729445689875174
-0.002263810628142883
-0.006186377776344731
-0.005759352004906612
-0.003379209670303987
-0.0007493857678894031
 0.002235125969173926
-0.0009500638385739266
-0.005140980335358709
-0.00681874684584937
-0.006011365041202393
-0.0009150606044211612
-0.002312810403347014
-0.008270165655586442
-0.00820249466398982
-0.006709071916009075
-0.004711619087211676
-0.0049239648071798675
-0.008907202242887411
-0.008636519135406313
-0.0066554006147835285
-0.004394265382595942
-0.0021284632052156055
-0.0058270169841656075
-0.009798587056891291
-0.010465959933152288
-0.008433505015409286
-0.0033045319622788324
-0.0048096215006378645
-0.010423956281210393
-0.010031932598717881
-0.007584119558820421
-0.004298589856824929
-0.00301284616992141
-0.004844621871772717
-0.0021867962982016487
 0.0020554571683069206
 0.006377048703092199
 0.010448958670065518
 0.008598515187443229
 0.005856685173006311
 0.005480996371291992
 0.008080485129953713
 0.013781158969195649
 0.012336739718342322
 0.006437721281012235
 0.005558002398481261
 0.006272045299273311
 0.007914810293421948
 0.007301107286877551
 0.0034952137684943763
 0.004115917765431479
 0.006458724538492139
 0.00883419992790202
 0.010502633120610776
 0.006139039651694357
 0.0014044240399545826
-0.000525357510944402
 0.0005363728067072776
 0.005436665545393141
 0.0042139261911952886
-0.0002593404897506743
 0.0013904249221870918
 0.004206926632311536
 0.007016427924646872
 0.006965091813828442
 0.00328987276084218
 0.0035535554505341585
 0.005261657677381265
 0.007079433116257902
 0.007975486879567076
 0.0029958566452081004
-0.002189119177631746
-0.004277576865084114
-0.0031061733354028967
 0.0005970479613434387
-0.0027164828392049617
-0.009422882794880228
-0.010234930972116373
-0.009282873866494245
-0.007854788351211953
-0.008531495117858438
-0.011366664036150293
-0.009385545515527508
-0.00608134803276103
-0.002690812063928724
-0.00020566346248929862
-0.003801544447198865
-0.007108074829958146
-0.0076354393504367325
-0.005119955605244454
 0.0005060471109135378
-0.001209054961119095
-0.0059040015387205255
-0.00515262307638651
-0.0038178764649591523
-0.0015917433217171595
-0.0022101132734543144
-0.005978671230295517
-0.004783932974650559
-0.001762085676045251
 0.0020671431409052324
 0.004731969132265416
 0.0013484341538258227
-0.0016944138255432575
-0.0024784603316229253
-0.00031066400329026606
 0.0040809317093861985
 0.00121776111993787
-0.0036008595052713505
-0.002581131694354394
-0.0005510102492077701
 0.001257431299283386
-0.000448336882363759
-0.004711591029636114
-0.004520245990431701
-0.003148163817462371
-0.0013257214333929762
-0.0004273341974874445
-0.005238954404907535
-0.009026180142519727
-0.009231525444698789
-0.006006666030209003
-0.00032465997173805605
-0.0019814252288613554
-0.00592732710302693
-0.004800259552676808
-0.0033395054210452815
-0.0012300459076219697
-0.0027444693363664896
-0.007143064894228505
-0.006125670555907924
-0.0036568562626431086
-0.00024765251303981994
 0.0023285015196581674
-0.0007820171650057411
-0.0021494318201787377
-0.0006606760173907406
 0.003931598338573844
 0.010623998031274458
 0.008647547028448006
 0.004447296641277729
 0.005119337035335056
 0.005863715079879948
 0.007406140752384542
 0.005308349174546673
 0.0011781029652676023
 0.002109158817522362
 0.0039105999482243956
 0.006713100822770601
 0.007602154168290652
 0.0018454775593393369
-0.002662791210552219
-0.0038435280580153552
-0.0009383543892287141
 0.0046269780394235585
 0.0026365262010188684
-0.0006396690379875461
 0.0015141264547668606
 0.00388726837158037
 0.006479756712452975
 0.0049023295236063705
 0.0008327536018330056
 0.0014324563454027536
 0.002629528073644083
 0.00468298424475444
 0.005352691166215388
 0.00015604798039368234
-0.003610176503851148
-0.00419821131183544
-0.0013397070949762724
 0.0029492158234597707
-0.0012953705430415949
-0.006884037125054025
-0.006671690832482261
-0.006260999369218749
-0.00494725401115876
-0.006744027624064456
-0.010276904848671945
-0.00899116116176843
-0.007882761392189283
-0.005465283496044686
-0.0039088569879618534
-0.008029769306855436
-0.00994788349477255
-0.00856646743141773
-0.003589170097051536
 0.002839547192258887
 0.0009027652235707867
-0.002637112418825832
-0.0010456838217973996
 0.0011011112531678913
 0.003744935991160714
 0.002029833919128074
-0.0017270566747312546
-0.0001449619680883238
 0.001717149450119422
 0.005278028918486971
 0.0075228298424999465
 0.0035092572630395433
 0.0013857974866415684
 0.0011594509310951448
 0.004290971441729997
 0.009046588879440716
 0.005103020477871513
 0.0004384090440229388
 0.001357797533295832
 0.0028348859731019693
 0.0049723471576817654
 0.0037542747486766642
 0.0017964915266211953
 0.004486985716541485
 0.006321095463592739
 0.009331275399216181
 0.011153717783285569
 0.007084141861512211
 0.005140359475034981
 0.005964075587856575
 0.01044901020438798
 0.015745993284457326
 0.011557410260268922
 0.007275488332225577
 0.008733908991260725
 0.009548291213696818
 0.010542350826053669
 0.007074810834144629
 0.0024662027426090166
 0.003450928464580366
 0.0036796090653267513
 0.005828737612888414
 0.006913802656503827
 0.000746434870590798
-0.003444481626193978
-0.0045178787342239415
-0.0011880130528973479
 0.0042256436569906575
 0.000139733427042682
-0.004657885944799177
-0.004473541323383887
-0.004996238898669736
-0.004326531977208781
-0.007385714264752475
-0.01089058981820349
-0.007843074321038073
-0.0049705692686006706
-0.0009149936098019548
 0.0014068119098913368
-0.0029007782167121132
-0.005313588595060391
-0.005278586219812996
-0.0009173256508893737
 0.005394718008602382
 0.00251988005617218
-0.0004902993068476719
 0.0013204757142398493
 0.0024778784083428346
 0.0043376563539542015
 0.0012481389226576545
-0.0031294553818370027
-0.002284738015648047
-0.0016196980393798494
 0.0010824635135223068
 0.0016121620792008615
-0.003988171865793443
-0.007045020680740761
-0.007369373085334873
-0.0032904627005724274
 0.0019341827290093386
-0.00207005596006557
-0.006132631464049819
-0.005098902817554624
-0.004249518506172931
-0.0019230460412868813
-0.003192454847412207
-0.005894615827710774
-0.0036054789243667104
-0.0014166813426666966
 0.0024965524877532327
 0.004575676857423702
 0.0002237507514891504
-0.0017480333061445502
-0.0007446398034022111
 0.004132318209319925
 0.0098469928841401
 0.0060177646397931925
 0.002258540573337485
 0.003961975854991834
 0.004986370611101534
 0.0062721142980050534
 0.002673899840699108
-0.002077050079215284
-0.0013793414865978515
-0.001166995194026084
 0.0009447977919936068
 0.001451161631708421
-0.0042098426007915815
-0.007353029901804725
-0.00774738648429003
-0.003722145969244181
 0.0017241793569930594
-0.0019230380248367249
-0.005164231174897546
-0.0034444615850685797
-0.0018413656250582805
 0.0005784457436826956
-0.002077045784688411
-0.005507250215055472
-0.003799147988208372
-0.002273056623878396
 0.0007791258184797617
 0.0009448026591240624
-0.00403482757523492
-0.006111617899705421
-0.005558584608063147
-0.000613955890046182
 0.00483003596359468
 0.0016635139366178095
-0.0009266403590548408
 0.0009168032783819155
 0.0022958858691403614
 0.004326007314286992
 0.0018711944292039914
-0.0015030066588501076
-0.0003292696565725117
 0.00025409877882262566
 0.002736913907665686
 0.0030449325766887594
-0.0023103867456863297
-0.0050848853764724825
-0.004965877987755642
-0.00025459652937602495
 0.00493738028385652
 0.0012948298472194794
-0.001699015207625762
-0.00035726817840928127
 0.0004221119550812183
 0.001845530525170759
-0.0009429689411936254
-0.0035354567094626477
-0.0008402955743496143
 0.0012108271241643709
 0.004589695730014803
 0.004935049960579849
-0.00037826685506051755
-0.002718739582921223
-0.0024947259273675818
 0.0018665346415560405
 0.005917443355161998
 0.0002821073212221012
-0.004060484894326949
-0.002921749980994953
-0.0016710083830370343
 0.0005131222534702357
-0.0018483517277578312
-0.004627517303736721
-0.0026557326734994308
-0.00042959953025744485
 0.004258347202158445
 0.005530090053483726
 0.0009471501605082186
-0.0013979895125452238
-0.00184368249215075
 0.002167557187316864
 0.0058684450114668205
 0.0009354842290353049
-0.0023710461537239658
-0.0013279836168432757
-0.0009219590987725179
-0.0002615860676970644
-0.0037104582788351145
-0.006648299991367394
-0.004275158074553885
-0.002058358821697394
 0.001908544878439132
 0.0031429521682224265
-0.0012859785333924345
-0.0030804186737017625
-0.0026510594296672713
 0.0017638710089729337
 0.006227804372136984
 0.0018898791017806782
-0.0007142760294702108
 0.0007418111569685651
 0.0010568302437807611
 0.0024055776907863577
-0.0007446100280158949
-0.0033230969607066854
-0.0006979400034848454
 0.0008468191416161203
 0.0046013768354826595
 0.004970065792011445
-0.0008822831933911757
-0.0037431203102431324
-0.004419827076889621
-0.00021257569932664477
 0.003716992439267902
-0.0019720134643885848
-0.00514786938175095
-0.003841124441480069
-0.003197085718579233
-0.0015636546148160776
-0.005131533928369174
-0.007915366449540807
-0.0053672140879992974
-0.003444432382285846
 0.0011571758640642263
 0.0022259065995050217
-0.002695386819944627
-0.0047161738021021665
-0.004517828345108638
 0.0008701601662192623
 0.006456493848238903
 0.0035256525534957395
 0.003131295971010431
 0.006659506823028759
 0.009146988897064563
 0.01209416507258592
 0.00976769318030346
 0.007415553089460895
 0.009452674952396642
 0.010703416550354554
 0.013897940821091491
 0.013351908519841915
 0.007644234835414446
 0.0053340972513065965
 0.005511441454932764
 0.010059379831566254
 0.013554922067235353
 0.008313942902082552
 0.005026080300094271
 0.005658451660013247
 0.005961803383843577
 0.006948862578411305
 0.003408984936014693
 0.0001701252585502508
 0.0008584999607821817
 0.00034046933068908325
 0.002011235995994204
 0.0005854845259118738
-0.006109248066781536
-0.009086758813452164
-0.00959545555315977
-0.005927236345359035
-0.002660374424134533
-0.007990025547949513
-0.010307163549846482
-0.007929354687840222
-0.0064079302687029965
-0.004338139789418022
-0.0070333003519274795
-0.009077422060048756
-0.006498934554754386
-0.005000844861580894
-0.0018086540634403292
-0.002273014823816845
-0.007719339577450496
-0.00920342786244217
-0.007948019319291504
-0.0022403450622604515
 0.0024872707042937897
-0.001992996394441289
-0.003939112253514884
-0.0018623213564408006
-0.0009662675931316339
 0.00025647233366980077
-0.003131729589962537
-0.004888834168729893
-0.0016733086446255943
 0.0004734864303396896
 0.004228044124206236
 0.0034159959469700907
-0.0032344006663922176
-0.00670894107609037
-0.007030960008088106
-0.001981325023234337
 0.0029002999346805364
 0.00014213561206900815
 0.00015146978875629075
 0.004095038762929083
 0.006629190288892348
 0.008589307556147771
 0.005516124433025835
 0.0033226604787366595
 0.005971152161922226
 0.0076465857724200975
 0.011263468583100608
 0.011543485580967211
 0.0067715344076854506
 0.004862754110153834
 0.004659742280571137
 0.008869327130730492
 0.011872506648564804
 0.006045825861722295
 0.003061314697262549
 0.004090376398564993
 0.00460374065606893
 0.005919819486725299
 0.0026342903573333895
 0.000622837265561331
 0.0035980151122391724
 0.00531545122947176
 0.008703653725707687
 0.008304630198029628
 0.002652959855915127
 0.0011292025367850983
 0.002025256300094272
 0.007319905907567231
 0.011804840524098643
 0.007074891857551613
 0.005107774745110656
 0.006687535979157215
 0.007247569688588619
 0.008362969875956881
 0.0037706960925958793
 5.347453287489479e-05
 0.0009565287139731773
 0.000996198034413323
 0.003472012745467254
 0.001796579707572972
-0.004951822754837028
-0.00799700420680248
-0.008615374158539635
-0.004156107740568328
-0.0008169081688562535
-0.006267899867682648
-0.00873904706094026
-0.007380965723549165
-0.006452243343890773
-0.0048771490550369515
-0.008400692389258956
-0.011035182664262694
-0.009180071663844078
-0.00791766270290429
-0.003913423441225798
-0.0036684085323048024
-0.00854536597242335
-0.010146127887233694
-0.0101461276009319
-0.005465181286305132
-0.0016079507981981572
-0.006447572676774739
-0.008139340022843635
-0.006032213982016692
-0.0045481251244214385
-0.001971971091723451
-0.0042424396416929425
-0.005257499934813573
-0.001514609603928893
 0.0009425373263540551
 0.005455473614041945
 0.0053714688868742935
-0.0001191918460904523
-0.001675617781569702
-0.0017082861116171355
 0.0025409677726805635
 0.005387804626557871
-0.0009965761108178747
-0.0038504128098807225
-0.0026533410816393863
-0.0016826161952462754
 0.0004921805508754998
-0.0025950034078246823
-0.004324106315435554
-0.001484269879347376
 0.0002845026350054361
 0.004617761532772567
 0.004400748867611638
-0.00099190601630543
-0.0022449805142561313
-0.001131913799484248
 0.004610762546492411
 0.008913686300506693
 0.004921114974413651
 0.004153402776508601
 0.006528878165918482
 0.008122640235543287
 0.010120093064340682
 0.006293198292590153
 0.003213014751679094
 0.004753106951587309
 0.0054951515235358295
 0.008937023889488346
 0.008325654355540307
 0.002610980253323722
 0.0008515422019599872
 0.001138559617615706
 0.005625827706743483
 0.007935965863454915
 0.0016145888861812466
-0.0009989001354551372
-4.6843029833008865e-05
 0.0005061902618092723
 0.0012879038678961369
-0.00269533356781141
-0.004620448173517651
-0.002265974037475124
-0.0004575324889839749
 0.0032480222803587325
 0.002046284179528235
-0.003852734257801853
-0.006060199047669267
-0.005803516775766404
-0.0007702160990872564
 0.002412640808667814
-0.0030873538146824267
-0.005164144139152942
-0.003367369953643652
-0.0019252836027831219
 0.00018884285583294774
-0.00255298715860397
-0.003892400142620489
-0.0010782319050924166
 0.0005178636371287598
 0.004043741016550709
 0.0032666949282601707
-0.002720995467732107
-0.0055841660571804355
-0.006020525146400467
-0.0018716105837468244
 0.0006742083051983136
-0.004907457859024994
-0.00716392557341625
-0.00581517812641065
-0.004963460342432578
-0.0028399999934310208
-0.004795449742890111
-0.0054184866398200165
-0.0019532795479037662
 0.000625207957390593
 0.0057868496268702815
 0.006556895869975286
 0.0020486271000837303
 0.001038233752155844
 0.001845615556802828
 0.0068859166512710915
 0.00991243089506915
 0.004848795647240722
 0.003469713629085859
 0.004818461076091456
 0.004844129560953356
 0.005065809743910611
 0.00043620039900764407
-0.0022986291976401507
-0.00015883454046398265
 0.001019569407006364
 0.00389207445944377
 0.00218397280520026
-0.00451075978749315
-0.007432267191850819
-0.007691282363746475
-0.0032203485827933045
-0.0011528915761047087
-0.007572274402426055
-0.009842742952395556
-0.008344653259222058
-0.007446266023316522
-0.006370534870086604
-0.009943081128832444
-0.011361832181125658
-0.008816013292180524
-0.0071755817706282525
-0.003369687679641499
-0.004053394864077096
-0.008967687865737622
-0.01078546273201069
-0.010591784220209906
-0.0051781275103219004
-0.002116611177578241
-0.006883895405667251
-0.007030903892936976
-0.0037197059923813752
-0.0007701963442636461
 0.002060306201439044
-0.0002054954033377035
-0.000557849479088296
 0.00272067980511808
 0.005583850967169998
 0.010507478431819602
 0.010820164046035419
 0.007564970060396366
 0.007847320530859327
 0.01007345367410132
 0.016131148820588373
 0.01888931371580349
 0.0132889797708092
 0.011177187357393085
 0.012735947338072297
 0.014124363819216237
 0.015053086198874632
 0.010652157168416249
 0.007702648092902102
 0.008514696842741823
 0.008456360314134284
 0.010348806876094872
 0.007751652162633106
 0.0011759266723547351
-0.001138877856945851
-0.0008798621124466166
 0.004099768694515948
 0.0064402419949802295
 0.0005272227220719031
-0.001507565095663889
-0.0009545318040216078
-0.000788854963377307
 6.286282060076476e-05
-0.0034210114794828786
-0.0040417149038164055
-0.0008308563249048578
 0.0010849249630194707
 0.004636470541001532
 0.0029027006881979026
-0.003042987201059645
-0.004874762902910952
-0.004151386111733414
 0.001271604488540086
 0.0031407163245369477
-0.0038690350686668637
-0.006484857562899619
-0.0063658501741827925
-0.006734538558107989
-0.006284178060706136
-0.010675773200779025
-0.012624222532449002
-0.01059643455989875
-0.008890665805648026
-0.004361395209785519
-0.00514544171586518
-0.010556764380553238
-0.012544882746361553
-0.012596218857179979
-0.007483580112224129
-0.005147773756952599
-0.01095345329042775
-0.011819171337380481
-0.009527700961440039
-0.007565250221588247
-0.005003097024468488
-0.007037884842204283
-0.006207168311593569
-0.0015098876887921844
 0.0016473010204027805
 0.006211573705210881
 0.005273518007770581
-0.00014480507470659987
-0.0014585498601630137
-2.346392709159928e-05
 0.005919891062173166
 0.009000075175687808
 0.004396134029344939
 0.004146452747834782
 0.0067179398353400255
 0.008419041644398002
 0.01003147149479379
 0.0063679198047893945
 0.0049024993005687065
 0.007555657928947024
 0.009025745950964031
 0.012906311165034746
 0.012091929515202222
 0.006293250399516198
 0.004078785191859655
 0.0038291039103494975
 0.007364315180156941
 0.007186971549134363
-0.0010991893542856845
-0.004018363286046975
-0.0036263396035544626
-0.0035633355571505904
-0.0029682997587735863
-0.007397230460388451
-0.008878985272783746
-0.006340166801627731
-0.004947083375291039
-0.0011015202501659382
-0.002048909837991726
-0.006916533387724789
-0.007632909188509621
-0.0058291345852112195
 0.0006509191012194285
 0.0033624145445070724
-0.0026486105774489385
-0.003815346589333836
-0.0016895527677358996
-1.6452629834406984e-05
 0.0018269910076023493
-0.0018645623535585298
-0.0033043146592191056
-0.0009498405231765858
 0.00039423997863626686
 0.004363477151369165
 0.0027137123120349813
-0.003654334117166154
-0.005873466270015441
-0.005831463476978924
-0.0004878109449821186
 0.0018433284650966747
-0.004382376135725688
-0.005894466091873836
-0.004387042508314856
-0.002863284616581245
-0.0009288355478859339
-0.004226032040259717
-0.005234091915591224
-0.002849282635795841
-0.001243853203189177
 0.0027440517503147105
 0.0013953048759126896
-0.004081355021473818
-0.0053904328617374875
-0.004387039358995148
 0.001264631555722949
 0.0035000985893504297
-0.00255992945712942
-0.0031642985732883364
-0.0005904780131867141
 0.0011176242136603787
 0.0029820691044644965
-0.0008868281740207623
-0.0023382478426632047
 0.00025890744340214406
 0.0017009937942626813
 0.006127591595884753
 0.005859242533603613
 0.0007909403405824411
-0.0009241617314501918
-0.0008728250480281932
 0.003850123773333304
 0.005180203439567911
-0.002366246650801769
-0.0051150770830278094
-0.0038246664509315464
-0.001743208608664705
 0.0011596315875255572
-0.0011691737773532676
-0.0015448625790675935
 0.0010896282685397343
 0.0022540313804318354
 0.005077533508345403
 0.0022423645900535513
-0.004571375105054898
-0.007422878331521367
-0.00772622948274811
-0.002366242642576691
-4.2103650287020344e-05
-0.005810447622220202
-0.006935181127370373
-0.0056937734197979525
-0.005012399135355131
-0.004683379212964703
-0.009579004433854236
-0.011023423684707562
-0.008078580981782574
-0.005318082613971084
-0.00038512125893599286
-0.0007608100606503118
-0.004319355483817913
-0.00381065817150672
-0.0008704824137744857
 0.006932650234799859
 0.010586868607022341
 0.0056679086601690715
 0.005278219022876507
 0.007754033733930445
 0.010120175232954831
 0.012143296260312339
 0.008071386865942595
 0.00621394296553119
 0.00823239704769594
 0.009625480474032638
 0.013111688819316243
 0.011286913535254059
 0.005569905960441088
 0.0033064378282607193
 0.0027930741433603717
 0.006822981603598968
 0.007523023668812773
 0.0004619358784887437
-0.0019345401916849095
-0.0018878704534556548
-0.0021445521527549347
-0.0018902033534484441
-0.0058967755151197315
-0.006265463899044935
-0.0027955898619359404
-0.0003221086234783746
 0.0037288000901275903
 0.0016100072589223524
-0.004293678123600472
-0.005899106983603568
-0.005061390035203735
 0.000622949495863584
 0.0026694052491848252
-0.003049935798224518
-0.003297283607138296
-0.0004387793902791287
 0.0020160340674074476
 0.004368174730853595
 0.0013486614774482486
 0.0007069567997473672
 0.0032924447228308423
 0.004762532744847864
 0.008164736076662023
 0.0056912554108080465
-0.0007374613058988011
-0.003108269177512349
-0.0028935894123442094
 0.0027907501187231162
 0.004636527228756238
-0.0016545146047645745
-0.0032949455537132633
-0.003066264952966878
-0.0026602404348961273
-0.002233214663458001
-0.007425190904086963
-0.009469312612208243
-0.007985223754612983
-0.006662144506167495
-0.0027862462372895344
-0.004620355411737213
-0.00946231076291016
-0.010267358522357186
-0.008979281362857292
-0.0024058887725717237
 0.0005412874029496403
-0.0038526412097196275
-0.0030172577339161663
-0.0006324484541207973
 0.0008773086020345683
 0.0023707313500153163
-0.0013091546481636962
-0.0016288401075650605
 0.0018246996213693231
 0.004300514332423261
 0.008605771559033921
 0.00671099209708053
 0.0011013242617007452
-0.00028242470164686895
 0.0006346303150296523
 0.0066993258793058355
 0.009086468631697583
 0.003661145131431294
 0.0030171069811340268
 0.004580533907005982
 0.005558259211188209
 0.005819608428283822
 0.0006579673314077161
-0.0016031673281762804
-0.0007187809278489873
-0.0007281145319326873
 0.0017430332339284996
-0.0013931536492955143
-0.008225561125174953
-0.010610369832366743
-0.010132007663808413
-0.004309993249555062
-0.002097860941891322
-0.007198831751261712
-0.007058823109177513
-0.00506837069816924
-0.0036402851828869418
-0.0021888649416409237
-0.006125432925421004
-0.007966542517657802
-0.006869810111060522
-0.005560731698193273
-0.0014538196422743468
-0.0023988757575037767
-0.005637735434968219
-0.005035699218802099
-0.002615887850061123
 0.0043728628623789095
 0.006781006868138019
 0.0013696842034499612
 0.0007443138339236974
 0.0022004010203624663
 0.0035724831933318033
 0.005247916803829668
 0.002317075509086511
 0.002741767807928258
 0.006169639338302529
 0.00851011263876681
 0.013020715453858328
 0.011438621319818973
 0.0064986601195983415
 0.005614274291874624
 0.006367986226805011
 0.012019657141523109
 0.013811764381839647
 0.007964082341629777
 0.007259373903826805
 0.008538117172941208
 0.009627849161749358
 0.01053790376063677
 0.005800954676300617
 0.003999514118202166
 0.00527592391472019
 0.0058289572063624714
 0.008841470614582278
 0.006437994126619502
 0.0012553517763760416
 0.0001096170178585057
 0.0014070280677438984
 0.007530060446929408
 0.008979147215579061
 0.003231804497013241
 0.0027977788803895884
 0.004085856039889479
 0.004811566303663389
 0.005210590403945024
 0.00037096852536844943
-0.0013884695259952853
-9.80588938990154e-05
 0.00010962045348000132
 0.0022867506721981554
-0.001593813969268977
-0.008799577060568147
-0.011611411252896268
-0.01171875070602765
-0.006279425797579535
-0.004505986338033979
-0.010468008535466145
-0.011366395198768104
-0.009823969526263514
-0.008143868970572898
-0.006587442462490066
-0.010379335145295005
-0.01074569005662383
-0.007877851949379167
-0.005528044758529388
-0.0010221088886306282
-0.002734877488066882
-0.0075768328392398394
-0.008269873914060935
-0.0061184118939029
 0.0013463672281973024
 0.00487457808021563
 0.0012413615339640846
 0.0025457730016385863
 0.005833636176230464
 0.008857816947432137
 0.011368633747431675
 0.008587134698856413
 0.008853150861144764
 0.011669652571269222
 0.013018400018274812
 0.015809233529839158
 0.01255637301679647
 0.0058989759856450386
 0.003112809991877026
 0.002993803175763775
 0.007422734449982218
 0.007539408366102687
 0.0005249900277061251
-0.0015307990433970214
-0.0014561276340112894
-0.001764145730430773
-0.002429185134095402
-0.0075441567790440305
-0.008503213729851699
-0.006015731655815891
-0.00453397627081701
-0.0013347850548873288
-0.00423529120587763
-0.009697950267685905
-0.0107853482112941
-0.00946226896284861
-0.003194561282687941
-0.0018388134178932286
-0.0073481419316289605
-0.006939783940961831
-0.004760320249647308
-0.0029705464819271485
-0.0018948153286972302
-0.005892053599983023
-0.006312078381028437
-0.004043942731051735
-0.0022705032715061788
 0.0012927096694577492
-0.0016614663512491412
-0.006900112043805574
-0.008017845131166622
-0.006461418623083796
 0.0001469760561473854
 0.0012437084627446582
-0.004641309139007191
-0.00499833015995052
-0.0035305756105298847
-0.002032485917356386
-0.0014771191531177327
-0.006085727244653345
-0.007331801324814938
-0.005843045522026934
-0.004335621938467947
-0.0007000713470164399
-0.002776861671486955
-0.006937443024518878
-0.007156789162276186
-0.004291284527627892
 0.0035118481209464453
 0.00584065405842886
 0.001113038864478201
 0.001554065471494566
 0.004032213655144869
 0.005859322984407014
 0.00648702739913324
 0.0027184694422920375
 0.0023777827295233256
 0.00494693634443219
 0.007049395440066393
 0.010757283682005465
 0.008470480823861357
 0.003182832206781089
 0.0014163937376282451
 0.001901756323975691
 0.00713340217134658
 0.007565094887977443
 0.0015564032386178109
 0.0012763868133547907
 0.002272779898308014
 0.002620467601469438
 0.0019764294511721778
-0.003749912014026281
-0.005579354243281209
-0.004396283350618119
-0.003467560970959724
-5.135680356732619e-05
-0.002055809477550255
-0.006029713022872307
-0.006020378846185025
-0.004025259489984001
 0.002373122655573566
 0.003453520753996235
-0.0021164780472452127
-0.0018201267412039993
-2.8019500887467574e-05
 0.0018177576091456676
 0.0030731661522963236
-0.0010010767146697852
-0.0011247504759757873
 0.001649748727413948
 0.003873548398059555
 0.00792912405685827
 0.005483645062160765
 2.0986000352503364e-05
-0.001957798475070327
-0.0013324275329404736
 0.004176901553398844
 0.004652930249360802
-0.0016334446389672588
-0.0023918229464868143
-0.0010080734105356107
 0.0005600204605290815
 0.0018947670719564394
-0.0016777791867894007
-0.0018877914341612068
 0.0008353713721083039
 0.003259849686042031
 0.008232480075215466
 0.006407704791153289
 0.0006906972163403177
-0.0007840571782658581
 0.00035234426246976563
 0.006711057373888989
 0.008113474690611175
 0.002139785130197143
 0.002209789594390131
 0.0037358809587201072
 0.004916618378786819
 0.005245638301177261
-0.00023102159620923962
-0.0016637734840807064
-0.0006183774746036375
-0.0002123529565328866
 0.0031455143959501913
 0.00043868647045886694
-0.004407935825906824
-0.005147646352655397
-0.004120918123949317
 0.0014934172292267942
 0.0013534091597461884
-0.005938692417618803
-0.007098428011714574
-0.006293379679663973
-0.005245650197590539
-0.00491196333000736
-0.009716583119638331
-0.009879925915082678
-0.006818409582339022
-0.004377596960230691
 0.00030801629958883414
-0.001722104572954207
-0.006767072040011642
-0.007842802620637971
-0.007156761391002412
-0.0013347469767490613
-0.0003360204191994731
-0.006512722095497983
-0.0063377113644681946
-0.003934234303901829
-0.00126707483994528
 0.000872719817230895
-0.0019577821558682124
-0.0008097133521507219
 0.0023661431378152187
 0.0043892641651727266
 0.008027148229220599
 0.0050216358113934975
-0.00042468894224016035
-0.0017290998373110794
-0.0005880314513827187
 0.005376324791249415
 0.006608398608436344
 0.0018527817433292085
 0.0031361919576363556
 0.006011030482670134
 0.00860818576873549
 0.010264951598462371
 0.0063517183406460245
 0.005563004889373613
 0.007156766958998417
 0.00774246886698992
 0.010327956790073409
 0.007175435598674777
 0.0011994125656643734
-0.001430410764146628
-0.0020604480788656426
 0.002531826277098935
 0.0030265227538318826
-0.002508473958463958
-0.0022541251591574676
-0.0009683814722539555
-2.099131182457109e-05
 0.00024502485046378614
-0.004557261466570824
-0.005133628911573249
-0.0032295149866307937
-0.0023964649834237045
 0.0008820643007826715
-0.0017664268097993124
-0.006652718140303358
-0.0066900534155435384
-0.004204904814104113
 0.0030405278839369942
 0.004704294131452999
-0.0012157255592444502
-0.0016497511758681027
-0.0007093614332278411
 0.0005297128017482042
 0.0011924193054200366
-0.0034745256010249165
-0.003819879258986379
-0.0013300637123542097
 0.00042937491161310765
 0.004083593283835604
 0.0013090946530494516
-0.0041698987169334276
-0.005441640995655125
-0.003717204460633408
 0.0026881781027132817
 0.0035375624140949816
-0.0020674384760920664
-0.0015004043488715396
 0.0006930601780212112
 0.002228485432736682
 0.002788519142168079
-0.0018760922916804881
-0.002902819947782985
-0.0005880148458788093
 0.001507443831966264
 0.005747363825878475
 0.0034208919335960153
-0.002011431984459397
-0.0028934843395867424
-0.0015750720363339951
 0.004445287548611093
 0.005985379748519308
 0.0008494068502033145
 0.0017874631202471972
 0.004368284098137935
 0.006638753220711016
 0.008001501503294858
 0.0036892444314986575
 0.0031152104590926044
 0.0052946741504071165
 0.006699424939725682
 0.01043764832541761
 0.00809950907015329
 0.0027418562751818157
 0.0012437671546119064
 0.0020814841030117395
 0.007558144573001829
 0.007434470811695827
 0.00037571649396818396
-0.0003546601423948942
 0.0005483940387033953
 0.0015961235207768293
 0.0021444898672263596
-0.0025574571281641867
-0.00296114760103499
-0.0010360324227251666
-0.0006790108291782546
 0.0014864520265580328
-0.0022774389850904256
-0.007831103478157252
-0.008531144970767478
-0.006606029792457651
-8.397359929229742e-05
 0.00044572496638625725
-0.006438018906613399
-0.0073644072410718325
-0.00637268110131136
-0.00511727255816069
-0.004440565218910626
-0.008421469182021801
-0.008311795683690466
-0.006017991835153648
-0.004575905484293111
-0.0015587251308805533
-0.005112603608855404
-0.010929950505312428
-0.012015014976324252
-0.010183238701869365
-0.0032598252221277824
-0.001129364455337109
-0.006076326073346856
-0.005842978527407734
-0.004883921003996483
-0.004235215335902896
-0.003600510503387548
-0.007954770081918468
-0.008346793191807398
-0.006227999787998595
-0.004333219753441621
 0.00037339475974525194
-0.001381376346425725
-0.005196603755194394
-0.004666905189515846
-0.0021630888073054244
 0.005042674856597325
 0.006522096768999841
 0.0015938029317610694
 0.003231900980716969
 0.005927062115830002
 0.008664225757677758
 0.010766684853311954
 0.007371482511890494
 0.00806919110450792
 0.010432999130935934
 0.011763078797170548
 0.015412630224200294
 0.011861085218821808
 0.0062840859997912515
 0.00574272064373442
 0.00734348313114834
 0.013235501723292888
 0.012904148900909664
 0.005500040638918749
 0.00431930379145562
 0.004515315775852777
 0.004652990945340593
 0.0046436573412569
-0.0002496344070362713
-0.0014723737612341234
-0.0004153103887752016
-0.0003359720341967118
 0.0017571531710519894
-0.0019017315737596546
-0.007292052985080354
-0.008155437559436707
-0.006407666298451263
 5.371960720838842e-05
 0.0010127771306196326
-0.0042678710686715055
-0.0032271420043871943
-0.0007466603481405126
 0.0015798121167455298
 0.0030008972142387055
-0.0006953230921149245
-0.00015395716345451005
 0.0026462102384953307
 0.004321643848993195
 0.008139205302961826
 0.005243366097164262
 2.5721657975201484e-05
-0.0008843323683086282
 0.00024040170944513578
 0.006431104793925474
 0.0068487966749780985
 0.0004994180265479459
 0.0003570764844709681
 0.0015914837742542695
 0.0031572441727225967
 0.0040112954292970335
 5.139271955321989e-05
-0.00022162328792067754
 0.0008331066119418862
 0.0008074386996835617
 0.0023381970092062887
-0.00226574413713658
-0.00804342199945525
-0.009345499421929797
-0.007558059126806009
-0.0003079594835721511
 0.0009357816965966381
-0.004858230473896642
-0.004841895879420237
-0.0029121137559176696
-0.0008096546602834737
 0.00025674260256094983
-0.0032527998960828128
-0.003133792507365972
-0.0007816518439198311
 0.0011831323685283432
 0.004552667083993281
 0.0014514822897148671
-0.004099848730755598
-0.005730945789318785
-0.004981900799581149
 4.673293190526201e-05
-0.000284619890477969
-0.006911681777876547
-0.007660726195010601
-0.006986352328356912
-0.0063003110987213465
-0.00596895770373454
-0.010038533625507901
-0.009529836313196718
-0.006563992356904372
-0.0047555508084132225
-0.0011480018881181997
-0.003952835662657202
-0.008934799369612549
-0.00945983041749477
-0.007203362130499928
 0.0001750785055344567
 0.001813176554490356
-0.003308795508247399
-0.0020743882184640974
 0.0005601026291432304
 0.0028469060598909288
 0.00405797862371049
-0.0002519449754893252
-0.0005902982156616721
 0.0013161491818771617
 0.0024898861841547576
 0.0063774518160145816
 0.003791964465534682
-0.001407012192883396
-0.0022913980206071133
-0.00037328326008641277
 0.006930486252864028
 0.008843934068191985
 0.004309997099740316
 0.005773084703968208
 0.008132225785203478
 0.009992003730814845
 0.010916059165280496
 0.006792813373790535
 0.006347120394185016
 0.007999219278719154
 0.00870159481652933
 0.010983731302084278
 0.006991159975991236
 0.0009194645665295195
-0.0010009830939839773
-0.0003522774258903835
 0.005145384297467061
 0.004947039413077121
-0.0019203701517479174
-0.0025737421924306655
-0.001985706811842791
-0.0015703484033865386
-0.0017406916166200007
-0.006876664514935994
-0.007198683446933734
-0.004631863304621231
-0.0028374225917083204
 0.0013628283680655398
-0.0007022945934231084
-0.004939880542135351
-0.0050542204130558585
-0.003098770090993179
 0.0037219705945079687
 0.004648359501569992
-0.0015656777362704974
-0.001957700846159434
-0.0012436579453673907
-0.00042227530514217515
-4.42524582278947e-05
-0.0045571881733122085
-0.004837204598575215
-0.0032831115630887614
-0.002744079107024719
 0.0005041150334288008
-0.002797748404137726
-0.008482087362601465
-0.009632489066311742
-0.008202070078433078
-0.0012366540919567723
 3.7422231964873154e-05
-0.005453238500999873
-0.005007544948790771
-0.003985483665277442
-0.0027767445740542462
-0.0026507367675482896
-0.007880048569719217
-0.008783102178213924
-0.0072640112316730635
-0.005385565505290714
-0.0011876480181132257
-0.0033951128079806464
-0.007693369044198598
-0.0082814038521829
-0.005824256921899945
 0.0019042046035904411
 0.003971661610279044
-0.00038259796825187986
 0.0007561369450801228
 0.0026719182330044444
 0.004618034664681629
 0.005838441118886692
 0.0017501974163423445
 0.0016311906002290863
 0.004268014920432793
 0.006883837987269124
 0.011352438295625926
 0.008780951780724265
 0.004384689695458625
 0.004300684968290981
 0.006242134454775408
 0.01277819148351901
 0.012995204721283522
 0.00653381938822746
 0.006286471579313668
 0.006853505706534195
 0.007373870381827241
 0.006986514217131055
 0.0015098543197445483
 0.00033845136266690695
 0.0013768469543548462
 0.0023382379503624692
 0.005836113658627941
 0.0031269522605402514
-0.0013906503997368064
-0.0016800007153853075
 0.0006114696605551279
 0.007082189456600281
 0.006755503579409801
-0.00045025951188937957
-0.0012879758876856232
-0.00035458656283448436
 0.00028245174227723574
-0.00039425502436925275
-0.005751907819340714
-0.006570956414365982
-0.004421827866804312
-0.0024150411476214217
 0.001278846258739412
-0.001530654460992334
-0.006958311433854999
-0.008554406403472596
-0.007567347208904864
-0.002160690916805978
-0.002170024520889678
-0.008162381862074703
-0.008309390349344432
-0.007548677996624925
-0.006498615041955112
-0.005985250784451175
-0.010253171876916285
-0.009889149865580243
-0.007121651079979637
-0.004720507492009647
-0.0006999339221565384
-0.0034650986625571895
-0.008001369103605233
-0.008717744904390062
-0.006848633068393208
-6.0560999241281166e-05
 0.0006278137029906566
-0.004785842434293773
-0.00416047149216392
-0.00278138890140546
-0.0018806681929035562
-0.0020136758445950392
-0.006171923725030601
-0.005355208029998122
-0.0020370097116534022
 0.0004784740335388865
 0.004634389013981645
 0.0022425798890007356
-0.0028397231395986683
-0.00398079095292346
-0.002578373636201274
 0.0034723210924966635
 0.003936682425476762
-0.0016099816498009525
-0.0006835927427389296
 0.0014025320447206488
 0.003701002838450214
 0.005166423915274478
 0.0016615483618234728
 0.002541267816958022
 0.005117421849656016
 0.007107874260664289
 0.010874099317512702
 0.007901255516034815
 0.003558663300485772
 0.0033673188338849414
 0.005605119340108801
 0.01188216091065495
 0.011429467513260315
 0.0052737670903291595
 0.005537449780021138
 0.0070845423977184754
 0.008472958878862416
 0.008206943289177648
 0.0033276523764627225
 0.0027909539655986415
 0.004065030289520287
 0.004737070683577614
 0.006776526019109726
 0.0023942647694223315
-0.003313408915005145
-0.005401866602457513
-0.005040178063717857
 0.0005531560360909071
 0.0003804793502610662
-0.005411199347635842
-0.005114848041594636
-0.004048450778750212
-0.0028163769615632828
-0.002811709730068744
-0.007291976828803819
-0.006759944790528903
-0.0036657598414360226
-0.0006742476865835706
 0.003747683169845757
 0.0013885426612140692
-0.0025596926855478777
-0.0030590555348699935
-0.0015446315335218772
 0.004842083249053823
 0.00542078473925621
 0.0002264750260308826
 0.0009008488926845748
 0.0022379289767083047
 0.003477003211684364
 0.003252990128734305
-0.0013579514353976793
-0.0013509507313067687
 0.0003431506599620923
 0.001486552518486832
 0.004002036263679114
-0.0003218881710989399
-0.006680600709914587
-0.009758450778229268
-0.010120138744365351
-0.005378522142232868
-0.00655459204450326
-0.012670623433296068
-0.011947246642118537
-0.0098214528205206
-0.0071006234868474655
-0.005765876875420101
-0.009359424387533302
-0.008720052609825207
-0.0059945563309593206
-0.0033390642299846313
 0.0010151959211498612
-0.000566898212889487
-0.00328772697395905
-0.0025526828197996385
 0.00028015319849941656
 0.007441580883071085
 0.008241962269928946
 0.003437342480297964
 0.00435206402437812
 0.0053904596160660595
 0.006508193276030694
 0.0063915199325138145
 0.0016499039029849241
 0.0016709054426540734
 0.0037290285589571814
 0.005495467600713608
 0.008538316152686277
 0.004930767804994837
 0.0006698471303188541
 0.0008518582791377655
 0.003668359989262217
 0.010969796029616279
 0.011172808431802558
 0.005059110515606119
 0.0047394250562047616
 0.005035776362245968
 0.00597616610488623
 0.005859492761369357
 0.001726913079493908
 0.0031526651221798277
 0.006603871378517832
 0.009189359301601321
 0.012281210778097823
 0.007784609371188134
 0.0015775725511367605
-0.00015386382907048995
 0.001178549309760496
 0.006937559963911766
 0.006351858628523839
 7.01506853885217e-05
-0.0001421950345796702
 0.0005345123046704009
 0.0010595439251561978
-0.000174862792023521
-0.00611355026349196
-0.007207948624889271
-0.005761195328835997
-0.00401809101304329
-0.00034053791485706697
-0.003227043230269136
-0.007669974767462239
-0.008344348061512356
-0.006752919464483923
-0.0005248808184616094
-0.00019819436866754664
-0.004928143035214577
-0.0029073554804534413
 0.00013082612632647067
 0.003673037813923044
 0.005693825368684166
 0.0022029506508114
 0.00299866509247651
 0.005278468105435086
 0.007000571167860417
 0.010232431000139333
 0.0062375262014499125
 0.0009172089680204235
-0.0007605575424702443
-0.00040120247632694644
 0.004802441699887458
 0.0037127102836828837
-0.002543329460892328
-0.002804678105384352
-0.0029166845037084804
-0.002337983013506101
-0.002828011972442708
-0.007371282831279875
-0.006843917738197699
-0.004594449868991983
-0.0020742991786069503
 0.0021026170552031695
 6.782923746739139e-05
-0.0029400166529560956
-0.0024313193406449093
 0.000788873128652133
 0.00803430582669324
 0.008515001467847942
 0.003572706795030939
 0.004443092359779993
 0.005700834375527035
 0.006820901508088048
 0.0065548859184032734
 0.0016242586085681368
 0.0012252350808900775
 0.0024736432062516245
 0.0032786915383022225
 0.005731171523392434
 0.0009498864597251855
-0.00511714200454378
-0.006519558748662391
-0.005541833444480157
 0.00010983747023793344
-0.00048053081034273026
-0.0067622387534780545
-0.006925581548922397
-0.0068789118106931425
-0.005945522485842
-0.005621169508644316
-0.009765416553501622
-0.008710686653639072
-0.005980523429580435
-0.003154687829070489
 0.0013092455340935547
-0.0013765811380304013
-0.004956127814565357
-0.004928125857107085
-0.002797665090316412
 0.0039904069788355145
 0.00420041979881091
-0.0011922350851061511
-0.0006158670675001435
 0.00019384820974321232
 0.0012789132533586114
 0.0013909202242863294
-0.0029516719912627207
-0.0027229913905163355
-0.0008702138626940914
 0.0009125594872369525
 0.004454771174833519
 0.0010479014704301917
-0.0036143764908220105
-0.004118406285336863
-0.0023869693325260302
 0.0037290626288703638
 0.003544718580058656
-0.002050948419742897
-0.0012412331424995413
 0.00024285571509571197
 0.0017642801342329442
 0.002100300474412495
-0.002046280043041186
-0.001987942941830065
-2.0825256785518553e-05
 0.0018459531066149643
 0.005229488657658148
 0.0023429833422460716
-0.0020369444348449436
-0.002671648694756716
-0.001229562343896179
 0.003675397339982435
 0.0018179534395710295
-0.0050004532007301705
-0.00458742826487029
-0.0036003690703025615
-0.002685647526222412
-0.0023962966379703216
-0.00661288133331521
-0.006125185274371385
-0.003868716987376543
-0.00220728421245691
 0.0011342488318515434
-0.002305289488901012
-0.007002569539098814
-0.007009569670586142
-0.003924718611878757
 0.0038060763862080085
 0.005241162319279423
 0.0007048918782313826
 0.0018459602641597503
 0.003313714813580393
 0.004643794479815007
 0.004879475498350508
 0.0005158820294340963
 0.0006138881647835687
 0.0024036619325037423
 0.004107097214158091
 0.007579304723863457
 0.004107097786761674
-0.0007651927081641294
-0.0022702822465231684
-0.0012365536000279662
 0.005049821860903678
 0.005175829667409634
 0.00022186763161075734
 0.0013022657300334264
 0.0028283570943633957
 0.004702135875553008
 0.005238834859020672
 0.0016359534565219824
 0.0025296737472347702
 0.004996154567903213
 0.007380963847698589
 0.01126386253436567
 0.008648040040132907
 0.004753474563087549
 0.004797810828720439
 0.007191953998901303
 0.013524998911760427
 0.01281562352876471
 0.0063262365245521646
 0.006337904173835819
 0.006615587699106043
 0.006958608457074716
 0.0062165644577297785
 0.0006652334372593202
 0.0002615429643885239
 0.0018483046162241987
 0.0035144043363365823
 0.007324965372516083
 0.003675414518089927
-0.0013088826614618063
-0.002139598619468927
-0.0010241984321006717
 0.004342788825859874
 0.0028353658149044628
-0.003628352990747971
-0.0033763376640378526
-0.002718298105558778
-0.001630899589346993
-0.002202600089156681
-0.007077224056678856
-0.006806540949197755
-0.005065770106001427
-0.003570013885424307
-0.0007161766137578837
-0.004813754206687733
-0.010005730447316685
-0.011055792829382915
-0.00924035086310264
-0.003047314306025929
-0.003833694284701955
-0.009870387605218078
-0.009809717031410575
-0.009196013452262591
-0.007443575246084397
-0.006468183414498542
-0.009375689983277962
-0.007217227545330801
-0.0038686940832332248
-0.0007348401000020002
 0.003750094516529405
 0.0008215866943826269
-0.003518672048570058
-0.004221047013776645
-0.0022259276575756284
 0.00411178420047624
 0.0035237493924919414
-0.001787233950552053
-0.001059190214181778
-0.00016780339606535521
 0.0009382629009174123
 0.0002592226616745519
-0.004512728511607202
-0.004043700233434359
-0.0014838805089109827
 0.0011669446468709627
 0.005154849600374836
 0.002599697393647793
-0.0010801886045312195
-0.0008725092571522028
 0.0016079723990944858
 0.007607330730672206
 0.007021629395284286
 0.0016056397854034843
 0.0025716977266038513
 0.003939112954380437
 0.005409200976397452
 0.005941233014672372
 0.002098003934747225
 0.0025997008292692886
 0.00455748462392834
 0.006412595624346956
 0.009705125744131578
 0.0060182393281634425
 0.001323292750562012
 3.754963626207558e-05
 0.0007725937904214802
 0.005859564336817218
 0.00385277819023791
-0.0030426330457435993
-0.003058967067616429
-0.0025129341937632638
-0.0013858666434131348
-0.0013111952340273958
-0.00504708457451937
-0.003868680627049023
-0.001448869258308054
 0.0006325885839587875
 0.0037057722796843065
-0.000256463902655886
-0.005138088287967184
-0.00591280090366135
-0.004207032149410629
 0.0016709856071556867
 0.0007749324164500956
-0.005331765081957214
-0.0051544208783310536
-0.0045173825732193265
-0.003481320454127766
-0.0040483540087446965
-0.0086312939017202
-0.007924251418717283
-0.0057727893985592416
-0.003161633276915654
 0.0009499457241960232
-0.0021955750494134924
-0.006178812485121039
-0.006183479144012002
-0.003329641872345572
 0.004249477406976919
 0.004858514040932162
-0.0003637973434496497
 0.0002499062356983439
 0.0014329771283614276
 0.003442097320140697
 0.004601833486840047
 0.001390975480532082
 0.0027933927972542683
 0.005175868604453272
 0.006942307646209699
 0.01025350554676531
 0.006001918762474821
 0.00034091452997481175
-0.001383521432443309
-0.0009284939898487124
 0.004244815042612843
 0.002774727593199404
-0.003322636014822418
-0.0024872525390189637
-0.0015725309949388075
 0.00017524026604663623
 0.0008379467697184687
-0.002792936303936705
-0.0007488140232118426
 0.0024480437201214664
 0.005455890183148529
 0.010472856551653066
 0.0075280144213316705
 0.002912405912006928
 0.0023523727751791138
 0.004249486282332453
 0.010843880125985389
 0.010503193413216677
 0.00526688119325662
 0.006648297256611452
 0.00768202590310664
 0.009014439041937626
 0.00839840256279685
 0.0028610723779046374
 0.0029380772598867413
 0.004576175308842648
 0.006263276282322379
 0.009173116896301764
 0.0046858493797775624
-0.000699805086350376
-0.0029469389103561477
-0.002545581337478134
 0.002891410098373605
 0.001418989176363808
-0.005000393649957545
-0.005023728089619484
-0.004270016154689096
-0.002669253667275176
-0.0021348881564038774
-0.005364413943482832
-0.003660978661828476
-0.0009891522526791832
 0.0013233193766286205
 0.005117546104633511
 0.0022403746796069365
-0.0014045092296264758
-0.0017428624697988226
 0.0003245945368897732
 0.006916654907946337
 0.006375289551889506
 0.0013093208314647123
 0.0025133929774951574
 0.0033604438162804853
 0.004578516797889176
 0.0037408004220929325
-0.0019365381185816946
-0.0022725578861576626
-0.0011781589521567618
 0.0002615939261074035
 0.00380380561370397
 0.0002989300602529582
-0.0038266492038333683
-0.004722702394538952
-0.003854650302386263
 0.0014259984695084577
-0.000543452115528871
-0.006671150867303553
-0.006342130944913114
-0.006036445748486413
-0.004393680754337763
-0.004379679632457736
-0.008633599889344597
-0.007779548632770153
-0.005523080345775311
-0.0029819284020229236
 0.00037827242305652625
-0.0033249483010862266
-0.007574201612780336
-0.008136568222204533
-0.006195118735720095
 0.0002872684233069245
 0.0005252829144387974
-0.003980652382856387
-0.0026179041002725514
-0.001021808558051375
 0.00044827946396563956
 0.00014259484014252088
-0.0041089919441479675
-0.00412532596602079
-0.003245606510886241
-0.0021908766110236844
 0.0004086121476380364
-0.0033062759394865693
-0.007140171129026231
-0.007058499301851366
-0.0046993582206161025
 0.0016640218359958714
 0.0012323296919685839
-0.0037029645630592967
-0.0026949041151242137
-0.0012878198532092766
 0.0007119664481844909
 0.0008099725835339633
-0.0031102610920714993
-0.0021838721850094833
 0.0002639408548879771
 0.003379127057348212
 0.00801340392004752
 0.005630928685452098
 0.0023594003916384276
 0.002695420731817978
 0.005320577689039818
 0.012050312943282404
 0.01149027980645459
 0.006314637874000245
 0.0076703857387949645
 0.009096137781480884
 0.010853242932851823
 0.010332878830162352
 0.00525290927415932
 0.005094233423907718
 0.0062026331934868645
 0.007633052181365528
 0.009866185742396637
 0.005066232897958406
 7.264595322728495e-06
-0.0011524709987730392
 0.0002896153520874911
 0.005301914775399284
 0.002833101054738045
-0.004085644907207198
-0.004225652976687817
-0.0035816142537869675
-0.0024848818471896947
-0.0033412660037569278
-0.008341897491483275
-0.008068880911405795
-0.006181101294637947
-0.0039129656446612385
-0.00035908659408281224
-0.003901297709075789
-0.007847199583241371
-0.007814530680590348
-0.005271045264241589
 0.0018787150573482125
 0.0019627203571194463
-0.003070579746956126
-0.0022095280725925523
-0.0016798295069140115
-0.00048509125126905417
-0.0007184382246046006
-0.005079698220924633
-0.004246648217717551
-0.002272530114883889
 0.00017761639760993653
 0.004093183700626245
 0.00044829979139283244
-0.0037892861573194103
-0.004379654437900088
-0.002599214560565409
 0.0037081621537335963
 0.002571761285601555
-0.0028955647213994573
-0.002179188348011042
-0.0021838550069019982
-0.0011757945589669083
-0.0015981528126086941
-0.006122755890674868
-0.005224368654769329
-0.0032992534764595127
-0.0012107952164035485
 0.0021144035197302874
-0.0021488506275420607
-0.006734123993113947
-0.006927801932311139
-0.004753005186189374
 0.0017923857329397233
 0.001066676041769396
-0.003966624062306169
-0.0018571645488828573
 0.00028263010829331775
 0.00334414644103697
 0.0044548796832124885
 0.0009150020408158765
 0.0025624339801572707
 0.004851570883501334
 0.006781353007003901
 0.00954418484741177
 0.005353268350626987
 0.0012206886687515378
 0.0012953600781372768
 0.004065192336334261
 0.010398237249193372
 0.008699469485335357
 0.002431762377778271
 0.0026837777044883895
 0.0033278164273892324
 0.004842240428737342
 0.004496886770775872
 7.728995954649903e-05
 0.00026863499875090513
 0.0013000301726497285
 0.0027421165235102588
 0.0050125856460833465
 0.0003153055958855372
-0.004972343021194724
-0.006813452613431522
-0.005243025269770447
 0.000571988726693784
-0.0011174451467787505
-0.0065241008662740504
-0.005210355508214061
-0.003842940280437468
-0.0026318677166179
-0.003891942632357724
-0.009086252345583062
-0.009044249552546544
-0.007662833489191723
-0.005954731262344623
-0.003002888141630522
-0.007151802131680578
-0.011599400614066432
-0.012026425812900966
-0.010061641600452798
-0.0038639380981833338
-0.004689987110997718
-0.009755955831422511
-0.008248532247863524
-0.006820446732581229
-0.005114677978330498
-0.004913999048740604
-0.00848887878008281
-0.006764442245061102
-0.0035535836661495512
-0.00011171130019704129
 0.004865586034169152
 0.0027561270933494156
-0.00034739117352537707
 0.00011930363205108624
 0.0026931241921527085
 0.008869826441054808
 0.0076867561209953
 0.0023827731957404216
 0.0035658440884035122
 0.004828253049343298
 0.006564356947346875
 0.0059646547763807095
 0.0006583383785294591
 0.00036665459028457914
 0.0015683932637186593
 0.0030104796145791965
 0.0056823060237284895
 0.0009733586105488273
-0.004589639772903498
-0.005922052339130901
-0.004351624995469837
 0.0017457391851555745
 0.0010200294939852472
-0.003677250556212555
-0.0017358010697281212
-0.0002750469380965945
 0.0015053929392380705
 0.001433055575052293
-0.0027671948121179846
-0.0017264657478336665
 0.0003363243136621785
 0.002907811401167429
 0.006797710505623625
 0.003122491452637363
-0.0010614246263583038
-0.0012714368737301099
 0.0010923711526979046
 0.007966781707915642
 0.007514088310521
 0.0021657694059350266
 0.0031714963812737446
 0.00367552674839218
 0.004566913566508603
 0.003614857033490057
-0.0018851375898601835
-0.001829133961245434
-0.0009120789445689059
 0.00015898526346826147
 0.003458515801041999
 0.0001263172197226159
-0.003408893477481245
-0.0033668906844447413
-0.0010194169661913305
 0.0051409509745361515
 0.0037011986688755757
-0.0014954445169461303
 0.00015432089499163582
 0.0019137595189589532
 0.003932213601123703
 0.0035005214570964296
-0.001507110448419037
-0.0017147892231944711
-0.0005223844401458927
 0.0012697228001706529
 0.00463459057044284
 0.0009687054078420659
-0.003744908950530354
-0.004622294360464942
-0.0024778327580960297
 0.00416323053748438
 0.003969552598287178
-0.0004850463018877954
 0.001521740417295095
 0.0030781669253779273
 0.004867940693098087
 0.005010282807778661
 0.0007633629686809099
 0.001717753546899417
 0.003542529403565184
 0.005152625781364599
 0.007994795690049156
 0.003358185927357059
-0.001924795744530458
-0.0032012049684449
-0.001381096056971877
 0.004835275226068567
 0.0034141907011789804
-0.0023961557774889244
-0.0018711241570031206
-0.0018524560899303433
-0.0012527533463605953
-0.0022958153106377027
-0.007347783195484254
-0.0064563963773678415
-0.004678289972629535
-0.0029118509308731083
 0.0007050318798074093
-0.003308540699652994
-0.007555460538750735
-0.007490123019750487
-0.004806629247619321
 0.0026068134773606644
 0.002539143058367631
-0.002064798087975238
-0.0001676845808218988
 0.0012790687152313823
 0.003194850003155711
 0.0034772004736186857
-0.0007557185299008201
-5.800993728338755e-05
 0.0016897613237020492
 0.0035705405226807846
 0.007084750539120867
 0.003372195924592626
-0.0008770573871014903
-0.001019398929178468
 0.0012627375563764726
 0.00761445025000658
 0.006697395805933634
 0.001260404942685478
 0.001902110192989949
 0.0022404640057658715
 0.0035145403296875308
 0.003255525157791872
-0.0015537615770318466
-0.0010917337166481342
 0.0007657107563668678
 0.0028845041601756743
 0.006872409113679555
 0.0035448774775529157
-0.0009400565663749
-0.0013834160733840542
 0.0008730522136107879
 0.00756311843371503
 0.006459386181932217
 0.0001870121291823873
 0.0009663922626728869
 0.0012907452398705707
 0.0020957935719211826
 0.0022148009606380095
-0.0016890984067928425
-0.0005690312742318293
 0.000912724110767045
 0.0020677933322736583
 0.0048072904467177865
 0.0006350417307039932
-0.0038498923132238363
-0.00459893673035789
-0.002946837845823759
 0.0031108573006633083
 0.002464485677769669
-0.002601483042655124
-0.0014557477115340126
-0.00025634251069630437
 0.0013490869219103668
 0.0014214248586997338
-0.002802160254434277
-0.00221879181903914
-0.0004943552840174364
 0.0011997461072514315
 0.004277596748169694
-6.032852218661178e-05
-0.004995622777214492
-0.005410980613067162
-0.0031008424563557305
 0.003647560578657838
 0.003358210263009337
-0.00168442373145173
-0.0004966858935958884
 5.6347398046392716e-05
 0.0007820576618203026
-4.1657878397709236e-05
-0.005172963831520952
-0.0048719455802870015
-0.00352553160587777
-0.0021254477617519626
 0.0011414141594725466
-0.002648145050736017
-0.006876397109062765
-0.006993070452579648
-0.004218571249189916
 0.002903187401243394
 0.0028378504548467395
-0.001567745520804388
 0.00010068767190435368
 0.0013397619068804129
 0.0029638591202580666
 0.0027118443661515376
-0.001689084664306853
-0.0006506890726189068
 0.0009360725792167679
 0.002254484882469522
 0.004930978236811566
 2.1352180343790772e-05
-0.0048789399857385035
-0.0052172932259108434
-0.0026644739191765895
 0.004263606505757737
 0.003383887623226764
-0.002298117862640593
-0.001945763214286425
-0.0016867474697871906
-0.0004313389266365278
-0.0010053728990425809
-0.00574932240116785
-0.005338630937904348
-0.0036701977451955928
-0.0010893767673048615
 0.002898528186199026
-0.0003309976008799287
-0.004027217907233552
-0.0040015494223716586
-0.0007650226448999986
 0.0072154539209987115
 0.0079084955684234
 0.004181940118316914
 0.006352069919245945
 0.007864160447997676
 0.009987620796999233
 0.010353976280931647
 0.006130391167797636
 0.006781430308487595
 0.008060173577601998
 0.008993562902453137
 0.01093501238893757
 0.005337011916539652
-0.0008956931020718331
-0.0034415114184133816
-0.0035441839263520222
 0.0007587398276622664
-0.0016564040232823832
-0.007646427891871029
-0.006750374128561866
-0.0057656484065905095
-0.004584910986523798
-0.005679309347921116
-0.010878286006339194
-0.01074761125464049
-0.009137514876841078
-0.0069277160417736995
-0.0031054876426123354
-0.006456354004702701
-0.011046294315467328
-0.011713667191728318
-0.009093177179699236
-0.0022187666244814913
-0.002482448741569887
-0.007126058922051107
-0.004990931210067676
-0.0025664528961339625
-0.00047332769088525434
-0.0005503320002637827
-0.0048229200379216325
-0.004066874630394873
-0.0018080728708036523
 0.0007890824152616965
 0.004461968568255176
 0.0006980775566067174
-0.004001535966187457
-0.005168271978072354
-0.003037811211281674
 0.0035845843035277394
 0.0026745302772439167
-0.0021534242383507915
-0.000681002743737405
 0.0010784358802299054
 0.0038155995220776617
 0.003988276780511085
-0.00029364514753225934
 0.0005067362393256017
 0.0019254878642223985
 0.0030222202708196783
 0.005435031221771532
 0.0014471268408712337
-0.003037807203056596
-0.004204543214941486
-0.002564111693389215
 0.0034609148367486173
 0.00217050477725593
-0.0031801475999264084
-0.0016470558178073164
-6.496111116437858e-05
 0.0019511594984039995
 0.0020725003597172123
-0.0019224044389722084
-0.00048731850590079395
 0.0016011397541551634
 0.0031575662622379957
 0.00539770024105822
 0.0006700850471075617
-0.003275816827058013
-0.0032338140340215024
-0.0007486654325820699
 0.005652050185571876
 0.004118958976056367
-0.0013250323049809193
-0.0005526525892795425
-0.00014662807120878474
 0.0008240968151843331
-0.0004919814428684596
-0.005401607499336235
-0.004699231961526065
-0.003138138508250489
-0.0014137019732287787
 0.0010551123200360432
-0.003982854729232273
-0.009060490812638933
-0.010105886249512416
-0.00839545055006894
-0.0023984256910875856
-0.0041555302698549415
-0.009870204372071534
-0.00870346778758306
-0.0075787337098293
-0.005697954510850575
-0.00591030023081876
-0.009762863201129405
-0.008096763481017025
-0.005667618221890561
-0.0027601110805075477
 0.0009221089628714194
-0.0029094527540718604
-0.006939359641706878
-0.007231043429951754
-0.004584885219362567
 0.0024038654930774728
 0.001906836116351729
-0.0025967657083470763
-0.0005013070305020031
 0.0014448094011751816
 0.003946292310789232
 0.003964960377862002
-0.00020728833815178427
 0.0013748063684911466
 0.0037129461963590557
 0.006450109838206805
 0.01053602064075837
 0.0073344965248359
 0.004146973244491668
 0.004354652591870685
 0.006709126727913212
 0.013016503442212217
 0.011763428944261516
 0.0066507907719092485
 0.0076798524732117
 0.008666911667779421
 0.010580359483107378
 0.009705307545769155
 0.005061697365287943
 0.0059530841834043585
 0.006970478521724943
 0.007752192127811808
 0.008967931636824127
 0.0032019211374873235
-0.002347076410386756
-0.0039525052703898444
-0.0022234017901753902
 0.0038202925207334384
 0.002688558597794141
-0.0020787256302948615
-0.0005386334303866466
 0.0007144416401676443
 0.002175195771799164
 0.0010481287940526177
-0.003978170892233832
-0.0032267924298998094
-0.0010053262318505743
 0.0019045143821288107
 0.0053977231452015315
 0.0012814777715007067
-0.0028511019103747426
-0.0033854668486424516
-0.0013343441501284733
 0.004142316319861623
 0.0017645080304589528
-0.003842826332324467
-0.0030144432743101288
-0.0018150380734724275
 0.0007937845755747949
 0.0008567886219786672
-0.0033061262036496314
-0.0024614088374606824
-0.0010403237399675067
 0.0009361278354625205
 0.0036849588402921504
-0.000844311182966774
-0.005291909665352625
-0.006201963691636447
-0.003950162349834356
 0.002604562459680229
 0.001668840234836308
-0.002846428952844378
-0.0017310287654761156
-0.0009983180839130898
 0.0010481376694081515
 0.0012931525783291542
-0.0022630593722420753
-0.0008536416377307662
 0.001360824142529353
 0.0037246321689573675
 0.0064734631737869835
 0.0019605274587026836
-0.002606078126098213
-0.0033271208720757894
-0.0013530027692421343
 0.00466268987051021
 0.0033839471739993895
-0.001588682642570463
-7.192516862598863e-05
 0.0005441118831183769
 0.0015195037147042317
 0.0006957881744862268
-0.00451718931951009
-0.0043771806774258945
-0.0029677629429145924
-0.0011056515247068466
 0.0020002007873679006
-0.002125378476718426
-0.006544975287947792
-0.007147010931510336
-0.004689864001227381
 0.0015895110419151467
 0.000152092208850943
-0.004437848101913687
-0.0024497291635017793
-0.0008232984775277535
 0.0012044894950224982
 0.0005931199610744661
-0.0037588061448600787
-0.0028137494570270732
-0.0011593170998965632
 0.0011671553649894792
 0.004338344909762683
 0.0004134442889644624
-0.0034064500649969506
-0.0036211292575615145
-0.0007789593488769508
 0.005479414440898223
 0.0034119580068132024
-0.0019993646578748483
-0.0011033108945656886
-0.000571278856290762
 0.0011624915691164361
 0.000833472219329591
-0.00354878903035781
-0.002662069157434138
-0.0009609673483761613
 0.0011928281443782524
 0.0039043235876658963
-0.000834958969266622
-0.0052428884175141285
-0.006059603539943018
-0.0042464950462591175
 0.0017201946689693812
 2.1426905111358863e-05
-0.004983871527807729
-0.003119426637003618
-0.0018640180938529483
-0.0004686011949198779
-0.001689007076521365
-0.0066219678589528735
-0.005497233781199123
-0.0031824286792949408
 2.376295442385601e-05
 0.004039669579084221
 0.0005674626419824302
-0.0022467050229420596
-0.0010122977331587582
 0.0029522724943813958
 0.010377382582343248
 0.009343654508451635
 0.004368691219285396
 0.005355750413853132
 0.005605432267966871
 0.0067698353798589725
 0.005764108977123837
 0.0010738293447151645
 0.002014219087355419
 0.0034259702944631
 0.005353418945369302
 0.008039246190096834
 0.0033863021192301335
-0.0007906135419764107
-0.0012619747201420423
 0.0014028512712181349
 0.007889905375437899
 0.0062261397005254765
 0.0013888512945452736
 0.0029732794737845833
 0.004175018147218663
 0.006149136250052319
 0.005309086401659703
 0.00011711016103074096
-4.623263441359826e-05
 0.0007004788827276662
 0.0027049321293141845
 0.005652108304835542
 0.0015171951503637204
-0.0020226824920328915
-0.0019970140071709913
 0.0008031533947788494
 0.006741841438850864
 0.004378033985026432
-0.0011709635628476545
-0.0008302762774753461
-0.0009189479498357481
-0.00011623309038150814
-0.001959676155214689
-0.007202988792963855
-0.0067526282955620055
-0.005557890039917045
-0.003278087026958476
-7.422886583604432e-05
-0.004192807712133255
-0.007875027182908636
-0.0075926767124456715
-0.0041111353123548106
 0.002583597852942175
 0.0007238204799343978
-0.004295478788562936
-0.0029280635607863426
-0.0020436771604590426
-0.0004149130018886449
-0.0010986201863242423
-0.00516352916290487
-0.00364443821636401
-0.0013296331144598411
 0.0016385443144288844
 0.0054421049328192625
 0.001645545304821583
-0.0024823674318611155
-0.003075069185038158
-0.0012689611091433808
 0.004329039935858127
 0.0016665479896978974
-0.004701498439503231
-0.004237137106523146
-0.004724832592863382
-0.003947785931969261
-0.004762167581801771
-0.009303104968042566
-0.00802202822633179
-0.006568274512489383
-0.004568488211095623
-0.0010169426331135545
-0.004498483460600833
-0.007466660316885969
-0.007151641230073776
-0.004668826101230712
 0.0018765648178983782
 0.0005114836353217467
-0.004143793908141333
-0.0020996716274164703
-0.0007462572352181299
 0.0015405461955295685
 0.0015288791188494896
-0.002512695131767391
-0.001014605438593899
 0.0009781804450107526
 0.0035683353132869855
 0.007285557445611553
 0.003204314160856321
-0.0005409090700211477
-0.00032156235966025043
 0.0018509009138651389
 0.007626245876191026
 0.005752467667604996
 0.0008288407755589824
 0.0026932856663630933
 0.0036920122239126885
 0.005383780142585171
 0.004861082567299328
 0.0002688087839383263
 0.001489215238143396
 0.0032393199717252116
 0.005096764444740207
 0.008223618010182308
 0.0037130157676943804
-0.0006365768656437926
-0.0006225757437637591
 0.002280264452426503
 0.009089337774945791
 0.007381236120702274
 0.001972246928610595
 0.003068979335207875
 0.002889302231588911
 0.003818024611247306
 0.00276096181139196
-0.002482350826357206
-0.0019129832265403143
-0.001166271709399043
-0.00010220791915099836
 0.0023736067919029394
-0.0027460317982384436
-0.007452645738821737
-0.008120018615082734
-0.005711874609323618
 0.001377215424760464
 4.24693859366887e-05
-0.005333851189805762
-0.0038964317841379756
-0.0030890499794909987
-0.0013996155334148885
-0.0018849775471587588
-0.00634891033771922
-0.005207841951790845
-0.003352730951372229
-0.0006599032888555678
 0.0032999999934918284
 2.8035011180524427e-06
-0.0034460687100199977
-0.003565075526133249
-0.0007929097953398995
 0.005745480706000082
 0.004121384065226004
-0.0012199344215708466
-0.000398551781345631
-0.00019787285175573016
 0.0008498566303177038
 4.728915395935118e-07
-0.004475127262002741
-0.0032640546981831733
-0.001299270485735006
 0.0011812111705116826
 0.004819095234559555
 0.0010622046407002261
-0.0026200148300751583
-0.0025756785644422756
-8.81964904064711e-05
 0.006083838813302878
 0.00438273757684849
-0.0010542532863996729
 6.348037356496139e-05
 0.0010342052599580723
 0.0027399740142088
 0.0019512605629363883
-0.002750686432454158
-0.001954971990789048
-0.0007182312284093675
 0.001360893141261095
 0.004938106917803262
 0.0010878774200889924
-0.0029746980838952497
-0.0035113964947593376
-0.0014532733784562296
 0.004508749391579518
 0.0029103209493655524
-0.0024099962840639366
-0.0012385927543827197
-0.0004265440045429919
 0.0009805402573719382
 0.0004601761546824748
-0.003889416478655698
-0.002489332634529884
-0.0002842007446552594
 0.002011936576477927
 0.00540713949050297
 0.0014052342740244333
-0.0026550077573634367
-0.003135702825914556
-0.0009259039908471878
 0.0056638229076130045
 0.004275406999072633
-0.001182585117542885
-0.00021186023114977415
 2.1487314789361833e-05
 0.0009198745506948935
-4.618281790188389e-05
-0.004962809292158782
-0.004239432500981251
-0.00213930687794342
 0.0006701944143919017
 0.004704768819823256
 0.0012208945197395987
-0.003051693517918244
-0.003751735010528466
-0.0016469424422978912
 0.004422420067171029
 0.0029359983095829864
-0.0023493168349009094
-0.0009772346619315725
 0.00027350693602634646
 0.0020189447244154182
 0.0015942529981772535
-0.0029910203673946256
-0.0025663280685528853
-0.0016492730518763501
-0.0006505464943267619
 0.0017599309840287194
-0.0027646720940374472
-0.007401281856729544
-0.008213330033965682
-0.006446890992209256
-0.0006412108861305124
-0.002321310869217552
-0.00763229421226155
-0.006451556792194835
-0.005963860733251003
-0.004703785244907596
-0.005373491593764962
-0.01000310093866794
-0.008696355998397059
-0.006556561341220887
-0.004050411486414093
-5.083916992835308e-05
-0.0034157063675969573
-0.0063768828060929775
-0.005497163350958421
-0.0024566482715821306
 0.004331423797569796
 0.0024716464245620184
-0.0030960189040830574
-0.001462587800319902
-0.0003751892841081239
 0.0018812790028867182
 0.00248564869164921
-0.0011942373065298023
 0.00039485781790225133
 0.0026793277760535777
 0.005031468439499719
 0.008291329942935112
 0.004186751932216147
 0.00010317517486454347
 9.850851597358046e-05
 0.0025929910077985077
 0.008947037174024987
 0.007658960587128678
 0.0022499713950369926
 0.0034307088151037113
 0.004350097304376611
 0.005850520470146482
 0.0051784806486927445
 0.00029218931818869587
 0.0010178995819626127
 0.0028520093290138673
 0.005297488896314956
 0.009080048261337972
 0.005365160174213367
 0.0014215917726441568
 0.001363255244036618
 0.003461047394478063
 0.008905039248118932
 0.006370888294759236
-0.00035417944168701643
-0.0004241833332764289
-0.0003121763623487178
 0.000982901214940296
 0.000530207817545654
-0.00389405593887647
-0.002682983375056895
-0.0006015255327900607
 0.002035298787413646
 0.00592286441927347
 0.0017436152854705539
-0.00314500951762986
-0.004465754720875403
-0.0027599859666246757
 0.0035030547683432417
 0.0016386104501427134
-0.004232406316030897
-0.0032150119777103123
-0.002335292522575763
 7.751842837609019e-05
 0.0010599106777510678
-0.0023749606978087368
-0.0006411902724015317
 0.0016129445419969385
 0.004049090218912525
 0.0076799738651712815
 0.0031390364789304903
-0.001964267803036275
-0.002939659062018554
-0.0010262112466905976
 0.0051248228036514035
 0.003589398121539508
-0.0015582421397583451
 8.685632698666318e-05
 0.0012279247129150378
 0.0030597009873699205
 0.003066701691460838
-0.0009305365798249615
 0.0002502008402417641
 0.0021683156007624577
 0.004301109840149517
 0.007502634528675563
 0.0031997113472648636
-0.001933928078454758
-0.003154333960056238
-0.001422897007245412
 0.00427310988680378
 0.002777354238830236
-0.002939653335982721
-0.0022466116885580464
-0.0015745712945007193
-0.001028538420647554
-0.0025079597604464807
-0.007746605453002906
-0.007650932790249809
-0.006444527171622985
-0.005177451265490456
-0.002444954568835443
-0.00624151419683313
-0.009874730743084672
-0.00945703886203205
-0.006596201172576505
 1.2193506654670228e-05
-0.0009421964989602474
-0.0057328154530129835
-0.0037026940078663598
-0.0016679056175269921
 0.0005792287790823553
 0.00043922070960174253
-0.0037773639857431388
-0.002843974660892007
-0.0007905184897816428
 0.0016176255159774666
 0.004917156053551197
 0.0011089290625716577
-0.0027016314010042675
-0.002479951218047005
 0.0003552182728484288
 0.007262297444415394
 0.006657928328256485
 0.0018533085386255102
 0.0035100743683523852
 0.004599806357160549
 0.006051226598406567
 0.0053371842702181135
 0.0004742276656777983
 0.0010715969366511743
 0.0026046887187702664
 0.004595141129778546
 0.007355639497590029
 0.002474015112278738
-0.002288602170617521
-0.003023645752173343
-0.001119531827230874
 0.004646479244709512
 0.0030130487135499456
-0.0022559321227593326
-0.0009701884358558135
 0.0003715585933606602
 0.0023760118399471786
 0.0022033351541173377
-0.0022535972186540007
-0.001845239227986878
-0.0008535130882263986
 3.787372989001725e-05
 0.0020539943394584023
-0.0027412915597870846
-0.007095551138317998
-0.006974210277004796
-0.004001365902923326
 0.002756371022475744
 0.0013539542783571404
-0.004111038256047507
-0.002909299582613427
-0.002307263366447307
-0.0009445150838634647
-0.0012595335980720712
-0.005583458032850139
-0.004290713928157497
-0.002064580784915518
 0.0005512422819208274
 0.004280131777227261
 0.0005395754915425433
-0.0034413284715686387
-0.0039056892319451475
-0.0015628824588844945
 0.004648821878963212
 0.002943053697316067
-0.0022652568514874988
-0.00072049770638654
 0.0004812409670475401
 0.002254680426593089
 0.002126339720094343
-0.0019059006401370496
-0.0008255025417143805
 0.0008615984317653508
 0.0027190429047803458
 0.005374535005755035
 0.0010436101531878517
-0.00307263522051298
-0.003331650392408632
-0.00047081270295308564
 0.006338260619566195
 0.005600883565414001
 0.0011649524460100105
 0.0029803944122902895
 0.004564822591529599
 0.006671948632356546
 0.006564609179225155
 0.0022990215593564345
 0.0030107309875520988
 0.004217136606178923
 0.005453877368558596
 0.007841020120950351
 0.0036921061309002842
 1.9220550510394563e-05
-0.0001511226627230744
 0.002098345206482652
 0.007983363380838084
 0.005724562193850452
-0.00022112569540710253
 0.0004065787193191228
 0.00048591707389761263
 0.0011626244131476768
-0.0002841283103020148
-0.005611445961520634
-0.005088747813631202
-0.0037283330036437384
-0.0021555721873862954
 0.0005022533861847658
-0.004029350109670524
-0.008028921853552695
-0.008406944127863386
-0.006267149470687218
-1.3442626104795408e-05
-0.0018148831842032462
-0.006922854411362759
-0.005413097355207397
-0.004470374139970763
-0.0024822552015588556
-0.0029442824893389993
-0.007167867602473
-0.005639442765546655
-0.0036139882655927755
-0.0004918016453434176
 0.003575441376437158
-0.00017678227222943377
-0.0036139871203856103
-0.0036979918475532614
-0.001082168780716923
 0.005484223391779529
 0.004123809154395648
-0.0006504754914824773
 0.0006516025035956594
 0.001510320705362847
 0.003402767267323442
 0.003358431574294135
-0.0004754636152455166
 0.0009292871740730416
 0.003087749612020206
 0.005341884426418669
 0.008265725875976293
 0.0041004775777516225
 0.00010790625165857382
-0.00017444364620081143
 0.002268702448503898
 0.00868108542963971
 0.007175995891280679
 0.0018066757333273509
 0.0025463868326794925
 0.00297107913152124
 0.004786521097801512
 0.004658180391302773
 0.0006562751748242293
 0.0017250059102650248
 0.003050418631306888
 0.00494286519326749
 0.007729031759639078
 0.0029664144767428263
-0.0016818626489311372
-0.0026899225242626376
-0.0009631525166445484
 0.004641848946146068
 0.001886018096130912
-0.004218345929680033
-0.003324625638967238
-0.003128613654570088
-0.0019385423441178745
-0.0026362503641317245
-0.007179521222968877
-0.006073454925986113
-0.0043256836650006625
-0.0021112178847405502
 0.0009316306672321195
-0.0032429515213780527
-0.007048845039761224
-0.007244856451554798
-0.004272012077473332
 0.002299047040215871
 0.00014991906525779058
-0.0055297529480132085
-0.004575362369794701
-0.003462295655022811
-0.0013318348882321376
-0.0014415078139598872
-0.004953383785200022
-0.0033059518458586276
-0.0012968316540793723
 0.00078929313338022
 0.003421450508391169
-0.00047778191384693913
-0.0042440063980917694
-0.004916046219545507
-0.0027972528157367005
 0.002973425201396443
 0.0009269700206787843
-0.0044866861166056385
-0.00361163360666384
-0.002699245535180056
-0.0006644571448406883
-0.0007694631253757009
-0.004377011473067141
-0.0029489259577848426
-0.0007274597597356006
 0.0024203950590738627
 0.005948605911092197
 0.002595406076405446
-0.0003984389784397885
-0.0002817650623193335
 0.0023083898059568994
 0.00813740463799937
 0.006149286272191051
 0.0010343146272424122
 0.0025067361218558057
 0.003750477302024595
 0.005738596240436503
 0.005306904096409215
 0.0011323219077990568
 0.002742418285598465
 0.004788874038919706
 0.007199351517275188
 0.010312204247139058
 0.006062950935444941
 0.002457736060349873
 0.002163718799508628
 0.0045671958600749865
 0.010750898526766209
 0.008487430394585826
 0.0029617675726754805
 0.0035124673917213897
 0.0037551488280460135
 0.0054515836919112395
 0.004422522563212378
 3.326089573586072e-05
 0.0012770020759046569
 0.002679419392626843
 0.00487521739211598
 0.006952008289190063
 0.0011906647350460112
-0.003879970930571533
-0.005655743290109878
-0.004353665295031749
 0.0010973269763982427
-0.0012688139500225681
-0.0062531111295742944
-0.0048833624292013295
-0.0046826834996114355
-0.0036956243050437
-0.004829691700579369
-0.00974865164743264
-0.009069610835586203
-0.007639191847707533
-0.005361722307345336
-0.0019781867563021527
-0.005739744295354239
-0.008838595617036277
-0.008392902064827179
-0.005287049752752425
 0.0015383578779414667
-2.2735002730520093e-05
-0.004657011292826245
-0.0025732199779630316
-0.0011894704420118349
 0.0008173162771710554
 0.00012427520234995632
-0.00473634792959398
-0.004288320904788499
-0.0035486098054363507
-0.0021508594339069084
 0.0006539749132356693
-0.003884629000408743
-0.007872533381309044
-0.007844531423850769
-0.004995361097377096
 0.0016667034515706683
 0.00015228002282614145
-0.004015301747994901
-0.0014531485508751524
-9.973415867680496e-05
 0.0019163864508915732
 0.001631703080435816
-0.002155522657176376
 0.00011027952020396109
 0.002747103840407661
 0.005514602626008273
 0.008902805122244194
 0.00443187191389461
 0.0001359491502730334
-0.00037041411683820524
 0.002119401429793978
 0.008713795273446907
 0.0071550358653712925
 0.0020750663093682536
 0.003064458976532354
 0.0029081165988771307
 0.003783169108818936
 0.00247875821374801
-0.0027038841364954505
-0.0018918353866557297
-0.00046374987137343116
 0.0020914029079571947
 0.005957967286449664
 0.002021399302669577
-0.0012221273199876093
-0.0010284488081868312
 0.0015197035533546788
 0.008331110348470339
 0.0069053588783880016
 0.0019187282262399033
 0.003295477344401984
 0.003780839930749437
 0.00526492878834469
 0.004777233302004448
 0.0006843226542673428
 0.002051737882043936
 0.003694502876192579
 0.005631285417484269
 0.0082821105732662
 0.003626833029803128
-0.0007437608569024062
-0.0012174555076644097
 0.0014917064630268623
 0.007682409547507207
 0.005332602929261014
-0.00036106991958821666
 0.00039497548793854254
 0.00020596449393409794
 0.0007753320937509828
-0.0005174114383380696
-0.005305696919794427
-0.004486647752165583
-0.0028275484498423223
-1.1046739717877896e-05
 0.003930188761858536
-0.00011371896135472376
-0.00453331577258409
-0.005366365203187597
-0.0033432441758300888
 0.0027634538951808035
 0.0008056706731253416
-0.004705991313206773
-0.003282572743117218
-0.002682869999547477
-0.0015628028669864638
-0.002573196214914343
-0.007459487545418385
-0.00637908944699573
-0.0048926671168040975
-0.0027902080211699015
 0.0009736835630821394
-0.0025965292230673218
-0.0058563901538991325
-0.005676712477676586
-0.0028742116031303874
 0.004098204801135041
 0.00276812570750401
-0.002024826719145098
 0.0002713106019880812
 0.0021614236913523113
 0.004648905765388109
 0.004436560045419924
-0.0001463798475555833
 0.000889682271535984
 0.0026141188065576942
 0.004693243176228164
 0.008228454446035607
 0.0045275671944892334
 0.0003693193140536788
-0.0004357284453933366
 0.0012490390554900227
 0.007201727935140283
 0.005586965184751706
-2.036917803171362e-05
 0.001078696701161938
 0.001848742944266936
 0.003129819685977711
 0.002397109577018261
-0.0021018253024878003
-0.0009304217728065833
 0.0009830260425213802
 0.002882473022271091
 0.0057806462732686095
 0.0017134038240916097
-0.002328170426525271
-0.002496180167162361
-0.00011603783255972888
 0.0059043217523853525
 0.00429422594718952
-0.0008930833482466913
 0.000749681645901952
 0.002047092695787338
 0.0039162045317841995
 0.003895203564718633
-2.7363583483215603e-05
 0.0014543918015156726
 0.0038392010813110417
 0.006522694853442215
 0.009693884398215412
 0.005024606019174094
 0.0002269866473322349
-0.0009677510357091398
 0.0005000035137114958
 0.006107338449098498
 0.003920874912598439
-0.0016117883271010228
-0.00051505592050375
-0.00022570503225165933
 0.001174378811874148
 0.0007076845789012742
-0.0036069059654913055
-0.002143818361263407
 1.4644076683750784e-05
 0.0026071324175563557
 0.006140010214767434
 0.0025067936685158887
-0.000960746323393144
-0.0011147552284520024
 0.0014100624071257811
 0.007946119435869377
 0.006753715225424381
 0.0019280941824260378
 0.003008492280848707
 0.0035475247369127424
 0.005138953333941175
 0.004480914348065669
 0.00012898824213113114
 0.0013517281689325658
 0.003246508203489533
 0.00601634046168651
 0.009476880608410017
 0.00480526875677232
-0.00015336022421930107
-0.0017167865774876667
-0.00045904456174062497
 0.004854272826503331
 0.0024157942495949478
-0.0034598894617714065
-0.0030538649437006488
-0.0028345182333397584
-0.0012944260334315436
-0.0018287909716992526
-0.006453733371409483
-0.005681353655708106
-0.004253268140425814
-0.0022768165649957733
 0.0008173683840971002
-0.0034528861809643707
-0.007191108994052724
-0.007279780666413115
-0.004880970551039504
 0.001515078121921698
-0.0005033753876394764
-0.005959034031658622
-0.0044516104480996355
-0.0035298884862303634
-0.0014414302261743991
-0.0016491090009498402
-0.006425727119424338
-0.005511005575344188
-0.0038962422523520224
-0.0019407919302893498
 0.0011277248202434254
-0.0034342138193647204
-0.007786139925299265
-0.00821783206932655
-0.005910027385211493
 0.0009247141358678934
 1.2326636987705641e-05
-0.004913633727654694
-0.0030351880012723376
-0.0017331100061942079
 2.9938918093760924e-06
-0.000365694492115827
-0.004829627282676288
-0.0033992082947976246
-0.0008417220428706199
 0.002229128180258527
 0.006513384153501826
 0.002870833716864793
-0.0011870748419267121
-0.0013737523633347848
 0.0008313795265398327
 0.007337101411530586
 0.006305706810235345
 0.0007217071734156658
 0.0014824195261351689
 0.0018581089004530774
 0.0035475433465291875
 0.004011904679509279
 1.6999880819858204e-05
 0.0012864092595487667
 0.003302529869117145
 0.005337318259456519
 0.008361499030658193
 0.003843896370381149
-0.0007273761596124986
-0.0015417578094450088
 8.233940393265193e-05
 0.005654672250374047
 0.003951237541323281
-0.001000391021879224
 0.0006307066092875596
 0.001867447371667233
 0.004035243699999885
 0.003962906335814101
-0.0006947046802453505
-0.0002023416761087818
 0.0007357145939351079
 0.002273473321246944
 0.0051949812982082025
 0.00034135858405337505
-0.004281250343060469
-0.004976624890477947
-0.0027364909116577157
 0.0040212460137413475
 0.002607161906640877
-0.0026758197652466398
-0.001828768926461312
-0.0019361083795926964
-0.0005966948229725877
-0.0010470547477708578
-0.005611326859975382
-0.00447259194664338
-0.002680484706326848
-0.0002653402827786158
 0.0032745379322215787
-0.0009583810712979202
-0.0052496368897267595
-0.006290365381407488
-0.004803943051215863
 0.001197748752958236
-0.0004986855383034144
-0.005998680161653655
-0.005109626816133611
-0.004638265065364397
-0.002741151558211058
-0.0024494671973625884
-0.0065050422835577215
-0.005415310294749565
-0.0038122143347392654
-0.0017844263621890136
 0.0017694526883894196
-0.002356126575696907
-0.006803725058082757
-0.007443096263187274
-0.005783996960864013
 0.0003087002745686476
-0.0010423800724297383
-0.0065540420587618525
-0.005009282913660887
-0.003434188624807072
-0.0006363546954536101
 0.0005187145260529963
-0.003371184005799617
-0.0023794578660391447
-0.0002933330785795593
 0.0023201565156604
 0.006604412488903706
 0.0035848992354983525
-1.5648694403964936e-05
-0.0002466621951431394
 0.0016481178394138346
 0.007906491629189008
 0.006702420055762132
 0.0010717509670149852
 0.00201214070965524
 0.0028358568224768343
 0.0044856222344146005
 0.0041496024668386255
-0.0006923528843343282
-0.0003259974004019145
 0.0009154103071705097
 0.0025371740479517915
 0.005377010484039976
 0.0004883856809395556
-0.004535580532750522
-0.0054036320522996215
-0.0034971846547607877
 0.002761189135014386
 0.0012257644529024975
-0.004509910902681449
-0.003835537036027764
-0.00376319909923839
-0.0020854320161441467
-0.001548733032676483
-0.005424630728950851
-0.003760864481434853
-0.0016397376050296675
 0.000847744469006137
 0.005127333497056692
 0.0015151182041725011
-0.001975756513700265
-0.0016700713172735637
 0.0008734140990752023
 0.007950836770177418
 0.006695428799630344
 0.0010880944368469245
 0.002028484179487186
 0.0017204660830676885
 0.002373838696354026
 0.0013541114580406521
-0.004330227500423084
-0.004327893741524924
-0.00325682953348775
-0.0012033733623773857
 0.0028428684060358214
-0.0007296778527100117
-0.004467900665798365
-0.004481901215074809
-0.0020270877573882323
 0.004506635798758991
 0.0032348935200372936
-0.001856743398947605
-0.000328318562021257
 0.0007194109200521839
 0.002205833250243802
 0.0014894574494589766
-0.0033781661002740895
-0.0026174537475545726
-0.0007506753841540897
 0.001638800840834037
 0.0051436769668886245
 0.0010017633946276874
-0.003126149342055018
-0.003375830623565168
-0.00083001173462003
 0.005895056574429812
 0.004772656541876016
-0.0003329812126871279
 0.0008500896799759627
 0.0018324819293509403
 0.0034309109441684887
 0.0029875514371593415
-0.001219699367800052
-0.0002256397554432077
 0.0017904808541251774
 0.004163622770938687
 0.007551825267174614
 0.0035359192151178317
-0.0010353533148758087
-0.0015883860339145073
 0.0007264190679896684
 0.007278810404907882
 0.00631975345410022
 0.0006634161667929614
 0.0012467846021880988
 0.001671476901029846
 0.00292455197158413
 0.002229177424166659
-0.002881127275589229
-0.002416765942609138
-0.0009653457013631128
 0.001340125510155575
 0.005440037148285372
 0.0017904862938592156
-0.0023934297851364444
-0.0029231277782114096
-0.0008020009018062241
 0.0055310440110528936
 0.004508983300143148
-0.000300303434680578
 0.0010017745603975517
 0.0016154781395455453
 0.002952558223569275
 0.0020751728136346806
-0.003177473714499987
-0.002818118648356696
-0.0016257138653081038
 3.105196441877123e-05
 0.0035685967068226007
-0.0003096344620481528
-0.00476890030741587
-0.005548279868302787
-0.00422986756505004
 0.0012607937405182887
-0.0008556656180905634
-0.007270381499219169
-0.006313657448404293
-0.0055342773149138005
-0.004117859162613369
-0.00426020070469036
-0.00907882132989957
-0.008630794305094096
-0.0068130188662174455
-0.004386207079687357
-0.000260627242997441
-0.003396814126221462
-0.007174705973448155
-0.006831685215479475
-0.003499486061556513
 0.0036176056436840603
 0.002891895952513726
-0.0026477677049748585
-0.0019197239686045767
-0.0009326647740368482
 0.0007661035624247567
 0.0008057728828648955
-0.0034108118124799927
-0.002227740919816902
 0.00013140016141836158
 0.0024672065166898988
 0.006256766299502038
 0.0024275380551551373
-0.002104065440700159
-0.00288811194677982
-0.0009676637136627475
 0.005720069033845129
 0.004889353075837995
 1.0062163123075729e-05
 0.0018348380197888425
 0.0030132419672591823
 0.005094699809526024
 0.0054610552934584305
 0.0010787940437710364
 0.0019631804440983294
 0.0035429416781448952
 0.0052417100146065
 0.00854357402477661
 0.004385326144341055
 0.0002690807706402232
-2.960343539377963e-05
 0.0017391690789590325
 0.007554183075423257
 0.00514603964226773
-0.001665366580244347
-0.0014436863972870848
-0.0012080053787515838
 0.00041142488943333305
 0.0005817686752703707
-0.003700153252772967
-0.0024727463807787745
-0.00032361783321711857
 0.0017858416802062071
 0.004943030389401165
 0.0005701030300992588
-0.003996502554701638
-0.004691877102119102
-0.0026804234377434746
 0.0037622946871451943
 0.0027682356473919326
-0.002526413387477451
-0.0013946788919345782
-7.62665886818309e-05
 0.002145199609367404
 0.0020495275192178933
-0.002358401929029613
-0.0012663364676250843
 0.0005584393890406755
 0.0022875428692551436
 0.004714354655785236
-0.0003749487906032911
-0.005527255997093895
-0.006957674412368987
-0.005375579705726045
 0.0008151233787542927
-0.0005592916942078266
-0.006021950756016102
-0.004803877774407404
-0.0033431236427758845
-0.001058653684624565
-0.0010609868709191492
-0.005508585353305
-0.004680202295290661
-0.002923097143919723
-0.0008999761165622219
 0.0026072334820887444
-0.0009093094343441341
-0.004899547287840804
-0.005473581260246864
-0.0032731163155649765
 0.0034192833771356304
 0.0026352368710559765
-0.0021577155555931316
-0.0005826212667393166
 0.0005911157355382793
 0.002574567728757436
 0.002250215324163328
-0.002834421177032455
-0.0024540648575218024
-0.0006246220556632917
 0.0017088508270118735
 0.005118054576615155
 0.001188487010624198
-0.0028647546029745632
-0.0032311095143033874
-0.0009769746999049242
 0.005388738829303429
 0.0041659994751055696
-0.0010796466352399753
-0.0003959388782007883
 0.00030877013220576704
 0.0023598928307197453
 0.0023762274251961507
-0.0015300054148310732
-0.0002792638168731612
 0.001935201963386965
 0.004527690304259563
 0.007519202459112022
 0.003125273846442754
-0.0014506656287436304
-0.0023817209083948146
-0.0002885957031461134
 0.006063116990483994
 0.005066724478134353
 4.742520963702673e-05
 0.0011908270681617733
 0.002299226837740913
 0.004485690946844555
 0.004677035986048954
 0.0003881136402165003
 0.0014288427045008115
 0.0033982938621417297
 0.005477418231812185
 0.008394259263580693
 0.003731981302328498
-0.001345654781078169
-0.0029557505862740016
-0.0018683520700622236
 0.0033516264143268054
 0.0010368218850262054
-0.005004538380682655
-0.004432837308269391
-0.004122485166649939
-0.0024983879532722852
-0.0026243951871746524
-0.007419681086420136
-0.006665969151489745
-0.005104875698214169
-0.002965081041037994
 0.0006891373311844889
-0.0032824327415411914
-0.00701132166424405
-0.00700198748755676
-0.004374497057738562
 0.0029316059278082576
 0.0025582505986903106
-0.001880013993310052
 0.00022711204751690167
 0.001706533959919404
 0.003766990548818884
 0.0037063205476149663
-0.0008626185097823022
 0.00012210721218904735
 0.002240900615997861
 0.004672379347720704
 0.007995244611258175
 0.0037669925529314197
-0.0005662657722321357
-0.0014669859081304706
 0.00027145146246948526
 0.006364148697902146
 0.004651380098465885
-0.0009652881547030298
 0.00018978106680358348
 0.0012071754051241612
 0.0031649591997832127
 0.0028499406855746062
-0.0022300288704284327
-0.0017936692086048187
-1.5619682882800356e-06
 0.0020938967095568
 0.004903398001892122
 0.00024112004063992637
-0.004269482201848009
-0.0046451710035623275
-0.0021343542035627966
 0.004315364339114995
 0.0031066258204953748
-0.001898672612423706
-0.0004355850081958143
 0.0008034892267802379
 0.0028732797060652057
 0.002805609287072172
-0.00161632099675358
-0.0006992659800770448
 0.0013611906088224282
 0.00384167226506911
 0.006973192775703969
 0.0022222428557895774
-0.0027807221045331315
-0.0037047769663952
-0.001882334582325805
 0.004121690694444666
 0.0027519425666752903
-0.002517038269633988
-0.0014366401712113258
-0.0010539503791043014
 0.00031813179386502854
-0.0002162331444026805
-0.00527753491963473
-0.004829507894829249
-0.0034807604478236526
-0.0014483055300806569
 0.001545540097368174
-0.003205409822546218
-0.007809350968889087
-0.008866413768744433
-0.006873627885139781
-0.00012989179531894962
-0.0009862759518861897
-0.005347535948206222
-0.0031634053116989594
-0.0015393080983212987
 0.0009528409209072497
 0.0011978558298282455
-0.0027947154962648033
-0.001317627056458659
 0.0007964994021573968
 0.0033446517636989137
 0.006931199430626568
 0.002877957817027821
-0.0012592888100403724
-0.0017423173511878706
 0.00024580158722403017
 0.00639216869237328
 0.005057422653549505
-0.00013688705967582204
 0.0010438503603908897
 0.0017742275693575504
 0.0034636620154336606
 0.003071638905544724
-0.0017446482470681174
-0.0007715898880786345
 0.0013238687897664456
 0.0037156784873509374
 0.007325560880242339
 0.0035243343070519087
-0.00026522490315665503
-0.00017888613078904936
 0.002504607641342124
 0.009495691826378522
 0.00885632062127402
 0.0041310388999197326
 0.0057854712570502426
 0.006809866013159943
 0.008534302548181653
 0.008356958917159069
 0.003659678866961266
 0.003904693775882262
 0.004831082682944285
 0.005857810911650364
 0.008205284629903761
 0.003550007086440682
-0.0011566068541426153
-0.0018099788948253703
 7.080030415335808e-05
 0.005832144430901
 0.004159044865603083
-0.0013409497577471577
-1.3203564108922594e-05
 0.0010718614795064904
 0.0024299428168975817
 0.0016598971463961665
-0.0033244000331555668
-0.002913708569892058
-0.0012966117743035271
 0.0008945192799928656
 0.004280388303632414
 5.213624530565897e-05
-0.004330125004381742
-0.00470114686090331
-0.002524016642185163
 0.0039000337019325093
 0.0027893010323605805
-0.0023700065919191465
-0.0011939361170451787
-0.0007155739484868487
 0.0006611751696752322
 0.0001081424506365336
-0.004570469818790279
-0.0032357232073629213
-0.0012009348170235468
 0.0007988514843702138
 0.0035523494343925877
-0.0015999577720980235
-0.006329906438645054
-0.007013613623080662
-0.004822482568784273
 0.0018115803090070076
 0.00032515855141896505
-0.004803813929107913
-0.0033290589618981473
-0.002370001438486896
-0.00012753398707029961
 0.0003508281814880304
-0.0033127235085163714
-0.00196630953410714
-0.0004192169164098092
 0.001433560611412442
 0.004751758929757162
 0.0006378470286527022
-0.0034830652902408804
-0.003758414770311143
-0.0016419548390987082
 0.004835765374735561
 0.0037857029926693306
-0.0012802657277554558
-0.00011119567067061076
 0.0003975016416405755
 0.0016552436573876103
 0.0007895256104348894
-0.003954423891690387
-0.0030093672038573743
-0.0011495892582460074
 0.0012538878023203512
 0.00438074136776246
-4.352238865965724e-05
-0.004288108755161023
-0.005018485391524101
-0.003032699925708565
 0.0034566876511075637
 0.002541966679630997
-0.0023489915960658025
-0.0014552713053530078
-0.0011612534719081732
 0.00011515632460985803
-0.0005055470997236758
-0.004974146835476881
-0.0038960822096505976
-0.001940631887587918
 0.0002948351460395557
 0.0034193552388852924
-0.0008042298742487186
-0.004922808720545922
-0.005396503371307919
-0.0031540359198913223
 0.0036130348958932426
 0.0027169817051876585
-0.002346653542640756
-0.0016652792581979478
-0.0016979475882453812
-0.0005125432229859186
-0.0009769039833624274
-0.004864469042618669
-0.003368712822041549
-0.0011565805143778016
 0.001774261352968945
 0.005227801081903315
 0.0014055732553455297
-0.002059633263967131
-0.001984961854581392
 0.0009855490469036984
 0.007768954170862881
 0.006560215652243261
 0.001993610067442371
 0.003655042842361997
 0.004630434673947859
 0.007010577008550491
 0.00743760277998861
 0.0034240302005282067
 0.0044390910662524125
 0.005906845615673055
 0.008298655313257547
 0.011707859062860836
 0.007647617031472959
 0.004733110044904412
 0.005598828664460723
 0.00854600483998208
 0.01507506145093656
 0.013201283242350537
 0.007472608304555706
 0.007871632404837348
 0.007738624753145851
 0.008513337941443606
 0.00705025090981929
 0.0017276002037934293
 0.0018046050857755333
 0.0029153383279510517
 0.004602439301430797
 0.006949913019684194
 0.0016925995463567892
-0.0037560586798732476
-0.005237813492268539
-0.004124746777496656
 0.0007778794337855929
-0.0015999288556170846
-0.007645956066518692
-0.007078921939298176
-0.006551556846216
-0.00517947467324667
-0.005655502796605046
-0.00989075527272092
-0.008808023701701882
-0.007071919803698309
-0.00486212096863093
-0.0020432857859101136
-0.006626225678885617
-0.010551126299683838
-0.010609462828291377
-0.008098646028291835
-0.00170259735533064
-0.0031026806268528648
-0.008023974046302517
-0.0064955492093761655
-0.0055271577955794265
-0.0032543552004099738
-0.002852997627531967
-0.0067895656113120435
-0.005354479678240633
-0.003158681678751496
-0.00024884106477211787
 0.0035010496839016844
-0.0008112073878945164
-0.0056041598145436244
-0.00673356026488655
-0.004817778976962214
 0.001370590634921745
 0.00017585295188037725
-0.0047081049060272995
-0.0034970323422077246
-0.0027433204072773304
-0.0009582135847499146
-0.0012685651537657772
-0.005774500451060968
-0.00482244334543884
-0.0029393306738637395
-0.0005871900104175917
 0.0026026673151265944
-0.001483242914821381
-0.005373141446674001
-0.005793166227719415
-0.0033196849892618494
 0.0033377126144931643
 0.0018932933636398377
-0.0030116657476351935
-0.0013245647741554553
 0.00025286298729473855
 0.003435719895049802
 0.004117094179492617
 0.00011285549041770843
 0.0012912594378880482
 0.0028966888704947263
 0.0052371621709590005
 0.008574028270074717
 0.004250103835296649
 0.00025286556401086374
-0.00014149101847445167
 0.0022666529872846647
 0.008770041399679032
 0.0073302890940184565
 0.0020939768740584064
 0.0027286817065737545
 0.002829021314519599
 0.004075095967284774
 0.0031533745780190775
-0.0017142489717139747
-0.0010002060709219385
 0.00028553761598158756
 0.0025956757726930055
 0.00624756067231913
 0.002238655038051464
-0.0015532376447534649
-0.002050267021479202
 0.0003952125458218797
 0.00707127793034789
 0.005346841967929755
 0.00027153935711946714
 0.0017369604339437308
 0.002495339314066876
 0.0043271155885217585
 0.003687744383417249
-0.0014855640764407235
-0.0011682115170321486
-0.00029082553449397835
 0.001307603480323577
 0.004415789264994696
 0.00010819913839124617
-0.004043048324255193
-0.004628749659643112
-0.0025636261255508885
 0.004051768971469409
 0.00275902543938035
-0.002766637382529996
-0.0020315932283705915
-0.0019429209834066138
-0.0005755057556300278
-0.0011495397280360878
-0.006182839832111653
-0.005704477663553323
-0.004526073716082976
-0.002397946421888675
 0.0011372648479187758
-0.003144657080124569
-0.007298238015367373
-0.007883939350755303
-0.0062645090825703895
-0.0004238268875460527
-0.0024679485956673325
-0.00824562645798601
-0.006770871490776244
-0.005660138248600732
-0.0033593339822747953
-0.002808634163228893
-0.007095223036464978
-0.005984489794289456
-0.004057041143383268
-0.001788905493406559
 0.001977319563441847
-0.0018145731193630818
-0.005545795514662312
-0.005179440030729898
-0.002446943334074893
 0.004740152549056881
 0.00406111230981402
-0.0011985346361097632
 0.0003812265979367957
 0.001291281196824201
 0.0032047290121521577
 0.003547749770120838
-0.0009441846915961144
-0.00010413427059990238
 0.0011956102518818484
 0.0028780442801688427
 0.006240578577844658
 0.0018023139858443019
-0.0023746016753622354
-0.0024096034780060477
 2.654219890954601e-05
 0.006900952754127283
 0.005916227604759516
 0.0006262455150828697
 0.001622638600036093
 0.0019213233786736783
 0.0035757557358041883
 0.0038511057884780334
-0.0002884743111865318
 0.001337956374787501
 0.0035244204838911428
 0.005631546524718083
 0.00947244270465044
 0.005202188139588962
 0.0004909072538129278
-0.00030013967005586284
 0.001237619057255987
 0.007593998696078831
 0.006282587383218796
 0.0007219224723628501
 0.0018443230775202282
 0.0021593421643324243
 0.003417084180079459
 0.002962057310088445
-0.0022975896358353384
-0.0019779036038303915
-0.0008951720328113644
 0.0002622306612916278
 0.0037227708080151203
-0.00012279174450639807
-0.0042903735153274475
-0.00437204476989872
-0.0023092547084028747
 0.004254803991497205
 0.002875721973342335
-0.0033919851342147436
-0.0027852819728558798
-0.002904288788969124
-0.0019919007174853468
-0.0020409033557073977
-0.006656511865032126
-0.0057557911565302156
-0.003975351279195544
-0.0017515516085499297
 0.0024486993512239305
-0.0014481995984178125
-0.00604747379956793
-0.006668177223901457
-0.004845734839832062
 0.0017206573326643895
 0.0006682614780017943
-0.0049834088641127205
-0.0036906647594200787
-0.0028109453042855295
-0.0011215108582094124
-0.0007971578810117286
-0.005100081062422428
-0.003870340717831877
-0.0019218908135583135
-0.0003047940179697825
 0.0035454360523480694
-7.377965832523065e-05
-0.004192358504622441
-0.004103686259658457
-0.002397917505407736
 0.003930460462258638
 0.0026820529095006734
-0.0037419968620134164
-0.0032986367824006935
-0.0035553184816999664
-0.0023815814794223705
-0.002332578268596737
-0.007398546989021537
-0.006469824609363142
-0.004589045410384414
-0.0027456017729476576
 0.0010066224483225097
-0.003062953473450855
-0.007139529813013346
-0.007008855061314642
-0.004565708966609933
 0.002535048430456023
 0.0016553295479250565
-0.003924003143701879
-0.002722264470267799
-0.0018448784877296287
 8.957058096568937e-05
 0.00046525995528359093
-0.00361131638427889
-0.0021202271088945207
 7.0903945401872e-05
 0.0019960191237116884
 0.00564090360554869
 0.0016249975534919081
-0.0031422866745970945
-0.003618314797955477
-0.0017095339278202643
 0.0045768415331113865
 0.003622451527496469
-0.0022578991290626363
-0.0016255277691436532
-0.000993156409224684
 0.000502599811352443
 0.00043026244716665857
-0.0043673569246752
-0.003781655016683691
-0.0019148766532832082
 0.00018758244235099475
 0.004189488231433114
 0.0008386218693427483
-0.003123614312997444
-0.002857598150709087
-0.00016243701559606055
 0.006933653436277158
 0.006539296853791843
 0.0010533030660198478
 0.0025607266495788275
 0.0038814724254279537
 0.005960596795098416
 0.006891652647353183
 0.002474389308720182
 0.0032164338806687093
 0.00479852858731164
 0.005946597391029131
 0.009194791531482657
 0.004530180097634083
-0.0009394793819633013
-0.0021948873525103885
-0.0012544976098701269
 0.004961873673170317
 0.004035485338711883
-0.002318560254911013
-0.0021225482705138563
-0.002057210751513612
-0.000771467064610093
-0.0004401136696232863
-0.004810707556328814
-0.003870317813688559
-0.00198487166951708
-0.00039811001768139814
 0.00307643096462034
-0.0005894541979804338
-0.004388347298574485
-0.0041479993348462404
-0.001977869533917209
 0.004833537261198451
 0.00390714892674001
-0.0021178770307942324
-0.001490172616068014
-0.0014925058023625912
-0.00024176420440467222
-0.00012975723347696116
-0.004992713838017276
-0.004355675532905549
-0.0028972548738704085
-0.0017608534331347778
 0.0010789830029534
-0.0034526204929018894
-0.00808923025559399
-0.008553591015970495
-0.006598140693907822
 0.00020159873822597069
-0.00014608839233187093
-0.0053217303247862086
-0.004238998753767181
-0.0033989483327709694
-0.001599840674665308
-0.001522835792683197
-0.0059727677476654195
-0.0051280503814764705
-0.0035039531680988167
-0.0015298350652651546
 0.0020193770401205346
-0.0018798553821175804
-0.006077772296691472
-0.0065141313859115105
-0.004920369316286699
 0.0013730065624340676
 0.0011373261165021492
-0.003816635919296728
-0.0022648763564066393
-0.0007714536084258983
 0.0015503519112674002
 0.0025490784688169885
-0.0013664882615957302
-1.0740396801010854e-05
 0.0026517521219627943
 0.0052279061546607886
 0.008949795232178107
 0.004964224323874181
 0.0006192986357287586
 5.2265081111821377e-05
 0.0016670284041039804
 0.008035075405908705
 0.00709935318106477
 0.0012866732298005001
 0.0018723751377920025
 0.002213062423164311
 0.0036901508629704413
 0.0038838293747712263
-0.0007411130249390038
-0.0003304215616754952
 0.0011069978439922842
 0.00268675907803885
 0.005993290033401703
 0.0017837057558459449
-0.002726896486641997
-0.002939242206610175
-0.0009884588297402463
 0.005451925822552044
 0.004511536652515372
-0.0010397943679550867
 0.0002716175175085378
 0.0012913453284254875
 0.0032257943971208125
 0.0037974954695340693
-0.00048209298591288946
 0.00014561142881332895
 0.0020100563196174467
 0.0039165037171562805
 0.007015355611441912
 0.0028454403680244836
-0.0017818355042821116
-0.002383871147844656
-0.0005334270926187767
 0.005631607793301456
 0.004434536637663709
-0.0017748336549840357
-0.0016768275196345633
-0.0016418251443871684
-0.000570760936350001
-0.0006781003894813856
-0.005256373337264149
-0.004425656806653432
-0.00254487760767471
-0.0008671105245804597
 0.0026961024163834613
-0.0009231132942898387
-0.005284373290609878
-0.005846739900034065
-0.004262311720794762
 0.002306413924298069
 0.0024020865870511693
-0.0025682097569223183
-0.0013664710834882451
-0.00028840645766195494
 0.001571371487949412
 0.0022224106286393777
-0.0020385100460366123
-0.0013104663096663235
 0.0009156668335756693
 0.0030181259292098583
 0.00657433845238467
 0.0026704390849538115
-0.0019708376229310293
-0.002591541047264556
-0.001186790257945991
 0.004651558464481967
 0.0035991626098193716
-0.00206417509527701
-0.001098117154076636
-0.0003490721643389996
 0.0015410409250252236
 0.002409093017177906
-0.0017934908425887366
-0.0009184383326469384
 0.001247024523089349
 0.003020463982634898
 0.00636433049953973
 0.0020194048113943014
-0.00283188443016414
-0.0029625586092592512
-0.0014154659915619205
 0.004581558867419434
 0.003568832046895183
-0.002523864615933895
-0.0017701526810035076
-0.0014528001215949327
 0.00026463599563765483
 0.0011606897589468215
-0.0030792296623618
-0.0022648474399257004
-0.0005824134116387131
 0.0011816921575213482
 0.004525558674426174
 0.00017363256849163566
-0.004836332809620203
-0.005725385582536664
-0.004287966176868878
 0.0014127076623730583
 0.00033464360915035074
-0.005296025479596796
-0.00445130811340784
-0.0038236036986816213
-0.0022345085742495607
-0.0015204656734575175
-0.005737050368802406
-0.0048246622973186284
-0.0026848676401424534
-0.00020671945649214374
 0.004089203879733022
 0.00024130785461512483
-0.003982277258518879
-0.003951941828464242
-0.0015577986582833644
 0.005703968347932346
 0.0058486439352092925
 0.0013333747475286067
 0.0031068142070741628
 0.004345888442050208
 0.00604465677851182
 0.006212667091752493
 0.0014780514800127181
 0.0015783910879585625
 0.002528114720984319
 0.0034591705732390857
 0.0066233597002231595
 0.002173427745240944
-0.0029298765367258284
-0.0035505799610593552
-0.0017234706317972165
 0.004859255848873853
 0.003869863754313335
-0.002047822463787735
-0.0012824431658754812
-0.0012241060646643528
-0.00037472175328265994
-0.00048439467901041644
-0.005081335407564162
-0.0043136226370555295
-0.002304502445276274
-0.00013670611694361484
 0.0035408469812426013
-0.0005380628309162513
-0.00519567384697571
-0.005930717428531532
-0.004346289249292215
 0.0019610874650067903
 0.0010650342743012131
-0.0045516339788677015
-0.003485236716023278
-0.002724524363303768
-0.0015227856898696879
-0.0016674607045430515
-0.006334405610987998
-0.006080056811681514
-0.004775645344007005
-0.003016206720039695
 0.0006683467959356509
-0.002918200298388428
-0.0065490833720436015
-0.005851374779426176
-0.0030465404322835912
 0.004021548348433136
 0.003813869573657702
-0.001497113769386299
-0.0004003813627890193
 0.0007523543861212151
 0.0028011436120388214
 0.0034335149719578045
-0.001088754633512004
-4.102515143856317e-05
 0.0022457782793091283
 0.004156892622040713
 0.008651161128957613
 0.005430969232264153
 0.0009880376950710465
 0.0005773468044111274
 0.002122105949512086
 0.008597492690749983
 0.007673437828887915
 0.0016670796521246548
 0.002427792004844165
 0.0023974571473931033
 0.00349885649918312
 0.0037858739148388387
-0.0009930776762320306
 7.09861140160209e-05
 0.002402125524094814
 0.004303905976440897
 0.007979125602030748
 0.0039118831528537484
-0.0003467040492258558
-0.0006150531115070024
 0.0010137110470634023
 0.007619772253698205
 0.007230082616405641
 0.002173447786366342
 0.0038045454175331186
 0.005115957302996743
 0.006406367935093006
 0.005993343571836708
 0.0009717108307430167
 0.0011000521098453384
 0.002679813343891904
 0.004219905543800112
 0.007673445272734496
 0.003267849297083361
-0.002169141566164795
-0.0029648554352263157
-0.0015927732622569926
 0.004464921884230075
 0.0033728569954291215
-0.0030348584679103577
-0.0026358343676287227
-0.002542495177471994
-0.0018447865848545686
-0.0023511498519657933
-0.007711136119533633
-0.007293444238481005
-0.005382329895749431
-0.0037605661549681424
-1.0675406294347045e-05
-0.003594889028022054
-0.008089156962335375
-0.008523182578959024
-0.006929420509334226
-0.0003490275012595287
-0.00044236611881267457
-0.006075368680156193
-0.0048876308423003514
-0.003410542402494221
-0.0012567469097398073
-1.7672674763762053e-05
-0.0035832185157204724
-0.0022344710687148828
-0.00014834628125529048
 0.0017487672258980416
 0.005482323666397233
 0.0015784242989663744
-0.002710498046866086
-0.002971846691358117
-0.0012007407044089327
 0.005631667344074082
 0.005489325801997097
-0.00019267968387026713
 0.0006310364289513273
 0.0014034161446526972
 0.0031721886590055093
 0.003981903936248858
-0.0004050242586312869
 0.00035102114889547925
 0.002171130060368495
 0.003580547794879811
 0.0070924243387235145
 0.0035922157304652605
-0.0006850392523853402
-0.000986056931015715
 0.0008760544871920239
 0.007199765509665654
 0.006833410598336823
 0.0014454226596125053
 0.0024511496349512163
 0.0032538644944054493
 0.004441602332261284
 0.0041989214685402496
-0.0009627196283358563
-0.0005823633088252039
 0.0017837781901991825
 0.004429936400788377
 0.008795863914904736
 0.005559337710036666
 0.0011980777137166332
 0.00027868979704731567
 0.0012844167723860336
 0.007153100638566848
 0.006434391365185643
 0.0009320632692390238
 0.001601770190699979
 0.0017837813395188903
 0.002852512074959686
 0.0025771625948894164
-0.002519141269288233
-0.002414134716149638
-0.0013407370355160986
-0.00038867992989397027
 0.0023718184379175195
-0.0022647913247745774
-0.007342427408181237
-0.008049469318580582
-0.006206025681143826
 0.0003416987105816366
-0.0001506637209513495
-0.005622656673145106
-0.005057956018520958
-0.00474060345911239
-0.003412857265474155
-0.0032261791714624857
-0.007515101517294953
-0.006672717623702373
-0.004448917953056762
-0.0018447622492022905
 0.0024091585802881524
-0.0007736977548633284
-0.00459592558142112
-0.004644928219643164
-0.002684810952387748
 0.0038652469119340935
 0.003300546829913528
-0.0025121331213507417
-0.0018260918917151828
-0.0012473904015127893
 0.00010369051808917923
 7.335566063811777e-05
-0.004959944443437447
-0.004698595226341841
-0.003247174985095809
-0.0017304175111513345
 0.0019098000254929234
-0.0014177316106337157
-0.004913273273699233
-0.004404575961388046
-0.002155108092182327
 0.004474287840416209
 0.0046609659344278714
 8.021863561157028e-06
 0.001298432495657427
 0.0023578293407127277
 0.003711243732911075
 0.0033682235475459774
-0.0017234133714389213
-0.0018354197697630567
-0.000454003706408225
 0.0012564319930352397
 0.004574630311379967
 0.0006660639987563707
-0.0036228583470760967
-0.003944877279073826
-0.002078098915673343
 0.004019265264952068
 0.00293653426653661
-0.002964817643389843
-0.0024257851873258074
-0.0014970628076674125
 0.0005260582196900884
 0.001058090257965008
-0.0033498391902824984
-0.0031584941510780853
-0.0018540826834035837
-0.00013664656617098925
 0.0031535500810172465
-0.0004493313214814429
-0.004231890113900884
-0.004185220375671622
-0.0015343952198896837
 0.005242009486280376
 0.004807983869656723
-8.530787863644806e-05
 0.0014944533554101178
 0.0030042104115654764
 0.004861654884580471
 0.0050529999237848774
 0.0005960675510135391
 0.0013941154652750143
 0.003466239417156368
 0.0053026826368039945
 0.008310529099831064
 0.003839595891481473
-0.001233373246732436
-0.0022297657590820766
-0.0006150024360899106
 0.005435692292608027
 0.004763652471154289
-0.0007316752070032073
-0.00023464525767388777
 0.0005844039099549558
 0.0020801601305320758
 0.001937818588455098
-0.002731459790586227
-0.002502779189839842
-0.0007783426548181316
 0.0009904298595346736
 0.0038979370009176798
-0.00013663683191007803
-0.004556233643139458
-0.004992592732359483
-0.002964804759809231
 0.003405575714591859
 0.0026075283729339524
-0.0029531365379219868
-0.0018657380217102087
-0.0012637018055440888
-0.00039564971339140637
-0.0008110075492440694
-0.005890977105247108
-0.005631961360747874
-0.004019531510352087
-0.0026194476662262656
 0.0004794042280593658
-0.0036065060018886236
-0.008163777696304018
-0.008453128011952526
-0.00645100823796238
 0.0001457190782869211
-7.596053206675168e-05
-0.0050369229856547515
-0.0034221596626625786
-0.0018213971752486652
 0.0005237430704083668
 0.0012867888957242488
-0.00259377574574287
-0.0012613626069118908
 0.0009507697007518634
 0.0029225543309891466
 0.006259420430104863
 0.002047502679952719
-0.00243276441878236
-0.002470099694022544
-0.00015762806471474045
 0.006714449017906625
 0.0067214497219975355
 0.0017231517068675706
 0.0026565410317187094
 0.0031395701454697902
 0.004436981195355169
 0.0045303203855119045
 1.971814302396263e-05
 0.0005867522702444894
 0.00225751893554961
 0.0038442805873852987
 0.00663744757154601
 0.0022878549382078436
-0.002024402133588357
-0.0027151097358130843
-0.0012636894945670593
 0.004600327426421018
 0.0033425859832775587
-0.0020547358458322534
-0.0012053515344505605
-0.0006313169894409179
 0.0006754279508299696
 0.00018773246448972047
-0.0046868915030324546
-0.004201528916685009
-0.0023907538955974736
-0.0005636445663353418
 0.0026612148481544515
-0.001378025929866064
-0.005855959556004764
-0.006341321569748641
-0.004563215165010334
 0.0017721632204451485
 0.001095456453798667
-0.004010181300764477
-0.0025540941143257015
-0.0011260085990434099
 0.0014594793240400791
 0.0024862075527461516
-0.001184344555047366
-8.994562104646525e-05
 0.0017301632904265576
 0.0035152701129539804
 0.006331771823078425
 0.002019514751282231
-0.002743102531614028
-0.0037371615713672895
-0.0020850626868331584
 0.0037509525629984344
 0.0026448868386192495
-0.0028807759832910965
-0.0019917226377710526
-0.0012380107028406653
-9.46088443159257e-05
-0.0002626185849530088
-0.00496223210774719
-0.004563208007465548
-0.0026567606099267213
-0.0004586291378412058
 0.003393934405073011
-0.00027195075752775577
-0.00457254046634209
-0.004728882843997313
-0.002395409961322148
 0.004647010620834474
 0.004756684119165813
-0.00012027332095274068
 0.0009461239418916828
 0.001781507417695137
 0.0032095929329774356
 0.0029249095625216714
-0.0017653700698870081
-0.0012333380316120884
 0.0005401014279334676
 0.002465216606243284
 0.005776414506798888
 0.0018235122148441904
-0.0024770774939701368
-0.00284576587789534
-0.0010443247471933065
 0.005165046118058021
 0.004224656948021349
-0.0011609975181066032
 0.00027642188756119013
 0.00124948024655068
 0.0028502427339646003
 0.0028385756572845283
-0.0024094039256573954
-0.0024654069816685623
-0.0012473340000598715
 0.00015508331666231473
 0.0030835917114126823
-0.0015180159623338074
-0.006084621547134704
-0.006688990663293613
-0.004924885094133559
 0.001877187810596613
 0.0012798191122268127
-0.004108168826497498
-0.0029927686391292424
-0.0021107157113983144
 2.2078527988737828e-05
 0.0007827908807082479
-0.0033451218559744575
-0.002491070599400007
-0.0006406265441741277
 0.001559838400507746
 0.005323729984759787
 0.001622842733213406
-0.0026334109962698263
-0.003538798077360905
-0.002089711308711245
 0.004343672925791922
 0.003963317178884859
-0.0006779595289999885
 0.0007594598766678048
 0.001396498181779525
 0.002731244793206883
 0.0026612409016174704
-0.0016836847865279517
-0.0011586531660421548
 8.275454153027634e-05
 0.0018981965078105484
 0.005284065531450097
 0.0015808448073073508
-0.0022227152384794516
-0.00266374127289222
-0.0007199583138114141
 0.005720426338480883
 0.004691365209782014
-0.0005356131197925412
 0.0005307841430518753
 0.0012844960779822695
 0.0035923007620973224
 0.0043926821489551765
 0.00016443009062842157
 0.0008481378476676155
 0.0022598890547752895
 0.004082331438844684
 0.0076408774346158614
 0.003270283547910334
-0.0016253416729792025
-0.002337050528571291
-0.0008226265272231817
 0.005057724701939506
 0.0036669753208027622
-0.0024303882872190596
-0.0018026838724928274
-0.0012496505808505531
 0.0002997755094431634
 0.0006007937606771138
-0.003933143207774548
-0.0032120998891933886
-0.0014759959911898046
 0.0002204388726754214
 0.0037323154165191386
-0.0004772688610366338
-0.005491901184341209
-0.006441624244763383
-0.00486886342850594
 0.0016811944358159012
 0.0009204826556999737
-0.004906198131142542
-0.0035014473418239767
-0.002271706997233426
-0.0006709445098194988
-0.00033259069704356936
-0.004955199624157421
-0.004010142936324415
-0.0018143449368352854
 7.110120733619385e-05
 0.003902663496883056
-0.00015291158931207
-0.004894527618840967
-0.005349554488831981
-0.003699789076894222
 0.002983276725420904
 0.0028339347655547964
-0.0022530352082373514
-0.0008459509463224213
 0.00026711576844946905
 0.0021035589880970956
 0.0025025830883787376
-0.0017886727300501018
-0.0008529499326025841
 0.0012355083274533732
 0.0031512896153777017
 0.00676117200826909
 0.003078952537493712
-0.0015926593141439849
-0.0022343639918448732
-0.0005869320525034791
 0.005372757244935897
 0.00429936013690594
-0.0018026704163086327
-0.00119363378235339
-0.0004515892104048694
 0.0009764963048774292
 0.0012565133027440181
-0.003242421576762043
-0.0024233724091331996
 8.106322589643278e-06
 0.0024325846365233633
 0.006495160713111195
 0.0029832847418710604
-0.0011842970289499821
-0.0016556582071156137
-0.0002999103423208943
 0.005853457180617472
 0.004822062579322238
-0.0010186190430985162
-1.289206775980517e-05
 0.0008994960037239791
 0.002840945490208413
 0.0033869783640615783
-0.0008902766187890224
 8.278174020046741e-05
 0.0019262253776372168
 0.0035479891184185056
 0.0065838372526020456
 0.002210909893300146
-0.0023416948559225118
-0.0030930727456529444
-0.0015693148539193472
 0.004325037210821586
 0.0028806179599682527
-0.0031700761961260954
-0.0032120784165590305
-0.0031024049182276844
-0.0017723252519930774
-0.001921667211859178
-0.00646727154329272
-0.005706559190573203
-0.0034734256295420943
-0.0010932832949394691
 0.0027966158095167337
-0.0006592568194104392
-0.004985514726784872
-0.0059352377872070455
-0.00433680877238949
 0.002301921050594534
 0.0019775686460004258
-0.0027757147465103382
-0.001415299936522868
-0.0002905658587691179
 0.0017115539152210285
 0.0020779093991534353
-0.0021153405702277125
-0.001457301011748638
 0.0005961551593617262
 0.0029272945694405056
 0.006553511270506518
 0.0025866081429735815
-0.0020943375990496033
-0.002444358202203817
-0.0006312497085199237
 0.005533785177400316
 0.0047380713083387885
-0.0009579350131068143
-5.2547359412159766e-05
 0.00041181397356793853
 0.0015272141609361939
 0.001471211104925027
-0.003608758451078012
-0.0035177527335176553
-0.002152670978337441
-0.0009766005034634734
 0.0021385856989967686
-0.0022086734617450254
-0.0073796484490066296
-0.008040020907478497
-0.006112572256572309
 0.0007221692645070915
 0.0006521653729176791
-0.004626149353777094
-0.0034687466596741087
-0.002255340623258162
-0.0004468990747670057
-0.000400229336537751
-0.005102176331928297
-0.004668150142701062
-0.0029203788817156184
-0.0010209319019659074
 0.0025889504909254943
-0.0009532606240674965
-0.005034503908822721
-0.005251516573983657
-0.0031817260946986822
 0.0036483484811879532
 0.003405667617466919
-0.0014199534255314172
 0.000306816582086665
 0.001515555673309861
 0.003333331112186512
 0.0036740183975588134
-0.0010115942896571223
-0.0009229220446931377
 0.0005168308335710206
 0.002152595409930548
 0.005610802084057669
 0.0018609119079874559
-0.0025050150335253277
-0.002747695897246362
-0.0009089192050023634
 0.005519798084308067
 0.004763753249384883
-0.0012892743793058437
-0.0005588971703391898
 9.914238813989174e-05
 0.0018492471217217074
 0.0028036376999402146
-0.0014012796324228138
-0.0005775635196012194
 0.0013008822067811301
 0.003237664748072827
 0.007160232468878244
 0.003263333519236515
-0.0011095938400653843
-0.0016299579427548616
-0.00044922052268814294
 0.00568081227428649
 0.004887431877821341
-0.0008202418066061354
 2.447555958282055e-05
 0.00031382644783490427
 0.001447894415974156
 0.001401225250348477
-0.003636741798919832
-0.0032937210409511586
-0.0018866367790362215
-0.00029287470941142396
 0.0037300323330380636
-0.00011086327429071785
-0.004763807345157425
-0.005300505756021513
-0.0038700867681428427
 0.0027243070755100934
 0.0022692802055190794
-0.0035130646019923342
-0.0023206598189437558
-0.0013125993710086659
 0.00019015726735756994
 0.0005728470594646012
-0.0041057652099622186
-0.0035387310827416987
-0.001627616740010121
-3.385467038530959e-05
 0.004063723495148115
 0.0009252031393277224
-0.00319570917956586
-0.002969362051415847
-0.001191255646677547
 0.0050251156363629035
 0.004537420150022654
-0.0017676225190763964
-0.001468937740438818
-0.000785229983399624
 0.00029983506021578205
 0.0004841796816310723
-0.0041967660603921125
-0.003926082952911011
-0.002166644328943701
-0.0008505654982873326
 0.0029039921955792136
-0.000645219337202893
-0.005797526543693497
-0.006555904851213053
-0.004927140692642648
 0.0020639434923937564
 0.002672980126348999
-0.0027406760109354306
-0.001552938173079589
-0.0004235371501330881
 0.0011212219949678776
 0.001947271580385837
-0.002610000114029558
-0.0016252743920582083
 0.0010768871608439479
 0.003048671791081231
 0.0076689478182023
 0.004700770961917164
 0.00045618459541579143
 0.0004375171009466036
 0.0018469348354579057
 0.008375991446412392
 0.008091308075956628
 0.001601921071744082
 0.0018679372340324324
 0.002360300238169008
 0.0038350552053787665
 0.0045537650513635605
-0.00043986601857366747
-0.0003768619721697883
 0.0015342523705617894
 0.003244688070005261
 0.007323598454767703
 0.0036460459291850628
-0.0013849207022941304
-0.00190061785979085
-0.00040019469402098606
 0.00626420332752315
 0.006420546277781963
 0.0005541964568010968
 0.0014339159119356529
 0.0025493160993039082
 0.004206081929030797
 0.005095135274550841
 0.0003278510464618384
 0.00033018480535999817
 0.001982283689894143
 0.002677658809915197
 0.005781177649393572
 0.0019122803709083133
-0.0036110489784056607
-0.0045187695320931115
-0.0031093517975818025
 0.003352034108077849
 0.0036180502703662062
-0.0023696401256260713
-0.0019122792104350958
-0.00130324257647986
-0.00032785074489399824
 0.0001201762799114825
-0.0049154572967604615
-0.005029797167680962
-0.003412700372092431
-0.002409306869350085
 0.0015155943240517111
-0.0016975971548526259
-0.006371542479086695
-0.006362208302399405
-0.004719443308250769
 0.002052294452726547
 0.002899345291511868
-0.0024886426472124495
-0.0013102386997421098
-0.00016450336862099124
 0.0013265859067633848
 0.0021876375811269513
-0.0025749797017693074
-0.0024489718952633507
-0.0007315357780307633
 0.0005635417992582506
 0.004558447170551254
 0.001142243575762425
-0.003774382898494466
-0.004301747418973059
-0.003025337622455035
 0.003011356270664664
 0.002642667886739468
-0.0036717086727450846
-0.0036390397700940616
-0.003307686375107255
-0.002024276160800108
-0.0014619089787723388
-0.006485875192462409
-0.006483541433564249
-0.0045000894403450925
-0.0031373411577612573
 0.0006825537688037453
-0.0024489661692275247
-0.006971235774697323
-0.006987569796570149
-0.005309802713475899
 0.0014876032460615224
 0.0024396603516836438
-0.0031233380317686743
-0.0021059436934480966
-0.0005775188565217484
 0.001345262849191696
 0.003079033274598908
-0.0007945309490791017
-0.0004048407391829545
 0.0018189589314626595
 0.003499059487153275
 0.007701643919523507
 0.0045934587074559705
-0.0003371686023791731
-0.0008131967257375416
 0.0005168829404970654
 0.006929265921632878
 0.007507967411835265
 0.0016532849538362718
 0.002082644197870763
 0.0026940143044223777
 0.0035900680677315444
 0.004271442352174359
-0.0007595242793048337
-0.0011702151699647598
 0.0006452267963155192
 0.002061644948615944
 0.006385569955997594
 0.003027703176118099
-0.0023509508722207237
-0.0033310090763957467
-0.0027336398054223707
 0.0034920653680035676
 0.004038098241856733
-0.0016019047372759151
-0.0005401744196242425
 0.0006008939663041252
 0.0019099723791713846
 0.0026496834785235263
-0.0027943078025137527
-0.0037393639177431756
-0.0022856102039007717
-0.0014432263103081946
 0.0026356840744542476
-0.0005775074044500894
-0.0061778413494443865
-0.006926885766578444
-0.006203508975400909
 0.00013420288265095226
 0.001191266255109881
-0.0047590885793404175
-0.0040357117881628865
-0.003172326641202948
-0.0019332524062268958
-0.00017848072745232924
-0.00433206166269514
-0.0041990534384000605
-0.00198692113073632
-0.0007385130053747732
 0.0033543982149659077
 0.00013187284567607593
-0.005391456503637905
-0.00598649172941132
-0.00455373926893627
 0.0022366662728120212
 0.003625082753955969
-0.0018002407463103276
-0.0009648572705068664
 0.0003045521082220351
 0.001552960233583582
 0.0026613600031627216
-0.0016882326301754444
-0.0018609093160052853
 7.820669788277668e-05
 0.0014106198367137626
 0.005792881659004746
 0.0031373901306336396
-0.0018935765008455535
-0.001881908851561899
 1.2871182995075059e-05
 0.006763607690605022
 0.007783335501521979
 0.0015786321540669779
 0.0017443089947112786
 0.0027827045863992247
 0.003816433232894413
 0.004866496187564226
 0.0006312437114483482
 0.00031389172464336285
 0.0022740089918987794
 0.0037090949249702007
 0.008082022856875683
 0.005725215820840374
 0.0004912370734766955
-0.0004934880758910784
 0.0002812251124066703
 0.006082238273292663
 0.006812615482259317
 0.0007222522920266178
 0.0008669278793035501
 0.002117669477261476
 0.00361809264303134
 0.004896835912145743
 0.0006522495456443705
 0.0005332427295311193
 0.002556363756888627
 0.0031513995552656243
 0.006399593695719151
 0.0033684130793319306
-0.0022669229546079597
-0.0030976389126150944
-0.0020802445742945097
 0.0037557706755370762
 0.00466349180182811
-0.001933234941817616
-0.0024092630651759914
-0.0015505448634088037
-0.000857503215984115
-3.4519594096782402e-06
-0.00439504709948256
-0.004910744256979294
-0.0028689554488507962
-0.0014478703513576274
 0.002663708649754043
 0.0001085564430269928
-0.005228095098577107
-0.005970139097922045
-0.004703063191789515
 0.0012939616671918397
 0.001961335116056409
-0.004707729278076889
-0.005340100065392282
-0.005090418211278536
-0.004623723405702072
-0.0034173177870752483
-0.007892917940617583
-0.008630294994769774
-0.0068195199736822525
-0.005559444485338835
-0.0008924990062903065
-0.0030626282346157482
-0.008011923325221878
-0.008165932230280726
-0.006476497784204616
 0.0006919303181561684
 0.0030207362556385828
-0.0023695851556821065
-0.0016042058577698526
 0.00022290347149228618
 0.001720993164665785
 0.004014797013202592
 0.000570591747257293
 0.0004959209104751366
 0.003102410086925987
 0.004350818212287527
 0.009143771211540225
 0.007781023501559965
 0.0027710581234481335
 0.002339365979420846
 0.003137413893682335
 0.008702746322334608
 0.00991148541355781
 0.003324092560297573
 0.002981072374932482
 0.003921462117572737
 0.004726510449623349
 0.0064742817106087855
 0.0022413627070892866
 0.0018166709808511289
 0.004115141774580687
 0.004642506867662863
 0.008462401794227858
 0.005477890629768112
-0.0011958407095579368
-0.003260963671046571
-0.00387233320499461
 0.0013733134779545242
 0.002428043377817074
-0.004425365351429719
-0.004766052064198445
-0.0038723317734856502
-0.0030882846948024067
-0.0011281674275469833
-0.004955062199297519
-0.005204743480807676
-0.002656591119266173
-0.0013148440900496855
 0.003517777943341349
 0.0017093369674537826
-0.0034546376020186884
-0.003841993766714881
-0.002747594832713973
 0.004089480160961785
 0.006597963488364951
 0.00042826222985554996
 0.00011557718824331542
 0.0010653008212690648
 0.0015179947912672895
 0.0030090840666516655
-0.001723198072491737
-0.0030509436935263964
-0.001209833528686012
-0.000894814441873823
 0.0034851139078207888
 0.0016113356992347588
-0.004369354278968389
-0.00578810533126161
-0.00565743057956291
 0.0002135867592142765
 0.0020990329033857558
-0.0043086825599537235
-0.004997056689582079
-0.004136005015218512
-0.003291287649029563
-0.0013265034365813888
-0.005015723325145903
-0.005550088263413605
-0.003172279401407359
-0.002369564541953119
 0.001809685164453373
 3.157933231865556e-05
-0.005797434927120232
-0.006616483522145489
-0.005655092526137877
 0.0007176214208595919
 0.003937813890156634
-0.001741858123114358
-0.0017115226930597138
 0.0007222895112595079
 0.0023533871424262776
 0.005197890523707213
 0.002316052153487895
 0.0021643767210254156
 0.005491908929755637
 0.00700633293110374
 0.011992964155855428
 0.011064242348800608
 0.004920209288851327
 0.003480456983190744
 0.003515459358438139
 0.008651432829357715
 0.010816895685093995
 0.0036321338471621764
 0.00189369704916581
 0.0022810537864655783
 0.0019123654025403822
 0.0031024367129925887
-0.0017581864189513477
-0.0036786340794648445
-0.0017441850107695264
-0.0016205106768599487
 0.0025027356872335885
 0.0013243323123668244
-0.004698360172571046
-0.005601413781065746
-0.004990043674514132
 0.0007012962743423098
 0.0037511452441040885
-0.002640235911060773
-0.0035362891017663572
-0.002175874291778894
-0.0015038338977215737
 0.0010373180460308204
-0.00279891061610521
-0.0036879633890216715
-0.0007804562476386653
 0.00022993767289280348
 0.0052935734933248005
 0.0043205157069389
-0.0014851638265362538
-0.0030065876730698965
-0.003683294439716385
 0.0017910325576773328
 0.004840881527439118
-0.0017791799421703405
-0.003151261542536088
-0.002105865533059026
-0.0018118476996141913
 0.00034661473833296624
-0.0037766310531569813
-0.005526735214135221
-0.002906245202106132
-0.0025795587523120764
 0.0016883629127566122
 0.0011003281047723135
-0.004600345161866033
-0.004861693806358064
-0.0036319534617675064
 0.002134057610172879
 0.005867614050672064
 0.00029761524943062306
-0.000922790632170857
 0.0006033007321591122
 0.001490020605082791
 0.004000837405082322
 0.00047962754345670655
-0.0011141339535645153
 0.0013546803397002996
 0.001695367625072608
 0.00613829973486929
 0.0058769510903772665
-0.00011073930561501105
-0.0012844757352890243
-0.0012331390518670188
 0.0039775055421365085
 0.007683060311479209
 0.0012473431769832524
-0.000402421662350938
 0.0007713153399266648
 4.560564875633749e-05
 0.0016323673005920192
-0.0020778538413398495
-0.003739286043655893
-0.00045375634166040096
 0.0004586317298233833
 0.005055573030980705
 0.005085908461035356
-0.0012074668450818282
-0.0025748815002548317
-0.0023368670091229587
 0.0029694499613318742
 0.007272373715346163
 0.0012006783058844464
-0.0006777668478943275
 0.000757319085177087
 0.000663980467623948
 0.002976452096931745
-0.00014806742331040235
-0.00210818411796225
 0.00043763477098289483
 0.0010233366789743972
 0.005501270877716687
 0.00568561549913197
-0.0008131053954660641
-0.003697277238281761
-0.0047450061477516126
-9.439497687770138e-05
 0.0038001710727712523
-0.002124515563118941
-0.004315646044811751
-0.0029178956732823016
-0.002707882853306913
-0.000726764332684128
-0.004035628188039778
-0.006189423108190602
-0.003907286622635661
-0.004103298034429229
-0.0008131013872409859
-0.0009647768197034653
-0.007409827844584924
-0.009262604799803585
-0.009047925034635446
-0.004254972035382748
 0.0003559701013528191
-0.004773002379174052
-0.006469436670435709
-0.004058959192080221
-0.002868887881628014
 2.69518967731322e-05
-0.002644873939772585
-0.004282971416124902
-0.0010207764400931366
-2.4383355139920293e-05
 0.004143198988284719
 0.004878243142444116
-0.0010184418222895925
-0.0032095723039824026
-0.002950556559483161
 0.0019614035421845685
 0.006362333145246542
 0.0013336999863637136
-0.0006030819823243869
 0.0015623808734118866
 0.002313759335745909
 0.0045118908078314104
 0.0015273796433716638
-0.000880763789783863
 0.002106081419875845
 0.0034571623394778137
 0.007200052670362493
 0.0074217328533197555
 0.0013757056424181444
-0.0006544152301248968
-0.0003720647596619289
 0.004609899519897008
 0.009610531580226928
 0.004712572886741019
 0.002393101412247682
 0.004054534187167315
 0.004112871288378436
 0.005944647562833326
 0.0029484690353917056
 0.000528658239254319
 0.0033031574426440405
 0.0041828768977785966
 0.007890765139717669
 0.008352793000101395
 0.002239095083904949
 0.0003443156219515714
 0.0003396489630606084
 0.004304219190600762
 0.008460134171043528
 0.002633453384201012
-0.00012704441100688801
 0.0017980707673029284
 0.0021130898541151244
 0.0046939108320058626
 0.0020594205570021243
-0.0006754090396456774
 0.0019124123560341835
 0.0023604393808396573
 0.005706639370340862
 0.005895650936948896
-0.0002600494859822597
-0.002117493386393672
-0.0025935215097520475
 0.0008786859999533117
 0.004049875544726522
-0.002801199711923906
-0.00644841709375369
-0.005650369179492208
-0.005743707797045347
-0.003804591783157285
-0.007267464829873577
-0.0104293199116577
-0.008294192199674276
-0.007587149716671352
-0.0036272464343239524
-0.003050878416717938
-0.009015234086746482
-0.010660331980887915
-0.010466653469087137
-0.005706369086183667
-0.0004840571291982801
-0.0049783250635115905
-0.006572086560532819
-0.004154608664388208
-0.002878198867870191
 0.00022998691680093525
-0.0022108251327038267
-0.004467292847095079
-0.0017371296230364458
-0.00038604870343447034
 0.004138554947235286
 0.005263289024989043
-0.00012003196854253051
-0.0016997926299855137
-0.001172427536903338
 0.003916876482088771
 0.009160189692441527
 0.00431123392347945
 0.0016557423951083505
 0.003370845039744566
 0.003489852428461407
 0.005524640818800768
 0.0028784831808151626
-4.302422354250657e-05
 0.002474792994246154
 0.003405848846500914
 0.006899057609573649
 0.007529095496896246
 0.0014970691215728735
-0.0005283848057774237
-0.0006193899507341907
 0.003195838030638068
 0.0075874337433145395
 0.0025051307147151355
 0.00013898978829432473
 0.0024211262738492723
 0.0033288474001403057
 0.005970338665536749
 0.0033708504794786043
 0.00018332719913437961
 0.0021597787745644068
 0.0024421292450273815
 0.005489644742192788
 0.006217688478563077
 0.00019032904843244852
-0.0019331307279655194
-0.0020218024003259213
 0.0018820975397085202
 0.0067707229154125165
 0.0014597395723685222
-0.0016414452219098985
-0.000456040856650429
-0.0010207409386709942
 0.0007923675550129058
-0.0025701661700593265
-0.00625471911343109
-0.00451161479763839
-0.003977249286767098
-0.00027169451742439094
 0.0004260140751930347
-0.005568676738588359
-0.007799476254419513
-0.007962819049863856
-0.0038232383775957113
 0.0013780723260223282
-0.0031045282453091294
-0.005732018102523745
-0.003942244334803585
-0.0036038905220276488
-0.0011724117903048129
-0.003932909585512713
-0.007391115687036261
-0.005358660769293262
-0.0046259500877302295
-0.00033002675150506366
 0.0015647532830519034
-0.003981910792225804
-0.005370326700766169
-0.004378600561005697
 1.0661679074409902e-05
 0.00530997823174012
 0.0006266990171205564
-0.0020544607098106557
 0.00018567326900957581
 0.0001763396649258689
 0.002185459856705138
-0.0003206894254980733
-0.0036575549520102
-0.001363751103473393
-0.000479364703146086
 0.0031888545046546354
 0.004486265554540028
-0.0012167411846947043
-0.0032771972009905947
-0.0028548383747452194
 0.0018051066865141865
 0.007209429506016711
 0.0023651406822473783
-0.001079064583697921
 0.0003910234383190936
 0.000526365135210545
 0.0024911493476587054
 2.0002154401101147e-05
-0.0028758370513964626
 6.66721789321506e-05
 0.0015624283995092705
 0.005414991942423501
 0.007095092498114117
 0.0016557681622695816
-0.00044202341556828784
-0.0006287009369763605
 0.003004516181878761
 0.008121821872027354
 0.0030698539871807998
-0.00046068976483031737
 0.001098070215848894
 0.0009883972901211305
 0.002904178578045459
-0.00010133383978164906
-0.00407757085770008
-0.0022924640351726644
-0.0021267871945283567
 0.000717716186752565
 0.001277749896183969
-0.0054473178402622904
-0.008107476313826141
-0.008329155924179824
-0.004579265175506025
 0.0009347308560260364
-0.003834886844659338
-0.007363097124074083
-0.005769335054449279
-0.005636326830154206
-0.0029271648594629274
-0.00517196521087232
-0.008466828230649728
-0.005577988870037701
-0.004303912546116055
-8.73272781675774e-05
 0.001756116359269172
-0.00412890124248267
-0.005776332609220482
-0.0050226206742900875
-0.0006870283039265776
 0.0053053296098620265
 0.001420098023202157
-0.0012260596147834549
 0.0007900609947849302
 0.0010840788282297648
 0.003790907326324665
 0.00203846969275006
-0.0007803649173671878
 0.0018284577316800346
 0.0025121654887192216
 0.005643685999354081
 0.006857092035770021
 0.0010747472282586074
-0.001307728006336814
-0.0016110791575635608
 0.002127144228128368
 0.007503465376474401
 0.002675510860879693
-0.0009530387401791088
 0.00054505095299439
 0.0005193830407360725
 0.002918193156109694
 0.00046804721621944434
-0.003424184788229548
-0.0014313989046248962
-0.0007850267091276814
 0.0029438627861787525
 0.0049249813068015375
-0.00021565853670720697
-0.0017744179447828218
-0.0013520591185374603
 0.0031025403542411026
 0.009132233829571679
 0.004945984277979647
 0.0018984693534178226
 0.0037185782648908386
 0.004056932077666768
 0.006486077336793232
 0.004248277403172969
 0.0008110725550167786
 0.0029508672121929536
 0.003739581236068941
 0.007078780807781029
 0.00843219519997937
 0.0021504872568440594
-0.0012330477215955413
-0.0021571025834576027
 0.000927748475249783
 0.005578359646123701
 0.0002533754675014613
-0.004147553562956922
-0.0032491663270513838
-0.0035501840056817585
-0.0015270629783242576
-0.003382173406139291
-0.006226676214816637
-0.0037088589970279834
-0.003083488054898123
-5.230686590732697e-05
 0.001518120477753744
-0.004114882083589781
-0.006011995018139538
-0.005342288096678589
-0.0013310484172109754
 0.004621640462439278
 0.00047739341758196857
-0.0030951528411638715
-0.001177038080643164
-0.0011793712669377482
 0.0010957648008280765
-0.0008550180034382696
-0.0045559052549846435
-0.002189763755960257
-0.001431384875837112
 0.0018004749564417902
 0.0037255901347516135
-0.0020474207823743054
-0.004651575913625201
-0.004982928736008425
-0.001557390678230526
 0.004605310735093335
 0.0007994172167101535
-0.003006476301673014
-0.0011373644656761592
-0.000710338694238033
 0.0018074785235506208
 0.00011104423228897042
-0.0037881881899491376
-0.0019074089909704092
-0.0013077062474006682
 0.0020151590161368096
 0.004808326000297521
-0.0003323138432112169
-0.0026284505917408274
-0.0021897574573208414
 0.0016581391404006385
 0.008217530895107975
 0.0043976365411465615
 0.0002090535169581506
 0.0020314959010275455
 0.0022601765017739237
 0.005347361033077688
 0.004126955151476201
-8.029565348318529e-05
 0.0019568262094525543
 0.0024725239395528634
 0.005755720168951983
 0.008224534462216798
 0.0018028181632990734
-0.0014523758223399796
-0.0017230583572175051
 0.0016208081596873272
 0.008322541742773436
 0.004904004675388242
 0.0008904320959278317
 0.002568199179022082
 0.0023325187330901567
 0.004325304616694815
 0.0021108394090382787
-0.0027474502503092857
-0.0014150371114782997
-0.0015550451809589125
 0.0008297640988364635
 0.0030535637694820705
-0.002985463023630411
-0.006231323118883983
-0.0065416746878998455
-0.003573497259011134
 0.0023721912028500103
-0.001473371349671515
-0.005449608367589946
-0.003526826661876502
-0.003564161937116679
-0.0015573752179337888
-0.00334014799526125
-0.007066703445367736
-0.004749564870867182
-0.004019187661900535
-0.001062677595993676
 0.0015718132516136518
-0.0034918219962147765
-0.006147313524585876
-0.005923299869032242
-0.0019330614429319826
 0.0051536951185557275
 0.0027595525209784463
-0.0006449837108285159
 0.0015461473434678769
 0.0021621843952122355
 0.004495657277887394
 0.0033615898823517246
-0.000516641286519022
 0.0012661320634120218
 0.002068846922866255
 0.004516659962763708
 0.006824464646878768
 0.0013804733658414822
-0.001538700565919808
-0.001016002418030383
 0.00220885699645941
 0.008618906504998844
 0.00542904975205824
 0.0006570985787764938
 0.0024492058190930324
 0.002334865948172532
 0.004185310003398397
 0.0027898936770689164
-0.0020497282015076654
-0.00046296654967197676
 0.00035608261795686685
 0.002817896493432566
 0.004950690732819611
-0.0010323327179799155
-0.004744887332508156
-0.005395925900594532
-0.002586424608259204
 0.0034316015040895056
 0.000246411696341646
-0.00420818720383332
-0.002941111297700791
-0.0028104365460020903
-0.0006636414710367994
-0.001461688812694699
-0.004952563530567465
-0.002894440414264364
-0.001559693802837006
 0.0015648262900087237
 0.004451332178024382
-0.0006613059943278848
-0.0036831527203296036
-0.0035781461671910153
-0.00032295160894837277
 0.005991425523139755
 0.0027338980649043304
-0.0017627033420053659
-0.000509628271451075
-0.0009646551414420959
 0.00036075757959977417
-0.0016483620395759055
-0.006231301932551413
-0.005043564094695578
-0.0044671960770895636
-0.0017323659078381862
 0.0009067918849618925
-0.004096173075360816
-0.007013013534525745
-0.006557986091931138
-0.0025817485014091313
 0.004563344874987919
 0.0020245269764354867
-0.0024347388689322305
-0.000556293142549881
-4.292888504594389e-05
 0.0024422197163934817
 0.0022485417771962862
-0.0013823412964588874
 0.0007877885044701369
 0.001984860232711466
 0.004439673690398049
 0.00736818208514841
 0.002040864433929805
-0.001485012372888568
-0.0017463610173805919
 0.0004961064340360047
 0.006623805758414265
 0.0035272879093286025
-0.0016716887490894755
 0.00010641765564882444
 0.00029542922225685164
 0.0019241933808272632
 0.0005194431641122807
-0.004579194172661741
-0.0031324408766084597
-0.00200070638106558
 0.00042377193286814024
 0.003305610875691041
-0.0020450415014913043
-0.005423909534738147
-0.005573251494604255
-0.002850088688334737
 0.0040546570106358495
 0.0015321734202580276
-0.0030180978563682515
-0.0012306575612444567
-0.0012819936720628797
 0.0005311148216210204
-0.0008899697032685658
-0.00570158991068867
-0.00418249896414781
-0.0033867845224827
-0.0008479660513266846
 0.0020128716381288547
-0.0032934447597223887
-0.0065556391631505714
-0.006613975691758114
-0.0037718057830735605
 0.002684913177393347
 5.9756792775096657e-05
-0.0046048546410734775
-0.0029877578454849396
-0.0023530530129695915
 4.109015721127235e-05
-0.000320597808924801
-0.003690131951786163
-0.0012586532200633133
 0.0007691347524869316
 0.004278677823734277
 0.007340194156477929
 0.002113215826903367
-0.0013216555486564377
-0.0017883497816293253
 0.0008788096823272307
 0.006934171356217919
 0.004007997006667506
-0.0002062542160810102
 0.001275501168917871
 0.0017118608307414782
 0.003991663843700054
 0.0025799132091959553
-0.001590002034221459
 0.00010409935704739498
 0.0011588292569099518
 0.004022000418961863
 0.006651824321376447
 0.0013595087591034283
-0.001765010761138719
-0.0019586887003359213
 0.0007318054895843751
 0.006934175937046587
 0.004199346340398785
 0.00047979130808142867
 0.002773595156618236
 0.0033616305372061173
 0.005557428536695247
 0.004362690853653879
-0.0001619122244123014
 0.0005567976215724926
 0.000897484906944794
 0.0029299398246877967
 0.004561037455854566
-0.0012843111117589318
-0.005127540191684078
-0.005801913485734188
-0.0033120979391020183
 0.002351240338597946
-0.0007312766749094854
-0.0051952094654699466
-0.003769457422784034
-0.0033470985965386585
-0.0013683135485122455
-0.0025887194301137326
-0.006191600832612415
-0.004184814113429532
-0.0026610562216959274
 0.0005871379187575923
 0.0032402965471359096
-0.0016739964545246233
-0.004588503441093163
-0.004502164668725564
-0.0011232960628751315
 0.005510766814916149
 0.0031982957582119345
-0.0007312718077790298
 0.0009744969464716979
 0.0016348699775471445
 0.0042670273525581
 0.0037279954690976405
-7.089763149641104e-05
 0.0011541757679013956
 0.001779546710031256
 0.0041760233528085056
 0.00665650500905518
 0.0018845538357734337
-0.0011256255272464252
-0.0014429775140514106
 0.0010678392859481273
 0.007235207644464739
 0.00454238055455166
-0.0002925743788321708
 0.0007668224662231299
 0.0005801449448150503
 0.0021155701995305143
 0.00045180452461809906
-0.00434581484722376
-0.0029783996194471737
-0.001921336246988245
 0.0007248219636009495
 0.003578659235267366
-0.0014896429577537992
-0.0046514980395379255
-0.0043738145142677015
-0.0011372877367960416
 0.005713788092457962
 0.0030186275299485116
-0.0020566750808617765
-0.0009272740579152686
-0.0011069511615342323
 0.0011565175432497327
 0.0004518091054467599
-0.0039607872879934905
-0.0022690193693210084
-0.001120950565603511
 0.0017352201786592775
 0.004500385491663518
-0.0010462785836141963
-0.004474149541384878
-0.0047868345829971265
-0.001970332872872675
 0.004670730422707728
 0.0020735757092459617
-0.0024603612592057067
-0.0010882790862363767
-0.0011209474162838032
 0.0009488430630011646
 0.00010179279681941933
