
╔══════════════════════════════════════════════════════════════════════╗
║ KDEllipsPy · Inversion cinematica (NA)                               ║
║ Evento Calama  ·  2026-05-25                                         ║
╚══════════════════════════════════════════════════════════════════════╝

┌─[17:21:09 |    0.0s] Cargando KDEllipsPy
│  [32m✓[0m kdellipspy importado (numpy 2.4.6)

┌─[17:21:10 |    0.6s] Validando rutas
│  [32m✓[0m input.ctl : /home/alex/KDEllipsPy/inversions/2020-06-03/input.ctl
│  [32m✓[0m DATA      : /home/alex/KDEllipsPy/inversions/2020-06-03/DATA
│  [32m✓[0m output    : /home/alex/KDEllipsPy/inversions/2020-06-03/output

┌─[17:21:10 |    0.6s] Leyendo configuracion
│  Evento      : -23.247, -68.530, 123.4 km
│  Mecanismo   : strike 333 / dip 60 / rake -91  (doble cupla)
│  Banda       : 0.02–0.1 Hz   |  filtro causal
│  Ventana     : t1=0s  t2=128s  npts=256  dt=0.5s  (units=disp)
│  Estaciones  : 9  [A22F, A08F, A09F, PB19, A05F, PB06, A06F, A18F, A23F]
│  Mod. veloc. : 16 capas
│  Algoritmo   : Neighbourhood Algorithm  |  n_jobs=1
│  [32m✓[0m Configuracion leida

┌─[17:21:10 |    0.6s] Cargando datos observados
│  [32m✓[0m observed shape = (9, 3, 256)  (estaciones, comp, npts)
│  [32m✓[0m eje de tiempo  = 0 … 127.5 s (256 pts)

┌─[17:21:10 |    0.6s] Calculando tiempos P/S por estacion (azi_times)
│  [32m✓[0m azi_times_array shape = (9, 3)  (modelo iasp91)

┌─[17:21:10 |    0.7s] Construyendo modelo de inversion
│  [32m✓[0m NAInversionModel listo  (cache de Green ACTIVADO)
│  checkpoint en vivo → /home/alex/KDEllipsPy/inversions/2020-06-03/output/best_model_live.txt
│  NA: 70 iter · SS1=30 · SS=30 · resample=7 → ~2130 modelos directos

┌─[17:21:10 |    0.7s] Corriendo busqueda NA  (esto puede tardar)
[NA] Adjusting n_samples_iteration from 30 to 35 to satisfy neighpy constraint (must be a multiple of n_cells_resample=7).
[NA] Starting search: ni=30, ns=35, n=70, nr=7 -> expected evaluations=2480 (n_jobs=1)
NAI - Initial Random Search
[NA] iter=00000 eval=00001 misfit=6.136893e+01 best=6.136893e+01
[NA] iter=00000 eval=00002 misfit=1.234549e+01 best=1.234549e+01
[NA] iter=00000 eval=00003 misfit=1.616939e+00 best=1.616939e+00
[NA] iter=00000 eval=00004 misfit=2.860031e+00 best=1.616939e+00
[NA] iter=00000 eval=00005 misfit=2.440368e+01 best=1.616939e+00
[NA] iter=00000 eval=00006 misfit=4.551571e+00 best=1.616939e+00
[NA] iter=00000 eval=00007 misfit=5.163192e+01 best=1.616939e+00
[NA] iter=00000 eval=00008 misfit=1.430538e+00 best=1.430538e+00
[NA] iter=00000 eval=00009 misfit=1.349681e+00 best=1.349681e+00
[NA] iter=00000 eval=00010 misfit=7.586006e+00 best=1.349681e+00
[NA] iter=00000 eval=00011 misfit=2.446821e+00 best=1.349681e+00
[NA] iter=00000 eval=00012 misfit=3.032289e+00 best=1.349681e+00
[NA] iter=00000 eval=00013 misfit=9.036469e+01 best=1.349681e+00
[NA] iter=00000 eval=00014 misfit=2.257310e+01 best=1.349681e+00
[NA] iter=00000 eval=00015 misfit=3.873454e+01 best=1.349681e+00
[NA] iter=00000 eval=00016 misfit=3.592373e+00 best=1.349681e+00
[NA] iter=00000 eval=00017 misfit=4.210553e+01 best=1.349681e+00
[NA] iter=00000 eval=00018 misfit=2.868160e+00 best=1.349681e+00
[NA] iter=00000 eval=00019 misfit=3.326316e+01 best=1.349681e+00
[NA] iter=00000 eval=00020 misfit=2.600511e+01 best=1.349681e+00
[NA] iter=00000 eval=00021 misfit=3.028583e+00 best=1.349681e+00
[NA] iter=00000 eval=00022 misfit=1.937374e+00 best=1.349681e+00
[NA] iter=00000 eval=00023 misfit=1.402561e+00 best=1.349681e+00
[NA] iter=00000 eval=00024 misfit=3.681341e+01 best=1.349681e+00
[NA] iter=00000 eval=00025 misfit=1.710073e+00 best=1.349681e+00
[NA] iter=00000 eval=00026 misfit=1.413199e+01 best=1.349681e+00
[NA] iter=00000 eval=00027 misfit=7.847022e+00 best=1.349681e+00
[NA] iter=00000 eval=00028 misfit=1.626372e+01 best=1.349681e+00
[NA] iter=00000 eval=00029 misfit=5.023081e+00 best=1.349681e+00
[NA] iter=00000 eval=00030 misfit=3.104100e+00 best=1.349681e+00
NAI - Optimisation Loop:   0%|          | 0/70 [00:00<?, ?it/s][NA] iter=00001 eval=00031 misfit=4.146800e+00 best=1.349681e+00
[NA] iter=00001 eval=00032 misfit=2.684864e+00 best=1.349681e+00
[NA] iter=00001 eval=00033 misfit=1.589292e+00 best=1.349681e+00
[NA] iter=00001 eval=00034 misfit=1.144647e+00 best=1.144647e+00
[NA] iter=00001 eval=00035 misfit=2.370539e+00 best=1.144647e+00
[NA] iter=00001 eval=00036 misfit=8.053650e-01 best=8.053650e-01
[NA] iter=00001 eval=00037 misfit=7.170897e-01 best=7.170897e-01
[NA] iter=00001 eval=00038 misfit=1.784182e+00 best=7.170897e-01
[NA] iter=00001 eval=00039 misfit=8.765392e-01 best=7.170897e-01
[NA] iter=00001 eval=00040 misfit=6.623767e-01 best=6.623767e-01
[NA] iter=00001 eval=00041 misfit=2.514069e+00 best=6.623767e-01
[NA] iter=00001 eval=00042 misfit=2.015274e+00 best=6.623767e-01
[NA] iter=00001 eval=00043 misfit=1.737750e+00 best=6.623767e-01
[NA] iter=00001 eval=00044 misfit=2.481014e+00 best=6.623767e-01
[NA] iter=00001 eval=00045 misfit=1.828896e+00 best=6.623767e-01
[NA] iter=00001 eval=00046 misfit=4.121543e+00 best=6.623767e-01
[NA] iter=00001 eval=00047 misfit=4.082470e+00 best=6.623767e-01
[NA] iter=00001 eval=00048 misfit=1.188402e+00 best=6.623767e-01
[NA] iter=00001 eval=00049 misfit=5.977737e+00 best=6.623767e-01
[NA] iter=00001 eval=00050 misfit=9.846614e+00 best=6.623767e-01
[NA] iter=00001 eval=00051 misfit=1.510377e+00 best=6.623767e-01
[NA] iter=00001 eval=00052 misfit=2.123696e+00 best=6.623767e-01
[NA] iter=00001 eval=00053 misfit=4.471300e+00 best=6.623767e-01
[NA] iter=00001 eval=00054 misfit=2.421501e+00 best=6.623767e-01
[NA] iter=00001 eval=00055 misfit=1.242359e+00 best=6.623767e-01
[NA] iter=00001 eval=00056 misfit=1.142746e+00 best=6.623767e-01
[NA] iter=00001 eval=00057 misfit=1.792234e+00 best=6.623767e-01
[NA] iter=00001 eval=00058 misfit=7.433016e+00 best=6.623767e-01
[NA] iter=00001 eval=00059 misfit=1.237815e+00 best=6.623767e-01
[NA] iter=00001 eval=00060 misfit=6.715656e+00 best=6.623767e-01
[NA] iter=00001 eval=00061 misfit=3.795715e+00 best=6.623767e-01
[NA] iter=00001 eval=00062 misfit=1.138875e+00 best=6.623767e-01
[NA] iter=00001 eval=00063 misfit=1.388731e+00 best=6.623767e-01
[NA] iter=00001 eval=00064 misfit=3.591359e+00 best=6.623767e-01
[NA] iter=00001 eval=00065 misfit=1.004937e+00 best=6.623767e-01
NAI - Optimisation Loop:   1%|▏         | 1/70 [00:30<34:55, 30.37s/it][NA] iter=00002 eval=00066 misfit=6.646725e-01 best=6.623767e-01
[NA] iter=00002 eval=00067 misfit=7.311362e-01 best=6.623767e-01
[NA] iter=00002 eval=00068 misfit=1.627375e+00 best=6.623767e-01
[NA] iter=00002 eval=00069 misfit=1.025329e+00 best=6.623767e-01
[NA] iter=00002 eval=00070 misfit=1.587552e+00 best=6.623767e-01
[NA] iter=00002 eval=00071 misfit=7.118556e-01 best=6.623767e-01
[NA] iter=00002 eval=00072 misfit=9.498700e-01 best=6.623767e-01
[NA] iter=00002 eval=00073 misfit=6.882757e-01 best=6.623767e-01
[NA] iter=00002 eval=00074 misfit=8.369537e-01 best=6.623767e-01
[NA] iter=00002 eval=00075 misfit=7.414134e-01 best=6.623767e-01
[NA] iter=00002 eval=00076 misfit=1.406270e+00 best=6.623767e-01
[NA] iter=00002 eval=00077 misfit=9.797383e-01 best=6.623767e-01
[NA] iter=00002 eval=00078 misfit=6.919944e-01 best=6.623767e-01
[NA] iter=00002 eval=00079 misfit=9.011778e-01 best=6.623767e-01
[NA] iter=00002 eval=00080 misfit=1.112576e+00 best=6.623767e-01
[NA] iter=00002 eval=00081 misfit=1.153774e+00 best=6.623767e-01
[NA] iter=00002 eval=00082 misfit=9.851868e-01 best=6.623767e-01
[NA] iter=00002 eval=00083 misfit=8.748227e-01 best=6.623767e-01
[NA] iter=00002 eval=00084 misfit=1.000834e+00 best=6.623767e-01
[NA] iter=00002 eval=00085 misfit=1.067550e+00 best=6.623767e-01
[NA] iter=00002 eval=00086 misfit=8.554963e-01 best=6.623767e-01
[NA] iter=00002 eval=00087 misfit=1.021933e+00 best=6.623767e-01
[NA] iter=00002 eval=00088 misfit=1.112938e+00 best=6.623767e-01
[NA] iter=00002 eval=00089 misfit=1.088598e+00 best=6.623767e-01
[NA] iter=00002 eval=00090 misfit=1.322792e+00 best=6.623767e-01
[NA] iter=00002 eval=00091 misfit=1.700095e+00 best=6.623767e-01
[NA] iter=00002 eval=00092 misfit=1.280556e+00 best=6.623767e-01
[NA] iter=00002 eval=00093 misfit=1.164021e+00 best=6.623767e-01
[NA] iter=00002 eval=00094 misfit=1.640510e+00 best=6.623767e-01
[NA] iter=00002 eval=00095 misfit=3.185987e+00 best=6.623767e-01
[NA] iter=00002 eval=00096 misfit=1.056765e+00 best=6.623767e-01
[NA] iter=00002 eval=00097 misfit=3.898627e+00 best=6.623767e-01
[NA] iter=00002 eval=00098 misfit=1.386952e+00 best=6.623767e-01
[NA] iter=00002 eval=00099 misfit=3.043357e+00 best=6.623767e-01
[NA] iter=00002 eval=00100 misfit=2.422080e+00 best=6.623767e-01
NAI - Optimisation Loop:   3%|▎         | 2/70 [01:00<34:06, 30.10s/it][NA] iter=00003 eval=00101 misfit=7.759381e-01 best=6.623767e-01
[NA] iter=00003 eval=00102 misfit=6.381845e-01 best=6.381845e-01
[NA] iter=00003 eval=00103 misfit=6.629555e-01 best=6.381845e-01
[NA] iter=00003 eval=00104 misfit=7.241104e-01 best=6.381845e-01
[NA] iter=00003 eval=00105 misfit=7.346434e-01 best=6.381845e-01
[NA] iter=00003 eval=00106 misfit=7.456673e-01 best=6.381845e-01
[NA] iter=00003 eval=00107 misfit=7.292979e-01 best=6.381845e-01
[NA] iter=00003 eval=00108 misfit=8.072320e-01 best=6.381845e-01
[NA] iter=00003 eval=00109 misfit=6.968251e-01 best=6.381845e-01
[NA] iter=00003 eval=00110 misfit=7.287203e-01 best=6.381845e-01
[NA] iter=00003 eval=00111 misfit=7.486050e-01 best=6.381845e-01
[NA] iter=00003 eval=00112 misfit=7.580423e-01 best=6.381845e-01
[NA] iter=00003 eval=00113 misfit=7.404235e-01 best=6.381845e-01
[NA] iter=00003 eval=00114 misfit=6.617132e-01 best=6.381845e-01
[NA] iter=00003 eval=00115 misfit=7.374237e-01 best=6.381845e-01
[NA] iter=00003 eval=00116 misfit=7.031932e-01 best=6.381845e-01
[NA] iter=00003 eval=00117 misfit=7.422288e-01 best=6.381845e-01
[NA] iter=00003 eval=00118 misfit=9.397220e-01 best=6.381845e-01
[NA] iter=00003 eval=00119 misfit=1.094659e+00 best=6.381845e-01
[NA] iter=00003 eval=00120 misfit=9.429266e-01 best=6.381845e-01
[NA] iter=00003 eval=00121 misfit=7.087534e-01 best=6.381845e-01
[NA] iter=00003 eval=00122 misfit=7.217057e-01 best=6.381845e-01
[NA] iter=00003 eval=00123 misfit=7.706796e-01 best=6.381845e-01
[NA] iter=00003 eval=00124 misfit=7.835334e-01 best=6.381845e-01
[NA] iter=00003 eval=00125 misfit=7.946611e-01 best=6.381845e-01
[NA] iter=00003 eval=00126 misfit=7.915253e-01 best=6.381845e-01
[NA] iter=00003 eval=00127 misfit=8.183024e-01 best=6.381845e-01
[NA] iter=00003 eval=00128 misfit=7.444093e-01 best=6.381845e-01
[NA] iter=00003 eval=00129 misfit=7.280362e-01 best=6.381845e-01
[NA] iter=00003 eval=00130 misfit=7.284580e-01 best=6.381845e-01
[NA] iter=00003 eval=00131 misfit=1.345518e+00 best=6.381845e-01
[NA] iter=00003 eval=00132 misfit=1.429063e+00 best=6.381845e-01
[NA] iter=00003 eval=00133 misfit=8.097966e-01 best=6.381845e-01
[NA] iter=00003 eval=00134 misfit=1.358045e+00 best=6.381845e-01
[NA] iter=00003 eval=00135 misfit=1.253693e+00 best=6.381845e-01
NAI - Optimisation Loop:   4%|▍         | 3/70 [01:29<33:16, 29.80s/it][NA] iter=00004 eval=00136 misfit=6.892712e-01 best=6.381845e-01
[NA] iter=00004 eval=00137 misfit=7.294564e-01 best=6.381845e-01
[NA] iter=00004 eval=00138 misfit=6.418991e-01 best=6.381845e-01
[NA] iter=00004 eval=00139 misfit=6.318681e-01 best=6.318681e-01
[NA] iter=00004 eval=00140 misfit=6.455769e-01 best=6.318681e-01
[NA] iter=00004 eval=00141 misfit=6.693533e-01 best=6.318681e-01
[NA] iter=00004 eval=00142 misfit=6.709363e-01 best=6.318681e-01
[NA] iter=00004 eval=00143 misfit=6.995093e-01 best=6.318681e-01
[NA] iter=00004 eval=00144 misfit=8.202059e-01 best=6.318681e-01
[NA] iter=00004 eval=00145 misfit=6.949216e-01 best=6.318681e-01
[NA] iter=00004 eval=00146 misfit=6.452114e-01 best=6.318681e-01
[NA] iter=00004 eval=00147 misfit=6.859896e-01 best=6.318681e-01
[NA] iter=00004 eval=00148 misfit=6.473663e-01 best=6.318681e-01
[NA] iter=00004 eval=00149 misfit=6.559599e-01 best=6.318681e-01
[NA] iter=00004 eval=00150 misfit=6.517650e-01 best=6.318681e-01
[NA] iter=00004 eval=00151 misfit=6.690082e-01 best=6.318681e-01
[NA] iter=00004 eval=00152 misfit=1.017870e+00 best=6.318681e-01
[NA] iter=00004 eval=00153 misfit=8.169926e-01 best=6.318681e-01
[NA] iter=00004 eval=00154 misfit=7.554215e-01 best=6.318681e-01
[NA] iter=00004 eval=00155 misfit=7.764998e-01 best=6.318681e-01
[NA] iter=00004 eval=00156 misfit=7.135965e-01 best=6.318681e-01
[NA] iter=00004 eval=00157 misfit=7.024617e-01 best=6.318681e-01
[NA] iter=00004 eval=00158 misfit=6.754238e-01 best=6.318681e-01
[NA] iter=00004 eval=00159 misfit=6.913436e-01 best=6.318681e-01
[NA] iter=00004 eval=00160 misfit=7.241845e-01 best=6.318681e-01
[NA] iter=00004 eval=00161 misfit=7.184657e-01 best=6.318681e-01
[NA] iter=00004 eval=00162 misfit=6.812366e-01 best=6.318681e-01
[NA] iter=00004 eval=00163 misfit=7.684268e-01 best=6.318681e-01
[NA] iter=00004 eval=00164 misfit=6.756658e-01 best=6.318681e-01
[NA] iter=00004 eval=00165 misfit=6.734101e-01 best=6.318681e-01
[NA] iter=00004 eval=00166 misfit=7.218035e-01 best=6.318681e-01
[NA] iter=00004 eval=00167 misfit=6.910698e-01 best=6.318681e-01
[NA] iter=00004 eval=00168 misfit=7.123825e-01 best=6.318681e-01
[NA] iter=00004 eval=00169 misfit=7.529462e-01 best=6.318681e-01
[NA] iter=00004 eval=00170 misfit=6.911062e-01 best=6.318681e-01
NAI - Optimisation Loop:   6%|▌         | 4/70 [01:58<32:32, 29.58s/it][NA] iter=00005 eval=00171 misfit=6.395807e-01 best=6.318681e-01
[NA] iter=00005 eval=00172 misfit=6.326845e-01 best=6.318681e-01
[NA] iter=00005 eval=00173 misfit=6.755379e-01 best=6.318681e-01
[NA] iter=00005 eval=00174 misfit=6.443366e-01 best=6.318681e-01
[NA] iter=00005 eval=00175 misfit=6.248968e-01 best=6.248968e-01
[NA] iter=00005 eval=00176 misfit=6.458124e-01 best=6.248968e-01
[NA] iter=00005 eval=00177 misfit=6.412200e-01 best=6.248968e-01
[NA] iter=00005 eval=00178 misfit=6.698326e-01 best=6.248968e-01
[NA] iter=00005 eval=00179 misfit=6.645676e-01 best=6.248968e-01
[NA] iter=00005 eval=00180 misfit=6.494395e-01 best=6.248968e-01
[NA] iter=00005 eval=00181 misfit=6.470232e-01 best=6.248968e-01
[NA] iter=00005 eval=00182 misfit=6.329877e-01 best=6.248968e-01
[NA] iter=00005 eval=00183 misfit=6.499535e-01 best=6.248968e-01
[NA] iter=00005 eval=00184 misfit=6.640697e-01 best=6.248968e-01
[NA] iter=00005 eval=00185 misfit=6.403388e-01 best=6.248968e-01
[NA] iter=00005 eval=00186 misfit=6.530094e-01 best=6.248968e-01
[NA] iter=00005 eval=00187 misfit=6.485472e-01 best=6.248968e-01
[NA] iter=00005 eval=00188 misfit=6.446815e-01 best=6.248968e-01
[NA] iter=00005 eval=00189 misfit=6.423968e-01 best=6.248968e-01
[NA] iter=00005 eval=00190 misfit=6.404568e-01 best=6.248968e-01
[NA] iter=00005 eval=00191 misfit=6.329250e-01 best=6.248968e-01
[NA] iter=00005 eval=00192 misfit=6.703993e-01 best=6.248968e-01
[NA] iter=00005 eval=00193 misfit=7.120011e-01 best=6.248968e-01
[NA] iter=00005 eval=00194 misfit=6.515599e-01 best=6.248968e-01
[NA] iter=00005 eval=00195 misfit=6.547252e-01 best=6.248968e-01
[NA] iter=00005 eval=00196 misfit=6.711611e-01 best=6.248968e-01
[NA] iter=00005 eval=00197 misfit=6.492280e-01 best=6.248968e-01
[NA] iter=00005 eval=00198 misfit=6.548629e-01 best=6.248968e-01
[NA] iter=00005 eval=00199 misfit=6.723870e-01 best=6.248968e-01
[NA] iter=00005 eval=00200 misfit=6.777728e-01 best=6.248968e-01
[NA] iter=00005 eval=00201 misfit=6.544683e-01 best=6.248968e-01
[NA] iter=00005 eval=00202 misfit=6.671872e-01 best=6.248968e-01
[NA] iter=00005 eval=00203 misfit=6.495183e-01 best=6.248968e-01
[NA] iter=00005 eval=00204 misfit=6.460107e-01 best=6.248968e-01
[NA] iter=00005 eval=00205 misfit=6.468040e-01 best=6.248968e-01
NAI - Optimisation Loop:   7%|▋         | 5/70 [02:30<32:44, 30.22s/it][NA] iter=00006 eval=00206 misfit=6.291257e-01 best=6.248968e-01
[NA] iter=00006 eval=00207 misfit=6.261180e-01 best=6.248968e-01
[NA] iter=00006 eval=00208 misfit=6.471848e-01 best=6.248968e-01
[NA] iter=00006 eval=00209 misfit=6.319307e-01 best=6.248968e-01
[NA] iter=00006 eval=00210 misfit=6.385162e-01 best=6.248968e-01
[NA] iter=00006 eval=00211 misfit=6.326596e-01 best=6.248968e-01
[NA] iter=00006 eval=00212 misfit=6.428114e-01 best=6.248968e-01
[NA] iter=00006 eval=00213 misfit=6.265816e-01 best=6.248968e-01
[NA] iter=00006 eval=00214 misfit=6.519337e-01 best=6.248968e-01
[NA] iter=00006 eval=00215 misfit=6.632289e-01 best=6.248968e-01
[NA] iter=00006 eval=00216 misfit=6.866587e-01 best=6.248968e-01
[NA] iter=00006 eval=00217 misfit=6.536238e-01 best=6.248968e-01
[NA] iter=00006 eval=00218 misfit=6.742340e-01 best=6.248968e-01
[NA] iter=00006 eval=00219 misfit=6.800434e-01 best=6.248968e-01
[NA] iter=00006 eval=00220 misfit=6.301927e-01 best=6.248968e-01
[NA] iter=00006 eval=00221 misfit=6.403120e-01 best=6.248968e-01
[NA] iter=00006 eval=00222 misfit=6.336092e-01 best=6.248968e-01
[NA] iter=00006 eval=00223 misfit=7.102635e-01 best=6.248968e-01
[NA] iter=00006 eval=00224 misfit=6.840367e-01 best=6.248968e-01
[NA] iter=00006 eval=00225 misfit=6.662578e-01 best=6.248968e-01
[NA] iter=00006 eval=00226 misfit=6.324945e-01 best=6.248968e-01
[NA] iter=00006 eval=00227 misfit=6.386140e-01 best=6.248968e-01
[NA] iter=00006 eval=00228 misfit=6.334394e-01 best=6.248968e-01
[NA] iter=00006 eval=00229 misfit=6.421022e-01 best=6.248968e-01
[NA] iter=00006 eval=00230 misfit=6.406886e-01 best=6.248968e-01
[NA] iter=00006 eval=00231 misfit=6.406282e-01 best=6.248968e-01
[NA] iter=00006 eval=00232 misfit=6.425131e-01 best=6.248968e-01
[NA] iter=00006 eval=00233 misfit=6.413841e-01 best=6.248968e-01
[NA] iter=00006 eval=00234 misfit=6.425917e-01 best=6.248968e-01
[NA] iter=00006 eval=00235 misfit=6.556728e-01 best=6.248968e-01
[NA] iter=00006 eval=00236 misfit=6.481519e-01 best=6.248968e-01
[NA] iter=00006 eval=00237 misfit=7.124699e-01 best=6.248968e-01
[NA] iter=00006 eval=00238 misfit=7.756885e-01 best=6.248968e-01
[NA] iter=00006 eval=00239 misfit=6.881298e-01 best=6.248968e-01
[NA] iter=00006 eval=00240 misfit=7.086813e-01 best=6.248968e-01
NAI - Optimisation Loop:   9%|▊         | 6/70 [03:00<32:11, 30.18s/it][NA] iter=00007 eval=00241 misfit=6.263849e-01 best=6.248968e-01
[NA] iter=00007 eval=00242 misfit=6.265214e-01 best=6.248968e-01
[NA] iter=00007 eval=00243 misfit=6.230100e-01 best=6.230100e-01
[NA] iter=00007 eval=00244 misfit=6.227087e-01 best=6.227087e-01
[NA] iter=00007 eval=00245 misfit=6.249130e-01 best=6.227087e-01
[NA] iter=00007 eval=00246 misfit=6.351298e-01 best=6.227087e-01
[NA] iter=00007 eval=00247 misfit=6.304093e-01 best=6.227087e-01
[NA] iter=00007 eval=00248 misfit=6.359807e-01 best=6.227087e-01
[NA] iter=00007 eval=00249 misfit=6.289395e-01 best=6.227087e-01
[NA] iter=00007 eval=00250 misfit=6.454815e-01 best=6.227087e-01
[NA] iter=00007 eval=00251 misfit=6.433720e-01 best=6.227087e-01
[NA] iter=00007 eval=00252 misfit=6.289001e-01 best=6.227087e-01
[NA] iter=00007 eval=00253 misfit=6.345100e-01 best=6.227087e-01
[NA] iter=00007 eval=00254 misfit=6.361422e-01 best=6.227087e-01
[NA] iter=00007 eval=00255 misfit=6.334127e-01 best=6.227087e-01
[NA] iter=00007 eval=00256 misfit=6.251951e-01 best=6.227087e-01
[NA] iter=00007 eval=00257 misfit=6.323040e-01 best=6.227087e-01
[NA] iter=00007 eval=00258 misfit=6.402423e-01 best=6.227087e-01
[NA] iter=00007 eval=00259 misfit=6.313792e-01 best=6.227087e-01
[NA] iter=00007 eval=00260 misfit=6.344682e-01 best=6.227087e-01
[NA] iter=00007 eval=00261 misfit=6.771656e-01 best=6.227087e-01
[NA] iter=00007 eval=00262 misfit=6.698262e-01 best=6.227087e-01
[NA] iter=00007 eval=00263 misfit=6.386762e-01 best=6.227087e-01
[NA] iter=00007 eval=00264 misfit=6.380124e-01 best=6.227087e-01
[NA] iter=00007 eval=00265 misfit=6.357519e-01 best=6.227087e-01
[NA] iter=00007 eval=00266 misfit=6.468462e-01 best=6.227087e-01
[NA] iter=00007 eval=00267 misfit=6.343632e-01 best=6.227087e-01
[NA] iter=00007 eval=00268 misfit=6.317850e-01 best=6.227087e-01
[NA] iter=00007 eval=00269 misfit=6.362469e-01 best=6.227087e-01
[NA] iter=00007 eval=00270 misfit=6.408990e-01 best=6.227087e-01
[NA] iter=00007 eval=00271 misfit=6.409647e-01 best=6.227087e-01
[NA] iter=00007 eval=00272 misfit=6.601290e-01 best=6.227087e-01
[NA] iter=00007 eval=00273 misfit=6.469872e-01 best=6.227087e-01
[NA] iter=00007 eval=00274 misfit=6.228666e-01 best=6.227087e-01
[NA] iter=00007 eval=00275 misfit=6.574010e-01 best=6.227087e-01
NAI - Optimisation Loop:  10%|█         | 7/70 [03:28<30:50, 29.38s/it][NA] iter=00008 eval=00276 misfit=6.205890e-01 best=6.205890e-01
[NA] iter=00008 eval=00277 misfit=6.221329e-01 best=6.205890e-01
[NA] iter=00008 eval=00278 misfit=6.231383e-01 best=6.205890e-01
[NA] iter=00008 eval=00279 misfit=6.313666e-01 best=6.205890e-01
[NA] iter=00008 eval=00280 misfit=6.241361e-01 best=6.205890e-01
[NA] iter=00008 eval=00281 misfit=6.266141e-01 best=6.205890e-01
[NA] iter=00008 eval=00282 misfit=6.283251e-01 best=6.205890e-01
[NA] iter=00008 eval=00283 misfit=6.327951e-01 best=6.205890e-01
[NA] iter=00008 eval=00284 misfit=6.225342e-01 best=6.205890e-01
[NA] iter=00008 eval=00285 misfit=6.335100e-01 best=6.205890e-01
[NA] iter=00008 eval=00286 misfit=6.265067e-01 best=6.205890e-01
[NA] iter=00008 eval=00287 misfit=6.289506e-01 best=6.205890e-01
[NA] iter=00008 eval=00288 misfit=6.239116e-01 best=6.205890e-01
[NA] iter=00008 eval=00289 misfit=6.272092e-01 best=6.205890e-01
[NA] iter=00008 eval=00290 misfit=6.239919e-01 best=6.205890e-01
[NA] iter=00008 eval=00291 misfit=6.268130e-01 best=6.205890e-01
[NA] iter=00008 eval=00292 misfit=6.257448e-01 best=6.205890e-01
[NA] iter=00008 eval=00293 misfit=6.260359e-01 best=6.205890e-01
[NA] iter=00008 eval=00294 misfit=6.225897e-01 best=6.205890e-01
[NA] iter=00008 eval=00295 misfit=6.231768e-01 best=6.205890e-01
[NA] iter=00008 eval=00296 misfit=6.520340e-01 best=6.205890e-01
[NA] iter=00008 eval=00297 misfit=6.536922e-01 best=6.205890e-01
[NA] iter=00008 eval=00298 misfit=6.278022e-01 best=6.205890e-01
[NA] iter=00008 eval=00299 misfit=6.525660e-01 best=6.205890e-01
[NA] iter=00008 eval=00300 misfit=6.631831e-01 best=6.205890e-01
[NA] iter=00008 eval=00301 misfit=6.272992e-01 best=6.205890e-01
[NA] iter=00008 eval=00302 misfit=6.329435e-01 best=6.205890e-01
[NA] iter=00008 eval=00303 misfit=6.272401e-01 best=6.205890e-01
[NA] iter=00008 eval=00304 misfit=6.344974e-01 best=6.205890e-01
[NA] iter=00008 eval=00305 misfit=6.319656e-01 best=6.205890e-01
[NA] iter=00008 eval=00306 misfit=6.282642e-01 best=6.205890e-01
[NA] iter=00008 eval=00307 misfit=6.258254e-01 best=6.205890e-01
[NA] iter=00008 eval=00308 misfit=6.245010e-01 best=6.205890e-01
[NA] iter=00008 eval=00309 misfit=6.270176e-01 best=6.205890e-01
[NA] iter=00008 eval=00310 misfit=6.248699e-01 best=6.205890e-01
NAI - Optimisation Loop:  11%|█▏        | 8/70 [03:57<30:23, 29.41s/it][NA] iter=00009 eval=00311 misfit=6.253029e-01 best=6.205890e-01
[NA] iter=00009 eval=00312 misfit=6.243693e-01 best=6.205890e-01
[NA] iter=00009 eval=00313 misfit=6.204508e-01 best=6.204508e-01
[NA] iter=00009 eval=00314 misfit=6.235055e-01 best=6.204508e-01
[NA] iter=00009 eval=00315 misfit=6.240458e-01 best=6.204508e-01
[NA] iter=00009 eval=00316 misfit=6.222472e-01 best=6.204508e-01
[NA] iter=00009 eval=00317 misfit=6.262059e-01 best=6.204508e-01
[NA] iter=00009 eval=00318 misfit=6.260798e-01 best=6.204508e-01
[NA] iter=00009 eval=00319 misfit=6.222104e-01 best=6.204508e-01
[NA] iter=00009 eval=00320 misfit=6.229659e-01 best=6.204508e-01
[NA] iter=00009 eval=00321 misfit=6.254954e-01 best=6.204508e-01
[NA] iter=00009 eval=00322 misfit=6.327154e-01 best=6.204508e-01
[NA] iter=00009 eval=00323 misfit=6.249484e-01 best=6.204508e-01
[NA] iter=00009 eval=00324 misfit=6.302410e-01 best=6.204508e-01
[NA] iter=00009 eval=00325 misfit=6.253215e-01 best=6.204508e-01
[NA] iter=00009 eval=00326 misfit=6.247196e-01 best=6.204508e-01
[NA] iter=00009 eval=00327 misfit=6.232392e-01 best=6.204508e-01
[NA] iter=00009 eval=00328 misfit=6.237888e-01 best=6.204508e-01
[NA] iter=00009 eval=00329 misfit=6.208337e-01 best=6.204508e-01
[NA] iter=00009 eval=00330 misfit=6.211570e-01 best=6.204508e-01
[NA] iter=00009 eval=00331 misfit=6.214871e-01 best=6.204508e-01
[NA] iter=00009 eval=00332 misfit=6.239234e-01 best=6.204508e-01
[NA] iter=00009 eval=00333 misfit=6.236758e-01 best=6.204508e-01
[NA] iter=00009 eval=00334 misfit=6.262887e-01 best=6.204508e-01
[NA] iter=00009 eval=00335 misfit=6.210800e-01 best=6.204508e-01
[NA] iter=00009 eval=00336 misfit=6.241842e-01 best=6.204508e-01
[NA] iter=00009 eval=00337 misfit=6.237265e-01 best=6.204508e-01
[NA] iter=00009 eval=00338 misfit=6.274380e-01 best=6.204508e-01
[NA] iter=00009 eval=00339 misfit=6.254653e-01 best=6.204508e-01
[NA] iter=00009 eval=00340 misfit=6.221834e-01 best=6.204508e-01
[NA] iter=00009 eval=00341 misfit=6.268279e-01 best=6.204508e-01
[NA] iter=00009 eval=00342 misfit=6.263195e-01 best=6.204508e-01
[NA] iter=00009 eval=00343 misfit=6.250959e-01 best=6.204508e-01
[NA] iter=00009 eval=00344 misfit=6.266154e-01 best=6.204508e-01
[NA] iter=00009 eval=00345 misfit=6.254434e-01 best=6.204508e-01
NAI - Optimisation Loop:  13%|█▎        | 9/70 [04:26<29:38, 29.15s/it][NA] iter=00010 eval=00346 misfit=6.228336e-01 best=6.204508e-01
[NA] iter=00010 eval=00347 misfit=6.237795e-01 best=6.204508e-01
[NA] iter=00010 eval=00348 misfit=6.240382e-01 best=6.204508e-01
[NA] iter=00010 eval=00349 misfit=6.260159e-01 best=6.204508e-01
[NA] iter=00010 eval=00350 misfit=6.265220e-01 best=6.204508e-01
[NA] iter=00010 eval=00351 misfit=6.244771e-01 best=6.204508e-01
[NA] iter=00010 eval=00352 misfit=6.229430e-01 best=6.204508e-01
[NA] iter=00010 eval=00353 misfit=6.242570e-01 best=6.204508e-01
[NA] iter=00010 eval=00354 misfit=6.214610e-01 best=6.204508e-01
[NA] iter=00010 eval=00355 misfit=6.238864e-01 best=6.204508e-01
[NA] iter=00010 eval=00356 misfit=6.246568e-01 best=6.204508e-01
[NA] iter=00010 eval=00357 misfit=6.236479e-01 best=6.204508e-01
[NA] iter=00010 eval=00358 misfit=6.210923e-01 best=6.204508e-01
[NA] iter=00010 eval=00359 misfit=6.242921e-01 best=6.204508e-01
[NA] iter=00010 eval=00360 misfit=6.245571e-01 best=6.204508e-01
[NA] iter=00010 eval=00361 misfit=6.234732e-01 best=6.204508e-01
[NA] iter=00010 eval=00362 misfit=6.223955e-01 best=6.204508e-01
[NA] iter=00010 eval=00363 misfit=6.240422e-01 best=6.204508e-01
[NA] iter=00010 eval=00364 misfit=6.226878e-01 best=6.204508e-01
[NA] iter=00010 eval=00365 misfit=6.212397e-01 best=6.204508e-01
[NA] iter=00010 eval=00366 misfit=6.234633e-01 best=6.204508e-01
[NA] iter=00010 eval=00367 misfit=6.235168e-01 best=6.204508e-01
[NA] iter=00010 eval=00368 misfit=6.241912e-01 best=6.204508e-01
[NA] iter=00010 eval=00369 misfit=6.231400e-01 best=6.204508e-01
[NA] iter=00010 eval=00370 misfit=6.241793e-01 best=6.204508e-01
[NA] iter=00010 eval=00371 misfit=6.246428e-01 best=6.204508e-01
[NA] iter=00010 eval=00372 misfit=6.269231e-01 best=6.204508e-01
[NA] iter=00010 eval=00373 misfit=6.251994e-01 best=6.204508e-01
[NA] iter=00010 eval=00374 misfit=6.267784e-01 best=6.204508e-01
[NA] iter=00010 eval=00375 misfit=6.231319e-01 best=6.204508e-01
[NA] iter=00010 eval=00376 misfit=6.204908e-01 best=6.204508e-01
[NA] iter=00010 eval=00377 misfit=6.224103e-01 best=6.204508e-01
[NA] iter=00010 eval=00378 misfit=6.206834e-01 best=6.204508e-01
[NA] iter=00010 eval=00379 misfit=6.254266e-01 best=6.204508e-01
[NA] iter=00010 eval=00380 misfit=6.229209e-01 best=6.204508e-01
NAI - Optimisation Loop:  14%|█▍        | 10/70 [04:56<29:33, 29.57s/it][NA] iter=00011 eval=00381 misfit=6.243243e-01 best=6.204508e-01
[NA] iter=00011 eval=00382 misfit=6.233544e-01 best=6.204508e-01
[NA] iter=00011 eval=00383 misfit=6.210171e-01 best=6.204508e-01
[NA] iter=00011 eval=00384 misfit=6.231713e-01 best=6.204508e-01
[NA] iter=00011 eval=00385 misfit=6.246263e-01 best=6.204508e-01
[NA] iter=00011 eval=00386 misfit=6.234188e-01 best=6.204508e-01
[NA] iter=00011 eval=00387 misfit=6.245626e-01 best=6.204508e-01
[NA] iter=00011 eval=00388 misfit=6.215574e-01 best=6.204508e-01
[NA] iter=00011 eval=00389 misfit=6.239632e-01 best=6.204508e-01
[NA] iter=00011 eval=00390 misfit=6.226417e-01 best=6.204508e-01
[NA] iter=00011 eval=00391 misfit=6.200349e-01 best=6.200349e-01
[NA] iter=00011 eval=00392 misfit=6.221349e-01 best=6.200349e-01
[NA] iter=00011 eval=00393 misfit=6.233832e-01 best=6.200349e-01
[NA] iter=00011 eval=00394 misfit=6.204425e-01 best=6.200349e-01
[NA] iter=00011 eval=00395 misfit=6.201549e-01 best=6.200349e-01
[NA] iter=00011 eval=00396 misfit=6.220664e-01 best=6.200349e-01
[NA] iter=00011 eval=00397 misfit=6.232657e-01 best=6.200349e-01
[NA] iter=00011 eval=00398 misfit=6.229382e-01 best=6.200349e-01
[NA] iter=00011 eval=00399 misfit=6.213902e-01 best=6.200349e-01
[NA] iter=00011 eval=00400 misfit=6.224608e-01 best=6.200349e-01
[NA] iter=00011 eval=00401 misfit=6.215860e-01 best=6.200349e-01
[NA] iter=00011 eval=00402 misfit=6.220161e-01 best=6.200349e-01
[NA] iter=00011 eval=00403 misfit=6.234212e-01 best=6.200349e-01
[NA] iter=00011 eval=00404 misfit=6.254669e-01 best=6.200349e-01
[NA] iter=00011 eval=00405 misfit=6.251196e-01 best=6.200349e-01
[NA] iter=00011 eval=00406 misfit=6.220087e-01 best=6.200349e-01
[NA] iter=00011 eval=00407 misfit=6.239480e-01 best=6.200349e-01
[NA] iter=00011 eval=00408 misfit=6.208326e-01 best=6.200349e-01
[NA] iter=00011 eval=00409 misfit=6.222841e-01 best=6.200349e-01
[NA] iter=00011 eval=00410 misfit=6.213247e-01 best=6.200349e-01
[NA] iter=00011 eval=00411 misfit=6.229113e-01 best=6.200349e-01
[NA] iter=00011 eval=00412 misfit=6.236650e-01 best=6.200349e-01
[NA] iter=00011 eval=00413 misfit=6.227757e-01 best=6.200349e-01
[NA] iter=00011 eval=00414 misfit=6.239686e-01 best=6.200349e-01
[NA] iter=00011 eval=00415 misfit=6.242148e-01 best=6.200349e-01
NAI - Optimisation Loop:  16%|█▌        | 11/70 [05:26<29:14, 29.73s/it][NA] iter=00012 eval=00416 misfit=6.207448e-01 best=6.200349e-01
[NA] iter=00012 eval=00417 misfit=6.203329e-01 best=6.200349e-01
[NA] iter=00012 eval=00418 misfit=6.222121e-01 best=6.200349e-01
[NA] iter=00012 eval=00419 misfit=6.206876e-01 best=6.200349e-01
[NA] iter=00012 eval=00420 misfit=6.204745e-01 best=6.200349e-01
[NA] iter=00012 eval=00421 misfit=6.233745e-01 best=6.200349e-01
[NA] iter=00012 eval=00422 misfit=6.229541e-01 best=6.200349e-01
[NA] iter=00012 eval=00423 misfit=6.233568e-01 best=6.200349e-01
[NA] iter=00012 eval=00424 misfit=6.230204e-01 best=6.200349e-01
[NA] iter=00012 eval=00425 misfit=6.230015e-01 best=6.200349e-01
[NA] iter=00012 eval=00426 misfit=6.236934e-01 best=6.200349e-01
[NA] iter=00012 eval=00427 misfit=6.207078e-01 best=6.200349e-01
[NA] iter=00012 eval=00428 misfit=6.210498e-01 best=6.200349e-01
[NA] iter=00012 eval=00429 misfit=6.207390e-01 best=6.200349e-01
[NA] iter=00012 eval=00430 misfit=6.238085e-01 best=6.200349e-01
[NA] iter=00012 eval=00431 misfit=6.245523e-01 best=6.200349e-01
[NA] iter=00012 eval=00432 misfit=6.211628e-01 best=6.200349e-01
[NA] iter=00012 eval=00433 misfit=6.245791e-01 best=6.200349e-01
[NA] iter=00012 eval=00434 misfit=6.208527e-01 best=6.200349e-01
[NA] iter=00012 eval=00435 misfit=6.218784e-01 best=6.200349e-01
[NA] iter=00012 eval=00436 misfit=6.225287e-01 best=6.200349e-01
[NA] iter=00012 eval=00437 misfit=6.198246e-01 best=6.198246e-01
[NA] iter=00012 eval=00438 misfit=6.206296e-01 best=6.198246e-01
[NA] iter=00012 eval=00439 misfit=6.209675e-01 best=6.198246e-01
[NA] iter=00012 eval=00440 misfit=6.227602e-01 best=6.198246e-01
[NA] iter=00012 eval=00441 misfit=6.212756e-01 best=6.198246e-01
[NA] iter=00012 eval=00442 misfit=6.206380e-01 best=6.198246e-01
[NA] iter=00012 eval=00443 misfit=6.212684e-01 best=6.198246e-01
[NA] iter=00012 eval=00444 misfit=6.213141e-01 best=6.198246e-01
[NA] iter=00012 eval=00445 misfit=6.198417e-01 best=6.198246e-01
[NA] iter=00012 eval=00446 misfit=6.206775e-01 best=6.198246e-01
[NA] iter=00012 eval=00447 misfit=6.221167e-01 best=6.198246e-01
[NA] iter=00012 eval=00448 misfit=6.225555e-01 best=6.198246e-01
[NA] iter=00012 eval=00449 misfit=6.208309e-01 best=6.198246e-01
[NA] iter=00012 eval=00450 misfit=6.207276e-01 best=6.198246e-01
NAI - Optimisation Loop:  17%|█▋        | 12/70 [05:56<28:44, 29.73s/it][NA] iter=00013 eval=00451 misfit=6.203369e-01 best=6.198246e-01
[NA] iter=00013 eval=00452 misfit=6.223823e-01 best=6.198246e-01
[NA] iter=00013 eval=00453 misfit=6.224084e-01 best=6.198246e-01
[NA] iter=00013 eval=00454 misfit=6.230647e-01 best=6.198246e-01
[NA] iter=00013 eval=00455 misfit=6.202999e-01 best=6.198246e-01
[NA] iter=00013 eval=00456 misfit=6.208783e-01 best=6.198246e-01
[NA] iter=00013 eval=00457 misfit=6.207897e-01 best=6.198246e-01
[NA] iter=00013 eval=00458 misfit=6.209665e-01 best=6.198246e-01
[NA] iter=00013 eval=00459 misfit=6.198334e-01 best=6.198246e-01
[NA] iter=00013 eval=00460 misfit=6.200365e-01 best=6.198246e-01
[NA] iter=00013 eval=00461 misfit=6.223180e-01 best=6.198246e-01
[NA] iter=00013 eval=00462 misfit=6.214366e-01 best=6.198246e-01
[NA] iter=00013 eval=00463 misfit=6.215206e-01 best=6.198246e-01
[NA] iter=00013 eval=00464 misfit=6.199468e-01 best=6.198246e-01
[NA] iter=00013 eval=00465 misfit=6.214029e-01 best=6.198246e-01
[NA] iter=00013 eval=00466 misfit=6.222435e-01 best=6.198246e-01
[NA] iter=00013 eval=00467 misfit=6.220333e-01 best=6.198246e-01
[NA] iter=00013 eval=00468 misfit=6.200924e-01 best=6.198246e-01
[NA] iter=00013 eval=00469 misfit=6.207429e-01 best=6.198246e-01
[NA] iter=00013 eval=00470 misfit=6.227607e-01 best=6.198246e-01
[NA] iter=00013 eval=00471 misfit=6.203994e-01 best=6.198246e-01
[NA] iter=00013 eval=00472 misfit=6.231255e-01 best=6.198246e-01
[NA] iter=00013 eval=00473 misfit=6.229903e-01 best=6.198246e-01
[NA] iter=00013 eval=00474 misfit=6.230765e-01 best=6.198246e-01
[NA] iter=00013 eval=00475 misfit=6.219116e-01 best=6.198246e-01
[NA] iter=00013 eval=00476 misfit=6.197060e-01 best=6.197060e-01
[NA] iter=00013 eval=00477 misfit=6.211863e-01 best=6.197060e-01
[NA] iter=00013 eval=00478 misfit=6.216523e-01 best=6.197060e-01
[NA] iter=00013 eval=00479 misfit=6.208891e-01 best=6.197060e-01
[NA] iter=00013 eval=00480 misfit=6.204265e-01 best=6.197060e-01
[NA] iter=00013 eval=00481 misfit=6.209795e-01 best=6.197060e-01
[NA] iter=00013 eval=00482 misfit=6.209872e-01 best=6.197060e-01
[NA] iter=00013 eval=00483 misfit=6.237315e-01 best=6.197060e-01
[NA] iter=00013 eval=00484 misfit=6.218091e-01 best=6.197060e-01
[NA] iter=00013 eval=00485 misfit=6.226821e-01 best=6.197060e-01
NAI - Optimisation Loop:  19%|█▊        | 13/70 [06:26<28:15, 29.75s/it][NA] iter=00014 eval=00486 misfit=6.198591e-01 best=6.197060e-01
[NA] iter=00014 eval=00487 misfit=6.198607e-01 best=6.197060e-01
[NA] iter=00014 eval=00488 misfit=6.210100e-01 best=6.197060e-01
[NA] iter=00014 eval=00489 misfit=6.215115e-01 best=6.197060e-01
[NA] iter=00014 eval=00490 misfit=6.203507e-01 best=6.197060e-01
[NA] iter=00014 eval=00491 misfit=6.198824e-01 best=6.197060e-01
[NA] iter=00014 eval=00492 misfit=6.219150e-01 best=6.197060e-01
[NA] iter=00014 eval=00493 misfit=6.198539e-01 best=6.197060e-01
[NA] iter=00014 eval=00494 misfit=6.204668e-01 best=6.197060e-01
[NA] iter=00014 eval=00495 misfit=6.207850e-01 best=6.197060e-01
[NA] iter=00014 eval=00496 misfit=6.198910e-01 best=6.197060e-01
[NA] iter=00014 eval=00497 misfit=6.198243e-01 best=6.197060e-01
[NA] iter=00014 eval=00498 misfit=6.204283e-01 best=6.197060e-01
[NA] iter=00014 eval=00499 misfit=6.211627e-01 best=6.197060e-01
[NA] iter=00014 eval=00500 misfit=6.210470e-01 best=6.197060e-01
[NA] iter=00014 eval=00501 misfit=6.205161e-01 best=6.197060e-01
[NA] iter=00014 eval=00502 misfit=6.197327e-01 best=6.197060e-01
[NA] iter=00014 eval=00503 misfit=6.205225e-01 best=6.197060e-01
[NA] iter=00014 eval=00504 misfit=6.208612e-01 best=6.197060e-01
[NA] iter=00014 eval=00505 misfit=6.199253e-01 best=6.197060e-01
[NA] iter=00014 eval=00506 misfit=6.199718e-01 best=6.197060e-01
[NA] iter=00014 eval=00507 misfit=6.204831e-01 best=6.197060e-01
[NA] iter=00014 eval=00508 misfit=6.198205e-01 best=6.197060e-01
[NA] iter=00014 eval=00509 misfit=6.198784e-01 best=6.197060e-01
[NA] iter=00014 eval=00510 misfit=6.203558e-01 best=6.197060e-01
[NA] iter=00014 eval=00511 misfit=6.204477e-01 best=6.197060e-01
[NA] iter=00014 eval=00512 misfit=6.203861e-01 best=6.197060e-01
[NA] iter=00014 eval=00513 misfit=6.200438e-01 best=6.197060e-01
[NA] iter=00014 eval=00514 misfit=6.201007e-01 best=6.197060e-01
[NA] iter=00014 eval=00515 misfit=6.204178e-01 best=6.197060e-01
[NA] iter=00014 eval=00516 misfit=6.200501e-01 best=6.197060e-01
[NA] iter=00014 eval=00517 misfit=6.200287e-01 best=6.197060e-01
[NA] iter=00014 eval=00518 misfit=6.210461e-01 best=6.197060e-01
[NA] iter=00014 eval=00519 misfit=6.210443e-01 best=6.197060e-01
[NA] iter=00014 eval=00520 misfit=6.199833e-01 best=6.197060e-01
NAI - Optimisation Loop:  20%|██        | 14/70 [06:55<27:38, 29.61s/it][NA] iter=00015 eval=00521 misfit=6.197367e-01 best=6.197060e-01
[NA] iter=00015 eval=00522 misfit=6.197630e-01 best=6.197060e-01
[NA] iter=00015 eval=00523 misfit=6.212447e-01 best=6.197060e-01
[NA] iter=00015 eval=00524 misfit=6.211361e-01 best=6.197060e-01
[NA] iter=00015 eval=00525 misfit=6.208893e-01 best=6.197060e-01
[NA] iter=00015 eval=00526 misfit=6.203783e-01 best=6.197060e-01
[NA] iter=00015 eval=00527 misfit=6.204655e-01 best=6.197060e-01
[NA] iter=00015 eval=00528 misfit=6.209684e-01 best=6.197060e-01
[NA] iter=00015 eval=00529 misfit=6.196855e-01 best=6.196855e-01
[NA] iter=00015 eval=00530 misfit=6.204564e-01 best=6.196855e-01
[NA] iter=00015 eval=00531 misfit=6.198100e-01 best=6.196855e-01
[NA] iter=00015 eval=00532 misfit=6.208271e-01 best=6.196855e-01
[NA] iter=00015 eval=00533 misfit=6.209150e-01 best=6.196855e-01
[NA] iter=00015 eval=00534 misfit=6.208840e-01 best=6.196855e-01
[NA] iter=00015 eval=00535 misfit=6.204494e-01 best=6.196855e-01
[NA] iter=00015 eval=00536 misfit=6.197669e-01 best=6.196855e-01
[NA] iter=00015 eval=00537 misfit=6.204139e-01 best=6.196855e-01
[NA] iter=00015 eval=00538 misfit=6.209984e-01 best=6.196855e-01
[NA] iter=00015 eval=00539 misfit=6.213080e-01 best=6.196855e-01
[NA] iter=00015 eval=00540 misfit=6.212810e-01 best=6.196855e-01
[NA] iter=00015 eval=00541 misfit=6.204013e-01 best=6.196855e-01
[NA] iter=00015 eval=00542 misfit=6.207289e-01 best=6.196855e-01
[NA] iter=00015 eval=00543 misfit=6.203654e-01 best=6.196855e-01
[NA] iter=00015 eval=00544 misfit=6.198453e-01 best=6.196855e-01
[NA] iter=00015 eval=00545 misfit=6.203800e-01 best=6.196855e-01
[NA] iter=00015 eval=00546 misfit=6.198236e-01 best=6.196855e-01
[NA] iter=00015 eval=00547 misfit=6.197814e-01 best=6.196855e-01
[NA] iter=00015 eval=00548 misfit=6.212484e-01 best=6.196855e-01
[NA] iter=00015 eval=00549 misfit=6.197555e-01 best=6.196855e-01
[NA] iter=00015 eval=00550 misfit=6.197752e-01 best=6.196855e-01
[NA] iter=00015 eval=00551 misfit=6.198414e-01 best=6.196855e-01
[NA] iter=00015 eval=00552 misfit=6.209107e-01 best=6.196855e-01
[NA] iter=00015 eval=00553 misfit=6.197748e-01 best=6.196855e-01
[NA] iter=00015 eval=00554 misfit=6.197727e-01 best=6.196855e-01
[NA] iter=00015 eval=00555 misfit=6.209909e-01 best=6.196855e-01
NAI - Optimisation Loop:  21%|██▏       | 15/70 [07:24<27:03, 29.52s/it][NA] iter=00016 eval=00556 misfit=6.203345e-01 best=6.196855e-01
[NA] iter=00016 eval=00557 misfit=6.211450e-01 best=6.196855e-01
[NA] iter=00016 eval=00558 misfit=6.212435e-01 best=6.196855e-01
[NA] iter=00016 eval=00559 misfit=6.203069e-01 best=6.196855e-01
[NA] iter=00016 eval=00560 misfit=6.218912e-01 best=6.196855e-01
[NA] iter=00016 eval=00561 misfit=6.209452e-01 best=6.196855e-01
[NA] iter=00016 eval=00562 misfit=6.197211e-01 best=6.196855e-01
[NA] iter=00016 eval=00563 misfit=6.196670e-01 best=6.196670e-01
[NA] iter=00016 eval=00564 misfit=6.212213e-01 best=6.196670e-01
[NA] iter=00016 eval=00565 misfit=6.209810e-01 best=6.196670e-01
[NA] iter=00016 eval=00566 misfit=6.198010e-01 best=6.196670e-01
[NA] iter=00016 eval=00567 misfit=6.197840e-01 best=6.196670e-01
[NA] iter=00016 eval=00568 misfit=6.197148e-01 best=6.196670e-01
[NA] iter=00016 eval=00569 misfit=6.197384e-01 best=6.196670e-01
[NA] iter=00016 eval=00570 misfit=6.197590e-01 best=6.196670e-01
[NA] iter=00016 eval=00571 misfit=6.197372e-01 best=6.196670e-01
[NA] iter=00016 eval=00572 misfit=6.210841e-01 best=6.196670e-01
[NA] iter=00016 eval=00573 misfit=6.209127e-01 best=6.196670e-01
[NA] iter=00016 eval=00574 misfit=6.197705e-01 best=6.196670e-01
[NA] iter=00016 eval=00575 misfit=6.205136e-01 best=6.196670e-01
[NA] iter=00016 eval=00576 misfit=6.204283e-01 best=6.196670e-01
[NA] iter=00016 eval=00577 misfit=6.203827e-01 best=6.196670e-01
[NA] iter=00016 eval=00578 misfit=6.204639e-01 best=6.196670e-01
[NA] iter=00016 eval=00579 misfit=6.196562e-01 best=6.196562e-01
[NA] iter=00016 eval=00580 misfit=6.196831e-01 best=6.196562e-01
[NA] iter=00016 eval=00581 misfit=6.210640e-01 best=6.196562e-01
[NA] iter=00016 eval=00582 misfit=6.210150e-01 best=6.196562e-01
[NA] iter=00016 eval=00583 misfit=6.204433e-01 best=6.196562e-01
[NA] iter=00016 eval=00584 misfit=6.204578e-01 best=6.196562e-01
[NA] iter=00016 eval=00585 misfit=6.212587e-01 best=6.196562e-01
[NA] iter=00016 eval=00586 misfit=6.205090e-01 best=6.196562e-01
[NA] iter=00016 eval=00587 misfit=6.198051e-01 best=6.196562e-01
[NA] iter=00016 eval=00588 misfit=6.198047e-01 best=6.196562e-01
[NA] iter=00016 eval=00589 misfit=6.204617e-01 best=6.196562e-01
[NA] iter=00016 eval=00590 misfit=6.204664e-01 best=6.196562e-01
NAI - Optimisation Loop:  23%|██▎       | 16/70 [07:55<26:46, 29.75s/it][NA] iter=00017 eval=00591 misfit=6.195940e-01 best=6.195940e-01
[NA] iter=00017 eval=00592 misfit=6.197109e-01 best=6.195940e-01
[NA] iter=00017 eval=00593 misfit=6.196373e-01 best=6.195940e-01
[NA] iter=00017 eval=00594 misfit=6.203130e-01 best=6.195940e-01
[NA] iter=00017 eval=00595 misfit=6.197195e-01 best=6.195940e-01
[NA] iter=00017 eval=00596 misfit=6.203631e-01 best=6.195940e-01
[NA] iter=00017 eval=00597 misfit=6.203723e-01 best=6.195940e-01
[NA] iter=00017 eval=00598 misfit=6.196827e-01 best=6.195940e-01
[NA] iter=00017 eval=00599 misfit=6.203962e-01 best=6.195940e-01
[NA] iter=00017 eval=00600 misfit=6.197256e-01 best=6.195940e-01
[NA] iter=00017 eval=00601 misfit=6.203746e-01 best=6.195940e-01
[NA] iter=00017 eval=00602 misfit=6.204267e-01 best=6.195940e-01
[NA] iter=00017 eval=00603 misfit=6.197037e-01 best=6.195940e-01
[NA] iter=00017 eval=00604 misfit=6.196658e-01 best=6.195940e-01
[NA] iter=00017 eval=00605 misfit=6.197030e-01 best=6.195940e-01
[NA] iter=00017 eval=00606 misfit=6.204210e-01 best=6.195940e-01
[NA] iter=00017 eval=00607 misfit=6.196774e-01 best=6.195940e-01
[NA] iter=00017 eval=00608 misfit=6.197035e-01 best=6.195940e-01
[NA] iter=00017 eval=00609 misfit=6.204018e-01 best=6.195940e-01
[NA] iter=00017 eval=00610 misfit=6.197029e-01 best=6.195940e-01
[NA] iter=00017 eval=00611 misfit=6.196971e-01 best=6.195940e-01
[NA] iter=00017 eval=00612 misfit=6.196677e-01 best=6.195940e-01
[NA] iter=00017 eval=00613 misfit=6.197334e-01 best=6.195940e-01
[NA] iter=00017 eval=00614 misfit=6.197367e-01 best=6.195940e-01
[NA] iter=00017 eval=00615 misfit=6.197417e-01 best=6.195940e-01
[NA] iter=00017 eval=00616 misfit=6.197151e-01 best=6.195940e-01
[NA] iter=00017 eval=00617 misfit=6.203760e-01 best=6.195940e-01
[NA] iter=00017 eval=00618 misfit=6.196881e-01 best=6.195940e-01
[NA] iter=00017 eval=00619 misfit=6.197193e-01 best=6.195940e-01
[NA] iter=00017 eval=00620 misfit=6.197132e-01 best=6.195940e-01
[NA] iter=00017 eval=00621 misfit=6.197634e-01 best=6.195940e-01
[NA] iter=00017 eval=00622 misfit=6.197200e-01 best=6.195940e-01
[NA] iter=00017 eval=00623 misfit=6.197271e-01 best=6.195940e-01
[NA] iter=00017 eval=00624 misfit=6.209580e-01 best=6.195940e-01
[NA] iter=00017 eval=00625 misfit=6.203832e-01 best=6.195940e-01
NAI - Optimisation Loop:  24%|██▍       | 17/70 [08:24<26:15, 29.73s/it][NA] iter=00018 eval=00626 misfit=6.202076e-01 best=6.195940e-01
[NA] iter=00018 eval=00627 misfit=6.195736e-01 best=6.195736e-01
[NA] iter=00018 eval=00628 misfit=6.196061e-01 best=6.195736e-01
[NA] iter=00018 eval=00629 misfit=6.203150e-01 best=6.195736e-01
[NA] iter=00018 eval=00630 misfit=6.203015e-01 best=6.195736e-01
[NA] iter=00018 eval=00631 misfit=6.207801e-01 best=6.195736e-01
[NA] iter=00018 eval=00632 misfit=6.197298e-01 best=6.195736e-01
[NA] iter=00018 eval=00633 misfit=6.207397e-01 best=6.195736e-01
[NA] iter=00018 eval=00634 misfit=6.203463e-01 best=6.195736e-01
[NA] iter=00018 eval=00635 misfit=6.203916e-01 best=6.195736e-01
[NA] iter=00018 eval=00636 misfit=6.197114e-01 best=6.195736e-01
[NA] iter=00018 eval=00637 misfit=6.203904e-01 best=6.195736e-01
[NA] iter=00018 eval=00638 misfit=6.203484e-01 best=6.195736e-01
[NA] iter=00018 eval=00639 misfit=6.196849e-01 best=6.195736e-01
[NA] iter=00018 eval=00640 misfit=6.203760e-01 best=6.195736e-01
[NA] iter=00018 eval=00641 misfit=6.196273e-01 best=6.195736e-01
[NA] iter=00018 eval=00642 misfit=6.196493e-01 best=6.195736e-01
[NA] iter=00018 eval=00643 misfit=6.196734e-01 best=6.195736e-01
[NA] iter=00018 eval=00644 misfit=6.203437e-01 best=6.195736e-01
[NA] iter=00018 eval=00645 misfit=6.196785e-01 best=6.195736e-01
[NA] iter=00018 eval=00646 misfit=6.196846e-01 best=6.195736e-01
[NA] iter=00018 eval=00647 misfit=6.196772e-01 best=6.195736e-01
[NA] iter=00018 eval=00648 misfit=6.203488e-01 best=6.195736e-01
[NA] iter=00018 eval=00649 misfit=6.196711e-01 best=6.195736e-01
[NA] iter=00018 eval=00650 misfit=6.203307e-01 best=6.195736e-01
[NA] iter=00018 eval=00651 misfit=6.196671e-01 best=6.195736e-01
[NA] iter=00018 eval=00652 misfit=6.209277e-01 best=6.195736e-01
[NA] iter=00018 eval=00653 misfit=6.196472e-01 best=6.195736e-01
[NA] iter=00018 eval=00654 misfit=6.196934e-01 best=6.195736e-01
[NA] iter=00018 eval=00655 misfit=6.211298e-01 best=6.195736e-01
[NA] iter=00018 eval=00656 misfit=6.196678e-01 best=6.195736e-01
[NA] iter=00018 eval=00657 misfit=6.203809e-01 best=6.195736e-01
[NA] iter=00018 eval=00658 misfit=6.204165e-01 best=6.195736e-01
[NA] iter=00018 eval=00659 misfit=6.203838e-01 best=6.195736e-01
[NA] iter=00018 eval=00660 misfit=6.203925e-01 best=6.195736e-01
NAI - Optimisation Loop:  26%|██▌       | 18/70 [08:55<26:04, 30.09s/it][NA] iter=00019 eval=00661 misfit=6.203181e-01 best=6.195736e-01
[NA] iter=00019 eval=00662 misfit=6.195632e-01 best=6.195632e-01
[NA] iter=00019 eval=00663 misfit=6.229697e-01 best=6.195632e-01
[NA] iter=00019 eval=00664 misfit=6.219260e-01 best=6.195632e-01
[NA] iter=00019 eval=00665 misfit=6.208719e-01 best=6.195632e-01
[NA] iter=00019 eval=00666 misfit=6.196261e-01 best=6.195632e-01
[NA] iter=00019 eval=00667 misfit=6.203457e-01 best=6.195632e-01
[NA] iter=00019 eval=00668 misfit=6.196338e-01 best=6.195632e-01
[NA] iter=00019 eval=00669 misfit=6.196001e-01 best=6.195632e-01
[NA] iter=00019 eval=00670 misfit=6.196333e-01 best=6.195632e-01
[NA] iter=00019 eval=00671 misfit=6.195845e-01 best=6.195632e-01
[NA] iter=00019 eval=00672 misfit=6.195502e-01 best=6.195502e-01
[NA] iter=00019 eval=00673 misfit=6.202692e-01 best=6.195502e-01
[NA] iter=00019 eval=00674 misfit=6.195457e-01 best=6.195457e-01
[NA] iter=00019 eval=00675 misfit=6.195621e-01 best=6.195457e-01
[NA] iter=00019 eval=00676 misfit=6.195515e-01 best=6.195457e-01
[NA] iter=00019 eval=00677 misfit=6.195625e-01 best=6.195457e-01
[NA] iter=00019 eval=00678 misfit=6.195732e-01 best=6.195457e-01
[NA] iter=00019 eval=00679 misfit=6.203478e-01 best=6.195457e-01
[NA] iter=00019 eval=00680 misfit=6.195705e-01 best=6.195457e-01
[NA] iter=00019 eval=00681 misfit=6.196588e-01 best=6.195457e-01
[NA] iter=00019 eval=00682 misfit=6.203531e-01 best=6.195457e-01
[NA] iter=00019 eval=00683 misfit=6.196663e-01 best=6.195457e-01
[NA] iter=00019 eval=00684 misfit=6.203332e-01 best=6.195457e-01
[NA] iter=00019 eval=00685 misfit=6.203733e-01 best=6.195457e-01
[NA] iter=00019 eval=00686 misfit=6.196232e-01 best=6.195457e-01
[NA] iter=00019 eval=00687 misfit=6.196376e-01 best=6.195457e-01
[NA] iter=00019 eval=00688 misfit=6.196464e-01 best=6.195457e-01
[NA] iter=00019 eval=00689 misfit=6.196485e-01 best=6.195457e-01
[NA] iter=00019 eval=00690 misfit=6.196383e-01 best=6.195457e-01
[NA] iter=00019 eval=00691 misfit=6.203703e-01 best=6.195457e-01
[NA] iter=00019 eval=00692 misfit=6.196679e-01 best=6.195457e-01
[NA] iter=00019 eval=00693 misfit=6.203316e-01 best=6.195457e-01
[NA] iter=00019 eval=00694 misfit=6.196556e-01 best=6.195457e-01
[NA] iter=00019 eval=00695 misfit=6.196665e-01 best=6.195457e-01
NAI - Optimisation Loop:  27%|██▋       | 19/70 [09:26<25:48, 30.36s/it][NA] iter=00020 eval=00696 misfit=6.207603e-01 best=6.195457e-01
[NA] iter=00020 eval=00697 misfit=6.195477e-01 best=6.195457e-01
[NA] iter=00020 eval=00698 misfit=6.201199e-01 best=6.195457e-01
[NA] iter=00020 eval=00699 misfit=6.210051e-01 best=6.195457e-01
[NA] iter=00020 eval=00700 misfit=6.201225e-01 best=6.195457e-01
[NA] iter=00020 eval=00701 misfit=6.195194e-01 best=6.195194e-01
[NA] iter=00020 eval=00702 misfit=6.202746e-01 best=6.195194e-01
[NA] iter=00020 eval=00703 misfit=6.195183e-01 best=6.195183e-01
[NA] iter=00020 eval=00704 misfit=6.195797e-01 best=6.195183e-01
[NA] iter=00020 eval=00705 misfit=6.202748e-01 best=6.195183e-01
[NA] iter=00020 eval=00706 misfit=6.219272e-01 best=6.195183e-01
[NA] iter=00020 eval=00707 misfit=6.218527e-01 best=6.195183e-01
[NA] iter=00020 eval=00708 misfit=6.219227e-01 best=6.195183e-01
[NA] iter=00020 eval=00709 misfit=6.202743e-01 best=6.195183e-01
[NA] iter=00020 eval=00710 misfit=6.222435e-01 best=6.195183e-01
[NA] iter=00020 eval=00711 misfit=6.195663e-01 best=6.195183e-01
[NA] iter=00020 eval=00712 misfit=6.210160e-01 best=6.195183e-01
[NA] iter=00020 eval=00713 misfit=6.210518e-01 best=6.195183e-01
[NA] iter=00020 eval=00714 misfit=6.195475e-01 best=6.195183e-01
[NA] iter=00020 eval=00715 misfit=6.210407e-01 best=6.195183e-01
[NA] iter=00020 eval=00716 misfit=6.202273e-01 best=6.195183e-01
[NA] iter=00020 eval=00717 misfit=6.202457e-01 best=6.195183e-01
[NA] iter=00020 eval=00718 misfit=6.203190e-01 best=6.195183e-01
[NA] iter=00020 eval=00719 misfit=6.202665e-01 best=6.195183e-01
[NA] iter=00020 eval=00720 misfit=6.202291e-01 best=6.195183e-01
[NA] iter=00020 eval=00721 misfit=6.202586e-01 best=6.195183e-01
[NA] iter=00020 eval=00722 misfit=6.195697e-01 best=6.195183e-01
[NA] iter=00020 eval=00723 misfit=6.203098e-01 best=6.195183e-01
[NA] iter=00020 eval=00724 misfit=6.196197e-01 best=6.195183e-01
[NA] iter=00020 eval=00725 misfit=6.203251e-01 best=6.195183e-01
[NA] iter=00020 eval=00726 misfit=6.202681e-01 best=6.195183e-01
[NA] iter=00020 eval=00727 misfit=6.202529e-01 best=6.195183e-01
[NA] iter=00020 eval=00728 misfit=6.218826e-01 best=6.195183e-01
[NA] iter=00020 eval=00729 misfit=6.223933e-01 best=6.195183e-01
[NA] iter=00020 eval=00730 misfit=6.202835e-01 best=6.195183e-01
NAI - Optimisation Loop:  29%|██▊       | 20/70 [09:55<24:51, 29.83s/it][NA] iter=00021 eval=00731 misfit=6.195511e-01 best=6.195183e-01
[NA] iter=00021 eval=00732 misfit=6.194981e-01 best=6.194981e-01
[NA] iter=00021 eval=00733 misfit=6.195604e-01 best=6.194981e-01
[NA] iter=00021 eval=00734 misfit=6.195200e-01 best=6.194981e-01
[NA] iter=00021 eval=00735 misfit=6.195026e-01 best=6.194981e-01
[NA] iter=00021 eval=00736 misfit=6.195101e-01 best=6.194981e-01
[NA] iter=00021 eval=00737 misfit=6.195185e-01 best=6.194981e-01
[NA] iter=00021 eval=00738 misfit=6.194880e-01 best=6.194880e-01
[NA] iter=00021 eval=00739 misfit=6.208050e-01 best=6.194880e-01
[NA] iter=00021 eval=00740 misfit=6.194921e-01 best=6.194880e-01
[NA] iter=00021 eval=00741 misfit=6.195265e-01 best=6.194880e-01
[NA] iter=00021 eval=00742 misfit=6.202643e-01 best=6.194880e-01
[NA] iter=00021 eval=00743 misfit=6.195283e-01 best=6.194880e-01
[NA] iter=00021 eval=00744 misfit=6.195580e-01 best=6.194880e-01
[NA] iter=00021 eval=00745 misfit=6.202712e-01 best=6.194880e-01
[NA] iter=00021 eval=00746 misfit=6.196228e-01 best=6.194880e-01
[NA] iter=00021 eval=00747 misfit=6.195736e-01 best=6.194880e-01
[NA] iter=00021 eval=00748 misfit=6.195882e-01 best=6.194880e-01
[NA] iter=00021 eval=00749 misfit=6.195763e-01 best=6.194880e-01
[NA] iter=00021 eval=00750 misfit=6.195452e-01 best=6.194880e-01
[NA] iter=00021 eval=00751 misfit=6.195557e-01 best=6.194880e-01
[NA] iter=00021 eval=00752 misfit=6.195267e-01 best=6.194880e-01
[NA] iter=00021 eval=00753 misfit=6.195522e-01 best=6.194880e-01
[NA] iter=00021 eval=00754 misfit=6.195248e-01 best=6.194880e-01
[NA] iter=00021 eval=00755 misfit=6.207984e-01 best=6.194880e-01
[NA] iter=00021 eval=00756 misfit=6.202944e-01 best=6.194880e-01
[NA] iter=00021 eval=00757 misfit=6.195340e-01 best=6.194880e-01
[NA] iter=00021 eval=00758 misfit=6.195532e-01 best=6.194880e-01
[NA] iter=00021 eval=00759 misfit=6.195404e-01 best=6.194880e-01
[NA] iter=00021 eval=00760 misfit=6.195341e-01 best=6.194880e-01
[NA] iter=00021 eval=00761 misfit=6.195583e-01 best=6.194880e-01
[NA] iter=00021 eval=00762 misfit=6.195382e-01 best=6.194880e-01
[NA] iter=00021 eval=00763 misfit=6.196133e-01 best=6.194880e-01
[NA] iter=00021 eval=00764 misfit=6.202510e-01 best=6.194880e-01
[NA] iter=00021 eval=00765 misfit=6.202654e-01 best=6.194880e-01
NAI - Optimisation Loop:  30%|███       | 21/70 [10:23<24:00, 29.40s/it][NA] iter=00022 eval=00766 misfit=6.194874e-01 best=6.194874e-01
[NA] iter=00022 eval=00767 misfit=6.194781e-01 best=6.194781e-01
[NA] iter=00022 eval=00768 misfit=6.194344e-01 best=6.194344e-01
[NA] iter=00022 eval=00769 misfit=6.195013e-01 best=6.194344e-01
[NA] iter=00022 eval=00770 misfit=6.195134e-01 best=6.194344e-01
[NA] iter=00022 eval=00771 misfit=6.195043e-01 best=6.194344e-01
[NA] iter=00022 eval=00772 misfit=6.202305e-01 best=6.194344e-01
[NA] iter=00022 eval=00773 misfit=6.202109e-01 best=6.194344e-01
[NA] iter=00022 eval=00774 misfit=6.202583e-01 best=6.194344e-01
[NA] iter=00022 eval=00775 misfit=6.195027e-01 best=6.194344e-01
[NA] iter=00022 eval=00776 misfit=6.195099e-01 best=6.194344e-01
[NA] iter=00022 eval=00777 misfit=6.195180e-01 best=6.194344e-01
[NA] iter=00022 eval=00778 misfit=6.195467e-01 best=6.194344e-01
[NA] iter=00022 eval=00779 misfit=6.194840e-01 best=6.194344e-01
[NA] iter=00022 eval=00780 misfit=6.195171e-01 best=6.194344e-01
[NA] iter=00022 eval=00781 misfit=6.202416e-01 best=6.194344e-01
[NA] iter=00022 eval=00782 misfit=6.202315e-01 best=6.194344e-01
[NA] iter=00022 eval=00783 misfit=6.202508e-01 best=6.194344e-01
[NA] iter=00022 eval=00784 misfit=6.202458e-01 best=6.194344e-01
[NA] iter=00022 eval=00785 misfit=6.202531e-01 best=6.194344e-01
[NA] iter=00022 eval=00786 misfit=6.194738e-01 best=6.194344e-01
[NA] iter=00022 eval=00787 misfit=6.195469e-01 best=6.194344e-01
[NA] iter=00022 eval=00788 misfit=6.194984e-01 best=6.194344e-01
[NA] iter=00022 eval=00789 misfit=6.195631e-01 best=6.194344e-01
[NA] iter=00022 eval=00790 misfit=6.195265e-01 best=6.194344e-01
[NA] iter=00022 eval=00791 misfit=6.195105e-01 best=6.194344e-01
[NA] iter=00022 eval=00792 misfit=6.195258e-01 best=6.194344e-01
[NA] iter=00022 eval=00793 misfit=6.195338e-01 best=6.194344e-01
[NA] iter=00022 eval=00794 misfit=6.195185e-01 best=6.194344e-01
[NA] iter=00022 eval=00795 misfit=6.195415e-01 best=6.194344e-01
[NA] iter=00022 eval=00796 misfit=6.195311e-01 best=6.194344e-01
[NA] iter=00022 eval=00797 misfit=6.207791e-01 best=6.194344e-01
[NA] iter=00022 eval=00798 misfit=6.195396e-01 best=6.194344e-01
[NA] iter=00022 eval=00799 misfit=6.195549e-01 best=6.194344e-01
[NA] iter=00022 eval=00800 misfit=6.195384e-01 best=6.194344e-01
NAI - Optimisation Loop:  31%|███▏      | 22/70 [10:54<23:54, 29.89s/it][NA] iter=00023 eval=00801 misfit=6.204704e-01 best=6.194344e-01
[NA] iter=00023 eval=00802 misfit=6.193990e-01 best=6.193990e-01
[NA] iter=00023 eval=00803 misfit=6.194638e-01 best=6.193990e-01
[NA] iter=00023 eval=00804 misfit=6.201883e-01 best=6.193990e-01
[NA] iter=00023 eval=00805 misfit=6.204656e-01 best=6.193990e-01
[NA] iter=00023 eval=00806 misfit=6.194975e-01 best=6.193990e-01
[NA] iter=00023 eval=00807 misfit=6.194713e-01 best=6.193990e-01
[NA] iter=00023 eval=00808 misfit=6.194770e-01 best=6.193990e-01
[NA] iter=00023 eval=00809 misfit=6.194904e-01 best=6.193990e-01
[NA] iter=00023 eval=00810 misfit=6.194620e-01 best=6.193990e-01
[NA] iter=00023 eval=00811 misfit=6.204755e-01 best=6.193990e-01
[NA] iter=00023 eval=00812 misfit=6.210037e-01 best=6.193990e-01
[NA] iter=00023 eval=00813 misfit=6.195180e-01 best=6.193990e-01
[NA] iter=00023 eval=00814 misfit=6.194888e-01 best=6.193990e-01
[NA] iter=00023 eval=00815 misfit=6.195572e-01 best=6.193990e-01
[NA] iter=00023 eval=00816 misfit=6.195081e-01 best=6.193990e-01
[NA] iter=00023 eval=00817 misfit=6.194775e-01 best=6.193990e-01
[NA] iter=00023 eval=00818 misfit=6.194950e-01 best=6.193990e-01
[NA] iter=00023 eval=00819 misfit=6.194832e-01 best=6.193990e-01
[NA] iter=00023 eval=00820 misfit=6.195006e-01 best=6.193990e-01
[NA] iter=00023 eval=00821 misfit=6.200602e-01 best=6.193990e-01
[NA] iter=00023 eval=00822 misfit=6.202997e-01 best=6.193990e-01
[NA] iter=00023 eval=00823 misfit=6.203172e-01 best=6.193990e-01
[NA] iter=00023 eval=00824 misfit=6.202987e-01 best=6.193990e-01
[NA] iter=00023 eval=00825 misfit=6.203298e-01 best=6.193990e-01
[NA] iter=00023 eval=00826 misfit=6.194980e-01 best=6.193990e-01
[NA] iter=00023 eval=00827 misfit=6.194702e-01 best=6.193990e-01
[NA] iter=00023 eval=00828 misfit=6.194958e-01 best=6.193990e-01
[NA] iter=00023 eval=00829 misfit=6.202167e-01 best=6.193990e-01
[NA] iter=00023 eval=00830 misfit=6.194932e-01 best=6.193990e-01
[NA] iter=00023 eval=00831 misfit=6.195034e-01 best=6.193990e-01
[NA] iter=00023 eval=00832 misfit=6.195135e-01 best=6.193990e-01
[NA] iter=00023 eval=00833 misfit=6.195080e-01 best=6.193990e-01
[NA] iter=00023 eval=00834 misfit=6.194800e-01 best=6.193990e-01
[NA] iter=00023 eval=00835 misfit=6.195040e-01 best=6.193990e-01
NAI - Optimisation Loop:  33%|███▎      | 23/70 [11:24<23:27, 29.94s/it][NA] iter=00024 eval=00836 misfit=6.201417e-01 best=6.193990e-01
[NA] iter=00024 eval=00837 misfit=6.193997e-01 best=6.193990e-01
[NA] iter=00024 eval=00838 misfit=6.200206e-01 best=6.193990e-01
[NA] iter=00024 eval=00839 misfit=6.211731e-01 best=6.193990e-01
[NA] iter=00024 eval=00840 misfit=6.201613e-01 best=6.193990e-01
[NA] iter=00024 eval=00841 misfit=6.202356e-01 best=6.193990e-01
[NA] iter=00024 eval=00842 misfit=6.201965e-01 best=6.193990e-01
[NA] iter=00024 eval=00843 misfit=6.201900e-01 best=6.193990e-01
[NA] iter=00024 eval=00844 misfit=6.200726e-01 best=6.193990e-01
[NA] iter=00024 eval=00845 misfit=6.194794e-01 best=6.193990e-01
[NA] iter=00024 eval=00846 misfit=6.201897e-01 best=6.193990e-01
[NA] iter=00024 eval=00847 misfit=6.202228e-01 best=6.193990e-01
[NA] iter=00024 eval=00848 misfit=6.194811e-01 best=6.193990e-01
[NA] iter=00024 eval=00849 misfit=6.202008e-01 best=6.193990e-01
[NA] iter=00024 eval=00850 misfit=6.202310e-01 best=6.193990e-01
[NA] iter=00024 eval=00851 misfit=6.200915e-01 best=6.193990e-01
[NA] iter=00024 eval=00852 misfit=6.195656e-01 best=6.193990e-01
[NA] iter=00024 eval=00853 misfit=6.200849e-01 best=6.193990e-01
[NA] iter=00024 eval=00854 misfit=6.195083e-01 best=6.193990e-01
[NA] iter=00024 eval=00855 misfit=6.201699e-01 best=6.193990e-01
[NA] iter=00024 eval=00856 misfit=6.194767e-01 best=6.193990e-01
[NA] iter=00024 eval=00857 misfit=6.194839e-01 best=6.193990e-01
[NA] iter=00024 eval=00858 misfit=6.195009e-01 best=6.193990e-01
[NA] iter=00024 eval=00859 misfit=6.194827e-01 best=6.193990e-01
[NA] iter=00024 eval=00860 misfit=6.194876e-01 best=6.193990e-01
[NA] iter=00024 eval=00861 misfit=6.194767e-01 best=6.193990e-01
[NA] iter=00024 eval=00862 misfit=6.207339e-01 best=6.193990e-01
[NA] iter=00024 eval=00863 misfit=6.207309e-01 best=6.193990e-01
[NA] iter=00024 eval=00864 misfit=6.194935e-01 best=6.193990e-01
[NA] iter=00024 eval=00865 misfit=6.207363e-01 best=6.193990e-01
[NA] iter=00024 eval=00866 misfit=6.194673e-01 best=6.193990e-01
[NA] iter=00024 eval=00867 misfit=6.194782e-01 best=6.193990e-01
[NA] iter=00024 eval=00868 misfit=6.194744e-01 best=6.193990e-01
[NA] iter=00024 eval=00869 misfit=6.194745e-01 best=6.193990e-01
[NA] iter=00024 eval=00870 misfit=6.194833e-01 best=6.193990e-01
NAI - Optimisation Loop:  34%|███▍      | 24/70 [11:55<22:59, 30.00s/it][NA] iter=00025 eval=00871 misfit=6.201648e-01 best=6.193990e-01
[NA] iter=00025 eval=00872 misfit=6.201793e-01 best=6.193990e-01
[NA] iter=00025 eval=00873 misfit=6.194312e-01 best=6.193990e-01
[NA] iter=00025 eval=00874 misfit=6.194203e-01 best=6.193990e-01
[NA] iter=00025 eval=00875 misfit=6.194270e-01 best=6.193990e-01
[NA] iter=00025 eval=00876 misfit=6.194352e-01 best=6.193990e-01
[NA] iter=00025 eval=00877 misfit=6.200102e-01 best=6.193990e-01
[NA] iter=00025 eval=00878 misfit=6.200116e-01 best=6.193990e-01
[NA] iter=00025 eval=00879 misfit=6.194375e-01 best=6.193990e-01
[NA] iter=00025 eval=00880 misfit=6.201692e-01 best=6.193990e-01
[NA] iter=00025 eval=00881 misfit=6.194490e-01 best=6.193990e-01
[NA] iter=00025 eval=00882 misfit=6.201766e-01 best=6.193990e-01
[NA] iter=00025 eval=00883 misfit=6.194406e-01 best=6.193990e-01
[NA] iter=00025 eval=00884 misfit=6.194720e-01 best=6.193990e-01
[NA] iter=00025 eval=00885 misfit=6.201810e-01 best=6.193990e-01
[NA] iter=00025 eval=00886 misfit=6.195013e-01 best=6.193990e-01
[NA] iter=00025 eval=00887 misfit=6.194708e-01 best=6.193990e-01
[NA] iter=00025 eval=00888 misfit=6.194961e-01 best=6.193990e-01
[NA] iter=00025 eval=00889 misfit=6.194657e-01 best=6.193990e-01
[NA] iter=00025 eval=00890 misfit=6.202055e-01 best=6.193990e-01
[NA] iter=00025 eval=00891 misfit=6.194707e-01 best=6.193990e-01
[NA] iter=00025 eval=00892 misfit=6.194358e-01 best=6.193990e-01
[NA] iter=00025 eval=00893 misfit=6.194720e-01 best=6.193990e-01
[NA] iter=00025 eval=00894 misfit=6.202160e-01 best=6.193990e-01
[NA] iter=00025 eval=00895 misfit=6.194390e-01 best=6.193990e-01
[NA] iter=00025 eval=00896 misfit=6.202025e-01 best=6.193990e-01
[NA] iter=00025 eval=00897 misfit=6.194504e-01 best=6.193990e-01
[NA] iter=00025 eval=00898 misfit=6.202118e-01 best=6.193990e-01
[NA] iter=00025 eval=00899 misfit=6.201928e-01 best=6.193990e-01
[NA] iter=00025 eval=00900 misfit=6.194690e-01 best=6.193990e-01
[NA] iter=00025 eval=00901 misfit=6.194911e-01 best=6.193990e-01
[NA] iter=00025 eval=00902 misfit=6.194623e-01 best=6.193990e-01
[NA] iter=00025 eval=00903 misfit=6.194687e-01 best=6.193990e-01
[NA] iter=00025 eval=00904 misfit=6.194915e-01 best=6.193990e-01
[NA] iter=00025 eval=00905 misfit=6.194786e-01 best=6.193990e-01
NAI - Optimisation Loop:  36%|███▌      | 25/70 [12:25<22:31, 30.03s/it][NA] iter=00026 eval=00906 misfit=6.201463e-01 best=6.193990e-01
[NA] iter=00026 eval=00907 misfit=6.201568e-01 best=6.193990e-01
[NA] iter=00026 eval=00908 misfit=6.201381e-01 best=6.193990e-01
[NA] iter=00026 eval=00909 misfit=6.194040e-01 best=6.193990e-01
[NA] iter=00026 eval=00910 misfit=6.201419e-01 best=6.193990e-01
[NA] iter=00026 eval=00911 misfit=6.194369e-01 best=6.193990e-01
[NA] iter=00026 eval=00912 misfit=6.201420e-01 best=6.193990e-01
[NA] iter=00026 eval=00913 misfit=6.194262e-01 best=6.193990e-01
[NA] iter=00026 eval=00914 misfit=6.194343e-01 best=6.193990e-01
[NA] iter=00026 eval=00915 misfit=6.200274e-01 best=6.193990e-01
[NA] iter=00026 eval=00916 misfit=6.200360e-01 best=6.193990e-01
[NA] iter=00026 eval=00917 misfit=6.202050e-01 best=6.193990e-01
[NA] iter=00026 eval=00918 misfit=6.200157e-01 best=6.193990e-01
[NA] iter=00026 eval=00919 misfit=6.201954e-01 best=6.193990e-01
[NA] iter=00026 eval=00920 misfit=6.201991e-01 best=6.193990e-01
[NA] iter=00026 eval=00921 misfit=6.200370e-01 best=6.193990e-01
[NA] iter=00026 eval=00922 misfit=6.200245e-01 best=6.193990e-01
[NA] iter=00026 eval=00923 misfit=6.200531e-01 best=6.193990e-01
[NA] iter=00026 eval=00924 misfit=6.194367e-01 best=6.193990e-01
[NA] iter=00026 eval=00925 misfit=6.194214e-01 best=6.193990e-01
[NA] iter=00026 eval=00926 misfit=6.194385e-01 best=6.193990e-01
[NA] iter=00026 eval=00927 misfit=6.201509e-01 best=6.193990e-01
[NA] iter=00026 eval=00928 misfit=6.194706e-01 best=6.193990e-01
[NA] iter=00026 eval=00929 misfit=6.194579e-01 best=6.193990e-01
[NA] iter=00026 eval=00930 misfit=6.194395e-01 best=6.193990e-01
[NA] iter=00026 eval=00931 misfit=6.202015e-01 best=6.193990e-01
[NA] iter=00026 eval=00932 misfit=6.201981e-01 best=6.193990e-01
[NA] iter=00026 eval=00933 misfit=6.201774e-01 best=6.193990e-01
[NA] iter=00026 eval=00934 misfit=6.194502e-01 best=6.193990e-01
[NA] iter=00026 eval=00935 misfit=6.194310e-01 best=6.193990e-01
[NA] iter=00026 eval=00936 misfit=6.200210e-01 best=6.193990e-01
[NA] iter=00026 eval=00937 misfit=6.204347e-01 best=6.193990e-01
[NA] iter=00026 eval=00938 misfit=6.210002e-01 best=6.193990e-01
[NA] iter=00026 eval=00939 misfit=6.194783e-01 best=6.193990e-01
[NA] iter=00026 eval=00940 misfit=6.200483e-01 best=6.193990e-01
NAI - Optimisation Loop:  37%|███▋      | 26/70 [12:54<21:54, 29.87s/it][NA] iter=00027 eval=00941 misfit=6.194010e-01 best=6.193990e-01
[NA] iter=00027 eval=00942 misfit=6.194030e-01 best=6.193990e-01
[NA] iter=00027 eval=00943 misfit=6.201524e-01 best=6.193990e-01
[NA] iter=00027 eval=00944 misfit=6.201755e-01 best=6.193990e-01
[NA] iter=00027 eval=00945 misfit=6.193979e-01 best=6.193979e-01
[NA] iter=00027 eval=00946 misfit=6.194194e-01 best=6.193979e-01
[NA] iter=00027 eval=00947 misfit=6.194252e-01 best=6.193979e-01
[NA] iter=00027 eval=00948 misfit=6.200204e-01 best=6.193979e-01
[NA] iter=00027 eval=00949 misfit=6.194048e-01 best=6.193979e-01
[NA] iter=00027 eval=00950 misfit=6.193913e-01 best=6.193913e-01
[NA] iter=00027 eval=00951 misfit=6.193857e-01 best=6.193857e-01
[NA] iter=00027 eval=00952 misfit=6.194202e-01 best=6.193857e-01
[NA] iter=00027 eval=00953 misfit=6.194233e-01 best=6.193857e-01
[NA] iter=00027 eval=00954 misfit=6.194304e-01 best=6.193857e-01
[NA] iter=00027 eval=00955 misfit=6.194203e-01 best=6.193857e-01
[NA] iter=00027 eval=00956 misfit=6.194159e-01 best=6.193857e-01
[NA] iter=00027 eval=00957 misfit=6.201805e-01 best=6.193857e-01
[NA] iter=00027 eval=00958 misfit=6.201838e-01 best=6.193857e-01
[NA] iter=00027 eval=00959 misfit=6.194526e-01 best=6.193857e-01
[NA] iter=00027 eval=00960 misfit=6.194299e-01 best=6.193857e-01
[NA] iter=00027 eval=00961 misfit=6.194294e-01 best=6.193857e-01
[NA] iter=00027 eval=00962 misfit=6.194167e-01 best=6.193857e-01
[NA] iter=00027 eval=00963 misfit=6.194174e-01 best=6.193857e-01
[NA] iter=00027 eval=00964 misfit=6.201997e-01 best=6.193857e-01
[NA] iter=00027 eval=00965 misfit=6.194234e-01 best=6.193857e-01
[NA] iter=00027 eval=00966 misfit=6.201609e-01 best=6.193857e-01
[NA] iter=00027 eval=00967 misfit=6.194215e-01 best=6.193857e-01
[NA] iter=00027 eval=00968 misfit=6.194073e-01 best=6.193857e-01
[NA] iter=00027 eval=00969 misfit=6.201613e-01 best=6.193857e-01
[NA] iter=00027 eval=00970 misfit=6.201683e-01 best=6.193857e-01
[NA] iter=00027 eval=00971 misfit=6.194289e-01 best=6.193857e-01
[NA] iter=00027 eval=00972 misfit=6.194166e-01 best=6.193857e-01
[NA] iter=00027 eval=00973 misfit=6.194366e-01 best=6.193857e-01
[NA] iter=00027 eval=00974 misfit=6.200196e-01 best=6.193857e-01
[NA] iter=00027 eval=00975 misfit=6.194377e-01 best=6.193857e-01
NAI - Optimisation Loop:  39%|███▊      | 27/70 [13:23<21:17, 29.71s/it][NA] iter=00028 eval=00976 misfit=6.194006e-01 best=6.193857e-01
[NA] iter=00028 eval=00977 misfit=6.194231e-01 best=6.193857e-01
[NA] iter=00028 eval=00978 misfit=6.194160e-01 best=6.193857e-01
[NA] iter=00028 eval=00979 misfit=6.194029e-01 best=6.193857e-01
[NA] iter=00028 eval=00980 misfit=6.193872e-01 best=6.193857e-01
[NA] iter=00028 eval=00981 misfit=6.200029e-01 best=6.193857e-01
[NA] iter=00028 eval=00982 misfit=6.193886e-01 best=6.193857e-01
[NA] iter=00028 eval=00983 misfit=6.201413e-01 best=6.193857e-01
[NA] iter=00028 eval=00984 misfit=6.201317e-01 best=6.193857e-01
[NA] iter=00028 eval=00985 misfit=6.194058e-01 best=6.193857e-01
[NA] iter=00028 eval=00986 misfit=6.194038e-01 best=6.193857e-01
[NA] iter=00028 eval=00987 misfit=6.201703e-01 best=6.193857e-01
[NA] iter=00028 eval=00988 misfit=6.193991e-01 best=6.193857e-01
[NA] iter=00028 eval=00989 misfit=6.201595e-01 best=6.193857e-01
[NA] iter=00028 eval=00990 misfit=6.194108e-01 best=6.193857e-01
[NA] iter=00028 eval=00991 misfit=6.201630e-01 best=6.193857e-01
[NA] iter=00028 eval=00992 misfit=6.193924e-01 best=6.193857e-01
[NA] iter=00028 eval=00993 misfit=6.194015e-01 best=6.193857e-01
[NA] iter=00028 eval=00994 misfit=6.193980e-01 best=6.193857e-01
[NA] iter=00028 eval=00995 misfit=6.194066e-01 best=6.193857e-01
[NA] iter=00028 eval=00996 misfit=6.194127e-01 best=6.193857e-01
[NA] iter=00028 eval=00997 misfit=6.193891e-01 best=6.193857e-01
[NA] iter=00028 eval=00998 misfit=6.193936e-01 best=6.193857e-01
[NA] iter=00028 eval=00999 misfit=6.194053e-01 best=6.193857e-01
[NA] iter=00028 eval=01000 misfit=6.194102e-01 best=6.193857e-01
[NA] iter=00028 eval=01001 misfit=6.201543e-01 best=6.193857e-01
[NA] iter=00028 eval=01002 misfit=6.201709e-01 best=6.193857e-01
[NA] iter=00028 eval=01003 misfit=6.194087e-01 best=6.193857e-01
[NA] iter=00028 eval=01004 misfit=6.201592e-01 best=6.193857e-01
[NA] iter=00028 eval=01005 misfit=6.201680e-01 best=6.193857e-01
[NA] iter=00028 eval=01006 misfit=6.194020e-01 best=6.193857e-01
[NA] iter=00028 eval=01007 misfit=6.193955e-01 best=6.193857e-01
[NA] iter=00028 eval=01008 misfit=6.193973e-01 best=6.193857e-01
[NA] iter=00028 eval=01009 misfit=6.193979e-01 best=6.193857e-01
[NA] iter=00028 eval=01010 misfit=6.193939e-01 best=6.193857e-01
NAI - Optimisation Loop:  40%|████      | 28/70 [13:53<20:40, 29.55s/it][NA] iter=00029 eval=01011 misfit=6.193830e-01 best=6.193830e-01
[NA] iter=00029 eval=01012 misfit=6.193958e-01 best=6.193830e-01
[NA] iter=00029 eval=01013 misfit=6.193959e-01 best=6.193830e-01
[NA] iter=00029 eval=01014 misfit=6.193721e-01 best=6.193721e-01
[NA] iter=00029 eval=01015 misfit=6.201402e-01 best=6.193721e-01
[NA] iter=00029 eval=01016 misfit=6.203097e-01 best=6.193721e-01
[NA] iter=00029 eval=01017 misfit=6.194329e-01 best=6.193721e-01
[NA] iter=00029 eval=01018 misfit=6.193970e-01 best=6.193721e-01
[NA] iter=00029 eval=01019 misfit=6.200359e-01 best=6.193721e-01
[NA] iter=00029 eval=01020 misfit=6.200191e-01 best=6.193721e-01
[NA] iter=00029 eval=01021 misfit=6.193906e-01 best=6.193721e-01
[NA] iter=00029 eval=01022 misfit=6.193985e-01 best=6.193721e-01
[NA] iter=00029 eval=01023 misfit=6.193924e-01 best=6.193721e-01
[NA] iter=00029 eval=01024 misfit=6.194017e-01 best=6.193721e-01
[NA] iter=00029 eval=01025 misfit=6.193827e-01 best=6.193721e-01
[NA] iter=00029 eval=01026 misfit=6.201389e-01 best=6.193721e-01
[NA] iter=00029 eval=01027 misfit=6.194006e-01 best=6.193721e-01
[NA] iter=00029 eval=01028 misfit=6.201521e-01 best=6.193721e-01
[NA] iter=00029 eval=01029 misfit=6.201545e-01 best=6.193721e-01
[NA] iter=00029 eval=01030 misfit=6.193894e-01 best=6.193721e-01
[NA] iter=00029 eval=01031 misfit=6.194033e-01 best=6.193721e-01
[NA] iter=00029 eval=01032 misfit=6.193954e-01 best=6.193721e-01
[NA] iter=00029 eval=01033 misfit=6.194041e-01 best=6.193721e-01
[NA] iter=00029 eval=01034 misfit=6.193933e-01 best=6.193721e-01
[NA] iter=00029 eval=01035 misfit=6.194079e-01 best=6.193721e-01
[NA] iter=00029 eval=01036 misfit=6.193979e-01 best=6.193721e-01
[NA] iter=00029 eval=01037 misfit=6.193949e-01 best=6.193721e-01
[NA] iter=00029 eval=01038 misfit=6.194013e-01 best=6.193721e-01
[NA] iter=00029 eval=01039 misfit=6.193957e-01 best=6.193721e-01
[NA] iter=00029 eval=01040 misfit=6.193862e-01 best=6.193721e-01
[NA] iter=00029 eval=01041 misfit=6.193926e-01 best=6.193721e-01
[NA] iter=00029 eval=01042 misfit=6.193827e-01 best=6.193721e-01
[NA] iter=00029 eval=01043 misfit=6.194014e-01 best=6.193721e-01
[NA] iter=00029 eval=01044 misfit=6.193969e-01 best=6.193721e-01
[NA] iter=00029 eval=01045 misfit=6.193932e-01 best=6.193721e-01
NAI - Optimisation Loop:  41%|████▏     | 29/70 [14:22<20:06, 29.42s/it][NA] iter=00030 eval=01046 misfit=6.193847e-01 best=6.193721e-01
[NA] iter=00030 eval=01047 misfit=6.193893e-01 best=6.193721e-01
[NA] iter=00030 eval=01048 misfit=6.193934e-01 best=6.193721e-01
[NA] iter=00030 eval=01049 misfit=6.193829e-01 best=6.193721e-01
[NA] iter=00030 eval=01050 misfit=6.193912e-01 best=6.193721e-01
[NA] iter=00030 eval=01051 misfit=6.193832e-01 best=6.193721e-01
[NA] iter=00030 eval=01052 misfit=6.193848e-01 best=6.193721e-01
[NA] iter=00030 eval=01053 misfit=6.193789e-01 best=6.193721e-01
[NA] iter=00030 eval=01054 misfit=6.193796e-01 best=6.193721e-01
[NA] iter=00030 eval=01055 misfit=6.193898e-01 best=6.193721e-01
[NA] iter=00030 eval=01056 misfit=6.200064e-01 best=6.193721e-01
[NA] iter=00030 eval=01057 misfit=6.193936e-01 best=6.193721e-01
[NA] iter=00030 eval=01058 misfit=6.193878e-01 best=6.193721e-01
[NA] iter=00030 eval=01059 misfit=6.193896e-01 best=6.193721e-01
[NA] iter=00030 eval=01060 misfit=6.200055e-01 best=6.193721e-01
[NA] iter=00030 eval=01061 misfit=6.193870e-01 best=6.193721e-01
[NA] iter=00030 eval=01062 misfit=6.193983e-01 best=6.193721e-01
[NA] iter=00030 eval=01063 misfit=6.193877e-01 best=6.193721e-01
[NA] iter=00030 eval=01064 misfit=6.193856e-01 best=6.193721e-01
[NA] iter=00030 eval=01065 misfit=6.193849e-01 best=6.193721e-01
[NA] iter=00030 eval=01066 misfit=6.193870e-01 best=6.193721e-01
[NA] iter=00030 eval=01067 misfit=6.193980e-01 best=6.193721e-01
[NA] iter=00030 eval=01068 misfit=6.193949e-01 best=6.193721e-01
[NA] iter=00030 eval=01069 misfit=6.194057e-01 best=6.193721e-01
[NA] iter=00030 eval=01070 misfit=6.193931e-01 best=6.193721e-01
[NA] iter=00030 eval=01071 misfit=6.193908e-01 best=6.193721e-01
[NA] iter=00030 eval=01072 misfit=6.193812e-01 best=6.193721e-01
[NA] iter=00030 eval=01073 misfit=6.193920e-01 best=6.193721e-01
[NA] iter=00030 eval=01074 misfit=6.193956e-01 best=6.193721e-01
[NA] iter=00030 eval=01075 misfit=6.193925e-01 best=6.193721e-01
[NA] iter=00030 eval=01076 misfit=6.200139e-01 best=6.193721e-01
[NA] iter=00030 eval=01077 misfit=6.200170e-01 best=6.193721e-01
[NA] iter=00030 eval=01078 misfit=6.199958e-01 best=6.193721e-01
[NA] iter=00030 eval=01079 misfit=6.193955e-01 best=6.193721e-01
[NA] iter=00030 eval=01080 misfit=6.194009e-01 best=6.193721e-01
NAI - Optimisation Loop:  43%|████▎     | 30/70 [14:50<19:27, 29.19s/it][NA] iter=00031 eval=01081 misfit=6.193911e-01 best=6.193721e-01
[NA] iter=00031 eval=01082 misfit=6.193777e-01 best=6.193721e-01
[NA] iter=00031 eval=01083 misfit=6.193742e-01 best=6.193721e-01
[NA] iter=00031 eval=01084 misfit=6.193881e-01 best=6.193721e-01
[NA] iter=00031 eval=01085 misfit=6.193896e-01 best=6.193721e-01
[NA] iter=00031 eval=01086 misfit=6.193814e-01 best=6.193721e-01
[NA] iter=00031 eval=01087 misfit=6.193888e-01 best=6.193721e-01
[NA] iter=00031 eval=01088 misfit=6.201372e-01 best=6.193721e-01
[NA] iter=00031 eval=01089 misfit=6.193952e-01 best=6.193721e-01
[NA] iter=00031 eval=01090 misfit=6.201270e-01 best=6.193721e-01
[NA] iter=00031 eval=01091 misfit=6.193734e-01 best=6.193721e-01
[NA] iter=00031 eval=01092 misfit=6.201649e-01 best=6.193721e-01
[NA] iter=00031 eval=01093 misfit=6.193992e-01 best=6.193721e-01
[NA] iter=00031 eval=01094 misfit=6.193994e-01 best=6.193721e-01
[NA] iter=00031 eval=01095 misfit=6.193847e-01 best=6.193721e-01
[NA] iter=00031 eval=01096 misfit=6.193801e-01 best=6.193721e-01
[NA] iter=00031 eval=01097 misfit=6.193817e-01 best=6.193721e-01
[NA] iter=00031 eval=01098 misfit=6.193953e-01 best=6.193721e-01
[NA] iter=00031 eval=01099 misfit=6.193791e-01 best=6.193721e-01
[NA] iter=00031 eval=01100 misfit=6.193906e-01 best=6.193721e-01
[NA] iter=00031 eval=01101 misfit=6.193996e-01 best=6.193721e-01
[NA] iter=00031 eval=01102 misfit=6.193957e-01 best=6.193721e-01
[NA] iter=00031 eval=01103 misfit=6.193995e-01 best=6.193721e-01
[NA] iter=00031 eval=01104 misfit=6.193986e-01 best=6.193721e-01
[NA] iter=00031 eval=01105 misfit=6.193810e-01 best=6.193721e-01
[NA] iter=00031 eval=01106 misfit=6.194028e-01 best=6.193721e-01
[NA] iter=00031 eval=01107 misfit=6.193955e-01 best=6.193721e-01
[NA] iter=00031 eval=01108 misfit=6.193727e-01 best=6.193721e-01
[NA] iter=00031 eval=01109 misfit=6.193882e-01 best=6.193721e-01
[NA] iter=00031 eval=01110 misfit=6.193897e-01 best=6.193721e-01
[NA] iter=00031 eval=01111 misfit=6.193865e-01 best=6.193721e-01
[NA] iter=00031 eval=01112 misfit=6.193764e-01 best=6.193721e-01
[NA] iter=00031 eval=01113 misfit=6.193870e-01 best=6.193721e-01
[NA] iter=00031 eval=01114 misfit=6.193896e-01 best=6.193721e-01
[NA] iter=00031 eval=01115 misfit=6.193831e-01 best=6.193721e-01
NAI - Optimisation Loop:  44%|████▍     | 31/70 [15:21<19:14, 29.61s/it][NA] iter=00032 eval=01116 misfit=6.193901e-01 best=6.193721e-01
[NA] iter=00032 eval=01117 misfit=6.193894e-01 best=6.193721e-01
[NA] iter=00032 eval=01118 misfit=6.193794e-01 best=6.193721e-01
[NA] iter=00032 eval=01119 misfit=6.193757e-01 best=6.193721e-01
[NA] iter=00032 eval=01120 misfit=6.193805e-01 best=6.193721e-01
[NA] iter=00032 eval=01121 misfit=6.193781e-01 best=6.193721e-01
[NA] iter=00032 eval=01122 misfit=6.193838e-01 best=6.193721e-01
[NA] iter=00032 eval=01123 misfit=6.193852e-01 best=6.193721e-01
[NA] iter=00032 eval=01124 misfit=6.193843e-01 best=6.193721e-01
[NA] iter=00032 eval=01125 misfit=6.193823e-01 best=6.193721e-01
[NA] iter=00032 eval=01126 misfit=6.200070e-01 best=6.193721e-01
[NA] iter=00032 eval=01127 misfit=6.199845e-01 best=6.193721e-01
[NA] iter=00032 eval=01128 misfit=6.199902e-01 best=6.193721e-01
[NA] iter=00032 eval=01129 misfit=6.193721e-01 best=6.193721e-01
[NA] iter=00032 eval=01130 misfit=6.200017e-01 best=6.193721e-01
[NA] iter=00032 eval=01131 misfit=6.193785e-01 best=6.193721e-01
[NA] iter=00032 eval=01132 misfit=6.193822e-01 best=6.193721e-01
[NA] iter=00032 eval=01133 misfit=6.193845e-01 best=6.193721e-01
[NA] iter=00032 eval=01134 misfit=6.193738e-01 best=6.193721e-01
[NA] iter=00032 eval=01135 misfit=6.193816e-01 best=6.193721e-01
[NA] iter=00032 eval=01136 misfit=6.193833e-01 best=6.193721e-01
[NA] iter=00032 eval=01137 misfit=6.193816e-01 best=6.193721e-01
[NA] iter=00032 eval=01138 misfit=6.193797e-01 best=6.193721e-01
[NA] iter=00032 eval=01139 misfit=6.193862e-01 best=6.193721e-01
[NA] iter=00032 eval=01140 misfit=6.193917e-01 best=6.193721e-01
[NA] iter=00032 eval=01141 misfit=6.193952e-01 best=6.193721e-01
[NA] iter=00032 eval=01142 misfit=6.193957e-01 best=6.193721e-01
[NA] iter=00032 eval=01143 misfit=6.193907e-01 best=6.193721e-01
[NA] iter=00032 eval=01144 misfit=6.193982e-01 best=6.193721e-01
[NA] iter=00032 eval=01145 misfit=6.193912e-01 best=6.193721e-01
[NA] iter=00032 eval=01146 misfit=6.193730e-01 best=6.193721e-01
[NA] iter=00032 eval=01147 misfit=6.193826e-01 best=6.193721e-01
[NA] iter=00032 eval=01148 misfit=6.193874e-01 best=6.193721e-01
[NA] iter=00032 eval=01149 misfit=6.194009e-01 best=6.193721e-01
[NA] iter=00032 eval=01150 misfit=6.193821e-01 best=6.193721e-01
NAI - Optimisation Loop:  46%|████▌     | 32/70 [15:51<18:45, 29.61s/it][NA] iter=00033 eval=01151 misfit=6.193929e-01 best=6.193721e-01
[NA] iter=00033 eval=01152 misfit=6.193685e-01 best=6.193685e-01
[NA] iter=00033 eval=01153 misfit=6.193828e-01 best=6.193685e-01
[NA] iter=00033 eval=01154 misfit=6.193753e-01 best=6.193685e-01
[NA] iter=00033 eval=01155 misfit=6.193843e-01 best=6.193685e-01
[NA] iter=00033 eval=01156 misfit=6.193755e-01 best=6.193685e-01
[NA] iter=00033 eval=01157 misfit=6.193753e-01 best=6.193685e-01
[NA] iter=00033 eval=01158 misfit=6.193884e-01 best=6.193685e-01
[NA] iter=00033 eval=01159 misfit=6.193848e-01 best=6.193685e-01
[NA] iter=00033 eval=01160 misfit=6.193774e-01 best=6.193685e-01
[NA] iter=00033 eval=01161 misfit=6.193762e-01 best=6.193685e-01
[NA] iter=00033 eval=01162 misfit=6.193825e-01 best=6.193685e-01
[NA] iter=00033 eval=01163 misfit=6.193849e-01 best=6.193685e-01
[NA] iter=00033 eval=01164 misfit=6.193837e-01 best=6.193685e-01
[NA] iter=00033 eval=01165 misfit=6.193801e-01 best=6.193685e-01
[NA] iter=00033 eval=01166 misfit=6.193839e-01 best=6.193685e-01
[NA] iter=00033 eval=01167 misfit=6.193871e-01 best=6.193685e-01
[NA] iter=00033 eval=01168 misfit=6.193779e-01 best=6.193685e-01
[NA] iter=00033 eval=01169 misfit=6.193778e-01 best=6.193685e-01
[NA] iter=00033 eval=01170 misfit=6.193913e-01 best=6.193685e-01
[NA] iter=00033 eval=01171 misfit=6.193860e-01 best=6.193685e-01
[NA] iter=00033 eval=01172 misfit=6.193751e-01 best=6.193685e-01
[NA] iter=00033 eval=01173 misfit=6.193755e-01 best=6.193685e-01
[NA] iter=00033 eval=01174 misfit=6.200039e-01 best=6.193685e-01
[NA] iter=00033 eval=01175 misfit=6.193861e-01 best=6.193685e-01
[NA] iter=00033 eval=01176 misfit=6.193845e-01 best=6.193685e-01
[NA] iter=00033 eval=01177 misfit=6.193802e-01 best=6.193685e-01
[NA] iter=00033 eval=01178 misfit=6.193824e-01 best=6.193685e-01
[NA] iter=00033 eval=01179 misfit=6.193791e-01 best=6.193685e-01
[NA] iter=00033 eval=01180 misfit=6.193826e-01 best=6.193685e-01
[NA] iter=00033 eval=01181 misfit=6.193739e-01 best=6.193685e-01
[NA] iter=00033 eval=01182 misfit=6.193746e-01 best=6.193685e-01
[NA] iter=00033 eval=01183 misfit=6.193796e-01 best=6.193685e-01
[NA] iter=00033 eval=01184 misfit=6.193723e-01 best=6.193685e-01
[NA] iter=00033 eval=01185 misfit=6.193755e-01 best=6.193685e-01
NAI - Optimisation Loop:  47%|████▋     | 33/70 [16:20<18:11, 29.49s/it][NA] iter=00034 eval=01186 misfit=6.193717e-01 best=6.193685e-01
[NA] iter=00034 eval=01187 misfit=6.193757e-01 best=6.193685e-01
[NA] iter=00034 eval=01188 misfit=6.201163e-01 best=6.193685e-01
[NA] iter=00034 eval=01189 misfit=6.193745e-01 best=6.193685e-01
[NA] iter=00034 eval=01190 misfit=6.193718e-01 best=6.193685e-01
[NA] iter=00034 eval=01191 misfit=6.193749e-01 best=6.193685e-01
[NA] iter=00034 eval=01192 misfit=6.193758e-01 best=6.193685e-01
[NA] iter=00034 eval=01193 misfit=6.193745e-01 best=6.193685e-01
[NA] iter=00034 eval=01194 misfit=6.193666e-01 best=6.193666e-01
[NA] iter=00034 eval=01195 misfit=6.193742e-01 best=6.193666e-01
[NA] iter=00034 eval=01196 misfit=6.193820e-01 best=6.193666e-01
[NA] iter=00034 eval=01197 misfit=6.193816e-01 best=6.193666e-01
[NA] iter=00034 eval=01198 misfit=6.193762e-01 best=6.193666e-01
[NA] iter=00034 eval=01199 misfit=6.193865e-01 best=6.193666e-01
[NA] iter=00034 eval=01200 misfit=6.193848e-01 best=6.193666e-01
[NA] iter=00034 eval=01201 misfit=6.193761e-01 best=6.193666e-01
[NA] iter=00034 eval=01202 misfit=6.193838e-01 best=6.193666e-01
[NA] iter=00034 eval=01203 misfit=6.193734e-01 best=6.193666e-01
[NA] iter=00034 eval=01204 misfit=6.193719e-01 best=6.193666e-01
[NA] iter=00034 eval=01205 misfit=6.193719e-01 best=6.193666e-01
[NA] iter=00034 eval=01206 misfit=6.193757e-01 best=6.193666e-01
[NA] iter=00034 eval=01207 misfit=6.193713e-01 best=6.193666e-01
[NA] iter=00034 eval=01208 misfit=6.193862e-01 best=6.193666e-01
[NA] iter=00034 eval=01209 misfit=6.193763e-01 best=6.193666e-01
[NA] iter=00034 eval=01210 misfit=6.193772e-01 best=6.193666e-01
[NA] iter=00034 eval=01211 misfit=6.193790e-01 best=6.193666e-01
[NA] iter=00034 eval=01212 misfit=6.193752e-01 best=6.193666e-01
[NA] iter=00034 eval=01213 misfit=6.193819e-01 best=6.193666e-01
[NA] iter=00034 eval=01214 misfit=6.193646e-01 best=6.193646e-01
[NA] iter=00034 eval=01215 misfit=6.193834e-01 best=6.193646e-01
[NA] iter=00034 eval=01216 misfit=6.193753e-01 best=6.193646e-01
[NA] iter=00034 eval=01217 misfit=6.200006e-01 best=6.193646e-01
[NA] iter=00034 eval=01218 misfit=6.193885e-01 best=6.193646e-01
[NA] iter=00034 eval=01219 misfit=6.193902e-01 best=6.193646e-01
[NA] iter=00034 eval=01220 misfit=6.193769e-01 best=6.193646e-01
NAI - Optimisation Loop:  49%|████▊     | 34/70 [16:50<17:52, 29.78s/it][NA] iter=00035 eval=01221 misfit=6.193669e-01 best=6.193646e-01
[NA] iter=00035 eval=01222 misfit=6.193758e-01 best=6.193646e-01
[NA] iter=00035 eval=01223 misfit=6.193672e-01 best=6.193646e-01
[NA] iter=00035 eval=01224 misfit=6.193795e-01 best=6.193646e-01
[NA] iter=00035 eval=01225 misfit=6.193685e-01 best=6.193646e-01
[NA] iter=00035 eval=01226 misfit=6.193733e-01 best=6.193646e-01
[NA] iter=00035 eval=01227 misfit=6.193761e-01 best=6.193646e-01
[NA] iter=00035 eval=01228 misfit=6.193751e-01 best=6.193646e-01
[NA] iter=00035 eval=01229 misfit=6.193755e-01 best=6.193646e-01
[NA] iter=00035 eval=01230 misfit=6.193836e-01 best=6.193646e-01
[NA] iter=00035 eval=01231 misfit=6.193739e-01 best=6.193646e-01
[NA] iter=00035 eval=01232 misfit=6.193763e-01 best=6.193646e-01
[NA] iter=00035 eval=01233 misfit=6.193845e-01 best=6.193646e-01
[NA] iter=00035 eval=01234 misfit=6.193654e-01 best=6.193646e-01
[NA] iter=00035 eval=01235 misfit=6.193761e-01 best=6.193646e-01
[NA] iter=00035 eval=01236 misfit=6.193752e-01 best=6.193646e-01
[NA] iter=00035 eval=01237 misfit=6.193810e-01 best=6.193646e-01
[NA] iter=00035 eval=01238 misfit=6.193793e-01 best=6.193646e-01
[NA] iter=00035 eval=01239 misfit=6.193786e-01 best=6.193646e-01
[NA] iter=00035 eval=01240 misfit=6.193837e-01 best=6.193646e-01
[NA] iter=00035 eval=01241 misfit=6.199922e-01 best=6.193646e-01
[NA] iter=00035 eval=01242 misfit=6.193777e-01 best=6.193646e-01
[NA] iter=00035 eval=01243 misfit=6.199914e-01 best=6.193646e-01
[NA] iter=00035 eval=01244 misfit=6.193944e-01 best=6.193646e-01
[NA] iter=00035 eval=01245 misfit=6.193883e-01 best=6.193646e-01
[NA] iter=00035 eval=01246 misfit=6.193768e-01 best=6.193646e-01
[NA] iter=00035 eval=01247 misfit=6.199804e-01 best=6.193646e-01
[NA] iter=00035 eval=01248 misfit=6.193770e-01 best=6.193646e-01
[NA] iter=00035 eval=01249 misfit=6.199790e-01 best=6.193646e-01
[NA] iter=00035 eval=01250 misfit=6.200004e-01 best=6.193646e-01
[NA] iter=00035 eval=01251 misfit=6.193715e-01 best=6.193646e-01
[NA] iter=00035 eval=01252 misfit=6.193780e-01 best=6.193646e-01
[NA] iter=00035 eval=01253 misfit=6.193719e-01 best=6.193646e-01
[NA] iter=00035 eval=01254 misfit=6.193719e-01 best=6.193646e-01
[NA] iter=00035 eval=01255 misfit=6.193701e-01 best=6.193646e-01
NAI - Optimisation Loop:  50%|█████     | 35/70 [17:20<17:26, 29.90s/it][NA] iter=00036 eval=01256 misfit=6.193644e-01 best=6.193644e-01
[NA] iter=00036 eval=01257 misfit=6.193740e-01 best=6.193644e-01
[NA] iter=00036 eval=01258 misfit=6.193660e-01 best=6.193644e-01
[NA] iter=00036 eval=01259 misfit=6.193711e-01 best=6.193644e-01
[NA] iter=00036 eval=01260 misfit=6.193678e-01 best=6.193644e-01
[NA] iter=00036 eval=01261 misfit=6.201173e-01 best=6.193644e-01
[NA] iter=00036 eval=01262 misfit=6.201089e-01 best=6.193644e-01
[NA] iter=00036 eval=01263 misfit=6.193688e-01 best=6.193644e-01
[NA] iter=00036 eval=01264 misfit=6.201181e-01 best=6.193644e-01
[NA] iter=00036 eval=01265 misfit=6.201065e-01 best=6.193644e-01
[NA] iter=00036 eval=01266 misfit=6.193671e-01 best=6.193644e-01
[NA] iter=00036 eval=01267 misfit=6.193773e-01 best=6.193644e-01
[NA] iter=00036 eval=01268 misfit=6.193818e-01 best=6.193644e-01
[NA] iter=00036 eval=01269 misfit=6.193653e-01 best=6.193644e-01
[NA] iter=00036 eval=01270 misfit=6.193795e-01 best=6.193644e-01
[NA] iter=00036 eval=01271 misfit=6.193839e-01 best=6.193644e-01
[NA] iter=00036 eval=01272 misfit=6.193718e-01 best=6.193644e-01
[NA] iter=00036 eval=01273 misfit=6.193794e-01 best=6.193644e-01
[NA] iter=00036 eval=01274 misfit=6.193772e-01 best=6.193644e-01
[NA] iter=00036 eval=01275 misfit=6.193717e-01 best=6.193644e-01
[NA] iter=00036 eval=01276 misfit=6.193721e-01 best=6.193644e-01
[NA] iter=00036 eval=01277 misfit=6.193677e-01 best=6.193644e-01
[NA] iter=00036 eval=01278 misfit=6.193739e-01 best=6.193644e-01
[NA] iter=00036 eval=01279 misfit=6.193684e-01 best=6.193644e-01
[NA] iter=00036 eval=01280 misfit=6.193729e-01 best=6.193644e-01
[NA] iter=00036 eval=01281 misfit=6.193708e-01 best=6.193644e-01
[NA] iter=00036 eval=01282 misfit=6.201348e-01 best=6.193644e-01
[NA] iter=00036 eval=01283 misfit=6.193725e-01 best=6.193644e-01
[NA] iter=00036 eval=01284 misfit=6.201314e-01 best=6.193644e-01
[NA] iter=00036 eval=01285 misfit=6.193875e-01 best=6.193644e-01
[NA] iter=00036 eval=01286 misfit=6.193668e-01 best=6.193644e-01
[NA] iter=00036 eval=01287 misfit=6.193667e-01 best=6.193644e-01
[NA] iter=00036 eval=01288 misfit=6.193725e-01 best=6.193644e-01
[NA] iter=00036 eval=01289 misfit=6.193736e-01 best=6.193644e-01
[NA] iter=00036 eval=01290 misfit=6.193806e-01 best=6.193644e-01
NAI - Optimisation Loop:  51%|█████▏    | 36/70 [17:48<16:35, 29.27s/it][NA] iter=00037 eval=01291 misfit=6.193790e-01 best=6.193644e-01
[NA] iter=00037 eval=01292 misfit=6.193656e-01 best=6.193644e-01
[NA] iter=00037 eval=01293 misfit=6.193750e-01 best=6.193644e-01
[NA] iter=00037 eval=01294 misfit=6.193713e-01 best=6.193644e-01
[NA] iter=00037 eval=01295 misfit=6.193774e-01 best=6.193644e-01
[NA] iter=00037 eval=01296 misfit=6.193729e-01 best=6.193644e-01
[NA] iter=00037 eval=01297 misfit=6.193691e-01 best=6.193644e-01
[NA] iter=00037 eval=01298 misfit=6.193644e-01 best=6.193644e-01
[NA] iter=00037 eval=01299 misfit=6.193690e-01 best=6.193644e-01
[NA] iter=00037 eval=01300 misfit=6.193657e-01 best=6.193644e-01
[NA] iter=00037 eval=01301 misfit=6.193752e-01 best=6.193644e-01
[NA] iter=00037 eval=01302 misfit=6.193776e-01 best=6.193644e-01
[NA] iter=00037 eval=01303 misfit=6.193657e-01 best=6.193644e-01
[NA] iter=00037 eval=01304 misfit=6.193677e-01 best=6.193644e-01
[NA] iter=00037 eval=01305 misfit=6.193743e-01 best=6.193644e-01
[NA] iter=00037 eval=01306 misfit=6.193704e-01 best=6.193644e-01
[NA] iter=00037 eval=01307 misfit=6.193671e-01 best=6.193644e-01
[NA] iter=00037 eval=01308 misfit=6.193697e-01 best=6.193644e-01
[NA] iter=00037 eval=01309 misfit=6.193689e-01 best=6.193644e-01
[NA] iter=00037 eval=01310 misfit=6.193723e-01 best=6.193644e-01
[NA] iter=00037 eval=01311 misfit=6.193717e-01 best=6.193644e-01
[NA] iter=00037 eval=01312 misfit=6.193682e-01 best=6.193644e-01
[NA] iter=00037 eval=01313 misfit=6.193698e-01 best=6.193644e-01
[NA] iter=00037 eval=01314 misfit=6.193689e-01 best=6.193644e-01
[NA] iter=00037 eval=01315 misfit=6.193691e-01 best=6.193644e-01
[NA] iter=00037 eval=01316 misfit=6.193651e-01 best=6.193644e-01
[NA] iter=00037 eval=01317 misfit=6.193673e-01 best=6.193644e-01
[NA] iter=00037 eval=01318 misfit=6.193668e-01 best=6.193644e-01
[NA] iter=00037 eval=01319 misfit=6.193693e-01 best=6.193644e-01
[NA] iter=00037 eval=01320 misfit=6.193618e-01 best=6.193618e-01
[NA] iter=00037 eval=01321 misfit=6.193699e-01 best=6.193618e-01
[NA] iter=00037 eval=01322 misfit=6.193642e-01 best=6.193618e-01
[NA] iter=00037 eval=01323 misfit=6.193678e-01 best=6.193618e-01
[NA] iter=00037 eval=01324 misfit=6.193694e-01 best=6.193618e-01
[NA] iter=00037 eval=01325 misfit=6.193707e-01 best=6.193618e-01
NAI - Optimisation Loop:  53%|█████▎    | 37/70 [18:17<16:02, 29.18s/it][NA] iter=00038 eval=01326 misfit=6.193612e-01 best=6.193612e-01
[NA] iter=00038 eval=01327 misfit=6.193613e-01 best=6.193612e-01
[NA] iter=00038 eval=01328 misfit=6.193702e-01 best=6.193612e-01
[NA] iter=00038 eval=01329 misfit=6.193660e-01 best=6.193612e-01
[NA] iter=00038 eval=01330 misfit=6.193632e-01 best=6.193612e-01
[NA] iter=00038 eval=01331 misfit=6.193686e-01 best=6.193612e-01
[NA] iter=00038 eval=01332 misfit=6.193720e-01 best=6.193612e-01
[NA] iter=00038 eval=01333 misfit=6.193606e-01 best=6.193606e-01
[NA] iter=00038 eval=01334 misfit=6.193630e-01 best=6.193606e-01
[NA] iter=00038 eval=01335 misfit=6.193680e-01 best=6.193606e-01
[NA] iter=00038 eval=01336 misfit=6.193658e-01 best=6.193606e-01
[NA] iter=00038 eval=01337 misfit=6.193687e-01 best=6.193606e-01
[NA] iter=00038 eval=01338 misfit=6.193697e-01 best=6.193606e-01
[NA] iter=00038 eval=01339 misfit=6.193696e-01 best=6.193606e-01
[NA] iter=00038 eval=01340 misfit=6.193708e-01 best=6.193606e-01
[NA] iter=00038 eval=01341 misfit=6.193631e-01 best=6.193606e-01
[NA] iter=00038 eval=01342 misfit=6.193693e-01 best=6.193606e-01
[NA] iter=00038 eval=01343 misfit=6.193691e-01 best=6.193606e-01
[NA] iter=00038 eval=01344 misfit=6.193727e-01 best=6.193606e-01
[NA] iter=00038 eval=01345 misfit=6.193683e-01 best=6.193606e-01
[NA] iter=00038 eval=01346 misfit=6.193670e-01 best=6.193606e-01
[NA] iter=00038 eval=01347 misfit=6.193623e-01 best=6.193606e-01
[NA] iter=00038 eval=01348 misfit=6.193635e-01 best=6.193606e-01
[NA] iter=00038 eval=01349 misfit=6.193627e-01 best=6.193606e-01
[NA] iter=00038 eval=01350 misfit=6.193655e-01 best=6.193606e-01
[NA] iter=00038 eval=01351 misfit=6.193674e-01 best=6.193606e-01
[NA] iter=00038 eval=01352 misfit=6.193708e-01 best=6.193606e-01
[NA] iter=00038 eval=01353 misfit=6.193710e-01 best=6.193606e-01
[NA] iter=00038 eval=01354 misfit=6.193646e-01 best=6.193606e-01
[NA] iter=00038 eval=01355 misfit=6.193632e-01 best=6.193606e-01
[NA] iter=00038 eval=01356 misfit=6.193751e-01 best=6.193606e-01
[NA] iter=00038 eval=01357 misfit=6.193705e-01 best=6.193606e-01
[NA] iter=00038 eval=01358 misfit=6.193662e-01 best=6.193606e-01
[NA] iter=00038 eval=01359 misfit=6.193665e-01 best=6.193606e-01
[NA] iter=00038 eval=01360 misfit=6.193665e-01 best=6.193606e-01
NAI - Optimisation Loop:  54%|█████▍    | 38/70 [18:48<15:48, 29.65s/it][NA] iter=00039 eval=01361 misfit=6.193634e-01 best=6.193606e-01
[NA] iter=00039 eval=01362 misfit=6.193635e-01 best=6.193606e-01
[NA] iter=00039 eval=01363 misfit=6.193573e-01 best=6.193573e-01
[NA] iter=00039 eval=01364 misfit=6.193560e-01 best=6.193560e-01
[NA] iter=00039 eval=01365 misfit=6.193551e-01 best=6.193551e-01
[NA] iter=00039 eval=01366 misfit=6.193621e-01 best=6.193551e-01
[NA] iter=00039 eval=01367 misfit=6.193674e-01 best=6.193551e-01
[NA] iter=00039 eval=01368 misfit=6.193654e-01 best=6.193551e-01
[NA] iter=00039 eval=01369 misfit=6.193647e-01 best=6.193551e-01
[NA] iter=00039 eval=01370 misfit=6.193606e-01 best=6.193551e-01
[NA] iter=00039 eval=01371 misfit=6.193732e-01 best=6.193551e-01
[NA] iter=00039 eval=01372 misfit=6.193753e-01 best=6.193551e-01
[NA] iter=00039 eval=01373 misfit=6.193655e-01 best=6.193551e-01
[NA] iter=00039 eval=01374 misfit=6.193758e-01 best=6.193551e-01
[NA] iter=00039 eval=01375 misfit=6.193721e-01 best=6.193551e-01
[NA] iter=00039 eval=01376 misfit=6.193721e-01 best=6.193551e-01
[NA] iter=00039 eval=01377 misfit=6.193633e-01 best=6.193551e-01
[NA] iter=00039 eval=01378 misfit=6.193605e-01 best=6.193551e-01
[NA] iter=00039 eval=01379 misfit=6.193648e-01 best=6.193551e-01
[NA] iter=00039 eval=01380 misfit=6.193720e-01 best=6.193551e-01
[NA] iter=00039 eval=01381 misfit=6.193646e-01 best=6.193551e-01
[NA] iter=00039 eval=01382 misfit=6.193657e-01 best=6.193551e-01
[NA] iter=00039 eval=01383 misfit=6.193611e-01 best=6.193551e-01
[NA] iter=00039 eval=01384 misfit=6.193623e-01 best=6.193551e-01
[NA] iter=00039 eval=01385 misfit=6.193644e-01 best=6.193551e-01
[NA] iter=00039 eval=01386 misfit=6.193663e-01 best=6.193551e-01
[NA] iter=00039 eval=01387 misfit=6.193648e-01 best=6.193551e-01
[NA] iter=00039 eval=01388 misfit=6.193648e-01 best=6.193551e-01
[NA] iter=00039 eval=01389 misfit=6.193683e-01 best=6.193551e-01
[NA] iter=00039 eval=01390 misfit=6.193627e-01 best=6.193551e-01
[NA] iter=00039 eval=01391 misfit=6.193720e-01 best=6.193551e-01
[NA] iter=00039 eval=01392 misfit=6.193692e-01 best=6.193551e-01
[NA] iter=00039 eval=01393 misfit=6.193670e-01 best=6.193551e-01
[NA] iter=00039 eval=01394 misfit=6.193715e-01 best=6.193551e-01
[NA] iter=00039 eval=01395 misfit=6.193768e-01 best=6.193551e-01
NAI - Optimisation Loop:  56%|█████▌    | 39/70 [19:17<15:16, 29.57s/it][NA] iter=00040 eval=01396 misfit=6.193666e-01 best=6.193551e-01
[NA] iter=00040 eval=01397 misfit=6.193603e-01 best=6.193551e-01
[NA] iter=00040 eval=01398 misfit=6.193632e-01 best=6.193551e-01
[NA] iter=00040 eval=01399 misfit=6.193540e-01 best=6.193540e-01
[NA] iter=00040 eval=01400 misfit=6.193770e-01 best=6.193540e-01
[NA] iter=00040 eval=01401 misfit=6.193597e-01 best=6.193540e-01
[NA] iter=00040 eval=01402 misfit=6.193613e-01 best=6.193540e-01
[NA] iter=00040 eval=01403 misfit=6.193651e-01 best=6.193540e-01
[NA] iter=00040 eval=01404 misfit=6.193594e-01 best=6.193540e-01
[NA] iter=00040 eval=01405 misfit=6.193625e-01 best=6.193540e-01
[NA] iter=00040 eval=01406 misfit=6.193646e-01 best=6.193540e-01
[NA] iter=00040 eval=01407 misfit=6.193578e-01 best=6.193540e-01
[NA] iter=00040 eval=01408 misfit=6.193616e-01 best=6.193540e-01
[NA] iter=00040 eval=01409 misfit=6.193579e-01 best=6.193540e-01
[NA] iter=00040 eval=01410 misfit=6.193626e-01 best=6.193540e-01
[NA] iter=00040 eval=01411 misfit=6.193636e-01 best=6.193540e-01
[NA] iter=00040 eval=01412 misfit=6.193626e-01 best=6.193540e-01
[NA] iter=00040 eval=01413 misfit=6.193640e-01 best=6.193540e-01
[NA] iter=00040 eval=01414 misfit=6.193619e-01 best=6.193540e-01
[NA] iter=00040 eval=01415 misfit=6.193626e-01 best=6.193540e-01
[NA] iter=00040 eval=01416 misfit=6.193645e-01 best=6.193540e-01
[NA] iter=00040 eval=01417 misfit=6.193704e-01 best=6.193540e-01
[NA] iter=00040 eval=01418 misfit=6.193738e-01 best=6.193540e-01
[NA] iter=00040 eval=01419 misfit=6.193708e-01 best=6.193540e-01
[NA] iter=00040 eval=01420 misfit=6.193673e-01 best=6.193540e-01
[NA] iter=00040 eval=01421 misfit=6.193606e-01 best=6.193540e-01
[NA] iter=00040 eval=01422 misfit=6.193667e-01 best=6.193540e-01
[NA] iter=00040 eval=01423 misfit=6.193625e-01 best=6.193540e-01
[NA] iter=00040 eval=01424 misfit=6.193579e-01 best=6.193540e-01
[NA] iter=00040 eval=01425 misfit=6.193578e-01 best=6.193540e-01
[NA] iter=00040 eval=01426 misfit=6.193632e-01 best=6.193540e-01
[NA] iter=00040 eval=01427 misfit=6.193611e-01 best=6.193540e-01
[NA] iter=00040 eval=01428 misfit=6.193632e-01 best=6.193540e-01
[NA] iter=00040 eval=01429 misfit=6.193625e-01 best=6.193540e-01
[NA] iter=00040 eval=01430 misfit=6.193611e-01 best=6.193540e-01
NAI - Optimisation Loop:  57%|█████▋    | 40/70 [19:47<14:49, 29.66s/it][NA] iter=00041 eval=01431 misfit=6.193593e-01 best=6.193540e-01
[NA] iter=00041 eval=01432 misfit=6.193570e-01 best=6.193540e-01
[NA] iter=00041 eval=01433 misfit=6.193646e-01 best=6.193540e-01
[NA] iter=00041 eval=01434 misfit=6.193619e-01 best=6.193540e-01
[NA] iter=00041 eval=01435 misfit=6.193536e-01 best=6.193536e-01
[NA] iter=00041 eval=01436 misfit=6.193551e-01 best=6.193536e-01
[NA] iter=00041 eval=01437 misfit=6.193546e-01 best=6.193536e-01
[NA] iter=00041 eval=01438 misfit=6.193632e-01 best=6.193536e-01
[NA] iter=00041 eval=01439 misfit=6.193550e-01 best=6.193536e-01
[NA] iter=00041 eval=01440 misfit=6.193612e-01 best=6.193536e-01
[NA] iter=00041 eval=01441 misfit=6.193546e-01 best=6.193536e-01
[NA] iter=00041 eval=01442 misfit=6.193552e-01 best=6.193536e-01
[NA] iter=00041 eval=01443 misfit=6.193603e-01 best=6.193536e-01
[NA] iter=00041 eval=01444 misfit=6.193574e-01 best=6.193536e-01
[NA] iter=00041 eval=01445 misfit=6.193582e-01 best=6.193536e-01
[NA] iter=00041 eval=01446 misfit=6.193641e-01 best=6.193536e-01
[NA] iter=00041 eval=01447 misfit=6.193616e-01 best=6.193536e-01
[NA] iter=00041 eval=01448 misfit=6.193558e-01 best=6.193536e-01
[NA] iter=00041 eval=01449 misfit=6.193619e-01 best=6.193536e-01
[NA] iter=00041 eval=01450 misfit=6.193610e-01 best=6.193536e-01
[NA] iter=00041 eval=01451 misfit=6.193609e-01 best=6.193536e-01
[NA] iter=00041 eval=01452 misfit=6.193597e-01 best=6.193536e-01
[NA] iter=00041 eval=01453 misfit=6.193593e-01 best=6.193536e-01
[NA] iter=00041 eval=01454 misfit=6.193624e-01 best=6.193536e-01
[NA] iter=00041 eval=01455 misfit=6.193588e-01 best=6.193536e-01
[NA] iter=00041 eval=01456 misfit=6.193564e-01 best=6.193536e-01
[NA] iter=00041 eval=01457 misfit=6.193587e-01 best=6.193536e-01
[NA] iter=00041 eval=01458 misfit=6.193652e-01 best=6.193536e-01
[NA] iter=00041 eval=01459 misfit=6.193616e-01 best=6.193536e-01
[NA] iter=00041 eval=01460 misfit=6.193560e-01 best=6.193536e-01
[NA] iter=00041 eval=01461 misfit=6.193628e-01 best=6.193536e-01
[NA] iter=00041 eval=01462 misfit=6.193605e-01 best=6.193536e-01
[NA] iter=00041 eval=01463 misfit=6.193618e-01 best=6.193536e-01
[NA] iter=00041 eval=01464 misfit=6.193598e-01 best=6.193536e-01
[NA] iter=00041 eval=01465 misfit=6.193725e-01 best=6.193536e-01
NAI - Optimisation Loop:  59%|█████▊    | 41/70 [20:17<14:19, 29.64s/it][NA] iter=00042 eval=01466 misfit=6.193599e-01 best=6.193536e-01
[NA] iter=00042 eval=01467 misfit=6.193682e-01 best=6.193536e-01
[NA] iter=00042 eval=01468 misfit=6.193721e-01 best=6.193536e-01
[NA] iter=00042 eval=01469 misfit=6.193601e-01 best=6.193536e-01
[NA] iter=00042 eval=01470 misfit=6.193642e-01 best=6.193536e-01
[NA] iter=00042 eval=01471 misfit=6.193546e-01 best=6.193536e-01
[NA] iter=00042 eval=01472 misfit=6.193535e-01 best=6.193535e-01
[NA] iter=00042 eval=01473 misfit=6.193551e-01 best=6.193535e-01
[NA] iter=00042 eval=01474 misfit=6.193531e-01 best=6.193531e-01
[NA] iter=00042 eval=01475 misfit=6.193531e-01 best=6.193531e-01
[NA] iter=00042 eval=01476 misfit=6.193554e-01 best=6.193531e-01
[NA] iter=00042 eval=01477 misfit=6.193546e-01 best=6.193531e-01
[NA] iter=00042 eval=01478 misfit=6.193560e-01 best=6.193531e-01
[NA] iter=00042 eval=01479 misfit=6.193548e-01 best=6.193531e-01
[NA] iter=00042 eval=01480 misfit=6.193546e-01 best=6.193531e-01
[NA] iter=00042 eval=01481 misfit=6.193555e-01 best=6.193531e-01
[NA] iter=00042 eval=01482 misfit=6.193560e-01 best=6.193531e-01
[NA] iter=00042 eval=01483 misfit=6.193546e-01 best=6.193531e-01
[NA] iter=00042 eval=01484 misfit=6.193582e-01 best=6.193531e-01
[NA] iter=00042 eval=01485 misfit=6.193587e-01 best=6.193531e-01
[NA] iter=00042 eval=01486 misfit=6.193584e-01 best=6.193531e-01
[NA] iter=00042 eval=01487 misfit=6.193535e-01 best=6.193531e-01
[NA] iter=00042 eval=01488 misfit=6.193587e-01 best=6.193531e-01
[NA] iter=00042 eval=01489 misfit=6.193584e-01 best=6.193531e-01
[NA] iter=00042 eval=01490 misfit=6.193519e-01 best=6.193519e-01
[NA] iter=00042 eval=01491 misfit=6.193630e-01 best=6.193519e-01
[NA] iter=00042 eval=01492 misfit=6.193624e-01 best=6.193519e-01
[NA] iter=00042 eval=01493 misfit=6.193546e-01 best=6.193519e-01
[NA] iter=00042 eval=01494 misfit=6.193551e-01 best=6.193519e-01
[NA] iter=00042 eval=01495 misfit=6.193559e-01 best=6.193519e-01
[NA] iter=00042 eval=01496 misfit=6.193578e-01 best=6.193519e-01
[NA] iter=00042 eval=01497 misfit=6.193537e-01 best=6.193519e-01
[NA] iter=00042 eval=01498 misfit=6.193551e-01 best=6.193519e-01
[NA] iter=00042 eval=01499 misfit=6.193636e-01 best=6.193519e-01
[NA] iter=00042 eval=01500 misfit=6.193588e-01 best=6.193519e-01
NAI - Optimisation Loop:  60%|██████    | 42/70 [20:45<13:37, 29.20s/it][NA] iter=00043 eval=01501 misfit=6.193588e-01 best=6.193519e-01
[NA] iter=00043 eval=01502 misfit=6.193549e-01 best=6.193519e-01
[NA] iter=00043 eval=01503 misfit=6.193624e-01 best=6.193519e-01
[NA] iter=00043 eval=01504 misfit=6.193681e-01 best=6.193519e-01
[NA] iter=00043 eval=01505 misfit=6.193544e-01 best=6.193519e-01
[NA] iter=00043 eval=01506 misfit=6.193514e-01 best=6.193514e-01
[NA] iter=00043 eval=01507 misfit=6.193519e-01 best=6.193514e-01
[NA] iter=00043 eval=01508 misfit=6.193537e-01 best=6.193514e-01
[NA] iter=00043 eval=01509 misfit=6.193527e-01 best=6.193514e-01
[NA] iter=00043 eval=01510 misfit=6.193537e-01 best=6.193514e-01
[NA] iter=00043 eval=01511 misfit=6.193649e-01 best=6.193514e-01
[NA] iter=00043 eval=01512 misfit=6.193614e-01 best=6.193514e-01
[NA] iter=00043 eval=01513 misfit=6.193549e-01 best=6.193514e-01
[NA] iter=00043 eval=01514 misfit=6.193529e-01 best=6.193514e-01
[NA] iter=00043 eval=01515 misfit=6.193523e-01 best=6.193514e-01
[NA] iter=00043 eval=01516 misfit=6.193573e-01 best=6.193514e-01
[NA] iter=00043 eval=01517 misfit=6.193540e-01 best=6.193514e-01
[NA] iter=00043 eval=01518 misfit=6.193520e-01 best=6.193514e-01
[NA] iter=00043 eval=01519 misfit=6.193616e-01 best=6.193514e-01
[NA] iter=00043 eval=01520 misfit=6.193658e-01 best=6.193514e-01
[NA] iter=00043 eval=01521 misfit=6.193527e-01 best=6.193514e-01
[NA] iter=00043 eval=01522 misfit=6.193637e-01 best=6.193514e-01
[NA] iter=00043 eval=01523 misfit=6.193614e-01 best=6.193514e-01
[NA] iter=00043 eval=01524 misfit=6.193614e-01 best=6.193514e-01
[NA] iter=00043 eval=01525 misfit=6.193566e-01 best=6.193514e-01
[NA] iter=00043 eval=01526 misfit=6.193588e-01 best=6.193514e-01
[NA] iter=00043 eval=01527 misfit=6.193537e-01 best=6.193514e-01
[NA] iter=00043 eval=01528 misfit=6.193523e-01 best=6.193514e-01
[NA] iter=00043 eval=01529 misfit=6.193551e-01 best=6.193514e-01
[NA] iter=00043 eval=01530 misfit=6.193566e-01 best=6.193514e-01
[NA] iter=00043 eval=01531 misfit=6.193527e-01 best=6.193514e-01
[NA] iter=00043 eval=01532 misfit=6.193557e-01 best=6.193514e-01
[NA] iter=00043 eval=01533 misfit=6.193546e-01 best=6.193514e-01
[NA] iter=00043 eval=01534 misfit=6.193535e-01 best=6.193514e-01
[NA] iter=00043 eval=01535 misfit=6.193537e-01 best=6.193514e-01
NAI - Optimisation Loop:  61%|██████▏   | 43/70 [21:13<13:01, 28.93s/it][NA] iter=00044 eval=01536 misfit=6.193510e-01 best=6.193510e-01
[NA] iter=00044 eval=01537 misfit=6.193510e-01 best=6.193510e-01
[NA] iter=00044 eval=01538 misfit=6.193536e-01 best=6.193510e-01
[NA] iter=00044 eval=01539 misfit=6.193514e-01 best=6.193510e-01
[NA] iter=00044 eval=01540 misfit=6.193514e-01 best=6.193510e-01
[NA] iter=00044 eval=01541 misfit=6.193549e-01 best=6.193510e-01
[NA] iter=00044 eval=01542 misfit=6.193545e-01 best=6.193510e-01
[NA] iter=00044 eval=01543 misfit=6.193524e-01 best=6.193510e-01
[NA] iter=00044 eval=01544 misfit=6.193545e-01 best=6.193510e-01
[NA] iter=00044 eval=01545 misfit=6.193540e-01 best=6.193510e-01
[NA] iter=00044 eval=01546 misfit=6.193531e-01 best=6.193510e-01
[NA] iter=00044 eval=01547 misfit=6.193515e-01 best=6.193510e-01
[NA] iter=00044 eval=01548 misfit=6.193556e-01 best=6.193510e-01
[NA] iter=00044 eval=01549 misfit=6.193549e-01 best=6.193510e-01
[NA] iter=00044 eval=01550 misfit=6.193540e-01 best=6.193510e-01
[NA] iter=00044 eval=01551 misfit=6.193544e-01 best=6.193510e-01
[NA] iter=00044 eval=01552 misfit=6.193571e-01 best=6.193510e-01
[NA] iter=00044 eval=01553 misfit=6.193520e-01 best=6.193510e-01
[NA] iter=00044 eval=01554 misfit=6.193520e-01 best=6.193510e-01
[NA] iter=00044 eval=01555 misfit=6.193571e-01 best=6.193510e-01
[NA] iter=00044 eval=01556 misfit=6.193536e-01 best=6.193510e-01
[NA] iter=00044 eval=01557 misfit=6.193603e-01 best=6.193510e-01
[NA] iter=00044 eval=01558 misfit=6.193619e-01 best=6.193510e-01
[NA] iter=00044 eval=01559 misfit=6.193621e-01 best=6.193510e-01
[NA] iter=00044 eval=01560 misfit=6.193557e-01 best=6.193510e-01
[NA] iter=00044 eval=01561 misfit=6.193537e-01 best=6.193510e-01
[NA] iter=00044 eval=01562 misfit=6.193588e-01 best=6.193510e-01
[NA] iter=00044 eval=01563 misfit=6.193605e-01 best=6.193510e-01
[NA] iter=00044 eval=01564 misfit=6.193561e-01 best=6.193510e-01
[NA] iter=00044 eval=01565 misfit=6.193605e-01 best=6.193510e-01
[NA] iter=00044 eval=01566 misfit=6.193534e-01 best=6.193510e-01
[NA] iter=00044 eval=01567 misfit=6.193527e-01 best=6.193510e-01
[NA] iter=00044 eval=01568 misfit=6.193545e-01 best=6.193510e-01
[NA] iter=00044 eval=01569 misfit=6.193510e-01 best=6.193510e-01
[NA] iter=00044 eval=01570 misfit=6.193525e-01 best=6.193510e-01
NAI - Optimisation Loop:  63%|██████▎   | 44/70 [21:44<12:42, 29.32s/it][NA] iter=00045 eval=01571 misfit=6.193543e-01 best=6.193510e-01
[NA] iter=00045 eval=01572 misfit=6.193557e-01 best=6.193510e-01
[NA] iter=00045 eval=01573 misfit=6.193521e-01 best=6.193510e-01
[NA] iter=00045 eval=01574 misfit=6.193551e-01 best=6.193510e-01
[NA] iter=00045 eval=01575 misfit=6.193519e-01 best=6.193510e-01
[NA] iter=00045 eval=01576 misfit=6.193541e-01 best=6.193510e-01
[NA] iter=00045 eval=01577 misfit=6.193519e-01 best=6.193510e-01
[NA] iter=00045 eval=01578 misfit=6.193519e-01 best=6.193510e-01
[NA] iter=00045 eval=01579 misfit=6.193519e-01 best=6.193510e-01
[NA] iter=00045 eval=01580 misfit=6.193548e-01 best=6.193510e-01
[NA] iter=00045 eval=01581 misfit=6.193514e-01 best=6.193510e-01
[NA] iter=00045 eval=01582 misfit=6.193527e-01 best=6.193510e-01
[NA] iter=00045 eval=01583 misfit=6.193531e-01 best=6.193510e-01
[NA] iter=00045 eval=01584 misfit=6.193510e-01 best=6.193510e-01
[NA] iter=00045 eval=01585 misfit=6.193531e-01 best=6.193510e-01
[NA] iter=00045 eval=01586 misfit=6.193514e-01 best=6.193510e-01
[NA] iter=00045 eval=01587 misfit=6.193514e-01 best=6.193510e-01
[NA] iter=00045 eval=01588 misfit=6.193519e-01 best=6.193510e-01
[NA] iter=00045 eval=01589 misfit=6.193519e-01 best=6.193510e-01
[NA] iter=00045 eval=01590 misfit=6.193528e-01 best=6.193510e-01
[NA] iter=00045 eval=01591 misfit=6.193514e-01 best=6.193510e-01
[NA] iter=00045 eval=01592 misfit=6.193526e-01 best=6.193510e-01
[NA] iter=00045 eval=01593 misfit=6.193514e-01 best=6.193510e-01
[NA] iter=00045 eval=01594 misfit=6.193526e-01 best=6.193510e-01
[NA] iter=00045 eval=01595 misfit=6.193519e-01 best=6.193510e-01
[NA] iter=00045 eval=01596 misfit=6.193528e-01 best=6.193510e-01
[NA] iter=00045 eval=01597 misfit=6.193533e-01 best=6.193510e-01
[NA] iter=00045 eval=01598 misfit=6.193528e-01 best=6.193510e-01
[NA] iter=00045 eval=01599 misfit=6.193528e-01 best=6.193510e-01
[NA] iter=00045 eval=01600 misfit=6.193528e-01 best=6.193510e-01
[NA] iter=00045 eval=01601 misfit=6.193536e-01 best=6.193510e-01
[NA] iter=00045 eval=01602 misfit=6.193572e-01 best=6.193510e-01
[NA] iter=00045 eval=01603 misfit=6.193586e-01 best=6.193510e-01
[NA] iter=00045 eval=01604 misfit=6.193528e-01 best=6.193510e-01
[NA] iter=00045 eval=01605 misfit=6.193514e-01 best=6.193510e-01
NAI - Optimisation Loop:  64%|██████▍   | 45/70 [22:14<12:19, 29.59s/it][NA] iter=00046 eval=01606 misfit=6.193510e-01 best=6.193510e-01
[NA] iter=00046 eval=01607 misfit=6.193514e-01 best=6.193510e-01
[NA] iter=00046 eval=01608 misfit=6.193510e-01 best=6.193510e-01
[NA] iter=00046 eval=01609 misfit=6.193510e-01 best=6.193510e-01
[NA] iter=00046 eval=01610 misfit=6.193510e-01 best=6.193510e-01
[NA] iter=00046 eval=01611 misfit=6.193539e-01 best=6.193510e-01
[NA] iter=00046 eval=01612 misfit=6.193527e-01 best=6.193510e-01
[NA] iter=00046 eval=01613 misfit=6.193519e-01 best=6.193510e-01
[NA] iter=00046 eval=01614 misfit=6.193510e-01 best=6.193510e-01
[NA] iter=00046 eval=01615 misfit=6.193535e-01 best=6.193510e-01
[NA] iter=00046 eval=01616 misfit=6.193510e-01 best=6.193510e-01
[NA] iter=00046 eval=01617 misfit=6.193510e-01 best=6.193510e-01
[NA] iter=00046 eval=01618 misfit=6.193510e-01 best=6.193510e-01
[NA] iter=00046 eval=01619 misfit=6.193510e-01 best=6.193510e-01
[NA] iter=00046 eval=01620 misfit=6.193510e-01 best=6.193510e-01
[NA] iter=00046 eval=01621 misfit=6.193549e-01 best=6.193510e-01
[NA] iter=00046 eval=01622 misfit=6.193526e-01 best=6.193510e-01
[NA] iter=00046 eval=01623 misfit=6.193528e-01 best=6.193510e-01
[NA] iter=00046 eval=01624 misfit=6.193510e-01 best=6.193510e-01
[NA] iter=00046 eval=01625 misfit=6.193535e-01 best=6.193510e-01
[NA] iter=00046 eval=01626 misfit=6.193514e-01 best=6.193510e-01
[NA] iter=00046 eval=01627 misfit=6.193514e-01 best=6.193510e-01
[NA] iter=00046 eval=01628 misfit=6.193510e-01 best=6.193510e-01
[NA] iter=00046 eval=01629 misfit=6.193514e-01 best=6.193510e-01
[NA] iter=00046 eval=01630 misfit=6.193510e-01 best=6.193510e-01
[NA] iter=00046 eval=01631 misfit=6.193540e-01 best=6.193510e-01
[NA] iter=00046 eval=01632 misfit=6.193543e-01 best=6.193510e-01
[NA] iter=00046 eval=01633 misfit=6.193531e-01 best=6.193510e-01
[NA] iter=00046 eval=01634 misfit=6.193531e-01 best=6.193510e-01
[NA] iter=00046 eval=01635 misfit=6.193536e-01 best=6.193510e-01
[NA] iter=00046 eval=01636 misfit=6.193519e-01 best=6.193510e-01
[NA] iter=00046 eval=01637 misfit=6.193519e-01 best=6.193510e-01
[NA] iter=00046 eval=01638 misfit=6.193514e-01 best=6.193510e-01
[NA] iter=00046 eval=01639 misfit=6.193514e-01 best=6.193510e-01
[NA] iter=00046 eval=01640 misfit=6.193519e-01 best=6.193510e-01
NAI - Optimisation Loop:  66%|██████▌   | 46/70 [22:44<11:55, 29.81s/it][NA] iter=00047 eval=01641 misfit=6.193519e-01 best=6.193510e-01
[NA] iter=00047 eval=01642 misfit=6.193510e-01 best=6.193510e-01
[NA] iter=00047 eval=01643 misfit=6.193527e-01 best=6.193510e-01
[NA] iter=00047 eval=01644 misfit=6.193510e-01 best=6.193510e-01
[NA] iter=00047 eval=01645 misfit=6.193527e-01 best=6.193510e-01
[NA] iter=00047 eval=01646 misfit=6.193510e-01 best=6.193510e-01
[NA] iter=00047 eval=01647 misfit=6.193510e-01 best=6.193510e-01
[NA] iter=00047 eval=01648 misfit=6.193528e-01 best=6.193510e-01
[NA] iter=00047 eval=01649 misfit=6.193514e-01 best=6.193510e-01
[NA] iter=00047 eval=01650 misfit=6.193528e-01 best=6.193510e-01
[NA] iter=00047 eval=01651 misfit=6.193510e-01 best=6.193510e-01
[NA] iter=00047 eval=01652 misfit=6.193510e-01 best=6.193510e-01
[NA] iter=00047 eval=01653 misfit=6.193510e-01 best=6.193510e-01
[NA] iter=00047 eval=01654 misfit=6.193510e-01 best=6.193510e-01
[NA] iter=00047 eval=01655 misfit=6.193510e-01 best=6.193510e-01
[NA] iter=00047 eval=01656 misfit=6.193517e-01 best=6.193510e-01
[NA] iter=00047 eval=01657 misfit=6.193510e-01 best=6.193510e-01
[NA] iter=00047 eval=01658 misfit=6.193513e-01 best=6.193510e-01
[NA] iter=00047 eval=01659 misfit=6.193510e-01 best=6.193510e-01
[NA] iter=00047 eval=01660 misfit=6.193513e-01 best=6.193510e-01
[NA] iter=00047 eval=01661 misfit=6.193510e-01 best=6.193510e-01
[NA] iter=00047 eval=01662 misfit=6.193510e-01 best=6.193510e-01
[NA] iter=00047 eval=01663 misfit=6.193510e-01 best=6.193510e-01
[NA] iter=00047 eval=01664 misfit=6.193510e-01 best=6.193510e-01
[NA] iter=00047 eval=01665 misfit=6.193510e-01 best=6.193510e-01
[NA] iter=00047 eval=01666 misfit=6.193510e-01 best=6.193510e-01
[NA] iter=00047 eval=01667 misfit=6.193510e-01 best=6.193510e-01
[NA] iter=00047 eval=01668 misfit=6.193510e-01 best=6.193510e-01
[NA] iter=00047 eval=01669 misfit=6.193510e-01 best=6.193510e-01
[NA] iter=00047 eval=01670 misfit=6.193510e-01 best=6.193510e-01
[NA] iter=00047 eval=01671 misfit=6.193510e-01 best=6.193510e-01
[NA] iter=00047 eval=01672 misfit=6.193531e-01 best=6.193510e-01
[NA] iter=00047 eval=01673 misfit=6.193510e-01 best=6.193510e-01
[NA] iter=00047 eval=01674 misfit=6.193517e-01 best=6.193510e-01
[NA] iter=00047 eval=01675 misfit=6.193526e-01 best=6.193510e-01
NAI - Optimisation Loop:  67%|██████▋   | 47/70 [23:14<11:24, 29.76s/it][NA] iter=00048 eval=01676 misfit=6.193510e-01 best=6.193510e-01
[NA] iter=00048 eval=01677 misfit=6.193510e-01 best=6.193510e-01
[NA] iter=00048 eval=01678 misfit=6.193510e-01 best=6.193510e-01
[NA] iter=00048 eval=01679 misfit=6.193510e-01 best=6.193510e-01
[NA] iter=00048 eval=01680 misfit=6.193510e-01 best=6.193510e-01
[NA] iter=00048 eval=01681 misfit=6.193510e-01 best=6.193510e-01
[NA] iter=00048 eval=01682 misfit=6.193510e-01 best=6.193510e-01
[NA] iter=00048 eval=01683 misfit=6.193510e-01 best=6.193510e-01
[NA] iter=00048 eval=01684 misfit=6.193510e-01 best=6.193510e-01
[NA] iter=00048 eval=01685 misfit=6.193510e-01 best=6.193510e-01
[NA] iter=00048 eval=01686 misfit=6.193510e-01 best=6.193510e-01
[NA] iter=00048 eval=01687 misfit=6.193510e-01 best=6.193510e-01
[NA] iter=00048 eval=01688 misfit=6.193510e-01 best=6.193510e-01
[NA] iter=00048 eval=01689 misfit=6.193510e-01 best=6.193510e-01
[NA] iter=00048 eval=01690 misfit=6.193510e-01 best=6.193510e-01
[NA] iter=00048 eval=01691 misfit=6.193510e-01 best=6.193510e-01
[NA] iter=00048 eval=01692 misfit=6.193510e-01 best=6.193510e-01
[NA] iter=00048 eval=01693 misfit=6.193510e-01 best=6.193510e-01
[NA] iter=00048 eval=01694 misfit=6.193510e-01 best=6.193510e-01
[NA] iter=00048 eval=01695 misfit=6.193510e-01 best=6.193510e-01
[NA] iter=00048 eval=01696 misfit=6.193510e-01 best=6.193510e-01
[NA] iter=00048 eval=01697 misfit=6.193514e-01 best=6.193510e-01
[NA] iter=00048 eval=01698 misfit=6.193514e-01 best=6.193510e-01
[NA] iter=00048 eval=01699 misfit=6.193510e-01 best=6.193510e-01
[NA] iter=00048 eval=01700 misfit=6.193514e-01 best=6.193510e-01
[NA] iter=00048 eval=01701 misfit=6.193510e-01 best=6.193510e-01
[NA] iter=00048 eval=01702 misfit=6.193510e-01 best=6.193510e-01
[NA] iter=00048 eval=01703 misfit=6.193510e-01 best=6.193510e-01
[NA] iter=00048 eval=01704 misfit=6.193510e-01 best=6.193510e-01
[NA] iter=00048 eval=01705 misfit=6.193510e-01 best=6.193510e-01
[NA] iter=00048 eval=01706 misfit=6.193517e-01 best=6.193510e-01
[NA] iter=00048 eval=01707 misfit=6.193510e-01 best=6.193510e-01
[NA] iter=00048 eval=01708 misfit=6.193510e-01 best=6.193510e-01
[NA] iter=00048 eval=01709 misfit=6.193519e-01 best=6.193510e-01
[NA] iter=00048 eval=01710 misfit=6.193540e-01 best=6.193510e-01
NAI - Optimisation Loop:  69%|██████▊   | 48/70 [23:44<10:55, 29.79s/it][NA] iter=00049 eval=01711 misfit=6.193510e-01 best=6.193510e-01
[NA] iter=00049 eval=01712 misfit=6.193510e-01 best=6.193510e-01
[NA] iter=00049 eval=01713 misfit=6.193510e-01 best=6.193510e-01
[NA] iter=00049 eval=01714 misfit=6.193510e-01 best=6.193510e-01
[NA] iter=00049 eval=01715 misfit=6.193510e-01 best=6.193510e-01
[NA] iter=00049 eval=01716 misfit=6.193510e-01 best=6.193510e-01
[NA] iter=00049 eval=01717 misfit=6.193510e-01 best=6.193510e-01
[NA] iter=00049 eval=01718 misfit=6.193510e-01 best=6.193510e-01
[NA] iter=00049 eval=01719 misfit=6.193510e-01 best=6.193510e-01
[NA] iter=00049 eval=01720 misfit=6.193510e-01 best=6.193510e-01
[NA] iter=00049 eval=01721 misfit=6.193510e-01 best=6.193510e-01
[NA] iter=00049 eval=01722 misfit=6.193510e-01 best=6.193510e-01
[NA] iter=00049 eval=01723 misfit=6.193510e-01 best=6.193510e-01
[NA] iter=00049 eval=01724 misfit=6.193510e-01 best=6.193510e-01
[NA] iter=00049 eval=01725 misfit=6.193510e-01 best=6.193510e-01
[NA] iter=00049 eval=01726 misfit=6.193510e-01 best=6.193510e-01
[NA] iter=00049 eval=01727 misfit=6.193510e-01 best=6.193510e-01
[NA] iter=00049 eval=01728 misfit=6.193510e-01 best=6.193510e-01
[NA] iter=00049 eval=01729 misfit=6.193514e-01 best=6.193510e-01
[NA] iter=00049 eval=01730 misfit=6.193514e-01 best=6.193510e-01
[NA] iter=00049 eval=01731 misfit=6.193515e-01 best=6.193510e-01
[NA] iter=00049 eval=01732 misfit=6.193527e-01 best=6.193510e-01
[NA] iter=00049 eval=01733 misfit=6.193536e-01 best=6.193510e-01
[NA] iter=00049 eval=01734 misfit=6.193531e-01 best=6.193510e-01
[NA] iter=00049 eval=01735 misfit=6.193510e-01 best=6.193510e-01
[NA] iter=00049 eval=01736 misfit=6.193510e-01 best=6.193510e-01
[NA] iter=00049 eval=01737 misfit=6.193510e-01 best=6.193510e-01
[NA] iter=00049 eval=01738 misfit=6.193510e-01 best=6.193510e-01
[NA] iter=00049 eval=01739 misfit=6.193510e-01 best=6.193510e-01
[NA] iter=00049 eval=01740 misfit=6.193510e-01 best=6.193510e-01
[NA] iter=00049 eval=01741 misfit=6.193515e-01 best=6.193510e-01
[NA] iter=00049 eval=01742 misfit=6.193515e-01 best=6.193510e-01
[NA] iter=00049 eval=01743 misfit=6.193535e-01 best=6.193510e-01
[NA] iter=00049 eval=01744 misfit=6.193522e-01 best=6.193510e-01
[NA] iter=00049 eval=01745 misfit=6.193531e-01 best=6.193510e-01
NAI - Optimisation Loop:  70%|███████   | 49/70 [24:13<10:23, 29.71s/it][NA] iter=00050 eval=01746 misfit=6.193510e-01 best=6.193510e-01
[NA] iter=00050 eval=01747 misfit=6.193510e-01 best=6.193510e-01
[NA] iter=00050 eval=01748 misfit=6.193510e-01 best=6.193510e-01
[NA] iter=00050 eval=01749 misfit=6.193510e-01 best=6.193510e-01
[NA] iter=00050 eval=01750 misfit=6.193531e-01 best=6.193510e-01
[NA] iter=00050 eval=01751 misfit=6.193510e-01 best=6.193510e-01
[NA] iter=00050 eval=01752 misfit=6.193510e-01 best=6.193510e-01
[NA] iter=00050 eval=01753 misfit=6.193510e-01 best=6.193510e-01
[NA] iter=00050 eval=01754 misfit=6.193510e-01 best=6.193510e-01
[NA] iter=00050 eval=01755 misfit=6.193510e-01 best=6.193510e-01
[NA] iter=00050 eval=01756 misfit=6.193517e-01 best=6.193510e-01
[NA] iter=00050 eval=01757 misfit=6.193517e-01 best=6.193510e-01
[NA] iter=00050 eval=01758 misfit=6.193510e-01 best=6.193510e-01
[NA] iter=00050 eval=01759 misfit=6.193510e-01 best=6.193510e-01
[NA] iter=00050 eval=01760 misfit=6.193517e-01 best=6.193510e-01
[NA] iter=00050 eval=01761 misfit=6.193510e-01 best=6.193510e-01
[NA] iter=00050 eval=01762 misfit=6.193510e-01 best=6.193510e-01
[NA] iter=00050 eval=01763 misfit=6.193510e-01 best=6.193510e-01
[NA] iter=00050 eval=01764 misfit=6.193510e-01 best=6.193510e-01
[NA] iter=00050 eval=01765 misfit=6.193510e-01 best=6.193510e-01
[NA] iter=00050 eval=01766 misfit=6.193510e-01 best=6.193510e-01
[NA] iter=00050 eval=01767 misfit=6.193517e-01 best=6.193510e-01
[NA] iter=00050 eval=01768 misfit=6.193510e-01 best=6.193510e-01
[NA] iter=00050 eval=01769 misfit=6.193510e-01 best=6.193510e-01
[NA] iter=00050 eval=01770 misfit=6.193510e-01 best=6.193510e-01
[NA] iter=00050 eval=01771 misfit=6.193557e-01 best=6.193510e-01
[NA] iter=00050 eval=01772 misfit=6.193535e-01 best=6.193510e-01
[NA] iter=00050 eval=01773 misfit=6.193557e-01 best=6.193510e-01
[NA] iter=00050 eval=01774 misfit=6.193510e-01 best=6.193510e-01
[NA] iter=00050 eval=01775 misfit=6.193519e-01 best=6.193510e-01
[NA] iter=00050 eval=01776 misfit=6.193515e-01 best=6.193510e-01
[NA] iter=00050 eval=01777 misfit=6.193510e-01 best=6.193510e-01
[NA] iter=00050 eval=01778 misfit=6.193515e-01 best=6.193510e-01
[NA] iter=00050 eval=01779 misfit=6.193510e-01 best=6.193510e-01
[NA] iter=00050 eval=01780 misfit=6.193515e-01 best=6.193510e-01
NAI - Optimisation Loop:  71%|███████▏  | 50/70 [24:43<09:56, 29.84s/it][NA] iter=00051 eval=01781 misfit=6.193510e-01 best=6.193510e-01
[NA] iter=00051 eval=01782 misfit=6.193510e-01 best=6.193510e-01
[NA] iter=00051 eval=01783 misfit=6.193510e-01 best=6.193510e-01
[NA] iter=00051 eval=01784 misfit=6.193510e-01 best=6.193510e-01
[NA] iter=00051 eval=01785 misfit=6.193510e-01 best=6.193510e-01
[NA] iter=00051 eval=01786 misfit=6.193510e-01 best=6.193510e-01
[NA] iter=00051 eval=01787 misfit=6.193510e-01 best=6.193510e-01
[NA] iter=00051 eval=01788 misfit=6.193510e-01 best=6.193510e-01
[NA] iter=00051 eval=01789 misfit=6.193510e-01 best=6.193510e-01
[NA] iter=00051 eval=01790 misfit=6.193510e-01 best=6.193510e-01
[NA] iter=00051 eval=01791 misfit=6.193510e-01 best=6.193510e-01
[NA] iter=00051 eval=01792 misfit=6.193510e-01 best=6.193510e-01
[NA] iter=00051 eval=01793 misfit=6.193510e-01 best=6.193510e-01
[NA] iter=00051 eval=01794 misfit=6.193510e-01 best=6.193510e-01
[NA] iter=00051 eval=01795 misfit=6.193510e-01 best=6.193510e-01
[NA] iter=00051 eval=01796 misfit=6.193510e-01 best=6.193510e-01
[NA] iter=00051 eval=01797 misfit=6.193510e-01 best=6.193510e-01
[NA] iter=00051 eval=01798 misfit=6.193510e-01 best=6.193510e-01
[NA] iter=00051 eval=01799 misfit=6.193526e-01 best=6.193510e-01
[NA] iter=00051 eval=01800 misfit=6.193510e-01 best=6.193510e-01
[NA] iter=00051 eval=01801 misfit=6.193517e-01 best=6.193510e-01
[NA] iter=00051 eval=01802 misfit=6.193510e-01 best=6.193510e-01
[NA] iter=00051 eval=01803 misfit=6.193524e-01 best=6.193510e-01
[NA] iter=00051 eval=01804 misfit=6.193545e-01 best=6.193510e-01
[NA] iter=00051 eval=01805 misfit=6.193510e-01 best=6.193510e-01
[NA] iter=00051 eval=01806 misfit=6.193510e-01 best=6.193510e-01
[NA] iter=00051 eval=01807 misfit=6.193527e-01 best=6.193510e-01
[NA] iter=00051 eval=01808 misfit=6.193527e-01 best=6.193510e-01
[NA] iter=00051 eval=01809 misfit=6.193527e-01 best=6.193510e-01
[NA] iter=00051 eval=01810 misfit=6.193510e-01 best=6.193510e-01
[NA] iter=00051 eval=01811 misfit=6.193510e-01 best=6.193510e-01
[NA] iter=00051 eval=01812 misfit=6.193517e-01 best=6.193510e-01
[NA] iter=00051 eval=01813 misfit=6.193510e-01 best=6.193510e-01
[NA] iter=00051 eval=01814 misfit=6.193524e-01 best=6.193510e-01
[NA] iter=00051 eval=01815 misfit=6.193524e-01 best=6.193510e-01
NAI - Optimisation Loop:  73%|███████▎  | 51/70 [25:11<09:14, 29.17s/it][NA] iter=00052 eval=01816 misfit=6.193510e-01 best=6.193510e-01
[NA] iter=00052 eval=01817 misfit=6.193510e-01 best=6.193510e-01
[NA] iter=00052 eval=01818 misfit=6.193510e-01 best=6.193510e-01
[NA] iter=00052 eval=01819 misfit=6.193510e-01 best=6.193510e-01
[NA] iter=00052 eval=01820 misfit=6.193510e-01 best=6.193510e-01
[NA] iter=00052 eval=01821 misfit=6.193510e-01 best=6.193510e-01
[NA] iter=00052 eval=01822 misfit=6.193510e-01 best=6.193510e-01
[NA] iter=00052 eval=01823 misfit=6.193510e-01 best=6.193510e-01
[NA] iter=00052 eval=01824 misfit=6.193510e-01 best=6.193510e-01
[NA] iter=00052 eval=01825 misfit=6.193510e-01 best=6.193510e-01
[NA] iter=00052 eval=01826 misfit=6.193510e-01 best=6.193510e-01
[NA] iter=00052 eval=01827 misfit=6.193510e-01 best=6.193510e-01
[NA] iter=00052 eval=01828 misfit=6.193510e-01 best=6.193510e-01
[NA] iter=00052 eval=01829 misfit=6.193510e-01 best=6.193510e-01
[NA] iter=00052 eval=01830 misfit=6.193510e-01 best=6.193510e-01
[NA] iter=00052 eval=01831 misfit=6.193510e-01 best=6.193510e-01
[NA] iter=00052 eval=01832 misfit=6.193510e-01 best=6.193510e-01
[NA] iter=00052 eval=01833 misfit=6.193510e-01 best=6.193510e-01
[NA] iter=00052 eval=01834 misfit=6.193510e-01 best=6.193510e-01
[NA] iter=00052 eval=01835 misfit=6.193510e-01 best=6.193510e-01
[NA] iter=00052 eval=01836 misfit=6.193517e-01 best=6.193510e-01
[NA] iter=00052 eval=01837 misfit=6.193531e-01 best=6.193510e-01
[NA] iter=00052 eval=01838 misfit=6.193526e-01 best=6.193510e-01
[NA] iter=00052 eval=01839 misfit=6.193517e-01 best=6.193510e-01
[NA] iter=00052 eval=01840 misfit=6.193510e-01 best=6.193510e-01
[NA] iter=00052 eval=01841 misfit=6.193510e-01 best=6.193510e-01
[NA] iter=00052 eval=01842 misfit=6.193510e-01 best=6.193510e-01
[NA] iter=00052 eval=01843 misfit=6.193510e-01 best=6.193510e-01
[NA] iter=00052 eval=01844 misfit=6.193527e-01 best=6.193510e-01
[NA] iter=00052 eval=01845 misfit=6.193510e-01 best=6.193510e-01
[NA] iter=00052 eval=01846 misfit=6.193510e-01 best=6.193510e-01
[NA] iter=00052 eval=01847 misfit=6.193510e-01 best=6.193510e-01
[NA] iter=00052 eval=01848 misfit=6.193510e-01 best=6.193510e-01
[NA] iter=00052 eval=01849 misfit=6.193510e-01 best=6.193510e-01
[NA] iter=00052 eval=01850 misfit=6.193510e-01 best=6.193510e-01
NAI - Optimisation Loop:  74%|███████▍  | 52/70 [25:41<08:51, 29.54s/it][NA] iter=00053 eval=01851 misfit=6.193510e-01 best=6.193510e-01
[NA] iter=00053 eval=01852 misfit=6.193510e-01 best=6.193510e-01
[NA] iter=00053 eval=01853 misfit=6.193510e-01 best=6.193510e-01
[NA] iter=00053 eval=01854 misfit=6.193510e-01 best=6.193510e-01
[NA] iter=00053 eval=01855 misfit=6.193510e-01 best=6.193510e-01
[NA] iter=00053 eval=01856 misfit=6.193510e-01 best=6.193510e-01
[NA] iter=00053 eval=01857 misfit=6.193510e-01 best=6.193510e-01
[NA] iter=00053 eval=01858 misfit=6.193510e-01 best=6.193510e-01
[NA] iter=00053 eval=01859 misfit=6.193510e-01 best=6.193510e-01
[NA] iter=00053 eval=01860 misfit=6.193510e-01 best=6.193510e-01
[NA] iter=00053 eval=01861 misfit=6.193510e-01 best=6.193510e-01
[NA] iter=00053 eval=01862 misfit=6.193510e-01 best=6.193510e-01
[NA] iter=00053 eval=01863 misfit=6.193510e-01 best=6.193510e-01
[NA] iter=00053 eval=01864 misfit=6.193510e-01 best=6.193510e-01
[NA] iter=00053 eval=01865 misfit=6.193510e-01 best=6.193510e-01
[NA] iter=00053 eval=01866 misfit=6.193510e-01 best=6.193510e-01
[NA] iter=00053 eval=01867 misfit=6.193510e-01 best=6.193510e-01
[NA] iter=00053 eval=01868 misfit=6.193510e-01 best=6.193510e-01
[NA] iter=00053 eval=01869 misfit=6.193510e-01 best=6.193510e-01
[NA] iter=00053 eval=01870 misfit=6.193510e-01 best=6.193510e-01
[NA] iter=00053 eval=01871 misfit=6.193510e-01 best=6.193510e-01
[NA] iter=00053 eval=01872 misfit=6.193536e-01 best=6.193510e-01
[NA] iter=00053 eval=01873 misfit=6.193510e-01 best=6.193510e-01
[NA] iter=00053 eval=01874 misfit=6.193510e-01 best=6.193510e-01
[NA] iter=00053 eval=01875 misfit=6.193510e-01 best=6.193510e-01
[NA] iter=00053 eval=01876 misfit=6.193510e-01 best=6.193510e-01
[NA] iter=00053 eval=01877 misfit=6.193510e-01 best=6.193510e-01
[NA] iter=00053 eval=01878 misfit=6.193510e-01 best=6.193510e-01
[NA] iter=00053 eval=01879 misfit=6.193510e-01 best=6.193510e-01
[NA] iter=00053 eval=01880 misfit=6.193510e-01 best=6.193510e-01
[NA] iter=00053 eval=01881 misfit=6.193510e-01 best=6.193510e-01
[NA] iter=00053 eval=01882 misfit=6.193510e-01 best=6.193510e-01
[NA] iter=00053 eval=01883 misfit=6.193510e-01 best=6.193510e-01
[NA] iter=00053 eval=01884 misfit=6.193510e-01 best=6.193510e-01
[NA] iter=00053 eval=01885 misfit=6.193510e-01 best=6.193510e-01
NAI - Optimisation Loop:  76%|███████▌  | 53/70 [26:11<08:24, 29.66s/it][NA] iter=00054 eval=01886 misfit=6.193510e-01 best=6.193510e-01
[NA] iter=00054 eval=01887 misfit=6.193510e-01 best=6.193510e-01
[NA] iter=00054 eval=01888 misfit=6.193510e-01 best=6.193510e-01
[NA] iter=00054 eval=01889 misfit=6.193510e-01 best=6.193510e-01
[NA] iter=00054 eval=01890 misfit=6.193510e-01 best=6.193510e-01
[NA] iter=00054 eval=01891 misfit=6.193510e-01 best=6.193510e-01
[NA] iter=00054 eval=01892 misfit=6.193510e-01 best=6.193510e-01
[NA] iter=00054 eval=01893 misfit=6.193510e-01 best=6.193510e-01
[NA] iter=00054 eval=01894 misfit=6.193510e-01 best=6.193510e-01
[NA] iter=00054 eval=01895 misfit=6.193510e-01 best=6.193510e-01
[NA] iter=00054 eval=01896 misfit=6.193524e-01 best=6.193510e-01
[NA] iter=00054 eval=01897 misfit=6.193524e-01 best=6.193510e-01
[NA] iter=00054 eval=01898 misfit=6.193524e-01 best=6.193510e-01
[NA] iter=00054 eval=01899 misfit=6.193510e-01 best=6.193510e-01
[NA] iter=00054 eval=01900 misfit=6.193510e-01 best=6.193510e-01
[NA] iter=00054 eval=01901 misfit=6.193534e-01 best=6.193510e-01
[NA] iter=00054 eval=01902 misfit=6.193534e-01 best=6.193510e-01
[NA] iter=00054 eval=01903 misfit=6.193531e-01 best=6.193510e-01
[NA] iter=00054 eval=01904 misfit=6.193510e-01 best=6.193510e-01
[NA] iter=00054 eval=01905 misfit=6.193531e-01 best=6.193510e-01
[NA] iter=00054 eval=01906 misfit=6.193510e-01 best=6.193510e-01
[NA] iter=00054 eval=01907 misfit=6.193510e-01 best=6.193510e-01
[NA] iter=00054 eval=01908 misfit=6.193510e-01 best=6.193510e-01
[NA] iter=00054 eval=01909 misfit=6.193510e-01 best=6.193510e-01
[NA] iter=00054 eval=01910 misfit=6.193510e-01 best=6.193510e-01
[NA] iter=00054 eval=01911 misfit=6.193510e-01 best=6.193510e-01
[NA] iter=00054 eval=01912 misfit=6.193510e-01 best=6.193510e-01
[NA] iter=00054 eval=01913 misfit=6.193510e-01 best=6.193510e-01
[NA] iter=00054 eval=01914 misfit=6.193510e-01 best=6.193510e-01
[NA] iter=00054 eval=01915 misfit=6.193510e-01 best=6.193510e-01
[NA] iter=00054 eval=01916 misfit=6.193510e-01 best=6.193510e-01
[NA] iter=00054 eval=01917 misfit=6.193510e-01 best=6.193510e-01
[NA] iter=00054 eval=01918 misfit=6.193510e-01 best=6.193510e-01
[NA] iter=00054 eval=01919 misfit=6.193510e-01 best=6.193510e-01
[NA] iter=00054 eval=01920 misfit=6.193510e-01 best=6.193510e-01
NAI - Optimisation Loop:  77%|███████▋  | 54/70 [26:40<07:51, 29.45s/it][NA] iter=00055 eval=01921 misfit=6.193510e-01 best=6.193510e-01
[NA] iter=00055 eval=01922 misfit=6.193510e-01 best=6.193510e-01
[NA] iter=00055 eval=01923 misfit=6.193510e-01 best=6.193510e-01
[NA] iter=00055 eval=01924 misfit=6.193510e-01 best=6.193510e-01
[NA] iter=00055 eval=01925 misfit=6.193510e-01 best=6.193510e-01
[NA] iter=00055 eval=01926 misfit=6.193510e-01 best=6.193510e-01
[NA] iter=00055 eval=01927 misfit=6.193510e-01 best=6.193510e-01
[NA] iter=00055 eval=01928 misfit=6.193510e-01 best=6.193510e-01
[NA] iter=00055 eval=01929 misfit=6.193510e-01 best=6.193510e-01
[NA] iter=00055 eval=01930 misfit=6.193510e-01 best=6.193510e-01
[NA] iter=00055 eval=01931 misfit=6.193510e-01 best=6.193510e-01
[NA] iter=00055 eval=01932 misfit=6.193510e-01 best=6.193510e-01
[NA] iter=00055 eval=01933 misfit=6.193510e-01 best=6.193510e-01
[NA] iter=00055 eval=01934 misfit=6.193510e-01 best=6.193510e-01
[NA] iter=00055 eval=01935 misfit=6.193510e-01 best=6.193510e-01
[NA] iter=00055 eval=01936 misfit=6.193510e-01 best=6.193510e-01
[NA] iter=00055 eval=01937 misfit=6.193510e-01 best=6.193510e-01
[NA] iter=00055 eval=01938 misfit=6.193510e-01 best=6.193510e-01
[NA] iter=00055 eval=01939 misfit=6.193510e-01 best=6.193510e-01
[NA] iter=00055 eval=01940 misfit=6.193510e-01 best=6.193510e-01
[NA] iter=00055 eval=01941 misfit=6.193510e-01 best=6.193510e-01
[NA] iter=00055 eval=01942 misfit=6.193510e-01 best=6.193510e-01
[NA] iter=00055 eval=01943 misfit=6.193510e-01 best=6.193510e-01
[NA] iter=00055 eval=01944 misfit=6.193510e-01 best=6.193510e-01
[NA] iter=00055 eval=01945 misfit=6.193510e-01 best=6.193510e-01
[NA] iter=00055 eval=01946 misfit=6.193517e-01 best=6.193510e-01
[NA] iter=00055 eval=01947 misfit=6.193510e-01 best=6.193510e-01
[NA] iter=00055 eval=01948 misfit=6.193517e-01 best=6.193510e-01
[NA] iter=00055 eval=01949 misfit=6.193531e-01 best=6.193510e-01
[NA] iter=00055 eval=01950 misfit=6.193517e-01 best=6.193510e-01
[NA] iter=00055 eval=01951 misfit=6.193510e-01 best=6.193510e-01
[NA] iter=00055 eval=01952 misfit=6.193510e-01 best=6.193510e-01
[NA] iter=00055 eval=01953 misfit=6.193510e-01 best=6.193510e-01
[NA] iter=00055 eval=01954 misfit=6.193510e-01 best=6.193510e-01
[NA] iter=00055 eval=01955 misfit=6.193510e-01 best=6.193510e-01
NAI - Optimisation Loop:  79%|███████▊  | 55/70 [27:11<07:28, 29.88s/it][NA] iter=00056 eval=01956 misfit=6.193510e-01 best=6.193510e-01
[NA] iter=00056 eval=01957 misfit=6.193510e-01 best=6.193510e-01
[NA] iter=00056 eval=01958 misfit=6.193510e-01 best=6.193510e-01
[NA] iter=00056 eval=01959 misfit=6.193510e-01 best=6.193510e-01
[NA] iter=00056 eval=01960 misfit=6.193510e-01 best=6.193510e-01
[NA] iter=00056 eval=01961 misfit=6.193510e-01 best=6.193510e-01
[NA] iter=00056 eval=01962 misfit=6.193510e-01 best=6.193510e-01
[NA] iter=00056 eval=01963 misfit=6.193510e-01 best=6.193510e-01
[NA] iter=00056 eval=01964 misfit=6.193510e-01 best=6.193510e-01
[NA] iter=00056 eval=01965 misfit=6.193510e-01 best=6.193510e-01
[NA] iter=00056 eval=01966 misfit=6.193524e-01 best=6.193510e-01
[NA] iter=00056 eval=01967 misfit=6.193524e-01 best=6.193510e-01
[NA] iter=00056 eval=01968 misfit=6.193524e-01 best=6.193510e-01
[NA] iter=00056 eval=01969 misfit=6.193510e-01 best=6.193510e-01
[NA] iter=00056 eval=01970 misfit=6.193510e-01 best=6.193510e-01
[NA] iter=00056 eval=01971 misfit=6.193514e-01 best=6.193510e-01
[NA] iter=00056 eval=01972 misfit=6.193531e-01 best=6.193510e-01
[NA] iter=00056 eval=01973 misfit=6.193510e-01 best=6.193510e-01
[NA] iter=00056 eval=01974 misfit=6.193510e-01 best=6.193510e-01
[NA] iter=00056 eval=01975 misfit=6.193510e-01 best=6.193510e-01
[NA] iter=00056 eval=01976 misfit=6.193510e-01 best=6.193510e-01
[NA] iter=00056 eval=01977 misfit=6.193510e-01 best=6.193510e-01
[NA] iter=00056 eval=01978 misfit=6.193510e-01 best=6.193510e-01
[NA] iter=00056 eval=01979 misfit=6.193510e-01 best=6.193510e-01
[NA] iter=00056 eval=01980 misfit=6.193510e-01 best=6.193510e-01
[NA] iter=00056 eval=01981 misfit=6.193510e-01 best=6.193510e-01
[NA] iter=00056 eval=01982 misfit=6.193510e-01 best=6.193510e-01
[NA] iter=00056 eval=01983 misfit=6.193524e-01 best=6.193510e-01
[NA] iter=00056 eval=01984 misfit=6.193510e-01 best=6.193510e-01
[NA] iter=00056 eval=01985 misfit=6.193510e-01 best=6.193510e-01
[NA] iter=00056 eval=01986 misfit=6.193510e-01 best=6.193510e-01
[NA] iter=00056 eval=01987 misfit=6.193510e-01 best=6.193510e-01
[NA] iter=00056 eval=01988 misfit=6.193510e-01 best=6.193510e-01
[NA] iter=00056 eval=01989 misfit=6.193510e-01 best=6.193510e-01
[NA] iter=00056 eval=01990 misfit=6.193510e-01 best=6.193510e-01
NAI - Optimisation Loop:  80%|████████  | 56/70 [27:41<06:57, 29.83s/it][NA] iter=00057 eval=01991 misfit=6.193510e-01 best=6.193510e-01
[NA] iter=00057 eval=01992 misfit=6.193510e-01 best=6.193510e-01
[NA] iter=00057 eval=01993 misfit=6.193510e-01 best=6.193510e-01
[NA] iter=00057 eval=01994 misfit=6.193510e-01 best=6.193510e-01
[NA] iter=00057 eval=01995 misfit=6.193510e-01 best=6.193510e-01
[NA] iter=00057 eval=01996 misfit=6.193510e-01 best=6.193510e-01
[NA] iter=00057 eval=01997 misfit=6.193510e-01 best=6.193510e-01
[NA] iter=00057 eval=01998 misfit=6.193510e-01 best=6.193510e-01
[NA] iter=00057 eval=01999 misfit=6.193510e-01 best=6.193510e-01
[NA] iter=00057 eval=02000 misfit=6.193510e-01 best=6.193510e-01
[NA] iter=00057 eval=02001 misfit=6.193510e-01 best=6.193510e-01
[NA] iter=00057 eval=02002 misfit=6.193510e-01 best=6.193510e-01
[NA] iter=00057 eval=02003 misfit=6.193510e-01 best=6.193510e-01
[NA] iter=00057 eval=02004 misfit=6.193510e-01 best=6.193510e-01
[NA] iter=00057 eval=02005 misfit=6.193510e-01 best=6.193510e-01
[NA] iter=00057 eval=02006 misfit=6.193510e-01 best=6.193510e-01
[NA] iter=00057 eval=02007 misfit=6.193510e-01 best=6.193510e-01
[NA] iter=00057 eval=02008 misfit=6.193510e-01 best=6.193510e-01
[NA] iter=00057 eval=02009 misfit=6.193510e-01 best=6.193510e-01
[NA] iter=00057 eval=02010 misfit=6.193510e-01 best=6.193510e-01
[NA] iter=00057 eval=02011 misfit=6.193510e-01 best=6.193510e-01
[NA] iter=00057 eval=02012 misfit=6.193510e-01 best=6.193510e-01
[NA] iter=00057 eval=02013 misfit=6.193510e-01 best=6.193510e-01
[NA] iter=00057 eval=02014 misfit=6.193510e-01 best=6.193510e-01
[NA] iter=00057 eval=02015 misfit=6.193510e-01 best=6.193510e-01
[NA] iter=00057 eval=02016 misfit=6.193510e-01 best=6.193510e-01
[NA] iter=00057 eval=02017 misfit=6.193510e-01 best=6.193510e-01
[NA] iter=00057 eval=02018 misfit=6.193510e-01 best=6.193510e-01
[NA] iter=00057 eval=02019 misfit=6.193531e-01 best=6.193510e-01
[NA] iter=00057 eval=02020 misfit=6.193510e-01 best=6.193510e-01
[NA] iter=00057 eval=02021 misfit=6.193510e-01 best=6.193510e-01
[NA] iter=00057 eval=02022 misfit=6.193510e-01 best=6.193510e-01
[NA] iter=00057 eval=02023 misfit=6.193510e-01 best=6.193510e-01
[NA] iter=00057 eval=02024 misfit=6.193510e-01 best=6.193510e-01
[NA] iter=00057 eval=02025 misfit=6.193510e-01 best=6.193510e-01
NAI - Optimisation Loop:  81%|████████▏ | 57/70 [28:11<06:28, 29.89s/it][NA] iter=00058 eval=02026 misfit=6.193510e-01 best=6.193510e-01
[NA] iter=00058 eval=02027 misfit=6.193514e-01 best=6.193510e-01
[NA] iter=00058 eval=02028 misfit=6.193514e-01 best=6.193510e-01
[NA] iter=00058 eval=02029 misfit=6.193510e-01 best=6.193510e-01
[NA] iter=00058 eval=02030 misfit=6.193510e-01 best=6.193510e-01
[NA] iter=00058 eval=02031 misfit=6.193510e-01 best=6.193510e-01
[NA] iter=00058 eval=02032 misfit=6.193510e-01 best=6.193510e-01
[NA] iter=00058 eval=02033 misfit=6.193510e-01 best=6.193510e-01
[NA] iter=00058 eval=02034 misfit=6.193510e-01 best=6.193510e-01
[NA] iter=00058 eval=02035 misfit=6.193510e-01 best=6.193510e-01
[NA] iter=00058 eval=02036 misfit=6.193517e-01 best=6.193510e-01
[NA] iter=00058 eval=02037 misfit=6.193510e-01 best=6.193510e-01
[NA] iter=00058 eval=02038 misfit=6.193510e-01 best=6.193510e-01
[NA] iter=00058 eval=02039 misfit=6.193517e-01 best=6.193510e-01
[NA] iter=00058 eval=02040 misfit=6.193510e-01 best=6.193510e-01
[NA] iter=00058 eval=02041 misfit=6.193510e-01 best=6.193510e-01
[NA] iter=00058 eval=02042 misfit=6.193510e-01 best=6.193510e-01
[NA] iter=00058 eval=02043 misfit=6.193510e-01 best=6.193510e-01
[NA] iter=00058 eval=02044 misfit=6.193510e-01 best=6.193510e-01
[NA] iter=00058 eval=02045 misfit=6.193510e-01 best=6.193510e-01
[NA] iter=00058 eval=02046 misfit=6.193510e-01 best=6.193510e-01
[NA] iter=00058 eval=02047 misfit=6.193510e-01 best=6.193510e-01
[NA] iter=00058 eval=02048 misfit=6.193510e-01 best=6.193510e-01
[NA] iter=00058 eval=02049 misfit=6.193510e-01 best=6.193510e-01
[NA] iter=00058 eval=02050 misfit=6.193510e-01 best=6.193510e-01
[NA] iter=00058 eval=02051 misfit=6.193510e-01 best=6.193510e-01
[NA] iter=00058 eval=02052 misfit=6.193510e-01 best=6.193510e-01
[NA] iter=00058 eval=02053 misfit=6.193510e-01 best=6.193510e-01
[NA] iter=00058 eval=02054 misfit=6.193510e-01 best=6.193510e-01
[NA] iter=00058 eval=02055 misfit=6.193510e-01 best=6.193510e-01
[NA] iter=00058 eval=02056 misfit=6.193510e-01 best=6.193510e-01
[NA] iter=00058 eval=02057 misfit=6.193510e-01 best=6.193510e-01
[NA] iter=00058 eval=02058 misfit=6.193510e-01 best=6.193510e-01
[NA] iter=00058 eval=02059 misfit=6.193510e-01 best=6.193510e-01
[NA] iter=00058 eval=02060 misfit=6.193510e-01 best=6.193510e-01
NAI - Optimisation Loop:  83%|████████▎ | 58/70 [28:40<05:55, 29.59s/it][NA] iter=00059 eval=02061 misfit=6.193510e-01 best=6.193510e-01
[NA] iter=00059 eval=02062 misfit=6.193510e-01 best=6.193510e-01
[NA] iter=00059 eval=02063 misfit=6.193510e-01 best=6.193510e-01
[NA] iter=00059 eval=02064 misfit=6.193510e-01 best=6.193510e-01
[NA] iter=00059 eval=02065 misfit=6.193510e-01 best=6.193510e-01
[NA] iter=00059 eval=02066 misfit=6.193510e-01 best=6.193510e-01
[NA] iter=00059 eval=02067 misfit=6.193510e-01 best=6.193510e-01
[NA] iter=00059 eval=02068 misfit=6.193510e-01 best=6.193510e-01
[NA] iter=00059 eval=02069 misfit=6.193510e-01 best=6.193510e-01
[NA] iter=00059 eval=02070 misfit=6.193510e-01 best=6.193510e-01
[NA] iter=00059 eval=02071 misfit=6.193517e-01 best=6.193510e-01
[NA] iter=00059 eval=02072 misfit=6.193510e-01 best=6.193510e-01
[NA] iter=00059 eval=02073 misfit=6.193510e-01 best=6.193510e-01
[NA] iter=00059 eval=02074 misfit=6.193510e-01 best=6.193510e-01
[NA] iter=00059 eval=02075 misfit=6.193510e-01 best=6.193510e-01
[NA] iter=00059 eval=02076 misfit=6.193524e-01 best=6.193510e-01
[NA] iter=00059 eval=02077 misfit=6.193510e-01 best=6.193510e-01
[NA] iter=00059 eval=02078 misfit=6.193510e-01 best=6.193510e-01
[NA] iter=00059 eval=02079 misfit=6.193524e-01 best=6.193510e-01
[NA] iter=00059 eval=02080 misfit=6.193510e-01 best=6.193510e-01
[NA] iter=00059 eval=02081 misfit=6.193510e-01 best=6.193510e-01
[NA] iter=00059 eval=02082 misfit=6.193510e-01 best=6.193510e-01
[NA] iter=00059 eval=02083 misfit=6.193510e-01 best=6.193510e-01
[NA] iter=00059 eval=02084 misfit=6.193510e-01 best=6.193510e-01
[NA] iter=00059 eval=02085 misfit=6.193510e-01 best=6.193510e-01
[NA] iter=00059 eval=02086 misfit=6.193524e-01 best=6.193510e-01
[NA] iter=00059 eval=02087 misfit=6.193510e-01 best=6.193510e-01
[NA] iter=00059 eval=02088 misfit=6.193524e-01 best=6.193510e-01
[NA] iter=00059 eval=02089 misfit=6.193510e-01 best=6.193510e-01
[NA] iter=00059 eval=02090 misfit=6.193510e-01 best=6.193510e-01
[NA] iter=00059 eval=02091 misfit=6.193524e-01 best=6.193510e-01
[NA] iter=00059 eval=02092 misfit=6.193510e-01 best=6.193510e-01
[NA] iter=00059 eval=02093 misfit=6.193524e-01 best=6.193510e-01
[NA] iter=00059 eval=02094 misfit=6.193510e-01 best=6.193510e-01
[NA] iter=00059 eval=02095 misfit=6.193524e-01 best=6.193510e-01
NAI - Optimisation Loop:  84%|████████▍ | 59/70 [29:08<05:22, 29.35s/it][NA] iter=00060 eval=02096 misfit=6.193510e-01 best=6.193510e-01
[NA] iter=00060 eval=02097 misfit=6.193517e-01 best=6.193510e-01
[NA] iter=00060 eval=02098 misfit=6.193510e-01 best=6.193510e-01
[NA] iter=00060 eval=02099 misfit=6.193514e-01 best=6.193510e-01
[NA] iter=00060 eval=02100 misfit=6.193510e-01 best=6.193510e-01
[NA] iter=00060 eval=02101 misfit=6.193524e-01 best=6.193510e-01
[NA] iter=00060 eval=02102 misfit=6.193524e-01 best=6.193510e-01
[NA] iter=00060 eval=02103 misfit=6.193524e-01 best=6.193510e-01
[NA] iter=00060 eval=02104 misfit=6.193510e-01 best=6.193510e-01
[NA] iter=00060 eval=02105 misfit=6.193527e-01 best=6.193510e-01
[NA] iter=00060 eval=02106 misfit=6.193510e-01 best=6.193510e-01
[NA] iter=00060 eval=02107 misfit=6.193510e-01 best=6.193510e-01
[NA] iter=00060 eval=02108 misfit=6.193510e-01 best=6.193510e-01
[NA] iter=00060 eval=02109 misfit=6.193510e-01 best=6.193510e-01
[NA] iter=00060 eval=02110 misfit=6.193510e-01 best=6.193510e-01
[NA] iter=00060 eval=02111 misfit=6.193510e-01 best=6.193510e-01
[NA] iter=00060 eval=02112 misfit=6.193515e-01 best=6.193510e-01
[NA] iter=00060 eval=02113 misfit=6.193510e-01 best=6.193510e-01
[NA] iter=00060 eval=02114 misfit=6.193510e-01 best=6.193510e-01
[NA] iter=00060 eval=02115 misfit=6.193510e-01 best=6.193510e-01
[NA] iter=00060 eval=02116 misfit=6.193510e-01 best=6.193510e-01
[NA] iter=00060 eval=02117 misfit=6.193510e-01 best=6.193510e-01
[NA] iter=00060 eval=02118 misfit=6.193510e-01 best=6.193510e-01
[NA] iter=00060 eval=02119 misfit=6.193510e-01 best=6.193510e-01
[NA] iter=00060 eval=02120 misfit=6.193510e-01 best=6.193510e-01
[NA] iter=00060 eval=02121 misfit=6.193510e-01 best=6.193510e-01
[NA] iter=00060 eval=02122 misfit=6.193510e-01 best=6.193510e-01
[NA] iter=00060 eval=02123 misfit=6.193510e-01 best=6.193510e-01
[NA] iter=00060 eval=02124 misfit=6.193510e-01 best=6.193510e-01
[NA] iter=00060 eval=02125 misfit=6.193510e-01 best=6.193510e-01
[NA] iter=00060 eval=02126 misfit=6.193510e-01 best=6.193510e-01
[NA] iter=00060 eval=02127 misfit=6.193510e-01 best=6.193510e-01
[NA] iter=00060 eval=02128 misfit=6.193510e-01 best=6.193510e-01
[NA] iter=00060 eval=02129 misfit=6.193510e-01 best=6.193510e-01
[NA] iter=00060 eval=02130 misfit=6.193510e-01 best=6.193510e-01
NAI - Optimisation Loop:  86%|████████▌ | 60/70 [29:38<04:53, 29.39s/it][NA] iter=00061 eval=02131 misfit=6.193510e-01 best=6.193510e-01
[NA] iter=00061 eval=02132 misfit=6.193523e-01 best=6.193510e-01
[NA] iter=00061 eval=02133 misfit=6.193510e-01 best=6.193510e-01
[NA] iter=00061 eval=02134 misfit=6.193519e-01 best=6.193510e-01
[NA] iter=00061 eval=02135 misfit=6.193514e-01 best=6.193510e-01
[NA] iter=00061 eval=02136 misfit=6.193517e-01 best=6.193510e-01
[NA] iter=00061 eval=02137 misfit=6.193517e-01 best=6.193510e-01
[NA] iter=00061 eval=02138 misfit=6.193510e-01 best=6.193510e-01
[NA] iter=00061 eval=02139 misfit=6.193510e-01 best=6.193510e-01
[NA] iter=00061 eval=02140 misfit=6.193510e-01 best=6.193510e-01
[NA] iter=00061 eval=02141 misfit=6.193510e-01 best=6.193510e-01
[NA] iter=00061 eval=02142 misfit=6.193510e-01 best=6.193510e-01
[NA] iter=00061 eval=02143 misfit=6.193510e-01 best=6.193510e-01
[NA] iter=00061 eval=02144 misfit=6.193510e-01 best=6.193510e-01
[NA] iter=00061 eval=02145 misfit=6.193510e-01 best=6.193510e-01
[NA] iter=00061 eval=02146 misfit=6.193510e-01 best=6.193510e-01
[NA] iter=00061 eval=02147 misfit=6.193510e-01 best=6.193510e-01
[NA] iter=00061 eval=02148 misfit=6.193514e-01 best=6.193510e-01
[NA] iter=00061 eval=02149 misfit=6.193517e-01 best=6.193510e-01
[NA] iter=00061 eval=02150 misfit=6.193510e-01 best=6.193510e-01
[NA] iter=00061 eval=02151 misfit=6.193510e-01 best=6.193510e-01
[NA] iter=00061 eval=02152 misfit=6.193515e-01 best=6.193510e-01
[NA] iter=00061 eval=02153 misfit=6.193515e-01 best=6.193510e-01
[NA] iter=00061 eval=02154 misfit=6.193519e-01 best=6.193510e-01
[NA] iter=00061 eval=02155 misfit=6.193515e-01 best=6.193510e-01
[NA] iter=00061 eval=02156 misfit=6.193510e-01 best=6.193510e-01
[NA] iter=00061 eval=02157 misfit=6.193510e-01 best=6.193510e-01
[NA] iter=00061 eval=02158 misfit=6.193510e-01 best=6.193510e-01
[NA] iter=00061 eval=02159 misfit=6.193510e-01 best=6.193510e-01
[NA] iter=00061 eval=02160 misfit=6.193515e-01 best=6.193510e-01
[NA] iter=00061 eval=02161 misfit=6.193510e-01 best=6.193510e-01
[NA] iter=00061 eval=02162 misfit=6.193510e-01 best=6.193510e-01
[NA] iter=00061 eval=02163 misfit=6.193510e-01 best=6.193510e-01
[NA] iter=00061 eval=02164 misfit=6.193510e-01 best=6.193510e-01
[NA] iter=00061 eval=02165 misfit=6.193510e-01 best=6.193510e-01
NAI - Optimisation Loop:  87%|████████▋ | 61/70 [30:06<04:22, 29.13s/it][NA] iter=00062 eval=02166 misfit=6.193510e-01 best=6.193510e-01
[NA] iter=00062 eval=02167 misfit=6.193510e-01 best=6.193510e-01
[NA] iter=00062 eval=02168 misfit=6.193510e-01 best=6.193510e-01
[NA] iter=00062 eval=02169 misfit=6.193510e-01 best=6.193510e-01
[NA] iter=00062 eval=02170 misfit=6.193510e-01 best=6.193510e-01
[NA] iter=00062 eval=02171 misfit=6.193510e-01 best=6.193510e-01
[NA] iter=00062 eval=02172 misfit=6.193510e-01 best=6.193510e-01
[NA] iter=00062 eval=02173 misfit=6.193510e-01 best=6.193510e-01
[NA] iter=00062 eval=02174 misfit=6.193510e-01 best=6.193510e-01
[NA] iter=00062 eval=02175 misfit=6.193519e-01 best=6.193510e-01
[NA] iter=00062 eval=02176 misfit=6.193510e-01 best=6.193510e-01
[NA] iter=00062 eval=02177 misfit=6.193510e-01 best=6.193510e-01
[NA] iter=00062 eval=02178 misfit=6.193510e-01 best=6.193510e-01
[NA] iter=00062 eval=02179 misfit=6.193510e-01 best=6.193510e-01
[NA] iter=00062 eval=02180 misfit=6.193510e-01 best=6.193510e-01
[NA] iter=00062 eval=02181 misfit=6.193510e-01 best=6.193510e-01
[NA] iter=00062 eval=02182 misfit=6.193510e-01 best=6.193510e-01
[NA] iter=00062 eval=02183 misfit=6.193510e-01 best=6.193510e-01
[NA] iter=00062 eval=02184 misfit=6.193510e-01 best=6.193510e-01
[NA] iter=00062 eval=02185 misfit=6.193510e-01 best=6.193510e-01
[NA] iter=00062 eval=02186 misfit=6.193510e-01 best=6.193510e-01
[NA] iter=00062 eval=02187 misfit=6.193510e-01 best=6.193510e-01
[NA] iter=00062 eval=02188 misfit=6.193510e-01 best=6.193510e-01
[NA] iter=00062 eval=02189 misfit=6.193510e-01 best=6.193510e-01
[NA] iter=00062 eval=02190 misfit=6.193510e-01 best=6.193510e-01
[NA] iter=00062 eval=02191 misfit=6.193510e-01 best=6.193510e-01
[NA] iter=00062 eval=02192 misfit=6.193510e-01 best=6.193510e-01
[NA] iter=00062 eval=02193 misfit=6.193510e-01 best=6.193510e-01
[NA] iter=00062 eval=02194 misfit=6.193510e-01 best=6.193510e-01
[NA] iter=00062 eval=02195 misfit=6.193510e-01 best=6.193510e-01
[NA] iter=00062 eval=02196 misfit=6.193510e-01 best=6.193510e-01
[NA] iter=00062 eval=02197 misfit=6.193510e-01 best=6.193510e-01
[NA] iter=00062 eval=02198 misfit=6.193510e-01 best=6.193510e-01
[NA] iter=00062 eval=02199 misfit=6.193510e-01 best=6.193510e-01
[NA] iter=00062 eval=02200 misfit=6.193510e-01 best=6.193510e-01
NAI - Optimisation Loop:  89%|████████▊ | 62/70 [30:36<03:53, 29.17s/it][NA] iter=00063 eval=02201 misfit=6.193510e-01 best=6.193510e-01
[NA] iter=00063 eval=02202 misfit=6.193510e-01 best=6.193510e-01
[NA] iter=00063 eval=02203 misfit=6.193517e-01 best=6.193510e-01
[NA] iter=00063 eval=02204 misfit=6.193510e-01 best=6.193510e-01
[NA] iter=00063 eval=02205 misfit=6.193517e-01 best=6.193510e-01
[NA] iter=00063 eval=02206 misfit=6.193519e-01 best=6.193510e-01
[NA] iter=00063 eval=02207 misfit=6.193510e-01 best=6.193510e-01
[NA] iter=00063 eval=02208 misfit=6.193519e-01 best=6.193510e-01
[NA] iter=00063 eval=02209 misfit=6.193523e-01 best=6.193510e-01
[NA] iter=00063 eval=02210 misfit=6.193510e-01 best=6.193510e-01
[NA] iter=00063 eval=02211 misfit=6.193519e-01 best=6.193510e-01
[NA] iter=00063 eval=02212 misfit=6.193510e-01 best=6.193510e-01
[NA] iter=00063 eval=02213 misfit=6.193519e-01 best=6.193510e-01
[NA] iter=00063 eval=02214 misfit=6.193519e-01 best=6.193510e-01
[NA] iter=00063 eval=02215 misfit=6.193526e-01 best=6.193510e-01
[NA] iter=00063 eval=02216 misfit=6.193510e-01 best=6.193510e-01
[NA] iter=00063 eval=02217 misfit=6.193510e-01 best=6.193510e-01
[NA] iter=00063 eval=02218 misfit=6.193510e-01 best=6.193510e-01
[NA] iter=00063 eval=02219 misfit=6.193510e-01 best=6.193510e-01
[NA] iter=00063 eval=02220 misfit=6.193510e-01 best=6.193510e-01
[NA] iter=00063 eval=02221 misfit=6.193510e-01 best=6.193510e-01
[NA] iter=00063 eval=02222 misfit=6.193510e-01 best=6.193510e-01
[NA] iter=00063 eval=02223 misfit=6.193510e-01 best=6.193510e-01
[NA] iter=00063 eval=02224 misfit=6.193510e-01 best=6.193510e-01
[NA] iter=00063 eval=02225 misfit=6.193510e-01 best=6.193510e-01
[NA] iter=00063 eval=02226 misfit=6.193510e-01 best=6.193510e-01
[NA] iter=00063 eval=02227 misfit=6.193510e-01 best=6.193510e-01
[NA] iter=00063 eval=02228 misfit=6.193510e-01 best=6.193510e-01
[NA] iter=00063 eval=02229 misfit=6.193510e-01 best=6.193510e-01
[NA] iter=00063 eval=02230 misfit=6.193510e-01 best=6.193510e-01
[NA] iter=00063 eval=02231 misfit=6.193510e-01 best=6.193510e-01
[NA] iter=00063 eval=02232 misfit=6.193510e-01 best=6.193510e-01
[NA] iter=00063 eval=02233 misfit=6.193510e-01 best=6.193510e-01
[NA] iter=00063 eval=02234 misfit=6.193510e-01 best=6.193510e-01
[NA] iter=00063 eval=02235 misfit=6.193510e-01 best=6.193510e-01
NAI - Optimisation Loop:  90%|█████████ | 63/70 [31:04<03:22, 28.98s/it][NA] iter=00064 eval=02236 misfit=6.193510e-01 best=6.193510e-01
[NA] iter=00064 eval=02237 misfit=6.193510e-01 best=6.193510e-01
[NA] iter=00064 eval=02238 misfit=6.193510e-01 best=6.193510e-01
[NA] iter=00064 eval=02239 misfit=6.193510e-01 best=6.193510e-01
[NA] iter=00064 eval=02240 misfit=6.193510e-01 best=6.193510e-01
[NA] iter=00064 eval=02241 misfit=6.193510e-01 best=6.193510e-01
[NA] iter=00064 eval=02242 misfit=6.193510e-01 best=6.193510e-01
[NA] iter=00064 eval=02243 misfit=6.193510e-01 best=6.193510e-01
[NA] iter=00064 eval=02244 misfit=6.193510e-01 best=6.193510e-01
[NA] iter=00064 eval=02245 misfit=6.193510e-01 best=6.193510e-01
[NA] iter=00064 eval=02246 misfit=6.193510e-01 best=6.193510e-01
[NA] iter=00064 eval=02247 misfit=6.193510e-01 best=6.193510e-01
[NA] iter=00064 eval=02248 misfit=6.193510e-01 best=6.193510e-01
[NA] iter=00064 eval=02249 misfit=6.193510e-01 best=6.193510e-01
[NA] iter=00064 eval=02250 misfit=6.193510e-01 best=6.193510e-01
[NA] iter=00064 eval=02251 misfit=6.193510e-01 best=6.193510e-01
[NA] iter=00064 eval=02252 misfit=6.193510e-01 best=6.193510e-01
[NA] iter=00064 eval=02253 misfit=6.193510e-01 best=6.193510e-01
[NA] iter=00064 eval=02254 misfit=6.193510e-01 best=6.193510e-01
[NA] iter=00064 eval=02255 misfit=6.193510e-01 best=6.193510e-01
[NA] iter=00064 eval=02256 misfit=6.193510e-01 best=6.193510e-01
[NA] iter=00064 eval=02257 misfit=6.193510e-01 best=6.193510e-01
[NA] iter=00064 eval=02258 misfit=6.193510e-01 best=6.193510e-01
[NA] iter=00064 eval=02259 misfit=6.193510e-01 best=6.193510e-01
[NA] iter=00064 eval=02260 misfit=6.193510e-01 best=6.193510e-01
[NA] iter=00064 eval=02261 misfit=6.193510e-01 best=6.193510e-01
[NA] iter=00064 eval=02262 misfit=6.193510e-01 best=6.193510e-01
[NA] iter=00064 eval=02263 misfit=6.193510e-01 best=6.193510e-01
[NA] iter=00064 eval=02264 misfit=6.193510e-01 best=6.193510e-01
[NA] iter=00064 eval=02265 misfit=6.193510e-01 best=6.193510e-01
[NA] iter=00064 eval=02266 misfit=6.193510e-01 best=6.193510e-01
[NA] iter=00064 eval=02267 misfit=6.193510e-01 best=6.193510e-01
[NA] iter=00064 eval=02268 misfit=6.193513e-01 best=6.193510e-01
[NA] iter=00064 eval=02269 misfit=6.193526e-01 best=6.193510e-01
[NA] iter=00064 eval=02270 misfit=6.193517e-01 best=6.193510e-01
NAI - Optimisation Loop:  91%|█████████▏| 64/70 [31:33<02:53, 28.86s/it][NA] iter=00065 eval=02271 misfit=6.193510e-01 best=6.193510e-01
[NA] iter=00065 eval=02272 misfit=6.193510e-01 best=6.193510e-01
[NA] iter=00065 eval=02273 misfit=6.193510e-01 best=6.193510e-01
[NA] iter=00065 eval=02274 misfit=6.193510e-01 best=6.193510e-01
[NA] iter=00065 eval=02275 misfit=6.193510e-01 best=6.193510e-01
[NA] iter=00065 eval=02276 misfit=6.193510e-01 best=6.193510e-01
[NA] iter=00065 eval=02277 misfit=6.193510e-01 best=6.193510e-01
[NA] iter=00065 eval=02278 misfit=6.193510e-01 best=6.193510e-01
[NA] iter=00065 eval=02279 misfit=6.193510e-01 best=6.193510e-01
[NA] iter=00065 eval=02280 misfit=6.193510e-01 best=6.193510e-01
[NA] iter=00065 eval=02281 misfit=6.193510e-01 best=6.193510e-01
[NA] iter=00065 eval=02282 misfit=6.193510e-01 best=6.193510e-01
[NA] iter=00065 eval=02283 misfit=6.193510e-01 best=6.193510e-01
[NA] iter=00065 eval=02284 misfit=6.193510e-01 best=6.193510e-01
[NA] iter=00065 eval=02285 misfit=6.193510e-01 best=6.193510e-01
[NA] iter=00065 eval=02286 misfit=6.193517e-01 best=6.193510e-01
[NA] iter=00065 eval=02287 misfit=6.193526e-01 best=6.193510e-01
[NA] iter=00065 eval=02288 misfit=6.193517e-01 best=6.193510e-01
[NA] iter=00065 eval=02289 misfit=6.193510e-01 best=6.193510e-01
[NA] iter=00065 eval=02290 misfit=6.193517e-01 best=6.193510e-01
[NA] iter=00065 eval=02291 misfit=6.193519e-01 best=6.193510e-01
[NA] iter=00065 eval=02292 misfit=6.193519e-01 best=6.193510e-01
[NA] iter=00065 eval=02293 misfit=6.193519e-01 best=6.193510e-01
[NA] iter=00065 eval=02294 misfit=6.193510e-01 best=6.193510e-01
[NA] iter=00065 eval=02295 misfit=6.193519e-01 best=6.193510e-01
[NA] iter=00065 eval=02296 misfit=6.193510e-01 best=6.193510e-01
[NA] iter=00065 eval=02297 misfit=6.193510e-01 best=6.193510e-01
[NA] iter=00065 eval=02298 misfit=6.193510e-01 best=6.193510e-01
[NA] iter=00065 eval=02299 misfit=6.193510e-01 best=6.193510e-01
[NA] iter=00065 eval=02300 misfit=6.193510e-01 best=6.193510e-01
[NA] iter=00065 eval=02301 misfit=6.193510e-01 best=6.193510e-01
[NA] iter=00065 eval=02302 misfit=6.193510e-01 best=6.193510e-01
[NA] iter=00065 eval=02303 misfit=6.193510e-01 best=6.193510e-01
[NA] iter=00065 eval=02304 misfit=6.193510e-01 best=6.193510e-01
[NA] iter=00065 eval=02305 misfit=6.193510e-01 best=6.193510e-01
NAI - Optimisation Loop:  93%|█████████▎| 65/70 [32:01<02:23, 28.72s/it][NA] iter=00066 eval=02306 misfit=6.193510e-01 best=6.193510e-01
[NA] iter=00066 eval=02307 misfit=6.193510e-01 best=6.193510e-01
[NA] iter=00066 eval=02308 misfit=6.193510e-01 best=6.193510e-01
[NA] iter=00066 eval=02309 misfit=6.193510e-01 best=6.193510e-01
[NA] iter=00066 eval=02310 misfit=6.193510e-01 best=6.193510e-01
[NA] iter=00066 eval=02311 misfit=6.193510e-01 best=6.193510e-01
[NA] iter=00066 eval=02312 misfit=6.193510e-01 best=6.193510e-01
[NA] iter=00066 eval=02313 misfit=6.193510e-01 best=6.193510e-01
[NA] iter=00066 eval=02314 misfit=6.193510e-01 best=6.193510e-01
[NA] iter=00066 eval=02315 misfit=6.193514e-01 best=6.193510e-01
[NA] iter=00066 eval=02316 misfit=6.193510e-01 best=6.193510e-01
[NA] iter=00066 eval=02317 misfit=6.193510e-01 best=6.193510e-01
[NA] iter=00066 eval=02318 misfit=6.193510e-01 best=6.193510e-01
[NA] iter=00066 eval=02319 misfit=6.193510e-01 best=6.193510e-01
[NA] iter=00066 eval=02320 misfit=6.193510e-01 best=6.193510e-01
[NA] iter=00066 eval=02321 misfit=6.193510e-01 best=6.193510e-01
[NA] iter=00066 eval=02322 misfit=6.193510e-01 best=6.193510e-01
[NA] iter=00066 eval=02323 misfit=6.193510e-01 best=6.193510e-01
[NA] iter=00066 eval=02324 misfit=6.193510e-01 best=6.193510e-01
[NA] iter=00066 eval=02325 misfit=6.193510e-01 best=6.193510e-01
[NA] iter=00066 eval=02326 misfit=6.193510e-01 best=6.193510e-01
[NA] iter=00066 eval=02327 misfit=6.193510e-01 best=6.193510e-01
[NA] iter=00066 eval=02328 misfit=6.193510e-01 best=6.193510e-01
[NA] iter=00066 eval=02329 misfit=6.193510e-01 best=6.193510e-01
[NA] iter=00066 eval=02330 misfit=6.193510e-01 best=6.193510e-01
[NA] iter=00066 eval=02331 misfit=6.193510e-01 best=6.193510e-01
[NA] iter=00066 eval=02332 misfit=6.193510e-01 best=6.193510e-01
[NA] iter=00066 eval=02333 misfit=6.193510e-01 best=6.193510e-01
[NA] iter=00066 eval=02334 misfit=6.193510e-01 best=6.193510e-01
[NA] iter=00066 eval=02335 misfit=6.193510e-01 best=6.193510e-01
[NA] iter=00066 eval=02336 misfit=6.193510e-01 best=6.193510e-01
[NA] iter=00066 eval=02337 misfit=6.193510e-01 best=6.193510e-01
[NA] iter=00066 eval=02338 misfit=6.193510e-01 best=6.193510e-01
[NA] iter=00066 eval=02339 misfit=6.193510e-01 best=6.193510e-01
[NA] iter=00066 eval=02340 misfit=6.193510e-01 best=6.193510e-01
NAI - Optimisation Loop:  94%|█████████▍| 66/70 [32:32<01:57, 29.35s/it][NA] iter=00067 eval=02341 misfit=6.193524e-01 best=6.193510e-01
[NA] iter=00067 eval=02342 misfit=6.193510e-01 best=6.193510e-01
[NA] iter=00067 eval=02343 misfit=6.193524e-01 best=6.193510e-01
[NA] iter=00067 eval=02344 misfit=6.193524e-01 best=6.193510e-01
[NA] iter=00067 eval=02345 misfit=6.193524e-01 best=6.193510e-01
[NA] iter=00067 eval=02346 misfit=6.193510e-01 best=6.193510e-01
[NA] iter=00067 eval=02347 misfit=6.193510e-01 best=6.193510e-01
[NA] iter=00067 eval=02348 misfit=6.193510e-01 best=6.193510e-01
[NA] iter=00067 eval=02349 misfit=6.193510e-01 best=6.193510e-01
[NA] iter=00067 eval=02350 misfit=6.193510e-01 best=6.193510e-01
[NA] iter=00067 eval=02351 misfit=6.193510e-01 best=6.193510e-01
[NA] iter=00067 eval=02352 misfit=6.193510e-01 best=6.193510e-01
[NA] iter=00067 eval=02353 misfit=6.193510e-01 best=6.193510e-01
[NA] iter=00067 eval=02354 misfit=6.193517e-01 best=6.193510e-01
[NA] iter=00067 eval=02355 misfit=6.193510e-01 best=6.193510e-01
[NA] iter=00067 eval=02356 misfit=6.193510e-01 best=6.193510e-01
[NA] iter=00067 eval=02357 misfit=6.193510e-01 best=6.193510e-01
[NA] iter=00067 eval=02358 misfit=6.193510e-01 best=6.193510e-01
[NA] iter=00067 eval=02359 misfit=6.193510e-01 best=6.193510e-01
[NA] iter=00067 eval=02360 misfit=6.193510e-01 best=6.193510e-01
[NA] iter=00067 eval=02361 misfit=6.193510e-01 best=6.193510e-01
[NA] iter=00067 eval=02362 misfit=6.193510e-01 best=6.193510e-01
[NA] iter=00067 eval=02363 misfit=6.193510e-01 best=6.193510e-01
[NA] iter=00067 eval=02364 misfit=6.193510e-01 best=6.193510e-01
[NA] iter=00067 eval=02365 misfit=6.193510e-01 best=6.193510e-01
[NA] iter=00067 eval=02366 misfit=6.193510e-01 best=6.193510e-01
[NA] iter=00067 eval=02367 misfit=6.193510e-01 best=6.193510e-01
[NA] iter=00067 eval=02368 misfit=6.193510e-01 best=6.193510e-01
[NA] iter=00067 eval=02369 misfit=6.193510e-01 best=6.193510e-01
[NA] iter=00067 eval=02370 misfit=6.193510e-01 best=6.193510e-01
[NA] iter=00067 eval=02371 misfit=6.193510e-01 best=6.193510e-01
[NA] iter=00067 eval=02372 misfit=6.193510e-01 best=6.193510e-01
[NA] iter=00067 eval=02373 misfit=6.193510e-01 best=6.193510e-01
[NA] iter=00067 eval=02374 misfit=6.193510e-01 best=6.193510e-01
[NA] iter=00067 eval=02375 misfit=6.193510e-01 best=6.193510e-01
NAI - Optimisation Loop:  96%|█████████▌| 67/70 [33:03<01:29, 29.82s/it][NA] iter=00068 eval=02376 misfit=6.193510e-01 best=6.193510e-01
[NA] iter=00068 eval=02377 misfit=6.193510e-01 best=6.193510e-01
[NA] iter=00068 eval=02378 misfit=6.193510e-01 best=6.193510e-01
[NA] iter=00068 eval=02379 misfit=6.193510e-01 best=6.193510e-01
[NA] iter=00068 eval=02380 misfit=6.193510e-01 best=6.193510e-01
[NA] iter=00068 eval=02381 misfit=6.193510e-01 best=6.193510e-01
[NA] iter=00068 eval=02382 misfit=6.193510e-01 best=6.193510e-01
[NA] iter=00068 eval=02383 misfit=6.193510e-01 best=6.193510e-01
[NA] iter=00068 eval=02384 misfit=6.193510e-01 best=6.193510e-01
[NA] iter=00068 eval=02385 misfit=6.193510e-01 best=6.193510e-01
[NA] iter=00068 eval=02386 misfit=6.193515e-01 best=6.193510e-01
[NA] iter=00068 eval=02387 misfit=6.193510e-01 best=6.193510e-01
[NA] iter=00068 eval=02388 misfit=6.193515e-01 best=6.193510e-01
[NA] iter=00068 eval=02389 misfit=6.193536e-01 best=6.193510e-01
[NA] iter=00068 eval=02390 misfit=6.193515e-01 best=6.193510e-01
[NA] iter=00068 eval=02391 misfit=6.193510e-01 best=6.193510e-01
[NA] iter=00068 eval=02392 misfit=6.193510e-01 best=6.193510e-01
[NA] iter=00068 eval=02393 misfit=6.193515e-01 best=6.193510e-01
[NA] iter=00068 eval=02394 misfit=6.193510e-01 best=6.193510e-01
[NA] iter=00068 eval=02395 misfit=6.193510e-01 best=6.193510e-01
[NA] iter=00068 eval=02396 misfit=6.193510e-01 best=6.193510e-01
[NA] iter=00068 eval=02397 misfit=6.193510e-01 best=6.193510e-01
[NA] iter=00068 eval=02398 misfit=6.193510e-01 best=6.193510e-01
[NA] iter=00068 eval=02399 misfit=6.193510e-01 best=6.193510e-01
[NA] iter=00068 eval=02400 misfit=6.193510e-01 best=6.193510e-01
[NA] iter=00068 eval=02401 misfit=6.193510e-01 best=6.193510e-01
[NA] iter=00068 eval=02402 misfit=6.193510e-01 best=6.193510e-01
[NA] iter=00068 eval=02403 misfit=6.193510e-01 best=6.193510e-01
[NA] iter=00068 eval=02404 misfit=6.193510e-01 best=6.193510e-01
[NA] iter=00068 eval=02405 misfit=6.193510e-01 best=6.193510e-01
[NA] iter=00068 eval=02406 misfit=6.193510e-01 best=6.193510e-01
[NA] iter=00068 eval=02407 misfit=6.193510e-01 best=6.193510e-01
[NA] iter=00068 eval=02408 misfit=6.193517e-01 best=6.193510e-01
[NA] iter=00068 eval=02409 misfit=6.193510e-01 best=6.193510e-01
[NA] iter=00068 eval=02410 misfit=6.193510e-01 best=6.193510e-01
NAI - Optimisation Loop:  97%|█████████▋| 68/70 [33:32<00:59, 29.62s/it][NA] iter=00069 eval=02411 misfit=6.193510e-01 best=6.193510e-01
[NA] iter=00069 eval=02412 misfit=6.193510e-01 best=6.193510e-01
[NA] iter=00069 eval=02413 misfit=6.193510e-01 best=6.193510e-01
[NA] iter=00069 eval=02414 misfit=6.193510e-01 best=6.193510e-01
[NA] iter=00069 eval=02415 misfit=6.193510e-01 best=6.193510e-01
[NA] iter=00069 eval=02416 misfit=6.193510e-01 best=6.193510e-01
[NA] iter=00069 eval=02417 misfit=6.193510e-01 best=6.193510e-01
[NA] iter=00069 eval=02418 misfit=6.193510e-01 best=6.193510e-01
[NA] iter=00069 eval=02419 misfit=6.193510e-01 best=6.193510e-01
[NA] iter=00069 eval=02420 misfit=6.193510e-01 best=6.193510e-01
[NA] iter=00069 eval=02421 misfit=6.193510e-01 best=6.193510e-01
[NA] iter=00069 eval=02422 misfit=6.193510e-01 best=6.193510e-01
[NA] iter=00069 eval=02423 misfit=6.193510e-01 best=6.193510e-01
[NA] iter=00069 eval=02424 misfit=6.193510e-01 best=6.193510e-01
[NA] iter=00069 eval=02425 misfit=6.193510e-01 best=6.193510e-01
[NA] iter=00069 eval=02426 misfit=6.193510e-01 best=6.193510e-01
[NA] iter=00069 eval=02427 misfit=6.193510e-01 best=6.193510e-01
[NA] iter=00069 eval=02428 misfit=6.193510e-01 best=6.193510e-01
[NA] iter=00069 eval=02429 misfit=6.193510e-01 best=6.193510e-01
[NA] iter=00069 eval=02430 misfit=6.193510e-01 best=6.193510e-01
[NA] iter=00069 eval=02431 misfit=6.193510e-01 best=6.193510e-01
[NA] iter=00069 eval=02432 misfit=6.193510e-01 best=6.193510e-01
[NA] iter=00069 eval=02433 misfit=6.193510e-01 best=6.193510e-01
[NA] iter=00069 eval=02434 misfit=6.193510e-01 best=6.193510e-01
[NA] iter=00069 eval=02435 misfit=6.193510e-01 best=6.193510e-01
[NA] iter=00069 eval=02436 misfit=6.193510e-01 best=6.193510e-01
[NA] iter=00069 eval=02437 misfit=6.193510e-01 best=6.193510e-01
[NA] iter=00069 eval=02438 misfit=6.193510e-01 best=6.193510e-01
[NA] iter=00069 eval=02439 misfit=6.193510e-01 best=6.193510e-01
[NA] iter=00069 eval=02440 misfit=6.193510e-01 best=6.193510e-01
[NA] iter=00069 eval=02441 misfit=6.193510e-01 best=6.193510e-01
[NA] iter=00069 eval=02442 misfit=6.193510e-01 best=6.193510e-01
[NA] iter=00069 eval=02443 misfit=6.193510e-01 best=6.193510e-01
[NA] iter=00069 eval=02444 misfit=6.193510e-01 best=6.193510e-01
[NA] iter=00069 eval=02445 misfit=6.193510e-01 best=6.193510e-01
NAI - Optimisation Loop:  99%|█████████▊| 69/70 [34:02<00:29, 29.80s/it][NA] iter=00070 eval=02446 misfit=6.193510e-01 best=6.193510e-01
[NA] iter=00070 eval=02447 misfit=6.193510e-01 best=6.193510e-01
[NA] iter=00070 eval=02448 misfit=6.193510e-01 best=6.193510e-01
[NA] iter=00070 eval=02449 misfit=6.193510e-01 best=6.193510e-01
[NA] iter=00070 eval=02450 misfit=6.193510e-01 best=6.193510e-01
[NA] iter=00070 eval=02451 misfit=6.193510e-01 best=6.193510e-01
[NA] iter=00070 eval=02452 misfit=6.193510e-01 best=6.193510e-01
[NA] iter=00070 eval=02453 misfit=6.193510e-01 best=6.193510e-01
[NA] iter=00070 eval=02454 misfit=6.193510e-01 best=6.193510e-01
[NA] iter=00070 eval=02455 misfit=6.193510e-01 best=6.193510e-01
[NA] iter=00070 eval=02456 misfit=6.193510e-01 best=6.193510e-01
[NA] iter=00070 eval=02457 misfit=6.193510e-01 best=6.193510e-01
[NA] iter=00070 eval=02458 misfit=6.193510e-01 best=6.193510e-01
[NA] iter=00070 eval=02459 misfit=6.193510e-01 best=6.193510e-01
[NA] iter=00070 eval=02460 misfit=6.193510e-01 best=6.193510e-01
[NA] iter=00070 eval=02461 misfit=6.193510e-01 best=6.193510e-01
[NA] iter=00070 eval=02462 misfit=6.193510e-01 best=6.193510e-01
[NA] iter=00070 eval=02463 misfit=6.193510e-01 best=6.193510e-01
[NA] iter=00070 eval=02464 misfit=6.193510e-01 best=6.193510e-01
[NA] iter=00070 eval=02465 misfit=6.193510e-01 best=6.193510e-01
[NA] iter=00070 eval=02466 misfit=6.193510e-01 best=6.193510e-01
[NA] iter=00070 eval=02467 misfit=6.193510e-01 best=6.193510e-01
[NA] iter=00070 eval=02468 misfit=6.193510e-01 best=6.193510e-01
[NA] iter=00070 eval=02469 misfit=6.193510e-01 best=6.193510e-01
[NA] iter=00070 eval=02470 misfit=6.193510e-01 best=6.193510e-01
[NA] iter=00070 eval=02471 misfit=6.193510e-01 best=6.193510e-01
[NA] iter=00070 eval=02472 misfit=6.193510e-01 best=6.193510e-01
[NA] iter=00070 eval=02473 misfit=6.193510e-01 best=6.193510e-01
[NA] iter=00070 eval=02474 misfit=6.193510e-01 best=6.193510e-01
[NA] iter=00070 eval=02475 misfit=6.193510e-01 best=6.193510e-01
[NA] iter=00070 eval=02476 misfit=6.193510e-01 best=6.193510e-01
[NA] iter=00070 eval=02477 misfit=6.193510e-01 best=6.193510e-01
[NA] iter=00070 eval=02478 misfit=6.193510e-01 best=6.193510e-01
[NA] iter=00070 eval=02479 misfit=6.193510e-01 best=6.193510e-01
[NA] iter=00070 eval=02480 misfit=6.193510e-01 best=6.193510e-01
NAI - Optimisation Loop: 100%|██████████| 70/70 [34:31<00:00, 29.52s/it]NAI - Optimisation Loop: 100%|██████████| 70/70 [34:31<00:00, 29.60s/it]
│  [32m✓[0m Inversion terminada en 2104.9 s

┌─[17:56:15 | 2105.5s] Mejor solucion
│  ┌──────────────────────────────────────────────┐
│  │ a1 (km)                                6.4185 │
│  │ a2 (km)                                5.8705 │
│  │ theta (x pi)                           1.7230 │
│  │ np (frac)                              1.0000 │
│  │ tp (x 2pi)                             0.2584 │
│  │ dmax (m)                               1.2692 │
│  │ vr (km/s)                              1.6374 │
│  └──────────────────────────────────────────────┘
│  [32m✓[0m misfit minimo = 0.619351

┌─[17:56:15 | 2105.5s] Guardando resultados
Inversion results saved to /home/alex/KDEllipsPy/inversions/2020-06-03/output/inversion_result.joblib
│  [32m✓[0m resultado     → /home/alex/KDEllipsPy/inversions/2020-06-03/output/inversion_result.joblib
│  [32m✓[0m figura        → /home/alex/KDEllipsPy/inversions/2020-06-03/output/na_results.png
│  [32m✓[0m figura        → /home/alex/KDEllipsPy/inversions/2020-06-03/output/parameter_convergence.png
│  [32m✓[0m figura        → /home/alex/KDEllipsPy/inversions/2020-06-03/output/waveform_fit.png
│  [32m✓[0m figura        → /home/alex/KDEllipsPy/inversions/2020-06-03/output/ellipse_fit.png
│  [32m✓[0m figura        → /home/alex/KDEllipsPy/inversions/2020-06-03/output/mapa_azimutal.png  (gap azimutal 106°)

┌─[17:56:19 | 2109.7s] Desglose de misfit por estacion/componente
Desglose de misfit (ventana 20s (P->R,Z ; S->T)) — E = 0.619351
==============================================================================
Est   Cmp    %resid  aporte_E  mf_local  peso_obs
------------------------------------------------------------------------------
A08F  R       33.9%    0.2099     1.248     16.8%
A08F  T        1.1%    0.0069     0.791      0.9%
A08F  Z        2.5%    0.0157     0.399      3.9%
  -> A08F total               37.5% del residuo  (peso obs 21.6%)
------------------------------------------------------------------------------
A22F  R        3.8%    0.0238     0.779      3.1%
A22F  T        8.4%    0.0521     1.025      5.1%
A22F  Z        4.5%    0.0278     0.449      6.2%
  -> A22F total               16.7% del residuo  (peso obs 14.3%)
------------------------------------------------------------------------------
A05F  R        0.1%    0.0005     0.662      0.1%
A05F  T       12.1%    0.0750     0.366     20.5%
A05F  Z        0.5%    0.0034     1.276      0.3%
  -> A05F total               12.7% del residuo  (peso obs 20.8%)
------------------------------------------------------------------------------
PB06  R        0.0%    0.0003     0.508      0.1%
PB06  T       10.4%    0.0643     0.411     15.7%
PB06  Z        0.1%    0.0005     0.696      0.1%
  -> PB06 total               10.5% del residuo  (peso obs 15.8%)
------------------------------------------------------------------------------
A18F  R        0.4%    0.0023     1.400      0.2%
A18F  T        8.2%    0.0509     0.498     10.2%
A18F  Z        0.2%    0.0015     0.795      0.2%
  -> A18F total                8.8% del residuo  (peso obs 10.6%)
------------------------------------------------------------------------------
A06F  R        0.0%    0.0002     0.588      0.0%
A06F  T        5.5%    0.0338     0.381      8.9%
A06F  Z        0.2%    0.0013     0.950      0.1%
  -> A06F total                5.7% del residuo  (peso obs 9.1%)
------------------------------------------------------------------------------
PB19  R        0.3%    0.0021     0.530      0.4%
PB19  T        4.1%    0.0256     0.716      3.6%
PB19  Z        0.9%    0.0054     0.498      1.1%
  -> PB19 total                5.3% del residuo  (peso obs 5.1%)
------------------------------------------------------------------------------
A23F  R        0.4%    0.0026     0.789      0.3%
A23F  T        1.1%    0.0066     0.340      1.9%
A23F  Z        0.4%    0.0025     0.827      0.3%
  -> A23F total                1.9% del residuo  (peso obs 2.6%)
------------------------------------------------------------------------------
A09F  R        0.2%    0.0015     4.920      0.0%
A09F  T        0.2%    0.0012     1.219      0.1%
A09F  Z        0.3%    0.0016     3.030      0.1%
  -> A09F total                0.7% del residuo  (peso obs 0.2%)
------------------------------------------------------------------------------
Por componente:
  R:  39.3% del residuo   (peso obs 21.0%)
  T:  51.1% del residuo   (peso obs 66.8%)
  Z:   9.6% del residuo   (peso obs 12.2%)
│  [32m✓[0m desglose      → /home/alex/KDEllipsPy/inversions/2020-06-03/output/misfit_breakdown.txt

┌─[17:56:19 | 2109.7s] Generando PDF con todos los plots (plot_yolo)
🎲 plot_yolo dashboard: 6 paneles → /home/alex/KDEllipsPy/inversions/2020-06-03/output/all_plots.pdf
│  [32m✓[0m PDF           → /home/alex/KDEllipsPy/inversions/2020-06-03/output/all_plots.pdf

╔══════════════════════════════════════════════════════════════════════╗
║ Inversion completada                                                 ║
║ tiempo total 2226.3s  ·  salida en /home/alex/KDEllipsPy/inversions/2020-06-03/output ║
╚══════════════════════════════════════════════════════════════════════╝
