
╔══════════════════════════════════════════════════════════════════════╗
║ KDEllipsPy · Inversion cinematica (NA)                               ║
║ Evento Calama  ·  2026-05-25                                         ║
╚══════════════════════════════════════════════════════════════════════╝

┌─[17:12:36 |    0.0s] Cargando KDEllipsPy
│  [32m✓[0m kdellipspy importado (numpy 2.4.6)

┌─[17:12:36 |    0.4s] Validando rutas
│  [32m✓[0m input.ctl : /home/alex/KDEllipsPy/inversions/2020-06-03/input.ctl
│  [32m✓[0m DATA      : /home/alex/KDEllipsPy/inversions/2020-06-03/DATA
│  [32m✓[0m output    : /home/alex/KDEllipsPy/inversions/2020-06-03/output

┌─[17:12:36 |    0.4s] Leyendo configuracion
│  Evento      : -23.247, -68.530, 123.4 km
│  Mecanismo   : strike 333 / dip 60 / rake -91  (doble cupla)
│  Banda       : 0.06–0.15 Hz   |  filtro causal
│  Ventana     : t1=0s  t2=128s  npts=256  dt=0.5s  (units=disp)
│  Estaciones  : 9  [A22F, A08F, A09F, PB19, A05F, PB06, A06F, A18F, A23F]
│  Mod. veloc. : 16 capas
│  Algoritmo   : Neighbourhood Algorithm  |  n_jobs=1
│  [32m✓[0m Configuracion leida

┌─[17:12:36 |    0.4s] Cargando datos observados
│  [32m✓[0m observed shape = (9, 3, 256)  (estaciones, comp, npts)
│  [32m✓[0m eje de tiempo  = 0 … 127.5 s (256 pts)

┌─[17:12:36 |    0.4s] Calculando tiempos P/S por estacion (azi_times)
│  [32m✓[0m azi_times_array shape = (9, 3)  (modelo iasp91)

┌─[17:12:36 |    0.5s] Construyendo modelo de inversion
│  [32m✓[0m NAInversionModel listo  (cache de Green ACTIVADO)
│  checkpoint en vivo → /home/alex/KDEllipsPy/inversions/2020-06-03/output/best_model_live.txt
│  NA: 50 iter · SS1=500 · SS=50 · resample=10 → ~3000 modelos directos

┌─[17:12:36 |    0.5s] Corriendo busqueda NA  (esto puede tardar)
[NA] Starting search: ni=500, ns=50, n=50, nr=10 -> expected evaluations=3000 (n_jobs=1)
NAI - Initial Random Search
[NA] iter=00000 eval=00001 misfit=3.018691e+00 best=3.018691e+00
[NA] iter=00000 eval=00002 misfit=4.215982e+00 best=3.018691e+00
[NA] iter=00000 eval=00003 misfit=1.248741e+00 best=1.248741e+00
[NA] iter=00000 eval=00004 misfit=8.992000e+00 best=1.248741e+00
[NA] iter=00000 eval=00005 misfit=2.984194e+00 best=1.248741e+00
[NA] iter=00000 eval=00006 misfit=5.190334e+00 best=1.248741e+00
[NA] iter=00000 eval=00007 misfit=9.463980e-01 best=9.463980e-01
[NA] iter=00000 eval=00008 misfit=9.671015e-01 best=9.463980e-01
[NA] iter=00000 eval=00009 misfit=9.110898e+00 best=9.463980e-01
[NA] iter=00000 eval=00010 misfit=1.673014e+01 best=9.463980e-01
[NA] iter=00000 eval=00011 misfit=1.038050e+01 best=9.463980e-01
[NA] iter=00000 eval=00012 misfit=3.111446e+01 best=9.463980e-01
[NA] iter=00000 eval=00013 misfit=1.001294e+00 best=9.463980e-01
[NA] iter=00000 eval=00014 misfit=7.620860e+00 best=9.463980e-01
[NA] iter=00000 eval=00015 misfit=1.035602e+00 best=9.463980e-01
[NA] iter=00000 eval=00016 misfit=1.842226e+01 best=9.463980e-01
[NA] iter=00000 eval=00017 misfit=8.242237e-01 best=8.242237e-01
[NA] iter=00000 eval=00018 misfit=1.066477e+01 best=8.242237e-01
[NA] iter=00000 eval=00019 misfit=1.977489e+00 best=8.242237e-01
[NA] iter=00000 eval=00020 misfit=1.063339e+00 best=8.242237e-01
[NA] iter=00000 eval=00021 misfit=1.978889e+00 best=8.242237e-01
[NA] iter=00000 eval=00022 misfit=3.257695e+00 best=8.242237e-01
[NA] iter=00000 eval=00023 misfit=3.174691e+00 best=8.242237e-01
[NA] iter=00000 eval=00024 misfit=1.169679e+00 best=8.242237e-01
[NA] iter=00000 eval=00025 misfit=1.135198e+01 best=8.242237e-01
[NA] iter=00000 eval=00026 misfit=9.788651e+00 best=8.242237e-01
[NA] iter=00000 eval=00027 misfit=1.759420e+00 best=8.242237e-01
[NA] iter=00000 eval=00028 misfit=8.584666e-01 best=8.242237e-01
[NA] iter=00000 eval=00029 misfit=3.176572e+01 best=8.242237e-01
[NA] iter=00000 eval=00030 misfit=1.396023e+00 best=8.242237e-01
[NA] iter=00000 eval=00031 misfit=9.450366e-01 best=8.242237e-01
[NA] iter=00000 eval=00032 misfit=3.798861e+00 best=8.242237e-01
[NA] iter=00000 eval=00033 misfit=2.464588e+00 best=8.242237e-01
[NA] iter=00000 eval=00034 misfit=1.432179e+00 best=8.242237e-01
[NA] iter=00000 eval=00035 misfit=1.570768e+00 best=8.242237e-01
[NA] iter=00000 eval=00036 misfit=3.031982e+00 best=8.242237e-01
[NA] iter=00000 eval=00037 misfit=4.081721e+00 best=8.242237e-01
[NA] iter=00000 eval=00038 misfit=1.937754e+01 best=8.242237e-01
[NA] iter=00000 eval=00039 misfit=5.590410e+00 best=8.242237e-01
[NA] iter=00000 eval=00040 misfit=1.060726e+00 best=8.242237e-01
[NA] iter=00000 eval=00041 misfit=1.639345e+01 best=8.242237e-01
[NA] iter=00000 eval=00042 misfit=3.796364e+00 best=8.242237e-01
[NA] iter=00000 eval=00043 misfit=4.494501e+00 best=8.242237e-01
[NA] iter=00000 eval=00044 misfit=1.528404e+01 best=8.242237e-01
[NA] iter=00000 eval=00045 misfit=1.506523e+00 best=8.242237e-01
[NA] iter=00000 eval=00046 misfit=2.088466e+00 best=8.242237e-01
[NA] iter=00000 eval=00047 misfit=7.250397e+00 best=8.242237e-01
[NA] iter=00000 eval=00048 misfit=9.001187e+00 best=8.242237e-01
[NA] iter=00000 eval=00049 misfit=1.117150e+00 best=8.242237e-01
[NA] iter=00000 eval=00050 misfit=3.062137e+00 best=8.242237e-01
[NA] iter=00000 eval=00051 misfit=9.481690e-01 best=8.242237e-01
[NA] iter=00000 eval=00052 misfit=2.068233e+00 best=8.242237e-01
[NA] iter=00000 eval=00053 misfit=4.699041e+00 best=8.242237e-01
[NA] iter=00000 eval=00054 misfit=1.293029e+01 best=8.242237e-01
[NA] iter=00000 eval=00055 misfit=2.719819e+00 best=8.242237e-01
[NA] iter=00000 eval=00056 misfit=3.879602e+00 best=8.242237e-01
[NA] iter=00000 eval=00057 misfit=1.652407e+00 best=8.242237e-01
[NA] iter=00000 eval=00058 misfit=9.387715e-01 best=8.242237e-01
[NA] iter=00000 eval=00059 misfit=2.161480e+00 best=8.242237e-01
[NA] iter=00000 eval=00060 misfit=2.367873e+00 best=8.242237e-01
[NA] iter=00000 eval=00061 misfit=2.046583e+00 best=8.242237e-01
[NA] iter=00000 eval=00062 misfit=1.055867e+00 best=8.242237e-01
[NA] iter=00000 eval=00063 misfit=2.606134e+01 best=8.242237e-01
[NA] iter=00000 eval=00064 misfit=4.922496e+00 best=8.242237e-01
[NA] iter=00000 eval=00065 misfit=7.795757e+00 best=8.242237e-01
[NA] iter=00000 eval=00066 misfit=6.279727e+00 best=8.242237e-01
[NA] iter=00000 eval=00067 misfit=1.345386e+00 best=8.242237e-01
[NA] iter=00000 eval=00068 misfit=2.808833e+00 best=8.242237e-01
[NA] iter=00000 eval=00069 misfit=9.368871e-01 best=8.242237e-01
[NA] iter=00000 eval=00070 misfit=2.796294e+00 best=8.242237e-01
[NA] iter=00000 eval=00071 misfit=7.903062e-01 best=7.903062e-01
[NA] iter=00000 eval=00072 misfit=4.204624e+00 best=7.903062e-01
[NA] iter=00000 eval=00073 misfit=9.922343e-01 best=7.903062e-01
[NA] iter=00000 eval=00074 misfit=3.974924e+00 best=7.903062e-01
[NA] iter=00000 eval=00075 misfit=1.008044e+01 best=7.903062e-01
[NA] iter=00000 eval=00076 misfit=1.352741e+00 best=7.903062e-01
[NA] iter=00000 eval=00077 misfit=1.263634e+01 best=7.903062e-01
[NA] iter=00000 eval=00078 misfit=9.885613e-01 best=7.903062e-01
[NA] iter=00000 eval=00079 misfit=2.548365e+00 best=7.903062e-01
[NA] iter=00000 eval=00080 misfit=1.821136e+01 best=7.903062e-01
[NA] iter=00000 eval=00081 misfit=4.186981e+00 best=7.903062e-01
[NA] iter=00000 eval=00082 misfit=9.006584e-01 best=7.903062e-01
[NA] iter=00000 eval=00083 misfit=1.394578e+00 best=7.903062e-01
[NA] iter=00000 eval=00084 misfit=6.398099e+00 best=7.903062e-01
[NA] iter=00000 eval=00085 misfit=2.767989e+00 best=7.903062e-01
[NA] iter=00000 eval=00086 misfit=2.821916e+00 best=7.903062e-01
[NA] iter=00000 eval=00087 misfit=8.843699e-01 best=7.903062e-01
[NA] iter=00000 eval=00088 misfit=1.974597e+01 best=7.903062e-01
[NA] iter=00000 eval=00089 misfit=8.528082e+00 best=7.903062e-01
[NA] iter=00000 eval=00090 misfit=9.852816e-01 best=7.903062e-01
[NA] iter=00000 eval=00091 misfit=9.459664e-01 best=7.903062e-01
[NA] iter=00000 eval=00092 misfit=7.168924e+00 best=7.903062e-01
[NA] iter=00000 eval=00093 misfit=7.864721e+00 best=7.903062e-01
[NA] iter=00000 eval=00094 misfit=1.190566e+00 best=7.903062e-01
[NA] iter=00000 eval=00095 misfit=4.231284e+00 best=7.903062e-01
[NA] iter=00000 eval=00096 misfit=1.207102e+00 best=7.903062e-01
[NA] iter=00000 eval=00097 misfit=2.188548e+01 best=7.903062e-01
[NA] iter=00000 eval=00098 misfit=9.706856e-01 best=7.903062e-01
[NA] iter=00000 eval=00099 misfit=1.193007e+01 best=7.903062e-01
[NA] iter=00000 eval=00100 misfit=4.108411e+00 best=7.903062e-01
[NA] iter=00000 eval=00101 misfit=1.982068e+00 best=7.903062e-01
[NA] iter=00000 eval=00102 misfit=1.723598e+00 best=7.903062e-01
[NA] iter=00000 eval=00103 misfit=1.063558e+00 best=7.903062e-01
[NA] iter=00000 eval=00104 misfit=5.096844e+00 best=7.903062e-01
[NA] iter=00000 eval=00105 misfit=9.502192e-01 best=7.903062e-01
[NA] iter=00000 eval=00106 misfit=3.342836e+00 best=7.903062e-01
[NA] iter=00000 eval=00107 misfit=1.787976e+00 best=7.903062e-01
[NA] iter=00000 eval=00108 misfit=1.667050e+00 best=7.903062e-01
[NA] iter=00000 eval=00109 misfit=2.683565e+01 best=7.903062e-01
[NA] iter=00000 eval=00110 misfit=2.924298e+01 best=7.903062e-01
[NA] iter=00000 eval=00111 misfit=1.768604e+00 best=7.903062e-01
[NA] iter=00000 eval=00112 misfit=8.846037e-01 best=7.903062e-01
[NA] iter=00000 eval=00113 misfit=8.232262e+00 best=7.903062e-01
[NA] iter=00000 eval=00114 misfit=1.070765e+01 best=7.903062e-01
[NA] iter=00000 eval=00115 misfit=6.775090e+00 best=7.903062e-01
[NA] iter=00000 eval=00116 misfit=1.008521e+00 best=7.903062e-01
[NA] iter=00000 eval=00117 misfit=7.370618e+00 best=7.903062e-01
[NA] iter=00000 eval=00118 misfit=1.373057e+00 best=7.903062e-01
[NA] iter=00000 eval=00119 misfit=1.773092e+00 best=7.903062e-01
[NA] iter=00000 eval=00120 misfit=9.796338e-01 best=7.903062e-01
[NA] iter=00000 eval=00121 misfit=4.607570e+01 best=7.903062e-01
[NA] iter=00000 eval=00122 misfit=3.889231e+00 best=7.903062e-01
[NA] iter=00000 eval=00123 misfit=1.794522e+00 best=7.903062e-01
[NA] iter=00000 eval=00124 misfit=5.375936e+00 best=7.903062e-01
[NA] iter=00000 eval=00125 misfit=1.668687e+01 best=7.903062e-01
[NA] iter=00000 eval=00126 misfit=1.136786e+01 best=7.903062e-01
[NA] iter=00000 eval=00127 misfit=1.110625e+00 best=7.903062e-01
[NA] iter=00000 eval=00128 misfit=1.143156e+00 best=7.903062e-01
[NA] iter=00000 eval=00129 misfit=7.771689e+00 best=7.903062e-01
[NA] iter=00000 eval=00130 misfit=4.281864e+00 best=7.903062e-01
[NA] iter=00000 eval=00131 misfit=1.092564e+01 best=7.903062e-01
[NA] iter=00000 eval=00132 misfit=8.360942e-01 best=7.903062e-01
[NA] iter=00000 eval=00133 misfit=2.050258e+01 best=7.903062e-01
[NA] iter=00000 eval=00134 misfit=7.023411e-01 best=7.023411e-01
[NA] iter=00000 eval=00135 misfit=7.941862e-01 best=7.023411e-01
[NA] iter=00000 eval=00136 misfit=1.254497e+00 best=7.023411e-01
[NA] iter=00000 eval=00137 misfit=9.984463e-01 best=7.023411e-01
[NA] iter=00000 eval=00138 misfit=7.750048e+00 best=7.023411e-01
[NA] iter=00000 eval=00139 misfit=7.555259e+00 best=7.023411e-01
[NA] iter=00000 eval=00140 misfit=1.164870e+00 best=7.023411e-01
[NA] iter=00000 eval=00141 misfit=2.726089e+01 best=7.023411e-01
[NA] iter=00000 eval=00142 misfit=1.415037e+01 best=7.023411e-01
[NA] iter=00000 eval=00143 misfit=8.753311e-01 best=7.023411e-01
[NA] iter=00000 eval=00144 misfit=5.522568e+00 best=7.023411e-01
[NA] iter=00000 eval=00145 misfit=4.929868e+00 best=7.023411e-01
[NA] iter=00000 eval=00146 misfit=4.796688e+00 best=7.023411e-01
[NA] iter=00000 eval=00147 misfit=5.016225e+00 best=7.023411e-01
[NA] iter=00000 eval=00148 misfit=6.845528e+00 best=7.023411e-01
[NA] iter=00000 eval=00149 misfit=1.207711e+00 best=7.023411e-01
[NA] iter=00000 eval=00150 misfit=8.319954e-01 best=7.023411e-01
[NA] iter=00000 eval=00151 misfit=2.270712e+00 best=7.023411e-01
[NA] iter=00000 eval=00152 misfit=2.163961e+00 best=7.023411e-01
[NA] iter=00000 eval=00153 misfit=1.906879e+00 best=7.023411e-01
[NA] iter=00000 eval=00154 misfit=5.054974e+00 best=7.023411e-01
[NA] iter=00000 eval=00155 misfit=1.008701e+01 best=7.023411e-01
[NA] iter=00000 eval=00156 misfit=8.566783e-01 best=7.023411e-01
[NA] iter=00000 eval=00157 misfit=1.434992e+01 best=7.023411e-01
[NA] iter=00000 eval=00158 misfit=1.070597e+00 best=7.023411e-01
[NA] iter=00000 eval=00159 misfit=1.716871e+00 best=7.023411e-01
[NA] iter=00000 eval=00160 misfit=1.814168e+01 best=7.023411e-01
[NA] iter=00000 eval=00161 misfit=1.971132e+01 best=7.023411e-01
[NA] iter=00000 eval=00162 misfit=1.038141e+01 best=7.023411e-01
[NA] iter=00000 eval=00163 misfit=2.433504e+00 best=7.023411e-01
[NA] iter=00000 eval=00164 misfit=1.570991e+01 best=7.023411e-01
[NA] iter=00000 eval=00165 misfit=1.694915e+00 best=7.023411e-01
[NA] iter=00000 eval=00166 misfit=4.173078e+00 best=7.023411e-01
[NA] iter=00000 eval=00167 misfit=2.199946e+01 best=7.023411e-01
[NA] iter=00000 eval=00168 misfit=3.170066e+00 best=7.023411e-01
[NA] iter=00000 eval=00169 misfit=8.078194e-01 best=7.023411e-01
[NA] iter=00000 eval=00170 misfit=8.842458e-01 best=7.023411e-01
[NA] iter=00000 eval=00171 misfit=1.184809e+01 best=7.023411e-01
[NA] iter=00000 eval=00172 misfit=2.858195e+00 best=7.023411e-01
[NA] iter=00000 eval=00173 misfit=8.820679e+00 best=7.023411e-01
[NA] iter=00000 eval=00174 misfit=1.853357e+01 best=7.023411e-01
[NA] iter=00000 eval=00175 misfit=4.740229e+00 best=7.023411e-01
[NA] iter=00000 eval=00176 misfit=1.196345e+01 best=7.023411e-01
[NA] iter=00000 eval=00177 misfit=1.050778e+00 best=7.023411e-01
[NA] iter=00000 eval=00178 misfit=1.046198e+01 best=7.023411e-01
[NA] iter=00000 eval=00179 misfit=1.795427e+01 best=7.023411e-01
[NA] iter=00000 eval=00180 misfit=4.204815e+00 best=7.023411e-01
[NA] iter=00000 eval=00181 misfit=2.305732e+00 best=7.023411e-01
[NA] iter=00000 eval=00182 misfit=6.260816e+00 best=7.023411e-01
[NA] iter=00000 eval=00183 misfit=6.235329e+00 best=7.023411e-01
[NA] iter=00000 eval=00184 misfit=9.544881e-01 best=7.023411e-01
[NA] iter=00000 eval=00185 misfit=1.129158e+01 best=7.023411e-01
[NA] iter=00000 eval=00186 misfit=9.658255e+00 best=7.023411e-01
[NA] iter=00000 eval=00187 misfit=1.939053e+00 best=7.023411e-01
[NA] iter=00000 eval=00188 misfit=3.448741e+00 best=7.023411e-01
[NA] iter=00000 eval=00189 misfit=8.527930e-01 best=7.023411e-01
[NA] iter=00000 eval=00190 misfit=9.028912e+00 best=7.023411e-01
[NA] iter=00000 eval=00191 misfit=2.184767e+00 best=7.023411e-01
[NA] iter=00000 eval=00192 misfit=5.750254e+00 best=7.023411e-01
[NA] iter=00000 eval=00193 misfit=2.210466e+01 best=7.023411e-01
[NA] iter=00000 eval=00194 misfit=4.099615e+00 best=7.023411e-01
[NA] iter=00000 eval=00195 misfit=1.146401e+00 best=7.023411e-01
[NA] iter=00000 eval=00196 misfit=4.951214e+01 best=7.023411e-01
[NA] iter=00000 eval=00197 misfit=2.140772e+00 best=7.023411e-01
[NA] iter=00000 eval=00198 misfit=8.097287e+00 best=7.023411e-01
[NA] iter=00000 eval=00199 misfit=5.225212e+00 best=7.023411e-01
[NA] iter=00000 eval=00200 misfit=1.576857e+01 best=7.023411e-01
[NA] iter=00000 eval=00201 misfit=1.654731e+00 best=7.023411e-01
[NA] iter=00000 eval=00202 misfit=1.230391e+00 best=7.023411e-01
[NA] iter=00000 eval=00203 misfit=9.828754e-01 best=7.023411e-01
[NA] iter=00000 eval=00204 misfit=3.457389e+00 best=7.023411e-01
[NA] iter=00000 eval=00205 misfit=3.224430e+01 best=7.023411e-01
[NA] iter=00000 eval=00206 misfit=3.221670e+01 best=7.023411e-01
[NA] iter=00000 eval=00207 misfit=1.977792e+00 best=7.023411e-01
[NA] iter=00000 eval=00208 misfit=6.888497e+00 best=7.023411e-01
[NA] iter=00000 eval=00209 misfit=2.465225e+01 best=7.023411e-01
[NA] iter=00000 eval=00210 misfit=5.258555e+00 best=7.023411e-01
[NA] iter=00000 eval=00211 misfit=7.253100e+00 best=7.023411e-01
[NA] iter=00000 eval=00212 misfit=4.774901e+00 best=7.023411e-01
[NA] iter=00000 eval=00213 misfit=1.445358e+00 best=7.023411e-01
[NA] iter=00000 eval=00214 misfit=1.419768e+01 best=7.023411e-01
[NA] iter=00000 eval=00215 misfit=1.029051e+00 best=7.023411e-01
[NA] iter=00000 eval=00216 misfit=3.094682e+01 best=7.023411e-01
[NA] iter=00000 eval=00217 misfit=3.157351e+00 best=7.023411e-01
[NA] iter=00000 eval=00218 misfit=2.167800e+00 best=7.023411e-01
[NA] iter=00000 eval=00219 misfit=9.868120e-01 best=7.023411e-01
[NA] iter=00000 eval=00220 misfit=9.071088e-01 best=7.023411e-01
[NA] iter=00000 eval=00221 misfit=1.267906e+01 best=7.023411e-01
[NA] iter=00000 eval=00222 misfit=2.345137e+00 best=7.023411e-01
[NA] iter=00000 eval=00223 misfit=2.642562e+00 best=7.023411e-01
[NA] iter=00000 eval=00224 misfit=2.747964e+01 best=7.023411e-01
[NA] iter=00000 eval=00225 misfit=8.386744e-01 best=7.023411e-01
[NA] iter=00000 eval=00226 misfit=9.942343e-01 best=7.023411e-01
[NA] iter=00000 eval=00227 misfit=3.058322e+01 best=7.023411e-01
[NA] iter=00000 eval=00228 misfit=7.196927e+00 best=7.023411e-01
[NA] iter=00000 eval=00229 misfit=2.351630e+00 best=7.023411e-01
[NA] iter=00000 eval=00230 misfit=1.267537e+01 best=7.023411e-01
[NA] iter=00000 eval=00231 misfit=8.991532e-01 best=7.023411e-01
[NA] iter=00000 eval=00232 misfit=8.861490e-01 best=7.023411e-01
[NA] iter=00000 eval=00233 misfit=1.784668e+01 best=7.023411e-01
[NA] iter=00000 eval=00234 misfit=7.636195e-01 best=7.023411e-01
[NA] iter=00000 eval=00235 misfit=9.189974e+00 best=7.023411e-01
[NA] iter=00000 eval=00236 misfit=5.219733e+00 best=7.023411e-01
[NA] iter=00000 eval=00237 misfit=1.515583e+00 best=7.023411e-01
[NA] iter=00000 eval=00238 misfit=3.763034e+00 best=7.023411e-01
[NA] iter=00000 eval=00239 misfit=8.159771e-01 best=7.023411e-01
[NA] iter=00000 eval=00240 misfit=2.355665e+01 best=7.023411e-01
[NA] iter=00000 eval=00241 misfit=3.757132e+00 best=7.023411e-01
[NA] iter=00000 eval=00242 misfit=2.129621e+00 best=7.023411e-01
[NA] iter=00000 eval=00243 misfit=8.546585e+00 best=7.023411e-01
[NA] iter=00000 eval=00244 misfit=8.643013e-01 best=7.023411e-01
[NA] iter=00000 eval=00245 misfit=4.536542e+01 best=7.023411e-01
[NA] iter=00000 eval=00246 misfit=8.571834e-01 best=7.023411e-01
[NA] iter=00000 eval=00247 misfit=1.980255e+00 best=7.023411e-01
[NA] iter=00000 eval=00248 misfit=1.898807e+01 best=7.023411e-01
[NA] iter=00000 eval=00249 misfit=3.549231e+00 best=7.023411e-01
[NA] iter=00000 eval=00250 misfit=1.120319e+00 best=7.023411e-01
[NA] iter=00000 eval=00251 misfit=3.459267e+00 best=7.023411e-01
[NA] iter=00000 eval=00252 misfit=1.341416e+01 best=7.023411e-01
[NA] iter=00000 eval=00253 misfit=9.662342e-01 best=7.023411e-01
[NA] iter=00000 eval=00254 misfit=1.053504e+01 best=7.023411e-01
[NA] iter=00000 eval=00255 misfit=2.207813e+00 best=7.023411e-01
[NA] iter=00000 eval=00256 misfit=1.209365e+00 best=7.023411e-01
[NA] iter=00000 eval=00257 misfit=2.551509e+00 best=7.023411e-01
[NA] iter=00000 eval=00258 misfit=7.421064e-01 best=7.023411e-01
[NA] iter=00000 eval=00259 misfit=2.850363e+01 best=7.023411e-01
[NA] iter=00000 eval=00260 misfit=7.304122e+00 best=7.023411e-01
[NA] iter=00000 eval=00261 misfit=3.132209e+00 best=7.023411e-01
[NA] iter=00000 eval=00262 misfit=6.203523e+00 best=7.023411e-01
[NA] iter=00000 eval=00263 misfit=3.514529e+00 best=7.023411e-01
[NA] iter=00000 eval=00264 misfit=1.052228e+00 best=7.023411e-01
[NA] iter=00000 eval=00265 misfit=8.571383e+00 best=7.023411e-01
[NA] iter=00000 eval=00266 misfit=1.091683e+01 best=7.023411e-01
[NA] iter=00000 eval=00267 misfit=9.167590e-01 best=7.023411e-01
[NA] iter=00000 eval=00268 misfit=5.353309e+01 best=7.023411e-01
[NA] iter=00000 eval=00269 misfit=1.153546e+00 best=7.023411e-01
[NA] iter=00000 eval=00270 misfit=2.573045e+00 best=7.023411e-01
[NA] iter=00000 eval=00271 misfit=8.439649e+00 best=7.023411e-01
[NA] iter=00000 eval=00272 misfit=4.194764e+00 best=7.023411e-01
[NA] iter=00000 eval=00273 misfit=1.449921e+00 best=7.023411e-01
[NA] iter=00000 eval=00274 misfit=2.274332e+00 best=7.023411e-01
[NA] iter=00000 eval=00275 misfit=3.765015e+00 best=7.023411e-01
[NA] iter=00000 eval=00276 misfit=7.177696e+00 best=7.023411e-01
[NA] iter=00000 eval=00277 misfit=9.867328e-01 best=7.023411e-01
[NA] iter=00000 eval=00278 misfit=2.875772e+00 best=7.023411e-01
[NA] iter=00000 eval=00279 misfit=1.329111e+01 best=7.023411e-01
[NA] iter=00000 eval=00280 misfit=7.957831e-01 best=7.023411e-01
[NA] iter=00000 eval=00281 misfit=1.029549e+00 best=7.023411e-01
[NA] iter=00000 eval=00282 misfit=8.685023e-01 best=7.023411e-01
[NA] iter=00000 eval=00283 misfit=2.387564e+01 best=7.023411e-01
[NA] iter=00000 eval=00284 misfit=5.405828e+01 best=7.023411e-01
[NA] iter=00000 eval=00285 misfit=5.374325e+00 best=7.023411e-01
[NA] iter=00000 eval=00286 misfit=1.040713e+00 best=7.023411e-01
[NA] iter=00000 eval=00287 misfit=2.601047e+00 best=7.023411e-01
[NA] iter=00000 eval=00288 misfit=4.173184e+00 best=7.023411e-01
[NA] iter=00000 eval=00289 misfit=1.664431e+01 best=7.023411e-01
[NA] iter=00000 eval=00290 misfit=1.201160e+01 best=7.023411e-01
[NA] iter=00000 eval=00291 misfit=9.404679e+00 best=7.023411e-01
[NA] iter=00000 eval=00292 misfit=1.124614e+00 best=7.023411e-01
[NA] iter=00000 eval=00293 misfit=5.934136e+00 best=7.023411e-01
[NA] iter=00000 eval=00294 misfit=4.564907e+00 best=7.023411e-01
[NA] iter=00000 eval=00295 misfit=9.966612e-01 best=7.023411e-01
[NA] iter=00000 eval=00296 misfit=3.075123e+00 best=7.023411e-01
[NA] iter=00000 eval=00297 misfit=2.139663e+00 best=7.023411e-01
[NA] iter=00000 eval=00298 misfit=2.354414e+01 best=7.023411e-01
[NA] iter=00000 eval=00299 misfit=2.684438e+01 best=7.023411e-01
[NA] iter=00000 eval=00300 misfit=2.772239e+00 best=7.023411e-01
[NA] iter=00000 eval=00301 misfit=2.431793e+00 best=7.023411e-01
[NA] iter=00000 eval=00302 misfit=2.249846e+00 best=7.023411e-01
[NA] iter=00000 eval=00303 misfit=2.175809e+00 best=7.023411e-01
[NA] iter=00000 eval=00304 misfit=2.274045e+00 best=7.023411e-01
[NA] iter=00000 eval=00305 misfit=1.467985e+00 best=7.023411e-01
[NA] iter=00000 eval=00306 misfit=2.886303e+01 best=7.023411e-01
[NA] iter=00000 eval=00307 misfit=3.888454e+01 best=7.023411e-01
[NA] iter=00000 eval=00308 misfit=3.749784e+00 best=7.023411e-01
[NA] iter=00000 eval=00309 misfit=9.787267e-01 best=7.023411e-01
[NA] iter=00000 eval=00310 misfit=5.494500e+00 best=7.023411e-01
[NA] iter=00000 eval=00311 misfit=1.237386e+01 best=7.023411e-01
[NA] iter=00000 eval=00312 misfit=3.556316e+01 best=7.023411e-01
[NA] iter=00000 eval=00313 misfit=1.047192e+00 best=7.023411e-01
[NA] iter=00000 eval=00314 misfit=6.882326e+00 best=7.023411e-01
[NA] iter=00000 eval=00315 misfit=3.572832e+01 best=7.023411e-01
[NA] iter=00000 eval=00316 misfit=1.297815e+00 best=7.023411e-01
[NA] iter=00000 eval=00317 misfit=9.958465e-01 best=7.023411e-01
[NA] iter=00000 eval=00318 misfit=6.688296e+00 best=7.023411e-01
[NA] iter=00000 eval=00319 misfit=3.214007e+00 best=7.023411e-01
[NA] iter=00000 eval=00320 misfit=1.716152e+01 best=7.023411e-01
[NA] iter=00000 eval=00321 misfit=9.946948e+01 best=7.023411e-01
[NA] iter=00000 eval=00322 misfit=7.700510e+00 best=7.023411e-01
[NA] iter=00000 eval=00323 misfit=6.933152e+00 best=7.023411e-01
[NA] iter=00000 eval=00324 misfit=1.118144e+01 best=7.023411e-01
[NA] iter=00000 eval=00325 misfit=2.189200e+01 best=7.023411e-01
[NA] iter=00000 eval=00326 misfit=2.017878e+00 best=7.023411e-01
[NA] iter=00000 eval=00327 misfit=1.365965e+01 best=7.023411e-01
[NA] iter=00000 eval=00328 misfit=2.301936e+00 best=7.023411e-01
[NA] iter=00000 eval=00329 misfit=2.709771e+00 best=7.023411e-01
[NA] iter=00000 eval=00330 misfit=9.096825e+00 best=7.023411e-01
[NA] iter=00000 eval=00331 misfit=1.192041e+01 best=7.023411e-01
[NA] iter=00000 eval=00332 misfit=5.046167e+00 best=7.023411e-01
[NA] iter=00000 eval=00333 misfit=4.219733e+00 best=7.023411e-01
[NA] iter=00000 eval=00334 misfit=4.146032e+01 best=7.023411e-01
[NA] iter=00000 eval=00335 misfit=4.702162e+00 best=7.023411e-01
[NA] iter=00000 eval=00336 misfit=5.349111e+00 best=7.023411e-01
[NA] iter=00000 eval=00337 misfit=1.767541e+00 best=7.023411e-01
[NA] iter=00000 eval=00338 misfit=3.417671e+00 best=7.023411e-01
[NA] iter=00000 eval=00339 misfit=1.397257e+00 best=7.023411e-01
[NA] iter=00000 eval=00340 misfit=2.140274e+00 best=7.023411e-01
[NA] iter=00000 eval=00341 misfit=2.479073e+00 best=7.023411e-01
[NA] iter=00000 eval=00342 misfit=1.506877e+00 best=7.023411e-01
[NA] iter=00000 eval=00343 misfit=3.267857e+00 best=7.023411e-01
[NA] iter=00000 eval=00344 misfit=5.514228e+00 best=7.023411e-01
[NA] iter=00000 eval=00345 misfit=9.982683e-01 best=7.023411e-01
[NA] iter=00000 eval=00346 misfit=1.184351e+00 best=7.023411e-01
[NA] iter=00000 eval=00347 misfit=2.503920e+01 best=7.023411e-01
[NA] iter=00000 eval=00348 misfit=9.194246e-01 best=7.023411e-01
[NA] iter=00000 eval=00349 misfit=1.357680e+01 best=7.023411e-01
[NA] iter=00000 eval=00350 misfit=2.714075e+00 best=7.023411e-01
[NA] iter=00000 eval=00351 misfit=1.328703e+00 best=7.023411e-01
[NA] iter=00000 eval=00352 misfit=3.078417e+00 best=7.023411e-01
[NA] iter=00000 eval=00353 misfit=8.576932e-01 best=7.023411e-01
[NA] iter=00000 eval=00354 misfit=1.113995e+01 best=7.023411e-01
[NA] iter=00000 eval=00355 misfit=1.304417e+00 best=7.023411e-01
[NA] iter=00000 eval=00356 misfit=8.392916e-01 best=7.023411e-01
[NA] iter=00000 eval=00357 misfit=3.521398e+00 best=7.023411e-01
[NA] iter=00000 eval=00358 misfit=8.388056e+00 best=7.023411e-01
[NA] iter=00000 eval=00359 misfit=5.895580e+00 best=7.023411e-01
[NA] iter=00000 eval=00360 misfit=1.143179e+01 best=7.023411e-01
[NA] iter=00000 eval=00361 misfit=5.271715e+00 best=7.023411e-01
[NA] iter=00000 eval=00362 misfit=2.728803e+00 best=7.023411e-01
[NA] iter=00000 eval=00363 misfit=1.764968e+00 best=7.023411e-01
[NA] iter=00000 eval=00364 misfit=2.458845e+00 best=7.023411e-01
[NA] iter=00000 eval=00365 misfit=1.950330e+01 best=7.023411e-01
[NA] iter=00000 eval=00366 misfit=5.740685e+00 best=7.023411e-01
[NA] iter=00000 eval=00367 misfit=3.277092e+00 best=7.023411e-01
[NA] iter=00000 eval=00368 misfit=1.736592e+00 best=7.023411e-01
[NA] iter=00000 eval=00369 misfit=7.884292e-01 best=7.023411e-01
[NA] iter=00000 eval=00370 misfit=1.600511e+01 best=7.023411e-01
[NA] iter=00000 eval=00371 misfit=1.943793e+00 best=7.023411e-01
[NA] iter=00000 eval=00372 misfit=5.656902e+00 best=7.023411e-01
[NA] iter=00000 eval=00373 misfit=9.485452e+00 best=7.023411e-01
[NA] iter=00000 eval=00374 misfit=1.029750e+00 best=7.023411e-01
[NA] iter=00000 eval=00375 misfit=2.056150e+01 best=7.023411e-01
[NA] iter=00000 eval=00376 misfit=4.574724e+00 best=7.023411e-01
[NA] iter=00000 eval=00377 misfit=7.817505e+00 best=7.023411e-01
[NA] iter=00000 eval=00378 misfit=2.349957e+00 best=7.023411e-01
[NA] iter=00000 eval=00379 misfit=5.606547e+00 best=7.023411e-01
[NA] iter=00000 eval=00380 misfit=1.160250e+00 best=7.023411e-01
[NA] iter=00000 eval=00381 misfit=3.035982e+00 best=7.023411e-01
[NA] iter=00000 eval=00382 misfit=4.135206e+00 best=7.023411e-01
[NA] iter=00000 eval=00383 misfit=7.267525e+00 best=7.023411e-01
[NA] iter=00000 eval=00384 misfit=1.037340e+01 best=7.023411e-01
[NA] iter=00000 eval=00385 misfit=1.556859e+01 best=7.023411e-01
[NA] iter=00000 eval=00386 misfit=8.308507e-01 best=7.023411e-01
[NA] iter=00000 eval=00387 misfit=8.775498e-01 best=7.023411e-01
[NA] iter=00000 eval=00388 misfit=4.272690e+00 best=7.023411e-01
[NA] iter=00000 eval=00389 misfit=9.021593e+00 best=7.023411e-01
[NA] iter=00000 eval=00390 misfit=2.121474e+00 best=7.023411e-01
[NA] iter=00000 eval=00391 misfit=3.386321e+00 best=7.023411e-01
[NA] iter=00000 eval=00392 misfit=1.810039e+00 best=7.023411e-01
[NA] iter=00000 eval=00393 misfit=1.493755e+00 best=7.023411e-01
[NA] iter=00000 eval=00394 misfit=1.209975e+00 best=7.023411e-01
[NA] iter=00000 eval=00395 misfit=1.005037e+01 best=7.023411e-01
[NA] iter=00000 eval=00396 misfit=2.333599e+00 best=7.023411e-01
[NA] iter=00000 eval=00397 misfit=9.290024e-01 best=7.023411e-01
[NA] iter=00000 eval=00398 misfit=2.970388e+00 best=7.023411e-01
[NA] iter=00000 eval=00399 misfit=5.351876e+00 best=7.023411e-01
[NA] iter=00000 eval=00400 misfit=2.240398e+01 best=7.023411e-01
[NA] iter=00000 eval=00401 misfit=1.085145e+00 best=7.023411e-01
[NA] iter=00000 eval=00402 misfit=1.747446e+00 best=7.023411e-01
[NA] iter=00000 eval=00403 misfit=2.916916e+00 best=7.023411e-01
[NA] iter=00000 eval=00404 misfit=6.634260e+00 best=7.023411e-01
[NA] iter=00000 eval=00405 misfit=9.807266e-01 best=7.023411e-01
[NA] iter=00000 eval=00406 misfit=1.626272e+01 best=7.023411e-01
[NA] iter=00000 eval=00407 misfit=5.037109e+00 best=7.023411e-01
[NA] iter=00000 eval=00408 misfit=9.420839e-01 best=7.023411e-01
[NA] iter=00000 eval=00409 misfit=1.014922e+00 best=7.023411e-01
[NA] iter=00000 eval=00410 misfit=9.356076e-01 best=7.023411e-01
[NA] iter=00000 eval=00411 misfit=9.859987e-01 best=7.023411e-01
[NA] iter=00000 eval=00412 misfit=3.082227e+00 best=7.023411e-01
[NA] iter=00000 eval=00413 misfit=1.406622e+01 best=7.023411e-01
[NA] iter=00000 eval=00414 misfit=2.085375e+01 best=7.023411e-01
[NA] iter=00000 eval=00415 misfit=1.547746e+00 best=7.023411e-01
[NA] iter=00000 eval=00416 misfit=3.814166e+00 best=7.023411e-01
[NA] iter=00000 eval=00417 misfit=3.718504e+00 best=7.023411e-01
[NA] iter=00000 eval=00418 misfit=3.148523e+01 best=7.023411e-01
[NA] iter=00000 eval=00419 misfit=9.893264e+00 best=7.023411e-01
[NA] iter=00000 eval=00420 misfit=2.490401e+01 best=7.023411e-01
[NA] iter=00000 eval=00421 misfit=1.439966e+00 best=7.023411e-01
[NA] iter=00000 eval=00422 misfit=1.382756e+01 best=7.023411e-01
[NA] iter=00000 eval=00423 misfit=4.243982e+00 best=7.023411e-01
[NA] iter=00000 eval=00424 misfit=4.650723e+00 best=7.023411e-01
[NA] iter=00000 eval=00425 misfit=2.261572e+00 best=7.023411e-01
[NA] iter=00000 eval=00426 misfit=1.799766e+00 best=7.023411e-01
[NA] iter=00000 eval=00427 misfit=3.746957e+00 best=7.023411e-01
[NA] iter=00000 eval=00428 misfit=1.177741e+01 best=7.023411e-01
[NA] iter=00000 eval=00429 misfit=4.887409e+00 best=7.023411e-01
[NA] iter=00000 eval=00430 misfit=2.100337e+00 best=7.023411e-01
[NA] iter=00000 eval=00431 misfit=4.117359e+00 best=7.023411e-01
[NA] iter=00000 eval=00432 misfit=3.551422e+01 best=7.023411e-01
[NA] iter=00000 eval=00433 misfit=3.125944e+00 best=7.023411e-01
[NA] iter=00000 eval=00434 misfit=2.891868e+01 best=7.023411e-01
[NA] iter=00000 eval=00435 misfit=1.529928e+01 best=7.023411e-01
[NA] iter=00000 eval=00436 misfit=9.680983e-01 best=7.023411e-01
[NA] iter=00000 eval=00437 misfit=3.878504e+00 best=7.023411e-01
[NA] iter=00000 eval=00438 misfit=5.507057e+00 best=7.023411e-01
[NA] iter=00000 eval=00439 misfit=4.172800e+00 best=7.023411e-01
[NA] iter=00000 eval=00440 misfit=4.338377e+00 best=7.023411e-01
[NA] iter=00000 eval=00441 misfit=3.949036e+00 best=7.023411e-01
[NA] iter=00000 eval=00442 misfit=3.399401e+00 best=7.023411e-01
[NA] iter=00000 eval=00443 misfit=8.977128e-01 best=7.023411e-01
[NA] iter=00000 eval=00444 misfit=9.787667e+00 best=7.023411e-01
[NA] iter=00000 eval=00445 misfit=9.662245e-01 best=7.023411e-01
[NA] iter=00000 eval=00446 misfit=4.083867e+00 best=7.023411e-01
[NA] iter=00000 eval=00447 misfit=1.510769e+00 best=7.023411e-01
[NA] iter=00000 eval=00448 misfit=1.312683e+01 best=7.023411e-01
[NA] iter=00000 eval=00449 misfit=4.611347e+00 best=7.023411e-01
[NA] iter=00000 eval=00450 misfit=2.037244e+00 best=7.023411e-01
[NA] iter=00000 eval=00451 misfit=1.585239e+01 best=7.023411e-01
[NA] iter=00000 eval=00452 misfit=2.990860e+00 best=7.023411e-01
[NA] iter=00000 eval=00453 misfit=2.208712e+00 best=7.023411e-01
[NA] iter=00000 eval=00454 misfit=1.216041e+00 best=7.023411e-01
[NA] iter=00000 eval=00455 misfit=9.662256e+00 best=7.023411e-01
[NA] iter=00000 eval=00456 misfit=3.243621e+00 best=7.023411e-01
[NA] iter=00000 eval=00457 misfit=9.997663e-01 best=7.023411e-01
[NA] iter=00000 eval=00458 misfit=1.356323e+01 best=7.023411e-01
[NA] iter=00000 eval=00459 misfit=1.117039e+00 best=7.023411e-01
[NA] iter=00000 eval=00460 misfit=1.238237e+00 best=7.023411e-01
[NA] iter=00000 eval=00461 misfit=9.232231e+00 best=7.023411e-01
[NA] iter=00000 eval=00462 misfit=5.115017e+00 best=7.023411e-01
[NA] iter=00000 eval=00463 misfit=1.136994e+01 best=7.023411e-01
[NA] iter=00000 eval=00464 misfit=2.147632e+01 best=7.023411e-01
[NA] iter=00000 eval=00465 misfit=3.109434e+00 best=7.023411e-01
[NA] iter=00000 eval=00466 misfit=9.635156e+00 best=7.023411e-01
[NA] iter=00000 eval=00467 misfit=9.183694e-01 best=7.023411e-01
[NA] iter=00000 eval=00468 misfit=5.360078e+00 best=7.023411e-01
[NA] iter=00000 eval=00469 misfit=2.458362e+00 best=7.023411e-01
[NA] iter=00000 eval=00470 misfit=3.366620e+01 best=7.023411e-01
[NA] iter=00000 eval=00471 misfit=2.161731e+00 best=7.023411e-01
[NA] iter=00000 eval=00472 misfit=4.421849e+00 best=7.023411e-01
[NA] iter=00000 eval=00473 misfit=6.191148e+00 best=7.023411e-01
[NA] iter=00000 eval=00474 misfit=2.898982e+01 best=7.023411e-01
[NA] iter=00000 eval=00475 misfit=6.126120e+00 best=7.023411e-01
[NA] iter=00000 eval=00476 misfit=4.382370e+00 best=7.023411e-01
[NA] iter=00000 eval=00477 misfit=9.743791e-01 best=7.023411e-01
[NA] iter=00000 eval=00478 misfit=7.269321e+01 best=7.023411e-01
[NA] iter=00000 eval=00479 misfit=2.078251e+00 best=7.023411e-01
[NA] iter=00000 eval=00480 misfit=1.116055e+01 best=7.023411e-01
[NA] iter=00000 eval=00481 misfit=2.255432e+01 best=7.023411e-01
[NA] iter=00000 eval=00482 misfit=2.903384e+00 best=7.023411e-01
[NA] iter=00000 eval=00483 misfit=1.089234e+00 best=7.023411e-01
[NA] iter=00000 eval=00484 misfit=1.236190e+01 best=7.023411e-01
[NA] iter=00000 eval=00485 misfit=4.845656e+00 best=7.023411e-01
[NA] iter=00000 eval=00486 misfit=3.081384e+00 best=7.023411e-01
[NA] iter=00000 eval=00487 misfit=7.912405e+00 best=7.023411e-01
[NA] iter=00000 eval=00488 misfit=1.034403e+00 best=7.023411e-01
[NA] iter=00000 eval=00489 misfit=1.218691e+01 best=7.023411e-01
[NA] iter=00000 eval=00490 misfit=1.594589e+00 best=7.023411e-01
[NA] iter=00000 eval=00491 misfit=8.158036e+00 best=7.023411e-01
[NA] iter=00000 eval=00492 misfit=1.937283e+00 best=7.023411e-01
[NA] iter=00000 eval=00493 misfit=9.737160e-01 best=7.023411e-01
[NA] iter=00000 eval=00494 misfit=5.350949e+00 best=7.023411e-01
[NA] iter=00000 eval=00495 misfit=9.736851e-01 best=7.023411e-01
[NA] iter=00000 eval=00496 misfit=1.973863e+00 best=7.023411e-01
[NA] iter=00000 eval=00497 misfit=3.089256e+00 best=7.023411e-01
[NA] iter=00000 eval=00498 misfit=2.144446e+00 best=7.023411e-01
[NA] iter=00000 eval=00499 misfit=3.405519e+00 best=7.023411e-01
[NA] iter=00000 eval=00500 misfit=4.280373e+01 best=7.023411e-01
NAI - Optimisation Loop:   0%|          | 0/50 [00:00<?, ?it/s][NA] iter=00001 eval=00501 misfit=1.086862e+00 best=7.023411e-01
[NA] iter=00001 eval=00502 misfit=1.140885e+00 best=7.023411e-01
[NA] iter=00001 eval=00503 misfit=2.713309e+00 best=7.023411e-01
[NA] iter=00001 eval=00504 misfit=9.146560e-01 best=7.023411e-01
[NA] iter=00001 eval=00505 misfit=1.277074e+00 best=7.023411e-01
[NA] iter=00001 eval=00506 misfit=9.996826e-01 best=7.023411e-01
[NA] iter=00001 eval=00507 misfit=1.041240e+00 best=7.023411e-01
[NA] iter=00001 eval=00508 misfit=8.289888e-01 best=7.023411e-01
[NA] iter=00001 eval=00509 misfit=8.739015e-01 best=7.023411e-01
[NA] iter=00001 eval=00510 misfit=9.600982e-01 best=7.023411e-01
[NA] iter=00001 eval=00511 misfit=9.882578e-01 best=7.023411e-01
[NA] iter=00001 eval=00512 misfit=4.371384e+00 best=7.023411e-01
[NA] iter=00001 eval=00513 misfit=9.450790e+00 best=7.023411e-01
[NA] iter=00001 eval=00514 misfit=2.166027e+00 best=7.023411e-01
[NA] iter=00001 eval=00515 misfit=2.679162e+00 best=7.023411e-01
[NA] iter=00001 eval=00516 misfit=2.821673e+00 best=7.023411e-01
[NA] iter=00001 eval=00517 misfit=9.503522e-01 best=7.023411e-01
[NA] iter=00001 eval=00518 misfit=4.109507e+00 best=7.023411e-01
[NA] iter=00001 eval=00519 misfit=1.972910e+00 best=7.023411e-01
[NA] iter=00001 eval=00520 misfit=8.037971e-01 best=7.023411e-01
[NA] iter=00001 eval=00521 misfit=9.727120e-01 best=7.023411e-01
[NA] iter=00001 eval=00522 misfit=1.406185e+00 best=7.023411e-01
[NA] iter=00001 eval=00523 misfit=1.172904e+00 best=7.023411e-01
[NA] iter=00001 eval=00524 misfit=8.798086e-01 best=7.023411e-01
[NA] iter=00001 eval=00525 misfit=9.291584e-01 best=7.023411e-01
[NA] iter=00001 eval=00526 misfit=1.014708e+00 best=7.023411e-01
[NA] iter=00001 eval=00527 misfit=1.426686e+00 best=7.023411e-01
[NA] iter=00001 eval=00528 misfit=9.921967e-01 best=7.023411e-01
[NA] iter=00001 eval=00529 misfit=1.606627e+00 best=7.023411e-01
[NA] iter=00001 eval=00530 misfit=1.317083e+00 best=7.023411e-01
[NA] iter=00001 eval=00531 misfit=6.937857e-01 best=6.937857e-01
[NA] iter=00001 eval=00532 misfit=3.294049e+00 best=6.937857e-01
[NA] iter=00001 eval=00533 misfit=1.861786e+00 best=6.937857e-01
[NA] iter=00001 eval=00534 misfit=1.009314e+00 best=6.937857e-01
[NA] iter=00001 eval=00535 misfit=9.134400e-01 best=6.937857e-01
[NA] iter=00001 eval=00536 misfit=9.742240e-01 best=6.937857e-01
[NA] iter=00001 eval=00537 misfit=8.430003e-01 best=6.937857e-01
[NA] iter=00001 eval=00538 misfit=9.836571e-01 best=6.937857e-01
[NA] iter=00001 eval=00539 misfit=9.612811e-01 best=6.937857e-01
[NA] iter=00001 eval=00540 misfit=8.445675e-01 best=6.937857e-01
[NA] iter=00001 eval=00541 misfit=8.201175e-01 best=6.937857e-01
[NA] iter=00001 eval=00542 misfit=7.942582e-01 best=6.937857e-01
[NA] iter=00001 eval=00543 misfit=8.514173e-01 best=6.937857e-01
[NA] iter=00001 eval=00544 misfit=8.530091e-01 best=6.937857e-01
[NA] iter=00001 eval=00545 misfit=9.237585e-01 best=6.937857e-01
[NA] iter=00001 eval=00546 misfit=1.143271e+00 best=6.937857e-01
[NA] iter=00001 eval=00547 misfit=8.969531e-01 best=6.937857e-01
[NA] iter=00001 eval=00548 misfit=1.245928e+00 best=6.937857e-01
[NA] iter=00001 eval=00549 misfit=7.975902e-01 best=6.937857e-01
[NA] iter=00001 eval=00550 misfit=9.000180e-01 best=6.937857e-01
NAI - Optimisation Loop:   2%|▏         | 1/50 [02:49<2:18:31, 169.63s/it][NA] iter=00002 eval=00551 misfit=8.257026e-01 best=6.937857e-01
[NA] iter=00002 eval=00552 misfit=8.468615e-01 best=6.937857e-01
[NA] iter=00002 eval=00553 misfit=1.712093e+00 best=6.937857e-01
[NA] iter=00002 eval=00554 misfit=8.874930e-01 best=6.937857e-01
[NA] iter=00002 eval=00555 misfit=1.173489e+00 best=6.937857e-01
[NA] iter=00002 eval=00556 misfit=8.393691e-01 best=6.937857e-01
[NA] iter=00002 eval=00557 misfit=1.143709e+00 best=6.937857e-01
[NA] iter=00002 eval=00558 misfit=9.498769e-01 best=6.937857e-01
[NA] iter=00002 eval=00559 misfit=9.872634e-01 best=6.937857e-01
[NA] iter=00002 eval=00560 misfit=6.005353e-01 best=6.005353e-01
[NA] iter=00002 eval=00561 misfit=9.485257e-01 best=6.005353e-01
[NA] iter=00002 eval=00562 misfit=1.056285e+00 best=6.005353e-01
[NA] iter=00002 eval=00563 misfit=8.718474e-01 best=6.005353e-01
[NA] iter=00002 eval=00564 misfit=1.864727e+00 best=6.005353e-01
[NA] iter=00002 eval=00565 misfit=1.341671e+00 best=6.005353e-01
[NA] iter=00002 eval=00566 misfit=7.254463e-01 best=6.005353e-01
[NA] iter=00002 eval=00567 misfit=7.858748e-01 best=6.005353e-01
[NA] iter=00002 eval=00568 misfit=8.862512e-01 best=6.005353e-01
[NA] iter=00002 eval=00569 misfit=7.233938e-01 best=6.005353e-01
[NA] iter=00002 eval=00570 misfit=7.736164e-01 best=6.005353e-01
[NA] iter=00002 eval=00571 misfit=1.019203e+00 best=6.005353e-01
[NA] iter=00002 eval=00572 misfit=1.118742e+00 best=6.005353e-01
[NA] iter=00002 eval=00573 misfit=1.020284e+00 best=6.005353e-01
[NA] iter=00002 eval=00574 misfit=9.992601e-01 best=6.005353e-01
[NA] iter=00002 eval=00575 misfit=1.491571e+00 best=6.005353e-01
[NA] iter=00002 eval=00576 misfit=9.928476e-01 best=6.005353e-01
[NA] iter=00002 eval=00577 misfit=8.182644e-01 best=6.005353e-01
[NA] iter=00002 eval=00578 misfit=8.486488e-01 best=6.005353e-01
[NA] iter=00002 eval=00579 misfit=8.174524e-01 best=6.005353e-01
[NA] iter=00002 eval=00580 misfit=9.980723e-01 best=6.005353e-01
[NA] iter=00002 eval=00581 misfit=1.311287e+00 best=6.005353e-01
[NA] iter=00002 eval=00582 misfit=8.848246e-01 best=6.005353e-01
[NA] iter=00002 eval=00583 misfit=8.562465e-01 best=6.005353e-01
[NA] iter=00002 eval=00584 misfit=1.004602e+00 best=6.005353e-01
[NA] iter=00002 eval=00585 misfit=1.596109e+00 best=6.005353e-01
[NA] iter=00002 eval=00586 misfit=8.352460e-01 best=6.005353e-01
[NA] iter=00002 eval=00587 misfit=2.128217e+00 best=6.005353e-01
[NA] iter=00002 eval=00588 misfit=2.761136e+00 best=6.005353e-01
[NA] iter=00002 eval=00589 misfit=8.344684e-01 best=6.005353e-01
[NA] iter=00002 eval=00590 misfit=1.041879e+00 best=6.005353e-01
[NA] iter=00002 eval=00591 misfit=9.382564e-01 best=6.005353e-01
[NA] iter=00002 eval=00592 misfit=1.045710e+00 best=6.005353e-01
[NA] iter=00002 eval=00593 misfit=1.070540e+00 best=6.005353e-01
[NA] iter=00002 eval=00594 misfit=2.553674e+00 best=6.005353e-01
[NA] iter=00002 eval=00595 misfit=2.582377e+00 best=6.005353e-01
[NA] iter=00002 eval=00596 misfit=7.231815e-01 best=6.005353e-01
[NA] iter=00002 eval=00597 misfit=7.066762e-01 best=6.005353e-01
[NA] iter=00002 eval=00598 misfit=8.571644e-01 best=6.005353e-01
[NA] iter=00002 eval=00599 misfit=9.433322e-01 best=6.005353e-01
[NA] iter=00002 eval=00600 misfit=8.357611e-01 best=6.005353e-01
NAI - Optimisation Loop:   4%|▍         | 2/50 [05:47<2:19:31, 174.41s/it][NA] iter=00003 eval=00601 misfit=8.408555e-01 best=6.005353e-01
[NA] iter=00003 eval=00602 misfit=1.499003e+00 best=6.005353e-01
[NA] iter=00003 eval=00603 misfit=1.013415e+00 best=6.005353e-01
[NA] iter=00003 eval=00604 misfit=7.273682e-01 best=6.005353e-01
[NA] iter=00003 eval=00605 misfit=1.486248e+00 best=6.005353e-01
[NA] iter=00003 eval=00606 misfit=2.177034e+00 best=6.005353e-01
[NA] iter=00003 eval=00607 misfit=7.677865e-01 best=6.005353e-01
[NA] iter=00003 eval=00608 misfit=2.064504e+00 best=6.005353e-01
[NA] iter=00003 eval=00609 misfit=2.493843e+00 best=6.005353e-01
[NA] iter=00003 eval=00610 misfit=6.202527e-01 best=6.005353e-01
[NA] iter=00003 eval=00611 misfit=8.669283e-01 best=6.005353e-01
[NA] iter=00003 eval=00612 misfit=9.812629e-01 best=6.005353e-01
[NA] iter=00003 eval=00613 misfit=9.536232e-01 best=6.005353e-01
[NA] iter=00003 eval=00614 misfit=1.014894e+00 best=6.005353e-01
[NA] iter=00003 eval=00615 misfit=6.600627e-01 best=6.005353e-01
[NA] iter=00003 eval=00616 misfit=9.740708e-01 best=6.005353e-01
[NA] iter=00003 eval=00617 misfit=9.192501e-01 best=6.005353e-01
[NA] iter=00003 eval=00618 misfit=7.350409e-01 best=6.005353e-01
[NA] iter=00003 eval=00619 misfit=9.970360e-01 best=6.005353e-01
[NA] iter=00003 eval=00620 misfit=9.218905e-01 best=6.005353e-01
[NA] iter=00003 eval=00621 misfit=6.462848e-01 best=6.005353e-01
[NA] iter=00003 eval=00622 misfit=7.419485e-01 best=6.005353e-01
[NA] iter=00003 eval=00623 misfit=7.668898e-01 best=6.005353e-01
[NA] iter=00003 eval=00624 misfit=1.110365e+00 best=6.005353e-01
[NA] iter=00003 eval=00625 misfit=7.837331e-01 best=6.005353e-01
[NA] iter=00003 eval=00626 misfit=2.852222e+00 best=6.005353e-01
[NA] iter=00003 eval=00627 misfit=1.356090e+00 best=6.005353e-01
[NA] iter=00003 eval=00628 misfit=1.490579e+00 best=6.005353e-01
[NA] iter=00003 eval=00629 misfit=1.207566e+00 best=6.005353e-01
[NA] iter=00003 eval=00630 misfit=6.305701e-01 best=6.005353e-01
[NA] iter=00003 eval=00631 misfit=1.253334e+00 best=6.005353e-01
[NA] iter=00003 eval=00632 misfit=8.393410e-01 best=6.005353e-01
[NA] iter=00003 eval=00633 misfit=1.015629e+00 best=6.005353e-01
[NA] iter=00003 eval=00634 misfit=2.650339e+00 best=6.005353e-01
[NA] iter=00003 eval=00635 misfit=8.448615e-01 best=6.005353e-01
[NA] iter=00003 eval=00636 misfit=7.896245e-01 best=6.005353e-01
[NA] iter=00003 eval=00637 misfit=7.996901e-01 best=6.005353e-01
[NA] iter=00003 eval=00638 misfit=7.962374e-01 best=6.005353e-01
[NA] iter=00003 eval=00639 misfit=7.673153e-01 best=6.005353e-01
[NA] iter=00003 eval=00640 misfit=8.351003e-01 best=6.005353e-01
[NA] iter=00003 eval=00641 misfit=9.355340e-01 best=6.005353e-01
[NA] iter=00003 eval=00642 misfit=8.724177e-01 best=6.005353e-01
[NA] iter=00003 eval=00643 misfit=1.158923e+00 best=6.005353e-01
[NA] iter=00003 eval=00644 misfit=9.120311e-01 best=6.005353e-01
[NA] iter=00003 eval=00645 misfit=1.052232e+00 best=6.005353e-01
[NA] iter=00003 eval=00646 misfit=7.092922e-01 best=6.005353e-01
[NA] iter=00003 eval=00647 misfit=8.496700e-01 best=6.005353e-01
[NA] iter=00003 eval=00648 misfit=8.665057e-01 best=6.005353e-01
[NA] iter=00003 eval=00649 misfit=7.018136e-01 best=6.005353e-01
[NA] iter=00003 eval=00650 misfit=8.421530e-01 best=6.005353e-01
NAI - Optimisation Loop:   6%|▌         | 3/50 [08:37<2:15:10, 172.56s/it][NA] iter=00004 eval=00651 misfit=8.720819e-01 best=6.005353e-01
[NA] iter=00004 eval=00652 misfit=1.283919e+00 best=6.005353e-01
[NA] iter=00004 eval=00653 misfit=1.021920e+00 best=6.005353e-01
[NA] iter=00004 eval=00654 misfit=6.865690e-01 best=6.005353e-01
[NA] iter=00004 eval=00655 misfit=8.838588e-01 best=6.005353e-01
[NA] iter=00004 eval=00656 misfit=6.201550e-01 best=6.005353e-01
[NA] iter=00004 eval=00657 misfit=8.621268e-01 best=6.005353e-01
[NA] iter=00004 eval=00658 misfit=7.224859e-01 best=6.005353e-01
[NA] iter=00004 eval=00659 misfit=8.049136e-01 best=6.005353e-01
[NA] iter=00004 eval=00660 misfit=8.306252e-01 best=6.005353e-01
[NA] iter=00004 eval=00661 misfit=9.115239e-01 best=6.005353e-01
[NA] iter=00004 eval=00662 misfit=8.373846e-01 best=6.005353e-01
[NA] iter=00004 eval=00663 misfit=1.208783e+00 best=6.005353e-01
[NA] iter=00004 eval=00664 misfit=8.077552e-01 best=6.005353e-01
[NA] iter=00004 eval=00665 misfit=8.088934e-01 best=6.005353e-01
[NA] iter=00004 eval=00666 misfit=1.164612e+00 best=6.005353e-01
[NA] iter=00004 eval=00667 misfit=7.374705e-01 best=6.005353e-01
[NA] iter=00004 eval=00668 misfit=1.286714e+00 best=6.005353e-01
[NA] iter=00004 eval=00669 misfit=9.410458e-01 best=6.005353e-01
[NA] iter=00004 eval=00670 misfit=8.077624e-01 best=6.005353e-01
[NA] iter=00004 eval=00671 misfit=8.721603e-01 best=6.005353e-01
[NA] iter=00004 eval=00672 misfit=5.862563e-01 best=5.862563e-01
[NA] iter=00004 eval=00673 misfit=9.197403e-01 best=5.862563e-01
[NA] iter=00004 eval=00674 misfit=2.205648e+00 best=5.862563e-01
[NA] iter=00004 eval=00675 misfit=5.501938e-01 best=5.501938e-01
[NA] iter=00004 eval=00676 misfit=7.892640e-01 best=5.501938e-01
[NA] iter=00004 eval=00677 misfit=7.284407e-01 best=5.501938e-01
[NA] iter=00004 eval=00678 misfit=7.292353e-01 best=5.501938e-01
[NA] iter=00004 eval=00679 misfit=8.482944e-01 best=5.501938e-01
[NA] iter=00004 eval=00680 misfit=8.213905e-01 best=5.501938e-01
[NA] iter=00004 eval=00681 misfit=6.752627e-01 best=5.501938e-01
[NA] iter=00004 eval=00682 misfit=8.765329e-01 best=5.501938e-01
[NA] iter=00004 eval=00683 misfit=7.425217e-01 best=5.501938e-01
[NA] iter=00004 eval=00684 misfit=7.244755e-01 best=5.501938e-01
[NA] iter=00004 eval=00685 misfit=7.915358e-01 best=5.501938e-01
[NA] iter=00004 eval=00686 misfit=8.117026e-01 best=5.501938e-01
[NA] iter=00004 eval=00687 misfit=8.942441e-01 best=5.501938e-01
[NA] iter=00004 eval=00688 misfit=6.651665e-01 best=5.501938e-01
[NA] iter=00004 eval=00689 misfit=8.565218e-01 best=5.501938e-01
[NA] iter=00004 eval=00690 misfit=6.082056e-01 best=5.501938e-01
[NA] iter=00004 eval=00691 misfit=8.664708e-01 best=5.501938e-01
[NA] iter=00004 eval=00692 misfit=9.146493e-01 best=5.501938e-01
[NA] iter=00004 eval=00693 misfit=6.807419e-01 best=5.501938e-01
[NA] iter=00004 eval=00694 misfit=7.068035e-01 best=5.501938e-01
[NA] iter=00004 eval=00695 misfit=8.544943e-01 best=5.501938e-01
[NA] iter=00004 eval=00696 misfit=9.019061e-01 best=5.501938e-01
[NA] iter=00004 eval=00697 misfit=9.587601e-01 best=5.501938e-01
[NA] iter=00004 eval=00698 misfit=1.263868e+00 best=5.501938e-01
[NA] iter=00004 eval=00699 misfit=7.180263e-01 best=5.501938e-01
[NA] iter=00004 eval=00700 misfit=6.812065e-01 best=5.501938e-01
NAI - Optimisation Loop:   8%|▊         | 4/50 [11:29<2:11:57, 172.13s/it][NA] iter=00005 eval=00701 misfit=5.954797e-01 best=5.501938e-01
[NA] iter=00005 eval=00702 misfit=6.920568e-01 best=5.501938e-01
[NA] iter=00005 eval=00703 misfit=6.489345e-01 best=5.501938e-01
[NA] iter=00005 eval=00704 misfit=7.382831e-01 best=5.501938e-01
[NA] iter=00005 eval=00705 misfit=6.872350e-01 best=5.501938e-01
[NA] iter=00005 eval=00706 misfit=7.357470e-01 best=5.501938e-01
[NA] iter=00005 eval=00707 misfit=7.290346e-01 best=5.501938e-01
[NA] iter=00005 eval=00708 misfit=5.867431e-01 best=5.501938e-01
[NA] iter=00005 eval=00709 misfit=7.261406e-01 best=5.501938e-01
[NA] iter=00005 eval=00710 misfit=8.182277e-01 best=5.501938e-01
[NA] iter=00005 eval=00711 misfit=6.630585e-01 best=5.501938e-01
[NA] iter=00005 eval=00712 misfit=6.245131e-01 best=5.501938e-01
[NA] iter=00005 eval=00713 misfit=7.302262e-01 best=5.501938e-01
[NA] iter=00005 eval=00714 misfit=7.232901e-01 best=5.501938e-01
[NA] iter=00005 eval=00715 misfit=6.473769e-01 best=5.501938e-01
[NA] iter=00005 eval=00716 misfit=6.490148e-01 best=5.501938e-01
[NA] iter=00005 eval=00717 misfit=7.468227e-01 best=5.501938e-01
[NA] iter=00005 eval=00718 misfit=6.475310e-01 best=5.501938e-01
[NA] iter=00005 eval=00719 misfit=7.415185e-01 best=5.501938e-01
[NA] iter=00005 eval=00720 misfit=7.803727e-01 best=5.501938e-01
[NA] iter=00005 eval=00721 misfit=5.850932e-01 best=5.501938e-01
[NA] iter=00005 eval=00722 misfit=7.606258e-01 best=5.501938e-01
[NA] iter=00005 eval=00723 misfit=6.711492e-01 best=5.501938e-01
[NA] iter=00005 eval=00724 misfit=6.291189e-01 best=5.501938e-01
[NA] iter=00005 eval=00725 misfit=6.558741e-01 best=5.501938e-01
[NA] iter=00005 eval=00726 misfit=7.384573e-01 best=5.501938e-01
[NA] iter=00005 eval=00727 misfit=7.197703e-01 best=5.501938e-01
[NA] iter=00005 eval=00728 misfit=6.820755e-01 best=5.501938e-01
[NA] iter=00005 eval=00729 misfit=8.938120e-01 best=5.501938e-01
[NA] iter=00005 eval=00730 misfit=7.557499e-01 best=5.501938e-01
[NA] iter=00005 eval=00731 misfit=7.701547e-01 best=5.501938e-01
[NA] iter=00005 eval=00732 misfit=7.727581e-01 best=5.501938e-01
[NA] iter=00005 eval=00733 misfit=7.139139e-01 best=5.501938e-01
[NA] iter=00005 eval=00734 misfit=6.839340e-01 best=5.501938e-01
[NA] iter=00005 eval=00735 misfit=7.011249e-01 best=5.501938e-01
[NA] iter=00005 eval=00736 misfit=1.124751e+00 best=5.501938e-01
[NA] iter=00005 eval=00737 misfit=6.835252e-01 best=5.501938e-01
[NA] iter=00005 eval=00738 misfit=9.274415e-01 best=5.501938e-01
[NA] iter=00005 eval=00739 misfit=8.168047e-01 best=5.501938e-01
[NA] iter=00005 eval=00740 misfit=9.044303e-01 best=5.501938e-01
[NA] iter=00005 eval=00741 misfit=7.014267e-01 best=5.501938e-01
[NA] iter=00005 eval=00742 misfit=5.510632e-01 best=5.501938e-01
[NA] iter=00005 eval=00743 misfit=5.841954e-01 best=5.501938e-01
[NA] iter=00005 eval=00744 misfit=7.613096e-01 best=5.501938e-01
[NA] iter=00005 eval=00745 misfit=5.673748e-01 best=5.501938e-01
[NA] iter=00005 eval=00746 misfit=7.535977e-01 best=5.501938e-01
[NA] iter=00005 eval=00747 misfit=7.607480e-01 best=5.501938e-01
[NA] iter=00005 eval=00748 misfit=7.013248e-01 best=5.501938e-01
[NA] iter=00005 eval=00749 misfit=7.084418e-01 best=5.501938e-01
[NA] iter=00005 eval=00750 misfit=6.396496e-01 best=5.501938e-01
NAI - Optimisation Loop:  10%|█         | 5/50 [14:26<2:10:25, 173.90s/it][NA] iter=00006 eval=00751 misfit=5.908529e-01 best=5.501938e-01
[NA] iter=00006 eval=00752 misfit=5.725351e-01 best=5.501938e-01
[NA] iter=00006 eval=00753 misfit=5.635365e-01 best=5.501938e-01
[NA] iter=00006 eval=00754 misfit=6.275435e-01 best=5.501938e-01
[NA] iter=00006 eval=00755 misfit=5.727576e-01 best=5.501938e-01
[NA] iter=00006 eval=00756 misfit=6.730547e-01 best=5.501938e-01
[NA] iter=00006 eval=00757 misfit=5.571024e-01 best=5.501938e-01
[NA] iter=00006 eval=00758 misfit=6.173074e-01 best=5.501938e-01
[NA] iter=00006 eval=00759 misfit=7.483245e-01 best=5.501938e-01
[NA] iter=00006 eval=00760 misfit=5.494282e-01 best=5.494282e-01
[NA] iter=00006 eval=00761 misfit=5.887667e-01 best=5.494282e-01
[NA] iter=00006 eval=00762 misfit=5.131031e-01 best=5.131031e-01
[NA] iter=00006 eval=00763 misfit=6.285571e-01 best=5.131031e-01
[NA] iter=00006 eval=00764 misfit=6.047213e-01 best=5.131031e-01
[NA] iter=00006 eval=00765 misfit=6.281715e-01 best=5.131031e-01
[NA] iter=00006 eval=00766 misfit=6.768833e-01 best=5.131031e-01
[NA] iter=00006 eval=00767 misfit=1.096766e+00 best=5.131031e-01
[NA] iter=00006 eval=00768 misfit=6.944858e-01 best=5.131031e-01
[NA] iter=00006 eval=00769 misfit=7.566900e-01 best=5.131031e-01
[NA] iter=00006 eval=00770 misfit=8.716761e-01 best=5.131031e-01
[NA] iter=00006 eval=00771 misfit=6.876389e-01 best=5.131031e-01
[NA] iter=00006 eval=00772 misfit=1.083999e+00 best=5.131031e-01
[NA] iter=00006 eval=00773 misfit=7.633631e-01 best=5.131031e-01
[NA] iter=00006 eval=00774 misfit=1.385658e+00 best=5.131031e-01
[NA] iter=00006 eval=00775 misfit=7.006604e-01 best=5.131031e-01
[NA] iter=00006 eval=00776 misfit=5.662411e-01 best=5.131031e-01
[NA] iter=00006 eval=00777 misfit=6.337658e-01 best=5.131031e-01
[NA] iter=00006 eval=00778 misfit=6.044935e-01 best=5.131031e-01
[NA] iter=00006 eval=00779 misfit=8.368080e-01 best=5.131031e-01
[NA] iter=00006 eval=00780 misfit=6.412134e-01 best=5.131031e-01
[NA] iter=00006 eval=00781 misfit=5.473279e-01 best=5.131031e-01
[NA] iter=00006 eval=00782 misfit=5.641981e-01 best=5.131031e-01
[NA] iter=00006 eval=00783 misfit=6.288211e-01 best=5.131031e-01
[NA] iter=00006 eval=00784 misfit=5.990461e-01 best=5.131031e-01
[NA] iter=00006 eval=00785 misfit=7.174804e-01 best=5.131031e-01
[NA] iter=00006 eval=00786 misfit=6.549302e-01 best=5.131031e-01
[NA] iter=00006 eval=00787 misfit=6.529991e-01 best=5.131031e-01
[NA] iter=00006 eval=00788 misfit=7.363889e-01 best=5.131031e-01
[NA] iter=00006 eval=00789 misfit=6.379798e-01 best=5.131031e-01
[NA] iter=00006 eval=00790 misfit=7.407152e-01 best=5.131031e-01
[NA] iter=00006 eval=00791 misfit=6.514043e-01 best=5.131031e-01
[NA] iter=00006 eval=00792 misfit=6.681138e-01 best=5.131031e-01
[NA] iter=00006 eval=00793 misfit=5.911313e-01 best=5.131031e-01
[NA] iter=00006 eval=00794 misfit=5.589161e-01 best=5.131031e-01
[NA] iter=00006 eval=00795 misfit=6.507060e-01 best=5.131031e-01
[NA] iter=00006 eval=00796 misfit=8.194596e-01 best=5.131031e-01
[NA] iter=00006 eval=00797 misfit=6.164960e-01 best=5.131031e-01
[NA] iter=00006 eval=00798 misfit=7.010123e-01 best=5.131031e-01
[NA] iter=00006 eval=00799 misfit=6.442094e-01 best=5.131031e-01
[NA] iter=00006 eval=00800 misfit=7.850746e-01 best=5.131031e-01
NAI - Optimisation Loop:  12%|█▏        | 6/50 [17:23<2:08:29, 175.20s/it][NA] iter=00007 eval=00801 misfit=5.282642e-01 best=5.131031e-01
[NA] iter=00007 eval=00802 misfit=5.333009e-01 best=5.131031e-01
[NA] iter=00007 eval=00803 misfit=5.408567e-01 best=5.131031e-01
[NA] iter=00007 eval=00804 misfit=5.724681e-01 best=5.131031e-01
[NA] iter=00007 eval=00805 misfit=5.665082e-01 best=5.131031e-01
[NA] iter=00007 eval=00806 misfit=5.525146e-01 best=5.131031e-01
[NA] iter=00007 eval=00807 misfit=6.081670e-01 best=5.131031e-01
[NA] iter=00007 eval=00808 misfit=5.928389e-01 best=5.131031e-01
[NA] iter=00007 eval=00809 misfit=5.514169e-01 best=5.131031e-01
[NA] iter=00007 eval=00810 misfit=5.687007e-01 best=5.131031e-01
[NA] iter=00007 eval=00811 misfit=5.571126e-01 best=5.131031e-01
[NA] iter=00007 eval=00812 misfit=6.693334e-01 best=5.131031e-01
[NA] iter=00007 eval=00813 misfit=6.654018e-01 best=5.131031e-01
[NA] iter=00007 eval=00814 misfit=5.979209e-01 best=5.131031e-01
[NA] iter=00007 eval=00815 misfit=6.330035e-01 best=5.131031e-01
[NA] iter=00007 eval=00816 misfit=5.569129e-01 best=5.131031e-01
[NA] iter=00007 eval=00817 misfit=5.820204e-01 best=5.131031e-01
[NA] iter=00007 eval=00818 misfit=5.583307e-01 best=5.131031e-01
[NA] iter=00007 eval=00819 misfit=5.866643e-01 best=5.131031e-01
[NA] iter=00007 eval=00820 misfit=5.484165e-01 best=5.131031e-01
[NA] iter=00007 eval=00821 misfit=5.644681e-01 best=5.131031e-01
[NA] iter=00007 eval=00822 misfit=5.695736e-01 best=5.131031e-01
[NA] iter=00007 eval=00823 misfit=5.694566e-01 best=5.131031e-01
[NA] iter=00007 eval=00824 misfit=5.326624e-01 best=5.131031e-01
[NA] iter=00007 eval=00825 misfit=5.682875e-01 best=5.131031e-01
[NA] iter=00007 eval=00826 misfit=5.705017e-01 best=5.131031e-01
[NA] iter=00007 eval=00827 misfit=5.613137e-01 best=5.131031e-01
[NA] iter=00007 eval=00828 misfit=6.654100e-01 best=5.131031e-01
[NA] iter=00007 eval=00829 misfit=5.754412e-01 best=5.131031e-01
[NA] iter=00007 eval=00830 misfit=5.454778e-01 best=5.131031e-01
[NA] iter=00007 eval=00831 misfit=6.291864e-01 best=5.131031e-01
[NA] iter=00007 eval=00832 misfit=6.594241e-01 best=5.131031e-01
[NA] iter=00007 eval=00833 misfit=6.226938e-01 best=5.131031e-01
[NA] iter=00007 eval=00834 misfit=5.888885e-01 best=5.131031e-01
[NA] iter=00007 eval=00835 misfit=5.854823e-01 best=5.131031e-01
[NA] iter=00007 eval=00836 misfit=6.926023e-01 best=5.131031e-01
[NA] iter=00007 eval=00837 misfit=6.619630e-01 best=5.131031e-01
[NA] iter=00007 eval=00838 misfit=5.716208e-01 best=5.131031e-01
[NA] iter=00007 eval=00839 misfit=6.635693e-01 best=5.131031e-01
[NA] iter=00007 eval=00840 misfit=6.411842e-01 best=5.131031e-01
[NA] iter=00007 eval=00841 misfit=8.255248e-01 best=5.131031e-01
[NA] iter=00007 eval=00842 misfit=7.504896e-01 best=5.131031e-01
[NA] iter=00007 eval=00843 misfit=6.270751e-01 best=5.131031e-01
[NA] iter=00007 eval=00844 misfit=5.602316e-01 best=5.131031e-01
[NA] iter=00007 eval=00845 misfit=5.578244e-01 best=5.131031e-01
[NA] iter=00007 eval=00846 misfit=7.920591e-01 best=5.131031e-01
[NA] iter=00007 eval=00847 misfit=7.630279e-01 best=5.131031e-01
[NA] iter=00007 eval=00848 misfit=5.792138e-01 best=5.131031e-01
[NA] iter=00007 eval=00849 misfit=5.485144e-01 best=5.131031e-01
[NA] iter=00007 eval=00850 misfit=5.936521e-01 best=5.131031e-01
NAI - Optimisation Loop:  14%|█▍        | 7/50 [20:19<2:05:34, 175.21s/it][NA] iter=00008 eval=00851 misfit=5.484046e-01 best=5.131031e-01
[NA] iter=00008 eval=00852 misfit=5.601594e-01 best=5.131031e-01
[NA] iter=00008 eval=00853 misfit=5.621921e-01 best=5.131031e-01
[NA] iter=00008 eval=00854 misfit=5.176204e-01 best=5.131031e-01
[NA] iter=00008 eval=00855 misfit=5.382584e-01 best=5.131031e-01
[NA] iter=00008 eval=00856 misfit=5.603146e-01 best=5.131031e-01
[NA] iter=00008 eval=00857 misfit=5.480162e-01 best=5.131031e-01
[NA] iter=00008 eval=00858 misfit=5.439817e-01 best=5.131031e-01
[NA] iter=00008 eval=00859 misfit=5.638725e-01 best=5.131031e-01
[NA] iter=00008 eval=00860 misfit=5.387667e-01 best=5.131031e-01
[NA] iter=00008 eval=00861 misfit=5.410098e-01 best=5.131031e-01
[NA] iter=00008 eval=00862 misfit=5.987877e-01 best=5.131031e-01
[NA] iter=00008 eval=00863 misfit=6.319500e-01 best=5.131031e-01
[NA] iter=00008 eval=00864 misfit=5.632692e-01 best=5.131031e-01
[NA] iter=00008 eval=00865 misfit=5.147059e-01 best=5.131031e-01
[NA] iter=00008 eval=00866 misfit=5.953485e-01 best=5.131031e-01
[NA] iter=00008 eval=00867 misfit=5.400832e-01 best=5.131031e-01
[NA] iter=00008 eval=00868 misfit=5.543390e-01 best=5.131031e-01
[NA] iter=00008 eval=00869 misfit=5.875413e-01 best=5.131031e-01
[NA] iter=00008 eval=00870 misfit=5.473075e-01 best=5.131031e-01
[NA] iter=00008 eval=00871 misfit=5.791788e-01 best=5.131031e-01
[NA] iter=00008 eval=00872 misfit=5.580604e-01 best=5.131031e-01
[NA] iter=00008 eval=00873 misfit=5.530410e-01 best=5.131031e-01
[NA] iter=00008 eval=00874 misfit=5.496141e-01 best=5.131031e-01
[NA] iter=00008 eval=00875 misfit=5.572633e-01 best=5.131031e-01
[NA] iter=00008 eval=00876 misfit=5.565837e-01 best=5.131031e-01
[NA] iter=00008 eval=00877 misfit=5.567824e-01 best=5.131031e-01
[NA] iter=00008 eval=00878 misfit=5.458970e-01 best=5.131031e-01
[NA] iter=00008 eval=00879 misfit=5.479014e-01 best=5.131031e-01
[NA] iter=00008 eval=00880 misfit=5.635720e-01 best=5.131031e-01
[NA] iter=00008 eval=00881 misfit=5.387688e-01 best=5.131031e-01
[NA] iter=00008 eval=00882 misfit=5.651639e-01 best=5.131031e-01
[NA] iter=00008 eval=00883 misfit=5.652504e-01 best=5.131031e-01
[NA] iter=00008 eval=00884 misfit=5.657403e-01 best=5.131031e-01
[NA] iter=00008 eval=00885 misfit=5.998874e-01 best=5.131031e-01
[NA] iter=00008 eval=00886 misfit=5.421096e-01 best=5.131031e-01
[NA] iter=00008 eval=00887 misfit=5.948504e-01 best=5.131031e-01
[NA] iter=00008 eval=00888 misfit=5.674533e-01 best=5.131031e-01
[NA] iter=00008 eval=00889 misfit=5.632719e-01 best=5.131031e-01
[NA] iter=00008 eval=00890 misfit=5.854228e-01 best=5.131031e-01
[NA] iter=00008 eval=00891 misfit=5.704948e-01 best=5.131031e-01
[NA] iter=00008 eval=00892 misfit=7.859676e-01 best=5.131031e-01
[NA] iter=00008 eval=00893 misfit=6.059235e-01 best=5.131031e-01
[NA] iter=00008 eval=00894 misfit=6.966488e-01 best=5.131031e-01
[NA] iter=00008 eval=00895 misfit=6.854475e-01 best=5.131031e-01
[NA] iter=00008 eval=00896 misfit=5.493310e-01 best=5.131031e-01
[NA] iter=00008 eval=00897 misfit=5.672501e-01 best=5.131031e-01
[NA] iter=00008 eval=00898 misfit=6.252709e-01 best=5.131031e-01
[NA] iter=00008 eval=00899 misfit=5.884434e-01 best=5.131031e-01
[NA] iter=00008 eval=00900 misfit=5.494466e-01 best=5.131031e-01
NAI - Optimisation Loop:  16%|█▌        | 8/50 [23:11<2:01:56, 174.21s/it][NA] iter=00009 eval=00901 misfit=5.613379e-01 best=5.131031e-01
[NA] iter=00009 eval=00902 misfit=5.138570e-01 best=5.131031e-01
[NA] iter=00009 eval=00903 misfit=5.291869e-01 best=5.131031e-01
[NA] iter=00009 eval=00904 misfit=5.236328e-01 best=5.131031e-01
[NA] iter=00009 eval=00905 misfit=5.334937e-01 best=5.131031e-01
[NA] iter=00009 eval=00906 misfit=5.242178e-01 best=5.131031e-01
[NA] iter=00009 eval=00907 misfit=5.306441e-01 best=5.131031e-01
[NA] iter=00009 eval=00908 misfit=5.423328e-01 best=5.131031e-01
[NA] iter=00009 eval=00909 misfit=5.567879e-01 best=5.131031e-01
[NA] iter=00009 eval=00910 misfit=5.744186e-01 best=5.131031e-01
[NA] iter=00009 eval=00911 misfit=5.296987e-01 best=5.131031e-01
[NA] iter=00009 eval=00912 misfit=5.526788e-01 best=5.131031e-01
[NA] iter=00009 eval=00913 misfit=5.719454e-01 best=5.131031e-01
[NA] iter=00009 eval=00914 misfit=5.895825e-01 best=5.131031e-01
[NA] iter=00009 eval=00915 misfit=5.353070e-01 best=5.131031e-01
[NA] iter=00009 eval=00916 misfit=5.419365e-01 best=5.131031e-01
[NA] iter=00009 eval=00917 misfit=5.359420e-01 best=5.131031e-01
[NA] iter=00009 eval=00918 misfit=5.491153e-01 best=5.131031e-01
[NA] iter=00009 eval=00919 misfit=5.229130e-01 best=5.131031e-01
[NA] iter=00009 eval=00920 misfit=5.326548e-01 best=5.131031e-01
[NA] iter=00009 eval=00921 misfit=5.929294e-01 best=5.131031e-01
[NA] iter=00009 eval=00922 misfit=5.941167e-01 best=5.131031e-01
[NA] iter=00009 eval=00923 misfit=5.247191e-01 best=5.131031e-01
[NA] iter=00009 eval=00924 misfit=5.520547e-01 best=5.131031e-01
[NA] iter=00009 eval=00925 misfit=5.338918e-01 best=5.131031e-01
[NA] iter=00009 eval=00926 misfit=5.473310e-01 best=5.131031e-01
[NA] iter=00009 eval=00927 misfit=5.431191e-01 best=5.131031e-01
[NA] iter=00009 eval=00928 misfit=5.347322e-01 best=5.131031e-01
[NA] iter=00009 eval=00929 misfit=5.220674e-01 best=5.131031e-01
[NA] iter=00009 eval=00930 misfit=5.350524e-01 best=5.131031e-01
[NA] iter=00009 eval=00931 misfit=5.648601e-01 best=5.131031e-01
[NA] iter=00009 eval=00932 misfit=5.199000e-01 best=5.131031e-01
[NA] iter=00009 eval=00933 misfit=5.840640e-01 best=5.131031e-01
[NA] iter=00009 eval=00934 misfit=5.756031e-01 best=5.131031e-01
[NA] iter=00009 eval=00935 misfit=5.418690e-01 best=5.131031e-01
[NA] iter=00009 eval=00936 misfit=5.622104e-01 best=5.131031e-01
[NA] iter=00009 eval=00937 misfit=5.716966e-01 best=5.131031e-01
[NA] iter=00009 eval=00938 misfit=6.174033e-01 best=5.131031e-01
[NA] iter=00009 eval=00939 misfit=6.092958e-01 best=5.131031e-01
[NA] iter=00009 eval=00940 misfit=5.432688e-01 best=5.131031e-01
[NA] iter=00009 eval=00941 misfit=5.543159e-01 best=5.131031e-01
[NA] iter=00009 eval=00942 misfit=5.520143e-01 best=5.131031e-01
[NA] iter=00009 eval=00943 misfit=5.658488e-01 best=5.131031e-01
[NA] iter=00009 eval=00944 misfit=5.652424e-01 best=5.131031e-01
[NA] iter=00009 eval=00945 misfit=5.787326e-01 best=5.131031e-01
[NA] iter=00009 eval=00946 misfit=5.592124e-01 best=5.131031e-01
[NA] iter=00009 eval=00947 misfit=5.638008e-01 best=5.131031e-01
[NA] iter=00009 eval=00948 misfit=5.246531e-01 best=5.131031e-01
[NA] iter=00009 eval=00949 misfit=5.706124e-01 best=5.131031e-01
[NA] iter=00009 eval=00950 misfit=5.349354e-01 best=5.131031e-01
NAI - Optimisation Loop:  18%|█▊        | 9/50 [26:04<1:58:45, 173.78s/it][NA] iter=00010 eval=00951 misfit=5.156235e-01 best=5.131031e-01
[NA] iter=00010 eval=00952 misfit=5.211556e-01 best=5.131031e-01
[NA] iter=00010 eval=00953 misfit=5.262106e-01 best=5.131031e-01
[NA] iter=00010 eval=00954 misfit=5.269168e-01 best=5.131031e-01
[NA] iter=00010 eval=00955 misfit=5.340425e-01 best=5.131031e-01
[NA] iter=00010 eval=00956 misfit=5.143632e-01 best=5.131031e-01
[NA] iter=00010 eval=00957 misfit=5.106320e-01 best=5.106320e-01
[NA] iter=00010 eval=00958 misfit=5.190417e-01 best=5.106320e-01
[NA] iter=00010 eval=00959 misfit=5.301746e-01 best=5.106320e-01
[NA] iter=00010 eval=00960 misfit=5.198492e-01 best=5.106320e-01
[NA] iter=00010 eval=00961 misfit=5.231171e-01 best=5.106320e-01
[NA] iter=00010 eval=00962 misfit=5.357571e-01 best=5.106320e-01
[NA] iter=00010 eval=00963 misfit=5.242749e-01 best=5.106320e-01
[NA] iter=00010 eval=00964 misfit=5.422229e-01 best=5.106320e-01
[NA] iter=00010 eval=00965 misfit=5.544751e-01 best=5.106320e-01
[NA] iter=00010 eval=00966 misfit=5.238850e-01 best=5.106320e-01
[NA] iter=00010 eval=00967 misfit=5.689697e-01 best=5.106320e-01
[NA] iter=00010 eval=00968 misfit=5.632993e-01 best=5.106320e-01
[NA] iter=00010 eval=00969 misfit=5.373890e-01 best=5.106320e-01
[NA] iter=00010 eval=00970 misfit=5.161988e-01 best=5.106320e-01
[NA] iter=00010 eval=00971 misfit=5.298935e-01 best=5.106320e-01
[NA] iter=00010 eval=00972 misfit=5.393595e-01 best=5.106320e-01
[NA] iter=00010 eval=00973 misfit=5.153700e-01 best=5.106320e-01
[NA] iter=00010 eval=00974 misfit=5.363104e-01 best=5.106320e-01
[NA] iter=00010 eval=00975 misfit=5.443044e-01 best=5.106320e-01
[NA] iter=00010 eval=00976 misfit=5.496215e-01 best=5.106320e-01
[NA] iter=00010 eval=00977 misfit=5.321482e-01 best=5.106320e-01
[NA] iter=00010 eval=00978 misfit=5.362586e-01 best=5.106320e-01
[NA] iter=00010 eval=00979 misfit=5.214702e-01 best=5.106320e-01
[NA] iter=00010 eval=00980 misfit=5.465138e-01 best=5.106320e-01
[NA] iter=00010 eval=00981 misfit=5.327991e-01 best=5.106320e-01
[NA] iter=00010 eval=00982 misfit=5.313265e-01 best=5.106320e-01
[NA] iter=00010 eval=00983 misfit=5.239188e-01 best=5.106320e-01
[NA] iter=00010 eval=00984 misfit=5.321399e-01 best=5.106320e-01
[NA] iter=00010 eval=00985 misfit=5.476615e-01 best=5.106320e-01
[NA] iter=00010 eval=00986 misfit=5.235991e-01 best=5.106320e-01
[NA] iter=00010 eval=00987 misfit=5.342605e-01 best=5.106320e-01
[NA] iter=00010 eval=00988 misfit=5.358327e-01 best=5.106320e-01
[NA] iter=00010 eval=00989 misfit=5.350598e-01 best=5.106320e-01
[NA] iter=00010 eval=00990 misfit=5.372293e-01 best=5.106320e-01
[NA] iter=00010 eval=00991 misfit=6.185630e-01 best=5.106320e-01
[NA] iter=00010 eval=00992 misfit=5.863922e-01 best=5.106320e-01
[NA] iter=00010 eval=00993 misfit=5.987989e-01 best=5.106320e-01
[NA] iter=00010 eval=00994 misfit=5.813558e-01 best=5.106320e-01
[NA] iter=00010 eval=00995 misfit=6.010266e-01 best=5.106320e-01
[NA] iter=00010 eval=00996 misfit=5.429094e-01 best=5.106320e-01
[NA] iter=00010 eval=00997 misfit=5.498439e-01 best=5.106320e-01
[NA] iter=00010 eval=00998 misfit=5.289640e-01 best=5.106320e-01
[NA] iter=00010 eval=00999 misfit=5.230100e-01 best=5.106320e-01
[NA] iter=00010 eval=01000 misfit=5.571169e-01 best=5.106320e-01
NAI - Optimisation Loop:  20%|██        | 10/50 [28:57<1:55:43, 173.58s/it][NA] iter=00011 eval=01001 misfit=5.234806e-01 best=5.106320e-01
[NA] iter=00011 eval=01002 misfit=5.215939e-01 best=5.106320e-01
[NA] iter=00011 eval=01003 misfit=5.467453e-01 best=5.106320e-01
[NA] iter=00011 eval=01004 misfit=5.220628e-01 best=5.106320e-01
[NA] iter=00011 eval=01005 misfit=5.336675e-01 best=5.106320e-01
[NA] iter=00011 eval=01006 misfit=5.158525e-01 best=5.106320e-01
[NA] iter=00011 eval=01007 misfit=5.231495e-01 best=5.106320e-01
[NA] iter=00011 eval=01008 misfit=5.290527e-01 best=5.106320e-01
[NA] iter=00011 eval=01009 misfit=5.348410e-01 best=5.106320e-01
[NA] iter=00011 eval=01010 misfit=5.228863e-01 best=5.106320e-01
[NA] iter=00011 eval=01011 misfit=5.556031e-01 best=5.106320e-01
[NA] iter=00011 eval=01012 misfit=5.333846e-01 best=5.106320e-01
[NA] iter=00011 eval=01013 misfit=5.347653e-01 best=5.106320e-01
[NA] iter=00011 eval=01014 misfit=5.243306e-01 best=5.106320e-01
[NA] iter=00011 eval=01015 misfit=5.461479e-01 best=5.106320e-01
[NA] iter=00011 eval=01016 misfit=5.188828e-01 best=5.106320e-01
[NA] iter=00011 eval=01017 misfit=5.309784e-01 best=5.106320e-01
[NA] iter=00011 eval=01018 misfit=5.158192e-01 best=5.106320e-01
[NA] iter=00011 eval=01019 misfit=5.240325e-01 best=5.106320e-01
[NA] iter=00011 eval=01020 misfit=5.215736e-01 best=5.106320e-01
[NA] iter=00011 eval=01021 misfit=5.355373e-01 best=5.106320e-01
[NA] iter=00011 eval=01022 misfit=5.127869e-01 best=5.106320e-01
[NA] iter=00011 eval=01023 misfit=5.458320e-01 best=5.106320e-01
[NA] iter=00011 eval=01024 misfit=5.365294e-01 best=5.106320e-01
[NA] iter=00011 eval=01025 misfit=5.263912e-01 best=5.106320e-01
[NA] iter=00011 eval=01026 misfit=5.249087e-01 best=5.106320e-01
[NA] iter=00011 eval=01027 misfit=5.244870e-01 best=5.106320e-01
[NA] iter=00011 eval=01028 misfit=5.376954e-01 best=5.106320e-01
[NA] iter=00011 eval=01029 misfit=5.285225e-01 best=5.106320e-01
[NA] iter=00011 eval=01030 misfit=5.224149e-01 best=5.106320e-01
[NA] iter=00011 eval=01031 misfit=5.184719e-01 best=5.106320e-01
[NA] iter=00011 eval=01032 misfit=5.195047e-01 best=5.106320e-01
[NA] iter=00011 eval=01033 misfit=5.211046e-01 best=5.106320e-01
[NA] iter=00011 eval=01034 misfit=5.404003e-01 best=5.106320e-01
[NA] iter=00011 eval=01035 misfit=5.409222e-01 best=5.106320e-01
[NA] iter=00011 eval=01036 misfit=5.302376e-01 best=5.106320e-01
[NA] iter=00011 eval=01037 misfit=5.213129e-01 best=5.106320e-01
[NA] iter=00011 eval=01038 misfit=5.171348e-01 best=5.106320e-01
[NA] iter=00011 eval=01039 misfit=5.155811e-01 best=5.106320e-01
[NA] iter=00011 eval=01040 misfit=5.118851e-01 best=5.106320e-01
[NA] iter=00011 eval=01041 misfit=5.241848e-01 best=5.106320e-01
[NA] iter=00011 eval=01042 misfit=5.284305e-01 best=5.106320e-01
[NA] iter=00011 eval=01043 misfit=5.268500e-01 best=5.106320e-01
[NA] iter=00011 eval=01044 misfit=5.492106e-01 best=5.106320e-01
[NA] iter=00011 eval=01045 misfit=5.260694e-01 best=5.106320e-01
[NA] iter=00011 eval=01046 misfit=5.094855e-01 best=5.094855e-01
[NA] iter=00011 eval=01047 misfit=5.318922e-01 best=5.094855e-01
[NA] iter=00011 eval=01048 misfit=5.220786e-01 best=5.094855e-01
[NA] iter=00011 eval=01049 misfit=5.224911e-01 best=5.094855e-01
[NA] iter=00011 eval=01050 misfit=5.211651e-01 best=5.094855e-01
NAI - Optimisation Loop:  22%|██▏       | 11/50 [31:48<1:52:20, 172.83s/it][NA] iter=00012 eval=01051 misfit=5.326395e-01 best=5.094855e-01
[NA] iter=00012 eval=01052 misfit=5.399552e-01 best=5.094855e-01
[NA] iter=00012 eval=01053 misfit=5.191376e-01 best=5.094855e-01
[NA] iter=00012 eval=01054 misfit=5.340480e-01 best=5.094855e-01
[NA] iter=00012 eval=01055 misfit=5.120450e-01 best=5.094855e-01
[NA] iter=00012 eval=01056 misfit=5.131265e-01 best=5.094855e-01
[NA] iter=00012 eval=01057 misfit=5.165412e-01 best=5.094855e-01
[NA] iter=00012 eval=01058 misfit=5.171967e-01 best=5.094855e-01
[NA] iter=00012 eval=01059 misfit=5.322101e-01 best=5.094855e-01
[NA] iter=00012 eval=01060 misfit=5.133160e-01 best=5.094855e-01
[NA] iter=00012 eval=01061 misfit=5.257720e-01 best=5.094855e-01
[NA] iter=00012 eval=01062 misfit=5.155829e-01 best=5.094855e-01
[NA] iter=00012 eval=01063 misfit=5.236711e-01 best=5.094855e-01
[NA] iter=00012 eval=01064 misfit=5.225270e-01 best=5.094855e-01
[NA] iter=00012 eval=01065 misfit=5.175363e-01 best=5.094855e-01
[NA] iter=00012 eval=01066 misfit=5.163725e-01 best=5.094855e-01
[NA] iter=00012 eval=01067 misfit=5.290282e-01 best=5.094855e-01
[NA] iter=00012 eval=01068 misfit=5.148364e-01 best=5.094855e-01
[NA] iter=00012 eval=01069 misfit=5.238289e-01 best=5.094855e-01
[NA] iter=00012 eval=01070 misfit=5.180546e-01 best=5.094855e-01
[NA] iter=00012 eval=01071 misfit=5.236847e-01 best=5.094855e-01
[NA] iter=00012 eval=01072 misfit=5.245691e-01 best=5.094855e-01
[NA] iter=00012 eval=01073 misfit=5.229630e-01 best=5.094855e-01
[NA] iter=00012 eval=01074 misfit=5.166162e-01 best=5.094855e-01
[NA] iter=00012 eval=01075 misfit=5.212851e-01 best=5.094855e-01
[NA] iter=00012 eval=01076 misfit=5.216360e-01 best=5.094855e-01
[NA] iter=00012 eval=01077 misfit=5.121190e-01 best=5.094855e-01
[NA] iter=00012 eval=01078 misfit=5.141292e-01 best=5.094855e-01
[NA] iter=00012 eval=01079 misfit=5.177095e-01 best=5.094855e-01
[NA] iter=00012 eval=01080 misfit=5.105395e-01 best=5.094855e-01
[NA] iter=00012 eval=01081 misfit=5.174585e-01 best=5.094855e-01
[NA] iter=00012 eval=01082 misfit=5.201577e-01 best=5.094855e-01
[NA] iter=00012 eval=01083 misfit=5.170900e-01 best=5.094855e-01
[NA] iter=00012 eval=01084 misfit=5.127377e-01 best=5.094855e-01
[NA] iter=00012 eval=01085 misfit=5.226136e-01 best=5.094855e-01
[NA] iter=00012 eval=01086 misfit=5.163361e-01 best=5.094855e-01
[NA] iter=00012 eval=01087 misfit=5.215852e-01 best=5.094855e-01
[NA] iter=00012 eval=01088 misfit=5.232294e-01 best=5.094855e-01
[NA] iter=00012 eval=01089 misfit=5.151531e-01 best=5.094855e-01
[NA] iter=00012 eval=01090 misfit=5.128585e-01 best=5.094855e-01
[NA] iter=00012 eval=01091 misfit=5.181417e-01 best=5.094855e-01
[NA] iter=00012 eval=01092 misfit=5.264007e-01 best=5.094855e-01
[NA] iter=00012 eval=01093 misfit=5.273211e-01 best=5.094855e-01
[NA] iter=00012 eval=01094 misfit=5.219454e-01 best=5.094855e-01
[NA] iter=00012 eval=01095 misfit=5.335501e-01 best=5.094855e-01
[NA] iter=00012 eval=01096 misfit=5.298010e-01 best=5.094855e-01
[NA] iter=00012 eval=01097 misfit=5.137337e-01 best=5.094855e-01
[NA] iter=00012 eval=01098 misfit=5.276180e-01 best=5.094855e-01
[NA] iter=00012 eval=01099 misfit=5.252418e-01 best=5.094855e-01
[NA] iter=00012 eval=01100 misfit=5.380817e-01 best=5.094855e-01
NAI - Optimisation Loop:  24%|██▍       | 12/50 [34:37<1:48:43, 171.67s/it][NA] iter=00013 eval=01101 misfit=5.163639e-01 best=5.094855e-01
[NA] iter=00013 eval=01102 misfit=5.277828e-01 best=5.094855e-01
[NA] iter=00013 eval=01103 misfit=5.152752e-01 best=5.094855e-01
[NA] iter=00013 eval=01104 misfit=5.090948e-01 best=5.090948e-01
[NA] iter=00013 eval=01105 misfit=5.195935e-01 best=5.090948e-01
[NA] iter=00013 eval=01106 misfit=5.219655e-01 best=5.090948e-01
[NA] iter=00013 eval=01107 misfit=5.242104e-01 best=5.090948e-01
[NA] iter=00013 eval=01108 misfit=5.117403e-01 best=5.090948e-01
[NA] iter=00013 eval=01109 misfit=5.160787e-01 best=5.090948e-01
[NA] iter=00013 eval=01110 misfit=5.331939e-01 best=5.090948e-01
[NA] iter=00013 eval=01111 misfit=5.417224e-01 best=5.090948e-01
[NA] iter=00013 eval=01112 misfit=5.224481e-01 best=5.090948e-01
[NA] iter=00013 eval=01113 misfit=5.179366e-01 best=5.090948e-01
[NA] iter=00013 eval=01114 misfit=5.183677e-01 best=5.090948e-01
[NA] iter=00013 eval=01115 misfit=5.182077e-01 best=5.090948e-01
[NA] iter=00013 eval=01116 misfit=5.098165e-01 best=5.090948e-01
[NA] iter=00013 eval=01117 misfit=5.204582e-01 best=5.090948e-01
[NA] iter=00013 eval=01118 misfit=5.223502e-01 best=5.090948e-01
[NA] iter=00013 eval=01119 misfit=5.143987e-01 best=5.090948e-01
[NA] iter=00013 eval=01120 misfit=5.247425e-01 best=5.090948e-01
[NA] iter=00013 eval=01121 misfit=5.239880e-01 best=5.090948e-01
[NA] iter=00013 eval=01122 misfit=5.240875e-01 best=5.090948e-01
[NA] iter=00013 eval=01123 misfit=5.259676e-01 best=5.090948e-01
[NA] iter=00013 eval=01124 misfit=5.216323e-01 best=5.090948e-01
[NA] iter=00013 eval=01125 misfit=5.202307e-01 best=5.090948e-01
[NA] iter=00013 eval=01126 misfit=5.123904e-01 best=5.090948e-01
[NA] iter=00013 eval=01127 misfit=5.164910e-01 best=5.090948e-01
[NA] iter=00013 eval=01128 misfit=5.183885e-01 best=5.090948e-01
[NA] iter=00013 eval=01129 misfit=5.122014e-01 best=5.090948e-01
[NA] iter=00013 eval=01130 misfit=5.148053e-01 best=5.090948e-01
[NA] iter=00013 eval=01131 misfit=5.152808e-01 best=5.090948e-01
[NA] iter=00013 eval=01132 misfit=5.126086e-01 best=5.090948e-01
[NA] iter=00013 eval=01133 misfit=5.201430e-01 best=5.090948e-01
[NA] iter=00013 eval=01134 misfit=5.200576e-01 best=5.090948e-01
[NA] iter=00013 eval=01135 misfit=5.175120e-01 best=5.090948e-01
[NA] iter=00013 eval=01136 misfit=5.136086e-01 best=5.090948e-01
[NA] iter=00013 eval=01137 misfit=5.098950e-01 best=5.090948e-01
[NA] iter=00013 eval=01138 misfit=5.076424e-01 best=5.076424e-01
[NA] iter=00013 eval=01139 misfit=5.140373e-01 best=5.076424e-01
[NA] iter=00013 eval=01140 misfit=5.185280e-01 best=5.076424e-01
[NA] iter=00013 eval=01141 misfit=5.242556e-01 best=5.076424e-01
[NA] iter=00013 eval=01142 misfit=5.250645e-01 best=5.076424e-01
[NA] iter=00013 eval=01143 misfit=5.219627e-01 best=5.076424e-01
[NA] iter=00013 eval=01144 misfit=5.147306e-01 best=5.076424e-01
[NA] iter=00013 eval=01145 misfit=5.181933e-01 best=5.076424e-01
[NA] iter=00013 eval=01146 misfit=5.244391e-01 best=5.076424e-01
[NA] iter=00013 eval=01147 misfit=5.256831e-01 best=5.076424e-01
[NA] iter=00013 eval=01148 misfit=5.136157e-01 best=5.076424e-01
[NA] iter=00013 eval=01149 misfit=5.233106e-01 best=5.076424e-01
[NA] iter=00013 eval=01150 misfit=5.255806e-01 best=5.076424e-01
NAI - Optimisation Loop:  26%|██▌       | 13/50 [37:28<1:45:44, 171.46s/it][NA] iter=00014 eval=01151 misfit=5.138190e-01 best=5.076424e-01
[NA] iter=00014 eval=01152 misfit=5.121416e-01 best=5.076424e-01
[NA] iter=00014 eval=01153 misfit=5.120152e-01 best=5.076424e-01
[NA] iter=00014 eval=01154 misfit=5.387800e-01 best=5.076424e-01
[NA] iter=00014 eval=01155 misfit=5.194544e-01 best=5.076424e-01
[NA] iter=00014 eval=01156 misfit=5.286106e-01 best=5.076424e-01
[NA] iter=00014 eval=01157 misfit=5.122457e-01 best=5.076424e-01
[NA] iter=00014 eval=01158 misfit=5.370611e-01 best=5.076424e-01
[NA] iter=00014 eval=01159 misfit=5.374358e-01 best=5.076424e-01
[NA] iter=00014 eval=01160 misfit=5.308720e-01 best=5.076424e-01
[NA] iter=00014 eval=01161 misfit=5.111217e-01 best=5.076424e-01
[NA] iter=00014 eval=01162 misfit=5.086691e-01 best=5.076424e-01
[NA] iter=00014 eval=01163 misfit=5.134167e-01 best=5.076424e-01
[NA] iter=00014 eval=01164 misfit=5.192666e-01 best=5.076424e-01
[NA] iter=00014 eval=01165 misfit=5.122341e-01 best=5.076424e-01
[NA] iter=00014 eval=01166 misfit=5.129922e-01 best=5.076424e-01
[NA] iter=00014 eval=01167 misfit=5.120494e-01 best=5.076424e-01
[NA] iter=00014 eval=01168 misfit=5.507545e-01 best=5.076424e-01
[NA] iter=00014 eval=01169 misfit=5.156450e-01 best=5.076424e-01
[NA] iter=00014 eval=01170 misfit=5.237863e-01 best=5.076424e-01
[NA] iter=00014 eval=01171 misfit=5.164747e-01 best=5.076424e-01
[NA] iter=00014 eval=01172 misfit=5.155783e-01 best=5.076424e-01
[NA] iter=00014 eval=01173 misfit=5.261796e-01 best=5.076424e-01
[NA] iter=00014 eval=01174 misfit=5.146761e-01 best=5.076424e-01
[NA] iter=00014 eval=01175 misfit=5.100957e-01 best=5.076424e-01
[NA] iter=00014 eval=01176 misfit=5.269136e-01 best=5.076424e-01
[NA] iter=00014 eval=01177 misfit=5.230240e-01 best=5.076424e-01
[NA] iter=00014 eval=01178 misfit=5.168694e-01 best=5.076424e-01
[NA] iter=00014 eval=01179 misfit=5.116047e-01 best=5.076424e-01
[NA] iter=00014 eval=01180 misfit=5.153227e-01 best=5.076424e-01
[NA] iter=00014 eval=01181 misfit=5.133612e-01 best=5.076424e-01
[NA] iter=00014 eval=01182 misfit=5.180058e-01 best=5.076424e-01
[NA] iter=00014 eval=01183 misfit=5.193205e-01 best=5.076424e-01
[NA] iter=00014 eval=01184 misfit=5.218995e-01 best=5.076424e-01
[NA] iter=00014 eval=01185 misfit=5.091335e-01 best=5.076424e-01
[NA] iter=00014 eval=01186 misfit=5.076935e-01 best=5.076424e-01
[NA] iter=00014 eval=01187 misfit=5.153949e-01 best=5.076424e-01
[NA] iter=00014 eval=01188 misfit=5.156114e-01 best=5.076424e-01
[NA] iter=00014 eval=01189 misfit=5.233057e-01 best=5.076424e-01
[NA] iter=00014 eval=01190 misfit=5.134120e-01 best=5.076424e-01
[NA] iter=00014 eval=01191 misfit=5.229186e-01 best=5.076424e-01
[NA] iter=00014 eval=01192 misfit=5.047160e-01 best=5.047160e-01
[NA] iter=00014 eval=01193 misfit=5.059356e-01 best=5.047160e-01
[NA] iter=00014 eval=01194 misfit=5.119587e-01 best=5.047160e-01
[NA] iter=00014 eval=01195 misfit=5.178726e-01 best=5.047160e-01
[NA] iter=00014 eval=01196 misfit=5.142413e-01 best=5.047160e-01
[NA] iter=00014 eval=01197 misfit=5.097880e-01 best=5.047160e-01
[NA] iter=00014 eval=01198 misfit=5.126456e-01 best=5.047160e-01
[NA] iter=00014 eval=01199 misfit=5.170936e-01 best=5.047160e-01
[NA] iter=00014 eval=01200 misfit=5.129303e-01 best=5.047160e-01
NAI - Optimisation Loop:  28%|██▊       | 14/50 [40:16<1:42:20, 170.57s/it][NA] iter=00015 eval=01201 misfit=5.128753e-01 best=5.047160e-01
[NA] iter=00015 eval=01202 misfit=5.243125e-01 best=5.047160e-01
[NA] iter=00015 eval=01203 misfit=5.293388e-01 best=5.047160e-01
[NA] iter=00015 eval=01204 misfit=5.278576e-01 best=5.047160e-01
[NA] iter=00015 eval=01205 misfit=5.043885e-01 best=5.043885e-01
[NA] iter=00015 eval=01206 misfit=5.082248e-01 best=5.043885e-01
[NA] iter=00015 eval=01207 misfit=5.049997e-01 best=5.043885e-01
[NA] iter=00015 eval=01208 misfit=5.137854e-01 best=5.043885e-01
[NA] iter=00015 eval=01209 misfit=5.120554e-01 best=5.043885e-01
[NA] iter=00015 eval=01210 misfit=5.147577e-01 best=5.043885e-01
[NA] iter=00015 eval=01211 misfit=5.082797e-01 best=5.043885e-01
[NA] iter=00015 eval=01212 misfit=5.078960e-01 best=5.043885e-01
[NA] iter=00015 eval=01213 misfit=5.093038e-01 best=5.043885e-01
[NA] iter=00015 eval=01214 misfit=5.095338e-01 best=5.043885e-01
[NA] iter=00015 eval=01215 misfit=5.074052e-01 best=5.043885e-01
[NA] iter=00015 eval=01216 misfit=5.138663e-01 best=5.043885e-01
[NA] iter=00015 eval=01217 misfit=5.190780e-01 best=5.043885e-01
[NA] iter=00015 eval=01218 misfit=5.067122e-01 best=5.043885e-01
[NA] iter=00015 eval=01219 misfit=5.117280e-01 best=5.043885e-01
[NA] iter=00015 eval=01220 misfit=5.140698e-01 best=5.043885e-01
[NA] iter=00015 eval=01221 misfit=5.090293e-01 best=5.043885e-01
[NA] iter=00015 eval=01222 misfit=5.153971e-01 best=5.043885e-01
[NA] iter=00015 eval=01223 misfit=5.152012e-01 best=5.043885e-01
[NA] iter=00015 eval=01224 misfit=5.109750e-01 best=5.043885e-01
[NA] iter=00015 eval=01225 misfit=5.089209e-01 best=5.043885e-01
[NA] iter=00015 eval=01226 misfit=5.166319e-01 best=5.043885e-01
[NA] iter=00015 eval=01227 misfit=5.095892e-01 best=5.043885e-01
[NA] iter=00015 eval=01228 misfit=5.100220e-01 best=5.043885e-01
[NA] iter=00015 eval=01229 misfit=5.083234e-01 best=5.043885e-01
[NA] iter=00015 eval=01230 misfit=5.191505e-01 best=5.043885e-01
[NA] iter=00015 eval=01231 misfit=5.140240e-01 best=5.043885e-01
[NA] iter=00015 eval=01232 misfit=5.131830e-01 best=5.043885e-01
[NA] iter=00015 eval=01233 misfit=5.116805e-01 best=5.043885e-01
[NA] iter=00015 eval=01234 misfit=5.088663e-01 best=5.043885e-01
[NA] iter=00015 eval=01235 misfit=5.130555e-01 best=5.043885e-01
[NA] iter=00015 eval=01236 misfit=5.169964e-01 best=5.043885e-01
[NA] iter=00015 eval=01237 misfit=5.089253e-01 best=5.043885e-01
[NA] iter=00015 eval=01238 misfit=5.108972e-01 best=5.043885e-01
[NA] iter=00015 eval=01239 misfit=5.107792e-01 best=5.043885e-01
[NA] iter=00015 eval=01240 misfit=5.109204e-01 best=5.043885e-01
[NA] iter=00015 eval=01241 misfit=5.441671e-01 best=5.043885e-01
[NA] iter=00015 eval=01242 misfit=5.194228e-01 best=5.043885e-01
[NA] iter=00015 eval=01243 misfit=5.307852e-01 best=5.043885e-01
[NA] iter=00015 eval=01244 misfit=5.439647e-01 best=5.043885e-01
[NA] iter=00015 eval=01245 misfit=5.120193e-01 best=5.043885e-01
[NA] iter=00015 eval=01246 misfit=5.163372e-01 best=5.043885e-01
[NA] iter=00015 eval=01247 misfit=5.121646e-01 best=5.043885e-01
[NA] iter=00015 eval=01248 misfit=5.096549e-01 best=5.043885e-01
[NA] iter=00015 eval=01249 misfit=5.127835e-01 best=5.043885e-01
[NA] iter=00015 eval=01250 misfit=5.116588e-01 best=5.043885e-01
NAI - Optimisation Loop:  30%|███       | 15/50 [43:06<1:39:18, 170.24s/it][NA] iter=00016 eval=01251 misfit=5.075062e-01 best=5.043885e-01
[NA] iter=00016 eval=01252 misfit=5.042584e-01 best=5.042584e-01
[NA] iter=00016 eval=01253 misfit=5.053125e-01 best=5.042584e-01
[NA] iter=00016 eval=01254 misfit=5.152054e-01 best=5.042584e-01
[NA] iter=00016 eval=01255 misfit=5.074168e-01 best=5.042584e-01
[NA] iter=00016 eval=01256 misfit=5.160633e-01 best=5.042584e-01
[NA] iter=00016 eval=01257 misfit=5.144553e-01 best=5.042584e-01
[NA] iter=00016 eval=01258 misfit=5.247861e-01 best=5.042584e-01
[NA] iter=00016 eval=01259 misfit=5.237848e-01 best=5.042584e-01
[NA] iter=00016 eval=01260 misfit=5.038689e-01 best=5.038689e-01
[NA] iter=00016 eval=01261 misfit=5.120094e-01 best=5.038689e-01
[NA] iter=00016 eval=01262 misfit=5.143022e-01 best=5.038689e-01
[NA] iter=00016 eval=01263 misfit=5.116526e-01 best=5.038689e-01
[NA] iter=00016 eval=01264 misfit=5.152965e-01 best=5.038689e-01
[NA] iter=00016 eval=01265 misfit=5.085596e-01 best=5.038689e-01
[NA] iter=00016 eval=01266 misfit=5.114541e-01 best=5.038689e-01
[NA] iter=00016 eval=01267 misfit=5.130409e-01 best=5.038689e-01
[NA] iter=00016 eval=01268 misfit=5.092614e-01 best=5.038689e-01
[NA] iter=00016 eval=01269 misfit=5.109385e-01 best=5.038689e-01
[NA] iter=00016 eval=01270 misfit=5.062688e-01 best=5.038689e-01
[NA] iter=00016 eval=01271 misfit=5.203045e-01 best=5.038689e-01
[NA] iter=00016 eval=01272 misfit=5.155978e-01 best=5.038689e-01
[NA] iter=00016 eval=01273 misfit=5.178862e-01 best=5.038689e-01
[NA] iter=00016 eval=01274 misfit=5.193205e-01 best=5.038689e-01
[NA] iter=00016 eval=01275 misfit=5.202776e-01 best=5.038689e-01
[NA] iter=00016 eval=01276 misfit=5.116154e-01 best=5.038689e-01
[NA] iter=00016 eval=01277 misfit=5.133615e-01 best=5.038689e-01
[NA] iter=00016 eval=01278 misfit=5.123880e-01 best=5.038689e-01
[NA] iter=00016 eval=01279 misfit=5.085049e-01 best=5.038689e-01
[NA] iter=00016 eval=01280 misfit=5.154439e-01 best=5.038689e-01
[NA] iter=00016 eval=01281 misfit=5.085047e-01 best=5.038689e-01
[NA] iter=00016 eval=01282 misfit=5.079940e-01 best=5.038689e-01
[NA] iter=00016 eval=01283 misfit=5.087429e-01 best=5.038689e-01
[NA] iter=00016 eval=01284 misfit=5.068369e-01 best=5.038689e-01
[NA] iter=00016 eval=01285 misfit=5.034652e-01 best=5.034652e-01
[NA] iter=00016 eval=01286 misfit=5.138369e-01 best=5.034652e-01
[NA] iter=00016 eval=01287 misfit=5.121434e-01 best=5.034652e-01
[NA] iter=00016 eval=01288 misfit=5.137856e-01 best=5.034652e-01
[NA] iter=00016 eval=01289 misfit=5.177678e-01 best=5.034652e-01
[NA] iter=00016 eval=01290 misfit=5.085376e-01 best=5.034652e-01
[NA] iter=00016 eval=01291 misfit=5.209753e-01 best=5.034652e-01
[NA] iter=00016 eval=01292 misfit=5.093654e-01 best=5.034652e-01
[NA] iter=00016 eval=01293 misfit=5.101937e-01 best=5.034652e-01
[NA] iter=00016 eval=01294 misfit=5.178399e-01 best=5.034652e-01
[NA] iter=00016 eval=01295 misfit=5.023105e-01 best=5.023105e-01
[NA] iter=00016 eval=01296 misfit=5.211249e-01 best=5.023105e-01
[NA] iter=00016 eval=01297 misfit=5.109691e-01 best=5.023105e-01
[NA] iter=00016 eval=01298 misfit=5.093537e-01 best=5.023105e-01
[NA] iter=00016 eval=01299 misfit=5.140043e-01 best=5.023105e-01
[NA] iter=00016 eval=01300 misfit=5.169161e-01 best=5.023105e-01
NAI - Optimisation Loop:  32%|███▏      | 16/50 [45:58<1:36:50, 170.90s/it][NA] iter=00017 eval=01301 misfit=5.024023e-01 best=5.023105e-01
[NA] iter=00017 eval=01302 misfit=5.287319e-01 best=5.023105e-01
[NA] iter=00017 eval=01303 misfit=5.230714e-01 best=5.023105e-01
[NA] iter=00017 eval=01304 misfit=5.273393e-01 best=5.023105e-01
[NA] iter=00017 eval=01305 misfit=5.037636e-01 best=5.023105e-01
[NA] iter=00017 eval=01306 misfit=5.020926e-01 best=5.020926e-01
[NA] iter=00017 eval=01307 misfit=5.078209e-01 best=5.020926e-01
[NA] iter=00017 eval=01308 misfit=5.080061e-01 best=5.020926e-01
[NA] iter=00017 eval=01309 misfit=5.092527e-01 best=5.020926e-01
[NA] iter=00017 eval=01310 misfit=5.132647e-01 best=5.020926e-01
[NA] iter=00017 eval=01311 misfit=5.159430e-01 best=5.020926e-01
[NA] iter=00017 eval=01312 misfit=5.153826e-01 best=5.020926e-01
[NA] iter=00017 eval=01313 misfit=5.239320e-01 best=5.020926e-01
[NA] iter=00017 eval=01314 misfit=5.161041e-01 best=5.020926e-01
[NA] iter=00017 eval=01315 misfit=5.122540e-01 best=5.020926e-01
[NA] iter=00017 eval=01316 misfit=5.038686e-01 best=5.020926e-01
[NA] iter=00017 eval=01317 misfit=5.233141e-01 best=5.020926e-01
[NA] iter=00017 eval=01318 misfit=5.105609e-01 best=5.020926e-01
[NA] iter=00017 eval=01319 misfit=5.153617e-01 best=5.020926e-01
[NA] iter=00017 eval=01320 misfit=5.040690e-01 best=5.020926e-01
[NA] iter=00017 eval=01321 misfit=5.133767e-01 best=5.020926e-01
[NA] iter=00017 eval=01322 misfit=5.079278e-01 best=5.020926e-01
[NA] iter=00017 eval=01323 misfit=5.074678e-01 best=5.020926e-01
[NA] iter=00017 eval=01324 misfit=5.123045e-01 best=5.020926e-01
[NA] iter=00017 eval=01325 misfit=5.124730e-01 best=5.020926e-01
[NA] iter=00017 eval=01326 misfit=5.142656e-01 best=5.020926e-01
[NA] iter=00017 eval=01327 misfit=5.136030e-01 best=5.020926e-01
[NA] iter=00017 eval=01328 misfit=5.244750e-01 best=5.020926e-01
[NA] iter=00017 eval=01329 misfit=5.101646e-01 best=5.020926e-01
[NA] iter=00017 eval=01330 misfit=5.042117e-01 best=5.020926e-01
[NA] iter=00017 eval=01331 misfit=5.117017e-01 best=5.020926e-01
[NA] iter=00017 eval=01332 misfit=5.082273e-01 best=5.020926e-01
[NA] iter=00017 eval=01333 misfit=5.156258e-01 best=5.020926e-01
[NA] iter=00017 eval=01334 misfit=5.124758e-01 best=5.020926e-01
[NA] iter=00017 eval=01335 misfit=5.106372e-01 best=5.020926e-01
[NA] iter=00017 eval=01336 misfit=5.050729e-01 best=5.020926e-01
[NA] iter=00017 eval=01337 misfit=5.259019e-01 best=5.020926e-01
[NA] iter=00017 eval=01338 misfit=5.155447e-01 best=5.020926e-01
[NA] iter=00017 eval=01339 misfit=5.100373e-01 best=5.020926e-01
[NA] iter=00017 eval=01340 misfit=5.155306e-01 best=5.020926e-01
[NA] iter=00017 eval=01341 misfit=5.054596e-01 best=5.020926e-01
[NA] iter=00017 eval=01342 misfit=5.132811e-01 best=5.020926e-01
[NA] iter=00017 eval=01343 misfit=5.239956e-01 best=5.020926e-01
[NA] iter=00017 eval=01344 misfit=5.020236e-01 best=5.020236e-01
[NA] iter=00017 eval=01345 misfit=5.128125e-01 best=5.020236e-01
[NA] iter=00017 eval=01346 misfit=5.056936e-01 best=5.020236e-01
[NA] iter=00017 eval=01347 misfit=5.117908e-01 best=5.020236e-01
[NA] iter=00017 eval=01348 misfit=5.100747e-01 best=5.020236e-01
[NA] iter=00017 eval=01349 misfit=5.136805e-01 best=5.020236e-01
[NA] iter=00017 eval=01350 misfit=5.034802e-01 best=5.020236e-01
NAI - Optimisation Loop:  34%|███▍      | 17/50 [48:52<1:34:29, 171.79s/it][NA] iter=00018 eval=01351 misfit=5.127173e-01 best=5.020236e-01
[NA] iter=00018 eval=01352 misfit=5.036691e-01 best=5.020236e-01
[NA] iter=00018 eval=01353 misfit=5.074847e-01 best=5.020236e-01
[NA] iter=00018 eval=01354 misfit=5.108649e-01 best=5.020236e-01
[NA] iter=00018 eval=01355 misfit=5.037475e-01 best=5.020236e-01
[NA] iter=00018 eval=01356 misfit=5.194239e-01 best=5.020236e-01
[NA] iter=00018 eval=01357 misfit=5.074544e-01 best=5.020236e-01
[NA] iter=00018 eval=01358 misfit=5.045294e-01 best=5.020236e-01
[NA] iter=00018 eval=01359 misfit=5.043271e-01 best=5.020236e-01
[NA] iter=00018 eval=01360 misfit=5.188951e-01 best=5.020236e-01
[NA] iter=00018 eval=01361 misfit=5.116801e-01 best=5.020236e-01
[NA] iter=00018 eval=01362 misfit=5.014789e-01 best=5.014789e-01
[NA] iter=00018 eval=01363 misfit=5.029138e-01 best=5.014789e-01
[NA] iter=00018 eval=01364 misfit=5.024483e-01 best=5.014789e-01
[NA] iter=00018 eval=01365 misfit=5.022767e-01 best=5.014789e-01
[NA] iter=00018 eval=01366 misfit=5.149300e-01 best=5.014789e-01
[NA] iter=00018 eval=01367 misfit=5.147278e-01 best=5.014789e-01
[NA] iter=00018 eval=01368 misfit=5.117204e-01 best=5.014789e-01
[NA] iter=00018 eval=01369 misfit=5.083518e-01 best=5.014789e-01
[NA] iter=00018 eval=01370 misfit=5.136355e-01 best=5.014789e-01
[NA] iter=00018 eval=01371 misfit=5.072655e-01 best=5.014789e-01
[NA] iter=00018 eval=01372 misfit=5.033023e-01 best=5.014789e-01
[NA] iter=00018 eval=01373 misfit=5.028926e-01 best=5.014789e-01
[NA] iter=00018 eval=01374 misfit=5.031080e-01 best=5.014789e-01
[NA] iter=00018 eval=01375 misfit=5.033440e-01 best=5.014789e-01
[NA] iter=00018 eval=01376 misfit=5.119753e-01 best=5.014789e-01
[NA] iter=00018 eval=01377 misfit=5.106503e-01 best=5.014789e-01
[NA] iter=00018 eval=01378 misfit=5.077450e-01 best=5.014789e-01
[NA] iter=00018 eval=01379 misfit=5.102493e-01 best=5.014789e-01
[NA] iter=00018 eval=01380 misfit=5.245990e-01 best=5.014789e-01
[NA] iter=00018 eval=01381 misfit=5.119856e-01 best=5.014789e-01
[NA] iter=00018 eval=01382 misfit=5.198930e-01 best=5.014789e-01
[NA] iter=00018 eval=01383 misfit=5.184647e-01 best=5.014789e-01
[NA] iter=00018 eval=01384 misfit=5.102500e-01 best=5.014789e-01
[NA] iter=00018 eval=01385 misfit=5.190204e-01 best=5.014789e-01
[NA] iter=00018 eval=01386 misfit=5.127084e-01 best=5.014789e-01
[NA] iter=00018 eval=01387 misfit=5.129958e-01 best=5.014789e-01
[NA] iter=00018 eval=01388 misfit=5.119780e-01 best=5.014789e-01
[NA] iter=00018 eval=01389 misfit=5.119679e-01 best=5.014789e-01
[NA] iter=00018 eval=01390 misfit=5.036036e-01 best=5.014789e-01
[NA] iter=00018 eval=01391 misfit=5.133647e-01 best=5.014789e-01
[NA] iter=00018 eval=01392 misfit=5.139180e-01 best=5.014789e-01
[NA] iter=00018 eval=01393 misfit=5.033650e-01 best=5.014789e-01
[NA] iter=00018 eval=01394 misfit=5.042067e-01 best=5.014789e-01
[NA] iter=00018 eval=01395 misfit=5.135775e-01 best=5.014789e-01
[NA] iter=00018 eval=01396 misfit=5.235751e-01 best=5.014789e-01
[NA] iter=00018 eval=01397 misfit=5.133806e-01 best=5.014789e-01
[NA] iter=00018 eval=01398 misfit=5.127570e-01 best=5.014789e-01
[NA] iter=00018 eval=01399 misfit=5.039379e-01 best=5.014789e-01
[NA] iter=00018 eval=01400 misfit=5.035785e-01 best=5.014789e-01
NAI - Optimisation Loop:  36%|███▌      | 18/50 [51:45<1:31:48, 172.13s/it][NA] iter=00019 eval=01401 misfit=5.067543e-01 best=5.014789e-01
[NA] iter=00019 eval=01402 misfit=5.070334e-01 best=5.014789e-01
[NA] iter=00019 eval=01403 misfit=5.075045e-01 best=5.014789e-01
[NA] iter=00019 eval=01404 misfit=5.075257e-01 best=5.014789e-01
[NA] iter=00019 eval=01405 misfit=5.067848e-01 best=5.014789e-01
[NA] iter=00019 eval=01406 misfit=5.133702e-01 best=5.014789e-01
[NA] iter=00019 eval=01407 misfit=5.132759e-01 best=5.014789e-01
[NA] iter=00019 eval=01408 misfit=5.111231e-01 best=5.014789e-01
[NA] iter=00019 eval=01409 misfit=5.116401e-01 best=5.014789e-01
[NA] iter=00019 eval=01410 misfit=5.131346e-01 best=5.014789e-01
[NA] iter=00019 eval=01411 misfit=5.132680e-01 best=5.014789e-01
[NA] iter=00019 eval=01412 misfit=5.034012e-01 best=5.014789e-01
[NA] iter=00019 eval=01413 misfit=5.344018e-01 best=5.014789e-01
[NA] iter=00019 eval=01414 misfit=5.351623e-01 best=5.014789e-01
[NA] iter=00019 eval=01415 misfit=5.136182e-01 best=5.014789e-01
[NA] iter=00019 eval=01416 misfit=5.025485e-01 best=5.014789e-01
[NA] iter=00019 eval=01417 misfit=5.119733e-01 best=5.014789e-01
[NA] iter=00019 eval=01418 misfit=5.163579e-01 best=5.014789e-01
[NA] iter=00019 eval=01419 misfit=5.108329e-01 best=5.014789e-01
[NA] iter=00019 eval=01420 misfit=5.069342e-01 best=5.014789e-01
[NA] iter=00019 eval=01421 misfit=5.015146e-01 best=5.014789e-01
[NA] iter=00019 eval=01422 misfit=5.021220e-01 best=5.014789e-01
[NA] iter=00019 eval=01423 misfit=5.022041e-01 best=5.014789e-01
[NA] iter=00019 eval=01424 misfit=5.026065e-01 best=5.014789e-01
[NA] iter=00019 eval=01425 misfit=5.070969e-01 best=5.014789e-01
[NA] iter=00019 eval=01426 misfit=5.081164e-01 best=5.014789e-01
[NA] iter=00019 eval=01427 misfit=5.075952e-01 best=5.014789e-01
[NA] iter=00019 eval=01428 misfit=5.027109e-01 best=5.014789e-01
[NA] iter=00019 eval=01429 misfit=5.066598e-01 best=5.014789e-01
[NA] iter=00019 eval=01430 misfit=5.083875e-01 best=5.014789e-01
[NA] iter=00019 eval=01431 misfit=5.081160e-01 best=5.014789e-01
[NA] iter=00019 eval=01432 misfit=5.074280e-01 best=5.014789e-01
[NA] iter=00019 eval=01433 misfit=5.066485e-01 best=5.014789e-01
[NA] iter=00019 eval=01434 misfit=5.078944e-01 best=5.014789e-01
[NA] iter=00019 eval=01435 misfit=5.017944e-01 best=5.014789e-01
[NA] iter=00019 eval=01436 misfit=5.026039e-01 best=5.014789e-01
[NA] iter=00019 eval=01437 misfit=5.088879e-01 best=5.014789e-01
[NA] iter=00019 eval=01438 misfit=5.027122e-01 best=5.014789e-01
[NA] iter=00019 eval=01439 misfit=5.026896e-01 best=5.014789e-01
[NA] iter=00019 eval=01440 misfit=5.076184e-01 best=5.014789e-01
[NA] iter=00019 eval=01441 misfit=5.035081e-01 best=5.014789e-01
[NA] iter=00019 eval=01442 misfit=5.238595e-01 best=5.014789e-01
[NA] iter=00019 eval=01443 misfit=5.131967e-01 best=5.014789e-01
[NA] iter=00019 eval=01444 misfit=5.145971e-01 best=5.014789e-01
[NA] iter=00019 eval=01445 misfit=5.188170e-01 best=5.014789e-01
[NA] iter=00019 eval=01446 misfit=5.154465e-01 best=5.014789e-01
[NA] iter=00019 eval=01447 misfit=5.038849e-01 best=5.014789e-01
[NA] iter=00019 eval=01448 misfit=5.049122e-01 best=5.014789e-01
[NA] iter=00019 eval=01449 misfit=5.034762e-01 best=5.014789e-01
[NA] iter=00019 eval=01450 misfit=5.029177e-01 best=5.014789e-01
NAI - Optimisation Loop:  38%|███▊      | 19/50 [54:41<1:29:33, 173.35s/it][NA] iter=00020 eval=01451 misfit=5.018223e-01 best=5.014789e-01
[NA] iter=00020 eval=01452 misfit=5.020435e-01 best=5.014789e-01
[NA] iter=00020 eval=01453 misfit=5.022072e-01 best=5.014789e-01
[NA] iter=00020 eval=01454 misfit=5.019063e-01 best=5.014789e-01
[NA] iter=00020 eval=01455 misfit=5.067779e-01 best=5.014789e-01
[NA] iter=00020 eval=01456 misfit=5.181054e-01 best=5.014789e-01
[NA] iter=00020 eval=01457 misfit=5.072916e-01 best=5.014789e-01
[NA] iter=00020 eval=01458 misfit=5.130964e-01 best=5.014789e-01
[NA] iter=00020 eval=01459 misfit=5.018347e-01 best=5.014789e-01
[NA] iter=00020 eval=01460 misfit=5.070834e-01 best=5.014789e-01
[NA] iter=00020 eval=01461 misfit=5.018228e-01 best=5.014789e-01
[NA] iter=00020 eval=01462 misfit=5.019661e-01 best=5.014789e-01
[NA] iter=00020 eval=01463 misfit=5.016990e-01 best=5.014789e-01
[NA] iter=00020 eval=01464 misfit=5.070484e-01 best=5.014789e-01
[NA] iter=00020 eval=01465 misfit=5.021704e-01 best=5.014789e-01
[NA] iter=00020 eval=01466 misfit=5.112068e-01 best=5.014789e-01
[NA] iter=00020 eval=01467 misfit=5.059893e-01 best=5.014789e-01
[NA] iter=00020 eval=01468 misfit=5.132024e-01 best=5.014789e-01
[NA] iter=00020 eval=01469 misfit=5.039722e-01 best=5.014789e-01
[NA] iter=00020 eval=01470 misfit=5.064825e-01 best=5.014789e-01
[NA] iter=00020 eval=01471 misfit=5.021705e-01 best=5.014789e-01
[NA] iter=00020 eval=01472 misfit=5.031926e-01 best=5.014789e-01
[NA] iter=00020 eval=01473 misfit=5.198060e-01 best=5.014789e-01
[NA] iter=00020 eval=01474 misfit=5.191726e-01 best=5.014789e-01
[NA] iter=00020 eval=01475 misfit=5.028836e-01 best=5.014789e-01
[NA] iter=00020 eval=01476 misfit=5.185261e-01 best=5.014789e-01
[NA] iter=00020 eval=01477 misfit=5.138529e-01 best=5.014789e-01
[NA] iter=00020 eval=01478 misfit=5.173507e-01 best=5.014789e-01
[NA] iter=00020 eval=01479 misfit=5.031822e-01 best=5.014789e-01
[NA] iter=00020 eval=01480 misfit=5.019150e-01 best=5.014789e-01
[NA] iter=00020 eval=01481 misfit=5.013856e-01 best=5.013856e-01
[NA] iter=00020 eval=01482 misfit=5.025051e-01 best=5.013856e-01
[NA] iter=00020 eval=01483 misfit=5.024349e-01 best=5.013856e-01
[NA] iter=00020 eval=01484 misfit=5.021916e-01 best=5.013856e-01
[NA] iter=00020 eval=01485 misfit=5.025471e-01 best=5.013856e-01
[NA] iter=00020 eval=01486 misfit=5.072327e-01 best=5.013856e-01
[NA] iter=00020 eval=01487 misfit=5.013655e-01 best=5.013655e-01
[NA] iter=00020 eval=01488 misfit=5.016426e-01 best=5.013655e-01
[NA] iter=00020 eval=01489 misfit=5.076051e-01 best=5.013655e-01
[NA] iter=00020 eval=01490 misfit=5.077135e-01 best=5.013655e-01
[NA] iter=00020 eval=01491 misfit=5.071635e-01 best=5.013655e-01
[NA] iter=00020 eval=01492 misfit=5.020237e-01 best=5.013655e-01
[NA] iter=00020 eval=01493 misfit=5.020482e-01 best=5.013655e-01
[NA] iter=00020 eval=01494 misfit=5.023398e-01 best=5.013655e-01
[NA] iter=00020 eval=01495 misfit=5.022302e-01 best=5.013655e-01
[NA] iter=00020 eval=01496 misfit=5.077846e-01 best=5.013655e-01
[NA] iter=00020 eval=01497 misfit=5.016338e-01 best=5.013655e-01
[NA] iter=00020 eval=01498 misfit=5.016741e-01 best=5.013655e-01
[NA] iter=00020 eval=01499 misfit=5.019051e-01 best=5.013655e-01
[NA] iter=00020 eval=01500 misfit=5.016691e-01 best=5.013655e-01
NAI - Optimisation Loop:  40%|████      | 20/50 [57:34<1:26:34, 173.16s/it][NA] iter=00021 eval=01501 misfit=5.073386e-01 best=5.013655e-01
[NA] iter=00021 eval=01502 misfit=5.018217e-01 best=5.013655e-01
[NA] iter=00021 eval=01503 misfit=5.018357e-01 best=5.013655e-01
[NA] iter=00021 eval=01504 misfit=5.021242e-01 best=5.013655e-01
[NA] iter=00021 eval=01505 misfit=5.018510e-01 best=5.013655e-01
[NA] iter=00021 eval=01506 misfit=5.129776e-01 best=5.013655e-01
[NA] iter=00021 eval=01507 misfit=5.013416e-01 best=5.013416e-01
[NA] iter=00021 eval=01508 misfit=5.015855e-01 best=5.013416e-01
[NA] iter=00021 eval=01509 misfit=5.014293e-01 best=5.013416e-01
[NA] iter=00021 eval=01510 misfit=5.069566e-01 best=5.013416e-01
[NA] iter=00021 eval=01511 misfit=5.072302e-01 best=5.013416e-01
[NA] iter=00021 eval=01512 misfit=5.018178e-01 best=5.013416e-01
[NA] iter=00021 eval=01513 misfit=5.013978e-01 best=5.013416e-01
[NA] iter=00021 eval=01514 misfit=5.076466e-01 best=5.013416e-01
[NA] iter=00021 eval=01515 misfit=5.080628e-01 best=5.013416e-01
[NA] iter=00021 eval=01516 misfit=5.013111e-01 best=5.013111e-01
[NA] iter=00021 eval=01517 misfit=5.072843e-01 best=5.013111e-01
[NA] iter=00021 eval=01518 misfit=5.012105e-01 best=5.012105e-01
[NA] iter=00021 eval=01519 misfit=5.073818e-01 best=5.012105e-01
[NA] iter=00021 eval=01520 misfit=5.069009e-01 best=5.012105e-01
[NA] iter=00021 eval=01521 misfit=5.166025e-01 best=5.012105e-01
[NA] iter=00021 eval=01522 misfit=5.025656e-01 best=5.012105e-01
[NA] iter=00021 eval=01523 misfit=5.070368e-01 best=5.012105e-01
[NA] iter=00021 eval=01524 misfit=5.062882e-01 best=5.012105e-01
[NA] iter=00021 eval=01525 misfit=5.016363e-01 best=5.012105e-01
[NA] iter=00021 eval=01526 misfit=5.075468e-01 best=5.012105e-01
[NA] iter=00021 eval=01527 misfit=5.075108e-01 best=5.012105e-01
[NA] iter=00021 eval=01528 misfit=5.069248e-01 best=5.012105e-01
[NA] iter=00021 eval=01529 misfit=5.017007e-01 best=5.012105e-01
[NA] iter=00021 eval=01530 misfit=5.076527e-01 best=5.012105e-01
[NA] iter=00021 eval=01531 misfit=5.064063e-01 best=5.012105e-01
[NA] iter=00021 eval=01532 misfit=5.114450e-01 best=5.012105e-01
[NA] iter=00021 eval=01533 misfit=5.012854e-01 best=5.012105e-01
[NA] iter=00021 eval=01534 misfit=5.067182e-01 best=5.012105e-01
[NA] iter=00021 eval=01535 misfit=5.073016e-01 best=5.012105e-01
[NA] iter=00021 eval=01536 misfit=5.124757e-01 best=5.012105e-01
[NA] iter=00021 eval=01537 misfit=5.019700e-01 best=5.012105e-01
[NA] iter=00021 eval=01538 misfit=5.020053e-01 best=5.012105e-01
[NA] iter=00021 eval=01539 misfit=5.128824e-01 best=5.012105e-01
[NA] iter=00021 eval=01540 misfit=5.011959e-01 best=5.011959e-01
[NA] iter=00021 eval=01541 misfit=5.080369e-01 best=5.011959e-01
[NA] iter=00021 eval=01542 misfit=5.017690e-01 best=5.011959e-01
[NA] iter=00021 eval=01543 misfit=5.076611e-01 best=5.011959e-01
[NA] iter=00021 eval=01544 misfit=5.067316e-01 best=5.011959e-01
[NA] iter=00021 eval=01545 misfit=5.075984e-01 best=5.011959e-01
[NA] iter=00021 eval=01546 misfit=5.076794e-01 best=5.011959e-01
[NA] iter=00021 eval=01547 misfit=5.024513e-01 best=5.011959e-01
[NA] iter=00021 eval=01548 misfit=5.074897e-01 best=5.011959e-01
[NA] iter=00021 eval=01549 misfit=5.076507e-01 best=5.011959e-01
[NA] iter=00021 eval=01550 misfit=5.017425e-01 best=5.011959e-01
NAI - Optimisation Loop:  42%|████▏     | 21/50 [1:00:29<1:23:59, 173.79s/it][NA] iter=00022 eval=01551 misfit=5.071762e-01 best=5.011959e-01
[NA] iter=00022 eval=01552 misfit=5.131519e-01 best=5.011959e-01
[NA] iter=00022 eval=01553 misfit=5.184717e-01 best=5.011959e-01
[NA] iter=00022 eval=01554 misfit=5.176409e-01 best=5.011959e-01
[NA] iter=00022 eval=01555 misfit=5.180815e-01 best=5.011959e-01
[NA] iter=00022 eval=01556 misfit=5.125215e-01 best=5.011959e-01
[NA] iter=00022 eval=01557 misfit=5.069771e-01 best=5.011959e-01
[NA] iter=00022 eval=01558 misfit=5.016836e-01 best=5.011959e-01
[NA] iter=00022 eval=01559 misfit=5.282074e-01 best=5.011959e-01
[NA] iter=00022 eval=01560 misfit=5.130816e-01 best=5.011959e-01
[NA] iter=00022 eval=01561 misfit=5.017609e-01 best=5.011959e-01
[NA] iter=00022 eval=01562 misfit=5.071265e-01 best=5.011959e-01
[NA] iter=00022 eval=01563 misfit=5.068598e-01 best=5.011959e-01
[NA] iter=00022 eval=01564 misfit=5.122313e-01 best=5.011959e-01
[NA] iter=00022 eval=01565 misfit=5.012425e-01 best=5.011959e-01
[NA] iter=00022 eval=01566 misfit=5.072344e-01 best=5.011959e-01
[NA] iter=00022 eval=01567 misfit=5.011308e-01 best=5.011308e-01
[NA] iter=00022 eval=01568 misfit=5.070645e-01 best=5.011308e-01
[NA] iter=00022 eval=01569 misfit=5.008726e-01 best=5.008726e-01
[NA] iter=00022 eval=01570 misfit=5.068881e-01 best=5.008726e-01
[NA] iter=00022 eval=01571 misfit=5.125483e-01 best=5.008726e-01
[NA] iter=00022 eval=01572 misfit=5.012564e-01 best=5.008726e-01
[NA] iter=00022 eval=01573 misfit=5.017274e-01 best=5.008726e-01
[NA] iter=00022 eval=01574 misfit=5.010426e-01 best=5.008726e-01
[NA] iter=00022 eval=01575 misfit=5.014950e-01 best=5.008726e-01
[NA] iter=00022 eval=01576 misfit=5.075105e-01 best=5.008726e-01
[NA] iter=00022 eval=01577 misfit=5.072571e-01 best=5.008726e-01
[NA] iter=00022 eval=01578 misfit=5.071045e-01 best=5.008726e-01
[NA] iter=00022 eval=01579 misfit=5.076376e-01 best=5.008726e-01
[NA] iter=00022 eval=01580 misfit=5.077160e-01 best=5.008726e-01
[NA] iter=00022 eval=01581 misfit=5.011746e-01 best=5.008726e-01
[NA] iter=00022 eval=01582 misfit=5.016613e-01 best=5.008726e-01
[NA] iter=00022 eval=01583 misfit=5.012872e-01 best=5.008726e-01
[NA] iter=00022 eval=01584 misfit=5.010473e-01 best=5.008726e-01
[NA] iter=00022 eval=01585 misfit=5.011836e-01 best=5.008726e-01
[NA] iter=00022 eval=01586 misfit=5.018269e-01 best=5.008726e-01
[NA] iter=00022 eval=01587 misfit=5.013773e-01 best=5.008726e-01
[NA] iter=00022 eval=01588 misfit=5.018582e-01 best=5.008726e-01
[NA] iter=00022 eval=01589 misfit=5.021234e-01 best=5.008726e-01
[NA] iter=00022 eval=01590 misfit=5.073401e-01 best=5.008726e-01
[NA] iter=00022 eval=01591 misfit=5.011942e-01 best=5.008726e-01
[NA] iter=00022 eval=01592 misfit=5.016227e-01 best=5.008726e-01
[NA] iter=00022 eval=01593 misfit=5.014279e-01 best=5.008726e-01
[NA] iter=00022 eval=01594 misfit=5.019102e-01 best=5.008726e-01
[NA] iter=00022 eval=01595 misfit=5.015622e-01 best=5.008726e-01
[NA] iter=00022 eval=01596 misfit=5.018264e-01 best=5.008726e-01
[NA] iter=00022 eval=01597 misfit=5.076326e-01 best=5.008726e-01
[NA] iter=00022 eval=01598 misfit=5.075319e-01 best=5.008726e-01
[NA] iter=00022 eval=01599 misfit=5.017051e-01 best=5.008726e-01
[NA] iter=00022 eval=01600 misfit=5.013635e-01 best=5.008726e-01
NAI - Optimisation Loop:  44%|████▍     | 22/50 [1:03:22<1:21:00, 173.60s/it][NA] iter=00023 eval=01601 misfit=5.341076e-01 best=5.008726e-01
[NA] iter=00023 eval=01602 misfit=5.452428e-01 best=5.008726e-01
[NA] iter=00023 eval=01603 misfit=5.287169e-01 best=5.008726e-01
[NA] iter=00023 eval=01604 misfit=5.283820e-01 best=5.008726e-01
[NA] iter=00023 eval=01605 misfit=5.013756e-01 best=5.008726e-01
[NA] iter=00023 eval=01606 misfit=5.013678e-01 best=5.008726e-01
[NA] iter=00023 eval=01607 misfit=5.007695e-01 best=5.007695e-01
[NA] iter=00023 eval=01608 misfit=5.013174e-01 best=5.007695e-01
[NA] iter=00023 eval=01609 misfit=5.013152e-01 best=5.007695e-01
[NA] iter=00023 eval=01610 misfit=5.010989e-01 best=5.007695e-01
[NA] iter=00023 eval=01611 misfit=5.012374e-01 best=5.007695e-01
[NA] iter=00023 eval=01612 misfit=5.012351e-01 best=5.007695e-01
[NA] iter=00023 eval=01613 misfit=5.011941e-01 best=5.007695e-01
[NA] iter=00023 eval=01614 misfit=5.008070e-01 best=5.007695e-01
[NA] iter=00023 eval=01615 misfit=5.011899e-01 best=5.007695e-01
[NA] iter=00023 eval=01616 misfit=5.179661e-01 best=5.007695e-01
[NA] iter=00023 eval=01617 misfit=5.123458e-01 best=5.007695e-01
[NA] iter=00023 eval=01618 misfit=5.011342e-01 best=5.007695e-01
[NA] iter=00023 eval=01619 misfit=5.072326e-01 best=5.007695e-01
[NA] iter=00023 eval=01620 misfit=5.012373e-01 best=5.007695e-01
[NA] iter=00023 eval=01621 misfit=5.014819e-01 best=5.007695e-01
[NA] iter=00023 eval=01622 misfit=5.011650e-01 best=5.007695e-01
[NA] iter=00023 eval=01623 misfit=5.007673e-01 best=5.007673e-01
[NA] iter=00023 eval=01624 misfit=5.010980e-01 best=5.007673e-01
[NA] iter=00023 eval=01625 misfit=5.013079e-01 best=5.007673e-01
[NA] iter=00023 eval=01626 misfit=5.015092e-01 best=5.007673e-01
[NA] iter=00023 eval=01627 misfit=5.075052e-01 best=5.007673e-01
[NA] iter=00023 eval=01628 misfit=5.011385e-01 best=5.007673e-01
[NA] iter=00023 eval=01629 misfit=5.013354e-01 best=5.007673e-01
[NA] iter=00023 eval=01630 misfit=5.070524e-01 best=5.007673e-01
[NA] iter=00023 eval=01631 misfit=5.072788e-01 best=5.007673e-01
[NA] iter=00023 eval=01632 misfit=5.012086e-01 best=5.007673e-01
[NA] iter=00023 eval=01633 misfit=5.019246e-01 best=5.007673e-01
[NA] iter=00023 eval=01634 misfit=5.070106e-01 best=5.007673e-01
[NA] iter=00023 eval=01635 misfit=5.009112e-01 best=5.007673e-01
[NA] iter=00023 eval=01636 misfit=5.118631e-01 best=5.007673e-01
[NA] iter=00023 eval=01637 misfit=5.175267e-01 best=5.007673e-01
[NA] iter=00023 eval=01638 misfit=5.066353e-01 best=5.007673e-01
[NA] iter=00023 eval=01639 misfit=5.177742e-01 best=5.007673e-01
[NA] iter=00023 eval=01640 misfit=5.071101e-01 best=5.007673e-01
[NA] iter=00023 eval=01641 misfit=5.016808e-01 best=5.007673e-01
[NA] iter=00023 eval=01642 misfit=5.014436e-01 best=5.007673e-01
[NA] iter=00023 eval=01643 misfit=5.071581e-01 best=5.007673e-01
[NA] iter=00023 eval=01644 misfit=5.132906e-01 best=5.007673e-01
[NA] iter=00023 eval=01645 misfit=5.071414e-01 best=5.007673e-01
[NA] iter=00023 eval=01646 misfit=5.009907e-01 best=5.007673e-01
[NA] iter=00023 eval=01647 misfit=5.015544e-01 best=5.007673e-01
[NA] iter=00023 eval=01648 misfit=5.010516e-01 best=5.007673e-01
[NA] iter=00023 eval=01649 misfit=5.071572e-01 best=5.007673e-01
[NA] iter=00023 eval=01650 misfit=5.068852e-01 best=5.007673e-01
NAI - Optimisation Loop:  46%|████▌     | 23/50 [1:06:15<1:18:02, 173.44s/it][NA] iter=00024 eval=01651 misfit=5.123301e-01 best=5.007673e-01
[NA] iter=00024 eval=01652 misfit=5.182571e-01 best=5.007673e-01
[NA] iter=00024 eval=01653 misfit=5.180730e-01 best=5.007673e-01
[NA] iter=00024 eval=01654 misfit=5.180095e-01 best=5.007673e-01
[NA] iter=00024 eval=01655 misfit=5.118560e-01 best=5.007673e-01
[NA] iter=00024 eval=01656 misfit=5.122762e-01 best=5.007673e-01
[NA] iter=00024 eval=01657 misfit=5.067460e-01 best=5.007673e-01
[NA] iter=00024 eval=01658 misfit=5.071509e-01 best=5.007673e-01
[NA] iter=00024 eval=01659 misfit=5.125928e-01 best=5.007673e-01
[NA] iter=00024 eval=01660 misfit=5.064863e-01 best=5.007673e-01
[NA] iter=00024 eval=01661 misfit=5.065226e-01 best=5.007673e-01
[NA] iter=00024 eval=01662 misfit=5.068386e-01 best=5.007673e-01
[NA] iter=00024 eval=01663 misfit=5.123828e-01 best=5.007673e-01
[NA] iter=00024 eval=01664 misfit=5.122399e-01 best=5.007673e-01
[NA] iter=00024 eval=01665 misfit=5.124356e-01 best=5.007673e-01
[NA] iter=00024 eval=01666 misfit=5.014880e-01 best=5.007673e-01
[NA] iter=00024 eval=01667 misfit=5.343124e-01 best=5.007673e-01
[NA] iter=00024 eval=01668 misfit=5.012578e-01 best=5.007673e-01
[NA] iter=00024 eval=01669 misfit=5.282488e-01 best=5.007673e-01
[NA] iter=00024 eval=01670 misfit=5.013465e-01 best=5.007673e-01
[NA] iter=00024 eval=01671 misfit=5.006789e-01 best=5.006789e-01
[NA] iter=00024 eval=01672 misfit=5.009552e-01 best=5.006789e-01
[NA] iter=00024 eval=01673 misfit=5.068478e-01 best=5.006789e-01
[NA] iter=00024 eval=01674 misfit=5.008800e-01 best=5.006789e-01
[NA] iter=00024 eval=01675 misfit=5.068183e-01 best=5.006789e-01
[NA] iter=00024 eval=01676 misfit=5.009903e-01 best=5.006789e-01
[NA] iter=00024 eval=01677 misfit=5.012269e-01 best=5.006789e-01
[NA] iter=00024 eval=01678 misfit=5.177256e-01 best=5.006789e-01
[NA] iter=00024 eval=01679 misfit=5.015528e-01 best=5.006789e-01
[NA] iter=00024 eval=01680 misfit=5.009722e-01 best=5.006789e-01
[NA] iter=00024 eval=01681 misfit=5.012290e-01 best=5.006789e-01
[NA] iter=00024 eval=01682 misfit=5.013381e-01 best=5.006789e-01
[NA] iter=00024 eval=01683 misfit=5.013502e-01 best=5.006789e-01
[NA] iter=00024 eval=01684 misfit=5.016330e-01 best=5.006789e-01
[NA] iter=00024 eval=01685 misfit=5.018276e-01 best=5.006789e-01
[NA] iter=00024 eval=01686 misfit=5.008892e-01 best=5.006789e-01
[NA] iter=00024 eval=01687 misfit=5.011541e-01 best=5.006789e-01
[NA] iter=00024 eval=01688 misfit=5.015203e-01 best=5.006789e-01
[NA] iter=00024 eval=01689 misfit=5.010074e-01 best=5.006789e-01
[NA] iter=00024 eval=01690 misfit=5.009510e-01 best=5.006789e-01
[NA] iter=00024 eval=01691 misfit=5.012568e-01 best=5.006789e-01
[NA] iter=00024 eval=01692 misfit=5.015024e-01 best=5.006789e-01
[NA] iter=00024 eval=01693 misfit=5.009995e-01 best=5.006789e-01
[NA] iter=00024 eval=01694 misfit=5.067850e-01 best=5.006789e-01
[NA] iter=00024 eval=01695 misfit=5.069530e-01 best=5.006789e-01
[NA] iter=00024 eval=01696 misfit=5.013570e-01 best=5.006789e-01
[NA] iter=00024 eval=01697 misfit=5.016156e-01 best=5.006789e-01
[NA] iter=00024 eval=01698 misfit=5.015105e-01 best=5.006789e-01
[NA] iter=00024 eval=01699 misfit=5.011691e-01 best=5.006789e-01
[NA] iter=00024 eval=01700 misfit=5.075255e-01 best=5.006789e-01
NAI - Optimisation Loop:  48%|████▊     | 24/50 [1:09:07<1:14:57, 172.96s/it][NA] iter=00025 eval=01701 misfit=5.068309e-01 best=5.006789e-01
[NA] iter=00025 eval=01702 misfit=5.005129e-01 best=5.005129e-01
[NA] iter=00025 eval=01703 misfit=5.226790e-01 best=5.005129e-01
[NA] iter=00025 eval=01704 misfit=5.065854e-01 best=5.005129e-01
[NA] iter=00025 eval=01705 misfit=5.011192e-01 best=5.005129e-01
[NA] iter=00025 eval=01706 misfit=5.067937e-01 best=5.005129e-01
[NA] iter=00025 eval=01707 misfit=5.070029e-01 best=5.005129e-01
[NA] iter=00025 eval=01708 misfit=5.126762e-01 best=5.005129e-01
[NA] iter=00025 eval=01709 misfit=5.070083e-01 best=5.005129e-01
[NA] iter=00025 eval=01710 misfit=5.122842e-01 best=5.005129e-01
[NA] iter=00025 eval=01711 misfit=5.006378e-01 best=5.005129e-01
[NA] iter=00025 eval=01712 misfit=5.073718e-01 best=5.005129e-01
[NA] iter=00025 eval=01713 misfit=5.013624e-01 best=5.005129e-01
[NA] iter=00025 eval=01714 misfit=5.008331e-01 best=5.005129e-01
[NA] iter=00025 eval=01715 misfit=5.072543e-01 best=5.005129e-01
[NA] iter=00025 eval=01716 misfit=5.065274e-01 best=5.005129e-01
[NA] iter=00025 eval=01717 misfit=5.007218e-01 best=5.005129e-01
[NA] iter=00025 eval=01718 misfit=5.063885e-01 best=5.005129e-01
[NA] iter=00025 eval=01719 misfit=5.072273e-01 best=5.005129e-01
[NA] iter=00025 eval=01720 misfit=5.008563e-01 best=5.005129e-01
[NA] iter=00025 eval=01721 misfit=5.167132e-01 best=5.005129e-01
[NA] iter=00025 eval=01722 misfit=5.225139e-01 best=5.005129e-01
[NA] iter=00025 eval=01723 misfit=5.009555e-01 best=5.005129e-01
[NA] iter=00025 eval=01724 misfit=5.225604e-01 best=5.005129e-01
[NA] iter=00025 eval=01725 misfit=5.009336e-01 best=5.005129e-01
[NA] iter=00025 eval=01726 misfit=5.063685e-01 best=5.005129e-01
[NA] iter=00025 eval=01727 misfit=5.010246e-01 best=5.005129e-01
[NA] iter=00025 eval=01728 misfit=5.069388e-01 best=5.005129e-01
[NA] iter=00025 eval=01729 misfit=5.012352e-01 best=5.005129e-01
[NA] iter=00025 eval=01730 misfit=5.009032e-01 best=5.005129e-01
[NA] iter=00025 eval=01731 misfit=5.010965e-01 best=5.005129e-01
[NA] iter=00025 eval=01732 misfit=5.013608e-01 best=5.005129e-01
[NA] iter=00025 eval=01733 misfit=5.010038e-01 best=5.005129e-01
[NA] iter=00025 eval=01734 misfit=5.009073e-01 best=5.005129e-01
[NA] iter=00025 eval=01735 misfit=5.007988e-01 best=5.005129e-01
[NA] iter=00025 eval=01736 misfit=5.010419e-01 best=5.005129e-01
[NA] iter=00025 eval=01737 misfit=5.013179e-01 best=5.005129e-01
[NA] iter=00025 eval=01738 misfit=5.007258e-01 best=5.005129e-01
[NA] iter=00025 eval=01739 misfit=5.010112e-01 best=5.005129e-01
[NA] iter=00025 eval=01740 misfit=5.009926e-01 best=5.005129e-01
[NA] iter=00025 eval=01741 misfit=5.008131e-01 best=5.005129e-01
[NA] iter=00025 eval=01742 misfit=5.011554e-01 best=5.005129e-01
[NA] iter=00025 eval=01743 misfit=5.008743e-01 best=5.005129e-01
[NA] iter=00025 eval=01744 misfit=5.010461e-01 best=5.005129e-01
[NA] iter=00025 eval=01745 misfit=5.011213e-01 best=5.005129e-01
[NA] iter=00025 eval=01746 misfit=5.009568e-01 best=5.005129e-01
[NA] iter=00025 eval=01747 misfit=5.010545e-01 best=5.005129e-01
[NA] iter=00025 eval=01748 misfit=5.068254e-01 best=5.005129e-01
[NA] iter=00025 eval=01749 misfit=5.067703e-01 best=5.005129e-01
[NA] iter=00025 eval=01750 misfit=5.013628e-01 best=5.005129e-01
NAI - Optimisation Loop:  50%|█████     | 25/50 [1:12:02<1:12:13, 173.36s/it][NA] iter=00026 eval=01751 misfit=5.065252e-01 best=5.005129e-01
[NA] iter=00026 eval=01752 misfit=5.065289e-01 best=5.005129e-01
[NA] iter=00026 eval=01753 misfit=5.012382e-01 best=5.005129e-01
[NA] iter=00026 eval=01754 misfit=5.069478e-01 best=5.005129e-01
[NA] iter=00026 eval=01755 misfit=5.011200e-01 best=5.005129e-01
[NA] iter=00026 eval=01756 misfit=5.011847e-01 best=5.005129e-01
[NA] iter=00026 eval=01757 misfit=5.011191e-01 best=5.005129e-01
[NA] iter=00026 eval=01758 misfit=5.124037e-01 best=5.005129e-01
[NA] iter=00026 eval=01759 misfit=5.060407e-01 best=5.005129e-01
[NA] iter=00026 eval=01760 misfit=5.007113e-01 best=5.005129e-01
[NA] iter=00026 eval=01761 misfit=5.012618e-01 best=5.005129e-01
[NA] iter=00026 eval=01762 misfit=5.070566e-01 best=5.005129e-01
[NA] iter=00026 eval=01763 misfit=5.066134e-01 best=5.005129e-01
[NA] iter=00026 eval=01764 misfit=5.064826e-01 best=5.005129e-01
[NA] iter=00026 eval=01765 misfit=5.006293e-01 best=5.005129e-01
[NA] iter=00026 eval=01766 misfit=5.122990e-01 best=5.005129e-01
[NA] iter=00026 eval=01767 misfit=5.065782e-01 best=5.005129e-01
[NA] iter=00026 eval=01768 misfit=5.007837e-01 best=5.005129e-01
[NA] iter=00026 eval=01769 misfit=5.008740e-01 best=5.005129e-01
[NA] iter=00026 eval=01770 misfit=5.183395e-01 best=5.005129e-01
[NA] iter=00026 eval=01771 misfit=5.006441e-01 best=5.005129e-01
[NA] iter=00026 eval=01772 misfit=5.007921e-01 best=5.005129e-01
[NA] iter=00026 eval=01773 misfit=5.009232e-01 best=5.005129e-01
[NA] iter=00026 eval=01774 misfit=5.006347e-01 best=5.005129e-01
[NA] iter=00026 eval=01775 misfit=5.069186e-01 best=5.005129e-01
[NA] iter=00026 eval=01776 misfit=5.010281e-01 best=5.005129e-01
[NA] iter=00026 eval=01777 misfit=5.008223e-01 best=5.005129e-01
[NA] iter=00026 eval=01778 misfit=5.071481e-01 best=5.005129e-01
[NA] iter=00026 eval=01779 misfit=5.124331e-01 best=5.005129e-01
[NA] iter=00026 eval=01780 misfit=5.125094e-01 best=5.005129e-01
[NA] iter=00026 eval=01781 misfit=5.074234e-01 best=5.005129e-01
[NA] iter=00026 eval=01782 misfit=5.070582e-01 best=5.005129e-01
[NA] iter=00026 eval=01783 misfit=5.069354e-01 best=5.005129e-01
[NA] iter=00026 eval=01784 misfit=5.073407e-01 best=5.005129e-01
[NA] iter=00026 eval=01785 misfit=5.076006e-01 best=5.005129e-01
[NA] iter=00026 eval=01786 misfit=5.071429e-01 best=5.005129e-01
[NA] iter=00026 eval=01787 misfit=5.009459e-01 best=5.005129e-01
[NA] iter=00026 eval=01788 misfit=5.007420e-01 best=5.005129e-01
[NA] iter=00026 eval=01789 misfit=5.069508e-01 best=5.005129e-01
[NA] iter=00026 eval=01790 misfit=5.073482e-01 best=5.005129e-01
[NA] iter=00026 eval=01791 misfit=5.009651e-01 best=5.005129e-01
[NA] iter=00026 eval=01792 misfit=5.062756e-01 best=5.005129e-01
[NA] iter=00026 eval=01793 misfit=5.004950e-01 best=5.004950e-01
[NA] iter=00026 eval=01794 misfit=5.009457e-01 best=5.004950e-01
[NA] iter=00026 eval=01795 misfit=5.012052e-01 best=5.004950e-01
[NA] iter=00026 eval=01796 misfit=5.067158e-01 best=5.004950e-01
[NA] iter=00026 eval=01797 misfit=5.067997e-01 best=5.004950e-01
[NA] iter=00026 eval=01798 misfit=5.069317e-01 best=5.004950e-01
[NA] iter=00026 eval=01799 misfit=5.007931e-01 best=5.004950e-01
[NA] iter=00026 eval=01800 misfit=5.068694e-01 best=5.004950e-01
NAI - Optimisation Loop:  52%|█████▏    | 26/50 [1:14:58<1:09:44, 174.37s/it][NA] iter=00027 eval=01801 misfit=5.005449e-01 best=5.004950e-01
[NA] iter=00027 eval=01802 misfit=5.062990e-01 best=5.004950e-01
[NA] iter=00027 eval=01803 misfit=5.124382e-01 best=5.004950e-01
[NA] iter=00027 eval=01804 misfit=5.007995e-01 best=5.004950e-01
[NA] iter=00027 eval=01805 misfit=5.063589e-01 best=5.004950e-01
[NA] iter=00027 eval=01806 misfit=5.067799e-01 best=5.004950e-01
[NA] iter=00027 eval=01807 misfit=5.011381e-01 best=5.004950e-01
[NA] iter=00027 eval=01808 misfit=5.009473e-01 best=5.004950e-01
[NA] iter=00027 eval=01809 misfit=5.013024e-01 best=5.004950e-01
[NA] iter=00027 eval=01810 misfit=5.008015e-01 best=5.004950e-01
[NA] iter=00027 eval=01811 misfit=5.067670e-01 best=5.004950e-01
[NA] iter=00027 eval=01812 misfit=5.069814e-01 best=5.004950e-01
[NA] iter=00027 eval=01813 misfit=5.011115e-01 best=5.004950e-01
[NA] iter=00027 eval=01814 misfit=5.008442e-01 best=5.004950e-01
[NA] iter=00027 eval=01815 misfit=5.067837e-01 best=5.004950e-01
[NA] iter=00027 eval=01816 misfit=5.006342e-01 best=5.004950e-01
[NA] iter=00027 eval=01817 misfit=5.007681e-01 best=5.004950e-01
[NA] iter=00027 eval=01818 misfit=5.008742e-01 best=5.004950e-01
[NA] iter=00027 eval=01819 misfit=5.007792e-01 best=5.004950e-01
[NA] iter=00027 eval=01820 misfit=5.007558e-01 best=5.004950e-01
[NA] iter=00027 eval=01821 misfit=5.067362e-01 best=5.004950e-01
[NA] iter=00027 eval=01822 misfit=5.010632e-01 best=5.004950e-01
[NA] iter=00027 eval=01823 misfit=5.009646e-01 best=5.004950e-01
[NA] iter=00027 eval=01824 misfit=5.011646e-01 best=5.004950e-01
[NA] iter=00027 eval=01825 misfit=5.010040e-01 best=5.004950e-01
[NA] iter=00027 eval=01826 misfit=5.121482e-01 best=5.004950e-01
[NA] iter=00027 eval=01827 misfit=5.005554e-01 best=5.004950e-01
[NA] iter=00027 eval=01828 misfit=5.121896e-01 best=5.004950e-01
[NA] iter=00027 eval=01829 misfit=5.006568e-01 best=5.004950e-01
[NA] iter=00027 eval=01830 misfit=5.062975e-01 best=5.004950e-01
[NA] iter=00027 eval=01831 misfit=5.009783e-01 best=5.004950e-01
[NA] iter=00027 eval=01832 misfit=5.071428e-01 best=5.004950e-01
[NA] iter=00027 eval=01833 misfit=5.066162e-01 best=5.004950e-01
[NA] iter=00027 eval=01834 misfit=5.010380e-01 best=5.004950e-01
[NA] iter=00027 eval=01835 misfit=5.067038e-01 best=5.004950e-01
[NA] iter=00027 eval=01836 misfit=5.009260e-01 best=5.004950e-01
[NA] iter=00027 eval=01837 misfit=5.007495e-01 best=5.004950e-01
[NA] iter=00027 eval=01838 misfit=5.061739e-01 best=5.004950e-01
[NA] iter=00027 eval=01839 misfit=5.006728e-01 best=5.004950e-01
[NA] iter=00027 eval=01840 misfit=5.010808e-01 best=5.004950e-01
[NA] iter=00027 eval=01841 misfit=5.064195e-01 best=5.004950e-01
[NA] iter=00027 eval=01842 misfit=5.009630e-01 best=5.004950e-01
[NA] iter=00027 eval=01843 misfit=5.012853e-01 best=5.004950e-01
[NA] iter=00027 eval=01844 misfit=5.063920e-01 best=5.004950e-01
[NA] iter=00027 eval=01845 misfit=5.010496e-01 best=5.004950e-01
[NA] iter=00027 eval=01846 misfit=5.008633e-01 best=5.004950e-01
[NA] iter=00027 eval=01847 misfit=5.008424e-01 best=5.004950e-01
[NA] iter=00027 eval=01848 misfit=5.011048e-01 best=5.004950e-01
[NA] iter=00027 eval=01849 misfit=5.010987e-01 best=5.004950e-01
[NA] iter=00027 eval=01850 misfit=5.010037e-01 best=5.004950e-01
NAI - Optimisation Loop:  54%|█████▍    | 27/50 [1:17:51<1:06:35, 173.72s/it][NA] iter=00028 eval=01851 misfit=5.007102e-01 best=5.004950e-01
[NA] iter=00028 eval=01852 misfit=5.009375e-01 best=5.004950e-01
[NA] iter=00028 eval=01853 misfit=5.006749e-01 best=5.004950e-01
[NA] iter=00028 eval=01854 misfit=5.009196e-01 best=5.004950e-01
[NA] iter=00028 eval=01855 misfit=5.063532e-01 best=5.004950e-01
[NA] iter=00028 eval=01856 misfit=5.006290e-01 best=5.004950e-01
[NA] iter=00028 eval=01857 misfit=5.007507e-01 best=5.004950e-01
[NA] iter=00028 eval=01858 misfit=5.007380e-01 best=5.004950e-01
[NA] iter=00028 eval=01859 misfit=5.007533e-01 best=5.004950e-01
[NA] iter=00028 eval=01860 misfit=5.008598e-01 best=5.004950e-01
[NA] iter=00028 eval=01861 misfit=5.005600e-01 best=5.004950e-01
[NA] iter=00028 eval=01862 misfit=5.068174e-01 best=5.004950e-01
[NA] iter=00028 eval=01863 misfit=5.124441e-01 best=5.004950e-01
[NA] iter=00028 eval=01864 misfit=5.008633e-01 best=5.004950e-01
[NA] iter=00028 eval=01865 misfit=5.068127e-01 best=5.004950e-01
[NA] iter=00028 eval=01866 misfit=5.067952e-01 best=5.004950e-01
[NA] iter=00028 eval=01867 misfit=5.007339e-01 best=5.004950e-01
[NA] iter=00028 eval=01868 misfit=5.006840e-01 best=5.004950e-01
[NA] iter=00028 eval=01869 misfit=5.007106e-01 best=5.004950e-01
[NA] iter=00028 eval=01870 misfit=5.008287e-01 best=5.004950e-01
[NA] iter=00028 eval=01871 misfit=5.009964e-01 best=5.004950e-01
[NA] iter=00028 eval=01872 misfit=5.068927e-01 best=5.004950e-01
[NA] iter=00028 eval=01873 misfit=5.009049e-01 best=5.004950e-01
[NA] iter=00028 eval=01874 misfit=5.008750e-01 best=5.004950e-01
[NA] iter=00028 eval=01875 misfit=5.069026e-01 best=5.004950e-01
[NA] iter=00028 eval=01876 misfit=5.006517e-01 best=5.004950e-01
[NA] iter=00028 eval=01877 misfit=5.008498e-01 best=5.004950e-01
[NA] iter=00028 eval=01878 misfit=5.006261e-01 best=5.004950e-01
[NA] iter=00028 eval=01879 misfit=5.005457e-01 best=5.004950e-01
[NA] iter=00028 eval=01880 misfit=5.008489e-01 best=5.004950e-01
[NA] iter=00028 eval=01881 misfit=5.007112e-01 best=5.004950e-01
[NA] iter=00028 eval=01882 misfit=5.006059e-01 best=5.004950e-01
[NA] iter=00028 eval=01883 misfit=5.007449e-01 best=5.004950e-01
[NA] iter=00028 eval=01884 misfit=5.007421e-01 best=5.004950e-01
[NA] iter=00028 eval=01885 misfit=5.008533e-01 best=5.004950e-01
[NA] iter=00028 eval=01886 misfit=5.011651e-01 best=5.004950e-01
[NA] iter=00028 eval=01887 misfit=5.007708e-01 best=5.004950e-01
[NA] iter=00028 eval=01888 misfit=5.008701e-01 best=5.004950e-01
[NA] iter=00028 eval=01889 misfit=5.011151e-01 best=5.004950e-01
[NA] iter=00028 eval=01890 misfit=5.012377e-01 best=5.004950e-01
[NA] iter=00028 eval=01891 misfit=5.008603e-01 best=5.004950e-01
[NA] iter=00028 eval=01892 misfit=5.064162e-01 best=5.004950e-01
[NA] iter=00028 eval=01893 misfit=5.008137e-01 best=5.004950e-01
[NA] iter=00028 eval=01894 misfit=5.063903e-01 best=5.004950e-01
[NA] iter=00028 eval=01895 misfit=5.010718e-01 best=5.004950e-01
[NA] iter=00028 eval=01896 misfit=5.009782e-01 best=5.004950e-01
[NA] iter=00028 eval=01897 misfit=5.163522e-01 best=5.004950e-01
[NA] iter=00028 eval=01898 misfit=5.166647e-01 best=5.004950e-01
[NA] iter=00028 eval=01899 misfit=5.006747e-01 best=5.004950e-01
[NA] iter=00028 eval=01900 misfit=5.012332e-01 best=5.004950e-01
NAI - Optimisation Loop:  56%|█████▌    | 28/50 [1:20:41<1:03:17, 172.63s/it][NA] iter=00029 eval=01901 misfit=5.005939e-01 best=5.004950e-01
[NA] iter=00029 eval=01902 misfit=5.061520e-01 best=5.004950e-01
[NA] iter=00029 eval=01903 misfit=5.062015e-01 best=5.004950e-01
[NA] iter=00029 eval=01904 misfit=5.062489e-01 best=5.004950e-01
[NA] iter=00029 eval=01905 misfit=5.006249e-01 best=5.004950e-01
[NA] iter=00029 eval=01906 misfit=5.007295e-01 best=5.004950e-01
[NA] iter=00029 eval=01907 misfit=5.008575e-01 best=5.004950e-01
[NA] iter=00029 eval=01908 misfit=5.006481e-01 best=5.004950e-01
[NA] iter=00029 eval=01909 misfit=5.009761e-01 best=5.004950e-01
[NA] iter=00029 eval=01910 misfit=5.008021e-01 best=5.004950e-01
[NA] iter=00029 eval=01911 misfit=5.069467e-01 best=5.004950e-01
[NA] iter=00029 eval=01912 misfit=5.006052e-01 best=5.004950e-01
[NA] iter=00029 eval=01913 misfit=5.006380e-01 best=5.004950e-01
[NA] iter=00029 eval=01914 misfit=5.070025e-01 best=5.004950e-01
[NA] iter=00029 eval=01915 misfit=5.061772e-01 best=5.004950e-01
[NA] iter=00029 eval=01916 misfit=5.066727e-01 best=5.004950e-01
[NA] iter=00029 eval=01917 misfit=5.067022e-01 best=5.004950e-01
[NA] iter=00029 eval=01918 misfit=5.006906e-01 best=5.004950e-01
[NA] iter=00029 eval=01919 misfit=5.067385e-01 best=5.004950e-01
[NA] iter=00029 eval=01920 misfit=5.067296e-01 best=5.004950e-01
[NA] iter=00029 eval=01921 misfit=5.008658e-01 best=5.004950e-01
[NA] iter=00029 eval=01922 misfit=5.008365e-01 best=5.004950e-01
[NA] iter=00029 eval=01923 misfit=5.007003e-01 best=5.004950e-01
[NA] iter=00029 eval=01924 misfit=5.007736e-01 best=5.004950e-01
[NA] iter=00029 eval=01925 misfit=5.069592e-01 best=5.004950e-01
[NA] iter=00029 eval=01926 misfit=5.010425e-01 best=5.004950e-01
[NA] iter=00029 eval=01927 misfit=5.005650e-01 best=5.004950e-01
[NA] iter=00029 eval=01928 misfit=5.008698e-01 best=5.004950e-01
[NA] iter=00029 eval=01929 misfit=5.006570e-01 best=5.004950e-01
[NA] iter=00029 eval=01930 misfit=5.009073e-01 best=5.004950e-01
[NA] iter=00029 eval=01931 misfit=5.006951e-01 best=5.004950e-01
[NA] iter=00029 eval=01932 misfit=5.006254e-01 best=5.004950e-01
[NA] iter=00029 eval=01933 misfit=5.006826e-01 best=5.004950e-01
[NA] iter=00029 eval=01934 misfit=5.006832e-01 best=5.004950e-01
[NA] iter=00029 eval=01935 misfit=5.009458e-01 best=5.004950e-01
[NA] iter=00029 eval=01936 misfit=5.003643e-01 best=5.003643e-01
[NA] iter=00029 eval=01937 misfit=5.004718e-01 best=5.003643e-01
[NA] iter=00029 eval=01938 misfit=5.004699e-01 best=5.003643e-01
[NA] iter=00029 eval=01939 misfit=5.006739e-01 best=5.003643e-01
[NA] iter=00029 eval=01940 misfit=5.006070e-01 best=5.003643e-01
[NA] iter=00029 eval=01941 misfit=5.008875e-01 best=5.003643e-01
[NA] iter=00029 eval=01942 misfit=5.010256e-01 best=5.003643e-01
[NA] iter=00029 eval=01943 misfit=5.008354e-01 best=5.003643e-01
[NA] iter=00029 eval=01944 misfit=5.066337e-01 best=5.003643e-01
[NA] iter=00029 eval=01945 misfit=5.007552e-01 best=5.003643e-01
[NA] iter=00029 eval=01946 misfit=5.009030e-01 best=5.003643e-01
[NA] iter=00029 eval=01947 misfit=5.006921e-01 best=5.003643e-01
[NA] iter=00029 eval=01948 misfit=5.067630e-01 best=5.003643e-01
[NA] iter=00029 eval=01949 misfit=5.007781e-01 best=5.003643e-01
[NA] iter=00029 eval=01950 misfit=5.008033e-01 best=5.003643e-01
NAI - Optimisation Loop:  58%|█████▊    | 29/50 [1:23:36<1:00:45, 173.60s/it][NA] iter=00030 eval=01951 misfit=5.004622e-01 best=5.003643e-01
[NA] iter=00030 eval=01952 misfit=4.999081e-01 best=4.999081e-01
[NA] iter=00030 eval=01953 misfit=5.054348e-01 best=4.999081e-01
[NA] iter=00030 eval=01954 misfit=5.002347e-01 best=4.999081e-01
[NA] iter=00030 eval=01955 misfit=5.003264e-01 best=4.999081e-01
[NA] iter=00030 eval=01956 misfit=5.004787e-01 best=4.999081e-01
[NA] iter=00030 eval=01957 misfit=5.006385e-01 best=4.999081e-01
[NA] iter=00030 eval=01958 misfit=5.005196e-01 best=4.999081e-01
[NA] iter=00030 eval=01959 misfit=5.006788e-01 best=4.999081e-01
[NA] iter=00030 eval=01960 misfit=5.007384e-01 best=4.999081e-01
[NA] iter=00030 eval=01961 misfit=5.005334e-01 best=4.999081e-01
[NA] iter=00030 eval=01962 misfit=5.008288e-01 best=4.999081e-01
[NA] iter=00030 eval=01963 misfit=5.005181e-01 best=4.999081e-01
[NA] iter=00030 eval=01964 misfit=5.006454e-01 best=4.999081e-01
[NA] iter=00030 eval=01965 misfit=5.005877e-01 best=4.999081e-01
[NA] iter=00030 eval=01966 misfit=5.006315e-01 best=4.999081e-01
[NA] iter=00030 eval=01967 misfit=5.006165e-01 best=4.999081e-01
[NA] iter=00030 eval=01968 misfit=5.005721e-01 best=4.999081e-01
[NA] iter=00030 eval=01969 misfit=5.006448e-01 best=4.999081e-01
[NA] iter=00030 eval=01970 misfit=5.005519e-01 best=4.999081e-01
[NA] iter=00030 eval=01971 misfit=5.008222e-01 best=4.999081e-01
[NA] iter=00030 eval=01972 misfit=5.006209e-01 best=4.999081e-01
[NA] iter=00030 eval=01973 misfit=5.008189e-01 best=4.999081e-01
[NA] iter=00030 eval=01974 misfit=5.006779e-01 best=4.999081e-01
[NA] iter=00030 eval=01975 misfit=5.066893e-01 best=4.999081e-01
[NA] iter=00030 eval=01976 misfit=5.069271e-01 best=4.999081e-01
[NA] iter=00030 eval=01977 misfit=5.005130e-01 best=4.999081e-01
[NA] iter=00030 eval=01978 misfit=5.006240e-01 best=4.999081e-01
[NA] iter=00030 eval=01979 misfit=5.005662e-01 best=4.999081e-01
[NA] iter=00030 eval=01980 misfit=5.007076e-01 best=4.999081e-01
[NA] iter=00030 eval=01981 misfit=5.007140e-01 best=4.999081e-01
[NA] iter=00030 eval=01982 misfit=5.005928e-01 best=4.999081e-01
[NA] iter=00030 eval=01983 misfit=5.004338e-01 best=4.999081e-01
[NA] iter=00030 eval=01984 misfit=5.004951e-01 best=4.999081e-01
[NA] iter=00030 eval=01985 misfit=5.005204e-01 best=4.999081e-01
[NA] iter=00030 eval=01986 misfit=5.006320e-01 best=4.999081e-01
[NA] iter=00030 eval=01987 misfit=5.008483e-01 best=4.999081e-01
[NA] iter=00030 eval=01988 misfit=5.006066e-01 best=4.999081e-01
[NA] iter=00030 eval=01989 misfit=5.006700e-01 best=4.999081e-01
[NA] iter=00030 eval=01990 misfit=5.006270e-01 best=4.999081e-01
[NA] iter=00030 eval=01991 misfit=5.005832e-01 best=4.999081e-01
[NA] iter=00030 eval=01992 misfit=5.007467e-01 best=4.999081e-01
[NA] iter=00030 eval=01993 misfit=5.003695e-01 best=4.999081e-01
[NA] iter=00030 eval=01994 misfit=5.068931e-01 best=4.999081e-01
[NA] iter=00030 eval=01995 misfit=5.005275e-01 best=4.999081e-01
[NA] iter=00030 eval=01996 misfit=5.009524e-01 best=4.999081e-01
[NA] iter=00030 eval=01997 misfit=5.063546e-01 best=4.999081e-01
[NA] iter=00030 eval=01998 misfit=5.009702e-01 best=4.999081e-01
[NA] iter=00030 eval=01999 misfit=5.065147e-01 best=4.999081e-01
[NA] iter=00030 eval=02000 misfit=5.008976e-01 best=4.999081e-01
NAI - Optimisation Loop:  60%|██████    | 30/50 [1:26:29<57:43, 173.17s/it]  [NA] iter=00031 eval=02001 misfit=5.059548e-01 best=4.999081e-01
[NA] iter=00031 eval=02002 misfit=5.000357e-01 best=4.999081e-01
[NA] iter=00031 eval=02003 misfit=5.002436e-01 best=4.999081e-01
[NA] iter=00031 eval=02004 misfit=5.003354e-01 best=4.999081e-01
[NA] iter=00031 eval=02005 misfit=5.005101e-01 best=4.999081e-01
[NA] iter=00031 eval=02006 misfit=5.005771e-01 best=4.999081e-01
[NA] iter=00031 eval=02007 misfit=5.004567e-01 best=4.999081e-01
[NA] iter=00031 eval=02008 misfit=5.007265e-01 best=4.999081e-01
[NA] iter=00031 eval=02009 misfit=5.004135e-01 best=4.999081e-01
[NA] iter=00031 eval=02010 misfit=5.005702e-01 best=4.999081e-01
[NA] iter=00031 eval=02011 misfit=5.005749e-01 best=4.999081e-01
[NA] iter=00031 eval=02012 misfit=5.066026e-01 best=4.999081e-01
[NA] iter=00031 eval=02013 misfit=5.066586e-01 best=4.999081e-01
[NA] iter=00031 eval=02014 misfit=5.003631e-01 best=4.999081e-01
[NA] iter=00031 eval=02015 misfit=5.064416e-01 best=4.999081e-01
[NA] iter=00031 eval=02016 misfit=5.006436e-01 best=4.999081e-01
[NA] iter=00031 eval=02017 misfit=5.003919e-01 best=4.999081e-01
[NA] iter=00031 eval=02018 misfit=5.005917e-01 best=4.999081e-01
[NA] iter=00031 eval=02019 misfit=5.004753e-01 best=4.999081e-01
[NA] iter=00031 eval=02020 misfit=5.004105e-01 best=4.999081e-01
[NA] iter=00031 eval=02021 misfit=5.068953e-01 best=4.999081e-01
[NA] iter=00031 eval=02022 misfit=5.006402e-01 best=4.999081e-01
[NA] iter=00031 eval=02023 misfit=5.061333e-01 best=4.999081e-01
[NA] iter=00031 eval=02024 misfit=5.006402e-01 best=4.999081e-01
[NA] iter=00031 eval=02025 misfit=5.123784e-01 best=4.999081e-01
[NA] iter=00031 eval=02026 misfit=5.003866e-01 best=4.999081e-01
[NA] iter=00031 eval=02027 misfit=5.005354e-01 best=4.999081e-01
[NA] iter=00031 eval=02028 misfit=5.007065e-01 best=4.999081e-01
[NA] iter=00031 eval=02029 misfit=5.006515e-01 best=4.999081e-01
[NA] iter=00031 eval=02030 misfit=5.005589e-01 best=4.999081e-01
[NA] iter=00031 eval=02031 misfit=5.065399e-01 best=4.999081e-01
[NA] iter=00031 eval=02032 misfit=5.004425e-01 best=4.999081e-01
[NA] iter=00031 eval=02033 misfit=5.065530e-01 best=4.999081e-01
[NA] iter=00031 eval=02034 misfit=5.065676e-01 best=4.999081e-01
[NA] iter=00031 eval=02035 misfit=5.005019e-01 best=4.999081e-01
[NA] iter=00031 eval=02036 misfit=5.006281e-01 best=4.999081e-01
[NA] iter=00031 eval=02037 misfit=5.006014e-01 best=4.999081e-01
[NA] iter=00031 eval=02038 misfit=5.005273e-01 best=4.999081e-01
[NA] iter=00031 eval=02039 misfit=5.004824e-01 best=4.999081e-01
[NA] iter=00031 eval=02040 misfit=5.005283e-01 best=4.999081e-01
[NA] iter=00031 eval=02041 misfit=5.006883e-01 best=4.999081e-01
[NA] iter=00031 eval=02042 misfit=5.005987e-01 best=4.999081e-01
[NA] iter=00031 eval=02043 misfit=5.007185e-01 best=4.999081e-01
[NA] iter=00031 eval=02044 misfit=5.006735e-01 best=4.999081e-01
[NA] iter=00031 eval=02045 misfit=5.009101e-01 best=4.999081e-01
[NA] iter=00031 eval=02046 misfit=5.006048e-01 best=4.999081e-01
[NA] iter=00031 eval=02047 misfit=5.005781e-01 best=4.999081e-01
[NA] iter=00031 eval=02048 misfit=5.006288e-01 best=4.999081e-01
[NA] iter=00031 eval=02049 misfit=5.006701e-01 best=4.999081e-01
[NA] iter=00031 eval=02050 misfit=5.004776e-01 best=4.999081e-01
NAI - Optimisation Loop:  62%|██████▏   | 31/50 [1:29:24<55:04, 173.95s/it][NA] iter=00032 eval=02051 misfit=5.059336e-01 best=4.999081e-01
[NA] iter=00032 eval=02052 misfit=4.998030e-01 best=4.998030e-01
[NA] iter=00032 eval=02053 misfit=5.059316e-01 best=4.998030e-01
[NA] iter=00032 eval=02054 misfit=5.054696e-01 best=4.998030e-01
[NA] iter=00032 eval=02055 misfit=5.062486e-01 best=4.998030e-01
[NA] iter=00032 eval=02056 misfit=5.175887e-01 best=4.998030e-01
[NA] iter=00032 eval=02057 misfit=5.118741e-01 best=4.998030e-01
[NA] iter=00032 eval=02058 misfit=5.005450e-01 best=4.998030e-01
[NA] iter=00032 eval=02059 misfit=5.002525e-01 best=4.998030e-01
[NA] iter=00032 eval=02060 misfit=5.175013e-01 best=4.998030e-01
[NA] iter=00032 eval=02061 misfit=5.004928e-01 best=4.998030e-01
[NA] iter=00032 eval=02062 misfit=5.004643e-01 best=4.998030e-01
[NA] iter=00032 eval=02063 misfit=5.004101e-01 best=4.998030e-01
[NA] iter=00032 eval=02064 misfit=5.003074e-01 best=4.998030e-01
[NA] iter=00032 eval=02065 misfit=5.004492e-01 best=4.998030e-01
[NA] iter=00032 eval=02066 misfit=5.116175e-01 best=4.998030e-01
[NA] iter=00032 eval=02067 misfit=5.157794e-01 best=4.998030e-01
[NA] iter=00032 eval=02068 misfit=5.213404e-01 best=4.998030e-01
[NA] iter=00032 eval=02069 misfit=5.218090e-01 best=4.998030e-01
[NA] iter=00032 eval=02070 misfit=5.003616e-01 best=4.998030e-01
[NA] iter=00032 eval=02071 misfit=5.002647e-01 best=4.998030e-01
[NA] iter=00032 eval=02072 misfit=5.064521e-01 best=4.998030e-01
[NA] iter=00032 eval=02073 misfit=5.002226e-01 best=4.998030e-01
[NA] iter=00032 eval=02074 misfit=5.062960e-01 best=4.998030e-01
[NA] iter=00032 eval=02075 misfit=5.002017e-01 best=4.998030e-01
[NA] iter=00032 eval=02076 misfit=5.001133e-01 best=4.998030e-01
[NA] iter=00032 eval=02077 misfit=5.001955e-01 best=4.998030e-01
[NA] iter=00032 eval=02078 misfit=5.000862e-01 best=4.998030e-01
[NA] iter=00032 eval=02079 misfit=5.000602e-01 best=4.998030e-01
[NA] iter=00032 eval=02080 misfit=4.998475e-01 best=4.998030e-01
[NA] iter=00032 eval=02081 misfit=5.007066e-01 best=4.998030e-01
[NA] iter=00032 eval=02082 misfit=5.003724e-01 best=4.998030e-01
[NA] iter=00032 eval=02083 misfit=5.004072e-01 best=4.998030e-01
[NA] iter=00032 eval=02084 misfit=5.062205e-01 best=4.998030e-01
[NA] iter=00032 eval=02085 misfit=5.005350e-01 best=4.998030e-01
[NA] iter=00032 eval=02086 misfit=5.003911e-01 best=4.998030e-01
[NA] iter=00032 eval=02087 misfit=5.003630e-01 best=4.998030e-01
[NA] iter=00032 eval=02088 misfit=5.004115e-01 best=4.998030e-01
[NA] iter=00032 eval=02089 misfit=5.004138e-01 best=4.998030e-01
[NA] iter=00032 eval=02090 misfit=5.005884e-01 best=4.998030e-01
[NA] iter=00032 eval=02091 misfit=5.004643e-01 best=4.998030e-01
[NA] iter=00032 eval=02092 misfit=5.004989e-01 best=4.998030e-01
[NA] iter=00032 eval=02093 misfit=5.005765e-01 best=4.998030e-01
[NA] iter=00032 eval=02094 misfit=5.003876e-01 best=4.998030e-01
[NA] iter=00032 eval=02095 misfit=5.005091e-01 best=4.998030e-01
[NA] iter=00032 eval=02096 misfit=5.004820e-01 best=4.998030e-01
[NA] iter=00032 eval=02097 misfit=5.006954e-01 best=4.998030e-01
[NA] iter=00032 eval=02098 misfit=5.005328e-01 best=4.998030e-01
[NA] iter=00032 eval=02099 misfit=5.004636e-01 best=4.998030e-01
[NA] iter=00032 eval=02100 misfit=5.006501e-01 best=4.998030e-01
NAI - Optimisation Loop:  64%|██████▍   | 32/50 [1:32:19<52:16, 174.26s/it][NA] iter=00033 eval=02101 misfit=4.999703e-01 best=4.998030e-01
[NA] iter=00033 eval=02102 misfit=5.113894e-01 best=4.998030e-01
[NA] iter=00033 eval=02103 misfit=5.058591e-01 best=4.998030e-01
[NA] iter=00033 eval=02104 misfit=5.054500e-01 best=4.998030e-01
[NA] iter=00033 eval=02105 misfit=5.056899e-01 best=4.998030e-01
[NA] iter=00033 eval=02106 misfit=5.003786e-01 best=4.998030e-01
[NA] iter=00033 eval=02107 misfit=5.048404e-01 best=4.998030e-01
[NA] iter=00033 eval=02108 misfit=5.004119e-01 best=4.998030e-01
[NA] iter=00033 eval=02109 misfit=5.106323e-01 best=4.998030e-01
[NA] iter=00033 eval=02110 misfit=5.153326e-01 best=4.998030e-01
[NA] iter=00033 eval=02111 misfit=4.999075e-01 best=4.998030e-01
[NA] iter=00033 eval=02112 misfit=5.000753e-01 best=4.998030e-01
[NA] iter=00033 eval=02113 misfit=5.114859e-01 best=4.998030e-01
[NA] iter=00033 eval=02114 misfit=5.055016e-01 best=4.998030e-01
[NA] iter=00033 eval=02115 misfit=5.057365e-01 best=4.998030e-01
[NA] iter=00033 eval=02116 misfit=5.117297e-01 best=4.998030e-01
[NA] iter=00033 eval=02117 misfit=5.002795e-01 best=4.998030e-01
[NA] iter=00033 eval=02118 misfit=5.000704e-01 best=4.998030e-01
[NA] iter=00033 eval=02119 misfit=5.001336e-01 best=4.998030e-01
[NA] iter=00033 eval=02120 misfit=5.004103e-01 best=4.998030e-01
[NA] iter=00033 eval=02121 misfit=5.004437e-01 best=4.998030e-01
[NA] iter=00033 eval=02122 misfit=5.061298e-01 best=4.998030e-01
[NA] iter=00033 eval=02123 misfit=5.005350e-01 best=4.998030e-01
[NA] iter=00033 eval=02124 misfit=5.003297e-01 best=4.998030e-01
[NA] iter=00033 eval=02125 misfit=5.006293e-01 best=4.998030e-01
[NA] iter=00033 eval=02126 misfit=5.004136e-01 best=4.998030e-01
[NA] iter=00033 eval=02127 misfit=5.001458e-01 best=4.998030e-01
[NA] iter=00033 eval=02128 misfit=5.006466e-01 best=4.998030e-01
[NA] iter=00033 eval=02129 misfit=5.005676e-01 best=4.998030e-01
[NA] iter=00033 eval=02130 misfit=5.001748e-01 best=4.998030e-01
[NA] iter=00033 eval=02131 misfit=4.999605e-01 best=4.998030e-01
[NA] iter=00033 eval=02132 misfit=5.058517e-01 best=4.998030e-01
[NA] iter=00033 eval=02133 misfit=5.059449e-01 best=4.998030e-01
[NA] iter=00033 eval=02134 misfit=5.000941e-01 best=4.998030e-01
[NA] iter=00033 eval=02135 misfit=5.004436e-01 best=4.998030e-01
[NA] iter=00033 eval=02136 misfit=5.001948e-01 best=4.998030e-01
[NA] iter=00033 eval=02137 misfit=5.004852e-01 best=4.998030e-01
[NA] iter=00033 eval=02138 misfit=5.005459e-01 best=4.998030e-01
[NA] iter=00033 eval=02139 misfit=5.004564e-01 best=4.998030e-01
[NA] iter=00033 eval=02140 misfit=5.005498e-01 best=4.998030e-01
[NA] iter=00033 eval=02141 misfit=5.005583e-01 best=4.998030e-01
[NA] iter=00033 eval=02142 misfit=5.002895e-01 best=4.998030e-01
[NA] iter=00033 eval=02143 misfit=5.004602e-01 best=4.998030e-01
[NA] iter=00033 eval=02144 misfit=5.064975e-01 best=4.998030e-01
[NA] iter=00033 eval=02145 misfit=5.063223e-01 best=4.998030e-01
[NA] iter=00033 eval=02146 misfit=5.002768e-01 best=4.998030e-01
[NA] iter=00033 eval=02147 misfit=5.003838e-01 best=4.998030e-01
[NA] iter=00033 eval=02148 misfit=5.001176e-01 best=4.998030e-01
[NA] iter=00033 eval=02149 misfit=5.004938e-01 best=4.998030e-01
[NA] iter=00033 eval=02150 misfit=5.003265e-01 best=4.998030e-01
NAI - Optimisation Loop:  66%|██████▌   | 33/50 [1:35:10<49:03, 173.15s/it][NA] iter=00034 eval=02151 misfit=4.999611e-01 best=4.998030e-01
[NA] iter=00034 eval=02152 misfit=5.057377e-01 best=4.998030e-01
[NA] iter=00034 eval=02153 misfit=5.115358e-01 best=4.998030e-01
[NA] iter=00034 eval=02154 misfit=4.997443e-01 best=4.997443e-01
[NA] iter=00034 eval=02155 misfit=5.061888e-01 best=4.997443e-01
[NA] iter=00034 eval=02156 misfit=5.059375e-01 best=4.997443e-01
[NA] iter=00034 eval=02157 misfit=5.057631e-01 best=4.997443e-01
[NA] iter=00034 eval=02158 misfit=5.060929e-01 best=4.997443e-01
[NA] iter=00034 eval=02159 misfit=5.058138e-01 best=4.997443e-01
[NA] iter=00034 eval=02160 misfit=5.059340e-01 best=4.997443e-01
[NA] iter=00034 eval=02161 misfit=5.057612e-01 best=4.997443e-01
[NA] iter=00034 eval=02162 misfit=5.001540e-01 best=4.997443e-01
[NA] iter=00034 eval=02163 misfit=5.000162e-01 best=4.997443e-01
[NA] iter=00034 eval=02164 misfit=5.003353e-01 best=4.997443e-01
[NA] iter=00034 eval=02165 misfit=5.000972e-01 best=4.997443e-01
[NA] iter=00034 eval=02166 misfit=5.059767e-01 best=4.997443e-01
[NA] iter=00034 eval=02167 misfit=4.998978e-01 best=4.997443e-01
[NA] iter=00034 eval=02168 misfit=4.997443e-01 best=4.997443e-01
[NA] iter=00034 eval=02169 misfit=4.999377e-01 best=4.997443e-01
[NA] iter=00034 eval=02170 misfit=4.999177e-01 best=4.997443e-01
[NA] iter=00034 eval=02171 misfit=5.059257e-01 best=4.997443e-01
[NA] iter=00034 eval=02172 misfit=5.059330e-01 best=4.997443e-01
[NA] iter=00034 eval=02173 misfit=5.059807e-01 best=4.997443e-01
[NA] iter=00034 eval=02174 misfit=4.999957e-01 best=4.997443e-01
[NA] iter=00034 eval=02175 misfit=5.000525e-01 best=4.997443e-01
[NA] iter=00034 eval=02176 misfit=4.999209e-01 best=4.997443e-01
[NA] iter=00034 eval=02177 misfit=5.000670e-01 best=4.997443e-01
[NA] iter=00034 eval=02178 misfit=4.999876e-01 best=4.997443e-01
[NA] iter=00034 eval=02179 misfit=5.057286e-01 best=4.997443e-01
[NA] iter=00034 eval=02180 misfit=5.001199e-01 best=4.997443e-01
[NA] iter=00034 eval=02181 misfit=5.001030e-01 best=4.997443e-01
[NA] iter=00034 eval=02182 misfit=5.002083e-01 best=4.997443e-01
[NA] iter=00034 eval=02183 misfit=4.997281e-01 best=4.997281e-01
[NA] iter=00034 eval=02184 misfit=4.998233e-01 best=4.997281e-01
[NA] iter=00034 eval=02185 misfit=5.001884e-01 best=4.997281e-01
[NA] iter=00034 eval=02186 misfit=5.000020e-01 best=4.997281e-01
[NA] iter=00034 eval=02187 misfit=5.060968e-01 best=4.997281e-01
[NA] iter=00034 eval=02188 misfit=5.003045e-01 best=4.997281e-01
[NA] iter=00034 eval=02189 misfit=5.002885e-01 best=4.997281e-01
[NA] iter=00034 eval=02190 misfit=5.063125e-01 best=4.997281e-01
[NA] iter=00034 eval=02191 misfit=5.002650e-01 best=4.997281e-01
[NA] iter=00034 eval=02192 misfit=5.056894e-01 best=4.997281e-01
[NA] iter=00034 eval=02193 misfit=5.000861e-01 best=4.997281e-01
[NA] iter=00034 eval=02194 misfit=5.000922e-01 best=4.997281e-01
[NA] iter=00034 eval=02195 misfit=5.056272e-01 best=4.997281e-01
[NA] iter=00034 eval=02196 misfit=5.001665e-01 best=4.997281e-01
[NA] iter=00034 eval=02197 misfit=5.116759e-01 best=4.997281e-01
[NA] iter=00034 eval=02198 misfit=5.056917e-01 best=4.997281e-01
[NA] iter=00034 eval=02199 misfit=5.054871e-01 best=4.997281e-01
[NA] iter=00034 eval=02200 misfit=5.002771e-01 best=4.997281e-01
NAI - Optimisation Loop:  68%|██████▊   | 34/50 [1:38:03<46:11, 173.23s/it][NA] iter=00035 eval=02201 misfit=5.059234e-01 best=4.997281e-01
[NA] iter=00035 eval=02202 misfit=5.060201e-01 best=4.997281e-01
[NA] iter=00035 eval=02203 misfit=5.062297e-01 best=4.997281e-01
[NA] iter=00035 eval=02204 misfit=5.062191e-01 best=4.997281e-01
[NA] iter=00035 eval=02205 misfit=5.060738e-01 best=4.997281e-01
[NA] iter=00035 eval=02206 misfit=5.054814e-01 best=4.997281e-01
[NA] iter=00035 eval=02207 misfit=4.999925e-01 best=4.997281e-01
[NA] iter=00035 eval=02208 misfit=4.998900e-01 best=4.997281e-01
[NA] iter=00035 eval=02209 misfit=5.113514e-01 best=4.997281e-01
[NA] iter=00035 eval=02210 misfit=5.055370e-01 best=4.997281e-01
[NA] iter=00035 eval=02211 misfit=5.001721e-01 best=4.997281e-01
[NA] iter=00035 eval=02212 misfit=5.002958e-01 best=4.997281e-01
[NA] iter=00035 eval=02213 misfit=5.001989e-01 best=4.997281e-01
[NA] iter=00035 eval=02214 misfit=5.058550e-01 best=4.997281e-01
[NA] iter=00035 eval=02215 misfit=5.060420e-01 best=4.997281e-01
[NA] iter=00035 eval=02216 misfit=4.998007e-01 best=4.997281e-01
[NA] iter=00035 eval=02217 misfit=5.059362e-01 best=4.997281e-01
[NA] iter=00035 eval=02218 misfit=4.996845e-01 best=4.996845e-01
[NA] iter=00035 eval=02219 misfit=4.996545e-01 best=4.996545e-01
[NA] iter=00035 eval=02220 misfit=4.996883e-01 best=4.996545e-01
[NA] iter=00035 eval=02221 misfit=5.060035e-01 best=4.996545e-01
[NA] iter=00035 eval=02222 misfit=4.997789e-01 best=4.996545e-01
[NA] iter=00035 eval=02223 misfit=5.057389e-01 best=4.996545e-01
[NA] iter=00035 eval=02224 misfit=5.059527e-01 best=4.996545e-01
[NA] iter=00035 eval=02225 misfit=5.057008e-01 best=4.996545e-01
[NA] iter=00035 eval=02226 misfit=5.059017e-01 best=4.996545e-01
[NA] iter=00035 eval=02227 misfit=4.997815e-01 best=4.996545e-01
[NA] iter=00035 eval=02228 misfit=4.998294e-01 best=4.996545e-01
[NA] iter=00035 eval=02229 misfit=5.060419e-01 best=4.996545e-01
[NA] iter=00035 eval=02230 misfit=5.059588e-01 best=4.996545e-01
[NA] iter=00035 eval=02231 misfit=5.059218e-01 best=4.996545e-01
[NA] iter=00035 eval=02232 misfit=4.997827e-01 best=4.996545e-01
[NA] iter=00035 eval=02233 misfit=5.060406e-01 best=4.996545e-01
[NA] iter=00035 eval=02234 misfit=5.057005e-01 best=4.996545e-01
[NA] iter=00035 eval=02235 misfit=4.997828e-01 best=4.996545e-01
[NA] iter=00035 eval=02236 misfit=4.997446e-01 best=4.996545e-01
[NA] iter=00035 eval=02237 misfit=4.998588e-01 best=4.996545e-01
[NA] iter=00035 eval=02238 misfit=4.997702e-01 best=4.996545e-01
[NA] iter=00035 eval=02239 misfit=4.998698e-01 best=4.996545e-01
[NA] iter=00035 eval=02240 misfit=4.998361e-01 best=4.996545e-01
[NA] iter=00035 eval=02241 misfit=5.056739e-01 best=4.996545e-01
[NA] iter=00035 eval=02242 misfit=4.997619e-01 best=4.996545e-01
[NA] iter=00035 eval=02243 misfit=4.999296e-01 best=4.996545e-01
[NA] iter=00035 eval=02244 misfit=5.057104e-01 best=4.996545e-01
[NA] iter=00035 eval=02245 misfit=5.057808e-01 best=4.996545e-01
[NA] iter=00035 eval=02246 misfit=5.058221e-01 best=4.996545e-01
[NA] iter=00035 eval=02247 misfit=5.061603e-01 best=4.996545e-01
[NA] iter=00035 eval=02248 misfit=5.055463e-01 best=4.996545e-01
[NA] iter=00035 eval=02249 misfit=5.060303e-01 best=4.996545e-01
[NA] iter=00035 eval=02250 misfit=5.000679e-01 best=4.996545e-01
NAI - Optimisation Loop:  70%|███████   | 35/50 [1:40:57<43:19, 173.33s/it][NA] iter=00036 eval=02251 misfit=5.057675e-01 best=4.996545e-01
[NA] iter=00036 eval=02252 misfit=5.057719e-01 best=4.996545e-01
[NA] iter=00036 eval=02253 misfit=5.117361e-01 best=4.996545e-01
[NA] iter=00036 eval=02254 misfit=5.056988e-01 best=4.996545e-01
[NA] iter=00036 eval=02255 misfit=5.116771e-01 best=4.996545e-01
[NA] iter=00036 eval=02256 misfit=4.996621e-01 best=4.996545e-01
[NA] iter=00036 eval=02257 misfit=4.997123e-01 best=4.996545e-01
[NA] iter=00036 eval=02258 misfit=4.996878e-01 best=4.996545e-01
[NA] iter=00036 eval=02259 misfit=4.997954e-01 best=4.996545e-01
[NA] iter=00036 eval=02260 misfit=5.059283e-01 best=4.996545e-01
[NA] iter=00036 eval=02261 misfit=5.000408e-01 best=4.996545e-01
[NA] iter=00036 eval=02262 misfit=4.998694e-01 best=4.996545e-01
[NA] iter=00036 eval=02263 misfit=4.997362e-01 best=4.996545e-01
[NA] iter=00036 eval=02264 misfit=5.059860e-01 best=4.996545e-01
[NA] iter=00036 eval=02265 misfit=5.059859e-01 best=4.996545e-01
[NA] iter=00036 eval=02266 misfit=4.996645e-01 best=4.996545e-01
[NA] iter=00036 eval=02267 misfit=5.000059e-01 best=4.996545e-01
[NA] iter=00036 eval=02268 misfit=5.059369e-01 best=4.996545e-01
[NA] iter=00036 eval=02269 misfit=5.059893e-01 best=4.996545e-01
[NA] iter=00036 eval=02270 misfit=4.998532e-01 best=4.996545e-01
[NA] iter=00036 eval=02271 misfit=4.999489e-01 best=4.996545e-01
[NA] iter=00036 eval=02272 misfit=5.056110e-01 best=4.996545e-01
[NA] iter=00036 eval=02273 misfit=4.999253e-01 best=4.996545e-01
[NA] iter=00036 eval=02274 misfit=5.057095e-01 best=4.996545e-01
[NA] iter=00036 eval=02275 misfit=4.997718e-01 best=4.996545e-01
[NA] iter=00036 eval=02276 misfit=5.058834e-01 best=4.996545e-01
[NA] iter=00036 eval=02277 misfit=5.059805e-01 best=4.996545e-01
[NA] iter=00036 eval=02278 misfit=5.060655e-01 best=4.996545e-01
[NA] iter=00036 eval=02279 misfit=5.058328e-01 best=4.996545e-01
[NA] iter=00036 eval=02280 misfit=5.058554e-01 best=4.996545e-01
[NA] iter=00036 eval=02281 misfit=4.997708e-01 best=4.996545e-01
[NA] iter=00036 eval=02282 misfit=4.999818e-01 best=4.996545e-01
[NA] iter=00036 eval=02283 misfit=4.997010e-01 best=4.996545e-01
[NA] iter=00036 eval=02284 misfit=5.059120e-01 best=4.996545e-01
[NA] iter=00036 eval=02285 misfit=5.060109e-01 best=4.996545e-01
[NA] iter=00036 eval=02286 misfit=5.115757e-01 best=4.996545e-01
[NA] iter=00036 eval=02287 misfit=4.999654e-01 best=4.996545e-01
[NA] iter=00036 eval=02288 misfit=4.998545e-01 best=4.996545e-01
[NA] iter=00036 eval=02289 misfit=5.116518e-01 best=4.996545e-01
[NA] iter=00036 eval=02290 misfit=5.116000e-01 best=4.996545e-01
[NA] iter=00036 eval=02291 misfit=4.997419e-01 best=4.996545e-01
[NA] iter=00036 eval=02292 misfit=4.997996e-01 best=4.996545e-01
[NA] iter=00036 eval=02293 misfit=4.998542e-01 best=4.996545e-01
[NA] iter=00036 eval=02294 misfit=4.998414e-01 best=4.996545e-01
[NA] iter=00036 eval=02295 misfit=4.997915e-01 best=4.996545e-01
[NA] iter=00036 eval=02296 misfit=4.999859e-01 best=4.996545e-01
[NA] iter=00036 eval=02297 misfit=5.061955e-01 best=4.996545e-01
[NA] iter=00036 eval=02298 misfit=5.000352e-01 best=4.996545e-01
[NA] iter=00036 eval=02299 misfit=5.061972e-01 best=4.996545e-01
[NA] iter=00036 eval=02300 misfit=5.059232e-01 best=4.996545e-01
NAI - Optimisation Loop:  72%|███████▏  | 36/50 [1:43:51<40:28, 173.46s/it][NA] iter=00037 eval=02301 misfit=5.055875e-01 best=4.996545e-01
[NA] iter=00037 eval=02302 misfit=4.997880e-01 best=4.996545e-01
[NA] iter=00037 eval=02303 misfit=4.997396e-01 best=4.996545e-01
[NA] iter=00037 eval=02304 misfit=4.999143e-01 best=4.996545e-01
[NA] iter=00037 eval=02305 misfit=4.998549e-01 best=4.996545e-01
[NA] iter=00037 eval=02306 misfit=4.999018e-01 best=4.996545e-01
[NA] iter=00037 eval=02307 misfit=4.997292e-01 best=4.996545e-01
[NA] iter=00037 eval=02308 misfit=5.001536e-01 best=4.996545e-01
[NA] iter=00037 eval=02309 misfit=4.996669e-01 best=4.996545e-01
[NA] iter=00037 eval=02310 misfit=4.998141e-01 best=4.996545e-01
[NA] iter=00037 eval=02311 misfit=4.997536e-01 best=4.996545e-01
[NA] iter=00037 eval=02312 misfit=4.998285e-01 best=4.996545e-01
[NA] iter=00037 eval=02313 misfit=5.001196e-01 best=4.996545e-01
[NA] iter=00037 eval=02314 misfit=4.999040e-01 best=4.996545e-01
[NA] iter=00037 eval=02315 misfit=5.001214e-01 best=4.996545e-01
[NA] iter=00037 eval=02316 misfit=4.996896e-01 best=4.996545e-01
[NA] iter=00037 eval=02317 misfit=4.996915e-01 best=4.996545e-01
[NA] iter=00037 eval=02318 misfit=4.997830e-01 best=4.996545e-01
[NA] iter=00037 eval=02319 misfit=4.996794e-01 best=4.996545e-01
[NA] iter=00037 eval=02320 misfit=4.997934e-01 best=4.996545e-01
[NA] iter=00037 eval=02321 misfit=5.055890e-01 best=4.996545e-01
[NA] iter=00037 eval=02322 misfit=4.996731e-01 best=4.996545e-01
[NA] iter=00037 eval=02323 misfit=4.996953e-01 best=4.996545e-01
[NA] iter=00037 eval=02324 misfit=4.996583e-01 best=4.996545e-01
[NA] iter=00037 eval=02325 misfit=5.055924e-01 best=4.996545e-01
[NA] iter=00037 eval=02326 misfit=4.997218e-01 best=4.996545e-01
[NA] iter=00037 eval=02327 misfit=5.059178e-01 best=4.996545e-01
[NA] iter=00037 eval=02328 misfit=4.997890e-01 best=4.996545e-01
[NA] iter=00037 eval=02329 misfit=4.997876e-01 best=4.996545e-01
[NA] iter=00037 eval=02330 misfit=4.998475e-01 best=4.996545e-01
[NA] iter=00037 eval=02331 misfit=4.999593e-01 best=4.996545e-01
[NA] iter=00037 eval=02332 misfit=5.117321e-01 best=4.996545e-01
[NA] iter=00037 eval=02333 misfit=5.059802e-01 best=4.996545e-01
[NA] iter=00037 eval=02334 misfit=4.996984e-01 best=4.996545e-01
[NA] iter=00037 eval=02335 misfit=5.060686e-01 best=4.996545e-01
[NA] iter=00037 eval=02336 misfit=5.057225e-01 best=4.996545e-01
[NA] iter=00037 eval=02337 misfit=5.059095e-01 best=4.996545e-01
[NA] iter=00037 eval=02338 misfit=5.058129e-01 best=4.996545e-01
[NA] iter=00037 eval=02339 misfit=4.996470e-01 best=4.996470e-01
[NA] iter=00037 eval=02340 misfit=4.996906e-01 best=4.996470e-01
[NA] iter=00037 eval=02341 misfit=5.058449e-01 best=4.996470e-01
[NA] iter=00037 eval=02342 misfit=4.998365e-01 best=4.996470e-01
[NA] iter=00037 eval=02343 misfit=5.059570e-01 best=4.996470e-01
[NA] iter=00037 eval=02344 misfit=5.059824e-01 best=4.996470e-01
[NA] iter=00037 eval=02345 misfit=5.061039e-01 best=4.996470e-01
[NA] iter=00037 eval=02346 misfit=5.060490e-01 best=4.996470e-01
[NA] iter=00037 eval=02347 misfit=5.060636e-01 best=4.996470e-01
[NA] iter=00037 eval=02348 misfit=5.059249e-01 best=4.996470e-01
[NA] iter=00037 eval=02349 misfit=5.059854e-01 best=4.996470e-01
[NA] iter=00037 eval=02350 misfit=5.060869e-01 best=4.996470e-01
NAI - Optimisation Loop:  74%|███████▍  | 37/50 [1:46:44<37:36, 173.55s/it][NA] iter=00038 eval=02351 misfit=5.058310e-01 best=4.996470e-01
[NA] iter=00038 eval=02352 misfit=5.059948e-01 best=4.996470e-01
[NA] iter=00038 eval=02353 misfit=5.058847e-01 best=4.996470e-01
[NA] iter=00038 eval=02354 misfit=5.058771e-01 best=4.996470e-01
[NA] iter=00038 eval=02355 misfit=5.058954e-01 best=4.996470e-01
[NA] iter=00038 eval=02356 misfit=4.997429e-01 best=4.996470e-01
[NA] iter=00038 eval=02357 misfit=4.998270e-01 best=4.996470e-01
[NA] iter=00038 eval=02358 misfit=4.997868e-01 best=4.996470e-01
[NA] iter=00038 eval=02359 misfit=4.997757e-01 best=4.996470e-01
[NA] iter=00038 eval=02360 misfit=4.996895e-01 best=4.996470e-01
[NA] iter=00038 eval=02361 misfit=4.996534e-01 best=4.996470e-01
[NA] iter=00038 eval=02362 misfit=4.995801e-01 best=4.995801e-01
[NA] iter=00038 eval=02363 misfit=4.997302e-01 best=4.995801e-01
[NA] iter=00038 eval=02364 misfit=5.000305e-01 best=4.995801e-01
[NA] iter=00038 eval=02365 misfit=4.996642e-01 best=4.995801e-01
[NA] iter=00038 eval=02366 misfit=4.997200e-01 best=4.995801e-01
[NA] iter=00038 eval=02367 misfit=4.996618e-01 best=4.995801e-01
[NA] iter=00038 eval=02368 misfit=4.997973e-01 best=4.995801e-01
[NA] iter=00038 eval=02369 misfit=4.999519e-01 best=4.995801e-01
[NA] iter=00038 eval=02370 misfit=5.002089e-01 best=4.995801e-01
[NA] iter=00038 eval=02371 misfit=4.999886e-01 best=4.995801e-01
[NA] iter=00038 eval=02372 misfit=5.058789e-01 best=4.995801e-01
[NA] iter=00038 eval=02373 misfit=4.999845e-01 best=4.995801e-01
[NA] iter=00038 eval=02374 misfit=4.997380e-01 best=4.995801e-01
[NA] iter=00038 eval=02375 misfit=4.998831e-01 best=4.995801e-01
[NA] iter=00038 eval=02376 misfit=4.996473e-01 best=4.995801e-01
[NA] iter=00038 eval=02377 misfit=5.001591e-01 best=4.995801e-01
[NA] iter=00038 eval=02378 misfit=4.996025e-01 best=4.995801e-01
[NA] iter=00038 eval=02379 misfit=4.997274e-01 best=4.995801e-01
[NA] iter=00038 eval=02380 misfit=4.996510e-01 best=4.995801e-01
[NA] iter=00038 eval=02381 misfit=5.055656e-01 best=4.995801e-01
[NA] iter=00038 eval=02382 misfit=5.056382e-01 best=4.995801e-01
[NA] iter=00038 eval=02383 misfit=5.056349e-01 best=4.995801e-01
[NA] iter=00038 eval=02384 misfit=5.056051e-01 best=4.995801e-01
[NA] iter=00038 eval=02385 misfit=4.997600e-01 best=4.995801e-01
[NA] iter=00038 eval=02386 misfit=4.996988e-01 best=4.995801e-01
[NA] iter=00038 eval=02387 misfit=4.998214e-01 best=4.995801e-01
[NA] iter=00038 eval=02388 misfit=4.997286e-01 best=4.995801e-01
[NA] iter=00038 eval=02389 misfit=4.998449e-01 best=4.995801e-01
[NA] iter=00038 eval=02390 misfit=4.999620e-01 best=4.995801e-01
[NA] iter=00038 eval=02391 misfit=4.998007e-01 best=4.995801e-01
[NA] iter=00038 eval=02392 misfit=4.996667e-01 best=4.995801e-01
[NA] iter=00038 eval=02393 misfit=4.997078e-01 best=4.995801e-01
[NA] iter=00038 eval=02394 misfit=4.996810e-01 best=4.995801e-01
[NA] iter=00038 eval=02395 misfit=4.996992e-01 best=4.995801e-01
[NA] iter=00038 eval=02396 misfit=4.999469e-01 best=4.995801e-01
[NA] iter=00038 eval=02397 misfit=4.996608e-01 best=4.995801e-01
[NA] iter=00038 eval=02398 misfit=4.998063e-01 best=4.995801e-01
[NA] iter=00038 eval=02399 misfit=4.998415e-01 best=4.995801e-01
[NA] iter=00038 eval=02400 misfit=4.998017e-01 best=4.995801e-01
NAI - Optimisation Loop:  76%|███████▌  | 38/50 [1:49:39<34:46, 173.90s/it][NA] iter=00039 eval=02401 misfit=4.997906e-01 best=4.995801e-01
[NA] iter=00039 eval=02402 misfit=4.997818e-01 best=4.995801e-01
[NA] iter=00039 eval=02403 misfit=4.997769e-01 best=4.995801e-01
[NA] iter=00039 eval=02404 misfit=4.996514e-01 best=4.995801e-01
[NA] iter=00039 eval=02405 misfit=4.995878e-01 best=4.995801e-01
[NA] iter=00039 eval=02406 misfit=4.996872e-01 best=4.995801e-01
[NA] iter=00039 eval=02407 misfit=4.997427e-01 best=4.995801e-01
[NA] iter=00039 eval=02408 misfit=4.996795e-01 best=4.995801e-01
[NA] iter=00039 eval=02409 misfit=4.997427e-01 best=4.995801e-01
[NA] iter=00039 eval=02410 misfit=4.997160e-01 best=4.995801e-01
[NA] iter=00039 eval=02411 misfit=4.996747e-01 best=4.995801e-01
[NA] iter=00039 eval=02412 misfit=4.996759e-01 best=4.995801e-01
[NA] iter=00039 eval=02413 misfit=5.058889e-01 best=4.995801e-01
[NA] iter=00039 eval=02414 misfit=4.996599e-01 best=4.995801e-01
[NA] iter=00039 eval=02415 misfit=4.997305e-01 best=4.995801e-01
[NA] iter=00039 eval=02416 misfit=4.997373e-01 best=4.995801e-01
[NA] iter=00039 eval=02417 misfit=5.053016e-01 best=4.995801e-01
[NA] iter=00039 eval=02418 misfit=5.053810e-01 best=4.995801e-01
[NA] iter=00039 eval=02419 misfit=5.055042e-01 best=4.995801e-01
[NA] iter=00039 eval=02420 misfit=5.054255e-01 best=4.995801e-01
[NA] iter=00039 eval=02421 misfit=4.997194e-01 best=4.995801e-01
[NA] iter=00039 eval=02422 misfit=4.996683e-01 best=4.995801e-01
[NA] iter=00039 eval=02423 misfit=5.114891e-01 best=4.995801e-01
[NA] iter=00039 eval=02424 misfit=5.059626e-01 best=4.995801e-01
[NA] iter=00039 eval=02425 misfit=5.059299e-01 best=4.995801e-01
[NA] iter=00039 eval=02426 misfit=4.996151e-01 best=4.995801e-01
[NA] iter=00039 eval=02427 misfit=4.999237e-01 best=4.995801e-01
[NA] iter=00039 eval=02428 misfit=4.998599e-01 best=4.995801e-01
[NA] iter=00039 eval=02429 misfit=4.998048e-01 best=4.995801e-01
[NA] iter=00039 eval=02430 misfit=4.998686e-01 best=4.995801e-01
[NA] iter=00039 eval=02431 misfit=4.996769e-01 best=4.995801e-01
[NA] iter=00039 eval=02432 misfit=4.997981e-01 best=4.995801e-01
[NA] iter=00039 eval=02433 misfit=4.997714e-01 best=4.995801e-01
[NA] iter=00039 eval=02434 misfit=4.997868e-01 best=4.995801e-01
[NA] iter=00039 eval=02435 misfit=4.997884e-01 best=4.995801e-01
[NA] iter=00039 eval=02436 misfit=4.995938e-01 best=4.995801e-01
[NA] iter=00039 eval=02437 misfit=4.996797e-01 best=4.995801e-01
[NA] iter=00039 eval=02438 misfit=4.997298e-01 best=4.995801e-01
[NA] iter=00039 eval=02439 misfit=4.999114e-01 best=4.995801e-01
[NA] iter=00039 eval=02440 misfit=4.996875e-01 best=4.995801e-01
[NA] iter=00039 eval=02441 misfit=4.996756e-01 best=4.995801e-01
[NA] iter=00039 eval=02442 misfit=4.997999e-01 best=4.995801e-01
[NA] iter=00039 eval=02443 misfit=4.997130e-01 best=4.995801e-01
[NA] iter=00039 eval=02444 misfit=4.996593e-01 best=4.995801e-01
[NA] iter=00039 eval=02445 misfit=4.996119e-01 best=4.995801e-01
[NA] iter=00039 eval=02446 misfit=5.059803e-01 best=4.995801e-01
[NA] iter=00039 eval=02447 misfit=5.060874e-01 best=4.995801e-01
[NA] iter=00039 eval=02448 misfit=5.059463e-01 best=4.995801e-01
[NA] iter=00039 eval=02449 misfit=4.997914e-01 best=4.995801e-01
[NA] iter=00039 eval=02450 misfit=5.058128e-01 best=4.995801e-01
NAI - Optimisation Loop:  78%|███████▊  | 39/50 [1:52:32<31:48, 173.50s/it][NA] iter=00040 eval=02451 misfit=4.995631e-01 best=4.995631e-01
[NA] iter=00040 eval=02452 misfit=4.996989e-01 best=4.995631e-01
[NA] iter=00040 eval=02453 misfit=4.996850e-01 best=4.995631e-01
[NA] iter=00040 eval=02454 misfit=4.996992e-01 best=4.995631e-01
[NA] iter=00040 eval=02455 misfit=4.996090e-01 best=4.995631e-01
[NA] iter=00040 eval=02456 misfit=4.996815e-01 best=4.995631e-01
[NA] iter=00040 eval=02457 misfit=4.997314e-01 best=4.995631e-01
[NA] iter=00040 eval=02458 misfit=4.999300e-01 best=4.995631e-01
[NA] iter=00040 eval=02459 misfit=4.996640e-01 best=4.995631e-01
[NA] iter=00040 eval=02460 misfit=4.996124e-01 best=4.995631e-01
[NA] iter=00040 eval=02461 misfit=4.996483e-01 best=4.995631e-01
[NA] iter=00040 eval=02462 misfit=4.999092e-01 best=4.995631e-01
[NA] iter=00040 eval=02463 misfit=4.997531e-01 best=4.995631e-01
[NA] iter=00040 eval=02464 misfit=4.997446e-01 best=4.995631e-01
[NA] iter=00040 eval=02465 misfit=5.055619e-01 best=4.995631e-01
[NA] iter=00040 eval=02466 misfit=5.000103e-01 best=4.995631e-01
[NA] iter=00040 eval=02467 misfit=4.996106e-01 best=4.995631e-01
[NA] iter=00040 eval=02468 misfit=4.997970e-01 best=4.995631e-01
[NA] iter=00040 eval=02469 misfit=4.999650e-01 best=4.995631e-01
[NA] iter=00040 eval=02470 misfit=4.996476e-01 best=4.995631e-01
[NA] iter=00040 eval=02471 misfit=4.998977e-01 best=4.995631e-01
[NA] iter=00040 eval=02472 misfit=5.056318e-01 best=4.995631e-01
[NA] iter=00040 eval=02473 misfit=4.997527e-01 best=4.995631e-01
[NA] iter=00040 eval=02474 misfit=5.055952e-01 best=4.995631e-01
[NA] iter=00040 eval=02475 misfit=5.056575e-01 best=4.995631e-01
[NA] iter=00040 eval=02476 misfit=5.001977e-01 best=4.995631e-01
[NA] iter=00040 eval=02477 misfit=4.997895e-01 best=4.995631e-01
[NA] iter=00040 eval=02478 misfit=5.059414e-01 best=4.995631e-01
[NA] iter=00040 eval=02479 misfit=5.000487e-01 best=4.995631e-01
[NA] iter=00040 eval=02480 misfit=5.058277e-01 best=4.995631e-01
[NA] iter=00040 eval=02481 misfit=5.058053e-01 best=4.995631e-01
[NA] iter=00040 eval=02482 misfit=5.058612e-01 best=4.995631e-01
[NA] iter=00040 eval=02483 misfit=5.058871e-01 best=4.995631e-01
[NA] iter=00040 eval=02484 misfit=5.058936e-01 best=4.995631e-01
[NA] iter=00040 eval=02485 misfit=5.059451e-01 best=4.995631e-01
[NA] iter=00040 eval=02486 misfit=5.057814e-01 best=4.995631e-01
[NA] iter=00040 eval=02487 misfit=5.057397e-01 best=4.995631e-01
[NA] iter=00040 eval=02488 misfit=5.057814e-01 best=4.995631e-01
[NA] iter=00040 eval=02489 misfit=5.053006e-01 best=4.995631e-01
[NA] iter=00040 eval=02490 misfit=5.057783e-01 best=4.995631e-01
[NA] iter=00040 eval=02491 misfit=5.057718e-01 best=4.995631e-01
[NA] iter=00040 eval=02492 misfit=4.997762e-01 best=4.995631e-01
[NA] iter=00040 eval=02493 misfit=4.995731e-01 best=4.995631e-01
[NA] iter=00040 eval=02494 misfit=5.059626e-01 best=4.995631e-01
[NA] iter=00040 eval=02495 misfit=5.059727e-01 best=4.995631e-01
[NA] iter=00040 eval=02496 misfit=4.996771e-01 best=4.995631e-01
[NA] iter=00040 eval=02497 misfit=4.997180e-01 best=4.995631e-01
[NA] iter=00040 eval=02498 misfit=4.996771e-01 best=4.995631e-01
[NA] iter=00040 eval=02499 misfit=4.997246e-01 best=4.995631e-01
[NA] iter=00040 eval=02500 misfit=4.997010e-01 best=4.995631e-01
NAI - Optimisation Loop:  80%|████████  | 40/50 [1:55:25<28:54, 173.50s/it][NA] iter=00041 eval=02501 misfit=4.997187e-01 best=4.995631e-01
[NA] iter=00041 eval=02502 misfit=4.995978e-01 best=4.995631e-01
[NA] iter=00041 eval=02503 misfit=4.996363e-01 best=4.995631e-01
[NA] iter=00041 eval=02504 misfit=4.996926e-01 best=4.995631e-01
[NA] iter=00041 eval=02505 misfit=4.997297e-01 best=4.995631e-01
[NA] iter=00041 eval=02506 misfit=4.995725e-01 best=4.995631e-01
[NA] iter=00041 eval=02507 misfit=5.057563e-01 best=4.995631e-01
[NA] iter=00041 eval=02508 misfit=5.057344e-01 best=4.995631e-01
[NA] iter=00041 eval=02509 misfit=5.059120e-01 best=4.995631e-01
[NA] iter=00041 eval=02510 misfit=5.058826e-01 best=4.995631e-01
[NA] iter=00041 eval=02511 misfit=4.997233e-01 best=4.995631e-01
[NA] iter=00041 eval=02512 misfit=4.996026e-01 best=4.995631e-01
[NA] iter=00041 eval=02513 misfit=4.997125e-01 best=4.995631e-01
[NA] iter=00041 eval=02514 misfit=4.997610e-01 best=4.995631e-01
[NA] iter=00041 eval=02515 misfit=4.996223e-01 best=4.995631e-01
[NA] iter=00041 eval=02516 misfit=4.996891e-01 best=4.995631e-01
[NA] iter=00041 eval=02517 misfit=4.996719e-01 best=4.995631e-01
[NA] iter=00041 eval=02518 misfit=4.998182e-01 best=4.995631e-01
[NA] iter=00041 eval=02519 misfit=4.999129e-01 best=4.995631e-01
[NA] iter=00041 eval=02520 misfit=4.998026e-01 best=4.995631e-01
[NA] iter=00041 eval=02521 misfit=4.996452e-01 best=4.995631e-01
[NA] iter=00041 eval=02522 misfit=4.997152e-01 best=4.995631e-01
[NA] iter=00041 eval=02523 misfit=4.995666e-01 best=4.995631e-01
[NA] iter=00041 eval=02524 misfit=4.996610e-01 best=4.995631e-01
[NA] iter=00041 eval=02525 misfit=4.999111e-01 best=4.995631e-01
[NA] iter=00041 eval=02526 misfit=4.996653e-01 best=4.995631e-01
[NA] iter=00041 eval=02527 misfit=4.997427e-01 best=4.995631e-01
[NA] iter=00041 eval=02528 misfit=4.997615e-01 best=4.995631e-01
[NA] iter=00041 eval=02529 misfit=4.996046e-01 best=4.995631e-01
[NA] iter=00041 eval=02530 misfit=4.997456e-01 best=4.995631e-01
[NA] iter=00041 eval=02531 misfit=4.995849e-01 best=4.995631e-01
[NA] iter=00041 eval=02532 misfit=4.998693e-01 best=4.995631e-01
[NA] iter=00041 eval=02533 misfit=4.999145e-01 best=4.995631e-01
[NA] iter=00041 eval=02534 misfit=4.997870e-01 best=4.995631e-01
[NA] iter=00041 eval=02535 misfit=4.997860e-01 best=4.995631e-01
[NA] iter=00041 eval=02536 misfit=4.998480e-01 best=4.995631e-01
[NA] iter=00041 eval=02537 misfit=5.001688e-01 best=4.995631e-01
[NA] iter=00041 eval=02538 misfit=5.001063e-01 best=4.995631e-01
[NA] iter=00041 eval=02539 misfit=4.996201e-01 best=4.995631e-01
[NA] iter=00041 eval=02540 misfit=4.998753e-01 best=4.995631e-01
[NA] iter=00041 eval=02541 misfit=4.997029e-01 best=4.995631e-01
[NA] iter=00041 eval=02542 misfit=4.996930e-01 best=4.995631e-01
[NA] iter=00041 eval=02543 misfit=4.995979e-01 best=4.995631e-01
[NA] iter=00041 eval=02544 misfit=4.998904e-01 best=4.995631e-01
[NA] iter=00041 eval=02545 misfit=4.996125e-01 best=4.995631e-01
[NA] iter=00041 eval=02546 misfit=4.997786e-01 best=4.995631e-01
[NA] iter=00041 eval=02547 misfit=4.994832e-01 best=4.994832e-01
[NA] iter=00041 eval=02548 misfit=4.996752e-01 best=4.994832e-01
[NA] iter=00041 eval=02549 misfit=4.995112e-01 best=4.994832e-01
[NA] iter=00041 eval=02550 misfit=4.996397e-01 best=4.994832e-01
NAI - Optimisation Loop:  82%|████████▏ | 41/50 [1:58:22<26:09, 174.42s/it][NA] iter=00042 eval=02551 misfit=4.999835e-01 best=4.994832e-01
[NA] iter=00042 eval=02552 misfit=4.999126e-01 best=4.994832e-01
[NA] iter=00042 eval=02553 misfit=4.999530e-01 best=4.994832e-01
[NA] iter=00042 eval=02554 misfit=5.001395e-01 best=4.994832e-01
[NA] iter=00042 eval=02555 misfit=5.002320e-01 best=4.994832e-01
[NA] iter=00042 eval=02556 misfit=4.996730e-01 best=4.994832e-01
[NA] iter=00042 eval=02557 misfit=4.997370e-01 best=4.994832e-01
[NA] iter=00042 eval=02558 misfit=4.996315e-01 best=4.994832e-01
[NA] iter=00042 eval=02559 misfit=4.997224e-01 best=4.994832e-01
[NA] iter=00042 eval=02560 misfit=4.994989e-01 best=4.994832e-01
[NA] iter=00042 eval=02561 misfit=4.996886e-01 best=4.994832e-01
[NA] iter=00042 eval=02562 misfit=4.997132e-01 best=4.994832e-01
[NA] iter=00042 eval=02563 misfit=4.996196e-01 best=4.994832e-01
[NA] iter=00042 eval=02564 misfit=4.996013e-01 best=4.994832e-01
[NA] iter=00042 eval=02565 misfit=4.997167e-01 best=4.994832e-01
[NA] iter=00042 eval=02566 misfit=4.996337e-01 best=4.994832e-01
[NA] iter=00042 eval=02567 misfit=4.996820e-01 best=4.994832e-01
[NA] iter=00042 eval=02568 misfit=4.997014e-01 best=4.994832e-01
[NA] iter=00042 eval=02569 misfit=4.995984e-01 best=4.994832e-01
[NA] iter=00042 eval=02570 misfit=4.997256e-01 best=4.994832e-01
[NA] iter=00042 eval=02571 misfit=4.997783e-01 best=4.994832e-01
[NA] iter=00042 eval=02572 misfit=4.996545e-01 best=4.994832e-01
[NA] iter=00042 eval=02573 misfit=5.058281e-01 best=4.994832e-01
[NA] iter=00042 eval=02574 misfit=4.996488e-01 best=4.994832e-01
[NA] iter=00042 eval=02575 misfit=4.997530e-01 best=4.994832e-01
[NA] iter=00042 eval=02576 misfit=4.996240e-01 best=4.994832e-01
[NA] iter=00042 eval=02577 misfit=5.058027e-01 best=4.994832e-01
[NA] iter=00042 eval=02578 misfit=5.059399e-01 best=4.994832e-01
[NA] iter=00042 eval=02579 misfit=4.996135e-01 best=4.994832e-01
[NA] iter=00042 eval=02580 misfit=4.996209e-01 best=4.994832e-01
[NA] iter=00042 eval=02581 misfit=4.995878e-01 best=4.994832e-01
[NA] iter=00042 eval=02582 misfit=4.995801e-01 best=4.994832e-01
[NA] iter=00042 eval=02583 misfit=4.996873e-01 best=4.994832e-01
[NA] iter=00042 eval=02584 misfit=4.996273e-01 best=4.994832e-01
[NA] iter=00042 eval=02585 misfit=4.995801e-01 best=4.994832e-01
[NA] iter=00042 eval=02586 misfit=4.996365e-01 best=4.994832e-01
[NA] iter=00042 eval=02587 misfit=4.998338e-01 best=4.994832e-01
[NA] iter=00042 eval=02588 misfit=4.996787e-01 best=4.994832e-01
[NA] iter=00042 eval=02589 misfit=4.995832e-01 best=4.994832e-01
[NA] iter=00042 eval=02590 misfit=4.996096e-01 best=4.994832e-01
[NA] iter=00042 eval=02591 misfit=4.996992e-01 best=4.994832e-01
[NA] iter=00042 eval=02592 misfit=4.995878e-01 best=4.994832e-01
[NA] iter=00042 eval=02593 misfit=4.996437e-01 best=4.994832e-01
[NA] iter=00042 eval=02594 misfit=4.996955e-01 best=4.994832e-01
[NA] iter=00042 eval=02595 misfit=4.995861e-01 best=4.994832e-01
[NA] iter=00042 eval=02596 misfit=4.997848e-01 best=4.994832e-01
[NA] iter=00042 eval=02597 misfit=4.996347e-01 best=4.994832e-01
[NA] iter=00042 eval=02598 misfit=4.997303e-01 best=4.994832e-01
[NA] iter=00042 eval=02599 misfit=4.997170e-01 best=4.994832e-01
[NA] iter=00042 eval=02600 misfit=4.996510e-01 best=4.994832e-01
NAI - Optimisation Loop:  84%|████████▍ | 42/50 [2:01:18<23:20, 175.02s/it][NA] iter=00043 eval=02601 misfit=4.996829e-01 best=4.994832e-01
[NA] iter=00043 eval=02602 misfit=4.997061e-01 best=4.994832e-01
[NA] iter=00043 eval=02603 misfit=4.997629e-01 best=4.994832e-01
[NA] iter=00043 eval=02604 misfit=4.995530e-01 best=4.994832e-01
[NA] iter=00043 eval=02605 misfit=4.995921e-01 best=4.994832e-01
[NA] iter=00043 eval=02606 misfit=4.995772e-01 best=4.994832e-01
[NA] iter=00043 eval=02607 misfit=5.000961e-01 best=4.994832e-01
[NA] iter=00043 eval=02608 misfit=4.996008e-01 best=4.994832e-01
[NA] iter=00043 eval=02609 misfit=4.997485e-01 best=4.994832e-01
[NA] iter=00043 eval=02610 misfit=5.001159e-01 best=4.994832e-01
[NA] iter=00043 eval=02611 misfit=4.997529e-01 best=4.994832e-01
[NA] iter=00043 eval=02612 misfit=4.997313e-01 best=4.994832e-01
[NA] iter=00043 eval=02613 misfit=4.997113e-01 best=4.994832e-01
[NA] iter=00043 eval=02614 misfit=4.997196e-01 best=4.994832e-01
[NA] iter=00043 eval=02615 misfit=4.996785e-01 best=4.994832e-01
[NA] iter=00043 eval=02616 misfit=4.997105e-01 best=4.994832e-01
[NA] iter=00043 eval=02617 misfit=4.997147e-01 best=4.994832e-01
[NA] iter=00043 eval=02618 misfit=4.996284e-01 best=4.994832e-01
[NA] iter=00043 eval=02619 misfit=4.997841e-01 best=4.994832e-01
[NA] iter=00043 eval=02620 misfit=4.995608e-01 best=4.994832e-01
[NA] iter=00043 eval=02621 misfit=4.996258e-01 best=4.994832e-01
[NA] iter=00043 eval=02622 misfit=4.996292e-01 best=4.994832e-01
[NA] iter=00043 eval=02623 misfit=4.996259e-01 best=4.994832e-01
[NA] iter=00043 eval=02624 misfit=4.995773e-01 best=4.994832e-01
[NA] iter=00043 eval=02625 misfit=4.996136e-01 best=4.994832e-01
[NA] iter=00043 eval=02626 misfit=5.057373e-01 best=4.994832e-01
[NA] iter=00043 eval=02627 misfit=5.058005e-01 best=4.994832e-01
[NA] iter=00043 eval=02628 misfit=4.996132e-01 best=4.994832e-01
[NA] iter=00043 eval=02629 misfit=4.995725e-01 best=4.994832e-01
[NA] iter=00043 eval=02630 misfit=4.996016e-01 best=4.994832e-01
[NA] iter=00043 eval=02631 misfit=4.996669e-01 best=4.994832e-01
[NA] iter=00043 eval=02632 misfit=4.996265e-01 best=4.994832e-01
[NA] iter=00043 eval=02633 misfit=4.995872e-01 best=4.994832e-01
[NA] iter=00043 eval=02634 misfit=5.057889e-01 best=4.994832e-01
[NA] iter=00043 eval=02635 misfit=4.996554e-01 best=4.994832e-01
[NA] iter=00043 eval=02636 misfit=4.996363e-01 best=4.994832e-01
[NA] iter=00043 eval=02637 misfit=4.995801e-01 best=4.994832e-01
[NA] iter=00043 eval=02638 misfit=4.996363e-01 best=4.994832e-01
[NA] iter=00043 eval=02639 misfit=4.995801e-01 best=4.994832e-01
[NA] iter=00043 eval=02640 misfit=4.995779e-01 best=4.994832e-01
[NA] iter=00043 eval=02641 misfit=4.996437e-01 best=4.994832e-01
[NA] iter=00043 eval=02642 misfit=4.996223e-01 best=4.994832e-01
[NA] iter=00043 eval=02643 misfit=4.996026e-01 best=4.994832e-01
[NA] iter=00043 eval=02644 misfit=4.995978e-01 best=4.994832e-01
[NA] iter=00043 eval=02645 misfit=4.995779e-01 best=4.994832e-01
[NA] iter=00043 eval=02646 misfit=4.995801e-01 best=4.994832e-01
[NA] iter=00043 eval=02647 misfit=4.995780e-01 best=4.994832e-01
[NA] iter=00043 eval=02648 misfit=4.995878e-01 best=4.994832e-01
[NA] iter=00043 eval=02649 misfit=4.995373e-01 best=4.994832e-01
[NA] iter=00043 eval=02650 misfit=4.995801e-01 best=4.994832e-01
NAI - Optimisation Loop:  86%|████████▌ | 43/50 [2:04:14<20:26, 175.23s/it][NA] iter=00044 eval=02651 misfit=4.996153e-01 best=4.994832e-01
[NA] iter=00044 eval=02652 misfit=4.995472e-01 best=4.994832e-01
[NA] iter=00044 eval=02653 misfit=4.995968e-01 best=4.994832e-01
[NA] iter=00044 eval=02654 misfit=4.997613e-01 best=4.994832e-01
[NA] iter=00044 eval=02655 misfit=4.997425e-01 best=4.994832e-01
[NA] iter=00044 eval=02656 misfit=4.995858e-01 best=4.994832e-01
[NA] iter=00044 eval=02657 misfit=4.996696e-01 best=4.994832e-01
[NA] iter=00044 eval=02658 misfit=4.997256e-01 best=4.994832e-01
[NA] iter=00044 eval=02659 misfit=4.996164e-01 best=4.994832e-01
[NA] iter=00044 eval=02660 misfit=4.996624e-01 best=4.994832e-01
[NA] iter=00044 eval=02661 misfit=4.996106e-01 best=4.994832e-01
[NA] iter=00044 eval=02662 misfit=4.997433e-01 best=4.994832e-01
[NA] iter=00044 eval=02663 misfit=4.995571e-01 best=4.994832e-01
[NA] iter=00044 eval=02664 misfit=4.995582e-01 best=4.994832e-01
[NA] iter=00044 eval=02665 misfit=4.994593e-01 best=4.994593e-01
[NA] iter=00044 eval=02666 misfit=4.996275e-01 best=4.994593e-01
[NA] iter=00044 eval=02667 misfit=4.997916e-01 best=4.994593e-01
[NA] iter=00044 eval=02668 misfit=4.995454e-01 best=4.994593e-01
[NA] iter=00044 eval=02669 misfit=4.998026e-01 best=4.994593e-01
[NA] iter=00044 eval=02670 misfit=4.997066e-01 best=4.994593e-01
[NA] iter=00044 eval=02671 misfit=4.994946e-01 best=4.994593e-01
[NA] iter=00044 eval=02672 misfit=4.996153e-01 best=4.994593e-01
[NA] iter=00044 eval=02673 misfit=4.996009e-01 best=4.994593e-01
[NA] iter=00044 eval=02674 misfit=4.995979e-01 best=4.994593e-01
[NA] iter=00044 eval=02675 misfit=4.995769e-01 best=4.994593e-01
[NA] iter=00044 eval=02676 misfit=4.996061e-01 best=4.994593e-01
[NA] iter=00044 eval=02677 misfit=4.996923e-01 best=4.994593e-01
[NA] iter=00044 eval=02678 misfit=4.996841e-01 best=4.994593e-01
[NA] iter=00044 eval=02679 misfit=4.997023e-01 best=4.994593e-01
[NA] iter=00044 eval=02680 misfit=4.995849e-01 best=4.994593e-01
[NA] iter=00044 eval=02681 misfit=4.995777e-01 best=4.994593e-01
[NA] iter=00044 eval=02682 misfit=4.995703e-01 best=4.994593e-01
[NA] iter=00044 eval=02683 misfit=4.996626e-01 best=4.994593e-01
[NA] iter=00044 eval=02684 misfit=4.995433e-01 best=4.994593e-01
[NA] iter=00044 eval=02685 misfit=4.995779e-01 best=4.994593e-01
[NA] iter=00044 eval=02686 misfit=4.996326e-01 best=4.994593e-01
[NA] iter=00044 eval=02687 misfit=4.995968e-01 best=4.994593e-01
[NA] iter=00044 eval=02688 misfit=4.996157e-01 best=4.994593e-01
[NA] iter=00044 eval=02689 misfit=4.996075e-01 best=4.994593e-01
[NA] iter=00044 eval=02690 misfit=4.995968e-01 best=4.994593e-01
[NA] iter=00044 eval=02691 misfit=5.057686e-01 best=4.994593e-01
[NA] iter=00044 eval=02692 misfit=4.996488e-01 best=4.994593e-01
[NA] iter=00044 eval=02693 misfit=4.995750e-01 best=4.994593e-01
[NA] iter=00044 eval=02694 misfit=4.996585e-01 best=4.994593e-01
[NA] iter=00044 eval=02695 misfit=4.996298e-01 best=4.994593e-01
[NA] iter=00044 eval=02696 misfit=4.997982e-01 best=4.994593e-01
[NA] iter=00044 eval=02697 misfit=4.997689e-01 best=4.994593e-01
[NA] iter=00044 eval=02698 misfit=4.997199e-01 best=4.994593e-01
[NA] iter=00044 eval=02699 misfit=4.996837e-01 best=4.994593e-01
[NA] iter=00044 eval=02700 misfit=4.996152e-01 best=4.994593e-01
NAI - Optimisation Loop:  88%|████████▊ | 44/50 [2:07:08<17:29, 174.97s/it][NA] iter=00045 eval=02701 misfit=4.997976e-01 best=4.994593e-01
[NA] iter=00045 eval=02702 misfit=4.996102e-01 best=4.994593e-01
[NA] iter=00045 eval=02703 misfit=4.996823e-01 best=4.994593e-01
[NA] iter=00045 eval=02704 misfit=4.995926e-01 best=4.994593e-01
[NA] iter=00045 eval=02705 misfit=4.998093e-01 best=4.994593e-01
[NA] iter=00045 eval=02706 misfit=4.995909e-01 best=4.994593e-01
[NA] iter=00045 eval=02707 misfit=4.994524e-01 best=4.994524e-01
[NA] iter=00045 eval=02708 misfit=4.996566e-01 best=4.994524e-01
[NA] iter=00045 eval=02709 misfit=4.996279e-01 best=4.994524e-01
[NA] iter=00045 eval=02710 misfit=4.996367e-01 best=4.994524e-01
[NA] iter=00045 eval=02711 misfit=5.058688e-01 best=4.994524e-01
[NA] iter=00045 eval=02712 misfit=4.997086e-01 best=4.994524e-01
[NA] iter=00045 eval=02713 misfit=5.057497e-01 best=4.994524e-01
[NA] iter=00045 eval=02714 misfit=5.057153e-01 best=4.994524e-01
[NA] iter=00045 eval=02715 misfit=5.057632e-01 best=4.994524e-01
[NA] iter=00045 eval=02716 misfit=4.995467e-01 best=4.994524e-01
[NA] iter=00045 eval=02717 misfit=4.996961e-01 best=4.994524e-01
[NA] iter=00045 eval=02718 misfit=4.994372e-01 best=4.994372e-01
[NA] iter=00045 eval=02719 misfit=4.996243e-01 best=4.994372e-01
[NA] iter=00045 eval=02720 misfit=4.996486e-01 best=4.994372e-01
[NA] iter=00045 eval=02721 misfit=4.995566e-01 best=4.994372e-01
[NA] iter=00045 eval=02722 misfit=4.996897e-01 best=4.994372e-01
[NA] iter=00045 eval=02723 misfit=4.994898e-01 best=4.994372e-01
[NA] iter=00045 eval=02724 misfit=4.997115e-01 best=4.994372e-01
[NA] iter=00045 eval=02725 misfit=4.994962e-01 best=4.994372e-01
[NA] iter=00045 eval=02726 misfit=4.995801e-01 best=4.994372e-01
[NA] iter=00045 eval=02727 misfit=4.995801e-01 best=4.994372e-01
[NA] iter=00045 eval=02728 misfit=4.995680e-01 best=4.994372e-01
[NA] iter=00045 eval=02729 misfit=4.995296e-01 best=4.994372e-01
[NA] iter=00045 eval=02730 misfit=4.995296e-01 best=4.994372e-01
[NA] iter=00045 eval=02731 misfit=4.995466e-01 best=4.994372e-01
[NA] iter=00045 eval=02732 misfit=4.996040e-01 best=4.994372e-01
[NA] iter=00045 eval=02733 misfit=4.996194e-01 best=4.994372e-01
[NA] iter=00045 eval=02734 misfit=4.995888e-01 best=4.994372e-01
[NA] iter=00045 eval=02735 misfit=4.995888e-01 best=4.994372e-01
[NA] iter=00045 eval=02736 misfit=4.996132e-01 best=4.994372e-01
[NA] iter=00045 eval=02737 misfit=4.997718e-01 best=4.994372e-01
[NA] iter=00045 eval=02738 misfit=4.995518e-01 best=4.994372e-01
[NA] iter=00045 eval=02739 misfit=4.996439e-01 best=4.994372e-01
[NA] iter=00045 eval=02740 misfit=4.997718e-01 best=4.994372e-01
[NA] iter=00045 eval=02741 misfit=4.995871e-01 best=4.994372e-01
[NA] iter=00045 eval=02742 misfit=4.995770e-01 best=4.994372e-01
[NA] iter=00045 eval=02743 misfit=4.996990e-01 best=4.994372e-01
[NA] iter=00045 eval=02744 misfit=4.996983e-01 best=4.994372e-01
[NA] iter=00045 eval=02745 misfit=4.996539e-01 best=4.994372e-01
[NA] iter=00045 eval=02746 misfit=4.994063e-01 best=4.994063e-01
[NA] iter=00045 eval=02747 misfit=4.995066e-01 best=4.994063e-01
[NA] iter=00045 eval=02748 misfit=4.995608e-01 best=4.994063e-01
[NA] iter=00045 eval=02749 misfit=4.995676e-01 best=4.994063e-01
[NA] iter=00045 eval=02750 misfit=4.996166e-01 best=4.994063e-01
NAI - Optimisation Loop:  90%|█████████ | 45/50 [2:09:58<14:26, 173.28s/it][NA] iter=00046 eval=02751 misfit=4.995941e-01 best=4.994063e-01
[NA] iter=00046 eval=02752 misfit=4.996037e-01 best=4.994063e-01
[NA] iter=00046 eval=02753 misfit=4.994954e-01 best=4.994063e-01
[NA] iter=00046 eval=02754 misfit=4.996630e-01 best=4.994063e-01
[NA] iter=00046 eval=02755 misfit=4.996410e-01 best=4.994063e-01
[NA] iter=00046 eval=02756 misfit=4.995211e-01 best=4.994063e-01
[NA] iter=00046 eval=02757 misfit=4.997340e-01 best=4.994063e-01
[NA] iter=00046 eval=02758 misfit=4.996890e-01 best=4.994063e-01
[NA] iter=00046 eval=02759 misfit=4.995997e-01 best=4.994063e-01
[NA] iter=00046 eval=02760 misfit=4.995901e-01 best=4.994063e-01
[NA] iter=00046 eval=02761 misfit=4.995570e-01 best=4.994063e-01
[NA] iter=00046 eval=02762 misfit=4.994958e-01 best=4.994063e-01
[NA] iter=00046 eval=02763 misfit=4.994946e-01 best=4.994063e-01
[NA] iter=00046 eval=02764 misfit=4.996022e-01 best=4.994063e-01
[NA] iter=00046 eval=02765 misfit=4.995666e-01 best=4.994063e-01
[NA] iter=00046 eval=02766 misfit=4.994376e-01 best=4.994063e-01
[NA] iter=00046 eval=02767 misfit=4.996832e-01 best=4.994063e-01
[NA] iter=00046 eval=02768 misfit=4.995770e-01 best=4.994063e-01
[NA] iter=00046 eval=02769 misfit=4.994811e-01 best=4.994063e-01
[NA] iter=00046 eval=02770 misfit=4.995622e-01 best=4.994063e-01
[NA] iter=00046 eval=02771 misfit=4.994920e-01 best=4.994063e-01
[NA] iter=00046 eval=02772 misfit=4.996091e-01 best=4.994063e-01
[NA] iter=00046 eval=02773 misfit=4.995155e-01 best=4.994063e-01
[NA] iter=00046 eval=02774 misfit=4.995485e-01 best=4.994063e-01
[NA] iter=00046 eval=02775 misfit=4.995069e-01 best=4.994063e-01
[NA] iter=00046 eval=02776 misfit=4.995513e-01 best=4.994063e-01
[NA] iter=00046 eval=02777 misfit=4.995017e-01 best=4.994063e-01
[NA] iter=00046 eval=02778 misfit=4.994543e-01 best=4.994063e-01
[NA] iter=00046 eval=02779 misfit=4.994895e-01 best=4.994063e-01
[NA] iter=00046 eval=02780 misfit=4.994886e-01 best=4.994063e-01
[NA] iter=00046 eval=02781 misfit=4.996135e-01 best=4.994063e-01
[NA] iter=00046 eval=02782 misfit=4.997098e-01 best=4.994063e-01
[NA] iter=00046 eval=02783 misfit=4.996608e-01 best=4.994063e-01
[NA] iter=00046 eval=02784 misfit=5.058688e-01 best=4.994063e-01
[NA] iter=00046 eval=02785 misfit=4.996396e-01 best=4.994063e-01
[NA] iter=00046 eval=02786 misfit=4.995003e-01 best=4.994063e-01
[NA] iter=00046 eval=02787 misfit=4.994660e-01 best=4.994063e-01
[NA] iter=00046 eval=02788 misfit=4.995126e-01 best=4.994063e-01
[NA] iter=00046 eval=02789 misfit=4.996491e-01 best=4.994063e-01
[NA] iter=00046 eval=02790 misfit=4.995858e-01 best=4.994063e-01
[NA] iter=00046 eval=02791 misfit=4.994986e-01 best=4.994063e-01
[NA] iter=00046 eval=02792 misfit=4.995164e-01 best=4.994063e-01
[NA] iter=00046 eval=02793 misfit=4.995711e-01 best=4.994063e-01
[NA] iter=00046 eval=02794 misfit=4.995104e-01 best=4.994063e-01
[NA] iter=00046 eval=02795 misfit=4.995491e-01 best=4.994063e-01
[NA] iter=00046 eval=02796 misfit=4.994926e-01 best=4.994063e-01
[NA] iter=00046 eval=02797 misfit=4.996550e-01 best=4.994063e-01
[NA] iter=00046 eval=02798 misfit=4.996185e-01 best=4.994063e-01
[NA] iter=00046 eval=02799 misfit=4.995989e-01 best=4.994063e-01
[NA] iter=00046 eval=02800 misfit=4.995046e-01 best=4.994063e-01
NAI - Optimisation Loop:  92%|█████████▏| 46/50 [2:12:54<11:36, 174.10s/it][NA] iter=00047 eval=02801 misfit=4.995140e-01 best=4.994063e-01
[NA] iter=00047 eval=02802 misfit=4.995387e-01 best=4.994063e-01
[NA] iter=00047 eval=02803 misfit=4.995180e-01 best=4.994063e-01
[NA] iter=00047 eval=02804 misfit=4.994308e-01 best=4.994063e-01
[NA] iter=00047 eval=02805 misfit=4.994692e-01 best=4.994063e-01
[NA] iter=00047 eval=02806 misfit=4.996448e-01 best=4.994063e-01
[NA] iter=00047 eval=02807 misfit=4.996844e-01 best=4.994063e-01
[NA] iter=00047 eval=02808 misfit=4.995250e-01 best=4.994063e-01
[NA] iter=00047 eval=02809 misfit=4.993766e-01 best=4.993766e-01
[NA] iter=00047 eval=02810 misfit=4.996178e-01 best=4.993766e-01
[NA] iter=00047 eval=02811 misfit=4.995219e-01 best=4.993766e-01
[NA] iter=00047 eval=02812 misfit=4.994915e-01 best=4.993766e-01
[NA] iter=00047 eval=02813 misfit=4.994371e-01 best=4.993766e-01
[NA] iter=00047 eval=02814 misfit=4.995545e-01 best=4.993766e-01
[NA] iter=00047 eval=02815 misfit=4.995124e-01 best=4.993766e-01
[NA] iter=00047 eval=02816 misfit=4.994751e-01 best=4.993766e-01
[NA] iter=00047 eval=02817 misfit=4.995244e-01 best=4.993766e-01
[NA] iter=00047 eval=02818 misfit=4.994452e-01 best=4.993766e-01
[NA] iter=00047 eval=02819 misfit=4.995309e-01 best=4.993766e-01
[NA] iter=00047 eval=02820 misfit=4.994485e-01 best=4.993766e-01
[NA] iter=00047 eval=02821 misfit=4.995815e-01 best=4.993766e-01
[NA] iter=00047 eval=02822 misfit=4.995337e-01 best=4.993766e-01
[NA] iter=00047 eval=02823 misfit=4.995383e-01 best=4.993766e-01
[NA] iter=00047 eval=02824 misfit=4.994886e-01 best=4.993766e-01
[NA] iter=00047 eval=02825 misfit=4.994660e-01 best=4.993766e-01
[NA] iter=00047 eval=02826 misfit=4.995788e-01 best=4.993766e-01
[NA] iter=00047 eval=02827 misfit=4.995521e-01 best=4.993766e-01
[NA] iter=00047 eval=02828 misfit=4.994947e-01 best=4.993766e-01
[NA] iter=00047 eval=02829 misfit=4.996466e-01 best=4.993766e-01
[NA] iter=00047 eval=02830 misfit=4.996505e-01 best=4.993766e-01
[NA] iter=00047 eval=02831 misfit=4.997526e-01 best=4.993766e-01
[NA] iter=00047 eval=02832 misfit=4.998188e-01 best=4.993766e-01
[NA] iter=00047 eval=02833 misfit=4.995517e-01 best=4.993766e-01
[NA] iter=00047 eval=02834 misfit=4.997327e-01 best=4.993766e-01
[NA] iter=00047 eval=02835 misfit=4.996076e-01 best=4.993766e-01
[NA] iter=00047 eval=02836 misfit=4.995949e-01 best=4.993766e-01
[NA] iter=00047 eval=02837 misfit=4.996071e-01 best=4.993766e-01
[NA] iter=00047 eval=02838 misfit=4.995856e-01 best=4.993766e-01
[NA] iter=00047 eval=02839 misfit=4.995443e-01 best=4.993766e-01
[NA] iter=00047 eval=02840 misfit=4.995539e-01 best=4.993766e-01
[NA] iter=00047 eval=02841 misfit=4.994978e-01 best=4.993766e-01
[NA] iter=00047 eval=02842 misfit=4.995080e-01 best=4.993766e-01
[NA] iter=00047 eval=02843 misfit=4.994866e-01 best=4.993766e-01
[NA] iter=00047 eval=02844 misfit=4.995309e-01 best=4.993766e-01
[NA] iter=00047 eval=02845 misfit=4.995021e-01 best=4.993766e-01
[NA] iter=00047 eval=02846 misfit=4.995007e-01 best=4.993766e-01
[NA] iter=00047 eval=02847 misfit=4.996763e-01 best=4.993766e-01
[NA] iter=00047 eval=02848 misfit=4.996292e-01 best=4.993766e-01
[NA] iter=00047 eval=02849 misfit=4.995599e-01 best=4.993766e-01
[NA] iter=00047 eval=02850 misfit=4.995973e-01 best=4.993766e-01
NAI - Optimisation Loop:  94%|█████████▍| 47/50 [2:15:46<08:40, 173.51s/it][NA] iter=00048 eval=02851 misfit=4.994887e-01 best=4.993766e-01
[NA] iter=00048 eval=02852 misfit=4.996427e-01 best=4.993766e-01
[NA] iter=00048 eval=02853 misfit=4.996835e-01 best=4.993766e-01
[NA] iter=00048 eval=02854 misfit=4.995592e-01 best=4.993766e-01
[NA] iter=00048 eval=02855 misfit=4.995335e-01 best=4.993766e-01
[NA] iter=00048 eval=02856 misfit=4.994949e-01 best=4.993766e-01
[NA] iter=00048 eval=02857 misfit=4.995599e-01 best=4.993766e-01
[NA] iter=00048 eval=02858 misfit=4.994621e-01 best=4.993766e-01
[NA] iter=00048 eval=02859 misfit=4.994556e-01 best=4.993766e-01
[NA] iter=00048 eval=02860 misfit=4.995630e-01 best=4.993766e-01
[NA] iter=00048 eval=02861 misfit=4.994612e-01 best=4.993766e-01
[NA] iter=00048 eval=02862 misfit=4.995693e-01 best=4.993766e-01
[NA] iter=00048 eval=02863 misfit=4.995017e-01 best=4.993766e-01
[NA] iter=00048 eval=02864 misfit=4.995537e-01 best=4.993766e-01
[NA] iter=00048 eval=02865 misfit=4.995007e-01 best=4.993766e-01
[NA] iter=00048 eval=02866 misfit=4.995567e-01 best=4.993766e-01
[NA] iter=00048 eval=02867 misfit=4.995425e-01 best=4.993766e-01
[NA] iter=00048 eval=02868 misfit=4.995191e-01 best=4.993766e-01
[NA] iter=00048 eval=02869 misfit=4.995653e-01 best=4.993766e-01
[NA] iter=00048 eval=02870 misfit=4.994387e-01 best=4.993766e-01
[NA] iter=00048 eval=02871 misfit=4.994695e-01 best=4.993766e-01
[NA] iter=00048 eval=02872 misfit=4.995605e-01 best=4.993766e-01
[NA] iter=00048 eval=02873 misfit=4.993824e-01 best=4.993766e-01
[NA] iter=00048 eval=02874 misfit=4.996106e-01 best=4.993766e-01
[NA] iter=00048 eval=02875 misfit=4.994461e-01 best=4.993766e-01
[NA] iter=00048 eval=02876 misfit=4.994337e-01 best=4.993766e-01
[NA] iter=00048 eval=02877 misfit=4.995440e-01 best=4.993766e-01
[NA] iter=00048 eval=02878 misfit=4.994975e-01 best=4.993766e-01
[NA] iter=00048 eval=02879 misfit=4.994975e-01 best=4.993766e-01
[NA] iter=00048 eval=02880 misfit=4.995387e-01 best=4.993766e-01
[NA] iter=00048 eval=02881 misfit=4.994939e-01 best=4.993766e-01
[NA] iter=00048 eval=02882 misfit=4.995586e-01 best=4.993766e-01
[NA] iter=00048 eval=02883 misfit=4.995534e-01 best=4.993766e-01
[NA] iter=00048 eval=02884 misfit=4.995582e-01 best=4.993766e-01
[NA] iter=00048 eval=02885 misfit=4.995035e-01 best=4.993766e-01
[NA] iter=00048 eval=02886 misfit=4.996121e-01 best=4.993766e-01
[NA] iter=00048 eval=02887 misfit=4.995534e-01 best=4.993766e-01
[NA] iter=00048 eval=02888 misfit=4.995267e-01 best=4.993766e-01
[NA] iter=00048 eval=02889 misfit=4.994856e-01 best=4.993766e-01
[NA] iter=00048 eval=02890 misfit=4.995127e-01 best=4.993766e-01
[NA] iter=00048 eval=02891 misfit=4.994707e-01 best=4.993766e-01
[NA] iter=00048 eval=02892 misfit=4.995193e-01 best=4.993766e-01
[NA] iter=00048 eval=02893 misfit=4.995127e-01 best=4.993766e-01
[NA] iter=00048 eval=02894 misfit=4.994485e-01 best=4.993766e-01
[NA] iter=00048 eval=02895 misfit=4.994707e-01 best=4.993766e-01
[NA] iter=00048 eval=02896 misfit=4.994380e-01 best=4.993766e-01
[NA] iter=00048 eval=02897 misfit=4.993913e-01 best=4.993766e-01
[NA] iter=00048 eval=02898 misfit=4.993972e-01 best=4.993766e-01
[NA] iter=00048 eval=02899 misfit=4.995527e-01 best=4.993766e-01
[NA] iter=00048 eval=02900 misfit=4.995425e-01 best=4.993766e-01
NAI - Optimisation Loop:  96%|█████████▌| 48/50 [2:18:39<05:46, 173.30s/it][NA] iter=00049 eval=02901 misfit=4.995934e-01 best=4.993766e-01
[NA] iter=00049 eval=02902 misfit=4.994069e-01 best=4.993766e-01
[NA] iter=00049 eval=02903 misfit=4.994660e-01 best=4.993766e-01
[NA] iter=00049 eval=02904 misfit=4.994887e-01 best=4.993766e-01
[NA] iter=00049 eval=02905 misfit=4.994461e-01 best=4.993766e-01
[NA] iter=00049 eval=02906 misfit=4.995914e-01 best=4.993766e-01
[NA] iter=00049 eval=02907 misfit=4.996268e-01 best=4.993766e-01
[NA] iter=00049 eval=02908 misfit=4.995189e-01 best=4.993766e-01
[NA] iter=00049 eval=02909 misfit=4.995110e-01 best=4.993766e-01
[NA] iter=00049 eval=02910 misfit=4.993824e-01 best=4.993766e-01
[NA] iter=00049 eval=02911 misfit=4.995605e-01 best=4.993766e-01
[NA] iter=00049 eval=02912 misfit=4.994958e-01 best=4.993766e-01
[NA] iter=00049 eval=02913 misfit=4.995147e-01 best=4.993766e-01
[NA] iter=00049 eval=02914 misfit=4.994963e-01 best=4.993766e-01
[NA] iter=00049 eval=02915 misfit=4.995968e-01 best=4.993766e-01
[NA] iter=00049 eval=02916 misfit=4.996042e-01 best=4.993766e-01
[NA] iter=00049 eval=02917 misfit=4.993972e-01 best=4.993766e-01
[NA] iter=00049 eval=02918 misfit=4.994939e-01 best=4.993766e-01
[NA] iter=00049 eval=02919 misfit=4.995059e-01 best=4.993766e-01
[NA] iter=00049 eval=02920 misfit=4.993972e-01 best=4.993766e-01
[NA] iter=00049 eval=02921 misfit=4.994374e-01 best=4.993766e-01
[NA] iter=00049 eval=02922 misfit=4.994692e-01 best=4.993766e-01
[NA] iter=00049 eval=02923 misfit=4.995082e-01 best=4.993766e-01
[NA] iter=00049 eval=02924 misfit=4.993913e-01 best=4.993766e-01
[NA] iter=00049 eval=02925 misfit=4.993913e-01 best=4.993766e-01
[NA] iter=00049 eval=02926 misfit=4.994380e-01 best=4.993766e-01
[NA] iter=00049 eval=02927 misfit=4.994379e-01 best=4.993766e-01
[NA] iter=00049 eval=02928 misfit=4.994741e-01 best=4.993766e-01
[NA] iter=00049 eval=02929 misfit=4.995140e-01 best=4.993766e-01
[NA] iter=00049 eval=02930 misfit=4.994326e-01 best=4.993766e-01
[NA] iter=00049 eval=02931 misfit=4.995232e-01 best=4.993766e-01
[NA] iter=00049 eval=02932 misfit=4.995124e-01 best=4.993766e-01
[NA] iter=00049 eval=02933 misfit=4.994279e-01 best=4.993766e-01
[NA] iter=00049 eval=02934 misfit=4.995310e-01 best=4.993766e-01
[NA] iter=00049 eval=02935 misfit=4.995536e-01 best=4.993766e-01
[NA] iter=00049 eval=02936 misfit=4.995083e-01 best=4.993766e-01
[NA] iter=00049 eval=02937 misfit=4.995370e-01 best=4.993766e-01
[NA] iter=00049 eval=02938 misfit=4.994391e-01 best=4.993766e-01
[NA] iter=00049 eval=02939 misfit=4.993913e-01 best=4.993766e-01
[NA] iter=00049 eval=02940 misfit=4.994968e-01 best=4.993766e-01
[NA] iter=00049 eval=02941 misfit=4.993771e-01 best=4.993766e-01
[NA] iter=00049 eval=02942 misfit=4.995902e-01 best=4.993766e-01
[NA] iter=00049 eval=02943 misfit=4.996395e-01 best=4.993766e-01
[NA] iter=00049 eval=02944 misfit=4.994372e-01 best=4.993766e-01
[NA] iter=00049 eval=02945 misfit=4.996639e-01 best=4.993766e-01
[NA] iter=00049 eval=02946 misfit=4.994784e-01 best=4.993766e-01
[NA] iter=00049 eval=02947 misfit=4.995395e-01 best=4.993766e-01
[NA] iter=00049 eval=02948 misfit=4.995372e-01 best=4.993766e-01
[NA] iter=00049 eval=02949 misfit=4.995856e-01 best=4.993766e-01
[NA] iter=00049 eval=02950 misfit=4.995372e-01 best=4.993766e-01
NAI - Optimisation Loop:  98%|█████████▊| 49/50 [2:21:30<02:52, 172.85s/it][NA] iter=00050 eval=02951 misfit=4.993766e-01 best=4.993766e-01
[NA] iter=00050 eval=02952 misfit=4.994583e-01 best=4.993766e-01
[NA] iter=00050 eval=02953 misfit=4.994385e-01 best=4.993766e-01
[NA] iter=00050 eval=02954 misfit=4.994942e-01 best=4.993766e-01
[NA] iter=00050 eval=02955 misfit=4.995526e-01 best=4.993766e-01
[NA] iter=00050 eval=02956 misfit=4.994167e-01 best=4.993766e-01
[NA] iter=00050 eval=02957 misfit=4.995244e-01 best=4.993766e-01
[NA] iter=00050 eval=02958 misfit=4.995555e-01 best=4.993766e-01
[NA] iter=00050 eval=02959 misfit=4.995052e-01 best=4.993766e-01
[NA] iter=00050 eval=02960 misfit=4.994653e-01 best=4.993766e-01
[NA] iter=00050 eval=02961 misfit=4.996106e-01 best=4.993766e-01
[NA] iter=00050 eval=02962 misfit=4.994615e-01 best=4.993766e-01
[NA] iter=00050 eval=02963 misfit=4.995060e-01 best=4.993766e-01
[NA] iter=00050 eval=02964 misfit=4.994547e-01 best=4.993766e-01
[NA] iter=00050 eval=02965 misfit=4.994466e-01 best=4.993766e-01
[NA] iter=00050 eval=02966 misfit=4.993824e-01 best=4.993766e-01
[NA] iter=00050 eval=02967 misfit=4.994963e-01 best=4.993766e-01
[NA] iter=00050 eval=02968 misfit=4.994928e-01 best=4.993766e-01
[NA] iter=00050 eval=02969 misfit=4.994949e-01 best=4.993766e-01
[NA] iter=00050 eval=02970 misfit=4.993913e-01 best=4.993766e-01
[NA] iter=00050 eval=02971 misfit=4.994556e-01 best=4.993766e-01
[NA] iter=00050 eval=02972 misfit=4.994012e-01 best=4.993766e-01
[NA] iter=00050 eval=02973 misfit=4.994012e-01 best=4.993766e-01
[NA] iter=00050 eval=02974 misfit=4.994556e-01 best=4.993766e-01
[NA] iter=00050 eval=02975 misfit=4.993862e-01 best=4.993766e-01
[NA] iter=00050 eval=02976 misfit=4.993913e-01 best=4.993766e-01
[NA] iter=00050 eval=02977 misfit=4.993860e-01 best=4.993766e-01
[NA] iter=00050 eval=02978 misfit=4.993862e-01 best=4.993766e-01
[NA] iter=00050 eval=02979 misfit=4.993862e-01 best=4.993766e-01
[NA] iter=00050 eval=02980 misfit=4.993900e-01 best=4.993766e-01
[NA] iter=00050 eval=02981 misfit=4.994975e-01 best=4.993766e-01
[NA] iter=00050 eval=02982 misfit=4.994063e-01 best=4.993766e-01
[NA] iter=00050 eval=02983 misfit=4.995017e-01 best=4.993766e-01
[NA] iter=00050 eval=02984 misfit=4.994360e-01 best=4.993766e-01
[NA] iter=00050 eval=02985 misfit=4.994964e-01 best=4.993766e-01
[NA] iter=00050 eval=02986 misfit=4.994621e-01 best=4.993766e-01
[NA] iter=00050 eval=02987 misfit=4.994887e-01 best=4.993766e-01
[NA] iter=00050 eval=02988 misfit=4.994471e-01 best=4.993766e-01
[NA] iter=00050 eval=02989 misfit=4.994303e-01 best=4.993766e-01
[NA] iter=00050 eval=02990 misfit=4.993952e-01 best=4.993766e-01
[NA] iter=00050 eval=02991 misfit=4.994337e-01 best=4.993766e-01
[NA] iter=00050 eval=02992 misfit=4.994699e-01 best=4.993766e-01
[NA] iter=00050 eval=02993 misfit=4.995107e-01 best=4.993766e-01
[NA] iter=00050 eval=02994 misfit=4.994279e-01 best=4.993766e-01
[NA] iter=00050 eval=02995 misfit=4.994391e-01 best=4.993766e-01
[NA] iter=00050 eval=02996 misfit=4.995795e-01 best=4.993766e-01
[NA] iter=00050 eval=02997 misfit=4.994371e-01 best=4.993766e-01
[NA] iter=00050 eval=02998 misfit=4.995453e-01 best=4.993766e-01
[NA] iter=00050 eval=02999 misfit=4.995040e-01 best=4.993766e-01
[NA] iter=00050 eval=03000 misfit=4.994332e-01 best=4.993766e-01
NAI - Optimisation Loop: 100%|██████████| 50/50 [2:24:25<00:00, 173.33s/it]NAI - Optimisation Loop: 100%|██████████| 50/50 [2:24:25<00:00, 173.31s/it]
│  [32m✓[0m Inversion terminada en 10496.9 s

┌─[20:07:33 | 10497.4s] Mejor solucion
│  ┌──────────────────────────────────────────────┐
│  │ a1 (km)                               10.7796 │
│  │ a2 (km)                                4.7557 │
│  │ theta (x pi)                           0.2032 │
│  │ np (frac)                              0.9888 │
│  │ tp (x 2pi)                             0.2115 │
│  │ dmax (m)                               4.0068 │
│  │ vr (km/s)                              0.9564 │
│  └──────────────────────────────────────────────┘
│  [32m✓[0m misfit minimo = 0.499377

┌─[20:07:33 | 10497.4s] Guardando resultados
Inversion results saved to /home/alex/KDEllipsPy/inversions/2020-06-03/output/inversion_result.joblib
│  [32m✓[0m resultado     → /home/alex/KDEllipsPy/inversions/2020-06-03/output/inversion_result.joblib
│  [32m✓[0m figura        → /home/alex/KDEllipsPy/inversions/2020-06-03/output/na_results.png
│  [32m✓[0m figura        → /home/alex/KDEllipsPy/inversions/2020-06-03/output/parameter_convergence.png
│  [32m✓[0m figura        → /home/alex/KDEllipsPy/inversions/2020-06-03/output/waveform_fit.png
│  [32m✓[0m figura        → /home/alex/KDEllipsPy/inversions/2020-06-03/output/ellipse_fit.png
│  [32m✓[0m figura        → /home/alex/KDEllipsPy/inversions/2020-06-03/output/mapa_azimutal.png  (gap azimutal 106°)

┌─[20:07:37 | 10500.9s] Desglose de misfit por estacion/componente
Desglose de misfit (ventana 20s (P->R,Z ; S->T)) — E = 0.499377
==============================================================================
Est   Cmp    %resid  aporte_E  mf_local  peso_obs
------------------------------------------------------------------------------
A05F  R        0.1%    0.0005     0.825      0.1%
A05F  T       24.1%    0.1203     0.401     30.0%
A05F  Z        0.0%    0.0000     0.000      0.0%
  -> A05F total               24.2% del residuo  (peso obs 30.1%)
------------------------------------------------------------------------------
PB06  R        0.1%    0.0004     0.875      0.0%
PB06  T       20.0%    0.0999     0.432     23.1%
PB06  Z        0.1%    0.0004     0.658      0.1%
  -> PB06 total               20.2% del residuo  (peso obs 23.2%)
------------------------------------------------------------------------------
A18F  R        0.2%    0.0011     0.801      0.1%
A18F  T       16.7%    0.0832     0.716     11.6%
A18F  Z        0.5%    0.0023     0.997      0.2%
  -> A18F total               17.3% del residuo  (peso obs 12.0%)
------------------------------------------------------------------------------
A06F  R        0.0%    0.0001     1.032      0.0%
A06F  T       14.6%    0.0728     0.460     15.8%
A06F  Z        0.0%    0.0001     0.694      0.0%
  -> A06F total               14.6% del residuo  (peso obs 15.8%)
------------------------------------------------------------------------------
A22F  R        0.0%    0.0000     0.000      0.0%
A22F  T        4.2%    0.0209     0.821      2.5%
A22F  Z        7.8%    0.0390     0.523      7.4%
  -> A22F total               12.0% del residuo  (peso obs 10.0%)
------------------------------------------------------------------------------
PB19  R        1.0%    0.0052     0.703      0.7%
PB19  T        7.2%    0.0358     0.605      5.9%
PB19  Z        1.5%    0.0073     0.634      1.2%
  -> PB19 total                9.7% del residuo  (peso obs 7.8%)
------------------------------------------------------------------------------
A23F  R        0.5%    0.0023     0.955      0.2%
A23F  T        0.0%    0.0000     0.000      0.0%
A23F  Z        0.6%    0.0032     1.086      0.3%
  -> A23F total                1.1% del residuo  (peso obs 0.5%)
------------------------------------------------------------------------------
A09F  R        0.1%    0.0004     2.611      0.0%
A09F  T        0.7%    0.0037     0.866      0.4%
A09F  Z        0.1%    0.0005     0.580      0.1%
  -> A09F total                0.9% del residuo  (peso obs 0.5%)
------------------------------------------------------------------------------
A08F  R        0.0%    0.0000     0.000      0.0%
A08F  T        0.0%    0.0000     0.000      0.0%
A08F  Z        0.0%    0.0000     0.000      0.0%
  -> A08F total                0.0% del residuo  (peso obs 0.0%)
------------------------------------------------------------------------------
Por componente:
  R:   2.0% del residuo   (peso obs  1.2%)
  T:  87.4% del residuo   (peso obs 89.5%)
  Z:  10.6% del residuo   (peso obs  9.3%)
│  [32m✓[0m desglose      → /home/alex/KDEllipsPy/inversions/2020-06-03/output/misfit_breakdown.txt

┌─[20:07:37 | 10500.9s] Generando PDF con todos los plots (plot_yolo)
🎲 plot_yolo dashboard: 6 paneles → /home/alex/KDEllipsPy/inversions/2020-06-03/output/all_plots.pdf
│  [32m✓[0m PDF           → /home/alex/KDEllipsPy/inversions/2020-06-03/output/all_plots.pdf

╔══════════════════════════════════════════════════════════════════════╗
║ Inversion completada                                                 ║
║ tiempo total 10613.0s  ·  salida en /home/alex/KDEllipsPy/inversions/2020-06-03/output ║
╚══════════════════════════════════════════════════════════════════════╝
