# Tiempo de Origen: 2026-05-25T21:51:17.998393Z
# Tasa de muestreo: 100.0 muestras/seg
# Numero total de muestras: 36001
# Estacion: PB15 Componente: HLN
# Latitud: -23.208 Longitud: -69.471
# Unidades: m/seg/seg
 0.0
 9.91328276850778e-10
 1.5452512684518098e-09
-4.049389118149474e-09
 8.146755387274061e-09
-3.5382821689099077e-09
-5.441574829281605e-09
 1.4462605289936385e-08
-1.4181789918019013e-08
 1.3135019298884361e-08
-1.2447968941773117e-08
 1.5841853842565404e-08
-1.2575222172847335e-08
 2.8511407425832393e-09
-1.8049685579924813e-09
 8.174602983452313e-09
-1.1762295671030345e-08
 1.1297487358010757e-08
 4.277304383106181e-08
-1.031167506804777e-08
-5.6682208195357395e-09
-4.8546714248179356e-08
 9.728003307364627e-08
-7.485121178601198e-08
-3.633523285503565e-08
 7.9395274831304e-08
 3.585901834881483e-08
-7.599894352752766e-08
 2.8530807395600025e-08
 1.1701154349007931e-07
-3.2794329047222794e-07
 5.158017879020201e-07
-4.485676903126789e-07
 7.128120553283043e-08
 6.558847602447317e-07
-1.37464799819979e-06
 1.924896866989161e-06
-1.1854506665554335e-06
-3.206258635650306e-07
 1.7679723846026485e-06
-2.2759641429757265e-06
 1.8268400693046034e-06
-9.216998330865384e-07
-1.9539669870906745e-08
 6.50881965801773e-07
-9.366531238259854e-07
 1.0879455581879247e-06
-8.198072354211397e-07
 4.7556778514245943e-07
 7.437976019434555e-08
-2.941472616788694e-07
 3.2413203346383857e-07
-3.0527592330276073e-07
-8.032998671518605e-07
 7.799671757343877e-07
 2.5517274365464537e-07
-1.6519753525210385e-06
 1.9531678697845393e-06
-7.206550382110792e-07
-1.0763663244058414e-06
 2.0446109996581277e-06
-2.7152142056641624e-06
 1.9843405851190225e-06
-1.0870439375091686e-06
-1.7336161031273216e-07
 1.517854596711291e-06
-2.294716455507651e-06
 2.3862959780134707e-06
-1.8476954051472248e-06
 1.8274941201647781e-06
 2.7404559770405883e-07
-1.8811681001867453e-06
 2.2654032026212935e-06
-2.520124818591383e-07
-1.814815699852716e-06
 2.572457975575199e-06
-1.6995119115381515e-06
 9.853313258295496e-08
 2.197660852047096e-06
-3.245300332404973e-06
 3.624225529157722e-06
-2.605272272040594e-06
 1.2590063652162514e-06
-5.975002990297999e-08
-4.896817685755428e-07
 1.0158268011512206e-06
-1.4848541971824896e-06
 2.122185516070967e-06
-2.6264345467159564e-06
 3.001719199295829e-06
-2.6861391741578344e-06
 1.2418896901754193e-06
-3.597585280472013e-08
-1.3666045123614917e-06
 1.4963686649193342e-06
-2.372999087639089e-06
 3.1289052724942097e-06
-3.682815764515214e-06
 2.2848621954990867e-06
 2.234936895258166e-07
-2.846690816897336e-06
 4.089903750800423e-06
-1.263911376111696e-06
-8.574385566397509e-07
 2.2772957771479945e-06
-5.715341309578174e-07
-9.237515516073096e-07
 2.259062809269767e-06
-1.6404280779855132e-06
 1.0941848636258812e-06
-1.5787686258223869e-06
 3.1869301840601365e-06
-3.026299071563121e-06
-1.485135322456948e-06
 1.0155174946445926e-05
-1.44417341307662e-05
 1.0233425933815909e-05
 5.310338794018374e-07
-1.0649900545774981e-05
 1.4005688343015138e-05
-1.3524143301731778e-05
 8.112115877911746e-06
-1.6889208744035896e-06
-4.342521713857381e-06
 6.8053497672926165e-06
-8.112582127266063e-06
 8.430710439088144e-06
-6.2743084252249565e-06
 4.723842717637914e-06
-3.0693866014176946e-06
-2.4007023659849793e-07
 5.158396786213252e-06
-6.215616346024818e-06
 4.823561691829748e-06
-2.4070016507165046e-06
 3.263833726243321e-06
-4.2197014931128236e-07
 3.3935844377239783e-06
-3.7611876461808703e-06
 1.8762603093238201e-06
 5.755058925004922e-06
-9.824921764506484e-06
 9.883030076928676e-06
-5.2550005463390586e-06
-2.711333417320999e-07
 3.866274949717847e-06
-5.9290063251358695e-06
 6.5546691755871435e-06
-6.316744264620024e-06
 4.710122030076971e-06
-3.5080143719791488e-06
 4.2766636413159394e-07
 5.277170946712432e-06
-5.008900072177086e-07
-4.156933134423664e-07
-2.99128629556317e-06
 1.0095721207747639e-05
-9.804004700065713e-06
 3.6398573624284346e-06
 3.4870299702076005e-06
-6.862665620059658e-06
 6.418944468783348e-06
-3.1193007192953253e-06
 1.7886135272031185e-06
-1.678700178933321e-06
 3.0337122953180046e-06
-3.4552599161991616e-07
-4.304455751847772e-06
 5.701925533935833e-06
-9.313753725772299e-06
 2.4851662169676123e-08
 6.867458426494795e-06
-9.501355071717885e-06
 1.5504245987325387e-06
 6.193269842679504e-06
-9.403453945530374e-06
 5.798533470418598e-06
-2.594740202815124e-06
-5.66620309384407e-07
 2.9585754249266394e-06
-5.331476847213724e-06
 7.985098707521422e-06
-6.327929898002683e-06
 5.3286758031671085e-06
-2.2007392149623803e-06
 2.9187879472171063e-06
 8.669744551428231e-07
-2.695575164229875e-06
 4.391710771406739e-06
-3.6102380236505617e-06
 3.2002314802312033e-06
-3.622412073556775e-06
 4.311205810786538e-06
-6.876497714318389e-06
 5.288065129815978e-06
-2.2639896749207264e-06
-6.299453177378773e-06
 1.0063333694342247e-05
-1.1922910390573666e-05
 8.084675331166402e-06
-7.725389464987097e-06
-1.496781348220707e-06
 1.9856224180905262e-05
-3.086272066386329e-05
 2.7281084363974545e-05
-6.751675507453984e-06
-1.2406983973873661e-05
 2.589691692800296e-05
-2.8496557984522288e-05
 2.4698921203971675e-05
-1.529858220822754e-05
 7.946156907523197e-06
 1.551704544630269e-06
-1.058547891484158e-05
 1.7635419029828525e-05
-1.7226643771629163e-05
 1.279358911637347e-05
-3.303023585977486e-06
-2.9670375628023547e-06
-1.1583780305567354e-06
-9.29588646009384e-06
 9.85350480984707e-06
-4.490697978440213e-06
-2.0706416812497414e-05
 3.491871421577971e-05
-2.9811846259070554e-05
 4.581425744797998e-06
 1.650001237727563e-05
-3.249344639767057e-05
 3.6498805024509214e-05
-2.958590118119589e-05
 1.7400927163230207e-05
-3.208796466169528e-06
-9.247195132450496e-06
 1.672993471843514e-05
-2.116546405330138e-05
 1.1234416819148115e-05
-8.486847075669751e-06
 1.0354262035602915e-05
-1.1023149187320054e-05
 5.2554695428016495e-06
 3.6134883835783174e-06
-8.84571170286971e-06
 1.1438010236505833e-05
-1.0748205337245247e-05
 1.0395371807847295e-05
-4.0781595672749305e-06
-2.776352559222929e-07
 4.645516189354001e-06
-8.396860239490878e-06
 9.935329972217846e-06
-6.5742902913132e-06
 8.164232496251008e-07
-4.4360170593552483e-07
-4.790534529084865e-06
 8.019799139764405e-06
-7.226879108345494e-06
 4.017322319407832e-06
 1.0703054895377603e-06
-4.4063315113148186e-06
 5.533694324331152e-06
-3.1607520424325524e-06
 1.991076153653066e-06
-2.759113509768305e-06
 4.5604991219356985e-07
 9.742226927174929e-07
-6.536047399050674e-06
 7.053985810226319e-06
-4.833904369436247e-06
 1.8239265101363844e-06
-2.0997220706607088e-06
-3.1041520832701186e-06
 7.336722317234266e-06
-1.2841231824661445e-05
 1.0022810913529995e-05
 5.5076174593065575e-08
-2.441989399792806e-06
 9.108218519358766e-06
-1.105985429566066e-05
 1.043632303322452e-05
-5.639401463983622e-06
-5.327656060000965e-07
 6.9853601922411686e-06
-6.683226384243715e-06
 8.44530945224634e-06
-3.4948499571579452e-06
 1.0183512345893977e-06
-2.5919743711068954e-06
-5.292002925186645e-07
-1.2068779504308025e-06
-5.1406844669507385e-06
 5.67994870726531e-06
-5.952647853709184e-06
-1.2446642305027077e-06
 1.2259036668229618e-08
 6.525302308187196e-07
-9.366344311891554e-07
-1.8591645586347992e-06
 3.964397979404194e-06
-3.691118118052687e-06
 3.5586317125813746e-06
 1.0848849006283845e-07
-4.781946445890443e-06
 9.872511853224898e-06
-1.0292857103307125e-05
 2.154016589661697e-06
 5.8648056576403245e-06
-7.019078859744334e-06
 1.0196297376050078e-05
-8.213848486801331e-06
 7.107286596978405e-06
-2.9531697311187688e-06
-5.422946430403044e-06
 7.751949401024632e-06
-6.905844237771661e-06
 2.218547124314634e-06
-3.0925513220375414e-06
 5.147633883375047e-06
-5.255440978663051e-06
-6.063847255859072e-06
-1.0596709593028776e-06
 1.4472315220114467e-06
-1.1903246460503973e-06
-9.531302897668555e-06
 1.2939521277587541e-05
-8.75184121720575e-06
 1.345252846181851e-06
 6.319290744251306e-06
-8.448212671481286e-06
 1.0083426615633096e-05
-6.039055573664613e-06
 3.2976426877390108e-06
 4.623877533600509e-06
-5.7355612162163785e-06
 6.988013159202111e-06
 6.339161414796672e-07
 5.024725555184566e-06
 4.5035953736310595e-06
-1.2020820704125826e-05
 1.2608772182864881e-05
-8.59498156670293e-06
-8.076675981522613e-07
 9.446597002106797e-06
-2.3152714808373036e-05
 2.1934858001170587e-05
-1.7442252745572328e-05
 4.515553092929619e-06
 5.4901220156931365e-06
-1.1909119804476551e-05
 1.5806355747109746e-05
-1.846543315514979e-05
 1.3726280798355646e-05
-6.89387171300877e-06
 1.9428539638072493e-07
 5.592655285612751e-06
-1.0361462373284255e-05
-7.260544500494381e-07
 6.759565190389202e-06
-6.842234003316372e-06
-4.482781953761497e-08
 5.8810884828110474e-06
-1.0204147200379345e-05
 1.0911912178825241e-05
-9.464823384211037e-06
 3.678109491416496e-06
 3.6956533707058227e-07
-2.0771855093868125e-06
 3.0676220904309445e-06
-3.0984669206671023e-06
-4.850528497189007e-06
-8.509237244901053e-06
 1.0044108121866111e-05
-6.4591535000936135e-06
-6.749394499576338e-06
 1.626587634530794e-05
-1.3372903232351365e-05
-3.8135567557022955e-06
 1.5316835620555054e-05
-1.562824067042191e-05
 1.7473470000317992e-05
-9.419127293795217e-06
-1.5829545585047925e-06
 4.888361646058059e-06
-1.5894304897861276e-05
 1.127261530611493e-05
-6.673473271048012e-06
 3.855853717611428e-06
-4.8105457450800685e-06
 3.666466400060086e-06
-1.074948027247116e-06
-1.9564540060959003e-06
 4.780486233852295e-06
-5.679698262493731e-06
 9.14789869111277e-06
-9.813604725817704e-06
-3.2565322954931862e-06
 3.211788070290275e-06
-7.794546583710703e-06
 2.6516319856576025e-06
 1.8692831678437349e-06
-5.470016398099024e-07
 5.854476920698899e-07
-1.5419067812850958e-06
 2.9543824975682134e-06
-4.689723605275203e-06
 7.869320724621793e-06
 1.9654949941387536e-06
-1.1041025785077227e-05
 1.518105530750749e-05
-5.620088168524255e-06
-4.623556600332906e-06
 4.846978946875794e-06
-2.3084853054031186e-06
 4.6352195996007595e-06
-8.305682874618555e-06
-6.955925959835968e-07
-6.5523983381921975e-06
 1.4775468356635554e-06
-3.543020360247271e-06
-1.968721934325242e-05
-2.0058587481837676e-06
 1.1225316787515352e-05
-8.286628347637329e-06
-1.3344688663303776e-05
 2.0646684859787457e-05
-2.4685863944287335e-05
 8.451265817685427e-06
 8.619190008128441e-06
-3.283583691323244e-05
 2.6483142604800026e-05
-7.404651031658137e-06
-1.0109082296182162e-05
 9.202064649296312e-06
-4.6649630505694685e-06
-4.774107784933955e-06
 1.1137641355781509e-05
 1.3870453095133935e-05
-1.4106017662199792e-05
-3.6790147134583166e-06
 1.6381073050553644e-05
-7.2595855950115005e-06
-8.214335969129927e-06
 1.136384366380778e-05
-1.422335681172305e-05
 1.2659805263773558e-05
-6.525447485739143e-06
-4.0124242112021e-06
 1.3777328702802199e-05
-1.614687566295839e-05
 1.8897657622443743e-05
-1.1633060983249106e-05
-2.910253552733892e-06
-2.100558401489824e-06
-3.308290794606795e-05
 2.4661970191993882e-05
-1.1066268024321547e-05
-1.8634170688375223e-05
 3.830583942744513e-05
-2.4523016992506468e-05
 2.393359197221327e-06
 1.8726068443173265e-05
-2.3534764844015025e-05
 2.4883615112046353e-05
-2.5338275025317458e-05
 7.258826186667286e-06
 8.963683688376767e-06
-1.1391806385659054e-05
 1.2170495876310647e-05
-2.409613950812946e-05
-3.3363842298048962e-06
-1.9360870197927338e-05
 2.2377495232128634e-05
-2.2644052525801646e-05
-9.698999160591725e-06
 3.2896490332531324e-05
-4.566715004424952e-05
 4.0479157855741475e-05
-2.1071443158996023e-05
-1.2221224147690213e-05
 3.4320678851325525e-05
-4.285211064048587e-05
 3.492138272447261e-05
-2.637022684165783e-05
 1.5061930060848019e-05
 9.885361669378288e-06
-2.3747163652486505e-05
 2.7455136928956018e-05
-2.435426760726673e-05
 1.7888973535397214e-05
-1.282352216942966e-05
 3.84779491318933e-06
 2.3219294927666864e-06
-1.2677046036961997e-05
 1.8268794231873742e-05
-1.548520952652578e-05
 6.032251145080094e-06
-7.530033426025652e-06
-1.7518671366875404e-05
 2.1838996631668164e-05
-9.169396583650215e-06
 9.010012182894862e-06
 1.5397210047076343e-05
-4.0500054968518495e-05
 6.274591424650948e-05
-2.7109843008303603e-05
-3.0696896448250686e-05
 5.9265863634405326e-05
-6.152576012335185e-05
 4.4806864309386225e-05
-2.412907591856382e-05
-9.040561381278523e-06
 2.4543420277288193e-05
-3.3555087099986416e-05
 2.7809012010849052e-05
-2.5293217912322017e-05
 2.04104449060394e-05
-1.6032967821157924e-05
 1.2981088591929201e-05
-1.5463931747979683e-07
 2.420232108615134e-05
 6.915470175294984e-06
-4.6855692488726414e-05
 6.120978378916666e-05
-3.2816917618217724e-05
-2.355205482098652e-06
 3.1016704204850265e-05
-3.2868978828669815e-05
 3.605216680017909e-05
-2.4924706258886186e-05
-1.401796140242619e-06
 4.075360930132281e-06
-3.2594194208268736e-05
 6.172263019034192e-05
-5.3183070436901255e-05
 8.673254976379545e-06
 2.1952613892905574e-05
-5.256477811032448e-05
 6.299167866769615e-05
-4.885574020293124e-05
 5.393339811604886e-06
 3.6989374164829404e-05
-4.7609906016670994e-05
 3.766203321930273e-05
-1.4828587998676468e-05
 6.713010018628573e-07
 6.573606127945482e-06
-1.2315200413207648e-05
 2.090189714445748e-05
-2.1638853557916454e-05
 6.702970351368405e-06
 3.582733741868443e-07
-1.0744442767390122e-05
 1.5357496842852595e-05
 5.130670303608508e-06
 3.0588359032803062e-06
-1.922588991345494e-05
 1.1046380584458073e-05
-5.554830753167372e-06
-1.876316462172486e-05
 2.87457392993685e-05
-2.9866566583474204e-05
 1.1143749705439573e-05
 2.3823243404081765e-06
-1.9314309349241724e-05
 2.307648595538261e-05
-2.7200116276723612e-05
 1.4786532275355243e-05
-6.144072255132034e-06
-1.2781587530236336e-05
 1.1034876890277712e-05
-2.7181325377112883e-05
 2.252151050282505e-05
-3.864089550757825e-06
-2.004733691970825e-05
 2.7775028806327706e-05
-2.1021095678094378e-05
 2.725402958546695e-06
 1.1636353651589169e-05
-2.0110564629746382e-05
 1.3295555764080358e-05
-1.7779761620415136e-05
 3.6064391754585627e-06
-6.813424835448141e-06
 3.0020888129037385e-06
 4.979940622786093e-06
-2.43624828062948e-05
 2.398312021850492e-05
-1.6570343592258414e-05
-4.7234266758796884e-06
 5.874186032187441e-06
-1.9020677640336738e-05
-1.5957321915520971e-06
-1.939181782969139e-06
-3.0911945743600506e-06
-1.3856148931486527e-05
 8.984373616727844e-06
 5.767986614394335e-06
 1.3663884856346185e-06
 3.9018187260367265e-06
-1.1438290433112064e-06
 5.601145890681526e-06
 9.949591682452759e-06
-1.5824368289536872e-06
-1.793931221282989e-05
 3.0340711384746338e-05
-1.9345034364091578e-05
 3.5735345352559426e-06
 1.856239777630677e-05
-3.2921464478133613e-05
 3.032829858893758e-05
-4.0361552034539285e-05
 7.3382037317067655e-06
 1.1892454597020915e-05
-3.388276145789131e-05
 3.421084859204205e-05
-1.012032812094244e-05
 8.324674064876175e-06
-1.1364188087488174e-05
 3.3570380101803497e-06
 4.757997604787653e-06
-1.1156927189254276e-05
 7.025593769843396e-06
-8.602553625597828e-06
 2.933998133805947e-05
-1.7077330004237796e-05
 4.967250541212869e-06
 5.476992244741797e-06
-1.6823359512536665e-05
 1.7819455720155612e-05
-9.610290076306055e-06
 2.326447610464586e-06
 1.2012897959650075e-05
 2.6056009425361735e-06
-4.837269708393136e-07
-9.802064989322724e-06
-1.3285780405687099e-05
 2.2135134086971556e-06
-1.3100500119839734e-05
 3.190363080663348e-06
-7.632261810904056e-06
 5.872524590339328e-06
 1.8209411431016578e-06
-2.7316263827148642e-05
 1.5218617436844342e-05
-1.9978607456177774e-05
 5.966812407880238e-06
-5.364292570232143e-06
 6.280508906073444e-06
 5.031255374998697e-06
-6.404077300176784e-06
 1.7897367509981006e-05
-2.540588722895882e-05
 1.3264383221131881e-05
-1.0578282183236792e-05
 3.439565177916335e-06
 7.195941829150537e-06
-1.4171623026343234e-05
 2.5519404868668336e-05
-5.568446141384739e-06
 4.806096767160211e-06
 2.7350843267607313e-06
-1.606928459109516e-05
 1.2140686883422325e-05
-9.0697725004034e-06
-1.0446294808821294e-05
 5.900922725925439e-06
-3.2610120543095195e-06
-6.3830591492682865e-06
 2.6066828034612045e-07
 5.956325399894537e-06
-1.2841111725450416e-05
 6.798162716153427e-06
-5.748747392512936e-06
 2.0451723270848304e-06
 1.8430608362558724e-06
-7.386735621731199e-06
 3.3557481497253685e-06
-1.7234197042885617e-05
 1.7104963404650253e-05
-1.1878043990603095e-05
 6.888590136463294e-06
 7.861342804229951e-08
-2.247576382251436e-05
 1.5516136371590342e-05
-1.472109104817873e-05
-1.6809673203907972e-06
 4.408849589638089e-06
 2.9255013116272787e-06
 1.390495977039427e-07
-4.791878280880887e-07
 2.189759139740987e-06
-4.816372610164838e-06
 1.2928340374048315e-05
-7.644345388318711e-06
 4.486808327653208e-06
 1.1582803594951417e-05
-1.0132629297189117e-05
-1.3572629867791933e-06
 1.5233976678052335e-05
-4.924768779402511e-06
-3.4792829137824336e-06
 1.9065979951061925e-05
-1.9009978711961058e-05
 4.6234015340844826e-06
 9.791739014248202e-06
-1.759764513455684e-05
 3.562450023159034e-06
 3.6254931777466587e-06
-8.740363879930976e-06
 1.6862504753441072e-06
 6.212637746854969e-06
 5.485894039759529e-06
-6.211576024270505e-06
-2.1681426064363755e-06
 3.0954656853483315e-06
-1.762563642824672e-06
 4.128674444944362e-06
 2.3299592374667304e-06
-6.740867694417969e-07
-1.8622122876444295e-05
 2.5896931890831358e-05
-3.225969151641459e-06
-2.516090372156603e-05
 2.9000898150252193e-05
-1.9952767662603767e-05
 6.058161886854657e-06
 6.4638134372803605e-06
-7.5592270124197604e-06
 5.979187838604217e-06
-1.1461500310701287e-05
 2.148252775493089e-05
-1.3374452649866963e-05
-2.142793010600945e-06
 1.2601443372029253e-05
 5.815826242025064e-06
 4.4978246657662535e-06
-2.248290681905436e-05
 4.654045152555351e-06
 7.952258434086373e-06
-1.8703385056990586e-05
 1.0376359062596061e-06
 1.7853196033552143e-05
-3.957262791499797e-05
 2.90053213709649e-05
-3.1675205667602756e-06
-1.1381432743510271e-05
 2.23595185942716e-05
-2.286197609780354e-05
 3.255423180487239e-05
-1.547092026504761e-05
 6.101848292363907e-06
 4.60753174042919e-06
 9.281027068116921e-06
 1.8719322183599984e-05
-3.4441745993502016e-05
 1.6552191131023955e-05
 3.869511070355952e-06
-1.0960689908999133e-05
 6.713686465339921e-06
-1.2435674573106833e-05
-7.0789873215766985e-06
 1.2581835703718321e-05
-1.2122797877349732e-05
-1.6908383641437688e-06
-7.121288094923152e-06
 7.320117813941523e-06
 7.4034429336613234e-06
-1.8789523081444434e-05
 7.057806081455215e-06
-2.7022604515814715e-05
 1.0877668403643938e-06
 2.3460062257224747e-06
-2.301164941154715e-05
 9.480447843342755e-06
-9.337273721842849e-06
-7.335658302856734e-06
 7.166306242313242e-06
-1.8060184256312773e-05
 5.045960883325713e-06
 2.0889933680565686e-06
-2.824849770340207e-07
 1.428583468073471e-05
-2.5059827851026088e-05
 7.797211712381664e-06
-2.940455554169785e-06
-3.8119480622522256e-06
-2.837317230270858e-06
-1.6133566563954329e-06
 8.740309252303046e-07
-1.1608091416897413e-05
 1.2034962445372941e-05
-4.60526106834306e-06
 6.22803749950208e-07
-4.816456665442825e-06
 1.6517360440433537e-05
-1.1182979538795673e-06
-1.0190674452736482e-07
 1.011602227248644e-05
-1.1076005650591811e-05
 1.324114634828777e-05
-6.5401379106243174e-06
 1.718835521532075e-06
 8.83960574746804e-06
-4.855448227820589e-06
 5.328275730154823e-06
-2.304596631544625e-06
-9.595141992087014e-06
-6.3766294459592835e-06
-5.258560212725224e-06
-6.302809464719044e-06
 9.007708153799317e-06
 2.9012706201722533e-06
-1.978546866522965e-05
-3.8792556497809415e-07
 6.8584742889547895e-06
-1.0929615479185262e-05
-8.951376249045459e-06
-8.761352594042618e-06
 9.963432524016051e-06
 1.1268851880041815e-05
-4.3217655478889445e-06
-1.2154921103800845e-05
 9.945587660633359e-06
 1.5784280319151626e-05
-1.3835031122691893e-05
 1.869092161012095e-05
-1.950896399197443e-05
-2.543214414773033e-08
 1.1513927148174134e-05
-1.841745426706039e-05
 1.9393177486503714e-05
-2.5341685558348683e-05
 5.111672383279248e-06
 1.6625821524272974e-05
-2.2052739202308727e-05
 1.3185951757571047e-05
 1.8897017087024513e-05
-2.4467172326836636e-05
-4.746876682557942e-06
 3.4842140823373764e-05
-3.304193867808578e-05
-1.1493105440167165e-06
 2.5244013092152746e-05
-3.268093005367921e-05
 1.9842258381731996e-05
-6.143689127714716e-06
-1.5897530721236832e-05
 2.4328493293299256e-05
-1.565874460964146e-05
 6.1778163997003474e-06
-9.808669263116792e-06
-2.5126427153651325e-06
-2.292850832785458e-06
-7.6160997038801275e-06
 1.7539640899162292e-05
-1.5888642121329884e-05
-3.561895465037656e-07
-2.0557043476755434e-06
-1.76774028468012e-05
 1.0039791052629398e-05
-5.348735112210615e-06
-8.008762929717703e-06
 7.20435596508644e-06
-1.5292768822731145e-05
 1.7424619927939047e-06
-5.950599834095694e-06
 1.1826116530820338e-05
-7.74459964637674e-06
 6.91662807386063e-06
 1.132598742795335e-05
-2.742742455271325e-05
 2.2286675627411635e-05
 1.9923106150800764e-06
-9.180985444401978e-06
 6.67399448527114e-06
-1.0255217792595107e-05
-9.309531357824108e-06
 6.946743487344057e-06
-9.499487800154189e-06
 2.8253336142609154e-06
-3.803619429709022e-06
-1.172494828824681e-06
 2.7336868190809157e-06
-1.7814729564467164e-05
 8.236927774852712e-06
-1.5762548763147752e-05
-3.512818186902803e-07
-1.290125558878545e-06
-1.8913406277858406e-06
 7.371344383459262e-06
-4.934191576821743e-06
 1.5817981948918535e-06
-1.0450346268106704e-05
 4.66023242106535e-06
-4.006502439424337e-06
-1.304179859581196e-05
 6.127920965233479e-07
-6.62914720887084e-06
-5.96084219881232e-06
 2.2548773852608423e-06
-6.861549907595127e-06
-5.444200502392821e-06
 4.210319897379842e-06
-6.16246937096716e-06
 4.731788844807287e-06
 4.218590744260631e-06
-3.9957598750714025e-06
 3.2642529112808492e-06
-1.5842999123830255e-05
 6.473142752246748e-06
-3.3884610416947198e-06
-1.3723127186173972e-05
 6.970918677014594e-06
-6.488264948016415e-06
-8.376120263062593e-06
-1.606017859166546e-05
 4.345158510892766e-06
-4.882428111200272e-06
 1.2777663900062313e-06
-1.6569626256311644e-05
 9.906609142743783e-07
 2.3175024988465206e-05
-2.7266302191952044e-05
 1.2799273967802582e-05
 1.2245051451821438e-05
-1.4139249893294437e-05
 6.767757391041246e-06
-3.8140501805757246e-06
-7.334568852490634e-06
 6.188487228388346e-06
-1.1155487068155511e-05
 1.142440536352839e-05
 6.780126102087058e-06
-9.29002053788637e-06
-8.91584415664995e-06
 5.991388232719733e-07
 3.1635543855247795e-05
-2.2925737938390524e-05
-1.2156268651996304e-06
 3.6859439290047454e-05
-2.5738053606124005e-05
-1.2504045751436042e-05
 1.8083903944438063e-05
-2.4914025665469342e-05
 1.2121064623002228e-05
-2.062585879234279e-06
-1.8611504078538918e-05
 1.584895565118492e-05
-1.828451805525936e-05
-3.7677409481635953e-06
-4.141913875212155e-06
 7.629033354412552e-07
-9.187519439999015e-06
 1.5006322995549159e-05
-4.120911714306935e-07
-2.497404462962481e-05
 3.854921326428796e-05
-2.4920846086773646e-05
-1.4517674514592352e-05
 2.400843234971683e-05
-2.4305732631705094e-05
 1.5969038897396686e-05
-7.193857231048543e-06
-1.440693461713736e-05
 2.5399334673083976e-05
-6.139856899924422e-06
 3.791963140158715e-06
-6.818717142862266e-06
 9.808941725557397e-06
-1.4794092254111115e-05
-1.1090276666064597e-05
 2.2933322974353176e-05
-2.9326526117681993e-05
 8.578743309849147e-07
 6.016611176032109e-06
-1.8723899475785324e-05
 1.4887169331401316e-06
-9.87662507957546e-06
-1.716057309008201e-06
 1.4275739179125465e-06
-1.68775239700951e-05
 8.315129996593537e-06
-3.376306749352684e-07
-1.2729553289192468e-05
 8.677052948852842e-06
 1.911760726944579e-06
-7.801586337540466e-06
 1.7625746298716615e-06
-1.1161728198235424e-06
-1.3010702652187434e-05
 1.074601771777053e-05
-8.605933247452643e-06
 3.653723276782448e-06
-2.353323211905829e-06
-1.0417670112119245e-07
 1.547642063184552e-05
-1.3580109986745748e-05
 4.306668168648633e-06
-5.099063817326994e-06
-4.123283717375464e-06
-5.245566005802507e-06
 6.012781069171039e-06
-3.0120415759934204e-06
 2.4047241223610034e-06
-1.6928706566596627e-06
-3.695571803697805e-06
 4.685908937750828e-06
-3.120353118661628e-05
 2.4826356409303243e-05
 7.008338759597638e-07
-1.5540463173332655e-05
 1.7595710841088174e-05
-9.224555218069735e-06
 5.591817100095739e-06
-1.564712420373675e-05
 3.005781942196299e-06
 7.525327005191962e-06
-9.641623692496715e-06
-2.586613612961542e-06
 4.894630094458443e-06
 1.3092113067384839e-05
-2.502475542900573e-05
 1.07347583255023e-05
 1.0671009333835566e-05
-2.2083152054099812e-05
 1.6516363643119657e-05
-1.5986378457448003e-05
 2.531843645618596e-06
 7.657768121256448e-06
-1.3896536950202417e-05
 1.9312805644161946e-05
-1.4689283774006215e-05
 2.6271300059308745e-06
 3.224126936934359e-06
 2.2684797165625075e-06
 3.9515513134792075e-06
 2.8566544680560428e-06
 1.305832164361074e-05
-1.583012245902322e-05
 7.48600376318524e-06
-6.476517638458418e-06
 4.288233723999628e-06
 1.0552017785261343e-05
-8.009017864632758e-06
 2.294118224320571e-07
-9.82862898031233e-06
-1.3130343998737652e-05
 3.983762329400991e-06
-3.4618574739055143e-06
-7.750928509715975e-06
 6.648586953982511e-06
-9.803028996506287e-06
 7.604889612856243e-07
 6.90764493138233e-06
-1.1359205873276491e-05
 5.818721134866384e-07
 1.3479777774848667e-05
-4.066333560956467e-06
-1.0504086060183207e-05
 4.8855808047385845e-06
-1.3224480555804332e-05
-5.8304249765095344e-06
 1.7076288337779365e-06
-1.40838432200948e-05
 9.693617493623407e-06
 5.761036444514612e-07
-8.979765759488583e-06
 6.642360917947872e-06
 1.0071949058096053e-05
 4.959727498902762e-06
 1.270423441756276e-05
-1.2740639755330424e-05
 1.5818668593837924e-05
-1.1750577608467819e-06
-2.4704632201814014e-05
 2.894002949723845e-05
-2.4229175158045245e-05
 2.7169024405259445e-06
-7.705567110084133e-06
-4.8308990391574204e-06
 1.0371074026123237e-05
-2.5505472403114298e-05
 1.5186359620284355e-05
-7.4107179008196545e-06
 6.587681693593012e-06
-9.636094995093559e-07
-9.27863362907138e-06
 3.058346585115829e-06
-3.978645424878956e-06
 5.599427292928305e-06
-1.0561410978033961e-05
 6.205908703832909e-06
-8.160060524785067e-06
 6.528260355910795e-06
 1.0091555560009044e-06
-1.3936157477885463e-05
 1.1237553321029487e-05
-2.129280153552162e-05
-1.147505111042062e-06
 1.315560885169572e-06
-2.6115823772662368e-05
 3.7954005990547406e-06
-1.4866609745567878e-06
-8.974526380273151e-06
-2.5160051123241596e-06
 8.001243834441006e-08
-1.4771928728800795e-06
-2.1040555395817004e-06
-4.753369447548652e-06
-1.1220290931952751e-05
-3.569263100414281e-07
-1.0573609657984038e-05
 7.542338682917918e-06
 2.7480567347672987e-07
-4.830597280369895e-06
 1.074432754718873e-05
-1.0491202849339499e-05
-8.088189314379123e-06
 9.234438133714168e-07
 1.8093743343308742e-05
 5.136659822431626e-07
-1.3692019038181385e-05
 2.6940298570208558e-05
 4.370930758350938e-06
-1.3293160196964885e-05
 1.865820995244045e-07
-3.10871075444544e-06
-7.424853287987674e-07
-1.1658378234929482e-05
-4.493151104056879e-06
 8.641527098373694e-06
-8.096650930258906e-06
-7.554054063246568e-06
 7.029845957911689e-06
-8.474963212736524e-06
-9.84362830017614e-06
 7.814550564612963e-06
-8.885971377787636e-07
-1.5612307066126963e-05
 2.1331147425917684e-06
 1.5858417033258204e-05
-1.4731235368721856e-05
 1.234841278628094e-05
 5.395674586466229e-06
-7.046567161887672e-06
 3.8784506501289164e-06
-1.911280833367707e-05
 1.2385160676460739e-05
-1.0699137221747015e-05
 7.109601527386205e-07
 3.862350200809351e-06
-1.5459233195282056e-05
-4.661722325268064e-06
-2.0120939257034234e-05
 1.6762110408247882e-05
-2.3400763910335928e-05
-9.463820107630412e-06
 1.5567502956249072e-05
-2.7228892355256312e-05
 1.719478908051115e-05
-1.1446585884731794e-05
-6.735000547736762e-06
 1.0495923461412662e-05
-2.8850330726429715e-05
 1.0875615215385085e-05
-1.2789956762461387e-05
 2.5845022118799987e-06
-9.898031319122574e-06
-1.6296068683586147e-05
-2.5217872462381944e-06
-2.5756548524429002e-05
 2.098308759715596e-05
-2.7848508299793567e-05
-2.12226393545715e-06
 3.579182049429387e-07
-2.674745067261122e-05
 1.7513544897714426e-05
-2.003847522159869e-05
 1.3419338057273992e-06
 1.4599281348279006e-06
-1.581954951305468e-05
-2.396637801471213e-06
-4.932006186607437e-06
-9.696733615328746e-07
-4.522256873184184e-06
 7.018472921253567e-06
-4.312833507238945e-06
 1.2612070548969482e-05
 6.824175055003049e-06
-3.1151080955191294e-06
 1.0365261599919086e-05
-9.850054191812125e-06
-3.5019969195201405e-06
-3.883799341116758e-06
-5.006064774757775e-06
-1.9884311048840924e-06
 6.883741905855789e-06
-8.612745782251886e-06
-1.0262677491148622e-05
-3.6442249755393866e-06
-7.051836344875369e-06
-6.815111984168699e-06
-1.662862026259717e-05
 2.059472866703627e-06
-3.1090758237393967e-06
-9.647446661191492e-06
-7.436917645714154e-06
 1.3423452619069665e-06
-8.855219102247812e-07
-1.4660466407449707e-05
-1.281193873767333e-06
-6.99823858787653e-06
-3.12006659694888e-06
 3.1879371287100694e-06
-8.969090071848866e-06
-3.3749878380511447e-06
 5.571147995165525e-07
-1.742801840408417e-05
-1.6987979399274194e-05
 4.468443116422869e-06
 7.542835940921331e-06
-7.897749204985425e-06
-1.0351572077680078e-05
 1.0786403953769756e-05
-4.875678147227727e-06
-3.690526555535354e-06
 5.555889154755995e-06
-1.9055994950937963e-05
 1.7958806746155367e-05
-1.0639262674248349e-05
-5.365665303640487e-06
 9.36107912899917e-06
-1.0288728844075962e-05
 1.3200390285780227e-05
-1.1127523665290247e-05
 2.2752881300506027e-05
-1.2510633936895969e-05
-1.1479824575917242e-05
 1.1903957459233179e-05
-2.5770400836441657e-05
-2.0171284866896385e-06
-9.613554146450487e-06
 2.507731467374562e-06
-1.2236033283071827e-06
-6.390328805217272e-06
-4.01451634841922e-06
-2.9175699756818e-07
 9.43594638909623e-06
-1.7966080029890745e-05
-5.5056764830657696e-06
 7.663280817197886e-06
-9.403662547464962e-06
 6.101369355325573e-06
 9.345140796795475e-06
-2.0225199510568016e-05
 1.4283622211773544e-05
-6.151890715116592e-06
-1.0328304513300216e-05
 2.0467769106635833e-05
-2.901605187336131e-05
 2.2259623349130353e-06
-4.985480620624779e-06
-8.086601710167864e-06
 2.6167446358849772e-05
-1.6648431805408714e-05
 1.30351938076268e-05
-1.1737166397716195e-06
-9.143743938690626e-06
 1.9484544993300924e-05
-7.472772656289986e-06
 2.5942975490281746e-06
-1.1663086267856667e-05
 7.680333135940582e-06
-8.5226386865363e-06
-4.227788873314046e-06
 6.131128852660607e-06
-2.8766531747481552e-05
 1.429718290171624e-05
-1.0250747327510426e-05
-2.815824901051601e-06
 1.0877698154300703e-05
-1.8473832175133183e-05
 1.2909527281190213e-05
-2.334416753448934e-05
-4.751569877970219e-06
 7.213966467305888e-06
-8.297716068944932e-06
 1.49705053607849e-05
 1.1131601147615696e-06
-2.104246732088905e-06
 4.795720987408089e-06
 2.4570733997779344e-06
-8.217126409810807e-06
 4.185617205651134e-06
 4.389494096931812e-06
-5.571023611723076e-06
-1.303817167336285e-07
-3.8650208728506665e-06
-2.1849995910475793e-06
-1.2639603310491987e-06
-2.6048889081564794e-06
-1.3662530204735996e-06
-7.894345085891854e-06
 3.7482043279163208e-06
-1.0222974620594114e-06
-5.89981473742926e-06
 5.673998581887295e-06
-1.7827219842337833e-05
-2.753015956948477e-06
 6.454276398682716e-06
-8.000709134433999e-06
 1.8918819476992585e-07
 2.3855696742820933e-06
 5.292661309143649e-06
-8.851587054064485e-06
 4.104545307818092e-06
-3.753319150282052e-06
 8.438545847445682e-07
 1.1032439953506725e-05
-8.011053770396374e-06
 3.855709371455658e-06
-2.2570972853905642e-05
 9.631906086552142e-06
 2.7049097717291066e-06
-1.966972148786201e-05
 1.505644578513907e-05
-2.49594004658578e-05
 1.57797454572578e-05
-1.590660912647187e-05
-1.1718439756715008e-05
 1.741108490771552e-05
-2.9835379856999393e-05
 1.103899631019465e-05
-1.3184709315309335e-05
-7.92217252770995e-08
-2.682793424090983e-06
-5.893797873964651e-07
 9.550995562024657e-06
-1.6983441586979764e-05
 1.5000454594498174e-05
-4.390502223831013e-06
-1.1234749510809451e-05
 1.1569134797126266e-05
-8.868882718051588e-06
-4.939168457562753e-06
-3.104015781374092e-06
-1.0930851006388509e-05
 4.345442644155489e-06
-9.075153868156216e-06
 7.22008677031617e-06
 2.915654294007874e-07
-9.430853946276196e-06
-8.550013674003578e-06
 2.3601077473445855e-07
 2.6487495293338476e-06
-1.8704949928922912e-05
 1.4868220534975058e-05
-9.912297739308281e-06
-1.2243463479728664e-05
 7.60637962501614e-06
-8.470152272443156e-06
-3.1505706548343274e-07
-8.094084651142086e-06
 8.724966670148465e-06
-7.878336669543077e-06
-5.4905771786253666e-06
 5.5179234611543925e-06
-1.3230965334494053e-05
 2.397163823031836e-05
-5.5486121638679715e-06
-8.577272647948744e-06
-3.1512112819893673e-06
-1.9926172804383313e-06
 2.2090585193256695e-06
-2.396605128810517e-05
 1.3903832457446334e-06
-1.4621292924658409e-05
 5.381751705213156e-06
-1.3656300072535434e-05
-6.050538004424105e-06
 3.9518035336294505e-06
-1.7405044723831098e-05
 8.900584569443317e-06
-2.0229769101544284e-05
 4.605417699201346e-06
 1.1544918344852374e-07
-6.392027836204907e-07
-3.76692692007704e-06
-1.7354910328679005e-06
 5.486427756414376e-06
-1.1175887582125906e-05
 8.786448917701244e-06
-1.4614046535965986e-05
 1.0928497410821922e-05
-7.147426065450744e-06
-7.366249196537835e-06
 2.5887131613234646e-06
-1.553870015642917e-05
 6.500651107976313e-06
-2.0230284753350193e-05
 5.699334737792245e-06
 9.145892199446714e-06
-6.7155175582154495e-06
 1.2596290023740949e-05
-2.3364876979676574e-06
-8.047217246379038e-06
 6.081208279344569e-06
-1.556173630104448e-05
-4.499175466192936e-07
 5.489657424024231e-06
-6.369930419428164e-06
 5.166996491795412e-06
-1.624933250049976e-05
 4.923463658931291e-06
-1.3115159162878306e-05
-6.744151127365666e-06
 4.635965495026077e-06
-2.14892367523715e-05
 9.949856204866476e-06
-1.6442098748982356e-06
 4.236109838150091e-06
-2.0116628978821574e-06
-8.108360437519526e-06
 3.777519022029653e-06
-3.7881373454657364e-06
-6.493825261723745e-06
-5.686788725755846e-06
 8.025969653075917e-06
-1.8164386400999092e-05
 2.736054582728584e-06
 9.364710737579227e-07
-1.1402191446379375e-05
 1.275479699142917e-05
-1.1703764266423108e-05
 1.1436311398873965e-05
-1.9533664870331192e-05
-3.60527170980599e-06
 1.520200293321492e-05
-2.2540508594516136e-05
 1.0367593762426822e-05
-5.352339762017253e-06
-4.930665465137894e-06
 9.357287342415256e-09
-4.698847605943095e-06
-1.637896066060146e-06
-7.887117941151865e-06
-5.952932036421307e-06
-9.684078615098627e-06
-3.2798174572539264e-07
-1.2036145413073467e-05
-2.747375804481861e-06
-6.273154787334845e-06
-1.6504052520122294e-05
-1.0110496911214045e-05
-2.8276764443257694e-06
 8.027049508905385e-07
-2.1683566236217154e-05
 1.6419232606726317e-05
-3.3480579640402334e-06
-7.1001069172421045e-06
 1.3411875033536473e-05
-1.076276373570923e-05
 7.084871052624459e-06
-2.152732468011683e-05
 4.383197516325958e-06
-1.9387144826702084e-06
-2.4067203279856532e-05
 2.4863798237255625e-05
-2.031860801346008e-05
-8.540057054320926e-06
-8.161613285730692e-06
-1.2312312335205874e-05
 8.44224899384467e-06
-2.2968552213471416e-05
 1.3949000381874043e-05
-7.659246271143827e-06
-1.1418090881145976e-06
 1.1067565440577418e-05
-1.0452015088524688e-05
 1.861363903984617e-05
-1.4653345208974542e-05
 4.111847371163e-06
-5.97022014568811e-06
-6.031766328824246e-06
-2.554153636964456e-06
-1.3992908443004821e-05
 9.957404881530254e-06
-2.502223276647448e-05
 1.4915013339812082e-05
 6.909345899425639e-06
-2.449364746953365e-05
 1.460201288928294e-05
-6.636213700374783e-06
-1.4579436897532243e-05
 5.003745890324088e-06
-5.5840051742836465e-06
-6.155039822849988e-06
 4.11537375068595e-06
-4.952319535809828e-06
-7.28314161874402e-06
-2.882885624603153e-06
-3.4005369886088653e-06
-3.1273650525757996e-06
-6.555567073802078e-06
-6.558796195904131e-06
 4.181027929073564e-06
-1.0658878384511257e-05
-4.3739763534947715e-06
 7.564786795024306e-06
-6.949760625101781e-06
-5.23880780177453e-06
-8.020192373114003e-06
 4.91613679325136e-07
-5.290552742901314e-06
-6.266715019718034e-06
 1.1028143100651824e-06
-6.109295077858396e-06
-2.7018917940670672e-06
-3.364453637579223e-06
-4.0008221521234455e-06
-1.6442372541072616e-05
-8.870646566183357e-07
 7.817653797819904e-06
-2.166472135854003e-05
 5.025865395228491e-06
 6.7964477040286e-06
-6.292448828923316e-06
 8.096701202797127e-06
-1.2502362547245658e-05
 2.922684479863749e-06
 3.7384999206439843e-06
-2.4948180169152296e-06
-2.1831539782688993e-06
-7.55149215428569e-06
-6.6083122790041006e-06
-1.1900213663812249e-05
-2.884343940168078e-08
-9.654276088460488e-06
-3.3822607190547786e-06
-2.5260220106736835e-06
-7.0309464521456925e-06
 1.9533918233447817e-06
-4.619113936220126e-06
-4.4964339268624645e-06
 1.2770980296756633e-06
-9.777605124399929e-06
-5.718151899782182e-06
 7.633640354339512e-07
-2.655475911302162e-06
 5.843078614297107e-07
-7.964476452300184e-06
 2.213738876582307e-06
-9.852707815425498e-06
 5.857026587895973e-06
 6.999477102600359e-06
-1.2666512541429639e-05
 3.4956124330561076e-06
-2.8834063381641304e-07
-5.532935118874178e-06
 2.106764118769738e-07
 9.404450648872266e-08
-1.1311998021185494e-05
-6.6473628842077904e-06
-3.3148209433836016e-06
-3.1812852109382972e-06
-3.3277750813573304e-06
-3.4535824585140075e-06
-5.764509966199587e-06
-2.7986253357139767e-06
-3.34169485971337e-06
 2.234043081529485e-06
-8.74266849959454e-06
-9.561668274672318e-06
 8.38336924517899e-06
-1.0320277424328828e-05
-3.667539412729079e-06
-3.877983249066271e-06
 9.091355681233276e-06
 1.5490089302804913e-06
-1.3334133958399447e-05
 1.0422888316142417e-05
-4.658147529277765e-06
-1.1684757251838729e-05
-2.026843176244189e-06
 4.570006144855908e-06
 5.42623652707005e-06
-5.217864818645504e-06
-6.378081685899259e-06
 6.9111190175882505e-06
-6.5339246061283635e-06
-1.754271830995091e-05
-1.0858624975083431e-05
 6.128644606725272e-06
 3.625189291006743e-06
-8.229760357110301e-06
-2.712183870796336e-06
-3.3150820877959198e-06
-7.858149262707615e-07
-3.818530085795988e-06
-2.910059139072684e-06
-4.294267515829401e-07
 3.96937022408912e-06
-2.449552870878521e-06
-8.729104940563952e-06
-1.5901953262077994e-05
-7.887257459092261e-06
-5.039514156218852e-06
-1.1237488282561181e-05
 1.0940541949251801e-05
 3.3458943153405545e-06
-3.192071190848856e-06
-9.830353743049395e-06
-4.440238793039142e-06
 1.5725469505390315e-05
-7.402970961895621e-06
-7.965583381353822e-06
-2.0303160392318208e-06
-7.34690726118238e-06
 1.8994042068532982e-06
-4.066738322376884e-06
 2.7663931117234356e-06
-3.4787501807088287e-06
-1.2552507733281777e-05
-3.9787169136503896e-06
 7.224934378344333e-06
-1.552236064624769e-06
-6.041430950024005e-06
 5.372992183151724e-06
-1.5402824641638198e-05
-1.0382288338177253e-05
 3.816403882471669e-06
 2.1155210345548833e-05
-1.3462026878588864e-06
-5.467596429917189e-06
-3.605917011298876e-06
-1.4243492309515226e-05
-1.231968410223769e-05
-1.6345372208098978e-05
 2.0454440468766988e-05
-6.140502849948263e-06
 3.130406684411482e-06
-1.2671474203394543e-05
-2.1672133288355507e-05
 5.011481374536596e-06
-1.4447344687887366e-05
 2.1914976718528295e-05
-2.467999165626554e-06
 4.415232498367022e-06
 1.7720132832589902e-06
-3.418218455749218e-05
-3.4496441949833747e-06
-2.584366266246064e-06
 5.835412557213746e-07
-3.5875081321837445e-06
-1.1342841494845668e-05
 1.1144595967079743e-05
-1.1663524969376244e-06
-2.587478777519974e-05
-1.7493036532089582e-05
-3.6962930791255655e-06
 7.073441872282537e-06
 7.869349999641186e-06
-5.5104567886842e-07
-7.941695576711505e-06
-3.585705250716566e-06
-1.6972242722072455e-05
-3.6294101739329774e-06
 9.48759131803556e-06
-1.0842124124300447e-05
-1.741531642485611e-05
-7.809960263871667e-06
 2.1578883513298193e-07
-1.2873215690673611e-05
 1.624397552712851e-05
 1.89598589393692e-05
 1.769355964061602e-08
-1.4413711022980753e-05
-3.0024542581221064e-05
 9.974414390993828e-06
 4.879264637213306e-06
-2.1889211812200663e-05
 8.04202487108477e-06
-4.277035132414465e-06
-2.0141039297958824e-05
 1.3029543489844123e-05
 1.4695000518672991e-05
-1.4210819289460816e-05
-1.1996484384673575e-05
-2.3761592611131294e-06
-1.4989583419785732e-05
 3.778774163272125e-06
-3.1619839242995728e-06
 4.270172659390946e-06
 5.856841549223733e-06
-8.855180479771174e-06
-1.1703182941366848e-05
-1.9527464455486127e-05
-2.7088901165111214e-06
 2.7984326275812154e-06
-7.1591959769464e-06
-6.631248722928586e-06
 4.188656814458771e-06
-4.866323370571531e-06
 3.7267389700723632e-06
-5.753253673710812e-06
-1.9814149957091412e-05
 1.098148857826703e-05
-7.729635656374095e-06
-4.304644216210494e-06
 1.0446156797675182e-05
-4.976516287823355e-07
-8.636642910781626e-06
 4.978564183878063e-06
 9.770248102687237e-06
-2.6232293538065798e-05
-1.5163510456202024e-05
 1.1783115180847722e-06
-6.351509151107531e-06
 9.353012187620625e-07
 1.4513244289011642e-05
 7.24031459035784e-06
-1.7373124978985973e-05
-7.152480948853118e-06
 1.0246273485774303e-07
-7.767823415108272e-06
 8.631596459394974e-06
 8.858939647096059e-06
-2.1984914711889534e-06
-9.436193028188932e-06
-1.2012218294337455e-05
-5.593524805496084e-06
-1.1013214504409782e-05
-4.238392115728711e-06
-4.568483605723783e-06
-7.76703290134236e-06
-9.431717975526176e-06
-1.735032586074388e-05
 2.711594247380941e-08
 7.150254304859743e-06
-8.004444957065354e-06
-1.56376868154971e-05
-1.4250390170422418e-05
-7.539773269074343e-07
 1.1034527797690484e-05
 1.5756448892233574e-06
 2.197441616604813e-07
 8.598187251967825e-06
 2.1322368960184968e-06
-7.145529703214046e-06
-9.774704964173503e-06
-3.208502649456363e-06
-1.21191127591209e-05
-1.1519147617274725e-05
-2.1575909078968262e-06
 3.7302887273029616e-06
-8.671738727740475e-06
-1.3562859895607149e-05
 2.9640841582947646e-06
-3.047425307014096e-07
-9.232743204101494e-06
-1.2599325278706638e-05
-4.2710938253075445e-06
-1.4105045823491792e-06
-3.8734775509086995e-07
 3.949206735998588e-06
 9.563392965931447e-06
 8.474415505707486e-06
-9.6251247173032e-06
-1.8824398426949752e-06
-1.1055944861274587e-05
-9.342529618364253e-06
 1.4205155006288485e-05
-5.6718990590970996e-06
-1.3008233994232593e-05
 4.077916096751041e-06
-1.9748113672639743e-05
-1.5106930125242352e-05
 5.505899827516188e-06
-8.815435704069565e-06
 5.3480983098785165e-06
-9.43790357191474e-06
-7.5927354414593225e-06
-6.346729148095424e-06
-1.5234753986752313e-05
 1.646350351655882e-05
 7.0991878096844076e-06
-5.61371525252294e-07
-2.633542912172513e-06
-7.490099732673034e-06
-1.3022792828635164e-06
-1.5140652440886056e-05
-9.702210473257993e-06
 6.412341569183789e-06
-2.4641662695651167e-06
-4.520236091933173e-07
-7.99547574791129e-06
-8.254950039506267e-06
 9.678026395657074e-06
 1.0785521250689629e-06
-8.733224843339305e-06
-7.418677477624393e-06
 2.9727135228077413e-06
 4.986794242287591e-06
 1.506340497203165e-06
 2.883486993362051e-06
-3.945489278100792e-06
-4.353550196903825e-06
-1.9660946479647385e-05
-1.5577476253861323e-05
-1.4036102310976152e-05
-1.3337104191744606e-05
-3.9048460412945894e-07
-3.702023188298249e-06
 8.60317847102624e-06
 1.4160139792865438e-05
 2.0389920310728252e-06
-5.1096410473855225e-06
-2.211932107237302e-05
-1.3735280986366796e-05
 1.0456035839156153e-05
 9.028280459428893e-06
-2.775134974160028e-06
-5.143442877978615e-06
 1.6348102651618933e-06
-8.445572650126392e-06
-1.3826422680363313e-05
-6.955021990785142e-07
-1.826831218643962e-05
-8.67710120592635e-06
-1.1454767877092432e-06
-1.1375338910934158e-05
 9.47612234703586e-06
-1.2540361407817414e-05
-9.177830380638135e-06
 2.468858694182414e-06
-8.398389503337808e-06
 2.479286124789552e-06
-9.038755560602157e-06
-1.3369588639340088e-05
-9.613201234069583e-07
-1.1794703719809204e-05
 2.7167773252015208e-06
 1.1577667118052934e-05
 5.128902329602417e-07
-2.982810220440325e-06
-1.8220529684038406e-05
 2.8080530035142152e-06
-2.9934066676595114e-06
-1.3306199746250648e-05
 9.205956753564026e-07
-1.7481706862166237e-05
-7.438771801869051e-06
 1.0372002558659188e-06
 1.2836174680571717e-06
-1.1965844816425752e-05
-2.6422660709946856e-05
-4.387162877785222e-06
 9.07821436365433e-06
 6.389688630919438e-06
-9.508131116891327e-06
 7.678103081799723e-06
 9.606638291106197e-06
-8.541734551300748e-06
 2.135331921976881e-06
-8.22427520071614e-06
-1.2452537613179552e-05
-1.0417408629882517e-05
-4.477880644006522e-06
-1.9378040277337052e-06
-5.381138614387181e-06
 1.1650214868268677e-06
-1.2863752622709508e-05
-1.5696261486529652e-06
 8.091946821087161e-06
-1.7259046657203134e-05
-2.589343113883452e-06
-3.5175597774729892e-06
-6.473504771486467e-06
 3.074629116115203e-06
-9.3996777172312e-06
 4.5588315768186316e-06
 8.46248814903497e-06
-7.260607413940515e-06
-8.35492094413466e-06
-1.0501268724828922e-05
-5.297424974583323e-06
-1.262492997769063e-05
-1.632028171105103e-05
 1.1922118849273405e-06
-1.043124043731399e-06
-1.0456542783975753e-05
 5.769154927417176e-07
 2.7762707778097455e-06
-4.7490806547431e-06
-4.485608751492461e-06
 1.279552081093703e-05
 3.953076495062375e-06
-2.1655785513730286e-05
-7.03107493317462e-06
-3.132032726655884e-06
-1.2664072057259588e-05
-2.4281166163818215e-06
-3.958380779885614e-06
 2.7443636826008933e-06
 4.703553010798014e-06
-7.539438964854067e-06
-3.7245829455300196e-06
 5.102364629284517e-06
-1.3077922225719465e-05
-5.07210001980467e-06
 2.2936282406664035e-06
-5.995750261436456e-06
-1.012942958740635e-06
-6.7798107949966705e-06
-5.607625411876438e-06
-1.2193220330446733e-05
-1.1182574938275485e-05
 2.6887934148833224e-06
 8.727489925464673e-06
 3.5161970276702006e-06
-1.1624965705734173e-05
-4.656522346934484e-06
-9.930953439578297e-06
-5.821494065732438e-06
 2.6727041958565624e-06
-9.337856788894693e-06
-1.826883525875785e-06
-2.802589034647342e-06
-7.5918848968953735e-06
 1.9307985457810244e-06
-5.574491686667285e-06
-1.0090096488065118e-05
-2.264627350523306e-06
 6.89606169320917e-06
 8.223135610323877e-07
-1.0134650040748812e-05
 8.553901913103325e-06
 5.720992468803311e-06
-7.1367413362812325e-06
-1.0421334729173775e-05
 4.300401804150795e-06
 8.208658978684952e-06
-1.2897065845611004e-05
-1.5120569496817259e-05
-1.501195610010617e-05
-1.0075209583893696e-05
-7.15310338372251e-06
 7.555075287546604e-06
-2.3162971632104798e-06
-1.227525135349093e-05
-2.7917330292713353e-06
-5.021902284640946e-07
 5.911731045677693e-06
-2.683094577129076e-06
-2.1984566471782468e-07
-5.833220704960423e-06
-9.149896223064667e-06
-1.9474154919512135e-06
-1.0643348288453524e-05
-8.181664397713207e-07
-2.1543815514206306e-05
-1.2729236720251631e-05
 4.993120837176832e-06
-6.038385079779985e-06
 3.990567839919394e-06
-1.1141087476167532e-05
-8.259631662977087e-06
-1.839895283440563e-06
 5.267191624955162e-07
 6.935623308015787e-06
-1.0113394834694597e-05
-4.2839863956704535e-06
-1.1874351486971158e-06
 7.119565368643336e-06
-2.1615648698086794e-06
-9.242267652885833e-06
 1.0990744181348728e-06
-6.580283864365392e-06
-2.9916351881146195e-07
-5.143268076816083e-06
-7.835595226100452e-06
-2.843021376273876e-06
 9.548146759152978e-07
-1.0651188753707172e-05
-7.848949910758542e-06
 5.276695448991456e-06
-1.3202662350358171e-05
-8.36481866620274e-06
-1.2872185651625444e-06
 2.0757930078146676e-06
 2.3561607236375243e-06
-7.671092341763249e-07
-4.41164028965543e-07
-1.7039865039238415e-05
-8.068527250745503e-06
-1.4193923877473977e-06
 5.402472752711531e-06
 5.647795393689743e-06
-1.161390007587558e-05
-5.652014299856833e-06
-2.0341682625191027e-05
-1.4667100737702719e-05
-3.632544963182012e-06
-2.778277601513813e-06
 7.973729749392089e-07
 1.8780439077662897e-06
-1.3976202589656891e-06
-1.5327387609799977e-05
 6.016116158619633e-07
-8.20404151824143e-06
-5.864565739040505e-07
 4.285665126000012e-06
 5.856534704137775e-06
 1.2858043327979584e-05
-1.2805666291260409e-05
 1.5207936802155848e-06
-6.724950306352073e-06
 5.834063864131471e-07
 6.902882378825857e-06
-1.836970798615198e-05
 4.180017958924763e-06
-7.53855444531689e-06
-1.0834712664262857e-05
 1.89032830187895e-06
 6.253498527414226e-06
-4.673398104511797e-06
-1.0865411215535654e-05
 5.875496691960316e-06
-1.34642179725547e-05
-5.470772186718327e-06
-2.8407894434678975e-06
-4.6272834310669405e-06
 6.705309085862929e-06
 7.861155399914436e-06
 1.6508284884073978e-06
-6.181437687522595e-06
-5.546699946236057e-07
-2.002430614038812e-06
-3.7794983885022385e-06
-6.6169580502854675e-06
-5.217972695200774e-06
-4.633990364333693e-06
-1.0631865156248163e-05
-3.0018459937578417e-06
-1.273928643584115e-05
-4.928856484598169e-06
 3.950243635792217e-06
-1.4121863463043408e-05
 5.182879618798948e-06
 1.0494998567318614e-05
-1.1061574752470108e-05
-1.1227786176939846e-05
 5.2004179522471465e-06
-2.2588294297447323e-06
-1.7935509073957122e-05
 2.880337068796754e-06
 1.44746292958989e-05
 8.68926571055664e-07
-8.643756871568881e-06
 2.007907077103131e-07
-6.453022211645997e-06
-1.1366550657991789e-05
-1.99706636860817e-06
-1.0082584337899519e-05
 6.622995289637559e-06
-1.6992690230777894e-05
 6.052576990141933e-06
 8.457804262304387e-06
-1.6899430742356516e-05
 3.335827786733214e-05
-9.383395001403514e-06
-2.2127864342389698e-05
 1.2725504671797593e-05
 2.5538334908186643e-06
-1.453327878588463e-05
-2.435137140260604e-06
 3.4788969011610175e-06
-7.355698200366792e-06
 1.1706355701474823e-05
-7.905909970851212e-06
-1.1197071214382308e-05
-3.6039203405783973e-06
-6.164147816009164e-07
-5.688040362267128e-06
-6.3096547759614585e-06
 5.354057117420901e-06
-7.060066699487651e-06
 5.466917434701419e-06
-1.1817773786022965e-05
-2.7042600220422883e-05
 6.993344839807711e-06
-5.637674579207612e-06
-1.1058502662044e-05
-1.6045603638203414e-06
-2.851049790166035e-06
-4.5795387211047174e-07
-1.3452160048712977e-05
 3.615458792562296e-06
-4.594489175001401e-06
-5.826205512271989e-06
 8.04048010423286e-06
-6.604118161490202e-06
-1.8298185700352993e-05
-1.696760940533587e-06
 1.1061890054427538e-05
-9.834723621215812e-06
 9.106851533607e-06
-1.03515457704056e-06
-5.87694529963544e-06
-1.6506413465148747e-06
-1.4253726258613135e-05
 6.380872058218436e-07
-1.8861602427504625e-05
 1.3538979229721555e-05
-7.080877337578539e-06
-1.4248989990009454e-05
 1.342429088829087e-05
-1.7586322052187724e-05
 4.713714358301871e-06
-1.5639522550190327e-06
 5.999610155356029e-06
-3.500913645858986e-06
-1.0281148607316532e-05
 1.4653577866764252e-06
-2.1450626389431175e-05
-4.5874022697911845e-09
-1.0877315349547573e-05
-1.9594286241052754e-05
 1.429790490058694e-05
 2.5039095105854775e-06
-1.6131388419729833e-05
 1.5453525543392085e-05
-1.8978833999453117e-05
-1.4535170569385526e-05
 1.7974868699898058e-05
-1.2446618807800705e-05
 7.87005382026911e-06
-1.2297382372616483e-05
 3.774584783057263e-07
-1.2176083142483908e-05
-2.0751926038211965e-05
-2.8515333258033933e-07
-2.0582008260139382e-05
 7.493315627207322e-06
-3.465338785976766e-07
-4.9347515698962995e-06
-1.1156734605216615e-05
-9.822447907481868e-06
 4.520876577190195e-06
-1.4480953888463169e-05
 1.5590712592817455e-06
-1.1764232597974718e-06
-2.9211690702306334e-06
-8.027636859025071e-06
-3.1030002835538376e-06
-3.529158132602406e-06
-3.505795325360393e-05
 6.166947787802504e-06
 4.745113343823071e-06
-1.4190338446121922e-05
 1.1273566820743318e-06
-1.2168272742050905e-05
-1.6255506432327726e-06
-5.948886444082216e-06
-6.8399234655406554e-06
-2.5706730082034384e-06
-1.0582367083292255e-05
 6.1422607115499174e-06
 1.2181301162872377e-05
 6.516837600179512e-06
-1.1540940356516373e-05
-6.77542122564626e-06
 1.4900767913111435e-05
-1.2878858673226177e-05
-3.78609026448374e-06
 5.241935159753982e-06
-1.677188975719885e-05
-7.076520475637709e-06
-1.1897404897214535e-05
-4.117661725892936e-06
-5.493883166921536e-06
-4.0509295143191245e-06
 1.922411826215629e-06
-8.41264689675059e-06
 4.692880557278148e-06
-3.5545269172401564e-06
-2.37290407247769e-06
-2.920278430191019e-06
-5.036840403050297e-06
-3.109398582643861e-06
-1.8862823972356837e-05
-2.7108849664485895e-06
-1.387193389996195e-06
-1.046165827471546e-05
-3.517349948231782e-06
-6.032873160948838e-06
 1.7458167544777324e-06
-5.899575361515782e-06
-1.0428410700640115e-05
-8.617539636958529e-06
-4.945742830301682e-06
-2.381751791382889e-06
-1.162826729835111e-05
-3.978184542184931e-06
 9.035675562037528e-06
-2.1516772618021345e-09
-1.2609361794674536e-05
 5.1193467862929704e-06
-6.886479841636993e-06
-3.3336420792824847e-06
-1.6869207882849354e-06
-9.203407623479817e-06
 2.4579342652255347e-06
-1.7657944584463463e-05
-8.854014898565116e-06
-8.601486360242446e-06
 8.432503132333735e-06
-6.78247731094915e-06
-5.020208354628321e-06
 2.3216249989629454e-05
-1.2951746450613656e-05
-5.883062052128743e-06
-7.41547354385589e-06
 3.906257670110296e-06
 3.001659448141129e-06
-3.1884983905566285e-06
-1.1860482542600636e-05
-1.11857954393942e-05
 1.1389357074173197e-05
-2.0869484576883732e-05
 6.872345396521486e-06
-8.102515987829394e-08
-1.3516309523905952e-05
-5.65183524805932e-06
-1.997059422125155e-05
 1.4627782476535475e-06
-8.987351402494576e-07
-3.498279520489447e-06
-4.041243325575081e-06
 2.0297092502140013e-06
-3.891418214370282e-06
-6.532316654406802e-06
 8.282000492747219e-06
-6.364627196086732e-06
-4.5190794896961705e-06
-2.373422114958349e-06
 2.8620765847065893e-07
 3.534908895935597e-06
-1.7273105149962893e-05
 3.6464205085980243e-07
 6.083868849476512e-06
 2.076683073013991e-06
 6.348328429456561e-06
-1.30005386270613e-05
-6.227189444743904e-06
 5.623298459200567e-07
-8.09388966979061e-06
-1.530787406159762e-05
-1.6848849288344883e-06
-3.1944396412540578e-06
-5.030363374074242e-06
 3.437855190005172e-07
-6.518228086485552e-06
 5.846580534768573e-06
 1.135511600195902e-05
-3.535997456940494e-06
-6.049361109124206e-06
-1.2604815905519211e-05
-1.108171738030039e-05
 7.056415712542149e-07
-1.2595861309161126e-05
-3.56869574141344e-06
-6.419705745786957e-07
-5.752316283829559e-06
-5.145783618216075e-06
-1.2697097702577932e-05
 5.503723993811883e-06
-5.041363728948693e-06
-5.473979781504325e-06
 9.705187608847973e-06
-8.508504596838262e-06
-1.3783025774997847e-06
 5.018251898993832e-06
 2.1831144785009802e-07
-1.5797230043414819e-06
 9.396928905633537e-07
-8.414916725191078e-06
-5.619100497074165e-06
 1.3331808754989131e-05
 8.200788566470707e-07
-1.1707846154624854e-06
-8.07018116880472e-06
-1.0125825658206434e-05
-1.2673096049226697e-05
-1.6480822831409692e-05
-8.734850799451455e-08
-4.952273547788757e-06
 2.9280556402316398e-06
 3.951328611514482e-06
-1.2219296197639702e-06
-3.432376046625371e-06
-1.5910971922098516e-05
-1.7032083137167214e-06
-9.178016837075746e-06
-1.0769540984583461e-05
 2.617892030414361e-06
-1.8406005885262407e-05
-3.5496664897512818e-06
 1.1292269071973432e-05
-2.1707212517964858e-06
 6.2925985004358795e-06
-3.7138745557861968e-06
-2.371331025526762e-06
-1.949423501990193e-07
-3.4724559348763757e-06
 7.59853095554204e-07
-4.951718929050926e-06
-5.608950446627526e-06
 1.5163876466673161e-06
-6.616170044188591e-06
-1.7727657734172555e-05
-1.2590212799741162e-06
-4.2647328234648815e-06
-1.5246344003757181e-05
-2.6853734237764052e-06
-1.3732680628125268e-05
-1.321041035300359e-05
-1.7642885970063282e-06
-1.2283931900950032e-05
-9.844274052061942e-06
-3.0949502927484956e-06
-2.242162702536999e-06
-6.114591129176424e-06
 1.906938069333347e-06
 2.8886657237865847e-06
 2.454038813047211e-06
-1.056173304719714e-05
-2.31871920552333e-07
 4.854329267664129e-06
-1.951324345233029e-05
-3.0211717895701786e-06
-3.48086185259228e-06
-1.9379009038902817e-06
-2.0688146157620253e-06
-2.088790335191386e-05
-3.7026520976317853e-06
-1.143316452146742e-05
-7.574034609150612e-06
 7.545042066535669e-06
-5.800815100896676e-06
-8.631656886048823e-06
-8.42705234702412e-06
-9.577480139561692e-06
-1.2039062828564753e-05
 7.501428990563828e-06
-1.1852075539360362e-05
-2.23997704515998e-05
-5.373139306638568e-07
-1.2776707949554949e-05
-3.8294737552236465e-06
-2.981341625098399e-06
 6.386889721498979e-07
 3.003322696323407e-06
-1.360419063212253e-05
 2.634754332689243e-06
-1.2491671630202526e-05
-9.587572490959996e-06
 4.525534029429366e-06
-9.697609140799493e-06
-2.8300285712192714e-06
-4.561199266799462e-06
-4.214436055762196e-06
-1.4954606886320968e-05
-2.1753828462117656e-06
 8.552105331691324e-06
-4.082471018004394e-06
 5.813375636830675e-06
-1.1814928115939506e-05
-5.032917372732362e-06
 7.148757959692345e-06
-2.732607716789925e-06
-7.101847765134061e-06
-4.624863570667506e-06
 2.012963901371781e-06
-1.4947269102809212e-05
-7.103009021473343e-07
-5.176094329296538e-06
-1.384479184136494e-05
 4.0827666175858415e-06
-5.542108807949671e-06
-3.8606671515648625e-08
-3.755059483895436e-06
-1.0690200667049904e-05
-6.055419076414646e-06
-2.8559946289541253e-06
 2.572581812871398e-06
-1.0607762723645197e-05
-6.729687088100965e-06
-2.599495081112757e-06
-1.1978733206168261e-05
-1.0023085392425282e-05
-6.682683929255511e-08
 1.9494385079977277e-06
-1.0218106109709518e-05
-6.871179988838126e-06
 3.7174037483604543e-06
-4.969878200673829e-07
-7.652492480570122e-06
-1.954011209156784e-05
-1.0006311581828405e-05
-6.469411790934562e-07
-1.3787035035130108e-05
-2.8683423428978628e-06
-1.2884383394237962e-05
-2.1113310805520904e-07
-8.850916974262266e-07
-2.3416943907734412e-05
-8.694320121481713e-06
-3.336112731634473e-06
 6.1503670983834614e-06
-7.028659744962346e-06
-6.310307059757125e-06
-8.086721156853863e-07
-1.1114630534905598e-05
-3.346376319393473e-06
-6.939032559230432e-06
-6.46511148796575e-06
-8.24182286937e-06
 5.070824253542605e-06
 3.8152071218004565e-06
-1.989664455098747e-06
-7.885458138599284e-06
-1.3267724214272853e-05
-7.905244925314064e-06
-6.594229213253441e-06
-5.5014669133408904e-06
 3.840058004763853e-06
-6.8958871552071e-06
-8.652277357568488e-06
 8.327666376804948e-06
-6.768962711492936e-06
-4.3427390629142945e-06
-6.9612974801073774e-06
-1.955274311405279e-05
 3.736025941973176e-06
-2.3584566953420316e-06
-1.386770347267351e-05
-1.2932974412672687e-05
-5.402713570896757e-06
-1.340228032303576e-05
-1.0343344583598843e-05
 1.936027542444608e-06
-1.7675072361305044e-05
-5.798809069178976e-06
-6.16290099808845e-06
-9.354187728099749e-06
 6.7320981715989596e-06
 1.2584249339355545e-06
-4.126598040668127e-06
-9.70952872800816e-07
 2.9760256834786656e-06
-6.01442661470989e-06
-7.029491042020963e-06
 9.249874115208393e-06
-6.167358450346519e-08
-7.661480412042956e-06
 3.329504399653368e-06
-8.178040620126984e-06
-2.0865566645086462e-06
-6.8169547568278315e-06
-1.1404248780716105e-05
 2.998454759641154e-06
-1.6561146369781048e-05
-9.678326806001397e-06
 8.1265763737532e-06
-4.078789180517683e-06
-8.248324021856173e-06
-6.870442558204522e-06
-8.057002922014606e-06
 1.6251980477979166e-06
-6.432848591957e-06
-9.623796614104633e-06
 8.717995149892087e-07
-7.5221867687509515e-06
-3.00722019730917e-06
-8.055545158064658e-06
-4.01348821727718e-06
 1.272129959608274e-06
-1.4355476772119059e-05
-1.6497313258043745e-06
-3.839761111115432e-06
-1.0658764272820361e-05
-3.376430303907251e-06
-4.508392291819087e-06
-3.4937777480484004e-06
 8.154029524757197e-07
-9.0175165530344e-06
-1.4201366280375857e-05
 1.3253169686661154e-06
-1.3299483625944402e-05
 2.836337075352663e-06
 3.839714789729627e-06
-9.658070184364882e-06
 5.129459238991133e-06
-1.2980811581337827e-05
 1.4127387329307128e-06
-2.075583143141272e-06
-4.845102933222972e-06
-3.616320001245469e-06
-9.65745614931455e-06
 5.7520626078508555e-06
-1.4711683185526531e-05
-1.0369889651685363e-05
-2.625481946691396e-06
-2.4271694667354777e-06
 4.155015109931633e-06
-1.2994171627068836e-05
-6.908998821259304e-06
-4.850964459445798e-06
-6.211834174242355e-06
-1.3556844149689e-05
-1.8332987703535063e-05
 1.0876928759620234e-05
-7.462884439040961e-06
-1.1554735174421296e-05
 8.75963212530294e-06
-1.8184696347221798e-05
 2.8472865474546723e-06
 2.1617726146808482e-06
-5.452750424715125e-06
-2.935529104621819e-06
-8.066616066539424e-06
 7.682904896263686e-07
-1.0524943709702e-05
-4.294825564606421e-06
-6.969737609084336e-06
-1.9933196727951926e-05
 1.1341977430025566e-06
-4.454877689789531e-06
-7.427345452288003e-06
-8.738543235061118e-06
-1.3376025393778855e-05
 1.130753034417092e-05
-1.3368717585626822e-05
-7.881284017342191e-07
 5.684375894785075e-06
-1.745827291525921e-05
 1.3683129838478982e-05
-2.289288216022325e-06
-1.1379688850960848e-05
 3.2033047585814326e-06
-1.1564883341456054e-05
-1.4680537705620559e-05
-5.465521881724417e-06
-1.5212167854212021e-06
-8.481060977750534e-06
-8.672235014905797e-06
 1.06873708673945e-05
-1.0253292229326402e-05
-2.2240310278905868e-06
 8.027370530484597e-06
-1.026117749790351e-05
-5.3817373823335835e-06
-4.360033803270196e-06
-4.020126532652288e-06
-8.96284335535179e-07
 2.1492056452151076e-06
-1.0281148481591462e-05
-1.8046416985334077e-06
-4.43206532142157e-06
-1.2526126408831441e-05
-4.424725568617849e-06
-1.0908696802509399e-05
 1.6126358108462472e-06
-1.1327581442507336e-05
-3.500542446250964e-06
-4.6060085242059015e-06
-8.95157547484577e-06
 1.7168671434265738e-06
-1.7483515015728386e-05
-3.1858500284759786e-06
 5.140624911827282e-06
 1.6059804897396512e-06
-1.2877197035870257e-05
-5.294857637607427e-07
 2.471516745529527e-06
-1.3909413797163774e-05
-2.4931961918721097e-06
 9.305040201888886e-07
 5.070638305524789e-06
-5.9396868912342555e-06
-2.6361020556831223e-06
-6.590306548301518e-06
-1.1722354694105093e-05
 9.700517053890333e-06
-3.2691714744978714e-07
-8.24654904775799e-06
-4.649121598061365e-06
-1.1879402962387912e-05
-7.848703232454946e-06
-7.164373621392978e-06
-1.1513152419670253e-05
-7.824703299583349e-06
-4.66343544022569e-06
-1.5200906223303821e-05
-1.1255776422292141e-05
 9.115890750229062e-07
-4.840169573655521e-06
 1.960309436030188e-06
-1.4537479093258246e-06
-8.778929992101896e-06
-6.74203194185223e-06
-5.296073994137328e-06
 2.6669492335418233e-06
-1.073067694909962e-05
-1.0519478456253113e-06
 3.2486947273724268e-06
-9.18838143669302e-06
-8.838338985872637e-07
-5.231186191178871e-06
-3.4824867525173486e-06
-8.151804500625864e-06
-1.0340663915062086e-05
-6.6688793224574985e-06
 7.676336627389195e-07
 7.944830504347362e-06
-1.5397317844214593e-05
 4.720252178900104e-06
-1.6547663907632574e-06
-1.4437291382291961e-05
 1.5807467386684306e-06
-2.746847688139836e-06
-7.718266383758201e-06
-9.94620307945582e-06
 3.3901931987789153e-06
-1.4336747665367428e-05
-1.5071098932203117e-06
 6.2481655217778426e-06
-2.1673046577638425e-05
 5.058752285792461e-06
-4.640299065990369e-06
-1.5644796319998858e-05
 8.967381376807251e-06
-1.0611263435548832e-05
-7.482963660360319e-06
 6.205644516075755e-06
-1.8999713674924064e-05
-6.825692290112402e-06
 6.603038886267598e-06
-8.204750726969123e-06
-5.421748251391162e-06
-4.982488466768433e-06
-5.8427756798415854e-06
-2.3932496776452315e-06
-1.2483995274830108e-05
-7.254273410279808e-06
-4.984597595301436e-06
-9.250208116598795e-06
-1.1294275666127787e-05
 9.899003792487933e-07
 2.633563043072953e-06
-1.1057449305477565e-05
 1.2474678582837863e-06
-1.0791061977040577e-05
-1.7484624665056112e-06
-7.275575376443273e-06
-8.247941037068345e-06
 6.9062960545226885e-06
-1.0727495073903042e-05
-5.875969383049913e-06
-1.8135072193192547e-05
-4.61331787995141e-06
-3.324908388153291e-06
-1.6083604451373738e-05
 1.1634114090537474e-05
-1.4358414612405932e-05
-1.4627003416923548e-05
 4.154044229920172e-08
-9.561670099831749e-06
-3.112982860147717e-06
-5.488765021000433e-06
-8.270476583446068e-06
 1.7843307612437662e-06
-1.309044686166633e-06
-8.942820141828637e-06
-3.95523566276276e-06
-9.766229261783304e-06
 1.0842914398451565e-06
 5.463544231680327e-06
-9.48544991389055e-06
 5.318916203878102e-06
-4.336127739540732e-07
-1.3329171594314308e-05
 2.8147617855128076e-06
-2.333650212407661e-06
-6.915854218454358e-06
 1.0440130818404588e-05
-1.0702525363647376e-05
-1.0851883997655609e-05
-6.662809712609874e-08
-9.852030862380465e-06
-5.508619439193159e-06
-5.112732589851014e-06
-1.1941063773871712e-05
-7.5851804394246825e-06
-1.7218513972472396e-06
-1.7471652439821593e-06
 5.11549268880674e-07
-2.812914415778915e-06
-1.0219571889311755e-05
-1.292527351031685e-05
-5.227745834345734e-08
-4.292861230803924e-06
-9.905858139505443e-06
 6.485964516150508e-06
-4.855541419471726e-06
-1.0486055548443725e-05
-3.673737474499469e-06
-1.8476475691427572e-06
-5.167419587586977e-06
-6.000956805018735e-06
-1.8032119265236385e-06
-4.975543075707509e-06
-6.206476521534235e-06
 1.365786964803246e-06
-6.93736199309753e-06
-8.845903256661787e-06
 7.495316113487561e-06
-1.1506114129895026e-05
 1.9981541202346965e-06
 1.6766184569828106e-06
-1.0180231988764056e-05
-4.008234186798487e-07
-2.031230635130695e-05
-2.29482216434329e-06
-3.3843695821169436e-06
-2.0468048775813678e-05
-4.5161136731232854e-06
-5.44038852140486e-06
-9.083232705036599e-06
-8.79209531783366e-06
-3.1106492501209094e-06
-5.7785439256036415e-09
-4.711846603731452e-06
-1.1071416287087127e-06
-1.2544170925739073e-07
-5.042120124325564e-06
-6.288456413028818e-06
-1.6515562118425954e-06
-7.91875214513606e-06
-1.8781788500918455e-06
 3.7161141133693146e-06
-6.854637499598373e-06
 8.214725851920372e-07
-1.1159497463304185e-05
-6.760657222639127e-06
-3.2169480820676053e-06
-8.380987718211299e-06
 1.1473548622986657e-06
-6.0752218515437406e-06
-8.232338888536392e-06
-4.414162899332479e-06
-6.7250804043813426e-06
-3.94561375761864e-06
-4.690386852914928e-06
-7.010868369236052e-06
-5.974451235896863e-06
-2.2020069792743094e-06
-9.991749488893026e-06
-2.0083012469041822e-06
 1.143261335647059e-06
-1.2572493426413534e-05
-7.535149184615819e-06
-4.86287754745642e-06
-6.001493013166256e-06
 5.235566754229462e-07
-1.1347951796161746e-05
-8.983861453609815e-06
-3.9237633227951325e-07
-1.2552250961878289e-05
-7.689145648865383e-06
-4.413803847098118e-06
-7.560359535730628e-06
-1.0904026873953642e-05
-9.665657895165434e-07
-1.1790128946719993e-05
-1.1234787633140562e-05
-3.3644682666135615e-06
-1.939540637757566e-05
-3.3609482363187664e-06
-1.5556762403901876e-06
-8.63706193281586e-06
-1.2005139162439845e-06
 4.996830128759994e-07
-3.3371415069373354e-07
-4.330069021390543e-06
 9.24590040648445e-07
-3.0551606276533474e-06
-4.0081530651128615e-06
-4.744172993573938e-06
-7.430441553412803e-07
-1.3587274034550017e-06
-1.1592085471655136e-05
-3.4717823679007743e-06
-1.0512660326794063e-05
-1.065969724651755e-06
 5.312308269411476e-06
-1.2204133206716393e-05
 2.694330314196541e-06
-8.151129755278727e-06
-1.4065374683169714e-05
-2.0389621994194275e-06
-9.371143171700455e-06
-7.619331073801558e-07
-2.8415617902613327e-06
-1.4994161455342506e-06
-5.7131041621628294e-06
-8.804362985186426e-06
-9.630717573307027e-06
-7.964620671286634e-06
-5.05985529364861e-06
-8.382085213335601e-06
 6.345316444116168e-07
-1.4118194274490942e-05
-8.045432569021277e-06
 1.2635443910064805e-06
-1.1727362920893529e-05
 2.376647344743331e-06
-4.696724185112923e-06
-1.0630408118824004e-05
-3.880601619520047e-06
-4.984176099506782e-06
-1.2532356028755629e-05
-6.823658614661825e-06
-5.637130989886475e-07
-6.30433327109858e-06
 1.9611981700011593e-08
-1.2862493813772672e-05
-1.6611104940799777e-06
-4.977233531724558e-06
-1.5467775569347205e-05
-2.937395588277984e-06
-2.3979550470967937e-06
-1.917568025309798e-06
-5.4077268967290566e-06
-8.813885465195332e-06
-7.840571725285642e-07
-3.885727665754104e-06
-1.0816529859594305e-05
 4.810215006907351e-06
-3.14976784140911e-06
-1.549650453962788e-05
-3.5285067746304587e-07
-6.228626553858343e-06
-5.211357635846034e-06
-3.6143732880645623e-06
-1.7235054287155805e-05
-9.326779254413416e-06
-5.2178622873934575e-06
-1.1679367878181642e-05
-5.783876948223517e-06
-7.638358532956105e-06
-5.262769355348489e-06
 2.829306239000715e-06
-3.1435299563827605e-06
-4.09015437757619e-06
-5.137812142154031e-06
-9.230439726856452e-06
-6.472228695672973e-06
-9.755925770216162e-06
-5.253560676421367e-06
-3.1442319862338053e-06
-8.784303160122937e-06
-1.845172288618633e-06
-1.3542022472794096e-05
-8.934673645151244e-06
-9.458944941015706e-08
-4.141569264622592e-06
 3.247234009678419e-06
-3.966944641452426e-06
-1.2072572721773709e-05
-1.046350162092486e-05
-1.1724762336804161e-06
-9.15905819446958e-06
-1.532292671171986e-05
-2.7643640449293618e-06
-3.3774911770830816e-06
-1.2224381680888565e-05
-7.704288280258264e-06
-1.9646348522858643e-06
-5.101328667253139e-06
-6.37874894580704e-06
 1.3444464067269935e-06
-4.247357670841248e-06
-7.491306192599e-06
 5.149798099204926e-06
-1.2225805824371527e-05
-1.1828706064328207e-05
-7.911707153888753e-06
-1.3215520713830916e-05
-3.739427483553681e-06
-1.0397295794190759e-05
-8.140245115113555e-06
-1.0257172970181889e-05
-7.229187335570839e-06
-3.3932367102330116e-07
-6.807276118924224e-06
 1.126394211212321e-06
-3.141725798905573e-06
-1.2432219350832225e-06
-3.4612904337983414e-06
-9.095463376396747e-06
-3.559520672337266e-06
-2.6140350468510756e-06
-7.215750393262662e-06
-3.617650498921672e-06
-5.589961408012964e-06
-5.4406608294076595e-06
-1.0012138981993596e-06
-1.766638800194927e-05
-3.496312837164301e-06
-4.824569623452317e-06
-9.674929073387658e-06
-6.619012323435496e-07
-1.4738851560121058e-05
-2.1638888623352283e-06
-3.598321806819239e-06
-6.7225933353926894e-06
-1.3060879409167972e-05
-1.2326126862494648e-05
-7.294408965741222e-06
-8.054071109600716e-06
 1.8653681412792115e-07
-1.052317271857681e-05
-2.0401344498868864e-06
 1.2938150436046196e-06
-7.53204474393362e-06
-9.542155390369843e-06
-8.201173101899197e-06
-1.972454174631367e-06
-7.826786736562652e-06
-9.139741372560219e-06
-1.1977801220378488e-05
-8.028482786832232e-06
-7.761225549585816e-06
-7.761125115553476e-06
 3.006523959444e-06
-6.044330680194528e-06
-3.1268348737499766e-06
-3.331833587294189e-06
-6.312956093613624e-06
-5.2608749274975235e-06
-8.525796737896006e-06
 8.631123846805494e-07
-8.928116499063865e-06
-7.227406348371327e-06
-5.11848236581923e-07
-1.3148276445443904e-05
-9.789754698193344e-06
-1.9967301115509644e-06
-7.968155249627768e-06
-8.473949536014586e-06
-4.436372027410779e-06
-7.13382800148596e-06
-3.671417469372877e-06
-2.656220885607963e-06
-7.542685428155188e-06
-8.941675424468104e-06
-3.688261974417038e-06
-5.616717028138739e-06
-8.634878107176838e-06
-1.54808696136299e-06
-5.5320991320150736e-06
-6.3322350984949e-06
-4.904592206722761e-06
-9.615532644438422e-06
-2.519510795646799e-06
 4.3220921435263154e-06
-8.74330059659863e-06
-4.844456432504014e-06
-1.1269023808328889e-06
-1.212465951888296e-05
-2.7274865968749056e-06
-3.4901920034161256e-06
-6.196274182618602e-06
-2.4902216254118637e-06
-1.037234255247982e-05
-1.11082157165533e-05
-9.12649756351508e-06
-9.283146340260885e-06
-8.903367952209011e-06
-3.6267718219551837e-06
-2.653108541199976e-06
-4.326301642492538e-06
-2.2899641370940176e-06
-7.988773005864319e-06
-1.1686415267597796e-05
-1.1605280868937842e-05
-1.1152426984680776e-05
-3.051014913210054e-06
-3.828719573517661e-06
-1.0836351089502197e-05
 7.371055158703991e-06
 2.1682733338543765e-06
-6.8165870261121804e-06
-4.452992499179219e-06
-1.407117242053724e-06
-3.7118073104344007e-06
-8.42252638822078e-06
 3.888928883146128e-07
-1.111522207009648e-05
-4.002220823426229e-06
 3.6156806369265922e-06
-1.0271335936000108e-05
-1.8595460276571533e-07
-7.91108830243597e-06
-1.715853155648183e-05
 2.008437633419045e-06
-7.210379143827734e-06
-1.0229326865014198e-05
-5.307900980738152e-06
-1.4332029290772318e-05
-2.293577912045681e-06
-4.045086823606963e-06
-5.380181710718851e-06
-1.1055205721848771e-06
-1.182480762745449e-05
-7.270204809627405e-07
-6.211599107013082e-06
-5.908185743302709e-06
-8.471221570990797e-06
-1.0107474270996572e-05
 4.0392216570852225e-07
-8.055769361782351e-06
-3.273412164868924e-06
-6.085649990498917e-06
-8.4329471356197e-06
-4.723899858805082e-06
-3.7938939150303656e-06
-3.4393685866484887e-06
-1.1717817164318427e-05
-3.4093286135299526e-06
-2.018182870466944e-06
 2.5645795737748144e-06
-9.070136562582836e-06
-4.241878014836525e-06
 3.880753349414801e-06
-8.009170771900499e-06
-3.3596170915061503e-06
-3.150945617873398e-06
-1.0056250227563178e-05
-1.1502329973207928e-05
-8.588175760090162e-06
-4.232608603280342e-06
-8.067933179959339e-06
-1.1143644504127112e-05
-3.6871144192226516e-06
-5.281164291689127e-06
-3.6345007120062034e-06
-3.5755066318039775e-08
-2.5157869388227383e-06
-5.409875875153227e-06
-9.202612118125978e-06
-3.8059446368330984e-06
-5.519844001373098e-06
-9.110888095561408e-06
-6.100482537638226e-07
 1.4814158344962535e-06
-4.730853656449801e-06
 8.847851039196217e-07
-6.794182821713031e-07
-5.2736458010056e-06
-6.377993464926584e-06
 5.655908845073194e-07
-9.088380577922948e-06
-6.888279195775463e-06
 4.580774607322302e-06
-8.87145050027415e-06
-5.173528618852147e-06
-3.5406242306994057e-06
-8.700162981387046e-06
 8.80534175468897e-07
-6.296968817948988e-06
-8.928438890301245e-06
-9.857620163886183e-06
-8.340155849169556e-06
-4.767128965702776e-06
-3.6367045296538485e-06
 2.1127170800907408e-06
-1.1533384396185561e-05
-9.870442383341013e-06
-5.3043487802202714e-06
-8.832134764223243e-06
-1.698213558311699e-06
-5.466942381272444e-06
-6.919543420730067e-06
-6.920716769951814e-06
-7.432409275170999e-06
-1.1990909553786858e-05
-8.65077208201385e-06
-6.453630652536532e-06
 8.278807476961031e-07
-6.3805708291027175e-06
-2.4397131384117564e-06
-2.558530234844267e-06
-1.581928058448665e-05
 1.9544593598227504e-06
-6.663248701930504e-06
 3.272778408860871e-07
 4.7081778770837456e-08
-5.474809927065466e-06
 4.31585207711487e-06
-7.960926877177098e-06
 1.7501576704946132e-06
-4.443368218405356e-06
-5.778370642572183e-06
-6.1507878696775565e-06
-1.0773353181587009e-05
-2.0464686463617654e-06
-1.0539392984461347e-05
-5.325062469602444e-06
-3.0956036912858846e-06
-7.057121181491651e-06
-7.261581802937362e-06
-6.342723669937363e-06
-5.367336627602291e-06
-8.784132372193103e-06
 9.435420671425529e-07
-6.350966032537173e-06
-5.898011574445371e-06
-5.54996968550063e-06
-6.078682285505798e-06
-2.8085333961211455e-06
-6.987180266926728e-06
-4.8941490893881435e-06
-9.569040680787304e-06
-3.759853592214384e-06
-5.076294984482549e-06
 1.6851636199441758e-06
 5.452848052848273e-07
-9.966475018286447e-06
-9.249953723941946e-06
-5.885283505954544e-06
-3.4613783444587825e-06
-1.778839355976989e-05
-6.009394590903446e-06
 4.266424295221108e-06
-6.249011710393817e-06
-8.939468964428899e-06
-4.224830630878261e-06
-8.092016485109859e-06
-8.354124203934679e-06
-2.337594385196968e-06
-1.0725264415537581e-05
-7.765821291394035e-06
-2.761938840915381e-06
-6.997446117803122e-06
-1.7061968623895876e-06
-2.501665989662094e-06
 3.055507002028035e-07
-6.171441416257207e-06
-5.7872211912225974e-06
-3.33130238244873e-06
-1.2288055369808151e-05
-5.525762684790882e-06
-2.8119703078321416e-06
-7.691136487657024e-06
-9.207465745821914e-06
-3.465215584346417e-06
-5.682080921620882e-07
-7.65249131382856e-06
-6.746913160778216e-07
-1.7906572238982581e-06
-8.790852541498928e-06
 2.767965414932496e-07
-1.422636954659673e-05
-5.591489423304249e-06
 5.896449173541368e-06
-8.02421167483781e-06
-1.0929150716342196e-06
-3.587186747131204e-06
-1.0146469005973e-05
-1.1125051761936853e-05
-4.058142505925584e-06
-7.867064591751357e-06
-6.5270111362585645e-06
-1.0587632303096499e-05
-1.0906608446088638e-05
-9.98642292199442e-06
-7.974290275376388e-06
-3.1577081169948767e-06
-1.1915238811196884e-05
 2.4289077870247187e-06
-2.9475825145697138e-06
-1.0547926150083426e-05
 2.769552983164991e-07
-7.98098718748966e-06
-7.754622375177665e-07
-8.288577371583275e-07
 7.235571954892393e-07
-4.28880589592415e-06
-8.504850995569995e-06
-2.4272291879897948e-06
-7.599631456050144e-06
-6.94359362763962e-06
-6.8228387027655815e-06
-4.872095877504932e-06
-1.0083123246018729e-05
-5.68710929817708e-06
-3.2194675203234986e-06
-1.2889583744420015e-05
-1.0646952138115588e-05
-7.264806611520716e-06
-9.435665968119444e-06
-6.542461192854675e-06
-4.620622910991018e-06
-4.824397245383909e-06
-4.6451894921183004e-06
-4.852681245221385e-06
-4.688861823942289e-06
-7.942213892591597e-06
-8.689578009532067e-06
-5.0707102203662425e-06
-1.2633151038963907e-05
-8.031787211512922e-06
-5.2377691167947425e-06
-9.859458630985347e-06
-9.042456643732153e-06
-6.919036344587888e-06
-7.1756771769854855e-06
-7.119673128331973e-06
-1.0087292379967825e-05
-8.030155316915375e-06
 3.110281135697509e-06
-7.389284541371361e-06
-1.003543247191457e-05
-3.2427173270262936e-07
-1.3356589207530304e-05
-4.464623398312265e-06
-1.6276201348073114e-06
-9.151196476302212e-06
-2.056214979301442e-06
-1.1081017743688964e-05
-7.468728586450946e-06
-3.043072019554534e-07
-5.1074804720459356e-06
-5.082206778216935e-06
-9.882176236003199e-06
-6.290743672267025e-06
-4.729441641554651e-06
-2.1164938222781663e-06
-8.830122986398065e-06
-1.0663471414088236e-05
-4.906416837217327e-06
-6.433322201021353e-06
-4.4307845156282905e-07
-1.627965155881766e-05
-2.9077723536510485e-06
 1.7215648025855778e-06
-1.3721555773219672e-05
 6.661454509311179e-07
-1.7059215642821945e-05
-5.088644729960304e-06
 2.3667184400831423e-06
-1.2085289675822885e-05
-4.098660811394206e-06
-1.0763642430639783e-05
-1.1316636069620799e-05
-8.984021006099032e-06
-1.0861529716123134e-06
-1.293306301576486e-06
-1.0378187784682882e-05
-8.518664857471583e-06
-5.005484107851893e-06
-9.852720540912946e-06
-3.427942781941438e-06
-6.701400479399498e-06
-1.3762395531553934e-05
-6.50672200737561e-06
-6.951227142805764e-06
-2.1625337286613875e-06
-1.1378773717429838e-05
-9.925789760041002e-06
 3.373231875914944e-07
-2.961603724671287e-06
-2.1313337598173313e-06
-3.0870353688380627e-06
-1.0744174847912225e-05
-1.0587114505884953e-05
-2.0655493655889405e-06
-8.07395981772692e-06
-3.445492202366463e-06
-6.8585987112465535e-06
-1.3252410834548677e-05
-1.6949089280968113e-06
-1.1305755488301156e-05
-7.71902671049289e-06
-9.19468572059689e-06
-1.534898089431016e-05
-1.3533066944098424e-06
-8.64000179022333e-06
-5.7901737017625646e-06
-6.0858201050254345e-06
-1.172576105137956e-05
-6.488309857297438e-06
-7.807906477828335e-06
-8.97802136775315e-06
-1.5437897732939143e-06
-6.626596287963052e-06
-1.1004250335835383e-05
-1.7294426347279367e-06
-5.625224368622574e-06
-4.314578400049625e-06
-8.434431641274556e-06
-8.209308335373783e-06
-2.9518381998708206e-06
-9.756209415539693e-06
-1.1194976734391573e-06
-7.01588794490454e-06
-1.3902948779395618e-05
-9.016387162534147e-06
-6.6402608384503405e-06
-5.197757073124098e-06
-1.0024327312538683e-05
-9.243102866735764e-06
-9.702613292932358e-06
-9.368479460221824e-06
-9.568112867452732e-06
-6.275433291351568e-06
-2.448681896481904e-06
-5.34564154675455e-06
-7.496809820696922e-06
-9.648185187363782e-06
-6.42869595149798e-06
-5.168893389965755e-06
-7.231368287912836e-06
-7.483499642256784e-06
-9.375563404813015e-06
-4.142043866267103e-06
-8.638306491747384e-06
-1.1013702405073115e-05
-4.581672843799774e-06
-7.401949803960212e-06
-4.618224467732575e-06
-1.0731345902385915e-05
-8.093920151746835e-06
-5.8305662188617525e-06
-1.1726229972201036e-05
-3.910856866716567e-06
-8.650257167146446e-06
-1.1302740223482725e-05
-6.921199922408327e-06
-7.111691245246352e-06
-4.454767084617203e-06
-5.447332994682104e-06
-9.97578527443414e-06
-5.9498410578976715e-06
-3.2525990906888346e-06
-9.666748488076283e-06
-1.2862495839970283e-06
-6.667075801867945e-06
-8.50685223058716e-06
-5.539663716469726e-06
-1.2477867439848249e-05
-1.1584427549857658e-05
-8.974008459601559e-06
-7.537690394990182e-06
-9.11923484875724e-06
-1.6800325912203634e-06
-6.203428250746351e-06
-6.050817763362945e-06
-3.6117187674102592e-06
-1.5109633433267089e-05
-4.883632939292886e-06
-4.069370065848438e-06
-8.90644438315182e-06
-2.2813405502039507e-06
-8.313245084698175e-06
-8.978561282784039e-06
-4.511668218791069e-06
-8.214886516085726e-06
-8.870783549992899e-06
-7.990339158695399e-06
-1.1437331907486932e-05
-4.24241257197265e-06
-4.7930333157772175e-06
-3.0032362018772617e-06
-1.3022020818313302e-05
-5.3903576573301016e-06
-9.347469899571538e-06
-9.85283323174033e-06
-7.726191630812257e-07
-9.768480145680854e-06
 1.098246292788304e-06
-1.0061179393885103e-05
-9.660101712192592e-06
-3.71580688637242e-06
-1.1776694092096177e-05
-7.770362503116466e-06
-1.68480996694264e-05
-2.7781830420138084e-06
-9.34237725834702e-06
-1.5548718894935514e-06
 1.7460463601690635e-06
-1.4301087120773002e-05
-1.2561724113867266e-06
-8.727349578322527e-06
-3.044194739730192e-06
-4.331359000546436e-06
-8.647709995786185e-06
 5.252424390751966e-07
-6.565896594411506e-07
-6.283511690655764e-06
-1.1715997646098507e-05
-7.110131720374396e-06
-9.283482276488951e-06
-2.3357791101119184e-06
-1.6852632018050644e-05
-1.1557575899620577e-05
-9.10675221403092e-06
-1.2590249762404806e-05
-3.1458147086545392e-06
-1.4844523990241636e-05
 1.0056723866054756e-07
-2.412832465899196e-06
-9.370895542230555e-06
-7.424119208155639e-06
-6.506332364329843e-06
-2.7923822375975042e-06
-7.566478222265536e-06
-1.3964387727516474e-06
-4.194758450145306e-06
-1.2272524107245022e-05
-9.116745216720498e-06
-9.968092824487924e-06
-9.101441214188592e-06
-7.458398166406418e-06
-9.682469292333463e-06
-6.810393966882994e-06
-7.650982449949491e-06
-6.770425998723847e-06
-4.93498847693731e-06
-4.9317646072124375e-06
-8.006714800744988e-06
-5.960772853142775e-06
-7.837249433173911e-07
-1.0555877179376601e-05
-3.1998962939862653e-06
-3.96076132851149e-06
-6.5740678783037435e-06
-6.049415218217479e-06
-1.133555261905554e-05
 1.0118922915909305e-06
-6.9653797519168685e-06
-5.496501489964951e-06
-1.2190398835939755e-06
-1.0355981895937196e-05
-9.558917282041743e-06
-1.2286834554348858e-05
-8.69402871255263e-06
-4.555383410730758e-06
-2.567503447249538e-06
-8.766540735560061e-06
-1.1105581996088182e-05
-4.941652044172966e-06
-1.3235659468070399e-05
-1.0773252044616325e-05
-7.405823705579425e-06
-7.00582779797649e-06
-7.73269224022239e-06
-6.5577547870099515e-06
-5.675951335546839e-06
-9.398862338245553e-06
-4.7978939504618105e-06
-1.0438255950723858e-05
-6.12908629244021e-06
-8.888211093328166e-06
-1.0389961541656955e-05
 2.8313911900542352e-06
-6.7738755930541164e-06
-3.114534793442741e-06
-1.856553817794459e-06
-1.2667963172525182e-05
-8.721987750679992e-06
-4.564953979091701e-06
-5.551827158711464e-06
-6.983116665304838e-06
-5.192688020789384e-06
-7.180941531591672e-06
-5.101978804710475e-06
-6.953846392060233e-06
 2.5575792681442986e-07
-9.333893240911083e-06
-7.992621118108771e-06
-2.9372061107368373e-06
-1.736179194368244e-06
-4.903473980322597e-06
-1.629337201901592e-05
-1.1491919993679617e-06
-1.5262096421864044e-05
-1.080216133674302e-05
 1.010481755578686e-06
-1.3112615509318263e-05
-9.052705240118844e-06
-1.2626283925849666e-05
-8.678309948382827e-06
-7.465327348135573e-06
-4.438016494772147e-06
-8.408698355103614e-06
-2.511004935451297e-06
 5.951278161588902e-06
-6.110124881719253e-06
-1.766207675503882e-06
-6.381794963189771e-06
-6.221058864080262e-06
-3.330414173377571e-06
-1.0129037424470892e-05
-3.3446987276703377e-06
 1.7507026306334987e-06
-6.366485400123276e-06
-6.2407834487849155e-06
-2.8479312418979663e-07
-5.752547412076989e-06
-4.641940704201314e-06
-8.369313928838925e-06
-9.056115554551172e-06
-7.802933960773598e-06
-9.347544597231219e-06
-7.732756127108828e-06
-1.2309394760179994e-05
-9.152764289364957e-06
-6.667357911990077e-06
 2.2706001763006274e-07
-6.4636523100107e-06
-3.203968330671869e-06
 1.0969376137540791e-06
-8.267007412514249e-06
-1.004626546229496e-05
-1.1650474363152852e-05
-4.103609636092769e-06
-8.894380148061533e-06
-1.1189015629120184e-05
-4.667245742834366e-06
-7.925867139192981e-06
-6.962347306084895e-06
-7.799502779968157e-06
-6.684463871258119e-06
-5.63270066867474e-06
-9.650895924278021e-06
-4.4597576645443125e-06
-8.256373142643745e-06
-6.428215385218502e-06
-5.615752447544792e-06
-3.7689409345958484e-06
-1.7803065021574264e-06
-1.508403555950686e-05
 2.949026357708677e-07
-3.298635685992096e-06
-1.0568369187551279e-05
 2.26972359102433e-06
-1.196023815102342e-05
-7.577044342005914e-06
-3.5620646963651097e-06
-7.000229195505638e-06
-5.778833857183585e-06
-1.219158504932486e-05
-3.6801722225929215e-06
-6.440415790448802e-06
-8.989291146651989e-06
-2.135954626862084e-06
-6.258431743669948e-06
-9.184796085549599e-06
-2.1833557613571197e-06
-1.2181951412281434e-05
-1.5140327802595781e-05
-1.783762941236524e-06
-8.858974421767159e-06
-5.785079757209068e-06
-3.911145315373858e-06
-9.107654719630566e-06
 5.527731724408571e-08
-1.1851567749581197e-05
-7.609412110796148e-06
-6.819212351407621e-06
-1.054980780855303e-05
 2.453249362588019e-06
-9.331637129385587e-06
-5.552252889080662e-06
-7.272570954577808e-07
-2.7123723133563085e-06
-6.204197195169207e-06
-9.172795543483198e-06
-5.437945998333595e-06
-1.2527061591522635e-05
-3.2873972102663575e-06
-3.85523554634805e-06
-4.229935410785865e-06
-3.4373910310269052e-06
-4.497660055554203e-06
-6.694950662353647e-06
-1.384798999649651e-05
-1.6398635259953532e-06
-1.2125711806345501e-05
-9.836946509951183e-06
-3.87826853472564e-06
-1.4887998997646071e-05
-2.9011260699986536e-06
-4.464477001139938e-06
-9.244284146763481e-06
-4.958354661209163e-06
-4.675923284527141e-06
-3.068161719928238e-06
-4.637329581422824e-06
-6.738914301184954e-07
-1.122246007827924e-05
-5.448731630629687e-06
-4.154378669530585e-06
-9.136103134447624e-06
-2.72810032252844e-06
-1.0803045325758005e-05
-6.096844238250418e-06
-5.9386618421433585e-06
-6.843475290074924e-06
-5.521380522899959e-06
-7.1846310188350325e-06
-4.993844099843419e-06
-1.7853615963341163e-06
-1.8648866549566956e-06
-1.2317901957864625e-05
 1.949400995975074e-06
-2.989433028672199e-06
-8.774123270962952e-06
-3.110385152797392e-06
-6.994109431282253e-06
 2.7618633000056917e-06
-7.433419891161759e-06
-8.273117165656927e-06
 6.073748057616705e-08
-9.439220236019212e-07
-8.6813691720341e-06
-2.650174589520917e-06
 2.754542366346212e-06
-1.0355771434781394e-05
-1.7151197955788935e-06
-9.215851170382705e-06
-8.612716639267571e-06
-5.146904892786324e-06
-2.0310504287656196e-06
-7.168019875352035e-06
-1.3760543098417604e-05
-4.696411065006065e-06
-1.3529431450305911e-05
-7.911420238062088e-06
-6.145911846911886e-06
-6.134915129619805e-06
-1.165139369945523e-06
-1.0410187681375282e-05
-3.999251757154657e-06
-6.096209896498198e-06
-6.9347831134219115e-06
-5.4737544017910696e-06
-1.0432379674972439e-05
-5.750137954031326e-06
 1.6545451439330872e-06
-8.865506111838137e-06
-3.239692244206696e-06
-1.7467427739103194e-06
-7.015069910831364e-06
-4.952042721162982e-08
-6.214689891644109e-06
-4.266616651383659e-06
-6.249785317517602e-06
-6.370744521010709e-06
-3.708208319608727e-06
-9.432881597115816e-06
 4.3503440374308695e-07
-6.568103868918236e-06
-3.959918826861293e-06
-6.702185177352765e-06
-8.613879223309593e-06
-1.3384499562986752e-07
-6.267125632520834e-06
-6.987187759029779e-06
-5.339078908457999e-06
-7.57959392544906e-06
-4.63791439049515e-06
-5.710139508642021e-06
-7.543592919970523e-06
-1.06781525850379e-05
-1.1336496763470978e-05
-4.891863203967029e-06
-1.0843301996578548e-05
-8.905564969335577e-06
-7.964325814658651e-06
-6.5547041660402885e-06
-3.049371790364789e-06
-5.030070077192469e-06
-6.134969695538058e-06
-1.1976269613164758e-05
-1.3400374581580354e-06
-4.0070507767896485e-06
-4.488653117916981e-06
-3.0525541562900266e-06
-2.468593201192101e-06
-3.4181088386178246e-06
-4.915377945806022e-06
-2.681692269294648e-06
-2.9023289107508665e-06
-2.610368693731038e-06
-4.4888887864328955e-07
-6.388855016702316e-06
-6.820804077784654e-06
-8.860664237670784e-06
-1.0752022004174114e-05
 2.761877818559038e-06
-7.248089317515464e-06
-5.934076915673483e-06
-4.104518272416067e-06
-1.2439228387570162e-05
-6.737250990912193e-06
-7.868257190590985e-06
-4.33218224972006e-06
-6.3357306059338014e-06
-9.350504370124931e-06
-5.218840393409732e-06
-1.052373909298319e-05
-6.241685647872954e-06
-3.3000615066964494e-06
-7.843514780351363e-06
-4.3942068236711365e-06
-3.1728152512897885e-06
-5.302520485010546e-06
-5.257847628123922e-06
-4.870321440680118e-06
-3.0144892790605966e-06
-8.242525544618124e-06
-3.7512089136047805e-06
-1.3576349525229781e-06
-7.874071412353512e-06
-4.716674817290078e-06
-5.477745428847225e-06
-4.9934509921792405e-06
-5.5075546304791364e-06
-7.75294968276695e-06
-4.078223341147808e-06
-1.1681417581442478e-06
-7.788623282961673e-06
-2.5357090636669746e-06
-1.4495357729392125e-05
-9.642371932010896e-06
-7.248106810801099e-06
-1.6148929881824127e-05
-4.492564180208549e-06
-1.0549393770437601e-05
-4.224334828073421e-06
-1.18512269230805e-05
-1.0474862686601027e-05
-5.938469881265374e-06
-9.34717579905511e-06
-2.3949045490979924e-06
-5.795467779820861e-06
-4.909211303867756e-06
-5.313049463977321e-06
-2.179253367629874e-06
-6.22699149763891e-07
-5.040702739895081e-07
-3.6913904948317787e-06
-4.719666618792348e-06
-3.506699953121518e-06
-1.0414010963082597e-05
-3.867772083641183e-06
-6.892796486133366e-06
-8.404103468042358e-06
-1.3053121706664446e-06
-1.597477605345902e-05
-5.205927219420932e-06
-1.006493071893349e-05
-9.90642600052912e-06
-4.5874340370433495e-06
-1.3640941674381111e-05
-4.3373272249953745e-07
-1.9060166410628886e-05
 2.2459187511880006e-06
-4.001775716228639e-07
-1.2530035474744165e-05
 1.1445498495430198e-06
-1.2697125905970819e-05
 8.746867289912391e-07
-9.331809334840251e-06
 2.4288852342415096e-06
-4.3486408230736535e-06
-1.281207344204394e-05
-6.309336669735663e-07
-1.0752555983676763e-05
-7.310590368567081e-07
 3.127527802906606e-07
-1.0968063476787563e-05
-5.954748247576912e-06
-4.1881944639506555e-06
-1.2052539532516956e-05
 1.1699194535156552e-06
-8.100820159695811e-06
-7.09811042198281e-06
 2.6842353371189372e-06
-1.583125832974309e-05
 1.2496886238745856e-08
-5.684850535151945e-06
-5.104443386584772e-06
-6.234818537352996e-08
-1.2216277928118966e-05
-2.3681642740977686e-06
-1.418827872518086e-05
-7.621908898244346e-06
-7.000232215778751e-06
-1.1138903482510644e-05
-3.0713187326163858e-06
-1.3538559111432647e-05
-8.547576460084159e-06
-8.315133162600974e-06
-6.66245964108486e-06
-5.953477993097453e-06
-7.243550334448427e-06
-1.176848571712703e-05
-1.551852049939051e-05
-2.402920071457897e-06
-1.393502021104763e-05
-5.103112424752981e-06
-4.600206953036217e-06
-6.169149175929357e-06
-1.61453864588914e-06
-9.829330536471898e-06
 3.1418910165949885e-07
-9.642174048810724e-06
-5.534925552055445e-06
-4.621171671367474e-06
-8.77865312354977e-06
-9.141311399589871e-07
-1.0680718063357841e-05
-1.222058747836395e-06
-4.467852402480838e-06
-4.1696281825667385e-06
-7.394225761933298e-06
-1.3387385795768215e-05
-2.9664820499251185e-08
-1.4817794621465e-05
-6.638389999094863e-06
-3.068961254843069e-06
-1.6588138879229315e-05
 1.5711985469138616e-06
-8.28645212448038e-06
-1.0476603576333796e-05
-3.583715782662215e-06
-9.754755515388639e-06
 4.254807418908099e-07
-1.0194070446534544e-05
-7.068424238871796e-06
 2.8839916810749874e-06
-1.348984991466747e-05
-4.642384421831512e-07
-5.511573216995657e-06
-8.45907640010663e-06
-3.912597035536213e-06
-9.42029739772168e-06
-8.00665429084675e-08
-9.274732499195376e-06
-6.071786935605221e-06
-3.7924901040510386e-06
-7.468562144836356e-06
-5.483200653394045e-06
-7.434330090116746e-06
-2.7180505468912725e-06
-1.1902779204427016e-05
-1.0442379445368034e-05
-3.6171286018561525e-06
-1.2973711940669328e-05
-6.604621442349433e-06
-1.1526284116622196e-05
-1.083499891602408e-05
-2.7535012205546746e-06
-8.882932397330598e-06
-1.217036974216492e-05
-6.683555114397985e-06
-5.961598545272133e-06
-1.0205522021665947e-05
-6.983276774665665e-06
-5.522725732909512e-06
-7.846082680470374e-06
-4.5791589863177596e-06
-6.61503960720011e-06
-1.1944017544113836e-05
-1.7325974084344896e-06
-7.089371254685571e-06
-9.016182109743667e-06
-6.04849923207544e-06
-1.2459351235799257e-05
-4.023612652316051e-06
-6.441103155327336e-06
-3.751938789548326e-06
-2.347679967268284e-06
-1.51070963353537e-05
-4.762144559338318e-07
-5.807325693556819e-06
-1.0689973405185443e-05
-1.2002157342425893e-06
-1.6269374419152817e-05
-4.798946460424555e-06
-5.363554838678684e-06
-1.4206481872498635e-05
-7.610128243759061e-06
-1.255341337331026e-05
-3.9027051859156346e-06
-6.835586344013645e-06
-9.161591193790589e-06
-2.7565595581735736e-06
-8.948130862782446e-06
-8.985165211225584e-06
-2.9358440485766003e-06
-8.365935007187637e-06
-4.375237636949952e-06
-6.45771208504112e-06
-6.715237753435685e-06
-3.4861293371868038e-06
-7.888834454223945e-06
-8.134381544561425e-06
-9.38237615130252e-06
-2.8674630165992887e-06
-1.1150379354013458e-05
-3.250178903012347e-06
-5.3215720380077245e-06
-1.422856057545505e-05
-4.518616440063792e-06
-8.543830251933882e-06
-7.0925285314792814e-06
-8.456841154175974e-06
-9.536120362924998e-06
-5.009687127602994e-06
-8.823705850784131e-06
-1.184183551775353e-05
-1.5877944230960119e-06
-4.643803226689909e-06
-9.812904587408077e-06
-7.978197219469934e-06
-9.852813810225209e-06
-7.901778435421997e-06
-9.730806428697816e-06
-5.532268650733065e-06
-1.6215560347758994e-05
-7.3153482574597645e-06
-4.875220290229434e-06
-1.1423854938282623e-05
-1.5130964582389498e-07
-9.14075557600136e-06
-6.829800898006531e-06
-8.34438881254707e-06
-4.29891478606486e-06
-9.869780769687228e-06
-1.0140409979986852e-05
 1.1192406785809799e-06
-1.3988424199447159e-05
-5.683186854618644e-06
-6.918278256699415e-06
-9.298381983084074e-06
-8.787237769650388e-06
-1.44705939960797e-05
-3.868589610652298e-06
-7.051670503907071e-06
-1.1917364237847763e-05
-4.708116701871309e-06
-8.994338010194997e-06
-1.194469541785182e-05
-4.359268312809313e-06
-6.640391446244778e-06
-9.310480073231589e-06
-3.0344801551709923e-06
-1.1106532057587709e-05
-3.1667457994655584e-06
 6.318308185491306e-07
-5.542501690642082e-06
-2.950780900321018e-06
-5.758277504417865e-06
-2.107418823700137e-06
-1.587161373279401e-06
-8.168010477535032e-06
-5.0109098528580735e-06
-1.1683452709907577e-05
-1.0900072991961238e-05
-6.257030301426488e-06
-1.5165606702086307e-05
-6.277094817537135e-06
-9.08508731902149e-06
-8.983809855680962e-06
-5.976626913671481e-06
-1.02120825044096e-05
-1.0642970397380893e-05
-1.1430997019240436e-05
 3.236134448619024e-07
-7.211390744847928e-06
-6.539597475840799e-06
-6.63844648001091e-06
-9.116695782862497e-06
-2.0198043724065724e-07
-6.9397767986236085e-06
-9.484679636030227e-06
-2.3012099620881812e-06
-7.033050263719668e-06
-1.2220129104929174e-05
-1.0559773254689298e-05
-1.4595334630144393e-05
-3.5606925456077512e-06
-1.1951039198202529e-06
-3.544331672514893e-07
-7.763285356134313e-06
-1.3676995776751518e-05
-2.7544532301199763e-06
-1.4039844002827343e-05
-5.328665842835035e-06
-8.026206565662948e-06
-1.2918468786513188e-05
 2.104013578855143e-06
-9.31463924142587e-06
-8.877754607825737e-07
-6.210660145537906e-06
-1.5938054687189346e-05
 4.709575093556951e-07
-1.2998073965922639e-05
-9.672797719841225e-06
-1.9247725334438592e-06
-1.2876252919161072e-05
-4.238154095378629e-06
-9.372382899187598e-06
-8.569800352131319e-06
-8.221810062815881e-07
-8.865521590462394e-06
-3.733992786411989e-06
 1.3529480312992369e-06
-9.819688567957777e-07
-7.1075015920943866e-06
-1.1824656058538616e-05
-5.433568776463975e-06
-1.3520369291768747e-05
-8.704067956277912e-06
-5.774007413403978e-06
-8.096024754818162e-06
-1.0346751747804198e-05
-6.9834405484554615e-06
-5.857179894551633e-06
-7.825839623310011e-06
-8.085028023749494e-06
-1.024475103858724e-05
-7.1139201129269495e-06
-5.749900588729629e-06
-7.841300982896804e-06
-4.92387858685413e-06
-3.0319530418804994e-06
-3.2538567915563854e-06
-2.906844667159427e-06
-3.883259772455338e-06
-1.091620770472155e-05
-9.597028060038249e-06
-7.608702816023721e-06
-5.2473967932008015e-06
-8.785621243496458e-06
-1.2620206471942714e-05
-9.279136546400904e-06
-5.6212246916935035e-06
-1.0628229805777344e-05
-3.993705505023792e-06
-4.2943652498140795e-06
-7.420732101542059e-06
-5.853164944428109e-06
-7.557298713197929e-06
-5.692708711304924e-06
-7.684370682954647e-06
-5.816513581169412e-06
-1.3384809865891594e-05
-5.628871557206182e-06
-2.0858702392994862e-06
-1.3343233603001103e-05
-6.032661757462757e-06
-9.138525176969718e-07
-3.5608825949683758e-06
-5.73292189998338e-06
-5.418777860338004e-06
-8.68288653810451e-06
-9.56158864196441e-06
-5.400252043771798e-06
-8.094720775607355e-06
-4.9304343857889095e-06
-9.33795675106647e-06
-1.1159850312261869e-05
 2.6219922396988563e-06
-1.1452460696839858e-05
-1.7799922621848028e-05
-2.012564061245769e-06
-9.423874417171474e-06
-6.144863315865352e-06
-4.607085011719916e-06
-1.2114600484539095e-05
 6.06935922317857e-07
-7.740158492576985e-06
-5.763593508651585e-06
-2.3860996206806064e-06
-1.2739298408034371e-05
-7.760759424404784e-06
-1.6003658825733124e-05
-1.1009293300157865e-05
-8.153048465625994e-06
-3.988773246313997e-06
 7.751803916552173e-07
-1.1881795586243105e-05
-8.48299295582623e-06
-3.667396597210615e-06
-7.899213246483436e-06
-5.62979539231688e-06
-1.0707007516150567e-05
-3.945707447555353e-06
-4.772690018610667e-06
-1.2482955726242277e-05
-4.45615999891143e-06
-6.31670852706686e-06
-4.505920979317103e-06
-1.0191825696360602e-06
-3.4485245194528876e-06
-6.110018536981434e-06
-4.544413067272587e-06
-4.870005477081789e-06
-1.768204186836117e-05
-3.162765674813311e-06
-1.083097770560036e-05
-9.408416553090393e-06
 2.623519764410396e-06
-1.6548018749976342e-05
-5.602415396932623e-06
-1.0077386563400739e-05
-1.0918578364230248e-05
-6.4613842228868395e-06
-1.2247712320812735e-05
-5.208087694674237e-06
-1.4149414234418567e-05
-1.0800074003655392e-05
-6.2422009095169314e-06
-1.2862453318037286e-05
-6.7915161448159166e-06
-5.867781271604311e-06
-5.3258216325491455e-06
-8.88934832304327e-06
-9.548787090672323e-06
-8.545710228105443e-06
-9.19278069899073e-06
-5.445744862596213e-07
-9.499035036349788e-06
-9.310549169375792e-06
-5.261770998756186e-06
-3.0032681427876665e-06
-6.330920963232749e-06
-4.596071883560236e-06
-4.2719609988485035e-06
-1.0231073648639766e-05
-5.1062177417523425e-06
-8.44915097748382e-06
-4.711717952003233e-06
-9.784256030979776e-06
-1.3985250745903035e-05
-4.988323687912832e-06
-8.370625612147893e-06
-4.884644609257084e-06
-5.89773581229616e-06
 7.088919814472435e-07
-3.6867596990227734e-06
-1.702152648427392e-05
-1.4549597071485934e-06
-1.3444694121618963e-05
-1.2006940986838538e-05
-1.9919669194908748e-06
-1.575880830104422e-05
-6.443513422995021e-06
-1.2049711444787425e-05
-1.0859609616949215e-05
-3.4343359586420735e-06
-1.1334546471918805e-05
-9.081553101266419e-06
-2.936654762171124e-06
-6.372129651380574e-06
-7.63280581274986e-06
-5.485156258624788e-06
-5.4221796278018415e-06
-3.0700100829173343e-06
-6.373956315274841e-06
-7.7220967462032e-06
-8.357706904929925e-06
-7.025526552639679e-06
-3.736744430217996e-06
-1.0932541658416697e-05
-7.044151733013417e-06
-5.596928409694097e-06
-2.8818341750813457e-06
-6.484941250349091e-06
-4.526910099707274e-06
-4.431938668863975e-06
-1.0016230144682399e-05
-2.4690600978854626e-06
-6.7608079562019684e-06
-7.173285629257125e-06
-3.180031253380299e-06
-6.290649118082274e-06
-1.0897508463987461e-05
-9.276588829772805e-06
-3.0522000623763433e-06
-9.004422668255775e-06
-6.752548752250379e-06
-3.854661990550173e-06
-1.1169372211243768e-05
-9.235537811653426e-06
-3.0487055309756368e-06
-1.2387721952655847e-05
-1.3142718205311696e-05
-3.2240508230285085e-07
-9.793143370160378e-06
-1.2210880438470626e-05
-9.904605256044703e-06
-5.180981106720653e-06
-1.1794394820077506e-05
-8.312072730242243e-06
-4.602847346942628e-06
-1.225744478936236e-05
-2.6740506566232825e-06
-1.180653764482303e-05
-6.122864950496645e-06
-7.289333478366626e-06
-8.776014379888112e-06
-1.5727555940336658e-06
-1.3738036304807342e-05
-3.152964547542778e-06
-2.7528711203363155e-06
-9.929922768629321e-06
-2.8676274365309155e-06
-9.090995214391064e-06
-6.989021659870465e-06
-9.579888503597964e-06
-1.404925981182844e-05
-2.3346656932703554e-06
-9.472528854276149e-06
-6.6420598108661115e-06
-9.963932602676568e-06
-1.3523553075821367e-05
 1.0038350088820639e-07
-4.400971830393948e-06
-8.649671282449318e-06
-1.2613478946406855e-05
-4.307914716546227e-06
-7.051204270836493e-06
-9.756743369730646e-06
-8.661512243423584e-06
-1.2451191163700258e-05
-7.80593044454129e-06
-1.3478154530890204e-05
-9.18803142828754e-06
-1.1680128788065573e-05
-1.110484647217987e-05
-3.3407526514477426e-06
-5.063580425962859e-06
 1.3796129214446288e-06
-9.741578650230942e-06
-6.275012236960768e-06
-1.1961376623859555e-06
-3.423665786441839e-06
-3.3212710702736854e-06
-3.5722655347840347e-06
-8.897902523921659e-06
-6.938383786682837e-06
-6.967409765105716e-06
-1.516241044028834e-05
-6.747902878600056e-06
-8.993940766007656e-06
-6.6864587286241155e-06
-4.18220184573123e-06
-1.058963717658988e-05
-7.860078043529265e-06
-1.0522120817248613e-05
-4.470327935416707e-06
-4.088671002856936e-06
-8.329940970124789e-06
-7.575178530636884e-06
-2.78647769666717e-06
-7.000466581798199e-06
-9.78333434825485e-06
-5.66114405017481e-06
-7.994147824133095e-06
-2.51428423998584e-06
-4.0309196080932395e-06
-2.4189831841362927e-06
-2.0274538911237547e-06
-7.974718622815751e-06
-3.295644214322813e-06
-1.4699555727155135e-05
-1.040399464307127e-05
-7.540516524811151e-06
-1.9747931570856404e-05
-2.9833514695303495e-06
-5.553538013241562e-06
-1.2256699490209798e-05
-8.068388453390873e-06
-1.0225974620279065e-05
-5.062612744600538e-06
-5.9709192656459335e-06
-2.4441357233623015e-06
-1.6469955178489424e-06
-5.933050574563217e-06
-2.5869206290184182e-06
-1.580201493645969e-06
-9.17800779884844e-06
-9.737347243346675e-06
-5.251500011346177e-06
-3.0353843319783406e-06
-4.040875289783031e-06
-8.205876574974355e-06
-5.257249870878054e-06
-6.0755173612531225e-06
-8.633333866932896e-06
-1.28429537506116e-05
-3.9979780454493454e-06
-8.144465861508294e-06
-1.668591097603756e-05
-4.59618314651212e-06
-8.976297788087853e-06
-4.207272523154747e-06
-1.667569232064283e-06
-5.9751012283271355e-06
-5.763795891890782e-06
-8.798004036372046e-06
-1.3037452174048442e-05
-9.422278236643515e-06
-5.61069084188252e-06
-5.523578421541491e-06
-3.1347879292021527e-06
-3.517754951301885e-06
-3.406758849590109e-06
-6.3278110764436205e-06
-4.778946108809271e-06
-1.4947143821832547e-06
-8.841861388625075e-06
-4.54527663860903e-06
-4.365499289072524e-06
-1.0859249753148615e-05
-7.005544166068199e-06
-3.64656772820608e-06
-8.551832020895231e-06
-4.994852834334737e-06
-9.694776620943321e-06
-1.150895952122576e-05
-3.2234023950553725e-06
-8.499053644193672e-06
-2.2917679113027728e-06
-4.274438964218284e-06
-2.5490747215120593e-06
-7.966039547191307e-06
-1.4050044846522764e-05
-2.717678409900002e-06
-9.012390194582987e-06
-4.68018379374031e-06
-6.693354560039765e-06
-4.462321297574045e-06
-1.798845093685793e-06
-8.81485826416419e-06
-1.0618654239880762e-05
-1.0019710031035466e-05
-8.139756756221712e-06
-7.545332001507398e-06
-3.220835731543093e-06
-6.071170057520969e-06
-2.8367311845203035e-06
-7.07647924950808e-06
-1.0124225373192529e-05
-1.1382640280100593e-05
-1.4577673545798548e-05
-7.491284148937385e-06
-7.85865710751139e-06
 6.75816295594163e-08
-1.967481131348017e-06
-1.4160739872316544e-07
-2.6354150844510356e-06
-7.581003129087292e-06
-3.849826676665442e-06
-1.0798171509234988e-05
-1.8178685882888609e-06
-5.2590853098945635e-06
-9.69191107225245e-06
-3.2632569435621948e-06
-8.866569021111262e-06
-4.492329754109946e-06
-4.733887784387818e-06
-1.3205511597028524e-05
-6.844683812013504e-06
-6.564700111425991e-06
-7.159194899630716e-06
 1.938447928496841e-06
-8.476459343448552e-06
-1.3813112129876032e-05
 5.059885850329042e-08
-7.5826409123241445e-06
-6.751228511139456e-06
-4.248027645902572e-06
-7.705041409246185e-06
-3.5938368025557532e-06
-1.1609890487863591e-05
-9.446389221307371e-06
-8.942948891615005e-06
-1.250601134757442e-05
-4.688174658527014e-06
-6.877783065385757e-06
-7.120892194020435e-06
-4.292267126201025e-06
-1.3314654417638862e-05
-4.173152471668551e-06
-1.0755808507169246e-05
-1.5929623058841136e-05
 2.9505481992209594e-07
-7.8571186267402e-06
-6.060101015037404e-06
 3.5233686687384445e-06
-4.5676585717997305e-06
-5.91687301308487e-06
-1.1365539542793735e-05
-6.178382226464646e-06
 6.630248601905778e-07
-1.228850672690983e-05
-8.585477772059975e-06
-4.338520003995215e-06
-1.0425458213051924e-05
-5.737175487426121e-06
-1.4022157775318952e-05
-8.806417075156025e-06
-6.441287138402123e-06
-4.455981557696825e-06
 8.806817958330278e-07
-3.529731061812791e-06
-1.5284935368936042e-06
-1.1865058488076052e-05
-6.3620614350084886e-06
-7.709879759195188e-06
-1.4646845553613275e-05
-7.997757786054185e-06
-1.3296681748163391e-05
-6.760798564926135e-06
-3.5514868643871546e-06
-6.903844690380885e-06
-1.5835627737524884e-05
-5.914561474465647e-06
-4.771089543433847e-06
-4.05448869478545e-06
 2.6029954530445317e-06
-1.1999354015146113e-05
-6.828964530297971e-06
-9.450359429535625e-06
-9.54380007407349e-06
-9.115849816799711e-06
-8.971862199496499e-06
 1.3234772208828828e-06
-9.688044820687146e-06
-4.159442306863404e-06
-8.091023714820271e-06
-1.426680664751473e-05
-5.610611546315819e-06
-1.4057634271533842e-05
-8.800092693473792e-06
-6.867532224632216e-06
-1.3047423034397621e-05
-1.0086590571361614e-05
-7.637257477650891e-06
-6.302872220719706e-06
-1.0586045371298373e-05
-5.1810904519364945e-06
-9.11866655069963e-06
-7.345996693196273e-06
-9.288505397862383e-06
-9.373489745454653e-06
-3.5308608648400604e-06
-5.711766323332206e-06
-3.879025815714348e-06
-1.13832067531715e-05
-6.9783789428234685e-06
-6.5878542159910985e-06
-7.797753954633994e-06
-9.178269611857624e-06
-1.2291049224401156e-05
-5.398955660951423e-06
-8.580821276111656e-06
-5.380410306153786e-06
-8.904692973393354e-06
-4.660776429931181e-06
-7.46466394348239e-06
-9.179592872634151e-06
-1.2968875764839515e-06
-8.953098261781406e-06
-5.165373003145426e-06
-9.405546466362081e-06
-9.704911042519117e-06
-5.746514133267042e-06
-5.952097195616138e-06
-1.2101196526098983e-05
-1.3897751691718711e-05
-3.0201256820811948e-06
-1.206999120823167e-05
-9.364518221646107e-06
-1.2068340071198923e-05
-1.421215374723252e-05
-8.161376164546442e-06
-1.0449801237954095e-05
-5.153602646953295e-06
-6.549240014294223e-06
-7.866505840368289e-06
-2.8501856824024967e-06
-4.429742931300328e-06
-8.191600220402655e-06
-5.6655101073839614e-06
-5.733144644026182e-06
-3.538976746349775e-06
-9.229455226721262e-06
-7.10351096127535e-06
-7.134597183362917e-06
-1.2331672079043975e-05
-2.8945487416492292e-06
-1.2305796736265552e-05
-5.650357470267062e-06
-3.2201965336689118e-06
-1.5362537652547263e-05
-4.411838362758838e-06
-6.955694533704214e-06
-7.865420143024333e-06
-8.65452664355236e-06
-7.752842457261671e-06
-8.98722045138511e-06
-1.0016938562777722e-05
-8.915043285900262e-06
-1.2402865888868572e-05
-2.588426155227651e-06
-9.93864518434349e-06
-6.277014336366173e-06
-5.47990859446346e-06
-1.4797252432112472e-05
-2.3565278497638187e-06
-1.0031941803844907e-05
-9.481827773152782e-06
-8.970430249885131e-06
-6.949187539568865e-06
-4.544903858945149e-06
-1.0424464547868989e-05
-5.940749162910148e-06
-1.066424207625311e-05
-2.7402926292520665e-06
-1.2656924803903442e-05
-5.164345847522314e-06
-4.384419507247988e-06
-2.2225035851382726e-05
-3.6458695539365606e-06
-1.332040958605469e-05
-1.0313023773187826e-05
-5.047801258826852e-06
-1.2152686015363099e-05
-6.720986995668804e-07
-1.2528597233410753e-05
-5.929475691542603e-06
-8.858852587097551e-06
-2.1784052985368e-05
-3.5361522556992035e-06
-1.1146294514039128e-05
-1.2883352819249794e-05
 1.0109213709928534e-06
-1.5012532022072469e-05
-5.375197865150589e-06
-6.239520366078238e-06
-1.7113415112737868e-05
-4.525991331299224e-06
-6.775258507353491e-06
-4.9394972071803185e-06
-1.451956972626585e-06
-6.705134107946033e-06
-5.07961526866405e-06
-4.506577474426611e-06
-1.066564934353228e-05
-2.3958920046215443e-06
-7.709492686884275e-06
-6.273630495910187e-06
-1.3258784127589782e-07
-1.3680258567963118e-05
-1.7161359888821876e-06
-7.790070965955468e-06
-9.712840979556799e-07
-4.675017423690224e-06
-1.3185180068322058e-05
 3.3690240716175624e-06
-1.5042782857460114e-05
-6.502066086992076e-06
-1.5335624207454125e-05
-7.265476482535678e-06
-6.695613566723174e-06
-1.568437873243511e-05
 1.033598831078111e-06
-2.0276888085286842e-05
-7.173968511032196e-06
-1.154545059584364e-05
-1.2134557179868468e-05
-4.405792090152173e-07
-1.840471784837367e-05
-1.0174316233498613e-06
-1.1800985698248025e-05
-1.260493096717902e-05
-2.07423559318286e-06
-1.3515593987609184e-05
-1.575333708855965e-06
-5.784923924138493e-06
-9.404401800259327e-06
-1.2837953417311699e-06
-9.17842946682049e-06
-1.7244210757656628e-06
-1.1113116890313208e-07
-5.9756309232046614e-06
-3.821817512813534e-06
-8.689159152497558e-06
-2.3340950485719718e-06
-5.443221108313628e-06
-1.278165466204316e-05
-5.1138451841450684e-06
-9.737955881706094e-06
-1.2225156115980094e-05
-2.3416266153772594e-06
-5.315067024765513e-06
-1.2949818312307e-05
-4.9427296934752695e-06
-9.915212456265919e-06
-1.2238475659799966e-05
-8.380393640354981e-06
-7.391118767397229e-06
 1.953696651917063e-06
-2.8113324396745357e-06
-8.541251242784196e-06
-8.447515319970813e-06
-1.120112926343133e-05
-1.297169894323847e-05
-1.0044533936687302e-05
-5.1376835465099615e-06
-1.3597844586115053e-06
-1.0173417807315315e-05
-1.172004825844555e-05
-3.662421385195051e-06
-1.4766090515988714e-05
-1.1158821091842725e-05
-6.670375948166259e-06
-1.0275929883067272e-05
-2.8232384279162843e-06
-4.333873259930405e-06
-9.179474047851142e-06
-9.61920310285015e-06
 2.0555587880666893e-06
-8.73733074642514e-06
-1.1458393897490894e-05
-3.8214336608638475e-06
-8.505347849162364e-06
-6.065090254226045e-06
-1.1245837232863975e-05
-7.67674594836669e-06
-1.1845492904848218e-05
-9.153770704891439e-06
-7.331322781740206e-06
-1.528088344633891e-05
-7.770744838415175e-06
-1.3983944278721455e-05
-6.286878990630513e-06
-5.004991695575964e-06
-1.0629768245850551e-05
-1.1594489573601824e-05
-1.467156323635843e-05
-5.247496692403227e-06
-1.2246131118916722e-05
-1.209333917663434e-05
-1.135129357831482e-05
-9.258458242158395e-06
-4.514648826756638e-06
-1.3112158715271675e-05
 7.239163157169705e-07
-6.212832225560585e-06
-6.236699686315871e-06
-2.142120876774561e-07
-1.1072563388004206e-05
-2.572657282108006e-06
-7.389715818277215e-06
-7.615904486692724e-06
-9.872678400133044e-06
-1.7835427368186122e-05
-9.187607514918736e-06
-6.053301398259255e-06
-3.1051881351438984e-06
-7.686281579247734e-06
-1.2569962937668394e-05
-8.58467083066892e-06
-1.3135535576598015e-05
-4.544127660484092e-06
-4.642465758317415e-06
-8.46767304235011e-06
-8.607368385911107e-06
-1.1027696419725463e-05
-1.0351288247008805e-05
-8.216250331450843e-06
-5.150658280650864e-06
-1.9556741730453544e-06
-1.5004964325996547e-05
-1.0964889208141334e-05
-7.3317624013020055e-06
-1.524245116557125e-05
-4.651258304874805e-06
-7.124330347467774e-06
-7.92244734321889e-06
-9.24830577956131e-06
-1.31888801379974e-05
-1.3271623854972089e-05
-1.2365768902537153e-05
-5.160911006779652e-06
-3.7967262900680467e-06
-3.779808993915896e-06
-6.671667370060536e-06
-8.39010251496293e-06
-8.534904133657465e-06
-8.088907876709345e-06
-5.935353488731404e-06
-5.942027497221543e-06
-3.459685833987749e-06
-7.123122653568296e-06
-1.0616699808550611e-05
-8.394555471907516e-06
-1.1007835898588902e-05
-7.702467202845425e-06
-9.378298144129928e-06
-1.295857226390362e-05
-1.075775748956489e-05
-1.3423446850727812e-05
-1.2899935229093638e-05
-9.848143256772968e-06
-3.3925648578476215e-06
-9.489526729308035e-06
-4.258493273676114e-06
-2.822642707876226e-06
-1.0898126190769439e-05
-8.678766800219572e-06
-1.3198572723661685e-05
-7.964222686846917e-06
-1.4125015802908696e-05
-6.101333846769814e-06
-5.848510171251834e-06
-1.4818914030522425e-05
-2.8466301596010383e-06
-1.2678129195556937e-05
-8.867143752694805e-06
-7.389633562269123e-06
-9.551652446163947e-06
-1.323327145601269e-06
-6.415098442974381e-06
-3.763977888500835e-06
-8.670738653592261e-06
-2.8747868521498376e-07
-1.1234174351328149e-05
-7.514075699468509e-06
 1.4045461350259408e-06
-1.9402261046213723e-05
-8.622027076911112e-06
-1.2717781912353638e-05
-1.1038666042859894e-05
-4.762936886407374e-06
-1.6186410385287527e-05
-6.585143388035496e-06
-1.0736218017342127e-05
-1.666538918416765e-05
-2.3634162570555295e-06
-7.497077160135299e-06
-4.53001614981029e-06
-2.542608259826697e-06
-8.251565388036359e-06
-3.7214250557557156e-06
-8.917603434014348e-06
-2.513339719965853e-06
-5.168733109794824e-06
-7.879072454730296e-06
-6.802311491458666e-06
-1.0568445540334135e-05
-5.928206790175548e-06
-1.1680366094490638e-05
-6.903289197747136e-06
-4.745040357866905e-06
-1.076446601777143e-05
-2.616534902267979e-06
-8.144347622674781e-06
-1.1839304988242506e-05
 2.185377146138896e-06
-6.083714915588547e-06
-9.837528710832123e-06
-3.667740471721264e-06
-6.1964486854594645e-06
-3.8138387036506464e-06
-1.2486941717204427e-05
-1.149404292840589e-05
-6.981985917535904e-07
-5.025131492859018e-06
-1.1440064220962407e-05
-9.978836957636638e-06
-6.3065448988595255e-06
-1.1318923279208176e-05
-7.688946348478002e-06
-9.2199909638557e-06
-7.37374497939445e-06
-4.275160102677296e-06
-8.728299258958494e-06
-8.786748581328334e-06
-1.0500729258553926e-05
-6.095412070097691e-06
-1.4376961833583248e-05
-5.852828938185313e-06
-3.4838730956532726e-06
-1.556424609410305e-05
-5.0340104598692976e-06
-1.241581007040376e-05
-6.03039923663447e-06
-3.3349722681069e-06
-1.582810791683558e-05
-4.363946129172462e-06
-7.752905468913926e-06
-6.844761061954962e-06
-2.693647107728682e-06
-1.6801407182176123e-05
-8.67034204427233e-06
-4.4993344929498336e-06
-1.1805420428949455e-05
-1.2503151127523963e-05
-5.572929464622531e-06
-1.258625176214325e-05
-1.4591356884820595e-05
-7.813723957332216e-06
-3.022644651582835e-06
-5.180559470925957e-06
-1.0546773077314655e-05
-6.1995724067732115e-06
-1.1197190507490869e-05
-5.167126964299387e-06
-1.020950982397545e-05
-1.2000829957378282e-05
-3.323627794714511e-06
-6.770047969701929e-06
-5.885388869967181e-06
-9.515765373406217e-06
-1.0000625362687276e-05
-3.2225322264868994e-06
-4.419152166543394e-06
-9.180766824530874e-06
-7.5236060368635955e-06
-4.496290515569179e-06
-1.4178287470169075e-05
-6.473150861139225e-06
-5.2903810755776725e-06
-9.927499871271823e-06
 1.665648731596205e-06
-8.217963803690107e-06
-7.213838377845497e-06
-1.0611532726830984e-05
-1.385488935509788e-05
-4.577498207501341e-06
-2.1989103022991145e-05
-7.077492500609368e-06
-3.6639095985574723e-06
-1.2627938174480787e-05
-3.5075277103929155e-06
-1.5374947086633262e-05
-1.3724360996452108e-05
-6.185820204100009e-06
-8.513174639686626e-06
-5.89107470848642e-06
-3.150321921022654e-06
-2.368322124639596e-06
-8.50799243737015e-06
-7.381383579376415e-07
-7.527109318388541e-06
-2.1187301676523047e-06
-6.331457697781026e-06
-1.1854815892756763e-05
-1.3162560499785392e-06
-9.609050274281526e-06
-8.0719511377687e-06
-8.51472180433749e-06
-3.139664918051208e-06
-1.0748040646750429e-05
-1.4278280282913143e-05
-3.0655784806077646e-06
-6.883108065534847e-06
-2.8274288912920943e-06
-5.2436426846507495e-06
-7.622723028830508e-06
-1.7697839325433089e-06
-1.2454058736773076e-05
-9.352228344927501e-06
-7.320380711735766e-06
-1.603278973457752e-05
-6.362618741489762e-06
-2.6292904723339543e-06
-1.4592584510139156e-05
-1.201118902623145e-05
-8.983362283228323e-06
-1.3692492561610716e-05
-1.3020323090428883e-05
-1.3427277225640375e-05
-1.2999187711876422e-05
-1.0270069504804972e-05
-2.600077020056129e-06
-2.8184705730897957e-06
-1.1316588676526026e-05
-5.143618436892259e-06
-7.391252599539431e-06
-1.0694815057676637e-05
-8.386441829532026e-06
-5.491569697291525e-06
-4.658139426953947e-06
-1.1275366111461256e-05
-5.119413948521313e-06
-7.3769909865055905e-06
-7.57657265321781e-06
-4.438471461964243e-06
-8.403015361025124e-06
-3.731027645777049e-06
-9.326586218529845e-06
-5.245507957748054e-06
-7.285981233425787e-06
-7.896671574140466e-06
-6.661506694232233e-06
-5.239990331793373e-06
-2.2140521852801246e-06
-8.898826467057023e-06
-3.021436123447308e-06
-7.880515443268824e-06
-1.307066536115638e-05
-7.834362738688731e-06
-6.393750976340103e-06
-9.13571787916249e-06
-1.0838454961634888e-05
-8.26659253807277e-06
-8.773045573619535e-06
-5.1832279159253745e-06
-2.1209711717195035e-06
-1.255926460209815e-05
-1.1989278805501784e-05
-6.539454357955187e-06
-1.4083191069036292e-05
-6.510997198256357e-06
-2.6719457251197954e-06
-1.4551310418003161e-05
-8.833196286377948e-06
 1.0652885786826707e-06
-4.888085902354315e-06
-3.2829479400944105e-06
-7.777539437868972e-06
-6.785101092248399e-06
-3.498137869036409e-07
-1.7423887317954056e-05
-8.46961055073473e-06
-8.009927664011948e-06
-1.2251990850078319e-05
-3.769957993574785e-06
-1.2100103237114166e-05
-7.009566462851067e-06
-4.645886918149261e-06
-8.91693599792906e-06
-1.1426846387013715e-05
-7.0683896345705735e-06
-5.477708546077209e-06
-1.5455816101629763e-05
 6.604390903344446e-07
-6.658914708445049e-06
-9.359950841641513e-06
-5.185426759460197e-06
-1.599731148796989e-05
-4.2679940325661196e-06
-5.310253908133225e-06
-8.185387913933694e-06
-9.883689611480931e-06
-1.5206192823215499e-05
-5.0409513796000445e-06
-7.132162518386063e-06
-5.447327822010619e-06
-7.741035601441694e-06
-1.2725009852942602e-05
-2.9609323463430773e-06
-7.447554192414884e-06
-5.06356252676395e-06
-5.167446707630436e-06
-7.664853543840312e-06
-2.0992080959422255e-06
-1.1772340249298115e-05
-5.172215347979678e-06
-1.001263235745903e-05
-7.2585388266320865e-06
-1.0876488808040633e-05
-1.675119727658257e-05
-2.899218511962711e-06
-1.0248656938642685e-05
-1.0061533088811674e-05
-9.393183417062527e-06
-1.3394524548246145e-05
-1.0485502503771541e-05
-8.567338589923129e-06
-1.1873208877580811e-05
-1.2431615947567673e-05
-6.40644932423267e-06
-1.7365782872003973e-05
-1.061845312951272e-05
-2.4711849744471784e-06
-1.4433147115501732e-05
-6.552153421931791e-06
-2.412792309867048e-06
-9.089743637450082e-06
-5.667464307769723e-06
-7.030694959999399e-06
-8.220673606896783e-06
-3.463723710758039e-06
-4.498418861782794e-06
-6.328486138759896e-06
-6.617674953371261e-06
-8.703444959420053e-06
-5.904145005940918e-06
-6.666848745984184e-06
-5.90026264208204e-06
-3.8671848090619235e-06
-4.318802975335962e-06
-9.502148028029238e-06
-7.609332400792901e-06
-4.394022962960935e-06
-9.032868934762793e-06
-8.811742515411382e-06
-1.1017401030697655e-05
-5.374493486529074e-06
-7.504544130488413e-06
-1.0537396502997059e-05
-6.316838300602236e-06
-1.1849968341666934e-05
-1.0380600227592964e-05
-1.1886767738400146e-05
-1.250695112343279e-05
-5.958336163998609e-06
-9.305544980263667e-06
-8.084513814936081e-06
-6.534985569579896e-06
-9.000979910881449e-06
-8.291867646700378e-06
-6.408499489056392e-06
-8.95093519607479e-06
-5.5864157708514915e-06
-7.482494408706438e-06
-1.0370236031385487e-05
-3.7232593014415693e-06
-9.553875438118519e-06
-5.125223067632231e-06
-8.157908183308486e-06
-1.5615133519402056e-05
-1.0684515244744612e-05
-1.3891525643133925e-05
-9.724787954877973e-06
-3.817187163956864e-06
-6.918370305362992e-06
-5.751308671021969e-06
-4.241374678130535e-06
-3.2750934986207766e-06
 2.5200341772819485e-07
-1.0258612916349815e-05
-7.017273076497908e-06
-2.243900194648191e-06
-9.472763642183684e-06
-8.039975203875575e-06
-3.4803105791120827e-06
-4.96102538197519e-06
-1.16420984503764e-05
-1.0794195379145234e-05
-1.110867774152933e-05
-8.036192611343174e-06
-6.559317956421229e-06
-9.195065706742545e-06
-1.1032715211812716e-05
-8.258969717978957e-06
-5.8436801147288745e-06
-1.5803571228076106e-06
-1.0482330089554252e-05
-9.755017750314714e-06
-1.0227739892809234e-05
-1.1548559883888848e-05
 4.1493940978624495e-07
-1.854524315382127e-05
-1.2986100572789033e-05
-4.245710498947764e-06
-6.1461240747974385e-06
-4.137437135833817e-06
-6.716587700044251e-06
-5.938943566979017e-06
-1.1154705384051109e-06
-5.644695301672808e-06
-1.0548591626321284e-05
-3.69085212266705e-06
-9.673492642982883e-06
-4.966093620316282e-06
-5.398895332000348e-06
-1.0833846281870144e-05
-6.146417368564333e-06
-9.10409995756373e-06
-5.541369675840272e-06
-4.4489884809959335e-06
-6.4385258748835484e-06
-6.7665869358990055e-06
-1.179828877093957e-05
-1.0293984544331144e-05
-9.438316175147966e-06
-1.3187343140797529e-05
-5.313346855543215e-06
-7.481952649012769e-06
-1.1147922856498385e-05
-1.1098917665799878e-05
-7.978458044855172e-06
-6.869387459851989e-06
-8.451981811742473e-06
-6.770332855572224e-06
-1.1188550848787411e-05
-2.5533418118995773e-06
-5.930766703480273e-06
-1.0184522167369779e-05
-4.499754765105251e-06
-1.4261948291997539e-05
-4.369496643325659e-06
-8.93904056446247e-06
-1.4470502163782411e-05
-3.66707025591653e-06
-9.278041219768082e-06
-3.0066378992774898e-06
-8.172963795030245e-06
-9.889876149118274e-06
-1.3388624998747752e-06
-7.732348046322536e-06
-7.828353645798469e-06
-4.582142167781699e-06
-1.1707893225809318e-05
-4.882973379946359e-06
-5.429128154329149e-06
-1.1037607015524913e-05
-8.914805914176505e-06
-1.085596105643291e-05
-2.904024009287303e-06
-5.4998711786339736e-06
-1.1140308582200357e-05
-8.58302792931386e-06
-8.601737904872193e-06
-6.4004664397046135e-06
-9.015512641638808e-06
-6.090380323594912e-06
-1.2578002669421688e-05
-9.139215192924617e-06
-5.577963008939046e-06
-1.5711560836920984e-05
-2.4624917809488797e-06
-1.135268580006935e-05
-1.1331074490232183e-05
-2.1854570778737506e-06
-1.1986149432481197e-05
-4.869471530811565e-06
-5.249688957707832e-06
-8.453071154394778e-06
-6.732510684378649e-06
-8.54174986669059e-06
-3.610922788050884e-06
-7.609352692851864e-06
-1.088571018589126e-05
-5.7595744543047775e-06
-7.322008579491841e-06
-1.1189414428614743e-05
-8.40192789425127e-06
-9.250757376263001e-06
-1.110583246613339e-05
-8.478062247696644e-06
-1.2198900578955443e-05
-1.2477257402369479e-05
-6.316922316214513e-06
-8.88152105226346e-06
-6.474225639618465e-06
-1.185204596866701e-05
-7.686281392371171e-06
-7.0858063288293554e-06
-8.68163194561612e-06
-8.966301796824436e-06
-5.607928784995444e-06
-8.037413430825559e-06
-1.583691837236779e-05
-7.527499880638092e-06
-7.027161773836419e-06
-8.821010740236245e-06
-8.89148127913524e-06
-8.756489723784314e-06
-8.817588551939801e-06
-5.649815202350715e-06
-1.6637905214977332e-06
-4.922761836320667e-06
-9.277558459622189e-06
-8.273991113070243e-06
-6.8779696269217935e-06
-1.1562538135320344e-05
-8.016469064556855e-06
-6.541994902936996e-06
-3.4276637669400425e-06
-5.348860937807875e-06
-1.1311745382118414e-05
-8.534258543478944e-06
-8.87762825787324e-06
-9.121415599766059e-06
-1.1021112158618363e-05
-5.859214544566731e-06
-1.0117900654613916e-05
-1.3241178157389695e-05
-1.1115989376925848e-05
-1.1103170450993657e-05
-1.1271911662048822e-05
-7.791683857185928e-06
-4.630691483880163e-06
-1.2093304484179294e-05
-1.0343213418551807e-05
-6.158685162442514e-06
-7.076366326424337e-06
-1.151907954881883e-05
-8.139128624838915e-06
-9.66578316842015e-06
-1.0663634640159931e-05
-9.268505162036713e-06
-1.0697121578561794e-05
-6.679002539960191e-06
-1.4511554482176594e-05
-9.904346347283341e-06
-9.430790030743878e-06
-4.993103933682318e-06
-6.048355872185431e-06
-1.2606973748365024e-05
-1.3335182213469108e-06
-1.3303241586541089e-05
-1.2223789502100089e-05
-9.066442345436777e-06
-8.634803321936043e-06
-1.212984178083467e-05
-9.747731314876966e-06
-4.663487501733867e-06
-1.1814908473834238e-05
-7.962518428399681e-06
-6.869695075241594e-06
-9.046117922850752e-06
-8.737643517725096e-06
-9.175926883915561e-06
-1.133203204510821e-05
-7.933320410055106e-06
-1.0260639509071317e-06
-3.0333430709588396e-06
-8.907638910946433e-06
-3.5851950658241645e-06
-7.45967391006137e-06
-5.625706203176183e-06
-8.058419375690856e-06
-1.2963299787648925e-05
-6.327817918998839e-06
-1.1788824942348925e-05
-5.136178433440752e-06
-8.30089769974274e-06
-1.281549995914517e-05
-6.512133058928116e-06
-1.485681036404328e-05
-1.2182064514892785e-05
-6.332864195864373e-06
-6.552052043746141e-06
-1.0042352162371233e-05
-1.5825475570650512e-05
-4.392307644207741e-06
-3.4339329315088554e-06
-1.4318483880873498e-05
-1.0347111343768126e-05
-8.92337641892974e-06
-5.931089198498372e-06
-7.4582415741984575e-06
-1.1202765205901387e-05
-8.631136329547358e-06
-9.021229158047653e-06
-8.834222999676356e-06
-8.976152442811025e-06
-8.700160012615479e-06
-6.301848106666629e-06
-1.0047526494828976e-05
-1.2950944400529033e-05
-2.9124865314963224e-06
-5.571261594867443e-06
-8.241235654301416e-06
-4.583243388626604e-06
-1.1943356685009569e-05
-4.9064914752253015e-06
-5.822482255957369e-06
-1.3730314089183636e-05
-7.855430866941088e-06
-4.041800341169848e-06
-7.596805091578998e-06
-1.1096125752998447e-05
-8.997265737236302e-06
-1.1297431231322724e-05
-8.812636817646365e-06
-1.4784205226668636e-05
-1.5243292464505296e-05
-1.4223597603206869e-05
-1.815450705631842e-05
-9.851797630611214e-06
-9.794753521496837e-06
-1.0362833482610866e-05
-3.9074159312933634e-06
-7.2302408968972e-06
-9.072390536278977e-06
-8.565128417242677e-06
-6.7252663960410975e-06
-8.856886726063642e-06
-3.5149292809571455e-06
-8.144723548971548e-06
-1.3363148868322196e-05
-5.214546224486594e-06
-5.657634789900969e-06
-1.6766665083209123e-05
-6.3610620265030495e-06
-3.6504179898765234e-06
-1.6643477386475382e-05
-7.196741883576396e-06
-1.080230445186464e-05
-1.2011582737649775e-05
-4.943335135927161e-06
-1.6933906027391457e-05
-6.804284087004546e-06
-8.258400495396749e-06
-1.0054859389359972e-05
-4.840525107146587e-06
-1.4528986288820362e-05
-7.12678421477079e-06
-8.564360369845203e-06
-1.8240467326594365e-05
-7.329779901832579e-06
-7.2482321144348995e-06
-5.958970669768506e-06
-7.612554876955335e-06
-1.1127484445801722e-05
-8.87679476538432e-06
-8.665942242007456e-06
-6.748112060247436e-06
-1.2174982189756234e-05
-1.0196013723363031e-05
-7.212591173291453e-06
-1.4041013767303663e-05
-4.456942086012953e-06
-4.5365269969575174e-07
-1.0338864808939684e-05
-1.3312465177798608e-05
-5.199085459190164e-06
-5.550220171610359e-06
-1.1073899324520682e-05
-6.659835815598037e-06
-1.4775010082032374e-05
-9.72520311833095e-06
-1.0504201006679901e-05
-1.5315760582677604e-05
-8.87334690949311e-06
-1.401521553784791e-05
-8.054708156994781e-06
-1.2563526138424429e-05
-9.803467084760529e-06
-7.554820060589365e-06
-1.0834697285913784e-05
-1.005394641494986e-05
-1.8304160930809687e-05
-4.496234524448678e-06
-8.687486170504887e-06
-9.763878882805342e-06
-5.319028139521872e-06
-1.3570410398855704e-05
 1.329644743713321e-07
-4.221490401330387e-06
-1.0714374640608152e-05
-4.1260452419565146e-06
-1.2960763252946983e-05
-1.2432130046275788e-05
-9.840534251522878e-06
-1.5943702157122206e-05
-8.071302346973083e-06
-1.231053391163876e-05
-7.313458047601243e-06
-5.150769870632087e-06
-5.674773256093333e-06
-2.7514446716434786e-06
-8.919769571056063e-06
-1.2192965244770841e-06
-8.234290280271621e-06
-8.081985290220568e-06
-1.0584984366859365e-05
-1.5153148502138523e-05
-2.907175611937517e-06
-5.60255625987929e-06
-1.1969499311629908e-05
-1.349782938123271e-05
-8.048342534231222e-06
-7.08627399789791e-06
-9.072767131705414e-06
-8.921233925525484e-06
-6.227649181553522e-06
-1.0486588768938372e-05
-1.5762103298240478e-05
-1.1060511175344494e-05
-1.0689620344892836e-05
-9.470948307451328e-07
-8.809605662768712e-06
-9.880127779580716e-06
-5.047988695162707e-06
-1.1293769020016819e-05
-3.533449861573799e-06
-1.0807279712650338e-05
-1.2982945451866665e-05
-1.2056430409888685e-05
-1.5939088516764957e-05
-1.0553918494869211e-05
-8.945871959611265e-06
-6.1625091931560706e-06
-7.48447294273544e-06
-1.1421928542802419e-05
-8.702292485896228e-06
-8.970301093890052e-06
-3.164017472935588e-06
-3.0478527054912553e-06
-9.173466209914683e-06
-3.3983120663756494e-06
-5.54624854105298e-06
-1.1656582530471726e-05
-8.313044323526613e-06
-6.9188264012172725e-06
-9.276764439496608e-06
-8.959040428269241e-06
-1.23494057892585e-05
-1.5757577174813818e-05
-7.851329837513008e-06
-1.05209562624005e-05
-1.5571927304577567e-05
-5.321229009793921e-06
-8.111689923544143e-06
-1.0536779449737891e-05
-4.204927853431752e-06
-9.801457791992631e-06
-5.455469902662714e-06
-5.48337702641653e-06
-1.1474165826741995e-05
-5.693663802466925e-06
-4.932259069910428e-06
-9.504228787741105e-06
-8.808498481232563e-06
-1.26523115502911e-05
-1.846802371642087e-05
-1.2772060975549131e-05
-1.16233663040451e-05
-1.1007436294402334e-05
-8.911489963379942e-06
-9.267124582627629e-06
-1.1750480956848142e-05
-1.100626987489472e-05
-8.704877912132926e-06
-3.3695829353202152e-06
-2.8118294721894644e-06
-6.7237241743041885e-06
-7.571094219304256e-06
-1.3818515009566372e-05
-5.569757338594932e-06
-1.0627172502296113e-05
-1.0104074652084729e-05
-7.549702131179594e-06
-1.0795263862703225e-05
-4.227415732641818e-06
-1.2817676746863265e-05
-9.901935741932333e-06
-4.421768251468092e-06
-7.0975051417898355e-06
-9.533016612002086e-06
-1.1603449947836242e-05
-1.4308982455876545e-05
-1.2792002734533605e-05
-9.538331780031868e-06
-1.342066774605546e-05
-3.178938208602547e-06
-1.1385547997545493e-05
-1.1949396906841036e-05
-5.064747963409381e-06
-1.4258655590389887e-05
-5.11003876247804e-06
-8.543611758127553e-06
-1.318361337178794e-05
-9.305282723031542e-06
-1.3994131240618616e-05
-8.070566207072023e-06
-1.0032145490985438e-05
-7.437363348775134e-06
-1.037194618577833e-07
-1.3326141625058624e-05
-6.1824774818936905e-06
 1.2455192466444929e-06
-1.5260536815874213e-05
-7.206151137694774e-06
-1.1270133632838064e-05
-1.4778458658407503e-05
-6.919131870675232e-06
-1.4332044954995292e-05
-8.045021060345259e-06
-1.3069135603812338e-05
-1.544641804730245e-05
-1.430960333572636e-05
-1.229480054887877e-05
-4.678237183273448e-06
-1.486939050006677e-05
-7.315281845374816e-06
-1.1420066409111472e-05
-1.737692342789426e-05
-6.025713530929532e-06
-1.2661559032676094e-05
-1.0443218346347735e-05
-9.365458653496321e-06
-2.532222499893062e-06
-1.509658147465981e-06
-1.1306469109262493e-05
-1.0886777310828068e-06
-8.436677496678416e-06
-8.12411819702544e-06
-7.5434797451777596e-06
-1.1672734123991936e-05
-1.1296314090921144e-05
-8.706426462951852e-06
-9.53951373773379e-06
-8.460746603985772e-06
-7.415874332003039e-06
-1.4577669274255338e-05
-9.874245062306725e-06
-5.009499276446772e-06
-1.495435516607367e-05
-9.936605152370742e-06
-1.0564067649652152e-05
-1.5669125511064075e-05
-8.462054858420384e-06
-9.238038866319216e-06
-6.4856334860217975e-06
-1.3259141566006303e-05
-1.7827721731560354e-05
-7.938795024487418e-06
-1.0179614727229898e-05
-1.0567509133282367e-05
-3.920762215202039e-06
-4.790202617536718e-06
-7.391248321808104e-06
-1.1894509430708955e-05
-7.99146003477024e-06
-4.9335799473732365e-06
-1.237739062119658e-05
-7.429096336318943e-06
-2.8415041721466584e-06
-1.2351106258808594e-05
-4.905693562019858e-06
-3.323606981820397e-06
-8.947307104758581e-06
-4.335677739367708e-06
-9.908623743535934e-06
-5.574683145652429e-06
-5.518511273266284e-06
-1.190232224276088e-05
-1.1484100618814774e-05
-1.4483220755940725e-05
-1.587299078072583e-05
-1.067669390613539e-05
-9.30008806872668e-06
-9.009101747354441e-06
-1.2554938399022281e-05
-1.251118070362038e-05
-4.829710280269018e-06
-2.0754874028036258e-05
-1.0147005648406359e-05
-4.204148342255215e-06
-1.5787451830779927e-05
-3.6049975138321006e-06
-1.3087512756128178e-05
-7.271716205532295e-06
-5.180315691474369e-06
-3.515340630704103e-06
-6.279332189545937e-06
-1.3493810639427449e-05
-6.389562203155676e-06
-1.2640930694617742e-05
-1.0326027338626835e-05
-7.141607063047759e-06
-9.007531358990967e-06
-6.82813710380974e-06
-9.516081458887417e-06
-9.0537076067116e-06
-9.030446461755134e-06
-6.802051885791834e-06
-1.2565375828964413e-05
-1.03344522963543e-05
-1.0616420902018274e-05
-1.8305642114673653e-05
-4.6845516212238e-06
-6.07296534251041e-06
-8.140476127735039e-06
-5.563884202731027e-06
-1.384656177365111e-05
-3.274669773411862e-06
-1.1138025513994274e-05
-1.0156928376528555e-05
-1.044233358732567e-05
-9.835488881944086e-06
-2.859239426235785e-06
-1.5120054689446029e-05
-1.0296591203815307e-05
-1.2944298453183818e-05
-1.5286902725246865e-05
-5.86121960048313e-06
-7.798936526435769e-06
-1.1419490482593553e-05
-2.6851132239495694e-06
-1.4678512644606351e-06
-1.4668756485627486e-05
-5.19981134119395e-06
-1.1447361881931841e-05
-1.2067547602382693e-05
-5.060223227341838e-06
-1.1720785385646942e-05
-6.270097984507412e-06
-1.0088850088645687e-05
-1.1631504557368657e-05
-1.7379091773993018e-05
-1.4454463810849693e-05
-7.22180168561672e-06
-1.4146261304409865e-05
-5.6666219000608495e-06
-1.0492250337353385e-05
-4.897125942482661e-06
-6.779947613050869e-06
-1.2675157620840001e-05
-5.159039278914038e-06
-1.6969447680926075e-05
-4.68049066409512e-06
-8.99811682087603e-06
-9.932676832127658e-06
-5.688407072774562e-06
-1.7032590026422474e-05
-1.3449442738083851e-05
-1.6568904947014888e-05
-1.056199072306701e-05
-1.5191268033155154e-05
-9.241839797995288e-06
-5.984198710190845e-06
-1.0501117477275058e-05
-2.4350560038195344e-06
-1.2471706948270983e-05
-5.5705180169666725e-06
-7.864074640016269e-06
-5.949603459126069e-06
-8.250931393104154e-06
-1.0674742202352793e-05
-4.484838564578902e-06
-9.96414541459153e-06
-8.797816758688706e-06
-9.718781609743007e-06
-1.1690758146101317e-05
-1.1443570054481862e-05
-1.2092694872412711e-05
-1.647384806574457e-05
-1.0377329777989966e-05
-9.700425691280439e-06
-5.394877365693263e-06
-3.500118012552695e-06
-1.4873140819743983e-05
-1.042016232387024e-05
-1.0153409064302264e-05
-1.6689338931721223e-05
-9.938898223040531e-06
-7.94082689875582e-06
-1.3740493007724599e-05
-6.1718720392889645e-06
-1.3207209235597912e-05
-9.27180260179378e-06
-5.678383209523117e-07
-1.5934699119981962e-05
-1.2213303466516088e-05
-1.0090134788000793e-05
-1.065355659054931e-05
-7.624404864891959e-06
-1.3902683892709158e-05
-2.8190198169291146e-06
-6.532828678260845e-06
-1.0533256317820786e-05
-2.09323382848273e-06
-1.0141369755494191e-05
 1.5616855093632783e-07
-2.4642314266835996e-06
-1.0730101845802397e-05
-2.3269409970517004e-06
-1.282884108797248e-05
-8.159138496803331e-06
-1.3438041400430961e-05
-1.4925392895103759e-05
-6.86571828676187e-06
-1.529067727796615e-05
-1.5849139104944767e-05
-1.6582792636965542e-05
-9.731883009147894e-06
-8.678973140739499e-06
-1.837393134073439e-05
-5.401702143367704e-06
-1.0652081127929736e-05
-4.913877735598505e-06
-7.119084127927638e-06
-1.8240400519731345e-05
-5.577209827988394e-06
-1.0581375788674752e-05
-8.010568658935807e-06
-8.061611792926721e-06
-1.104581604093794e-05
-7.007273182894526e-06
-9.173948732186704e-06
-7.283900265711067e-06
-1.4773359500529927e-05
-7.346355807994933e-06
-5.979497670688017e-06
-1.4285265619293075e-05
-1.1452750238718482e-05
-1.415855759408209e-05
-8.178448857602496e-06
-1.0511672181717366e-05
-1.0342983117647068e-05
-5.1679048548491015e-06
-1.5034733010313631e-05
-1.0198935101711229e-05
-7.367299152306428e-06
-9.101559564259557e-06
-6.949020508739084e-06
-9.610913351654717e-06
-6.03702072676728e-06
-5.299696884409994e-06
-9.40546309929507e-06
-6.656624585985997e-06
-1.0355178804321274e-05
-1.3770255045746557e-05
-8.759957619714229e-06
-1.2651637583318064e-05
-1.0267029789896651e-05
-8.089432673043229e-06
-1.6724180554047944e-05
-1.399836267080275e-05
-1.8976618637593666e-05
-9.934674714558586e-06
-1.029428092910486e-05
-7.867809143597718e-06
-5.729642654444868e-06
-1.128109434315148e-05
-4.338456634317209e-06
-1.3168700637349192e-05
-1.0159830505041807e-05
-7.721036286511269e-06
-1.1708862939914808e-05
-1.2089498611243825e-05
-1.3853160679487954e-05
-1.4791746527544891e-05
-1.8185355694248177e-05
-8.02657262768108e-06
-1.0370421409950003e-05
-1.1034969746018685e-05
-6.323977369795131e-06
-1.964643659221392e-06
-8.82223844221093e-06
-1.3411537486528627e-05
-6.2637758314554455e-06
-4.252019134632484e-06
-2.7418292225028446e-06
-1.030851855725535e-05
-8.659744646965201e-06
-1.0101012029518412e-05
-1.1489253822785276e-05
-1.5259588325250588e-05
-1.8012290113926795e-05
-1.1022528314142748e-05
-8.732906454098397e-06
-4.642676578141819e-06
-1.0154314414519607e-05
-8.768198515789405e-06
-1.0041994975147417e-05
-1.134804958033585e-05
-9.411087134510362e-06
-1.2069352631838735e-05
-1.124135882848383e-05
-9.42319222831162e-06
-1.206850988907055e-05
-1.1293984395334707e-05
-9.167253141117311e-06
-9.74043038046152e-06
-1.480909379569918e-05
-1.2891585919485954e-05
-6.926892147210658e-06
-1.2513636538714411e-05
-7.70244832844739e-06
-2.8485399808988113e-06
-9.991778982412148e-06
-6.167536267693e-06
-7.959986233645533e-06
-8.585588307333804e-06
-4.8196802366446536e-06
-6.7713465628136726e-06
-2.175927809288648e-06
-1.1112160715556079e-05
-1.0214364567928605e-05
-5.279011541451678e-06
-1.5338109977433293e-05
-1.254854365118912e-05
-4.258876957516965e-06
-1.1009426763518073e-05
-1.6383395300946204e-05
-1.3643533064971963e-05
-1.1414024409486145e-05
-1.2175880176930099e-05
-1.4033721321498944e-05
-1.432463103470261e-05
-1.3279961589206679e-05
-9.810243440498538e-06
-2.013959932908114e-05
-1.4074974204807846e-05
-4.53033583766279e-06
-7.0898576687939696e-06
-4.664325749353985e-06
-1.0351339517208648e-05
-8.377086883687695e-06
-8.029744808633238e-06
-1.4257967006002646e-05
-8.251077856332385e-06
-7.810620350060583e-06
-1.1619120384468294e-05
-6.557361805288561e-06
-1.3344458185592838e-05
-1.2567391028596054e-05
-7.594653002929902e-06
-1.1304087728151004e-05
-4.21223197524811e-06
-7.383436452690384e-06
-4.6745561892020295e-06
-1.63320722444201e-05
-1.4162097927571874e-05
-5.011946971175247e-06
-1.2163026477292481e-05
-6.130602628690066e-06
-1.0837846867440382e-05
-1.0400345883394112e-05
-5.104506845439459e-06
-1.2581429423387449e-05
-1.1180410974895896e-05
-9.172539248853812e-06
-6.862080130674317e-06
-1.0290677753854253e-05
-1.1010582641678894e-05
-4.108741299550985e-06
-8.183745749476723e-06
-8.56159483553663e-06
-4.982890079357872e-06
-9.948700253242274e-06
-9.143406484115677e-06
-9.710999445624748e-06
-1.2125631393229985e-05
-1.1048708238113486e-05
-7.112713223395356e-06
-1.2553424783361328e-05
-1.1143449143487879e-05
-1.2595737340500572e-05
-1.3234488406562217e-05
-6.955345769173746e-06
-1.5589479555195924e-05
-1.2469403805688726e-05
-1.055409086519411e-05
-1.291610201355838e-05
-5.03432159460607e-06
-1.4659331938929642e-05
-2.91282679373649e-06
-1.2305539412008846e-05
-1.156113653889205e-05
-3.404191235996185e-06
-1.1500580025339116e-05
-1.8142286263165271e-06
-1.4031361314076469e-05
-9.2587211923907e-06
-3.4069678604354834e-06
-9.1298651593897e-06
-5.06302756582334e-06
-1.2260539512575438e-05
-6.298687081714704e-06
-1.3502620210919127e-05
-1.2903059595711656e-05
-1.3004210987411456e-05
-1.5440464403942962e-05
-6.545885050385366e-06
-1.000308400179243e-05
-9.292160109237004e-06
-1.238996235090265e-05
-1.1152632279608135e-05
-9.56453753543029e-06
-9.211223740832213e-06
-9.827443102459126e-06
-8.669422406325171e-06
-4.785216606423635e-06
-7.317989137020747e-06
-7.3214227677900835e-06
-9.46432430965104e-06
-6.928875774307357e-06
-9.982929968444119e-06
-9.104396629673716e-06
-9.735571996155149e-06
-9.32687714765483e-06
-1.2627376692654967e-05
-1.3738903513831568e-05
-1.1808495783937343e-05
-1.159081423023386e-05
-1.2437991157599928e-05
-1.648451094527186e-05
-7.672590585526552e-06
-5.8739652629686825e-06
-1.1577728272927811e-05
-4.100706230109685e-06
-1.1032071831193375e-05
-1.0686297673775065e-05
-7.446714549787321e-06
-9.415409608036617e-06
-9.898057604588362e-06
-1.1657860523434392e-05
-9.276106309562038e-06
-9.521803719154815e-06
-9.429105930333103e-06
-6.335122620534587e-06
-5.702116014237689e-06
-1.5076752678543652e-05
-1.0566396430361316e-05
-1.031235637639445e-05
-1.101573030992994e-05
-7.488764259499128e-06
-1.1858711608835242e-05
-6.668143115310471e-06
-1.3143763523691948e-05
-1.0340490126374639e-05
-8.007826245672456e-06
-1.1283351227844767e-05
-4.22058811405834e-06
-8.152826214275855e-06
-1.2157164114849473e-05
-1.115137992822266e-05
-3.905395423756011e-06
-5.782687921174525e-06
-9.566275618358121e-06
-9.764594895190285e-06
-1.2006811573965637e-05
-1.1810901434663856e-05
-1.1775445090127674e-05
-1.2036172439998886e-05
-1.1216966205918827e-05
-7.140486570145376e-06
-1.2569993442468794e-05
-8.272462365689944e-06
-8.037980483233139e-06
-8.507521973930704e-06
-2.5111697827910996e-06
-1.1018094325961477e-05
-1.3832624815307975e-05
-8.559522672326361e-06
-4.833552143289676e-06
-1.0655762892374528e-05
-1.09072080295578e-05
-4.461082174981807e-06
-7.86509164492447e-06
-9.707099876687785e-06
-1.1963698657651703e-05
-5.853403732486466e-06
-6.018786818011478e-06
-1.1809488618533577e-05
-6.514260067480462e-06
-7.62425715521172e-06
-6.579548985783794e-06
-5.362334637240318e-06
-1.276511999826911e-05
-7.886908445845517e-06
-6.09125527608525e-06
-1.4317242547049662e-05
-5.972091982265982e-06
-8.164785426263336e-06
-9.105595712393162e-06
-1.0360643435985644e-05
-1.4113431698851085e-05
-8.586160016993761e-06
-7.6257752460621715e-06
-9.327135515948739e-06
-7.352255014731622e-06
-1.2373064647578855e-05
-5.645162496888964e-06
-9.543244583354046e-06
-1.813852382526409e-05
-3.0251591957047015e-06
-6.287062708242194e-06
-9.431174408860524e-06
-1.2775601280363206e-05
-1.030375437781226e-05
-2.615042543847036e-06
-1.3878826542115712e-05
-1.540053162088594e-05
-6.492852098802425e-06
-1.0648224026553414e-05
-1.1076051513581056e-05
-7.368681641449369e-06
-1.2577409736131175e-05
-1.122459492417725e-05
-9.949984140961679e-06
-1.4704805530674428e-05
-1.0805553875015157e-05
-1.0480420060693475e-05
-1.3654104117977774e-05
-6.866300633124189e-06
-1.2766775350086953e-05
-8.286213644684002e-06
-7.901184599378304e-06
-6.159978245378102e-06
-6.100005125217979e-06
-1.1470063984117467e-05
-4.598996316992126e-06
-1.3413429624718947e-05
-1.0251465250370936e-05
-5.206626405730707e-06
-1.0134679500642666e-05
-1.2162348195024954e-05
-1.1415766117326293e-05
-9.831795593387097e-06
-1.1649488788101814e-05
-6.879511924839671e-06
-1.3285640853624007e-05
-1.3167842434723624e-05
-6.69544008352573e-06
-4.640443711208614e-06
-8.602140615741451e-06
-1.3860976656652005e-05
-3.4166442676671915e-06
-6.5176961991200565e-06
-1.1414838780557443e-05
-4.354590326879e-06
-1.1115145038428978e-05
-1.0528214661832897e-05
-5.381603882516068e-06
-1.2308142716042578e-05
-6.321978892281116e-06
-1.0890217266551115e-05
-7.753943402521262e-06
-3.7541735714415214e-06
-1.485757235285107e-05
-5.5822787792588364e-06
-8.946899660049705e-06
-1.074329145257337e-05
-5.28842076556474e-06
-1.2440669630957578e-05
-5.992850984279907e-06
-8.76250907935307e-06
-1.4028517401562426e-05
-9.09506545471825e-06
-9.816153764342014e-06
-9.493791414297795e-06
-9.49136928922586e-06
-6.967577821815355e-06
-1.0535024305693603e-05
-1.1340458929870011e-05
-1.01908321901688e-05
-1.4126781329565361e-05
-5.9287599484331335e-06
-5.687767785249207e-06
-9.997347889471782e-06
-1.228231706862492e-05
-1.1422813646375166e-05
-9.934586121644766e-06
-1.4826011966680778e-05
-1.0579527254532838e-05
-4.917894206207745e-06
-1.0513542395896259e-05
-8.41250623552641e-06
-2.49532999918622e-06
-8.3013262148717e-06
-9.281080437252138e-06
-1.0123908016868271e-05
-8.498883664472078e-06
-2.699473331616871e-06
-1.0756142154287609e-05
-8.747852522767334e-06
-1.0713097007044088e-05
-1.0748739560712986e-05
-5.411741424671674e-06
-1.5414973219786934e-05
-1.0496242802133714e-05
-7.515859251502325e-06
-6.987921853294085e-06
-1.0802053573621763e-05
-1.0682299654818859e-05
-5.550132976277777e-06
-1.5133636398955129e-05
-1.1444171532789435e-05
-1.7832658230448898e-05
-9.15430023628737e-06
-4.139865219640826e-06
-1.4294236816337965e-05
-3.571488637412929e-06
-5.71486805214715e-06
-4.716297481354982e-06
-1.4174482589253952e-05
-1.4968347298133352e-05
-7.579275691222035e-06
-1.1694016390005457e-05
-4.394290850530881e-06
-1.0843452979994925e-05
-8.552144768929577e-06
-7.982892653664171e-06
-9.297821412782491e-06
-1.0502760738456467e-05
-1.4164407206973135e-05
-1.215149084329157e-05
-1.3965627375044918e-05
-6.4527009860805825e-06
-1.0757580728327894e-05
-8.402383286045352e-06
-8.629643028375501e-06
-1.3870264786550543e-05
-6.802917855041788e-06
-1.0094151834685838e-05
-6.670599932987706e-06
-1.0930498518088133e-05
-1.077838705274703e-05
-5.145672408108579e-06
-9.852426330369396e-06
-4.145381425527611e-06
-8.64329145368245e-06
-8.67736293399519e-06
-8.475806656701265e-06
-1.4043517113269332e-05
-6.500558448034638e-06
-7.655072979985979e-06
-7.463253304515926e-06
-1.2736184926856793e-05
-8.296858729649804e-06
-8.89653441093483e-06
-1.9563819194319796e-05
-9.948526096176416e-06
-8.617437614756578e-06
-1.3833404245965554e-05
-3.7833253076154417e-06
-5.889173134349269e-06
-7.055452276915766e-06
-7.813650606433482e-06
-9.595163972754212e-06
-6.846502085326584e-06
-8.381104075710796e-06
-1.750640641202502e-05
-9.966164028446683e-06
-5.771048575545088e-06
-1.2430306538531262e-05
-8.890342829523907e-06
-7.722789352485034e-06
-1.268891071862586e-05
-1.1294240341596613e-05
-1.012369800077722e-05
-1.1650464713309995e-05
-6.855127320196982e-06
-7.676136357383088e-06
-1.019974822674356e-05
-1.1704522990316461e-05
-6.911907925327723e-06
-1.0464819722371192e-05
-8.835021149856766e-06
-8.006771910576287e-06
-1.2165078849309534e-05
-9.185687264822381e-06
-1.041507360650466e-05
-1.4433301417826134e-05
-8.671891456676675e-06
-1.0943938554188837e-05
-1.3747526462162135e-05
-9.895315172223817e-06
-1.4737625903329355e-05
-1.1493960563427388e-05
-1.2258701076583613e-05
-8.949960029042232e-06
-1.0756355081544078e-05
-1.3879102567903668e-05
-6.630364545612813e-06
-1.0792234618323668e-05
-8.150178068617146e-06
-3.296493884304778e-06
-9.936360212537062e-06
-4.366522626995799e-06
-8.121258079478572e-06
-3.7803943310551767e-06
-7.013493399229347e-06
-1.68799871971991e-05
-8.35476534136328e-06
-1.1289717226302949e-05
-1.6230063751918795e-05
-9.164718779074779e-06
-1.2605690901131428e-05
-8.810146758236277e-06
-1.0694277297396123e-05
-1.1389096704875294e-05
-1.0240246737604495e-05
-1.1526492649255372e-05
-7.2661498631110925e-06
-9.947327953692528e-06
-6.7037725572676924e-06
-5.011273437528026e-06
-5.306213084518517e-06
-1.071705425087715e-05
-1.1409735208510656e-05
-7.234756082589222e-06
-1.0298457937263991e-05
-1.2344010053543712e-05
-1.4483078757375824e-05
-8.258410491552412e-06
-6.071429249737567e-06
-1.8251882283062803e-05
-1.5167877098296012e-05
-1.0075166950139624e-05
-1.4529383658916718e-05
-8.80590217463637e-06
-1.068121305324743e-05
-1.1123831948026944e-05
-1.60805304877201e-06
-3.904788862869005e-06
-6.860067456641546e-06
-2.9786717184008847e-06
-1.0466457179941416e-05
-3.6596760049522315e-06
-9.75434351369291e-06
-1.2793674413796877e-05
-2.6514417358761836e-06
-1.0583964668790722e-05
-6.619501654341307e-06
-1.1155624794043875e-05
-1.4020221784103625e-05
-1.220084074938323e-05
-1.159165703205242e-05
-1.0179964662170647e-05
-1.4622101819267471e-05
-8.480479631505038e-06
-5.145017454344925e-06
-8.141639009916823e-06
-1.2165203524690634e-05
-6.568532856402385e-06
-1.1206072003290494e-05
-1.077435963439732e-05
-8.515866657669568e-06
-1.3759863658056423e-05
-1.5090964490545915e-06
-9.52636286886235e-06
-1.0769963639302529e-05
-5.5920702487039384e-06
-1.57516614379633e-05
-1.3222385585967326e-05
-9.961166674471122e-06
-9.12967274533045e-06
-8.059096247385318e-06
-1.1962123088903336e-05
-7.019210130493824e-06
-1.0370557632791094e-05
-9.427683581936298e-06
-9.855386812917815e-06
-7.004882663232552e-06
-1.0796717963484822e-05
-1.1611351873863834e-05
-1.3109856031788551e-05
-1.633311392821953e-05
-8.756700591406468e-06
-7.778392157724118e-06
-9.854484528711486e-06
-6.810741812454916e-06
-8.484451259953538e-06
-1.4919198490473875e-05
-1.4251405075475143e-05
-1.1341735752703832e-05
-7.404126863084838e-06
-1.0011430829341423e-05
-1.015779201158172e-05
-1.4585182078247746e-05
-5.948063503955962e-06
-8.940546483708816e-06
-8.328525603263794e-06
-6.533263446075266e-06
-1.3929120831714856e-05
-1.6498882373868358e-06
-1.2363209709903085e-05
-1.585095954783927e-05
-1.2459130507961065e-05
-1.4117050378317704e-05
-9.373018015382192e-06
-1.3244806524412015e-05
-1.6347409717480735e-05
-5.708331718758758e-06
-6.7142843919223054e-06
-1.4632485423844761e-05
-1.2180037090433642e-05
-1.4191937096389739e-05
-6.6776313354707446e-06
-1.3877878529127889e-05
-1.308059501720137e-05
-1.0654434438553947e-05
-1.0592260793063526e-05
-4.975400199031328e-07
-1.4003014712283805e-05
-7.75082540392364e-06
-9.437785566324562e-06
-1.3312276797228612e-05
-8.25888535107111e-06
-1.709239562124292e-05
-8.871304742762893e-06
-1.610672830325126e-05
-1.2672612933116752e-05
-7.95174338994777e-06
-9.256015154474617e-06
-8.529624871589196e-06
-2.0334946230264975e-05
-1.2194249118570653e-05
-8.649740871201285e-06
-1.3773336043704404e-05
-1.7225410267322204e-06
-1.2343168373858754e-05
-1.2704728279798253e-05
-5.283734605827409e-06
-7.114230583600835e-06
-5.9662941040001454e-06
-1.5228429564090576e-05
-8.424977524653529e-06
-1.1493901501061902e-05
-1.6401135085345163e-05
-1.2116365962711863e-05
-1.4465633077608316e-05
-9.170585704764513e-06
-1.3237955541222736e-05
-1.0700151400610811e-05
-5.46123363844641e-06
-1.0092191090861863e-05
-7.023979692931096e-06
-7.812876844330272e-06
-7.177446724471886e-06
-8.236877475333288e-06
-1.541747016948694e-05
-1.350893381527233e-05
-9.940664914254703e-06
-9.077344251404363e-06
-5.688776903479815e-06
-1.5560164469165727e-05
-7.9839334972601e-06
-1.24901984542601e-05
-2.0234928014999878e-05
-5.455924425199579e-07
-7.919948672807921e-06
-1.3285789709656403e-05
-2.078172613441571e-06
-9.119307103155265e-06
-1.1712376057954019e-05
-1.0221801649509855e-05
-1.512783570106056e-05
-1.3934316661323562e-05
-1.2497429961209512e-05
-1.4143837515602333e-05
-3.2918112725436963e-06
-4.755735858046525e-06
-1.473344786345323e-05
-9.474774955477862e-06
-1.5557856001875624e-05
-1.0529445417696999e-05
-8.571997471877222e-06
-1.4561503393153832e-05
-9.056129912859175e-06
-7.38169006413112e-06
-4.918366756745661e-06
-8.557532267453187e-06
-1.2167223186156553e-05
-9.455681723855903e-06
-7.199056153747283e-06
-8.255013073114902e-06
-1.202428882220131e-05
-4.110466742191435e-06
-9.273422986831089e-06
-1.1060115856231009e-05
-5.4925160550811346e-06
-1.3116713422618962e-05
-1.1557525464942903e-05
-1.0007585430248776e-05
-1.271357547530796e-05
-1.1249352990976642e-05
-4.973184057932975e-06
-1.0976954879258132e-05
-1.1920983284038582e-05
-1.2531162118351483e-05
-1.194464997252854e-05
-1.2392577625413396e-05
-9.17242563470896e-06
-1.4103913421927593e-05
-1.7944275633999003e-05
-4.030914140408978e-06
-1.180547991954536e-05
-1.3735545085611294e-05
-9.706734957108041e-06
-6.7832555223943575e-06
-5.852190749914812e-06
-9.921049591698561e-06
-7.598274746966308e-06
-1.3014282630567912e-05
-1.1829532511650582e-05
-1.5458657523816122e-05
-1.026570999629989e-05
-6.343466650597353e-06
-1.1286186070850652e-05
 3.07017485810821e-06
-7.801824828502229e-06
-1.1761170891662652e-05
-1.9396526209940773e-05
-2.1439095145297114e-05
 4.804471783976476e-06
-1.3033662175107075e-06
-1.5032266337461725e-05
-8.921496912197736e-06
-1.1016566024973031e-05
-1.76413899324957e-05
-1.8959376750503302e-05
-1.0620318356790784e-05
-8.430581918769037e-06
-1.1575432913730682e-05
-2.0544085320709676e-06
-9.276381913343231e-06
-8.515213277078321e-06
-6.6005045863949936e-06
-2.0667550989537003e-05
-1.1760656971901516e-05
-4.963650571925923e-07
-8.779617757190507e-06
-6.5276367299022575e-06
-6.00891478203219e-06
-6.736425902776032e-06
-3.7954068966747114e-06
-1.9013237861469303e-05
-1.475593847188241e-05
-8.118830028104075e-06
-1.5048747084445687e-05
-8.427287911113852e-06
-6.010568147118249e-06
-1.6096492760121555e-05
-1.558585390745049e-05
-4.0062506516700775e-06
-6.5142831401154115e-06
-1.2774233648064197e-05
-1.4875411444084702e-05
-1.0907626786288694e-05
-5.6240879584318596e-06
-1.2717096237656474e-05
-3.582999604558648e-06
-1.0455135007823788e-05
-1.8048066426777636e-05
-1.0006863557764844e-06
-4.470647020458945e-06
-7.017003760433539e-06
-5.974800910560716e-06
-1.284470773611252e-05
-9.044637996692852e-06
-7.828024802801625e-06
-7.441976723285081e-06
-1.0819199501227686e-05
-8.49817312884804e-06
-3.5911888578520755e-06
-1.3153402524238458e-05
-9.17647781187455e-06
-1.3518134537770681e-05
-1.0463589527855965e-05
-3.4213651529664466e-06
-1.6595695205492477e-05
-1.1925307961778176e-05
 5.26099038196116e-06
-5.77532010454235e-06
-1.1176250598797972e-05
-2.781749147727265e-06
-1.1330752831646797e-05
-1.1949802699285626e-05
-1.5719651584518583e-05
-1.6150171724917448e-05
-1.2333826972764429e-05
-1.1532660601688595e-05
-4.878506282897332e-06
-1.1302913414359133e-05
-7.934673199120066e-06
 1.3383569083077096e-06
-1.798308881242525e-05
-1.6463522134427913e-05
-2.9783928219743346e-06
-1.3634817145550308e-05
-1.1385591746551201e-05
-6.932655202027065e-06
-2.955029631700656e-06
-8.262117431711e-06
-4.565945807899672e-06
-8.782457734647855e-06
-6.511344366192757e-06
-1.2690550850479922e-05
-2.0347389055232082e-05
-3.953633273575544e-06
-1.4995781305178347e-05
-1.795006519641148e-05
-6.529977897325855e-06
-8.691089574916065e-06
-1.2155173723353485e-05
-1.0173801557742688e-05
-1.5135304039605693e-05
-8.389407071580873e-06
-9.254208091152289e-06
-1.3325506188269393e-05
 6.638004079256283e-06
 1.2743632087813254e-06
-1.0388984206064743e-05
-1.0297123035055954e-05
-8.79548685283278e-06
-3.7163706517618815e-07
-9.15988178735537e-06
-9.51696420705974e-06
-1.3392516475762057e-05
-7.597049664495522e-06
-2.2704720790140715e-06
-2.117635316524745e-05
-1.2251065444194397e-05
-1.1631851222931481e-05
-1.6193500589522968e-05
-6.785042406497407e-06
-8.174403391359487e-06
-1.0387683600827653e-05
-1.219616998070479e-05
-6.850896033844442e-06
-8.617521574707166e-06
-1.2334413158709958e-05
-9.639240918451701e-06
-1.0477315336127405e-05
-1.206378251851604e-05
-3.82460213939762e-06
-4.6159613091316845e-06
-1.513511450440625e-05
-6.053899210246754e-06
-9.522390267074543e-06
-1.3917220862417179e-05
-7.445689386408185e-06
-1.0179884262487679e-05
-7.4154848444961005e-06
-1.0613156263629074e-05
-9.582250126932976e-06
-1.0471345119963322e-05
-9.366847295417743e-06
-8.177860809329255e-06
-1.2690391211269978e-05
-9.114290201305574e-06
-5.060969148574691e-06
-5.764100561538491e-06
-1.0881758298733198e-05
-1.198795201825842e-05
-1.0077410833742641e-05
-9.497846135524765e-06
-5.103247621708409e-06
-8.324983551573655e-06
-1.0298400542467014e-05
-1.2523117785928772e-05
-1.2790996920939952e-05
-1.6947489085903974e-05
-2.64137519630421e-06
-2.676824752882273e-06
-9.504883656007664e-06
-5.904811760102101e-06
-1.2646088264409982e-05
-7.002656767409105e-06
-1.0995768247116895e-05
-8.93039295285566e-06
-5.719719027986332e-06
-1.0531063946991194e-05
-1.0058098079283062e-05
-1.9202020840351224e-05
-1.9365379922691765e-05
 9.444937165056607e-07
-1.0530877314954378e-05
-1.3590213328780248e-05
-1.0414479966913567e-05
-9.179313841188646e-06
-8.571331388925383e-06
-8.705783397528546e-06
-1.0197263284164962e-06
-1.4291137966124591e-05
-1.3788258292288203e-05
-9.383453388267959e-06
-2.2690466723302574e-06
-9.843019914615481e-06
-1.3936133927866161e-05
-1.0541334621894566e-05
-1.4429763511181933e-05
-3.7063112644734607e-06
-4.312786580459242e-06
-1.358825863793522e-05
-1.6864717009208967e-05
-8.658762631301753e-06
-1.1961259085933867e-05
-1.5646830655883042e-05
-2.369823210970507e-06
-1.4643012756581509e-05
-9.83513982620221e-06
-1.2832404294647889e-06
-1.4377403317134896e-05
-1.2784535933697242e-05
-1.0322311814974369e-07
-9.27228090425565e-06
-3.5066740995971836e-06
-8.078497335464738e-06
-1.2885231541137501e-05
-1.0346953636770644e-06
-1.6560086780125817e-05
-1.0998180003106522e-05
-1.668540504865066e-05
-1.513346329900636e-05
-8.12466030949994e-06
-8.974951584981576e-06
-9.33346397219404e-07
-1.754291903691762e-05
-1.7868520768850083e-05
-1.2582777216719332e-05
-1.1631327117677497e-05
-7.827593920356e-06
-1.0228151091404476e-05
-1.0268903585573677e-05
-9.407741250540782e-06
-5.5575577383414235e-06
-1.0411978778781092e-05
-4.41501365382041e-06
-9.446198822417222e-06
-1.1405065040101028e-05
-5.165956513769772e-06
-5.262354862611576e-06
-9.481041984406512e-06
-1.978914929368073e-05
-1.100137883402141e-05
-1.0422763797090104e-05
-7.100231631723754e-06
-1.137441682376675e-05
-1.1650109921332399e-05
-1.3847237565731254e-05
-1.5914378926069935e-05
-7.637716863493664e-06
-1.2752216530198686e-05
-6.939117183393965e-06
-1.1349466521538998e-05
-1.1626516538302879e-05
-7.48520652630925e-06
-5.052476805985661e-06
-9.131834328233479e-06
-1.1544889175828881e-05
-5.623459447233008e-06
-1.3044952431820666e-05
-6.919444317339292e-06
-1.7407013158634495e-05
-1.7388525698135427e-05
-1.1018971678888877e-05
-1.6514190135765698e-05
-7.4068805478232195e-06
-1.58585510095122e-05
-8.398608584803349e-06
-1.2035882382743654e-05
-1.3208235074553933e-05
-5.787633874641244e-06
-1.284092264238268e-05
-6.973904600268713e-06
-1.1227250315847402e-05
-8.807890530382845e-06
-6.207480287762864e-06
-1.29766413272993e-05
-9.092329573349796e-06
-5.634362370672975e-06
-1.4290653948490206e-05
-1.8916591565188372e-05
-8.561113000849595e-06
-5.7792034118349605e-06
-7.865905422272737e-06
-8.123883696326732e-06
-1.323240417496251e-05
-1.1557355512319342e-05
-7.841425218519597e-06
-1.0517672061626335e-05
-1.3013260618058696e-05
-1.4437606309223449e-05
-6.400959481886949e-06
-3.6053187137944636e-06
-1.1463388796955314e-05
-1.4618292383569241e-05
-1.238502840827492e-05
-1.2180543519919037e-05
-6.977241096349095e-06
-5.818324848451043e-06
-1.118509396555933e-05
-1.4667778957319427e-05
-9.513416626369765e-06
-1.3865637105334972e-05
-1.63599870883081e-05
-6.651880044212545e-06
-9.109798945880478e-06
-1.4897550347279073e-05
-9.205018553317136e-06
-1.137769285228283e-05
-1.3889088769644395e-05
-1.8187159216598036e-06
-7.149738149613429e-06
-6.260778136127998e-06
-5.090854529543975e-06
-2.3434493393910624e-05
-1.178333619087192e-05
-6.75593605192152e-06
-1.5033583160502558e-05
-9.494693854656743e-06
-1.372466691753154e-05
-1.704865145461809e-05
-1.4387007482354877e-05
-9.146948600944696e-06
-5.539759235100021e-06
-8.154808552705175e-06
-7.522088455638858e-06
-5.358603914329252e-06
-1.2184106750751873e-05
-2.202913915550343e-05
-1.0292517070005786e-05
-5.7795403962433135e-06
-4.96481298233837e-06
-6.526235204163283e-06
-9.69796545231046e-06
-5.710626389109453e-06
-1.3460878694504496e-05
-8.94243753059007e-06
-1.1973753867047055e-05
-1.938681944864626e-05
-1.1271551600620856e-05
-7.602967550728906e-06
-8.523460341156053e-06
-1.564821029081323e-05
-1.1109290496536162e-05
-8.59759702278654e-06
-1.542473438622595e-05
-1.1351596726931469e-05
-4.929917456154565e-06
-6.229177416374925e-06
-1.0451838338930479e-05
-6.937876750107346e-06
-3.158757590684117e-06
-9.259247645269382e-06
-1.5156467366074046e-05
-1.494903878419357e-05
-1.4276792426796302e-05
-6.927675348581843e-06
-8.909070659570765e-06
-1.5701894967876024e-05
-1.6691765913339722e-05
-9.208365904720352e-06
-1.1163595517744619e-05
-1.1835539257666149e-05
-7.663306223042387e-06
-7.958450002687935e-06
-1.079534790139306e-05
-5.872764035317456e-06
 3.7603408474824715e-06
-7.106782150324066e-06
-7.688428751624661e-06
-1.6931602579169323e-05
-1.5115673401028814e-05
-8.908356838530299e-06
-1.6877708942825297e-05
-4.453326294555661e-06
-1.7737535377386415e-05
-1.45456019925721e-05
-6.094025730875516e-06
-9.965047294167702e-06
-1.1787015235477208e-05
-2.2113466820621103e-05
-1.0716308325631687e-05
-1.1258274448949943e-05
-1.1674013307933992e-05
-4.9934962779709705e-06
-9.246945999656491e-06
-1.4878942826625885e-05
-9.522649373794528e-06
-1.0594643684549403e-05
-6.839058043427298e-06
-6.479517115196693e-06
-1.3095061412424378e-05
-1.2279947037705481e-05
-9.657545384892129e-06
-8.504640715659033e-06
-1.876040647822846e-05
-1.5315079430632012e-05
-5.030588405477661e-06
-8.639364739801961e-06
-1.0312844036125995e-05
-1.338776725938938e-05
-1.732837493673968e-05
-1.1397643889398254e-05
-1.09775942695906e-05
-8.526677551261762e-06
-1.908500230837863e-06
-2.2165075513973044e-05
-1.108916701174801e-05
-5.638323740598832e-06
-2.5824232439053636e-05
-1.7451438896048163e-05
-9.615828884704267e-06
-4.9818724921499454e-06
-6.054104129246405e-06
-5.10927415675436e-06
-9.653867237501854e-06
-1.7117385113374908e-05
-9.401186006821526e-06
-1.3700974493026281e-05
-1.114333940041917e-05
-5.820716127853992e-06
-1.0636422234206267e-05
-7.145720148336721e-06
-5.763774188667439e-06
-8.638802902946715e-06
-1.600039169724322e-05
-1.343984971496801e-05
-5.288439689393068e-06
-1.1536356332722161e-05
-1.4878079898796914e-05
-1.204221695530465e-05
-1.0541650598560785e-05
-1.5595369310471936e-05
-1.1075934662590466e-05
-6.030048408079947e-06
-1.663188620906142e-05
-1.5648624803504765e-05
-1.7044645387368721e-06
-4.889375022521058e-06
-9.807437558963935e-06
-6.048177555541474e-06
-1.9329937410763763e-05
-1.4801766874659855e-05
-2.769669778988743e-06
-6.1403970390798435e-06
-8.594036461669778e-06
-1.6019706091386776e-05
-1.687812359864578e-05
-1.4916756976598763e-05
-1.4804356168351623e-05
-1.2078206373480276e-05
-6.9951693954784334e-06
-3.5269392877250305e-06
-1.4933197797202292e-05
-1.8298686499578043e-05
-4.156067638777965e-06
-9.821265232242563e-06
-1.1249551620094973e-05
-3.3143671072651825e-06
-1.105952157764911e-05
-4.3192206433158955e-06
-1.3162400258522893e-05
-1.4790172755244623e-05
-1.328535698580312e-06
-1.6140644867217373e-05
-1.0829365592272387e-07
-6.916875731465035e-06
-1.263471741149593e-05
 8.600549562996976e-07
-2.0103923373484923e-05
-1.5167022900484474e-05
-1.7262096744962713e-05
-2.6352152216219536e-05
-1.5764106878742168e-05
-1.2846905892919196e-05
-1.5201186691011763e-05
-1.1691955684940693e-05
-1.1268353213753094e-05
-1.727521174339785e-05
-5.761488183969564e-06
-1.7303861957945588e-06
-1.181360150547945e-05
-1.4572546063589283e-05
-9.739354845417645e-06
-7.589321661490702e-06
-5.932037618795104e-06
-1.3934198611703705e-05
-1.1011202900468962e-05
-3.0124182842388103e-06
-6.266837953705377e-06
-1.1451575422586325e-05
-1.7544917178812943e-05
-1.1617600438512569e-05
-1.387757467552778e-05
-1.673145991741518e-05
-9.576916310495284e-06
-1.0831800138060399e-05
-9.557853183624078e-06
-5.632045002907115e-06
-1.1448299931910562e-05
-1.188017176968877e-05
-8.15835156814798e-06
-1.3215749751864908e-05
-9.286542947750008e-06
-8.750503958198188e-06
-1.2682687906773353e-05
-1.0180618623420725e-05
-1.3219861596559247e-05
-1.2118558263070617e-05
-1.0282340987394366e-05
-7.181344976030591e-06
-6.4546642967415e-06
-1.3109342205353514e-05
-9.94739497839426e-06
-1.659040499526174e-05
-1.5776005047598223e-05
-8.042764868393646e-06
-1.2890218704874315e-05
-7.336558630609583e-06
-1.4429991188637954e-05
-1.320595471970702e-05
-2.926870978225233e-06
-9.191796115730138e-06
-9.627096426264986e-06
-5.655790525479171e-06
-1.1409022419064535e-05
-1.2272909750519054e-05
-1.344795831456133e-05
-1.4318420122028555e-05
-1.0616260835199313e-05
-1.5106935367881473e-05
-6.4835858917021435e-06
-6.690466970954438e-06
-1.030642548016164e-05
-1.0840460225675196e-05
-1.2322767561796606e-05
-7.647162631952593e-06
-1.119251950220199e-05
-1.242058382187973e-05
-1.0082764321858118e-05
-1.1046548088691507e-05
-1.8073680381838527e-05
-1.0743593820606415e-05
-9.563675501209996e-06
-1.7057919091457468e-05
-6.783434252392927e-06
-8.898472466629801e-06
-1.0211329367481249e-05
-1.0503643218855919e-05
-1.0446173373646958e-05
-1.3014223834353123e-05
-9.564246735881645e-06
-1.1448716703450402e-05
-1.1275706556225897e-05
-5.36918547411612e-07
-1.303055521774968e-05
-1.5968031699340097e-05
-4.742696944757419e-06
-6.297475658198022e-06
-8.237101813268578e-06
-1.0799063777930858e-05
-9.813481438044091e-06
-8.534720565949414e-06
-1.6118240643540285e-05
-1.3806570953311713e-05
-7.839940779830777e-06
-1.1134180251601445e-05
-1.5485635404159533e-05
-1.1436477882897923e-05
-8.947007745002825e-06
-1.8096519687223608e-05
-1.1125052287992034e-05
-8.524586013964942e-06
-1.026700743601562e-05
-1.0989163525301265e-05
-1.5231043909985606e-05
-9.127829286194025e-06
-9.179500009521901e-06
-1.4997468020184359e-05
-6.636908221951435e-06
-3.4509535132801175e-06
-6.789429846023442e-06
-1.9346622533897185e-05
-1.7781668960620152e-05
-4.957763578272893e-06
-1.5291009023547175e-05
-2.1197245848570347e-05
-9.01454352274779e-06
-1.1470089623170522e-05
-1.2245977446676131e-05
-1.3593927618097097e-05
-1.4279382344786303e-05
-1.077763498480623e-05
-1.5036023601928854e-05
-6.654350776275971e-06
-3.202924783413639e-06
-1.057993884780745e-06
-9.94794476467391e-06
-1.1710295802128344e-05
-8.940586698074821e-06
-1.803618156880999e-05
-8.120188656849295e-06
-4.492089890913495e-06
-1.32476474803849e-05
-6.7929904285325275e-06
-6.507478379779471e-06
-1.094509809027849e-05
-1.5808277464712107e-05
-1.0986580227100375e-05
-6.816149349876136e-06
-1.8144772812669582e-05
-5.309574320927151e-06
-5.971797567106143e-06
-1.9808517651098582e-05
-3.264980692534769e-06
-1.134571828659109e-05
-1.5201015511002277e-05
-4.249411105793354e-06
-2.1142026145464444e-05
-4.52114971288442e-06
-6.402400410109874e-06
-1.6851183472564925e-05
-1.0755219270243526e-05
-1.7413098823490553e-05
-3.781672338472162e-06
-1.3894254942442773e-05
-2.0466335626185982e-05
-7.544510552433732e-06
-1.3457318250536867e-05
-9.764162460949063e-06
-1.049087843324137e-05
-1.6963948000093887e-06
-6.07157605444048e-06
-2.0258281332270094e-05
-8.03661702752555e-06
-4.287380934210373e-06
-1.0906762302944327e-05
-7.088182763815446e-06
-3.5542240230216135e-06
-9.057231075631884e-06
-1.0247633545297631e-05
-1.4037108201237136e-05
-1.6708157436355046e-05
-1.0369187595703677e-05
-1.883652471485779e-05
-1.5903410365773806e-05
-7.486272133535845e-06
-8.755234039874803e-06
-1.3266689642423544e-05
-1.2437586556353362e-05
-1.3446051620463453e-05
-1.7799633086826032e-05
-1.405284240360293e-05
-7.4053539409249325e-06
-5.9362955947496726e-06
-1.1881371005266544e-05
-1.740232651210783e-05
-1.220990892275363e-05
-1.2836771168694895e-05
-7.272179727183322e-06
-1.5368334343828765e-05
-2.071177915437113e-05
-4.210538918113259e-06
-1.3080490639613236e-05
-1.905471389607577e-05
-9.1880409028009e-06
-5.69923174456142e-06
-9.163346274026653e-06
-1.577176588262636e-05
-1.4546781848200888e-05
-9.897282799332878e-06
-1.1268406715394507e-05
-1.1821134823798067e-05
-2.9908084551648014e-06
-1.2232260673898583e-05
-8.457436440298493e-06
-4.668577584464823e-06
-1.2838003240790907e-05
-5.009066046732e-06
-1.2144524952420525e-05
-1.1556381805283616e-05
-8.922360969318235e-06
-1.5707915059157757e-05
-1.4906433848212012e-05
-1.2227028770685802e-05
-1.0836016179953555e-05
-1.2577447673199197e-05
-1.0882789038507624e-05
-1.499174130572421e-05
-4.27400480508949e-06
-1.0290059152174107e-05
-1.1022227385172296e-05
-1.057788454105386e-06
-9.286053259738556e-06
-7.346546102916861e-06
-9.401307009637783e-06
-1.5190318480796674e-05
-9.730951277349813e-06
-1.1106966075542805e-05
-9.692184484541575e-06
-8.99070149744322e-06
-1.561105199335981e-05
-1.2246226367522282e-05
-1.3190674694587152e-05
-9.440594334884092e-06
-9.095071237609057e-06
-1.2317473767687037e-05
-5.348889558088038e-06
-1.1917705445419848e-05
-1.175611939385254e-05
-5.5427779785579745e-06
-8.965497825191108e-06
-1.3559374147795286e-05
-1.7852611234064442e-05
-1.0924351444018731e-05
-3.7114004242231157e-06
-1.1502113614268622e-05
-9.858993620551915e-06
-1.1404058208257594e-05
-1.5262851160653173e-05
-1.2354625965624833e-05
-1.3674616247865312e-05
-1.7313108273395968e-05
-9.34521177517138e-06
-1.178658270151463e-05
-1.4624177633249904e-05
-7.20092032246585e-06
-6.341502137707396e-06
-1.0993092072248505e-05
-6.993353876359634e-06
-4.026009034124087e-06
-1.1564913437540423e-05
-1.2549607839931742e-05
-1.0127423830528004e-05
-4.956332425912538e-06
-7.518194187608405e-06
-1.7989064162091716e-05
-8.955393622934477e-06
-1.2244006235155231e-05
-1.731590950533879e-05
-1.5079119491967037e-05
-8.832858962851292e-06
-4.430930743545467e-06
-1.658495282279998e-05
-1.4232428395862535e-05
-1.3408428891328967e-05
-1.49225454961392e-05
-9.734717860616167e-06
-8.415377771092191e-06
-7.661253554409312e-06
-6.5656222945552175e-06
-1.646789091657447e-05
-1.0719402993752615e-05
-8.922313347850394e-07
-7.224648475083058e-06
-1.3461711723282147e-05
-1.2025225276013317e-05
-5.3726533626369555e-06
-1.2428884366108543e-05
-1.6846338789723154e-05
-7.009734463000791e-06
-6.229019359370003e-06
-8.778844311226873e-06
-1.3206831256085899e-05
-6.651359386099749e-06
-4.478458828950318e-06
-1.4074827916467636e-05
-1.4757521996875701e-05
-1.3207923619249564e-05
-1.8043325670663807e-05
-1.1123332824908648e-05
-9.571935358759935e-06
-1.7509927975469665e-05
-6.592313509104821e-06
-9.974227567032616e-06
-1.4639487195878946e-05
-7.837199806624176e-06
-1.4138155448256322e-05
-1.1372898485094826e-05
-6.28542933805224e-06
-1.0573681138606411e-05
-5.2883585793310804e-06
-9.377065035480507e-06
-1.302164435268233e-05
-1.2718295634635005e-05
-7.015203456501174e-06
-4.037833620290052e-06
-1.1709984001499615e-05
-1.2303257765389763e-05
-7.859240400964747e-06
-8.50738791272648e-06
-7.817622917853485e-06
-6.193750243035711e-06
-1.449830408684589e-05
-1.6941199840680197e-05
-1.3016107674658474e-05
-1.8465850553426905e-05
-1.969595156937912e-05
-1.3939236153350154e-05
-8.30214830055624e-06
-1.3383350724121224e-05
-6.7998711674807454e-06
-7.118628602932397e-06
-1.3106501407172038e-05
-9.979291867526272e-06
-5.068556322515942e-06
-4.429552966469556e-06
-1.411968126213041e-05
-1.180245102084733e-05
-8.392369206910889e-06
-7.680717869199683e-06
-6.608781218214916e-06
-1.344762253122624e-05
-1.0079337377869261e-05
-1.385076154737741e-05
-1.2010940549499951e-05
-1.4626638029303807e-05
-2.2038262874860305e-05
-1.1398034373905982e-05
-1.1379892205374828e-05
-1.2484845133395417e-05
-7.5614456182300264e-06
-6.376824767606549e-06
-1.4137248387007308e-05
-1.1487193620878484e-05
-6.043139365473336e-06
-4.86975369547277e-06
 5.177126702729598e-07
-1.5405330187993255e-05
-1.327785736246628e-05
-6.442854980214488e-06
-1.6631134249595063e-05
-1.391467471021065e-05
-1.1646900061348721e-05
-2.034794142020327e-05
-1.149846711281938e-05
-1.7644587912570785e-05
-2.4011837712937522e-05
-1.722986107679021e-05
-1.7189732652092316e-05
-9.872603824884432e-06
-1.729212314848847e-05
-1.837958951148159e-05
-7.890878899166032e-06
-1.3713708269693582e-05
-9.634614266115364e-06
-8.382839834553979e-06
-5.6627295486943926e-06
-1.529275254373824e-05
-1.551334604469944e-05
-3.5395868700124946e-06
-1.4475916317808232e-05
-1.196786619983469e-05
-1.4120782849183712e-05
-1.424424700722491e-05
-1.1541598782501123e-05
-2.0460935160773564e-05
-1.1253475018305573e-05
-1.1632188142001532e-05
-9.047069451166469e-06
-4.392225024678402e-06
-1.3858899132238493e-05
-9.317135413926304e-06
-3.1276678709929194e-06
-4.303219822763801e-06
-8.701830074180685e-06
-1.1512151251911175e-05
-1.807445700622304e-05
-1.1685042291826163e-05
-1.1280251152985526e-05
-9.814549224716872e-06
-1.2226641811208852e-05
-1.670469023772506e-05
-5.046959924440062e-06
-1.2310029557628317e-05
-1.5127261182529593e-05
-1.5349262616497987e-05
-9.495703616417253e-06
-1.2271345877672132e-05
-1.707591783126499e-05
-1.0258635745773671e-05
-1.3402503872054274e-05
-9.843066325725011e-06
-8.457881295409654e-06
-8.299172748894082e-06
-1.1299685718806422e-05
-9.833677714795437e-06
-9.216526023956636e-06
-1.5570728344339886e-05
-9.696413713055965e-06
-1.174287082820258e-05
-1.509763688885447e-05
-9.999888824934867e-06
-1.1418809737980518e-05
-1.2387022715011318e-05
-8.643978421893264e-06
-1.9294646182992387e-05
-1.258344881390918e-05
-1.5365122431302435e-06
-1.1916576260409388e-05
-6.706028684626979e-06
-4.455700572677463e-06
-8.216514076825954e-06
-6.101353233793253e-06
-8.336742689064526e-06
-6.106566960556148e-06
-1.4530590958347053e-05
-1.4404590604411488e-05
-1.4067116118256401e-05
-2.0011225547612714e-05
-1.1606863332248524e-05
-1.1750564167939448e-05
-1.8059316223059336e-05
-1.4606548633754233e-05
-1.3282831565355677e-05
-1.563356622215154e-05
-1.503262875977893e-05
-1.2990415582061608e-05
-1.592986786860622e-05
-1.4528246732634302e-05
-7.361083569687447e-06
-3.4701204661458425e-06
-7.0944000708970755e-06
-1.3733493670158774e-05
-1.551330155403394e-05
-1.499864209204697e-05
-9.964498627014988e-06
-1.1880584061334275e-05
-2.0965911404217802e-05
-1.5948132517377836e-05
-8.396951944169277e-06
-1.6688230493718628e-05
-1.3892326059383197e-05
-8.543021923059496e-06
-1.0383523436407586e-05
-5.940702716434849e-06
-1.4723567356842704e-05
-1.3903880506599199e-05
-5.753487483146229e-06
-1.2018855354216227e-05
-1.5116461095414372e-05
-9.907088679806349e-06
-8.640142022920131e-06
-1.1029658421362874e-05
-1.3585309301759904e-05
-1.5154538797346707e-05
-9.962052386802028e-06
-1.166115199904792e-05
-1.5261874324050353e-05
-9.75264852633014e-06
-5.709165660788666e-06
-6.605302044161673e-06
-1.1205608651777774e-05
-1.0425361486120725e-05
-1.104804651199121e-05
-1.02074528791654e-05
-8.726638008541224e-06
-1.3693171153653424e-05
-1.2496536962821926e-05
-1.0796711311449527e-05
-1.043733453666833e-05
-8.220942044129776e-06
-8.550911137154675e-06
-1.1472980045757398e-05
-1.566809577839808e-05
-1.2187722334879689e-05
-8.221222447043934e-06
-1.1648036613774654e-05
-1.5505022035310982e-05
-1.2519547754726918e-05
-1.0638583749926815e-05
-1.0938065331963778e-05
-1.3586058394530988e-05
-1.5313486145244697e-05
-9.607385817494834e-06
-9.367287789906903e-06
-1.2443936765963906e-05
-6.050817546321036e-06
-1.730568441126318e-05
-1.668198751868408e-05
-1.6130831326683365e-05
-1.3966928929122788e-05
-5.838641968983799e-06
-1.1813498902876399e-05
-1.2667093079816376e-05
-1.0742273694608382e-05
-1.0498236572570892e-05
-8.35132011084022e-06
-1.1360993204605495e-05
-1.3211347495544051e-05
-1.2720178316890584e-05
-7.870112460065048e-06
-1.2014381370777403e-05
-1.5144810352644438e-05
-1.3140584178278792e-05
-1.2662767556796884e-05
-1.1244375652040229e-05
-1.8657148458974556e-05
-1.3945873203890569e-05
-1.156771877458155e-05
-1.4932719261813007e-05
-8.123190521256943e-06
-1.7062597035549207e-05
-1.3608930905024778e-05
-9.317101545376702e-06
-1.8601527309257386e-05
-1.4229739176226689e-05
-1.0887115749531575e-05
-1.0207901258276607e-05
-9.357382306248296e-06
-2.14966061467823e-05
-1.2800090062408946e-05
-7.1174394362885885e-06
-1.6047826243085642e-05
-1.2234164165959986e-05
-7.894650777321428e-06
-6.284501675195365e-06
-1.1955770365122537e-05
-1.5029881913703632e-05
-7.681784873867713e-06
-1.5043012571974445e-05
-1.3274677538955337e-05
-4.400428804786115e-06
-1.655362708145588e-05
-9.21275675345089e-06
-1.258092092610606e-05
-1.715508142010688e-05
-1.0333284233171166e-05
-1.3725001602615047e-05
-9.447549587703835e-06
-6.837808450023845e-06
-1.3721874788242634e-05
-1.3077416275999814e-05
-1.5834050002402248e-05
-1.2205306776816848e-05
-1.1338306330890515e-05
-1.272256644997486e-05
-8.091515921745856e-06
-1.1707866819023679e-05
-1.2554627146781071e-05
-8.237950712845433e-06
-1.150019905374752e-05
-1.3128863308859398e-05
-1.3100182312682017e-05
-1.0256444198420056e-05
-1.1581787489836471e-05
-1.2429742558179344e-05
-8.85649907874196e-06
-1.609883174222738e-05
-9.443276406502615e-06
-1.2439309249073454e-05
-1.75818859875414e-05
-1.5725992618634992e-05
-1.774833811764916e-05
-1.52969281111867e-05
-1.5373575495432088e-05
-1.2850551684823759e-05
-1.3364673831767545e-05
-1.288115107148599e-05
-1.0492068822597488e-05
-1.1517363219090828e-05
-1.8810252596457624e-05
-1.6595578303916245e-05
-1.0839006534412159e-05
-1.6147126598303475e-05
-1.2038673544861167e-05
-1.1592382963245376e-05
-1.2318440959849282e-05
-5.883874928911682e-06
-1.2039331189757201e-05
-1.2288242916284655e-05
-5.588964247942362e-06
-9.724711440179045e-06
-1.2732340760966773e-05
-8.283935868967204e-06
-1.1207094877448533e-05
-7.597135169687378e-06
-6.605626238237336e-06
-8.438589799153902e-06
-9.007106324320152e-06
-1.36274392213207e-05
-1.3078794087495562e-05
-1.608007851625091e-05
-1.1599273821765374e-05
-6.795981180520968e-06
-1.6563408621294926e-05
-1.1802404354616059e-05
-1.2147537327144644e-05
-2.093224680059887e-05
-1.956092706866407e-05
-1.1479769448593992e-05
-3.825019426611126e-06
-1.5367387125462997e-05
-1.6552435358332623e-05
-1.1197659165094713e-05
-1.5293700523737916e-05
-4.5657517501554255e-06
-7.815788251279972e-06
-9.795064460522014e-06
-7.41520563993341e-06
-2.152866319841889e-05
-1.346661557141371e-05
-1.1854503070294063e-05
-1.2167302277892708e-05
-9.234423735967718e-06
-1.5880185639317192e-05
-1.292249487965704e-05
-1.6097384544700155e-05
-1.5175321490471686e-05
-1.5890384328601637e-05
-1.4980934752821402e-05
-1.0199635688550808e-05
-8.731951433025265e-06
-1.0958914284890912e-05
-8.06462582466755e-06
-8.79668378271879e-06
-5.262694065951412e-06
-7.905790453962972e-06
-1.8446160541003267e-05
-1.1828046418812585e-05
-8.651479625285545e-06
-1.1678287976426096e-05
-1.8576247504427892e-05
-1.1023606485891994e-05
-4.320887360780203e-06
-1.1583254208577749e-05
-1.061133561306944e-05
-1.0936221763257378e-05
-1.1280226621100729e-05
-1.5798426337240075e-05
-6.496739129648461e-06
-5.436566049709931e-06
-1.624428512269205e-05
-1.254699947968908e-05
-1.370688506240493e-05
-1.2741673160846293e-05
-1.4084160650016013e-05
-1.7761097646568753e-05
-1.2530329931836499e-05
-1.38743695879437e-05
-1.5469153208224072e-05
-1.5852916722359946e-05
-1.4893972218826381e-05
-1.0815933928952627e-05
-1.335122145796644e-05
-7.394672841038266e-06
-6.844108632094084e-06
-8.362712251226818e-06
-8.989895298365395e-06
-7.756957726143837e-06
-7.211859302033474e-06
-1.3064511744899463e-05
-5.633244987333685e-06
-1.5397963443420626e-05
-1.6634712751185526e-05
-1.1093385809051689e-05
-1.6037310875895887e-05
-1.2226198612926164e-05
-8.530861048561009e-06
-1.1614576012717529e-05
-1.6034105971313782e-05
-1.181432884898209e-05
-6.720637720375701e-06
-1.6768918546492045e-05
-1.176104961074835e-05
-1.213440893124849e-05
-1.4849773695314915e-05
-8.128167961272566e-06
-1.184647969019328e-05
-1.5811125482266815e-05
-1.2382994727273927e-05
-1.163030284837754e-05
-1.5361299642121388e-05
-7.45521261196956e-06
-9.755896289611876e-06
-1.2961742713208384e-05
-1.123558629740634e-05
-1.6046189566903148e-05
-1.2388901695997722e-05
-1.1178775932380186e-05
-1.056904674326419e-05
-1.1547824227940153e-05
-1.2897852039479197e-05
-1.1263028772604928e-05
-1.6067384198461576e-05
-1.2191937574880476e-05
-8.789873122972863e-06
-1.4048637627914214e-05
-1.2449304754866942e-05
-1.1540993034051058e-05
-1.251634655057414e-05
-5.9726942519422335e-06
-1.2041843739163648e-05
-1.2984297058121389e-05
-1.3685768750549905e-05
-1.5851710844336564e-05
-1.5081303867602757e-05
-1.0771321027538195e-05
-1.6710910210965885e-05
-1.4394388467262601e-05
-1.1348972053871447e-05
-1.2981677703248293e-05
-1.1157601939421005e-05
-1.3099372539357259e-05
-8.02762916157185e-06
-1.2205880718488315e-05
-1.5119286174872564e-05
-7.642123638560789e-06
-9.727588667730433e-06
-1.276671039137481e-05
-5.573754094577649e-06
-9.751453859524287e-06
-1.0139399122729294e-05
-6.422701450151191e-06
-1.1808067036887723e-05
-1.315441087335711e-05
-1.3678932050157447e-05
-1.5529215771206454e-05
-9.82136581907874e-06
-6.3455252301961515e-06
-9.11820019604412e-06
-1.0983288872527737e-05
-8.15580618014446e-06
-1.2489002584826913e-05
-1.7504265663281372e-05
-1.0575983807081871e-05
-1.6486454185561073e-05
-9.02215052310128e-06
-1.0804564918978448e-05
-1.9914061952265074e-05
-1.0203673475110682e-05
-1.687628830546294e-05
-1.136914039411097e-05
-6.991997040253991e-06
-1.4071233158560045e-05
-1.5688240067426383e-05
-1.2403915160733629e-05
-8.667401157824673e-06
-1.1264630493616752e-05
-1.0803325399686656e-05
-7.882654285279623e-06
-3.939220547906569e-06
-9.735681926753596e-06
-1.0283854793439139e-05
-6.296852519064148e-06
-1.1962588849437115e-05
-9.781145147711214e-06
-6.943052233455811e-06
-1.0684988526914759e-05
-6.559254664090014e-06
-1.6970107569242347e-05
-8.638281913507015e-06
-8.161035559019881e-06
-1.5114430755111181e-05
-8.671086438109324e-06
-1.6495538728569358e-05
-9.401732906442747e-06
-1.307054838148087e-05
-1.981620921893415e-05
-1.3061348153182586e-05
-1.894055099738522e-05
-1.718756818244588e-05
-1.2699319178591128e-05
-8.405239054361301e-06
-1.4746426405820044e-05
-1.4532758187484967e-05
-1.1796087098925417e-05
-1.8075429150197735e-05
-9.649037335279759e-06
-9.160198576933538e-06
-8.143374668161947e-06
-9.432742475633898e-06
-1.0478242135837893e-05
-9.247950158097038e-06
-1.3187459288010225e-05
-5.152019410244454e-06
-7.567475168388568e-06
-1.0538488584553593e-05
-6.215056214204434e-06
-1.2187659752199313e-05
-1.2558372679008199e-05
-8.720427209921748e-06
-1.1119911544395033e-05
-8.233039901679068e-06
-9.10131199963347e-06
-1.1335328725087695e-05
-1.3618945498200508e-05
-1.3199478554141857e-05
-1.3511099422455747e-05
-1.3218963451508541e-05
-1.3570566287814117e-05
-1.2871843211032387e-05
-8.183231905151467e-06
-1.255422852778239e-05
-2.0759944578003487e-05
-1.4409368825148532e-05
-1.4337822746570168e-05
-1.7496136653115794e-05
-7.2597241795204914e-06
-1.043393678196219e-05
-1.8133914220757465e-05
-1.2490014239771689e-05
-1.1225505222472234e-05
-1.3866632898523502e-05
-1.2358659838634448e-05
-6.360719720010406e-06
-1.4665675626101058e-05
-1.2057809882371885e-05
-5.852893313267197e-06
-4.079737875606651e-06
-9.82780161745535e-06
-1.0511458918884619e-05
-1.2054766183307861e-05
-1.5340674009981747e-05
-1.0794028696896134e-05
-1.3952943396389555e-05
-1.2688013724396366e-05
-8.424989956126815e-06
-1.2042044083147363e-05
-1.574458794073576e-05
-1.2873760495898865e-05
-1.1040175542505775e-05
-1.401292345112749e-05
-1.231330973374041e-05
-6.26571889346883e-06
-1.1923932829626282e-05
-1.0374100549536842e-05
-1.2054721594227611e-05
-1.5564813644641356e-05
-1.337501227556512e-05
-1.2941009714513272e-05
-1.1787305366589737e-05
-2.1333378157361362e-05
-1.3963070037632927e-05
-1.4865685231050701e-05
-1.7014601585862058e-05
-1.1259583202912848e-05
-1.585627771896028e-05
-1.0301729915024315e-05
-1.1499877521357985e-05
-1.091379680294742e-05
-1.3972312641548676e-05
-9.788093199297137e-06
-1.0064258290950266e-05
-1.5166546721194289e-05
-5.446485037153567e-06
-9.866284487082283e-06
-1.0694976598916656e-05
-1.15165789945178e-05
-1.0454514330262269e-05
-9.113312733281194e-06
-1.423457517767863e-05
-1.5163649145646052e-05
-8.068634450517394e-06
-1.5215994104881202e-05
-1.3890487877822081e-05
-6.9763775626070985e-06
-1.335907122612684e-05
-5.844525366537205e-06
-1.5214028688633497e-05
-1.1538181449120586e-05
-1.0336521946374898e-05
-1.7680175734305322e-05
-7.784849221333607e-06
-1.2045002927242068e-05
-1.0474599203620212e-05
-1.4776541193410563e-05
-1.4550321925539547e-05
-1.2124377600063553e-05
-2.088695624381846e-05
-1.477447563150086e-05
-1.6553704750863237e-05
-1.468377315071239e-05
-1.1656851069868562e-05
-1.87216923393077e-05
-1.1577554956845761e-05
-6.982586879763778e-06
-1.4245017229099442e-05
-1.2745824823729275e-05
-1.1575812601802868e-05
-1.5929689570754467e-05
-6.890627472938303e-06
-8.424847126537676e-06
-1.4669786536746947e-05
-8.42117842806488e-07
-1.3663203031447445e-05
-1.1314939515084007e-05
-7.849993455141867e-06
-1.8710206442952792e-05
-1.21946720414331e-05
-1.1787721983314627e-05
-1.2841219862766613e-05
-5.656809572377287e-06
-1.025388165044983e-05
-1.2554005202756597e-05
-6.493492041375563e-06
-1.4503827924407554e-05
-9.73849719756053e-06
-1.323125540752493e-05
-2.2792572409937813e-05
-1.4762405348358783e-05
-1.6606586404637678e-05
-1.7845648365864987e-05
-1.559335312118495e-05
-1.6056895013595375e-05
-1.5045114046392079e-05
-8.375938320504778e-06
-1.7958251040245127e-05
-1.541213320437375e-05
 1.1137379373147887e-06
-1.3780087032871014e-05
-1.1329651122658626e-05
-7.709757162539005e-06
-1.2665237380155098e-05
-3.885757057552079e-06
-1.2023075309973879e-05
-5.133002219247296e-06
-1.0463817915556328e-05
-6.842358820658108e-06
-9.127643278886602e-06
-1.9744211216979412e-05
-8.300505065267244e-06
-1.676608671975523e-05
-9.879721832810683e-06
-1.4874728392916099e-05
-8.923209958794942e-06
-8.413683435615703e-06
-1.4888016373285484e-05
-6.596408969091559e-06
-1.6851803534845668e-05
-9.669034148258645e-06
-1.2278420395101195e-05
-6.7166542394051495e-06
-6.136499219522649e-06
-1.536315215150864e-05
-6.130578685089389e-06
-1.7704512628567544e-05
-1.4244813714616399e-05
-1.490151910355051e-05
-1.7057176568592927e-05
-8.24108575474037e-06
-8.573916702133469e-06
-3.8722586278983624e-06
-1.330563526860268e-05
-1.7364730647855296e-05
-1.0943343658574869e-05
-1.6869138579822745e-05
-1.457617678964879e-05
-8.687335382909455e-06
-1.1533417903007754e-05
-1.1093321698531417e-05
-1.4212743745560294e-05
-1.573263379104341e-05
-1.6116117614535034e-05
-1.5230942993602654e-05
-1.083669266170312e-05
-1.1189905104118724e-05
-8.206507696954416e-06
-6.627095152679653e-06
-9.343960703422492e-06
-1.115452119528367e-05
-8.3389125316783e-06
-9.616959166640264e-06
-1.3565677941973323e-05
-1.1023915168992754e-05
-1.3791687929611275e-05
-7.524827667001174e-06
-1.0603463579039192e-05
-1.5131716645901438e-05
-1.1824485784235218e-05
-1.4836502632301523e-05
-6.885618966103802e-07
-1.424219936226093e-05
-1.6806071325698116e-05
-1.4507075760761005e-05
-1.7373444155093656e-05
-8.017692963750375e-06
-1.2450942318332943e-05
-1.5558150193167815e-05
-1.0558666007647467e-05
-1.1842176829278646e-05
-1.3264681159709121e-05
-1.1082940797820866e-05
-1.1134512224147289e-05
-1.1520529346610438e-05
-1.3514678153223965e-05
-1.0958397069174347e-05
-1.4279521627794334e-05
-1.2431370797667778e-05
-6.1515310895392634e-06
-6.451372116505454e-06
-3.861843619617739e-06
-4.432727019723303e-06
-7.331723455226844e-06
-1.430972829218972e-05
-1.3161359738237605e-05
-1.6866987884905915e-05
-1.4425987487787887e-05
-9.219527462539242e-06
-1.36789117845002e-05
-1.1104129676050977e-05
-1.3765047217062728e-05
-1.082443222646111e-05
-1.4366145425009014e-05
-1.2549395402105004e-05
-8.97545438701431e-06
-1.159431432941744e-05
-1.3872211067012907e-05
-1.320646890266412e-05
-1.4201357501106457e-05
-1.527057881770383e-05
-8.013751686705816e-06
-6.488901316290811e-06
-6.998953590806215e-06
-1.1500884032444345e-05
-5.21598081274388e-06
-5.268960406518521e-06
-1.1766385948339433e-05
-1.3941802645721977e-05
-1.2784205915797602e-05
-9.071755348208677e-06
-1.3993607289920374e-05
-1.0784621020920981e-05
-1.7540358256629557e-05
-1.6699018527972448e-05
-1.1968081331666997e-05
-1.8161184999016063e-05
-1.042718707246343e-05
-1.4333421035722466e-05
-1.0125035549652386e-05
-1.2585031233437287e-05
-1.528626840042683e-05
-1.1112274665724221e-05
-1.091806031207009e-05
-8.993345822111876e-06
-1.150367156246936e-05
-1.1165835797487886e-05
-1.1218838833975783e-05
-1.1504961778316655e-05
-1.3668897605500527e-05
-1.0723917591818472e-05
-1.1862962524797458e-05
-1.3316947350257044e-05
-1.1281275689939969e-05
-1.3864011242940852e-05
-1.0323077620257035e-05
-9.828451973541133e-06
-1.9339161925334536e-05
-1.399306304733209e-05
-6.815444190296354e-06
-1.4544900699600666e-05
-1.3009084533637686e-05
-1.4072052787622465e-05
-9.710744463127707e-06
-4.80522825159506e-06
-1.4822899818575158e-05
-9.190028114693726e-06
-2.508328909847635e-06
-1.5365054843993214e-05
-1.1780203784744688e-05
-7.2220678501796725e-06
-1.0940534749005573e-05
-6.709706327085852e-06
-1.449902885172714e-05
-7.051634242029164e-06
-8.480851241521695e-06
-1.5456394550532e-05
-8.788444346761346e-06
-1.7271681538079364e-05
-1.4699904881629478e-05
-1.1553363972938734e-05
-1.3715070689794206e-05
-1.3554024955977776e-05
-1.0550895135087268e-05
-9.468897671978236e-06
-1.3748691081337035e-05
-7.866882590685102e-06
-1.039478650443378e-05
-1.5532276358256137e-05
-8.4265541874304e-06
-1.4902346014242182e-05
-1.219333440480611e-05
-9.820050080103504e-06
-1.627879155098022e-05
-1.3046359769596396e-05
-1.0973278874421146e-05
-8.890931330628164e-06
-1.1821163727217614e-05
-1.05604450816164e-05
-6.4001309149301905e-06
-9.800199896206724e-06
-1.4067685500707533e-05
-1.6249745500980535e-05
-1.5549883746217082e-05
-1.3717858970461419e-05
-1.6315432296529684e-05
-1.564151363038351e-05
-1.334169714221569e-05
-1.4236230841913781e-05
-1.848597817782921e-05
-1.2414106790084324e-05
-1.2069162371627851e-05
-1.3002635064429303e-05
-1.221988275028842e-05
-1.800693286106731e-05
-4.64323956626217e-06
-8.552804009286783e-06
-9.854481666627118e-06
-5.264432721686717e-06
-1.690896885512996e-05
-9.833840248577334e-06
-1.301365229574274e-05
-1.7784113549624013e-05
-1.0536929213097311e-05
-1.2074981719167795e-05
-1.6171771320396813e-05
-9.777019279876826e-06
-7.604235979989107e-06
-1.3561936858766532e-05
-9.069937020799782e-06
-1.9905681244180916e-05
-1.395560106013887e-05
-1.2614232288800641e-05
-1.4991790923920176e-05
-9.117818495366194e-06
-1.3963879696543293e-05
-1.0898421324137386e-05
-1.1440258255723775e-05
-1.1676971875169014e-05
-1.637478864412813e-05
-9.868354744437389e-06
-1.0286843307781302e-05
-1.5806921603395863e-05
-1.1039440230510598e-05
-1.4003070911352626e-05
-1.080952401645896e-05
-1.4649003095501503e-05
-1.2507630242042955e-05
-1.2592824855968274e-05
-1.805342132477393e-05
-1.3726084612669078e-05
-1.8678869353863393e-05
-1.2616356571374785e-05
-1.4660735150847509e-05
-1.5360087266729032e-05
-1.0821138690095067e-05
-5.674046975004819e-06
-5.351984574515017e-06
-1.4488940508281084e-05
-1.0296333533288554e-05
-1.2710919272837453e-05
-1.4964977167739016e-05
-6.378701346286357e-06
-1.5051430953924505e-05
-9.248703177450516e-06
-5.42892539294831e-06
-1.4092688686314543e-05
-7.943447165536172e-06
-1.0259976029500182e-05
-1.6377281839752463e-05
-1.5986507333347454e-05
-1.576210284105661e-05
-1.0407785966532047e-05
-9.625442183112502e-06
-1.391104555489427e-05
-1.0794735888717064e-05
-1.1974197541344953e-05
-1.3558948233438141e-05
-1.4172052261682482e-05
-1.5785973352960737e-05
-1.3937269930694813e-05
-1.887449961900109e-05
-1.5152134752688364e-05
-1.3812335123109379e-05
-1.0602694388432424e-05
-1.2486066383820962e-05
-1.5547396488236986e-05
-1.130694621430683e-05
-1.3777825063004224e-05
-1.1309915658938825e-05
-1.691992048846148e-05
-1.2110538453322778e-05
-1.0085814408744303e-05
-1.5845970745471127e-05
-8.207554282596905e-06
-1.241226819429539e-05
-1.0264912299362896e-05
-1.0052660383598437e-05
-1.3156716410004248e-05
-9.39357804506084e-06
-1.6640105783551762e-05
-1.0096812592297012e-05
-1.273329521791663e-05
-1.5635933312066884e-05
-1.375891982195675e-05
-1.0451098543620333e-05
-1.3191074710075467e-05
-1.9985737384633994e-05
-8.196589667550171e-06
-1.7895992098184814e-05
-1.4336144537332618e-05
-1.2210597590663355e-05
-1.3018236728795239e-05
-1.204998515152576e-05
-1.2955204570019011e-05
-9.481705526310257e-06
-1.347147478817977e-05
-6.169201641416134e-06
-1.574818059138845e-05
-1.4202716735992262e-05
-7.111100109617806e-06
-1.4198856453178057e-05
-7.966953707828535e-06
-1.338163464201348e-05
-1.7346300959103484e-05
-8.977560861801191e-06
-2.0144933718319716e-05
-1.3397293278717344e-05
-5.024262096051142e-06
-1.455055943308992e-05
-1.0587393773235345e-05
-1.2020715175462498e-05
-1.0800735757770292e-05
-1.2275428414216685e-05
-1.2956894269218719e-05
-9.437960880098975e-06
-1.7157372225615892e-05
-1.8155684255759433e-05
-1.551861745834334e-05
-1.0922740384639143e-05
-1.1688956620284864e-05
-7.88614993667643e-06
-5.225362983506509e-06
-1.7787677535315383e-05
-1.4376189309648293e-05
-1.2832596913609085e-05
-2.055133513956346e-05
-1.0070590259621488e-05
-1.2414699911571671e-05
-1.3419438931920354e-05
-1.4303792237197335e-05
-1.5970909506210516e-05
-1.3301658392873226e-05
-1.1328606620874654e-05
-1.1303896517516449e-05
-8.653462851200562e-06
-6.32952739093948e-06
-4.712963254095318e-06
-1.2777341101061933e-05
-1.301262027937356e-05
-1.1944131693822352e-05
-1.342198653625141e-05
-1.1769721027206062e-05
-1.6529977610914734e-05
-1.2899620188194816e-05
-1.1832374335299977e-05
-1.37930549898195e-05
-1.4077361897800597e-05
-1.6121035381135583e-05
-1.341732195556435e-05
-1.389202733128689e-05
-1.0785839806316816e-05
-1.2306189373480544e-05
-1.2874075265501567e-05
-6.7093919357665705e-06
-1.517783124384392e-05
-1.2263891371109439e-05
-1.0279350481251203e-05
-1.8708569438357867e-05
-9.910774756567195e-06
-1.0080369093612058e-05
-1.374201032303307e-05
-1.1075558810547402e-05
-1.2080380934317288e-05
-1.6291229635931615e-05
-1.0227505492295639e-05
-9.983330131486073e-06
-1.3725426890512751e-05
-1.1335060306590057e-05
-1.450891185398651e-05
-1.5739229263968348e-05
-1.1037737960715118e-05
-1.4542152620414649e-05
-9.814427591404422e-06
-8.144033494398888e-06
-1.591927924490997e-05
-5.6824347456884186e-06
-1.3475309812267506e-05
-1.5165025706585448e-05
-1.5010114712464903e-05
-2.041965825712638e-05
-1.3524799755504388e-05
-2.2125804429496077e-05
-1.341840211967436e-05
-7.897899299399367e-06
-1.3251693672629014e-05
-6.9311918961601875e-06
-1.7407025617167e-05
-9.262532102996946e-06
-8.307654428760713e-06
-1.3050795766554167e-05
-3.7476695428487185e-06
-1.0827351606094041e-05
-1.297154041085087e-05
-6.335378010830532e-06
-1.0068815825087086e-05
-1.0870998784377716e-05
-6.709770990592818e-06
-1.2662256879500291e-05
-1.2985457301575778e-05
-9.348918438833163e-06
-1.4511803803130563e-05
-1.65041205302602e-05
-1.8288533061284304e-05
-1.3546087602614377e-05
-2.2663635575780495e-05
-1.847946153531892e-05
-1.2664617944857069e-05
-2.0420575455894868e-05
-7.821161365762788e-06
-1.2415012362132697e-05
-5.114274796260792e-06
-1.2001893936851183e-05
-1.68165520351246e-05
-7.184027432750328e-06
-1.6637534419595915e-05
-8.212040595395528e-06
-1.834332908743783e-05
-1.3757264649179457e-05
-1.0797449298511036e-05
-1.7916091711859613e-05
-8.46794647450656e-06
-1.1987445395584769e-05
-8.47329636363569e-06
-9.760124889054295e-06
-1.1706155934025969e-05
-1.407132987507767e-05
-1.0799089595297902e-05
-1.2470740518456731e-05
-1.6101393070992917e-05
-1.3587718883975542e-05
-1.060256237724498e-05
-4.181317387521946e-06
-1.3706161937351194e-05
-1.7609229822678765e-05
-1.1530290646188215e-05
-1.6631947060333477e-05
-1.3410494096582742e-05
-1.684608156251104e-05
-1.2731420171472214e-05
-1.5371021629863965e-05
-1.7308470244339566e-05
-9.014618196520625e-06
-1.4281796209845911e-05
-8.032471969717278e-06
-1.0380493821535947e-05
-1.3742679076319199e-05
-1.4227337881152528e-05
-1.3284369453940836e-05
-1.5141077756509347e-05
-2.0427850317046924e-05
-1.0308931071551562e-05
-1.2309554409273375e-05
-1.0727824353776787e-05
-9.592873967254387e-06
-1.15972103978899e-05
-1.14796004358028e-05
-8.51008349435454e-06
-7.248062726406363e-06
-1.2273093621560592e-05
-1.3720879323919504e-05
-1.1109651896384689e-05
-8.950064098196918e-06
-9.755593287497168e-06
-1.4183758752349683e-05
-1.1016633607014802e-05
-1.4979288470835511e-05
-1.2135748998771757e-05
-4.797782092228838e-06
-1.220601209774055e-05
-8.65617911037974e-06
-1.570471483240389e-05
-1.741077723575693e-05
-1.1837994228159992e-05
-1.9362875682133673e-05
-1.5034782379937378e-05
-1.1390139608076897e-05
-8.72531015670184e-06
-9.807337782654752e-06
-1.1552465197632827e-05
-1.480762237077362e-05
-1.534246177042331e-05
-8.901473353002743e-06
-1.2017482399188207e-05
-1.1454827744182026e-05
-1.4508642060588147e-05
-1.3085722895099984e-05
-9.184439681005931e-06
-1.534807740757705e-05
-2.0803535544877532e-05
-1.2482128404890719e-05
-1.2493696574339405e-05
-1.2766307126917305e-05
-4.0765884270250795e-06
-1.047588749935186e-05
-1.1156713969984223e-05
-1.5411582198239273e-05
-2.0668553120413715e-05
-1.5865075081351185e-05
-1.6091985104539207e-05
-1.4169237806209228e-05
-2.1882550824164724e-05
-1.409176714316645e-05
-1.3220875738314436e-05
-1.7341799266902614e-05
-6.6879062793806155e-06
-1.768270425830832e-05
-9.233042171774973e-06
-8.633527331500539e-06
-1.5996982787269064e-05
-8.367539291205017e-06
-9.831625679851838e-06
-8.382914566588032e-06
-4.797528039509965e-06
-1.2979915167132576e-05
-1.2848521319252782e-05
-6.64866968412461e-06
-9.77255269660291e-06
-8.81166153207915e-06
-1.0028214718647108e-05
-1.3958991091081709e-05
-1.1540233031798828e-05
-1.7297711699522006e-05
-1.5057477592612215e-05
-1.2148379541694366e-05
-1.6308158706272097e-05
-1.4000284580039277e-05
-1.9193809702766384e-05
-1.2189908502920281e-05
-1.3596832116257646e-05
-2.3024796400912602e-05
-1.3209168323761366e-05
-2.6107747217383985e-05
-2.9174382668017264e-05
-2.968336462113067e-05
-4.3488981029416436e-05
-5.0506132145307914e-05
-6.546573290156441e-05
-7.918838878147102e-05
-9.645816110372795e-05
-0.00011790578125871288
-0.00013835342861109342
-0.00015777479346807888
-0.00018729005814994263
-0.00022019356565502305
-0.00025564412115912946
-0.00029065810483198923
-0.0003319698941711318
-0.0003789520881678179
-0.00043257769018944657
-0.0005019834353837966
-0.0005754637029845145
-0.0006641757511286102
-0.0007449977087789239
-0.0008092940284090122
-0.0008626401810907003
-0.0009018947101351122
-0.0009434474677663329
-0.000968771443425919
-0.0009836721365767574
-0.0009771277971926998
-0.0009448740626602131
-0.0008586044599536968
-0.0007157825625214773
-0.0006427203591109356
-0.000666053390677856
-0.0006307006094394292
-0.00045274323215008174
-0.0002347146970143891
-0.0001000436870810819
-4.353240196982846e-06
 0.00021711427951895211
 0.00050476687023955
 0.0006669345380642202
 0.0009362427306258842
 0.0015176813373177188
 0.002174582393648405
 0.0024720948248864233
 0.002217793928566053
 0.0018786984073626211
 0.0017504445157010761
 0.0018255732264234358
 0.0022580674451932294
 0.002268186507024121
 0.0013580921404528583
-9.942163942029275e-05
-0.001662963786473818
-0.0015338118030847779
-0.00019766138807701428
-0.00015744710048375599
-0.0007420993511611222
-0.001243360728599181
-0.0022491496169898357
-0.0038789470673540874
-0.005299653677923918
-0.00536456141681464
-0.0048682611934311995
-0.004161553940168971
-0.003418121928554412
-0.003533436885818019
-0.004563945995125409
-0.006261995032831414
-0.007331761515616111
-0.006615347468988135
-0.004354641558851938
-0.00199794462314317
 0.0004906503328186972
 0.0031779869478995378
 0.004305390743804711
 0.004648455604162202
 0.004711760396717802
 0.004560832294519591
 0.004775161696628656
 0.00565317118749542
 0.006339498448439786
 0.003419233138054554
 0.0012528146821422855
 0.004897769873466109
 0.008257519823493148
 0.009208674780639576
 0.009619989086900548
 0.006785219643065853
 0.0018806201502035904
 0.00017710304855821722
 0.0011966612869082165
-0.0013737196984347133
-0.006896507169865499
-0.008600888628575038
-0.006578741631527522
-0.007765250516034301
-0.010187034231236599
-0.006464727740010369
-0.006498281960355875
-0.01170449837496369
-0.01085012412724491
-0.010275909627070678
-0.01185632493426343
-0.012962435691503994
-0.013805252681597963
-0.01058583294231391
-0.009018585340508943
-0.010044223279680364
-0.006872338365867749
 0.00028314754374399837
 0.008076143435941487
 0.015084547916683682
 0.01808398604877652
 0.015148188466804787
 0.011362189644241865
 0.010864917704606533
 0.012202416195872874
 0.015059329478562297
 0.021239798687092463
 0.019194683428893022
 0.009216113598359919
 0.0032519079487707313
-0.0017752077594129522
-0.005239711759402147
-0.006084217921073423
-0.0012013952201862352
 0.008748784076739312
 0.007291994664955698
-0.012958126984059314
-0.026357405344327393
-0.023603035955144534
-0.022150800649376173
-0.02075537814773395
-0.02637283207647038
-0.03192780557080087
-0.03270764242367314
-0.031760409481765374
-0.017746452746901776
-0.003640041690182244
 0.010658563465121118
 0.027804132590216118
 0.04495966166362789
 0.04753343530151233
 0.032099948822157005
 0.03119164840047307
 0.03508003419176666
 0.034822859851746685
 0.03671174683053978
 0.03794071878355418
 0.032887179665923735
 0.020567765107579534
 0.010483983592799423
-0.009893048344164415
-0.025047780956352784
-0.024542837019722624
-0.02348911307598522
-0.025044046974209637
-0.0373508074594386
-0.047435343788477684
-0.04908177680247982
-0.05173047111243841
-0.05576560838083097
-0.052095473826489734
-0.03104400908696186
-0.015764124049647613
-0.021014454102802692
-0.013619786599686705
 0.0036053883966122406
 0.01480748590933881
 0.043537073432692544
 0.06146474154320274
 0.05334640315593281
 0.04338130515201418
 0.03821619124875729
 0.04409678165742586
 0.048160303178771575
 0.051128505042814285
 0.04711685759995668
 0.03837613976280154
 0.024810251920008356
 9.872322817349309e-05
-0.013870083498806033
-0.01672846702143002
-0.009451690222250949
-0.0292402885887089
-0.05437823253986258
-0.05721037240334921
-0.07032263012899226
-0.054253038033428826
-0.0364353707997465
-0.032889827248119896
-0.0018784348267341469
 0.03586049205366703
 0.02857427070865727
 0.0058386369343632625
 0.012524106751648001
-0.012543942181923014
-0.01619268361318875
 0.03443257575541643
 0.06605047476811725
 0.06501978890385106
 0.03863890803912216
 0.006740747964343928
-0.006094023028125913
 0.006426454567671308
 0.016832129336697938
 0.027286638856913705
 0.022157180538104247
-0.0022748824128101764
-0.022637747981642628
-0.051062281758713475
-0.051727980471911544
-0.037458766744410024
-0.03431507204541651
-0.017388087996160984
-0.008444913793838688
-0.0202819814941101
-0.03753084186092975
-0.03477092591809528
-0.016938221682185145
 0.0026059641283294683
 0.026702825672977798
 0.03779536839543249
 0.02794063905719159
 0.006559288559666935
 0.000987962907184789
 0.013955709350514767
 0.050581258305674066
 0.09968696633963785
 0.11873903158474772
 0.11146736400172352
 0.0738565998911422
 0.02358701293874358
-0.003383554861848182
-0.019707506599063913
-0.038849425315202316
-0.05463992249830378
-0.05399560166110409
-0.05470349345733766
-0.07219629629650015
-0.0890266674028283
-0.09666498589672938
-0.09743753813132079
-0.07167298388832365
-0.023674601695057283
-0.017625850800997107
-0.05729506554679103
-0.0979760034459277
-0.09107704876145686
-0.01968920172023367
 0.02197263664019862
 0.013110560513714203
 0.053491778617282146
 0.11398723786313958
 0.13431123542728982
 0.14641658728384832
 0.1178825062441003
 0.06240245547138996
 0.059005451181043354
 0.05410155828304439
 0.027434541981435877
 0.05331882415233999
 0.05921003116911805
-0.01750303258009378
-0.07606375421620873
-0.06389392250241314
-0.048888293368145354
-0.05074323222615927
-0.03677412487406632
-0.04455964050040704
-0.09446393349336818
-0.11682194544745682
-0.08872100349426663
-0.08858342703390457
-0.05721609777737696
 0.01148715225043108
 0.035357581247295766
 0.05437970463878799
 0.03345148215247086
 0.018307367528393115
 0.043915279151898405
 0.050583299858987844
 0.047218990775460934
 0.05554987064971805
 0.07725997848317669
 0.05809084688372921
 0.04178699008207188
 0.04814598154645609
 0.040861876189354523
 0.04519912333119749
 0.050268207429643906
 0.04931455458234396
 0.018826604609355795
-0.004087082410600533
-0.020092837847315564
-0.06688982292636926
-0.016556034392963596
 0.040202593613542746
-0.03210869299053592
-0.08497705727177382
-0.11346134083753984
-0.13082200421309154
-0.10808290388282929
-0.11353892830758307
-0.11889930140648476
-0.030832228504261004
 0.01819032381812009
-0.06094659572106176
-0.03824289678441985
 0.002218084263416844
-8.159996759387541e-05
 0.023374185355650366
 0.02071891646313168
 0.07550076647556557
 0.10470817373808836
 0.12601279843631305
 0.11000710634234158
 0.01234404589733392
 0.011149835993416655
 0.06398902255751616
 0.07196612482123949
 0.05338457238179851
 0.06124070522244818
-0.0022130942351423883
-0.09988423367430711
-0.07637855026287096
-0.019653526295684332
 0.005409510986855778
-0.013843175182191508
-0.025471086296178516
-0.031620314359412385
-0.04345045994166046
-0.03132923380666515
-0.05675714340574189
-0.04864867718439143
 0.03257864002731929
 0.09978422224723935
 0.0947504784406475
 0.04346427883978944
 0.014625190920101961
-0.0020331396345839923
-0.016740872990619618
-0.0036336136543039326
 0.024983113128747774
-0.010232352879217302
-0.09664177530936521
-0.13257020426828148
-0.09010110673416519
-0.03792918428985486
-0.046076629552083206
-0.06968191014102584
-0.07164095754854409
-0.03588991990214524
-0.01358522380058593
 0.008245691402805228
 0.07141358740463956
 0.06699084036693974
 0.06335503434282498
 0.10691366488926454
 0.13532977149817468
 0.15155806125232968
 0.11994234253596738
 0.08718104356828116
 0.07495971574489205
 0.06970401480753265
 0.0857751174358689
 0.07970752977271361
 0.10061039652445528
 0.11236216431355704
 0.033948007107092164
-0.05502940124725743
-0.10117227297313305
-0.09793986823502962
-0.10673815913653713
-0.12183305717843695
-0.11072144753577941
-0.14143117881047848
-0.17872082850877544
-0.18260927842488356
-0.18724176785684818
-0.13924581848263498
-0.06812331100689883
-0.05531510850000234
-0.0066080989467922615
 0.04346841699839145
 0.009554894001947376
-0.017242154002104267
-0.006358110043940037
 0.028453129432119282
 0.11922670445230422
 0.1785230839400327
 0.17059578453703828
 0.20875865585865072
 0.197319175982892
 0.08138836941708386
 0.026142309952185482
 0.04274881321271737
 0.023073776080318263
 0.024140743550025837
 0.033079572258587576
-0.04297011224875544
-0.09230706434802784
-0.13316159833503124
-0.13531160975465248
-0.026557648229663573
 0.034779344375247136
 0.06762736116744757
 0.069405625416918
 0.007147270264333302
-0.027846128224484342
-0.061937326483389114
-0.04639827165455159
-0.02711391242758111
-0.08994709903590184
-0.09686516260704427
-0.09258280761044606
-0.11130013569730794
-0.0879101170038113
-0.05557362007506607
 0.003928508974291969
 0.06798816532516327
 0.1531404826109825
 0.19891760373950962
 0.14729396228399763
 0.13992754635088483
 0.14332669012607352
 0.06274369992738088
-0.01061903798091035
-0.06993721561027179
-0.13067740970165234
-0.08608113969540891
-0.03652879953522277
-0.09506667270240246
-0.14699647429686713
-0.13856320099516495
-0.07006263850420205
-0.004739864060178971
 0.04229064027802752
 0.09740392770755556
 0.1243566272619656
 0.15127483490974478
 0.11386527812979245
 0.11486727455367618
 0.1685699941519806
 0.10009482967136933
 0.0439009841433969
 0.008927826199393925
-0.033188837222509655
-0.03172785679615431
-0.0527370370843767
-0.08569229572408829
-0.09981533436463275
-0.11468054785482544
-0.12722067953458877
-0.13219032334945005
-0.08757925715703534
-0.04624230347738874
-0.08765570002181762
-0.10354621571139676
-0.12526725002818828
-0.09438495467391451
 0.030903480800936103
 0.05188438027277141
 0.03227797042664551
 0.036885302421106915
 0.0873608710940226
 0.16783892642511963
 0.09495407632603722
 0.02344336197548605
 0.08572287178232434
 0.06560170835014414
 0.015411858720209734
 0.10266967103089275
 0.16947274572534468
 0.1339575355776934
 0.08716050124230784
 0.020856384895865377
-0.03568820048219364
-0.06315630255351799
-0.08561399317395584
-0.07298319603827522
-0.05213340935847831
-0.03651580911664183
-0.06502274774606591
-0.14813779943443606
-0.14384917113894738
-0.12799046078749002
-0.14904979871726176
-0.10328739383098895
-0.09926415983155985
-0.1473435301553487
-0.1335943955250262
-0.03998116862232457
 0.0718000805281272
 0.12494063289147254
 0.14664309961257263
 0.17874216524698042
 0.17467180861293483
 0.15201876709609127
 0.1266342511188115
 0.09597431935867978
 0.09958807556555967
 0.07494131885579884
 0.10081969921288403
 0.13834422161134022
 0.053716492585462856
 0.0004906353560263751
-0.059536531744065826
-0.08763272615171548
-0.03456154222841848
-0.0597654470947276
-0.08048807231684177
-0.14774018109540832
-0.20152606949235166
-0.12595741435338423
-0.08107869960139337
-0.051035871185869074
-0.006283654206473086
 0.0033067729187851442
-0.06613693871798101
-0.12620272254611495
-0.11957687491552167
-0.08187046145980877
-0.019829703032434875
 0.03485256747821631
 0.08895919978916927
 0.09119147371468067
 0.11339567069324212
 0.11983366750373667
 0.011725207059789884
-0.041088939236535026
 0.026896680238942244
 0.058296811539342734
 0.026773261049715096
 0.04709835992986597
 0.04350228335148146
 0.0029102445837061986
-0.003381067735302986
 0.04588853156291415
 0.1425859198820974
 0.10271289764548576
 0.011057466461795772
 0.06599335804582586
 0.12163401156474817
 0.0847679180544649
 0.03541250995641594
 0.013515824624941239
-0.046094754960379986
-0.08079002846784802
-0.10137921363665599
-0.13246512248367406
-0.08768537134344008
-0.09643010339730962
-0.0676169909487175
 0.013094789135706091
 0.018976022795139807
 0.0008385354799509237
-0.07560104888490182
-0.06468692251644309
-0.04040781108346167
-0.1703012409368149
-0.15749303554047026
-0.07083677457157465
-0.10929449288013349
-0.07428802278559138
 0.002246853392219679
 0.044858076214411575
 0.07017126814488026
 0.04449179820247395
 0.05327113540354906
 0.0672209560833939
 0.028816307587831436
 0.009090687495452335
 0.02108146871076936
 0.06157144723680351
 0.10868396568017424
 0.16710005367807737
 0.14987222659550603
 0.052682882385722614
 0.047989385460341066
 0.055571255502612
 0.08852131022591726
 0.15043097870570274
 0.12265315031748102
 0.02920173231154475
-0.06837061517306435
-0.08592493751640905
-0.07558193749445721
-0.036796839968590934
 0.03129662691958675
 0.04222780845462708
 0.026925734077873825
 0.01737071217273452
-0.016312715138486075
-0.06522972389600726
-0.12226239268049871
-0.13429052165888788
-0.08482236371688626
-0.10750413756455741
-0.17100899528783872
-0.19358215078609223
-0.14056229045765326
-0.09969040199612063
-0.13184566208219645
-0.08643942593015734
-0.00842554480310785
 0.0650200635386546
 0.12614719670978458
 0.12282415568888325
 0.103830271626092
 0.11169431242366602
 0.13203690837113125
 0.050290285749085346
 0.01615922889713424
 0.11536725780081379
 0.16509219216677062
 0.20699881783698368
 0.20967594363455805
 0.13178437274187152
 0.011600789787641569
-0.0856921163236606
-0.08045313691494364
-0.04989563852041422
-0.015379353017464304
-0.04966417407523413
-0.12958097299039076
-0.17156656492961858
-0.15962663717421793
-0.047771428577258836
 0.0031486692396588047
-0.020108354759559164
-0.030754765782200554
-0.06634407141808661
-0.0427344383020453
 0.009018761115990832
-0.00811878505234992
 0.06012920419666682
 0.21661465983546876
 0.28492840291155824
 0.2510780479385383
 0.1571287242818134
 0.08731188963058568
 0.017557810117520004
-0.022367374013068885
-0.01597529370470243
 0.005286868247934412
 0.08937117370483297
 0.05804190021605999
-0.04615750948861495
-0.07737322529188627
-0.12848348105030838
-0.1870132674469324
-0.14270197910807636
-0.09170161857048795
-0.17083416396897846
-0.14333671577344356
-0.04278537474515102
-0.060269771957373784
-0.010570474835498878
 0.039642929333333146
 0.0007336483479838009
 0.0027457522819342513
-0.03628383314111655
-0.16614218227521302
-0.18419876873182445
-0.08171121628712989
-0.013787893320730224
 0.08734450346218493
 0.15782253571484461
 0.13895707704696067
 0.11193261171785274
 0.09163245257302723
 0.0934820902264424
 0.08642983430549463
 0.1500200721838313
 0.1906966658888586
 0.14371786720937976
 0.1348909896955946
 0.08836938379530569
 0.02056094624743913
-0.015580878504082027
-0.04912880658468709
-0.062351780615953686
-0.020642619773803658
 0.003552615348955752
-0.05512237548581729
-0.054725354018139424
-0.04596781268689503
-0.056292560102857665
-0.03622255814461283
-0.06875821921778917
-0.0896581121522447
-0.1224349996227661
-0.12278212640783767
-0.11313790259945411
-0.07280150454746413
 0.04901140684875818
 0.06469387874542232
 0.06631843161258621
 0.03774365285835257
-0.05373137816239095
-0.11659089081079892
-0.22002224690760175
-0.2617579081963508
-0.1825532647064656
-0.11893910900012881
-0.06702906509515578
 0.019229029347824736
 0.12190748473551084
 0.21457237542099375
 0.20986674034222924
 0.18557375874195767
 0.18081292360495738
 0.16417259828881287
 0.16777819253899215
 0.11608658072240668
 0.07611710013939717
 0.07237912934225937
 0.09570616476026327
 0.10425185803509886
 0.06316538983509033
 0.08328324340770629
-0.01938147386954656
-0.15449278564912697
-0.16126437057311038
-0.17854701973876852
-0.1631140828773222
-0.1122591231225466
-0.031192735494870755
-0.005393257098043496
 0.012409365615720524
 0.06348185633610406
 0.04669083575862743
 0.041146785758197864
-0.0033271461983376337
-0.10344754961642981
-0.1609862900631726
-0.1364217588283017
-0.060273760874549144
-0.0034086022974132695
 0.010450045283145151
-0.03452325187329964
-0.11947039601588283
-0.19645579349369593
-0.16612848431925514
-0.048370392828951315
 0.012707068086087583
 0.06371712972603899
 0.09379217391372023
 0.0919836337801155
 0.12835397205432902
 0.08475461008221488
 0.0440382404737742
 0.05222188878102854
-0.08147164936747808
-0.17699165292252506
-0.10751257338859635
-0.01017117372970776
 0.10164268080566399
 0.1887932854165404
 0.22196848492714435
 0.228487546413766
 0.1393005989893688
 0.038167098888384425
 0.08035639658970868
 0.05665354871747536
 0.014405994500578239
 0.047752282461866434
 0.050652176161561924
 0.0737839653722566
-0.018832120643584433
-0.12029954442532714
-0.11759289993134471
-0.13509469392979817
-0.11712859129611455
-0.04339004501099395
 0.01903105938747345
-0.04393994193001697
-0.19580609238355737
-0.3105714606402081
-0.3342315853766766
-0.19154788490058933
-0.09722778624830415
-0.13031111968751088
 0.030415709094308147
 0.22697629121409524
 0.1955205264388675
 0.17654864823723093
 0.24187495636786438
 0.2223328708293587
 0.14995239527172982
 0.13375232490065314
 0.11704974152609475
 0.06151849318985463
 0.09257586696757972
 0.15733238359203683
 0.06061511563116751
-0.05331468242714143
-0.05242104344577521
-0.09030953303649536
-0.09932070855800294
-0.14590887476324366
-0.2570637062036331
-0.19932631899997746
-0.14193687152045598
-0.1394847282865377
-0.10356353151447666
 0.00498991622044227
 0.13884729493164527
 0.16289221246267305
 0.18698413830509056
 0.12777552466373326
 0.023277309781339083
-0.0739717545757812
-0.16932611942146264
-0.11802392685644399
-0.03157332498280955
 0.010032870108617298
 0.007601430854293996
 0.08663838055518427
 0.1739373290124037
 0.1467417183032701
 0.1679387656937506
 0.16683804117001935
 0.08565995227889382
-0.027315895856272917
-0.11029034339062178
-0.08777341306151992
-0.06198262083799267
-0.07105576973629316
-0.0360359669124096
-0.002852007059233507
 0.00926807593572643
 0.009741372224253345
-0.07411754082194719
-0.142166645028404
-0.06315313914588373
 0.02281588544050881
-0.02165298986512018
-0.06990009338268967
-0.04660289405221682
-0.03985580504760479
-0.008125072120551718
 0.07255238022563049
 0.07085419520743225
 0.04205049105688931
 0.052690482280197674
 0.025198524409881105
-0.002331275036167886
-0.07367984109307531
-0.15271078026063004
-0.1574155542275314
-0.12180416897589794
 0.03727256537601761
 0.1540314361405953
 0.15108462912098802
 0.10451056852826769
-0.022156508269226605
-0.053049273279018684
 0.015409562818903632
 0.06161451501196424
 0.07689713892070395
 0.1282812946321781
 0.19766168360839928
 0.19481450658787913
 0.1382173061731133
 0.11588685266392885
 0.14632267494528317
 0.11841767886713067
 0.045775431512367445
-0.06364982549929539
-0.14398419721842784
-0.1810326232423623
-0.17261516868410393
-0.16556609122946245
-0.20010484515535013
-0.09278727298762597
-0.018202181814403726
-0.06329894688603943
-0.12903657891554238
-0.12600909163030974
-0.09593877707131303
-0.18579908784866944
-0.22465501492170178
-0.16562495212670542
-0.05098663106543972
 0.08851574212940688
 0.18946519123742622
 0.09347912651584797
-0.03218504093199606
-0.014088872441942998
 0.0034919876914917057
 0.10957196090932897
 0.1400705282061099
 0.06302930540484332
 0.028091863978676714
 0.06440099875295313
 0.1201428347344634
 0.17746087624882415
 0.2775697209615511
 0.22573649107041788
 0.17104380436535424
 0.12312211234323417
-0.014049334240699318
-0.06251575139606934
-0.08592358843833259
-0.10683770612771895
-0.1314852041045611
-0.07203088265980047
 0.01320304516748171
-0.02766178904933083
-0.027879116297285646
-0.03168584836843922
-0.0456700556055393
-0.049208444683219846
-0.10694656508530431
-0.09747524318623511
-0.11939504568258041
-0.10842833819297386
-0.03652596752791683
-0.01674355075666953
 0.12769207456500656
 0.19526976704143328
 0.16528708283347354
 0.17453020274781775
 0.09632264684192963
-0.006691985661600843
-0.1491876161382545
-0.19121244762033254
-0.09160987213084357
-0.0553809861314916
-0.059660653240318356
-0.08115015452384097
-0.09105761904421428
-0.04944326192134134
-0.015238369272838281
 0.04123327142281549
 0.12738896743651146
 0.11541359808387668
-0.008877127385005925
-0.027015004578812788
 0.021027228726992767
-0.06903760559254042
-0.09651533060037047
-0.0466891853193189
-0.02725306965297693
-0.07048956153126276
-0.1462246565131166
-0.05258311371516124
 0.03253432776172379
 0.10166531700480663
 0.23495462845540385
 0.24007561851989523
 0.20177462592282516
 0.18768144846722742
 0.12038547461031367
 0.05840536253137101
 0.0033001872997982374
-0.024621244397327977
 0.02233410190813893
 0.044588356935471356
 0.0286215034078059
-0.014408890036219741
-0.013284771257725153
-0.08612474322903595
-0.25540521001727734
-0.257600016892639
-0.1763948518715356
-0.11834994057220717
-0.08538257167643382
-0.10527341290421197
-0.11607036711528637
-0.06328646829937812
-0.06854575286986969
-0.052493141564272656
 0.045471524352348386
 0.06578382411137965
 0.12511878592292347
 0.18398337087098596
 0.17403448890765105
 0.15473386787615104
 0.1646754980129041
 0.15162142699170023
 0.03356328915446611
-0.006050125110478614
 0.012294651519627336
-0.03544758433122908
-0.05951000443584399
-0.039405767271950595
-0.05044087460299339
-0.0729110873076947
-0.11241858313600629
-0.19149611587421464
-0.2141635593880197
-0.12332917685839018
 0.024316023884124183
 0.06571598994677723
 0.048905894687601995
 0.07061902878585496
 0.08819690155511434
 0.08012809428815436
 0.05305399435002251
 0.13726506282725584
 0.18714689834323497
 0.14616764202315471
 0.17139461867666525
 0.154944835160913
 0.11639639892991636
 0.09383192929724243
 0.06255611197773196
 0.05132979892783478
 0.0865470142775907
 0.11469943815392677
 0.027444110831754204
-0.05697052807859107
-0.14405137466783782
-0.31006907849487647
-0.4090170109390544
-0.45085682663526033
-0.41186259684086396
-0.26785216443622184
-0.21187586002494407
-0.18153014081050925
-0.06728208498919096
 0.03195592452988186
 0.0786940878154613
 0.06733513867230266
 0.015462123780296546
 0.01590237866876377
 0.09421841834909289
 0.09857182113952573
 0.06344794501607426
 0.16440635583686977
 0.22657408942070875
 0.1590943969610305
 0.16101284333230415
 0.22236446207018
 0.21982399961627735
 0.16926206053396803
 0.065261633684991
-0.07449516964807047
-0.0965719784278387
-0.06085128345491652
-0.10329954343172597
-0.060982747660818876
 0.0779286305044161
 0.07039259400541252
 0.006856171336751624
-0.011516010719453428
-0.08628774929990578
-0.06696284301469588
 0.005617652185247003
 0.027610517509772385
 0.02136623954221558
-0.0719613948030089
-0.01025739535535191
 0.16407569385280424
 0.17614987390257633
 0.12984113273311337
 0.051101826063090626
-0.030191239873037963
-0.07492872211513774
-0.0955884200662017
-0.07352990918125299
-0.11874002146405235
-0.15782736110628878
-0.10988139159398926
-0.08029018918448896
-0.08659188602428139
-0.035584556724209605
-0.00838091197118169
-0.10819957425613788
-0.1456191589104975
-0.10933678193076096
-0.10573864155754888
-0.031820941473481315
 0.09658969534285672
 0.1399577061941927
 0.14295196217492892
 0.08089573419675222
-0.02065233705103788
-0.0005865683158778348
 0.07015247769149094
 0.09892867307376632
 0.11018278082069043
 0.15182953120387216
 0.16736149678425985
 0.10942499059741267
-0.008920945898805792
-0.05996062411115677
-0.09294473232012124
-0.22016257996785601
-0.1646848668004558
-0.0365730745471908
-0.01810444576805659
 0.0493781757620488
 0.1286085961965396
 0.11583842012033146
 0.013287689928863266
-0.032824247066722254
-0.048874828783188384
-0.03213909279232411
 0.06559474237214322
 0.08500386064581716
 0.10478355654708013
 0.11093829259441827
-0.010096722161143533
-0.061003527248094234
-0.007649243558472372
-0.04092625142529132
-0.07057665121017453
-0.037663945133612785
-0.03851543670363232
-0.06269764260776124
-0.09192687249780204
-0.07830869537215787
-0.05862405714138466
 0.017653857010931258
 0.07839121207347921
-0.04585763109626982
-0.07835384374577344
-0.05395376655033419
-0.11653895781111617
-0.07459478249646469
-0.05642299568378349
-0.027580707657401678
 0.0938776675543924
 0.13956693010649726
 0.08415850027909964
 0.03926461806160524
 0.030809777067616347
-0.03812111454234192
-0.0015752075658661902
 0.03406713859057283
 0.006931682059317809
 0.11937316114267095
 0.18807926828883884
 0.15378163358004038
 0.050567163697519124
-0.021657520725425594
-0.03134692883193818
-0.11982697806530505
-0.1839950245553069
-0.06526487833885296
 0.026991788666655216
-0.005353900673381341
-0.0052152671122077995
-0.03338027062289698
-0.01052760285808932
 0.03850181994075105
 0.07681061801299169
 0.08987499706151553
 0.012748561989693194
 0.0005983990210460258
-0.00226746671992822
 0.011686125695876771
 0.048849077560882546
 0.023152076290136086
 0.005626857855715361
 0.0007896797323671586
 0.04743760653172904
 0.1291002764935374
 0.07876028016961968
-0.12582828077379607
-0.278581600912413
-0.26443466618038913
-0.21090574976531204
-0.16986154041686055
-0.0948080110535967
-0.10580690497396414
-0.17068087624852565
-0.13463997999428898
-0.051486698974459615
 0.05323782880977717
 0.10748156287779997
 0.16206894248995918
 0.2331497159252832
 0.15772038486301326
 0.1067317178736616
 0.13516445965212304
 0.09627361249754303
 0.028126763479961472
 0.03922565783107658
 0.05131134620883544
 0.03977777534551189
 0.1890916632110026
 0.19935255102264143
 0.07883336562906469
 0.16836581488389776
 0.12567513747191852
 0.03267740946628992
 0.04662268591240217
-0.0026887046823901553
-0.04549047990916306
-0.08446409054158698
-0.09622471260645121
-0.12716315054581534
-0.07518771006798822
-0.09758732420946076
-0.24775667932038228
-0.2457757448411299
-0.20027484265815654
-0.13681353947892383
-0.07145922756673934
 0.003497040728369834
 0.06978069353662625
 0.07351609265414527
 0.03558181193870303
-0.00484719487867114
-0.018452103809619303
-0.08042542729044252
-0.08320838693335628
 0.00375102954519732
 0.027345057329944314
 0.04275150309766196
 0.11883514902729399
 0.13962037974915886
 0.11113150844720146
 0.060382117282981256
 0.010398227222949696
-0.009583887270007325
-0.07406204499411836
-0.10352947216261867
-0.02794750289124958
 0.0018543947238612518
-0.06431220884543111
-0.03489572747401633
-0.006951759112195969
-0.037529064512886935
 0.03198029012439073
 0.05527287153232795
 0.0541042480491514
 0.10212940285387351
 0.08142400825079771
 0.06354161767237368
 0.08017253199812527
 0.0015800655646978608
-0.036260179227190235
 0.05497986934952698
 0.09847297628413092
 0.06691752322832474
 0.09540224289587448
 0.08089589915066883
-0.03172991554264669
-0.016205166798031988
-0.06894100721708006
-0.10955217259746385
-0.05133888449390278
-0.0815459674894917
-0.04430723961944625
 0.016171531013896175
 0.031719970988032746
-0.02269677401200127
-0.005189342206598704
 0.03725705293104633
 0.014577545990352424
 0.03441337927982391
-0.05546405652274564
-0.1538068752898701
-0.11096385462210918
-0.07330690688029501
-0.10633545861961315
-0.06916102551054698
-0.025773880490713812
-0.04898842184929074
-0.026524441596389895
-0.004886284317707592
-0.043027152407181676
-0.08169412938767392
-0.02212027961986041
 0.07965004885823969
 0.10743533766031234
 0.07538903149929904
 0.03491433539019331
 0.029156754012843854
 0.03855183784528834
 0.08947389212901886
 0.19953923202578472
 0.192368986025562
 0.12117046745274442
 0.0778165757658975
 0.05801675026606844
 0.08626012395068347
 0.02542829421573431
-0.04475556838489301
-0.1303806040898878
-0.24317586883089864
-0.21966377739139942
-0.15876989235392938
-0.09611524949629356
 0.02763522329107237
 0.11901104545149734
 0.0839620118584704
 0.06386522918589498
 0.14234244200081536
 0.14820421862848096
 0.06447636211542819
 0.02262491579332245
 0.043521351647368804
 0.06670106524486812
 0.06729950652188738
-0.013671728112927457
-0.13135701408513611
-0.11879146704334456
-0.09918170853809417
-0.10389959337029847
-0.06629439818394074
-0.14236355275820275
-0.1588933877162596
-0.06143478771887941
-0.10619473287678662
-0.1731987950630463
-0.13276409372512235
-0.11985143757297984
-0.10876827458032762
-0.01751478616949399
 0.08163638487638825
 0.14293270924517773
 0.12355080480200287
 0.11986649547819891
 0.16879410229266278
 0.13925587512308293
 0.10206879141943666
 0.0932798302814804
 0.05644523570150366
 0.033604443785399986
 0.034131949388205914
 0.003158563269315322
-0.0035207614904766106
 0.05799485018776674
 0.05108120203232806
-0.017901756638560407
-0.013385001133016968
-0.0040685281271374
-0.011314574702974471
 0.09379692874123831
 0.16399983861261008
 0.07555948293642267
 0.031031904535195477
-0.06860583352624239
-0.18673856324054286
-0.1256219527983416
-0.12003410722199516
-0.06313199951348325
 0.07053310332902239
 0.1030370454798165
 0.08711616703382212
 0.06725437541831018
 0.07910900404365744
-2.605762740077456e-05
-0.07032413977623286
-0.07622113559714765
-0.1093143871971338
-0.10660617491742777
-0.023997593527379978
 0.032232130288865825
-0.02884467632434128
-0.08745351593964945
-0.12178805365538482
-0.08840921324871194
-0.03680157748361386
-0.02276900145764698
-0.003764232104489562
-0.025987512787151144
 0.03505669123132654
 0.13489872922712298
 0.1340965523426481
 0.10866141437170758
 0.07240148156884049
 0.03649324433401285
 0.018170548947197752
-0.008593874694106074
 0.019160469433845636
 0.037609592955579835
-0.0895717260201375
-0.19786000491117006
-0.15035283624543538
-0.005824575736047649
 0.026677569224138505
-0.026282611224518842
 0.04597482792957739
 0.0670575618772459
 0.038138851606476495
 0.0030238350714681043
 0.03321417595765959
 0.1349473148206591
 0.0627382940172972
-0.021431314877143857
 0.033751439801694226
 0.10663141101823312
 0.09220717781760449
 0.05656070691936134
 0.06632594265686924
 0.035998934763648696
-0.04115872410706405
-0.06251916799830046
-0.03180621611828789
 0.02366046735447729
 0.05338699834988422
-0.02134220478993715
-0.02319864585691043
-0.023504984783183403
-0.14245353051668744
-0.22845307077808213
-0.21620789917295674
-0.14076751915932936
-0.06942582311648055
 0.019034628393086887
-0.03723028683716707
-0.08890572747247026
-0.03804768494477827
-0.0387504098521969
 0.026104193915554297
 0.02624312113183131
 0.0945809802584954
 0.11099865245221696
 0.02722181932134559
 0.07964988248720009
 0.03569277853043225
 0.033232047465652795
 0.02337313601943954
 0.04959101562963593
 0.22114963605396157
 0.2499379472209418
 0.15893585421269593
 0.07500484881071548
 0.03611518659319086
 0.033400490252900344
 0.059763913638220964
 0.006371951068000947
-0.09694585893378907
-0.1790072397662368
-0.1786487079481229
-0.06916782640598755
-0.03739551753031504
-0.06180598960460997
-0.021301913846695757
-0.017588923322691408
-0.06687111333521897
-0.05803829027053819
-0.09109668455943638
-0.1277819543883139
-0.0879161853790983
-0.057007580316453976
 0.03484211964493278
 0.14545621852266422
 0.12562090081805705
 0.07952352276809152
 0.07015839105073315
 0.0789863173369649
 0.09746577913988853
 0.1144377122303388
 0.11438130151075972
-0.042030983664537835
-0.1591067528347134
-0.10498660444083424
-0.12437524894081713
-0.12538517827606319
-0.05505148435905164
-0.06341018359824419
-0.0439357635064909
-0.03907323405507386
-0.08811518122103375
-0.06077177673620877
-0.018561059025375592
 0.04570091936968451
 0.11547505158601806
 0.11922056850841745
 0.12960838638092964
 0.19009268308194205
 0.1842926054235128
 0.1180857918378285
 0.06563637949731443
-0.01970307582505669
-0.03333985381752387
-0.03217958006220236
-0.11795620860063054
-0.12698382474056036
-0.07507491688084642
-0.055373929023694785
-0.038506502921945664
-0.06139705455690174
-0.058922125873369716
-0.008065128038751307
 0.027417046815044224
 0.0692270428720447
 0.1297430361619686
 0.17876961687581217
 0.09552584519292277
-0.024438220638486212
-0.08369400200195165
-0.10787151645051773
-0.13983402606308534
-0.21008888291557853
-0.15790143163672601
-0.039256751085872184
 0.02285533455735601
 0.03864575857646046
 0.04136034619980209
 0.0727953384925892
 0.0844758108564338
 0.04435875923399777
 0.022473767512503677
 0.07667156498284024
 0.03347029688173404
-0.07786494010208012
 0.03924459139625694
 0.11835111112978534
 0.011900461038730986
 0.06460237007264656
 0.09478213618108142
 0.09987805526976289
 0.16270620292522797
 0.0363734393838756
-0.08458677475661072
-0.07575505735684944
-0.08975503078703345
-0.19765315155714802
-0.12244222169419249
 0.06757848913957598
-0.028726103756047065
-0.14955698792153058
-0.10310134972208686
-0.08085266360343306
-0.09843811527816365
-0.0005473448204261221
 0.10368591058409149
 0.06514126365059889
 0.01533668163329645
-0.03050039496484471
-0.05130228034485171
 0.05422572132834924
 0.1489969619112246
 0.14228227259060355
 0.058565196787973395
-0.002844535889251816
 0.046450047947433654
 0.10678775800767211
 0.0861633674639878
 0.0329954409078195
 0.026296531979452805
-0.07183231892425818
-0.051677104198298754
 0.02600284425146484
 0.002791781694614946
 0.011158083938872973
-0.07833084892438096
-0.07477649139678491
-0.14575225030954134
-0.1923628741655703
-0.09044573491868975
-0.11063149805719479
-0.04499759923783472
-0.024602303730224772
-0.00465279299959685
 0.12972411878279397
 0.15413932166283129
 0.11516230536524752
 0.05919822802384998
 0.003517877218867873
 0.014005688850818822
 0.059506183116148435
 0.0881453734608419
 0.05356282083140372
-0.004665953805047318
 0.029230496044274943
 0.06287535853449165
 0.0402476363108304
 0.031706641085338536
-0.056686705156389884
-0.11306374506377574
-0.0914810643190298
-0.14967686546547854
-0.17773001531025526
-0.15978780936770967
-0.11674878916040307
-0.07126525121415771
-0.033112182116834074
-0.05748033768736609
-0.09440528050490123
 0.0008226851249359348
 0.10565476145753255
 0.2496493376617048
 0.2678711114627087
 0.15715025697585808
 0.09996696978199064
 0.009125077328379479
-0.10836770003365172
-0.13482523075980252
-0.031878840485601224
-0.0391888330758975
-0.0861940444888048
-0.07593771603551923
-0.04123665138559771
 0.0878804214740319
 0.12031335612322666
 0.08702559509636991
 0.10435662679411588
 0.06535659888370682
 0.024151374358805724
-0.002901147788015385
-0.10606164537736554
-0.21951341971037028
-0.18278358677707368
 0.06544534081256598
 0.1665660395911235
 0.05313275918211279
 0.07113803792328956
 0.09403335397463489
 0.06875901981739525
 0.03307709906320937
 0.036472047757543924
 0.059356601337506774
-0.005888890488493932
 0.0209186139955495
-0.06358053746287957
-0.1390517906961871
-0.061072860299202524
-0.1424437733257217
-0.1276950570475888
-0.04575346371767321
-0.008841072352981932
 0.0849528465205707
 0.03672422685696006
 0.009561740914855366
 0.03678021081183953
-0.02202183119358931
-0.004108064672916177
-0.03238957551289537
-0.08262888557277107
-0.042212289395111235
-0.03161089210956369
-0.03434574365911751
-0.029249830522723723
 0.038621731366544024
 0.03466502493106163
-0.033659604266275206
-0.034244219482367284
-0.02343216941563031
 0.05532858402657803
 0.12011128902117081
 0.0510657242276181
-0.0335070033396347
 0.024001383295078053
 0.13352845641491243
 0.16016799729243575
 0.09133231175596275
 0.029355987415094688
 0.023006132339436235
 0.03214872911863766
 0.01144067867532349
-0.03847462835061539
-0.03597592660605038
 0.012205290535029348
 0.027367468253416807
 0.01295929054788962
 0.07665841409503629
 0.021597183966785567
 0.027072635368084984
 0.12700932638349904
 0.028603409610461376
 0.07694197585446268
 0.04492939711049147
-0.10447347007243458
-0.017454675251960535
-0.054777122636240794
-0.18759445493473512
-0.14655835586202012
-0.12000898053944431
-0.03733304543169027
 0.08356486712308611
 0.04883207658188729
-0.0374099188490745
-0.11736279584290747
-0.08149319308980588
-0.173127191664297
-0.2881454218882885
-0.13391977112162565
-0.00493976808097895
 0.00484765197273928
-0.022902524733543303
-0.023391876541330816
-0.08004526750431902
-0.11269096143523856
-0.007626280563081632
 0.0764993947321112
 0.0762583490959829
 0.14747274563532833
 0.17047618309563997
 0.0587726264161604
-0.01404865747711731
-0.06438058404603797
-0.06241770727511011
 0.00525835066007806
 0.18237650285312174
 0.32960261279574987
 0.2403920043703339
 0.10597007519056076
 0.05093225525547688
 0.05716915050879424
 0.20806258249596032
 0.2772384577149505
 0.2236588769595969
 0.1996687877038912
 0.11799006152849563
 0.11942048861682876
 0.13783435727077784
 0.029593026836634544
-0.06275046911852407
-0.1023515412174675
-0.1598335623488304
-0.06951448823759158
 0.07842908355183797
 0.04651308507181913
 0.02239430140551718
-0.04937283902582361
-0.14159390487197596
-0.17648416339140013
-0.21775271394750234
-0.1463048041680387
-0.114030595694366
-0.12145472884396236
-0.15518559387683015
-0.28106901260701117
-0.1862661729226643
-0.008764111832535504
 0.06120990038837408
 0.09651754754428257
 0.06281838232634902
 0.04812365118132349
 0.024387497464107025
 0.018527123666918555
 0.012165144745128328
 0.02821529105448656
 0.05691287810779236
 0.05020513499232338
 0.10888132878227584
 0.030421461802170008
-0.06493932889672677
-0.005443976156419356
-0.03957350348122002
-0.08021929636423322
-0.11902814489002345
-0.2040919353031689
-0.1394355559546905
-0.046995670958450114
-0.018569077264262896
-0.005726942343414213
 0.07198907219033736
 0.24497925387428865
 0.3342759856838499
 0.3385129656211322
 0.3151109938202141
 0.29324056490473255
 0.2022073424393904
 0.06915196876718728
 0.0593972430060602
 0.12009690075638285
 0.17328584214087797
 0.14054532085804797
 0.08459265582310592
 0.051912880569551415
-0.059847710482574146
-0.24101814196068763
-0.3346844835291431
-0.32174123665864823
-0.2941340400019516
-0.2751513422625391
-0.3428605728345039
-0.29913765056021446
-0.22176801575922803
-0.28833886330168834
-0.32434759810470815
-0.3054881176487167
-0.22234393551378986
-0.23070242030305776
-0.1767914959664148
 0.002981846681796886
 0.012853013403329928
 0.06446186432605128
 0.13049533938047347
 0.0885706060866149
 0.04864409612922372
 0.026798325307997094
 0.10945073501992661
 0.2066208804536646
 0.24542724142453948
 0.22816020870288534
 0.2821865567130058
 0.3678944843204669
 0.27618671216863955
 0.24473026166739212
 0.2707220625606676
 0.1763266043233346
 0.08294075973903549
 0.09188572629462881
 0.2369937400154802
 0.41175063972719605
 0.46518296729893605
 0.437136352098108
 0.34152017030564535
 0.11724425050135187
-0.030714610710496016
-0.14454475592604266
-0.23772332042715186
-0.24978645029144353
-0.33092062112734955
-0.2540605195476398
-0.16636246964235096
-0.28223699165408955
-0.4112901971071892
-0.4010798807085614
-0.3918337516114281
-0.5718258347557423
-0.6611114268946047
-0.5496235321432805
-0.3771622890603074
-0.2684770066791302
-0.28932389754093024
-0.3786100920497956
-0.4205734788081049
-0.31142513411358413
-0.11426886443729348
 0.020377292323924566
 0.033554637078977594
 0.028691001165086025
 0.1521615680936223
 0.23960846398053018
 0.1617216199393672
 0.05726661980817142
 0.1010563901734254
 0.2489522592433146
 0.22293455055290173
 0.20604095587757587
 0.21570072510653282
 0.16107559795409285
 0.1642079765809073
 0.13352622174856257
 0.14664039773760207
 0.13187894170970305
 0.1071417226105958
 0.22622073276663546
 0.31317457109978303
 0.24834830075379533
 0.12584426981879238
-0.11675295843299496
-0.2801360402800654
-0.05859082233103116
 0.1825785955165918
 0.378166652299924
 0.55894253058527
 0.4874443434890155
 0.3380752808926512
 0.2441431163581738
 0.18598467846821023
 0.07414313060848844
 9.078270888066441e-05
 0.11184657683383654
 0.10638740843465012
-0.03582675235022063
-0.12835479570734748
-0.16347134877255576
-0.10480142617087776
-0.06590134406989105
-0.07738850943472368
-0.092180318991143
-0.1599924144665726
-0.12464940913924512
 0.16606181360209873
 0.3041709662738538
 0.09846076559268045
-0.1956277125797284
-0.45152545742284983
-0.5273737038216593
-0.5171202340513656
-0.5756936210892748
-0.5681725708264493
-0.4337338794793176
-0.2633814924556333
 0.011306589084465024
 0.3411693373550278
 0.3831671535761922
 0.11987322541262928
-0.11951988128055177
-0.15370569343087678
-0.025155631467918587
 0.0548518553395999
 0.07103227175995103
 0.07093892653705212
 0.09732704431698273
 0.188920178342203
 0.17144462960465737
 0.19664731892390364
 0.31690362271283995
 0.5067006880317342
 0.6736874076945584
 0.5666369945074371
 0.45101565093656176
 0.48022559240371476
 0.6317395828306528
 0.6291275548125426
 0.3212108048868947
 0.07083985712428906
-0.03382871201726864
-0.07411553647491062
-0.24369236770228464
-0.4929991500025133
-0.6119530026210386
-0.5268842318344044
-0.3677460873365576
-0.27320885397698086
-0.16614986553659655
-0.1629758343070174
-0.2323007334104244
-0.24782323607841492
-0.26344376825118787
-0.35061311604117396
-0.4832440306736994
-0.6139985923021657
-0.61504404015336
-0.48612260138570007
-0.3461748993025223
-0.14168295618112817
-0.012281378018944283
-0.1026823314263307
-0.12035099245905954
 0.07996185488144661
 0.08275771662313032
-0.02080155578225102
-0.023848745118343236
 0.06376678103690446
 0.33022982975791415
 0.40689766529290955
 0.2809478540125338
 0.15870220654925637
-0.004273006842934601
-0.06801756057833869
-0.060867884095778
-0.13153087224430163
-0.016408022880218805
 0.29064651904075517
 0.5501963821285236
 0.7631330516641658
 0.766938945037957
 0.6344504092185179
 0.5503906355395225
 0.40685736219838403
 0.13457169450911824
 0.03200386536767427
 0.09020057237752474
 0.05753767761366059
 0.14963989043894846
 0.3364048789799542
 0.5371174582331748
 0.7343183009918215
 0.7852603125356549
 0.575368010956287
 0.1325205894588767
-0.23300959531965149
-0.3960054472660855
-0.4296268432183769
-0.5940189364180289
-0.7292762123910286
-0.6335854685059976
-0.564959216625028
-0.49395129243636016
-0.3678936200355454
-0.3109876417564657
-0.5171282188266954
-0.7247595277636282
-0.672544631062343
-0.4575551118057493
-0.17091988096818508
 0.030853241585457287
 0.1540662772394443
 0.27603158693709273
 0.382919019932895
 0.40928006979506165
 0.24984879760695408
-0.022099109859028226
-0.22543113414380136
-0.43554125174522557
-0.5319815723817375
-0.4417568341095977
-0.34324747363241226
-0.3645079813648444
-0.3774614330735277
-0.25433858213704275
-0.10211631221541527
 0.17285547532639975
 0.38795992743684715
 0.29858027776342394
 0.17305368537556928
 0.25924580591539226
 0.19990569551352733
 0.011769508025556095
-0.10952369814048152
-0.2531712313817042
-0.16675135048872877
-0.056900015260884514
-0.10274584937298376
-0.18702808474197807
-0.06057486920129616
 0.18111122151777248
 0.22190563896754922
 0.39378381313400995
 0.5331479442546951
 0.45499692868486574
 0.35235824520873793
 0.2845377307111506
 0.3008206529864279
 0.3867066445655621
 0.5512229527295655
 0.4795209522571918
 0.18088120311627548
-0.06213947113975019
-0.18384522820015695
-0.27562801781458574
-0.49098604328579737
-0.479744928346241
-0.2421102675557241
-0.0005276058287364284
 0.12344031172657617
 0.06370901058635307
-0.009129143488784519
-0.04081499239546366
 0.12024138364652391
 0.21152779449671702
 0.1158075060635045
 0.09890045629432519
 0.07382558569029958
 0.1587906689290788
 0.3591192332781384
 0.3897720830544083
 0.18563272331542188
-0.27320312700236654
-0.5185789828380113
-0.42719965345430255
-0.28145296313316187
-0.14120728472452138
-0.39214616896300347
-0.47119442510002413
-0.34663314890743946
-0.41049219421234534
-0.24664211931034175
-0.2635540167243146
-0.43637820998623905
-0.5630478209338882
-0.5932494670568441
-0.5021122312785539
-0.4279139586916886
-0.3043235411832791
-0.34617118909166394
-0.24530100633513643
 0.016242414233032788
 0.07253559999917789
 0.011332795970365768
 0.08595302422180988
 0.3334688136829695
 0.563684337687728
 0.7284072582369575
 0.7749049861652774
 0.7905978873881553
 0.7280250283289226
 0.649831867727665
 0.6676719563777586
 0.6812987763492008
 0.6839885108204059
 0.5232288566410028
 0.17561963840689704
-0.07460374340880832
-0.12491858492998874
-0.02822407063556719
 0.1464975566980217
 0.22973629668970927
 0.25566733097742933
 0.22853842261529103
 0.20870183327290515
 0.12458604102938918
-0.13631354705563653
-0.3420504628816041
-0.5186742139308894
-0.4735364773311044
-0.2630057553020171
-0.2832615891967779
-0.20974402404023265
 0.03875511941884724
-0.015089350147793806
-0.2816905437122887
-0.30133770098536533
-0.1854771268595699
-0.28477188520712543
-0.40456279513153204
-0.35216851015065037
-0.21074771057643674
-0.10400711549119698
-0.2620690812386401
-0.4315966664890813
-0.5124519373598863
-0.677061403712521
-0.7254730439379448
-0.6343491619311529
-0.397601315798358
-0.06851116033899399
 0.08548917441114183
 0.15378079858365268
 0.36157052616125807
 0.5148368958604966
 0.5579518786222699
 0.5392539386206361
 0.4814971941821626
 0.5026966429153362
 0.5293134951711366
 0.6296104096321763
 0.7753812676678659
 0.8203961702663572
 0.9161135021578938
 1.0816422818141935
 1.0423172500157676
 0.8523694489571784
 0.6761278009197517
 0.5035945910459636
 0.3333338181148833
 0.0788534591801819
-0.1006859491821903
-0.10978679058054445
-0.2931160330402925
-0.5282416835664696
-0.5304445227461494
-0.48045869730460766
-0.4069262098424344
-0.44932955908715316
-0.4050967426178169
-0.32223852968428623
-0.4971953682206624
-0.5023911515066916
-0.4497022761980012
-0.5247034781671526
-0.64498910029873
-0.6295020253610294
-0.31416029552636876
-0.15823045495035484
-0.5022859787234252
-0.8357412889192916
-0.6262864234721118
-0.2734177663793596
-0.1800974077310663
-0.2648705309924933
-0.19451487435950676
-0.04865532655014123
-0.15008316207579642
-0.14709267032157472
-0.03864713760881747
 0.06686707909138845
 0.01523525279959424
-0.0863529875908101
 0.15179580233291706
 0.4573328414171626
 0.7625363029403511
 0.6414742481285356
 0.12466936585759857
-0.10578650253680931
-0.05859928710582329
 0.06828376672630815
 0.4414245493496461
 0.9521377403193332
 1.0990511495124449
 0.9648622259508576
 0.7993581678822484
 0.7579984763898477
 0.6255484079808319
 0.394447286949556
 0.21798328656111812
 0.1201153340129089
 0.23465596329206137
 0.2547427100940174
 0.14097551953729417
 0.09742030182280297
 0.17605204285494494
 0.1527928756557519
 0.08413653811801254
-0.09369366081798369
-0.4211142295716028
-0.3786897859313959
-0.1477856270355706
-0.011036936416486669
-0.15337127683352955
-0.4460385175141181
-0.763746366490711
-1.0334541957705259
-0.9724294493832827
-0.7782778864035762
-0.5886417141787927
-0.716775777579533
-0.9495304016661662
-0.8692440754422213
-0.5425326813270973
-0.13294056870285118
-0.08112293381541251
-0.26722957361951033
-0.2480772815799939
-0.028291272744441227
 0.04802507751728318
 0.06258619196779
 0.13738499299989698
 0.1812292816989009
 0.3767603128675986
 0.48818489778643565
 0.4359736651940116
 0.45498112753753134
 0.5414505366735684
 0.4545848547169696
 0.33808589677089335
 0.4329212067562462
 0.47193586408409094
 0.6470564030855351
 0.7327051952578819
 0.4695220584011444
 0.28405356862164105
 0.09079902683305764
-0.08965920828738735
 0.10270393088369391
 0.3442030596038148
 0.20665935518261094
 0.13453206284219377
 0.14449410290929637
 0.06524334905490295
 0.07545298289017689
 0.0577479083959016
-0.058375041994815746
-0.22929874587857443
-0.12425299688874011
-0.08911159403389739
-0.3046057136732742
-0.13790423441236002
 0.30178528336602795
 0.3893389614672498
 0.058879308689215426
-0.240470252028844
-0.29546730032572865
-0.08523740746904192
-0.07730347747648285
-0.37229373117193926
-0.641902124971842
-0.7915920249611321
-0.706592042461121
-0.6814648859892333
-0.7143748857271857
-0.42828665882736533
-0.0043929453176029835
-0.006415305407660162
-0.15262920039969216
 0.023793734663961397
 0.20620178371797407
 0.2968058370067028
 0.26841990282720624
 0.15802128705415777
 0.08911499360973009
-0.03265190985501199
-0.06255434352292699
-0.10938749158211629
-0.33473584467102335
-0.3283792834964191
-0.09308065289201775
-0.1500266372624946
-0.4191404938421251
-0.40670206764150607
-0.2506358780083758
-0.14126319946435478
 0.13325978212068298
 0.3978728609985621
 0.37434445121849147
 0.2948032331893032
 0.34032514984930895
 0.23609037407636838
 0.20163594341612345
 0.33004144454157525
 0.21094864088445914
 0.10560833370938585
 0.16966918998756625
 0.1940379378864523
 0.26729057068580914
 0.42620275920184636
 0.49398804507251015
 0.5162763340253483
 0.5530222995402921
 0.4487361304920513
 0.2948400877946844
 0.18832815918546084
 0.05668725469628198
-0.15793662943017026
-0.45834800380344926
-0.49057992345087603
-0.2177723498768202
-0.15928372290060505
-0.2632593141462994
-0.3134492427661763
-0.4627195709757835
-0.6977107161919639
-0.7470949141939128
-0.4555283413457909
-0.23848960560068125
-0.33573962758874415
-0.29996688745064237
-0.03511797562496944
 0.3048428529946915
 0.4869467737347858
 0.15534921054171014
-0.12453259879192563
 0.02906876270509621
 0.11849259084478135
 0.02247036041326268
-0.22957561620316713
-0.5702716124453255
-0.6901924933476198
-0.4754474914060746
-0.26830880231924836
-0.22613781033723185
-0.1234125350178446
-0.10617914420054264
-0.18567083577584284
-0.14513519930313404
 0.008552241792717744
 0.09761362081027278
 0.15589486500975494
 0.3754210466784024
 0.4602531709825349
 0.45574082955809836
 0.5624322193107528
 0.5835517091881164
 0.565327894869853
 0.6281074859569158
 0.6780947533105955
 0.6557676746233483
 0.724248443413739
 0.7853881955259726
 0.6292899093375582
 0.4086915285503841
 0.24007790708845483
 0.1302017535623549
 0.13668511941704622
 0.012082029165894494
-0.357167826693848
-0.6173004704786633
-0.7608389313440541
-0.5873156038037871
 0.00033654908764878635
 0.16607734374195865
-0.05687820412894727
-0.08987645122763054
-0.07537017835709026
-0.06318281593245217
-0.2630199958430956
-0.43502302120497494
-0.21542334366065952
-0.15241153068002
-0.31038043416156097
-0.35592421698700927
-0.27801944910739007
-0.4583128811979449
-0.7602639142677109
-0.841094421004858
-0.8354048646693538
-0.6417475835835467
-0.5474347945266337
-0.34783431199208287
 0.055535722765655125
 0.21775121656305574
 0.18560469511150354
 0.01905921012990303
 0.05194442505793965
 0.2231990714789081
 0.2929759580887328
 0.4602795380828617
 0.5936826655424272
 0.5077291876357553
 0.44907149547297986
 0.5112376981204751
 0.6143373885099367
 0.683515559790291
 0.61276309046912
 0.5690776033934588
 0.7123606712276849
 0.7662231864162224
 0.5068334019158979
 0.4261753862240342
 0.5997528343523313
 0.585175887773777
 0.43115313909933056
 0.09363601079795096
-0.3539117594702164
-0.5632417272058978
-0.7651308019037442
-0.9862464820711446
-0.9392817975442108
-0.8961314268293552
-0.727000594179424
-0.3751773590050451
-0.22453108588691467
 0.10727285548468601
 0.4779829256650475
 0.26179957509004476
 0.00800536043092449
-0.284240776463241
-0.6671231877459676
-0.5117658575258613
-0.38128947837884497
-0.26501130645012533
-0.036496770814665055
 0.13020133700643263
 0.38048651397757666
 0.12262449783744882
-0.36396073150583624
-0.5520819087763448
-0.5938034015817022
-0.6841428714330676
-0.6783866169276503
-0.47425434255078286
-0.2189777011972658
 0.16632096040305688
 0.2636207681413223
 0.1660772660134338
 0.3546257153515511
 0.6430305506753319
 0.8786417675857456
 0.6959933146414977
 0.2525540592526674
 0.153626877455485
 0.053049593189158306
 0.00984827700468711
 0.11458576852665904
 0.05373651604472002
 0.062147160583800924
-0.03929466886332846
-0.06471314846138645
 0.21839003591725528
 0.3523515252389972
 0.48134648522539836
 0.7707031902276162
 1.002592926734441
 1.0793960381870609
 0.923371471211669
 0.6633762144170273
 0.37466125678244483
 0.1560093064960175
 0.016932935123610927
-0.09855417087599262
-0.11530925197574848
-0.26037233353419553
-0.35152576747035796
-0.2336923287707403
-0.11933474993344105
-0.12387336610157125
-0.32526574172602163
-0.6226533950384604
-0.7642423193616505
-0.5361245302863986
-0.3081935075992025
-0.48183731335672764
-0.6360216562294436
-0.5914551314991656
-0.8074255934835908
-0.9444619714684173
-0.7754672562065529
-0.8353430054038888
-0.8770072863572295
-0.5772415200660374
-0.27886857261040143
-0.12079219886068228
-0.05267403825971363
 0.1231360636030703
 0.24522949198028887
 0.219207166327586
 0.4459448866472116
 0.61796150538848
 0.6871323372051417
 0.5226675939662249
 0.08559231407282303
-0.08850515849057027
 0.05749182470364158
 0.3076827205196336
 0.4173886662349039
 0.5673099216756899
 0.4800023351674746
 0.19868261081688882
 0.05574272265717908
-0.14518734217881946
-0.1257808421965171
 0.0742385091637468
 0.16277649951096892
 0.38994651327805113
 0.9260559078809922
 1.199366221303099
 1.0821452563838325
 1.0207692160129838
 0.7867373587510257
 0.4031398262002506
 0.045936301762147316
-0.24754990965026466
 0.0033605124428536465
 0.33114703246598426
 0.19935708184942036
 0.123638672715416
 0.04237492094544683
-0.17045532512122358
-0.4122679743082149
-0.7530123252871752
-0.9640457650054534
-1.0494137970842954
-0.9861713906394729
-0.8335591920686267
-0.799415848156914
-0.6826096797822662
-0.45380447425517817
-0.28991977291827264
-0.21923432303420184
-0.15349436876152947
-0.1941918699284593
-0.1947504148611781
-0.07466756387140601
 0.051423205305561194
 0.36752349259080447
 0.5310237197082152
 0.35304765925634546
 0.12427766531320601
 0.022786918344997097
 0.05282249186231589
-0.0790192653265756
-0.3216662764106877
-0.4610407639503691
-0.3486951444614982
 0.03222676813961305
 0.04378383584333178
-0.3202607523982036
-0.3332282612116703
-0.04134910077207227
 0.2053280499727138
 0.1813004182677698
-0.0019390393177084716
 0.08713495379542636
 0.13114959664677472
 0.11910572910773162
 0.3489801095840869
 0.5226308786416426
 0.6205149149092605
 0.5173890256264595
 0.4734486578098861
 0.5858882828967904
 0.46573938037486257
 0.40800781309777684
 0.2798800787200051
 0.029249389285872503
 0.013327589305466942
 0.03572079545976712
 0.07067844603070006
 0.1326459737711491
 0.17263823068336484
 0.27853779877669227
 0.29606459170004434
 0.1526183603282255
 0.04745275062145352
 0.1549239751730268
 0.12640014071636466
-0.04843169020055894
-0.20499947781863068
-0.5567123853846024
-0.7297088340552677
-0.7049139688942919
-0.6711443304754338
-0.5977435594000334
-0.6130771054559138
-0.5688140596262653
-0.36942670556179436
-0.11830240807623052
-0.07201501703451726
 0.10597333210210964
 0.4744085879279942
 0.3795712854732873
 0.0012052772524049822
-0.40396905974235775
-0.5490186367740992
-0.41565495459178053
-0.23774857733012805
 0.011281929627268424
 0.0004892985898306077
-0.13888565204396258
-0.09879078442992555
 0.1406460449632435
 0.32992301026973375
 0.17493171203186594
 0.06696163456214446
 0.3040311418106915
 0.553976106906158
 0.6761809894960353
 0.7123868190865769
 0.5803958658078416
 0.2800150311414608
-0.08170358680751362
-0.030055079718042166
 0.3546586744386503
 0.4973165122441287
 0.4448195054478395
 0.1987308719072267
-0.14681973647301333
-0.1263326093004912
 0.006059996282422149
-0.2233527678997353
-0.3945676725425702
-0.252499720968259
-0.19964241453208773
-0.3277143480907296
-0.30871009753030904
-0.1889343305599163
-0.09482583006786637
 0.05541777507232009
 0.1345222050194029
 0.12481677269378874
 0.1521853055394573
 0.1879876230178372
 0.10020807266868988
 0.1740046996766055
 0.16490662245345847
 0.08780824796594938
 0.3912102610728256
 0.40902761313722774
 0.17319244973771422
-0.055379806519165284
-0.1104100586422309
-0.005803600994803508
-0.17547290288815987
-0.37222236183098717
-0.5236226192564397
-0.7111788703750087
-0.7402796262321892
-0.42731628321506615
-0.3021159577560039
-0.3114752787455901
-0.20621515972512605
-0.3666654905985882
-0.23625769921317477
 0.15532238697000264
 0.42920362033482234
 0.5421417369156502
 0.3730825775609916
 0.2972321655640965
 0.20233028923330504
-0.18382253850691602
-0.6756276152122411
-0.8268314666910387
-0.6531114456338168
-0.36853958427468736
-0.07788484324598177
-0.004648532243553367
 0.2713215595632288
 0.5218218113818037
 0.6958713300141832
 0.8294597458837686
 0.7244651994828907
 0.6138936363878746
 0.39748976258256535
 0.48496020232995707
 0.6572881446845747
 0.5291366627580234
 0.17212132278955444
-0.007890682203050397
 0.1341382364588287
 0.12594599489590308
-0.0020703878742851997
-0.26498898551925815
-0.48470091987384306
-0.5841892636319866
-0.5428913192316103
-0.2937690118175536
-0.023338469714559683
-0.006150106888342359
-0.07437078104186425
-0.09748717343429518
-0.2399883193485496
-0.3501879176270364
-0.45499837288740236
-0.31986219630099894
-0.08317995811934749
 0.12573134579614376
 0.3067920910467501
 0.23773674308113196
 0.2446060981296728
 0.08003133904258758
-0.20732659305085746
-0.29066783515140315
-0.3554294117599903
-0.23661709069101558
-0.14322668892621765
-0.27828130409259594
-0.42591801451600575
-0.45804022521960075
-0.2560440956227369
 0.037870101666519225
 0.19073301595779318
 0.22478400572930482
 0.28168480742598906
 0.4295074624864396
 0.35529578890178626
 0.07496024029303859
 0.21790288400386654
 0.5098100322817998
 0.24910667745074244
-0.06019781319387543
 0.04550199620408295
 0.12491666734655173
 0.0829608759544281
 0.046105900579105165
 0.09534139658382554
 0.2874033378658274
 0.5484160584889531
 0.6442098178960465
 0.482798236815572
 0.37995951725626403
 0.21523123561403434
-0.02626266707272929
-0.10537691802645832
-0.2176149383216954
-0.28259468408773863
-0.20687186177775532
-0.2369907985544534
-0.23074058977092543
-0.17048764197229815
-0.2192574038247861
-0.2676535368396533
-0.2754467350653555
-0.10458743975611026
-0.08173333155890669
-0.29379864556648766
-0.18987213612312578
-0.0895439657934747
-0.27369783458571595
-0.46654918444671917
-0.49396084071982455
-0.4412567405122275
-0.3625110945432653
-0.14753433796786228
-0.0424186727409352
-0.055873608074632625
-0.09036763733894199
-0.2781415690017056
-0.37389238087412263
-0.23781018831988257
-0.3122789554526306
-0.3910861237631924
-0.08460766876335335
 0.07834908993558143
 0.09975990846809873
 0.2112485558802831
 0.21831793434765118
 0.27611085065590507
 0.4097133782866872
 0.5379535565209802
 0.6007082166243545
 0.6292790553771254
 0.648643010925097
 0.4846407521112618
 0.5066595807002573
 0.45913568336937544
 0.17551045238601884
 0.21295487053169254
 0.22917440452161994
 0.08241287288579668
-0.0017477666829418552
 0.0408170490826253
 0.14569969230390886
 0.18823431705607815
 0.32729209205769766
 0.30466386905469983
 0.15136749769422744
 0.019281128375481543
-0.34085883957171337
-0.5001072050823748
-0.5211585130935883
-0.5054710549153002
-0.2813375238571907
-0.12862856620907115
-0.0565867136303247
-0.22079030500151223
-0.4255972741877247
-0.4892325040586303
-0.5643316252049618
-0.4816765236569559
-0.409198849465655
-0.330191011145938
-0.11789892781717962
-0.06991509801372332
-0.0021620938638306623
-0.09559861447868251
-0.3147962901073108
-0.2023648269461651
-0.20736475722768266
-0.31032840736419126
-0.15138087201910214
 0.23004122144045186
 0.42235425121304404
 0.34791448705419015
 0.277390679494622
 0.31474360998852235
 0.5108484928016056
 0.34638866660989276
 0.19539632588604666
 0.22317409570792798
 0.040829317730247186
 0.026219409527492563
 0.09287262803271965
 0.2382311938166059
 0.287393174719968
 0.22695397177595322
 0.0515270484976746
-0.2489631570614312
-0.15411178888079297
-0.020838872183113536
-0.051290639913219506
 0.02150843122121692
-0.049024969113357304
-0.1533978574082153
 0.1104771604447291
 0.11880230805005057
-0.011611224651990586
 0.18068839542091517
 0.22224431402634787
 0.3269397734510397
 0.3202397815530308
 0.1631369412646823
 0.25596793226229797
 0.2777940101340122
-0.03986584452910055
-0.434367840688049
-0.291131916155815
 0.10705152425636272
 0.14139500169655933
 0.13328499706485336
 0.24742790598623862
 0.37237880921555344
 0.32103060575535514
-0.023030080299109166
-0.40622564390768673
-0.545077398765719
-0.48485017462351465
-0.6704987263081787
-0.8351047448860973
-0.6685264115528232
-0.4017168286719565
-0.2510641800731298
-0.38112881927026354
-0.31904655080967553
-0.0806238548039982
-0.04440401059264921
 0.10036386162982813
 0.3365134673537312
 0.5039502186851126
 0.6462465225906281
 0.5720963297761583
 0.34801698350637755
 0.25655011583936776
 0.09563084646191575
 0.01757244931400476
 0.13481330692459362
 0.047681661019142924
-0.16024927710733877
-0.12708214791402406
 0.1769407052284864
 0.3105878931796205
 0.2918837457557086
 0.15440523329346578
 0.05614219145236784
-0.04871563576844226
-0.36836034251649297
-0.4325410585199231
-0.4794414160532332
-0.4116774960422705
-0.021111548361536798
 0.3158157200407152
 0.4163284851218633
 0.3274606580673323
 0.3258123927640006
 0.3939359138953199
 0.4400521000529524
 0.26483749403961704
-0.11386476998484847
-0.4823811791259163
-0.5675950076157216
-0.2453108156552815
-0.10185378221630936
-0.07937098280152823
-0.1488008282757293
-0.45780460109129745
-0.37961081985808787
-0.15773678056932866
-0.12088024583621254
 0.05579024312148352
 0.3691056434600658
 0.6193206972788383
 0.6655322657786134
 0.4220585638533868
 0.03456456083715738
-0.02362131341213566
 0.04570185880648432
-0.12050596663540274
-0.2981760111219532
-0.34658292759751197
-0.06650960576453388
 0.23859487464206797
 0.34469574791127466
 0.3955532866242045
 0.2570279541301593
 0.25951859778300806
 0.2953139527186687
 0.1559831926760515
 0.027758490101108667
 0.03202845372472096
 0.15663902995284082
 0.019482744808126628
-0.2522922764826614
-0.45126553980211903
-0.4510750489912407
-0.43329106985180166
-0.640145298521963
-0.7987043692719258
-0.7534282276715177
-0.4024774270147545
-0.10934125061429362
-0.17079175670876626
-0.4461585911784393
-0.4058250351450192
 0.009808583128798277
 0.04276170486397338
-0.002623293063241879
 0.4440756124576863
 0.7843323852221961
 0.7239420664112335
 0.6107630852685217
 0.33626539916356896
 0.1107347824976601
 0.009269050641573262
-0.014274899632091905
 0.15836430728429285
 0.4250030571414313
 0.676028556949895
 0.6126698514370804
 0.4702601193927363
 0.3023575621686305
 0.01283255393548793
-0.18746902389747006
-0.06179868202949894
 0.05423225500203553
-0.0022954057404933306
 0.17610984378518768
 0.1895365437074398
 0.09395144954013229
 0.025327337094381456
-0.12299893655369132
-0.25443735960042
-0.4063933503413797
-0.5062091515352293
-0.6385786575967378
-0.6843133611050675
-0.4919417704819139
-0.06581583428560037
 0.296131828272991
 0.23778833315320247
 0.033615527048954014
-0.05627680932074453
-0.1811411236387646
-0.35801443693508433
-0.4956296162430756
-0.42778689127050634
-0.284223278757479
-0.28010886687740094
-0.18899073350337273
-0.12894543595256963
-0.017000631195901405
 0.1873102063328416
 0.2097932762439461
 0.09438577176403877
 0.058454978321407086
 0.3043140549154643
 0.49930321443464043
 0.4189415034906639
 0.24822637416051432
 0.16109070305696244
 0.30576349708728123
 0.6216985702854937
 0.537154987174185
 0.18780594586131952
 0.06276183896993026
 0.031745402935940956
 0.0017544274642111663
-0.13543370895497558
-0.09900952817844196
-0.014510129171654687
 0.17806949180721326
 0.2240180572080079
-0.19019326735907313
-0.3244325692579578
-0.4662059177014871
-0.6653661965210941
-0.4968232062133507
 0.001400609794145304
 0.22557150450467514
 0.05032999814365929
 0.15947757658563677
 0.12485960751841706
-0.14794228947110327
-0.3028542971176276
-0.20876005527115452
-0.1619853728227653
-0.3577375410258735
-0.1113053706598951
 0.1403974147160251
 0.06375174432032989
 0.010940332318170336
-0.06288499678873137
-0.22306873684090936
-0.27915681225855754
 0.036844683345652475
 0.24078286643949076
 0.3088398554979655
 0.3518870133748515
 0.47497330535635757
 0.6402268319159402
 0.43004000519453167
 0.17452527871106047
-0.11066550222741514
-0.368843644334213
-0.32763699862569273
-0.20982747420991166
-0.3192316012691061
-0.35169192903553476
-0.2953106068808802
-0.44463730958564385
-0.4254407907099114
-0.2725506403540668
-0.2884430041583408
-0.2860944373375158
 0.13592919146981203
 0.4289049821391423
 0.2628605532185784
 0.29263273613854374
 0.3465253087074187
 0.198144963735633
 0.1209768335979923
 0.13664005791542427
 0.27221421206785273
 0.3965359273420702
 0.4073807619611411
 0.39654078951674837
 0.2186579616718807
 0.032771083647779795
-0.00024777368675459044
 0.18998739304363968
 0.3687818759794798
 0.08274488691854893
-0.03441434195849916
 0.23211395883208105
 0.3920452999443182
 0.3868513722751798
 0.16525193806627983
-0.17288225851233632
-0.37539100222616356
-0.38965406147245185
-0.4287893848974854
-0.4075800583157648
-0.3383966912019869
-0.4469837011360777
-0.6716265415359758
-0.8127708519748748
-0.6587242403828709
-0.41952107649000925
-0.17257518908423836
-0.028513557774030713
-0.09377177996280424
-0.019271202471492114
 0.2944626285277012
 0.5610800366816018
 0.25597565438183323
-0.20113000419186086
-0.07673513026822837
 0.09185501175299517
-0.18726381347635498
-0.43263516104530564
-0.19847996009677643
 0.03512299354876594
 0.02578582224300331
-0.020857472188854028
-0.04694984304150281
-0.0039004026599295614
 0.00475368787653319
 0.24855261081212948
 0.33364535306180715
 0.15238475546873323
 0.20984034117889072
 0.3159243940726977
 0.6455994691413904
 0.8778884202613222
 0.783366357302953
 0.6233224119959917
 0.39076940705818386
 0.23733519758718302
 0.19596672263972334
 0.16441709026196366
 0.020885843526453125
-0.09215558389284141
-0.23478011858158232
-0.31097201659296064
-0.20734018967953946
-0.24344220037764908
-0.13269096987141424
-0.02002846092685871
-0.1051695376667484
-0.1258684355212343
-0.33377242661943723
-0.4912988637664213
-0.4686863540423655
-0.35935652998308043
-0.29651251546183677
-0.530811112913461
-0.5416036962072346
-0.3467980944414467
-0.4141258009587735
-0.608887701806406
-0.7020937291412747
-0.6682734870038821
-0.5156611994504057
-0.4826872140303207
-0.5253228777005177
-0.28458278788290464
-0.0672810625994564
 0.18399724476942894
 0.5445393710045958
 0.7389729251901871
 0.8642529787880175
 0.8542737868136409
 0.8202028541485945
 0.8162154442917071
 0.6370002535649916
 0.5056241728848875
 0.6755757204479906
 0.7176676121072137
 0.5929627283881828
 0.5980178890500922
 0.3912046438109356
 0.16712016905663937
 0.13223981649106506
 0.1757786697476474
 0.17190771802487967
 0.0036378973499929133
-0.13385724625806478
-0.30361535604374607
-0.2870236889517965
-0.09706009795165647
-0.12254353403557874
-0.4485802583204429
-0.7789130535505586
-0.7793381159866927
-0.5587475816266927
-0.25299806741530856
-0.03977764337824441
 0.06181750257969832
 0.015367862026027607
-0.025522660372820825
 0.04180177017947503
 0.15279692606752035
 0.24988065451855948
 0.0816357360627446
 0.041838230048606276
 0.13232962312632793
-0.004136281096200277
-0.41974380609644163
-0.7766649039643078
-0.6308384351893278
-0.42213539678236905
-0.38521276166416907
-0.43501581054838095
-0.28766260315107084
-0.02356172958983686
-0.18858016431209013
-0.4087847562976594
-0.17220912096213362
 0.16953299732332053
 0.27890057511061617
 0.3328496831139602
 0.4908305899525152
 0.662409210003218
 0.6502355960031031
 0.6944289086647794
 0.737790246504489
 0.6203402690784782
 0.5005627457159812
 0.3176292869217903
 0.1632914828313371
 0.1007873416083953
-0.06936870115098617
-0.0961420686666098
 0.16766865083603516
 0.16147383573213528
 0.1338622218649959
 0.13345884511987277
 0.1434446266104473
 0.3593115646536215
 0.3452406567715371
 0.18902028684019634
 0.11853037133448249
 0.09641760311477439
-0.05245018520596983
-0.13169954723281727
-0.2753424902641828
-0.5920814517765363
-0.791471461433258
-0.7163392206421939
-0.31996412367168003
-0.29829523741899183
-0.557373055562195
-0.34577146698013683
 0.07812709515027118
 0.10323786134441039
-0.21747184816266354
-0.4534464709412436
-0.20801250178542396
-0.024205368931285047
 0.13794347543253294
 0.46568619589336474
 0.15872662144563524
-0.11783567427877087
-0.24621406673890484
-0.22986428880027968
 0.10589006424850071
 0.09720152747309137
-0.2070110962081294
-0.2857689908142283
-0.13712022512754118
-0.16887907585520023
-0.0018825239917875903
 0.028289130506175778
-0.354529516082016
-0.5577917235392618
-0.4288918040067186
-0.11492739960941359
 0.13332751152345385
 0.24415392320330137
 0.2174952801628135
 0.16611654004949988
 0.07950907875672213
 0.25605661035537497
 0.4319650004659028
 0.36537948642189305
 0.5769400620872636
 0.5780704561119756
 0.6343659710293204
 0.9191614271815681
 0.6340785978409705
 0.3041684276656133
 0.20614037051347403
 0.07406251704656927
-0.039148441313937
-0.11892427842180107
-0.11268443929225848
-0.12442497281009811
-0.22048371554678292
-0.34790153282278186
-0.43925510846635624
-0.6001457150439363
-0.6172196218709959
-0.5603563490054744
-0.5879834623239406
-0.2859524821089189
-0.10437203631417653
-0.29171512888855544
-0.32613334470524863
-0.21591352261212582
-0.10779256139458239
 0.032683796575106325
-0.13183508688057177
-0.29899792873840314
-0.08946439931282577
 0.08930312195473221
 0.2406558782700029
 0.2604590917951024
 0.38875156215131873
 0.618197383914334
 0.5679608573919884
 0.49657166193238134
 0.32576158226943797
 0.11953068152203791
 0.030191414951367915
-0.06836063082976665
-0.22199373819439505
-0.17952971431955284
 0.08314783702114033
 0.1885911298904521
 0.3043599598320852
 0.28832733948881634
 0.2573505612112543
 0.43074502304663215
 0.3608528499870905
 0.28183523682253475
 0.189255789841695
-0.016791131610279984
-0.18509107138556502
-0.2681875670623504
-0.1558670639933735
-0.0442311019021167
-0.01906338162348878
-0.06349582864666697
-0.09798373193979024
-0.22916547636631462
-0.2831564827321109
-0.13961677694995508
-0.08347178921058826
 0.08631399643278735
 0.1303776223796855
 0.02690048486327353
-0.047491623806011615
-0.291481306395954
-0.453091435418045
-0.4526266519772856
-0.3256125633042468
-0.3391380119874512
-0.36700300723419205
-0.1903454444510904
-0.011553418325943197
 0.11695924807487666
-0.04895788508660872
-0.20894907647311264
-0.1551442730840953
 0.028476025624388314
 0.2956343048434563
 0.32519972372932127
 0.04065313406013059
-0.15758719633008342
 0.018531786370924546
 0.1792321548644521
 0.133056948558699
 0.09949294411672749
 0.12733090040072692
 0.10132773942363013
 0.029978591234808498
 0.10195714702170312
 0.13724000564973135
-0.0035759131671558204
 0.05974529987364649
 0.02590064210614159
-0.16369507151237606
-0.10907316013795428
-0.09231717531775471
-0.08915842247038083
-0.14441490807359444
-0.19556884445430514
 0.0005773720612651028
 0.2755601903271553
 0.2430862524265644
 0.1465742865563588
 0.26479569104513306
 0.008877838708293723
-0.02497299521515837
 0.3202011529240501
 0.36331324116824115
 0.26883410810373126
 0.06308490090840854
-0.053060231727699116
-0.16711900669047539
-0.11188029374818236
 0.26579157302241035
 0.28978931480263487
 0.049223867907297665
-0.18407705236532623
-0.2179353756404489
 0.01654504974407255
 0.015958447095620273
-0.14509257106747023
-0.17563657394111984
-0.2325541928858936
-0.3076071934826235
-0.2573388467127498
-0.15119630155663907
-0.11327332166950742
-0.2771417369442093
-0.42327920688990367
-0.45976938672933687
-0.38852858844872334
 0.030349901468105282
 0.3718546904438411
 0.22939463153932452
-0.07561573982917844
 0.003922394514646891
 0.2600740093766139
 0.3967154565074651
 0.5021723949575772
 0.3906601659877945
 0.3500493183723577
 0.41034860997824435
 0.3098711504262113
 0.22623724719845975
 0.1882945340568826
 0.22163780098289598
 0.34000815313221494
 0.27047569034174895
 0.10083243181585932
 0.07004281737010744
-0.12861133076525644
-0.26670134452840116
-0.21656986263630337
-0.22971902631304164
-0.23423000585894105
-0.38539665493363545
-0.40734203131046604
-0.22502741375069207
-0.007821432663770918
 0.10130616419221919
-0.039698822840561046
-0.0863277296139239
-0.19321372600719233
-0.4026392901885393
-0.5503099648416396
-0.5369506000621476
-0.34933945942106087
-0.4261228899431565
-0.3662095087026863
-0.057083814464762586
-0.029888402502319666
 0.008254458725627453
 0.07678768857381504
 0.0395221478041356
 0.1696414061661561
 0.32069325870611964
 0.2946666895381249
 0.3530857455123157
 0.4727681608792354
 0.43827809749224483
 0.3850896524076215
 0.32592614600525976
 0.06743686190950869
-0.17081689831457503
-0.009341375866916428
 0.22769792595057953
 0.12125377948315619
 0.04413453855790095
 0.1962267978114315
 0.2822958650401416
 0.23871512807104425
 0.120478900973791
 0.05398698699719817
-0.17910297288110522
-0.3330234656648545
-0.1678163442024653
-0.16700876462896122
-0.12452745165029344
-0.09411875455622495
-0.08227776868908793
 0.09522711772458048
 0.10476565863906498
-0.03228048241469253
-0.12677836886406174
-0.13069418650508235
-0.09930588927498893
-0.08197361768314017
-0.09860074875117598
-0.10338261236195286
-0.22110048908957028
-0.24605168437956781
 0.03578599504608437
 0.1171200196956152
-0.037882154233623865
 0.04749233420481083
 0.2923634606891766
 0.35001087343586096
 0.4392637791059284
 0.5736446130191413
 0.5602279775044802
 0.21286456628216277
-0.26344593960733315
-0.14343922266312326
 0.13857360674457528
 0.11405415239328323
-0.10623793717490505
-0.25399759520487675
-0.14072656851108542
-0.11248195355876695
-0.12184317240533481
-0.11552883218933974
-0.022139326125141388
-0.03730494765592372
-0.35047158856385247
-0.48242098442953396
-0.47365440061092917
-0.34058525678140245
-0.0010779957074642098
 0.038963276437052295
-0.09127336248244124
-0.013770390635107517
 0.08672553040324939
 0.17219530753480186
 0.17859384353957478
 0.17542759427616034
 0.1668123656058235
 0.12549262842803546
 0.3608585619773897
 0.6439902711281634
 0.6422237579915994
 0.43816172082271737
 0.004239587918145044
-0.2727073945706058
-0.21472770442454678
-0.3072011839688417
-0.3482556318831337
-0.3205627381122315
-0.2841536979014572
-0.21750720905047996
-0.27597250406420526
-0.18455032313924052
-0.16407407746387992
-0.21374709521803134
-0.3244996818869102
-0.320152053745894
-0.1642085014088701
-0.17897579724245344
 0.05023123258030451
 0.15171198185379803
 0.1536322423888054
 0.13850458315417274
-0.13212865525150644
-0.08154283506392788
 0.2081613512249597
 0.3718651136263717
 0.1997668629490857
 0.1560347239282687
 0.29064354123504976
 0.20853343313497102
 0.26335613795313406
 0.03859096796837301
-0.3066925486709191
-0.36954169656218905
-0.28582904616091614
 0.0416603718224922
 0.17193027453710383
 0.08354533704421871
 0.012039379895171495
 0.06405208538103328
 0.05281076006829792
-0.07569263479095532
-0.04880480816952458
 0.027325373146947426
 0.09262539107060823
 0.11100091388956584
 0.1276665819335821
 0.13824818665616778
 0.2782282530195693
 0.35520102944594
 0.18475459318277856
-0.012645484185328904
-0.13060565012504682
-0.0932276519182652
-0.09725500497065254
-0.005477847388053036
 0.09398867436523076
-0.029426539996253748
-0.19197596807284426
-0.28860706542611364
-0.13903328358348843
 0.0352383861676793
 0.017151497950953134
 0.061556498557171
 0.23281292639810613
 0.2670899179317134
 0.08407743328169448
 0.013987855100853206
 0.057991295259526426
-0.09890377635987918
-0.14046526285855396
 0.13235084454424786
 0.23677422470406964
 0.0972928147591378
-0.0661852870010469
-0.16088862581424496
-0.19342551163244565
-0.22975526821480263
-0.167747366047753
-0.11402085183034556
-0.15819930137085292
-0.2131631550142188
-0.16856680965417636
-0.024483960965480757
 0.03801884690467687
 0.0312530711141146
 0.02587380116548292
 0.1330784753225929
 0.13211666757972765
-0.07094437502483132
-0.13196876358801843
 0.028336706717039962
 0.04449521542181932
-0.2190184612193369
-0.3274159167241003
-0.32015756043028626
-0.1918678515607933
-0.033740065305920657
-0.10851783537248548
-0.23198053666469826
-0.2935596357874324
-0.24825315448567162
-0.1781106086968256
-0.07474013553275466
 0.0016313076027482073
 0.009780486716999536
-0.03173758570564086
-0.01452842635163669
 0.18106817724854574
 0.23783232703676577
 0.1335542232028621
 0.16187517080696495
 0.4058721361947221
 0.5711518464074032
 0.4223630729252995
 0.3434983661850232
 0.4010744404021442
 0.3278130363695903
 0.1199315475001756
 0.032251980785922826
 0.2296054207784579
 0.2124909004838529
 0.07586172059313243
 0.1027492366393736
 0.03963015294668193
-0.09578144978626474
-0.2512005559390352
-0.18612242441708202
 0.02801449988654558
 0.1147153481668779
 0.0757134757471886
 0.05561598652288654
 0.16249351806969625
 0.07357950175883843
-0.09153637374299829
-0.12669495923556293
-0.2137664882425414
-0.2814550646671125
-0.28423087100557254
-0.20948820107047955
-0.08937977439501464
-0.11151421153514054
-0.3071131734764341
-0.3467690492173252
-0.19681273981557593
-0.16617656749334708
-0.19246567360864666
-0.07124971397550389
-0.053891166358733124
-0.25539916753991926
-0.2275280793570173
-0.08940442297857173
 0.03905266500714285
 0.1523957462590945
-0.07042333267399191
-0.20059675250878992
-0.091867607159954
 0.046055228678126246
 0.22072795192428346
 0.15496997876796775
 0.1478389202431709
 0.29468040808883417
 0.3213087463125572
 0.3725172983485
 0.23772005471498556
-0.057839393216645496
-0.18885222195679047
-0.1211292734852185
-0.027631547971216416
 0.10245255106096349
 0.29985660383024143
 0.2338953397133694
 0.07391297179924572
-0.08458057531823426
-0.13052976180367246
 0.004877888093893714
 0.09282307028380238
 0.1886272406298744
 0.1879763809164433
 0.07192290720955816
-0.08049653507309604
-0.1240358500042313
-0.1954838512427675
-0.18886555110534844
-0.16118867870952894
-0.15127625477919818
 0.0487156446050376
 0.0836731296392401
 0.22514731897832968
 0.1864266998357824
-0.018956011961438975
 0.10315343889472312
 0.14997297798943443
 0.1584826590470734
 0.01838646989938302
-0.2394558117177256
-0.29914519345850843
-0.2641552759051603
-0.18962050987677176
-0.14248547286160598
-0.07320455540794571
 0.04902759674364911
 0.12906290502207182
 0.16965830702927745
 0.07677130920654276
-0.06132537263704121
 0.08430029559547297
 0.38509643268002636
 0.3649806839298229
 0.13732553235133824
-0.0052748543471529815
-0.040025213652911076
 0.006479097464631096
-0.06746784836930214
-0.19303214259164614
-0.31956560393628153
-0.39966172317187354
-0.28666950568679933
-0.14311611707015126
-0.025373446970307995
-0.03529919887339219
-0.03930148364491459
 0.04003751627326813
 0.018430841581602787
 0.1144102778889467
 0.18644416206227785
 0.02193379792125549
-0.10988800731354467
-0.06619551526237925
 0.11346766386993379
 0.22289622848632187
 0.13983104188159812
 0.052167798286310595
 0.05651154951194582
 0.07494980210708399
 0.06192891078678407
 0.17277724226319627
 0.27324596125407996
 0.12014981442788297
 0.044879634635983885
 0.14330352591475304
 0.18832586308146265
 0.02522644698714938
-0.19657743880057654
-0.1468737162442876
-0.0157617067523839
-0.08571608235994083
-0.1952272869755006
-0.07286435127221773
-0.0127210925649202
-0.15409249546182632
-0.16964225672786631
-0.10920389815424388
-0.06040177363726455
-0.09211350122463385
-0.059434927746658206
 0.0463881993567251
 0.07713985616108754
 0.16162670151541592
 0.218983802228594
 0.2613748321305806
 0.2639976913745489
 0.2826851906969337
 0.17411373318889445
-0.047775824156872815
-0.032905480942893854
-0.1030251300392265
-0.22902115094958092
-0.1537541920146675
-0.07002872653044924
-0.14695137793957408
-0.2847836331810836
-0.28438252899299027
-0.08991402198885895
-0.07253072183606905
-0.20619316374327032
-0.017412825112619358
 0.16904528163521404
 0.09861222462159146
-0.046322860259978706
-0.009429813914086193
 0.04525915232980969
-0.017662338219641416
-0.12088104512042155
-0.1859117792106529
-0.114084286306724
-0.06291614553271217
-0.026619583561035068
-0.030914928675395963
 0.043682678272384715
-0.051305768274759696
-0.014205642216595727
 0.1923670257805164
 0.16170517505952067
 0.3598787517407409
 0.39743330076411243
 0.22947173527333553
 0.13373183221506485
 0.03368454055979988
-0.0002630920335775038
-0.0187953020055564
-0.01944852275910365
-0.07714057447747465
-0.057511097837559616
 0.09210273646685226
 0.1814016357341412
 0.25311120420223526
 0.2992430777309499
 0.10185136477273146
-0.09587303471078136
-0.04164606030264701
-0.014596427862540486
-0.16195522207206256
-0.2528018479367935
-0.24014202182044272
-0.1601702551641756
-0.09815021151842515
-0.16535702657585177
-0.22585271753587918
-0.2969872188449167
-0.27276995164383444
-0.16790504184272914
-0.08336505255568293
-0.01963473199394189
-0.03318761504706695
 0.025478135265291826
 0.11113030380530728
 0.11006636935647061
 0.06654056561906264
-0.02228711316699768
-0.18822612760340035
-0.18061499752231686
-0.004746453497935403
 0.05065380796496895
 0.09874133491396316
 0.15020634167501798
 0.152944585643234
 0.09618355711591595
 0.06133228058463482
 0.10160358482445958
 0.10995782999595301
 0.20950693967176595
 0.30525121329145743
 0.25960196330991514
 0.2870259605059198
 0.33713723672727186
 0.2589112977745671
 0.13077282039479476
-0.05842404941606272
-0.26603409264343575
-0.28696056845166046
-0.1681231328216013
-0.09947624294462987
-0.05706090891916758
-0.12441706481703933
-0.25713821683850263
-0.2796223176555431
-0.28549387601833665
-0.24689318374915875
-0.14044141740003593
-0.1579215794873764
-0.203796315994084
-0.13544587960938556
-0.0671249847735308
-0.07835638495950177
-0.141165579526834
-0.04823775582972894
 0.19813230660471215
 0.39210638132762465
 0.32585461597586246
 0.19403534252236976
 0.1844199375807416
 0.039295980615964426
-0.03584578932084497
 0.0011588568320491548
-0.023345003479443394
 0.023459746160061946
 0.1431608719402651
 0.2589450581675932
 0.22232158140290165
 0.12787290455159836
 0.07559321553993179
-0.07237566190641619
-0.05660142695730212
-0.00132130961566523
 0.005524624369075927
 0.09396528162165346
 0.058843597422027216
 0.0705522395309359
-0.06967205678967035
-0.21676742233852114
-0.11982191484849404
-0.13920836403871673
-0.20177234189921592
-0.17733178157939514
-0.0841229341795045
-0.041565112822000476
-0.08098007072291899
-0.1135391036289954
-0.11474051446687118
-0.17470549731019433
-0.1913069028283874
-0.0768350041061623
 0.02836008237431544
 0.1901376313035909
 0.2538018175742814
 0.25376929987133223
 0.23753639646972968
 0.1357237062663819
 0.17647481691486677
 0.11156334495256533
-0.016983834119376526
-0.0718303582083972
-0.14111634087498448
-0.006036347749945903
 0.01952466332480826
-0.07387251865570008
-0.002115788751935625
 0.02390810240745947
-0.04566644715199269
-0.09914962589085083
-0.06144693602306075
 0.005548171247644604
-0.045516476410875154
-0.09720885559044373
 0.022462692814761195
 0.08895360661488597
 0.012220498398661312
-0.02015571709048666
-0.009015213331703645
 0.008555490938816334
 0.027634783244029383
 0.016820903941970868
 0.07733609449870865
 0.08857451243634361
-0.06990671516325117
-0.09644638553582241
-0.03791626826884545
-0.04073532496829203
-0.11161804155878571
-0.16883729280132453
-0.05242956142840813
 0.0802670712786132
 0.03770724227833195
-0.04256916613869989
 0.0008460261463193144
 0.04918818126582089
 0.1022890838877927
 0.07447756608710947
 0.030083926729795082
-0.05070869785596932
-0.10692112204316057
 0.09675432057769145
 0.2072972651402368
 0.23300255353718238
 0.19409645724340072
 0.041104086117610135
 0.04498499051086392
 0.05783056157841983
 0.05401124429364586
 0.12116474497280043
 0.08082825215537469
 0.016031559787878513
-0.14619342030670496
-0.21050983593595832
-0.10586909748859202
-0.1826140959162436
-0.14830666866868622
-0.10807325442893166
-0.14148021268576513
-0.14637485138860784
-0.07008341046128529
 0.0810670430014147
 0.008079200172851865
-0.044741342959496506
 0.019157712968898274
 0.11797889329863302
 0.18891712258764334
 0.15990159245923224
 0.0663031942597647
 0.03740324448452408
 0.030195440943255276
-0.015163495510926222
 0.049756067894856856
-0.0033051451070479593
-0.0578749130069341
-0.07782413259365666
-0.08845291006080963
 0.07114573810648153
 0.16163989921295538
 0.16589152924352962
 0.10785546285918858
-0.06690895279958771
-0.13449685968844022
-0.011784951865645306
 0.049739838576843026
 0.12400945450505245
 0.08236977252264385
-0.0708253862010264
 0.037407489741899023
 0.1487301682939349
 0.0722036765879112
-0.10849885611342108
-0.22376096150048774
-0.20934243521979765
-0.04760830330434417
 0.1654394610510135
 0.20042694295279764
 0.16273929970060316
 0.046454217656204645
-0.0974955201149671
-0.13726761432747303
-0.15024113213113063
-0.0719879242285925
-0.007300503304729668
-0.07617871415699054
-0.039907929010210154
 0.010930665011563272
-0.008392151015099655
 0.07895821496153052
 0.12605992616231151
 0.1209330286719953
 0.02672139021575495
-0.18822688240138946
-0.21355586351606323
-0.09458772202036055
-0.10628487872566413
-0.11340782810134536
 0.1404016979346076
 0.23323021605574878
 0.10019956964396214
 0.10780322621792493
-0.002384877320197814
-0.17216058634247247
-0.22510139432331805
-0.13191733478852863
 0.02043003680295796
 0.03358395730088726
 0.11875236036151779
 0.17361686399862125
 0.08424812112705175
-0.001123323737658271
-0.04017654396343854
 0.049546771031546685
 0.012670327663473532
-0.1742087675479814
-0.24682118016193452
-0.3063304714288345
-0.2876120777221178
-0.11015070481035462
-0.029154724493219125
-0.08349452523687236
-0.1373540517386629
-0.08277559584036946
 0.09694965353355989
 0.17519915521263815
 0.1374467140320558
 0.18370425526428355
 0.10881722786670786
 0.01728146358474135
 0.11665273121299456
 0.08045089214616032
 0.06300634319804083
 0.04949962935863525
-0.0228169780852
 0.20064550262175976
 0.3785053892309301
 0.2617818652667608
 0.13623493260172462
 0.07996131687291279
 0.04256468324377087
-0.013078762227411368
-0.01065863428040704
 0.11118341289472364
 0.14686954108472766
-0.05963078578807887
-0.18889632450847924
-0.20984815239615762
-0.33935273900348406
-0.41454200796688234
-0.43259180755537396
-0.3169749960451105
-0.02677525188601698
 0.24307583445396916
 0.16807787355865678
 0.07726302300766104
 0.2735095279860704
 0.24650410949036008
 0.09779522702220475
 0.05506722977406144
 0.027940286167789274
-0.03118437357027982
 0.04587561887813902
 0.0729493957687592
 0.011215985639791442
-0.06286791247784686
-0.1725979409749702
-0.13294222349020327
-0.1902101835695085
-0.07967234383118581
-0.03813840805482
-0.1587184641895448
-0.1759293491881286
-0.14693312940403191
 0.08170514022594054
 0.11297486814395193
 0.08151934542241515
 0.05738441075421118
-0.036562261505835233
-0.10187964046240576
-0.11164880487898875
 0.12649560281965147
 0.2211201047402609
 0.17276163394506364
 0.18563610371851832
 0.14136669916009742
 0.08903371052970215
-0.06110818692167526
 0.00868082320777234
 0.21872012121424472
 0.1200049853238478
 0.08155620622664217
 0.08931244034302929
-0.03847164075968041
-0.15082395259484965
-0.22843412485995876
-0.2570812459807717
-0.260438475610948
-0.23884657886404725
-0.16976863552987168
-0.14881178358892969
-0.1814614075233796
-0.07307761516645991
 0.025161628906846995
 0.08311905492208699
 0.20056456852252608
 0.1881295235304488
 0.14199675476589302
 0.06367826136128794
-0.10755192790099503
-0.07810899630362539
 0.07406615509545275
 0.039128269582929504
-0.10935378313999321
-0.08637891722892128
 0.08049229897795472
 0.16268866986621508
 0.14085113990422063
 0.07520401299660776
 0.10961881977274718
 0.11614571094251462
 0.0822825473957923
 0.13658593939969876
 0.12223004972936047
 0.0194264114804709
-0.013254717475339345
 0.0012905427752635409
-0.1616194053097821
-0.25450299970946955
-0.14167076742662416
-0.02817266626149216
 0.07009989286291672
 0.07262671089797504
 0.07191763151036579
 0.1327196773943567
 0.10778054187460367
 0.04330796935483208
 0.017267509389316614
-0.020697921448804522
 0.040931687782772425
 0.1549422129057799
 0.09267423771327207
-0.02518721476870562
-0.14069046356478412
-0.21445986296028502
-0.16644908710776388
-0.08703879667496311
-0.04444061751370855
-0.09122168370311022
-0.13014973145742356
-0.13529871695948825
-0.1085645555040841
-0.0729763300954107
-0.11343235516525027
-0.15209004490540287
-0.09914336879808808
 0.0643117681938322
 0.08846354521426299
 0.006340447663674676
 0.10571616388394128
 0.22450425073646577
 0.2645625811345297
 0.2779379098857085
 0.27564502100806165
 0.24548118704131533
 0.1243933367084121
-0.011759669330563287
-0.09772443268696024
-0.10494085104399674
-0.06399477509980554
-0.08511508556650357
-0.10827072141976299
-0.09734651672929671
-0.012494903412278768
 0.061303981380001725
-0.033211818833341525
-0.03392241331170349
-0.0026146598046553867
-0.03788040323078696
 0.014430135360289599
 0.010325699331259776
 0.054372132042354644
 0.009676939889317955
-0.16799985988307045
-0.24036458769123228
-0.26730552705652233
-0.1437766628623861
-0.08561846998820241
-0.09838448641745741
-0.013353902410955352
 0.04777476887833296
 0.10275204675617006
-0.0037260331550979706
-0.04736982653791041
 0.10588024519847551
 0.17760316690071143
 0.21060855307542697
 0.2462222277502106
 0.2120572023199036
 0.07487853131245494
-0.06664212134468595
-0.06840281087857665
-0.040342390486059136
-0.13827617890916405
-0.1800324371258385
-0.16422054831982805
-0.1516132707611277
-0.040512039802073574
-0.051758381622870976
-0.029332267077522293
 0.10725909952730249
 0.1551216109841963
 0.17149972463221946
 0.08061003081148585
 0.04717737702642177
-0.03190536075202135
-0.0969955679344002
-0.029864018111243718
-0.11816333609321689
-0.12534013264993835
-0.038884790015423575
 0.11338632274746521
 0.20507075275480446
 0.1891621714858129
 0.25289709982813496
 0.13892616094638918
-0.0010519685352749018
 0.005801852752727295
 0.06289600291668251
-0.024420210231377016
-0.193488914082335
-0.11024109706587695
 0.00569849809502406
 0.05608632698211132
 0.03754642426243485
-0.09702485576578228
-0.10275648280574655
-0.0196621974209655
-0.05478447446742874
-0.10317113152859585
-0.10700974401657963
-0.06889451169573901
 0.04209029787369787
 0.11004842401628799
 0.08839758752711194
 0.013480918673728063
-0.0017414141686854054
 0.018847936198106482
 0.019915004601382985
-0.0022885067589900237
 0.0052984945817689056
 0.02359402229671497
-0.047238116307850166
-0.039611590569905215
 0.016141694784549958
-0.04716405026414424
-0.15631676797966496
-0.19929872748753735
-0.18928837043475977
-0.050412991021450006
 0.11812311517841476
 0.1021826767600177
 0.03402511674026496
 0.14702005783400332
 0.24359152139064086
 0.07781230484631715
 0.10355569414854829
 0.2106818730980973
 0.11583194526491929
 0.12578475834060285
 0.02232354404293683
-0.1095518740310923
 0.002359851154187926
 0.006657019539379
-0.07047671015501998
 0.05463635193676084
 0.10769142550071237
 0.036963704793326585
 0.01167606007905474
-0.02432739215518349
 0.003885771589312869
-0.08383480940400892
-0.1753254107527841
-0.10411917744234792
-0.05788803596749232
-0.05381005071014299
-0.131911396624275
-0.1270225864671419
-0.03850207340739516
 0.0008850812098702061
 0.016878836371347468
 0.00899540762348702
-0.0012567263865323828
 0.024181726757763002
 0.07144096060291573
 0.0915656788492683
 0.12486181226878768
 0.10434512051998399
 0.1565700909350046
 0.1490203218021573
-0.033932807164324445
-0.05042087587451662
-0.08945957287079245
-0.14505114969053476
-0.09161427563723135
-0.0957233622409807
-0.019343430596833838
 0.15035130735463947
 0.1698186333974731
-0.04008299790766874
-0.19515981301042046
-0.14354273483550617
-0.09196807507069778
-0.06439198471857946
-0.06629424139189018
-0.10445588065738703
-0.0834042046833556
-0.037744689404412064
-0.019054976160657464
-0.0337673048040609
-0.013020789628457189
 0.038337020741100104
 0.061626888051593755
 0.08220366485269665
 0.1339996804948156
 0.10218485486147243
-0.032490994605500895
-0.09577152771797305
 0.06190246675540687
 0.24436103179269109
 0.19900607068704096
 0.06494341565552313
-0.08520435862711913
-0.1710030956282012
-0.1141101572444513
-0.08452766153828864
-0.0761516610181954
-0.021060010675095827
-0.028492933422751894
 0.12001899037248626
 0.20753042225255158
 0.05705785678771486
 0.08156903844128682
 0.11338934315502702
 0.01987136704479983
 0.0807580537982249
 0.13050243702830894
-0.03622039218074223
-0.06330054860912908
-0.0304171584410007
 0.041281072634230885
 0.184940195916728
 0.08131068460655214
-0.07238286988098064
-0.09873165961076388
-0.0800537073935164
-0.10214936954839378
-0.06807604029815052
-0.036925427725655845
-0.0825418134297784
-0.16562216939944463
-0.2550908684318777
-0.12743446439789263
-0.02564775871981017
-0.030933157412713595
 0.042360252695560825
 0.1048668355146083
 0.14154047237565132
 0.03361215227668669
-0.0905390180340671
-0.08587902481099206
 0.02016581870290074
 0.17813714287853563
 0.08333709864461958
-0.12165732556551781
-0.16976588462038378
-0.09861910621972782
-0.05304399540269418
-0.05441679671314799
-0.038699832849040876
-0.09993435444273528
-0.05178371779357534
-0.007245338043757273
 0.0248430786693905
 0.16417877741611375
 0.13014117474820014
 0.05608309958095215
 0.0995318050501515
 0.11523680956562805
 0.0994442930708036
 0.159608750273151
 0.18011436063977207
 0.18665876528764955
 0.08618183845079132
-0.052474175882244414
 0.01859297653790456
-0.03600786398180914
-0.15749474754414172
-0.18541324171425244
-0.11714598287719062
-0.01446129124972936
 0.03658511391060072
 0.1448098884089843
 0.16155367720882433
 0.07119214931561807
 0.05969281316375291
 0.058878248198015765
-0.04255485859735778
-0.01384778584156009
-0.07487856414477234
-0.25379035952013906
-0.1585154280991837
-0.06122048169972613
-0.016877357620308227
 0.035796547078058565
-0.05473988605686089
-0.15088530042337744
-0.15204350883419665
-0.14997943735592134
-0.10163450935766791
-0.012449689595036754
 0.02699173613295337
-0.018041190663905762
-0.09407684720697139
-0.08037504003967351
-0.0787221191782551
-0.06347855000438415
 0.023231627935676426
 0.08399940061214643
 0.1104806226576678
 0.1367668065500045
 0.13848552483946014
 0.05657772787212283
 0.03412868749197319
 0.03796229156369558
 0.014559506008326232
 0.06601278858650421
 0.06676839979878652
 0.0388231853427661
-0.03553587739460288
-0.1338364132704763
-0.03379349225916027
 0.0544858237012093
 0.0027830208608366764
 0.06169037851120419
 0.17832519612047243
 0.14930211732823753
 0.07978609535226142
 0.03841578257314991
-0.021460953608359826
-0.029222849741422172
-0.038215122167072686
-0.074352040673545
-0.10559110688520025
-0.10263018670843477
-0.06432974278884701
-0.1329230904339664
-0.14776517065480532
-0.046207057708476384
-0.00348483436812627
-0.013883503053454281
-0.10844486534839408
-0.13796271075388428
-0.06979791528602675
-0.0051231359113799784
 0.08243175831417725
 0.13867827998265428
 0.17356756245339328
 0.16798805010488072
 0.10227017703900679
 0.08962884836528973
 0.15475070252114292
 0.15667526605500667
 0.17486970142657207
 0.20855348514391717
 0.16335081114119607
 0.1378830509004011
 0.06603069142213773
-0.01952840220866365
-0.026984036027331227
 0.0027061141700169666
 0.054514355299302326
 0.00280275410354742
-0.15167182661313525
-0.14484479855587845
-0.0981288018399182
-0.11931420510096388
-0.12921285630426302
-0.20411726569611846
-0.18958588569134258
-0.1513670486756819
-0.13093430094957903
-0.15606245479413147
-0.2468181999040951
-0.17662751519563324
-0.19279762930495467
-0.20216415954815345
-0.06851840398994763
-0.03658982179837953
 0.03662861726540062
 0.13909208627876396
 0.17033764039377397
 0.13489460936005343
 0.11232937326160325
 0.17254412186108734
 0.17810906832428872
 0.10843801284103263
 0.12698525276086994
 0.16106076848839523
 0.07344735065448414
 0.04811708413508925
 0.10207448321773686
 0.12673002025353522
 0.002608777069924728
-0.10751371161021947
-0.1160530160823043
-0.1515964348940437
-0.06617944476906194
 0.03792669857415544
 0.13154501022995393
 0.11321676148493699
 0.06342272837379137
 0.051343841151347665
-0.07242975808314853
-0.15363158515713607
-0.13302471774422528
 0.03985103154353229
 0.17232936296151158
 0.1740016997815057
 0.1168719999018371
 0.06668559113819579
 0.02165196197227119
 0.011066776636589122
 0.11104460498403641
 0.12244609005461277
 0.0775963058222975
 0.0009602588905871256
-0.02240994864888122
 0.012485405057879475
-0.00709078029263609
 0.025173590216965785
-0.008872049429572702
-0.04706947181471363
-0.03635214098000698
-0.10338103619136492
-0.13212886323352308
-0.12491275086275387
-0.15902444760020834
-0.226166950717229
-0.20338528077636553
-0.10693557500916487
-0.02697482448868642
 0.09008133851135716
 0.083142896646908
-0.008548653851486197
 0.016549119912630774
 0.05606779904399027
-0.060696650729264195
-0.12695741040515227
-0.029329982716310214
-0.03213419604992803
 0.015004971281273068
 0.1386563802103396
 0.1317915276475792
 0.00044039073560142654
-0.14635731996211518
-0.14739958046765295
-0.056993883090562136
-0.042372866914684525
-0.09595702079060268
-0.032908476089016335
 0.09188204092965688
 0.09185338300836347
 0.006496278468059476
 0.019050325463852803
 0.04576784536685795
-0.08289059483769144
-0.08219538069728859
 0.03749426576653694
 0.017023319529525353
 0.0617115901413464
 0.13815424413318397
 0.15223481477020134
 0.12968394294957816
 0.0600042030268423
 0.11187668198801555
 0.13056940072764844
 0.12277099136634269
 0.10592330114930044
 0.016562419024214087
-0.02944201478189289
-0.03562223838438035
 0.06090334252976309
 0.049812762140297805
-0.03941203951680828
-0.010869145379004522
 0.02112129727542201
-0.0026855958456842707
-0.11494537961499149
-0.17495187644392712
-0.1258542345149179
-0.08426298687683491
-0.035534616321898464
-0.026308872217858926
-0.07068035190782733
-0.03209073675862734
-0.020180132258942107
-0.12663736283807514
-0.11336398799548651
-0.06037000036317757
-0.046042592106176485
 0.07921958182795202
 0.12299916754409314
 0.08894387012746081
-0.023432439370047124
-0.17062894496309564
-0.08753281528063109
-0.024516107287563746
-0.11736291191634515
-0.20409399034884426
-0.17858564849214012
-0.007789699918640862
 0.0867367936947103
 0.05136245931087133
 0.0224769677461546
 0.041641801398782374
 0.11180518881446869
 0.11798914994078658
 0.09959506400260958
 0.07286090382298784
 0.046172427860548364
 0.1234648022899982
 0.164609447442777
 0.16791860793500674
 0.153187772582619
 0.1663345954905779
 0.13874896177713877
 0.035069448210968884
 0.06989720266880393
 0.0670515385130538
 0.006155550010176821
 0.0173830263614616
-0.025935330203024874
-0.06287588058599516
-0.056526503335119715
-0.022586375304073834
 0.07828290790265524
 0.10097938238290362
 0.018505033650847796
-0.08747131141909233
-0.14266876933638584
-0.15083757552718566
-0.18571440307887124
-0.19286793298370447
-0.16333810923027475
-0.13841206830882904
-0.18157751674045575
-0.18656606705771928
-0.21848428203337575
-0.2657904057400508
-0.1582293453875134
-0.09436591782189986
-0.016787298430638867
 0.04856251398069846
 0.03847556211451691
 0.05011254042466273
 0.06157267758818091
 0.09501378936266093
 0.12992510206470337
 0.13272108760282061
 0.1322920366152484
 0.2401087686009271
 0.32108891313832943
 0.3675981274980915
 0.3815873493282144
 0.24090320292184256
 0.062404244243490316
-0.010073984235271253
 0.07477472243575928
 0.08174293600166826
 0.0499057982550857
-0.01767791278602287
-0.10388897896829989
-0.054925319287795045
-0.12827338566066177
-0.19347212881499262
-0.19370062860066206
-0.19615043089711723
-0.19235260854235028
-0.22770770911802027
-0.0931774061551291
-0.03861284511061702
-0.1374013431804732
-0.09501912855365911
-0.03311992409552006
 0.02714513803682903
 0.07369405563356982
 0.0336001553232524
 0.06579572122190448
 0.04077386712806304
-0.056652795721187824
-0.015168099167254517
 0.0464937324212003
 0.08047185889971901
 0.020362680616413213
-0.06478090221140173
-0.06565698641376094
-0.15871767010614748
-0.2201825356041649
-0.1410445898821184
-0.013836833198843459
 0.07339438880340607
 0.0009309380903901192
-0.02465311970962758
 0.1305363856765256
 0.17723876092418125
 0.09104752943670126
 0.11332480386388795
 0.14476731661633777
 0.10779079333955396
 0.10116738971465727
 0.09076295992589085
 0.07452982896118128
 0.06332242753121549
 0.04180824600061062
 0.019901830483421822
 0.04161064140608742
 0.002242560039488188
-0.09837499703405816
-0.07008908825744298
 0.025424656378488793
 0.046602770513148616
 0.036885108811899714
 0.08714837797092118
 0.06770504592870646
 0.002290461841257665
 0.011312215937501233
 0.062410222924642496
 0.10302806240262663
 0.023708538553969673
-0.10093313246252819
-0.11318361576435254
-0.03371327289863258
-0.05666229205547726
-0.11073534650859175
-0.11385152154072
-0.221999258688196
-0.2863749178106569
-0.2440236089636898
-0.16165920187349483
-0.011941044577814851
 0.10481629542327246
 0.0676424407010733
-0.012101616709377585
 0.0010151680167985835
 0.008719960161413376
 0.0660357329584567
 0.16934532333471755
 0.17861844681671407
 0.1362952568306711
 0.16398445419693494
 0.20134778674660422
 0.07497714990821078
-0.0052225693542822865
 0.07364488615744481
 0.1873607945675689
 0.26101362155660685
 0.11657813738324806
-0.08625371801474323
-0.14189211545635602
-0.1771823554257916
-0.1813889795329758
-0.10187555785979695
-0.03822756315906937
-0.01713623689376759
-0.08334698315277461
-0.16501652651259519
-0.13176045348614562
-0.10471955383614383
-0.06896645074017867
-0.05606526944753535
-0.06760290265180802
-0.01636089207462623
-0.05452818727601767
-0.0999388312507772
-0.054817244073191725
-0.023355336377894963
 0.01798320636526093
 0.06885472907778516
 0.12551086311825335
 0.14829703312777656
 0.06528384186653703
 0.017395196770300055
 0.012114129041582407
 0.004705515543039371
 0.03518249138634273
 0.037214218950193174
 0.05701429471888404
 0.0922167909091601
 0.07809114129427695
 0.06892701457155145
 0.03652276008575194
 0.004579626511785298
 0.06831521087355295
 0.052594974799258454
-0.07754712575649962
-0.1297029625026277
-0.09999435055244747
 0.006201446847361171
 0.16514544471609988
 0.21148036133595
 0.15048760870139763
 0.09869778854015926
-0.0019503396784532755
-0.061984466728279605
-0.009604326755435032
 0.032745207113999475
 0.05117620526368664
 0.03134130871769382
-0.010324036397596617
-0.028792884906231508
-0.08456281063082935
-0.14013101569609757
-0.12336001281452248
-0.07505830116911158
-0.013928709521757881
 0.018536820630686603
-0.016336148164863996
-0.05832216133909857
-0.037989472932094134
-0.06098436561144635
-0.1040947545635524
-0.07420704923582726
-0.07235499795992523
-0.03852370413580818
 0.0685836435215797
 0.09348129695039624
-0.016759714553509195
-0.03366663089289276
 0.025483948433857196
 0.04898043795469094
 0.12161769901522518
 0.12861466041022526
 0.10139974362808325
 0.008251775975445852
-0.12272325817394321
-0.1420487792226481
-0.11665285445931257
-0.02096070461032381
 0.009897941266033838
-0.04694905470307462
-0.06402022855140245
-0.12417566481377282
-0.15769204321362976
-0.12340948768252205
-0.0794814575775221
-0.005522937752756353
 0.05464396940111179
 0.1026342590838156
 0.10285927675783327
 0.08977784672739875
 0.04786142358613642
-0.014059285275070277
 0.06421896168443432
 0.08540240565869463
 0.008677137820215633
 0.013367360750169574
 0.09679388100056599
 0.14562446008382776
 0.13648306257972292
 0.08446234642803205
-0.05186634056278322
-0.13711962888801454
-0.12127195716655811
-0.08101247300278691
 0.013275880622950391
 0.15151030247528527
 0.14143633189578844
 0.05686184477061441
 0.0743232638929271
 0.06834527498596872
 0.0018913475315406759
-0.027676216353496257
 0.017114748088121686
 0.0822822274945326
 0.0724071261085471
-0.025687240007640003
-0.09804059956899015
-0.07955139621157381
-0.05355644569903011
-0.08363833809850495
-0.12203068952802047
-0.14671127215079033
-0.14804813284149854
-0.1495156124069015
-0.1985904633751192
-0.1867356752497439
-0.023344563871661263
 0.09648967447275958
 0.012632167147428297
-0.04454278178394446
-0.03344288919631958
-0.05899789842326924
-0.07247307465831344
 0.015105551228915147
 0.17471519841602862
 0.2197412027129414
 0.269968096436048
 0.24591542821397133
 0.0705081079921888
 0.0040325347825810225
 0.04346463759810938
 0.0150335953843562
-0.04965643412494865
 0.0038757981804343426
 0.00822193115391241
-0.019059894103297743
 0.021137636755978417
-0.006431336233820096
-0.08222753161674692
-0.10944073986690248
 0.021223369565787673
 0.12588914392493797
 0.10090520168563565
 0.09905329613227534
 0.005932722663419395
-0.057901270488613335
 0.04883550858591405
 0.1268335637313314
 0.10724222008103639
-0.04287864316393043
-0.10223793488514693
-0.010290813613428203
-0.026897494435197164
-0.08992624484512825
-0.09357896769341367
-0.03985899878918239
-0.06249323259818022
-0.17630952356679247
-0.17686975753388803
-0.10873269615899095
-0.07303441597275055
-0.04330748134252633
 0.02067723273032332
 0.10932367397863096
 0.032755884212947776
-0.05351565931459001
-0.01685650593633685
-0.04424749623325702
-0.05010270548380692
-0.05915022512035299
-0.018535055155155744
 0.05606756167004884
 0.020663642530023694
-0.010494181797559192
 0.025951573715899654
 0.12361230291381844
 0.1191164720160731
 0.0961892050661467
 0.10249599099133926
 0.00640839269233212
 0.0036754727677631533
 0.06885438514420951
 0.023197370251071863
-0.094738524452357
-0.11979924794705733
 0.04321043189746051
 0.12750656435413912
-0.022267241359351805
-0.059082702041079946
-0.0054477189064170446
 0.017282187646825632
 0.05400093258013616
-0.02371491299764435
-0.03911241425528682
 0.03276221207705358
 0.04142471616540845
-0.028379682779083516
-0.04717247237727544
 0.005014004384344516
-0.011498260224350165
 0.023671274918965774
 0.10241534633859391
 0.12703068652856367
 0.1061619848971457
 0.03872292288197573
-0.01637988519760496
 0.006234763141746724
 0.042970582801180345
-0.007461539665713341
-0.036979671224923634
 0.016230082761056867
 0.01137388557134483
-0.05455392979626412
-0.12389222794837298
-0.13702545403233
-0.10692623597331415
-0.12871427073283662
-0.08239513855690113
-0.037838305581581744
-0.0201972607378061
 0.04617579794211419
 0.09739349848244587
 0.15026162412608549
 0.0700600028880016
 0.00483374265703741
 0.07405373407745787
 0.09249521444844969
 0.034557973705037257
 0.016084481060676812
 0.037201652698227845
-0.02511376572156204
-0.0456200639504696
-0.0036372306804536235
 0.06842954370764695
 0.08204022828714758
-0.007554900707899718
-0.04294863700994337
-0.08312140428616589
-0.08867015361561531
-0.0161564426445839
 0.03092067408999129
 0.008934662423920886
 0.009085712951107638
 0.049725619103809744
 0.009447322746035578
-0.04854836216554842
-0.09811939908362072
-0.10094944944398675
-0.06148957216021604
-0.03039340316259182
 0.050029031761300545
 0.07674093876222737
 0.028240612218237388
-0.012973734415255093
 0.017954274866725677
 0.029861777923906704
 0.06520926043101172
 0.13420610381323403
 0.0297953042262614
 0.010237321609759873
 0.02050991911744421
-0.03611669488897979
-0.026440270309909603
-0.05906278582000297
 0.004020113295826477
 0.06260103803096943
 0.012328404690920535
 0.03915653633954414
 0.04232568486432614
-0.05154618460412442
-0.09858138448323626
-0.08413471008302963
-0.09277229509944106
-0.16991520169001972
-0.22066689355901167
-0.1846883310118627
-0.1475960657857864
-0.10625274933024315
-0.07075869373248256
-0.04025363054778431
-0.00871842048879096
 0.05978204340409828
 0.19031098610353503
 0.23167318176602686
 0.18338232052152859
 0.028665223587696118
-0.10287978508627886
-0.004143010798795757
 0.08286428628915636
 0.11191071818107817
 0.17965020181611577
 0.21454621286238929
 0.1489391497684519
 0.07238079064107104
 0.08039743532110752
 0.04332646153899302
-0.04249130208662446
-0.04638429089382258
 0.028525535950465617
 0.036527698489792
-0.007287540012309993
-0.04710528543288811
-0.07110432542327885
-0.04151445351198967
-0.05639345806307014
-0.09860326027540538
-0.019547802632168064
 0.01917765802333174
-0.046398837856821494
-0.08040407634431598
-0.11583937005245724
-0.01509787224583439
 0.0729607711075759
-0.009570208748718523
-0.0190361775224289
 0.008362642485460422
 0.056064709332403324
 0.10922764191100073
 0.02265476793856989
-0.019910404547398248
-0.007379103594944261
-0.08512470815404855
-0.1372101390129186
-0.17291689537871094
-0.1577241547867203
-0.0703096591526577
-0.02641530174077
-0.01091901007130109
 0.004011448277459678
 0.05079356194831454
 0.07023901866657559
 0.04321061391374293
 0.03944274119697432
 0.017015526398280804
 0.02398643873976473
 0.048525955486437566
 0.026347167881196325
 0.041482499907274484
 0.12756148856346086
 0.17895094943965228
 0.1413921765226117
 0.08615453721467876
 0.035430787274742734
 0.04174233288085416
 0.06885924467507151
 0.04017690732420932
 0.058269248018272046
 0.062070776172302014
-0.040944114766564906
-0.08758080986470312
-0.05422541922375333
-0.08527846655854547
-0.11758550191949604
-0.10334525828504339
-0.12965303060915595
-0.15695810572014288
-0.1382763019155052
-0.077167570455252
-0.052107646001386426
-0.10440100165975921
-0.0942415266692676
-0.05615453494719819
-0.03510317291129215
-0.05501862092893428
-0.17131379669542746
-0.2097793431123348
-0.06964578974225573
 0.08017858492251291
 0.1383794819459526
 0.1276620383542646
 0.06854607225887283
 0.08599865818934643
 0.08300700231440505
 0.14236054211014496
 0.24742139477631123
 0.23955977085968128
 0.20723675132481528
 0.07268810936493963
 0.044442190321236176
 0.048011916804877215
 0.03382395823215196
 0.09027324816871837
 0.08439256925328181
 0.11998744363930822
 0.10379372180125335
-0.015340448884570647
-0.14952894330614944
-0.1254555325059026
-0.01605352097400006
-0.04929187007027743
-0.07678734106479755
-0.04695692000788526
-0.010994274715152854
-0.02518475700428283
-0.05667466692166738
-0.04746155024447573
-0.04228473239862378
-0.0660349364013737
-0.11393367954547964
-0.12421444639551531
-0.16711087648519699
-0.21682702845110663
-0.22816129579489983
-0.23508241584188141
-0.17188446021680331
-0.12077785571980101
-0.08493428983556903
 0.027293551591596413
 0.10393345483926894
 0.09392593535055545
 0.04539424079449354
 0.005123154610898132
 0.033840987666771336
 0.07691215307881052
 0.08286942691053625
 0.1310256307636873
 0.1541214906177182
 0.10137572476083073
 0.07204876070603404
 0.061145283392660364
 0.10705228620459276
 0.10161752367985145
 0.026154301561196747
 0.05007747723794865
 0.11715696543069953
 0.11767246864315167
 0.031705354931237106
-0.03973100671286823
-0.03889094485017497
-0.030356586906913945
-0.03777774483911426
-0.025754593054152387
-0.07052917839305949
-0.14117906700065522
-0.1394475363995456
-0.1379362554232621
-0.11203964169261921
-0.01819734788157106
 0.03037482819291399
-0.037157084762625796
-0.06500442536804625
-0.04184796940843588
-0.042669992977385364
 0.015592372080975189
 0.06706961994389982
 0.08387718043889755
 0.08387031624701721
 0.009982063353058884
-0.026359453182213943
 0.003900857313385893
 0.03247498923945935
 0.0543045451785802
 0.047865815095186476
 0.08248939090614751
 0.08356981142375343
 0.03747395227844709
 0.009567624205730976
-0.03621144664426052
 0.010577335284721115
 0.03116263830419401
 0.01616549173988899
 0.066972398764899
 0.02572626897168747
-0.052078460239381806
-0.06399803726981636
-0.0033735762123544323
 0.04736279689035371
 0.061223760681875045
 0.08950012645626285
 0.05400162911182894
 0.012858478476521808
-0.03086575099526243
-0.14480632206905988
-0.17721706331185566
-0.15931661116847043
-0.11846403766127578
-0.07113275952419691
-0.10102384916651533
-0.05044205690600716
 0.015066071172721504
 0.025965214187346496
 0.0012179065067560017
-0.00687238600186374
 0.07653317813691625
 0.16978477002261463
 0.18910058854866518
 0.07893074180980399
 0.014112143487015703
 0.03663699363316097
 0.046912194359067634
 0.10635666011908322
 0.16003312165766612
 0.11620028679368023
 0.03944813057581204
-0.003301069251482725
 0.028274370387487438
 0.01327900000762435
-0.0837336802617311
-0.047313674723082184
 0.030441025415477153
 0.03979788296167978
-0.0029366643094089714
-0.09861736095256128
-0.11112587006729027
-0.046792791348199386
-0.017544151452061844
 0.028222395206471493
 0.03552781458676504
-0.1002627760106116
-0.12904369926960996
-0.05945370519294249
-0.1159155857823063
-0.08660658701774122
 0.020561145156130785
 0.053702606731960416
 0.038239578713397934
-0.0450717142880133
-0.028591081560002184
 0.026584231468599572
 0.021197024488821787
 0.04152177507844081
 0.051472581487548956
 0.021433575917689414
-0.04034596736586948
-0.042637833605579954
-0.03275571968018973
-0.010096430539461944
 0.051174395336175106
 0.04630442299683516
-5.592646849380016e-05
-0.012436535481225166
 0.030539810268904823
 0.10026762975708252
 0.11225473509546324
 0.09285382105470677
 0.12194289294692374
 0.08863577184863466
 0.02544099780352682
 0.01638356258692674
 0.031111263860280923
 0.015540524298060214
-0.0018107128299431107
 0.022889523061963707
 0.014977732848221126
 0.008175376714919035
-0.024880680850578134
-0.0303522965348646
-0.03594358913243569
-0.09338849497460286
-0.10935829637505132
-0.09660763446351302
-0.021829017996020588
 0.020779445118804654
 0.02333473785219165
 0.061834018153724996
 0.07997492811345236
 0.08742083671195536
 0.0921418024239127
 0.07418232023917284
-0.00438801757054977
-0.04594032541286874
 0.029160197826113808
 0.02101408874954549
-0.05651138283999828
-0.12984711266555557
-0.16560848182241028
-0.06300573939458413
-0.047074506412647106
-0.11297191931095353
-0.13917402884366967
-0.181156324197908
-0.14712425479122815
-0.05651068695877281
-0.0015607249812137165
 0.010174277668427285
 0.006534868923364429
-0.031612564894888666
-0.007002528782370897
 0.07228035261306372
 0.05388539138320514
 0.03321660580702166
 0.08277752732887779
 0.1405465064072473
 0.08059692774616654
-0.01801708549647348
-0.03483420692541195
-0.033629924434336884
-0.003579988169013789
 0.03727403087816388
 0.06257187251177954
 0.031072741200874294
-0.013740025858108174
 0.012005372695007708
-0.019732306903269933
-0.0488363767449404
 0.005316242944325183
-0.014480744824586469
-0.05840813900193453
-0.05361748003656841
 0.004989577888495431
-0.004779228989418825
-0.07970025869783592
-0.058050708454581344
 0.03244171941262386
 0.19250848198948506
 0.20957271421616985
 0.0879799835407556
 0.07175890578561572
 0.08691074291854124
 0.03636077747506605
-0.024212016879618485
 0.013249871813787211
 0.023569303145931312
-0.02604958116570437
-0.004424217567590457
 0.03907628892786759
 0.05569127779661822
-0.09521651359621232
-0.1678512267755345
-0.01111911252853352
 0.0023024725395849824
-0.04876496940509536
-0.09123388151776333
-0.09771904725743889
-0.0622261464500606
-0.06166492321335251
-0.0385216911892332
-0.08648809199598428
-0.08457398866983591
 0.014468148776455476
 0.04503452097955014
 0.05827366324316845
 0.10299786489404532
 0.10655022551700433
 0.053856775531808836
 0.004424523487545697
-0.000872356800517221
-0.024270822477465974
-0.07453584860029575
-0.0557235004541542
-0.020403393052289533
 0.011085488316105478
 0.07114345987253938
 0.09718495575625168
 0.07816700786091403
 0.036785168475074174
 0.08487842942341872
 0.1467531618574356
 0.08023528677996024
 0.06830456748711342
 0.10850510147662558
 0.04645272113121169
-0.04754099712933286
-0.052401995378732136
-0.017726565685177283
-0.020405055368103293
-0.0062448161000374465
 0.009930736779538402
 0.025265588497002885
 0.01914269983318606
-0.07094349359793507
-0.12197794068970774
-0.11613605582309078
-0.1201900906657389
-0.08404219087270752
 0.004388805250464245
 0.019269257657498606
-0.04393898076964529
-0.06414654811965262
-0.07216520241554565
-0.061186729214928924
-0.08308448553078446
-0.04500809154434234
 0.046366663930380025
 0.014839100376071002
 0.0028848717007168975
-0.0006292675104957177
-0.019567526714125243
 0.032437475840750914
 0.08433582169964211
 0.10985440488422497
 0.10418100920026552
 0.08517211656359078
 0.08866133058033841
 0.027528891111021477
-0.05380128428720667
-0.06390788736821312
 0.005748756351215713
 0.0914444253735477
 0.10272162624861396
 0.1068150497813826
 0.022046595207115095
-0.10376721187126642
-0.13678614187574187
-0.117714547646711
-0.05984638026932898
 0.0008745380594516729
 0.05710871652624905
 0.017559947648249186
-0.017439764727869993
 0.04029971911024777
 0.04192529378464702
 0.006803628407325351
-0.04096497777007715
-0.06479560226138639
-0.020387508578417608
-0.0008962792473212115
-0.02909991857134278
-0.09043180931041622
-0.1112270702025993
-0.025624014669629894
 0.041952256333868
 0.11047232704604595
 0.15879024693114088
 0.10612123068997344
 0.028585882757189866
-0.0023819855141786936
-0.02319913019705929
-0.06859622959292805
-0.09597552719357047
-0.12094211342781223
 0.017632842674436783
 0.1385120755310609
 0.04509832383436779
-0.014101851568851345
-0.016673033465950463
 0.022018445950275276
 0.0767264305328377
 0.11507215241965546
 0.11008377440451438
 0.006385490150971809
-0.08861111628324073
-0.04397375418826446
-0.0004280622477310655
-0.039215296387944784
-0.05980164749581625
-0.07662859318803177
-0.03474731018490262
-0.021299682943968133
-0.08226446298934212
-0.10600440740829116
-0.0694476808657788
 0.011154540072468418
 0.044714909092687945
-0.009383181347442116
-0.040384599594906284
 0.015824778934745393
 0.03342777462550149
 0.02969571343872728
-0.0016602424314553375
-0.048334836413724505
-0.006785972364530216
 0.0813814347530949
 0.115900402670719
 0.010398582208169428
-0.023440134941715818
 0.044496568271629226
 0.09737117877000333
 0.09979611071700743
 0.03324100133994094
-0.00581530170520812
-0.05492140800207175
-0.08260385540310428
-0.05578545650664165
 0.010508739316248064
-0.020514335730646174
-0.08274781341862399
-0.04400858414893787
-0.04341671324730353
-0.01637538422649081
 0.030504481197969315
 0.052581901462266795
 0.06175340424273693
 0.036503585696455475
 0.019632580130547066
 0.014167669473484907
 0.003549187407818646
-0.013665319759386986
-0.05956664265395618
-0.1448976751596291
-0.18735303526082378
-0.0963448522878784
-0.01812623933210712
-0.028271547971854313
 0.008941539231221686
-0.0024220185046972863
-0.04418353552700683
-0.012203533433335436
-0.012794755268508179
-0.01147242357087073
 0.0799427681382753
 0.1224976158858589
 0.07778051596442222
 0.10587876738061691
 0.16742840602094292
 0.1578671760761087
 0.0812800615015972
-0.0037539537265418505
-0.015768165756947273
-0.012591681752347594
-0.04585528413217808
-0.038769405591148984
-0.058318579463084025
-0.1044859791065838
-0.14010846522921339
-0.20656229449028693
-0.16304232847660158
-0.054659230667827796
-0.02344654117913154
-0.058622576784450035
-0.07359062971587518
-0.03566888200667658
-0.03032911752339634
-0.017949433890437752
-0.024948567799460343
 0.02700685134141141
 0.12700036589028735
 0.09130477517660442
 0.0377963659031143
 0.023977216210467955
 0.07239086604798178
 0.09484662424889785
 0.01620122003153256
 0.05532339478571788
 0.15183741115200255
 0.14992535159341144
 0.1289226025742437
 0.10801253415967242
 0.040103702567858786
-0.059317045781577704
-0.08107376909124524
-0.043537286490523644
-0.010444081033546748
 0.029794865894486405
 0.02632616113205712
 0.01725773223072681
 0.019309775638083337
 0.012787511674408381
 0.01319747744397064
-0.005677365010916843
-0.041215580438305935
-0.06926469135315982
-0.07582502902288842
-0.07101951160521634
-0.09584363556913543
-0.10661705330919394
-0.0764416225353972
-0.033695511523776624
-0.007026577490870313
-0.040655686421222095
-0.028709748423845702
 0.042977057043119576
 0.058873204375154045
 0.040024466167939546
 0.03936715181371623
 0.06007452601037169
 0.06997765295907299
 0.013776673613431878
 0.03351471517543611
 0.12330058805379875
 0.07933607947417837
 0.023129975372162843
 0.047939138303336425
 0.10283429110701314
 0.07813650589407817
 0.010529435082083446
-0.00023532014351225876
-0.009033500667354198
-0.009181757708554644
-0.00511049594639802
 0.017886466264059913
-0.0309929175344173
-0.05414735497100418
 0.022985819940686224
 0.013588913227500513
-0.013584398701462047
-0.0466080706670993
-0.0693588196681352
-0.03274871279780753
-0.024693881471681917
-0.0671160232471944
-0.12705356793571304
-0.16123912070330712
-0.14371213409493616
-0.08519535105298315
-0.04774296648826393
-0.028679753079638378
-0.04519175859918792
-0.029014567180045893
 0.049470730821982445
 0.06963883701051939
 0.06960907177873824
 0.03805855661016277
 0.02364704349190337
 0.09449385166679733
 0.15138487849031584
 0.17022397688061838
 0.1405440695614916
 0.10522914826254487
 0.10294192131944069
 0.11892633510831929
 0.08585020954805554
 0.030200941163175104
 0.07509922899097382
 0.07065275292930957
 0.050185697478661126
 0.05251527827119709
-0.04612419894317841
-0.11307853914839752
-0.1340911034549061
-0.09904906082291288
-0.032512606305844634
-0.012334928138696688
 0.031238266418678464
 0.056142907248458426
 0.013552400613923363
-0.052479304854452076
-0.07096631371951376
-0.07114497589420855
-0.08753201163657738
-0.0425425721875157
-0.0014409321364959942
-0.009517405432105327
 0.0006556130863185534
-0.02060669268562469
-0.04257475239335246
-0.039607564144968216
-0.04311416924237561
-0.05880877309759835
-0.12643776594815442
-0.13587910517526658
-0.08568020542104333
-0.043703464863164225
-0.011572415959298005
 0.00023901870845504506
 0.030830287139773895
 0.05322927723191374
-0.006574764322361348
-0.07539496511282479
-0.03582396367636271
 0.03744829590512823
 0.08379887547412514
 0.07324699597910153
 0.058437693381884266
 0.030345431779221783
-0.029240788773661156
-0.055324942237657736
-0.08646466921073746
-0.09640457330974829
-0.08744673011847066
-0.030307048160333933
 0.006299573078671317
-0.0192713825096604
 0.039640433053481444
 0.127452486280948
 0.12898065659164692
 0.11858063783729358
 0.1329834505249135
 0.13725685791032588
 0.1270561124398361
 0.04389815121148633
-0.019718860164359742
 0.02553935940859088
 0.045104943638847886
-0.027766825144802568
-0.08513125350128645
-0.07611230045614537
-0.045877344563842404
 0.0015459110018319307
 0.01566123979290056
-0.025170922335943043
-0.07077204719108719
-0.07290306876998948
-0.06928609955590777
-0.11512982311592983
-0.10297489309059317
-0.06039406533701581
-0.047500549354281225
-0.03691988572276772
-0.016636895583859456
 0.037649547196869915
 0.0380621807195151
 0.037769696485521184
 0.06949381189362978
 0.09100196932791915
 0.10690106108762408
 0.06712885950046485
 0.013597989143994672
-0.005010213096743192
-0.013191237738427725
 0.011822937749634414
 0.0669457676033062
 0.07938451973611904
 0.08966956876482923
 0.06942939659965007
 0.03774250756741035
 0.043131328800774
 0.0347417827798472
 0.04950775294108966
 0.09309187070509403
 0.06499284500422071
-0.03727802925626933
-0.08625539571245637
-0.07169224883822793
-0.024469751690192703
-0.023621457881593696
 0.0064686155753489565
 0.014572990144772174
-0.0867621136238848
-0.09567908081102336
-0.060334211054113324
-0.055698903496058695
-0.07980115760369533
-0.06823043092994913
-0.05772665445398289
-0.13513825972306576
-0.15157738891775682
-0.11289146008373911
-0.07914266842989655
-0.035844922307294
 0.020576387624561
 0.052599705467585654
 0.03731833566575418
 0.05366143111658805
 0.040782788804631376
 0.05178262274686666
 0.11239659830232818
 0.06251694701233906
 0.041309982356455686
 0.04484051209833731
 0.013139425280380179
 0.005149632705878706
-0.038248921733609366
-0.02031948034702841
 0.009624027692344755
-0.008580134992861461
 0.02802936176429316
 0.0801541298481019
 0.05971652171704982
 0.015840501060582823
 0.030854207306740163
 0.025039855168297247
 0.02273466131850494
 0.04495394457679112
 0.037627722254362624
 0.014774036824068132
-0.06425243810487145
-0.10844321437271348
-0.038401461459001474
 0.02364381277092798
 0.023925115031962246
-0.015072792191807197
-0.048525135811205905
-0.0013090584063394028
 0.036525783673102934
 0.04624498237294903
 0.0805642098328075
 0.07869591103464195
 0.05673870192366285
 0.0116888162316273
 0.019413911955426653
 0.07086690150319429
 0.07413985408985334
 0.05512952580780288
 0.010063075996846051
-0.007873409855782847
-0.042793720688737054
-0.11233992982188215
-0.1357304507201838
-0.0930022646266601
-0.06830278978450105
-0.13922246527887538
-0.14240947284474328
-0.0627228063579468
-0.0044452236143710105
 0.03590289036934209
-0.0004749045961680388
-0.04975978170245688
-0.04108827745549409
-0.05881067730958465
-0.036224578157342695
 0.020590172589987726
-0.002654784742269952
 0.007337080993898923
 0.03379498800124098
 0.028291313642707646
 0.07679932205310248
 0.09481630392005776
 0.07771392236665234
 0.08616030160922818
 0.08726354816524498
 0.11704424129624133
 0.1413112397152619
 0.09912822645647915
 0.015325853824750433
-0.07366805309753315
-0.10667522707255962
-0.10327782280414968
-0.07720180925973164
-0.0019767792374137537
 0.054572113894725736
 0.039715835070608295
-0.028329156009187086
-0.04818832239787691
-0.06086905040977074
-0.09793255338781062
-0.02844001763018727
 0.024784469976397813
-0.007727680334303174
-0.028973303367247284
 0.020801219783597613
 0.07691365014134492
 0.030585774432579756
-0.028339562443490483
-0.06635257988803588
-0.039615638530517014
-0.026062037353974252
-0.07736231554012415
-0.06721502502826614
-0.05206824904361987
-0.054722262063879944
-0.0621041582673683
-0.04201086165304106
 0.005918343355439278
 0.024601923435952845
 0.048279972765880586
 0.059261195074933125
 0.05844507266888436
 0.10636400078376584
 0.11956270289261856
 0.08168280098274616
 0.07691908276325682
 0.05459770151144289
 0.021417492931963735
 0.036946057308723405
 0.02967073604192068
 0.0032249546447949665
-0.024072039220840107
-0.05977661076682853
-0.05306336674956893
-0.07995076943962857
-0.10852815382722655
-0.05970287943635979
 0.01977642118888244
 0.0070817318874179525
-0.05307842469228707
-0.048426989210732276
-0.07545585604106551
-0.10877366390814894
-0.10464000384247206
-0.09965102984388144
-0.10725426993788487
-0.0817898445671948
 0.005139873001166259
 0.09725272227186983
 0.1123652655774177
 0.06088449955593806
 0.05616035923114229
 0.07677997512185829
 0.06887367917647938
 0.09919385562562223
 0.12157891120584564
 0.06103495358115194
 0.05392651027098488
 0.12059506893165205
 0.10020842057472402
 0.027628079447389133
 0.0696596048417707
 0.09280725539950091
 0.02026691304505564
-0.02515519935437834
-0.05151536105677564
-0.022715700572654582
 0.02152261559565223
 0.04400725107921084
 0.002834353256918292
-0.08080510509734008
-0.1106352175860416
-0.10756220962545048
-0.07157491281241221
-0.06752806104504201
-0.04198080548576637
 0.006230675202590667
 0.012320603229562957
 0.03318765587017698
 0.0378781892881626
-0.005750789439157047
-0.1311987939581719
-0.18834407528126457
-0.10955732454779968
-0.06679846337272624
-0.07291779370214316
-0.09949323595952979
-0.07648631560077356
-0.002135449259289254
 0.04033056135398797
 0.048437036163515884
 0.03227497284215857
 0.029782461707414713
 0.018892067076438077
 0.01602210578514337
 0.05850134345876369
 0.07140246113974902
 0.07225512448566546
 0.09885088960671658
 0.12583634587253054
 0.15823858023438378
 0.15214893873270346
 0.09845828709331747
 0.040288663812390914
-0.04392422722195461
-0.05622708401390556
 0.018451622360830103
 0.014920198944748784
-0.009822244441147267
-0.04879649353578096
-0.07924025620002102
-0.048814435786565316
-0.031408651521210654
 0.0010035925030311612
-0.014493470627730279
-0.042882951476067376
-0.03971642512071719
-0.041923439761752695
 0.0011660174723436725
 0.04686479117988145
 0.05405881648489394
 0.024552262533581642
-0.0062918433611649375
-0.026949033293052153
-0.04188542730439484
-0.016995842265413726
 0.005890278843486983
 0.002317889273352188
 0.0435239447782466
 0.09459329923048862
 0.05559309307669396
 0.034866526341839205
 0.07419876465896819
 0.06731529055985347
 0.01619873465652031
 0.007186580854489375
 0.02806131133234293
-0.029369440462416376
-0.02506403000827792
 0.05967581105946133
 0.048459795855243425
-0.030031906249200394
-0.08636211239648868
-0.07532051432488948
-0.09695992789889885
-0.11998973362817528
-0.06958412046520755
-0.0347918210772868
-0.02814282391780967
-0.05570664676334668
-0.028034886794222145
 0.0007197749605064139
-0.004617471803607338
 0.035001277174832375
 0.005739268571170578
-0.032002993129191686
-0.024068179555490912
 0.013350046989653915
 0.02865499289883585
-0.009142532166680276
 0.011045619001365825
 0.08730827361843263
 0.1822770276408614
 0.17766628750429433
 0.07825573588950625
 0.03173112224142378
-0.030899499543738895
-0.06725118111587682
 0.002061539289933481
 0.04336752594314485
 0.015265324777431092
-0.02215606460761463
-0.05453942685460709
-0.1068038771868231
-0.12412232190352444
-0.11962890580612101
-0.10490524126352922
-0.07134918252086957
-0.0741797043921752
-0.04329014204251318
-0.04366408394089897
-0.09449815033501563
-0.05199999441094642
 0.053006533557656534
 0.11959874468712466
 0.1389549153103764
 0.09423724511235385
 0.027958566589764155
 0.02738242310715021
 0.0011162572235731553
-0.03921181260544515
 0.007721150761135561
 0.07087880706676858
 0.07939164621678707
 0.02983437270828641
-0.020070126548818755
-0.01657666014121253
 0.010254514514851733
 0.02961613976790584
 0.011036532660007356
 0.034815030428120536
 0.06381819470076522
 0.0517503096865018
 0.07300272986073639
 0.029976149564467855
 0.022221150363907084
 0.043024259000449386
 0.009325513990011997
-0.04740138693936501
-0.09094846901585964
-0.057981892044662336
-0.04743361592028215
-0.0012380904029501748
 0.018159328680163123
-0.02486598279967634
-0.02361884848447334
 0.019839489009961932
 0.04457209646356318
-0.03764540251018897
-0.08254244820513043
-0.049872198727636256
-0.0335028831976497
-0.0490241689834543
-0.047511215610841886
-0.0364809018474061
-0.0618277894212665
-0.06496688209736103
-0.012163048565414239
 0.039859617615258705
 0.016530279899007534
-0.054141457528976644
-0.11957598077712082
-0.09283252977365802
-0.04180423603372332
 0.003957618086072906
 0.10357068334111552
 0.14134723593570064
 0.10685213838509074
 0.03538715916157285
 0.03381962588986411
 0.07378403285591555
 0.07386350625407513
 0.10039043633477347
 0.11415414072962447
 0.08003959037820227
 0.012402730129785629
-0.005148527506963968
-0.006574506889544947
-0.04786486673682862
-0.05814425516064368
-0.04083052137790451
-0.0368248598385697
-0.045669718473979014
-0.051341252038139086
-0.05127652004631682
-0.029331398471343455
-0.014035674393478073
 0.008678213852985278
 0.07016422164027526
 0.10611566874145179
 0.05952673812255504
 0.0006657374454233486
-0.01487226112253275
-0.043254165489952916
-0.05320647893199065
-0.06853537904619876
-0.12581473981698318
-0.12583544494374732
-0.08350729869595633
-0.05905573498300064
-0.041219062643749256
-0.0341858329883497
 0.02771890633670239
 0.08499339470811604
 0.05638920979144647
 0.07111305495417948
 0.08973650355815423
 0.03571826756004352
-0.026382953511425843
-0.04473271985151375
-0.0004390937384670772
 0.029158427194080478
 0.017793162922834456
 0.016469891174269193
 0.04036054967828737
 0.07637958379710796
 0.05793818790725035
 0.00029672380575346025
-0.013549519031657076
 0.010966263396991178
 0.06174598732009398
 0.10140575848062582
 0.08310259283824294
 0.050941806221666934
 0.0649021443596084
 0.09720096098956138
 0.08943481731602083
 0.07616591023021572
 0.05036833289000856
-0.016784747164345963
-0.04323405328738798
-0.039551672853297415
-0.07535555966297951
-0.12219911070508926
-0.15757476881126406
-0.1398012330403089
-0.0852617379770611
-0.08696378534566797
-0.08317381911793731
-0.05354081739472083
-0.0531307822757598
-0.059192552712056874
-0.05892130536971912
-0.07429702747107618
-0.11412134107149617
-0.06597944033860403
 0.01314886955758335
-0.007680308739914676
-0.02538372112748848
-0.00559040340077987
-0.0001692392801203852
-0.0022539955679425796
-0.0020308914162692985
 0.042343717331528516
 0.12313800246635774
 0.12890744081621736
 0.11834000370849083
 0.12418666708100085
 0.08455609018912777
 0.028136200250429642
-0.02558929227866586
-0.01916662346215615
 0.016980291592377076
 0.024076184610256075
-0.005727761910161072
-0.028029500585724874
-0.012895245346348883
 0.015357165615963798
 0.012781932716733585
-0.03958870454737411
-0.045064826210840916
-0.03526605038888434
-0.01623843219142574
-0.0018348072405450595
-0.014977692057743226
 0.03931174053289721
 0.057960957690612186
 0.007689707961667097
-0.0034365378045156493
 0.024920540165516904
 0.023523564781098807
-0.021644230273788256
-0.04925680753483717
-0.06773886566104906
-0.0706840020674279
-0.04567122386096891
-0.025696260653686284
-0.003498254743753241
-0.02967184672039029
-0.06778975847520925
-0.04234454848120536
-0.0031445158348497623
 0.01773864923590249
-0.0009274898496158013
 0.03175065059200552
 0.09086655354518829
 0.09977231473344071
 0.1155476690497969
 0.07235111446815697
-0.007124740628709928
-0.03236523742029388
-0.026445702552869037
-0.003091369442891575
 0.04578163627473008
 0.07382060123719511
 0.05881845725917329
 0.055340549160866295
 0.057118366429046746
 0.017719993820797517
-0.05017879967097734
-0.09268000634168373
-0.0648874047941626
 0.016671967429397642
 0.019873899482647603
-0.052062268751326496
-0.02000117869791357
 0.037718519475537726
 0.06582728125101307
 0.08221479494378363
 0.018446891466820624
-0.013279498583058503
-0.02177562595645403
-0.04532372074968478
-0.05277353162343629
-0.0862683488472327
-0.09755811228961168
-0.06209029954870574
-0.01722970885864488
 0.02331952012712121
 0.037615108375382775
 0.02140695883658652
 0.049412310905039065
 0.08073877899497509
 0.07439468841006353
 0.08242334619517862
 0.04380889438567996
 0.012753236269154231
 0.016272988177063474
-0.0036561108333014996
-0.02640074102718752
-0.07605002684170842
-0.09312178232469684
-0.06179938511905115
-0.03287044394103974
-0.0012263042729142907
-0.009886664386402825
-0.05130413633960658
-0.07031820530274069
-0.03724236570928599
 0.004448311986178223
 0.011723406815717393
-0.0033883369820400886
-0.030306661684914825
-0.018461862504927967
 0.034735822492681846
 0.08848430428417017
 0.08221858035101136
 0.07400371794432263
 0.09612483964509763
 0.07825195459964394
 0.04365143427972441
 0.021112617513289456
 0.037395370661832086
 0.025998505034564273
-0.013632285308654415
-0.01035931176259955
 0.019289227807509534
 0.0016345761776532808
-0.054129401241143515
-0.05295832869841049
-0.00872335933614139
 0.00010189260671779042
-0.03047488539291057
-0.05680878474080909
-0.06617153479260171
-0.06700607170247012
-0.06772766949015778
-0.03937982250951581
-0.0053070193696943295
 0.013804932983081983
-0.01751825530383738
-0.036902064040432
-0.01801774376589012
-0.005902619460576609
-0.007833933076485115
-0.054705448745202
-0.028362751925150725
 0.02616503265634915
 0.025343491489697497
 0.019671558496116324
 0.020083399659596508
 0.016251678361928243
 0.03727242847467023
 0.07910744183975692
 0.09641519039748442
 0.08019861105089336
 0.019299472917538436
 0.02912724520246442
 0.06625800289010103
 0.034915271328991415
-0.00222123472794751
-0.04658081484195003
-0.04626467214200149
-0.017305722632421403
-0.011598312713477103
 0.005933798170668163
 0.028631020502673278
 0.02318164517779553
-0.025333019511320207
-0.0341191279624472
-0.03168538149180997
-0.0914160917267065
-0.14388787869101272
-0.14625272156498512
-0.09964857455576115
-0.07238339610188968
-0.03261090567205736
 0.04111585027377983
 0.06008951093165466
 0.037377428581306354
 0.02657850554778957
 0.02051556413035326
-0.011561762748297542
-0.039916415884447734
-0.04650320138914957
-0.03366797182507336
-0.014214024339625111
 0.050996546557209296
 0.13026884102856728
 0.12954526009979644
 0.11781713549858688
 0.11991231858391807
 0.05494559933094584
-0.04269899378621895
-0.06101200426741297
-0.038663427740520936
-0.04754725066100888
-0.05296309177829005
-0.030904941964976253
 0.016963015377112506
 0.03863339013335947
 0.0003631858073882113
-0.013921112400257897
-0.009294256656938607
-0.007579153108025069
-0.014065881932038502
-0.016942075938936794
 0.017665035660689474
 0.002319660729965882
-0.024734709620516035
-0.011627910764240575
 0.0033679265419509475
-0.016341789144639785
-0.017336808661648478
 0.020897401448504646
 0.011629944382870653
 0.02029140989847866
 0.036452302907411374
-0.04121214615005308
-0.07716647764346056
-0.015853324426963654
-0.025666065192849027
-0.07932310658497342
-0.10380987803694926
-0.03882024326394677
 0.034101178910034495
 0.030670827624742776
 0.08936526945039705
 0.13446836070314272
 0.13090041793977794
 0.09854979525439117
 0.04260531579176239
 0.016215300757353994
 0.0030599542242341965
-0.009587951718622296
-0.020739229132705043
-0.000561554176731777
-0.016261302808771614
-0.018095142557436307
 0.022590215703542332
 0.03126039446195408
 0.056334242669253375
 0.04342223398923571
 0.0022403401271783065
 0.010630028728644575
-0.0031980863337606456
-0.006214990492395356
 0.019416006501025245
-0.011028477110289831
-0.07519116917814715
-0.11901854875445432
-0.08421443574339915
-0.07524381904568456
-0.10952648534155456
-0.07690030024992459
-0.04970685990866974
-0.06110753785816551
-0.05630657985614935
-0.038913972156230305
-0.01924932485548769
 0.0125662441073334
 0.015168214130381889
 0.043814096980616966
 0.05166387090659566
 0.043734378469798364
 0.05746047142087365
 0.022723435768486226
 0.02075364374066628
-0.005875042608745152
 0.0066192099780650005
 0.0813136521625767
 0.030914806614658306
-0.037180943891169015
-0.006928506558901747
 0.03312765595605697
 0.06452254129101978
 0.080110580009574
 0.06200227525759189
 0.05812826526416574
 0.03411499805626345
 0.022327945966174365
 0.02675151900037821
 0.018633845118404026
 0.05682260881842853
 0.05727906998203787
 0.0059256637854096334
-0.041944657614784275
-0.059882164350821304
-0.031475071668176244
-0.04104346483533104
-0.07230429190077674
-0.09617075119532187
-0.12277992246432486
-0.09155118886410689
-0.020184795517327842
 0.002486152775659021
 0.0016561779646846282
 0.02813696373336645
 0.06756339254769586
 0.08266871367499855
 0.01997877249573807
-0.02066787525494483
 0.015369472685844628
 0.04115996728600013
 0.03996665342749039
 0.00047924991425980936
-0.020069809263502762
 0.02071932364483446
 0.05293121171304486
 0.07240157691285436
 0.09010695006031308
 0.08854597371829367
 0.07906756888937247
 0.04513415300270987
-0.008769518698812307
-0.002047470864471564
-0.003810534560332247
-0.08073142011633382
-0.09955459387320781
-0.08807871979516294
-0.06678387785074634
-0.03866137132170262
-0.08565041160103365
-0.09891388334487354
-0.05502583249731784
-0.027345781890635384
-0.019735364441287883
-0.024803966770503526
-0.04757975979462839
-0.056519373200082886
-0.06270866691785132
-0.0881121010932772
-0.03691213950837842
 0.011397359189477813
 0.00736613111504178
 0.02748750122907591
 0.0762071810149036
 0.12353269303964565
 0.12342944460357655
 0.09655870718640527
 0.06488298497957297
 0.04809076770614145
 0.05958561204954997
 0.09567510415468501
 0.08685848513480171
 0.03799968244200135
 0.045678145978431804
 0.05974514551354925
-0.008961154313188925
-0.06979587735524902
-0.05810514731746672
-0.04917590662630011
-0.027303974974330743
-0.03962338019915124
-0.06574151440888716
-0.034964940414862256
-0.013961955412103452
 0.014886609615797313
 0.04986213948440069
 0.04710807471646591
 0.02761892812707836
 0.003136746218257695
-0.03087108893768129
-0.04661017669535248
-0.043697616642637716
-0.042079471526057406
-0.028489161737805486
-0.02855851991378612
-0.02107809799938005
-0.00377725464010201
-0.008638956925056564
 0.002815650015651115
 0.01518017024602664
 0.056590042303442716
 0.09443489236445851
 0.06395407058124737
 0.014807381720385536
-0.024209819988834275
-0.030518202048034935
-0.030538074922589593
-0.029187756572136098
-0.028164935216645155
-0.005097424823223748
 0.06201441903745907
 0.05166530261014303
 0.007071513418096101
 0.010341243634502884
 0.007746789843556002
-0.01350741515640627
-0.018678283134337507
-0.023009192605761303
-0.09136034154144539
-0.10710830646596137
-0.08468201946350232
-0.10092166311535951
-0.06277197300828467
 0.01720661941022857
 0.0843777897783794
 0.10610282154755964
 0.09637751657925436
 0.07045472880874146
 0.03171393866188157
 0.012956152312408632
 0.01962936761420663
-0.0034834368926194292
-0.006814111811598057
 0.03807562139898308
 0.03220339876573712
 0.01969341428183146
-0.04340564787342146
-0.09401757666315133
-0.04296549594412248
-0.052129111148644526
-0.06410978065274943
-0.029113103459294857
 0.00822774112093161
 0.013310579890555103
 0.00858455832011068
 0.0514535310355974
 0.05244785370724137
 0.022579547086805055
 0.006370757359861928
-0.001722034255015851
 0.008814226966215368
-0.0022508462746945045
-0.0502141937151808
-0.0691221308467452
-0.06713961298060139
-0.0431194102014652
 0.003937230783894992
-0.0012474790294322658
-0.034385856485160855
-0.050028253947294286
-0.05107204321793388
-0.03829581938564316
 0.02017952933067995
 0.060318195133735056
 0.08119539818440887
 0.1109188486905216
 0.051913172252912906
 0.004111578332202369
 0.018516121433169653
 0.017763035503644546
 0.023196518924836745
 0.031200658637905655
 0.05533530753016193
 0.0708795893056145
 0.04373953318475742
 0.02391975135091869
 0.016612257346986275
-0.047812208774378036
-0.09308643848208316
-0.03668834759739297
-0.017074708940081774
-0.05194234758082818
-0.07646912943901557
-0.06881133251709841
-0.08678252538020455
-0.1154312708404138
-0.09099634529484449
-0.08631006660190887
-0.09366757529685857
-0.13109873078700254
-0.11559955756148456
-0.024191167117184945
 0.03383746330003901
 0.07188600351394991
 0.08656298114966358
 0.07557252131600883
 0.05998312527311208
 0.0734620346606048
 0.08968525209919273
 0.08719672401107233
 0.06983425512013869
 0.07750458139044224
 0.13237770715613895
 0.13046059548511818
 0.0983300100104465
 0.057321702535953506
-0.026115259012044582
-0.05779826812237314
-0.05471124933740251
-0.06328336349009754
-0.0769248177340565
-0.1037606518351196
-0.10331742335592953
-0.060639628117816376
 0.0025727297404201342
 0.0489872280794412
 0.11503842414554483
 0.1871305522382429
 0.15277342265210928
 0.054305344220393584
-0.012607820956036297
-0.026016155238218264
-0.005621490562652535
-0.021038352383682766
-0.05051867711352603
-0.054037530877235694
-0.02383453493267265
 0.02226889464662374
 0.0017167501045267993
-0.04533311584230277
-0.10111447949706573
-0.1273401814400865
-0.07747036818902268
-0.05692957216661595
-0.07058869230259712
-0.0417474363307324
 0.011898729681970402
 0.01625119826784729
 0.002875960420724808
 0.037407904788429355
 0.06138986206233097
 0.04378790078023459
 0.01179416065474414
-0.01302877454125835
 0.005124520469556504
 0.03130496308068904
 0.05377308858786204
 0.0522477772411766
 0.02975221882789704
 0.039934462494348816
 0.02656833319606247
 0.0035862411915706855
 0.012780471131001442
 0.03186083047077604
 0.012439223994340907
-0.03415479433047413
-0.016799939432552907
 0.013814732508113763
-0.02137571033276859
-0.05303963181709927
-0.04511563451931523
-0.021162859636065106
 0.0364600205938336
 0.06709619961733625
 0.0449071314550658
 0.025941523067518624
-0.020066588949760718
-0.04198957165250238
-0.003844547175473731
 0.003303716037417904
 0.013172074051314703
-0.003579507140735252
-0.037777655709267145
-0.018420164830211715
-0.03013569616903018
-0.027204181534559436
 0.011402820908391413
 0.02512440865519875
 0.017023612439377153
-0.005813688344231636
-0.0305669886591574
-0.0433886811895916
-0.039492234365088266
-0.007124592693439161
 0.05167287382664178
 0.08998118076367843
 0.06026547921148375
 0.0026184372352157505
-0.002762536466211376
-0.01778841347425523
-0.03929736275495861
-0.02993459052218456
-0.0267240824249627
-0.03857451868075453
-0.03805655363559926
-0.027594286482601153
-0.022354666437758578
-0.008264255696211198
-0.013801962711588482
 0.002865855574514491
 0.017058089159302882
 0.012989683071987224
 0.033734551887512544
 0.06146949918092582
 0.06772413508807645
 0.055372778432627834
 0.062337539091441914
 0.033391772313270805
-0.020215555191007623
-0.01014353036858512
 0.02547169573427264
 0.004315647883905893
-0.011111554258144443
-0.010102548351402056
-0.03423098264082663
-0.018144833362623684
-0.00878676410663193
-0.012870944091304787
-0.00626291672585126
-0.006418448420222736
 0.007253199648358171
 0.019189948101938636
 0.03002805811411585
 0.017294800829553376
-0.013246120202632033
-0.02249915447690034
-0.00466568342326791
-0.0001965479874422197
-0.014976350273049168
-0.0032293898945506046
 0.01977501809752828
 0.011523296625963943
-0.010743309922711818
 0.013136848649092592
 0.04380003968520882
 0.015381248471539714
-0.024699575893897447
-0.026942925118360203
-0.025651411232794505
-0.02359835452956066
-0.00188792587742349
 0.01722864784369878
-0.015314332745812944
-0.03621685082169649
 0.006400930660382012
 0.016003633297596895
 0.014552095522959016
 0.018231425442647782
 0.028890392497263908
 0.05717196199674061
 0.06689926485035162
 0.04668994323008925
 0.018541875932617632
 0.018037216060425472
 0.025270342244927975
 0.03260913635916955
-0.0025813705409701315
-0.053361756359732754
-0.05073783124691602
-0.024804321465022063
-0.0148614146790966
-0.02629350112246329
-0.0566621581274127
-0.09112492449147978
-0.10636102906014236
-0.11466971132657904
-0.07497028430161376
-0.014931806386319623
-0.0029461658850418486
 0.01601642741687326
 0.045685296808594386
 0.05432504639293312
 0.0495026676842552
 0.04671046099324213
 0.04368408842135681
 0.018174092778868806
 0.026749039003689686
 0.06865743196373854
 0.04005008031547559
-0.006707717499019946
 0.004394521585311241
 0.008542298326232392
-0.012960025013175018
-0.024346192166006992
-0.029036120076369288
-0.029587439308897942
-0.015384666381279447
-0.010422361872245697
-0.03178363681792786
-0.033588749999421345
-0.03017951117380274
-0.040766033063668654
-0.0287487478729071
-0.031667984577644144
-0.03297978812439904
-0.03839311933906127
-0.045040572346862005
-0.022759576015286307
-0.004232977078967466
 0.03887315655155702
 0.0549296851659387
 0.056199559640401166
 0.07145406505699063
 0.08368207859297243
 0.1077202495964406
 0.08990217296648684
 0.06267897400956042
 0.03644014321810811
 0.021205070773754546
 0.0074204730061358
-0.01597707307181246
 0.014840654687923435
 0.017695203696882298
-0.008478633825993055
 0.010647105721702209
 0.02284292669278988
-0.032377263263101586
-0.09457795532328828
-0.0903491188947909
-0.08662062804352738
-0.09699142373945947
-0.07369079379394325
-0.017769022499744627
 0.027478424399170417
 0.038706780439257855
 0.0407263634646492
 0.025015177976744168
-0.002917602458469658
-0.013923851885519015
-0.005114568668387534
 0.02206954184526845
 0.02040544591955897
-0.029667447341404415
-0.08088239257912118
-0.10145172504731786
-0.0763114930822578
-0.053896719611720885
-0.059025883075111
-0.042515939729603686
 0.030642442988917145
 0.09661772651583077
 0.08311377485143455
 0.06311103658388025
 0.07762138588622082
 0.06850896428105717
 0.04503254384263789
 0.001629218881272372
-0.04610241139611241
-0.035768979846581554
-0.04800994791979786
-0.06670383726094316
-0.06300579440934745
-0.046122789773844285
-0.01104059698685444
-0.030855096783318357
-0.026835820750340314
-0.005196052255877127
 0.001243137203869365
 0.0517511973998242
 0.08921718673459883
 0.08063340156157423
 0.06558745001719045
 0.05257003177121874
 0.02518393955671453
 0.02496071458133158
 0.028405189368919028
-0.0033580453154392464
-0.02684351577065081
-0.02521663872131121
 0.012248141036090735
 0.033732771355566585
 0.02152791447583592
-0.01858193168248055
-0.041430571647719586
-0.019958571633602543
-0.041722650711168784
-0.037032485519882107
 0.0016868173642053282
 0.04259342059731085
 0.053689192667794525
 0.012939952723194509
 0.006010091135517525
 0.004721591985305947
 0.0015402388107712609
 5.4011668638072605e-05
 0.018568645450413868
-0.008512481073276713
-0.073905222488826
-0.05986246407265257
-0.052806748681675765
-0.05294077342770395
-0.025503654239791396
-0.0027573117521542587
 0.01162481970921549
 0.03145728887680408
 0.07630128460584822
 0.06708244557873574
-0.0032630889389841386
-0.022386062562647045
-0.012414667983050057
-0.0160994182015143
 0.007849573447573064
 0.010554791386117179
-0.033979346260978795
-0.060810884276007886
-0.03936826913063836
-0.008010552466353328
 0.011885716783927155
 0.0013258318828534622
-0.02073702433577151
-0.002435399086275729
 0.05916764226604116
 0.11832317246291128
 0.13236382573242328
 0.14237308429558548
 0.08759206764054972
 0.026775272101020372
 0.006197097993802113
-0.01423865369073332
 0.017290911764366677
 0.006167916416611043
-0.010473575465169443
-0.010661896775836835
-0.010569543076112584
 0.015294534385522286
 0.0085191180150845
 0.013492820325898672
 0.021227104869639277
-0.004055899480625189
-0.05123442320132481
-0.09535016256898025
-0.0947273695279118
-0.07256329890335604
-0.07762629770862017
-0.11082573871468604
-0.11991817850574366
-0.09488036552694777
-0.04162584853857702
 0.006348963434534872
-0.008252611018502437
-0.032788338637585214
-0.03849149428375205
-0.056537910609820545
-0.03281996444746238
 0.02327455276118417
 0.03764968854269691
 0.05797670245383311
 0.1006872288050952
 0.14526795892703978
 0.16641344896895835
 0.12030264684278102
 0.042297400344793734
 0.0186122885265448
 0.06112878091886174
 0.05991165473746578
 0.037143358498259615
 0.05076907218845878
 0.05729046391758206
 0.03662422763678809
 0.007490547102886843
-0.00921296774606862
-0.04864433745516578
-0.0812495740034557
-0.08421196125986673
-0.04632029676881687
-0.0025926006895372732
-0.012354233669408287
-0.01150433445442394
-0.04676744422328086
-0.08823673849105765
-0.08037728744328083
-0.07394989737993057
-0.04099861723254969
-0.029178895120501876
-0.0024816979811989616
 0.037720436851851696
 0.02847018116556843
 0.03430726695124288
 0.016641883603614124
 0.023596543746821293
 0.05502546119430229
 0.037657005893189405
 0.06648544226600682
 0.07223319981975643
 0.01713430073355854
-0.0036008746332316143
 0.01864889067139374
 0.03055494650769412
 0.00493698844753715
-0.0167342236363884
-0.056226019186596
-0.06419887050620669
-0.05131553949896789
-0.09092567346607988
-0.08859031294855757
-0.0482798849000213
-0.011064801782646282
 0.045845501681973225
 0.08828444443312436
 0.08233052071730894
 0.04600804714573825
 0.03274624499050083
 0.036938938197503296
 0.04070681156004915
 0.03356559061272599
 0.04061317758281086
 0.04157397852815488
-0.008350178794029004
-0.017316238370505218
-0.02736209833087981
-0.07461402764150663
-0.1066768437949273
-0.10562262664688704
-0.060664879322067516
-0.039768704874941066
-0.032803885910669406
-0.019264630170205615
-0.013705864593285193
-0.011690999671682304
-0.023115780895724546
-0.04570924505724772
-0.037912600862343035
-0.03421887082557208
-0.05623389946512549
-0.03958205829258258
-0.018789293453739222
 0.006083860155981139
 0.04735314849933523
 0.08777182558349335
 0.08150622699983609
 0.03098020514222738
 0.02147180375989224
 0.043859253703380965
 0.03820917243335009
 0.015058772873372988
 0.05052141090897164
 0.06621960416975196
 0.018004844384169386
-0.007211377915168676
 0.024173721559989307
 0.06075384721031036
 0.024098475548948804
-0.00681203758050858
-0.0046205483332035545
-0.01487060860646832
-0.019981063581855033
 0.0010726050381952366
 0.03511380635111115
 0.021127351305937552
-0.02312054003406533
-0.03227475122950151
-0.017976731992867475
-0.021380434320206285
-0.01760294229162175
-0.008186463346782366
-0.020970732538769445
-0.04399869377448716
-0.049130018496527886
-0.02776299624617863
-0.022597673720294215
-0.021945424289689312
-0.038543987005587595
-0.05779889168690748
-0.055530377728834235
-0.06863387789535116
-0.029959596320323755
 0.02686912341721211
 0.057962447745974525
 0.036316161592085595
-0.014292050172149162
-0.0021518209057867044
 0.02546684528044389
 0.0664415560281185
 0.06587610490281531
 0.05002076612657817
 0.050359598093753115
 0.0040771736793922715
-0.03994950767949555
-0.05945803458496765
-0.037348443782736176
 0.014015261406829307
 0.02331553013274876
 0.008554544535652459
 0.03533577016844008
 0.017325007236877382
-0.02882574051779853
-0.024256928446541384
-0.02293065937892505
 0.0033550627825460486
 0.030334502235936645
 0.026953317771848253
 0.022625792146537333
 0.010723821468498896
 0.005953086758999423
-0.0048407624631891305
-0.014504111533355337
-0.0016965321648647958
 0.019665271512176088
 0.05539718150082385
 0.061969567380771716
-0.005608439624844516
-0.045847296957250844
-0.03483073107181333
-0.053193483808882516
-0.037282442032388854
 0.0118404244299826
 0.016937225741915314
 0.01879052583063031
 0.022851188170279826
-0.002592507441157736
-0.005414727131741956
 0.003770725683127078
-0.00955466662426587
-0.006939895276144687
-0.017271293161965563
-0.018661664673756465
-0.005374848315330232
-0.006380015590427058
 0.007218396123573221
 0.01461488165345039
 0.024047682264534413
 0.00961601241778382
-0.0072579397831727425
 0.008045298682147482
 0.01309806618100017
 0.013141295112297823
-0.0044507975988795625
-0.01226099469862089
 0.004928942899472715
 0.02224403034713247
 0.04626625266196193
 0.046542472281369776
 0.04554947853960878
 0.0696843646996278
 0.058024172764422566
 0.02446565064810981
 0.008010341749815998
 0.0008618341425824928
 0.014277870157127842
 0.0005898451643396857
-0.016932546221330887
 0.006167104305425842
-0.002126633163493625
-0.013396711372040406
-0.043102357308217855
-0.047478317774854464
-0.010660232572255316
-0.042313983177528554
-0.025508856958866472
 0.026942595014547103
 0.02961768176708814
-0.0032646188902181873
-0.03034525304610365
-0.005535148585174353
 0.00042016307086610415
 0.01051785761950665
 0.03694441601979405
 0.015368156182113459
-0.015672752972188096
-0.022765224667319953
-0.014195020014815865
 0.023649184397727174
 0.03943142424397001
 0.011237095695150249
 0.010071145191625849
 0.027109680746536826
 0.015089166967341864
-0.006759948019955807
-0.02749141618401191
-0.05446460503761271
-0.05183519591845926
-0.045411949613882674
-0.07555187446641579
-0.07988202475564005
-0.05047644163001252
-0.035175153542211325
-0.03810480593299153
-0.030255084405148486
-0.013047455809575675
-0.02073055123417021
-0.005985697785485011
 0.0503888726963168
 0.05641895909758025
 0.03704869272373966
 0.08095475357220333
 0.09998504652635508
 0.07935822997410082
 0.07971693041811545
 0.06445982486710695
 0.05232897759488228
 0.011823681175985099
-0.019524624767237927
 0.0016916280982576016
-0.013855300225454904
-0.03270966336010495
-0.03340319065466016
-0.011461953297057521
 0.014532280351581254
-0.020428160243136748
-0.04473546124023469
-0.036425999417087275
-0.05379181081524133
-0.06124000552875919
-0.05209045601950107
-0.05503386994543001
-0.040097818765742595
-0.007349811863092906
 0.011167649480394157
-0.0030945468906109046
-0.010484146008116223
 0.008061975859331959
 0.006651921002727605
-0.006295153566212451
-0.004451866342874014
-0.0012632996266214737
-0.0014655140710644722
-0.008677322351552986
-0.03888727089476718
-0.04629363730990478
-0.023593910405019375
-0.018070644854373534
-0.02877603009132741
-0.01732500421095435
 0.013536645789899915
 0.013384701873676004
 0.018573715597593844
 0.046305941816015626
 0.04099178542743642
 0.015632286931607457
-0.005523327117080146
-0.02419297779151227
-0.024294995707234465
 0.0041140159034686674
 0.0679052001377469
 0.10110808734872384
 0.07862157059159348
 0.05469647660545384
 0.045591864410121676
 0.061016166876209005
 0.05219050380936619
 0.01055529458715033
-0.020847608968613433
-0.035403525770170974
-0.0205971072045668
 1.2106235910321906e-05
-0.018870113845081738
-0.05241339807984619
-0.05961532490811451
-0.05948132182217666
-0.05266668549971488
-0.036752768727199875
-0.046502416655926346
-0.04484807855441248
-0.016749733400437478
-0.005543564463412584
 0.005942522249898
 0.012032040252469652
 0.0037141294673054296
 0.009223455800149733
 0.03503896488783904
 0.04415470653696179
 0.03439244341551286
 0.044546707773155086
 0.04344317090273313
 0.015026367232330652
-0.038413096673008074
-0.08865576767318602
-0.07301044953859184
-0.03239667613358638
 0.014484876249134184
 0.056280511735458866
 0.06453618590396427
 0.07340386137757077
 0.0810406853536743
 0.06603056963146622
 0.027916379135338464
-0.002253091668711461
-0.001943496201131246
 0.03975168219011097
 0.0517314575480094
 0.012342669650107023
 0.009625623469477013
 0.01399649457211024
 0.0013474604075864609
-0.004469588191277595
-0.004592739560275074
-0.025220922845156896
-0.08987384717141687
-0.1260313151150077
-0.11694341512960309
-0.11347296474371166
-0.08870793550039241
-0.06713978580802767
-0.06121691545562183
-0.04876996589349116
-0.03129921548630206
-0.0006056008916067844
 0.003425540212919062
-0.010568545288111592
 0.0011879120508323444
 0.04030671412640635
 0.06355165341019438
 0.054837987770268756
 0.049043942987504655
 0.05442741626670436
 0.06997454554054927
 0.06182929290140781
 0.07067177128240737
 0.1006293186296558
 0.08595743248625667
 0.08593452729753867
 0.08688887220565891
 0.05514212292708544
-0.003324204917566004
-0.040848102176415595
-0.01097018473854335
-0.0017017759913425733
-0.039345968129259626
-0.058819832406094424
-0.04007846851477222
-0.02069662761619183
-0.0191846176186889
-0.03846044036672399
-0.04496747337655278
-0.03141964363854738
-0.03660715613488514
-0.06620987390610705
-0.07969739198808723
-0.060237012565756254
-0.0534367574288192
-0.028785376027996003
-0.006377110417597073
-0.009097247424487632
-0.0054611936938701155
-0.0109733744150355
-0.01089215309710628
-0.008520613309574102
 0.011195059823770526
 0.031199968560094753
 0.033751349937765185
 0.04232010357203493
 0.02881405070531371
 0.010888150484581947
 0.005418364485230862
 0.00517019783419904
 0.0073253359625447285
 0.03199489657885954
 0.06167154331973702
 0.02568375988227251
-0.001189812885920666
 0.007104596437733344
 0.009486498545914551
 0.01956054512447196
 0.012922123010153549
 0.012015078369331699
 0.024338409933603086
 0.03862886579162241
 0.03653381183713217
 0.03485971891995052
 0.03634602180471755
 0.02670819731935382
 0.042441738705257435
 0.03377433881179598
 0.004979546439391926
-0.0252898883254898
-0.03874704544464586
-0.023965572887382013
-0.026635221619795632
-0.04235931557620254
-0.060154623362711226
-0.05024966058922522
-0.034213905065846054
-0.030481808628284167
-0.03503347663993657
-0.03765784234895047
-0.035380923127777214
-0.027943602969019186
-0.016509304254042182
-0.03396666464110305
-0.015401163328352188
 0.004412411098575836
-0.002792939573320121
 0.011170537548181375
 0.011779931270403016
 0.024725969768405923
 0.047077972452017516
 0.07284448296768013
 0.09688535775030238
 0.07884426758019052
 0.02434629040465647
-0.032701335112970194
-0.0506720628360658
-0.03913282843182799
-0.029729276138447502
-0.021320888178886586
-0.008806379723703572
-0.03794047754986948
-0.06585119311729865
-0.024975931975128776
 0.004358097347522937
 0.015487633474611873
 0.022858037350722362
 0.018030731961236855
 0.03390006322166344
 0.03034037317370704
 0.01738357825469962
 0.005644144746418249
-0.03846329247085793
-0.042115275278513484
 0.005193966206704845
 0.02821933193690481
 0.034034949279937554
 0.041810612464923375
 0.04233723435826176
 0.042593567274873394
 0.03287042994373837
 0.02463365005067186
 0.01612414566990085
-0.02196120395791336
-0.007405314190642881
 0.03840108539380628
 0.020399740546180052
-0.004681092862636813
-0.01695727604977395
-0.04556942164278311
-0.06733009468730636
-0.047585645807598845
 0.003096727642755652
 0.026964611405111222
 0.014541975457793429
 0.011444606304433625
-0.01994195760948009
-0.07087343278580936
-0.09040854962852132
-0.08723072429911093
-0.03598345722376741
 0.010428258102214967
 0.01940077672282581
 0.006085347250921755
-0.005902366734539792
 0.02107266861092078
 0.037350657285225033
 0.045855694334094796
 0.07391556811947647
 0.09945251660374406
 0.08532654519014438
 0.032884278348971174
 0.011609321809496836
 0.027345620838622256
 0.018139972675675874
-0.020815817548555007
-0.04962896291100091
-0.0708494920411497
-0.07444565952709956
-0.05053493876140977
-0.04254003798108798
-0.057581206301231674
-0.05413491711171067
-0.03043113912740788
-0.017048915404254936
-0.02372913723485937
-0.03469953949660346
-0.05195295144208833
-0.055428528311300115
-0.023290555664007836
-0.0008532467547800015
-0.0015477957531367483
-0.011754043745182166
 0.02308671638707618
 0.08260578399105728
 0.08029621047033603
 0.07679724382370932
 0.09939320453516534
 0.10545153340682684
 0.08153729148338007
 0.049511771042711435
 0.032629348238351945
-0.012090629399176421
-0.06931540525507347
-0.08793988238791585
-0.04242699673490855
 0.0029171009546392133
-0.01699529445244276
-0.012280363941251047
 0.03853328107431359
 0.0508954952458973
 0.020014757778116336
 0.03915519452915624
 0.05230028132244466
 0.0006723361301396828
-0.025322579837989634
-0.023555436362407423
-0.03031160097443444
-0.06020901280562525
-0.06796572058729913
-0.0751955045514636
-0.0924034071011872
-0.06896577305248398
-0.035818957498991576
-0.026684655870488686
-0.052995004869338024
-0.02229843543071905
 0.033731269348617726
 0.04291576248348936
 0.04351604725482001
 0.033241328681897414
 0.07171371035942933
 0.09347325462275406
 0.05994738942060153
 0.05806843741697657
 0.05447831006047249
 0.03352875502030498
-0.0065661375000885475
-0.01783820945265062
-0.016582597014915962
-0.05065510774052703
-0.03360790891909971
-0.023378100201373316
-0.040084992588617814
-0.04230787626304315
-0.02585883154278287
 0.013127840939810302
-0.0012686147584779605
-0.02540352536559417
-0.025283426236713737
-0.010733934885455846
-0.0018485980687175303
-0.01587651247499876
 0.0027534132341582957
 0.010041256276941458
 0.010152732228820835
 0.052514895056712696
 0.06199198146648135
 0.03273542420442737
 0.030598238355920696
 0.0351564145536837
 0.03314960249160325
 0.02285689309834733
 0.00986003936241631
 0.013676016845595626
-0.0009087136377585733
-0.03285644194982471
-0.04682702788773349
-0.03677710090732158
-0.006387761243787678
 0.004342851057179001
-0.010811158845435183
-0.03372568708913465
-0.08064405069656518
-0.07313770310696552
-0.028319033698345316
-0.014958397400424867
-0.0102004179019864
-0.026953038598506313
-0.03253393456615275
-0.023303211338469187
 0.0025348523649295226
 0.040355716010763
 0.04783747154961061
 0.05539685798169227
 0.061743040474219434
 0.033894022480022615
 0.02026139790351013
 0.011805711390063662
 0.004329160720743655
 0.016690249182340376
 0.01756714736683737
 0.047429289306178804
 0.0489432423801571
 0.010515178196602446
-0.02296374759424245
-0.04509592580264188
-0.024250414656881103
-0.01068463140416143
-0.02720729610331411
-0.04910265139688941
-0.03825462117708053
-0.001031746088072361
 0.05524062697442308
 0.09420025446621831
 0.11154350223424964
 0.1356862670057198
 0.10416233763312521
 0.06050478193891155
 0.03736929200554408
 0.018698365458420442
 0.0011338296947254656
-0.024353604197533497
-0.023348599334786127
-0.01551382975708477
-0.02370988091608811
-0.04568713572349816
-0.059221552321407155
-0.055721008533141186
-0.05202692842971062
-0.0679024745356877
-0.08256846419851613
-0.04466925438322337
-0.03338792785457497
-0.05420903037944415
-0.04187773424167172
-0.029021831363190698
-0.0015676631283011876
 0.016639437567592886
 0.009838615362480953
 0.008507017124717974
-0.0034776705443308113
 0.016410303938307967
 0.01653331208499494
-0.028109214106921965
-0.030275306611908186
-0.025470455056817772
-0.019837618898338273
-0.0028660774472656597
 0.03277318027193687
 0.06939055148707476
 0.0680323904143651
 0.06962806228517585
 0.06562848681724805
 0.0539081226129009
 0.05136691557359088
 0.049760888511851585
 0.018117950548831124
-0.021164590201411565
-0.01459812231473997
-0.019678694999106787
-0.03328122248068733
-0.013137597457703468
 0.007326254364893783
-0.00905192640957914
-0.035777190172255946
-0.04077708968880342
-0.038809343340625614
-0.021259048352013657
-0.01612560876548261
-0.017918398286457887
 0.006713896606569655
 0.03499671673246236
 0.036327442329598905
 0.004495415097389699
-0.011506622440976227
-0.021036154628918655
-0.01798983979891858
 0.01566612474469789
 0.0216517318973171
 0.0014638819654049183
-0.022335460798119277
-0.028569035139184778
-0.013220304165241526
 0.007541364967214803
 0.011824212120586852
-0.0030681713818271833
 0.0015240848429326414
 0.0007335463067259867
 0.012977221255207913
 0.03385436174498437
 0.003167039348231163
-0.017709211367099117
-0.030537192366400175
-0.038231096569231834
-0.0074680740801745995
-0.010413980341669982
-0.024376656623403326
-0.014157077195681622
-0.022197247556400873
-0.02167415658084024
-0.006239458529594342
 0.007004622243397682
 0.027737990343820414
 0.026727831315463677
 0.007361357212523132
-0.012343641168237805
-0.02205668337621643
 0.018172457507295372
 0.06160622982013771
 0.05826899371256634
 0.04075069901061455
 0.03456343446843215
 0.04207654466455218
 0.02442398478962898
-0.014793322740857184
-0.04000510581676457
-0.04575812212196466
-0.04946088761345006
-0.06762468544349075
-0.05524211039502998
-0.030013045031648852
-0.030057878380392776
-0.04531008955645872
-0.05294914458556292
-0.058111979548619616
-0.07103633827038933
-0.05440994736025084
-0.05898435420854789
-0.06818314459608556
-0.02987117420222078
 0.007972890603709582
 0.04156884466173238
 0.06046312329540579
 0.06332315803127514
 0.0436401239433477
 0.0036809333291489815
 0.010635441531813328
 0.050556437044546765
 0.06397759510543072
 0.055104871127234764
 0.05939491766749601
 0.07406261183700723
 0.07111599112526147
 0.05970499761054337
 0.04797880818742308
 0.049762532027981886
 0.0519064453515721
 0.014918028066411102
-0.03104810325265677
-0.035951654917486225
-0.013809323663634673
-0.019881384309467995
-0.046377205005570854
-0.06992165277777171
-0.08706595866003418
-0.07377255548757995
-0.05543920027803767
-0.054466438150510145
-0.03807066467373034
-0.012348740561314454
 0.003010426520410343
 0.02120170144420504
 0.04943607427699576
 0.0920257884494909
 0.10332465635487774
 0.07295754085962847
 0.042332427998885286
-0.0031050009249637502
-0.045167414437525186
-0.029638738626873194
 0.010002415841396184
 0.03070044305988806
 0.03708637753447145
 0.02352654101764353
 0.02525871689188603
 0.019322096826408244
 0.004153585909434619
-0.003962535681929934
-0.034418726096294046
-0.035929171685007075
-0.026653020248813507
-0.015723305926640885
-0.002576902787700699
-0.01763368785335079
-0.027079458128620802
-0.0248195543940801
-0.022017439628741177
-0.014171266996457417
-0.007136653892661512
 0.00041052020081402686
 0.02424527842340789
 0.027564796580117908
 0.009590912471198565
 0.02091717588692953
 0.044540196425158246
 0.054922580463566184
 0.030424800790461577
-0.013987463180133752
-0.029257645309186134
-0.0450814308344385
-0.03257600444792828
 0.006484834970119646
-0.0030408895627079707
-0.008645203134594331
 0.0013853877196994997
-0.008201580741391023
-0.009883305124208002
-0.003407198869552731
-0.009232352421658633
-0.00623251596096388
 0.013546735084558066
 0.020889160358561976
 0.013180067956260557
 0.01705365741434064
 0.008387497502233334
-0.012432207840008947
 0.018333274412960385
 0.04464577463735368
 0.02551156091865158
 0.010688166527280708
-0.010427730355716813
-0.02167363113019427
-0.006231298820924488
-0.003675915687163511
-0.024961202261429474
-0.05061210632226318
-0.052761493751677595
-0.04192852685578042
-0.04018458591137506
-0.030773285358189642
-0.013802885788312983
 0.008062665628485205
 0.04059658164354491
 0.05415529988594417
 0.04683693723718303
 0.05029056380682858
 0.020628494376686592
-0.024200473245868603
-0.009818572172701955
 0.008959418930023026
 0.0037233186945313116
-0.006971200219810142
-0.02235076685894829
-0.03440260541077315
-0.043942330823839026
-0.022940021819769583
 0.009008075182559572
 0.009009536035066403
-0.004708227980595949
-0.031968667066238146
-0.0393000648995079
-0.0017348423174686394
 0.020919657377035192
 0.00903720193925271
-0.0007569393477068383
 0.0065917986894268865
 0.015116278335761622
 0.014364365668306074
-0.007298454320675447
 0.008865736676515919
 0.041092038162464296
 0.02821697879118648
 0.031865418779146476
 0.0288368936250909
 0.018413078617103534
 0.022504092784456215
 0.016525622025368024
 0.009883626891743134
 0.016857474301620223
 0.025041421301787117
 0.022940278854205205
 0.014138302873328009
-0.01894888494766286
-0.043789160108041694
-0.05775843069467765
-0.06202683678700791
-0.053286985215295214
-0.04825092449414681
-0.023267112018373705
-0.018617325515569962
-0.02225220244375056
-0.004758278502624189
-0.005360851813378109
-1.081281787897247e-05
 0.011560230307754429
 0.010961300279893024
 0.009102042712378022
 0.012681010443027649
 0.005771763592275976
-0.007451808942394612
 0.011433592547481563
-0.0008026254559905798
-0.03120273573273114
-0.030593152704203864
-0.04543146566187689
-0.03562480894457005
-0.009281837321964422
 0.0044038395208227206
 0.016690983243887722
 0.011713317324445362
 0.028618116917248682
 0.04867168155216472
 0.035687262440980465
 0.028664353902475716
 0.020847455033646163
 0.010844440826340604
 0.006023727231380205
-0.002347222725618364
-0.005232441676494821
-0.0020222608582703265
 0.026629272620913302
 0.06647224751063897
 0.06471513271777382
 0.038975310970353054
 0.01647322824984553
-0.023481639844406692
-0.02524631360143236
 0.01145793805488731
 0.01931890483613583
 0.018012269291180695
 0.031228764688402112
 0.03984604994598709
 0.02885200693153553
 0.019613166639072154
-0.005042096506404915
-0.03491867981643572
-0.04990954372803406
-0.0640304769526974
-0.0712020901410632
-0.07121181701149226
-0.048961286164029096
-0.012903981333937636
 0.008745697848364676
 0.018123633855397066
 0.011391704255462279
-0.019503205399988927
-0.019255469529493505
 0.009592138425656694
 0.002425801781467317
 0.010827321969529484
 0.05918830415914857
 0.07231301003252041
 0.060060190820243047
 0.05944864435578499
 0.027772107248670654
-0.007314669424607944
-0.013277602142763946
-0.016113738432850494
 0.0014372534249018274
 0.0034951988297095816
-0.018150245453300358
-0.03317554722351673
-0.03499368910449331
-0.022077032439754028
-0.0021800072519815653
 0.022843717386099582
 0.010132109101975102
-0.030869550395297932
-0.04751546490401245
-0.02352563135090418
-0.01563922103976932
-0.03426107601204692
-0.020623188727968048
-0.016595081940066547
-0.026522657119517914
 0.002355675114306675
 0.03544167074261383
 0.0057014726393988
-0.02133702846132205
 0.00328679506758871
 0.01855311675750574
 0.04079828773032184
 0.03979756915116571
 0.026389908686365853
 0.04321622233015318
 0.02823746197419295
 0.01001095797047538
 0.016300098094274813
 0.013490886636112143
-0.013653802575447517
-0.03363513208514117
-0.02134897342752357
-0.04072011580235999
-0.08486436805163905
-0.08567827700815224
-0.06008349782087965
-0.03545182885061922
-0.01768889885241818
-0.0019640471674525753
 0.03079821097959538
 0.052519766288731326
 0.03648711944897772
 0.030681905147543213
 0.051313704225782714
 0.04472621375347365
 0.011843174319979636
-0.013842606940856277
-0.013158532582952317
 0.0028727490878739477
 0.016320730542248193
 0.019878398482548597
 0.006277855394453156
 0.02351331436202713
 0.05124174925195451
 0.05505784911690258
 0.05186405746114348
 0.02781103901643115
-0.004884761550371096
-0.04117582532572651
-0.06231103325981016
-0.0589822933156711
-0.04100158843099128
-0.015813522703618233
-0.024825065435292695
-0.026508268421491562
-0.011808457109421144
-0.029698683442158993
-0.021146006801216408
 0.01730768787821054
 0.02914960659828131
 0.026616605007248842
 0.02974324038662673
 0.02226966069839738
-0.001061247332343064
-0.01072251850301926
 0.0036996610453148364
 0.019026358613982382
 0.02169427541247561
 0.015810330541034943
 0.017863545665443473
 0.019222067049467856
-0.029472580471454863
-0.08717375265714333
-0.08847257708700092
-0.07179885646724542
-0.054130805275857355
-0.02696395970389975
-0.016536716985239425
-0.007663638659004419
 0.020019292819433817
 0.027707392061863293
 0.010451936960855933
 0.013453576248136595
 0.042890962354486015
 0.056471719315997614
 0.05975339778343269
 0.06990004695921491
 0.05132373252361248
 0.03377367010451433
 0.03364441318203106
 0.025279498468183968
 0.02536657063495563
 0.010058887912642044
-0.04017659652059011
-0.07404445702400285
-0.06214231744240028
-0.03813106609067237
-0.025508835556745633
-0.02565230827470506
-0.03934521829182932
-0.04378365406295389
-0.021648429322502823
 0.01213641439494763
 0.02028106478345067
-0.002314756189240304
-0.00011971979598246586
 0.012830823396204505
 0.01616296500618088
 0.027376644106143454
 0.017805009743158465
-0.014897829289945362
-0.025108088802228465
 0.005572716736689042
-0.00781882962160062
-0.0436302236357018
-0.021575021896961033
-0.004233333780329056
 0.0014528933483566112
 0.043020557183983184
 0.09280718427726042
 0.07927289787602933
 0.03172978112837495
 0.008653061740461003
-0.014942911472501838
-0.037903150048066866
-0.034731637100775856
-0.003700721515456407
 0.005441739772283832
-0.009816090974995898
-0.02382796756608265
-0.03421707244673517
-0.034785608382674936
-0.03866856375083879
-0.02406469468606688
-0.012160080536340259
-0.026319759298596007
-0.031008771475065214
-0.03711946618749753
-0.045285605979897246
-0.028410576861111408
-0.0057067627846029735
 0.02656834681580835
 0.05379171218306246
 0.06259834603286694
 0.07944264205138657
 0.08073001312704248
 0.06026575126870881
 0.047498762657103136
 0.05627922089246239
 0.07026599751055491
 0.060123644260614416
 0.01979952270858103
-0.016922658123200433
-0.02723065626999337
-0.007624268671616668
 0.007998361623887677
 4.4233464042361436e-05
 0.008540718609510854
 0.019978290788108373
-0.000652180967039749
-0.03920662097280227
-0.05532475733508269
-0.056805118647479655
-0.04311175160322904
-0.015076539267499951
-0.007718088027584277
-0.0152645231107126
-0.043448960668021806
-0.06742773784616862
-0.05386192267405618
-0.023023430299570293
-0.0035286408250369077
 0.02016066590435994
 0.02860440846785496
-0.0052289254789161105
-0.019428378470988467
-0.014844340208231313
-0.0005476230562181326
 0.006678816471937939
 0.007948213396086815
 0.03186330510959119
 0.038603668162096545
 0.06002945693523859
 0.09292257008157394
 0.08155807079528121
 0.05406155685970034
 0.055341275953322555
 0.0626770231553637
 0.04234689878898095
 0.005736695307598015
-0.04219564328398273
-0.05716583523440891
-0.034124601215536156
-0.02096389278075571
-0.02826641786502163
-0.05442085761087047
-0.054965661728114026
-0.03522665927442287
-0.02745737224533763
-0.020349670257729734
-0.02639060165299167
-0.036176002124839096
-0.037104783626845605
-0.021206838344007273
 0.006436367649091898
 0.01597215172768132
 0.016440772286884082
 0.03011244962228211
 0.030288798351069932
 0.017461941937179183
-0.005253723306281892
-0.03370625159001733
-0.03794481399343001
-0.03987912084983652
-0.03398354015256859
-0.02298917364700713
 0.013013945472092016
 0.05208129838104884
 0.05795797264733305
 0.059470647190890215
 0.05164922786452695
 0.03901326651413894
 0.016120747780453196
 0.010824414554328598
 0.014695932714273557
 0.022138661652509523
 0.038483693500984385
 0.028112396265318914
 0.013109045881003558
-0.014556791003158674
-0.07254837178130441
-0.09496022446077262
-0.04693556492853487
-0.010756457381501734
-0.01371694927842972
 0.008555468667071834
 0.036376512290766716
 0.036359464818907755
 0.04341020765334745
 0.03947695998050365
 0.019286371288779327
 0.004186113198037433
 0.005324333137654214
 0.007577863974681688
-0.019656438536328
-0.02345293981601694
-0.04217447462707285
-0.0773130039628848
-0.06394258298314284
-0.04349120498501195
-0.02930789242019873
-0.031759532347278296
-0.031076500903459234
-0.027492870077086812
-0.040523844898953124
-0.04769877587475474
-0.020683504909721966
 0.02125409002075124
 0.020774935930696847
 0.022837046804561043
 0.02662246194062653
 0.021280112686303757
 0.03680894997609716
 0.03392741938082685
 0.030542711815347477
 0.04604560378892052
 0.06968855602375561
 0.0862758461253127
 0.05398961947049936
 0.017894569120433825
 0.006859713275754688
-0.006797913358586502
-0.005947165975511532
 0.015165009034075137
 0.026095220700273255
 0.020170992093407277
 0.04003051662420297
 0.03952598330791565
-0.0011220614232217586
-0.008254064549510116
-0.023032948916610417
-0.0615929344689638
-0.07546390417940226
-0.08112870669420523
-0.09113606066488292
-0.09539656144093868
-0.056680134942557664
 0.006393118630406931
 0.014508261192963511
-0.008345316809375593
-0.005140213079815206
 0.012284872441860474
 0.0021436200359803838
-0.011045643535299531
 0.013550518005943755
 0.034201401250226034
 0.02890274966176544
 0.015229816897266739
 0.0035830197976803495
-0.012797674507274889
-0.011069150229740742
 0.011856222045083936
 0.032188243288105864
 0.054941866347306995
 0.055073217465289724
 0.0452472665939753
 0.035311216385918734
 0.01757951321623442
-0.004721399161887863
-0.018166320505749258
-0.014978961107779671
-0.02186798255392762
-0.022757993115353616
-0.026105068942262874
-0.04680659234002761
-0.07227708172561711
-0.09098958387437188
-0.09138293230450174
-0.076522985474515
-0.06038243916922007
-0.06916566260303822
-0.06711168211295168
-0.030404954901213407
-0.0022586937793483437
 0.021230221295031854
 0.059788315132329746
 0.0930475239410704
 0.09353425083827323
 0.08264607840105705
 0.08406499001197054
 0.06688856987345251
 0.05177910352674691
 0.0606534132189929
 0.0473505463737941
 0.03112256816039973
 0.030299973904824376
 0.020108421619194895
 0.00918468096096264
-0.009722977725862251
-0.01925573467858381
-0.006537735464148227
-0.015656656393471996
-0.027726008324373
-0.004797411422973758
-0.007134524420248924
-0.026502859752389855
-0.0158636789079047
-0.012254494850732867
-0.032665467878170415
-0.05283639610215295
-0.035117502045855474
-0.01074080880985082
 0.0035231325067249025
 0.0002216867234029255
-0.019532124054324775
-0.0051852193324502536
 0.0072073347321487255
 0.014210298771682377
 0.02094970885883013
 0.01084285551675619
-0.0005618181590650872
-0.007260322809894099
-0.02038023467878855
-0.029115076322377368
-0.012719813979052016
-0.01961806561601914
-0.02267313201819853
-0.00021156666125168375
 0.016721390669788512
 0.025107066053251418
 0.02083747215803287
 0.018161914419298764
 0.017446576270755323
 0.029012689997043914
 0.03632020939543387
 0.041602839637201905
 0.07606783599884004
 0.08226705713820534
 0.041956907619617206
 0.006196156302464097
-0.022162600484069126
-0.04614978607659395
-0.06503384183723585
-0.05771132426711475
-0.036177004003337475
-0.038364158562814984
-0.050441165523604274
-0.0436486605104752
-0.018151980348914385
-0.016132367341888564
-0.03769757281241869
-0.04154657963671929
-0.016824262940256247
-0.010993750239655648
-0.012585569972574031
 0.02267749717770016
 0.0660239098660005
 0.06317466472341321
 0.01843466673314089
 8.213226553892294e-05
-0.016229847668829043
-0.024828150552099706
-0.012508110583154453
-0.007163311779790624
 0.0109316696143327
 0.02044968878875078
 0.01884977767967304
 0.006901225297634245
 0.006630102704949948
 0.02132138777495781
 0.014024078225309567
 0.014394866391593698
 0.01875290392410489
 0.008785500618819591
-0.00928638025968781
-0.042899411575892436
-0.05903410666117315
-0.03876941308224478
-0.009583438928251375
 0.00807660145638682
 0.013610853138255913
 0.013564310498219826
 0.010744904580100747
 0.012669983793350305
 0.018198133773391235
 0.0319906225678699
 0.04483705060918827
 0.035097436821135496
 0.018683284075504583
 0.020018526706988313
 0.024882390872096087
 0.01667737535278864
 0.020069901450071172
 0.03699363197654374
 0.04163087028618495
 0.019749672110525307
-0.011831397942773204
-0.03609162085733509
-0.04310291742775775
-0.01671333512748354
 0.010709343045400735
 0.014000026348845698
-0.007875783474211612
-0.03358657069580104
-0.033985579716041533
-0.020216296394342213
-0.012319864955650817
 0.0006333303496032351
 0.03229740482508501
 0.05311889825110816
 0.04861761618813879
 0.019602739022314884
-0.015958397267168203
-0.03672015486103262
-0.04568771340229869
-0.039430281046439336
-0.02992655502803822
-0.03419655455519849
-0.035923937398000344
-0.003357612193984325
 0.02871457449278552
 0.01843507109657545
 0.009564965197582676
 0.0375705760216222
 0.04356665808430195
-0.0008296032308192109
-0.022683831381794677
-0.035731307844470914
-0.05037002743769782
-0.019449503351523532
 0.012456590071358261
 0.015228918935865251
 0.007356818716513801
 0.015051158893125437
 0.024264276726402665
 0.005519932151597042
 0.007508443477288404
 0.03469495559894084
 0.030854329888354636
 0.01860064546230522
 0.009247131278026809
-0.006506423248429798
-0.0021043686615180926
-1.0310944378318452e-05
-0.008699085860909303
-0.009350595449941301
-0.006312289381628547
 0.012356533133854836
 0.024604274609245986
-0.005581809421592958
-0.014600800114185087
 0.0008909031974726506
-0.003259191713638712
-0.01033084870290678
-0.029910081064835635
-0.023398366932422445
-0.022661907173459717
-0.048209358028653115
-0.041129420793957865
-0.025912616919032936
-0.004089358677481854
 0.02198216456621807
 0.041959005734761905
 0.037703289434812215
 0.030737738179097824
 0.03473407749539823
 0.0012587059424731468
-0.025409054489737598
-0.00797277381715992
 0.02712123151742292
 0.03189195715046316
 0.02235926670260782
 0.03320929496735253
 0.03329311813218744
 0.01073791040867295
-0.02034289609485543
-0.04281174100713662
-0.0668854253555716
-0.07826494149908154
-0.0640313699528364
-0.01898361966873924
 0.02416609754720281
 0.027971617025551884
 0.028622497270631746
 0.007216521425964477
-0.026836014303653136
-0.028046116810390827
-0.008872696569100962
 0.028001629917966342
 0.05093081035552392
 0.025968758071293615
-0.00037953922575690544
 0.0019158747499180206
-0.0012840838014810394
-0.01714727149914095
-0.02499297260512874
-0.01533776260110513
 0.0018276997193663654
-0.01386271894452927
-0.027054871558522497
-0.016355786996609098
-0.029731136172943484
-0.028693203294473044
-0.0038082565167823577
 0.026756429164308558
 0.03373648597311622
 0.013177204046164345
 0.023216974615538222
 0.038991705640813404
 0.0446835445853526
 0.043393982514121986
 0.04453523650140709
 0.03676774659143042
-0.0015273022643031867
-0.010503322275940079
-0.011561631143913089
-0.02510129019135505
-0.017806920246139092
-0.006916969815130122
-0.011765801427826524
-0.03923592408597754
-0.048405084045890945
-0.039489660091971204
-0.03395810658272897
-0.029110345039702803
-0.018214457107841354
 0.0019550198072226035
 0.013939982616250792
 0.01827518170539119
 0.009013218101598374
 0.011311894873698118
 0.0068773786788001385
-0.008915452529361009
 0.0033148507145677746
 0.01965454387049669
 0.04612871804614243
 0.0635534466117407
 0.043055264143993216
 0.03359522060840939
 0.028286631281389696
-0.0017805304953690765
-0.016474316152480427
-0.008776374872185945
 0.0014375634706902398
 0.0032933308534557736
-0.012400096740084188
-0.027839178730584536
-0.03629794891823748
-0.04341898934726218
-0.02119160121304283
 0.00457319328211891
-0.002902950611558909
-0.012440766981363677
-0.01759675711157928
-0.03050057152626632
-0.052071419749577116
-0.04264619918815053
-0.016631680647300792
-0.0033191837148156904
 0.019390559361675462
 0.025964120375173153
 0.03266997610045804
 0.05824563852242665
 0.06923396707754086
 0.055911785312976615
 0.024766532568820953
-0.017742062259380957
-0.04224209926551236
-0.042294801018960236
-0.03678005302186834
-0.02319564792271014
-0.012152437169687268
-0.00019080387797738868
 0.005024161997840888
-0.003059314676326726
 0.013101083934946769
 0.03773157459611349
 0.02913405541586065
 0.026002905269804057
 0.0334681886289174
 0.017051361930434206
 0.002868898865438167
-0.01904295098588263
-0.045320176681203826
-0.03213007131469977
 0.0007081536222424628
 0.017302006150694178
 0.00776130447820501
-0.0153808540988539
-0.02799271602572759
-0.03578435572654294
-0.016856780272657787
 0.02189363661703596
 0.022593613972654174
 0.006169050179590447
-0.001310631511825239
-0.005688798197506214
-0.005703274839353285
 0.0004964594443533439
 0.017939181644507394
 0.03383589909119594
 0.03172865694953181
 0.0437531077704172
 0.06375195166011582
 0.052767594308260043
 0.026557549530104883
 0.006981455916382484
 0.0013177926057199416
-0.008264699806625937
-0.015042668004941565
-0.0186233501891124
-0.03421510136917042
-0.06344128181244564
-0.07919737585929776
-0.05955105379635286
-0.04489345578412038
-0.03055351478657562
-0.024122833926546836
-0.02139198524813032
-0.019027835154183777
-0.04240460028343772
-0.02753811688128875
 0.0023795250846627087
 0.00901551317669444
 0.017547922896263366
 0.0114748266253305
 0.027123326873936374
 0.03575788606300713
 0.0039237084869603155
-0.011969389661342702
-0.0077749933246892755
 0.006991768006859916
 0.01691740303051478
 0.03111904429253905
 0.04497435491563584
 0.024729184315021083
-0.011486647374731186
-0.0285592981199775
-0.019641432384481707
 0.0006561505394748153
 0.023614199176339327
 0.020432049892128965
 0.026226086458499963
 0.055944900550565564
 0.06312454566752976
 0.05821274970281982
 0.046514998221784946
 0.046935498212369774
 0.04596540274657752
 0.019018315380782726
-0.01252418872795035
-0.042328183613546184
-0.05208148609942714
-0.05447615501747391
-0.0711747455060898
-0.07025876968348423
-0.05910575921908218
-0.04177020874591227
-0.023381780751657064
-0.02845336385425839
-0.010763497734592266
 0.014503706159814148
 0.019459498196214828
 0.02660025493945351
 0.018746716492951468
 0.012910054315013856
 0.01251720260267082
-0.00806128806224917
-0.0227093858809085
-0.028756966334652825
-0.013063513569278401
 0.020514405007224096
 0.01749859074798454
 0.001110704238332308
-0.017304081394954988
-0.013219916500096119
 0.008940146320937512
-0.0025576461626413967
-0.0014360481977137183
 0.009561678795625054
-0.002017941409939923
-0.028019441133480098
-0.03998803667827019
-0.02580145644019808
-0.02213316044379383
-0.011856870536386182
 0.015148206444991225
 0.02841979333107628
 0.028365659448977704
 0.02995305990469252
 0.03963040398416996
 0.030581976358488784
-0.0022495182682392327
-0.026494883057404342
-0.028747487985613353
-0.007988464333625288
-0.011100525157624695
-0.02749212739894576
-0.0130868709436082
 0.004834311789283634
 0.03018018755693322
 0.04888681905095077
 0.055079405726421546
 0.055140842655651855
 0.03427895578069862
 0.026148672193206907
 0.03108571974080941
 0.031560164677774616
 0.025738337757722732
 0.013328918286544065
 0.010714619593734476
 0.007002963528520724
 0.0013692592060150757
-0.021666007490410977
-0.04333600802648667
-0.033601617646891714
-0.019939663808016057
 0.0018400231644223792
-0.005677920910123075
-0.024860787891678428
-0.005409524763931484
 0.001484282837342733
-0.00852995417906501
-0.010359066275215729
-0.008204912553616798
-0.0018094289071305819
 0.008261196678040232
-0.004765446507908101
-0.02732258647920498
-0.005414110085907411
-0.0017317275454950109
-0.03178766995127546
-0.03241407593753173
-0.0346653886503421
-0.026281334724666143
-0.010831323451958495
-0.020269203459332884
-0.017184046218447734
 0.0038449517678494126
 0.015097589990652626
 0.00840768568784209
 0.010694647358288607
 0.009520942327336685
 0.006542677514093348
 0.008581853758020131
-0.006363161452402507
-0.00021943023392833577
 0.006530091974515428
 0.013290385585102473
 0.041201162472857454
 0.039362706674558365
 0.012988036401531816
-0.007317832918486503
-0.01874090912222236
-0.017375715074445335
 0.016660144624729003
 0.05492318010547592
 0.05922329718806533
 0.053654806843961754
 0.05495809988634251
 0.03817783330581336
 0.01111852986455779
 0.0035398542184150064
-0.018358666462425163
-0.03971026954227042
-0.04277725921020766
-0.04651802905399947
-0.03598352638351502
-0.01464920626872753
 0.00857406904377564
 0.009569529229118105
-0.020364183576728638
-0.03781766242739478
-0.028093645022724618
-0.02481931168734934
-0.02263312701071366
-0.01696355349788013
-0.010414408097491211
-0.002354351339907096
-0.0016372987174809684
 0.003821680883718101
-0.00427239351772457
-0.02071735210919073
-0.018590828840225546
-0.019810014683613313
-0.03365324414787626
-0.035908881450848876
-0.02990278921128741
-0.024654503300619673
-0.007413471993196113
 0.024792930424122513
 0.043887895652782706
 0.04178346257083189
 0.03092648125476229
 0.022141816465064936
 0.026320731670877204
 0.0089048138298984
-0.01749737096444695
-0.012232398091645662
 0.013645859009374256
 0.02161341366505723
 0.005017592327333637
 0.006985832228366854
 0.019841399864149855
 0.0340875720068223
 0.05850523892520111
 0.07124394505437058
 0.059476957827880914
 0.030842156119285338
 0.008316703192050263
-0.0020727058848358125
-0.009188944374126975
-0.017042727805373276
-0.015764428612250015
-0.01134554098410118
-0.02196271790759435
-0.028162201652879453
-0.03264782144391568
-0.03757321407166045
-0.02977805814682049
-0.024030540681641892
-0.022868708459086222
-0.023107311580314142
-0.027361392288788238
-0.019514013783430675
-0.009117237019624566
-0.010206422530168274
-0.005081033835149961
 0.006920642413298598
 0.027204835951692843
 0.03583408488981779
 0.02174003398740284
-0.00031701251485585276
-0.011946344771062692
 0.0052360260276035206
 0.022388741948030564
 0.026018315644536
 0.011998838588343249
-0.013369867182811296
-0.014138065535003672
-0.001304896966579332
 0.016841649395081818
 0.035766878873604066
 0.024244086435368985
 0.0028522501108311673
-0.0004990484528889013
-0.003574406528977417
 0.0022272078389435237
 0.009606245592424264
 0.003954327501179916
 0.0042442697159609626
 0.002678340296760096
 0.0040271164857409265
 0.0003222851118413763
-0.006601624017731726
-0.012907700958982853
-0.01357581308962348
 0.011416143504737384
 0.044171889886249996
 0.05947039936209393
 0.03317250010511723
 0.006543608061462749
-0.013700109593366571
-0.030712627504412938
-0.02610912136016706
-0.031014513390139047
-0.05144327734675214
-0.05626044627213667
-0.041141170002711794
-0.0460042807814999
-0.018475297844471193
 0.0189432952884299
 0.009340918098332944
-0.009959760169785364
-0.04099911809538924
-0.041685152452726325
-0.01388865209480151
 0.012626340832653873
 0.02606887041600695
 0.015193906373230646
 0.026501812204834743
 0.044950924794502155
 0.046830444846172554
 0.025912055714430227
 0.0070735712802742655
 0.013203349651538658
-0.0028531291481334827
-0.011984895565303183
-0.016546912034680013
-0.04035097746502903
-0.04454912878529824
-0.026934945275171127
-0.01712318397484643
-0.003800976211786699
 0.015403312570606667
 0.010158925195284895
 0.02376796012603027
 0.028803651484739266
 0.018533136759250494
 0.022776393503838498
 0.01927036746985908
 0.03589644074894326
 0.04036305764978374
 0.0316072247100463
 0.02370114206358575
-0.004967995397108915
-0.020706779990467734
-0.02449026609917529
-0.03244171998123171
-0.029192413082648205
-0.017051238056467702
-0.0027120431618085244
-0.009795227565311837
-0.030774371528965488
-0.03135564812626099
-0.04372799502313862
-0.048025689580269405
-0.03160002225753347
-0.015266884806298103
 0.007455750781430024
 0.026200944371752306
 0.04580089939325201
 0.042869228351550805
 0.029870680016109815
 0.009596911974133678
-0.015924806301213117
-0.019714321948040625
-0.025664956671920692
-0.006054741369314649
 0.01994612008524592
 0.033848749627340885
 0.0553944671245591
 0.04471992008070774
 0.024274113331017425
 0.027364029662357268
 0.033488047042380883
 0.01566531968946079
-0.0002067242445669072
 0.010035556810845524
 0.018595978491821638
 0.026314731676685275
 0.02965058269162998
 0.012028648575278923
 0.0016820406235600572
 0.012658501985895606
-0.007762422731396802
-0.04706899854433381
-0.06348253588131231
-0.06873291834459877
-0.06922953341410905
-0.06782103654230574
-0.05330620178849836
-0.03932681864501773
-0.027070586344376
-0.004631991741804468
 0.008647940892327321
 0.015877909500271604
 0.021981302101924057
 0.026746594615128728
 0.03470223863525648
 0.03541914733375883
 0.02140816262583359
 0.018349795123825757
 0.019581774508364694
 0.00588627154706274
 0.0023760189574657795
 0.017071259022846584
 0.041577787233094965
 0.0481182088829931
 0.03260329323586765
 0.021143717881998803
-0.001731809709327912
-0.03105245465313986
-0.026799679740427226
-0.003553262032683579
 0.009385110353150254
 0.014983889148467959
 0.007470817265445844
-0.001637356532492663
 0.008974441036319957
 0.014901062389267175
 0.01007695056979542
 0.007385586542619626
-0.004228865886853242
-0.010131559892503708
-0.005375053515586476
-0.00673742151307337
-0.015952121847096518
-0.021986831523788962
-0.01552932767699281
-0.006580743639005237
-0.006569482785601436
-0.016204628918594102
-0.031031438584526904
-0.0468799038325939
-0.05280196426475971
-0.04021766607019169
-0.0323545779349795
-0.0353151254341764
-0.010602674676148054
 0.01228407267925508
 0.015439741978630052
 0.01836504724846645
-0.017825940586938156
-0.03865036785004498
-0.02057346909591455
-0.005423177440753876
 0.0056451714541820444
-0.007000515412736373
-0.00870996177152441
 0.0012158334585235108
 0.021992207436328227
 0.058313768248835954
 0.0621367148367314
 0.038165525463937804
 0.026169513180769002
 0.04291199869850898
 0.053899725375592955
 0.06286143642733116
 0.06364642682929963
 0.021044666117993042
-0.002453769634390268
 0.010613733461569502
 0.014081781455978945
 0.019301498832321407
 0.021034737765235734
 0.010366892759696069
 0.009658777364093155
 0.007689371963161697
-0.014101303745173927
-0.027075950680019664
-0.025775752990351793
-0.02910841917952136
-0.02202028299743527
-0.022955008859125825
-0.02533715502508282
-0.016078641687953744
-0.014531212603339828
-0.005723809298111505
-0.0033397815441495505
-0.003509746313688367
-0.011284029548001989
-0.03418387172972371
-0.037057609128981296
-0.03724411269269698
-0.03505320557920182
-0.025414987857658784
-0.029303609844437258
-0.03843974536714051
-0.030695817001099298
-0.017726327730782695
-0.02037955698661089
-0.018357832959122848
-0.017190748835678473
-0.004527955773941416
 0.02103485933066592
 0.03522586734626876
 0.05544603056058115
 0.07503705576075066
 0.06685505712554883
 0.039964920273912664
 0.04384189668319562
 0.05380062481236694
 0.04847896464544807
 0.05123492979578226
 0.025738077477008386
-0.010904388213153047
-0.021140719569843477
-0.028001735292145988
-0.03484167789412421
-0.030803614869573243
-0.0392471483520354
-0.04782501005534551
-0.03635008249315517
-0.019997398137959144
-0.004855815021643687
-0.016301377456944176
-0.04948003393872092
-0.06585980149682283
-0.05884580772309256
-0.032234866604531794
 0.0023377646068808147
 0.02777271965619928
 0.055995406173053174
 0.06131979075093252
 0.051619366597536555
 0.06343528072980552
 0.06285927296527202
 0.05595469587573256
 0.052680171938308144
 0.05387045904899838
 0.049940887116640964
 0.023911571329031055
 0.0016739634697234406
 0.011168944896982386
 0.03074221345291766
 0.011645128981933947
-0.017521236394002302
-0.02527410202564226
-0.02469669958955688
-0.033800581344760765
-0.07272181968554971
-0.09669833480920287
-0.08172083536456498
-0.06823132063980777
-0.050187610883833354
-0.03743048756494279
-0.044708929577180506
-0.05465560436633458
-0.05848584143760114
-0.04266032005773461
-0.037255321578515355
-0.04059084596700676
-0.02422113630923334
-0.0024390180346604484
 0.024757841705130776
 0.027019472165433017
 0.008300881439906748
 0.009669648864726812
 0.020139945584444503
 0.03516350464601056
 0.054556711885916404
 0.07072950636522508
 0.07075099340067448
 0.059609764037292796
 0.05140387867289687
 0.039198139510600534
 0.02859404554953443
 0.025825282015427192
 0.013343490896116625
-0.011109101203234288
-0.010395538835010588
 0.0005393257959843238
-0.00947351602292248
-0.016351618286756995
-0.008576435881242971
 0.0040625835802817105
 0.0036263125476612306
-0.006949929900935691
-0.015939794023214313
-0.028741475428654826
-0.03244205956632373
-0.022332403753593463
-0.010960195000404202
 0.005618035754047715
 0.01136207312579806
 0.0042509455655049076
-0.006252762623050078
-0.020279781324367682
-0.014816878235845557
-0.014157428869273977
-0.017680295623930833
-0.007475739445984098
-0.00448998107977325
 0.012668614364439574
 0.029999254780729543
 0.027336638617691887
 0.027437819940850875
 0.011944757590403962
-0.009175458003305945
-0.015493726875514443
-0.022157731989430718
-0.03011084671284521
-0.039052618620540776
-0.03751920234520377
-0.03296246417175386
-0.02764851421770327
-0.013731336663684913
 0.013109899358921304
 0.040937410669194006
 0.040947538652757194
 0.03547793509297114
 0.02230924798449834
 0.007300863479285187
 0.008474095151302223
 0.006718430156408714
 0.014063350382472264
 0.02858848123536622
 0.04361965615639898
 0.04885415907192061
 0.03826974704996623
 0.026726595256134158
 0.01635337970445967
 0.01956392144401089
 0.018636354521523343
-0.006212639549115616
-0.024212832243394718
-0.02322768955464694
-0.04436255383594779
-0.06708936432662588
-0.04952673461989678
-0.03184736166341504
-0.026327235129732392
-0.03368537893559141
-0.04112394483034595
-0.02249705104143232
-0.010962187309786958
-0.011418883520932345
 0.0066387524939647575
 0.02357666943597456
 0.010025777423448018
 0.004080155947868295
 0.010475218640470362
 0.009165985945496216
 0.020571989317401413
 0.032453242175567304
 0.03682191008521309
 0.03069728807331275
 0.031516666724339296
 0.03817017946141757
 0.028596609257624177
 0.01949304497514032
 0.012930027260571216
 0.013486763741564095
 0.017965312122074754
 0.02136055566347588
 0.023784612930322826
 0.025489363445264448
 0.019600753347484443
 0.002060709695919252
-0.015073101612786823
-0.02176136480201325
-0.018179228021561907
-0.028526993087754804
-0.035147477169579444
-0.02430664679788559
-0.021856484176525758
-0.036135853698044666
-0.052081937386637474
-0.04337621848051466
-0.023424726791426202
-0.016485381301346236
-0.017517381457700657
-0.024254616750436882
-0.0353220222517859
-0.029181297209026836
-0.012539791892982122
-0.0023734954244885877
 0.011711036256259142
 0.036814868911218185
 0.06170481948283997
 0.0552780969195503
 0.038738213388405045
 0.04923665639237033
 0.052508084273048254
 0.03605988216193436
 0.026826050024691198
 0.029226310252985343
 0.03605155086957372
 0.016265007314049052
-0.009207373614468566
-0.011130636451289502
-0.013234101128307668
-0.01809705215315397
-0.016562085486457698
-0.005143430722309434
 0.0016944076199576707
-0.0004894119889217814
-0.004222901048085278
-0.004513180735998577
-0.015545103592443224
-0.01679601666052495
-0.007788012451687458
-0.01946520583085291
-0.02866184494113564
-0.03270032389465492
-0.03287646767402854
-0.02710131631014123
-0.0189559313151651
-0.01888788100316892
-0.01415003491515707
-0.011749080888680078
-0.019580691725732104
-0.01252662136155955
-0.01126223446485852
-0.010205674203419904
-0.004922479896918607
 0.006514249434149284
 0.025912314037444022
 0.023956907563821076
 0.015459259067201041
 0.009313223319976397
 0.012148674477612779
 0.034239371050110906
 0.03773700470190748
 0.031214248251809427
 0.037299085642309854
 0.05185855668296071
 0.06246506383481522
 0.043635473915981896
 0.02244201497324009
 0.014030621782915585
 0.000959211736427535
-0.011528573260366663
-0.010105076768262309
-0.00239047202802702
-0.014242048178050875
-0.03287483478076504
-0.047516673689052484
-0.06253459648137552
-0.05236348649167279
-0.04169561890589826
-0.04166288521082929
-0.03179861232415376
-0.03030282116135284
-0.019196131427788723
-0.006574016830473812
-0.00872424958311941
-0.004566345113404869
 0.0069649384603171225
 0.019966172314108122
 0.013759290369191934
-0.005689766546253705
-0.01631134971536047
-0.018810496096973932
-0.019251953882611406
-0.02119551722142149
 0.002587512051335315
 0.0272324707581803
 0.0190452333299866
 0.010962086091281185
 0.009164174862101858
 0.01741263948943585
 0.029593799154305444
 0.041618664830275445
 0.054068028642658764
 0.05734214398054034
 0.057958053653040645
 0.049627339468878866
 0.044463492847234415
 0.04309113177899899
 0.028180572684837903
-0.0039860229515618325
-0.029275693275168747
-0.02617927481765866
-0.02161357943276643
-0.03521926291656072
-0.0483009282277434
-0.041482973555049416
-0.03627436620868459
-0.03650898340681357
-0.02780791359001338
-0.01651658008825119
-0.015685905803758154
-0.025372131223966487
-0.020710894786310243
 0.0009609832643490938
 0.008871467688556645
-0.008949223437321942
-0.01356294201998125
-0.00707060258339679
-0.007157542704920087
 0.006367856618654564
 0.01953447672662128
 0.023904837629601425
 0.023900759907617433
 0.02018613505271347
 0.0321824167198424
 0.05914417356723858
 0.06716288265406528
 0.049304697923585904
 0.023523387888680004
 0.011667650772340955
 0.010058372468225895
-0.007964665922074362
-0.026713566922091207
-0.0433274564087909
-0.05394671714143575
-0.050228659612469265
-0.0541411911546478
-0.04664710578461706
-0.021370471642512413
-0.009436717285521532
-0.009844929381920565
-0.013683538319762028
-0.014802138239438652
-0.004377309578271234
 0.008274159104361726
 0.01261672403795214
 0.004162164451785376
 0.01053042660155879
 0.03043953610048221
 0.01597917287733284
-0.005434609266695847
-0.010310939624615097
-0.013760107531667806
-0.000254527760537876
 0.022689649615621647
 0.028546998139368684
 0.016864167369622252
 0.013052246403527715
 0.022612108442966645
 0.014269339394784223
-0.012969322192177599
-0.021198014077680037
-0.01037781754670227
-0.007012969254992725
-0.011124696956194514
-0.008241868556480398
 0.012153856979877099
 0.029060138033199366
 0.0228240478070284
 0.008518647871572863
-0.010038922854496665
-0.03283769474231604
-0.04257498710278392
-0.026354045471531858
-0.009399111112740431
-0.010614186473556799
-0.004477398144457353
-3.139162783529759e-05
 0.00035371494247352
 0.010961134798503648
 0.01822729192133994
 0.01281027180002043
-0.0003639638663568595
 0.002403792631119748
 0.011378017934662376
 0.021258867085256303
 0.02964524079454663
 0.02970833956230958
 0.03208385432552912
 0.020216266382535524
 0.003949370271445052
-0.005770365689714537
-0.006968783268651501
 0.0007214704551124278
 0.005491786834683019
 0.007296330011144366
 0.0015381768778410347
-0.007189092948651111
-0.021822012745174667
-0.030851683602010408
-0.020722182256576953
-0.015373946224914089
-0.017249935035057163
-0.015392475231602039
-0.01804163125263705
-0.028465548173049277
-0.03650412997362082
-0.031489736776768175
-0.018806490399053733
-0.00612545110263685
 0.009258740033149417
 0.01434680350427465
 0.0026189491701843724
-0.00041180914788906754
 0.010274799845452534
 0.017437416415449318
 0.005574065138804181
-0.014928952652804516
-0.0038591616225192057
 0.013053363000453691
 0.007910356768634615
 0.009036240125711944
 0.010174529972332485
-0.005040066529787755
-0.022014333685916453
-0.02755347992613662
-0.021393210054414
-0.0067527315970701595
 0.0008731384854208584
 0.003997439720231116
 0.0009131333540336787
-0.01141384842252442
-0.011056326334330773
 0.0027654772600316283
 0.014198209606878367
 0.018796464480744256
 0.022922278024134806
 0.026914578796116178
 0.02589884892253483
 0.0175714451043856
 0.014163221125450615
 0.0202556042874614
 0.020865274445462312
 0.0037161135138360202
-0.01578180578192962
-0.015426041677892029
-0.010275659337729105
-0.008710828531970437
-0.003615104183196226
-0.003827739127230791
-0.01021886517796675
-0.016460298905387617
-0.01469005850998301
-0.0017082806293215284
 0.008231913059972744
 0.00891106622557573
-0.0020362286837064527
-0.010992596636079462
-0.015587343846530101
-0.024234703548099347
-0.008739583235393953
-0.000869347302741204
-0.013466380989327103
 0.0007491163458212369
 0.016938140803812667
 0.025630213704133036
 0.020095865819427017
-0.000976836477428965
-0.0037984498443825957
-0.0031074715894763853
 0.00324824685736838
 0.011023478382707097
 0.014292932434824424
 0.020540234930488066
 0.020821549661453848
 0.030765450205983313
 0.024801726126774285
 0.0063093688615199995
 0.007989956586191286
 0.02016970993555532
 0.03442740392960449
 0.02589089953242591
 0.008368863410785632
 0.006280992622867347
 0.008357716450187926
 0.013586086074647582
 0.021145278421660023
 0.01150863853158876
 7.025265989502194e-05
 0.00791472769743874
 0.009908722266729725
 0.002387087666901098
-0.020731585500204625
-0.0358449721061086
-0.021932078410160177
-0.014617566466701546
-0.009668109061726144
-0.017083963199912056
-0.02139303792944902
-0.009199893635484659
-0.02108214062033491
-0.02061731090249719
-0.020494335236739387
-0.03133435528318865
-0.013089054811690704
-0.009024683008023351
-0.012711850588450629
-0.0044825749915247525
 0.00154966504964941
 0.017023158087154884
 0.022803677670593322
 0.02299154650732337
 0.02395552122981285
 0.010910121956266311
 0.009379628799211852
 0.011375451985502539
 0.00963508658189761
 0.01366710627114997
 0.005593682745409989
-0.007819717922191428
-0.009929521967385026
-0.010024111428468882
-0.01619461540784135
-0.00921858916518912
-0.00611015919436636
-0.006952303874016469
-0.00530543143392905
-0.01638913899747649
-0.011149707737843986
-0.008428179981444989
-0.0009517512510389359
 0.020091028890381783
 0.01944890297850051
 0.027625710098010976
 0.03552003669464831
 0.01613158512664298
-0.009509740721146392
-0.021813056041477305
-0.017350741934676242
-0.013756629038220409
-0.01338533996304919
-0.010311994902411787
 0.0006792002773119755
 0.0037383577992707836
-0.009693850677084167
-0.008021097214945665
-0.003591687290236698
-0.0011721384504484254
 0.01224503064975295
 0.020271824241732107
 0.0145247376697811
-0.001136340021785457
-0.015415408491877322
-0.02376369227762798
-0.027760314266175604
-0.027859290860928754
-0.018767651200997913
-0.011249986154940968
-0.004742895905607157
 0.01504453915192196
 0.028231064404563997
 0.024499656608932177
 0.027734126026567125
 0.0308359693343184
 0.02135755904364091
 0.01934892524594473
 0.01620367694155721
-0.0006853634268026755
-0.00941402789633545
-0.004623874629370762
-0.0049700331786160165
-0.0031958306017978487
-0.0010383847999979703
 0.0017830773937389385
 0.006931997300423634
-0.013086928997126383
-0.03587108247050879
-0.05303969894931567
-0.06052054230399861
-0.040805282269163135
-0.02447511431980315
-0.0028784103980417745
 0.008755335004778675
 0.013484715105663826
 0.029703913379058228
 0.020287530427166224
 0.013973845159902767
 0.01535602349554373
 0.01439812848034533
 0.023335731064819027
 0.03156032388453297
 0.039296862615472154
 0.028483262144384732
 0.014516461512872319
 0.014344898491605033
 0.014822461493567628
 0.02028691837362763
 0.014287173862480731
-0.005879859645890793
-0.025296985452951358
-0.045453990916433595
-0.045203217503474134
-0.034856324816827856
-0.03186516466838936
-0.02106318684826468
-0.022289639001647
-0.023398665548452192
-0.011594707729633365
-0.005617771877765856
 0.00902717358936683
 0.03867761380594935
 0.053236952567196176
 0.03806371389900053
 0.022489023231276314
 0.007817803959733121
-0.004190728157443785
-0.0058258153363222815
-0.012186126364694193
-0.021527235999136043
-0.023130847786418475
-0.004931205091921753
 0.0009088883336196521
-0.023571298241656696
-0.019446710060167117
 0.012421761707611698
 0.028466027905789473
 0.04053692956878459
 0.03398104011145063
 0.018772887616537764
 0.013115316962147372
 0.007056131957766949
 0.017617451844785113
 0.0067205735052240515
-0.019157855098910374
-0.024890177549280336
-0.021878478269905587
-0.011671117422812974
-0.017790762850539075
-0.019682756396911447
-0.01566668979234821
-0.024061479731940325
-0.008449141995556252
 0.005823843687302878
-0.001945822775245327
-0.006128608858555396
-0.0008516595106058649
 0.007750665450970939
-0.0007982407324739127
-0.0014007667114161856
 0.008612411357225848
-0.001708373139516264
 3.005806050677445e-06
 0.015744293455249577
 0.024054580280180066
 0.01801912485709359
 0.007021958153174726
 0.016709676478981215
 0.0305627770974754
 0.020708974290861566
-0.011557490119279062
-0.031432696894934366
-0.03477915231268896
-0.032620217873833596
-0.023575720283371827
-0.012027128615301034
 0.003766033712828991
 0.002364981675263161
-0.004284117031624895
-0.014214084530726999
-0.02655075401959572
-0.012086369319516085
 0.004812187586858026
 0.008572350380847065
 0.012087764175093474
 0.013736217846934804
 3.7424932664638174e-07
 0.0034300214524392017
 0.022401050615180662
 0.01480950885187977
 0.009657391964892636
 0.007716768405161724
-0.003143007737443807
-0.012952566227097938
-0.011764295806438703
 0.00936153467343767
 0.024929469476663156
 0.02599056043395546
 0.022790711706894208
 0.03852008577073419
 0.047480490447870116
 0.029060270774635875
 0.02561324350920319
 0.023954445078075277
 0.01528575140936366
 0.010396638381993515
 0.008147258631004985
-0.0006338647327352798
-0.018025920133925667
-0.018525093537291138
-0.02023472590730383
-0.04003485264931211
-0.04617246647671547
-0.04810677124316462
-0.054942276212610254
-0.057789081365743074
-0.05000338783968764
-0.00870191150105912
 0.0290914404699317
 0.044045885158999515
 0.04692698483144871
 0.03674935038596078
 0.022708467744171845
 0.016179642146340146
 0.016841432001319212
 0.01449671043197681
 0.02701117886545987
 0.03432764395107888
 0.020271874126269837
-0.005475305829018387
-0.022426647910128272
-0.021506715180480484
-0.030061327928150867
-0.035340626229604565
-0.029779587387011027
-0.02241517248626919
-0.02477142578585647
-0.022953576751947955
-0.014510424391461272
-0.02261328190993842
-0.022972914726732956
-0.012829836979564175
-0.007711681023916504
-0.005635317257400092
 0.0022519865072203158
 0.022461168362376244
 0.04097583424125607
 0.044119269529899544
 0.04772277538999515
 0.05509412730030234
 0.05403318548824901
 0.04381205103439691
 0.022750824124796242
 0.01443537170561677
 0.0072918460474569674
-0.0015886178746776743
 0.0011526436106038792
-0.010108065623523167
-0.003618637561888518
 0.0004718932847073572
-0.02839995266602325
-0.035436771700258794
-0.03953484258284157
-0.05263826915452171
-0.051581819710384794
-0.045834552750366755
-0.025608514334901387
-0.01324842697784601
-0.01777586181780064
-0.021581154536165444
-0.031022569680032724
-0.02833295561068433
-0.012480025798886117
-0.0051811617369311854
-0.0037739380640201795
 0.009943356634464377
 0.018561819378684348
 0.01175194479543115
 0.01891166351210313
 0.03150877464532832
 0.024549100150827147
 0.007664094811976934
 0.00997014393706552
 0.012045564726154178
 0.010382219498211425
 0.022194387983074666
 0.02565047401567751
 0.02835975731889763
 0.0234706870893467
 0.014625216296387586
 0.00834585314445696
 0.010493496621142096
 0.026307126238081763
 0.025621385828286384
 0.020755378219868562
 0.01146916414868197
-0.004496625283158402
-0.00971263307756241
 0.007545942197657225
 0.021543333242171784
 0.008166992431181627
-0.005075319168400206
-0.022004373664511325
-0.02494380074856021
-0.022895856441168295
-0.03257036645895796
-0.03377281109276188
-0.03196310372735725
-0.02708168488413925
-0.030713263353001903
-0.029012759619249817
-0.018502447566192078
-0.009281659168482075
-0.008974873001542573
-0.017478225777320267
-0.01973508631830905
-0.022934951735142425
-0.01958264588502339
-0.018913211682751077
-0.005322961095486419
 0.02087319428606047
 0.024737713686771433
 0.02245049236956203
 0.017625984593572303
 0.008682089111207648
-0.0016118603132208415
-0.006402311447621293
-0.004390296884932324
-0.014302451789220825
-0.019065169040551343
-0.0211287296750437
-0.02697804533182531
-0.01834593435272767
-0.008123850791647411
 0.0015200868058106423
 0.014818014504958715
 0.022416354634438373
 0.01729747327986894
 0.017278305899724317
 0.022238300300009305
 0.016373938375147654
 0.02937362962982672
 0.043636531147723874
 0.03758768155587854
 0.03108069024297998
 0.013691041327615684
-0.003526824711075103
-0.012241293200570354
-0.00734462635783574
 0.02236271342550703
 0.030390464788404802
 0.00698737974324478
 0.001021544250101998
 0.0074253536386450865
-0.0051985062013143145
-0.023645257205913688
-0.021310709104994763
-0.011549762381414058
-0.01172872769337428
-0.01756709685282935
-0.033711534683299474
-0.04518106113946536
-0.03240639635606013
-0.015332078592174784
-0.00860941768260876
 0.0024962262089370897
 0.01665646508116401
 0.023374544804528316
 0.018660886690525492
 0.013683886086554473
 0.017841243165722546
 0.012581988542925089
 0.001609913004466731
-0.005784026969162754
-0.007754740603495075
-0.01698039169642151
-0.02512364357375219
-0.01200172062003925
-0.009019541272429729
-0.009816468423656636
-0.0024104325427477687
 0.0003742052904882785
-0.002254500006595066
-0.01757164528235584
-0.014314494174678482
 0.007035920707610389
 0.01700392679654901
 0.026866652946341586
 0.028650510215719124
 0.02969428632136572
 0.030536947372364075
 0.024817177194728795
 0.03018829750936504
 0.030744884371565924
 0.021159337700400214
 0.003128808097659912
-0.014915902954092656
-0.0216392032847047
-0.0255951002319741
-0.02239711167193807
-0.024030189508531054
-0.03171066127978189
-0.02907824566057558
-0.02144890365787759
-0.02059281932124915
-0.02856182966304217
-0.02540777279281815
-0.01771504903093536
-0.027605472194574376
-0.034485436281771156
-0.02384939373472486
-0.008489851241021551
 0.009649097881033252
 0.035682461229807304
 0.04973177393114853
 0.040305521886476174
 0.028725978787671913
 0.026907878604801854
 0.027941539876525597
 0.02742999371539252
 0.025339668529032286
 0.013531706874125112
-0.0007267698966036678
 0.000994176679966583
 0.006900309715195641
 0.007451212452632663
 0.003154281964477998
-0.008941122162290111
-0.014139203480317105
-0.0034123446808863225
 0.008895176083903028
-0.00012006789964565132
-0.012953184900932444
-0.014476676947845504
-0.020055217798995505
-0.026353638773063008
-0.01654510547768003
 0.005240644816553706
 0.0020885466281927167
-0.012581990460078598
-0.009908379418902642
-0.0008427665979942298
 0.004533974132923561
 0.00238831965215001
-0.007278527496593552
-0.01580743024666588
-0.0012410911440393154
 0.022914313441569297
 0.028761959534852364
 0.028959370966889744
 0.029921378157352685
 0.02141625534087275
 0.01376738705630698
 0.012517000974341904
 0.0013331273546437377
-0.0028076118551807845
 0.0162893616806239
 0.022521680117053272
 0.01467603201831536
 0.01395771185467472
 0.010957384201623292
 0.003166819578353073
-0.007257988674854127
-0.015766981297848263
-0.016545539546249474
-0.020656401534294586
-0.03124806552998014
-0.035922615666001925
-0.02655400953216745
-0.003915066271849599
 0.013398475548375786
 0.021616467173396
 0.017265167091700104
 0.004454892006093162
 0.007316976414481573
 0.006105211649246776
 0.011580083930067313
 0.02458920664693125
 0.017789006228599663
 0.02079404152511113
 0.020621713058889025
 0.012944696904716746
 0.005595483498298358
-0.0053569891896159015
-0.0030501913163749946
-0.0019166173870693237
-0.0009316269454751621
 0.00035935376649361774
-0.007604451782388174
-0.02162138393917772
-0.03030328549216723
-0.03465728485161106
-0.03692939432292528
-0.03480302726084199
-0.033884011316610674
-0.02542955198475493
-0.009244518130336143
-0.0003564887375978151
-0.01787769269096147
-0.028697896819433823
-0.009600890650441823
 0.006441151980597711
 0.006693126388390206
-0.0007001412876885152
-0.0010354277424922767
 0.004399017019391563
 0.010456845208491274
 0.009575474233737051
 0.012259606553197112
 0.022381313739005676
 0.01870461403472782
 0.010335644409068595
 0.0044535294203889965
-5.4258405161589494e-05
-0.007674739020495357
-0.008427135867515794
 0.0018428038901320265
 0.01416803314529758
 0.01961455583304097
 0.008024195610231965
-0.003324535590493245
-0.014768052189335508
-0.012495214390677373
-0.002755149717715198
-0.003076031678258098
 4.190820354212052e-06
 0.0017475134902498529
 0.013292071804041641
 0.021045485062544826
 0.00693653942284234
-0.005350132758789503
-0.004424025497572733
 0.0019995015294231107
 0.013263855346339977
 0.01603851055265512
 0.007712551730546771
 0.0026482492155339063
-0.0033457863458112216
-0.002118795907283138
-0.005038378107694157
-0.005742545372337971
 0.0013401033125183582
-0.008001005077786505
-0.012317044298775677
-0.005625589344343398
 0.009411638333531666
 0.020045533841431974
 0.01710280113105095
 0.013395026981933494
 0.009704276507460585
 0.001209709646336457
-0.017708537949964343
-0.0200025647359256
-0.015113264009836418
-0.02314931395512318
-0.023701990879145377
-0.018589466134204095
-0.02388893680431483
-0.027255024060046526
-0.018764717026221636
-0.013685111729234116
-0.0053012997011588495
 0.013841506523623428
 0.031581048489238324
 0.03531810150918642
 0.0318105112620163
 0.027479199935523505
 0.024641902485645573
 0.018686221708028666
 0.006969880247929205
 0.0031098425832763754
-0.011974531737207196
-0.0251018990994258
-0.018466426882463784
-0.00910420744595874
-0.0018193014726255706
-0.00011866401300731769
 0.006701562742981666
 0.003951255921132408
-0.009944510902540097
-0.016734770945574316
-0.01528952403618273
-0.002119021947933044
 0.008358539937523845
 0.008183282624317499
 0.010254110935072148
 0.022989264281483734
 0.025913701166290007
 0.007899840924143713
-0.008173192188538543
-0.011962798407298502
-0.005604202534503233
 0.002854279126923446
 0.0042226779923939094
 0.002661978976949574
 0.0025387794364883825
 0.0035200880834454465
 0.0103585966541446
 0.01897706928859499
 0.013072952067100409
 0.005130570685798476
 0.005641995500953224
-4.76896686623408e-05
-0.009383659810167973
-0.012515573923901638
-0.006828751611989383
 0.0024299955601023468
 0.0007933779122024536
-0.019343454299065508
-0.03463682993825105
-0.03134736887625891
-0.031257472003892894
-0.031527073985349874
-0.013921101255064017
-0.00186554161984938
-0.007227678985115108
-0.0050314595406422335
 0.0041574899225416085
 0.010607755540270195
 0.00997387190383186
 0.012530781477352955
 0.021715146589892764
 0.020015637857838896
 0.011865903780769436
 0.011818670086969272
 0.015092380726858302
 0.008721930343563134
 0.008858989152008334
 0.008261363165720322
 0.005432845952753707
 0.011990975979361582
 0.014564584814956292
 0.014198805574499195
 0.016482770711872465
 0.027721454333291737
 0.030168750349218322
 0.025276813887713755
 0.009030818166371602
-0.006233469423801912
 0.0004584496291984756
-0.003702630800554717
-0.004463381854140831
-0.0021417505585172698
-0.007569972167978568
-0.01214738080740647
-0.025306782601259275
-0.033535162988214476
-0.03468799179849421
-0.03469733890717348
-0.03451042581783838
-0.03438714501910576
-0.02584300357136821
-0.01840655794945862
-0.015606111197151544
-0.005786121563445969
-0.0012709457466293032
-0.0035784334073911146
-0.0027952560838626775
 0.0008502025610891526
 0.0008504997213742557
-0.0036209052471689674
 0.00046197454792345214
 0.0013069206441898233
 0.0006962699222340693
 0.007986818483974268
 0.016137001527630635
 0.02074312365740744
 0.015578897030108537
 0.014844364763922067
 0.01798368994448238
 0.01710374748141837
 0.01789812934337804
 0.02574269810515815
 0.041588509884060904
 0.04818718867417716
 0.04252012917703777
 0.026990088650919664
 0.006499628672727661
-0.003923171889877337
-0.008975354353236079
-0.01399570691777961
-0.015641785954488768
-0.015049556583728578
-0.023389131894309353
-0.03120790000961095
-0.02561825988366641
-0.024911072583655755
-0.029248178866582212
-0.029073426559363475
-0.02112423087485414
-0.014189926519537897
-0.020830440321424504
-0.03057187741369021
-0.02580471948202283
-0.010056366343579547
 0.0007044161434684071
 0.013243276872272992
 0.015827297218616962
 0.0027336684463960233
-0.005302052524745551
-0.0023033268191294236
-5.104149271506916e-05
-0.0027580464124552766
 0.011042708802783532
 0.02129418533766612
 0.019000458500945255
 0.015008645541003361
 0.013467310863771521
 0.023990203491347
 0.031159666829264816
 0.04329493401298334
 0.04783292358299924
 0.04435344776866688
 0.05125131962894377
 0.04660987550514823
 0.03605049523676
 0.026122345836943957
 0.011295761423354549
-0.005934748995092273
-0.022895187018864963
-0.04255801306395835
-0.06017453651686352
-0.052074698064720475
-0.03647651922769251
-0.023423811360884197
-0.00998224930029415
-0.010942444204246704
-0.013075077504852721
-0.01844119420481873
-0.026150481286398086
-0.025029277949517415
-0.01756826561318767
-0.004925690517622563
 0.00999273367075508
 0.016225012648545267
 0.013104153822590706
 0.014271318353060449
 0.004798958645618837
-0.0052640055960006295
-0.009956045575048705
-0.028055277298811358
-0.026895242981222388
-0.01588121195006911
-0.014808317254492713
-0.003370523477091243
 0.007206935974357418
 0.009978074611965428
 0.016659149483630103
 0.03264851832588776
 0.03783904337992081
 0.03335124457707825
 0.027765863208503338
 0.012196450509039653
 0.002879190177802007
-0.0038945209975728076
-0.004057629057433636
 0.0011775480264378832
-0.0035642247146644383
-0.001040058977892192
-0.0007122522154640398
-0.007662902465114794
-0.01227456346509457
-0.015773513438414846
-0.009022745829302013
 0.006370576330310799
 0.027766731016935012
 0.04075766391412769
 0.03431385248377709
 0.018084734821917085
 0.005870470725010212
 0.005956068601214756
 0.0070926578924978174
 0.0037969051780419607
-0.003914753979252409
-0.015164918837901347
-0.0335235954131211
-0.046066776437599086
-0.0362240902539337
-0.016954227169553658
-0.007690493344828196
-0.011332268227050654
-0.00495451789440244
 0.0025638460806771653
-0.005364686198618081
-0.005628982312609197
-0.00024816468467284033
-0.007142784487970504
-0.0036559987202508964
 0.013400940540912664
 0.026132577122780148
 0.02882877172214348
 0.01850807529775447
 0.00815244366666222
 0.00012945910493257227
 0.004033434368477482
 0.012837662440714808
 0.006476712658536191
-0.005005805368355237
-0.01679599224366545
-0.031606417427078565
-0.03979201680870017
-0.043070895315771594
-0.0452446943669437
-0.04000732867793934
-0.03923205260826552
-0.02873270494320829
-0.009343227323865149
 0.005934016431843153
 0.025636175485291953
 0.02856477321341271
 0.019201675062706664
 0.015825251888713365
 0.016604317519988337
 0.013997273002722141
 0.009231903951742015
 0.015503176421612756
 0.024682875818961305
 0.02312971190071161
 0.018504914773157417
 0.017663130788124776
 0.015590748072955503
 0.02000230879061601
 0.027227670457421752
 0.031817292713812756
 0.029220812379294647
 0.018456406623459758
 0.01565615627336571
 0.00835546598965623
-0.006065676931349961
-0.01062718773399164
-0.013550376457820805
-0.02177458731159307
-0.02403378429506023
-0.019156986186588537
-0.01260354479192859
-0.011169338574207906
-0.014661989750740444
-0.012813020072042757
-0.0077994341589303785
-0.0023640110105686675
-0.0032767935368111047
-0.01077086891777814
-0.01619206313560207
-0.02770827010448219
-0.03444548634122999
-0.01841250846962113
-0.004328318900863932
 0.0019029264406166706
 0.008447457230175147
 0.010703684011049121
 0.015260502975849301
 0.009481588839399292
-0.00036716575781377156
 0.0028274213124697793
 0.00988423303686794
 0.006702740522755972
 0.0031737118583681067
 0.013748384658291223
 0.023193914571217042
 0.03063572699735621
 0.024938413923466768
 0.008561011378129781
 0.0005687980332213453
-0.010149668973908394
-0.020680071485580327
-0.014526317693777786
 0.010479588315451618
 0.022723488150828874
 0.01348673367429598
 0.012578979901882394
 0.013828779684950023
 0.0042590875910377395
-0.0004977070269244206
 0.0005818633754745282
 0.0013907042518560876
-0.008129202367067335
-0.02003511461163852
-0.014126935121959453
-0.013507499978156942
-0.017771247418882596
-0.0190084320614867
-0.019195727825964164
-0.011014714905589768
-0.005517361041084353
 0.0020994332767876106
 0.005787778322091443
 0.006132549467286137
 0.008750753466666457
 0.0027944828100735274
-0.0034902732384585757
-0.0019129565382294124
 0.0013285942013729712
-0.00641409011910752
-0.016158264197838505
-0.02000049736055875
-0.013022981933330121
-0.010283365373458217
-0.01034733954578313
 0.004954619005817196
-0.001838366291447091
-0.01649224600992359
-0.0194142782562968
-0.016096339915856663
 0.006810072956753344
 0.02263454838420348
 0.024536297819586668
 0.03041967566845037
 0.03420098327869502
 0.02525128732708494
 0.010599081282063213
 0.009324621119592036
 0.020528556386011056
 0.025398358555786926
 0.025008102081950208
 0.021412115256107502
 0.012899480262287896
 0.00898111153511235
-0.004161437801913558
-0.01696409233531757
-0.00945845820379641
-0.009681571272242982
-0.012610220883437821
-0.007228653002339192
-0.008289449166635045
-0.005697340082346919
 0.0009704645671605263
 0.005026142730217999
 0.007205496633243205
 0.012861167948405323
 0.014236117415880425
 0.003066209486818138
 0.003697239063526598
 0.015998535104729934
 0.013418269850720586
-0.00041057422913178633
-0.003971695937892627
-0.004600582815608586
-0.024495208577187785
-0.0415634551146082
-0.03610390178466567
-0.01870185708444556
-0.0010256904730770841
-0.004932734624664902
-0.02145176262391228
-0.025250028839742974
-0.021444360824951703
-0.016455057528465707
-0.010496229355362617
-0.0031344605969293765
 0.013117283430649175
 0.026301856606973678
 0.022694473215718113
 0.012890502577746163
 0.012889684484555387
 0.019467354654375973
 0.02056363373866785
 0.021452523148670233
 0.016919128624237934
 0.006153709870407772
-0.006585633151811198
-0.015195975957973404
-0.015410364954834721
-0.014334844649406372
-0.005940602220629887
 0.004368366139705311
 0.004201856338247539
-0.007864441515186784
-0.01613924764306983
-0.02182576748892821
-0.029976915130627228
-0.024359474943708506
-0.02214985119366816
-0.027294878689085703
-0.025267591592497324
-0.02462367248775917
-0.023465481536505198
-0.021656461471718298
-0.015011823659113585
-0.0010396226347666193
 0.0038734055052515788
 0.008819407126191342
 0.015165744528902276
 0.01290676632542427
 0.020172692356437864
 0.02734802197454974
 0.028853485427583845
 0.03588542049827881
 0.034898678583744
 0.03199682591826682
 0.028030330351704408
 0.020742118378345168
 0.016579750293820673
 0.01286865828682441
 0.01286029750615123
 0.016828124280376916
 0.02160295239710188
 0.01961969064108746
 0.014993906749552071
 0.0077612109257150855
-0.008044037755386943
-0.020410255414266002
-0.024285131178758527
-0.028424932420291458
-0.030235023990365952
-0.02093581805651839
-0.014079792412624975
-0.01426922184665492
-0.015428146062160232
-0.028129889497831934
-0.04242832181691395
-0.03578739786541357
-0.027176513339130532
-0.02886113461341057
-0.022098736047961046
-0.015422229838542047
-0.007800610906659971
 0.008750847141765446
 0.023988798546468588
 0.03210989681674275
 0.02835325499117524
 0.019205656643459013
 0.01748107658305855
 0.012938973827215894
 0.014513121677822004
 0.03702068936053348
 0.0414326322575232
 0.01997323992838373
-0.009416620091468994
-0.019395553082638406
-0.006847753205054817
 0.0006871567249591218
 0.005892280368232588
 0.003904460623972244
-0.0022481613479303584
-0.009113125830260724
-0.010638960262568699
-0.013848802349302768
-0.014615681215681518
-0.006971756148946209
-0.002477898118376494
 0.008142755914785207
 0.008519567675647018
 0.004215167086135187
-0.003864482616189288
-0.010567485683285275
-0.0027619134691979335
-0.011172298693428114
-0.011989914074106219
 0.00831748181250025
 0.02451242742989238
 0.025629835228279503
 0.015559769379831478
 0.012466218236805935
 0.001779702308975826
-0.007133707446881916
-0.01000207278660151
-0.01346440796384702
-0.0051819279138728535
-0.0018419140654887306
-0.003945347402836448
-0.006270933942300029
-0.0008303550102363406
-0.0026460053269793415
-0.0061103045620502505
 0.012032587476337252
 0.0167584765542376
 0.012869429796154394
 0.006788985568629835
-0.0019545509313548043
 0.004383238929434023
 0.010456714595032413
 0.01096845381527909
 0.005944771284574364
-0.004162494768629295
-0.008001664955092162
-0.013335626921034365
-0.016486286327439394
-0.013804767639983936
-0.01671041877141811
-0.014466041238737412
-0.014034422629710322
-0.012420343643014723
-0.006359334838657202
-0.015124714799931238
-0.01089352303466058
 0.0007765558458097524
-0.006642497861436832
-0.002198484374379543
 0.003100420812746501
-0.0027813483331781013
 0.005874720747121511
 0.01595354012774438
 0.013371602710285625
 0.012797543111132185
 0.0245778728552853
 0.03102985212331887
 0.01852568370930069
 0.007469095250778375
 0.007382017451424667
 0.004184684841488466
 0.0005883041418455262
-0.004492144163649702
-0.017135851426031967
-0.02772040305268906
-0.030530120427088286
-0.03336157784390792
-0.033135051734878844
-0.02069462686232549
-0.0038472229940208005
 0.00923813210038066
 0.011833216142845122
 0.010666156777525472
 0.0008912786620224089
-0.01340706977941421
-0.01223385066428077
-0.007998168935339592
 0.0037900304361972335
 0.018906280636739308
 0.013941993054503147
 0.013802236342398784
 0.02020215901087299
 0.0177938149781862
 0.02302084307520126
 0.019429229764229228
 0.005749552628956904
 0.006236343322249186
 0.007065692254537614
-0.004132513545575276
-0.005401706992037761
 0.0036196901809660933
 0.005889171042026975
 0.006744370688839075
 0.007231694998832092
 0.003056148540401516
-0.008159321011322891
-0.01267454056796663
-0.014588697589646383
-0.013478451082699041
-0.0005052109197503497
-0.0037982627484748222
-0.0074428991667330885
-0.0038759120062134118
-0.003945794370927126
 0.003210238496149772
 0.007364192787997616
 0.005867096373657284
-0.004261767653425433
-0.003903484560402827
 0.0039023073360278174
 0.0024751975535869655
 4.72205199362885e-05
-0.00637235424740734
-0.005903436730763579
-0.008471492766404522
-0.010141121096903433
-0.013325670720048255
-0.028344418046581055
-0.03589069912134137
-0.03546614487573266
-0.026859601029984633
-0.02102334024208148
-0.016055658823690682
-0.010020454112040873
-0.0026015401227178197
 0.00859465325790674
 0.019587736834852165
 0.034834446364319635
 0.030444348169597516
 0.022768927750777043
 0.030802476802460836
 0.027236950528181644
 0.016495543246047736
 0.014189608947807752
 0.009872342733107001
 0.004874704961223835
 0.009651625781251031
 0.00840308035102478
-0.0011675221932272949
-0.006909450671550463
-0.0009501180832156464
 0.006412830013040055
 0.005614032103433833
 0.0073918459718538155
 0.004306054251162519
-0.005426756239816524
-0.015131090732761865
-0.02024659307638438
-0.015590343197398696
-0.009734230688782809
-0.007033217590002799
-0.0004518935467318347
 0.0007551711116826047
-0.015120343840389861
-0.02500111214943669
-0.018160937579895245
-0.009204905876537337
-0.0033969460400809395
 0.005967910751110695
 0.013475574537402217
 0.011757377803952864
 0.012732038683539915
 0.0077803872287331485
 0.0002501902480244653
-0.005980970096360909
-0.012631488907389028
-0.011420793056940383
-0.0109471272014004
-0.011614752611284695
-0.007227543263815894
 0.0077110299231715074
 0.01736203583474011
 0.01894835282887995
 0.015938956173936748
 0.010879658649609453
 0.008431220352519177
-0.00342459656563168
-0.010417863040732793
-0.005815685486033158
 0.0063084668898985815
 0.014943436585674335
 0.022850624336482113
 0.03527382570992751
 0.038604933609897724
 0.0325040020203789
 0.01240704129396895
 0.0029455575833093714
 0.0059031263496388065
-0.0017578213475949362
-0.006167090217096879
-0.007959099504621299
-0.00983121113610131
-0.011544184756463951
-0.005072880759142014
 0.0025903784300033983
-0.0030811649355794936
-0.003302279817541012
-0.0009270442447977613
 0.006281884752439164
 0.005278560218961663
-0.008427398678082964
-0.015438792066573552
-0.023879840432089725
-0.019450748241663155
-0.013250350353101882
-0.014419813393589916
-0.0064719429660498855
-0.005460144360615731
-0.0092458847829844
-0.002340901689965788
 1.2567262344446104e-05
-0.0029466348223194726
-0.0015238204748952388
 0.00024438249418815396
 0.003066166953161936
-0.004942758089686513
-0.012122075958793822
-0.008517019058953315
-0.0050891247132670925
-0.0029764911488545623
-0.007839604482592227
-0.0074269112414371745
-0.0013326911127667209
 0.004015798039694532
 0.008738609785132917
 0.011934282460465753
 0.019852968475437806
 0.027597028059906232
 0.02914847103711845
 0.025886591566948752
 0.02376107174582992
 0.024636495109850814
 0.027063555128562344
 0.02642729805761535
 0.019468837874815625
 0.00752494350975904
 0.00027749632086033305
-0.002357096775370878
-0.00820192939137803
-0.016018347025435774
-0.023828273372927727
-0.02409178435797004
-0.018422885752651386
-0.01755963682714266
-0.023335059765278693
-0.02494911016558262
-0.014755002894273095
 0.00025606109645368475
 0.00403972854511355
 0.0027899700491580215
 0.009440545786436175
 0.018686414211504982
 0.028887424363895103
 0.03386792287794756
 0.024399552276492237
 0.008456245286185854
 0.006740570116486927
 0.01415302911853031
 0.012711648228472937
 0.0045319118765527215
 0.00032807263129911487
-0.000989704631452063
-0.005635765992987124
-0.0026439186077990163
 0.0004909849568085757
-0.008894360878130047
-0.011487943124245495
-0.00691247287852848
-0.006758475227361855
-0.010529571264865695
-0.01820924570921329
-0.013933862744488582
-0.0034777849343986707
-0.007602086672016903
-0.013019646760731982
-0.013529121699832966
-0.009210864471670265
-0.00257741368608585
-0.0042800010866159985
-0.0022020994267478206
 0.0039793865590834025
 0.010855745935812698
 0.020975927777598186
 0.025342457614430776
 0.026293102932187902
 0.024893889921367783
 0.01956476098564043
 0.019530408690868712
 0.02058421804847903
 0.017167634794681873
 0.009808326904678859
-0.004868751269257792
-0.008848719684171502
-0.0062269092845029855
-0.01333697290020339
-0.018740480728160102
-0.017736221926800983
-0.01389584035567653
-0.014678347385943761
-0.019555495715102615
-0.019180403637098425
-0.011748305918923632
-0.0074057357755921045
-0.020127508606925665
-0.033678509853441445
-0.030655230008717102
-0.030622347530378992
-0.027055270209280096
-0.01166255568224482
-0.008966874882220645
-0.010778388791769311
 0.0005838386938709384
 0.013792146012745773
 0.011209657466051017
 0.0033051688158984016
-2.466327988310679e-05
-0.008851629828044319
-0.009534624189047637
 0.003947166244309414
 0.012132031768614689
 0.010616068807426523
 0.015121564896531181
 0.02601908499359682
 0.03517345980449019
 0.035499689986585814
 0.027511665777599757
 0.023627924602609415
 0.01908999527395017
 0.010367380121564941
-0.005909942404547056
-0.02295146075447718
-0.03164970253108366
-0.03521632465794736
-0.031429546924029085
-0.026757596706928424
-0.028721159505677194
-0.02813011592438296
-0.01779507541598807
-0.004669372997390889
 0.0030664588027130516
 0.001332072569855772
 0.006537335091696023
 0.016505957854920993
 0.01901701589887882
 0.023112971768500388
 0.019524283357027737
 0.007776057542561202
 0.003940870625580804
-0.0025478173800873227
-0.011086100147438716
-0.007861995109294216
-0.008708598458024285
-0.016623812242809625
-0.013782529467980443
 0.008914757647391684
 0.018375088019959667
 0.013497249314044257
 0.016908309345466166
 0.012867661704430117
 0.016679528864376035
 0.022281464720981817
 0.02092916425843094
 0.013849884086457735
 0.006545281733445995
 0.010366972334670453
 0.006481689394084795
-0.0014113821288315872
-0.012601842625333393
-0.016313804085280728
-0.006715655773139359
-0.010040871015562234
-0.01934725579302582
-0.019983455855395984
-0.01918580703664689
-0.015786021247476956
-0.005551920684408981
 0.0022997374384954214
 0.0038277815522363818
-0.002931895696741861
-0.008388710125746546
-0.007187289714187418
-0.009184477921874653
-0.0014827794425705454
 0.010472372220970628
 0.012843691535550292
 0.014630794055553837
 0.009550061123811286
 0.0012703045395386487
-0.0006472934542691679
 0.0003591977762896663
 0.012379938925557818
 0.020698475135703432
 0.015902388633825145
 0.01914438910188849
 0.03206706575278258
 0.03579800144793471
 0.026011284645072394
 0.015581017379352307
-1.2019360540994349e-05
-0.00763940810550672
-0.0019564048762842367
-0.004761928765938464
-0.013099570408549378
-0.01711855417160933
-0.015555120172710483
-0.01846298550664367
-0.01780984813234836
-0.007235718974437387
-0.006126819938720784
-0.012544066889141257
-0.015865902223074452
-0.017411236160747873
-0.016714599003048863
-0.016934962263026175
-0.020522528867213116
-0.022561998813188665
-0.025237690576888207
-0.028429940071363093
-0.03406496690658891
-0.032873685798094035
-0.020064524861154006
-0.009072187392163323
 0.00558844935603213
 0.019491892524239007
 0.02915914149632115
 0.036826436392538825
 0.041125838307107365
 0.03489919995190361
 0.021787440825290737
 0.01642044316566265
 0.006677371311772036
 0.00371201156837897
 0.008292719639377706
 0.00463398494947658
 0.006610088734306832
 0.006895603485951053
 0.005272221058097749
 0.009042592084739837
 0.010800405676116984
 0.010844947219254051
-0.0023489259248720144
-0.0156586848737031
-0.015063040364220735
-0.011027686398606669
-0.0046100261925897485
-0.004982954532321067
-0.0052687210548860155
 0.001445985275558549
-0.0034972745864355133
-0.015708507316585282
-0.015615979502547417
-0.008596945732420659
-0.004465881774140559
-0.0018407165393023149
-0.0013874428044320338
-0.006533958396094463
-0.007581422254271835
 0.0006309125821681861
 0.007387622204633361
 0.007501243278310105
 0.003097487794730907
 0.007180281643824088
 0.013667229722453019
 0.011948617179537694
 0.013201834319888993
 0.012091215478318313
 0.010340199292953127
 0.016756667018246112
 0.012238213226627681
-0.0009308196865505749
-0.005638955604327943
-0.007674419176113988
-0.005614690698975161
 0.0009836791217229766
 0.0008116586829718065
-0.005576275497179535
-0.013063913696630727
-0.0221961854885052
-0.030462149072528283
-0.03184586589642296
-0.023284677743104783
-0.011029478467952927
-0.0033731629890236432
-0.001646670414100731
 0.00480745694069164
 0.01724230068020183
 0.018894139807047346
 0.0161386494752981
 0.015388411285017611
 0.011966589278215582
 0.01662881751932204
 0.02185002187873338
 0.019512356872135646
 0.01375684931240721
 0.004305388252870297
-0.0014047908034012589
 0.0028238323846298033
 0.006799957792880944
-0.00044355515528908865
-0.0025039018235968116
-0.002306286999772885
-0.011622941369243819
-0.012339300124619248
-0.011155978327003699
-0.018097523074305826
-0.020723193420050724
-0.014682218897440927
-0.004044213966395677
-0.000573337060980645
-0.002758493375362965
-0.00411807064890062
-0.008977264985824709
-0.010899971874577983
-0.001032815080764442
 0.015914507597627827
 0.02602350930478393
 0.025815858369105358
 0.021213913976052025
 0.009559491602809654
-0.005010081921697157
-0.0072109553671341736
 0.0008236638517582348
 0.005288210926888431
 0.004151288400498881
 0.0030975077102247343
-0.0033916570325787164
-0.012668732094698232
-0.01642372922460209
-0.01019306987527737
 0.008685655615992112
 0.022027716913826705
 0.025210893523514855
 0.025101223474469473
 0.02030920474687247
 0.01181852183091495
 0.0037298161154710797
-0.005859573324092179
-0.014327384989499996
-0.010872431705422354
-0.0022573553370957263
 0.00042510371476872416
-0.004369544610988666
-0.013576004735348415
-0.0178577707971506
-0.01359155489891476
-0.003911674547306583
 0.006432565591493738
 0.007081016595517161
 0.007282816872190811
 0.007107082309023252
-0.0008034086980080695
-0.0007127142009542255
 0.003847023933967873
 0.003913978469923972
 0.0034046921879792445
 0.010342063119192474
 0.016381706751098797
 0.008713542749392119
 0.0036177875182564286
 0.0030392928745187568
-0.0005063043656792127
-0.0016849282327662102
 0.0014702677884337574
 0.013002126367222061
 0.018250784994559933
 0.010510512547532828
 0.010182868099361647
 0.010582421998584952
 0.00100515589920755
-0.008235342887139898
-0.006812938703043877
 0.0019319554027685342
-0.0019002455257676337
-0.015519707962647348
-0.01933766230043849
-0.019060317300529216
-0.027483698282848107
-0.035870714680515045
-0.03904447480652738
-0.03150609124384932
-0.014594280861920375
-0.005089660560632898
 0.004536804598666702
 0.013738757317817185
 0.014920466210155607
 0.01230850749008154
 0.005243035019198918
 0.004250741366660539
 0.00974391860146509
 0.005939351458131925
 0.0021879879716118424
 0.005400717217848207
 0.0076268128496450975
 0.006279738694323551
-0.0036882853122019673
-0.007691862722191422
 0.0006234228763196808
 0.004304859758411649
 0.003161836018377795
 0.004070696403957676
 0.003211877938197631
-0.0013682320098790815
-0.006805153001548029
-0.008963991084096411
-0.006610447004245873
-0.005485486626104171
-0.015736605994998057
-0.02748119446440394
-0.028025170124023172
-0.023598605271279334
-0.01433817460781395
-0.011509855560099298
-0.010582673455922214
 0.001703017436525697
 0.008806461845766656
 0.005293523687921176
 0.0036209908557516242
 0.008411589823409626
 0.016902954591423196
 0.020695338959845298
 0.019323817350200143
 0.026477787762613184
 0.034877348578700035
 0.02976539747628854
 0.023024550157341513
 0.025495465413417177
 0.02098448038223759
 0.01224916513896416
 0.008265369756449042
 0.002796331018449393
 0.001736900805626292
 0.0006852780407392115
 0.005006387377594288
 0.00719610489666055
 0.000346288201815462
-0.0023810272255128653
-0.005413953709361639
-0.0034898895184318456
-0.004649284157475137
-0.013774737789344618
-0.022216091621470174
-0.02585167905681815
-0.02623602838752721
-0.02743397713146363
-0.022982895613600545
-0.017298887116397828
-0.010479251890383531
-0.011042987907130123
-0.013491275670656734
-0.008457891593376685
-0.011108003397387583
-0.012882502550357975
-0.0069589194346359184
-0.001392232800150219
 0.004057911115777468
 0.005690473026893989
 0.004969462667013886
 0.016915859598061217
 0.026426998201799935
 0.021312320921255873
 0.017745830949634476
 0.015886484989863347
 0.006060563320433812
-0.00014336614811598334
 0.0036212765903252007
 0.004760357153507329
 0.01225356533355942
 0.012796487300290196
 0.0074746900100391665
 0.01045816486538606
 0.005321904902107441
 0.0029397119540247826
 0.008479344155120696
 0.009393418660141739
-0.0003591968419132041
-0.007551556833773978
-0.00804993653470727
-0.014112071426117102
-0.018884564533301555
-0.009178800180191599
 0.007290254430368871
 0.009078212929365573
 0.005506412288967901
 0.0052015264582622915
 0.0008136640694259769
-0.009994777397064862
-0.01637119003608132
-0.013357226794302316
-0.015162985750792161
-0.018147901789855553
-0.02184576194432208
-0.024381265490685818
-0.018555697743985838
-0.016820998526912812
-0.016904229979876284
-0.007476005589795417
-0.0009488202351591377
-0.0012160138900776814
-8.661778275736552e-05
-0.0030598197092187173
-0.005996756097608309
-0.0009395502814984356
 0.008180446491969081
 0.019653879352232555
 0.025664589059964243
 0.024415123144339964
 0.029368596169146017
 0.031366796044479076
 0.02523370999434042
 0.02069278218974014
 0.014883210280265728
 0.016960223985226206
 0.02052857182412677
 0.013127469142586997
 0.007464790297113044
 0.005405696000622434
-0.0011461450913242731
-0.012192290437952646
-0.019915502058643494
-0.023248654521722267
-0.022208033166905585
-0.01893045027963204
-0.023451450697726767
-0.026211978540377816
-0.02360267141192876
-0.02618624088289867
-0.02385168139770814
-0.01266619832977321
-0.0025472497286667447
 0.001596975844445121
-0.0016060170885093857
-0.005966694496680143
-0.0034443997332382795
 0.011332240319257746
 0.030243977387704166
 0.04027274406400582
 0.042785628973146465
 0.03855554542165218
 0.030028534914535172
 0.019524895902713994
 0.00477297669681835
-0.0014868202794820198
-0.0022582181122435393
-0.013743916424609363
-0.025426186195759128
-0.03179495295494519
-0.03386477437323371
-0.030282877266176553
-0.026690039352202922
-0.019309190667849252
-0.014253813903250126
-0.009951550419894747
-0.00015991922571583837
 0.0019680781200064105
 0.0038318039908675702
 0.012252121361656884
 0.017841460482376236
 0.023740074270639875
 0.025033136273576232
 0.013960960735423038
 0.008030004511182659
 0.005727259522674022
 0.0008355778440215549
-0.0025469104041355444
-0.0071704484423526435
-0.00958526628167655
-0.009932908145991102
-0.0022434875613666994
 0.0031475124275264096
 0.003641917335444961
 0.006838302053805869
 0.011448052888592079
 0.015657722128247575
 0.00904449559747467
 0.005205648601695508
 0.007427086952821945
 0.005824362409545006
 0.004105931398458401
 0.002079226457851109
-0.0016188431606182318
-0.006087208857884285
-0.010220896551545143
-0.016088193238284122
-0.01813324975441607
-0.010627337748362078
 0.002316665529915305
 0.007810388569410279
 0.004950751671391075
-0.002421115248829457
-0.007672088168295136
 0.002421677613632816
 0.007014197993566596
 0.0005168215049196713
-0.0005054206634470265
 0.008302740168092177
 0.024661357977931248
 0.03493286641239746
 0.03766111709826901
 0.03286353956241956
 0.022208489813135314
 0.011145113446501743
 0.007599755221414221
 0.010942423872166304
 0.006179143873708096
-0.002120880551535915
-0.007229571424738828
-0.014227347018761476
-0.02359854380233178
-0.03473229469917512
-0.04408945361239405
-0.04725221121186005
-0.04997835848275781
-0.0537366008712094
-0.05973999266942957
-0.056425827310114716
-0.04134693144621402
-0.02582020256339188
-0.008121215449503285
 0.006567862076266037
 0.024340474924091433
 0.03851012033985662
 0.0468955667430277
 0.055036484275087075
 0.057645658302577514
 0.05952040758921602
 0.057301990861685775
 0.04971056653641839
 0.038462205492241316
 0.028568844849263305
 0.020080624945001423
 0.008584810180676505
-0.0029884796115920522
-0.010103684193215032
-0.0128714386032321
-0.014344057603000303
-0.013311213725140493
-0.014148711480957268
-0.01332221841223991
-0.013773736879200492
-0.026061182886675974
-0.04050913984725469
-0.048530598571151176
-0.04825700107716808
-0.04066233881398264
-0.032513155025340426
-0.029804922947932137
-0.02111288838349895
-0.0029681738013135504
 0.00744702269168362
 0.00980642858896509
 0.006523387626041521
 0.001576480056607251
 0.005298502525350352
 0.017116094927166786
 0.020260901058047925
 0.011386107354901526
 0.008267007395512038
 0.014626834621961519
 0.024542765970664033
 0.027839622012443194
 0.022683218788483752
 0.017536215271982104
 0.008616351553125887
-0.0056086881543412105
-0.010158195905740791
-0.004393941263043574
 0.0010497473236670463
-0.00038797521348851055
-0.005398410904902718
-0.006756015853375882
-0.014191649959943762
-0.020108694853559213
-0.01827261848325665
-0.017231979681033932
-0.011874405190504613
-0.013474433707144497
-0.019443395230659306
-0.014931544405853288
-0.007920973698352651
 0.0011141740509815069
 0.006764250616564273
 0.009207850105765095
 0.014306328780511877
 0.019566527499626896
 0.019752111042266284
 0.01866073918277716
 0.018134345512654478
 0.008682207349740113
 0.003795933310262812
 0.004105432442353458
 0.0059289691774545555
 0.0050009494648791415
-0.002237095368317838
-0.0031748302056294033
 0.0008824459138265109
 0.007380644260215321
 0.007342206841688777
 0.0050309807836936065
-0.0017907747682634355
-0.01857462876913001
-0.027722325604194846
-0.02442590982321897
-0.012083924606560872
 0.0022963739109872062
 0.015158429621886108
 0.014181495839623769
 0.002809439432774734
-0.004605152427466307
-0.012636356331434617
-0.011037853654441297
-0.0024004332728003283
-0.002636836573831785
-0.004155310965734137
 0.0025892731766098877
 0.012474439118557154
 0.024000098450963767
 0.03558002201912512
 0.04151967704481703
 0.037702044709320544
 0.024622674290832425
 0.014398744307017031
 0.009407224181079607
-0.0018206999481477839
-0.014743783920674651
-0.02044055880899485
-0.028349949603426385
-0.03301012238223372
-0.03151223733184503
-0.03282896933031946
-0.026733838552610845
-0.016915387287831738
-0.012078453938674271
-0.008853906803799775
-0.003052750788069983
 0.009369368976002069
 0.017350757808847758
 0.02180567420867596
 0.026157564905451652
 0.020432329268212396
 0.01352154316322084
 0.006579725724458924
-0.0027316900876842337
-0.007358270216569279
-0.006930456087166347
 0.002486059404000053
 0.008357394953424753
 0.002464995358514084
 0.0028859358661416762
 0.007716349000475834
 0.0069129095551562336
 0.0035807104920706845
 0.0022995860560077763
-0.0005728059015545744
-0.005155356840714492
-0.0007938599623592105
-0.0028325310504310128
-0.006267803724669935
-0.00262026052278285
-0.008507169378527106
-0.00890579668566474
-0.0028438034806000274
-0.004591425116172317
-0.00945013494220122
-0.003190781092858371
 0.008912460497557242
 0.011881680143028392
 0.016434356524461617
 0.019511490982898505
 0.014537883565369645
 0.011211516775520708
 0.009742177991585155
 0.0021430860542389065
-0.005830707735668543
-0.0023901961675457505
-0.0019482956288199643
-0.008945971677635957
-0.01131269730663013
-0.012687770785036544
-0.010518802073153404
-0.0128236387642268
-0.02038634257580982
-0.0175947861048173
-0.014387110050256613
-0.014160545946437472
-0.01088629364998685
 0.0020981569735694272
 0.01580249020633736
 0.01612302175013868
 0.02278244134511466
 0.03443109729431883
 0.027037224398721513
 0.015303242022895023
 0.018507324991715868
 0.016403695879862387
 0.005175131541014349
 0.0038294079385567193
 0.004118228101891995
 0.002735142685249791
 0.00208036629370831
-0.005628916282188845
-0.007480483044261001
-0.0038517701427646183
-0.0078871483189629
-0.01397811188162271
-0.015689451644121742
-0.009291440304309574
-0.004755773173419075
-0.007370820476595159
-0.00287471196478106
 0.0049790370770550815
 0.003017187615330506
 0.0022423534607536435
 0.0054830619144907574
-0.0025797895153108585
-0.009996181399248794
-0.00675946355151058
-0.003354211848236919
 0.0020673200374883823
 0.008217756686676937
 0.005127044230916081
-0.004599176061978798
-0.00912638240671636
-0.006987471379383125
 0.00133904995873828
 0.0062929380627330545
-0.0037532943565229265
-0.01345658385624327
-0.013414605552494374
-0.009249325531475786
-0.0036820668526649433
 0.0010282738188458448
 0.010420039955141036
 0.020747623367585087
 0.019651296915209997
 0.00916061216432265
 0.0010520008749340915
-0.0005712939740099487
-0.006336446335957438
-0.005483122841953962
 0.0045149752014929006
 0.0037496242577631906
-0.0012542082621402803
-0.0009813568341832482
-0.0004170285902770646
-0.007508657401295682
-0.013365671738876731
-0.011705063377407501
-0.010326647396591617
-0.012710508614967492
-0.017143752461599653
-0.014265417031273432
-0.011849415638450931
-0.009118262676550937
 0.0009426578886239834
 0.007486416060536319
 0.009688460515451578
 0.012516252172991155
 0.017449246147922776
 0.01744581680676387
 0.017889637232531293
 0.02138211268848112
 0.018594607827747467
 0.013549426058093544
 0.006644057748827268
-0.0007368512898375565
-0.00892364114116307
-0.016369505835406493
-0.016681120934476587
-0.02141489733932478
-0.028680255656656797
-0.02502347619301362
-0.017287080227520034
-0.009408628890726549
-0.0051486599020238765
 0.00046442556973952495
 0.008892838637885543
 0.01205524994622891
 0.01663386909673568
 0.016142367500999427
 0.01217392264276393
 0.014391139777118069
 0.01780314195371983
 0.018069438517899484
 0.0183570436668664
 0.012592372716345793
-0.002457291050995841
-0.011702588375608827
-0.016998423303867773
-0.020859052438280436
-0.022588907587235668
-0.030634166162316505
-0.0369698282299378
-0.03256465481164484
-0.03143456463255723
-0.02732049354226877
-0.016421214052006902
-0.012726753436592474
-0.007635259571719863
-0.0014537388418785731
 0.002458897065038203
 0.005725523504753552
 0.009363876625575194
 0.019647781156566995
 0.02849859119958938
 0.024507949145443506
 0.019805271494619758
 0.02478421159545075
 0.025758473422355994
 0.02074652433657559
 0.01617924726983277
 0.010075498522157774
 0.009186779884632791
 0.005200314405443444
-0.0029220650709596762
-0.010771390098336775
-0.011219166341975752
 0.0029758998093371686
 0.004302392027510388
 0.0031135307304169294
 0.00039904661194752983
-0.006980080930995763
-0.005764626413454301
-0.009944295323131581
-0.0056500639950274635
 0.004791437220174726
 0.010731983365278645
 0.01334362599625774
 0.010083107951869605
 0.007233505196882332
 0.005505279067132194
 0.0020886418008483018
-0.0007360576643645555
-0.005175894913696218
-0.01383522156189471
-0.016875978430808944
-0.01608434664091696
-0.015905278843136236
-0.013241805304877178
-0.013271914208596986
-0.017464667190766472
-0.013650290404114668
-0.0042765493518194244
-0.0004112178167772508
 0.0028421663385325823
 0.007068578815489691
 0.0014282833382430107
-0.008186537011691728
-0.01018324945490812
-0.006757479606846532
 0.0030582525236205528
 0.007601455783180188
 0.010080569290409926
 0.016289530208984986
 0.017271886142989416
 0.016397297823625246
 0.0176271855403354
 0.022810446867816945
 0.023964450135537385
 0.023103508573677375
 0.019738325546612936
 0.010522172879605317
 0.006101736681064538
 0.006205176039302229
 0.006202642264262368
 0.008432971056096047
 0.010236842223877074
 0.002439969528888096
-0.011065286299406592
-0.023026975985049387
-0.02666114042659428
-0.023689318215272735
-0.01964489314612069
-0.013071015721081134
-0.013281152753986305
-0.019084776370413822
-0.018395500840548248
-0.011724468492821435
-0.007034256867447758
-0.004628549718168602
 0.00014994259219205177
 0.005354540626402037
 0.008371573140603895
 0.0075217823370863105
 0.008187766239515315
 0.012175987076811267
 0.009487565587027052
 0.009585419318624869
 0.014290224149387906
 0.010268557436222831
 0.005972376108567625
 0.009445416140053838
 0.010771232516750016
 0.0009159611583835219
-0.00391354648271395
 0.002983697047264992
 0.005013065429989815
 0.00498872218540433
 0.005262937747637742
-0.0028152307570102537
-0.0072768246909633355
 0.0024185606750950603
 0.010057941229955342
 0.005747242587772784
 0.002073951452470731
 0.0007598282205137718
-0.001501865174961474
 0.0009484020474368973
 0.0029435275591407893
 0.004695104542516156
 0.006065545931915589
 0.0019569962444382044
-0.0035656934051030986
-0.0027181961707410723
 0.00686544496614959
 0.007364337016470901
 0.0043554607814704546
 0.012235204037476265
 0.009725858002945672
-0.0027176613478734407
-0.006428304428765892
-0.005429084155265247
-0.011335076349063635
-0.018561925345314284
-0.014311183310927072
-0.009901154052134549
-0.016684614168388113
-0.020898660918974316
-0.023013441263299836
-0.02379380158097239
-0.012687566056337593
-0.007357934489002533
-0.00593969963105
-0.00069837471934256
 0.0015956982657715773
 0.009042420536412427
 0.021001392287197017
 0.029118124817201076
 0.023420693156264872
 0.015091316521505258
 0.008422278647066411
-0.0003438799555058449
-0.0031598651315690317
-0.011932139646316002
-0.024293277159383453
-0.023152613784590197
-0.01571787737613515
-0.011073921872275383
-0.004667610947396273
-0.0002698660679375445
 0.0020128717068103557
 0.008797551795569979
 0.015128017492952336
 0.012388079973772564
 0.006335763293363641
 0.000792989833640883
-0.004269758967690357
-0.010360143158922948
-0.013330202351890637
-0.007297395748491231
-0.0038780056450179517
 0.006676801365180218
 0.013647800797312336
 0.010413582166822113
 0.007885101267046014
-0.0019628646941240776
-0.003681903426149096
-0.0021507852853216254
-0.0069847728482249054
-0.00719688596194315
-0.005840741400867917
-0.002877325267215126
 0.0026086060249697275
-0.0007173594477290039
-0.006198062330577784
-0.00863733480902605
-0.006592515579972391
 0.0030844372599421383
-0.0001833440938747116
-0.00847097072123126
-0.009417452924443988
-0.012311056893942813
-0.011445453095205914
-0.0038661486469106724
 0.005236466100918828
 0.01364037606041909
 0.01437062787230306
 0.013587736897674976
 0.016244740694920788
 0.014905599378076858
 0.01699497716122348
 0.020077533003294866
 0.023056432024738335
 0.023341102534521135
 0.020697987118358904
 0.018216148665513295
 0.011467447783118203
 0.009655446238074704
 0.006104158465326201
-0.005680087428295402
-0.01597444134463132
-0.022908362165286793
-0.027381404504251198
-0.03036595062707117
-0.032450146429060266
-0.025344896158518863
-0.013879026323572238
-0.007689413465774258
-0.003471668878449371
-0.001141217878848942
 0.007393867748342799
 0.019497769995923855
 0.021010556713113648
 0.016647136045832726
 0.012387455680865212
 0.012212111709841123
 0.01313437186027119
 0.009358767431363383
 0.007936307591818546
 0.002064911725004383
-0.00226016411255843
-0.0032885036653580962
-0.00939569415060616
-0.00537035716576458
-0.003948219026872879
-0.010470095658902492
-0.008976322066893267
-0.002132669441503253
 0.0035147610469124175
 0.00257758070271193
-0.006067589944691775
-0.01102419240070297
-0.005197148434149327
-0.005961035754835581
-0.009587179671801806
-0.0022900570859977977
 0.004264880330406581
 0.003439824541529763
-0.002171150941592816
-0.007601545511934597
-0.009546371517044355
-0.007436694599101906
-0.002111150277833906
 0.00341975264157527
 0.0067637530361955075
 0.0043126044773246245
-0.005395476333440001
-0.01239038708574231
-0.009124488879368488
-0.005292602682178456
-0.0039047023165827313
-0.00010212510637854108
 0.004677829974878053
 0.010964204607019206
 0.01396215179943797
 0.01351833831016552
 0.011140060830710284
 0.004337788628157248
 0.005818373854632422
 0.0152758471142648
 0.02184206086412452
 0.027541320078971365
 0.026995399770739073
 0.015662946573926518
 0.004743754365661606
 0.005163260752955704
 0.007273212740950552
 0.000211049871298881
-0.008990022627375732
-0.015802571249995834
-0.0186242417711047
-0.019295196651041836
-0.016397551881780416
-0.009970078990805197
-0.003576953296573569
 0.003001718937101918
 0.003395126195818314
-0.0017759435315191459
-0.009007021523660726
-0.014147691968875234
-0.02089349100727397
-0.019967943914599173
-0.009343183515705766
-0.009232076866393627
-0.006617511129893726
-0.001112176300719295
-0.001609170252313991
-0.00546698729348474
-0.00619055966547786
 0.0003217075792295563
 0.0016580138424874015
 0.0010501076753983186
 0.0023874308169641685
 0.0017840244220919258
-0.000978093347621551
-0.0034879326825022774
-0.0022472820463078054
 0.004081828998351449
 0.009852939587869862
 0.008544647924713353
 0.004433341234158858
 0.005719384458190194
 0.011043015701569129
 0.01354993889768398
 0.007258086297232487
-0.004179169340771994
-0.002397745056906725
 0.006734905298374833
 0.013128953137417647
 0.016246807128072898
 0.012420270908005456
 0.00952748378096483
 0.004054443495470126
-0.0033624824113752494
-0.0066751657437918496
-0.015033245282205962
-0.02697747711139586
-0.02936238032423183
-0.024100562011769026
-0.021538400543505296
-0.022535842129943293
-0.02084417277528784
-0.014930652099980013
-0.011919355189245504
-0.010499272267462667
-0.0035015079557667575
 0.006663984347820845
 0.013663533038759385
 0.0164168777684707
 0.020239191527303274
 0.028353280285826146
 0.029326205112713735
 0.02302088904972755
 0.02339587991068392
 0.027546595985707068
 0.02660208839928733
 0.017593922869413414
 0.015825275113002333
 0.020081820745669214
 0.016681907656256337
 0.013439533746626868
 0.004010047861562166
-0.004281397045019348
-0.008770535447237434
-0.01860766198888209
-0.02289397452986367
-0.026385763498172
-0.027759760535231586
-0.02254937503867682
-0.022670570223031233
-0.028026530274874166
-0.02934833860018417
-0.02746856742244548
-0.021696562653351827
-0.01260152256977089
-0.00723645247748898
-0.002825399077149912
 0.0010807753990454364
 0.008117186267791038
 0.017682293561025873
 0.01508411507657347
 0.009961305155756864
 0.014119314901283866
 0.02118372691293677
 0.02574399286272002
 0.02304048668481413
 0.02046635357520338
 0.017006110927077166
 0.012874671587982634
 0.01013471583852071
 0.003478533839894945
 0.0017730240233907375
-0.004292263626801967
-0.01609617533166192
-0.0163495349865754
-0.009939095553498097
-0.0066625905174145525
-0.007303976719699538
-0.006460156945564522
-0.001979334389889997
 0.004948951824588835
 0.008514875440386024
 0.0018807773962483815
-0.00524209815500436
-0.010049921281677695
-0.011790424397583436
-0.005367433981665232
-0.0020413145617171114
-0.0007727250244860174
-0.0020430770508764345
-0.0078022757151490485
-0.010374549332547217
-0.016538313086560192
-0.01938934361353289
-0.015979855040926687
-0.010836397156402541
-0.0016336211138417048
 0.002695884370022358
 0.004340648998139327
 0.01104950849933654
 0.01684447494254968
 0.015297541659693513
 0.008483537266104707
 0.0021052276722519055
 0.0007113555787051654
-0.002301226487402195
-0.0032145586711856723
 0.007391046866659737
 0.013497788355614805
 0.010671860307106795
 0.017074684606289275
 0.026478372072350858
 0.025135048721845146
 0.016579729183794144
 0.011158678187420524
 0.01113570830366618
 0.007029425211385737
 0.0018464806080987536
-0.004996384814396786
-0.009591631525575283
-0.013281218575750632
-0.021501341042972136
-0.02345868140865142
-0.021901447152119745
-0.022216779884497093
-0.024209561756902455
-0.022824363633715927
-0.01761917479170231
-0.012679679907788578
-0.010175400678834145
-0.007307152079413578
 4.142032081711224e-05
 0.005467844142320421
 0.00981070936035705
 0.010306523809174616
 0.010401240112177353
 0.013805560103841815
 0.015447122198318005
 0.015561551645160198
 0.006220307351051753
 0.00011385818072314765
 0.0053753241695103345
 0.006288223285101758
-0.0007831460890834649
-0.0030083136585917058
 0.0037968338095515594
 0.006076332908875033
 0.00647960035115705
 0.00578457484503144
-0.0026539928085624557
-0.008369324160096612
-0.0017104841139121466
 0.007037888363430688
 0.004192539191114734
-0.004174801741387496
-0.00601783746070328
-0.003937104563622078
-0.00018910523366734032
 0.0022720507151278526
-0.0029588253685794096
-0.003092749063712743
 0.0027260265780450336
 0.0034538974241001357
 4.342994018796884e-05
 0.0010176490357839054
 0.007150446866103675
 0.0062668452775422765
 0.0037893778619546084
 0.005630192531951021
 0.006341853548169187
 0.003970171366413495
 0.006677443637061515
 0.01067110514153704
 0.0019020123690526333
-0.008115754092945304
-0.011755663554909725
-0.009837881187767565
-0.005587132266562055
-0.006394211749565896
-0.010022174915302388
-0.016108283668973933
-0.018814302942442514
-0.01172205779654681
-0.005406896676750903
-0.001207450266777863
 0.0034487491770066794
 0.002421256523436964
 0.0018782388804845045
-0.00013283969751455145
-0.004794695277963174
-0.005649170941239456
-0.004186742604007516
-0.001025787179309837
-0.002510782491211996
-0.006032005702339321
-0.006177686073850357
-0.00422558792538538
 0.007063364019070077
 0.014654387534994059
 0.01045070883054814
 0.014792103805135858
 0.0198786508758728
 0.014475590412098277
 0.01505037659384473
 0.01762324358052335
 0.013688588066131043
 0.014344020567539629
 0.01202574529220127
 0.008611232989960428
 0.012407783552394587
 0.008281980632128486
 0.0007553557398814305
-0.0023994089328285605
-0.0013561362358380702
 0.0010454376280036564
-0.005149085084671817
-0.01475824972463997
-0.019270837324157207
-0.01924781371638386
-0.020586060931939838
-0.016777122527448184
-0.009987528957059096
-0.003931999923969594
 0.004448342100423947
-0.0014263535786470465
-0.009123414709354172
-0.0039563339132737425
 0.0022452771929979496
 0.004551415063711037
 0.00615065708298051
 0.00818697016896875
 0.008227789231358149
 0.007925403448057138
 0.0032042274080162814
-0.001016193560405987
 0.00358415216857596
 0.00916557156370624
 0.011636405089992762
 0.012451547652751626
 0.0038776651631314578
-0.0068676812910340446
-0.009982243053868033
-0.011819482243220098
-0.007966040390770158
-0.004330366564805907
-0.001607452538202649
 0.00214132781066959
-0.0025046261279685626
-0.003857835601658529
 0.0027914734827584903
 0.009338225416775831
 0.012992898666461267
 0.014522409524853905
 0.012437201563682687
 0.005975295128704868
-0.0014162939773297617
-0.005121559837567362
-0.004075042424107842
-0.0027341841794243276
-0.0014240408028162027
-0.0008736688001239085
-0.0003838883074643465
-0.0005007999647741738
-0.005258867748871092
-0.006724480158192329
-0.002017624332877613
-0.002268636759232667
-0.000533597800719859
 0.0022834129038978405
 0.0032019217651537628
 0.007779602004118628
 0.008041376409734695
 0.0072152206560284005
 0.003356421140534466
-0.0014856351044115685
 0.0004472016162510944
 0.004656476248101121
 0.0067860136616642655
 0.006188345653902659
 0.0033554038328205316
-0.003250386101185546
-0.00795758497151928
-0.012565601356219114
-0.019757665626871257
-0.020156672636998343
-0.012469571473851434
-0.0069909105390333634
-0.005933880944567902
-0.002182161574605122
-0.0022185422733015437
-0.006892121013555671
-0.0029871337175737113
 0.004332893868655221
 0.00777597594291119
 0.0048018663730866095
-0.005123301703341206
-0.011412317738515441
-0.013691202200731757
-0.015048976329699074
-0.012856748083010018
-0.004899376697125117
 0.004777442056192787
 0.010473890723204506
 0.006668942346714545
-0.000941188409320465
-0.0070339362556433496
-0.01335070734839404
-0.011601466598970588
-0.006833068214869343
-0.000212898219838816
 0.004593340578453868
 0.006825103433476013
 0.013972242997086997
 0.022872711471207095
 0.02844633453380593
 0.022690625097772952
 0.014065313845333088
 0.00767404340944472
 0.002752430849758111
 0.0012946039768799867
-0.0005023705241494074
-0.004261770610997632
-0.007339421572286839
-0.006393038157082151
-0.004921841516955913
 0.0005214033344062924
 0.006204273095448512
 0.007332015572979292
 0.005623338193637449
 0.0004180717756391279
 0.004875969323468619
 0.011247390560885598
 0.0043768797858587845
-0.006364842590682837
-0.009979276391457334
-0.005625471764180451
-0.007344371698459105
-0.01390656266375157
-0.018087153472887717
-0.022255556207194712
-0.016121696754882578
-0.00747294564655319
-0.004868122517996473
-0.004295866365060573
-0.008302285167036462
-0.010882536297758044
-0.010326132697300164
-0.0016277575360105153
 0.008892229870123742
 0.011313357360965157
 0.013228726284906423
 0.01675942478189321
 0.01770172123754092
 0.014904944757589888
 0.017136757865002163
 0.016624186971756234
 0.012838142585731793
 0.013940668834131488
 0.009301586399772731
 0.0037091057795446167
 0.0007761300679521681
-0.006406721222511292
-0.016706432255930347
-0.021977846123175833
-0.01964026506683649
-0.017458739475967735
-0.013689386974966713
-0.010529976899660174
-0.013947847107409646
-0.016435101092221457
-0.015147654678908665
-0.012327982863053064
-0.006778389750526671
-0.001628260094539781
 0.004600317458960192
 0.011205522573078695
 0.009309289909857526
 0.005517268630815072
 0.0023672594116546054
-0.0010575311253186
 0.0015342282720083704
 0.00967037830863959
 0.015221562497701398
 0.01189139519185642
 0.007385806304123322
 0.0013685589236103065
-0.0032683116080631327
-0.004666845246900976
-0.008153538608251043
-0.008223517460983022
-0.006556682192426624
-0.0017665210239064593
 0.00647825267627048
 0.009278918055766338
 0.005058382766259325
-0.0013912378494556432
-0.00729819191341153
-0.008777921605350403
-0.006118795398621047
-0.004608265711331292
 0.003368731363907355
 0.007426631936034099
 0.002819920825416054
 0.006278949029785964
 0.009677221053548167
 0.013763468299903261
 0.01411154381317006
 0.006713609572071587
 0.0009725045060260248
-0.00961901652098912
-0.017044683372480007
-0.018826999969954735
-0.01886694434587445
-0.010642505880644632
 0.002684690047314087
 0.00810936460649608
 0.005421377697973304
 0.004976930309609327
 0.005877637804393276
 0.013317358939129761
 0.01808762248169701
 0.011821829365690014
 0.002904648269472715
-0.006714238210981822
-0.006951691198536169
-0.003963508154739894
-0.006569481316651261
-0.011734263043214942
-0.0192917317101377
-0.023703926394377912
-0.021744373630205545
-0.014931789667396632
-0.009599473488084815
-0.009383095098132276
-0.005531247882265679
 0.00202531810663934
 0.006188863172499036
 0.012595090541087348
 0.015820408607297196
 0.012462722631927822
 0.012688756627006522
 0.015503294583949216
 0.018080084374360504
 0.02158451357667105
 0.020660129739716985
 0.013314795109289729
 0.003968330926553595
-0.00296812105871408
-0.002070795346350621
-0.0040963171043087495
-0.01075124053682651
-0.008060827491668398
-0.004715686539219464
-0.004875228556818217
-0.006724537070476999
-0.007358311007264191
-0.000476285775527239
 0.004015183594937739
 0.004390559564658547
 0.001245210659743661
-2.5598703571314755e-05
 0.002647120551851874
 0.00033803651018186697
 0.0015048799180377567
 0.004669853442064381
-0.0007026676256131011
-0.004231286493445256
-0.005921054691473977
-0.012760738054465856
-0.009966945778066864
 0.0019278630816700448
 0.009317211794234795
 0.009977337992365373
 0.014525644498386467
 0.02233367419842254
 0.021082589464658883
 0.018746462447827825
 0.016100641706221955
 0.011103351104881776
 0.003657116748882471
-0.005710279718276278
-0.008799138458519831
-0.01510122985723015
-0.026980638861719714
-0.03185703531385521
-0.02761378445012608
-0.02088006494997246
-0.012056777413464446
-0.0032195954930097906
 0.0017212120782773214
 0.009186121250791308
 0.013479883051304778
 0.01135837607696715
 0.008305613595816028
 0.005677153241361281
 0.00303736602018712
-0.0023470803238394185
-0.007362253974414299
-0.013942069804127202
-0.017490046557552406
-0.008699571582753399
 0.0053726724796480056
 0.01269316661961065
 0.011069696536193253
 0.009037007907280377
 0.005897111100282182
 0.0004875129788402293
-0.00412571647363531
-0.004144667470994322
 0.002935952124521368
 0.007135731523464075
 0.006944463683032433
 0.007596970198524964
 0.00867703579234712
 0.010769503707212122
 0.01324204034101431
 0.012305499266429808
 0.009180499143163573
 0.006519181421793134
 0.00015164111327041466
-0.004932128549467355
-0.0036827664194124896
-0.004019261318410789
-0.005828141529423136
-0.006304770622654761
-0.006426733401704254
-0.01088092907582379
-0.019258187455293816
-0.02065353777775476
-0.01698815923508899
-0.013891110756417838
-0.007915060059821422
 0.0004578770321501665
 0.0041891277732816565
 0.0036215420041776874
 0.002909262334466887
 0.001037744344580884
 0.00012107107597208124
 0.00279890958142381
 0.00642782677200043
 0.007969193673210048
 0.0077101226935998406
 0.0064555787418797295
 0.006251985386683928
 0.004851143905236155
 0.0018555113455758394
 0.003994642636218858
 0.008069705031442128
 0.011382774589520295
 0.012481382595844796
 0.008591067735193247
 0.002138318307579809
-0.004084949922528437
-0.00702324243208288
-0.0043840291961870885
 0.0028211311278630467
 0.007062655809955427
 0.011438784990002131
 0.013799442233585741
 0.0088223943661188
 0.005603074430139252
 0.005794751262378197
 0.0054091461827538954
 0.00239101443932158
 0.0016697796703805648
 0.0009419573131978021
-0.005953953388886715
-0.011983712596931229
-0.013734202712357887
-0.010905725387252648
-0.006297487857021254
-0.004139817893282515
-0.003701458451414177
-0.006303997379938847
-0.0061432247233797815
-0.00027133433908827404
 0.003105877838981484
 5.9829255123461385e-05
-0.009654528177923049
-0.024020044114249357
-0.034411157914396785
-0.03499652426508537
-0.030883412019045507
-0.028532185229841862
-0.027236701677439815
-0.02069908906081643
-0.01323638524801994
-0.00787547150098581
 0.002671096658381802
 0.012005484352462726
 0.01745859239068916
 0.024856947968588974
 0.03186141105330461
 0.03397775675200434
 0.02987673598650921
 0.03158269457452075
 0.03677562749566534
 0.03126547816946475
 0.029052612700685067
 0.03175331964093241
 0.029001574945117046
 0.02505814363338033
 0.01884105560474658
 0.015374265423708202
 0.01354600871664762
 0.0032612253486619582
-0.0064335063844862895
-0.009455341854149911
-0.014259641992391013
-0.02367130372457592
-0.03400191547822227
-0.039728163581802485
-0.03644515588892218
-0.028075086010105457
-0.0195077092459836
-0.011651174641646906
-0.011627022794653412
-0.015433655699315214
-0.013572025993447995
-0.00840373107319037
-0.008170633966620981
-0.009530194432770634
-0.004463681912457203
-0.0017538570940341057
-0.0006006589160405363
 0.0010265657401147313
 0.004003888173511839
 0.007758229424246256
 0.008196186249760276
 0.012472661548771644
 0.016414800818692687
 0.01859364042465702
 0.020056587647635123
 0.016506746139744396
 0.010156655990738494
 0.0037802819906889284
 0.003074153283728518
 0.005187745910786936
 0.005562259162299252
 0.006080273990540831
 0.008409423658631213
 0.009237394455070031
 0.009326098810449992
 0.01270218175371638
 0.012002361650420922
 0.012147046692645349
 0.008706111947760031
-0.0014328651625975279
-0.0025550216703993725
-0.0021049219448045216
-0.003666650234608589
-0.00425669064145398
-0.008177097631419702
-0.011192421947279223
-0.01749693065721292
-0.025686990263801283
-0.022302511715279628
-0.016949778468812696
-0.01624675868082885
-0.011559477911435353
-0.006088718011074138
-0.005074080699020739
-0.008007848094105229
-0.0033767488474626887
 0.005911215382261499
 0.00852512771958829
 0.012062023250073193
 0.01518517690731351
 0.01656987839339714
 0.01735086735237505
 0.019715388706582626
 0.02436557621138045
 0.016991186333205916
 0.004690711679454442
-0.001127368263552109
-0.007170399185443316
-0.015321065625036432
-0.0236917254010992
-0.026024115838270752
-0.016983424135950144
-0.004157094424537167
 0.0009352908127680535
-0.0002736979268841966
-0.0024514675484941673
-0.006043404934044338
-0.009936248596310343
-0.00942854697031496
-0.004011939919590584
 0.002421400210802676
 0.005867781195312778
 0.0039856580196307835
 0.0020335097278870655
 0.0018727617945234621
 0.004276075764120733
 0.009288901387914453
 0.010884636590967152
 0.008502977759972814
 0.0023817643927897627
-0.007573899068317231
-0.014535321002781477
-0.012073136292748633
-0.01173480124573229
-0.011420926107262449
-0.00620536710781321
-0.009738932778906258
-0.009562036558701748
-0.0070723230417916215
-0.012321761014372988
-0.011253163144487837
-0.003960788995782703
 0.0024778809429977524
 0.007193156367346624
 0.0063204760297126475
 0.0010275021447449936
 0.0018630532742782064
 0.00643048853227442
 0.005661940397225128
 0.00750321407815121
 0.016675387154803
 0.02218065781376254
 0.0212600852451289
 0.020670854594561493
 0.025213451507735175
 0.029188502328767237
 0.02831143721297681
 0.02607511033261905
 0.018314034457033744
 0.004649961719256294
-0.008418850318473227
-0.01738848967112595
-0.024363826654025877
-0.025841683956634696
-0.01917209371382317
-0.016522709755627484
-0.019136979139665163
-0.01784779471747946
-0.019170745029776386
-0.02093862549297712
-0.012292009311371714
-0.0033390253919696774
-0.0005700147445178722
-0.001922159965410633
-0.005718049295397194
-0.0049222469907942165
 0.0010489984756356806
 0.0028674157478009317
 0.0025704470078496623
 0.006523533512540598
 0.0054929925172855455
 0.002040713052001728
 0.0006946374856329014
-0.004947322322857503
-0.010065628534218114
-0.007074639014719568
 0.00041158330897526885
 0.002853121297666396
 0.002301686046522692
 0.002698822870714435
 0.003950751853900787
 0.007295931713192175
 0.009262187280723692
 0.012584630815873007
 0.0143377605327862
 0.009842372270571843
 0.007173589630272681
 0.009888797246042587
 0.012717980382982136
 0.009614842763316986
 0.008523673829732377
 0.0135023464268412
 0.01580776274620484
 0.013818344863404396
 0.011575127735506575
 0.01294645885377878
 0.0107932094934232
 0.006448483808912103
 0.00834124327948825
 0.005758997413572771
-0.00031553929387717557
 0.0002899454017975311
 0.0025632635561633945
 0.0014055263701603792
-0.0029017005732405845
-0.007201890530081474
-0.012321660694962967
-0.019129293030371128
-0.020696497330348906
-0.01397660130904965
-0.009459642507862194
-0.013064105508518683
-0.01624375196337419
-0.01771759618171041
-0.0155091095439198
-0.00788720414801255
-0.001549191256515836
 0.0009245533632250173
 0.0031847604202385883
 0.008996517900204705
 0.011033817533795414
 0.008047925225957276
 0.004401281147559693
 0.0026607208255027765
 0.0032696652599295533
 0.0054042015872212325
 0.00860910257559971
 0.008295194907970177
 0.005816013298173281
 0.0003104972522052096
-0.0019812047078737525
-0.0019766167412271934
-0.0035043632298804145
-0.0038180735657371225
-0.009853067132028475
-0.014671897348514306
-0.012610421185893386
-0.00974378268062914
-0.010102074238276321
-0.010828209194407913
-0.010015496258014128
-0.004171544337877298
 0.006631082297023935
 0.008487931307439179
 0.004342337988906509
 0.0030283349499067727
-0.00016319078091974986
-0.005834341784785096
-0.006115249446377939
-0.0026697149565792075
-0.0033608040735042337
-0.00653153204852479
-0.006774894238423264
-0.004889655296850997
-0.010447917856126783
-0.017487985824037093
-0.016419098576153545
-0.012596939703588942
-0.00814258923126611
-0.003529965436535967
 0.0008400654517161957
 0.0046764957896385136
 0.00995947469894673
 0.016843844509643126
 0.021581847849763098
 0.026244876602107958
 0.026684062202963384
 0.02376043146298179
 0.02437921717078638
 0.024971490393307684
 0.02749316471030092
 0.026091456789247576
 0.018738926495170883
 0.014402420120152108
 0.010300085311122892
 0.0009601068200001383
-0.008871331441070149
-0.015268924782950178
-0.020310890368437296
-0.01885542171049167
-0.017291392293304793
-0.014502372981148391
-0.009299053733903034
-0.010174808946937872
-0.010994862538797109
-0.013362306404607095
-0.01513426505572611
-0.014242400771230315
-0.013906184289248133
-0.011694901905588102
-0.008958697090523729
-0.0008839008894555979
 0.009520643220146478
 0.012503103134760028
 0.00959814996267514
 0.0035802071280864206
-0.002916301690727517
-0.008319698962525875
-0.00917271902168269
-0.008665764099545021
-0.013160044569769724
-0.019406402116677202
-0.021475350172931597
-0.015733254632844116
-0.009372482722254797
-0.004869761412222474
 0.002668334961955216
 0.006362253687505394
 0.006134131468162355
 0.011367546368151227
 0.015322599784754675
 0.013810077748679815
 0.015657639199806297
 0.019144688793378332
 0.020494277186780537
 0.020939915461670757
 0.021513188915863044
 0.025669859514351766
 0.024917566007436737
 0.01734109207754585
 0.01461765556941953
 0.010211103082332617
 0.0015084351796401366
-0.005059287962856594
-0.013436327411885938
-0.02373094988248333
-0.029467207919506043
-0.02833050990163716
-0.023044016028135904
-0.01717607961964374
-0.010389839351563223
-0.002090987312442312
 0.0035379142754325727
 0.005363946381584395
 0.006048144834778336
 0.008594073969420734
 0.008406714010387305
 0.00912450228308835
 0.013780000946137657
 0.008832564912642714
 6.570056631927771e-05
-0.00549625601810784
-0.010314599661703595
-0.013913652659792657
-0.014644768979872495
-0.009421523278474968
-0.004849817695541905
-0.003522421239983166
-0.0009131340044369635
 0.0026264938528424856
 0.0031639822129037303
 0.0026069487623696435
-0.001094837211305915
-0.0055311514526035005
-0.003337547386306205
-0.0010717287282975081
 0.0010086901077060468
 0.000719925162974431
 0.0003419850146546984
 0.002318948569584669
-6.0643071822301574e-05
 0.0015800833583116333
 0.0027518698578565086
-0.0002519622225242678
 0.0033776149846887135
 0.010441300071935104
 0.01625611445942605
 0.018433672233993184
 0.015390289376540167
 0.012988015492571376
 0.008110558358839663
-0.0006884131447023305
-0.003072838481298545
-0.0030931333169144154
-0.002902718541619985
-0.0017555595996659376
-0.0031046126052445395
-0.005412645865921016
-0.008987127674555267
-0.011135479869335056
-0.011378123078084251
-0.012396644566939235
-0.012958863223518201
-0.01088919771402904
-0.012202585440454671
-0.013336811806212647
-0.012768242004624186
-0.017803223144541955
-0.015420553571057979
-0.00796942672818608
-0.00708753857966522
-0.007322383456956518
-0.007772332925832372
-0.006331984412670547
-0.002808219258111977
 0.0007042155274114616
 0.005378538966737669
 0.01006293267601033
 0.013972985207196899
 0.01422933325801218
 0.013437929950524518
 0.01664117133154696
 0.01790948008139613
 0.013267411866162551
 0.01114961066223963
 0.013759039602834477
 0.01263567958185838
 0.008782963811875781
 0.008324704976797402
 0.008244688174229273
 0.0044264944456954575
 0.00271649728995304
 0.0005040088235986219
-0.004967831121391554
-0.005467181035794559
-0.006043355236913431
-0.006986351640893672
-0.004943382551569974
-0.007036603233328332
-0.012267079462131627
-0.014186870855647309
-0.01354096963171672
-0.012610029365218581
-0.011584185516830454
-0.013172344888992753
-0.01723018293054604
-0.020770083164040234
-0.021439353766291656
-0.01660622810093704
-0.006538319711917659
 0.005361910163651203
 0.012664901263845722
 0.013993202462251074
 0.018010480629183687
 0.01959053473992439
 0.01388219620151441
 0.011165446570979133
 0.01181225743512187
 0.010722843356967028
 0.009004324984110827
 0.004756078270055362
-0.002358658604444865
-0.0026322950716504527
-0.0034226924041315387
-0.006558785816152641
-0.005264525129583887
-0.010863997774596245
-0.015156464717021525
-0.013556512490266511
-0.009200667631689152
-0.00292457156894462
-0.0024234434171333534
-0.0020534838046821382
 0.002551227619596782
 0.014006282372981942
 0.020993329475029604
 0.017586884905654677
 0.015972992255415923
 0.01806904264181963
 0.0195949448298902
 0.014966115579246413
 0.009728543256846633
 0.006964870024328685
 0.0064304715143836694
 0.008012791347581098
 0.004688984280897112
 0.0002141917184656536
-0.003882608953597279
-0.016265814653978212
-0.026336471067833905
-0.025208075554210126
-0.024342595407317594
-0.017024482769914823
-0.007302967767475557
-0.0037510041310803346
-0.0015468018738140665
-0.0023538426500160194
 0.002457044517250169
 0.003908919995053604
 0.004554882553103586
 0.010294895410287915
 0.008837497690927096
 0.007755467626138287
 0.004974027912470436
 0.0010171263314732954
-0.0007094168591687063
 0.00120921695321668
 0.007301661167500265
 0.00988799786666344
 0.012384061282226582
 0.012341681186009208
 0.010050905870516852
 0.008918359051873489
 0.006227240543684414
 0.001483415480520369
-0.0019287000561095209
 0.0003258109316843056
 0.001010508670119014
-0.0024867027331498576
-0.003697153008545414
-0.0030584341123444585
-0.0011233831752566908
-0.000661575257101301
-0.0076126318901731166
-0.014486170797457294
-0.014387285086604798
-0.012664189363112302
-0.012959816224688501
-0.010966558198635417
-0.005145355521888043
-0.00018139323088221102
 0.0053126989534094836
 0.009664253731684884
 0.008943760887155596
 0.004994134557968223
 0.004348537455158327
 0.007699604087085763
 0.007437461127488355
 0.0051189074274716855
 0.0031384149204999974
 0.0022530855482623684
 0.005437360151266247
 0.008366989856862931
 0.008176124948360208
 0.006916561039864255
 0.004413863030555886
 0.002685706027279738
 0.005430519371929029
 0.011459766011665009
 0.01099355007136996
 0.007809185418453167
 0.008989367978312771
 0.00591611720002938
 0.0026946888032100096
-0.0018413907867141765
-0.009252568718022037
-0.013012553616403376
-0.017755627208379116
-0.018662935363852058
-0.013517467679319044
-0.0066481556158505635
-0.001496522371998001
-0.004194149903661498
-0.010203072786707637
-0.013085652395431272
-0.009786706558075488
-0.004798588358944291
-0.004144787726298705
-0.0014655057439354566
 0.0014382659800266312
-0.0017843418900351468
-0.0030219769883872653
 0.002770102166937767
 0.007059092473137605
 0.005478412100968314
-0.00010707723390684432
-0.003582296045224751
-0.0013231337825441423
 0.001232717553402978
 0.00021061244662978334
-0.002994806869586895
-0.0016033136405457238
 0.0004466396425021318
 0.002590725220045705
 0.006902974758719688
 0.00494392304427727
 0.0037507835705693033
 0.005521524726832427
 0.006211237570431549
 0.007810457141527881
 0.006296464112176983
 0.007284850688519755
 0.011366248706598206
 0.009675206008500416
 0.005525485688843795
 0.003012538763517485
 0.001729899213121865
 0.003008302286942266
 0.0034968265112461133
-0.0021357867302038824
-0.007133462931468526
-0.0061231971869707726
-0.0025042136897842453
-0.0002401417400171428
-0.0009443359690923375
-0.0026534951916535442
-0.002966168815230993
-0.0030101192087475677
-0.004028633690841505
-0.0005551426685965384
 0.006250045807181428
 0.009146898529589411
 0.009145761387613608
 0.00874075178035363
 0.0037082768766005586
-0.0017199608158168184
-0.0018727200753297607
 0.0006429445689332609
 0.0037504694878745114
-0.0020725076536512225
-0.008006194474699602
-0.0007996168856867841
 0.004426829429455362
 0.0020114694053542893
 0.0006576241109861102
 4.851687264625842e-05
-0.001751620272115894
-0.003938981026537524
-0.010606491440407055
-0.019825543906825286
-0.022865105903684124
-0.019665235424398846
-0.015258397695953883
-0.008700157532799804
-0.005761359973982602
-0.005574664709963524
 0.001224121990415743
 0.0032804882399550773
 0.001252200310779741
 0.00312760867393406
 0.005160430458297378
 0.0062845781628702736
 0.009986864199834205
 0.014258222750433413
 0.013967097284059192
 0.01648511545086325
 0.02110150930367935
 0.020908360913382933
 0.01788706520456013
 0.015969652101189575
 0.009928614631986937
-0.0010129987415956477
-0.007695187984758351
-0.011121010877237021
-0.0155775488239525
-0.021064033610376315
-0.024416151870010786
-0.020659234254767376
-0.013215492571857708
-0.008029320004590421
-0.002326943997190129
 0.0014767270430588065
 0.0019096228442132543
 0.0042601638378823034
 0.004479580110659119
 0.001776648500299359
 0.0018082009818185696
 0.004555255776206116
 0.00891748303783575
 0.009540642456312287
 0.008044137484103858
 0.007481933186651162
 0.0019266653947334767
-0.002605229069275987
-0.004023506357441254
-0.007750430960264229
-0.008856039211502978
-0.006886904250980907
-0.004737414983511214
 0.0015441399362761655
 0.008181690305775568
 0.009912604399667825
 0.011788999182129577
 0.015356591473464172
 0.015484715369772853
 0.011386565777426859
 0.007179052328475449
 0.0007357941705938531
-0.0074913598692054285
-0.010232382196697917
-0.010093818743544179
-0.009215449205549115
-0.00913136099339903
-0.0098200927880688
-0.007096177304433186
-0.0045782159814781835
-0.0026392686128376567
-0.0006420832732853037
 0.0016110244949839208
 0.0014577090018371664
 0.002270498370652112
 0.007013181437798919
 0.005749318046368244
-0.0010114449572709888
-0.009053062518444288
-0.011517204199049853
-0.004408513398677713
-0.0008882197405232606
-0.0054853787389258545
-0.010264145461219329
-0.016004620134155968
-0.0229609953588655
-0.022635529125521664
-0.01905405537076893
-0.018481858877497506
-0.01379718123161472
-0.01122506411446709
-0.01017105973495743
-0.003318361058452757
 0.004440691664243439
 0.01398797184663612
 0.022970899792604166
 0.030200282111887515
 0.03372711112052515
 0.03250146380708414
 0.02596863729746924
 0.017173303440246777
 0.010876030164736795
 0.003388249362028791
 0.0002512424025153776
 0.004154876614998155
 0.01003006043509317
 0.013473572385191129
 0.011593228142542168
 0.005569102273852357
-0.00017287897147910867
-0.004581078472647222
-0.010253033719959333
-0.016565150123619518
-0.020285627680961312
-0.01982724643127688
-0.0198877533717639
-0.01940332126866499
-0.016403317737872018
-0.015138257269024643
-0.012491626418971065
-0.00684506520302442
-0.003929168201370374
-0.003632733326230384
-0.0012034691245006173
 0.003104131118580577
 0.004720126396496192
 0.005287541376452874
 0.009299766996133375
 0.010054648464225886
 0.008093400374088794
 0.012342337258913748
 0.013688073867373345
 0.009307883986756416
 0.010404856176781798
 0.011183960430784682
 0.007620629805598438
 0.004986115162552211
-0.0011498808038709295
-0.00819362637594571
-0.011447215664474333
-0.012649953967498451
-0.009606530196238533
-0.005099679084208407
-0.004961170181814656
-0.007872059174505442
-0.007137531376891954
-0.003250402630574589
 0.0011015760960424916
 0.0038353328857889213
-0.0017265305723394367
-0.00784282274362091
-0.009601537852710352
-0.013216602253302954
-0.013718263918672433
-0.010265165957100794
-0.006794422961554201
-0.003610848890376888
-0.003727182440924862
-0.002820242246539792
 0.0017825808666425069
 0.0034324129302658124
 0.006274779383270936
 0.012765535043716462
 0.017909541144856184
 0.020546673441332926
 0.02022763901233355
 0.01920141361661283
 0.014912637731964684
 0.007915506811245485
 0.0026991212920542537
-0.0003961545438373476
-0.0007505159093076705
 0.0012549445245212526
 0.0015721287846847734
-0.0032018219640535498
-0.005765471153104021
-0.004072960185859883
-0.0058492175098542945
-0.007081577734085153
-0.005433493476261105
-0.010735002856976362
-0.01329509164094493
-0.008829497344218973
-0.01049773404027928
-0.014104069659758698
-0.01770783737709822
-0.01955872212413472
-0.01663729012850271
-0.011879253817794078
-0.0078005936283169555
-0.006258823459467713
-0.0023550958866350815
 0.0038312571076754543
 0.008123152673614343
 0.009669694309433055
 0.01134342889949394
 0.01465815102254042
 0.016494319909522066
 0.017009875504010046
 0.015598763094201077
 0.012632325723523906
 0.012645046987808009
 0.014419845985148222
 0.015034324664284686
 0.011972920582675585
 0.006228866622423619
 0.0035778429811779092
 9.33648128641337e-06
-0.005000732924133804
-0.006617399908300474
-0.006246626917528004
-0.0020061198103196224
 0.0017666898514862883
 0.0007270047226629058
-0.001790408243892314
-0.004404453197663876
-0.004879802635473371
-0.004609148100704168
-0.0050589108400882505
-0.005812904373098896
-0.005821318308391274
-0.0015845464640232255
 0.003426081704676585
 0.0012436178879746708
-0.004129663602245553
-0.007887144905624142
-0.010366552249001832
-0.009843121650930622
-0.010337323184839023
-0.012667034843187661
-0.01378722798417602
-0.012637799549747312
-0.009174012650853743
-0.0030457841635003063
 0.002753384992802592
 0.005365710111705362
 0.008971630730154256
 0.013065549433589908
 0.016357301955578368
 0.021287031684382583
 0.023970237696925533
 0.021143180723698286
 0.019989031292985574
 0.022273546065650587
 0.019762256220919833
 0.012006866286826023
 0.003304634239932185
-0.005875064148077152
-0.012866761129165575
-0.016782538209592225
-0.018950103955328604
-0.016895644845387622
-0.013714420913483736
-0.009658564769497373
-0.0036100664641156017
-0.003501138629365192
-0.008394887941086084
-0.013120557618816357
-0.014689278870894057
-0.012157551193312622
-0.01138255493805661
-0.011302669332461776
-0.010011335429677313
-0.0059705174143676685
 0.001280507573838965
 0.003565989772627845
 0.004095925715044456
 0.006842887478126175
 0.009803044815722578
 0.014079293592010057
 0.015963382694136326
 0.014076145774057636
 0.012924222812340475
 0.01592968973630016
 0.01861732180093658
 0.017799575816366205
 0.017012622501971143
 0.01672321610299712
 0.014791701293300638
 0.011373186245284302
 0.0054980286188436095
-0.0011155882451358511
-0.00019385317666193656
 0.0028380468184182757
 0.0007245049257744725
-0.0009329356149047995
-0.0012906555839208036
-0.0007009070095251347
-0.0005726169756980544
-0.0009781412214227053
 0.000801752083691307
 0.0025218194920994573
 0.003318609526133671
 0.0026172416032638765
 0.0020579589968679774
 0.0004895725858399002
-0.0022252733568863896
-0.0028320918395216125
-0.00523739796171171
-0.007450627078653469
-0.01080590209012652
-0.014402469066065947
-0.011197160754216595
-0.00683874946086323
-0.005820459752526727
-0.004330650733353719
-0.0023058680476658626
-0.004112301532779527
-0.0039814640488682
-0.0014722405333340654
 0.00025702428115653193
 0.0015076108272301931
-0.001689712154643381
-0.002931634431894015
-0.00038454598039128874
 0.0016288232838546743
 0.0009747201807350128
 0.0017261396882107007
 0.007662866161622908
 0.008647571064639188
 0.005194805050281236
 0.002140554824733185
 0.00017460261478649108
 0.003024041052051332
 0.007646408062252699
 0.011619278774683285
 0.013637644242831686
 0.01212066438489363
 0.0046986560556243045
-0.0022282735766729345
-0.001254445762675246
-0.002423486693854418
-0.0029127707409396715
 0.0017650996225568878
 0.002863224376091664
 0.0009413670264871244
-0.0016272984250112765
-0.005398695106217951
-0.009533457557720719
-0.012014001950761646
-0.014325966300055623
-0.01313222165459076
-0.008948856034002762
-0.009291433502328875
-0.0108403987675326
-0.011358973641195546
-0.010752778907201475
-0.008357711844678357
-0.004985951513983199
 0.0014503706025308456
 0.010042792461239717
 0.01439709593459268
 0.016569016531127592
 0.01889678542599641
 0.01679229775765439
 0.016254256558124645
 0.017935506090260893
 0.014451522193013365
 0.007098788012172914
 0.00157542479441028
-0.003338210448424988
-0.008197337632947584
-0.003633998821281901
-0.0010202084786402146
-0.0050430109711839845
-0.0024735880381345325
-0.001170628108858713
-0.0020924735680791463
-0.004501446510023001
-0.00692923031308995
-0.003948147307173824
-0.003208688467838226
-0.002926129394714755
 0.0009165954480058239
 0.004440421076420894
 0.00380772852811463
-0.0014563767593332203
-0.00782503420239873
-0.009102003473819382
-0.0055989728352210414
-0.0059881891508233144
-0.008792845964437418
-0.011541728785091979
-0.012131475604796493
-0.007124263220830691
-0.0012822548665059037
 0.0037117172883843375
 0.0067718818102425835
 0.011148882603308447
 0.01576226596736644
 0.018317114159187724
 0.021283999524246852
 0.017060253333839176
 0.010832736334530102
 0.011820970304771219
 0.01653197751682242
 0.018719663116829776
 0.014433301304133596
 0.007772261506630053
 0.0009071980732317097
-0.006575421535679735
-0.011442633919774832
-0.013194244730940649
-0.01415424137964268
-0.01603051844020177
-0.015525004396227438
-0.013589188448863287
-0.016285377767477432
-0.01738406847694796
-0.015208225268311917
-0.015409685864235405
-0.016463973989855857
-0.015664753201794425
-0.011869104119789706
-0.005871925797019003
-0.0030697917150358774
-0.003952981339013053
-0.0013094762502807906
 0.002861301813639925
 0.005048700005073691
 0.006347008513182201
 0.005162424404874833
 0.0031387095565340024
 0.004217795072144559
 0.009695512341654326
 0.015446085999030136
 0.01591914963031313
 0.015995416275075097
 0.014747484116070504
 0.008173992744786009
 0.003850557600294406
-0.0015948445137033162
-0.00955206731969805
-0.012066728733023127
-0.011274946516606063
-0.011678504514508647
-0.010618079389781996
-0.006388466382871454
-0.003922426177907133
-0.003250838228014806
-0.0015187006516568795
-0.002221393988013202
-0.005387492677613154
-0.0055279474398181845
-0.0049810619035093266
-0.004657592478428583
 0.0018749938694479847
 0.0030702471465976697
-0.0048068446541833666
-0.005578625058256162
-0.005359688798742495
-0.007201766233550929
-0.004498720980495816
-0.0003552026757800085
 0.003988696440778422
 0.005304960662025621
 0.003183338708239599
 0.0008132547786969674
-0.003588523176652646
-0.008029548992961983
-0.006217439621970675
-0.002911900174112573
-3.217854894777285e-05
 0.0041122663318429705
 0.006279018368376761
 0.0047943014509036095
 0.0021757275100186537
 0.0017232522820445238
 0.0008809036470366739
-8.896952193110315e-05
-0.0024353709526960194
-0.003771846347057476
-0.0020546854727887327
 4.916110441470542e-06
 0.002734921097939797
 0.005184934851753151
 0.005353402866054684
 0.0039568339186988035
 0.0067083398049268385
 0.00742214439066385
 0.0016135899467865868
-0.004258741734242546
-0.009218666196813241
-0.012483856837003978
-0.013048067606910246
-0.009927748507543226
-0.00659361154730863
-0.009646822726361347
-0.013172782099362014
-0.014049020050194703
-0.01548916301012792
-0.012610740497906805
-0.006221664940420153
-0.001572338866824474
-0.00030902984178229
 0.0025600637857692383
 0.0055522287438499246
 0.0036378578649186913
 0.004763118705167153
 0.010593187512268376
 0.01589343980474606
 0.018507518918414154
 0.01988454978251004
 0.018708603119647393
 0.013455079725878326
 0.011969948019063606
 0.014213803110043418
 0.015549869327568662
 0.01567919358070252
 0.013646575932611503
 0.010660560959553535
 0.005940190900393574
 0.0017065248629574124
 5.9183741569566895e-05
 0.0005966735985530254
 0.0028492587171396124
 0.001661986012409693
-0.005949367223338006
-0.013877015414783759
-0.017129829070947535
-0.017884128809914385
-0.01599696205835329
-0.014905118685519756
-0.01531684979716026
-0.013913324454781665
-0.010728753953057769
-0.008889503629107382
-0.010938435501478919
-0.011251725184764102
-0.006695272595360858
 6.042978253790612e-05
 0.006751732201303659
 0.015865429438474875
 0.020769320708281216
 0.018691222319138508
 0.018469511394907014
 0.017533692780669644
 0.014419861273401967
 0.008122528197532234
 0.0014968944072024236
 0.0005550666390436676
 0.0026853451768102943
 0.003736389367813633
 0.003121997434928478
 0.00648254638571227
 0.005523935237043252
-0.0027608645555998908
-0.006008437648709675
-0.0065751832417746
-0.007199814366398921
-0.008017469758099902
-0.005935181416140273
-0.004190084093281221
-0.00942564326391401
-0.009880118783012582
-0.007010988087283872
-0.00405876717356813
 0.0012041487768149916
-0.0007080586233421589
-0.0019162195670262812
-0.0002797792148361045
-0.00027790373491839206
 0.0033035473002296723
 0.004956958311124935
 0.007155252652388246
 0.005792790434929641
-0.0010640679635098211
 0.00031189490536139984
 0.004196921585893945
 0.004919652667812204
 0.003824701832682398
 0.0008551778701295392
 0.0007528195189309158
-0.0016119578678561416
-0.008580875751232835
-0.006393993478572097
 0.0015208561726617516
 0.004400547636490699
 0.006528406642586772
 0.00686846131187429
 0.0055591919356142916
 0.004083505643225864
 0.001808134108976073
 7.709582379455926e-06
-5.913462143210486e-05
-0.0030268201290440965
-0.010393311536929373
-0.01262091225902917
-0.0111739121389988
-0.010644204841375201
-0.008195573342794967
-0.00036730180267259283
 0.0074188691847959015
 0.007590685604538136
 0.003109766009145493
 0.00015802099078781175
-0.000496593587651462
-0.0008280924162147149
 0.0024631320376423053
 0.0058359526368073735
 0.006682981524092642
 0.007801344815361913
 0.005997354137288518
 0.002714643645560294
 0.0013271248344449988
-0.0008322012642714081
-0.0029199653999892
-0.0014740247827204444
-0.0009724459460663996
-0.005358588106546582
-0.009425232524708185
-0.008293942951606239
-0.006310342664734511
-0.004303823544685547
 0.001077688927992958
 0.0043829991055006345
 0.002827574042962983
-0.00016998443045393644
-0.002511330516772352
-0.002304089576410092
-0.002164215085393827
-0.0005594746390294434
 0.005086809136883733
 0.008830842794618444
 0.012137055838784374
 0.013362195239066711
 0.011476794198250609
 0.009616953168786987
 0.008011850107138653
 0.011660306418143009
 0.013290265128029144
 0.008811960758441985
 0.005559667702388957
 0.006716148055915521
 0.009341088747190269
 0.005181846667258064
 0.0006299561817162812
 0.0018696272928672023
 0.003439135458113776
 0.0035882640246384092
 0.0005398560061033347
-0.0025808776037037568
-0.005199981645406296
-0.008644128404039744
-0.011834212626438398
-0.018338463704845424
-0.021555243535201076
-0.017746979364472722
-0.013714716184683286
-0.011549383977609648
-0.011905509362256457
-0.013279473837467052
-0.013165986946926413
-0.012641839573878107
-0.011756286312129351
-0.010109912609452215
-0.008429334319996639
-0.002679305788121513
 0.0036709441019224746
 0.0065440528729551715
 0.009308101875347313
 0.012454811680128646
 0.01244517750149421
 0.007119210614930997
 0.0022781347011545227
-0.0023997018319150626
-0.00462416055449519
-0.00028484978376040434
 0.0059523061225142
 0.00794220124154021
 0.007349364425704375
 0.008489413148122033
 0.008060846486378517
 0.007610401115408129
 0.007685401363327762
 0.00680997559737798
 0.00548059704837527
 0.004629998187755815
 0.004040710228475663
 0.004562000603979608
 0.006225498602230388
 0.005459978780024419
 0.0062921500480116405
 0.008608331533693463
 0.007940270564783851
 0.005641662729319651
 0.0005232500201011751
-0.005853040210209182
-0.008972908190517267
-0.012085093484715509
-0.016316735518690614
-0.017717547270948205
-0.016544788389411844
-0.012753256591760357
-0.010557277297465617
-0.01078210794793392
-0.007710418163341471
-0.004833781154016156
-0.0030745970901002485
-0.0011782888270704078
-0.001198950003985992
-0.0017838398932743214
-0.0009192574223928868
 0.003505352131104585
 0.00571894997110292
 0.0030706257285263083
 0.0036148330597622798
 0.0041815211908788645
-0.0003375496896354467
-0.003908925469380416
-0.0023499935651443214
 0.0019311576556751058
 0.003719765107443944
 0.003606823467427531
 0.007078891256562938
 0.011017740335217465
 0.011350723285043366
 0.008536919562474645
 0.0056248375643093785
 0.0030120912597211592
-3.182079232519212e-05
 0.0015999562781344413
 0.0032147746388779264
 0.0034245704609065825
 0.0013871027716033132
-0.0009960254732702
 0.001134058360676369
 0.0007447351079165785
 0.0021119601140262723
 0.0038374241677691643
 0.0029965656078679956
 0.003163635402120795
 0.0019811622605195377
 0.0006874804921541222
-0.004416347543695164
-0.010147495031783362
-0.01340976160677079
-0.018450938622951624
-0.019494210738274644
-0.017754983141178567
-0.015238379644299952
-0.010799923524429537
-0.006593978209641474
-0.00178807717290436
-2.858057768193296e-05
 0.0014416809790135552
 0.007815856811433717
 0.014675511488451837
 0.0140641050757211
 0.011290326873544563
 0.014062503870899962
 0.015305187693412091
 0.015345937290856967
 0.015910511825586587
 0.012549003634566382
 0.006740145686441135
 0.004437521670231986
 0.005888505743069864
 0.006517244291649146
 0.007990973857929958
 0.008460639193447457
 0.005193914421367676
 0.0023300780988777412
 0.0003035776144801026
-0.0014019868359629384
-0.004572113734256889
-0.0077208126539221955
-0.011642631956157973
-0.019706564498122102
-0.02132273061614396
-0.02064578435242484
-0.023553912164335174
-0.02117855595284469
-0.02017745973701058
-0.020339389525533092
-0.015924810730213384
-0.012639390292559186
-0.009453902627705638
-0.00479638018290226
 0.002272312790981694
 0.008466244417741582
 0.007973010389057008
 0.008198177685498463
 0.010295876495658078
 0.010914833565829712
 0.012099678684253901
 0.01307711147754068
 0.0146181531789344
 0.014678071727391962
 0.01098627631144707
 0.007238607609135633
 0.007019165533027382
 0.009044037987522235
 0.00865276771509199
 0.006514743081184427
 0.008290339641569115
 0.011562610963536835
 0.01056398255920273
 0.006561003123453459
 0.006172432570122611
 0.007259192559014221
-0.00047822584564973913
-0.009179952525987477
-0.012180590476264156
-0.012178571814913613
-0.01055794951814124
-0.011992403333703626
-0.013302565868507492
-0.016162239791401495
-0.016821109562149335
-0.012626886538135438
-0.012539081521763348
-0.012001876306890131
-0.010416209950436366
-0.00935215551073594
-0.00665834106168347
-0.007469340121338298
-0.010349351262748692
-0.011288493690345666
-0.01219606587202296
-0.011820056379627417
-0.0050471158366359285
 0.0020443652456769807
 0.0029431460358609117
 0.00799029173099868
 0.014321320235255217
 0.01375164331049677
 0.014772019995368778
 0.017927458565073547
 0.015566512187510172
 0.011399100019596898
 0.01153364840498249
 0.010359339382328041
 0.006218712379091329
 0.003920565400534772
 0.005932232172556195
 0.00565598051291422
 0.0023923106543246677
 0.0013801025982490202
-0.0034270302647702662
-0.008643439388362562
-0.010023926711983343
-0.009603343403846155
-0.008819356682948745
-0.008370192501887414
-0.007744889562769797
-0.009203297426480952
-0.00886053489156212
-0.004676639732382558
-0.004826881338082846
-0.011523151050788877
-0.01628106655635912
-0.013185203979665015
-0.005228116925816637
 0.0025477375938020223
 0.008292573990670751
 0.012218081823068558
 0.015128166595823498
 0.013043758315276694
 0.009828927352908122
 0.009215324007750924
 0.004436332918974477
 0.00037386204366815116
 0.0031693393035413632
 0.007128730508548897
 0.007620442389639399
 0.00857658808538575
 0.010104445566908541
 0.007331604177719853
 0.005976308279520002
 0.009166920241096213
 0.009106019075350523
 0.0046056935256380115
 0.0032896728996491564
 0.00398604926656762
 0.0016183999407968668
-0.0002726856303914847
 0.0007762336124233568
 0.0032298695655929507
 0.003615671142292665
 0.0006816399232010853
-0.0017467012228589557
 0.0005948684366262111
 0.0004397040184666948
-0.003209597454684057
-0.006244619820484615
-0.014846397704344146
-0.022478989762903235
-0.028203263431208166
-0.03032438344874716
-0.023354761046783096
-0.014804142818728307
-0.006168918923771508
-0.00016574096064897697
 0.002451944489073611
 0.004113558731895921
 0.0041511252504621305
 0.007568936728374099
 0.014421258629357149
 0.01661169932461305
 0.015747780013209468
 0.017041871733410808
 0.015355526226900193
 0.010607541860016674
 0.008952096956795707
 0.008101623172538014
 0.0071624411175321215
 0.0078022284444205685
 0.007278313707323222
 0.007265539039508966
 0.006006276961299988
 0.00047556010275617985
-0.0029866766292529477
-0.002357126786943686
 0.0006245780698120746
 0.0012186982942580234
-0.0028871101414087567
-0.008808411956657497
-0.014860881855676095
-0.016693617486593256
-0.017993000721028142
-0.01985194171546056
-0.018266676356355205
-0.014902063902058739
-0.008344787395734306
-0.002591637801642827
-0.0009448401647928731
 0.00039297887726976144
-0.0003828993021914692
 0.0007987330224414954
 0.006062453814357491
 0.00826568003043205
 0.008751435463425829
 0.009735999523077523
 0.012048191777382053
 0.014533183504180352
 0.01653365588771469
 0.01900027662955773
 0.02146654412664506
 0.02031576794456586
 0.013675415962339375
 0.008456376836233409
 0.0024884215149222153
-0.002445266879020021
-0.003930864032370788
-0.00543377486921414
-0.00884013168267096
-0.014533504427663884
-0.016054115954632985
-0.014629438159489838
-0.009198392395428885
-0.004345755585292178
-0.0036388747093547853
-0.0042932201757887286
-0.006541027565472732
-0.005283060438813862
-0.0034969175075632328
-0.001773742581178004
-0.0017573071569729586
-0.000634588938073413
 0.007188441386239963
 0.014822873853366338
 0.018359012035985132
 0.01728568617968464
 0.01518444757810964
 0.013324134030077513
 0.009100307969667605
 0.004425447694757399
-0.0005301419190951865
-0.004592897761038517
-0.006068671888509306
-0.006981216343870116
-0.005203338535330838
-0.0035412837687203856
-0.005779183101806926
-0.006167357382880459
-0.004266476883735856
-0.006005127230613509
-0.00908392275170021
-0.006870422940446295
-0.004805837346658649
-0.007733497328670222
-0.008433427429909717
-0.00677543314302106
-0.005090659168301168
-0.0009040018522167691
 0.003709116003770666
 0.005147804683127898
 0.00501833756528415
 0.00445392227574752
 0.000232976357546717
-0.0014686606575984008
-0.0019889739086426943
-0.0037787609508481445
-0.00357696505424236
-0.003956554326117113
 0.0013228455912095247
 0.004947639789554311
 0.002066681677684236
 0.0019200652193670491
 0.002130855619374189
 0.0016599991173876438
 0.0016254811880367281
 0.0026136495132468144
 0.003774265921378459
 0.0026494800092105087
 0.000179980416719631
-0.0006121143189323624
 0.0025122241700598065
 0.004750285602582203
 0.00206395182670097
-0.00037827396997070157
 0.0003822636508586947
 0.0009252381523823372
 0.003672647482527805
 0.007430443385728364
 0.0058707280041269405
 0.003656028021732286
 0.0024122417434177795
 0.0011544731591165418
-0.0012980647590166681
-0.006081799714481006
-0.0066610393790428185
-0.0065828231806058565
-0.005440818379064291
-0.0013098749076189665
-0.0012866888999261852
-0.003934602046126932
-0.00687734590994009
-0.009015489943624036
-0.009259039237752854
-0.00828361049207154
-0.009059538459347132
-0.007229541834969889
-0.0019821254796118285
-0.00028266782697522144
 0.001365757378122743
 0.0029502109976252077
 0.0015181623010703475
 0.0005130197505964541
 0.0023051041500222022
 0.0048495232208773985
 0.007414696471049919
 0.010374224277758368
 0.01282105558909476
 0.012545139594597455
 0.009761896057970978
 0.0078027071140399275
 0.005597120572458388
 0.0026215939839383685
-0.003042585520369989
-0.00814792762892809
-0.009373186820632701
-0.012073227504947158
-0.014387637860407839
-0.016076901694354863
-0.015527562247651299
-0.011659688845270078
-0.01088540972215769
-0.010928744934696566
-0.011187059246492666
-0.011854847150020697
-0.009101523860245427
-0.005121303309330573
-0.0005576210971649025
 0.0050932376497572875
 0.009040199018439471
 0.010356423414850146
 0.013427901359043556
 0.016232042164376584
 0.014629522870075773
 0.013490828435133653
 0.01184086010801009
 0.010909526923013507
 0.011281394839811137
 0.010047342102220233
 0.008752617092619713
 0.005701650644795407
 0.0036943590181248353
 0.0017502313554872372
-0.0031765678647484186
-0.004547167577087191
-0.0014533550241485472
 0.0004642791082841313
 0.0007773085924872048
 0.0001663399864162083
-0.0006565333213515652
-0.0009798058765529954
-0.0020480063909407895
-0.004608698743156358
-0.005540054231742116
-0.00029532843964978595
 0.003714872760161936
 7.17666707890824e-05
-0.0063097383386561574
-0.00799541182099211
-0.006611963879330492
-0.008909872387425005
-0.012152795283771896
-0.01510328542400784
-0.01537005869421161
-0.012167441024045855
-0.009284303600656515
-0.0046947916128243505
-5.2066608978174365e-05
 0.004190004480983291
 0.007069692012556505
 0.005833097061343368
 0.006493889100454647
 0.004762416972088857
 0.0011700330990301092
 0.0031875104378619812
 0.0037675116830564585
 0.005229351954324754
 0.009734782362604465
 0.010775419521816113
 0.009704707021354673
 0.00845971833704301
 0.006747138140102184
 0.006890863213233006
 0.0067118899921619676
 0.005473333350837282
 0.004450851963518531
 0.002489828403443144
 0.0007532239863200777
-0.0035919916195055277
-0.007822040474980124
-0.00816918518285778
-0.007591011402560012
-0.00742885449144298
-0.006887379980416711
-0.005299319034196588
-0.0027807425385261977
 0.001898869672910562
 0.005069980299593488
 0.004133424443283418
 0.0019546008252374104
-0.0010696722273013202
-0.0017805726240466891
 0.0008255290482906764
 0.0024889235680648596
 0.002316303502359213
-0.0018141899082262513
-0.0057811560585356685
-0.005009912655825814
-0.0021075604890991575
 0.0003188030619917128
 0.0007676756453520497
 0.0027323823640930125
 0.0023108481554792296
 0.000492858924817285
 0.00024872432066269873
-0.001017264729210894
-0.001980816547374711
-0.0033170797791604095
-0.0016573716689390287
-0.00021873428171928405
 0.001954516671201147
 0.0053497931160704625
 0.0035922001524275114
 0.0017530276124312833
 0.004064630464057913
 0.010625865029994259
 0.01331460247765843
 0.010666128816108272
 0.01036022338528072
 0.008320393719259626
 0.004966338141790252
 0.005210104283122202
 0.005517349792294962
 0.00360284061654482
-0.0008655862719854234
-0.005602418358127082
-0.007268482241065589
-0.008043218769545554
-0.007824730936135215
-0.008447714000694714
-0.008548608194598515
-0.004568015312659072
-0.0030849223142744267
-0.0048088542546225995
-0.003635214827724981
 0.0006942095985285116
 0.0017648003116022388
-0.0005886542031227758
-0.0011354778979268884
-0.0011479370461866419
-0.0011592165175216287
-0.00020772881148319942
 0.002033322601924216
 0.0017022152560711794
-0.002019972030234395
-0.003241666664492828
-0.0038264338520622005
-0.004006159104832192
-0.005920879972533966
-0.00961467476702514
-0.007057821842011428
-0.002284718711370253
-0.0007743654579114364
-0.0018431696434684664
-0.0019763486842261234
-9.71257201749281e-05
 0.0015529204349929056
 0.002334480297907685
 0.004657938778346819
 0.007471497664491905
 0.004977685409328971
 0.0007804781018552763
-0.0021851650922101516
-0.0027752009364910334
 0.00039718173839985583
 0.0025377039394595944
 0.0043038648867793836
 0.011453508645820292
 0.017407477919099145
 0.01521898626059787
 0.011619798756969965
 0.009424140981198105
 0.005742844334772236
 0.0024263344181143886
 0.00032073124643436173
-0.004253178412448881
-0.00667676030892909
-0.004540122148974
-0.0015744969688806735
-0.00021314363202895522
-0.003921958494749636
-0.007078867513902925
-0.00841711139095373
-0.010270703456754186
-0.0084230481464348
-0.006222558323640518
-0.004345595224347551
 0.0007208938265673222
 0.003135610303267995
 0.0026438476810278014
 0.0036381879274404597
 0.002556873046635561
-0.0010824474969125858
-0.0036568215307469713
-0.003151480302604823
-0.003340039948105372
-0.005713574234583469
-0.0028919681727328644
-0.00046365020318806085
-0.00424246967027254
-0.00605474315181208
-0.002533539555703447
 0.0029048449710808665
 0.007001054340963657
 0.008862479834738705
 0.008571225560897167
 0.007784522297231842
 0.0057695828967323295
 0.0031147996274515674
 0.002068243193420855
 0.0016694976504885966
 0.003032237216652797
 0.00513143237571512
 0.004912698802161871
 0.004191553046403374
 0.0019073933591549042
-0.00030966966295597445
 0.0014925713489809158
 0.0033336278101165095
 0.003326703891306216
 0.0007338273392461682
-0.0002817439335996328
-0.0017237022658049106
-0.007594395261806774
-0.008416724693427776
-0.005494290541757566
-0.0038215051421371326
-0.0033290854431892126
-0.004385008744451806
-0.006575278725110415
-0.010093193434502561
-0.01014779268183507
-0.007014469808289781
-0.004769956018821076
-0.0012382218284911364
 0.004258699435352086
 0.0076113714332169125
 0.0052161875020146145
 0.0017529661961419246
 0.0028567682547391716
 0.002456095964877979
 0.0002528060089058811
-6.565989881347966e-05
-0.0020740811051641554
-0.004552006789115637
-0.006985077428407517
-0.006208474501214562
-0.0039208013056905135
-0.004420406705740991
-0.0033178094070669484
-0.002508663981345356
-0.0015388662202582184
 0.0011758338151228761
 0.002089029219920065
 0.0002956030899135393
-0.00045089036903251057
 0.0016276059716451947
 0.0012410167150167326
-0.0010132523465821168
-0.0016882548270742337
-0.0016008830675712888
-0.0026184630694041883
-0.0036534891664347286
-0.0030948366788490496
-0.0020070364244713333
 0.0010209593848579423
 0.002555402683902759
 0.0019352655264941628
 0.0020570251222086374
 0.0025130382021229672
 0.00590056282353494
 0.005981662603368308
 0.0004777874113719287
-0.003190967033523394
-0.004672234368843983
-0.0019496131496633319
 0.000963447427500767
 0.0016810030077389867
 0.003497096810556716
 0.00428272474224544
 0.005860537389672003
 0.006850613786224873
 0.00754983903123049
 0.007055034487098932
 0.004507769685467231
 0.003903314997493658
 0.0021115217517063897
-0.0006334204475571044
-0.003969249854077095
-0.009343860712025772
-0.011607574164850018
-0.011447245451652833
-0.01198782621093634
-0.011797617683246563
-0.010244476299126488
-0.00759279064247887
-0.0057776576549386635
-0.002526119076355053
 0.0007042531558235177
 0.00024881210690851736
 0.0020695956749879015
 0.007136133508421464
 0.010156753227210257
 0.009471371893255481
 0.007601568365558732
 0.006779889787259584
 0.002394355429806651
-0.0033271053661385963
-0.002664498155617228
-0.0013116127783729177
-0.002780141733327334
-0.002931691495043393
-0.004702069948290312
-0.00614892756086441
-0.002627273928681237
 0.001059493436881224
 0.0043379037961835945
 0.005690029000054395
 0.005217124568629758
 0.007357372193924992
 0.009701452899468615
 0.010075520794092378
 0.008221099665882291
 0.0060164509325806356
 0.0028287315990954127
 0.00037544343542126105
-0.0008554294379719336
-0.0030834702919185397
-0.003426995859414498
-0.004018068467654637
-0.004528974654303957
-0.0034610011681163867
-0.0019621472126954377
-0.002817831309345617
-0.00491904081590927
-0.003991588070061834
-0.005164490017999215
-0.0027402815767352978
 0.002555039963048494
 0.002944433776213284
 0.0052175095173276915
 0.0065157949653154405
 0.005275030011713908
 0.004366160367831141
 0.005930117764209615
 0.007290678754099592
 0.0033067822217642882
-0.0017690403950648967
-0.006003412630945893
-0.006921450288273542
-0.006148630337486865
-0.004868196820884356
-0.003008026020030078
-0.0018875522130211504
 0.00034389542334853655
 0.0019320503558071433
 0.003733325420137016
 0.0038880619740444084
 0.0033738177146011316
 0.0062835284376092
 0.008502366328670768
 0.006257243264029233
 0.0027388229063670033
 0.004546879430111648
 0.005268256045364222
 0.002592900455180809
 0.003205150230904272
 0.004014539515521717
 0.005373355869344244
 0.0075565800351075465
 0.007308773905138986
 0.0034420938764489423
-0.001160380769609835
-0.0027269002179797007
-0.0017192941827263227
-0.0008851424134349541
-0.0017988958048549063
-0.0013868494526663808
-0.0025747028366231144
-0.008017070601663194
-0.012536885207997497
-0.015131555103036558
-0.01432703783534897
-0.011480229341098573
-0.010245758869201187
-0.00939749582342338
-0.0076411887371653905
-0.004085804131998968
-0.0027664786556320193
-0.0004213310682440725
 0.002305338866578023
 0.002635754318741678
 0.003527770796867571
 0.002069558911173502
 0.004529735599564921
 0.00938258958494132
 0.008432167731030248
 0.00573566978327126
 0.0055233704624643954
 0.005288909642180798
 0.0032109919762892286
-0.0007211894550445097
-0.004874072118451778
-0.005606859507111768
-0.001428320036206658
 0.0013463905099121234
-0.003230007783657326
-0.007895570706108947
-0.009060555316623316
-0.005747972774342362
-0.0016036976613845756
 0.000577518805208091
 0.0025756041806743427
 0.0016552637779933916
 0.0017212984168396746
 0.002093225870589219
 0.0013383980987489836
-0.0004569286258581372
-0.0032676692795208487
-0.0054890635085347
-0.006188235453085824
-0.004575030206410887
-0.0028217622127982896
-0.0013019913508549924
-0.0023261398398464785
-0.0013069992053151157
 0.0020497541097835447
-0.0004281407720561607
-0.00332816076631038
-0.0021871956824976863
-0.00036069813802496343
 0.0012701232062246757
 0.0026827898900837707
 0.0037170370762030533
 0.003655806587110954
 0.005420945599754714
 0.010654617917446109
 0.012742843480793967
 0.010999861973857872
 0.011096340871341879
 0.011071489123436433
 0.008875753022962793
 0.00608153991171555
 0.0027763109668392035
-0.0013758673603587036
-0.003894655711911716
-0.0018981339529239999
 0.0002474832496977054
 0.0005872766369818585
-0.0003042338534281941
-0.001646547056015642
-0.0007261740958565679
-0.001951531590814244
-0.005317956365993461
-0.00484108139500131
-0.003830999824665221
-0.005840970276697643
-0.008448090110777443
-0.00871203083093151
-0.007279686466857433
-0.006711798900507315
-0.006452452191660243
-0.0066836704280906975
-0.006726754103785621
-0.004419522443966055
-0.0018551860222799448
 0.0002364943114257919
 0.0031121184691663426
 0.004872470977540164
 0.008332511562216371
 0.009660799501975613
 0.005426892770805804
 0.001432211453858682
 0.0007488339570854293
 0.001777421853956343
 2.334817167167366e-06
-0.001895650472879201
-0.0031548324021533516
-0.003688208427057944
-0.004430159568358157
-0.00508097902847998
-0.004419043088594129
-0.003736536226240212
-0.002080558514145461
-0.0014810972465507577
-0.0002204871222280679
-0.0004653461740316712
-0.001900821852083298
-0.0004151191835848535
 0.0034049239779762592
 0.00911886138194955
 0.011939743415394605
 0.010542934922233516
 0.007658758129768508
 0.0044110784225838175
 0.0035247817105654735
 0.005800945723452121
 0.00618021594258128
 0.004334593119422177
 0.002313478546185415
 0.0003609766071103613
-0.0011171998220075236
-0.0030940257323449124
-0.002521525858631742
-0.0011970561926693737
-0.00041212897134044985
-0.0019103592021318652
-0.00436534695534814
-0.005987845784851535
-0.010444726234184663
-0.010693952535351721
-0.007703201140492364
-0.00591989147235626
-0.004550972818225636
-0.0022156923084405227
 0.002459566501332668
 0.0067305322094223545
 0.008770642541050004
 0.007883575574832116
 0.00838276508809875
 0.009245220441774471
 0.01050661507596091
 0.012756824900875386
 0.010632614142564134
 0.007584665927089693
 0.0053001543646832355
 0.0017598631892898078
-0.002346621237414532
-0.004556066505675817
-0.00418981271832653
-0.0051761343964494225
-0.006356151576504412
-0.004996949671489464
-0.004244834849745843
-0.004995086578087428
-0.00642695537911354
-0.008217264502878689
-0.008390772412222554
-0.008180531833355922
-0.006822144286618784
-0.003475679895768678
-0.0011693235180641247
-0.0013451813041327836
-0.0024530747465896013
-0.0009948604404726037
-0.0010255950895154194
-0.0035032887092504425
-0.000934991655789072
 0.00339565236540039
 0.003361788514873946
 0.003238404888810369
 0.006383105187049078
 0.009577504889545443
 0.01255208449256334
 0.014673009595569974
 0.015357861552072872
 0.015615075948974396
 0.01298698080147321
 0.01000230213483185
 0.0093199143101791
 0.007205587211135792
 0.002331053385141457
-0.003543867035795671
-0.0061911870087107464
-0.004639819353443147
-0.006469403873845316
-0.010223467872389948
-0.010947123140025604
-0.012330637189115668
-0.014634596242233247
-0.015427490637988133
-0.012057105552152609
-0.007564389769112479
-0.0067255717391106465
-0.006688117041686927
-0.00617818127461717
-0.0067048623912623175
-0.0056882185780928254
-0.002564554259469968
-0.0019023818971051138
-0.001364370405048963
 0.00032675057661712037
 0.0004264364378614576
 0.0006087974967821633
 0.0016247539447304354
 0.003364660424893963
 0.0044974771164349005
 0.005192439460998435
 0.0035334525686165374
 0.00012592501812994184
 0.001289906726736287
 0.0036260326386524954
 0.0045883287801260645
 0.0066970106265996625
 0.008214354505515623
 0.006406779684253368
 0.003269024757641102
 0.0039045959470296048
 0.0051722720954643095
 0.006724089497886772
 0.009624731112680546
 0.007594722455828244
 0.0039558898797294045
 0.0025267220506726734
 0.00022935757090681
-0.001518620876632213
-0.003281015741161352
-0.0035410265526887455
 0.0005623995656784666
 0.00107940845183246
-0.002244846923332622
-0.002248453175140714
-0.0016862255161190745
-0.002975664183371416
-0.003685005651476338
-0.0044598706417961105
-0.006274219460188456
-0.006653601030924726
-0.007581283034841855
-0.007139792496420468
-0.002120818603229702
-0.0005774776863850412
-0.001625285801781952
-0.0012923171796244634
-0.0017362326377574173
-0.0010654241078178889
 0.00027802506002401207
-0.00013520964886935442
-0.003921175544940106
-0.0042375609522421614
 0.00015806816053235304
 0.0011231636551093335
 0.0017576045553302565
 0.003951784157044537
 0.006869269093871344
 0.007400710757197157
 0.005098646983841996
 0.0044104384616756856
 0.0033777783575751077
 0.0004376852187815232
-0.002423108719519528
 0.002340071394048982
 0.00576470874759127
 0.0015634412431417386
 0.0010341585667896262
-0.0002976374583653389
-0.0029789162847896214
-0.00407643410197961
-0.005492313731257558
-0.006219496796332178
-0.005675320911852798
-0.00340820195902684
 4.0654105259101756e-05
 0.004345111217459136
 0.007227105882221306
 0.006856667950949576
 0.0036242510511233614
 0.0023285239870113497
 0.002617185236835657
 0.004201812279184033
 0.008615195231552646
 0.010752068865106589
 0.010179803044839623
 0.009540258047197556
 0.008898846734017665
 0.0057930611511596754
 0.002901539377354344
 0.0031742474908176945
 0.0022020553675349483
 0.0005028107747725212
 0.0005463706484418589
-0.0016703729838041367
-0.005811039477057818
-0.008314573123689644
-0.010663497682040828
-0.013871758503560244
-0.017728049686371438
-0.019862757847602525
-0.020416181921236072
-0.019267438497445718
-0.014940107330847415
-0.010616028049616703
-0.006459405918949634
-0.0032876431279775936
-9.548657282238283e-05
 0.0034801012627831748
 0.007333163834256539
 0.009677578585146335
 0.009718755771750007
 0.014907743829316806
 0.01907104724680793
 0.01834595353859663
 0.018428456482391387
 0.0191236876575979
 0.01720331865063753
 0.013414463866045796
 0.012076513295320728
 0.01108031550963431
 0.0102912312008649
 0.010481473137725439
 0.008671311832724219
 0.003931634329592324
-2.8251275999449096e-05
-0.002231409660793041
-0.004319815681197722
-0.005879205250039345
-0.006813251721863944
-0.008628294760323046
-0.011446166924284969
-0.012395227130771985
-0.01197595207610297
-0.009187331438024988
-0.006801743555505363
-0.006231144318292173
-0.005717390397838629
-0.007843638030322949
-0.007320311537276509
-0.004198883807917494
-0.004404768348075235
-0.006497956253269883
-0.006326158904081443
-0.0015310668634027438
 0.00221998271736304
 5.590626411753628e-05
-0.001901941942671581
-0.001494343719700219
-0.0043184095676313166
-0.0071786959121034255
-0.005762459979657129
-0.0018180555774695792
 0.0020002381758603984
 0.0006200353112161365
-0.0010902054762812817
 0.003028413346959441
 0.006729499778254373
 0.006524440127028432
 0.0064294264079116075
 0.009857537875874327
 0.012051728681575877
 0.012708698697712241
 0.014535751596153251
 0.013465580728822379
 0.009228819036979977
 0.003998283373932778
 0.00030530914942174725
-0.0032187449662860164
-0.007229661230506617
-0.010942144336825726
-0.014256736958602353
-0.015228592725206762
-0.01584326014243446
-0.014110311192331554
-0.010373132511873107
-0.009090917155080617
-0.008753360507635088
-0.00860990869495128
-0.011358190982650857
-0.01535870912345183
-0.015076993448651654
-0.010673467525990866
-0.005391336918500243
-0.000549103514661674
 0.004962321900662487
 0.009556531797061249
 0.011172474335471028
 0.013057445291199975
 0.013586017231889666
 0.012624561936396312
 0.012295341139935296
 0.011353958038823157
 0.012264903008263748
 0.012627139717404565
 0.012078108457871066
 0.010914627248034407
 0.008149384354120909
 0.008789130636832225
 0.00851755897505073
 0.0047373253445385285
 0.00040885475570810205
-0.0041244766892250045
-0.0068914170833092115
-0.009895264333503342
-0.01382012532363157
-0.016091505251200473
-0.018640585279479892
-0.021366253636963695
-0.01918694279618921
-0.016216887923192303
-0.015381594161313699
-0.012341795620368105
-0.010234670369712727
-0.008571142883517903
-0.007404877633819395
-0.005704893315161166
-8.258987699175953e-05
 0.004851491400926189
 0.010729960197833802
 0.014336654538560143
 0.011940550879870095
 0.011333674157944137
 0.010491436818509425
 0.006142296106907084
 0.005680334407413673
 0.006788093393699872
 0.005586177523300569
 0.005298622421594498
 0.0037801189087258336
 0.002703513426244112
 0.0018960958222233233
 0.0016311674202802175
 0.005611376898795556
 0.00721199601898537
 0.0038988130751893084
 0.001827886533079104
 0.0020405793923523458
 0.0012056916188154404
 0.00010911263505285132
-0.00030792706534790227
-0.0023860383199085875
-0.0038306436395835197
-0.003184641523431143
-0.0022402774904691416
-0.0019116751529753382
-0.002890278325612997
-0.0032562288974503054
-0.0037351590790111974
-0.005036215220784264
-0.005930795575000723
-0.00534984074832474
-0.003991303794270675
-0.005619455957904768
-0.00824358451790767
-0.008154671329911486
-0.0051593219108524956
-0.0035056674236468004
-0.00417314273642358
-0.004150355018076547
-0.0015348741163915167
 0.003986845896324857
 0.007224710394709145
 0.008915259873082318
 0.009465113155849893
 0.008730450231567426
 0.009521662371910655
 0.009695928857063846
 0.00817344117842129
 0.004624697844214468
 0.002399601208098256
 0.0020230606608856306
 0.0006809695113783275
-0.0026553612770564023
-0.0046274980277050525
-0.0034607945668189677
-0.003161647748473779
-8.371411729339792e-06
 0.0030798018229648964
 0.003011142010327095
 0.00018171215800853914
-0.003908835196657851
-0.002830227129903221
-0.002006969730058015
-0.0021286741653198473
-0.0018340890554622488
-0.0035259415639179743
-0.002709655508762665
-0.00026708261467514144
 0.0032639807884618168
 0.007257592066864958
 0.007902055809707414
 0.008604628929093725
 0.009958200855863561
 0.009620319903706803
 0.00868133304661374
 0.007770350946460255
 0.004931946778798444
-0.0005038868574393591
-0.004806524281655571
-0.006907517129522994
-0.007079230829595069
-0.0074735492036785214
-0.007588468632734793
-0.005670625979494526
-0.004866620545369473
-0.0035132860298917475
-0.0016085672097225872
-0.002590201212132868
-0.0036529385404552523
-0.002211655512843688
 2.8543500615948856e-05
 0.0019703858703447085
 0.0053868782098257335
 0.01150507861147699
 0.015239546825457813
 0.014996624594614405
 0.012671610570881163
 0.007184562705243776
 0.0021554499856138495
-0.0031243590928595054
-0.007256111996200242
-0.005588065268241458
-0.004700763705412795
-0.005213074192123319
-0.005792144345037649
-0.007100268341113206
-0.004509349193345041
-0.001966048368286361
-0.0026916618699776773
-0.0016180397805038971
 0.0010252714587359185
-0.0005783548887169528
-0.002112252508698194
 0.0005566601110197507
 0.0023796186100435634
 0.0035503482046369173
 0.004795746751836201
 0.004797009497565108
 0.0036497334971767772
 0.0048103975615474215
 0.006128532291103864
 0.0031305293326176708
 0.0016744353140389996
 0.003736568921115887
 0.006456931890031254
 0.006389806247359832
 0.0023630418553224845
-0.0009129489616145005
-0.0013908022887773749
 0.0008916414960079363
 0.0025187179959494316
 0.002272979900319679
 0.00036667927231592146
-0.0031929498719435057
-0.003961468792346697
-0.0034063890614329973
-0.0016205133916650217
 0.0005482710243044539
 0.0011197618760036487
 0.0003813457004541486
-0.0033998896399544923
-0.005974885750539426
-0.00777227846855409
-0.010173665071620678
-0.010712836886420682
-0.011897201494172966
-0.012638005930589042
-0.011273328188667107
-0.00928541266941587
-0.007910012568277582
-0.01062918834872673
-0.013578560631294381
-0.011861818302772473
-0.009936304702518623
-0.008107140803882036
-0.005038013187723187
-0.001646568108325322
 0.0024352448034815457
 0.007862831069303211
 0.012098176177925692
 0.015679854229186222
 0.019601226063152767
 0.018628980936453425
 0.017344281046080424
 0.016167450252864913
 0.01074576089245004
 0.006304920939867423
 0.003747265705439692
 0.001435267042005142
-0.0014593978508716018
-0.003082771829303513
-0.0010574279440176192
 0.00040943881137635746
-0.0010051291020505948
-0.004288424789526235
-0.005061869247300543
-0.0023052465026108565
-0.001074032175720052
 0.0006354834478821521
 0.0019313888940498856
 0.001105825002903189
 0.0003332365755412734
-0.0006030794092689456
-0.0008486262948299296
-0.0011654279858860676
-0.0021343645503489944
-0.006797787048507769
-0.014089804288933349
-0.016091892292415796
-0.014059516587639957
-0.012827456135814458
-0.011793552856278911
-0.00915351704125487
-0.0046312645002710515
-0.0012062053183140183
 7.631100361499805e-06
 0.0012227034819437606
 0.0023948973868247805
 0.004209785611314757
 0.008988954086490131
 0.012032847681191805
 0.01108239919486648
 0.008471980029266265
 0.00456627767382601
 0.0026850335545911025
 0.0012613868837210067
 0.0016611776922794968
 0.0032580329380003125
 0.002211358819277296
 0.001927564556248851
 0.0015432045238580412
 0.002424426557587501
 0.002766831816293914
 0.0001976114743118306
 0.0002644985595300665
 0.0015804110617417826
 0.002426988470988318
 0.0026982015224446035
 0.0012648472158059434
 0.0011180445725773385
 0.0009122276900771477
 0.0011494962007574734
 0.0025636399485645116
 0.002079708177296386
 0.0006526657096943329
-0.003349244436479624
-0.00803809080053541
-0.010376181795916399
-0.010099782616442192
-0.007686112328038193
-0.007091418522818795
-0.007253961727659563
-0.0058418535776980475
-0.004721219308454581
-0.00471179006605068
-0.0049486245005435515
-0.004314358037722082
-0.0006147565758211085
 0.00335882298310786
 0.004468912730394246
 0.006861880858820287
 0.010780758195687037
 0.01159659975935595
 0.010755593723504821
 0.008876633866592813
 0.006094213913482728
 0.004149857346483663
 0.0017099895617512404
 0.00019339407647878912
-0.0033483553268777205
-0.004848986118802156
-0.002653551685237083
-0.00308442218451338
-0.0010973007590045372
 0.0003971819593591748
-0.0007847902235814042
-0.00021976196182931954
 0.0016307102457663123
 0.0022789230748424026
 0.00017280595805771419
-0.0005851329415286256
-0.000367262248870931
-0.0014697903076245395
-0.0029414026919036876
-0.006329863999827376
-0.009996666037919431
-0.008823052051826612
-0.004096430033753878
-0.0018792954305706891
-0.00026213577271949574
 0.0011557603582209501
 0.001305872136132639
 0.004021204093665803
 0.0060712133310265115
 0.0063431181414036735
 0.0046522277858345226
 0.002661947914844149
 0.0035259703363359506
 0.0027667446568875203
 0.001285856907586811
 0.0033909879839325576
 0.0056910294107496455
 0.004902366752528195
 0.002124974000715235
-0.0012982913734684847
-0.003287635194058452
-0.004250707586452522
-0.00356106813299753
-0.003021621461689974
-0.0036760314370371367
-0.003900476225397882
-0.004007347224973148
-0.0022447879201645247
 0.00013597225294108685
 0.002382161704048826
 0.0027436938875409814
-0.0003092767508536384
-0.003913598633757455
-0.005235596623669687
-0.0049481144468971686
-0.0021190671492245816
 0.002815799119012501
 0.004974270799553597
 0.006523738506083956
 0.006760054380563339
 0.005586935514954545
 0.0068314085575996
 0.005985370162386171
 0.003745303463590631
 0.003939316719642066
 0.0037555269388627795
 0.0019580863616945545
 0.001089805522674593
 0.0023723808562631917
 0.00250677116217796
 0.002619158203454444
 0.003058271409196901
 0.0005435107617540568
-0.002534255757859574
-0.005044767917158494
-0.006837045589507403
-0.006182013620088494
-0.004978850386580053
-0.003681569992901758
-0.0007817143996513413
 0.0020698801645602284
 0.004050283649836555
 0.003513487797592497
 0.00290208379425313
 0.004642950042228336
 0.00283927375474261
-0.0009018653580486248
-0.0004167334487320582
-0.0003690518220938935
-0.003070721920459611
-0.004724964389582389
-0.004913583885287358
-0.003238518226854876
-0.0018543635672009897
 0.00015855898223935246
 0.002272052469788335
 0.002555785045942901
 0.004980117203682902
 0.007675985396638719
 0.007500841974607146
 0.005665662815558468
 0.0028229670371934653
-0.00020975112327936964
-0.000627461350653663
 0.0014490607489547878
 0.0018799603072525745
 0.0010266185078150465
 0.003036064209308192
 0.004192966637229411
 0.001878852366637979
 0.0003744647213189822
 0.0009361391996314948
 0.0006101424825549209
-0.0013850851162413129
-0.0006898187566452333
 0.0005574654558191223
 0.001392043243833258
 0.0030395958203213998
 0.00236738669029053
 0.0004379316893251181
 0.0009860499378271273
 0.0021673920463238417
 0.0008122265399937766
-0.0012142757783989361
-0.0051932103828430266
-0.008050176606371763
-0.008606612012790308
-0.009092135780953622
-0.008136645741623401
-0.004797123794619313
 0.0011011156518825338
 0.003271786655863863
 0.003231586483483184
 0.005527263771383542
 0.007257579514279471
 0.007022125616417941
 0.006083080687375238
 0.0042803501733356805
 0.0023860878614935903
 0.0012314036211232907
-0.001113635703699989
-0.002632366629592167
-0.0038110906862570287
-0.004043345027611188
-0.003615434428600492
-0.004615903828291221
-0.005115583518078093
-0.004960453527187718
-0.0021629551394816357
-0.0002741238293638827
-0.00032201941545006025
 0.0016116432339236897
 0.0035307080371772344
 0.004523888216523117
 0.003549143110290712
 0.0024431159238548082
 0.0016345337108359952
-0.0001823814812204916
-4.254268721076254e-05
-0.0003067171950280082
-0.0026852844171968687
-0.0024535986829032023
-0.0011941441518911952
-0.0009884134043657048
 0.0005999337282720457
-0.0005434079208482901
-0.002662651266472871
-0.0032124371678153908
-0.0043439869990692095
-0.0027289587694517077
-0.0018727431909884265
 7.556162448728429e-05
 0.0038303840413212165
 0.004743914899003847
 0.0066833103381108904
 0.005459306794530235
 0.0016340634608677943
 0.000905663268116139
 0.0008951758029499621
 0.0022654350322623934
 0.0043047225501366805
 0.004742710981307693
 0.005208421411760704
 0.004138285990065166
 0.0020138015667189027
 0.0017347557882467452
-6.659107688692962e-05
-0.0018107940422651544
-0.00258476766071995
-0.006829518118859395
-0.011062010334062872
-0.012285820177621328
-0.011462937123850376
-0.01035742122947606
-0.009052250834660207
-0.00786282723848116
-0.010608267169961102
-0.011568014185033022
-0.008464558402990943
-0.006648229763034194
-0.004327558648380589
-0.0023009481324087885
-0.0006979272247001268
 0.0023274343416570782
 0.004116164042370117
 0.00406750399658939
 0.005112047198433178
 0.009330198497116847
 0.014317291508246717
 0.016702593894871186
 0.01683011053691689
 0.015693186652807667
 0.012686149900250559
 0.008834299150400243
 0.004621600554234498
 0.0008079751774138807
-0.0024487999397563506
-0.005786240096560009
-0.007293643185169243
-0.008996053440485879
-0.010150923993252714
-0.008139096255435097
-0.004270224918344456
-0.00018379729575841218
 0.0009177756180820407
 0.00045947004939807105
-0.0031315392359351096
-0.01143756050370556
-0.014209018084963155
-0.01186120166678445
-0.00999125685797756
-0.006672745764868593
-0.003891032579303488
-0.002650350180495462
-0.0021929526783328423
-0.00046410917873969864
 0.0027644036350421394
 0.004199397697310665
 0.0035647588243825426
 0.0022100009115730026
 0.0011835215538181399
 0.0007206558145762843
-0.0016067992338492966
-0.0028231255906955564
 0.0014219548608548945
 0.005109986156113834
 0.004990268727405956
 0.005634816749716419
 0.007732121239104202
 0.007850388620797587
 0.006850381860445127
 0.008813037981976475
 0.011883705916598932
 0.011302121424920158
 0.009011588731249928
 0.006008087313605609
 0.003893585448146178
 0.004012026502156283
 0.002712001006927499
 0.00011294396446249275
-0.0030350085691461096
-0.005316813953846393
-0.00903501892099598
-0.012703011179220286
-0.011738096437721647
-0.011966237540509385
-0.012112919119459433
-0.009638548181785578
-0.007585519051032321
-0.006124649198677014
-0.007690196779066538
-0.008618161034540984
-0.006491773069954419
-0.0034078410530448025
 0.0005232333167682951
 0.0028083825467136465
 0.003596603826325431
 0.003327180967437996
 0.00387238180908472
 0.0056822375104463195
 0.00767077387688641
 0.009934876132404437
 0.01046702819049074
 0.011289040081025898
 0.01132810837238372
 0.00803936339692268
 0.004698548568889049
 0.0021523042005791733
-0.0018013709746342293
-0.004205827617240377
-0.0021636103666684498
-0.0007246936770989762
-0.00013809900365398595
 0.001694372981946492
 0.004373498291372642
 0.00553697238466078
 0.002232473696024045
-0.0016767270600003491
-0.006451114758428705
-0.012520401048241023
-0.014596975591455395
-0.012209795105853592
-0.01178298910160716
-0.01310258919214321
-0.011701525129904805
-0.008513320183425278
-0.003582449967654068
 0.0016784904153594779
 0.006237889672142171
 0.007095311523608736
 0.0067325495027889945
 0.008566607861297539
 0.009218858162345798
 0.010772370510788859
 0.011350078148109547
 0.009230674354066382
 0.008308162581447554
 0.006453635544727143
 0.0020569864298913363
-0.0014743886294833783
-0.003526155046570775
-0.004149885399588105
-0.0042149642979336256
-0.004324796079836611
-0.003306604058926218
-0.0026238954286066296
-0.00392976416119781
-0.004816127987532367
-0.0036800367314834075
-0.004089452898985056
-0.005041082312874925
-0.004400694746446219
-0.003858353597514614
-0.0036898050883486257
-0.0038694472308526285
-0.0039671480810234945
-0.0032961384391661758
-0.003973112973548133
-0.005509905783351467
-0.003674260613586139
-0.0007817787559858915
 0.0010206175267901514
 0.002142781041244488
 0.00096515030520618
 1.728756410785414e-05
 0.0016207996827423206
 0.002018832255678114
 0.0023886063610848223
 0.0059040829180493784
 0.007333746183150025
 0.0049128460544941655
 0.0027357293460654845
 0.003921784865864303
 0.0051526130451611495
 0.003354275891047681
 0.0025610525189190755
 0.002314448493908139
 0.0026437987705775078
 0.00378663820043822
 0.0031990264572355175
 0.003436289636613436
 0.0034628051645890744
 0.0018258320362254327
 0.00046535709208486616
 4.6682204020387754e-05
 0.0006039999551641926
 0.0015768373780925616
 0.002897906628330609
 0.0023669072758492416
-0.0003073473959549113
-0.003137976449443921
-0.004920265842513893
-0.0054729533229475845
-0.0045272634751263125
-0.0038748284586552495
-0.0069352663005199915
-0.010024642859437669
-0.01140498215062248
-0.013288937031995704
-0.012613812943724418
-0.00981827700760906
-0.006876930244982562
-0.003137769405856538
-0.0005988180484599158
 0.0018661225601455552
 0.004921245808094243
 0.006380037591936652
 0.00562604265430942
 0.004595010726840993
 0.003129742889627138
 0.0009855337783777366
 0.003607531314592877
 0.005963744649719167
 0.004635617344551913
 0.0038357183352205103
 0.004178095407193424
 0.006516930049241182
 0.0064980084340787005
 0.005821935280158174
 0.006260457771680938
 0.006590614217854557
 0.007323971166343161
 0.005862173569003454
 0.005304090061867715
 0.006175498849963916
 0.00608332353195055
 0.004851016188612106
 0.003772433561863672
 0.0023833158897527637
-0.0013894226177563985
-0.00306488632045993
-0.003520891683184817
-0.006348800342835983
-0.00824389093493603
-0.008610478217383156
-0.0075263521575810455
-0.007065263256783363
-0.008249146310981621
-0.007601344088882224
-0.003568751223717506
 0.0011415416798457036
 0.0003957846222596488
-0.00336632987261169
-0.004995382187718459
-0.003988004291920221
-0.0006966879369233916
 0.0028165988606456698
 0.0051948925525678565
 0.006305086397904716
 0.0066966383825476615
 0.005171728336519614
 0.003011595840024347
 0.0018935055225840717
 0.00031727989606410726
 0.0012654137463183079
 0.003714190621652154
 0.0036954536283968775
 0.002599057042691858
-0.0002622276799335214
-0.00015448698092462637
 0.003404953634875336
 0.004791252694024007
 0.005601261852519006
 0.0031222682933163865
-0.001275611752633681
-0.004339793531113448
-0.006211543205295437
-0.00760907445898603
-0.00755361090618357
-0.0039936357148889785
-0.0038383458566830465
-0.0032939001443451793
-0.0011557401037179983
-0.0027510524776452163
-0.00266533063397957
-0.0006293911703212753
 0.0019440478980612358
 0.0037336998958475078
 0.005471341444140357
 0.00494433268831939
 0.0007855222487432894
 0.0008986231921764614
 0.002943547252439441
 0.002481632214853219
 0.0008718435540312247
 0.0002647924419749356
 0.0005253191607802497
-0.0008054649200441416
-0.0015902160283999222
-0.001028037232923377
 0.00029223816258714313
 0.001622850365882297
 0.0024567770062239895
 0.00192572510242957
-0.0009069530143679015
-0.003245907443336951
-0.003077833538704283
-0.003303485311771009
-0.004334009982034756
-0.0024482171205476673
-0.0015040409460654021
-0.0017803903205469793
-0.00196699781109205
-0.0035260273316372395
-0.0028278883315765043
-0.0029624378498897823
-0.002502826099559899
-0.0002969245982811587
 0.00047852870446747663
 0.0009332523830907974
 0.0002853734812823551
 0.002080170681609872
 0.0044630288453526845
 0.005474995701218378
 0.006033498263817657
 0.006162181635138503
 0.008358020820124138
 0.009949287861354014
 0.010191773750674548
 0.010884829097655438
 0.010065542796836718
 0.005012163246490457
-0.0013569016366031536
-0.006860880861970907
-0.00893787569172244
-0.008450323290326096
-0.0098628877737679
-0.009700082258996486
-0.009134639304887312
-0.008737547402482594
-0.008269412236960642
-0.008276860658268102
-0.004909591712462783
-0.00014991214707960578
 0.0022948173328645968
 0.0027534793120357177
 0.003619405302914054
 0.00451091958149121
 0.005875744814348328
 0.006681693197793265
 0.005746989723275857
 0.005261720197146574
 0.004308635162083804
 0.00428127006595609
 0.0033447949987936284
 0.00040129548545690463
-0.002019131430020666
-0.004688570317228699
-0.0037396944861456407
-0.0008339367609319974
 0.00028244384423840196
 0.001225638318135467
 0.0007251006797130446
 0.001067764997159084
 0.002558985539690391
 0.0034402384287138873
 0.004204118817219204
 0.004274121835540782
 0.0038314189012174215
 0.0031583677121603234
 0.003259842265603984
 0.0027095406006506987
 0.001136400208369871
-0.0013715542343389262
-0.002653882295540984
-0.000480993695758175
 0.0009265812435242733
 0.002188703217237742
 0.0029613018011429197
 0.0015127045525306288
-0.00028233856198119816
-0.001390828313885653
-0.003277706931701161
-0.00749997384019908
-0.008659352711762216
-0.0069263079272739074
-0.005728461884051012
-0.004871016307459455
-0.005152653508402947
-0.0053693512119286115
-0.004991085052453312
-0.0027164867051138295
 0.00022325002259036033
 0.0011804721317016159
 0.0016112888036454891
 0.0015582448164427607
 0.001300765102807852
 0.0011643406583158806
 0.00072354077179141
 0.0004319108477819507
-0.0009673595448443342
-0.0016222341901501096
 6.62439416554658e-06
 0.0025441097707671416
 0.004034516381029486
 0.0032769454049892195
 0.0022836661550913223
 0.00041625209686224087
-0.0010463117297561195
 0.0003379325054193637
 0.002371060518076192
 0.0020088665703349973
-0.0015503936787258812
-0.0028613495318957666
-0.00018828628955448962
 0.00039819606375033755
 0.001028974893361996
 0.0026538219222562516
 0.0011594922258014156
 0.00013966061035540093
-0.0010487678477130856
-0.0007634878771134067
 0.0011782619821718732
 0.0001345618376120835
-0.00022223242440814382
-0.00031824718563173396
-0.00030461176673724286
 0.0004373166087555089
 0.001269094157348391
 0.0018453228170244233
 0.0012394386151059343
 0.0021492078513664584
 0.0026446950649024062
 0.0012222687860937611
 0.0011584769146432516
 0.0014645027779194688
 9.035476704161264e-05
 0.00010395080029124544
 0.00022578331348859987
-0.0014986884714659752
-0.0008285214230912572
 0.0004046791898928551
-0.0007850351687912995
-0.0013571600288631456
 4.782645132435192e-05
 1.1415742734980502e-05
-0.002669179697645325
-0.0035213626820623798
-0.0014708978789656605
 0.00022298875004931435
 0.00015404207553156775
-0.0021445149917326085
-0.00474103463569909
-0.0038485220961662243
-0.0031397976104979995
-0.004155672694721146
-0.0036491481489141
-0.003774904470174949
-0.0034039920950983808
-0.002383774418908129
-0.00025633074593313463
 0.0032848139172453003
 0.005914065831961317
 0.00890414204985393
 0.007670158396157408
 0.004964959070691522
 0.005585002194257688
 0.005071072743040629
 0.004314495745110365
 0.002954596182963344
 0.0006456276203162804
-0.0007252538871881145
-0.0012082457512914352
-0.0006264111857427177
-0.0006682970600869798
-0.0010479617562878817
-0.0008353483776095935
-0.0027053295247512284
-0.005650548240514842
-0.007545611188903868
-0.00866122230251593
-0.009844978318079088
-0.010490388766100003
-0.008261375442045334
-0.005036607231843689
-0.0028369720971394966
-0.0020632403039842987
-0.0001917845005478277
 0.004185233207795954
 0.007635728722856603
 0.01054210003691022
 0.012451507288936011
 0.011629864833175386
 0.011570768876734569
 0.013959359507916987
 0.015297394761807819
 0.011230143642698044
 0.004627520238182686
 0.0006164266125241579
-0.002064631551282322
-0.004025725968822955
-0.0071306421762990764
-0.010042462027636494
-0.011256129949162358
-0.012475270126814816
-0.009890150529875316
-0.005306364484321492
-0.003019682383214221
-0.0017307627126686004
-0.00047066768309770966
 0.00046093223491911416
-0.00023713141645908547
-0.002364988045494634
-0.003102844643448325
-0.0023346798078593186
-0.002227690170939561
-0.0013796092318307254
 0.0010161072888523633
 0.002016096673667439
 0.001534579285791008
 0.0015109888304546128
 0.000854286799379924
-0.0021030710215097794
-0.006168189284370926
-0.0076134405456266575
-0.004856647166743678
-0.0014880771636789814
-0.0011306958924482756
-0.0008106392220971343
 0.0013924959287336396
 0.003301362293216673
 0.005539991918850416
 0.005998038376161677
 0.004664053825451665
 0.003385620736532136
 0.001468543150344564
 0.0013789845448084733
 0.0014799214476996561
 0.0007683051123273205
 0.00033864319617036713
 0.001095494253999585
 0.003350894594596461
 0.0021264897980837424
-0.0009084038804544805
-0.0031120103338430436
-0.0055130082158076875
-0.007234099379583543
-0.007987933408287842
-0.005710250550026054
-0.0013071692035642353
 0.001879703445135122
 0.0025501571685266197
 0.0002236380425467241
-0.0020397262006740273
-0.0010977162800148597
 0.0013451144979539716
 0.004371669147527907
 0.005633428719877033
 0.0042505055078363605
 0.003469867498192212
 0.0012140601632735953
-0.00036007875104976617
 9.316859029922687e-05
-0.0002430745099282425
 0.002620758100137555
 0.0034483088676969254
 0.0012323971687997935
 0.0018135683059287743
 0.0012454438802841745
 0.000521202501564589
-0.00016144651622917268
 0.0002338513849051208
 0.0023868338163232665
 0.0017812031846699378
 0.0008404132724658389
 0.0021736092560888515
 0.0025305261833572664
 0.0008283671568440306
 0.0017817415427098006
 0.003990411506183644
 0.00559141507866331
 0.007123362573529088
 0.004738118095517465
 0.0012506748175581874
-0.0018967516984517018
-0.004818967712193899
-0.005443692332738725
-0.006674339687708439
-0.007790915486990464
-0.0077943588840370046
-0.007675598836861006
-0.006863716493002176
-0.005954965780564021
-0.005159451948433028
-0.0032250504546880226
-0.0006013771660149472
-0.00028172293257733836
-0.00036922936433143356
 0.0005971668610673794
 0.0015643008562113716
 0.003494020132127381
 0.004617579146315671
 0.005467999441265109
 0.005924292048334724
 0.005209683533850709
 0.004704777505543445
 0.004442044680751785
 0.004490682463108616
 0.0038447983437194327
 0.003968933770609869
 0.002418564806678598
-0.0013420046761971466
-0.0026730008981287697
-0.0031964581469476508
-0.0030344834895893935
-0.0021940174654627087
-0.0028205911717868386
-0.0031983019023400956
-0.00132625176646569
-0.0004639042022236456
-0.0015609763286563716
-0.0007796146515925784
 0.0008641646223121644
 0.001695556726141916
 0.0024094221595949627
 0.0028509223847524167
 0.0021748858575444223
 0.0007319000528419362
 0.0010053453841974023
 0.0014167540511010983
 0.0014730592184703766
 0.0023441109811483864
 0.00036494616786662544
 7.000606655456948e-06
 0.0027722248264570306
 0.004801997094283382
 0.005767064240344713
 0.0038193411896508185
 0.003380009699953016
 0.002284776320543234
-0.0012207243707997644
-0.002571534042710461
-0.003423877268723391
-0.0027504999824407134
-0.0025754247695859403
-0.003260779619408622
-0.0029965360220725584
-0.005752266557874836
-0.008271408031069316
-0.007921405845195073
-0.005864537438308823
-0.00350311691300725
-0.004512217458768491
-0.0047780428995983495
-0.001430216746237293
 0.0004963842064331645
-0.0008653078226679171
-3.980402980276583e-06
 0.004047305798167566
 0.005654592986080431
 0.006794189399199724
 0.007844282578945674
 0.005959634425398959
 0.0042848535602326215
 0.003417234834467382
 0.001868804586465317
-0.0006449405942615323
-0.0020684529090270374
-0.0018318189639513272
-0.002381301590992589
-0.0014550252902605758
 0.0015482991102218136
 0.0028058202191920453
 0.0022489984941051096
 0.0017652755559809544
 0.0011082366616721212
 0.0014542030597248974
 0.0005147026281205514
-0.00231736386958258
-0.003218954601662741
-0.004342252052068439
-0.0047861857510783454
-0.0034542010545575937
-0.002685286108518584
-0.0019783418743484636
-0.0015941800993334344
-0.0011339243567492349
-0.0011796492864202155
-0.0019285339757064003
-0.001127273291054142
 0.0013746312686240582
 0.001999931479911104
 0.0006799120159804431
-0.0013088450928879902
-0.004730588452570479
-0.005812555638866474
-0.005271136701199284
-0.002894497556162526
 0.0006566133083302874
 0.0024944363965301933
 0.004555115174033874
 0.004486484260309225
 0.004841589705685396
 0.005984253046266036
 0.004875134027941663
 0.004585379805441334
 0.005143275087640072
 0.0050745448204971896
 0.003995335498800505
 0.001756619118387115
-0.001109092726946033
-0.0032348155209329333
-0.003680460869716281
-0.0017010426348671517
-0.00028874823951366896
-0.0007832011828545579
-0.0005252930017042699
-0.00014689005864068952
-0.00037033459548050225
-0.001590540529607761
-0.0022423246379375994
-0.0025740595414797426
-0.0023761266078384047
-0.0009426491509109263
-0.0014924226775669487
-0.002492004838234911
-0.002459424229238235
-0.002357589187722826
-0.002665550207752141
-0.0030223050104621098
-0.0025842204072576915
-0.0026568178665313065
-0.0031423642082942546
-0.0026359736206373777
-0.00019264051263560947
 0.0026485018287917186
 0.0034129546949764025
 0.0042785712110084565
 0.004704193479223693
 0.0038787528785444564
 0.003250451418841541
-0.00019669831609908382
-0.002884431013371563
-0.0028142474200271834
-0.0033047401039703033
-0.0033542638628306547
-0.003275199013097164
-0.0031546242107007598
-0.0022430012957381255
-0.0010250089341095042
-0.000614568131227503
-0.0002153081286294582
 0.0007092320888514777
 0.0018662697383500634
 0.004313731681881359
 0.00792785790611071
 0.0101585373930963
 0.008264808033571339
 0.00565408974862297
 0.005542535231209172
 0.004597210325952499
 0.0033595238302450304
 0.0024963357568381526
-1.7331607678181145e-05
-0.0020643548741739286
-0.002577183461488481
-0.003172962964581249
-0.005355912686408095
-0.006971477157968968
-0.007168762961905876
-0.007029996466206174
-0.005473227924211401
-0.0035390908370853693
-0.0011018385335858506
 0.0005705309108554895
 0.0010656854465214657
-0.00020059432491310612
-0.004077026538947615
-0.004567781575264811
-0.004237169664564485
-0.006188690912514796
-0.005862838438966757
-0.004393964105734594
-0.0029705770033910278
-0.002315993936075326
-0.0018030502207174528
-0.00016486922865558497
 0.0007925048465160845
 0.002137597922795183
 0.004920412646460674
 0.00799710711800939
 0.009312039215589823
 0.008093388546921947
 0.006231000787958718
 0.004393188941963596
 0.002325695534892974
 0.0015931314354324464
 0.0028387465526897595
 0.004679372322628868
 0.005520492057107925
 0.004142718255971541
 0.0026834168924188156
 0.0024665851036219815
 0.0030641435415338153
 0.004134726436983121
 0.003888766172212499
 0.0036578219932027205
 0.004450889042849434
 0.003913564099989753
 0.0014365011413249981
-0.0016991733679990848
-0.004337914692484108
-0.00699391331422953
-0.008380081204357613
-0.006165085020281849
-0.0031444198836587177
-0.0030948116943533247
-0.002715475225041482
-6.602614353348398e-05
 6.565098840260127e-05
-0.0014288058825931904
-0.0016190346619968405
-0.0019969220935488865
-0.0028570286456596626
-0.002210739854359211
-0.0027092038018700824
-0.002974853237577275
 0.00020113803668223438
 0.002419226264469012
 0.0035221122761479695
 0.001733469145788927
 0.00031252180182231895
 0.002916377373359038
 0.004410267262452451
 0.004574637101191311
 0.002102450549070365
-0.00012931006191884486
 0.00034510722084941123
-0.00030176488766436085
-0.0003818680976023032
 0.0007038023245248043
 0.0013319121216408016
-0.00029469572804726704
-0.00031403001721393305
 0.0024855877450142504
 0.0018911438613594513
 0.0010310499687509707
 0.0004206403461223457
-0.0006511366160961459
-0.0026431899483832753
-0.006490370837722901
-0.008008182648125355
-0.007777485958948332
-0.006207625576021584
-0.005576822605570176
-0.004825380809994239
-0.002244539656896963
-0.0025707846489576498
-0.003353864178631663
-0.0006208672696911075
 0.0017538523544168491
 0.0032626077033542896
 0.0060760350614832235
 0.008137288001906329
 0.007721102332016333
 0.002902481295259208
-0.0004338460591688408
-0.001285599990755674
-0.004366945077186705
-0.005754886790986772
-0.0064956955323370825
-0.008443806112383438
-0.009554893994704492
-0.00766902254986233
-0.004558403322780802
-0.004773741323616609
-0.004064157498032281
-0.0014574129153634718
 0.00010511874753096401
 0.0019062244745824623
 0.0008270643176866652
-0.001589883039410281
-0.002223053558592577
-0.0008373827662966416
 0.0013594945656147934
 0.0015349673099702013
 0.0010418669800732227
 0.0014256119661124902
 0.0008054316947306797
-0.002953324946415151
-0.003991561338221401
-0.0011351752565431918
 9.176325601248009e-05
-0.00036292184524675826
-6.187158725679876e-05
 0.0023160023019705048
 0.004490282856465244
 0.004019815484407348
 0.0031384817038577176
 0.004118598126542374
 0.0036661529736545175
 0.0028977037900791416
 0.003711054162451795
 0.003355146183426859
 0.0035593914507832053
 0.004785155633498962
 0.005565821271972346
 0.005606846054942515
 0.005359735604018939
 0.005934317326398799
 0.005924724512545064
 0.004912915875079584
 0.00299580018109617
 0.001557533431280285
 0.0004463227053387563
-0.0014127330523644199
-0.002161949646777904
-0.003384946320729546
-0.004954410345841531
-0.0053520649356909545
-0.004728656442713921
-0.0031774819456772503
-0.0010272487301001343
-0.00047847835854626577
-0.002088149464216815
-0.003195974380836729
-0.005729783926218288
-0.007635579283865436
-0.007194142576965489
-0.008608583747261582
-0.008970766779551423
-0.007165904197015271
-0.005723861646073456
-0.0030807656685628397
-0.00039075044089831366
 0.0012090961044576097
 0.0014211627847987825
 0.0016383636310391297
 0.0022949298295920585
 0.0025698454504827963
 0.004487128279249132
 0.005955316204648227
 0.00696088706402018
 0.007250807856917188
 0.006833531080881153
 0.005622128874757399
 0.002212050030741966
 0.0017009835921651176
 0.004081528814647626
 0.005637268275450328
 0.004967605780177867
 0.004245089548840963
 0.005316066243518774
 0.005340944650804846
 0.004428530299484481
 0.003823090106730856
 0.0034654288630594646
 0.002876344886311558
 0.002796001869920025
 0.002151731869137673
-0.0004046971469698508
-0.0018547442560640699
-0.003781232304488141
-0.006747138973313569
-0.006553768218313221
-0.005783979519729643
-0.007498582406804885
-0.009850441046766143
-0.010426558956565182
-0.008390504907333545
-0.005371469208759487
-0.0010837953792433874
 0.0023967370986673875
 0.0035324607881829107
 0.004898383791306544
 0.005387217733702429
 0.006037889253253638
 0.006465005239570198
 0.006879610452670437
 0.00964415836972789
 0.011339446225250252
 0.01155000163947444
 0.012089896343020604
 0.011359874411887393
 0.007625328501142843
 0.004778907882704108
 0.003417759446321085
-0.00010560517407467034
-0.0024941101874548046
-0.002536476076203056
-0.0019193182469480624
-0.0015678455930782903
-0.001946031778150756
-0.002147926846949706
-0.0027033260605096644
-0.0039891163919646136
-0.0049504175676023466
-0.004277072867218797
-0.0038720391139849125
-0.003306596479780478
-0.001981936958873325
-0.001506423018336721
-0.0005132332925443872
-1.785782711758267e-05
-0.0005173264139551633
-0.0018883452259283494
-0.00206867254517314
 0.0005498678098854824
 0.0010376579996422238
-0.001913438168264482
-0.003712450323932525
-0.004296936666814613
-0.0060943220666914355
-0.005486688402451268
-0.004017198116544578
-0.004211475104773003
-0.0037109840577187452
-0.002043551280902194
 0.0009365951162912596
 0.0011446831591183212
 0.0014853115565923438
 0.0029545288865904335
 0.002564869884905386
 0.00402383626008062
 0.0036919635594880778
 0.0031416628115426594
 0.00417824841560949
 0.0021061378619467407
 0.0007139636686904686
 0.0007851587215907646
-0.0005131592660536313
-0.0014223051260086525
-0.0018341993898196832
-0.0037058730209533126
-0.0052746061749484215
-0.0031651857734591522
 0.0008848099558979651
 0.002932183957981894
 0.003658488616449897
 0.004623341521828146
 0.00407728467894771
 0.0035450052307768004
 0.004270227590662289
 0.004643709655436432
 0.004314806588919108
 0.002834712823023422
 0.003268652923358882
 0.005653879455639437
 0.0062591619516288765
 0.005461196159581938
 0.0031578463660036043
-0.0009487496636009265
-0.0028768424538781505
-0.002104705648565589
-0.0031296671556898027
-0.005751298548614865
-0.006419420799499172
-0.0066784111671429666
-0.00807905005069385
-0.006925197520780018
-0.004168632910725334
-0.003614247984635407
-0.00346838850129166
-0.0013424408211450533
-0.0004533843170162246
-0.0013426319809736944
-0.0015402773130406852
-0.0007279912703774441
 0.0018871812918235468
 0.003732547749377014
 0.004857694799753889
 0.006183523311839812
 0.004217340549548676
 0.0005879218799087603
-0.0009807207989713357
-0.0006768021402835966
-0.0008879059211102883
-0.001483790221146587
-0.00033674610515358285
-4.846335159962717e-05
-0.0019545426311223866
-0.001618964270545075
 0.0003793691517456174
-0.0007173394843310746
-0.0032142585659148677
-0.0037396203166928377
-0.0032392688365350123
-0.0030110528383873237
-0.0020152309976036805
-0.0013199809349729909
-0.0016202747809863044
-0.0006918626396798103
-0.00022181514770008644
-0.000331656278947085
 0.0013613816526661475
 0.0038561013045324234
 0.004046632789443038
 0.0017637733280276935
 0.000844798769381333
 0.0009668104816523284
 0.001115763089663837
 0.0018202317701248617
 0.002644644276403791
 0.002951628469913233
 0.001736075708706947
 0.0016318204798355556
 0.003935018872351602
 0.004553235925659895
 0.0037723468712335196
 0.004529526691674136
 0.004218353068127951
 0.002262707222276503
 0.0010913850458012027
-0.0017544960944259585
-0.004043473597139974
-0.002664920562372599
-0.002483145725569285
-0.0005876695376165538
 0.0001682744847172644
-0.0019192021372152958
-0.0006074588062345057
-0.002210905711019871
-0.005244787811556563
-0.006994672237743151
-0.009261700618141676
-0.0087023104293586
-0.006821090180454488
-0.00602479254390891
-0.004599160143204136
-0.0027235267492072886
-0.0016977263755410528
 0.0001836924788848426
 0.001036614267478919
 0.0015810262308446749
 0.00385738886575797
 0.006157834921958144
 0.0067084163467232
 0.005734856714557116
 0.006023045227965585
 0.005286336090925703
 0.004123161405592001
 0.004585193445224033
 0.0034623114106184386
 0.00035368997961367384
-0.0013740165028745188
-0.0006933351852083043
-0.002189940711860544
-0.004841402414478369
-0.007104103454739625
-0.00885511335830849
-0.007427623959759272
-0.006806380035440562
-0.006863014712253537
-0.0063885838814662
-0.006490579372265192
-0.004712930853640046
-0.004240072968357041
-0.005700432138660657
-0.004097850034814191
-0.0007628373713983481
 0.00039795146316010875
 0.00046822228113132944
 0.002022690474476218
 0.003962190778648748
 0.004344674827519271
 0.003792553527524122
 0.005141755631995239
 0.006727333030662014
 0.006683707908304524
 0.007757026823237939
 0.008269272589738209
 0.007157068683712586
 0.006841166092130047
 0.007271528633910982
 0.0065031190474122876
 0.0060837531061251416
 0.0066058903990929225
 0.00429178859674042
 0.0010120271263467093
 0.0009577830003375105
 0.001087331951941967
-0.0003560788095284804
-0.0015683428952326048
-0.002753322556084537
-0.002477312746064368
-0.0026409849328027915
-0.0024425224021790166
-0.0016002512818710838
-0.00442283246392173
-0.007094889576738846
-0.008089613601084428
-0.008864755509044829
-0.008662297881274032
-0.008175343884738336
-0.007679257446171386
-0.0069464915664002695
-0.007073926569547619
-0.008188857050538593
-0.008394718768620515
-0.00728001646894767
-0.006515484673450187
-0.0062623085848259475
-0.0035838103938598716
-0.0010611544265250934
 0.0002743325454237477
 0.003147000211637112
 0.004782317626355653
 0.005500366351709747
 0.007570556201997699
 0.009120670142608617
 0.010347587353866945
 0.011686577451478487
 0.011387393986461106
 0.013103856850837954
 0.01561022805678336
 0.014288418777601638
 0.012608532690563447
 0.011515704753100632
 0.009381138770525436
 0.00620225001731816
 0.00340232201339655
-5.9485791016480735e-05
-0.00290074740900059
-0.004075025645040342
-0.0067667800860574485
-0.006811866815878638
-0.0069451188367644304
-0.009860665730246453
-0.010835500563211474
-0.011642100076378182
-0.012500160578037737
-0.012904725465340966
-0.012202921041883022
-0.00992171895601115
-0.007352716278241309
-0.0055961541592275624
-0.0024899986818654805
 0.002295969307520199
 0.0024971969181307244
 0.001145131407690949
 0.002289710922087474
 0.003076283071444282
 0.0036594164252331343
 0.004133168003886132
 0.003997010947155555
 0.002899507189785975
 0.0023254874958602897
 0.0027186942512044394
 0.001566353068236747
 0.0013571082640176587
 0.0015004199259819257
 0.00110595746272932
 0.0024377812115049307
 0.0022064463709294733
 0.0015280756923612433
 0.0010874222042272718
-0.00022808894535422225
-0.001070785975762294
-0.0015359491631713972
-0.0007681506973299625
 0.000858361446143578
 0.002833295512436329
 0.0031548421097137257
 0.001936264139620697
 0.0026056074946516
 0.0033686385783755755
 0.0028815326831283707
 0.0036247375547785246
 0.0056349816153022925
 0.00593824970920865
 0.004030935483550454
 0.0012065543112647083
-0.0010427947674635132
-0.0018752217064835306
-0.003904958493259834
-0.005299251466532458
-0.005191116254061437
-0.004785392371155779
-0.0017369969380865806
-0.00011208968038682157
-0.0019275731303997942
-0.0006619336854602007
 0.0035015355504068365
 0.005227496700861398
 0.005406098590277944
 0.005409860144965325
 0.0033432372539698445
 0.0004956213997266507
 0.0002060084608846907
 0.00048132643177881265
-0.0011526748537144993
-0.0036501797811824515
-0.005367113601368747
-0.0047433253202198615
-0.004601699467224144
-0.006654854993913924
-0.006487032518802536
-0.004156444589866284
-0.0031478048831656198
-0.0028761114499030625
-0.003798884549527142
-0.004210363156062319
-0.002584917867461151
-0.0010536941850905154
 0.002223780396053387
 0.0062941983209243825
 0.008278554397681801
 0.010484356483407804
 0.012442981265604178
 0.012758602899338608
 0.011882654317022795
 0.009620512139327166
 0.006922834076602964
 0.0035502707501308514
 0.0004400133428712899
-0.001500309660151721
-0.002887642583616631
-0.003818071673676472
-0.004172072201460672
-0.004453033564395186
-0.0045893154103846335
-0.002808357840767732
-0.0008128564895353042
-0.0008037542389077841
-0.002206022695536612
-0.0017065865378776233
 0.0014562769889041414
 0.002065082940848003
 8.488932500637274e-06
-0.0014535472076511048
-0.0021065928654603436
-0.002757345812573474
-0.00473013899384771
-0.007339047800495806
-0.008707069125797828
-0.008561161081937206
-0.006024789895160781
-0.002793850746460393
-0.001743029786075109
-0.0012838851328678925
-0.00030233716519741116
 0.00045061969081395414
 0.0018987268909743799
 0.004072498108022723
 0.005313439012930637
 0.0066002456128140645
 0.005636300017563961
 0.0027811036396544874
 0.0020117183480742916
 0.0021234268279782093
 0.002095364773253531
 0.002745629388833366
 0.004250154109844868
 0.0053480324955924195
 0.007315553552963663
 0.006705706495171286
 0.0042089790176953
 0.004999932611448838
 0.004542808273944494
 0.0018841022825889966
-0.0001949230710920533
-0.0022494518671571347
-0.003528238828102758
-0.0030112279856345826
-0.0035620763066392083
-0.004982883060143927
-0.0047441973800281
-0.004254115775165827
-0.004809363425618483
-0.005937031351825953
-0.006920146673666643
-0.006548393120782855
-0.003156894053819143
 0.0002941701098830266
 0.000701572042148752
 0.0013360758127452092
 0.003397532035205955
 0.003317451008377279
 0.0020675527986738006
 0.003130290424989875
 0.0034567471753482646
 0.0019316002937395734
 0.0008308655772363859
-0.0005204414187353611
-0.0022632282386652667
-0.004561153721524174
-0.0039132489806270356
 7.345237321713298e-05
 0.0014383419293536243
 0.0005437092597488111
-0.00021369182937205775
 1.3111071153639616e-05
 0.00041272728349976803
-0.0008711597475890695
-0.0011297475467793334
-9.712350076822112e-05
 0.0007093053765024765
 0.00125690916966616
 0.0012997388084291608
 0.0005116152827991504
-0.001083675048100185
-0.00019629959590026927
 0.0015133342375261716
 0.0008626641328065614
-0.0005581988427797995
-0.0022847688495327206
-0.0024140751338072143
-0.0017054985446868455
-0.0033571872539647097
-0.00656529810671628
-0.008761054907707424
-0.008298521747082104
-0.0057476179007268135
-0.0031654421917892655
-0.002983576340714759
-0.0030591220686056087
-0.002966453868592027
-0.0036454778877970913
-0.002785853987179559
-0.0014043466779291422
 0.001139281836104251
 0.003656907105778432
 0.0039637946747066565
 0.004513500746661395
 0.004411554156056596
 0.0030024606923997168
 0.0023006862267012217
 0.002177976187015909
 0.0031924065747386027
 0.003674013845805707
 0.0021334986543495465
 0.0007102993510777249
 0.0006686733923472586
 0.0012290478904149007
 0.00014019918666883371
-0.000707207173904768
-0.0008344325847856543
-0.002082029857917985
-0.002955416035882196
-0.002345145847143716
-0.002146737780053385
-0.002732271891431509
-0.0005433321974035708
 0.0021848860899529904
 0.0024829765053817005
 0.002010330791504706
 0.001988972975397857
 0.0018681133928034734
 0.0019385815460632992
 0.0022842172314738135
 0.0014633018354032177
 0.0005936171720099069
 4.6994754181869446e-05
-0.00014742241671967862
-0.0002529589090920282
 0.00048102259923853797
 0.00034637318465520175
-0.0007488077842737094
-9.825274968798665e-05
-0.0016840352138260968
-0.0023053842308589727
-0.00025311793830763653
-0.00029633293549240447
 0.00021954230863361867
 0.0007938773856964997
-0.0005583809838646569
-0.002464965433919098
-0.004619146876721327
-0.0055791792010376285
-0.005468357033789405
-0.005201755028024681
-0.003998490825381291
-0.00201566010120061
-0.0009506888877424917
-0.0002660878405689422
 0.002072653070912506
 0.0031809255333133833
 0.002170745067321584
 0.0021276787640883018
 0.003173121221260761
 0.00337644617486543
 0.0027470189098764315
 0.0024301232101693964
 0.001576245076197032
 0.0016532090182708936
 0.0030945377540626353
 0.003964034743478288
 0.0038718625566785125
 0.00299654181730992
 0.001659137627374549
 0.0007248583342039391
 0.0021292105566247848
 0.0042360428892995
 0.004670523950660482
 0.0037589017016812485
 0.0023808976697249364
 0.0019619764106026142
 0.0015952073667792042
-0.0009421411269298675
-0.004732352497617097
-0.0056915307346291555
-0.004774244688921168
-0.004115762038830328
-0.002719364043192552
-0.0021101143866260265
-0.00228843616284741
-0.0035627954047904543
-0.0035454758560849358
-0.0019251852788683963
-0.0018255149298812812
-0.0009668901153053564
 0.00045700547270113775
 0.0015943111102943704
 0.0033104864367186127
 0.0046619715592876075
 0.0053875050421715205
 0.006605335278952544
 0.006542891586433896
 0.006220321714813871
 0.005652307998945135
 0.0021644582784661522
-0.00021755186182737554
-0.0009419976741444544
-0.0006717459119103491
 0.0005501514813030265
 0.000804246731140721
 0.0011405621804828187
 0.0016819712402659913
 0.0015984641445272317
 0.0012609439008079851
 3.1688439410367825e-05
-0.0017368547078720892
-0.0020508172932486623
-0.0011197581866909565
-0.00042853170279811973
-0.00044745057970671515
-0.001173589210286913
-0.0025892048471096735
-0.005203969090497627
-0.00761596287907046
-0.0063496207348295525
-0.004199709926838177
-0.0031302370744505804
-0.002879975710893187
-0.002810139475757422
-0.0017316280266160018
-0.002443132775987001
-0.00405292646571904
-0.005248345725364611
-0.0031277772591940664
 0.0005919186910585769
 0.001773709916235073
 0.002697000296967927
 0.0015896334794349
-3.241020592537612e-05
-0.0004407759152996416
-0.0012840291712817875
-0.000507170566442199
 0.0013796843207978381
 0.003336059313163422
 0.005344231960073728
 0.007275860065049446
 0.008497091462811635
 0.007138177612882966
 0.005310982151994012
 0.00450437399861914
 0.0035742744914439056
 0.0026291036842666714
 0.0006925178827712965
-0.0012098078014476453
-0.001635899929530827
-0.0024536523964638047
-0.0010814733629987447
 0.0008284159612934036
-0.0005864932477441994
-3.0714120017070546e-05
-0.00046639828274016253
-0.0040767823012646245
-0.004852027072221209
-0.003911278055536597
-0.0034835569955637886
-0.003202202384228105
-0.003540839818834809
-0.004166715348861213
-0.003910449072632329
-0.0033404780926237668
-0.0021594574215427677
-0.0006501313315768998
 0.0005015021236988476
 0.0015765435084139543
 0.0014780667472635669
 0.00028389329288443086
-4.9656430115963916e-05
 0.0012329092201744522
 0.001699727184541262
 0.0020690563103987775
 0.0034864171800507424
 0.0045259888517263265
 0.004280222818919132
 0.0013108528695181469
-0.0015925454197226272
-0.0003201443646297543
 0.001072244279663611
-4.012155917857969e-05
-0.0001841866620181576
-0.00017165226617200954
-0.0007350102827238548
-0.001364787752172715
-0.002087459168201949
-0.002929212109082112
-0.003293809530768358
-0.0030061163963090607
-0.002944328144730014
-0.0016438636156190579
-0.0004995008505878119
 0.0015081630587677655
 0.0037713153033400643
 0.003523097084303191
 0.0032905722742265593
 0.0014686953271517375
-0.0001389912035634145
 0.0004944662992041814
 0.0004831597345138677
 0.0014595167134767132
 0.002915080374302177
 0.0033609587324715928
 0.0031809240902412254
 0.003570061878775687
 0.004725203133483391
 0.004786021746273609
 0.0049337556120120024
 0.005343832203749554
 0.005675520511917723
 0.004301274938122401
 0.0015036188603141582
-0.0001045552372926378
-0.000802765437076181
 0.00015536857773254932
 0.0006611882430884028
-0.0004907547917320311
-0.0004985841847903374
-0.0002933738887427042
-0.0014117656942588875
-0.0021714167938247167
-0.0032207172719516323
-0.0036017056821671303
-0.00427895994778981
-0.006360908764630272
-0.0049464544490392575
-0.003367392504731038
-0.003904455372759364
-0.004454476330762523
-0.006382916305887801
-0.008352710035832451
-0.008335611351744274
-0.00636912167207208
-0.004586854861078918
-0.002724241404311554
-0.0008342797990940464
 0.0013267551131571239
 0.003953370663162775
 0.004560089741319578
 0.00392449115266956
 0.0031411173808218065
 0.004092150099531036
 0.005123115128168596
 0.0058187048000760576
 0.006739987486425267
 0.005042675070606372
 0.00346488589442861
 0.0022243328257514736
 0.0023621122956360165
 0.003407201431657607
 0.0019849948969530903
 0.0013548035488749168
 0.0021966884763406735
 0.0030540264481668427
 0.0038696176583758266
 0.0036801497131759933
 0.0032522197551300897
 0.00210447883567096
 0.0002547521142038473
 0.0010299116756109525
 0.001450240741117153
 0.00021875804318412386
 0.0006931043688924131
 0.0008393664046926302
 0.0004953528354894943
 0.0012033044269702446
 0.0023010044797550835
 0.003688047293257112
 0.004084669232624637
 0.0022729527781708944
-3.29358241631842e-05
-0.002138358236482726
-0.005009884153504943
-0.00672094547918214
-0.006142628462302679
-0.006858851556457292
-0.008441110493067668
-0.008380834659694202
-0.007352928271972872
-0.005181663899975555
-0.003507336423070016
-0.003095341650810161
-0.0017715180512055378
 0.0002299405391697639
 0.0009694799619762559
 0.0009521816717291222
 0.0010179491206669755
 0.0007984007631971521
 0.0007531244439807352
 0.002563719505012273
 0.004798470118543459
 0.005774152449863996
 0.00585621593716729
 0.005333836695175598
 0.006209314870593525
 0.006418508038131771
 0.006806947576098689
 0.0072490825415830575
 0.005411875513577114
 0.004550750395819718
 0.0036720029372673047
 0.0007929398957928737
-0.003201550439236689
-0.004258167075142769
-0.003906447557987779
-0.0053976586701581725
-0.005333413924407842
-0.005711844199079526
-0.006674736935938266
-0.0075232729175499415
-0.009310486677453076
-0.009678847178962748
-0.010075803750936117
-0.010540065497517978
-0.009839804461779782
-0.008527669757388428
-0.007946061325985965
-0.007725705332850761
-0.005304814634551961
-0.002979320914757642
-0.0027543565088411284
-0.002451395475202522
-0.00018453464767772697
 0.0018556621773516877
 0.002235402236132958
 0.003005173376723595
 0.00485945206616191
 0.0049618986362137225
 0.0038986929439440553
 0.0057979560627284136
 0.0068449055930804815
 0.006594134397934496
 0.00548226706972712
 0.003881766889596086
 0.005664794411477431
 0.006044828994663898
 0.004264175689418524
 0.0024624118941410904
 0.0011371279199835955
 0.0018953311720660072
 0.0030389204084681266
 0.003100614149941272
 0.0009576982065328177
-0.0018428435043390144
-0.0025079318626703827
-0.0025708868296013153
-0.0033671620819497685
-0.003902123396615462
-0.003884549585035752
-0.002315448516429175
-0.0019446152683758084
-0.004912077550593832
-0.006352799557669742
-0.005421502337151
-0.004016064932740083
-0.0034747017339610744
-0.004627590326612322
-0.004544035302635483
-0.00363976863751838
-0.0037875464045000152
-0.004158097322818265
-0.003300870449728224
-0.0006816935062384797
 0.0017644729962002944
 0.00275822763191827
 0.002304864514710282
 0.0010349242828042076
 0.0004455106060495667
 0.001781550398857869
 0.004413211215856452
 0.006519400289613271
 0.0052308170868899505
 0.0015271431297217057
 0.00010239223233618366
 0.0002886701588944504
 0.0008139004648984648
 0.0009298579253235698
 0.00041518110676836486
 0.0009926292546440997
 0.0015220010329296606
 0.0023480475438641675
 0.0041464546304489855
 0.006423479229623421
 0.008486238751243378
 0.00978457901479438
 0.008705203377857408
 0.0055466527926081935
 0.004159052498927376
 0.003762359080868039
 0.0040691907491900645
 0.0024491449539798065
 1.7369226796423661e-06
-0.00036953983109975927
-0.0029174791950593846
-0.005032335148402797
-0.0056685478374020526
-0.006577658548481976
-0.007373765533219819
-0.00784817433872391
-0.0072759276535565185
-0.006565753802866081
-0.006456869537430293
-0.007583343319661
-0.008735694061505133
-0.007647880007134168
-0.0047486146794474245
-0.003065516695529797
-0.003035376969213654
-0.0029951956666159317
-0.0014421035266010591
 0.0014919050449293577
 0.004162370002080128
 0.006696024176614704
 0.007184035196795725
 0.0052724334483271774
 0.0051402194708995595
 0.0058733782272093905
 0.004486839517130239
 0.0031409836265980113
 0.0026116073626355585
 0.0025274235852498347
 0.0026135003082977167
 0.0018107043415665674
 0.0020922719146161794
 0.004697171725450262
 0.006241042010779736
 0.004454833502445
 0.0026178370709303497
 0.0014802471030213769
-0.0007197978245852474
-0.0030450352650714975
-0.004273791646611417
-0.0035559485001040374
-0.001860465958772938
-0.001151769336851521
-0.0015344489691940175
-0.00145391698453419
-0.0009712665396663287
 0.00029935376347878836
 0.0018366857645094675
 0.0008980535037294276
-0.0003087574638601914
-0.0005362299775240598
-0.00015473679737628416
 0.0019116084730718646
 0.0026338230850047133
 0.002647115400089953
 0.0024016529702690524
-0.0009137158533200268
-0.003597192009605175
-0.003887198440823793
-0.003406760283524008
-0.0024599519523576525
-0.0016969440543237444
-0.0009669325831761117
-0.0005285592456568578
 0.0001958356903961841
 0.0020159815606535622
 0.003754627139536687
 0.003976780679979135
 0.004695663353054437
 0.006768926116972426
 0.006522297347681271
 0.004986477466641697
 0.003374544747225942
 0.0018037064879865884
 0.0014886242721549386
 0.0011337702687283233
 0.0008797965251386742
-0.0007690428878906027
-0.0016321665607930487
-0.00017330381435146157
-0.0011762947505861339
-0.0023295582097613244
-0.0015246048478091362
-0.0019688750683109595
-0.0036809278401593853
-0.004160698286339375
-0.0026295850001596863
-3.1157703809560314e-05
 0.0021008467268894874
 0.003150170321925679
 0.0039935457230601806
 0.0024795961281820784
 0.0013331729771880005
 0.00268644787203613
 0.0022038712858180264
-0.00018647596072631712
-0.002870866122140974
-0.003436180471845153
-0.004017910760204318
-0.005530929248076804
-0.003985512714209272
-0.0023836847304068032
-0.0016558517846929413
-0.0006597418176001342
-0.0013620543083372768
-0.0017030280467968423
-0.0014974543912014986
-0.0019946437820639235
-0.0017031431241737764
-0.00027188607248507105
 0.0012646165122034668
 0.0006907532742684065
 0.00043432985732119056
 0.002304369333947069
 0.0027358660582926624
 0.0034351363072363584
 0.0043983568850744035
 0.003834882404238863
 0.0036055665095344786
 0.0024155109952432984
 0.0009328510314697031
-0.0003339084595030381
-0.001495306026329413
-0.001321893228652271
-0.002409556273745958
-0.002792744865648121
-0.00045331203784072446
 0.0003910936788389023
 0.001790900510341505
 0.0036702300373953867
 0.0017779177315371082
 0.0003440197720849061
 0.00024157432508712176
-0.0002870679697998584
 0.00055330714019534
 0.00037693616206169173
-0.00032621955382341924
-0.0004534619100419677
-0.0017444084326471393
-0.0025448011871078307
-0.0033714164595259307
-0.002605295958829976
 6.205959065166017e-05
 0.002341894371480073
 0.00402806768963145
 0.003120476121879083
 0.0032375138027950136
 0.0043897583403645175
 0.0036283438906227765
 0.0021250029541563333
-0.00044788912109036384
-0.0028245302059719353
-0.005625175892725277
-0.007089727891507151
-0.004220705765187443
-0.0016625485671562614
-7.194443519933438e-05
 0.0027063082361870445
 0.0031408832473166334
 0.0018517668823201448
 0.00023471707091780224
-0.0019999154401011015
-0.0014891439102812179
-0.0004722377589562609
-0.002069878669602899
-0.00212137525169843
-0.0007040250696377787
-0.00011187894901101532
-0.0005158560660496251
-0.001568207450018361
-0.0013392474524576107
-0.0009440768938517562
-0.001982714649008818
-0.0031161414237984974
-0.002232920850930497
-0.0010819495083504663
-0.0002682159437509004
 0.000988187655595163
 0.0001617632900619145
-0.00022451121477923576
-5.58209626208551e-06
-0.0016221854966290646
-0.001549914198969245
-0.0003954759308115224
 0.00032624505782450676
-5.9234591365568076e-05
-0.0017585508032287255
-0.002034512574160169
-0.002335597001816139
-0.0028684867665521295
-0.0028837960927191966
-0.0017805150791143148
 0.0003301348383456102
 0.0016192620272757606
 0.0024546684390628543
 0.0015643884078501169
 0.0012322883461770601
 0.002871033734496663
 0.0025043652274028883
 0.0011139928921662732
 0.001055165612017722
 0.0021991834394824387
 0.003502081237423893
 0.002725244994999891
 0.0016516446792758403
 0.0020753755088103536
 0.0019090464681135555
 0.0008320494043930219
 0.00015003736952317473
-0.0004384537301854704
-0.0008167707329210054
-1.0211277812526431e-05
-0.0004318769604887563
-0.002438822237029976
-0.0034927706747640936
-0.0035902169325612286
-0.0034317232395649194
-0.0034262913854494767
-0.004498739598463315
-0.005130227796417526
-0.003236160866023224
-0.001211939306951754
-0.0008027301499089403
-0.000345450856735902
 0.0008665336005324022
 5.781281959036808e-05
-0.000685116715398693
 0.0011168051876433666
 0.0020267606536865956
 0.003469658838863218
 0.0053673390143434046
 0.005943061730628326
 0.004726960695577126
 0.0023485124136587952
 0.0019939876049957965
 0.0005469001264204087
-0.0011798231065867242
-0.0006519277146969469
-0.0008605449848047236
-0.0008987466428342718
-0.0009736254988759541
-0.001251771052687238
-0.0014927963351749878
-0.0024654227739003614
-0.00207244940036153
-0.0009650743463784957
-0.0007624976104425164
-0.0007435553515207813
-6.603504703126509e-05
 0.0007824295203546816
 0.0009621605469812371
-0.00021029488782947216
-0.002167944581019448
-0.0021589065102455493
-0.0026982261797857104
-0.003451622314952134
-0.00027980978926333747
 0.0020344976515509782
 0.0015477512267494371
 0.002342784763939866
 0.0034662997085627987
 0.0041249396231131065
 0.005019926038523828
 0.004286293809406189
 0.0024158296186323103
 0.002117916677250044
 0.003369463579164816
 0.002880930208713376
 0.0020822907880396722
 0.003170240528494795
 0.0028667287407550686
 0.0012669971511778536
 0.0005566541779024869
-0.0003974009626981492
-0.0028589479476589133
-0.004919363811114262
-0.0048839586440182796
-0.0037851068685919426
-0.003593785662234158
-0.0038194306566859725
-0.003227581110378007
-0.003239185855070811
-0.002937304738097306
-0.0007386555330065677
 0.000160565613785315
-0.0009014096784957905
-0.0006020356638342387
-6.818422408225676e-05
-0.001226114389720047
-0.0010622818946155238
 0.0008757244713506713
 0.0019040522131867224
 0.003265730629685052
 0.0044637502652098765
 0.003934936677588492
 0.0031325134060318353
 0.002192147790274654
 0.001200488563123981
 0.0006747031661899271
 0.00020954934803626003
-0.001830598361321226
-0.0037326127728485037
-0.002784222195441715
-0.0030409491173730386
-0.004446077687231713
-0.004029034626465757
-0.0030934716813775407
-0.003524627306310974
-0.0049351231730292554
-0.004324859372341825
-0.0034312045492042816
-0.0030194907370667636
-0.002589860627571657
-0.0026420192776079195
-0.002041465054362299
-0.0013472974547238735
-0.00048682801332812546
-0.0002168493423593044
-0.0002378323964307128
 0.0006749572507931625
 0.0025650898112544703
 0.004165467546506949
 0.004370167788914244
 0.005027812711041829
 0.0052209552916171525
 0.004628059657707495
 0.005374270579473398
 0.005650302959058864
 0.0035199420458264324
 0.0005945958061612598
-0.00031532015945639455
 9.90780826891109e-05
-0.0009984025712349413
-0.003040680827783539
-0.0054173533722704035
-0.00637986810456641
-0.00472956697077538
-0.0030411304611373024
-0.002170536963730378
-0.0019453350909878413
-0.0006667300943641116
 0.0007320525836673235
 0.0002277966181084931
-0.0005374767117299007
-0.002076320724596
-0.0035868951856955875
-0.0036041404597303567
-0.003431900268901859
-0.00355909789149837
-0.004253700508334031
-0.004526798364120417
-0.0039719041589015265
-0.001969375520084427
 0.0009952869836364693
 0.0012524831661472264
 0.001468654677529799
 0.0025964178464834542
 0.001404380743476614
 0.0012811412229891174
 0.003679432457565638
 0.005921077631970459
 0.008053811567981742
 0.009094293691895744
 0.009318467372112813
 0.008949642903742321
 0.007129172273917742
 0.0058540921978685176
 0.003999839215269759
 0.001992774628788576
-0.00018707683435282223
-0.0030864381477363704
-0.0036639375369496422
-0.003147659760090208
-0.0031621692261134386
-0.0036151683163057565
-0.004126074720707932
-0.0038042206329614654
-0.003420081603506983
-0.004033418650959932
-0.004297405734551031
-0.004134770972847513
-0.0033130077082246362
-0.0009001545235527506
 0.0006303535759345239
 0.0018289539576466594
 0.0031834353867588516
 0.0034647254703801754
 0.0030442628837724786
 0.003408264192328598
 0.003948702335184607
 0.00290835461064378
 0.002274600978742091
 0.0026185733721213337
 0.0028640787742942888
 0.002186835026686813
 0.0022433911985114525
 0.0025044607738016205
 0.001561157546699428
 0.0019820882565143396
 0.001660595260585958
 0.00044431355269151094
 0.0011936472974217987
 0.0022008563715360794
 0.0018199582081372106
 0.0010110003007129124
 0.0011738278013644248
-0.00022329881218849924
-0.0022874396709276846
-0.0028805770323308117
-0.0035462461283655112
-0.0033286968514172725
-0.003375901549274397
-0.003294638705501475
-0.0030642581723808225
-0.0023447954507564064
-0.0009663049027741603
-0.00152967638685013
-0.00025163298590981186
 0.0028062574200759293
 0.004080339441579229
 0.0037021007226601794
 0.0018046258044528167
-0.00013483265767178776
-0.0010977981489821347
-0.00034000710112383324
 9.886375487151568e-05
-0.0008453956646921435
-0.0008054017156890378
-0.0013933165749750566
-0.0012881851216718777
 0.00016905035366132805
 0.0010720571852895343
 0.0026026250114410325
 0.003626166218368876
 0.0035659322746793443
 0.002515048605209633
 0.0010851515897216362
 0.0015531043250115513
 0.002339785042035136
 0.0008343987132864098
-0.0006233791033050192
-0.0006527957828859701
-0.0001322050175222266
-0.0005922221382854328
-0.00028460367284265987
 0.0010176856079794727
-0.0007065005450293905
-0.0013603474149931493
-0.00014273296832339926
 0.0005286873964498855
 0.0006764262709033367
-0.0006781267476816488
-0.0011000966268451156
-0.0008452547040640259
-0.0020596237817628988
-0.002465631915659446
-0.0008396843657158194
 5.94023250895241e-05
-0.00013503962798336273
-0.0007496047488329749
-0.0010544481397428542
 0.0006313179384785884
 0.0024123690972358957
 0.0009012703122592572
-0.0014640204883104605
-0.0013555433208669461
-0.0012738120810851091
-0.0018802291203614547
-0.0009521998252891712
 0.0007776623337409776
 0.001262666386330644
 0.0001975714054600913
 0.00016830395165325665
 0.002082529272790279
 0.0030181729919528982
 0.0030026962640215117
 0.0039923945574443466
 0.00466312879236799
 0.0028652065082323025
 0.0008905279643782481
 0.0006653365033108778
-0.0003169696160794935
-0.0022538165317731768
-0.002447361552566325
-0.001592818183361491
-0.0021227601931829466
-0.0026271554406879128
-0.002628931916229602
-0.002536653992612707
-0.0024454363699643496
-0.0036288396272622096
-0.002921893082440752
-0.0002148395678629778
 0.0009410257612047039
 0.0016965628509529656
 0.0013039556585619039
 0.0011099657516488173
 0.0019915386779328567
 0.0013837740802126847
 0.0008606385602001188
-0.00016927205999391946
-0.0009977756889115313
-0.0012338072150180214
-0.003971868716002715
-0.005419384864887709
-0.005041672695708956
-0.0056601296522723965
-0.005049890973327396
-0.004769310912390313
-0.003630353768127336
-0.000776129301070731
 0.002447133946279887
 0.00660474934096009
 0.008531416123281404
 0.008505948396423636
 0.0064205508269763525
 0.003868290502943269
 0.0037278725753610176
 0.003267182330091712
 0.0022223053954458366
 0.0005486526367505829
-0.0004836719423797504
 0.0007705398154941888
 0.0003001410819639852
-0.0017291051350100618
-0.002354270407194049
-0.0019492467648856886
-0.0004726277238251397
 0.000539419630301628
 0.00044724420514988657
-0.0008877637119540327
-0.003016046853459477
-0.0033481972813556157
-0.0023469492208776682
-0.0014731584876735261
-0.00044974585325342634
 0.0009372333440146656
 0.0012811018416158692
 0.0002930042751452648
-0.0013008395054713295
-0.0014838805957832748
 0.0005729592190012114
 0.0013419456248734971
 0.0013098391989804577
 0.001994517836901087
 0.0017356336900042383
 0.0011853779289131199
 7.071682337441966e-05
-0.001939005080082986
-0.003026773530974898
-0.004064705315416258
-0.004595954983784769
-0.00404953477896681
-0.0034591354258521434
-0.0018079766948995875
-0.0005366511784936417
 0.00027625988298350565
 0.0018832535770383903
 0.0022454908093649992
 0.0016784090773629538
 0.0014125231327782506
 0.0008129669077672859
 0.0006993656803350887
 0.0019722362286989687
 0.003260715067274481
 0.0037090918917957673
 0.0045901305727031475
 0.004570875812179864
 0.0032660402089545316
 0.003207137698917835
 0.0019815840101176053
-0.0007497097995953209
-0.000989328380751109
-0.0008910721254900657
-0.0016317950640934945
-0.0009341562648603754
-0.0004196001753421008
 0.0009699719926572075
 0.0028321918467549907
 0.002357958407915476
 0.0011872113042529836
-0.0003618513480551087
-0.001518815326798907
-0.0009498794498390238
 0.0008205608887886219
 0.0026016976257059884
 0.002139865667292674
-0.0005306470823034199
-0.002504300817445148
-0.002407700398466697
-0.002809702465172262
-0.0038810031214683194
-0.003951305682991891
-0.004454387233722197
-0.00448820704629617
-0.004096361687825752
-0.004691073947958816
-0.004388906074138721
-0.0036873125674473117
-0.0027572484427321234
-0.0010019414204090647
 8.469135530592558e-05
 0.0010121012673461982
 0.0024693638302613475
 0.0028824249898371517
 0.003071104593075454
 0.004922515017254323
 0.005504629134663626
 0.003748186411058534
 0.0014421732884792662
 0.00012349707299420787
-0.0008395892506244815
-0.002506713985865446
-0.0031919977510951945
-0.004372340645179357
-0.004106102452242944
-0.0022121943209654337
-0.0008423245327205211
 0.0014762670150504132
 0.002289988080064705
 0.0028266901837574313
 0.004617004101328188
 0.006333809104045173
 0.007013310009379533
 0.006299920340327804
 0.005823163753483424
 0.005058147006678791
 0.003781439640759381
 0.002570427712812984
 0.0013380637479741039
-7.817471095766819e-05
-0.001743234251787946
-0.0031454003483272464
-0.004324936192465941
-0.005191984619785775
-0.00506212987696711
-0.00608644292838795
-0.008969180480008122
-0.009010460554086988
-0.007011838177371002
-0.006737387337788867
-0.005874534991477898
-0.004622922039551509
-0.004815937385154817
-0.004209497883318756
-0.0031326250187288743
-0.003378046575772271
-0.0026159010331911025
 0.0005503249500346064
 0.002686929866505808
 0.0021637636597961257
 0.0008864650892263989
 0.0003587868603252628
 0.0003812871455922313
 0.0008828420378174142
 0.0016016320468356122
 0.0013374287221076375
 0.0015757539069743815
 0.0021570193847906282
 0.0028035815862342906
 0.002154372813747934
 2.825963221506286e-05
 0.000640138647863417
 0.0016125652113059084
 0.0019680375785213096
 0.0019991087953501333
 0.0004607929026788685
 8.449474634251577e-05
 0.00035700010522793265
 0.0007742184732968318
 0.001390081237373618
 0.0011759639002257463
 0.0013315920688484507
 0.002825541297571388
 0.004163010435633678
 0.004291810825230268
 0.003953981202289947
 0.0033061370658758957
 0.0026740935426419216
-5.633023802076757e-05
-0.0035732413042576876
-0.00521026795979821
-0.006947391037750929
-0.007191059075601052
-0.005826199221636714
-0.004998436350561114
-0.003833354230379236
-0.003574221615161691
-0.0031308966425650548
-0.0011657827023574838
-0.0004641127996444384
 0.00044945279607304
 0.0010213880336181701
-0.0004633882097676111
-0.0012942270500560294
-0.0007084026973137971
 4.574746473177115e-05
 0.00035772164756387354
 0.0016114287314421074
 0.0038361583557103575
 0.004029740033446277
 0.0034563541496207837
 0.004045831618410988
 0.002975807139408397
 0.002645179852272858
 0.004113062003348289
 0.0048519439518930575
 0.005183309652333411
 0.004753959642816789
 0.004303685424257432
 0.0029516478022522273
 0.0013962621076351067
 0.0011990043840961599
 0.0002058922317019822
 0.0003081639280195387
 0.00104026879913456
 0.0001997922225391012
 0.0013686026114499874
 0.0013355286668865313
-0.0005566377537525875
-0.0008339141521773615
-0.001383777127029528
-0.0017770417893418346
-0.0018726545035025988
-0.0020292997303505735
-0.002394456983813739
-0.002184922191374215
-0.002704660108492
-0.0048374723979086355
-0.005693285478294543
-0.003371734425904352
-0.0010036654979247211
-0.0011465568590720242
-0.0006665124504838102
-0.0013330918505787056
-0.0018785523567122035
-0.0002790836420548547
 0.0010582638232006845
 0.001448094259387214
 0.0009246468808188473
 0.0016870827895134014
 0.0019485594573470418
 0.0023705519470829674
 0.003907653659487095
 0.004123021876559287
 0.004964610952701584
 0.0055270211332797085
 0.0058492046257389955
 0.0061288193545368155
 0.004359525909934447
 0.003965796968241779
 0.00482422442464505
 0.003667643740867054
 0.0016377770442217306
 0.00034891731352707856
-0.00026604496162574047
-0.0012202592623784608
-0.003405203269575657
-0.005228868220114887
-0.004947921923017652
-0.004075196917765723
-0.0028735948999877446
-0.0003984299528464082
 0.0017749402907073488
 0.0021930962976582026
 0.0016531504542683184
 0.0004798857705557473
-0.002071311220826846
-0.005391058025238031
-0.008118627466409421
-0.010288352298508031
-0.01043537708073056
-0.008451551682640971
-0.007361461293565034
-0.006350164650369864
-0.0051747856095361025
-0.0038054641500967937
-0.0022376968739643162
-0.0017471119204451552
-5.436260650180199e-05
 0.0020372492523459728
 0.0035656728481220554
 0.005750623059789593
 0.007303156240309614
 0.008406128301663592
 0.007980524663284251
 0.0064786046551053465
 0.007054507290801923
 0.007223817877301626
 0.005848805311090089
 0.005575021874233386
 0.006334614841016994
 0.005736470806016026
 0.0034650286374653667
 0.0024474866439632057
 0.002058191892108752
 0.0017068069776545786
 0.0019562800279896582
 0.001099042756787144
-0.00030900056092826036
-0.001816632199553078
-0.002774552820957492
-0.003578261302506488
-0.004894690520227874
-0.005034168041951652
-0.00523758840599552
-0.005506960842387841
-0.005425794906463228
-0.005078429459265802
-0.003552505106804135
-0.0028211578755154105
-0.0022226469472805873
-0.0003760662687830312
 0.0015289257124224743
 0.0021734132153773678
 0.00186642487642846
 0.0022001229020988133
 0.0017130301642614275
 0.0016094423615190335
 0.0025749515673895327
 0.0019443052658484979
 0.0005863827166027419
-0.00014411882290929585
-0.0007703195089560794
-0.0013873605339505901
-0.001313991832959522
-0.001817782634738138
-0.0017762699690211632
-0.0007972259951908063
 0.0003728318348409208
 0.0017971293473685015
 0.0016088764711504756
 0.0012684513352458383
 0.0003826490464004987
-0.0010722442387509992
-0.0017936560759859801
-0.002502981380562231
-0.0031140788042265683
-0.003726746857682511
-0.0029220257794134023
-0.0008089366629470172
 0.0011186433200605363
 0.0019793257953503313
 0.002106998987348131
 0.0024071085798714636
 0.002408272872491126
 0.0034728417100583745
 0.005077709425046956
 0.005027840525310408
 0.0036281167032469193
 0.002303852040645542
 0.0027142056959870743
 0.002630482635502886
 0.0005697481161028818
-0.0012559340093559184
-0.0022155618776293876
-0.0022277440578415937
-0.0022228591886966926
-0.002396862232962725
-0.0015062885725178705
-0.001489741946429485
-0.0024988026368361993
-0.0012002443510018173
 0.0016047773132622004
 0.0013385189356525174
-0.0010001436742641623
-0.0006523733368684766
 0.00032946906085718516
-0.00011907787512543623
-0.00026786594290881906
-0.0005807443970755324
-0.0016809310726752797
-0.001970639216319587
-0.0008042387590303817
-0.0009511469034113835
-0.0021985818638354886
-0.002294461760068433
-0.0022682489930201714
-0.002386078658371683
-0.001452287991440136
 0.00012407156920240552
 0.0010223339629355788
 0.0022927165212610675
 0.0032861720487249646
 0.0028991513377821677
 0.002755461445328948
 0.002920955914274573
 0.002737638583892513
 0.0018240469838963383
 0.0005971656552427431
-0.0006998223031403416
-0.0018798772220646705
-0.0030610162529700717
-0.004582891360454345
-0.005861324913497122
-0.006367599784514486
-0.005612253869079695
-0.004148366273406783
-0.003291122735402733
-0.003300019267687651
-0.0034619980782641274
-0.0027179029277944883
-0.0007638731971732884
 0.0009277166021251054
 0.002717863733121953
 0.004192474625094492
 0.0033855512287996143
 0.003215628116857388
 0.004243843007623595
 0.00499227932151144
 0.004426113598208752
 0.0016198574087428013
 0.001988305615782557
 0.004187631655489446
 0.0034642867911751645
 0.0020806647495856625
 0.000634397922272871
 9.78756300081993e-05
 0.0006610526847896355
 0.0004275195886886992
-0.00034002800020851303
-0.0004861436623868172
 0.00013643597231325017
 0.0001876375274236163
-0.0008602738828906242
-0.0015675928841242172
-0.002207923219440599
-0.0032730576666048913
-0.0034022658024664026
-0.0031071639029932947
-0.0023519458621089205
-0.0012734801270394454
-0.000654941710095187
 0.00018215375477986415
-5.5699964005480696e-05
-0.0016583603357313188
-0.002958419712413284
-0.0029902160858765797
-0.0016235293686797747
-0.0004437839763271986
-0.0014794860155309913
-0.0024470939312982625
-0.001857906856342998
-0.0024327287526135738
-0.00197599925946543
 0.00027310614685191584
 0.00166666208892487
 0.003065485214337183
 0.0046856513636458355
 0.0064799702952850575
 0.007107799320157663
 0.0064509997679481745
 0.006544719475267774
 0.006378194826434217
 0.006120263522060558
 0.005577100507125189
 0.003910444783778768
 0.0018642169581581213
 0.0012194465459047852
 0.0021061815802555475
 0.0016737644647633935
 0.0004061348193739345
-0.0009373476945403086
-0.0030742474472135266
-0.004827826826009039
-0.005150111635849555
-0.005238506305058376
-0.0051123646649272785
-0.005015425423953286
-0.006208237953642336
-0.0065340867779583745
-0.005841481686379981
-0.005546874254500933
-0.004903216313547209
-0.003404280259684741
-0.001768542604959459
-0.0006303460574114277
 0.00037237070126927953
 0.0013148095499001945
 0.0027049685077800783
 0.004062448332319059
 0.003907715351653995
 0.0022611799456567013
 0.0001227701180870253
-0.0006560228412487205
-0.00016328359018148947
 2.8275589829847954e-05
 0.000294003688884985
 0.0010203074692033453
 0.0014207055702472188
 0.001445514627589912
 0.0018594257580503357
 0.002082982283281897
 0.002524514028241889
 0.003903398992367832
 0.004211085369357895
 0.0029786308956620162
 0.0017411858913472717
 0.0004310380452388658
-0.00046358671977120666
 4.120710194204754e-05
 0.00047538841642686357
-0.001284220311557387
-0.0040016729371072585
-0.004293931330302126
-0.003503978471672404
-0.002767237440284884
-0.001875815739118444
-0.002195281066230859
-0.0032374856259397076
-0.004161643878841395
-0.0033293718434445545
-0.0025042048515652752
-0.0022932818247663107
 0.00026096870572228664
 0.003370999016251635
 0.004063414393641962
 0.004599612909174699
 0.005797470300750659
 0.005512371996478856
 0.006172040220714606
 0.006276759486842081
 0.004171868153480671
 0.001336238971309695
-0.0009107431037433854
-0.00117703641707261
-0.0017945768395046786
-0.002738125834038652
-0.0038741041621983357
-0.0052179774059956645
-0.0060553635965309854
-0.005971846458419311
-0.0051731503534999885
-0.005279370665315449
-0.00525070098391637
-0.004201066561526411
-0.0031163085812838266
-0.002625430565489127
-0.0018263659203271241
-0.0009264779793796713
 0.0005178350602712746
 0.0022952334073382914
 0.0019746337218708035
 0.0016446564861064086
 0.0023399626870037756
 0.0019597133107987726
 0.0011231728382598942
 0.0010042721207384146
 0.0024135412238086083
 0.00459275693230724
 0.005604664583516903
 0.006345297326613493
 0.007614829163910324
 0.008352454185280982
 0.008581103710858108
 0.008137434450981477
 0.0071527725630992104
 0.00718554542258144
 0.006319180742002221
 0.0031690576646997842
 0.00119640361501906
 6.249557446858913e-06
-0.001774591501910172
-0.0026336925513114383
-0.0041561888631939685
-0.006682494364586866
-0.00804820182113305
-0.008034129703984205
-0.007815645492080003
-0.00675729668169583
-0.00481581849361877
-0.0039054862619944237
-0.0031048293730379286
-0.0028025157152243565
-0.0027547609690968234
-0.0013907684688419806
-0.000558811249486403
-8.398206845882228e-05
 0.0007581169863063201
 0.0016358091148331708
 0.001900326625624867
-0.00017567357593843642
-0.002041442144750131
-0.002094965451928281
-0.001994683631544282
-0.002409632984756499
-0.002604503709769586
-0.0014293880176633655
-0.0007788698247301971
-0.0003734295066929
-0.0001329138738208419
 0.0004992134984944888
 0.0022935791654940217
 0.003670093592497166
 0.004774024802757947
 0.003961441501438951
 0.003206460466237128
 0.0030068719478626776
 0.001468461258900179
 0.000974559571745807
 0.0013993573960005806
 0.0023884395854932828
 0.003085918233203087
 0.002821659478319238
 0.002807776149844132
 0.0033928253462417496
 0.003014291643218796
 0.0010648255726326452
-0.00031222328942630696
-0.0014163829805746082
-0.0011371858323543872
 0.0002873590572757953
 0.001019920293673751
 0.0011363376562811625
 4.516222632037414e-05
-0.0004289810590495429
-0.0007101281696435752
-0.0021000442579943513
-0.003525394140893974
-0.003961712469829171
-0.004165741430756508
-0.004738628559621923
-0.0030823085695246425
-0.0007864655376439073
-0.0008569149972298116
-0.0016322421655768102
-0.0012371014196540298
-0.00040840516671829306
-0.00014351551119019584
 0.0009282534971973164
 0.002308884151186863
 0.0030470437215910887
 0.0027095560763175344
 0.002104615192893165
 0.00253642850219826
 0.0028649854396580895
 0.0035699165584934618
 0.002972769251927759
 0.0008347083857293819
-0.00037235392298927633
-0.0012705435788371738
-0.002148657292793527
-0.0025660127970601123
-0.002415264543460987
-0.0019835556890878247
-0.0013870767829520195
-0.0013929324257892183
-0.0016043864429099036
-0.0010157514027452634
-0.0009616126314088331
-0.0014340347704070422
-0.0011461282951113455
-0.0005262485173960243
-0.00031919145303811313
-0.00045420367196897263
-0.0005317332152215144
-0.0001921417902840175
 4.033212244224029e-05
 0.00023301519228147456
 0.000904967382752626
 0.00150616140728602
 0.0008467649587761857
-6.423279459471275e-05
 0.0014434236593880668
 0.0031319155577191663
 0.003174120733203102
 0.0030391559518597473
 0.0024249654579470803
 0.0006705804343285855
-0.0002643097953221414
 0.0016259597394988883
 0.002809576653820669
 0.0029978707261315114
 0.003799470379226585
 0.003583551075750833
 0.00352886887401786
 0.0034961678791607404
 0.0020971880471222786
 0.0007930363672990713
 0.0020068518418749496
 0.002594564691968337
 0.0006703090468580057
-0.0005462859903080051
-0.0017725442704106629
-0.00309385746790174
-0.003972757734018405
-0.004315042716150247
-0.003938948335759386
-0.0038378448619926153
-0.00344698646415081
-0.0031643599017079495
-0.0026379211755883183
-0.0023560854605937094
-0.0032567433853363144
-0.0027689154776911118
-0.0019738512762551615
-0.0029501256101148437
-0.004002487521993702
-0.0036693077043667486
-0.002209239208988432
-0.0003576435785812745
 0.000804259409940917
 0.0005898118104255711
 0.0009755366587407525
 0.002714105595845164
 0.004077386784131503
 0.0038915883732569116
 0.0034588140359065366
 0.003391668163290216
 0.001914190736826136
 0.0004724390754165279
-0.00011386089556862474
-0.0011574747822659754
-0.0005910698738763088
 0.0012351467243729296
 0.0012508151057776527
 0.00011470121861467206
-7.88152114822976e-05
 0.00044541256448888777
 0.001796863653329458
 0.003358868993165592
 0.002294149558951297
 0.0016466620170237306
 0.0026504759479255534
 0.0030408214739684864
 0.0031780432304254654
 0.0022236209580083423
 0.0018571416679797064
 0.0021249157714101907
 0.002258020343881733
 0.0035002452426538713
 0.0043158638083335525
 0.003067328296545259
 0.0004224726675586879
-0.0014210889858095614
-0.0011318965414498278
-0.0005808862826560739
-0.001776427246894934
-0.002822417262907558
-0.0025839461696109613
-0.003467652860539409
-0.005282035474666174
-0.00607140442269193
-0.006527750344636251
-0.006049256924304661
-0.004849849858647339
-0.0036175039680413144
-0.0019563276897726087
-0.002214125960151486
-0.0033326179471450143
-0.003210227045139393
-0.0024946912393920117
-0.001190557882053532
-0.00019751741080903902
 0.0010922701952861499
 0.002603587906152466
 0.0026707475051803474
 0.002824256109684958
 0.0038753414403854183
 0.005055314408725282
 0.005280929580084173
 0.003998287175490352
 0.0027653306607711204
 0.00195424980801175
-0.00016711971405597648
-0.0020893417707813352
-0.0024073370163576334
-0.0027549570722374098
-0.0024049990532994735
-0.0024300354474954397
-0.0027062343644239763
-0.0016038602551369
-0.0007817160302420108
-0.0007729458848474342
-0.0010413151904365401
-0.0013653325414093751
-0.0012279539827960324
-0.0003058135574297919
 0.0006756739058882523
 0.002070137234449769
 0.0032096326758378744
 0.0026255607334354117
 0.0014960018925345778
 0.0004035313830464275
-0.00043871007307016524
-0.0008581032174057691
-0.0015747507551300568
-0.0012264727376774497
-0.0008174410030843473
-0.0019656367756696064
-0.0015197621918608586
-0.0007030366726116415
-0.001384161513326221
-0.001846091858939161
-0.0016742660730177843
-0.0007843370009618452
-0.0008695599708096847
-0.0016453058331543555
-0.001387133738054732
-0.0013546871552695574
-0.0010938375218891537
 0.000636843649465123
 0.0007109859367260122
-0.0011730284761493539
-0.0020893403431827703
-0.0029338364933308336
-0.003947800030890145
-0.004169785690338057
-0.003407056770302383
-0.0020797724531482426
-0.0011114880919915768
-5.4691397125068306e-05
 0.0010635272303139388
 0.00197729477596884
 0.0027475172987715324
 0.00345333058047785
 0.004795567717784243
 0.00507452118444192
 0.0033820006152807916
 0.0014836701394931866
 0.001007436693609034
 0.0024010223594596097
 0.0032625813730474953
 0.0020805370259325473
 0.0009430833061488611
 0.001526869110692371
 0.0013064365540283148
 0.0006781624961383204
 0.0006028975558071256
-0.0005236735385014184
-0.0019133465232864513
-0.0035293719749940875
-0.0037267866263609208
-0.003540906374845746
-0.0035958330414481796
-0.0027140278853692874
-0.0024552812688515627
-0.000977314802979518
 0.0006632914429858391
 0.0007386953637673027
 0.0011945921413369415
 0.0016003756390732282
 0.0015274147737154337
 0.0006188318583121393
-0.0005088840489406776
-0.0006624141822079565
-0.0009931160419235697
-0.001036168564462137
-0.00019229453755358042
 0.000154726091585673
-0.00024057222913941994
-0.0006110842267684725
-0.0009449404266258795
-0.0006892643398590553
-0.0002182085078595147
-0.0006313528924243846
-0.0010215162306978537
-0.0006369159181100632
 0.00048205696509755105
 0.0013766567121632123
 0.003033149116542683
 0.003557171299423086
 0.0013548853711770157
 0.0011324569783524691
 0.000716353892107071
-0.0013150720325655373
-0.0014041614383649504
-0.0013392618073470247
-0.0014817646011583672
-0.0006287841770249511
-0.0004886124588313296
-0.0013745233006771155
-0.0011924432807713064
 0.0010435358124599255
 0.0038049021456624376
 0.004301453643218933
 0.00340260126514748
 0.0032453574891567897
 0.0032748763044533925
 0.0033181851887371574
 0.0020403319723339554
 0.0006958537454209067
 0.001192451174486593
 0.0009688447765944763
-5.016673685017308e-05
-7.710218728880448e-05
-0.0009741209598498056
-0.002868572354218791
-0.0033903747533733887
-0.0029459173602511754
-0.002950322152365639
-0.004027423771155392
-0.0052268237163193496
-0.005936197509954226
-0.005844262846849453
-0.0053711578238454525
-0.005237702462767815
-0.0045576206812722835
-0.003646882654786094
-0.0027057281873628155
-0.0019660668786921176
-0.0002568089917360589
 0.0021498319848168262
 0.0025385161073278673
 0.0018220425560867269
 0.0018669415008291444
 0.002793926263840746
 0.004247484868604677
 0.00563373980228863
 0.006176345740679454
 0.006204452243759538
 0.005086010200572552
 0.003170581263329638
 0.0022447255840438705
 0.001819776410593899
 0.0012155370840850116
 0.0009184758094027078
 0.0017190928323890225
 0.0024691882894338356
 0.0027945868331201657
 0.0023771390820685346
 0.001212264800096205
 0.0014896436194776967
 0.0009909308090365622
-0.0004713301789473045
-0.00018184435743366458
 0.000685311733249389
 0.0016391381826651116
 0.002306977607360328
 0.0008644162666342582
-0.0016836952022807326
-0.0028935389353640876
-0.0031249331524647824
-0.003363272927606577
-0.0038868174479432128
-0.003419945975982275
-0.0024899420389793113
-0.0008033757455065909
 0.0015802391521711656
 0.000666394841331427
 0.00027108729632669884
 0.0012208228878550864
 0.0014297627772366219
 0.0026721345192035413
 0.002003358587580415
 0.001825100216181826
 0.003353520460361109
 0.003750312048900515
 0.004012742615387665
 0.004003911081022175
 0.004029320895502062
 0.00455527718968489
 0.004776707734222384
 0.004040977593234289
 0.0026885365066205147
 0.0007568465406961432
-0.0012835578687053685
-0.0021251057856507046
-0.0032159444583820303
-0.0046528575951407525
-0.004254650636191273
-0.004232402092320468
-0.005043780971465448
-0.005752823247395373
-0.007492518420646195
-0.007619761782390596
-0.006096721217287822
-0.003983568752848473
-0.0015024414581283406
-0.0012065312003185222
-0.0011380934113396288
 0.000850891532702932
 0.0022582011826734008
 0.003464078126528497
 0.004111208481147872
 0.0028456713063095868
 0.0025887629800460873
 0.0013824417066292736
-0.00046481677114566355
-0.0005239447407616702
-0.0019540268233285913
-0.0021185937341020545
-0.0012291357789927736
-0.0018203939635959517
-0.0021401401998803354
-0.0028360876694993793
-0.002028966173739984
-0.0008402415557189645
-0.00046052462917766437
-7.919342449150458e-05
-0.00033803114722316083
 3.298333036303775e-05
-0.0013686176415638905
-0.002250781763883565
-0.001232000249697824
-0.00035557851258617235
 0.0014718407808749223
 0.001815520892594347
 0.0012438900810170976
 0.0011832232767784866
 0.0011113469301315818
 0.001062835051977037
 0.0023921164252328755
 0.004356457848384034
 0.004176755555643969
 0.004624163819872417
 0.005257578720771677
 0.003955607876379742
 0.0029784305933664022
 0.003227804034061036
 0.004017457799316937
 0.0030112237760017532
 0.0007534270835940506
-0.000272740284645716
-0.0015301322011342094
-0.0024333403746908807
-0.001792734841474345
-0.0009328227587994315
-0.00029339485648711625
-0.00034079543929791854
-0.0004928458135778478
-0.0013197082201947055
-0.0019134596515262411
-0.0010598374033531125
-0.0006322666951413568
 0.0008430406775624497
 0.0023840482045691994
 0.0027527906551697364
 0.002641208910584972
 0.001039397402842275
 0.0005214482270098002
-0.0007854104690767357
-0.0042940938689066425
-0.005571418963716581
-0.005028633386989642
-0.0042288845223536434
-0.0037762440631938427
-0.0030463920732151776
-0.0020802307672842797
-0.0017422190233196927
-0.00039859982836882294
 0.0007647991115153676
 0.0018711330205360484
 0.002459854454548006
 0.001355738132282565
 0.0016024703750170534
 0.0032564834606965297
 0.004708072430272917
 0.004463405269572271
 0.004099387466622856
 0.0048657947486376515
 0.005092532864736621
 0.004699688938399682
 0.0027787081133280986
 0.0020056337897090062
 0.0019320460603060772
-0.00021242707505501245
-0.0012177112105846595
-0.0021979421400133542
-0.005139138049079923
-0.007411357079651729
-0.006948166833372473
-0.004750681447379865
-0.003720889434970701
-0.0033795746922709925
-0.0029939857520615764
-0.0027817559093257648
-0.0026743259826600306
-0.001716438778895577
 0.0005398761214912661
 0.0007146621249642481
 0.0003392436613344421
 0.0017794512499627936
 0.00336733588254602
 0.003329936525858945
 0.001967089375284685
 0.0023861824019965564
 0.003512956801999659
 0.00330316625653918
 0.001867261754552328
 0.0009020713870247811
 0.0007092600438753317
-0.000798383357976646
-0.0022297827721889712
-0.002409746180164452
-0.0022798644891029347
-0.0016161543723049224
-0.0005320334095641108
-0.0003379205798091036
 0.0001471811310182117
 0.0018204411364366722
 0.002754496510194084
 0.002729612764560522
 0.0021544866611676794
 0.0011488663210835646
 0.0012510535309368774
 0.0027886562770121793
 0.0033620302779437342
 0.0031731370751140776
 0.0034600127440773468
 0.003072277970925466
 0.00314897814458406
 0.003343960744011364
 0.002525771307171254
 0.0022695755097710546
 0.0024460378768727024
 0.0017695714503457092
 0.00041392186109708224
-0.0009473191852952666
-0.0023317867969042086
-0.003543666099908584
-0.004277795072663993
-0.004312086284278788
-0.005168653177208949
-0.006311972753134263
-0.006020821209527644
-0.005425997797615152
-0.00490949275003609
-0.005370642967269758
-0.005738061746377586
-0.00518739840435408
-0.0053072360068882685
-0.004038983257234327
-0.0014532769828804431
-0.0008285997140611368
-0.0012869622586114454
-0.0006090478880221416
 0.0008067978767625342
 0.002130428334836664
 0.003128255145408237
 0.004527361211617297
 0.005891847072875124
 0.0054516584875648234
 0.004961717899611667
 0.005913067787359264
 0.005870615791117226
 0.004695213722420642
 0.004405425281784569
 0.0032290799567057256
 0.0017058282958595423
 0.0013958174962097297
 0.000705761778013256
-6.292008746143242e-05
-0.0004767796144329415
-0.00017221035137926955
 8.424649533547837e-06
 0.00021414871560041635
 0.0004857471799851267
-0.0004925044683122306
-0.0009709777543456599
-0.0017300067531762257
-0.0025445643590977706
-0.001473373995253269
-0.0012278040047287205
-0.0020819183950104136
-0.0026155527438818794
-0.002735324115752165
-0.0023555581480593467
-0.002936902098673156
-0.00454025487647493
-0.005431312777768648
-0.004639617591609403
-0.0035457047083936894
-0.003147639987648148
-0.0019672782866453796
 2.9870617002685533e-05
 0.0014493046965163526
 0.0018475069850529629
 0.0022899199108123657
 0.0027491218125154557
 0.002770454742580533
 0.00233859466768858
 0.0009948911189262466
 0.00030317957663572066
-0.00026308894637111263
-0.0013909489315782995
-0.002283510191136302
-0.0030828276646241034
-0.0033915179255925936
-0.0030900607195717533
-0.001987108777349147
-0.0014777283527230842
-0.0016147299421696167
-0.0018874952626831778
-0.002130795001680959
-0.0008817560268743741
 0.0009510158086530602
 0.0030157786186064705
 0.004681419799218502
 0.00450747339014897
 0.0041007597297692
 0.004172594018562899
 0.00406369942990677
 0.003873237947106857
 0.002825690271336905
 0.0014579870242319032
-0.0008457430269955434
-0.0036057914093969795
-0.00392461786958038
-0.003962064893734735
-0.0033235738132387457
-0.0024531087468343846
-0.0027368430265664124
-0.0022159675005223836
-0.003430256577775517
-0.005259003751218817
-0.006174207737431955
-0.006352570445105118
-0.005026050614119534
-0.003270097554507263
-0.00160912712782709
-0.0012920219900210861
-0.0008699505893136718
 0.00024947568788102913
 0.0010578719198545358
 0.0023107505020949905
 0.00403458453192571
 0.00483349793519246
 0.004833812809070319
 0.004752625914419127
 0.003530652999436784
 0.0027277462458317153
 0.002061181088341371
 0.0006049068937740601
-0.0008610818069927
-0.001399458493827298
-0.000927904842081436
-0.0011889005651094069
-0.0016522738327584437
-0.0028567991308895767
-0.0026067757718527406
-0.0005625535622388083
-0.00037292518680895705
-0.0006172649906461333
-0.0008953044926628187
-0.0011328937759249745
-0.001065207056674662
-0.0005276111293110114
 2.2787459247053787e-05
-0.0006570082694487443
-0.001127630486162796
-0.0014125282961275757
-0.001037274475217186
-0.00032613181994368506
-0.0005230017991267971
-0.0004348108380436761
-0.0001134058434719987
 0.0008388322857410916
 0.00251722169183661
 0.0027388510823551965
 0.0020146270793150534
 0.0017737195960280331
 0.0019948196469142675
 0.00336449265694037
 0.004918626756586045
 0.005757261761632498
 0.005943442832039753
 0.005689985962896341
 0.005213110928469119
 0.00422691767666065
 0.0038177720251916895
 0.003096259855644078
 0.0006838227548007014
-0.0026789542848921133
-0.00462701667053901
-0.0040913109030736436
-0.003800409801971274
-0.003612451004537812
-0.003971184279032698
-0.0053478269498594445
-0.00559700518991169
-0.005429334653173558
-0.004714588128734589
-0.002713584983726489
 1.1183067513196571e-05
 0.0020537679918893196
 0.0032999455666505666
 0.004124037586235017
 0.004119827455211101
 0.0038721332204914565
 0.0030344662429482127
 0.0024916146913686846
 0.0022684535273019167
 0.001692065290428214
 0.0015864936534386795
 0.0005832811607033719
-0.0009031789808882408
-0.00029460922829855734
-0.00011623914750948669
-0.0014264383893668482
-0.000990007568154359
-0.0009485159082661131
-0.0020108303717192204
-0.0020133328331870775
-0.002873564775636025
-0.0033694818743053704
-0.002505228445411846
-0.00299737279776461
-0.002946671653743375
-0.0021376251695778416
-0.002646495983032022
-0.001872197206526184
 1.9711165499844242e-05
 0.00033380383461388845
 0.0007781189441162926
 0.0016173588934655801
 0.0010123036226356913
 0.0010981172159100138
 0.002224735778129103
 0.0034116486330370917
 0.004093279104897996
 0.00462378481768223
 0.006091161338786892
 0.006274748266960732
 0.004873854920332598
 0.0027072948414803223
 0.0015505643663825122
 0.002256212621873009
 0.0016640670526210674
-0.0002488791969631447
-0.0012985198470603124
-0.0017727234937521214
-0.002328996866255521
-0.0014161243781793797
-5.215794780438684e-05
-6.395618692191593e-05
-6.512346735065054e-05
-0.00011198148884211442
 7.599825459139138e-05
-0.00012804238922407865
-0.0012447818922876957
-0.0015593824693383189
-0.0018998043582186713
-0.003116286527832904
-0.004036770417402165
-0.0032446270804586132
-0.0015246051819076444
-0.0012728480779645483
-0.0017569147732648441
-0.0018130399709870785
-0.001874436169746313
-0.0011575001450644465
-0.00018243766669659103
-0.0010560586313777293
-0.002134221635344417
-0.00020076197168037438
 0.0021191747462494656
 0.0021706174322458616
 0.0011305092078574062
 0.0006148103398203309
 0.0010281358185065248
 0.0020019505762192366
 0.0034664945620112254
 0.0035545023654346155
 0.0030834698894132576
 0.0029786795822382885
 0.0015110119405665017
-0.00042095062665666575
-0.0010034615881264661
-0.001067391981498719
-0.0006297232929008578
 0.0007561021760438263
 0.0015844469948429819
 0.002080946909856016
 0.002162264959860205
 0.0024870518237693055
 0.002974942971572563
 0.0022480063296975096
 0.00027236661106279554
-0.0020232660518839877
-0.0022751885515232494
-0.0019278131461756165
-0.0025128037389983856
-0.0022931999132697807
-0.002271324048827484
-0.002565974611627104
-0.0022529461382747315
-0.0025381643936725623
-0.0017155359474859383
-0.00016596172254453866
 0.000812281778967597
 0.0022627993148039835
 0.0029291146445568346
 0.002846409864576665
 0.002188999266097319
 0.0023706663424426645
 0.003378703194128135
 0.0021268427839623333
 0.00032599066597317305
-1.7308040756231466e-05
 0.0006157750548843929
 0.0008659002895293636
-0.0004809398774185328
-0.0012468676100472248
-0.0014093740880146454
-0.0017288339754248968
-0.0020701255769037625
-0.0029140359630775285
-0.0025386000360836836
-0.0023999782675445352
-0.0027267478244507866
-0.0008113408106009741
 0.0011663640404540197
 0.0018758562337808666
 0.0023234517408865568
 0.0022620142732009832
 0.002304383873278241
 0.001634232387761987
 0.0009509014697734729
 0.001991998374536156
 0.002200698131266939
 0.0018985768986735988
 0.0024812892044501975
 0.002366927573893269
 0.0016112237543228346
 0.0007157865690938299
-0.0005128400550136179
-0.0014786345184826999
-0.0021748691547582226
-0.0021218992922087078
-0.0009731084413089808
-0.0003862638338794009
-0.00037828750732424803
-0.0005745126512500809
-0.00019187830752494082
 0.0008420750306382284
 0.0011050321358207083
 0.0011667507118156553
 0.0011041526624306548
 0.00048411053884974656
 0.00020583255907927073
 0.0005215349741670538
 0.001254603477039575
 0.0013767455071631322
 0.000248816635638518
-0.0002694055079919341
-0.0007544911066241454
-0.0006371657586024503
 0.0008778581561117246
 0.00044323664052936827
-0.001373795364693586
-0.0022506761190055095
-0.002534175327272456
-0.00254158692897343
-0.002229249178689125
-0.002170643735941002
-0.002756476829457494
-0.001813823661056841
 9.108400013589403e-05
 0.00024041357765525645
 4.48078630118318e-05
-0.0007620319764398515
-0.0021670994126635704
-0.0024957876831570216
-0.0015298461574881927
 0.0011541814939245566
 0.00296771375487701
 0.003029228227275173
 0.003573115122382546
 0.00395646783112277
 0.003307873110794021
 0.0019372156187584663
 0.0007636433695899383
 0.00032044997256185537
 0.00011765223921687507
-0.00016301566954090882
 0.0001369628677424199
 0.0017186204212738638
 0.0018192624413864182
 0.00019100455798676705
-0.00041446715824134674
-2.4358910738179285e-05
-0.0005400897392545947
-0.002405056844850064
-0.0025043248822736214
-0.0013428684837701094
-6.528488064748829e-05
 0.0010954794140916571
 0.0012587056216212815
 0.0015328748582904303
 0.0015815526081130566
 0.002095040362843736
 0.0026668301324391207
 0.0026118086021882487
 0.0018889429061470459
 0.00045848073259370254
 0.0001633486443253178
 0.0003421939887633269
 0.00011908587341927416
-0.00043254079363376583
-0.0015126317157954639
-0.003255872827082511
-0.005278566429677912
-0.007144373563995179
-0.00811260683867679
-0.007695595093898286
-0.007426442278842444
-0.007266855338981593
-0.007298556777583169
-0.006742081637280461
-0.005007924721676907
-0.0044715160556620375
-0.0033498022094402575
-0.0007023718487330705
-0.00015262619626877245
-0.000144797928027848
 0.0011275259321812234
 0.002586683206181724
 0.003339798624820482
 0.0034754582522745084
 0.003888895984995171
 0.0032129333715888884
 0.002848827903204619
 0.0022762760165208886
 0.0013220627508873698
 0.0016921268946066318
 0.002513619576135691
 0.003805769351586852
 0.003322244541401018
 0.0017068183189435752
 0.0010323773634743178
 0.0010170608018882975
 0.0028500686537441156
 0.00454351902856237
 0.0040175934066835894
 0.003434224681866271
 0.002745106197961513
 0.0017824386210355673
 0.001248220166600175
 0.0008496945299208597
 0.001094650918530276
 0.0009624933921104338
 5.420462962016171e-05
-0.0006007955186711331
-0.001272163472929079
-0.0034906243167252015
-0.005871325055411639
-0.006772471661864012
-0.007560180454040032
-0.007654090306975527
-0.007616358065995846
-0.007200886226151672
-0.005098971193113831
-0.0041829105168705635
-0.004234428025588158
-0.003132723380183309
-0.0020766001015562418
-0.0012457689042399396
-0.00018945533162094736
 0.0009216422268856162
 0.0016283380206949395
 0.0020341547126156564
 0.002829771315864253
 0.0029240359616112196
 0.002385944146831455
 0.0019257273968517185
 0.0018550146635424691
 0.002212135572288019
 0.00269797166972008
 0.002805401369239851
 0.0007679785463780569
-0.0006464182682111143
 3.103482543562344e-05
 8.494515457797689e-05
-0.0007066140494498604
-0.0008710806065021944
-5.985623950730506e-05
 0.0005244431547431499
 0.00202988075857878
 0.003206652284834148
 0.002817497450350537
 0.0029696694346172977
 0.0026368384612226034
 0.0015465115394072348
 0.001103658312035644
 0.0007326777825695031
 0.00012544593069130738
-0.0008479605124310209
-0.0027500254982261688
-0.004063976579359255
-0.0038730694347539375
-0.002780483653800505
-0.0014644969201147973
-0.0006413298533204195
 0.00024262608307571644
 0.0006568892939627007
 0.0009055671194992344
 0.0007629910399873957
-0.0008153688174660723
-0.0018640812185519592
-0.002070501576129163
-0.0028743664561354768
-0.0037328846565780486
-0.0027980781438907017
-0.0018751330944988254
-0.0014805032778143824
-0.00015516163154971158
 0.0012834257063845706
 0.0026934837263759923
 0.003094852118353328
 0.0032080728290011474
 0.002285746427192956
 0.0008168973223391347
 0.0014932072362679172
 0.002803878185704058
 0.003541305560861873
 0.003183084241665161
 0.0020812463281938594
 0.0011400143022098578
 0.00036604897605395375
 0.0011254101583113446
 0.002330955914191774
 0.0014934191872581263
 0.0005453097928504335
 0.00029719743628864884
 0.0002424575634540418
 0.0003676803809166497
 0.0006393052636957044
 0.0015851856043143473
 0.0022945880247144603
 0.0024177659317290694
 0.0024863172456097275
 0.0025817928309453952
 0.001741369497044958
 0.0010161626716375166
 0.0016923656898663925
 0.001779078451078803
 0.001169564088917183
 0.001691718728954255
 0.0018237627120573016
 0.0019235276203980768
 0.0024643102937138206
 0.0008823576333278633
-0.0006899116832150332
-0.0007147306257887633
-0.0006513104669843958
-0.0017759260721967012
-0.002500244242508182
-0.0023880644834389283
-0.0038245720814914217
-0.004293130920030602
-0.002170343372077611
-0.0002771348193691432
 1.4583933092638618e-05
 0.0001883057327642239
 0.0007179436483998347
 0.001397033679797648
 0.002106498490987005
 0.002428548302309286
 0.0017245083077770383
 0.0004658990378447348
 0.001115903156827565
 0.0025662334033983176
 0.0028350151396115205
 0.002410645025608142
 0.002104056343253178
 0.0021927079488561203
 0.0022593733758906167
 0.002068478551306621
 0.0018193578339634428
 0.0015772689240552292
 0.0006279142028669326
 9.27400367806604e-05
-0.0006689967112094372
-0.0028800432756250654
-0.00365443722732048
-0.003470888048290085
-0.0033963041347619813
-0.003745303896071517
-0.0043052635129648045
-0.0032350179148704842
-0.002540196738908413
-0.0022287356250443747
-0.0026802128328972485
-0.002633499687953534
-0.0006259467531096643
-0.0009348903395600914
-0.0012211171787888844
 0.00041633093902034485
 0.0011170194082045929
 0.0008539000800100921
 0.0004801434838258022
 0.0014272857830141114
 0.002615040602587477
 0.002912188358228821
 0.002903647852526865
 0.0021618313441142244
 0.0020676669365784473
 0.0027572819584055133
 0.0027265328257146514
 0.0022553684573104905
 0.0024280299829675957
 0.002798893898747047
 0.0015220380437690453
-0.0001457275185060816
-0.0007621615930773763
-0.00031826159835450865
 0.0014514950445099935
 0.0020059335843911263
 0.000541806040808849
-0.00047286700784166734
-0.0011618196150392003
-0.0022582114924821306
-0.0029330423714462595
-0.003173277817050462
-0.0035818829276730297
-0.0027604228201898685
-0.0009509449211089751
-0.0003315579610455972
-5.928240249872154e-05
-0.0003194853992303187
-0.0013900890849317753
-0.0015151403352294864
-0.000879311270901969
-9.228410324856218e-05
 0.0002034816811560278
-0.0005175636716746115
-0.0009707914238027158
-0.00041605066102483914
 0.0007428686224930775
 0.001274636683109716
 0.0009532941245638723
 0.0007119549766487896
 0.0004705951078931752
 0.000907336947731504
 0.0006702093283256389
-0.00029147377782465884
-0.0003577427764657832
-0.0008805775694222214
-0.0011033869108844404
-7.962122009709513e-05
 0.0017643713606899614
 0.0017698813608340736
-0.0006298807779766628
-0.001623220772611832
-0.0020287071854857295
-0.002739031721487297
-0.0021536760206585974
-0.0007752569836514622
-0.00024323490296141297
-0.000696964804213153
-0.0011301604839399513
-0.0017173763950305459
-0.0011361614942724957
 0.0007922839022207862
 0.0019145129400581103
 0.002353952179722895
 0.0020393686700288897
 0.0013392429977199267
 0.0007123095381804217
 0.0001382688482685933
-0.00035685676015184594
-0.00038718973719462167
 0.0008743352524859992
 0.001044234452562297
 0.0010052225479710776
 0.0021648030716531577
 0.0026960847772689754
 0.002822959460595917
 0.002291141506676046
 0.0016922568709882694
 0.0017460018579447546
 0.001903666061817783
 0.0018602739473033941
 0.001241249258984652
 0.0006736460882812715
-0.00011621804809835225
-0.0011010546858443654
-0.0008462973565830284
-0.0007343474128830912
-0.0011962370577383752
-0.0024721174421327525
-0.004595970859610482
-0.005290178232382784
-0.005756188573228768
-0.006510340705407207
-0.00744708353083675
-0.0070657790061185
-0.005117382859964284
-0.0042110973514561814
-0.002954457026375458
-0.0022122844608729385
-0.0015090820458683936
 0.00010360694418238963
-6.004287485869716e-05
-0.0007268575072142085
-0.00022197207957394682
 0.0005130377276762631
 0.0012201562954027218
 0.002480316363336173
 0.0038077439566389566
 0.004391439923613851
 0.0043099729367764746
 0.00408115916116833
 0.004502658329752829
 0.0036989309484278025
 0.0006178398286001903
-0.00015827513607622354
 0.0015912660906308405
 0.0016120288970982374
 0.0014231398203191556
 0.002667997680487958
 0.003547190825096951
 0.003538624608669483
 0.0032661655463272414
 0.003294055094329829
 0.0027863732139745702
 0.0017837903435910642
 0.0014881029334676828
 0.0017746646549997116
 0.0017987417830533658
 0.0008938757484956236
 0.00026620814961706975
-0.0008540061106475799
-0.0027957332063690225
-0.0035379829673669984
-0.00391143344270819
-0.0042239277491539
-0.004511087616566229
-0.004082386065672651
-0.002943039762793853
-0.0028802998003181874
-0.003259552695449073
-0.0029240956698484647
-0.0019703588754610805
-0.002159901954891264
-0.0021466606446851697
-0.0010233145363127884
 6.308475570920789e-05
 0.0011960975406424537
 0.0006207438556303641
-3.7448415574996945e-05
-0.00011826467154054135
-0.00037883058594614737
 0.0005130328198671203
 0.0014524542121635482
 0.002210874584358751
 0.002399031702780557
 0.00203061904828938
 0.002372202572931005
 0.002797150965490289
 0.0034842680860709446
 0.003930141086076269
 0.0029488590763868043
 0.0025501323138538627
 0.003495394767804079
 0.004159477377817792
 0.003412803778232072
 0.0015103233403302434
 0.000279588704432739
 0.00010501835627292073
 0.0002106290776757977
-0.00016613746079473113
-0.0009290878243875753
-0.0012918314481714557
-0.0015145753214970057
-0.0012005568795818114
-0.0009452504723641642
-0.001899071731180394
-0.0024767116846922408
-0.002473920429047375
-0.0019125555479110104
-0.0010902327076629322
-0.002240748256735601
-0.0036670687088367253
-0.003945895643802494
-0.003971503962707688
-0.004326244743144886
-0.004502207884794696
-0.0028498667748147887
-0.0015227999703462454
-0.001020743257644527
-0.00013311658544649512
 0.0005155962777293506
 0.0023996288769711958
 0.0036172892908071107
 0.0036299751935965803
 0.004575680025157635
 0.004208747718891894
 0.0034772016585751893
 0.003969462928308487
 0.0033933276069091235
 0.0020600814309169988
 0.0018165154394328505
 0.0017223292862577069
 0.0015975716560291896
 0.0013972134549608806
-0.00018963786371141366
-0.0017017425122472188
-0.0028385009691706095
-0.0033326102547942948
-0.0028906192918960096
-0.0036739710004634074
-0.004341494605545652
-0.0040232240586019945
-0.0037129585391195382
-0.0031048855921126167
-0.002565284743142499
-0.0020216282954472436
-0.0017922163518792427
-0.0012237189102227205
-0.0004546218983458584
-0.0003918358089385781
 0.00010709592438511425
 0.0005021279103269995
 8.677839565418157e-05
-6.978669704085468e-05
 0.00121689925150146
 0.00229733928128431
 0.0017290715950281901
 0.001609594370759485
 0.002254807000160441
 0.002087056111794901
 0.0015102124810139938
 0.001065944119482362
 0.00038868845021308203
 0.00044695741705614737
 0.0008151165931949381
 0.0005887400663685703
 0.0006350690822506898
 0.0006453596813618853
 0.0003454868967417131
 0.0003589098394285555
 8.175698497873122e-05
-0.00018025637401068324
-1.692608218161893e-05
-0.00101690638236544
-0.0014741021147634597
-0.0015782787122271091
-0.0026366228613056183
-0.002483015435711365
-0.001865488494572976
-0.0013448629588530144
-0.0008632903328605955
-0.0005139942124549446
-0.0005605158845142256
-0.00010506899386276046
 0.0018039165981234354
 0.001991693269737566
 0.0014583963913342682
 0.0022977754635306706
 0.0029142812752205793
 0.0026915487881998537
 0.0015485053974269017
 0.0014882475136039387
 0.0021330102999428105
 0.0016313613117471505
 0.0006701954123763523
-0.0006908914351523574
-0.002368628158845623
-0.004233976716808082
-0.004461237478261051
-0.003857474169143003
-0.004190816742670858
-0.00453048815444447
-0.00492734341865024
-0.004387128380145893
-0.0028766974696628755
-0.001450234555899489
 0.00041063741270571286
 0.0018969307428681058
 0.00188162589253871
 0.0025092147138033065
 0.003527146766727082
 0.0035424711362106627
 0.0034768757606735714
 0.003762987111261736
 0.004055261704169683
 0.003688173838061452
 0.0032577025230693694
 0.002855656914033635
 0.002656542885023939
 0.0013039848161227883
-0.00023668871631953714
-0.0005870905022803404
-0.0018526063474807947
-0.002516023378771611
-0.0022926296661476453
-0.002262248335109258
-0.0026755333676260064
-0.003109705120374514
-0.002821790139518306
-0.0028138042606207737
-0.0026094395722661002
-0.0016654483366917833
-0.0003873737708972468
 0.0007425811174304529
 0.0005966394297861587
 0.00014722324605670562
 0.0012243431271771522
 0.002731485700851278
 0.0036374354620513747
 0.003760016667604108
 0.002787135350569934
 0.0016325470578882767
 0.0016289559957375732
 0.002073747811399637
 0.0020759776042026095
 0.0018188932795229363
 0.0019152953502455164
 0.002250463878916401
 0.0012778853175691228
 0.0002529304686618506
 0.0006078460356405125
 0.0008853835116391147
 3.982229950335995e-05
-3.5847619912977624e-05
 0.0004067423908960779
-0.0002930786005948115
-0.0014076015894485332
-0.002262786877096842
-0.002394168296779258
-0.0027300362619561147
-0.0028387602874192616
-0.003331641716166374
-0.003272061926651324
-0.001320557394733397
-0.0013194740025867426
-0.002007228292386327
-0.0012311242598152681
-0.0010672782300076619
-0.0013550008579184857
-0.0014989270175673813
-0.0015558807776959575
-0.0017782568788758469
-0.0016987639578728757
-0.00020012255170144774
 0.0005642698664743538
 0.000686286001341658
 0.0019995548850550117
 0.00198899199471983
 0.0014550934099148496
 0.002767099146602639
 0.0036566116496284506
 0.0028454471360249804
 0.001813092200813625
 0.001161998144282482
 0.00038523848019265006
-0.00028143380222920265
 0.00039381029702340573
 0.0013421493844183441
 0.0007946651784964358
-0.0007201100135369843
-0.0025002520982152993
-0.0030321693416225687
-0.002211348237899418
-0.0015146830239444124
-0.0012082612512250691
-0.0017884950749732828
-0.002303387390290437
-0.0015660388460281215
-0.0006790769967465991
-0.0005854241857520963
-0.001332296016927583
-0.0013723129502946647
-0.0007580513812024038
-0.0008382770999575633
 0.00015160426548224026
 0.0024897797262162995
 0.0029572932437046703
 0.0020851154667129146
 0.00208501820075034
 0.002153098677904076
 0.002720463987382586
 0.0031831706705049458
 0.002690935631021259
 0.0014652969123047119
 0.0005281144245239259
 0.0012675247236575255
 0.0017510076490743851
 0.0013828564188062664
 0.0014999993998176283
 0.00197744923569903
 0.0018896322628542048
 0.00042479241962344364
-0.0010939926063814516
-0.0013732918171567117
-0.0013611765234918067
-0.0013898059600480775
-0.0015407369488606912
-0.002007605873960667
-0.0028759930352957003
-0.0025021771478923155
-0.00036938780033115426
 0.0003076801877696523
 0.0008694152644217102
 0.0014698338763920885
 0.0007843707335004038
 0.001438533683424181
 0.0015106286851166648
 0.0007783284135344454
 0.0006086125197689197
 0.0004386188829830858
 0.0008749391484846312
 0.0005421326348163532
-9.53245619227215e-05
 0.00027379174418731177
 0.0006965530602000159
 0.00042522585361927585
 0.0001623027893610267
-0.0005400961100208049
-0.00156701691986548
-0.001533714957898736
-0.0019123188442148641
-0.0030833806669573016
-0.003108670387975307
-0.0014526212425123683
-0.0007118826277991037
-0.0015885288662872963
-0.002316509368368497
-0.002421494273605768
-0.0011530561350965062
 0.0008232895203517534
 0.002179257891402715
 0.0026109250742649354
 0.001858958074638003
 0.0014314159215080067
 0.0018283600796131201
 0.0019095496849004501
 0.0029091145291611875
 0.004080239612591231
 0.004497497110636857
 0.004120730958973736
 0.0032378316271845856
 0.0021365780727861062
 0.00013646791316936674
-0.001140615279954599
-0.0017921315409050165
-0.00189679871872072
-0.002076621347634677
-0.0024061116585519194
-0.00155180095671652
-0.0005163082574929439
 2.7620694417539357e-05
-0.0001431087328440267
-7.258765287531056e-05
-0.0003497523567725795
-0.0009620072027721068
-0.0004532797609639338
-0.0003939590301284678
-0.0009717744470328749
-0.00015817051462197498
 0.0018135278603421665
 0.0023262477760047375
 0.002400046107145576
 0.0031524953888144966
 0.002570438554944709
 0.0020055076834316356
 0.002708071073456073
 0.0036748941400739183
 0.0037604439069890837
 0.0033269029215736777
 0.0024774861570139167
 0.0008620254083432256
 0.0003639126954116058
 0.0008944610904660846
 0.000585326594529108
-0.0006230380839562051
-0.0015588848147693004
-0.00235456990446464
-0.0028037065294686378
-0.00294376563533466
-0.004197134310490302
-0.005113630371619882
-0.004247737232362395
-0.0032888016681032863
-0.0025211624432683977
-0.002322487283648006
-0.003199998188116919
-0.0029108463217514583
-0.0021574434306832163
-0.0019188066514285649
-0.0011330854669945832
-0.0003649267596237115
 0.0006001830237229726
 0.002418568621405082
 0.003364289684995078
 0.0024813089723441403
 0.0013367531457935471
 0.00021351454793310347
-7.929807174091875e-05
 0.0009119339643952399
 0.001488565786098583
 0.0015876076466373498
 0.0007854130825350104
-0.00045064060456272067
-0.0008290802737258966
-0.0011504985433965994
-0.0015640797020089357
-0.0011459914279068437
-0.000173877033812455
-5.737515264776129e-05
-2.76661630186889e-05
-0.0004341997955085124
-0.0008222509422006779
-0.0003212750664924821
-8.346200800643255e-06
 0.001227900436722987
 0.0016942613686508254
 0.0017412454410267843
 0.0028387509167695853
 0.003129774040928235
 0.0029627062374541465
 0.001546527368068597
-7.802842057971315e-05
-0.0006473446487588609
-0.0017307100477781322
-0.002587121175719327
-0.003132895931097051
-0.003682761229741495
-0.003775586315887492
-0.0031116227900233585
-0.0024156383183839866
-0.0019203593860378106
-0.0013855079313167971
-0.0015172548182253672
-0.001397889941176035
-0.0013696549517276243
-0.0009699866288802921
 0.0008126014750262092
 0.0018714075973846308
 0.001249253874450755
 0.0004026351608026012
-0.00023918437117323538
-0.0012280587505999342
-0.002070111815075029
-0.0025708617020003036
-0.002111828934435279
-0.001351848117680793
-0.0013480554506900035
-0.0008126918564509334
-0.00022504073977301447
-0.0006528410434475431
-0.0013157052580804803
-0.0013567634955815714
-0.0007594829880010409
-0.0008637888747886434
-0.0006724001646760181
 0.0001282342715581742
-9.157794249912097e-05
-0.00033261389402899693
-0.0006009607409192673
-0.0005723607188050235
-0.0007216383108380244
-0.0006276759811935148
 0.0008071127547850067
 0.00024268000581993256
-0.0009616160708907975
-0.0005265906000972162
-0.0010236480839571971
-0.0014216520547243338
-0.0016013778008938675
-0.002217304222886892
-0.0012796703853383555
-3.1618617101802805e-05
 0.0005064430301436704
 0.0005055300131150939
-0.0003186872845415761
-0.000738633454196724
-0.0006545924412654869
-0.001000097350568909
-0.001222386492866539
-0.0013882522468392359
-0.0015344585555677572
-0.0012123793482236927
-0.001031858674897059
-0.0005816587618884396
-0.0002651405311810689
-0.0003625322568754566
 0.0006822989230468036
 0.0013640065050882352
 0.0010234440570476221
 0.0012835356634276385
 0.001745693915218984
 0.002782650333719331
 0.003426372171259032
 0.0030248231724432926
 0.002884624054603732
 0.0025565197813317677
 0.0013916741642956833
 0.00014585954356377589
-0.00021774345114918833
-3.339844995016857e-05
-0.00016095223243360889
 0.00010851628370449542
 0.0017577450307627721
 0.002828066249727081
 0.002917751010162982
 0.003093640682256445
 0.0030405859178435266
 0.0030471359164236287
 0.0025798329722330664
 0.002529784373500082
 0.0034126331731265756
 0.003470244228549538
 0.002519375571464414
 0.0013760673758521388
 0.0010872174759867445
 0.0007238384389325464
-0.0005350465959523336
-0.0010368048831148418
-0.0005567183302843406
-0.0009172789635140605
-0.0027242426744827626
-0.003933300356208382
-0.004134976023898593
-0.004201630780570634
-0.00418766784435206
-0.004492870571313983
-0.00481218901560439
-0.0048481951126766384
-0.0037067898331867044
-0.001111569917491959
 0.0008757672852188104
 0.00103798108869356
 0.0005522411769414569
 0.0011997258600434386
 0.0017041262224609598
 0.0020712774863763197
 0.002640091360884655
 0.0019996406251765807
 0.001999581463434714
 0.00233149250362214
 0.002629767480838011
 0.0029484436737813075
 0.0025245716127283964
 0.0023556438550084006
 0.002849505550791568
 0.0037850102693018257
 0.003699230359782133
 0.0033917355615216073
 0.0035418965782929852
 0.004161596239073041
 0.004577846062744217
 0.0034862094651307383
 0.0027937120735413937
 0.0021236688109358194
 0.0014687938131364275
 0.0008661133937133909
-0.00045734511953211864
-0.0011682251211744047
-0.0023096164510891023
-0.0033488873260766917
-0.0033708516146301057
-0.0031905061976380154
-0.0033517461008921415
-0.004258156261729625
-0.004546255147901098
-0.004562984983087335
-0.004349693263040675
-0.0038832532539443
-0.0037769750281285742
-0.003816441320504124
-0.00313082866305276
-0.000639518350849753
 0.00130427121140633
 0.002502237543677879
 0.0031523261395905527
 0.002148334603326514
 0.001861431131568012
 0.0027584163250363096
 0.0030421557698103244
 0.0024201937310170704
 0.0024466090992713847
 0.002430631668224819
 0.0009599060053729441
 0.00047657267952574603
 0.0012725776429558312
 0.001569127850824478
 0.0006652556615828363
-0.00047528700126827695
-0.0004068777757387757
-0.00029240689510977064
-1.916962801574916e-05
 0.00022539309430280512
 0.0001225396649498626
 0.0013230789413679357
 0.002731149180948598
 0.0030060875254271043
 0.0023777966160462498
 0.0017375389360597601
 0.0013758582250195384
 0.00042829412937810113
-0.0005908137020576388
-0.0010397820145616014
-0.0008617294459920372
-0.0005971898277578434
-0.0006606124092680976
-0.0008967327392075744
-0.0014217317159792972
-0.0020094560108738528
-0.002504285665390896
-0.002671291382938953
-0.0026103661002731616
-0.0021785289723162656
-0.0010285772382134944
-0.0007098151301060694
-0.001176449160604357
-0.0004663864995948244
-7.816269226126323e-05
-0.00031747480248764956
 0.0006808340140628336
 0.0013190362390025875
 0.0014035119289474416
 0.001835732858922213
 0.0014621613616378495
 0.0014618379467614764
 0.0022674597955908817
 0.0021401864674823546
 0.001789366460644823
 0.002174272778196379
 0.0025178797453517705
 0.0018606039466401692
 0.0011018467332042205
 0.0009763802701279794
 0.001287038921920702
 0.0012668436809655328
 4.9029123218712144e-05
-0.0003417280537205747
-0.0006866959105351491
-0.0018912774090639904
-0.002641039047255322
-0.0031525962785566024
-0.0030653855113682914
-0.0037461670532509634
-0.0036958375964890756
-0.0017424788295978759
-0.0006595372211579966
-0.00043973828443667155
-0.00025797647092652096
 0.0004865561369596922
 0.0004543981810426687
-0.0003802629746734028
-0.0003388424906097506
 0.00024493377034427645
 0.001373271906704991
 0.0021111086849737253
 0.0019910510749850422
 0.0012480764053958801
 0.001221675801635821
 0.0008842896605671924
-7.787253501558392e-05
 0.00013945805081802635
 1.6820058722051037e-05
 0.00025915736096243235
-0.00032877948883378814
-0.001846618047313486
-0.0021952685204974895
-0.002214268425973631
-0.0019273992416653132
-0.002070414775120671
-0.002152838396985756
-0.0015066938589819634
-0.0011096127284963406
-0.0018207520071185038
-0.0027091951762824498
-0.0018575389915793795
-0.001025364150220795
-0.0012655221162042258
-0.0008195494495919131
-0.00036834000229282775
-6.017832798348679e-05
 0.0005148011880232991
 0.0003668737130999702
 0.0013773205864105803
 0.002646547210643412
 0.001747398965037149
 0.0019234877127044495
 0.0025874444259775175
 0.0020111623761865207
 0.0020673097259481313
 0.0018743572545635444
 0.0011753372251422107
 0.0006484485871194445
 5.012499902468742e-05
 0.0006070629238566582
 0.0015172291308443605
 0.0012093120679383953
 0.0010640413305134419
 4.998302541766118e-05
-0.0012791783024242722
-0.0022132448900013943
-0.004154435642090468
-0.004927965839553197
-0.004674500047482947
-0.004555434244517478
-0.00476552366844091
-0.004615509302957113
-0.00351778137499708
-0.002546667400965767
-0.001193415129966155
-0.0002035048372493238
-0.00014030200108073096
-0.0005647801650185545
-0.0013383650271026426
-0.0009353458363941603
 0.0002509039498256825
 0.0008461083544132295
 0.0017165901026637744
 0.0027610565955283116
 0.0027487533256654612
 0.002230019463329795
 0.001982630696366703
 0.0015374865586752985
 0.000997674537392612
 0.0013910213524238942
 0.0025549301944851515
 0.003098138852734812
 0.002926281551446958
 0.002771059260553653
 0.002532496561469071
 0.0011271825397031069
-0.000437287405722881
-0.0010074711985530076
-0.00167700669857349
-0.002029740875349126
-0.0018835205145510475
-0.0013482301018310709
-0.0007332108055442298
-0.00014321877369171171
 0.0003781920485867937
 0.0010352617686362623
 0.001663462475887253
 0.0011488150919073327
 0.0007958145505350696
 0.0008755015416274293
 0.0007023330310174154
-0.00038329795226855736
-0.0008845685106025827
 0.00013924730583720482
 7.750604365274305e-05
-0.0005246028350496853
-0.0012440113644114012
-0.0016420011992207013
-0.0008676743849624315
 0.0003592788510073243
 0.0010814176423878674
-0.00017746253372897264
-0.0007106947092541101
-0.0005090407721159764
-0.0019597979644431556
-0.0024713569817677644
-0.0017638298395259398
-0.0013982250709372933
-0.0021663664362277556
-0.0013920906537188227
 0.00035995503339421883
-0.0002532317323904358
-1.0488718946865271e-05
-0.0003967520916453117
-0.0020483118834924274
-0.0019037034878270234
-0.00039816500379349446
 0.0013878689792426355
 0.0011962658469379143
 0.0008889611488292284
 0.0019443032588799735
 0.003038332909115218
 0.004686386159700122
 0.005040185933510489
 0.0031573051527088794
 0.0011069190613930667
 5.0387651421817405e-05
 0.0004542001932500156
 0.001589459435118343
 0.0019020662656907261
 0.0018404166479817205
 0.0021021248368973686
 0.0013490625570829647
-0.00019699092885626382
-0.001215692884071751
-0.002052400591986817
-0.0025265244672297237
-0.0020066512638560554
-0.0017764561562037054
-0.002988951198955408
-0.0034768894331244885
-0.002805343645811418
-0.0020450413056442734
-0.0013437041068027921
-0.0012031414267134318
-0.00035467693917760207
 0.0005941432900186214
 0.00026308809892924015
 0.0005231018718079612
 0.0017301540295661085
 0.002188502882483828
 0.0026715149119825622
 0.0029616663258241883
 0.0024071167553363255
 0.0014343918189044234
 0.00048402948050796385
 0.0003650540466227233
 0.0006812083016952196
 0.0010255449611353976
 0.0007901485393884741
 0.0009923943028848398
 0.00039094892476690814
-0.0014591729529253574
-0.0014132922611820912
-0.0008856099211746164
-0.0016766487281701945
-0.002137369271693094
-0.0011183368138596762
-1.774879294206363e-05
-9.949008481038819e-05
 6.025863592884358e-05
 0.0015939106010905751
 0.001835720994592389
 0.0008755673284331203
 0.0011098213516665214
 0.0013861174680482465
 0.0012767017483287155
 0.0018925751008958185
 0.0031639432730062606
 0.0031556661649447208
 0.0018199908309994184
 0.0014090805919670928
 0.0014149398538419258
-0.0002001028794084032
-0.0016785156396107435
-0.002537833164563579
-0.003724933604314977
-0.003437555109771271
-0.0020993657436813853
-0.0009568204758421237
-0.001025142812560567
-0.0017423448519165764
-0.0009729663340834898
-0.0006606395573435172
-0.0009229036099121838
-9.400949915795756e-05
-5.7850514632537957e-05
-0.000618907442484176
-0.0005147194899600856
 0.0003812831323335144
 0.0005393154190838778
 0.00013907024322628168
 0.0014840518535657354
 0.0018236164016442178
 0.0007330182662725097
 0.0011711865582077969
 0.0017443917256972298
 0.0011413907969681106
-0.0004403655274727057
-0.0006910184503136148
 0.0011053883857461326
 0.0011691718554342177
 0.0007020552015904741
 0.00022182919923904133
-0.0013971090772622599
-0.0015538564120424322
-0.0010177179942049415
-0.0008454488047319751
-0.0006141955354451126
 0.00030969608907020286
 0.0018293789218821177
 0.001486112521115495
 0.0008551155588056524
 0.0011067067064165406
-0.0001801615539581715
-0.0020967969059952165
-0.0030031978673373256
-0.0029582627734653904
-0.0029033312123708578
-0.002405654723735108
-0.0011720115216450155
-0.0008727975349070471
-0.0015865120633355094
-0.0014121207295959403
-0.00011840617347565659
 0.0008719764786489139
 0.0014360092790786057
 0.0013269014401350045
 0.0010674377617916602
 0.001524063043596534
 0.002330282119942171
 0.0023296761992499396
 0.0009850445084910772
 0.0006419767603108092
 0.0025965047250616088
 0.0036259104507181685
 0.002193468172351953
 0.0010792169144226338
 0.0007294371096325185
-0.00011593839699741916
-0.0012135635026481126
-0.0015800990294532393
-0.0013788599821902353
-0.001538671256944481
-0.0017049529605732293
-0.002131905500424437
-0.002342953824541095
-0.0022614374228880603
-0.0028664966470680463
-0.0029593407159519093
-0.002429139998490809
-0.0025380490516697333
-0.002760890727512017
-0.002377577897905803
-0.0011887673161489086
 0.0003827409779199406
 0.0003622989707245593
-0.00023037153846276862
 0.0005528223727003314
 0.0010808567973139103
 0.001740270139284489
 0.0037056864749445036
 0.0040218876678056155
 0.0033611827579238304
 0.003536760110099207
 0.0033423924999351875
 0.0033780492059754226
 0.002315503154056387
 0.0014594005835252733
 0.0015150355207546881
 0.0006990657471226577
 3.6383892008566194e-05
-0.0004248664889626381
-0.0011886396406951372
-0.002152085383637863
-0.001566921704543281
-0.0010962686063888663
-0.001702400973579135
-0.0011983188884083463
-0.0014357794391433702
-0.00100788581159143
 0.0007989972737634853
 0.0005457975367701251
 7.130136431821936e-05
 0.0008352946931242259
 0.0005426760611946845
-0.0013423960771253975
-0.0031156362966779736
-0.0036821753145684015
-0.003127249586119896
-0.0017757500666233386
-0.0009430996923175666
-0.0018209519130069293
-0.002463757374091225
-0.0019863173554970164
-0.0024716003150373972
-0.0026977922320281385
-0.0019347545288456178
-0.0010336528391154684
 0.0007704300472056935
 0.00113498403266644
-0.0003138733722914337
-0.0008549910940650199
-0.000984296529647532
-0.0009527530493206859
-0.0007763759858084907
-0.0005657202528012416
 4.8287894417055915e-05
-6.072832247583816e-06
-0.00018462288555370814
 0.00098065598941102
 0.0009712784145677229
 0.0008376205720071734
 0.002535023387739597
 0.002245048173264628
 0.000626163399375505
-0.00025444902872646133
-0.00044185965058252504
-0.000286520347524394
-0.0006018816570072227
-0.0007058440538423144
-0.0005183010798353706
-0.0005799148903967668
-0.00019083082710046113
 0.0007559756601623862
 0.00175924307088265
 0.002812203863521167
 0.0028785860904292446
 0.0023168460511961532
 0.0010936936359951645
 0.00024481071726817723
 0.0003137937322652201
-0.0009218813913820351
-0.002155173593700185
-0.0017315262383975245
-0.0011681190808549653
-0.0015929191616875892
-0.0010302067178246026
-0.00035693908331372383
-0.0001644129817713709
 0.0013522775358160036
 0.001968471667708041
 0.0015463446633495251
 0.0014959940653927835
 0.0015423532202793677
 0.000628946565181068
-0.0007859628942714147
 9.084289866274785e-05
 0.0010919950458936824
 0.0009786044891203702
 0.0009189060550140015
-9.094675968834652e-05
-0.0006170798553805814
-0.0008955068621335554
-0.0009236501370199201
-0.0006407831888743386
-0.00038657778187595697
 0.0009264985591442978
 0.0015356889511353759
 0.0009694993739037959
-0.00015830358061751725
 0.0005384234919133828
 0.0020481282802826102
 0.0011858768933936223
 0.0008701877105724241
 0.0008576716078757345
 0.00044034680232485
-0.00017005168996930123
 0.0001677580590846626
 0.001518776167557503
-1.809797996654094e-05
-0.0021109573487399645
-0.002630341379037358
-0.0021544565258407645
-0.0012359260118564445
-0.0006934252642299028
-0.0007724774841785183
-0.0014907548645618695
-0.0009611285139001884
 0.00015370522866522087
 0.00027285970248730587
-8.787372170948532e-05
 0.0002619855634970339
 0.0008355747596100853
 2.269569795364956e-05
-0.0010114815352976058
-0.000583866524308032
 0.00018628419678181176
-0.0010047419636071838
-0.0023551277061795457
-0.0018037572424561429
-0.0010202604728089082
-0.0005314978763500283
-0.0003702120325555326
 0.0009581290456352143
 0.002415152853574354
 0.0017206767089542646
 0.0021766338987716997
 0.003505527303577647
 0.0035564637689406804
 0.0034545968994975896
 0.0027321908681950304
 0.0016442911209479266
 0.002121690911709626
 0.002788074924103541
 0.0021700126190382575
 0.0021565854294582822
 0.0021189166826472055
 0.001142562607469099
 0.0007621236454598409
 0.0008521557177406993
 0.000351684890861807
-0.0007547850861803618
-0.0014458763012397998
-0.002084912300728226
-0.002494866013007723
-0.0015354453410559743
-0.0017176465326653157
-0.0024739163848586107
-0.0017536292825452268
-0.00201750443684859
-0.0023730569979379963
-0.002252045426873916
-0.0030145932963824575
-0.0031620950782519095
-0.0024080209961114306
-0.0022229319751050315
-0.0025870972842321734
-0.0027383087811908256
-0.0030466517974282533
-0.0025199757222459348
-0.0008651948702544063
 0.0004485287907347678
 0.0005179255916988382
 0.00011172139183386052
 0.0007805114441540088
 0.0018837972661992102
 0.0026097695128063205
 0.0028563594204446888
 0.002030086974459605
 0.0016434094980101461
 0.0030835875395103345
 0.0036872637534331896
 0.003170739303309001
 0.0029561073601803273
 0.003127971382694699
 0.00368248185997095
 0.00320647343136592
 0.0019498785312113596
 0.0010161043361938107
-0.0002011948353752635
-0.001190786271699403
-0.0004895393224591413
 0.0005455424998855395
 0.00010860897525072214
-0.00181874853834114
-0.0027760177689139806
-0.002345930117785711
-0.003504729225922116
-0.004325577416469386
-0.0032851245385253965
-0.002249465995148207
-0.0017829733286458972
-0.0008377379446864676
 9.139512430471591e-05
-0.0011006327946556365
-0.0016045051878945255
 0.0003529764584121318
 0.001963176969851339
 0.0012190289296726278
 0.00015922614676821447
 0.0008931780353959652
 0.0006995306830849748
 0.00023268654607080618
 0.0009495860096057501
 0.0012217664088593717
 0.0011433776424626056
 0.000972675927002798
 0.0020258206449779944
 0.0029893122930162073
 0.0017407766593820757
 0.0004009662802974927
 0.0004952930267600193
 0.002040025112757094
 0.0028182804160042556
 0.0026722158269504243
 0.0016581033259782335
 0.0002473832062379634
 0.0006991048642855426
 0.00030716206078878984
-0.0002793969255334429
-0.0006407219275905145
-0.0017862304449857832
-0.002519654692808806
-0.0033826841964216723
-0.0033841168813263565
-0.003876625116580656
-0.0039406313944150536
-0.002282526768935721
-0.00198832812773017
-0.0017708167424175046
-0.0005569690728246226
 0.00029046563852813743
 0.000571813104252734
-0.0006039657640281746
-0.001429893356953691
 0.0007596112860305345
 0.002365809397128737
 0.0020569148883187592
 0.003129492312565284
 0.004149654087354491
 0.003976812710789393
 0.0031392055207549287
 0.0023278330711168273
 0.002112327675489533
 0.0013081633233841693
 0.0013448282046886022
 0.0016006864904533691
 0.0016584479894987336
 0.0024862838623353925
 0.0012093864699292119
-0.0006104103839584245
-0.0005712343218972101
-0.0006164694031911964
-0.001095828511977841
-0.0008456536388914771
-0.00040984854056964513
-0.0017699246964164848
-0.0030398417906579715
-0.0031526451402420627
-0.0030300875360939365
-0.001019674316576873
 0.00018173004575836334
-0.00040665280269534294
-0.00023942160043553877
 0.0004886717139933522
 0.00040876126914794135
-0.0008778252278257596
-0.00069701206319685
 0.0006948010747060145
 0.001516681623349478
 0.00014992979734872606
-0.0029244048688163086
-0.0038157589914638193
-0.0025596994342958757
-0.0013476715258085076
-0.00018624933963068155
 0.0017667185171067956
 0.0019398013407339503
 0.0016439256117544627
 0.0030487255440760606
 0.0024886200049719035
 0.0003752402981401024
-0.00030263202699237887
 0.0006163885361100531
 0.0012548245889071304
 0.0015913675000702148
 0.0018636832551726396
 0.0009682151606529028
-0.0004663677144606683
-0.001527112451687337
-0.0019328601646047916
-0.0011978413558451852
-0.0005746652103154186
-0.0011077698227297847
-0.0011518238731369037
 4.339852367429975e-05
 0.0007932497925133398
 0.0004899019437327783
 0.0007124078532650334
 0.0009403323303111874
 0.0009761469457125768
 0.0015351122146934656
 0.0018034697984886665
 0.0008902756209970871
-0.0002854961919357712
-0.00037520419777283383
-0.0008094033861589169
-0.0018595411927406131
-0.0017284332790080718
-0.0015535575986962773
-0.0007535179007458366
 0.0003572221669014075
-0.0004200506871420735
 0.0007567915977226415
 0.002076436629390132
 0.0007546201269663304
 0.00045761816259025633
 0.0016067226527764333
 0.0036131887315720645
 0.005044845816892854
 0.004423579043052716
 0.0019208339459889949
-0.0007226842553266968
-0.0007971221892290779
 0.0007113689922472413
 0.0009517132587443986
-0.00042218672073244764
-0.001763397284600327
-0.002576559878517553
-0.0029673556483206798
-0.0026494499162826733
-0.003403395456331003
-0.003825089198460512
-0.0021699963747825067
-0.0014973131647122847
-0.0015525450654889383
-0.0010102374491396534
-0.0009928702206196348
-0.001720153313437719
-0.0014778009412396659
-0.0006551601579782235
-0.0004982296635818788
-0.0003603818463399836
-0.0014061345992528473
-0.0026344404883176745
-0.0026884890090537322
-0.00287686671385209
-0.002464827358112292
-0.0020034845187204345
-0.002915273152047086
-0.0020926622462990522
-8.719763263642342e-06
 0.001010068838878504
 0.0025547095093151704
 0.003510951525860919
 0.004339381717514233
 0.00542010203927997
 0.004196586070863451
 0.001978412128536834
 1.125900110430507e-05
-0.0013204747797121246
-0.0007608779019484838
-0.00021640232124567793
-0.00030370935790206453
 0.0003220520151591585
 0.0010898252529461206
 0.0014175735684608707
-5.219380158411504e-05
-0.0012911014843633305
-0.0011950985626852854
-0.001634977834027089
-0.0005894737623808696
 0.000508121780523519
 0.000446977351557348
-0.00012117199545771877
-0.001285081528714094
-0.0002696299269649105
 0.0009035165182882869
 0.000608331897388861
-0.00027176339196375925
-0.0011856879168708795
-0.0002035258883103567
 0.0007433405734821641
 0.001767201405832305
 0.001723403370833399
-0.00044459079090123006
-0.0009396581243931852
-0.0005031673168177628
 3.5462256729495485e-05
 0.0003658657227515836
-2.9930597358325138e-05
 0.000211071124880519
-3.616711796643499e-05
-0.0007141972015630303
-0.0011576920968702261
-0.0014604454233698339
-0.00045488840490163525
 0.0006742950116603596
 0.000819778080974119
-0.0004807535362695644
-0.002450151195373764
-0.0025519267342655845
-0.0016331801401202567
-0.0013240706969953851
-0.0018747830161503249
-0.0023288591335128114
-0.0018133743249721408
-0.0012501679533983357
-0.0019897027731234614
-0.0033415033164860154
-0.002372264218068201
 0.0005527615700908358
 0.0028727351405089543
 0.0036447864103083833
 0.002825785996708342
 0.0015495755493229347
 0.001564741163737719
 0.002755169086423863
 0.0033053097363197523
 0.0031425414433231724
 0.0031824509223455136
 0.002855363761444832
 0.0020147715208402315
 0.0016312327159432984
 0.00143792256753853
 0.00037638156732820206
-0.0006993382965940461
-6.971259117953354e-05
 0.0003038514112947751
-0.0011275391214274394
-0.0012281886714908333
-0.0003794153710209254
-0.001126442567441167
-0.0019945626560544517
-0.0013334871711559353
 0.0003524794007022575
 0.000570148613093342
-8.055578410220077e-05
-0.0008746975385211562
-0.00158693175391896
-0.0006281027291706951
 1.4706181026131982e-05
 0.0005251845158671316
 0.001080226440149666
 0.0019035414832978504
 0.003180611731564202
 0.0030009783573635134
 0.0006352106344483542
-0.0021357735948923
-0.0015363053816539044
-0.00015809604031203286
-0.0006409588085441595
-0.0009423945063596034
-0.0002592743496027902
 0.00023941409874061187
 0.0010385381438588854
 0.001778966147422899
 0.0011225166260778194
 0.0005583515605060971
-0.000228025293085603
-0.00015157810941295288
 2.7404014306108467e-05
 0.00018902955146622117
 0.001633603333259937
 0.0015153474308045166
 0.0010000957993243306
 0.0018890648305370464
 0.0028201280416646655
 0.0022785398767162174
 0.0009732858873991846
 0.0006653847586804444
-0.0002155526985052503
-0.0015129680762144065
-0.001666681572729249
-0.002416567700706053
-0.002277952676653685
-0.00027834930765091353
 0.00022679797697396968
-0.0008057427089923365
-0.001608338184207034
-0.0011174733197314873
-0.0008881831726248685
-0.001900601271761596
-0.002919990054788775
-0.0034448734737014684
-0.0026259800314159683
-0.0016844717311842675
-0.0014138809074027323
-0.0007616236094828966
 0.0008157465373293478
 0.0014103985988878002
 0.0013869898845069002
 0.0027854377346444863
 0.0020872623294714344
-3.314988168820434e-06
-7.692706561814e-05
 0.0009410118442083125
 0.0018414260278165843
 0.0022056991961295278
 0.0024031117710958242
 0.0022323241118397583
 0.0016338568724126872
 2.4814155889759628e-05
-0.0017150450454410774
-0.0029469442319427527
-0.002846715180274778
-0.001517075526302592
-0.002010145455274061
-0.0023114681979942895
-0.0010630939314611079
-0.0006713299096704547
-0.0017040745562167925
-0.0015110527864147948
-0.0003574866989753765
-0.0008816065806628165
-0.00040407491739051504
 0.000125817837069245
-0.00046953851126015707
 0.0006062250641968634
 0.0014379702297352514
 0.0010173321661309288
 0.0003896214245603319
 0.0005266528245783116
 0.0017108234056531356
 0.0034764811793904483
 0.004495779621680166
 0.0031016426264837624
 0.0020043270266378753
 0.0017037323239753504
 0.0015941210021084087
 0.0011504575750531914
-0.0002463169460667592
-0.0007818206765873311
-0.0007374638933729489
-0.000631214292583139
-0.0019430509003511723
-0.002708684751038364
-0.0005906876060865709
 0.0003155177517260193
-0.0004240536350435122
-0.0006873832340886418
-0.0003770227861846647
-0.00026341419064511743
-0.0008177558876277944
-0.0009188383711184233
-0.0008028795347764184
-0.0010481701395251596
-0.0012763682338622876
-0.00080659264002381
-0.0010506182934126643
-0.0035864607720798207
-0.004408622802986401
-0.0024698834994796776
-0.00027268473903640947
 0.0019416904558468568
 0.002225039494085651
 0.001771058171902434
 0.0019277673270502954
 0.002628411388797833
 0.004173407526055434
 0.003926325533365439
 0.0023006412835617227
 0.0006926227537219175
-0.00038234471727123726
-0.0012143785004786033
-0.0012552010772223184
-0.00026052829726912354
-0.0009398150420354918
-0.0021352772924629975
-0.0026746584163077187
-0.001762204451487763
-0.0012578966789642439
-0.002375594032849124
-0.0013253897940549116
-0.0008425554349992009
-0.0012373857260940192
-7.091961514252586e-05
-0.00038032958176994504
-0.001149709473165283
-0.0005656767608924351
 0.00021146396743867578
 0.0007708018866338087
 0.0017491618746975173
 0.002530401797333437
 0.00035611059514602256
-0.0013940527935554724
-0.000943337543527712
-0.0002994909517689534
 0.0012163329849299812
 0.0017349544493720469
 0.0014304252947646267
 0.0006984054962861178
-0.0004801062095340964
-0.0011676808734879043
-0.001656924961154848
-0.0009676390129588659
 0.0005087881334595865
 0.0010456322843854973
 0.00030095869182366795
-0.0013748967796922262
-0.0023512826435513525
-0.0017140951185529154
-0.0005722772793029032
-0.00030829751516495087
-0.0008118007117699561
-0.0016272654565216997
-0.0028926584013393734
-0.0029466030958905424
-0.0021835982491275213
-0.0020820814233576054
-0.0016772697513795527
-3.1828756254650185e-05
 0.0007936127567040167
 0.0009892863158574283
 0.0018160054014574466
 0.0013772920028526222
 0.002068140376451472
 0.004214593026924046
 0.003732230431734264
 0.001034008067922492
 0.00025873376362442837
 0.0006700660660984723
-0.000797660626543834
-0.0013509526301169104
-0.0005835078540783612
-0.0002733160047885362
-0.0004486951093284971
-0.001235297431691397
-0.0008853345489748247
-0.0003422704080825841
-9.849204582588381e-05
 0.0013727158208368115
 0.0021303983294781725
 0.0011911044471441558
 0.00016023919716403156
 9.310997768672264e-05
 0.00027718054124856146
 0.0010828101184232602
 0.0016542917432026112
 0.0007373258547741198
 0.00014275569735393095
 0.00037521375930426524
 0.0021908359593439315
 0.004321557704297427
 0.004382447723011259
 0.0025469138282897047
 0.0009570555867735761
 0.00017195065621289598
-0.0012659613515537105
-0.0009956552994090026
-0.0002510617503704084
-0.00039943078539710254
-0.0003929061087696334
-0.0014539386919368551
-0.0014095207460279764
-0.00027296831963982845
-0.001005746264345728
-0.003043153369099563
-0.00339429217397077
-0.0023768116682119284
-0.002126172827010645
-0.0014009973582311337
-0.0008391668654288172
-0.0011514992208712825
-0.000712045584564214
-0.00032559582583190116
-0.0005832793829410413
-0.00011509794583248392
 0.0019034554884127133
 0.0029292743218566155
 0.0015300603896597183
 0.0014920991635348783
 0.0026999503445793572
 0.0021206707747024834
 0.001402155276427265
 0.0014106288341541354
 0.0006148650338921726
 0.0003675526507187989
 0.0008035546698121077
 0.0011470139606394529
 0.0017190774286311881
 0.00047294891737689006
-0.0008352615927735034
-0.0009305130769453112
-0.0011790610812070325
-0.0013909725193614968
-0.001564928453351129
-0.0010567622006290927
-0.0019395496195700934
-0.0016891787761467974
 0.0004982633343315457
 0.0003407672185533112
 0.000280331537447459
 0.0003485703158449335
 0.0006825609113623735
 0.0014372035809271223
 0.0005872241969270601
 0.00048408712293245227
-0.000669242138934985
-0.0025716833335696888
-0.00174001747193368
-0.0002865003789572205
 0.00025454126449999173
-0.00012080029738988925
-0.0004936124870469474
-0.000815815363512388
-0.0006750026307249104
 0.0008905261530284812
 0.0009738400278743411
 0.0004028382774755548
 0.0013351075195401744
 0.0016771555730577027
 0.001213830763802667
 0.0008506341355429047
 0.0020755448520305615
 0.0020981392064834876
 0.0003853884327805862
 0.0012089863128629122
 0.0017798648484664578
 0.0010608895829156233
 0.0010289732250815702
 0.00236941635963873
 0.002522086418586141
 0.0008638359730147143
 0.0001282622140547673
-0.0004432349743404317
 0.00040262750764640854
 0.0005589102723539811
-0.0010043604723804509
-0.0017992568016486333
-0.0023149470773050794
-0.0031068221793365634
-0.004085507305846021
-0.0037082252864546004
-0.003310816459389668
-0.003030816125707121
-0.0020552966250487166
-0.0018027514466578943
-0.002098393151401027
-0.0019946660309708404
-0.0012939153075702604
-0.0015697008461313291
-0.001034536317917226
-0.00012167049781576641
 0.00011939430364780308
 0.0009975080015537329
 6.586207380918656e-06
-0.0008078611542057248
-0.00013842346821881578
-0.00020661102812049258
 0.00023959093076250245
 0.0011480991860186565
 0.0018008529112026328
 0.0027380339512630245
 0.00315405264126757
 0.0026087429147299284
 0.0016227257799616324
 0.001682686973669116
 0.0023903888639824574
 0.0018901279791701548
 0.0024172201763224058
 0.0036590327640105744
 0.003692897594722186
 0.003469485744987145
 0.002990148205402779
 0.0024431580630173075
 0.0015102491300243658
 0.00039815928106136573
 0.00046211801310173814
 0.0011411707303501516
 0.0011085605412865934
 0.000793916597159889
 0.0007303217341322909
 0.0002262256853844439
-0.0012058299859903203
-0.0027571441596857043
-0.00312882620764924
-0.0035270332094711147
-0.0047889159638021764
-0.005629957614502153
-0.005692872288764419
-0.005104376404112271
-0.003928540553336741
-0.003153749250805701
-0.00351177631097947
-0.003323549363170115
-0.003006141644319444
-0.0025226136368181923
-0.0012041229838128586
-0.0005331962761811273
 0.00016149381888471575
 7.781856636548959e-05
-0.00021174452119769477
 0.0006652112263455895
 0.0013336043743111606
 0.00043294362219607643
-0.0003557897575524437
 0.00038852681664705075
 0.00010920958335106956
-0.0002766915556852354
 0.000533269326067408
 0.001537699312029931
 0.0015530971795699802
 0.001365151889541767
 0.0024082648233322043
 0.0037164685099461605
 0.0042838548094017645
 0.0038745574207727255
 0.003849446470176896
 0.004190853696418881
 0.004810569450557945
 0.004224786267644508
 0.003930263596891031
 0.0054600647676702075
 0.005240325820893924
 0.00355739200549043
 0.0015283637139103742
 0.0009916313965866886
 0.00030371849578721187
-0.0017325256518006533
-0.002501933059811439
-0.0028499495323529474
-0.0035168577979741667
-0.004890256517093912
-0.005596108815941549
-0.005470341169917891
-0.0050043764885584745
-0.005572665697876783
-0.006508106377124217
-0.0049790597092091915
-0.004091696673077154
-0.00359290884625859
-0.002387714165965459
-0.0015118598703928695
-0.0008710297228821385
-0.00022166303511034913
 0.0005126375542136878
 0.0009496359116305252
 0.002290698242664745
 0.0030247088059348983
 0.002222062185628211
 0.0010712107540115443
 0.0010054759223125296
 0.0011930097687054035
 0.0010390022680178428
 0.0009675898971429522
-0.0005532131466182641
-0.0010199241122524896
 0.0001591643465267138
 0.0011743020594547219
 0.0007779389572280915
-0.0006971565623938722
-0.0011442658088926948
-0.0008889644937656517
 0.00013574102231770634
 0.0015679305056038706
 0.0024114253578884698
 0.0025431684108451215
 0.0021839397007919134
 0.0023231519230401195
 0.0029272188392549126
 0.00237668130294769
 0.001295730945703099
 0.0011701786311941224
 0.0012432412901918748
 0.0006768555935632208
 2.574818679431434e-05
 0.0005037800646377459
 0.001612482578436903
 0.0013810313322601489
 0.0009286932985192607
 0.0012347824107510421
 0.0005659332852278731
-6.199691069122909e-05
-0.0006082766184641632
-0.0001107423256653495
 0.0009180696546156643
-0.00018451984165876548
-0.0004989064487732922
-0.00033483914592902225
-0.0003664487808063866
-0.0006835153097325052
-0.0011286533042142994
 7.775321877203454e-05
 0.0006399728201724048
 8.915309356918162e-05
-0.0005780627704893667
-0.00010401330987717443
 0.00031381896074851655
-0.0007832020829683072
-0.0014027369412536123
-0.0005349079796128954
-4.001305239983614e-05
-0.0011452494683479076
-0.001252646456739468
-0.0003398014403901521
 0.0004036932294749762
 0.0005935268863882053
 0.00034088027108707217
 0.0009229655247309995
 0.0015313223747267534
 0.0016865745746853747
 0.00233673450818885
 0.0023168128038608808
 0.00040179534473721516
-0.0015032055814496587
-0.0019006370365865473
-0.0013284915448712506
-0.0007224934580385996
-0.0007447353856965747
-0.0008252002737370488
 0.00041825064861325566
 0.0005470902209079846
-0.0009235822544443946
-1.9005579239714642e-06
 0.0009091094933547231
 0.00037898880189823496
 0.00045754801091547187
 0.0007559654466761432
 0.0010660753082508197
 0.0004819660836802715
 0.00029926836525467443
 0.00043054971362113973
 0.00046149147181660425
 0.0009041744215339566
 0.00013310231792475977
 0.0002866955741897988
 0.0009333122532396473
-0.0003938936475541321
-0.001576716992173503
-0.0018811916194440134
-0.0024239111422484166
-0.0027693369085499005
-0.002929868511126938
-0.0030353297996716703
-0.0031952486489024846
-0.003873064473030054
-0.0042053653916129296
-0.0032385922599841702
-0.0013412861912656022
-0.001289140708931762
-0.0019492957092011752
-0.0010566552675087475
 3.6676898173125e-05
 0.0013430788567079467
 0.002900751900674364
 0.0035279037261249963
 0.0025029494777769066
 0.0022561253829314217
 0.0029641827279871286
 0.0023977453408167712
 0.001194704528251532
 0.0007737195821367023
 0.0016329168972505246
 0.00237444170768698
 0.002814737530237756
 0.0021849500841598533
 0.0006157361356446252
 0.0005418431387051478
 0.0005285523297693789
 2.6255642189796727e-05
 0.00018000639086585097
-0.0003936628702972877
-0.001069513477326129
-0.0013514805451853836
-0.0018762604810025735
-0.001170228933571096
-0.0007867838878849096
-0.001443140867411218
-0.0016675952155416776
-0.0019098481077890232
-0.002086455590473883
-0.0014677013208859598
-0.0003555679523346339
 0.0005162895484741702
 0.001124855277718638
 0.0005084143893998147
 0.00026127723325485236
 0.000626867857822731
 0.0009439471197314678
 0.0018357051905940002
 0.0016375963831418794
 0.0010621522389771538
 0.0005865707645951503
 3.778994252903643e-05
-0.0008589140446266581
-0.0006521539892650593
 0.0006743723097143809
 0.00020814815883231922
-0.001084148520133609
-0.0014761487607563135
-0.0004603920263188426
-0.0005637584640173982
-0.0015801197359898204
-0.0012773427453687636
-0.0004447276455397053
-0.0001539940555622882
-0.00042744333962846506
 0.00027819398249674264
-0.00015128355023902285
-0.0009165695175355307
-0.00028539420635909936
-0.0003758956593645953
-0.00034003908855116725
 0.0007125552697308569
 0.0021461559049131855
 0.002834010756539387
 0.002773875212659207
 0.002334317127535311
 0.0023501065609614273
 0.002488643127653807
 0.001501679006769449
 0.0006214917983636092
 0.00011480013785160712
-0.0004718694919323389
-0.0011522117631360747
-0.0019464435318054477
-0.003414523159565738
-0.003812909833280257
-0.0032984361143368842
-0.0041587906431408
-0.004212649923653184
-0.0034840869978835743
-0.0027656393898508437
-0.001654549987029294
-0.0007017292332174869
 0.0001366064456889735
 0.0010653097259132258
 0.0018549477155849897
 0.0019768557522303865
 0.0027829422202240214
 0.0031650429700397793
 0.002581763670982601
 0.0024488191097597986
 0.002844804238908246
 0.0031676118951168256
 0.0012976310544127888
 0.0003139042574329498
 0.0016038729457146922
 0.0021790446559025152
 0.0019130356441955916
 0.0012486939406446838
 0.00014102310397025883
-0.0015145814533620203
-0.0018132791975240276
-0.0012244604654990878
-0.0010728671074678533
-0.0007760003341092572
-0.0004693001747813317
-0.00016169295351828975
-0.00026327300268323017
-0.000702659351692457
-0.0008004589970425723
 0.00017187289721694272
-0.00015762708628655112
-0.0020746921508058304
-0.0026873521851748265
-0.0032017031224433777
-0.004701260769035056
-0.005319191601653541
-0.0049871397671400804
-0.005151609153092662
-0.004816724150284088
-0.004373162996160721
-0.0037848348055491746
-0.0018522121796999869
-0.0007606589501618321
-0.0010924699420038072
-6.86987549339283e-05
 0.0017663768828489448
 0.0030801598132412203
 0.004796908761153496
 0.005293944333236208
 0.004520194966995977
 0.004242204122724772
 0.003881950000108358
 0.0034762602773232305
 0.003788272333944672
 0.002780452765486838
 0.0013361593556805113
 0.002165565207735006
 0.0027296499161426845
 0.0021536109710990443
 0.0014660774848666523
 0.0013070999453706704
 0.0008293599844070747
 9.172268817149081e-05
 0.0008004372365445664
 0.0012726042709227568
 0.0005728875091020626
-0.0003300136976050339
 0.00033524162405441444
 0.001181959804165478
 0.0002131598357483002
-0.0009153309120644736
-0.0011028978979194487
-0.0008143479544006353
-0.0010466715869911765
-0.0012346672772954787
-0.0010568113068574081
-0.0011326146343600735
-0.0012433643107786028
-0.001339428973621667
-0.0024728602804444536
-0.0030574439236018725
-0.001539749119225992
-3.771789637238872e-05
 8.223527735825893e-05
-0.0010933238225651236
-0.0017725502208297348
-0.001478549463832164
-0.0014036860903621803
-0.0006493465360095478
 0.0004122291881101525
 7.894473976040058e-05
-0.0008781206322162552
-0.00070956832173982
-0.00024245926386812162
-0.00040036767300328304
-0.00014089664111698817
-6.029373037676322e-05
-0.00025169661049200226
 0.0005582368689234843
 0.00127201669789296
 0.0008781670727530207
 0.0004614502197260029
 0.0011862854794127563
 0.0018856788210439175
 0.0017352123269867177
 0.001398681194816144
 0.0005207767310293675
 0.0006611480049522547
 0.001137733779484502
 0.000639895101303648
 0.0010086603422634812
 0.0010439240881501646
 0.00023600129643278832
-6.064673358248548e-05
-0.0007595247645762875
-0.0021095286934591033
-0.002537223366950559
-0.0021680578905684833
-0.0015097477531201694
-0.0005191661188484511
-5.499091616195214e-05
 0.00011696859407471494
 2.2853238783316382e-05
-0.00022015174426129533
-0.0003347948936984694
-0.00046675915981387814
 0.00029606146779747835
 0.0007382526813374453
 0.0006629052756404701
 0.0007444636667987519
 0.00021980087081950253
 0.0006229364191695971
 0.0011805636328760913
 0.0006967306400891091
 8.038593120286392e-05
 3.4477018097315295e-05
-9.290528679233643e-05
-0.0012612177119672397
-0.0012606367324381942
-0.0012471340297632012
-0.0022777590927900086
-0.0018322386617370566
-0.0014794887606807802
-0.001495908273710324
-9.818806814147041e-05
 0.0007283147938851466
 0.00017505820406980285
 0.00010577857960261653
 0.00045294890524669125
-0.00017307493567435563
-0.00044171596894885314
 0.0010888816662325284
 0.002337560200898725
 0.0018402956799250707
 0.0015647647352695494
 0.00200406777772393
 0.0015929093165755672
 0.0014465313853056511
 0.0013385557491011587
 0.0005244397013155409
-0.0005634928833621999
-0.0012494254240365214
-0.0009037811179559247
-0.001644846657923172
-0.002239684226204849
-0.0023734032093064563
-0.0031195160570258534
-0.002095343538230191
-0.0008707685705118916
-0.0004968472874980418
-0.0007321999741414677
-0.0008849015667106898
-0.0009308363061540155
-0.001060489174611542
 0.0008558134993889613
 0.0016670395326164047
 0.0011614120572037263
 0.0015645691315520893
 0.0023993684912402193
 0.002436267662882436
 0.0017972799933810924
 0.0025561391575365335
 0.002758626513164262
 0.002517851169679624
 0.0018208252266005676
 0.002200185104171487
 0.0031467591989980466
 0.0013083310222799514
 0.0007466176304946839
 0.0010404237997957368
 0.0008531064419436435
 0.0009941645975966565
 0.0001655444669411136
-0.0006518185061550525
-0.0017123821748216007
-0.0025074761013410586
-0.0022519202498317062
-0.0018778107691667916
-0.0012679667157709836
-0.0014309216335665115
-0.0026478395053660037
-0.0029426039576431165
-0.0022332441624176103
-0.0012349064179519224
-0.000659106747903955
-0.0007181855371834215
-0.0007705898876745642
-0.001387972299071355
-0.0012958425590416237
-0.0003016867525573034
-1.6358730121424685e-05
 1.9355066009814876e-05
-0.0005675030271319524
-0.0006177290011328717
-0.00039164383361326626
-0.0007238561208261135
 3.113087197738286e-05
 0.00022579898711702474
-0.00047701617573747294
-0.0002927688821622376
 0.0003635982549477858
 0.0012063261017923393
 0.0012506175489269032
 0.000348192402114216
 3.512715836303322e-05
-0.00017689104090802855
-0.0002964075843976816
-0.000540701536668165
-0.001036309024754946
-0.00027213164236925935
 0.00019988743865392134
-0.00023002229894924034
-0.00035273345047982606
-3.471801919910465e-05
 0.0005516574981182416
 0.0006892922395317997
 0.0010202081126173632
 0.0011140290421952526
 0.0010457736777126723
 0.0005371575141835188
 0.00014121466240070362
 0.0006948113075717185
-0.00023781602681225715
-0.0008790011530083551
 0.00025710575311012123
 0.0003662857446749992
-0.001714406816532134
-0.0030180058495061536
-0.002872183120085509
-0.0027547604791773052
-0.001263575359725196
 4.3422995612161465e-05
 0.0005437942390946747
 0.0012735075358268999
 0.0014859031288445624
 0.0020486463121499633
 0.0017236059922095194
 0.0008919875961101039
 0.0018691219338743486
 0.0031031767409063424
 0.003651414184326174
 0.002815113433252434
 0.002073371713751646
 0.0026069900806310535
 0.0021344207798130116
 0.0018584161319481199
 0.0023471748535599294
 0.001670231286585495
 0.00021561942307037535
-0.0007254712974645146
-0.0006168466923461717
-0.0013012786616816748
-0.002789003827336522
-0.0026194335817588538
-0.002508457996359071
-0.0035907565276914006
-0.003910818806947971
-0.003796247957345709
-0.003509739534487466
-0.0021522535088287567
-0.0009810515521552988
-0.000542397278429249
 6.327942719795622e-05
 0.0005300440935288531
 0.0004834866840112733
 0.0005778002393247469
 0.0011893461328580535
 0.0022002597465367807
 0.0036432854519059684
 0.004101614298075762
 0.004025164152627865
 0.005131137353373524
 0.005837990390141526
 0.005404845726746998
 0.004486457262218468
 0.002620543394788172
 0.0009505328500253203
 0.0005267373229517992
-0.00024609605433451015
-0.0010346241970993072
-0.0014402126362470713
-0.002147732817472493
-0.0016562380592279632
-0.0009490531782071009
-0.0018280821210409828
-0.0031880599167678656
-0.003373619294154246
-0.0029629275056030687
-0.002959356763663457
-0.002277912752972231
-0.0016982271184253735
-0.0016865787659740984
-0.0015762178285407256
-0.00037423928854602855
 0.0009230445950072548
 0.0009303429694298541
 0.0012374340509273447
 0.0011188231302370906
 0.0005768643845878867
-0.0001502646117775857
-0.0006890605860721937
-0.0005426594743903485
-0.0007617930615689486
-0.0007684489759767956
-0.0011378039649046052
-0.0015005250829771145
-0.0006104521262347603
 0.0004963038684783059
 0.001700103689749424
 0.0026161153582931686
 0.0026928589785803034
 0.00290290328579881
 0.0026466212473370563
 0.002380808039855903
 0.0026606099624804876
 0.0020378975000535783
 0.0012914144784409137
 0.0011984842357338227
 0.0016907520872415111
 0.0012504680806631478
-0.000686051671083894
-0.0019133491062959746
-0.0015140429963738007
-0.0007248332786090151
-0.00038107519652611887
 0.0005434153348571552
-0.0002748902436561234
-0.0017170556925884491
-0.0012788559404066208
-0.0007291417758921403
-0.0005757832955553333
-0.0014842995039355644
-0.0012752843844940954
-0.0006976481250582724
-0.00091986369944291
-6.262641837808674e-05
 0.000794805111685751
 0.0005136124954637273
-0.0004113604219833823
 0.0004175760821168786
 0.001247652921527991
 0.0010495646112714243
 0.0005469973895344896
-0.00014620091371490588
 0.0003355475547181559
-5.281353983847456e-06
-0.00031905883959618803
-0.0003489955462050322
 3.592129059260119e-05
 0.001255555637082574
 0.0010820208872565947
 0.0002469505188084782
-5.707409344246417e-05
 0.00018069496341936942
 0.0001378641480385101
 0.0011846363114158167
 0.0017419378041927946
 0.0006911520160182854
 0.0009580659240234257
 0.0011983479461811154
 0.0007690742286401213
 0.00047674214635905345
-2.195597945469856e-06
-0.0007389591944903707
-0.0009617919575157002
-0.0005520270854404446
-0.00046796963460376124
-0.00047891625231640515
-0.0011869900674102878
-0.0014599766629930589
-0.0006437638768743354
-0.0013780877023564023
-0.002068301052406698
-0.0018507375019872665
-0.0020804630605775845
-0.0019662737959214626
-0.0016263379204137043
-0.001484501310399263
-0.0013062500743069797
-0.0008965853524975394
-0.0009457180217026303
-0.0010092307291046775
-0.0010051272069081937
-0.0008895916782968602
-0.0003632475853706869
-0.00027907950727589653
-0.0002718752057770977
-0.0002486740430624772
-0.0006424547567693004
-0.0011108206172441507
-0.000811457903501694
-0.000315732776668448
 7.532447281683503e-05
 4.564771280580547e-05
-0.00028004606793656777
 8.521018858781289e-05
-0.00017336451839444064
-0.0008052414384662565
-0.0011772198336924063
-0.001607969852568355
-0.0011022048371982698
-5.9647891619767954e-05
 1.5762232309566087e-05
 0.00026436922341439227
 0.0014698202869399264
 0.0020543362435321206
 0.001713130653240623
 0.000876409140483783
 0.0006669008079102477
 0.0010131386514568375
 0.0009302220571804696
 0.0007518778973708897
 0.00014736155561122956
-0.0004551450161748877
-0.000703897919929832
-0.0021153257432407722
-0.0029191457262717413
-0.0021649314097575497
-0.002212571706136279
-0.0020223650427953375
-0.0014953740771790013
-0.0013130116835648378
-0.0008106722721860337
-0.00045971217801173044
-0.00028434745314270403
-0.000267639943505369
 0.0002199460685737257
 0.0012727788776229927
 0.002411028892360518
 0.0029946335906555067
 0.0024822930817681656
 0.0019449795617484079
 0.0007713016418576364
-0.0001554959017200297
-7.76951776096829e-05
 0.0003486867046529182
 0.0009151138247489366
 0.00039108274847616864
 0.0005546676905922912
 0.0013071273683713442
 0.0014305268085567403
 0.00097034775523132
-0.0005044166029236013
-0.0012515535715052109
-0.0008244332941545528
 0.00011275917505648292
 0.000298055457309864
-0.0008136410460747497
-0.0009003465699681435
-0.0005092951162229643
-0.0012980260783080524
-0.0021226405186741014
-0.0017191976819329585
-0.0003327247530824113
 0.0009211655782894459
 0.0014625772618948327
 0.00044806750733852977
-0.000886465874383685
 7.769089220642343e-05
 0.0013475948093229111
 0.0004231943936320805
-0.0001097864605758398
-0.00010547379295690702
-0.0010694188708562703
-0.0009342650290780883
-0.0007888104807597905
-0.0008130435646700238
-0.0002789156546588393
-0.0012374978413277875
-0.001773390002971431
-0.0012716907709851909
-0.0008383929447794386
-0.000708451197917863
-0.00079113723314009
-0.00044836706429605505
-0.0011015114481441638
-0.0013391941766549417
-0.0008720668037827849
-0.000588578342205314
-0.000545869552477689
-0.00114841625519324
-0.0007124496777914228
-4.8631506156357715e-05
 0.0007723584375039582
 0.001784422287958821
 0.0022702881708060313
 0.002917094156966854
 0.003652544619113799
 0.0031156225266516825
 0.001743721792721672
 0.002449299109246848
 0.00281361122608401
 0.002079308898119595
 0.002130172536044364
 0.0017072899745516682
 0.0015358439212791511
 0.0010756328377536841
 0.00039723154190035966
-0.00021209543298146772
-0.000986138159620899
 4.545415106160098e-05
 0.0010034883254039539
 0.00043623233086533474
-0.00011992318668657761
 7.100635332878823e-05
 0.00027764734261177847
-0.00020351998419829652
 6.675089969169487e-05
 0.0005682510760423174
 0.0005682266177434188
-1.382524843841071e-05
-0.0006909271439311972
-0.0007091457118994788
-0.0008328881293660831
-0.00048395009804194373
-0.00015622075331637298
-0.0003134339891716899
-0.0008195024576849459
-0.0008460730855572872
-5.3902712095832495e-05
-0.00046379199846938103
-0.0012613807835521191
-0.0019537520397444447
-0.0017447468157958965
-0.00048073445706646293
-0.00023989494150703346
 8.676464663101928e-05
-0.0003134804841047702
-0.000584992114456069
 0.0002863253831240839
 0.0005524625692256158
 0.0012633527416037941
 0.001445481850948066
 0.001598008516377534
 0.0013772188409143448
 0.0006246049935615181
 0.0009540250009554436
 0.00019967564538145036
-0.0004618375026439732
 0.00013495560910666403
 0.0006657909513153168
 0.0005494791717538259
 6.656798439372702e-05
 0.0002022237308153362
 0.00021458985545907505
-0.00042966924426376366
-0.0005560351140119703
 0.00011874645892735917
 0.00038399000329936194
 0.0007952982938241644
 0.001670228033035641
 0.001988483865065632
 0.0021002831304914645
 0.0017846876678702002
 0.001061818483740628
 0.0012134108025031475
 0.001493571680796038
 0.0009334554691922854
 0.00011599780611494093
-6.181055304568656e-05
-8.516635611527544e-05
-0.000718079204948605
-0.0007130747605096893
-0.0007499911827102746
-0.0011271971043021484
-0.001024033497754953
-0.0011020099148961943
-0.001208743007486799
-0.0011479472968309733
-0.0009519030502912567
-0.00039359610938754103
 0.0008112680046352682
 0.0011003116585115154
 0.00023499237767131786
-0.00044843103019051806
-0.002044208945225032
-0.0030214526548032234
-0.001695695434460712
-0.0003173732460088926
-0.0001266679350389901
-0.00015153388678840025
-4.83873038726281e-05
-0.0004383041537034985
-0.0007036689156210648
-2.1772992438490317e-05
 0.0009267663221461797
 0.0007640242285581986
 0.0008402934356079083
 0.0018779727274470213
 0.0021323940640104876
 0.00279155826842197
 0.0031999962091773136
 0.0022963758872937183
 0.002137573924570636
 0.0019330255599593151
 0.0004761309386867
-0.0005656892299675654
-0.0003456000049181712
-9.077874290408028e-06
-0.0004478728068267659
-0.0004953868231093632
-0.0002668212692947342
-0.001005555192177233
-0.001266468097478519
-0.0017234593117138775
-0.0018692993307890594
-0.0007723084751777548
-0.0009400511515017298
-0.0013455814834614998
-0.0008168102615434499
-0.0005377868242179811
-0.0007965938074828683
-0.00031934392229223595
 0.00046563454436240767
-1.994885315410802e-05
-0.0007986621938418808
-0.00040110721925685605
 0.0005044836868700161
 0.0007486747621393568
 0.001450935243017848
 0.001764906858692343
 0.0007720847052336337
-9.26829474737517e-05
-0.0002462418598013275
-0.0002327017232071672
-0.0007481006120656947
-0.0010845727019542883
-0.0010226956129697061
-0.0012619551695193139
-0.0015836877169205375
-0.0010873574736701723
-0.00021844402707362753
-0.0005557767368687119
-0.0012524201203826582
-0.001134814339712101
-0.0005492869075676967
 0.000714999975057852
 0.0017152109494898056
 0.001629749581853462
 0.0006495598261225987
-0.0002683684896019638
-0.00010258873079384968
-0.0006496434909457598
-0.0018003695863739162
-0.0005028625512376921
 0.0012652991378105088
 0.0010586991529461108
 0.0013272537366698955
 0.0003720670451213002
-0.0017124592240629806
-0.0013341029312835772
-0.0011623755321091434
-0.0013604012204954676
-0.00020927568689192372
 0.0003675134065983172
-5.7941321794537075e-05
-6.115157786771508e-05
 0.000794982689057245
 0.0010299762877721212
 0.0009234956838374702
 0.0015831484988920574
 0.0017695042220906361
 0.0016575603903232843
 0.0016829566336913683
 0.00056222747120297
 0.00016401076403639884
 0.0015990072604540342
 0.0017770289435178868
 0.0005889676268917391
 0.00018816143940898267
-0.00036347610636453524
-0.0014912039247087455
-0.0018331369249294752
-0.0020614491944723375
-0.0021082230575724236
-0.0017091066685499276
-0.0016941313826818994
-0.0017216753170947196
-0.0017238124237674926
-0.0008988128038183163
 0.00032640628213201963
 3.4483644891182415e-05
-0.0011002046697624836
-0.0008231840010493246
 0.000342377275635072
 0.0007428200353433719
 0.000634859523115179
 6.635502804762275e-05
-0.00031439856534269976
-0.0012839501025974302
-0.0023323446204025606
-0.001978067217078076
-0.0014772419531509438
-0.0008207954731421615
-0.0011860007514847455
-0.001629550997434881
-0.00027938928223597727
 0.0006752400244238355
 0.00035432840594414657
 0.00025131214296756835
 0.001035934065853514
 0.0012899997323640407
 0.0009542367461190573
 0.0009207959372219299
 0.0006295822717153248
-0.00011666032577689295
 0.00029180127268647215
 0.0010975827998202412
 0.0006287811875017319
 0.0005019321894714432
 0.0005798429493261807
 0.000534206358305318
 0.0010946865465731443
 0.0012355957158176956
 0.00044234143376997454
 0.0002595640988494909
 0.0006124165967139074
 0.0005925435259425251
 0.0004412054940337073
 0.0006251350643890801
 0.001249653223440998
-0.0005949370787670436
-0.002684657034550327
-0.0018907860912707592
-0.001748778202222337
-0.002352041032459521
-0.0015468900657082717
-0.0009456010538659213
-0.002777342701012824
-0.003820443034329349
-0.002246803721109436
-0.001575761396065098
-0.0016523179879289333
-0.0005967688413758838
 0.000855235713409038
 0.0017865890024131694
 0.0016597234286508647
 0.0012729280439449757
 0.0015883626710705236
 0.0008862006788660867
 0.0004044334757750758
 0.0008645772917505138
 0.0008526131979731071
 0.0008448619293660638
-0.0003054287707472639
-0.00167885582704384
-0.002279980979950464
-0.001260535245456242
 0.0008512417311104567
 0.0011869657316470978
 0.00014031717368191625
-0.0012773875682054795
-0.0018204663921663569
-0.0014532063587034026
-0.0010166797915232113
-0.0008847939346440546
-0.001331318837063943
-0.0017051946862422568
-0.0011159923561660115
 0.00045058330139460345
 0.0015755856861365805
 0.0017484893737471155
 0.0018297811594674969
 0.0023307724375359845
 0.0024505725440788755
 0.002030722229991509
 0.00149283152778266
 0.0012483356446818573
 0.0017688005800441475
 0.001677531702514822
 0.0004430211247291589
-0.00022004036075628377
-0.0002714117573854087
-0.0006816361079264722
-0.0015951901001835169
-0.0023495027606838634
-0.0022008666254197894
-0.002318174584965329
-0.0026599522124928325
-0.0022846439929530634
-0.0007263964334357646
-0.00011218952978341318
-0.0013007060699960077
-0.000488472366018267
 0.00025076702254926616
-0.00012856313528224623
 0.0002159250220619423
 1.1193914014050386e-05
-0.0003091293187627887
-0.00013164968816656685
 0.001584137927121593
 0.0030905881616638342
 0.002415516155227438
 0.0010443375030489799
 0.00041353086134478137
 0.0003751761522692104
-0.00031411674749922964
-0.0003797399910524607
-0.0003423726259789366
-0.0009124603971890638
-0.0009230846837745109
-0.0013959544180463942
-0.0018272127420945637
-0.0013052535386235656
-0.00018704865816328067
 0.00033215110804884313
 2.1750110418775262e-05
 1.3266970778143253e-07
 8.560469719122747e-05
 0.0004120278193061038
 0.0007079682420165081
 0.0008250720475239956
 0.00048435921759528247
 0.000496404128818789
 0.0016274682682288623
 0.0017193493875459862
 0.0007425792580619594
 0.0002759754550655562
 0.00037939440351271865
 8.76755100958045e-05
-0.0003428394067624262
-0.0003276637904084824
-0.0002336611500432664
-0.00010513409263085501
 0.0004898353410210813
 0.0006726896254943925
-0.00044704968201445016
-0.00011561122123810061
 0.0009585038446105729
 0.0006453978379667698
 0.00015217460901420559
 0.00010949575719288978
 0.00020647913677516707
 0.0002463116377642214
 0.0015481618304038634
 0.0018725205698862282
 0.00045542229604326676
-0.0006540550035758198
-0.0013734111119511256
-0.0007084161248811706
 5.917890672391704e-05
 0.0007540407283178129
 0.0009231598849346439
-7.908738016115207e-05
 1.5536381410259606e-05
 0.00033286486748512674
 0.0005405973147366754
 0.0003486913181392225
-0.0006773091340378483
-0.0009425332862943452
-0.00018440292347148156
 0.0010156887864850432
 0.0014935615148067133
 0.0011305827443024558
 0.00015922090703919179
-0.000417969825319139
-0.00021934876658735923
 0.00024869022053556104
 0.0001588946203714624
-3.400449488931727e-05
 0.0010254911853362575
 0.0008377373981520699
 0.000800127140884415
 0.0011860508577007404
 0.00048634116193248353
 0.00021851860579393014
-2.9272590196815736e-05
 0.0008322998828284878
 0.0009152872366939611
-0.0002939701765089008
-0.00041818327640207964
 8.685027517244657e-06
 0.0004529181177863793
-0.0002663025539784464
-0.0017626230921363472
-0.001756354615933764
-0.0005762794027607324
-0.0011724893407216877
-0.0019021879844727944
-0.0005652621966202899
 0.0010754500860165037
 0.0017024898151086106
 0.0008532038184673826
 0.00016095802469636008
-0.0006259290813536013
-0.0011103448871209879
 0.00015455268951797873
 0.0013595658965390356
 0.0016891310455172206
 0.0009174586110035594
 0.0003984912153247337
 0.0008215450243697034
-7.532707465376752e-05
-0.0014542286448370693
-0.0013206069577843904
-0.0010868194553536638
-0.0006746142054750883
 0.0004116665186435388
 0.0009519332381171899
 0.0016196757591611227
 0.0016865889835286057
 0.0009470423996802834
 0.00033343481157048217
-3.052491609147961e-05
 0.00041436834795564154
 0.0011823954390929124
 0.001287035147550393
 0.001164543245717544
 0.0015693876874818748
 0.0010551901929837855
 0.0003263170731720908
 0.0006221942073367064
 0.0003292651122357946
 0.0002756357812634079
 0.0015698891891180982
 0.0018245150356576694
 0.0008228279200570941
 0.0004848964552431356
 0.0007167040343050883
 0.0010645488632991824
 0.0007517131911374739
-0.0001574594303147501
-0.0011616493692864385
-0.0017096849202967409
-0.0010140427280216878
-0.0006679028967927011
-0.0013452614724789441
-0.0015561627498431084
-0.0010544009734653069
-0.0007300707432321856
-0.0009023203399463952
-0.0006407712341720378
-0.00046570136168924117
-0.0007525577912000552
-0.0006166753215268747
-0.00026165657395034057
 0.000760450015436614
 0.0010569573994360475
 0.00016778735398523514
-0.00015772112732317773
-0.00039311535969535925
 0.00021936045457549017
 0.0010514774732033032
 0.00018814201674248712
-0.000541038500289403
-7.890269879394885e-05
 0.0005822181475630193
 0.001258587489686868
 0.0012947277853933565
 0.0009771280800427815
 0.0016433096085711643
 0.002045354003932224
 0.002445033297075523
 0.0026448524103771837
 0.0006459447588285156
-0.0009538662236974
-0.0008100172378701073
 0.0003826973340093381
 0.0006072672669281594
-0.0011623719486081481
-0.0010354617951762056
-0.00014302431346304727
-0.0002562915012281948
-0.00022188402884269399
 7.620938549771346e-05
 0.0005526865065725284
-1.1187218565033586e-05
-0.0006766727257465168
-0.0013141329924316039
-0.0015438268800352728
-0.00044762518747676745
 0.0002103629765823334
-0.00019048213558349206
-0.0005340742210432944
 0.00017082010214188875
 0.0006362552302421584
 9.590315841316765e-05
-0.000371073047238695
-0.00046014316843229897
-0.0004476006173338789
-0.0003633874863669435
-0.0004610413478433399
-0.0005281060371854803
-0.0005236899051006447
-0.001245356305455789
-0.0015611381821788598
-0.0009499389793911818
-0.0008518606681598143
-0.0008915620512822888
-0.0009690935198574165
-0.0013922258967066108
-0.0008555770096125858
-0.0006403342662755242
-0.0011700756470422126
-0.0012375556027436872
-0.0014245108192927204
-0.0011058606586847445
-0.0008239981045916692
-0.0003629462468828688
 0.0007844493303120565
 0.0011424219148769034
 0.001467392375309804
 0.0016127807924154894
 0.0015198941712487395
 0.0009795979434912365
 0.0007709333121489867
 0.002085491880084914
 0.0028497369782565798
 0.003255417085687903
 0.002989602451869268
 0.002948546563498796
 0.003012235071865491
 0.0012518776078227186
-0.0004955747699419706
-0.0014084690564122875
-0.0018160630019853788
-0.0020086067933271787
-0.0012651829956067172
-0.00041893783440662754
-0.0003598341993845118
 6.967969545515219e-05
 0.00046946767233222196
 0.000984622948168437
 0.0014809877729610778
 0.002064373592395122
 0.0023417915866409404
 0.0012837657581792406
 0.00144061642193475
 0.001922232111836587
 0.0011369604953946396
 0.0005461681245264456
-0.0008995518337884932
-0.0021770895027738123
-0.001744633652114181
-0.0011750838621468853
-0.0012813494118572976
-0.0007526053156005462
-0.0007854174370307122
-0.0016872990874459164
-0.0018682755021074064
-0.001943973437410827
-0.0015780851700725228
-0.0015687890529944145
-0.001708513057722225
-0.0008380832206142092
-2.4436459374783043e-05
 0.0007169092148115786
 0.0008540896750984786
 0.0006142226052931241
 0.0013960621087385735
 0.001178109803071836
 0.0005664616127896857
 0.0004325846945779522
 0.00012507329248776392
 0.00030758912089794865
-0.0005331257438789203
-0.001169865529924692
-0.001331371567014642
-0.0009940403793669728
-0.0009049657031646826
-0.0020423000547534977
-0.0014421613459008782
-0.0008625995924650015
-0.00023136586617232254
 0.001144092256222146
 0.0013112296799954453
 0.0013292314596437347
 0.0010190228356310865
 0.0006523096976608527
-0.0002218096218603649
-0.0013059395102490382
-0.0007285246616353411
 0.00017965823541134723
-0.00026194274314352624
-0.0008239597813364055
-0.00047315051669679037
-0.0016245829390006603
-0.0026050526626728993
-0.0013462015369616327
-0.00034198240839115467
-0.00043440143716789347
-0.0009269284700055688
-0.0011479129099694464
-0.0013937244076707841
-0.0008762819395157483
-0.00016600187487123303
-6.478749895743937e-05
-5.390244175396446e-05
-0.0008183603925764717
-0.0007015609557545326
 0.0003898322665882688
 0.0012197043410049448
 0.0022176127493620276
 0.0023223660352214275
 0.0010130263704966813
-0.000171535378188248
-0.0005876244597851667
-0.0006796000211927995
 0.00013265329991850972
 0.0010034932657040567
 0.0008730476047176762
 0.0005957055636289606
 0.0006560208851766543
 0.00024565610693684
-0.00014623163864981798
-0.0003973719417810018
-0.001264463219376689
-0.0014195928713323191
-0.0006811142234333297
 0.00016558968940896536
 0.00038737302669025666
 0.00014325679090791305
-0.0003736990412074753
-0.00019666928700628388
 0.0006336185527454287
 0.0006730089548852009
 0.00046079884360664716
 0.00018930092862617777
-7.058095179108376e-05
-0.0015192816100145542
-0.003129630806330619
-0.002622126497498256
-0.002022115386102073
-0.0027544254606632476
-0.0028412186910789653
-0.001858822263044584
-0.0017689523289657423
-0.0023800512253406266
-0.0021701715011800504
-0.0010743511682555999
-0.0006916640340383185
-0.0008118856344441568
-4.461259125308132e-05
 0.0007767332640123218
 0.0013798897756866504
 0.0019314231429926406
 0.002024234861765258
 0.001996554015754541
 0.0019167204995987797
 0.0014087604286820755
 0.0015869757329327755
 0.002575596402036404
 0.0021110281445847973
 0.0004345869077027655
 0.0002635564155483709
 0.0009167708961002277
 0.0004726460766397716
 3.143766193864514e-05
-0.00016166207067533933
-9.786609648309688e-05
-0.0007314847848243097
-0.0017649153532491753
-0.0011223446447111895
-0.0004798562290629228
-0.0008959123336420803
-0.001424067089362408
-0.0018807016641550686
-0.002744939894776408
-0.002803901936504012
-0.002343791212404497
-0.0024865044587290375
-0.002398508089559333
-0.0024300164343900306
-0.0018698627490986303
-0.0005871088096802682
 6.299541122922173e-05
 0.0003081837544723474
 0.001011120537926852
 0.0017686414894472243
 0.0019431227197320607
 0.0015495892382459818
 0.0014546539985138883
 0.002384273192327809
 0.003545640733922607
 0.003727249363690044
 0.0032714369929612874
 0.003646534471027036
 0.0038444892195010328
 0.002615359957054767
 0.0012958784016582731
 0.0011917434098125536
 0.001675803971602944
 0.0016548268522694547
 0.0010568286660698994
-0.00011129135591493052
-0.0010588788235547468
-0.0012093120239489007
-0.0016589687728549634
-0.0019093482817181132
-0.0015581468653770342
-0.0016457143072749262
-0.0014522893848556743
-0.000739843530072018
-0.0007126024388852523
-0.0007624754538115579
-0.0013805547157927827
-0.0024811636452021254
-0.0020609838806325605
-0.0018876270689397378
-0.0018438813289264454
-0.0008450620071677441
-0.00020046772946984308
-0.0004125557799645774
-0.0011906506051337705
-0.0004564394596158243
 0.0012722242848953568
 0.0021524731321855717
 0.002226688600272079
 0.0020521197848499236
 0.0022510829763268316
 0.0026925618191445655
 0.0027578362784065344
 0.0019756029560530014
 0.0016474668165802331
 0.0014110047133047703
 0.0007901610104901373
 0.0004914511055866832
 0.00024255830247341787
 0.0003464608920453645
 0.00013725077503105588
 0.00022029365478650896
 0.00014448908105963026
-0.0009331029311136258
-0.0015306373613340296
-0.0018059208581897401
-0.0014684736847425486
-0.001217340377869529
-0.0006259538114608933
 0.0006498653450501601
-5.893581196995854e-05
-0.0007127671364914567
-0.0006744789092312693
-0.0008518649594588362
-0.0008418481866755809
-0.0011093159057791386
-0.00035838910845423856
-3.9099781958308556e-05
-6.967204990009399e-05
-0.0001516382962029423
-0.0011086035529154412
-0.0005185931191936706
-1.6157352605787323e-05
-0.0003014580885300292
 0.000617688215972417
 0.0007516153540113882
 0.0003230996141176441
 0.00041091551083418304
 0.00044135331607307056
 0.0006100605107546343
 0.00013958540782874472
-0.0010983368694138654
-0.0022928780016136688
-0.002253447717190493
-0.0014675217581449514
-0.0017585550295088318
-0.002063536377732052
-0.0010027503243911933
 0.00025573152686200604
 0.0006140170586069431
 9.264019981708395e-05
-0.00010197013190085036
 0.0002712345611870872
 0.00027021824206161356
-0.00023610153680903118
-0.0009085131630215736
-0.00014732766730561744
 0.0005346294960341851
-0.0006247615671594763
-0.0012427222575319716
-0.0003835953787228598
 0.0002530638140470381
-0.0004080092678380931
-0.00042853024744224334
 0.0003817736745297777
 0.00038070914068045775
-0.00019223298216113974
-0.0014407823529855584
-0.0016771028481933252
-0.0008304487229302524
-0.0002994819003395401
 0.0005256194714003686
 0.0010115204427847723
 0.0016228235189168893
 0.0016745221465214435
 0.0005921072400899342
 0.00035381130703642807
 0.000881654202154927
 0.001072447445042254
 0.0004022420580107502
 0.00021525071151834498
 0.0011822595941711309
 0.0008241012568063002
 0.0003189606246264073
 0.0010478868396998123
 0.0007253889719246888
-6.417317875650833e-05
-0.0010028202991892966
-0.0015239842133677928
-0.0005306973800665604
 0.0006197885802809765
 0.000430750244080418
-0.00046128709877304167
-0.0004191241432711498
-0.0002694863116003307
 0.0010256038192884753
 0.0023102080967590042
 0.0013542253058629993
 0.0010817576782077372
 0.0015353386873478898
 0.0018735441194839342
 0.0020295831311920175
 0.0014820850859683366
 0.0007912573546484061
 0.0005525701394356101
 0.0009946242109142838
 0.0004228971525507142
-0.000756721302360838
-0.0005795785611097343
 0.00016652814333462378
 0.00017646200474873223
 0.00011162054813607535
 0.0003990337383751146
 0.0003853468963737112
 0.0004042695717405964
 0.0006474686534200535
 0.0004546039835254313
 0.00014861614730868285
 0.0004368305351185258
 0.0005249952947058209
-0.00044034728797100154
-0.0012759332151234066
-0.00134269462043563
-0.0014235533116223728
-0.002125245101246297
-0.0024007907076185574
-0.0011766365258881264
-0.001185132088901881
-0.0018733205077650199
-0.001239443988922666
-0.0010405917253482927
-0.0010935611371195029
-0.0012140245232266846
-0.0014724521334388168
-0.001398908739826644
-0.0012667901011578614
-0.001131374796867902
-0.0007362911748926435
 4.8018170347679e-05
 0.0003601172313956312
 0.0005584468771116335
 0.0012324213891361255
 0.0014226350757313721
 0.0009162430768022829
 0.0006439717308388798
 0.0006802313341524593
 0.0006797737426241878
 0.0013642440369635075
 0.0024799287439371417
 0.003366820883317162
 0.003221273646100928
 0.002035632622747286
 0.0012779356368760526
 0.00036264815591012734
-0.0010468814117288638
-0.001476160031927561
-0.0008798272806972517
-0.0005625302320780386
-0.0002605423441157701
-1.2736687270865237e-05
-7.82476226114427e-05
 0.0012376459084726603
 0.0020714334946314327
 0.0016124345379953618
 0.0018869291362995633
 0.0013079811870486677
 0.00048120233550498156
 0.0005182746543636406
 0.0006693752555581574
 0.000785940913929243
 0.0002883882447121061
 0.00031617702413087867
 0.0007885467303623029
 0.0008764093165145146
 0.00020356524607877436
-0.0008924758041671803
-0.0011331615154052182
-0.0008750682952463688
-0.0004012347156734321
-0.0006092399918956453
-0.0012173775355357077
-0.0013601112261166601
-0.0013935614815725726
-0.001423236034605277
-0.0012545899124522285
-0.0004781981383262295
 8.990772622522672e-06
 0.00014862227850422064
-7.171325128414774e-05
-0.00014863412594838548
 0.000847340784448925
 0.0012131959909397604
 0.0009177844755228283
 0.0003708154472544212
 3.173660373013111e-05
 0.00021828683327670582
-0.00015368658451058551
 0.00033193299488399925
-7.494169092047014e-05
-0.001649763067750733
-0.0016711900210174871
-0.0013628801611671858
-0.0006759782892340444
-0.0001262452901169706
-8.138564967956135e-05
 0.0005279514580013066
 0.0013821295381853
 0.0014965369276702081
 0.0004328883256145308
 6.646168728166882e-05
 0.0002576747354829451
-0.0004666802668044713
-0.0006604569541483495
-0.00022738235245446152
-0.00097193936872282
-0.0017185172811858174
-0.0011442430833454053
-0.0013944145495424533
-0.0023884721087925297
-0.0017411814927890542
-0.0002576831495341428
-6.735071968428031e-05
-0.0004745325279350837
 0.0005134197897117901
 0.001664515731816706
 0.001965044829824509
 0.002256446669372445
 0.0016654487930857524
 0.0010625906959433457
 0.0019555066761403435
 0.002308488424200815
 0.0017527697746179433
 0.002024201815956195
 0.0018885044344987172
 0.0007764555442192594
 0.0003361955421494588
 0.000125028880165896
-1.5303344992232687e-06
-0.000559915091411465
-0.0018452750965571182
-0.0021386306105259873
-0.002617255002783647
-0.002998572561932884
-0.002495677092340706
-0.002029795637828371
-0.001843172638279115
-0.00223084083858138
-0.0020668903535790394
-0.0012995747523379733
-0.0005213451648111937
-0.0004082228915330167
-0.00019977655403115947
 0.0002005661189647344
 0.00031668196332170276
 0.000995681379228657
 0.0008941641275319037
 0.0009923908857409247
 0.0011633431731062844
 0.0007402955559592319
 0.0014133609517123817
 0.0014892290576245194
 0.0008864330796208674
 0.0013294059185291883
 0.0019917748067511763
 0.0020770405552228586
 0.002364251224174782
 0.0029259763238265817
 0.0028204936557110925
 0.0023193578329975977
 0.001835520307636649
 0.0010093126819911004
-0.00014651075632433422
-0.0006782014234233954
-0.0005568946287679658
-0.0007817652231098639
-0.0011577363511066279
-0.0010411273448113466
-0.0009608795750638137
-0.0011675761859953643
-0.0015477544170106254
-0.0016827936414392521
-0.0011401387926880404
-0.0008016770451017512
-0.00021387835695063694
 0.0002027517747928785
-0.000250577725795333
-0.00033458740464680533
-0.0002656357513209008
-0.00020676030951576106
-0.0002799619584406801
-0.0009414732254829476
-0.000814245418601772
-0.00017208060731761942
-0.00032986921320332234
-0.0003947335202078935
-0.00019542444980759908
-0.00046619955850029125
-0.0006881756882862194
-0.00017850074181538278
-0.0005159028496525564
-0.0007496536410634303
-0.00011221499430797576
-0.0006284089057891865
-0.0006626200946092243
-0.0006827667190086904
-0.0010068169431427356
-0.0007487224927975065
-0.0010661802116808013
-0.0013473213045751655
-0.001559047011266014
-0.001705703248642843
-0.0020871010185671505
-0.0016156044941712131
-6.346757803926692e-05
 0.0005362004721407989
 0.0006497497953203885
 0.000767925071245347
 0.001441807530926809
 0.0015471601936005084
 0.0007401108057716737
 0.0005846712833880502
 0.0011599872400860837
 0.0010555265294026727
 0.0004392273528686322
 0.0011016752970515228
 0.0013959729574313379
 0.0014958214853158743
 0.0016054949173093332
 0.001374916601056391
 0.0017448211295956106
 0.0020232668580611912
 0.00251656425852698
 0.0021226757158912864
 0.0011807538509114328
 0.0010407486978827726
 0.0008818264397789521
 0.0002627016917925965
-0.0003940186561925698
-0.00035927363038310494
-0.0008747900668362947
-0.0013825718189149946
-0.0015132396251284427
-0.0017335813236439331
-0.0015513032259683826
-0.0018491763215930958
-0.0013561075751746738
-0.000315257509759044
-1.2599728080937456e-05
-0.00031837777807678416
-0.0006525959342009715
-0.0006924742241662529
-0.0006771802956980552
-0.00014410505309722226
 0.00027559021964356444
 0.0007336452310985058
 0.0011804576156583867
 0.0013280937656783244
 0.0015895853710027137
 0.0016710959933954389
 0.0012328410594924552
 0.0008734593086057645
 0.000979771812843741
 0.0010456738904982732
 0.0012655726067686804
 0.0011264151466097545
 0.0006657285797405194
 0.000509599751353743
-0.00012890267137461204
-0.0007272717299898881
-0.0011954574940319935
-0.0021625209540373173
-0.0023255599252545453
-0.001860086012915319
-0.0018174843179934467
-0.0014679983505230417
 8.954998470028991e-05
 0.00042867411903124936
-0.0005274412121492697
-0.0003861239660040777
-0.0008542665077434619
-0.0015028081727900937
-0.001052762318895505
-8.346399597011609e-06
 0.0009371612548448301
 0.0010712589121685517
 0.0007166553905849693
 0.000554041488198826
 0.0006333739893945652
 0.0005033891481818875
 0.00031428934615842174
 0.00046956308209820176
 0.0003021190764924667
-0.00033843460751847187
 0.0002553714291900311
 0.0005957515939726102
-1.2667361424119956e-05
 0.00020297800685132296
 0.0011399600298745392
 0.002069369976167369
 0.00138867440019994
 0.00036327401415344623
 0.0013454795099001903
 0.00346195890129229
 0.0037276452227632214
 0.0022124000511240557
 0.0018477443757591986
 0.0015235302012197953
 0.0007059731453615776
-0.0004437392481076768
-0.0013930952786359529
-0.0015677061736476595
-0.00220710780318878
-0.002501677343453373
-0.0023384012105336746
-0.0015031095434018312
-0.0010327997276391699
-0.0017528646680594238
-0.002321678943990755
-0.0022431846011111995
-0.0015937978554444638
-0.0013869412082784802
-0.00130302693045887
-0.0009826015613347313
-0.000785149169114459
-0.0009623012622101588
-0.0017534838247780947
-0.0021440529996008513
-0.001372246531979447
-0.001095229234113999
-0.0011494574513379425
 5.7144502929758874e-05
 0.0010710819719813055
 0.0018686722676940345
 0.0027330655094809273
 0.0025710778807089443
 0.0023442366819993983
 0.0017978285208565237
 0.0007987266129452333
 0.0004816035233037634
 3.4917673710564344e-05
-1.4786289432497365e-05
-0.0001557545067404554
-0.0003795462295854926
 8.965501461991205e-05
-0.0006034295778877006
-0.0005942367085328272
-0.00011505092589393153
-0.0009924157358630894
-0.0009255535467202078
-0.0005436438066635115
-0.0006596124945478462
-0.0011402349015779646
-0.0012462267120396987
-5.317040373549971e-05
 0.0008743278206336586
 0.0011480043558106264
 0.0005940781634235288
 0.00010606840125004072
-0.00024875198447869986
 7.337108064671981e-05
 0.0015280636425006925
 0.0014674313710635876
 0.0014256100506651157
 0.001954122084476183
 0.001061778227699091
-0.00017416301465793542
-0.0003985019516307002
-0.00015905977904120359
-0.000206427239919331
-0.00023656413464271075
-6.855319963377485e-05
 0.00041811095191754524
 0.0003850853497356
-7.633016272253054e-06
 0.0003139009689818729
 0.00021529354564620557
-0.00046824059352096304
-0.00043616497663246
-0.0007545649182754732
-0.0007833289693997149
-0.000425962027654312
-0.000984389692514797
-0.0002782471449485353
 0.00018345983888944293
-0.0005120699207931039
-0.001142323284521415
-0.0017515304803532741
-0.0011157553714592667
-0.00026036422968915156
 4.509200131759217e-05
-0.00026285220713760714
-0.0006315468723726914
-0.0007480768290186873
-0.0008460059731936773
-0.0005085649402329194
-6.700118985509516e-05
 0.00029179599758288795
-5.009372896565072e-05
-0.0005198001851838288
-0.0002671882579112127
 0.0006680137204141485
 0.0012000222813726641
 0.001072145737798213
 0.0008953156622367219
 0.0007901133755717865
 0.0015277428528258892
 0.001345308875516104
 0.0006962242889863755
 0.0007517889184266668
 0.0008299108499023828
 0.0013168227848470862
 0.001444624268605971
 0.0007431358553749951
-0.00042980408891133944
-0.0008331653745960051
-0.0018513229019293453
-0.0024360002375985656
-0.0011482877472836315
-0.0008574575829599148
-0.0008121166466866119
-0.0006720291932561662
-0.0008695657936177051
-0.0017110642479290165
-0.002187840557777524
-0.0018675498042558193
-0.003394829559413728
-0.0038959148486493963
-0.002366599403136358
-0.0023507614530505895
-0.0018179066426598986
-0.000106624718573275
 0.0007128977395339533
 0.0009294262142514658
 0.00025771546830192235
-0.0001146329393633573
 0.000865771702422619
 0.0017539575826687785
 0.0013085479118150013
 0.0013877544727118587
 0.002852471590527152
 0.003294887419894102
 0.0029347797030318157
 0.003273066564116969
 0.0033959784758186133
 0.0024034182635626965
 0.0014895997772684663
 0.0007924297917311043
 0.0003213502706466537
 0.00025010888701659876
 5.8324526411147866e-05
 0.00015725048181696832
-0.000252373282716474
-0.001472444798712411
-0.0019062220902228242
-0.0012814479926754
-0.000543169109010383
-0.000897486237498158
-0.0019599690423414812
-0.002009091220360687
-0.0011933562281937697
-5.487212274037096e-05
 0.0004929315526871762
-5.089084309793115e-05
-0.0006136437976601882
-0.0005426980313772105
-0.0004607251333022546
-0.000716011205737668
-0.00025963153160271803
-0.00046345369550005063
-0.0014064792237242483
-0.001380686205695185
-0.0009223216706193088
-0.0008128477189267027
-0.0009256521336808648
-0.00016095313756817978
 0.00019451378005192567
-3.465830306126096e-05
 0.0002992870420351652
 0.0020846728974538648
 0.003820818528387847
 0.0035220453758311064
 0.0032270955042844997
 0.0025444318937088584
 0.0021419985812954974
 0.002566351335455827
 0.0025256634152079267
 0.0016784380926678454
 0.0007827053950793351
 0.0012191108851110255
 0.0010502974416258684
-0.00021136462550059388
-0.0008720365029305801
-0.0009428675157242905
-0.0011291662979682649
-0.0014816115574730084
-0.0013014689566140773
-0.000806959376761172
-0.0007888881030440242
-0.0015562518274661356
-0.002095234524496379
-0.001309641747588731
-0.0009426113030387542
-0.001439178876176402
-0.0011321160163716196
-0.0007366834291370417
-0.0014992224502408222
-0.001463328701585661
-0.0002626360817420728
 8.040959253050025e-05
-6.147166501473659e-05
-0.0005006189489338413
 7.612452858290746e-05
 0.001434283166358877
 0.0020243594990225714
 0.0023493688243998788
 0.0021663292666535042
 0.00200898354080507
 0.002226519565506757
 0.0016679552291144852
-2.4287337798524046e-05
-0.0003772819203491893
-8.435752760668702e-05
-0.0009611243779638568
-0.0008433220938705614
-7.737949715662786e-05
 0.00047663636737639196
 0.0004531777842037371
 9.547193449865943e-05
 0.000592017914342897
 0.0013403492435623693
 0.0018819245287178372
 0.0015316720915274455
 0.0004077688829752198
-0.00025472532872123987
-0.0007208232586295388
-0.0011403902980656052
-0.0014474940036349495
-0.0007816491181024205
 0.0003251138522622916
-0.00029421814883987045
-0.0007908224956577866
-0.0006637798132034401
-0.0012903208322963993
-0.001985383435153576
-0.0015391540574672563
-0.0012443242523547985
-0.0018528721053004114
-0.0008016958510967234
-9.896928547990846e-05
-0.0006144840281544457
 0.00035562399233849984
 0.0019119800041851012
 0.0019259019685440183
 0.0008873462046407818
 0.0008997331187795318
 0.0015707896615916167
 0.0016378518942041437
 0.0013615971707313084
 0.0010609538175298256
 0.0008621707042216158
 0.0006832520011816716
 2.3988358338403236e-05
-0.000282955428639476
-0.0006022115745130196
-0.0017265753640650545
-0.002479290398669473
-0.0029565696425343686
-0.003009240978561816
-0.0029494411954971967
-0.0027468101285373506
-0.0016348584877380274
-0.0006093137463030113
-0.00011190162439706048
-0.00023968160664835945
-8.097424821568742e-06
 0.0007973283796504151
 0.0008342787658216843
 0.0008463977544938442
 0.0012985682672751412
 0.0013997253439365128
 0.001341759998062104
 0.0019308084900913677
 0.0022674203483044873
 0.0018220386253618034
 0.001774757750829024
 0.001624641060746074
 0.00031909904752915947
-0.0010921492544269857
-0.0014364750072536616
-0.0017494371328806413
-0.0019423752832728484
-0.0015980025379897268
-0.0019975530010165293
-0.0023562685334970863
-0.0018642559005254407
-0.0010527737559739131
-0.0006198754553527143
-0.0007132632732772498
-0.00030143673926631893
 4.959784730567554e-05
-0.0001006608101075017
 3.573740240992282e-05
 0.0002570322127493645
 0.00010244072452324632
-0.00010220775421460901
-0.000320835181060439
-0.0001613594429018878
 0.0008688817994563861
 0.0012795589795216624
 0.0013697992043736216
 0.0011368803325152858
-0.0006996241180185185
-0.0012559422517804543
-0.00020805790612127365
 0.0006885179986956106
 0.0014714196444182196
 0.001033373768429795
 0.0006395193471610808
 0.0008653297288950208
 0.0010284209966535643
 0.0008827295263841829
-8.66980996576222e-05
-0.0003543343610819459
-6.855835572192913e-05
-0.00010516266694406835
-0.00011516396416719934
 0.00012147529332750012
 0.0004262857893242846
 0.00013799589217069374
-0.000181170296735433
-0.00044302504364581
-0.0006789662056648345
-0.0007401545668266548
-0.0008916060114149174
-0.0005322185988315648
-6.793615840900997e-05
 0.000286198261510709
 0.0005079443053685566
 0.0005187029261610362
 0.0007613294861177169
 0.00032421993937659365
-0.00021359496681887317
-0.0006258869769927961
-0.0009047983799045627
-0.00046082301095256455
-0.0005264666067668827
-0.0008066466725689209
-0.0006576165852958468
-6.503302566139236e-05
-0.00014802011080297886
-0.0005886546571474743
-0.0004837046352447654
-0.0006588678213545122
-0.00017814938081760803
 0.0013615664685505185
 0.0026621887568945074
 0.0022456830314543197
 0.001439625132379542
 0.0013722146174526015
 0.0006151372300027998
 0.0002237382777799242
 0.0007890059017161942
 0.0005463174344923605
-0.00012538382824636078
-0.0006275221000400529
-0.0013666266776198234
-0.0015026789115954934
-0.0009075707585251594
-0.0009535437177633484
-0.0013379083468961356
-0.0007985757509590565
-0.00048750597657567943
-0.0009158942966875401
-0.0007895467637764273
-0.0001270265782956542
 0.000513762098592422
 0.0014593125644946085
 0.0019558039528242625
 0.0018432550817054126
 0.001821997894098809
 0.0008041775495118221
-0.0005475444941373327
-0.0011505462150832042
-0.0010912517526424875
-0.0007629452276288137
-0.00041977910629789736
 0.000542439064349201
 0.0010421879594433017
 0.0006094179695741713
 0.000198940328891523
-0.00012906894631557438
-0.0003903926065254549
-0.0006739748021378459
-0.0006117818669910281
-8.046459915236675e-05
 0.00011572531219238286
 0.0007517898663856171
 0.0015584380842234215
 0.0011389266511369598
 0.0008234374968903547
 0.0010716854382714414
 0.0007530632004898051
 0.0005048226225357527
 0.00020855988672702206
-0.0008327090134725617
-0.0017308108815434345
-0.0022465623331932687
-0.0021555996710204976
-0.0018370403174179984
-0.0018274448871181746
-0.001330071273714434
-0.0011186365006681926
-0.001447818940079338
-0.0010868787448284744
-0.0009167845643002412
-0.00034602139437521696
 0.0005654886720468323
-0.0003781346124536756
-0.0007244507682493546
 0.00053060679775326
 0.0006582958780755271
-8.025502647319119e-05
 0.0004524633570948053
 0.0017831759599664899
 0.002083840933277273
 0.0014995729147571407
 0.0011460332288533133
 0.001433296246143483
 0.0011590588573532627
 0.0009412637274079365
 0.0016662492889530577
 0.0018954530931214793
 0.0014543360257328773
 0.00079539460831911
 0.0013459119992585119
 0.0016816670644689022
 0.00035203798953520197
-0.000228502447607879
-0.0002305098272408875
 0.0004276055915862657
 0.0008440271200737756
 0.0006492034848699708
 0.0005919286947790494
-0.00038856864432008394
-0.00109508948618372
-0.0010180520510529273
-0.00013606333122161027
-5.486915139381398e-05
-0.001413848388076047
-0.001492612988057268
-0.0007864930554527339
-0.0007363871642751428
-0.0013811151713424758
-0.002533011555483459
-0.0029183152736870525
-0.0018610420776309327
-0.0009829701850481512
-0.0011080031345302968
-0.001260915688161474
-0.0006485989270829268
 0.00012562169042274154
 0.0007417251692173235
 0.0019347922207172475
 0.0021890467852664942
 0.0013734233385450688
 0.0010185975301333263
 0.0006575498536414065
 0.00031781680123544654
 0.0006638872398442374
 0.0005872677641985687
-0.00023096197910188755
-0.0005141066041067755
 6.269561179815468e-05
 0.0006503040260412687
 0.00032588137095569095
 0.0005630649533447967
 0.0013639614944860525
 0.0013896462954087374
 0.0007737774493463973
 7.886998768463583e-05
-0.00025165527268001506
 0.00025939350592470357
 0.0012301407343448412
 0.0009568623080943408
 0.0010268006170710648
 0.0012413088795856378
 0.0003036481663531002
-0.00031134655280795604
-0.0005631122648904862
-0.0006315161177303188
-0.001580450743043792
-0.0022343729537879892
-0.0016191579089586538
-0.001959564812800156
-0.0018065471287080314
-0.001407969092402914
-0.0019466686731166793
-0.0014559369123662402
-0.0008315520641269039
-0.0002712219806893542
 0.0006535491950553269
 0.0006240342458366706
 0.00037139799686633366
 0.000927192211326527
 0.0013879647454680334
 0.0017416515070576785
 0.0021662424789067295
 0.0019748727766184075
 0.0016035959020630315
 0.0013176476512974525
 0.001090527050501095
 0.000752006311657413
 0.0003166577489523883
 0.0002510840255857422
 0.00020112720170885185
-0.0004907204983980147
-0.0013839764604071355
-0.0014244356619279633
-0.0014516588730463561
-0.0013846809170392457
-0.000863274108967161
-0.0010555534176409412
-0.0009925979221127837
-0.0011647143289816248
-0.0019786818097627928
-0.001910273230244894
-0.001047465529852611
-0.00013334872017944756
 0.00013205191349377026
 0.00010333925708705036
 0.00031501843197983995
 0.00081073874274749
 0.0007208092426950229
-0.0002170437950039883
-0.0002034135968712045
 0.0006490192063612258
 0.0001384433399317987
-0.00130645095366995
-0.0017476299762139856
-0.0019140624868639422
-0.00219784129739611
-0.0016340063949218631
-0.000828944391158335
-0.0005261422748005279
-0.0004293581637730036
-0.0005372243881086454
-0.0007464187691957324
-0.0006448777232792316
-1.1889607973688686e-05
 0.0017749463249790752
 0.003221267923945485
 0.002493187364086491
 0.0014560891732354625
 0.00130380565590729
 0.001627783669702745
 0.001934092795692505
 0.0021803461597168193
 0.0023200673176207542
 0.0016058033300531617
 0.00133388180452795
 0.001366078863921547
 0.0008476988470118236
 0.0007321548291764227
 0.0005276613715416816
 0.0002063789645660173
-1.8311389271199708e-05
-0.00026309679534190994
-0.0001653549902884779
-0.000695565724361692
-0.0014602410428239834
-0.0016098246813983617
-0.0012025274769517159
-0.0004201852391072643
-0.0007229688737524718
-0.0015255733682101426
-0.0019649096772692922
-0.0017645906498956318
-0.001485968824985298
-0.0018662672922205026
-0.0012700354396913
-0.0005363190578410419
-0.0007521442421901993
-0.0005745365631823414
-5.334100865084038e-05
-0.00038301244858626304
-0.0011776899081111475
-0.0010837859658740896
-0.0007967188166645039
-0.0011803025600875766
-0.0014947356868803665
-0.0019675527218769237
-0.002573094011382442
-0.002689485831018093
-0.0023915479374799716
-0.0016746294231210549
-0.0013892726501955382
-0.0005773162659009482
 0.0006480590772719232
 0.00040216899208619797
 0.00012333177584858808
 0.00029888806086115377
 0.00038276865744153336
 0.0009826578079635947
 0.0016280159484558612
 0.001338603070762388
 0.0006552328514522202
-0.00023718570897773213
-0.0009555728462584287
-0.0006071170107969929
 9.554294390581878e-05
 0.0010204098271781152
 0.0018884798092885942
 0.0019972370432423817
 0.0017440550127148194
 0.0015414873262607814
 0.0014621621871264633
 0.0017114244269586512
 0.0012142458000923815
 0.0006165250993632259
 0.001473678352476594
 0.0016706526296604947
 0.0011676717619984048
 0.0007847179486807461
-0.00048330621072586224
-0.0010471500249478144
-0.0004970459378462816
-0.0002902706351534438
 8.937585770600689e-05
 0.0003200171600375231
-0.00028667868757557174
-0.0005391026139958832
-0.00015872868337222815
-8.802375434457169e-05
-0.0005874782791385063
-0.001468067949310317
-0.0014679796272307308
-0.000972886155802738
-0.001148761628485433
-0.000706293560781164
-0.0005093666923463359
-0.0007408270017821894
-0.0007653392605517104
-0.0010281162422319551
-0.0006063077531112183
-5.3227753067370226e-05
 0.00040300807696256566
 0.0007919577343223653
 0.0005769508227112754
 0.0008799091079327036
 0.0013015773192539568
 0.0007266531496430161
 0.0008729570020711304
 0.0018215906781196744
 0.0022105362550086096
 0.0022895369413004855
 0.0016897967377530508
 0.0010189637232020372
 0.0008219194120837672
 0.0009341047660625529
 0.0010872235501095133
 0.0005262146921583004
 0.0004100499260614863
-0.0002450756128031925
-0.0014850764754631572
-0.0013812440474718572
-0.0007881757590707136
 0.00011941776290560265
-0.000101394220178979
-0.0008816190753837004
-0.00037684571309374296
 8.925468263854152e-05
 9.21568917022017e-05
-0.0006444232007281264
-0.001816658689283168
-0.0021628521247353304
-0.001778249386365597
-0.0014683686508336156
-0.0009535514994666529
-9.750974579486161e-05
 0.0001042401993551714
-0.0004132220718763729
 6.161654797335186e-05
 0.0008827500680369373
 0.00035765980864235753
-3.5962794005768346e-05
 5.198005485354793e-05
-7.810513875144685e-05
 0.0004068761833219538
 0.0009538199034217452
 0.0006304485661410907
 0.0009964681836331047
 0.0015511376513563917
 0.001273393177727462
 0.001795596419413062
 0.00224288869995472
 0.0020068570237638515
 0.002055683320225661
 0.0023919482408624572
 0.002338922262664507
 0.0020067930235285096
 0.0024453692173597346
 0.0024969089986010573
 0.001898479498189636
 0.0012121296635594482
 0.0005507799835709133
 0.00030181480217447704
 0.00023610605813055192
 5.958705328986831e-05
-0.0003245830145456827
-0.00022046032894982497
-0.0005946743864982668
-0.001962902039178355
-0.002272106124575949
-0.0016866304282124732
-0.001566785083293763
-0.001216934972513299
-0.0005046462865889205
 0.0003610240149242681
 0.0004609865221198675
-0.00040370024771990123
-0.0008156666522195437
-0.0015122258405514193
-0.0015971594228894046
-0.000788211244252168
-0.0008579542409519627
-0.0011062786802986065
-0.0009632838362499556
-0.0011952897193057213
-0.0013175100827353037
-0.0008574007500081764
-0.0005892919599409659
-0.0003518889422551015
-3.633245854448263e-05
-0.00011877022243542349
-0.0006478959636457468
-0.0007517594329485328
-0.00042107669862781835
-0.0003957294298569038
 7.601207411753992e-06
 0.0003979665145692136
 0.0002842381945095795
 0.0006016499347750487
 0.0009184889118852717
 0.00109131646740863
 0.0011473836533538832
 0.0007603009776715832
 0.000510866179001448
 0.00013006965496918597
-0.00025704513026820943
-0.00021576205113141216
 6.576575157362525e-05
 0.0005585280306365121
 0.0010684948390195883
 0.0011852946773609349
 0.0011514743687413645
 0.0008081470420965067
 0.00025798375121982315
-0.0002981822793714279
-0.0007411448094599048
-0.000496411245289139
-0.0007828433028810256
-0.001081142334323546
-0.0004935431172334725
-0.0006224887778749329
-0.0014714184639626879
-0.001811571405855432
-0.002268919858321105
-0.0024852649110536085
-0.001559747955553616
-0.001125858968301364
-0.0008528955347904925
-0.00031949559970359596
-0.0001726213037864748
-0.00022348050701154708
-0.0001340375227120561
 0.0004398349130986836
 0.000511268108859487
 0.0005537130634702271
 0.0006446518677715466
 0.00033893103426149533
 0.0010194372315814964
 0.0011499215306346553
 0.0008982538076448929
 0.001444568807318825
 0.001548978342301164
 0.002277495858322528
 0.0021866928083586964
 0.00129203410827958
 0.0013297642630874973
 0.0008476313903336529
 6.870535174926704e-05
-0.0006136325274576913
-0.0007350270967795421
-3.8540436950713784e-05
 0.0004819277316244085
 0.00034240406345504513
-0.00021242271350690404
-0.0008457175450860274
-0.000923895314693942
-0.0006510133507253681
-0.0009526965223373862
-0.0005582845527922601
-0.0002689752030585289
-0.0011755266050031098
-0.0011121934023101958
-0.0003142889847358662
 0.00012374385580693289
 0.0010519871441328522
 0.0018631749510200607
 0.0013954856755348994
 0.001639109531846049
 0.0020324517917010647
 0.0011428012429431156
 0.0001963393792550049
-0.0011539469976284786
-0.001844969413900888
-0.0012711252657378394
-0.0005141444674999451
-8.194444139817836e-05
 0.00018975386636782917
-6.570519280317483e-05
-0.0009504542137608978
-0.0007788379409905911
-0.0001098710641292615
-0.00011755901299108331
-0.00045000413786041834
-0.0002038815014899127
 0.00028498135231473925
-0.0001824383992190623
-0.000585115949823469
-0.0004670626302144848
-0.00025002369088050416
 8.691973470045234e-05
 0.00020635517037802294
-0.00012987650959321996
-0.00019386245326099123
 0.0003131635546010981
 0.000767294394326105
 0.0016414818061464445
 0.0018692122596376639
 0.000872328309371012
 0.0007295330893019933
 0.0013790844941893037
 0.0013371780423834215
 0.0013528774400204872
 0.0018908112373573853
 0.0016342566467731866
 0.0004432820249171185
-9.27324034088014e-06
 0.0006716710057898749
 0.0008971350237203012
 0.0010184206036056946
 0.0004868932506072541
-0.0008352176730201955
-0.0015422788846026676
-0.0012760073362343466
-8.581320109887471e-06
 0.0005974554965675275
 0.0009219273127159854
 0.0009652248109493434
 0.00018277709967970878
-0.0002702504486214949
-0.0003563689917851138
-0.0005099499463887956
-0.00111367933925043
-0.0017995260729775924
-0.002143196357151916
-0.0019188071361245335
-0.001641682604501072
-0.0018633032732118795
-0.0023120286223899905
-0.0020120346207974545
-0.0012197000031579203
-0.0008112372325619188
-0.0003527177465979239
-0.0005143958079761956
-0.0008492821873355308
-0.000987075446286756
-0.001194575767806641
-0.0005584257328828113
 0.00017974416486685456
 0.0006479576989875512
 0.0011349717768617278
 0.0006416160571414
 0.00017748614407001037
 0.00026835867665983597
-2.3354850974195465e-05
 0.000267195903346697
 0.0007690914098839829
 0.0008816700345128255
 0.0008191405131032012
 0.0007755809809833407
 0.0005865614246813679
 3.5485339069864345e-05
 0.0001978930460284261
 7.476487317694085e-05
-3.475419924250745e-05
 0.0007553247989085857
 0.0007224860157708213
 0.0004371166269946989
 0.0005006827089236764
 0.000455947038493995
 0.0006612994014366367
 0.0010065699674775518
 0.0010006153946221334
 0.0003993619799003225
-0.00013896767146431307
-0.0004197298414321941
-0.0009662420346773722
-0.001210636993161791
-0.0009003227532766043
-0.0009713416672160301
-0.0010723407402470383
-0.0001322184904312996
 0.0007112228743219688
 0.00023752812406144062
-0.000895346912025285
-0.0014720154679883977
-0.001302548155569618
-0.0012358447894864832
-0.00030872476117284683
 0.0005240766447512493
-0.00046007944632195597
-0.0011285909287971913
-0.001396720320714417
-0.0018044415364528706
-0.0019548786565804824
-0.002292562876784529
-0.0022682721937135725
-0.0015659200178156803
-0.00018522947044962207
 0.0005753727636346895
 0.00047163840206063725
 0.0012028112089176098
 0.0018736264466816994
 0.001956148134835038
 0.002612937338513508
 0.0026799334538559383
 0.0024189689762532593
 0.002677435727738612
 0.002268754231514591
 0.001284421571063327
-0.0002841464851070409
-0.0012527143462897601
-0.0012268981509672623
-0.0016431711403295892
-0.0019832992849307587
-0.00128724812037923
-0.00026421733241393765
-7.740172067361775e-05
-0.000284019624862322
-0.00010649477156793906
 0.00014106196307325179
 0.00023469581174700887
-2.1812353163329456e-05
-0.0007121372758080959
-0.0011759956553337111
-0.0012852410309698024
-0.0006476012873004647
-8.710016098278886e-05
-0.0004366979149760835
-0.0005480844817820886
-0.0005873890030825806
-0.0005015058633850807
-0.00014127447655459878
 0.0006510803679491726
 0.001738029115001392
 0.001432446384549002
 0.0003612586161457462
 1.916748773666646e-05
 0.0005852819077298798
 0.0005974237682588368
-5.41194981555642e-05
 0.00010440696724007592
 0.00016218296830334883
-0.0003938106843761091
-0.001425017359262334
-0.0013216657392955736
-4.692288340986889e-05
 0.0007407602608495566
 0.001210598928080574
 0.001124394721440117
 0.0014606286818626161
 0.0017264582344396727
 0.0011214135925547916
 0.0006940570727290185
-2.231215842184914e-05
-0.0009431946253938133
-0.0006772201462821245
 0.0006528752856660302
 0.0006749763119879603
-2.681563931462339e-05
-0.0002198958425870794
-0.0008429765257439646
-0.0010773560307580962
-0.001264092759859851
-0.0018190480403068208
-0.002279395643556754
-0.002154229298433304
-0.0018061549144233505
-0.0018914876076420607
-0.0013221573062706436
-0.000606719154345933
-0.000852591312988515
-0.00012175889333713138
 0.0010463468371822095
 0.0007092033194459594
 0.0007670678370218338
 0.001240107549484835
 0.0019132154682716183
 0.0018998722272995888
 0.0013189301275026144
 0.001961843939109497
 0.0016844107486185878
 0.001341614065326368
 0.0019245437233989739
 0.0017288589695554496
 0.0013177173382060564
 0.0009766477295402036
 0.0009508174640407916
 0.0010323979041949485
 0.0008424001471395944
 0.0008373478813768012
 0.0008616010232942713
 0.0007061335021244502
 0.00017224037140635976
 0.00038283596811172456
 0.00025645664245624197
-0.0007888644861083832
-0.0006281370619822137
-0.0016033173007896364
-0.002935868749975127
-0.0029781333681685434
-0.0034792890457014227
-0.003262093453203228
-0.0026937605597639673
-0.0021946185191319585
-0.001480726918291308
-0.0011174988269383986
-0.0011293190766964662
-0.0010661389492358534
-0.0007308280236037331
-0.0004228525734917919
 0.0001368288140971414
 0.0005519415896679651
 0.001170105314270304
 0.002280247599886541
 0.002452391354907567
 0.0016666026105801519
 0.0012435631736242827
 0.0009106623589677319
 0.000992625756246916
 0.0016150512255286556
 0.0016227305569552698
 0.001168034461476279
 0.0007419471769217688
 0.0013424445815918157
 0.0016316289773367575
 0.0013641902605738207
 0.0014351352881816156
-0.00014904633293026212
-0.0013777766325511359
-0.0011281615570128112
-0.0015422265853615538
-0.0015369284954379865
-0.0008363354002400734
-0.00030232134627620555
 0.00035020241105119913
-0.0005670331077126604
-0.001685495687374222
-0.0007225997333943191
-0.0005278072311119778
-0.00011200185343228152
 0.0009605892368909081
 0.0004427555496799398
-5.890976739237166e-05
-0.0002313122506224023
-0.00012061069234043878
 0.00015019624570277725
-9.142670762809422e-05
 0.00021696782949019616
 0.0010149593443474164
 0.00043875580443404876
-0.00020985116508398407
 0.0006362012872973974
 0.00046518607851544277
-0.0004887457910701913
-0.0008415057822509037
-0.0007996330996113484
-0.0006895869066951217
-0.0005786797974991844
 4.2721219248624986e-05
 0.0004575087532098547
 0.0005285667400693139
 0.0007187053839933703
 0.0009551627294336079
 0.0008555499606082385
 0.0007816375997218429
 0.0005035385423821339
-0.0004018143956255226
-0.0002182173035075991
 0.0008136702577307157
 0.0008377257561058381
 0.0006450211565266753
 0.0006503483429196002
 0.00033793746047520214
 0.0008300643179912095
 0.0019070947281419027
 0.0024323454417133844
 0.0018757582513241472
 0.001138154557136215
 0.0008299677680678227
-0.0002940865359398767
-0.00025666531606654934
 0.0003322041559354846
-0.0001769780687222308
 0.0005628795193887517
 0.0008310765915103605
 0.0005293487176296928
 0.0002622488643186495
-0.0014648760382156123
-0.002274171358208902
-0.001887154317870031
-0.0015441231783124257
-0.0008853764270023503
-0.0002426472421149866
-0.0002712554595689747
-0.0010927970225066887
-0.001171960747526979
-0.00040099978570293395
-0.000681558045251346
-0.0007560389874638841
-0.00034158920395863996
-0.0008889374083318153
-0.0010356647525501
-0.0011615261330527886
-0.0010284569305216956
-0.0007249991294230015
-0.0008811091819715616
 0.00010170053923134221
 0.0006292055906576763
 9.171907042233067e-05
-0.00012348223863339251
-0.00020029060922692173
-0.0007066595765682171
-0.0004437605653848888
 0.0012285705697490244
 0.0016106463775971904
 0.00034094420798778914
-0.0002208729554836092
-0.00029375613076607174
-0.0010731797860926047
-0.0007229027444927833
 0.0002516093721639465
 7.509121045291511e-05
 0.0003511401980724788
 0.0003412284881409533
-4.562306124430277e-05
 0.0008359196544327417
 0.001108477249535927
 0.0005650577927518632
-0.00018904636736019424
-0.0006874616941105172
-7.96810073256911e-05
-0.0007285320078767931
-0.001122831016114601
-0.00040809945969460333
-0.0008986268897153003
-0.001078426331617694
-0.0014725815749809489
-0.0026710605261172017
-0.0026703221015897103
-0.0016859800478344507
-0.001108780328954843
-0.001383190723721025
-0.0014430402585696486
-0.0010836914387207864
-0.0010641873668563377
-0.0003933507367645259
 0.00038328485699655837
 0.0004273679503154784
 0.0009104298181011712
 0.0015452406875856987
 0.0021646989143616715
 0.0022990464099212913
 0.0014750897335607828
 0.0009459935478662966
 0.0007264097053901686
 0.0010193680584998294
 0.0012613360718577939
 0.00041003681912124264
-0.0002470051466193402
 0.00013124387179646875
 0.000811327013837824
 0.00022528943611322593
-0.0003938286693455238
-0.00020475271923138505
-0.001076718566843458
-0.0017708697239221377
-0.0013851406778209372
-0.0010249549471430834
-0.0005422912026864599
-0.0007928566472523757
-0.0013707718279371446
-0.0004519398830302958
 0.0001869699991938909
-0.00019010750146558806
-0.0005271414879583406
-0.000849135750174419
-0.0009790314790689733
-0.0004557096924024782
 0.00012486012410201588
-2.713630735582975e-05
-0.0006963971148988762
-0.001630129892960148
-0.0015735838122535367
-0.0012531650181573108
-0.0015451154448563999
-0.0013119510792464844
-0.0006394132498620804
 3.5032053704229085e-05
 0.00036592353763199674
 0.00029572118348886666
 0.00018596499945536894
 0.0005963180396121951
 0.0013348132524665219
 0.002137100207098281
 0.0026348739213723957
 0.002079474586368763
 0.0017534069106512626
 0.002510067475988395
 0.0029817363359091317
 0.003119563247268695
 0.002679693237579257
 0.000834629960721887
-0.0002798435808478908
-0.000794923944048643
-0.0016092064443222695
-0.0016630023017267898
-0.0017989894936578737
-0.0022622862550372306
-0.0029602342913375244
-0.0029076716515014727
-0.0024757723296973118
-0.0022401272402402072
-0.0009097341638630612
-0.0005107919292913296
-0.0010045312898879792
-0.00036577837925681257
 0.0005963221609475395
 0.001466969802753446
 0.002585155616121331
 0.0028101835398028703
 0.001810764377614758
 0.0014452789671386124
 0.0011065539915519076
 0.0005936768530802837
 0.0006134449852157153
 0.0005893414059647761
 0.0008914295094864438
 0.0007185167773379786
 0.00014738633606912303
-0.0008520369124677693
-0.0022863931356407793
-0.002426494634864996
-0.002085473919820127
-0.0016269414410247833
-0.0011250048689235522
-0.002006814005085072
-0.0021429828925414933
-0.0010468039187580946
-0.0011162123899813598
-0.00021421041457458543
 0.000890415738230838
 0.00018876786747008202
 0.0005765829605672432
 0.0017077704667030759
 0.002309660745489029
 0.0023482293072604184
 0.0021865973959111764
 0.0021492532348553204
 0.0011940833203960464
 0.0005917306032593408
 0.0005231952091517071
 0.0006797123328045047
 0.001238782178048333
 0.001324629713395154
 0.001742665978935315
 0.0017445966707606492
 0.0003012740594564768
-0.00088781231493805
-0.0008606128158113858
-0.0008626921831218435
-0.001165470432356209
-0.0005329818804421315
-2.001606938900108e-05
-0.0006366891425696771
-0.0011340847583914686
-0.0016996593533300413
-0.002306455990206164
-0.002160031373717203
-0.0011642537097275691
 0.00042859552535114094
 0.0008289875520551785
 0.0007725561947329395
 0.0016623494289065082
 0.0020220168052806505
 0.0025660203509453665
 0.003230890516374295
 0.0029746951140661227
 0.0030718903565898356
 0.002965525669151195
 0.0026220517718821565
 0.0024864363080717602
 0.0016107990799811474
 0.000833007849746258
 0.0002984460171717342
-0.00039502397731789484
-0.0005832445909998033
-0.00021346877626865366
-0.00035336305485443966
-0.0009837565823194725
-0.00083062036091116
-0.0004765542962071018
-4.077944685864346e-05
 9.712207232607925e-06
-0.0001819164929209944
-0.00021079738459082483
-0.0007700658555769855
-0.0006613545980052351
 0.00013791290731634913
 0.0011143289338659975
 0.0016760020007215387
 0.002156520246854358
 0.002946148834779757
 0.0024434896505900992
 0.0013494368553860767
 0.00085422453113664
 0.0004700483520711157
 2.5828159644784494e-05
-0.000546953667832253
-0.0012253576219345105
-0.0010885495671934021
-0.00018768695325825652
 6.935328755219761e-05
-3.433385672044605e-05
-0.0002342690648923856
-0.0010117320658347695
-0.001482573014772125
-0.0016411202706444808
-0.0022574812995701504
-0.0024769301143011363
-0.0014485058250501095
-0.00048562645866034995
-0.0002959925407960812
-0.00017837912663156233
-0.00015039263587135306
 0.0005363774352625735
 0.001155903880201157
 0.0014582119658944667
 0.002431588407914751
 0.002284384799025043
 0.001373662230857229
 0.0005229340119420557
 0.0001811179114423991
 6.777382093365232e-05
-0.0003548227245090693
 0.00016718629301335104
-0.00030797300077589764
-0.0006543463568250428
-0.0003553192360169047
-0.0006249165893077022
-1.961055404730979e-05
-0.00029893827606840734
-0.0006298060858605349
-0.00018577279631967606
 6.7449215423656785e-06
 0.0004846755652227865
 0.0007285627898796052
 0.0004226454736946047
-0.0001108770356051811
 5.221295229788368e-05
 0.0006497690936800435
 0.0011814268922836994
 0.0010026987788909585
 0.0007864854485132635
 0.0011382678010843088
 0.0006787399023990505
 0.00034270221978622965
 9.284345813540627e-05
 0.00017650402966245038
 0.0002070382770263958
-9.998748240715229e-05
 0.0001411283237517286
-0.0001775081900779549
 2.5979992659115588e-05
-6.632548301910978e-05
-0.00030911756708328406
 0.0002237064373690153
 0.00019926453250596523
 8.865083570901071e-05
-0.0004336393205972797
-0.0007438134663795597
-0.000626543825808467
-0.0005434919754856219
-4.904523137096878e-05
 1.3059939571560892e-05
-0.0005678801212583588
-0.000571456723346452
-0.0005370881889069092
-0.0012872358365093582
-0.0015823029242546234
-0.0013053023163599597
-0.0011105311122003728
-0.0007478828454065763
-0.0004314681484681496
-0.0007410103109077013
-0.0006565370192897638
 0.00014905934640951183
 0.0012435380642203792
 0.0019644830218344908
 0.0019606764983007017
 0.002069765811682905
 0.0011291138374433238
 0.00020258660065566986
-0.00020360759645373497
-0.0008659454892735518
-0.0003951582410213574
-0.0003451527870088521
-0.00013572675310945102
 0.0005141254438049656
 0.0001234490203330022
-9.479389882735209e-05
-0.0009914262950163617
-0.00205046840478232
-0.0020806559899536475
-0.001682385704964422
-0.0009723383257530814
-0.0007740717307082444
-0.0011467696497977856
-0.00173974252814898
-0.0014718568712340817
-0.00034863779225846874
-0.0002822064720690959
-0.0005228138056148501
-0.0005846106910720437
-0.0009468665879042632
-0.0007162436195125409
-0.00030679102266127135
 0.00031007541368284746
 0.0009698131089785569
 0.0009125466055681438
 0.0008252893008343409
 0.0002804168946242815
-0.00035617904742741966
-0.00028981530940330177
-0.00035574846335534375
-0.0009167253252225406
-0.001465427301897998
-0.0016757694849284942
-0.0009678566380001672
 0.0002533931971037605
 0.0005996617969296703
 0.0005998878314006665
 0.00036623481150230817
 0.00017526864759622728
 0.0003966585108644479
-8.338486162567225e-05
-0.00027108899470833263
-0.000413155245326749
-0.0015687550738233626
-0.001562429137126184
-0.0005263577634896185
-0.00021154134452087278
 7.094622991717069e-06
 0.0003908242544320456
-4.576159414859432e-05
-0.0005243832593128261
-0.00030987352760635824
-0.00028697315461773804
-0.00021265191971845063
 1.919541925495057e-05
 0.0005047728667381398
 0.001022104607404931
 0.0010854273151604979
 0.0014497367602828344
 0.0015521107400361261
 0.0009436826196034421
 0.000689136544986475
 0.0008183690460509648
 0.0004348392943867004
-0.00026417267737417456
-0.0008675534199846536
-0.0011833109267213346
-0.0008304484815033535
-0.0010939600858247886
-0.0018984705692538224
-0.002161374868111991
-0.002441502691097871
-0.0021290846736482347
-0.0016978665338150969
-0.0014736887887864302
-0.0008553286248217523
-0.00034812116348054064
-0.0005341373863997388
-0.0014255674535950734
-0.000738510572452761
 3.1152409380011325e-05
 8.212015964291994e-05
 0.0011360752707389923
 0.0010344566693147132
 0.001093384336657798
 0.0016869199457489193
 0.0018356318689548717
 0.002552795058064914
 0.0020266019343188808
 0.0007995430027700717
 0.0007927705027471872
 0.0008497953145225074
 0.00046138843018965475
 0.0002842594867448704
-0.0003875037681057952
-0.001137245753680318
-0.0013243817908099918
-0.0014486086077541065
-0.0010860843866330597
-0.0009108223833364774
-0.0010298768609585684
-0.0008467369573152802
-0.0001999625808889861
 0.00012464145427670524
-0.00032911843774726816
 0.0006038476644048259
 0.0018661401801528868
 0.0020107514197008408
 0.001602516415012066
 0.0005853215214116247
 0.00014294108985102522
-1.003772984944192e-05
-0.00019921426681912994
-0.0004181354022343901
-0.00045168160103836985
-0.00018587204977328552
-0.0005711277554577017
-0.0005643828810528578
-0.0003891559642542105
-0.0005388041009856733
-0.00019406316741293517
 0.0002510813121245497
 0.000587624995522293
 0.0004793186990350721
 0.00024825399998114074
 0.0005633301685597249
 0.0004049948006574018
 0.0001439599516770377
-0.0001029427571325976
-0.0009596364834148868
-0.001293871845723008
-0.001278270871110538
-0.001079866612613062
-0.0007964506501972057
-5.814963071676831e-05
 0.0004983087626878709
 0.00046914506319087486
 0.0008650940759205978
 0.0009924267033239126
 0.00161999716202188
 0.0015004729875230472
 0.0007941203172907449
 0.001210670239307351
 0.001447151473677512
 0.0011795921105617838
 0.0004111306107685325
-2.0613075747815823e-05
-0.00035905151928436983
-0.0006656758652298656
-0.0005500470036933503
-0.0003587408401717082
-0.0005348354421896474
-0.0010810119630348632
-0.00035695877183323946
 0.00010734209009426433
-0.0003365618270219457
-0.00045814908633065403
-0.001135142093034179
-0.0018432715270306189
-0.0016241148138325429
-0.0005193510341701817
 0.00015323543896937376
 0.00016338028103854757
-5.011772093056531e-05
-0.0009614829511518319
-0.0010837688435605124
-0.0005559195505115879
-6.464566480020424e-05
 0.0006513394830541813
 0.0008317785219826292
 0.0011020365072368847
 0.0014335071710611794
 0.0011205672047601618
 0.0008878760295273828
 0.001193350645076696
 0.0015483287661941674
 0.0011968454884568073
-0.00010279173656703774
-0.0009328138079697852
-0.0008651609704945288
-0.00127477899467191
-0.002065942889866283
-0.002104280784596703
-0.0015132232700106809
-0.001637395567190606
-0.0015226808926788544
-0.0012799838701881025
-0.0015595017688065827
-0.0007486775684363522
 0.00018613154964798855
 0.00045864112705536333
 0.00046123905446080995
 0.0007533432375298488
 0.0012479523669882112
 0.00124833747825969
 0.0012859852687014076
 0.0009798254277496627
 0.0008624955376497923
 0.0008287066707003445
 0.00037323988580068354
 0.0006065436245697003
 0.00036051886227712204
-0.00031212584126906625
-0.0001903870440099693
 0.00023559741674161345
 0.000468339265074218
 6.125591617218276e-05
 7.64733149975259e-05
 0.0006722160533045008
 0.0009837957499609113
 0.0007205235159315764
 0.00044166652983021893
 0.0009794920446558352
 0.0014508983506545945
 0.0010929368686998732
 0.0008388807863397414
 0.0015090874850150911
 0.0017349550466609857
 0.0015588158016054737
 0.0010262476043973916
 0.00028891599467383846
 0.0007323923609216105
 0.0010016121975031712
 0.0008956767383189245
 0.0007113626416735274
 9.143576290525819e-06
-0.00034547894436850107
-0.0008007973249317781
-0.0008228222682557744
-0.00027235304422613586
-0.0008597279334184856
-0.0011034628769372543
-0.0007198684459335623
-0.0013235716997336007
-0.0015688025842313775
-0.0014621809141843103
-0.002176685104318881
-0.0026070449472510313
-0.0019330084222214747
-0.0010025641374266682
-0.0005765289054522042
-0.0006016999759998352
-0.0006047767649505705
 5.1945230368982975e-05
 0.0006901130985729287
 0.0007677472753527984
 0.0012866426257709428
 0.0015912380037138613
 0.0005025775062405613
 0.0001417871095970952
 0.0006549097933879142
 7.893690697546463e-05
-0.00027934664948914143
-0.00022304798489410955
-0.00040355746686007027
-0.0005195878390569109
-0.00022417798139898342
 0.0005290965138074951
 0.0002838640293327071
-0.0003934369773064564
-0.00018103508626760004
 0.0002755664780804044
 0.0009827919846474944
 0.0009177369903485402
-0.00026089731281864344
-0.00026732459259905223
 7.631363609612328e-05
-0.0010507419206725354
-0.0019849249195845763
-0.0014535190141740522
-0.0006114817033269232
-0.0003032910309548524
-2.056556545886843e-05
 0.0004280683273971235
 0.0012539469258411142
 0.0022242538829380337
 0.0028043327763418
 0.0031674913705652032
 0.002669669541114617
 0.0017335211118201246
 0.0015700292319444388
 0.0013295230136931692
 0.00014131214810617573
-0.00032260182963438723
-0.00030280087110192783
-0.0009937505663325033
-0.0009329068816875786
-0.0007869196302186329
-0.0010614342597388094
-0.001042703945646758
-0.0009470907815823097
-0.0008087709125941404
-0.001011623490378944
-0.0015019615806314258
-0.001660196450149272
-0.0011345769140802488
-0.0003263346438920346
 0.00047315248013437205
 0.0009334175147444043
 0.0005649192516085121
 5.677390501637215e-05
 0.000304115114719584
 0.0008427093486832631
 0.0008501157369764946
 0.0007402525549648638
 0.0009948283605654335
 0.0009401653735921216
 0.0009247595078150312
 0.0011958827399628164
 0.0009189475660330122
 0.0009259150751627991
 0.0005266822240635047
-0.0004522531802053271
-0.000228553656064643
-4.678151783613787e-05
-0.0003683316656671169
-0.0004962473511373164
 0.0004854815680829495
 0.0016721109257175825
 0.0010921259900735
 0.00043076352905036447
-0.00032689435154304846
-0.0010728456405561095
-0.0005985215216088258
-3.738511977174483e-05
-0.0005861797174461254
-0.0010720539702484353
-0.0005137937695164556
-6.384430709092483e-06
 0.00015889498505766556
 1.74630178992301e-05
 0.00040418342896904574
 0.00025708814702303203
-0.00054621892313541
-0.0002531609341314926
-0.00046707088698124457
-0.0010006081754523654
-0.00038775040136164197
-0.0001930527795216052
-0.00022781301252534951
 0.00028408283348231833
-0.00013843659686383285
-0.0004570144857393414
-0.0002525248481354196
-0.0009286256245513633
-0.0013700318135117472
-0.0009247410172082322
-0.0008951644889111406
-0.0010924414907000522
-0.0012900957435284586
-0.0010461826811745676
 0.0001260277589879184
 0.00032894279212048133
 8.886146326615818e-05
 0.0006195385920628018
 0.0006899351321011208
-0.00010768019706656203
-0.00038662747554997343
-0.0002571538055526605
-0.0003966171410319971
-0.00043052496882178067
-0.0004931838846338495
 9.158678691530293e-05
 1.94240873108489e-05
-0.0004193829305117095
 8.170933958463605e-05
-0.00011300816323723154
 0.0005306455119634995
 0.0013386880980933303
 0.0009816291310383327
 0.0009622248917905958
 0.0002734838542013372
-6.641798360349786e-05
 0.0002401579983219266
 0.00025421586705123855
 0.0005222488343600849
 0.0006399070276883665
 0.0003008093658775428
-0.0006392300219028026
-0.0007518330577147194
-0.00019720310393551722
-0.00016603367471428837
 0.0007567295368609799
 0.0011490232300010003
 0.0006528892281701454
 0.0008613894846309022
 0.00034412230871697883
-0.00040249114511813105
-0.000999574307713613
-0.0009623562970524017
 0.00023920460527844647
 0.000784545542614
 0.0007692295471602245
 0.0006317235637750097
 0.0005248455644554637
 0.0003865774805793824
 0.0004601017031841361
 0.0007225759803514668
 0.0004363957807523224
-0.00013080256945720723
-0.001714419993432286
-0.0023076055178686853
-0.001193644735959998
-0.000952904630587898
-0.0009262845645330637
-0.0010312028300291155
-0.0008602396970487149
-0.0008627602472549566
-0.0008392325434205798
-0.00012228019110080939
-0.0006502526128837566
-0.0008632824497388845
-0.00042161663087763646
-5.181754474381208e-05
 8.201315261499371e-05
-0.00012115826981880867
 0.00016802636258546238
 0.0001887068214025226
 0.00018224891067166417
 0.00015337026175739314
-6.908176638983493e-05
-0.000310591338222848
-0.00047471976167609586
-0.0007320888974623361
-0.0008196208541377592
-0.00033997656325588727
-0.0004506659174667977
-0.0008402022069331946
-0.0008517549737005287
-0.00039922451711573223
-0.00010955112524275294
 0.00014238052755578815
 0.0009011171112374473
 0.0008416187072048916
 0.0004820577017009309
 0.0002553629708498436
-6.880848523959248e-05
-0.00039546677486555445
-0.0003112598829982952
 0.00026821049501738614
-0.00046264057614403716
-0.0011697274568510582
-0.0007236449378224688
-0.001077693808557026
-0.001343626444939471
 0.00012502319865701755
 0.0010013558198368004
-2.2816001503574246e-07
-0.0003282791604327105
-0.00011277734040419623
 9.513087409222362e-05
 0.0003056945408897498
 0.00010644603454173799
 0.00045962645239935846
 0.00043431386286251134
 0.00013238647449350684
-3.736670403330567e-05
-0.0006547621520026503
-0.0012228626823521543
-0.0020505598421799638
-0.0017964664111643142
-0.00021270509449722755
 0.00040356725291421336
 0.0005817783303239083
 0.0006581061647153869
 0.0006084787350004329
 0.0004140535852758783
-0.00026548595201482774
 0.00042268737434240374
 0.001223827370070051
 0.0007445773319817013
-3.761974338006002e-05
-0.0003416715589020632
 0.00017157009284448838
 0.0003097802511540789
 0.0009764761700225584
 0.002131017708297488
 0.0020968691338827546
 0.0011376083668662208
 0.00019045404966961738
-0.0001460153649472651
-6.319246447243283e-05
-0.00022828441303097638
-0.0003983153964021965
-0.0002941746098002457
-0.0006032110715904316
-0.0006808017248737669
-0.0008207025717742188
-0.0015362206283492709
-0.0018267285229264239
-0.0013826795924739418
-0.0009588563462766103
-0.0011562591738862953
-0.0009531614536813416
-0.0004548444848266987
-0.00016262091682190974
 0.00010108643466505479
 0.00048138545061334105
 0.0005254314255262519
 9.089051999414e-05
 0.00043098201351297796
 0.0005650859885996056
 0.0002844676220802848
 0.00040868375459201975
 0.0002906749673791586
 0.0007453047722949913
 0.0015092808483238135
 0.0013098505562251968
 0.0010436182636780972
 0.0011967317587682903
 0.0011563230422823485
 0.0010371701498158373
 0.0010033332685227404
-1.1982173017673464e-05
-0.0011231330600515734
-0.000770772831842327
-0.0003838607284913905
-0.00011188516928604937
 0.0002820236232365784
 0.00034370467087511405
 0.0005659873162017682
 0.0008217858870091491
 0.0006167213252989715
 0.0002312518686834202
 5.549536345707324e-06
 4.105843357118062e-05
-4.311256184230972e-05
-5.496484071527088e-05
 0.0002977458097027539
-0.00019972691563632268
-0.000917768372942032
-0.0005632301511949049
-0.0006687651743575937
-0.001044900766522147
 0.00011948013019004105
 0.00016161231147206605
-0.0010817928153177602
-0.00152945172298839
-0.001390239749139762
-0.001335169222388239
-0.0015836435512090016
-0.001258840833523661
-0.0010904520104211618
-0.00042194857804968007
 0.00012376033203227884
-0.00020979429553340766
 9.364272244881439e-05
 0.0005995985263674492
 0.0009226461189821093
 0.000696405101215249
 0.00022387001658167474
 0.00011997589012682422
-9.474197711628244e-06
 0.00010241807255507365
 0.0005279211715787991
 0.0008665761765170699
 0.0005845708289643125
 0.0002465029108760664
 0.0007332646572464545
 0.001186091989082833
 0.0020075107527329212
 0.002581845827520185
 0.0016398609124993278
 0.0014538026679702257
 0.001671752235214258
 0.0007399790191306647
 0.00024204163286262165
-0.00014077199554810919
-0.0005558058805357516
-0.0004848955201771262
-0.0005837392554037529
-0.0005555703128287877
 8.99559374878175e-05
 0.0008355881976016681
 0.0006677381769433928
 0.00041879145319113204
 0.0005184508860243017
-0.00014601428644518135
-0.00021374161615905836
 0.0009014181732777124
 0.0008184847508871608
 0.0004074827581482825
 0.0010352609517934623
 0.0008971232725084389
-0.0001756860945280585
-0.0013766343573308913
-0.002303299865219762
-0.0025251155305608198
-0.0020586688007238852
-0.0011486155223598164
-0.0008452703185640309
-0.001502809236288544
-0.0009269465666960652
 0.00014904575761790523
-0.00038050032222998904
-0.00031865807978806926
 0.0001532451710031991
 0.0002842978327827184
 0.0003504655252025225
-0.00039012497677271083
-0.0005206101379048952
-4.0785290818601646e-05
-0.00028932471000852857
-0.0004790083767182929
 0.000130683416513191
 0.00023829421637358185
 0.000587550822022376
 0.0013605730132021261
 0.0010677037168570515
 0.0009358389499385617
 0.001417923648786261
 0.001521055486108613
 0.0009407121003617182
 0.0006340137393325261
 0.0009741374875109904
 0.0008017014736932188
 0.00012477597876446722
 0.00030696286600303993
 0.0011808198712449035
 0.0013634875963521433
 0.0007736031839410288
 0.0003051726682532936
 0.0001687473182585454
-0.0002628364167170703
-9.944223050577753e-05
 0.0009860767789805368
 0.0011356463112190403
 0.0002477491664777863
-0.0007326714663635399
-0.0011625670517650915
-0.0008617791494410993
-0.0007870185839574125
-0.0012584261948390748
-0.0013513021174414456
-0.001315836370812825
-0.0018775667993555754
-0.0018820353834864292
-0.0005762969909692321
-0.00023964806615702216
-0.0007772061917478596
 0.0003369331819300769
 0.0003117283532421646
-0.0007229260400909485
-0.00010271161824217164
 0.00045484538000316305
 0.0004085703432341681
 0.001042709604444874
 0.002539397875790429
 0.0020052760709510105
 0.00046874226466233964
 0.0007909188522521661
 0.0010923072825732717
 0.0006627758381341929
 0.00017025846567446073
 0.0001245097187246805
 0.0007631009761525686
 0.001286870645386368
 0.0011785812081329045
 0.0009943939894541797
 0.0008667141259029442
 0.0008328027927445774
 0.0010010976944093372
 0.001213953695392554
 0.00163878877286496
 0.0009162396670395643
-0.00043863033392949904
-0.000474105052943248
-0.0002303702245710565
-0.0002703750758824466
-0.00035498941536504975
-0.0002534597707623385
 0.000531633061598459
 0.0004974634793437293
 0.00021145966283281034
 0.0007586730269134489
 0.00074794422103724
 0.0013543130380080982
 0.0014017052878252355
 0.0003399337948355551
 0.000316674968094352
-0.0003351955591879661
-0.0010183413443663975
-0.0009041004186628866
-0.00034728428415710963
 0.00020384672914139297
-0.000285144645464851
-0.00021773290309633762
-0.000618683477360648
-0.0016384092630016402
-0.0008367143140608469
-2.248215676006858e-05
-0.0006576689578626816
-0.0011726232077121435
-0.0013340041206607075
-0.0012560230795650707
-0.0006550156248153817
 5.314576091399109e-06
-5.9251931906781844e-05
-0.0007345737580400478
-0.0006197305504227707
-0.0008013588452358645
-0.0007492469649145798
 0.0006247789690754047
 0.0010028314929219195
 9.558729330453825e-05
-0.0005525361309822772
 0.00016792887009956775
 0.0003917696986323364
 0.00018467813790277684
 0.0007587168119158476
 0.0007107265566248674
 0.0006862073414520918
 0.0006892892469116141
 0.000787433324820517
 0.0007157486837688189
 0.0005940737253514383
 0.0008985930191430014
 0.0009608253280681106
 0.0012196946846794487
 0.0005037354447951818
 0.00037057858045903505
 0.0007364049391170866
 1.4295022388339383e-05
-7.786433133257215e-05
-0.00025646441656500653
-0.00011564936755892879
 0.00023820201111738793
 0.000369379642285129
-0.00017357739244350343
-0.0011186044339115335
-0.0006324701689337277
-0.00012983865044052025
-0.00026086467551856657
-0.0007273914976539958
-0.0006109560167055241
-0.0004133570801370722
-0.0005553870141305681
-3.3289564122934495e-05
-4.007596581859881e-05
 0.00039848366775379116
 0.0011161533605877287
 0.0009663686775515407
 0.0004255102901661397
-0.00029861133089485845
 0.000258130260077165
 0.0003191727183157077
-0.0007044410578687596
-0.0002643657871953748
 0.00020571893327462007
-0.0004680474860328549
-0.0017945548441278788
-0.0024525050017739584
-0.002039010195678098
-0.0024455841898932368
-0.002536967565889836
-0.0015231223560807409
-0.000625128771046218
-0.0005158029588925381
-0.0014394188640664178
-0.0014670866778291164
-0.0004936587755333562
 0.00016374053070766241
 0.0007211498444069786
 0.0005404794743196166
 7.857226784176634e-05
 0.0007511394048410648
 0.0015112384838451187
 0.0011989630595716657
 0.001120391504267762
 0.0012923961654263268
 0.0011191822486583368
 0.000853735029212114
 0.0001043698963623085
-0.00017248575305456003
 0.0002598689729080675
 0.00020818091035235245
-0.0005825960766015227
-0.0010976281082681531
-0.000852975310238128
-0.0012691268223931045
-0.0017683580613404718
-0.0013622438766105842
-0.000669758778599963
-0.00014995134967948226
-0.0002642766660383497
-0.0001509501831712587
 0.0002125578816162435
 0.0008148655283941577
 0.000897929389860371
 0.00029929770746609956
 0.001490073383727779
 0.0017613137859817877
 3.258249379595756e-05
-3.929753576998885e-05
 0.00011364201035090868
-0.0006402826624979386
-0.0007393848966711604
-0.00045894128337335384
-0.00034421812561515703
-0.0008066312969977344
-0.0013447765880189708
-0.0009430187535547707
-0.00035430112043254817
-0.0009325391004888246
-0.0016330988035238624
-0.0010342607025099978
-0.0004861367233320082
-0.0007607708354481322
-0.0008122609315713237
-0.0006942750113727466
-0.0010069709845500292
-0.0015804287844580014
-0.0010992668768375553
 0.00034493643872814285
 0.0008849856179142583
 0.0012588392290797275
 0.0016057518906522589
 0.0012502826203882138
 0.0012862628450822065
 0.001141727972250887
 0.0007918324677663165
 0.0012043917164933882
 0.0010765912413935657
 0.00029644303701108416
-6.413537799248347e-05
-0.00033705124665398803
 0.00036473824826614183
 0.0013564304559323895
 0.0009718364500616556
 0.0006426072053727379
 0.00045109953851778435
 0.00013824234377448564
 2.3858307836801417e-05
 1.002465699582936e-05
 0.00015142117433020115
-0.0002967254738863735
-0.00020017785819693737
 0.0002800203450317546
 5.3540033028321715e-05
-0.0006065352532064951
-0.001014558704359842
-0.00035558353499073235
-1.7013103379958723e-06
-4.203305590979366e-05
-0.00019502671461059623
-0.0008065267938623345
-0.001154800826800294
-0.0005486503142553328
 0.0002478469457692377
-9.028749360854045e-05
 7.424155857142045e-05
 0.0008100096478889416
 0.0006766650294930833
 0.00019410230923573414
-5.607517079691951e-05
-0.00018717975883001918
-0.00015153404272397533
 0.0008883721207372111
 0.00087744274900461
 4.460967193897379e-05
 0.0005554616451641717
 0.00031683743880163776
 0.0003111211674752278
 0.0010066436209098227
 0.0006842545296767416
-0.00021051304838014435
-0.0012356862841475373
-0.0010579388069158536
-0.0006474182570261301
-0.0011974480395395462
-0.0015418196977871452
-0.0013520619984206356
-0.0018257666566900846
-0.0027674183615965455
-0.0023169262981886708
-0.0012698962714987275
-0.0006195481967902415
-0.0005136630759683858
-0.0006897887245996011
-0.0001450151457810357
 0.0005689176230621255
 0.0007103593281307329
 0.0010598632712157771
 0.0015796749474470888
 0.0017485817358710014
 0.0015401635083411606
 0.001046649012492084
 0.0013979418094688186
 0.001137168327000759
 0.00030699378785522115
 0.0006679484962063662
 0.0008117328586149155
 0.0008382618649011446
 0.0007461344981602573
-1.637384507237486e-05
-0.0006639296611452114
-0.0007682318043903417
-0.0003244939489403883
 6.505624828899644e-05
 0.0001772320178477243
-5.618221069939513e-05
-0.00033027636974384026
-0.0003261288776285581
-0.0009231026226836438
-0.0014424244820875252
-0.001644004398676686
-0.0012052667194720362
 0.0003056893981397098
 0.0008993545797760842
 0.0006540342872408527
 0.0007989804226375355
 0.0015655322958058498
 0.0013818720503537454
 0.0004627035108322247
 0.00036517891664372546
 0.0004206483156708647
 0.000760972923171283
 0.0007831126793051151
 0.0004787226947491206
-7.981039028972621e-05
-0.0002913798538783199
-2.6668875840794644e-05
-0.0003895964324684541
-9.342636977607078e-05
-0.00021080446869824627
-0.0005936681888626226
 3.250575485204817e-05
-0.00033667091830796007
-0.001207978414166532
-0.0010593616082684068
-0.0008058433504793546
-0.0008971226805466181
-0.0014357118360143826
-0.0020156611865098516
-0.0013949253225091053
-0.0004477485109068766
-0.00015367509946125632
-9.45121446894667e-05
 0.0003476504020035533
 0.0007460856784839153
 0.0003454366112151093
-2.9484219701817778e-05
 0.00034175441721079016
 0.00044923787940864325
 0.00039081696646596395
 0.0006305317745337082
 3.9141258028319465e-05
-0.00023278314162250774
 0.00012548944317680122
 8.558987318273714e-05
-0.0002704571138462352
-0.00075481387821704
-0.0008627763845741826
-0.0005206753447728652
-4.4175190140301246e-05
-0.0004552121950292683
-0.0012303259309920016
-0.001417978047612387
-0.0010857939942737413
-0.0002785720682851169
 0.0003497303179823138
 0.00031306966721519154
 0.00012704260892780093
 0.0008919766554820864
 0.001578515048552367
 0.001186981493331589
 0.0013403879672803244
 0.0010795494112229257
 0.0001375890021761541
 0.00040941147961559007
 0.0004531562313662771
 0.0008113444545453575
 0.001703730740142311
 0.0018479559519445933
 0.0016325494141667147
 0.0008775575909050722
 0.00021799788543274882
-0.00045479120730260826
-0.0003800521413947367
-0.00017950840664093126
-0.0006216181806035321
-0.00013275017021307088
 0.00014092533155318556
-0.00042096529540988636
-0.0007256583212567746
-0.0001727452425054182
 0.0003593740009804078
 0.00037215843810303934
 0.00010375375186619053
-0.0011453407836880408
-0.0019682959779662346
-0.0015582376843555768
-0.001303909597961568
-0.001014098400814414
-0.001345690235173382
-0.0022204358733302317
-0.0015718805946220323
-0.00019862617000483834
-0.00030767775290593157
-0.0008732128552058965
 0.0003390280780205978
 0.0010905359932428553
 0.0005378157924151676
 0.0005331076836220734
 0.0005165951380594812
 0.0006336108494336731
 0.0007536062619715105
 0.0007992339375117379
 0.0009958871315469717
 0.00022613338430559003
-0.000625307627549445
-0.00039929746013998927
 0.00012835797134947365
 0.00038280750401002234
 0.0003763768970786714
 0.0003668551317984454
-7.639553631888728e-05
-4.930142062298996e-05
 0.0008613280940904303
 0.0004365057967124905
 3.680701440620284e-05
 0.0003221504108422771
-0.000740939350717151
-0.001360650635382195
-0.001124115665059733
-0.0008596083069254132
-0.0004755378106383387
-0.0008934894155831652
-0.0009321503229967134
-0.000972145008002396
-0.0011791632722074274
 7.377864851099242e-05
 0.0002193728914426809
-0.00044969880682184745
-0.00018636753647931155
-0.0004357077061757757
-0.00023900574648663122
 0.0014537914998278255
 0.0027194317452917567
 0.0014619803926384566
 0.0005258542158263123
 0.0013672230464928997
 0.0012040610044553434
 0.0012349410331547587
 0.0017970095444820992
 0.0011491109993955575
 0.0007307766449677136
 0.0007282705039460568
 0.00039467243732713836
-0.00021188684588989347
-0.001146274993228288
-0.0009115879517295169
-0.0004165543460049891
-0.0010924569719352665
-0.001331849571948816
-0.001145981354173054
-0.0011216118653054738
-0.0009928228054284158
-0.0008189020701231301
-0.00018986647672220844
-9.626064986579712e-06
-0.000702333149284035
-0.0006383219533052552
-0.0002712294404038273
-0.00041311774243736724
-0.0006113257677096845
 3.217777551317592e-05
 0.00038342506346810724
 0.0001649082473056423
 0.0006905070227547866
 4.05741796475402e-05
-2.4674481660595504e-05
 0.0007522188942560836
 0.00011174636646571644
 3.673971736623021e-05
 3.5462468137554485e-05
-0.0002662297384228236
-1.5340604207858004e-05
-0.0001853251662151092
-5.1639390529890664e-05
 0.00042296424847412475
 0.00016158077035967038
 0.00016331548446560945
 0.00032124754108018005
 0.000615256070606396
 0.001310828543594144
 0.0007374131798720436
 3.506207533434691e-05
 0.0004657737798558001
 0.0006167206724312651
 0.001000545151548118
 0.0009547113880503001
 3.095779670206398e-06
-0.0007423255085402767
-0.0016935688594179553
-0.0015436344645021586
-0.00122977586811612
-0.0018597886400138221
-0.0016537328822037087
-0.0012801723584990703
-0.0008663580033070353
-5.817190161032717e-05
-6.377601077451651e-05
-0.0006567110122170148
-2.7554731473732107e-05
 0.0007434002927560084
 0.0002174286280895683
 0.0007457193139343357
 0.0021233680181971487
 0.0022227908560867307
 0.0016523190458823476
 0.0013089967536490433
 0.001578587823477979
 0.0021180090193800554
 0.002280220527828027
 0.002350234388633841
 0.001789681674073009
 0.0001786837107778646
-0.0011949995267157819
-0.0009587471225957622
 0.0002782021348252554
 0.0007513391365850602
 0.0003253237934790037
-0.0011384587137279326
-0.0026493998000108386
-0.0027804647610704955
-0.0019319604978796485
-0.001440584676050969
-0.0014888171560262073
-0.0007453093452762093
-0.0001251635703016387
-1.158739073797997e-05
-0.00043939609486438316
-0.0008444313190235965
-0.00037047444276764566
 0.0003663461565174004
 0.0013935768254263773
 0.0017342479465448943
 0.0018093577036779815
 0.0021154115297100447
 0.0017591374254272054
 0.00021732752717962104
-0.0012307936999770071
-0.001093546763324576
-0.0009707128052304799
-0.0011259130477564003
-0.0013932869897320989
-0.002152367599778769
-0.0018234353884486057
 0.0001332196874891402
 0.0015375887915358543
 0.0017878734306740996
 0.0022268800353536593
 0.0015239055894169867
-0.0009337096237096383
-0.0019539009888480657
-0.000540856215076949
 0.0003706043366716698
 0.0009979297452123047
 0.0015219320095510825
 7.486606278657913e-05
-0.0009379002791602097
-0.0004385158434209034
-0.00040196581839904537
-0.0005428339296215389
-0.0002990410928904833
 0.0008049713081280049
 0.002226319088369922
 0.0020976678253500592
 0.0012758248557382587
 0.0005786926564962289
 0.0013410565145560444
 0.0018938561521427068
-0.0012223984416522586
-0.0028343712786488983
-0.00045177329387439464
 0.0016602557254797447
 0.0015161827469259879
 0.0009074557684945881
 0.002149762161481848
 0.0029292237073890743
 0.001257393206444241
-0.0006027576945455727
-0.0011998258311693836
-0.0011715325150676759
 0.00014593519579227953
 0.002194647410430571
 0.0021430023429059716
 0.0008307085823185828
-0.0005445993612818369
-0.002566008515895571
-0.003916380351169914
-0.004170553338020451
-0.0031837840948052525
-0.0014919125118513096
-0.0007594842604142637
-0.0010415937233490518
-0.0010247029139421738
 0.0010938966352345544
 0.0031710474916278593
 0.0017061735119372626
-0.001383114798305048
-0.00260090978582024
-0.0022317673670594037
-0.0015926342323981102
-0.00041585139398078036
 0.0004233542234877217
 0.00022475766416822594
 0.0005419913746422605
 0.0019481165180693122
 0.003401847476411839
 0.002619485869052361
-0.0010204387776145045
-0.0029696898586523777
-0.00149761786788964
-0.00027999802886091154
 0.0007578291562983088
 0.003011355750223291
 0.0038077957401769745
 0.0030699825425882254
 0.0017115398243679172
-0.0011253855290677605
-0.0016397094329824416
 0.0014196729538312012
 0.002616223877775507
 0.001000429611759118
 0.00035270872884788366
 0.001914559013770952
 0.0022585392862530104
-0.00045771032749851947
-0.002412416360924005
-0.003734021252347742
-0.0050586170689664875
-0.003760146179676318
-0.0013667915737186574
 0.0002581650705014808
 0.0005041067863714436
-0.0003326856027105576
-0.0009017921120047945
 0.0002578933522449513
 0.0028908280592470216
 0.003053259654764235
-0.0007077078585734222
-0.0038781375404879814
-0.0017028147944331258
 0.001958093818639489
 2.3381790780498614e-05
-0.003151491527579521
-0.0025282890930071657
-0.0017321418970551775
-0.0009287102689726039
 0.000947883051228844
 0.0013061993370548613
 0.00020934607271659968
 0.0003714069574637145
 0.0008280865404428111
-0.0004006238590969638
-0.0015607527712680161
 0.00041073488974159025
 0.002720313105725862
 0.0009369544813961794
-0.00026178636791067536
 0.0013754773394457117
 0.001661835320986982
 0.0003569284928254002
 0.0007643863023060308
 0.0016305231471693978
 0.0007409392232722689
 0.00017144992220792366
 8.876586486648448e-05
-0.0005411016570132714
-0.0013501142166279661
-0.0005853243715902728
-9.089618279527748e-05
-0.0009140625746875603
-0.0004830294554668536
 0.00024844052444864353
 0.0001055293342756073
-0.00033251178244737026
 0.0004683197184724333
 0.0019198794014863997
 0.002047472700736102
 0.0010086845930610154
-1.3336121313370439e-05
-0.0009346979192359187
-0.0024360814124149725
-0.002722083387122979
-0.0014755750518001694
-0.002333769146644134
-0.0032514027518366836
 0.0004433779675105389
 0.0026699226098179274
 5.1315699844051254e-05
-0.00022419731331819898
 0.0015918722163788994
 3.407840762404697e-05
-0.0009562984317474817
 0.0016345495488471694
 0.0030957316556910583
 0.0027349645345162966
 0.0029568311786514626
 0.0032747366546852725
 0.0006611847366167783
-0.0036441959122007843
-0.004782958165838946
-0.0029936228760654615
-0.0007746348741268165
 0.001278549212809512
 0.0026138545255960884
 0.00204723983307218
 0.0001188898115074187
-0.0015345876438672772
-0.0019521369451774965
-0.000976949467104607
 0.0010173091757691136
 0.0022012499004164954
 0.0004736968336392076
-0.0027604213226864226
-0.004090624842634145
-0.003143656539605486
-0.0015986527752879349
-0.0005976150029731974
-0.0023091582019987905
-0.003710982155822123
-0.0018945321693559353
-0.0012441408579444903
-0.0023788951400932827
-0.001973808261297853
 0.0005190895427108004
 0.002146950667769049
 0.0016521000430235874
 0.0020349396542600423
 0.004219133659519185
 0.005264612500312964
 0.004126712439610306
 0.0027448950267114666
 0.0010204251227871443
-0.0011542552249832246
-0.0011182575227210174
-0.0004489265438802476
-0.002775838643288971
-0.0030538328408286548
 0.0005867739272651198
 0.0012363005074261353
-0.0010638330309181488
-0.00115015216867536
 0.0006385047909405169
 0.0009270404152818588
 0.0003260843504878818
-0.0006950330898120728
-0.0011517442628200807
-0.00018529060565323748
 0.0004285840756742991
 0.00020957708491863675
-2.498618406339841e-05
 0.0014365624941532799
 0.0021752498282987436
 0.002190810577614295
 0.0011733640259966808
-0.0010803748206582049
-4.2606980106698185e-05
 0.0025733141250078315
 0.0028470844249028895
-0.0006122238054687762
-0.0021224606429157055
 0.0004527439164890999
 0.0007311201210591198
-0.0008347570753309361
-0.0012574860987932912
-0.001684716820406652
-0.0025737572785088725
-0.002142407076067441
-0.0017041545164162954
-0.0023027924557917985
-0.0021540931820714132
-0.0011703688735462067
-0.0009992670835896403
-0.0009825433354456689
-0.0011859822362509725
-0.0019353929073079757
-0.00021796822760636553
 0.001231325485582668
 0.0004960032707965583
 0.00012053645211881615
 0.0002093911999003272
 0.0013635682936626076
 0.002927941400079756
 0.003955243196938236
 0.003298314550317535
 0.0010356917377914515
 0.0004436564622524326
 0.0005961010195367003
-0.0005201566700885638
-0.0012918237721798126
-0.00031706290095071985
 0.00032189099671603574
 0.0002811081947269374
 0.0018904807506497242
 0.0027644885094483774
 0.002559688418968101
 0.003099062670238009
 0.0026413799849446984
 0.00031793687873028076
-0.0013091214945193026
-0.001205732184218891
-0.0021778292500270148
-0.003414421196467762
-0.002355331614163995
-0.0010762556564797466
-0.0007444310392685457
-1.1039540227185154e-05
 0.001062092388962222
 0.0006725005398319966
-0.0010418622238155234
-0.000764403200254735
 0.0009352998583744872
 0.0024216286160778774
 0.0018605235140025406
-0.0001343510530325612
 0.0013531015051087664
 0.002822137840815251
 0.0010484604740162817
 0.00023212213419274714
 0.00012205934726077461
-0.0013195224106088122
-0.0015144668430019453
 0.0006584057743102172
 0.0012588921150679464
-0.000805480512467427
-0.0020337348296092265
-0.0016053358483104911
-0.0006550121016670405
-0.00040322770995382504
-0.0007982395469125892
 0.00014545829599074705
 0.001666091096367585
 0.001124239282227797
-0.0011309087159963648
-0.00223621233046506
-0.0020779592798547044
-0.002578358384012849
-0.0023412644992705208
-0.001213296198618697
-0.0007226083187363039
-0.0004274612134294465
-0.0007002676676113791
-0.0008092556471686117
 0.0002265969117411133
 0.001592542602332775
 0.0019355890788985092
 0.0012142073102077676
 0.000982786519451144
 0.00094450064152364
-0.0006522654017963214
-0.001983852909488119
-0.0004495636497433273
 0.0017613205516631874
 0.0022947377161072614
 0.0021223491734022755
 0.001992502386855472
 0.0018848434342648218
 0.0010290137227101646
-0.0017251449509495316
-0.0026227929061326035
-0.0012173526587233663
-0.0011798079211021437
-0.0013988478311579642
-0.0006325220303928952
 0.0014564997668344078
 0.003276735320541446
 0.0019908906687907037
-0.0005975872128286375
-0.0006187988637891079
 0.001227802781296238
 0.0016529255970587436
 0.00013964081023376705
-0.000808638462221454
-0.0008144690746781254
-0.0014366029198973373
-0.0015131320951680609
-0.000359986748167101
 0.0010218460810232429
 0.002229286446480433
 0.002079597426144701
 0.0007995032749954868
-9.228312831091177e-05
-0.000158989372855109
-0.0003384213342880443
-0.0022590766851333646
-0.003639917461696695
-0.002800747950266528
-0.0007053007743076996
 0.0005334616330359288
-0.00014421220944423253
 0.0005487673643845958
 0.0008697041474345973
-0.001924085423980651
-0.002571049402631637
 0.0008509421825412095
 0.0028054959331181373
 0.0016432097658053268
 0.0009599072967502428
 0.0021662531421488807
 0.0022142198642952997
 0.0008478304657576584
 0.0008061009656117518
 0.00039899022521915057
-4.204882853573851e-05
 0.00013375669622551586
-0.0005961511830674563
-0.0013941753882391868
-0.0017368374813851552
-0.001689549776877776
-0.0014173985732213394
-0.00017991737011943798
-0.0006819690140412839
-0.002983377220941411
-0.0021061434170446076
 0.0003362139599226628
 0.0009486346013154875
 0.00014010641106937876
-0.00036766826964752136
-0.0004916664533709343
 0.0005696676981759498
 0.0017371422694823187
 0.0002873134576880252
-0.002323773631360693
-0.002525396898427367
 0.0007644237600076422
 0.0017295058871318338
-0.00010117011910785022
-0.00020134676735582692
 0.0005627628270268518
 0.0011371580476133227
 0.001207254329568645
 0.001182363989365513
 0.001235572782743356
 0.0007407590817387446
 0.00017757207249990395
 4.453341549989397e-05
 0.00027886134620139
-0.0001289904497306038
-0.0018783116471258366
-0.0026049517896563202
-0.0025960692914314375
-0.0022130184076074523
-5.778884743272957e-05
 0.00018670234414698195
-0.001585985865527915
-0.002567126740869881
-0.0013867859588401613
 0.0002888506806315959
 0.00015829226654719809
-3.271911294057332e-05
-1.2286189238474761e-05
 0.0016554246226638605
 0.0029234091809694743
 0.001273644707215518
 0.00018696531063640224
-0.0005950112592749385
-0.0012044779543464335
 0.0004720143738956879
 0.0022646138620466996
 0.002291323756718722
 0.0019299772398948419
 0.0020306461980638055
 4.447877193802649e-05
-0.002812013598047142
-0.0018828097821792713
-0.0014327426359391675
-0.003051076772353162
-0.0018844942111306137
 0.0007223048147028343
 0.0006940525661117832
-0.0004169990647262116
 0.0005727440602126884
 0.0011006202268799058
 0.0007702824930224955
 0.0014306505956847217
 0.001426398445005582
-0.00015585731892201908
-0.0015498244712541921
-0.0016076160084731912
-0.0015319122349644414
-0.0008660366160222651
 0.0010634307660345756
 0.0011303433506440195
 0.00032417063966550246
 0.0007064380540414217
 0.00023817502122353942
 0.0003263682559223496
 0.0008972592914125669
 0.0004345944906062197
 0.00012629193970561215
-0.00022917231730444092
-0.0007386205206828886
-0.00029266363532469777
 0.0002686934432303785
-0.0007215177578209386
-0.0022595090254538385
-0.0005758307564820347
 0.002712495133299892
 0.0024986940339154127
 0.0010102493984520565
 0.00028947015705362575
-0.0005388313861871719
 0.00010239830394540806
 0.0013006623633696297
 0.0008569455964881371
-7.14294917304589e-05
-0.0008114955170597263
-0.0015467424838849233
-0.0015997339021200114
-0.0011906935175823902
-0.0005082142364144998
-0.0005219980249184433
-0.0007484260727067022
-0.0006460174078869213
-0.0013084042835595474
-0.0009756687314706622
-0.00010370494122264782
 0.0008824544075756534
 0.0006737550669266026
-0.0012459159629095286
-0.0012862562700694368
-0.0004324159095176194
 0.0013344230543606763
 0.0028098486364943544
 0.0013392946709424687
 0.00024862824867364757
 0.0012899468663472784
 0.0008307787785345814
-0.0006189665105055936
-4.901584477112786e-05
 0.0009549977035133464
 0.0012646788210184947
 0.00047000142651451045
 0.00012551854109192514
 0.0006425001512449902
 0.0006595036516417
 4.321605736715575e-05
-0.0012666849240551249
-0.0008828201868820082
-7.691428365217329e-05
-0.0013404583944401686
-0.002605487643013858
-0.002968636325476199
-0.0018289269616591603
 0.00017685802520406717
-0.0004332501000055793
-0.0017114073126375327
-0.0003195152987327919
 0.0007797460851109116
 6.1802077761202e-05
 0.00019522788313125502
 0.0010454878229312831
-0.0001225895659258707
-0.001796031864598377
-0.002277998732080828
-0.0019716539953713685
-0.0016259357908886994
-0.0016583782255262275
-0.0006210436519242792
 0.0005427473227934632
 0.0007344589646197141
 0.0003907527395091985
 0.0005922081729041204
 0.001374339016476437
 0.0011080255371450707
 0.0006716528597512097
 0.0013883843228996242
 0.0023584883019358207
 0.0026847335317074584
 0.0022421441176085797
 0.0007471454243068014
-0.0006434427193367002
-0.000639729615371249
 0.00012820620617526096
-0.00027775700955290356
-0.002244414390548001
-0.002266586097642221
-0.0008021118069202253
-0.0004105389181008103
-0.0003113767348303548
 0.0001608814459636883
 0.0015965286316898832
 0.0014250684352171091
-0.0002625047649586679
-0.0006727283589840158
-0.00025112185557911443
 6.179836345387308e-05
 0.00037207629712524514
 0.0006883563177828099
-0.0008405892043158688
-0.0006878189259891642
 0.0013297007637426334
 0.0007123272001511049
-0.0003695555614498416
 2.2508087081598357e-05
-0.00029219208856882614
-0.0018121926274233663
-0.0007053009864117053
 0.000607801479902078
 0.00024050952580502387
 0.0010154006212028176
 0.001226690819149591
 0.0005699433784448743
 6.86414216168645e-05
-4.006339284466377e-06
-7.531946558671602e-05
 0.0004956090550883123
 0.0016911791816365386
 0.00031262936690171293
-0.002340605296427714
-0.002466571995909259
-0.0015332054701602531
-0.0018694484430684178
-0.0018298497993233793
 0.0003017741832897678
 0.001880368596196209
 0.0006327207667351494
-0.00041507365593162994
-0.0001881361106355805
-0.0003881833661607622
-0.00018144163282259707
 0.0011157420031576405
 0.001291061080489591
 0.0008071948135489465
 0.0012842320529073302
 0.0009911572724231015
 0.001435137594129411
 0.002202028952157263
 9.203261616873527e-05
-0.0021553754156186174
-0.0014611542589956562
-0.0006821280409200333
-0.000951533849938893
-0.0003714272310533791
-0.00040737848907211176
-0.00037993804550260626
 0.00035233378514283294
 0.0006549529762316399
-0.00020739638050090047
-0.001368567179916345
-2.1667982015322237e-05
 0.0007807192069873058
-0.00014394022315961796
-0.00044166819274948514
 0.00013115839410989623
 0.0002131703969178591
-0.000767602254681267
 0.00010298020584255987
 0.0013396479562660663
 0.002294468603068105
 0.00309317152994097
 0.002028405930949694
 0.0016050282837658586
 0.0010273618086896498
 0.00033146796756569017
 0.0009709274951584532
 0.000854524935470252
 0.0006771259939435134
 0.0012583808288186256
 0.0011312401569471852
-0.0012248963353746342
-0.0028791608249941667
-0.0002570794442226974
 0.0014764250135926393
-0.00028729670127379607
-0.0002494682057611067
 0.0010800950825819073
-0.0005116137575327959
-0.002563867362789615
-0.0013907809242415894
 0.0002995974974735262
-0.0005322809225539672
-0.0010009848373497383
 0.00043885845316996805
 0.0005558430726405968
-9.568328613129954e-07
 0.00040063331815717564
 0.0006292610756759999
 0.001574449394052579
 0.0017304942255807183
 0.0002723300255137255
 1.6764754570863482e-05
 0.0009370041490617951
 0.0015007179472237902
 0.0002533695564752848
-0.0006380605233201782
 0.0007807254844557815
 0.00026943426935823134
-0.0007194156118478128
 0.0004529090908887336
 0.001173350988544617
 0.0012522981731533528
-0.00047760957820966183
-0.001893367560935269
-0.0009221117437522228
-0.0004848296021723561
-0.00022139920719178827
-9.890546165863708e-05
-0.0005196095199837118
-0.0006249591176570031
-0.001084999582508867
-0.001000170997260055
-0.00027185721959808984
-0.0005313969257800198
-0.000889104403616948
-0.0006258333592750049
-0.0006278867025318381
-0.0011181646281562575
-0.0021687944494135684
-0.002251653830538859
-0.0005755723364528394
 0.0015216996267600684
 0.0024715194157800065
 0.0012184135604820286
-4.847351912557912e-06
-0.0008598540243786957
-0.001047298768933411
-0.0007463827647287097
-0.0013852554243561441
-0.00043748361485649874
 0.0007748732667466827
 0.0013682600229765933
 0.0016709038527543062
 0.0006101213269159702
-0.0006462950348020183
-0.0014975748351307536
-0.0011467162530075657
-0.00019484121335241463
 0.000907294123340314
 0.0019465589772544062
 0.002152317213295566
 0.0011757412711267956
-5.127594186313514e-05
-0.0006638579158044943
-0.001856706669571491
-0.0015928970259981693
 0.00023181221531250155
 0.0008200177538256967
 0.0005260113342405935
 0.00042157199810480544
 0.0002696915044796363
-0.000881693048232562
-0.0015831001015968104
-0.0013830662794534693
-0.0006310869061891019
 0.0006238711629008128
 0.0005380392418514182
-0.0002263941604721671
-0.00012637999241518104
 0.0006076101557191341
 0.0011736374452581929
 0.0020017412812316474
 0.00223684745263841
 0.0011388106924685693
 0.00044157346574196307
 0.00038897157465585177
 0.0007218706763599283
 0.00047841679277608285
-0.0007070850968693731
-0.0014461479052524885
-0.0010883211547864783
-0.0006590635018267928
-0.0013613201157890054
-0.0015121504675009027
-0.0006423294793717902
-0.0007171669981411815
-5.2186151684544534e-05
 0.001974888022073619
 0.0019044589519459276
-0.00014086268985820846
-0.0010908503350840473
-0.0006446575457951118
-0.00022412065130605568
-0.0004892882243725515
-0.0007753396270487288
-0.00036098923286542473
 8.334742332782458e-07
-0.0005815343796312484
-0.0009442585118150937
 2.1257485560169783e-05
 0.00015549624054977734
-0.0005750488095383482
-0.0004648370432652338
-0.0004852379508042974
-0.0005177906426620463
-0.0005626387979349054
-0.0013228311930795606
-0.0013518525851425722
-0.0003207736103888059
-0.0003780237109754113
 9.028888836610271e-05
 0.0012934394030120078
-0.00010955713501189642
-0.0008001199683610426
 0.0005404621971502721
 0.0009106487185318074
 0.0011082179996367606
 0.0011431729911164626
 0.0003430278665900038
-0.00028288311711989977
 0.0004468824483703863
 0.0016129452029486626
 0.000960387822462064
-0.00012971299759038306
-0.0005562910977331708
-0.0009843752492389416
 0.0007851173158849884
 0.002421112645496294
 0.00031989340778025387
-0.0010914031762478712
-0.0005533745823508362
-5.67157679480865e-06
 0.0009173545601880172
 0.0007666322965375239
 0.00015487063436933968
-7.196420807057918e-05
 0.00025629059890623916
 0.0009264777452086322
 0.0003893551940836432
-1.015362329106177e-05
-0.00048756955170412046
-0.0007934125890559106
 8.460152070590965e-05
 9.721218635477684e-05
-2.1868334932246273e-05
 8.435704305624256e-05
-0.0004645798227346151
-0.0006286638591465236
-0.0008976540422982176
-0.0017501734667017966
-0.001794965358605473
-0.0009765637849006412
-0.000460742514894631
-0.00026497625512299407
-0.00034219326365900345
-6.878158052161004e-05
 0.000560102336008542
 0.0007901685400966167
 0.0004092029573527357
-0.00015532002324538714
-0.000247801140617589
-0.00046135844614565003
-0.00012159902521116516
 0.0006959376570170088
 0.0011712626274991073
 0.0013005396209074221
 0.001509032924037527
 0.0007982550786168388
-0.0004936593967351499
 0.00010161421482518263
 0.00044515100187533774
 0.00032370774849337157
-6.641736079943984e-05
-0.0007852408620954512
 0.00038904321121450546
 0.001598362752686806
 0.0010722398008832566
-0.0004142522880955126
-0.001094711844832356
-0.00011716152184359271
 0.0007315334720455281
-0.00024303977438125903
-0.0010335253609520744
-0.00020323983080978124
-0.00045443230276012323
-0.00045113891944482335
-0.0001120593004349981
-0.0010310590524494972
-0.0008378536639714998
-0.0006747515365824891
-0.0006289707561116509
-0.0009057192282504986
-0.0009311404339855497
-0.00014388194979913284
-0.0013654684780299488
-0.002048027668571094
-0.0007007593084948049
 0.00045422249045895524
 0.00036249704537675355
 0.0008829797799041261
 0.0024731221399026363
 0.0020609145934393828
 0.00044596426768353303
 0.0006533287382649935
 0.0015650914838725232
 0.001382120368030689
 0.0006572700687437668
-0.0002747856824179963
 0.0001937948165343705
 0.0011064464276456139
 0.0010986369106581791
 0.0014418877706843943
 0.0010299869986917856
-0.00032911266759154883
-0.0006853810667496617
-0.0009657288670452987
-0.0011960408242754881
-0.00042471248249920205
-0.0013046033800044275
-0.0023233718338239798
-0.0013502356258856373
-0.0007873758342235804
-0.0018952874406967996
-0.0028244192114446906
-0.0015860917888332116
-0.00042343004869560964
-0.00043473422453099144
-0.001170445618388276
-0.0009081565886606861
 0.0008006004686978144
 3.794815005375625e-05
-0.0007651245044745109
 0.00016057911147371827
 0.00030045184264448324
 0.00011145619495042493
 0.00041088086164749215
 0.0023825554168191523
 0.0032310706553685775
 0.0011647119391097415
 0.0004165872186118383
 0.0017581731909515421
 0.001770288595231168
-0.0001354449629880753
-0.0013304856737628185
-0.0004489829439014404
 0.0004061497316221987
-0.0003164699490271075
-0.0005359747634910375
 0.0006960819603338618
 0.0015203466268037518
 4.08532623160146e-05
-0.0021973641385895325
-0.0028251735422105367
-0.001709686010833424
-0.00021722451962324286
-0.00032924350122645043
-0.0003082866331224571
-7.601047703241917e-07
-0.0009167866503758341
-0.0015415318346516087
-0.0018294910527773204
-0.0018618964738480602
-0.0006934362421599502
 0.0002625966560277242
 5.940775378134735e-05
 0.0012306654018261194
 0.0025047218314261433
 0.001406361308463235
 8.814730516377063e-05
 0.0001276736707916479
 0.0008784429562428359
 0.0008897242229816051
 5.804582766709808e-05
-0.0011236998092955658
-0.0006479056844920399
 0.0005724422283301314
-0.000649824927594356
-0.0013622400853610195
-8.727020966244052e-05
 0.0008619874097987971
 0.0007847645485399172
 0.0006759797997105895
 0.0007581708084975094
-0.00021863356139592403
-0.0005953012819849684
-0.0004361411898070327
-0.0003712440188695413
 0.0009442731176313518
 0.0007755216523560116
 0.00023964600504435216
 0.001412315709647675
 0.0011839607247560813
 7.869600188751215e-05
 0.0007200549150331825
 0.0015540884652731686
-8.099853937900561e-05
-0.0016735092406841823
-0.0012129295576993593
-0.001215819486453475
-0.001633420675650211
-0.0012836000575968188
-0.0005297360950384226
-0.0002023290257969978
-0.00042537217910813786
 0.00012785402375770387
 0.00048388795353152697
 9.04180369318229e-05
 0.00033762556134736115
 0.0003998842533457852
-0.00011348981829252284
 0.00022649121509588744
 0.0015439288424365326
 0.0022582930359127196
 0.0015311847027306518
 0.0006742920952127153
 0.00023157619437013055
-0.00027250753193600594
-0.0004903554864773688
-0.0008134659679699868
-0.0008279210394013958
 0.0006181470555256934
 0.0012162583922783433
-0.0003604268922286661
-0.0011293817186606887
-0.0005473318726151804
-0.0006956992873737098
-0.0010173763354227572
-0.0005795350344085568
 3.794286254187185e-05
 0.0005105454540547222
 8.788238732859675e-05
-7.702635391568886e-05
 0.00044311810316001693
 0.0008139877970920041
 0.0009746696060406566
 0.0005768384205143575
 0.0004986205551002775
-0.00018093073217343282
-0.0005038410004636898
 0.0001179896425266812
-0.0003754044951304029
-0.0009235669492720812
-0.00029441764475360185
 0.0004896736494944527
-2.2788608763981986e-05
 1.6792452161909732e-05
 0.0005188659701877916
-6.135142836798285e-05
-0.00013250949480420634
 0.00013658728202049916
 0.00033715966267153534
 0.00017081736758403458
 0.0006048984958465861
 0.0008372312774755786
-0.0006899087095326111
-0.00037671766864671633
 0.0005626478292215376
 0.0004995426648287169
 0.001138627606661237
 0.0007636571981222363
-0.00011961081060147204
-0.00022765062939083516
-0.00043247526053750616
-0.0006433719063407696
-0.00023673133098057035
 0.00047672538773893417
 0.0008453945042309661
 0.0005674740014039029
-9.108219692733549e-05
 0.0001105426173704134
 0.0009824908083424198
 0.0004866617870955359
-0.000965847969442283
-0.0007799457336629873
-0.00046332826464553063
-0.0014951306657425927
-0.0007144352642812884
 0.00023233046087631502
-0.0009707869665350125
-0.0007948800781822264
 0.00044360022283299093
 0.00039828838674594766
 0.0005079920164468607
 0.0009283940726531651
 0.0008755025467323377
 0.00010268641608474531
-0.0006942931192021884
-0.00028973813881086325
-0.00015233347536091832
-0.00010204600676814678
 0.00032382486058154484
-0.00015018326857271238
-0.0005684555004683774
-0.0004492166123154743
-0.00023831347275252865
 0.0006682201910712495
 0.0014754937492841627
 0.0016278433670758332
 0.0012244824292832375
 0.0002753250343817379
 0.000329271271062678
 0.00029783995321584945
-0.00010938344565707385
 0.00044764208895055373
 0.0005078399406794538
-0.0005005654780442512
-0.0007357003906130284
 0.0006732558038761407
 0.0007410600125366401
-0.0005851684336878572
-0.0010660798554157783
-0.0012007055580651915
-0.0006870079742488937
-0.0005722603605110854
-0.0010803487511273204
-0.0008878511264496798
-0.0002543040237689166
 0.0010434847647251386
 0.002081685455167396
 0.0020400965244332827
 0.001289622298453138
 0.0007421192614680947
 0.001139051717252803
 0.0010645732526428382
-0.00010340518687857611
-0.0004523266008478384
 0.00045811498375135444
 0.00048645343717816067
-0.0001216795841901392
 0.0002467863355750812
 0.00015037966202288916
-0.0009921589795341954
-0.0003778632383499472
 0.0009085330734029918
-7.375603254585547e-05
-0.0012014089218986925
-0.0006373852114453732
 0.00027889338972035327
 0.0003006446576351303
 5.709640930017925e-06
-0.0007338792094969543
-0.0011599922147640836
-0.00010791473869290301
-9.298424679036316e-05
-0.0005242573005405723
 0.0002743753637689257
 0.0009285492087854433
 0.0015168345603273458
 0.0013478464220758486
 0.000401392187630361
-0.0004677633196593708
-0.0010122129015552419
-0.00039169394717059866
 0.0005933699208705225
 0.0001254361535429367
-0.0004840051636361096
 0.001006252790809971
 0.0012757198927443344
 5.601442539508905e-05
 0.0007677693828793889
 0.0018184184473807683
 0.001605125255116683
 0.0013034891301836814
 0.0011286357287429878
 0.00010793831338819056
-0.0005945701950856026
-0.0008710434709687572
-0.0009532725179181196
-0.0006439079706747828
-0.0008096467632073027
-0.000730188895395829
-0.00013662739219945112
 0.0004218460642123996
-0.0006033553384293387
-0.0017765033872668343
-0.001094903717599299
-0.000821938182399253
-0.0007149202462149087
-0.0005657405736304716
-0.0009313828904579871
-0.0004960729038895389
 0.00012805752271530604
 0.0003185537566382483
 0.0011612447910523465
 0.0018995917310828123
 0.0008208609445216017
-0.00019827903843844607
-0.00019279999827643613
-0.0006373057589274167
-0.0003526258327278903
 0.00045631267082222676
 0.0007770654201959075
 0.00018556670681852146
-0.000960666388857658
-0.0008905064152673135
-0.0006376796601828109
-0.00011973692933807914
 0.00030561193151359126
-0.0002109280271011662
 2.4906355052336885e-05
 0.0006323509566316551
 0.00019390861094972775
-0.0005754676767108229
-0.0005941595986118811
-0.00015524471801415274
 0.00020998276676673162
 0.00027407754673891603
 0.000484778525821078
 0.00048597443041073913
-0.00023449666054111125
-0.0003549941203872349
 0.00079768243103494
 0.0006183003806159586
-0.00030871704087966523
 0.0002934627916801839
 0.0006019317075421901
 0.0005902005661185112
-7.115520101211093e-06
-1.4227357461283895e-06
 0.0007898015763083459
 5.471359361926704e-05
 0.00014026015197472292
 0.00036232523814226154
-0.0005962684306824748
-0.0007499773540203997
-5.210517849224356e-05
-0.0005395511807509625
-0.0019282759332155052
-0.0020323863848197006
-0.0016307831275119999
-0.0006699007152588907
-1.6143724814571878e-05
 0.000100953957325158
 0.0003260265352728503
 3.116121586335274e-05
 0.0007522819571974612
 0.0011548534765367109
 0.0003466741608127378
-0.00014797200318823723
 0.0004678140831001499
 0.0009408422192310075
-0.0008948416019283191
-0.0017955552595847486
-0.000340157749241778
 0.0005624476465767324
 0.0005562037479827602
 0.0007954108704669934
 0.0005567582025727993
-0.0002593980240721059
-0.0003281940883547218
-0.000664754275006843
-0.0005175036713233181
-0.0002634189542228183
-0.0005473306818146692
 0.00016786604544897498
 0.0009073684522828329
 0.0011565269217599222
 0.0008995706970908317
 0.0008186481380358883
 0.00030969373528188035
-0.0005269674611386564
-0.00024631013704796723
 0.00041551402237240587
 0.0004887020642021189
-0.0005837222282363368
-0.0010081061968898264
-0.0007132547503631828
-0.0006245403173576956
-0.0007284896242863994
-0.0008581605419232499
 0.0001614254128027028
 0.0007725923513222802
 0.0005311655336752979
 0.0006851581963297092
 0.000592239899201551
-3.3921822525749404e-05
-0.00012713789520676913
 5.332777155475079e-05
-0.0004313712265207183
-0.0005364218697317979
-0.00019140409909702299
 6.496267753583715e-05
 0.0004261815649955833
 0.0003101063669326472
-0.00033437429899844956
-0.0003591617965132081
 2.2819179098556372e-05
-0.0005730587608200849
-0.001188366337472036
-0.0005990852455736589
-0.0003220131887074567
-0.0007896637493568724
-0.0005366218827681071
-0.00022511123038615233
-0.00039969263351810494
 1.3978835953613614e-05
 0.0010063083832883297
 0.0010729963232754926
 0.0001320535321632162
-0.0001465369513006871
 0.0003600398183601579
 0.000585358018339892
 0.000567887832926611
 0.0007332544559125199
 0.00029764563127724703
-7.813399846457181e-05
 7.678658620065534e-06
 0.00025521872628567844
 0.0009814887258047513
 0.000794009445623836
 0.0004644780053689861
 0.0005845083945845226
 0.000707276828811602
 0.0008744978465653657
-0.00019925139131291055
-0.0012549016389118344
-0.001200862683105263
-0.00020802238705424102
 0.0003152771696656199
-0.0003929832795252365
-0.00048753285885711644
-0.0005642472276891562
-0.0004010631457436496
 4.7492463607052317e-05
-0.0008021413200829168
-0.0010307756963454802
-4.385757672663155e-05
 0.000514935062475692
 0.0003001513678576482
 0.00021446284563695882
 0.0007710287118135614
 0.0007809467237267512
 0.0012663665560758086
 0.001962774534869443
 0.0011952735587656554
 0.00022539390455038593
-9.871176238024876e-05
-0.0001972369065637369
-0.00030699274752506866
-0.000497236087012106
-0.0007181411444255651
-0.0011400202562995075
-0.0015440379238266055
-0.0009640170741272126
-0.0007102402449571162
-0.0013455367660349295
-0.0016389576821119784
-0.001449063663507825
-0.0011522250178465326
-0.0005794042989720864
 5.6396297304143056e-05
 0.00026913739187800365
 0.0006786109525477671
 0.0007997537386598407
 0.0008879733096224426
 0.0009752928016919645
 0.0007736845466301862
 0.0006309389914293533
 0.0002939709469536562
-9.043726308557321e-05
-0.0002081762687230568
 0.00013127324335042456
-0.00015651274787082393
-0.0009639719859194685
-0.0009634732707719894
-0.0007870622492690227
-0.0012468135106706432
-0.0007884399346513548
 8.594580630462226e-05
-0.0006279420191894554
-0.0011630033634479494
-0.0005236925478350791
 0.00015267469689924257
 0.00047628621762647053
 0.00043590978463797325
 0.00020387571680551318
 0.0002306561354036273
 0.000307286891591265
 0.0002709125901875178
 0.000620029926189121
 0.0005620008139091406
 0.0005586651854480669
 0.000567585813971141
-0.00031376974309926716
-0.0002615060678140838
-0.0004153379742875254
-0.0009730367881243863
-0.0005827741281791385
-0.00035719050022810765
-8.446133050938527e-05
-4.571639857523732e-05
 0.00039988314249278224
 0.0011482194182723252
 0.0006989026178438424
-0.0003793466361933333
-0.0005374440107013094
 0.00031300020396524077
 4.203983296637308e-05
-0.0003595566783566917
 0.0006413698392455371
 0.0010387569818146828
 0.0007212340884860417
 0.0008518421962652564
 0.0010089246429161665
 0.00047814055693350035
-0.0004708008561129295
-0.0011535701655948612
-0.0011974344145674685
-0.000691556079165912
-0.00036294693354861195
-0.00025926204459849884
-7.28567825617276e-05
 3.769185973427099e-05
-0.00019099382993673187
-0.0004365529141496642
-0.0005104318811714009
-0.0007687893999097158
-0.0011195371250431847
-0.0005354260413611741
 0.0003101751785346867
-0.0002515413622845004
-0.001194877211395563
-0.0011574435979150362
-0.00019550459444364575
 0.00030648990977909197
-9.56258966541244e-05
-0.0002598652192336339
 4.364011302969595e-05
 0.00025877478253637833
 0.00027037283142053496
 7.947404100705931e-05
-0.00046451737686326847
-0.0007939783238153524
-0.000681424058656821
-0.00034107308077909956
-0.00042797951877973384
-0.0004108726310743703
 3.0267182205612414e-05
 8.290903398436933e-05
 0.0001913663244134186
 0.0001699740484488776
 0.0002323052845930993
 0.00046229858457883834
 0.0002893248178153285
 2.380132664501176e-05
 0.0006047419077928422
 0.001193488870194538
 0.0004257829319769838
-0.00040167436608765317
-0.00022452801191448564
 0.00017651206330326653
-0.0001440822372940655
 4.6411619879909386e-05
 0.0007521549516723829
 0.0006006183436222922
 5.629816947330464e-05
 4.290522602167777e-05
 0.0006464764595914982
 0.0007131558997606398
 1.5966680292302884e-05
-0.00019356692307045194
-0.00020174044814996465
-0.0008076597656572283
-0.0009766301500769515
-0.00070131085737414
-0.0007343493798993851
-0.0008547386135091395
-0.000472588575672583
-0.00030457629684088773
-0.0006511532971713486
-0.00027567080910343095
 0.0001807905377929061
-0.00048156600388059566
-0.001227664793898958
-0.0005797198765595949
 0.0001129470216534644
-0.00010157552382725043
 7.495558882974502e-05
 0.0008705758122062932
 0.001071730366175325
 0.0006710464325366972
 0.0010300056378594348
 0.0015277785142660096
 0.0010380761656579292
 0.0007869497543433139
 0.0009026322533358819
 0.0006384779981098575
 0.0004791744202896578
 6.151879730216773e-05
-1.498831697875968e-05
 0.00028967901383710945
-4.594170284992907e-05
-0.000660931944356208
-0.000666796340146047
 3.40597021794594e-05
 0.00018267955844230985
 0.00010194399049535998
 5.551002515482882e-05
 1.035732434024197e-05
 5.213188296739101e-05
-0.0006331432597239924
-0.0009593309447111989
-0.00045798093806850805
-1.606668256318051e-05
-1.4343164532159023e-05
 0.00011313894345678419
 0.00037442515714686546
-0.00012954615170494545
-0.0003776617104028607
-0.0001899562612661164
-0.0002488064575965923
 4.180604725170216e-05
 5.8257409363818256e-05
-0.0007311275266687617
-0.0005487809297829125
 0.0003700488979110469
 0.00035195955246447976
 2.17640666085661e-05
 0.00012742010288769738
 0.0001576959115273137
 9.182296387029132e-05
 0.0002391552279475961
 3.168451324467955e-05
 0.0003422197601966107
 0.0008553063385358107
 0.0009859335523470694
 0.0014027463874016338
 0.001194535657793992
 0.0005134488417295551
-0.0001608869799137945
-9.445610248817096e-05
-5.305547627851454e-05
-3.935261264421312e-05
 0.0005418205384959507
-0.0006703437525058151
-0.0016321304843862055
-0.0011287129260481525
-0.0007537717458643615
-0.00021853671929026407
-0.00044316329125737884
-0.0008749101262239093
-0.0005529487291198244
-0.0001669735576079288
 4.327203897279247e-05
 0.0005726603421739815
 0.0006281728746133462
-0.00012968522267637394
-3.6199538745753226e-05
 0.0009820432978743963
 0.0010744052242291837
 0.0003091672888614829
 0.0003987851026775127
 0.0003792933239999896
 0.00038374978614386964
 0.0004571563587907494
 6.024978308051449e-05
 0.00034541388691678235
 0.0003047289662545324
-0.0005130601407008102
-0.0012114445085886043
-0.001063617242390581
 7.645943155988301e-05
 0.0008152996280091192
-0.00020563844298331088
-0.0011153756671318583
-0.0005992444597355959
 0.00041325835565605133
 0.0008045672941285372
 0.00035224515100364996
 0.0005488427011009935
 0.0008022961517214787
 0.000945541209842632
 0.0003089846293967776
-0.0006110687834590007
 0.00036948118318264647
 0.0007111462510271424
 6.072000412215335e-05
 0.0004275038534467169
 0.0009344767582418224
 0.0006343202304578961
 2.951759087255698e-06
-0.00019977539615774383
-0.0005260331405678825
-0.0007687931542593572
 0.00014677838269684602
 0.00015078507812666317
-0.0004469356395599624
 5.06846035983198e-05
-0.0005326198490905343
-0.0006930277073205929
-5.497013715779675e-06
-0.00010596161522954394
-5.314177663084374e-05
 0.0001449139946443464
 0.00040604154580689843
 0.00046333319532688755
-0.0002567930424191214
-0.0003569443569683301
 0.000958947474412563
 0.001291146811485425
 0.0008416022957377794
 0.00048503891686450676
 0.000361522513326231
 0.00010123538439886711
-0.0003558939275687564
 3.586359653170675e-07
-0.0002230431229597203
-4.420214989194034e-05
-0.00011339650575109817
-0.0007548927607342453
-0.0006118346198896887
-0.0007954102945472335
-0.0005438265782659202
-0.0007520749896618741
-0.0007727808888553787
 5.164792231528082e-05
-0.0003872145163512363
-0.0007978672096510734
-0.000317146053161362
-7.300990773116272e-05
-0.00026778155271184437
-0.00026507317145887325
 1.2035527318319397e-05
 0.0003131769307458148
 0.0001904623392879182
-0.00011585993574724795
 0.00023974122859729977
 0.0004472294351882026
 0.00013532095446731486
 5.161601987622591e-06
-0.000124699266133403
-0.00023952570276285318
-0.0002578512585269983
 4.6105844728609185e-05
 0.0005626828771773653
 0.0006395131419307509
 0.0001247813007480557
-0.0008633780366825586
-5.7555785125283404e-05
 0.000675818058257025
-0.0005485399777222311
-0.00040486101071268634
 0.0003504666548711748
 0.0005995748047424537
 0.0003137992522745158
-0.0002964962954175217
-0.0001053525285782805
 1.0087507143596949e-05
 0.00012414386263091053
-0.0001753273245467309
-0.0003200872865305996
 0.0002938831428323305
-0.0005741565950384041
-0.0012326108405921882
-0.0006299177438697332
-0.00026033085056982266
 1.546166460669225e-05
-0.00045699720820202897
-0.00048214923168944266
 0.00035301112993696974
 0.0002411932024608356
 8.828420848771445e-06
 0.00032613710075712015
 0.0004944056172283706
 0.00019135142236032204
 9.689343100631053e-05
 0.0004674337188693758
 0.0001099364524323834
 0.00022476408077901978
 0.0006328357997785528
 0.00013457614187271883
 0.00023540057110224698
 6.893916720037797e-05
-0.0002878621684607429
 0.0002857484963552863
 0.00013036585183025517
-0.0004652069386112073
-0.0003600747183114813
-0.0003699404998615127
-0.00023629813031067546
-0.0001129246597576494
-0.0002848405943136468
-0.0001065832337436666
-4.9877271527758825e-05
 8.789586351599291e-05
-0.00021440678182613215
-0.0006810988905017669
-0.00033209212322140853
-2.9250868509519262e-06
-6.926934354165742e-05
-0.0001493297385205029
 8.84481618601984e-05
-5.879185440086606e-05
-0.00014790471208055064
 9.093744862913219e-05
-0.0002222654089743202
-0.00043368487428254685
-0.00015306046793071254
-5.495036266801954e-05
-0.0003485135852657061
-0.00044438568437488586
-0.00038331869892620744
-7.873214764380306e-05
 0.0002665921572994813
 6.98904733205404e-05
-0.00010239187287150799
-0.00024500492689563344
-0.0001555364511812687
 0.0003165828999919131
 0.00030184087211859354
 0.00012312057603900962
 0.0003070171116109488
 0.0002451788578896484
 2.9793815851404488e-05
 6.935401896257237e-05
-1.710714023999034e-06
-0.00012978339668618785
 0.0003215451736176917
 0.0006139617794755882
-1.6249935834294057e-05
-0.00014788668306734096
 0.0001809288931386264
-6.875544685986747e-05
-0.0001565039025272436
-5.8019637651574806e-05
-0.00020604222346114385
-0.00024768316503796545
-0.0003267984590980735
-0.00027733798472908365
-7.549337245016278e-05
-6.444699648989779e-05
 4.205591687435305e-06
 0.00020124152252679978
 0.00031243705348695926
 9.017383220091374e-05
-9.882438207783462e-05
-6.001193944592803e-05
 3.3367914914058333e-05
-1.446910940088062e-05
-0.0001311168646421882
 9.656594716590596e-05
 0.0003086196720032663
 0.0003448494943340999
 0.0003617993683924631
 0.00023969578304444894
 0.00014207947080734025
 0.00012063102691187067
 9.391318754998286e-05
-0.00019517445129971675
-0.0003195031148093593
 5.185887306664635e-05
-2.3329770672056904e-06
-0.0002445711312569385
-0.0001751398443932325
-0.0001262954157923296
-4.162086208085629e-05
 5.762972944638797e-05
 3.0085309544505897e-05
-0.00012809748150755204
-0.0002277460863923625
-0.00011399623593826438
 8.436674930332297e-06
-6.114133491379162e-06
-0.00011757323909525399
-2.022763917411058e-05
 0.00015957191985886427
 0.00011546457321594908
 0.00011309897766022142
 4.334698611715806e-05
-4.3190693806818744e-05
 2.098472489500116e-05
 7.840064182021711e-05
 0.00017388696574995754
 0.00028450076973684103
 0.000302525940672765
 0.0001324298664271839
 8.560876707157248e-05
 0.0002432073755665966
 0.0003265310206007457
 0.00023607648355317487
 1.3799803694457803e-05
 0.0001007628346297714
 0.00019631564547301398
 6.190466593776162e-05
-0.00012409994542297032
-0.00019922244830070077
-6.564608981956636e-06
-4.969213454695437e-05
-0.00016113778205072355
-0.00013979321669511246
-0.0001422576618716744
-0.000138057980515621
-0.0002041745089112274
-0.00019710526751584183
-0.00012227558314109732
-3.163234233475116e-05
 2.1187206790139058e-05
-7.059378830153532e-06
-4.085107284844403e-05
-0.00012605618664757756
-0.00011953735900481754
-8.081275904245977e-05
 5.6395753994457085e-05
 0.00016665487306185292
-1.756974936008854e-05
 4.2778812804208355e-05
 0.00010187803438570932
 1.81182362617249e-05
 1.7367819801273438e-05
-4.8109369950787665e-05
 2.945588182215853e-05
 0.00014860756872817586
 0.00014004029196146585
 8.120246751355642e-05
 2.2371511748973035e-05
-4.9866097379233597e-05
 3.826443750337678e-05
 0.00015135211671832657
 0.00011918456691104394
-1.6530810626915897e-06
-6.88412381817034e-05
 0.00010770245302830405
 8.224307633482711e-05
-1.9716920043748434e-05
 3.508896644083011e-05
 3.346159671713498e-05
 5.06803743721967e-05
 1.884576189813425e-05
-2.257212158189914e-05
-0.00010710390318230188
-5.846934203560134e-05
 6.627674874825609e-05
 4.8869332211924746e-06
-1.3618436742798985e-05
-7.655903257737477e-05
-7.763196780601126e-05
-5.131682112110807e-05
-9.528418841792699e-05
-6.229761085688695e-05
-5.363040867191058e-05
 2.8505546184549654e-05
-1.509790084066193e-05
-9.388136919437275e-05
 2.486953519521655e-05
 7.506756420156138e-05
 9.761930524396264e-05
 0.00013687689153276812
 0.0001399427401628113
 0.00012734667874556656
 0.00012051328245840132
 9.062032337026153e-05
 4.334015517992174e-05
 8.919947775018648e-05
 0.00010378285846235982
 7.833128152344935e-05
 6.410012258463218e-05
 1.256500860308108e-05
 9.592119083275035e-08
 9.9314695397465e-06
-1.8796307428735102e-05
-5.909434163118711e-05
-6.598871116276162e-05
-7.72437349145856e-05
-4.789381911734342e-05
-1.2682265846534715e-05
-5.4665941070686065e-06
 9.103800519790454e-06
 7.437876874363888e-06
 4.169810901208558e-06
-3.9538800097981995e-05
-3.484554939751965e-05
 3.5050848080701645e-05
 5.446551076793135e-05
 2.809143791913207e-06
 8.004710402947963e-06
 3.9591225981763915e-05
 9.184947630610247e-06
-9.213407229893695e-06
-4.3741815895939535e-05
-5.0659736552936336e-05
-5.1579200114933456e-05
-1.6103293165658272e-05
 3.063083830821633e-05
-1.3283756256520587e-05
-1.7102479861534352e-07
 2.2190310676935446e-06
-1.6677423895786768e-05
-6.939559394892236e-06
-3.84994930989753e-05
-9.653950767791385e-06
 2.481667712912423e-05
 1.5273444325610048e-05
-2.7568529335335707e-06
 2.2004597922166585e-06
 2.0782458752405023e-05
-3.206308854130309e-05
-5.257927899372498e-05
-6.286406429484653e-06
 1.6068953141057597e-06
-1.1835572331096623e-05
-1.8982156714821005e-06
-1.4781247494384107e-06
-5.934005238011007e-06
-1.2683042084064419e-05
-1.9747269055295868e-05
-2.9092307700396787e-05
-3.0811232814754305e-05
 5.006250165460828e-06
-2.974747971391787e-06
-6.310373235890017e-06
 8.30153985759742e-06
 1.0733446569911416e-05
 3.492152358248757e-05
 1.4930835912039416e-05
 1.0446440394675015e-05
 2.517692608277087e-05
 1.6494316848891655e-05
 2.313743146846914e-05
 3.697293745939496e-05
 3.017334273452698e-05
 3.948204586961497e-06
-1.6580587751468094e-05
-1.7666343693643058e-05
-4.74083975010352e-06
-1.7745581877432678e-05
-2.515259045578921e-05
-1.6293174503666655e-05
-2.151039021368017e-05
-2.0860460085435218e-05
-1.7265481832208215e-05
-1.2800506999625752e-05
-1.0974684371100994e-05
-7.4579033714323915e-06
-4.566185118476764e-06
-1.2350925428495852e-05
-9.524603274128758e-06
-2.55555820779515e-06
-6.020439140772929e-06
-4.124607048228162e-06
-1.1877991257252814e-07
 3.8706549551895205e-06
 7.557298066246951e-06
 6.2465301393848625e-06
 1.1739481365591143e-05
 8.242801703132149e-06
 2.4595806506867604e-06
 6.2962822604795475e-06
 2.124783934633582e-06
-6.734323191057638e-07
-2.157559691321447e-06
-1.3714988109762862e-06
 1.4077581772636999e-06
-4.635596679251067e-06
-6.195796967005596e-06
-2.0210111498718183e-06
-3.007978611446237e-06
-1.613761687855283e-06
 9.609866374070524e-07
-2.0596686636832052e-06
-6.485102853152188e-06
-6.213531838274615e-06
-9.308301080052622e-07
-1.5657198476693182e-06
-5.007035550916296e-06
-3.541940095767387e-06
-7.041073389933655e-07
 1.6862434833307627e-06
 5.824211462088531e-07
 2.419763338252644e-08
 5.193334268646166e-07
 2.4215884892631443e-07
 5.196533318296206e-07
-4.6612563431238935e-07
-1.9095392845887227e-07
 5.971301081954286e-07
-2.637895650187542e-07
-4.928385560304497e-07
-5.796074619642825e-07
-2.6744487340162624e-07
 1.6470858726241595e-07
-1.0897528503422326e-07
-8.163492420560174e-08
 5.0167058403931583e-08
 7.015798144075076e-08
 7.851776825701064e-08
 1.706525922327874e-08
 4.997786899133856e-09
-7.983398306935023e-09
 0.0
