
╔══════════════════════════════════════════════════════════════════════╗
║ KDEllipsPy · Inversion cinematica (NA)                               ║
║ Evento Calama  ·  2026-05-25                                         ║
╚══════════════════════════════════════════════════════════════════════╝

┌─[17:34:58 |    0.0s] Cargando KDEllipsPy
│  [32m✓[0m kdellipspy importado (numpy 2.4.6)

┌─[17:34:58 |    0.4s] Validando rutas
│  [32m✓[0m input.ctl : /home/alex/KDEllipsPy/inversions/2020-06-03/input.ctl
│  [32m✓[0m DATA      : /home/alex/KDEllipsPy/inversions/2020-06-03/DATA
│  [32m✓[0m output    : /home/alex/KDEllipsPy/inversions/2020-06-03/output

┌─[17:34:58 |    0.4s] Leyendo configuracion
│  Evento      : -23.247, -68.530, 123.4 km
│  Mecanismo   : strike 333 / dip 60 / rake -91  (doble cupla)
│  Banda       : 0.1–0.3 Hz   |  filtro causal
│  Ventana     : t1=0s  t2=128s  npts=128  dt=1s  (units=vel)
│  Estaciones  : 9  [A22F, A08F, A05F, A18F, A23F, PB19, PB06, A09F, A06F]
│  Mod. veloc. : 16 capas
│  Algoritmo   : Neighbourhood Algorithm  |  n_jobs=1
│  [32m✓[0m Configuracion leida

┌─[17:34:58 |    0.4s] Cargando datos observados
│  [32m✓[0m observed shape = (9, 3, 128)  (estaciones, comp, npts)
│  [32m✓[0m eje de tiempo  = 0 … 127 s (128 pts)

┌─[17:34:58 |    0.4s] Calculando tiempos P/S por estacion (azi_times)
│  [32m✓[0m azi_times_array shape = (9, 3)  (modelo iasp91)

┌─[17:34:58 |    0.5s] Construyendo modelo de inversion
│  [32m✓[0m NAInversionModel listo  (cache de Green ACTIVADO)
│  checkpoint en vivo → /home/alex/KDEllipsPy/inversions/2020-06-03/output/best_model_live.txt
│  NA: 50 iter · SS1=500 · SS=50 · resample=10 → ~3000 modelos directos

┌─[17:34:58 |    0.5s] Corriendo busqueda NA  (esto puede tardar)
[NA] Starting search: ni=500, ns=50, n=50, nr=10 -> expected evaluations=3000 (n_jobs=1)
NAI - Initial Random Search
[NA] iter=00000 eval=00001 misfit=9.850269e-01 best=9.850269e-01
[NA] iter=00000 eval=00002 misfit=9.081502e-01 best=9.081502e-01
[NA] iter=00000 eval=00003 misfit=8.412181e-01 best=8.412181e-01
[NA] iter=00000 eval=00004 misfit=9.672932e-01 best=8.412181e-01
[NA] iter=00000 eval=00005 misfit=1.829658e+00 best=8.412181e-01
[NA] iter=00000 eval=00006 misfit=8.965298e-01 best=8.412181e-01
[NA] iter=00000 eval=00007 misfit=9.776456e-01 best=8.412181e-01
[NA] iter=00000 eval=00008 misfit=2.282661e+00 best=8.412181e-01
[NA] iter=00000 eval=00009 misfit=9.566541e-01 best=8.412181e-01
[NA] iter=00000 eval=00010 misfit=1.034962e+00 best=8.412181e-01
[NA] iter=00000 eval=00011 misfit=9.650602e-01 best=8.412181e-01
[NA] iter=00000 eval=00012 misfit=8.279559e-01 best=8.279559e-01
[NA] iter=00000 eval=00013 misfit=8.735574e-01 best=8.279559e-01
[NA] iter=00000 eval=00014 misfit=8.863147e-01 best=8.279559e-01
[NA] iter=00000 eval=00015 misfit=8.592802e-01 best=8.279559e-01
[NA] iter=00000 eval=00016 misfit=9.324748e-01 best=8.279559e-01
[NA] iter=00000 eval=00017 misfit=8.770593e-01 best=8.279559e-01
[NA] iter=00000 eval=00018 misfit=1.024954e+00 best=8.279559e-01
[NA] iter=00000 eval=00019 misfit=9.878987e-01 best=8.279559e-01
[NA] iter=00000 eval=00020 misfit=1.002947e+00 best=8.279559e-01
[NA] iter=00000 eval=00021 misfit=9.853970e-01 best=8.279559e-01
[NA] iter=00000 eval=00022 misfit=9.502262e-01 best=8.279559e-01
[NA] iter=00000 eval=00023 misfit=9.481348e-01 best=8.279559e-01
[NA] iter=00000 eval=00024 misfit=9.243565e-01 best=8.279559e-01
[NA] iter=00000 eval=00025 misfit=1.020413e+00 best=8.279559e-01
[NA] iter=00000 eval=00026 misfit=9.358557e-01 best=8.279559e-01
[NA] iter=00000 eval=00027 misfit=1.038826e+00 best=8.279559e-01
[NA] iter=00000 eval=00028 misfit=9.963282e-01 best=8.279559e-01
[NA] iter=00000 eval=00029 misfit=8.371035e-01 best=8.279559e-01
[NA] iter=00000 eval=00030 misfit=1.150398e+00 best=8.279559e-01
[NA] iter=00000 eval=00031 misfit=8.479294e-01 best=8.279559e-01
[NA] iter=00000 eval=00032 misfit=9.683407e-01 best=8.279559e-01
[NA] iter=00000 eval=00033 misfit=1.248574e+00 best=8.279559e-01
[NA] iter=00000 eval=00034 misfit=7.743853e-01 best=7.743853e-01
[NA] iter=00000 eval=00035 misfit=1.326252e+00 best=7.743853e-01
[NA] iter=00000 eval=00036 misfit=9.851313e-01 best=7.743853e-01
[NA] iter=00000 eval=00037 misfit=9.970376e-01 best=7.743853e-01
[NA] iter=00000 eval=00038 misfit=9.354719e-01 best=7.743853e-01
[NA] iter=00000 eval=00039 misfit=1.282644e+00 best=7.743853e-01
[NA] iter=00000 eval=00040 misfit=1.190657e+00 best=7.743853e-01
[NA] iter=00000 eval=00041 misfit=1.224656e+00 best=7.743853e-01
[NA] iter=00000 eval=00042 misfit=1.241696e+00 best=7.743853e-01
[NA] iter=00000 eval=00043 misfit=9.482973e-01 best=7.743853e-01
[NA] iter=00000 eval=00044 misfit=9.770466e-01 best=7.743853e-01
[NA] iter=00000 eval=00045 misfit=9.688360e-01 best=7.743853e-01
[NA] iter=00000 eval=00046 misfit=7.945400e-01 best=7.743853e-01
[NA] iter=00000 eval=00047 misfit=8.032490e-01 best=7.743853e-01
[NA] iter=00000 eval=00048 misfit=1.002033e+00 best=7.743853e-01
[NA] iter=00000 eval=00049 misfit=1.132312e+00 best=7.743853e-01
[NA] iter=00000 eval=00050 misfit=1.131516e+00 best=7.743853e-01
[NA] iter=00000 eval=00051 misfit=1.052405e+00 best=7.743853e-01
[NA] iter=00000 eval=00052 misfit=8.391424e-01 best=7.743853e-01
[NA] iter=00000 eval=00053 misfit=1.246468e+00 best=7.743853e-01
[NA] iter=00000 eval=00054 misfit=9.182797e-01 best=7.743853e-01
[NA] iter=00000 eval=00055 misfit=9.168437e-01 best=7.743853e-01
[NA] iter=00000 eval=00056 misfit=9.956650e-01 best=7.743853e-01
[NA] iter=00000 eval=00057 misfit=1.480506e+00 best=7.743853e-01
[NA] iter=00000 eval=00058 misfit=1.004724e+00 best=7.743853e-01
[NA] iter=00000 eval=00059 misfit=1.105296e+00 best=7.743853e-01
[NA] iter=00000 eval=00060 misfit=9.930438e-01 best=7.743853e-01
[NA] iter=00000 eval=00061 misfit=9.372964e-01 best=7.743853e-01
[NA] iter=00000 eval=00062 misfit=1.124319e+00 best=7.743853e-01
[NA] iter=00000 eval=00063 misfit=9.781239e-01 best=7.743853e-01
[NA] iter=00000 eval=00064 misfit=9.017560e-01 best=7.743853e-01
[NA] iter=00000 eval=00065 misfit=9.932231e-01 best=7.743853e-01
[NA] iter=00000 eval=00066 misfit=1.040934e+00 best=7.743853e-01
[NA] iter=00000 eval=00067 misfit=1.013442e+00 best=7.743853e-01
[NA] iter=00000 eval=00068 misfit=8.629771e-01 best=7.743853e-01
[NA] iter=00000 eval=00069 misfit=9.274063e-01 best=7.743853e-01
[NA] iter=00000 eval=00070 misfit=9.568876e-01 best=7.743853e-01
[NA] iter=00000 eval=00071 misfit=8.606590e-01 best=7.743853e-01
[NA] iter=00000 eval=00072 misfit=9.700435e-01 best=7.743853e-01
[NA] iter=00000 eval=00073 misfit=8.372824e-01 best=7.743853e-01
[NA] iter=00000 eval=00074 misfit=8.214789e-01 best=7.743853e-01
[NA] iter=00000 eval=00075 misfit=9.988113e-01 best=7.743853e-01
[NA] iter=00000 eval=00076 misfit=9.661548e-01 best=7.743853e-01
[NA] iter=00000 eval=00077 misfit=9.860357e-01 best=7.743853e-01
[NA] iter=00000 eval=00078 misfit=1.175683e+00 best=7.743853e-01
[NA] iter=00000 eval=00079 misfit=1.370776e+00 best=7.743853e-01
[NA] iter=00000 eval=00080 misfit=7.866937e-01 best=7.743853e-01
[NA] iter=00000 eval=00081 misfit=1.261939e+00 best=7.743853e-01
[NA] iter=00000 eval=00082 misfit=7.637529e-01 best=7.637529e-01
[NA] iter=00000 eval=00083 misfit=9.641695e-01 best=7.637529e-01
[NA] iter=00000 eval=00084 misfit=7.927852e-01 best=7.637529e-01
[NA] iter=00000 eval=00085 misfit=9.859419e-01 best=7.637529e-01
[NA] iter=00000 eval=00086 misfit=1.016546e+00 best=7.637529e-01
[NA] iter=00000 eval=00087 misfit=9.632277e-01 best=7.637529e-01
[NA] iter=00000 eval=00088 misfit=1.003493e+00 best=7.637529e-01
[NA] iter=00000 eval=00089 misfit=1.003229e+00 best=7.637529e-01
[NA] iter=00000 eval=00090 misfit=9.135371e-01 best=7.637529e-01
[NA] iter=00000 eval=00091 misfit=9.904803e-01 best=7.637529e-01
[NA] iter=00000 eval=00092 misfit=9.737668e-01 best=7.637529e-01
[NA] iter=00000 eval=00093 misfit=1.060478e+00 best=7.637529e-01
[NA] iter=00000 eval=00094 misfit=1.207494e+00 best=7.637529e-01
[NA] iter=00000 eval=00095 misfit=8.793303e-01 best=7.637529e-01
[NA] iter=00000 eval=00096 misfit=9.625469e-01 best=7.637529e-01
[NA] iter=00000 eval=00097 misfit=1.131014e+00 best=7.637529e-01
[NA] iter=00000 eval=00098 misfit=9.486906e-01 best=7.637529e-01
[NA] iter=00000 eval=00099 misfit=1.231004e+00 best=7.637529e-01
[NA] iter=00000 eval=00100 misfit=9.178580e-01 best=7.637529e-01
[NA] iter=00000 eval=00101 misfit=1.042925e+00 best=7.637529e-01
[NA] iter=00000 eval=00102 misfit=8.962725e-01 best=7.637529e-01
[NA] iter=00000 eval=00103 misfit=1.388397e+00 best=7.637529e-01
[NA] iter=00000 eval=00104 misfit=9.497863e-01 best=7.637529e-01
[NA] iter=00000 eval=00105 misfit=1.006596e+00 best=7.637529e-01
[NA] iter=00000 eval=00106 misfit=9.531584e-01 best=7.637529e-01
[NA] iter=00000 eval=00107 misfit=1.309261e+00 best=7.637529e-01
[NA] iter=00000 eval=00108 misfit=1.004183e+00 best=7.637529e-01
[NA] iter=00000 eval=00109 misfit=8.285593e-01 best=7.637529e-01
[NA] iter=00000 eval=00110 misfit=9.929598e-01 best=7.637529e-01
[NA] iter=00000 eval=00111 misfit=1.041140e+00 best=7.637529e-01
[NA] iter=00000 eval=00112 misfit=9.212505e-01 best=7.637529e-01
[NA] iter=00000 eval=00113 misfit=9.447484e-01 best=7.637529e-01
[NA] iter=00000 eval=00114 misfit=1.248288e+00 best=7.637529e-01
[NA] iter=00000 eval=00115 misfit=1.025647e+00 best=7.637529e-01
[NA] iter=00000 eval=00116 misfit=7.989482e-01 best=7.637529e-01
[NA] iter=00000 eval=00117 misfit=9.576839e-01 best=7.637529e-01
[NA] iter=00000 eval=00118 misfit=1.173396e+00 best=7.637529e-01
[NA] iter=00000 eval=00119 misfit=9.302348e-01 best=7.637529e-01
[NA] iter=00000 eval=00120 misfit=1.040718e+00 best=7.637529e-01
[NA] iter=00000 eval=00121 misfit=9.166684e-01 best=7.637529e-01
[NA] iter=00000 eval=00122 misfit=9.599725e-01 best=7.637529e-01
[NA] iter=00000 eval=00123 misfit=9.392047e-01 best=7.637529e-01
[NA] iter=00000 eval=00124 misfit=1.085552e+00 best=7.637529e-01
[NA] iter=00000 eval=00125 misfit=1.073454e+00 best=7.637529e-01
[NA] iter=00000 eval=00126 misfit=9.834332e-01 best=7.637529e-01
[NA] iter=00000 eval=00127 misfit=9.760183e-01 best=7.637529e-01
[NA] iter=00000 eval=00128 misfit=9.889542e-01 best=7.637529e-01
[NA] iter=00000 eval=00129 misfit=9.742704e-01 best=7.637529e-01
[NA] iter=00000 eval=00130 misfit=9.538543e-01 best=7.637529e-01
[NA] iter=00000 eval=00131 misfit=1.053833e+00 best=7.637529e-01
[NA] iter=00000 eval=00132 misfit=1.073672e+00 best=7.637529e-01
[NA] iter=00000 eval=00133 misfit=1.016684e+00 best=7.637529e-01
[NA] iter=00000 eval=00134 misfit=1.144632e+00 best=7.637529e-01
[NA] iter=00000 eval=00135 misfit=9.173465e-01 best=7.637529e-01
[NA] iter=00000 eval=00136 misfit=9.464039e-01 best=7.637529e-01
[NA] iter=00000 eval=00137 misfit=9.995032e-01 best=7.637529e-01
[NA] iter=00000 eval=00138 misfit=1.078912e+00 best=7.637529e-01
[NA] iter=00000 eval=00139 misfit=8.896364e-01 best=7.637529e-01
[NA] iter=00000 eval=00140 misfit=9.873107e-01 best=7.637529e-01
[NA] iter=00000 eval=00141 misfit=1.220142e+00 best=7.637529e-01
[NA] iter=00000 eval=00142 misfit=2.741781e+00 best=7.637529e-01
[NA] iter=00000 eval=00143 misfit=7.699317e-01 best=7.637529e-01
[NA] iter=00000 eval=00144 misfit=9.581268e-01 best=7.637529e-01
[NA] iter=00000 eval=00145 misfit=8.656169e-01 best=7.637529e-01
[NA] iter=00000 eval=00146 misfit=9.546772e-01 best=7.637529e-01
[NA] iter=00000 eval=00147 misfit=9.361237e-01 best=7.637529e-01
[NA] iter=00000 eval=00148 misfit=9.715942e-01 best=7.637529e-01
[NA] iter=00000 eval=00149 misfit=1.024373e+00 best=7.637529e-01
[NA] iter=00000 eval=00150 misfit=9.172615e-01 best=7.637529e-01
[NA] iter=00000 eval=00151 misfit=9.811090e-01 best=7.637529e-01
[NA] iter=00000 eval=00152 misfit=1.704009e+00 best=7.637529e-01
[NA] iter=00000 eval=00153 misfit=1.053803e+00 best=7.637529e-01
[NA] iter=00000 eval=00154 misfit=1.072570e+00 best=7.637529e-01
[NA] iter=00000 eval=00155 misfit=9.610692e-01 best=7.637529e-01
[NA] iter=00000 eval=00156 misfit=8.023537e-01 best=7.637529e-01
[NA] iter=00000 eval=00157 misfit=1.030443e+00 best=7.637529e-01
[NA] iter=00000 eval=00158 misfit=9.038535e-01 best=7.637529e-01
[NA] iter=00000 eval=00159 misfit=9.905959e-01 best=7.637529e-01
[NA] iter=00000 eval=00160 misfit=1.091036e+00 best=7.637529e-01
[NA] iter=00000 eval=00161 misfit=1.001425e+00 best=7.637529e-01
[NA] iter=00000 eval=00162 misfit=9.395099e-01 best=7.637529e-01
[NA] iter=00000 eval=00163 misfit=7.762729e-01 best=7.637529e-01
[NA] iter=00000 eval=00164 misfit=9.444742e-01 best=7.637529e-01
[NA] iter=00000 eval=00165 misfit=8.732019e-01 best=7.637529e-01
[NA] iter=00000 eval=00166 misfit=9.744598e-01 best=7.637529e-01
[NA] iter=00000 eval=00167 misfit=1.181923e+00 best=7.637529e-01
[NA] iter=00000 eval=00168 misfit=8.503061e-01 best=7.637529e-01
[NA] iter=00000 eval=00169 misfit=1.506813e+00 best=7.637529e-01
[NA] iter=00000 eval=00170 misfit=8.823555e-01 best=7.637529e-01
[NA] iter=00000 eval=00171 misfit=7.658331e-01 best=7.637529e-01
[NA] iter=00000 eval=00172 misfit=1.204668e+00 best=7.637529e-01
[NA] iter=00000 eval=00173 misfit=9.134764e-01 best=7.637529e-01
[NA] iter=00000 eval=00174 misfit=1.842026e+00 best=7.637529e-01
[NA] iter=00000 eval=00175 misfit=1.091779e+00 best=7.637529e-01
[NA] iter=00000 eval=00176 misfit=1.184615e+00 best=7.637529e-01
[NA] iter=00000 eval=00177 misfit=9.539475e-01 best=7.637529e-01
[NA] iter=00000 eval=00178 misfit=9.769387e-01 best=7.637529e-01
[NA] iter=00000 eval=00179 misfit=9.720832e-01 best=7.637529e-01
[NA] iter=00000 eval=00180 misfit=9.479144e-01 best=7.637529e-01
[NA] iter=00000 eval=00181 misfit=8.593410e-01 best=7.637529e-01
[NA] iter=00000 eval=00182 misfit=9.032608e-01 best=7.637529e-01
[NA] iter=00000 eval=00183 misfit=1.598932e+00 best=7.637529e-01
[NA] iter=00000 eval=00184 misfit=8.464851e-01 best=7.637529e-01
[NA] iter=00000 eval=00185 misfit=8.081935e-01 best=7.637529e-01
[NA] iter=00000 eval=00186 misfit=9.103386e-01 best=7.637529e-01
[NA] iter=00000 eval=00187 misfit=9.564821e-01 best=7.637529e-01
[NA] iter=00000 eval=00188 misfit=9.891876e-01 best=7.637529e-01
[NA] iter=00000 eval=00189 misfit=1.392729e+00 best=7.637529e-01
[NA] iter=00000 eval=00190 misfit=1.129284e+00 best=7.637529e-01
[NA] iter=00000 eval=00191 misfit=9.932751e-01 best=7.637529e-01
[NA] iter=00000 eval=00192 misfit=1.230541e+00 best=7.637529e-01
[NA] iter=00000 eval=00193 misfit=8.966133e-01 best=7.637529e-01
[NA] iter=00000 eval=00194 misfit=1.140134e+00 best=7.637529e-01
[NA] iter=00000 eval=00195 misfit=7.590414e-01 best=7.590414e-01
[NA] iter=00000 eval=00196 misfit=8.473799e-01 best=7.590414e-01
[NA] iter=00000 eval=00197 misfit=1.105240e+00 best=7.590414e-01
[NA] iter=00000 eval=00198 misfit=1.171319e+00 best=7.590414e-01
[NA] iter=00000 eval=00199 misfit=1.019336e+00 best=7.590414e-01
[NA] iter=00000 eval=00200 misfit=9.804307e-01 best=7.590414e-01
[NA] iter=00000 eval=00201 misfit=9.195478e-01 best=7.590414e-01
[NA] iter=00000 eval=00202 misfit=7.619014e-01 best=7.590414e-01
[NA] iter=00000 eval=00203 misfit=1.098574e+00 best=7.590414e-01
[NA] iter=00000 eval=00204 misfit=1.014955e+00 best=7.590414e-01
[NA] iter=00000 eval=00205 misfit=1.404461e+00 best=7.590414e-01
[NA] iter=00000 eval=00206 misfit=1.016805e+00 best=7.590414e-01
[NA] iter=00000 eval=00207 misfit=1.169457e+00 best=7.590414e-01
[NA] iter=00000 eval=00208 misfit=9.055547e-01 best=7.590414e-01
[NA] iter=00000 eval=00209 misfit=8.641538e-01 best=7.590414e-01
[NA] iter=00000 eval=00210 misfit=1.141454e+00 best=7.590414e-01
[NA] iter=00000 eval=00211 misfit=1.420767e+00 best=7.590414e-01
[NA] iter=00000 eval=00212 misfit=9.443842e-01 best=7.590414e-01
[NA] iter=00000 eval=00213 misfit=1.056768e+00 best=7.590414e-01
[NA] iter=00000 eval=00214 misfit=1.079414e+00 best=7.590414e-01
[NA] iter=00000 eval=00215 misfit=8.945825e-01 best=7.590414e-01
[NA] iter=00000 eval=00216 misfit=1.004997e+00 best=7.590414e-01
[NA] iter=00000 eval=00217 misfit=9.097403e-01 best=7.590414e-01
[NA] iter=00000 eval=00218 misfit=8.484526e-01 best=7.590414e-01
[NA] iter=00000 eval=00219 misfit=9.261234e-01 best=7.590414e-01
[NA] iter=00000 eval=00220 misfit=9.788247e-01 best=7.590414e-01
[NA] iter=00000 eval=00221 misfit=9.228772e-01 best=7.590414e-01
[NA] iter=00000 eval=00222 misfit=1.897787e+00 best=7.590414e-01
[NA] iter=00000 eval=00223 misfit=8.432112e-01 best=7.590414e-01
[NA] iter=00000 eval=00224 misfit=1.099494e+00 best=7.590414e-01
[NA] iter=00000 eval=00225 misfit=9.310829e-01 best=7.590414e-01
[NA] iter=00000 eval=00226 misfit=9.551364e-01 best=7.590414e-01
[NA] iter=00000 eval=00227 misfit=1.381073e+00 best=7.590414e-01
[NA] iter=00000 eval=00228 misfit=1.097012e+00 best=7.590414e-01
[NA] iter=00000 eval=00229 misfit=1.157285e+00 best=7.590414e-01
[NA] iter=00000 eval=00230 misfit=1.244484e+00 best=7.590414e-01
[NA] iter=00000 eval=00231 misfit=8.756891e-01 best=7.590414e-01
[NA] iter=00000 eval=00232 misfit=8.756275e-01 best=7.590414e-01
[NA] iter=00000 eval=00233 misfit=1.319055e+00 best=7.590414e-01
[NA] iter=00000 eval=00234 misfit=8.501324e-01 best=7.590414e-01
[NA] iter=00000 eval=00235 misfit=1.070387e+00 best=7.590414e-01
[NA] iter=00000 eval=00236 misfit=1.001303e+00 best=7.590414e-01
[NA] iter=00000 eval=00237 misfit=1.021640e+00 best=7.590414e-01
[NA] iter=00000 eval=00238 misfit=9.937749e-01 best=7.590414e-01
[NA] iter=00000 eval=00239 misfit=1.079733e+00 best=7.590414e-01
[NA] iter=00000 eval=00240 misfit=1.599774e+00 best=7.590414e-01
[NA] iter=00000 eval=00241 misfit=1.062871e+00 best=7.590414e-01
[NA] iter=00000 eval=00242 misfit=1.893281e+00 best=7.590414e-01
[NA] iter=00000 eval=00243 misfit=9.199070e-01 best=7.590414e-01
[NA] iter=00000 eval=00244 misfit=9.784055e-01 best=7.590414e-01
[NA] iter=00000 eval=00245 misfit=9.749059e-01 best=7.590414e-01
[NA] iter=00000 eval=00246 misfit=8.101872e-01 best=7.590414e-01
[NA] iter=00000 eval=00247 misfit=1.045247e+00 best=7.590414e-01
[NA] iter=00000 eval=00248 misfit=9.175553e-01 best=7.590414e-01
[NA] iter=00000 eval=00249 misfit=9.909455e-01 best=7.590414e-01
[NA] iter=00000 eval=00250 misfit=9.625703e-01 best=7.590414e-01
[NA] iter=00000 eval=00251 misfit=9.060306e-01 best=7.590414e-01
[NA] iter=00000 eval=00252 misfit=9.694908e-01 best=7.590414e-01
[NA] iter=00000 eval=00253 misfit=3.561104e+00 best=7.590414e-01
[NA] iter=00000 eval=00254 misfit=1.127765e+00 best=7.590414e-01
[NA] iter=00000 eval=00255 misfit=9.570499e-01 best=7.590414e-01
[NA] iter=00000 eval=00256 misfit=9.059961e-01 best=7.590414e-01
[NA] iter=00000 eval=00257 misfit=2.560113e+00 best=7.590414e-01
[NA] iter=00000 eval=00258 misfit=9.433628e-01 best=7.590414e-01
[NA] iter=00000 eval=00259 misfit=9.329456e-01 best=7.590414e-01
[NA] iter=00000 eval=00260 misfit=1.018492e+00 best=7.590414e-01
[NA] iter=00000 eval=00261 misfit=1.027581e+00 best=7.590414e-01
[NA] iter=00000 eval=00262 misfit=9.261759e-01 best=7.590414e-01
[NA] iter=00000 eval=00263 misfit=1.003639e+00 best=7.590414e-01
[NA] iter=00000 eval=00264 misfit=8.300260e-01 best=7.590414e-01
[NA] iter=00000 eval=00265 misfit=9.873182e-01 best=7.590414e-01
[NA] iter=00000 eval=00266 misfit=9.573890e-01 best=7.590414e-01
[NA] iter=00000 eval=00267 misfit=9.613762e-01 best=7.590414e-01
[NA] iter=00000 eval=00268 misfit=9.631593e-01 best=7.590414e-01
[NA] iter=00000 eval=00269 misfit=9.835431e-01 best=7.590414e-01
[NA] iter=00000 eval=00270 misfit=8.269437e-01 best=7.590414e-01
[NA] iter=00000 eval=00271 misfit=9.847351e-01 best=7.590414e-01
[NA] iter=00000 eval=00272 misfit=1.018774e+00 best=7.590414e-01
[NA] iter=00000 eval=00273 misfit=9.545600e-01 best=7.590414e-01
[NA] iter=00000 eval=00274 misfit=1.004045e+00 best=7.590414e-01
[NA] iter=00000 eval=00275 misfit=9.445759e-01 best=7.590414e-01
[NA] iter=00000 eval=00276 misfit=9.989814e-01 best=7.590414e-01
[NA] iter=00000 eval=00277 misfit=1.105090e+00 best=7.590414e-01
[NA] iter=00000 eval=00278 misfit=9.690155e-01 best=7.590414e-01
[NA] iter=00000 eval=00279 misfit=9.823839e-01 best=7.590414e-01
[NA] iter=00000 eval=00280 misfit=9.147514e-01 best=7.590414e-01
[NA] iter=00000 eval=00281 misfit=8.586698e-01 best=7.590414e-01
[NA] iter=00000 eval=00282 misfit=1.048852e+00 best=7.590414e-01
[NA] iter=00000 eval=00283 misfit=1.311306e+00 best=7.590414e-01
[NA] iter=00000 eval=00284 misfit=9.882991e-01 best=7.590414e-01
[NA] iter=00000 eval=00285 misfit=9.462372e-01 best=7.590414e-01
[NA] iter=00000 eval=00286 misfit=1.052068e+00 best=7.590414e-01
[NA] iter=00000 eval=00287 misfit=8.132266e-01 best=7.590414e-01
[NA] iter=00000 eval=00288 misfit=1.302836e+00 best=7.590414e-01
[NA] iter=00000 eval=00289 misfit=9.197265e-01 best=7.590414e-01
[NA] iter=00000 eval=00290 misfit=2.409540e+00 best=7.590414e-01
[NA] iter=00000 eval=00291 misfit=1.175736e+00 best=7.590414e-01
[NA] iter=00000 eval=00292 misfit=8.668360e-01 best=7.590414e-01
[NA] iter=00000 eval=00293 misfit=1.090479e+00 best=7.590414e-01
[NA] iter=00000 eval=00294 misfit=1.010963e+00 best=7.590414e-01
[NA] iter=00000 eval=00295 misfit=9.440876e-01 best=7.590414e-01
[NA] iter=00000 eval=00296 misfit=1.015069e+00 best=7.590414e-01
[NA] iter=00000 eval=00297 misfit=1.067473e+00 best=7.590414e-01
[NA] iter=00000 eval=00298 misfit=9.553712e-01 best=7.590414e-01
[NA] iter=00000 eval=00299 misfit=8.164213e-01 best=7.590414e-01
[NA] iter=00000 eval=00300 misfit=1.099521e+00 best=7.590414e-01
[NA] iter=00000 eval=00301 misfit=1.100003e+00 best=7.590414e-01
[NA] iter=00000 eval=00302 misfit=1.049786e+00 best=7.590414e-01
[NA] iter=00000 eval=00303 misfit=9.836767e-01 best=7.590414e-01
[NA] iter=00000 eval=00304 misfit=1.011994e+00 best=7.590414e-01
[NA] iter=00000 eval=00305 misfit=9.482193e-01 best=7.590414e-01
[NA] iter=00000 eval=00306 misfit=9.442789e-01 best=7.590414e-01
[NA] iter=00000 eval=00307 misfit=1.134268e+00 best=7.590414e-01
[NA] iter=00000 eval=00308 misfit=9.621730e-01 best=7.590414e-01
[NA] iter=00000 eval=00309 misfit=1.637368e+00 best=7.590414e-01
[NA] iter=00000 eval=00310 misfit=9.309673e-01 best=7.590414e-01
[NA] iter=00000 eval=00311 misfit=2.506199e+00 best=7.590414e-01
[NA] iter=00000 eval=00312 misfit=9.956684e-01 best=7.590414e-01
[NA] iter=00000 eval=00313 misfit=9.866714e-01 best=7.590414e-01
[NA] iter=00000 eval=00314 misfit=9.949248e-01 best=7.590414e-01
[NA] iter=00000 eval=00315 misfit=8.887504e-01 best=7.590414e-01
[NA] iter=00000 eval=00316 misfit=1.377127e+00 best=7.590414e-01
[NA] iter=00000 eval=00317 misfit=1.086910e+00 best=7.590414e-01
[NA] iter=00000 eval=00318 misfit=8.423969e-01 best=7.590414e-01
[NA] iter=00000 eval=00319 misfit=9.681697e-01 best=7.590414e-01
[NA] iter=00000 eval=00320 misfit=8.922002e-01 best=7.590414e-01
[NA] iter=00000 eval=00321 misfit=1.053989e+00 best=7.590414e-01
[NA] iter=00000 eval=00322 misfit=9.125091e-01 best=7.590414e-01
[NA] iter=00000 eval=00323 misfit=1.923157e+00 best=7.590414e-01
[NA] iter=00000 eval=00324 misfit=9.579927e-01 best=7.590414e-01
[NA] iter=00000 eval=00325 misfit=9.698115e-01 best=7.590414e-01
[NA] iter=00000 eval=00326 misfit=8.081243e-01 best=7.590414e-01
[NA] iter=00000 eval=00327 misfit=9.502289e-01 best=7.590414e-01
[NA] iter=00000 eval=00328 misfit=2.264231e+00 best=7.590414e-01
[NA] iter=00000 eval=00329 misfit=1.500711e+00 best=7.590414e-01
[NA] iter=00000 eval=00330 misfit=1.004694e+00 best=7.590414e-01
[NA] iter=00000 eval=00331 misfit=9.465392e-01 best=7.590414e-01
[NA] iter=00000 eval=00332 misfit=9.684061e-01 best=7.590414e-01
[NA] iter=00000 eval=00333 misfit=9.619310e-01 best=7.590414e-01
[NA] iter=00000 eval=00334 misfit=9.802764e-01 best=7.590414e-01
[NA] iter=00000 eval=00335 misfit=8.579961e-01 best=7.590414e-01
[NA] iter=00000 eval=00336 misfit=1.064109e+00 best=7.590414e-01
[NA] iter=00000 eval=00337 misfit=1.029947e+00 best=7.590414e-01
[NA] iter=00000 eval=00338 misfit=9.206125e-01 best=7.590414e-01
[NA] iter=00000 eval=00339 misfit=1.055425e+00 best=7.590414e-01
[NA] iter=00000 eval=00340 misfit=8.184577e-01 best=7.590414e-01
[NA] iter=00000 eval=00341 misfit=9.027365e-01 best=7.590414e-01
[NA] iter=00000 eval=00342 misfit=9.770235e-01 best=7.590414e-01
[NA] iter=00000 eval=00343 misfit=1.025621e+00 best=7.590414e-01
[NA] iter=00000 eval=00344 misfit=2.020680e+00 best=7.590414e-01
[NA] iter=00000 eval=00345 misfit=9.772901e-01 best=7.590414e-01
[NA] iter=00000 eval=00346 misfit=1.204504e+00 best=7.590414e-01
[NA] iter=00000 eval=00347 misfit=1.017924e+00 best=7.590414e-01
[NA] iter=00000 eval=00348 misfit=8.312563e-01 best=7.590414e-01
[NA] iter=00000 eval=00349 misfit=8.058619e-01 best=7.590414e-01
[NA] iter=00000 eval=00350 misfit=9.432581e-01 best=7.590414e-01
[NA] iter=00000 eval=00351 misfit=9.595026e-01 best=7.590414e-01
[NA] iter=00000 eval=00352 misfit=1.004958e+00 best=7.590414e-01
[NA] iter=00000 eval=00353 misfit=1.125499e+00 best=7.590414e-01
[NA] iter=00000 eval=00354 misfit=8.577611e-01 best=7.590414e-01
[NA] iter=00000 eval=00355 misfit=7.381552e-01 best=7.381552e-01
[NA] iter=00000 eval=00356 misfit=8.963515e-01 best=7.381552e-01
[NA] iter=00000 eval=00357 misfit=8.391834e-01 best=7.381552e-01
[NA] iter=00000 eval=00358 misfit=8.757772e-01 best=7.381552e-01
[NA] iter=00000 eval=00359 misfit=9.470749e-01 best=7.381552e-01
[NA] iter=00000 eval=00360 misfit=1.152107e+00 best=7.381552e-01
[NA] iter=00000 eval=00361 misfit=9.664484e-01 best=7.381552e-01
[NA] iter=00000 eval=00362 misfit=1.063787e+00 best=7.381552e-01
[NA] iter=00000 eval=00363 misfit=9.860256e-01 best=7.381552e-01
[NA] iter=00000 eval=00364 misfit=1.041219e+00 best=7.381552e-01
[NA] iter=00000 eval=00365 misfit=8.437217e-01 best=7.381552e-01
[NA] iter=00000 eval=00366 misfit=8.541147e-01 best=7.381552e-01
[NA] iter=00000 eval=00367 misfit=1.177028e+00 best=7.381552e-01
[NA] iter=00000 eval=00368 misfit=8.040413e-01 best=7.381552e-01
[NA] iter=00000 eval=00369 misfit=1.289180e+00 best=7.381552e-01
[NA] iter=00000 eval=00370 misfit=9.558863e-01 best=7.381552e-01
[NA] iter=00000 eval=00371 misfit=8.057010e-01 best=7.381552e-01
[NA] iter=00000 eval=00372 misfit=1.137248e+00 best=7.381552e-01
[NA] iter=00000 eval=00373 misfit=7.038662e-01 best=7.038662e-01
[NA] iter=00000 eval=00374 misfit=9.886779e-01 best=7.038662e-01
[NA] iter=00000 eval=00375 misfit=1.040927e+00 best=7.038662e-01
[NA] iter=00000 eval=00376 misfit=9.315442e-01 best=7.038662e-01
[NA] iter=00000 eval=00377 misfit=9.922152e-01 best=7.038662e-01
[NA] iter=00000 eval=00378 misfit=9.899977e-01 best=7.038662e-01
[NA] iter=00000 eval=00379 misfit=9.998597e-01 best=7.038662e-01
[NA] iter=00000 eval=00380 misfit=9.897998e-01 best=7.038662e-01
[NA] iter=00000 eval=00381 misfit=9.352544e-01 best=7.038662e-01
[NA] iter=00000 eval=00382 misfit=9.365299e-01 best=7.038662e-01
[NA] iter=00000 eval=00383 misfit=1.011635e+00 best=7.038662e-01
[NA] iter=00000 eval=00384 misfit=1.026063e+00 best=7.038662e-01
[NA] iter=00000 eval=00385 misfit=8.854657e-01 best=7.038662e-01
[NA] iter=00000 eval=00386 misfit=9.410385e-01 best=7.038662e-01
[NA] iter=00000 eval=00387 misfit=1.025092e+00 best=7.038662e-01
[NA] iter=00000 eval=00388 misfit=9.107772e-01 best=7.038662e-01
[NA] iter=00000 eval=00389 misfit=1.636161e+00 best=7.038662e-01
[NA] iter=00000 eval=00390 misfit=9.194567e-01 best=7.038662e-01
[NA] iter=00000 eval=00391 misfit=1.669780e+00 best=7.038662e-01
[NA] iter=00000 eval=00392 misfit=8.227255e-01 best=7.038662e-01
[NA] iter=00000 eval=00393 misfit=8.473047e-01 best=7.038662e-01
[NA] iter=00000 eval=00394 misfit=1.807636e+00 best=7.038662e-01
[NA] iter=00000 eval=00395 misfit=9.834693e-01 best=7.038662e-01
[NA] iter=00000 eval=00396 misfit=9.060903e-01 best=7.038662e-01
[NA] iter=00000 eval=00397 misfit=8.157383e-01 best=7.038662e-01
[NA] iter=00000 eval=00398 misfit=9.798739e-01 best=7.038662e-01
[NA] iter=00000 eval=00399 misfit=8.696525e-01 best=7.038662e-01
[NA] iter=00000 eval=00400 misfit=1.117325e+00 best=7.038662e-01
[NA] iter=00000 eval=00401 misfit=9.569367e-01 best=7.038662e-01
[NA] iter=00000 eval=00402 misfit=9.354600e-01 best=7.038662e-01
[NA] iter=00000 eval=00403 misfit=1.561547e+00 best=7.038662e-01
[NA] iter=00000 eval=00404 misfit=1.190048e+00 best=7.038662e-01
[NA] iter=00000 eval=00405 misfit=9.868082e-01 best=7.038662e-01
[NA] iter=00000 eval=00406 misfit=1.248408e+00 best=7.038662e-01
[NA] iter=00000 eval=00407 misfit=1.037477e+00 best=7.038662e-01
[NA] iter=00000 eval=00408 misfit=9.183164e-01 best=7.038662e-01
[NA] iter=00000 eval=00409 misfit=9.195738e-01 best=7.038662e-01
[NA] iter=00000 eval=00410 misfit=9.223359e-01 best=7.038662e-01
[NA] iter=00000 eval=00411 misfit=8.307771e-01 best=7.038662e-01
[NA] iter=00000 eval=00412 misfit=9.741590e-01 best=7.038662e-01
[NA] iter=00000 eval=00413 misfit=2.253689e+00 best=7.038662e-01
[NA] iter=00000 eval=00414 misfit=1.015875e+00 best=7.038662e-01
[NA] iter=00000 eval=00415 misfit=1.071455e+00 best=7.038662e-01
[NA] iter=00000 eval=00416 misfit=9.911854e-01 best=7.038662e-01
[NA] iter=00000 eval=00417 misfit=9.496557e-01 best=7.038662e-01
[NA] iter=00000 eval=00418 misfit=9.559883e-01 best=7.038662e-01
[NA] iter=00000 eval=00419 misfit=2.326863e+00 best=7.038662e-01
[NA] iter=00000 eval=00420 misfit=1.309506e+00 best=7.038662e-01
[NA] iter=00000 eval=00421 misfit=1.744723e+00 best=7.038662e-01
[NA] iter=00000 eval=00422 misfit=8.211863e-01 best=7.038662e-01
[NA] iter=00000 eval=00423 misfit=8.947543e-01 best=7.038662e-01
[NA] iter=00000 eval=00424 misfit=9.546933e-01 best=7.038662e-01
[NA] iter=00000 eval=00425 misfit=8.197881e-01 best=7.038662e-01
[NA] iter=00000 eval=00426 misfit=9.219907e-01 best=7.038662e-01
[NA] iter=00000 eval=00427 misfit=1.038625e+00 best=7.038662e-01
[NA] iter=00000 eval=00428 misfit=9.889213e-01 best=7.038662e-01
[NA] iter=00000 eval=00429 misfit=1.119811e+00 best=7.038662e-01
[NA] iter=00000 eval=00430 misfit=9.951649e-01 best=7.038662e-01
[NA] iter=00000 eval=00431 misfit=8.743777e-01 best=7.038662e-01
[NA] iter=00000 eval=00432 misfit=9.369827e-01 best=7.038662e-01
[NA] iter=00000 eval=00433 misfit=8.884659e-01 best=7.038662e-01
[NA] iter=00000 eval=00434 misfit=9.498318e-01 best=7.038662e-01
[NA] iter=00000 eval=00435 misfit=9.014013e-01 best=7.038662e-01
[NA] iter=00000 eval=00436 misfit=8.628704e-01 best=7.038662e-01
[NA] iter=00000 eval=00437 misfit=8.646529e-01 best=7.038662e-01
[NA] iter=00000 eval=00438 misfit=1.088883e+00 best=7.038662e-01
[NA] iter=00000 eval=00439 misfit=1.037739e+00 best=7.038662e-01
[NA] iter=00000 eval=00440 misfit=8.526368e-01 best=7.038662e-01
[NA] iter=00000 eval=00441 misfit=1.316868e+00 best=7.038662e-01
[NA] iter=00000 eval=00442 misfit=9.665101e-01 best=7.038662e-01
[NA] iter=00000 eval=00443 misfit=1.058687e+00 best=7.038662e-01
[NA] iter=00000 eval=00444 misfit=8.893076e-01 best=7.038662e-01
[NA] iter=00000 eval=00445 misfit=9.494930e-01 best=7.038662e-01
[NA] iter=00000 eval=00446 misfit=9.834276e-01 best=7.038662e-01
[NA] iter=00000 eval=00447 misfit=9.622243e-01 best=7.038662e-01
[NA] iter=00000 eval=00448 misfit=9.134983e-01 best=7.038662e-01
[NA] iter=00000 eval=00449 misfit=9.358113e-01 best=7.038662e-01
[NA] iter=00000 eval=00450 misfit=1.124548e+00 best=7.038662e-01
[NA] iter=00000 eval=00451 misfit=1.062015e+00 best=7.038662e-01
[NA] iter=00000 eval=00452 misfit=1.567910e+00 best=7.038662e-01
[NA] iter=00000 eval=00453 misfit=1.099934e+00 best=7.038662e-01
[NA] iter=00000 eval=00454 misfit=1.047382e+00 best=7.038662e-01
[NA] iter=00000 eval=00455 misfit=8.505380e-01 best=7.038662e-01
[NA] iter=00000 eval=00456 misfit=1.124139e+00 best=7.038662e-01
[NA] iter=00000 eval=00457 misfit=8.082595e-01 best=7.038662e-01
[NA] iter=00000 eval=00458 misfit=9.807212e-01 best=7.038662e-01
[NA] iter=00000 eval=00459 misfit=9.963653e-01 best=7.038662e-01
[NA] iter=00000 eval=00460 misfit=9.316992e-01 best=7.038662e-01
[NA] iter=00000 eval=00461 misfit=1.198533e+00 best=7.038662e-01
[NA] iter=00000 eval=00462 misfit=8.408512e-01 best=7.038662e-01
[NA] iter=00000 eval=00463 misfit=9.553839e-01 best=7.038662e-01
[NA] iter=00000 eval=00464 misfit=1.661420e+00 best=7.038662e-01
[NA] iter=00000 eval=00465 misfit=1.175076e+00 best=7.038662e-01
[NA] iter=00000 eval=00466 misfit=1.328761e+00 best=7.038662e-01
[NA] iter=00000 eval=00467 misfit=9.825296e-01 best=7.038662e-01
[NA] iter=00000 eval=00468 misfit=9.778263e-01 best=7.038662e-01
[NA] iter=00000 eval=00469 misfit=1.452721e+00 best=7.038662e-01
[NA] iter=00000 eval=00470 misfit=1.002187e+00 best=7.038662e-01
[NA] iter=00000 eval=00471 misfit=1.080495e+00 best=7.038662e-01
[NA] iter=00000 eval=00472 misfit=9.880973e-01 best=7.038662e-01
[NA] iter=00000 eval=00473 misfit=1.124901e+00 best=7.038662e-01
[NA] iter=00000 eval=00474 misfit=7.632301e-01 best=7.038662e-01
[NA] iter=00000 eval=00475 misfit=1.027802e+00 best=7.038662e-01
[NA] iter=00000 eval=00476 misfit=8.655946e-01 best=7.038662e-01
[NA] iter=00000 eval=00477 misfit=8.004943e-01 best=7.038662e-01
[NA] iter=00000 eval=00478 misfit=9.333711e-01 best=7.038662e-01
[NA] iter=00000 eval=00479 misfit=7.842630e-01 best=7.038662e-01
[NA] iter=00000 eval=00480 misfit=9.178391e-01 best=7.038662e-01
[NA] iter=00000 eval=00481 misfit=1.000515e+00 best=7.038662e-01
[NA] iter=00000 eval=00482 misfit=9.939501e-01 best=7.038662e-01
[NA] iter=00000 eval=00483 misfit=1.029550e+00 best=7.038662e-01
[NA] iter=00000 eval=00484 misfit=1.008889e+00 best=7.038662e-01
[NA] iter=00000 eval=00485 misfit=1.037734e+00 best=7.038662e-01
[NA] iter=00000 eval=00486 misfit=9.189938e-01 best=7.038662e-01
[NA] iter=00000 eval=00487 misfit=9.276477e-01 best=7.038662e-01
[NA] iter=00000 eval=00488 misfit=1.905827e+00 best=7.038662e-01
[NA] iter=00000 eval=00489 misfit=9.744911e-01 best=7.038662e-01
[NA] iter=00000 eval=00490 misfit=9.501934e-01 best=7.038662e-01
[NA] iter=00000 eval=00491 misfit=8.522768e-01 best=7.038662e-01
[NA] iter=00000 eval=00492 misfit=9.257192e-01 best=7.038662e-01
[NA] iter=00000 eval=00493 misfit=9.687222e-01 best=7.038662e-01
[NA] iter=00000 eval=00494 misfit=8.864674e-01 best=7.038662e-01
[NA] iter=00000 eval=00495 misfit=8.513080e-01 best=7.038662e-01
[NA] iter=00000 eval=00496 misfit=1.008523e+00 best=7.038662e-01
[NA] iter=00000 eval=00497 misfit=9.405045e-01 best=7.038662e-01
[NA] iter=00000 eval=00498 misfit=9.215141e-01 best=7.038662e-01
[NA] iter=00000 eval=00499 misfit=9.958368e-01 best=7.038662e-01
[NA] iter=00000 eval=00500 misfit=9.368152e-01 best=7.038662e-01
NAI - Optimisation Loop:   0%|          | 0/50 [00:00<?, ?it/s][NA] iter=00001 eval=00501 misfit=9.872054e-01 best=7.038662e-01
[NA] iter=00001 eval=00502 misfit=8.371112e-01 best=7.038662e-01
[NA] iter=00001 eval=00503 misfit=9.501435e-01 best=7.038662e-01
[NA] iter=00001 eval=00504 misfit=7.250142e-01 best=7.038662e-01
[NA] iter=00001 eval=00505 misfit=7.440538e-01 best=7.038662e-01
[NA] iter=00001 eval=00506 misfit=7.846302e-01 best=7.038662e-01
[NA] iter=00001 eval=00507 misfit=8.656176e-01 best=7.038662e-01
[NA] iter=00001 eval=00508 misfit=9.339788e-01 best=7.038662e-01
[NA] iter=00001 eval=00509 misfit=1.018185e+00 best=7.038662e-01
[NA] iter=00001 eval=00510 misfit=8.683874e-01 best=7.038662e-01
[NA] iter=00001 eval=00511 misfit=7.625339e-01 best=7.038662e-01
[NA] iter=00001 eval=00512 misfit=8.269845e-01 best=7.038662e-01
[NA] iter=00001 eval=00513 misfit=7.381496e-01 best=7.038662e-01
[NA] iter=00001 eval=00514 misfit=7.463809e-01 best=7.038662e-01
[NA] iter=00001 eval=00515 misfit=8.121691e-01 best=7.038662e-01
[NA] iter=00001 eval=00516 misfit=9.191653e-01 best=7.038662e-01
[NA] iter=00001 eval=00517 misfit=8.296119e-01 best=7.038662e-01
[NA] iter=00001 eval=00518 misfit=8.811317e-01 best=7.038662e-01
[NA] iter=00001 eval=00519 misfit=7.531949e-01 best=7.038662e-01
[NA] iter=00001 eval=00520 misfit=7.929295e-01 best=7.038662e-01
[NA] iter=00001 eval=00521 misfit=7.645666e-01 best=7.038662e-01
[NA] iter=00001 eval=00522 misfit=7.570740e-01 best=7.038662e-01
[NA] iter=00001 eval=00523 misfit=6.953822e-01 best=6.953822e-01
[NA] iter=00001 eval=00524 misfit=8.200988e-01 best=6.953822e-01
[NA] iter=00001 eval=00525 misfit=8.489097e-01 best=6.953822e-01
[NA] iter=00001 eval=00526 misfit=9.663853e-01 best=6.953822e-01
[NA] iter=00001 eval=00527 misfit=9.868242e-01 best=6.953822e-01
[NA] iter=00001 eval=00528 misfit=8.461372e-01 best=6.953822e-01
[NA] iter=00001 eval=00529 misfit=1.022895e+00 best=6.953822e-01
[NA] iter=00001 eval=00530 misfit=1.005126e+00 best=6.953822e-01
[NA] iter=00001 eval=00531 misfit=9.118693e-01 best=6.953822e-01
[NA] iter=00001 eval=00532 misfit=7.277622e-01 best=6.953822e-01
[NA] iter=00001 eval=00533 misfit=8.798631e-01 best=6.953822e-01
[NA] iter=00001 eval=00534 misfit=8.673320e-01 best=6.953822e-01
[NA] iter=00001 eval=00535 misfit=8.298644e-01 best=6.953822e-01
[NA] iter=00001 eval=00536 misfit=9.725572e-01 best=6.953822e-01
[NA] iter=00001 eval=00537 misfit=8.485780e-01 best=6.953822e-01
[NA] iter=00001 eval=00538 misfit=1.002439e+00 best=6.953822e-01
[NA] iter=00001 eval=00539 misfit=8.185867e-01 best=6.953822e-01
[NA] iter=00001 eval=00540 misfit=8.132872e-01 best=6.953822e-01
[NA] iter=00001 eval=00541 misfit=8.679266e-01 best=6.953822e-01
[NA] iter=00001 eval=00542 misfit=7.642833e-01 best=6.953822e-01
[NA] iter=00001 eval=00543 misfit=7.766940e-01 best=6.953822e-01
[NA] iter=00001 eval=00544 misfit=7.900008e-01 best=6.953822e-01
[NA] iter=00001 eval=00545 misfit=7.588082e-01 best=6.953822e-01
[NA] iter=00001 eval=00546 misfit=7.859128e-01 best=6.953822e-01
[NA] iter=00001 eval=00547 misfit=8.558435e-01 best=6.953822e-01
[NA] iter=00001 eval=00548 misfit=9.263911e-01 best=6.953822e-01
[NA] iter=00001 eval=00549 misfit=7.139823e-01 best=6.953822e-01
[NA] iter=00001 eval=00550 misfit=8.445899e-01 best=6.953822e-01
NAI - Optimisation Loop:   2%|▏         | 1/50 [00:15<12:22, 15.15s/it][NA] iter=00002 eval=00551 misfit=7.613388e-01 best=6.953822e-01
[NA] iter=00002 eval=00552 misfit=7.049381e-01 best=6.953822e-01
[NA] iter=00002 eval=00553 misfit=7.618959e-01 best=6.953822e-01
[NA] iter=00002 eval=00554 misfit=8.613288e-01 best=6.953822e-01
[NA] iter=00002 eval=00555 misfit=9.212946e-01 best=6.953822e-01
[NA] iter=00002 eval=00556 misfit=7.433803e-01 best=6.953822e-01
[NA] iter=00002 eval=00557 misfit=7.132059e-01 best=6.953822e-01
[NA] iter=00002 eval=00558 misfit=7.855305e-01 best=6.953822e-01
[NA] iter=00002 eval=00559 misfit=7.127184e-01 best=6.953822e-01
[NA] iter=00002 eval=00560 misfit=7.673234e-01 best=6.953822e-01
[NA] iter=00002 eval=00561 misfit=9.272523e-01 best=6.953822e-01
[NA] iter=00002 eval=00562 misfit=7.278915e-01 best=6.953822e-01
[NA] iter=00002 eval=00563 misfit=9.233720e-01 best=6.953822e-01
[NA] iter=00002 eval=00564 misfit=8.840616e-01 best=6.953822e-01
[NA] iter=00002 eval=00565 misfit=9.321396e-01 best=6.953822e-01
[NA] iter=00002 eval=00566 misfit=8.316417e-01 best=6.953822e-01
[NA] iter=00002 eval=00567 misfit=8.255658e-01 best=6.953822e-01
[NA] iter=00002 eval=00568 misfit=7.303454e-01 best=6.953822e-01
[NA] iter=00002 eval=00569 misfit=7.238506e-01 best=6.953822e-01
[NA] iter=00002 eval=00570 misfit=7.771094e-01 best=6.953822e-01
[NA] iter=00002 eval=00571 misfit=9.643471e-01 best=6.953822e-01
[NA] iter=00002 eval=00572 misfit=8.990774e-01 best=6.953822e-01
[NA] iter=00002 eval=00573 misfit=7.956998e-01 best=6.953822e-01
[NA] iter=00002 eval=00574 misfit=8.545796e-01 best=6.953822e-01
[NA] iter=00002 eval=00575 misfit=8.530482e-01 best=6.953822e-01
[NA] iter=00002 eval=00576 misfit=7.355010e-01 best=6.953822e-01
[NA] iter=00002 eval=00577 misfit=8.157040e-01 best=6.953822e-01
[NA] iter=00002 eval=00578 misfit=7.651481e-01 best=6.953822e-01
[NA] iter=00002 eval=00579 misfit=7.503317e-01 best=6.953822e-01
[NA] iter=00002 eval=00580 misfit=7.736904e-01 best=6.953822e-01
[NA] iter=00002 eval=00581 misfit=7.420669e-01 best=6.953822e-01
[NA] iter=00002 eval=00582 misfit=8.150507e-01 best=6.953822e-01
[NA] iter=00002 eval=00583 misfit=7.707844e-01 best=6.953822e-01
[NA] iter=00002 eval=00584 misfit=7.911807e-01 best=6.953822e-01
[NA] iter=00002 eval=00585 misfit=7.945786e-01 best=6.953822e-01
[NA] iter=00002 eval=00586 misfit=8.484261e-01 best=6.953822e-01
[NA] iter=00002 eval=00587 misfit=7.881861e-01 best=6.953822e-01
[NA] iter=00002 eval=00588 misfit=7.458600e-01 best=6.953822e-01
[NA] iter=00002 eval=00589 misfit=7.578368e-01 best=6.953822e-01
[NA] iter=00002 eval=00590 misfit=7.781779e-01 best=6.953822e-01
[NA] iter=00002 eval=00591 misfit=8.917307e-01 best=6.953822e-01
[NA] iter=00002 eval=00592 misfit=8.898074e-01 best=6.953822e-01
[NA] iter=00002 eval=00593 misfit=8.038125e-01 best=6.953822e-01
[NA] iter=00002 eval=00594 misfit=8.871864e-01 best=6.953822e-01
[NA] iter=00002 eval=00595 misfit=8.430473e-01 best=6.953822e-01
[NA] iter=00002 eval=00596 misfit=7.001057e-01 best=6.953822e-01
[NA] iter=00002 eval=00597 misfit=8.437374e-01 best=6.953822e-01
[NA] iter=00002 eval=00598 misfit=7.543514e-01 best=6.953822e-01
[NA] iter=00002 eval=00599 misfit=8.448224e-01 best=6.953822e-01
[NA] iter=00002 eval=00600 misfit=7.636698e-01 best=6.953822e-01
NAI - Optimisation Loop:   4%|▍         | 2/50 [00:30<11:59, 14.99s/it][NA] iter=00003 eval=00601 misfit=7.479847e-01 best=6.953822e-01
[NA] iter=00003 eval=00602 misfit=8.300791e-01 best=6.953822e-01
[NA] iter=00003 eval=00603 misfit=7.729763e-01 best=6.953822e-01
[NA] iter=00003 eval=00604 misfit=8.714276e-01 best=6.953822e-01
[NA] iter=00003 eval=00605 misfit=8.813454e-01 best=6.953822e-01
[NA] iter=00003 eval=00606 misfit=9.514816e-01 best=6.953822e-01
[NA] iter=00003 eval=00607 misfit=7.675739e-01 best=6.953822e-01
[NA] iter=00003 eval=00608 misfit=9.101055e-01 best=6.953822e-01
[NA] iter=00003 eval=00609 misfit=7.220641e-01 best=6.953822e-01
[NA] iter=00003 eval=00610 misfit=7.665774e-01 best=6.953822e-01
[NA] iter=00003 eval=00611 misfit=6.921150e-01 best=6.921150e-01
[NA] iter=00003 eval=00612 misfit=7.902085e-01 best=6.921150e-01
[NA] iter=00003 eval=00613 misfit=7.720871e-01 best=6.921150e-01
[NA] iter=00003 eval=00614 misfit=7.707294e-01 best=6.921150e-01
[NA] iter=00003 eval=00615 misfit=7.441141e-01 best=6.921150e-01
[NA] iter=00003 eval=00616 misfit=8.321556e-01 best=6.921150e-01
[NA] iter=00003 eval=00617 misfit=7.667476e-01 best=6.921150e-01
[NA] iter=00003 eval=00618 misfit=7.197786e-01 best=6.921150e-01
[NA] iter=00003 eval=00619 misfit=7.996153e-01 best=6.921150e-01
[NA] iter=00003 eval=00620 misfit=7.188602e-01 best=6.921150e-01
[NA] iter=00003 eval=00621 misfit=7.480066e-01 best=6.921150e-01
[NA] iter=00003 eval=00622 misfit=7.407294e-01 best=6.921150e-01
[NA] iter=00003 eval=00623 misfit=7.197524e-01 best=6.921150e-01
[NA] iter=00003 eval=00624 misfit=7.197027e-01 best=6.921150e-01
[NA] iter=00003 eval=00625 misfit=7.600907e-01 best=6.921150e-01
[NA] iter=00003 eval=00626 misfit=7.530199e-01 best=6.921150e-01
[NA] iter=00003 eval=00627 misfit=7.363867e-01 best=6.921150e-01
[NA] iter=00003 eval=00628 misfit=8.027815e-01 best=6.921150e-01
[NA] iter=00003 eval=00629 misfit=7.826883e-01 best=6.921150e-01
[NA] iter=00003 eval=00630 misfit=7.478391e-01 best=6.921150e-01
[NA] iter=00003 eval=00631 misfit=9.161316e-01 best=6.921150e-01
[NA] iter=00003 eval=00632 misfit=9.827558e-01 best=6.921150e-01
[NA] iter=00003 eval=00633 misfit=8.340106e-01 best=6.921150e-01
[NA] iter=00003 eval=00634 misfit=8.355896e-01 best=6.921150e-01
[NA] iter=00003 eval=00635 misfit=7.009419e-01 best=6.921150e-01
[NA] iter=00003 eval=00636 misfit=7.098265e-01 best=6.921150e-01
[NA] iter=00003 eval=00637 misfit=7.410599e-01 best=6.921150e-01
[NA] iter=00003 eval=00638 misfit=7.759915e-01 best=6.921150e-01
[NA] iter=00003 eval=00639 misfit=7.752620e-01 best=6.921150e-01
[NA] iter=00003 eval=00640 misfit=6.963906e-01 best=6.921150e-01
[NA] iter=00003 eval=00641 misfit=7.558639e-01 best=6.921150e-01
[NA] iter=00003 eval=00642 misfit=6.939611e-01 best=6.921150e-01
[NA] iter=00003 eval=00643 misfit=7.233259e-01 best=6.921150e-01
[NA] iter=00003 eval=00644 misfit=7.190728e-01 best=6.921150e-01
[NA] iter=00003 eval=00645 misfit=7.176543e-01 best=6.921150e-01
[NA] iter=00003 eval=00646 misfit=8.413061e-01 best=6.921150e-01
[NA] iter=00003 eval=00647 misfit=8.856812e-01 best=6.921150e-01
[NA] iter=00003 eval=00648 misfit=7.954694e-01 best=6.921150e-01
[NA] iter=00003 eval=00649 misfit=8.308595e-01 best=6.921150e-01
[NA] iter=00003 eval=00650 misfit=7.692143e-01 best=6.921150e-01
NAI - Optimisation Loop:   6%|▌         | 3/50 [00:45<11:50, 15.12s/it][NA] iter=00004 eval=00651 misfit=7.214106e-01 best=6.921150e-01
[NA] iter=00004 eval=00652 misfit=7.077854e-01 best=6.921150e-01
[NA] iter=00004 eval=00653 misfit=7.388301e-01 best=6.921150e-01
[NA] iter=00004 eval=00654 misfit=8.045353e-01 best=6.921150e-01
[NA] iter=00004 eval=00655 misfit=7.480551e-01 best=6.921150e-01
[NA] iter=00004 eval=00656 misfit=7.166124e-01 best=6.921150e-01
[NA] iter=00004 eval=00657 misfit=6.964782e-01 best=6.921150e-01
[NA] iter=00004 eval=00658 misfit=6.849581e-01 best=6.849581e-01
[NA] iter=00004 eval=00659 misfit=7.087741e-01 best=6.849581e-01
[NA] iter=00004 eval=00660 misfit=7.305276e-01 best=6.849581e-01
[NA] iter=00004 eval=00661 misfit=7.095265e-01 best=6.849581e-01
[NA] iter=00004 eval=00662 misfit=6.857053e-01 best=6.849581e-01
[NA] iter=00004 eval=00663 misfit=7.534463e-01 best=6.849581e-01
[NA] iter=00004 eval=00664 misfit=8.026054e-01 best=6.849581e-01
[NA] iter=00004 eval=00665 misfit=7.469071e-01 best=6.849581e-01
[NA] iter=00004 eval=00666 misfit=7.358293e-01 best=6.849581e-01
[NA] iter=00004 eval=00667 misfit=7.806449e-01 best=6.849581e-01
[NA] iter=00004 eval=00668 misfit=7.006938e-01 best=6.849581e-01
[NA] iter=00004 eval=00669 misfit=7.409702e-01 best=6.849581e-01
[NA] iter=00004 eval=00670 misfit=7.142846e-01 best=6.849581e-01
[NA] iter=00004 eval=00671 misfit=7.352559e-01 best=6.849581e-01
[NA] iter=00004 eval=00672 misfit=7.407178e-01 best=6.849581e-01
[NA] iter=00004 eval=00673 misfit=7.292786e-01 best=6.849581e-01
[NA] iter=00004 eval=00674 misfit=7.493073e-01 best=6.849581e-01
[NA] iter=00004 eval=00675 misfit=7.134024e-01 best=6.849581e-01
[NA] iter=00004 eval=00676 misfit=7.045210e-01 best=6.849581e-01
[NA] iter=00004 eval=00677 misfit=7.026752e-01 best=6.849581e-01
[NA] iter=00004 eval=00678 misfit=7.799854e-01 best=6.849581e-01
[NA] iter=00004 eval=00679 misfit=7.317669e-01 best=6.849581e-01
[NA] iter=00004 eval=00680 misfit=7.435144e-01 best=6.849581e-01
[NA] iter=00004 eval=00681 misfit=6.943336e-01 best=6.849581e-01
[NA] iter=00004 eval=00682 misfit=6.755892e-01 best=6.755892e-01
[NA] iter=00004 eval=00683 misfit=6.946674e-01 best=6.755892e-01
[NA] iter=00004 eval=00684 misfit=7.169703e-01 best=6.755892e-01
[NA] iter=00004 eval=00685 misfit=7.235488e-01 best=6.755892e-01
[NA] iter=00004 eval=00686 misfit=6.993684e-01 best=6.755892e-01
[NA] iter=00004 eval=00687 misfit=7.547722e-01 best=6.755892e-01
[NA] iter=00004 eval=00688 misfit=7.813482e-01 best=6.755892e-01
[NA] iter=00004 eval=00689 misfit=7.361520e-01 best=6.755892e-01
[NA] iter=00004 eval=00690 misfit=8.212548e-01 best=6.755892e-01
[NA] iter=00004 eval=00691 misfit=7.002988e-01 best=6.755892e-01
[NA] iter=00004 eval=00692 misfit=7.234121e-01 best=6.755892e-01
[NA] iter=00004 eval=00693 misfit=7.146043e-01 best=6.755892e-01
[NA] iter=00004 eval=00694 misfit=7.385351e-01 best=6.755892e-01
[NA] iter=00004 eval=00695 misfit=7.137930e-01 best=6.755892e-01
[NA] iter=00004 eval=00696 misfit=7.335273e-01 best=6.755892e-01
[NA] iter=00004 eval=00697 misfit=7.705759e-01 best=6.755892e-01
[NA] iter=00004 eval=00698 misfit=7.216006e-01 best=6.755892e-01
[NA] iter=00004 eval=00699 misfit=7.155870e-01 best=6.755892e-01
[NA] iter=00004 eval=00700 misfit=7.817977e-01 best=6.755892e-01
NAI - Optimisation Loop:   8%|▊         | 4/50 [01:00<11:34, 15.10s/it][NA] iter=00005 eval=00701 misfit=6.794203e-01 best=6.755892e-01
[NA] iter=00005 eval=00702 misfit=6.838950e-01 best=6.755892e-01
[NA] iter=00005 eval=00703 misfit=7.050311e-01 best=6.755892e-01
[NA] iter=00005 eval=00704 misfit=6.831874e-01 best=6.755892e-01
[NA] iter=00005 eval=00705 misfit=6.986520e-01 best=6.755892e-01
[NA] iter=00005 eval=00706 misfit=7.550083e-01 best=6.755892e-01
[NA] iter=00005 eval=00707 misfit=7.546745e-01 best=6.755892e-01
[NA] iter=00005 eval=00708 misfit=7.190291e-01 best=6.755892e-01
[NA] iter=00005 eval=00709 misfit=7.179260e-01 best=6.755892e-01
[NA] iter=00005 eval=00710 misfit=6.862986e-01 best=6.755892e-01
[NA] iter=00005 eval=00711 misfit=6.922706e-01 best=6.755892e-01
[NA] iter=00005 eval=00712 misfit=7.061691e-01 best=6.755892e-01
[NA] iter=00005 eval=00713 misfit=6.983479e-01 best=6.755892e-01
[NA] iter=00005 eval=00714 misfit=7.440288e-01 best=6.755892e-01
[NA] iter=00005 eval=00715 misfit=7.031230e-01 best=6.755892e-01
[NA] iter=00005 eval=00716 misfit=6.787045e-01 best=6.755892e-01
[NA] iter=00005 eval=00717 misfit=7.243665e-01 best=6.755892e-01
[NA] iter=00005 eval=00718 misfit=7.044643e-01 best=6.755892e-01
[NA] iter=00005 eval=00719 misfit=7.265779e-01 best=6.755892e-01
[NA] iter=00005 eval=00720 misfit=7.423200e-01 best=6.755892e-01
[NA] iter=00005 eval=00721 misfit=6.905493e-01 best=6.755892e-01
[NA] iter=00005 eval=00722 misfit=6.906157e-01 best=6.755892e-01
[NA] iter=00005 eval=00723 misfit=6.942206e-01 best=6.755892e-01
[NA] iter=00005 eval=00724 misfit=7.046111e-01 best=6.755892e-01
[NA] iter=00005 eval=00725 misfit=6.896918e-01 best=6.755892e-01
[NA] iter=00005 eval=00726 misfit=7.221591e-01 best=6.755892e-01
[NA] iter=00005 eval=00727 misfit=6.865916e-01 best=6.755892e-01
[NA] iter=00005 eval=00728 misfit=6.804962e-01 best=6.755892e-01
[NA] iter=00005 eval=00729 misfit=7.112413e-01 best=6.755892e-01
[NA] iter=00005 eval=00730 misfit=6.761696e-01 best=6.755892e-01
[NA] iter=00005 eval=00731 misfit=7.222461e-01 best=6.755892e-01
[NA] iter=00005 eval=00732 misfit=6.896255e-01 best=6.755892e-01
[NA] iter=00005 eval=00733 misfit=7.371519e-01 best=6.755892e-01
[NA] iter=00005 eval=00734 misfit=6.943825e-01 best=6.755892e-01
[NA] iter=00005 eval=00735 misfit=6.776357e-01 best=6.755892e-01
[NA] iter=00005 eval=00736 misfit=7.287612e-01 best=6.755892e-01
[NA] iter=00005 eval=00737 misfit=6.902070e-01 best=6.755892e-01
[NA] iter=00005 eval=00738 misfit=7.587028e-01 best=6.755892e-01
[NA] iter=00005 eval=00739 misfit=6.954090e-01 best=6.755892e-01
[NA] iter=00005 eval=00740 misfit=6.974505e-01 best=6.755892e-01
[NA] iter=00005 eval=00741 misfit=7.240653e-01 best=6.755892e-01
[NA] iter=00005 eval=00742 misfit=7.290364e-01 best=6.755892e-01
[NA] iter=00005 eval=00743 misfit=6.970961e-01 best=6.755892e-01
[NA] iter=00005 eval=00744 misfit=7.638737e-01 best=6.755892e-01
[NA] iter=00005 eval=00745 misfit=7.287672e-01 best=6.755892e-01
[NA] iter=00005 eval=00746 misfit=7.465886e-01 best=6.755892e-01
[NA] iter=00005 eval=00747 misfit=7.274414e-01 best=6.755892e-01
[NA] iter=00005 eval=00748 misfit=7.438795e-01 best=6.755892e-01
[NA] iter=00005 eval=00749 misfit=6.946764e-01 best=6.755892e-01
[NA] iter=00005 eval=00750 misfit=7.173981e-01 best=6.755892e-01
NAI - Optimisation Loop:  10%|█         | 5/50 [01:15<11:15, 15.01s/it][NA] iter=00006 eval=00751 misfit=6.943315e-01 best=6.755892e-01
[NA] iter=00006 eval=00752 misfit=6.919586e-01 best=6.755892e-01
[NA] iter=00006 eval=00753 misfit=6.845707e-01 best=6.755892e-01
[NA] iter=00006 eval=00754 misfit=6.769610e-01 best=6.755892e-01
[NA] iter=00006 eval=00755 misfit=6.816891e-01 best=6.755892e-01
[NA] iter=00006 eval=00756 misfit=6.782173e-01 best=6.755892e-01
[NA] iter=00006 eval=00757 misfit=6.964538e-01 best=6.755892e-01
[NA] iter=00006 eval=00758 misfit=6.866247e-01 best=6.755892e-01
[NA] iter=00006 eval=00759 misfit=6.792534e-01 best=6.755892e-01
[NA] iter=00006 eval=00760 misfit=6.755777e-01 best=6.755777e-01
[NA] iter=00006 eval=00761 misfit=6.891618e-01 best=6.755777e-01
[NA] iter=00006 eval=00762 misfit=6.793239e-01 best=6.755777e-01
[NA] iter=00006 eval=00763 misfit=6.824322e-01 best=6.755777e-01
[NA] iter=00006 eval=00764 misfit=6.886050e-01 best=6.755777e-01
[NA] iter=00006 eval=00765 misfit=6.761029e-01 best=6.755777e-01
[NA] iter=00006 eval=00766 misfit=6.754651e-01 best=6.754651e-01
[NA] iter=00006 eval=00767 misfit=6.858582e-01 best=6.754651e-01
[NA] iter=00006 eval=00768 misfit=6.917387e-01 best=6.754651e-01
[NA] iter=00006 eval=00769 misfit=6.930693e-01 best=6.754651e-01
[NA] iter=00006 eval=00770 misfit=6.989948e-01 best=6.754651e-01
[NA] iter=00006 eval=00771 misfit=6.818211e-01 best=6.754651e-01
[NA] iter=00006 eval=00772 misfit=6.862450e-01 best=6.754651e-01
[NA] iter=00006 eval=00773 misfit=6.820571e-01 best=6.754651e-01
[NA] iter=00006 eval=00774 misfit=6.838832e-01 best=6.754651e-01
[NA] iter=00006 eval=00775 misfit=6.829083e-01 best=6.754651e-01
[NA] iter=00006 eval=00776 misfit=6.921376e-01 best=6.754651e-01
[NA] iter=00006 eval=00777 misfit=7.192309e-01 best=6.754651e-01
[NA] iter=00006 eval=00778 misfit=6.928980e-01 best=6.754651e-01
[NA] iter=00006 eval=00779 misfit=7.207354e-01 best=6.754651e-01
[NA] iter=00006 eval=00780 misfit=7.017238e-01 best=6.754651e-01
[NA] iter=00006 eval=00781 misfit=6.993240e-01 best=6.754651e-01
[NA] iter=00006 eval=00782 misfit=7.643808e-01 best=6.754651e-01
[NA] iter=00006 eval=00783 misfit=6.863573e-01 best=6.754651e-01
[NA] iter=00006 eval=00784 misfit=7.703462e-01 best=6.754651e-01
[NA] iter=00006 eval=00785 misfit=7.115664e-01 best=6.754651e-01
[NA] iter=00006 eval=00786 misfit=6.849352e-01 best=6.754651e-01
[NA] iter=00006 eval=00787 misfit=7.419278e-01 best=6.754651e-01
[NA] iter=00006 eval=00788 misfit=6.845841e-01 best=6.754651e-01
[NA] iter=00006 eval=00789 misfit=7.520802e-01 best=6.754651e-01
[NA] iter=00006 eval=00790 misfit=7.551321e-01 best=6.754651e-01
[NA] iter=00006 eval=00791 misfit=6.857595e-01 best=6.754651e-01
[NA] iter=00006 eval=00792 misfit=6.941111e-01 best=6.754651e-01
[NA] iter=00006 eval=00793 misfit=6.849059e-01 best=6.754651e-01
[NA] iter=00006 eval=00794 misfit=6.886798e-01 best=6.754651e-01
[NA] iter=00006 eval=00795 misfit=6.868076e-01 best=6.754651e-01
[NA] iter=00006 eval=00796 misfit=6.865307e-01 best=6.754651e-01
[NA] iter=00006 eval=00797 misfit=7.534634e-01 best=6.754651e-01
[NA] iter=00006 eval=00798 misfit=6.948482e-01 best=6.754651e-01
[NA] iter=00006 eval=00799 misfit=7.096282e-01 best=6.754651e-01
[NA] iter=00006 eval=00800 misfit=6.973904e-01 best=6.754651e-01
NAI - Optimisation Loop:  12%|█▏        | 6/50 [01:28<10:39, 14.53s/it][NA] iter=00007 eval=00801 misfit=6.771947e-01 best=6.754651e-01
[NA] iter=00007 eval=00802 misfit=7.021499e-01 best=6.754651e-01
[NA] iter=00007 eval=00803 misfit=6.962118e-01 best=6.754651e-01
[NA] iter=00007 eval=00804 misfit=7.104499e-01 best=6.754651e-01
[NA] iter=00007 eval=00805 misfit=6.791988e-01 best=6.754651e-01
[NA] iter=00007 eval=00806 misfit=6.771983e-01 best=6.754651e-01
[NA] iter=00007 eval=00807 misfit=6.757522e-01 best=6.754651e-01
[NA] iter=00007 eval=00808 misfit=6.827753e-01 best=6.754651e-01
[NA] iter=00007 eval=00809 misfit=6.834063e-01 best=6.754651e-01
[NA] iter=00007 eval=00810 misfit=6.746215e-01 best=6.746215e-01
[NA] iter=00007 eval=00811 misfit=6.785574e-01 best=6.746215e-01
[NA] iter=00007 eval=00812 misfit=6.818203e-01 best=6.746215e-01
[NA] iter=00007 eval=00813 misfit=6.838486e-01 best=6.746215e-01
[NA] iter=00007 eval=00814 misfit=6.764880e-01 best=6.746215e-01
[NA] iter=00007 eval=00815 misfit=6.753973e-01 best=6.746215e-01
[NA] iter=00007 eval=00816 misfit=6.795112e-01 best=6.746215e-01
[NA] iter=00007 eval=00817 misfit=6.828712e-01 best=6.746215e-01
[NA] iter=00007 eval=00818 misfit=6.778141e-01 best=6.746215e-01
[NA] iter=00007 eval=00819 misfit=6.818576e-01 best=6.746215e-01
[NA] iter=00007 eval=00820 misfit=6.821765e-01 best=6.746215e-01
[NA] iter=00007 eval=00821 misfit=6.757527e-01 best=6.746215e-01
[NA] iter=00007 eval=00822 misfit=6.817108e-01 best=6.746215e-01
[NA] iter=00007 eval=00823 misfit=6.831470e-01 best=6.746215e-01
[NA] iter=00007 eval=00824 misfit=6.809015e-01 best=6.746215e-01
[NA] iter=00007 eval=00825 misfit=6.780544e-01 best=6.746215e-01
[NA] iter=00007 eval=00826 misfit=6.802265e-01 best=6.746215e-01
[NA] iter=00007 eval=00827 misfit=6.853731e-01 best=6.746215e-01
[NA] iter=00007 eval=00828 misfit=6.774139e-01 best=6.746215e-01
[NA] iter=00007 eval=00829 misfit=6.758112e-01 best=6.746215e-01
[NA] iter=00007 eval=00830 misfit=6.772573e-01 best=6.746215e-01
[NA] iter=00007 eval=00831 misfit=6.764522e-01 best=6.746215e-01
[NA] iter=00007 eval=00832 misfit=6.771755e-01 best=6.746215e-01
[NA] iter=00007 eval=00833 misfit=6.775582e-01 best=6.746215e-01
[NA] iter=00007 eval=00834 misfit=6.833515e-01 best=6.746215e-01
[NA] iter=00007 eval=00835 misfit=6.784291e-01 best=6.746215e-01
[NA] iter=00007 eval=00836 misfit=7.026614e-01 best=6.746215e-01
[NA] iter=00007 eval=00837 misfit=6.894250e-01 best=6.746215e-01
[NA] iter=00007 eval=00838 misfit=6.760393e-01 best=6.746215e-01
[NA] iter=00007 eval=00839 misfit=6.859764e-01 best=6.746215e-01
[NA] iter=00007 eval=00840 misfit=6.883194e-01 best=6.746215e-01
[NA] iter=00007 eval=00841 misfit=6.870026e-01 best=6.746215e-01
[NA] iter=00007 eval=00842 misfit=6.782264e-01 best=6.746215e-01
[NA] iter=00007 eval=00843 misfit=6.781696e-01 best=6.746215e-01
[NA] iter=00007 eval=00844 misfit=6.837890e-01 best=6.746215e-01
[NA] iter=00007 eval=00845 misfit=6.976921e-01 best=6.746215e-01
[NA] iter=00007 eval=00846 misfit=6.836429e-01 best=6.746215e-01
[NA] iter=00007 eval=00847 misfit=6.825643e-01 best=6.746215e-01
[NA] iter=00007 eval=00848 misfit=6.835020e-01 best=6.746215e-01
[NA] iter=00007 eval=00849 misfit=6.839537e-01 best=6.746215e-01
[NA] iter=00007 eval=00850 misfit=6.840793e-01 best=6.746215e-01
NAI - Optimisation Loop:  14%|█▍        | 7/50 [01:42<10:10, 14.20s/it][NA] iter=00008 eval=00851 misfit=6.851180e-01 best=6.746215e-01
[NA] iter=00008 eval=00852 misfit=6.792184e-01 best=6.746215e-01
[NA] iter=00008 eval=00853 misfit=6.802475e-01 best=6.746215e-01
[NA] iter=00008 eval=00854 misfit=6.842960e-01 best=6.746215e-01
[NA] iter=00008 eval=00855 misfit=6.907119e-01 best=6.746215e-01
[NA] iter=00008 eval=00856 misfit=6.733632e-01 best=6.733632e-01
[NA] iter=00008 eval=00857 misfit=6.760750e-01 best=6.733632e-01
[NA] iter=00008 eval=00858 misfit=6.754683e-01 best=6.733632e-01
[NA] iter=00008 eval=00859 misfit=6.757249e-01 best=6.733632e-01
[NA] iter=00008 eval=00860 misfit=6.754514e-01 best=6.733632e-01
[NA] iter=00008 eval=00861 misfit=6.796636e-01 best=6.733632e-01
[NA] iter=00008 eval=00862 misfit=6.780778e-01 best=6.733632e-01
[NA] iter=00008 eval=00863 misfit=6.784126e-01 best=6.733632e-01
[NA] iter=00008 eval=00864 misfit=6.811610e-01 best=6.733632e-01
[NA] iter=00008 eval=00865 misfit=6.759544e-01 best=6.733632e-01
[NA] iter=00008 eval=00866 misfit=6.808686e-01 best=6.733632e-01
[NA] iter=00008 eval=00867 misfit=6.777275e-01 best=6.733632e-01
[NA] iter=00008 eval=00868 misfit=6.783480e-01 best=6.733632e-01
[NA] iter=00008 eval=00869 misfit=6.777356e-01 best=6.733632e-01
[NA] iter=00008 eval=00870 misfit=6.813477e-01 best=6.733632e-01
[NA] iter=00008 eval=00871 misfit=6.765061e-01 best=6.733632e-01
[NA] iter=00008 eval=00872 misfit=6.869179e-01 best=6.733632e-01
[NA] iter=00008 eval=00873 misfit=6.780674e-01 best=6.733632e-01
[NA] iter=00008 eval=00874 misfit=6.785590e-01 best=6.733632e-01
[NA] iter=00008 eval=00875 misfit=6.765096e-01 best=6.733632e-01
[NA] iter=00008 eval=00876 misfit=6.774264e-01 best=6.733632e-01
[NA] iter=00008 eval=00877 misfit=6.767667e-01 best=6.733632e-01
[NA] iter=00008 eval=00878 misfit=6.783837e-01 best=6.733632e-01
[NA] iter=00008 eval=00879 misfit=6.743586e-01 best=6.733632e-01
[NA] iter=00008 eval=00880 misfit=6.782648e-01 best=6.733632e-01
[NA] iter=00008 eval=00881 misfit=6.790974e-01 best=6.733632e-01
[NA] iter=00008 eval=00882 misfit=6.810674e-01 best=6.733632e-01
[NA] iter=00008 eval=00883 misfit=6.751581e-01 best=6.733632e-01
[NA] iter=00008 eval=00884 misfit=6.756562e-01 best=6.733632e-01
[NA] iter=00008 eval=00885 misfit=6.760962e-01 best=6.733632e-01
[NA] iter=00008 eval=00886 misfit=6.821141e-01 best=6.733632e-01
[NA] iter=00008 eval=00887 misfit=6.788417e-01 best=6.733632e-01
[NA] iter=00008 eval=00888 misfit=6.787017e-01 best=6.733632e-01
[NA] iter=00008 eval=00889 misfit=6.741137e-01 best=6.733632e-01
[NA] iter=00008 eval=00890 misfit=6.796302e-01 best=6.733632e-01
[NA] iter=00008 eval=00891 misfit=6.851330e-01 best=6.733632e-01
[NA] iter=00008 eval=00892 misfit=6.752151e-01 best=6.733632e-01
[NA] iter=00008 eval=00893 misfit=6.837185e-01 best=6.733632e-01
[NA] iter=00008 eval=00894 misfit=6.800266e-01 best=6.733632e-01
[NA] iter=00008 eval=00895 misfit=6.862327e-01 best=6.733632e-01
[NA] iter=00008 eval=00896 misfit=6.785462e-01 best=6.733632e-01
[NA] iter=00008 eval=00897 misfit=6.813100e-01 best=6.733632e-01
[NA] iter=00008 eval=00898 misfit=6.807244e-01 best=6.733632e-01
[NA] iter=00008 eval=00899 misfit=6.842732e-01 best=6.733632e-01
[NA] iter=00008 eval=00900 misfit=6.743571e-01 best=6.733632e-01
NAI - Optimisation Loop:  16%|█▌        | 8/50 [01:55<09:47, 13.98s/it][NA] iter=00009 eval=00901 misfit=6.755611e-01 best=6.733632e-01
[NA] iter=00009 eval=00902 misfit=6.759759e-01 best=6.733632e-01
[NA] iter=00009 eval=00903 misfit=6.782845e-01 best=6.733632e-01
[NA] iter=00009 eval=00904 misfit=6.766563e-01 best=6.733632e-01
[NA] iter=00009 eval=00905 misfit=6.721759e-01 best=6.721759e-01
[NA] iter=00009 eval=00906 misfit=6.833301e-01 best=6.721759e-01
[NA] iter=00009 eval=00907 misfit=7.048757e-01 best=6.721759e-01
[NA] iter=00009 eval=00908 misfit=6.822428e-01 best=6.721759e-01
[NA] iter=00009 eval=00909 misfit=6.827470e-01 best=6.721759e-01
[NA] iter=00009 eval=00910 misfit=6.754065e-01 best=6.721759e-01
[NA] iter=00009 eval=00911 misfit=6.782052e-01 best=6.721759e-01
[NA] iter=00009 eval=00912 misfit=6.775743e-01 best=6.721759e-01
[NA] iter=00009 eval=00913 misfit=6.754356e-01 best=6.721759e-01
[NA] iter=00009 eval=00914 misfit=6.756197e-01 best=6.721759e-01
[NA] iter=00009 eval=00915 misfit=6.725435e-01 best=6.721759e-01
[NA] iter=00009 eval=00916 misfit=6.737754e-01 best=6.721759e-01
[NA] iter=00009 eval=00917 misfit=6.746935e-01 best=6.721759e-01
[NA] iter=00009 eval=00918 misfit=6.740506e-01 best=6.721759e-01
[NA] iter=00009 eval=00919 misfit=6.744015e-01 best=6.721759e-01
[NA] iter=00009 eval=00920 misfit=6.756229e-01 best=6.721759e-01
[NA] iter=00009 eval=00921 misfit=6.788532e-01 best=6.721759e-01
[NA] iter=00009 eval=00922 misfit=6.726910e-01 best=6.721759e-01
[NA] iter=00009 eval=00923 misfit=6.805513e-01 best=6.721759e-01
[NA] iter=00009 eval=00924 misfit=6.806219e-01 best=6.721759e-01
[NA] iter=00009 eval=00925 misfit=6.799108e-01 best=6.721759e-01
[NA] iter=00009 eval=00926 misfit=6.794701e-01 best=6.721759e-01
[NA] iter=00009 eval=00927 misfit=6.796821e-01 best=6.721759e-01
[NA] iter=00009 eval=00928 misfit=6.827148e-01 best=6.721759e-01
[NA] iter=00009 eval=00929 misfit=6.852244e-01 best=6.721759e-01
[NA] iter=00009 eval=00930 misfit=6.766298e-01 best=6.721759e-01
[NA] iter=00009 eval=00931 misfit=6.747746e-01 best=6.721759e-01
[NA] iter=00009 eval=00932 misfit=6.740944e-01 best=6.721759e-01
[NA] iter=00009 eval=00933 misfit=6.847679e-01 best=6.721759e-01
[NA] iter=00009 eval=00934 misfit=6.793683e-01 best=6.721759e-01
[NA] iter=00009 eval=00935 misfit=6.845501e-01 best=6.721759e-01
[NA] iter=00009 eval=00936 misfit=6.774704e-01 best=6.721759e-01
[NA] iter=00009 eval=00937 misfit=6.763866e-01 best=6.721759e-01
[NA] iter=00009 eval=00938 misfit=6.750860e-01 best=6.721759e-01
[NA] iter=00009 eval=00939 misfit=6.751158e-01 best=6.721759e-01
[NA] iter=00009 eval=00940 misfit=6.756362e-01 best=6.721759e-01
[NA] iter=00009 eval=00941 misfit=6.764182e-01 best=6.721759e-01
[NA] iter=00009 eval=00942 misfit=6.758506e-01 best=6.721759e-01
[NA] iter=00009 eval=00943 misfit=6.755630e-01 best=6.721759e-01
[NA] iter=00009 eval=00944 misfit=6.767378e-01 best=6.721759e-01
[NA] iter=00009 eval=00945 misfit=6.903623e-01 best=6.721759e-01
[NA] iter=00009 eval=00946 misfit=6.763995e-01 best=6.721759e-01
[NA] iter=00009 eval=00947 misfit=6.757264e-01 best=6.721759e-01
[NA] iter=00009 eval=00948 misfit=6.789841e-01 best=6.721759e-01
[NA] iter=00009 eval=00949 misfit=6.853702e-01 best=6.721759e-01
[NA] iter=00009 eval=00950 misfit=6.778936e-01 best=6.721759e-01
NAI - Optimisation Loop:  18%|█▊        | 9/50 [02:10<09:36, 14.05s/it][NA] iter=00010 eval=00951 misfit=6.746978e-01 best=6.721759e-01
[NA] iter=00010 eval=00952 misfit=6.720284e-01 best=6.720284e-01
[NA] iter=00010 eval=00953 misfit=6.726177e-01 best=6.720284e-01
[NA] iter=00010 eval=00954 misfit=6.724639e-01 best=6.720284e-01
[NA] iter=00010 eval=00955 misfit=6.741968e-01 best=6.720284e-01
[NA] iter=00010 eval=00956 misfit=6.753902e-01 best=6.720284e-01
[NA] iter=00010 eval=00957 misfit=6.746290e-01 best=6.720284e-01
[NA] iter=00010 eval=00958 misfit=6.724184e-01 best=6.720284e-01
[NA] iter=00010 eval=00959 misfit=6.739505e-01 best=6.720284e-01
[NA] iter=00010 eval=00960 misfit=6.763826e-01 best=6.720284e-01
[NA] iter=00010 eval=00961 misfit=6.743335e-01 best=6.720284e-01
[NA] iter=00010 eval=00962 misfit=6.728314e-01 best=6.720284e-01
[NA] iter=00010 eval=00963 misfit=6.766740e-01 best=6.720284e-01
[NA] iter=00010 eval=00964 misfit=6.741239e-01 best=6.720284e-01
[NA] iter=00010 eval=00965 misfit=6.738708e-01 best=6.720284e-01
[NA] iter=00010 eval=00966 misfit=6.735288e-01 best=6.720284e-01
[NA] iter=00010 eval=00967 misfit=6.726342e-01 best=6.720284e-01
[NA] iter=00010 eval=00968 misfit=6.726647e-01 best=6.720284e-01
[NA] iter=00010 eval=00969 misfit=6.719200e-01 best=6.719200e-01
[NA] iter=00010 eval=00970 misfit=6.718890e-01 best=6.718890e-01
[NA] iter=00010 eval=00971 misfit=6.786077e-01 best=6.718890e-01
[NA] iter=00010 eval=00972 misfit=6.792038e-01 best=6.718890e-01
[NA] iter=00010 eval=00973 misfit=6.782411e-01 best=6.718890e-01
[NA] iter=00010 eval=00974 misfit=6.736413e-01 best=6.718890e-01
[NA] iter=00010 eval=00975 misfit=6.789819e-01 best=6.718890e-01
[NA] iter=00010 eval=00976 misfit=6.749271e-01 best=6.718890e-01
[NA] iter=00010 eval=00977 misfit=6.744090e-01 best=6.718890e-01
[NA] iter=00010 eval=00978 misfit=6.748837e-01 best=6.718890e-01
[NA] iter=00010 eval=00979 misfit=6.745244e-01 best=6.718890e-01
[NA] iter=00010 eval=00980 misfit=6.747124e-01 best=6.718890e-01
[NA] iter=00010 eval=00981 misfit=6.789988e-01 best=6.718890e-01
[NA] iter=00010 eval=00982 misfit=6.878349e-01 best=6.718890e-01
[NA] iter=00010 eval=00983 misfit=6.794732e-01 best=6.718890e-01
[NA] iter=00010 eval=00984 misfit=6.869995e-01 best=6.718890e-01
[NA] iter=00010 eval=00985 misfit=6.749924e-01 best=6.718890e-01
[NA] iter=00010 eval=00986 misfit=6.811848e-01 best=6.718890e-01
[NA] iter=00010 eval=00987 misfit=6.820799e-01 best=6.718890e-01
[NA] iter=00010 eval=00988 misfit=6.755020e-01 best=6.718890e-01
[NA] iter=00010 eval=00989 misfit=6.762938e-01 best=6.718890e-01
[NA] iter=00010 eval=00990 misfit=6.739511e-01 best=6.718890e-01
[NA] iter=00010 eval=00991 misfit=6.740287e-01 best=6.718890e-01
[NA] iter=00010 eval=00992 misfit=6.727008e-01 best=6.718890e-01
[NA] iter=00010 eval=00993 misfit=6.777176e-01 best=6.718890e-01
[NA] iter=00010 eval=00994 misfit=6.745493e-01 best=6.718890e-01
[NA] iter=00010 eval=00995 misfit=6.748110e-01 best=6.718890e-01
[NA] iter=00010 eval=00996 misfit=6.745187e-01 best=6.718890e-01
[NA] iter=00010 eval=00997 misfit=6.745104e-01 best=6.718890e-01
[NA] iter=00010 eval=00998 misfit=6.758626e-01 best=6.718890e-01
[NA] iter=00010 eval=00999 misfit=6.743163e-01 best=6.718890e-01
[NA] iter=00010 eval=01000 misfit=6.745558e-01 best=6.718890e-01
NAI - Optimisation Loop:  20%|██        | 10/50 [02:24<09:26, 14.15s/it][NA] iter=00011 eval=01001 misfit=6.719117e-01 best=6.718890e-01
[NA] iter=00011 eval=01002 misfit=6.717088e-01 best=6.717088e-01
[NA] iter=00011 eval=01003 misfit=6.712850e-01 best=6.712850e-01
[NA] iter=00011 eval=01004 misfit=6.715587e-01 best=6.712850e-01
[NA] iter=00011 eval=01005 misfit=6.715354e-01 best=6.712850e-01
[NA] iter=00011 eval=01006 misfit=6.730252e-01 best=6.712850e-01
[NA] iter=00011 eval=01007 misfit=6.727531e-01 best=6.712850e-01
[NA] iter=00011 eval=01008 misfit=6.740886e-01 best=6.712850e-01
[NA] iter=00011 eval=01009 misfit=6.724576e-01 best=6.712850e-01
[NA] iter=00011 eval=01010 misfit=6.722304e-01 best=6.712850e-01
[NA] iter=00011 eval=01011 misfit=6.741113e-01 best=6.712850e-01
[NA] iter=00011 eval=01012 misfit=6.756563e-01 best=6.712850e-01
[NA] iter=00011 eval=01013 misfit=6.728735e-01 best=6.712850e-01
[NA] iter=00011 eval=01014 misfit=6.743885e-01 best=6.712850e-01
[NA] iter=00011 eval=01015 misfit=6.810632e-01 best=6.712850e-01
[NA] iter=00011 eval=01016 misfit=6.718367e-01 best=6.712850e-01
[NA] iter=00011 eval=01017 misfit=6.754007e-01 best=6.712850e-01
[NA] iter=00011 eval=01018 misfit=6.712822e-01 best=6.712822e-01
[NA] iter=00011 eval=01019 misfit=6.716184e-01 best=6.712822e-01
[NA] iter=00011 eval=01020 misfit=6.724375e-01 best=6.712822e-01
[NA] iter=00011 eval=01021 misfit=6.761980e-01 best=6.712822e-01
[NA] iter=00011 eval=01022 misfit=6.790178e-01 best=6.712822e-01
[NA] iter=00011 eval=01023 misfit=6.755946e-01 best=6.712822e-01
[NA] iter=00011 eval=01024 misfit=6.773908e-01 best=6.712822e-01
[NA] iter=00011 eval=01025 misfit=6.743613e-01 best=6.712822e-01
[NA] iter=00011 eval=01026 misfit=6.793832e-01 best=6.712822e-01
[NA] iter=00011 eval=01027 misfit=6.740998e-01 best=6.712822e-01
[NA] iter=00011 eval=01028 misfit=6.745736e-01 best=6.712822e-01
[NA] iter=00011 eval=01029 misfit=6.749542e-01 best=6.712822e-01
[NA] iter=00011 eval=01030 misfit=6.791020e-01 best=6.712822e-01
[NA] iter=00011 eval=01031 misfit=6.730881e-01 best=6.712822e-01
[NA] iter=00011 eval=01032 misfit=6.752964e-01 best=6.712822e-01
[NA] iter=00011 eval=01033 misfit=6.746164e-01 best=6.712822e-01
[NA] iter=00011 eval=01034 misfit=6.753101e-01 best=6.712822e-01
[NA] iter=00011 eval=01035 misfit=6.753287e-01 best=6.712822e-01
[NA] iter=00011 eval=01036 misfit=6.730586e-01 best=6.712822e-01
[NA] iter=00011 eval=01037 misfit=6.741789e-01 best=6.712822e-01
[NA] iter=00011 eval=01038 misfit=6.739924e-01 best=6.712822e-01
[NA] iter=00011 eval=01039 misfit=6.732880e-01 best=6.712822e-01
[NA] iter=00011 eval=01040 misfit=6.722812e-01 best=6.712822e-01
[NA] iter=00011 eval=01041 misfit=6.733223e-01 best=6.712822e-01
[NA] iter=00011 eval=01042 misfit=6.721760e-01 best=6.712822e-01
[NA] iter=00011 eval=01043 misfit=6.747060e-01 best=6.712822e-01
[NA] iter=00011 eval=01044 misfit=6.743632e-01 best=6.712822e-01
[NA] iter=00011 eval=01045 misfit=6.739482e-01 best=6.712822e-01
[NA] iter=00011 eval=01046 misfit=6.743623e-01 best=6.712822e-01
[NA] iter=00011 eval=01047 misfit=6.733999e-01 best=6.712822e-01
[NA] iter=00011 eval=01048 misfit=6.723421e-01 best=6.712822e-01
[NA] iter=00011 eval=01049 misfit=6.718716e-01 best=6.712822e-01
[NA] iter=00011 eval=01050 misfit=6.739336e-01 best=6.712822e-01
NAI - Optimisation Loop:  22%|██▏       | 11/50 [02:38<09:10, 14.11s/it][NA] iter=00012 eval=01051 misfit=6.713092e-01 best=6.712822e-01
[NA] iter=00012 eval=01052 misfit=6.716125e-01 best=6.712822e-01
[NA] iter=00012 eval=01053 misfit=6.714300e-01 best=6.712822e-01
[NA] iter=00012 eval=01054 misfit=6.711500e-01 best=6.711500e-01
[NA] iter=00012 eval=01055 misfit=6.730819e-01 best=6.711500e-01
[NA] iter=00012 eval=01056 misfit=6.714149e-01 best=6.711500e-01
[NA] iter=00012 eval=01057 misfit=6.713817e-01 best=6.711500e-01
[NA] iter=00012 eval=01058 misfit=6.714124e-01 best=6.711500e-01
[NA] iter=00012 eval=01059 misfit=6.712928e-01 best=6.711500e-01
[NA] iter=00012 eval=01060 misfit=6.713219e-01 best=6.711500e-01
[NA] iter=00012 eval=01061 misfit=6.719089e-01 best=6.711500e-01
[NA] iter=00012 eval=01062 misfit=6.723951e-01 best=6.711500e-01
[NA] iter=00012 eval=01063 misfit=6.718804e-01 best=6.711500e-01
[NA] iter=00012 eval=01064 misfit=6.724001e-01 best=6.711500e-01
[NA] iter=00012 eval=01065 misfit=6.722835e-01 best=6.711500e-01
[NA] iter=00012 eval=01066 misfit=6.745428e-01 best=6.711500e-01
[NA] iter=00012 eval=01067 misfit=6.795627e-01 best=6.711500e-01
[NA] iter=00012 eval=01068 misfit=6.745568e-01 best=6.711500e-01
[NA] iter=00012 eval=01069 misfit=6.748045e-01 best=6.711500e-01
[NA] iter=00012 eval=01070 misfit=6.755352e-01 best=6.711500e-01
[NA] iter=00012 eval=01071 misfit=6.735793e-01 best=6.711500e-01
[NA] iter=00012 eval=01072 misfit=6.799133e-01 best=6.711500e-01
[NA] iter=00012 eval=01073 misfit=6.786290e-01 best=6.711500e-01
[NA] iter=00012 eval=01074 misfit=6.761534e-01 best=6.711500e-01
[NA] iter=00012 eval=01075 misfit=6.721179e-01 best=6.711500e-01
[NA] iter=00012 eval=01076 misfit=6.765503e-01 best=6.711500e-01
[NA] iter=00012 eval=01077 misfit=6.715668e-01 best=6.711500e-01
[NA] iter=00012 eval=01078 misfit=6.719029e-01 best=6.711500e-01
[NA] iter=00012 eval=01079 misfit=6.717628e-01 best=6.711500e-01
[NA] iter=00012 eval=01080 misfit=6.718989e-01 best=6.711500e-01
[NA] iter=00012 eval=01081 misfit=6.722734e-01 best=6.711500e-01
[NA] iter=00012 eval=01082 misfit=6.719857e-01 best=6.711500e-01
[NA] iter=00012 eval=01083 misfit=6.725277e-01 best=6.711500e-01
[NA] iter=00012 eval=01084 misfit=6.725869e-01 best=6.711500e-01
[NA] iter=00012 eval=01085 misfit=6.720172e-01 best=6.711500e-01
[NA] iter=00012 eval=01086 misfit=6.712808e-01 best=6.711500e-01
[NA] iter=00012 eval=01087 misfit=6.737963e-01 best=6.711500e-01
[NA] iter=00012 eval=01088 misfit=6.721586e-01 best=6.711500e-01
[NA] iter=00012 eval=01089 misfit=6.721761e-01 best=6.711500e-01
[NA] iter=00012 eval=01090 misfit=6.720403e-01 best=6.711500e-01
[NA] iter=00012 eval=01091 misfit=6.719272e-01 best=6.711500e-01
[NA] iter=00012 eval=01092 misfit=6.715717e-01 best=6.711500e-01
[NA] iter=00012 eval=01093 misfit=6.724601e-01 best=6.711500e-01
[NA] iter=00012 eval=01094 misfit=6.718097e-01 best=6.711500e-01
[NA] iter=00012 eval=01095 misfit=6.721385e-01 best=6.711500e-01
[NA] iter=00012 eval=01096 misfit=6.719633e-01 best=6.711500e-01
[NA] iter=00012 eval=01097 misfit=6.714201e-01 best=6.711500e-01
[NA] iter=00012 eval=01098 misfit=6.720398e-01 best=6.711500e-01
[NA] iter=00012 eval=01099 misfit=6.723950e-01 best=6.711500e-01
[NA] iter=00012 eval=01100 misfit=6.720465e-01 best=6.711500e-01
NAI - Optimisation Loop:  24%|██▍       | 12/50 [02:53<09:05, 14.35s/it][NA] iter=00013 eval=01101 misfit=6.713350e-01 best=6.711500e-01
[NA] iter=00013 eval=01102 misfit=6.713853e-01 best=6.711500e-01
[NA] iter=00013 eval=01103 misfit=6.714964e-01 best=6.711500e-01
[NA] iter=00013 eval=01104 misfit=6.714362e-01 best=6.711500e-01
[NA] iter=00013 eval=01105 misfit=6.714375e-01 best=6.711500e-01
[NA] iter=00013 eval=01106 misfit=6.717834e-01 best=6.711500e-01
[NA] iter=00013 eval=01107 misfit=6.713189e-01 best=6.711500e-01
[NA] iter=00013 eval=01108 misfit=6.721502e-01 best=6.711500e-01
[NA] iter=00013 eval=01109 misfit=6.714759e-01 best=6.711500e-01
[NA] iter=00013 eval=01110 misfit=6.716110e-01 best=6.711500e-01
[NA] iter=00013 eval=01111 misfit=6.729735e-01 best=6.711500e-01
[NA] iter=00013 eval=01112 misfit=6.716019e-01 best=6.711500e-01
[NA] iter=00013 eval=01113 misfit=6.714878e-01 best=6.711500e-01
[NA] iter=00013 eval=01114 misfit=6.730168e-01 best=6.711500e-01
[NA] iter=00013 eval=01115 misfit=6.730248e-01 best=6.711500e-01
[NA] iter=00013 eval=01116 misfit=6.716754e-01 best=6.711500e-01
[NA] iter=00013 eval=01117 misfit=6.716043e-01 best=6.711500e-01
[NA] iter=00013 eval=01118 misfit=6.715540e-01 best=6.711500e-01
[NA] iter=00013 eval=01119 misfit=6.713868e-01 best=6.711500e-01
[NA] iter=00013 eval=01120 misfit=6.713760e-01 best=6.711500e-01
[NA] iter=00013 eval=01121 misfit=6.717383e-01 best=6.711500e-01
[NA] iter=00013 eval=01122 misfit=6.716354e-01 best=6.711500e-01
[NA] iter=00013 eval=01123 misfit=6.712112e-01 best=6.711500e-01
[NA] iter=00013 eval=01124 misfit=6.718042e-01 best=6.711500e-01
[NA] iter=00013 eval=01125 misfit=6.717830e-01 best=6.711500e-01
[NA] iter=00013 eval=01126 misfit=6.713751e-01 best=6.711500e-01
[NA] iter=00013 eval=01127 misfit=6.720171e-01 best=6.711500e-01
[NA] iter=00013 eval=01128 misfit=6.715081e-01 best=6.711500e-01
[NA] iter=00013 eval=01129 misfit=6.712322e-01 best=6.711500e-01
[NA] iter=00013 eval=01130 misfit=6.714990e-01 best=6.711500e-01
[NA] iter=00013 eval=01131 misfit=6.713653e-01 best=6.711500e-01
[NA] iter=00013 eval=01132 misfit=6.713410e-01 best=6.711500e-01
[NA] iter=00013 eval=01133 misfit=6.727511e-01 best=6.711500e-01
[NA] iter=00013 eval=01134 misfit=6.718679e-01 best=6.711500e-01
[NA] iter=00013 eval=01135 misfit=6.713747e-01 best=6.711500e-01
[NA] iter=00013 eval=01136 misfit=6.715058e-01 best=6.711500e-01
[NA] iter=00013 eval=01137 misfit=6.714549e-01 best=6.711500e-01
[NA] iter=00013 eval=01138 misfit=6.712446e-01 best=6.711500e-01
[NA] iter=00013 eval=01139 misfit=6.714542e-01 best=6.711500e-01
[NA] iter=00013 eval=01140 misfit=6.714642e-01 best=6.711500e-01
[NA] iter=00013 eval=01141 misfit=6.729617e-01 best=6.711500e-01
[NA] iter=00013 eval=01142 misfit=6.716874e-01 best=6.711500e-01
[NA] iter=00013 eval=01143 misfit=6.715396e-01 best=6.711500e-01
[NA] iter=00013 eval=01144 misfit=6.730242e-01 best=6.711500e-01
[NA] iter=00013 eval=01145 misfit=6.717407e-01 best=6.711500e-01
[NA] iter=00013 eval=01146 misfit=6.718120e-01 best=6.711500e-01
[NA] iter=00013 eval=01147 misfit=6.713930e-01 best=6.711500e-01
[NA] iter=00013 eval=01148 misfit=6.713447e-01 best=6.711500e-01
[NA] iter=00013 eval=01149 misfit=6.713405e-01 best=6.711500e-01
[NA] iter=00013 eval=01150 misfit=6.718110e-01 best=6.711500e-01
NAI - Optimisation Loop:  26%|██▌       | 13/50 [03:08<09:05, 14.73s/it][NA] iter=00014 eval=01151 misfit=6.713020e-01 best=6.711500e-01
[NA] iter=00014 eval=01152 misfit=6.712426e-01 best=6.711500e-01
[NA] iter=00014 eval=01153 misfit=6.712165e-01 best=6.711500e-01
[NA] iter=00014 eval=01154 misfit=6.713291e-01 best=6.711500e-01
[NA] iter=00014 eval=01155 misfit=6.711993e-01 best=6.711500e-01
[NA] iter=00014 eval=01156 misfit=6.712069e-01 best=6.711500e-01
[NA] iter=00014 eval=01157 misfit=6.711871e-01 best=6.711500e-01
[NA] iter=00014 eval=01158 misfit=6.712426e-01 best=6.711500e-01
[NA] iter=00014 eval=01159 misfit=6.715116e-01 best=6.711500e-01
[NA] iter=00014 eval=01160 misfit=6.714064e-01 best=6.711500e-01
[NA] iter=00014 eval=01161 misfit=6.713204e-01 best=6.711500e-01
[NA] iter=00014 eval=01162 misfit=6.712568e-01 best=6.711500e-01
[NA] iter=00014 eval=01163 misfit=6.712624e-01 best=6.711500e-01
[NA] iter=00014 eval=01164 misfit=6.714605e-01 best=6.711500e-01
[NA] iter=00014 eval=01165 misfit=6.726761e-01 best=6.711500e-01
[NA] iter=00014 eval=01166 misfit=6.713494e-01 best=6.711500e-01
[NA] iter=00014 eval=01167 misfit=6.712167e-01 best=6.711500e-01
[NA] iter=00014 eval=01168 misfit=6.711804e-01 best=6.711500e-01
[NA] iter=00014 eval=01169 misfit=6.738308e-01 best=6.711500e-01
[NA] iter=00014 eval=01170 misfit=6.713978e-01 best=6.711500e-01
[NA] iter=00014 eval=01171 misfit=6.710186e-01 best=6.710186e-01
[NA] iter=00014 eval=01172 misfit=6.714157e-01 best=6.710186e-01
[NA] iter=00014 eval=01173 misfit=6.714793e-01 best=6.710186e-01
[NA] iter=00014 eval=01174 misfit=6.714430e-01 best=6.710186e-01
[NA] iter=00014 eval=01175 misfit=6.713019e-01 best=6.710186e-01
[NA] iter=00014 eval=01176 misfit=6.713376e-01 best=6.710186e-01
[NA] iter=00014 eval=01177 misfit=6.714232e-01 best=6.710186e-01
[NA] iter=00014 eval=01178 misfit=6.716055e-01 best=6.710186e-01
[NA] iter=00014 eval=01179 misfit=6.712483e-01 best=6.710186e-01
[NA] iter=00014 eval=01180 misfit=6.712518e-01 best=6.710186e-01
[NA] iter=00014 eval=01181 misfit=6.713161e-01 best=6.710186e-01
[NA] iter=00014 eval=01182 misfit=6.738540e-01 best=6.710186e-01
[NA] iter=00014 eval=01183 misfit=6.714399e-01 best=6.710186e-01
[NA] iter=00014 eval=01184 misfit=6.714521e-01 best=6.710186e-01
[NA] iter=00014 eval=01185 misfit=6.739167e-01 best=6.710186e-01
[NA] iter=00014 eval=01186 misfit=6.712389e-01 best=6.710186e-01
[NA] iter=00014 eval=01187 misfit=6.715719e-01 best=6.710186e-01
[NA] iter=00014 eval=01188 misfit=6.711758e-01 best=6.710186e-01
[NA] iter=00014 eval=01189 misfit=6.713458e-01 best=6.710186e-01
[NA] iter=00014 eval=01190 misfit=6.710932e-01 best=6.710186e-01
[NA] iter=00014 eval=01191 misfit=6.713113e-01 best=6.710186e-01
[NA] iter=00014 eval=01192 misfit=6.714756e-01 best=6.710186e-01
[NA] iter=00014 eval=01193 misfit=6.713072e-01 best=6.710186e-01
[NA] iter=00014 eval=01194 misfit=6.712738e-01 best=6.710186e-01
[NA] iter=00014 eval=01195 misfit=6.713297e-01 best=6.710186e-01
[NA] iter=00014 eval=01196 misfit=6.711278e-01 best=6.710186e-01
[NA] iter=00014 eval=01197 misfit=6.715248e-01 best=6.710186e-01
[NA] iter=00014 eval=01198 misfit=6.737512e-01 best=6.710186e-01
[NA] iter=00014 eval=01199 misfit=6.715652e-01 best=6.710186e-01
[NA] iter=00014 eval=01200 misfit=6.712419e-01 best=6.710186e-01
NAI - Optimisation Loop:  28%|██▊       | 14/50 [03:23<08:44, 14.58s/it][NA] iter=00015 eval=01201 misfit=6.711434e-01 best=6.710186e-01
[NA] iter=00015 eval=01202 misfit=6.710776e-01 best=6.710186e-01
[NA] iter=00015 eval=01203 misfit=6.711875e-01 best=6.710186e-01
[NA] iter=00015 eval=01204 misfit=6.711096e-01 best=6.710186e-01
[NA] iter=00015 eval=01205 misfit=6.709917e-01 best=6.709917e-01
[NA] iter=00015 eval=01206 misfit=6.711713e-01 best=6.709917e-01
[NA] iter=00015 eval=01207 misfit=6.712101e-01 best=6.709917e-01
[NA] iter=00015 eval=01208 misfit=6.711643e-01 best=6.709917e-01
[NA] iter=00015 eval=01209 misfit=6.711810e-01 best=6.709917e-01
[NA] iter=00015 eval=01210 misfit=6.711364e-01 best=6.709917e-01
[NA] iter=00015 eval=01211 misfit=6.716545e-01 best=6.709917e-01
[NA] iter=00015 eval=01212 misfit=6.715432e-01 best=6.709917e-01
[NA] iter=00015 eval=01213 misfit=6.714093e-01 best=6.709917e-01
[NA] iter=00015 eval=01214 misfit=6.729699e-01 best=6.709917e-01
[NA] iter=00015 eval=01215 misfit=6.710622e-01 best=6.709917e-01
[NA] iter=00015 eval=01216 misfit=6.711257e-01 best=6.709917e-01
[NA] iter=00015 eval=01217 misfit=6.711629e-01 best=6.709917e-01
[NA] iter=00015 eval=01218 misfit=6.712498e-01 best=6.709917e-01
[NA] iter=00015 eval=01219 misfit=6.711201e-01 best=6.709917e-01
[NA] iter=00015 eval=01220 misfit=6.711838e-01 best=6.709917e-01
[NA] iter=00015 eval=01221 misfit=6.714889e-01 best=6.709917e-01
[NA] iter=00015 eval=01222 misfit=6.714736e-01 best=6.709917e-01
[NA] iter=00015 eval=01223 misfit=6.714138e-01 best=6.709917e-01
[NA] iter=00015 eval=01224 misfit=6.715106e-01 best=6.709917e-01
[NA] iter=00015 eval=01225 misfit=6.711719e-01 best=6.709917e-01
[NA] iter=00015 eval=01226 misfit=6.750325e-01 best=6.709917e-01
[NA] iter=00015 eval=01227 misfit=6.712969e-01 best=6.709917e-01
[NA] iter=00015 eval=01228 misfit=6.740111e-01 best=6.709917e-01
[NA] iter=00015 eval=01229 misfit=6.732722e-01 best=6.709917e-01
[NA] iter=00015 eval=01230 misfit=6.732108e-01 best=6.709917e-01
[NA] iter=00015 eval=01231 misfit=6.713127e-01 best=6.709917e-01
[NA] iter=00015 eval=01232 misfit=6.712337e-01 best=6.709917e-01
[NA] iter=00015 eval=01233 misfit=6.713233e-01 best=6.709917e-01
[NA] iter=00015 eval=01234 misfit=6.712950e-01 best=6.709917e-01
[NA] iter=00015 eval=01235 misfit=6.713514e-01 best=6.709917e-01
[NA] iter=00015 eval=01236 misfit=6.712334e-01 best=6.709917e-01
[NA] iter=00015 eval=01237 misfit=6.712946e-01 best=6.709917e-01
[NA] iter=00015 eval=01238 misfit=6.712250e-01 best=6.709917e-01
[NA] iter=00015 eval=01239 misfit=6.731739e-01 best=6.709917e-01
[NA] iter=00015 eval=01240 misfit=6.712837e-01 best=6.709917e-01
[NA] iter=00015 eval=01241 misfit=6.712855e-01 best=6.709917e-01
[NA] iter=00015 eval=01242 misfit=6.710771e-01 best=6.709917e-01
[NA] iter=00015 eval=01243 misfit=6.711688e-01 best=6.709917e-01
[NA] iter=00015 eval=01244 misfit=6.712368e-01 best=6.709917e-01
[NA] iter=00015 eval=01245 misfit=6.711529e-01 best=6.709917e-01
[NA] iter=00015 eval=01246 misfit=6.714263e-01 best=6.709917e-01
[NA] iter=00015 eval=01247 misfit=6.712280e-01 best=6.709917e-01
[NA] iter=00015 eval=01248 misfit=6.714031e-01 best=6.709917e-01
[NA] iter=00015 eval=01249 misfit=6.712095e-01 best=6.709917e-01
[NA] iter=00015 eval=01250 misfit=6.711799e-01 best=6.709917e-01
NAI - Optimisation Loop:  30%|███       | 15/50 [03:37<08:24, 14.40s/it][NA] iter=00016 eval=01251 misfit=6.710553e-01 best=6.709917e-01
[NA] iter=00016 eval=01252 misfit=6.711546e-01 best=6.709917e-01
[NA] iter=00016 eval=01253 misfit=6.709353e-01 best=6.709353e-01
[NA] iter=00016 eval=01254 misfit=6.711339e-01 best=6.709353e-01
[NA] iter=00016 eval=01255 misfit=6.710679e-01 best=6.709353e-01
[NA] iter=00016 eval=01256 misfit=6.710741e-01 best=6.709353e-01
[NA] iter=00016 eval=01257 misfit=6.711387e-01 best=6.709353e-01
[NA] iter=00016 eval=01258 misfit=6.712556e-01 best=6.709353e-01
[NA] iter=00016 eval=01259 misfit=6.711182e-01 best=6.709353e-01
[NA] iter=00016 eval=01260 misfit=6.710798e-01 best=6.709353e-01
[NA] iter=00016 eval=01261 misfit=6.709696e-01 best=6.709353e-01
[NA] iter=00016 eval=01262 misfit=6.710179e-01 best=6.709353e-01
[NA] iter=00016 eval=01263 misfit=6.709060e-01 best=6.709060e-01
[NA] iter=00016 eval=01264 misfit=6.709926e-01 best=6.709060e-01
[NA] iter=00016 eval=01265 misfit=6.709672e-01 best=6.709060e-01
[NA] iter=00016 eval=01266 misfit=6.710733e-01 best=6.709060e-01
[NA] iter=00016 eval=01267 misfit=6.710045e-01 best=6.709060e-01
[NA] iter=00016 eval=01268 misfit=6.710935e-01 best=6.709060e-01
[NA] iter=00016 eval=01269 misfit=6.711222e-01 best=6.709060e-01
[NA] iter=00016 eval=01270 misfit=6.710080e-01 best=6.709060e-01
[NA] iter=00016 eval=01271 misfit=6.711484e-01 best=6.709060e-01
[NA] iter=00016 eval=01272 misfit=6.723361e-01 best=6.709060e-01
[NA] iter=00016 eval=01273 misfit=6.711303e-01 best=6.709060e-01
[NA] iter=00016 eval=01274 misfit=6.710189e-01 best=6.709060e-01
[NA] iter=00016 eval=01275 misfit=6.710064e-01 best=6.709060e-01
[NA] iter=00016 eval=01276 misfit=6.711673e-01 best=6.709060e-01
[NA] iter=00016 eval=01277 misfit=6.711922e-01 best=6.709060e-01
[NA] iter=00016 eval=01278 misfit=6.712122e-01 best=6.709060e-01
[NA] iter=00016 eval=01279 misfit=6.711871e-01 best=6.709060e-01
[NA] iter=00016 eval=01280 misfit=6.711706e-01 best=6.709060e-01
[NA] iter=00016 eval=01281 misfit=6.711643e-01 best=6.709060e-01
[NA] iter=00016 eval=01282 misfit=6.730446e-01 best=6.709060e-01
[NA] iter=00016 eval=01283 misfit=6.711277e-01 best=6.709060e-01
[NA] iter=00016 eval=01284 misfit=6.727408e-01 best=6.709060e-01
[NA] iter=00016 eval=01285 misfit=6.711187e-01 best=6.709060e-01
[NA] iter=00016 eval=01286 misfit=6.712648e-01 best=6.709060e-01
[NA] iter=00016 eval=01287 misfit=6.712006e-01 best=6.709060e-01
[NA] iter=00016 eval=01288 misfit=6.712507e-01 best=6.709060e-01
[NA] iter=00016 eval=01289 misfit=6.711303e-01 best=6.709060e-01
[NA] iter=00016 eval=01290 misfit=6.711788e-01 best=6.709060e-01
[NA] iter=00016 eval=01291 misfit=6.710596e-01 best=6.709060e-01
[NA] iter=00016 eval=01292 misfit=6.711673e-01 best=6.709060e-01
[NA] iter=00016 eval=01293 misfit=6.710729e-01 best=6.709060e-01
[NA] iter=00016 eval=01294 misfit=6.710924e-01 best=6.709060e-01
[NA] iter=00016 eval=01295 misfit=6.712688e-01 best=6.709060e-01
[NA] iter=00016 eval=01296 misfit=6.714881e-01 best=6.709060e-01
[NA] iter=00016 eval=01297 misfit=6.728214e-01 best=6.709060e-01
[NA] iter=00016 eval=01298 misfit=6.727336e-01 best=6.709060e-01
[NA] iter=00016 eval=01299 misfit=6.733002e-01 best=6.709060e-01
[NA] iter=00016 eval=01300 misfit=6.736561e-01 best=6.709060e-01
NAI - Optimisation Loop:  32%|███▏      | 16/50 [03:51<08:03, 14.23s/it][NA] iter=00017 eval=01301 misfit=6.724342e-01 best=6.709060e-01
[NA] iter=00017 eval=01302 misfit=6.737221e-01 best=6.709060e-01
[NA] iter=00017 eval=01303 misfit=6.761817e-01 best=6.709060e-01
[NA] iter=00017 eval=01304 misfit=6.761099e-01 best=6.709060e-01
[NA] iter=00017 eval=01305 misfit=6.759380e-01 best=6.709060e-01
[NA] iter=00017 eval=01306 misfit=6.709844e-01 best=6.709060e-01
[NA] iter=00017 eval=01307 misfit=6.710614e-01 best=6.709060e-01
[NA] iter=00017 eval=01308 misfit=6.710318e-01 best=6.709060e-01
[NA] iter=00017 eval=01309 misfit=6.710057e-01 best=6.709060e-01
[NA] iter=00017 eval=01310 misfit=6.709078e-01 best=6.709060e-01
[NA] iter=00017 eval=01311 misfit=6.715148e-01 best=6.709060e-01
[NA] iter=00017 eval=01312 misfit=6.715640e-01 best=6.709060e-01
[NA] iter=00017 eval=01313 misfit=6.711010e-01 best=6.709060e-01
[NA] iter=00017 eval=01314 misfit=6.711883e-01 best=6.709060e-01
[NA] iter=00017 eval=01315 misfit=6.713694e-01 best=6.709060e-01
[NA] iter=00017 eval=01316 misfit=6.727987e-01 best=6.709060e-01
[NA] iter=00017 eval=01317 misfit=6.741069e-01 best=6.709060e-01
[NA] iter=00017 eval=01318 misfit=6.715873e-01 best=6.709060e-01
[NA] iter=00017 eval=01319 misfit=6.740888e-01 best=6.709060e-01
[NA] iter=00017 eval=01320 misfit=6.714571e-01 best=6.709060e-01
[NA] iter=00017 eval=01321 misfit=6.709970e-01 best=6.709060e-01
[NA] iter=00017 eval=01322 misfit=6.709479e-01 best=6.709060e-01
[NA] iter=00017 eval=01323 misfit=6.710072e-01 best=6.709060e-01
[NA] iter=00017 eval=01324 misfit=6.709661e-01 best=6.709060e-01
[NA] iter=00017 eval=01325 misfit=6.709648e-01 best=6.709060e-01
[NA] iter=00017 eval=01326 misfit=6.716722e-01 best=6.709060e-01
[NA] iter=00017 eval=01327 misfit=6.713471e-01 best=6.709060e-01
[NA] iter=00017 eval=01328 misfit=6.709926e-01 best=6.709060e-01
[NA] iter=00017 eval=01329 misfit=6.735640e-01 best=6.709060e-01
[NA] iter=00017 eval=01330 misfit=6.709935e-01 best=6.709060e-01
[NA] iter=00017 eval=01331 misfit=6.709705e-01 best=6.709060e-01
[NA] iter=00017 eval=01332 misfit=6.710152e-01 best=6.709060e-01
[NA] iter=00017 eval=01333 misfit=6.709807e-01 best=6.709060e-01
[NA] iter=00017 eval=01334 misfit=6.710023e-01 best=6.709060e-01
[NA] iter=00017 eval=01335 misfit=6.709317e-01 best=6.709060e-01
[NA] iter=00017 eval=01336 misfit=6.711236e-01 best=6.709060e-01
[NA] iter=00017 eval=01337 misfit=6.710398e-01 best=6.709060e-01
[NA] iter=00017 eval=01338 misfit=6.725610e-01 best=6.709060e-01
[NA] iter=00017 eval=01339 misfit=6.710439e-01 best=6.709060e-01
[NA] iter=00017 eval=01340 misfit=6.721123e-01 best=6.709060e-01
[NA] iter=00017 eval=01341 misfit=6.712418e-01 best=6.709060e-01
[NA] iter=00017 eval=01342 misfit=6.709770e-01 best=6.709060e-01
[NA] iter=00017 eval=01343 misfit=6.711377e-01 best=6.709060e-01
[NA] iter=00017 eval=01344 misfit=6.710960e-01 best=6.709060e-01
[NA] iter=00017 eval=01345 misfit=6.727672e-01 best=6.709060e-01
[NA] iter=00017 eval=01346 misfit=6.717554e-01 best=6.709060e-01
[NA] iter=00017 eval=01347 misfit=6.712543e-01 best=6.709060e-01
[NA] iter=00017 eval=01348 misfit=6.714430e-01 best=6.709060e-01
[NA] iter=00017 eval=01349 misfit=6.712584e-01 best=6.709060e-01
[NA] iter=00017 eval=01350 misfit=6.717229e-01 best=6.709060e-01
NAI - Optimisation Loop:  34%|███▍      | 17/50 [04:05<07:51, 14.28s/it][NA] iter=00018 eval=01351 misfit=6.709169e-01 best=6.709060e-01
[NA] iter=00018 eval=01352 misfit=6.708613e-01 best=6.708613e-01
[NA] iter=00018 eval=01353 misfit=6.729097e-01 best=6.708613e-01
[NA] iter=00018 eval=01354 misfit=6.709680e-01 best=6.708613e-01
[NA] iter=00018 eval=01355 misfit=6.712155e-01 best=6.708613e-01
[NA] iter=00018 eval=01356 misfit=6.709812e-01 best=6.708613e-01
[NA] iter=00018 eval=01357 misfit=6.710000e-01 best=6.708613e-01
[NA] iter=00018 eval=01358 misfit=6.708999e-01 best=6.708613e-01
[NA] iter=00018 eval=01359 misfit=6.709469e-01 best=6.708613e-01
[NA] iter=00018 eval=01360 misfit=6.709792e-01 best=6.708613e-01
[NA] iter=00018 eval=01361 misfit=6.728632e-01 best=6.708613e-01
[NA] iter=00018 eval=01362 misfit=6.709702e-01 best=6.708613e-01
[NA] iter=00018 eval=01363 misfit=6.729280e-01 best=6.708613e-01
[NA] iter=00018 eval=01364 misfit=6.728240e-01 best=6.708613e-01
[NA] iter=00018 eval=01365 misfit=6.708817e-01 best=6.708613e-01
[NA] iter=00018 eval=01366 misfit=6.712514e-01 best=6.708613e-01
[NA] iter=00018 eval=01367 misfit=6.709407e-01 best=6.708613e-01
[NA] iter=00018 eval=01368 misfit=6.709877e-01 best=6.708613e-01
[NA] iter=00018 eval=01369 misfit=6.709833e-01 best=6.708613e-01
[NA] iter=00018 eval=01370 misfit=6.712034e-01 best=6.708613e-01
[NA] iter=00018 eval=01371 misfit=6.710264e-01 best=6.708613e-01
[NA] iter=00018 eval=01372 misfit=6.709629e-01 best=6.708613e-01
[NA] iter=00018 eval=01373 misfit=6.710704e-01 best=6.708613e-01
[NA] iter=00018 eval=01374 misfit=6.708988e-01 best=6.708613e-01
[NA] iter=00018 eval=01375 misfit=6.709016e-01 best=6.708613e-01
[NA] iter=00018 eval=01376 misfit=6.729242e-01 best=6.708613e-01
[NA] iter=00018 eval=01377 misfit=6.711004e-01 best=6.708613e-01
[NA] iter=00018 eval=01378 misfit=6.709999e-01 best=6.708613e-01
[NA] iter=00018 eval=01379 misfit=6.709690e-01 best=6.708613e-01
[NA] iter=00018 eval=01380 misfit=6.710320e-01 best=6.708613e-01
[NA] iter=00018 eval=01381 misfit=6.728461e-01 best=6.708613e-01
[NA] iter=00018 eval=01382 misfit=6.728893e-01 best=6.708613e-01
[NA] iter=00018 eval=01383 misfit=6.710195e-01 best=6.708613e-01
[NA] iter=00018 eval=01384 misfit=6.711191e-01 best=6.708613e-01
[NA] iter=00018 eval=01385 misfit=6.727490e-01 best=6.708613e-01
[NA] iter=00018 eval=01386 misfit=6.712317e-01 best=6.708613e-01
[NA] iter=00018 eval=01387 misfit=6.709453e-01 best=6.708613e-01
[NA] iter=00018 eval=01388 misfit=6.712751e-01 best=6.708613e-01
[NA] iter=00018 eval=01389 misfit=6.712151e-01 best=6.708613e-01
[NA] iter=00018 eval=01390 misfit=6.712085e-01 best=6.708613e-01
[NA] iter=00018 eval=01391 misfit=6.714363e-01 best=6.708613e-01
[NA] iter=00018 eval=01392 misfit=6.714256e-01 best=6.708613e-01
[NA] iter=00018 eval=01393 misfit=6.711252e-01 best=6.708613e-01
[NA] iter=00018 eval=01394 misfit=6.711978e-01 best=6.708613e-01
[NA] iter=00018 eval=01395 misfit=6.708350e-01 best=6.708350e-01
[NA] iter=00018 eval=01396 misfit=6.710200e-01 best=6.708350e-01
[NA] iter=00018 eval=01397 misfit=6.710118e-01 best=6.708350e-01
[NA] iter=00018 eval=01398 misfit=6.710843e-01 best=6.708350e-01
[NA] iter=00018 eval=01399 misfit=6.710335e-01 best=6.708350e-01
[NA] iter=00018 eval=01400 misfit=6.709500e-01 best=6.708350e-01
NAI - Optimisation Loop:  36%|███▌      | 18/50 [04:20<07:46, 14.59s/it][NA] iter=00019 eval=01401 misfit=6.707883e-01 best=6.707883e-01
[NA] iter=00019 eval=01402 misfit=6.704381e-01 best=6.704381e-01
[NA] iter=00019 eval=01403 misfit=6.709580e-01 best=6.704381e-01
[NA] iter=00019 eval=01404 misfit=6.707620e-01 best=6.704381e-01
[NA] iter=00019 eval=01405 misfit=6.725900e-01 best=6.704381e-01
[NA] iter=00019 eval=01406 misfit=6.708966e-01 best=6.704381e-01
[NA] iter=00019 eval=01407 misfit=6.707595e-01 best=6.704381e-01
[NA] iter=00019 eval=01408 misfit=6.708758e-01 best=6.704381e-01
[NA] iter=00019 eval=01409 misfit=6.707728e-01 best=6.704381e-01
[NA] iter=00019 eval=01410 misfit=6.730109e-01 best=6.704381e-01
[NA] iter=00019 eval=01411 misfit=6.709446e-01 best=6.704381e-01
[NA] iter=00019 eval=01412 misfit=6.709250e-01 best=6.704381e-01
[NA] iter=00019 eval=01413 misfit=6.709856e-01 best=6.704381e-01
[NA] iter=00019 eval=01414 misfit=6.710115e-01 best=6.704381e-01
[NA] iter=00019 eval=01415 misfit=6.710442e-01 best=6.704381e-01
[NA] iter=00019 eval=01416 misfit=6.709589e-01 best=6.704381e-01
[NA] iter=00019 eval=01417 misfit=6.709994e-01 best=6.704381e-01
[NA] iter=00019 eval=01418 misfit=6.709768e-01 best=6.704381e-01
[NA] iter=00019 eval=01419 misfit=6.709283e-01 best=6.704381e-01
[NA] iter=00019 eval=01420 misfit=6.710074e-01 best=6.704381e-01
[NA] iter=00019 eval=01421 misfit=6.709462e-01 best=6.704381e-01
[NA] iter=00019 eval=01422 misfit=6.709841e-01 best=6.704381e-01
[NA] iter=00019 eval=01423 misfit=6.709401e-01 best=6.704381e-01
[NA] iter=00019 eval=01424 misfit=6.709653e-01 best=6.704381e-01
[NA] iter=00019 eval=01425 misfit=6.709490e-01 best=6.704381e-01
[NA] iter=00019 eval=01426 misfit=6.709178e-01 best=6.704381e-01
[NA] iter=00019 eval=01427 misfit=6.709323e-01 best=6.704381e-01
[NA] iter=00019 eval=01428 misfit=6.711105e-01 best=6.704381e-01
[NA] iter=00019 eval=01429 misfit=6.709409e-01 best=6.704381e-01
[NA] iter=00019 eval=01430 misfit=6.709275e-01 best=6.704381e-01
[NA] iter=00019 eval=01431 misfit=6.710505e-01 best=6.704381e-01
[NA] iter=00019 eval=01432 misfit=6.708784e-01 best=6.704381e-01
[NA] iter=00019 eval=01433 misfit=6.707723e-01 best=6.704381e-01
[NA] iter=00019 eval=01434 misfit=6.710586e-01 best=6.704381e-01
[NA] iter=00019 eval=01435 misfit=6.708881e-01 best=6.704381e-01
[NA] iter=00019 eval=01436 misfit=6.709060e-01 best=6.704381e-01
[NA] iter=00019 eval=01437 misfit=6.709335e-01 best=6.704381e-01
[NA] iter=00019 eval=01438 misfit=6.709458e-01 best=6.704381e-01
[NA] iter=00019 eval=01439 misfit=6.717902e-01 best=6.704381e-01
[NA] iter=00019 eval=01440 misfit=6.708667e-01 best=6.704381e-01
[NA] iter=00019 eval=01441 misfit=6.714089e-01 best=6.704381e-01
[NA] iter=00019 eval=01442 misfit=6.736486e-01 best=6.704381e-01
[NA] iter=00019 eval=01443 misfit=6.710379e-01 best=6.704381e-01
[NA] iter=00019 eval=01444 misfit=6.716174e-01 best=6.704381e-01
[NA] iter=00019 eval=01445 misfit=6.710608e-01 best=6.704381e-01
[NA] iter=00019 eval=01446 misfit=6.709662e-01 best=6.704381e-01
[NA] iter=00019 eval=01447 misfit=6.710345e-01 best=6.704381e-01
[NA] iter=00019 eval=01448 misfit=6.710824e-01 best=6.704381e-01
[NA] iter=00019 eval=01449 misfit=6.709652e-01 best=6.704381e-01
[NA] iter=00019 eval=01450 misfit=6.709900e-01 best=6.704381e-01
NAI - Optimisation Loop:  38%|███▊      | 19/50 [04:36<07:39, 14.81s/it][NA] iter=00020 eval=01451 misfit=6.742369e-01 best=6.704381e-01
[NA] iter=00020 eval=01452 misfit=6.733911e-01 best=6.704381e-01
[NA] iter=00020 eval=01453 misfit=6.801846e-01 best=6.704381e-01
[NA] iter=00020 eval=01454 misfit=6.760266e-01 best=6.704381e-01
[NA] iter=00020 eval=01455 misfit=6.735759e-01 best=6.704381e-01
[NA] iter=00020 eval=01456 misfit=6.706604e-01 best=6.704381e-01
[NA] iter=00020 eval=01457 misfit=6.710131e-01 best=6.704381e-01
[NA] iter=00020 eval=01458 misfit=6.709398e-01 best=6.704381e-01
[NA] iter=00020 eval=01459 misfit=6.709204e-01 best=6.704381e-01
[NA] iter=00020 eval=01460 misfit=6.709302e-01 best=6.704381e-01
[NA] iter=00020 eval=01461 misfit=6.711113e-01 best=6.704381e-01
[NA] iter=00020 eval=01462 misfit=6.708157e-01 best=6.704381e-01
[NA] iter=00020 eval=01463 misfit=6.708281e-01 best=6.704381e-01
[NA] iter=00020 eval=01464 misfit=6.712050e-01 best=6.704381e-01
[NA] iter=00020 eval=01465 misfit=6.706880e-01 best=6.704381e-01
[NA] iter=00020 eval=01466 misfit=6.708162e-01 best=6.704381e-01
[NA] iter=00020 eval=01467 misfit=6.716853e-01 best=6.704381e-01
[NA] iter=00020 eval=01468 misfit=6.710089e-01 best=6.704381e-01
[NA] iter=00020 eval=01469 misfit=6.708595e-01 best=6.704381e-01
[NA] iter=00020 eval=01470 misfit=6.706871e-01 best=6.704381e-01
[NA] iter=00020 eval=01471 misfit=6.721004e-01 best=6.704381e-01
[NA] iter=00020 eval=01472 misfit=6.717254e-01 best=6.704381e-01
[NA] iter=00020 eval=01473 misfit=6.715597e-01 best=6.704381e-01
[NA] iter=00020 eval=01474 misfit=6.729236e-01 best=6.704381e-01
[NA] iter=00020 eval=01475 misfit=6.708355e-01 best=6.704381e-01
[NA] iter=00020 eval=01476 misfit=6.706117e-01 best=6.704381e-01
[NA] iter=00020 eval=01477 misfit=6.709536e-01 best=6.704381e-01
[NA] iter=00020 eval=01478 misfit=6.723285e-01 best=6.704381e-01
[NA] iter=00020 eval=01479 misfit=6.705894e-01 best=6.704381e-01
[NA] iter=00020 eval=01480 misfit=6.771459e-01 best=6.704381e-01
[NA] iter=00020 eval=01481 misfit=6.708270e-01 best=6.704381e-01
[NA] iter=00020 eval=01482 misfit=6.717350e-01 best=6.704381e-01
[NA] iter=00020 eval=01483 misfit=6.709110e-01 best=6.704381e-01
[NA] iter=00020 eval=01484 misfit=6.709515e-01 best=6.704381e-01
[NA] iter=00020 eval=01485 misfit=6.709801e-01 best=6.704381e-01
[NA] iter=00020 eval=01486 misfit=6.719311e-01 best=6.704381e-01
[NA] iter=00020 eval=01487 misfit=6.710017e-01 best=6.704381e-01
[NA] iter=00020 eval=01488 misfit=6.709900e-01 best=6.704381e-01
[NA] iter=00020 eval=01489 misfit=6.709303e-01 best=6.704381e-01
[NA] iter=00020 eval=01490 misfit=6.735041e-01 best=6.704381e-01
[NA] iter=00020 eval=01491 misfit=6.709561e-01 best=6.704381e-01
[NA] iter=00020 eval=01492 misfit=6.708842e-01 best=6.704381e-01
[NA] iter=00020 eval=01493 misfit=6.709030e-01 best=6.704381e-01
[NA] iter=00020 eval=01494 misfit=6.722157e-01 best=6.704381e-01
[NA] iter=00020 eval=01495 misfit=6.708997e-01 best=6.704381e-01
[NA] iter=00020 eval=01496 misfit=6.748027e-01 best=6.704381e-01
[NA] iter=00020 eval=01497 misfit=6.719040e-01 best=6.704381e-01
[NA] iter=00020 eval=01498 misfit=6.756578e-01 best=6.704381e-01
[NA] iter=00020 eval=01499 misfit=6.736527e-01 best=6.704381e-01
[NA] iter=00020 eval=01500 misfit=6.714361e-01 best=6.704381e-01
NAI - Optimisation Loop:  40%|████      | 20/50 [04:50<07:20, 14.69s/it][NA] iter=00021 eval=01501 misfit=6.721998e-01 best=6.704381e-01
[NA] iter=00021 eval=01502 misfit=6.723884e-01 best=6.704381e-01
[NA] iter=00021 eval=01503 misfit=6.727068e-01 best=6.704381e-01
[NA] iter=00021 eval=01504 misfit=6.729081e-01 best=6.704381e-01
[NA] iter=00021 eval=01505 misfit=6.731687e-01 best=6.704381e-01
[NA] iter=00021 eval=01506 misfit=6.727656e-01 best=6.704381e-01
[NA] iter=00021 eval=01507 misfit=6.708814e-01 best=6.704381e-01
[NA] iter=00021 eval=01508 misfit=6.728425e-01 best=6.704381e-01
[NA] iter=00021 eval=01509 misfit=6.708426e-01 best=6.704381e-01
[NA] iter=00021 eval=01510 misfit=6.709342e-01 best=6.704381e-01
[NA] iter=00021 eval=01511 misfit=6.753362e-01 best=6.704381e-01
[NA] iter=00021 eval=01512 misfit=6.707777e-01 best=6.704381e-01
[NA] iter=00021 eval=01513 misfit=6.706713e-01 best=6.704381e-01
[NA] iter=00021 eval=01514 misfit=6.753737e-01 best=6.704381e-01
[NA] iter=00021 eval=01515 misfit=6.718663e-01 best=6.704381e-01
[NA] iter=00021 eval=01516 misfit=6.734631e-01 best=6.704381e-01
[NA] iter=00021 eval=01517 misfit=6.711879e-01 best=6.704381e-01
[NA] iter=00021 eval=01518 misfit=6.712339e-01 best=6.704381e-01
[NA] iter=00021 eval=01519 misfit=6.724651e-01 best=6.704381e-01
[NA] iter=00021 eval=01520 misfit=6.707710e-01 best=6.704381e-01
[NA] iter=00021 eval=01521 misfit=6.707445e-01 best=6.704381e-01
[NA] iter=00021 eval=01522 misfit=6.706512e-01 best=6.704381e-01
[NA] iter=00021 eval=01523 misfit=6.706341e-01 best=6.704381e-01
[NA] iter=00021 eval=01524 misfit=6.706195e-01 best=6.704381e-01
[NA] iter=00021 eval=01525 misfit=6.708059e-01 best=6.704381e-01
[NA] iter=00021 eval=01526 misfit=6.735686e-01 best=6.704381e-01
[NA] iter=00021 eval=01527 misfit=6.709987e-01 best=6.704381e-01
[NA] iter=00021 eval=01528 misfit=6.708358e-01 best=6.704381e-01
[NA] iter=00021 eval=01529 misfit=6.711910e-01 best=6.704381e-01
[NA] iter=00021 eval=01530 misfit=6.715251e-01 best=6.704381e-01
[NA] iter=00021 eval=01531 misfit=6.734993e-01 best=6.704381e-01
[NA] iter=00021 eval=01532 misfit=6.707495e-01 best=6.704381e-01
[NA] iter=00021 eval=01533 misfit=6.708758e-01 best=6.704381e-01
[NA] iter=00021 eval=01534 misfit=6.707298e-01 best=6.704381e-01
[NA] iter=00021 eval=01535 misfit=6.706711e-01 best=6.704381e-01
[NA] iter=00021 eval=01536 misfit=6.708466e-01 best=6.704381e-01
[NA] iter=00021 eval=01537 misfit=6.707084e-01 best=6.704381e-01
[NA] iter=00021 eval=01538 misfit=6.708776e-01 best=6.704381e-01
[NA] iter=00021 eval=01539 misfit=6.706009e-01 best=6.704381e-01
[NA] iter=00021 eval=01540 misfit=6.708219e-01 best=6.704381e-01
[NA] iter=00021 eval=01541 misfit=6.708203e-01 best=6.704381e-01
[NA] iter=00021 eval=01542 misfit=6.723259e-01 best=6.704381e-01
[NA] iter=00021 eval=01543 misfit=6.708627e-01 best=6.704381e-01
[NA] iter=00021 eval=01544 misfit=6.707511e-01 best=6.704381e-01
[NA] iter=00021 eval=01545 misfit=6.707090e-01 best=6.704381e-01
[NA] iter=00021 eval=01546 misfit=6.708260e-01 best=6.704381e-01
[NA] iter=00021 eval=01547 misfit=6.707479e-01 best=6.704381e-01
[NA] iter=00021 eval=01548 misfit=6.706704e-01 best=6.704381e-01
[NA] iter=00021 eval=01549 misfit=6.706482e-01 best=6.704381e-01
[NA] iter=00021 eval=01550 misfit=6.714444e-01 best=6.704381e-01
NAI - Optimisation Loop:  42%|████▏     | 21/50 [05:03<06:55, 14.34s/it][NA] iter=00022 eval=01551 misfit=6.729741e-01 best=6.704381e-01
[NA] iter=00022 eval=01552 misfit=6.752053e-01 best=6.704381e-01
[NA] iter=00022 eval=01553 misfit=6.729608e-01 best=6.704381e-01
[NA] iter=00022 eval=01554 misfit=6.704497e-01 best=6.704381e-01
[NA] iter=00022 eval=01555 misfit=6.712489e-01 best=6.704381e-01
[NA] iter=00022 eval=01556 misfit=6.724560e-01 best=6.704381e-01
[NA] iter=00022 eval=01557 misfit=6.725191e-01 best=6.704381e-01
[NA] iter=00022 eval=01558 misfit=6.724322e-01 best=6.704381e-01
[NA] iter=00022 eval=01559 misfit=6.721919e-01 best=6.704381e-01
[NA] iter=00022 eval=01560 misfit=6.704193e-01 best=6.704193e-01
[NA] iter=00022 eval=01561 misfit=6.706844e-01 best=6.704193e-01
[NA] iter=00022 eval=01562 misfit=6.706335e-01 best=6.704193e-01
[NA] iter=00022 eval=01563 misfit=6.705748e-01 best=6.704193e-01
[NA] iter=00022 eval=01564 misfit=6.706680e-01 best=6.704193e-01
[NA] iter=00022 eval=01565 misfit=6.714652e-01 best=6.704193e-01
[NA] iter=00022 eval=01566 misfit=6.720612e-01 best=6.704193e-01
[NA] iter=00022 eval=01567 misfit=6.737948e-01 best=6.704193e-01
[NA] iter=00022 eval=01568 misfit=6.704451e-01 best=6.704193e-01
[NA] iter=00022 eval=01569 misfit=6.704478e-01 best=6.704193e-01
[NA] iter=00022 eval=01570 misfit=6.739997e-01 best=6.704193e-01
[NA] iter=00022 eval=01571 misfit=6.705108e-01 best=6.704193e-01
[NA] iter=00022 eval=01572 misfit=6.706952e-01 best=6.704193e-01
[NA] iter=00022 eval=01573 misfit=6.707479e-01 best=6.704193e-01
[NA] iter=00022 eval=01574 misfit=6.707993e-01 best=6.704193e-01
[NA] iter=00022 eval=01575 misfit=6.707332e-01 best=6.704193e-01
[NA] iter=00022 eval=01576 misfit=6.706688e-01 best=6.704193e-01
[NA] iter=00022 eval=01577 misfit=6.706800e-01 best=6.704193e-01
[NA] iter=00022 eval=01578 misfit=6.706425e-01 best=6.704193e-01
[NA] iter=00022 eval=01579 misfit=6.706179e-01 best=6.704193e-01
[NA] iter=00022 eval=01580 misfit=6.705923e-01 best=6.704193e-01
[NA] iter=00022 eval=01581 misfit=6.706979e-01 best=6.704193e-01
[NA] iter=00022 eval=01582 misfit=6.706200e-01 best=6.704193e-01
[NA] iter=00022 eval=01583 misfit=6.748087e-01 best=6.704193e-01
[NA] iter=00022 eval=01584 misfit=6.707279e-01 best=6.704193e-01
[NA] iter=00022 eval=01585 misfit=6.707758e-01 best=6.704193e-01
[NA] iter=00022 eval=01586 misfit=6.706342e-01 best=6.704193e-01
[NA] iter=00022 eval=01587 misfit=6.734617e-01 best=6.704193e-01
[NA] iter=00022 eval=01588 misfit=6.729872e-01 best=6.704193e-01
[NA] iter=00022 eval=01589 misfit=6.734135e-01 best=6.704193e-01
[NA] iter=00022 eval=01590 misfit=6.710856e-01 best=6.704193e-01
[NA] iter=00022 eval=01591 misfit=6.726402e-01 best=6.704193e-01
[NA] iter=00022 eval=01592 misfit=6.726052e-01 best=6.704193e-01
[NA] iter=00022 eval=01593 misfit=6.708799e-01 best=6.704193e-01
[NA] iter=00022 eval=01594 misfit=6.706216e-01 best=6.704193e-01
[NA] iter=00022 eval=01595 misfit=6.706105e-01 best=6.704193e-01
[NA] iter=00022 eval=01596 misfit=6.705886e-01 best=6.704193e-01
[NA] iter=00022 eval=01597 misfit=6.706871e-01 best=6.704193e-01
[NA] iter=00022 eval=01598 misfit=6.707704e-01 best=6.704193e-01
[NA] iter=00022 eval=01599 misfit=6.707698e-01 best=6.704193e-01
[NA] iter=00022 eval=01600 misfit=6.706821e-01 best=6.704193e-01
NAI - Optimisation Loop:  44%|████▍     | 22/50 [05:17<06:34, 14.10s/it][NA] iter=00023 eval=01601 misfit=6.704591e-01 best=6.704193e-01
[NA] iter=00023 eval=01602 misfit=6.720762e-01 best=6.704193e-01
[NA] iter=00023 eval=01603 misfit=6.722020e-01 best=6.704193e-01
[NA] iter=00023 eval=01604 misfit=6.727173e-01 best=6.704193e-01
[NA] iter=00023 eval=01605 misfit=6.721089e-01 best=6.704193e-01
[NA] iter=00023 eval=01606 misfit=6.721188e-01 best=6.704193e-01
[NA] iter=00023 eval=01607 misfit=6.722290e-01 best=6.704193e-01
[NA] iter=00023 eval=01608 misfit=6.730690e-01 best=6.704193e-01
[NA] iter=00023 eval=01609 misfit=6.708343e-01 best=6.704193e-01
[NA] iter=00023 eval=01610 misfit=6.744707e-01 best=6.704193e-01
[NA] iter=00023 eval=01611 misfit=6.717415e-01 best=6.704193e-01
[NA] iter=00023 eval=01612 misfit=6.703922e-01 best=6.703922e-01
[NA] iter=00023 eval=01613 misfit=6.723146e-01 best=6.703922e-01
[NA] iter=00023 eval=01614 misfit=6.705502e-01 best=6.703922e-01
[NA] iter=00023 eval=01615 misfit=6.707873e-01 best=6.703922e-01
[NA] iter=00023 eval=01616 misfit=6.754716e-01 best=6.703922e-01
[NA] iter=00023 eval=01617 misfit=6.708156e-01 best=6.703922e-01
[NA] iter=00023 eval=01618 misfit=6.714204e-01 best=6.703922e-01
[NA] iter=00023 eval=01619 misfit=6.703192e-01 best=6.703192e-01
[NA] iter=00023 eval=01620 misfit=6.744984e-01 best=6.703192e-01
[NA] iter=00023 eval=01621 misfit=6.733074e-01 best=6.703192e-01
[NA] iter=00023 eval=01622 misfit=6.704935e-01 best=6.703192e-01
[NA] iter=00023 eval=01623 misfit=6.708192e-01 best=6.703192e-01
[NA] iter=00023 eval=01624 misfit=6.722809e-01 best=6.703192e-01
[NA] iter=00023 eval=01625 misfit=6.722703e-01 best=6.703192e-01
[NA] iter=00023 eval=01626 misfit=6.714155e-01 best=6.703192e-01
[NA] iter=00023 eval=01627 misfit=6.706668e-01 best=6.703192e-01
[NA] iter=00023 eval=01628 misfit=6.705788e-01 best=6.703192e-01
[NA] iter=00023 eval=01629 misfit=6.726103e-01 best=6.703192e-01
[NA] iter=00023 eval=01630 misfit=6.747435e-01 best=6.703192e-01
[NA] iter=00023 eval=01631 misfit=6.706127e-01 best=6.703192e-01
[NA] iter=00023 eval=01632 misfit=6.706100e-01 best=6.703192e-01
[NA] iter=00023 eval=01633 misfit=6.705706e-01 best=6.703192e-01
[NA] iter=00023 eval=01634 misfit=6.705313e-01 best=6.703192e-01
[NA] iter=00023 eval=01635 misfit=6.705505e-01 best=6.703192e-01
[NA] iter=00023 eval=01636 misfit=6.706840e-01 best=6.703192e-01
[NA] iter=00023 eval=01637 misfit=6.705737e-01 best=6.703192e-01
[NA] iter=00023 eval=01638 misfit=6.714627e-01 best=6.703192e-01
[NA] iter=00023 eval=01639 misfit=6.725227e-01 best=6.703192e-01
[NA] iter=00023 eval=01640 misfit=6.706808e-01 best=6.703192e-01
[NA] iter=00023 eval=01641 misfit=6.722017e-01 best=6.703192e-01
[NA] iter=00023 eval=01642 misfit=6.724538e-01 best=6.703192e-01
[NA] iter=00023 eval=01643 misfit=6.709491e-01 best=6.703192e-01
[NA] iter=00023 eval=01644 misfit=6.707108e-01 best=6.703192e-01
[NA] iter=00023 eval=01645 misfit=6.706763e-01 best=6.703192e-01
[NA] iter=00023 eval=01646 misfit=6.706548e-01 best=6.703192e-01
[NA] iter=00023 eval=01647 misfit=6.706303e-01 best=6.703192e-01
[NA] iter=00023 eval=01648 misfit=6.706439e-01 best=6.703192e-01
[NA] iter=00023 eval=01649 misfit=6.706017e-01 best=6.703192e-01
[NA] iter=00023 eval=01650 misfit=6.705974e-01 best=6.703192e-01
NAI - Optimisation Loop:  46%|████▌     | 23/50 [05:31<06:22, 14.15s/it][NA] iter=00024 eval=01651 misfit=6.730440e-01 best=6.703192e-01
[NA] iter=00024 eval=01652 misfit=6.703653e-01 best=6.703192e-01
[NA] iter=00024 eval=01653 misfit=6.710854e-01 best=6.703192e-01
[NA] iter=00024 eval=01654 misfit=6.703270e-01 best=6.703192e-01
[NA] iter=00024 eval=01655 misfit=6.702065e-01 best=6.702065e-01
[NA] iter=00024 eval=01656 misfit=6.703969e-01 best=6.702065e-01
[NA] iter=00024 eval=01657 misfit=6.703222e-01 best=6.702065e-01
[NA] iter=00024 eval=01658 misfit=6.702926e-01 best=6.702065e-01
[NA] iter=00024 eval=01659 misfit=6.744175e-01 best=6.702065e-01
[NA] iter=00024 eval=01660 misfit=6.708304e-01 best=6.702065e-01
[NA] iter=00024 eval=01661 misfit=6.721765e-01 best=6.702065e-01
[NA] iter=00024 eval=01662 misfit=6.704288e-01 best=6.702065e-01
[NA] iter=00024 eval=01663 misfit=6.704722e-01 best=6.702065e-01
[NA] iter=00024 eval=01664 misfit=6.703886e-01 best=6.702065e-01
[NA] iter=00024 eval=01665 misfit=6.703134e-01 best=6.702065e-01
[NA] iter=00024 eval=01666 misfit=6.706820e-01 best=6.702065e-01
[NA] iter=00024 eval=01667 misfit=6.707736e-01 best=6.702065e-01
[NA] iter=00024 eval=01668 misfit=6.707437e-01 best=6.702065e-01
[NA] iter=00024 eval=01669 misfit=6.707144e-01 best=6.702065e-01
[NA] iter=00024 eval=01670 misfit=6.703416e-01 best=6.702065e-01
[NA] iter=00024 eval=01671 misfit=6.703756e-01 best=6.702065e-01
[NA] iter=00024 eval=01672 misfit=6.705537e-01 best=6.702065e-01
[NA] iter=00024 eval=01673 misfit=6.755046e-01 best=6.702065e-01
[NA] iter=00024 eval=01674 misfit=6.705102e-01 best=6.702065e-01
[NA] iter=00024 eval=01675 misfit=6.705107e-01 best=6.702065e-01
[NA] iter=00024 eval=01676 misfit=6.731518e-01 best=6.702065e-01
[NA] iter=00024 eval=01677 misfit=6.703918e-01 best=6.702065e-01
[NA] iter=00024 eval=01678 misfit=6.708829e-01 best=6.702065e-01
[NA] iter=00024 eval=01679 misfit=6.704892e-01 best=6.702065e-01
[NA] iter=00024 eval=01680 misfit=6.708166e-01 best=6.702065e-01
[NA] iter=00024 eval=01681 misfit=6.709371e-01 best=6.702065e-01
[NA] iter=00024 eval=01682 misfit=6.703334e-01 best=6.702065e-01
[NA] iter=00024 eval=01683 misfit=6.731241e-01 best=6.702065e-01
[NA] iter=00024 eval=01684 misfit=6.709122e-01 best=6.702065e-01
[NA] iter=00024 eval=01685 misfit=6.709747e-01 best=6.702065e-01
[NA] iter=00024 eval=01686 misfit=6.755390e-01 best=6.702065e-01
[NA] iter=00024 eval=01687 misfit=6.704131e-01 best=6.702065e-01
[NA] iter=00024 eval=01688 misfit=6.704462e-01 best=6.702065e-01
[NA] iter=00024 eval=01689 misfit=6.703809e-01 best=6.702065e-01
[NA] iter=00024 eval=01690 misfit=6.706228e-01 best=6.702065e-01
[NA] iter=00024 eval=01691 misfit=6.714755e-01 best=6.702065e-01
[NA] iter=00024 eval=01692 misfit=6.726035e-01 best=6.702065e-01
[NA] iter=00024 eval=01693 misfit=6.725573e-01 best=6.702065e-01
[NA] iter=00024 eval=01694 misfit=6.732176e-01 best=6.702065e-01
[NA] iter=00024 eval=01695 misfit=6.754353e-01 best=6.702065e-01
[NA] iter=00024 eval=01696 misfit=6.706217e-01 best=6.702065e-01
[NA] iter=00024 eval=01697 misfit=6.706183e-01 best=6.702065e-01
[NA] iter=00024 eval=01698 misfit=6.712731e-01 best=6.702065e-01
[NA] iter=00024 eval=01699 misfit=6.706921e-01 best=6.702065e-01
[NA] iter=00024 eval=01700 misfit=6.704876e-01 best=6.702065e-01
NAI - Optimisation Loop:  48%|████▊     | 24/50 [05:45<06:03, 13.98s/it][NA] iter=00025 eval=01701 misfit=6.753232e-01 best=6.702065e-01
[NA] iter=00025 eval=01702 misfit=6.703328e-01 best=6.702065e-01
[NA] iter=00025 eval=01703 misfit=6.727975e-01 best=6.702065e-01
[NA] iter=00025 eval=01704 misfit=6.747326e-01 best=6.702065e-01
[NA] iter=00025 eval=01705 misfit=6.747018e-01 best=6.702065e-01
[NA] iter=00025 eval=01706 misfit=6.702790e-01 best=6.702065e-01
[NA] iter=00025 eval=01707 misfit=6.707843e-01 best=6.702065e-01
[NA] iter=00025 eval=01708 misfit=6.726442e-01 best=6.702065e-01
[NA] iter=00025 eval=01709 misfit=6.730866e-01 best=6.702065e-01
[NA] iter=00025 eval=01710 misfit=6.702678e-01 best=6.702065e-01
[NA] iter=00025 eval=01711 misfit=6.707580e-01 best=6.702065e-01
[NA] iter=00025 eval=01712 misfit=6.702080e-01 best=6.702065e-01
[NA] iter=00025 eval=01713 misfit=6.707270e-01 best=6.702065e-01
[NA] iter=00025 eval=01714 misfit=6.720605e-01 best=6.702065e-01
[NA] iter=00025 eval=01715 misfit=6.727601e-01 best=6.702065e-01
[NA] iter=00025 eval=01716 misfit=6.702835e-01 best=6.702065e-01
[NA] iter=00025 eval=01717 misfit=6.746379e-01 best=6.702065e-01
[NA] iter=00025 eval=01718 misfit=6.708693e-01 best=6.702065e-01
[NA] iter=00025 eval=01719 misfit=6.708521e-01 best=6.702065e-01
[NA] iter=00025 eval=01720 misfit=6.708645e-01 best=6.702065e-01
[NA] iter=00025 eval=01721 misfit=6.712520e-01 best=6.702065e-01
[NA] iter=00025 eval=01722 misfit=6.712050e-01 best=6.702065e-01
[NA] iter=00025 eval=01723 misfit=6.712719e-01 best=6.702065e-01
[NA] iter=00025 eval=01724 misfit=6.707508e-01 best=6.702065e-01
[NA] iter=00025 eval=01725 misfit=6.707493e-01 best=6.702065e-01
[NA] iter=00025 eval=01726 misfit=6.704052e-01 best=6.702065e-01
[NA] iter=00025 eval=01727 misfit=6.711607e-01 best=6.702065e-01
[NA] iter=00025 eval=01728 misfit=6.710548e-01 best=6.702065e-01
[NA] iter=00025 eval=01729 misfit=6.703839e-01 best=6.702065e-01
[NA] iter=00025 eval=01730 misfit=6.731251e-01 best=6.702065e-01
[NA] iter=00025 eval=01731 misfit=6.723859e-01 best=6.702065e-01
[NA] iter=00025 eval=01732 misfit=6.702712e-01 best=6.702065e-01
[NA] iter=00025 eval=01733 misfit=6.703345e-01 best=6.702065e-01
[NA] iter=00025 eval=01734 misfit=6.702507e-01 best=6.702065e-01
[NA] iter=00025 eval=01735 misfit=6.722678e-01 best=6.702065e-01
[NA] iter=00025 eval=01736 misfit=6.722006e-01 best=6.702065e-01
[NA] iter=00025 eval=01737 misfit=6.707731e-01 best=6.702065e-01
[NA] iter=00025 eval=01738 misfit=6.702385e-01 best=6.702065e-01
[NA] iter=00025 eval=01739 misfit=6.722554e-01 best=6.702065e-01
[NA] iter=00025 eval=01740 misfit=6.703581e-01 best=6.702065e-01
[NA] iter=00025 eval=01741 misfit=6.702936e-01 best=6.702065e-01
[NA] iter=00025 eval=01742 misfit=6.710270e-01 best=6.702065e-01
[NA] iter=00025 eval=01743 misfit=6.702664e-01 best=6.702065e-01
[NA] iter=00025 eval=01744 misfit=6.704000e-01 best=6.702065e-01
[NA] iter=00025 eval=01745 misfit=6.703210e-01 best=6.702065e-01
[NA] iter=00025 eval=01746 misfit=6.744031e-01 best=6.702065e-01
[NA] iter=00025 eval=01747 misfit=6.706528e-01 best=6.702065e-01
[NA] iter=00025 eval=01748 misfit=6.731520e-01 best=6.702065e-01
[NA] iter=00025 eval=01749 misfit=6.704373e-01 best=6.702065e-01
[NA] iter=00025 eval=01750 misfit=6.754913e-01 best=6.702065e-01
NAI - Optimisation Loop:  50%|█████     | 25/50 [05:59<05:52, 14.10s/it][NA] iter=00026 eval=01751 misfit=6.730002e-01 best=6.702065e-01
[NA] iter=00026 eval=01752 misfit=6.753254e-01 best=6.702065e-01
[NA] iter=00026 eval=01753 misfit=6.730423e-01 best=6.702065e-01
[NA] iter=00026 eval=01754 misfit=6.753175e-01 best=6.702065e-01
[NA] iter=00026 eval=01755 misfit=6.753252e-01 best=6.702065e-01
[NA] iter=00026 eval=01756 misfit=6.722774e-01 best=6.702065e-01
[NA] iter=00026 eval=01757 misfit=6.721551e-01 best=6.702065e-01
[NA] iter=00026 eval=01758 misfit=6.722152e-01 best=6.702065e-01
[NA] iter=00026 eval=01759 misfit=6.707336e-01 best=6.702065e-01
[NA] iter=00026 eval=01760 misfit=6.701672e-01 best=6.701672e-01
[NA] iter=00026 eval=01761 misfit=6.721983e-01 best=6.701672e-01
[NA] iter=00026 eval=01762 misfit=6.711510e-01 best=6.701672e-01
[NA] iter=00026 eval=01763 misfit=6.722164e-01 best=6.701672e-01
[NA] iter=00026 eval=01764 misfit=6.702033e-01 best=6.701672e-01
[NA] iter=00026 eval=01765 misfit=6.709022e-01 best=6.701672e-01
[NA] iter=00026 eval=01766 misfit=6.701825e-01 best=6.701672e-01
[NA] iter=00026 eval=01767 misfit=6.745906e-01 best=6.701672e-01
[NA] iter=00026 eval=01768 misfit=6.745073e-01 best=6.701672e-01
[NA] iter=00026 eval=01769 misfit=6.702364e-01 best=6.701672e-01
[NA] iter=00026 eval=01770 misfit=6.725821e-01 best=6.701672e-01
[NA] iter=00026 eval=01771 misfit=6.702877e-01 best=6.701672e-01
[NA] iter=00026 eval=01772 misfit=6.723384e-01 best=6.701672e-01
[NA] iter=00026 eval=01773 misfit=6.703265e-01 best=6.701672e-01
[NA] iter=00026 eval=01774 misfit=6.703179e-01 best=6.701672e-01
[NA] iter=00026 eval=01775 misfit=6.734773e-01 best=6.701672e-01
[NA] iter=00026 eval=01776 misfit=6.702676e-01 best=6.701672e-01
[NA] iter=00026 eval=01777 misfit=6.709394e-01 best=6.701672e-01
[NA] iter=00026 eval=01778 misfit=6.702519e-01 best=6.701672e-01
[NA] iter=00026 eval=01779 misfit=6.709084e-01 best=6.701672e-01
[NA] iter=00026 eval=01780 misfit=6.710126e-01 best=6.701672e-01
[NA] iter=00026 eval=01781 misfit=6.703078e-01 best=6.701672e-01
[NA] iter=00026 eval=01782 misfit=6.712491e-01 best=6.701672e-01
[NA] iter=00026 eval=01783 misfit=6.702039e-01 best=6.701672e-01
[NA] iter=00026 eval=01784 misfit=6.703138e-01 best=6.701672e-01
[NA] iter=00026 eval=01785 misfit=6.702183e-01 best=6.701672e-01
[NA] iter=00026 eval=01786 misfit=6.703405e-01 best=6.701672e-01
[NA] iter=00026 eval=01787 misfit=6.710459e-01 best=6.701672e-01
[NA] iter=00026 eval=01788 misfit=6.711621e-01 best=6.701672e-01
[NA] iter=00026 eval=01789 misfit=6.708036e-01 best=6.701672e-01
[NA] iter=00026 eval=01790 misfit=6.703396e-01 best=6.701672e-01
[NA] iter=00026 eval=01791 misfit=6.708442e-01 best=6.701672e-01
[NA] iter=00026 eval=01792 misfit=6.711268e-01 best=6.701672e-01
[NA] iter=00026 eval=01793 misfit=6.712041e-01 best=6.701672e-01
[NA] iter=00026 eval=01794 misfit=6.711140e-01 best=6.701672e-01
[NA] iter=00026 eval=01795 misfit=6.746678e-01 best=6.701672e-01
[NA] iter=00026 eval=01796 misfit=6.707695e-01 best=6.701672e-01
[NA] iter=00026 eval=01797 misfit=6.702719e-01 best=6.701672e-01
[NA] iter=00026 eval=01798 misfit=6.708124e-01 best=6.701672e-01
[NA] iter=00026 eval=01799 misfit=6.702539e-01 best=6.701672e-01
[NA] iter=00026 eval=01800 misfit=6.703083e-01 best=6.701672e-01
NAI - Optimisation Loop:  52%|█████▏    | 26/50 [06:15<05:47, 14.49s/it][NA] iter=00027 eval=01801 misfit=6.744692e-01 best=6.701672e-01
[NA] iter=00027 eval=01802 misfit=6.701992e-01 best=6.701672e-01
[NA] iter=00027 eval=01803 misfit=6.701603e-01 best=6.701603e-01
[NA] iter=00027 eval=01804 misfit=6.702109e-01 best=6.701603e-01
[NA] iter=00027 eval=01805 misfit=6.740849e-01 best=6.701603e-01
[NA] iter=00027 eval=01806 misfit=6.708759e-01 best=6.701603e-01
[NA] iter=00027 eval=01807 misfit=6.701858e-01 best=6.701603e-01
[NA] iter=00027 eval=01808 misfit=6.709441e-01 best=6.701603e-01
[NA] iter=00027 eval=01809 misfit=6.745923e-01 best=6.701603e-01
[NA] iter=00027 eval=01810 misfit=6.701260e-01 best=6.701260e-01
[NA] iter=00027 eval=01811 misfit=6.702163e-01 best=6.701260e-01
[NA] iter=00027 eval=01812 misfit=6.702958e-01 best=6.701260e-01
[NA] iter=00027 eval=01813 misfit=6.745935e-01 best=6.701260e-01
[NA] iter=00027 eval=01814 misfit=6.730501e-01 best=6.701260e-01
[NA] iter=00027 eval=01815 misfit=6.722165e-01 best=6.701260e-01
[NA] iter=00027 eval=01816 misfit=6.722695e-01 best=6.701260e-01
[NA] iter=00027 eval=01817 misfit=6.701923e-01 best=6.701260e-01
[NA] iter=00027 eval=01818 misfit=6.701905e-01 best=6.701260e-01
[NA] iter=00027 eval=01819 misfit=6.725086e-01 best=6.701260e-01
[NA] iter=00027 eval=01820 misfit=6.710667e-01 best=6.701260e-01
[NA] iter=00027 eval=01821 misfit=6.726731e-01 best=6.701260e-01
[NA] iter=00027 eval=01822 misfit=6.730822e-01 best=6.701260e-01
[NA] iter=00027 eval=01823 misfit=6.701801e-01 best=6.701260e-01
[NA] iter=00027 eval=01824 misfit=6.702403e-01 best=6.701260e-01
[NA] iter=00027 eval=01825 misfit=6.726812e-01 best=6.701260e-01
[NA] iter=00027 eval=01826 misfit=6.707170e-01 best=6.701260e-01
[NA] iter=00027 eval=01827 misfit=6.701385e-01 best=6.701260e-01
[NA] iter=00027 eval=01828 misfit=6.702747e-01 best=6.701260e-01
[NA] iter=00027 eval=01829 misfit=6.721738e-01 best=6.701260e-01
[NA] iter=00027 eval=01830 misfit=6.707569e-01 best=6.701260e-01
[NA] iter=00027 eval=01831 misfit=6.702512e-01 best=6.701260e-01
[NA] iter=00027 eval=01832 misfit=6.754138e-01 best=6.701260e-01
[NA] iter=00027 eval=01833 misfit=6.701550e-01 best=6.701260e-01
[NA] iter=00027 eval=01834 misfit=6.702943e-01 best=6.701260e-01
[NA] iter=00027 eval=01835 misfit=6.727326e-01 best=6.701260e-01
[NA] iter=00027 eval=01836 misfit=6.738009e-01 best=6.701260e-01
[NA] iter=00027 eval=01837 misfit=6.726817e-01 best=6.701260e-01
[NA] iter=00027 eval=01838 misfit=6.702470e-01 best=6.701260e-01
[NA] iter=00027 eval=01839 misfit=6.726175e-01 best=6.701260e-01
[NA] iter=00027 eval=01840 misfit=6.708964e-01 best=6.701260e-01
[NA] iter=00027 eval=01841 misfit=6.701489e-01 best=6.701260e-01
[NA] iter=00027 eval=01842 misfit=6.702981e-01 best=6.701260e-01
[NA] iter=00027 eval=01843 misfit=6.711446e-01 best=6.701260e-01
[NA] iter=00027 eval=01844 misfit=6.722203e-01 best=6.701260e-01
[NA] iter=00027 eval=01845 misfit=6.702732e-01 best=6.701260e-01
[NA] iter=00027 eval=01846 misfit=6.702625e-01 best=6.701260e-01
[NA] iter=00027 eval=01847 misfit=6.702393e-01 best=6.701260e-01
[NA] iter=00027 eval=01848 misfit=6.702710e-01 best=6.701260e-01
[NA] iter=00027 eval=01849 misfit=6.702029e-01 best=6.701260e-01
[NA] iter=00027 eval=01850 misfit=6.702885e-01 best=6.701260e-01
NAI - Optimisation Loop:  54%|█████▍    | 27/50 [06:30<05:39, 14.74s/it][NA] iter=00028 eval=01851 misfit=6.708292e-01 best=6.701260e-01
[NA] iter=00028 eval=01852 misfit=6.747228e-01 best=6.701260e-01
[NA] iter=00028 eval=01853 misfit=6.701427e-01 best=6.701260e-01
[NA] iter=00028 eval=01854 misfit=6.718314e-01 best=6.701260e-01
[NA] iter=00028 eval=01855 misfit=6.722821e-01 best=6.701260e-01
[NA] iter=00028 eval=01856 misfit=6.700427e-01 best=6.700427e-01
[NA] iter=00028 eval=01857 misfit=6.709020e-01 best=6.700427e-01
[NA] iter=00028 eval=01858 misfit=6.702590e-01 best=6.700427e-01
[NA] iter=00028 eval=01859 misfit=6.752747e-01 best=6.700427e-01
[NA] iter=00028 eval=01860 misfit=6.708711e-01 best=6.700427e-01
[NA] iter=00028 eval=01861 misfit=6.710382e-01 best=6.700427e-01
[NA] iter=00028 eval=01862 misfit=6.752276e-01 best=6.700427e-01
[NA] iter=00028 eval=01863 misfit=6.749533e-01 best=6.700427e-01
[NA] iter=00028 eval=01864 misfit=6.733580e-01 best=6.700427e-01
[NA] iter=00028 eval=01865 misfit=6.706734e-01 best=6.700427e-01
[NA] iter=00028 eval=01866 misfit=6.701779e-01 best=6.700427e-01
[NA] iter=00028 eval=01867 misfit=6.702395e-01 best=6.700427e-01
[NA] iter=00028 eval=01868 misfit=6.701764e-01 best=6.700427e-01
[NA] iter=00028 eval=01869 misfit=6.726298e-01 best=6.700427e-01
[NA] iter=00028 eval=01870 misfit=6.753008e-01 best=6.700427e-01
[NA] iter=00028 eval=01871 misfit=6.752042e-01 best=6.700427e-01
[NA] iter=00028 eval=01872 misfit=6.708850e-01 best=6.700427e-01
[NA] iter=00028 eval=01873 misfit=6.744615e-01 best=6.700427e-01
[NA] iter=00028 eval=01874 misfit=6.722712e-01 best=6.700427e-01
[NA] iter=00028 eval=01875 misfit=6.705997e-01 best=6.700427e-01
[NA] iter=00028 eval=01876 misfit=6.706528e-01 best=6.700427e-01
[NA] iter=00028 eval=01877 misfit=6.701485e-01 best=6.700427e-01
[NA] iter=00028 eval=01878 misfit=6.721456e-01 best=6.700427e-01
[NA] iter=00028 eval=01879 misfit=6.701886e-01 best=6.700427e-01
[NA] iter=00028 eval=01880 misfit=6.702518e-01 best=6.700427e-01
[NA] iter=00028 eval=01881 misfit=6.701941e-01 best=6.700427e-01
[NA] iter=00028 eval=01882 misfit=6.701774e-01 best=6.700427e-01
[NA] iter=00028 eval=01883 misfit=6.702084e-01 best=6.700427e-01
[NA] iter=00028 eval=01884 misfit=6.702456e-01 best=6.700427e-01
[NA] iter=00028 eval=01885 misfit=6.747589e-01 best=6.700427e-01
[NA] iter=00028 eval=01886 misfit=6.702654e-01 best=6.700427e-01
[NA] iter=00028 eval=01887 misfit=6.702316e-01 best=6.700427e-01
[NA] iter=00028 eval=01888 misfit=6.702209e-01 best=6.700427e-01
[NA] iter=00028 eval=01889 misfit=6.722750e-01 best=6.700427e-01
[NA] iter=00028 eval=01890 misfit=6.722468e-01 best=6.700427e-01
[NA] iter=00028 eval=01891 misfit=6.701890e-01 best=6.700427e-01
[NA] iter=00028 eval=01892 misfit=6.708105e-01 best=6.700427e-01
[NA] iter=00028 eval=01893 misfit=6.701382e-01 best=6.700427e-01
[NA] iter=00028 eval=01894 misfit=6.707695e-01 best=6.700427e-01
[NA] iter=00028 eval=01895 misfit=6.707351e-01 best=6.700427e-01
[NA] iter=00028 eval=01896 misfit=6.707397e-01 best=6.700427e-01
[NA] iter=00028 eval=01897 misfit=6.711350e-01 best=6.700427e-01
[NA] iter=00028 eval=01898 misfit=6.701755e-01 best=6.700427e-01
[NA] iter=00028 eval=01899 misfit=6.707494e-01 best=6.700427e-01
[NA] iter=00028 eval=01900 misfit=6.713175e-01 best=6.700427e-01
NAI - Optimisation Loop:  56%|█████▌    | 28/50 [06:46<05:30, 15.04s/it][NA] iter=00029 eval=01901 misfit=6.751402e-01 best=6.700427e-01
[NA] iter=00029 eval=01902 misfit=6.751469e-01 best=6.700427e-01
[NA] iter=00029 eval=01903 misfit=6.749556e-01 best=6.700427e-01
[NA] iter=00029 eval=01904 misfit=6.749361e-01 best=6.700427e-01
[NA] iter=00029 eval=01905 misfit=6.709261e-01 best=6.700427e-01
[NA] iter=00029 eval=01906 misfit=6.701688e-01 best=6.700427e-01
[NA] iter=00029 eval=01907 misfit=6.701134e-01 best=6.700427e-01
[NA] iter=00029 eval=01908 misfit=6.701200e-01 best=6.700427e-01
[NA] iter=00029 eval=01909 misfit=6.701333e-01 best=6.700427e-01
[NA] iter=00029 eval=01910 misfit=6.701455e-01 best=6.700427e-01
[NA] iter=00029 eval=01911 misfit=6.708384e-01 best=6.700427e-01
[NA] iter=00029 eval=01912 misfit=6.701444e-01 best=6.700427e-01
[NA] iter=00029 eval=01913 misfit=6.701778e-01 best=6.700427e-01
[NA] iter=00029 eval=01914 misfit=6.701525e-01 best=6.700427e-01
[NA] iter=00029 eval=01915 misfit=6.708239e-01 best=6.700427e-01
[NA] iter=00029 eval=01916 misfit=6.701542e-01 best=6.700427e-01
[NA] iter=00029 eval=01917 misfit=6.700484e-01 best=6.700427e-01
[NA] iter=00029 eval=01918 misfit=6.700795e-01 best=6.700427e-01
[NA] iter=00029 eval=01919 misfit=6.701712e-01 best=6.700427e-01
[NA] iter=00029 eval=01920 misfit=6.700413e-01 best=6.700413e-01
[NA] iter=00029 eval=01921 misfit=6.701057e-01 best=6.700413e-01
[NA] iter=00029 eval=01922 misfit=6.701745e-01 best=6.700413e-01
[NA] iter=00029 eval=01923 misfit=6.730222e-01 best=6.700413e-01
[NA] iter=00029 eval=01924 misfit=6.701643e-01 best=6.700413e-01
[NA] iter=00029 eval=01925 misfit=6.726569e-01 best=6.700413e-01
[NA] iter=00029 eval=01926 misfit=6.709198e-01 best=6.700413e-01
[NA] iter=00029 eval=01927 misfit=6.701519e-01 best=6.700413e-01
[NA] iter=00029 eval=01928 misfit=6.709119e-01 best=6.700413e-01
[NA] iter=00029 eval=01929 misfit=6.701655e-01 best=6.700413e-01
[NA] iter=00029 eval=01930 misfit=6.701536e-01 best=6.700413e-01
[NA] iter=00029 eval=01931 misfit=6.721144e-01 best=6.700413e-01
[NA] iter=00029 eval=01932 misfit=6.721310e-01 best=6.700413e-01
[NA] iter=00029 eval=01933 misfit=6.701691e-01 best=6.700413e-01
[NA] iter=00029 eval=01934 misfit=6.726758e-01 best=6.700413e-01
[NA] iter=00029 eval=01935 misfit=6.727280e-01 best=6.700413e-01
[NA] iter=00029 eval=01936 misfit=6.702265e-01 best=6.700413e-01
[NA] iter=00029 eval=01937 misfit=6.702287e-01 best=6.700413e-01
[NA] iter=00029 eval=01938 misfit=6.701937e-01 best=6.700413e-01
[NA] iter=00029 eval=01939 misfit=6.727409e-01 best=6.700413e-01
[NA] iter=00029 eval=01940 misfit=6.730271e-01 best=6.700413e-01
[NA] iter=00029 eval=01941 misfit=6.701755e-01 best=6.700413e-01
[NA] iter=00029 eval=01942 misfit=6.701771e-01 best=6.700413e-01
[NA] iter=00029 eval=01943 misfit=6.701919e-01 best=6.700413e-01
[NA] iter=00029 eval=01944 misfit=6.722347e-01 best=6.700413e-01
[NA] iter=00029 eval=01945 misfit=6.706104e-01 best=6.700413e-01
[NA] iter=00029 eval=01946 misfit=6.701660e-01 best=6.700413e-01
[NA] iter=00029 eval=01947 misfit=6.701569e-01 best=6.700413e-01
[NA] iter=00029 eval=01948 misfit=6.702033e-01 best=6.700413e-01
[NA] iter=00029 eval=01949 misfit=6.701413e-01 best=6.700413e-01
[NA] iter=00029 eval=01950 misfit=6.702119e-01 best=6.700413e-01
NAI - Optimisation Loop:  58%|█████▊    | 29/50 [07:03<05:32, 15.83s/it][NA] iter=00030 eval=01951 misfit=6.700797e-01 best=6.700413e-01
[NA] iter=00030 eval=01952 misfit=6.700569e-01 best=6.700413e-01
[NA] iter=00030 eval=01953 misfit=6.700895e-01 best=6.700413e-01
[NA] iter=00030 eval=01954 misfit=6.700834e-01 best=6.700413e-01
[NA] iter=00030 eval=01955 misfit=6.709311e-01 best=6.700413e-01
[NA] iter=00030 eval=01956 misfit=6.709136e-01 best=6.700413e-01
[NA] iter=00030 eval=01957 misfit=6.721955e-01 best=6.700413e-01
[NA] iter=00030 eval=01958 misfit=6.708855e-01 best=6.700413e-01
[NA] iter=00030 eval=01959 misfit=6.701599e-01 best=6.700413e-01
[NA] iter=00030 eval=01960 misfit=6.701425e-01 best=6.700413e-01
[NA] iter=00030 eval=01961 misfit=6.700156e-01 best=6.700156e-01
[NA] iter=00030 eval=01962 misfit=6.751656e-01 best=6.700156e-01
[NA] iter=00030 eval=01963 misfit=6.752396e-01 best=6.700156e-01
[NA] iter=00030 eval=01964 misfit=6.751741e-01 best=6.700156e-01
[NA] iter=00030 eval=01965 misfit=6.745261e-01 best=6.700156e-01
[NA] iter=00030 eval=01966 misfit=6.700736e-01 best=6.700156e-01
[NA] iter=00030 eval=01967 misfit=6.701614e-01 best=6.700156e-01
[NA] iter=00030 eval=01968 misfit=6.701631e-01 best=6.700156e-01
[NA] iter=00030 eval=01969 misfit=6.701549e-01 best=6.700156e-01
[NA] iter=00030 eval=01970 misfit=6.701314e-01 best=6.700156e-01
[NA] iter=00030 eval=01971 misfit=6.726036e-01 best=6.700156e-01
[NA] iter=00030 eval=01972 misfit=6.725958e-01 best=6.700156e-01
[NA] iter=00030 eval=01973 misfit=6.746914e-01 best=6.700156e-01
[NA] iter=00030 eval=01974 misfit=6.747078e-01 best=6.700156e-01
[NA] iter=00030 eval=01975 misfit=6.701253e-01 best=6.700156e-01
[NA] iter=00030 eval=01976 misfit=6.752679e-01 best=6.700156e-01
[NA] iter=00030 eval=01977 misfit=6.701534e-01 best=6.700156e-01
[NA] iter=00030 eval=01978 misfit=6.743279e-01 best=6.700156e-01
[NA] iter=00030 eval=01979 misfit=6.722110e-01 best=6.700156e-01
[NA] iter=00030 eval=01980 misfit=6.773307e-01 best=6.700156e-01
[NA] iter=00030 eval=01981 misfit=6.700953e-01 best=6.700156e-01
[NA] iter=00030 eval=01982 misfit=6.701079e-01 best=6.700156e-01
[NA] iter=00030 eval=01983 misfit=6.700994e-01 best=6.700156e-01
[NA] iter=00030 eval=01984 misfit=6.701126e-01 best=6.700156e-01
[NA] iter=00030 eval=01985 misfit=6.701247e-01 best=6.700156e-01
[NA] iter=00030 eval=01986 misfit=6.701543e-01 best=6.700156e-01
[NA] iter=00030 eval=01987 misfit=6.701467e-01 best=6.700156e-01
[NA] iter=00030 eval=01988 misfit=6.701544e-01 best=6.700156e-01
[NA] iter=00030 eval=01989 misfit=6.701019e-01 best=6.700156e-01
[NA] iter=00030 eval=01990 misfit=6.701016e-01 best=6.700156e-01
[NA] iter=00030 eval=01991 misfit=6.722878e-01 best=6.700156e-01
[NA] iter=00030 eval=01992 misfit=6.701285e-01 best=6.700156e-01
[NA] iter=00030 eval=01993 misfit=6.701287e-01 best=6.700156e-01
[NA] iter=00030 eval=01994 misfit=6.722771e-01 best=6.700156e-01
[NA] iter=00030 eval=01995 misfit=6.722134e-01 best=6.700156e-01
[NA] iter=00030 eval=01996 misfit=6.701235e-01 best=6.700156e-01
[NA] iter=00030 eval=01997 misfit=6.701417e-01 best=6.700156e-01
[NA] iter=00030 eval=01998 misfit=6.701682e-01 best=6.700156e-01
[NA] iter=00030 eval=01999 misfit=6.701390e-01 best=6.700156e-01
[NA] iter=00030 eval=02000 misfit=6.701400e-01 best=6.700156e-01
NAI - Optimisation Loop:  60%|██████    | 30/50 [07:20<05:23, 16.15s/it][NA] iter=00031 eval=02001 misfit=6.701519e-01 best=6.700156e-01
[NA] iter=00031 eval=02002 misfit=6.721427e-01 best=6.700156e-01
[NA] iter=00031 eval=02003 misfit=6.700425e-01 best=6.700156e-01
[NA] iter=00031 eval=02004 misfit=6.702157e-01 best=6.700156e-01
[NA] iter=00031 eval=02005 misfit=6.701807e-01 best=6.700156e-01
[NA] iter=00031 eval=02006 misfit=6.700512e-01 best=6.700156e-01
[NA] iter=00031 eval=02007 misfit=6.709526e-01 best=6.700156e-01
[NA] iter=00031 eval=02008 misfit=6.700468e-01 best=6.700156e-01
[NA] iter=00031 eval=02009 misfit=6.700866e-01 best=6.700156e-01
[NA] iter=00031 eval=02010 misfit=6.700616e-01 best=6.700156e-01
[NA] iter=00031 eval=02011 misfit=6.701514e-01 best=6.700156e-01
[NA] iter=00031 eval=02012 misfit=6.700496e-01 best=6.700156e-01
[NA] iter=00031 eval=02013 misfit=6.700509e-01 best=6.700156e-01
[NA] iter=00031 eval=02014 misfit=6.709227e-01 best=6.700156e-01
[NA] iter=00031 eval=02015 misfit=6.701596e-01 best=6.700156e-01
[NA] iter=00031 eval=02016 misfit=6.702120e-01 best=6.700156e-01
[NA] iter=00031 eval=02017 misfit=6.701184e-01 best=6.700156e-01
[NA] iter=00031 eval=02018 misfit=6.708383e-01 best=6.700156e-01
[NA] iter=00031 eval=02019 misfit=6.702115e-01 best=6.700156e-01
[NA] iter=00031 eval=02020 misfit=6.729023e-01 best=6.700156e-01
[NA] iter=00031 eval=02021 misfit=6.701897e-01 best=6.700156e-01
[NA] iter=00031 eval=02022 misfit=6.701316e-01 best=6.700156e-01
[NA] iter=00031 eval=02023 misfit=6.701763e-01 best=6.700156e-01
[NA] iter=00031 eval=02024 misfit=6.700562e-01 best=6.700156e-01
[NA] iter=00031 eval=02025 misfit=6.700472e-01 best=6.700156e-01
[NA] iter=00031 eval=02026 misfit=6.721010e-01 best=6.700156e-01
[NA] iter=00031 eval=02027 misfit=6.700661e-01 best=6.700156e-01
[NA] iter=00031 eval=02028 misfit=6.720982e-01 best=6.700156e-01
[NA] iter=00031 eval=02029 misfit=6.741323e-01 best=6.700156e-01
[NA] iter=00031 eval=02030 misfit=6.700252e-01 best=6.700156e-01
[NA] iter=00031 eval=02031 misfit=6.700516e-01 best=6.700156e-01
[NA] iter=00031 eval=02032 misfit=6.701561e-01 best=6.700156e-01
[NA] iter=00031 eval=02033 misfit=6.701488e-01 best=6.700156e-01
[NA] iter=00031 eval=02034 misfit=6.701001e-01 best=6.700156e-01
[NA] iter=00031 eval=02035 misfit=6.700546e-01 best=6.700156e-01
[NA] iter=00031 eval=02036 misfit=6.701103e-01 best=6.700156e-01
[NA] iter=00031 eval=02037 misfit=6.702980e-01 best=6.700156e-01
[NA] iter=00031 eval=02038 misfit=6.720950e-01 best=6.700156e-01
[NA] iter=00031 eval=02039 misfit=6.721241e-01 best=6.700156e-01
[NA] iter=00031 eval=02040 misfit=6.720874e-01 best=6.700156e-01
[NA] iter=00031 eval=02041 misfit=6.700931e-01 best=6.700156e-01
[NA] iter=00031 eval=02042 misfit=6.700918e-01 best=6.700156e-01
[NA] iter=00031 eval=02043 misfit=6.701401e-01 best=6.700156e-01
[NA] iter=00031 eval=02044 misfit=6.701156e-01 best=6.700156e-01
[NA] iter=00031 eval=02045 misfit=6.701631e-01 best=6.700156e-01
[NA] iter=00031 eval=02046 misfit=6.721176e-01 best=6.700156e-01
[NA] iter=00031 eval=02047 misfit=6.702499e-01 best=6.700156e-01
[NA] iter=00031 eval=02048 misfit=6.702118e-01 best=6.700156e-01
[NA] iter=00031 eval=02049 misfit=6.700825e-01 best=6.700156e-01
[NA] iter=00031 eval=02050 misfit=6.721076e-01 best=6.700156e-01
NAI - Optimisation Loop:  62%|██████▏   | 31/50 [07:37<05:07, 16.20s/it][NA] iter=00032 eval=02051 misfit=6.724065e-01 best=6.700156e-01
[NA] iter=00032 eval=02052 misfit=6.700182e-01 best=6.700156e-01
[NA] iter=00032 eval=02053 misfit=6.744973e-01 best=6.700156e-01
[NA] iter=00032 eval=02054 misfit=6.700268e-01 best=6.700156e-01
[NA] iter=00032 eval=02055 misfit=6.729065e-01 best=6.700156e-01
[NA] iter=00032 eval=02056 misfit=6.700942e-01 best=6.700156e-01
[NA] iter=00032 eval=02057 misfit=6.699975e-01 best=6.699975e-01
[NA] iter=00032 eval=02058 misfit=6.701282e-01 best=6.699975e-01
[NA] iter=00032 eval=02059 misfit=6.721286e-01 best=6.699975e-01
[NA] iter=00032 eval=02060 misfit=6.700926e-01 best=6.699975e-01
[NA] iter=00032 eval=02061 misfit=6.708936e-01 best=6.699975e-01
[NA] iter=00032 eval=02062 misfit=6.744406e-01 best=6.699975e-01
[NA] iter=00032 eval=02063 misfit=6.700653e-01 best=6.699975e-01
[NA] iter=00032 eval=02064 misfit=6.700699e-01 best=6.699975e-01
[NA] iter=00032 eval=02065 misfit=6.700713e-01 best=6.699975e-01
[NA] iter=00032 eval=02066 misfit=6.701259e-01 best=6.699975e-01
[NA] iter=00032 eval=02067 misfit=6.700426e-01 best=6.699975e-01
[NA] iter=00032 eval=02068 misfit=6.700917e-01 best=6.699975e-01
[NA] iter=00032 eval=02069 misfit=6.722422e-01 best=6.699975e-01
[NA] iter=00032 eval=02070 misfit=6.701794e-01 best=6.699975e-01
[NA] iter=00032 eval=02071 misfit=6.709093e-01 best=6.699975e-01
[NA] iter=00032 eval=02072 misfit=6.708874e-01 best=6.699975e-01
[NA] iter=00032 eval=02073 misfit=6.708841e-01 best=6.699975e-01
[NA] iter=00032 eval=02074 misfit=6.708821e-01 best=6.699975e-01
[NA] iter=00032 eval=02075 misfit=6.700969e-01 best=6.699975e-01
[NA] iter=00032 eval=02076 misfit=6.700747e-01 best=6.699975e-01
[NA] iter=00032 eval=02077 misfit=6.700726e-01 best=6.699975e-01
[NA] iter=00032 eval=02078 misfit=6.701221e-01 best=6.699975e-01
[NA] iter=00032 eval=02079 misfit=6.701145e-01 best=6.699975e-01
[NA] iter=00032 eval=02080 misfit=6.700779e-01 best=6.699975e-01
[NA] iter=00032 eval=02081 misfit=6.720881e-01 best=6.699975e-01
[NA] iter=00032 eval=02082 misfit=6.720865e-01 best=6.699975e-01
[NA] iter=00032 eval=02083 misfit=6.700590e-01 best=6.699975e-01
[NA] iter=00032 eval=02084 misfit=6.708957e-01 best=6.699975e-01
[NA] iter=00032 eval=02085 misfit=6.700749e-01 best=6.699975e-01
[NA] iter=00032 eval=02086 misfit=6.700277e-01 best=6.699975e-01
[NA] iter=00032 eval=02087 misfit=6.700308e-01 best=6.699975e-01
[NA] iter=00032 eval=02088 misfit=6.700390e-01 best=6.699975e-01
[NA] iter=00032 eval=02089 misfit=6.700359e-01 best=6.699975e-01
[NA] iter=00032 eval=02090 misfit=6.729766e-01 best=6.699975e-01
[NA] iter=00032 eval=02091 misfit=6.709376e-01 best=6.699975e-01
[NA] iter=00032 eval=02092 misfit=6.709712e-01 best=6.699975e-01
[NA] iter=00032 eval=02093 misfit=6.700535e-01 best=6.699975e-01
[NA] iter=00032 eval=02094 misfit=6.709635e-01 best=6.699975e-01
[NA] iter=00032 eval=02095 misfit=6.700482e-01 best=6.699975e-01
[NA] iter=00032 eval=02096 misfit=6.700439e-01 best=6.699975e-01
[NA] iter=00032 eval=02097 misfit=6.709610e-01 best=6.699975e-01
[NA] iter=00032 eval=02098 misfit=6.725984e-01 best=6.699975e-01
[NA] iter=00032 eval=02099 misfit=6.709114e-01 best=6.699975e-01
[NA] iter=00032 eval=02100 misfit=6.741301e-01 best=6.699975e-01
NAI - Optimisation Loop:  64%|██████▍   | 32/50 [07:53<04:54, 16.38s/it][NA] iter=00033 eval=02101 misfit=6.751530e-01 best=6.699975e-01
[NA] iter=00033 eval=02102 misfit=6.700761e-01 best=6.699975e-01
[NA] iter=00033 eval=02103 misfit=6.700592e-01 best=6.699975e-01
[NA] iter=00033 eval=02104 misfit=6.721687e-01 best=6.699975e-01
[NA] iter=00033 eval=02105 misfit=6.721430e-01 best=6.699975e-01
[NA] iter=00033 eval=02106 misfit=6.700356e-01 best=6.699975e-01
[NA] iter=00033 eval=02107 misfit=6.700580e-01 best=6.699975e-01
[NA] iter=00033 eval=02108 misfit=6.700137e-01 best=6.699975e-01
[NA] iter=00033 eval=02109 misfit=6.721182e-01 best=6.699975e-01
[NA] iter=00033 eval=02110 misfit=6.729222e-01 best=6.699975e-01
[NA] iter=00033 eval=02111 misfit=6.700840e-01 best=6.699975e-01
[NA] iter=00033 eval=02112 misfit=6.701051e-01 best=6.699975e-01
[NA] iter=00033 eval=02113 misfit=6.727300e-01 best=6.699975e-01
[NA] iter=00033 eval=02114 misfit=6.726460e-01 best=6.699975e-01
[NA] iter=00033 eval=02115 misfit=6.700966e-01 best=6.699975e-01
[NA] iter=00033 eval=02116 misfit=6.700451e-01 best=6.699975e-01
[NA] iter=00033 eval=02117 misfit=6.700133e-01 best=6.699975e-01
[NA] iter=00033 eval=02118 misfit=6.708595e-01 best=6.699975e-01
[NA] iter=00033 eval=02119 misfit=6.701190e-01 best=6.699975e-01
[NA] iter=00033 eval=02120 misfit=6.700496e-01 best=6.699975e-01
[NA] iter=00033 eval=02121 misfit=6.700605e-01 best=6.699975e-01
[NA] iter=00033 eval=02122 misfit=6.700670e-01 best=6.699975e-01
[NA] iter=00033 eval=02123 misfit=6.700590e-01 best=6.699975e-01
[NA] iter=00033 eval=02124 misfit=6.723081e-01 best=6.699975e-01
[NA] iter=00033 eval=02125 misfit=6.745739e-01 best=6.699975e-01
[NA] iter=00033 eval=02126 misfit=6.700327e-01 best=6.699975e-01
[NA] iter=00033 eval=02127 misfit=6.700199e-01 best=6.699975e-01
[NA] iter=00033 eval=02128 misfit=6.700214e-01 best=6.699975e-01
[NA] iter=00033 eval=02129 misfit=6.700093e-01 best=6.699975e-01
[NA] iter=00033 eval=02130 misfit=6.724733e-01 best=6.699975e-01
[NA] iter=00033 eval=02131 misfit=6.701140e-01 best=6.699975e-01
[NA] iter=00033 eval=02132 misfit=6.700307e-01 best=6.699975e-01
[NA] iter=00033 eval=02133 misfit=6.700058e-01 best=6.699975e-01
[NA] iter=00033 eval=02134 misfit=6.701199e-01 best=6.699975e-01
[NA] iter=00033 eval=02135 misfit=6.700246e-01 best=6.699975e-01
[NA] iter=00033 eval=02136 misfit=6.701010e-01 best=6.699975e-01
[NA] iter=00033 eval=02137 misfit=6.700939e-01 best=6.699975e-01
[NA] iter=00033 eval=02138 misfit=6.701256e-01 best=6.699975e-01
[NA] iter=00033 eval=02139 misfit=6.700990e-01 best=6.699975e-01
[NA] iter=00033 eval=02140 misfit=6.700976e-01 best=6.699975e-01
[NA] iter=00033 eval=02141 misfit=6.700588e-01 best=6.699975e-01
[NA] iter=00033 eval=02142 misfit=6.700526e-01 best=6.699975e-01
[NA] iter=00033 eval=02143 misfit=6.700490e-01 best=6.699975e-01
[NA] iter=00033 eval=02144 misfit=6.700387e-01 best=6.699975e-01
[NA] iter=00033 eval=02145 misfit=6.700454e-01 best=6.699975e-01
[NA] iter=00033 eval=02146 misfit=6.709094e-01 best=6.699975e-01
[NA] iter=00033 eval=02147 misfit=6.700403e-01 best=6.699975e-01
[NA] iter=00033 eval=02148 misfit=6.708982e-01 best=6.699975e-01
[NA] iter=00033 eval=02149 misfit=6.709203e-01 best=6.699975e-01
[NA] iter=00033 eval=02150 misfit=6.700426e-01 best=6.699975e-01
NAI - Optimisation Loop:  66%|██████▌   | 33/50 [08:10<04:38, 16.41s/it][NA] iter=00034 eval=02151 misfit=6.721460e-01 best=6.699975e-01
[NA] iter=00034 eval=02152 misfit=6.700254e-01 best=6.699975e-01
[NA] iter=00034 eval=02153 misfit=6.708507e-01 best=6.699975e-01
[NA] iter=00034 eval=02154 misfit=6.721302e-01 best=6.699975e-01
[NA] iter=00034 eval=02155 misfit=6.721479e-01 best=6.699975e-01
[NA] iter=00034 eval=02156 misfit=6.708610e-01 best=6.699975e-01
[NA] iter=00034 eval=02157 misfit=6.708274e-01 best=6.699975e-01
[NA] iter=00034 eval=02158 misfit=6.700575e-01 best=6.699975e-01
[NA] iter=00034 eval=02159 misfit=6.700152e-01 best=6.699975e-01
[NA] iter=00034 eval=02160 misfit=6.708263e-01 best=6.699975e-01
[NA] iter=00034 eval=02161 misfit=6.700165e-01 best=6.699975e-01
[NA] iter=00034 eval=02162 misfit=6.700127e-01 best=6.699975e-01
[NA] iter=00034 eval=02163 misfit=6.700034e-01 best=6.699975e-01
[NA] iter=00034 eval=02164 misfit=6.700197e-01 best=6.699975e-01
[NA] iter=00034 eval=02165 misfit=6.700000e-01 best=6.699975e-01
[NA] iter=00034 eval=02166 misfit=6.708560e-01 best=6.699975e-01
[NA] iter=00034 eval=02167 misfit=6.708548e-01 best=6.699975e-01
[NA] iter=00034 eval=02168 misfit=6.701063e-01 best=6.699975e-01
[NA] iter=00034 eval=02169 misfit=6.722235e-01 best=6.699975e-01
[NA] iter=00034 eval=02170 misfit=6.708813e-01 best=6.699975e-01
[NA] iter=00034 eval=02171 misfit=6.721494e-01 best=6.699975e-01
[NA] iter=00034 eval=02172 misfit=6.707688e-01 best=6.699975e-01
[NA] iter=00034 eval=02173 misfit=6.721531e-01 best=6.699975e-01
[NA] iter=00034 eval=02174 misfit=6.721133e-01 best=6.699975e-01
[NA] iter=00034 eval=02175 misfit=6.721654e-01 best=6.699975e-01
[NA] iter=00034 eval=02176 misfit=6.700320e-01 best=6.699975e-01
[NA] iter=00034 eval=02177 misfit=6.700327e-01 best=6.699975e-01
[NA] iter=00034 eval=02178 misfit=6.700444e-01 best=6.699975e-01
[NA] iter=00034 eval=02179 misfit=6.745501e-01 best=6.699975e-01
[NA] iter=00034 eval=02180 misfit=6.700171e-01 best=6.699975e-01
[NA] iter=00034 eval=02181 misfit=6.700969e-01 best=6.699975e-01
[NA] iter=00034 eval=02182 misfit=6.725127e-01 best=6.699975e-01
[NA] iter=00034 eval=02183 misfit=6.700945e-01 best=6.699975e-01
[NA] iter=00034 eval=02184 misfit=6.700200e-01 best=6.699975e-01
[NA] iter=00034 eval=02185 misfit=6.745594e-01 best=6.699975e-01
[NA] iter=00034 eval=02186 misfit=6.744936e-01 best=6.699975e-01
[NA] iter=00034 eval=02187 misfit=6.745302e-01 best=6.699975e-01
[NA] iter=00034 eval=02188 misfit=6.728743e-01 best=6.699975e-01
[NA] iter=00034 eval=02189 misfit=6.700032e-01 best=6.699975e-01
[NA] iter=00034 eval=02190 misfit=6.700129e-01 best=6.699975e-01
[NA] iter=00034 eval=02191 misfit=6.745578e-01 best=6.699975e-01
[NA] iter=00034 eval=02192 misfit=6.725110e-01 best=6.699975e-01
[NA] iter=00034 eval=02193 misfit=6.729036e-01 best=6.699975e-01
[NA] iter=00034 eval=02194 misfit=6.730665e-01 best=6.699975e-01
[NA] iter=00034 eval=02195 misfit=6.729339e-01 best=6.699975e-01
[NA] iter=00034 eval=02196 misfit=6.700203e-01 best=6.699975e-01
[NA] iter=00034 eval=02197 misfit=6.707995e-01 best=6.699975e-01
[NA] iter=00034 eval=02198 misfit=6.700241e-01 best=6.699975e-01
[NA] iter=00034 eval=02199 misfit=6.708283e-01 best=6.699975e-01
[NA] iter=00034 eval=02200 misfit=6.700113e-01 best=6.699975e-01
NAI - Optimisation Loop:  68%|██████▊   | 34/50 [08:27<04:26, 16.66s/it][NA] iter=00035 eval=02201 misfit=6.722099e-01 best=6.699975e-01
[NA] iter=00035 eval=02202 misfit=6.700075e-01 best=6.699975e-01
[NA] iter=00035 eval=02203 misfit=6.721478e-01 best=6.699975e-01
[NA] iter=00035 eval=02204 misfit=6.708589e-01 best=6.699975e-01
[NA] iter=00035 eval=02205 misfit=6.700184e-01 best=6.699975e-01
[NA] iter=00035 eval=02206 misfit=6.700370e-01 best=6.699975e-01
[NA] iter=00035 eval=02207 misfit=6.700104e-01 best=6.699975e-01
[NA] iter=00035 eval=02208 misfit=6.700345e-01 best=6.699975e-01
[NA] iter=00035 eval=02209 misfit=6.700280e-01 best=6.699975e-01
[NA] iter=00035 eval=02210 misfit=6.700934e-01 best=6.699975e-01
[NA] iter=00035 eval=02211 misfit=6.700192e-01 best=6.699975e-01
[NA] iter=00035 eval=02212 misfit=6.700241e-01 best=6.699975e-01
[NA] iter=00035 eval=02213 misfit=6.700705e-01 best=6.699975e-01
[NA] iter=00035 eval=02214 misfit=6.700224e-01 best=6.699975e-01
[NA] iter=00035 eval=02215 misfit=6.700100e-01 best=6.699975e-01
[NA] iter=00035 eval=02216 misfit=6.700141e-01 best=6.699975e-01
[NA] iter=00035 eval=02217 misfit=6.700138e-01 best=6.699975e-01
[NA] iter=00035 eval=02218 misfit=6.700728e-01 best=6.699975e-01
[NA] iter=00035 eval=02219 misfit=6.700015e-01 best=6.699975e-01
[NA] iter=00035 eval=02220 misfit=6.700123e-01 best=6.699975e-01
[NA] iter=00035 eval=02221 misfit=6.700318e-01 best=6.699975e-01
[NA] iter=00035 eval=02222 misfit=6.700733e-01 best=6.699975e-01
[NA] iter=00035 eval=02223 misfit=6.708727e-01 best=6.699975e-01
[NA] iter=00035 eval=02224 misfit=6.700114e-01 best=6.699975e-01
[NA] iter=00035 eval=02225 misfit=6.708300e-01 best=6.699975e-01
[NA] iter=00035 eval=02226 misfit=6.700136e-01 best=6.699975e-01
[NA] iter=00035 eval=02227 misfit=6.700104e-01 best=6.699975e-01
[NA] iter=00035 eval=02228 misfit=6.700059e-01 best=6.699975e-01
[NA] iter=00035 eval=02229 misfit=6.700971e-01 best=6.699975e-01
[NA] iter=00035 eval=02230 misfit=6.700732e-01 best=6.699975e-01
[NA] iter=00035 eval=02231 misfit=6.708400e-01 best=6.699975e-01
[NA] iter=00035 eval=02232 misfit=6.700294e-01 best=6.699975e-01
[NA] iter=00035 eval=02233 misfit=6.700010e-01 best=6.699975e-01
[NA] iter=00035 eval=02234 misfit=6.708307e-01 best=6.699975e-01
[NA] iter=00035 eval=02235 misfit=6.700238e-01 best=6.699975e-01
[NA] iter=00035 eval=02236 misfit=6.700166e-01 best=6.699975e-01
[NA] iter=00035 eval=02237 misfit=6.700116e-01 best=6.699975e-01
[NA] iter=00035 eval=02238 misfit=6.700302e-01 best=6.699975e-01
[NA] iter=00035 eval=02239 misfit=6.700093e-01 best=6.699975e-01
[NA] iter=00035 eval=02240 misfit=6.701011e-01 best=6.699975e-01
[NA] iter=00035 eval=02241 misfit=6.708079e-01 best=6.699975e-01
[NA] iter=00035 eval=02242 misfit=6.700198e-01 best=6.699975e-01
[NA] iter=00035 eval=02243 misfit=6.700185e-01 best=6.699975e-01
[NA] iter=00035 eval=02244 misfit=6.700181e-01 best=6.699975e-01
[NA] iter=00035 eval=02245 misfit=6.700355e-01 best=6.699975e-01
[NA] iter=00035 eval=02246 misfit=6.700288e-01 best=6.699975e-01
[NA] iter=00035 eval=02247 misfit=6.707834e-01 best=6.699975e-01
[NA] iter=00035 eval=02248 misfit=6.708438e-01 best=6.699975e-01
[NA] iter=00035 eval=02249 misfit=6.701014e-01 best=6.699975e-01
[NA] iter=00035 eval=02250 misfit=6.701130e-01 best=6.699975e-01
NAI - Optimisation Loop:  70%|███████   | 35/50 [08:43<04:08, 16.56s/it][NA] iter=00036 eval=02251 misfit=6.721209e-01 best=6.699975e-01
[NA] iter=00036 eval=02252 misfit=6.721405e-01 best=6.699975e-01
[NA] iter=00036 eval=02253 misfit=6.707774e-01 best=6.699975e-01
[NA] iter=00036 eval=02254 misfit=6.708067e-01 best=6.699975e-01
[NA] iter=00036 eval=02255 misfit=6.700112e-01 best=6.699975e-01
[NA] iter=00036 eval=02256 misfit=6.700656e-01 best=6.699975e-01
[NA] iter=00036 eval=02257 misfit=6.700335e-01 best=6.699975e-01
[NA] iter=00036 eval=02258 misfit=6.700132e-01 best=6.699975e-01
[NA] iter=00036 eval=02259 misfit=6.700113e-01 best=6.699975e-01
[NA] iter=00036 eval=02260 misfit=6.700434e-01 best=6.699975e-01
[NA] iter=00036 eval=02261 misfit=6.708240e-01 best=6.699975e-01
[NA] iter=00036 eval=02262 misfit=6.708179e-01 best=6.699975e-01
[NA] iter=00036 eval=02263 misfit=6.700331e-01 best=6.699975e-01
[NA] iter=00036 eval=02264 misfit=6.700335e-01 best=6.699975e-01
[NA] iter=00036 eval=02265 misfit=6.699967e-01 best=6.699967e-01
[NA] iter=00036 eval=02266 misfit=6.700061e-01 best=6.699967e-01
[NA] iter=00036 eval=02267 misfit=6.699881e-01 best=6.699881e-01
[NA] iter=00036 eval=02268 misfit=6.707995e-01 best=6.699881e-01
[NA] iter=00036 eval=02269 misfit=6.700159e-01 best=6.699881e-01
[NA] iter=00036 eval=02270 misfit=6.745577e-01 best=6.699881e-01
[NA] iter=00036 eval=02271 misfit=6.700153e-01 best=6.699881e-01
[NA] iter=00036 eval=02272 misfit=6.699994e-01 best=6.699881e-01
[NA] iter=00036 eval=02273 misfit=6.700116e-01 best=6.699881e-01
[NA] iter=00036 eval=02274 misfit=6.699998e-01 best=6.699881e-01
[NA] iter=00036 eval=02275 misfit=6.700104e-01 best=6.699881e-01
[NA] iter=00036 eval=02276 misfit=6.700200e-01 best=6.699881e-01
[NA] iter=00036 eval=02277 misfit=6.700010e-01 best=6.699881e-01
[NA] iter=00036 eval=02278 misfit=6.700003e-01 best=6.699881e-01
[NA] iter=00036 eval=02279 misfit=6.700104e-01 best=6.699881e-01
[NA] iter=00036 eval=02280 misfit=6.700149e-01 best=6.699881e-01
[NA] iter=00036 eval=02281 misfit=6.700825e-01 best=6.699881e-01
[NA] iter=00036 eval=02282 misfit=6.708235e-01 best=6.699881e-01
[NA] iter=00036 eval=02283 misfit=6.699971e-01 best=6.699881e-01
[NA] iter=00036 eval=02284 misfit=6.708753e-01 best=6.699881e-01
[NA] iter=00036 eval=02285 misfit=6.700860e-01 best=6.699881e-01
[NA] iter=00036 eval=02286 misfit=6.700276e-01 best=6.699881e-01
[NA] iter=00036 eval=02287 misfit=6.700168e-01 best=6.699881e-01
[NA] iter=00036 eval=02288 misfit=6.700031e-01 best=6.699881e-01
[NA] iter=00036 eval=02289 misfit=6.700184e-01 best=6.699881e-01
[NA] iter=00036 eval=02290 misfit=6.700285e-01 best=6.699881e-01
[NA] iter=00036 eval=02291 misfit=6.700095e-01 best=6.699881e-01
[NA] iter=00036 eval=02292 misfit=6.700301e-01 best=6.699881e-01
[NA] iter=00036 eval=02293 misfit=6.700372e-01 best=6.699881e-01
[NA] iter=00036 eval=02294 misfit=6.700306e-01 best=6.699881e-01
[NA] iter=00036 eval=02295 misfit=6.700242e-01 best=6.699881e-01
[NA] iter=00036 eval=02296 misfit=6.700090e-01 best=6.699881e-01
[NA] iter=00036 eval=02297 misfit=6.699997e-01 best=6.699881e-01
[NA] iter=00036 eval=02298 misfit=6.700016e-01 best=6.699881e-01
[NA] iter=00036 eval=02299 misfit=6.700031e-01 best=6.699881e-01
[NA] iter=00036 eval=02300 misfit=6.700012e-01 best=6.699881e-01
NAI - Optimisation Loop:  72%|███████▏  | 36/50 [09:00<03:50, 16.43s/it][NA] iter=00037 eval=02301 misfit=6.707657e-01 best=6.699881e-01
[NA] iter=00037 eval=02302 misfit=6.707829e-01 best=6.699881e-01
[NA] iter=00037 eval=02303 misfit=6.745640e-01 best=6.699881e-01
[NA] iter=00037 eval=02304 misfit=6.729158e-01 best=6.699881e-01
[NA] iter=00037 eval=02305 misfit=6.699915e-01 best=6.699881e-01
[NA] iter=00037 eval=02306 misfit=6.721567e-01 best=6.699881e-01
[NA] iter=00037 eval=02307 misfit=6.700203e-01 best=6.699881e-01
[NA] iter=00037 eval=02308 misfit=6.707750e-01 best=6.699881e-01
[NA] iter=00037 eval=02309 misfit=6.707766e-01 best=6.699881e-01
[NA] iter=00037 eval=02310 misfit=6.700185e-01 best=6.699881e-01
[NA] iter=00037 eval=02311 misfit=6.708246e-01 best=6.699881e-01
[NA] iter=00037 eval=02312 misfit=6.700002e-01 best=6.699881e-01
[NA] iter=00037 eval=02313 misfit=6.700086e-01 best=6.699881e-01
[NA] iter=00037 eval=02314 misfit=6.700026e-01 best=6.699881e-01
[NA] iter=00037 eval=02315 misfit=6.708245e-01 best=6.699881e-01
[NA] iter=00037 eval=02316 misfit=6.700251e-01 best=6.699881e-01
[NA] iter=00037 eval=02317 misfit=6.700293e-01 best=6.699881e-01
[NA] iter=00037 eval=02318 misfit=6.700020e-01 best=6.699881e-01
[NA] iter=00037 eval=02319 misfit=6.699995e-01 best=6.699881e-01
[NA] iter=00037 eval=02320 misfit=6.700070e-01 best=6.699881e-01
[NA] iter=00037 eval=02321 misfit=6.700013e-01 best=6.699881e-01
[NA] iter=00037 eval=02322 misfit=6.699981e-01 best=6.699881e-01
[NA] iter=00037 eval=02323 misfit=6.700025e-01 best=6.699881e-01
[NA] iter=00037 eval=02324 misfit=6.700132e-01 best=6.699881e-01
[NA] iter=00037 eval=02325 misfit=6.700029e-01 best=6.699881e-01
[NA] iter=00037 eval=02326 misfit=6.699857e-01 best=6.699857e-01
[NA] iter=00037 eval=02327 misfit=6.699911e-01 best=6.699857e-01
[NA] iter=00037 eval=02328 misfit=6.699867e-01 best=6.699857e-01
[NA] iter=00037 eval=02329 misfit=6.700159e-01 best=6.699857e-01
[NA] iter=00037 eval=02330 misfit=6.700013e-01 best=6.699857e-01
[NA] iter=00037 eval=02331 misfit=6.699944e-01 best=6.699857e-01
[NA] iter=00037 eval=02332 misfit=6.700075e-01 best=6.699857e-01
[NA] iter=00037 eval=02333 misfit=6.728672e-01 best=6.699857e-01
[NA] iter=00037 eval=02334 misfit=6.745265e-01 best=6.699857e-01
[NA] iter=00037 eval=02335 misfit=6.707655e-01 best=6.699857e-01
[NA] iter=00037 eval=02336 misfit=6.700144e-01 best=6.699857e-01
[NA] iter=00037 eval=02337 misfit=6.700353e-01 best=6.699857e-01
[NA] iter=00037 eval=02338 misfit=6.700266e-01 best=6.699857e-01
[NA] iter=00037 eval=02339 misfit=6.700922e-01 best=6.699857e-01
[NA] iter=00037 eval=02340 misfit=6.700258e-01 best=6.699857e-01
[NA] iter=00037 eval=02341 misfit=6.699878e-01 best=6.699857e-01
[NA] iter=00037 eval=02342 misfit=6.699959e-01 best=6.699857e-01
[NA] iter=00037 eval=02343 misfit=6.699824e-01 best=6.699824e-01
[NA] iter=00037 eval=02344 misfit=6.699897e-01 best=6.699824e-01
[NA] iter=00037 eval=02345 misfit=6.699943e-01 best=6.699824e-01
[NA] iter=00037 eval=02346 misfit=6.699965e-01 best=6.699824e-01
[NA] iter=00037 eval=02347 misfit=6.699912e-01 best=6.699824e-01
[NA] iter=00037 eval=02348 misfit=6.699840e-01 best=6.699824e-01
[NA] iter=00037 eval=02349 misfit=6.700271e-01 best=6.699824e-01
[NA] iter=00037 eval=02350 misfit=6.699965e-01 best=6.699824e-01
NAI - Optimisation Loop:  74%|███████▍  | 37/50 [09:15<03:31, 16.24s/it][NA] iter=00038 eval=02351 misfit=6.699868e-01 best=6.699824e-01
[NA] iter=00038 eval=02352 misfit=6.700044e-01 best=6.699824e-01
[NA] iter=00038 eval=02353 misfit=6.700771e-01 best=6.699824e-01
[NA] iter=00038 eval=02354 misfit=6.699938e-01 best=6.699824e-01
[NA] iter=00038 eval=02355 misfit=6.699974e-01 best=6.699824e-01
[NA] iter=00038 eval=02356 misfit=6.699919e-01 best=6.699824e-01
[NA] iter=00038 eval=02357 misfit=6.708033e-01 best=6.699824e-01
[NA] iter=00038 eval=02358 misfit=6.700039e-01 best=6.699824e-01
[NA] iter=00038 eval=02359 misfit=6.699970e-01 best=6.699824e-01
[NA] iter=00038 eval=02360 misfit=6.700103e-01 best=6.699824e-01
[NA] iter=00038 eval=02361 misfit=6.707585e-01 best=6.699824e-01
[NA] iter=00038 eval=02362 misfit=6.745219e-01 best=6.699824e-01
[NA] iter=00038 eval=02363 misfit=6.707556e-01 best=6.699824e-01
[NA] iter=00038 eval=02364 misfit=6.745491e-01 best=6.699824e-01
[NA] iter=00038 eval=02365 misfit=6.699927e-01 best=6.699824e-01
[NA] iter=00038 eval=02366 misfit=6.699992e-01 best=6.699824e-01
[NA] iter=00038 eval=02367 misfit=6.707660e-01 best=6.699824e-01
[NA] iter=00038 eval=02368 misfit=6.700151e-01 best=6.699824e-01
[NA] iter=00038 eval=02369 misfit=6.707615e-01 best=6.699824e-01
[NA] iter=00038 eval=02370 misfit=6.707697e-01 best=6.699824e-01
[NA] iter=00038 eval=02371 misfit=6.699932e-01 best=6.699824e-01
[NA] iter=00038 eval=02372 misfit=6.699921e-01 best=6.699824e-01
[NA] iter=00038 eval=02373 misfit=6.700012e-01 best=6.699824e-01
[NA] iter=00038 eval=02374 misfit=6.699921e-01 best=6.699824e-01
[NA] iter=00038 eval=02375 misfit=6.699958e-01 best=6.699824e-01
[NA] iter=00038 eval=02376 misfit=6.699937e-01 best=6.699824e-01
[NA] iter=00038 eval=02377 misfit=6.700259e-01 best=6.699824e-01
[NA] iter=00038 eval=02378 misfit=6.699987e-01 best=6.699824e-01
[NA] iter=00038 eval=02379 misfit=6.699988e-01 best=6.699824e-01
[NA] iter=00038 eval=02380 misfit=6.707661e-01 best=6.699824e-01
[NA] iter=00038 eval=02381 misfit=6.699943e-01 best=6.699824e-01
[NA] iter=00038 eval=02382 misfit=6.700132e-01 best=6.699824e-01
[NA] iter=00038 eval=02383 misfit=6.700094e-01 best=6.699824e-01
[NA] iter=00038 eval=02384 misfit=6.700140e-01 best=6.699824e-01
[NA] iter=00038 eval=02385 misfit=6.699982e-01 best=6.699824e-01
[NA] iter=00038 eval=02386 misfit=6.700212e-01 best=6.699824e-01
[NA] iter=00038 eval=02387 misfit=6.700009e-01 best=6.699824e-01
[NA] iter=00038 eval=02388 misfit=6.707652e-01 best=6.699824e-01
[NA] iter=00038 eval=02389 misfit=6.700027e-01 best=6.699824e-01
[NA] iter=00038 eval=02390 misfit=6.699952e-01 best=6.699824e-01
[NA] iter=00038 eval=02391 misfit=6.707963e-01 best=6.699824e-01
[NA] iter=00038 eval=02392 misfit=6.699821e-01 best=6.699821e-01
[NA] iter=00038 eval=02393 misfit=6.699889e-01 best=6.699821e-01
[NA] iter=00038 eval=02394 misfit=6.700072e-01 best=6.699821e-01
[NA] iter=00038 eval=02395 misfit=6.700038e-01 best=6.699821e-01
[NA] iter=00038 eval=02396 misfit=6.707708e-01 best=6.699821e-01
[NA] iter=00038 eval=02397 misfit=6.707930e-01 best=6.699821e-01
[NA] iter=00038 eval=02398 misfit=6.700161e-01 best=6.699821e-01
[NA] iter=00038 eval=02399 misfit=6.700347e-01 best=6.699821e-01
[NA] iter=00038 eval=02400 misfit=6.707678e-01 best=6.699821e-01
NAI - Optimisation Loop:  76%|███████▌  | 38/50 [09:31<03:11, 15.93s/it][NA] iter=00039 eval=02401 misfit=6.699915e-01 best=6.699821e-01
[NA] iter=00039 eval=02402 misfit=6.707549e-01 best=6.699821e-01
[NA] iter=00039 eval=02403 misfit=6.700002e-01 best=6.699821e-01
[NA] iter=00039 eval=02404 misfit=6.707660e-01 best=6.699821e-01
[NA] iter=00039 eval=02405 misfit=6.699910e-01 best=6.699821e-01
[NA] iter=00039 eval=02406 misfit=6.699946e-01 best=6.699821e-01
[NA] iter=00039 eval=02407 misfit=6.700037e-01 best=6.699821e-01
[NA] iter=00039 eval=02408 misfit=6.699998e-01 best=6.699821e-01
[NA] iter=00039 eval=02409 misfit=6.700091e-01 best=6.699821e-01
[NA] iter=00039 eval=02410 misfit=6.700015e-01 best=6.699821e-01
[NA] iter=00039 eval=02411 misfit=6.700076e-01 best=6.699821e-01
[NA] iter=00039 eval=02412 misfit=6.700010e-01 best=6.699821e-01
[NA] iter=00039 eval=02413 misfit=6.700131e-01 best=6.699821e-01
[NA] iter=00039 eval=02414 misfit=6.700164e-01 best=6.699821e-01
[NA] iter=00039 eval=02415 misfit=6.707566e-01 best=6.699821e-01
[NA] iter=00039 eval=02416 misfit=6.699858e-01 best=6.699821e-01
[NA] iter=00039 eval=02417 misfit=6.707905e-01 best=6.699821e-01
[NA] iter=00039 eval=02418 misfit=6.700033e-01 best=6.699821e-01
[NA] iter=00039 eval=02419 misfit=6.707690e-01 best=6.699821e-01
[NA] iter=00039 eval=02420 misfit=6.699921e-01 best=6.699821e-01
[NA] iter=00039 eval=02421 misfit=6.700063e-01 best=6.699821e-01
[NA] iter=00039 eval=02422 misfit=6.699851e-01 best=6.699821e-01
[NA] iter=00039 eval=02423 misfit=6.699789e-01 best=6.699789e-01
[NA] iter=00039 eval=02424 misfit=6.699917e-01 best=6.699789e-01
[NA] iter=00039 eval=02425 misfit=6.699907e-01 best=6.699789e-01
[NA] iter=00039 eval=02426 misfit=6.700539e-01 best=6.699789e-01
[NA] iter=00039 eval=02427 misfit=6.699822e-01 best=6.699789e-01
[NA] iter=00039 eval=02428 misfit=6.699940e-01 best=6.699789e-01
[NA] iter=00039 eval=02429 misfit=6.700088e-01 best=6.699789e-01
[NA] iter=00039 eval=02430 misfit=6.699881e-01 best=6.699789e-01
[NA] iter=00039 eval=02431 misfit=6.699878e-01 best=6.699789e-01
[NA] iter=00039 eval=02432 misfit=6.699925e-01 best=6.699789e-01
[NA] iter=00039 eval=02433 misfit=6.699925e-01 best=6.699789e-01
[NA] iter=00039 eval=02434 misfit=6.700039e-01 best=6.699789e-01
[NA] iter=00039 eval=02435 misfit=6.699894e-01 best=6.699789e-01
[NA] iter=00039 eval=02436 misfit=6.707726e-01 best=6.699789e-01
[NA] iter=00039 eval=02437 misfit=6.699880e-01 best=6.699789e-01
[NA] iter=00039 eval=02438 misfit=6.700045e-01 best=6.699789e-01
[NA] iter=00039 eval=02439 misfit=6.700001e-01 best=6.699789e-01
[NA] iter=00039 eval=02440 misfit=6.699918e-01 best=6.699789e-01
[NA] iter=00039 eval=02441 misfit=6.700703e-01 best=6.699789e-01
[NA] iter=00039 eval=02442 misfit=6.699970e-01 best=6.699789e-01
[NA] iter=00039 eval=02443 misfit=6.699903e-01 best=6.699789e-01
[NA] iter=00039 eval=02444 misfit=6.699899e-01 best=6.699789e-01
[NA] iter=00039 eval=02445 misfit=6.700049e-01 best=6.699789e-01
[NA] iter=00039 eval=02446 misfit=6.699925e-01 best=6.699789e-01
[NA] iter=00039 eval=02447 misfit=6.699897e-01 best=6.699789e-01
[NA] iter=00039 eval=02448 misfit=6.700083e-01 best=6.699789e-01
[NA] iter=00039 eval=02449 misfit=6.699865e-01 best=6.699789e-01
[NA] iter=00039 eval=02450 misfit=6.699928e-01 best=6.699789e-01
NAI - Optimisation Loop:  78%|███████▊  | 39/50 [09:45<02:50, 15.50s/it][NA] iter=00040 eval=02451 misfit=6.699819e-01 best=6.699789e-01
[NA] iter=00040 eval=02452 misfit=6.700078e-01 best=6.699789e-01
[NA] iter=00040 eval=02453 misfit=6.699925e-01 best=6.699789e-01
[NA] iter=00040 eval=02454 misfit=6.699806e-01 best=6.699789e-01
[NA] iter=00040 eval=02455 misfit=6.699928e-01 best=6.699789e-01
[NA] iter=00040 eval=02456 misfit=6.699757e-01 best=6.699757e-01
[NA] iter=00040 eval=02457 misfit=6.699859e-01 best=6.699757e-01
[NA] iter=00040 eval=02458 misfit=6.699907e-01 best=6.699757e-01
[NA] iter=00040 eval=02459 misfit=6.707669e-01 best=6.699757e-01
[NA] iter=00040 eval=02460 misfit=6.699844e-01 best=6.699757e-01
[NA] iter=00040 eval=02461 misfit=6.699956e-01 best=6.699757e-01
[NA] iter=00040 eval=02462 misfit=6.701004e-01 best=6.699757e-01
[NA] iter=00040 eval=02463 misfit=6.700655e-01 best=6.699757e-01
[NA] iter=00040 eval=02464 misfit=6.701078e-01 best=6.699757e-01
[NA] iter=00040 eval=02465 misfit=6.700804e-01 best=6.699757e-01
[NA] iter=00040 eval=02466 misfit=6.699834e-01 best=6.699757e-01
[NA] iter=00040 eval=02467 misfit=6.700028e-01 best=6.699757e-01
[NA] iter=00040 eval=02468 misfit=6.699882e-01 best=6.699757e-01
[NA] iter=00040 eval=02469 misfit=6.699982e-01 best=6.699757e-01
[NA] iter=00040 eval=02470 misfit=6.699866e-01 best=6.699757e-01
[NA] iter=00040 eval=02471 misfit=6.699784e-01 best=6.699757e-01
[NA] iter=00040 eval=02472 misfit=6.700053e-01 best=6.699757e-01
[NA] iter=00040 eval=02473 misfit=6.699925e-01 best=6.699757e-01
[NA] iter=00040 eval=02474 misfit=6.700055e-01 best=6.699757e-01
[NA] iter=00040 eval=02475 misfit=6.700035e-01 best=6.699757e-01
[NA] iter=00040 eval=02476 misfit=6.707640e-01 best=6.699757e-01
[NA] iter=00040 eval=02477 misfit=6.699811e-01 best=6.699757e-01
[NA] iter=00040 eval=02478 misfit=6.699958e-01 best=6.699757e-01
[NA] iter=00040 eval=02479 misfit=6.700006e-01 best=6.699757e-01
[NA] iter=00040 eval=02480 misfit=6.707670e-01 best=6.699757e-01
[NA] iter=00040 eval=02481 misfit=6.699917e-01 best=6.699757e-01
[NA] iter=00040 eval=02482 misfit=6.699849e-01 best=6.699757e-01
[NA] iter=00040 eval=02483 misfit=6.707693e-01 best=6.699757e-01
[NA] iter=00040 eval=02484 misfit=6.699937e-01 best=6.699757e-01
[NA] iter=00040 eval=02485 misfit=6.699937e-01 best=6.699757e-01
[NA] iter=00040 eval=02486 misfit=6.707539e-01 best=6.699757e-01
[NA] iter=00040 eval=02487 misfit=6.699885e-01 best=6.699757e-01
[NA] iter=00040 eval=02488 misfit=6.699852e-01 best=6.699757e-01
[NA] iter=00040 eval=02489 misfit=6.707568e-01 best=6.699757e-01
[NA] iter=00040 eval=02490 misfit=6.699879e-01 best=6.699757e-01
[NA] iter=00040 eval=02491 misfit=6.700038e-01 best=6.699757e-01
[NA] iter=00040 eval=02492 misfit=6.700000e-01 best=6.699757e-01
[NA] iter=00040 eval=02493 misfit=6.699930e-01 best=6.699757e-01
[NA] iter=00040 eval=02494 misfit=6.699955e-01 best=6.699757e-01
[NA] iter=00040 eval=02495 misfit=6.699964e-01 best=6.699757e-01
[NA] iter=00040 eval=02496 misfit=6.699874e-01 best=6.699757e-01
[NA] iter=00040 eval=02497 misfit=6.699844e-01 best=6.699757e-01
[NA] iter=00040 eval=02498 misfit=6.699871e-01 best=6.699757e-01
[NA] iter=00040 eval=02499 misfit=6.699890e-01 best=6.699757e-01
[NA] iter=00040 eval=02500 misfit=6.699870e-01 best=6.699757e-01
NAI - Optimisation Loop:  80%|████████  | 40/50 [10:00<02:32, 15.25s/it][NA] iter=00041 eval=02501 misfit=6.699870e-01 best=6.699757e-01
[NA] iter=00041 eval=02502 misfit=6.699735e-01 best=6.699735e-01
[NA] iter=00041 eval=02503 misfit=6.699987e-01 best=6.699735e-01
[NA] iter=00041 eval=02504 misfit=6.699805e-01 best=6.699735e-01
[NA] iter=00041 eval=02505 misfit=6.699849e-01 best=6.699735e-01
[NA] iter=00041 eval=02506 misfit=6.699759e-01 best=6.699735e-01
[NA] iter=00041 eval=02507 misfit=6.699881e-01 best=6.699735e-01
[NA] iter=00041 eval=02508 misfit=6.699841e-01 best=6.699735e-01
[NA] iter=00041 eval=02509 misfit=6.700056e-01 best=6.699735e-01
[NA] iter=00041 eval=02510 misfit=6.699921e-01 best=6.699735e-01
[NA] iter=00041 eval=02511 misfit=6.699999e-01 best=6.699735e-01
[NA] iter=00041 eval=02512 misfit=6.699848e-01 best=6.699735e-01
[NA] iter=00041 eval=02513 misfit=6.700014e-01 best=6.699735e-01
[NA] iter=00041 eval=02514 misfit=6.699878e-01 best=6.699735e-01
[NA] iter=00041 eval=02515 misfit=6.699926e-01 best=6.699735e-01
[NA] iter=00041 eval=02516 misfit=6.699796e-01 best=6.699735e-01
[NA] iter=00041 eval=02517 misfit=6.707672e-01 best=6.699735e-01
[NA] iter=00041 eval=02518 misfit=6.699792e-01 best=6.699735e-01
[NA] iter=00041 eval=02519 misfit=6.700015e-01 best=6.699735e-01
[NA] iter=00041 eval=02520 misfit=6.699842e-01 best=6.699735e-01
[NA] iter=00041 eval=02521 misfit=6.699950e-01 best=6.699735e-01
[NA] iter=00041 eval=02522 misfit=6.707697e-01 best=6.699735e-01
[NA] iter=00041 eval=02523 misfit=6.707697e-01 best=6.699735e-01
[NA] iter=00041 eval=02524 misfit=6.707747e-01 best=6.699735e-01
[NA] iter=00041 eval=02525 misfit=6.700019e-01 best=6.699735e-01
[NA] iter=00041 eval=02526 misfit=6.700295e-01 best=6.699735e-01
[NA] iter=00041 eval=02527 misfit=6.699976e-01 best=6.699735e-01
[NA] iter=00041 eval=02528 misfit=6.699897e-01 best=6.699735e-01
[NA] iter=00041 eval=02529 misfit=6.699988e-01 best=6.699735e-01
[NA] iter=00041 eval=02530 misfit=6.700009e-01 best=6.699735e-01
[NA] iter=00041 eval=02531 misfit=6.699905e-01 best=6.699735e-01
[NA] iter=00041 eval=02532 misfit=6.699825e-01 best=6.699735e-01
[NA] iter=00041 eval=02533 misfit=6.699896e-01 best=6.699735e-01
[NA] iter=00041 eval=02534 misfit=6.699895e-01 best=6.699735e-01
[NA] iter=00041 eval=02535 misfit=6.699873e-01 best=6.699735e-01
[NA] iter=00041 eval=02536 misfit=6.700042e-01 best=6.699735e-01
[NA] iter=00041 eval=02537 misfit=6.699883e-01 best=6.699735e-01
[NA] iter=00041 eval=02538 misfit=6.700309e-01 best=6.699735e-01
[NA] iter=00041 eval=02539 misfit=6.699894e-01 best=6.699735e-01
[NA] iter=00041 eval=02540 misfit=6.699934e-01 best=6.699735e-01
[NA] iter=00041 eval=02541 misfit=6.699943e-01 best=6.699735e-01
[NA] iter=00041 eval=02542 misfit=6.699928e-01 best=6.699735e-01
[NA] iter=00041 eval=02543 misfit=6.699863e-01 best=6.699735e-01
[NA] iter=00041 eval=02544 misfit=6.699973e-01 best=6.699735e-01
[NA] iter=00041 eval=02545 misfit=6.699848e-01 best=6.699735e-01
[NA] iter=00041 eval=02546 misfit=6.699848e-01 best=6.699735e-01
[NA] iter=00041 eval=02547 misfit=6.699957e-01 best=6.699735e-01
[NA] iter=00041 eval=02548 misfit=6.699882e-01 best=6.699735e-01
[NA] iter=00041 eval=02549 misfit=6.699848e-01 best=6.699735e-01
[NA] iter=00041 eval=02550 misfit=6.699882e-01 best=6.699735e-01
NAI - Optimisation Loop:  82%|████████▏ | 41/50 [10:15<02:16, 15.14s/it][NA] iter=00042 eval=02551 misfit=6.707754e-01 best=6.699735e-01
[NA] iter=00042 eval=02552 misfit=6.707632e-01 best=6.699735e-01
[NA] iter=00042 eval=02553 misfit=6.707833e-01 best=6.699735e-01
[NA] iter=00042 eval=02554 misfit=6.699761e-01 best=6.699735e-01
[NA] iter=00042 eval=02555 misfit=6.699800e-01 best=6.699735e-01
[NA] iter=00042 eval=02556 misfit=6.699791e-01 best=6.699735e-01
[NA] iter=00042 eval=02557 misfit=6.699838e-01 best=6.699735e-01
[NA] iter=00042 eval=02558 misfit=6.699777e-01 best=6.699735e-01
[NA] iter=00042 eval=02559 misfit=6.699810e-01 best=6.699735e-01
[NA] iter=00042 eval=02560 misfit=6.699829e-01 best=6.699735e-01
[NA] iter=00042 eval=02561 misfit=6.707538e-01 best=6.699735e-01
[NA] iter=00042 eval=02562 misfit=6.707782e-01 best=6.699735e-01
[NA] iter=00042 eval=02563 misfit=6.699793e-01 best=6.699735e-01
[NA] iter=00042 eval=02564 misfit=6.699817e-01 best=6.699735e-01
[NA] iter=00042 eval=02565 misfit=6.707766e-01 best=6.699735e-01
[NA] iter=00042 eval=02566 misfit=6.700060e-01 best=6.699735e-01
[NA] iter=00042 eval=02567 misfit=6.700132e-01 best=6.699735e-01
[NA] iter=00042 eval=02568 misfit=6.699750e-01 best=6.699735e-01
[NA] iter=00042 eval=02569 misfit=6.699983e-01 best=6.699735e-01
[NA] iter=00042 eval=02570 misfit=6.699977e-01 best=6.699735e-01
[NA] iter=00042 eval=02571 misfit=6.699836e-01 best=6.699735e-01
[NA] iter=00042 eval=02572 misfit=6.699781e-01 best=6.699735e-01
[NA] iter=00042 eval=02573 misfit=6.700019e-01 best=6.699735e-01
[NA] iter=00042 eval=02574 misfit=6.699785e-01 best=6.699735e-01
[NA] iter=00042 eval=02575 misfit=6.699816e-01 best=6.699735e-01
[NA] iter=00042 eval=02576 misfit=6.707720e-01 best=6.699735e-01
[NA] iter=00042 eval=02577 misfit=6.699816e-01 best=6.699735e-01
[NA] iter=00042 eval=02578 misfit=6.699899e-01 best=6.699735e-01
[NA] iter=00042 eval=02579 misfit=6.699773e-01 best=6.699735e-01
[NA] iter=00042 eval=02580 misfit=6.699956e-01 best=6.699735e-01
[NA] iter=00042 eval=02581 misfit=6.707696e-01 best=6.699735e-01
[NA] iter=00042 eval=02582 misfit=6.707514e-01 best=6.699735e-01
[NA] iter=00042 eval=02583 misfit=6.707836e-01 best=6.699735e-01
[NA] iter=00042 eval=02584 misfit=6.699716e-01 best=6.699716e-01
[NA] iter=00042 eval=02585 misfit=6.707715e-01 best=6.699716e-01
[NA] iter=00042 eval=02586 misfit=6.699791e-01 best=6.699716e-01
[NA] iter=00042 eval=02587 misfit=6.699905e-01 best=6.699716e-01
[NA] iter=00042 eval=02588 misfit=6.699747e-01 best=6.699716e-01
[NA] iter=00042 eval=02589 misfit=6.699868e-01 best=6.699716e-01
[NA] iter=00042 eval=02590 misfit=6.699852e-01 best=6.699716e-01
[NA] iter=00042 eval=02591 misfit=6.699855e-01 best=6.699716e-01
[NA] iter=00042 eval=02592 misfit=6.707802e-01 best=6.699716e-01
[NA] iter=00042 eval=02593 misfit=6.699796e-01 best=6.699716e-01
[NA] iter=00042 eval=02594 misfit=6.707751e-01 best=6.699716e-01
[NA] iter=00042 eval=02595 misfit=6.699942e-01 best=6.699716e-01
[NA] iter=00042 eval=02596 misfit=6.699845e-01 best=6.699716e-01
[NA] iter=00042 eval=02597 misfit=6.699811e-01 best=6.699716e-01
[NA] iter=00042 eval=02598 misfit=6.699788e-01 best=6.699716e-01
[NA] iter=00042 eval=02599 misfit=6.699842e-01 best=6.699716e-01
[NA] iter=00042 eval=02600 misfit=6.699847e-01 best=6.699716e-01
NAI - Optimisation Loop:  84%|████████▍ | 42/50 [10:30<02:02, 15.33s/it][NA] iter=00043 eval=02601 misfit=6.699811e-01 best=6.699716e-01
[NA] iter=00043 eval=02602 misfit=6.699867e-01 best=6.699716e-01
[NA] iter=00043 eval=02603 misfit=6.700245e-01 best=6.699716e-01
[NA] iter=00043 eval=02604 misfit=6.700012e-01 best=6.699716e-01
[NA] iter=00043 eval=02605 misfit=6.699835e-01 best=6.699716e-01
[NA] iter=00043 eval=02606 misfit=6.699754e-01 best=6.699716e-01
[NA] iter=00043 eval=02607 misfit=6.699776e-01 best=6.699716e-01
[NA] iter=00043 eval=02608 misfit=6.699842e-01 best=6.699716e-01
[NA] iter=00043 eval=02609 misfit=6.699882e-01 best=6.699716e-01
[NA] iter=00043 eval=02610 misfit=6.699819e-01 best=6.699716e-01
[NA] iter=00043 eval=02611 misfit=6.700133e-01 best=6.699716e-01
[NA] iter=00043 eval=02612 misfit=6.700844e-01 best=6.699716e-01
[NA] iter=00043 eval=02613 misfit=6.699867e-01 best=6.699716e-01
[NA] iter=00043 eval=02614 misfit=6.699786e-01 best=6.699716e-01
[NA] iter=00043 eval=02615 misfit=6.700598e-01 best=6.699716e-01
[NA] iter=00043 eval=02616 misfit=6.699936e-01 best=6.699716e-01
[NA] iter=00043 eval=02617 misfit=6.699790e-01 best=6.699716e-01
[NA] iter=00043 eval=02618 misfit=6.699856e-01 best=6.699716e-01
[NA] iter=00043 eval=02619 misfit=6.699869e-01 best=6.699716e-01
[NA] iter=00043 eval=02620 misfit=6.699948e-01 best=6.699716e-01
[NA] iter=00043 eval=02621 misfit=6.699859e-01 best=6.699716e-01
[NA] iter=00043 eval=02622 misfit=6.699767e-01 best=6.699716e-01
[NA] iter=00043 eval=02623 misfit=6.699828e-01 best=6.699716e-01
[NA] iter=00043 eval=02624 misfit=6.699734e-01 best=6.699716e-01
[NA] iter=00043 eval=02625 misfit=6.699790e-01 best=6.699716e-01
[NA] iter=00043 eval=02626 misfit=6.699840e-01 best=6.699716e-01
[NA] iter=00043 eval=02627 misfit=6.699820e-01 best=6.699716e-01
[NA] iter=00043 eval=02628 misfit=6.699854e-01 best=6.699716e-01
[NA] iter=00043 eval=02629 misfit=6.699744e-01 best=6.699716e-01
[NA] iter=00043 eval=02630 misfit=6.699837e-01 best=6.699716e-01
[NA] iter=00043 eval=02631 misfit=6.699888e-01 best=6.699716e-01
[NA] iter=00043 eval=02632 misfit=6.700038e-01 best=6.699716e-01
[NA] iter=00043 eval=02633 misfit=6.699917e-01 best=6.699716e-01
[NA] iter=00043 eval=02634 misfit=6.699846e-01 best=6.699716e-01
[NA] iter=00043 eval=02635 misfit=6.699953e-01 best=6.699716e-01
[NA] iter=00043 eval=02636 misfit=6.700104e-01 best=6.699716e-01
[NA] iter=00043 eval=02637 misfit=6.700892e-01 best=6.699716e-01
[NA] iter=00043 eval=02638 misfit=6.700800e-01 best=6.699716e-01
[NA] iter=00043 eval=02639 misfit=6.699777e-01 best=6.699716e-01
[NA] iter=00043 eval=02640 misfit=6.699883e-01 best=6.699716e-01
[NA] iter=00043 eval=02641 misfit=6.699791e-01 best=6.699716e-01
[NA] iter=00043 eval=02642 misfit=6.699781e-01 best=6.699716e-01
[NA] iter=00043 eval=02643 misfit=6.699913e-01 best=6.699716e-01
[NA] iter=00043 eval=02644 misfit=6.699806e-01 best=6.699716e-01
[NA] iter=00043 eval=02645 misfit=6.699821e-01 best=6.699716e-01
[NA] iter=00043 eval=02646 misfit=6.699841e-01 best=6.699716e-01
[NA] iter=00043 eval=02647 misfit=6.700176e-01 best=6.699716e-01
[NA] iter=00043 eval=02648 misfit=6.700246e-01 best=6.699716e-01
[NA] iter=00043 eval=02649 misfit=6.699890e-01 best=6.699716e-01
[NA] iter=00043 eval=02650 misfit=6.699970e-01 best=6.699716e-01
NAI - Optimisation Loop:  86%|████████▌ | 43/50 [10:45<01:45, 15.06s/it][NA] iter=00044 eval=02651 misfit=6.699920e-01 best=6.699716e-01
[NA] iter=00044 eval=02652 misfit=6.699869e-01 best=6.699716e-01
[NA] iter=00044 eval=02653 misfit=6.699938e-01 best=6.699716e-01
[NA] iter=00044 eval=02654 misfit=6.699826e-01 best=6.699716e-01
[NA] iter=00044 eval=02655 misfit=6.699713e-01 best=6.699713e-01
[NA] iter=00044 eval=02656 misfit=6.699858e-01 best=6.699713e-01
[NA] iter=00044 eval=02657 misfit=6.699874e-01 best=6.699713e-01
[NA] iter=00044 eval=02658 misfit=6.699897e-01 best=6.699713e-01
[NA] iter=00044 eval=02659 misfit=6.699967e-01 best=6.699713e-01
[NA] iter=00044 eval=02660 misfit=6.699771e-01 best=6.699713e-01
[NA] iter=00044 eval=02661 misfit=6.699875e-01 best=6.699713e-01
[NA] iter=00044 eval=02662 misfit=6.699965e-01 best=6.699713e-01
[NA] iter=00044 eval=02663 misfit=6.699680e-01 best=6.699680e-01
[NA] iter=00044 eval=02664 misfit=6.699759e-01 best=6.699680e-01
[NA] iter=00044 eval=02665 misfit=6.699799e-01 best=6.699680e-01
[NA] iter=00044 eval=02666 misfit=6.699825e-01 best=6.699680e-01
[NA] iter=00044 eval=02667 misfit=6.699775e-01 best=6.699680e-01
[NA] iter=00044 eval=02668 misfit=6.699744e-01 best=6.699680e-01
[NA] iter=00044 eval=02669 misfit=6.699716e-01 best=6.699680e-01
[NA] iter=00044 eval=02670 misfit=6.699746e-01 best=6.699680e-01
[NA] iter=00044 eval=02671 misfit=6.699879e-01 best=6.699680e-01
[NA] iter=00044 eval=02672 misfit=6.700106e-01 best=6.699680e-01
[NA] iter=00044 eval=02673 misfit=6.699714e-01 best=6.699680e-01
[NA] iter=00044 eval=02674 misfit=6.699792e-01 best=6.699680e-01
[NA] iter=00044 eval=02675 misfit=6.700005e-01 best=6.699680e-01
[NA] iter=00044 eval=02676 misfit=6.699912e-01 best=6.699680e-01
[NA] iter=00044 eval=02677 misfit=6.699993e-01 best=6.699680e-01
[NA] iter=00044 eval=02678 misfit=6.699926e-01 best=6.699680e-01
[NA] iter=00044 eval=02679 misfit=6.699832e-01 best=6.699680e-01
[NA] iter=00044 eval=02680 misfit=6.699963e-01 best=6.699680e-01
[NA] iter=00044 eval=02681 misfit=6.699777e-01 best=6.699680e-01
[NA] iter=00044 eval=02682 misfit=6.707570e-01 best=6.699680e-01
[NA] iter=00044 eval=02683 misfit=6.699814e-01 best=6.699680e-01
[NA] iter=00044 eval=02684 misfit=6.707708e-01 best=6.699680e-01
[NA] iter=00044 eval=02685 misfit=6.707790e-01 best=6.699680e-01
[NA] iter=00044 eval=02686 misfit=6.699795e-01 best=6.699680e-01
[NA] iter=00044 eval=02687 misfit=6.699790e-01 best=6.699680e-01
[NA] iter=00044 eval=02688 misfit=6.699791e-01 best=6.699680e-01
[NA] iter=00044 eval=02689 misfit=6.699828e-01 best=6.699680e-01
[NA] iter=00044 eval=02690 misfit=6.699795e-01 best=6.699680e-01
[NA] iter=00044 eval=02691 misfit=6.699873e-01 best=6.699680e-01
[NA] iter=00044 eval=02692 misfit=6.699793e-01 best=6.699680e-01
[NA] iter=00044 eval=02693 misfit=6.699764e-01 best=6.699680e-01
[NA] iter=00044 eval=02694 misfit=6.699703e-01 best=6.699680e-01
[NA] iter=00044 eval=02695 misfit=6.699898e-01 best=6.699680e-01
[NA] iter=00044 eval=02696 misfit=6.699890e-01 best=6.699680e-01
[NA] iter=00044 eval=02697 misfit=6.699871e-01 best=6.699680e-01
[NA] iter=00044 eval=02698 misfit=6.699787e-01 best=6.699680e-01
[NA] iter=00044 eval=02699 misfit=6.699834e-01 best=6.699680e-01
[NA] iter=00044 eval=02700 misfit=6.699713e-01 best=6.699680e-01
NAI - Optimisation Loop:  88%|████████▊ | 44/50 [11:01<01:31, 15.28s/it][NA] iter=00045 eval=02701 misfit=6.699984e-01 best=6.699680e-01
[NA] iter=00045 eval=02702 misfit=6.699702e-01 best=6.699680e-01
[NA] iter=00045 eval=02703 misfit=6.700000e-01 best=6.699680e-01
[NA] iter=00045 eval=02704 misfit=6.699775e-01 best=6.699680e-01
[NA] iter=00045 eval=02705 misfit=6.699850e-01 best=6.699680e-01
[NA] iter=00045 eval=02706 misfit=6.699812e-01 best=6.699680e-01
[NA] iter=00045 eval=02707 misfit=6.699760e-01 best=6.699680e-01
[NA] iter=00045 eval=02708 misfit=6.699670e-01 best=6.699670e-01
[NA] iter=00045 eval=02709 misfit=6.699764e-01 best=6.699670e-01
[NA] iter=00045 eval=02710 misfit=6.699793e-01 best=6.699670e-01
[NA] iter=00045 eval=02711 misfit=6.699978e-01 best=6.699670e-01
[NA] iter=00045 eval=02712 misfit=6.699772e-01 best=6.699670e-01
[NA] iter=00045 eval=02713 misfit=6.699932e-01 best=6.699670e-01
[NA] iter=00045 eval=02714 misfit=6.699841e-01 best=6.699670e-01
[NA] iter=00045 eval=02715 misfit=6.699950e-01 best=6.699670e-01
[NA] iter=00045 eval=02716 misfit=6.699830e-01 best=6.699670e-01
[NA] iter=00045 eval=02717 misfit=6.699713e-01 best=6.699670e-01
[NA] iter=00045 eval=02718 misfit=6.699788e-01 best=6.699670e-01
[NA] iter=00045 eval=02719 misfit=6.699992e-01 best=6.699670e-01
[NA] iter=00045 eval=02720 misfit=6.699836e-01 best=6.699670e-01
[NA] iter=00045 eval=02721 misfit=6.699842e-01 best=6.699670e-01
[NA] iter=00045 eval=02722 misfit=6.699666e-01 best=6.699666e-01
[NA] iter=00045 eval=02723 misfit=6.699994e-01 best=6.699666e-01
[NA] iter=00045 eval=02724 misfit=6.699922e-01 best=6.699666e-01
[NA] iter=00045 eval=02725 misfit=6.699881e-01 best=6.699666e-01
[NA] iter=00045 eval=02726 misfit=6.699658e-01 best=6.699658e-01
[NA] iter=00045 eval=02727 misfit=6.699812e-01 best=6.699658e-01
[NA] iter=00045 eval=02728 misfit=6.699751e-01 best=6.699658e-01
[NA] iter=00045 eval=02729 misfit=6.699707e-01 best=6.699658e-01
[NA] iter=00045 eval=02730 misfit=6.699817e-01 best=6.699658e-01
[NA] iter=00045 eval=02731 misfit=6.699781e-01 best=6.699658e-01
[NA] iter=00045 eval=02732 misfit=6.699783e-01 best=6.699658e-01
[NA] iter=00045 eval=02733 misfit=6.699793e-01 best=6.699658e-01
[NA] iter=00045 eval=02734 misfit=6.699689e-01 best=6.699658e-01
[NA] iter=00045 eval=02735 misfit=6.699693e-01 best=6.699658e-01
[NA] iter=00045 eval=02736 misfit=6.699706e-01 best=6.699658e-01
[NA] iter=00045 eval=02737 misfit=6.699789e-01 best=6.699658e-01
[NA] iter=00045 eval=02738 misfit=6.699722e-01 best=6.699658e-01
[NA] iter=00045 eval=02739 misfit=6.699803e-01 best=6.699658e-01
[NA] iter=00045 eval=02740 misfit=6.699838e-01 best=6.699658e-01
[NA] iter=00045 eval=02741 misfit=6.699754e-01 best=6.699658e-01
[NA] iter=00045 eval=02742 misfit=6.699930e-01 best=6.699658e-01
[NA] iter=00045 eval=02743 misfit=6.699935e-01 best=6.699658e-01
[NA] iter=00045 eval=02744 misfit=6.699713e-01 best=6.699658e-01
[NA] iter=00045 eval=02745 misfit=6.699768e-01 best=6.699658e-01
[NA] iter=00045 eval=02746 misfit=6.699751e-01 best=6.699658e-01
[NA] iter=00045 eval=02747 misfit=6.699775e-01 best=6.699658e-01
[NA] iter=00045 eval=02748 misfit=6.699703e-01 best=6.699658e-01
[NA] iter=00045 eval=02749 misfit=6.699716e-01 best=6.699658e-01
[NA] iter=00045 eval=02750 misfit=6.699742e-01 best=6.699658e-01
NAI - Optimisation Loop:  90%|█████████ | 45/50 [11:16<01:15, 15.16s/it][NA] iter=00046 eval=02751 misfit=6.699905e-01 best=6.699658e-01
[NA] iter=00046 eval=02752 misfit=6.699672e-01 best=6.699658e-01
[NA] iter=00046 eval=02753 misfit=6.699867e-01 best=6.699658e-01
[NA] iter=00046 eval=02754 misfit=6.699789e-01 best=6.699658e-01
[NA] iter=00046 eval=02755 misfit=6.699805e-01 best=6.699658e-01
[NA] iter=00046 eval=02756 misfit=6.707532e-01 best=6.699658e-01
[NA] iter=00046 eval=02757 misfit=6.699838e-01 best=6.699658e-01
[NA] iter=00046 eval=02758 misfit=6.699749e-01 best=6.699658e-01
[NA] iter=00046 eval=02759 misfit=6.707814e-01 best=6.699658e-01
[NA] iter=00046 eval=02760 misfit=6.699735e-01 best=6.699658e-01
[NA] iter=00046 eval=02761 misfit=6.707808e-01 best=6.699658e-01
[NA] iter=00046 eval=02762 misfit=6.707838e-01 best=6.699658e-01
[NA] iter=00046 eval=02763 misfit=6.707620e-01 best=6.699658e-01
[NA] iter=00046 eval=02764 misfit=6.707808e-01 best=6.699658e-01
[NA] iter=00046 eval=02765 misfit=6.707808e-01 best=6.699658e-01
[NA] iter=00046 eval=02766 misfit=6.699796e-01 best=6.699658e-01
[NA] iter=00046 eval=02767 misfit=6.699849e-01 best=6.699658e-01
[NA] iter=00046 eval=02768 misfit=6.699735e-01 best=6.699658e-01
[NA] iter=00046 eval=02769 misfit=6.699859e-01 best=6.699658e-01
[NA] iter=00046 eval=02770 misfit=6.699774e-01 best=6.699658e-01
[NA] iter=00046 eval=02771 misfit=6.699885e-01 best=6.699658e-01
[NA] iter=00046 eval=02772 misfit=6.699867e-01 best=6.699658e-01
[NA] iter=00046 eval=02773 misfit=6.699905e-01 best=6.699658e-01
[NA] iter=00046 eval=02774 misfit=6.699751e-01 best=6.699658e-01
[NA] iter=00046 eval=02775 misfit=6.699941e-01 best=6.699658e-01
[NA] iter=00046 eval=02776 misfit=6.699775e-01 best=6.699658e-01
[NA] iter=00046 eval=02777 misfit=6.699974e-01 best=6.699658e-01
[NA] iter=00046 eval=02778 misfit=6.699988e-01 best=6.699658e-01
[NA] iter=00046 eval=02779 misfit=6.699746e-01 best=6.699658e-01
[NA] iter=00046 eval=02780 misfit=6.699898e-01 best=6.699658e-01
[NA] iter=00046 eval=02781 misfit=6.699832e-01 best=6.699658e-01
[NA] iter=00046 eval=02782 misfit=6.699814e-01 best=6.699658e-01
[NA] iter=00046 eval=02783 misfit=6.699752e-01 best=6.699658e-01
[NA] iter=00046 eval=02784 misfit=6.699818e-01 best=6.699658e-01
[NA] iter=00046 eval=02785 misfit=6.699946e-01 best=6.699658e-01
[NA] iter=00046 eval=02786 misfit=6.707572e-01 best=6.699658e-01
[NA] iter=00046 eval=02787 misfit=6.699786e-01 best=6.699658e-01
[NA] iter=00046 eval=02788 misfit=6.699778e-01 best=6.699658e-01
[NA] iter=00046 eval=02789 misfit=6.699768e-01 best=6.699658e-01
[NA] iter=00046 eval=02790 misfit=6.699913e-01 best=6.699658e-01
[NA] iter=00046 eval=02791 misfit=6.699816e-01 best=6.699658e-01
[NA] iter=00046 eval=02792 misfit=6.699770e-01 best=6.699658e-01
[NA] iter=00046 eval=02793 misfit=6.699703e-01 best=6.699658e-01
[NA] iter=00046 eval=02794 misfit=6.699703e-01 best=6.699658e-01
[NA] iter=00046 eval=02795 misfit=6.699829e-01 best=6.699658e-01
[NA] iter=00046 eval=02796 misfit=6.699746e-01 best=6.699658e-01
[NA] iter=00046 eval=02797 misfit=6.699734e-01 best=6.699658e-01
[NA] iter=00046 eval=02798 misfit=6.699829e-01 best=6.699658e-01
[NA] iter=00046 eval=02799 misfit=6.699837e-01 best=6.699658e-01
[NA] iter=00046 eval=02800 misfit=6.699811e-01 best=6.699658e-01
NAI - Optimisation Loop:  92%|█████████▏| 46/50 [11:31<01:00, 15.19s/it][NA] iter=00047 eval=02801 misfit=6.699789e-01 best=6.699658e-01
[NA] iter=00047 eval=02802 misfit=6.699713e-01 best=6.699658e-01
[NA] iter=00047 eval=02803 misfit=6.699643e-01 best=6.699643e-01
[NA] iter=00047 eval=02804 misfit=6.699810e-01 best=6.699643e-01
[NA] iter=00047 eval=02805 misfit=6.699764e-01 best=6.699643e-01
[NA] iter=00047 eval=02806 misfit=6.699879e-01 best=6.699643e-01
[NA] iter=00047 eval=02807 misfit=6.699810e-01 best=6.699643e-01
[NA] iter=00047 eval=02808 misfit=6.699696e-01 best=6.699643e-01
[NA] iter=00047 eval=02809 misfit=6.699786e-01 best=6.699643e-01
[NA] iter=00047 eval=02810 misfit=6.699784e-01 best=6.699643e-01
[NA] iter=00047 eval=02811 misfit=6.699689e-01 best=6.699643e-01
[NA] iter=00047 eval=02812 misfit=6.707585e-01 best=6.699643e-01
[NA] iter=00047 eval=02813 misfit=6.699703e-01 best=6.699643e-01
[NA] iter=00047 eval=02814 misfit=6.699944e-01 best=6.699643e-01
[NA] iter=00047 eval=02815 misfit=6.699899e-01 best=6.699643e-01
[NA] iter=00047 eval=02816 misfit=6.699691e-01 best=6.699643e-01
[NA] iter=00047 eval=02817 misfit=6.699700e-01 best=6.699643e-01
[NA] iter=00047 eval=02818 misfit=6.699685e-01 best=6.699643e-01
[NA] iter=00047 eval=02819 misfit=6.699823e-01 best=6.699643e-01
[NA] iter=00047 eval=02820 misfit=6.699796e-01 best=6.699643e-01
[NA] iter=00047 eval=02821 misfit=6.699721e-01 best=6.699643e-01
[NA] iter=00047 eval=02822 misfit=6.699721e-01 best=6.699643e-01
[NA] iter=00047 eval=02823 misfit=6.699680e-01 best=6.699643e-01
[NA] iter=00047 eval=02824 misfit=6.699744e-01 best=6.699643e-01
[NA] iter=00047 eval=02825 misfit=6.699735e-01 best=6.699643e-01
[NA] iter=00047 eval=02826 misfit=6.699898e-01 best=6.699643e-01
[NA] iter=00047 eval=02827 misfit=6.699730e-01 best=6.699643e-01
[NA] iter=00047 eval=02828 misfit=6.700012e-01 best=6.699643e-01
[NA] iter=00047 eval=02829 misfit=6.699976e-01 best=6.699643e-01
[NA] iter=00047 eval=02830 misfit=6.699873e-01 best=6.699643e-01
[NA] iter=00047 eval=02831 misfit=6.699867e-01 best=6.699643e-01
[NA] iter=00047 eval=02832 misfit=6.699781e-01 best=6.699643e-01
[NA] iter=00047 eval=02833 misfit=6.699722e-01 best=6.699643e-01
[NA] iter=00047 eval=02834 misfit=6.699847e-01 best=6.699643e-01
[NA] iter=00047 eval=02835 misfit=6.699851e-01 best=6.699643e-01
[NA] iter=00047 eval=02836 misfit=6.699840e-01 best=6.699643e-01
[NA] iter=00047 eval=02837 misfit=6.699754e-01 best=6.699643e-01
[NA] iter=00047 eval=02838 misfit=6.699694e-01 best=6.699643e-01
[NA] iter=00047 eval=02839 misfit=6.699754e-01 best=6.699643e-01
[NA] iter=00047 eval=02840 misfit=6.699721e-01 best=6.699643e-01
[NA] iter=00047 eval=02841 misfit=6.699704e-01 best=6.699643e-01
[NA] iter=00047 eval=02842 misfit=6.699760e-01 best=6.699643e-01
[NA] iter=00047 eval=02843 misfit=6.699700e-01 best=6.699643e-01
[NA] iter=00047 eval=02844 misfit=6.699764e-01 best=6.699643e-01
[NA] iter=00047 eval=02845 misfit=6.699679e-01 best=6.699643e-01
[NA] iter=00047 eval=02846 misfit=6.699815e-01 best=6.699643e-01
[NA] iter=00047 eval=02847 misfit=6.699689e-01 best=6.699643e-01
[NA] iter=00047 eval=02848 misfit=6.699815e-01 best=6.699643e-01
[NA] iter=00047 eval=02849 misfit=6.699722e-01 best=6.699643e-01
[NA] iter=00047 eval=02850 misfit=6.699689e-01 best=6.699643e-01
NAI - Optimisation Loop:  94%|█████████▍| 47/50 [11:46<00:45, 15.23s/it][NA] iter=00048 eval=02851 misfit=6.699658e-01 best=6.699643e-01
[NA] iter=00048 eval=02852 misfit=6.699672e-01 best=6.699643e-01
[NA] iter=00048 eval=02853 misfit=6.699733e-01 best=6.699643e-01
[NA] iter=00048 eval=02854 misfit=6.699691e-01 best=6.699643e-01
[NA] iter=00048 eval=02855 misfit=6.699672e-01 best=6.699643e-01
[NA] iter=00048 eval=02856 misfit=6.699658e-01 best=6.699643e-01
[NA] iter=00048 eval=02857 misfit=6.699691e-01 best=6.699643e-01
[NA] iter=00048 eval=02858 misfit=6.699740e-01 best=6.699643e-01
[NA] iter=00048 eval=02859 misfit=6.699796e-01 best=6.699643e-01
[NA] iter=00048 eval=02860 misfit=6.699691e-01 best=6.699643e-01
[NA] iter=00048 eval=02861 misfit=6.699696e-01 best=6.699643e-01
[NA] iter=00048 eval=02862 misfit=6.699699e-01 best=6.699643e-01
[NA] iter=00048 eval=02863 misfit=6.699696e-01 best=6.699643e-01
[NA] iter=00048 eval=02864 misfit=6.699804e-01 best=6.699643e-01
[NA] iter=00048 eval=02865 misfit=6.699683e-01 best=6.699643e-01
[NA] iter=00048 eval=02866 misfit=6.699689e-01 best=6.699643e-01
[NA] iter=00048 eval=02867 misfit=6.699703e-01 best=6.699643e-01
[NA] iter=00048 eval=02868 misfit=6.699805e-01 best=6.699643e-01
[NA] iter=00048 eval=02869 misfit=6.699700e-01 best=6.699643e-01
[NA] iter=00048 eval=02870 misfit=6.699701e-01 best=6.699643e-01
[NA] iter=00048 eval=02871 misfit=6.699705e-01 best=6.699643e-01
[NA] iter=00048 eval=02872 misfit=6.699684e-01 best=6.699643e-01
[NA] iter=00048 eval=02873 misfit=6.699684e-01 best=6.699643e-01
[NA] iter=00048 eval=02874 misfit=6.699810e-01 best=6.699643e-01
[NA] iter=00048 eval=02875 misfit=6.699666e-01 best=6.699643e-01
[NA] iter=00048 eval=02876 misfit=6.699761e-01 best=6.699643e-01
[NA] iter=00048 eval=02877 misfit=6.699679e-01 best=6.699643e-01
[NA] iter=00048 eval=02878 misfit=6.699907e-01 best=6.699643e-01
[NA] iter=00048 eval=02879 misfit=6.699731e-01 best=6.699643e-01
[NA] iter=00048 eval=02880 misfit=6.699778e-01 best=6.699643e-01
[NA] iter=00048 eval=02881 misfit=6.699712e-01 best=6.699643e-01
[NA] iter=00048 eval=02882 misfit=6.699688e-01 best=6.699643e-01
[NA] iter=00048 eval=02883 misfit=6.699897e-01 best=6.699643e-01
[NA] iter=00048 eval=02884 misfit=6.699794e-01 best=6.699643e-01
[NA] iter=00048 eval=02885 misfit=6.699873e-01 best=6.699643e-01
[NA] iter=00048 eval=02886 misfit=6.699713e-01 best=6.699643e-01
[NA] iter=00048 eval=02887 misfit=6.699680e-01 best=6.699643e-01
[NA] iter=00048 eval=02888 misfit=6.699721e-01 best=6.699643e-01
[NA] iter=00048 eval=02889 misfit=6.699826e-01 best=6.699643e-01
[NA] iter=00048 eval=02890 misfit=6.699826e-01 best=6.699643e-01
[NA] iter=00048 eval=02891 misfit=6.699718e-01 best=6.699643e-01
[NA] iter=00048 eval=02892 misfit=6.699777e-01 best=6.699643e-01
[NA] iter=00048 eval=02893 misfit=6.699778e-01 best=6.699643e-01
[NA] iter=00048 eval=02894 misfit=6.699729e-01 best=6.699643e-01
[NA] iter=00048 eval=02895 misfit=6.699823e-01 best=6.699643e-01
[NA] iter=00048 eval=02896 misfit=6.699670e-01 best=6.699643e-01
[NA] iter=00048 eval=02897 misfit=6.699879e-01 best=6.699643e-01
[NA] iter=00048 eval=02898 misfit=6.699670e-01 best=6.699643e-01
[NA] iter=00048 eval=02899 misfit=6.699670e-01 best=6.699643e-01
[NA] iter=00048 eval=02900 misfit=6.699925e-01 best=6.699643e-01
NAI - Optimisation Loop:  96%|█████████▌| 48/50 [12:01<00:30, 15.25s/it][NA] iter=00049 eval=02901 misfit=6.699658e-01 best=6.699643e-01
[NA] iter=00049 eval=02902 misfit=6.699643e-01 best=6.699643e-01
[NA] iter=00049 eval=02903 misfit=6.699725e-01 best=6.699643e-01
[NA] iter=00049 eval=02904 misfit=6.699684e-01 best=6.699643e-01
[NA] iter=00049 eval=02905 misfit=6.699684e-01 best=6.699643e-01
[NA] iter=00049 eval=02906 misfit=6.699658e-01 best=6.699643e-01
[NA] iter=00049 eval=02907 misfit=6.699716e-01 best=6.699643e-01
[NA] iter=00049 eval=02908 misfit=6.699682e-01 best=6.699643e-01
[NA] iter=00049 eval=02909 misfit=6.699716e-01 best=6.699643e-01
[NA] iter=00049 eval=02910 misfit=6.699691e-01 best=6.699643e-01
[NA] iter=00049 eval=02911 misfit=6.699767e-01 best=6.699643e-01
[NA] iter=00049 eval=02912 misfit=6.699796e-01 best=6.699643e-01
[NA] iter=00049 eval=02913 misfit=6.699796e-01 best=6.699643e-01
[NA] iter=00049 eval=02914 misfit=6.699682e-01 best=6.699643e-01
[NA] iter=00049 eval=02915 misfit=6.699740e-01 best=6.699643e-01
[NA] iter=00049 eval=02916 misfit=6.699672e-01 best=6.699643e-01
[NA] iter=00049 eval=02917 misfit=6.699691e-01 best=6.699643e-01
[NA] iter=00049 eval=02918 misfit=6.699658e-01 best=6.699643e-01
[NA] iter=00049 eval=02919 misfit=6.699658e-01 best=6.699643e-01
[NA] iter=00049 eval=02920 misfit=6.699658e-01 best=6.699643e-01
[NA] iter=00049 eval=02921 misfit=6.699838e-01 best=6.699643e-01
[NA] iter=00049 eval=02922 misfit=6.699700e-01 best=6.699643e-01
[NA] iter=00049 eval=02923 misfit=6.699700e-01 best=6.699643e-01
[NA] iter=00049 eval=02924 misfit=6.699700e-01 best=6.699643e-01
[NA] iter=00049 eval=02925 misfit=6.699891e-01 best=6.699643e-01
[NA] iter=00049 eval=02926 misfit=6.699666e-01 best=6.699643e-01
[NA] iter=00049 eval=02927 misfit=6.699805e-01 best=6.699643e-01
[NA] iter=00049 eval=02928 misfit=6.699670e-01 best=6.699643e-01
[NA] iter=00049 eval=02929 misfit=6.699789e-01 best=6.699643e-01
[NA] iter=00049 eval=02930 misfit=6.699767e-01 best=6.699643e-01
[NA] iter=00049 eval=02931 misfit=6.699808e-01 best=6.699643e-01
[NA] iter=00049 eval=02932 misfit=6.699759e-01 best=6.699643e-01
[NA] iter=00049 eval=02933 misfit=6.699819e-01 best=6.699643e-01
[NA] iter=00049 eval=02934 misfit=6.699893e-01 best=6.699643e-01
[NA] iter=00049 eval=02935 misfit=6.699813e-01 best=6.699643e-01
[NA] iter=00049 eval=02936 misfit=6.699808e-01 best=6.699643e-01
[NA] iter=00049 eval=02937 misfit=6.699734e-01 best=6.699643e-01
[NA] iter=00049 eval=02938 misfit=6.699879e-01 best=6.699643e-01
[NA] iter=00049 eval=02939 misfit=6.699827e-01 best=6.699643e-01
[NA] iter=00049 eval=02940 misfit=6.699685e-01 best=6.699643e-01
[NA] iter=00049 eval=02941 misfit=6.699703e-01 best=6.699643e-01
[NA] iter=00049 eval=02942 misfit=6.699752e-01 best=6.699643e-01
[NA] iter=00049 eval=02943 misfit=6.699703e-01 best=6.699643e-01
[NA] iter=00049 eval=02944 misfit=6.699808e-01 best=6.699643e-01
[NA] iter=00049 eval=02945 misfit=6.699703e-01 best=6.699643e-01
[NA] iter=00049 eval=02946 misfit=6.699689e-01 best=6.699643e-01
[NA] iter=00049 eval=02947 misfit=6.699703e-01 best=6.699643e-01
[NA] iter=00049 eval=02948 misfit=6.699703e-01 best=6.699643e-01
[NA] iter=00049 eval=02949 misfit=6.699808e-01 best=6.699643e-01
[NA] iter=00049 eval=02950 misfit=6.699771e-01 best=6.699643e-01
NAI - Optimisation Loop:  98%|█████████▊| 49/50 [12:17<00:15, 15.26s/it][NA] iter=00050 eval=02951 misfit=6.699643e-01 best=6.699643e-01
[NA] iter=00050 eval=02952 misfit=6.699651e-01 best=6.699643e-01
[NA] iter=00050 eval=02953 misfit=6.699651e-01 best=6.699643e-01
[NA] iter=00050 eval=02954 misfit=6.699651e-01 best=6.699643e-01
[NA] iter=00050 eval=02955 misfit=6.699658e-01 best=6.699643e-01
[NA] iter=00050 eval=02956 misfit=6.699651e-01 best=6.699643e-01
[NA] iter=00050 eval=02957 misfit=6.699672e-01 best=6.699643e-01
[NA] iter=00050 eval=02958 misfit=6.699680e-01 best=6.699643e-01
[NA] iter=00050 eval=02959 misfit=6.699754e-01 best=6.699643e-01
[NA] iter=00050 eval=02960 misfit=6.699651e-01 best=6.699643e-01
[NA] iter=00050 eval=02961 misfit=6.699725e-01 best=6.699643e-01
[NA] iter=00050 eval=02962 misfit=6.699740e-01 best=6.699643e-01
[NA] iter=00050 eval=02963 misfit=6.699796e-01 best=6.699643e-01
[NA] iter=00050 eval=02964 misfit=6.699810e-01 best=6.699643e-01
[NA] iter=00050 eval=02965 misfit=6.699658e-01 best=6.699643e-01
[NA] iter=00050 eval=02966 misfit=6.699658e-01 best=6.699643e-01
[NA] iter=00050 eval=02967 misfit=6.699658e-01 best=6.699643e-01
[NA] iter=00050 eval=02968 misfit=6.699658e-01 best=6.699643e-01
[NA] iter=00050 eval=02969 misfit=6.699796e-01 best=6.699643e-01
[NA] iter=00050 eval=02970 misfit=6.699796e-01 best=6.699643e-01
[NA] iter=00050 eval=02971 misfit=6.699658e-01 best=6.699643e-01
[NA] iter=00050 eval=02972 misfit=6.699658e-01 best=6.699643e-01
[NA] iter=00050 eval=02973 misfit=6.699658e-01 best=6.699643e-01
[NA] iter=00050 eval=02974 misfit=6.699658e-01 best=6.699643e-01
[NA] iter=00050 eval=02975 misfit=6.699658e-01 best=6.699643e-01
[NA] iter=00050 eval=02976 misfit=6.699820e-01 best=6.699643e-01
[NA] iter=00050 eval=02977 misfit=6.699740e-01 best=6.699643e-01
[NA] iter=00050 eval=02978 misfit=6.699820e-01 best=6.699643e-01
[NA] iter=00050 eval=02979 misfit=6.699796e-01 best=6.699643e-01
[NA] iter=00050 eval=02980 misfit=6.699716e-01 best=6.699643e-01
[NA] iter=00050 eval=02981 misfit=6.699716e-01 best=6.699643e-01
[NA] iter=00050 eval=02982 misfit=6.699691e-01 best=6.699643e-01
[NA] iter=00050 eval=02983 misfit=6.699658e-01 best=6.699643e-01
[NA] iter=00050 eval=02984 misfit=6.699691e-01 best=6.699643e-01
[NA] iter=00050 eval=02985 misfit=6.699658e-01 best=6.699643e-01
[NA] iter=00050 eval=02986 misfit=6.699691e-01 best=6.699643e-01
[NA] iter=00050 eval=02987 misfit=6.699658e-01 best=6.699643e-01
[NA] iter=00050 eval=02988 misfit=6.699705e-01 best=6.699643e-01
[NA] iter=00050 eval=02989 misfit=6.699672e-01 best=6.699643e-01
[NA] iter=00050 eval=02990 misfit=6.699705e-01 best=6.699643e-01
[NA] iter=00050 eval=02991 misfit=6.699658e-01 best=6.699643e-01
[NA] iter=00050 eval=02992 misfit=6.699672e-01 best=6.699643e-01
[NA] iter=00050 eval=02993 misfit=6.699643e-01 best=6.699643e-01
[NA] iter=00050 eval=02994 misfit=6.699658e-01 best=6.699643e-01
[NA] iter=00050 eval=02995 misfit=6.699658e-01 best=6.699643e-01
[NA] iter=00050 eval=02996 misfit=6.699691e-01 best=6.699643e-01
[NA] iter=00050 eval=02997 misfit=6.699658e-01 best=6.699643e-01
[NA] iter=00050 eval=02998 misfit=6.699691e-01 best=6.699643e-01
[NA] iter=00050 eval=02999 misfit=6.699691e-01 best=6.699643e-01
[NA] iter=00050 eval=03000 misfit=6.699658e-01 best=6.699643e-01
NAI - Optimisation Loop: 100%|██████████| 50/50 [12:32<00:00, 15.22s/it]NAI - Optimisation Loop: 100%|██████████| 50/50 [12:32<00:00, 15.05s/it]
│  [32m✓[0m Inversion terminada en 894.7 s

┌─[17:49:53 |  895.2s] Mejor solucion
│  ┌──────────────────────────────────────────────┐
│  │ a1 (km)                                8.5958 │
│  │ a2 (km)                                7.1577 │
│  │ theta (x pi)                           0.2565 │
│  │ np (frac)                              0.3426 │
│  │ tp (x 2pi)                             0.0052 │
│  │ dmax (m)                               3.6408 │
│  │ vr (km/s)                              1.5393 │
│  └──────────────────────────────────────────────┘
│  [32m✓[0m misfit minimo = 0.669964

┌─[17:49:53 |  895.2s] Guardando resultados
Inversion results saved to /home/alex/KDEllipsPy/inversions/2020-06-03/output/inversion_result.joblib
│  [32m✓[0m resultado     → /home/alex/KDEllipsPy/inversions/2020-06-03/output/inversion_result.joblib
│  [32m✓[0m figura        → /home/alex/KDEllipsPy/inversions/2020-06-03/output/na_results.png
│  [32m✓[0m figura        → /home/alex/KDEllipsPy/inversions/2020-06-03/output/parameter_convergence.png
│  [32m✓[0m figura        → /home/alex/KDEllipsPy/inversions/2020-06-03/output/waveform_fit.png
│  [32m✓[0m figura        → /home/alex/KDEllipsPy/inversions/2020-06-03/output/ellipse_fit.png
│  [32m✓[0m figura        → /home/alex/KDEllipsPy/inversions/2020-06-03/output/mapa_azimutal.png  (gap azimutal 106°)

┌─[17:49:56 |  898.8s] Desglose de misfit por estacion/componente
Desglose de misfit (ventana 20s (P->R,Z ; S->T)) — E = 0.669964
==============================================================================
Est   Cmp    %resid  aporte_E  mf_local  peso_obs
------------------------------------------------------------------------------
A08F  R       15.9%    0.1068     1.170      9.1%
A08F  T       10.8%    0.0722     1.030      7.0%
A08F  Z        4.0%    0.0269     1.171      2.3%
  -> A08F total               30.7% del residuo  (peso obs 18.4%)
------------------------------------------------------------------------------
A22F  R        7.1%    0.0475     0.662      7.2%
A22F  T        8.3%    0.0555     1.028      5.4%
A22F  Z        3.0%    0.0204     0.816      2.5%
  -> A22F total               18.4% del residuo  (peso obs 15.1%)
------------------------------------------------------------------------------
PB19  R        0.7%    0.0047     0.974      0.5%
PB19  T        9.3%    0.0625     0.982      6.4%
PB19  Z        0.6%    0.0044     0.793      0.5%
  -> PB19 total               10.7% del residuo  (peso obs 7.4%)
------------------------------------------------------------------------------
A18F  R        0.3%    0.0020     0.717      0.3%
A18F  T        9.8%    0.0659     0.482     13.7%
A18F  Z        0.3%    0.0020     0.532      0.4%
  -> A18F total               10.4% del residuo  (peso obs 14.3%)
------------------------------------------------------------------------------
A06F  R        0.0%    0.0001     0.973      0.0%
A06F  T        7.6%    0.0507     0.521      9.7%
A06F  Z        0.0%    0.0001     1.247      0.0%
  -> A06F total                7.6% del residuo  (peso obs 9.7%)
------------------------------------------------------------------------------
A23F  R        0.8%    0.0053     0.744      0.7%
A23F  T        5.4%    0.0364     0.869      4.2%
A23F  Z        0.5%    0.0034     0.562      0.6%
  -> A23F total                6.7% del residuo  (peso obs 5.5%)
------------------------------------------------------------------------------
A05F  R        0.1%    0.0007     3.194      0.0%
A05F  T        5.5%    0.0369     0.302     12.2%
A05F  Z        0.2%    0.0012     4.113      0.0%
  -> A05F total                5.8% del residuo  (peso obs 12.3%)
------------------------------------------------------------------------------
PB06  R        0.0%    0.0003     1.018      0.0%
PB06  T        5.6%    0.0377     0.260     14.5%
PB06  Z        0.1%    0.0004     0.985      0.0%
  -> PB06 total                5.7% del residuo  (peso obs 14.6%)
------------------------------------------------------------------------------
A09F  R        0.0%    0.0003     0.744      0.0%
A09F  T        3.7%    0.0248     0.986      2.5%
A09F  Z        0.1%    0.0008     0.701      0.1%
  -> A09F total                3.9% del residuo  (peso obs 2.7%)
------------------------------------------------------------------------------
Por componente:
  R:  25.1% del residuo   (peso obs 17.9%)
  T:  66.1% del residuo   (peso obs 75.6%)
  Z:   8.9% del residuo   (peso obs  6.5%)
│  [32m✓[0m desglose      → /home/alex/KDEllipsPy/inversions/2020-06-03/output/misfit_breakdown.txt

┌─[17:49:56 |  898.8s] Generando PDF con todos los plots (plot_yolo)
🎲 plot_yolo dashboard: 6 paneles → /home/alex/KDEllipsPy/inversions/2020-06-03/output/all_plots.pdf
│  [32m✓[0m PDF           → /home/alex/KDEllipsPy/inversions/2020-06-03/output/all_plots.pdf

╔══════════════════════════════════════════════════════════════════════╗
║ Inversion completada                                                 ║
║ tiempo total 1010.2s  ·  salida en /home/alex/KDEllipsPy/inversions/2020-06-03/output ║
╚══════════════════════════════════════════════════════════════════════╝
