dataset,sta,freq_hz,snr
main,A01F,0.0200,25.064
main,A01F,0.0206,25.064
main,A01F,0.0327,37.704
main,A01F,0.0336,37.704
main,A01F,0.0346,37.704
main,A01F,0.0357,37.704
main,A01F,0.0367,37.704
main,A01F,0.0389,68.337
main,A01F,0.0400,68.337
main,A01F,0.0412,68.337
main,A01F,0.0490,110.094
main,A01F,0.0504,132.374
main,A01F,0.0519,132.374
main,A01F,0.0534,132.374
main,A01F,0.0550,132.374
main,A01F,0.0566,132.374
main,A01F,0.0583,108.740
main,A01F,0.0600,108.740
main,A01F,0.0617,108.740
main,A01F,0.0654,70.156
main,A01F,0.0673,99.356
main,A01F,0.0693,99.356
main,A01F,0.0713,99.356
main,A01F,0.0734,99.356
main,A01F,0.0756,128.555
main,A01F,0.0778,117.476
main,A01F,0.0801,109.230
main,A01F,0.0824,109.230
main,A01F,0.0848,105.617
main,A01F,0.0873,127.013
main,A01F,0.0899,135.297
main,A01F,0.0925,135.297
main,A01F,0.0952,140.189
main,A01F,0.0980,166.984
main,A01F,0.1009,190.391
main,A01F,0.1039,190.391
main,A01F,0.1069,232.186
main,A01F,0.1101,232.186
main,A01F,0.1133,227.225
main,A01F,0.1166,271.358
main,A01F,0.1200,271.358
main,A01F,0.1235,281.721
main,A01F,0.1272,304.105
main,A01F,0.1309,335.706
main,A01F,0.1347,311.438
main,A01F,0.1387,331.265
main,A01F,0.1428,312.969
main,A01F,0.1469,374.063
main,A01F,0.1512,468.181
main,A01F,0.1557,468.181
main,A01F,0.1602,438.067
main,A01F,0.1649,472.977
main,A01F,0.1698,492.309
main,A01F,0.1748,498.498
main,A01F,0.1799,711.314
main,A01F,0.1852,711.314
main,A01F,0.1906,727.255
main,A01F,0.1962,512.717
main,A01F,0.2019,546.186
main,A01F,0.2079,541.053
main,A01F,0.2140,498.073
main,A01F,0.2202,568.645
main,A01F,0.2267,543.869
main,A01F,0.2333,497.691
main,A01F,0.2402,539.123
main,A01F,0.2472,573.495
main,A01F,0.2545,811.308
main,A01F,0.2619,807.360
main,A01F,0.2696,797.680
main,A01F,0.2775,696.965
main,A01F,0.2857,719.985
main,A01F,0.2940,773.282
main,A01F,0.3027,780.876
main,A01F,0.3115,780.876
main,A01F,0.3207,678.711
main,A01F,0.3301,651.607
main,A01F,0.3397,612.264
main,A01F,0.3497,588.014
main,A01F,0.3600,762.608
main,A01F,0.3705,828.306
main,A01F,0.3814,922.686
main,A01F,0.3926,995.079
main,A01F,0.4041,1090.080
main,A01F,0.4159,1368.061
main,A01F,0.4281,1525.861
main,A01F,0.4407,1693.534
main,A01F,0.4536,1902.806
main,A01F,0.4669,2364.108
main,A01F,0.4806,2306.095
main,A01F,0.4947,2198.294
main,A01F,0.5092,2105.037
main,A01F,0.5241,2128.614
main,A01F,0.5395,2124.746
main,A01F,0.5553,2152.389
main,A01F,0.5716,2070.689
main,A01F,0.5884,2144.989
main,A01F,0.6056,2059.508
main,A01F,0.6234,1867.970
main,A01F,0.6417,1652.203
main,A01F,0.6605,1730.799
main,A01F,0.6798,1808.434
main,A01F,0.6998,1933.704
main,A01F,0.7203,1990.860
main,A01F,0.7414,2186.757
main,A01F,0.7632,2161.963
main,A01F,0.7855,2683.406
main,A01F,0.8086,3035.429
main,A01F,0.8323,3735.106
main,A01F,0.8567,4147.867
main,A01F,0.8818,4229.667
main,A01F,0.9077,4331.228
main,A01F,0.9343,4037.190
main,A01F,0.9617,3919.706
main,A01F,0.9899,3894.383
main,A01F,1.0189,3854.540
main,A01F,1.0488,3672.078
main,A01F,1.0796,3450.254
main,A01F,1.1112,3081.927
main,A01F,1.1438,3202.700
main,A01F,1.1773,3444.791
main,A01F,1.2119,3798.322
main,A01F,1.2474,4053.740
main,A01F,1.2840,4285.595
main,A01F,1.3216,4697.663
main,A01F,1.3604,4517.129
main,A01F,1.4003,4575.986
main,A01F,1.4414,4817.662
main,A01F,1.4836,5121.984
main,A01F,1.5271,5323.205
main,A01F,1.5719,5072.454
main,A01F,1.6180,5044.788
main,A01F,1.6655,4969.557
main,A01F,1.7143,4957.406
main,A01F,1.7646,4827.113
main,A01F,1.8163,5214.017
main,A01F,1.8696,5608.834
main,A01F,1.9244,5639.842
main,A01F,1.9808,5544.936
main,A01F,2.0389,5103.738
main,A01F,2.0987,5419.985
main,A01F,2.1602,5560.945
main,A01F,2.2236,5812.563
main,A01F,2.2888,5623.853
main,A01F,2.3559,5457.443
main,A01F,2.4250,5037.354
main,A01F,2.4961,5118.822
main,A01F,2.5693,5441.986
main,A01F,2.6447,5487.428
main,A01F,2.7222,5416.600
main,A01F,2.8020,4864.897
main,A01F,2.8842,4800.743
main,A01F,2.9688,4751.790
main,A01F,3.0558,5005.431
main,A01F,3.1454,5561.842
main,A01F,3.2377,5496.670
main,A01F,3.3326,5406.336
main,A01F,3.4304,5207.959
main,A01F,3.5310,5292.854
main,A01F,3.6345,5278.673
main,A01F,3.7411,5389.944
main,A01F,3.8508,5333.886
main,A01F,3.9637,5538.634
main,A01F,4.0799,5261.007
main,A01F,4.1996,5033.052
main,A01F,4.3227,5116.144
main,A01F,4.4495,4715.513
main,A01F,4.5800,4576.666
main,A01F,4.7143,4569.833
main,A01F,4.8525,4506.921
main,A01F,4.9948,4615.968
main,A01F,5.1413,4357.505
main,A01F,5.2921,4137.469
main,A01F,5.4472,4107.253
main,A01F,5.6070,4096.798
main,A01F,5.7714,3898.224
main,A01F,5.9406,4190.153
main,A01F,6.1148,4089.980
main,A01F,6.2942,4024.981
main,A01F,6.4787,3914.715
main,A01F,6.6687,3803.473
main,A01F,6.8643,3863.105
main,A01F,7.0656,3824.287
main,A01F,7.2728,3721.493
main,A01F,7.4860,3557.119
main,A01F,7.7056,3551.239
main,A01F,7.9315,3441.355
main,A01F,8.1641,3360.133
main,A01F,8.4035,3174.776
main,A01F,8.6499,3043.536
main,A01F,8.9036,2860.147
main,A01F,9.1647,2773.735
main,A01F,9.4334,2595.752
main,A01F,9.7101,2505.966
main,A01F,9.9948,2360.329
main,A01F,10.2879,2188.953
main,A01F,10.5896,2014.600
main,A01F,10.9001,1898.169
main,A01F,11.2198,1797.438
main,A01F,11.5488,1685.437
main,A01F,11.8874,1579.408
main,A01F,12.2360,1497.015
main,A01F,12.5949,1412.055
main,A01F,12.9642,1334.741
main,A01F,13.3444,1262.724
main,A01F,13.7357,1209.384
main,A01F,14.1385,1189.269
main,A01F,14.5531,1194.015
main,A01F,14.9798,1190.337
main,A01F,15.4191,1173.521
main,A01F,15.8713,1195.256
main,A01F,16.3367,1184.258
main,A01F,16.8157,1132.312
main,A01F,17.3089,1115.310
main,A01F,17.8164,1060.549
main,A01F,18.3389,1009.507
main,A01F,18.8767,934.507
main,A01F,19.4302,861.318
main,A01F,20.0000,785.185
main,A02F,0.0200,48.928
main,A02F,0.0206,48.928
main,A02F,0.0318,43.122
main,A02F,0.0327,43.122
main,A02F,0.0336,43.122
main,A02F,0.0346,43.122
main,A02F,0.0357,43.122
main,A02F,0.0367,43.122
main,A02F,0.0389,51.053
main,A02F,0.0400,51.053
main,A02F,0.0412,51.053
main,A02F,0.0490,106.931
main,A02F,0.0504,150.347
main,A02F,0.0519,150.347
main,A02F,0.0534,150.347
main,A02F,0.0550,150.347
main,A02F,0.0566,150.347
main,A02F,0.0583,111.320
main,A02F,0.0600,111.320
main,A02F,0.0617,111.320
main,A02F,0.0636,52.355
main,A02F,0.0654,52.355
main,A02F,0.0673,75.543
main,A02F,0.0693,75.543
main,A02F,0.0713,75.543
main,A02F,0.0734,75.543
main,A02F,0.0756,98.730
main,A02F,0.0778,140.326
main,A02F,0.0801,172.798
main,A02F,0.0824,172.798
main,A02F,0.0848,272.146
main,A02F,0.0873,299.117
main,A02F,0.0899,364.390
main,A02F,0.0925,364.390
main,A02F,0.0952,266.521
main,A02F,0.0980,266.521
main,A02F,0.1009,262.920
main,A02F,0.1039,262.920
main,A02F,0.1069,273.835
main,A02F,0.1101,273.835
main,A02F,0.1133,347.576
main,A02F,0.1166,444.657
main,A02F,0.1200,444.657
main,A02F,0.1235,560.744
main,A02F,0.1272,477.035
main,A02F,0.1309,477.035
main,A02F,0.1347,580.632
main,A02F,0.1387,674.558
main,A02F,0.1428,1015.353
main,A02F,0.1469,493.668
main,A02F,0.1512,645.551
main,A02F,0.1557,645.551
main,A02F,0.1602,541.352
main,A02F,0.1649,622.476
main,A02F,0.1698,519.506
main,A02F,0.1748,605.887
main,A02F,0.1799,655.806
main,A02F,0.1852,655.806
main,A02F,0.1906,857.533
main,A02F,0.1962,857.533
main,A02F,0.2019,735.090
main,A02F,0.2079,807.111
main,A02F,0.2140,1195.016
main,A02F,0.2202,1147.287
main,A02F,0.2267,1109.564
main,A02F,0.2333,1092.738
main,A02F,0.2402,1005.082
main,A02F,0.2472,1022.608
main,A02F,0.2545,933.551
main,A02F,0.2619,993.075
main,A02F,0.2696,1172.724
main,A02F,0.2775,1448.238
main,A02F,0.2857,1543.101
main,A02F,0.2940,1906.507
main,A02F,0.3027,2212.660
main,A02F,0.3115,2212.660
main,A02F,0.3207,2045.756
main,A02F,0.3301,2240.857
main,A02F,0.3397,2513.905
main,A02F,0.3497,1828.496
main,A02F,0.3600,1894.926
main,A02F,0.3705,2207.081
main,A02F,0.3814,2101.257
main,A02F,0.3926,2197.471
main,A02F,0.4041,2103.533
main,A02F,0.4159,2447.109
main,A02F,0.4281,2430.813
main,A02F,0.4407,2444.536
main,A02F,0.4536,2467.512
main,A02F,0.4669,2989.293
main,A02F,0.4806,3228.173
main,A02F,0.4947,3784.618
main,A02F,0.5092,3898.644
main,A02F,0.5241,4675.112
main,A02F,0.5395,5146.036
main,A02F,0.5553,5364.294
main,A02F,0.5716,5769.854
main,A02F,0.5884,6399.590
main,A02F,0.6056,7153.605
main,A02F,0.6234,7262.016
main,A02F,0.6417,6635.007
main,A02F,0.6605,6788.134
main,A02F,0.6798,7944.605
main,A02F,0.6998,7586.679
main,A02F,0.7203,7846.697
main,A02F,0.7414,7807.974
main,A02F,0.7632,8277.497
main,A02F,0.7855,9379.073
main,A02F,0.8086,9578.849
main,A02F,0.8323,10924.931
main,A02F,0.8567,11331.844
main,A02F,0.8818,11169.366
main,A02F,0.9077,10672.668
main,A02F,0.9343,11475.715
main,A02F,0.9617,10722.804
main,A02F,0.9899,11610.797
main,A02F,1.0189,11680.925
main,A02F,1.0488,11776.977
main,A02F,1.0796,10652.558
main,A02F,1.1112,10561.264
main,A02F,1.1438,10133.669
main,A02F,1.1773,9827.549
main,A02F,1.2119,10777.527
main,A02F,1.2474,10559.908
main,A02F,1.2840,10616.844
main,A02F,1.3216,9918.258
main,A02F,1.3604,9990.938
main,A02F,1.4003,9285.777
main,A02F,1.4414,9271.127
main,A02F,1.4836,9096.235
main,A02F,1.5271,8783.984
main,A02F,1.5719,8310.272
main,A02F,1.6180,7782.482
main,A02F,1.6655,7099.948
main,A02F,1.7143,7292.295
main,A02F,1.7646,7109.348
main,A02F,1.8163,7705.466
main,A02F,1.8696,8118.959
main,A02F,1.9244,8067.025
main,A02F,1.9808,8322.609
main,A02F,2.0389,8717.059
main,A02F,2.0987,8742.147
main,A02F,2.1602,8983.943
main,A02F,2.2236,9361.872
main,A02F,2.2888,9227.579
main,A02F,2.3559,8828.408
main,A02F,2.4250,8465.755
main,A02F,2.4961,8558.197
main,A02F,2.5693,8372.780
main,A02F,2.6447,7807.241
main,A02F,2.7222,7760.068
main,A02F,2.8020,7353.789
main,A02F,2.8842,6962.275
main,A02F,2.9688,7080.094
main,A02F,3.0558,7189.147
main,A02F,3.1454,7151.449
main,A02F,3.2377,7118.084
main,A02F,3.3326,7226.580
main,A02F,3.4304,8225.751
main,A02F,3.5310,8317.681
main,A02F,3.6345,8330.371
main,A02F,3.7411,8524.090
main,A02F,3.8508,8141.045
main,A02F,3.9637,7643.176
main,A02F,4.0799,6945.369
main,A02F,4.1996,6612.775
main,A02F,4.3227,6419.324
main,A02F,4.4495,5863.339
main,A02F,4.5800,4548.864
main,A02F,4.7143,4281.392
main,A02F,4.8525,4056.474
main,A02F,4.9948,3929.769
main,A02F,5.1413,3867.605
main,A02F,5.2921,3685.644
main,A02F,5.4472,3607.356
main,A02F,5.6070,3427.668
main,A02F,5.7714,3173.541
main,A02F,5.9406,2877.669
main,A02F,6.1148,2804.073
main,A02F,6.2942,2775.149
main,A02F,6.4787,2634.246
main,A02F,6.6687,2399.233
main,A02F,6.8643,2303.067
main,A02F,7.0656,2266.561
main,A02F,7.2728,2155.416
main,A02F,7.4860,1416.929
main,A02F,7.7056,1463.905
main,A02F,7.9315,1468.898
main,A02F,8.1641,1535.802
main,A02F,8.4035,1547.229
main,A02F,8.6499,1613.163
main,A02F,8.9036,1783.345
main,A02F,9.1647,1713.245
main,A02F,9.4334,1755.512
main,A02F,9.7101,1714.733
main,A02F,9.9948,2128.844
main,A02F,10.2879,2203.844
main,A02F,10.5896,2157.654
main,A02F,10.9001,2196.266
main,A02F,11.2198,1962.373
main,A02F,11.5488,1729.079
main,A02F,11.8874,1652.403
main,A02F,12.2360,1560.504
main,A02F,12.5949,1424.320
main,A02F,12.9642,1248.236
main,A02F,13.3444,1082.066
main,A02F,13.7357,727.430
main,A02F,14.1385,579.215
main,A02F,14.5531,520.847
main,A02F,14.9798,467.240
main,A02F,15.4191,422.005
main,A02F,15.8713,353.309
main,A02F,16.3367,328.544
main,A02F,16.8157,319.598
main,A02F,17.3089,331.177
main,A02F,17.8164,344.151
main,A02F,18.3389,477.989
main,A02F,18.8767,503.876
main,A02F,19.4302,478.110
main,A02F,20.0000,457.701
main,A03F,0.0200,15.927
main,A03F,0.0206,15.927
main,A03F,0.0212,15.927
main,A03F,0.0327,20.435
main,A03F,0.0336,20.435
main,A03F,0.0346,20.435
main,A03F,0.0357,20.435
main,A03F,0.0367,20.435
main,A03F,0.0389,24.811
main,A03F,0.0400,24.811
main,A03F,0.0412,24.811
main,A03F,0.0424,24.811
main,A03F,0.0490,121.941
main,A03F,0.0504,117.828
main,A03F,0.0519,117.828
main,A03F,0.0534,117.828
main,A03F,0.0550,117.828
main,A03F,0.0566,117.828
main,A03F,0.0583,99.793
main,A03F,0.0600,99.793
main,A03F,0.0617,99.793
main,A03F,0.0636,81.758
main,A03F,0.0654,106.524
main,A03F,0.0673,143.256
main,A03F,0.0693,143.256
main,A03F,0.0713,143.256
main,A03F,0.0734,143.256
main,A03F,0.0756,179.988
main,A03F,0.0778,278.401
main,A03F,0.0801,278.401
main,A03F,0.0824,143.759
main,A03F,0.0848,143.759
main,A03F,0.0873,189.158
main,A03F,0.0899,213.516
main,A03F,0.0925,213.516
main,A03F,0.0952,214.854
main,A03F,0.0980,248.081
main,A03F,0.1009,268.401
main,A03F,0.1039,268.401
main,A03F,0.1069,364.522
main,A03F,0.1101,364.522
main,A03F,0.1133,419.652
main,A03F,0.1166,546.224
main,A03F,0.1200,546.224
main,A03F,0.1235,531.838
main,A03F,0.1272,591.885
main,A03F,0.1309,405.187
main,A03F,0.1347,394.136
main,A03F,0.1387,416.961
main,A03F,0.1428,387.409
main,A03F,0.1469,429.334
main,A03F,0.1512,368.870
main,A03F,0.1557,368.870
main,A03F,0.1602,368.870
main,A03F,0.1649,295.842
main,A03F,0.1698,295.842
main,A03F,0.1748,285.996
main,A03F,0.1799,309.530
main,A03F,0.1852,309.530
main,A03F,0.1906,312.777
main,A03F,0.1962,300.323
main,A03F,0.2019,310.633
main,A03F,0.2079,310.633
main,A03F,0.2140,440.448
main,A03F,0.2202,522.292
main,A03F,0.2267,416.621
main,A03F,0.2333,414.648
main,A03F,0.2402,431.709
main,A03F,0.2472,451.004
main,A03F,0.2545,477.464
main,A03F,0.2619,636.291
main,A03F,0.2696,687.995
main,A03F,0.2775,806.387
main,A03F,0.2857,757.828
main,A03F,0.2940,834.679
main,A03F,0.3027,1314.524
main,A03F,0.3115,1215.671
main,A03F,0.3207,1330.353
main,A03F,0.3301,1580.151
main,A03F,0.3397,1498.842
main,A03F,0.3497,1595.507
main,A03F,0.3600,1579.645
main,A03F,0.3705,1538.335
main,A03F,0.3814,1463.026
main,A03F,0.3926,1341.524
main,A03F,0.4041,1365.249
main,A03F,0.4159,1673.175
main,A03F,0.4281,1538.985
main,A03F,0.4407,1637.669
main,A03F,0.4536,1725.848
main,A03F,0.4669,1837.840
main,A03F,0.4806,1821.377
main,A03F,0.4947,1923.252
main,A03F,0.5092,2023.411
main,A03F,0.5241,2153.161
main,A03F,0.5395,2338.656
main,A03F,0.5553,2395.108
main,A03F,0.5716,2514.768
main,A03F,0.5884,2592.738
main,A03F,0.6056,2572.615
main,A03F,0.6234,2807.959
main,A03F,0.6417,2747.605
main,A03F,0.6605,2660.011
main,A03F,0.6798,2640.523
main,A03F,0.6998,2747.671
main,A03F,0.7203,2361.185
main,A03F,0.7414,2282.986
main,A03F,0.7632,2607.973
main,A03F,0.7855,2965.409
main,A03F,0.8086,3633.499
main,A03F,0.8323,3989.641
main,A03F,0.8567,4470.478
main,A03F,0.8818,4692.362
main,A03F,0.9077,4775.147
main,A03F,0.9343,4925.294
main,A03F,0.9617,4667.079
main,A03F,0.9899,4546.188
main,A03F,1.0189,4582.812
main,A03F,1.0488,4214.553
main,A03F,1.0796,3793.169
main,A03F,1.1112,3751.937
main,A03F,1.1438,3249.302
main,A03F,1.1773,3290.635
main,A03F,1.2119,3362.789
main,A03F,1.2474,3555.023
main,A03F,1.2840,3983.245
main,A03F,1.3216,3973.528
main,A03F,1.3604,4196.240
main,A03F,1.4003,4125.807
main,A03F,1.4414,4111.853
main,A03F,1.4836,4314.358
main,A03F,1.5271,4475.913
main,A03F,1.5719,4693.177
main,A03F,1.6180,4620.889
main,A03F,1.6655,4474.908
main,A03F,1.7143,4259.429
main,A03F,1.7646,3834.553
main,A03F,1.8163,3852.063
main,A03F,1.8696,3930.711
main,A03F,1.9244,4034.817
main,A03F,1.9808,4015.034
main,A03F,2.0389,3796.986
main,A03F,2.0987,3798.693
main,A03F,2.1602,3782.005
main,A03F,2.2236,3849.596
main,A03F,2.2888,4014.569
main,A03F,2.3559,4460.645
main,A03F,2.4250,4404.154
main,A03F,2.4961,4272.347
main,A03F,2.5693,4483.577
main,A03F,2.6447,4484.925
main,A03F,2.7222,4825.868
main,A03F,2.8020,5228.579
main,A03F,2.8842,5405.291
main,A03F,2.9688,5258.739
main,A03F,3.0558,5199.934
main,A03F,3.1454,5163.861
main,A03F,3.2377,5321.176
main,A03F,3.3326,5339.523
main,A03F,3.4304,5571.839
main,A03F,3.5310,6530.868
main,A03F,3.6345,6803.441
main,A03F,3.7411,6800.996
main,A03F,3.8508,7242.532
main,A03F,3.9637,7639.290
main,A03F,4.0799,8019.021
main,A03F,4.1996,8147.158
main,A03F,4.3227,8379.837
main,A03F,4.4495,8608.493
main,A03F,4.5800,9011.574
main,A03F,4.7143,9166.672
main,A03F,4.8525,9626.800
main,A03F,4.9948,10154.316
main,A03F,5.1413,10287.591
main,A03F,5.2921,10529.560
main,A03F,5.4472,10683.959
main,A03F,5.6070,10616.289
main,A03F,5.7714,11367.352
main,A03F,5.9406,11683.555
main,A03F,6.1148,11403.127
main,A03F,6.2942,11453.549
main,A03F,6.4787,10950.105
main,A03F,6.6687,10965.613
main,A03F,6.8643,11057.768
main,A03F,7.0656,10366.351
main,A03F,7.2728,10290.927
main,A03F,7.4860,9739.791
main,A03F,7.7056,8936.320
main,A03F,7.9315,8374.651
main,A03F,8.1641,7654.665
main,A03F,8.4035,7167.195
main,A03F,8.6499,6816.530
main,A03F,8.9036,6404.210
main,A03F,9.1647,6406.873
main,A03F,9.4334,6539.359
main,A03F,9.7101,6483.244
main,A03F,9.9948,6462.635
main,A03F,10.2879,6427.985
main,A03F,10.5896,6676.754
main,A03F,10.9001,6658.532
main,A03F,11.2198,6650.478
main,A03F,11.5488,6668.646
main,A03F,11.8874,6557.596
main,A03F,12.2360,6172.551
main,A03F,12.5949,5991.661
main,A03F,12.9642,5598.603
main,A03F,13.3444,5218.627
main,A03F,13.7357,4895.051
main,A03F,14.1385,4543.623
main,A03F,14.5531,4218.587
main,A03F,14.9798,3845.820
main,A03F,15.4191,3547.622
main,A03F,15.8713,3207.631
main,A03F,16.3367,2927.373
main,A03F,16.8157,2615.533
main,A03F,17.3089,2460.510
main,A03F,17.8164,2331.584
main,A03F,18.3389,2140.471
main,A03F,18.8767,1964.325
main,A03F,19.4302,1781.412
main,A03F,20.0000,1566.769
main,A04F,0.0200,12.594
main,A04F,0.0206,12.594
main,A04F,0.0212,12.594
main,A04F,0.0327,37.389
main,A04F,0.0336,37.389
main,A04F,0.0346,37.389
main,A04F,0.0357,37.389
main,A04F,0.0367,37.389
main,A04F,0.0389,52.409
main,A04F,0.0400,52.409
main,A04F,0.0412,52.409
main,A04F,0.0424,52.409
main,A04F,0.0490,51.143
main,A04F,0.0504,57.786
main,A04F,0.0519,57.786
main,A04F,0.0534,57.786
main,A04F,0.0550,57.786
main,A04F,0.0566,57.786
main,A04F,0.0583,52.484
main,A04F,0.0600,52.484
main,A04F,0.0617,52.484
main,A04F,0.0636,47.181
main,A04F,0.0654,97.205
main,A04F,0.0673,123.531
main,A04F,0.0693,123.531
main,A04F,0.0713,123.531
main,A04F,0.0734,123.531
main,A04F,0.0756,149.857
main,A04F,0.0778,157.946
main,A04F,0.0801,157.946
main,A04F,0.0824,136.241
main,A04F,0.0848,136.241
main,A04F,0.0873,166.245
main,A04F,0.0899,184.932
main,A04F,0.0925,184.932
main,A04F,0.0952,188.779
main,A04F,0.0980,225.247
main,A04F,0.1009,255.492
main,A04F,0.1039,255.492
main,A04F,0.1069,379.663
main,A04F,0.1101,379.663
main,A04F,0.1133,225.168
main,A04F,0.1166,252.601
main,A04F,0.1200,252.601
main,A04F,0.1235,283.706
main,A04F,0.1272,297.400
main,A04F,0.1309,182.657
main,A04F,0.1347,162.873
main,A04F,0.1387,174.771
main,A04F,0.1428,153.849
main,A04F,0.1469,193.958
main,A04F,0.1512,181.858
main,A04F,0.1557,181.858
main,A04F,0.1602,181.858
main,A04F,0.1649,212.579
main,A04F,0.1698,212.579
main,A04F,0.1748,443.960
main,A04F,0.1799,434.641
main,A04F,0.1852,434.641
main,A04F,0.1906,517.807
main,A04F,0.1962,472.314
main,A04F,0.2019,565.140
main,A04F,0.2079,565.140
main,A04F,0.2140,571.807
main,A04F,0.2202,689.243
main,A04F,0.2267,678.701
main,A04F,0.2333,678.079
main,A04F,0.2402,720.847
main,A04F,0.2472,860.835
main,A04F,0.2545,907.599
main,A04F,0.2619,798.731
main,A04F,0.2696,795.125
main,A04F,0.2775,803.425
main,A04F,0.2857,842.329
main,A04F,0.2940,905.852
main,A04F,0.3027,1001.295
main,A04F,0.3115,1081.492
main,A04F,0.3207,963.007
main,A04F,0.3301,945.909
main,A04F,0.3397,902.285
main,A04F,0.3497,977.640
main,A04F,0.3600,1037.620
main,A04F,0.3705,1123.276
main,A04F,0.3814,1210.679
main,A04F,0.3926,1099.188
main,A04F,0.4041,1147.941
main,A04F,0.4159,1380.258
main,A04F,0.4281,1506.017
main,A04F,0.4407,1533.597
main,A04F,0.4536,1772.383
main,A04F,0.4669,2078.845
main,A04F,0.4806,2282.498
main,A04F,0.4947,2217.385
main,A04F,0.5092,2354.300
main,A04F,0.5241,2659.026
main,A04F,0.5395,2962.829
main,A04F,0.5553,3059.195
main,A04F,0.5716,2853.140
main,A04F,0.5884,2937.693
main,A04F,0.6056,2687.257
main,A04F,0.6234,2677.324
main,A04F,0.6417,2867.249
main,A04F,0.6605,2645.041
main,A04F,0.6798,2440.348
main,A04F,0.6998,2370.331
main,A04F,0.7203,2061.543
main,A04F,0.7414,1972.881
main,A04F,0.7632,2219.742
main,A04F,0.7855,2612.429
main,A04F,0.8086,3222.615
main,A04F,0.8323,3830.655
main,A04F,0.8567,4175.797
main,A04F,0.8818,4248.254
main,A04F,0.9077,4286.681
main,A04F,0.9343,4379.490
main,A04F,0.9617,4720.576
main,A04F,0.9899,4801.396
main,A04F,1.0189,4668.167
main,A04F,1.0488,4464.402
main,A04F,1.0796,4014.470
main,A04F,1.1112,4059.688
main,A04F,1.1438,4422.091
main,A04F,1.1773,4554.908
main,A04F,1.2119,4796.555
main,A04F,1.2474,4443.047
main,A04F,1.2840,4638.819
main,A04F,1.3216,4984.031
main,A04F,1.3604,5245.836
main,A04F,1.4003,5307.474
main,A04F,1.4414,5446.930
main,A04F,1.4836,5228.554
main,A04F,1.5271,5648.543
main,A04F,1.5719,6084.867
main,A04F,1.6180,6248.474
main,A04F,1.6655,6643.325
main,A04F,1.7143,6155.720
main,A04F,1.7646,6221.072
main,A04F,1.8163,5986.511
main,A04F,1.8696,5836.806
main,A04F,1.9244,5523.588
main,A04F,1.9808,5408.784
main,A04F,2.0389,4978.797
main,A04F,2.0987,4900.271
main,A04F,2.1602,4551.884
main,A04F,2.2236,4635.616
main,A04F,2.2888,4992.869
main,A04F,2.3559,4970.139
main,A04F,2.4250,5196.972
main,A04F,2.4961,5014.316
main,A04F,2.5693,5273.079
main,A04F,2.6447,5884.313
main,A04F,2.7222,5632.236
main,A04F,2.8020,5891.499
main,A04F,2.8842,5948.256
main,A04F,2.9688,5813.127
main,A04F,3.0558,5833.879
main,A04F,3.1454,6120.295
main,A04F,3.2377,6164.803
main,A04F,3.3326,6628.653
main,A04F,3.4304,6483.065
main,A04F,3.5310,6613.975
main,A04F,3.6345,6401.428
main,A04F,3.7411,6720.695
main,A04F,3.8508,6629.951
main,A04F,3.9637,6315.866
main,A04F,4.0799,6111.755
main,A04F,4.1996,5918.050
main,A04F,4.3227,5664.197
main,A04F,4.4495,5324.036
main,A04F,4.5800,5289.412
main,A04F,4.7143,4935.048
main,A04F,4.8525,4889.248
main,A04F,4.9948,4851.537
main,A04F,5.1413,4818.361
main,A04F,5.2921,5085.186
main,A04F,5.4472,5391.983
main,A04F,5.6070,5485.732
main,A04F,5.7714,5489.581
main,A04F,5.9406,5386.385
main,A04F,6.1148,5296.056
main,A04F,6.2942,5415.719
main,A04F,6.4787,5453.375
main,A04F,6.6687,5315.804
main,A04F,6.8643,5280.251
main,A04F,7.0656,5032.612
main,A04F,7.2728,5145.157
main,A04F,7.4860,5486.390
main,A04F,7.7056,5490.407
main,A04F,7.9315,5525.650
main,A04F,8.1641,5540.122
main,A04F,8.4035,5580.799
main,A04F,8.6499,5531.745
main,A04F,8.9036,5195.493
main,A04F,9.1647,4898.282
main,A04F,9.4334,4783.066
main,A04F,9.7101,4597.704
main,A04F,9.9948,4528.692
main,A04F,10.2879,4355.937
main,A04F,10.5896,4160.753
main,A04F,10.9001,3918.296
main,A04F,11.2198,3712.469
main,A04F,11.5488,3548.928
main,A04F,11.8874,3452.749
main,A04F,12.2360,3145.468
main,A04F,12.5949,2828.150
main,A04F,12.9642,2366.970
main,A04F,13.3444,2083.378
main,A04F,13.7357,1787.097
main,A04F,14.1385,1423.663
main,A04F,14.5531,1367.804
main,A04F,14.9798,1339.818
main,A04F,15.4191,1113.018
main,A04F,15.8713,886.582
main,A04F,16.3367,799.897
main,A04F,16.8157,789.140
main,A04F,17.3089,701.257
main,A04F,17.8164,553.763
main,A04F,18.3389,397.609
main,A04F,18.8767,319.849
main,A04F,19.4302,192.155
main,A04F,20.0000,159.347
main,A05F,0.0200,31.148
main,A05F,0.0206,31.148
main,A05F,0.0318,74.979
main,A05F,0.0327,74.979
main,A05F,0.0336,74.979
main,A05F,0.0346,74.979
main,A05F,0.0357,74.979
main,A05F,0.0367,74.979
main,A05F,0.0389,108.773
main,A05F,0.0400,108.773
main,A05F,0.0412,108.773
main,A05F,0.0476,229.971
main,A05F,0.0490,229.971
main,A05F,0.0504,282.664
main,A05F,0.0519,282.664
main,A05F,0.0534,282.664
main,A05F,0.0550,282.664
main,A05F,0.0566,282.664
main,A05F,0.0583,362.590
main,A05F,0.0600,362.590
main,A05F,0.0617,362.590
main,A05F,0.0636,428.007
main,A05F,0.0654,428.007
main,A05F,0.0673,497.731
main,A05F,0.0693,497.731
main,A05F,0.0713,497.731
main,A05F,0.0734,497.731
main,A05F,0.0756,567.456
main,A05F,0.0778,636.606
main,A05F,0.0801,422.002
main,A05F,0.0824,422.002
main,A05F,0.0848,369.592
main,A05F,0.0873,393.805
main,A05F,0.0899,441.817
main,A05F,0.0925,441.817
main,A05F,0.0952,573.231
main,A05F,0.0980,573.231
main,A05F,0.1009,588.359
main,A05F,0.1039,2423.508
main,A05F,0.1069,2530.222
main,A05F,0.1101,767.602
main,A05F,0.1133,807.122
main,A05F,0.1166,857.877
main,A05F,0.1200,857.877
main,A05F,0.1235,824.295
main,A05F,0.1272,994.394
main,A05F,0.1309,994.394
main,A05F,0.1347,969.345
main,A05F,0.1387,947.895
main,A05F,0.1428,840.588
main,A05F,0.1469,965.568
main,A05F,0.1512,909.943
main,A05F,0.1557,909.943
main,A05F,0.1602,1029.912
main,A05F,0.1649,1008.700
main,A05F,0.1698,966.783
main,A05F,0.1748,774.000
main,A05F,0.1799,721.243
main,A05F,0.1852,721.243
main,A05F,0.1906,773.172
main,A05F,0.1962,773.172
main,A05F,0.2019,671.733
main,A05F,0.2079,642.879
main,A05F,0.2140,640.728
main,A05F,0.2202,690.497
main,A05F,0.2267,643.149
main,A05F,0.2333,715.613
main,A05F,0.2402,695.925
main,A05F,0.2472,678.147
main,A05F,0.2545,586.406
main,A05F,0.2619,632.251
main,A05F,0.2696,673.779
main,A05F,0.2775,800.399
main,A05F,0.2857,1028.404
main,A05F,0.2940,1106.809
main,A05F,0.3027,1344.735
main,A05F,0.3115,1585.809
main,A05F,0.3207,1251.506
main,A05F,0.3301,1482.136
main,A05F,0.3397,1611.891
main,A05F,0.3497,1452.862
main,A05F,0.3600,1566.703
main,A05F,0.3705,1510.798
main,A05F,0.3814,1214.837
main,A05F,0.3926,1225.612
main,A05F,0.4041,1107.691
main,A05F,0.4159,1259.661
main,A05F,0.4281,1266.010
main,A05F,0.4407,1342.136
main,A05F,0.4536,1337.740
main,A05F,0.4669,1730.980
main,A05F,0.4806,1977.628
main,A05F,0.4947,2606.425
main,A05F,0.5092,3739.420
main,A05F,0.5241,4865.902
main,A05F,0.5395,5700.423
main,A05F,0.5553,6507.272
main,A05F,0.5716,6870.819
main,A05F,0.5884,7370.237
main,A05F,0.6056,7502.885
main,A05F,0.6234,7668.605
main,A05F,0.6417,8534.045
main,A05F,0.6605,9021.649
main,A05F,0.6798,8782.698
main,A05F,0.6998,8563.086
main,A05F,0.7203,8691.407
main,A05F,0.7414,8050.720
main,A05F,0.7632,9061.208
main,A05F,0.7855,9603.547
main,A05F,0.8086,9696.747
main,A05F,0.8323,11024.850
main,A05F,0.8567,12225.082
main,A05F,0.8818,13592.305
main,A05F,0.9077,15771.165
main,A05F,0.9343,17633.512
main,A05F,0.9617,19535.841
main,A05F,0.9899,21819.607
main,A05F,1.0189,21183.306
main,A05F,1.0488,22324.344
main,A05F,1.0796,22629.836
main,A05F,1.1112,21658.819
main,A05F,1.1438,20187.448
main,A05F,1.1773,17946.128
main,A05F,1.2119,16487.284
main,A05F,1.2474,14781.311
main,A05F,1.2840,15345.171
main,A05F,1.3216,15977.911
main,A05F,1.3604,16937.587
main,A05F,1.4003,15625.332
main,A05F,1.4414,15311.901
main,A05F,1.4836,15349.557
main,A05F,1.5271,15683.641
main,A05F,1.5719,17663.161
main,A05F,1.6180,18912.783
main,A05F,1.6655,21654.482
main,A05F,1.7143,22823.017
main,A05F,1.7646,21116.616
main,A05F,1.8163,24966.866
main,A05F,1.8696,28795.380
main,A05F,1.9244,30437.100
main,A05F,1.9808,31597.526
main,A05F,2.0389,32387.751
main,A05F,2.0987,33758.113
main,A05F,2.1602,32795.952
main,A05F,2.2236,31211.059
main,A05F,2.2888,33070.985
main,A05F,2.3559,33367.663
main,A05F,2.4250,29499.266
main,A05F,2.4961,28786.597
main,A05F,2.5693,29656.844
main,A05F,2.6447,29617.078
main,A05F,2.7222,29794.906
main,A05F,2.8020,29476.613
main,A05F,2.8842,29916.300
main,A05F,2.9688,30116.780
main,A05F,3.0558,28949.221
main,A05F,3.1454,31101.670
main,A05F,3.2377,31038.294
main,A05F,3.3326,28479.723
main,A05F,3.4304,27387.672
main,A05F,3.5310,26523.725
main,A05F,3.6345,26248.126
main,A05F,3.7411,26120.407
main,A05F,3.8508,25803.553
main,A05F,3.9637,27837.869
main,A05F,4.0799,26764.573
main,A05F,4.1996,25225.307
main,A05F,4.3227,25067.277
main,A05F,4.4495,25421.762
main,A05F,4.5800,25806.328
main,A05F,4.7143,28030.618
main,A05F,4.8525,29657.734
main,A05F,4.9948,34504.394
main,A05F,5.1413,34449.539
main,A05F,5.2921,36423.742
main,A05F,5.4472,41739.019
main,A05F,5.6070,44610.727
main,A05F,5.7714,43695.696
main,A05F,5.9406,40389.704
main,A05F,6.1148,38117.905
main,A05F,6.2942,36691.237
main,A05F,6.4787,35032.237
main,A05F,6.6687,31759.134
main,A05F,6.8643,32154.472
main,A05F,7.0656,30527.343
main,A05F,7.2728,28590.606
main,A05F,7.4860,27675.396
main,A05F,7.7056,27330.299
main,A05F,7.9315,28291.421
main,A05F,8.1641,27110.091
main,A05F,8.4035,26151.645
main,A05F,8.6499,24882.124
main,A05F,8.9036,23256.449
main,A05F,9.1647,21413.654
main,A05F,9.4334,20334.289
main,A05F,9.7101,19383.223
main,A05F,9.9948,18661.384
main,A05F,10.2879,17283.328
main,A05F,10.5896,16188.070
main,A05F,10.9001,14919.170
main,A05F,11.2198,14468.858
main,A05F,11.5488,13880.649
main,A05F,11.8874,14238.987
main,A05F,12.2360,13709.175
main,A05F,12.5949,12694.420
main,A05F,12.9642,12446.580
main,A05F,13.3444,11455.033
main,A05F,13.7357,10371.566
main,A05F,14.1385,9376.874
main,A05F,14.5531,8453.104
main,A05F,14.9798,7737.721
main,A05F,15.4191,6697.150
main,A05F,15.8713,6289.389
main,A05F,16.3367,5687.211
main,A05F,16.8157,5285.112
main,A05F,17.3089,4501.704
main,A05F,17.8164,4196.948
main,A05F,18.3389,3699.620
main,A05F,18.8767,3500.129
main,A05F,19.4302,3323.898
main,A05F,20.0000,3133.740
main,A06F,0.0200,28.142
main,A06F,0.0206,28.142
main,A06F,0.0212,28.142
main,A06F,0.0327,144.814
main,A06F,0.0336,144.814
main,A06F,0.0346,144.814
main,A06F,0.0357,144.814
main,A06F,0.0367,144.814
main,A06F,0.0389,225.687
main,A06F,0.0400,225.687
main,A06F,0.0412,225.687
main,A06F,0.0424,225.687
main,A06F,0.0490,418.045
main,A06F,0.0504,481.359
main,A06F,0.0519,481.359
main,A06F,0.0534,481.359
main,A06F,0.0550,481.359
main,A06F,0.0566,481.359
main,A06F,0.0583,517.548
main,A06F,0.0600,517.548
main,A06F,0.0617,517.548
main,A06F,0.0636,553.737
main,A06F,0.0654,177.641
main,A06F,0.0673,204.874
main,A06F,0.0693,204.874
main,A06F,0.0713,204.874
main,A06F,0.0734,204.874
main,A06F,0.0756,232.108
main,A06F,0.0778,272.615
main,A06F,0.0801,272.615
main,A06F,0.0824,221.342
main,A06F,0.0848,205.610
main,A06F,0.0873,245.952
main,A06F,0.0899,279.794
main,A06F,0.0925,279.794
main,A06F,0.0952,282.982
main,A06F,0.0980,320.215
main,A06F,0.1009,347.122
main,A06F,0.1039,347.122
main,A06F,0.1069,441.609
main,A06F,0.1101,441.609
main,A06F,0.1133,455.347
main,A06F,0.1166,436.862
main,A06F,0.1200,436.862
main,A06F,0.1235,449.313
main,A06F,0.1272,467.835
main,A06F,0.1309,605.053
main,A06F,0.1347,627.102
main,A06F,0.1387,615.505
main,A06F,0.1428,636.988
main,A06F,0.1469,769.461
main,A06F,0.1512,1320.059
main,A06F,0.1557,1320.059
main,A06F,0.1602,1320.059
main,A06F,0.1649,1644.923
main,A06F,0.1698,1912.412
main,A06F,0.1748,2028.714
main,A06F,0.1799,1496.561
main,A06F,0.1852,1496.561
main,A06F,0.1906,1476.160
main,A06F,0.1962,1445.015
main,A06F,0.2019,1484.207
main,A06F,0.2079,1484.207
main,A06F,0.2140,1049.844
main,A06F,0.2202,1077.807
main,A06F,0.2267,1068.680
main,A06F,0.2333,1225.318
main,A06F,0.2402,1249.112
main,A06F,0.2472,1357.998
main,A06F,0.2545,1330.905
main,A06F,0.2619,1418.178
main,A06F,0.2696,1430.302
main,A06F,0.2775,1742.968
main,A06F,0.2857,1729.616
main,A06F,0.2940,1711.311
main,A06F,0.3027,1736.203
main,A06F,0.3115,1737.903
main,A06F,0.3207,1774.585
main,A06F,0.3301,1804.882
main,A06F,0.3397,1794.693
main,A06F,0.3497,1929.597
main,A06F,0.3600,2256.577
main,A06F,0.3705,2399.570
main,A06F,0.3814,2447.285
main,A06F,0.3926,2442.737
main,A06F,0.4041,2401.287
main,A06F,0.4159,2466.112
main,A06F,0.4281,2759.313
main,A06F,0.4407,3129.794
main,A06F,0.4536,3549.063
main,A06F,0.4669,3398.245
main,A06F,0.4806,3592.131
main,A06F,0.4947,3958.105
main,A06F,0.5092,4169.524
main,A06F,0.5241,3904.926
main,A06F,0.5395,4513.177
main,A06F,0.5553,4509.420
main,A06F,0.5716,4852.251
main,A06F,0.5884,4362.271
main,A06F,0.6056,4422.583
main,A06F,0.6234,4528.314
main,A06F,0.6417,4513.961
main,A06F,0.6605,5272.205
main,A06F,0.6798,7094.211
main,A06F,0.6998,7950.007
main,A06F,0.7203,8344.364
main,A06F,0.7414,8345.663
main,A06F,0.7632,9114.160
main,A06F,0.7855,10377.902
main,A06F,0.8086,11223.965
main,A06F,0.8323,12446.601
main,A06F,0.8567,12662.820
main,A06F,0.8818,12112.816
main,A06F,0.9077,11074.878
main,A06F,0.9343,11519.140
main,A06F,0.9617,12046.229
main,A06F,0.9899,12162.667
main,A06F,1.0189,12048.724
main,A06F,1.0488,12625.076
main,A06F,1.0796,12767.825
main,A06F,1.1112,13440.928
main,A06F,1.1438,15337.665
main,A06F,1.1773,15711.027
main,A06F,1.2119,15422.668
main,A06F,1.2474,15707.857
main,A06F,1.2840,16754.071
main,A06F,1.3216,18087.134
main,A06F,1.3604,17755.018
main,A06F,1.4003,17656.596
main,A06F,1.4414,17621.850
main,A06F,1.4836,16588.615
main,A06F,1.5271,16778.090
main,A06F,1.5719,18189.378
main,A06F,1.6180,17948.947
main,A06F,1.6655,17876.078
main,A06F,1.7143,17494.460
main,A06F,1.7646,16927.508
main,A06F,1.8163,17309.451
main,A06F,1.8696,17882.215
main,A06F,1.9244,18197.925
main,A06F,1.9808,17785.698
main,A06F,2.0389,17297.781
main,A06F,2.0987,16874.757
main,A06F,2.1602,17060.282
main,A06F,2.2236,16835.014
main,A06F,2.2888,17532.319
main,A06F,2.3559,18276.465
main,A06F,2.4250,20268.804
main,A06F,2.4961,21410.292
main,A06F,2.5693,21781.789
main,A06F,2.6447,23920.299
main,A06F,2.7222,27061.134
main,A06F,2.8020,28938.065
main,A06F,2.8842,31955.845
main,A06F,2.9688,34889.393
main,A06F,3.0558,34811.640
main,A06F,3.1454,33291.088
main,A06F,3.2377,31208.445
main,A06F,3.3326,31340.925
main,A06F,3.4304,32026.081
main,A06F,3.5310,29157.355
main,A06F,3.6345,26804.955
main,A06F,3.7411,27127.362
main,A06F,3.8508,23585.556
main,A06F,3.9637,22159.471
main,A06F,4.0799,22606.868
main,A06F,4.1996,23798.777
main,A06F,4.3227,24135.987
main,A06F,4.4495,23459.280
main,A06F,4.5800,23575.319
main,A06F,4.7143,24003.359
main,A06F,4.8525,23002.350
main,A06F,4.9948,22642.962
main,A06F,5.1413,22377.979
main,A06F,5.2921,21914.986
main,A06F,5.4472,21630.886
main,A06F,5.6070,20402.296
main,A06F,5.7714,18607.456
main,A06F,5.9406,17527.405
main,A06F,6.1148,15901.379
main,A06F,6.2942,15696.583
main,A06F,6.4787,15133.115
main,A06F,6.6687,13101.700
main,A06F,6.8643,11994.029
main,A06F,7.0656,10900.693
main,A06F,7.2728,10134.724
main,A06F,7.4860,9375.586
main,A06F,7.7056,8684.920
main,A06F,7.9315,8354.976
main,A06F,8.1641,8228.105
main,A06F,8.4035,7875.886
main,A06F,8.6499,8070.617
main,A06F,8.9036,7796.312
main,A06F,9.1647,7833.788
main,A06F,9.4334,7887.949
main,A06F,9.7101,7793.249
main,A06F,9.9948,8257.367
main,A06F,10.2879,8260.124
main,A06F,10.5896,7762.097
main,A06F,10.9001,7127.824
main,A06F,11.2198,6403.603
main,A06F,11.5488,5616.743
main,A06F,11.8874,5048.494
main,A06F,12.2360,4485.232
main,A06F,12.5949,4143.303
main,A06F,12.9642,3507.399
main,A06F,13.3444,3045.234
main,A06F,13.7357,2578.400
main,A06F,14.1385,2498.343
main,A06F,14.5531,2381.648
main,A06F,14.9798,2377.377
main,A06F,15.4191,2249.689
main,A06F,15.8713,2068.183
main,A06F,16.3367,1867.544
main,A06F,16.8157,1702.532
main,A06F,17.3089,1606.701
main,A06F,17.8164,1393.677
main,A06F,18.3389,1296.337
main,A06F,18.8767,1159.041
main,A06F,19.4302,1056.778
main,A06F,20.0000,950.337
main,A07F,0.0200,19.559
main,A07F,0.0206,19.559
main,A07F,0.0212,19.559
main,A07F,0.0336,28.259
main,A07F,0.0346,28.259
main,A07F,0.0357,28.259
main,A07F,0.0367,28.259
main,A07F,0.0389,17.992
main,A07F,0.0400,17.992
main,A07F,0.0412,17.992
main,A07F,0.0424,17.992
main,A07F,0.0504,33.828
main,A07F,0.0519,33.828
main,A07F,0.0534,33.828
main,A07F,0.0550,33.828
main,A07F,0.0566,33.828
main,A07F,0.0583,27.230
main,A07F,0.0600,27.230
main,A07F,0.0617,27.230
main,A07F,0.0636,20.632
main,A07F,0.0673,78.739
main,A07F,0.0693,78.739
main,A07F,0.0713,78.739
main,A07F,0.0734,78.739
main,A07F,0.0756,105.235
main,A07F,0.0778,144.987
main,A07F,0.0801,144.987
main,A07F,0.0824,130.772
main,A07F,0.0848,130.772
main,A07F,0.0873,206.038
main,A07F,0.0899,213.764
main,A07F,0.0925,213.764
main,A07F,0.0952,213.819
main,A07F,0.0980,213.819
main,A07F,0.1009,203.698
main,A07F,0.1039,203.698
main,A07F,0.1069,241.830
main,A07F,0.1101,375.270
main,A07F,0.1133,429.035
main,A07F,0.1166,564.424
main,A07F,0.1200,564.424
main,A07F,0.1235,593.202
main,A07F,0.1272,616.086
main,A07F,0.1309,1469.951
main,A07F,0.1347,442.320
main,A07F,0.1387,477.119
main,A07F,0.1428,519.169
main,A07F,0.1469,519.169
main,A07F,0.1512,617.503
main,A07F,0.1557,557.105
main,A07F,0.1602,557.105
main,A07F,0.1649,746.636
main,A07F,0.1698,746.636
main,A07F,0.1748,1184.253
main,A07F,0.1799,1290.420
main,A07F,0.1852,852.922
main,A07F,0.1906,894.486
main,A07F,0.1962,940.612
main,A07F,0.2019,873.444
main,A07F,0.2079,873.444
main,A07F,0.2140,922.574
main,A07F,0.2202,738.276
main,A07F,0.2267,731.556
main,A07F,0.2333,803.692
main,A07F,0.2402,944.060
main,A07F,0.2472,838.775
main,A07F,0.2545,818.072
main,A07F,0.2619,924.112
main,A07F,0.2696,957.632
main,A07F,0.2775,1031.185
main,A07F,0.2857,1133.164
main,A07F,0.2940,1185.952
main,A07F,0.3027,1327.705
main,A07F,0.3115,1228.627
main,A07F,0.3207,1400.141
main,A07F,0.3301,1756.970
main,A07F,0.3397,1776.492
main,A07F,0.3497,1968.157
main,A07F,0.3600,1927.552
main,A07F,0.3705,1910.369
main,A07F,0.3814,1889.320
main,A07F,0.3926,1996.881
main,A07F,0.4041,1880.012
main,A07F,0.4159,1807.115
main,A07F,0.4281,1764.068
main,A07F,0.4407,1650.208
main,A07F,0.4536,1548.043
main,A07F,0.4669,1582.922
main,A07F,0.4806,1721.489
main,A07F,0.4947,1796.392
main,A07F,0.5092,1743.148
main,A07F,0.5241,1828.966
main,A07F,0.5395,1782.729
main,A07F,0.5553,1965.944
main,A07F,0.5716,2183.076
main,A07F,0.5884,2845.204
main,A07F,0.6056,3053.270
main,A07F,0.6234,3108.069
main,A07F,0.6417,3213.421
main,A07F,0.6605,3101.771
main,A07F,0.6798,3424.836
main,A07F,0.6998,3892.453
main,A07F,0.7203,4125.151
main,A07F,0.7414,4254.674
main,A07F,0.7632,4020.961
main,A07F,0.7855,4489.250
main,A07F,0.8086,4711.746
main,A07F,0.8323,4842.284
main,A07F,0.8567,5602.850
main,A07F,0.8818,6510.725
main,A07F,0.9077,7150.774
main,A07F,0.9343,7374.098
main,A07F,0.9617,7821.364
main,A07F,0.9899,8105.099
main,A07F,1.0189,8182.126
main,A07F,1.0488,7990.439
main,A07F,1.0796,8151.646
main,A07F,1.1112,8650.770
main,A07F,1.1438,9091.884
main,A07F,1.1773,9958.655
main,A07F,1.2119,11772.638
main,A07F,1.2474,12766.200
main,A07F,1.2840,12871.391
main,A07F,1.3216,12990.404
main,A07F,1.3604,13182.500
main,A07F,1.4003,13555.586
main,A07F,1.4414,13715.012
main,A07F,1.4836,12689.456
main,A07F,1.5271,11204.769
main,A07F,1.5719,11138.663
main,A07F,1.6180,9810.694
main,A07F,1.6655,9464.478
main,A07F,1.7143,8804.506
main,A07F,1.7646,8114.498
main,A07F,1.8163,7247.628
main,A07F,1.8696,6544.957
main,A07F,1.9244,6053.685
main,A07F,1.9808,5478.754
main,A07F,2.0389,5177.151
main,A07F,2.0987,4935.017
main,A07F,2.1602,4747.815
main,A07F,2.2236,4227.946
main,A07F,2.2888,3878.222
main,A07F,2.3559,3709.904
main,A07F,2.4250,3650.884
main,A07F,2.4961,3740.874
main,A07F,2.5693,3890.533
main,A07F,2.6447,3720.898
main,A07F,2.7222,3739.364
main,A07F,2.8020,3677.755
main,A07F,2.8842,3187.030
main,A07F,2.9688,3101.880
main,A07F,3.0558,2950.020
main,A07F,3.1454,3175.150
main,A07F,3.2377,3025.057
main,A07F,3.3326,2750.537
main,A07F,3.4304,2599.976
main,A07F,3.5310,2335.997
main,A07F,3.6345,2216.473
main,A07F,3.7411,2152.097
main,A07F,3.8508,2283.752
main,A07F,3.9637,2205.155
main,A07F,4.0799,2038.827
main,A07F,4.1996,2005.747
main,A07F,4.3227,1959.073
main,A07F,4.4495,1789.507
main,A07F,4.5800,1654.508
main,A07F,4.7143,1333.560
main,A07F,4.8525,1046.252
main,A07F,4.9948,721.562
main,A07F,5.1413,548.168
main,A07F,5.2921,503.787
main,A07F,5.4472,484.347
main,A07F,5.6070,461.161
main,A07F,5.7714,457.376
main,A07F,5.9406,473.495
main,A07F,6.1148,495.314
main,A07F,6.2942,574.441
main,A07F,6.4787,640.008
main,A07F,6.6687,825.771
main,A07F,6.8643,929.454
main,A07F,7.0656,950.323
main,A07F,7.2728,917.854
main,A07F,7.4860,849.531
main,A07F,7.7056,715.954
main,A07F,7.9315,665.022
main,A07F,8.1641,609.848
main,A07F,8.4035,591.221
main,A07F,8.6499,567.372
main,A07F,8.9036,515.987
main,A07F,9.1647,481.440
main,A07F,9.4334,445.418
main,A07F,9.7101,407.226
main,A07F,9.9948,408.021
main,A07F,10.2879,413.353
main,A07F,10.5896,397.036
main,A07F,10.9001,385.028
main,A07F,11.2198,334.595
main,A07F,11.5488,315.756
main,A07F,11.8874,302.362
main,A07F,12.2360,293.630
main,A07F,12.5949,293.011
main,A07F,12.9642,281.890
main,A07F,13.3444,265.739
main,A07F,13.7357,249.004
main,A07F,14.1385,222.484
main,A07F,14.5531,209.206
main,A07F,14.9798,203.529
main,A07F,15.4191,195.759
main,A07F,15.8713,191.066
main,A07F,16.3367,192.581
main,A07F,16.8157,183.817
main,A07F,17.3089,164.436
main,A07F,17.8164,152.900
main,A07F,18.3389,147.775
main,A07F,18.8767,143.655
main,A07F,19.4302,137.813
main,A07F,20.0000,130.719
main,A08F,0.0200,33.043
main,A08F,0.0309,104.881
main,A08F,0.0318,104.881
main,A08F,0.0327,104.881
main,A08F,0.0336,104.881
main,A08F,0.0346,104.881
main,A08F,0.0357,104.881
main,A08F,0.0367,104.881
main,A08F,0.0389,77.984
main,A08F,0.0400,77.984
main,A08F,0.0462,16.268
main,A08F,0.0476,28.170
main,A08F,0.0490,28.170
main,A08F,0.0504,40.072
main,A08F,0.0519,40.072
main,A08F,0.0534,40.072
main,A08F,0.0550,40.072
main,A08F,0.0566,40.072
main,A08F,0.0583,38.111
main,A08F,0.0600,38.111
main,A08F,0.0617,76.978
main,A08F,0.0636,84.374
main,A08F,0.0654,84.374
main,A08F,0.0673,90.539
main,A08F,0.0693,90.539
main,A08F,0.0713,90.539
main,A08F,0.0734,90.539
main,A08F,0.0756,96.703
main,A08F,0.0778,162.327
main,A08F,0.0801,162.327
main,A08F,0.0824,182.009
main,A08F,0.0848,182.009
main,A08F,0.0873,203.546
main,A08F,0.0899,245.152
main,A08F,0.0925,221.568
main,A08F,0.0952,241.331
main,A08F,0.0980,241.331
main,A08F,0.1009,275.454
main,A08F,0.1039,275.454
main,A08F,0.1069,199.744
main,A08F,0.1101,199.744
main,A08F,0.1133,211.358
main,A08F,0.1166,213.946
main,A08F,0.1200,213.946
main,A08F,0.1235,262.106
main,A08F,0.1272,258.502
main,A08F,0.1309,258.502
main,A08F,0.1347,300.561
main,A08F,0.1387,356.315
main,A08F,0.1428,462.273
main,A08F,0.1469,462.273
main,A08F,0.1512,540.874
main,A08F,0.1557,564.208
main,A08F,0.1602,564.208
main,A08F,0.1649,641.094
main,A08F,0.1698,692.683
main,A08F,0.1748,714.188
main,A08F,0.1799,762.262
main,A08F,0.1852,975.216
main,A08F,0.1906,918.250
main,A08F,0.1962,918.250
main,A08F,0.2019,860.410
main,A08F,0.2079,860.410
main,A08F,0.2140,914.570
main,A08F,0.2202,939.593
main,A08F,0.2267,930.061
main,A08F,0.2333,1161.501
main,A08F,0.2402,1110.705
main,A08F,0.2472,1055.739
main,A08F,0.2545,1156.548
main,A08F,0.2619,1127.319
main,A08F,0.2696,1228.324
main,A08F,0.2775,1351.228
main,A08F,0.2857,1331.324
main,A08F,0.2940,1377.702
main,A08F,0.3027,1338.108
main,A08F,0.3115,1515.577
main,A08F,0.3207,1835.111
main,A08F,0.3301,1928.509
main,A08F,0.3397,2055.806
main,A08F,0.3497,2570.505
main,A08F,0.3600,2613.296
main,A08F,0.3705,3121.719
main,A08F,0.3814,3400.725
main,A08F,0.3926,4197.745
main,A08F,0.4041,3674.699
main,A08F,0.4159,3471.865
main,A08F,0.4281,3564.522
main,A08F,0.4407,3277.757
main,A08F,0.4536,3604.454
main,A08F,0.4669,3218.487
main,A08F,0.4806,3538.966
main,A08F,0.4947,3679.365
main,A08F,0.5092,3594.375
main,A08F,0.5241,4129.129
main,A08F,0.5395,4235.148
main,A08F,0.5553,4679.978
main,A08F,0.5716,5503.596
main,A08F,0.5884,6298.888
main,A08F,0.6056,6269.433
main,A08F,0.6234,6744.966
main,A08F,0.6417,6998.798
main,A08F,0.6605,7091.296
main,A08F,0.6798,7145.379
main,A08F,0.6998,7311.333
main,A08F,0.7203,6874.384
main,A08F,0.7414,6168.063
main,A08F,0.7632,5888.573
main,A08F,0.7855,5783.804
main,A08F,0.8086,5360.200
main,A08F,0.8323,5197.574
main,A08F,0.8567,4706.417
main,A08F,0.8818,5045.453
main,A08F,0.9077,5006.317
main,A08F,0.9343,5183.707
main,A08F,0.9617,5637.809
main,A08F,0.9899,5989.722
main,A08F,1.0189,6249.446
main,A08F,1.0488,6786.897
main,A08F,1.0796,6837.657
main,A08F,1.1112,7181.150
main,A08F,1.1438,8086.451
main,A08F,1.1773,8471.216
main,A08F,1.2119,8983.787
main,A08F,1.2474,8521.072
main,A08F,1.2840,8425.475
main,A08F,1.3216,9574.463
main,A08F,1.3604,11239.510
main,A08F,1.4003,11239.102
main,A08F,1.4414,12197.468
main,A08F,1.4836,12336.262
main,A08F,1.5271,13116.164
main,A08F,1.5719,14012.433
main,A08F,1.6180,14494.240
main,A08F,1.6655,15882.416
main,A08F,1.7143,17955.351
main,A08F,1.7646,19383.967
main,A08F,1.8163,21061.806
main,A08F,1.8696,22328.827
main,A08F,1.9244,24462.178
main,A08F,1.9808,26082.880
main,A08F,2.0389,27248.486
main,A08F,2.0987,28781.168
main,A08F,2.1602,27932.849
main,A08F,2.2236,28159.038
main,A08F,2.2888,28225.678
main,A08F,2.3559,25944.452
main,A08F,2.4250,27039.320
main,A08F,2.4961,27236.620
main,A08F,2.5693,28744.792
main,A08F,2.6447,28853.996
main,A08F,2.7222,28400.000
main,A08F,2.8020,29315.653
main,A08F,2.8842,29132.115
main,A08F,2.9688,28611.571
main,A08F,3.0558,28168.231
main,A08F,3.1454,27029.589
main,A08F,3.2377,25016.334
main,A08F,3.3326,23709.649
main,A08F,3.4304,21339.783
main,A08F,3.5310,20718.138
main,A08F,3.6345,19795.797
main,A08F,3.7411,19377.395
main,A08F,3.8508,19175.087
main,A08F,3.9637,20340.387
main,A08F,4.0799,20889.961
main,A08F,4.1996,22060.265
main,A08F,4.3227,22668.733
main,A08F,4.4495,23724.521
main,A08F,4.5800,24880.042
main,A08F,4.7143,25449.766
main,A08F,4.8525,24923.729
main,A08F,4.9948,24946.524
main,A08F,5.1413,25903.104
main,A08F,5.2921,26271.464
main,A08F,5.4472,27435.545
main,A08F,5.6070,29385.774
main,A08F,5.7714,30459.606
main,A08F,5.9406,32651.039
main,A08F,6.1148,32913.607
main,A08F,6.2942,33024.541
main,A08F,6.4787,33620.615
main,A08F,6.6687,31359.930
main,A08F,6.8643,30668.247
main,A08F,7.0656,30155.734
main,A08F,7.2728,28599.087
main,A08F,7.4860,25643.963
main,A08F,7.7056,23879.007
main,A08F,7.9315,22441.034
main,A08F,8.1641,22106.492
main,A08F,8.4035,19957.461
main,A08F,8.6499,19894.667
main,A08F,8.9036,18190.120
main,A08F,9.1647,17658.414
main,A08F,9.4334,17227.264
main,A08F,9.7101,16684.232
main,A08F,9.9948,15582.441
main,A08F,10.2879,14521.458
main,A08F,10.5896,13468.936
main,A08F,10.9001,13354.201
main,A08F,11.2198,13762.171
main,A08F,11.5488,13518.765
main,A08F,11.8874,14095.804
main,A08F,12.2360,13876.060
main,A08F,12.5949,13681.714
main,A08F,12.9642,13945.263
main,A08F,13.3444,13955.385
main,A08F,13.7357,14057.545
main,A08F,14.1385,13946.495
main,A08F,14.5531,13773.120
main,A08F,14.9798,12854.448
main,A08F,15.4191,12930.753
main,A08F,15.8713,12160.466
main,A08F,16.3367,10564.558
main,A08F,16.8157,9721.934
main,A08F,17.3089,9197.277
main,A08F,17.8164,8658.561
main,A08F,18.3389,8039.631
main,A08F,18.8767,6931.404
main,A08F,19.4302,6522.881
main,A08F,20.0000,5801.131
main,A09F,0.0291,101.183
main,A09F,0.0300,101.183
main,A09F,0.0309,101.183
main,A09F,0.0318,101.183
main,A09F,0.0327,101.183
main,A09F,0.0336,101.183
main,A09F,0.0346,101.183
main,A09F,0.0534,249.667
main,A09F,0.0550,249.667
main,A09F,0.0566,249.667
main,A09F,0.0583,348.979
main,A09F,0.0600,348.979
main,A09F,0.0617,348.979
main,A09F,0.0636,448.292
main,A09F,0.0654,448.292
main,A09F,0.0673,540.250
main,A09F,0.0693,540.250
main,A09F,0.0801,3876.456
main,A09F,0.0824,3876.456
main,A09F,0.0848,3876.456
main,A09F,0.0873,3735.548
main,A09F,0.0899,4055.351
main,A09F,0.0925,4055.351
main,A09F,0.0952,4030.477
main,A09F,0.0980,4030.477
main,A09F,0.1009,3717.231
main,A09F,0.1039,3717.231
main,A09F,0.1069,2202.220
main,A09F,0.1101,2202.220
main,A09F,0.1133,2302.804
main,A09F,0.1166,2211.961
main,A09F,0.1200,2211.961
main,A09F,0.1235,2058.362
main,A09F,0.1272,2087.249
main,A09F,0.1309,2087.249
main,A09F,0.1347,1003.617
main,A09F,0.1387,877.229
main,A09F,0.1428,589.260
main,A09F,0.1469,589.260
main,A09F,0.1512,512.239
main,A09F,0.1557,512.239
main,A09F,0.1602,559.866
main,A09F,0.1649,506.056
main,A09F,0.1698,506.056
main,A09F,0.1748,629.287
main,A09F,0.1799,1428.848
main,A09F,0.1852,1428.848
main,A09F,0.1906,1071.389
main,A09F,0.1962,1071.389
main,A09F,0.2019,1210.451
main,A09F,0.2079,1210.451
main,A09F,0.2140,2141.974
main,A09F,0.2202,2359.692
main,A09F,0.2267,2420.518
main,A09F,0.2333,2446.799
main,A09F,0.2402,3300.987
main,A09F,0.2472,6150.262
main,A09F,0.2545,6513.613
main,A09F,0.2619,6643.336
main,A09F,0.2696,3897.264
main,A09F,0.2775,4190.006
main,A09F,0.2857,3678.148
main,A09F,0.2940,3437.842
main,A09F,0.3027,3642.780
main,A09F,0.3115,3642.780
main,A09F,0.3207,3256.170
main,A09F,0.3301,3220.230
main,A09F,0.3397,3101.865
main,A09F,0.3497,2481.429
main,A09F,0.3600,2254.082
main,A09F,0.3705,2081.093
main,A09F,0.3814,2332.907
main,A09F,0.3926,2475.917
main,A09F,0.4041,2352.930
main,A09F,0.4159,2468.985
main,A09F,0.4281,3734.517
main,A09F,0.4407,3826.049
main,A09F,0.4536,3859.864
main,A09F,0.4669,4814.249
main,A09F,0.4806,5434.091
main,A09F,0.4947,5133.538
main,A09F,0.5092,4825.843
main,A09F,0.5241,4804.180
main,A09F,0.5395,4455.951
main,A09F,0.5553,4337.200
main,A09F,0.5716,3730.075
main,A09F,0.5884,3380.720
main,A09F,0.6056,3464.458
main,A09F,0.6234,3031.751
main,A09F,0.6417,2764.697
main,A09F,0.6605,2619.959
main,A09F,0.6798,2737.538
main,A09F,0.6998,2426.259
main,A09F,0.7203,2527.652
main,A09F,0.7414,2468.694
main,A09F,0.7632,2597.321
main,A09F,0.7855,2671.893
main,A09F,0.8086,2949.816
main,A09F,0.8323,3086.621
main,A09F,0.8567,3222.858
main,A09F,0.8818,3521.258
main,A09F,0.9077,3696.021
main,A09F,0.9343,3636.229
main,A09F,0.9617,3696.033
main,A09F,0.9899,4139.484
main,A09F,1.0189,4516.778
main,A09F,1.0488,5050.458
main,A09F,1.0796,5535.513
main,A09F,1.1112,5662.430
main,A09F,1.1438,5588.100
main,A09F,1.1773,5176.429
main,A09F,1.2119,5291.025
main,A09F,1.2474,5818.265
main,A09F,1.2840,6021.276
main,A09F,1.3216,5372.801
main,A09F,1.3604,4900.060
main,A09F,1.4003,4468.996
main,A09F,1.4414,3887.919
main,A09F,1.4836,3824.544
main,A09F,1.5271,3653.127
main,A09F,1.5719,3288.564
main,A09F,1.6180,2948.763
main,A09F,1.6655,2907.436
main,A09F,1.7143,2569.513
main,A09F,1.7646,2634.309
main,A09F,1.8163,2578.714
main,A09F,1.8696,2557.026
main,A09F,1.9244,2375.085
main,A09F,1.9808,2276.206
main,A09F,2.0389,2287.682
main,A09F,2.0987,2282.571
main,A09F,2.1602,2185.360
main,A09F,2.2236,2315.059
main,A09F,2.2888,2317.466
main,A09F,2.3559,2087.704
main,A09F,2.4250,1938.071
main,A09F,2.4961,1907.362
main,A09F,2.5693,1815.480
main,A09F,2.6447,1596.404
main,A09F,2.7222,1457.895
main,A09F,2.8020,1320.549
main,A09F,2.8842,1237.417
main,A09F,2.9688,1026.257
main,A09F,3.0558,923.157
main,A09F,3.1454,899.022
main,A09F,3.2377,841.278
main,A09F,3.3326,802.850
main,A09F,3.4304,743.304
main,A09F,3.5310,740.810
main,A09F,3.6345,704.972
main,A09F,3.7411,660.044
main,A09F,3.8508,598.878
main,A09F,3.9637,544.920
main,A09F,4.0799,491.393
main,A09F,4.1996,466.705
main,A09F,4.3227,425.745
main,A09F,4.4495,377.549
main,A09F,4.5800,365.504
main,A09F,4.7143,328.220
main,A09F,4.8525,296.020
main,A09F,4.9948,253.947
main,A09F,5.1413,234.490
main,A09F,5.2921,219.664
main,A09F,5.4472,204.650
main,A09F,5.6070,174.465
main,A09F,5.7714,161.526
main,A09F,5.9406,143.841
main,A09F,6.1148,126.973
main,A09F,6.2942,109.263
main,A09F,6.4787,99.353
main,A09F,6.6687,96.429
main,A09F,6.8643,87.791
main,A09F,7.0656,77.981
main,A09F,7.2728,70.095
main,A09F,7.4860,62.668
main,A09F,7.7056,54.766
main,A09F,7.9315,47.415
main,A09F,8.1641,43.709
main,A09F,8.4035,39.569
main,A09F,8.6499,33.863
main,A09F,8.9036,28.364
main,A09F,9.1647,21.522
main,A09F,9.4334,15.962
main,A09F,9.7101,14.326
main,A09F,9.9948,11.936
main,A09F,10.2879,9.148
main,A09F,10.5896,6.405
main,A09F,10.9001,5.502
main,A09F,11.2198,5.032
main,A09F,11.5488,4.659
main,A09F,11.8874,4.377
main,A09F,12.2360,4.321
main,A09F,12.5949,4.192
main,A09F,12.9642,4.105
main,A09F,13.3444,4.130
main,A09F,13.7357,4.838
main,A09F,14.1385,5.420
main,A09F,14.5531,5.318
main,A09F,14.9798,4.716
main,A09F,15.4191,4.384
main,A09F,15.8713,4.052
main,A09F,16.3367,3.776
main,A09F,16.8157,3.354
main,A09F,17.3089,3.038
main,A09F,17.8164,2.735
main,A09F,18.3389,2.508
main,A09F,18.8767,2.256
main,A09F,19.4302,2.171
main,A09F,20.0000,1.999
main,A10F,0.0476,82.500
main,A10F,0.0490,82.500
main,A10F,0.0504,87.918
main,A10F,0.0519,87.918
main,A10F,0.0534,87.918
main,A10F,0.0550,87.918
main,A10F,0.0566,87.918
main,A10F,0.0583,92.248
main,A10F,0.0600,92.248
main,A10F,0.0952,205.054
main,A10F,0.0980,205.054
main,A10F,0.1009,235.136
main,A10F,0.1039,235.136
main,A10F,0.1069,229.653
main,A10F,0.1101,229.653
main,A10F,0.1133,245.528
main,A10F,0.1166,233.007
main,A10F,0.1200,233.007
main,A10F,0.1428,169.571
main,A10F,0.1469,169.571
main,A10F,0.1512,188.813
main,A10F,0.1557,188.813
main,A10F,0.1602,188.813
main,A10F,0.1649,208.567
main,A10F,0.1698,208.567
main,A10F,0.1748,199.330
main,A10F,0.1799,219.188
main,A10F,0.1906,451.137
main,A10F,0.1962,451.137
main,A10F,0.2019,411.332
main,A10F,0.2079,411.332
main,A10F,0.2140,411.570
main,A10F,0.2202,455.080
main,A10F,0.2267,491.984
main,A10F,0.2333,425.137
main,A10F,0.2402,463.270
main,A10F,0.2472,481.236
main,A10F,0.2545,501.137
main,A10F,0.2619,535.509
main,A10F,0.2696,576.745
main,A10F,0.2775,585.129
main,A10F,0.2857,679.069
main,A10F,0.2940,711.199
main,A10F,0.3027,743.895
main,A10F,0.3115,920.410
main,A10F,0.3207,907.935
main,A10F,0.3301,860.940
main,A10F,0.3397,838.118
main,A10F,0.3497,847.074
main,A10F,0.3600,895.611
main,A10F,0.3705,1007.046
main,A10F,0.3814,1127.684
main,A10F,0.3926,1119.593
main,A10F,0.4041,1299.142
main,A10F,0.4159,1466.401
main,A10F,0.4281,1652.952
main,A10F,0.4407,1897.060
main,A10F,0.4536,1978.125
main,A10F,0.4669,1851.257
main,A10F,0.4806,1895.131
main,A10F,0.4947,2016.105
main,A10F,0.5092,2030.942
main,A10F,0.5241,2547.969
main,A10F,0.5395,2566.256
main,A10F,0.5553,3009.947
main,A10F,0.5716,2622.326
main,A10F,0.5884,2645.179
main,A10F,0.6056,2529.899
main,A10F,0.6234,2734.887
main,A10F,0.6417,2717.419
main,A10F,0.6605,2762.456
main,A10F,0.6798,2469.976
main,A10F,0.6998,2616.936
main,A10F,0.7203,2522.116
main,A10F,0.7414,2685.015
main,A10F,0.7632,2839.479
main,A10F,0.7855,2819.120
main,A10F,0.8086,3364.214
main,A10F,0.8323,3788.192
main,A10F,0.8567,4403.321
main,A10F,0.8818,4362.954
main,A10F,0.9077,4501.801
main,A10F,0.9343,4785.622
main,A10F,0.9617,4908.747
main,A10F,0.9899,5122.906
main,A10F,1.0189,5305.144
main,A10F,1.0488,5457.077
main,A10F,1.0796,4756.939
main,A10F,1.1112,4524.942
main,A10F,1.1438,4017.322
main,A10F,1.1773,3799.272
main,A10F,1.2119,3991.522
main,A10F,1.2474,3830.760
main,A10F,1.2840,3745.224
main,A10F,1.3216,3998.948
main,A10F,1.3604,4794.787
main,A10F,1.4003,4987.978
main,A10F,1.4414,5475.136
main,A10F,1.4836,5843.586
main,A10F,1.5271,6059.984
main,A10F,1.5719,6543.053
main,A10F,1.6180,6942.256
main,A10F,1.6655,7482.808
main,A10F,1.7143,7149.159
main,A10F,1.7646,6928.485
main,A10F,1.8163,6904.560
main,A10F,1.8696,7026.187
main,A10F,1.9244,6677.890
main,A10F,1.9808,6385.460
main,A10F,2.0389,6658.232
main,A10F,2.0987,6624.945
main,A10F,2.1602,6854.847
main,A10F,2.2236,7496.257
main,A10F,2.2888,7313.843
main,A10F,2.3559,7176.655
main,A10F,2.4250,6784.522
main,A10F,2.4961,6749.008
main,A10F,2.5693,6757.461
main,A10F,2.6447,6608.541
main,A10F,2.7222,6624.866
main,A10F,2.8020,6662.253
main,A10F,2.8842,5964.155
main,A10F,2.9688,5761.390
main,A10F,3.0558,5894.254
main,A10F,3.1454,5574.254
main,A10F,3.2377,5157.482
main,A10F,3.3326,5096.552
main,A10F,3.4304,5060.620
main,A10F,3.5310,5173.719
main,A10F,3.6345,5403.192
main,A10F,3.7411,5143.427
main,A10F,3.8508,5378.880
main,A10F,3.9637,5609.743
main,A10F,4.0799,5561.850
main,A10F,4.1996,5636.062
main,A10F,4.3227,5666.197
main,A10F,4.4495,5859.522
main,A10F,4.5800,6134.305
main,A10F,4.7143,6053.045
main,A10F,4.8525,6065.847
main,A10F,4.9948,6339.807
main,A10F,5.1413,6571.338
main,A10F,5.2921,6508.972
main,A10F,5.4472,6673.131
main,A10F,5.6070,7116.683
main,A10F,5.7714,7505.014
main,A10F,5.9406,7598.883
main,A10F,6.1148,7587.836
main,A10F,6.2942,7508.123
main,A10F,6.4787,7228.167
main,A10F,6.6687,7290.884
main,A10F,6.8643,7178.718
main,A10F,7.0656,7716.915
main,A10F,7.2728,7595.643
main,A10F,7.4860,7931.071
main,A10F,7.7056,7969.366
main,A10F,7.9315,8461.333
main,A10F,8.1641,8769.494
main,A10F,8.4035,8783.932
main,A10F,8.6499,8830.108
main,A10F,8.9036,8306.453
main,A10F,9.1647,8320.830
main,A10F,9.4334,7927.260
main,A10F,9.7101,7769.482
main,A10F,9.9948,7483.719
main,A10F,10.2879,7260.779
main,A10F,10.5896,6755.453
main,A10F,10.9001,6382.899
main,A10F,11.2198,6253.084
main,A10F,11.5488,6084.780
main,A10F,11.8874,6042.793
main,A10F,12.2360,5838.314
main,A10F,12.5949,5754.483
main,A10F,12.9642,5415.180
main,A10F,13.3444,5286.498
main,A10F,13.7357,5472.734
main,A10F,14.1385,5392.660
main,A10F,14.5531,5466.521
main,A10F,14.9798,5477.624
main,A10F,15.4191,5276.867
main,A10F,15.8713,4978.878
main,A10F,16.3367,4771.765
main,A10F,16.8157,4724.899
main,A10F,17.3089,4817.706
main,A10F,17.8164,4734.011
main,A10F,18.3389,4470.576
main,A10F,18.8767,4012.313
main,A10F,19.4302,3599.081
main,A10F,20.0000,3018.630
main,A11F,0.0200,3.327
main,A11F,0.0206,3.327
main,A11F,0.0212,3.327
main,A11F,0.0218,3.327
main,A11F,0.0225,3.327
main,A11F,0.0346,5.717
main,A11F,0.0357,5.717
main,A11F,0.0367,5.717
main,A11F,0.0389,14.827
main,A11F,0.0400,14.827
main,A11F,0.0412,14.827
main,A11F,0.0424,14.827
main,A11F,0.0436,14.827
main,A11F,0.0449,14.827
main,A11F,0.0519,11.627
main,A11F,0.0534,11.627
main,A11F,0.0550,11.627
main,A11F,0.0566,11.627
main,A11F,0.0583,25.133
main,A11F,0.0600,25.133
main,A11F,0.0617,25.133
main,A11F,0.0636,38.639
main,A11F,0.0654,38.639
main,A11F,0.0673,27.070
main,A11F,0.0693,37.575
main,A11F,0.0713,37.575
main,A11F,0.0734,37.575
main,A11F,0.0756,24.192
main,A11F,0.0778,35.335
main,A11F,0.0801,35.335
main,A11F,0.0824,35.335
main,A11F,0.0848,35.335
main,A11F,0.0873,34.819
main,A11F,0.0899,43.061
main,A11F,0.0925,41.386
main,A11F,0.0952,48.336
main,A11F,0.0980,48.336
main,A11F,0.1009,53.272
main,A11F,0.1039,80.371
main,A11F,0.1069,105.258
main,A11F,0.1101,105.258
main,A11F,0.1133,124.388
main,A11F,0.1166,294.535
main,A11F,0.1200,294.535
main,A11F,0.1235,150.957
main,A11F,0.1272,163.986
main,A11F,0.1309,163.986
main,A11F,0.1347,165.274
main,A11F,0.1387,106.751
main,A11F,0.1428,104.667
main,A11F,0.1469,104.667
main,A11F,0.1512,120.779
main,A11F,0.1557,120.063
main,A11F,0.1602,119.218
main,A11F,0.1649,134.344
main,A11F,0.1698,134.344
main,A11F,0.1748,180.343
main,A11F,0.1799,193.035
main,A11F,0.1852,221.930
main,A11F,0.1906,246.522
main,A11F,0.1962,246.522
main,A11F,0.2019,215.013
main,A11F,0.2079,339.382
main,A11F,0.2140,338.426
main,A11F,0.2202,356.420
main,A11F,0.2267,361.343
main,A11F,0.2333,377.031
main,A11F,0.2402,374.925
main,A11F,0.2472,384.941
main,A11F,0.2545,427.968
main,A11F,0.2619,301.831
main,A11F,0.2696,314.731
main,A11F,0.2775,329.191
main,A11F,0.2857,353.764
main,A11F,0.2940,314.864
main,A11F,0.3027,277.297
main,A11F,0.3115,265.131
main,A11F,0.3207,237.378
main,A11F,0.3301,246.135
main,A11F,0.3397,259.446
main,A11F,0.3497,338.611
main,A11F,0.3600,357.115
main,A11F,0.3705,362.786
main,A11F,0.3814,341.461
main,A11F,0.3926,350.480
main,A11F,0.4041,342.924
main,A11F,0.4159,409.359
main,A11F,0.4281,420.307
main,A11F,0.4407,418.191
main,A11F,0.4536,376.815
main,A11F,0.4669,356.265
main,A11F,0.4806,313.654
main,A11F,0.4947,302.777
main,A11F,0.5092,270.170
main,A11F,0.5241,280.434
main,A11F,0.5395,290.660
main,A11F,0.5553,313.013
main,A11F,0.5716,336.838
main,A11F,0.5884,335.150
main,A11F,0.6056,347.093
main,A11F,0.6234,386.154
main,A11F,0.6417,424.262
main,A11F,0.6605,411.357
main,A11F,0.6798,490.544
main,A11F,0.6998,501.810
main,A11F,0.7203,598.836
main,A11F,0.7414,607.614
main,A11F,0.7632,814.918
main,A11F,0.7855,938.779
main,A11F,0.8086,1169.517
main,A11F,0.8323,1187.277
main,A11F,0.8567,1186.956
main,A11F,0.8818,1542.990
main,A11F,0.9077,1652.783
main,A11F,0.9343,1704.264
main,A11F,0.9617,1747.329
main,A11F,0.9899,1764.407
main,A11F,1.0189,1661.217
main,A11F,1.0488,1602.879
main,A11F,1.0796,1588.345
main,A11F,1.1112,1596.260
main,A11F,1.1438,1564.881
main,A11F,1.1773,1494.350
main,A11F,1.2119,1622.429
main,A11F,1.2474,1705.372
main,A11F,1.2840,1721.922
main,A11F,1.3216,1754.678
main,A11F,1.3604,1872.313
main,A11F,1.4003,1924.845
main,A11F,1.4414,1970.684
main,A11F,1.4836,1878.127
main,A11F,1.5271,1833.431
main,A11F,1.5719,2034.350
main,A11F,1.6180,1844.497
main,A11F,1.6655,1738.150
main,A11F,1.7143,1732.418
main,A11F,1.7646,1602.179
main,A11F,1.8163,1586.697
main,A11F,1.8696,1493.158
main,A11F,1.9244,1501.861
main,A11F,1.9808,1589.614
main,A11F,2.0389,1683.571
main,A11F,2.0987,1544.034
main,A11F,2.1602,1658.786
main,A11F,2.2236,1652.286
main,A11F,2.2888,1721.471
main,A11F,2.3559,1746.197
main,A11F,2.4250,1853.741
main,A11F,2.4961,2126.722
main,A11F,2.5693,2564.297
main,A11F,2.6447,2824.464
main,A11F,2.7222,2872.280
main,A11F,2.8020,2839.177
main,A11F,2.8842,2866.623
main,A11F,2.9688,2851.545
main,A11F,3.0558,2900.497
main,A11F,3.1454,2824.917
main,A11F,3.2377,3007.549
main,A11F,3.3326,2979.068
main,A11F,3.4304,2660.428
main,A11F,3.5310,2687.205
main,A11F,3.6345,2552.013
main,A11F,3.7411,2644.098
main,A11F,3.8508,2494.932
main,A11F,3.9637,2616.911
main,A11F,4.0799,2414.718
main,A11F,4.1996,2483.040
main,A11F,4.3227,2460.076
main,A11F,4.4495,2380.307
main,A11F,4.5800,2681.542
main,A11F,4.7143,2626.505
main,A11F,4.8525,2618.621
main,A11F,4.9948,2699.050
main,A11F,5.1413,2748.721
main,A11F,5.2921,2679.541
main,A11F,5.4472,2685.041
main,A11F,5.6070,2651.674
main,A11F,5.7714,2737.493
main,A11F,5.9406,2632.695
main,A11F,6.1148,2441.545
main,A11F,6.2942,2449.328
main,A11F,6.4787,2438.911
main,A11F,6.6687,2372.372
main,A11F,6.8643,2398.721
main,A11F,7.0656,2359.543
main,A11F,7.2728,2410.038
main,A11F,7.4860,2460.103
main,A11F,7.7056,2320.444
main,A11F,7.9315,2304.746
main,A11F,8.1641,2397.230
main,A11F,8.4035,2497.514
main,A11F,8.6499,2492.461
main,A11F,8.9036,2490.762
main,A11F,9.1647,2406.073
main,A11F,9.4334,2166.109
main,A11F,9.7101,2071.772
main,A11F,9.9948,2028.269
main,A11F,10.2879,1892.008
main,A11F,10.5896,1789.506
main,A11F,10.9001,1683.382
main,A11F,11.2198,1584.194
main,A11F,11.5488,1538.304
main,A11F,11.8874,1487.169
main,A11F,12.2360,1468.421
main,A11F,12.5949,1426.785
main,A11F,12.9642,1330.407
main,A11F,13.3444,1302.455
main,A11F,13.7357,1274.043
main,A11F,14.1385,1246.128
main,A11F,14.5531,1195.699
main,A11F,14.9798,1081.559
main,A11F,15.4191,978.411
main,A11F,15.8713,920.074
main,A11F,16.3367,809.121
main,A11F,16.8157,724.708
main,A11F,17.3089,687.402
main,A11F,17.8164,630.896
main,A11F,18.3389,586.166
main,A11F,18.8767,512.281
main,A11F,19.4302,464.307
main,A11F,20.0000,434.182
main,A12F,0.0200,49.002
main,A12F,0.0206,49.002
main,A12F,0.0212,49.002
main,A12F,0.0327,228.065
main,A12F,0.0336,228.065
main,A12F,0.0346,228.065
main,A12F,0.0357,228.065
main,A12F,0.0367,228.065
main,A12F,0.0389,257.452
main,A12F,0.0400,257.452
main,A12F,0.0412,257.452
main,A12F,0.0424,257.452
main,A12F,0.0490,119.820
main,A12F,0.0504,158.444
main,A12F,0.0519,158.444
main,A12F,0.0534,158.444
main,A12F,0.0550,158.444
main,A12F,0.0566,158.444
main,A12F,0.0583,163.393
main,A12F,0.0600,163.393
main,A12F,0.0617,163.393
main,A12F,0.0636,168.343
main,A12F,0.0654,133.228
main,A12F,0.0673,194.426
main,A12F,0.0693,194.426
main,A12F,0.0713,194.426
main,A12F,0.0734,194.426
main,A12F,0.0756,255.623
main,A12F,0.0778,268.476
main,A12F,0.0801,268.476
main,A12F,0.0824,360.388
main,A12F,0.0848,360.388
main,A12F,0.0873,585.292
main,A12F,0.0899,615.434
main,A12F,0.0925,615.434
main,A12F,0.0952,654.859
main,A12F,0.0980,529.315
main,A12F,0.1009,543.439
main,A12F,0.1039,543.439
main,A12F,0.1069,590.494
main,A12F,0.1101,541.266
main,A12F,0.1133,596.437
main,A12F,0.1166,792.150
main,A12F,0.1200,792.150
main,A12F,0.1235,834.649
main,A12F,0.1272,871.529
main,A12F,0.1309,631.553
main,A12F,0.1347,684.683
main,A12F,0.1387,715.807
main,A12F,0.1428,733.349
main,A12F,0.1469,711.592
main,A12F,0.1512,688.606
main,A12F,0.1557,688.606
main,A12F,0.1602,688.606
main,A12F,0.1649,839.458
main,A12F,0.1698,839.458
main,A12F,0.1748,998.815
main,A12F,0.1799,1360.958
main,A12F,0.1852,1360.958
main,A12F,0.1906,1368.162
main,A12F,0.1962,2217.581
main,A12F,0.2019,2308.376
main,A12F,0.2079,2308.376
main,A12F,0.2140,2091.062
main,A12F,0.2202,2008.589
main,A12F,0.2267,2106.456
main,A12F,0.2333,1650.716
main,A12F,0.2402,1293.984
main,A12F,0.2472,1344.716
main,A12F,0.2545,1380.904
main,A12F,0.2619,1486.570
main,A12F,0.2696,1448.551
main,A12F,0.2775,1496.153
main,A12F,0.2857,1652.398
main,A12F,0.2940,1557.667
main,A12F,0.3027,1719.473
main,A12F,0.3115,1750.356
main,A12F,0.3207,1782.549
main,A12F,0.3301,2057.196
main,A12F,0.3397,2259.044
main,A12F,0.3497,2299.666
main,A12F,0.3600,2655.765
main,A12F,0.3705,2901.671
main,A12F,0.3814,3404.404
main,A12F,0.3926,4038.040
main,A12F,0.4041,4256.786
main,A12F,0.4159,4448.113
main,A12F,0.4281,4442.816
main,A12F,0.4407,4405.237
main,A12F,0.4536,4786.293
main,A12F,0.4669,4341.530
main,A12F,0.4806,4058.085
main,A12F,0.4947,3511.380
main,A12F,0.5092,3381.543
main,A12F,0.5241,3786.767
main,A12F,0.5395,4587.775
main,A12F,0.5553,5479.292
main,A12F,0.5716,6142.182
main,A12F,0.5884,7290.482
main,A12F,0.6056,8023.129
main,A12F,0.6234,8398.568
main,A12F,0.6417,8856.286
main,A12F,0.6605,8886.671
main,A12F,0.6798,9288.855
main,A12F,0.6998,10077.067
main,A12F,0.7203,10222.849
main,A12F,0.7414,10441.041
main,A12F,0.7632,10927.653
main,A12F,0.7855,11139.572
main,A12F,0.8086,11870.141
main,A12F,0.8323,12039.039
main,A12F,0.8567,13132.347
main,A12F,0.8818,15656.271
main,A12F,0.9077,16852.497
main,A12F,0.9343,17169.538
main,A12F,0.9617,17672.797
main,A12F,0.9899,18413.831
main,A12F,1.0189,19589.530
main,A12F,1.0488,20069.719
main,A12F,1.0796,20972.511
main,A12F,1.1112,21988.427
main,A12F,1.1438,23661.619
main,A12F,1.1773,24562.299
main,A12F,1.2119,25138.366
main,A12F,1.2474,24929.816
main,A12F,1.2840,23173.723
main,A12F,1.3216,21861.003
main,A12F,1.3604,20927.935
main,A12F,1.4003,20069.456
main,A12F,1.4414,20224.498
main,A12F,1.4836,19558.136
main,A12F,1.5271,18572.278
main,A12F,1.5719,17951.221
main,A12F,1.6180,17083.779
main,A12F,1.6655,17027.765
main,A12F,1.7143,18732.060
main,A12F,1.7646,18700.247
main,A12F,1.8163,18807.653
main,A12F,1.8696,19586.260
main,A12F,1.9244,19099.426
main,A12F,1.9808,17856.769
main,A12F,2.0389,16267.399
main,A12F,2.0987,16253.566
main,A12F,2.1602,15889.533
main,A12F,2.2236,16178.332
main,A12F,2.2888,14895.525
main,A12F,2.3559,15001.812
main,A12F,2.4250,15366.694
main,A12F,2.4961,15354.391
main,A12F,2.5693,15027.990
main,A12F,2.6447,14643.715
main,A12F,2.7222,14277.572
main,A12F,2.8020,13810.098
main,A12F,2.8842,14133.935
main,A12F,2.9688,13890.011
main,A12F,3.0558,14033.782
main,A12F,3.1454,13607.040
main,A12F,3.2377,12275.995
main,A12F,3.3326,13177.662
main,A12F,3.4304,13042.444
main,A12F,3.5310,12301.044
main,A12F,3.6345,12264.359
main,A12F,3.7411,12133.752
main,A12F,3.8508,11945.251
main,A12F,3.9637,11812.511
main,A12F,4.0799,11980.168
main,A12F,4.1996,12032.469
main,A12F,4.3227,11874.577
main,A12F,4.4495,11394.078
main,A12F,4.5800,11331.306
main,A12F,4.7143,12057.674
main,A12F,4.8525,12337.416
main,A12F,4.9948,11785.704
main,A12F,5.1413,11468.237
main,A12F,5.2921,11216.868
main,A12F,5.4472,10768.270
main,A12F,5.6070,10320.883
main,A12F,5.7714,9963.653
main,A12F,5.9406,9856.345
main,A12F,6.1148,9195.994
main,A12F,6.2942,8387.199
main,A12F,6.4787,7997.738
main,A12F,6.6687,7738.585
main,A12F,6.8643,8031.940
main,A12F,7.0656,7910.683
main,A12F,7.2728,7599.063
main,A12F,7.4860,7460.759
main,A12F,7.7056,7324.824
main,A12F,7.9315,7194.728
main,A12F,8.1641,7326.260
main,A12F,8.4035,7484.378
main,A12F,8.6499,7353.981
main,A12F,8.9036,6835.663
main,A12F,9.1647,6720.080
main,A12F,9.4334,6443.283
main,A12F,9.7101,5380.444
main,A12F,9.9948,4477.218
main,A12F,10.2879,3651.366
main,A12F,10.5896,3554.524
main,A12F,10.9001,3342.442
main,A12F,11.2198,3315.877
main,A12F,11.5488,3308.212
main,A12F,11.8874,3406.954
main,A12F,12.2360,3281.557
main,A12F,12.5949,3223.836
main,A12F,12.9642,3851.365
main,A12F,13.3444,4699.936
main,A12F,13.7357,4947.027
main,A12F,14.1385,4702.302
main,A12F,14.5531,4707.586
main,A12F,14.9798,4627.783
main,A12F,15.4191,4585.064
main,A12F,15.8713,4488.179
main,A12F,16.3367,4445.188
main,A12F,16.8157,4357.458
main,A12F,17.3089,4264.445
main,A12F,17.8164,4131.770
main,A12F,18.3389,4003.184
main,A12F,18.8767,3953.081
main,A12F,19.4302,3625.203
main,A12F,20.0000,3443.835
main,A13F,0.0200,15.135
main,A13F,0.0206,15.135
main,A13F,0.0212,15.135
main,A13F,0.0218,15.135
main,A13F,0.0336,102.920
main,A13F,0.0346,102.920
main,A13F,0.0357,102.920
main,A13F,0.0367,102.920
main,A13F,0.0389,153.947
main,A13F,0.0400,153.947
main,A13F,0.0412,153.947
main,A13F,0.0424,153.947
main,A13F,0.0436,153.947
main,A13F,0.0504,109.090
main,A13F,0.0519,109.090
main,A13F,0.0534,109.090
main,A13F,0.0550,109.090
main,A13F,0.0566,109.090
main,A13F,0.0583,113.014
main,A13F,0.0600,113.014
main,A13F,0.0617,113.014
main,A13F,0.0636,116.937
main,A13F,0.0654,116.937
main,A13F,0.0673,139.725
main,A13F,0.0693,139.725
main,A13F,0.0713,139.725
main,A13F,0.0734,139.725
main,A13F,0.0756,170.972
main,A13F,0.0778,174.807
main,A13F,0.0801,174.807
main,A13F,0.0824,174.807
main,A13F,0.0848,115.808
main,A13F,0.0873,74.230
main,A13F,0.0899,66.152
main,A13F,0.0925,66.152
main,A13F,0.0952,94.742
main,A13F,0.0980,94.742
main,A13F,0.1009,130.166
main,A13F,0.1039,130.166
main,A13F,0.1069,155.637
main,A13F,0.1101,252.023
main,A13F,0.1133,330.633
main,A13F,0.1166,374.673
main,A13F,0.1200,374.673
main,A13F,0.1235,373.820
main,A13F,0.1272,395.085
main,A13F,0.1309,395.085
main,A13F,0.1347,359.513
main,A13F,0.1387,375.315
main,A13F,0.1428,387.867
main,A13F,0.1469,387.867
main,A13F,0.1512,444.985
main,A13F,0.1557,438.062
main,A13F,0.1602,438.062
main,A13F,0.1649,446.096
main,A13F,0.1698,467.585
main,A13F,0.1748,649.002
main,A13F,0.1799,627.359
main,A13F,0.1852,627.870
main,A13F,0.1906,614.926
main,A13F,0.1962,614.926
main,A13F,0.2019,480.674
main,A13F,0.2079,480.674
main,A13F,0.2140,484.734
main,A13F,0.2202,501.179
main,A13F,0.2267,487.588
main,A13F,0.2333,526.186
main,A13F,0.2402,548.168
main,A13F,0.2472,542.881
main,A13F,0.2545,542.831
main,A13F,0.2619,546.371
main,A13F,0.2696,724.888
main,A13F,0.2775,729.704
main,A13F,0.2857,904.099
main,A13F,0.2940,906.976
main,A13F,0.3027,906.128
main,A13F,0.3115,927.799
main,A13F,0.3207,808.556
main,A13F,0.3301,867.258
main,A13F,0.3397,877.072
main,A13F,0.3497,851.087
main,A13F,0.3600,883.795
main,A13F,0.3705,942.722
main,A13F,0.3814,886.983
main,A13F,0.3926,921.402
main,A13F,0.4041,927.918
main,A13F,0.4159,1035.247
main,A13F,0.4281,1063.154
main,A13F,0.4407,1101.887
main,A13F,0.4536,1165.368
main,A13F,0.4669,1215.363
main,A13F,0.4806,1208.733
main,A13F,0.4947,1179.490
main,A13F,0.5092,1323.551
main,A13F,0.5241,1432.158
main,A13F,0.5395,1374.129
main,A13F,0.5553,1506.381
main,A13F,0.5716,1436.180
main,A13F,0.5884,1532.445
main,A13F,0.6056,1682.281
main,A13F,0.6234,1799.471
main,A13F,0.6417,2124.725
main,A13F,0.6605,1963.992
main,A13F,0.6798,2110.655
main,A13F,0.6998,2402.686
main,A13F,0.7203,2614.550
main,A13F,0.7414,2898.299
main,A13F,0.7632,3045.970
main,A13F,0.7855,2955.009
main,A13F,0.8086,2886.719
main,A13F,0.8323,2880.183
main,A13F,0.8567,2907.039
main,A13F,0.8818,3454.159
main,A13F,0.9077,3568.134
main,A13F,0.9343,3592.447
main,A13F,0.9617,3424.413
main,A13F,0.9899,3440.978
main,A13F,1.0189,3218.076
main,A13F,1.0488,3293.453
main,A13F,1.0796,3679.103
main,A13F,1.1112,3982.020
main,A13F,1.1438,4032.530
main,A13F,1.1773,3804.884
main,A13F,1.2119,3717.452
main,A13F,1.2474,3763.816
main,A13F,1.2840,3859.859
main,A13F,1.3216,4052.739
main,A13F,1.3604,4313.884
main,A13F,1.4003,4164.802
main,A13F,1.4414,3907.916
main,A13F,1.4836,3813.156
main,A13F,1.5271,4002.497
main,A13F,1.5719,3895.788
main,A13F,1.6180,4079.166
main,A13F,1.6655,4151.488
main,A13F,1.7143,4163.485
main,A13F,1.7646,4315.481
main,A13F,1.8163,4355.095
main,A13F,1.8696,4511.164
main,A13F,1.9244,4628.098
main,A13F,1.9808,4569.868
main,A13F,2.0389,4572.835
main,A13F,2.0987,4844.738
main,A13F,2.1602,4768.370
main,A13F,2.2236,4950.481
main,A13F,2.2888,4962.608
main,A13F,2.3559,4991.815
main,A13F,2.4250,4990.323
main,A13F,2.4961,4957.042
main,A13F,2.5693,5143.017
main,A13F,2.6447,5561.130
main,A13F,2.7222,5827.236
main,A13F,2.8020,5996.506
main,A13F,2.8842,6244.439
main,A13F,2.9688,6212.493
main,A13F,3.0558,6739.790
main,A13F,3.1454,6662.272
main,A13F,3.2377,6785.496
main,A13F,3.3326,6661.914
main,A13F,3.4304,6754.390
main,A13F,3.5310,6666.883
main,A13F,3.6345,6750.750
main,A13F,3.7411,6522.512
main,A13F,3.8508,6314.751
main,A13F,3.9637,6220.459
main,A13F,4.0799,5707.230
main,A13F,4.1996,5681.117
main,A13F,4.3227,6074.331
main,A13F,4.4495,6130.788
main,A13F,4.5800,6200.873
main,A13F,4.7143,6154.445
main,A13F,4.8525,6144.176
main,A13F,4.9948,6439.264
main,A13F,5.1413,7010.647
main,A13F,5.2921,7107.893
main,A13F,5.4472,7565.904
main,A13F,5.6070,7811.797
main,A13F,5.7714,7606.827
main,A13F,5.9406,7643.810
main,A13F,6.1148,7354.745
main,A13F,6.2942,7591.086
main,A13F,6.4787,7561.427
main,A13F,6.6687,7133.966
main,A13F,6.8643,6451.299
main,A13F,7.0656,6268.694
main,A13F,7.2728,5884.171
main,A13F,7.4860,5754.727
main,A13F,7.7056,5633.096
main,A13F,7.9315,5818.160
main,A13F,8.1641,5937.083
main,A13F,8.4035,5922.679
main,A13F,8.6499,5811.538
main,A13F,8.9036,6174.709
main,A13F,9.1647,6056.495
main,A13F,9.4334,6008.695
main,A13F,9.7101,5967.721
main,A13F,9.9948,6062.784
main,A13F,10.2879,5738.921
main,A13F,10.5896,5398.340
main,A13F,10.9001,5160.438
main,A13F,11.2198,4871.934
main,A13F,11.5488,4496.684
main,A13F,11.8874,4172.599
main,A13F,12.2360,3936.782
main,A13F,12.5949,3517.834
main,A13F,12.9642,3185.723
main,A13F,13.3444,2805.570
main,A13F,13.7357,2613.058
main,A13F,14.1385,2268.744
main,A13F,14.5531,2046.241
main,A13F,14.9798,1841.141
main,A13F,15.4191,1718.760
main,A13F,15.8713,1548.977
main,A13F,16.3367,1490.945
main,A13F,16.8157,1417.293
main,A13F,17.3089,1351.263
main,A13F,17.8164,1337.021
main,A13F,18.3389,1291.973
main,A13F,18.8767,1295.555
main,A13F,19.4302,1270.390
main,A13F,20.0000,1214.602
main,A14C,0.0848,185.857
main,A14C,0.0873,183.384
main,A14C,0.0899,185.641
main,A14C,0.0925,185.641
main,A14C,0.0952,171.359
main,A14C,0.0980,171.359
main,A14C,0.1009,160.617
main,A14C,0.1039,160.617
main,A14C,0.1069,152.533
main,A14C,0.1698,145.684
main,A14C,0.1748,176.680
main,A14C,0.1799,211.652
main,A14C,0.1852,211.652
main,A14C,0.1906,225.148
main,A14C,0.1962,225.148
main,A14C,0.2019,260.674
main,A14C,0.2079,260.674
main,A14C,0.2140,301.041
main,A14C,0.2545,495.097
main,A14C,0.2619,535.296
main,A14C,0.2696,618.925
main,A14C,0.2775,667.507
main,A14C,0.2857,688.158
main,A14C,0.2940,783.641
main,A14C,0.3027,854.922
main,A14C,0.3115,854.922
main,A14C,0.3207,845.854
main,A14C,0.3397,693.120
main,A14C,0.3497,650.054
main,A14C,0.3600,603.400
main,A14C,0.3705,553.929
main,A14C,0.3814,549.395
main,A14C,0.3926,555.729
main,A14C,0.4041,557.501
main,A14C,0.4159,708.640
main,A14C,0.4281,792.467
main,A14C,0.4407,1072.011
main,A14C,0.4536,1127.535
main,A14C,0.4669,1344.573
main,A14C,0.4806,1418.199
main,A14C,0.4947,1530.628
main,A14C,0.5092,1385.610
main,A14C,0.5241,1473.537
main,A14C,0.5395,1505.160
main,A14C,0.5553,1384.002
main,A14C,0.5716,1318.130
main,A14C,0.5884,1447.444
main,A14C,0.6056,1409.504
main,A14C,0.6234,1349.977
main,A14C,0.6417,1375.295
main,A14C,0.6605,1627.720
main,A14C,0.6798,1066.383
main,A14C,0.6998,1026.198
main,A14C,0.7203,1007.476
main,A14C,0.7414,1029.674
main,A14C,0.7632,1058.461
main,A14C,0.7855,1027.562
main,A14C,0.8086,1036.629
main,A14C,0.8323,1167.544
main,A14C,0.8567,1225.953
main,A14C,0.8818,1473.585
main,A14C,0.9077,1521.452
main,A14C,0.9343,1747.937
main,A14C,0.9617,1809.217
main,A14C,0.9899,2156.423
main,A14C,1.0189,2153.430
main,A14C,1.0488,2167.506
main,A14C,1.0796,2170.175
main,A14C,1.1112,2152.919
main,A14C,1.1438,2147.574
main,A14C,1.1773,1992.415
main,A14C,1.2119,1935.475
main,A14C,1.2474,2091.357
main,A14C,1.2840,2156.638
main,A14C,1.3216,2269.904
main,A14C,1.3604,2615.972
main,A14C,1.4003,2742.286
main,A14C,1.4414,2627.869
main,A14C,1.4836,2653.643
main,A14C,1.5271,2834.590
main,A14C,1.5719,3111.564
main,A14C,1.6180,2649.467
main,A14C,1.6655,2495.646
main,A14C,1.7143,2452.451
main,A14C,1.7646,2180.553
main,A14C,1.8163,2171.185
main,A14C,1.8696,2491.755
main,A14C,1.9244,2717.782
main,A14C,1.9808,2850.060
main,A14C,2.0389,2998.420
main,A14C,2.0987,3888.794
main,A14C,2.1602,4332.555
main,A14C,2.2236,4631.783
main,A14C,2.2888,4933.114
main,A14C,2.3559,5573.487
main,A14C,2.4250,5004.923
main,A14C,2.4961,5262.174
main,A14C,2.5693,4566.313
main,A14C,2.6447,4437.703
main,A14C,2.7222,4227.466
main,A14C,2.8020,3632.539
main,A14C,2.8842,3385.172
main,A14C,2.9688,2966.477
main,A14C,3.0558,3072.330
main,A14C,3.1454,2951.121
main,A14C,3.2377,2952.972
main,A14C,3.3326,2792.285
main,A14C,3.4304,3029.535
main,A14C,3.5310,3202.490
main,A14C,3.6345,3487.793
main,A14C,3.7411,3407.302
main,A14C,3.8508,3592.674
main,A14C,3.9637,3453.923
main,A14C,4.0799,3218.951
main,A14C,4.1996,3282.765
main,A14C,4.3227,3360.873
main,A14C,4.4495,3466.267
main,A14C,4.5800,3380.453
main,A14C,4.7143,3368.041
main,A14C,4.8525,3354.749
main,A14C,4.9948,3618.788
main,A14C,5.1413,3792.811
main,A14C,5.2921,3714.839
main,A14C,5.4472,4296.611
main,A14C,5.6070,4892.710
main,A14C,5.7714,5150.770
main,A14C,5.9406,5072.844
main,A14C,6.1148,5236.787
main,A14C,6.2942,4995.882
main,A14C,6.4787,5278.289
main,A14C,6.6687,4961.662
main,A14C,6.8643,4877.570
main,A14C,7.0656,4953.173
main,A14C,7.2728,4962.051
main,A14C,7.4860,5024.173
main,A14C,7.7056,4899.518
main,A14C,7.9315,4969.971
main,A14C,8.1641,4591.366
main,A14C,8.4035,4236.674
main,A14C,8.6499,3641.378
main,A14C,8.9036,3561.082
main,A14C,9.1647,3192.388
main,A14C,9.4334,2405.560
main,A14C,9.7101,2157.172
main,A14C,9.9948,2023.842
main,A14C,10.2879,1880.347
main,A14C,10.5896,1840.484
main,A14C,10.9001,1745.381
main,A14C,11.2198,1756.704
main,A14C,11.5488,1828.415
main,A14C,11.8874,1763.635
main,A14C,12.2360,1731.714
main,A14C,12.5949,1843.313
main,A14C,12.9642,1814.765
main,A14C,13.3444,1705.496
main,A14C,13.7357,1717.718
main,A14C,14.1385,1791.602
main,A14C,14.5531,1785.480
main,A14C,14.9798,1634.725
main,A14C,15.4191,1542.852
main,A14C,15.8713,1524.092
main,A14C,16.3367,1470.488
main,A14C,16.8157,1406.406
main,A14C,17.3089,1327.419
main,A14C,17.8164,1300.525
main,A14C,18.3389,1174.490
main,A14C,18.8767,1094.382
main,A14C,19.4302,1046.271
main,A14C,20.0000,990.573
main,A14F,0.0200,14.521
main,A14F,0.0206,14.521
main,A14F,0.0212,14.521
main,A14F,0.0218,14.521
main,A14F,0.0225,14.521
main,A14F,0.0231,14.521
main,A14F,0.0357,32.356
main,A14F,0.0367,32.356
main,A14F,0.0389,47.718
main,A14F,0.0400,47.718
main,A14F,0.0412,47.718
main,A14F,0.0424,47.718
main,A14F,0.0436,47.718
main,A14F,0.0449,47.718
main,A14F,0.0462,47.718
main,A14F,0.0534,136.862
main,A14F,0.0550,136.862
main,A14F,0.0566,136.862
main,A14F,0.0583,182.100
main,A14F,0.0600,182.100
main,A14F,0.0617,182.100
main,A14F,0.0636,227.338
main,A14F,0.0654,227.338
main,A14F,0.0673,256.481
main,A14F,0.0693,256.481
main,A14F,0.0713,283.792
main,A14F,0.0734,283.792
main,A14F,0.0756,303.649
main,A14F,0.0778,296.577
main,A14F,0.0801,296.577
main,A14F,0.0824,296.577
main,A14F,0.0848,296.577
main,A14F,0.0873,266.081
main,A14F,0.0899,211.010
main,A14F,0.0925,211.010
main,A14F,0.0952,296.895
main,A14F,0.0980,296.895
main,A14F,0.1009,299.509
main,A14F,0.1039,299.509
main,A14F,0.1069,281.925
main,A14F,0.1101,281.925
main,A14F,0.1133,365.741
main,A14F,0.1166,1173.360
main,A14F,0.1200,1173.360
main,A14F,0.1235,370.377
main,A14F,0.1272,394.134
main,A14F,0.1309,394.134
main,A14F,0.1347,377.233
main,A14F,0.1387,390.439
main,A14F,0.1428,573.477
main,A14F,0.1469,573.477
main,A14F,0.1512,610.652
main,A14F,0.1557,610.652
main,A14F,0.1602,544.006
main,A14F,0.1649,670.529
main,A14F,0.1698,670.529
main,A14F,0.1748,662.441
main,A14F,0.1799,596.748
main,A14F,0.1852,596.748
main,A14F,0.1906,504.877
main,A14F,0.1962,469.158
main,A14F,0.2019,410.517
main,A14F,0.2079,410.517
main,A14F,0.2140,422.095
main,A14F,0.2202,422.674
main,A14F,0.2267,408.952
main,A14F,0.2333,421.863
main,A14F,0.2402,432.417
main,A14F,0.2472,425.556
main,A14F,0.2545,408.693
main,A14F,0.2619,461.988
main,A14F,0.2696,584.463
main,A14F,0.2775,590.390
main,A14F,0.2857,605.059
main,A14F,0.2940,626.724
main,A14F,0.3027,705.734
main,A14F,0.3115,705.734
main,A14F,0.3207,692.476
main,A14F,0.3301,820.113
main,A14F,0.3397,899.669
main,A14F,0.3497,818.917
main,A14F,0.3600,861.612
main,A14F,0.3705,967.174
main,A14F,0.3814,993.257
main,A14F,0.3926,1052.397
main,A14F,0.4041,1114.763
main,A14F,0.4159,1155.818
main,A14F,0.4281,1243.973
main,A14F,0.4407,1182.783
main,A14F,0.4536,1228.287
main,A14F,0.4669,1296.029
main,A14F,0.4806,1378.495
main,A14F,0.4947,1265.230
main,A14F,0.5092,1324.615
main,A14F,0.5241,1346.656
main,A14F,0.5395,1366.423
main,A14F,0.5553,1444.406
main,A14F,0.5716,1425.276
main,A14F,0.5884,1584.343
main,A14F,0.6056,1556.809
main,A14F,0.6234,1485.405
main,A14F,0.6417,1556.111
main,A14F,0.6605,1602.355
main,A14F,0.6798,1615.507
main,A14F,0.6998,1710.942
main,A14F,0.7203,1766.045
main,A14F,0.7414,2039.491
main,A14F,0.7632,2132.311
main,A14F,0.7855,2365.256
main,A14F,0.8086,2601.704
main,A14F,0.8323,2837.315
main,A14F,0.8567,3058.401
main,A14F,0.8818,3226.145
main,A14F,0.9077,3134.953
main,A14F,0.9343,3149.983
main,A14F,0.9617,3339.091
main,A14F,0.9899,3289.414
main,A14F,1.0189,3158.783
main,A14F,1.0488,2945.306
main,A14F,1.0796,2779.693
main,A14F,1.1112,3034.582
main,A14F,1.1438,3244.737
main,A14F,1.1773,2922.843
main,A14F,1.2119,2876.193
main,A14F,1.2474,3206.661
main,A14F,1.2840,3179.828
main,A14F,1.3216,3301.900
main,A14F,1.3604,3503.123
main,A14F,1.4003,3632.565
main,A14F,1.4414,3325.724
main,A14F,1.4836,3260.123
main,A14F,1.5271,3377.276
main,A14F,1.5719,3844.926
main,A14F,1.6180,3989.681
main,A14F,1.6655,4009.622
main,A14F,1.7143,3968.111
main,A14F,1.7646,3922.322
main,A14F,1.8163,3709.436
main,A14F,1.8696,3910.063
main,A14F,1.9244,4213.988
main,A14F,1.9808,4272.487
main,A14F,2.0389,4219.154
main,A14F,2.0987,4230.968
main,A14F,2.1602,4183.975
main,A14F,2.2236,4332.481
main,A14F,2.2888,4378.861
main,A14F,2.3559,4954.903
main,A14F,2.4250,5218.277
main,A14F,2.4961,5129.678
main,A14F,2.5693,5277.941
main,A14F,2.6447,5804.561
main,A14F,2.7222,6117.405
main,A14F,2.8020,6488.315
main,A14F,2.8842,7001.040
main,A14F,2.9688,7216.161
main,A14F,3.0558,7624.514
main,A14F,3.1454,7746.245
main,A14F,3.2377,8422.936
main,A14F,3.3326,8421.673
main,A14F,3.4304,8597.966
main,A14F,3.5310,9318.725
main,A14F,3.6345,9215.108
main,A14F,3.7411,9098.652
main,A14F,3.8508,9251.576
main,A14F,3.9637,8992.766
main,A14F,4.0799,8870.283
main,A14F,4.1996,8900.567
main,A14F,4.3227,8221.081
main,A14F,4.4495,8586.604
main,A14F,4.5800,7810.340
main,A14F,4.7143,7422.039
main,A14F,4.8525,7788.527
main,A14F,4.9948,7826.224
main,A14F,5.1413,8097.462
main,A14F,5.2921,7993.432
main,A14F,5.4472,7947.408
main,A14F,5.6070,7716.648
main,A14F,5.7714,7555.571
main,A14F,5.9406,7387.856
main,A14F,6.1148,7437.174
main,A14F,6.2942,7448.684
main,A14F,6.4787,7044.561
main,A14F,6.6687,6594.218
main,A14F,6.8643,6258.744
main,A14F,7.0656,5959.634
main,A14F,7.2728,4985.127
main,A14F,7.4860,4903.334
main,A14F,7.7056,5001.701
main,A14F,7.9315,4922.143
main,A14F,8.1641,4974.521
main,A14F,8.4035,5063.441
main,A14F,8.6499,5194.926
main,A14F,8.9036,5463.854
main,A14F,9.1647,5743.053
main,A14F,9.4334,6621.590
main,A14F,9.7101,6663.240
main,A14F,9.9948,6692.398
main,A14F,10.2879,7074.291
main,A14F,10.5896,6967.911
main,A14F,10.9001,5655.345
main,A14F,11.2198,5381.571
main,A14F,11.5488,5226.454
main,A14F,11.8874,5077.638
main,A14F,12.2360,4792.496
main,A14F,12.5949,4643.760
main,A14F,12.9642,4548.290
main,A14F,13.3444,4379.870
main,A14F,13.7357,3482.097
main,A14F,14.1385,3300.189
main,A14F,14.5531,3206.709
main,A14F,14.9798,3171.973
main,A14F,15.4191,3098.040
main,A14F,15.8713,3098.187
main,A14F,16.3367,3068.603
main,A14F,16.8157,2974.889
main,A14F,17.3089,2880.079
main,A14F,17.8164,2830.917
main,A14F,18.3389,3096.821
main,A14F,18.8767,3011.242
main,A14F,19.4302,2943.583
main,A14F,20.0000,2542.754
main,A15F,0.0200,20.462
main,A15F,0.0206,20.462
main,A15F,0.0212,20.462
main,A15F,0.0336,44.443
main,A15F,0.0346,44.443
main,A15F,0.0357,44.443
main,A15F,0.0367,44.443
main,A15F,0.0389,74.869
main,A15F,0.0400,74.869
main,A15F,0.0412,74.869
main,A15F,0.0424,74.869
main,A15F,0.0504,351.378
main,A15F,0.0519,351.378
main,A15F,0.0534,351.378
main,A15F,0.0550,351.378
main,A15F,0.0566,351.378
main,A15F,0.0583,285.490
main,A15F,0.0600,285.490
main,A15F,0.0617,285.490
main,A15F,0.0636,219.603
main,A15F,0.0673,134.464
main,A15F,0.0693,134.464
main,A15F,0.0713,134.464
main,A15F,0.0734,134.464
main,A15F,0.0756,157.539
main,A15F,0.0778,191.108
main,A15F,0.0801,191.108
main,A15F,0.0824,204.699
main,A15F,0.0848,204.699
main,A15F,0.0873,294.076
main,A15F,0.0899,352.007
main,A15F,0.0925,352.007
main,A15F,0.0952,361.417
main,A15F,0.0980,361.417
main,A15F,0.1009,416.094
main,A15F,0.1039,416.094
main,A15F,0.1069,403.852
main,A15F,0.1101,430.232
main,A15F,0.1133,416.819
main,A15F,0.1166,424.031
main,A15F,0.1200,424.031
main,A15F,0.1235,433.341
main,A15F,0.1272,460.512
main,A15F,0.1309,458.961
main,A15F,0.1347,395.294
main,A15F,0.1387,415.875
main,A15F,0.1428,397.302
main,A15F,0.1469,397.302
main,A15F,0.1512,335.517
main,A15F,0.1557,325.681
main,A15F,0.1602,325.681
main,A15F,0.1649,382.293
main,A15F,0.1698,382.293
main,A15F,0.1748,452.585
main,A15F,0.1799,494.593
main,A15F,0.1852,466.880
main,A15F,0.1906,465.213
main,A15F,0.1962,484.367
main,A15F,0.2019,600.238
main,A15F,0.2079,600.238
main,A15F,0.2140,661.356
main,A15F,0.2202,812.473
main,A15F,0.2267,846.060
main,A15F,0.2333,1015.529
main,A15F,0.2402,1348.876
main,A15F,0.2472,1351.736
main,A15F,0.2545,1468.445
main,A15F,0.2619,1424.576
main,A15F,0.2696,1223.572
main,A15F,0.2775,1300.909
main,A15F,0.2857,1478.764
main,A15F,0.2940,1468.855
main,A15F,0.3027,1132.041
main,A15F,0.3115,1045.615
main,A15F,0.3207,1074.961
main,A15F,0.3301,973.681
main,A15F,0.3397,984.825
main,A15F,0.3497,999.101
main,A15F,0.3600,1074.737
main,A15F,0.3705,1000.259
main,A15F,0.3814,1064.010
main,A15F,0.3926,1132.132
main,A15F,0.4041,1270.242
main,A15F,0.4159,1612.977
main,A15F,0.4281,1764.101
main,A15F,0.4407,1908.384
main,A15F,0.4536,2137.451
main,A15F,0.4669,2587.542
main,A15F,0.4806,2825.563
main,A15F,0.4947,2868.243
main,A15F,0.5092,3376.704
main,A15F,0.5241,4039.179
main,A15F,0.5395,4406.686
main,A15F,0.5553,4263.711
main,A15F,0.5716,3792.861
main,A15F,0.5884,3521.730
main,A15F,0.6056,3361.286
main,A15F,0.6234,3248.481
main,A15F,0.6417,3184.053
main,A15F,0.6605,2941.104
main,A15F,0.6798,2714.701
main,A15F,0.6998,2619.736
main,A15F,0.7203,2134.000
main,A15F,0.7414,2234.730
main,A15F,0.7632,2421.183
main,A15F,0.7855,2757.760
main,A15F,0.8086,3038.614
main,A15F,0.8323,3521.449
main,A15F,0.8567,3559.799
main,A15F,0.8818,3866.499
main,A15F,0.9077,3979.059
main,A15F,0.9343,4053.841
main,A15F,0.9617,4038.920
main,A15F,0.9899,4082.245
main,A15F,1.0189,4111.404
main,A15F,1.0488,4068.630
main,A15F,1.0796,3666.210
main,A15F,1.1112,3631.570
main,A15F,1.1438,3628.929
main,A15F,1.1773,3935.633
main,A15F,1.2119,4243.025
main,A15F,1.2474,4571.070
main,A15F,1.2840,4690.379
main,A15F,1.3216,5100.632
main,A15F,1.3604,4974.184
main,A15F,1.4003,4979.870
main,A15F,1.4414,5297.148
main,A15F,1.4836,5477.992
main,A15F,1.5271,5555.162
main,A15F,1.5719,5611.507
main,A15F,1.6180,5378.353
main,A15F,1.6655,5582.415
main,A15F,1.7143,5268.255
main,A15F,1.7646,4831.171
main,A15F,1.8163,4917.770
main,A15F,1.8696,5197.712
main,A15F,1.9244,5084.997
main,A15F,1.9808,5131.027
main,A15F,2.0389,5007.342
main,A15F,2.0987,4646.789
main,A15F,2.1602,4696.694
main,A15F,2.2236,4594.806
main,A15F,2.2888,4710.055
main,A15F,2.3559,4834.350
main,A15F,2.4250,4830.630
main,A15F,2.4961,4774.897
main,A15F,2.5693,5042.873
main,A15F,2.6447,4809.856
main,A15F,2.7222,4990.528
main,A15F,2.8020,5392.672
main,A15F,2.8842,5744.002
main,A15F,2.9688,5873.185
main,A15F,3.0558,6045.908
main,A15F,3.1454,6630.187
main,A15F,3.2377,6684.477
main,A15F,3.3326,6444.926
main,A15F,3.4304,6317.886
main,A15F,3.5310,6564.467
main,A15F,3.6345,6495.879
main,A15F,3.7411,6164.840
main,A15F,3.8508,5797.854
main,A15F,3.9637,5483.692
main,A15F,4.0799,5174.174
main,A15F,4.1996,4941.439
main,A15F,4.3227,4835.628
main,A15F,4.4495,4850.248
main,A15F,4.5800,4668.051
main,A15F,4.7143,4685.208
main,A15F,4.8525,4627.116
main,A15F,4.9948,4757.641
main,A15F,5.1413,4828.279
main,A15F,5.2921,4924.402
main,A15F,5.4472,5169.067
main,A15F,5.6070,4893.318
main,A15F,5.7714,4822.140
main,A15F,5.9406,4679.345
main,A15F,6.1148,4656.698
main,A15F,6.2942,4664.718
main,A15F,6.4787,4499.727
main,A15F,6.6687,4368.531
main,A15F,6.8643,4238.907
main,A15F,7.0656,3977.914
main,A15F,7.2728,3807.166
main,A15F,7.4860,3791.859
main,A15F,7.7056,3724.119
main,A15F,7.9315,3650.258
main,A15F,8.1641,3410.488
main,A15F,8.4035,3273.301
main,A15F,8.6499,3147.293
main,A15F,8.9036,3056.876
main,A15F,9.1647,2952.673
main,A15F,9.4334,2917.221
main,A15F,9.7101,2901.682
main,A15F,9.9948,2695.972
main,A15F,10.2879,2630.122
main,A15F,10.5896,2553.351
main,A15F,10.9001,2539.386
main,A15F,11.2198,2396.152
main,A15F,11.5488,2306.907
main,A15F,11.8874,2247.644
main,A15F,12.2360,2149.761
main,A15F,12.5949,2059.023
main,A15F,12.9642,1965.133
main,A15F,13.3444,1912.312
main,A15F,13.7357,1870.020
main,A15F,14.1385,1831.570
main,A15F,14.5531,1778.524
main,A15F,14.9798,1738.667
main,A15F,15.4191,1651.592
main,A15F,15.8713,1578.613
main,A15F,16.3367,1540.877
main,A15F,16.8157,1476.246
main,A15F,17.3089,1437.037
main,A15F,17.8164,1357.328
main,A15F,18.3389,1331.899
main,A15F,18.8767,1254.760
main,A15F,19.4302,1230.496
main,A15F,20.0000,1058.137
main,A16F,0.0300,13.068
main,A16F,0.0309,13.068
main,A16F,0.0318,13.068
main,A16F,0.0327,13.068
main,A16F,0.0336,13.068
main,A16F,0.0346,13.068
main,A16F,0.0357,13.068
main,A16F,0.0367,13.068
main,A16F,0.0600,531.744
main,A16F,0.0617,531.744
main,A16F,0.0636,509.856
main,A16F,0.0654,509.856
main,A16F,0.0673,578.828
main,A16F,0.0693,578.828
main,A16F,0.0713,578.828
main,A16F,0.0734,578.828
main,A16F,0.0756,647.800
main,A16F,0.0899,62.206
main,A16F,0.0925,62.206
main,A16F,0.0952,87.289
main,A16F,0.0980,87.289
main,A16F,0.1009,87.304
main,A16F,0.1039,87.304
main,A16F,0.1069,105.491
main,A16F,0.1101,105.491
main,A16F,0.1133,139.660
main,A16F,0.1200,178.852
main,A16F,0.1235,179.186
main,A16F,0.1272,189.278
main,A16F,0.1309,189.278
main,A16F,0.1347,186.520
main,A16F,0.1387,196.696
main,A16F,0.1428,214.808
main,A16F,0.1469,297.690
main,A16F,0.1512,317.925
main,A16F,0.1557,601.832
main,A16F,0.1602,601.832
main,A16F,0.1649,613.556
main,A16F,0.1698,613.556
main,A16F,0.1748,612.530
main,A16F,0.1799,313.851
main,A16F,0.1852,313.851
main,A16F,0.1906,315.668
main,A16F,0.1962,218.295
main,A16F,0.2019,189.894
main,A16F,0.2079,241.904
main,A16F,0.2140,253.356
main,A16F,0.2202,246.203
main,A16F,0.2267,244.610
main,A16F,0.2333,413.497
main,A16F,0.2402,511.996
main,A16F,0.2472,506.104
main,A16F,0.2545,477.557
main,A16F,0.2619,459.981
main,A16F,0.2696,382.469
main,A16F,0.2775,411.851
main,A16F,0.2857,432.981
main,A16F,0.2940,531.560
main,A16F,0.3027,547.110
main,A16F,0.3115,523.369
main,A16F,0.3207,569.314
main,A16F,0.3301,665.088
main,A16F,0.3397,694.102
main,A16F,0.3497,809.884
main,A16F,0.3600,840.763
main,A16F,0.3705,907.531
main,A16F,0.3814,618.706
main,A16F,0.3926,574.759
main,A16F,0.4041,614.462
main,A16F,0.4159,743.228
main,A16F,0.4281,670.669
main,A16F,0.4407,795.516
main,A16F,0.4536,854.054
main,A16F,0.4669,812.502
main,A16F,0.4806,781.385
main,A16F,0.4947,750.625
main,A16F,0.5092,1109.821
main,A16F,0.5241,1100.411
main,A16F,0.5395,1035.365
main,A16F,0.5553,1080.024
main,A16F,0.5716,1096.250
main,A16F,0.5884,912.753
main,A16F,0.6056,969.422
main,A16F,0.6234,960.353
main,A16F,0.6417,1049.790
main,A16F,0.6605,1095.320
main,A16F,0.6798,1324.362
main,A16F,0.6998,1443.559
main,A16F,0.7203,1510.936
main,A16F,0.7414,1730.383
main,A16F,0.7632,1819.746
main,A16F,0.7855,1910.507
main,A16F,0.8086,1848.452
main,A16F,0.8323,2081.665
main,A16F,0.8567,2015.916
main,A16F,0.8818,2075.262
main,A16F,0.9077,1966.527
main,A16F,0.9343,1980.134
main,A16F,0.9617,1999.169
main,A16F,0.9899,1955.045
main,A16F,1.0189,2021.378
main,A16F,1.0488,2120.309
main,A16F,1.0796,2066.274
main,A16F,1.1112,2090.513
main,A16F,1.1438,2277.479
main,A16F,1.1773,2353.068
main,A16F,1.2119,2385.546
main,A16F,1.2474,2625.155
main,A16F,1.2840,2740.570
main,A16F,1.3216,2755.078
main,A16F,1.3604,2869.588
main,A16F,1.4003,2914.568
main,A16F,1.4414,3151.392
main,A16F,1.4836,3215.382
main,A16F,1.5271,3389.143
main,A16F,1.5719,3715.083
main,A16F,1.6180,3829.679
main,A16F,1.6655,3693.823
main,A16F,1.7143,3672.458
main,A16F,1.7646,3711.798
main,A16F,1.8163,3609.026
main,A16F,1.8696,4066.799
main,A16F,1.9244,4195.813
main,A16F,1.9808,4297.811
main,A16F,2.0389,4427.024
main,A16F,2.0987,4114.939
main,A16F,2.1602,4266.072
main,A16F,2.2236,4361.312
main,A16F,2.2888,4900.136
main,A16F,2.3559,4970.186
main,A16F,2.4250,5067.950
main,A16F,2.4961,5094.962
main,A16F,2.5693,5026.932
main,A16F,2.6447,5263.084
main,A16F,2.7222,5582.400
main,A16F,2.8020,5688.398
main,A16F,2.8842,5792.821
main,A16F,2.9688,6156.422
main,A16F,3.0558,6471.619
main,A16F,3.1454,6791.111
main,A16F,3.2377,6643.480
main,A16F,3.3326,6758.059
main,A16F,3.4304,6905.242
main,A16F,3.5310,6152.826
main,A16F,3.6345,5859.697
main,A16F,3.7411,5508.665
main,A16F,3.8508,5179.172
main,A16F,3.9637,5234.609
main,A16F,4.0799,4973.924
main,A16F,4.1996,4905.652
main,A16F,4.3227,5132.788
main,A16F,4.4495,4887.381
main,A16F,4.5800,5024.639
main,A16F,4.7143,5179.131
main,A16F,4.8525,5392.239
main,A16F,4.9948,5525.457
main,A16F,5.1413,5414.854
main,A16F,5.2921,5191.928
main,A16F,5.4472,5014.314
main,A16F,5.6070,4885.601
main,A16F,5.7714,4690.180
main,A16F,5.9406,4616.670
main,A16F,6.1148,4504.736
main,A16F,6.2942,4526.183
main,A16F,6.4787,4563.810
main,A16F,6.6687,4525.785
main,A16F,6.8643,4588.240
main,A16F,7.0656,4520.710
main,A16F,7.2728,4325.114
main,A16F,7.4860,4320.917
main,A16F,7.7056,4125.426
main,A16F,7.9315,4171.539
main,A16F,8.1641,4018.974
main,A16F,8.4035,3893.733
main,A16F,8.6499,3783.128
main,A16F,8.9036,3746.275
main,A16F,9.1647,3575.899
main,A16F,9.4334,3813.915
main,A16F,9.7101,3847.748
main,A16F,9.9948,3884.926
main,A16F,10.2879,3805.044
main,A16F,10.5896,3560.079
main,A16F,10.9001,3290.012
main,A16F,11.2198,3097.496
main,A16F,11.5488,3092.123
main,A16F,11.8874,2978.838
main,A16F,12.2360,2846.894
main,A16F,12.5949,2736.449
main,A16F,12.9642,2644.122
main,A16F,13.3444,2500.688
main,A16F,13.7357,2476.683
main,A16F,14.1385,2346.692
main,A16F,14.5531,2037.329
main,A16F,14.9798,2054.738
main,A16F,15.4191,1978.164
main,A16F,15.8713,1899.071
main,A16F,16.3367,1895.065
main,A16F,16.8157,1861.821
main,A16F,17.3089,1809.391
main,A16F,17.8164,1769.457
main,A16F,18.3389,1773.343
main,A16F,18.8767,1708.931
main,A16F,19.4302,1890.501
main,A16F,20.0000,1838.346
main,A17C,0.0756,94.319
main,A17C,0.0778,107.664
main,A17C,0.0801,107.664
main,A17C,0.0824,107.664
main,A17C,0.0848,107.664
main,A17C,0.0873,114.344
main,A17C,0.0899,124.356
main,A17C,0.0925,124.356
main,A17C,0.0952,110.032
main,A17C,0.0980,110.032
main,A17C,0.1512,93.247
main,A17C,0.1557,93.247
main,A17C,0.1602,93.247
main,A17C,0.1649,95.115
main,A17C,0.1698,95.115
main,A17C,0.1748,108.720
main,A17C,0.1799,143.033
main,A17C,0.1852,143.033
main,A17C,0.1906,150.505
main,A17C,0.1962,150.505
main,A17C,0.2267,300.483
main,A17C,0.2333,322.493
main,A17C,0.2402,405.936
main,A17C,0.2472,452.655
main,A17C,0.2545,505.682
main,A17C,0.2619,521.797
main,A17C,0.2696,523.530
main,A17C,0.2775,510.164
main,A17C,0.2857,495.413
main,A17C,0.2940,482.027
main,A17C,0.3027,399.304
main,A17C,0.3115,399.304
main,A17C,0.3207,367.861
main,A17C,0.3301,334.318
main,A17C,0.3397,278.270
main,A17C,0.3497,257.480
main,A17C,0.3600,249.245
main,A17C,0.3705,238.867
main,A17C,0.3814,196.817
main,A17C,0.3926,173.113
main,A17C,0.4041,172.485
main,A17C,0.4159,214.616
main,A17C,0.4281,218.876
main,A17C,0.4407,235.771
main,A17C,0.4536,232.561
main,A17C,0.4669,270.999
main,A17C,0.4806,292.294
main,A17C,0.4947,287.055
main,A17C,0.5092,301.235
main,A17C,0.5241,465.550
main,A17C,0.5395,498.663
main,A17C,0.5553,504.044
main,A17C,0.5716,491.264
main,A17C,0.5884,476.154
main,A17C,0.6056,785.867
main,A17C,0.6234,760.531
main,A17C,0.6417,699.093
main,A17C,0.6605,681.305
main,A17C,0.6798,634.764
main,A17C,0.6998,624.713
main,A17C,0.7203,560.164
main,A17C,0.7414,499.255
main,A17C,0.7632,411.619
main,A17C,0.7855,521.513
main,A17C,0.8086,559.789
main,A17C,0.8323,617.040
main,A17C,0.8567,652.685
main,A17C,0.8818,690.035
main,A17C,0.9077,594.939
main,A17C,0.9343,618.305
main,A17C,0.9617,636.968
main,A17C,0.9899,926.533
main,A17C,1.0189,902.268
main,A17C,1.0488,944.424
main,A17C,1.0796,1067.979
main,A17C,1.1112,1064.837
main,A17C,1.1438,853.006
main,A17C,1.1773,919.719
main,A17C,1.2119,955.104
main,A17C,1.2474,960.767
main,A17C,1.2840,917.609
main,A17C,1.3216,982.467
main,A17C,1.3604,1087.045
main,A17C,1.4003,1030.124
main,A17C,1.4414,974.791
main,A17C,1.4836,1067.941
main,A17C,1.5271,1175.977
main,A17C,1.5719,1476.510
main,A17C,1.6180,1427.094
main,A17C,1.6655,1158.655
main,A17C,1.7143,1166.375
main,A17C,1.7646,1199.829
main,A17C,1.8163,1299.298
main,A17C,1.8696,1404.562
main,A17C,1.9244,1407.173
main,A17C,1.9808,1641.857
main,A17C,2.0389,1565.570
main,A17C,2.0987,1623.067
main,A17C,2.1602,1946.341
main,A17C,2.2236,1984.178
main,A17C,2.2888,1925.707
main,A17C,2.3559,1967.215
main,A17C,2.4250,2073.788
main,A17C,2.4961,2424.853
main,A17C,2.5693,2282.325
main,A17C,2.6447,2307.038
main,A17C,2.7222,2394.238
main,A17C,2.8020,2201.258
main,A17C,2.8842,2280.671
main,A17C,2.9688,2418.793
main,A17C,3.0558,2294.310
main,A17C,3.1454,2155.972
main,A17C,3.2377,2290.414
main,A17C,3.3326,2256.108
main,A17C,3.4304,2054.213
main,A17C,3.5310,2059.884
main,A17C,3.6345,2230.477
main,A17C,3.7411,2323.127
main,A17C,3.8508,2449.263
main,A17C,3.9637,2632.166
main,A17C,4.0799,2784.541
main,A17C,4.1996,3046.962
main,A17C,4.3227,2956.791
main,A17C,4.4495,3271.719
main,A17C,4.5800,3743.049
main,A17C,4.7143,4006.715
main,A17C,4.8525,4189.188
main,A17C,4.9948,4232.474
main,A17C,5.1413,4158.747
main,A17C,5.2921,4020.940
main,A17C,5.4472,4074.959
main,A17C,5.6070,4056.569
main,A17C,5.7714,4054.513
main,A17C,5.9406,3904.227
main,A17C,6.1148,3943.696
main,A17C,6.2942,3829.099
main,A17C,6.4787,3670.098
main,A17C,6.6687,3512.244
main,A17C,6.8643,3407.724
main,A17C,7.0656,3382.012
main,A17C,7.2728,3347.757
main,A17C,7.4860,3382.807
main,A17C,7.7056,3373.432
main,A17C,7.9315,3235.668
main,A17C,8.1641,3143.254
main,A17C,8.4035,3206.672
main,A17C,8.6499,3200.449
main,A17C,8.9036,3230.854
main,A17C,9.1647,3524.600
main,A17C,9.4334,3495.476
main,A17C,9.7101,3553.098
main,A17C,9.9948,3398.627
main,A17C,10.2879,3235.302
main,A17C,10.5896,3191.024
main,A17C,10.9001,3171.312
main,A17C,11.2198,3173.291
main,A17C,11.5488,3010.747
main,A17C,11.8874,2784.586
main,A17C,12.2360,2628.368
main,A17C,12.5949,2639.555
main,A17C,12.9642,2503.637
main,A17C,13.3444,2520.988
main,A17C,13.7357,2477.249
main,A17C,14.1385,2351.247
main,A17C,14.5531,2327.057
main,A17C,14.9798,2221.964
main,A17C,15.4191,2176.281
main,A17C,15.8713,2236.997
main,A17C,16.3367,2243.467
main,A17C,16.8157,2263.545
main,A17C,17.3089,2297.694
main,A17C,17.8164,2307.928
main,A17C,18.3389,2307.112
main,A17C,18.8767,2088.914
main,A17C,19.4302,1925.765
main,A17C,20.0000,1929.096
main,A17F,0.0200,9.284
main,A17F,0.0206,9.284
main,A17F,0.0212,9.284
main,A17F,0.0327,10.013
main,A17F,0.0336,10.013
main,A17F,0.0346,10.013
main,A17F,0.0357,10.013
main,A17F,0.0367,10.013
main,A17F,0.0389,21.975
main,A17F,0.0400,21.975
main,A17F,0.0412,21.975
main,A17F,0.0424,21.975
main,A17F,0.0490,29.914
main,A17F,0.0504,36.182
main,A17F,0.0519,36.182
main,A17F,0.0534,36.182
main,A17F,0.0550,36.182
main,A17F,0.0566,36.182
main,A17F,0.0583,31.477
main,A17F,0.0600,31.477
main,A17F,0.0617,31.477
main,A17F,0.0636,26.773
main,A17F,0.0654,329.279
main,A17F,0.0673,405.926
main,A17F,0.0693,405.926
main,A17F,0.0713,405.926
main,A17F,0.0734,405.926
main,A17F,0.0756,482.573
main,A17F,0.0778,561.452
main,A17F,0.0801,561.452
main,A17F,0.0824,182.548
main,A17F,0.0848,182.548
main,A17F,0.0873,144.733
main,A17F,0.0899,132.237
main,A17F,0.0925,132.237
main,A17F,0.0952,165.631
main,A17F,0.0980,132.256
main,A17F,0.1009,148.718
main,A17F,0.1039,148.718
main,A17F,0.1069,141.763
main,A17F,0.1101,141.763
main,A17F,0.1133,182.127
main,A17F,0.1166,172.731
main,A17F,0.1200,172.731
main,A17F,0.1235,172.437
main,A17F,0.1272,170.048
main,A17F,0.1309,211.306
main,A17F,0.1347,217.459
main,A17F,0.1387,214.058
main,A17F,0.1428,218.640
main,A17F,0.1469,247.281
main,A17F,0.1512,354.176
main,A17F,0.1557,354.176
main,A17F,0.1602,354.176
main,A17F,0.1649,441.569
main,A17F,0.1698,441.569
main,A17F,0.1748,531.011
main,A17F,0.1799,413.672
main,A17F,0.1852,413.672
main,A17F,0.1906,405.536
main,A17F,0.1962,427.296
main,A17F,0.2019,366.519
main,A17F,0.2079,366.519
main,A17F,0.2140,357.890
main,A17F,0.2202,394.360
main,A17F,0.2267,445.862
main,A17F,0.2333,439.705
main,A17F,0.2402,543.016
main,A17F,0.2472,453.994
main,A17F,0.2545,463.727
main,A17F,0.2619,485.054
main,A17F,0.2696,503.800
main,A17F,0.2775,547.866
main,A17F,0.2857,566.736
main,A17F,0.2940,525.440
main,A17F,0.3027,488.218
main,A17F,0.3115,510.901
main,A17F,0.3207,629.189
main,A17F,0.3301,693.446
main,A17F,0.3397,801.563
main,A17F,0.3497,829.185
main,A17F,0.3600,868.777
main,A17F,0.3705,825.581
main,A17F,0.3814,818.968
main,A17F,0.3926,925.294
main,A17F,0.4041,883.939
main,A17F,0.4159,855.053
main,A17F,0.4281,767.348
main,A17F,0.4407,802.027
main,A17F,0.4536,779.495
main,A17F,0.4669,850.672
main,A17F,0.4806,871.709
main,A17F,0.4947,1176.815
main,A17F,0.5092,1484.700
main,A17F,0.5241,1670.101
main,A17F,0.5395,2487.633
main,A17F,0.5553,2564.084
main,A17F,0.5716,2810.897
main,A17F,0.5884,3200.122
main,A17F,0.6056,3273.061
main,A17F,0.6234,3133.291
main,A17F,0.6417,2950.348
main,A17F,0.6605,2825.096
main,A17F,0.6798,2628.697
main,A17F,0.6998,2756.920
main,A17F,0.7203,2713.938
main,A17F,0.7414,2780.204
main,A17F,0.7632,2844.528
main,A17F,0.7855,2690.211
main,A17F,0.8086,3033.390
main,A17F,0.8323,3947.366
main,A17F,0.8567,4155.114
main,A17F,0.8818,4323.663
main,A17F,0.9077,5145.672
main,A17F,0.9343,5293.688
main,A17F,0.9617,5530.264
main,A17F,0.9899,5559.226
main,A17F,1.0189,5388.340
main,A17F,1.0488,5587.073
main,A17F,1.0796,5708.801
main,A17F,1.1112,5739.639
main,A17F,1.1438,6464.223
main,A17F,1.1773,6821.677
main,A17F,1.2119,6348.874
main,A17F,1.2474,6022.354
main,A17F,1.2840,5410.500
main,A17F,1.3216,5586.873
main,A17F,1.3604,5209.541
main,A17F,1.4003,4565.881
main,A17F,1.4414,4326.557
main,A17F,1.4836,3760.557
main,A17F,1.5271,3402.387
main,A17F,1.5719,3629.069
main,A17F,1.6180,3213.559
main,A17F,1.6655,3621.339
main,A17F,1.7143,3715.552
main,A17F,1.7646,3918.301
main,A17F,1.8163,4375.977
main,A17F,1.8696,4831.204
main,A17F,1.9244,5237.908
main,A17F,1.9808,5085.914
main,A17F,2.0389,5151.683
main,A17F,2.0987,5372.708
main,A17F,2.1602,5889.880
main,A17F,2.2236,5722.380
main,A17F,2.2888,5502.985
main,A17F,2.3559,5238.160
main,A17F,2.4250,4555.904
main,A17F,2.4961,4681.551
main,A17F,2.5693,4661.224
main,A17F,2.6447,5168.708
main,A17F,2.7222,5067.293
main,A17F,2.8020,5353.731
main,A17F,2.8842,5679.284
main,A17F,2.9688,5728.990
main,A17F,3.0558,5807.816
main,A17F,3.1454,5979.627
main,A17F,3.2377,6255.500
main,A17F,3.3326,6173.062
main,A17F,3.4304,5948.158
main,A17F,3.5310,5812.422
main,A17F,3.6345,5916.611
main,A17F,3.7411,5584.182
main,A17F,3.8508,5645.714
main,A17F,3.9637,6132.336
main,A17F,4.0799,6267.658
main,A17F,4.1996,6780.642
main,A17F,4.3227,6846.167
main,A17F,4.4495,7198.063
main,A17F,4.5800,7498.376
main,A17F,4.7143,7385.802
main,A17F,4.8525,7077.176
main,A17F,4.9948,6901.482
main,A17F,5.1413,6393.932
main,A17F,5.2921,6271.124
main,A17F,5.4472,5624.637
main,A17F,5.6070,5333.594
main,A17F,5.7714,5134.508
main,A17F,5.9406,4944.659
main,A17F,6.1148,4734.823
main,A17F,6.2942,4982.303
main,A17F,6.4787,5174.894
main,A17F,6.6687,5297.997
main,A17F,6.8643,5146.996
main,A17F,7.0656,5291.552
main,A17F,7.2728,5570.897
main,A17F,7.4860,5745.746
main,A17F,7.7056,5910.304
main,A17F,7.9315,6590.319
main,A17F,8.1641,6694.617
main,A17F,8.4035,6939.749
main,A17F,8.6499,7422.777
main,A17F,8.9036,8175.283
main,A17F,9.1647,8361.547
main,A17F,9.4334,8242.697
main,A17F,9.7101,7860.183
main,A17F,9.9948,7944.842
main,A17F,10.2879,7597.172
main,A17F,10.5896,7043.381
main,A17F,10.9001,6611.477
main,A17F,11.2198,6192.742
main,A17F,11.5488,5718.598
main,A17F,11.8874,4943.949
main,A17F,12.2360,5121.202
main,A17F,12.5949,5300.306
main,A17F,12.9642,5801.207
main,A17F,13.3444,5711.605
main,A17F,13.7357,5750.029
main,A17F,14.1385,5856.964
main,A17F,14.5531,5749.503
main,A17F,14.9798,5580.862
main,A17F,15.4191,5591.130
main,A17F,15.8713,5362.086
main,A17F,16.3367,4894.386
main,A17F,16.8157,4533.057
main,A17F,17.3089,4111.064
main,A17F,17.8164,3786.506
main,A17F,18.3389,3554.253
main,A17F,18.8767,3270.615
main,A17F,19.4302,2962.556
main,A17F,20.0000,2564.032
main,A18F,0.0200,32.400
main,A18F,0.0206,32.400
main,A18F,0.0212,32.400
main,A18F,0.0327,44.042
main,A18F,0.0336,44.042
main,A18F,0.0346,44.042
main,A18F,0.0357,44.042
main,A18F,0.0367,44.042
main,A18F,0.0389,105.103
main,A18F,0.0400,105.103
main,A18F,0.0412,105.103
main,A18F,0.0424,105.103
main,A18F,0.0490,105.914
main,A18F,0.0504,128.726
main,A18F,0.0519,128.726
main,A18F,0.0534,128.726
main,A18F,0.0550,128.726
main,A18F,0.0566,128.726
main,A18F,0.0583,116.454
main,A18F,0.0600,116.454
main,A18F,0.0617,116.454
main,A18F,0.0636,104.182
main,A18F,0.0654,97.241
main,A18F,0.0673,132.708
main,A18F,0.0693,132.708
main,A18F,0.0713,132.708
main,A18F,0.0734,132.708
main,A18F,0.0756,168.176
main,A18F,0.0778,182.590
main,A18F,0.0801,182.590
main,A18F,0.0824,198.267
main,A18F,0.0848,198.267
main,A18F,0.0873,231.705
main,A18F,0.0899,228.739
main,A18F,0.0925,228.739
main,A18F,0.0952,259.130
main,A18F,0.0980,207.553
main,A18F,0.1009,212.474
main,A18F,0.1039,212.474
main,A18F,0.1069,195.155
main,A18F,0.1101,195.155
main,A18F,0.1133,258.099
main,A18F,0.1166,245.642
main,A18F,0.1200,245.642
main,A18F,0.1235,272.980
main,A18F,0.1272,284.668
main,A18F,0.1309,528.493
main,A18F,0.1347,538.815
main,A18F,0.1387,542.275
main,A18F,0.1428,582.926
main,A18F,0.1469,510.857
main,A18F,0.1512,641.898
main,A18F,0.1557,641.898
main,A18F,0.1602,641.898
main,A18F,0.1649,456.760
main,A18F,0.1698,456.760
main,A18F,0.1748,371.287
main,A18F,0.1799,436.983
main,A18F,0.1852,436.983
main,A18F,0.1906,411.936
main,A18F,0.1962,472.381
main,A18F,0.2019,470.000
main,A18F,0.2079,470.000
main,A18F,0.2140,837.575
main,A18F,0.2202,845.666
main,A18F,0.2267,800.611
main,A18F,0.2333,856.991
main,A18F,0.2402,970.432
main,A18F,0.2472,1071.068
main,A18F,0.2545,1135.097
main,A18F,0.2619,1119.002
main,A18F,0.2696,1132.490
main,A18F,0.2775,1053.508
main,A18F,0.2857,1072.036
main,A18F,0.2940,1160.595
main,A18F,0.3027,1310.652
main,A18F,0.3115,1200.446
main,A18F,0.3207,1235.524
main,A18F,0.3301,1472.101
main,A18F,0.3397,1604.462
main,A18F,0.3497,1897.343
main,A18F,0.3600,2048.981
main,A18F,0.3705,2411.982
main,A18F,0.3814,2554.681
main,A18F,0.3926,2840.567
main,A18F,0.4041,4105.236
main,A18F,0.4159,4116.163
main,A18F,0.4281,4028.444
main,A18F,0.4407,4488.287
main,A18F,0.4536,4122.118
main,A18F,0.4669,3867.294
main,A18F,0.4806,4370.702
main,A18F,0.4947,4589.103
main,A18F,0.5092,5260.876
main,A18F,0.5241,6444.530
main,A18F,0.5395,7630.809
main,A18F,0.5553,8878.543
main,A18F,0.5716,10996.757
main,A18F,0.5884,12328.193
main,A18F,0.6056,14248.224
main,A18F,0.6234,14465.270
main,A18F,0.6417,15285.457
main,A18F,0.6605,15893.316
main,A18F,0.6798,17157.582
main,A18F,0.6998,17642.733
main,A18F,0.7203,18043.681
main,A18F,0.7414,18121.607
main,A18F,0.7632,18580.482
main,A18F,0.7855,18049.956
main,A18F,0.8086,17291.009
main,A18F,0.8323,16938.827
main,A18F,0.8567,16092.596
main,A18F,0.8818,15300.213
main,A18F,0.9077,13970.395
main,A18F,0.9343,14124.630
main,A18F,0.9617,14078.917
main,A18F,0.9899,13293.843
main,A18F,1.0189,12864.899
main,A18F,1.0488,13389.345
main,A18F,1.0796,13220.768
main,A18F,1.1112,13689.454
main,A18F,1.1438,14415.534
main,A18F,1.1773,15765.860
main,A18F,1.2119,16228.692
main,A18F,1.2474,15706.491
main,A18F,1.2840,14798.472
main,A18F,1.3216,14965.019
main,A18F,1.3604,14545.088
main,A18F,1.4003,14082.389
main,A18F,1.4414,14175.910
main,A18F,1.4836,14067.974
main,A18F,1.5271,14175.035
main,A18F,1.5719,13378.053
main,A18F,1.6180,12844.836
main,A18F,1.6655,12441.147
main,A18F,1.7143,12527.179
main,A18F,1.7646,12092.868
main,A18F,1.8163,12483.893
main,A18F,1.8696,12688.353
main,A18F,1.9244,11913.742
main,A18F,1.9808,11250.159
main,A18F,2.0389,11050.122
main,A18F,2.0987,10829.411
main,A18F,2.1602,10344.387
main,A18F,2.2236,10101.798
main,A18F,2.2888,10965.447
main,A18F,2.3559,10937.487
main,A18F,2.4250,10922.611
main,A18F,2.4961,11545.545
main,A18F,2.5693,12210.483
main,A18F,2.6447,12105.288
main,A18F,2.7222,12161.652
main,A18F,2.8020,12241.262
main,A18F,2.8842,12363.061
main,A18F,2.9688,12520.649
main,A18F,3.0558,12068.200
main,A18F,3.1454,12320.532
main,A18F,3.2377,11922.670
main,A18F,3.3326,11913.309
main,A18F,3.4304,11885.979
main,A18F,3.5310,12294.114
main,A18F,3.6345,11740.965
main,A18F,3.7411,11408.466
main,A18F,3.8508,11527.252
main,A18F,3.9637,12269.563
main,A18F,4.0799,11488.338
main,A18F,4.1996,11762.847
main,A18F,4.3227,11592.430
main,A18F,4.4495,11431.689
main,A18F,4.5800,10937.090
main,A18F,4.7143,10600.581
main,A18F,4.8525,10562.658
main,A18F,4.9948,10593.624
main,A18F,5.1413,10038.231
main,A18F,5.2921,9682.979
main,A18F,5.4472,9606.549
main,A18F,5.6070,9258.236
main,A18F,5.7714,9128.314
main,A18F,5.9406,8885.540
main,A18F,6.1148,9119.286
main,A18F,6.2942,9327.005
main,A18F,6.4787,9661.496
main,A18F,6.6687,9786.804
main,A18F,6.8643,10102.586
main,A18F,7.0656,10001.912
main,A18F,7.2728,9660.751
main,A18F,7.4860,9560.759
main,A18F,7.7056,9369.622
main,A18F,7.9315,9389.423
main,A18F,8.1641,9248.102
main,A18F,8.4035,9390.851
main,A18F,8.6499,9005.319
main,A18F,8.9036,8681.518
main,A18F,9.1647,8681.522
main,A18F,9.4334,8791.017
main,A18F,9.7101,8907.740
main,A18F,9.9948,8776.288
main,A18F,10.2879,8866.870
main,A18F,10.5896,8661.893
main,A18F,10.9001,8262.487
main,A18F,11.2198,7838.029
main,A18F,11.5488,7511.951
main,A18F,11.8874,7052.295
main,A18F,12.2360,6512.138
main,A18F,12.5949,5898.862
main,A18F,12.9642,5159.499
main,A18F,13.3444,4597.934
main,A18F,13.7357,4108.943
main,A18F,14.1385,3788.887
main,A18F,14.5531,3460.741
main,A18F,14.9798,3175.032
main,A18F,15.4191,2840.019
main,A18F,15.8713,2523.407
main,A18F,16.3367,2412.744
main,A18F,16.8157,2258.035
main,A18F,17.3089,2132.949
main,A18F,17.8164,2059.707
main,A18F,18.3389,1921.174
main,A18F,18.8767,1665.929
main,A18F,19.4302,1546.514
main,A18F,20.0000,1050.445
main,A19F,0.0200,67.267
main,A19F,0.0206,67.267
main,A19F,0.0212,67.267
main,A19F,0.0327,33.889
main,A19F,0.0336,33.889
main,A19F,0.0346,33.889
main,A19F,0.0357,33.889
main,A19F,0.0367,33.889
main,A19F,0.0389,42.276
main,A19F,0.0400,42.276
main,A19F,0.0412,42.276
main,A19F,0.0424,42.276
main,A19F,0.0490,153.026
main,A19F,0.0504,183.398
main,A19F,0.0519,183.398
main,A19F,0.0534,183.398
main,A19F,0.0550,183.398
main,A19F,0.0566,183.398
main,A19F,0.0583,164.342
main,A19F,0.0600,164.342
main,A19F,0.0617,164.342
main,A19F,0.0636,145.285
main,A19F,0.0654,115.514
main,A19F,0.0673,123.397
main,A19F,0.0693,123.397
main,A19F,0.0713,123.397
main,A19F,0.0734,123.397
main,A19F,0.0756,131.279
main,A19F,0.0778,185.464
main,A19F,0.0801,185.464
main,A19F,0.0824,168.433
main,A19F,0.0848,168.433
main,A19F,0.0873,270.013
main,A19F,0.0899,286.906
main,A19F,0.0925,286.906
main,A19F,0.0952,308.007
main,A19F,0.0980,246.100
main,A19F,0.1009,271.852
main,A19F,0.1039,271.852
main,A19F,0.1069,281.216
main,A19F,0.1101,235.425
main,A19F,0.1133,240.103
main,A19F,0.1166,363.324
main,A19F,0.1200,363.324
main,A19F,0.1235,351.725
main,A19F,0.1272,377.777
main,A19F,0.1309,363.199
main,A19F,0.1347,359.844
main,A19F,0.1387,393.412
main,A19F,0.1428,346.234
main,A19F,0.1469,395.421
main,A19F,0.1512,321.520
main,A19F,0.1557,321.520
main,A19F,0.1602,321.520
main,A19F,0.1649,298.427
main,A19F,0.1698,298.427
main,A19F,0.1748,457.208
main,A19F,0.1799,358.447
main,A19F,0.1852,358.447
main,A19F,0.1906,410.666
main,A19F,0.1962,372.709
main,A19F,0.2019,451.578
main,A19F,0.2079,451.578
main,A19F,0.2140,469.302
main,A19F,0.2202,587.453
main,A19F,0.2267,631.154
main,A19F,0.2333,709.249
main,A19F,0.2402,869.207
main,A19F,0.2472,895.282
main,A19F,0.2545,933.939
main,A19F,0.2619,1127.371
main,A19F,0.2696,1165.672
main,A19F,0.2775,1296.749
main,A19F,0.2857,1526.249
main,A19F,0.2940,1533.983
main,A19F,0.3027,1528.583
main,A19F,0.3115,1470.441
main,A19F,0.3207,1470.680
main,A19F,0.3301,1468.295
main,A19F,0.3397,1554.447
main,A19F,0.3497,1364.367
main,A19F,0.3600,1562.873
main,A19F,0.3705,1537.034
main,A19F,0.3814,1419.747
main,A19F,0.3926,1486.338
main,A19F,0.4041,1615.338
main,A19F,0.4159,1928.895
main,A19F,0.4281,1975.466
main,A19F,0.4407,2147.942
main,A19F,0.4536,2378.584
main,A19F,0.4669,2468.420
main,A19F,0.4806,2638.994
main,A19F,0.4947,2881.061
main,A19F,0.5092,3165.188
main,A19F,0.5241,3534.257
main,A19F,0.5395,4298.411
main,A19F,0.5553,4298.544
main,A19F,0.5716,4340.714
main,A19F,0.5884,4101.869
main,A19F,0.6056,4121.393
main,A19F,0.6234,3793.898
main,A19F,0.6417,3824.614
main,A19F,0.6605,3841.008
main,A19F,0.6798,3537.399
main,A19F,0.6998,3579.181
main,A19F,0.7203,3110.659
main,A19F,0.7414,3123.827
main,A19F,0.7632,3060.695
main,A19F,0.7855,3947.957
main,A19F,0.8086,4800.980
main,A19F,0.8323,6291.703
main,A19F,0.8567,6756.277
main,A19F,0.8818,6138.921
main,A19F,0.9077,6057.754
main,A19F,0.9343,6334.535
main,A19F,0.9617,6586.225
main,A19F,0.9899,7195.157
main,A19F,1.0189,7190.301
main,A19F,1.0488,7308.015
main,A19F,1.0796,6234.641
main,A19F,1.1112,6104.445
main,A19F,1.1438,5553.432
main,A19F,1.1773,6275.321
main,A19F,1.2119,6230.942
main,A19F,1.2474,6874.790
main,A19F,1.2840,6994.793
main,A19F,1.3216,7187.246
main,A19F,1.3604,7334.225
main,A19F,1.4003,7549.305
main,A19F,1.4414,7309.216
main,A19F,1.4836,7178.452
main,A19F,1.5271,7286.194
main,A19F,1.5719,6945.137
main,A19F,1.6180,6598.608
main,A19F,1.6655,6346.776
main,A19F,1.7143,6049.858
main,A19F,1.7646,5961.172
main,A19F,1.8163,5913.206
main,A19F,1.8696,5306.068
main,A19F,1.9244,5482.974
main,A19F,1.9808,5259.008
main,A19F,2.0389,5403.905
main,A19F,2.0987,5509.573
main,A19F,2.1602,5838.625
main,A19F,2.2236,5905.170
main,A19F,2.2888,5783.337
main,A19F,2.3559,5387.642
main,A19F,2.4250,5961.689
main,A19F,2.4961,6365.036
main,A19F,2.5693,6609.550
main,A19F,2.6447,7088.348
main,A19F,2.7222,6878.472
main,A19F,2.8020,7278.909
main,A19F,2.8842,7456.792
main,A19F,2.9688,7495.669
main,A19F,3.0558,8011.245
main,A19F,3.1454,8123.443
main,A19F,3.2377,8169.164
main,A19F,3.3326,8135.815
main,A19F,3.4304,7769.025
main,A19F,3.5310,7502.701
main,A19F,3.6345,7702.423
main,A19F,3.7411,7744.969
main,A19F,3.8508,7837.081
main,A19F,3.9637,8134.960
main,A19F,4.0799,7871.985
main,A19F,4.1996,8241.612
main,A19F,4.3227,8228.966
main,A19F,4.4495,8263.030
main,A19F,4.5800,8113.472
main,A19F,4.7143,8366.529
main,A19F,4.8525,8011.883
main,A19F,4.9948,8051.109
main,A19F,5.1413,8342.190
main,A19F,5.2921,8415.436
main,A19F,5.4472,9142.481
main,A19F,5.6070,9610.449
main,A19F,5.7714,9616.821
main,A19F,5.9406,9433.010
main,A19F,6.1148,9575.314
main,A19F,6.2942,9686.225
main,A19F,6.4787,9818.122
main,A19F,6.6687,10089.485
main,A19F,6.8643,9890.860
main,A19F,7.0656,9744.744
main,A19F,7.2728,9703.451
main,A19F,7.4860,9846.894
main,A19F,7.7056,10591.558
main,A19F,7.9315,11260.927
main,A19F,8.1641,11818.838
main,A19F,8.4035,12358.204
main,A19F,8.6499,12211.300
main,A19F,8.9036,11487.483
main,A19F,9.1647,11428.109
main,A19F,9.4334,10517.363
main,A19F,9.7101,10063.623
main,A19F,9.9948,8906.272
main,A19F,10.2879,8057.771
main,A19F,10.5896,7543.612
main,A19F,10.9001,6850.082
main,A19F,11.2198,5564.988
main,A19F,11.5488,5456.940
main,A19F,11.8874,4992.251
main,A19F,12.2360,4614.520
main,A19F,12.5949,4357.461
main,A19F,12.9642,4044.560
main,A19F,13.3444,3853.295
main,A19F,13.7357,3613.504
main,A19F,14.1385,3409.304
main,A19F,14.5531,3225.217
main,A19F,14.9798,3077.400
main,A19F,15.4191,2823.815
main,A19F,15.8713,2627.001
main,A19F,16.3367,2347.923
main,A19F,16.8157,2196.494
main,A19F,17.3089,1973.806
main,A19F,17.8164,1721.545
main,A19F,18.3389,1532.092
main,A19F,18.8767,1261.273
main,A19F,19.4302,1116.822
main,A19F,20.0000,954.400
main,A21F,0.0200,10.370
main,A21F,0.0206,10.370
main,A21F,0.0212,10.370
main,A21F,0.0218,10.370
main,A21F,0.0225,10.370
main,A21F,0.0231,10.370
main,A21F,0.0357,15.899
main,A21F,0.0367,15.899
main,A21F,0.0389,9.483
main,A21F,0.0400,9.483
main,A21F,0.0412,9.483
main,A21F,0.0424,9.483
main,A21F,0.0436,9.483
main,A21F,0.0449,9.483
main,A21F,0.0534,31.779
main,A21F,0.0550,31.779
main,A21F,0.0566,31.779
main,A21F,0.0583,31.003
main,A21F,0.0600,31.003
main,A21F,0.0617,31.003
main,A21F,0.0636,30.227
main,A21F,0.0654,30.227
main,A21F,0.0673,36.631
main,A21F,0.0693,36.631
main,A21F,0.0713,24.184
main,A21F,0.0734,24.184
main,A21F,0.0756,26.615
main,A21F,0.0778,30.038
main,A21F,0.0801,30.038
main,A21F,0.0824,30.038
main,A21F,0.0848,30.038
main,A21F,0.0873,40.674
main,A21F,0.0899,54.485
main,A21F,0.0925,67.444
main,A21F,0.0952,85.275
main,A21F,0.0980,85.275
main,A21F,0.1009,105.217
main,A21F,0.1039,105.217
main,A21F,0.1069,109.222
main,A21F,0.1101,109.222
main,A21F,0.1133,120.932
main,A21F,0.1166,118.106
main,A21F,0.1200,118.106
main,A21F,0.1235,190.827
main,A21F,0.1272,187.960
main,A21F,0.1309,187.960
main,A21F,0.1347,191.551
main,A21F,0.1387,193.792
main,A21F,0.1428,178.073
main,A21F,0.1469,178.073
main,A21F,0.1512,202.308
main,A21F,0.1557,202.308
main,A21F,0.1602,167.876
main,A21F,0.1649,142.721
main,A21F,0.1698,142.721
main,A21F,0.1748,133.970
main,A21F,0.1799,172.211
main,A21F,0.1852,232.226
main,A21F,0.1906,271.530
main,A21F,0.1962,203.283
main,A21F,0.2019,204.176
main,A21F,0.2079,204.176
main,A21F,0.2140,285.826
main,A21F,0.2202,305.466
main,A21F,0.2267,338.288
main,A21F,0.2333,281.269
main,A21F,0.2402,296.981
main,A21F,0.2472,345.231
main,A21F,0.2545,455.088
main,A21F,0.2619,471.379
main,A21F,0.2696,441.233
main,A21F,0.2775,412.010
main,A21F,0.2857,431.580
main,A21F,0.2940,459.195
main,A21F,0.3027,597.895
main,A21F,0.3115,597.895
main,A21F,0.3207,641.103
main,A21F,0.3301,653.213
main,A21F,0.3397,739.249
main,A21F,0.3497,827.926
main,A21F,0.3600,861.441
main,A21F,0.3705,1002.861
main,A21F,0.3814,1054.371
main,A21F,0.3926,1010.075
main,A21F,0.4041,1154.409
main,A21F,0.4159,1244.644
main,A21F,0.4281,1312.318
main,A21F,0.4407,1522.725
main,A21F,0.4536,1620.495
main,A21F,0.4669,1715.611
main,A21F,0.4806,1852.624
main,A21F,0.4947,2005.135
main,A21F,0.5092,2084.527
main,A21F,0.5241,2295.577
main,A21F,0.5395,2114.676
main,A21F,0.5553,2063.230
main,A21F,0.5716,2065.405
main,A21F,0.5884,1954.239
main,A21F,0.6056,1999.024
main,A21F,0.6234,2060.683
main,A21F,0.6417,1907.767
main,A21F,0.6605,1740.853
main,A21F,0.6798,1841.664
main,A21F,0.6998,1928.903
main,A21F,0.7203,1991.903
main,A21F,0.7414,1992.859
main,A21F,0.7632,2052.151
main,A21F,0.7855,2117.010
main,A21F,0.8086,2270.168
main,A21F,0.8323,2500.386
main,A21F,0.8567,2883.223
main,A21F,0.8818,2568.763
main,A21F,0.9077,2744.122
main,A21F,0.9343,2533.209
main,A21F,0.9617,2552.767
main,A21F,0.9899,2693.046
main,A21F,1.0189,2640.743
main,A21F,1.0488,2700.700
main,A21F,1.0796,2528.215
main,A21F,1.1112,2508.756
main,A21F,1.1438,2757.892
main,A21F,1.1773,3155.245
main,A21F,1.2119,3445.770
main,A21F,1.2474,3439.210
main,A21F,1.2840,3567.763
main,A21F,1.3216,4044.349
main,A21F,1.3604,4303.886
main,A21F,1.4003,4721.496
main,A21F,1.4414,4760.850
main,A21F,1.4836,4699.582
main,A21F,1.5271,4637.998
main,A21F,1.5719,4464.728
main,A21F,1.6180,4505.323
main,A21F,1.6655,4561.500
main,A21F,1.7143,4514.458
main,A21F,1.7646,4281.077
main,A21F,1.8163,4238.742
main,A21F,1.8696,4000.394
main,A21F,1.9244,4098.326
main,A21F,1.9808,4076.356
main,A21F,2.0389,4035.666
main,A21F,2.0987,4576.286
main,A21F,2.1602,4937.576
main,A21F,2.2236,5761.019
main,A21F,2.2888,5938.244
main,A21F,2.3559,6637.409
main,A21F,2.4250,6861.489
main,A21F,2.4961,7232.717
main,A21F,2.5693,7428.117
main,A21F,2.6447,7611.224
main,A21F,2.7222,7643.474
main,A21F,2.8020,7658.074
main,A21F,2.8842,7172.560
main,A21F,2.9688,6643.659
main,A21F,3.0558,6669.231
main,A21F,3.1454,6453.457
main,A21F,3.2377,6835.824
main,A21F,3.3326,7623.049
main,A21F,3.4304,7711.059
main,A21F,3.5310,8944.392
main,A21F,3.6345,9801.674
main,A21F,3.7411,10183.387
main,A21F,3.8508,9997.983
main,A21F,3.9637,10379.793
main,A21F,4.0799,10337.045
main,A21F,4.1996,10755.398
main,A21F,4.3227,10631.547
main,A21F,4.4495,10616.954
main,A21F,4.5800,10066.257
main,A21F,4.7143,9177.744
main,A21F,4.8525,8264.393
main,A21F,4.9948,7421.092
main,A21F,5.1413,7366.470
main,A21F,5.2921,7083.350
main,A21F,5.4472,6592.327
main,A21F,5.6070,6125.335
main,A21F,5.7714,5410.394
main,A21F,5.9406,4733.399
main,A21F,6.1148,4193.676
main,A21F,6.2942,3647.169
main,A21F,6.4787,3543.337
main,A21F,6.6687,3268.243
main,A21F,6.8643,2834.729
main,A21F,7.0656,2364.227
main,A21F,7.2728,2124.142
main,A21F,7.4860,1981.974
main,A21F,7.7056,1801.165
main,A21F,7.9315,1645.421
main,A21F,8.1641,1554.769
main,A21F,8.4035,1421.472
main,A21F,8.6499,1262.178
main,A21F,8.9036,1131.090
main,A21F,9.1647,1084.928
main,A21F,9.4334,1058.037
main,A21F,9.7101,1046.274
main,A21F,9.9948,992.991
main,A21F,10.2879,995.251
main,A21F,10.5896,1039.686
main,A21F,10.9001,1096.472
main,A21F,11.2198,1145.809
main,A21F,11.5488,1143.349
main,A21F,11.8874,1152.631
main,A21F,12.2360,1144.805
main,A21F,12.5949,1132.945
main,A21F,12.9642,1108.142
main,A21F,13.3444,1048.501
main,A21F,13.7357,936.017
main,A21F,14.1385,850.652
main,A21F,14.5531,753.059
main,A21F,14.9798,657.910
main,A21F,15.4191,588.781
main,A21F,15.8713,500.470
main,A21F,16.3367,443.953
main,A21F,16.8157,400.884
main,A21F,17.3089,395.122
main,A21F,17.8164,378.121
main,A21F,18.3389,370.506
main,A21F,18.8767,381.293
main,A21F,19.4302,363.950
main,A21F,20.0000,327.387
main,A22F,0.0200,47.218
main,A22F,0.0309,56.545
main,A22F,0.0318,56.545
main,A22F,0.0327,56.545
main,A22F,0.0336,56.545
main,A22F,0.0346,56.545
main,A22F,0.0357,56.545
main,A22F,0.0367,56.545
main,A22F,0.0389,61.675
main,A22F,0.0400,61.675
main,A22F,0.0462,106.285
main,A22F,0.0476,138.223
main,A22F,0.0490,138.223
main,A22F,0.0504,170.162
main,A22F,0.0519,170.162
main,A22F,0.0534,170.162
main,A22F,0.0550,170.162
main,A22F,0.0566,170.162
main,A22F,0.0583,234.722
main,A22F,0.0600,234.722
main,A22F,0.0617,902.586
main,A22F,0.0636,1099.957
main,A22F,0.0654,1099.957
main,A22F,0.0673,770.493
main,A22F,0.0693,770.493
main,A22F,0.0713,770.493
main,A22F,0.0734,770.493
main,A22F,0.0756,441.029
main,A22F,0.0778,294.002
main,A22F,0.0801,294.002
main,A22F,0.0824,217.765
main,A22F,0.0848,217.765
main,A22F,0.0873,286.852
main,A22F,0.0899,353.851
main,A22F,0.0925,378.357
main,A22F,0.0952,379.629
main,A22F,0.0980,379.629
main,A22F,0.1009,542.445
main,A22F,0.1039,542.445
main,A22F,0.1069,514.620
main,A22F,0.1101,514.620
main,A22F,0.1133,513.849
main,A22F,0.1166,469.316
main,A22F,0.1200,469.316
main,A22F,0.1235,490.016
main,A22F,0.1272,498.031
main,A22F,0.1309,498.031
main,A22F,0.1347,483.026
main,A22F,0.1387,496.538
main,A22F,0.1428,531.219
main,A22F,0.1469,531.219
main,A22F,0.1512,730.752
main,A22F,0.1557,786.137
main,A22F,0.1602,786.137
main,A22F,0.1649,934.972
main,A22F,0.1698,1073.308
main,A22F,0.1748,1126.092
main,A22F,0.1799,1347.758
main,A22F,0.1852,1689.651
main,A22F,0.1906,1809.696
main,A22F,0.1962,1809.696
main,A22F,0.2019,2119.069
main,A22F,0.2079,2119.069
main,A22F,0.2140,2092.967
main,A22F,0.2202,2047.585
main,A22F,0.2267,2001.141
main,A22F,0.2333,2162.216
main,A22F,0.2402,2185.445
main,A22F,0.2472,2186.755
main,A22F,0.2545,2257.230
main,A22F,0.2619,2585.327
main,A22F,0.2696,2554.059
main,A22F,0.2775,2434.951
main,A22F,0.2857,2346.305
main,A22F,0.2940,3108.473
main,A22F,0.3027,2957.631
main,A22F,0.3115,2899.339
main,A22F,0.3207,3290.023
main,A22F,0.3301,3625.670
main,A22F,0.3397,3474.163
main,A22F,0.3497,3471.800
main,A22F,0.3600,3456.813
main,A22F,0.3705,4179.649
main,A22F,0.3814,4287.363
main,A22F,0.3926,4046.772
main,A22F,0.4041,4850.242
main,A22F,0.4159,5128.293
main,A22F,0.4281,5373.876
main,A22F,0.4407,5555.351
main,A22F,0.4536,6218.212
main,A22F,0.4669,9169.352
main,A22F,0.4806,9102.452
main,A22F,0.4947,10502.663
main,A22F,0.5092,11446.886
main,A22F,0.5241,13802.583
main,A22F,0.5395,16785.875
main,A22F,0.5553,18028.041
main,A22F,0.5716,19176.657
main,A22F,0.5884,21286.963
main,A22F,0.6056,20010.807
main,A22F,0.6234,21278.448
main,A22F,0.6417,23676.903
main,A22F,0.6605,23224.842
main,A22F,0.6798,25723.535
main,A22F,0.6998,23895.554
main,A22F,0.7203,21987.731
main,A22F,0.7414,23025.919
main,A22F,0.7632,22186.437
main,A22F,0.7855,22619.273
main,A22F,0.8086,22462.272
main,A22F,0.8323,21994.344
main,A22F,0.8567,22739.493
main,A22F,0.8818,22349.416
main,A22F,0.9077,21147.952
main,A22F,0.9343,22744.989
main,A22F,0.9617,24824.262
main,A22F,0.9899,26428.288
main,A22F,1.0189,26376.088
main,A22F,1.0488,26120.469
main,A22F,1.0796,27063.721
main,A22F,1.1112,26766.096
main,A22F,1.1438,25599.807
main,A22F,1.1773,25279.782
main,A22F,1.2119,25280.776
main,A22F,1.2474,23187.412
main,A22F,1.2840,22421.542
main,A22F,1.3216,21752.155
main,A22F,1.3604,23072.511
main,A22F,1.4003,22731.916
main,A22F,1.4414,23052.406
main,A22F,1.4836,22944.891
main,A22F,1.5271,24344.887
main,A22F,1.5719,27673.307
main,A22F,1.6180,28759.923
main,A22F,1.6655,31217.393
main,A22F,1.7143,32650.147
main,A22F,1.7646,33698.243
main,A22F,1.8163,33554.831
main,A22F,1.8696,34481.809
main,A22F,1.9244,37616.559
main,A22F,1.9808,39514.614
main,A22F,2.0389,40731.430
main,A22F,2.0987,42988.733
main,A22F,2.1602,45057.869
main,A22F,2.2236,46879.826
main,A22F,2.2888,45893.711
main,A22F,2.3559,47176.772
main,A22F,2.4250,47589.605
main,A22F,2.4961,46941.034
main,A22F,2.5693,47697.420
main,A22F,2.6447,47797.066
main,A22F,2.7222,45160.246
main,A22F,2.8020,43663.544
main,A22F,2.8842,41141.435
main,A22F,2.9688,41717.441
main,A22F,3.0558,41761.104
main,A22F,3.1454,42294.962
main,A22F,3.2377,40254.460
main,A22F,3.3326,39322.517
main,A22F,3.4304,37818.762
main,A22F,3.5310,39170.812
main,A22F,3.6345,40838.657
main,A22F,3.7411,42576.702
main,A22F,3.8508,43081.888
main,A22F,3.9637,43683.593
main,A22F,4.0799,42178.992
main,A22F,4.1996,42924.976
main,A22F,4.3227,44522.388
main,A22F,4.4495,46703.232
main,A22F,4.5800,45647.448
main,A22F,4.7143,43290.422
main,A22F,4.8525,40278.957
main,A22F,4.9948,40136.331
main,A22F,5.1413,38677.963
main,A22F,5.2921,36946.496
main,A22F,5.4472,36526.987
main,A22F,5.6070,37832.212
main,A22F,5.7714,35683.342
main,A22F,5.9406,33044.879
main,A22F,6.1148,33986.036
main,A22F,6.2942,32297.965
main,A22F,6.4787,30591.037
main,A22F,6.6687,28221.966
main,A22F,6.8643,26095.002
main,A22F,7.0656,24377.655
main,A22F,7.2728,23187.252
main,A22F,7.4860,21051.503
main,A22F,7.7056,19207.473
main,A22F,7.9315,17133.159
main,A22F,8.1641,15129.209
main,A22F,8.4035,14309.291
main,A22F,8.6499,13920.479
main,A22F,8.9036,13577.039
main,A22F,9.1647,13346.947
main,A22F,9.4334,11969.708
main,A22F,9.7101,10803.801
main,A22F,9.9948,9658.477
main,A22F,10.2879,8753.765
main,A22F,10.5896,8067.304
main,A22F,10.9001,7228.501
main,A22F,11.2198,6198.766
main,A22F,11.5488,5446.486
main,A22F,11.8874,4500.373
main,A22F,12.2360,3693.917
main,A22F,12.5949,3196.807
main,A22F,12.9642,2710.377
main,A22F,13.3444,2307.367
main,A22F,13.7357,1988.588
main,A22F,14.1385,1578.886
main,A22F,14.5531,1385.083
main,A22F,14.9798,1203.533
main,A22F,15.4191,997.873
main,A22F,15.8713,880.012
main,A22F,16.3367,827.463
main,A22F,16.8157,790.889
main,A22F,17.3089,734.738
main,A22F,17.8164,649.068
main,A22F,18.3389,646.084
main,A22F,18.8767,634.101
main,A22F,19.4302,539.173
main,A22F,20.0000,451.683
main,A23F,0.0200,48.919
main,A23F,0.0206,48.919
main,A23F,0.0318,120.786
main,A23F,0.0327,120.786
main,A23F,0.0336,120.786
main,A23F,0.0346,120.786
main,A23F,0.0357,120.786
main,A23F,0.0367,120.786
main,A23F,0.0389,307.004
main,A23F,0.0400,307.004
main,A23F,0.0412,307.004
main,A23F,0.0476,142.449
main,A23F,0.0490,142.449
main,A23F,0.0504,161.874
main,A23F,0.0519,161.874
main,A23F,0.0534,161.874
main,A23F,0.0550,161.874
main,A23F,0.0566,161.874
main,A23F,0.0583,202.907
main,A23F,0.0600,202.907
main,A23F,0.0617,202.907
main,A23F,0.0636,319.511
main,A23F,0.0654,319.511
main,A23F,0.0673,428.550
main,A23F,0.0693,428.550
main,A23F,0.0713,428.550
main,A23F,0.0734,428.550
main,A23F,0.0756,537.589
main,A23F,0.0778,453.432
main,A23F,0.0801,519.509
main,A23F,0.0824,519.509
main,A23F,0.0848,612.446
main,A23F,0.0873,815.318
main,A23F,0.0899,859.648
main,A23F,0.0925,859.648
main,A23F,0.0952,705.444
main,A23F,0.0980,705.444
main,A23F,0.1009,863.159
main,A23F,0.1039,750.755
main,A23F,0.1069,769.157
main,A23F,0.1101,738.613
main,A23F,0.1133,688.482
main,A23F,0.1166,737.759
main,A23F,0.1200,737.759
main,A23F,0.1235,810.012
main,A23F,0.1272,1161.087
main,A23F,0.1309,1161.087
main,A23F,0.1347,1151.581
main,A23F,0.1387,1193.998
main,A23F,0.1428,1277.648
main,A23F,0.1469,1810.376
main,A23F,0.1512,2239.191
main,A23F,0.1557,2239.191
main,A23F,0.1602,1717.983
main,A23F,0.1649,1991.572
main,A23F,0.1698,1780.662
main,A23F,0.1748,1883.032
main,A23F,0.1799,1998.452
main,A23F,0.1852,1998.452
main,A23F,0.1906,2322.955
main,A23F,0.1962,2322.955
main,A23F,0.2019,2435.690
main,A23F,0.2079,3104.892
main,A23F,0.2140,3415.707
main,A23F,0.2202,3614.458
main,A23F,0.2267,3769.688
main,A23F,0.2333,4076.900
main,A23F,0.2402,4359.719
main,A23F,0.2472,4798.763
main,A23F,0.2545,4559.200
main,A23F,0.2619,4620.848
main,A23F,0.2696,3891.883
main,A23F,0.2775,4265.499
main,A23F,0.2857,4695.387
main,A23F,0.2940,4930.255
main,A23F,0.3027,5716.526
main,A23F,0.3115,5281.346
main,A23F,0.3207,5852.874
main,A23F,0.3301,5848.683
main,A23F,0.3397,6803.506
main,A23F,0.3497,6951.945
main,A23F,0.3600,8304.437
main,A23F,0.3705,8153.253
main,A23F,0.3814,8685.161
main,A23F,0.3926,9700.141
main,A23F,0.4041,10123.960
main,A23F,0.4159,10486.799
main,A23F,0.4281,10799.464
main,A23F,0.4407,11059.724
main,A23F,0.4536,11074.467
main,A23F,0.4669,11500.531
main,A23F,0.4806,12440.638
main,A23F,0.4947,13192.589
main,A23F,0.5092,13223.337
main,A23F,0.5241,12285.341
main,A23F,0.5395,14752.724
main,A23F,0.5553,13412.257
main,A23F,0.5716,15034.086
main,A23F,0.5884,16599.359
main,A23F,0.6056,17332.795
main,A23F,0.6234,18630.736
main,A23F,0.6417,20179.436
main,A23F,0.6605,22612.808
main,A23F,0.6798,24542.728
main,A23F,0.6998,27456.626
main,A23F,0.7203,30396.909
main,A23F,0.7414,37130.733
main,A23F,0.7632,37499.812
main,A23F,0.7855,39789.142
main,A23F,0.8086,43806.368
main,A23F,0.8323,47564.370
main,A23F,0.8567,48927.781
main,A23F,0.8818,49088.785
main,A23F,0.9077,49697.669
main,A23F,0.9343,46160.758
main,A23F,0.9617,43917.109
main,A23F,0.9899,39773.549
main,A23F,1.0189,38729.008
main,A23F,1.0488,37016.540
main,A23F,1.0796,34016.932
main,A23F,1.1112,33015.833
main,A23F,1.1438,32928.077
main,A23F,1.1773,32146.256
main,A23F,1.2119,32248.924
main,A23F,1.2474,31653.383
main,A23F,1.2840,30615.702
main,A23F,1.3216,34513.800
main,A23F,1.3604,34643.065
main,A23F,1.4003,32618.141
main,A23F,1.4414,31248.129
main,A23F,1.4836,31199.149
main,A23F,1.5271,30872.890
main,A23F,1.5719,30622.263
main,A23F,1.6180,31245.376
main,A23F,1.6655,34165.004
main,A23F,1.7143,32748.500
main,A23F,1.7646,31810.581
main,A23F,1.8163,33643.392
main,A23F,1.8696,35050.930
main,A23F,1.9244,36151.576
main,A23F,1.9808,35122.854
main,A23F,2.0389,33727.879
main,A23F,2.0987,32624.893
main,A23F,2.1602,34739.512
main,A23F,2.2236,35261.958
main,A23F,2.2888,37598.589
main,A23F,2.3559,38383.372
main,A23F,2.4250,41197.460
main,A23F,2.4961,42714.585
main,A23F,2.5693,44393.472
main,A23F,2.6447,45811.323
main,A23F,2.7222,48024.323
main,A23F,2.8020,53256.647
main,A23F,2.8842,52980.071
main,A23F,2.9688,52986.290
main,A23F,3.0558,55628.375
main,A23F,3.1454,56497.069
main,A23F,3.2377,52267.988
main,A23F,3.3326,49596.865
main,A23F,3.4304,49720.322
main,A23F,3.5310,47046.789
main,A23F,3.6345,44706.621
main,A23F,3.7411,39238.814
main,A23F,3.8508,38009.584
main,A23F,3.9637,33344.985
main,A23F,4.0799,30033.908
main,A23F,4.1996,30690.556
main,A23F,4.3227,29336.132
main,A23F,4.4495,27955.219
main,A23F,4.5800,24588.714
main,A23F,4.7143,23154.271
main,A23F,4.8525,22477.648
main,A23F,4.9948,20705.359
main,A23F,5.1413,19691.852
main,A23F,5.2921,19207.822
main,A23F,5.4472,17160.385
main,A23F,5.6070,15468.841
main,A23F,5.7714,15216.558
main,A23F,5.9406,14361.629
main,A23F,6.1148,13586.151
main,A23F,6.2942,12278.639
main,A23F,6.4787,10201.275
main,A23F,6.6687,8389.821
main,A23F,6.8643,7642.620
main,A23F,7.0656,6974.406
main,A23F,7.2728,6447.349
main,A23F,7.4860,5931.354
main,A23F,7.7056,5202.048
main,A23F,7.9315,4725.546
main,A23F,8.1641,4404.489
main,A23F,8.4035,4167.616
main,A23F,8.6499,3820.902
main,A23F,8.9036,3604.608
main,A23F,9.1647,3227.080
main,A23F,9.4334,2909.968
main,A23F,9.7101,2612.698
main,A23F,9.9948,2289.519
main,A23F,10.2879,2139.910
main,A23F,10.5896,1868.410
main,A23F,10.9001,1756.371
main,A23F,11.2198,1655.000
main,A23F,11.5488,1516.919
main,A23F,11.8874,1332.870
main,A23F,12.2360,1175.545
main,A23F,12.5949,996.942
main,A23F,12.9642,811.828
main,A23F,13.3444,728.149
main,A23F,13.7357,662.177
main,A23F,14.1385,599.214
main,A23F,14.5531,572.691
main,A23F,14.9798,512.759
main,A23F,15.4191,472.840
main,A23F,15.8713,453.328
main,A23F,16.3367,446.714
main,A23F,16.8157,410.174
main,A23F,17.3089,388.091
main,A23F,17.8164,378.533
main,A23F,18.3389,356.783
main,A23F,18.8767,326.376
main,A23F,19.4302,286.886
main,A23F,20.0000,272.203
main,A24F,0.0200,12.288
main,A24F,0.0206,12.288
main,A24F,0.0212,12.288
main,A24F,0.0327,26.275
main,A24F,0.0336,26.275
main,A24F,0.0346,26.275
main,A24F,0.0357,26.275
main,A24F,0.0367,26.275
main,A24F,0.0389,37.693
main,A24F,0.0400,37.693
main,A24F,0.0412,37.693
main,A24F,0.0424,37.693
main,A24F,0.0490,131.549
main,A24F,0.0504,167.270
main,A24F,0.0519,167.270
main,A24F,0.0534,167.270
main,A24F,0.0550,167.270
main,A24F,0.0566,167.270
main,A24F,0.0583,149.565
main,A24F,0.0600,149.565
main,A24F,0.0617,149.565
main,A24F,0.0636,131.861
main,A24F,0.0654,1652.323
main,A24F,0.0673,1117.277
main,A24F,0.0693,1117.277
main,A24F,0.0713,1117.277
main,A24F,0.0734,1117.277
main,A24F,0.0756,582.231
main,A24F,0.0778,894.761
main,A24F,0.0801,894.761
main,A24F,0.0824,266.621
main,A24F,0.0848,266.621
main,A24F,0.0873,288.538
main,A24F,0.0899,307.858
main,A24F,0.0925,307.858
main,A24F,0.0952,320.471
main,A24F,0.0980,231.082
main,A24F,0.1009,257.634
main,A24F,0.1039,257.634
main,A24F,0.1069,206.629
main,A24F,0.1101,206.629
main,A24F,0.1133,156.187
main,A24F,0.1166,161.538
main,A24F,0.1200,161.538
main,A24F,0.1235,178.768
main,A24F,0.1272,183.603
main,A24F,0.1309,179.659
main,A24F,0.1347,172.592
main,A24F,0.1387,182.924
main,A24F,0.1428,169.987
main,A24F,0.1469,195.009
main,A24F,0.1512,233.085
main,A24F,0.1557,233.085
main,A24F,0.1602,233.085
main,A24F,0.1649,232.003
main,A24F,0.1698,232.003
main,A24F,0.1748,289.945
main,A24F,0.1799,364.170
main,A24F,0.1852,364.170
main,A24F,0.1906,393.117
main,A24F,0.1962,466.787
main,A24F,0.2019,514.373
main,A24F,0.2079,514.373
main,A24F,0.2140,734.124
main,A24F,0.2202,845.263
main,A24F,0.2267,813.703
main,A24F,0.2333,849.320
main,A24F,0.2402,1040.267
main,A24F,0.2472,1235.279
main,A24F,0.2545,1364.036
main,A24F,0.2619,1260.050
main,A24F,0.2696,1338.603
main,A24F,0.2775,1295.162
main,A24F,0.2857,1305.996
main,A24F,0.2940,1225.919
main,A24F,0.3027,1329.271
main,A24F,0.3115,1257.078
main,A24F,0.3207,1213.815
main,A24F,0.3301,1286.366
main,A24F,0.3397,1365.718
main,A24F,0.3497,1420.578
main,A24F,0.3600,1517.950
main,A24F,0.3705,1604.475
main,A24F,0.3814,1576.831
main,A24F,0.3926,1812.155
main,A24F,0.4041,2124.473
main,A24F,0.4159,2146.271
main,A24F,0.4281,2107.826
main,A24F,0.4407,2352.532
main,A24F,0.4536,2522.246
main,A24F,0.4669,3367.029
main,A24F,0.4806,3810.958
main,A24F,0.4947,3628.223
main,A24F,0.5092,3698.267
main,A24F,0.5241,3750.337
main,A24F,0.5395,3753.466
main,A24F,0.5553,3722.104
main,A24F,0.5716,3615.569
main,A24F,0.5884,3641.048
main,A24F,0.6056,3273.190
main,A24F,0.6234,2898.227
main,A24F,0.6417,2405.354
main,A24F,0.6605,2399.149
main,A24F,0.6798,2544.804
main,A24F,0.6998,2590.168
main,A24F,0.7203,2643.306
main,A24F,0.7414,2892.531
main,A24F,0.7632,3226.761
main,A24F,0.7855,4084.558
main,A24F,0.8086,4925.529
main,A24F,0.8323,6116.709
main,A24F,0.8567,6680.784
main,A24F,0.8818,6991.880
main,A24F,0.9077,7641.634
main,A24F,0.9343,8469.006
main,A24F,0.9617,8684.280
main,A24F,0.9899,9301.485
main,A24F,1.0189,8768.329
main,A24F,1.0488,8537.017
main,A24F,1.0796,7662.732
main,A24F,1.1112,7070.523
main,A24F,1.1438,6883.295
main,A24F,1.1773,6651.023
main,A24F,1.2119,6306.747
main,A24F,1.2474,6149.555
main,A24F,1.2840,6605.593
main,A24F,1.3216,7332.532
main,A24F,1.3604,8573.348
main,A24F,1.4003,8875.493
main,A24F,1.4414,9168.104
main,A24F,1.4836,9494.155
main,A24F,1.5271,10474.082
main,A24F,1.5719,11054.666
main,A24F,1.6180,11777.151
main,A24F,1.6655,11547.239
main,A24F,1.7143,11151.395
main,A24F,1.7646,10019.603
main,A24F,1.8163,9634.082
main,A24F,1.8696,10446.692
main,A24F,1.9244,10244.550
main,A24F,1.9808,9896.226
main,A24F,2.0389,9702.365
main,A24F,2.0987,10242.264
main,A24F,2.1602,10242.257
main,A24F,2.2236,10056.258
main,A24F,2.2888,10305.536
main,A24F,2.3559,10691.044
main,A24F,2.4250,9920.862
main,A24F,2.4961,9546.894
main,A24F,2.5693,10022.233
main,A24F,2.6447,9790.071
main,A24F,2.7222,9472.726
main,A24F,2.8020,9302.542
main,A24F,2.8842,9032.518
main,A24F,2.9688,9494.874
main,A24F,3.0558,9999.663
main,A24F,3.1454,10673.900
main,A24F,3.2377,10709.705
main,A24F,3.3326,10547.266
main,A24F,3.4304,10262.563
main,A24F,3.5310,10117.378
main,A24F,3.6345,10572.298
main,A24F,3.7411,10403.511
main,A24F,3.8508,10613.043
main,A24F,3.9637,9959.203
main,A24F,4.0799,9581.995
main,A24F,4.1996,9859.087
main,A24F,4.3227,9854.813
main,A24F,4.4495,9831.019
main,A24F,4.5800,9975.546
main,A24F,4.7143,10145.505
main,A24F,4.8525,10613.768
main,A24F,4.9948,10446.899
main,A24F,5.1413,10948.165
main,A24F,5.2921,11307.973
main,A24F,5.4472,11477.591
main,A24F,5.6070,11485.222
main,A24F,5.7714,10929.622
main,A24F,5.9406,10717.827
main,A24F,6.1148,10306.174
main,A24F,6.2942,10451.373
main,A24F,6.4787,10319.826
main,A24F,6.6687,10025.308
main,A24F,6.8643,9778.415
main,A24F,7.0656,9453.595
main,A24F,7.2728,9357.661
main,A24F,7.4860,9403.439
main,A24F,7.7056,9906.230
main,A24F,7.9315,9930.474
main,A24F,8.1641,9579.146
main,A24F,8.4035,9386.907
main,A24F,8.6499,8692.391
main,A24F,8.9036,8045.710
main,A24F,9.1647,7446.574
main,A24F,9.4334,6602.911
main,A24F,9.7101,5841.693
main,A24F,9.9948,5050.855
main,A24F,10.2879,4463.229
main,A24F,10.5896,4136.534
main,A24F,10.9001,3606.972
main,A24F,11.2198,3176.293
main,A24F,11.5488,2821.476
main,A24F,11.8874,2271.360
main,A24F,12.2360,1976.161
main,A24F,12.5949,1721.731
main,A24F,12.9642,1515.848
main,A24F,13.3444,1444.129
main,A24F,13.7357,1324.585
main,A24F,14.1385,1180.959
main,A24F,14.5531,1065.455
main,A24F,14.9798,952.851
main,A24F,15.4191,858.088
main,A24F,15.8713,838.947
main,A24F,16.3367,830.488
main,A24F,16.8157,841.667
main,A24F,17.3089,790.027
main,A24F,17.8164,669.142
main,A24F,18.3389,676.019
main,A24F,18.8767,656.804
main,A24F,19.4302,677.769
main,A24F,20.0000,573.874
main,A28F,0.0200,35.438
main,A28F,0.0206,35.438
main,A28F,0.0212,35.438
main,A28F,0.0327,46.581
main,A28F,0.0336,46.581
main,A28F,0.0346,46.581
main,A28F,0.0357,46.581
main,A28F,0.0367,46.581
main,A28F,0.0389,60.274
main,A28F,0.0400,60.274
main,A28F,0.0412,60.274
main,A28F,0.0424,60.274
main,A28F,0.0490,150.749
main,A28F,0.0504,170.258
main,A28F,0.0519,170.258
main,A28F,0.0534,170.258
main,A28F,0.0550,170.258
main,A28F,0.0566,170.258
main,A28F,0.0583,156.007
main,A28F,0.0600,156.007
main,A28F,0.0617,156.007
main,A28F,0.0636,141.756
main,A28F,0.0654,106.450
main,A28F,0.0673,154.123
main,A28F,0.0693,154.123
main,A28F,0.0713,154.123
main,A28F,0.0734,154.123
main,A28F,0.0756,201.797
main,A28F,0.0778,213.954
main,A28F,0.0801,213.954
main,A28F,0.0824,182.460
main,A28F,0.0848,182.460
main,A28F,0.0873,140.305
main,A28F,0.0899,133.914
main,A28F,0.0925,133.914
main,A28F,0.0952,161.711
main,A28F,0.0980,150.844
main,A28F,0.1009,147.730
main,A28F,0.1039,147.730
main,A28F,0.1069,178.227
main,A28F,0.1101,166.641
main,A28F,0.1133,206.723
main,A28F,0.1166,189.509
main,A28F,0.1200,189.509
main,A28F,0.1235,180.696
main,A28F,0.1272,179.000
main,A28F,0.1309,153.293
main,A28F,0.1347,146.803
main,A28F,0.1387,137.558
main,A28F,0.1428,130.957
main,A28F,0.1469,158.819
main,A28F,0.1512,193.998
main,A28F,0.1557,193.998
main,A28F,0.1602,193.998
main,A28F,0.1649,187.332
main,A28F,0.1698,187.332
main,A28F,0.1748,276.619
main,A28F,0.1799,379.465
main,A28F,0.1852,379.465
main,A28F,0.1906,480.970
main,A28F,0.1962,627.418
main,A28F,0.2019,764.119
main,A28F,0.2079,764.119
main,A28F,0.2140,799.532
main,A28F,0.2202,1127.792
main,A28F,0.2267,1181.833
main,A28F,0.2333,933.741
main,A28F,0.2402,946.936
main,A28F,0.2472,918.661
main,A28F,0.2545,951.024
main,A28F,0.2619,1079.316
main,A28F,0.2696,1229.497
main,A28F,0.2775,1639.701
main,A28F,0.2857,1797.028
main,A28F,0.2940,1871.417
main,A28F,0.3027,2116.712
main,A28F,0.3115,2111.008
main,A28F,0.3207,2085.204
main,A28F,0.3301,2108.223
main,A28F,0.3397,2049.478
main,A28F,0.3497,1738.924
main,A28F,0.3600,1810.375
main,A28F,0.3705,1615.306
main,A28F,0.3814,1543.757
main,A28F,0.3926,1582.731
main,A28F,0.4041,1520.420
main,A28F,0.4159,1952.008
main,A28F,0.4281,2315.224
main,A28F,0.4407,2653.695
main,A28F,0.4536,3118.380
main,A28F,0.4669,3412.997
main,A28F,0.4806,3537.723
main,A28F,0.4947,3850.140
main,A28F,0.5092,4120.939
main,A28F,0.5241,4148.636
main,A28F,0.5395,4013.855
main,A28F,0.5553,3829.275
main,A28F,0.5716,3455.140
main,A28F,0.5884,3379.884
main,A28F,0.6056,2908.423
main,A28F,0.6234,2903.120
main,A28F,0.6417,2449.719
main,A28F,0.6605,2286.877
main,A28F,0.6798,2173.980
main,A28F,0.6998,2005.194
main,A28F,0.7203,2144.994
main,A28F,0.7414,2212.060
main,A28F,0.7632,2162.852
main,A28F,0.7855,2487.112
main,A28F,0.8086,2420.846
main,A28F,0.8323,2555.306
main,A28F,0.8567,2859.760
main,A28F,0.8818,2734.802
main,A28F,0.9077,2913.806
main,A28F,0.9343,3139.356
main,A28F,0.9617,3157.255
main,A28F,0.9899,3095.319
main,A28F,1.0189,3119.757
main,A28F,1.0488,3214.875
main,A28F,1.0796,3378.690
main,A28F,1.1112,3626.520
main,A28F,1.1438,3806.396
main,A28F,1.1773,4240.827
main,A28F,1.2119,4878.409
main,A28F,1.2474,4456.659
main,A28F,1.2840,4700.879
main,A28F,1.3216,5027.202
main,A28F,1.3604,5117.135
main,A28F,1.4003,5156.547
main,A28F,1.4414,5011.398
main,A28F,1.4836,5024.832
main,A28F,1.5271,5037.106
main,A28F,1.5719,4769.059
main,A28F,1.6180,4398.127
main,A28F,1.6655,4488.315
main,A28F,1.7143,4660.014
main,A28F,1.7646,4784.163
main,A28F,1.8163,4783.189
main,A28F,1.8696,4780.666
main,A28F,1.9244,4822.872
main,A28F,1.9808,5132.199
main,A28F,2.0389,5121.273
main,A28F,2.0987,5290.383
main,A28F,2.1602,5596.303
main,A28F,2.2236,5597.111
main,A28F,2.2888,5178.892
main,A28F,2.3559,5221.336
main,A28F,2.4250,5293.665
main,A28F,2.4961,5246.951
main,A28F,2.5693,5499.392
main,A28F,2.6447,5440.703
main,A28F,2.7222,5501.653
main,A28F,2.8020,5590.362
main,A28F,2.8842,5705.279
main,A28F,2.9688,5554.860
main,A28F,3.0558,6022.111
main,A28F,3.1454,6380.675
main,A28F,3.2377,6920.218
main,A28F,3.3326,6891.960
main,A28F,3.4304,6885.720
main,A28F,3.5310,6942.893
main,A28F,3.6345,7315.692
main,A28F,3.7411,7514.098
main,A28F,3.8508,7840.110
main,A28F,3.9637,7947.581
main,A28F,4.0799,7930.080
main,A28F,4.1996,7501.195
main,A28F,4.3227,7268.064
main,A28F,4.4495,7395.366
main,A28F,4.5800,7500.133
main,A28F,4.7143,7193.810
main,A28F,4.8525,6965.015
main,A28F,4.9948,6378.883
main,A28F,5.1413,6189.483
main,A28F,5.2921,6479.014
main,A28F,5.4472,6686.440
main,A28F,5.6070,6985.627
main,A28F,5.7714,6710.898
main,A28F,5.9406,6725.078
main,A28F,6.1148,6907.545
main,A28F,6.2942,6865.153
main,A28F,6.4787,6489.615
main,A28F,6.6687,5744.743
main,A28F,6.8643,5255.260
main,A28F,7.0656,5015.581
main,A28F,7.2728,5022.615
main,A28F,7.4860,5272.608
main,A28F,7.7056,5384.202
main,A28F,7.9315,5174.599
main,A28F,8.1641,5178.711
main,A28F,8.4035,5323.410
main,A28F,8.6499,5448.538
main,A28F,8.9036,6077.709
main,A28F,9.1647,6564.348
main,A28F,9.4334,6771.281
main,A28F,9.7101,6741.931
main,A28F,9.9948,6806.973
main,A28F,10.2879,6745.565
main,A28F,10.5896,6899.912
main,A28F,10.9001,6941.446
main,A28F,11.2198,7018.602
main,A28F,11.5488,6831.467
main,A28F,11.8874,6868.957
main,A28F,12.2360,6317.621
main,A28F,12.5949,6236.988
main,A28F,12.9642,5938.387
main,A28F,13.3444,5722.370
main,A28F,13.7357,5707.758
main,A28F,14.1385,5535.245
main,A28F,14.5531,5396.127
main,A28F,14.9798,5197.308
main,A28F,15.4191,5114.470
main,A28F,15.8713,5172.179
main,A28F,16.3367,5350.644
main,A28F,16.8157,5183.071
main,A28F,17.3089,5165.131
main,A28F,17.8164,4905.601
main,A28F,18.3389,4582.605
main,A28F,18.8767,4265.601
main,A28F,19.4302,3751.920
main,A28F,20.0000,3540.987
main,A29F,0.0200,14.847
main,A29F,0.0206,14.847
main,A29F,0.0212,14.847
main,A29F,0.0218,14.847
main,A29F,0.0336,33.100
main,A29F,0.0346,33.100
main,A29F,0.0357,33.100
main,A29F,0.0367,33.100
main,A29F,0.0389,49.109
main,A29F,0.0400,49.109
main,A29F,0.0412,49.109
main,A29F,0.0424,49.109
main,A29F,0.0436,49.109
main,A29F,0.0504,112.005
main,A29F,0.0519,112.005
main,A29F,0.0534,112.005
main,A29F,0.0550,112.005
main,A29F,0.0566,112.005
main,A29F,0.0583,121.779
main,A29F,0.0600,121.779
main,A29F,0.0617,121.779
main,A29F,0.0636,131.554
main,A29F,0.0654,131.554
main,A29F,0.0673,162.087
main,A29F,0.0693,162.087
main,A29F,0.0713,162.087
main,A29F,0.0734,162.087
main,A29F,0.0756,179.136
main,A29F,0.0778,161.287
main,A29F,0.0801,161.287
main,A29F,0.0824,161.287
main,A29F,0.0848,243.524
main,A29F,0.0873,287.829
main,A29F,0.0899,725.288
main,A29F,0.0925,725.288
main,A29F,0.0952,882.564
main,A29F,0.0980,882.564
main,A29F,0.1009,340.959
main,A29F,0.1039,340.959
main,A29F,0.1069,368.275
main,A29F,0.1101,368.275
main,A29F,0.1133,302.615
main,A29F,0.1166,323.633
main,A29F,0.1200,355.296
main,A29F,0.1235,374.058
main,A29F,0.1272,387.619
main,A29F,0.1309,387.619
main,A29F,0.1347,527.679
main,A29F,0.1387,555.693
main,A29F,0.1428,584.070
main,A29F,0.1469,584.070
main,A29F,0.1512,672.567
main,A29F,0.1557,731.589
main,A29F,0.1602,731.589
main,A29F,0.1649,750.676
main,A29F,0.1698,662.492
main,A29F,0.1748,658.799
main,A29F,0.1799,733.007
main,A29F,0.1852,861.143
main,A29F,0.1906,819.184
main,A29F,0.1962,819.184
main,A29F,0.2019,777.333
main,A29F,0.2079,777.333
main,A29F,0.2140,756.037
main,A29F,0.2202,882.142
main,A29F,0.2267,1213.557
main,A29F,0.2333,1152.802
main,A29F,0.2402,859.525
main,A29F,0.2472,749.392
main,A29F,0.2545,721.152
main,A29F,0.2619,821.979
main,A29F,0.2696,717.837
main,A29F,0.2775,822.336
main,A29F,0.2857,742.806
main,A29F,0.2940,692.170
main,A29F,0.3027,891.685
main,A29F,0.3115,937.782
main,A29F,0.3207,1050.384
main,A29F,0.3301,1195.432
main,A29F,0.3397,1196.182
main,A29F,0.3497,1204.992
main,A29F,0.3600,1283.018
main,A29F,0.3705,1225.987
main,A29F,0.3814,1444.952
main,A29F,0.3926,1427.325
main,A29F,0.4041,1399.125
main,A29F,0.4159,1390.128
main,A29F,0.4281,1451.815
main,A29F,0.4407,1578.937
main,A29F,0.4536,1750.215
main,A29F,0.4669,1836.820
main,A29F,0.4806,1807.728
main,A29F,0.4947,1730.622
main,A29F,0.5092,1768.702
main,A29F,0.5241,1901.311
main,A29F,0.5395,1870.318
main,A29F,0.5553,1965.194
main,A29F,0.5716,2050.645
main,A29F,0.5884,2090.545
main,A29F,0.6056,2351.485
main,A29F,0.6234,2641.439
main,A29F,0.6417,3449.335
main,A29F,0.6605,3818.576
main,A29F,0.6798,4044.969
main,A29F,0.6998,4535.985
main,A29F,0.7203,4925.590
main,A29F,0.7414,5467.258
main,A29F,0.7632,6095.825
main,A29F,0.7855,6782.350
main,A29F,0.8086,6970.459
main,A29F,0.8323,6549.615
main,A29F,0.8567,6109.639
main,A29F,0.8818,6202.115
main,A29F,0.9077,6551.958
main,A29F,0.9343,7171.750
main,A29F,0.9617,7543.984
main,A29F,0.9899,8583.117
main,A29F,1.0189,9477.588
main,A29F,1.0488,10214.698
main,A29F,1.0796,11657.472
main,A29F,1.1112,13185.876
main,A29F,1.1438,14417.252
main,A29F,1.1773,15343.119
main,A29F,1.2119,17760.989
main,A29F,1.2474,18496.557
main,A29F,1.2840,18316.928
main,A29F,1.3216,17282.376
main,A29F,1.3604,16034.286
main,A29F,1.4003,14608.008
main,A29F,1.4414,15467.632
main,A29F,1.4836,15911.053
main,A29F,1.5271,15201.604
main,A29F,1.5719,16001.810
main,A29F,1.6180,15228.689
main,A29F,1.6655,14991.276
main,A29F,1.7143,16226.355
main,A29F,1.7646,17405.162
main,A29F,1.8163,18050.122
main,A29F,1.8696,18887.430
main,A29F,1.9244,17341.232
main,A29F,1.9808,16906.144
main,A29F,2.0389,15989.015
main,A29F,2.0987,15085.930
main,A29F,2.1602,15257.807
main,A29F,2.2236,15231.587
main,A29F,2.2888,14935.946
main,A29F,2.3559,16795.385
main,A29F,2.4250,16548.747
main,A29F,2.4961,16829.412
main,A29F,2.5693,17476.830
main,A29F,2.6447,17788.170
main,A29F,2.7222,18814.154
main,A29F,2.8020,20505.533
main,A29F,2.8842,21094.031
main,A29F,2.9688,22531.308
main,A29F,3.0558,22358.833
main,A29F,3.1454,21169.584
main,A29F,3.2377,20145.584
main,A29F,3.3326,20123.178
main,A29F,3.4304,20177.874
main,A29F,3.5310,20702.254
main,A29F,3.6345,19976.125
main,A29F,3.7411,18926.862
main,A29F,3.8508,18528.650
main,A29F,3.9637,17495.957
main,A29F,4.0799,15879.870
main,A29F,4.1996,15012.334
main,A29F,4.3227,14327.296
main,A29F,4.4495,13532.438
main,A29F,4.5800,13048.804
main,A29F,4.7143,11779.089
main,A29F,4.8525,10851.666
main,A29F,4.9948,10012.954
main,A29F,5.1413,9623.556
main,A29F,5.2921,10037.781
main,A29F,5.4472,10082.413
main,A29F,5.6070,10238.074
main,A29F,5.7714,10112.200
main,A29F,5.9406,9818.848
main,A29F,6.1148,9810.900
main,A29F,6.2942,9595.796
main,A29F,6.4787,10318.293
main,A29F,6.6687,10225.159
main,A29F,6.8643,10040.078
main,A29F,7.0656,9643.866
main,A29F,7.2728,9748.846
main,A29F,7.4860,10075.838
main,A29F,7.7056,10327.351
main,A29F,7.9315,9902.664
main,A29F,8.1641,10102.726
main,A29F,8.4035,10293.283
main,A29F,8.6499,9680.207
main,A29F,8.9036,9134.716
main,A29F,9.1647,9293.487
main,A29F,9.4334,9184.745
main,A29F,9.7101,8391.308
main,A29F,9.9948,7901.088
main,A29F,10.2879,7748.079
main,A29F,10.5896,7512.177
main,A29F,10.9001,6839.250
main,A29F,11.2198,6052.563
main,A29F,11.5488,5859.133
main,A29F,11.8874,5539.224
main,A29F,12.2360,5213.775
main,A29F,12.5949,5092.365
main,A29F,12.9642,4962.824
main,A29F,13.3444,4827.131
main,A29F,13.7357,4564.699
main,A29F,14.1385,4398.642
main,A29F,14.5531,4418.873
main,A29F,14.9798,4564.910
main,A29F,15.4191,4442.472
main,A29F,15.8713,4292.725
main,A29F,16.3367,4019.799
main,A29F,16.8157,3692.465
main,A29F,17.3089,3493.418
main,A29F,17.8164,3157.606
main,A29F,18.3389,2777.439
main,A29F,18.8767,2631.893
main,A29F,19.4302,2402.974
main,A29F,20.0000,2219.057
main,AF01,0.0462,69.960
main,AF01,0.0476,71.393
main,AF01,0.0490,71.393
main,AF01,0.0504,72.825
main,AF01,0.0519,72.825
main,AF01,0.0534,72.825
main,AF01,0.0550,72.825
main,AF01,0.0566,72.825
main,AF01,0.0583,107.443
main,AF01,0.0925,756.392
main,AF01,0.0952,783.426
main,AF01,0.0980,783.426
main,AF01,0.1009,825.975
main,AF01,0.1039,825.975
main,AF01,0.1069,921.046
main,AF01,0.1101,921.046
main,AF01,0.1133,974.342
main,AF01,0.1166,1170.874
main,AF01,0.1387,961.203
main,AF01,0.1428,1071.049
main,AF01,0.1469,1071.049
main,AF01,0.1512,1177.699
main,AF01,0.1557,1177.699
main,AF01,0.1602,1177.699
main,AF01,0.1649,1363.276
main,AF01,0.1698,1363.276
main,AF01,0.1748,1466.429
main,AF01,0.1852,4401.032
main,AF01,0.1906,4521.563
main,AF01,0.1962,4521.563
main,AF01,0.2019,5565.432
main,AF01,0.2079,5565.432
main,AF01,0.2140,5886.469
main,AF01,0.2202,5291.884
main,AF01,0.2267,3730.946
main,AF01,0.2333,4142.137
main,AF01,0.2402,3955.903
main,AF01,0.2472,4425.461
main,AF01,0.2545,4760.218
main,AF01,0.2619,4747.602
main,AF01,0.2696,4645.159
main,AF01,0.2775,3624.897
main,AF01,0.2857,3673.542
main,AF01,0.2940,4035.368
main,AF01,0.3027,3465.696
main,AF01,0.3115,3465.696
main,AF01,0.3207,4171.342
main,AF01,0.3301,4064.271
main,AF01,0.3397,4211.316
main,AF01,0.3497,4090.913
main,AF01,0.3600,15845.403
main,AF01,0.3705,6195.288
main,AF01,0.3814,6567.531
main,AF01,0.3926,7139.792
main,AF01,0.4041,7790.920
main,AF01,0.4159,6967.859
main,AF01,0.4281,7094.363
main,AF01,0.4407,7996.578
main,AF01,0.4536,10473.397
main,AF01,0.4669,11759.325
main,AF01,0.4806,13516.559
main,AF01,0.4947,14487.493
main,AF01,0.5092,19374.246
main,AF01,0.5241,20316.032
main,AF01,0.5395,32524.607
main,AF01,0.5553,31145.756
main,AF01,0.5716,36515.752
main,AF01,0.5884,37490.598
main,AF01,0.6056,46782.592
main,AF01,0.6234,48069.337
main,AF01,0.6417,52140.293
main,AF01,0.6605,48106.377
main,AF01,0.6798,47679.945
main,AF01,0.6998,49222.428
main,AF01,0.7203,60813.171
main,AF01,0.7414,58333.665
main,AF01,0.7632,53328.069
main,AF01,0.7855,54193.398
main,AF01,0.8086,53383.208
main,AF01,0.8323,55661.065
main,AF01,0.8567,59699.536
main,AF01,0.8818,61574.741
main,AF01,0.9077,62077.678
main,AF01,0.9343,64297.711
main,AF01,0.9617,69170.616
main,AF01,0.9899,67314.791
main,AF01,1.0189,88868.304
main,AF01,1.0488,95761.132
main,AF01,1.0796,121175.375
main,AF01,1.1112,110111.899
main,AF01,1.1438,111901.073
main,AF01,1.1773,99061.142
main,AF01,1.2119,97483.879
main,AF01,1.2474,96681.647
main,AF01,1.2840,114502.236
main,AF01,1.3216,113181.000
main,AF01,1.3604,107084.520
main,AF01,1.4003,103553.808
main,AF01,1.4414,108122.071
main,AF01,1.4836,101892.099
main,AF01,1.5271,97146.157
main,AF01,1.5719,107145.749
main,AF01,1.6180,118269.907
main,AF01,1.6655,126868.895
main,AF01,1.7143,126919.001
main,AF01,1.7646,123491.404
main,AF01,1.8163,116857.348
main,AF01,1.8696,117532.863
main,AF01,1.9244,115437.641
main,AF01,1.9808,116377.780
main,AF01,2.0389,113823.499
main,AF01,2.0987,111324.406
main,AF01,2.1602,111672.139
main,AF01,2.2236,93728.348
main,AF01,2.2888,85183.740
main,AF01,2.3559,82379.040
main,AF01,2.4250,79375.981
main,AF01,2.4961,73236.108
main,AF01,2.5693,75170.718
main,AF01,2.6447,80155.664
main,AF01,2.7222,89505.759
main,AF01,2.8020,81343.264
main,AF01,2.8842,79908.552
main,AF01,2.9688,79670.571
main,AF01,3.0558,76558.292
main,AF01,3.1454,77198.141
main,AF01,3.2377,81771.731
main,AF01,3.3326,84009.565
main,AF01,3.4304,76817.781
main,AF01,3.5310,70776.009
main,AF01,3.6345,64009.482
main,AF01,3.7411,61855.444
main,AF01,3.8508,59236.153
main,AF01,3.9637,61354.903
main,AF01,4.0799,66577.834
main,AF01,4.1996,67180.302
main,AF01,4.3227,64495.137
main,AF01,4.4495,67947.143
main,AF01,4.5800,66452.693
main,AF01,4.7143,70221.056
main,AF01,4.8525,73108.435
main,AF01,4.9948,78925.918
main,AF01,5.1413,85508.153
main,AF01,5.2921,80312.422
main,AF01,5.4472,74914.644
main,AF01,5.6070,77379.446
main,AF01,5.7714,77799.710
main,AF01,5.9406,81299.081
main,AF01,6.1148,79313.175
main,AF01,6.2942,73707.408
main,AF01,6.4787,75968.463
main,AF01,6.6687,71705.769
main,AF01,6.8643,68422.710
main,AF01,7.0656,64389.858
main,AF01,7.2728,60799.822
main,AF01,7.4860,54418.796
main,AF01,7.7056,48027.895
main,AF01,7.9315,43853.493
main,AF01,8.1641,38373.667
main,AF01,8.4035,34367.748
main,AF01,8.6499,32547.765
main,AF01,8.9036,31841.786
main,AF01,9.1647,31086.066
main,AF01,9.4334,30455.083
main,AF01,9.7101,30463.146
main,AF01,9.9948,30249.480
main,AF01,10.2879,26570.403
main,AF01,10.5896,25161.726
main,AF01,10.9001,26910.998
main,AF01,11.2198,25719.673
main,AF01,11.5488,23039.787
main,AF01,11.8874,22489.336
main,AF01,12.2360,20816.717
main,AF01,12.5949,20892.033
main,AF01,12.9642,20388.342
main,AF01,13.3444,20798.317
main,AF01,13.7357,20781.521
main,AF01,14.1385,20199.149
main,AF01,14.5531,21046.763
main,AF01,14.9798,22382.312
main,AF01,15.4191,21475.113
main,AF01,15.8713,20017.194
main,AF01,16.3367,20335.576
main,AF01,16.8157,20111.460
main,AF01,17.3089,19117.834
main,AF01,17.8164,18056.571
main,AF01,18.3389,17659.170
main,AF01,18.8767,16587.633
main,AF01,19.4302,13837.661
main,AF01,20.0000,12120.372
main,PB01,0.0231,5.227
main,PB01,0.0238,5.227
main,PB01,0.0245,5.227
main,PB01,0.0291,12.244
main,PB01,0.0300,12.244
main,PB01,0.0462,53.191
main,PB01,0.0476,78.100
main,PB01,0.0490,78.100
main,PB01,0.0504,103.008
main,PB01,0.0519,103.008
main,PB01,0.0534,103.008
main,PB01,0.0550,103.008
main,PB01,0.0566,103.008
main,PB01,0.0583,103.436
main,PB01,0.0600,103.436
main,PB01,0.0693,88.101
main,PB01,0.0713,88.101
main,PB01,0.0734,88.101
main,PB01,0.0756,116.482
main,PB01,0.0778,100.978
main,PB01,0.0801,100.978
main,PB01,0.0824,100.978
main,PB01,0.0848,100.978
main,PB01,0.0873,116.335
main,PB01,0.0899,116.262
main,PB01,0.0925,99.290
main,PB01,0.0952,130.269
main,PB01,0.0980,130.269
main,PB01,0.1009,151.945
main,PB01,0.1039,151.945
main,PB01,0.1069,184.567
main,PB01,0.1101,184.567
main,PB01,0.1133,221.018
main,PB01,0.1166,297.784
main,PB01,0.1200,297.784
main,PB01,0.1235,531.910
main,PB01,0.1272,551.249
main,PB01,0.1309,551.249
main,PB01,0.1347,643.479
main,PB01,0.1387,466.190
main,PB01,0.1428,522.584
main,PB01,0.1469,522.584
main,PB01,0.1512,583.833
main,PB01,0.1557,462.485
main,PB01,0.1602,462.485
main,PB01,0.1649,523.594
main,PB01,0.1698,523.594
main,PB01,0.1748,538.186
main,PB01,0.1799,546.755
main,PB01,0.1852,549.021
main,PB01,0.1906,569.056
main,PB01,0.1962,569.056
main,PB01,0.2019,641.886
main,PB01,0.2079,695.615
main,PB01,0.2140,923.220
main,PB01,0.2202,964.773
main,PB01,0.2267,1003.128
main,PB01,0.2333,890.234
main,PB01,0.2402,959.665
main,PB01,0.2472,1028.901
main,PB01,0.2545,1093.546
main,PB01,0.2619,1056.506
main,PB01,0.2696,1043.378
main,PB01,0.2775,1168.828
main,PB01,0.2857,1164.227
main,PB01,0.2940,1138.166
main,PB01,0.3027,1278.993
main,PB01,0.3115,1694.724
main,PB01,0.3207,1687.797
main,PB01,0.3301,1386.039
main,PB01,0.3397,1522.266
main,PB01,0.3497,1354.000
main,PB01,0.3600,1369.212
main,PB01,0.3705,1087.633
main,PB01,0.3814,1104.060
main,PB01,0.3926,1262.993
main,PB01,0.4041,1091.904
main,PB01,0.4159,1016.550
main,PB01,0.4281,1026.609
main,PB01,0.4407,1121.978
main,PB01,0.4536,1146.355
main,PB01,0.4669,1221.891
main,PB01,0.4806,1203.961
main,PB01,0.4947,1512.014
main,PB01,0.5092,1537.527
main,PB01,0.5241,1360.434
main,PB01,0.5395,1281.335
main,PB01,0.5553,1321.910
main,PB01,0.5716,1291.304
main,PB01,0.5884,1260.906
main,PB01,0.6056,1271.058
main,PB01,0.6234,1280.126
main,PB01,0.6417,1182.441
main,PB01,0.6605,1188.472
main,PB01,0.6798,1127.488
main,PB01,0.6998,1109.597
main,PB01,0.7203,1237.697
main,PB01,0.7414,1581.177
main,PB01,0.7632,1553.444
main,PB01,0.7855,1558.019
main,PB01,0.8086,1624.346
main,PB01,0.8323,1714.863
main,PB01,0.8567,1609.723
main,PB01,0.8818,1864.831
main,PB01,0.9077,1967.259
main,PB01,0.9343,2068.583
main,PB01,0.9617,2084.090
main,PB01,0.9899,2142.356
main,PB01,1.0189,2170.587
main,PB01,1.0488,2190.004
main,PB01,1.0796,2232.047
main,PB01,1.1112,2442.908
main,PB01,1.1438,2474.885
main,PB01,1.1773,2517.102
main,PB01,1.2119,2670.188
main,PB01,1.2474,2489.587
main,PB01,1.2840,2557.993
main,PB01,1.3216,2464.842
main,PB01,1.3604,2447.746
main,PB01,1.4003,2417.489
main,PB01,1.4414,2432.960
main,PB01,1.4836,2381.539
main,PB01,1.5271,2507.388
main,PB01,1.5719,2557.046
main,PB01,1.6180,2864.939
main,PB01,1.6655,2945.388
main,PB01,1.7143,3132.738
main,PB01,1.7646,3489.988
main,PB01,1.8163,3793.197
main,PB01,1.8696,3649.194
main,PB01,1.9244,3434.179
main,PB01,1.9808,3781.883
main,PB01,2.0389,4103.857
main,PB01,2.0987,4368.885
main,PB01,2.1602,4359.850
main,PB01,2.2236,4488.939
main,PB01,2.2888,4440.523
main,PB01,2.3559,4377.909
main,PB01,2.4250,4452.902
main,PB01,2.4961,4613.781
main,PB01,2.5693,5533.533
main,PB01,2.6447,6108.715
main,PB01,2.7222,6785.769
main,PB01,2.8020,6872.497
main,PB01,2.8842,6791.756
main,PB01,2.9688,7372.403
main,PB01,3.0558,7011.156
main,PB01,3.1454,7646.191
main,PB01,3.2377,7362.874
main,PB01,3.3326,7498.507
main,PB01,3.4304,7213.879
main,PB01,3.5310,6836.753
main,PB01,3.6345,7021.593
main,PB01,3.7411,7241.703
main,PB01,3.8508,6864.327
main,PB01,3.9637,7058.173
main,PB01,4.0799,7208.290
main,PB01,4.1996,7281.116
main,PB01,4.3227,7662.580
main,PB01,4.4495,7019.486
main,PB01,4.5800,6844.854
main,PB01,4.7143,6971.920
main,PB01,4.8525,6237.510
main,PB01,4.9948,6400.682
main,PB01,5.1413,6358.602
main,PB01,5.2921,6267.581
main,PB01,5.4472,6559.208
main,PB01,5.6070,6425.848
main,PB01,5.7714,6694.754
main,PB01,5.9406,7087.907
main,PB01,6.1148,6975.642
main,PB01,6.2942,6738.585
main,PB01,6.4787,6896.314
main,PB01,6.6687,6459.968
main,PB01,6.8643,6120.706
main,PB01,7.0656,5892.871
main,PB01,7.2728,5451.629
main,PB01,7.4860,5425.348
main,PB01,7.7056,4966.163
main,PB01,7.9315,4569.917
main,PB01,8.1641,4523.909
main,PB01,8.4035,4359.802
main,PB01,8.6499,4243.119
main,PB01,8.9036,4441.554
main,PB01,9.1647,4306.766
main,PB01,9.4334,4266.595
main,PB01,9.7101,4141.764
main,PB01,9.9948,4078.109
main,PB01,10.2879,4081.358
main,PB01,10.5896,3915.117
main,PB01,10.9001,3899.431
main,PB01,11.2198,3804.622
main,PB01,11.5488,3533.120
main,PB01,11.8874,3329.065
main,PB01,12.2360,3238.126
main,PB01,12.5949,3128.221
main,PB01,12.9642,3088.221
main,PB01,13.3444,2926.212
main,PB01,13.7357,2901.840
main,PB01,14.1385,2816.451
main,PB01,14.5531,2749.597
main,PB01,14.9798,2715.995
main,PB01,15.4191,2635.373
main,PB01,15.8713,2606.567
main,PB01,16.3367,2444.084
main,PB01,16.8157,2333.757
main,PB01,17.3089,2113.297
main,PB01,17.8164,1932.514
main,PB01,18.3389,1728.763
main,PB01,18.8767,1528.351
main,PB01,19.4302,1312.736
main,PB01,20.0000,1115.915
main,PB02,0.0231,57.005
main,PB02,0.0238,57.005
main,PB02,0.0245,57.005
main,PB02,0.0291,79.147
main,PB02,0.0300,79.147
main,PB02,0.0462,41.536
main,PB02,0.0476,50.947
main,PB02,0.0490,50.947
main,PB02,0.0504,60.359
main,PB02,0.0519,60.359
main,PB02,0.0534,60.359
main,PB02,0.0550,60.359
main,PB02,0.0566,60.359
main,PB02,0.0583,84.217
main,PB02,0.0600,84.217
main,PB02,0.0693,144.387
main,PB02,0.0713,144.387
main,PB02,0.0734,144.387
main,PB02,0.0756,149.258
main,PB02,0.0778,171.926
main,PB02,0.0801,171.926
main,PB02,0.0824,171.926
main,PB02,0.0848,171.926
main,PB02,0.0873,203.188
main,PB02,0.0899,230.153
main,PB02,0.0925,1177.898
main,PB02,0.0952,1146.226
main,PB02,0.0980,1146.226
main,PB02,0.1009,1185.433
main,PB02,0.1039,1185.433
main,PB02,0.1069,1075.101
main,PB02,0.1101,1075.101
main,PB02,0.1133,968.660
main,PB02,0.1166,1364.834
main,PB02,0.1200,1364.834
main,PB02,0.1235,1827.252
main,PB02,0.1272,2018.950
main,PB02,0.1309,2018.950
main,PB02,0.1347,2349.705
main,PB02,0.1387,944.984
main,PB02,0.1428,967.448
main,PB02,0.1469,967.448
main,PB02,0.1512,948.967
main,PB02,0.1557,948.967
main,PB02,0.1602,730.658
main,PB02,0.1649,765.179
main,PB02,0.1698,765.179
main,PB02,0.1748,831.606
main,PB02,0.1799,930.799
main,PB02,0.1852,653.616
main,PB02,0.1906,717.545
main,PB02,0.1962,717.545
main,PB02,0.2019,734.431
main,PB02,0.2079,779.383
main,PB02,0.2140,808.094
main,PB02,0.2202,775.985
main,PB02,0.2267,800.622
main,PB02,0.2333,747.803
main,PB02,0.2402,715.927
main,PB02,0.2472,809.527
main,PB02,0.2545,854.431
main,PB02,0.2619,870.110
main,PB02,0.2696,919.164
main,PB02,0.2775,1065.500
main,PB02,0.2857,1027.579
main,PB02,0.2940,1054.462
main,PB02,0.3027,1107.659
main,PB02,0.3115,1107.659
main,PB02,0.3207,938.675
main,PB02,0.3301,954.153
main,PB02,0.3397,855.977
main,PB02,0.3497,1065.410
main,PB02,0.3600,1006.490
main,PB02,0.3705,939.666
main,PB02,0.3814,1001.487
main,PB02,0.3926,1165.943
main,PB02,0.4041,1250.335
main,PB02,0.4159,1440.940
main,PB02,0.4281,1754.077
main,PB02,0.4407,1859.608
main,PB02,0.4536,1693.654
main,PB02,0.4669,1833.465
main,PB02,0.4806,2019.512
main,PB02,0.4947,2534.652
main,PB02,0.5092,2547.096
main,PB02,0.5241,2185.354
main,PB02,0.5395,2111.153
main,PB02,0.5553,2033.873
main,PB02,0.5716,1924.732
main,PB02,0.5884,1971.058
main,PB02,0.6056,1897.898
main,PB02,0.6234,1944.778
main,PB02,0.6417,1828.646
main,PB02,0.6605,1828.277
main,PB02,0.6798,1889.513
main,PB02,0.6998,1894.588
main,PB02,0.7203,1954.556
main,PB02,0.7414,2122.783
main,PB02,0.7632,2066.529
main,PB02,0.7855,2312.234
main,PB02,0.8086,2842.594
main,PB02,0.8323,3283.217
main,PB02,0.8567,3803.709
main,PB02,0.8818,4088.913
main,PB02,0.9077,3923.193
main,PB02,0.9343,4037.002
main,PB02,0.9617,4023.064
main,PB02,0.9899,4186.733
main,PB02,1.0189,4644.112
main,PB02,1.0488,4913.877
main,PB02,1.0796,4798.704
main,PB02,1.1112,5364.401
main,PB02,1.1438,6176.857
main,PB02,1.1773,7484.419
main,PB02,1.2119,8336.179
main,PB02,1.2474,8686.813
main,PB02,1.2840,9088.202
main,PB02,1.3216,9599.733
main,PB02,1.3604,9882.151
main,PB02,1.4003,10469.936
main,PB02,1.4414,10558.278
main,PB02,1.4836,10063.566
main,PB02,1.5271,10168.814
main,PB02,1.5719,9672.932
main,PB02,1.6180,10213.888
main,PB02,1.6655,10227.033
main,PB02,1.7143,10902.958
main,PB02,1.7646,11335.491
main,PB02,1.8163,12529.569
main,PB02,1.8696,12271.320
main,PB02,1.9244,12480.785
main,PB02,1.9808,12815.362
main,PB02,2.0389,12678.372
main,PB02,2.0987,12829.990
main,PB02,2.1602,12492.624
main,PB02,2.2236,13718.216
main,PB02,2.2888,13735.281
main,PB02,2.3559,14397.878
main,PB02,2.4250,15204.623
main,PB02,2.4961,17816.229
main,PB02,2.5693,19438.278
main,PB02,2.6447,19740.140
main,PB02,2.7222,20968.277
main,PB02,2.8020,23295.816
main,PB02,2.8842,24149.390
main,PB02,2.9688,23351.502
main,PB02,3.0558,22632.439
main,PB02,3.1454,21667.840
main,PB02,3.2377,21591.015
main,PB02,3.3326,20837.227
main,PB02,3.4304,20823.613
main,PB02,3.5310,20286.260
main,PB02,3.6345,19025.945
main,PB02,3.7411,17496.358
main,PB02,3.8508,17658.564
main,PB02,3.9637,17183.645
main,PB02,4.0799,17180.965
main,PB02,4.1996,16779.857
main,PB02,4.3227,16574.448
main,PB02,4.4495,16183.398
main,PB02,4.5800,16063.932
main,PB02,4.7143,16096.542
main,PB02,4.8525,16241.970
main,PB02,4.9948,15148.119
main,PB02,5.1413,15284.764
main,PB02,5.2921,15408.272
main,PB02,5.4472,15607.328
main,PB02,5.6070,15865.068
main,PB02,5.7714,16758.893
main,PB02,5.9406,17142.173
main,PB02,6.1148,16649.218
main,PB02,6.2942,16771.880
main,PB02,6.4787,17228.546
main,PB02,6.6687,17133.989
main,PB02,6.8643,17085.714
main,PB02,7.0656,17327.782
main,PB02,7.2728,17099.848
main,PB02,7.4860,17231.988
main,PB02,7.7056,15828.901
main,PB02,7.9315,15269.288
main,PB02,8.1641,15298.256
main,PB02,8.4035,14986.334
main,PB02,8.6499,14775.707
main,PB02,8.9036,14820.909
main,PB02,9.1647,14735.446
main,PB02,9.4334,14550.276
main,PB02,9.7101,14047.376
main,PB02,9.9948,14197.017
main,PB02,10.2879,14458.931
main,PB02,10.5896,14535.139
main,PB02,10.9001,14174.878
main,PB02,11.2198,14129.968
main,PB02,11.5488,13882.708
main,PB02,11.8874,13532.690
main,PB02,12.2360,13182.205
main,PB02,12.5949,13322.676
main,PB02,12.9642,12782.439
main,PB02,13.3444,12267.000
main,PB02,13.7357,11678.223
main,PB02,14.1385,11215.969
main,PB02,14.5531,11053.227
main,PB02,14.9798,10558.805
main,PB02,15.4191,9967.659
main,PB02,15.8713,9488.932
main,PB02,16.3367,8953.050
main,PB02,16.8157,8426.650
main,PB02,17.3089,8111.958
main,PB02,17.8164,7688.104
main,PB02,18.3389,7245.527
main,PB02,18.8767,6827.704
main,PB02,19.4302,6306.395
main,PB02,20.0000,5620.970
main,PB03,0.0291,109.207
main,PB03,0.0300,109.207
main,PB03,0.0309,109.207
main,PB03,0.0318,109.207
main,PB03,0.0327,109.207
main,PB03,0.0336,109.207
main,PB03,0.0534,140.223
main,PB03,0.0550,140.223
main,PB03,0.0566,140.223
main,PB03,0.0583,173.355
main,PB03,0.0600,173.355
main,PB03,0.0617,173.355
main,PB03,0.0636,206.487
main,PB03,0.0654,206.487
main,PB03,0.0673,211.978
main,PB03,0.0801,356.207
main,PB03,0.0824,356.207
main,PB03,0.0848,356.207
main,PB03,0.0873,391.557
main,PB03,0.0899,476.097
main,PB03,0.0925,476.097
main,PB03,0.0952,451.047
main,PB03,0.0980,451.047
main,PB03,0.1009,431.602
main,PB03,0.1039,431.602
main,PB03,0.1069,694.190
main,PB03,0.1101,694.190
main,PB03,0.1133,698.741
main,PB03,0.1166,843.768
main,PB03,0.1200,843.768
main,PB03,0.1235,947.187
main,PB03,0.1272,1018.987
main,PB03,0.1309,1018.987
main,PB03,0.1347,836.042
main,PB03,0.1387,945.691
main,PB03,0.1428,1002.056
main,PB03,0.1469,1002.056
main,PB03,0.1512,1096.434
main,PB03,0.1557,1096.434
main,PB03,0.1602,1466.907
main,PB03,0.1649,1558.796
main,PB03,0.1698,1558.796
main,PB03,0.1748,2529.691
main,PB03,0.1799,2575.390
main,PB03,0.1852,2600.970
main,PB03,0.1906,2604.144
main,PB03,0.1962,2604.144
main,PB03,0.2019,2669.717
main,PB03,0.2079,3064.417
main,PB03,0.2140,2279.405
main,PB03,0.2202,2371.467
main,PB03,0.2267,2407.890
main,PB03,0.2333,2464.050
main,PB03,0.2402,2756.076
main,PB03,0.2472,3280.897
main,PB03,0.2545,3422.025
main,PB03,0.2619,2677.176
main,PB03,0.2696,2741.263
main,PB03,0.2775,2636.836
main,PB03,0.2857,2814.412
main,PB03,0.2940,2515.327
main,PB03,0.3027,2519.298
main,PB03,0.3115,2519.298
main,PB03,0.3207,2650.612
main,PB03,0.3301,2844.321
main,PB03,0.3397,2911.087
main,PB03,0.3497,3584.219
main,PB03,0.3600,3612.838
main,PB03,0.3705,3936.931
main,PB03,0.3814,5917.763
main,PB03,0.3926,6144.228
main,PB03,0.4041,3777.338
main,PB03,0.4159,4041.096
main,PB03,0.4281,4099.620
main,PB03,0.4407,4141.139
main,PB03,0.4536,4292.417
main,PB03,0.4669,4467.107
main,PB03,0.4806,4261.392
main,PB03,0.4947,4166.902
main,PB03,0.5092,4599.585
main,PB03,0.5241,5634.591
main,PB03,0.5395,5332.859
main,PB03,0.5553,4491.770
main,PB03,0.5716,4678.759
main,PB03,0.5884,4502.037
main,PB03,0.6056,4417.123
main,PB03,0.6234,4786.993
main,PB03,0.6417,5312.586
main,PB03,0.6605,5604.154
main,PB03,0.6798,6286.466
main,PB03,0.6998,6847.182
main,PB03,0.7203,6965.681
main,PB03,0.7414,8187.257
main,PB03,0.7632,9123.219
main,PB03,0.7855,10607.015
main,PB03,0.8086,11197.114
main,PB03,0.8323,11068.604
main,PB03,0.8567,10249.899
main,PB03,0.8818,10636.819
main,PB03,0.9077,10123.207
main,PB03,0.9343,10169.870
main,PB03,0.9617,9427.421
main,PB03,0.9899,8938.956
main,PB03,1.0189,7660.155
main,PB03,1.0488,7098.072
main,PB03,1.0796,6864.560
main,PB03,1.1112,7272.601
main,PB03,1.1438,7626.214
main,PB03,1.1773,7722.987
main,PB03,1.2119,7841.582
main,PB03,1.2474,8141.210
main,PB03,1.2840,8335.306
main,PB03,1.3216,9264.125
main,PB03,1.3604,8896.708
main,PB03,1.4003,9255.045
main,PB03,1.4414,9126.901
main,PB03,1.4836,9151.574
main,PB03,1.5271,8946.904
main,PB03,1.5719,9686.333
main,PB03,1.6180,10260.588
main,PB03,1.6655,11849.265
main,PB03,1.7143,12647.135
main,PB03,1.7646,11541.580
main,PB03,1.8163,11744.587
main,PB03,1.8696,12275.646
main,PB03,1.9244,11904.942
main,PB03,1.9808,11278.901
main,PB03,2.0389,11924.375
main,PB03,2.0987,12259.436
main,PB03,2.1602,12258.548
main,PB03,2.2236,11589.523
main,PB03,2.2888,12945.031
main,PB03,2.3559,14503.018
main,PB03,2.4250,14444.220
main,PB03,2.4961,13665.574
main,PB03,2.5693,13963.223
main,PB03,2.6447,14571.457
main,PB03,2.7222,14481.207
main,PB03,2.8020,15399.339
main,PB03,2.8842,15487.737
main,PB03,2.9688,17668.838
main,PB03,3.0558,16668.976
main,PB03,3.1454,16836.226
main,PB03,3.2377,17400.677
main,PB03,3.3326,19840.541
main,PB03,3.4304,21272.468
main,PB03,3.5310,21619.327
main,PB03,3.6345,23194.329
main,PB03,3.7411,24043.634
main,PB03,3.8508,23813.279
main,PB03,3.9637,24030.369
main,PB03,4.0799,25000.882
main,PB03,4.1996,24862.713
main,PB03,4.3227,25499.107
main,PB03,4.4495,25983.613
main,PB03,4.5800,26027.885
main,PB03,4.7143,25343.689
main,PB03,4.8525,26323.015
main,PB03,4.9948,25356.974
main,PB03,5.1413,25090.166
main,PB03,5.2921,25008.131
main,PB03,5.4472,25224.574
main,PB03,5.6070,26021.721
main,PB03,5.7714,25821.538
main,PB03,5.9406,25913.793
main,PB03,6.1148,26609.547
main,PB03,6.2942,26498.804
main,PB03,6.4787,25263.562
main,PB03,6.6687,26553.877
main,PB03,6.8643,26337.097
main,PB03,7.0656,24941.561
main,PB03,7.2728,24401.480
main,PB03,7.4860,23511.522
main,PB03,7.7056,23505.190
main,PB03,7.9315,22620.721
main,PB03,8.1641,21413.171
main,PB03,8.4035,21494.738
main,PB03,8.6499,22477.611
main,PB03,8.9036,22700.846
main,PB03,9.1647,23186.142
main,PB03,9.4334,23920.800
main,PB03,9.7101,25075.794
main,PB03,9.9948,25688.296
main,PB03,10.2879,25514.352
main,PB03,10.5896,26151.349
main,PB03,10.9001,26168.956
main,PB03,11.2198,25329.254
main,PB03,11.5488,23825.624
main,PB03,11.8874,22771.617
main,PB03,12.2360,22710.013
main,PB03,12.5949,21591.023
main,PB03,12.9642,20244.874
main,PB03,13.3444,19188.488
main,PB03,13.7357,18234.874
main,PB03,14.1385,17922.672
main,PB03,14.5531,17563.498
main,PB03,14.9798,17211.079
main,PB03,15.4191,16824.661
main,PB03,15.8713,16317.601
main,PB03,16.3367,15566.182
main,PB03,16.8157,14897.798
main,PB03,17.3089,14197.127
main,PB03,17.8164,13824.595
main,PB03,18.3389,13466.419
main,PB03,18.8767,13070.103
main,PB03,19.4302,12565.864
main,PB03,20.0000,12275.011
main,PB05,0.0309,96.682
main,PB05,0.0318,96.682
main,PB05,0.0327,96.682
main,PB05,0.0336,96.682
main,PB05,0.0346,96.682
main,PB05,0.0357,96.682
main,PB05,0.0367,96.682
main,PB05,0.0389,129.022
main,PB05,0.0400,129.022
main,PB05,0.0617,311.661
main,PB05,0.0636,335.023
main,PB05,0.0654,335.023
main,PB05,0.0673,371.439
main,PB05,0.0693,371.439
main,PB05,0.0713,371.439
main,PB05,0.0734,371.439
main,PB05,0.0756,407.855
main,PB05,0.0778,394.289
main,PB05,0.0801,394.289
main,PB05,0.0925,494.805
main,PB05,0.0952,605.667
main,PB05,0.0980,605.667
main,PB05,0.1009,706.149
main,PB05,0.1039,706.149
main,PB05,0.1069,757.245
main,PB05,0.1101,757.245
main,PB05,0.1133,843.414
main,PB05,0.1166,851.191
main,PB05,0.1200,851.191
main,PB05,0.1235,855.943
main,PB05,0.1272,857.320
main,PB05,0.1309,857.320
main,PB05,0.1347,872.860
main,PB05,0.1387,889.539
main,PB05,0.1428,911.492
main,PB05,0.1469,911.492
main,PB05,0.1512,888.580
main,PB05,0.1557,883.839
main,PB05,0.1602,883.839
main,PB05,0.1649,1531.403
main,PB05,0.1698,1531.403
main,PB05,0.1748,1459.604
main,PB05,0.1799,1300.240
main,PB05,0.1852,978.025
main,PB05,0.1906,987.021
main,PB05,0.1962,987.021
main,PB05,0.2019,1010.200
main,PB05,0.2079,856.648
main,PB05,0.2140,910.466
main,PB05,0.2202,934.240
main,PB05,0.2267,944.473
main,PB05,0.2333,893.314
main,PB05,0.2402,886.398
main,PB05,0.2472,1078.863
main,PB05,0.2545,984.607
main,PB05,0.2619,1092.834
main,PB05,0.2696,1102.276
main,PB05,0.2775,1111.856
main,PB05,0.2857,1146.400
main,PB05,0.2940,1202.021
main,PB05,0.3027,1364.739
main,PB05,0.3115,1147.058
main,PB05,0.3207,1233.448
main,PB05,0.3301,1368.874
main,PB05,0.3397,1439.159
main,PB05,0.3497,1379.327
main,PB05,0.3600,1399.745
main,PB05,0.3705,1815.903
main,PB05,0.3814,1971.127
main,PB05,0.3926,2130.365
main,PB05,0.4041,2381.592
main,PB05,0.4159,3438.704
main,PB05,0.4281,3783.795
main,PB05,0.4407,4856.209
main,PB05,0.4536,6614.586
main,PB05,0.4669,6865.770
main,PB05,0.4806,7644.938
main,PB05,0.4947,7506.335
main,PB05,0.5092,7378.527
main,PB05,0.5241,7000.285
main,PB05,0.5395,7840.035
main,PB05,0.5553,7774.018
main,PB05,0.5716,6957.903
main,PB05,0.5884,5591.367
main,PB05,0.6056,5431.090
main,PB05,0.6234,5729.532
main,PB05,0.6417,5158.450
main,PB05,0.6605,4956.995
main,PB05,0.6798,5324.004
main,PB05,0.6998,5894.100
main,PB05,0.7203,5687.032
main,PB05,0.7414,5401.022
main,PB05,0.7632,5728.328
main,PB05,0.7855,6815.474
main,PB05,0.8086,6793.022
main,PB05,0.8323,7835.381
main,PB05,0.8567,8352.110
main,PB05,0.8818,9123.267
main,PB05,0.9077,10188.384
main,PB05,0.9343,10514.120
main,PB05,0.9617,11107.492
main,PB05,0.9899,11416.005
main,PB05,1.0189,11065.681
main,PB05,1.0488,10958.660
main,PB05,1.0796,10745.564
main,PB05,1.1112,9857.798
main,PB05,1.1438,8814.582
main,PB05,1.1773,8314.068
main,PB05,1.2119,7729.784
main,PB05,1.2474,7784.154
main,PB05,1.2840,9003.031
main,PB05,1.3216,9722.915
main,PB05,1.3604,10180.238
main,PB05,1.4003,10143.002
main,PB05,1.4414,9935.054
main,PB05,1.4836,9921.329
main,PB05,1.5271,10221.581
main,PB05,1.5719,10373.284
main,PB05,1.6180,10278.135
main,PB05,1.6655,10294.412
main,PB05,1.7143,9869.869
main,PB05,1.7646,9766.618
main,PB05,1.8163,9325.663
main,PB05,1.8696,9741.707
main,PB05,1.9244,8958.414
main,PB05,1.9808,8969.771
main,PB05,2.0389,9332.100
main,PB05,2.0987,9364.265
main,PB05,2.1602,9696.720
main,PB05,2.2236,9483.585
main,PB05,2.2888,9640.885
main,PB05,2.3559,10198.276
main,PB05,2.4250,11257.438
main,PB05,2.4961,11444.449
main,PB05,2.5693,12392.782
main,PB05,2.6447,11415.418
main,PB05,2.7222,10995.994
main,PB05,2.8020,11105.767
main,PB05,2.8842,10896.610
main,PB05,2.9688,11615.350
main,PB05,3.0558,11171.502
main,PB05,3.1454,10518.405
main,PB05,3.2377,10192.899
main,PB05,3.3326,9910.107
main,PB05,3.4304,9827.057
main,PB05,3.5310,9953.312
main,PB05,3.6345,9881.809
main,PB05,3.7411,9668.137
main,PB05,3.8508,9282.583
main,PB05,3.9637,9686.123
main,PB05,4.0799,9453.662
main,PB05,4.1996,9420.017
main,PB05,4.3227,9346.418
main,PB05,4.4495,9243.732
main,PB05,4.5800,9177.017
main,PB05,4.7143,9047.550
main,PB05,4.8525,8822.619
main,PB05,4.9948,8532.742
main,PB05,5.1413,8119.288
main,PB05,5.2921,8018.906
main,PB05,5.4472,7690.479
main,PB05,5.6070,7948.880
main,PB05,5.7714,8062.395
main,PB05,5.9406,7960.085
main,PB05,6.1148,7971.367
main,PB05,6.2942,7670.677
main,PB05,6.4787,8121.076
main,PB05,6.6687,8118.532
main,PB05,6.8643,8161.016
main,PB05,7.0656,8257.268
main,PB05,7.2728,8944.191
main,PB05,7.4860,8699.447
main,PB05,7.7056,8531.521
main,PB05,7.9315,8673.300
main,PB05,8.1641,8975.981
main,PB05,8.4035,8858.704
main,PB05,8.6499,8420.471
main,PB05,8.9036,8515.847
main,PB05,9.1647,8625.517
main,PB05,9.4334,8314.797
main,PB05,9.7101,8161.280
main,PB05,9.9948,7922.516
main,PB05,10.2879,8029.961
main,PB05,10.5896,7953.294
main,PB05,10.9001,7805.048
main,PB05,11.2198,7882.971
main,PB05,11.5488,8259.180
main,PB05,11.8874,8004.122
main,PB05,12.2360,7692.155
main,PB05,12.5949,7548.668
main,PB05,12.9642,7482.315
main,PB05,13.3444,7517.052
main,PB05,13.7357,7416.858
main,PB05,14.1385,7180.711
main,PB05,14.5531,6938.222
main,PB05,14.9798,6605.082
main,PB05,15.4191,6258.426
main,PB05,15.8713,6070.027
main,PB05,16.3367,5825.961
main,PB05,16.8157,5564.682
main,PB05,17.3089,5418.868
main,PB05,17.8164,4962.904
main,PB05,18.3389,4699.068
main,PB05,18.8767,4379.485
main,PB05,19.4302,4173.790
main,PB05,20.0000,3952.732
main,PB06,0.0357,190.429
main,PB06,0.0367,190.429
main,PB06,0.0389,193.504
main,PB06,0.0400,193.504
main,PB06,0.0412,193.504
main,PB06,0.0424,193.504
main,PB06,0.0436,193.504
main,PB06,0.0449,193.504
main,PB06,0.0462,193.504
main,PB06,0.0713,500.361
main,PB06,0.0734,500.361
main,PB06,0.0756,605.044
main,PB06,0.0778,611.503
main,PB06,0.0801,611.503
main,PB06,0.0824,611.503
main,PB06,0.0848,611.503
main,PB06,0.0873,674.320
main,PB06,0.0899,708.958
main,PB06,0.0925,708.958
main,PB06,0.1069,1595.325
main,PB06,0.1101,1595.325
main,PB06,0.1133,1667.484
main,PB06,0.1166,1742.248
main,PB06,0.1200,1742.248
main,PB06,0.1235,1893.139
main,PB06,0.1272,1910.368
main,PB06,0.1309,1910.368
main,PB06,0.1347,1912.453
main,PB06,0.1387,2052.099
main,PB06,0.1428,4239.901
main,PB06,0.1469,4239.901
main,PB06,0.1512,4124.050
main,PB06,0.1557,4124.050
main,PB06,0.1602,4124.050
main,PB06,0.1649,3925.822
main,PB06,0.1698,3925.822
main,PB06,0.1748,3853.169
main,PB06,0.1799,1338.460
main,PB06,0.1852,1338.460
main,PB06,0.1906,1198.545
main,PB06,0.1962,1198.545
main,PB06,0.2019,1157.364
main,PB06,0.2079,1157.364
main,PB06,0.2140,1407.797
main,PB06,0.2202,1407.997
main,PB06,0.2267,1449.360
main,PB06,0.2333,2694.055
main,PB06,0.2402,2534.702
main,PB06,0.2472,2228.808
main,PB06,0.2545,2054.761
main,PB06,0.2619,2160.140
main,PB06,0.2696,2239.965
main,PB06,0.2775,2109.557
main,PB06,0.2857,2515.661
main,PB06,0.2940,2562.267
main,PB06,0.3027,2811.662
main,PB06,0.3115,2811.662
main,PB06,0.3207,3043.448
main,PB06,0.3301,3887.206
main,PB06,0.3397,3964.893
main,PB06,0.3497,4019.195
main,PB06,0.3600,3812.263
main,PB06,0.3705,3978.693
main,PB06,0.3814,5139.222
main,PB06,0.3926,4509.576
main,PB06,0.4041,4607.651
main,PB06,0.4159,4657.807
main,PB06,0.4281,4526.509
main,PB06,0.4407,4782.388
main,PB06,0.4536,5153.808
main,PB06,0.4669,6179.393
main,PB06,0.4806,7332.369
main,PB06,0.4947,7936.665
main,PB06,0.5092,8328.501
main,PB06,0.5241,8767.843
main,PB06,0.5395,11242.334
main,PB06,0.5553,12375.163
main,PB06,0.5716,11807.279
main,PB06,0.5884,12581.948
main,PB06,0.6056,10930.611
main,PB06,0.6234,10610.301
main,PB06,0.6417,10666.351
main,PB06,0.6605,10562.660
main,PB06,0.6798,11998.953
main,PB06,0.6998,11736.887
main,PB06,0.7203,12271.322
main,PB06,0.7414,13365.620
main,PB06,0.7632,14935.242
main,PB06,0.7855,15764.504
main,PB06,0.8086,20430.042
main,PB06,0.8323,19747.185
main,PB06,0.8567,18816.618
main,PB06,0.8818,19248.805
main,PB06,0.9077,19038.857
main,PB06,0.9343,19711.830
main,PB06,0.9617,20415.788
main,PB06,0.9899,20184.952
main,PB06,1.0189,20585.053
main,PB06,1.0488,19514.581
main,PB06,1.0796,22214.058
main,PB06,1.1112,22290.691
main,PB06,1.1438,23628.195
main,PB06,1.1773,25803.357
main,PB06,1.2119,24563.804
main,PB06,1.2474,22910.873
main,PB06,1.2840,21681.239
main,PB06,1.3216,22572.349
main,PB06,1.3604,23049.719
main,PB06,1.4003,21835.404
main,PB06,1.4414,21431.685
main,PB06,1.4836,22946.156
main,PB06,1.5271,24674.255
main,PB06,1.5719,23382.859
main,PB06,1.6180,24089.131
main,PB06,1.6655,25845.393
main,PB06,1.7143,28664.760
main,PB06,1.7646,30566.399
main,PB06,1.8163,29404.243
main,PB06,1.8696,30534.113
main,PB06,1.9244,32091.893
main,PB06,1.9808,28576.713
main,PB06,2.0389,28777.738
main,PB06,2.0987,29062.701
main,PB06,2.1602,31605.888
main,PB06,2.2236,31708.895
main,PB06,2.2888,30074.081
main,PB06,2.3559,29926.797
main,PB06,2.4250,31079.614
main,PB06,2.4961,30797.908
main,PB06,2.5693,32889.543
main,PB06,2.6447,36453.522
main,PB06,2.7222,37325.295
main,PB06,2.8020,37278.373
main,PB06,2.8842,37951.510
main,PB06,2.9688,37968.360
main,PB06,3.0558,38124.268
main,PB06,3.1454,40769.772
main,PB06,3.2377,40229.897
main,PB06,3.3326,43333.920
main,PB06,3.4304,41673.505
main,PB06,3.5310,43580.555
main,PB06,3.6345,44611.503
main,PB06,3.7411,45541.485
main,PB06,3.8508,42009.093
main,PB06,3.9637,42998.695
main,PB06,4.0799,41756.684
main,PB06,4.1996,40936.605
main,PB06,4.3227,41725.678
main,PB06,4.4495,40898.317
main,PB06,4.5800,40847.481
main,PB06,4.7143,39726.402
main,PB06,4.8525,41063.785
main,PB06,4.9948,42576.727
main,PB06,5.1413,43681.794
main,PB06,5.2921,48317.751
main,PB06,5.4472,51434.045
main,PB06,5.6070,50531.093
main,PB06,5.7714,50244.859
main,PB06,5.9406,50543.005
main,PB06,6.1148,51774.844
main,PB06,6.2942,50436.111
main,PB06,6.4787,51003.094
main,PB06,6.6687,55803.174
main,PB06,6.8643,55928.857
main,PB06,7.0656,55767.039
main,PB06,7.2728,61235.478
main,PB06,7.4860,67413.120
main,PB06,7.7056,67433.435
main,PB06,7.9315,65675.894
main,PB06,8.1641,68913.610
main,PB06,8.4035,71888.406
main,PB06,8.6499,73075.067
main,PB06,8.9036,68799.221
main,PB06,9.1647,66992.206
main,PB06,9.4334,63312.135
main,PB06,9.7101,56200.385
main,PB06,9.9948,52377.314
main,PB06,10.2879,51773.923
main,PB06,10.5896,48983.111
main,PB06,10.9001,45621.669
main,PB06,11.2198,42737.188
main,PB06,11.5488,39135.164
main,PB06,11.8874,36621.240
main,PB06,12.2360,35477.024
main,PB06,12.5949,34428.206
main,PB06,12.9642,33956.340
main,PB06,13.3444,30744.935
main,PB06,13.7357,28849.907
main,PB06,14.1385,26792.867
main,PB06,14.5531,24054.051
main,PB06,14.9798,22195.902
main,PB06,15.4191,21136.651
main,PB06,15.8713,19986.160
main,PB06,16.3367,18577.361
main,PB06,16.8157,17473.692
main,PB06,17.3089,16546.674
main,PB06,17.8164,16007.853
main,PB06,18.3389,15517.998
main,PB06,18.8767,15163.306
main,PB06,19.4302,14826.781
main,PB06,20.0000,14722.192
main,PB09,0.0318,491.939
main,PB09,0.0327,491.939
main,PB09,0.0336,491.939
main,PB09,0.0346,491.939
main,PB09,0.0357,491.939
main,PB09,0.0367,491.939
main,PB09,0.0389,512.073
main,PB09,0.0400,512.073
main,PB09,0.0636,2650.848
main,PB09,0.0654,2650.848
main,PB09,0.0673,2910.119
main,PB09,0.0693,2910.119
main,PB09,0.0713,2910.119
main,PB09,0.0734,2910.119
main,PB09,0.0756,3169.391
main,PB09,0.0778,3938.700
main,PB09,0.0801,3938.700
main,PB09,0.0952,3624.979
main,PB09,0.0980,3624.979
main,PB09,0.1009,4275.310
main,PB09,0.1039,4275.310
main,PB09,0.1069,4898.939
main,PB09,0.1101,4898.939
main,PB09,0.1133,5332.906
main,PB09,0.1166,5526.601
main,PB09,0.1200,5526.601
main,PB09,0.1272,1510.974
main,PB09,0.1309,1510.974
main,PB09,0.1347,1616.958
main,PB09,0.1387,1696.368
main,PB09,0.1428,1916.703
main,PB09,0.1469,1916.703
main,PB09,0.1512,2320.561
main,PB09,0.1557,2585.117
main,PB09,0.1602,2585.117
main,PB09,0.1649,3384.796
main,PB09,0.1698,3384.796
main,PB09,0.1748,3699.415
main,PB09,0.1799,4137.210
main,PB09,0.1852,4137.210
main,PB09,0.1906,3657.702
main,PB09,0.1962,3657.702
main,PB09,0.2019,3538.618
main,PB09,0.2079,3290.856
main,PB09,0.2140,3345.780
main,PB09,0.2202,4624.968
main,PB09,0.2267,4369.950
main,PB09,0.2333,4579.892
main,PB09,0.2402,4596.933
main,PB09,0.2472,9683.713
main,PB09,0.2545,11855.877
main,PB09,0.2619,11508.120
main,PB09,0.2696,12596.249
main,PB09,0.2775,12351.624
main,PB09,0.2857,7857.446
main,PB09,0.2940,15215.063
main,PB09,0.3027,17033.634
main,PB09,0.3115,16297.008
main,PB09,0.3207,17828.191
main,PB09,0.3301,16448.102
main,PB09,0.3397,18429.714
main,PB09,0.3497,16072.975
main,PB09,0.3600,16664.254
main,PB09,0.3705,22944.481
main,PB09,0.3814,24108.096
main,PB09,0.3926,24769.166
main,PB09,0.4041,23717.319
main,PB09,0.4159,20143.357
main,PB09,0.4281,19345.046
main,PB09,0.4407,20474.162
main,PB09,0.4536,20652.384
main,PB09,0.4669,20661.630
main,PB09,0.4806,20880.981
main,PB09,0.4947,21577.971
main,PB09,0.5092,20108.560
main,PB09,0.5241,18836.222
main,PB09,0.5395,22935.954
main,PB09,0.5553,23018.434
main,PB09,0.5716,23531.465
main,PB09,0.5884,21603.619
main,PB09,0.6056,21809.103
main,PB09,0.6234,22917.398
main,PB09,0.6417,21869.052
main,PB09,0.6605,27146.219
main,PB09,0.6798,25921.615
main,PB09,0.6998,30260.384
main,PB09,0.7203,29148.438
main,PB09,0.7414,29653.600
main,PB09,0.7632,30843.055
main,PB09,0.7855,32265.584
main,PB09,0.8086,31720.788
main,PB09,0.8323,35924.463
main,PB09,0.8567,35676.487
main,PB09,0.8818,33767.391
main,PB09,0.9077,33391.720
main,PB09,0.9343,32155.520
main,PB09,0.9617,32780.490
main,PB09,0.9899,32245.400
main,PB09,1.0189,32390.031
main,PB09,1.0488,31759.083
main,PB09,1.0796,36357.133
main,PB09,1.1112,35093.150
main,PB09,1.1438,34530.922
main,PB09,1.1773,37594.577
main,PB09,1.2119,38868.515
main,PB09,1.2474,43774.946
main,PB09,1.2840,48330.309
main,PB09,1.3216,46793.305
main,PB09,1.3604,47587.214
main,PB09,1.4003,48064.175
main,PB09,1.4414,48119.590
main,PB09,1.4836,50313.369
main,PB09,1.5271,47725.845
main,PB09,1.5719,46416.694
main,PB09,1.6180,45816.547
main,PB09,1.6655,42628.588
main,PB09,1.7143,38450.444
main,PB09,1.7646,36119.518
main,PB09,1.8163,38729.755
main,PB09,1.8696,34061.033
main,PB09,1.9244,33014.263
main,PB09,1.9808,30973.551
main,PB09,2.0389,28131.561
main,PB09,2.0987,27753.481
main,PB09,2.1602,26940.545
main,PB09,2.2236,24420.907
main,PB09,2.2888,24869.634
main,PB09,2.3559,27007.645
main,PB09,2.4250,27225.622
main,PB09,2.4961,28537.276
main,PB09,2.5693,29442.814
main,PB09,2.6447,32784.510
main,PB09,2.7222,37087.684
main,PB09,2.8020,36697.882
main,PB09,2.8842,38281.428
main,PB09,2.9688,36697.355
main,PB09,3.0558,35580.253
main,PB09,3.1454,33670.770
main,PB09,3.2377,33641.920
main,PB09,3.3326,31609.683
main,PB09,3.4304,34139.549
main,PB09,3.5310,33423.839
main,PB09,3.6345,32042.568
main,PB09,3.7411,32885.438
main,PB09,3.8508,30688.752
main,PB09,3.9637,32239.482
main,PB09,4.0799,34548.294
main,PB09,4.1996,37335.361
main,PB09,4.3227,37166.587
main,PB09,4.4495,37045.015
main,PB09,4.5800,33951.444
main,PB09,4.7143,34753.490
main,PB09,4.8525,33530.391
main,PB09,4.9948,33655.830
main,PB09,5.1413,33856.218
main,PB09,5.2921,33425.382
main,PB09,5.4472,32034.929
main,PB09,5.6070,30159.154
main,PB09,5.7714,30115.289
main,PB09,5.9406,31325.380
main,PB09,6.1148,31431.428
main,PB09,6.2942,30226.211
main,PB09,6.4787,29378.605
main,PB09,6.6687,28747.524
main,PB09,6.8643,29270.139
main,PB09,7.0656,28493.868
main,PB09,7.2728,27648.762
main,PB09,7.4860,26695.326
main,PB09,7.7056,26409.885
main,PB09,7.9315,25964.983
main,PB09,8.1641,24515.683
main,PB09,8.4035,24752.546
main,PB09,8.6499,25057.331
main,PB09,8.9036,24437.771
main,PB09,9.1647,23766.898
main,PB09,9.4334,23238.421
main,PB09,9.7101,23032.132
main,PB09,9.9948,22546.974
main,PB09,10.2879,21741.307
main,PB09,10.5896,21083.558
main,PB09,10.9001,21090.370
main,PB09,11.2198,19715.562
main,PB09,11.5488,19652.632
main,PB09,11.8874,19321.057
main,PB09,12.2360,19870.498
main,PB09,12.5949,20584.572
main,PB09,12.9642,20865.382
main,PB09,13.3444,20572.638
main,PB09,13.7357,21009.997
main,PB09,14.1385,21900.697
main,PB09,14.5531,22309.626
main,PB09,14.9798,22880.503
main,PB09,15.4191,23190.060
main,PB09,15.8713,23457.418
main,PB09,16.3367,23087.024
main,PB09,16.8157,21702.963
main,PB09,17.3089,20790.475
main,PB09,17.8164,20032.353
main,PB09,18.3389,19516.381
main,PB09,18.8767,17862.054
main,PB09,19.4302,16988.371
main,PB09,20.0000,15384.407
main,PB19,0.0412,1350.208
main,PB19,0.0424,1350.208
main,PB19,0.0436,1350.208
main,PB19,0.0449,1350.208
main,PB19,0.0462,1350.208
main,PB19,0.0476,1695.239
main,PB19,0.0490,1695.239
main,PB19,0.0504,2040.270
main,PB19,0.0519,2040.270
main,PB19,0.0824,2000.078
main,PB19,0.0848,2000.078
main,PB19,0.0873,2017.483
main,PB19,0.0899,2111.099
main,PB19,0.0925,2111.099
main,PB19,0.0952,2027.810
main,PB19,0.0980,2027.810
main,PB19,0.1009,1956.763
main,PB19,0.1039,1956.763
main,PB19,0.1235,698.951
main,PB19,0.1272,744.346
main,PB19,0.1309,744.346
main,PB19,0.1347,720.518
main,PB19,0.1387,691.512
main,PB19,0.1428,662.538
main,PB19,0.1469,662.538
main,PB19,0.1512,682.379
main,PB19,0.1557,682.379
main,PB19,0.1649,1232.164
main,PB19,0.1698,1232.164
main,PB19,0.1748,1388.104
main,PB19,0.1799,1616.959
main,PB19,0.1852,1616.959
main,PB19,0.1906,2067.361
main,PB19,0.1962,2067.361
main,PB19,0.2019,2703.603
main,PB19,0.2079,2703.603
main,PB19,0.2140,3292.395
main,PB19,0.2202,3723.983
main,PB19,0.2267,3992.060
main,PB19,0.2333,4306.628
main,PB19,0.2402,4476.415
main,PB19,0.2472,3662.478
main,PB19,0.2545,3758.302
main,PB19,0.2619,3729.359
main,PB19,0.2696,3263.041
main,PB19,0.2775,3532.961
main,PB19,0.2857,3480.776
main,PB19,0.2940,3461.039
main,PB19,0.3027,3189.873
main,PB19,0.3115,3189.873
main,PB19,0.3207,3317.338
main,PB19,0.3301,3311.668
main,PB19,0.3397,3132.999
main,PB19,0.3497,2948.422
main,PB19,0.3600,2777.085
main,PB19,0.3705,2718.684
main,PB19,0.3814,2942.761
main,PB19,0.3926,3141.194
main,PB19,0.4041,5242.478
main,PB19,0.4159,7216.992
main,PB19,0.4281,9345.165
main,PB19,0.4407,10034.214
main,PB19,0.4536,11499.720
main,PB19,0.4669,13272.650
main,PB19,0.4806,19324.939
main,PB19,0.4947,19451.166
main,PB19,0.5092,20354.351
main,PB19,0.5241,21567.188
main,PB19,0.5395,20518.694
main,PB19,0.5553,20004.663
main,PB19,0.5716,19454.859
main,PB19,0.5884,19214.321
main,PB19,0.6056,19031.499
main,PB19,0.6234,18818.072
main,PB19,0.6417,20556.249
main,PB19,0.6605,21913.625
main,PB19,0.6798,21312.862
main,PB19,0.6998,24977.279
main,PB19,0.7203,23548.932
main,PB19,0.7414,24113.673
main,PB19,0.7632,24813.480
main,PB19,0.7855,24612.818
main,PB19,0.8086,27749.967
main,PB19,0.8323,30523.598
main,PB19,0.8567,35942.144
main,PB19,0.8818,39237.029
main,PB19,0.9077,36775.121
main,PB19,0.9343,37344.500
main,PB19,0.9617,38125.507
main,PB19,0.9899,33738.301
main,PB19,1.0189,35089.484
main,PB19,1.0488,35265.515
main,PB19,1.0796,34813.970
main,PB19,1.1112,33947.940
main,PB19,1.1438,31162.603
main,PB19,1.1773,31468.206
main,PB19,1.2119,30202.154
main,PB19,1.2474,34852.826
main,PB19,1.2840,51739.732
main,PB19,1.3216,51034.721
main,PB19,1.3604,51943.524
main,PB19,1.4003,55837.126
main,PB19,1.4414,59596.168
main,PB19,1.4836,57392.843
main,PB19,1.5271,54232.848
main,PB19,1.5719,53085.424
main,PB19,1.6180,58707.017
main,PB19,1.6655,53898.659
main,PB19,1.7143,51425.973
main,PB19,1.7646,48317.759
main,PB19,1.8163,46548.197
main,PB19,1.8696,45757.530
main,PB19,1.9244,42322.299
main,PB19,1.9808,44698.080
main,PB19,2.0389,46085.559
main,PB19,2.0987,53081.222
main,PB19,2.1602,53613.924
main,PB19,2.2236,57813.779
main,PB19,2.2888,65280.379
main,PB19,2.3559,68901.908
main,PB19,2.4250,74801.026
main,PB19,2.4961,74388.949
main,PB19,2.5693,87854.985
main,PB19,2.6447,90649.090
main,PB19,2.7222,83081.843
main,PB19,2.8020,83858.117
main,PB19,2.8842,91108.307
main,PB19,2.9688,86279.660
main,PB19,3.0558,88678.433
main,PB19,3.1454,85962.795
main,PB19,3.2377,85770.636
main,PB19,3.3326,88995.325
main,PB19,3.4304,81426.207
main,PB19,3.5310,81101.425
main,PB19,3.6345,80739.527
main,PB19,3.7411,75555.490
main,PB19,3.8508,72611.395
main,PB19,3.9637,71999.798
main,PB19,4.0799,67507.989
main,PB19,4.1996,70009.842
main,PB19,4.3227,70840.075
main,PB19,4.4495,72232.047
main,PB19,4.5800,70938.152
main,PB19,4.7143,72088.880
main,PB19,4.8525,72508.830
main,PB19,4.9948,74749.574
main,PB19,5.1413,70015.323
main,PB19,5.2921,76972.449
main,PB19,5.4472,80127.827
main,PB19,5.6070,77751.301
main,PB19,5.7714,76054.758
main,PB19,5.9406,75204.335
main,PB19,6.1148,80217.725
main,PB19,6.2942,79298.519
main,PB19,6.4787,81290.511
main,PB19,6.6687,91709.477
main,PB19,6.8643,99181.573
main,PB19,7.0656,93152.095
main,PB19,7.2728,92469.924
main,PB19,7.4860,91994.076
main,PB19,7.7056,86156.603
main,PB19,7.9315,87501.354
main,PB19,8.1641,86546.039
main,PB19,8.4035,89614.463
main,PB19,8.6499,82909.426
main,PB19,8.9036,75102.104
main,PB19,9.1647,72905.706
main,PB19,9.4334,75495.247
main,PB19,9.7101,74571.865
main,PB19,9.9948,77351.261
main,PB19,10.2879,80173.974
main,PB19,10.5896,78647.777
main,PB19,10.9001,77220.456
main,PB19,11.2198,77160.097
main,PB19,11.5488,75423.791
main,PB19,11.8874,75343.067
main,PB19,12.2360,75336.664
main,PB19,12.5949,78329.528
main,PB19,12.9642,78698.008
main,PB19,13.3444,78450.373
main,PB19,13.7357,73013.377
main,PB19,14.1385,69950.965
main,PB19,14.5531,67048.529
main,PB19,14.9798,63503.915
main,PB19,15.4191,60269.423
main,PB19,15.8713,59157.889
main,PB19,16.3367,54592.349
main,PB19,16.8157,51232.117
main,PB19,17.3089,45671.242
main,PB19,17.8164,43183.734
main,PB19,18.3389,40235.994
main,PB19,18.8767,38126.185
main,PB19,19.4302,35546.616
main,PB19,20.0000,32855.199
main,T07A,0.0550,46.037
main,T07A,0.0566,46.037
main,T07A,0.0583,42.764
main,T07A,0.0600,42.764
main,T07A,0.0617,42.764
main,T07A,0.0636,39.491
main,T07A,0.0654,39.491
main,T07A,0.0673,60.510
main,T07A,0.0693,60.510
main,T07A,0.0713,60.510
main,T07A,0.1101,159.248
main,T07A,0.1133,207.757
main,T07A,0.1166,212.139
main,T07A,0.1200,212.139
main,T07A,0.1235,197.252
main,T07A,0.1272,216.447
main,T07A,0.1309,216.447
main,T07A,0.1347,208.114
main,T07A,0.1387,185.537
main,T07A,0.1428,194.242
main,T07A,0.1649,849.754
main,T07A,0.1698,849.754
main,T07A,0.1748,854.562
main,T07A,0.1799,826.224
main,T07A,0.1852,826.224
main,T07A,0.1906,812.539
main,T07A,0.1962,812.539
main,T07A,0.2019,821.009
main,T07A,0.2079,821.009
main,T07A,0.2140,723.439
main,T07A,0.2202,466.617
main,T07A,0.2267,446.023
main,T07A,0.2333,493.930
main,T07A,0.2402,546.217
main,T07A,0.2472,510.177
main,T07A,0.2545,515.739
main,T07A,0.2619,482.358
main,T07A,0.2696,483.350
main,T07A,0.2775,354.470
main,T07A,0.2857,357.479
main,T07A,0.2940,315.476
main,T07A,0.3027,306.964
main,T07A,0.3115,306.964
main,T07A,0.3207,289.762
main,T07A,0.3301,455.874
main,T07A,0.3397,479.964
main,T07A,0.3497,495.908
main,T07A,0.3600,914.869
main,T07A,0.3705,987.051
main,T07A,0.3814,719.183
main,T07A,0.3926,678.238
main,T07A,0.4041,659.269
main,T07A,0.4159,655.840
main,T07A,0.4281,657.482
main,T07A,0.4407,539.826
main,T07A,0.4536,542.034
main,T07A,0.4669,557.152
main,T07A,0.4806,583.270
main,T07A,0.4947,611.479
main,T07A,0.5092,699.772
main,T07A,0.5241,742.847
main,T07A,0.5395,773.791
main,T07A,0.5553,622.090
main,T07A,0.5716,642.253
main,T07A,0.5884,669.268
main,T07A,0.6056,793.411
main,T07A,0.6234,812.976
main,T07A,0.6417,898.827
main,T07A,0.6605,1000.819
main,T07A,0.6798,994.698
main,T07A,0.6998,1062.546
main,T07A,0.7203,1336.944
main,T07A,0.7414,1426.994
main,T07A,0.7632,1098.976
main,T07A,0.7855,1156.697
main,T07A,0.8086,1108.050
main,T07A,0.8323,1275.139
main,T07A,0.8567,1313.175
main,T07A,0.8818,1461.153
main,T07A,0.9077,1571.363
main,T07A,0.9343,1871.277
main,T07A,0.9617,1907.082
main,T07A,0.9899,2151.185
main,T07A,1.0189,3068.627
main,T07A,1.0488,2981.098
main,T07A,1.0796,4157.781
main,T07A,1.1112,4062.260
main,T07A,1.1438,3696.567
main,T07A,1.1773,3875.986
main,T07A,1.2119,3955.686
main,T07A,1.2474,3692.885
main,T07A,1.2840,3477.785
main,T07A,1.3216,3294.640
main,T07A,1.3604,3320.915
main,T07A,1.4003,3433.628
main,T07A,1.4414,3352.968
main,T07A,1.4836,3076.933
main,T07A,1.5271,3635.945
main,T07A,1.5719,3874.185
main,T07A,1.6180,4054.922
main,T07A,1.6655,4360.072
main,T07A,1.7143,4232.586
main,T07A,1.7646,4787.866
main,T07A,1.8163,4796.010
main,T07A,1.8696,4955.739
main,T07A,1.9244,5095.675
main,T07A,1.9808,5755.382
main,T07A,2.0389,5830.231
main,T07A,2.0987,5687.516
main,T07A,2.1602,6512.174
main,T07A,2.2236,7010.938
main,T07A,2.2888,8040.882
main,T07A,2.3559,8526.766
main,T07A,2.4250,9155.571
main,T07A,2.4961,9836.126
main,T07A,2.5693,10686.330
main,T07A,2.6447,10755.554
main,T07A,2.7222,10723.184
main,T07A,2.8020,10770.282
main,T07A,2.8842,10314.756
main,T07A,2.9688,10092.928
main,T07A,3.0558,9248.228
main,T07A,3.1454,9271.921
main,T07A,3.2377,8141.364
main,T07A,3.3326,7785.336
main,T07A,3.4304,6721.057
main,T07A,3.5310,6595.249
main,T07A,3.6345,6206.026
main,T07A,3.7411,6205.761
main,T07A,3.8508,5843.348
main,T07A,3.9637,5515.767
main,T07A,4.0799,5430.295
main,T07A,4.1996,5036.739
main,T07A,4.3227,4975.639
main,T07A,4.4495,4649.690
main,T07A,4.5800,4750.665
main,T07A,4.7143,4309.410
main,T07A,4.8525,3773.868
main,T07A,4.9948,3529.526
main,T07A,5.1413,3111.182
main,T07A,5.2921,2805.825
main,T07A,5.4472,2624.155
main,T07A,5.6070,2624.280
main,T07A,5.7714,2656.925
main,T07A,5.9406,2626.718
main,T07A,6.1148,2517.947
main,T07A,6.2942,2189.217
main,T07A,6.4787,1951.744
main,T07A,6.6687,1728.537
main,T07A,6.8643,1711.279
main,T07A,7.0656,1630.295
main,T07A,7.2728,1520.970
main,T07A,7.4860,1344.395
main,T07A,7.7056,1117.801
main,T07A,7.9315,934.405
main,T07A,8.1641,796.406
main,T07A,8.4035,691.335
main,T07A,8.6499,625.529
main,T07A,8.9036,612.988
main,T07A,9.1647,528.810
main,T07A,9.4334,470.353
main,T07A,9.7101,406.517
main,T07A,9.9948,339.869
main,T07A,10.2879,228.630
main,T07A,10.5896,171.028
main,T07A,10.9001,148.694
main,T07A,11.2198,140.365
main,T07A,11.5488,123.190
main,T07A,11.8874,114.740
main,T07A,12.2360,110.103
main,T07A,12.5949,106.473
main,T07A,12.9642,109.444
main,T07A,13.3444,103.612
main,T07A,13.7357,95.718
main,T07A,14.1385,80.486
main,T07A,14.5531,55.739
main,T07A,14.9798,41.478
main,T07A,15.4191,35.051
main,T07A,15.8713,29.564
main,T07A,16.3367,27.309
main,T07A,16.8157,26.727
main,T07A,17.3089,25.992
main,T07A,17.8164,26.860
main,T07A,18.3389,28.284
main,T07A,18.8767,31.220
main,T07A,19.4302,40.799
main,T07A,20.0000,50.092
main,T10A,0.0673,54.101
main,T10A,0.0693,54.101
main,T10A,0.0713,54.101
main,T10A,0.0734,54.101
main,T10A,0.0756,74.173
main,T10A,0.0778,74.093
main,T10A,0.0801,74.093
main,T10A,0.0824,74.093
main,T10A,0.0848,74.093
main,T10A,0.0873,71.741
main,T10A,0.1347,249.052
main,T10A,0.1387,216.957
main,T10A,0.1428,220.218
main,T10A,0.1469,220.218
main,T10A,0.1512,244.044
main,T10A,0.1557,244.044
main,T10A,0.1602,244.044
main,T10A,0.1649,330.479
main,T10A,0.1698,330.479
main,T10A,0.1748,324.608
main,T10A,0.2019,334.447
main,T10A,0.2079,334.447
main,T10A,0.2140,349.080
main,T10A,0.2202,337.028
main,T10A,0.2267,354.810
main,T10A,0.2333,324.483
main,T10A,0.2402,334.559
main,T10A,0.2472,338.346
main,T10A,0.2545,333.399
main,T10A,0.2619,324.242
main,T10A,0.2696,626.653
main,T10A,0.2775,528.169
main,T10A,0.2857,584.469
main,T10A,0.2940,663.188
main,T10A,0.3027,724.614
main,T10A,0.3115,724.614
main,T10A,0.3207,737.137
main,T10A,0.3301,740.600
main,T10A,0.3397,592.572
main,T10A,0.3497,605.533
main,T10A,0.3600,645.976
main,T10A,0.3705,666.887
main,T10A,0.3814,645.929
main,T10A,0.3926,623.166
main,T10A,0.4041,421.533
main,T10A,0.4159,389.794
main,T10A,0.4281,367.097
main,T10A,0.4407,311.889
main,T10A,0.4536,299.460
main,T10A,0.4669,348.182
main,T10A,0.4806,336.429
main,T10A,0.4947,377.781
main,T10A,0.5092,383.109
main,T10A,0.5241,409.292
main,T10A,0.5395,715.077
main,T10A,0.5553,743.195
main,T10A,0.5716,919.356
main,T10A,0.5884,1030.647
main,T10A,0.6056,1147.579
main,T10A,0.6234,1757.817
main,T10A,0.6417,1895.327
main,T10A,0.6605,1927.011
main,T10A,0.6798,1305.436
main,T10A,0.6998,1333.302
main,T10A,0.7203,1067.963
main,T10A,0.7414,1292.996
main,T10A,0.7632,1186.653
main,T10A,0.7855,1244.613
main,T10A,0.8086,1144.250
main,T10A,0.8323,1122.548
main,T10A,0.8567,1080.720
main,T10A,0.8818,1666.532
main,T10A,0.9077,1899.305
main,T10A,0.9343,1919.225
main,T10A,0.9617,2038.149
main,T10A,0.9899,1980.600
main,T10A,1.0189,2106.193
main,T10A,1.0488,2158.294
main,T10A,1.0796,2078.716
main,T10A,1.1112,2153.250
main,T10A,1.1438,2394.360
main,T10A,1.1773,2357.928
main,T10A,1.2119,2175.618
main,T10A,1.2474,2297.133
main,T10A,1.2840,2243.901
main,T10A,1.3216,2107.396
main,T10A,1.3604,2306.166
main,T10A,1.4003,2376.050
main,T10A,1.4414,2334.877
main,T10A,1.4836,2259.752
main,T10A,1.5271,2124.663
main,T10A,1.5719,2217.778
main,T10A,1.6180,2431.118
main,T10A,1.6655,2438.345
main,T10A,1.7143,2659.811
main,T10A,1.7646,2983.014
main,T10A,1.8163,3191.002
main,T10A,1.8696,3111.596
main,T10A,1.9244,3031.604
main,T10A,1.9808,3182.425
main,T10A,2.0389,3487.330
main,T10A,2.0987,3700.207
main,T10A,2.1602,3918.900
main,T10A,2.2236,4361.811
main,T10A,2.2888,4654.348
main,T10A,2.3559,5031.890
main,T10A,2.4250,5555.772
main,T10A,2.4961,6613.142
main,T10A,2.5693,7299.901
main,T10A,2.6447,7607.129
main,T10A,2.7222,8594.483
main,T10A,2.8020,8453.788
main,T10A,2.8842,8516.721
main,T10A,2.9688,9206.159
main,T10A,3.0558,8612.266
main,T10A,3.1454,8662.969
main,T10A,3.2377,8332.260
main,T10A,3.3326,8220.339
main,T10A,3.4304,8394.003
main,T10A,3.5310,7240.058
main,T10A,3.6345,6578.881
main,T10A,3.7411,6196.329
main,T10A,3.8508,5405.635
main,T10A,3.9637,5075.527
main,T10A,4.0799,5294.193
main,T10A,4.1996,5073.665
main,T10A,4.3227,4586.706
main,T10A,4.4495,4245.947
main,T10A,4.5800,3963.503
main,T10A,4.7143,4172.591
main,T10A,4.8525,3631.810
main,T10A,4.9948,3307.070
main,T10A,5.1413,3301.712
main,T10A,5.2921,2978.358
main,T10A,5.4472,2755.673
main,T10A,5.6070,2609.320
main,T10A,5.7714,2538.122
main,T10A,5.9406,2232.887
main,T10A,6.1148,1925.528
main,T10A,6.2942,1805.562
main,T10A,6.4787,1616.865
main,T10A,6.6687,1510.499
main,T10A,6.8643,1377.374
main,T10A,7.0656,1135.366
main,T10A,7.2728,1017.051
main,T10A,7.4860,901.267
main,T10A,7.7056,802.227
main,T10A,7.9315,677.160
main,T10A,8.1641,549.310
main,T10A,8.4035,427.378
main,T10A,8.6499,381.199
main,T10A,8.9036,339.066
main,T10A,9.1647,326.432
main,T10A,9.4334,327.175
main,T10A,9.7101,282.483
main,T10A,9.9948,247.945
main,T10A,10.2879,201.856
main,T10A,10.5896,185.630
main,T10A,10.9001,162.917
main,T10A,11.2198,153.139
main,T10A,11.5488,137.173
main,T10A,11.8874,122.408
main,T10A,12.2360,114.431
main,T10A,12.5949,108.923
main,T10A,12.9642,108.685
main,T10A,13.3444,108.073
main,T10A,13.7357,109.287
main,T10A,14.1385,98.468
main,T10A,14.5531,88.645
main,T10A,14.9798,82.800
main,T10A,15.4191,83.938
main,T10A,15.8713,78.896
main,T10A,16.3367,74.088
main,T10A,16.8157,69.470
main,T10A,17.3089,71.240
main,T10A,17.8164,67.787
main,T10A,18.3389,62.535
main,T10A,18.8767,57.738
main,T10A,19.4302,57.111
main,T10A,20.0000,53.952
main,T13A,0.0238,6.876
main,T13A,0.0245,6.876
main,T13A,0.0291,6.108
main,T13A,0.0300,6.108
main,T13A,0.0476,20.392
main,T13A,0.0490,20.392
main,T13A,0.0504,22.756
main,T13A,0.0519,22.756
main,T13A,0.0534,22.756
main,T13A,0.0550,22.756
main,T13A,0.0566,22.756
main,T13A,0.0583,18.793
main,T13A,0.0600,18.793
main,T13A,0.0713,17.457
main,T13A,0.0734,17.457
main,T13A,0.0756,23.839
main,T13A,0.0778,32.846
main,T13A,0.0801,32.846
main,T13A,0.0824,32.846
main,T13A,0.0848,32.846
main,T13A,0.0873,32.882
main,T13A,0.0899,37.404
main,T13A,0.0952,37.911
main,T13A,0.0980,37.911
main,T13A,0.1009,39.363
main,T13A,0.1039,39.363
main,T13A,0.1069,58.060
main,T13A,0.1101,58.060
main,T13A,0.1133,76.980
main,T13A,0.1166,88.721
main,T13A,0.1200,88.721
main,T13A,0.1235,101.303
main,T13A,0.1272,117.555
main,T13A,0.1309,117.555
main,T13A,0.1347,97.989
main,T13A,0.1387,99.456
main,T13A,0.1428,97.509
main,T13A,0.1469,97.509
main,T13A,0.1512,106.236
main,T13A,0.1557,110.542
main,T13A,0.1602,110.542
main,T13A,0.1649,107.655
main,T13A,0.1698,107.655
main,T13A,0.1748,106.658
main,T13A,0.1799,121.210
main,T13A,0.1852,107.547
main,T13A,0.1906,178.168
main,T13A,0.1962,178.168
main,T13A,0.2019,174.143
main,T13A,0.2079,174.143
main,T13A,0.2140,238.825
main,T13A,0.2202,497.992
main,T13A,0.2267,526.425
main,T13A,0.2333,252.882
main,T13A,0.2402,269.750
main,T13A,0.2472,217.752
main,T13A,0.2545,223.133
main,T13A,0.2619,235.218
main,T13A,0.2696,211.862
main,T13A,0.2775,207.196
main,T13A,0.2857,198.535
main,T13A,0.2940,196.141
main,T13A,0.3027,195.242
main,T13A,0.3115,236.544
main,T13A,0.3207,226.792
main,T13A,0.3301,261.121
main,T13A,0.3397,264.344
main,T13A,0.3497,288.729
main,T13A,0.3600,346.315
main,T13A,0.3705,367.310
main,T13A,0.3814,400.095
main,T13A,0.3926,425.795
main,T13A,0.4041,584.197
main,T13A,0.4159,526.900
main,T13A,0.4281,590.012
main,T13A,0.4407,725.669
main,T13A,0.4536,549.990
main,T13A,0.4669,617.788
main,T13A,0.4806,572.907
main,T13A,0.4947,454.102
main,T13A,0.5092,535.762
main,T13A,0.5241,637.926
main,T13A,0.5395,680.698
main,T13A,0.5553,657.647
main,T13A,0.5716,703.009
main,T13A,0.5884,815.864
main,T13A,0.6056,791.082
main,T13A,0.6234,927.056
main,T13A,0.6417,1000.243
main,T13A,0.6605,947.282
main,T13A,0.6798,970.257
main,T13A,0.6998,952.631
main,T13A,0.7203,967.453
main,T13A,0.7414,997.875
main,T13A,0.7632,1087.370
main,T13A,0.7855,1240.845
main,T13A,0.8086,1254.543
main,T13A,0.8323,1428.976
main,T13A,0.8567,1312.183
main,T13A,0.8818,1428.381
main,T13A,0.9077,1454.179
main,T13A,0.9343,1570.633
main,T13A,0.9617,1754.727
main,T13A,0.9899,1901.060
main,T13A,1.0189,2126.422
main,T13A,1.0488,2166.886
main,T13A,1.0796,2395.788
main,T13A,1.1112,2438.077
main,T13A,1.1438,2939.897
main,T13A,1.1773,3490.622
main,T13A,1.2119,3899.866
main,T13A,1.2474,3751.954
main,T13A,1.2840,3785.084
main,T13A,1.3216,3709.131
main,T13A,1.3604,3751.578
main,T13A,1.4003,3675.640
main,T13A,1.4414,3672.606
main,T13A,1.4836,3809.905
main,T13A,1.5271,3926.508
main,T13A,1.5719,3860.135
main,T13A,1.6180,3580.433
main,T13A,1.6655,3770.832
main,T13A,1.7143,3850.675
main,T13A,1.7646,3819.162
main,T13A,1.8163,4255.474
main,T13A,1.8696,4296.415
main,T13A,1.9244,3991.885
main,T13A,1.9808,3529.192
main,T13A,2.0389,3399.136
main,T13A,2.0987,3570.454
main,T13A,2.1602,3731.414
main,T13A,2.2236,3770.054
main,T13A,2.2888,3702.184
main,T13A,2.3559,3512.472
main,T13A,2.4250,3368.985
main,T13A,2.4961,3367.471
main,T13A,2.5693,3651.279
main,T13A,2.6447,3679.721
main,T13A,2.7222,3601.651
main,T13A,2.8020,3466.681
main,T13A,2.8842,3311.000
main,T13A,2.9688,3270.889
main,T13A,3.0558,3321.354
main,T13A,3.1454,3254.988
main,T13A,3.2377,3202.886
main,T13A,3.3326,3260.629
main,T13A,3.4304,3163.317
main,T13A,3.5310,3205.359
main,T13A,3.6345,3203.908
main,T13A,3.7411,3158.890
main,T13A,3.8508,2984.367
main,T13A,3.9637,3200.178
main,T13A,4.0799,3345.562
main,T13A,4.1996,3327.620
main,T13A,4.3227,3498.689
main,T13A,4.4495,3624.155
main,T13A,4.5800,3740.596
main,T13A,4.7143,3592.656
main,T13A,4.8525,3770.775
main,T13A,4.9948,3778.315
main,T13A,5.1413,3800.514
main,T13A,5.2921,3642.880
main,T13A,5.4472,3551.370
main,T13A,5.6070,3472.999
main,T13A,5.7714,3347.161
main,T13A,5.9406,3446.635
main,T13A,6.1148,3462.460
main,T13A,6.2942,3701.487
main,T13A,6.4787,3881.049
main,T13A,6.6687,4196.377
main,T13A,6.8643,4169.693
main,T13A,7.0656,4144.199
main,T13A,7.2728,4351.018
main,T13A,7.4860,4408.737
main,T13A,7.7056,4322.142
main,T13A,7.9315,4235.339
main,T13A,8.1641,4182.547
main,T13A,8.4035,4077.765
main,T13A,8.6499,3878.716
main,T13A,8.9036,3831.295
main,T13A,9.1647,3704.306
main,T13A,9.4334,3553.841
main,T13A,9.7101,3407.663
main,T13A,9.9948,3197.703
main,T13A,10.2879,2902.037
main,T13A,10.5896,2771.824
main,T13A,10.9001,2469.366
main,T13A,11.2198,2245.773
main,T13A,11.5488,1984.115
main,T13A,11.8874,1743.398
main,T13A,12.2360,1555.527
main,T13A,12.5949,1423.355
main,T13A,12.9642,1299.920
main,T13A,13.3444,1170.225
main,T13A,13.7357,1051.475
main,T13A,14.1385,935.881
main,T13A,14.5531,861.540
main,T13A,14.9798,788.147
main,T13A,15.4191,707.241
main,T13A,15.8713,641.356
main,T13A,16.3367,578.511
main,T13A,16.8157,537.942
main,T13A,17.3089,508.012
main,T13A,17.8164,482.613
main,T13A,18.3389,434.135
main,T13A,18.8767,387.931
main,T13A,19.4302,335.949
main,T13A,20.0000,302.973
main,T15A,0.0778,86.630
main,T15A,0.0801,86.630
main,T15A,0.0824,86.630
main,T15A,0.0848,86.630
main,T15A,0.0873,92.315
main,T15A,0.0899,96.471
main,T15A,0.0925,96.471
main,T15A,0.0952,105.017
main,T15A,0.0980,105.017
main,T15A,0.1557,100.023
main,T15A,0.1602,100.023
main,T15A,0.1649,118.714
main,T15A,0.1698,118.714
main,T15A,0.1748,135.562
main,T15A,0.1799,141.276
main,T15A,0.1852,141.276
main,T15A,0.1906,164.269
main,T15A,0.1962,164.269
main,T15A,0.2333,721.186
main,T15A,0.2402,823.401
main,T15A,0.2472,864.675
main,T15A,0.2545,895.362
main,T15A,0.2619,889.247
main,T15A,0.2696,1018.259
main,T15A,0.2775,1088.581
main,T15A,0.2857,1029.907
main,T15A,0.2940,972.654
main,T15A,0.3027,989.839
main,T15A,0.3115,989.839
main,T15A,0.3207,926.552
main,T15A,0.3301,851.413
main,T15A,0.3397,798.635
main,T15A,0.3497,922.771
main,T15A,0.3600,1005.209
main,T15A,0.3705,1030.859
main,T15A,0.3814,467.360
main,T15A,0.3926,446.784
main,T15A,0.4041,372.231
main,T15A,0.4159,412.168
main,T15A,0.4281,408.599
main,T15A,0.4407,426.504
main,T15A,0.4536,431.865
main,T15A,0.4669,355.338
main,T15A,0.4806,368.524
main,T15A,0.4947,386.135
main,T15A,0.5092,342.414
main,T15A,0.5241,402.865
main,T15A,0.5395,662.473
main,T15A,0.5553,718.265
main,T15A,0.5716,763.013
main,T15A,0.5884,825.861
main,T15A,0.6056,2304.452
main,T15A,0.6234,2389.319
main,T15A,0.6417,2536.840
main,T15A,0.6605,2487.743
main,T15A,0.6798,2479.316
main,T15A,0.6998,1433.007
main,T15A,0.7203,1305.060
main,T15A,0.7414,1377.144
main,T15A,0.7632,1053.569
main,T15A,0.7855,1127.577
main,T15A,0.8086,891.477
main,T15A,0.8323,1120.335
main,T15A,0.8567,1141.181
main,T15A,0.8818,1160.895
main,T15A,0.9077,1232.973
main,T15A,0.9343,1263.169
main,T15A,0.9617,1300.426
main,T15A,0.9899,1477.256
main,T15A,1.0189,1949.559
main,T15A,1.0488,1923.402
main,T15A,1.0796,1694.964
main,T15A,1.1112,1600.056
main,T15A,1.1438,1742.304
main,T15A,1.1773,1812.942
main,T15A,1.2119,2299.508
main,T15A,1.2474,2239.465
main,T15A,1.2840,2184.500
main,T15A,1.3216,1795.432
main,T15A,1.3604,1756.707
main,T15A,1.4003,1937.020
main,T15A,1.4414,2076.004
main,T15A,1.4836,1988.115
main,T15A,1.5271,2046.241
main,T15A,1.5719,2070.883
main,T15A,1.6180,2042.181
main,T15A,1.6655,2253.619
main,T15A,1.7143,2557.236
main,T15A,1.7646,2805.769
main,T15A,1.8163,2917.751
main,T15A,1.8696,2823.293
main,T15A,1.9244,2913.981
main,T15A,1.9808,3118.045
main,T15A,2.0389,3079.963
main,T15A,2.0987,3138.420
main,T15A,2.1602,3345.925
main,T15A,2.2236,3151.767
main,T15A,2.2888,2977.107
main,T15A,2.3559,2281.080
main,T15A,2.4250,2140.409
main,T15A,2.4961,2167.232
main,T15A,2.5693,2058.354
main,T15A,2.6447,1940.326
main,T15A,2.7222,1895.083
main,T15A,2.8020,2050.208
main,T15A,2.8842,2135.269
main,T15A,2.9688,2154.146
main,T15A,3.0558,2233.349
main,T15A,3.1454,2472.182
main,T15A,3.2377,2389.813
main,T15A,3.3326,2739.005
main,T15A,3.4304,2746.758
main,T15A,3.5310,2800.735
main,T15A,3.6345,2667.802
main,T15A,3.7411,2496.489
main,T15A,3.8508,2418.873
main,T15A,3.9637,2366.351
main,T15A,4.0799,2339.780
main,T15A,4.1996,2309.395
main,T15A,4.3227,2403.319
main,T15A,4.4495,2212.334
main,T15A,4.5800,2393.353
main,T15A,4.7143,2446.505
main,T15A,4.8525,2391.712
main,T15A,4.9948,2422.413
main,T15A,5.1413,2513.871
main,T15A,5.2921,2603.000
main,T15A,5.4472,2726.736
main,T15A,5.6070,2750.954
main,T15A,5.7714,2757.143
main,T15A,5.9406,2787.210
main,T15A,6.1148,2946.660
main,T15A,6.2942,2868.580
main,T15A,6.4787,2871.240
main,T15A,6.6687,2888.797
main,T15A,6.8643,2897.675
main,T15A,7.0656,2614.075
main,T15A,7.2728,2613.840
main,T15A,7.4860,2718.572
main,T15A,7.7056,2716.971
main,T15A,7.9315,2829.420
main,T15A,8.1641,2885.202
main,T15A,8.4035,3133.161
main,T15A,8.6499,3369.504
main,T15A,8.9036,3517.247
main,T15A,9.1647,3507.706
main,T15A,9.4334,3621.343
main,T15A,9.7101,3750.037
main,T15A,9.9948,3714.267
main,T15A,10.2879,3672.539
main,T15A,10.5896,3404.299
main,T15A,10.9001,3044.750
main,T15A,11.2198,2728.198
main,T15A,11.5488,2718.340
main,T15A,11.8874,2700.301
main,T15A,12.2360,2699.087
main,T15A,12.5949,2599.212
main,T15A,12.9642,2313.530
main,T15A,13.3444,2198.282
main,T15A,13.7357,2104.193
main,T15A,14.1385,1981.720
main,T15A,14.5531,1927.096
main,T15A,14.9798,1773.816
main,T15A,15.4191,1459.315
main,T15A,15.8713,1226.457
main,T15A,16.3367,786.061
main,T15A,16.8157,730.224
main,T15A,17.3089,686.771
main,T15A,17.8164,675.994
main,T15A,18.3389,664.525
main,T15A,18.8767,639.762
main,T15A,19.4302,605.749
main,T15A,20.0000,585.779
main,T19A,0.0873,141.782
main,T19A,0.0899,165.891
main,T19A,0.0925,165.891
main,T19A,0.0952,217.954
main,T19A,0.0980,217.954
main,T19A,0.1009,222.132
main,T19A,0.1039,222.132
main,T19A,0.1069,242.469
main,T19A,0.1101,242.469
main,T19A,0.1748,201.140
main,T19A,0.1799,233.357
main,T19A,0.1852,233.357
main,T19A,0.1906,274.738
main,T19A,0.1962,274.738
main,T19A,0.2019,289.976
main,T19A,0.2079,289.976
main,T19A,0.2140,301.209
main,T19A,0.2202,309.388
main,T19A,0.2619,711.056
main,T19A,0.2696,813.651
main,T19A,0.2775,853.489
main,T19A,0.2857,866.210
main,T19A,0.2940,898.104
main,T19A,0.3027,869.521
main,T19A,0.3115,869.521
main,T19A,0.3207,848.969
main,T19A,0.3301,864.173
main,T19A,0.3497,1154.752
main,T19A,0.3600,1268.834
main,T19A,0.3705,1387.658
main,T19A,0.3814,1386.331
main,T19A,0.3926,1469.858
main,T19A,0.4041,1640.832
main,T19A,0.4159,1752.613
main,T19A,0.4281,1136.674
main,T19A,0.4407,1227.577
main,T19A,0.4536,1278.115
main,T19A,0.4669,1374.794
main,T19A,0.4806,1499.205
main,T19A,0.4947,1493.737
main,T19A,0.5092,1536.906
main,T19A,0.5241,1635.872
main,T19A,0.5395,1870.708
main,T19A,0.5553,2013.187
main,T19A,0.5716,2755.533
main,T19A,0.5884,3052.916
main,T19A,0.6056,2356.299
main,T19A,0.6234,2405.097
main,T19A,0.6417,2647.478
main,T19A,0.6605,2719.334
main,T19A,0.6798,2274.428
main,T19A,0.6998,2988.374
main,T19A,0.7203,3208.143
main,T19A,0.7414,3371.684
main,T19A,0.7632,3541.976
main,T19A,0.7855,4655.524
main,T19A,0.8086,6764.634
main,T19A,0.8323,7429.018
main,T19A,0.8567,6116.478
main,T19A,0.8818,6502.335
main,T19A,0.9077,6665.017
main,T19A,0.9343,6900.934
main,T19A,0.9617,7815.233
main,T19A,0.9899,8600.564
main,T19A,1.0189,7384.471
main,T19A,1.0488,9414.462
main,T19A,1.0796,9944.122
main,T19A,1.1112,8788.104
main,T19A,1.1438,10427.827
main,T19A,1.1773,10718.477
main,T19A,1.2119,9107.431
main,T19A,1.2474,8552.612
main,T19A,1.2840,8189.738
main,T19A,1.3216,7690.368
main,T19A,1.3604,6508.965
main,T19A,1.4003,6268.449
main,T19A,1.4414,6226.372
main,T19A,1.4836,6511.921
main,T19A,1.5271,6506.146
main,T19A,1.5719,6727.870
main,T19A,1.6180,7167.484
main,T19A,1.6655,6638.139
main,T19A,1.7143,7053.060
main,T19A,1.7646,7092.159
main,T19A,1.8163,7561.734
main,T19A,1.8696,7094.945
main,T19A,1.9244,6671.218
main,T19A,1.9808,6849.971
main,T19A,2.0389,6515.804
main,T19A,2.0987,6345.647
main,T19A,2.1602,7365.849
main,T19A,2.2236,5961.045
main,T19A,2.2888,5641.062
main,T19A,2.3559,5569.964
main,T19A,2.4250,5569.600
main,T19A,2.4961,6069.392
main,T19A,2.5693,6569.125
main,T19A,2.6447,6133.718
main,T19A,2.7222,6305.053
main,T19A,2.8020,6967.576
main,T19A,2.8842,7120.958
main,T19A,2.9688,7318.919
main,T19A,3.0558,7415.430
main,T19A,3.1454,7079.121
main,T19A,3.2377,6747.667
main,T19A,3.3326,6865.240
main,T19A,3.4304,6269.608
main,T19A,3.5310,6357.142
main,T19A,3.6345,5996.123
main,T19A,3.7411,6203.634
main,T19A,3.8508,6692.388
main,T19A,3.9637,6398.044
main,T19A,4.0799,6416.915
main,T19A,4.1996,5917.631
main,T19A,4.3227,5161.301
main,T19A,4.4495,4702.388
main,T19A,4.5800,4468.893
main,T19A,4.7143,4296.649
main,T19A,4.8525,3779.316
main,T19A,4.9948,3772.748
main,T19A,5.1413,3447.043
main,T19A,5.2921,3149.808
main,T19A,5.4472,2877.567
main,T19A,5.6070,2748.078
main,T19A,5.7714,2972.291
main,T19A,5.9406,3001.974
main,T19A,6.1148,2974.531
main,T19A,6.2942,2908.092
main,T19A,6.4787,2808.456
main,T19A,6.6687,2685.904
main,T19A,6.8643,2559.588
main,T19A,7.0656,2548.917
main,T19A,7.2728,2454.820
main,T19A,7.4860,2340.022
main,T19A,7.7056,2093.613
main,T19A,7.9315,1996.575
main,T19A,8.1641,1850.883
main,T19A,8.4035,1714.201
main,T19A,8.6499,1596.290
main,T19A,8.9036,1568.312
main,T19A,9.1647,1471.343
main,T19A,9.4334,1398.739
main,T19A,9.7101,1339.534
main,T19A,9.9948,1245.648
main,T19A,10.2879,1159.602
main,T19A,10.5896,1041.309
main,T19A,10.9001,941.377
main,T19A,11.2198,920.118
main,T19A,11.5488,888.441
main,T19A,11.8874,831.906
main,T19A,12.2360,810.560
main,T19A,12.5949,772.961
main,T19A,12.9642,776.594
main,T19A,13.3444,772.694
main,T19A,13.7357,751.975
main,T19A,14.1385,815.560
main,T19A,14.5531,771.242
main,T19A,14.9798,725.281
main,T19A,15.4191,720.923
main,T19A,15.8713,688.974
main,T19A,16.3367,571.236
main,T19A,16.8157,542.761
main,T19A,17.3089,515.827
main,T19A,17.8164,488.270
main,T19A,18.3389,460.952
main,T19A,18.8767,432.897
main,T19A,19.4302,416.981
main,T19A,20.0000,379.623
main,T20A,0.0734,76.771
main,T20A,0.0756,72.075
main,T20A,0.0778,84.651
main,T20A,0.0801,84.651
main,T20A,0.0824,84.651
main,T20A,0.0848,84.651
main,T20A,0.0873,73.444
main,T20A,0.0899,74.129
main,T20A,0.0925,74.129
main,T20A,0.0952,128.533
main,T20A,0.1469,301.225
main,T20A,0.1512,337.072
main,T20A,0.1557,337.072
main,T20A,0.1602,337.072
main,T20A,0.1649,359.795
main,T20A,0.1698,359.795
main,T20A,0.1748,355.451
main,T20A,0.1799,346.610
main,T20A,0.1852,346.610
main,T20A,0.1906,332.051
main,T20A,0.2202,224.915
main,T20A,0.2267,229.450
main,T20A,0.2333,231.622
main,T20A,0.2402,252.364
main,T20A,0.2472,259.228
main,T20A,0.2545,261.682
main,T20A,0.2619,242.007
main,T20A,0.2696,257.219
main,T20A,0.2775,271.080
main,T20A,0.2857,269.286
main,T20A,0.2940,281.568
main,T20A,0.3027,278.985
main,T20A,0.3115,278.985
main,T20A,0.3207,296.909
main,T20A,0.3301,332.428
main,T20A,0.3397,358.928
main,T20A,0.3497,364.800
main,T20A,0.3600,363.813
main,T20A,0.3705,455.836
main,T20A,0.3814,784.321
main,T20A,0.3926,815.274
main,T20A,0.4041,830.291
main,T20A,0.4159,845.462
main,T20A,0.4281,819.820
main,T20A,0.4407,897.200
main,T20A,0.4536,887.124
main,T20A,0.4669,862.549
main,T20A,0.4806,1393.758
main,T20A,0.4947,1629.318
main,T20A,0.5092,1205.810
main,T20A,0.5241,1522.439
main,T20A,0.5395,1882.232
main,T20A,0.5553,2282.164
main,T20A,0.5716,2593.140
main,T20A,0.5884,3724.414
main,T20A,0.6056,3853.226
main,T20A,0.6234,3918.883
main,T20A,0.6417,4014.073
main,T20A,0.6605,2672.004
main,T20A,0.6798,2664.255
main,T20A,0.6998,2688.324
main,T20A,0.7203,2616.891
main,T20A,0.7414,2299.746
main,T20A,0.7632,2324.507
main,T20A,0.7855,2386.631
main,T20A,0.8086,2243.096
main,T20A,0.8323,2305.815
main,T20A,0.8567,2499.949
main,T20A,0.8818,3088.532
main,T20A,0.9077,3539.464
main,T20A,0.9343,3813.968
main,T20A,0.9617,4391.291
main,T20A,0.9899,4737.013
main,T20A,1.0189,5461.456
main,T20A,1.0488,6305.960
main,T20A,1.0796,6798.799
main,T20A,1.1112,6669.768
main,T20A,1.1438,7523.430
main,T20A,1.1773,5839.694
main,T20A,1.2119,5726.455
main,T20A,1.2474,4663.149
main,T20A,1.2840,4502.798
main,T20A,1.3216,4022.388
main,T20A,1.3604,3504.072
main,T20A,1.4003,3374.811
main,T20A,1.4414,2936.985
main,T20A,1.4836,2944.306
main,T20A,1.5271,3277.379
main,T20A,1.5719,3235.155
main,T20A,1.6180,3356.034
main,T20A,1.6655,3622.432
main,T20A,1.7143,3786.720
main,T20A,1.7646,4267.836
main,T20A,1.8163,4157.477
main,T20A,1.8696,4168.182
main,T20A,1.9244,3684.295
main,T20A,1.9808,3415.487
main,T20A,2.0389,3363.773
main,T20A,2.0987,2976.646
main,T20A,2.1602,3045.533
main,T20A,2.2236,2989.271
main,T20A,2.2888,3207.713
main,T20A,2.3559,3286.775
main,T20A,2.4250,3312.458
main,T20A,2.4961,3573.484
main,T20A,2.5693,3562.280
main,T20A,2.6447,3707.179
main,T20A,2.7222,3867.722
main,T20A,2.8020,4147.810
main,T20A,2.8842,4435.907
main,T20A,2.9688,4415.914
main,T20A,3.0558,4265.000
main,T20A,3.1454,4227.741
main,T20A,3.2377,4766.923
main,T20A,3.3326,4331.208
main,T20A,3.4304,3977.158
main,T20A,3.5310,3998.296
main,T20A,3.6345,3783.357
main,T20A,3.7411,3844.430
main,T20A,3.8508,4120.385
main,T20A,3.9637,4710.381
main,T20A,4.0799,5785.605
main,T20A,4.1996,6677.851
main,T20A,4.3227,7694.697
main,T20A,4.4495,8608.164
main,T20A,4.5800,10474.773
main,T20A,4.7143,10914.187
main,T20A,4.8525,11212.731
main,T20A,4.9948,11794.677
main,T20A,5.1413,11437.328
main,T20A,5.2921,10656.699
main,T20A,5.4472,9849.839
main,T20A,5.6070,8928.298
main,T20A,5.7714,8179.945
main,T20A,5.9406,7023.184
main,T20A,6.1148,6541.417
main,T20A,6.2942,6144.004
main,T20A,6.4787,6058.244
main,T20A,6.6687,5631.630
main,T20A,6.8643,5227.903
main,T20A,7.0656,5231.654
main,T20A,7.2728,5260.071
main,T20A,7.4860,5638.220
main,T20A,7.7056,5514.011
main,T20A,7.9315,5666.641
main,T20A,8.1641,5328.162
main,T20A,8.4035,5289.357
main,T20A,8.6499,5045.247
main,T20A,8.9036,5116.468
main,T20A,9.1647,5654.355
main,T20A,9.4334,5570.775
main,T20A,9.7101,5636.942
main,T20A,9.9948,5335.977
main,T20A,10.2879,5186.216
main,T20A,10.5896,4596.160
main,T20A,10.9001,4523.302
main,T20A,11.2198,4017.329
main,T20A,11.5488,3847.314
main,T20A,11.8874,3649.919
main,T20A,12.2360,3281.852
main,T20A,12.5949,3169.603
main,T20A,12.9642,2904.685
main,T20A,13.3444,2910.160
main,T20A,13.7357,2935.774
main,T20A,14.1385,2974.697
main,T20A,14.5531,2940.950
main,T20A,14.9798,2836.130
main,T20A,15.4191,2722.952
main,T20A,15.8713,2676.817
main,T20A,16.3367,2519.644
main,T20A,16.8157,2271.807
main,T20A,17.3089,2151.558
main,T20A,17.8164,2001.269
main,T20A,18.3389,1812.286
main,T20A,18.8767,1658.563
main,T20A,19.4302,1538.024
main,T20A,20.0000,1444.539
main,T24A,0.0600,136.416
main,T24A,0.0617,136.416
main,T24A,0.0636,144.596
main,T24A,0.0654,144.596
main,T24A,0.0673,159.360
main,T24A,0.0693,159.360
main,T24A,0.0713,159.360
main,T24A,0.0734,159.360
main,T24A,0.0756,174.124
main,T24A,0.0778,195.375
main,T24A,0.1200,172.380
main,T24A,0.1235,171.255
main,T24A,0.1272,161.510
main,T24A,0.1309,161.510
main,T24A,0.1347,175.181
main,T24A,0.1387,188.996
main,T24A,0.1428,219.479
main,T24A,0.1469,219.479
main,T24A,0.1512,221.020
main,T24A,0.1557,221.020
main,T24A,0.1799,212.176
main,T24A,0.1852,212.176
main,T24A,0.1906,252.994
main,T24A,0.1962,252.994
main,T24A,0.2019,293.966
main,T24A,0.2079,293.966
main,T24A,0.2140,307.964
main,T24A,0.2202,302.608
main,T24A,0.2267,314.371
main,T24A,0.2333,310.785
main,T24A,0.2402,314.077
main,T24A,0.2472,330.108
main,T24A,0.2545,311.412
main,T24A,0.2619,346.411
main,T24A,0.2696,370.646
main,T24A,0.2775,386.584
main,T24A,0.2857,411.014
main,T24A,0.2940,435.689
main,T24A,0.3027,493.610
main,T24A,0.3115,493.610
main,T24A,0.3207,698.053
main,T24A,0.3301,665.510
main,T24A,0.3397,643.990
main,T24A,0.3497,676.033
main,T24A,0.3600,622.435
main,T24A,0.3705,648.791
main,T24A,0.3814,615.820
main,T24A,0.3926,621.841
main,T24A,0.4041,619.765
main,T24A,0.4159,682.358
main,T24A,0.4281,720.255
main,T24A,0.4407,780.539
main,T24A,0.4536,829.534
main,T24A,0.4669,829.434
main,T24A,0.4806,834.917
main,T24A,0.4947,896.132
main,T24A,0.5092,943.748
main,T24A,0.5241,1024.005
main,T24A,0.5395,1273.570
main,T24A,0.5553,1264.362
main,T24A,0.5716,1281.569
main,T24A,0.5884,1289.772
main,T24A,0.6056,1331.782
main,T24A,0.6234,1364.272
main,T24A,0.6417,1667.072
main,T24A,0.6605,1679.516
main,T24A,0.6798,1710.773
main,T24A,0.6998,1702.728
main,T24A,0.7203,1637.756
main,T24A,0.7414,1617.205
main,T24A,0.7632,1574.036
main,T24A,0.7855,1641.205
main,T24A,0.8086,1731.229
main,T24A,0.8323,1687.788
main,T24A,0.8567,1635.506
main,T24A,0.8818,1910.691
main,T24A,0.9077,2172.995
main,T24A,0.9343,2248.228
main,T24A,0.9617,2130.257
main,T24A,0.9899,2220.242
main,T24A,1.0189,2367.029
main,T24A,1.0488,2671.992
main,T24A,1.0796,2696.567
main,T24A,1.1112,2758.984
main,T24A,1.1438,2734.472
main,T24A,1.1773,2674.475
main,T24A,1.2119,2378.421
main,T24A,1.2474,2304.029
main,T24A,1.2840,2626.834
main,T24A,1.3216,2601.019
main,T24A,1.3604,2406.200
main,T24A,1.4003,2483.030
main,T24A,1.4414,2237.249
main,T24A,1.4836,2262.160
main,T24A,1.5271,2349.380
main,T24A,1.5719,2332.208
main,T24A,1.6180,2284.116
main,T24A,1.6655,2387.335
main,T24A,1.7143,2316.697
main,T24A,1.7646,2422.907
main,T24A,1.8163,2432.069
main,T24A,1.8696,2546.771
main,T24A,1.9244,2747.445
main,T24A,1.9808,2458.016
main,T24A,2.0389,2503.834
main,T24A,2.0987,2529.309
main,T24A,2.1602,2602.712
main,T24A,2.2236,2492.482
main,T24A,2.2888,2385.906
main,T24A,2.3559,2368.778
main,T24A,2.4250,2402.405
main,T24A,2.4961,2202.060
main,T24A,2.5693,2421.920
main,T24A,2.6447,2413.628
main,T24A,2.7222,2443.970
main,T24A,2.8020,2490.455
main,T24A,2.8842,2388.346
main,T24A,2.9688,2532.306
main,T24A,3.0558,2683.053
main,T24A,3.1454,2828.531
main,T24A,3.2377,2375.053
main,T24A,3.3326,2311.000
main,T24A,3.4304,2259.901
main,T24A,3.5310,2220.926
main,T24A,3.6345,2167.313
main,T24A,3.7411,2083.835
main,T24A,3.8508,2128.031
main,T24A,3.9637,2192.026
main,T24A,4.0799,2295.936
main,T24A,4.1996,2300.373
main,T24A,4.3227,2437.015
main,T24A,4.4495,2348.193
main,T24A,4.5800,2511.830
main,T24A,4.7143,2532.163
main,T24A,4.8525,2588.913
main,T24A,4.9948,2871.914
main,T24A,5.1413,2865.715
main,T24A,5.2921,2711.491
main,T24A,5.4472,2516.455
main,T24A,5.6070,2584.423
main,T24A,5.7714,2629.969
main,T24A,5.9406,2505.454
main,T24A,6.1148,2361.164
main,T24A,6.2942,2349.902
main,T24A,6.4787,2111.658
main,T24A,6.6687,2069.654
main,T24A,6.8643,2097.867
main,T24A,7.0656,1844.057
main,T24A,7.2728,1921.993
main,T24A,7.4860,1646.030
main,T24A,7.7056,1529.414
main,T24A,7.9315,1332.813
main,T24A,8.1641,1312.812
main,T24A,8.4035,1227.006
main,T24A,8.6499,1140.573
main,T24A,8.9036,1049.253
main,T24A,9.1647,1032.109
main,T24A,9.4334,954.456
main,T24A,9.7101,842.300
main,T24A,9.9948,747.305
main,T24A,10.2879,689.715
main,T24A,10.5896,592.919
main,T24A,10.9001,489.557
main,T24A,11.2198,377.241
main,T24A,11.5488,348.344
main,T24A,11.8874,316.873
main,T24A,12.2360,293.990
main,T24A,12.5949,297.446
main,T24A,12.9642,288.638
main,T24A,13.3444,273.410
main,T24A,13.7357,268.384
main,T24A,14.1385,263.567
main,T24A,14.5531,255.551
main,T24A,14.9798,275.066
main,T24A,15.4191,252.946
main,T24A,15.8713,236.397
main,T24A,16.3367,215.073
main,T24A,16.8157,190.630
main,T24A,17.3089,175.014
main,T24A,17.8164,159.946
main,T24A,18.3389,151.281
main,T24A,18.8767,136.678
main,T24A,19.4302,126.338
main,T24A,20.0000,111.041
egf,AF01,0.0200,5.164
egf,AF01,0.0206,5.164
egf,AF01,0.0212,5.164
egf,AF01,0.0218,5.164
egf,AF01,0.0225,5.164
egf,AF01,0.0231,5.164
egf,AF01,0.0238,5.164
egf,AF01,0.0245,5.164
egf,AF01,0.0291,6.279
egf,AF01,0.0300,6.279
egf,AF01,0.0309,6.279
egf,AF01,0.0318,6.279
egf,AF01,0.0327,6.279
egf,AF01,0.0336,6.279
egf,AF01,0.0346,6.279
egf,AF01,0.0357,6.279
egf,AF01,0.0367,6.279
egf,AF01,0.0389,4.187
egf,AF01,0.0400,4.187
egf,AF01,0.0412,4.187
egf,AF01,0.0424,4.187
egf,AF01,0.0436,4.187
egf,AF01,0.0449,4.187
egf,AF01,0.0462,4.187
egf,AF01,0.0476,6.478
egf,AF01,0.0490,6.478
egf,AF01,0.0504,10.216
egf,AF01,0.0519,10.216
egf,AF01,0.0534,10.216
egf,AF01,0.0550,10.216
egf,AF01,0.0566,10.216
egf,AF01,0.0583,9.248
egf,AF01,0.0600,9.248
egf,AF01,0.0617,9.248
egf,AF01,0.0636,12.180
egf,AF01,0.0654,12.180
egf,AF01,0.0673,13.356
egf,AF01,0.0693,13.356
egf,AF01,0.0713,13.356
egf,AF01,0.0734,13.356
egf,AF01,0.0756,15.250
egf,AF01,0.0778,12.412
egf,AF01,0.0801,12.412
egf,AF01,0.0824,12.412
egf,AF01,0.0848,12.412
egf,AF01,0.0873,10.457
egf,AF01,0.0899,10.336
egf,AF01,0.0925,10.336
egf,AF01,0.0952,8.662
egf,AF01,0.0980,8.662
egf,AF01,0.1009,7.536
egf,AF01,0.1039,7.536
egf,AF01,0.1069,4.946
egf,AF01,0.1101,4.946
egf,AF01,0.1133,4.446
egf,AF01,0.1166,1.300
egf,AF01,0.1200,1.300
egf,AF01,0.1235,1.249
egf,AF01,0.1272,1.003
egf,AF01,0.1309,1.003
egf,AF01,0.1347,1.080
egf,AF01,0.1387,0.931
egf,AF01,0.1428,1.263
egf,AF01,0.1469,1.263
egf,AF01,0.1512,1.753
egf,AF01,0.1557,1.753
egf,AF01,0.1602,1.753
egf,AF01,0.1649,1.761
egf,AF01,0.1698,1.761
egf,AF01,0.1748,1.900
egf,AF01,0.1799,2.540
egf,AF01,0.1852,2.540
egf,AF01,0.1906,2.882
egf,AF01,0.1962,2.882
egf,AF01,0.2019,3.198
egf,AF01,0.2079,3.198
egf,AF01,0.2140,4.568
egf,AF01,0.2202,4.743
egf,AF01,0.2267,4.815
egf,AF01,0.2333,4.972
egf,AF01,0.2402,5.813
egf,AF01,0.2472,6.198
egf,AF01,0.2545,8.088
egf,AF01,0.2619,8.201
egf,AF01,0.2696,9.758
egf,AF01,0.2775,12.224
egf,AF01,0.2857,15.398
egf,AF01,0.2940,20.182
egf,AF01,0.3027,23.798
egf,AF01,0.3115,23.798
egf,AF01,0.3207,29.094
egf,AF01,0.3301,40.448
egf,AF01,0.3397,48.454
egf,AF01,0.3497,50.379
egf,AF01,0.3600,54.307
egf,AF01,0.3705,59.269
egf,AF01,0.3814,67.047
egf,AF01,0.3926,78.864
egf,AF01,0.4041,94.686
egf,AF01,0.4159,122.047
egf,AF01,0.4281,126.425
egf,AF01,0.4407,156.357
egf,AF01,0.4536,170.498
egf,AF01,0.4669,200.021
egf,AF01,0.4806,205.402
egf,AF01,0.4947,236.989
egf,AF01,0.5092,237.021
egf,AF01,0.5241,242.445
egf,AF01,0.5395,265.975
egf,AF01,0.5553,288.710
egf,AF01,0.5716,328.416
egf,AF01,0.5884,359.925
egf,AF01,0.6056,416.708
egf,AF01,0.6234,423.943
egf,AF01,0.6417,499.214
egf,AF01,0.6605,549.899
egf,AF01,0.6798,650.312
egf,AF01,0.6998,743.817
egf,AF01,0.7203,739.552
egf,AF01,0.7414,908.050
egf,AF01,0.7632,1023.828
egf,AF01,0.7855,1070.289
egf,AF01,0.8086,1076.444
egf,AF01,0.8323,1132.649
egf,AF01,0.8567,1193.196
egf,AF01,0.8818,1094.658
egf,AF01,0.9077,1131.329
egf,AF01,0.9343,1167.215
egf,AF01,0.9617,1270.497
egf,AF01,0.9899,1196.825
egf,AF01,1.0189,1215.483
egf,AF01,1.0488,1235.895
egf,AF01,1.0796,1236.427
egf,AF01,1.1112,1241.884
egf,AF01,1.1438,1126.748
egf,AF01,1.1773,1022.956
egf,AF01,1.2119,957.237
egf,AF01,1.2474,908.083
egf,AF01,1.2840,869.750
egf,AF01,1.3216,855.005
egf,AF01,1.3604,869.826
egf,AF01,1.4003,805.083
egf,AF01,1.4414,803.073
egf,AF01,1.4836,797.621
egf,AF01,1.5271,879.433
egf,AF01,1.5719,879.246
egf,AF01,1.6180,877.213
egf,AF01,1.6655,818.301
egf,AF01,1.7143,832.465
egf,AF01,1.7646,759.860
egf,AF01,1.8163,743.767
egf,AF01,1.8696,734.417
egf,AF01,1.9244,728.593
egf,AF01,1.9808,693.259
egf,AF01,2.0389,654.626
egf,AF01,2.0987,663.690
egf,AF01,2.1602,682.225
egf,AF01,2.2236,646.451
egf,AF01,2.2888,534.201
egf,AF01,2.3559,455.457
egf,AF01,2.4250,412.131
egf,AF01,2.4961,355.377
egf,AF01,2.5693,304.008
egf,AF01,2.6447,291.124
egf,AF01,2.7222,293.061
egf,AF01,2.8020,285.909
egf,AF01,2.8842,276.637
egf,AF01,2.9688,281.932
egf,AF01,3.0558,286.422
egf,AF01,3.1454,293.446
egf,AF01,3.2377,313.254
egf,AF01,3.3326,347.036
egf,AF01,3.4304,388.125
egf,AF01,3.5310,413.449
egf,AF01,3.6345,413.914
egf,AF01,3.7411,431.420
egf,AF01,3.8508,448.228
egf,AF01,3.9637,473.023
egf,AF01,4.0799,489.074
egf,AF01,4.1996,509.107
egf,AF01,4.3227,520.110
egf,AF01,4.4495,506.693
egf,AF01,4.5800,483.530
egf,AF01,4.7143,493.541
egf,AF01,4.8525,453.748
egf,AF01,4.9948,446.921
egf,AF01,5.1413,411.285
egf,AF01,5.2921,389.434
egf,AF01,5.4472,365.329
egf,AF01,5.6070,353.501
egf,AF01,5.7714,329.540
egf,AF01,5.9406,305.274
egf,AF01,6.1148,305.334
egf,AF01,6.2942,308.170
egf,AF01,6.4787,306.456
egf,AF01,6.6687,291.789
egf,AF01,6.8643,276.960
egf,AF01,7.0656,259.014
egf,AF01,7.2728,229.031
egf,AF01,7.4860,204.345
egf,AF01,7.7056,195.449
egf,AF01,7.9315,180.803
egf,AF01,8.1641,161.568
egf,AF01,8.4035,143.171
egf,AF01,8.6499,122.631
egf,AF01,8.9036,111.348
egf,AF01,9.1647,99.010
egf,AF01,9.4334,90.362
egf,AF01,9.7101,83.386
egf,AF01,9.9948,75.757
egf,AF01,10.2879,68.880
egf,AF01,10.5896,64.836
egf,AF01,10.9001,58.789
egf,AF01,11.2198,54.916
egf,AF01,11.5488,52.603
egf,AF01,11.8874,47.036
egf,AF01,12.2360,43.297
egf,AF01,12.5949,40.212
egf,AF01,12.9642,39.767
egf,AF01,13.3444,37.685
egf,AF01,13.7357,35.216
egf,AF01,14.1385,34.990
egf,AF01,14.5531,35.022
egf,AF01,14.9798,35.057
egf,AF01,15.4191,35.906
egf,AF01,15.8713,37.808
egf,AF01,16.3367,40.896
egf,AF01,16.8157,43.387
egf,AF01,17.3089,43.812
egf,AF01,17.8164,48.453
egf,AF01,18.3389,53.505
egf,AF01,18.8767,61.698
egf,AF01,19.4302,72.290
egf,AF01,20.0000,69.662
egf,PB01,0.0200,2.201
egf,PB01,0.0206,2.201
egf,PB01,0.0212,2.201
egf,PB01,0.0218,2.201
egf,PB01,0.0225,2.201
egf,PB01,0.0231,2.201
egf,PB01,0.0238,2.201
egf,PB01,0.0245,2.201
egf,PB01,0.0291,5.458
egf,PB01,0.0300,5.458
egf,PB01,0.0309,5.458
egf,PB01,0.0318,5.458
egf,PB01,0.0327,5.458
egf,PB01,0.0336,5.458
egf,PB01,0.0346,5.458
egf,PB01,0.0357,5.458
egf,PB01,0.0367,5.458
egf,PB01,0.0389,3.097
egf,PB01,0.0400,3.097
egf,PB01,0.0412,3.097
egf,PB01,0.0424,3.097
egf,PB01,0.0436,3.097
egf,PB01,0.0449,3.097
egf,PB01,0.0462,3.097
egf,PB01,0.0476,3.230
egf,PB01,0.0490,3.230
egf,PB01,0.0504,3.819
egf,PB01,0.0519,3.819
egf,PB01,0.0534,3.819
egf,PB01,0.0550,3.819
egf,PB01,0.0566,3.819
egf,PB01,0.0583,2.452
egf,PB01,0.0600,2.452
egf,PB01,0.0617,2.452
egf,PB01,0.0636,2.242
egf,PB01,0.0654,2.242
egf,PB01,0.0673,2.964
egf,PB01,0.0693,2.964
egf,PB01,0.0713,2.964
egf,PB01,0.0734,2.964
egf,PB01,0.0756,3.716
egf,PB01,0.0778,2.503
egf,PB01,0.0801,2.503
egf,PB01,0.0824,2.503
egf,PB01,0.0848,2.503
egf,PB01,0.0873,2.401
egf,PB01,0.0899,1.983
egf,PB01,0.0925,1.983
egf,PB01,0.0952,2.513
egf,PB01,0.0980,2.513
egf,PB01,0.1009,2.909
egf,PB01,0.1039,2.909
egf,PB01,0.1069,2.856
egf,PB01,0.1101,2.856
egf,PB01,0.1133,3.190
egf,PB01,0.1166,1.382
egf,PB01,0.1200,1.382
egf,PB01,0.1235,1.134
egf,PB01,0.1272,1.033
egf,PB01,0.1309,1.033
egf,PB01,0.1347,1.441
egf,PB01,0.1387,1.286
egf,PB01,0.1428,1.369
egf,PB01,0.1469,1.369
egf,PB01,0.1512,1.718
egf,PB01,0.1557,1.718
egf,PB01,0.1602,1.718
egf,PB01,0.1649,1.965
egf,PB01,0.1698,1.965
egf,PB01,0.1748,2.062
egf,PB01,0.1799,2.275
egf,PB01,0.1852,2.275
egf,PB01,0.1906,2.662
egf,PB01,0.1962,2.662
egf,PB01,0.2019,3.751
egf,PB01,0.2079,3.751
egf,PB01,0.2140,4.647
egf,PB01,0.2202,5.319
egf,PB01,0.2267,6.379
egf,PB01,0.2333,6.403
egf,PB01,0.2402,6.983
egf,PB01,0.2472,7.096
egf,PB01,0.2545,7.692
egf,PB01,0.2619,7.768
egf,PB01,0.2696,10.234
egf,PB01,0.2775,12.870
egf,PB01,0.2857,14.285
egf,PB01,0.2940,15.874
egf,PB01,0.3027,19.081
egf,PB01,0.3115,19.081
egf,PB01,0.3207,20.694
egf,PB01,0.3301,21.360
egf,PB01,0.3397,26.581
egf,PB01,0.3497,27.378
egf,PB01,0.3600,28.222
egf,PB01,0.3705,28.044
egf,PB01,0.3814,29.016
egf,PB01,0.3926,30.901
egf,PB01,0.4041,29.588
egf,PB01,0.4159,31.801
egf,PB01,0.4281,34.988
egf,PB01,0.4407,35.013
egf,PB01,0.4536,36.953
egf,PB01,0.4669,39.359
egf,PB01,0.4806,44.265
egf,PB01,0.4947,47.357
egf,PB01,0.5092,47.635
egf,PB01,0.5241,48.707
egf,PB01,0.5395,53.475
egf,PB01,0.5553,56.409
egf,PB01,0.5716,59.204
egf,PB01,0.5884,68.036
egf,PB01,0.6056,73.438
egf,PB01,0.6234,76.347
egf,PB01,0.6417,81.326
egf,PB01,0.6605,98.544
egf,PB01,0.6798,109.299
egf,PB01,0.6998,113.202
egf,PB01,0.7203,120.079
egf,PB01,0.7414,125.773
egf,PB01,0.7632,126.340
egf,PB01,0.7855,140.244
egf,PB01,0.8086,148.189
egf,PB01,0.8323,143.139
egf,PB01,0.8567,142.909
egf,PB01,0.8818,139.648
egf,PB01,0.9077,155.583
egf,PB01,0.9343,176.396
egf,PB01,0.9617,187.860
egf,PB01,0.9899,204.464
egf,PB01,1.0189,227.769
egf,PB01,1.0488,248.715
egf,PB01,1.0796,264.995
egf,PB01,1.1112,273.489
egf,PB01,1.1438,298.976
egf,PB01,1.1773,312.707
egf,PB01,1.2119,302.556
egf,PB01,1.2474,297.392
egf,PB01,1.2840,316.108
egf,PB01,1.3216,317.036
egf,PB01,1.3604,304.661
egf,PB01,1.4003,319.651
egf,PB01,1.4414,342.917
egf,PB01,1.4836,385.104
egf,PB01,1.5271,412.543
egf,PB01,1.5719,428.740
egf,PB01,1.6180,480.473
egf,PB01,1.6655,505.390
egf,PB01,1.7143,510.678
egf,PB01,1.7646,570.262
egf,PB01,1.8163,599.509
egf,PB01,1.8696,629.154
egf,PB01,1.9244,651.976
egf,PB01,1.9808,645.512
egf,PB01,2.0389,676.042
egf,PB01,2.0987,668.781
egf,PB01,2.1602,637.634
egf,PB01,2.2236,638.549
egf,PB01,2.2888,612.011
egf,PB01,2.3559,615.729
egf,PB01,2.4250,627.005
egf,PB01,2.4961,655.203
egf,PB01,2.5693,677.335
egf,PB01,2.6447,708.599
egf,PB01,2.7222,732.231
egf,PB01,2.8020,754.630
egf,PB01,2.8842,799.979
egf,PB01,2.9688,852.138
egf,PB01,3.0558,944.179
egf,PB01,3.1454,947.444
egf,PB01,3.2377,893.563
egf,PB01,3.3326,918.755
egf,PB01,3.4304,947.032
egf,PB01,3.5310,927.861
egf,PB01,3.6345,921.176
egf,PB01,3.7411,888.432
egf,PB01,3.8508,853.916
egf,PB01,3.9637,730.200
egf,PB01,4.0799,660.727
egf,PB01,4.1996,585.518
egf,PB01,4.3227,515.579
egf,PB01,4.4495,470.877
egf,PB01,4.5800,412.260
egf,PB01,4.7143,394.555
egf,PB01,4.8525,387.697
egf,PB01,4.9948,394.085
egf,PB01,5.1413,392.685
egf,PB01,5.2921,398.960
egf,PB01,5.4472,409.258
egf,PB01,5.6070,449.121
egf,PB01,5.7714,491.781
egf,PB01,5.9406,537.100
egf,PB01,6.1148,610.185
egf,PB01,6.2942,632.338
egf,PB01,6.4787,636.611
egf,PB01,6.6687,585.901
egf,PB01,6.8643,572.029
egf,PB01,7.0656,535.608
egf,PB01,7.2728,512.581
egf,PB01,7.4860,460.763
egf,PB01,7.7056,421.900
egf,PB01,7.9315,351.460
egf,PB01,8.1641,323.336
egf,PB01,8.4035,305.397
egf,PB01,8.6499,282.679
egf,PB01,8.9036,275.999
egf,PB01,9.1647,243.647
egf,PB01,9.4334,224.023
egf,PB01,9.7101,218.089
egf,PB01,9.9948,205.733
egf,PB01,10.2879,202.808
egf,PB01,10.5896,214.580
egf,PB01,10.9001,207.171
egf,PB01,11.2198,209.587
egf,PB01,11.5488,222.616
egf,PB01,11.8874,232.187
egf,PB01,12.2360,243.025
egf,PB01,12.5949,250.314
egf,PB01,12.9642,244.761
egf,PB01,13.3444,236.181
egf,PB01,13.7357,227.782
egf,PB01,14.1385,222.580
egf,PB01,14.5531,217.769
egf,PB01,14.9798,211.154
egf,PB01,15.4191,198.241
egf,PB01,15.8713,189.054
egf,PB01,16.3367,181.777
egf,PB01,16.8157,175.752
egf,PB01,17.3089,171.803
egf,PB01,17.8164,186.460
egf,PB01,18.3389,185.710
egf,PB01,18.8767,172.956
egf,PB01,19.4302,178.287
egf,PB01,20.0000,146.918
egf,PB02,0.0200,3.182
egf,PB02,0.0206,3.182
egf,PB02,0.0212,3.182
egf,PB02,0.0218,3.182
egf,PB02,0.0225,3.182
egf,PB02,0.0231,3.182
egf,PB02,0.0238,3.182
egf,PB02,0.0245,3.182
egf,PB02,0.0291,7.996
egf,PB02,0.0300,7.996
egf,PB02,0.0309,7.996
egf,PB02,0.0318,7.996
egf,PB02,0.0327,7.996
egf,PB02,0.0336,7.996
egf,PB02,0.0346,7.996
egf,PB02,0.0357,7.996
egf,PB02,0.0367,7.996
egf,PB02,0.0389,2.561
egf,PB02,0.0400,2.561
egf,PB02,0.0412,2.561
egf,PB02,0.0424,2.561
egf,PB02,0.0436,2.561
egf,PB02,0.0449,2.561
egf,PB02,0.0462,2.561
egf,PB02,0.0476,1.995
egf,PB02,0.0490,1.995
egf,PB02,0.0504,1.597
egf,PB02,0.0519,1.597
egf,PB02,0.0534,1.597
egf,PB02,0.0550,1.597
egf,PB02,0.0566,1.597
egf,PB02,0.0583,2.164
egf,PB02,0.0600,2.164
egf,PB02,0.0617,2.164
egf,PB02,0.0636,2.687
egf,PB02,0.0654,2.687
egf,PB02,0.0673,2.522
egf,PB02,0.0693,2.522
egf,PB02,0.0713,2.522
egf,PB02,0.0734,2.522
egf,PB02,0.0756,2.731
egf,PB02,0.0778,2.955
egf,PB02,0.0801,2.955
egf,PB02,0.0824,2.955
egf,PB02,0.0848,2.955
egf,PB02,0.0873,3.883
egf,PB02,0.0899,4.489
egf,PB02,0.0925,4.489
egf,PB02,0.0952,3.241
egf,PB02,0.0980,3.241
egf,PB02,0.1009,3.261
egf,PB02,0.1039,3.261
egf,PB02,0.1069,3.736
egf,PB02,0.1101,3.736
egf,PB02,0.1133,3.057
egf,PB02,0.1166,2.324
egf,PB02,0.1200,2.324
egf,PB02,0.1235,1.497
egf,PB02,0.1272,1.459
egf,PB02,0.1309,1.459
egf,PB02,0.1347,1.563
egf,PB02,0.1387,1.498
egf,PB02,0.1428,1.379
egf,PB02,0.1469,1.379
egf,PB02,0.1512,1.075
egf,PB02,0.1557,1.075
egf,PB02,0.1602,1.075
egf,PB02,0.1649,1.441
egf,PB02,0.1698,1.441
egf,PB02,0.1748,1.636
egf,PB02,0.1799,2.033
egf,PB02,0.1852,2.033
egf,PB02,0.1906,2.540
egf,PB02,0.1962,2.540
egf,PB02,0.2019,4.124
egf,PB02,0.2079,4.124
egf,PB02,0.2140,4.362
egf,PB02,0.2202,4.436
egf,PB02,0.2267,4.612
egf,PB02,0.2333,4.283
egf,PB02,0.2402,4.405
egf,PB02,0.2472,4.962
egf,PB02,0.2545,5.780
egf,PB02,0.2619,5.596
egf,PB02,0.2696,6.133
egf,PB02,0.2775,6.630
egf,PB02,0.2857,7.225
egf,PB02,0.2940,8.070
egf,PB02,0.3027,9.159
egf,PB02,0.3115,9.159
egf,PB02,0.3207,10.742
egf,PB02,0.3301,11.590
egf,PB02,0.3397,12.611
egf,PB02,0.3497,14.064
egf,PB02,0.3600,14.815
egf,PB02,0.3705,16.310
egf,PB02,0.3814,17.288
egf,PB02,0.3926,18.522
egf,PB02,0.4041,21.650
egf,PB02,0.4159,26.112
egf,PB02,0.4281,29.339
egf,PB02,0.4407,34.182
egf,PB02,0.4536,39.659
egf,PB02,0.4669,44.861
egf,PB02,0.4806,45.330
egf,PB02,0.4947,44.620
egf,PB02,0.5092,46.577
egf,PB02,0.5241,45.222
egf,PB02,0.5395,46.216
egf,PB02,0.5553,52.458
egf,PB02,0.5716,57.533
egf,PB02,0.5884,63.400
egf,PB02,0.6056,64.027
egf,PB02,0.6234,65.510
egf,PB02,0.6417,79.461
egf,PB02,0.6605,87.828
egf,PB02,0.6798,98.848
egf,PB02,0.6998,112.799
egf,PB02,0.7203,124.211
egf,PB02,0.7414,134.738
egf,PB02,0.7632,145.061
egf,PB02,0.7855,163.210
egf,PB02,0.8086,180.556
egf,PB02,0.8323,199.086
egf,PB02,0.8567,216.614
egf,PB02,0.8818,234.449
egf,PB02,0.9077,260.532
egf,PB02,0.9343,273.256
egf,PB02,0.9617,287.280
egf,PB02,0.9899,312.024
egf,PB02,1.0189,338.525
egf,PB02,1.0488,356.288
egf,PB02,1.0796,421.234
egf,PB02,1.1112,471.388
egf,PB02,1.1438,465.391
egf,PB02,1.1773,481.754
egf,PB02,1.2119,465.300
egf,PB02,1.2474,462.212
egf,PB02,1.2840,487.991
egf,PB02,1.3216,514.556
egf,PB02,1.3604,500.842
egf,PB02,1.4003,456.322
egf,PB02,1.4414,480.529
egf,PB02,1.4836,482.934
egf,PB02,1.5271,472.899
egf,PB02,1.5719,559.941
egf,PB02,1.6180,658.643
egf,PB02,1.6655,733.705
egf,PB02,1.7143,736.197
egf,PB02,1.7646,771.272
egf,PB02,1.8163,780.704
egf,PB02,1.8696,796.863
egf,PB02,1.9244,761.987
egf,PB02,1.9808,754.249
egf,PB02,2.0389,777.791
egf,PB02,2.0987,775.928
egf,PB02,2.1602,754.208
egf,PB02,2.2236,745.394
egf,PB02,2.2888,732.911
egf,PB02,2.3559,690.783
egf,PB02,2.4250,689.982
egf,PB02,2.4961,680.237
egf,PB02,2.5693,651.386
egf,PB02,2.6447,625.122
egf,PB02,2.7222,592.674
egf,PB02,2.8020,582.889
egf,PB02,2.8842,579.598
egf,PB02,2.9688,589.136
egf,PB02,3.0558,582.441
egf,PB02,3.1454,616.417
egf,PB02,3.2377,634.243
egf,PB02,3.3326,638.734
egf,PB02,3.4304,766.789
egf,PB02,3.5310,816.527
egf,PB02,3.6345,830.249
egf,PB02,3.7411,827.610
egf,PB02,3.8508,823.532
egf,PB02,3.9637,790.209
egf,PB02,4.0799,749.786
egf,PB02,4.1996,655.750
egf,PB02,4.3227,561.734
egf,PB02,4.4495,505.712
egf,PB02,4.5800,434.670
egf,PB02,4.7143,413.143
egf,PB02,4.8525,393.123
egf,PB02,4.9948,377.920
egf,PB02,5.1413,353.191
egf,PB02,5.2921,348.571
egf,PB02,5.4472,366.499
egf,PB02,5.6070,404.694
egf,PB02,5.7714,458.448
egf,PB02,5.9406,520.056
egf,PB02,6.1148,516.615
egf,PB02,6.2942,529.483
egf,PB02,6.4787,541.810
egf,PB02,6.6687,519.114
egf,PB02,6.8643,525.419
egf,PB02,7.0656,527.646
egf,PB02,7.2728,513.347
egf,PB02,7.4860,484.871
egf,PB02,7.7056,431.815
egf,PB02,7.9315,414.081
egf,PB02,8.1641,378.042
egf,PB02,8.4035,344.994
egf,PB02,8.6499,314.995
egf,PB02,8.9036,292.745
egf,PB02,9.1647,256.222
egf,PB02,9.4334,240.611
egf,PB02,9.7101,226.767
egf,PB02,9.9948,222.881
egf,PB02,10.2879,221.842
egf,PB02,10.5896,232.201
egf,PB02,10.9001,247.056
egf,PB02,11.2198,268.940
egf,PB02,11.5488,293.119
egf,PB02,11.8874,324.414
egf,PB02,12.2360,357.666
egf,PB02,12.5949,377.622
egf,PB02,12.9642,391.061
egf,PB02,13.3444,386.820
egf,PB02,13.7357,375.169
egf,PB02,14.1385,355.173
egf,PB02,14.5531,354.084
egf,PB02,14.9798,338.307
egf,PB02,15.4191,324.384
egf,PB02,15.8713,312.260
egf,PB02,16.3367,301.390
egf,PB02,16.8157,294.851
egf,PB02,17.3089,278.363
egf,PB02,17.8164,274.760
egf,PB02,18.3389,252.149
egf,PB02,18.8767,229.057
egf,PB02,19.4302,231.529
egf,PB02,20.0000,211.448
egf,PB03,0.0200,11.030
egf,PB03,0.0206,11.030
egf,PB03,0.0212,11.030
egf,PB03,0.0218,11.030
egf,PB03,0.0225,11.030
egf,PB03,0.0231,11.030
egf,PB03,0.0238,11.030
egf,PB03,0.0245,11.030
egf,PB03,0.0291,10.792
egf,PB03,0.0300,10.792
egf,PB03,0.0309,10.792
egf,PB03,0.0318,10.792
egf,PB03,0.0327,10.792
egf,PB03,0.0336,10.792
egf,PB03,0.0346,10.792
egf,PB03,0.0357,10.792
egf,PB03,0.0367,10.792
egf,PB03,0.0389,6.562
egf,PB03,0.0400,6.562
egf,PB03,0.0412,6.562
egf,PB03,0.0424,6.562
egf,PB03,0.0436,6.562
egf,PB03,0.0449,6.562
egf,PB03,0.0462,6.562
egf,PB03,0.0476,6.439
egf,PB03,0.0490,6.439
egf,PB03,0.0504,6.993
egf,PB03,0.0519,6.993
egf,PB03,0.0534,6.993
egf,PB03,0.0550,6.993
egf,PB03,0.0566,6.993
egf,PB03,0.0583,8.327
egf,PB03,0.0600,8.327
egf,PB03,0.0617,8.327
egf,PB03,0.0636,12.776
egf,PB03,0.0654,12.776
egf,PB03,0.0673,5.217
egf,PB03,0.0693,5.217
egf,PB03,0.0713,5.217
egf,PB03,0.0734,5.217
egf,PB03,0.0756,3.306
egf,PB03,0.0778,5.229
egf,PB03,0.0801,5.229
egf,PB03,0.0824,5.229
egf,PB03,0.0848,5.229
egf,PB03,0.0873,4.718
egf,PB03,0.0899,5.417
egf,PB03,0.0925,5.417
egf,PB03,0.0952,4.074
egf,PB03,0.0980,4.074
egf,PB03,0.1009,3.177
egf,PB03,0.1039,3.177
egf,PB03,0.1069,2.204
egf,PB03,0.1101,2.204
egf,PB03,0.1133,1.869
egf,PB03,0.1166,1.092
egf,PB03,0.1200,1.092
egf,PB03,0.1235,1.139
egf,PB03,0.1272,1.079
egf,PB03,0.1309,1.079
egf,PB03,0.1347,0.899
egf,PB03,0.1387,0.831
egf,PB03,0.1428,0.860
egf,PB03,0.1469,0.860
egf,PB03,0.1512,1.035
egf,PB03,0.1557,1.035
egf,PB03,0.1602,1.035
egf,PB03,0.1649,1.319
egf,PB03,0.1698,1.319
egf,PB03,0.1748,1.345
egf,PB03,0.1799,1.593
egf,PB03,0.1852,1.593
egf,PB03,0.1906,2.109
egf,PB03,0.1962,2.109
egf,PB03,0.2019,2.924
egf,PB03,0.2079,2.924
egf,PB03,0.2140,3.648
egf,PB03,0.2202,4.493
egf,PB03,0.2267,6.019
egf,PB03,0.2333,5.946
egf,PB03,0.2402,8.003
egf,PB03,0.2472,8.293
egf,PB03,0.2545,7.981
egf,PB03,0.2619,8.738
egf,PB03,0.2696,10.141
egf,PB03,0.2775,14.456
egf,PB03,0.2857,16.401
egf,PB03,0.2940,18.388
egf,PB03,0.3027,23.594
egf,PB03,0.3115,23.594
egf,PB03,0.3207,26.185
egf,PB03,0.3301,35.735
egf,PB03,0.3397,37.391
egf,PB03,0.3497,35.972
egf,PB03,0.3600,39.117
egf,PB03,0.3705,43.730
egf,PB03,0.3814,48.557
egf,PB03,0.3926,49.299
egf,PB03,0.4041,57.110
egf,PB03,0.4159,66.591
egf,PB03,0.4281,65.474
egf,PB03,0.4407,77.570
egf,PB03,0.4536,94.018
egf,PB03,0.4669,110.539
egf,PB03,0.4806,122.962
egf,PB03,0.4947,129.085
egf,PB03,0.5092,134.667
egf,PB03,0.5241,156.457
egf,PB03,0.5395,174.072
egf,PB03,0.5553,181.717
egf,PB03,0.5716,200.109
egf,PB03,0.5884,219.309
egf,PB03,0.6056,246.984
egf,PB03,0.6234,257.885
egf,PB03,0.6417,290.694
egf,PB03,0.6605,322.537
egf,PB03,0.6798,373.510
egf,PB03,0.6998,427.196
egf,PB03,0.7203,495.134
egf,PB03,0.7414,583.279
egf,PB03,0.7632,640.964
egf,PB03,0.7855,689.995
egf,PB03,0.8086,738.810
egf,PB03,0.8323,817.066
egf,PB03,0.8567,912.312
egf,PB03,0.8818,943.180
egf,PB03,0.9077,968.939
egf,PB03,0.9343,991.922
egf,PB03,0.9617,896.596
egf,PB03,0.9899,825.431
egf,PB03,1.0189,880.125
egf,PB03,1.0488,828.953
egf,PB03,1.0796,857.463
egf,PB03,1.1112,912.885
egf,PB03,1.1438,874.135
egf,PB03,1.1773,865.060
egf,PB03,1.2119,933.859
egf,PB03,1.2474,976.956
egf,PB03,1.2840,1053.324
egf,PB03,1.3216,1175.100
egf,PB03,1.3604,1333.419
egf,PB03,1.4003,1398.971
egf,PB03,1.4414,1383.713
egf,PB03,1.4836,1438.636
egf,PB03,1.5271,1495.160
egf,PB03,1.5719,1676.828
egf,PB03,1.6180,1758.926
egf,PB03,1.6655,1883.743
egf,PB03,1.7143,1851.976
egf,PB03,1.7646,1768.401
egf,PB03,1.8163,1814.277
egf,PB03,1.8696,1834.982
egf,PB03,1.9244,1823.191
egf,PB03,1.9808,1772.193
egf,PB03,2.0389,1583.030
egf,PB03,2.0987,1369.815
egf,PB03,2.1602,1242.330
egf,PB03,2.2236,1184.012
egf,PB03,2.2888,1233.135
egf,PB03,2.3559,1245.920
egf,PB03,2.4250,1317.143
egf,PB03,2.4961,1322.648
egf,PB03,2.5693,1358.091
egf,PB03,2.6447,1353.757
egf,PB03,2.7222,1400.622
egf,PB03,2.8020,1462.943
egf,PB03,2.8842,1461.604
egf,PB03,2.9688,1504.649
egf,PB03,3.0558,1461.563
egf,PB03,3.1454,1432.175
egf,PB03,3.2377,1466.890
egf,PB03,3.3326,1649.448
egf,PB03,3.4304,1770.139
egf,PB03,3.5310,1895.403
egf,PB03,3.6345,1997.616
egf,PB03,3.7411,1856.047
egf,PB03,3.8508,1733.948
egf,PB03,3.9637,1650.539
egf,PB03,4.0799,1574.031
egf,PB03,4.1996,1445.206
egf,PB03,4.3227,1256.149
egf,PB03,4.4495,1089.875
egf,PB03,4.5800,957.613
egf,PB03,4.7143,849.799
egf,PB03,4.8525,787.635
egf,PB03,4.9948,828.320
egf,PB03,5.1413,864.212
egf,PB03,5.2921,852.975
egf,PB03,5.4472,925.212
egf,PB03,5.6070,938.215
egf,PB03,5.7714,1015.017
egf,PB03,5.9406,1086.974
egf,PB03,6.1148,1262.848
egf,PB03,6.2942,1404.169
egf,PB03,6.4787,1503.855
egf,PB03,6.6687,1543.140
egf,PB03,6.8643,1613.130
egf,PB03,7.0656,1584.086
egf,PB03,7.2728,1520.259
egf,PB03,7.4860,1510.191
egf,PB03,7.7056,1408.634
egf,PB03,7.9315,1313.428
egf,PB03,8.1641,1186.504
egf,PB03,8.4035,1072.113
egf,PB03,8.6499,957.066
egf,PB03,8.9036,918.906
egf,PB03,9.1647,832.703
egf,PB03,9.4334,799.856
egf,PB03,9.7101,789.874
egf,PB03,9.9948,819.814
egf,PB03,10.2879,849.313
egf,PB03,10.5896,830.358
egf,PB03,10.9001,846.760
egf,PB03,11.2198,978.037
egf,PB03,11.5488,1051.732
egf,PB03,11.8874,1097.417
egf,PB03,12.2360,1154.667
egf,PB03,12.5949,1239.396
egf,PB03,12.9642,1222.323
egf,PB03,13.3444,1201.145
egf,PB03,13.7357,1184.005
egf,PB03,14.1385,1167.289
egf,PB03,14.5531,1159.321
egf,PB03,14.9798,1127.181
egf,PB03,15.4191,1089.151
egf,PB03,15.8713,1083.181
egf,PB03,16.3367,1020.158
egf,PB03,16.8157,1014.254
egf,PB03,17.3089,972.806
egf,PB03,17.8164,882.575
egf,PB03,18.3389,840.901
egf,PB03,18.8767,948.394
egf,PB03,19.4302,950.337
egf,PB03,20.0000,937.899
egf,PB05,0.0200,2.149
egf,PB05,0.0206,2.149
egf,PB05,0.0212,2.149
egf,PB05,0.0218,2.149
egf,PB05,0.0225,2.149
egf,PB05,0.0231,2.149
egf,PB05,0.0238,2.149
egf,PB05,0.0245,2.149
egf,PB05,0.0291,6.491
egf,PB05,0.0300,6.491
egf,PB05,0.0309,6.491
egf,PB05,0.0318,6.491
egf,PB05,0.0327,6.491
egf,PB05,0.0336,6.491
egf,PB05,0.0346,6.491
egf,PB05,0.0357,6.491
egf,PB05,0.0367,6.491
egf,PB05,0.0389,6.040
egf,PB05,0.0400,6.040
egf,PB05,0.0412,6.040
egf,PB05,0.0424,6.040
egf,PB05,0.0436,6.040
egf,PB05,0.0449,6.040
egf,PB05,0.0462,6.040
egf,PB05,0.0476,6.469
egf,PB05,0.0490,6.469
egf,PB05,0.0504,7.128
egf,PB05,0.0519,7.128
egf,PB05,0.0534,7.128
egf,PB05,0.0550,7.128
egf,PB05,0.0566,7.128
egf,PB05,0.0583,5.259
egf,PB05,0.0600,5.259
egf,PB05,0.0617,5.259
egf,PB05,0.0636,4.340
egf,PB05,0.0654,4.340
egf,PB05,0.0673,4.577
egf,PB05,0.0693,4.577
egf,PB05,0.0713,4.577
egf,PB05,0.0734,4.577
egf,PB05,0.0756,4.774
egf,PB05,0.0778,4.625
egf,PB05,0.0801,4.625
egf,PB05,0.0824,4.625
egf,PB05,0.0848,4.625
egf,PB05,0.0873,4.754
egf,PB05,0.0899,4.798
egf,PB05,0.0925,4.798
egf,PB05,0.0952,4.684
egf,PB05,0.0980,4.684
egf,PB05,0.1009,5.041
egf,PB05,0.1039,5.041
egf,PB05,0.1069,4.919
egf,PB05,0.1101,4.919
egf,PB05,0.1133,4.737
egf,PB05,0.1166,2.406
egf,PB05,0.1200,2.406
egf,PB05,0.1235,2.246
egf,PB05,0.1272,2.175
egf,PB05,0.1309,2.175
egf,PB05,0.1347,1.394
egf,PB05,0.1387,1.254
egf,PB05,0.1428,1.305
egf,PB05,0.1469,1.305
egf,PB05,0.1512,1.354
egf,PB05,0.1557,1.354
egf,PB05,0.1602,1.354
egf,PB05,0.1649,1.050
egf,PB05,0.1698,1.050
egf,PB05,0.1748,1.070
egf,PB05,0.1799,1.858
egf,PB05,0.1852,1.858
egf,PB05,0.1906,2.579
egf,PB05,0.1962,2.579
egf,PB05,0.2019,3.177
egf,PB05,0.2079,3.177
egf,PB05,0.2140,4.475
egf,PB05,0.2202,4.533
egf,PB05,0.2267,6.803
egf,PB05,0.2333,6.399
egf,PB05,0.2402,5.913
egf,PB05,0.2472,6.258
egf,PB05,0.2545,6.538
egf,PB05,0.2619,7.100
egf,PB05,0.2696,7.263
egf,PB05,0.2775,8.345
egf,PB05,0.2857,9.044
egf,PB05,0.2940,9.571
egf,PB05,0.3027,11.658
egf,PB05,0.3115,11.658
egf,PB05,0.3207,14.505
egf,PB05,0.3301,15.671
egf,PB05,0.3397,17.566
egf,PB05,0.3497,21.125
egf,PB05,0.3600,26.254
egf,PB05,0.3705,28.760
egf,PB05,0.3814,37.656
egf,PB05,0.3926,49.655
egf,PB05,0.4041,58.284
egf,PB05,0.4159,62.905
egf,PB05,0.4281,82.705
egf,PB05,0.4407,90.551
egf,PB05,0.4536,100.676
egf,PB05,0.4669,124.769
egf,PB05,0.4806,143.623
egf,PB05,0.4947,156.380
egf,PB05,0.5092,152.086
egf,PB05,0.5241,153.147
egf,PB05,0.5395,188.150
egf,PB05,0.5553,218.522
egf,PB05,0.5716,220.470
egf,PB05,0.5884,253.321
egf,PB05,0.6056,267.303
egf,PB05,0.6234,272.149
egf,PB05,0.6417,265.634
egf,PB05,0.6605,292.606
egf,PB05,0.6798,333.639
egf,PB05,0.6998,372.018
egf,PB05,0.7203,384.959
egf,PB05,0.7414,434.646
egf,PB05,0.7632,458.161
egf,PB05,0.7855,501.215
egf,PB05,0.8086,527.340
egf,PB05,0.8323,648.588
egf,PB05,0.8567,721.282
egf,PB05,0.8818,849.129
egf,PB05,0.9077,926.133
egf,PB05,0.9343,996.970
egf,PB05,0.9617,1078.443
egf,PB05,0.9899,1126.264
egf,PB05,1.0189,1123.166
egf,PB05,1.0488,1090.599
egf,PB05,1.0796,1094.349
egf,PB05,1.1112,1138.869
egf,PB05,1.1438,1099.273
egf,PB05,1.1773,1105.499
egf,PB05,1.2119,1057.536
egf,PB05,1.2474,1029.101
egf,PB05,1.2840,1024.397
egf,PB05,1.3216,1088.193
egf,PB05,1.3604,1095.989
egf,PB05,1.4003,1173.476
egf,PB05,1.4414,1141.584
egf,PB05,1.4836,1149.841
egf,PB05,1.5271,1207.473
egf,PB05,1.5719,1274.492
egf,PB05,1.6180,1422.302
egf,PB05,1.6655,1564.210
egf,PB05,1.7143,1703.988
egf,PB05,1.7646,1724.879
egf,PB05,1.8163,1852.183
egf,PB05,1.8696,1938.844
egf,PB05,1.9244,2157.143
egf,PB05,1.9808,2475.604
egf,PB05,2.0389,2599.385
egf,PB05,2.0987,2599.443
egf,PB05,2.1602,2598.111
egf,PB05,2.2236,2683.797
egf,PB05,2.2888,2630.371
egf,PB05,2.3559,2611.340
egf,PB05,2.4250,2632.524
egf,PB05,2.4961,2547.871
egf,PB05,2.5693,2600.507
egf,PB05,2.6447,2447.135
egf,PB05,2.7222,2464.745
egf,PB05,2.8020,2414.980
egf,PB05,2.8842,2360.074
egf,PB05,2.9688,2508.578
egf,PB05,3.0558,2668.683
egf,PB05,3.1454,2825.535
egf,PB05,3.2377,3010.976
egf,PB05,3.3326,3035.446
egf,PB05,3.4304,3125.508
egf,PB05,3.5310,3078.206
egf,PB05,3.6345,3062.100
egf,PB05,3.7411,3120.743
egf,PB05,3.8508,3100.178
egf,PB05,3.9637,2969.857
egf,PB05,4.0799,2673.885
egf,PB05,4.1996,2578.956
egf,PB05,4.3227,2349.343
egf,PB05,4.4495,2238.063
egf,PB05,4.5800,2030.361
egf,PB05,4.7143,1931.758
egf,PB05,4.8525,1861.772
egf,PB05,4.9948,1785.380
egf,PB05,5.1413,1705.173
egf,PB05,5.2921,1713.518
egf,PB05,5.4472,1676.970
egf,PB05,5.6070,1715.354
egf,PB05,5.7714,1710.179
egf,PB05,5.9406,1693.688
egf,PB05,6.1148,1815.385
egf,PB05,6.2942,1832.548
egf,PB05,6.4787,1900.800
egf,PB05,6.6687,1950.971
egf,PB05,6.8643,1972.761
egf,PB05,7.0656,1978.445
egf,PB05,7.2728,2027.059
egf,PB05,7.4860,2002.027
egf,PB05,7.7056,1992.215
egf,PB05,7.9315,1874.918
egf,PB05,8.1641,1829.980
egf,PB05,8.4035,1680.168
egf,PB05,8.6499,1524.199
egf,PB05,8.9036,1383.597
egf,PB05,9.1647,1274.996
egf,PB05,9.4334,1221.940
egf,PB05,9.7101,1170.948
egf,PB05,9.9948,1195.639
egf,PB05,10.2879,1265.874
egf,PB05,10.5896,1341.753
egf,PB05,10.9001,1463.276
egf,PB05,11.2198,1618.068
egf,PB05,11.5488,1787.086
egf,PB05,11.8874,1997.561
egf,PB05,12.2360,2042.356
egf,PB05,12.5949,2094.848
egf,PB05,12.9642,2198.726
egf,PB05,13.3444,2139.283
egf,PB05,13.7357,1938.142
egf,PB05,14.1385,1834.284
egf,PB05,14.5531,1767.664
egf,PB05,14.9798,1695.989
egf,PB05,15.4191,1583.526
egf,PB05,15.8713,1522.904
egf,PB05,16.3367,1497.237
egf,PB05,16.8157,1309.521
egf,PB05,17.3089,1137.544
egf,PB05,17.8164,1130.698
egf,PB05,18.3389,1138.762
egf,PB05,18.8767,1128.796
egf,PB05,19.4302,1247.671
egf,PB05,20.0000,1117.333
egf,PB06,0.0200,17.620
egf,PB06,0.0206,17.620
egf,PB06,0.0212,17.620
egf,PB06,0.0218,17.620
egf,PB06,0.0225,17.620
egf,PB06,0.0231,17.620
egf,PB06,0.0238,17.620
egf,PB06,0.0245,17.620
egf,PB06,0.0291,23.118
egf,PB06,0.0300,23.118
egf,PB06,0.0309,23.118
egf,PB06,0.0318,23.118
egf,PB06,0.0327,23.118
egf,PB06,0.0336,23.118
egf,PB06,0.0346,23.118
egf,PB06,0.0357,23.118
egf,PB06,0.0367,23.118
egf,PB06,0.0389,12.559
egf,PB06,0.0400,12.559
egf,PB06,0.0412,12.559
egf,PB06,0.0424,12.559
egf,PB06,0.0436,12.559
egf,PB06,0.0449,12.559
egf,PB06,0.0462,12.559
egf,PB06,0.0476,15.981
egf,PB06,0.0490,15.981
egf,PB06,0.0504,24.790
egf,PB06,0.0519,24.790
egf,PB06,0.0534,24.790
egf,PB06,0.0550,24.790
egf,PB06,0.0566,24.790
egf,PB06,0.0583,13.638
egf,PB06,0.0600,13.638
egf,PB06,0.0617,13.638
egf,PB06,0.0636,10.742
egf,PB06,0.0654,10.742
egf,PB06,0.0673,10.645
egf,PB06,0.0693,10.645
egf,PB06,0.0713,10.645
egf,PB06,0.0734,10.645
egf,PB06,0.0756,10.731
egf,PB06,0.0778,11.360
egf,PB06,0.0801,11.360
egf,PB06,0.0824,11.360
egf,PB06,0.0848,11.360
egf,PB06,0.0873,10.859
egf,PB06,0.0899,10.932
egf,PB06,0.0925,10.932
egf,PB06,0.0952,8.516
egf,PB06,0.0980,8.516
egf,PB06,0.1009,7.659
egf,PB06,0.1039,7.659
egf,PB06,0.1069,4.810
egf,PB06,0.1101,4.810
egf,PB06,0.1133,3.914
egf,PB06,0.1166,3.680
egf,PB06,0.1200,3.680
egf,PB06,0.1235,2.118
egf,PB06,0.1272,1.827
egf,PB06,0.1309,1.827
egf,PB06,0.1347,1.732
egf,PB06,0.1387,1.609
egf,PB06,0.1428,1.532
egf,PB06,0.1469,1.532
egf,PB06,0.1512,1.697
egf,PB06,0.1557,1.697
egf,PB06,0.1602,1.697
egf,PB06,0.1649,1.786
egf,PB06,0.1698,1.786
egf,PB06,0.1748,2.040
egf,PB06,0.1799,2.630
egf,PB06,0.1852,2.630
egf,PB06,0.1906,4.048
egf,PB06,0.1962,4.048
egf,PB06,0.2019,5.510
egf,PB06,0.2079,5.510
egf,PB06,0.2140,8.133
egf,PB06,0.2202,8.529
egf,PB06,0.2267,11.032
egf,PB06,0.2333,12.463
egf,PB06,0.2402,13.443
egf,PB06,0.2472,14.325
egf,PB06,0.2545,14.378
egf,PB06,0.2619,14.818
egf,PB06,0.2696,17.908
egf,PB06,0.2775,20.829
egf,PB06,0.2857,22.148
egf,PB06,0.2940,28.407
egf,PB06,0.3027,30.402
egf,PB06,0.3115,30.402
egf,PB06,0.3207,39.439
egf,PB06,0.3301,47.471
egf,PB06,0.3397,60.271
egf,PB06,0.3497,62.176
egf,PB06,0.3600,72.908
egf,PB06,0.3705,77.337
egf,PB06,0.3814,90.593
egf,PB06,0.3926,99.075
egf,PB06,0.4041,109.186
egf,PB06,0.4159,130.731
egf,PB06,0.4281,142.679
egf,PB06,0.4407,169.439
egf,PB06,0.4536,181.982
egf,PB06,0.4669,224.052
egf,PB06,0.4806,234.308
egf,PB06,0.4947,267.311
egf,PB06,0.5092,272.070
egf,PB06,0.5241,304.866
egf,PB06,0.5395,384.351
egf,PB06,0.5553,414.564
egf,PB06,0.5716,437.521
egf,PB06,0.5884,475.278
egf,PB06,0.6056,536.332
egf,PB06,0.6234,610.467
egf,PB06,0.6417,655.539
egf,PB06,0.6605,682.059
egf,PB06,0.6798,751.012
egf,PB06,0.6998,792.762
egf,PB06,0.7203,836.429
egf,PB06,0.7414,996.201
egf,PB06,0.7632,1086.266
egf,PB06,0.7855,1255.808
egf,PB06,0.8086,1246.268
egf,PB06,0.8323,1370.183
egf,PB06,0.8567,1447.710
egf,PB06,0.8818,1523.112
egf,PB06,0.9077,1632.722
egf,PB06,0.9343,1554.371
egf,PB06,0.9617,1415.046
egf,PB06,0.9899,989.958
egf,PB06,1.0189,868.504
egf,PB06,1.0488,788.401
egf,PB06,1.0796,822.585
egf,PB06,1.1112,830.096
egf,PB06,1.1438,803.325
egf,PB06,1.1773,855.842
egf,PB06,1.2119,916.679
egf,PB06,1.2474,956.341
egf,PB06,1.2840,1072.418
egf,PB06,1.3216,1134.220
egf,PB06,1.3604,1204.661
egf,PB06,1.4003,1285.647
egf,PB06,1.4414,1295.485
egf,PB06,1.4836,1350.147
egf,PB06,1.5271,1582.743
egf,PB06,1.5719,1986.902
egf,PB06,1.6180,2322.942
egf,PB06,1.6655,2658.001
egf,PB06,1.7143,3310.819
egf,PB06,1.7646,4143.851
egf,PB06,1.8163,4746.228
egf,PB06,1.8696,5399.386
egf,PB06,1.9244,6294.479
egf,PB06,1.9808,7267.899
egf,PB06,2.0389,7601.620
egf,PB06,2.0987,7201.789
egf,PB06,2.1602,7790.339
egf,PB06,2.2236,8600.819
egf,PB06,2.2888,9034.002
egf,PB06,2.3559,9281.332
egf,PB06,2.4250,9302.132
egf,PB06,2.4961,9219.000
egf,PB06,2.5693,8239.169
egf,PB06,2.6447,7242.083
egf,PB06,2.7222,6487.778
egf,PB06,2.8020,5966.569
egf,PB06,2.8842,5174.298
egf,PB06,2.9688,4558.218
egf,PB06,3.0558,4140.630
egf,PB06,3.1454,3827.488
egf,PB06,3.2377,3546.527
egf,PB06,3.3326,3347.461
egf,PB06,3.4304,3425.103
egf,PB06,3.5310,3542.475
egf,PB06,3.6345,3721.368
egf,PB06,3.7411,4079.861
egf,PB06,3.8508,4424.909
egf,PB06,3.9637,4267.661
egf,PB06,4.0799,4187.326
egf,PB06,4.1996,4233.717
egf,PB06,4.3227,4409.678
egf,PB06,4.4495,4212.572
egf,PB06,4.5800,4112.030
egf,PB06,4.7143,3963.654
egf,PB06,4.8525,3904.903
egf,PB06,4.9948,3790.640
egf,PB06,5.1413,3831.559
egf,PB06,5.2921,4177.414
egf,PB06,5.4472,4064.658
egf,PB06,5.6070,3814.943
egf,PB06,5.7714,3781.982
egf,PB06,5.9406,4042.224
egf,PB06,6.1148,4124.333
egf,PB06,6.2942,4396.740
egf,PB06,6.4787,4401.976
egf,PB06,6.6687,4439.515
egf,PB06,6.8643,4352.973
egf,PB06,7.0656,4589.368
egf,PB06,7.2728,4821.401
egf,PB06,7.4860,5070.379
egf,PB06,7.7056,4943.055
egf,PB06,7.9315,4869.678
egf,PB06,8.1641,4915.921
egf,PB06,8.4035,4921.894
egf,PB06,8.6499,4849.922
egf,PB06,8.9036,4651.814
egf,PB06,9.1647,4424.920
egf,PB06,9.4334,4023.576
egf,PB06,9.7101,3707.984
egf,PB06,9.9948,3546.458
egf,PB06,10.2879,3478.693
egf,PB06,10.5896,3428.308
egf,PB06,10.9001,3371.391
egf,PB06,11.2198,3185.316
egf,PB06,11.5488,3207.585
egf,PB06,11.8874,3420.899
egf,PB06,12.2360,3462.811
egf,PB06,12.5949,3568.326
egf,PB06,12.9642,3562.846
egf,PB06,13.3444,3597.203
egf,PB06,13.7357,3555.979
egf,PB06,14.1385,3476.300
egf,PB06,14.5531,3410.145
egf,PB06,14.9798,3345.422
egf,PB06,15.4191,3122.593
egf,PB06,15.8713,2993.940
egf,PB06,16.3367,2784.064
egf,PB06,16.8157,2634.572
egf,PB06,17.3089,2593.672
egf,PB06,17.8164,2159.309
egf,PB06,18.3389,2325.592
egf,PB06,18.8767,2330.812
egf,PB06,19.4302,2609.313
egf,PB06,20.0000,2461.335
egf,PB07,0.0200,4.584
egf,PB07,0.0206,4.584
egf,PB07,0.0212,4.584
egf,PB07,0.0218,4.584
egf,PB07,0.0225,4.584
egf,PB07,0.0231,4.584
egf,PB07,0.0238,4.584
egf,PB07,0.0245,4.584
egf,PB07,0.0291,3.303
egf,PB07,0.0300,3.303
egf,PB07,0.0309,3.303
egf,PB07,0.0318,3.303
egf,PB07,0.0327,3.303
egf,PB07,0.0336,3.303
egf,PB07,0.0346,3.303
egf,PB07,0.0357,3.303
egf,PB07,0.0367,3.303
egf,PB07,0.0389,7.234
egf,PB07,0.0400,7.234
egf,PB07,0.0412,7.234
egf,PB07,0.0424,7.234
egf,PB07,0.0436,7.234
egf,PB07,0.0449,7.234
egf,PB07,0.0462,7.234
egf,PB07,0.0476,4.760
egf,PB07,0.0490,4.760
egf,PB07,0.0504,4.208
egf,PB07,0.0519,4.208
egf,PB07,0.0534,4.208
egf,PB07,0.0550,4.208
egf,PB07,0.0566,4.208
egf,PB07,0.0583,7.524
egf,PB07,0.0600,7.524
egf,PB07,0.0617,7.524
egf,PB07,0.0636,10.823
egf,PB07,0.0654,10.823
egf,PB07,0.0673,8.986
egf,PB07,0.0693,8.986
egf,PB07,0.0713,8.986
egf,PB07,0.0734,8.986
egf,PB07,0.0756,7.319
egf,PB07,0.0778,10.162
egf,PB07,0.0801,10.162
egf,PB07,0.0824,10.162
egf,PB07,0.0848,10.162
egf,PB07,0.0873,7.591
egf,PB07,0.0899,10.197
egf,PB07,0.0925,10.197
egf,PB07,0.0952,5.683
egf,PB07,0.0980,5.683
egf,PB07,0.1009,4.483
egf,PB07,0.1039,4.483
egf,PB07,0.1069,3.071
egf,PB07,0.1101,3.071
egf,PB07,0.1133,2.670
egf,PB07,0.1166,1.537
egf,PB07,0.1200,1.537
egf,PB07,0.1235,1.140
egf,PB07,0.1272,1.096
egf,PB07,0.1309,1.096
egf,PB07,0.1347,1.191
egf,PB07,0.1387,1.062
egf,PB07,0.1428,0.899
egf,PB07,0.1469,0.899
egf,PB07,0.1512,0.998
egf,PB07,0.1557,0.998
egf,PB07,0.1602,0.998
egf,PB07,0.1649,1.381
egf,PB07,0.1698,1.381
egf,PB07,0.1748,1.560
egf,PB07,0.1799,1.650
egf,PB07,0.1852,1.650
egf,PB07,0.1906,2.333
egf,PB07,0.1962,2.333
egf,PB07,0.2019,2.847
egf,PB07,0.2079,2.847
egf,PB07,0.2140,3.522
egf,PB07,0.2202,3.565
egf,PB07,0.2267,4.001
egf,PB07,0.2333,4.514
egf,PB07,0.2402,5.911
egf,PB07,0.2472,6.316
egf,PB07,0.2545,7.432
egf,PB07,0.2619,7.890
egf,PB07,0.2696,9.414
egf,PB07,0.2775,10.658
egf,PB07,0.2857,11.326
egf,PB07,0.2940,14.310
egf,PB07,0.3027,16.333
egf,PB07,0.3115,16.333
egf,PB07,0.3207,17.804
egf,PB07,0.3301,21.171
egf,PB07,0.3397,27.416
egf,PB07,0.3497,33.509
egf,PB07,0.3600,37.391
egf,PB07,0.3705,44.173
egf,PB07,0.3814,47.255
egf,PB07,0.3926,57.443
egf,PB07,0.4041,62.433
egf,PB07,0.4159,76.625
egf,PB07,0.4281,89.702
egf,PB07,0.4407,96.855
egf,PB07,0.4536,99.635
egf,PB07,0.4669,106.758
egf,PB07,0.4806,111.281
egf,PB07,0.4947,121.114
egf,PB07,0.5092,135.652
egf,PB07,0.5241,141.215
egf,PB07,0.5395,154.732
egf,PB07,0.5553,157.978
egf,PB07,0.5716,160.849
egf,PB07,0.5884,165.616
egf,PB07,0.6056,176.967
egf,PB07,0.6234,181.631
egf,PB07,0.6417,203.158
egf,PB07,0.6605,236.464
egf,PB07,0.6798,261.800
egf,PB07,0.6998,280.559
egf,PB07,0.7203,306.716
egf,PB07,0.7414,353.111
egf,PB07,0.7632,406.542
egf,PB07,0.7855,458.732
egf,PB07,0.8086,504.065
egf,PB07,0.8323,563.082
egf,PB07,0.8567,595.727
egf,PB07,0.8818,608.084
egf,PB07,0.9077,698.348
egf,PB07,0.9343,789.252
egf,PB07,0.9617,880.960
egf,PB07,0.9899,1023.601
egf,PB07,1.0189,1130.928
egf,PB07,1.0488,1214.787
egf,PB07,1.0796,1229.751
egf,PB07,1.1112,1278.398
egf,PB07,1.1438,1269.169
egf,PB07,1.1773,1215.601
egf,PB07,1.2119,1212.710
egf,PB07,1.2474,1132.843
egf,PB07,1.2840,1144.551
egf,PB07,1.3216,1132.048
egf,PB07,1.3604,1069.809
egf,PB07,1.4003,1143.468
egf,PB07,1.4414,1192.042
egf,PB07,1.4836,1285.676
egf,PB07,1.5271,1300.779
egf,PB07,1.5719,1353.947
egf,PB07,1.6180,1315.448
egf,PB07,1.6655,1318.304
egf,PB07,1.7143,1345.390
egf,PB07,1.7646,1461.229
egf,PB07,1.8163,1419.630
egf,PB07,1.8696,1281.533
egf,PB07,1.9244,1273.505
egf,PB07,1.9808,1145.165
egf,PB07,2.0389,1174.734
egf,PB07,2.0987,1264.636
egf,PB07,2.1602,1330.869
egf,PB07,2.2236,1390.244
egf,PB07,2.2888,1380.874
egf,PB07,2.3559,1341.227
egf,PB07,2.4250,1354.231
egf,PB07,2.4961,1400.324
egf,PB07,2.5693,1386.850
egf,PB07,2.6447,1388.376
egf,PB07,2.7222,1246.711
egf,PB07,2.8020,1249.473
egf,PB07,2.8842,1194.516
egf,PB07,2.9688,1133.932
egf,PB07,3.0558,1104.888
egf,PB07,3.1454,1170.787
egf,PB07,3.2377,1197.032
egf,PB07,3.3326,1263.589
egf,PB07,3.4304,1316.033
egf,PB07,3.5310,1392.268
egf,PB07,3.6345,1399.343
egf,PB07,3.7411,1380.607
egf,PB07,3.8508,1308.424
egf,PB07,3.9637,1205.123
egf,PB07,4.0799,1117.851
egf,PB07,4.1996,989.749
egf,PB07,4.3227,910.154
egf,PB07,4.4495,783.609
egf,PB07,4.5800,690.490
egf,PB07,4.7143,655.767
egf,PB07,4.8525,606.136
egf,PB07,4.9948,571.129
egf,PB07,5.1413,586.238
egf,PB07,5.2921,601.960
egf,PB07,5.4472,607.301
egf,PB07,5.6070,618.591
egf,PB07,5.7714,645.637
egf,PB07,5.9406,752.983
egf,PB07,6.1148,783.077
egf,PB07,6.2942,845.653
egf,PB07,6.4787,868.304
egf,PB07,6.6687,888.081
egf,PB07,6.8643,843.624
egf,PB07,7.0656,806.116
egf,PB07,7.2728,781.252
egf,PB07,7.4860,773.809
egf,PB07,7.7056,749.394
egf,PB07,7.9315,658.757
egf,PB07,8.1641,647.008
egf,PB07,8.4035,618.639
egf,PB07,8.6499,537.914
egf,PB07,8.9036,482.565
egf,PB07,9.1647,444.160
egf,PB07,9.4334,428.750
egf,PB07,9.7101,428.668
egf,PB07,9.9948,413.377
egf,PB07,10.2879,419.557
egf,PB07,10.5896,424.936
egf,PB07,10.9001,425.990
egf,PB07,11.2198,426.003
egf,PB07,11.5488,486.586
egf,PB07,11.8874,536.527
egf,PB07,12.2360,611.904
egf,PB07,12.5949,640.188
egf,PB07,12.9642,636.811
egf,PB07,13.3444,648.368
egf,PB07,13.7357,618.043
egf,PB07,14.1385,637.042
egf,PB07,14.5531,647.170
egf,PB07,14.9798,646.142
egf,PB07,15.4191,656.486
egf,PB07,15.8713,638.971
egf,PB07,16.3367,614.738
egf,PB07,16.8157,599.097
egf,PB07,17.3089,583.733
egf,PB07,17.8164,608.793
egf,PB07,18.3389,703.051
egf,PB07,18.8767,539.932
egf,PB07,19.4302,487.852
egf,PB07,20.0000,455.681
egf,PB09,0.0200,6.365
egf,PB09,0.0206,6.365
egf,PB09,0.0212,6.365
egf,PB09,0.0218,6.365
egf,PB09,0.0225,6.365
egf,PB09,0.0231,6.365
egf,PB09,0.0238,6.365
egf,PB09,0.0245,6.365
egf,PB09,0.0291,5.352
egf,PB09,0.0300,5.352
egf,PB09,0.0309,5.352
egf,PB09,0.0318,5.352
egf,PB09,0.0327,5.352
egf,PB09,0.0336,5.352
egf,PB09,0.0346,5.352
egf,PB09,0.0357,5.352
egf,PB09,0.0367,5.352
egf,PB09,0.0389,5.083
egf,PB09,0.0400,5.083
egf,PB09,0.0412,5.083
egf,PB09,0.0424,5.083
egf,PB09,0.0436,5.083
egf,PB09,0.0449,5.083
egf,PB09,0.0462,5.083
egf,PB09,0.0476,5.829
egf,PB09,0.0490,5.829
egf,PB09,0.0504,7.404
egf,PB09,0.0519,7.404
egf,PB09,0.0534,7.404
egf,PB09,0.0550,7.404
egf,PB09,0.0566,7.404
egf,PB09,0.0583,11.144
egf,PB09,0.0600,11.144
egf,PB09,0.0617,11.144
egf,PB09,0.0636,15.953
egf,PB09,0.0654,15.953
egf,PB09,0.0673,14.966
egf,PB09,0.0693,14.966
egf,PB09,0.0713,14.966
egf,PB09,0.0734,14.966
egf,PB09,0.0756,17.694
egf,PB09,0.0778,12.450
egf,PB09,0.0801,12.450
egf,PB09,0.0824,12.450
egf,PB09,0.0848,12.450
egf,PB09,0.0873,10.357
egf,PB09,0.0899,10.507
egf,PB09,0.0925,10.507
egf,PB09,0.0952,8.375
egf,PB09,0.0980,8.375
egf,PB09,0.1009,7.558
egf,PB09,0.1039,7.558
egf,PB09,0.1069,3.667
egf,PB09,0.1101,3.667
egf,PB09,0.1133,3.156
egf,PB09,0.1166,2.006
egf,PB09,0.1200,2.006
egf,PB09,0.1235,1.526
egf,PB09,0.1272,1.269
egf,PB09,0.1309,1.269
egf,PB09,0.1347,1.667
egf,PB09,0.1387,1.635
egf,PB09,0.1428,1.576
egf,PB09,0.1469,1.576
egf,PB09,0.1512,1.859
egf,PB09,0.1557,1.859
egf,PB09,0.1602,1.859
egf,PB09,0.1649,2.388
egf,PB09,0.1698,2.388
egf,PB09,0.1748,2.352
egf,PB09,0.1799,2.648
egf,PB09,0.1852,2.648
egf,PB09,0.1906,3.305
egf,PB09,0.1962,3.305
egf,PB09,0.2019,3.891
egf,PB09,0.2079,3.891
egf,PB09,0.2140,5.391
egf,PB09,0.2202,5.661
egf,PB09,0.2267,8.509
egf,PB09,0.2333,9.287
egf,PB09,0.2402,12.883
egf,PB09,0.2472,11.931
egf,PB09,0.2545,12.370
egf,PB09,0.2619,11.499
egf,PB09,0.2696,12.209
egf,PB09,0.2775,13.942
egf,PB09,0.2857,16.262
egf,PB09,0.2940,18.860
egf,PB09,0.3027,23.085
egf,PB09,0.3115,23.085
egf,PB09,0.3207,27.574
egf,PB09,0.3301,39.965
egf,PB09,0.3397,64.757
egf,PB09,0.3497,63.448
egf,PB09,0.3600,76.486
egf,PB09,0.3705,88.990
egf,PB09,0.3814,95.202
egf,PB09,0.3926,114.765
egf,PB09,0.4041,118.887
egf,PB09,0.4159,119.501
egf,PB09,0.4281,129.911
egf,PB09,0.4407,148.570
egf,PB09,0.4536,160.870
egf,PB09,0.4669,184.097
egf,PB09,0.4806,209.803
egf,PB09,0.4947,248.524
egf,PB09,0.5092,284.648
egf,PB09,0.5241,299.467
egf,PB09,0.5395,377.618
egf,PB09,0.5553,391.684
egf,PB09,0.5716,410.258
egf,PB09,0.5884,448.379
egf,PB09,0.6056,517.870
egf,PB09,0.6234,566.456
egf,PB09,0.6417,626.775
egf,PB09,0.6605,647.975
egf,PB09,0.6798,715.944
egf,PB09,0.6998,785.577
egf,PB09,0.7203,759.096
egf,PB09,0.7414,872.395
egf,PB09,0.7632,977.259
egf,PB09,0.7855,1087.868
egf,PB09,0.8086,1123.926
egf,PB09,0.8323,1085.623
egf,PB09,0.8567,1082.455
egf,PB09,0.8818,1099.699
egf,PB09,0.9077,1095.382
egf,PB09,0.9343,1065.279
egf,PB09,0.9617,1163.561
egf,PB09,0.9899,1149.800
egf,PB09,1.0189,1143.924
egf,PB09,1.0488,1096.808
egf,PB09,1.0796,1101.888
egf,PB09,1.1112,1144.842
egf,PB09,1.1438,1117.738
egf,PB09,1.1773,1161.189
egf,PB09,1.2119,1208.522
egf,PB09,1.2474,1267.556
egf,PB09,1.2840,1305.351
egf,PB09,1.3216,1380.031
egf,PB09,1.3604,1512.179
egf,PB09,1.4003,1669.023
egf,PB09,1.4414,1687.507
egf,PB09,1.4836,1748.557
egf,PB09,1.5271,1778.474
egf,PB09,1.5719,1782.225
egf,PB09,1.6180,1876.049
egf,PB09,1.6655,1973.079
egf,PB09,1.7143,2085.493
egf,PB09,1.7646,2004.008
egf,PB09,1.8163,1967.931
egf,PB09,1.8696,1915.142
egf,PB09,1.9244,1942.008
egf,PB09,1.9808,1805.586
egf,PB09,2.0389,1773.408
egf,PB09,2.0987,1799.260
egf,PB09,2.1602,1722.195
egf,PB09,2.2236,1591.782
egf,PB09,2.2888,1501.683
egf,PB09,2.3559,1464.281
egf,PB09,2.4250,1378.933
egf,PB09,2.4961,1377.944
egf,PB09,2.5693,1345.755
egf,PB09,2.6447,1407.427
egf,PB09,2.7222,1449.372
egf,PB09,2.8020,1336.987
egf,PB09,2.8842,1317.657
egf,PB09,2.9688,1304.354
egf,PB09,3.0558,1243.831
egf,PB09,3.1454,1325.176
egf,PB09,3.2377,1447.608
egf,PB09,3.3326,1465.829
egf,PB09,3.4304,1534.248
egf,PB09,3.5310,1564.525
egf,PB09,3.6345,1686.822
egf,PB09,3.7411,1705.877
egf,PB09,3.8508,1660.452
egf,PB09,3.9637,1603.631
egf,PB09,4.0799,1415.588
egf,PB09,4.1996,1202.646
egf,PB09,4.3227,1088.915
egf,PB09,4.4495,1079.421
egf,PB09,4.5800,1036.879
egf,PB09,4.7143,920.663
egf,PB09,4.8525,844.536
egf,PB09,4.9948,876.256
egf,PB09,5.1413,861.532
egf,PB09,5.2921,897.781
egf,PB09,5.4472,964.814
egf,PB09,5.6070,1059.452
egf,PB09,5.7714,1117.273
egf,PB09,5.9406,1112.291
egf,PB09,6.1148,1149.526
egf,PB09,6.2942,1219.819
egf,PB09,6.4787,1171.507
egf,PB09,6.6687,1118.527
egf,PB09,6.8643,1074.304
egf,PB09,7.0656,1018.469
egf,PB09,7.2728,955.813
egf,PB09,7.4860,911.555
egf,PB09,7.7056,846.498
egf,PB09,7.9315,742.826
egf,PB09,8.1641,620.064
egf,PB09,8.4035,573.546
egf,PB09,8.6499,548.749
egf,PB09,8.9036,492.356
egf,PB09,9.1647,467.887
egf,PB09,9.4334,423.457
egf,PB09,9.7101,409.706
egf,PB09,9.9948,387.946
egf,PB09,10.2879,374.173
egf,PB09,10.5896,411.324
egf,PB09,10.9001,427.216
egf,PB09,11.2198,436.221
egf,PB09,11.5488,448.831
egf,PB09,11.8874,485.922
egf,PB09,12.2360,540.507
egf,PB09,12.5949,584.835
egf,PB09,12.9642,589.198
egf,PB09,13.3444,592.501
egf,PB09,13.7357,570.769
egf,PB09,14.1385,566.796
egf,PB09,14.5531,587.840
egf,PB09,14.9798,601.674
egf,PB09,15.4191,602.229
egf,PB09,15.8713,592.851
egf,PB09,16.3367,571.792
egf,PB09,16.8157,534.490
egf,PB09,17.3089,524.651
egf,PB09,17.8164,508.550
egf,PB09,18.3389,565.055
egf,PB09,18.8767,499.863
egf,PB09,19.4302,410.479
egf,PB09,20.0000,462.440
egf,PB10,0.0200,2.261
egf,PB10,0.0206,2.261
egf,PB10,0.0212,2.261
egf,PB10,0.0218,2.261
egf,PB10,0.0225,2.261
egf,PB10,0.0231,2.261
egf,PB10,0.0238,2.261
egf,PB10,0.0245,2.261
egf,PB10,0.0291,6.277
egf,PB10,0.0300,6.277
egf,PB10,0.0309,6.277
egf,PB10,0.0318,6.277
egf,PB10,0.0327,6.277
egf,PB10,0.0336,6.277
egf,PB10,0.0346,6.277
egf,PB10,0.0357,6.277
egf,PB10,0.0367,6.277
egf,PB10,0.0389,13.904
egf,PB10,0.0400,13.904
egf,PB10,0.0412,13.904
egf,PB10,0.0424,13.904
egf,PB10,0.0436,13.904
egf,PB10,0.0449,13.904
egf,PB10,0.0462,13.904
egf,PB10,0.0476,3.749
egf,PB10,0.0490,3.749
egf,PB10,0.0504,2.054
egf,PB10,0.0519,2.054
egf,PB10,0.0534,2.054
egf,PB10,0.0550,2.054
egf,PB10,0.0566,2.054
egf,PB10,0.0583,2.575
egf,PB10,0.0600,2.575
egf,PB10,0.0617,2.575
egf,PB10,0.0636,5.420
egf,PB10,0.0654,5.420
egf,PB10,0.0673,4.025
egf,PB10,0.0693,4.025
egf,PB10,0.0713,4.025
egf,PB10,0.0734,4.025
egf,PB10,0.0756,3.503
egf,PB10,0.0778,1.973
egf,PB10,0.0801,1.973
egf,PB10,0.0824,1.973
egf,PB10,0.0848,1.973
egf,PB10,0.0873,1.669
egf,PB10,0.0899,1.365
egf,PB10,0.0925,1.365
egf,PB10,0.0952,1.303
egf,PB10,0.0980,1.303
egf,PB10,0.1009,1.352
egf,PB10,0.1039,1.352
egf,PB10,0.1069,1.140
egf,PB10,0.1101,1.140
egf,PB10,0.1133,1.038
egf,PB10,0.1166,0.810
egf,PB10,0.1200,0.810
egf,PB10,0.1235,0.941
egf,PB10,0.1272,0.889
egf,PB10,0.1309,0.889
egf,PB10,0.1347,1.155
egf,PB10,0.1387,1.181
egf,PB10,0.1428,1.276
egf,PB10,0.1469,1.276
egf,PB10,0.1512,1.619
egf,PB10,0.1557,1.619
egf,PB10,0.1602,1.619
egf,PB10,0.1649,1.561
egf,PB10,0.1698,1.561
egf,PB10,0.1748,1.552
egf,PB10,0.1799,1.323
egf,PB10,0.1852,1.323
egf,PB10,0.1906,1.402
egf,PB10,0.1962,1.402
egf,PB10,0.2019,1.617
egf,PB10,0.2079,1.617
egf,PB10,0.2140,1.835
egf,PB10,0.2202,1.981
egf,PB10,0.2267,2.121
egf,PB10,0.2333,2.086
egf,PB10,0.2402,2.908
egf,PB10,0.2472,2.953
egf,PB10,0.2545,2.972
egf,PB10,0.2619,3.341
egf,PB10,0.2696,3.706
egf,PB10,0.2775,4.425
egf,PB10,0.2857,5.093
egf,PB10,0.2940,6.040
egf,PB10,0.3027,7.944
egf,PB10,0.3115,7.944
egf,PB10,0.3207,9.840
egf,PB10,0.3301,11.762
egf,PB10,0.3397,12.897
egf,PB10,0.3497,14.628
egf,PB10,0.3600,20.093
egf,PB10,0.3705,21.536
egf,PB10,0.3814,23.123
egf,PB10,0.3926,24.604
egf,PB10,0.4041,27.355
egf,PB10,0.4159,31.335
egf,PB10,0.4281,33.143
egf,PB10,0.4407,34.992
egf,PB10,0.4536,38.049
egf,PB10,0.4669,39.178
egf,PB10,0.4806,41.927
egf,PB10,0.4947,45.228
egf,PB10,0.5092,49.936
egf,PB10,0.5241,53.635
egf,PB10,0.5395,55.365
egf,PB10,0.5553,65.350
egf,PB10,0.5716,69.617
egf,PB10,0.5884,79.430
egf,PB10,0.6056,93.920
egf,PB10,0.6234,101.183
egf,PB10,0.6417,108.296
egf,PB10,0.6605,119.939
egf,PB10,0.6798,126.683
egf,PB10,0.6998,123.930
egf,PB10,0.7203,129.205
egf,PB10,0.7414,128.866
egf,PB10,0.7632,137.826
egf,PB10,0.7855,137.747
egf,PB10,0.8086,129.816
egf,PB10,0.8323,148.637
egf,PB10,0.8567,155.079
egf,PB10,0.8818,170.044
egf,PB10,0.9077,192.162
egf,PB10,0.9343,207.317
egf,PB10,0.9617,226.396
egf,PB10,0.9899,241.800
egf,PB10,1.0189,264.316
egf,PB10,1.0488,266.773
egf,PB10,1.0796,319.627
egf,PB10,1.1112,318.654
egf,PB10,1.1438,335.435
egf,PB10,1.1773,343.562
egf,PB10,1.2119,372.354
egf,PB10,1.2474,401.479
egf,PB10,1.2840,430.303
egf,PB10,1.3216,477.505
egf,PB10,1.3604,518.135
egf,PB10,1.4003,564.120
egf,PB10,1.4414,576.694
egf,PB10,1.4836,642.741
egf,PB10,1.5271,661.012
egf,PB10,1.5719,694.753
egf,PB10,1.6180,758.043
egf,PB10,1.6655,798.405
egf,PB10,1.7143,900.501
egf,PB10,1.7646,974.700
egf,PB10,1.8163,1114.236
egf,PB10,1.8696,1262.111
egf,PB10,1.9244,1476.551
egf,PB10,1.9808,1609.347
egf,PB10,2.0389,1802.992
egf,PB10,2.0987,1910.491
egf,PB10,2.1602,2058.638
egf,PB10,2.2236,2095.320
egf,PB10,2.2888,2224.579
egf,PB10,2.3559,2383.547
egf,PB10,2.4250,2538.562
egf,PB10,2.4961,2530.293
egf,PB10,2.5693,2533.829
egf,PB10,2.6447,2517.623
egf,PB10,2.7222,2611.990
egf,PB10,2.8020,2653.489
egf,PB10,2.8842,2684.456
egf,PB10,2.9688,2760.800
egf,PB10,3.0558,2736.898
egf,PB10,3.1454,2596.080
egf,PB10,3.2377,2676.091
egf,PB10,3.3326,2651.012
egf,PB10,3.4304,2606.789
egf,PB10,3.5310,2566.069
egf,PB10,3.6345,2431.332
egf,PB10,3.7411,2304.837
egf,PB10,3.8508,2135.631
egf,PB10,3.9637,2010.152
egf,PB10,4.0799,1919.726
egf,PB10,4.1996,1828.965
egf,PB10,4.3227,1708.084
egf,PB10,4.4495,1585.280
egf,PB10,4.5800,1411.997
egf,PB10,4.7143,1354.881
egf,PB10,4.8525,1295.177
egf,PB10,4.9948,1281.364
egf,PB10,5.1413,1145.122
egf,PB10,5.2921,1067.901
egf,PB10,5.4472,1029.172
egf,PB10,5.6070,955.249
egf,PB10,5.7714,918.618
egf,PB10,5.9406,911.416
egf,PB10,6.1148,885.275
egf,PB10,6.2942,881.622
egf,PB10,6.4787,819.013
egf,PB10,6.6687,795.295
egf,PB10,6.8643,870.584
egf,PB10,7.0656,860.592
egf,PB10,7.2728,834.068
egf,PB10,7.4860,793.985
egf,PB10,7.7056,811.473
egf,PB10,7.9315,805.491
egf,PB10,8.1641,768.905
egf,PB10,8.4035,745.383
egf,PB10,8.6499,725.656
egf,PB10,8.9036,721.963
egf,PB10,9.1647,719.861
egf,PB10,9.4334,753.764
egf,PB10,9.7101,767.665
egf,PB10,9.9948,787.687
egf,PB10,10.2879,789.008
egf,PB10,10.5896,773.405
egf,PB10,10.9001,809.751
egf,PB10,11.2198,833.970
egf,PB10,11.5488,858.033
egf,PB10,11.8874,843.228
egf,PB10,12.2360,839.206
egf,PB10,12.5949,815.490
egf,PB10,12.9642,804.397
egf,PB10,13.3444,761.460
egf,PB10,13.7357,745.856
egf,PB10,14.1385,708.171
egf,PB10,14.5531,675.523
egf,PB10,14.9798,636.518
egf,PB10,15.4191,613.126
egf,PB10,15.8713,609.167
egf,PB10,16.3367,578.782
egf,PB10,16.8157,545.749
egf,PB10,17.3089,542.410
egf,PB10,17.8164,537.690
egf,PB10,18.3389,452.336
egf,PB10,18.8767,416.464
egf,PB10,19.4302,379.538
egf,PB10,20.0000,395.770
egf,PB14,0.0200,1.889
egf,PB14,0.0206,1.889
egf,PB14,0.0212,1.889
egf,PB14,0.0218,1.889
egf,PB14,0.0225,1.889
egf,PB14,0.0231,1.889
egf,PB14,0.0238,1.889
egf,PB14,0.0245,1.889
egf,PB14,0.0291,4.309
egf,PB14,0.0300,4.309
egf,PB14,0.0309,4.309
egf,PB14,0.0318,4.309
egf,PB14,0.0327,4.309
egf,PB14,0.0336,4.309
egf,PB14,0.0346,4.309
egf,PB14,0.0357,4.309
egf,PB14,0.0367,4.309
egf,PB14,0.0389,0.945
egf,PB14,0.0400,0.945
egf,PB14,0.0412,0.945
egf,PB14,0.0424,0.945
egf,PB14,0.0436,0.945
egf,PB14,0.0449,0.945
egf,PB14,0.0462,0.945
egf,PB14,0.0476,1.193
egf,PB14,0.0490,1.193
egf,PB14,0.0504,2.697
egf,PB14,0.0519,2.697
egf,PB14,0.0534,2.697
egf,PB14,0.0550,2.697
egf,PB14,0.0566,2.697
egf,PB14,0.0583,1.433
egf,PB14,0.0600,1.433
egf,PB14,0.0617,1.433
egf,PB14,0.0636,1.576
egf,PB14,0.0654,1.576
egf,PB14,0.0673,1.441
egf,PB14,0.0693,1.441
egf,PB14,0.0713,1.441
egf,PB14,0.0734,1.441
egf,PB14,0.0756,1.809
egf,PB14,0.0778,2.184
egf,PB14,0.0801,2.184
egf,PB14,0.0824,2.184
egf,PB14,0.0848,2.184
egf,PB14,0.0873,2.130
egf,PB14,0.0899,2.253
egf,PB14,0.0925,2.253
egf,PB14,0.0952,1.171
egf,PB14,0.0980,1.171
egf,PB14,0.1009,0.968
egf,PB14,0.1039,0.968
egf,PB14,0.1069,1.374
egf,PB14,0.1101,1.374
egf,PB14,0.1133,1.383
egf,PB14,0.1166,0.840
egf,PB14,0.1200,0.840
egf,PB14,0.1235,1.081
egf,PB14,0.1272,1.154
egf,PB14,0.1309,1.154
egf,PB14,0.1347,1.394
egf,PB14,0.1387,1.354
egf,PB14,0.1428,1.188
egf,PB14,0.1469,1.188
egf,PB14,0.1512,1.301
egf,PB14,0.1557,1.301
egf,PB14,0.1602,1.301
egf,PB14,0.1649,1.089
egf,PB14,0.1698,1.089
egf,PB14,0.1748,1.078
egf,PB14,0.1799,0.803
egf,PB14,0.1852,0.803
egf,PB14,0.1906,1.025
egf,PB14,0.1962,1.025
egf,PB14,0.2019,1.226
egf,PB14,0.2079,1.226
egf,PB14,0.2140,1.482
egf,PB14,0.2202,1.543
egf,PB14,0.2267,1.716
egf,PB14,0.2333,1.931
egf,PB14,0.2402,2.490
egf,PB14,0.2472,2.622
egf,PB14,0.2545,2.886
egf,PB14,0.2619,3.124
egf,PB14,0.2696,4.081
egf,PB14,0.2775,5.997
egf,PB14,0.2857,6.491
egf,PB14,0.2940,7.070
egf,PB14,0.3027,7.749
egf,PB14,0.3115,7.749
egf,PB14,0.3207,7.762
egf,PB14,0.3301,9.307
egf,PB14,0.3397,10.465
egf,PB14,0.3497,10.484
egf,PB14,0.3600,10.638
egf,PB14,0.3705,11.286
egf,PB14,0.3814,11.855
egf,PB14,0.3926,12.469
egf,PB14,0.4041,13.800
egf,PB14,0.4159,17.869
egf,PB14,0.4281,18.377
egf,PB14,0.4407,19.599
egf,PB14,0.4536,22.342
egf,PB14,0.4669,24.949
egf,PB14,0.4806,26.916
egf,PB14,0.4947,25.520
egf,PB14,0.5092,27.575
egf,PB14,0.5241,27.160
egf,PB14,0.5395,27.413
egf,PB14,0.5553,29.648
egf,PB14,0.5716,32.475
egf,PB14,0.5884,33.478
egf,PB14,0.6056,31.205
egf,PB14,0.6234,33.673
egf,PB14,0.6417,34.262
egf,PB14,0.6605,32.710
egf,PB14,0.6798,32.976
egf,PB14,0.6998,33.767
egf,PB14,0.7203,32.744
egf,PB14,0.7414,32.963
egf,PB14,0.7632,35.274
egf,PB14,0.7855,36.570
egf,PB14,0.8086,38.473
egf,PB14,0.8323,38.318
egf,PB14,0.8567,42.231
egf,PB14,0.8818,46.377
egf,PB14,0.9077,51.099
egf,PB14,0.9343,53.554
egf,PB14,0.9617,55.151
egf,PB14,0.9899,50.229
egf,PB14,1.0189,46.222
egf,PB14,1.0488,46.322
egf,PB14,1.0796,48.142
egf,PB14,1.1112,49.986
egf,PB14,1.1438,49.636
egf,PB14,1.1773,49.592
egf,PB14,1.2119,47.828
egf,PB14,1.2474,51.949
egf,PB14,1.2840,52.447
egf,PB14,1.3216,57.997
egf,PB14,1.3604,67.368
egf,PB14,1.4003,65.805
egf,PB14,1.4414,66.207
egf,PB14,1.4836,65.848
egf,PB14,1.5271,63.759
egf,PB14,1.5719,64.469
egf,PB14,1.6180,68.196
egf,PB14,1.6655,66.260
egf,PB14,1.7143,66.109
egf,PB14,1.7646,59.226
egf,PB14,1.8163,57.195
egf,PB14,1.8696,63.547
egf,PB14,1.9244,59.491
egf,PB14,1.9808,59.994
egf,PB14,2.0389,62.938
egf,PB14,2.0987,64.184
egf,PB14,2.1602,61.010
egf,PB14,2.2236,66.839
egf,PB14,2.2888,67.781
egf,PB14,2.3559,68.262
egf,PB14,2.4250,69.768
egf,PB14,2.4961,68.990
egf,PB14,2.5693,66.068
egf,PB14,2.6447,66.010
egf,PB14,2.7222,62.636
egf,PB14,2.8020,59.950
egf,PB14,2.8842,59.597
egf,PB14,2.9688,59.603
egf,PB14,3.0558,61.796
egf,PB14,3.1454,62.243
egf,PB14,3.2377,58.310
egf,PB14,3.3326,57.003
egf,PB14,3.4304,56.520
egf,PB14,3.5310,54.457
egf,PB14,3.6345,54.391
egf,PB14,3.7411,53.231
egf,PB14,3.8508,52.451
egf,PB14,3.9637,48.552
egf,PB14,4.0799,47.104
egf,PB14,4.1996,45.909
egf,PB14,4.3227,45.624
egf,PB14,4.4495,43.864
egf,PB14,4.5800,43.607
egf,PB14,4.7143,41.305
egf,PB14,4.8525,40.234
egf,PB14,4.9948,36.870
egf,PB14,5.1413,35.631
egf,PB14,5.2921,32.973
egf,PB14,5.4472,32.087
egf,PB14,5.6070,31.339
egf,PB14,5.7714,30.233
egf,PB14,5.9406,29.740
egf,PB14,6.1148,29.806
egf,PB14,6.2942,29.509
egf,PB14,6.4787,29.133
egf,PB14,6.6687,29.291
egf,PB14,6.8643,27.579
egf,PB14,7.0656,26.643
egf,PB14,7.2728,25.599
egf,PB14,7.4860,24.711
egf,PB14,7.7056,24.329
egf,PB14,7.9315,23.530
egf,PB14,8.1641,22.128
egf,PB14,8.4035,21.417
egf,PB14,8.6499,20.550
egf,PB14,8.9036,19.948
egf,PB14,9.1647,19.591
egf,PB14,9.4334,19.449
egf,PB14,9.7101,18.971
egf,PB14,9.9948,18.530
egf,PB14,10.2879,17.668
egf,PB14,10.5896,16.907
egf,PB14,10.9001,16.101
egf,PB14,11.2198,15.641
egf,PB14,11.5488,15.722
egf,PB14,11.8874,15.089
egf,PB14,12.2360,14.921
egf,PB14,12.5949,14.500
egf,PB14,12.9642,13.716
egf,PB14,13.3444,13.399
egf,PB14,13.7357,13.232
egf,PB14,14.1385,12.588
egf,PB14,14.5531,12.163
egf,PB14,14.9798,11.809
egf,PB14,15.4191,11.558
egf,PB14,15.8713,11.141
egf,PB14,16.3367,10.522
egf,PB14,16.8157,10.169
egf,PB14,17.3089,9.701
egf,PB14,17.8164,9.254
egf,PB14,18.3389,7.990
egf,PB14,18.8767,8.142
egf,PB14,19.4302,8.175
egf,PB14,20.0000,8.826
egf,PB19,0.0200,8.471
egf,PB19,0.0206,8.471
egf,PB19,0.0212,8.471
egf,PB19,0.0218,8.471
egf,PB19,0.0225,8.471
egf,PB19,0.0231,8.471
egf,PB19,0.0238,8.471
egf,PB19,0.0245,8.471
egf,PB19,0.0291,18.161
egf,PB19,0.0300,18.161
egf,PB19,0.0309,18.161
egf,PB19,0.0318,18.161
egf,PB19,0.0327,18.161
egf,PB19,0.0336,18.161
egf,PB19,0.0346,18.161
egf,PB19,0.0357,18.161
egf,PB19,0.0367,18.161
egf,PB19,0.0389,9.370
egf,PB19,0.0400,9.370
egf,PB19,0.0412,9.370
egf,PB19,0.0424,9.370
egf,PB19,0.0436,9.370
egf,PB19,0.0449,9.370
egf,PB19,0.0462,9.370
egf,PB19,0.0476,6.892
egf,PB19,0.0490,6.892
egf,PB19,0.0504,5.572
egf,PB19,0.0519,5.572
egf,PB19,0.0534,5.572
egf,PB19,0.0550,5.572
egf,PB19,0.0566,5.572
egf,PB19,0.0583,6.015
egf,PB19,0.0600,6.015
egf,PB19,0.0617,6.015
egf,PB19,0.0636,6.089
egf,PB19,0.0654,6.089
egf,PB19,0.0673,8.018
egf,PB19,0.0693,8.018
egf,PB19,0.0713,8.018
egf,PB19,0.0734,8.018
egf,PB19,0.0756,11.473
egf,PB19,0.0778,8.675
egf,PB19,0.0801,8.675
egf,PB19,0.0824,8.675
egf,PB19,0.0848,8.675
egf,PB19,0.0873,8.018
egf,PB19,0.0899,6.848
egf,PB19,0.0925,6.848
egf,PB19,0.0952,5.251
egf,PB19,0.0980,5.251
egf,PB19,0.1009,4.623
egf,PB19,0.1039,4.623
egf,PB19,0.1069,3.686
egf,PB19,0.1101,3.686
egf,PB19,0.1133,3.356
egf,PB19,0.1166,1.700
egf,PB19,0.1200,1.700
egf,PB19,0.1235,2.127
egf,PB19,0.1272,2.003
egf,PB19,0.1309,2.003
egf,PB19,0.1347,1.439
egf,PB19,0.1387,1.426
egf,PB19,0.1428,1.235
egf,PB19,0.1469,1.235
egf,PB19,0.1512,1.458
egf,PB19,0.1557,1.458
egf,PB19,0.1602,1.458
egf,PB19,0.1649,1.442
egf,PB19,0.1698,1.442
egf,PB19,0.1748,1.599
egf,PB19,0.1799,2.606
egf,PB19,0.1852,2.606
egf,PB19,0.1906,4.036
egf,PB19,0.1962,4.036
egf,PB19,0.2019,4.092
egf,PB19,0.2079,4.092
egf,PB19,0.2140,4.429
egf,PB19,0.2202,5.282
egf,PB19,0.2267,7.117
egf,PB19,0.2333,7.882
egf,PB19,0.2402,8.073
egf,PB19,0.2472,8.146
egf,PB19,0.2545,9.043
egf,PB19,0.2619,9.745
egf,PB19,0.2696,10.759
egf,PB19,0.2775,13.198
egf,PB19,0.2857,14.943
egf,PB19,0.2940,16.278
egf,PB19,0.3027,16.529
egf,PB19,0.3115,16.529
egf,PB19,0.3207,19.018
egf,PB19,0.3301,22.143
egf,PB19,0.3397,24.668
egf,PB19,0.3497,27.529
egf,PB19,0.3600,31.142
egf,PB19,0.3705,33.065
egf,PB19,0.3814,34.736
egf,PB19,0.3926,38.418
egf,PB19,0.4041,43.816
egf,PB19,0.4159,52.308
egf,PB19,0.4281,61.443
egf,PB19,0.4407,66.199
egf,PB19,0.4536,70.907
egf,PB19,0.4669,90.045
egf,PB19,0.4806,107.453
egf,PB19,0.4947,132.374
egf,PB19,0.5092,162.504
egf,PB19,0.5241,190.232
egf,PB19,0.5395,218.723
egf,PB19,0.5553,234.797
egf,PB19,0.5716,260.337
egf,PB19,0.5884,337.632
egf,PB19,0.6056,359.717
egf,PB19,0.6234,380.858
egf,PB19,0.6417,445.960
egf,PB19,0.6605,449.215
egf,PB19,0.6798,496.794
egf,PB19,0.6998,530.741
egf,PB19,0.7203,562.050
egf,PB19,0.7414,591.706
egf,PB19,0.7632,666.874
egf,PB19,0.7855,727.566
egf,PB19,0.8086,754.253
egf,PB19,0.8323,804.430
egf,PB19,0.8567,838.726
egf,PB19,0.8818,976.455
egf,PB19,0.9077,1039.314
egf,PB19,0.9343,1080.847
egf,PB19,0.9617,932.433
egf,PB19,0.9899,1028.147
egf,PB19,1.0189,981.771
egf,PB19,1.0488,966.394
egf,PB19,1.0796,1052.434
egf,PB19,1.1112,1075.263
egf,PB19,1.1438,1175.528
egf,PB19,1.1773,1246.127
egf,PB19,1.2119,1369.840
egf,PB19,1.2474,1547.269
egf,PB19,1.2840,1909.952
egf,PB19,1.3216,2128.744
egf,PB19,1.3604,2499.605
egf,PB19,1.4003,2419.079
egf,PB19,1.4414,2361.677
egf,PB19,1.4836,2163.988
egf,PB19,1.5271,2081.336
egf,PB19,1.5719,2390.426
egf,PB19,1.6180,2603.451
egf,PB19,1.6655,2668.946
egf,PB19,1.7143,2737.664
egf,PB19,1.7646,2953.760
egf,PB19,1.8163,2934.821
egf,PB19,1.8696,3245.145
egf,PB19,1.9244,3825.509
egf,PB19,1.9808,4614.854
egf,PB19,2.0389,4885.366
egf,PB19,2.0987,4611.709
egf,PB19,2.1602,4340.773
egf,PB19,2.2236,4517.432
egf,PB19,2.2888,4714.489
egf,PB19,2.3559,5127.508
egf,PB19,2.4250,5100.196
egf,PB19,2.4961,4986.946
egf,PB19,2.5693,5061.931
egf,PB19,2.6447,5116.813
egf,PB19,2.7222,4964.956
egf,PB19,2.8020,5022.039
egf,PB19,2.8842,5177.746
egf,PB19,2.9688,4625.360
egf,PB19,3.0558,4478.675
egf,PB19,3.1454,4546.981
egf,PB19,3.2377,4625.522
egf,PB19,3.3326,4691.490
egf,PB19,3.4304,4628.481
egf,PB19,3.5310,4527.063
egf,PB19,3.6345,4536.409
egf,PB19,3.7411,4105.639
egf,PB19,3.8508,3944.660
egf,PB19,3.9637,3916.343
egf,PB19,4.0799,3840.713
egf,PB19,4.1996,3769.196
egf,PB19,4.3227,3699.744
egf,PB19,4.4495,3430.629
egf,PB19,4.5800,3065.573
egf,PB19,4.7143,3047.836
egf,PB19,4.8525,2987.823
egf,PB19,4.9948,3044.626
egf,PB19,5.1413,3092.165
egf,PB19,5.2921,2997.864
egf,PB19,5.4472,2932.063
egf,PB19,5.6070,2721.272
egf,PB19,5.7714,2673.685
egf,PB19,5.9406,2833.994
egf,PB19,6.1148,3002.893
egf,PB19,6.2942,2817.096
egf,PB19,6.4787,2725.432
egf,PB19,6.6687,2704.571
egf,PB19,6.8643,2805.017
egf,PB19,7.0656,2996.016
egf,PB19,7.2728,3188.852
egf,PB19,7.4860,3233.405
egf,PB19,7.7056,3295.613
egf,PB19,7.9315,3308.063
egf,PB19,8.1641,3576.215
egf,PB19,8.4035,3723.104
egf,PB19,8.6499,4040.323
egf,PB19,8.9036,3986.544
egf,PB19,9.1647,3872.498
egf,PB19,9.4334,3763.373
egf,PB19,9.7101,3795.978
egf,PB19,9.9948,3846.398
egf,PB19,10.2879,3923.864
egf,PB19,10.5896,4106.199
egf,PB19,10.9001,4004.806
egf,PB19,11.2198,4138.553
egf,PB19,11.5488,3983.877
egf,PB19,11.8874,4115.811
egf,PB19,12.2360,4203.225
egf,PB19,12.5949,4122.647
egf,PB19,12.9642,4202.878
egf,PB19,13.3444,4187.844
egf,PB19,13.7357,3821.346
egf,PB19,14.1385,3685.450
egf,PB19,14.5531,3711.529
egf,PB19,14.9798,3692.612
egf,PB19,15.4191,3843.679
egf,PB19,15.8713,3786.715
egf,PB19,16.3367,3889.971
egf,PB19,16.8157,3675.689
egf,PB19,17.3089,3218.764
egf,PB19,17.8164,2906.976
egf,PB19,18.3389,3599.972
egf,PB19,18.8767,3928.994
egf,PB19,19.4302,3906.937
egf,PB19,20.0000,3018.079
