
╔══════════════════════════════════════════════════════════════════════╗
║ KDEllipsPy · Inversion cinematica (NA)                               ║
║ Evento Calama  ·  2026-05-25                                         ║
╚══════════════════════════════════════════════════════════════════════╝

┌─[16:35:45 |    0.0s] Cargando KDEllipsPy
│  [32m✓[0m kdellipspy importado (numpy 2.4.6)

┌─[16:35:45 |    0.4s] Validando rutas
│  [32m✓[0m input.ctl : /home/alex/KDEllipsPy/inversions/2020-06-03/input.ctl
│  [32m✓[0m DATA      : /home/alex/KDEllipsPy/inversions/2020-06-03/DATA
│  [32m✓[0m output    : /home/alex/KDEllipsPy/inversions/2020-06-03/output

┌─[16:35:45 |    0.4s] Leyendo configuracion
│  Evento      : -23.247, -68.530, 123.4 km
│  Mecanismo   : strike 333 / dip 60 / rake -91  (doble cupla)
│  Banda       : 0.06–0.15 Hz   |  filtro causal
│  Ventana     : t1=0s  t2=128s  npts=128  dt=1s  (units=disp)
│  Estaciones  : 9  [A22F, A08F, A09F, PB19, A05F, PB06, A06F, A18F, A23F]
│  Mod. veloc. : 16 capas
│  Algoritmo   : Neighbourhood Algorithm  |  n_jobs=1
│  [32m✓[0m Configuracion leida

┌─[16:35:45 |    0.4s] Cargando datos observados
│  [32m✓[0m observed shape = (9, 3, 128)  (estaciones, comp, npts)
│  [32m✓[0m eje de tiempo  = 0 … 127 s (128 pts)

┌─[16:35:45 |    0.4s] Calculando tiempos P/S por estacion (azi_times)
│  [32m✓[0m azi_times_array shape = (9, 3)  (modelo iasp91)

┌─[16:35:45 |    0.5s] Construyendo modelo de inversion
│  [32m✓[0m NAInversionModel listo  (cache de Green ACTIVADO)
│  checkpoint en vivo → /home/alex/KDEllipsPy/inversions/2020-06-03/output/best_model_live.txt
│  NA: 50 iter · SS1=500 · SS=50 · resample=10 → ~3000 modelos directos

┌─[16:35:45 |    0.5s] Corriendo busqueda NA  (esto puede tardar)
[NA] Starting search: ni=500, ns=50, n=50, nr=10 -> expected evaluations=3000 (n_jobs=1)
NAI - Initial Random Search
[NA] iter=00000 eval=00001 misfit=8.324904e-01 best=8.324904e-01
[NA] iter=00000 eval=00002 misfit=6.377301e-01 best=6.377301e-01
[NA] iter=00000 eval=00003 misfit=3.082580e+00 best=6.377301e-01
[NA] iter=00000 eval=00004 misfit=7.338048e-01 best=6.377301e-01
[NA] iter=00000 eval=00005 misfit=1.088133e+00 best=6.377301e-01
[NA] iter=00000 eval=00006 misfit=1.073470e+00 best=6.377301e-01
[NA] iter=00000 eval=00007 misfit=1.478758e+00 best=6.377301e-01
[NA] iter=00000 eval=00008 misfit=1.393024e+00 best=6.377301e-01
[NA] iter=00000 eval=00009 misfit=1.573609e+00 best=6.377301e-01
[NA] iter=00000 eval=00010 misfit=8.286299e-01 best=6.377301e-01
[NA] iter=00000 eval=00011 misfit=6.798407e-01 best=6.377301e-01
[NA] iter=00000 eval=00012 misfit=9.369536e-01 best=6.377301e-01
[NA] iter=00000 eval=00013 misfit=1.282269e+00 best=6.377301e-01
[NA] iter=00000 eval=00014 misfit=6.313729e-01 best=6.313729e-01
[NA] iter=00000 eval=00015 misfit=4.454742e-01 best=4.454742e-01
[NA] iter=00000 eval=00016 misfit=1.617780e+00 best=4.454742e-01
[NA] iter=00000 eval=00017 misfit=1.005063e+00 best=4.454742e-01
[NA] iter=00000 eval=00018 misfit=4.534524e-01 best=4.454742e-01
[NA] iter=00000 eval=00019 misfit=4.798082e+00 best=4.454742e-01
[NA] iter=00000 eval=00020 misfit=1.543994e+00 best=4.454742e-01
[NA] iter=00000 eval=00021 misfit=8.694035e-01 best=4.454742e-01
[NA] iter=00000 eval=00022 misfit=8.145798e-01 best=4.454742e-01
[NA] iter=00000 eval=00023 misfit=5.116135e-01 best=4.454742e-01
[NA] iter=00000 eval=00024 misfit=3.896717e-01 best=3.896717e-01
[NA] iter=00000 eval=00025 misfit=4.672101e-01 best=3.896717e-01
[NA] iter=00000 eval=00026 misfit=1.903885e+00 best=3.896717e-01
[NA] iter=00000 eval=00027 misfit=7.513045e-01 best=3.896717e-01
[NA] iter=00000 eval=00028 misfit=7.079494e-01 best=3.896717e-01
[NA] iter=00000 eval=00029 misfit=7.849369e-01 best=3.896717e-01
[NA] iter=00000 eval=00030 misfit=4.102812e-01 best=3.896717e-01
[NA] iter=00000 eval=00031 misfit=9.730417e-01 best=3.896717e-01
[NA] iter=00000 eval=00032 misfit=5.071782e-01 best=3.896717e-01
[NA] iter=00000 eval=00033 misfit=1.110440e+00 best=3.896717e-01
[NA] iter=00000 eval=00034 misfit=5.981936e-01 best=3.896717e-01
[NA] iter=00000 eval=00035 misfit=7.149589e-01 best=3.896717e-01
[NA] iter=00000 eval=00036 misfit=7.051105e-01 best=3.896717e-01
[NA] iter=00000 eval=00037 misfit=7.804887e-01 best=3.896717e-01
[NA] iter=00000 eval=00038 misfit=9.312369e-01 best=3.896717e-01
[NA] iter=00000 eval=00039 misfit=8.873515e-01 best=3.896717e-01
[NA] iter=00000 eval=00040 misfit=1.992300e+00 best=3.896717e-01
[NA] iter=00000 eval=00041 misfit=6.039040e-01 best=3.896717e-01
[NA] iter=00000 eval=00042 misfit=1.086017e+00 best=3.896717e-01
[NA] iter=00000 eval=00043 misfit=1.213283e+00 best=3.896717e-01
[NA] iter=00000 eval=00044 misfit=5.195286e-01 best=3.896717e-01
[NA] iter=00000 eval=00045 misfit=5.799679e+00 best=3.896717e-01
[NA] iter=00000 eval=00046 misfit=8.070281e-01 best=3.896717e-01
[NA] iter=00000 eval=00047 misfit=7.789471e-01 best=3.896717e-01
[NA] iter=00000 eval=00048 misfit=4.589768e-01 best=3.896717e-01
[NA] iter=00000 eval=00049 misfit=1.608401e+00 best=3.896717e-01
[NA] iter=00000 eval=00050 misfit=1.263537e+00 best=3.896717e-01
[NA] iter=00000 eval=00051 misfit=8.177044e-01 best=3.896717e-01
[NA] iter=00000 eval=00052 misfit=6.069688e-01 best=3.896717e-01
[NA] iter=00000 eval=00053 misfit=7.707952e-01 best=3.896717e-01
[NA] iter=00000 eval=00054 misfit=8.370844e-01 best=3.896717e-01
[NA] iter=00000 eval=00055 misfit=1.785715e+00 best=3.896717e-01
[NA] iter=00000 eval=00056 misfit=7.608490e-01 best=3.896717e-01
[NA] iter=00000 eval=00057 misfit=5.952675e-01 best=3.896717e-01
[NA] iter=00000 eval=00058 misfit=6.404646e-01 best=3.896717e-01
[NA] iter=00000 eval=00059 misfit=9.583374e-01 best=3.896717e-01
[NA] iter=00000 eval=00060 misfit=8.482413e-01 best=3.896717e-01
[NA] iter=00000 eval=00061 misfit=1.362041e+00 best=3.896717e-01
[NA] iter=00000 eval=00062 misfit=7.563031e-01 best=3.896717e-01
[NA] iter=00000 eval=00063 misfit=1.358622e+00 best=3.896717e-01
[NA] iter=00000 eval=00064 misfit=8.801463e-01 best=3.896717e-01
[NA] iter=00000 eval=00065 misfit=6.027371e-01 best=3.896717e-01
[NA] iter=00000 eval=00066 misfit=6.368300e-01 best=3.896717e-01
[NA] iter=00000 eval=00067 misfit=8.657059e-01 best=3.896717e-01
[NA] iter=00000 eval=00068 misfit=7.357530e-01 best=3.896717e-01
[NA] iter=00000 eval=00069 misfit=6.805197e-01 best=3.896717e-01
[NA] iter=00000 eval=00070 misfit=9.488827e-01 best=3.896717e-01
[NA] iter=00000 eval=00071 misfit=5.393519e-01 best=3.896717e-01
[NA] iter=00000 eval=00072 misfit=5.684549e-01 best=3.896717e-01
[NA] iter=00000 eval=00073 misfit=5.742334e-01 best=3.896717e-01
[NA] iter=00000 eval=00074 misfit=4.897074e-01 best=3.896717e-01
[NA] iter=00000 eval=00075 misfit=1.016842e+00 best=3.896717e-01
[NA] iter=00000 eval=00076 misfit=2.225163e+00 best=3.896717e-01
[NA] iter=00000 eval=00077 misfit=8.129583e-01 best=3.896717e-01
[NA] iter=00000 eval=00078 misfit=6.324462e-01 best=3.896717e-01
[NA] iter=00000 eval=00079 misfit=6.161529e-01 best=3.896717e-01
[NA] iter=00000 eval=00080 misfit=1.296071e+00 best=3.896717e-01
[NA] iter=00000 eval=00081 misfit=3.176999e+00 best=3.896717e-01
[NA] iter=00000 eval=00082 misfit=8.191459e-01 best=3.896717e-01
[NA] iter=00000 eval=00083 misfit=5.853163e-01 best=3.896717e-01
[NA] iter=00000 eval=00084 misfit=5.562538e-01 best=3.896717e-01
[NA] iter=00000 eval=00085 misfit=8.399115e-01 best=3.896717e-01
[NA] iter=00000 eval=00086 misfit=4.763773e-01 best=3.896717e-01
[NA] iter=00000 eval=00087 misfit=1.147325e+00 best=3.896717e-01
[NA] iter=00000 eval=00088 misfit=5.675568e-01 best=3.896717e-01
[NA] iter=00000 eval=00089 misfit=4.264073e-01 best=3.896717e-01
[NA] iter=00000 eval=00090 misfit=6.517524e-01 best=3.896717e-01
[NA] iter=00000 eval=00091 misfit=6.631965e-01 best=3.896717e-01
[NA] iter=00000 eval=00092 misfit=2.507572e+00 best=3.896717e-01
[NA] iter=00000 eval=00093 misfit=5.590776e-01 best=3.896717e-01
[NA] iter=00000 eval=00094 misfit=5.765259e-01 best=3.896717e-01
[NA] iter=00000 eval=00095 misfit=6.063301e-01 best=3.896717e-01
[NA] iter=00000 eval=00096 misfit=2.243399e+00 best=3.896717e-01
[NA] iter=00000 eval=00097 misfit=4.022925e-01 best=3.896717e-01
[NA] iter=00000 eval=00098 misfit=1.307855e+00 best=3.896717e-01
[NA] iter=00000 eval=00099 misfit=4.764434e-01 best=3.896717e-01
[NA] iter=00000 eval=00100 misfit=7.767536e-01 best=3.896717e-01
[NA] iter=00000 eval=00101 misfit=7.478302e-01 best=3.896717e-01
[NA] iter=00000 eval=00102 misfit=5.537426e-01 best=3.896717e-01
[NA] iter=00000 eval=00103 misfit=3.357138e+00 best=3.896717e-01
[NA] iter=00000 eval=00104 misfit=7.825482e-01 best=3.896717e-01
[NA] iter=00000 eval=00105 misfit=9.704957e-01 best=3.896717e-01
[NA] iter=00000 eval=00106 misfit=9.337119e-01 best=3.896717e-01
[NA] iter=00000 eval=00107 misfit=1.126398e+00 best=3.896717e-01
[NA] iter=00000 eval=00108 misfit=1.370647e+00 best=3.896717e-01
[NA] iter=00000 eval=00109 misfit=5.977156e-01 best=3.896717e-01
[NA] iter=00000 eval=00110 misfit=7.850779e-01 best=3.896717e-01
[NA] iter=00000 eval=00111 misfit=7.523775e-01 best=3.896717e-01
[NA] iter=00000 eval=00112 misfit=6.102136e-01 best=3.896717e-01
[NA] iter=00000 eval=00113 misfit=8.718023e-01 best=3.896717e-01
[NA] iter=00000 eval=00114 misfit=7.468199e-01 best=3.896717e-01
[NA] iter=00000 eval=00115 misfit=4.213973e-01 best=3.896717e-01
[NA] iter=00000 eval=00116 misfit=1.549175e+00 best=3.896717e-01
[NA] iter=00000 eval=00117 misfit=3.999488e-01 best=3.896717e-01
[NA] iter=00000 eval=00118 misfit=7.110554e-01 best=3.896717e-01
[NA] iter=00000 eval=00119 misfit=6.922401e-01 best=3.896717e-01
[NA] iter=00000 eval=00120 misfit=8.960961e-01 best=3.896717e-01
[NA] iter=00000 eval=00121 misfit=6.029933e-01 best=3.896717e-01
[NA] iter=00000 eval=00122 misfit=1.043590e+00 best=3.896717e-01
[NA] iter=00000 eval=00123 misfit=1.345683e+00 best=3.896717e-01
[NA] iter=00000 eval=00124 misfit=6.169850e-01 best=3.896717e-01
[NA] iter=00000 eval=00125 misfit=8.574669e-01 best=3.896717e-01
[NA] iter=00000 eval=00126 misfit=8.242479e-01 best=3.896717e-01
[NA] iter=00000 eval=00127 misfit=2.600658e+00 best=3.896717e-01
[NA] iter=00000 eval=00128 misfit=1.263396e+00 best=3.896717e-01
[NA] iter=00000 eval=00129 misfit=5.097592e-01 best=3.896717e-01
[NA] iter=00000 eval=00130 misfit=1.437265e+00 best=3.896717e-01
[NA] iter=00000 eval=00131 misfit=8.074146e-01 best=3.896717e-01
[NA] iter=00000 eval=00132 misfit=8.926501e-01 best=3.896717e-01
[NA] iter=00000 eval=00133 misfit=6.678143e-01 best=3.896717e-01
[NA] iter=00000 eval=00134 misfit=5.302771e-01 best=3.896717e-01
[NA] iter=00000 eval=00135 misfit=1.048602e+00 best=3.896717e-01
[NA] iter=00000 eval=00136 misfit=7.159539e-01 best=3.896717e-01
[NA] iter=00000 eval=00137 misfit=4.965724e-01 best=3.896717e-01
[NA] iter=00000 eval=00138 misfit=6.009747e-01 best=3.896717e-01
[NA] iter=00000 eval=00139 misfit=9.876651e-01 best=3.896717e-01
[NA] iter=00000 eval=00140 misfit=1.523660e+00 best=3.896717e-01
[NA] iter=00000 eval=00141 misfit=7.595274e-01 best=3.896717e-01
[NA] iter=00000 eval=00142 misfit=4.931012e-01 best=3.896717e-01
[NA] iter=00000 eval=00143 misfit=6.281242e-01 best=3.896717e-01
[NA] iter=00000 eval=00144 misfit=5.820428e-01 best=3.896717e-01
[NA] iter=00000 eval=00145 misfit=9.881115e-01 best=3.896717e-01
[NA] iter=00000 eval=00146 misfit=4.940763e+00 best=3.896717e-01
[NA] iter=00000 eval=00147 misfit=1.269727e+00 best=3.896717e-01
[NA] iter=00000 eval=00148 misfit=6.560959e-01 best=3.896717e-01
[NA] iter=00000 eval=00149 misfit=8.619510e-01 best=3.896717e-01
[NA] iter=00000 eval=00150 misfit=4.724938e-01 best=3.896717e-01
[NA] iter=00000 eval=00151 misfit=5.013160e-01 best=3.896717e-01
[NA] iter=00000 eval=00152 misfit=5.542999e-01 best=3.896717e-01
[NA] iter=00000 eval=00153 misfit=3.987791e-01 best=3.896717e-01
[NA] iter=00000 eval=00154 misfit=2.157654e+00 best=3.896717e-01
[NA] iter=00000 eval=00155 misfit=6.396176e-01 best=3.896717e-01
[NA] iter=00000 eval=00156 misfit=7.301001e-01 best=3.896717e-01
[NA] iter=00000 eval=00157 misfit=5.008345e-01 best=3.896717e-01
[NA] iter=00000 eval=00158 misfit=4.674655e-01 best=3.896717e-01
[NA] iter=00000 eval=00159 misfit=8.558540e-01 best=3.896717e-01
[NA] iter=00000 eval=00160 misfit=5.718453e-01 best=3.896717e-01
[NA] iter=00000 eval=00161 misfit=7.523012e-01 best=3.896717e-01
[NA] iter=00000 eval=00162 misfit=2.274478e+00 best=3.896717e-01
[NA] iter=00000 eval=00163 misfit=7.572153e-01 best=3.896717e-01
[NA] iter=00000 eval=00164 misfit=1.036201e+00 best=3.896717e-01
[NA] iter=00000 eval=00165 misfit=8.005890e-01 best=3.896717e-01
[NA] iter=00000 eval=00166 misfit=4.531501e-01 best=3.896717e-01
[NA] iter=00000 eval=00167 misfit=1.143200e+00 best=3.896717e-01
[NA] iter=00000 eval=00168 misfit=5.768322e-01 best=3.896717e-01
[NA] iter=00000 eval=00169 misfit=1.117733e+00 best=3.896717e-01
[NA] iter=00000 eval=00170 misfit=3.193298e+00 best=3.896717e-01
[NA] iter=00000 eval=00171 misfit=1.463276e+00 best=3.896717e-01
[NA] iter=00000 eval=00172 misfit=7.757627e-01 best=3.896717e-01
[NA] iter=00000 eval=00173 misfit=1.071107e+00 best=3.896717e-01
[NA] iter=00000 eval=00174 misfit=6.931224e-01 best=3.896717e-01
[NA] iter=00000 eval=00175 misfit=1.545373e+00 best=3.896717e-01
[NA] iter=00000 eval=00176 misfit=7.115385e-01 best=3.896717e-01
[NA] iter=00000 eval=00177 misfit=4.825978e-01 best=3.896717e-01
[NA] iter=00000 eval=00178 misfit=1.153458e+00 best=3.896717e-01
[NA] iter=00000 eval=00179 misfit=1.196018e+00 best=3.896717e-01
[NA] iter=00000 eval=00180 misfit=9.092223e-01 best=3.896717e-01
[NA] iter=00000 eval=00181 misfit=7.497782e-01 best=3.896717e-01
[NA] iter=00000 eval=00182 misfit=3.768569e-01 best=3.768569e-01
[NA] iter=00000 eval=00183 misfit=2.895187e+00 best=3.768569e-01
[NA] iter=00000 eval=00184 misfit=7.591429e-01 best=3.768569e-01
[NA] iter=00000 eval=00185 misfit=4.283148e-01 best=3.768569e-01
[NA] iter=00000 eval=00186 misfit=1.618199e+00 best=3.768569e-01
[NA] iter=00000 eval=00187 misfit=9.992115e-01 best=3.768569e-01
[NA] iter=00000 eval=00188 misfit=8.277057e-01 best=3.768569e-01
[NA] iter=00000 eval=00189 misfit=1.946887e+00 best=3.768569e-01
[NA] iter=00000 eval=00190 misfit=4.528751e-01 best=3.768569e-01
[NA] iter=00000 eval=00191 misfit=6.293809e-01 best=3.768569e-01
[NA] iter=00000 eval=00192 misfit=2.338647e+00 best=3.768569e-01
[NA] iter=00000 eval=00193 misfit=8.028880e-01 best=3.768569e-01
[NA] iter=00000 eval=00194 misfit=6.476302e-01 best=3.768569e-01
[NA] iter=00000 eval=00195 misfit=1.099473e+00 best=3.768569e-01
[NA] iter=00000 eval=00196 misfit=5.519296e-01 best=3.768569e-01
[NA] iter=00000 eval=00197 misfit=1.003358e+00 best=3.768569e-01
[NA] iter=00000 eval=00198 misfit=7.384483e-01 best=3.768569e-01
[NA] iter=00000 eval=00199 misfit=9.842978e-01 best=3.768569e-01
[NA] iter=00000 eval=00200 misfit=1.274925e+00 best=3.768569e-01
[NA] iter=00000 eval=00201 misfit=4.741391e-01 best=3.768569e-01
[NA] iter=00000 eval=00202 misfit=7.581027e-01 best=3.768569e-01
[NA] iter=00000 eval=00203 misfit=5.300537e-01 best=3.768569e-01
[NA] iter=00000 eval=00204 misfit=4.302146e-01 best=3.768569e-01
[NA] iter=00000 eval=00205 misfit=7.060437e-01 best=3.768569e-01
[NA] iter=00000 eval=00206 misfit=7.452667e-01 best=3.768569e-01
[NA] iter=00000 eval=00207 misfit=7.631602e-01 best=3.768569e-01
[NA] iter=00000 eval=00208 misfit=9.851875e-01 best=3.768569e-01
[NA] iter=00000 eval=00209 misfit=5.809942e-01 best=3.768569e-01
[NA] iter=00000 eval=00210 misfit=5.567520e-01 best=3.768569e-01
[NA] iter=00000 eval=00211 misfit=3.991434e-01 best=3.768569e-01
[NA] iter=00000 eval=00212 misfit=7.506046e-01 best=3.768569e-01
[NA] iter=00000 eval=00213 misfit=2.976850e+00 best=3.768569e-01
[NA] iter=00000 eval=00214 misfit=1.712184e+00 best=3.768569e-01
[NA] iter=00000 eval=00215 misfit=7.276688e-01 best=3.768569e-01
[NA] iter=00000 eval=00216 misfit=1.057266e+00 best=3.768569e-01
[NA] iter=00000 eval=00217 misfit=1.165546e+00 best=3.768569e-01
[NA] iter=00000 eval=00218 misfit=1.857442e+00 best=3.768569e-01
[NA] iter=00000 eval=00219 misfit=4.818365e-01 best=3.768569e-01
[NA] iter=00000 eval=00220 misfit=1.507833e+00 best=3.768569e-01
[NA] iter=00000 eval=00221 misfit=4.212507e-01 best=3.768569e-01
[NA] iter=00000 eval=00222 misfit=7.800743e-01 best=3.768569e-01
[NA] iter=00000 eval=00223 misfit=5.682596e-01 best=3.768569e-01
[NA] iter=00000 eval=00224 misfit=1.117422e+00 best=3.768569e-01
[NA] iter=00000 eval=00225 misfit=6.992735e-01 best=3.768569e-01
[NA] iter=00000 eval=00226 misfit=5.725023e+00 best=3.768569e-01
[NA] iter=00000 eval=00227 misfit=4.505841e-01 best=3.768569e-01
[NA] iter=00000 eval=00228 misfit=4.093675e-01 best=3.768569e-01
[NA] iter=00000 eval=00229 misfit=7.248936e-01 best=3.768569e-01
[NA] iter=00000 eval=00230 misfit=1.760865e+00 best=3.768569e-01
[NA] iter=00000 eval=00231 misfit=1.004818e+00 best=3.768569e-01
[NA] iter=00000 eval=00232 misfit=5.940215e-01 best=3.768569e-01
[NA] iter=00000 eval=00233 misfit=7.248886e-01 best=3.768569e-01
[NA] iter=00000 eval=00234 misfit=7.376450e-01 best=3.768569e-01
[NA] iter=00000 eval=00235 misfit=3.357311e+00 best=3.768569e-01
[NA] iter=00000 eval=00236 misfit=1.417685e+00 best=3.768569e-01
[NA] iter=00000 eval=00237 misfit=6.436843e-01 best=3.768569e-01
[NA] iter=00000 eval=00238 misfit=2.573783e+00 best=3.768569e-01
[NA] iter=00000 eval=00239 misfit=5.188808e-01 best=3.768569e-01
[NA] iter=00000 eval=00240 misfit=1.011108e+00 best=3.768569e-01
[NA] iter=00000 eval=00241 misfit=1.178699e+00 best=3.768569e-01
[NA] iter=00000 eval=00242 misfit=4.740309e-01 best=3.768569e-01
[NA] iter=00000 eval=00243 misfit=5.131984e-01 best=3.768569e-01
[NA] iter=00000 eval=00244 misfit=1.269279e+00 best=3.768569e-01
[NA] iter=00000 eval=00245 misfit=7.497294e-01 best=3.768569e-01
[NA] iter=00000 eval=00246 misfit=6.723694e-01 best=3.768569e-01
[NA] iter=00000 eval=00247 misfit=2.601831e+00 best=3.768569e-01
[NA] iter=00000 eval=00248 misfit=8.194273e-01 best=3.768569e-01
[NA] iter=00000 eval=00249 misfit=2.337599e+00 best=3.768569e-01
[NA] iter=00000 eval=00250 misfit=1.198379e+00 best=3.768569e-01
[NA] iter=00000 eval=00251 misfit=5.132239e-01 best=3.768569e-01
[NA] iter=00000 eval=00252 misfit=1.868981e+00 best=3.768569e-01
[NA] iter=00000 eval=00253 misfit=4.712761e-01 best=3.768569e-01
[NA] iter=00000 eval=00254 misfit=9.195310e-01 best=3.768569e-01
[NA] iter=00000 eval=00255 misfit=7.108453e-01 best=3.768569e-01
[NA] iter=00000 eval=00256 misfit=5.157768e-01 best=3.768569e-01
[NA] iter=00000 eval=00257 misfit=7.989045e-01 best=3.768569e-01
[NA] iter=00000 eval=00258 misfit=1.973740e+00 best=3.768569e-01
[NA] iter=00000 eval=00259 misfit=8.333586e-01 best=3.768569e-01
[NA] iter=00000 eval=00260 misfit=1.213156e+00 best=3.768569e-01
[NA] iter=00000 eval=00261 misfit=4.752066e-01 best=3.768569e-01
[NA] iter=00000 eval=00262 misfit=2.714253e+00 best=3.768569e-01
[NA] iter=00000 eval=00263 misfit=5.095797e-01 best=3.768569e-01
[NA] iter=00000 eval=00264 misfit=4.393674e-01 best=3.768569e-01
[NA] iter=00000 eval=00265 misfit=1.144322e+00 best=3.768569e-01
[NA] iter=00000 eval=00266 misfit=8.453284e-01 best=3.768569e-01
[NA] iter=00000 eval=00267 misfit=4.021674e-01 best=3.768569e-01
[NA] iter=00000 eval=00268 misfit=5.979469e-01 best=3.768569e-01
[NA] iter=00000 eval=00269 misfit=9.273641e-01 best=3.768569e-01
[NA] iter=00000 eval=00270 misfit=7.134761e-01 best=3.768569e-01
[NA] iter=00000 eval=00271 misfit=8.133010e-01 best=3.768569e-01
[NA] iter=00000 eval=00272 misfit=1.318715e+00 best=3.768569e-01
[NA] iter=00000 eval=00273 misfit=4.878979e-01 best=3.768569e-01
[NA] iter=00000 eval=00274 misfit=4.139381e-01 best=3.768569e-01
[NA] iter=00000 eval=00275 misfit=5.965616e-01 best=3.768569e-01
[NA] iter=00000 eval=00276 misfit=8.136457e-01 best=3.768569e-01
[NA] iter=00000 eval=00277 misfit=5.487619e-01 best=3.768569e-01
[NA] iter=00000 eval=00278 misfit=9.086777e-01 best=3.768569e-01
[NA] iter=00000 eval=00279 misfit=7.632081e-01 best=3.768569e-01
[NA] iter=00000 eval=00280 misfit=7.155307e-01 best=3.768569e-01
[NA] iter=00000 eval=00281 misfit=5.324882e-01 best=3.768569e-01
[NA] iter=00000 eval=00282 misfit=1.042032e+00 best=3.768569e-01
[NA] iter=00000 eval=00283 misfit=7.624928e-01 best=3.768569e-01
[NA] iter=00000 eval=00284 misfit=1.167846e+00 best=3.768569e-01
[NA] iter=00000 eval=00285 misfit=5.506050e-01 best=3.768569e-01
[NA] iter=00000 eval=00286 misfit=1.011937e+00 best=3.768569e-01
[NA] iter=00000 eval=00287 misfit=9.019188e-01 best=3.768569e-01
[NA] iter=00000 eval=00288 misfit=9.980055e-01 best=3.768569e-01
[NA] iter=00000 eval=00289 misfit=7.408880e-01 best=3.768569e-01
[NA] iter=00000 eval=00290 misfit=1.799843e+00 best=3.768569e-01
[NA] iter=00000 eval=00291 misfit=9.511636e-01 best=3.768569e-01
[NA] iter=00000 eval=00292 misfit=1.322268e+00 best=3.768569e-01
[NA] iter=00000 eval=00293 misfit=5.135914e-01 best=3.768569e-01
[NA] iter=00000 eval=00294 misfit=5.178820e-01 best=3.768569e-01
[NA] iter=00000 eval=00295 misfit=6.246671e-01 best=3.768569e-01
[NA] iter=00000 eval=00296 misfit=8.052912e-01 best=3.768569e-01
[NA] iter=00000 eval=00297 misfit=6.564335e-01 best=3.768569e-01
[NA] iter=00000 eval=00298 misfit=4.954313e-01 best=3.768569e-01
[NA] iter=00000 eval=00299 misfit=5.259766e-01 best=3.768569e-01
[NA] iter=00000 eval=00300 misfit=8.115672e-01 best=3.768569e-01
[NA] iter=00000 eval=00301 misfit=7.987345e-01 best=3.768569e-01
[NA] iter=00000 eval=00302 misfit=6.511244e-01 best=3.768569e-01
[NA] iter=00000 eval=00303 misfit=7.532258e-01 best=3.768569e-01
[NA] iter=00000 eval=00304 misfit=7.777661e-01 best=3.768569e-01
[NA] iter=00000 eval=00305 misfit=1.024927e+00 best=3.768569e-01
[NA] iter=00000 eval=00306 misfit=4.597912e-01 best=3.768569e-01
[NA] iter=00000 eval=00307 misfit=6.033130e-01 best=3.768569e-01
[NA] iter=00000 eval=00308 misfit=1.140598e+00 best=3.768569e-01
[NA] iter=00000 eval=00309 misfit=1.477306e+00 best=3.768569e-01
[NA] iter=00000 eval=00310 misfit=1.132503e+00 best=3.768569e-01
[NA] iter=00000 eval=00311 misfit=8.804403e-01 best=3.768569e-01
[NA] iter=00000 eval=00312 misfit=7.532369e-01 best=3.768569e-01
[NA] iter=00000 eval=00313 misfit=9.874382e-01 best=3.768569e-01
[NA] iter=00000 eval=00314 misfit=7.226097e-01 best=3.768569e-01
[NA] iter=00000 eval=00315 misfit=2.428096e+00 best=3.768569e-01
[NA] iter=00000 eval=00316 misfit=9.019741e-01 best=3.768569e-01
[NA] iter=00000 eval=00317 misfit=5.434831e-01 best=3.768569e-01
[NA] iter=00000 eval=00318 misfit=9.274033e-01 best=3.768569e-01
[NA] iter=00000 eval=00319 misfit=4.288767e-01 best=3.768569e-01
[NA] iter=00000 eval=00320 misfit=6.983756e-01 best=3.768569e-01
[NA] iter=00000 eval=00321 misfit=7.799483e-01 best=3.768569e-01
[NA] iter=00000 eval=00322 misfit=5.391301e-01 best=3.768569e-01
[NA] iter=00000 eval=00323 misfit=5.085995e-01 best=3.768569e-01
[NA] iter=00000 eval=00324 misfit=4.386517e-01 best=3.768569e-01
[NA] iter=00000 eval=00325 misfit=6.520028e-01 best=3.768569e-01
[NA] iter=00000 eval=00326 misfit=1.168542e+00 best=3.768569e-01
[NA] iter=00000 eval=00327 misfit=6.906070e-01 best=3.768569e-01
[NA] iter=00000 eval=00328 misfit=1.907915e+00 best=3.768569e-01
[NA] iter=00000 eval=00329 misfit=5.695986e-01 best=3.768569e-01
[NA] iter=00000 eval=00330 misfit=1.634761e+00 best=3.768569e-01
[NA] iter=00000 eval=00331 misfit=8.433791e-01 best=3.768569e-01
[NA] iter=00000 eval=00332 misfit=8.156708e-01 best=3.768569e-01
[NA] iter=00000 eval=00333 misfit=8.817602e-01 best=3.768569e-01
[NA] iter=00000 eval=00334 misfit=9.403867e-01 best=3.768569e-01
[NA] iter=00000 eval=00335 misfit=1.093328e+00 best=3.768569e-01
[NA] iter=00000 eval=00336 misfit=5.176843e-01 best=3.768569e-01
[NA] iter=00000 eval=00337 misfit=9.390112e-01 best=3.768569e-01
[NA] iter=00000 eval=00338 misfit=6.523450e-01 best=3.768569e-01
[NA] iter=00000 eval=00339 misfit=2.349977e+00 best=3.768569e-01
[NA] iter=00000 eval=00340 misfit=6.813416e-01 best=3.768569e-01
[NA] iter=00000 eval=00341 misfit=7.025145e-01 best=3.768569e-01
[NA] iter=00000 eval=00342 misfit=1.827727e+00 best=3.768569e-01
[NA] iter=00000 eval=00343 misfit=1.108904e+00 best=3.768569e-01
[NA] iter=00000 eval=00344 misfit=8.941318e-01 best=3.768569e-01
[NA] iter=00000 eval=00345 misfit=6.168543e-01 best=3.768569e-01
[NA] iter=00000 eval=00346 misfit=4.660719e-01 best=3.768569e-01
[NA] iter=00000 eval=00347 misfit=1.233674e+00 best=3.768569e-01
[NA] iter=00000 eval=00348 misfit=8.522971e-01 best=3.768569e-01
[NA] iter=00000 eval=00349 misfit=9.912360e-01 best=3.768569e-01
[NA] iter=00000 eval=00350 misfit=7.378992e-01 best=3.768569e-01
[NA] iter=00000 eval=00351 misfit=1.157454e+00 best=3.768569e-01
[NA] iter=00000 eval=00352 misfit=8.895635e-01 best=3.768569e-01
[NA] iter=00000 eval=00353 misfit=1.088886e+00 best=3.768569e-01
[NA] iter=00000 eval=00354 misfit=1.007645e+00 best=3.768569e-01
[NA] iter=00000 eval=00355 misfit=8.173316e-01 best=3.768569e-01
[NA] iter=00000 eval=00356 misfit=8.851540e-01 best=3.768569e-01
[NA] iter=00000 eval=00357 misfit=5.453926e-01 best=3.768569e-01
[NA] iter=00000 eval=00358 misfit=8.173119e-01 best=3.768569e-01
[NA] iter=00000 eval=00359 misfit=9.910367e-01 best=3.768569e-01
[NA] iter=00000 eval=00360 misfit=6.827946e-01 best=3.768569e-01
[NA] iter=00000 eval=00361 misfit=7.908845e-01 best=3.768569e-01
[NA] iter=00000 eval=00362 misfit=1.024013e+00 best=3.768569e-01
[NA] iter=00000 eval=00363 misfit=8.313019e-01 best=3.768569e-01
[NA] iter=00000 eval=00364 misfit=7.113544e-01 best=3.768569e-01
[NA] iter=00000 eval=00365 misfit=6.286642e-01 best=3.768569e-01
[NA] iter=00000 eval=00366 misfit=7.407274e-01 best=3.768569e-01
[NA] iter=00000 eval=00367 misfit=7.217120e-01 best=3.768569e-01
[NA] iter=00000 eval=00368 misfit=4.310229e-01 best=3.768569e-01
[NA] iter=00000 eval=00369 misfit=1.062263e+00 best=3.768569e-01
[NA] iter=00000 eval=00370 misfit=6.174158e-01 best=3.768569e-01
[NA] iter=00000 eval=00371 misfit=7.039585e-01 best=3.768569e-01
[NA] iter=00000 eval=00372 misfit=6.355105e-01 best=3.768569e-01
[NA] iter=00000 eval=00373 misfit=8.372003e-01 best=3.768569e-01
[NA] iter=00000 eval=00374 misfit=7.558308e-01 best=3.768569e-01
[NA] iter=00000 eval=00375 misfit=4.847334e-01 best=3.768569e-01
[NA] iter=00000 eval=00376 misfit=8.065559e-01 best=3.768569e-01
[NA] iter=00000 eval=00377 misfit=1.749436e+00 best=3.768569e-01
[NA] iter=00000 eval=00378 misfit=7.078336e-01 best=3.768569e-01
[NA] iter=00000 eval=00379 misfit=5.477666e-01 best=3.768569e-01
[NA] iter=00000 eval=00380 misfit=1.483671e+00 best=3.768569e-01
[NA] iter=00000 eval=00381 misfit=6.200693e-01 best=3.768569e-01
[NA] iter=00000 eval=00382 misfit=7.489624e-01 best=3.768569e-01
[NA] iter=00000 eval=00383 misfit=5.428516e+00 best=3.768569e-01
[NA] iter=00000 eval=00384 misfit=6.816303e-01 best=3.768569e-01
[NA] iter=00000 eval=00385 misfit=1.269873e+00 best=3.768569e-01
[NA] iter=00000 eval=00386 misfit=5.431221e-01 best=3.768569e-01
[NA] iter=00000 eval=00387 misfit=3.126573e+00 best=3.768569e-01
[NA] iter=00000 eval=00388 misfit=5.757554e-01 best=3.768569e-01
[NA] iter=00000 eval=00389 misfit=1.002884e+00 best=3.768569e-01
[NA] iter=00000 eval=00390 misfit=9.457239e-01 best=3.768569e-01
[NA] iter=00000 eval=00391 misfit=1.061461e+00 best=3.768569e-01
[NA] iter=00000 eval=00392 misfit=3.836441e-01 best=3.768569e-01
[NA] iter=00000 eval=00393 misfit=4.596005e-01 best=3.768569e-01
[NA] iter=00000 eval=00394 misfit=2.242449e+00 best=3.768569e-01
[NA] iter=00000 eval=00395 misfit=5.989826e-01 best=3.768569e-01
[NA] iter=00000 eval=00396 misfit=5.468670e-01 best=3.768569e-01
[NA] iter=00000 eval=00397 misfit=5.013008e-01 best=3.768569e-01
[NA] iter=00000 eval=00398 misfit=5.811077e-01 best=3.768569e-01
[NA] iter=00000 eval=00399 misfit=9.881482e-01 best=3.768569e-01
[NA] iter=00000 eval=00400 misfit=7.740792e-01 best=3.768569e-01
[NA] iter=00000 eval=00401 misfit=5.602673e-01 best=3.768569e-01
[NA] iter=00000 eval=00402 misfit=1.194774e+00 best=3.768569e-01
[NA] iter=00000 eval=00403 misfit=6.720507e-01 best=3.768569e-01
[NA] iter=00000 eval=00404 misfit=3.069349e+00 best=3.768569e-01
[NA] iter=00000 eval=00405 misfit=1.107626e+00 best=3.768569e-01
[NA] iter=00000 eval=00406 misfit=6.740215e-01 best=3.768569e-01
[NA] iter=00000 eval=00407 misfit=5.092486e-01 best=3.768569e-01
[NA] iter=00000 eval=00408 misfit=6.810999e-01 best=3.768569e-01
[NA] iter=00000 eval=00409 misfit=4.341358e-01 best=3.768569e-01
[NA] iter=00000 eval=00410 misfit=5.337730e-01 best=3.768569e-01
[NA] iter=00000 eval=00411 misfit=5.033299e-01 best=3.768569e-01
[NA] iter=00000 eval=00412 misfit=1.534171e+00 best=3.768569e-01
[NA] iter=00000 eval=00413 misfit=1.137189e+00 best=3.768569e-01
[NA] iter=00000 eval=00414 misfit=6.778085e-01 best=3.768569e-01
[NA] iter=00000 eval=00415 misfit=4.629180e-01 best=3.768569e-01
[NA] iter=00000 eval=00416 misfit=4.029717e-01 best=3.768569e-01
[NA] iter=00000 eval=00417 misfit=4.944574e-01 best=3.768569e-01
[NA] iter=00000 eval=00418 misfit=1.245035e+00 best=3.768569e-01
[NA] iter=00000 eval=00419 misfit=1.021092e+00 best=3.768569e-01
[NA] iter=00000 eval=00420 misfit=8.571196e-01 best=3.768569e-01
[NA] iter=00000 eval=00421 misfit=5.085517e-01 best=3.768569e-01
[NA] iter=00000 eval=00422 misfit=4.737647e-01 best=3.768569e-01
[NA] iter=00000 eval=00423 misfit=6.418706e-01 best=3.768569e-01
[NA] iter=00000 eval=00424 misfit=2.798296e+00 best=3.768569e-01
[NA] iter=00000 eval=00425 misfit=5.727391e-01 best=3.768569e-01
[NA] iter=00000 eval=00426 misfit=7.193711e-01 best=3.768569e-01
[NA] iter=00000 eval=00427 misfit=6.357807e-01 best=3.768569e-01
[NA] iter=00000 eval=00428 misfit=4.119416e-01 best=3.768569e-01
[NA] iter=00000 eval=00429 misfit=9.701693e-01 best=3.768569e-01
[NA] iter=00000 eval=00430 misfit=4.921134e-01 best=3.768569e-01
[NA] iter=00000 eval=00431 misfit=5.099450e-01 best=3.768569e-01
[NA] iter=00000 eval=00432 misfit=6.959134e-01 best=3.768569e-01
[NA] iter=00000 eval=00433 misfit=1.131433e+00 best=3.768569e-01
[NA] iter=00000 eval=00434 misfit=4.964918e-01 best=3.768569e-01
[NA] iter=00000 eval=00435 misfit=6.084088e-01 best=3.768569e-01
[NA] iter=00000 eval=00436 misfit=4.750918e-01 best=3.768569e-01
[NA] iter=00000 eval=00437 misfit=1.514811e+00 best=3.768569e-01
[NA] iter=00000 eval=00438 misfit=6.864013e-01 best=3.768569e-01
[NA] iter=00000 eval=00439 misfit=4.965031e-01 best=3.768569e-01
[NA] iter=00000 eval=00440 misfit=8.461765e-01 best=3.768569e-01
[NA] iter=00000 eval=00441 misfit=7.565206e-01 best=3.768569e-01
[NA] iter=00000 eval=00442 misfit=1.053556e+00 best=3.768569e-01
[NA] iter=00000 eval=00443 misfit=4.456590e-01 best=3.768569e-01
[NA] iter=00000 eval=00444 misfit=9.186392e-01 best=3.768569e-01
[NA] iter=00000 eval=00445 misfit=1.825811e+00 best=3.768569e-01
[NA] iter=00000 eval=00446 misfit=7.582819e-01 best=3.768569e-01
[NA] iter=00000 eval=00447 misfit=1.997516e+00 best=3.768569e-01
[NA] iter=00000 eval=00448 misfit=9.001377e-01 best=3.768569e-01
[NA] iter=00000 eval=00449 misfit=9.109404e-01 best=3.768569e-01
[NA] iter=00000 eval=00450 misfit=5.072831e-01 best=3.768569e-01
[NA] iter=00000 eval=00451 misfit=5.557780e-01 best=3.768569e-01
[NA] iter=00000 eval=00452 misfit=6.408264e-01 best=3.768569e-01
[NA] iter=00000 eval=00453 misfit=1.412541e+00 best=3.768569e-01
[NA] iter=00000 eval=00454 misfit=7.182084e-01 best=3.768569e-01
[NA] iter=00000 eval=00455 misfit=6.804004e-01 best=3.768569e-01
[NA] iter=00000 eval=00456 misfit=7.412083e-01 best=3.768569e-01
[NA] iter=00000 eval=00457 misfit=9.008747e-01 best=3.768569e-01
[NA] iter=00000 eval=00458 misfit=6.576793e-01 best=3.768569e-01
[NA] iter=00000 eval=00459 misfit=5.575334e-01 best=3.768569e-01
[NA] iter=00000 eval=00460 misfit=1.348828e+00 best=3.768569e-01
[NA] iter=00000 eval=00461 misfit=1.700012e+00 best=3.768569e-01
[NA] iter=00000 eval=00462 misfit=7.694175e-01 best=3.768569e-01
[NA] iter=00000 eval=00463 misfit=7.498588e-01 best=3.768569e-01
[NA] iter=00000 eval=00464 misfit=4.154167e-01 best=3.768569e-01
[NA] iter=00000 eval=00465 misfit=4.566726e-01 best=3.768569e-01
[NA] iter=00000 eval=00466 misfit=6.977917e-01 best=3.768569e-01
[NA] iter=00000 eval=00467 misfit=4.524270e-01 best=3.768569e-01
[NA] iter=00000 eval=00468 misfit=1.357931e+00 best=3.768569e-01
[NA] iter=00000 eval=00469 misfit=1.210006e+00 best=3.768569e-01
[NA] iter=00000 eval=00470 misfit=6.732609e-01 best=3.768569e-01
[NA] iter=00000 eval=00471 misfit=1.136160e+00 best=3.768569e-01
[NA] iter=00000 eval=00472 misfit=4.820531e+00 best=3.768569e-01
[NA] iter=00000 eval=00473 misfit=8.943687e-01 best=3.768569e-01
[NA] iter=00000 eval=00474 misfit=5.776476e-01 best=3.768569e-01
[NA] iter=00000 eval=00475 misfit=3.963280e-01 best=3.768569e-01
[NA] iter=00000 eval=00476 misfit=2.089898e+00 best=3.768569e-01
[NA] iter=00000 eval=00477 misfit=5.817283e-01 best=3.768569e-01
[NA] iter=00000 eval=00478 misfit=9.727392e-01 best=3.768569e-01
[NA] iter=00000 eval=00479 misfit=5.708782e-01 best=3.768569e-01
[NA] iter=00000 eval=00480 misfit=1.692440e+00 best=3.768569e-01
[NA] iter=00000 eval=00481 misfit=6.375329e-01 best=3.768569e-01
[NA] iter=00000 eval=00482 misfit=1.097584e+00 best=3.768569e-01
[NA] iter=00000 eval=00483 misfit=1.007971e+00 best=3.768569e-01
[NA] iter=00000 eval=00484 misfit=5.493647e-01 best=3.768569e-01
[NA] iter=00000 eval=00485 misfit=3.959140e-01 best=3.768569e-01
[NA] iter=00000 eval=00486 misfit=5.389055e-01 best=3.768569e-01
[NA] iter=00000 eval=00487 misfit=4.404029e-01 best=3.768569e-01
[NA] iter=00000 eval=00488 misfit=1.807712e+00 best=3.768569e-01
[NA] iter=00000 eval=00489 misfit=6.932627e-01 best=3.768569e-01
[NA] iter=00000 eval=00490 misfit=4.794734e-01 best=3.768569e-01
[NA] iter=00000 eval=00491 misfit=6.011590e-01 best=3.768569e-01
[NA] iter=00000 eval=00492 misfit=3.961602e-01 best=3.768569e-01
[NA] iter=00000 eval=00493 misfit=2.422098e+00 best=3.768569e-01
[NA] iter=00000 eval=00494 misfit=1.069569e+00 best=3.768569e-01
[NA] iter=00000 eval=00495 misfit=6.813797e-01 best=3.768569e-01
[NA] iter=00000 eval=00496 misfit=1.262244e+00 best=3.768569e-01
[NA] iter=00000 eval=00497 misfit=2.823718e+00 best=3.768569e-01
[NA] iter=00000 eval=00498 misfit=7.363020e-01 best=3.768569e-01
[NA] iter=00000 eval=00499 misfit=8.355687e-01 best=3.768569e-01
[NA] iter=00000 eval=00500 misfit=7.420573e-01 best=3.768569e-01
NAI - Optimisation Loop:   0%|          | 0/50 [00:00<?, ?it/s][NA] iter=00001 eval=00501 misfit=4.596074e-01 best=3.768569e-01
[NA] iter=00001 eval=00502 misfit=4.168326e-01 best=3.768569e-01
[NA] iter=00001 eval=00503 misfit=4.764351e-01 best=3.768569e-01
[NA] iter=00001 eval=00504 misfit=4.851127e-01 best=3.768569e-01
[NA] iter=00001 eval=00505 misfit=4.204956e-01 best=3.768569e-01
[NA] iter=00001 eval=00506 misfit=4.229150e-01 best=3.768569e-01
[NA] iter=00001 eval=00507 misfit=4.038356e-01 best=3.768569e-01
[NA] iter=00001 eval=00508 misfit=4.274661e-01 best=3.768569e-01
[NA] iter=00001 eval=00509 misfit=3.826875e-01 best=3.768569e-01
[NA] iter=00001 eval=00510 misfit=3.966214e-01 best=3.768569e-01
[NA] iter=00001 eval=00511 misfit=4.048000e-01 best=3.768569e-01
[NA] iter=00001 eval=00512 misfit=4.235495e-01 best=3.768569e-01
[NA] iter=00001 eval=00513 misfit=3.676721e-01 best=3.676721e-01
[NA] iter=00001 eval=00514 misfit=4.164338e-01 best=3.676721e-01
[NA] iter=00001 eval=00515 misfit=3.777865e-01 best=3.676721e-01
[NA] iter=00001 eval=00516 misfit=4.519210e-01 best=3.676721e-01
[NA] iter=00001 eval=00517 misfit=5.333988e-01 best=3.676721e-01
[NA] iter=00001 eval=00518 misfit=4.971832e-01 best=3.676721e-01
[NA] iter=00001 eval=00519 misfit=8.341474e-01 best=3.676721e-01
[NA] iter=00001 eval=00520 misfit=5.521775e-01 best=3.676721e-01
[NA] iter=00001 eval=00521 misfit=9.962531e-01 best=3.676721e-01
[NA] iter=00001 eval=00522 misfit=5.955130e-01 best=3.676721e-01
[NA] iter=00001 eval=00523 misfit=4.400581e-01 best=3.676721e-01
[NA] iter=00001 eval=00524 misfit=6.596886e-01 best=3.676721e-01
[NA] iter=00001 eval=00525 misfit=8.523327e-01 best=3.676721e-01
[NA] iter=00001 eval=00526 misfit=4.751145e-01 best=3.676721e-01
[NA] iter=00001 eval=00527 misfit=4.399967e-01 best=3.676721e-01
[NA] iter=00001 eval=00528 misfit=4.495167e-01 best=3.676721e-01
[NA] iter=00001 eval=00529 misfit=4.730931e-01 best=3.676721e-01
[NA] iter=00001 eval=00530 misfit=4.560231e-01 best=3.676721e-01
[NA] iter=00001 eval=00531 misfit=4.211235e-01 best=3.676721e-01
[NA] iter=00001 eval=00532 misfit=5.246392e-01 best=3.676721e-01
[NA] iter=00001 eval=00533 misfit=3.637887e-01 best=3.637887e-01
[NA] iter=00001 eval=00534 misfit=5.661622e-01 best=3.637887e-01
[NA] iter=00001 eval=00535 misfit=4.711111e-01 best=3.637887e-01
[NA] iter=00001 eval=00536 misfit=4.182568e-01 best=3.637887e-01
[NA] iter=00001 eval=00537 misfit=4.112701e-01 best=3.637887e-01
[NA] iter=00001 eval=00538 misfit=4.683508e-01 best=3.637887e-01
[NA] iter=00001 eval=00539 misfit=4.394388e-01 best=3.637887e-01
[NA] iter=00001 eval=00540 misfit=3.875082e-01 best=3.637887e-01
[NA] iter=00001 eval=00541 misfit=5.043063e-01 best=3.637887e-01
[NA] iter=00001 eval=00542 misfit=4.587417e-01 best=3.637887e-01
[NA] iter=00001 eval=00543 misfit=3.878245e-01 best=3.637887e-01
[NA] iter=00001 eval=00544 misfit=4.659790e-01 best=3.637887e-01
[NA] iter=00001 eval=00545 misfit=4.387977e-01 best=3.637887e-01
[NA] iter=00001 eval=00546 misfit=4.017211e-01 best=3.637887e-01
[NA] iter=00001 eval=00547 misfit=3.879845e-01 best=3.637887e-01
[NA] iter=00001 eval=00548 misfit=3.670898e-01 best=3.637887e-01
[NA] iter=00001 eval=00549 misfit=3.922344e-01 best=3.637887e-01
[NA] iter=00001 eval=00550 misfit=3.800162e-01 best=3.637887e-01
NAI - Optimisation Loop:   2%|▏         | 1/50 [00:15<12:46, 15.65s/it][NA] iter=00002 eval=00551 misfit=3.839544e-01 best=3.637887e-01
[NA] iter=00002 eval=00552 misfit=4.004655e-01 best=3.637887e-01
[NA] iter=00002 eval=00553 misfit=4.656644e-01 best=3.637887e-01
[NA] iter=00002 eval=00554 misfit=4.230317e-01 best=3.637887e-01
[NA] iter=00002 eval=00555 misfit=3.927759e-01 best=3.637887e-01
[NA] iter=00002 eval=00556 misfit=5.581335e-01 best=3.637887e-01
[NA] iter=00002 eval=00557 misfit=3.946657e-01 best=3.637887e-01
[NA] iter=00002 eval=00558 misfit=3.784330e-01 best=3.637887e-01
[NA] iter=00002 eval=00559 misfit=3.884298e-01 best=3.637887e-01
[NA] iter=00002 eval=00560 misfit=4.886596e-01 best=3.637887e-01
[NA] iter=00002 eval=00561 misfit=4.992974e-01 best=3.637887e-01
[NA] iter=00002 eval=00562 misfit=4.031136e-01 best=3.637887e-01
[NA] iter=00002 eval=00563 misfit=5.745212e-01 best=3.637887e-01
[NA] iter=00002 eval=00564 misfit=4.947967e-01 best=3.637887e-01
[NA] iter=00002 eval=00565 misfit=3.707487e-01 best=3.637887e-01
[NA] iter=00002 eval=00566 misfit=6.555958e-01 best=3.637887e-01
[NA] iter=00002 eval=00567 misfit=5.338706e-01 best=3.637887e-01
[NA] iter=00002 eval=00568 misfit=7.274286e-01 best=3.637887e-01
[NA] iter=00002 eval=00569 misfit=4.195764e-01 best=3.637887e-01
[NA] iter=00002 eval=00570 misfit=4.921262e-01 best=3.637887e-01
[NA] iter=00002 eval=00571 misfit=9.752518e-01 best=3.637887e-01
[NA] iter=00002 eval=00572 misfit=1.070608e+00 best=3.637887e-01
[NA] iter=00002 eval=00573 misfit=8.258069e-01 best=3.637887e-01
[NA] iter=00002 eval=00574 misfit=7.571884e-01 best=3.637887e-01
[NA] iter=00002 eval=00575 misfit=8.402916e-01 best=3.637887e-01
[NA] iter=00002 eval=00576 misfit=4.020354e-01 best=3.637887e-01
[NA] iter=00002 eval=00577 misfit=3.913402e-01 best=3.637887e-01
[NA] iter=00002 eval=00578 misfit=4.890294e-01 best=3.637887e-01
[NA] iter=00002 eval=00579 misfit=4.089258e-01 best=3.637887e-01
[NA] iter=00002 eval=00580 misfit=5.113408e-01 best=3.637887e-01
[NA] iter=00002 eval=00581 misfit=3.853281e-01 best=3.637887e-01
[NA] iter=00002 eval=00582 misfit=4.032432e-01 best=3.637887e-01
[NA] iter=00002 eval=00583 misfit=3.917906e-01 best=3.637887e-01
[NA] iter=00002 eval=00584 misfit=3.909947e-01 best=3.637887e-01
[NA] iter=00002 eval=00585 misfit=4.036751e-01 best=3.637887e-01
[NA] iter=00002 eval=00586 misfit=3.856530e-01 best=3.637887e-01
[NA] iter=00002 eval=00587 misfit=3.952236e-01 best=3.637887e-01
[NA] iter=00002 eval=00588 misfit=3.902271e-01 best=3.637887e-01
[NA] iter=00002 eval=00589 misfit=3.900906e-01 best=3.637887e-01
[NA] iter=00002 eval=00590 misfit=3.795353e-01 best=3.637887e-01
[NA] iter=00002 eval=00591 misfit=3.925800e-01 best=3.637887e-01
[NA] iter=00002 eval=00592 misfit=4.240163e-01 best=3.637887e-01
[NA] iter=00002 eval=00593 misfit=4.477347e-01 best=3.637887e-01
[NA] iter=00002 eval=00594 misfit=3.713859e-01 best=3.637887e-01
[NA] iter=00002 eval=00595 misfit=3.899675e-01 best=3.637887e-01
[NA] iter=00002 eval=00596 misfit=3.931087e-01 best=3.637887e-01
[NA] iter=00002 eval=00597 misfit=5.410398e-01 best=3.637887e-01
[NA] iter=00002 eval=00598 misfit=3.973288e-01 best=3.637887e-01
[NA] iter=00002 eval=00599 misfit=3.918536e-01 best=3.637887e-01
[NA] iter=00002 eval=00600 misfit=3.991205e-01 best=3.637887e-01
NAI - Optimisation Loop:   4%|▍         | 2/50 [00:30<12:20, 15.43s/it][NA] iter=00003 eval=00601 misfit=3.674520e-01 best=3.637887e-01
[NA] iter=00003 eval=00602 misfit=3.764362e-01 best=3.637887e-01
[NA] iter=00003 eval=00603 misfit=3.856133e-01 best=3.637887e-01
[NA] iter=00003 eval=00604 misfit=4.027040e-01 best=3.637887e-01
[NA] iter=00003 eval=00605 misfit=3.843869e-01 best=3.637887e-01
[NA] iter=00003 eval=00606 misfit=3.710860e-01 best=3.637887e-01
[NA] iter=00003 eval=00607 misfit=3.685361e-01 best=3.637887e-01
[NA] iter=00003 eval=00608 misfit=3.805348e-01 best=3.637887e-01
[NA] iter=00003 eval=00609 misfit=3.647243e-01 best=3.637887e-01
[NA] iter=00003 eval=00610 misfit=3.825747e-01 best=3.637887e-01
[NA] iter=00003 eval=00611 misfit=4.497208e-01 best=3.637887e-01
[NA] iter=00003 eval=00612 misfit=3.809985e-01 best=3.637887e-01
[NA] iter=00003 eval=00613 misfit=4.386735e-01 best=3.637887e-01
[NA] iter=00003 eval=00614 misfit=3.701217e-01 best=3.637887e-01
[NA] iter=00003 eval=00615 misfit=3.795766e-01 best=3.637887e-01
[NA] iter=00003 eval=00616 misfit=3.773748e-01 best=3.637887e-01
[NA] iter=00003 eval=00617 misfit=3.698653e-01 best=3.637887e-01
[NA] iter=00003 eval=00618 misfit=3.864218e-01 best=3.637887e-01
[NA] iter=00003 eval=00619 misfit=3.882540e-01 best=3.637887e-01
[NA] iter=00003 eval=00620 misfit=3.855139e-01 best=3.637887e-01
[NA] iter=00003 eval=00621 misfit=3.685187e-01 best=3.637887e-01
[NA] iter=00003 eval=00622 misfit=4.307591e-01 best=3.637887e-01
[NA] iter=00003 eval=00623 misfit=3.845598e-01 best=3.637887e-01
[NA] iter=00003 eval=00624 misfit=4.048970e-01 best=3.637887e-01
[NA] iter=00003 eval=00625 misfit=3.882891e-01 best=3.637887e-01
[NA] iter=00003 eval=00626 misfit=3.922333e-01 best=3.637887e-01
[NA] iter=00003 eval=00627 misfit=4.631460e-01 best=3.637887e-01
[NA] iter=00003 eval=00628 misfit=3.865145e-01 best=3.637887e-01
[NA] iter=00003 eval=00629 misfit=3.912806e-01 best=3.637887e-01
[NA] iter=00003 eval=00630 misfit=4.547539e-01 best=3.637887e-01
[NA] iter=00003 eval=00631 misfit=5.295308e-01 best=3.637887e-01
[NA] iter=00003 eval=00632 misfit=4.042664e-01 best=3.637887e-01
[NA] iter=00003 eval=00633 misfit=7.408899e-01 best=3.637887e-01
[NA] iter=00003 eval=00634 misfit=6.326079e-01 best=3.637887e-01
[NA] iter=00003 eval=00635 misfit=6.415317e-01 best=3.637887e-01
[NA] iter=00003 eval=00636 misfit=4.793715e-01 best=3.637887e-01
[NA] iter=00003 eval=00637 misfit=3.707714e-01 best=3.637887e-01
[NA] iter=00003 eval=00638 misfit=4.262522e-01 best=3.637887e-01
[NA] iter=00003 eval=00639 misfit=3.999832e-01 best=3.637887e-01
[NA] iter=00003 eval=00640 misfit=4.045478e-01 best=3.637887e-01
[NA] iter=00003 eval=00641 misfit=3.838806e-01 best=3.637887e-01
[NA] iter=00003 eval=00642 misfit=3.825018e-01 best=3.637887e-01
[NA] iter=00003 eval=00643 misfit=3.844163e-01 best=3.637887e-01
[NA] iter=00003 eval=00644 misfit=3.776622e-01 best=3.637887e-01
[NA] iter=00003 eval=00645 misfit=3.847882e-01 best=3.637887e-01
[NA] iter=00003 eval=00646 misfit=4.306741e-01 best=3.637887e-01
[NA] iter=00003 eval=00647 misfit=4.321018e-01 best=3.637887e-01
[NA] iter=00003 eval=00648 misfit=3.801231e-01 best=3.637887e-01
[NA] iter=00003 eval=00649 misfit=3.985120e-01 best=3.637887e-01
[NA] iter=00003 eval=00650 misfit=4.060102e-01 best=3.637887e-01
NAI - Optimisation Loop:   6%|▌         | 3/50 [00:46<12:00, 15.33s/it][NA] iter=00004 eval=00651 misfit=3.706698e-01 best=3.637887e-01
[NA] iter=00004 eval=00652 misfit=4.229684e-01 best=3.637887e-01
[NA] iter=00004 eval=00653 misfit=3.775926e-01 best=3.637887e-01
[NA] iter=00004 eval=00654 misfit=3.812905e-01 best=3.637887e-01
[NA] iter=00004 eval=00655 misfit=4.012499e-01 best=3.637887e-01
[NA] iter=00004 eval=00656 misfit=3.870890e-01 best=3.637887e-01
[NA] iter=00004 eval=00657 misfit=4.137199e-01 best=3.637887e-01
[NA] iter=00004 eval=00658 misfit=3.724299e-01 best=3.637887e-01
[NA] iter=00004 eval=00659 misfit=3.960136e-01 best=3.637887e-01
[NA] iter=00004 eval=00660 misfit=3.739922e-01 best=3.637887e-01
[NA] iter=00004 eval=00661 misfit=3.719200e-01 best=3.637887e-01
[NA] iter=00004 eval=00662 misfit=4.482075e-01 best=3.637887e-01
[NA] iter=00004 eval=00663 misfit=3.770540e-01 best=3.637887e-01
[NA] iter=00004 eval=00664 misfit=3.816326e-01 best=3.637887e-01
[NA] iter=00004 eval=00665 misfit=3.767013e-01 best=3.637887e-01
[NA] iter=00004 eval=00666 misfit=3.718901e-01 best=3.637887e-01
[NA] iter=00004 eval=00667 misfit=3.636174e-01 best=3.636174e-01
[NA] iter=00004 eval=00668 misfit=4.255995e-01 best=3.636174e-01
[NA] iter=00004 eval=00669 misfit=4.152250e-01 best=3.636174e-01
[NA] iter=00004 eval=00670 misfit=4.190856e-01 best=3.636174e-01
[NA] iter=00004 eval=00671 misfit=3.847952e-01 best=3.636174e-01
[NA] iter=00004 eval=00672 misfit=3.669962e-01 best=3.636174e-01
[NA] iter=00004 eval=00673 misfit=3.685623e-01 best=3.636174e-01
[NA] iter=00004 eval=00674 misfit=3.906708e-01 best=3.636174e-01
[NA] iter=00004 eval=00675 misfit=3.771456e-01 best=3.636174e-01
[NA] iter=00004 eval=00676 misfit=3.755626e-01 best=3.636174e-01
[NA] iter=00004 eval=00677 misfit=3.764137e-01 best=3.636174e-01
[NA] iter=00004 eval=00678 misfit=3.730064e-01 best=3.636174e-01
[NA] iter=00004 eval=00679 misfit=3.836725e-01 best=3.636174e-01
[NA] iter=00004 eval=00680 misfit=3.787654e-01 best=3.636174e-01
[NA] iter=00004 eval=00681 misfit=3.680246e-01 best=3.636174e-01
[NA] iter=00004 eval=00682 misfit=3.807962e-01 best=3.636174e-01
[NA] iter=00004 eval=00683 misfit=3.584802e-01 best=3.584802e-01
[NA] iter=00004 eval=00684 misfit=3.671678e-01 best=3.584802e-01
[NA] iter=00004 eval=00685 misfit=3.969172e-01 best=3.584802e-01
[NA] iter=00004 eval=00686 misfit=3.970543e-01 best=3.584802e-01
[NA] iter=00004 eval=00687 misfit=4.071722e-01 best=3.584802e-01
[NA] iter=00004 eval=00688 misfit=3.740085e-01 best=3.584802e-01
[NA] iter=00004 eval=00689 misfit=3.881020e-01 best=3.584802e-01
[NA] iter=00004 eval=00690 misfit=3.805567e-01 best=3.584802e-01
[NA] iter=00004 eval=00691 misfit=3.735344e-01 best=3.584802e-01
[NA] iter=00004 eval=00692 misfit=3.884037e-01 best=3.584802e-01
[NA] iter=00004 eval=00693 misfit=4.218910e-01 best=3.584802e-01
[NA] iter=00004 eval=00694 misfit=3.727272e-01 best=3.584802e-01
[NA] iter=00004 eval=00695 misfit=3.861923e-01 best=3.584802e-01
[NA] iter=00004 eval=00696 misfit=4.120811e-01 best=3.584802e-01
[NA] iter=00004 eval=00697 misfit=3.807083e-01 best=3.584802e-01
[NA] iter=00004 eval=00698 misfit=3.653860e-01 best=3.584802e-01
[NA] iter=00004 eval=00699 misfit=4.114406e-01 best=3.584802e-01
[NA] iter=00004 eval=00700 misfit=3.867774e-01 best=3.584802e-01
NAI - Optimisation Loop:   8%|▊         | 4/50 [01:01<11:46, 15.36s/it][NA] iter=00005 eval=00701 misfit=4.027842e-01 best=3.584802e-01
[NA] iter=00005 eval=00702 misfit=3.715141e-01 best=3.584802e-01
[NA] iter=00005 eval=00703 misfit=3.864949e-01 best=3.584802e-01
[NA] iter=00005 eval=00704 misfit=3.584040e-01 best=3.584040e-01
[NA] iter=00005 eval=00705 misfit=3.998630e-01 best=3.584040e-01
[NA] iter=00005 eval=00706 misfit=3.695052e-01 best=3.584040e-01
[NA] iter=00005 eval=00707 misfit=3.746075e-01 best=3.584040e-01
[NA] iter=00005 eval=00708 misfit=3.768677e-01 best=3.584040e-01
[NA] iter=00005 eval=00709 misfit=3.680348e-01 best=3.584040e-01
[NA] iter=00005 eval=00710 misfit=3.667200e-01 best=3.584040e-01
[NA] iter=00005 eval=00711 misfit=3.680129e-01 best=3.584040e-01
[NA] iter=00005 eval=00712 misfit=3.675852e-01 best=3.584040e-01
[NA] iter=00005 eval=00713 misfit=3.636414e-01 best=3.584040e-01
[NA] iter=00005 eval=00714 misfit=3.770560e-01 best=3.584040e-01
[NA] iter=00005 eval=00715 misfit=3.854585e-01 best=3.584040e-01
[NA] iter=00005 eval=00716 misfit=3.697670e-01 best=3.584040e-01
[NA] iter=00005 eval=00717 misfit=3.675553e-01 best=3.584040e-01
[NA] iter=00005 eval=00718 misfit=3.686489e-01 best=3.584040e-01
[NA] iter=00005 eval=00719 misfit=3.719547e-01 best=3.584040e-01
[NA] iter=00005 eval=00720 misfit=3.826939e-01 best=3.584040e-01
[NA] iter=00005 eval=00721 misfit=3.796240e-01 best=3.584040e-01
[NA] iter=00005 eval=00722 misfit=3.623146e-01 best=3.584040e-01
[NA] iter=00005 eval=00723 misfit=3.735161e-01 best=3.584040e-01
[NA] iter=00005 eval=00724 misfit=3.643159e-01 best=3.584040e-01
[NA] iter=00005 eval=00725 misfit=3.909120e-01 best=3.584040e-01
[NA] iter=00005 eval=00726 misfit=3.719205e-01 best=3.584040e-01
[NA] iter=00005 eval=00727 misfit=3.731360e-01 best=3.584040e-01
[NA] iter=00005 eval=00728 misfit=3.815829e-01 best=3.584040e-01
[NA] iter=00005 eval=00729 misfit=3.722608e-01 best=3.584040e-01
[NA] iter=00005 eval=00730 misfit=3.706183e-01 best=3.584040e-01
[NA] iter=00005 eval=00731 misfit=3.721622e-01 best=3.584040e-01
[NA] iter=00005 eval=00732 misfit=3.626110e-01 best=3.584040e-01
[NA] iter=00005 eval=00733 misfit=3.665468e-01 best=3.584040e-01
[NA] iter=00005 eval=00734 misfit=3.797415e-01 best=3.584040e-01
[NA] iter=00005 eval=00735 misfit=3.791991e-01 best=3.584040e-01
[NA] iter=00005 eval=00736 misfit=3.862445e-01 best=3.584040e-01
[NA] iter=00005 eval=00737 misfit=3.889292e-01 best=3.584040e-01
[NA] iter=00005 eval=00738 misfit=4.419811e-01 best=3.584040e-01
[NA] iter=00005 eval=00739 misfit=3.773531e-01 best=3.584040e-01
[NA] iter=00005 eval=00740 misfit=4.881300e-01 best=3.584040e-01
[NA] iter=00005 eval=00741 misfit=3.641772e-01 best=3.584040e-01
[NA] iter=00005 eval=00742 misfit=3.779450e-01 best=3.584040e-01
[NA] iter=00005 eval=00743 misfit=3.648882e-01 best=3.584040e-01
[NA] iter=00005 eval=00744 misfit=3.790613e-01 best=3.584040e-01
[NA] iter=00005 eval=00745 misfit=3.685375e-01 best=3.584040e-01
[NA] iter=00005 eval=00746 misfit=3.714269e-01 best=3.584040e-01
[NA] iter=00005 eval=00747 misfit=3.876765e-01 best=3.584040e-01
[NA] iter=00005 eval=00748 misfit=3.768048e-01 best=3.584040e-01
[NA] iter=00005 eval=00749 misfit=3.783507e-01 best=3.584040e-01
[NA] iter=00005 eval=00750 misfit=3.655720e-01 best=3.584040e-01
NAI - Optimisation Loop:  10%|█         | 5/50 [01:15<11:11, 14.91s/it][NA] iter=00006 eval=00751 misfit=4.023968e-01 best=3.584040e-01
[NA] iter=00006 eval=00752 misfit=3.610740e-01 best=3.584040e-01
[NA] iter=00006 eval=00753 misfit=3.890521e-01 best=3.584040e-01
[NA] iter=00006 eval=00754 misfit=3.951370e-01 best=3.584040e-01
[NA] iter=00006 eval=00755 misfit=3.682967e-01 best=3.584040e-01
[NA] iter=00006 eval=00756 misfit=3.664556e-01 best=3.584040e-01
[NA] iter=00006 eval=00757 misfit=3.580017e-01 best=3.580017e-01
[NA] iter=00006 eval=00758 misfit=3.588456e-01 best=3.580017e-01
[NA] iter=00006 eval=00759 misfit=3.584938e-01 best=3.580017e-01
[NA] iter=00006 eval=00760 misfit=3.591182e-01 best=3.580017e-01
[NA] iter=00006 eval=00761 misfit=3.654417e-01 best=3.580017e-01
[NA] iter=00006 eval=00762 misfit=3.622144e-01 best=3.580017e-01
[NA] iter=00006 eval=00763 misfit=3.633364e-01 best=3.580017e-01
[NA] iter=00006 eval=00764 misfit=3.620923e-01 best=3.580017e-01
[NA] iter=00006 eval=00765 misfit=3.610192e-01 best=3.580017e-01
[NA] iter=00006 eval=00766 misfit=3.683935e-01 best=3.580017e-01
[NA] iter=00006 eval=00767 misfit=3.639502e-01 best=3.580017e-01
[NA] iter=00006 eval=00768 misfit=3.625615e-01 best=3.580017e-01
[NA] iter=00006 eval=00769 misfit=3.748142e-01 best=3.580017e-01
[NA] iter=00006 eval=00770 misfit=3.693075e-01 best=3.580017e-01
[NA] iter=00006 eval=00771 misfit=3.656131e-01 best=3.580017e-01
[NA] iter=00006 eval=00772 misfit=3.741838e-01 best=3.580017e-01
[NA] iter=00006 eval=00773 misfit=3.645462e-01 best=3.580017e-01
[NA] iter=00006 eval=00774 misfit=3.630480e-01 best=3.580017e-01
[NA] iter=00006 eval=00775 misfit=3.622148e-01 best=3.580017e-01
[NA] iter=00006 eval=00776 misfit=3.603343e-01 best=3.580017e-01
[NA] iter=00006 eval=00777 misfit=3.627603e-01 best=3.580017e-01
[NA] iter=00006 eval=00778 misfit=3.602905e-01 best=3.580017e-01
[NA] iter=00006 eval=00779 misfit=3.624928e-01 best=3.580017e-01
[NA] iter=00006 eval=00780 misfit=3.690910e-01 best=3.580017e-01
[NA] iter=00006 eval=00781 misfit=3.649254e-01 best=3.580017e-01
[NA] iter=00006 eval=00782 misfit=3.581097e-01 best=3.580017e-01
[NA] iter=00006 eval=00783 misfit=3.624697e-01 best=3.580017e-01
[NA] iter=00006 eval=00784 misfit=3.612228e-01 best=3.580017e-01
[NA] iter=00006 eval=00785 misfit=3.616745e-01 best=3.580017e-01
[NA] iter=00006 eval=00786 misfit=3.800085e-01 best=3.580017e-01
[NA] iter=00006 eval=00787 misfit=3.879544e-01 best=3.580017e-01
[NA] iter=00006 eval=00788 misfit=3.629818e-01 best=3.580017e-01
[NA] iter=00006 eval=00789 misfit=3.675064e-01 best=3.580017e-01
[NA] iter=00006 eval=00790 misfit=3.755096e-01 best=3.580017e-01
[NA] iter=00006 eval=00791 misfit=3.675438e-01 best=3.580017e-01
[NA] iter=00006 eval=00792 misfit=3.701968e-01 best=3.580017e-01
[NA] iter=00006 eval=00793 misfit=3.643945e-01 best=3.580017e-01
[NA] iter=00006 eval=00794 misfit=3.622628e-01 best=3.580017e-01
[NA] iter=00006 eval=00795 misfit=3.662159e-01 best=3.580017e-01
[NA] iter=00006 eval=00796 misfit=3.643216e-01 best=3.580017e-01
[NA] iter=00006 eval=00797 misfit=3.661857e-01 best=3.580017e-01
[NA] iter=00006 eval=00798 misfit=3.724698e-01 best=3.580017e-01
[NA] iter=00006 eval=00799 misfit=3.683611e-01 best=3.580017e-01
[NA] iter=00006 eval=00800 misfit=3.767150e-01 best=3.580017e-01
NAI - Optimisation Loop:  12%|█▏        | 6/50 [01:29<10:39, 14.52s/it][NA] iter=00007 eval=00801 misfit=3.583210e-01 best=3.580017e-01
[NA] iter=00007 eval=00802 misfit=3.667902e-01 best=3.580017e-01
[NA] iter=00007 eval=00803 misfit=3.596328e-01 best=3.580017e-01
[NA] iter=00007 eval=00804 misfit=3.614058e-01 best=3.580017e-01
[NA] iter=00007 eval=00805 misfit=3.765883e-01 best=3.580017e-01
[NA] iter=00007 eval=00806 misfit=3.620297e-01 best=3.580017e-01
[NA] iter=00007 eval=00807 misfit=3.647457e-01 best=3.580017e-01
[NA] iter=00007 eval=00808 misfit=3.616201e-01 best=3.580017e-01
[NA] iter=00007 eval=00809 misfit=3.633698e-01 best=3.580017e-01
[NA] iter=00007 eval=00810 misfit=3.637496e-01 best=3.580017e-01
[NA] iter=00007 eval=00811 misfit=3.714542e-01 best=3.580017e-01
[NA] iter=00007 eval=00812 misfit=3.700394e-01 best=3.580017e-01
[NA] iter=00007 eval=00813 misfit=3.606547e-01 best=3.580017e-01
[NA] iter=00007 eval=00814 misfit=3.613119e-01 best=3.580017e-01
[NA] iter=00007 eval=00815 misfit=3.671454e-01 best=3.580017e-01
[NA] iter=00007 eval=00816 misfit=3.646238e-01 best=3.580017e-01
[NA] iter=00007 eval=00817 misfit=3.716285e-01 best=3.580017e-01
[NA] iter=00007 eval=00818 misfit=3.630585e-01 best=3.580017e-01
[NA] iter=00007 eval=00819 misfit=3.578207e-01 best=3.578207e-01
[NA] iter=00007 eval=00820 misfit=3.598810e-01 best=3.578207e-01
[NA] iter=00007 eval=00821 misfit=3.661766e-01 best=3.578207e-01
[NA] iter=00007 eval=00822 misfit=3.837204e-01 best=3.578207e-01
[NA] iter=00007 eval=00823 misfit=3.855083e-01 best=3.578207e-01
[NA] iter=00007 eval=00824 misfit=3.631209e-01 best=3.578207e-01
[NA] iter=00007 eval=00825 misfit=3.649391e-01 best=3.578207e-01
[NA] iter=00007 eval=00826 misfit=3.664765e-01 best=3.578207e-01
[NA] iter=00007 eval=00827 misfit=3.608380e-01 best=3.578207e-01
[NA] iter=00007 eval=00828 misfit=3.638322e-01 best=3.578207e-01
[NA] iter=00007 eval=00829 misfit=3.594453e-01 best=3.578207e-01
[NA] iter=00007 eval=00830 misfit=3.767494e-01 best=3.578207e-01
[NA] iter=00007 eval=00831 misfit=3.674706e-01 best=3.578207e-01
[NA] iter=00007 eval=00832 misfit=3.859673e-01 best=3.578207e-01
[NA] iter=00007 eval=00833 misfit=3.619539e-01 best=3.578207e-01
[NA] iter=00007 eval=00834 misfit=3.663488e-01 best=3.578207e-01
[NA] iter=00007 eval=00835 misfit=3.614691e-01 best=3.578207e-01
[NA] iter=00007 eval=00836 misfit=3.651151e-01 best=3.578207e-01
[NA] iter=00007 eval=00837 misfit=3.675554e-01 best=3.578207e-01
[NA] iter=00007 eval=00838 misfit=3.866114e-01 best=3.578207e-01
[NA] iter=00007 eval=00839 misfit=3.741598e-01 best=3.578207e-01
[NA] iter=00007 eval=00840 misfit=3.632280e-01 best=3.578207e-01
[NA] iter=00007 eval=00841 misfit=3.837191e-01 best=3.578207e-01
[NA] iter=00007 eval=00842 misfit=3.692620e-01 best=3.578207e-01
[NA] iter=00007 eval=00843 misfit=3.795014e-01 best=3.578207e-01
[NA] iter=00007 eval=00844 misfit=3.714289e-01 best=3.578207e-01
[NA] iter=00007 eval=00845 misfit=3.658020e-01 best=3.578207e-01
[NA] iter=00007 eval=00846 misfit=3.736666e-01 best=3.578207e-01
[NA] iter=00007 eval=00847 misfit=3.907672e-01 best=3.578207e-01
[NA] iter=00007 eval=00848 misfit=3.746308e-01 best=3.578207e-01
[NA] iter=00007 eval=00849 misfit=3.662429e-01 best=3.578207e-01
[NA] iter=00007 eval=00850 misfit=3.617535e-01 best=3.578207e-01
NAI - Optimisation Loop:  14%|█▍        | 7/50 [01:43<10:14, 14.28s/it][NA] iter=00008 eval=00851 misfit=3.604247e-01 best=3.578207e-01
[NA] iter=00008 eval=00852 misfit=3.600284e-01 best=3.578207e-01
[NA] iter=00008 eval=00853 misfit=3.579155e-01 best=3.578207e-01
[NA] iter=00008 eval=00854 misfit=3.641549e-01 best=3.578207e-01
[NA] iter=00008 eval=00855 misfit=3.604153e-01 best=3.578207e-01
[NA] iter=00008 eval=00856 misfit=3.584026e-01 best=3.578207e-01
[NA] iter=00008 eval=00857 misfit=3.583578e-01 best=3.578207e-01
[NA] iter=00008 eval=00858 misfit=3.574910e-01 best=3.574910e-01
[NA] iter=00008 eval=00859 misfit=3.597558e-01 best=3.574910e-01
[NA] iter=00008 eval=00860 misfit=3.569832e-01 best=3.569832e-01
[NA] iter=00008 eval=00861 misfit=3.621603e-01 best=3.569832e-01
[NA] iter=00008 eval=00862 misfit=3.615651e-01 best=3.569832e-01
[NA] iter=00008 eval=00863 misfit=3.580534e-01 best=3.569832e-01
[NA] iter=00008 eval=00864 misfit=3.683474e-01 best=3.569832e-01
[NA] iter=00008 eval=00865 misfit=3.612710e-01 best=3.569832e-01
[NA] iter=00008 eval=00866 misfit=3.593701e-01 best=3.569832e-01
[NA] iter=00008 eval=00867 misfit=3.582490e-01 best=3.569832e-01
[NA] iter=00008 eval=00868 misfit=3.580079e-01 best=3.569832e-01
[NA] iter=00008 eval=00869 misfit=3.603513e-01 best=3.569832e-01
[NA] iter=00008 eval=00870 misfit=3.598231e-01 best=3.569832e-01
[NA] iter=00008 eval=00871 misfit=3.585729e-01 best=3.569832e-01
[NA] iter=00008 eval=00872 misfit=3.606817e-01 best=3.569832e-01
[NA] iter=00008 eval=00873 misfit=3.672205e-01 best=3.569832e-01
[NA] iter=00008 eval=00874 misfit=3.600695e-01 best=3.569832e-01
[NA] iter=00008 eval=00875 misfit=3.603902e-01 best=3.569832e-01
[NA] iter=00008 eval=00876 misfit=3.657087e-01 best=3.569832e-01
[NA] iter=00008 eval=00877 misfit=3.583974e-01 best=3.569832e-01
[NA] iter=00008 eval=00878 misfit=3.600030e-01 best=3.569832e-01
[NA] iter=00008 eval=00879 misfit=3.578888e-01 best=3.569832e-01
[NA] iter=00008 eval=00880 misfit=3.593732e-01 best=3.569832e-01
[NA] iter=00008 eval=00881 misfit=3.610335e-01 best=3.569832e-01
[NA] iter=00008 eval=00882 misfit=3.618625e-01 best=3.569832e-01
[NA] iter=00008 eval=00883 misfit=3.606416e-01 best=3.569832e-01
[NA] iter=00008 eval=00884 misfit=3.637432e-01 best=3.569832e-01
[NA] iter=00008 eval=00885 misfit=3.571578e-01 best=3.569832e-01
[NA] iter=00008 eval=00886 misfit=3.624403e-01 best=3.569832e-01
[NA] iter=00008 eval=00887 misfit=3.633165e-01 best=3.569832e-01
[NA] iter=00008 eval=00888 misfit=3.597399e-01 best=3.569832e-01
[NA] iter=00008 eval=00889 misfit=3.597729e-01 best=3.569832e-01
[NA] iter=00008 eval=00890 misfit=3.616739e-01 best=3.569832e-01
[NA] iter=00008 eval=00891 misfit=3.666730e-01 best=3.569832e-01
[NA] iter=00008 eval=00892 misfit=3.613237e-01 best=3.569832e-01
[NA] iter=00008 eval=00893 misfit=3.640082e-01 best=3.569832e-01
[NA] iter=00008 eval=00894 misfit=3.608136e-01 best=3.569832e-01
[NA] iter=00008 eval=00895 misfit=3.665168e-01 best=3.569832e-01
[NA] iter=00008 eval=00896 misfit=3.629595e-01 best=3.569832e-01
[NA] iter=00008 eval=00897 misfit=3.639178e-01 best=3.569832e-01
[NA] iter=00008 eval=00898 misfit=3.649810e-01 best=3.569832e-01
[NA] iter=00008 eval=00899 misfit=3.636023e-01 best=3.569832e-01
[NA] iter=00008 eval=00900 misfit=3.610066e-01 best=3.569832e-01
NAI - Optimisation Loop:  16%|█▌        | 8/50 [01:57<09:58, 14.26s/it][NA] iter=00009 eval=00901 misfit=3.573734e-01 best=3.569832e-01
[NA] iter=00009 eval=00902 misfit=3.568015e-01 best=3.568015e-01
[NA] iter=00009 eval=00903 misfit=3.589732e-01 best=3.568015e-01
[NA] iter=00009 eval=00904 misfit=3.568550e-01 best=3.568015e-01
[NA] iter=00009 eval=00905 misfit=3.565608e-01 best=3.565608e-01
[NA] iter=00009 eval=00906 misfit=3.572220e-01 best=3.565608e-01
[NA] iter=00009 eval=00907 misfit=3.573351e-01 best=3.565608e-01
[NA] iter=00009 eval=00908 misfit=3.566590e-01 best=3.565608e-01
[NA] iter=00009 eval=00909 misfit=3.580957e-01 best=3.565608e-01
[NA] iter=00009 eval=00910 misfit=3.565977e-01 best=3.565608e-01
[NA] iter=00009 eval=00911 misfit=3.575264e-01 best=3.565608e-01
[NA] iter=00009 eval=00912 misfit=3.578592e-01 best=3.565608e-01
[NA] iter=00009 eval=00913 misfit=3.617289e-01 best=3.565608e-01
[NA] iter=00009 eval=00914 misfit=3.578512e-01 best=3.565608e-01
[NA] iter=00009 eval=00915 misfit=3.574536e-01 best=3.565608e-01
[NA] iter=00009 eval=00916 misfit=3.604223e-01 best=3.565608e-01
[NA] iter=00009 eval=00917 misfit=3.594159e-01 best=3.565608e-01
[NA] iter=00009 eval=00918 misfit=3.589737e-01 best=3.565608e-01
[NA] iter=00009 eval=00919 misfit=3.593860e-01 best=3.565608e-01
[NA] iter=00009 eval=00920 misfit=3.604586e-01 best=3.565608e-01
[NA] iter=00009 eval=00921 misfit=3.585254e-01 best=3.565608e-01
[NA] iter=00009 eval=00922 misfit=3.594376e-01 best=3.565608e-01
[NA] iter=00009 eval=00923 misfit=3.588271e-01 best=3.565608e-01
[NA] iter=00009 eval=00924 misfit=3.594732e-01 best=3.565608e-01
[NA] iter=00009 eval=00925 misfit=3.575727e-01 best=3.565608e-01
[NA] iter=00009 eval=00926 misfit=3.583100e-01 best=3.565608e-01
[NA] iter=00009 eval=00927 misfit=3.577027e-01 best=3.565608e-01
[NA] iter=00009 eval=00928 misfit=3.582660e-01 best=3.565608e-01
[NA] iter=00009 eval=00929 misfit=3.571379e-01 best=3.565608e-01
[NA] iter=00009 eval=00930 misfit=3.573166e-01 best=3.565608e-01
[NA] iter=00009 eval=00931 misfit=3.582948e-01 best=3.565608e-01
[NA] iter=00009 eval=00932 misfit=3.586717e-01 best=3.565608e-01
[NA] iter=00009 eval=00933 misfit=3.580855e-01 best=3.565608e-01
[NA] iter=00009 eval=00934 misfit=3.577811e-01 best=3.565608e-01
[NA] iter=00009 eval=00935 misfit=3.590609e-01 best=3.565608e-01
[NA] iter=00009 eval=00936 misfit=3.593078e-01 best=3.565608e-01
[NA] iter=00009 eval=00937 misfit=3.583117e-01 best=3.565608e-01
[NA] iter=00009 eval=00938 misfit=3.593307e-01 best=3.565608e-01
[NA] iter=00009 eval=00939 misfit=3.583801e-01 best=3.565608e-01
[NA] iter=00009 eval=00940 misfit=3.595132e-01 best=3.565608e-01
[NA] iter=00009 eval=00941 misfit=3.623637e-01 best=3.565608e-01
[NA] iter=00009 eval=00942 misfit=3.610251e-01 best=3.565608e-01
[NA] iter=00009 eval=00943 misfit=3.585197e-01 best=3.565608e-01
[NA] iter=00009 eval=00944 misfit=3.575066e-01 best=3.565608e-01
[NA] iter=00009 eval=00945 misfit=3.610153e-01 best=3.565608e-01
[NA] iter=00009 eval=00946 misfit=3.582775e-01 best=3.565608e-01
[NA] iter=00009 eval=00947 misfit=3.575723e-01 best=3.565608e-01
[NA] iter=00009 eval=00948 misfit=3.588062e-01 best=3.565608e-01
[NA] iter=00009 eval=00949 misfit=3.598843e-01 best=3.565608e-01
[NA] iter=00009 eval=00950 misfit=3.621281e-01 best=3.565608e-01
NAI - Optimisation Loop:  18%|█▊        | 9/50 [02:12<09:49, 14.38s/it][NA] iter=00010 eval=00951 misfit=3.612218e-01 best=3.565608e-01
[NA] iter=00010 eval=00952 misfit=3.600821e-01 best=3.565608e-01
[NA] iter=00010 eval=00953 misfit=3.607643e-01 best=3.565608e-01
[NA] iter=00010 eval=00954 misfit=3.567913e-01 best=3.565608e-01
[NA] iter=00010 eval=00955 misfit=3.610886e-01 best=3.565608e-01
[NA] iter=00010 eval=00956 misfit=3.563353e-01 best=3.563353e-01
[NA] iter=00010 eval=00957 misfit=3.555931e-01 best=3.555931e-01
[NA] iter=00010 eval=00958 misfit=3.565360e-01 best=3.555931e-01
[NA] iter=00010 eval=00959 misfit=3.573798e-01 best=3.555931e-01
[NA] iter=00010 eval=00960 misfit=3.563637e-01 best=3.555931e-01
[NA] iter=00010 eval=00961 misfit=3.647977e-01 best=3.555931e-01
[NA] iter=00010 eval=00962 misfit=3.578641e-01 best=3.555931e-01
[NA] iter=00010 eval=00963 misfit=3.576893e-01 best=3.555931e-01
[NA] iter=00010 eval=00964 misfit=3.615944e-01 best=3.555931e-01
[NA] iter=00010 eval=00965 misfit=3.590586e-01 best=3.555931e-01
[NA] iter=00010 eval=00966 misfit=3.559023e-01 best=3.555931e-01
[NA] iter=00010 eval=00967 misfit=3.570871e-01 best=3.555931e-01
[NA] iter=00010 eval=00968 misfit=3.574615e-01 best=3.555931e-01
[NA] iter=00010 eval=00969 misfit=3.572090e-01 best=3.555931e-01
[NA] iter=00010 eval=00970 misfit=3.575812e-01 best=3.555931e-01
[NA] iter=00010 eval=00971 misfit=3.616981e-01 best=3.555931e-01
[NA] iter=00010 eval=00972 misfit=3.586702e-01 best=3.555931e-01
[NA] iter=00010 eval=00973 misfit=3.559095e-01 best=3.555931e-01
[NA] iter=00010 eval=00974 misfit=3.576904e-01 best=3.555931e-01
[NA] iter=00010 eval=00975 misfit=3.583406e-01 best=3.555931e-01
[NA] iter=00010 eval=00976 misfit=3.587307e-01 best=3.555931e-01
[NA] iter=00010 eval=00977 misfit=3.569013e-01 best=3.555931e-01
[NA] iter=00010 eval=00978 misfit=3.571636e-01 best=3.555931e-01
[NA] iter=00010 eval=00979 misfit=3.570792e-01 best=3.555931e-01
[NA] iter=00010 eval=00980 misfit=3.597383e-01 best=3.555931e-01
[NA] iter=00010 eval=00981 misfit=3.575909e-01 best=3.555931e-01
[NA] iter=00010 eval=00982 misfit=3.569360e-01 best=3.555931e-01
[NA] iter=00010 eval=00983 misfit=3.586841e-01 best=3.555931e-01
[NA] iter=00010 eval=00984 misfit=3.577475e-01 best=3.555931e-01
[NA] iter=00010 eval=00985 misfit=3.573721e-01 best=3.555931e-01
[NA] iter=00010 eval=00986 misfit=3.581028e-01 best=3.555931e-01
[NA] iter=00010 eval=00987 misfit=3.570397e-01 best=3.555931e-01
[NA] iter=00010 eval=00988 misfit=3.576392e-01 best=3.555931e-01
[NA] iter=00010 eval=00989 misfit=3.571647e-01 best=3.555931e-01
[NA] iter=00010 eval=00990 misfit=3.574283e-01 best=3.555931e-01
[NA] iter=00010 eval=00991 misfit=3.601381e-01 best=3.555931e-01
[NA] iter=00010 eval=00992 misfit=3.591317e-01 best=3.555931e-01
[NA] iter=00010 eval=00993 misfit=3.569009e-01 best=3.555931e-01
[NA] iter=00010 eval=00994 misfit=3.571702e-01 best=3.555931e-01
[NA] iter=00010 eval=00995 misfit=3.576144e-01 best=3.555931e-01
[NA] iter=00010 eval=00996 misfit=3.568751e-01 best=3.555931e-01
[NA] iter=00010 eval=00997 misfit=3.602997e-01 best=3.555931e-01
[NA] iter=00010 eval=00998 misfit=3.575456e-01 best=3.555931e-01
[NA] iter=00010 eval=00999 misfit=3.604257e-01 best=3.555931e-01
[NA] iter=00010 eval=01000 misfit=3.571722e-01 best=3.555931e-01
NAI - Optimisation Loop:  20%|██        | 10/50 [02:27<09:42, 14.56s/it][NA] iter=00011 eval=01001 misfit=3.632620e-01 best=3.555931e-01
[NA] iter=00011 eval=01002 misfit=3.575664e-01 best=3.555931e-01
[NA] iter=00011 eval=01003 misfit=3.566938e-01 best=3.555931e-01
[NA] iter=00011 eval=01004 misfit=3.555621e-01 best=3.555621e-01
[NA] iter=00011 eval=01005 misfit=3.559454e-01 best=3.555621e-01
[NA] iter=00011 eval=01006 misfit=3.742393e-01 best=3.555621e-01
[NA] iter=00011 eval=01007 misfit=3.596374e-01 best=3.555621e-01
[NA] iter=00011 eval=01008 misfit=3.579219e-01 best=3.555621e-01
[NA] iter=00011 eval=01009 misfit=3.646388e-01 best=3.555621e-01
[NA] iter=00011 eval=01010 misfit=3.572838e-01 best=3.555621e-01
[NA] iter=00011 eval=01011 misfit=3.570042e-01 best=3.555621e-01
[NA] iter=00011 eval=01012 misfit=3.569564e-01 best=3.555621e-01
[NA] iter=00011 eval=01013 misfit=3.573470e-01 best=3.555621e-01
[NA] iter=00011 eval=01014 misfit=3.567637e-01 best=3.555621e-01
[NA] iter=00011 eval=01015 misfit=3.658874e-01 best=3.555621e-01
[NA] iter=00011 eval=01016 misfit=3.585889e-01 best=3.555621e-01
[NA] iter=00011 eval=01017 misfit=3.573441e-01 best=3.555621e-01
[NA] iter=00011 eval=01018 misfit=3.565715e-01 best=3.555621e-01
[NA] iter=00011 eval=01019 misfit=3.565111e-01 best=3.555621e-01
[NA] iter=00011 eval=01020 misfit=3.567212e-01 best=3.555621e-01
[NA] iter=00011 eval=01021 misfit=3.590142e-01 best=3.555621e-01
[NA] iter=00011 eval=01022 misfit=3.582384e-01 best=3.555621e-01
[NA] iter=00011 eval=01023 misfit=3.560459e-01 best=3.555621e-01
[NA] iter=00011 eval=01024 misfit=3.565568e-01 best=3.555621e-01
[NA] iter=00011 eval=01025 misfit=3.561859e-01 best=3.555621e-01
[NA] iter=00011 eval=01026 misfit=3.561437e-01 best=3.555621e-01
[NA] iter=00011 eval=01027 misfit=3.562232e-01 best=3.555621e-01
[NA] iter=00011 eval=01028 misfit=3.588059e-01 best=3.555621e-01
[NA] iter=00011 eval=01029 misfit=3.587484e-01 best=3.555621e-01
[NA] iter=00011 eval=01030 misfit=3.565347e-01 best=3.555621e-01
[NA] iter=00011 eval=01031 misfit=3.579832e-01 best=3.555621e-01
[NA] iter=00011 eval=01032 misfit=3.591990e-01 best=3.555621e-01
[NA] iter=00011 eval=01033 misfit=3.577094e-01 best=3.555621e-01
[NA] iter=00011 eval=01034 misfit=3.614284e-01 best=3.555621e-01
[NA] iter=00011 eval=01035 misfit=3.574739e-01 best=3.555621e-01
[NA] iter=00011 eval=01036 misfit=3.570336e-01 best=3.555621e-01
[NA] iter=00011 eval=01037 misfit=3.568936e-01 best=3.555621e-01
[NA] iter=00011 eval=01038 misfit=3.566623e-01 best=3.555621e-01
[NA] iter=00011 eval=01039 misfit=3.575057e-01 best=3.555621e-01
[NA] iter=00011 eval=01040 misfit=3.565796e-01 best=3.555621e-01
[NA] iter=00011 eval=01041 misfit=3.582772e-01 best=3.555621e-01
[NA] iter=00011 eval=01042 misfit=3.570818e-01 best=3.555621e-01
[NA] iter=00011 eval=01043 misfit=3.574331e-01 best=3.555621e-01
[NA] iter=00011 eval=01044 misfit=3.572984e-01 best=3.555621e-01
[NA] iter=00011 eval=01045 misfit=3.567823e-01 best=3.555621e-01
[NA] iter=00011 eval=01046 misfit=3.630823e-01 best=3.555621e-01
[NA] iter=00011 eval=01047 misfit=3.570930e-01 best=3.555621e-01
[NA] iter=00011 eval=01048 misfit=3.592477e-01 best=3.555621e-01
[NA] iter=00011 eval=01049 misfit=3.577504e-01 best=3.555621e-01
[NA] iter=00011 eval=01050 misfit=3.570127e-01 best=3.555621e-01
NAI - Optimisation Loop:  22%|██▏       | 11/50 [02:41<09:24, 14.48s/it][NA] iter=00012 eval=01051 misfit=3.573415e-01 best=3.555621e-01
[NA] iter=00012 eval=01052 misfit=3.566059e-01 best=3.555621e-01
[NA] iter=00012 eval=01053 misfit=3.578763e-01 best=3.555621e-01
[NA] iter=00012 eval=01054 misfit=3.573277e-01 best=3.555621e-01
[NA] iter=00012 eval=01055 misfit=3.618622e-01 best=3.555621e-01
[NA] iter=00012 eval=01056 misfit=3.579208e-01 best=3.555621e-01
[NA] iter=00012 eval=01057 misfit=3.564299e-01 best=3.555621e-01
[NA] iter=00012 eval=01058 misfit=3.573435e-01 best=3.555621e-01
[NA] iter=00012 eval=01059 misfit=3.564758e-01 best=3.555621e-01
[NA] iter=00012 eval=01060 misfit=3.566393e-01 best=3.555621e-01
[NA] iter=00012 eval=01061 misfit=3.554583e-01 best=3.554583e-01
[NA] iter=00012 eval=01062 misfit=3.566073e-01 best=3.554583e-01
[NA] iter=00012 eval=01063 misfit=3.586748e-01 best=3.554583e-01
[NA] iter=00012 eval=01064 misfit=3.573090e-01 best=3.554583e-01
[NA] iter=00012 eval=01065 misfit=3.575498e-01 best=3.554583e-01
[NA] iter=00012 eval=01066 misfit=3.562682e-01 best=3.554583e-01
[NA] iter=00012 eval=01067 misfit=3.572006e-01 best=3.554583e-01
[NA] iter=00012 eval=01068 misfit=3.587188e-01 best=3.554583e-01
[NA] iter=00012 eval=01069 misfit=3.582451e-01 best=3.554583e-01
[NA] iter=00012 eval=01070 misfit=3.560166e-01 best=3.554583e-01
[NA] iter=00012 eval=01071 misfit=3.590270e-01 best=3.554583e-01
[NA] iter=00012 eval=01072 misfit=3.560316e-01 best=3.554583e-01
[NA] iter=00012 eval=01073 misfit=3.586136e-01 best=3.554583e-01
[NA] iter=00012 eval=01074 misfit=3.678248e-01 best=3.554583e-01
[NA] iter=00012 eval=01075 misfit=3.561629e-01 best=3.554583e-01
[NA] iter=00012 eval=01076 misfit=3.568589e-01 best=3.554583e-01
[NA] iter=00012 eval=01077 misfit=3.561072e-01 best=3.554583e-01
[NA] iter=00012 eval=01078 misfit=3.559395e-01 best=3.554583e-01
[NA] iter=00012 eval=01079 misfit=3.550885e-01 best=3.550885e-01
[NA] iter=00012 eval=01080 misfit=3.559671e-01 best=3.550885e-01
[NA] iter=00012 eval=01081 misfit=3.564626e-01 best=3.550885e-01
[NA] iter=00012 eval=01082 misfit=3.561183e-01 best=3.550885e-01
[NA] iter=00012 eval=01083 misfit=3.561768e-01 best=3.550885e-01
[NA] iter=00012 eval=01084 misfit=3.560396e-01 best=3.550885e-01
[NA] iter=00012 eval=01085 misfit=3.561009e-01 best=3.550885e-01
[NA] iter=00012 eval=01086 misfit=3.560337e-01 best=3.550885e-01
[NA] iter=00012 eval=01087 misfit=3.585771e-01 best=3.550885e-01
[NA] iter=00012 eval=01088 misfit=3.565545e-01 best=3.550885e-01
[NA] iter=00012 eval=01089 misfit=3.579475e-01 best=3.550885e-01
[NA] iter=00012 eval=01090 misfit=3.560939e-01 best=3.550885e-01
[NA] iter=00012 eval=01091 misfit=3.569533e-01 best=3.550885e-01
[NA] iter=00012 eval=01092 misfit=3.566355e-01 best=3.550885e-01
[NA] iter=00012 eval=01093 misfit=3.578123e-01 best=3.550885e-01
[NA] iter=00012 eval=01094 misfit=3.561169e-01 best=3.550885e-01
[NA] iter=00012 eval=01095 misfit=3.561729e-01 best=3.550885e-01
[NA] iter=00012 eval=01096 misfit=3.562554e-01 best=3.550885e-01
[NA] iter=00012 eval=01097 misfit=3.559401e-01 best=3.550885e-01
[NA] iter=00012 eval=01098 misfit=3.575492e-01 best=3.550885e-01
[NA] iter=00012 eval=01099 misfit=3.564388e-01 best=3.550885e-01
[NA] iter=00012 eval=01100 misfit=3.569822e-01 best=3.550885e-01
NAI - Optimisation Loop:  24%|██▍       | 12/50 [02:56<09:19, 14.72s/it][NA] iter=00013 eval=01101 misfit=3.604519e-01 best=3.550885e-01
[NA] iter=00013 eval=01102 misfit=3.552620e-01 best=3.550885e-01
[NA] iter=00013 eval=01103 misfit=3.602030e-01 best=3.550885e-01
[NA] iter=00013 eval=01104 misfit=3.582099e-01 best=3.550885e-01
[NA] iter=00013 eval=01105 misfit=3.546770e-01 best=3.546770e-01
[NA] iter=00013 eval=01106 misfit=3.563009e-01 best=3.546770e-01
[NA] iter=00013 eval=01107 misfit=3.557947e-01 best=3.546770e-01
[NA] iter=00013 eval=01108 misfit=3.588728e-01 best=3.546770e-01
[NA] iter=00013 eval=01109 misfit=3.563357e-01 best=3.546770e-01
[NA] iter=00013 eval=01110 misfit=3.560538e-01 best=3.546770e-01
[NA] iter=00013 eval=01111 misfit=3.561591e-01 best=3.546770e-01
[NA] iter=00013 eval=01112 misfit=3.549851e-01 best=3.546770e-01
[NA] iter=00013 eval=01113 misfit=3.566888e-01 best=3.546770e-01
[NA] iter=00013 eval=01114 misfit=3.573547e-01 best=3.546770e-01
[NA] iter=00013 eval=01115 misfit=3.560828e-01 best=3.546770e-01
[NA] iter=00013 eval=01116 misfit=3.572608e-01 best=3.546770e-01
[NA] iter=00013 eval=01117 misfit=3.550194e-01 best=3.546770e-01
[NA] iter=00013 eval=01118 misfit=3.555027e-01 best=3.546770e-01
[NA] iter=00013 eval=01119 misfit=3.550495e-01 best=3.546770e-01
[NA] iter=00013 eval=01120 misfit=3.552872e-01 best=3.546770e-01
[NA] iter=00013 eval=01121 misfit=3.562557e-01 best=3.546770e-01
[NA] iter=00013 eval=01122 misfit=3.558656e-01 best=3.546770e-01
[NA] iter=00013 eval=01123 misfit=3.562451e-01 best=3.546770e-01
[NA] iter=00013 eval=01124 misfit=3.555536e-01 best=3.546770e-01
[NA] iter=00013 eval=01125 misfit=3.555021e-01 best=3.546770e-01
[NA] iter=00013 eval=01126 misfit=3.556349e-01 best=3.546770e-01
[NA] iter=00013 eval=01127 misfit=3.571397e-01 best=3.546770e-01
[NA] iter=00013 eval=01128 misfit=3.562926e-01 best=3.546770e-01
[NA] iter=00013 eval=01129 misfit=3.558037e-01 best=3.546770e-01
[NA] iter=00013 eval=01130 misfit=3.542881e-01 best=3.542881e-01
[NA] iter=00013 eval=01131 misfit=3.569487e-01 best=3.542881e-01
[NA] iter=00013 eval=01132 misfit=3.553657e-01 best=3.542881e-01
[NA] iter=00013 eval=01133 misfit=3.558507e-01 best=3.542881e-01
[NA] iter=00013 eval=01134 misfit=3.558702e-01 best=3.542881e-01
[NA] iter=00013 eval=01135 misfit=3.561426e-01 best=3.542881e-01
[NA] iter=00013 eval=01136 misfit=3.571597e-01 best=3.542881e-01
[NA] iter=00013 eval=01137 misfit=3.557172e-01 best=3.542881e-01
[NA] iter=00013 eval=01138 misfit=3.564417e-01 best=3.542881e-01
[NA] iter=00013 eval=01139 misfit=3.561135e-01 best=3.542881e-01
[NA] iter=00013 eval=01140 misfit=3.561210e-01 best=3.542881e-01
[NA] iter=00013 eval=01141 misfit=3.561565e-01 best=3.542881e-01
[NA] iter=00013 eval=01142 misfit=3.588089e-01 best=3.542881e-01
[NA] iter=00013 eval=01143 misfit=3.567454e-01 best=3.542881e-01
[NA] iter=00013 eval=01144 misfit=3.598080e-01 best=3.542881e-01
[NA] iter=00013 eval=01145 misfit=3.558832e-01 best=3.542881e-01
[NA] iter=00013 eval=01146 misfit=3.574505e-01 best=3.542881e-01
[NA] iter=00013 eval=01147 misfit=3.558719e-01 best=3.542881e-01
[NA] iter=00013 eval=01148 misfit=3.598479e-01 best=3.542881e-01
[NA] iter=00013 eval=01149 misfit=3.589360e-01 best=3.542881e-01
[NA] iter=00013 eval=01150 misfit=3.546696e-01 best=3.542881e-01
NAI - Optimisation Loop:  26%|██▌       | 13/50 [03:11<09:06, 14.76s/it][NA] iter=00014 eval=01151 misfit=3.536672e-01 best=3.536672e-01
[NA] iter=00014 eval=01152 misfit=3.536776e-01 best=3.536672e-01
[NA] iter=00014 eval=01153 misfit=3.540902e-01 best=3.536672e-01
[NA] iter=00014 eval=01154 misfit=3.537204e-01 best=3.536672e-01
[NA] iter=00014 eval=01155 misfit=3.545330e-01 best=3.536672e-01
[NA] iter=00014 eval=01156 misfit=3.581815e-01 best=3.536672e-01
[NA] iter=00014 eval=01157 misfit=3.562659e-01 best=3.536672e-01
[NA] iter=00014 eval=01158 misfit=3.566732e-01 best=3.536672e-01
[NA] iter=00014 eval=01159 misfit=3.557695e-01 best=3.536672e-01
[NA] iter=00014 eval=01160 misfit=3.564007e-01 best=3.536672e-01
[NA] iter=00014 eval=01161 misfit=3.560384e-01 best=3.536672e-01
[NA] iter=00014 eval=01162 misfit=3.554471e-01 best=3.536672e-01
[NA] iter=00014 eval=01163 misfit=3.575330e-01 best=3.536672e-01
[NA] iter=00014 eval=01164 misfit=3.546220e-01 best=3.536672e-01
[NA] iter=00014 eval=01165 misfit=3.539028e-01 best=3.536672e-01
[NA] iter=00014 eval=01166 misfit=3.568241e-01 best=3.536672e-01
[NA] iter=00014 eval=01167 misfit=3.564751e-01 best=3.536672e-01
[NA] iter=00014 eval=01168 misfit=3.547240e-01 best=3.536672e-01
[NA] iter=00014 eval=01169 misfit=3.565075e-01 best=3.536672e-01
[NA] iter=00014 eval=01170 misfit=3.547152e-01 best=3.536672e-01
[NA] iter=00014 eval=01171 misfit=3.549889e-01 best=3.536672e-01
[NA] iter=00014 eval=01172 misfit=3.560130e-01 best=3.536672e-01
[NA] iter=00014 eval=01173 misfit=3.550841e-01 best=3.536672e-01
[NA] iter=00014 eval=01174 misfit=3.548682e-01 best=3.536672e-01
[NA] iter=00014 eval=01175 misfit=3.554780e-01 best=3.536672e-01
[NA] iter=00014 eval=01176 misfit=3.587928e-01 best=3.536672e-01
[NA] iter=00014 eval=01177 misfit=3.553139e-01 best=3.536672e-01
[NA] iter=00014 eval=01178 misfit=3.552035e-01 best=3.536672e-01
[NA] iter=00014 eval=01179 misfit=3.584966e-01 best=3.536672e-01
[NA] iter=00014 eval=01180 misfit=3.554103e-01 best=3.536672e-01
[NA] iter=00014 eval=01181 misfit=3.565031e-01 best=3.536672e-01
[NA] iter=00014 eval=01182 misfit=3.582051e-01 best=3.536672e-01
[NA] iter=00014 eval=01183 misfit=3.559725e-01 best=3.536672e-01
[NA] iter=00014 eval=01184 misfit=3.555697e-01 best=3.536672e-01
[NA] iter=00014 eval=01185 misfit=3.559728e-01 best=3.536672e-01
[NA] iter=00014 eval=01186 misfit=3.564526e-01 best=3.536672e-01
[NA] iter=00014 eval=01187 misfit=3.538803e-01 best=3.536672e-01
[NA] iter=00014 eval=01188 misfit=3.565261e-01 best=3.536672e-01
[NA] iter=00014 eval=01189 misfit=3.574559e-01 best=3.536672e-01
[NA] iter=00014 eval=01190 misfit=3.633544e-01 best=3.536672e-01
[NA] iter=00014 eval=01191 misfit=3.554378e-01 best=3.536672e-01
[NA] iter=00014 eval=01192 misfit=3.551726e-01 best=3.536672e-01
[NA] iter=00014 eval=01193 misfit=3.555712e-01 best=3.536672e-01
[NA] iter=00014 eval=01194 misfit=3.554203e-01 best=3.536672e-01
[NA] iter=00014 eval=01195 misfit=3.559512e-01 best=3.536672e-01
[NA] iter=00014 eval=01196 misfit=3.561237e-01 best=3.536672e-01
[NA] iter=00014 eval=01197 misfit=3.553120e-01 best=3.536672e-01
[NA] iter=00014 eval=01198 misfit=3.564679e-01 best=3.536672e-01
[NA] iter=00014 eval=01199 misfit=3.558243e-01 best=3.536672e-01
[NA] iter=00014 eval=01200 misfit=3.562300e-01 best=3.536672e-01
NAI - Optimisation Loop:  28%|██▊       | 14/50 [03:25<08:42, 14.52s/it][NA] iter=00015 eval=01201 misfit=3.548255e-01 best=3.536672e-01
[NA] iter=00015 eval=01202 misfit=3.537361e-01 best=3.536672e-01
[NA] iter=00015 eval=01203 misfit=3.563040e-01 best=3.536672e-01
[NA] iter=00015 eval=01204 misfit=3.567385e-01 best=3.536672e-01
[NA] iter=00015 eval=01205 misfit=3.544601e-01 best=3.536672e-01
[NA] iter=00015 eval=01206 misfit=3.615212e-01 best=3.536672e-01
[NA] iter=00015 eval=01207 misfit=3.638604e-01 best=3.536672e-01
[NA] iter=00015 eval=01208 misfit=3.557206e-01 best=3.536672e-01
[NA] iter=00015 eval=01209 misfit=3.540492e-01 best=3.536672e-01
[NA] iter=00015 eval=01210 misfit=3.563942e-01 best=3.536672e-01
[NA] iter=00015 eval=01211 misfit=3.591441e-01 best=3.536672e-01
[NA] iter=00015 eval=01212 misfit=3.536484e-01 best=3.536484e-01
[NA] iter=00015 eval=01213 misfit=3.548228e-01 best=3.536484e-01
[NA] iter=00015 eval=01214 misfit=3.558820e-01 best=3.536484e-01
[NA] iter=00015 eval=01215 misfit=3.529267e-01 best=3.529267e-01
[NA] iter=00015 eval=01216 misfit=3.670370e-01 best=3.529267e-01
[NA] iter=00015 eval=01217 misfit=3.567360e-01 best=3.529267e-01
[NA] iter=00015 eval=01218 misfit=3.640693e-01 best=3.529267e-01
[NA] iter=00015 eval=01219 misfit=3.531051e-01 best=3.529267e-01
[NA] iter=00015 eval=01220 misfit=3.560634e-01 best=3.529267e-01
[NA] iter=00015 eval=01221 misfit=3.541261e-01 best=3.529267e-01
[NA] iter=00015 eval=01222 misfit=3.533904e-01 best=3.529267e-01
[NA] iter=00015 eval=01223 misfit=3.582028e-01 best=3.529267e-01
[NA] iter=00015 eval=01224 misfit=3.551729e-01 best=3.529267e-01
[NA] iter=00015 eval=01225 misfit=3.586383e-01 best=3.529267e-01
[NA] iter=00015 eval=01226 misfit=3.545395e-01 best=3.529267e-01
[NA] iter=00015 eval=01227 misfit=3.548302e-01 best=3.529267e-01
[NA] iter=00015 eval=01228 misfit=3.561825e-01 best=3.529267e-01
[NA] iter=00015 eval=01229 misfit=3.542624e-01 best=3.529267e-01
[NA] iter=00015 eval=01230 misfit=3.546056e-01 best=3.529267e-01
[NA] iter=00015 eval=01231 misfit=3.546340e-01 best=3.529267e-01
[NA] iter=00015 eval=01232 misfit=3.541810e-01 best=3.529267e-01
[NA] iter=00015 eval=01233 misfit=3.544528e-01 best=3.529267e-01
[NA] iter=00015 eval=01234 misfit=3.551434e-01 best=3.529267e-01
[NA] iter=00015 eval=01235 misfit=3.542037e-01 best=3.529267e-01
[NA] iter=00015 eval=01236 misfit=3.544054e-01 best=3.529267e-01
[NA] iter=00015 eval=01237 misfit=3.567209e-01 best=3.529267e-01
[NA] iter=00015 eval=01238 misfit=3.559259e-01 best=3.529267e-01
[NA] iter=00015 eval=01239 misfit=3.561057e-01 best=3.529267e-01
[NA] iter=00015 eval=01240 misfit=3.547573e-01 best=3.529267e-01
[NA] iter=00015 eval=01241 misfit=3.548846e-01 best=3.529267e-01
[NA] iter=00015 eval=01242 misfit=3.544130e-01 best=3.529267e-01
[NA] iter=00015 eval=01243 misfit=3.556807e-01 best=3.529267e-01
[NA] iter=00015 eval=01244 misfit=3.563732e-01 best=3.529267e-01
[NA] iter=00015 eval=01245 misfit=3.549224e-01 best=3.529267e-01
[NA] iter=00015 eval=01246 misfit=3.558537e-01 best=3.529267e-01
[NA] iter=00015 eval=01247 misfit=3.557891e-01 best=3.529267e-01
[NA] iter=00015 eval=01248 misfit=3.547471e-01 best=3.529267e-01
[NA] iter=00015 eval=01249 misfit=3.561686e-01 best=3.529267e-01
[NA] iter=00015 eval=01250 misfit=3.545783e-01 best=3.529267e-01
NAI - Optimisation Loop:  30%|███       | 15/50 [03:39<08:19, 14.26s/it][NA] iter=00016 eval=01251 misfit=3.511641e-01 best=3.511641e-01
[NA] iter=00016 eval=01252 misfit=3.524975e-01 best=3.511641e-01
[NA] iter=00016 eval=01253 misfit=3.576788e-01 best=3.511641e-01
[NA] iter=00016 eval=01254 misfit=3.536225e-01 best=3.511641e-01
[NA] iter=00016 eval=01255 misfit=3.575372e-01 best=3.511641e-01
[NA] iter=00016 eval=01256 misfit=3.659796e-01 best=3.511641e-01
[NA] iter=00016 eval=01257 misfit=3.598262e-01 best=3.511641e-01
[NA] iter=00016 eval=01258 misfit=3.742548e-01 best=3.511641e-01
[NA] iter=00016 eval=01259 misfit=3.624787e-01 best=3.511641e-01
[NA] iter=00016 eval=01260 misfit=3.732059e-01 best=3.511641e-01
[NA] iter=00016 eval=01261 misfit=3.533153e-01 best=3.511641e-01
[NA] iter=00016 eval=01262 misfit=3.548389e-01 best=3.511641e-01
[NA] iter=00016 eval=01263 misfit=3.544760e-01 best=3.511641e-01
[NA] iter=00016 eval=01264 misfit=3.568633e-01 best=3.511641e-01
[NA] iter=00016 eval=01265 misfit=3.524155e-01 best=3.511641e-01
[NA] iter=00016 eval=01266 misfit=3.667459e-01 best=3.511641e-01
[NA] iter=00016 eval=01267 misfit=3.545955e-01 best=3.511641e-01
[NA] iter=00016 eval=01268 misfit=3.643002e-01 best=3.511641e-01
[NA] iter=00016 eval=01269 misfit=3.609123e-01 best=3.511641e-01
[NA] iter=00016 eval=01270 misfit=3.561086e-01 best=3.511641e-01
[NA] iter=00016 eval=01271 misfit=3.557004e-01 best=3.511641e-01
[NA] iter=00016 eval=01272 misfit=3.540337e-01 best=3.511641e-01
[NA] iter=00016 eval=01273 misfit=3.541699e-01 best=3.511641e-01
[NA] iter=00016 eval=01274 misfit=3.555010e-01 best=3.511641e-01
[NA] iter=00016 eval=01275 misfit=3.547429e-01 best=3.511641e-01
[NA] iter=00016 eval=01276 misfit=3.538649e-01 best=3.511641e-01
[NA] iter=00016 eval=01277 misfit=3.536377e-01 best=3.511641e-01
[NA] iter=00016 eval=01278 misfit=3.544720e-01 best=3.511641e-01
[NA] iter=00016 eval=01279 misfit=3.548722e-01 best=3.511641e-01
[NA] iter=00016 eval=01280 misfit=3.530612e-01 best=3.511641e-01
[NA] iter=00016 eval=01281 misfit=3.536787e-01 best=3.511641e-01
[NA] iter=00016 eval=01282 misfit=3.556887e-01 best=3.511641e-01
[NA] iter=00016 eval=01283 misfit=3.531938e-01 best=3.511641e-01
[NA] iter=00016 eval=01284 misfit=3.546012e-01 best=3.511641e-01
[NA] iter=00016 eval=01285 misfit=3.570346e-01 best=3.511641e-01
[NA] iter=00016 eval=01286 misfit=3.555620e-01 best=3.511641e-01
[NA] iter=00016 eval=01287 misfit=3.537903e-01 best=3.511641e-01
[NA] iter=00016 eval=01288 misfit=3.540545e-01 best=3.511641e-01
[NA] iter=00016 eval=01289 misfit=3.537293e-01 best=3.511641e-01
[NA] iter=00016 eval=01290 misfit=3.541700e-01 best=3.511641e-01
[NA] iter=00016 eval=01291 misfit=3.557028e-01 best=3.511641e-01
[NA] iter=00016 eval=01292 misfit=3.551754e-01 best=3.511641e-01
[NA] iter=00016 eval=01293 misfit=3.556821e-01 best=3.511641e-01
[NA] iter=00016 eval=01294 misfit=3.570313e-01 best=3.511641e-01
[NA] iter=00016 eval=01295 misfit=3.548130e-01 best=3.511641e-01
[NA] iter=00016 eval=01296 misfit=3.552456e-01 best=3.511641e-01
[NA] iter=00016 eval=01297 misfit=3.548937e-01 best=3.511641e-01
[NA] iter=00016 eval=01298 misfit=3.551322e-01 best=3.511641e-01
[NA] iter=00016 eval=01299 misfit=3.542306e-01 best=3.511641e-01
[NA] iter=00016 eval=01300 misfit=3.543907e-01 best=3.511641e-01
NAI - Optimisation Loop:  32%|███▏      | 16/50 [03:52<07:59, 14.09s/it][NA] iter=00017 eval=01301 misfit=3.607751e-01 best=3.511641e-01
[NA] iter=00017 eval=01302 misfit=3.763355e-01 best=3.511641e-01
[NA] iter=00017 eval=01303 misfit=3.672972e-01 best=3.511641e-01
[NA] iter=00017 eval=01304 misfit=3.597994e-01 best=3.511641e-01
[NA] iter=00017 eval=01305 misfit=3.508563e-01 best=3.508563e-01
[NA] iter=00017 eval=01306 misfit=3.544841e-01 best=3.508563e-01
[NA] iter=00017 eval=01307 misfit=3.541232e-01 best=3.508563e-01
[NA] iter=00017 eval=01308 misfit=3.512873e-01 best=3.508563e-01
[NA] iter=00017 eval=01309 misfit=3.522567e-01 best=3.508563e-01
[NA] iter=00017 eval=01310 misfit=3.514189e-01 best=3.508563e-01
[NA] iter=00017 eval=01311 misfit=3.599882e-01 best=3.508563e-01
[NA] iter=00017 eval=01312 misfit=4.155365e-01 best=3.508563e-01
[NA] iter=00017 eval=01313 misfit=3.856016e-01 best=3.508563e-01
[NA] iter=00017 eval=01314 misfit=3.656707e-01 best=3.508563e-01
[NA] iter=00017 eval=01315 misfit=3.637716e-01 best=3.508563e-01
[NA] iter=00017 eval=01316 misfit=3.537070e-01 best=3.508563e-01
[NA] iter=00017 eval=01317 misfit=3.552842e-01 best=3.508563e-01
[NA] iter=00017 eval=01318 misfit=3.540303e-01 best=3.508563e-01
[NA] iter=00017 eval=01319 misfit=3.541365e-01 best=3.508563e-01
[NA] iter=00017 eval=01320 misfit=3.574751e-01 best=3.508563e-01
[NA] iter=00017 eval=01321 misfit=3.534736e-01 best=3.508563e-01
[NA] iter=00017 eval=01322 misfit=3.551318e-01 best=3.508563e-01
[NA] iter=00017 eval=01323 misfit=3.543080e-01 best=3.508563e-01
[NA] iter=00017 eval=01324 misfit=3.533998e-01 best=3.508563e-01
[NA] iter=00017 eval=01325 misfit=3.534836e-01 best=3.508563e-01
[NA] iter=00017 eval=01326 misfit=3.542171e-01 best=3.508563e-01
[NA] iter=00017 eval=01327 misfit=3.734554e-01 best=3.508563e-01
[NA] iter=00017 eval=01328 misfit=3.540941e-01 best=3.508563e-01
[NA] iter=00017 eval=01329 misfit=3.563285e-01 best=3.508563e-01
[NA] iter=00017 eval=01330 misfit=3.613290e-01 best=3.508563e-01
[NA] iter=00017 eval=01331 misfit=3.545225e-01 best=3.508563e-01
[NA] iter=00017 eval=01332 misfit=3.541073e-01 best=3.508563e-01
[NA] iter=00017 eval=01333 misfit=3.576418e-01 best=3.508563e-01
[NA] iter=00017 eval=01334 misfit=3.537614e-01 best=3.508563e-01
[NA] iter=00017 eval=01335 misfit=3.548688e-01 best=3.508563e-01
[NA] iter=00017 eval=01336 misfit=3.547147e-01 best=3.508563e-01
[NA] iter=00017 eval=01337 misfit=3.553220e-01 best=3.508563e-01
[NA] iter=00017 eval=01338 misfit=3.537338e-01 best=3.508563e-01
[NA] iter=00017 eval=01339 misfit=3.536536e-01 best=3.508563e-01
[NA] iter=00017 eval=01340 misfit=3.581851e-01 best=3.508563e-01
[NA] iter=00017 eval=01341 misfit=3.551739e-01 best=3.508563e-01
[NA] iter=00017 eval=01342 misfit=3.535415e-01 best=3.508563e-01
[NA] iter=00017 eval=01343 misfit=3.556051e-01 best=3.508563e-01
[NA] iter=00017 eval=01344 misfit=3.541794e-01 best=3.508563e-01
[NA] iter=00017 eval=01345 misfit=3.535133e-01 best=3.508563e-01
[NA] iter=00017 eval=01346 misfit=3.564790e-01 best=3.508563e-01
[NA] iter=00017 eval=01347 misfit=3.540551e-01 best=3.508563e-01
[NA] iter=00017 eval=01348 misfit=3.622708e-01 best=3.508563e-01
[NA] iter=00017 eval=01349 misfit=3.531433e-01 best=3.508563e-01
[NA] iter=00017 eval=01350 misfit=3.517993e-01 best=3.508563e-01
NAI - Optimisation Loop:  34%|███▍      | 17/50 [04:07<07:47, 14.16s/it][NA] iter=00018 eval=01351 misfit=3.594018e-01 best=3.508563e-01
[NA] iter=00018 eval=01352 misfit=3.900676e-01 best=3.508563e-01
[NA] iter=00018 eval=01353 misfit=3.619726e-01 best=3.508563e-01
[NA] iter=00018 eval=01354 misfit=3.523042e-01 best=3.508563e-01
[NA] iter=00018 eval=01355 misfit=4.002257e-01 best=3.508563e-01
[NA] iter=00018 eval=01356 misfit=3.525971e-01 best=3.508563e-01
[NA] iter=00018 eval=01357 misfit=3.502462e-01 best=3.502462e-01
[NA] iter=00018 eval=01358 misfit=3.529736e-01 best=3.502462e-01
[NA] iter=00018 eval=01359 misfit=3.590930e-01 best=3.502462e-01
[NA] iter=00018 eval=01360 misfit=3.519935e-01 best=3.502462e-01
[NA] iter=00018 eval=01361 misfit=3.628621e-01 best=3.502462e-01
[NA] iter=00018 eval=01362 misfit=3.610204e-01 best=3.502462e-01
[NA] iter=00018 eval=01363 misfit=3.572774e-01 best=3.502462e-01
[NA] iter=00018 eval=01364 misfit=3.618669e-01 best=3.502462e-01
[NA] iter=00018 eval=01365 misfit=3.570279e-01 best=3.502462e-01
[NA] iter=00018 eval=01366 misfit=3.663278e-01 best=3.502462e-01
[NA] iter=00018 eval=01367 misfit=3.570512e-01 best=3.502462e-01
[NA] iter=00018 eval=01368 misfit=3.832089e-01 best=3.502462e-01
[NA] iter=00018 eval=01369 misfit=3.667350e-01 best=3.502462e-01
[NA] iter=00018 eval=01370 misfit=3.529806e-01 best=3.502462e-01
[NA] iter=00018 eval=01371 misfit=3.539352e-01 best=3.502462e-01
[NA] iter=00018 eval=01372 misfit=3.516738e-01 best=3.502462e-01
[NA] iter=00018 eval=01373 misfit=3.598941e-01 best=3.502462e-01
[NA] iter=00018 eval=01374 misfit=3.535902e-01 best=3.502462e-01
[NA] iter=00018 eval=01375 misfit=3.516186e-01 best=3.502462e-01
[NA] iter=00018 eval=01376 misfit=3.548691e-01 best=3.502462e-01
[NA] iter=00018 eval=01377 misfit=3.574304e-01 best=3.502462e-01
[NA] iter=00018 eval=01378 misfit=3.554619e-01 best=3.502462e-01
[NA] iter=00018 eval=01379 misfit=3.586994e-01 best=3.502462e-01
[NA] iter=00018 eval=01380 misfit=3.588492e-01 best=3.502462e-01
[NA] iter=00018 eval=01381 misfit=3.541345e-01 best=3.502462e-01
[NA] iter=00018 eval=01382 misfit=3.544664e-01 best=3.502462e-01
[NA] iter=00018 eval=01383 misfit=3.524895e-01 best=3.502462e-01
[NA] iter=00018 eval=01384 misfit=3.525734e-01 best=3.502462e-01
[NA] iter=00018 eval=01385 misfit=3.526774e-01 best=3.502462e-01
[NA] iter=00018 eval=01386 misfit=3.546223e-01 best=3.502462e-01
[NA] iter=00018 eval=01387 misfit=3.529296e-01 best=3.502462e-01
[NA] iter=00018 eval=01388 misfit=3.539249e-01 best=3.502462e-01
[NA] iter=00018 eval=01389 misfit=3.531441e-01 best=3.502462e-01
[NA] iter=00018 eval=01390 misfit=3.530668e-01 best=3.502462e-01
[NA] iter=00018 eval=01391 misfit=3.544225e-01 best=3.502462e-01
[NA] iter=00018 eval=01392 misfit=3.529973e-01 best=3.502462e-01
[NA] iter=00018 eval=01393 misfit=3.534055e-01 best=3.502462e-01
[NA] iter=00018 eval=01394 misfit=3.562846e-01 best=3.502462e-01
[NA] iter=00018 eval=01395 misfit=3.538879e-01 best=3.502462e-01
[NA] iter=00018 eval=01396 misfit=3.533203e-01 best=3.502462e-01
[NA] iter=00018 eval=01397 misfit=3.532323e-01 best=3.502462e-01
[NA] iter=00018 eval=01398 misfit=3.529731e-01 best=3.502462e-01
[NA] iter=00018 eval=01399 misfit=3.532266e-01 best=3.502462e-01
[NA] iter=00018 eval=01400 misfit=3.531281e-01 best=3.502462e-01
NAI - Optimisation Loop:  36%|███▌      | 18/50 [04:21<07:34, 14.19s/it][NA] iter=00019 eval=01401 misfit=3.602536e-01 best=3.502462e-01
[NA] iter=00019 eval=01402 misfit=3.564618e-01 best=3.502462e-01
[NA] iter=00019 eval=01403 misfit=3.688831e-01 best=3.502462e-01
[NA] iter=00019 eval=01404 misfit=3.511178e-01 best=3.502462e-01
[NA] iter=00019 eval=01405 misfit=3.816795e-01 best=3.502462e-01
[NA] iter=00019 eval=01406 misfit=3.512474e-01 best=3.502462e-01
[NA] iter=00019 eval=01407 misfit=3.603663e-01 best=3.502462e-01
[NA] iter=00019 eval=01408 misfit=3.489754e-01 best=3.489754e-01
[NA] iter=00019 eval=01409 misfit=3.555756e-01 best=3.489754e-01
[NA] iter=00019 eval=01410 misfit=3.573870e-01 best=3.489754e-01
[NA] iter=00019 eval=01411 misfit=3.586667e-01 best=3.489754e-01
[NA] iter=00019 eval=01412 misfit=3.538280e-01 best=3.489754e-01
[NA] iter=00019 eval=01413 misfit=3.537084e-01 best=3.489754e-01
[NA] iter=00019 eval=01414 misfit=3.518395e-01 best=3.489754e-01
[NA] iter=00019 eval=01415 misfit=3.547461e-01 best=3.489754e-01
[NA] iter=00019 eval=01416 misfit=3.524080e-01 best=3.489754e-01
[NA] iter=00019 eval=01417 misfit=3.526263e-01 best=3.489754e-01
[NA] iter=00019 eval=01418 misfit=3.526881e-01 best=3.489754e-01
[NA] iter=00019 eval=01419 misfit=3.548572e-01 best=3.489754e-01
[NA] iter=00019 eval=01420 misfit=3.511769e-01 best=3.489754e-01
[NA] iter=00019 eval=01421 misfit=3.515437e-01 best=3.489754e-01
[NA] iter=00019 eval=01422 misfit=3.514040e-01 best=3.489754e-01
[NA] iter=00019 eval=01423 misfit=3.535610e-01 best=3.489754e-01
[NA] iter=00019 eval=01424 misfit=3.523637e-01 best=3.489754e-01
[NA] iter=00019 eval=01425 misfit=3.511636e-01 best=3.489754e-01
[NA] iter=00019 eval=01426 misfit=3.516910e-01 best=3.489754e-01
[NA] iter=00019 eval=01427 misfit=3.566503e-01 best=3.489754e-01
[NA] iter=00019 eval=01428 misfit=3.523694e-01 best=3.489754e-01
[NA] iter=00019 eval=01429 misfit=3.512738e-01 best=3.489754e-01
[NA] iter=00019 eval=01430 misfit=3.529578e-01 best=3.489754e-01
[NA] iter=00019 eval=01431 misfit=3.519864e-01 best=3.489754e-01
[NA] iter=00019 eval=01432 misfit=3.573176e-01 best=3.489754e-01
[NA] iter=00019 eval=01433 misfit=3.531411e-01 best=3.489754e-01
[NA] iter=00019 eval=01434 misfit=3.512922e-01 best=3.489754e-01
[NA] iter=00019 eval=01435 misfit=3.568115e-01 best=3.489754e-01
[NA] iter=00019 eval=01436 misfit=3.530224e-01 best=3.489754e-01
[NA] iter=00019 eval=01437 misfit=3.530216e-01 best=3.489754e-01
[NA] iter=00019 eval=01438 misfit=3.518526e-01 best=3.489754e-01
[NA] iter=00019 eval=01439 misfit=3.549369e-01 best=3.489754e-01
[NA] iter=00019 eval=01440 misfit=3.538897e-01 best=3.489754e-01
[NA] iter=00019 eval=01441 misfit=3.720517e-01 best=3.489754e-01
[NA] iter=00019 eval=01442 misfit=3.537471e-01 best=3.489754e-01
[NA] iter=00019 eval=01443 misfit=3.641439e-01 best=3.489754e-01
[NA] iter=00019 eval=01444 misfit=3.528103e-01 best=3.489754e-01
[NA] iter=00019 eval=01445 misfit=3.554693e-01 best=3.489754e-01
[NA] iter=00019 eval=01446 misfit=3.525957e-01 best=3.489754e-01
[NA] iter=00019 eval=01447 misfit=3.525789e-01 best=3.489754e-01
[NA] iter=00019 eval=01448 misfit=3.557256e-01 best=3.489754e-01
[NA] iter=00019 eval=01449 misfit=3.513394e-01 best=3.489754e-01
[NA] iter=00019 eval=01450 misfit=3.513094e-01 best=3.489754e-01
NAI - Optimisation Loop:  38%|███▊      | 19/50 [04:35<07:19, 14.19s/it][NA] iter=00020 eval=01451 misfit=3.558735e-01 best=3.489754e-01
[NA] iter=00020 eval=01452 misfit=3.491001e-01 best=3.489754e-01
[NA] iter=00020 eval=01453 misfit=3.527147e-01 best=3.489754e-01
[NA] iter=00020 eval=01454 misfit=3.596050e-01 best=3.489754e-01
[NA] iter=00020 eval=01455 misfit=3.506813e-01 best=3.489754e-01
[NA] iter=00020 eval=01456 misfit=3.508700e-01 best=3.489754e-01
[NA] iter=00020 eval=01457 misfit=3.497131e-01 best=3.489754e-01
[NA] iter=00020 eval=01458 misfit=3.499446e-01 best=3.489754e-01
[NA] iter=00020 eval=01459 misfit=3.488604e-01 best=3.488604e-01
[NA] iter=00020 eval=01460 misfit=3.515160e-01 best=3.488604e-01
[NA] iter=00020 eval=01461 misfit=3.513065e-01 best=3.488604e-01
[NA] iter=00020 eval=01462 misfit=3.550826e-01 best=3.488604e-01
[NA] iter=00020 eval=01463 misfit=3.529499e-01 best=3.488604e-01
[NA] iter=00020 eval=01464 misfit=3.506013e-01 best=3.488604e-01
[NA] iter=00020 eval=01465 misfit=3.578224e-01 best=3.488604e-01
[NA] iter=00020 eval=01466 misfit=3.563971e-01 best=3.488604e-01
[NA] iter=00020 eval=01467 misfit=3.593971e-01 best=3.488604e-01
[NA] iter=00020 eval=01468 misfit=3.498520e-01 best=3.488604e-01
[NA] iter=00020 eval=01469 misfit=3.491505e-01 best=3.488604e-01
[NA] iter=00020 eval=01470 misfit=3.505145e-01 best=3.488604e-01
[NA] iter=00020 eval=01471 misfit=3.512834e-01 best=3.488604e-01
[NA] iter=00020 eval=01472 misfit=3.511889e-01 best=3.488604e-01
[NA] iter=00020 eval=01473 misfit=3.511876e-01 best=3.488604e-01
[NA] iter=00020 eval=01474 misfit=3.512484e-01 best=3.488604e-01
[NA] iter=00020 eval=01475 misfit=3.529273e-01 best=3.488604e-01
[NA] iter=00020 eval=01476 misfit=3.515719e-01 best=3.488604e-01
[NA] iter=00020 eval=01477 misfit=3.523567e-01 best=3.488604e-01
[NA] iter=00020 eval=01478 misfit=3.533434e-01 best=3.488604e-01
[NA] iter=00020 eval=01479 misfit=3.526733e-01 best=3.488604e-01
[NA] iter=00020 eval=01480 misfit=3.522545e-01 best=3.488604e-01
[NA] iter=00020 eval=01481 misfit=3.535640e-01 best=3.488604e-01
[NA] iter=00020 eval=01482 misfit=3.517692e-01 best=3.488604e-01
[NA] iter=00020 eval=01483 misfit=3.530159e-01 best=3.488604e-01
[NA] iter=00020 eval=01484 misfit=3.507551e-01 best=3.488604e-01
[NA] iter=00020 eval=01485 misfit=3.517627e-01 best=3.488604e-01
[NA] iter=00020 eval=01486 misfit=3.532503e-01 best=3.488604e-01
[NA] iter=00020 eval=01487 misfit=3.523197e-01 best=3.488604e-01
[NA] iter=00020 eval=01488 misfit=3.530373e-01 best=3.488604e-01
[NA] iter=00020 eval=01489 misfit=3.515801e-01 best=3.488604e-01
[NA] iter=00020 eval=01490 misfit=3.523781e-01 best=3.488604e-01
[NA] iter=00020 eval=01491 misfit=3.516581e-01 best=3.488604e-01
[NA] iter=00020 eval=01492 misfit=3.530911e-01 best=3.488604e-01
[NA] iter=00020 eval=01493 misfit=3.551882e-01 best=3.488604e-01
[NA] iter=00020 eval=01494 misfit=3.530436e-01 best=3.488604e-01
[NA] iter=00020 eval=01495 misfit=3.518208e-01 best=3.488604e-01
[NA] iter=00020 eval=01496 misfit=3.512778e-01 best=3.488604e-01
[NA] iter=00020 eval=01497 misfit=3.509588e-01 best=3.488604e-01
[NA] iter=00020 eval=01498 misfit=3.513394e-01 best=3.488604e-01
[NA] iter=00020 eval=01499 misfit=3.542003e-01 best=3.488604e-01
[NA] iter=00020 eval=01500 misfit=3.513064e-01 best=3.488604e-01
NAI - Optimisation Loop:  40%|████      | 20/50 [04:49<07:01, 14.06s/it][NA] iter=00021 eval=01501 misfit=3.555254e-01 best=3.488604e-01
[NA] iter=00021 eval=01502 misfit=3.502047e-01 best=3.488604e-01
[NA] iter=00021 eval=01503 misfit=3.532210e-01 best=3.488604e-01
[NA] iter=00021 eval=01504 misfit=3.497571e-01 best=3.488604e-01
[NA] iter=00021 eval=01505 misfit=3.557583e-01 best=3.488604e-01
[NA] iter=00021 eval=01506 misfit=3.487756e-01 best=3.487756e-01
[NA] iter=00021 eval=01507 misfit=3.513766e-01 best=3.487756e-01
[NA] iter=00021 eval=01508 misfit=3.567056e-01 best=3.487756e-01
[NA] iter=00021 eval=01509 misfit=3.562707e-01 best=3.487756e-01
[NA] iter=00021 eval=01510 misfit=3.503676e-01 best=3.487756e-01
[NA] iter=00021 eval=01511 misfit=3.642998e-01 best=3.487756e-01
[NA] iter=00021 eval=01512 misfit=3.509337e-01 best=3.487756e-01
[NA] iter=00021 eval=01513 misfit=3.542490e-01 best=3.487756e-01
[NA] iter=00021 eval=01514 misfit=3.516264e-01 best=3.487756e-01
[NA] iter=00021 eval=01515 misfit=3.515538e-01 best=3.487756e-01
[NA] iter=00021 eval=01516 misfit=3.520777e-01 best=3.487756e-01
[NA] iter=00021 eval=01517 misfit=3.552361e-01 best=3.487756e-01
[NA] iter=00021 eval=01518 misfit=3.539705e-01 best=3.487756e-01
[NA] iter=00021 eval=01519 misfit=3.573235e-01 best=3.487756e-01
[NA] iter=00021 eval=01520 misfit=3.571116e-01 best=3.487756e-01
[NA] iter=00021 eval=01521 misfit=3.572496e-01 best=3.487756e-01
[NA] iter=00021 eval=01522 misfit=3.641697e-01 best=3.487756e-01
[NA] iter=00021 eval=01523 misfit=3.560966e-01 best=3.487756e-01
[NA] iter=00021 eval=01524 misfit=3.543462e-01 best=3.487756e-01
[NA] iter=00021 eval=01525 misfit=3.535978e-01 best=3.487756e-01
[NA] iter=00021 eval=01526 misfit=3.496125e-01 best=3.487756e-01
[NA] iter=00021 eval=01527 misfit=3.510433e-01 best=3.487756e-01
[NA] iter=00021 eval=01528 misfit=3.501388e-01 best=3.487756e-01
[NA] iter=00021 eval=01529 misfit=3.502740e-01 best=3.487756e-01
[NA] iter=00021 eval=01530 misfit=3.550572e-01 best=3.487756e-01
[NA] iter=00021 eval=01531 misfit=3.497025e-01 best=3.487756e-01
[NA] iter=00021 eval=01532 misfit=3.509142e-01 best=3.487756e-01
[NA] iter=00021 eval=01533 misfit=3.502412e-01 best=3.487756e-01
[NA] iter=00021 eval=01534 misfit=3.509179e-01 best=3.487756e-01
[NA] iter=00021 eval=01535 misfit=3.516963e-01 best=3.487756e-01
[NA] iter=00021 eval=01536 misfit=3.522261e-01 best=3.487756e-01
[NA] iter=00021 eval=01537 misfit=3.537590e-01 best=3.487756e-01
[NA] iter=00021 eval=01538 misfit=3.498878e-01 best=3.487756e-01
[NA] iter=00021 eval=01539 misfit=3.512924e-01 best=3.487756e-01
[NA] iter=00021 eval=01540 misfit=3.509464e-01 best=3.487756e-01
[NA] iter=00021 eval=01541 misfit=3.595984e-01 best=3.487756e-01
[NA] iter=00021 eval=01542 misfit=3.498485e-01 best=3.487756e-01
[NA] iter=00021 eval=01543 misfit=3.513160e-01 best=3.487756e-01
[NA] iter=00021 eval=01544 misfit=3.499943e-01 best=3.487756e-01
[NA] iter=00021 eval=01545 misfit=3.504566e-01 best=3.487756e-01
[NA] iter=00021 eval=01546 misfit=3.528383e-01 best=3.487756e-01
[NA] iter=00021 eval=01547 misfit=3.579813e-01 best=3.487756e-01
[NA] iter=00021 eval=01548 misfit=3.521393e-01 best=3.487756e-01
[NA] iter=00021 eval=01549 misfit=3.503970e-01 best=3.487756e-01
[NA] iter=00021 eval=01550 misfit=3.510018e-01 best=3.487756e-01
NAI - Optimisation Loop:  42%|████▏     | 21/50 [05:03<06:51, 14.19s/it][NA] iter=00022 eval=01551 misfit=3.499826e-01 best=3.487756e-01
[NA] iter=00022 eval=01552 misfit=3.518811e-01 best=3.487756e-01
[NA] iter=00022 eval=01553 misfit=3.507227e-01 best=3.487756e-01
[NA] iter=00022 eval=01554 misfit=3.517640e-01 best=3.487756e-01
[NA] iter=00022 eval=01555 misfit=3.492638e-01 best=3.487756e-01
[NA] iter=00022 eval=01556 misfit=3.513130e-01 best=3.487756e-01
[NA] iter=00022 eval=01557 misfit=3.496659e-01 best=3.487756e-01
[NA] iter=00022 eval=01558 misfit=3.494301e-01 best=3.487756e-01
[NA] iter=00022 eval=01559 misfit=3.489764e-01 best=3.487756e-01
[NA] iter=00022 eval=01560 misfit=3.514274e-01 best=3.487756e-01
[NA] iter=00022 eval=01561 misfit=3.548915e-01 best=3.487756e-01
[NA] iter=00022 eval=01562 misfit=3.490490e-01 best=3.487756e-01
[NA] iter=00022 eval=01563 misfit=3.482048e-01 best=3.482048e-01
[NA] iter=00022 eval=01564 misfit=3.496932e-01 best=3.482048e-01
[NA] iter=00022 eval=01565 misfit=3.494923e-01 best=3.482048e-01
[NA] iter=00022 eval=01566 misfit=3.619264e-01 best=3.482048e-01
[NA] iter=00022 eval=01567 misfit=3.481096e-01 best=3.481096e-01
[NA] iter=00022 eval=01568 misfit=3.516151e-01 best=3.481096e-01
[NA] iter=00022 eval=01569 misfit=3.542258e-01 best=3.481096e-01
[NA] iter=00022 eval=01570 misfit=3.478854e-01 best=3.478854e-01
[NA] iter=00022 eval=01571 misfit=3.497952e-01 best=3.478854e-01
[NA] iter=00022 eval=01572 misfit=3.499034e-01 best=3.478854e-01
[NA] iter=00022 eval=01573 misfit=3.508235e-01 best=3.478854e-01
[NA] iter=00022 eval=01574 misfit=3.508168e-01 best=3.478854e-01
[NA] iter=00022 eval=01575 misfit=3.509098e-01 best=3.478854e-01
[NA] iter=00022 eval=01576 misfit=3.502308e-01 best=3.478854e-01
[NA] iter=00022 eval=01577 misfit=3.530291e-01 best=3.478854e-01
[NA] iter=00022 eval=01578 misfit=3.523433e-01 best=3.478854e-01
[NA] iter=00022 eval=01579 misfit=3.547862e-01 best=3.478854e-01
[NA] iter=00022 eval=01580 misfit=3.499307e-01 best=3.478854e-01
[NA] iter=00022 eval=01581 misfit=3.499158e-01 best=3.478854e-01
[NA] iter=00022 eval=01582 misfit=3.507126e-01 best=3.478854e-01
[NA] iter=00022 eval=01583 misfit=3.497391e-01 best=3.478854e-01
[NA] iter=00022 eval=01584 misfit=3.501546e-01 best=3.478854e-01
[NA] iter=00022 eval=01585 misfit=3.514518e-01 best=3.478854e-01
[NA] iter=00022 eval=01586 misfit=3.502851e-01 best=3.478854e-01
[NA] iter=00022 eval=01587 misfit=3.519612e-01 best=3.478854e-01
[NA] iter=00022 eval=01588 misfit=3.498389e-01 best=3.478854e-01
[NA] iter=00022 eval=01589 misfit=3.509440e-01 best=3.478854e-01
[NA] iter=00022 eval=01590 misfit=3.502814e-01 best=3.478854e-01
[NA] iter=00022 eval=01591 misfit=3.499622e-01 best=3.478854e-01
[NA] iter=00022 eval=01592 misfit=3.490211e-01 best=3.478854e-01
[NA] iter=00022 eval=01593 misfit=3.495451e-01 best=3.478854e-01
[NA] iter=00022 eval=01594 misfit=3.504814e-01 best=3.478854e-01
[NA] iter=00022 eval=01595 misfit=3.528484e-01 best=3.478854e-01
[NA] iter=00022 eval=01596 misfit=3.533927e-01 best=3.478854e-01
[NA] iter=00022 eval=01597 misfit=3.510903e-01 best=3.478854e-01
[NA] iter=00022 eval=01598 misfit=3.511199e-01 best=3.478854e-01
[NA] iter=00022 eval=01599 misfit=3.514637e-01 best=3.478854e-01
[NA] iter=00022 eval=01600 misfit=3.503462e-01 best=3.478854e-01
NAI - Optimisation Loop:  44%|████▍     | 22/50 [05:19<06:47, 14.56s/it][NA] iter=00023 eval=01601 misfit=3.477236e-01 best=3.477236e-01
[NA] iter=00023 eval=01602 misfit=3.500434e-01 best=3.477236e-01
[NA] iter=00023 eval=01603 misfit=3.490848e-01 best=3.477236e-01
[NA] iter=00023 eval=01604 misfit=3.488504e-01 best=3.477236e-01
[NA] iter=00023 eval=01605 misfit=3.499599e-01 best=3.477236e-01
[NA] iter=00023 eval=01606 misfit=3.567604e-01 best=3.477236e-01
[NA] iter=00023 eval=01607 misfit=3.544113e-01 best=3.477236e-01
[NA] iter=00023 eval=01608 misfit=3.474285e-01 best=3.474285e-01
[NA] iter=00023 eval=01609 misfit=3.574899e-01 best=3.474285e-01
[NA] iter=00023 eval=01610 misfit=3.558036e-01 best=3.474285e-01
[NA] iter=00023 eval=01611 misfit=3.480387e-01 best=3.474285e-01
[NA] iter=00023 eval=01612 misfit=3.490116e-01 best=3.474285e-01
[NA] iter=00023 eval=01613 misfit=3.519517e-01 best=3.474285e-01
[NA] iter=00023 eval=01614 misfit=3.516381e-01 best=3.474285e-01
[NA] iter=00023 eval=01615 misfit=3.476733e-01 best=3.474285e-01
[NA] iter=00023 eval=01616 misfit=3.493198e-01 best=3.474285e-01
[NA] iter=00023 eval=01617 misfit=3.494341e-01 best=3.474285e-01
[NA] iter=00023 eval=01618 misfit=3.540668e-01 best=3.474285e-01
[NA] iter=00023 eval=01619 misfit=3.489795e-01 best=3.474285e-01
[NA] iter=00023 eval=01620 misfit=3.506214e-01 best=3.474285e-01
[NA] iter=00023 eval=01621 misfit=3.508583e-01 best=3.474285e-01
[NA] iter=00023 eval=01622 misfit=3.486981e-01 best=3.474285e-01
[NA] iter=00023 eval=01623 misfit=3.490724e-01 best=3.474285e-01
[NA] iter=00023 eval=01624 misfit=3.503638e-01 best=3.474285e-01
[NA] iter=00023 eval=01625 misfit=3.485506e-01 best=3.474285e-01
[NA] iter=00023 eval=01626 misfit=3.491613e-01 best=3.474285e-01
[NA] iter=00023 eval=01627 misfit=3.489240e-01 best=3.474285e-01
[NA] iter=00023 eval=01628 misfit=3.507800e-01 best=3.474285e-01
[NA] iter=00023 eval=01629 misfit=3.498531e-01 best=3.474285e-01
[NA] iter=00023 eval=01630 misfit=3.510332e-01 best=3.474285e-01
[NA] iter=00023 eval=01631 misfit=3.494474e-01 best=3.474285e-01
[NA] iter=00023 eval=01632 misfit=3.488352e-01 best=3.474285e-01
[NA] iter=00023 eval=01633 misfit=3.489611e-01 best=3.474285e-01
[NA] iter=00023 eval=01634 misfit=3.498866e-01 best=3.474285e-01
[NA] iter=00023 eval=01635 misfit=3.506712e-01 best=3.474285e-01
[NA] iter=00023 eval=01636 misfit=3.508024e-01 best=3.474285e-01
[NA] iter=00023 eval=01637 misfit=3.491953e-01 best=3.474285e-01
[NA] iter=00023 eval=01638 misfit=3.530270e-01 best=3.474285e-01
[NA] iter=00023 eval=01639 misfit=3.499812e-01 best=3.474285e-01
[NA] iter=00023 eval=01640 misfit=3.549400e-01 best=3.474285e-01
[NA] iter=00023 eval=01641 misfit=3.502581e-01 best=3.474285e-01
[NA] iter=00023 eval=01642 misfit=3.607686e-01 best=3.474285e-01
[NA] iter=00023 eval=01643 misfit=3.497083e-01 best=3.474285e-01
[NA] iter=00023 eval=01644 misfit=3.486810e-01 best=3.474285e-01
[NA] iter=00023 eval=01645 misfit=3.495696e-01 best=3.474285e-01
[NA] iter=00023 eval=01646 misfit=3.519820e-01 best=3.474285e-01
[NA] iter=00023 eval=01647 misfit=3.496937e-01 best=3.474285e-01
[NA] iter=00023 eval=01648 misfit=3.486880e-01 best=3.474285e-01
[NA] iter=00023 eval=01649 misfit=3.487673e-01 best=3.474285e-01
[NA] iter=00023 eval=01650 misfit=3.476048e-01 best=3.474285e-01
NAI - Optimisation Loop:  46%|████▌     | 23/50 [05:33<06:31, 14.50s/it][NA] iter=00024 eval=01651 misfit=3.505723e-01 best=3.474285e-01
[NA] iter=00024 eval=01652 misfit=3.485377e-01 best=3.474285e-01
[NA] iter=00024 eval=01653 misfit=3.533343e-01 best=3.474285e-01
[NA] iter=00024 eval=01654 misfit=3.487963e-01 best=3.474285e-01
[NA] iter=00024 eval=01655 misfit=3.512136e-01 best=3.474285e-01
[NA] iter=00024 eval=01656 misfit=3.483334e-01 best=3.474285e-01
[NA] iter=00024 eval=01657 misfit=3.486626e-01 best=3.474285e-01
[NA] iter=00024 eval=01658 misfit=3.486714e-01 best=3.474285e-01
[NA] iter=00024 eval=01659 misfit=3.483869e-01 best=3.474285e-01
[NA] iter=00024 eval=01660 misfit=3.486669e-01 best=3.474285e-01
[NA] iter=00024 eval=01661 misfit=3.502303e-01 best=3.474285e-01
[NA] iter=00024 eval=01662 misfit=3.545894e-01 best=3.474285e-01
[NA] iter=00024 eval=01663 misfit=3.506206e-01 best=3.474285e-01
[NA] iter=00024 eval=01664 misfit=3.481228e-01 best=3.474285e-01
[NA] iter=00024 eval=01665 misfit=3.526074e-01 best=3.474285e-01
[NA] iter=00024 eval=01666 misfit=3.501853e-01 best=3.474285e-01
[NA] iter=00024 eval=01667 misfit=3.485891e-01 best=3.474285e-01
[NA] iter=00024 eval=01668 misfit=3.486475e-01 best=3.474285e-01
[NA] iter=00024 eval=01669 misfit=3.486865e-01 best=3.474285e-01
[NA] iter=00024 eval=01670 misfit=3.494272e-01 best=3.474285e-01
[NA] iter=00024 eval=01671 misfit=3.485960e-01 best=3.474285e-01
[NA] iter=00024 eval=01672 misfit=3.482351e-01 best=3.474285e-01
[NA] iter=00024 eval=01673 misfit=3.480488e-01 best=3.474285e-01
[NA] iter=00024 eval=01674 misfit=3.500425e-01 best=3.474285e-01
[NA] iter=00024 eval=01675 misfit=3.481843e-01 best=3.474285e-01
[NA] iter=00024 eval=01676 misfit=3.502416e-01 best=3.474285e-01
[NA] iter=00024 eval=01677 misfit=3.538576e-01 best=3.474285e-01
[NA] iter=00024 eval=01678 misfit=3.520229e-01 best=3.474285e-01
[NA] iter=00024 eval=01679 misfit=3.489741e-01 best=3.474285e-01
[NA] iter=00024 eval=01680 misfit=3.507625e-01 best=3.474285e-01
[NA] iter=00024 eval=01681 misfit=3.481656e-01 best=3.474285e-01
[NA] iter=00024 eval=01682 misfit=3.479174e-01 best=3.474285e-01
[NA] iter=00024 eval=01683 misfit=3.490769e-01 best=3.474285e-01
[NA] iter=00024 eval=01684 misfit=3.486737e-01 best=3.474285e-01
[NA] iter=00024 eval=01685 misfit=3.502279e-01 best=3.474285e-01
[NA] iter=00024 eval=01686 misfit=3.475450e-01 best=3.474285e-01
[NA] iter=00024 eval=01687 misfit=3.481463e-01 best=3.474285e-01
[NA] iter=00024 eval=01688 misfit=3.480293e-01 best=3.474285e-01
[NA] iter=00024 eval=01689 misfit=3.483270e-01 best=3.474285e-01
[NA] iter=00024 eval=01690 misfit=3.499837e-01 best=3.474285e-01
[NA] iter=00024 eval=01691 misfit=3.487181e-01 best=3.474285e-01
[NA] iter=00024 eval=01692 misfit=3.497717e-01 best=3.474285e-01
[NA] iter=00024 eval=01693 misfit=3.523280e-01 best=3.474285e-01
[NA] iter=00024 eval=01694 misfit=3.520447e-01 best=3.474285e-01
[NA] iter=00024 eval=01695 misfit=3.487328e-01 best=3.474285e-01
[NA] iter=00024 eval=01696 misfit=3.494480e-01 best=3.474285e-01
[NA] iter=00024 eval=01697 misfit=3.496665e-01 best=3.474285e-01
[NA] iter=00024 eval=01698 misfit=3.497124e-01 best=3.474285e-01
[NA] iter=00024 eval=01699 misfit=3.498493e-01 best=3.474285e-01
[NA] iter=00024 eval=01700 misfit=3.491969e-01 best=3.474285e-01
NAI - Optimisation Loop:  48%|████▊     | 24/50 [05:47<06:14, 14.39s/it][NA] iter=00025 eval=01701 misfit=3.477501e-01 best=3.474285e-01
[NA] iter=00025 eval=01702 misfit=3.522907e-01 best=3.474285e-01
[NA] iter=00025 eval=01703 misfit=3.486881e-01 best=3.474285e-01
[NA] iter=00025 eval=01704 misfit=3.539138e-01 best=3.474285e-01
[NA] iter=00025 eval=01705 misfit=3.481335e-01 best=3.474285e-01
[NA] iter=00025 eval=01706 misfit=3.491782e-01 best=3.474285e-01
[NA] iter=00025 eval=01707 misfit=3.552010e-01 best=3.474285e-01
[NA] iter=00025 eval=01708 misfit=3.478738e-01 best=3.474285e-01
[NA] iter=00025 eval=01709 misfit=3.512169e-01 best=3.474285e-01
[NA] iter=00025 eval=01710 misfit=3.548535e-01 best=3.474285e-01
[NA] iter=00025 eval=01711 misfit=3.484428e-01 best=3.474285e-01
[NA] iter=00025 eval=01712 misfit=3.484930e-01 best=3.474285e-01
[NA] iter=00025 eval=01713 misfit=3.507919e-01 best=3.474285e-01
[NA] iter=00025 eval=01714 misfit=3.482597e-01 best=3.474285e-01
[NA] iter=00025 eval=01715 misfit=3.479553e-01 best=3.474285e-01
[NA] iter=00025 eval=01716 misfit=3.475474e-01 best=3.474285e-01
[NA] iter=00025 eval=01717 misfit=3.496096e-01 best=3.474285e-01
[NA] iter=00025 eval=01718 misfit=3.506605e-01 best=3.474285e-01
[NA] iter=00025 eval=01719 misfit=3.477650e-01 best=3.474285e-01
[NA] iter=00025 eval=01720 misfit=3.489205e-01 best=3.474285e-01
[NA] iter=00025 eval=01721 misfit=3.477688e-01 best=3.474285e-01
[NA] iter=00025 eval=01722 misfit=3.491105e-01 best=3.474285e-01
[NA] iter=00025 eval=01723 misfit=3.489984e-01 best=3.474285e-01
[NA] iter=00025 eval=01724 misfit=3.477003e-01 best=3.474285e-01
[NA] iter=00025 eval=01725 misfit=3.487123e-01 best=3.474285e-01
[NA] iter=00025 eval=01726 misfit=3.488885e-01 best=3.474285e-01
[NA] iter=00025 eval=01727 misfit=3.481848e-01 best=3.474285e-01
[NA] iter=00025 eval=01728 misfit=3.484139e-01 best=3.474285e-01
[NA] iter=00025 eval=01729 misfit=3.489810e-01 best=3.474285e-01
[NA] iter=00025 eval=01730 misfit=3.485899e-01 best=3.474285e-01
[NA] iter=00025 eval=01731 misfit=3.486411e-01 best=3.474285e-01
[NA] iter=00025 eval=01732 misfit=3.478911e-01 best=3.474285e-01
[NA] iter=00025 eval=01733 misfit=3.481480e-01 best=3.474285e-01
[NA] iter=00025 eval=01734 misfit=3.487586e-01 best=3.474285e-01
[NA] iter=00025 eval=01735 misfit=3.479541e-01 best=3.474285e-01
[NA] iter=00025 eval=01736 misfit=3.489035e-01 best=3.474285e-01
[NA] iter=00025 eval=01737 misfit=3.486820e-01 best=3.474285e-01
[NA] iter=00025 eval=01738 misfit=3.484190e-01 best=3.474285e-01
[NA] iter=00025 eval=01739 misfit=3.487501e-01 best=3.474285e-01
[NA] iter=00025 eval=01740 misfit=3.485952e-01 best=3.474285e-01
[NA] iter=00025 eval=01741 misfit=3.489117e-01 best=3.474285e-01
[NA] iter=00025 eval=01742 misfit=3.494294e-01 best=3.474285e-01
[NA] iter=00025 eval=01743 misfit=3.494196e-01 best=3.474285e-01
[NA] iter=00025 eval=01744 misfit=3.490272e-01 best=3.474285e-01
[NA] iter=00025 eval=01745 misfit=3.478677e-01 best=3.474285e-01
[NA] iter=00025 eval=01746 misfit=3.482989e-01 best=3.474285e-01
[NA] iter=00025 eval=01747 misfit=3.491090e-01 best=3.474285e-01
[NA] iter=00025 eval=01748 misfit=3.481911e-01 best=3.474285e-01
[NA] iter=00025 eval=01749 misfit=3.477572e-01 best=3.474285e-01
[NA] iter=00025 eval=01750 misfit=3.485671e-01 best=3.474285e-01
NAI - Optimisation Loop:  50%|█████     | 25/50 [06:01<05:58, 14.32s/it][NA] iter=00026 eval=01751 misfit=3.489913e-01 best=3.474285e-01
[NA] iter=00026 eval=01752 misfit=3.498421e-01 best=3.474285e-01
[NA] iter=00026 eval=01753 misfit=3.485396e-01 best=3.474285e-01
[NA] iter=00026 eval=01754 misfit=3.474704e-01 best=3.474285e-01
[NA] iter=00026 eval=01755 misfit=3.505917e-01 best=3.474285e-01
[NA] iter=00026 eval=01756 misfit=3.489830e-01 best=3.474285e-01
[NA] iter=00026 eval=01757 misfit=3.477088e-01 best=3.474285e-01
[NA] iter=00026 eval=01758 misfit=3.478432e-01 best=3.474285e-01
[NA] iter=00026 eval=01759 misfit=3.475208e-01 best=3.474285e-01
[NA] iter=00026 eval=01760 misfit=3.477796e-01 best=3.474285e-01
[NA] iter=00026 eval=01761 misfit=3.496671e-01 best=3.474285e-01
[NA] iter=00026 eval=01762 misfit=3.495716e-01 best=3.474285e-01
[NA] iter=00026 eval=01763 misfit=3.498762e-01 best=3.474285e-01
[NA] iter=00026 eval=01764 misfit=3.477018e-01 best=3.474285e-01
[NA] iter=00026 eval=01765 misfit=3.473632e-01 best=3.473632e-01
[NA] iter=00026 eval=01766 misfit=3.483553e-01 best=3.473632e-01
[NA] iter=00026 eval=01767 misfit=3.472393e-01 best=3.472393e-01
[NA] iter=00026 eval=01768 misfit=3.478065e-01 best=3.472393e-01
[NA] iter=00026 eval=01769 misfit=3.482884e-01 best=3.472393e-01
[NA] iter=00026 eval=01770 misfit=3.473356e-01 best=3.472393e-01
[NA] iter=00026 eval=01771 misfit=3.484384e-01 best=3.472393e-01
[NA] iter=00026 eval=01772 misfit=3.502009e-01 best=3.472393e-01
[NA] iter=00026 eval=01773 misfit=3.501563e-01 best=3.472393e-01
[NA] iter=00026 eval=01774 misfit=3.502179e-01 best=3.472393e-01
[NA] iter=00026 eval=01775 misfit=3.476150e-01 best=3.472393e-01
[NA] iter=00026 eval=01776 misfit=3.497805e-01 best=3.472393e-01
[NA] iter=00026 eval=01777 misfit=3.482795e-01 best=3.472393e-01
[NA] iter=00026 eval=01778 misfit=3.481285e-01 best=3.472393e-01
[NA] iter=00026 eval=01779 misfit=3.488900e-01 best=3.472393e-01
[NA] iter=00026 eval=01780 misfit=3.483068e-01 best=3.472393e-01
[NA] iter=00026 eval=01781 misfit=3.484605e-01 best=3.472393e-01
[NA] iter=00026 eval=01782 misfit=3.486405e-01 best=3.472393e-01
[NA] iter=00026 eval=01783 misfit=3.482465e-01 best=3.472393e-01
[NA] iter=00026 eval=01784 misfit=3.487543e-01 best=3.472393e-01
[NA] iter=00026 eval=01785 misfit=3.476973e-01 best=3.472393e-01
[NA] iter=00026 eval=01786 misfit=3.523982e-01 best=3.472393e-01
[NA] iter=00026 eval=01787 misfit=3.489018e-01 best=3.472393e-01
[NA] iter=00026 eval=01788 misfit=3.505852e-01 best=3.472393e-01
[NA] iter=00026 eval=01789 misfit=3.473176e-01 best=3.472393e-01
[NA] iter=00026 eval=01790 misfit=3.491535e-01 best=3.472393e-01
[NA] iter=00026 eval=01791 misfit=3.482943e-01 best=3.472393e-01
[NA] iter=00026 eval=01792 misfit=3.484759e-01 best=3.472393e-01
[NA] iter=00026 eval=01793 misfit=3.479893e-01 best=3.472393e-01
[NA] iter=00026 eval=01794 misfit=3.486709e-01 best=3.472393e-01
[NA] iter=00026 eval=01795 misfit=3.509419e-01 best=3.472393e-01
[NA] iter=00026 eval=01796 misfit=3.481575e-01 best=3.472393e-01
[NA] iter=00026 eval=01797 misfit=3.476940e-01 best=3.472393e-01
[NA] iter=00026 eval=01798 misfit=3.478093e-01 best=3.472393e-01
[NA] iter=00026 eval=01799 misfit=3.503227e-01 best=3.472393e-01
[NA] iter=00026 eval=01800 misfit=3.482131e-01 best=3.472393e-01
NAI - Optimisation Loop:  52%|█████▏    | 26/50 [06:17<05:52, 14.67s/it][NA] iter=00027 eval=01801 misfit=3.470676e-01 best=3.470676e-01
[NA] iter=00027 eval=01802 misfit=3.482432e-01 best=3.470676e-01
[NA] iter=00027 eval=01803 misfit=3.482662e-01 best=3.470676e-01
[NA] iter=00027 eval=01804 misfit=3.479317e-01 best=3.470676e-01
[NA] iter=00027 eval=01805 misfit=3.471492e-01 best=3.470676e-01
[NA] iter=00027 eval=01806 misfit=3.470701e-01 best=3.470676e-01
[NA] iter=00027 eval=01807 misfit=3.466798e-01 best=3.466798e-01
[NA] iter=00027 eval=01808 misfit=3.493916e-01 best=3.466798e-01
[NA] iter=00027 eval=01809 misfit=3.540840e-01 best=3.466798e-01
[NA] iter=00027 eval=01810 misfit=3.465442e-01 best=3.465442e-01
[NA] iter=00027 eval=01811 misfit=3.474547e-01 best=3.465442e-01
[NA] iter=00027 eval=01812 misfit=3.488020e-01 best=3.465442e-01
[NA] iter=00027 eval=01813 misfit=3.488795e-01 best=3.465442e-01
[NA] iter=00027 eval=01814 misfit=3.488577e-01 best=3.465442e-01
[NA] iter=00027 eval=01815 misfit=3.474232e-01 best=3.465442e-01
[NA] iter=00027 eval=01816 misfit=3.473536e-01 best=3.465442e-01
[NA] iter=00027 eval=01817 misfit=3.511349e-01 best=3.465442e-01
[NA] iter=00027 eval=01818 misfit=3.508804e-01 best=3.465442e-01
[NA] iter=00027 eval=01819 misfit=3.473684e-01 best=3.465442e-01
[NA] iter=00027 eval=01820 misfit=3.480079e-01 best=3.465442e-01
[NA] iter=00027 eval=01821 misfit=3.469584e-01 best=3.465442e-01
[NA] iter=00027 eval=01822 misfit=3.475008e-01 best=3.465442e-01
[NA] iter=00027 eval=01823 misfit=3.471576e-01 best=3.465442e-01
[NA] iter=00027 eval=01824 misfit=3.476439e-01 best=3.465442e-01
[NA] iter=00027 eval=01825 misfit=3.482924e-01 best=3.465442e-01
[NA] iter=00027 eval=01826 misfit=3.491578e-01 best=3.465442e-01
[NA] iter=00027 eval=01827 misfit=3.477240e-01 best=3.465442e-01
[NA] iter=00027 eval=01828 misfit=3.486202e-01 best=3.465442e-01
[NA] iter=00027 eval=01829 misfit=3.495352e-01 best=3.465442e-01
[NA] iter=00027 eval=01830 misfit=3.471465e-01 best=3.465442e-01
[NA] iter=00027 eval=01831 misfit=3.480498e-01 best=3.465442e-01
[NA] iter=00027 eval=01832 misfit=3.496197e-01 best=3.465442e-01
[NA] iter=00027 eval=01833 misfit=3.476145e-01 best=3.465442e-01
[NA] iter=00027 eval=01834 misfit=3.476365e-01 best=3.465442e-01
[NA] iter=00027 eval=01835 misfit=3.489244e-01 best=3.465442e-01
[NA] iter=00027 eval=01836 misfit=3.478581e-01 best=3.465442e-01
[NA] iter=00027 eval=01837 misfit=3.478565e-01 best=3.465442e-01
[NA] iter=00027 eval=01838 misfit=3.475046e-01 best=3.465442e-01
[NA] iter=00027 eval=01839 misfit=3.472743e-01 best=3.465442e-01
[NA] iter=00027 eval=01840 misfit=3.481386e-01 best=3.465442e-01
[NA] iter=00027 eval=01841 misfit=3.487528e-01 best=3.465442e-01
[NA] iter=00027 eval=01842 misfit=3.483912e-01 best=3.465442e-01
[NA] iter=00027 eval=01843 misfit=3.495861e-01 best=3.465442e-01
[NA] iter=00027 eval=01844 misfit=3.475756e-01 best=3.465442e-01
[NA] iter=00027 eval=01845 misfit=3.499495e-01 best=3.465442e-01
[NA] iter=00027 eval=01846 misfit=3.476979e-01 best=3.465442e-01
[NA] iter=00027 eval=01847 misfit=3.472177e-01 best=3.465442e-01
[NA] iter=00027 eval=01848 misfit=3.477786e-01 best=3.465442e-01
[NA] iter=00027 eval=01849 misfit=3.481975e-01 best=3.465442e-01
[NA] iter=00027 eval=01850 misfit=3.480461e-01 best=3.465442e-01
NAI - Optimisation Loop:  54%|█████▍    | 27/50 [06:32<05:39, 14.76s/it][NA] iter=00028 eval=01851 misfit=3.491617e-01 best=3.465442e-01
[NA] iter=00028 eval=01852 misfit=3.488395e-01 best=3.465442e-01
[NA] iter=00028 eval=01853 misfit=3.467916e-01 best=3.465442e-01
[NA] iter=00028 eval=01854 misfit=3.489598e-01 best=3.465442e-01
[NA] iter=00028 eval=01855 misfit=3.470135e-01 best=3.465442e-01
[NA] iter=00028 eval=01856 misfit=3.502444e-01 best=3.465442e-01
[NA] iter=00028 eval=01857 misfit=3.505785e-01 best=3.465442e-01
[NA] iter=00028 eval=01858 misfit=3.511252e-01 best=3.465442e-01
[NA] iter=00028 eval=01859 misfit=3.490093e-01 best=3.465442e-01
[NA] iter=00028 eval=01860 misfit=3.507157e-01 best=3.465442e-01
[NA] iter=00028 eval=01861 misfit=3.478071e-01 best=3.465442e-01
[NA] iter=00028 eval=01862 misfit=3.474428e-01 best=3.465442e-01
[NA] iter=00028 eval=01863 misfit=3.468077e-01 best=3.465442e-01
[NA] iter=00028 eval=01864 misfit=3.472298e-01 best=3.465442e-01
[NA] iter=00028 eval=01865 misfit=3.472096e-01 best=3.465442e-01
[NA] iter=00028 eval=01866 misfit=3.492899e-01 best=3.465442e-01
[NA] iter=00028 eval=01867 misfit=3.500805e-01 best=3.465442e-01
[NA] iter=00028 eval=01868 misfit=3.492353e-01 best=3.465442e-01
[NA] iter=00028 eval=01869 misfit=3.495662e-01 best=3.465442e-01
[NA] iter=00028 eval=01870 misfit=3.479710e-01 best=3.465442e-01
[NA] iter=00028 eval=01871 misfit=3.521750e-01 best=3.465442e-01
[NA] iter=00028 eval=01872 misfit=3.531610e-01 best=3.465442e-01
[NA] iter=00028 eval=01873 misfit=3.491753e-01 best=3.465442e-01
[NA] iter=00028 eval=01874 misfit=3.541858e-01 best=3.465442e-01
[NA] iter=00028 eval=01875 misfit=3.546606e-01 best=3.465442e-01
[NA] iter=00028 eval=01876 misfit=3.473288e-01 best=3.465442e-01
[NA] iter=00028 eval=01877 misfit=3.480291e-01 best=3.465442e-01
[NA] iter=00028 eval=01878 misfit=3.481806e-01 best=3.465442e-01
[NA] iter=00028 eval=01879 misfit=3.470582e-01 best=3.465442e-01
[NA] iter=00028 eval=01880 misfit=3.475664e-01 best=3.465442e-01
[NA] iter=00028 eval=01881 misfit=3.468751e-01 best=3.465442e-01
[NA] iter=00028 eval=01882 misfit=3.468186e-01 best=3.465442e-01
[NA] iter=00028 eval=01883 misfit=3.479339e-01 best=3.465442e-01
[NA] iter=00028 eval=01884 misfit=3.473400e-01 best=3.465442e-01
[NA] iter=00028 eval=01885 misfit=3.479375e-01 best=3.465442e-01
[NA] iter=00028 eval=01886 misfit=3.485418e-01 best=3.465442e-01
[NA] iter=00028 eval=01887 misfit=3.477016e-01 best=3.465442e-01
[NA] iter=00028 eval=01888 misfit=3.482225e-01 best=3.465442e-01
[NA] iter=00028 eval=01889 misfit=3.481245e-01 best=3.465442e-01
[NA] iter=00028 eval=01890 misfit=3.493756e-01 best=3.465442e-01
[NA] iter=00028 eval=01891 misfit=3.480886e-01 best=3.465442e-01
[NA] iter=00028 eval=01892 misfit=3.482480e-01 best=3.465442e-01
[NA] iter=00028 eval=01893 misfit=3.481965e-01 best=3.465442e-01
[NA] iter=00028 eval=01894 misfit=3.479469e-01 best=3.465442e-01
[NA] iter=00028 eval=01895 misfit=3.483882e-01 best=3.465442e-01
[NA] iter=00028 eval=01896 misfit=3.476444e-01 best=3.465442e-01
[NA] iter=00028 eval=01897 misfit=3.470151e-01 best=3.465442e-01
[NA] iter=00028 eval=01898 misfit=3.482474e-01 best=3.465442e-01
[NA] iter=00028 eval=01899 misfit=3.471285e-01 best=3.465442e-01
[NA] iter=00028 eval=01900 misfit=3.471469e-01 best=3.465442e-01
NAI - Optimisation Loop:  56%|█████▌    | 28/50 [06:48<05:35, 15.25s/it][NA] iter=00029 eval=01901 misfit=3.471254e-01 best=3.465442e-01
[NA] iter=00029 eval=01902 misfit=3.472161e-01 best=3.465442e-01
[NA] iter=00029 eval=01903 misfit=3.471364e-01 best=3.465442e-01
[NA] iter=00029 eval=01904 misfit=3.463414e-01 best=3.463414e-01
[NA] iter=00029 eval=01905 misfit=3.473484e-01 best=3.463414e-01
[NA] iter=00029 eval=01906 misfit=3.472742e-01 best=3.463414e-01
[NA] iter=00029 eval=01907 misfit=3.492191e-01 best=3.463414e-01
[NA] iter=00029 eval=01908 misfit=3.469418e-01 best=3.463414e-01
[NA] iter=00029 eval=01909 misfit=3.489146e-01 best=3.463414e-01
[NA] iter=00029 eval=01910 misfit=3.489918e-01 best=3.463414e-01
[NA] iter=00029 eval=01911 misfit=3.495853e-01 best=3.463414e-01
[NA] iter=00029 eval=01912 misfit=3.467294e-01 best=3.463414e-01
[NA] iter=00029 eval=01913 misfit=3.485668e-01 best=3.463414e-01
[NA] iter=00029 eval=01914 misfit=3.488052e-01 best=3.463414e-01
[NA] iter=00029 eval=01915 misfit=3.504273e-01 best=3.463414e-01
[NA] iter=00029 eval=01916 misfit=3.474084e-01 best=3.463414e-01
[NA] iter=00029 eval=01917 misfit=3.479804e-01 best=3.463414e-01
[NA] iter=00029 eval=01918 misfit=3.490145e-01 best=3.463414e-01
[NA] iter=00029 eval=01919 misfit=3.469313e-01 best=3.463414e-01
[NA] iter=00029 eval=01920 misfit=3.500298e-01 best=3.463414e-01
[NA] iter=00029 eval=01921 misfit=3.483045e-01 best=3.463414e-01
[NA] iter=00029 eval=01922 misfit=3.477554e-01 best=3.463414e-01
[NA] iter=00029 eval=01923 misfit=3.481879e-01 best=3.463414e-01
[NA] iter=00029 eval=01924 misfit=3.468185e-01 best=3.463414e-01
[NA] iter=00029 eval=01925 misfit=3.475842e-01 best=3.463414e-01
[NA] iter=00029 eval=01926 misfit=3.470732e-01 best=3.463414e-01
[NA] iter=00029 eval=01927 misfit=3.468920e-01 best=3.463414e-01
[NA] iter=00029 eval=01928 misfit=3.474813e-01 best=3.463414e-01
[NA] iter=00029 eval=01929 misfit=3.468995e-01 best=3.463414e-01
[NA] iter=00029 eval=01930 misfit=3.472289e-01 best=3.463414e-01
[NA] iter=00029 eval=01931 misfit=3.476039e-01 best=3.463414e-01
[NA] iter=00029 eval=01932 misfit=3.478740e-01 best=3.463414e-01
[NA] iter=00029 eval=01933 misfit=3.471825e-01 best=3.463414e-01
[NA] iter=00029 eval=01934 misfit=3.471935e-01 best=3.463414e-01
[NA] iter=00029 eval=01935 misfit=3.469288e-01 best=3.463414e-01
[NA] iter=00029 eval=01936 misfit=3.476554e-01 best=3.463414e-01
[NA] iter=00029 eval=01937 misfit=3.475909e-01 best=3.463414e-01
[NA] iter=00029 eval=01938 misfit=3.467952e-01 best=3.463414e-01
[NA] iter=00029 eval=01939 misfit=3.602792e-01 best=3.463414e-01
[NA] iter=00029 eval=01940 misfit=3.502422e-01 best=3.463414e-01
[NA] iter=00029 eval=01941 misfit=3.469757e-01 best=3.463414e-01
[NA] iter=00029 eval=01942 misfit=3.475165e-01 best=3.463414e-01
[NA] iter=00029 eval=01943 misfit=3.475343e-01 best=3.463414e-01
[NA] iter=00029 eval=01944 misfit=3.480064e-01 best=3.463414e-01
[NA] iter=00029 eval=01945 misfit=3.476272e-01 best=3.463414e-01
[NA] iter=00029 eval=01946 misfit=3.478776e-01 best=3.463414e-01
[NA] iter=00029 eval=01947 misfit=3.470814e-01 best=3.463414e-01
[NA] iter=00029 eval=01948 misfit=3.469619e-01 best=3.463414e-01
[NA] iter=00029 eval=01949 misfit=3.467514e-01 best=3.463414e-01
[NA] iter=00029 eval=01950 misfit=3.467108e-01 best=3.463414e-01
NAI - Optimisation Loop:  58%|█████▊    | 29/50 [07:03<05:19, 15.24s/it][NA] iter=00030 eval=01951 misfit=3.469321e-01 best=3.463414e-01
[NA] iter=00030 eval=01952 misfit=3.479825e-01 best=3.463414e-01
[NA] iter=00030 eval=01953 misfit=3.483521e-01 best=3.463414e-01
[NA] iter=00030 eval=01954 misfit=3.473703e-01 best=3.463414e-01
[NA] iter=00030 eval=01955 misfit=3.469961e-01 best=3.463414e-01
[NA] iter=00030 eval=01956 misfit=3.465100e-01 best=3.463414e-01
[NA] iter=00030 eval=01957 misfit=3.465675e-01 best=3.463414e-01
[NA] iter=00030 eval=01958 misfit=3.470673e-01 best=3.463414e-01
[NA] iter=00030 eval=01959 misfit=3.470735e-01 best=3.463414e-01
[NA] iter=00030 eval=01960 misfit=3.472407e-01 best=3.463414e-01
[NA] iter=00030 eval=01961 misfit=3.469206e-01 best=3.463414e-01
[NA] iter=00030 eval=01962 misfit=3.470878e-01 best=3.463414e-01
[NA] iter=00030 eval=01963 misfit=3.486330e-01 best=3.463414e-01
[NA] iter=00030 eval=01964 misfit=3.469860e-01 best=3.463414e-01
[NA] iter=00030 eval=01965 misfit=3.467762e-01 best=3.463414e-01
[NA] iter=00030 eval=01966 misfit=3.487795e-01 best=3.463414e-01
[NA] iter=00030 eval=01967 misfit=3.466801e-01 best=3.463414e-01
[NA] iter=00030 eval=01968 misfit=3.491160e-01 best=3.463414e-01
[NA] iter=00030 eval=01969 misfit=3.483988e-01 best=3.463414e-01
[NA] iter=00030 eval=01970 misfit=3.489019e-01 best=3.463414e-01
[NA] iter=00030 eval=01971 misfit=3.489101e-01 best=3.463414e-01
[NA] iter=00030 eval=01972 misfit=3.566133e-01 best=3.463414e-01
[NA] iter=00030 eval=01973 misfit=3.626342e-01 best=3.463414e-01
[NA] iter=00030 eval=01974 misfit=3.569634e-01 best=3.463414e-01
[NA] iter=00030 eval=01975 misfit=3.558801e-01 best=3.463414e-01
[NA] iter=00030 eval=01976 misfit=3.467143e-01 best=3.463414e-01
[NA] iter=00030 eval=01977 misfit=3.482482e-01 best=3.463414e-01
[NA] iter=00030 eval=01978 misfit=3.466922e-01 best=3.463414e-01
[NA] iter=00030 eval=01979 misfit=3.471631e-01 best=3.463414e-01
[NA] iter=00030 eval=01980 misfit=3.486288e-01 best=3.463414e-01
[NA] iter=00030 eval=01981 misfit=3.473588e-01 best=3.463414e-01
[NA] iter=00030 eval=01982 misfit=3.475788e-01 best=3.463414e-01
[NA] iter=00030 eval=01983 misfit=3.464137e-01 best=3.463414e-01
[NA] iter=00030 eval=01984 misfit=3.491802e-01 best=3.463414e-01
[NA] iter=00030 eval=01985 misfit=3.474428e-01 best=3.463414e-01
[NA] iter=00030 eval=01986 misfit=3.476306e-01 best=3.463414e-01
[NA] iter=00030 eval=01987 misfit=3.469976e-01 best=3.463414e-01
[NA] iter=00030 eval=01988 misfit=3.481459e-01 best=3.463414e-01
[NA] iter=00030 eval=01989 misfit=3.479855e-01 best=3.463414e-01
[NA] iter=00030 eval=01990 misfit=3.482478e-01 best=3.463414e-01
[NA] iter=00030 eval=01991 misfit=3.478661e-01 best=3.463414e-01
[NA] iter=00030 eval=01992 misfit=3.473228e-01 best=3.463414e-01
[NA] iter=00030 eval=01993 misfit=3.478203e-01 best=3.463414e-01
[NA] iter=00030 eval=01994 misfit=3.476021e-01 best=3.463414e-01
[NA] iter=00030 eval=01995 misfit=3.472544e-01 best=3.463414e-01
[NA] iter=00030 eval=01996 misfit=3.482850e-01 best=3.463414e-01
[NA] iter=00030 eval=01997 misfit=3.508337e-01 best=3.463414e-01
[NA] iter=00030 eval=01998 misfit=3.481967e-01 best=3.463414e-01
[NA] iter=00030 eval=01999 misfit=3.478645e-01 best=3.463414e-01
[NA] iter=00030 eval=02000 misfit=3.477315e-01 best=3.463414e-01
NAI - Optimisation Loop:  60%|██████    | 30/50 [07:19<05:07, 15.37s/it][NA] iter=00031 eval=02001 misfit=3.472618e-01 best=3.463414e-01
[NA] iter=00031 eval=02002 misfit=3.464474e-01 best=3.463414e-01
[NA] iter=00031 eval=02003 misfit=3.469127e-01 best=3.463414e-01
[NA] iter=00031 eval=02004 misfit=3.463804e-01 best=3.463414e-01
[NA] iter=00031 eval=02005 misfit=3.470367e-01 best=3.463414e-01
[NA] iter=00031 eval=02006 misfit=3.499752e-01 best=3.463414e-01
[NA] iter=00031 eval=02007 misfit=3.470843e-01 best=3.463414e-01
[NA] iter=00031 eval=02008 misfit=3.477025e-01 best=3.463414e-01
[NA] iter=00031 eval=02009 misfit=3.475718e-01 best=3.463414e-01
[NA] iter=00031 eval=02010 misfit=3.467455e-01 best=3.463414e-01
[NA] iter=00031 eval=02011 misfit=3.469063e-01 best=3.463414e-01
[NA] iter=00031 eval=02012 misfit=3.473497e-01 best=3.463414e-01
[NA] iter=00031 eval=02013 misfit=3.472659e-01 best=3.463414e-01
[NA] iter=00031 eval=02014 misfit=3.474369e-01 best=3.463414e-01
[NA] iter=00031 eval=02015 misfit=3.472345e-01 best=3.463414e-01
[NA] iter=00031 eval=02016 misfit=3.472099e-01 best=3.463414e-01
[NA] iter=00031 eval=02017 misfit=3.471236e-01 best=3.463414e-01
[NA] iter=00031 eval=02018 misfit=3.464238e-01 best=3.463414e-01
[NA] iter=00031 eval=02019 misfit=3.474726e-01 best=3.463414e-01
[NA] iter=00031 eval=02020 misfit=3.476203e-01 best=3.463414e-01
[NA] iter=00031 eval=02021 misfit=3.467369e-01 best=3.463414e-01
[NA] iter=00031 eval=02022 misfit=3.470177e-01 best=3.463414e-01
[NA] iter=00031 eval=02023 misfit=3.469076e-01 best=3.463414e-01
[NA] iter=00031 eval=02024 misfit=3.468608e-01 best=3.463414e-01
[NA] iter=00031 eval=02025 misfit=3.466505e-01 best=3.463414e-01
[NA] iter=00031 eval=02026 misfit=3.477453e-01 best=3.463414e-01
[NA] iter=00031 eval=02027 misfit=3.467604e-01 best=3.463414e-01
[NA] iter=00031 eval=02028 misfit=3.468716e-01 best=3.463414e-01
[NA] iter=00031 eval=02029 misfit=3.468885e-01 best=3.463414e-01
[NA] iter=00031 eval=02030 misfit=3.470627e-01 best=3.463414e-01
[NA] iter=00031 eval=02031 misfit=3.475350e-01 best=3.463414e-01
[NA] iter=00031 eval=02032 misfit=3.477979e-01 best=3.463414e-01
[NA] iter=00031 eval=02033 misfit=3.469041e-01 best=3.463414e-01
[NA] iter=00031 eval=02034 misfit=3.477506e-01 best=3.463414e-01
[NA] iter=00031 eval=02035 misfit=3.469678e-01 best=3.463414e-01
[NA] iter=00031 eval=02036 misfit=3.474456e-01 best=3.463414e-01
[NA] iter=00031 eval=02037 misfit=3.480273e-01 best=3.463414e-01
[NA] iter=00031 eval=02038 misfit=3.480729e-01 best=3.463414e-01
[NA] iter=00031 eval=02039 misfit=3.472474e-01 best=3.463414e-01
[NA] iter=00031 eval=02040 misfit=3.478776e-01 best=3.463414e-01
[NA] iter=00031 eval=02041 misfit=3.489894e-01 best=3.463414e-01
[NA] iter=00031 eval=02042 misfit=3.468443e-01 best=3.463414e-01
[NA] iter=00031 eval=02043 misfit=3.486218e-01 best=3.463414e-01
[NA] iter=00031 eval=02044 misfit=3.488808e-01 best=3.463414e-01
[NA] iter=00031 eval=02045 misfit=3.473641e-01 best=3.463414e-01
[NA] iter=00031 eval=02046 misfit=3.487559e-01 best=3.463414e-01
[NA] iter=00031 eval=02047 misfit=3.491052e-01 best=3.463414e-01
[NA] iter=00031 eval=02048 misfit=3.490582e-01 best=3.463414e-01
[NA] iter=00031 eval=02049 misfit=3.468528e-01 best=3.463414e-01
[NA] iter=00031 eval=02050 misfit=3.477585e-01 best=3.463414e-01
NAI - Optimisation Loop:  62%|██████▏   | 31/50 [07:34<04:49, 15.21s/it][NA] iter=00032 eval=02051 misfit=3.462645e-01 best=3.462645e-01
[NA] iter=00032 eval=02052 misfit=3.469553e-01 best=3.462645e-01
[NA] iter=00032 eval=02053 misfit=3.463219e-01 best=3.462645e-01
[NA] iter=00032 eval=02054 misfit=3.463335e-01 best=3.462645e-01
[NA] iter=00032 eval=02055 misfit=3.464107e-01 best=3.462645e-01
[NA] iter=00032 eval=02056 misfit=3.468466e-01 best=3.462645e-01
[NA] iter=00032 eval=02057 misfit=3.463395e-01 best=3.462645e-01
[NA] iter=00032 eval=02058 misfit=3.467840e-01 best=3.462645e-01
[NA] iter=00032 eval=02059 misfit=3.464279e-01 best=3.462645e-01
[NA] iter=00032 eval=02060 misfit=3.464049e-01 best=3.462645e-01
[NA] iter=00032 eval=02061 misfit=3.468368e-01 best=3.462645e-01
[NA] iter=00032 eval=02062 misfit=3.471185e-01 best=3.462645e-01
[NA] iter=00032 eval=02063 misfit=3.473491e-01 best=3.462645e-01
[NA] iter=00032 eval=02064 misfit=3.470871e-01 best=3.462645e-01
[NA] iter=00032 eval=02065 misfit=3.467770e-01 best=3.462645e-01
[NA] iter=00032 eval=02066 misfit=3.464708e-01 best=3.462645e-01
[NA] iter=00032 eval=02067 misfit=3.464677e-01 best=3.462645e-01
[NA] iter=00032 eval=02068 misfit=3.464175e-01 best=3.462645e-01
[NA] iter=00032 eval=02069 misfit=3.470039e-01 best=3.462645e-01
[NA] iter=00032 eval=02070 misfit=3.461448e-01 best=3.461448e-01
[NA] iter=00032 eval=02071 misfit=3.470854e-01 best=3.461448e-01
[NA] iter=00032 eval=02072 misfit=3.470189e-01 best=3.461448e-01
[NA] iter=00032 eval=02073 misfit=3.469850e-01 best=3.461448e-01
[NA] iter=00032 eval=02074 misfit=3.464848e-01 best=3.461448e-01
[NA] iter=00032 eval=02075 misfit=3.464721e-01 best=3.461448e-01
[NA] iter=00032 eval=02076 misfit=3.471450e-01 best=3.461448e-01
[NA] iter=00032 eval=02077 misfit=3.471825e-01 best=3.461448e-01
[NA] iter=00032 eval=02078 misfit=3.472040e-01 best=3.461448e-01
[NA] iter=00032 eval=02079 misfit=3.465295e-01 best=3.461448e-01
[NA] iter=00032 eval=02080 misfit=3.464711e-01 best=3.461448e-01
[NA] iter=00032 eval=02081 misfit=3.470694e-01 best=3.461448e-01
[NA] iter=00032 eval=02082 misfit=3.465006e-01 best=3.461448e-01
[NA] iter=00032 eval=02083 misfit=3.465098e-01 best=3.461448e-01
[NA] iter=00032 eval=02084 misfit=3.464727e-01 best=3.461448e-01
[NA] iter=00032 eval=02085 misfit=3.470198e-01 best=3.461448e-01
[NA] iter=00032 eval=02086 misfit=3.470942e-01 best=3.461448e-01
[NA] iter=00032 eval=02087 misfit=3.469816e-01 best=3.461448e-01
[NA] iter=00032 eval=02088 misfit=3.470320e-01 best=3.461448e-01
[NA] iter=00032 eval=02089 misfit=3.471577e-01 best=3.461448e-01
[NA] iter=00032 eval=02090 misfit=3.472645e-01 best=3.461448e-01
[NA] iter=00032 eval=02091 misfit=3.471200e-01 best=3.461448e-01
[NA] iter=00032 eval=02092 misfit=3.471116e-01 best=3.461448e-01
[NA] iter=00032 eval=02093 misfit=3.474728e-01 best=3.461448e-01
[NA] iter=00032 eval=02094 misfit=3.471240e-01 best=3.461448e-01
[NA] iter=00032 eval=02095 misfit=3.474522e-01 best=3.461448e-01
[NA] iter=00032 eval=02096 misfit=3.468172e-01 best=3.461448e-01
[NA] iter=00032 eval=02097 misfit=3.475196e-01 best=3.461448e-01
[NA] iter=00032 eval=02098 misfit=3.475362e-01 best=3.461448e-01
[NA] iter=00032 eval=02099 misfit=3.466868e-01 best=3.461448e-01
[NA] iter=00032 eval=02100 misfit=3.469222e-01 best=3.461448e-01
NAI - Optimisation Loop:  64%|██████▍   | 32/50 [07:50<04:35, 15.33s/it][NA] iter=00033 eval=02101 misfit=3.476313e-01 best=3.461448e-01
[NA] iter=00033 eval=02102 misfit=3.469388e-01 best=3.461448e-01
[NA] iter=00033 eval=02103 misfit=3.471362e-01 best=3.461448e-01
[NA] iter=00033 eval=02104 misfit=3.472092e-01 best=3.461448e-01
[NA] iter=00033 eval=02105 misfit=3.470357e-01 best=3.461448e-01
[NA] iter=00033 eval=02106 misfit=3.470498e-01 best=3.461448e-01
[NA] iter=00033 eval=02107 misfit=3.462796e-01 best=3.461448e-01
[NA] iter=00033 eval=02108 misfit=3.462674e-01 best=3.461448e-01
[NA] iter=00033 eval=02109 misfit=3.470755e-01 best=3.461448e-01
[NA] iter=00033 eval=02110 misfit=3.462498e-01 best=3.461448e-01
[NA] iter=00033 eval=02111 misfit=3.477476e-01 best=3.461448e-01
[NA] iter=00033 eval=02112 misfit=3.463467e-01 best=3.461448e-01
[NA] iter=00033 eval=02113 misfit=3.463334e-01 best=3.461448e-01
[NA] iter=00033 eval=02114 misfit=3.466914e-01 best=3.461448e-01
[NA] iter=00033 eval=02115 misfit=3.462608e-01 best=3.461448e-01
[NA] iter=00033 eval=02116 misfit=3.463644e-01 best=3.461448e-01
[NA] iter=00033 eval=02117 misfit=3.470809e-01 best=3.461448e-01
[NA] iter=00033 eval=02118 misfit=3.463604e-01 best=3.461448e-01
[NA] iter=00033 eval=02119 misfit=3.463753e-01 best=3.461448e-01
[NA] iter=00033 eval=02120 misfit=3.471565e-01 best=3.461448e-01
[NA] iter=00033 eval=02121 misfit=3.470512e-01 best=3.461448e-01
[NA] iter=00033 eval=02122 misfit=3.463983e-01 best=3.461448e-01
[NA] iter=00033 eval=02123 misfit=3.463626e-01 best=3.461448e-01
[NA] iter=00033 eval=02124 misfit=3.462999e-01 best=3.461448e-01
[NA] iter=00033 eval=02125 misfit=3.463807e-01 best=3.461448e-01
[NA] iter=00033 eval=02126 misfit=3.468211e-01 best=3.461448e-01
[NA] iter=00033 eval=02127 misfit=3.463327e-01 best=3.461448e-01
[NA] iter=00033 eval=02128 misfit=3.463451e-01 best=3.461448e-01
[NA] iter=00033 eval=02129 misfit=3.469573e-01 best=3.461448e-01
[NA] iter=00033 eval=02130 misfit=3.464059e-01 best=3.461448e-01
[NA] iter=00033 eval=02131 misfit=3.469240e-01 best=3.461448e-01
[NA] iter=00033 eval=02132 misfit=3.469600e-01 best=3.461448e-01
[NA] iter=00033 eval=02133 misfit=3.463740e-01 best=3.461448e-01
[NA] iter=00033 eval=02134 misfit=3.463392e-01 best=3.461448e-01
[NA] iter=00033 eval=02135 misfit=3.469200e-01 best=3.461448e-01
[NA] iter=00033 eval=02136 misfit=3.468411e-01 best=3.461448e-01
[NA] iter=00033 eval=02137 misfit=3.488324e-01 best=3.461448e-01
[NA] iter=00033 eval=02138 misfit=3.488572e-01 best=3.461448e-01
[NA] iter=00033 eval=02139 misfit=3.470515e-01 best=3.461448e-01
[NA] iter=00033 eval=02140 misfit=3.469195e-01 best=3.461448e-01
[NA] iter=00033 eval=02141 misfit=3.464213e-01 best=3.461448e-01
[NA] iter=00033 eval=02142 misfit=3.470738e-01 best=3.461448e-01
[NA] iter=00033 eval=02143 misfit=3.471157e-01 best=3.461448e-01
[NA] iter=00033 eval=02144 misfit=3.470666e-01 best=3.461448e-01
[NA] iter=00033 eval=02145 misfit=3.469986e-01 best=3.461448e-01
[NA] iter=00033 eval=02146 misfit=3.472378e-01 best=3.461448e-01
[NA] iter=00033 eval=02147 misfit=3.471828e-01 best=3.461448e-01
[NA] iter=00033 eval=02148 misfit=3.464557e-01 best=3.461448e-01
[NA] iter=00033 eval=02149 misfit=3.467616e-01 best=3.461448e-01
[NA] iter=00033 eval=02150 misfit=3.471844e-01 best=3.461448e-01
NAI - Optimisation Loop:  66%|██████▌   | 33/50 [08:05<04:21, 15.36s/it][NA] iter=00034 eval=02151 misfit=3.464651e-01 best=3.461448e-01
[NA] iter=00034 eval=02152 misfit=3.471820e-01 best=3.461448e-01
[NA] iter=00034 eval=02153 misfit=3.460849e-01 best=3.460849e-01
[NA] iter=00034 eval=02154 misfit=3.469778e-01 best=3.460849e-01
[NA] iter=00034 eval=02155 misfit=3.465356e-01 best=3.460849e-01
[NA] iter=00034 eval=02156 misfit=3.470474e-01 best=3.460849e-01
[NA] iter=00034 eval=02157 misfit=3.469566e-01 best=3.460849e-01
[NA] iter=00034 eval=02158 misfit=3.471598e-01 best=3.460849e-01
[NA] iter=00034 eval=02159 misfit=3.465369e-01 best=3.460849e-01
[NA] iter=00034 eval=02160 misfit=3.471595e-01 best=3.460849e-01
[NA] iter=00034 eval=02161 misfit=3.475754e-01 best=3.460849e-01
[NA] iter=00034 eval=02162 misfit=3.476808e-01 best=3.460849e-01
[NA] iter=00034 eval=02163 misfit=3.475678e-01 best=3.460849e-01
[NA] iter=00034 eval=02164 misfit=3.490491e-01 best=3.460849e-01
[NA] iter=00034 eval=02165 misfit=3.463025e-01 best=3.460849e-01
[NA] iter=00034 eval=02166 misfit=3.469743e-01 best=3.460849e-01
[NA] iter=00034 eval=02167 misfit=3.462880e-01 best=3.460849e-01
[NA] iter=00034 eval=02168 misfit=3.463135e-01 best=3.460849e-01
[NA] iter=00034 eval=02169 misfit=3.463116e-01 best=3.460849e-01
[NA] iter=00034 eval=02170 misfit=3.462719e-01 best=3.460849e-01
[NA] iter=00034 eval=02171 misfit=3.471217e-01 best=3.460849e-01
[NA] iter=00034 eval=02172 misfit=3.469671e-01 best=3.460849e-01
[NA] iter=00034 eval=02173 misfit=3.462709e-01 best=3.460849e-01
[NA] iter=00034 eval=02174 misfit=3.469741e-01 best=3.460849e-01
[NA] iter=00034 eval=02175 misfit=3.470427e-01 best=3.460849e-01
[NA] iter=00034 eval=02176 misfit=3.462802e-01 best=3.460849e-01
[NA] iter=00034 eval=02177 misfit=3.470439e-01 best=3.460849e-01
[NA] iter=00034 eval=02178 misfit=3.462169e-01 best=3.460849e-01
[NA] iter=00034 eval=02179 misfit=3.470303e-01 best=3.460849e-01
[NA] iter=00034 eval=02180 misfit=3.468993e-01 best=3.460849e-01
[NA] iter=00034 eval=02181 misfit=3.463031e-01 best=3.460849e-01
[NA] iter=00034 eval=02182 misfit=3.463520e-01 best=3.460849e-01
[NA] iter=00034 eval=02183 misfit=3.471261e-01 best=3.460849e-01
[NA] iter=00034 eval=02184 misfit=3.469054e-01 best=3.460849e-01
[NA] iter=00034 eval=02185 misfit=3.468209e-01 best=3.460849e-01
[NA] iter=00034 eval=02186 misfit=3.463172e-01 best=3.460849e-01
[NA] iter=00034 eval=02187 misfit=3.463390e-01 best=3.460849e-01
[NA] iter=00034 eval=02188 misfit=3.463431e-01 best=3.460849e-01
[NA] iter=00034 eval=02189 misfit=3.463205e-01 best=3.460849e-01
[NA] iter=00034 eval=02190 misfit=3.463237e-01 best=3.460849e-01
[NA] iter=00034 eval=02191 misfit=3.463617e-01 best=3.460849e-01
[NA] iter=00034 eval=02192 misfit=3.471160e-01 best=3.460849e-01
[NA] iter=00034 eval=02193 misfit=3.470175e-01 best=3.460849e-01
[NA] iter=00034 eval=02194 misfit=3.471108e-01 best=3.460849e-01
[NA] iter=00034 eval=02195 misfit=3.463392e-01 best=3.460849e-01
[NA] iter=00034 eval=02196 misfit=3.471445e-01 best=3.460849e-01
[NA] iter=00034 eval=02197 misfit=3.463486e-01 best=3.460849e-01
[NA] iter=00034 eval=02198 misfit=3.463325e-01 best=3.460849e-01
[NA] iter=00034 eval=02199 misfit=3.470412e-01 best=3.460849e-01
[NA] iter=00034 eval=02200 misfit=3.463718e-01 best=3.460849e-01
NAI - Optimisation Loop:  68%|██████▊   | 34/50 [08:19<03:58, 14.89s/it][NA] iter=00035 eval=02201 misfit=3.464418e-01 best=3.460849e-01
[NA] iter=00035 eval=02202 misfit=3.468627e-01 best=3.460849e-01
[NA] iter=00035 eval=02203 misfit=3.470091e-01 best=3.460849e-01
[NA] iter=00035 eval=02204 misfit=3.461198e-01 best=3.460849e-01
[NA] iter=00035 eval=02205 misfit=3.469042e-01 best=3.460849e-01
[NA] iter=00035 eval=02206 misfit=3.471399e-01 best=3.460849e-01
[NA] iter=00035 eval=02207 misfit=3.464409e-01 best=3.460849e-01
[NA] iter=00035 eval=02208 misfit=3.467517e-01 best=3.460849e-01
[NA] iter=00035 eval=02209 misfit=3.469923e-01 best=3.460849e-01
[NA] iter=00035 eval=02210 misfit=3.465233e-01 best=3.460849e-01
[NA] iter=00035 eval=02211 misfit=3.468827e-01 best=3.460849e-01
[NA] iter=00035 eval=02212 misfit=3.468794e-01 best=3.460849e-01
[NA] iter=00035 eval=02213 misfit=3.469294e-01 best=3.460849e-01
[NA] iter=00035 eval=02214 misfit=3.467989e-01 best=3.460849e-01
[NA] iter=00035 eval=02215 misfit=3.462469e-01 best=3.460849e-01
[NA] iter=00035 eval=02216 misfit=3.470298e-01 best=3.460849e-01
[NA] iter=00035 eval=02217 misfit=3.462605e-01 best=3.460849e-01
[NA] iter=00035 eval=02218 misfit=3.462869e-01 best=3.460849e-01
[NA] iter=00035 eval=02219 misfit=3.463303e-01 best=3.460849e-01
[NA] iter=00035 eval=02220 misfit=3.462180e-01 best=3.460849e-01
[NA] iter=00035 eval=02221 misfit=3.468507e-01 best=3.460849e-01
[NA] iter=00035 eval=02222 misfit=3.467840e-01 best=3.460849e-01
[NA] iter=00035 eval=02223 misfit=3.477648e-01 best=3.460849e-01
[NA] iter=00035 eval=02224 misfit=3.469834e-01 best=3.460849e-01
[NA] iter=00035 eval=02225 misfit=3.463391e-01 best=3.460849e-01
[NA] iter=00035 eval=02226 misfit=3.462706e-01 best=3.460849e-01
[NA] iter=00035 eval=02227 misfit=3.462572e-01 best=3.460849e-01
[NA] iter=00035 eval=02228 misfit=3.462485e-01 best=3.460849e-01
[NA] iter=00035 eval=02229 misfit=3.462230e-01 best=3.460849e-01
[NA] iter=00035 eval=02230 misfit=3.462697e-01 best=3.460849e-01
[NA] iter=00035 eval=02231 misfit=3.462397e-01 best=3.460849e-01
[NA] iter=00035 eval=02232 misfit=3.462976e-01 best=3.460849e-01
[NA] iter=00035 eval=02233 misfit=3.465912e-01 best=3.460849e-01
[NA] iter=00035 eval=02234 misfit=3.468996e-01 best=3.460849e-01
[NA] iter=00035 eval=02235 misfit=3.462472e-01 best=3.460849e-01
[NA] iter=00035 eval=02236 misfit=3.463016e-01 best=3.460849e-01
[NA] iter=00035 eval=02237 misfit=3.465922e-01 best=3.460849e-01
[NA] iter=00035 eval=02238 misfit=3.462856e-01 best=3.460849e-01
[NA] iter=00035 eval=02239 misfit=3.463043e-01 best=3.460849e-01
[NA] iter=00035 eval=02240 misfit=3.462729e-01 best=3.460849e-01
[NA] iter=00035 eval=02241 misfit=3.467051e-01 best=3.460849e-01
[NA] iter=00035 eval=02242 misfit=3.462731e-01 best=3.460849e-01
[NA] iter=00035 eval=02243 misfit=3.466533e-01 best=3.460849e-01
[NA] iter=00035 eval=02244 misfit=3.462590e-01 best=3.460849e-01
[NA] iter=00035 eval=02245 misfit=3.467158e-01 best=3.460849e-01
[NA] iter=00035 eval=02246 misfit=3.463294e-01 best=3.460849e-01
[NA] iter=00035 eval=02247 misfit=3.462773e-01 best=3.460849e-01
[NA] iter=00035 eval=02248 misfit=3.469909e-01 best=3.460849e-01
[NA] iter=00035 eval=02249 misfit=3.470336e-01 best=3.460849e-01
[NA] iter=00035 eval=02250 misfit=3.469974e-01 best=3.460849e-01
NAI - Optimisation Loop:  70%|███████   | 35/50 [08:34<03:42, 14.86s/it][NA] iter=00036 eval=02251 misfit=3.468592e-01 best=3.460849e-01
[NA] iter=00036 eval=02252 misfit=3.468281e-01 best=3.460849e-01
[NA] iter=00036 eval=02253 misfit=3.469709e-01 best=3.460849e-01
[NA] iter=00036 eval=02254 misfit=3.469091e-01 best=3.460849e-01
[NA] iter=00036 eval=02255 misfit=3.469799e-01 best=3.460849e-01
[NA] iter=00036 eval=02256 misfit=3.483720e-01 best=3.460849e-01
[NA] iter=00036 eval=02257 misfit=3.470431e-01 best=3.460849e-01
[NA] iter=00036 eval=02258 misfit=3.472058e-01 best=3.460849e-01
[NA] iter=00036 eval=02259 misfit=3.470005e-01 best=3.460849e-01
[NA] iter=00036 eval=02260 misfit=3.470366e-01 best=3.460849e-01
[NA] iter=00036 eval=02261 misfit=3.469070e-01 best=3.460849e-01
[NA] iter=00036 eval=02262 misfit=3.461723e-01 best=3.460849e-01
[NA] iter=00036 eval=02263 misfit=3.464276e-01 best=3.460849e-01
[NA] iter=00036 eval=02264 misfit=3.461747e-01 best=3.460849e-01
[NA] iter=00036 eval=02265 misfit=3.461454e-01 best=3.460849e-01
[NA] iter=00036 eval=02266 misfit=3.462318e-01 best=3.460849e-01
[NA] iter=00036 eval=02267 misfit=3.462168e-01 best=3.460849e-01
[NA] iter=00036 eval=02268 misfit=3.468891e-01 best=3.460849e-01
[NA] iter=00036 eval=02269 misfit=3.462219e-01 best=3.460849e-01
[NA] iter=00036 eval=02270 misfit=3.469228e-01 best=3.460849e-01
[NA] iter=00036 eval=02271 misfit=3.457716e-01 best=3.457716e-01
[NA] iter=00036 eval=02272 misfit=3.458180e-01 best=3.457716e-01
[NA] iter=00036 eval=02273 misfit=3.464323e-01 best=3.457716e-01
[NA] iter=00036 eval=02274 misfit=3.468902e-01 best=3.457716e-01
[NA] iter=00036 eval=02275 misfit=3.469127e-01 best=3.457716e-01
[NA] iter=00036 eval=02276 misfit=3.469415e-01 best=3.457716e-01
[NA] iter=00036 eval=02277 misfit=3.469508e-01 best=3.457716e-01
[NA] iter=00036 eval=02278 misfit=3.468971e-01 best=3.457716e-01
[NA] iter=00036 eval=02279 misfit=3.469803e-01 best=3.457716e-01
[NA] iter=00036 eval=02280 misfit=3.462129e-01 best=3.457716e-01
[NA] iter=00036 eval=02281 misfit=3.466054e-01 best=3.457716e-01
[NA] iter=00036 eval=02282 misfit=3.467568e-01 best=3.457716e-01
[NA] iter=00036 eval=02283 misfit=3.462994e-01 best=3.457716e-01
[NA] iter=00036 eval=02284 misfit=3.462444e-01 best=3.457716e-01
[NA] iter=00036 eval=02285 misfit=3.462606e-01 best=3.457716e-01
[NA] iter=00036 eval=02286 misfit=3.468721e-01 best=3.457716e-01
[NA] iter=00036 eval=02287 misfit=3.462751e-01 best=3.457716e-01
[NA] iter=00036 eval=02288 misfit=3.462534e-01 best=3.457716e-01
[NA] iter=00036 eval=02289 misfit=3.469197e-01 best=3.457716e-01
[NA] iter=00036 eval=02290 misfit=3.468260e-01 best=3.457716e-01
[NA] iter=00036 eval=02291 misfit=3.462342e-01 best=3.457716e-01
[NA] iter=00036 eval=02292 misfit=3.470506e-01 best=3.457716e-01
[NA] iter=00036 eval=02293 misfit=3.470350e-01 best=3.457716e-01
[NA] iter=00036 eval=02294 misfit=3.470973e-01 best=3.457716e-01
[NA] iter=00036 eval=02295 misfit=3.470438e-01 best=3.457716e-01
[NA] iter=00036 eval=02296 misfit=3.462528e-01 best=3.457716e-01
[NA] iter=00036 eval=02297 misfit=3.469542e-01 best=3.457716e-01
[NA] iter=00036 eval=02298 misfit=3.462522e-01 best=3.457716e-01
[NA] iter=00036 eval=02299 misfit=3.462407e-01 best=3.457716e-01
[NA] iter=00036 eval=02300 misfit=3.462572e-01 best=3.457716e-01
NAI - Optimisation Loop:  72%|███████▏  | 36/50 [08:47<03:22, 14.47s/it][NA] iter=00037 eval=02301 misfit=3.469139e-01 best=3.457716e-01
[NA] iter=00037 eval=02302 misfit=3.471337e-01 best=3.457716e-01
[NA] iter=00037 eval=02303 misfit=3.457699e-01 best=3.457699e-01
[NA] iter=00037 eval=02304 misfit=3.464164e-01 best=3.457699e-01
[NA] iter=00037 eval=02305 misfit=3.457985e-01 best=3.457699e-01
[NA] iter=00037 eval=02306 misfit=3.465514e-01 best=3.457699e-01
[NA] iter=00037 eval=02307 misfit=3.468780e-01 best=3.457699e-01
[NA] iter=00037 eval=02308 misfit=3.461800e-01 best=3.457699e-01
[NA] iter=00037 eval=02309 misfit=3.461954e-01 best=3.457699e-01
[NA] iter=00037 eval=02310 misfit=3.462099e-01 best=3.457699e-01
[NA] iter=00037 eval=02311 misfit=3.460864e-01 best=3.457699e-01
[NA] iter=00037 eval=02312 misfit=3.463930e-01 best=3.457699e-01
[NA] iter=00037 eval=02313 misfit=3.463882e-01 best=3.457699e-01
[NA] iter=00037 eval=02314 misfit=3.463888e-01 best=3.457699e-01
[NA] iter=00037 eval=02315 misfit=3.468205e-01 best=3.457699e-01
[NA] iter=00037 eval=02316 misfit=3.461243e-01 best=3.457699e-01
[NA] iter=00037 eval=02317 misfit=3.470566e-01 best=3.457699e-01
[NA] iter=00037 eval=02318 misfit=3.470288e-01 best=3.457699e-01
[NA] iter=00037 eval=02319 misfit=3.470688e-01 best=3.457699e-01
[NA] iter=00037 eval=02320 misfit=3.470305e-01 best=3.457699e-01
[NA] iter=00037 eval=02321 misfit=3.459094e-01 best=3.457699e-01
[NA] iter=00037 eval=02322 misfit=3.461058e-01 best=3.457699e-01
[NA] iter=00037 eval=02323 misfit=3.461490e-01 best=3.457699e-01
[NA] iter=00037 eval=02324 misfit=3.459248e-01 best=3.457699e-01
[NA] iter=00037 eval=02325 misfit=3.461272e-01 best=3.457699e-01
[NA] iter=00037 eval=02326 misfit=3.461759e-01 best=3.457699e-01
[NA] iter=00037 eval=02327 misfit=3.462001e-01 best=3.457699e-01
[NA] iter=00037 eval=02328 misfit=3.466370e-01 best=3.457699e-01
[NA] iter=00037 eval=02329 misfit=3.461904e-01 best=3.457699e-01
[NA] iter=00037 eval=02330 misfit=3.465464e-01 best=3.457699e-01
[NA] iter=00037 eval=02331 misfit=3.464890e-01 best=3.457699e-01
[NA] iter=00037 eval=02332 misfit=3.465008e-01 best=3.457699e-01
[NA] iter=00037 eval=02333 misfit=3.464930e-01 best=3.457699e-01
[NA] iter=00037 eval=02334 misfit=3.464813e-01 best=3.457699e-01
[NA] iter=00037 eval=02335 misfit=3.464956e-01 best=3.457699e-01
[NA] iter=00037 eval=02336 misfit=3.461381e-01 best=3.457699e-01
[NA] iter=00037 eval=02337 misfit=3.459605e-01 best=3.457699e-01
[NA] iter=00037 eval=02338 misfit=3.461884e-01 best=3.457699e-01
[NA] iter=00037 eval=02339 misfit=3.459524e-01 best=3.457699e-01
[NA] iter=00037 eval=02340 misfit=3.461492e-01 best=3.457699e-01
[NA] iter=00037 eval=02341 misfit=3.468613e-01 best=3.457699e-01
[NA] iter=00037 eval=02342 misfit=3.468220e-01 best=3.457699e-01
[NA] iter=00037 eval=02343 misfit=3.458737e-01 best=3.457699e-01
[NA] iter=00037 eval=02344 misfit=3.464624e-01 best=3.457699e-01
[NA] iter=00037 eval=02345 misfit=3.462398e-01 best=3.457699e-01
[NA] iter=00037 eval=02346 misfit=3.462256e-01 best=3.457699e-01
[NA] iter=00037 eval=02347 misfit=3.462448e-01 best=3.457699e-01
[NA] iter=00037 eval=02348 misfit=3.469186e-01 best=3.457699e-01
[NA] iter=00037 eval=02349 misfit=3.468783e-01 best=3.457699e-01
[NA] iter=00037 eval=02350 misfit=3.462507e-01 best=3.457699e-01
NAI - Optimisation Loop:  74%|███████▍  | 37/50 [09:01<03:05, 14.29s/it][NA] iter=00038 eval=02351 misfit=3.469549e-01 best=3.457699e-01
[NA] iter=00038 eval=02352 misfit=3.457421e-01 best=3.457421e-01
[NA] iter=00038 eval=02353 misfit=3.469767e-01 best=3.457421e-01
[NA] iter=00038 eval=02354 misfit=3.468812e-01 best=3.457421e-01
[NA] iter=00038 eval=02355 misfit=3.464553e-01 best=3.457421e-01
[NA] iter=00038 eval=02356 misfit=3.464268e-01 best=3.457421e-01
[NA] iter=00038 eval=02357 misfit=3.463859e-01 best=3.457421e-01
[NA] iter=00038 eval=02358 misfit=3.464302e-01 best=3.457421e-01
[NA] iter=00038 eval=02359 misfit=3.457717e-01 best=3.457421e-01
[NA] iter=00038 eval=02360 misfit=3.464200e-01 best=3.457421e-01
[NA] iter=00038 eval=02361 misfit=3.457825e-01 best=3.457421e-01
[NA] iter=00038 eval=02362 misfit=3.457448e-01 best=3.457421e-01
[NA] iter=00038 eval=02363 misfit=3.457716e-01 best=3.457421e-01
[NA] iter=00038 eval=02364 misfit=3.471220e-01 best=3.457421e-01
[NA] iter=00038 eval=02365 misfit=3.464454e-01 best=3.457421e-01
[NA] iter=00038 eval=02366 misfit=3.463514e-01 best=3.457421e-01
[NA] iter=00038 eval=02367 misfit=3.458279e-01 best=3.457421e-01
[NA] iter=00038 eval=02368 misfit=3.457577e-01 best=3.457421e-01
[NA] iter=00038 eval=02369 misfit=3.458123e-01 best=3.457421e-01
[NA] iter=00038 eval=02370 misfit=3.468681e-01 best=3.457421e-01
[NA] iter=00038 eval=02371 misfit=3.475912e-01 best=3.457421e-01
[NA] iter=00038 eval=02372 misfit=3.469032e-01 best=3.457421e-01
[NA] iter=00038 eval=02373 misfit=3.457047e-01 best=3.457047e-01
[NA] iter=00038 eval=02374 misfit=3.466328e-01 best=3.457047e-01
[NA] iter=00038 eval=02375 misfit=3.463274e-01 best=3.457047e-01
[NA] iter=00038 eval=02376 misfit=3.469143e-01 best=3.457047e-01
[NA] iter=00038 eval=02377 misfit=3.460718e-01 best=3.457047e-01
[NA] iter=00038 eval=02378 misfit=3.468471e-01 best=3.457047e-01
[NA] iter=00038 eval=02379 misfit=3.458861e-01 best=3.457047e-01
[NA] iter=00038 eval=02380 misfit=3.460645e-01 best=3.457047e-01
[NA] iter=00038 eval=02381 misfit=3.465507e-01 best=3.457047e-01
[NA] iter=00038 eval=02382 misfit=3.459240e-01 best=3.457047e-01
[NA] iter=00038 eval=02383 misfit=3.469188e-01 best=3.457047e-01
[NA] iter=00038 eval=02384 misfit=3.468474e-01 best=3.457047e-01
[NA] iter=00038 eval=02385 misfit=3.460928e-01 best=3.457047e-01
[NA] iter=00038 eval=02386 misfit=3.464589e-01 best=3.457047e-01
[NA] iter=00038 eval=02387 misfit=3.460063e-01 best=3.457047e-01
[NA] iter=00038 eval=02388 misfit=3.464769e-01 best=3.457047e-01
[NA] iter=00038 eval=02389 misfit=3.464570e-01 best=3.457047e-01
[NA] iter=00038 eval=02390 misfit=3.461590e-01 best=3.457047e-01
[NA] iter=00038 eval=02391 misfit=3.468019e-01 best=3.457047e-01
[NA] iter=00038 eval=02392 misfit=3.459635e-01 best=3.457047e-01
[NA] iter=00038 eval=02393 misfit=3.468268e-01 best=3.457047e-01
[NA] iter=00038 eval=02394 misfit=3.459714e-01 best=3.457047e-01
[NA] iter=00038 eval=02395 misfit=3.462584e-01 best=3.457047e-01
[NA] iter=00038 eval=02396 misfit=3.461064e-01 best=3.457047e-01
[NA] iter=00038 eval=02397 misfit=3.460942e-01 best=3.457047e-01
[NA] iter=00038 eval=02398 misfit=3.464031e-01 best=3.457047e-01
[NA] iter=00038 eval=02399 misfit=3.470231e-01 best=3.457047e-01
[NA] iter=00038 eval=02400 misfit=3.463914e-01 best=3.457047e-01
NAI - Optimisation Loop:  76%|███████▌  | 38/50 [09:16<02:53, 14.45s/it][NA] iter=00039 eval=02401 misfit=3.462710e-01 best=3.457047e-01
[NA] iter=00039 eval=02402 misfit=3.462513e-01 best=3.457047e-01
[NA] iter=00039 eval=02403 misfit=3.467769e-01 best=3.457047e-01
[NA] iter=00039 eval=02404 misfit=3.468266e-01 best=3.457047e-01
[NA] iter=00039 eval=02405 misfit=3.461894e-01 best=3.457047e-01
[NA] iter=00039 eval=02406 misfit=3.469850e-01 best=3.457047e-01
[NA] iter=00039 eval=02407 misfit=3.464243e-01 best=3.457047e-01
[NA] iter=00039 eval=02408 misfit=3.462476e-01 best=3.457047e-01
[NA] iter=00039 eval=02409 misfit=3.469506e-01 best=3.457047e-01
[NA] iter=00039 eval=02410 misfit=3.457395e-01 best=3.457047e-01
[NA] iter=00039 eval=02411 misfit=3.457646e-01 best=3.457047e-01
[NA] iter=00039 eval=02412 misfit=3.457486e-01 best=3.457047e-01
[NA] iter=00039 eval=02413 misfit=3.457776e-01 best=3.457047e-01
[NA] iter=00039 eval=02414 misfit=3.461852e-01 best=3.457047e-01
[NA] iter=00039 eval=02415 misfit=3.463984e-01 best=3.457047e-01
[NA] iter=00039 eval=02416 misfit=3.457713e-01 best=3.457047e-01
[NA] iter=00039 eval=02417 misfit=3.468660e-01 best=3.457047e-01
[NA] iter=00039 eval=02418 misfit=3.468564e-01 best=3.457047e-01
[NA] iter=00039 eval=02419 misfit=3.457347e-01 best=3.457047e-01
[NA] iter=00039 eval=02420 misfit=3.457789e-01 best=3.457047e-01
[NA] iter=00039 eval=02421 misfit=3.457474e-01 best=3.457047e-01
[NA] iter=00039 eval=02422 misfit=3.458484e-01 best=3.457047e-01
[NA] iter=00039 eval=02423 misfit=3.464226e-01 best=3.457047e-01
[NA] iter=00039 eval=02424 misfit=3.457707e-01 best=3.457047e-01
[NA] iter=00039 eval=02425 misfit=3.461878e-01 best=3.457047e-01
[NA] iter=00039 eval=02426 misfit=3.464200e-01 best=3.457047e-01
[NA] iter=00039 eval=02427 misfit=3.464394e-01 best=3.457047e-01
[NA] iter=00039 eval=02428 misfit=3.469079e-01 best=3.457047e-01
[NA] iter=00039 eval=02429 misfit=3.464525e-01 best=3.457047e-01
[NA] iter=00039 eval=02430 misfit=3.457830e-01 best=3.457047e-01
[NA] iter=00039 eval=02431 misfit=3.457826e-01 best=3.457047e-01
[NA] iter=00039 eval=02432 misfit=3.457479e-01 best=3.457047e-01
[NA] iter=00039 eval=02433 misfit=3.464178e-01 best=3.457047e-01
[NA] iter=00039 eval=02434 misfit=3.457549e-01 best=3.457047e-01
[NA] iter=00039 eval=02435 misfit=3.468771e-01 best=3.457047e-01
[NA] iter=00039 eval=02436 misfit=3.468632e-01 best=3.457047e-01
[NA] iter=00039 eval=02437 misfit=3.457428e-01 best=3.457047e-01
[NA] iter=00039 eval=02438 misfit=3.468939e-01 best=3.457047e-01
[NA] iter=00039 eval=02439 misfit=3.468663e-01 best=3.457047e-01
[NA] iter=00039 eval=02440 misfit=3.468636e-01 best=3.457047e-01
[NA] iter=00039 eval=02441 misfit=3.464522e-01 best=3.457047e-01
[NA] iter=00039 eval=02442 misfit=3.457981e-01 best=3.457047e-01
[NA] iter=00039 eval=02443 misfit=3.457714e-01 best=3.457047e-01
[NA] iter=00039 eval=02444 misfit=3.457942e-01 best=3.457047e-01
[NA] iter=00039 eval=02445 misfit=3.457837e-01 best=3.457047e-01
[NA] iter=00039 eval=02446 misfit=3.470413e-01 best=3.457047e-01
[NA] iter=00039 eval=02447 misfit=3.469164e-01 best=3.457047e-01
[NA] iter=00039 eval=02448 misfit=3.469816e-01 best=3.457047e-01
[NA] iter=00039 eval=02449 misfit=3.470791e-01 best=3.457047e-01
[NA] iter=00039 eval=02450 misfit=3.469829e-01 best=3.457047e-01
NAI - Optimisation Loop:  78%|███████▊  | 39/50 [09:29<02:36, 14.20s/it][NA] iter=00040 eval=02451 misfit=3.463052e-01 best=3.457047e-01
[NA] iter=00040 eval=02452 misfit=3.466366e-01 best=3.457047e-01
[NA] iter=00040 eval=02453 misfit=3.467254e-01 best=3.457047e-01
[NA] iter=00040 eval=02454 misfit=3.457164e-01 best=3.457047e-01
[NA] iter=00040 eval=02455 misfit=3.466772e-01 best=3.457047e-01
[NA] iter=00040 eval=02456 misfit=3.463679e-01 best=3.457047e-01
[NA] iter=00040 eval=02457 misfit=3.457258e-01 best=3.457047e-01
[NA] iter=00040 eval=02458 misfit=3.457307e-01 best=3.457047e-01
[NA] iter=00040 eval=02459 misfit=3.457408e-01 best=3.457047e-01
[NA] iter=00040 eval=02460 misfit=3.463749e-01 best=3.457047e-01
[NA] iter=00040 eval=02461 misfit=3.458636e-01 best=3.457047e-01
[NA] iter=00040 eval=02462 misfit=3.469176e-01 best=3.457047e-01
[NA] iter=00040 eval=02463 misfit=3.463782e-01 best=3.457047e-01
[NA] iter=00040 eval=02464 misfit=3.457584e-01 best=3.457047e-01
[NA] iter=00040 eval=02465 misfit=3.468714e-01 best=3.457047e-01
[NA] iter=00040 eval=02466 misfit=3.461989e-01 best=3.457047e-01
[NA] iter=00040 eval=02467 misfit=3.464144e-01 best=3.457047e-01
[NA] iter=00040 eval=02468 misfit=3.462438e-01 best=3.457047e-01
[NA] iter=00040 eval=02469 misfit=3.468853e-01 best=3.457047e-01
[NA] iter=00040 eval=02470 misfit=3.457448e-01 best=3.457047e-01
[NA] iter=00040 eval=02471 misfit=3.457302e-01 best=3.457047e-01
[NA] iter=00040 eval=02472 misfit=3.457283e-01 best=3.457047e-01
[NA] iter=00040 eval=02473 misfit=3.463771e-01 best=3.457047e-01
[NA] iter=00040 eval=02474 misfit=3.468003e-01 best=3.457047e-01
[NA] iter=00040 eval=02475 misfit=3.458635e-01 best=3.457047e-01
[NA] iter=00040 eval=02476 misfit=3.457399e-01 best=3.457047e-01
[NA] iter=00040 eval=02477 misfit=3.457344e-01 best=3.457047e-01
[NA] iter=00040 eval=02478 misfit=3.464493e-01 best=3.457047e-01
[NA] iter=00040 eval=02479 misfit=3.468911e-01 best=3.457047e-01
[NA] iter=00040 eval=02480 misfit=3.457519e-01 best=3.457047e-01
[NA] iter=00040 eval=02481 misfit=3.457662e-01 best=3.457047e-01
[NA] iter=00040 eval=02482 misfit=3.457930e-01 best=3.457047e-01
[NA] iter=00040 eval=02483 misfit=3.457618e-01 best=3.457047e-01
[NA] iter=00040 eval=02484 misfit=3.468759e-01 best=3.457047e-01
[NA] iter=00040 eval=02485 misfit=3.457995e-01 best=3.457047e-01
[NA] iter=00040 eval=02486 misfit=3.457510e-01 best=3.457047e-01
[NA] iter=00040 eval=02487 misfit=3.457400e-01 best=3.457047e-01
[NA] iter=00040 eval=02488 misfit=3.464144e-01 best=3.457047e-01
[NA] iter=00040 eval=02489 misfit=3.457365e-01 best=3.457047e-01
[NA] iter=00040 eval=02490 misfit=3.464161e-01 best=3.457047e-01
[NA] iter=00040 eval=02491 misfit=3.457573e-01 best=3.457047e-01
[NA] iter=00040 eval=02492 misfit=3.458974e-01 best=3.457047e-01
[NA] iter=00040 eval=02493 misfit=3.461767e-01 best=3.457047e-01
[NA] iter=00040 eval=02494 misfit=3.457636e-01 best=3.457047e-01
[NA] iter=00040 eval=02495 misfit=3.457563e-01 best=3.457047e-01
[NA] iter=00040 eval=02496 misfit=3.457607e-01 best=3.457047e-01
[NA] iter=00040 eval=02497 misfit=3.457846e-01 best=3.457047e-01
[NA] iter=00040 eval=02498 misfit=3.457823e-01 best=3.457047e-01
[NA] iter=00040 eval=02499 misfit=3.457701e-01 best=3.457047e-01
[NA] iter=00040 eval=02500 misfit=3.457590e-01 best=3.457047e-01
NAI - Optimisation Loop:  80%|████████  | 40/50 [09:44<02:22, 14.29s/it][NA] iter=00041 eval=02501 misfit=3.457203e-01 best=3.457047e-01
[NA] iter=00041 eval=02502 misfit=3.462853e-01 best=3.457047e-01
[NA] iter=00041 eval=02503 misfit=3.457264e-01 best=3.457047e-01
[NA] iter=00041 eval=02504 misfit=3.462531e-01 best=3.457047e-01
[NA] iter=00041 eval=02505 misfit=3.462698e-01 best=3.457047e-01
[NA] iter=00041 eval=02506 misfit=3.458344e-01 best=3.457047e-01
[NA] iter=00041 eval=02507 misfit=3.457076e-01 best=3.457047e-01
[NA] iter=00041 eval=02508 misfit=3.462943e-01 best=3.457047e-01
[NA] iter=00041 eval=02509 misfit=3.467540e-01 best=3.457047e-01
[NA] iter=00041 eval=02510 misfit=3.462931e-01 best=3.457047e-01
[NA] iter=00041 eval=02511 misfit=3.457652e-01 best=3.457047e-01
[NA] iter=00041 eval=02512 misfit=3.463386e-01 best=3.457047e-01
[NA] iter=00041 eval=02513 misfit=3.463359e-01 best=3.457047e-01
[NA] iter=00041 eval=02514 misfit=3.457410e-01 best=3.457047e-01
[NA] iter=00041 eval=02515 misfit=3.457384e-01 best=3.457047e-01
[NA] iter=00041 eval=02516 misfit=3.463836e-01 best=3.457047e-01
[NA] iter=00041 eval=02517 misfit=3.463712e-01 best=3.457047e-01
[NA] iter=00041 eval=02518 misfit=3.463609e-01 best=3.457047e-01
[NA] iter=00041 eval=02519 misfit=3.464056e-01 best=3.457047e-01
[NA] iter=00041 eval=02520 misfit=3.457640e-01 best=3.457047e-01
[NA] iter=00041 eval=02521 misfit=3.457635e-01 best=3.457047e-01
[NA] iter=00041 eval=02522 misfit=3.457368e-01 best=3.457047e-01
[NA] iter=00041 eval=02523 misfit=3.457413e-01 best=3.457047e-01
[NA] iter=00041 eval=02524 misfit=3.463155e-01 best=3.457047e-01
[NA] iter=00041 eval=02525 misfit=3.457833e-01 best=3.457047e-01
[NA] iter=00041 eval=02526 misfit=3.457594e-01 best=3.457047e-01
[NA] iter=00041 eval=02527 misfit=3.457644e-01 best=3.457047e-01
[NA] iter=00041 eval=02528 misfit=3.457390e-01 best=3.457047e-01
[NA] iter=00041 eval=02529 misfit=3.457202e-01 best=3.457047e-01
[NA] iter=00041 eval=02530 misfit=3.457376e-01 best=3.457047e-01
[NA] iter=00041 eval=02531 misfit=3.464213e-01 best=3.457047e-01
[NA] iter=00041 eval=02532 misfit=3.468812e-01 best=3.457047e-01
[NA] iter=00041 eval=02533 misfit=3.457964e-01 best=3.457047e-01
[NA] iter=00041 eval=02534 misfit=3.464404e-01 best=3.457047e-01
[NA] iter=00041 eval=02535 misfit=3.464252e-01 best=3.457047e-01
[NA] iter=00041 eval=02536 misfit=3.457398e-01 best=3.457047e-01
[NA] iter=00041 eval=02537 misfit=3.457486e-01 best=3.457047e-01
[NA] iter=00041 eval=02538 misfit=3.457560e-01 best=3.457047e-01
[NA] iter=00041 eval=02539 misfit=3.463655e-01 best=3.457047e-01
[NA] iter=00041 eval=02540 misfit=3.457798e-01 best=3.457047e-01
[NA] iter=00041 eval=02541 misfit=3.457200e-01 best=3.457047e-01
[NA] iter=00041 eval=02542 misfit=3.463753e-01 best=3.457047e-01
[NA] iter=00041 eval=02543 misfit=3.457272e-01 best=3.457047e-01
[NA] iter=00041 eval=02544 misfit=3.463868e-01 best=3.457047e-01
[NA] iter=00041 eval=02545 misfit=3.463988e-01 best=3.457047e-01
[NA] iter=00041 eval=02546 misfit=3.468868e-01 best=3.457047e-01
[NA] iter=00041 eval=02547 misfit=3.457628e-01 best=3.457047e-01
[NA] iter=00041 eval=02548 misfit=3.478379e-01 best=3.457047e-01
[NA] iter=00041 eval=02549 misfit=3.462071e-01 best=3.457047e-01
[NA] iter=00041 eval=02550 misfit=3.463845e-01 best=3.457047e-01
NAI - Optimisation Loop:  82%|████████▏ | 41/50 [09:59<02:10, 14.54s/it][NA] iter=00042 eval=02551 misfit=3.466928e-01 best=3.457047e-01
[NA] iter=00042 eval=02552 misfit=3.466885e-01 best=3.457047e-01
[NA] iter=00042 eval=02553 misfit=3.456995e-01 best=3.456995e-01
[NA] iter=00042 eval=02554 misfit=3.457148e-01 best=3.456995e-01
[NA] iter=00042 eval=02555 misfit=3.462883e-01 best=3.456995e-01
[NA] iter=00042 eval=02556 misfit=3.462848e-01 best=3.456995e-01
[NA] iter=00042 eval=02557 misfit=3.462566e-01 best=3.456995e-01
[NA] iter=00042 eval=02558 misfit=3.462869e-01 best=3.456995e-01
[NA] iter=00042 eval=02559 misfit=3.462834e-01 best=3.456995e-01
[NA] iter=00042 eval=02560 misfit=3.457062e-01 best=3.456995e-01
[NA] iter=00042 eval=02561 misfit=3.463012e-01 best=3.456995e-01
[NA] iter=00042 eval=02562 misfit=3.457206e-01 best=3.456995e-01
[NA] iter=00042 eval=02563 misfit=3.467321e-01 best=3.456995e-01
[NA] iter=00042 eval=02564 misfit=3.466608e-01 best=3.456995e-01
[NA] iter=00042 eval=02565 misfit=3.457228e-01 best=3.456995e-01
[NA] iter=00042 eval=02566 misfit=3.458777e-01 best=3.456995e-01
[NA] iter=00042 eval=02567 misfit=3.468464e-01 best=3.456995e-01
[NA] iter=00042 eval=02568 misfit=3.468451e-01 best=3.456995e-01
[NA] iter=00042 eval=02569 misfit=3.461806e-01 best=3.456995e-01
[NA] iter=00042 eval=02570 misfit=3.458166e-01 best=3.456995e-01
[NA] iter=00042 eval=02571 misfit=3.458869e-01 best=3.456995e-01
[NA] iter=00042 eval=02572 misfit=3.463499e-01 best=3.456995e-01
[NA] iter=00042 eval=02573 misfit=3.463393e-01 best=3.456995e-01
[NA] iter=00042 eval=02574 misfit=3.457201e-01 best=3.456995e-01
[NA] iter=00042 eval=02575 misfit=3.458841e-01 best=3.456995e-01
[NA] iter=00042 eval=02576 misfit=3.466766e-01 best=3.456995e-01
[NA] iter=00042 eval=02577 misfit=3.462681e-01 best=3.456995e-01
[NA] iter=00042 eval=02578 misfit=3.457136e-01 best=3.456995e-01
[NA] iter=00042 eval=02579 misfit=3.461810e-01 best=3.456995e-01
[NA] iter=00042 eval=02580 misfit=3.457085e-01 best=3.456995e-01
[NA] iter=00042 eval=02581 misfit=3.463518e-01 best=3.456995e-01
[NA] iter=00042 eval=02582 misfit=3.457378e-01 best=3.456995e-01
[NA] iter=00042 eval=02583 misfit=3.457328e-01 best=3.456995e-01
[NA] iter=00042 eval=02584 misfit=3.463637e-01 best=3.456995e-01
[NA] iter=00042 eval=02585 misfit=3.457391e-01 best=3.456995e-01
[NA] iter=00042 eval=02586 misfit=3.467590e-01 best=3.456995e-01
[NA] iter=00042 eval=02587 misfit=3.467415e-01 best=3.456995e-01
[NA] iter=00042 eval=02588 misfit=3.467085e-01 best=3.456995e-01
[NA] iter=00042 eval=02589 misfit=3.467653e-01 best=3.456995e-01
[NA] iter=00042 eval=02590 misfit=3.475395e-01 best=3.456995e-01
[NA] iter=00042 eval=02591 misfit=3.464062e-01 best=3.456995e-01
[NA] iter=00042 eval=02592 misfit=3.457392e-01 best=3.456995e-01
[NA] iter=00042 eval=02593 misfit=3.463845e-01 best=3.456995e-01
[NA] iter=00042 eval=02594 misfit=3.457445e-01 best=3.456995e-01
[NA] iter=00042 eval=02595 misfit=3.464037e-01 best=3.456995e-01
[NA] iter=00042 eval=02596 misfit=3.457412e-01 best=3.456995e-01
[NA] iter=00042 eval=02597 misfit=3.463872e-01 best=3.456995e-01
[NA] iter=00042 eval=02598 misfit=3.463837e-01 best=3.456995e-01
[NA] iter=00042 eval=02599 misfit=3.457237e-01 best=3.456995e-01
[NA] iter=00042 eval=02600 misfit=3.463814e-01 best=3.456995e-01
NAI - Optimisation Loop:  84%|████████▍ | 42/50 [10:15<02:00, 15.07s/it][NA] iter=00043 eval=02601 misfit=3.466609e-01 best=3.456995e-01
[NA] iter=00043 eval=02602 misfit=3.462795e-01 best=3.456995e-01
[NA] iter=00043 eval=02603 misfit=3.462661e-01 best=3.456995e-01
[NA] iter=00043 eval=02604 misfit=3.462669e-01 best=3.456995e-01
[NA] iter=00043 eval=02605 misfit=3.466355e-01 best=3.456995e-01
[NA] iter=00043 eval=02606 misfit=3.457039e-01 best=3.456995e-01
[NA] iter=00043 eval=02607 misfit=3.456973e-01 best=3.456973e-01
[NA] iter=00043 eval=02608 misfit=3.466587e-01 best=3.456973e-01
[NA] iter=00043 eval=02609 misfit=3.462816e-01 best=3.456973e-01
[NA] iter=00043 eval=02610 misfit=3.466662e-01 best=3.456973e-01
[NA] iter=00043 eval=02611 misfit=3.457156e-01 best=3.456973e-01
[NA] iter=00043 eval=02612 misfit=3.462869e-01 best=3.456973e-01
[NA] iter=00043 eval=02613 misfit=3.466594e-01 best=3.456973e-01
[NA] iter=00043 eval=02614 misfit=3.462766e-01 best=3.456973e-01
[NA] iter=00043 eval=02615 misfit=3.462875e-01 best=3.456973e-01
[NA] iter=00043 eval=02616 misfit=3.462833e-01 best=3.456973e-01
[NA] iter=00043 eval=02617 misfit=3.463227e-01 best=3.456973e-01
[NA] iter=00043 eval=02618 misfit=3.462806e-01 best=3.456973e-01
[NA] iter=00043 eval=02619 misfit=3.463000e-01 best=3.456973e-01
[NA] iter=00043 eval=02620 misfit=3.457138e-01 best=3.456973e-01
[NA] iter=00043 eval=02621 misfit=3.458453e-01 best=3.456973e-01
[NA] iter=00043 eval=02622 misfit=3.463074e-01 best=3.456973e-01
[NA] iter=00043 eval=02623 misfit=3.468068e-01 best=3.456973e-01
[NA] iter=00043 eval=02624 misfit=3.467997e-01 best=3.456973e-01
[NA] iter=00043 eval=02625 misfit=3.463069e-01 best=3.456973e-01
[NA] iter=00043 eval=02626 misfit=3.457138e-01 best=3.456973e-01
[NA] iter=00043 eval=02627 misfit=3.466883e-01 best=3.456973e-01
[NA] iter=00043 eval=02628 misfit=3.467070e-01 best=3.456973e-01
[NA] iter=00043 eval=02629 misfit=3.458721e-01 best=3.456973e-01
[NA] iter=00043 eval=02630 misfit=3.458816e-01 best=3.456973e-01
[NA] iter=00043 eval=02631 misfit=3.462902e-01 best=3.456973e-01
[NA] iter=00043 eval=02632 misfit=3.466518e-01 best=3.456973e-01
[NA] iter=00043 eval=02633 misfit=3.466918e-01 best=3.456973e-01
[NA] iter=00043 eval=02634 misfit=3.457124e-01 best=3.456973e-01
[NA] iter=00043 eval=02635 misfit=3.458573e-01 best=3.456973e-01
[NA] iter=00043 eval=02636 misfit=3.466634e-01 best=3.456973e-01
[NA] iter=00043 eval=02637 misfit=3.467105e-01 best=3.456973e-01
[NA] iter=00043 eval=02638 misfit=3.457240e-01 best=3.456973e-01
[NA] iter=00043 eval=02639 misfit=3.466940e-01 best=3.456973e-01
[NA] iter=00043 eval=02640 misfit=3.466715e-01 best=3.456973e-01
[NA] iter=00043 eval=02641 misfit=3.461822e-01 best=3.456973e-01
[NA] iter=00043 eval=02642 misfit=3.457342e-01 best=3.456973e-01
[NA] iter=00043 eval=02643 misfit=3.457200e-01 best=3.456973e-01
[NA] iter=00043 eval=02644 misfit=3.457415e-01 best=3.456973e-01
[NA] iter=00043 eval=02645 misfit=3.458169e-01 best=3.456973e-01
[NA] iter=00043 eval=02646 misfit=3.457219e-01 best=3.456973e-01
[NA] iter=00043 eval=02647 misfit=3.457467e-01 best=3.456973e-01
[NA] iter=00043 eval=02648 misfit=3.457279e-01 best=3.456973e-01
[NA] iter=00043 eval=02649 misfit=3.457411e-01 best=3.456973e-01
[NA] iter=00043 eval=02650 misfit=3.457309e-01 best=3.456973e-01
NAI - Optimisation Loop:  86%|████████▌ | 43/50 [10:31<01:46, 15.15s/it][NA] iter=00044 eval=02651 misfit=3.458503e-01 best=3.456973e-01
[NA] iter=00044 eval=02652 misfit=3.457074e-01 best=3.456973e-01
[NA] iter=00044 eval=02653 misfit=3.456962e-01 best=3.456962e-01
[NA] iter=00044 eval=02654 misfit=3.458744e-01 best=3.456962e-01
[NA] iter=00044 eval=02655 misfit=3.467599e-01 best=3.456962e-01
[NA] iter=00044 eval=02656 misfit=3.466269e-01 best=3.456962e-01
[NA] iter=00044 eval=02657 misfit=3.462732e-01 best=3.456962e-01
[NA] iter=00044 eval=02658 misfit=3.462807e-01 best=3.456962e-01
[NA] iter=00044 eval=02659 misfit=3.462813e-01 best=3.456962e-01
[NA] iter=00044 eval=02660 misfit=3.462707e-01 best=3.456962e-01
[NA] iter=00044 eval=02661 misfit=3.457082e-01 best=3.456962e-01
[NA] iter=00044 eval=02662 misfit=3.457122e-01 best=3.456962e-01
[NA] iter=00044 eval=02663 misfit=3.462891e-01 best=3.456962e-01
[NA] iter=00044 eval=02664 misfit=3.462863e-01 best=3.456962e-01
[NA] iter=00044 eval=02665 misfit=3.462907e-01 best=3.456962e-01
[NA] iter=00044 eval=02666 misfit=3.462827e-01 best=3.456962e-01
[NA] iter=00044 eval=02667 misfit=3.457225e-01 best=3.456962e-01
[NA] iter=00044 eval=02668 misfit=3.462868e-01 best=3.456962e-01
[NA] iter=00044 eval=02669 misfit=3.462866e-01 best=3.456962e-01
[NA] iter=00044 eval=02670 misfit=3.462876e-01 best=3.456962e-01
[NA] iter=00044 eval=02671 misfit=3.457014e-01 best=3.456962e-01
[NA] iter=00044 eval=02672 misfit=3.457172e-01 best=3.456962e-01
[NA] iter=00044 eval=02673 misfit=3.466563e-01 best=3.456962e-01
[NA] iter=00044 eval=02674 misfit=3.456943e-01 best=3.456943e-01
[NA] iter=00044 eval=02675 misfit=3.457049e-01 best=3.456943e-01
[NA] iter=00044 eval=02676 misfit=3.462962e-01 best=3.456943e-01
[NA] iter=00044 eval=02677 misfit=3.467003e-01 best=3.456943e-01
[NA] iter=00044 eval=02678 misfit=3.466902e-01 best=3.456943e-01
[NA] iter=00044 eval=02679 misfit=3.466997e-01 best=3.456943e-01
[NA] iter=00044 eval=02680 misfit=3.462984e-01 best=3.456943e-01
[NA] iter=00044 eval=02681 misfit=3.457153e-01 best=3.456943e-01
[NA] iter=00044 eval=02682 misfit=3.458632e-01 best=3.456943e-01
[NA] iter=00044 eval=02683 misfit=3.458781e-01 best=3.456943e-01
[NA] iter=00044 eval=02684 misfit=3.462966e-01 best=3.456943e-01
[NA] iter=00044 eval=02685 misfit=3.467704e-01 best=3.456943e-01
[NA] iter=00044 eval=02686 misfit=3.458628e-01 best=3.456943e-01
[NA] iter=00044 eval=02687 misfit=3.466498e-01 best=3.456943e-01
[NA] iter=00044 eval=02688 misfit=3.458523e-01 best=3.456943e-01
[NA] iter=00044 eval=02689 misfit=3.457057e-01 best=3.456943e-01
[NA] iter=00044 eval=02690 misfit=3.466645e-01 best=3.456943e-01
[NA] iter=00044 eval=02691 misfit=3.466769e-01 best=3.456943e-01
[NA] iter=00044 eval=02692 misfit=3.458720e-01 best=3.456943e-01
[NA] iter=00044 eval=02693 misfit=3.457144e-01 best=3.456943e-01
[NA] iter=00044 eval=02694 misfit=3.457178e-01 best=3.456943e-01
[NA] iter=00044 eval=02695 misfit=3.457113e-01 best=3.456943e-01
[NA] iter=00044 eval=02696 misfit=3.457077e-01 best=3.456943e-01
[NA] iter=00044 eval=02697 misfit=3.462932e-01 best=3.456943e-01
[NA] iter=00044 eval=02698 misfit=3.462854e-01 best=3.456943e-01
[NA] iter=00044 eval=02699 misfit=3.462823e-01 best=3.456943e-01
[NA] iter=00044 eval=02700 misfit=3.457069e-01 best=3.456943e-01
NAI - Optimisation Loop:  88%|████████▊ | 44/50 [10:47<01:32, 15.44s/it][NA] iter=00045 eval=02701 misfit=3.462876e-01 best=3.456943e-01
[NA] iter=00045 eval=02702 misfit=3.456957e-01 best=3.456943e-01
[NA] iter=00045 eval=02703 misfit=3.456952e-01 best=3.456943e-01
[NA] iter=00045 eval=02704 misfit=3.457029e-01 best=3.456943e-01
[NA] iter=00045 eval=02705 misfit=3.457038e-01 best=3.456943e-01
[NA] iter=00045 eval=02706 misfit=3.457092e-01 best=3.456943e-01
[NA] iter=00045 eval=02707 misfit=3.462632e-01 best=3.456943e-01
[NA] iter=00045 eval=02708 misfit=3.456955e-01 best=3.456943e-01
[NA] iter=00045 eval=02709 misfit=3.457075e-01 best=3.456943e-01
[NA] iter=00045 eval=02710 misfit=3.457025e-01 best=3.456943e-01
[NA] iter=00045 eval=02711 misfit=3.456964e-01 best=3.456943e-01
[NA] iter=00045 eval=02712 misfit=3.457008e-01 best=3.456943e-01
[NA] iter=00045 eval=02713 misfit=3.456979e-01 best=3.456943e-01
[NA] iter=00045 eval=02714 misfit=3.456979e-01 best=3.456943e-01
[NA] iter=00045 eval=02715 misfit=3.462617e-01 best=3.456943e-01
[NA] iter=00045 eval=02716 misfit=3.457048e-01 best=3.456943e-01
[NA] iter=00045 eval=02717 misfit=3.466460e-01 best=3.456943e-01
[NA] iter=00045 eval=02718 misfit=3.457101e-01 best=3.456943e-01
[NA] iter=00045 eval=02719 misfit=3.457016e-01 best=3.456943e-01
[NA] iter=00045 eval=02720 misfit=3.457123e-01 best=3.456943e-01
[NA] iter=00045 eval=02721 misfit=3.457091e-01 best=3.456943e-01
[NA] iter=00045 eval=02722 misfit=3.462795e-01 best=3.456943e-01
[NA] iter=00045 eval=02723 misfit=3.457092e-01 best=3.456943e-01
[NA] iter=00045 eval=02724 misfit=3.457113e-01 best=3.456943e-01
[NA] iter=00045 eval=02725 misfit=3.462856e-01 best=3.456943e-01
[NA] iter=00045 eval=02726 misfit=3.457057e-01 best=3.456943e-01
[NA] iter=00045 eval=02727 misfit=3.462826e-01 best=3.456943e-01
[NA] iter=00045 eval=02728 misfit=3.462833e-01 best=3.456943e-01
[NA] iter=00045 eval=02729 misfit=3.457055e-01 best=3.456943e-01
[NA] iter=00045 eval=02730 misfit=3.457049e-01 best=3.456943e-01
[NA] iter=00045 eval=02731 misfit=3.466464e-01 best=3.456943e-01
[NA] iter=00045 eval=02732 misfit=3.462749e-01 best=3.456943e-01
[NA] iter=00045 eval=02733 misfit=3.457096e-01 best=3.456943e-01
[NA] iter=00045 eval=02734 misfit=3.457118e-01 best=3.456943e-01
[NA] iter=00045 eval=02735 misfit=3.462856e-01 best=3.456943e-01
[NA] iter=00045 eval=02736 misfit=3.456951e-01 best=3.456943e-01
[NA] iter=00045 eval=02737 misfit=3.457096e-01 best=3.456943e-01
[NA] iter=00045 eval=02738 misfit=3.462998e-01 best=3.456943e-01
[NA] iter=00045 eval=02739 misfit=3.457092e-01 best=3.456943e-01
[NA] iter=00045 eval=02740 misfit=3.462890e-01 best=3.456943e-01
[NA] iter=00045 eval=02741 misfit=3.457011e-01 best=3.456943e-01
[NA] iter=00045 eval=02742 misfit=3.456959e-01 best=3.456943e-01
[NA] iter=00045 eval=02743 misfit=3.456825e-01 best=3.456825e-01
[NA] iter=00045 eval=02744 misfit=3.457001e-01 best=3.456825e-01
[NA] iter=00045 eval=02745 misfit=3.457040e-01 best=3.456825e-01
[NA] iter=00045 eval=02746 misfit=3.457078e-01 best=3.456825e-01
[NA] iter=00045 eval=02747 misfit=3.456979e-01 best=3.456825e-01
[NA] iter=00045 eval=02748 misfit=3.456980e-01 best=3.456825e-01
[NA] iter=00045 eval=02749 misfit=3.457077e-01 best=3.456825e-01
[NA] iter=00045 eval=02750 misfit=3.457016e-01 best=3.456825e-01
NAI - Optimisation Loop:  90%|█████████ | 45/50 [11:03<01:18, 15.73s/it][NA] iter=00046 eval=02751 misfit=3.456916e-01 best=3.456825e-01
[NA] iter=00046 eval=02752 misfit=3.456939e-01 best=3.456825e-01
[NA] iter=00046 eval=02753 misfit=3.456870e-01 best=3.456825e-01
[NA] iter=00046 eval=02754 misfit=3.456951e-01 best=3.456825e-01
[NA] iter=00046 eval=02755 misfit=3.467580e-01 best=3.456825e-01
[NA] iter=00046 eval=02756 misfit=3.456907e-01 best=3.456825e-01
[NA] iter=00046 eval=02757 misfit=3.456904e-01 best=3.456825e-01
[NA] iter=00046 eval=02758 misfit=3.456914e-01 best=3.456825e-01
[NA] iter=00046 eval=02759 misfit=3.462805e-01 best=3.456825e-01
[NA] iter=00046 eval=02760 misfit=3.456946e-01 best=3.456825e-01
[NA] iter=00046 eval=02761 misfit=3.457083e-01 best=3.456825e-01
[NA] iter=00046 eval=02762 misfit=3.456918e-01 best=3.456825e-01
[NA] iter=00046 eval=02763 misfit=3.457048e-01 best=3.456825e-01
[NA] iter=00046 eval=02764 misfit=3.457035e-01 best=3.456825e-01
[NA] iter=00046 eval=02765 misfit=3.462928e-01 best=3.456825e-01
[NA] iter=00046 eval=02766 misfit=3.457071e-01 best=3.456825e-01
[NA] iter=00046 eval=02767 misfit=3.456931e-01 best=3.456825e-01
[NA] iter=00046 eval=02768 misfit=3.456963e-01 best=3.456825e-01
[NA] iter=00046 eval=02769 misfit=3.457027e-01 best=3.456825e-01
[NA] iter=00046 eval=02770 misfit=3.458507e-01 best=3.456825e-01
[NA] iter=00046 eval=02771 misfit=3.462719e-01 best=3.456825e-01
[NA] iter=00046 eval=02772 misfit=3.457035e-01 best=3.456825e-01
[NA] iter=00046 eval=02773 misfit=3.456876e-01 best=3.456825e-01
[NA] iter=00046 eval=02774 misfit=3.456958e-01 best=3.456825e-01
[NA] iter=00046 eval=02775 misfit=3.456899e-01 best=3.456825e-01
[NA] iter=00046 eval=02776 misfit=3.467727e-01 best=3.456825e-01
[NA] iter=00046 eval=02777 misfit=3.456939e-01 best=3.456825e-01
[NA] iter=00046 eval=02778 misfit=3.456990e-01 best=3.456825e-01
[NA] iter=00046 eval=02779 misfit=3.458414e-01 best=3.456825e-01
[NA] iter=00046 eval=02780 misfit=3.458422e-01 best=3.456825e-01
[NA] iter=00046 eval=02781 misfit=3.457064e-01 best=3.456825e-01
[NA] iter=00046 eval=02782 misfit=3.456986e-01 best=3.456825e-01
[NA] iter=00046 eval=02783 misfit=3.462818e-01 best=3.456825e-01
[NA] iter=00046 eval=02784 misfit=3.456986e-01 best=3.456825e-01
[NA] iter=00046 eval=02785 misfit=3.456951e-01 best=3.456825e-01
[NA] iter=00046 eval=02786 misfit=3.456970e-01 best=3.456825e-01
[NA] iter=00046 eval=02787 misfit=3.456942e-01 best=3.456825e-01
[NA] iter=00046 eval=02788 misfit=3.457042e-01 best=3.456825e-01
[NA] iter=00046 eval=02789 misfit=3.457052e-01 best=3.456825e-01
[NA] iter=00046 eval=02790 misfit=3.456923e-01 best=3.456825e-01
[NA] iter=00046 eval=02791 misfit=3.457003e-01 best=3.456825e-01
[NA] iter=00046 eval=02792 misfit=3.462795e-01 best=3.456825e-01
[NA] iter=00046 eval=02793 misfit=3.462775e-01 best=3.456825e-01
[NA] iter=00046 eval=02794 misfit=3.462809e-01 best=3.456825e-01
[NA] iter=00046 eval=02795 misfit=3.462799e-01 best=3.456825e-01
[NA] iter=00046 eval=02796 misfit=3.457081e-01 best=3.456825e-01
[NA] iter=00046 eval=02797 misfit=3.457063e-01 best=3.456825e-01
[NA] iter=00046 eval=02798 misfit=3.456968e-01 best=3.456825e-01
[NA] iter=00046 eval=02799 misfit=3.462802e-01 best=3.456825e-01
[NA] iter=00046 eval=02800 misfit=3.457042e-01 best=3.456825e-01
NAI - Optimisation Loop:  92%|█████████▏| 46/50 [11:19<01:03, 15.87s/it][NA] iter=00047 eval=02801 misfit=3.456861e-01 best=3.456825e-01
[NA] iter=00047 eval=02802 misfit=3.456879e-01 best=3.456825e-01
[NA] iter=00047 eval=02803 misfit=3.458324e-01 best=3.456825e-01
[NA] iter=00047 eval=02804 misfit=3.456869e-01 best=3.456825e-01
[NA] iter=00047 eval=02805 misfit=3.458297e-01 best=3.456825e-01
[NA] iter=00047 eval=02806 misfit=3.456881e-01 best=3.456825e-01
[NA] iter=00047 eval=02807 misfit=3.456885e-01 best=3.456825e-01
[NA] iter=00047 eval=02808 misfit=3.456932e-01 best=3.456825e-01
[NA] iter=00047 eval=02809 misfit=3.456902e-01 best=3.456825e-01
[NA] iter=00047 eval=02810 misfit=3.456965e-01 best=3.456825e-01
[NA] iter=00047 eval=02811 misfit=3.467691e-01 best=3.456825e-01
[NA] iter=00047 eval=02812 misfit=3.458483e-01 best=3.456825e-01
[NA] iter=00047 eval=02813 misfit=3.462650e-01 best=3.456825e-01
[NA] iter=00047 eval=02814 misfit=3.456884e-01 best=3.456825e-01
[NA] iter=00047 eval=02815 misfit=3.457050e-01 best=3.456825e-01
[NA] iter=00047 eval=02816 misfit=3.467653e-01 best=3.456825e-01
[NA] iter=00047 eval=02817 misfit=3.467597e-01 best=3.456825e-01
[NA] iter=00047 eval=02818 misfit=3.467513e-01 best=3.456825e-01
[NA] iter=00047 eval=02819 misfit=3.462703e-01 best=3.456825e-01
[NA] iter=00047 eval=02820 misfit=3.458718e-01 best=3.456825e-01
[NA] iter=00047 eval=02821 misfit=3.456868e-01 best=3.456825e-01
[NA] iter=00047 eval=02822 misfit=3.456890e-01 best=3.456825e-01
[NA] iter=00047 eval=02823 misfit=3.456888e-01 best=3.456825e-01
[NA] iter=00047 eval=02824 misfit=3.456940e-01 best=3.456825e-01
[NA] iter=00047 eval=02825 misfit=3.456932e-01 best=3.456825e-01
[NA] iter=00047 eval=02826 misfit=3.467780e-01 best=3.456825e-01
[NA] iter=00047 eval=02827 misfit=3.461724e-01 best=3.456825e-01
[NA] iter=00047 eval=02828 misfit=3.456858e-01 best=3.456825e-01
[NA] iter=00047 eval=02829 misfit=3.467806e-01 best=3.456825e-01
[NA] iter=00047 eval=02830 misfit=3.458411e-01 best=3.456825e-01
[NA] iter=00047 eval=02831 misfit=3.456936e-01 best=3.456825e-01
[NA] iter=00047 eval=02832 misfit=3.456903e-01 best=3.456825e-01
[NA] iter=00047 eval=02833 misfit=3.462742e-01 best=3.456825e-01
[NA] iter=00047 eval=02834 misfit=3.456906e-01 best=3.456825e-01
[NA] iter=00047 eval=02835 misfit=3.462776e-01 best=3.456825e-01
[NA] iter=00047 eval=02836 misfit=3.456839e-01 best=3.456825e-01
[NA] iter=00047 eval=02837 misfit=3.456916e-01 best=3.456825e-01
[NA] iter=00047 eval=02838 misfit=3.456836e-01 best=3.456825e-01
[NA] iter=00047 eval=02839 misfit=3.456956e-01 best=3.456825e-01
[NA] iter=00047 eval=02840 misfit=3.458395e-01 best=3.456825e-01
[NA] iter=00047 eval=02841 misfit=3.462945e-01 best=3.456825e-01
[NA] iter=00047 eval=02842 misfit=3.456905e-01 best=3.456825e-01
[NA] iter=00047 eval=02843 misfit=3.457014e-01 best=3.456825e-01
[NA] iter=00047 eval=02844 misfit=3.457008e-01 best=3.456825e-01
[NA] iter=00047 eval=02845 misfit=3.462920e-01 best=3.456825e-01
[NA] iter=00047 eval=02846 misfit=3.456976e-01 best=3.456825e-01
[NA] iter=00047 eval=02847 misfit=3.462560e-01 best=3.456825e-01
[NA] iter=00047 eval=02848 misfit=3.462603e-01 best=3.456825e-01
[NA] iter=00047 eval=02849 misfit=3.458675e-01 best=3.456825e-01
[NA] iter=00047 eval=02850 misfit=3.456986e-01 best=3.456825e-01
NAI - Optimisation Loop:  94%|█████████▍| 47/50 [11:35<00:47, 15.82s/it][NA] iter=00048 eval=02851 misfit=3.456884e-01 best=3.456825e-01
[NA] iter=00048 eval=02852 misfit=3.462744e-01 best=3.456825e-01
[NA] iter=00048 eval=02853 misfit=3.456834e-01 best=3.456825e-01
[NA] iter=00048 eval=02854 misfit=3.462763e-01 best=3.456825e-01
[NA] iter=00048 eval=02855 misfit=3.456928e-01 best=3.456825e-01
[NA] iter=00048 eval=02856 misfit=3.467706e-01 best=3.456825e-01
[NA] iter=00048 eval=02857 misfit=3.458596e-01 best=3.456825e-01
[NA] iter=00048 eval=02858 misfit=3.458639e-01 best=3.456825e-01
[NA] iter=00048 eval=02859 misfit=3.458623e-01 best=3.456825e-01
[NA] iter=00048 eval=02860 misfit=3.458664e-01 best=3.456825e-01
[NA] iter=00048 eval=02861 misfit=3.456913e-01 best=3.456825e-01
[NA] iter=00048 eval=02862 misfit=3.456811e-01 best=3.456811e-01
[NA] iter=00048 eval=02863 misfit=3.456863e-01 best=3.456811e-01
[NA] iter=00048 eval=02864 misfit=3.456864e-01 best=3.456811e-01
[NA] iter=00048 eval=02865 misfit=3.456817e-01 best=3.456811e-01
[NA] iter=00048 eval=02866 misfit=3.462844e-01 best=3.456811e-01
[NA] iter=00048 eval=02867 misfit=3.462871e-01 best=3.456811e-01
[NA] iter=00048 eval=02868 misfit=3.458355e-01 best=3.456811e-01
[NA] iter=00048 eval=02869 misfit=3.456873e-01 best=3.456811e-01
[NA] iter=00048 eval=02870 misfit=3.458392e-01 best=3.456811e-01
[NA] iter=00048 eval=02871 misfit=3.456820e-01 best=3.456811e-01
[NA] iter=00048 eval=02872 misfit=3.456818e-01 best=3.456811e-01
[NA] iter=00048 eval=02873 misfit=3.462696e-01 best=3.456811e-01
[NA] iter=00048 eval=02874 misfit=3.456873e-01 best=3.456811e-01
[NA] iter=00048 eval=02875 misfit=3.462760e-01 best=3.456811e-01
[NA] iter=00048 eval=02876 misfit=3.456850e-01 best=3.456811e-01
[NA] iter=00048 eval=02877 misfit=3.456857e-01 best=3.456811e-01
[NA] iter=00048 eval=02878 misfit=3.462755e-01 best=3.456811e-01
[NA] iter=00048 eval=02879 misfit=3.462727e-01 best=3.456811e-01
[NA] iter=00048 eval=02880 misfit=3.462855e-01 best=3.456811e-01
[NA] iter=00048 eval=02881 misfit=3.458347e-01 best=3.456811e-01
[NA] iter=00048 eval=02882 misfit=3.456896e-01 best=3.456811e-01
[NA] iter=00048 eval=02883 misfit=3.456863e-01 best=3.456811e-01
[NA] iter=00048 eval=02884 misfit=3.456874e-01 best=3.456811e-01
[NA] iter=00048 eval=02885 misfit=3.458636e-01 best=3.456811e-01
[NA] iter=00048 eval=02886 misfit=3.456859e-01 best=3.456811e-01
[NA] iter=00048 eval=02887 misfit=3.456814e-01 best=3.456811e-01
[NA] iter=00048 eval=02888 misfit=3.456899e-01 best=3.456811e-01
[NA] iter=00048 eval=02889 misfit=3.456978e-01 best=3.456811e-01
[NA] iter=00048 eval=02890 misfit=3.456979e-01 best=3.456811e-01
[NA] iter=00048 eval=02891 misfit=3.456874e-01 best=3.456811e-01
[NA] iter=00048 eval=02892 misfit=3.458535e-01 best=3.456811e-01
[NA] iter=00048 eval=02893 misfit=3.456987e-01 best=3.456811e-01
[NA] iter=00048 eval=02894 misfit=3.458539e-01 best=3.456811e-01
[NA] iter=00048 eval=02895 misfit=3.458498e-01 best=3.456811e-01
[NA] iter=00048 eval=02896 misfit=3.456945e-01 best=3.456811e-01
[NA] iter=00048 eval=02897 misfit=3.456869e-01 best=3.456811e-01
[NA] iter=00048 eval=02898 misfit=3.462776e-01 best=3.456811e-01
[NA] iter=00048 eval=02899 misfit=3.462841e-01 best=3.456811e-01
[NA] iter=00048 eval=02900 misfit=3.456879e-01 best=3.456811e-01
NAI - Optimisation Loop:  96%|█████████▌| 48/50 [11:51<00:31, 15.87s/it][NA] iter=00049 eval=02901 misfit=3.456805e-01 best=3.456805e-01
[NA] iter=00049 eval=02902 misfit=3.456773e-01 best=3.456773e-01
[NA] iter=00049 eval=02903 misfit=3.456811e-01 best=3.456773e-01
[NA] iter=00049 eval=02904 misfit=3.456825e-01 best=3.456773e-01
[NA] iter=00049 eval=02905 misfit=3.456823e-01 best=3.456773e-01
[NA] iter=00049 eval=02906 misfit=3.456879e-01 best=3.456773e-01
[NA] iter=00049 eval=02907 misfit=3.456872e-01 best=3.456773e-01
[NA] iter=00049 eval=02908 misfit=3.456825e-01 best=3.456773e-01
[NA] iter=00049 eval=02909 misfit=3.456866e-01 best=3.456773e-01
[NA] iter=00049 eval=02910 misfit=3.456860e-01 best=3.456773e-01
[NA] iter=00049 eval=02911 misfit=3.462766e-01 best=3.456773e-01
[NA] iter=00049 eval=02912 misfit=3.462776e-01 best=3.456773e-01
[NA] iter=00049 eval=02913 misfit=3.462735e-01 best=3.456773e-01
[NA] iter=00049 eval=02914 misfit=3.462858e-01 best=3.456773e-01
[NA] iter=00049 eval=02915 misfit=3.462744e-01 best=3.456773e-01
[NA] iter=00049 eval=02916 misfit=3.456857e-01 best=3.456773e-01
[NA] iter=00049 eval=02917 misfit=3.456873e-01 best=3.456773e-01
[NA] iter=00049 eval=02918 misfit=3.456837e-01 best=3.456773e-01
[NA] iter=00049 eval=02919 misfit=3.456938e-01 best=3.456773e-01
[NA] iter=00049 eval=02920 misfit=3.456810e-01 best=3.456773e-01
[NA] iter=00049 eval=02921 misfit=3.462809e-01 best=3.456773e-01
[NA] iter=00049 eval=02922 misfit=3.462709e-01 best=3.456773e-01
[NA] iter=00049 eval=02923 misfit=3.462826e-01 best=3.456773e-01
[NA] iter=00049 eval=02924 misfit=3.462672e-01 best=3.456773e-01
[NA] iter=00049 eval=02925 misfit=3.456817e-01 best=3.456773e-01
[NA] iter=00049 eval=02926 misfit=3.456913e-01 best=3.456773e-01
[NA] iter=00049 eval=02927 misfit=3.456872e-01 best=3.456773e-01
[NA] iter=00049 eval=02928 misfit=3.456883e-01 best=3.456773e-01
[NA] iter=00049 eval=02929 misfit=3.456796e-01 best=3.456773e-01
[NA] iter=00049 eval=02930 misfit=3.456883e-01 best=3.456773e-01
[NA] iter=00049 eval=02931 misfit=3.456847e-01 best=3.456773e-01
[NA] iter=00049 eval=02932 misfit=3.456866e-01 best=3.456773e-01
[NA] iter=00049 eval=02933 misfit=3.462773e-01 best=3.456773e-01
[NA] iter=00049 eval=02934 misfit=3.456847e-01 best=3.456773e-01
[NA] iter=00049 eval=02935 misfit=3.456898e-01 best=3.456773e-01
[NA] iter=00049 eval=02936 misfit=3.458365e-01 best=3.456773e-01
[NA] iter=00049 eval=02937 misfit=3.458279e-01 best=3.456773e-01
[NA] iter=00049 eval=02938 misfit=3.456830e-01 best=3.456773e-01
[NA] iter=00049 eval=02939 misfit=3.458353e-01 best=3.456773e-01
[NA] iter=00049 eval=02940 misfit=3.456853e-01 best=3.456773e-01
[NA] iter=00049 eval=02941 misfit=3.456914e-01 best=3.456773e-01
[NA] iter=00049 eval=02942 misfit=3.456961e-01 best=3.456773e-01
[NA] iter=00049 eval=02943 misfit=3.456902e-01 best=3.456773e-01
[NA] iter=00049 eval=02944 misfit=3.456894e-01 best=3.456773e-01
[NA] iter=00049 eval=02945 misfit=3.456907e-01 best=3.456773e-01
[NA] iter=00049 eval=02946 misfit=3.462832e-01 best=3.456773e-01
[NA] iter=00049 eval=02947 misfit=3.456877e-01 best=3.456773e-01
[NA] iter=00049 eval=02948 misfit=3.462773e-01 best=3.456773e-01
[NA] iter=00049 eval=02949 misfit=3.456835e-01 best=3.456773e-01
[NA] iter=00049 eval=02950 misfit=3.456872e-01 best=3.456773e-01
NAI - Optimisation Loop:  98%|█████████▊| 49/50 [12:07<00:15, 15.80s/it][NA] iter=00050 eval=02951 misfit=3.456818e-01 best=3.456773e-01
[NA] iter=00050 eval=02952 misfit=3.456843e-01 best=3.456773e-01
[NA] iter=00050 eval=02953 misfit=3.456811e-01 best=3.456773e-01
[NA] iter=00050 eval=02954 misfit=3.456833e-01 best=3.456773e-01
[NA] iter=00050 eval=02955 misfit=3.462695e-01 best=3.456773e-01
[NA] iter=00050 eval=02956 misfit=3.456815e-01 best=3.456773e-01
[NA] iter=00050 eval=02957 misfit=3.458330e-01 best=3.456773e-01
[NA] iter=00050 eval=02958 misfit=3.458331e-01 best=3.456773e-01
[NA] iter=00050 eval=02959 misfit=3.458330e-01 best=3.456773e-01
[NA] iter=00050 eval=02960 misfit=3.456800e-01 best=3.456773e-01
[NA] iter=00050 eval=02961 misfit=3.456781e-01 best=3.456773e-01
[NA] iter=00050 eval=02962 misfit=3.458339e-01 best=3.456773e-01
[NA] iter=00050 eval=02963 misfit=3.458243e-01 best=3.456773e-01
[NA] iter=00050 eval=02964 misfit=3.456831e-01 best=3.456773e-01
[NA] iter=00050 eval=02965 misfit=3.456804e-01 best=3.456773e-01
[NA] iter=00050 eval=02966 misfit=3.456815e-01 best=3.456773e-01
[NA] iter=00050 eval=02967 misfit=3.456831e-01 best=3.456773e-01
[NA] iter=00050 eval=02968 misfit=3.456794e-01 best=3.456773e-01
[NA] iter=00050 eval=02969 misfit=3.456817e-01 best=3.456773e-01
[NA] iter=00050 eval=02970 misfit=3.456813e-01 best=3.456773e-01
[NA] iter=00050 eval=02971 misfit=3.456816e-01 best=3.456773e-01
[NA] iter=00050 eval=02972 misfit=3.456825e-01 best=3.456773e-01
[NA] iter=00050 eval=02973 misfit=3.456826e-01 best=3.456773e-01
[NA] iter=00050 eval=02974 misfit=3.456825e-01 best=3.456773e-01
[NA] iter=00050 eval=02975 misfit=3.456819e-01 best=3.456773e-01
[NA] iter=00050 eval=02976 misfit=3.462687e-01 best=3.456773e-01
[NA] iter=00050 eval=02977 misfit=3.456874e-01 best=3.456773e-01
[NA] iter=00050 eval=02978 misfit=3.456801e-01 best=3.456773e-01
[NA] iter=00050 eval=02979 misfit=3.462790e-01 best=3.456773e-01
[NA] iter=00050 eval=02980 misfit=3.462718e-01 best=3.456773e-01
[NA] iter=00050 eval=02981 misfit=3.456879e-01 best=3.456773e-01
[NA] iter=00050 eval=02982 misfit=3.456874e-01 best=3.456773e-01
[NA] iter=00050 eval=02983 misfit=3.456833e-01 best=3.456773e-01
[NA] iter=00050 eval=02984 misfit=3.456874e-01 best=3.456773e-01
[NA] iter=00050 eval=02985 misfit=3.456840e-01 best=3.456773e-01
[NA] iter=00050 eval=02986 misfit=3.456860e-01 best=3.456773e-01
[NA] iter=00050 eval=02987 misfit=3.456910e-01 best=3.456773e-01
[NA] iter=00050 eval=02988 misfit=3.456842e-01 best=3.456773e-01
[NA] iter=00050 eval=02989 misfit=3.456890e-01 best=3.456773e-01
[NA] iter=00050 eval=02990 misfit=3.456838e-01 best=3.456773e-01
[NA] iter=00050 eval=02991 misfit=3.456820e-01 best=3.456773e-01
[NA] iter=00050 eval=02992 misfit=3.462742e-01 best=3.456773e-01
[NA] iter=00050 eval=02993 misfit=3.462743e-01 best=3.456773e-01
[NA] iter=00050 eval=02994 misfit=3.456866e-01 best=3.456773e-01
[NA] iter=00050 eval=02995 misfit=3.462752e-01 best=3.456773e-01
[NA] iter=00050 eval=02996 misfit=3.462813e-01 best=3.456773e-01
[NA] iter=00050 eval=02997 misfit=3.456835e-01 best=3.456773e-01
[NA] iter=00050 eval=02998 misfit=3.456863e-01 best=3.456773e-01
[NA] iter=00050 eval=02999 misfit=3.456817e-01 best=3.456773e-01
[NA] iter=00050 eval=03000 misfit=3.456873e-01 best=3.456773e-01
NAI - Optimisation Loop: 100%|██████████| 50/50 [12:23<00:00, 15.86s/it]NAI - Optimisation Loop: 100%|██████████| 50/50 [12:23<00:00, 14.86s/it]
│  [32m✓[0m Inversion terminada en 894.2 s

┌─[16:50:39 |  894.7s] Mejor solucion
│  ┌──────────────────────────────────────────────┐
│  │ a1 (km)                                8.3448 │
│  │ a2 (km)                                4.3651 │
│  │ theta (x pi)                           0.5647 │
│  │ np (frac)                              0.7461 │
│  │ tp (x 2pi)                             0.8263 │
│  │ dmax (m)                               3.3942 │
│  │ vr (km/s)                              4.4999 │
│  └──────────────────────────────────────────────┘
│  [32m✓[0m misfit minimo = 0.345677

┌─[16:50:39 |  894.7s] Guardando resultados
Inversion results saved to /home/alex/KDEllipsPy/inversions/2020-06-03/output/inversion_result.joblib
│  [32m✓[0m resultado     → /home/alex/KDEllipsPy/inversions/2020-06-03/output/inversion_result.joblib
│  [32m✓[0m figura        → /home/alex/KDEllipsPy/inversions/2020-06-03/output/na_results.png
│  [32m✓[0m figura        → /home/alex/KDEllipsPy/inversions/2020-06-03/output/parameter_convergence.png
│  [32m✓[0m figura        → /home/alex/KDEllipsPy/inversions/2020-06-03/output/waveform_fit.png
│  [32m✓[0m figura        → /home/alex/KDEllipsPy/inversions/2020-06-03/output/ellipse_fit.png
│  [32m✓[0m figura        → /home/alex/KDEllipsPy/inversions/2020-06-03/output/mapa_azimutal.png  (gap azimutal 106°)

┌─[16:50:43 |  898.3s] Desglose de misfit por estacion/componente
Desglose de misfit (ventana 20s (P->R,Z ; S->T)) — E = 0.345677
==============================================================================
Est   Cmp    %resid  aporte_E  mf_local  peso_obs
------------------------------------------------------------------------------
A05F  R        0.8%    0.0028     4.466      0.1%
A05F  T       21.4%    0.0740     0.292     25.3%
A05F  Z        0.3%    0.0012     0.979      0.1%
  -> A05F total               22.6% del residuo  (peso obs 25.5%)
------------------------------------------------------------------------------
PB06  R        0.1%    0.0004     0.799      0.1%
PB06  T       18.7%    0.0645     0.278     23.2%
PB06  Z        0.2%    0.0007     0.787      0.1%
  -> PB06 total               19.0% del residuo  (peso obs 23.4%)
------------------------------------------------------------------------------
A18F  R        0.1%    0.0005     0.280      0.2%
A18F  T       14.6%    0.0503     0.343     14.7%
A18F  Z        0.4%    0.0014     0.561      0.3%
  -> A18F total               15.1% del residuo  (peso obs 15.1%)
------------------------------------------------------------------------------
A22F  R        3.9%    0.0133     0.412      3.2%
A22F  T        3.7%    0.0129     0.944      1.4%
A22F  Z        5.1%    0.0175     0.336      5.2%
  -> A22F total               12.7% del residuo  (peso obs 9.8%)
------------------------------------------------------------------------------
A08F  R        3.6%    0.0124     0.525      2.4%
A08F  T        2.7%    0.0094     0.874      1.1%
A08F  Z        3.7%    0.0129     0.445      2.9%
  -> A08F total               10.0% del residuo  (peso obs 6.3%)
------------------------------------------------------------------------------
A06F  R        0.0%    0.0001     1.465      0.0%
A06F  T        9.4%    0.0326     0.289     11.3%
A06F  Z        0.1%    0.0002     1.446      0.0%
  -> A06F total                9.5% del residuo  (peso obs 11.3%)
------------------------------------------------------------------------------
PB19  R        1.5%    0.0053     0.755      0.7%
PB19  T        4.1%    0.0142     0.378      3.7%
PB19  Z        0.9%    0.0029     0.276      1.1%
  -> PB19 total                6.5% del residuo  (peso obs 5.5%)
------------------------------------------------------------------------------
A23F  R        0.5%    0.0016     0.397      0.4%
A23F  T        2.8%    0.0098     0.507      1.9%
A23F  Z        0.5%    0.0016     0.380      0.4%
  -> A23F total                3.7% del residuo  (peso obs 2.7%)
------------------------------------------------------------------------------
A09F  R        0.3%    0.0009     5.539      0.0%
A09F  T        0.3%    0.0010     0.564      0.2%
A09F  Z        0.3%    0.0011     1.287      0.1%
  -> A09F total                0.9% del residuo  (peso obs 0.3%)
------------------------------------------------------------------------------
Por componente:
  R:  10.8% del residuo   (peso obs  7.0%)
  T:  77.7% del residuo   (peso obs 82.8%)
  Z:  11.5% del residuo   (peso obs 10.2%)
│  [32m✓[0m desglose      → /home/alex/KDEllipsPy/inversions/2020-06-03/output/misfit_breakdown.txt

┌─[16:50:43 |  898.3s] Generando PDF con todos los plots (plot_yolo)
🎲 plot_yolo dashboard: 6 paneles → /home/alex/KDEllipsPy/inversions/2020-06-03/output/all_plots.pdf
│  [32m✓[0m PDF           → /home/alex/KDEllipsPy/inversions/2020-06-03/output/all_plots.pdf

╔══════════════════════════════════════════════════════════════════════╗
║ Inversion completada                                                 ║
║ tiempo total 1005.7s  ·  salida en /home/alex/KDEllipsPy/inversions/2020-06-03/output ║
╚══════════════════════════════════════════════════════════════════════╝
